SYMBOL,SERIES,DATE1,PREV_CLOSE,OPEN_PRICE,HIGH_PRICE,LOW_PRICE,CLOSE_PRICE,TTL_TRD_QNTY,TURNOVER_LACS,NO_OF_TRADES,DELIV_QTY,DELIV_PER,DATE
1018GS2026,GS,03-Aug-2026,104.0,104.45,104.45,104.45,104.45,22,0.02,6,22.0,100.0,2026-08-03
20MICRONS,EQ,03-Aug-2026,192.46,193.03,199.8,192.5,196.03,173167,341.29,3859,75484.0,43.59,2026-08-03
21STCENMGM,EQ,03-Aug-2026,40.17,40.17,40.97,39.94,40.97,4003,1.64,55,4003.0,100.0,2026-08-03
360ONE,EQ,03-Aug-2026,1135.3,1153.6,1158.5,1136.6,1147.8,366010,4209.03,18019,142911.0,39.05,2026-08-03
3BBLACKBIO,EQ,03-Aug-2026,1247.1,1247.1,1282.0,1231.2,1248.1,4007,50.47,472,2128.0,53.11,2026-08-03
3IINFOLTD,EQ,03-Aug-2026,23.21,23.41,25.05,23.4,24.39,3449586,840.02,8011,1472318.0,42.68,2026-08-03
3MINDIA,EQ,03-Aug-2026,34615.0,35170.0,36660.0,35020.0,35955.0,6489,2325.37,3365,2420.0,37.29,2026-08-03
3PLAND,EQ,03-Aug-2026,31.7,33.0,33.0,31.45,31.63,2931,0.93,95,2439.0,83.21,2026-08-03
574GS2026,GS,03-Aug-2026,101.17,101.45,101.45,101.45,101.45,4,0.0,1,4.0,100.0,2026-08-03
579GS2030,GS,03-Aug-2026,96.5,97.2,97.2,97.2,97.2,1,0.0,1,1.0,100.0,2026-08-03
591GS2028,GS,03-Aug-2026,98.33,98.34,99.0,98.34,98.45,22300,21.98,16,22100.0,99.1,2026-08-03
5PAISA,EQ,03-Aug-2026,348.6,353.75,356.2,350.4,353.25,16751,59.29,834,10458.0,62.43,2026-08-03
601GS2030,GS,03-Aug-2026,99.5,99.5,99.5,99.5,99.5,1,0.0,1,1.0,100.0,2026-08-03
613GS2028,GS,03-Aug-2026,99.8,99.4,99.4,99.4,99.4,2,0.0,1,2.0,100.0,2026-08-03
622GS2035,GS,03-Aug-2026,98.55,98.85,98.85,98.85,98.85,3700,3.66,1,3700.0,100.0,2026-08-03
628GS2032,GS,03-Aug-2026,97.5,98.65,98.65,98.65,98.65,190,0.19,1,190.0,100.0,2026-08-03
636GS2031,GS,03-Aug-2026,102.3,102.2,102.2,102.2,102.2,100,0.1,2,100.0,100.0,2026-08-03
63MOONS,EQ,03-Aug-2026,931.4,941.25,957.95,882.0,897.05,2873773,26658.57,73300,397812.0,13.84,2026-08-03
654GS2032,GS,03-Aug-2026,99.5,99.25,100.0,99.0,99.75,317500,314.59,10,317500.0,100.0,2026-08-03
662GS2051,GS,03-Aug-2026,91.99,90.46,90.46,90.46,90.46,3,0.0,1,3.0,100.0,2026-08-03
667GS2050,GS,03-Aug-2026,93.5,91.0,93.5,91.0,93.1,1747,1.63,12,1696.0,97.08,2026-08-03
668GS2033,GS,03-Aug-2026,103.0,103.0,103.0,103.0,103.0,2,0.0,2,2.0,100.0,2026-08-03
668GS2040,GS,03-Aug-2026,98.19,98.19,98.19,98.1,98.1,568,0.56,10,568.0,100.0,2026-08-03
676GS2061,GS,03-Aug-2026,93.25,93.5,93.5,92.76,93.31,38452,35.89,27,29450.0,76.59,2026-08-03
679GS2034,GS,03-Aug-2026,101.5,101.5,101.5,101.5,101.5,100,0.1,1,100.0,100.0,2026-08-03
690GS2065,GS,03-Aug-2026,93.96,94.3,94.3,93.5,93.81,3517,3.29,13,3500.0,99.52,2026-08-03
692GS2039,GS,03-Aug-2026,101.0,98.0,99.25,98.0,99.25,200,0.2,2,100.0,50.0,2026-08-03
694GS2036,GS,03-Aug-2026,102.01,106.0,106.0,106.0,106.0,1,0.0,1,1.0,100.0,2026-08-03
695GS2061,GS,03-Aug-2026,94.0,94.0,94.0,93.01,93.01,1006,0.95,6,1006.0,100.0,2026-08-03
697GR2034,GS,03-Aug-2026,101.0,103.5,103.5,102.42,102.5,2501,2.58,7,2501.0,100.0,2026-08-03
699GS2051,GS,03-Aug-2026,97.49,95.0,97.46,95.0,97.46,12,0.01,2,12.0,100.0,2026-08-03
702GS2027,GS,03-Aug-2026,102.98,102.2,102.2,100.83,100.83,201,0.21,4,200.0,99.5,2026-08-03
702GS2031,GS,03-Aug-2026,102.8,101.0,101.0,101.0,101.0,40,0.04,3,40.0,100.0,2026-08-03
706GS2028,GS,03-Aug-2026,103.0,102.76,102.76,102.76,102.76,17,0.02,1,17.0,100.0,2026-08-03
706GS2041,GS,03-Aug-2026,100.25,99.25,99.41,99.25,99.41,475,0.47,5,250.0,52.63,2026-08-03
709GS2054,GS,03-Aug-2026,99.09,99.99,99.99,99.02,99.87,21392,21.2,16,21391.0,100.0,2026-08-03
709GS2074,GS,03-Aug-2026,95.43,95.7,95.7,95.37,95.39,49036,46.78,41,48035.0,97.96,2026-08-03
710GS2029,GS,03-Aug-2026,103.4,103.4,103.4,103.4,103.4,1909,1.97,21,1909.0,100.0,2026-08-03
717GS2030,GS,03-Aug-2026,104.0,103.5,103.5,103.5,103.5,2700,2.79,2,2700.0,100.0,2026-08-03
718GS2033,GS,03-Aug-2026,105.5,105.5,105.5,105.5,105.5,1225,1.29,1,1225.0,100.0,2026-08-03
718GS2037,GS,03-Aug-2026,102.19,102.2,102.55,101.5,102.22,133171,135.93,21,131849.0,99.01,2026-08-03
719GS2060,GS,03-Aug-2026,97.51,101.9,101.9,101.9,101.9,30,0.03,2,30.0,100.0,2026-08-03
71GS2034,GS,03-Aug-2026,103.2,104.0,104.0,103.32,103.32,5800,6.01,7,4100.0,70.69,2026-08-03
723GS2039,GS,03-Aug-2026,104.4,104.5,104.55,104.5,104.55,200000,209.05,2,200000.0,100.0,2026-08-03
724GS2055,GS,03-Aug-2026,101.0,101.39,101.4,101.0,101.39,12826,13.0,16,12609.0,98.31,2026-08-03
725GS2063,GS,03-Aug-2026,97.7,98.0,98.0,97.55,97.63,1265659,1235.72,775,1260862.0,99.62,2026-08-03
726GS2032,GS,03-Aug-2026,106.23,105.5,107.0,105.5,107.0,9012,9.52,5,7012.0,77.81,2026-08-03
726GS2033,GS,03-Aug-2026,106.0,105.11,105.9,105.11,105.9,1281,1.36,4,1181.0,92.19,2026-08-03
732GS2030,GS,03-Aug-2026,103.06,103.0,103.0,103.0,103.0,100,0.1,1,100.0,100.0,2026-08-03
733GS2026,GS,03-Aug-2026,101.8,100.78,101.63,100.78,101.6,820,0.83,8,720.0,87.8,2026-08-03
734GS2064,GS,03-Aug-2026,99.6,99.9,99.9,99.2,99.48,52249,52.0,37,51249.0,98.09,2026-08-03
736GS2052,GS,03-Aug-2026,102.99,103.45,103.45,103.45,103.45,525,0.54,1,525.0,100.0,2026-08-03
737GS2028,GS,03-Aug-2026,104.0,104.0,104.01,104.0,104.0,2400,2.5,5,2400.0,100.0,2026-08-03
738GS2027,GS,03-Aug-2026,102.2,101.18,102.2,101.18,102.01,68415,69.8,107,68413.0,100.0,2026-08-03
73GS2053,GS,03-Aug-2026,99.76,99.81,100.0,99.81,99.81,7346,7.33,8,7346.0,100.0,2026-08-03
740IIFCL33,N1,03-Aug-2026,1145.2,1150.06,1150.06,1150.06,1150.06,120,1.38,1,120.0,100.0,2026-08-03
741GS2036,GS,03-Aug-2026,104.85,104.85,104.87,104.85,104.85,13747,14.41,7,13747.0,100.0,2026-08-03
743GS2076,GS,03-Aug-2026,99.51,99.5,99.95,99.49,99.5,87080,86.67,94,82374.0,94.6,2026-08-03
746GS2073,GS,03-Aug-2026,100.7,101.0,101.0,100.42,100.5,2601,2.61,8,2601.0,100.0,2026-08-03
750GS2056,GS,03-Aug-2026,100.6,100.6,100.6,100.6,100.6,98,0.1,1,98.0,100.0,2026-08-03
754GS2036,GS,03-Aug-2026,106.51,106.99,106.99,106.11,106.68,352719,376.12,145,349968.0,99.22,2026-08-03
771GS2066,GS,03-Aug-2026,105.46,104.0,105.5,103.8,104.99,12711,13.34,17,12311.0,96.85,2026-08-03
824GS2027,GS,03-Aug-2026,105.95,105.1,105.1,105.1,105.1,3000,3.15,3,3000.0,100.0,2026-08-03
826GS2027,GS,03-Aug-2026,101.7,101.68,101.68,101.68,101.68,3,0.0,2,3.0,100.0,2026-08-03
83GS2042,GS,03-Aug-2026,109.68,104.51,105.1,104.51,105.1,400,0.42,2,200.0,50.0,2026-08-03
897GS2030,GS,03-Aug-2026,111.0,111.0,111.0,111.0,111.0,4000,4.44,20,4000.0,100.0,2026-08-03
92GS2030,GS,03-Aug-2026,114.84,115.0,115.0,113.99,113.99,5227,5.99,8,3130.0,59.88,2026-08-03
A2ZINFRA,EQ,03-Aug-2026,15.55,15.76,17.1,15.76,17.1,1605294,269.05,1930,1144159.0,71.27,2026-08-03
AAATECH,EQ,03-Aug-2026,89.38,89.38,91.45,88.0,90.6,16635,14.98,837,7091.0,42.63,2026-08-03
AADHARHFC,EQ,03-Aug-2026,496.7,502.05,515.95,490.4,504.15,656790,3292.43,25125,299727.0,45.64,2026-08-03
AAKAAR,SM,03-Aug-2026,68.0,66.0,66.0,65.4,66.0,4800,3.16,3,4800.0,100.0,2026-08-03
AAKASH,EQ,03-Aug-2026,8.95,9.13,9.13,8.85,8.98,77021,6.93,313,51073.0,66.31,2026-08-03
AARADHYA,SM,03-Aug-2026,75.0,75.2,75.2,73.6,73.6,6000,4.48,5,4800.0,80.0,2026-08-03
AAREYDRUGS,BE,03-Aug-2026,77.86,80.47,81.75,77.5,81.53,59350,47.76,295,,,2026-08-03
AARNAV,EQ,03-Aug-2026,31.36,31.73,31.73,30.25,30.44,37253,11.4,351,21421.0,57.5,2026-08-03
AARON,EQ,03-Aug-2026,135.81,133.5,136.75,130.0,131.6,21709,28.85,780,11131.0,51.27,2026-08-03
AARTECH,BE,03-Aug-2026,46.44,46.44,48.5,46.01,46.96,19078,8.96,130,,,2026-08-03
AARTIDRUGS,EQ,03-Aug-2026,422.75,424.0,424.0,405.0,407.25,383239,1585.66,12168,164934.0,43.04,2026-08-03
AARTIIND,EQ,03-Aug-2026,489.1,486.35,492.55,482.0,486.8,805775,3933.78,18506,278100.0,34.51,2026-08-03
AARTIPHARM,EQ,03-Aug-2026,667.15,670.8,693.0,670.65,675.8,86652,587.47,8103,40412.0,46.64,2026-08-03
AARTISURF,EQ,03-Aug-2026,400.85,470.0,481.0,455.25,481.0,103704,489.49,1711,69771.0,67.28,2026-08-03
AARVI,EQ,03-Aug-2026,156.7,153.0,158.28,153.0,155.21,36090,56.11,1364,15081.0,41.79,2026-08-03
AASTHA,EQ,03-Aug-2026,76.25,76.6,77.4,76.0,76.12,1564318,1192.1,3331,472523.0,30.21,2026-08-03
AATMAJ,SM,03-Aug-2026,18.5,18.15,18.15,18.15,18.15,2000,0.36,1,2000.0,100.0,2026-08-03
AAVAS,EQ,03-Aug-2026,1359.8,1359.8,1453.2,1359.8,1439.0,142280,2035.6,18278,62118.0,43.66,2026-08-03
ABAN,BE,03-Aug-2026,15.79,16.57,16.57,16.57,16.57,54545,9.04,176,,,2026-08-03
ABANSENT,BE,03-Aug-2026,26.79,25.72,26.45,25.7,25.95,11572,2.99,93,,,2026-08-03
ABB,EQ,03-Aug-2026,7284.5,7243.5,7657.0,7243.0,7601.0,1207164,90019.32,97429,511367.0,42.36,2026-08-03
ABBOTINDIA,EQ,03-Aug-2026,27800.0,27950.0,28045.0,27680.0,27895.0,9455,2637.79,4124,4618.0,48.84,2026-08-03
ABCAPITAL,EQ,03-Aug-2026,404.3,410.0,430.7,410.0,424.35,14133770,59894.43,136186,3624486.0,25.64,2026-08-03
ABCOTS,EQ,03-Aug-2026,198.85,199.05,202.9,198.6,200.91,4106,8.26,241,2805.0,68.31,2026-08-03
ABDL,EQ,03-Aug-2026,619.5,619.5,630.0,616.0,619.55,159051,990.2,7748,71687.0,45.07,2026-08-03
ABFRL,EQ,03-Aug-2026,60.24,60.69,62.95,60.15,62.41,10947431,6788.3,49225,5809152.0,53.06,2026-08-03
ABGSEC,EQ,03-Aug-2026,114.01,113.67,114.98,113.33,113.63,182,0.21,18,112.0,61.54,2026-08-03
ABINFRA,EQ,03-Aug-2026,10.05,10.18,10.2,10.0,10.06,195761,19.81,462,86213.0,44.04,2026-08-03
ABLBL,EQ,03-Aug-2026,94.67,95.4,96.17,93.85,95.91,1330639,1269.94,11672,622955.0,46.82,2026-08-03
ABMINTLLTD,EQ,03-Aug-2026,43.71,45.0,45.0,42.0,42.51,1513,0.64,9,1013.0,66.95,2026-08-03
ABMKNO,EQ,03-Aug-2026,190.05,197.0,201.92,188.0,198.99,492,0.99,35,457.0,92.89,2026-08-03
ABREL,EQ,03-Aug-2026,1418.1,1446.9,1449.5,1415.1,1432.1,98610,1410.95,8670,47164.0,47.83,2026-08-03
ABSL10BANK,EQ,03-Aug-2026,170.3,170.3,179.98,170.3,171.95,21450,36.86,207,20330.0,94.78,2026-08-03
ABSLAMC,EQ,03-Aug-2026,1011.8,1026.3,1027.8,1000.0,1017.8,292827,2984.17,18720,206125.0,70.39,2026-08-03
ABSLBANETF,EQ,03-Aug-2026,58.6,59.77,59.77,58.6,59.14,30836,18.25,374,25996.0,84.3,2026-08-03
ABSLLIQUID,EQ,03-Aug-2026,1000.0,1000.01,1000.01,999.99,1000.0,6730,67.3,33,5364.0,79.7,2026-08-03
ABSLMSCIN,EQ,03-Aug-2026,29.87,30.1,30.18,29.55,29.79,1644,0.5,13,1590.0,96.72,2026-08-03
ABSLNN50ET,EQ,03-Aug-2026,77.4,77.98,78.95,77.02,78.07,29937,23.38,390,22215.0,74.21,2026-08-03
ABSLPSE,EQ,03-Aug-2026,10.34,10.4,10.4,10.32,10.36,260079,26.93,487,182864.0,70.31,2026-08-03
ABSMARINE,ST,03-Aug-2026,220.55,219.45,219.45,213.05,216.8,56500,121.86,102,51500.0,91.15,2026-08-03
ACC,EQ,03-Aug-2026,1357.4,1374.0,1400.9,1360.0,1398.0,427582,5940.46,23775,163784.0,38.3,2026-08-03
ACCELYA,EQ,03-Aug-2026,1142.6,1160.0,1160.0,1135.5,1141.9,4889,55.94,896,3226.0,65.98,2026-08-03
ACCENTMIC,SM,03-Aug-2026,508.1,509.0,514.85,492.05,508.0,64500,325.32,111,36000.0,55.81,2026-08-03
ACCPL,ST,03-Aug-2026,169.9,171.0,178.0,165.45,172.0,38400,67.07,27,36000.0,93.75,2026-08-03
ACCURACY,BE,03-Aug-2026,4.8,4.8,4.86,4.75,4.8,30080,1.45,171,,,2026-08-03
ACE,EQ,03-Aug-2026,1070.3,1072.0,1114.8,1071.4,1105.4,853582,9365.19,34111,396984.0,46.51,2026-08-03
ACEINTEG,EQ,03-Aug-2026,19.04,19.85,19.85,18.81,19.37,5575,1.07,80,3738.0,67.05,2026-08-03
ACETEC,SM,03-Aug-2026,134.0,140.95,140.95,140.95,140.95,1200,1.69,1,1200.0,100.0,2026-08-03
ACI,EQ,03-Aug-2026,525.65,528.0,543.1,522.6,535.6,407906,2182.49,16755,241146.0,59.12,2026-08-03
ACL,EQ,03-Aug-2026,47.63,48.85,48.85,47.16,47.72,11075,5.3,195,8439.0,76.2,2026-08-03
ACMESOLAR,EQ,03-Aug-2026,362.6,364.7,376.35,362.6,371.1,3058650,11336.73,58098,1639387.0,53.6,2026-08-03
ACSTECH,EQ,03-Aug-2026,39.97,39.8,41.4,39.8,40.21,143511,58.46,436,101688.0,70.86,2026-08-03
ACUTAAS,EQ,03-Aug-2026,3104.9,3100.0,3150.7,3025.0,3116.4,479397,14882.17,60422,244868.0,51.08,2026-08-03
ADANIENSOL,EQ,03-Aug-2026,1645.4,1654.3,1676.0,1635.8,1647.0,1135101,18760.1,38730,378230.0,33.32,2026-08-03
ADANIENT,EQ,03-Aug-2026,3009.5,3025.0,3077.0,3024.5,3068.0,891429,27267.39,43917,332315.0,37.28,2026-08-03
ADANIGREEN,EQ,03-Aug-2026,1383.0,1390.0,1427.0,1386.6,1395.0,3037528,42766.93,62114,1120736.0,36.9,2026-08-03
ADANIPORTS,EQ,03-Aug-2026,1696.5,1713.4,1715.9,1692.8,1701.0,1664693,28371.69,72450,824171.0,49.51,2026-08-03
ADANIPOWER,EQ,03-Aug-2026,211.31,211.8,215.11,211.15,213.65,13859607,29521.31,81285,4644244.0,33.51,2026-08-03
ADDICTIVE,SM,03-Aug-2026,39.95,40.7,41.9,40.05,41.8,35500,14.83,35,33500.0,94.37,2026-08-03
ADFFOODS,EQ,03-Aug-2026,270.95,272.95,279.9,270.95,273.75,117969,323.72,4829,52159.0,44.21,2026-08-03
ADISOFT,SM,03-Aug-2026,174.25,175.25,178.9,175.2,177.7,16000,28.3,20,9600.0,60.0,2026-08-03
ADL,EQ,03-Aug-2026,71.33,72.0,82.85,69.52,78.97,2531,1.92,35,1902.0,75.15,2026-08-03
ADOR,EQ,03-Aug-2026,1444.7,1480.0,1508.8,1474.1,1503.3,60045,897.37,5846,38237.0,63.68,2026-08-03
ADROITINFO,EQ,03-Aug-2026,10.01,9.99,10.99,9.73,9.87,74649,7.5,257,60027.0,80.41,2026-08-03
ADSL,EQ,03-Aug-2026,114.64,120.0,120.0,115.53,116.94,121064,141.66,2005,71623.0,59.16,2026-08-03
ADVAIT,EQ,03-Aug-2026,2310.6,2340.0,2418.0,2315.0,2359.2,56187,1336.61,6490,33708.0,59.99,2026-08-03
ADVANCE,EQ,03-Aug-2026,125.01,126.26,129.0,122.3,124.56,539029,684.16,4261,306281.0,56.82,2026-08-03
ADVANIHOTR,EQ,03-Aug-2026,51.06,51.13,52.0,51.13,51.56,9794,5.07,279,7147.0,72.97,2026-08-03
ADVENTHTL,EQ,03-Aug-2026,147.67,148.1,149.75,146.82,147.88,91892,136.04,1662,49627.0,54.01,2026-08-03
ADVENZYMES,EQ,03-Aug-2026,315.1,334.0,343.0,318.6,323.75,1793899,5904.34,33909,481765.0,26.86,2026-08-03
AEGISLOG,EQ,03-Aug-2026,1280.8,1286.5,1400.0,1282.1,1388.3,2444861,33303.57,85673,767689.0,31.4,2026-08-03
AEGISVOPAK,EQ,03-Aug-2026,290.16,293.0,306.4,292.6,301.8,2083398,6291.36,38458,820177.0,39.37,2026-08-03
AEPL,EQ,03-Aug-2026,14.38,14.21,14.57,14.21,14.32,12960,1.85,108,12420.0,95.83,2026-08-03
AEQUS,EQ,03-Aug-2026,229.16,229.7,240.68,228.2,233.66,4222534,9957.68,39143,1719339.0,40.72,2026-08-03
AEROENTER,EQ,03-Aug-2026,119.43,121.22,124.0,120.81,123.3,220022,270.75,3118,114227.0,51.92,2026-08-03
AEROFLEX,EQ,03-Aug-2026,435.45,435.7,439.75,428.1,431.4,607121,2635.34,12783,273621.0,45.07,2026-08-03
AERON,SM,03-Aug-2026,77.0,78.55,78.8,76.8,78.8,9000,7.03,8,9000.0,100.0,2026-08-03
AERONEU,EQ,03-Aug-2026,86.0,86.0,89.8,86.0,87.73,64813,56.85,1719,9871.0,15.23,2026-08-03
AEROPLANE,EQ,03-Aug-2026,200.34,204.9,206.9,198.0,198.62,587646,1193.23,6248,378691.0,64.44,2026-08-03
AETHER,EQ,03-Aug-2026,1539.6,1561.0,1574.9,1492.7,1509.5,557752,8493.03,37869,257074.0,46.09,2026-08-03
AFCONS,EQ,03-Aug-2026,271.15,271.15,282.05,271.15,275.95,1309257,3620.37,24059,600571.0,45.87,2026-08-03
AFFLE,EQ,03-Aug-2026,1586.0,1608.7,1668.2,1580.0,1663.0,447915,7353.1,40703,144297.0,32.22,2026-08-03
AFFORDABLE,BE,03-Aug-2026,180.86,182.95,182.95,175.3,177.54,12142,21.69,250,,,2026-08-03
AFIL,EQ,03-Aug-2026,9.3,9.34,9.44,9.15,9.22,253814,23.46,574,173274.0,68.27,2026-08-03
AFSL,EQ,03-Aug-2026,201.04,201.07,202.49,201.0,201.72,9485,19.1,112,6650.0,70.11,2026-08-03
AGARIND,EQ,03-Aug-2026,499.8,510.0,526.9,509.8,514.95,59423,308.16,2729,20809.0,35.02,2026-08-03
AGARWALEYE,EQ,03-Aug-2026,478.0,477.9,495.2,477.35,483.3,56679,273.95,5864,26792.0,47.27,2026-08-03
AGARWALFT,SM,03-Aug-2026,37.5,37.0,37.4,37.0,37.15,31500,11.71,5,31500.0,100.0,2026-08-03
AGARWALTUF,SM,03-Aug-2026,132.5,137.95,143.5,137.0,140.25,114000,159.4,73,82800.0,72.63,2026-08-03
AGI,EQ,03-Aug-2026,709.25,710.0,713.3,703.0,704.25,80787,571.12,2508,53172.0,65.82,2026-08-03
AGIIL,EQ,03-Aug-2026,312.1,315.95,324.5,307.7,309.15,2549469,8069.37,18354,820193.0,32.17,2026-08-03
AGL,EQ,03-Aug-2026,12.23,12.1,12.55,12.1,12.46,1465955,181.0,3101,1110802.0,75.77,2026-08-03
AGNI,SM,03-Aug-2026,16.65,17.3,17.3,17.3,17.3,2500,0.43,1,2500.0,100.0,2026-08-03
AGRITECH,BE,03-Aug-2026,109.63,114.89,114.89,109.0,112.0,5130,5.64,71,,,2026-08-03
AGROPHOS,EQ,03-Aug-2026,29.25,29.33,29.72,28.63,29.18,9808,2.86,145,7227.0,73.68,2026-08-03
AGSTRA,BZ,03-Aug-2026,2.1,2.2,2.2,2.07,2.19,730820,15.98,898,,,2026-08-03
AHCL,EQ,03-Aug-2026,14.61,14.45,14.85,14.45,14.71,1760550,259.58,2692,752476.0,42.74,2026-08-03
AHLADA,EQ,03-Aug-2026,36.96,37.94,37.94,36.0,36.38,15998,5.89,148,11567.0,72.3,2026-08-03
AHLEAST,EQ,03-Aug-2026,145.1,144.1,144.99,142.05,143.12,1406,2.01,58,974.0,69.27,2026-08-03
AHLUCONT,EQ,03-Aug-2026,821.4,824.0,848.0,823.75,833.6,33625,280.42,4262,17464.0,51.94,2026-08-03
AHLWEST,BE,03-Aug-2026,541.15,542.0,542.0,521.0,537.0,402,2.11,9,,,2026-08-03
AIAENG,EQ,03-Aug-2026,4591.0,4568.0,4700.0,4460.0,4684.6,57776,2676.78,15054,25828.0,44.7,2026-08-03
AIIL,EQ,03-Aug-2026,539.3,549.0,556.75,541.4,548.8,105935,580.27,6848,41020.0,38.72,2026-08-03
AIMTRON,SM,03-Aug-2026,1386.45,1413.0,1493.0,1413.0,1479.7,85400,1248.18,409,52400.0,61.36,2026-08-03
AIRAN,EQ,03-Aug-2026,15.13,15.4,15.4,14.97,15.03,86715,13.08,330,74075.0,85.42,2026-08-03
AIROLAM,EQ,03-Aug-2026,86.03,88.0,88.49,86.04,86.17,934,0.81,42,687.0,73.55,2026-08-03
AISL,SM,03-Aug-2026,59.0,59.0,59.0,57.0,57.0,25800,14.96,3,25800.0,100.0,2026-08-03
AJANTPHARM,EQ,03-Aug-2026,3465.2,3485.5,3540.0,3476.2,3513.9,119278,4189.6,23153,65832.0,55.19,2026-08-03
AJAXENGG,EQ,03-Aug-2026,580.15,580.5,597.5,580.5,594.0,49050,289.87,3272,26599.0,54.23,2026-08-03
AJMERA,EQ,03-Aug-2026,126.34,126.95,131.0,126.95,130.41,297862,385.96,3571,162028.0,54.4,2026-08-03
AJOONI,EQ,03-Aug-2026,4.0,3.93,4.05,3.93,3.99,201708,8.08,473,160961.0,79.8,2026-08-03
AKANKSHA,ST,03-Aug-2026,91.35,95.9,95.9,95.9,95.9,9000,8.63,7,9000.0,100.0,2026-08-03
AKASH,EQ,03-Aug-2026,26.69,26.55,27.23,26.16,26.34,6719,1.77,61,5120.0,76.2,2026-08-03
AKCAPIT,EQ,03-Aug-2026,1693.3,1712.0,1750.0,1693.2,1748.5,1972,34.13,305,1575.0,79.87,2026-08-03
AKG,EQ,03-Aug-2026,9.86,10.06,10.69,9.9,10.05,30104,3.04,118,23884.0,79.34,2026-08-03
AKI,EQ,03-Aug-2026,4.14,4.28,4.28,4.01,4.08,136796,5.62,218,118723.0,86.79,2026-08-03
AKIKO,ST,03-Aug-2026,355.25,354.95,354.95,337.5,337.85,69600,235.43,68,68000.0,97.7,2026-08-03
AKSHAR,EQ,03-Aug-2026,0.39,0.39,0.41,0.39,0.4,1354682,5.51,271,1030243.0,76.05,2026-08-03
AKSHARCHEM,BE,03-Aug-2026,249.94,249.93,260.0,241.2,255.54,7544,19.23,118,,,2026-08-03
AKSHOPTFBR,BE,03-Aug-2026,5.44,5.7,5.71,5.47,5.71,133889,7.64,137,,,2026-08-03
AKUMS,EQ,03-Aug-2026,658.35,666.7,688.3,664.65,681.2,143860,978.92,9219,73362.0,51.0,2026-08-03
ALANKIT,EQ,03-Aug-2026,7.78,7.9,7.9,7.62,7.77,103580,8.06,603,85614.0,82.65,2026-08-03
ALBERTDAVD,EQ,03-Aug-2026,689.3,691.75,707.85,686.2,692.55,5943,41.4,195,4911.0,82.64,2026-08-03
ALCODIS,SM,03-Aug-2026,75.95,66.0,70.0,66.0,68.4,6250,4.27,10,3125.0,50.0,2026-08-03
ALEMBICLTD,EQ,03-Aug-2026,91.13,91.35,92.17,91.07,91.67,594583,544.68,3829,357320.0,60.1,2026-08-03
ALGOQUANT,EQ,03-Aug-2026,68.41,69.0,70.97,67.6,69.34,1528105,1052.38,6412,457009.0,29.91,2026-08-03
ALICON,EQ,03-Aug-2026,672.35,679.95,724.9,661.2,702.75,23053,161.6,1817,12558.0,54.47,2026-08-03
ALIVUS,EQ,03-Aug-2026,1160.0,1182.8,1225.0,1172.9,1214.4,199736,2412.04,25069,107489.0,53.82,2026-08-03
ALKALI,BE,03-Aug-2026,70.66,71.0,71.0,68.5,68.59,13416,9.28,86,,,2026-08-03
ALKEM,EQ,03-Aug-2026,5751.5,5774.5,5774.5,5668.0,5707.0,122664,6991.28,22120,75373.0,61.45,2026-08-03
ALKYLAMINE,EQ,03-Aug-2026,1785.6,1785.9,1845.0,1785.9,1824.4,48406,883.15,8268,21142.0,43.68,2026-08-03
ALLCARGO,EQ,03-Aug-2026,8.03,8.08,8.25,8.05,8.2,2879970,235.73,3539,1829490.0,63.52,2026-08-03
ALLDIGI,EQ,03-Aug-2026,812.7,815.7,816.95,792.0,814.4,16603,134.4,1216,10540.0,63.48,2026-08-03
ALLETEC,ST,03-Aug-2026,139.0,136.1,144.2,136.1,141.95,5200,7.38,13,4000.0,76.92,2026-08-03
ALLTIME,EQ,03-Aug-2026,221.01,223.25,227.0,220.15,221.95,57115,127.45,1777,37383.0,65.45,2026-08-03
ALMONDZ,EQ,03-Aug-2026,14.76,14.76,14.94,13.57,13.8,168249,23.88,681,118589.0,70.48,2026-08-03
ALOKINDS,EQ,03-Aug-2026,11.92,12.01,12.13,12.01,12.04,2054221,247.86,4049,1278295.0,62.23,2026-08-03
ALPA,EQ,03-Aug-2026,66.84,67.55,68.25,66.15,66.66,13453,9.03,309,8592.0,63.87,2026-08-03
ALPEXSOLAR,SM,03-Aug-2026,829.05,839.0,844.0,829.05,841.45,20900,175.25,172,14600.0,69.86,2026-08-03
ALPHA,EQ,03-Aug-2026,51.93,52.32,52.43,51.93,52.24,1226216,640.91,2850,935753.0,76.31,2026-08-03
ALPHAETF,EQ,03-Aug-2026,26.18,26.44,26.44,26.23,26.25,416257,109.72,970,329583.0,79.18,2026-08-03
ALPHAGEO,EQ,03-Aug-2026,220.13,225.9,264.15,220.25,264.15,276528,708.51,5046,103196.0,37.32,2026-08-03
ALPINETEX,BE,03-Aug-2026,73.15,71.3,74.5,69.5,71.68,456767,321.3,4786,,,2026-08-03
ALPL30IETF,EQ,03-Aug-2026,28.38,28.38,28.65,27.98,28.33,721158,205.19,1520,412296.0,57.17,2026-08-03
ALUWIND,SM,03-Aug-2026,49.2,49.5,50.7,49.5,50.1,3000,1.5,2,3000.0,100.0,2026-08-03
AMAGI,EQ,03-Aug-2026,650.7,659.0,690.0,652.35,669.7,376284,2537.52,28658,206207.0,54.8,2026-08-03
AMANTA,BE,03-Aug-2026,168.72,171.8,172.09,171.8,172.09,40274,69.29,183,,,2026-08-03
AMBAAUTO,SM,03-Aug-2026,96.6,101.0,106.25,94.5,106.25,37000,38.33,37,23000.0,62.16,2026-08-03
AMBALALSA,EQ,03-Aug-2026,34.84,35.49,37.7,34.07,36.83,403707,148.75,2094,203947.0,50.52,2026-08-03
AMBER,EQ,03-Aug-2026,7440.5,7567.0,7567.0,7400.0,7400.0,133339,9974.88,17988,48087.0,36.06,2026-08-03
AMBICAAGAR,EQ,03-Aug-2026,25.0,25.49,25.49,24.75,25.05,3362,0.84,35,2842.0,84.53,2026-08-03
AMBIKCO,EQ,03-Aug-2026,1711.8,1711.8,1788.0,1711.8,1778.9,22628,400.69,2000,12162.0,53.75,2026-08-03
AMBUJACEM,EQ,03-Aug-2026,432.2,434.2,444.5,434.2,444.0,3648798,16118.66,40362,2125265.0,58.25,2026-08-03
AMCL,SM,03-Aug-2026,391.05,395.0,395.0,391.05,393.5,2800,11.0,5,2000.0,71.43,2026-08-03
AMDIND,EQ,03-Aug-2026,46.43,46.99,47.99,46.43,47.52,14397,6.8,145,5998.0,41.66,2026-08-03
AMEYA,SM,03-Aug-2026,109.0,109.05,109.05,109.05,109.05,1000,1.09,1,1000.0,100.0,2026-08-03
AMJLAND,EQ,03-Aug-2026,39.34,39.46,39.46,36.3,38.12,31333,11.85,473,15602.0,49.79,2026-08-03
AMNPLST,EQ,03-Aug-2026,198.81,202.01,208.26,196.0,197.51,10787,21.68,582,5959.0,55.24,2026-08-03
AMRUTANJAN,EQ,03-Aug-2026,515.0,520.0,522.4,517.5,521.2,8820,45.85,874,4981.0,56.47,2026-08-03
ANANDRATHI,EQ,03-Aug-2026,2073.7,2094.0,2114.9,2050.0,2058.7,121852,2525.06,13953,67644.0,55.51,2026-08-03
ANANTAM,IV,03-Aug-2026,104.96,105.49,105.49,104.96,105.02,10828,11.37,188,10607.0,97.96,2026-08-03
ANANTRAJ,EQ,03-Aug-2026,624.5,626.0,641.7,621.15,626.15,2760905,17434.48,48613,1047397.0,37.94,2026-08-03
ANDHRAPAP,EQ,03-Aug-2026,61.03,62.4,62.84,61.65,61.99,313581,194.73,1192,258456.0,82.42,2026-08-03
ANDHRSUGAR,EQ,03-Aug-2026,82.13,82.99,86.2,82.95,85.48,398288,339.78,3956,215402.0,54.08,2026-08-03
ANGELONE,EQ,03-Aug-2026,297.95,299.9,302.5,296.3,302.0,4487008,13455.96,40137,2093105.0,46.65,2026-08-03
ANIKINDS,EQ,03-Aug-2026,41.33,43.5,43.5,42.98,43.13,5878,2.53,39,5579.0,94.91,2026-08-03
ANKITMETAL,BZ,03-Aug-2026,1.56,1.56,1.63,1.51,1.62,50531,0.82,72,,,2026-08-03
ANLON,ST,03-Aug-2026,606.95,606.95,618.0,605.0,617.95,3200,19.52,8,3200.0,100.0,2026-08-03
ANMOL,EQ,03-Aug-2026,10.12,10.0,10.2,9.96,10.01,16537,1.67,141,14935.0,90.31,2026-08-03
ANNAPURNA,SM,03-Aug-2026,128.05,130.0,133.5,127.0,130.65,86000,111.01,156,54000.0,62.79,2026-08-03
ANONDITA,SM,03-Aug-2026,1088.75,1060.2,1090.0,1041.0,1050.45,21600,229.85,99,14800.0,68.52,2026-08-03
ANSALAPI,BZ,03-Aug-2026,3.33,3.39,3.39,3.39,3.39,5300,0.18,10,,,2026-08-03
ANTELOPUS,EQ,03-Aug-2026,821.5,821.0,846.0,812.0,834.55,130427,1089.38,5757,76378.0,58.56,2026-08-03
ANTGRAPHIC,EQ,03-Aug-2026,0.75,0.76,0.78,0.75,0.75,116107,0.88,199,96881.0,83.44,2026-08-03
ANTHEM,EQ,03-Aug-2026,809.2,819.0,832.95,802.2,829.85,960047,7905.84,44115,549598.0,57.25,2026-08-03
ANUHPHR,EQ,03-Aug-2026,79.48,81.47,81.47,79.5,80.41,47682,38.42,915,28859.0,60.52,2026-08-03
ANUP,EQ,03-Aug-2026,2172.9,2173.1,2199.9,2151.5,2175.4,14483,316.52,3047,7063.0,48.77,2026-08-03
ANURAS,EQ,03-Aug-2026,1207.8,1211.0,1216.8,1196.0,1209.8,199378,2408.41,10171,113716.0,57.04,2026-08-03
ANYA,SM,03-Aug-2026,15.2,15.25,15.25,15.25,15.25,5000,0.76,1,5000.0,100.0,2026-08-03
ANZEN,IV,03-Aug-2026,129.0,132.0,132.0,132.0,132.0,25000,33.0,1,25000.0,100.0,2026-08-03
AONEGOLD,EQ,03-Aug-2026,13.26,13.26,13.37,13.21,13.27,557416,73.98,1857,467085.0,83.79,2026-08-03
AONELIQUID,EQ,03-Aug-2026,1070.8,1070.96,1070.96,1070.94,1070.94,40902,438.04,156,25104.0,61.38,2026-08-03
AONENIFTY,EQ,03-Aug-2026,10.05,10.3,10.3,9.95,10.13,330350,33.45,1837,300253.0,90.89,2026-08-03
AONESILVER,EQ,03-Aug-2026,8.28,8.34,8.38,8.25,8.28,455260,37.75,1172,264308.0,58.06,2026-08-03
AONETMMQ50,EQ,03-Aug-2026,10.04,10.09,10.15,9.93,9.98,58298,5.87,338,45403.0,77.88,2026-08-03
AONETOTAL,EQ,03-Aug-2026,11.94,11.94,12.1,11.91,12.02,444230,53.53,2084,276937.0,62.34,2026-08-03
APARINDS,EQ,03-Aug-2026,14348.0,14400.0,14994.0,14321.0,14746.0,281739,41597.48,47243,139323.0,49.45,2026-08-03
APCL,EQ,03-Aug-2026,100.6,101.15,103.4,101.15,102.03,6249,6.39,199,3820.0,61.13,2026-08-03
APCOTEXIND,EQ,03-Aug-2026,611.35,614.0,636.0,605.1,617.6,621211,3854.9,18927,228433.0,36.77,2026-08-03
APEX,EQ,03-Aug-2026,371.5,373.95,382.55,372.75,380.4,83417,316.68,3419,41302.0,49.51,2026-08-03
APEXECO,ST,03-Aug-2026,261.8,261.8,269.9,261.8,269.9,6400,17.02,6,6400.0,100.0,2026-08-03
APLAPOLLO,EQ,03-Aug-2026,1819.5,1820.3,1958.0,1820.3,1941.5,4251591,80992.95,129957,2010454.0,47.29,2026-08-03
APLLTD,EQ,03-Aug-2026,797.05,797.05,815.05,792.55,805.75,58590,473.3,5604,26955.0,46.01,2026-08-03
APOLLO,EQ,03-Aug-2026,389.9,393.95,400.1,391.05,397.35,4826053,19139.08,38945,1401957.0,29.05,2026-08-03
APOLLOHOSP,EQ,03-Aug-2026,8957.0,9030.0,9049.0,8789.0,8820.0,250717,22257.93,31071,143836.0,57.37,2026-08-03
APOLLOPIPE,EQ,03-Aug-2026,515.6,520.0,533.6,510.0,515.85,217488,1131.79,6530,114788.0,52.78,2026-08-03
APOLLOTYRE,EQ,03-Aug-2026,428.15,432.25,438.35,430.95,436.6,623690,2716.93,19506,288514.0,46.26,2026-08-03
APOLSINHOT,EQ,03-Aug-2026,1200.0,1210.7,1217.8,1195.1,1207.1,382,4.61,89,207.0,54.19,2026-08-03
APRAMEYA,SM,03-Aug-2026,147.1,146.0,146.0,146.0,146.0,500,0.73,1,500.0,100.0,2026-08-03
APS,SM,03-Aug-2026,270.95,270.15,273.8,264.2,266.0,22250,59.69,81,17250.0,77.53,2026-08-03
APSISAERO,ST,03-Aug-2026,434.15,436.0,441.0,436.0,437.95,8400,36.87,7,8400.0,100.0,2026-08-03
APTECHT,BE,03-Aug-2026,91.67,92.1,96.0,90.48,95.27,146999,138.16,1405,,,2026-08-03
APTUS,EQ,03-Aug-2026,261.2,263.95,265.2,258.5,263.6,1314539,3449.21,28464,650487.0,49.48,2026-08-03
AQYLON,EQ,03-Aug-2026,25.49,25.81,26.76,24.22,26.75,10374623,2730.59,12963,2251860.0,21.71,2026-08-03
ARCHIDPLY,EQ,03-Aug-2026,81.14,83.0,83.48,81.3,81.8,1504,1.23,58,1289.0,85.7,2026-08-03
ARCHIES,EQ,03-Aug-2026,13.77,13.88,14.75,13.77,13.95,5427,0.76,87,3795.0,69.93,2026-08-03
ARCIIL,SM,03-Aug-2026,36.8,37.55,37.95,37.55,37.95,2000,0.76,2,2000.0,100.0,2026-08-03
ARE&M,EQ,03-Aug-2026,910.45,916.2,939.4,912.0,932.3,1710264,15929.78,68911,879347.0,51.42,2026-08-03
ARENTERP,EQ,03-Aug-2026,41.46,41.26,41.99,38.67,38.96,5934,2.34,126,4703.0,79.26,2026-08-03
ARFIN,EQ,03-Aug-2026,89.77,89.0,90.44,84.0,85.49,2342321,2060.93,7970,482704.0,20.61,2026-08-03
ARHAM,SM,03-Aug-2026,174.0,177.4,182.5,177.0,181.3,55000,98.78,52,38000.0,69.09,2026-08-03
ARIES,EQ,03-Aug-2026,337.45,334.1,342.0,333.45,340.7,4220,14.3,201,2958.0,70.09,2026-08-03
ARIHANT,EQ,03-Aug-2026,1142.75,1142.0,1142.0,1106.2,1137.9,1624,18.42,194,822.0,50.62,2026-08-03
ARIHANTCAP,EQ,03-Aug-2026,78.34,78.0,79.7,77.02,77.48,208574,163.96,1892,111272.0,53.35,2026-08-03
ARIHANTSUP,EQ,03-Aug-2026,261.85,262.0,263.0,259.0,259.85,4384,11.42,128,3025.0,69.0,2026-08-03
ARIS,EQ,03-Aug-2026,128.65,129.95,133.5,129.0,129.94,1878707,2469.37,12978,776112.0,41.31,2026-08-03
ARKADE,EQ,03-Aug-2026,141.19,142.5,142.97,140.0,140.65,239449,338.8,3000,93425.0,39.02,2026-08-03
ARMANFIN,EQ,03-Aug-2026,1941.0,1941.0,2001.0,1941.0,1994.3,34160,678.12,3251,18766.0,54.94,2026-08-03
AROGRANITE,EQ,03-Aug-2026,25.44,25.5,25.79,24.9,25.16,20710,5.21,124,12371.0,59.73,2026-08-03
ARROWGREEN,BE,03-Aug-2026,722.4,732.0,736.0,715.0,727.5,10421,75.57,286,,,2026-08-03
ARSHIYA,BZ,03-Aug-2026,0.98,0.99,0.99,0.94,0.96,135614,1.31,99,,,2026-08-03
ARSSBL,EQ,03-Aug-2026,510.8,518.7,518.7,510.0,511.2,83356,427.08,2541,44455.0,53.33,2026-08-03
ARTEMISMED,EQ,03-Aug-2026,298.5,304.8,305.0,299.0,302.2,261601,788.71,5366,152572.0,58.32,2026-08-03
ARTNIRMAN,EQ,03-Aug-2026,37.07,37.02,39.5,37.02,38.18,3348,1.28,55,2222.0,66.37,2026-08-03
ARUNAYA,ST,03-Aug-2026,16.1,15.55,16.1,15.55,16.1,4000,0.63,2,4000.0,100.0,2026-08-03
ARVEE,EQ,03-Aug-2026,156.72,156.72,158.29,153.85,155.44,62,0.1,8,50.0,80.65,2026-08-03
ARVIND,EQ,03-Aug-2026,513.2,517.8,537.4,516.5,528.95,623621,3306.1,25417,302762.0,48.55,2026-08-03
ARVINDFASN,EQ,03-Aug-2026,450.0,453.45,456.7,445.55,449.15,164972,743.18,9182,110621.0,67.05,2026-08-03
ARVINDPORT,SM,03-Aug-2026,30.15,31.3,31.3,28.65,28.95,54000,15.67,18,49500.0,91.67,2026-08-03
ARVSMART,EQ,03-Aug-2026,592.55,595.9,604.45,595.9,600.65,16680,99.96,868,10944.0,65.61,2026-08-03
ASAHIINDIA,EQ,03-Aug-2026,876.55,875.0,900.55,875.0,897.05,46380,414.48,5055,25684.0,55.38,2026-08-03
ASAHISONG,BE,03-Aug-2026,394.9,413.95,413.95,378.0,391.35,36757,142.92,615,,,2026-08-03
ASAL,EQ,03-Aug-2026,500.2,501.9,510.0,501.9,507.85,13492,68.34,1050,6940.0,51.44,2026-08-03
ASALCBR,EQ,03-Aug-2026,763.25,765.0,793.15,765.0,777.85,25180,196.97,2174,15744.0,62.53,2026-08-03
ASHALOG,SM,03-Aug-2026,53.05,55.4,56.0,55.0,56.0,3000,1.66,3,3000.0,100.0,2026-08-03
ASHAPURMIN,EQ,03-Aug-2026,702.55,709.65,731.0,708.0,717.85,903568,6528.71,22721,402222.0,44.51,2026-08-03
ASHIANA,EQ,03-Aug-2026,390.65,397.0,399.0,384.3,385.55,53104,206.98,1721,28742.0,54.12,2026-08-03
ASHIKAG,EQ,03-Aug-2026,498.55,509.9,520.95,471.1,477.5,900303,4418.14,14523,211806.0,23.53,2026-08-03
ASHIMASYN,EQ,03-Aug-2026,18.08,18.08,18.59,17.8,18.09,106327,19.39,595,81379.0,76.54,2026-08-03
ASHOKA,EQ,03-Aug-2026,121.09,121.92,122.68,120.8,121.12,960055,1165.57,6122,641639.0,66.83,2026-08-03
ASHOKAMET,EQ,03-Aug-2026,14.18,14.18,14.5,14.18,14.19,15401,2.19,99,11986.0,77.83,2026-08-03
ASHOKLEY,EQ,03-Aug-2026,166.18,169.28,175.0,169.13,174.55,47817945,82771.05,211720,21638136.0,45.25,2026-08-03
ASHWINI,SM,03-Aug-2026,196.45,199.0,199.5,195.0,195.15,12000,23.56,12,9000.0,75.0,2026-08-03
ASIANENE,EQ,03-Aug-2026,398.55,408.9,418.0,402.05,410.65,835789,3446.29,16969,352998.0,42.24,2026-08-03
ASIANHOTNR,EQ,03-Aug-2026,300.1,307.95,308.9,299.65,303.35,118626,361.85,2259,49488.0,41.72,2026-08-03
ASIANPAINT,EQ,03-Aug-2026,2747.3,2770.9,2810.0,2762.1,2810.0,1040453,28904.24,54451,616811.0,59.28,2026-08-03
ASIANTILES,EQ,03-Aug-2026,54.68,54.97,55.18,53.07,53.83,5168198,2789.3,13953,1928378.0,37.31,2026-08-03
ASKAUTOLTD,EQ,03-Aug-2026,528.05,535.0,577.95,529.0,569.65,1082723,6001.83,39691,488274.0,45.1,2026-08-03
ASMS,BE,03-Aug-2026,7.02,7.02,7.2,7.0,7.08,118400,8.38,342,,,2026-08-03
ASPINWALL,EQ,03-Aug-2026,233.57,234.1,243.0,234.1,236.19,1733,4.13,60,1549.0,89.38,2026-08-03
ASPIRE,SM,03-Aug-2026,14.5,13.8,14.95,13.8,14.95,6000,0.85,3,4000.0,66.67,2026-08-03
ASTAR,EQ,03-Aug-2026,594.95,624.9,624.9,585.1,585.1,92,0.55,9,91.0,98.91,2026-08-03
ASTEC,EQ,03-Aug-2026,655.35,645.0,663.8,625.0,628.3,70469,448.32,4536,44973.0,63.82,2026-08-03
ASTERDM,EQ,03-Aug-2026,822.15,825.05,836.5,808.0,815.15,623483,5104.37,36482,375921.0,60.29,2026-08-03
ASTRAL,EQ,03-Aug-2026,1448.6,1465.0,1465.7,1425.2,1435.6,652477,9415.4,33076,334041.0,51.2,2026-08-03
ASTRAMICRO,EQ,03-Aug-2026,1861.6,1878.0,1893.5,1831.0,1848.8,372847,6946.11,21944,158525.0,42.52,2026-08-03
ASTRAZEN,EQ,03-Aug-2026,8100.0,8250.0,8510.0,8180.0,8300.0,13555,1132.07,4568,5075.0,37.44,2026-08-03
ASTRON,BE,03-Aug-2026,3.8,3.93,3.93,3.7,3.88,37132,1.41,75,,,2026-08-03
ATALREAL,EQ,03-Aug-2026,33.17,33.25,33.9,33.25,33.54,8515476,2858.48,6129,1753264.0,20.59,2026-08-03
ATAM,EQ,03-Aug-2026,64.44,65.99,67.0,65.01,65.49,5993,3.94,119,5024.0,83.83,2026-08-03
ATCENERGY,ST,03-Aug-2026,22.0,23.1,23.1,23.1,23.1,4800,1.11,4,4800.0,100.0,2026-08-03
ATGL,EQ,03-Aug-2026,651.45,655.9,677.85,654.0,667.6,1235916,8279.61,32775,263907.0,21.35,2026-08-03
ATHERENERG,EQ,03-Aug-2026,1260.3,1269.0,1289.9,1242.0,1272.7,3918512,49484.38,112841,1383982.0,35.32,2026-08-03
ATL,EQ,03-Aug-2026,23.24,23.26,23.6,23.16,23.28,64482,15.07,516,54424.0,84.4,2026-08-03
ATLANTAA,EQ,03-Aug-2026,35.1,35.1,35.7,34.56,35.2,15290,5.38,336,12976.0,84.87,2026-08-03
ATLANTAELE,EQ,03-Aug-2026,1539.0,1588.0,1610.0,1551.3,1589.8,109420,1735.07,9253,49915.0,45.62,2026-08-03
ATLASCYCLE,EQ,03-Aug-2026,98.35,99.25,99.25,96.43,97.58,3463,3.38,66,2458.0,70.98,2026-08-03
ATLPP,E1,03-Aug-2026,8.74,8.95,8.95,8.65,8.8,1444,0.13,14,1435.0,99.38,2026-08-03
ATMASTCO,ST,03-Aug-2026,151.75,152.0,154.5,151.0,151.0,4400,6.7,11,4400.0,100.0,2026-08-03
ATUL,EQ,03-Aug-2026,6736.5,6765.0,6872.0,6756.5,6777.0,23390,1591.98,6125,11214.0,47.94,2026-08-03
ATULAUTO,EQ,03-Aug-2026,515.45,521.5,573.75,520.0,563.35,1998434,11029.88,44570,590574.0,29.55,2026-08-03
AUBANK,EQ,03-Aug-2026,1047.3,1054.1,1060.0,1038.4,1060.0,1367532,14312.76,33222,807923.0,59.08,2026-08-03
AURIONPRO,EQ,03-Aug-2026,733.4,734.15,751.0,733.0,739.55,233978,1731.13,8595,149353.0,63.83,2026-08-03
AUROIMPEX,SM,03-Aug-2026,27.2,26.0,26.7,26.0,26.7,6400,1.68,4,4800.0,75.0,2026-08-03
AUROPHARMA,EQ,03-Aug-2026,1580.2,1586.9,1591.8,1541.6,1554.7,1496353,23418.47,96457,930962.0,62.22,2026-08-03
AURUM,EQ,03-Aug-2026,219.92,224.99,224.99,218.0,218.62,165374,363.71,2482,99537.0,60.19,2026-08-03
AURUS,EQ,03-Aug-2026,4.54,4.55,4.75,4.5,4.61,24301,1.11,110,19738.0,81.22,2026-08-03
AUSL,SM,03-Aug-2026,25.2,25.45,25.45,24.15,24.15,4000,0.99,2,4000.0,100.0,2026-08-03
AUSOMENT,BE,03-Aug-2026,143.14,143.14,146.0,139.0,142.14,5384,7.59,59,,,2026-08-03
AUTOAXLES,EQ,03-Aug-2026,1801.2,1824.4,1890.0,1810.2,1880.5,43652,809.18,3328,26047.0,59.67,2026-08-03
AUTOBEES,EQ,03-Aug-2026,297.13,299.98,301.02,298.07,299.32,557956,1670.33,15222,337519.0,60.49,2026-08-03
AUTOIETF,EQ,03-Aug-2026,29.73,29.97,30.17,29.41,29.74,2585573,773.04,3230,1649998.0,63.82,2026-08-03
AUTOIND,BE,03-Aug-2026,87.83,88.45,90.5,86.01,88.86,34292,30.58,195,,,2026-08-03
AVADHSUGAR,EQ,03-Aug-2026,504.0,510.0,575.0,510.0,558.7,578282,3145.73,19065,116144.0,20.08,2026-08-03
AVALON,EQ,03-Aug-2026,1807.9,1814.0,1834.3,1740.0,1751.8,280823,5008.53,31001,128037.0,45.59,2026-08-03
AVANA,ST,03-Aug-2026,149.0,153.95,153.95,149.0,149.0,4000,6.06,2,4000.0,100.0,2026-08-03
AVANTEL,EQ,03-Aug-2026,161.89,162.0,164.79,162.0,162.99,634730,1037.83,6984,290232.0,45.73,2026-08-03
AVANTIFEED,EQ,03-Aug-2026,899.6,907.35,931.9,901.0,907.3,650344,5932.02,21901,306474.0,47.12,2026-08-03
AVATAR,ST,03-Aug-2026,179.2,182.75,182.75,182.75,182.75,12000,21.93,3,12000.0,100.0,2026-08-03
AVG,BE,03-Aug-2026,204.15,204.15,209.0,202.05,204.0,8304,17.08,127,,,2026-08-03
AVIANSH,SM,03-Aug-2026,102.0,102.0,103.0,102.0,103.0,5000,5.13,4,5000.0,100.0,2026-08-03
AVIENCE,SM,03-Aug-2026,257.0,261.0,262.9,257.0,258.05,13200,34.4,21,9000.0,68.18,2026-08-03
AVL,EQ,03-Aug-2026,638.05,625.0,635.1,604.8,623.65,338580,2100.2,20768,112792.0,33.31,2026-08-03
AVONMORE,EQ,03-Aug-2026,11.17,11.35,11.48,11.25,11.36,126394,14.35,617,98960.0,78.29,2026-08-03
AVPINFRA,SM,03-Aug-2026,65.65,67.0,67.3,64.3,66.95,13600,8.97,15,9600.0,70.59,2026-08-03
AVROIND,EQ,03-Aug-2026,8.71,8.79,8.83,8.53,8.77,94601,8.26,368,68463.0,72.37,2026-08-03
AVTNPL,EQ,03-Aug-2026,71.47,72.18,72.18,69.1,70.71,42562,30.14,633,25329.0,59.51,2026-08-03
AWFIS,EQ,03-Aug-2026,278.1,280.0,283.1,276.05,277.3,171951,479.36,4883,107773.0,62.68,2026-08-03
AWHCL,EQ,03-Aug-2026,426.8,429.55,438.95,426.8,429.65,130134,560.59,4982,80581.0,61.92,2026-08-03
AWL,EQ,03-Aug-2026,189.44,190.25,193.9,189.36,190.3,3413191,6512.8,31138,1537315.0,45.04,2026-08-03
AXISBANK,EQ,03-Aug-2026,1229.5,1236.9,1272.0,1230.5,1272.0,6713421,83811.21,121530,4182291.0,62.3,2026-08-03
AXISCADES,EQ,03-Aug-2026,1553.5,1564.0,1599.0,1535.8,1572.9,224880,3517.05,13753,143100.0,63.63,2026-08-03
AXITA,EQ,03-Aug-2026,7.32,7.35,7.42,7.3,7.3,414015,30.41,824,218297.0,52.73,2026-08-03
AYE,EQ,03-Aug-2026,166.52,167.97,175.49,166.41,172.6,852884,1476.24,13902,355196.0,41.65,2026-08-03
AYMSYNTEX,EQ,03-Aug-2026,251.81,251.0,259.9,248.0,251.6,14782,37.26,1200,6591.0,44.59,2026-08-03
AZAD,EQ,03-Aug-2026,2292.5,2309.7,2372.0,2275.1,2306.8,304016,7083.05,25287,121184.0,39.86,2026-08-03
BAFNAPH,BE,03-Aug-2026,262.91,268.2,268.2,268.2,268.2,593,1.59,16,,,2026-08-03
BAGFILMS,EQ,03-Aug-2026,4.42,4.47,4.53,4.37,4.45,116426,5.19,161,109613.0,94.15,2026-08-03
BAGMANE,RR,03-Aug-2026,105.13,105.84,105.93,105.0,105.13,691717,729.13,8808,533266.0,77.09,2026-08-03
BAHETI,SM,03-Aug-2026,719.3,715.05,731.0,710.0,724.2,27000,195.4,54,13500.0,50.0,2026-08-03
BAIDFIN,EQ,03-Aug-2026,9.81,9.89,10.1,9.89,10.01,24127,2.41,192,22464.0,93.11,2026-08-03
BAJAJ-AUTO,EQ,03-Aug-2026,11520.5,11575.0,11856.0,11456.0,11856.0,281232,32388.78,41492,176400.0,62.72,2026-08-03
BAJAJCON,EQ,03-Aug-2026,524.1,524.1,534.45,518.45,523.8,1264747,6635.77,47269,759839.0,60.08,2026-08-03
BAJAJELEC,EQ,03-Aug-2026,332.9,336.0,342.0,334.0,337.65,110852,375.33,3046,58133.0,52.44,2026-08-03
BAJAJFINSV,EQ,03-Aug-2026,2029.1,2050.5,2096.0,2040.4,2096.0,2850085,59226.5,107806,1547915.0,54.31,2026-08-03
BAJAJHCARE,EQ,03-Aug-2026,336.45,341.0,342.0,336.7,340.4,111278,377.34,3070,58002.0,52.12,2026-08-03
BAJAJHFL,EQ,03-Aug-2026,86.02,86.85,87.29,86.31,86.85,3208217,2786.27,28966,1596739.0,49.77,2026-08-03
BAJAJHIND,EQ,03-Aug-2026,16.75,16.9,17.65,16.9,17.52,8736035,1520.26,11642,3963316.0,45.37,2026-08-03
BAJAJHLDNG,EQ,03-Aug-2026,11343.0,11313.0,11629.0,11257.0,11599.0,46101,5280.72,14262,18017.0,39.08,2026-08-03
BAJAJINDEF,EQ,03-Aug-2026,234.7,238.99,238.99,232.65,234.8,11245,26.52,290,8976.0,79.82,2026-08-03
BAJAJST,EQ,03-Aug-2026,396.4,396.4,403.3,382.2,385.55,24121,94.03,1454,14500.0,60.11,2026-08-03
BAJEL,EQ,03-Aug-2026,176.8,175.5,180.0,175.5,177.35,117082,208.71,1517,56430.0,48.2,2026-08-03
BAJFINANCE,EQ,03-Aug-2026,1141.2,1176.3,1176.4,1140.2,1153.0,13758012,159416.54,222678,8201150.0,59.61,2026-08-03
BALAJEE,EQ,03-Aug-2026,27.33,27.33,27.87,27.11,27.36,12158,3.34,147,9047.0,74.41,2026-08-03
BALAJIPHOS,SM,03-Aug-2026,88.5,89.95,89.95,89.95,89.95,1000,0.9,1,1000.0,100.0,2026-08-03
BALAJITELE,EQ,03-Aug-2026,83.61,84.01,86.7,84.0,84.54,116653,99.55,1244,82545.0,70.76,2026-08-03
BALAMINES,EQ,03-Aug-2026,2133.3,2148.0,2165.0,2010.4,2025.2,368391,7634.26,33051,162930.0,44.23,2026-08-03
BALAXI,EQ,03-Aug-2026,23.9,23.67,24.75,23.67,24.0,13887,3.34,120,13728.0,98.86,2026-08-03
BALKRISHNA,EQ,03-Aug-2026,17.24,17.25,18.25,17.25,18.05,16164,2.89,98,6982.0,43.19,2026-08-03
BALKRISIND,EQ,03-Aug-2026,2473.5,2478.5,2521.9,2442.1,2492.2,541456,13469.97,41221,182672.0,33.74,2026-08-03
BALMLAWRIE,EQ,03-Aug-2026,172.2,173.95,175.65,172.68,174.14,167087,290.89,2680,82787.0,49.55,2026-08-03
BALPHARMA,EQ,03-Aug-2026,88.09,88.4,90.59,88.0,89.49,14911,13.31,349,9625.0,64.55,2026-08-03
BALRAMCHIN,EQ,03-Aug-2026,586.2,595.05,665.5,594.0,646.8,3161974,19949.73,62714,870394.0,27.53,2026-08-03
BALUFORGE,EQ,03-Aug-2026,440.35,440.45,451.95,440.45,444.85,387655,1728.38,9665,192885.0,49.76,2026-08-03
BANARBEADS,EQ,03-Aug-2026,115.29,115.4,117.6,112.01,113.98,4734,5.45,200,3362.0,71.02,2026-08-03
BANARISUG,EQ,03-Aug-2026,3475.3,3474.9,3532.5,3470.0,3487.2,345,12.09,70,188.0,54.49,2026-08-03
BANCOINDIA,EQ,03-Aug-2026,637.25,644.2,664.0,643.6,657.75,158594,1043.53,12049,73246.0,46.18,2026-08-03
BANDHANBNK,EQ,03-Aug-2026,174.13,175.14,176.25,172.59,173.65,5621918,9836.84,58612,2691355.0,47.87,2026-08-03
BANG,EQ,03-Aug-2026,29.57,30.1,31.25,29.3,30.27,16281,4.87,121,12189.0,74.87,2026-08-03
BANK10ADD,EQ,03-Aug-2026,17.02,17.08,17.55,17.08,17.19,209619,36.03,287,194603.0,92.84,2026-08-03
BANK10BETF,EQ,03-Aug-2026,20.98,20.98,21.15,20.82,20.82,5999,1.26,21,4784.0,79.75,2026-08-03
BANKA,BE,03-Aug-2026,86.01,88.0,88.0,87.0,87.92,445,0.39,17,,,2026-08-03
BANKADD,EQ,03-Aug-2026,58.57,58.91,59.23,58.08,58.66,37342,22.07,128,32507.0,87.05,2026-08-03
BANKBARODA,EQ,03-Aug-2026,242.6,244.05,248.48,244.0,247.25,8511143,21003.28,72513,4770016.0,56.04,2026-08-03
BANKBEES,EQ,03-Aug-2026,592.26,592.26,599.0,592.21,597.34,1031006,6159.81,10367,751217.0,72.86,2026-08-03
BANKBETA,EQ,03-Aug-2026,59.12,59.23,60.02,58.82,59.75,531315,318.29,1453,481402.0,90.61,2026-08-03
BANKBETF,EQ,03-Aug-2026,58.09,58.09,59.3,58.09,58.61,18123,10.63,342,14687.0,81.04,2026-08-03
BANKETF,EQ,03-Aug-2026,582.97,586.03,594.3,585.08,589.78,20372,119.85,443,19001.0,93.27,2026-08-03
BANKIETF,EQ,03-Aug-2026,58.78,59.49,59.49,58.43,59.04,831443,493.01,2777,556425.0,66.92,2026-08-03
BANKINDIA,EQ,03-Aug-2026,137.95,139.01,141.66,139.01,140.5,8509334,11940.83,38866,3749147.0,44.06,2026-08-03
BANKNIFTY1,EQ,03-Aug-2026,59.46,60.25,60.25,58.9,59.87,410042,246.0,1548,201046.0,49.03,2026-08-03
BANKPSU,EQ,03-Aug-2026,84.51,82.6,86.14,82.6,85.33,16035,13.71,197,13114.0,81.78,2026-08-03
BANSALWIRE,EQ,03-Aug-2026,314.65,315.0,320.0,315.0,318.5,54172,172.0,1624,27822.0,51.36,2026-08-03
BANSWRAS,EQ,03-Aug-2026,123.66,126.0,128.0,123.5,127.34,31778,40.14,560,21064.0,66.28,2026-08-03
BARFLEX,SM,03-Aug-2026,55.0,55.0,55.0,55.0,55.0,2000,1.1,1,2000.0,100.0,2026-08-03
BASF,EQ,03-Aug-2026,3633.8,3652.0,3750.0,3652.0,3729.7,14660,546.37,2829,8001.0,54.58,2026-08-03
BASILIC,SM,03-Aug-2026,199.45,201.0,219.7,196.0,201.95,153900,316.45,407,63300.0,41.13,2026-08-03
BASML,BE,03-Aug-2026,26.87,26.06,27.5,26.06,27.06,57271,15.55,168,,,2026-08-03
BATAINDIA,EQ,03-Aug-2026,696.15,693.1,716.0,693.1,709.65,600705,4258.64,20094,342856.0,57.08,2026-08-03
BATLIBOI,EQ,03-Aug-2026,81.88,82.0,83.91,82.0,82.55,8753,7.28,173,7261.0,82.95,2026-08-03
BAWEJA,ST,03-Aug-2026,27.8,28.0,28.75,26.45,28.75,50400,13.62,33,48800.0,96.83,2026-08-03
BAYERCROP,EQ,03-Aug-2026,4234.4,4270.0,4324.0,4255.8,4303.3,27279,1172.14,5305,16051.0,58.84,2026-08-03
BBETF0432,EQ,03-Aug-2026,1356.86,1356.77,1358.0,1355.0,1355.09,291,3.95,40,271.0,93.13,2026-08-03
BBL,EQ,03-Aug-2026,2524.4,2539.0,2586.6,2535.0,2564.5,28315,727.44,3842,15867.0,56.04,2026-08-03
BBNPNBETF,EQ,03-Aug-2026,57.56,58.7,58.97,57.91,58.29,934,0.54,43,587.0,62.85,2026-08-03
BBNPPGOLD,EQ,03-Aug-2026,137.5,136.85,137.8,136.0,137.05,2773,3.81,86,1127.0,40.64,2026-08-03
BBOX,EQ,03-Aug-2026,755.5,769.0,796.0,742.2,753.7,509040,3915.5,27422,230998.0,45.38,2026-08-03
BBTC,EQ,03-Aug-2026,1497.1,1520.0,1558.0,1497.0,1537.2,111484,1698.65,9863,56455.0,50.64,2026-08-03
BBTCL,EQ,03-Aug-2026,241.22,239.0,239.0,220.0,222.48,31193,70.8,1079,16054.0,51.47,2026-08-03
BCG,EQ,03-Aug-2026,9.33,9.38,9.5,9.3,9.35,2536384,238.49,2956,1613146.0,63.6,2026-08-03
BCLIND,EQ,03-Aug-2026,36.74,37.75,38.25,37.0,37.89,1467506,555.95,7343,823468.0,56.11,2026-08-03
BCONCEPTS,EQ,03-Aug-2026,188.55,188.05,191.0,185.88,189.14,10751,20.2,628,6602.0,61.41,2026-08-03
BCPL,EQ,03-Aug-2026,69.07,70.8,71.69,70.0,70.41,9435,6.66,198,7826.0,82.95,2026-08-03
BDL,EQ,03-Aug-2026,1253.1,1254.9,1272.0,1254.9,1265.0,361236,4568.33,16475,119093.0,32.97,2026-08-03
BEACON,ST,03-Aug-2026,87.0,86.9,87.9,84.55,85.2,10000,8.59,9,7000.0,70.0,2026-08-03
BEARDSELL,EQ,03-Aug-2026,26.85,26.85,27.76,26.85,27.5,13877,3.79,105,9488.0,68.37,2026-08-03
BECTORFOOD,EQ,03-Aug-2026,206.46,207.34,213.2,207.13,211.27,1052608,2221.9,13624,354742.0,33.7,2026-08-03
BEDMUTHA,EQ,03-Aug-2026,108.91,109.4,114.0,109.2,111.71,3431,3.82,52,2596.0,75.66,2026-08-03
BEEKAY,EQ,03-Aug-2026,394.4,406.2,406.2,390.7,392.8,1540,6.07,75,888.0,57.66,2026-08-03
BEL,EQ,03-Aug-2026,387.85,390.0,392.25,388.0,392.15,9389415,36609.29,206783,6113447.0,65.11,2026-08-03
BELLACASA,EQ,03-Aug-2026,237.4,242.0,254.99,238.1,246.04,24355,60.27,967,14231.0,58.43,2026-08-03
BELRISE,EQ,03-Aug-2026,236.73,239.9,244.9,238.4,241.86,5748763,13928.09,61334,2399450.0,41.74,2026-08-03
BEML,EQ,03-Aug-2026,1750.4,1755.0,1768.0,1740.0,1743.7,149171,2607.95,12295,80300.0,53.83,2026-08-03
BENGALASM,EQ,03-Aug-2026,6218.5,6379.0,6379.0,6180.5,6205.0,43,2.69,23,29.0,67.44,2026-08-03
BEPL,EQ,03-Aug-2026,116.02,117.89,121.7,116.93,120.72,2334789,2787.24,16191,882612.0,37.8,2026-08-03
BERGEPAINT,EQ,03-Aug-2026,520.45,522.3,536.55,522.0,526.55,389074,2054.04,16813,198344.0,50.98,2026-08-03
BESTAGRO,EQ,03-Aug-2026,19.12,19.71,19.8,18.5,18.89,9001014,1705.72,18572,1625099.0,18.05,2026-08-03
BETA,EQ,03-Aug-2026,2231.9,2231.9,2390.0,2226.8,2353.0,33631,780.16,5625,14096.0,41.91,2026-08-03
BEWLTD,SM,03-Aug-2026,57.75,58.9,58.9,57.4,57.95,11500,6.69,19,11500.0,100.0,2026-08-03
BFINVEST,EQ,03-Aug-2026,454.85,468.5,487.0,460.05,483.0,140019,674.43,7246,58091.0,41.49,2026-08-03
BFSI,EQ,03-Aug-2026,27.61,27.78,28.2,27.43,27.9,599668,167.26,1194,363780.0,60.66,2026-08-03
BFUTILITIE,EQ,03-Aug-2026,570.35,580.0,595.95,575.0,576.2,85468,499.31,3276,35112.0,41.08,2026-08-03
BGLOBAL,BZ,03-Aug-2026,3.12,3.27,3.27,3.1,3.27,25626,0.82,63,,,2026-08-03
BGRENERGY,BE,03-Aug-2026,287.6,289.0,293.85,273.25,278.4,100511,279.99,1342,,,2026-08-03
BHADORA,ST,03-Aug-2026,86.0,87.0,90.0,86.95,89.5,14400,12.62,11,14400.0,100.0,2026-08-03
BHAGCHEM,EQ,03-Aug-2026,290.75,291.95,316.9,289.05,298.35,1299490,3988.95,27206,211610.0,16.28,2026-08-03
BHAGERIA,BE,03-Aug-2026,212.18,222.78,222.78,214.11,219.57,46209,102.13,443,,,2026-08-03
BHAGYANGR,BE,03-Aug-2026,380.3,389.9,393.3,376.1,387.45,73246,283.86,1225,,,2026-08-03
BHANDARI,BE,03-Aug-2026,2.86,2.84,2.9,2.84,2.89,73669,2.12,178,,,2026-08-03
BHARATCOAL,EQ,03-Aug-2026,33.97,34.25,34.59,33.9,34.09,7406978,2534.74,16713,3263693.0,44.06,2026-08-03
BHARATFORG,EQ,03-Aug-2026,2199.8,2218.0,2232.5,2192.0,2211.0,596791,13175.34,33516,286058.0,47.93,2026-08-03
BHARATGEAR,BE,03-Aug-2026,126.22,125.03,127.4,122.2,123.57,18702,23.23,223,,,2026-08-03
BHARATRAS,EQ,03-Aug-2026,1280.3,1286.0,1349.9,1280.3,1337.2,19868,263.39,1992,12898.0,64.92,2026-08-03
BHARATSE,EQ,03-Aug-2026,221.65,223.9,230.99,222.1,223.36,423854,960.83,10553,177786.0,41.95,2026-08-03
BHARATWIRE,EQ,03-Aug-2026,196.99,197.48,204.85,197.48,202.77,204511,413.05,3462,87339.0,42.71,2026-08-03
BHARTIARTL,EQ,03-Aug-2026,1972.0,1987.4,1987.4,1943.0,1970.5,4361200,85359.4,132115,2685029.0,61.57,2026-08-03
BHARTIHEXA,EQ,03-Aug-2026,1607.5,1633.4,1653.9,1618.4,1645.8,68641,1128.2,7869,41227.0,60.06,2026-08-03
BHEL,EQ,03-Aug-2026,407.0,409.0,414.35,406.45,411.15,5593016,22962.87,51573,2486874.0,44.46,2026-08-03
BI,EQ,03-Aug-2026,58.89,59.07,62.5,59.07,61.83,14711,9.04,227,9009.0,61.24,2026-08-03
BIGBLOC,EQ,03-Aug-2026,45.45,45.45,46.03,44.5,45.8,42425,19.35,774,30590.0,72.1,2026-08-03
BIKAJI,EQ,03-Aug-2026,641.65,641.65,656.0,641.65,650.0,86120,560.49,7087,45371.0,52.68,2026-08-03
BIKEWO,ST,03-Aug-2026,65.1,65.05,66.0,63.65,64.7,108000,70.45,44,106000.0,98.15,2026-08-03
BIL,EQ,03-Aug-2026,740.6,764.95,764.95,735.0,760.85,1859,13.98,130,1347.0,72.46,2026-08-03
BILVYAPAR,BE,03-Aug-2026,4.06,4.09,4.09,3.91,4.04,2912,0.12,23,,,2026-08-03
BIMETAL,EQ,03-Aug-2026,669.7,651.3,678.0,635.25,637.15,2106,13.64,109,1825.0,86.66,2026-08-03
BIOCON,EQ,03-Aug-2026,425.7,429.0,429.5,423.3,427.0,3389704,14445.88,30908,1926712.0,56.84,2026-08-03
BIOFILCHEM,EQ,03-Aug-2026,31.94,32.05,33.89,32.05,33.07,12853,4.24,173,8857.0,68.91,2026-08-03
BIOPOL,SM,03-Aug-2026,101.95,103.95,103.95,96.0,101.55,98400,99.19,53,68400.0,69.51,2026-08-03
BIRET,RR,03-Aug-2026,341.48,342.49,343.88,340.5,342.0,1200298,4105.35,12169,1116678.0,93.03,2026-08-03
BIRLACABLE,BE,03-Aug-2026,203.81,214.0,214.0,214.0,214.0,22264,47.64,198,,,2026-08-03
BIRLACORPN,EQ,03-Aug-2026,890.5,903.0,909.2,884.0,906.1,129029,1155.92,11954,65649.0,50.88,2026-08-03
BIRLAMONEY,EQ,03-Aug-2026,134.84,134.84,136.37,133.15,134.25,44422,59.99,1107,25807.0,58.1,2026-08-03
BIRLANU,EQ,03-Aug-2026,1334.7,1341.7,1369.9,1334.7,1341.3,6095,82.09,819,3923.0,64.36,2026-08-03
BIRLAPREC,EQ,03-Aug-2026,34.07,34.8,34.95,33.56,34.8,10751,3.72,92,8360.0,77.76,2026-08-03
BLACKBUCK,EQ,03-Aug-2026,542.5,545.2,555.0,541.0,551.0,455290,2499.25,19008,99087.0,21.76,2026-08-03
BLACKROSE,BE,03-Aug-2026,110.76,116.28,116.29,113.1,113.86,44745,51.56,478,,,2026-08-03
BLAL,EQ,03-Aug-2026,172.75,172.75,176.2,172.75,174.62,17946,31.34,387,12460.0,69.43,2026-08-03
BLBLIMITED,EQ,03-Aug-2026,15.5,15.88,15.95,15.35,15.39,114654,17.83,289,74320.0,64.82,2026-08-03
BLIL,EQ,03-Aug-2026,70.37,70.89,71.25,70.06,70.88,61331,43.34,935,41180.0,67.14,2026-08-03
BLISSGVS,BE,03-Aug-2026,465.65,473.5,483.9,462.55,466.45,156322,739.2,1882,,,2026-08-03
BLKASHYAP,EQ,03-Aug-2026,54.46,55.0,55.25,53.8,54.32,174052,95.01,1274,114055.0,65.53,2026-08-03
BLS,EQ,03-Aug-2026,239.4,240.0,251.5,239.42,250.75,1694645,4193.62,29051,913353.0,53.9,2026-08-03
BLSE,EQ,03-Aug-2026,300.66,306.1,307.65,298.1,299.8,824838,2497.93,12933,496516.0,60.2,2026-08-03
BLUECHIP,BE,03-Aug-2026,1.76,1.73,1.73,1.73,1.73,5452,0.09,22,,,2026-08-03
BLUECOAST,BE,03-Aug-2026,24.74,24.74,25.91,24.61,24.64,3945,0.98,33,,,2026-08-03
BLUEDART,EQ,03-Aug-2026,5160.3,5560.0,5745.0,5326.0,5427.0,601176,33202.44,88033,95446.0,15.88,2026-08-03
BLUEJET,EQ,03-Aug-2026,626.25,633.0,647.8,577.05,589.5,6512064,39316.15,140606,1812000.0,27.83,2026-08-03
BLUEPEBBLE,SM,03-Aug-2026,69.95,69.9,70.0,69.9,70.0,3600,2.52,6,3600.0,100.0,2026-08-03
BLUESTARCO,EQ,03-Aug-2026,1681.2,1683.4,1730.0,1678.6,1729.2,374036,6401.85,22891,194360.0,51.96,2026-08-03
BLUESTONE,EQ,03-Aug-2026,816.2,823.4,831.0,791.05,802.7,5474663,44264.31,108887,548790.0,10.02,2026-08-03
BLUEWATER,ST,03-Aug-2026,439.9,442.0,443.95,421.05,440.0,16000,69.59,16,14000.0,87.5,2026-08-03
BLUSPRING,EQ,03-Aug-2026,115.85,115.85,120.99,112.05,114.78,643179,752.95,6226,297399.0,46.24,2026-08-03
BMLL,SM,03-Aug-2026,158.95,151.0,158.9,151.0,158.0,76000,117.36,17,73000.0,96.05,2026-08-03
BMWVENTLTD,EQ,03-Aug-2026,56.85,56.86,58.41,56.76,57.69,76337,44.02,883,40013.0,52.42,2026-08-03
BNAGROCHEM,BE,03-Aug-2026,279.0,279.0,292.95,269.5,285.75,818,2.25,37,,,2026-08-03
BNALTD,BE,03-Aug-2026,393.0,391.05,411.0,383.0,411.0,106,0.41,13,,,2026-08-03
BNKETFAXIS,EQ,03-Aug-2026,587.51,592.05,596.71,592.05,593.71,820,4.87,114,652.0,79.51,2026-08-03
BODALCHEM,BE,03-Aug-2026,70.66,70.66,74.19,70.66,73.97,481198,352.97,1419,,,2026-08-03
BOHRAIND,EQ,03-Aug-2026,14.67,14.96,15.29,14.1,15.0,14199,2.07,79,8939.0,62.96,2026-08-03
BOMDYEING,EQ,03-Aug-2026,121.53,122.3,122.99,121.6,121.92,200678,245.39,2728,112825.0,56.22,2026-08-03
BONLON,EQ,03-Aug-2026,40.34,38.55,42.35,38.55,41.23,1950,0.81,77,1268.0,65.03,2026-08-03
BORANA,EQ,03-Aug-2026,324.65,324.65,334.0,317.25,318.85,24131,77.75,573,17495.0,72.5,2026-08-03
BOROLTD,EQ,03-Aug-2026,236.44,236.6,239.84,231.47,233.47,91420,215.07,3133,51060.0,55.85,2026-08-03
BORORENEW,EQ,03-Aug-2026,555.7,564.0,564.0,552.05,553.95,409223,2280.06,11819,248652.0,60.76,2026-08-03
BOROSCI,EQ,03-Aug-2026,157.65,160.01,163.5,147.2,153.42,341108,538.58,4290,151230.0,44.33,2026-08-03
BOSCH-HCIL,EQ,03-Aug-2026,1391.3,1398.0,1409.7,1374.0,1390.2,71134,991.76,2718,40608.0,57.09,2026-08-03
BOSCHLTD,EQ,03-Aug-2026,41085.0,41325.0,41600.0,41105.0,41300.0,14910,6164.01,6149,6451.0,43.27,2026-08-03
BOSS,SM,03-Aug-2026,37.5,39.3,39.3,36.0,38.9,18000,6.95,7,16000.0,88.89,2026-08-03
BPCL,EQ,03-Aug-2026,319.75,324.75,329.95,322.0,329.95,5844038,18971.69,45871,2970314.0,50.83,2026-08-03
BPL,EQ,03-Aug-2026,53.33,53.9,54.95,53.9,54.49,24580,13.38,609,15840.0,64.44,2026-08-03
BRACEPORT,SM,03-Aug-2026,61.05,61.05,70.4,61.05,70.4,19200,12.73,12,14400.0,75.0,2026-08-03
BRANDMAN,SM,03-Aug-2026,178.05,170.0,175.0,170.0,171.1,19200,33.13,24,16800.0,87.5,2026-08-03
BRIGADE,EQ,03-Aug-2026,580.2,581.95,587.55,575.0,583.65,430693,2511.85,19297,253888.0,58.95,2026-08-03
BRIGHOTEL,EQ,03-Aug-2026,59.45,60.29,62.79,59.65,61.04,268790,164.69,3968,162621.0,60.5,2026-08-03
BRITANNIA,EQ,03-Aug-2026,5416.5,5422.0,5531.0,5401.0,5531.0,201410,10980.58,21091,126928.0,63.02,2026-08-03
BRNL,EQ,03-Aug-2026,17.51,17.55,18.22,17.2,17.47,45968,8.09,279,24058.0,52.34,2026-08-03
BROOKS,BE,03-Aug-2026,60.98,61.16,62.4,61.0,61.26,8073,4.99,89,,,2026-08-03
BSE,EQ,03-Aug-2026,3646.2,3660.0,3671.4,3560.0,3575.0,3750195,135560.93,185434,2061286.0,54.96,2026-08-03
BSE500IETF,EQ,03-Aug-2026,39.58,39.21,40.07,39.21,40.0,104846,41.89,1955,71719.0,68.4,2026-08-03
BSHSL,BE,03-Aug-2026,85.0,86.0,88.55,85.35,86.0,4759,4.12,44,,,2026-08-03
BSL,EQ,03-Aug-2026,124.8,126.95,126.95,123.25,123.65,3036,3.77,103,2419.0,79.68,2026-08-03
BSLGOLDETF,EQ,03-Aug-2026,124.66,125.91,125.91,124.36,124.69,121126,151.12,1998,57946.0,47.84,2026-08-03
BSLNIFTY,EQ,03-Aug-2026,28.6,28.6,29.31,28.2,28.84,1988887,573.49,8848,1653100.0,83.12,2026-08-03
BSLSENETFG,EQ,03-Aug-2026,78.55,77.75,79.97,76.98,79.14,3241,2.57,228,2640.0,81.46,2026-08-03
BSOFT,EQ,03-Aug-2026,302.4,303.95,323.0,303.1,321.5,3371518,10694.58,52782,1538441.0,45.63,2026-08-03
BTML,EQ,03-Aug-2026,7.09,6.95,6.98,6.58,6.84,403947,27.39,760,334917.0,82.91,2026-08-03
BTTL,BE,03-Aug-2026,47.48,45.32,46.36,45.11,46.14,15770,7.17,65,,,2026-08-03
BUILDPRO,EQ,03-Aug-2026,1242.2,1250.0,1360.0,1249.1,1343.6,222434,2937.42,13053,99212.0,44.6,2026-08-03
BULKCORP,SM,03-Aug-2026,58.6,58.6,58.6,58.6,58.6,1200,0.7,1,1200.0,100.0,2026-08-03
BUTTERFLY,EQ,03-Aug-2026,719.65,723.4,755.0,722.2,736.5,82511,608.69,4082,31185.0,37.79,2026-08-03
BVCL,EQ,03-Aug-2026,41.2,42.42,42.42,39.25,40.61,22305,9.03,227,14094.0,63.19,2026-08-03
BYKE,BE,03-Aug-2026,35.16,35.49,35.49,34.0,34.45,18546,6.44,66,,,2026-08-03
C2C,SM,03-Aug-2026,263.8,265.55,274.65,263.9,268.0,102000,273.25,455,58650.0,57.5,2026-08-03
CALSOFT,BE,03-Aug-2026,21.32,21.32,22.1,21.11,21.81,52140,11.26,187,,,2026-08-03
CAMLINFINE,EQ,03-Aug-2026,127.74,125.25,130.5,125.25,128.47,331756,427.34,4750,184560.0,55.63,2026-08-03
CAMPUS,EQ,03-Aug-2026,222.35,223.9,225.0,222.38,223.2,553988,1238.85,12924,256906.0,46.37,2026-08-03
CAMS,EQ,03-Aug-2026,796.15,810.0,815.0,789.8,791.0,1922245,15447.32,49977,514153.0,26.75,2026-08-03
CANARYS,SM,03-Aug-2026,20.25,21.0,21.95,20.15,21.3,188000,39.92,47,152000.0,80.85,2026-08-03
CANBK,EQ,03-Aug-2026,124.98,125.95,127.59,125.5,127.1,18180646,23074.25,84292,9870583.0,54.29,2026-08-03
CANFINHOME,EQ,03-Aug-2026,820.6,824.6,825.25,813.45,817.0,287473,2347.69,16843,208348.0,72.48,2026-08-03
CANHLIFE,EQ,03-Aug-2026,146.45,148.0,154.8,147.15,150.92,1146685,1724.9,11486,797782.0,69.57,2026-08-03
CANTABIL,EQ,03-Aug-2026,245.55,245.55,252.47,244.6,247.24,189873,468.71,2594,97388.0,51.29,2026-08-03
CAPACITE,EQ,03-Aug-2026,214.7,216.01,218.7,213.05,213.61,362818,779.76,5859,200364.0,55.22,2026-08-03
CAPILLARY,EQ,03-Aug-2026,497.35,505.95,505.95,493.05,495.55,61368,304.26,1965,31241.0,50.91,2026-08-03
CAPINVIT,IV,03-Aug-2026,74.13,74.2,74.6,74.13,74.58,255411,189.94,2253,243294.0,95.26,2026-08-03
CAPITALSFB,EQ,03-Aug-2026,291.7,292.0,298.9,292.0,295.65,18503,54.56,691,9499.0,51.34,2026-08-03
CAPLIPOINT,EQ,03-Aug-2026,2516.8,2516.8,2586.5,2496.2,2566.1,55647,1422.08,11512,25963.0,46.66,2026-08-03
CAPTRUST,EQ,03-Aug-2026,18.17,18.7,19.07,18.7,19.07,87562,16.66,355,61469.0,70.2,2026-08-03
CARBORUNIV,EQ,03-Aug-2026,1063.8,1076.1,1110.0,1063.8,1095.5,199525,2167.1,21113,97514.0,48.87,2026-08-03
CARERATING,EQ,03-Aug-2026,1709.5,1723.0,1763.0,1703.2,1715.6,50880,881.49,9541,26638.0,52.35,2026-08-03
CARRARO,EQ,03-Aug-2026,536.4,538.9,545.15,533.05,542.8,129879,705.53,10079,85087.0,65.51,2026-08-03
CARTRADE,EQ,03-Aug-2026,2719.6,2746.0,2827.9,2727.7,2803.3,352049,9861.6,28171,134657.0,38.25,2026-08-03
CARYSIL,EQ,03-Aug-2026,1175.3,1170.1,1196.0,1168.0,1188.3,71106,840.96,6502,42606.0,59.92,2026-08-03
CASHIETF,EQ,03-Aug-2026,1073.5,1073.61,1073.63,1073.61,1073.62,155914,1673.93,502,85398.0,54.77,2026-08-03
CASTROLIND,EQ,03-Aug-2026,185.21,185.54,186.9,184.98,185.84,1264598,2352.97,14505,794791.0,62.85,2026-08-03
CCAVENUE,EQ,03-Aug-2026,15.85,16.04,18.05,15.92,17.43,95564917,16415.09,100946,42051270.0,44.0,2026-08-03
CCCL,EQ,03-Aug-2026,15.49,15.65,15.99,15.56,15.73,124087,19.57,511,67241.0,54.19,2026-08-03
CCHHL,EQ,03-Aug-2026,13.08,13.01,13.47,12.82,13.06,32135,4.24,153,21408.0,66.62,2026-08-03
CCL,EQ,03-Aug-2026,1155.3,1156.5,1197.1,1136.1,1152.4,182159,2127.04,16031,114772.0,63.01,2026-08-03
CDSL,EQ,03-Aug-2026,1333.0,1341.9,1354.0,1318.0,1322.2,2784297,37275.85,56772,1285749.0,46.18,2026-08-03
CEATLTD,EQ,03-Aug-2026,3429.9,3481.9,3563.0,3451.1,3542.5,152999,5399.38,23911,75886.0,49.6,2026-08-03
CEDAAR,ST,03-Aug-2026,17.2,17.2,17.2,17.2,17.2,1000,0.17,1,1000.0,100.0,2026-08-03
CEIGALL,EQ,03-Aug-2026,342.75,342.75,349.45,342.75,344.75,120537,417.83,3852,65819.0,54.6,2026-08-03
CEINSYS,EQ,03-Aug-2026,839.35,841.0,858.0,820.0,833.1,50461,425.54,3676,27157.0,53.82,2026-08-03
CELEBRITY,EQ,03-Aug-2026,6.95,7.12,7.3,6.97,7.11,29141,2.08,104,17733.0,60.85,2026-08-03
CELLECOR,ST,03-Aug-2026,34.05,34.4,34.9,33.6,33.65,45000,15.45,15,42000.0,93.33,2026-08-03
CELLO,EQ,03-Aug-2026,343.3,345.0,348.5,344.05,345.55,182632,632.22,9240,112264.0,61.47,2026-08-03
CELLPOINT,SM,03-Aug-2026,17.25,18.95,18.95,18.95,18.95,1200,0.23,1,1200.0,100.0,2026-08-03
CEMNTGROWW,EQ,03-Aug-2026,15.23,15.55,15.55,15.24,15.49,79261,12.22,515,64448.0,81.31,2026-08-03
CEMPRO,EQ,03-Aug-2026,1367.8,1375.0,1375.0,1326.1,1363.3,439717,5952.18,20005,253242.0,57.59,2026-08-03
CENTENKA,EQ,03-Aug-2026,610.45,615.0,625.9,614.5,621.6,161398,1002.1,4955,100692.0,62.39,2026-08-03
CENTEXT,EQ,03-Aug-2026,19.87,20.0,20.69,19.37,20.0,203679,41.17,999,137577.0,67.55,2026-08-03
CENTRALBK,EQ,03-Aug-2026,30.97,31.11,31.6,31.09,31.46,6387087,2006.08,14922,3297091.0,51.62,2026-08-03
CENTRUM,EQ,03-Aug-2026,23.73,23.81,24.76,23.52,24.09,611346,147.31,2087,346304.0,56.65,2026-08-03
CENTUM,EQ,03-Aug-2026,3543.1,3600.0,3748.4,3577.2,3676.5,52835,1949.51,11027,25184.0,47.67,2026-08-03
CENTURYPLY,EQ,03-Aug-2026,799.5,802.0,827.9,767.1,772.8,358636,2861.24,15510,160297.0,44.7,2026-08-03
CERA,EQ,03-Aug-2026,6126.0,6200.0,6308.0,6130.0,6280.5,6740,419.8,2018,3408.0,50.56,2026-08-03
CEREBRAINT,BZ,03-Aug-2026,2.95,2.95,3.0,2.92,2.97,40312,1.2,107,,,2026-08-03
CESC,EQ,03-Aug-2026,165.57,166.0,169.1,164.58,165.98,901195,1498.42,18409,354858.0,39.38,2026-08-03
CEWATER,EQ,03-Aug-2026,287.8,290.0,290.05,285.0,285.8,74058,212.82,2489,45805.0,61.85,2026-08-03
CGCL,EQ,03-Aug-2026,232.38,232.38,234.83,225.1,227.47,2461491,5678.66,21724,986610.0,40.08,2026-08-03
CGPOWER,EQ,03-Aug-2026,863.4,865.55,867.95,826.1,826.1,4042469,34660.29,76778,2342349.0,57.94,2026-08-03
CGRAPHICS,SM,03-Aug-2026,135.4,136.75,151.0,136.75,143.65,84800,123.66,98,66400.0,78.3,2026-08-03
CHALET,EQ,03-Aug-2026,811.4,811.4,828.45,807.95,821.5,69654,571.33,9088,35686.0,51.23,2026-08-03
CHAMBLFERT,EQ,03-Aug-2026,438.9,440.0,455.7,439.75,455.0,882614,3989.19,16512,429949.0,48.71,2026-08-03
CHAMUNDA,SM,03-Aug-2026,43.0,43.95,44.0,43.0,43.0,9000,3.93,3,6000.0,66.67,2026-08-03
CHANDAN,SM,03-Aug-2026,239.1,250.0,251.95,244.25,250.5,44000,109.29,54,27200.0,61.82,2026-08-03
CHAVDA,SM,03-Aug-2026,125.9,127.5,131.0,126.7,128.35,55000,70.48,53,34000.0,61.82,2026-08-03
CHEMBOND,BE,03-Aug-2026,167.0,165.5,175.3,161.6,173.91,7569,12.83,104,,,2026-08-03
CHEMBONDCH,BE,03-Aug-2026,226.41,234.0,234.0,221.0,225.43,10415,23.59,158,,,2026-08-03
CHEMCON,BE,03-Aug-2026,175.51,184.0,184.28,177.0,184.09,28460,52.06,371,,,2026-08-03
CHEMFAB,BE,03-Aug-2026,374.7,375.0,377.0,364.0,376.95,1550,5.77,33,,,2026-08-03
CHEMICAL,EQ,03-Aug-2026,30.17,29.75,30.87,29.75,30.69,507603,155.2,1226,373147.0,73.51,2026-08-03
CHEMPLASTS,EQ,03-Aug-2026,194.18,194.21,198.3,194.21,196.1,226481,445.46,4533,122152.0,53.93,2026-08-03
CHENNPETRO,EQ,03-Aug-2026,1260.6,1266.7,1343.0,1266.0,1325.5,3024039,39891.83,78483,962463.0,31.83,2026-08-03
CHETANA,ST,03-Aug-2026,46.0,46.0,46.0,46.0,46.0,3200,1.47,2,3200.0,100.0,2026-08-03
CHEVIOT,EQ,03-Aug-2026,1106.6,1150.0,1150.0,1112.0,1130.4,2008,22.68,271,1341.0,66.78,2026-08-03
CHOICEGOLD,EQ,03-Aug-2026,141.1,141.1,142.99,139.05,140.54,41553,58.56,183,4255.0,10.24,2026-08-03
CHOICEIN,EQ,03-Aug-2026,822.95,828.0,835.8,821.0,828.1,550388,4569.55,8558,179870.0,32.68,2026-08-03
CHOLAFIN,EQ,03-Aug-2026,1849.9,1870.4,1913.0,1861.1,1888.2,2277492,43005.52,86522,1142753.0,50.18,2026-08-03
CHOLAHLDNG,EQ,03-Aug-2026,1534.2,1554.0,1590.0,1550.0,1574.6,291653,4582.27,26256,178987.0,61.37,2026-08-03
CIEINDIA,EQ,03-Aug-2026,408.6,409.45,422.0,409.45,419.65,467187,1953.95,19585,286396.0,61.3,2026-08-03
CIFL,EQ,03-Aug-2026,20.78,21.89,22.61,20.62,20.76,102825,21.92,627,75019.0,72.96,2026-08-03
CINELINE,EQ,03-Aug-2026,87.8,89.75,92.9,87.9,88.53,62732,56.52,1066,32953.0,52.53,2026-08-03
CINEVISTA,EQ,03-Aug-2026,15.06,15.49,15.49,14.81,14.94,11459,1.72,97,8650.0,75.49,2026-08-03
CIPLA,EQ,03-Aug-2026,1473.2,1475.0,1480.6,1454.3,1474.4,811745,11905.61,31756,394623.0,48.61,2026-08-03
CITIUSINVT,IV,03-Aug-2026,109.54,109.61,112.78,108.21,109.09,212228,232.37,1198,164507.0,77.51,2026-08-03
CKKRETAIL,SM,03-Aug-2026,145.0,145.3,145.3,145.0,145.0,2400,3.48,3,0.0,0.0,2026-08-03
CLAYCRAFT,SM,03-Aug-2026,166.15,170.0,178.0,169.3,175.1,63600,110.93,80,49200.0,77.36,2026-08-03
CLCIND,BE,03-Aug-2026,56.75,59.58,59.58,59.58,59.58,1840,1.1,16,,,2026-08-03
CLEAN,EQ,03-Aug-2026,734.05,757.55,799.8,735.0,764.15,3558094,27127.98,153295,868684.0,24.41,2026-08-03
CLEANMAX,EQ,03-Aug-2026,1335.6,1373.0,1417.5,1338.0,1349.5,514965,7052.97,42465,125181.0,24.31,2026-08-03
CLEDUCATE,BE,03-Aug-2026,56.46,57.49,59.28,56.7,59.28,27052,15.95,111,,,2026-08-03
CLSEL,EQ,03-Aug-2026,285.5,288.0,297.0,285.05,292.3,87977,256.53,2214,50048.0,56.89,2026-08-03
CLSL,SM,03-Aug-2026,65.9,65.9,66.4,65.0,66.2,58000,37.9,16,58000.0,100.0,2026-08-03
CMICABLES,BZ,03-Aug-2026,2.84,2.83,2.94,2.7,2.79,10575,0.3,37,,,2026-08-03
CMLL,EQ,03-Aug-2026,556.1,566.9,571.65,542.0,566.85,1270104,7107.08,24194,322676.0,25.41,2026-08-03
CMNL,SM,03-Aug-2026,94.0,97.4,100.0,97.4,98.8,18000,17.76,17,16500.0,91.67,2026-08-03
CMPDI,EQ,03-Aug-2026,239.83,243.8,249.7,243.51,247.49,1911924,4721.71,46264,852187.0,44.57,2026-08-03
CMRGREEN,EQ,03-Aug-2026,216.7,219.0,227.8,217.3,222.58,1805490,4030.58,25610,1007254.0,55.79,2026-08-03
CMRSL,SM,03-Aug-2026,64.1,60.9,62.85,60.9,62.85,6400,3.91,7,5600.0,87.5,2026-08-03
CMSINFO,EQ,03-Aug-2026,263.7,267.7,278.6,267.5,275.4,1312567,3605.15,21640,856210.0,65.23,2026-08-03
CNL,EQ,03-Aug-2026,993.2,1006.0,1028.95,1000.25,1015.9,67299,682.8,4199,32790.0,48.72,2026-08-03
COALINDIA,EQ,03-Aug-2026,414.15,415.95,416.0,412.6,416.0,5371911,22263.14,110579,3476302.0,64.71,2026-08-03
COASTCORP,EQ,03-Aug-2026,48.84,49.01,56.68,49.01,51.04,876777,462.89,4271,267774.0,30.54,2026-08-03
COCHINSHIP,EQ,03-Aug-2026,1423.0,1430.0,1448.6,1423.5,1441.9,919243,13245.22,35482,437979.0,47.65,2026-08-03
COCKERILL,EQ,03-Aug-2026,8645.5,8670.0,9149.0,8500.5,8987.5,8857,780.97,2329,3428.0,38.7,2026-08-03
COFFEEDAY,BE,03-Aug-2026,30.51,30.99,32.03,30.99,32.03,370012,117.65,753,,,2026-08-03
COFORGE,EQ,03-Aug-2026,1721.0,1739.0,1771.0,1719.0,1768.0,2365023,41294.02,65382,1108155.0,46.86,2026-08-03
COHANCE,EQ,03-Aug-2026,425.05,425.05,436.7,423.0,425.35,312974,1341.49,10429,157041.0,50.18,2026-08-03
COLPAL,EQ,03-Aug-2026,2076.1,2076.1,2116.6,2050.1,2077.0,515125,10693.32,32295,292786.0,56.84,2026-08-03
COMFINTE,EQ,03-Aug-2026,6.91,6.99,7.05,6.89,6.89,710523,49.33,731,418551.0,58.91,2026-08-03
COMMITTED,ST,03-Aug-2026,350.0,342.5,350.0,332.5,350.0,61600,214.97,32,61600.0,100.0,2026-08-03
COMMOIETF,EQ,03-Aug-2026,100.63,99.62,101.7,99.62,101.49,62270,63.05,681,42366.0,68.04,2026-08-03
COMPINFO,BZ,03-Aug-2026,1.13,1.08,1.18,1.08,1.15,43895,0.5,44,,,2026-08-03
COMPUSOFT,EQ,03-Aug-2026,13.43,13.43,13.67,13.32,13.4,15772,2.12,174,11542.0,73.18,2026-08-03
COMSYN,EQ,03-Aug-2026,214.81,215.0,218.8,208.0,208.72,565652,1185.97,3932,423387.0,74.85,2026-08-03
CONCOR,EQ,03-Aug-2026,525.5,527.0,531.7,522.5,525.0,1928428,10137.76,39186,971114.0,50.36,2026-08-03
CONCORDBIO,EQ,03-Aug-2026,1420.8,1444.4,1456.3,1389.0,1414.6,402980,5715.05,27971,168692.0,41.86,2026-08-03
CONFIPET,EQ,03-Aug-2026,79.66,80.03,84.4,80.0,83.77,5300850,4402.79,27634,2495007.0,47.07,2026-08-03
CONNPLEX,SM,03-Aug-2026,202.05,205.5,207.45,204.25,204.5,13600,27.92,16,12800.0,94.12,2026-08-03
CONS,EQ,03-Aug-2026,12.47,12.65,12.65,12.29,12.47,80418,10.07,212,54416.0,67.67,2026-08-03
CONSOFINVT,BE,03-Aug-2026,298.25,301.0,302.7,292.0,295.75,6069,17.95,103,,,2026-08-03
CONSUMAXIS,EQ,03-Aug-2026,124.29,124.29,125.69,124.29,125.1,7213,9.05,46,3441.0,47.71,2026-08-03
CONSUMBEES,EQ,03-Aug-2026,134.53,135.09,135.93,133.53,135.2,219813,297.8,1435,188060.0,85.55,2026-08-03
CONSUMER,EQ,03-Aug-2026,12.08,12.11,12.25,12.1,12.18,421073,51.21,502,284379.0,67.54,2026-08-03
CONSUMIETF,EQ,03-Aug-2026,125.4,127.91,127.91,125.35,125.94,26499,33.39,314,16043.0,60.54,2026-08-03
CONTROLPR,EQ,03-Aug-2026,572.5,571.05,577.0,570.05,571.45,23627,135.4,2236,15229.0,64.46,2026-08-03
COOLCAPS,ST,03-Aug-2026,22.0,22.0,23.0,21.05,22.9,50000,11.06,25,50000.0,100.0,2026-08-03
CORALFINAC,EQ,03-Aug-2026,33.6,34.74,35.95,32.7,33.4,272811,93.27,998,102854.0,37.7,2026-08-03
CORDELIA,EQ,03-Aug-2026,820.8,830.0,831.9,801.1,806.75,128243,1042.72,6490,49352.0,38.48,2026-08-03
CORDSCABLE,BE,03-Aug-2026,201.53,204.85,211.6,204.0,211.6,33925,71.47,296,,,2026-08-03
COROMANDEL,EQ,03-Aug-2026,2073.6,2083.0,2128.9,2064.5,2115.3,184125,3875.37,20441,115395.0,62.67,2026-08-03
CORONA,EQ,03-Aug-2026,2098.8,2210.0,2210.0,2052.0,2105.7,115041,2433.11,24236,42196.0,36.68,2026-08-03
COSMOFIRST,EQ,03-Aug-2026,892.3,896.75,914.9,894.1,910.05,102857,932.32,5625,55458.0,53.92,2026-08-03
COUNCODOS,EQ,03-Aug-2026,5.95,5.95,6.24,5.89,6.02,47085,2.81,192,41480.0,88.1,2026-08-03
CPCAP,BE,03-Aug-2026,110.07,112.5,115.0,111.0,114.57,23954,27.11,144,,,2026-08-03
CPEDU,EQ,03-Aug-2026,208.81,208.0,215.1,202.6,207.48,16046,33.82,455,10380.0,64.69,2026-08-03
CPL,EQ,03-Aug-2026,71.04,71.5,72.45,70.2,70.49,29740,21.19,327,21646.0,72.78,2026-08-03
CPPLUS,EQ,03-Aug-2026,3391.0,3444.2,3525.0,3346.6,3428.7,164705,5680.44,20688,72878.0,44.25,2026-08-03
CPS,SM,03-Aug-2026,1023.0,1050.0,1074.15,1000.05,1051.35,3600,37.84,20,3300.0,91.67,2026-08-03
CPSEETF,EQ,03-Aug-2026,94.91,94.99,96.29,94.7,94.89,757122,719.48,11157,506371.0,66.88,2026-08-03
CRAFTSMAN,EQ,03-Aug-2026,9873.5,9934.5,10400.0,9922.5,10338.5,85274,8755.4,23601,35369.0,41.48,2026-08-03
CRAMC,EQ,03-Aug-2026,261.27,262.0,265.0,258.9,261.2,358624,941.78,9976,199548.0,55.64,2026-08-03
CREATIVEYE,EQ,03-Aug-2026,6.24,6.1,6.72,6.1,6.2,13205,0.83,77,9923.0,75.15,2026-08-03
CREDITACC,EQ,03-Aug-2026,1592.8,1602.0,1606.0,1542.2,1558.2,290154,4523.33,27286,140141.0,48.3,2026-08-03
CREST,EQ,03-Aug-2026,376.2,376.55,395.0,372.1,389.7,15908,61.38,584,9534.0,59.93,2026-08-03
CRISIL,EQ,03-Aug-2026,4359.8,4359.8,4450.0,4309.9,4424.9,53732,2371.26,9151,32148.0,59.83,2026-08-03
CRIZAC,EQ,03-Aug-2026,195.13,198.4,205.0,188.22,195.88,2333300,4562.35,41637,497878.0,21.34,2026-08-03
CROMPTON,EQ,03-Aug-2026,260.2,261.5,268.8,260.8,266.3,1873396,4981.57,27339,651093.0,34.75,2026-08-03
CROWN,EQ,03-Aug-2026,114.59,114.59,116.0,113.16,115.11,7190,8.28,72,6974.0,97.0,2026-08-03
CSBBANK,EQ,03-Aug-2026,329.9,330.1,334.75,329.65,332.8,211279,702.91,6141,119874.0,56.74,2026-08-03
CSLFINANCE,EQ,03-Aug-2026,212.96,214.99,225.99,212.02,219.78,15488,33.69,288,12614.0,81.44,2026-08-03
CSM,EQ,03-Aug-2026,104.78,102.52,108.2,101.1,104.88,1147334,1221.71,9290,370906.0,32.33,2026-08-03
CSSL,SM,03-Aug-2026,98.15,100.0,100.0,99.0,99.25,5000,4.99,5,4000.0,80.0,2026-08-03
CTE,EQ,03-Aug-2026,34.92,36.48,38.35,34.0,37.65,79517,29.65,673,61813.0,77.74,2026-08-03
CUB,EQ,03-Aug-2026,206.5,208.5,210.48,202.6,204.65,2349845,4852.78,34009,1239084.0,52.73,2026-08-03
CUBEINVIT,IV,03-Aug-2026,156.96,156.05,157.44,153.52,156.49,4831179,7535.93,33886,4362391.0,90.3,2026-08-03
CUBEXTUB,EQ,03-Aug-2026,76.28,77.5,79.95,76.66,79.65,54804,43.03,961,37242.0,67.95,2026-08-03
CUDML,ST,03-Aug-2026,133.5,131.0,131.0,131.0,131.0,5000,6.55,5,5000.0,100.0,2026-08-03
CUMMINSIND,EQ,03-Aug-2026,5519.0,5526.0,5550.0,5486.0,5550.0,146209,8064.81,19873,75586.0,51.7,2026-08-03
CUPID,EQ,03-Aug-2026,230.62,231.5,234.38,229.0,230.95,11488664,26678.79,67980,3865889.0,33.65,2026-08-03
CURAA,EQ,03-Aug-2026,73.14,71.11,72.78,71.1,72.5,470,0.34,34,371.0,78.94,2026-08-03
CURIS,SM,03-Aug-2026,113.0,125.0,125.0,110.0,110.1,9000,10.31,9,7000.0,77.78,2026-08-03
CURRENT,SM,03-Aug-2026,108.0,100.6,103.5,100.6,103.5,6400,6.56,4,1600.0,25.0,2026-08-03
CYBERMEDIA,BE,03-Aug-2026,15.83,16.4,16.4,15.31,16.19,5658,0.92,38,,,2026-08-03
CYBERTECH,BE,03-Aug-2026,140.27,138.33,143.35,138.33,141.59,5834,8.27,129,,,2026-08-03
CYIENT,EQ,03-Aug-2026,847.7,847.7,865.9,845.0,858.55,309567,2660.89,20292,200280.0,64.7,2026-08-03
CYIENTDLM,EQ,03-Aug-2026,670.05,672.0,687.2,670.0,671.7,207998,1409.19,12292,91858.0,44.16,2026-08-03
DABUR,EQ,03-Aug-2026,421.45,423.8,426.2,421.4,425.8,1969475,8353.61,30847,1114397.0,56.58,2026-08-03
DAICHI,BE,03-Aug-2026,315.8,307.9,326.95,303.05,321.1,1081,3.38,40,,,2026-08-03
DALBHARAT,EQ,03-Aug-2026,1799.7,1799.7,1846.6,1795.0,1844.6,226772,4148.66,12764,66237.0,29.21,2026-08-03
DALMIASUG,EQ,03-Aug-2026,350.9,351.0,421.05,351.0,411.85,10294952,41144.67,123948,849563.0,8.25,2026-08-03
DAMCAPITAL,EQ,03-Aug-2026,152.86,155.7,155.7,152.1,153.71,197235,303.76,2743,110634.0,56.09,2026-08-03
DAMODARIND,BE,03-Aug-2026,28.54,29.4,29.4,27.32,28.05,3532,0.98,35,,,2026-08-03
DANGEE,EQ,03-Aug-2026,2.94,2.95,3.08,2.9,2.98,51910,1.58,88,46582.0,89.74,2026-08-03
DANISH,SM,03-Aug-2026,814.6,825.0,833.0,815.0,820.2,27150,222.89,108,23100.0,85.08,2026-08-03
DATAMATICS,EQ,03-Aug-2026,832.05,833.7,835.0,820.05,824.95,58143,481.06,4436,29528.0,50.79,2026-08-03
DATAPATTNS,EQ,03-Aug-2026,4281.0,4300.7,4455.0,4236.1,4428.8,1046196,45571.67,78504,205201.0,19.61,2026-08-03
DAVANGERE,EQ,03-Aug-2026,3.19,3.25,3.29,3.17,3.18,5404905,173.09,2075,3325028.0,61.52,2026-08-03
DBCORP,EQ,03-Aug-2026,208.95,210.0,213.2,208.28,210.53,140805,296.2,3519,65277.0,46.36,2026-08-03
DBEIL,BE,03-Aug-2026,7.35,7.35,7.6,7.28,7.3,213420,15.74,402,,,2026-08-03
DBL,EQ,03-Aug-2026,429.2,426.9,464.7,425.9,444.35,1336317,6037.53,32626,304964.0,22.82,2026-08-03
DBOL,EQ,03-Aug-2026,97.88,97.55,106.13,97.01,102.91,260131,265.58,2758,142413.0,54.75,2026-08-03
DBREALTY,BE,03-Aug-2026,112.8,113.3,114.95,112.15,113.03,135275,153.71,768,,,2026-08-03
DBSTOCKBRO,BE,03-Aug-2026,34.46,34.46,35.98,33.6,34.16,10951,3.81,95,,,2026-08-03
DCAL,EQ,03-Aug-2026,186.94,187.3,191.24,187.05,188.05,106708,201.99,2796,58012.0,54.37,2026-08-03
DCBBANK,EQ,03-Aug-2026,186.09,189.0,191.89,187.16,191.09,801482,1530.16,9628,382068.0,47.67,2026-08-03
DCCL,SM,03-Aug-2026,49.0,49.5,50.9,49.5,50.9,6000,3.03,3,6000.0,100.0,2026-08-03
DCG,SM,03-Aug-2026,52.15,54.5,54.9,54.35,54.6,13200,7.21,10,13200.0,100.0,2026-08-03
DCI,EQ,03-Aug-2026,329.7,345.0,365.9,315.0,337.2,155608,548.08,5756,69663.0,44.77,2026-08-03
DCM,BE,03-Aug-2026,88.05,89.8,89.8,83.65,83.65,14955,12.56,109,,,2026-08-03
DCMFINSERV,EQ,03-Aug-2026,5.22,5.05,5.59,4.7,4.94,25466,1.26,131,18204.0,71.48,2026-08-03
DCMNVL,BE,03-Aug-2026,137.37,141.75,143.2,140.05,142.57,3917,5.57,38,,,2026-08-03
DCMSHRIRAM,EQ,03-Aug-2026,1033.9,1045.9,1045.9,1025.0,1029.8,134290,1388.56,8621,63219.0,47.08,2026-08-03
DCMSIL,BE,03-Aug-2026,73.37,70.74,76.49,70.74,75.68,108852,79.36,556,,,2026-08-03
DCMSRIND,EQ,03-Aug-2026,39.26,39.3,42.35,39.3,41.56,218527,89.62,2269,116738.0,53.42,2026-08-03
DCW,EQ,03-Aug-2026,46.19,46.46,47.3,46.28,46.73,584703,274.33,2625,292460.0,50.02,2026-08-03
DCXINDIA,EQ,03-Aug-2026,180.37,181.8,184.5,181.31,183.55,286931,526.49,4269,166318.0,57.96,2026-08-03
DDEVPLSTIK,EQ,03-Aug-2026,268.15,268.15,289.95,268.15,288.35,265871,749.68,4509,126763.0,47.68,2026-08-03
DECCANCE,EQ,03-Aug-2026,553.2,551.1,561.85,551.1,556.0,12303,68.49,326,9916.0,80.6,2026-08-03
DECNGOLD,EQ,03-Aug-2026,197.73,199.99,205.7,198.0,204.28,1642489,3329.67,18261,544453.0,33.15,2026-08-03
DEEDEV,BE,03-Aug-2026,678.55,682.0,695.0,680.0,692.35,56156,387.69,1361,,,2026-08-03
DEEM,ST,03-Aug-2026,51.0,48.5,48.5,48.5,48.5,1000,0.49,1,1000.0,100.0,2026-08-03
DEEPAKFERT,EQ,03-Aug-2026,1552.8,1562.0,1593.8,1536.1,1576.0,297790,4694.69,16195,117370.0,39.41,2026-08-03
DEEPAKNTR,EQ,03-Aug-2026,1662.2,1667.0,1725.0,1656.1,1713.8,179743,3056.25,17551,91634.0,50.98,2026-08-03
DEEPINDS,EQ,03-Aug-2026,596.9,613.0,655.0,608.9,649.3,3599984,22932.32,77808,769398.0,21.37,2026-08-03
DEFENCE,EQ,03-Aug-2026,78.35,80.7,80.7,78.7,79.12,129174,102.14,667,94083.0,72.83,2026-08-03
DELAPLEX,SM,03-Aug-2026,94.5,94.5,99.7,94.5,95.35,7800,7.45,10,6000.0,76.92,2026-08-03
DELHIVERY,EQ,03-Aug-2026,481.95,487.95,487.95,468.85,470.0,3336754,15896.51,50893,1221351.0,36.6,2026-08-03
DELPHIFX,BE,03-Aug-2026,6.71,6.99,6.99,6.64,6.81,53774,3.69,172,,,2026-08-03
DELTACORP,EQ,03-Aug-2026,62.97,63.29,63.94,63.12,63.4,744582,473.24,3902,362599.0,48.7,2026-08-03
DELTAMAGNT,EQ,03-Aug-2026,56.86,56.76,59.0,56.76,57.92,2731,1.58,65,1969.0,72.1,2026-08-03
DELTIC,SM,03-Aug-2026,36.45,36.3,38.8,36.25,38.15,36000,13.49,27,29000.0,80.56,2026-08-03
DEN,EQ,03-Aug-2026,27.41,27.49,27.86,27.49,27.72,271484,75.14,1311,175228.0,64.54,2026-08-03
DENEERS,SM,03-Aug-2026,186.95,185.0,188.95,182.0,185.1,42000,77.58,54,28800.0,68.57,2026-08-03
DENORA,EQ,03-Aug-2026,906.4,906.4,935.3,870.6,891.05,15207,137.61,1122,9250.0,60.83,2026-08-03
DENTA,EQ,03-Aug-2026,354.25,358.75,366.0,352.25,364.05,460266,1658.2,12535,174340.0,37.88,2026-08-03
DENTALKART,SM,03-Aug-2026,393.75,393.75,393.75,388.2,390.55,10000,39.1,30,7000.0,70.0,2026-08-03
DEVIT,EQ,03-Aug-2026,27.03,27.3,27.49,26.81,27.12,27764,7.54,221,25390.0,91.45,2026-08-03
DEVX,EQ,03-Aug-2026,33.94,34.97,34.97,33.9,34.33,62313,21.42,2452,52459.0,84.19,2026-08-03
DEVYANI,EQ,03-Aug-2026,114.18,114.5,117.14,112.55,116.76,2504773,2895.91,41491,1104317.0,44.09,2026-08-03
DGCONTENT,EQ,03-Aug-2026,23.96,24.98,25.29,23.62,23.84,23800,5.77,145,15976.0,67.13,2026-08-03
DHAMPURSUG,EQ,03-Aug-2026,135.48,139.5,146.25,138.46,143.84,1242280,1779.77,18192,352558.0,28.38,2026-08-03
DHANBANK,EQ,03-Aug-2026,32.07,32.6,33.66,32.27,32.73,1294688,425.54,5156,495803.0,38.3,2026-08-03
DHANLAXMI,SM,03-Aug-2026,27.1,26.95,26.95,26.95,26.95,2000,0.54,1,2000.0,100.0,2026-08-03
DHANUKA,EQ,03-Aug-2026,1021.9,1019.0,1049.5,943.3,1023.3,340620,3409.82,23185,56743.0,16.66,2026-08-03
DHARAN,BZ,03-Aug-2026,0.15,0.16,0.16,0.15,0.15,9616608,14.93,1501,,,2026-08-03
DHARARAIL,ST,03-Aug-2026,133.8,136.0,136.85,134.0,135.8,49000,66.59,22,49000.0,100.0,2026-08-03
DHARIWAL,SM,03-Aug-2026,30.45,30.0,31.0,27.25,27.9,333000,95.33,102,243000.0,72.97,2026-08-03
DHARMAJ,EQ,03-Aug-2026,267.85,270.4,272.5,267.75,269.85,20508,55.36,893,17956.0,87.56,2026-08-03
DHRUV,BE,03-Aug-2026,24.59,24.6,24.6,24.3,24.55,1190,0.29,15,,,2026-08-03
DHUNINV,EQ,03-Aug-2026,846.55,866.55,895.0,865.0,886.9,517,4.57,114,343.0,66.34,2026-08-03
DIACABS,EQ,03-Aug-2026,323.97,322.0,329.0,316.5,322.85,3140560,10149.06,28910,1732921.0,55.18,2026-08-03
DIAMINESQ,EQ,03-Aug-2026,243.05,243.4,244.0,239.1,239.73,3443,8.33,202,3014.0,87.54,2026-08-03
DIAMONDYD,EQ,03-Aug-2026,1159.5,1199.0,1199.0,1102.1,1163.8,412833,4697.12,9613,185055.0,44.83,2026-08-03
DICIND,EQ,03-Aug-2026,514.65,510.4,528.0,508.0,510.1,765,3.93,44,451.0,58.95,2026-08-03
DIFFNKG,EQ,03-Aug-2026,383.65,385.1,410.0,385.1,406.1,164109,660.56,5484,73320.0,44.68,2026-08-03
DIGIDRIVE,EQ,03-Aug-2026,17.76,17.63,18.0,17.55,17.76,32984,5.83,133,30888.0,93.65,2026-08-03
DIGIKORE,SM,03-Aug-2026,39.0,38.25,42.65,38.0,41.9,144800,59.15,193,111600.0,77.07,2026-08-03
DIGISPICE,BE,03-Aug-2026,18.1,17.95,18.38,17.75,17.98,18310,3.3,120,,,2026-08-03
DIGITIDE,EQ,03-Aug-2026,101.33,101.49,102.89,99.2,100.15,210639,212.72,2617,97031.0,46.07,2026-08-03
DIGJAMLMTD,EQ,03-Aug-2026,48.95,49.01,50.0,47.03,48.59,16187,7.93,114,13913.0,85.95,2026-08-03
DIL,BZ,03-Aug-2026,0.81,0.81,0.82,0.77,0.77,640877,5.0,532,,,2026-08-03
DISAQ,EQ,03-Aug-2026,12225.0,12350.0,12350.0,12200.0,12332.0,824,101.23,549,328.0,39.81,2026-08-03
DISHTV,BE,03-Aug-2026,2.85,2.85,2.86,2.82,2.84,576402,16.35,949,,,2026-08-03
DIVGIITTS,EQ,03-Aug-2026,962.75,984.85,986.95,960.45,975.6,25072,244.68,2465,13334.0,53.18,2026-08-03
DIVIDEND,EQ,03-Aug-2026,36.1,36.38,36.55,36.31,36.46,6132,2.23,83,5963.0,97.24,2026-08-03
DIVINEHIRA,ST,03-Aug-2026,107.9,108.0,109.0,107.0,109.0,12000,12.97,10,9600.0,80.0,2026-08-03
DIVISLAB,EQ,03-Aug-2026,8056.0,8380.0,8585.0,8105.0,8585.0,1798150,150083.99,150785,573969.0,31.92,2026-08-03
DIVOPPBEES,EQ,03-Aug-2026,78.34,79.11,79.44,78.28,79.31,86558,68.61,1361,58933.0,68.08,2026-08-03
DIVYADHAN,ST,03-Aug-2026,53.75,54.8,54.8,54.8,54.8,4000,2.19,2,4000.0,100.0,2026-08-03
DIXON,EQ,03-Aug-2026,14049.0,13875.0,14085.0,13579.0,13892.0,728101,100965.19,94021,186944.0,25.68,2026-08-03
DJML,EQ,03-Aug-2026,114.81,114.3,115.86,111.1,112.58,203464,231.02,3364,27528.0,13.53,2026-08-03
DKEGL,SM,03-Aug-2026,65.25,66.0,66.0,66.0,66.0,1500,0.99,1,1500.0,100.0,2026-08-03
DLF,EQ,03-Aug-2026,659.3,668.25,670.9,660.6,668.55,1660676,11058.64,32490,498136.0,30.0,2026-08-03
DLINKINDIA,EQ,03-Aug-2026,451.8,452.85,459.2,449.1,450.8,114653,520.96,4247,60220.0,52.52,2026-08-03
DMART,EQ,03-Aug-2026,3921.0,3945.1,4017.0,3912.1,4015.0,497304,19797.5,32754,240318.0,48.32,2026-08-03
DMCC,EQ,03-Aug-2026,282.75,282.75,285.9,274.35,278.0,52656,147.23,1628,30774.0,58.44,2026-08-03
DNAMEDIA,EQ,03-Aug-2026,2.83,2.76,3.15,2.76,2.87,167358,4.87,197,33505.0,20.02,2026-08-03
DODLA,EQ,03-Aug-2026,1040.6,1026.1,1052.8,1026.1,1046.3,12607,131.66,2375,4941.0,39.19,2026-08-03
DOLATALGO,EQ,03-Aug-2026,68.17,67.77,68.84,67.45,67.56,170157,115.46,1809,119187.0,70.05,2026-08-03
DOLLAR,EQ,03-Aug-2026,264.0,267.95,269.3,264.55,267.4,65550,175.47,1626,39968.0,60.97,2026-08-03
DOLLEX,SM,03-Aug-2026,30.25,30.0,31.5,30.0,30.45,56000,17.01,8,56000.0,100.0,2026-08-03
DOLPHIN,EQ,03-Aug-2026,393.8,404.0,418.4,390.15,405.45,69378,282.6,1889,44401.0,64.0,2026-08-03
DOMS,EQ,03-Aug-2026,2260.0,2282.6,2324.7,2230.0,2292.0,53904,1239.27,9179,25709.0,47.69,2026-08-03
DONEAR,EQ,03-Aug-2026,84.74,84.95,85.0,82.01,84.44,62982,52.71,675,30378.0,48.23,2026-08-03
DPABHUSHAN,EQ,03-Aug-2026,1317.95,1329.9,1436.0,1329.9,1420.2,73799,1032.37,7253,24969.0,33.83,2026-08-03
DPEL,SM,03-Aug-2026,558.5,560.05,563.0,547.0,548.0,44500,246.11,85,27000.0,60.67,2026-08-03
DPSCLTD,BE,03-Aug-2026,7.35,7.5,7.7,7.41,7.53,99625,7.52,465,,,2026-08-03
DPWIRES,BE,03-Aug-2026,165.53,166.98,166.98,162.05,164.27,7304,12.02,195,,,2026-08-03
DRAGARWQ,EQ,03-Aug-2026,5022.5,5134.5,5134.5,5000.0,5007.0,1335,66.97,184,1058.0,79.25,2026-08-03
DRCSYSTEMS,EQ,03-Aug-2026,13.12,13.21,13.63,13.15,13.57,23317,3.12,240,20444.0,87.68,2026-08-03
DREAMFOLKS,EQ,03-Aug-2026,66.66,66.01,68.45,66.0,67.48,41228,27.88,1207,27416.0,66.5,2026-08-03
DREDGECORP,EQ,03-Aug-2026,1139.4,1145.0,1161.5,1088.0,1096.5,139028,1560.78,8824,59995.0,43.15,2026-08-03
DRONE,SM,03-Aug-2026,39.4,41.3,41.3,39.05,39.4,17500,6.97,32,13500.0,77.14,2026-08-03
DRREDDY,EQ,03-Aug-2026,1148.1,1166.2,1182.0,1160.3,1180.0,2150927,25099.25,89061,1110142.0,51.61,2026-08-03
DSFCL,BE,03-Aug-2026,25.81,25.81,25.81,25.33,25.56,16848,4.33,67,,,2026-08-03
DSKULKARNI,BE,03-Aug-2026,1.0,8.6,9.03,8.6,9.03,59,0.01,3,,,2026-08-03
DSSL,EQ,03-Aug-2026,1233.1,1241.0,1280.0,1226.0,1253.3,38680,481.28,2383,23895.0,61.78,2026-08-03
DTIL,EQ,03-Aug-2026,130.87,130.87,133.97,130.01,130.39,2121,2.79,39,1592.0,75.06,2026-08-03
DTL,SM,03-Aug-2026,120.0,120.0,120.0,120.0,120.0,1200,1.44,1,1200.0,100.0,2026-08-03
DUCOL,SM,03-Aug-2026,103.1,114.9,114.9,104.65,113.45,13600,14.85,9,12000.0,88.24,2026-08-03
DUCON,EQ,03-Aug-2026,2.95,3.0,3.02,2.9,2.98,140674,4.2,288,133887.0,95.18,2026-08-03
DURLAX,SM,03-Aug-2026,57.15,58.45,58.45,57.0,57.0,30000,17.41,14,28000.0,93.33,2026-08-03
DVL,EQ,03-Aug-2026,240.64,239.85,247.2,238.25,245.89,6618,16.17,297,4672.0,70.6,2026-08-03
DWARKESH,EQ,03-Aug-2026,37.04,37.28,39.49,37.28,39.0,2345093,909.36,11952,835738.0,35.64,2026-08-03
DYCL,EQ,03-Aug-2026,395.2,398.0,406.85,394.65,402.45,345799,1394.66,8179,108504.0,31.38,2026-08-03
DYNAMATECH,EQ,03-Aug-2026,10339.0,10356.0,10985.0,10356.0,10763.0,17854,1933.58,6555,6401.0,35.85,2026-08-03
DYNAMIC,ST,03-Aug-2026,137.25,136.75,136.95,134.0,134.0,2000,2.71,4,2000.0,100.0,2026-08-03
DYNPRO,EQ,03-Aug-2026,263.12,275.0,275.0,260.6,264.2,19622,52.23,547,14313.0,72.94,2026-08-03
E2E,EQ,03-Aug-2026,517.15,536.35,543.0,526.9,543.0,539520,2903.76,4742,356236.0,66.03,2026-08-03
E2ERAIL,ST,03-Aug-2026,267.55,272.0,279.4,272.0,279.4,18400,50.66,22,16000.0,86.96,2026-08-03
EASEMYTRIP,EQ,03-Aug-2026,6.61,6.66,6.74,6.59,6.6,21818045,1449.93,12443,9256780.0,42.43,2026-08-03
EASTSILK,BE,03-Aug-2026,59.65,60.24,62.63,59.36,62.63,3515,2.2,42,,,2026-08-03
EBANKNIFTY,EQ,03-Aug-2026,57.95,58.25,58.54,57.86,58.41,4830,2.81,42,4437.0,91.86,2026-08-03
EBBETF0430,EQ,03-Aug-2026,1608.56,1615.7,1615.7,1608.01,1610.35,24591,396.3,2159,21752.0,88.46,2026-08-03
EBBETF0431,EQ,03-Aug-2026,1441.34,1437.0,1444.74,1435.64,1438.99,57504,827.41,211,55696.0,96.86,2026-08-03
EBBETF0433,EQ,03-Aug-2026,1316.96,1318.86,1320.0,1312.7,1319.23,10158,133.84,224,4883.0,48.07,2026-08-03
EBGNG,EQ,03-Aug-2026,528.65,539.15,547.0,516.85,535.2,561641,2995.79,21505,287787.0,51.24,2026-08-03
ECAPINSURE,EQ,03-Aug-2026,23.82,23.58,24.15,23.58,23.97,61152,14.61,361,56284.0,92.04,2026-08-03
ECLERX,EQ,03-Aug-2026,1845.5,1860.1,1945.0,1852.0,1922.2,159968,3061.09,18099,59704.0,37.32,2026-08-03
ECOLINE,ST,03-Aug-2026,195.7,198.0,200.0,188.0,194.0,23000,44.21,18,21000.0,91.3,2026-08-03
ECOSMOBLTY,BE,03-Aug-2026,134.48,137.7,137.81,131.05,135.2,33507,45.41,278,,,2026-08-03
EDELWEISS,EQ,03-Aug-2026,115.47,116.6,118.45,116.04,116.33,1669628,1956.03,17235,869729.0,52.09,2026-08-03
EDUCOMP,BZ,03-Aug-2026,0.9,0.9,0.94,0.86,0.91,63346,0.58,100,,,2026-08-03
EEPL,SM,03-Aug-2026,101.15,101.2,102.0,99.3,102.0,15000,15.15,14,13000.0,86.67,2026-08-03
EFACTOR,SM,03-Aug-2026,175.0,175.55,176.6,170.0,172.2,4400,7.65,10,3600.0,81.82,2026-08-03
EFCIL,EQ,03-Aug-2026,194.86,194.51,195.98,192.05,193.96,283297,547.67,4310,159202.0,56.2,2026-08-03
EFFWA,ST,03-Aug-2026,371.05,374.75,383.0,365.55,377.25,14000,52.63,23,12800.0,91.43,2026-08-03
EFORCE,SM,03-Aug-2026,21.75,20.6,21.25,20.6,21.25,25200,5.26,18,18000.0,71.43,2026-08-03
EGOLD,EQ,03-Aug-2026,141.65,143.05,143.05,141.4,141.7,29918,42.4,454,15474.0,51.72,2026-08-03
EICHERMOT,EQ,03-Aug-2026,7833.5,7900.0,8056.0,7852.0,8050.0,1009396,80709.98,83688,586823.0,58.14,2026-08-03
EIDPARRY,EQ,03-Aug-2026,760.05,761.2,782.8,761.2,780.3,179666,1396.36,11279,102086.0,56.82,2026-08-03
EIEL,EQ,03-Aug-2026,220.06,223.0,224.4,221.1,222.64,641485,1428.84,10811,265356.0,41.37,2026-08-03
EIFFL,BE,03-Aug-2026,313.75,325.0,325.0,298.1,299.1,17056,51.68,161,,,2026-08-03
EIHAHOTELS,EQ,03-Aug-2026,309.95,313.0,317.0,309.2,312.55,14302,44.93,736,8588.0,60.05,2026-08-03
EIHOTEL,EQ,03-Aug-2026,327.0,327.55,332.1,327.4,330.1,85964,283.84,4198,50024.0,58.19,2026-08-03
EIMCOELECO,EQ,03-Aug-2026,1780.8,1793.0,1874.5,1785.5,1837.8,21467,391.65,2585,13988.0,65.16,2026-08-03
EKC,EQ,03-Aug-2026,106.77,107.7,110.5,106.89,109.78,180853,197.12,2822,95971.0,53.07,2026-08-03
ELANTAS,EQ,03-Aug-2026,9370.0,9497.0,9899.0,9497.0,9797.0,935,90.94,310,736.0,78.72,2026-08-03
ELCIDIN,EQ,03-Aug-2026,111000.0,112995.0,112995.0,110600.0,111750.0,18,20.06,17,13.0,72.22,2026-08-03
ELDEHSG,EQ,03-Aug-2026,771.8,796.8,807.7,775.0,803.5,1301,10.36,56,1163.0,89.39,2026-08-03
ELECON,EQ,03-Aug-2026,419.05,425.2,434.9,422.45,428.3,367171,1578.43,18457,180396.0,49.13,2026-08-03
ELECTCAST,EQ,03-Aug-2026,70.65,70.98,72.99,70.98,71.8,1007842,728.38,9385,514178.0,51.02,2026-08-03
ELECTHERM,EQ,03-Aug-2026,1007.6,1010.4,1064.9,1000.0,1008.0,29706,305.13,2081,14795.0,49.8,2026-08-03
ELGIEQUIP,EQ,03-Aug-2026,569.65,570.05,585.1,569.65,582.6,172551,1003.29,12843,96263.0,55.79,2026-08-03
ELGIRUBCO,EQ,03-Aug-2026,59.69,60.0,60.31,57.0,57.41,65204,38.12,764,42703.0,65.49,2026-08-03
ELGNZ,SM,03-Aug-2026,102.65,104.05,105.0,99.1,102.0,28000,28.78,20,16000.0,57.14,2026-08-03
ELIN,EQ,03-Aug-2026,100.6,100.6,105.11,100.6,103.55,193419,199.82,3010,80442.0,41.59,2026-08-03
ELIQUID,EQ,03-Aug-2026,1041.92,1042.06,1042.06,1042.04,1042.05,31610,329.39,24,20392.0,64.51,2026-08-03
ELITECON,EQ,03-Aug-2026,15.64,15.8,17.2,15.68,17.19,2801719,469.9,6637,1516997.0,54.15,2026-08-03
ELLEN,EQ,03-Aug-2026,263.45,267.95,280.5,265.1,273.05,751725,2063.83,11603,378057.0,50.29,2026-08-03
ELM250,EQ,03-Aug-2026,16.67,16.34,17.0,16.34,16.9,47480,8.0,232,36686.0,77.27,2026-08-03
ELPROINTL,EQ,03-Aug-2026,177.0,177.0,179.0,176.51,178.37,68128,121.16,440,59459.0,87.28,2026-08-03
EMAMILTD,EQ,03-Aug-2026,398.05,399.5,407.95,398.7,406.0,413488,1676.85,12380,237301.0,57.39,2026-08-03
EMAMIPAP,BE,03-Aug-2026,109.59,114.98,115.06,111.0,114.9,82627,94.14,590,,,2026-08-03
EMAMIREAL,BE,03-Aug-2026,78.42,76.85,81.5,76.85,78.28,9953,7.91,82,,,2026-08-03
EMAPARTNER,SM,03-Aug-2026,80.75,80.4,80.4,79.0,79.0,18000,14.41,5,18000.0,100.0,2026-08-03
EMBASSY,RR,03-Aug-2026,437.99,439.0,443.94,438.0,443.04,744612,3297.36,16861,701642.0,94.23,2026-08-03
EMBDL,EQ,03-Aug-2026,61.14,62.0,62.3,60.25,60.79,1877185,1151.77,11737,969767.0,51.66,2026-08-03
EMCURE,EQ,03-Aug-2026,1960.1,1966.0,1996.7,1933.1,1969.7,116048,2287.4,15449,65740.0,56.65,2026-08-03
EMETAL,EQ,03-Aug-2026,12.87,12.81,13.36,12.81,12.94,11246,1.46,47,9556.0,84.97,2026-08-03
EMIL,EQ,03-Aug-2026,130.16,130.5,135.38,130.5,131.35,3324272,4399.59,24466,2080108.0,62.57,2026-08-03
EMKAY,EQ,03-Aug-2026,241.75,245.9,246.58,238.21,241.35,10919,26.5,520,6732.0,61.65,2026-08-03
EMKAYTOOLS,SM,03-Aug-2026,93.5,99.0,99.0,94.05,94.3,750,0.72,5,450.0,60.0,2026-08-03
EMMBI,BE,03-Aug-2026,87.46,88.0,89.9,83.1,85.61,10054,8.69,112,,,2026-08-03
EMMIL,SM,03-Aug-2026,124.05,122.8,122.8,117.0,121.35,6250,7.54,22,4250.0,68.0,2026-08-03
EMMVEE,EQ,03-Aug-2026,317.6,319.75,323.5,314.4,319.55,1059943,3395.39,26346,518488.0,48.92,2026-08-03
EMPOWER,BE,03-Aug-2026,2.57,2.65,2.69,2.6,2.68,4036841,107.96,3086,,,2026-08-03
EMSLIMITED,EQ,03-Aug-2026,411.5,414.0,416.85,407.55,414.35,245231,1010.98,6973,85345.0,34.8,2026-08-03
EMUDHRA,EQ,03-Aug-2026,464.1,462.9,483.9,462.9,477.85,315431,1491.33,7885,204535.0,64.84,2026-08-03
EMULTIMQ,EQ,03-Aug-2026,41.07,41.17,41.88,40.23,40.96,319038,130.64,365,254014.0,79.62,2026-08-03
ENCOMPAS,SM,03-Aug-2026,245.15,245.5,253.9,233.0,247.5,12000,29.39,27,7200.0,60.0,2026-08-03
ENDURANCE,EQ,03-Aug-2026,2758.3,2771.9,2835.3,2731.4,2787.6,125969,3539.6,16447,75600.0,60.01,2026-08-03
ENERGY,EQ,03-Aug-2026,38.85,38.96,39.17,38.53,38.99,291666,113.83,1121,176959.0,60.67,2026-08-03
ENERGYDEV,EQ,03-Aug-2026,16.72,16.75,17.41,16.75,16.77,27320,4.6,271,19948.0,73.02,2026-08-03
ENEXT50,EQ,03-Aug-2026,73.66,74.25,74.25,73.7,74.0,89,0.07,5,79.0,88.76,2026-08-03
ENFUSE,SM,03-Aug-2026,164.5,160.0,169.0,159.2,159.2,4800,7.79,8,4200.0,87.5,2026-08-03
ENGINERSIN,EQ,03-Aug-2026,222.38,222.38,228.68,222.38,226.8,1543983,3505.41,26342,698551.0,45.24,2026-08-03
ENIFTY,EQ,03-Aug-2026,24.59,25.08,25.08,24.6,24.79,6734,1.67,95,4451.0,66.1,2026-08-03
ENIL,EQ,03-Aug-2026,108.0,108.0,112.99,107.52,108.81,22979,25.26,654,17057.0,74.23,2026-08-03
ENRIN,EQ,03-Aug-2026,3230.8,3236.0,3298.3,3181.0,3256.0,411370,13367.31,45839,190654.0,46.35,2026-08-03
ENSER,SM,03-Aug-2026,13.75,14.1,14.7,14.0,14.55,165000,23.66,27,140000.0,84.85,2026-08-03
ENTERO,EQ,03-Aug-2026,1243.9,1264.5,1264.5,1231.0,1233.2,70955,879.33,7498,47443.0,66.86,2026-08-03
ENVIRO,SM,03-Aug-2026,78.0,81.9,82.5,78.45,81.85,17000,13.87,16,9000.0,52.94,2026-08-03
EPACK,EQ,03-Aug-2026,229.59,230.73,232.85,229.0,229.94,358583,827.76,5145,171581.0,47.85,2026-08-03
EPACKPEB,EQ,03-Aug-2026,267.31,248.35,254.45,239.05,243.95,3446835,8470.51,44935,1369162.0,39.72,2026-08-03
EPIGRAL,EQ,03-Aug-2026,1088.7,1095.0,1137.0,1089.5,1120.7,49169,551.25,4497,24858.0,50.56,2026-08-03
EPL,EQ,03-Aug-2026,222.42,225.0,229.4,223.29,226.7,278760,630.76,9510,134076.0,48.1,2026-08-03
EPWINDIA,ST,03-Aug-2026,231.75,239.0,243.3,239.0,243.3,8400,20.3,7,8400.0,100.0,2026-08-03
EQUAL200,EQ,03-Aug-2026,13.91,14.04,14.12,13.99,14.08,13473,1.9,93,10865.0,80.64,2026-08-03
EQUAL50,EQ,03-Aug-2026,336.58,339.95,342.59,335.03,341.18,10851,36.99,75,10367.0,95.54,2026-08-03
EQUAL50ADD,EQ,03-Aug-2026,348.51,349.73,354.33,349.52,351.94,38349,134.79,510,34486.0,89.93,2026-08-03
EQUIPPP,BE,03-Aug-2026,22.33,21.87,23.1,21.77,23.09,9293,2.12,42,,,2026-08-03
EQUITASBNK,EQ,03-Aug-2026,75.21,75.0,77.0,75.0,76.26,3338159,2551.99,30133,2272920.0,68.09,2026-08-03
ERIS,EQ,03-Aug-2026,1354.7,1353.0,1388.0,1352.5,1383.2,110236,1512.2,10322,66387.0,60.22,2026-08-03
ESABINDIA,EQ,03-Aug-2026,5628.5,5680.0,5689.0,5602.0,5614.5,2518,142.07,1157,1454.0,57.74,2026-08-03
ESAFSFB,EQ,03-Aug-2026,42.05,41.0,42.49,40.0,40.92,9790624,4047.1,34998,2158645.0,22.05,2026-08-03
ESCONET,SM,03-Aug-2026,130.85,136.5,136.75,128.6,134.0,15600,20.54,36,10000.0,64.1,2026-08-03
ESCORTS,EQ,03-Aug-2026,3086.0,3110.0,3150.0,3043.4,3135.5,678771,21119.42,55083,140134.0,20.65,2026-08-03
ESENSEX,EQ,03-Aug-2026,78.75,80.33,80.33,78.73,79.37,2051,1.62,13,2051.0,100.0,2026-08-03
ESFL,SM,03-Aug-2026,123.3,124.0,124.0,117.15,119.85,13680,16.39,31,10080.0,73.68,2026-08-03
ESG,EQ,03-Aug-2026,42.08,42.29,42.68,42.2,42.47,54940,23.29,177,49468.0,90.04,2026-08-03
ESILVER,EQ,03-Aug-2026,216.47,218.63,218.63,215.2,216.05,376947,814.46,1132,360443.0,95.62,2026-08-03
ESPRIT,SM,03-Aug-2026,62.5,65.0,67.95,62.95,67.2,96000,62.28,55,65600.0,68.33,2026-08-03
ESSARSHPNG,EQ,03-Aug-2026,19.93,20.2,20.81,19.97,20.57,131530,26.98,749,79877.0,60.73,2026-08-03
ESSENTIA,BE,03-Aug-2026,1.1,1.13,1.15,1.11,1.15,757500,8.62,496,,,2026-08-03
ESTER,EQ,03-Aug-2026,87.9,89.39,89.68,85.1,86.67,138696,121.62,1671,83398.0,60.13,2026-08-03
ETERNAL,EQ,03-Aug-2026,302.45,303.5,310.9,300.05,310.5,26906290,82538.71,138259,11126130.0,41.35,2026-08-03
ETHOSLTD,EQ,03-Aug-2026,2575.4,2556.0,3090.4,2555.9,2962.7,1592283,46546.12,119912,167147.0,10.5,2026-08-03
ETML,SM,03-Aug-2026,84.5,84.0,84.5,84.0,84.5,4800,4.05,4,4800.0,100.0,2026-08-03
EUREKAFORB,EQ,03-Aug-2026,448.45,448.5,456.95,448.0,453.65,68833,312.24,5907,42894.0,62.32,2026-08-03
EUROBOND,EQ,03-Aug-2026,158.29,158.29,163.8,156.25,161.15,7046,11.26,158,4279.0,60.73,2026-08-03
EUROPRATIK,EQ,03-Aug-2026,305.05,303.75,307.55,300.35,301.7,139763,423.75,2792,52561.0,37.61,2026-08-03
EUROTEXIND,BE,03-Aug-2026,12.87,12.81,12.81,12.69,12.69,719,0.09,5,,,2026-08-03
EVEREADY,EQ,03-Aug-2026,342.85,350.0,357.0,347.6,355.65,187826,662.76,3223,120582.0,64.2,2026-08-03
EVERESTIND,BE,03-Aug-2026,450.65,455.0,468.8,450.0,462.85,9558,43.89,212,,,2026-08-03
EVIETF,EQ,03-Aug-2026,32.79,32.88,33.27,32.81,33.17,365917,121.23,1069,259387.0,70.89,2026-08-03
EVINDIA,EQ,03-Aug-2026,32.83,33.65,33.65,32.87,33.12,534370,176.95,3168,355579.0,66.54,2026-08-03
EXCELINDUS,EQ,03-Aug-2026,986.3,991.2,1041.1,987.05,1021.7,14306,144.56,770,10366.0,72.46,2026-08-03
EXCELSOFT,EQ,03-Aug-2026,77.41,78.0,85.38,77.9,82.99,3128940,2604.0,17563,1040506.0,33.25,2026-08-03
EXICOM,EQ,03-Aug-2026,158.37,160.7,165.92,159.96,163.95,1190577,1939.56,10228,468335.0,39.34,2026-08-03
EXIDEIND,EQ,03-Aug-2026,449.8,449.95,460.0,440.0,444.7,3583632,16159.34,56403,1769518.0,49.38,2026-08-03
EXIMROUTES,SM,03-Aug-2026,109.55,109.55,109.55,109.55,109.55,800,0.88,1,800.0,100.0,2026-08-03
EXPLEOSOL,EQ,03-Aug-2026,802.85,801.0,818.0,801.0,805.15,62353,502.08,2205,30866.0,49.5,2026-08-03
EXXARO,EQ,03-Aug-2026,6.06,6.1,6.36,5.99,6.11,783552,47.76,770,564731.0,72.07,2026-08-03
FABTECH,EQ,03-Aug-2026,149.46,151.69,152.5,149.0,149.77,66667,100.54,1353,23986.0,35.98,2026-08-03
FACT,EQ,03-Aug-2026,826.65,831.0,849.95,831.0,843.25,129872,1094.76,8926,51642.0,39.76,2026-08-03
FAIRCHEMOR,BE,03-Aug-2026,797.1,781.2,813.0,781.2,813.0,25905,210.21,262,,,2026-08-03
FAZE3Q,EQ,03-Aug-2026,536.95,536.95,563.75,536.95,551.25,29565,164.46,879,18433.0,62.35,2026-08-03
FCL,EQ,03-Aug-2026,39.32,39.74,40.29,39.11,39.27,4962550,1966.7,10141,1959335.0,39.48,2026-08-03
FCONSUMER,BZ,03-Aug-2026,0.27,0.28,0.28,0.26,0.26,4920906,12.93,1118,,,2026-08-03
FCSSOFT,EQ,03-Aug-2026,1.5,1.52,1.53,1.49,1.49,2060375,30.95,1227,1411878.0,68.53,2026-08-03
FDC,EQ,03-Aug-2026,409.8,409.8,425.05,399.05,404.65,464734,1905.98,20542,210219.0,45.23,2026-08-03
FEDDERSHOL,EQ,03-Aug-2026,42.17,42.0,43.0,41.93,42.4,546391,231.26,2677,167216.0,30.6,2026-08-03
FEDERALBNK,EQ,03-Aug-2026,358.85,359.45,371.7,357.3,371.7,4384044,15797.27,65646,2799253.0,63.85,2026-08-03
FEDFINA,EQ,03-Aug-2026,153.83,156.8,156.8,149.8,150.37,1857400,2811.15,26324,1082751.0,58.29,2026-08-03
FEL,BZ,03-Aug-2026,0.38,0.39,0.39,0.38,0.38,210176,0.81,125,,,2026-08-03
FELDVR,BZ,03-Aug-2026,2.39,2.5,2.5,2.31,2.49,4314,0.11,32,,,2026-08-03
FELIX,SM,03-Aug-2026,180.6,179.9,189.0,178.0,185.65,54000,99.8,85,43000.0,79.63,2026-08-03
FERMENTA,EQ,03-Aug-2026,501.35,505.05,520.0,505.05,511.7,159878,820.56,6643,68393.0,42.78,2026-08-03
FIBERWEB,EQ,03-Aug-2026,29.27,29.99,29.99,28.2,29.28,36341,10.57,334,18446.0,50.76,2026-08-03
FICRF3GP,MF,03-Aug-2026,489.0,511.0,511.0,511.0,511.0,1,0.01,1,1.0,100.0,2026-08-03
FIDEL,SM,03-Aug-2026,148.95,142.5,144.4,139.6,140.5,23000,32.67,22,16000.0,69.57,2026-08-03
FIEMIND,EQ,03-Aug-2026,2323.3,2358.1,2358.1,2306.1,2338.4,63451,1479.3,9441,39586.0,62.39,2026-08-03
FILATEX,EQ,03-Aug-2026,73.52,74.13,79.0,72.69,76.7,13952850,10726.57,57096,3815214.0,27.34,2026-08-03
FILATFASH,BE,03-Aug-2026,0.18,0.18,0.19,0.18,0.18,13710709,25.58,1982,,,2026-08-03
FINBUD,SM,03-Aug-2026,144.4,146.0,151.0,145.0,145.4,57000,84.25,55,43000.0,75.44,2026-08-03
FINCABLES,EQ,03-Aug-2026,987.6,991.0,1006.0,988.0,998.05,200264,1999.64,19843,102257.0,51.06,2026-08-03
FINEORG,EQ,03-Aug-2026,4816.5,4800.0,4989.6,4768.6,4933.7,21917,1079.46,7197,13482.0,61.51,2026-08-03
FINIETF,EQ,03-Aug-2026,33.54,34.37,34.37,33.54,33.8,556566,188.69,1990,316763.0,56.91,2026-08-03
FINKURVE,EQ,03-Aug-2026,62.73,61.75,62.73,59.01,59.72,161723,97.59,1115,135243.0,83.63,2026-08-03
FINOPB,EQ,03-Aug-2026,159.09,160.05,166.16,160.05,162.25,594852,970.88,7669,166606.0,28.01,2026-08-03
FINPIPE,EQ,03-Aug-2026,162.37,163.48,166.6,163.16,165.79,520336,860.13,16203,278081.0,53.44,2026-08-03
FIRSTCRY,EQ,03-Aug-2026,212.26,213.2,215.17,213.2,214.61,290453,622.01,5217,156208.0,53.78,2026-08-03
FISCHER,EQ,03-Aug-2026,39.13,38.13,39.14,38.07,38.67,2436237,936.15,4507,504310.0,20.7,2026-08-03
FIVESTAR,EQ,03-Aug-2026,547.95,550.0,564.0,549.0,551.4,338346,1878.8,11681,152612.0,45.11,2026-08-03
FLAIR,EQ,03-Aug-2026,259.1,263.8,263.8,248.15,252.0,140255,355.72,3192,76265.0,54.38,2026-08-03
FLEXIADD,EQ,03-Aug-2026,10.19,10.12,10.33,10.12,10.3,90814,9.35,493,65017.0,71.59,2026-08-03
FLEXITUFF,BE,03-Aug-2026,4.3,4.36,4.36,4.1,4.2,54023,2.26,86,,,2026-08-03
FLFL,BZ,03-Aug-2026,1.29,1.29,1.29,1.23,1.24,68967,0.87,89,,,2026-08-03
FLUOROCHEM,EQ,03-Aug-2026,4366.8,4386.7,4523.9,4376.8,4483.5,125504,5604.41,14079,79979.0,63.73,2026-08-03
FLYSBS,SM,03-Aug-2026,468.55,468.05,475.0,456.05,460.55,43600,203.77,172,30400.0,69.72,2026-08-03
FMCGADD,EQ,03-Aug-2026,49.43,49.85,50.25,49.67,50.0,7978,3.99,235,3670.0,46.0,2026-08-03
FMCGIETF,EQ,03-Aug-2026,52.72,53.01,53.7,52.43,53.03,1740791,930.07,3996,1278692.0,73.45,2026-08-03
FMGOETZE,EQ,03-Aug-2026,474.35,472.25,481.0,472.25,474.45,30889,147.0,1252,23612.0,76.44,2026-08-03
FMNL,BE,03-Aug-2026,9.47,9.43,9.94,9.35,9.85,31038,3.05,83,,,2026-08-03
FOCUS,BE,03-Aug-2026,70.21,69.5,71.0,68.0,70.44,59668,41.25,302,,,2026-08-03
FONEBOX,SM,03-Aug-2026,86.0,89.9,90.3,89.9,90.3,9000,8.11,8,9000.0,100.0,2026-08-03
FOODSIN,EQ,03-Aug-2026,54.61,55.16,55.16,54.01,54.33,28155,15.4,599,16471.0,58.5,2026-08-03
FORCAS,ST,03-Aug-2026,207.9,204.15,209.85,197.6,201.15,8000,16.27,5,6400.0,80.0,2026-08-03
FORCEMOT,EQ,03-Aug-2026,17902.0,18216.0,18647.0,18103.0,18494.0,124218,22906.05,32034,36649.0,29.5,2026-08-03
FORGEAUTO,SM,03-Aug-2026,91.1,95.0,95.65,94.95,95.65,14400,13.75,12,14400.0,100.0,2026-08-03
FORTIS,EQ,03-Aug-2026,945.0,953.8,979.6,938.0,940.0,2160190,20676.84,46646,1138933.0,52.72,2026-08-03
FOSECOIND,EQ,03-Aug-2026,5133.5,5180.0,5300.0,5082.0,5204.5,3096,161.17,688,2031.0,65.6,2026-08-03
FRACTAL,EQ,03-Aug-2026,812.05,822.7,822.7,797.6,803.45,310799,2504.25,14288,152123.0,48.95,2026-08-03
FRESHARA,ST,03-Aug-2026,337.9,325.1,354.75,325.1,354.75,37200,128.09,55,31800.0,85.48,2026-08-03
FROG,ST,03-Aug-2026,197.0,195.0,200.9,195.0,200.9,10800,21.38,22,10800.0,100.0,2026-08-03
FRONTSP,EQ,03-Aug-2026,1349.3,1363.9,1390.0,1354.6,1381.4,16587,227.6,2295,9027.0,54.42,2026-08-03
FSL,EQ,03-Aug-2026,302.12,304.0,330.95,304.0,324.35,10047629,32386.27,108197,2251693.0,22.41,2026-08-03
FUSION,EQ,03-Aug-2026,207.83,208.86,218.09,207.5,210.78,505834,1070.17,11073,262892.0,51.97,2026-08-03
FWSTC,SM,03-Aug-2026,199.0,196.0,196.0,187.0,188.5,4200,8.09,7,3000.0,71.43,2026-08-03
GABRIEL,EQ,03-Aug-2026,1441.8,1465.3,1542.0,1461.0,1527.4,886748,13364.17,44089,296430.0,33.43,2026-08-03
GAEL,EQ,03-Aug-2026,172.11,178.0,182.0,171.52,180.68,8639340,15326.79,71059,2992917.0,34.64,2026-08-03
GAIL,EQ,03-Aug-2026,181.44,182.1,182.38,172.15,174.3,37607447,65564.86,166524,15173148.0,40.35,2026-08-03
GALAPREC,EQ,03-Aug-2026,1093.9,1100.9,1120.6,1067.6,1090.5,24656,271.5,2935,14406.0,58.43,2026-08-03
GALAXYSURF,EQ,03-Aug-2026,1944.5,1950.9,2026.7,1950.9,1988.8,17874,356.56,3257,9302.0,52.04,2026-08-03
GALLANTT,EQ,03-Aug-2026,614.6,644.0,644.0,614.0,627.6,358473,2245.48,15520,115310.0,32.17,2026-08-03
GANDHAR,EQ,03-Aug-2026,223.25,224.78,238.27,223.52,231.64,3962749,9261.23,39416,1046503.0,26.41,2026-08-03
GANDHITUBE,EQ,03-Aug-2026,876.35,881.7,883.9,873.0,881.2,4746,41.84,330,3276.0,69.03,2026-08-03
GANECOS,EQ,03-Aug-2026,1183.8,1192.0,1225.0,1126.3,1156.6,260274,3042.94,16320,124969.0,48.01,2026-08-03
GANESHBE,BE,03-Aug-2026,112.33,112.33,117.3,111.0,113.64,154551,177.23,708,,,2026-08-03
GANESHCP,EQ,03-Aug-2026,178.28,180.98,184.7,175.27,177.8,193376,346.26,3245,83508.0,43.18,2026-08-03
GANESHHOU,EQ,03-Aug-2026,740.6,749.7,790.0,745.0,778.15,59334,459.76,5808,19859.0,33.47,2026-08-03
GANESHIN,ST,03-Aug-2026,98.95,103.75,103.75,103.75,103.75,56800,58.93,49,56000.0,98.59,2026-08-03
GANGABATH,SM,03-Aug-2026,22.85,23.4,23.4,21.8,22.7,33000,7.44,10,15000.0,45.45,2026-08-03
GANGAFORGE,BE,03-Aug-2026,1.77,1.79,1.8,1.78,1.79,766871,13.72,430,,,2026-08-03
GANGESSECU,EQ,03-Aug-2026,113.13,112.57,120.0,112.57,120.0,7681,8.81,72,5429.0,70.68,2026-08-03
GARFIBRES,EQ,03-Aug-2026,732.9,735.8,770.95,732.95,761.6,53200,404.42,9370,22114.0,41.57,2026-08-03
GARUDA,EQ,03-Aug-2026,172.8,173.5,175.42,171.25,172.5,163285,283.34,2439,74721.0,45.76,2026-08-03
GATECH,EQ,03-Aug-2026,0.69,0.75,0.75,0.74,0.75,43550740,326.35,2137,19215527.0,44.12,2026-08-03
GATECHDVR,EQ,03-Aug-2026,0.53,0.54,0.59,0.53,0.53,2299277,12.5,529,1913053.0,83.2,2026-08-03
GATEWAY,EQ,03-Aug-2026,57.97,58.3,59.48,58.0,58.14,1261361,739.24,8105,861824.0,68.32,2026-08-03
GAUDIUMIVF,BE,03-Aug-2026,137.5,134.75,134.75,134.75,134.75,45151,60.84,390,,,2026-08-03
GAYAHWS,EQ,03-Aug-2026,2.02,2.11,2.11,1.92,2.0,584877,11.67,419,356451.0,60.94,2026-08-03
GAYAPROJ,BE,03-Aug-2026,19.98,20.0,20.79,19.71,19.98,336149,68.13,1514,,,2026-08-03
GCHOTELS,ST,03-Aug-2026,109.0,108.2,111.0,103.55,109.5,99000,104.59,99,90000.0,90.91,2026-08-03
GCSL,EQ,03-Aug-2026,520.55,528.95,528.95,506.0,508.75,596679,3057.39,5707,177529.0,29.75,2026-08-03
GEECEE,BE,03-Aug-2026,352.05,350.3,367.3,349.5,361.45,5161,18.68,96,,,2026-08-03
GEEKAYWIRE,EQ,03-Aug-2026,22.52,23.2,23.47,22.72,23.21,103800,23.96,1099,45030.0,43.38,2026-08-03
GEMAROMA,EQ,03-Aug-2026,191.6,191.01,198.0,191.01,196.21,189088,370.58,3024,139094.0,73.56,2026-08-03
GENCON,EQ,03-Aug-2026,40.33,40.73,41.04,39.25,39.62,388963,156.75,954,155368.0,39.94,2026-08-03
GENESYS,EQ,03-Aug-2026,271.6,275.0,298.75,274.95,298.75,511803,1486.98,10538,233636.0,45.65,2026-08-03
GENSOL,BZ,03-Aug-2026,17.44,18.31,18.31,18.31,18.31,344004,62.99,1719,,,2026-08-03
GENUSPAPER,EQ,03-Aug-2026,12.08,12.08,12.75,11.95,12.47,306737,37.85,500,221070.0,72.07,2026-08-03
GENUSPOWER,EQ,03-Aug-2026,312.7,314.75,319.95,314.0,316.0,918619,2914.24,14337,485436.0,52.84,2026-08-03
GENXAI,SM,03-Aug-2026,76.6,76.6,81.85,76.05,81.5,73200,58.69,59,52800.0,72.13,2026-08-03
GEOJITFSL,EQ,03-Aug-2026,76.36,77.89,77.89,75.9,77.52,231942,178.89,2922,123468.0,53.23,2026-08-03
GESHIP,EQ,03-Aug-2026,1350.4,1358.0,1412.2,1358.0,1398.4,595738,8350.59,46564,299001.0,50.19,2026-08-03
GFLLIMITED,EQ,03-Aug-2026,46.64,47.5,48.5,47.02,48.26,54627,26.12,1512,27581.0,50.49,2026-08-03
GFSTEELS,BE,03-Aug-2026,14.29,14.29,14.29,14.29,14.29,1359,0.19,8,,,2026-08-03
GGBL,SM,03-Aug-2026,251.45,252.6,259.7,252.6,259.2,29700,76.45,91,16800.0,56.57,2026-08-03
GHCL,EQ,03-Aug-2026,438.1,445.0,451.95,434.2,444.1,411921,1825.81,9903,200981.0,48.79,2026-08-03
GHCLTEXTIL,EQ,03-Aug-2026,113.62,113.01,118.3,113.01,114.36,1159893,1338.32,12272,688174.0,59.33,2026-08-03
GICHSGFIN,EQ,03-Aug-2026,147.68,149.0,151.0,148.0,148.1,59019,87.94,1186,32818.0,55.61,2026-08-03
GICL,EQ,03-Aug-2026,17.17,17.5,18.0,17.3,17.83,89079,15.84,287,70002.0,78.58,2026-08-03
GICRE,EQ,03-Aug-2026,356.6,359.5,363.75,357.05,358.05,600417,2160.76,17445,330682.0,55.08,2026-08-03
GILLANDERS,EQ,03-Aug-2026,89.31,89.75,90.89,88.55,88.66,992,0.89,29,795.0,80.14,2026-08-03
GILLETTE,EQ,03-Aug-2026,7624.0,7624.0,7776.0,7624.0,7719.0,25853,1995.77,7507,14013.0,54.2,2026-08-03
GILT10BETA,EQ,03-Aug-2026,26.36,26.76,26.76,26.49,26.53,280,0.07,14,279.0,99.64,2026-08-03
GILT5BETA,EQ,03-Aug-2026,66.73,66.53,66.9,65.86,66.03,1443,0.95,21,834.0,57.8,2026-08-03
GILT5YBEES,EQ,03-Aug-2026,66.17,67.15,67.15,65.89,66.18,204377,135.21,942,118274.0,57.87,2026-08-03
GINNIFILA,BE,03-Aug-2026,45.63,45.99,46.89,45.3,45.86,17864,8.24,111,,,2026-08-03
GIPCL,EQ,03-Aug-2026,161.17,163.0,164.0,161.1,161.48,180171,292.18,1941,108426.0,60.18,2026-08-03
GIRIRAJ,SM,03-Aug-2026,66.9,66.85,70.2,63.6,63.6,25000,16.13,59,20750.0,83.0,2026-08-03
GJL,ST,03-Aug-2026,163.1,171.0,171.25,167.1,170.0,32000,54.03,14,32000.0,100.0,2026-08-03
GKENERGY,EQ,03-Aug-2026,129.38,130.5,132.88,130.25,131.17,221635,291.23,3259,120364.0,54.31,2026-08-03
GKSL,EQ,03-Aug-2026,127.32,127.0,129.0,126.75,127.74,49403,62.93,1152,30305.0,61.34,2026-08-03
GKWLIMITED,EQ,03-Aug-2026,1630.8,1622.9,1685.0,1622.9,1660.2,963,16.05,58,924.0,95.95,2026-08-03
GLAND,EQ,03-Aug-2026,2502.9,2505.6,2585.0,2494.1,2579.2,502554,12865.19,33396,297486.0,59.19,2026-08-03
GLAXO,EQ,03-Aug-2026,2655.4,2665.4,2670.0,2630.0,2662.3,89406,2374.15,15660,47165.0,52.75,2026-08-03
GLENMARK,EQ,03-Aug-2026,2233.9,2256.4,2256.4,2162.0,2230.0,1307223,28949.55,63779,412334.0,31.54,2026-08-03
GLFL,BE,03-Aug-2026,5.89,5.91,6.15,5.6,5.85,2338,0.14,24,,,2026-08-03
GLOBAL,EQ,03-Aug-2026,104.06,101.3,104.47,100.5,101.36,50348,51.41,540,40174.0,79.79,2026-08-03
GLOBALE,BE,03-Aug-2026,10.89,11.24,11.24,10.4,10.69,369,0.04,13,,,2026-08-03
GLOBALVECT,EQ,03-Aug-2026,165.13,177.9,177.9,163.95,165.1,17703,30.06,568,8934.0,50.47,2026-08-03
GLOBE,EQ,03-Aug-2026,2.09,2.05,2.18,2.01,2.1,620321,13.03,351,412731.0,66.54,2026-08-03
GLOBECIVIL,EQ,03-Aug-2026,39.04,40.26,40.69,38.5,39.93,44727,17.7,297,32640.0,72.98,2026-08-03
GLOBUSSPR,EQ,03-Aug-2026,883.5,888.0,909.9,882.6,900.85,70266,627.16,4655,42523.0,60.52,2026-08-03
GLOSTERLTD,EQ,03-Aug-2026,659.6,669.4,670.0,662.0,668.6,734,4.89,95,570.0,77.66,2026-08-03
GLOTTIS,BE,03-Aug-2026,67.0,68.0,68.0,66.05,67.06,19878,13.34,182,,,2026-08-03
GMBREW,EQ,03-Aug-2026,898.3,902.65,906.45,895.0,896.2,28514,256.23,1648,15792.0,55.38,2026-08-03
GMDCLTD,EQ,03-Aug-2026,564.25,562.0,569.0,558.25,561.0,769090,4333.63,19481,314644.0,40.91,2026-08-03
GML,SM,03-Aug-2026,16.75,16.7,16.7,16.7,16.7,4000,0.67,2,4000.0,100.0,2026-08-03
GMMPFAUDLR,EQ,03-Aug-2026,864.4,855.0,875.95,851.0,858.45,72539,624.47,5669,40408.0,55.71,2026-08-03
GMRAIRPORT,EQ,03-Aug-2026,105.26,106.87,106.87,104.88,105.55,5825312,6155.32,26331,3214212.0,55.18,2026-08-03
GMRP&UI,EQ,03-Aug-2026,99.16,100.0,100.6,96.46,97.18,1512131,1479.98,12382,886344.0,58.62,2026-08-03
GNA,EQ,03-Aug-2026,535.75,544.0,544.35,528.15,537.2,184492,989.03,5692,88130.0,47.77,2026-08-03
GNFC,EQ,03-Aug-2026,510.3,514.95,529.85,512.1,516.1,378921,1966.94,14264,198682.0,52.43,2026-08-03
GNRL,EQ,03-Aug-2026,93.46,93.5,94.9,92.31,93.23,63887,59.59,788,40453.0,63.32,2026-08-03
GOACARBON,EQ,03-Aug-2026,380.6,387.45,387.45,380.55,382.7,6466,24.77,389,3412.0,52.77,2026-08-03
GOCLCORP,EQ,03-Aug-2026,402.55,407.5,419.55,405.1,416.15,109585,451.6,4881,66694.0,60.86,2026-08-03
GOCOLORS,EQ,03-Aug-2026,327.05,327.05,334.65,322.0,323.8,339001,1105.26,7146,110780.0,32.68,2026-08-03
GODAVARIB,EQ,03-Aug-2026,260.9,260.0,265.45,258.3,260.65,154431,403.4,3785,87263.0,56.51,2026-08-03
GODFRYPHLP,EQ,03-Aug-2026,2133.4,2144.8,2269.9,2134.2,2247.0,1547162,34602.25,78754,450963.0,29.15,2026-08-03
GODIGIT,EQ,03-Aug-2026,254.3,255.0,264.0,252.8,262.75,611681,1596.96,13522,268328.0,43.87,2026-08-03
GODREJAGRO,EQ,03-Aug-2026,556.8,557.05,566.75,557.05,565.05,112626,634.81,7772,73711.0,65.45,2026-08-03
GODREJCP,EQ,03-Aug-2026,1070.4,1072.1,1100.0,1071.1,1085.9,615866,6678.32,25517,311815.0,50.63,2026-08-03
GODREJIND,EQ,03-Aug-2026,1317.6,1326.0,1352.9,1319.2,1337.1,78905,1056.45,10885,33216.0,42.1,2026-08-03
GODREJPROP,EQ,03-Aug-2026,2105.7,2125.0,2126.6,2060.0,2089.7,366499,7646.38,20476,157779.0,43.05,2026-08-03
GOKEX,EQ,03-Aug-2026,814.95,818.95,835.85,810.0,816.8,182653,1505.67,8613,90116.0,49.34,2026-08-03
GOKUL,EQ,03-Aug-2026,39.05,39.05,39.99,38.9,39.43,148731,58.8,701,26904.0,18.09,2026-08-03
GOKULAGRO,EQ,03-Aug-2026,225.11,225.0,236.9,224.99,231.58,704955,1633.48,12395,257948.0,36.59,2026-08-03
GOLD1,EQ,03-Aug-2026,118.16,118.16,119.49,117.01,118.39,1261516,1493.21,8140,838188.0,66.44,2026-08-03
GOLD360,EQ,03-Aug-2026,138.75,138.75,139.9,138.25,138.5,9120,12.65,250,6928.0,75.96,2026-08-03
GOLDADD,EQ,03-Aug-2026,137.7,137.92,138.06,137.39,137.82,326479,449.95,5347,238464.0,73.04,2026-08-03
GOLDAXIS,EQ,03-Aug-2026,117.96,118.52,118.53,117.7,118.23,538980,636.91,3964,216013.0,40.08,2026-08-03
GOLDBEES,EQ,03-Aug-2026,117.11,117.2,117.46,116.92,117.26,19279545,22609.14,119076,10968394.0,56.89,2026-08-03
GOLDBETA,EQ,03-Aug-2026,119.2,119.45,119.55,119.05,119.3,543434,648.37,3507,415780.0,76.51,2026-08-03
GOLDBND,EQ,03-Aug-2026,141.96,143.38,143.9,141.06,141.95,3741,5.32,165,2123.0,56.75,2026-08-03
GOLDCASE,EQ,03-Aug-2026,22.3,22.46,22.46,22.21,22.31,10695538,2387.04,20108,5200375.0,48.62,2026-08-03
GOLDENTOBC,BZ,03-Aug-2026,24.99,24.99,24.99,24.05,24.85,594,0.15,30,,,2026-08-03
GOLDETF,EQ,03-Aug-2026,137.85,136.01,138.31,136.01,137.9,620775,856.14,9056,404370.0,65.14,2026-08-03
GOLDIAM,EQ,03-Aug-2026,375.7,376.0,381.45,361.1,362.95,765796,2828.33,14792,392137.0,51.21,2026-08-03
GOLDIETF,EQ,03-Aug-2026,121.33,122.23,122.23,120.26,121.44,6404088,7779.74,49080,4266233.0,66.62,2026-08-03
GOLDKART,SM,03-Aug-2026,104.55,99.35,99.35,99.35,99.35,1250,1.24,2,1250.0,100.0,2026-08-03
GOLDSTAR,SM,03-Aug-2026,6.95,7.15,7.15,6.9,6.9,22500,1.58,2,22500.0,100.0,2026-08-03
GOLDTECH,BE,03-Aug-2026,56.38,56.38,57.8,54.2,54.94,17269,9.73,203,,,2026-08-03
GOODLUCK,EQ,03-Aug-2026,1517.5,1518.9,1535.4,1496.2,1507.2,132434,2005.24,14053,66894.0,50.51,2026-08-03
GOODYEAR,EQ,03-Aug-2026,833.25,839.0,862.95,835.15,857.15,84106,717.46,4402,44847.0,53.32,2026-08-03
GOPAL,EQ,03-Aug-2026,270.5,273.0,281.15,273.0,278.9,275249,762.78,9747,147867.0,53.72,2026-08-03
GOYALALUM,EQ,03-Aug-2026,6.52,6.44,6.69,6.44,6.58,53149,3.49,383,36835.0,69.31,2026-08-03
GOYALSALT,SM,03-Aug-2026,113.0,115.0,115.0,115.0,115.0,600,0.69,1,600.0,100.0,2026-08-03
GPECO,ST,03-Aug-2026,428.0,426.0,426.0,418.2,422.55,10000,42.02,42,9600.0,96.0,2026-08-03
GPIL,EQ,03-Aug-2026,242.4,244.05,248.95,240.0,244.37,1106208,2731.14,18018,638519.0,57.72,2026-08-03
GPPL,EQ,03-Aug-2026,150.27,151.45,152.79,150.5,151.37,879659,1333.16,12843,499473.0,56.78,2026-08-03
GPTHEALTH,EQ,03-Aug-2026,170.49,169.64,170.0,163.0,163.94,509164,846.73,7818,304630.0,59.83,2026-08-03
GPTINFRA,EQ,03-Aug-2026,118.62,117.0,118.85,113.5,114.02,251340,289.17,3209,169558.0,67.46,2026-08-03
GRADIENTE,BE,03-Aug-2026,2.74,2.84,2.84,2.61,2.78,204269,5.54,125,,,2026-08-03
GRANDOAK,EQ,03-Aug-2026,34.85,35.9,36.59,35.0,36.59,6500,2.35,119,4835.0,74.38,2026-08-03
GRANULES,EQ,03-Aug-2026,824.65,827.8,848.65,814.2,843.2,957769,8038.95,40900,521373.0,54.44,2026-08-03
GRAPHISAD,SM,03-Aug-2026,29.8,29.5,29.5,28.5,28.5,2400,0.7,2,2400.0,100.0,2026-08-03
GRAPHITE,EQ,03-Aug-2026,656.4,657.0,672.0,654.35,657.95,878541,5818.38,19853,431079.0,49.07,2026-08-03
GRASIM,EQ,03-Aug-2026,3100.8,3120.0,3260.0,3103.1,3260.0,393816,12402.9,27419,211291.0,53.65,2026-08-03
GRAUWEIL,EQ,03-Aug-2026,76.56,77.37,79.8,76.83,78.76,236764,185.86,6971,124856.0,52.73,2026-08-03
GRAVISSHO,EQ,03-Aug-2026,30.83,30.0,31.0,29.35,30.99,4462,1.36,45,2697.0,60.44,2026-08-03
GRAVITA,EQ,03-Aug-2026,1616.4,1624.4,1673.0,1613.2,1663.9,268858,4430.57,16762,128558.0,47.82,2026-08-03
GRCL,ST,03-Aug-2026,566.05,542.0,570.0,542.0,566.0,3000,16.98,9,2750.0,91.67,2026-08-03
GREAVESCOT,EQ,03-Aug-2026,238.05,240.0,241.85,231.2,232.67,1179564,2788.26,19485,584810.0,49.58,2026-08-03
GREENCHEF,SM,03-Aug-2026,51.45,53.95,53.95,51.0,52.0,8000,4.18,9,8000.0,100.0,2026-08-03
GREENLAM,EQ,03-Aug-2026,251.9,252.0,257.7,250.25,251.7,52394,132.53,2475,31235.0,59.62,2026-08-03
GREENLEAF,ST,03-Aug-2026,115.85,115.0,115.0,110.4,111.6,7000,7.84,7,7000.0,100.0,2026-08-03
GREENPANEL,EQ,03-Aug-2026,193.02,194.01,197.5,193.42,196.72,66735,130.64,3183,37036.0,55.5,2026-08-03
GREENPLY,EQ,03-Aug-2026,284.75,289.95,295.9,285.25,287.4,195013,568.43,5083,76218.0,39.08,2026-08-03
GREENPOWER,EQ,03-Aug-2026,9.95,10.0,10.29,10.0,10.08,2062868,209.26,4081,1071953.0,51.96,2026-08-03
GRINDWELL,EQ,03-Aug-2026,2120.2,2130.9,2146.2,2061.0,2087.8,21035,442.6,5322,10837.0,51.52,2026-08-03
GRINFRA,EQ,03-Aug-2026,884.1,885.1,915.0,885.1,907.0,17876,161.61,1921,9407.0,52.62,2026-08-03
GRMOVER,EQ,03-Aug-2026,89.73,89.73,96.49,89.1,94.88,2999165,2801.26,91407,1190231.0,39.69,2026-08-03
GROBTEA,EQ,03-Aug-2026,920.0,903.3,919.4,893.3,918.05,223,2.04,33,187.0,83.86,2026-08-03
GROWW,EQ,03-Aug-2026,194.37,195.35,195.35,190.6,192.6,33125267,63732.48,181065,16141234.0,48.73,2026-08-03
GROWWCAPM,EQ,03-Aug-2026,11.22,11.27,11.31,11.07,11.12,601299,67.08,1335,519439.0,86.39,2026-08-03
GROWWCHEM,EQ,03-Aug-2026,30.24,30.24,30.95,30.12,30.45,121420,37.04,290,113394.0,93.39,2026-08-03
GROWWDEFNC,EQ,03-Aug-2026,93.16,93.17,94.67,93.17,94.22,250272,235.53,3635,184762.0,73.82,2026-08-03
GROWWEV,EQ,03-Aug-2026,32.66,32.66,33.32,32.45,33.15,637915,210.76,3565,468903.0,73.51,2026-08-03
GROWWGOLD,EQ,03-Aug-2026,13.85,13.85,13.91,13.8,13.85,970075,134.56,5398,590059.0,60.83,2026-08-03
GROWWHOSPI,EQ,03-Aug-2026,54.37,54.37,55.22,54.0,54.08,555963,302.3,1609,316398.0,56.91,2026-08-03
GROWWLIQID,EQ,03-Aug-2026,110.17,110.18,110.19,110.18,110.18,418290,460.9,358,272292.0,65.1,2026-08-03
GROWWLOVOL,EQ,03-Aug-2026,10.62,10.52,10.87,10.52,10.7,9128,0.98,150,5478.0,60.01,2026-08-03
GROWWMC150,EQ,03-Aug-2026,231.23,234.58,235.85,228.99,232.82,3130,7.35,49,2467.0,78.82,2026-08-03
GROWWMETAL,EQ,03-Aug-2026,12.14,12.14,12.4,12.14,12.24,540113,66.14,2310,252605.0,46.77,2026-08-03
GROWWMOM50,EQ,03-Aug-2026,10.67,11.07,11.07,10.64,10.75,171803,18.45,680,124308.0,72.35,2026-08-03
GROWWN200,EQ,03-Aug-2026,11.4,11.54,11.61,11.39,11.56,83575,9.66,424,65170.0,77.98,2026-08-03
GROWWNET,EQ,03-Aug-2026,10.04,10.0,10.35,10.0,10.31,844267,86.59,2071,441910.0,52.34,2026-08-03
GROWWNIFTY,EQ,03-Aug-2026,9.85,9.85,10.0,9.71,9.89,1349589,134.17,12426,912782.0,67.63,2026-08-03
GROWWNXT50,EQ,03-Aug-2026,73.67,73.88,76.79,73.67,76.32,9217,6.9,199,4568.0,49.56,2026-08-03
GROWWPOWER,EQ,03-Aug-2026,11.56,11.69,11.69,11.52,11.62,1228437,142.78,2893,894461.0,72.81,2026-08-03
GROWWPSE,EQ,03-Aug-2026,99.52,100.0,101.8,97.5,100.17,4047,4.05,54,3689.0,91.15,2026-08-03
GROWWPSUBK,EQ,03-Aug-2026,83.75,84.9,85.45,83.1,84.8,4423,3.76,114,2556.0,57.79,2026-08-03
GROWWRAIL,EQ,03-Aug-2026,29.02,29.25,30.0,29.04,29.78,1569075,463.67,4445,1079114.0,68.77,2026-08-03
GROWWRLTY,EQ,03-Aug-2026,10.11,10.3,10.3,9.97,10.09,328115,33.26,635,247684.0,75.49,2026-08-03
GROWWSC250,EQ,03-Aug-2026,10.34,10.35,10.55,10.14,10.51,343921,35.98,687,137369.0,39.94,2026-08-03
GROWWSLVR,EQ,03-Aug-2026,21.16,21.23,21.36,21.12,21.15,1175641,249.31,3183,269300.0,22.91,2026-08-03
GRPLTD,EQ,03-Aug-2026,2098.2,2100.0,2143.4,2011.3,2028.7,3607,75.6,765,2329.0,64.57,2026-08-03
GRSE,EQ,03-Aug-2026,2601.2,2615.0,2622.8,2575.0,2582.7,317050,8231.15,21352,156549.0,49.38,2026-08-03
GRWRHITECH,EQ,03-Aug-2026,7151.5,7190.0,7249.0,7115.5,7182.0,38146,2739.31,6913,20063.0,52.6,2026-08-03
GSEC10ABSL,EQ,03-Aug-2026,113.42,113.27,113.27,113.27,113.27,1,0.0,1,1.0,100.0,2026-08-03
GSEC10IETF,EQ,03-Aug-2026,261.79,261.79,265.44,261.79,264.77,3465,9.12,19,3320.0,95.82,2026-08-03
GSEC10YEAR,EQ,03-Aug-2026,30.31,30.16,31.3,30.15,30.15,2318,0.7,36,2111.0,91.07,2026-08-03
GSEC5IETF,EQ,03-Aug-2026,66.5,67.16,67.16,66.0,66.02,3492,2.32,51,3436.0,98.4,2026-08-03
GSFC,EQ,03-Aug-2026,158.84,160.2,161.95,159.99,160.81,286583,461.13,3970,144604.0,50.46,2026-08-03
GSLSU,EQ,03-Aug-2026,27.95,27.96,28.75,27.1,27.69,33189,9.37,415,20354.0,61.33,2026-08-03
GSMFOILS,SM,03-Aug-2026,191.5,172.35,172.35,172.35,172.35,56000,96.52,69,56000.0,100.0,2026-08-03
GSPCROP,EQ,03-Aug-2026,582.95,582.0,594.0,580.75,587.85,191658,1122.37,4727,46233.0,24.12,2026-08-03
GSS,EQ,03-Aug-2026,12.57,12.82,13.82,12.64,13.79,165823,22.41,493,119620.0,72.14,2026-08-03
GSTL,SM,03-Aug-2026,15.7,16.45,16.45,16.35,16.35,2000,0.33,2,2000.0,100.0,2026-08-03
GTECJAINX,BE,03-Aug-2026,27.95,27.39,29.34,27.39,28.05,4846,1.41,38,,,2026-08-03
GTL,EQ,03-Aug-2026,7.29,7.39,7.6,7.3,7.44,241270,17.89,775,149650.0,62.03,2026-08-03
GTLINFRA,EQ,03-Aug-2026,1.23,1.24,1.34,1.23,1.31,69477266,902.52,16218,33234917.0,47.84,2026-08-03
GTPL,EQ,03-Aug-2026,59.9,61.35,61.35,59.66,59.95,18323,11.0,254,13860.0,75.64,2026-08-03
GUFICBIO,EQ,03-Aug-2026,389.85,390.45,397.35,386.55,390.5,35368,138.46,1567,19563.0,55.31,2026-08-03
GUJALKALI,EQ,03-Aug-2026,670.8,689.0,719.0,680.05,697.25,465124,3289.28,18113,161284.0,34.68,2026-08-03
GUJAPOLLO,EQ,03-Aug-2026,344.35,385.0,385.0,346.15,364.0,25548,93.69,1217,14852.0,58.13,2026-08-03
GUJENERGY,EQ,03-Aug-2026,274.5,277.3,281.9,274.8,277.55,670676,1864.47,28482,394290.0,58.79,2026-08-03
GUJRAFFIA,EQ,03-Aug-2026,39.65,39.15,41.38,39.01,39.59,1607,0.64,38,1395.0,86.81,2026-08-03
GUJTHEM,EQ,03-Aug-2026,358.05,356.3,361.3,354.1,356.6,35793,128.56,791,24903.0,69.58,2026-08-03
GULFOILLUB,EQ,03-Aug-2026,1069.3,1072.9,1121.0,1072.9,1115.1,143329,1588.58,10243,84601.0,59.03,2026-08-03
GULFPETRO,BE,03-Aug-2026,49.96,52.45,52.45,52.45,52.45,204084,107.04,429,,,2026-08-03
GULPOLY,EQ,03-Aug-2026,197.32,199.0,206.99,196.61,198.5,442709,895.74,7264,262896.0,59.38,2026-08-03
GURUNANAK,ST,03-Aug-2026,40.0,40.0,40.0,40.0,40.0,1600,0.64,1,1600.0,100.0,2026-08-03
GVKPIL,BE,03-Aug-2026,2.39,2.39,2.42,2.35,2.39,601035,14.36,937,,,2026-08-03
GVPIL,EQ,03-Aug-2026,721.95,700.0,758.0,700.0,758.0,157148,1154.91,7277,91307.0,58.1,2026-08-03
GVPTECH,EQ,03-Aug-2026,7.03,7.24,7.24,6.95,7.06,63841,4.51,302,38200.0,59.84,2026-08-03
GVT&D,EQ,03-Aug-2026,4323.3,4323.0,4370.0,4267.9,4370.0,478516,20698.88,42815,245797.0,51.37,2026-08-03
GYFTR,EQ,03-Aug-2026,159.68,158.0,168.0,156.0,161.69,44488,72.03,729,12856.0,28.9,2026-08-03
HAL,EQ,03-Aug-2026,4646.5,4660.4,4699.0,4647.5,4690.0,466729,21808.7,36570,190643.0,40.85,2026-08-03
HALDER,EQ,03-Aug-2026,247.11,240.44,260.0,240.44,255.0,27523,68.42,319,5893.0,21.41,2026-08-03
HALDYNGL,BE,03-Aug-2026,120.25,120.61,126.26,120.61,126.26,151391,189.45,384,,,2026-08-03
HALEOSLABS,EQ,03-Aug-2026,1530.8,1541.2,1590.0,1541.2,1589.0,302,4.75,59,236.0,78.15,2026-08-03
HAPPSTMNDS,EQ,03-Aug-2026,377.2,377.2,387.0,371.35,384.0,1063697,4053.33,32628,413640.0,38.89,2026-08-03
HAPPY,SM,03-Aug-2026,60.05,61.2,63.0,59.55,60.1,38000,23.06,19,26000.0,68.42,2026-08-03
HAPPYFORGE,EQ,03-Aug-2026,1652.7,1668.0,1710.5,1652.8,1699.2,56505,955.93,7104,30384.0,53.77,2026-08-03
HARDWYN,EQ,03-Aug-2026,11.27,11.3,11.55,11.16,11.23,2675789,301.25,1971,1007837.0,37.67,2026-08-03
HARIOMPIPE,EQ,03-Aug-2026,390.5,391.0,408.5,391.0,402.7,229192,921.94,4862,105151.0,45.88,2026-08-03
HARRMALAYA,EQ,03-Aug-2026,215.55,215.55,220.0,212.25,214.63,10527,22.81,454,7035.0,66.83,2026-08-03
HARSHA,EQ,03-Aug-2026,401.05,402.55,409.0,402.55,407.55,61608,250.49,2411,40715.0,66.09,2026-08-03
HATHWAY,EQ,03-Aug-2026,10.77,10.77,11.13,10.77,11.05,1971674,216.35,2723,1091324.0,55.35,2026-08-03
HATSUN,EQ,03-Aug-2026,885.4,877.0,894.45,877.0,884.8,18783,165.97,1691,10716.0,57.05,2026-08-03
HAVELLS,EQ,03-Aug-2026,1260.7,1261.9,1287.3,1259.1,1285.0,1214090,15482.66,29693,847860.0,69.84,2026-08-03
HAVISHA,EQ,03-Aug-2026,1.28,1.37,1.37,1.29,1.32,26883,0.36,107,14803.0,55.06,2026-08-03
HAWKINCOOK,EQ,03-Aug-2026,8549.5,8500.5,8649.5,8400.0,8496.5,984,84.11,513,562.0,57.11,2026-08-03
HBESD,EQ,03-Aug-2026,75.03,73.0,78.94,73.0,75.0,1436,1.1,37,953.0,66.36,2026-08-03
HBLENGINE,EQ,03-Aug-2026,718.7,724.0,741.7,721.65,739.2,967783,7119.93,27827,415812.0,42.97,2026-08-03
HBSL,EQ,03-Aug-2026,48.0,52.6,52.74,49.95,50.5,3507,1.8,118,2672.0,76.19,2026-08-03
HCC,EQ,03-Aug-2026,21.44,21.6,22.0,21.51,21.81,13986818,3053.48,16684,6754758.0,48.29,2026-08-03
HCG,EQ,03-Aug-2026,671.2,684.0,684.0,663.9,671.75,77076,520.47,10944,47841.0,62.07,2026-08-03
HCL-INSYS,EQ,03-Aug-2026,11.39,11.53,11.89,11.42,11.66,218623,25.44,885,152686.0,69.84,2026-08-03
HCLTECH,EQ,03-Aug-2026,1346.9,1352.0,1377.0,1343.5,1377.0,2314332,31374.13,101947,1305116.0,56.39,2026-08-03
HDBFS,EQ,03-Aug-2026,686.35,690.0,697.0,681.4,684.85,375358,2589.54,20127,211693.0,56.4,2026-08-03
HDFCAMC,EQ,03-Aug-2026,2615.8,2640.0,2644.8,2562.2,2600.6,534990,13845.12,49789,251628.0,47.03,2026-08-03
HDFCBANK,EQ,03-Aug-2026,748.15,753.05,756.85,750.05,753.0,14827841,111647.88,392396,9318631.0,62.85,2026-08-03
HDFCBSE500,EQ,03-Aug-2026,37.8,37.86,38.4,37.83,38.25,340883,130.04,414,264205.0,77.51,2026-08-03
HDFCGOLD,EQ,03-Aug-2026,121.02,121.55,121.75,120.8,121.2,3241656,3928.02,13881,2071438.0,63.9,2026-08-03
HDFCGROWTH,EQ,03-Aug-2026,121.81,121.96,124.0,121.96,123.35,119630,147.04,679,98094.0,82.0,2026-08-03
HDFCLIFE,EQ,03-Aug-2026,548.5,553.7,554.0,549.1,553.1,2516331,13862.7,50997,1607861.0,63.9,2026-08-03
HDFCLIQUID,EQ,03-Aug-2026,1071.94,1072.06,1072.08,1072.06,1072.06,13186,141.36,55,12256.0,92.95,2026-08-03
HDFCLOWVOL,EQ,03-Aug-2026,21.1,21.49,21.49,21.06,21.2,17547,3.73,136,13835.0,78.85,2026-08-03
HDFCMID150,EQ,03-Aug-2026,23.38,24.0,24.0,23.43,23.67,458400,108.44,1941,315640.0,68.86,2026-08-03
HDFCMOMENT,EQ,03-Aug-2026,30.81,31.21,31.21,30.71,30.86,163285,50.61,841,94107.0,57.63,2026-08-03
HDFCNEXT50,EQ,03-Aug-2026,75.19,76.09,76.09,74.63,75.3,2537116,1922.24,1585,2168430.0,85.47,2026-08-03
HDFCNIF100,EQ,03-Aug-2026,26.31,26.96,26.96,26.08,26.45,50419,13.38,512,31060.0,61.6,2026-08-03
HDFCNIFBAN,EQ,03-Aug-2026,58.91,59.13,59.55,58.63,59.0,142086,84.3,757,121582.0,85.57,2026-08-03
HDFCNIFIT,EQ,03-Aug-2026,32.86,32.86,33.73,32.86,33.58,196822,65.7,491,121207.0,61.58,2026-08-03
HDFCNIFTY,EQ,03-Aug-2026,274.31,274.0,281.16,271.5,275.72,105484,291.86,1549,91487.0,86.73,2026-08-03
HDFCNIMEG,EQ,03-Aug-2026,127.24,130.42,132.0,128.04,130.7,61917,79.64,59,60685.0,98.01,2026-08-03
HDFCPSUBK,EQ,03-Aug-2026,84.61,86.3,86.3,83.93,84.83,276802,237.57,523,205208.0,74.14,2026-08-03
HDFCPVTBAN,EQ,03-Aug-2026,28.09,28.34,28.5,28.1,28.39,365678,103.52,744,224474.0,61.39,2026-08-03
HDFCQUAL,EQ,03-Aug-2026,58.89,59.18,59.71,58.43,59.29,52828,31.48,348,31462.0,59.56,2026-08-03
HDFCSENSEX,EQ,03-Aug-2026,88.43,86.21,90.64,86.21,89.02,40131,35.8,860,35639.0,88.81,2026-08-03
HDFCSILVER,EQ,03-Aug-2026,206.6,207.13,208.25,206.02,206.78,2552996,5288.21,12965,1049333.0,41.1,2026-08-03
HDFCSML250,EQ,03-Aug-2026,180.67,180.67,183.5,180.67,183.38,2334249,4268.49,13856,1716394.0,73.53,2026-08-03
HDFCVALUE,EQ,03-Aug-2026,127.07,128.0,128.72,128.0,128.21,5334,6.84,105,3380.0,63.37,2026-08-03
HDIL,BZ,03-Aug-2026,1.67,1.63,1.69,1.63,1.65,117720,1.96,192,,,2026-08-03
HEADSUP,EQ,03-Aug-2026,6.53,6.98,6.98,6.53,6.79,16070,1.1,65,14291.0,88.93,2026-08-03
HEALTHADD,EQ,03-Aug-2026,16.91,17.0,17.06,16.8,16.8,43283,7.31,353,38614.0,89.21,2026-08-03
HEALTHAXIS,EQ,03-Aug-2026,170.6,170.6,172.3,168.63,170.26,8530,14.55,187,4529.0,53.09,2026-08-03
HEALTHCARE,EQ,03-Aug-2026,21.61,22.26,22.26,21.56,21.61,78987,17.16,314,45323.0,57.38,2026-08-03
HEALTHIETF,EQ,03-Aug-2026,171.89,172.61,173.68,170.2,171.14,223480,384.3,2899,124988.0,55.93,2026-08-03
HEALTHX,EQ,03-Aug-2026,307.95,307.95,319.45,307.95,315.0,21093,66.25,401,17240.0,81.73,2026-08-03
HEALTHY,EQ,03-Aug-2026,17.2,17.51,17.51,17.09,17.12,552949,95.19,1753,396158.0,71.64,2026-08-03
HECPROJECT,EQ,03-Aug-2026,131.53,132.22,138.4,132.18,135.49,6912,9.3,320,3600.0,52.08,2026-08-03
HEG,EQ,03-Aug-2026,657.25,661.0,671.8,652.4,665.25,722406,4807.19,15889,276280.0,38.24,2026-08-03
HEIDELBERG,EQ,03-Aug-2026,152.69,153.1,155.89,153.1,155.51,65037,100.46,1321,41018.0,63.07,2026-08-03
HEMIPROP,EQ,03-Aug-2026,134.32,135.38,141.95,135.1,140.0,1780008,2485.09,9593,674071.0,37.87,2026-08-03
HERANBA,EQ,03-Aug-2026,179.57,179.57,187.18,178.48,182.74,37947,69.16,1296,12880.0,33.94,2026-08-03
HERITGFOOD,EQ,03-Aug-2026,330.15,334.3,339.3,333.35,335.1,244425,821.15,3859,166579.0,68.15,2026-08-03
HEROMOTOCO,EQ,03-Aug-2026,5386.0,5425.0,5460.5,5388.0,5460.0,602971,32752.18,49858,332038.0,55.07,2026-08-03
HESTERBIO,EQ,03-Aug-2026,2477.7,2477.0,2489.8,2420.0,2442.4,6340,155.58,1223,3365.0,53.08,2026-08-03
HEXAGON,BE,03-Aug-2026,64.19,65.29,66.99,64.0,66.35,373945,244.66,1166,,,2026-08-03
HEXATRADEX,EQ,03-Aug-2026,157.38,157.01,159.9,156.4,157.9,3521,5.55,74,2813.0,79.89,2026-08-03
HEXT,EQ,03-Aug-2026,561.65,567.4,569.85,549.1,559.85,676648,3763.0,23743,297145.0,43.91,2026-08-03
HFCL,EQ,03-Aug-2026,193.92,196.95,203.61,195.7,202.52,39140552,78894.82,116664,14740906.0,37.66,2026-08-03
HGINFRA,EQ,03-Aug-2026,538.55,538.55,548.0,538.0,546.85,48918,266.47,4070,27065.0,55.33,2026-08-03
HGM,EQ,03-Aug-2026,50.31,52.7,52.7,48.5,49.45,18981,9.33,107,14758.0,77.75,2026-08-03
HGS,EQ,03-Aug-2026,422.9,422.9,435.9,422.9,430.55,25443,109.58,1424,15805.0,62.12,2026-08-03
HIGREEN,SM,03-Aug-2026,138.7,138.0,141.8,137.0,140.5,23200,32.5,29,12000.0,51.72,2026-08-03
HIKAL,EQ,03-Aug-2026,221.31,222.2,234.8,222.2,229.9,575992,1325.8,9340,214352.0,37.21,2026-08-03
HILINFRA,EQ,03-Aug-2026,45.9,46.48,47.2,45.71,47.0,68684,32.06,542,49683.0,72.34,2026-08-03
HILTON,BE,03-Aug-2026,21.49,21.7,21.95,20.42,21.37,164617,34.26,358,,,2026-08-03
HIMATSEIDE,EQ,03-Aug-2026,79.23,79.99,81.82,79.99,80.99,325428,263.68,2908,159181.0,48.91,2026-08-03
HINDALCO,EQ,03-Aug-2026,974.45,990.0,994.9,981.35,994.9,5617219,55524.04,161480,3440039.0,61.24,2026-08-03
HINDCOMPOS,EQ,03-Aug-2026,423.0,425.5,431.95,424.5,425.55,3202,13.67,190,2221.0,69.36,2026-08-03
HINDCON,EQ,03-Aug-2026,24.03,24.44,24.44,23.06,23.15,16892,3.99,310,14243.0,84.32,2026-08-03
HINDCOPPER,EQ,03-Aug-2026,491.6,495.0,498.5,491.0,495.05,2755226,13631.48,45229,1218430.0,44.22,2026-08-03
HINDOILEXP,EQ,03-Aug-2026,161.29,161.0,162.0,158.0,161.13,341878,549.64,4720,129832.0,37.98,2026-08-03
HINDPETRO,EQ,03-Aug-2026,389.75,396.9,398.85,392.1,395.0,4909326,19408.46,38676,2557733.0,52.1,2026-08-03
HINDUNILVR,EQ,03-Aug-2026,2101.3,2107.0,2138.0,2105.3,2138.0,740649,15689.08,47718,408916.0,55.21,2026-08-03
HINDWAREAP,EQ,03-Aug-2026,220.45,220.45,226.5,219.93,222.23,78473,175.67,1627,45368.0,57.81,2026-08-03
HINDZINC,EQ,03-Aug-2026,539.2,543.6,550.45,541.45,547.0,2640411,14446.07,41138,1245640.0,47.18,2026-08-03
HIRECT,EQ,03-Aug-2026,1338.3,1344.0,1360.0,1319.9,1339.4,80334,1079.65,6816,33893.0,42.19,2026-08-03
HISARMETAL,EQ,03-Aug-2026,147.29,146.0,151.0,144.0,146.47,3008,4.44,46,2593.0,86.2,2026-08-03
HITECH,EQ,03-Aug-2026,84.65,84.99,86.9,84.99,85.49,552712,476.11,3505,309083.0,55.92,2026-08-03
HITECHCORP,BE,03-Aug-2026,320.2,321.0,324.0,319.0,319.2,14716,47.04,116,,,2026-08-03
HITECHGEAR,BE,03-Aug-2026,571.8,565.0,584.0,560.05,574.55,2956,16.98,52,,,2026-08-03
HLEGLAS,EQ,03-Aug-2026,426.9,433.0,434.0,420.1,422.85,105745,449.75,4866,51679.0,48.87,2026-08-03
HLVLTD,EQ,03-Aug-2026,7.12,7.12,7.54,7.0,7.21,374443,26.89,900,149580.0,39.95,2026-08-03
HMAAGRO,EQ,03-Aug-2026,20.52,20.51,21.5,20.51,20.89,491190,103.33,1898,311673.0,63.45,2026-08-03
HMT,BZ,03-Aug-2026,61.42,60.1,62.49,60.0,61.4,8971,5.42,93,,,2026-08-03
HMVL,EQ,03-Aug-2026,94.63,93.1,95.5,92.7,95.08,44985,42.34,752,28154.0,62.59,2026-08-03
HNDFDS,EQ,03-Aug-2026,574.65,580.0,593.9,573.8,589.05,104727,616.18,10573,63464.0,60.6,2026-08-03
HNGSNGBEES,EQ,03-Aug-2026,497.59,512.52,512.52,494.04,496.64,126477,631.8,6565,88731.0,70.16,2026-08-03
HOACFOODS,ST,03-Aug-2026,720.0,720.0,740.0,720.0,739.0,6000,43.96,12,6000.0,100.0,2026-08-03
HOLMARC,SM,03-Aug-2026,101.35,106.4,106.4,101.0,101.0,6750,6.94,7,6750.0,100.0,2026-08-03
HOMEFIRST,EQ,03-Aug-2026,1189.0,1193.5,1220.0,1168.0,1170.2,114585,1362.53,11252,60939.0,53.18,2026-08-03
HOMESFY,SM,03-Aug-2026,122.85,116.75,117.2,116.75,117.0,3000,3.5,7,1800.0,60.0,2026-08-03
HONASA,EQ,03-Aug-2026,449.55,447.25,461.8,437.3,458.2,725342,3290.85,27046,357166.0,49.24,2026-08-03
HONAUT,EQ,03-Aug-2026,38155.0,38355.0,38945.0,38255.0,38570.0,3672,1421.02,1930,1397.0,38.04,2026-08-03
HONDAPOWER,EQ,03-Aug-2026,2093.9,2093.9,2126.6,2077.2,2096.0,6450,135.28,915,3591.0,55.67,2026-08-03
HPAL,EQ,03-Aug-2026,32.56,32.56,34.0,32.56,33.3,49769,16.64,799,33610.0,67.53,2026-08-03
HPIL,EQ,03-Aug-2026,126.08,125.0,130.99,123.21,127.74,3083,3.93,54,2735.0,88.71,2026-08-03
HPL,EQ,03-Aug-2026,332.45,335.0,342.0,335.0,335.95,65003,219.38,2982,32039.0,49.29,2026-08-03
HPTL,SM,03-Aug-2026,329.0,327.95,327.95,327.95,327.95,1200,3.94,1,1200.0,100.0,2026-08-03
HRHNEXT,SM,03-Aug-2026,28.4,27.25,27.25,27.0,27.0,7500,2.03,5,7500.0,100.0,2026-08-03
HSBCGOLD,EQ,03-Aug-2026,123.1,123.39,124.01,123.15,123.4,15876,19.64,29,13587.0,85.58,2026-08-03
HSCL,EQ,03-Aug-2026,750.65,750.0,756.85,735.2,750.65,3225995,24157.31,47263,832656.0,25.81,2026-08-03
HTMEDIA,EQ,03-Aug-2026,24.65,24.31,25.24,24.31,24.87,44939,11.23,220,30269.0,67.36,2026-08-03
HUBTOWN,EQ,03-Aug-2026,190.58,190.88,194.0,188.0,190.51,350784,670.58,4171,230382.0,65.68,2026-08-03
HUDCO,EQ,03-Aug-2026,195.1,195.9,200.39,195.9,199.38,2281853,4530.19,27349,1116344.0,48.92,2026-08-03
HUHTAMAKI,EQ,03-Aug-2026,298.14,298.0,310.7,295.5,300.0,459416,1392.68,9008,190910.0,41.55,2026-08-03
HVAX,SM,03-Aug-2026,640.95,640.0,640.0,640.0,640.0,150,0.96,1,150.0,100.0,2026-08-03
HYBRIDETF,EQ,03-Aug-2026,10.03,10.28,10.28,10.04,10.06,42360,4.26,90,41480.0,97.92,2026-08-03
HYBRIDFIN,BE,03-Aug-2026,18.5,18.01,18.75,18.0,18.02,8156,1.48,73,,,2026-08-03
HYUNDAI,EQ,03-Aug-2026,2180.7,2212.1,2247.6,2200.0,2207.0,1774484,39373.57,72254,781849.0,44.06,2026-08-03
IBLFL,SM,03-Aug-2026,61.55,58.55,61.6,58.5,61.6,10000,5.98,5,8000.0,80.0,2026-08-03
IBULLSLTD,BE,03-Aug-2026,27.38,27.02,28.01,26.6,27.09,6862536,1868.84,5380,,,2026-08-03
ICDSLTD,EQ,03-Aug-2026,40.39,39.1,41.0,39.0,39.65,4879,1.94,39,2834.0,58.09,2026-08-03
ICELCO,SM,03-Aug-2026,149.25,151.0,153.0,150.0,150.0,24000,36.28,20,18000.0,75.0,2026-08-03
ICEMAKE,EQ,03-Aug-2026,831.35,827.0,840.0,822.0,825.25,13373,110.85,1349,8943.0,66.87,2026-08-03
ICICIAMC,EQ,03-Aug-2026,3115.9,3129.0,3130.0,3087.1,3099.1,322476,10014.55,43321,223911.0,69.43,2026-08-03
ICICIB22,EQ,03-Aug-2026,115.79,116.0,117.15,115.0,116.6,391983,457.94,5118,317213.0,80.93,2026-08-03
ICICIBANK,EQ,03-Aug-2026,1435.4,1442.0,1460.0,1433.0,1460.0,7706747,111429.59,185170,5215640.0,67.68,2026-08-03
ICICIGI,EQ,03-Aug-2026,1623.7,1632.7,1675.0,1632.7,1675.0,908054,15016.49,25599,559024.0,61.56,2026-08-03
ICICIPRULI,EQ,03-Aug-2026,515.4,515.4,522.35,513.8,522.35,2151448,11158.48,39510,1415475.0,65.79,2026-08-03
ICIL,EQ,03-Aug-2026,401.25,401.25,415.85,401.25,409.7,487006,1991.42,15247,249713.0,51.28,2026-08-03
ICRA,EQ,03-Aug-2026,4903.5,4969.0,5145.0,4911.0,5131.5,109701,5549.31,18706,70455.0,64.22,2026-08-03
IDBI,EQ,03-Aug-2026,83.75,84.8,86.23,84.51,84.71,4244574,3620.28,16692,1717293.0,40.46,2026-08-03
IDEA,EQ,03-Aug-2026,13.01,13.01,13.11,12.82,12.86,235409728,30554.64,247868,56422518.0,23.97,2026-08-03
IDEAFORGE,BE,03-Aug-2026,875.1,892.0,899.0,870.05,887.1,124436,1106.77,3804,,,2026-08-03
IDEALTECHO,SM,03-Aug-2026,173.25,175.0,175.85,175.0,175.85,2000,3.51,4,2000.0,100.0,2026-08-03
IDENTICAL,SM,03-Aug-2026,17.4,17.4,17.5,17.0,17.5,12000,2.09,5,12000.0,100.0,2026-08-03
IDFCFIRSTB,EQ,03-Aug-2026,84.68,85.31,86.5,84.69,86.0,12814087,10946.96,53877,5434561.0,42.41,2026-08-03
IDFNIFTYET,EQ,03-Aug-2026,269.59,271.98,272.2,267.11,271.54,2385,6.47,88,1294.0,54.26,2026-08-03
IEML,SM,03-Aug-2026,41.8,42.95,43.0,42.2,42.8,10500,4.49,20,9000.0,85.71,2026-08-03
IEX,EQ,03-Aug-2026,132.24,133.0,133.8,126.01,128.0,18350173,23530.79,105970,4264561.0,23.24,2026-08-03
IFBAGRO,BE,03-Aug-2026,978.25,994.0,997.95,975.0,984.0,2843,27.93,165,,,2026-08-03
IFBIND,EQ,03-Aug-2026,1315.7,1315.7,1365.5,1305.0,1354.0,70710,950.5,9762,40554.0,57.35,2026-08-03
IFCI,EQ,03-Aug-2026,76.54,77.3,79.2,76.92,77.31,20352925,15842.19,51969,5965384.0,29.31,2026-08-03
IFGLEXPOR,EQ,03-Aug-2026,208.57,212.0,218.3,203.92,207.35,79459,169.59,2591,32230.0,40.56,2026-08-03
IGARASHI,EQ,03-Aug-2026,451.15,451.4,469.9,451.4,467.15,57816,266.69,2629,33512.0,57.96,2026-08-03
IGCL,EQ,03-Aug-2026,77.9,77.9,77.9,75.0,75.47,118216,90.32,1745,64547.0,54.6,2026-08-03
IGIL,EQ,03-Aug-2026,353.45,355.0,371.4,354.6,364.95,1356968,4955.72,34386,805652.0,59.37,2026-08-03
IGL,EQ,03-Aug-2026,151.98,152.05,156.52,152.05,156.17,1720749,2671.28,34078,1000554.0,58.15,2026-08-03
IGPL,EQ,03-Aug-2026,471.25,478.3,500.0,471.05,496.65,185122,906.5,5123,114816.0,62.02,2026-08-03
IIFL,EQ,03-Aug-2026,608.65,610.8,622.0,602.4,617.85,2681421,16408.89,47163,1385302.0,51.66,2026-08-03
IIFLCAPS,EQ,03-Aug-2026,337.8,339.3,339.3,335.1,336.65,293307,985.87,9714,193701.0,66.04,2026-08-03
IITL,EQ,03-Aug-2026,127.68,133.21,153.21,133.21,153.21,270241,391.93,3433,105876.0,39.18,2026-08-03
IKIO,EQ,03-Aug-2026,200.22,201.0,203.9,199.3,201.54,165776,333.37,2111,51707.0,31.19,2026-08-03
IKS,EQ,03-Aug-2026,1848.9,1858.0,1858.0,1839.3,1846.4,61283,1131.37,13849,33302.0,54.34,2026-08-03
IL&FSENGG,BZ,03-Aug-2026,36.98,36.96,36.96,35.14,35.19,63162,22.34,112,,,2026-08-03
IL&FSTRANS,BZ,03-Aug-2026,2.08,2.1,2.15,2.1,2.11,20986,0.45,53,,,2026-08-03
IMAGICAA,EQ,03-Aug-2026,46.99,47.24,49.85,47.18,49.09,1090738,530.39,4524,650899.0,59.68,2026-08-03
IMFA,EQ,03-Aug-2026,1448.6,1482.9,1498.9,1454.0,1492.0,229842,3405.31,15338,124601.0,54.21,2026-08-03
IMPAL,EQ,03-Aug-2026,1084.4,1080.0,1114.7,1070.0,1104.6,1846,20.2,336,1211.0,65.6,2026-08-03
IMPEXFERRO,BZ,03-Aug-2026,2.5,2.62,2.62,2.62,2.62,24689,0.65,19,,,2026-08-03
INA,EQ,03-Aug-2026,111.78,111.31,113.98,111.11,112.75,374327,422.08,4696,185661.0,49.6,2026-08-03
INCREDIBLE,EQ,03-Aug-2026,33.15,33.48,33.99,33.02,33.1,86,0.03,12,86.0,100.0,2026-08-03
INDBANK,EQ,03-Aug-2026,32.35,32.26,32.84,32.26,32.49,19689,6.41,284,14402.0,73.15,2026-08-03
INDGN,EQ,03-Aug-2026,515.15,523.45,554.85,512.3,545.25,1886714,10187.53,61663,791315.0,41.94,2026-08-03
INDHOTEL,EQ,03-Aug-2026,738.55,740.0,752.0,739.5,752.0,1980772,14754.35,29586,1095892.0,55.33,2026-08-03
INDIACEM,EQ,03-Aug-2026,398.0,400.0,400.0,388.5,390.95,195037,766.86,12469,93098.0,47.73,2026-08-03
INDIAGLYCO,EQ,03-Aug-2026,1147.45,1158.0,1164.6,1140.0,1145.2,110002,1268.8,9414,61512.0,55.92,2026-08-03
INDIAMART,EQ,03-Aug-2026,1799.8,1820.0,1825.0,1790.0,1798.6,165345,2990.98,15699,104008.0,62.9,2026-08-03
INDIANB,EQ,03-Aug-2026,836.5,841.95,853.8,838.0,845.0,1497239,12683.07,44304,584681.0,39.05,2026-08-03
INDIANCARD,EQ,03-Aug-2026,225.72,225.72,232.0,222.03,224.29,1358,3.07,51,1227.0,90.35,2026-08-03
INDIANHUME,EQ,03-Aug-2026,390.75,393.2,421.0,393.2,414.5,183169,748.3,7879,92114.0,50.29,2026-08-03
INDIASHLTR,EQ,03-Aug-2026,726.5,722.85,745.4,715.3,726.5,98972,724.19,7700,55377.0,55.95,2026-08-03
INDIGO,EQ,03-Aug-2026,5171.0,5300.0,5402.0,5276.0,5400.0,990927,53078.61,70011,315451.0,31.83,2026-08-03
INDIGOPNTS,EQ,03-Aug-2026,1111.8,1106.6,1113.4,1086.0,1087.4,48464,531.69,6879,27764.0,57.29,2026-08-03
INDIGRID,IV,03-Aug-2026,178.76,179.3,179.5,178.26,178.36,1071087,1916.14,10333,950890.0,88.78,2026-08-03
INDIQUBE,EQ,03-Aug-2026,173.76,176.84,178.4,169.45,171.97,47200,82.5,1477,14757.0,31.26,2026-08-03
INDNIPPON,EQ,03-Aug-2026,1170.4,1186.5,1214.6,1150.1,1173.2,64388,767.51,3607,23491.0,36.48,2026-08-03
INDOAMIN,BE,03-Aug-2026,127.48,127.0,129.0,121.5,126.24,46167,58.06,400,,,2026-08-03
INDOBORAX,EQ,03-Aug-2026,374.9,378.15,422.35,373.0,418.7,889883,3659.7,27670,141308.0,15.88,2026-08-03
INDOCO,EQ,03-Aug-2026,219.49,222.78,225.02,220.0,221.76,89085,198.21,2697,40279.0,45.21,2026-08-03
INDOFARM,EQ,03-Aug-2026,161.22,161.9,164.5,160.16,161.6,179064,291.31,3645,68881.0,38.47,2026-08-03
INDOMIM,EQ,03-Aug-2026,776.15,776.0,802.7,765.0,770.15,7110886,55686.6,243747,1398675.0,19.67,2026-08-03
INDORAMA,EQ,03-Aug-2026,56.25,56.55,64.85,56.55,63.49,2539412,1565.8,18808,611423.0,24.08,2026-08-03
INDOSTAR,EQ,03-Aug-2026,250.0,250.25,253.0,243.05,245.25,101092,252.01,2124,60727.0,60.07,2026-08-03
INDOTECH,BE,03-Aug-2026,3453.8,3510.0,3529.8,3351.1,3470.7,20769,722.23,908,,,2026-08-03
INDOTHAI,EQ,03-Aug-2026,213.43,214.9,215.0,170.75,170.75,2912295,5333.35,27445,1271599.0,43.66,2026-08-03
INDOUS,EQ,03-Aug-2026,81.62,81.0,84.63,81.0,83.6,10809,9.0,636,6236.0,57.69,2026-08-03
INDOWIND,BE,03-Aug-2026,9.18,9.18,9.36,9.1,9.12,79213,7.28,288,,,2026-08-03
INDPRUD,EQ,03-Aug-2026,6598.5,6660.0,6660.0,6420.0,6550.0,98,6.4,32,83.0,84.69,2026-08-03
INDRAMEDCO,EQ,03-Aug-2026,366.35,367.0,373.3,365.65,368.9,118293,437.23,3350,69850.0,59.05,2026-08-03
INDSWFTLAB,EQ,03-Aug-2026,224.27,224.27,231.2,222.2,228.63,195400,446.24,3589,109502.0,56.04,2026-08-03
INDTERRAIN,EQ,03-Aug-2026,27.83,28.6,33.39,28.12,33.39,296135,95.69,1388,201683.0,68.11,2026-08-03
INDUSINDBK,EQ,03-Aug-2026,1012.45,1019.0,1028.9,1013.3,1028.9,887652,9050.91,30372,430526.0,48.5,2026-08-03
INDUSINVIT,IV,03-Aug-2026,131.88,133.3,133.3,131.51,131.98,138273,182.54,5094,133036.0,96.21,2026-08-03
INDUSTOWER,EQ,03-Aug-2026,391.1,394.0,398.3,390.1,395.3,2253714,8895.35,34763,899362.0,39.91,2026-08-03
INFINIUM,SM,03-Aug-2026,208.5,208.0,209.0,202.0,202.0,6500,13.27,13,4000.0,61.54,2026-08-03
INFLUX,SM,03-Aug-2026,296.45,296.45,296.45,287.05,288.65,7800,22.74,12,6000.0,76.92,2026-08-03
INFOBEAN,EQ,03-Aug-2026,166.86,170.44,175.88,167.69,171.95,424632,733.35,7092,193137.0,45.48,2026-08-03
INFOLLION,SM,03-Aug-2026,157.1,161.9,163.05,159.0,159.0,4000,6.46,10,3600.0,90.0,2026-08-03
INFOMEDIA,EQ,03-Aug-2026,5.43,5.45,5.7,5.13,5.38,13289,0.72,79,10288.0,77.42,2026-08-03
INFRA,EQ,03-Aug-2026,12.14,12.15,12.28,12.15,12.25,23976,2.93,206,15900.0,66.32,2026-08-03
INFRABEES,EQ,03-Aug-2026,971.97,975.66,980.88,965.2,972.07,8431,82.29,750,4438.0,52.64,2026-08-03
INFRAIETF,EQ,03-Aug-2026,96.65,97.91,97.91,96.35,97.52,384312,374.61,4293,312047.0,81.2,2026-08-03
INFY,EQ,03-Aug-2026,1130.1,1145.1,1180.0,1138.1,1180.0,8582270,99629.89,157993,4222831.0,49.2,2026-08-03
INGERRAND,EQ,03-Aug-2026,4335.6,4335.6,4418.2,4290.0,4327.0,7602,331.82,1222,4839.0,63.65,2026-08-03
INM,SM,03-Aug-2026,183.0,181.0,181.0,180.0,180.0,1200,2.17,2,1200.0,100.0,2026-08-03
INNOMET,ST,03-Aug-2026,180.35,183.95,183.95,183.95,183.95,26400,48.56,28,26400.0,100.0,2026-08-03
INNOVACAP,EQ,03-Aug-2026,974.25,975.0,975.85,945.2,956.4,18202,175.41,2970,10950.0,60.16,2026-08-03
INNOVANA,EQ,03-Aug-2026,327.9,315.0,336.75,315.0,322.0,2468,7.98,166,1716.0,69.53,2026-08-03
INNOVISION,EQ,03-Aug-2026,285.5,284.1,288.0,283.6,285.75,14255,40.78,577,6858.0,48.11,2026-08-03
INOXGREEN,BE,03-Aug-2026,169.89,170.0,177.3,165.0,174.32,653228,1117.04,2612,,,2026-08-03
INOXINDIA,EQ,03-Aug-2026,1908.0,1908.0,1980.0,1879.0,1920.4,133526,2564.47,16505,61597.0,46.13,2026-08-03
INOXWIND,EQ,03-Aug-2026,78.14,78.9,81.14,78.54,78.9,11919807,9515.04,39978,3794471.0,31.83,2026-08-03
INSECTICID,EQ,03-Aug-2026,641.2,643.3,665.95,636.1,663.6,61729,406.16,2711,22523.0,36.49,2026-08-03
INSPIRISYS,BE,03-Aug-2026,99.0,97.0,99.0,96.1,98.49,4502,4.37,65,,,2026-08-03
INTEGRITY,ST,03-Aug-2026,154.6,155.7,156.8,155.7,156.8,3600,5.62,2,3600.0,100.0,2026-08-03
INTELLECT,EQ,03-Aug-2026,719.9,727.7,764.4,722.15,748.85,1625516,12202.34,50251,732536.0,45.06,2026-08-03
INTENTECH,EQ,03-Aug-2026,83.32,82.5,85.87,82.5,83.07,25387,21.32,787,14349.0,56.52,2026-08-03
INTERARCH,EQ,03-Aug-2026,1808.8,1811.0,1858.0,1811.0,1846.1,53516,983.43,4280,31292.0,58.47,2026-08-03
INTERNET,EQ,03-Aug-2026,13.58,13.62,13.95,13.61,13.92,295701,40.99,332,248439.0,84.02,2026-08-03
INTLCONV,EQ,03-Aug-2026,74.47,74.0,75.75,73.55,73.77,49859,37.08,2427,37600.0,75.41,2026-08-03
INVENTURE,EQ,03-Aug-2026,0.9,0.91,0.95,0.9,0.91,2382685,21.99,489,1157449.0,48.58,2026-08-03
INVICTA,SM,03-Aug-2026,68.15,71.0,73.9,71.0,72.8,16000,11.59,10,9600.0,60.0,2026-08-03
INVPRECQ,BE,03-Aug-2026,1097.65,1152.5,1152.5,1060.1,1113.1,11175,123.46,396,,,2026-08-03
IOB,EQ,03-Aug-2026,33.9,34.29,34.6,34.01,34.1,2431701,834.44,11008,1095028.0,45.03,2026-08-03
IOC,EQ,03-Aug-2026,140.17,142.52,145.2,142.38,143.7,17986947,25814.41,81731,7071435.0,39.31,2026-08-03
IOLCP,EQ,03-Aug-2026,146.33,147.1,153.9,146.48,151.7,1909350,2882.25,15664,970867.0,50.85,2026-08-03
IONEXCHANG,EQ,03-Aug-2026,420.7,420.7,436.0,419.75,429.95,321970,1376.4,11392,168986.0,52.49,2026-08-03
IPCALAB,EQ,03-Aug-2026,1747.8,1752.9,1767.0,1714.0,1725.6,159711,2781.36,23023,91744.0,57.44,2026-08-03
IPHL,SM,03-Aug-2026,73.05,76.0,76.0,72.35,74.85,24000,17.95,18,21600.0,90.0,2026-08-03
IPL,EQ,03-Aug-2026,154.15,144.01,152.48,142.4,148.57,1006156,1474.18,11778,287164.0,28.54,2026-08-03
IRB,EQ,03-Aug-2026,20.0,20.17,20.38,20.06,20.18,6221967,1257.73,16333,3293550.0,52.93,2026-08-03
IRBINVIT,IV,03-Aug-2026,62.81,63.25,63.25,62.83,63.03,1073898,676.69,7152,1016899.0,94.69,2026-08-03
IRCON,EQ,03-Aug-2026,125.99,126.12,132.38,126.1,131.88,3483133,4553.53,29317,1147786.0,32.95,2026-08-03
IRCTC,EQ,03-Aug-2026,489.8,494.35,517.5,493.0,513.5,2801518,14261.28,54823,1154252.0,41.2,2026-08-03
IREDA,EQ,03-Aug-2026,119.59,120.38,123.9,120.19,123.0,7823276,9599.55,38873,2443811.0,31.24,2026-08-03
IRFC,EQ,03-Aug-2026,89.15,89.5,90.85,89.42,90.25,11813006,10666.91,51917,4209954.0,35.64,2026-08-03
IRIS,EQ,03-Aug-2026,248.2,252.0,263.97,249.8,254.52,19353,49.32,615,12274.0,63.42,2026-08-03
IRISDOREME,EQ,03-Aug-2026,52.96,53.26,54.5,52.81,53.52,459911,245.35,2782,297555.0,64.7,2026-08-03
IRMENERGY,EQ,03-Aug-2026,257.55,257.6,268.4,257.6,265.0,97929,258.9,3086,57745.0,58.97,2026-08-03
ISFT,EQ,03-Aug-2026,81.31,82.5,84.0,78.3,82.5,5293,4.37,228,3828.0,72.32,2026-08-03
ISGEC,EQ,03-Aug-2026,825.95,834.0,847.0,833.35,838.95,39861,334.78,3469,27385.0,68.7,2026-08-03
ISHAN,SM,03-Aug-2026,0.45,0.5,0.5,0.45,0.45,336000,1.63,7,336000.0,100.0,2026-08-03
ISHANCH,EQ,03-Aug-2026,52.22,52.99,53.3,50.5,51.84,49811,26.07,279,37389.0,75.06,2026-08-03
IT,EQ,03-Aug-2026,34.15,34.83,35.14,33.75,34.95,685778,237.51,1573,402283.0,58.66,2026-08-03
ITADD,EQ,03-Aug-2026,32.59,32.72,33.5,32.7,33.22,125860,41.59,203,100657.0,79.98,2026-08-03
ITAXIS,EQ,03-Aug-2026,337.83,341.14,349.0,338.1,345.94,7479,25.78,224,3968.0,53.06,2026-08-03
ITBEES,EQ,03-Aug-2026,34.12,34.2,35.2,34.0,34.98,19835504,6888.93,26577,9558327.0,48.19,2026-08-03
ITBETA,EQ,03-Aug-2026,323.35,320.69,333.99,319.91,324.4,352251,1140.7,233,12409.0,3.52,2026-08-03
ITC,EQ,03-Aug-2026,281.0,284.45,292.55,283.0,287.0,45392755,131200.68,397056,16649857.0,36.68,2026-08-03
ITCHOTELS,EQ,03-Aug-2026,162.37,163.59,167.35,162.8,165.22,2135051,3534.98,33860,971321.0,45.49,2026-08-03
ITDC,EQ,03-Aug-2026,700.7,707.0,730.2,705.45,715.2,343982,2473.58,17311,67970.0,19.76,2026-08-03
ITETF,EQ,03-Aug-2026,32.57,32.79,33.6,32.66,33.46,589716,195.12,1132,415858.0,70.52,2026-08-03
ITI,EQ,03-Aug-2026,276.7,279.4,282.9,277.8,282.15,264548,743.61,6001,95373.0,36.05,2026-08-03
ITIETF,EQ,03-Aug-2026,34.2,34.32,35.83,34.03,34.9,1165091,404.83,2437,513067.0,44.04,2026-08-03
IVALUE,EQ,03-Aug-2026,274.05,272.55,282.0,271.35,274.7,446702,1232.06,6970,271984.0,60.89,2026-08-03
IVC,EQ,03-Aug-2026,8.4,8.5,8.51,8.44,8.45,154929,13.12,692,146879.0,94.8,2026-08-03
IVP,BE,03-Aug-2026,152.0,153.5,158.9,153.35,158.23,6857,10.71,118,,,2026-08-03
IVZINGOLD,EQ,03-Aug-2026,123.35,124.0,124.2,122.65,123.5,77619,95.74,304,65659.0,84.59,2026-08-03
IVZINNIFTY,EQ,03-Aug-2026,280.58,287.59,287.59,278.0,280.97,3673,10.31,148,2719.0,74.03,2026-08-03
IWARE,ST,03-Aug-2026,489.8,474.0,482.0,474.0,482.0,3600,17.23,6,3600.0,100.0,2026-08-03
IWP,EQ,03-Aug-2026,33.49,34.45,34.45,32.8,33.13,2124,0.7,37,1686.0,79.38,2026-08-03
IXIGO,EQ,03-Aug-2026,197.62,199.85,204.58,198.13,199.6,591507,1185.24,14413,265552.0,44.89,2026-08-03
IZMO,EQ,03-Aug-2026,992.9,997.0,1028.25,973.85,988.9,91192,913.8,7374,45571.0,49.97,2026-08-03
J&KBANK,EQ,03-Aug-2026,156.0,155.0,158.7,152.55,156.12,6169987,9687.46,53526,2966634.0,48.08,2026-08-03
JAGRAN,EQ,03-Aug-2026,63.81,64.2,64.5,62.8,62.88,361401,228.48,2836,192775.0,53.34,2026-08-03
JAGSNPHARM,EQ,03-Aug-2026,230.8,228.5,239.0,227.21,235.37,182821,423.32,3945,83814.0,45.84,2026-08-03
JAIBALAJI,BE,03-Aug-2026,57.71,57.96,60.59,57.71,60.59,187525,111.85,748,,,2026-08-03
JAICORPLTD,EQ,03-Aug-2026,101.64,102.15,104.39,102.15,103.83,283415,293.96,2747,132987.0,46.92,2026-08-03
JAINIK,SM,03-Aug-2026,182.0,178.5,185.0,178.5,183.0,10800,19.83,7,8400.0,77.78,2026-08-03
JAINREC,EQ,03-Aug-2026,348.2,353.9,363.0,321.2,350.2,6506503,22587.15,119306,1239873.0,19.06,2026-08-03
JAIPURKURT,EQ,03-Aug-2026,26.67,26.5,27.96,26.5,26.91,141267,38.52,181,130911.0,92.67,2026-08-03
JALAN,ST,03-Aug-2026,1.55,1.6,1.6,1.5,1.6,54000,0.82,9,54000.0,100.0,2026-08-03
JAMNAAUTO,EQ,03-Aug-2026,131.18,132.99,141.6,132.49,140.86,6125287,8499.18,51207,2642132.0,43.13,2026-08-03
JARO,EQ,03-Aug-2026,467.85,474.8,476.65,469.75,472.55,113121,534.67,2200,14678.0,12.98,2026-08-03
JASH,EQ,03-Aug-2026,504.55,506.0,511.4,496.2,500.6,90209,455.99,6134,53123.0,58.89,2026-08-03
JAYAGROGN,EQ,03-Aug-2026,229.35,236.0,241.35,229.2,230.95,42437,99.97,1611,26131.0,61.58,2026-08-03
JAYBARMARU,EQ,03-Aug-2026,160.59,165.0,165.12,160.0,162.17,471198,768.28,5777,254702.0,54.05,2026-08-03
JAYBEE,SM,03-Aug-2026,89.9,89.9,89.9,84.0,87.0,16500,14.42,31,13500.0,81.82,2026-08-03
JAYESH,SM,03-Aug-2026,135.25,137.0,162.3,137.0,144.25,41000,59.99,27,9000.0,21.95,2026-08-03
JAYKAY,EQ,03-Aug-2026,167.36,169.8,172.0,163.68,165.32,121972,204.23,2819,56279.0,46.14,2026-08-03
JAYNECOIND,EQ,03-Aug-2026,86.03,86.48,89.26,86.2,88.18,3042725,2665.44,18128,1296937.0,42.62,2026-08-03
JAYSREETEA,EQ,03-Aug-2026,81.96,82.9,84.15,82.48,83.27,20508,17.08,348,13536.0,66.0,2026-08-03
JBMA,EQ,03-Aug-2026,658.35,663.0,670.95,660.0,662.6,161748,1076.34,8554,70295.0,43.46,2026-08-03
JETFREIGHT,EQ,03-Aug-2026,22.7,23.77,23.85,22.51,22.67,276654,64.11,1098,174979.0,63.25,2026-08-03
JEYYAM,ST,03-Aug-2026,24.35,24.25,24.75,24.0,24.0,24000,5.82,12,22000.0,91.67,2026-08-03
JFLLIFE,SM,03-Aug-2026,13.0,13.25,13.6,13.0,13.25,66000,8.78,11,42000.0,63.64,2026-08-03
JGCHEM,EQ,03-Aug-2026,503.8,507.0,514.8,501.65,508.4,84625,430.44,3425,47355.0,55.96,2026-08-03
JHS,EQ,03-Aug-2026,7.57,7.74,7.79,7.49,7.64,95703,7.31,331,53895.0,56.31,2026-08-03
JINDALPHOT,EQ,03-Aug-2026,1061.1,1070.0,1079.9,1038.0,1064.0,2158,22.86,282,1008.0,46.71,2026-08-03
JINDALPOLY,EQ,03-Aug-2026,633.3,642.0,642.0,622.0,625.0,16801,105.49,1376,9781.0,58.22,2026-08-03
JINDALSAW,EQ,03-Aug-2026,256.95,256.75,260.8,253.25,259.3,1071375,2751.54,23315,533014.0,49.75,2026-08-03
JINDALSTEL,EQ,03-Aug-2026,1102.4,1114.0,1128.3,1105.1,1105.1,1173261,13055.69,32751,621270.0,52.95,2026-08-03
JINDRILL,EQ,03-Aug-2026,616.2,622.9,628.35,607.0,611.15,283953,1749.5,11698,105975.0,37.32,2026-08-03
JINDWORLD,EQ,03-Aug-2026,38.34,37.91,42.4,37.63,40.41,123958484,50856.17,226240,7127505.0,5.75,2026-08-03
JIOFIN,EQ,03-Aug-2026,256.46,260.0,266.95,256.3,263.0,36582683,95718.18,177781,13864892.0,37.9,2026-08-03
JISLDVREQS,EQ,03-Aug-2026,22.1,22.21,23.23,22.05,22.53,28796,6.46,157,21443.0,74.47,2026-08-03
JISLJALEQS,EQ,03-Aug-2026,29.94,30.07,32.4,30.05,31.33,4959953,1555.74,16232,1651687.0,33.3,2026-08-03
JITFINFRA,EQ,03-Aug-2026,337.95,340.0,352.0,335.65,345.25,30630,106.11,1341,17708.0,57.81,2026-08-03
JKCEMENT,EQ,03-Aug-2026,5444.0,5461.0,5595.0,5461.0,5563.5,39151,2173.84,11716,19282.0,49.25,2026-08-03
JKIL,EQ,03-Aug-2026,482.0,484.0,489.9,483.1,485.2,72309,351.64,4510,46117.0,63.78,2026-08-03
JKIPL,BE,03-Aug-2026,97.97,98.5,101.0,94.51,96.83,10971,10.69,148,,,2026-08-03
JKLAKSHMI,EQ,03-Aug-2026,564.65,569.9,571.85,564.0,568.65,67274,382.26,4288,37535.0,55.79,2026-08-03
JKPAPER,EQ,03-Aug-2026,390.55,390.95,392.7,385.0,385.75,205827,800.22,6562,91010.0,44.22,2026-08-03
JKTYRE,EQ,03-Aug-2026,399.75,405.0,418.25,403.15,410.3,1668484,6866.32,37784,802321.0,48.09,2026-08-03
JLHL,EQ,03-Aug-2026,331.5,325.0,325.0,310.3,319.0,607371,1928.1,32790,323013.0,53.18,2026-08-03
JMA,EQ,03-Aug-2026,87.92,89.0,90.9,87.02,88.67,12766,11.41,214,8704.0,68.18,2026-08-03
JMFINANCIL,EQ,03-Aug-2026,122.16,123.69,125.25,117.7,120.89,8194497,9910.23,58434,2172736.0,26.51,2026-08-03
JNKINDIA,EQ,03-Aug-2026,437.55,430.0,430.0,405.2,410.85,732715,3058.83,17851,372108.0,50.78,2026-08-03
JOCIL,BE,03-Aug-2026,144.29,147.5,151.5,146.1,150.87,12800,19.19,96,,,2026-08-03
JPOLYINVST,EQ,03-Aug-2026,1020.8,1021.0,1045.0,1021.0,1029.2,5203,53.55,391,4101.0,78.82,2026-08-03
JPPOWER,EQ,03-Aug-2026,18.29,18.59,19.28,18.31,18.76,197024299,37344.67,113139,67887964.0,34.46,2026-08-03
JSFB,EQ,03-Aug-2026,575.0,579.0,593.0,573.6,584.85,673070,3933.08,24389,320101.0,47.56,2026-08-03
JSL,EQ,03-Aug-2026,734.8,734.8,740.0,719.95,731.7,382465,2808.38,20907,161870.0,42.32,2026-08-03
JSLL,EQ,03-Aug-2026,586.15,595.6,602.05,573.2,582.5,415999,2453.75,12549,201473.0,48.43,2026-08-03
JSWCEMENT,EQ,03-Aug-2026,133.1,134.0,134.75,132.15,132.9,692633,926.48,10380,379723.0,54.82,2026-08-03
JSWDULUX,EQ,03-Aug-2026,2938.8,2938.8,3035.0,2938.8,3015.5,13123,394.97,2834,7798.0,59.42,2026-08-03
JSWENERGY,EQ,03-Aug-2026,554.65,559.0,569.0,557.35,569.0,2824425,15910.48,56499,1570771.0,55.61,2026-08-03
JSWHL,EQ,03-Aug-2026,11257.0,11250.0,12200.0,11250.0,12016.0,7448,878.39,2591,3768.0,50.59,2026-08-03
JSWINFRA,EQ,03-Aug-2026,312.4,317.7,330.95,314.4,329.0,6061606,19691.94,105860,3383810.0,55.82,2026-08-03
JSWSTEEL,EQ,03-Aug-2026,1270.0,1278.9,1294.8,1268.7,1292.3,2577735,32937.41,57931,1659767.0,64.39,2026-08-03
JTEKTINDIA,EQ,03-Aug-2026,140.71,141.9,143.94,138.2,141.74,256541,363.15,4247,122242.0,47.65,2026-08-03
JTLIND,EQ,03-Aug-2026,75.39,77.4,77.4,75.3,75.73,1165467,890.2,8357,611045.0,52.43,2026-08-03
JUBLCPL,EQ,03-Aug-2026,1778.6,1800.0,1848.7,1800.0,1822.3,1471,26.71,298,1002.0,68.12,2026-08-03
JUBLFOOD,EQ,03-Aug-2026,438.25,439.95,470.8,439.95,470.0,6073943,28079.4,78614,1870591.0,30.8,2026-08-03
JUBLINGREA,EQ,03-Aug-2026,735.7,739.9,760.55,734.05,757.45,300636,2262.35,18340,148096.0,49.26,2026-08-03
JUBLPHARMA,EQ,03-Aug-2026,935.15,936.0,944.45,925.4,933.15,204728,1912.52,19899,118919.0,58.09,2026-08-03
JUNIORBEES,EQ,03-Aug-2026,795.65,800.0,805.0,795.0,801.59,548402,4399.06,18462,350479.0,63.91,2026-08-03
JUNIPER,EQ,03-Aug-2026,195.33,198.0,199.0,196.45,197.75,82931,164.14,1525,60032.0,72.39,2026-08-03
JUSTDIAL,EQ,03-Aug-2026,716.7,719.9,729.35,705.8,710.65,399720,2860.4,10336,152759.0,38.22,2026-08-03
JWL,EQ,03-Aug-2026,259.2,259.25,269.55,259.25,264.95,1890451,5020.2,25367,662849.0,35.06,2026-08-03
JYOTHYLAB,EQ,03-Aug-2026,198.85,200.83,207.4,199.84,206.06,941754,1935.49,22751,520496.0,55.27,2026-08-03
JYOTICNC,EQ,03-Aug-2026,808.65,814.8,864.2,812.05,858.3,1473324,12476.35,39134,686308.0,46.58,2026-08-03
JYOTIGLOBL,SM,03-Aug-2026,35.95,35.9,35.9,35.9,35.9,4000,1.44,2,4000.0,100.0,2026-08-03
JYOTISTRUC,EQ,03-Aug-2026,10.8,10.88,11.74,10.88,11.6,9771430,1114.7,10661,4218086.0,43.17,2026-08-03
K2INFRA,ST,03-Aug-2026,54.05,54.5,54.7,53.5,54.45,11400,6.17,19,9600.0,84.21,2026-08-03
KABRAEXTRU,EQ,03-Aug-2026,394.95,401.0,447.95,395.0,418.6,873684,3716.02,27866,279809.0,32.03,2026-08-03
KAJARIACER,EQ,03-Aug-2026,1198.3,1220.3,1223.0,1188.2,1214.7,664373,8029.09,45153,434381.0,65.38,2026-08-03
KAKATCEM,BE,03-Aug-2026,122.37,121.5,121.5,117.01,119.87,3518,4.21,62,,,2026-08-03
KALAMANDIR,EQ,03-Aug-2026,89.13,89.11,90.7,89.05,90.03,317343,285.85,2903,170437.0,53.71,2026-08-03
KALANA,SM,03-Aug-2026,18.5,18.95,18.95,18.95,18.95,2000,0.38,1,2000.0,100.0,2026-08-03
KALPATARU,EQ,03-Aug-2026,297.85,300.75,309.8,297.0,300.7,100525,303.52,2532,43968.0,43.74,2026-08-03
KALYANIFRG,EQ,03-Aug-2026,601.9,620.0,620.0,593.0,599.6,989,5.96,91,569.0,57.53,2026-08-03
KALYANKJIL,EQ,03-Aug-2026,612.6,616.35,623.4,602.55,608.0,15638729,95602.73,129745,2412614.0,15.43,2026-08-03
KAMAHOLD,EQ,03-Aug-2026,2511.1,2520.0,2545.0,2510.0,2516.4,2500,63.18,302,1785.0,71.4,2026-08-03
KAMATHOTEL,EQ,03-Aug-2026,166.99,166.3,171.39,166.3,170.15,34581,58.83,876,26208.0,75.79,2026-08-03
KAMDHENU,BE,03-Aug-2026,34.3,34.3,34.89,33.44,34.55,367286,126.69,614,,,2026-08-03
KAMOPAINTS,EQ,03-Aug-2026,4.58,4.57,4.73,4.5,4.56,307600,14.08,799,243398.0,79.13,2026-08-03
KANANIIND,EQ,03-Aug-2026,1.49,1.55,1.55,1.47,1.5,79472,1.2,295,49104.0,61.79,2026-08-03
KANCHI,BE,03-Aug-2026,365.95,365.0,374.0,355.05,364.6,1404,5.12,45,,,2026-08-03
KANDARP,SM,03-Aug-2026,100.9,98.75,99.0,97.0,98.45,7000,6.89,7,6000.0,85.71,2026-08-03
KANORICHEM,BE,03-Aug-2026,142.38,140.99,147.5,139.0,142.97,14005,20.07,146,,,2026-08-03
KANPRPLA,EQ,03-Aug-2026,207.13,209.99,213.37,206.44,211.01,11000,23.19,627,6040.0,54.91,2026-08-03
KANSAINER,EQ,03-Aug-2026,196.74,197.19,205.26,197.19,204.18,514487,1047.66,17125,244198.0,47.46,2026-08-03
KAPSTON,EQ,03-Aug-2026,474.9,483.9,534.0,478.8,525.9,302591,1562.74,12319,85729.0,28.33,2026-08-03
KARMAENG,EQ,03-Aug-2026,38.24,36.6,39.9,36.6,38.5,1381,0.53,76,765.0,55.39,2026-08-03
KARNIKA,SM,03-Aug-2026,117.8,115.1,120.0,115.1,119.2,42000,49.72,35,30000.0,71.43,2026-08-03
KARURVYSYA,EQ,03-Aug-2026,342.45,343.5,351.8,342.5,348.1,3406254,11855.66,57118,1827123.0,53.64,2026-08-03
KATARIA,SM,03-Aug-2026,97.75,98.0,99.8,97.0,99.8,7800,7.73,12,7800.0,100.0,2026-08-03
KAUSHALYA,BE,03-Aug-2026,909.0,892.3,929.0,892.3,924.55,148,1.35,25,,,2026-08-03
KAVDEFENCE,EQ,03-Aug-2026,57.11,56.71,59.71,56.71,58.52,117414,68.87,1553,48878.0,41.63,2026-08-03
KAYA,EQ,03-Aug-2026,275.74,275.15,283.0,275.15,278.45,7972,22.26,201,5778.0,72.48,2026-08-03
KAYNES,EQ,03-Aug-2026,3804.6,3830.0,3866.8,3760.0,3805.0,1176113,44772.8,70307,224285.0,19.07,2026-08-03
KAYTEX,SM,03-Aug-2026,58.5,58.65,58.65,57.8,57.9,68000,39.4,57,67200.0,98.82,2026-08-03
KCEIL,SM,03-Aug-2026,87.45,86.15,89.15,86.15,88.7,10000,8.72,10,10000.0,100.0,2026-08-03
KCK,SM,03-Aug-2026,19.0,19.0,19.0,18.1,18.35,252500,46.93,69,187500.0,74.26,2026-08-03
KCP,EQ,03-Aug-2026,161.57,161.6,165.39,148.98,152.97,890397,1390.15,18639,180089.0,20.23,2026-08-03
KCPSUGIND,EQ,03-Aug-2026,31.95,32.27,33.0,30.8,32.59,537049,173.69,1855,254539.0,47.4,2026-08-03
KDDL,EQ,03-Aug-2026,3302.0,3318.5,3495.0,3272.7,3463.2,54531,1855.65,7077,26752.0,49.06,2026-08-03
KDL,SM,03-Aug-2026,102.85,107.65,107.95,103.65,106.25,21000,22.24,102,16500.0,78.57,2026-08-03
KEC,EQ,03-Aug-2026,468.95,473.75,482.85,472.35,478.75,806688,3861.1,21616,373552.0,46.31,2026-08-03
KECL,EQ,03-Aug-2026,137.79,134.0,140.0,130.4,135.26,303094,408.57,3928,162038.0,53.46,2026-08-03
KEEPLEARN,EQ,03-Aug-2026,1.91,1.99,1.99,1.85,1.94,37793,0.73,65,35355.0,93.55,2026-08-03
KEI,EQ,03-Aug-2026,4999.0,5024.0,5063.2,4963.2,5023.3,274828,13790.05,29119,99644.0,36.26,2026-08-03
KEL,SM,03-Aug-2026,81.0,85.0,85.0,77.5,84.45,13200,10.57,11,4800.0,36.36,2026-08-03
KELLTONTEC,EQ,03-Aug-2026,14.18,14.27,14.4,14.15,14.27,1738942,248.29,3153,895379.0,51.49,2026-08-03
KEN,SM,03-Aug-2026,38.0,36.4,38.0,36.15,38.0,10800,4.05,9,8400.0,77.78,2026-08-03
KENNAMET,EQ,03-Aug-2026,2821.4,2888.0,2987.0,2851.3,2907.5,16803,490.75,2206,11813.0,70.3,2026-08-03
KERNEX,EQ,03-Aug-2026,2291.7,2337.0,2352.8,2270.0,2278.0,119055,2740.5,8899,71622.0,60.16,2026-08-03
KESORAMIND,BE,03-Aug-2026,12.52,13.14,13.14,13.14,13.14,1049528,137.91,353,,,2026-08-03
KEYFINSERV,EQ,03-Aug-2026,256.0,259.85,260.7,251.15,253.2,1581,4.05,67,634.0,40.1,2026-08-03
KFINTECH,EQ,03-Aug-2026,937.9,943.7,953.55,934.25,945.0,514392,4856.77,17955,172448.0,33.52,2026-08-03
KHADIM,BE,03-Aug-2026,96.99,97.8,97.8,95.05,96.79,11164,10.77,149,,,2026-08-03
KHAICHEM,EQ,03-Aug-2026,47.15,47.9,52.79,47.7,49.35,234709,116.93,1734,137678.0,58.66,2026-08-03
KHAITANLTD,EQ,03-Aug-2026,129.5,141.0,155.4,134.0,155.39,49355,73.94,641,27779.0,56.28,2026-08-03
KHANDSE,EQ,03-Aug-2026,17.93,17.9,17.9,17.0,17.52,1503,0.26,45,1002.0,66.67,2026-08-03
KHFM,SM,03-Aug-2026,47.4,47.4,49.7,47.4,49.7,3100,1.51,2,3100.0,100.0,2026-08-03
KICL,EQ,03-Aug-2026,5498.5,5580.0,5600.0,5490.5,5522.0,1259,70.04,312,824.0,65.45,2026-08-03
KILITCH,BE,03-Aug-2026,186.59,192.0,192.0,185.0,190.86,17781,33.8,146,,,2026-08-03
KIMS,EQ,03-Aug-2026,804.7,805.95,826.65,804.2,820.6,818769,6681.1,24514,479720.0,58.59,2026-08-03
KINGFA,EQ,03-Aug-2026,5248.5,5248.0,5250.5,5160.0,5185.5,2833,147.45,1177,1629.0,57.5,2026-08-03
KIOCL,EQ,03-Aug-2026,365.55,371.0,410.7,369.55,394.9,2831917,11246.92,57530,349383.0,12.34,2026-08-03
KIRANVYPAR,EQ,03-Aug-2026,197.51,197.51,203.9,192.1,202.99,3066,6.18,67,2990.0,97.52,2026-08-03
KIRIINDUS,EQ,03-Aug-2026,414.65,415.95,429.95,415.95,425.6,346596,1471.44,7685,174644.0,50.39,2026-08-03
KIRLFER,EQ,03-Aug-2026,475.65,477.0,484.4,470.05,475.05,55463,265.42,2500,41344.0,74.54,2026-08-03
KIRLOSBROS,EQ,03-Aug-2026,1870.1,1840.0,1914.0,1839.9,1859.7,147293,2775.01,20072,46902.0,31.84,2026-08-03
KIRLOSENG,EQ,03-Aug-2026,2189.8,2190.0,2246.9,2157.5,2225.2,271651,6046.47,29453,160721.0,59.16,2026-08-03
KIRLOSIND,EQ,03-Aug-2026,3940.8,3970.0,4067.8,3924.0,3952.6,10676,427.67,2186,4351.0,40.75,2026-08-03
KIRLPNU,EQ,03-Aug-2026,1482.4,1483.0,1491.1,1460.0,1463.3,75867,1117.87,10478,43366.0,57.16,2026-08-03
KISSHT,EQ,03-Aug-2026,317.8,320.0,321.65,307.0,313.6,2279384,7169.41,62620,933902.0,40.97,2026-08-03
KITEX,EQ,03-Aug-2026,145.81,146.45,149.19,145.0,146.34,346394,510.65,3631,193971.0,56.0,2026-08-03
KKCL,EQ,03-Aug-2026,497.0,505.0,514.5,497.7,509.95,32890,167.06,5657,20890.0,63.51,2026-08-03
KKJEWELS,SM,03-Aug-2026,107.0,106.05,106.05,104.5,104.9,9000,9.47,9,6000.0,66.67,2026-08-03
KLBRENG-B,EQ,03-Aug-2026,435.5,450.85,453.0,417.45,421.6,113179,483.68,4733,77638.0,68.6,2026-08-03
KLL,SM,03-Aug-2026,27.9,27.0,28.7,27.0,28.25,6400,1.79,7,6400.0,100.0,2026-08-03
KMEW,EQ,03-Aug-2026,2463.3,2470.6,2533.0,2470.6,2493.5,51459,1289.62,7665,21552.0,41.88,2026-08-03
KMSUGAR,EQ,03-Aug-2026,27.6,27.8,28.5,27.75,28.19,149407,42.25,907,91895.0,61.51,2026-08-03
KNACK,EQ,03-Aug-2026,190.15,192.5,202.9,192.49,197.28,2439087,4832.87,21695,915376.0,37.53,2026-08-03
KNAGRI,EQ,03-Aug-2026,208.24,215.0,215.59,207.0,207.06,9368,19.79,144,6702.0,71.54,2026-08-03
KNRCON,EQ,03-Aug-2026,121.85,121.85,127.7,121.85,126.53,983664,1231.97,9333,541493.0,55.05,2026-08-03
KODYTECH,SM,03-Aug-2026,1418.8,1418.8,1450.0,1411.0,1441.7,12600,180.6,102,9200.0,73.02,2026-08-03
KOHINOOR,EQ,03-Aug-2026,23.27,23.27,23.77,23.04,23.25,41849,9.78,1384,15858.0,37.89,2026-08-03
KOKUYOCMLN,EQ,03-Aug-2026,85.94,85.94,88.8,85.25,85.93,42642,36.99,456,32413.0,76.01,2026-08-03
KOLTEPATIL,EQ,03-Aug-2026,385.1,385.5,399.95,385.2,391.4,164542,648.66,4861,55657.0,33.83,2026-08-03
KONSTELEC,ST,03-Aug-2026,61.45,62.1,62.9,61.5,62.8,40000,25.08,11,40000.0,100.0,2026-08-03
KOPRAN,BE,03-Aug-2026,191.03,188.22,194.6,182.15,190.27,61771,117.5,865,,,2026-08-03
KORE,SM,03-Aug-2026,174.5,159.85,184.0,159.85,170.75,3500,6.05,12,3000.0,85.71,2026-08-03
KOTAKBANK,EQ,03-Aug-2026,390.3,392.0,397.5,391.05,397.5,11247062,44223.97,198837,8110295.0,72.11,2026-08-03
KOTARISUG,EQ,03-Aug-2026,25.28,25.07,26.48,25.07,26.13,112364,29.31,491,68016.0,60.53,2026-08-03
KOTHARIPET,EQ,03-Aug-2026,139.86,139.99,148.77,139.09,147.14,369243,540.56,4354,139915.0,37.89,2026-08-03
KOTHARIPRO,EQ,03-Aug-2026,66.77,68.43,71.0,66.36,68.66,7339,5.08,202,5841.0,79.59,2026-08-03
KOTIC,EQ,03-Aug-2026,158.82,161.41,165.18,152.35,155.65,25135,39.58,690,15161.0,60.32,2026-08-03
KOTYARK,BE,03-Aug-2026,33.23,34.56,34.89,34.55,34.89,143927,50.17,298,,,2026-08-03
KOVAI,EQ,03-Aug-2026,5910.0,5895.0,5920.0,5810.0,5832.5,4105,240.51,1674,2829.0,68.92,2026-08-03
KPEL,EQ,03-Aug-2026,306.95,309.05,319.2,309.05,316.25,193005,607.91,4846,105715.0,54.77,2026-08-03
KPIGREEN,EQ,03-Aug-2026,373.75,375.4,383.0,375.4,380.85,369696,1405.57,12660,190441.0,51.51,2026-08-03
KPIL,EQ,03-Aug-2026,1289.6,1289.0,1310.0,1273.1,1283.5,152552,1962.32,17688,87042.0,57.06,2026-08-03
KPITTECH,EQ,03-Aug-2026,598.4,602.15,622.5,598.45,619.25,4526739,27800.15,63094,1144953.0,25.29,2026-08-03
KPL,EQ,03-Aug-2026,2578.9,2598.9,2625.0,2550.0,2562.0,12762,328.89,2362,6809.0,53.35,2026-08-03
KPRMILL,EQ,03-Aug-2026,1049.8,1064.7,1077.0,1050.5,1063.7,156682,1664.01,17474,61112.0,39.0,2026-08-03
KRBL,EQ,03-Aug-2026,351.1,350.0,381.0,350.0,373.7,798295,2945.02,17457,355751.0,44.56,2026-08-03
KREBSBIO,EQ,03-Aug-2026,53.65,53.11,58.04,53.11,55.79,10136,5.69,83,7461.0,73.61,2026-08-03
KRIDHANINF,BE,03-Aug-2026,2.34,2.44,2.44,2.28,2.3,24337,0.56,54,,,2026-08-03
KRISHANA,EQ,03-Aug-2026,182.95,183.7,186.0,178.5,180.38,980090,1787.37,13813,404274.0,41.25,2026-08-03
KRISHCA,SM,03-Aug-2026,160.3,160.55,165.5,157.45,159.55,23500,37.79,42,17000.0,72.34,2026-08-03
KRISHIVAL,EQ,03-Aug-2026,393.55,394.15,400.0,387.6,389.35,104025,405.79,332,103075.0,99.09,2026-08-03
KRISHNADEF,EQ,03-Aug-2026,1198.5,1206.7,1230.0,1202.0,1218.3,69989,853.37,5036,34596.0,49.43,2026-08-03
KRITI,BE,03-Aug-2026,70.34,69.71,71.3,69.05,69.6,3815,2.67,31,,,2026-08-03
KRITIKA,EQ,03-Aug-2026,6.14,6.39,6.39,5.98,6.01,415349,25.32,1032,261774.0,63.03,2026-08-03
KRITINUT,EQ,03-Aug-2026,72.58,72.0,76.94,71.85,73.69,9034,6.66,119,6919.0,76.59,2026-08-03
KRMAYURVED,ST,03-Aug-2026,274.9,282.7,288.6,282.7,288.6,60000,172.64,35,60000.0,100.0,2026-08-03
KRN,BE,03-Aug-2026,1174.4,1175.0,1218.0,1175.0,1212.1,46692,562.63,2566,,,2026-08-03
KRONOX,EQ,03-Aug-2026,151.3,151.3,154.9,151.3,153.81,33807,51.94,1132,19277.0,57.02,2026-08-03
KROSS,EQ,03-Aug-2026,196.2,196.2,204.99,196.2,203.39,421877,851.67,7721,194627.0,46.13,2026-08-03
KRSNAA,EQ,03-Aug-2026,527.45,529.0,561.45,526.55,540.8,220315,1203.34,9203,127447.0,57.85,2026-08-03
KRT,RR,03-Aug-2026,118.4,118.4,118.9,117.5,117.64,637159,751.35,3218,594473.0,93.3,2026-08-03
KRYSTAL,EQ,03-Aug-2026,600.05,602.0,608.85,601.0,602.2,12552,75.94,479,7936.0,63.22,2026-08-03
KSB,EQ,03-Aug-2026,855.9,858.0,868.55,850.5,857.75,50364,432.72,6714,24665.0,48.97,2026-08-03
KSCL,EQ,03-Aug-2026,782.45,782.4,801.95,772.25,780.5,178531,1406.54,8704,96733.0,54.18,2026-08-03
KSHINTL,EQ,03-Aug-2026,839.7,845.45,885.6,845.45,878.2,211171,1843.59,15589,111939.0,53.01,2026-08-03
KSHITIJPOL,BE,03-Aug-2026,2.97,3.03,3.03,2.88,2.97,945344,28.05,1267,,,2026-08-03
KSL,EQ,03-Aug-2026,874.05,889.0,889.7,875.05,886.5,15557,137.16,1538,8077.0,51.92,2026-08-03
KSOLVES,EQ,03-Aug-2026,281.5,281.55,286.8,281.55,282.8,34087,96.91,1448,23294.0,68.34,2026-08-03
KSR,EQ,03-Aug-2026,29.69,29.69,30.0,28.68,29.67,10836,3.22,44,9487.0,87.55,2026-08-03
KTKBANK,EQ,03-Aug-2026,284.75,288.0,294.0,286.0,289.45,3342740,9748.86,32818,1752295.0,52.42,2026-08-03
KUANTUM,EQ,03-Aug-2026,78.05,79.0,80.8,78.71,79.35,103500,82.45,1246,71449.0,69.03,2026-08-03
KUSUMGAR,EQ,03-Aug-2026,582.85,587.95,633.0,583.6,615.8,2180851,13488.18,61801,672626.0,30.84,2026-08-03
KWIL,EQ,03-Aug-2026,30.91,31.19,33.42,30.94,33.16,17265472,5653.98,34930,7390947.0,42.81,2026-08-03
LAGNAM,EQ,03-Aug-2026,86.34,85.8,89.5,85.0,88.44,24808,21.75,223,16271.0,65.59,2026-08-03
LAHOTIOV,EQ,03-Aug-2026,41.01,41.01,42.0,40.05,41.49,9924,4.08,133,8018.0,80.79,2026-08-03
LAKPRE,BZ,03-Aug-2026,4.93,5.17,5.17,4.81,4.81,360,0.02,10,,,2026-08-03
LAKSHYA,SM,03-Aug-2026,89.9,87.1,90.0,87.1,90.0,3200,2.85,4,2400.0,75.0,2026-08-03
LAL,EQ,03-Aug-2026,8.53,8.37,8.69,8.05,8.13,253681,21.05,370,191208.0,75.37,2026-08-03
LALPATHLAB,EQ,03-Aug-2026,1905.2,1920.0,1941.7,1880.6,1900.4,718505,13652.44,55770,482379.0,67.14,2026-08-03
LAMBODHARA,EQ,03-Aug-2026,113.75,114.7,115.95,111.0,111.3,9964,11.17,229,7293.0,73.19,2026-08-03
LAMOSAIC,ST,03-Aug-2026,51.5,51.85,52.8,50.35,52.5,30600,15.78,31,28200.0,92.16,2026-08-03
LANCORHOL,EQ,03-Aug-2026,26.16,26.17,26.94,26.05,26.54,48293,12.76,245,35593.0,73.7,2026-08-03
LANDMARK,EQ,03-Aug-2026,540.75,541.0,558.9,538.2,542.9,265414,1456.84,12713,70822.0,26.68,2026-08-03
LANDSMILL,EQ,03-Aug-2026,0.81,0.82,0.82,0.8,0.8,1487699,12.02,883,905373.0,60.86,2026-08-03
LAOPALA,EQ,03-Aug-2026,184.35,185.3,190.25,185.3,187.81,155641,293.4,2821,86202.0,55.39,2026-08-03
LASA,EQ,03-Aug-2026,6.87,7.1,7.1,6.86,6.93,39764,2.75,148,26432.0,66.47,2026-08-03
LASERPOWER,EQ,03-Aug-2026,299.37,303.0,307.8,288.0,295.1,2496781,7407.69,26043,629991.0,25.23,2026-08-03
LATENTVIEW,EQ,03-Aug-2026,316.2,300.0,308.7,292.6,297.85,3420336,10232.51,51252,983796.0,28.76,2026-08-03
LATTEYS,BE,03-Aug-2026,19.98,19.26,20.2,19.26,19.86,57845,11.55,178,,,2026-08-03
LAURUSLABS,EQ,03-Aug-2026,1816.2,1821.0,1838.3,1789.1,1811.4,1919384,34900.14,56463,836420.0,43.58,2026-08-03
LAXMICOT,EQ,03-Aug-2026,14.49,14.49,15.58,14.49,14.63,15770,2.36,157,13520.0,85.73,2026-08-03
LAXMIDENTL,EQ,03-Aug-2026,212.69,214.69,227.9,214.69,218.13,320951,713.67,7485,137357.0,42.8,2026-08-03
LAXMIINDIA,BE,03-Aug-2026,126.48,129.0,131.8,125.0,131.05,226143,294.62,733,,,2026-08-03
LCCINFOTEC,EQ,03-Aug-2026,4.18,4.01,4.38,4.01,4.14,159959,6.74,136,144564.0,90.38,2026-08-03
LCL,EQ,03-Aug-2026,535.15,534.0,547.7,517.3,525.7,2411586,12862.82,58749,691323.0,28.67,2026-08-03
LEMERITE,EQ,03-Aug-2026,23.27,23.57,24.2,23.01,23.26,242961,56.46,838,111173.0,45.76,2026-08-03
LEMONTREE,EQ,03-Aug-2026,109.3,110.13,114.58,110.0,114.03,5869426,6611.25,40508,3097676.0,52.78,2026-08-03
LENSKART,EQ,03-Aug-2026,561.4,566.0,574.55,559.3,568.35,2729162,15466.03,51414,1756544.0,64.36,2026-08-03
LEXUS,EQ,03-Aug-2026,14.66,14.45,15.2,14.45,14.64,20296,2.98,104,17657.0,87.0,2026-08-03
LFIC,EQ,03-Aug-2026,144.12,142.0,145.0,138.1,141.06,2693,3.81,55,2322.0,86.22,2026-08-03
LGBBROSLTD,EQ,03-Aug-2026,1588.4,1569.0,1569.0,1524.0,1532.4,60387,928.62,6748,31676.0,52.45,2026-08-03
LGEINDIA,EQ,03-Aug-2026,1490.5,1510.9,1574.0,1499.0,1569.8,520588,8081.78,27881,293061.0,56.29,2026-08-03
LGHL,EQ,03-Aug-2026,205.37,209.25,209.25,198.99,201.31,39063,78.78,928,10912.0,27.93,2026-08-03
LIBAS,EQ,03-Aug-2026,10.07,10.43,10.43,9.71,10.09,14102,1.42,94,7480.0,53.04,2026-08-03
LIBERTSHOE,EQ,03-Aug-2026,260.4,264.25,265.0,260.05,261.9,14474,38.06,757,6988.0,48.28,2026-08-03
LICHSGFIN,EQ,03-Aug-2026,523.1,525.5,527.0,515.1,519.0,2191300,11387.93,43372,1138994.0,51.98,2026-08-03
LICI,EQ,03-Aug-2026,424.7,426.05,431.3,422.95,428.5,2043005,8746.94,23297,1052842.0,51.53,2026-08-03
LICMFGOLD,EQ,03-Aug-2026,127.4,127.95,128.45,127.55,127.8,38616,49.43,616,21182.0,54.85,2026-08-03
LICNETFGSC,EQ,03-Aug-2026,29.49,29.49,29.63,29.22,29.43,100528,29.6,152,83771.0,83.33,2026-08-03
LICNETFN50,EQ,03-Aug-2026,272.83,274.06,276.47,274.06,275.94,1685,4.63,55,1133.0,67.24,2026-08-03
LICNETFSEN,EQ,03-Aug-2026,877.1,889.0,889.0,852.0,888.5,182,1.61,22,132.0,72.53,2026-08-03
LICNFNHGP,EQ,03-Aug-2026,276.95,279.71,282.9,272.05,282.62,386,1.08,26,332.0,86.01,2026-08-03
LICNMID100,EQ,03-Aug-2026,63.24,63.79,64.07,63.26,63.8,23633,15.1,139,18249.0,77.22,2026-08-03
LIKHITHA,EQ,03-Aug-2026,220.8,222.0,228.43,222.0,226.1,24746,55.83,776,13002.0,52.54,2026-08-03
LINC,EQ,03-Aug-2026,102.19,102.3,103.0,100.22,101.64,16037,16.34,437,11067.0,69.01,2026-08-03
LINCOLN,EQ,03-Aug-2026,577.15,578.9,592.8,578.0,580.75,14502,84.75,765,9805.0,67.61,2026-08-03
LINDEINDIA,EQ,03-Aug-2026,6745.0,6770.5,7035.0,6770.5,6980.5,50665,3516.58,13113,25754.0,50.83,2026-08-03
LIQGRWBEES,EQ,03-Aug-2026,1050.01,1049.05,1050.15,1049.05,1050.14,78228,821.5,213,41952.0,53.63,2026-08-03
LIQUID,EQ,03-Aug-2026,999.99,999.99,1000.0,999.99,999.99,886933,8869.28,267,173483.0,19.56,2026-08-03
LIQUID1,EQ,03-Aug-2026,1116.3,1116.3,1116.45,1116.3,1116.43,544885,6083.3,607,279635.0,51.32,2026-08-03
LIQUIDADD,EQ,03-Aug-2026,1138.43,1138.59,1138.69,1138.56,1138.57,576733,6566.54,918,425949.0,73.86,2026-08-03
LIQUIDBEES,EQ,03-Aug-2026,1000.0,1000.0,1000.01,999.22,999.99,2215987,22159.8,4593,1657020.0,74.78,2026-08-03
LIQUIDBETA,EQ,03-Aug-2026,1002.14,997.13,1002.68,997.13,1002.68,10,0.1,3,4.0,40.0,2026-08-03
LIQUIDBETF,EQ,03-Aug-2026,1092.84,1092.99,1092.99,1092.97,1092.98,438816,4796.15,144,369999.0,84.32,2026-08-03
LIQUIDCASE,EQ,03-Aug-2026,115.28,115.31,115.31,115.29,115.3,21339134,24604.26,21325,19135412.0,89.67,2026-08-03
LIQUIDETF,EQ,03-Aug-2026,1000.0,999.99,1000.01,999.99,1000.0,162788,1627.88,259,130618.0,80.24,2026-08-03
LIQUIDIETF,EQ,03-Aug-2026,999.99,999.99,1000.01,999.98,999.99,580250,5802.5,280,338512.0,58.34,2026-08-03
LIQUIDPLUS,EQ,03-Aug-2026,1097.06,1098.0,1098.0,1097.21,1097.21,360740,3958.09,311,326261.0,90.44,2026-08-03
LIQUIDSBI,EQ,03-Aug-2026,1000.01,1000.0,1000.01,999.99,1000.0,2777,27.77,34,2480.0,89.31,2026-08-03
LIQUIDSHRI,EQ,03-Aug-2026,1115.56,1115.72,1115.72,1115.7,1115.7,1293,14.43,23,1142.0,88.32,2026-08-03
LLOYDS,ST,03-Aug-2026,68.5,68.5,68.5,68.5,68.5,2000,1.37,2,2000.0,100.0,2026-08-03
LLOYDSENGG,EQ,03-Aug-2026,88.66,89.2,92.5,88.72,91.84,10908467,9957.37,37178,4865097.0,44.6,2026-08-03
LLOYDSENT,EQ,03-Aug-2026,79.96,81.88,84.16,80.76,81.57,3960227,3267.92,16632,1751156.0,44.22,2026-08-03
LLOYDSME,EQ,03-Aug-2026,2047.0,2050.9,2068.0,2035.1,2050.6,607387,12464.43,41936,357644.0,58.88,2026-08-03
LMW,EQ,03-Aug-2026,16152.0,16152.0,16342.0,16071.0,16182.0,1403,227.9,669,758.0,54.03,2026-08-03
LODHA,EQ,03-Aug-2026,1243.95,1248.0,1257.8,1226.4,1239.8,1834226,22731.05,25660,1023046.0,55.78,2026-08-03
LOKESHMACH,BE,03-Aug-2026,338.0,337.95,338.0,335.0,335.1,6194,20.93,64,,,2026-08-03
LORDSCHLO,EQ,03-Aug-2026,143.77,145.25,149.5,145.25,147.86,12408,18.36,362,8702.0,70.13,2026-08-03
LOTUSDEV,EQ,03-Aug-2026,200.12,207.5,207.5,196.65,197.66,9820738,19866.98,44510,3023503.0,30.79,2026-08-03
LOTUSEYE,EQ,03-Aug-2026,117.51,122.0,122.0,116.3,117.46,14327,16.9,425,5127.0,35.79,2026-08-03
LOVABLE,EQ,03-Aug-2026,71.44,72.0,74.9,71.07,73.93,24559,18.09,480,12329.0,50.2,2026-08-03
LOWVOL,EQ,03-Aug-2026,211.7,212.75,215.0,212.32,214.3,1969,4.2,19,1098.0,55.76,2026-08-03
LOWVOL1,EQ,03-Aug-2026,21.67,21.53,21.98,21.53,21.86,603966,131.83,277,518842.0,85.91,2026-08-03
LOWVOLIETF,EQ,03-Aug-2026,22.72,22.27,22.91,22.2,22.81,2472893,563.94,2298,1881812.0,76.1,2026-08-03
LOYALTEX,EQ,03-Aug-2026,204.0,205.0,215.0,200.05,200.05,187,0.38,14,182.0,97.33,2026-08-03
LPDC,EQ,03-Aug-2026,6.05,6.02,6.34,6.01,6.3,65016,4.01,107,37277.0,57.34,2026-08-03
LRRPL,SM,03-Aug-2026,92.85,89.0,89.0,89.0,89.0,1500,1.34,1,1500.0,100.0,2026-08-03
LT,EQ,03-Aug-2026,3938.9,3974.0,4025.0,3962.5,4025.0,1890377,75489.85,92604,1096545.0,58.01,2026-08-03
LTF,EQ,03-Aug-2026,311.25,314.55,324.1,314.1,318.0,8873490,28372.87,69342,3890958.0,43.85,2026-08-03
LTFOODS,EQ,03-Aug-2026,410.35,414.5,417.0,408.7,415.3,748298,3098.15,22032,381609.0,51.0,2026-08-03
LTGILTBEES,EQ,03-Aug-2026,29.98,30.0,30.18,29.78,29.96,3216391,963.08,1237,2817537.0,87.6,2026-08-03
LTGILTCASE,EQ,03-Aug-2026,30.5,30.1,31.11,30.1,30.44,306248,93.16,513,216662.0,70.75,2026-08-03
LTM,EQ,03-Aug-2026,4362.1,4399.0,4720.4,4386.1,4690.0,1900137,87864.62,104072,695333.0,36.59,2026-08-03
LTTS,EQ,03-Aug-2026,3555.4,3580.0,3593.0,3454.8,3564.8,147067,5250.38,17713,97673.0,66.41,2026-08-03
LUMAXIND,EQ,03-Aug-2026,5284.5,5316.0,5878.0,5316.0,5772.5,106937,6116.02,19275,39955.0,37.36,2026-08-03
LUMAXTECH,EQ,03-Aug-2026,1568.3,1579.0,1652.0,1579.0,1625.7,308962,5028.04,26660,134988.0,43.69,2026-08-03
LUPIN,EQ,03-Aug-2026,2415.0,2435.0,2440.0,2362.6,2393.0,1717110,40949.7,96482,1094217.0,63.72,2026-08-03
LUXIND,EQ,03-Aug-2026,1247.6,1258.0,1270.0,1248.0,1260.0,19126,241.04,1578,11064.0,57.85,2026-08-03
LXCHEM,EQ,03-Aug-2026,178.48,180.45,184.8,178.77,180.46,1691485,3078.71,13902,619178.0,36.61,2026-08-03
LYKALABS,BE,03-Aug-2026,60.8,60.8,63.84,60.3,63.84,26590,16.69,118,,,2026-08-03
M&M,EQ,03-Aug-2026,3398.5,3465.0,3465.0,3386.2,3428.6,2169303,73921.3,128713,1268553.0,58.48,2026-08-03
M&MFIN,EQ,03-Aug-2026,385.75,390.05,409.75,388.05,405.5,5394649,21611.85,65862,2695925.0,49.97,2026-08-03
MAANALU,EQ,03-Aug-2026,122.62,124.7,128.0,121.88,126.78,167145,210.07,1568,121956.0,72.96,2026-08-03
MACOBSTECH,SM,03-Aug-2026,215.8,222.0,222.8,215.0,220.3,95200,211.5,14,89600.0,94.12,2026-08-03
MACPOWER,EQ,03-Aug-2026,1458.2,1489.8,1510.0,1431.5,1457.8,38917,571.97,4131,18956.0,48.71,2026-08-03
MADHAV,EQ,03-Aug-2026,34.8,34.91,35.0,33.9,34.22,3669,1.26,181,2951.0,80.43,2026-08-03
MADHAVBAUG,ST,03-Aug-2026,193.5,190.0,191.9,190.0,191.9,800,1.53,2,800.0,100.0,2026-08-03
MADHAVIPL,EQ,03-Aug-2026,7.82,7.72,7.97,7.72,7.85,81225,6.39,281,65899.0,81.13,2026-08-03
MADHUCON,BE,03-Aug-2026,5.14,5.02,5.33,5.02,5.28,15244,0.78,59,,,2026-08-03
MADHUSUDAN,ST,03-Aug-2026,235.45,236.0,236.0,229.0,234.0,20000,46.37,19,19000.0,95.0,2026-08-03
MADRASFERT,EQ,03-Aug-2026,66.43,66.76,67.55,66.67,66.76,46486,31.13,468,26679.0,57.39,2026-08-03
MAFANG,EQ,03-Aug-2026,185.74,191.18,191.18,191.18,191.18,121688,232.64,536,121688.0,100.0,2026-08-03
MAFATIND,EQ,03-Aug-2026,133.63,134.6,137.19,132.4,134.61,47533,63.96,984,27122.0,57.06,2026-08-03
MAGADSUGAR,EQ,03-Aug-2026,500.4,497.65,541.3,497.65,534.95,104201,553.61,5354,47710.0,45.79,2026-08-03
MAGNUM,EQ,03-Aug-2026,19.68,19.77,20.1,19.55,19.99,9265,1.85,120,7542.0,81.4,2026-08-03
MAGSON,SM,03-Aug-2026,180.0,180.0,180.0,180.0,180.0,111000,199.8,26,111000.0,100.0,2026-08-03
MAHABANK,EQ,03-Aug-2026,79.33,80.0,80.76,78.97,79.57,11500933,9178.88,69474,6443371.0,56.02,2026-08-03
MAHAPEXLTD,EQ,03-Aug-2026,44.92,45.15,46.0,44.0,45.55,5253,2.38,115,4133.0,78.68,2026-08-03
MAHASTEEL,EQ,03-Aug-2026,1001.25,1000.0,1035.0,975.1,1027.1,29414,298.91,1219,14926.0,50.74,2026-08-03
MAHEPC,EQ,03-Aug-2026,106.66,106.8,108.18,106.21,107.76,15937,17.1,489,11960.0,75.05,2026-08-03
MAHESHWARI,BE,03-Aug-2026,72.99,72.63,73.5,71.2,73.0,45196,32.91,59,,,2026-08-03
MAHICKRA,SM,03-Aug-2026,274.65,257.0,260.0,257.0,260.0,1500,3.88,2,1500.0,100.0,2026-08-03
MAHKTECH,EQ,03-Aug-2026,23.69,23.6,23.6,23.6,23.6,252187,59.52,414,252187.0,100.0,2026-08-03
MAHLIFE,EQ,03-Aug-2026,392.65,395.0,400.0,391.05,398.25,142818,566.14,7669,84339.0,59.05,2026-08-03
MAHLOG,EQ,03-Aug-2026,409.5,414.0,418.7,412.25,416.3,184166,766.17,7212,119955.0,65.13,2026-08-03
MAHSCOOTER,EQ,03-Aug-2026,13009.0,13149.0,14099.0,13013.0,13937.0,20823,2855.31,7296,7590.0,36.45,2026-08-03
MAHSEAMLES,EQ,03-Aug-2026,565.35,572.5,583.6,567.0,573.7,135333,778.58,8211,73259.0,54.13,2026-08-03
MAITHANALL,EQ,03-Aug-2026,983.7,990.0,992.7,955.35,963.9,87126,844.92,5170,53605.0,61.53,2026-08-03
MAITREYA,SM,03-Aug-2026,127.0,120.45,125.0,119.9,121.0,6800,8.18,15,4800.0,70.59,2026-08-03
MAJESAUT,EQ,03-Aug-2026,431.7,436.0,484.0,433.0,475.3,92023,421.13,4093,58291.0,63.34,2026-08-03
MAKEINDIA,EQ,03-Aug-2026,166.26,166.7,168.29,166.66,167.29,54293,90.81,726,42472.0,78.23,2026-08-03
MAKS,SM,03-Aug-2026,18.05,18.0,18.0,18.0,18.0,1500,0.27,1,1500.0,100.0,2026-08-03
MAL,SM,03-Aug-2026,33.35,33.75,33.75,31.7,33.0,54400,17.54,20,40000.0,73.53,2026-08-03
MALLCOM,EQ,03-Aug-2026,982.2,982.2,982.2,970.1,975.85,3458,33.83,266,3115.0,90.08,2026-08-03
MALUPAPER,EQ,03-Aug-2026,32.26,32.7,33.4,32.2,33.15,9651,3.18,122,7472.0,77.42,2026-08-03
MAMATA,EQ,03-Aug-2026,406.45,408.45,413.3,400.05,403.15,66661,271.43,3111,28457.0,42.69,2026-08-03
MANAKALUCO,EQ,03-Aug-2026,35.22,34.5,36.6,34.01,34.5,81640,28.68,845,37274.0,45.66,2026-08-03
MANAKCOAT,EQ,03-Aug-2026,119.97,120.3,121.81,120.0,120.08,92221,111.32,1612,56020.0,60.75,2026-08-03
MANAKSIA,EQ,03-Aug-2026,55.73,57.0,57.5,56.17,56.67,12185,6.94,215,8350.0,68.53,2026-08-03
MANAKSTEEL,EQ,03-Aug-2026,68.38,68.5,75.21,68.5,75.21,85658,62.86,534,63585.0,74.23,2026-08-03
MANALIPETC,EQ,03-Aug-2026,64.89,64.89,68.5,64.25,66.64,541344,360.19,4528,218563.0,40.37,2026-08-03
MANAPPURAM,EQ,03-Aug-2026,371.85,364.0,371.0,357.3,365.0,17549652,63857.74,184606,10474008.0,59.68,2026-08-03
MANAV,SM,03-Aug-2026,23.5,22.5,22.5,22.35,22.35,8000,1.79,2,8000.0,100.0,2026-08-03
MANBA,EQ,03-Aug-2026,135.48,138.0,139.41,135.25,137.29,61575,84.32,608,14840.0,24.1,2026-08-03
MANCREDIT,EQ,03-Aug-2026,245.28,248.0,262.76,247.63,257.36,285884,729.67,5612,50451.0,17.65,2026-08-03
MANGALAM,EQ,03-Aug-2026,27.11,27.66,27.99,26.8,26.98,20871,5.66,198,17106.0,81.96,2026-08-03
MANGLMCEM,EQ,03-Aug-2026,950.45,950.0,960.95,944.0,945.5,11334,107.47,623,8206.0,72.4,2026-08-03
MANILAM,SM,03-Aug-2026,51.75,50.5,50.5,50.5,50.5,2000,1.01,1,2000.0,100.0,2026-08-03
MANINDS,EQ,03-Aug-2026,532.3,538.0,552.95,530.3,548.6,334265,1820.91,10085,152422.0,45.6,2026-08-03
MANINFRA,EQ,03-Aug-2026,98.08,98.99,102.25,98.6,99.82,1280728,1286.86,5456,401572.0,31.35,2026-08-03
MANKIND,EQ,03-Aug-2026,2469.6,2458.0,2497.9,2442.2,2483.0,639674,15844.47,29159,361571.0,56.52,2026-08-03
MANOMAY,EQ,03-Aug-2026,210.39,211.99,215.0,208.05,213.3,249028,529.48,2333,87352.0,35.08,2026-08-03
MANORAMA,EQ,03-Aug-2026,1604.5,1602.9,1640.4,1602.1,1633.0,67319,1097.17,7976,33447.0,49.68,2026-08-03
MANORG,BE,03-Aug-2026,485.3,486.0,486.0,475.0,478.2,7487,36.03,151,,,2026-08-03
MANUFGBEES,EQ,03-Aug-2026,164.36,165.11,165.6,162.43,163.54,9774,16.1,153,6354.0,65.01,2026-08-03
MANUGRAPH,BE,03-Aug-2026,14.45,14.39,14.88,14.1,14.5,8348,1.2,59,,,2026-08-03
MANYAVAR,EQ,03-Aug-2026,414.65,414.6,422.75,412.75,418.75,271527,1135.33,9915,146952.0,54.12,2026-08-03
MAPMYINDIA,EQ,03-Aug-2026,1181.65,1195.7,1217.4,1186.4,1196.0,192256,2305.4,14508,72214.0,37.56,2026-08-03
MARALOVER,BE,03-Aug-2026,58.36,58.36,58.5,55.45,57.01,37980,21.35,133,,,2026-08-03
MARATHON,EQ,03-Aug-2026,389.7,400.35,413.8,392.05,402.25,122627,494.72,4145,77282.0,63.02,2026-08-03
MARC,SM,03-Aug-2026,115.25,116.0,122.0,116.0,116.6,14400,17.03,11,10800.0,75.0,2026-08-03
MARCO,SM,03-Aug-2026,30.0,30.1,30.95,30.1,30.95,3000,0.92,2,3000.0,100.0,2026-08-03
MARICO,EQ,03-Aug-2026,870.65,870.0,881.35,865.3,880.95,2383722,20858.58,92199,1551737.0,65.1,2026-08-03
MARINE,EQ,03-Aug-2026,266.0,270.35,290.0,268.0,287.75,1548816,4358.68,20112,923218.0,59.61,2026-08-03
MARINETRAN,SM,03-Aug-2026,14.1,14.1,14.1,14.1,14.1,4000,0.56,1,4000.0,100.0,2026-08-03
MARKOLINES,EQ,03-Aug-2026,176.35,177.0,182.5,171.45,177.28,242655,437.15,2251,71121.0,29.31,2026-08-03
MARKSANS,EQ,03-Aug-2026,258.35,259.0,264.0,258.85,262.25,653691,1714.71,18207,355415.0,54.37,2026-08-03
MARSONS,EQ,03-Aug-2026,110.04,111.15,113.49,109.35,110.45,2317039,2584.53,8991,385092.0,16.62,2026-08-03
MARUSHIKA,SM,03-Aug-2026,103.0,97.5,100.0,96.05,99.95,9600,9.43,6,8400.0,87.5,2026-08-03
MARUTI,EQ,03-Aug-2026,14234.0,14300.0,14440.0,13901.0,14150.0,961183,135668.17,133296,459377.0,47.79,2026-08-03
MASFIN,EQ,03-Aug-2026,319.8,326.35,326.35,315.1,317.65,120744,387.22,11886,76195.0,63.1,2026-08-03
MASKINVEST,BE,03-Aug-2026,150.0,149.0,149.0,147.0,147.0,351,0.52,7,,,2026-08-03
MASON,SM,03-Aug-2026,125.0,122.5,122.5,122.5,122.5,500,0.61,1,500.0,100.0,2026-08-03
MASPTOP50,EQ,03-Aug-2026,75.48,77.42,77.42,77.42,77.42,59174,45.81,223,59174.0,100.0,2026-08-03
MASTEK,EQ,03-Aug-2026,1874.8,1874.8,1909.6,1845.1,1893.2,85210,1600.41,11178,34748.0,40.78,2026-08-03
MASTER,SM,03-Aug-2026,460.0,462.0,480.0,445.0,479.4,5500,25.68,11,4000.0,72.73,2026-08-03
MASTERTR,EQ,03-Aug-2026,82.14,82.15,85.3,82.15,84.85,326366,273.34,1991,107567.0,32.96,2026-08-03
MATRIMONY,EQ,03-Aug-2026,437.0,432.0,444.0,429.0,430.95,16227,70.24,665,12693.0,78.22,2026-08-03
MAWANASUG,BE,03-Aug-2026,104.63,107.0,109.86,107.0,109.86,50173,54.92,150,,,2026-08-03
MAXESTATES,EQ,03-Aug-2026,393.2,397.0,406.4,394.0,400.35,72890,291.73,3125,51771.0,71.03,2026-08-03
MAXHEALTH,EQ,03-Aug-2026,1098.5,1109.8,1113.9,1089.0,1100.4,1187048,13102.68,36521,591303.0,49.81,2026-08-03
MAXIND,EQ,03-Aug-2026,172.22,171.5,178.0,171.5,174.64,71610,125.4,1457,45401.0,63.4,2026-08-03
MAXPOSURE,SM,03-Aug-2026,34.0,34.0,34.0,34.0,34.0,1000,0.34,1,1000.0,100.0,2026-08-03
MAXVOLT,ST,03-Aug-2026,332.35,337.45,348.95,336.0,348.95,25600,88.67,57,24800.0,96.88,2026-08-03
MAYASHEEL,SM,03-Aug-2026,38.5,39.0,40.0,39.0,40.0,30000,11.97,9,30000.0,100.0,2026-08-03
MAYURUNIQ,EQ,03-Aug-2026,750.95,752.0,794.0,752.0,783.95,82833,648.9,7119,41227.0,49.77,2026-08-03
MAZDA,BE,03-Aug-2026,217.17,219.9,224.97,216.1,221.63,8012,17.72,142,,,2026-08-03
MAZDOCK,EQ,03-Aug-2026,2381.8,2387.4,2412.0,2375.5,2390.0,498319,11907.87,23023,134864.0,27.06,2026-08-03
MBAPL,EQ,03-Aug-2026,160.2,161.8,164.0,158.5,160.01,686146,1108.96,10289,337863.0,49.24,2026-08-03
MBEL,EQ,03-Aug-2026,293.65,293.65,297.0,292.3,294.7,97922,289.03,4819,57515.0,58.74,2026-08-03
MBLINFRA,BE,03-Aug-2026,24.99,24.5,25.49,24.5,25.13,11577,2.9,58,,,2026-08-03
MCCHRLS-B,EQ,03-Aug-2026,671.3,667.95,699.0,665.05,690.0,405,2.8,41,194.0,47.9,2026-08-03
MCL,EQ,03-Aug-2026,53.3,52.8,57.67,52.8,56.17,55568,30.6,1901,31551.0,56.78,2026-08-03
MCLEODRUSS,BE,03-Aug-2026,51.96,51.9,52.8,50.65,51.95,155395,80.95,310,,,2026-08-03
MCLOUD,EQ,03-Aug-2026,29.29,29.3,29.64,29.01,29.23,2037635,597.65,4183,826209.0,40.55,2026-08-03
MCON,SM,03-Aug-2026,43.9,44.0,44.0,44.0,44.0,1000,0.44,1,1000.0,100.0,2026-08-03
MCX,EQ,03-Aug-2026,2692.2,2700.0,2710.0,2630.1,2642.1,2108978,55889.62,120127,1036403.0,49.14,2026-08-03
MEDANTA,EQ,03-Aug-2026,1405.6,1412.6,1475.8,1405.0,1444.9,382840,5534.39,37378,184750.0,48.26,2026-08-03
MEDIASSIST,EQ,03-Aug-2026,358.0,363.75,369.65,359.9,361.0,116139,423.75,6924,75271.0,64.81,2026-08-03
MEDICAMEQ,EQ,03-Aug-2026,234.55,238.0,242.22,233.0,240.02,15083,35.74,507,11969.0,79.35,2026-08-03
MEDICO,EQ,03-Aug-2026,48.87,49.7,51.49,47.0,49.66,649441,317.97,2118,306629.0,47.21,2026-08-03
MEDIORG,SM,03-Aug-2026,27.15,25.8,28.5,25.8,28.5,22000,6.11,10,20000.0,90.91,2026-08-03
MEDPLUS,EQ,03-Aug-2026,704.95,704.95,708.75,695.0,696.4,218379,1526.61,18938,141112.0,64.62,2026-08-03
MEESHO,EQ,03-Aug-2026,182.19,182.19,192.77,180.26,191.57,11827508,22420.87,60108,5022251.0,42.46,2026-08-03
MEGASTAR,EQ,03-Aug-2026,331.95,331.9,336.4,321.55,327.2,2994,9.9,315,1249.0,41.72,2026-08-03
MEGATHERM,SM,03-Aug-2026,209.65,211.0,220.0,201.7,205.0,44000,91.79,85,36000.0,81.82,2026-08-03
MEIL,EQ,03-Aug-2026,284.05,293.9,295.0,286.4,289.0,32122,93.42,1107,18189.0,56.62,2026-08-03
MENNPIS,EQ,03-Aug-2026,70.62,70.9,74.95,70.9,74.43,54766,40.7,1070,31801.0,58.07,2026-08-03
MENONBE,BE,03-Aug-2026,210.59,214.0,221.11,210.59,221.09,94482,207.62,558,,,2026-08-03
MEP,BZ,03-Aug-2026,0.52,0.53,0.53,0.53,0.53,34417,0.18,39,,,2026-08-03
MERCANTILE,EQ,03-Aug-2026,24.0,24.17,25.7,24.17,24.33,5945,1.48,56,1976.0,33.24,2026-08-03
MERCURYEV,EQ,03-Aug-2026,35.09,34.82,35.97,34.82,35.43,110395,39.03,595,89318.0,80.91,2026-08-03
METAL,EQ,03-Aug-2026,12.84,13.16,13.16,12.87,13.0,3066601,398.22,6882,1839183.0,59.97,2026-08-03
METALIC,ST,03-Aug-2026,96.1,100.9,100.9,93.6,100.9,790400,793.52,334,694400.0,87.85,2026-08-03
METALIETF,EQ,03-Aug-2026,12.78,12.95,13.01,12.82,12.97,10939689,1415.14,15280,6232429.0,56.97,2026-08-03
METROBRAND,EQ,03-Aug-2026,1036.6,1036.6,1043.3,1027.0,1034.9,28132,291.31,3623,19419.0,69.03,2026-08-03
METROGLOBL,EQ,03-Aug-2026,131.9,131.9,135.0,129.1,133.26,748,0.99,67,473.0,63.24,2026-08-03
METROPOLIS,EQ,03-Aug-2026,582.45,584.95,605.0,584.7,596.45,184833,1101.37,11869,84643.0,45.79,2026-08-03
MFML,EQ,03-Aug-2026,18.92,18.99,19.99,18.99,19.84,1696,0.33,45,718.0,42.33,2026-08-03
MFSL,EQ,03-Aug-2026,1499.0,1519.1,1542.5,1510.0,1542.5,500008,7636.73,34250,283419.0,56.68,2026-08-03
MGEL,BE,03-Aug-2026,15.95,16.28,16.45,15.35,15.51,177353,27.82,392,,,2026-08-03
MGL,EQ,03-Aug-2026,1120.5,1125.9,1131.1,1110.8,1115.7,145295,1627.75,13622,69345.0,47.73,2026-08-03
MGSL,SM,03-Aug-2026,75.85,77.0,82.0,75.55,77.75,64800,51.0,39,54000.0,83.33,2026-08-03
MHLXMIRU,EQ,03-Aug-2026,141.27,143.5,148.33,141.9,148.33,75124,110.95,446,69703.0,92.78,2026-08-03
MHRIL,EQ,03-Aug-2026,218.41,218.41,221.75,217.76,218.96,86726,190.2,2233,49456.0,57.03,2026-08-03
MICEL,BE,03-Aug-2026,38.37,39.5,39.5,38.0,38.65,284722,110.41,1637,,,2026-08-03
MID150,EQ,03-Aug-2026,23.47,23.6,23.78,23.58,23.71,273011,64.51,275,184021.0,67.4,2026-08-03
MID150BEES,EQ,03-Aug-2026,239.48,239.72,242.2,238.25,241.51,1672922,4041.68,17929,1233696.0,73.74,2026-08-03
MID150CASE,EQ,03-Aug-2026,11.62,11.8,11.8,11.6,11.73,1524354,178.89,6607,999384.0,65.56,2026-08-03
MIDCAP,EQ,03-Aug-2026,18.48,18.01,18.98,18.01,18.61,602905,112.39,1157,370754.0,61.49,2026-08-03
MIDCAPADD,EQ,03-Aug-2026,23.21,23.32,23.46,23.28,23.35,64339,15.04,57,63366.0,98.49,2026-08-03
MIDCAPBETA,EQ,03-Aug-2026,233.0,233.55,236.63,233.0,236.2,2157,5.08,81,1838.0,85.21,2026-08-03
MIDCAPETF,EQ,03-Aug-2026,23.64,23.65,23.91,23.65,23.86,3667403,874.76,7415,2848714.0,77.68,2026-08-03
MIDCAPIETF,EQ,03-Aug-2026,23.94,24.22,24.24,23.83,24.15,1593023,385.0,4270,1067901.0,67.04,2026-08-03
MIDHANI,EQ,03-Aug-2026,396.0,398.05,406.9,396.0,403.65,321794,1297.82,11241,155049.0,48.18,2026-08-03
MIDQ50ADD,EQ,03-Aug-2026,25.18,25.26,25.52,25.26,25.46,201399,51.15,176,133324.0,66.2,2026-08-03
MIDSELIETF,EQ,03-Aug-2026,19.6,19.6,19.8,19.59,19.71,363403,71.75,954,248702.0,68.44,2026-08-03
MIDSMALL,EQ,03-Aug-2026,51.17,51.21,51.57,51.1,51.42,572832,294.54,988,367371.0,64.13,2026-08-03
MIDWESTLTD,EQ,03-Aug-2026,1194.1,1195.1,1221.0,1195.1,1214.9,10062,122.24,784,6402.0,63.63,2026-08-03
MIEL,SM,03-Aug-2026,13.0,13.0,13.0,13.0,13.0,2000,0.26,1,2000.0,100.0,2026-08-03
MILTON,SM,03-Aug-2026,32.0,32.0,32.0,32.0,32.0,8800,2.82,2,8800.0,100.0,2026-08-03
MINDACORP,EQ,03-Aug-2026,700.95,703.05,735.9,699.5,727.6,749804,5445.14,32658,308703.0,41.17,2026-08-03
MINDSPACE,RR,03-Aug-2026,492.13,494.69,495.97,491.16,493.15,73358,362.35,7014,56608.0,77.17,2026-08-03
MINDTECK,EQ,03-Aug-2026,193.86,193.5,197.94,192.2,193.37,45377,88.56,1517,23760.0,52.36,2026-08-03
MIRZAINT,EQ,03-Aug-2026,33.27,33.01,34.43,33.01,33.72,167395,56.72,1166,79957.0,47.77,2026-08-03
MITCON,BE,03-Aug-2026,73.5,76.99,76.99,73.01,75.7,590,0.45,13,,,2026-08-03
MITTAL,EQ,03-Aug-2026,0.91,0.93,0.94,0.91,0.91,296308,2.71,277,219874.0,74.2,2026-08-03
MKPL,EQ,03-Aug-2026,4.18,4.16,4.32,4.16,4.25,111596,4.76,375,68620.0,61.49,2026-08-03
MMEL,ST,03-Aug-2026,29.5,28.05,28.05,28.05,28.05,6000,1.68,3,4000.0,66.67,2026-08-03
MMFL,EQ,03-Aug-2026,546.85,551.05,560.0,550.0,554.4,57875,321.55,3420,33439.0,57.78,2026-08-03
MMP,EQ,03-Aug-2026,292.5,297.2,298.9,290.2,294.65,48017,141.25,1826,27003.0,56.24,2026-08-03
MMTC,EQ,03-Aug-2026,62.66,62.93,64.57,62.55,63.65,1667788,1063.12,9039,714956.0,42.87,2026-08-03
MMWL,BE,03-Aug-2026,13.73,13.72,14.4,13.72,13.9,2808,0.39,39,,,2026-08-03
MNC,EQ,03-Aug-2026,34.04,34.24,34.44,34.1,34.35,202047,69.36,736,139366.0,68.98,2026-08-03
MOALPHA50,EQ,03-Aug-2026,55.23,55.17,55.5,53.39,54.39,26515,14.41,351,21943.0,82.76,2026-08-03
MOBANK10,EQ,03-Aug-2026,17.23,17.13,17.21,17.06,17.17,10496,1.8,139,7561.0,72.04,2026-08-03
MOBIKWIK,EQ,03-Aug-2026,205.21,207.95,222.8,206.1,214.77,17160792,37036.52,172794,1970977.0,11.49,2026-08-03
MOBILISE,ST,03-Aug-2026,113.5,118.65,118.65,114.0,114.0,8000,9.39,5,8000.0,100.0,2026-08-03
MOCAPITAL,EQ,03-Aug-2026,53.38,53.67,53.67,52.55,52.76,1203129,638.51,5676,768801.0,63.9,2026-08-03
MODEFENCE,EQ,03-Aug-2026,102.34,101.01,103.44,100.75,102.98,1090925,1124.71,8523,723794.0,66.35,2026-08-03
MODINATUR,BE,03-Aug-2026,389.2,390.05,405.35,390.0,394.1,4233,16.63,39,,,2026-08-03
MODIRUBBER,EQ,03-Aug-2026,120.84,121.51,125.42,118.35,121.37,1912,2.31,80,1070.0,55.96,2026-08-03
MODIS,EQ,03-Aug-2026,393.15,397.0,410.0,394.75,398.55,26859,107.67,860,15143.0,56.38,2026-08-03
MODISONLTD,BE,03-Aug-2026,268.4,268.95,281.8,268.95,281.8,63381,177.09,830,,,2026-08-03
MODTHREAD,EQ,03-Aug-2026,47.88,47.86,52.14,47.86,48.85,331,0.16,16,288.0,87.01,2026-08-03
MOENERGY,EQ,03-Aug-2026,38.94,39.97,39.97,38.85,38.98,126782,49.47,1048,101057.0,79.71,2026-08-03
MOGOLD,EQ,03-Aug-2026,140.0,140.0,142.0,139.6,140.55,27945,39.26,580,17150.0,61.37,2026-08-03
MOGSEC,EQ,03-Aug-2026,65.56,65.52,67.33,65.0,66.02,1466559,958.6,207,1461124.0,99.63,2026-08-03
MOHEALTH,EQ,03-Aug-2026,51.66,52.97,52.97,51.37,51.52,97623,50.54,982,46079.0,47.2,2026-08-03
MOHITIND,EQ,03-Aug-2026,22.58,23.59,23.61,22.33,22.45,10846,2.47,67,7614.0,70.2,2026-08-03
MOIL,EQ,03-Aug-2026,281.05,283.45,286.75,280.55,282.05,707805,2005.13,11047,217720.0,30.76,2026-08-03
MOINFRA,EQ,03-Aug-2026,60.6,60.94,61.4,60.94,61.25,1467,0.9,91,1341.0,91.41,2026-08-03
MOIPO,EQ,03-Aug-2026,47.13,47.46,48.01,47.29,47.84,5127,2.45,53,4598.0,89.68,2026-08-03
MOKSH,EQ,03-Aug-2026,10.06,10.05,10.34,10.05,10.2,38729,3.96,129,31530.0,81.41,2026-08-03
MOL,EQ,03-Aug-2026,53.88,54.33,55.7,53.9,54.36,1111172,608.15,4767,553478.0,49.81,2026-08-03
MOLDTECH,EQ,03-Aug-2026,152.76,151.0,154.5,146.99,149.19,205395,309.24,4500,100985.0,49.17,2026-08-03
MOLDTKPAC,EQ,03-Aug-2026,672.2,672.2,679.8,669.0,675.1,45411,305.59,2758,28733.0,63.27,2026-08-03
MOLOWVOL,EQ,03-Aug-2026,37.26,37.81,39.64,37.05,39.01,2596147,979.31,92,2588426.0,99.7,2026-08-03
MOM100,EQ,03-Aug-2026,67.87,67.07,68.97,66.51,68.22,1932452,1321.21,3787,1706472.0,88.31,2026-08-03
MOM30IETF,EQ,03-Aug-2026,31.09,31.26,31.49,30.43,31.1,1208367,377.52,2554,655504.0,54.25,2026-08-03
MOM50,EQ,03-Aug-2026,255.03,258.4,258.4,254.86,256.41,251906,650.27,258,246770.0,97.96,2026-08-03
MOMENTUM,EQ,03-Aug-2026,30.9,30.9,31.28,30.83,30.93,54980,17.11,314,37562.0,68.32,2026-08-03
MOMENTUM30,EQ,03-Aug-2026,30.63,30.48,30.85,30.32,30.6,28217,8.68,90,12309.0,43.62,2026-08-03
MOMENTUM50,EQ,03-Aug-2026,52.63,52.63,53.19,52.63,53.01,2888975,1529.5,1846,2752279.0,95.27,2026-08-03
MOMGF,EQ,03-Aug-2026,163.51,168.42,168.42,163.44,163.87,1226,2.01,104,884.0,72.1,2026-08-03
MOMIDMTM,EQ,03-Aug-2026,63.97,64.19,64.25,63.65,63.8,157640,100.9,519,106527.0,67.58,2026-08-03
MOMMIDCAP,EQ,03-Aug-2026,12.65,12.9,12.9,12.52,12.72,1688150,215.0,823,1329800.0,78.77,2026-08-03
MOMNC,EQ,03-Aug-2026,32.93,33.92,34.0,33.03,33.47,13398,4.47,39,12049.0,89.93,2026-08-03
MOMOMENTUM,EQ,03-Aug-2026,61.9,62.0,62.9,61.87,62.09,168761,104.94,740,124501.0,73.77,2026-08-03
MON100,EQ,03-Aug-2026,305.18,315.45,315.45,315.45,315.45,210240,663.2,1389,210240.0,100.0,2026-08-03
MON50EQUAL,EQ,03-Aug-2026,33.9,34.74,34.74,34.0,34.24,3849,1.31,86,2909.0,75.58,2026-08-03
MONARCH,EQ,03-Aug-2026,390.15,396.0,396.95,382.1,384.55,94012,366.44,2296,46640.0,49.61,2026-08-03
MONEXT50,EQ,03-Aug-2026,73.07,73.86,74.44,73.86,73.97,539926,399.69,158,538175.0,99.68,2026-08-03
MONEYBOXX,EQ,03-Aug-2026,58.22,57.3,62.98,57.3,60.69,71113,43.05,337,64866.0,91.22,2026-08-03
MONIFTY100,EQ,03-Aug-2026,25.65,25.83,26.08,25.53,25.77,72973,18.92,100,61175.0,83.83,2026-08-03
MONIFTY500,EQ,03-Aug-2026,24.07,24.67,24.67,24.11,24.19,1339302,324.0,2032,1141470.0,85.23,2026-08-03
MONOLITH,SM,03-Aug-2026,858.2,858.2,893.0,858.2,887.7,67250,595.3,153,46000.0,68.4,2026-08-03
MONOPHARMA,SM,03-Aug-2026,9.95,9.65,9.65,9.5,9.5,22000,2.1,10,20000.0,90.91,2026-08-03
MONQ50,EQ,03-Aug-2026,137.56,140.56,140.56,140.56,140.56,48243,67.81,428,43269.0,89.69,2026-08-03
MONTECARLO,EQ,03-Aug-2026,523.0,529.0,538.0,524.3,533.0,55989,296.84,2806,33518.0,59.87,2026-08-03
MOPSE,EQ,03-Aug-2026,100.23,101.57,101.59,100.0,101.3,2427,2.45,25,1914.0,78.86,2026-08-03
MOQUALITY,EQ,03-Aug-2026,204.09,204.56,219.9,204.3,206.55,491673,1009.52,105,490837.0,99.83,2026-08-03
MORARJEE,BZ,03-Aug-2026,11.83,11.82,11.83,11.24,11.24,46965,5.47,13,,,2026-08-03
MOREALTY,EQ,03-Aug-2026,90.31,91.3,91.31,89.63,90.41,963160,873.17,2409,676166.0,70.2,2026-08-03
MOREPENLAB,EQ,03-Aug-2026,57.04,58.0,58.9,57.25,57.65,5950210,3460.59,15630,2401056.0,40.35,2026-08-03
MOS,ST,03-Aug-2026,11.0,10.75,11.2,10.5,10.7,232000,24.88,47,184000.0,79.31,2026-08-03
MOSCHIP,EQ,03-Aug-2026,207.8,209.6,212.9,208.3,210.23,1394138,2940.48,13090,607054.0,43.54,2026-08-03
MOSERVICE,EQ,03-Aug-2026,31.49,31.61,31.86,31.59,31.77,24792,7.88,51,19650.0,79.26,2026-08-03
MOSILVER,EQ,03-Aug-2026,213.69,213.68,215.39,213.14,214.46,63254,135.52,1352,28832.0,45.58,2026-08-03
MOSMALL250,EQ,03-Aug-2026,18.05,18.13,18.27,16.2,17.89,10512377,1911.82,3773,9368631.0,89.12,2026-08-03
MOTHERSON,EQ,03-Aug-2026,150.75,152.9,155.01,152.03,155.01,17765051,27307.34,89090,10640319.0,59.89,2026-08-03
MOTILALOFS,EQ,03-Aug-2026,851.95,861.0,873.75,852.7,867.95,688125,5964.34,25315,284654.0,41.37,2026-08-03
MOTISONS,EQ,03-Aug-2026,14.22,14.3,14.55,14.1,14.25,7971960,1142.31,7866,1952474.0,24.49,2026-08-03
MOTOGENFIN,BE,03-Aug-2026,26.95,26.51,27.49,26.0,26.48,15198,4.04,79,,,2026-08-03
MOTOUR,EQ,03-Aug-2026,78.41,79.98,81.55,77.61,80.33,59253,47.39,326,47411.0,80.01,2026-08-03
MOVALUE,EQ,03-Aug-2026,114.33,115.0,115.75,114.01,115.24,110633,127.54,998,79994.0,72.31,2026-08-03
MPEL,ST,03-Aug-2026,35.85,36.75,36.75,36.5,36.5,6400,2.34,4,6400.0,100.0,2026-08-03
MPHASIS,EQ,03-Aug-2026,2342.3,2361.0,2429.0,2339.9,2429.0,423329,10119.31,27330,170369.0,40.25,2026-08-03
MPSLTD,EQ,03-Aug-2026,2696.0,2700.0,2790.0,2644.7,2770.5,61657,1689.72,7541,30815.0,49.98,2026-08-03
MRF,EQ,03-Aug-2026,132770.0,134100.0,134550.0,133205.0,133730.0,3472,4650.14,2596,1556.0,44.82,2026-08-03
MRPL,EQ,03-Aug-2026,169.94,170.32,176.3,170.32,174.06,8770678,15326.55,43913,2987535.0,34.06,2026-08-03
MSCI360,EQ,03-Aug-2026,10.23,10.23,10.51,10.1,10.37,31339,3.23,60,26654.0,85.05,2026-08-03
MSCIADD,EQ,03-Aug-2026,29.96,30.01,30.21,30.01,30.07,16332,4.92,18,13555.0,83.0,2026-08-03
MSCIINDIA,EQ,03-Aug-2026,30.15,29.3,30.54,29.3,30.5,1069823,326.4,232,961800.0,89.9,2026-08-03
MSPL,EQ,03-Aug-2026,34.31,34.47,35.51,34.25,35.07,857318,301.28,3913,440164.0,51.34,2026-08-03
MSTCLTD,EQ,03-Aug-2026,618.2,630.0,630.0,602.1,608.8,158493,979.58,8373,80062.0,50.51,2026-08-03
MSUMI,EQ,03-Aug-2026,40.61,41.25,42.22,40.75,41.48,7432396,3093.49,27752,3550433.0,47.77,2026-08-03
MTARTECH,BE,03-Aug-2026,5726.0,6012.0,6012.0,6012.0,6012.0,75480,4537.86,3026,,,2026-08-03
MTEDUCARE,BE,03-Aug-2026,2.02,1.92,2.12,1.92,2.01,55763,1.11,85,,,2026-08-03
MTNL,EQ,03-Aug-2026,27.03,27.16,28.6,27.16,28.11,1325102,371.71,4635,499218.0,37.67,2026-08-03
MUFIN,EQ,03-Aug-2026,131.74,132.5,135.8,131.5,133.1,1896535,2544.61,8119,616014.0,32.48,2026-08-03
MUFTI,EQ,03-Aug-2026,81.52,81.9,83.4,81.71,82.69,36229,29.87,685,24546.0,67.75,2026-08-03
MUKANDLTD,EQ,03-Aug-2026,141.42,141.6,144.5,141.6,143.6,112231,160.78,1688,77405.0,68.97,2026-08-03
MUKKA,EQ,03-Aug-2026,22.54,22.7,23.37,22.7,23.29,432151,99.88,1157,251381.0,58.17,2026-08-03
MUKTAARTS,BE,03-Aug-2026,56.8,56.06,56.06,54.88,55.4,1420,0.79,15,,,2026-08-03
MULTICAP,EQ,03-Aug-2026,16.74,17.07,17.37,16.83,16.93,232698,39.37,668,218759.0,94.01,2026-08-03
MUNISH,ST,03-Aug-2026,73.4,77.0,77.05,77.0,77.05,7200,5.55,6,6000.0,83.33,2026-08-03
MUNJALAU,EQ,03-Aug-2026,101.34,102.49,104.32,101.72,103.68,311141,321.88,3371,140444.0,45.14,2026-08-03
MUNJALSHOW,EQ,03-Aug-2026,137.35,138.11,147.1,138.11,143.47,653918,939.09,6484,206180.0,31.53,2026-08-03
MURUDCERA,EQ,03-Aug-2026,30.62,30.93,31.25,30.61,30.7,11268,3.48,100,8435.0,74.86,2026-08-03
MUTHOOTCAP,EQ,03-Aug-2026,233.48,231.4,239.57,231.4,237.88,29195,69.18,812,18112.0,62.04,2026-08-03
MUTHOOTFIN,EQ,03-Aug-2026,3119.6,2876.0,2928.0,2671.0,2890.9,8573629,243258.79,568272,3354666.0,39.13,2026-08-03
MUTHOOTMF,EQ,03-Aug-2026,245.46,246.78,249.4,230.1,235.66,670040,1614.87,10967,408624.0,60.99,2026-08-03
MVGJL,EQ,03-Aug-2026,168.14,168.3,172.89,167.62,170.7,18255,31.18,536,11327.0,62.05,2026-08-03
MVKAGRO,SM,03-Aug-2026,330.15,297.2,330.1,297.15,297.15,773700,2351.56,899,420900.0,54.4,2026-08-03
MWL,EQ,03-Aug-2026,36.0,37.4,40.19,36.36,37.9,2911152,1122.95,13316,679118.0,23.33,2026-08-03
MYMUDRA,SM,03-Aug-2026,80.0,79.8,83.95,79.6,81.9,27600,22.37,20,24000.0,86.96,2026-08-03
NACLIND,EQ,03-Aug-2026,188.93,190.0,193.74,175.0,178.59,1856983,3376.84,26109,730560.0,39.34,2026-08-03
NAGAFERT,BZ,03-Aug-2026,2.62,2.49,2.49,2.49,2.49,427016,10.63,495,,,2026-08-03
NAGREEKCAP,EQ,03-Aug-2026,23.35,23.35,23.99,22.81,22.89,14150,3.3,96,9617.0,67.96,2026-08-03
NAGREEKEXP,EQ,03-Aug-2026,21.55,21.22,23.0,21.22,22.48,8197,1.84,141,6270.0,76.49,2026-08-03
NAHARCAP,EQ,03-Aug-2026,249.13,250.37,265.0,249.95,262.72,7726,20.03,207,5461.0,70.68,2026-08-03
NAHARINDUS,EQ,03-Aug-2026,113.31,113.2,119.5,112.64,118.15,14251,16.74,261,10958.0,76.89,2026-08-03
NAHARPOLY,EQ,03-Aug-2026,268.65,265.2,276.95,265.1,274.9,28525,77.86,1260,16970.0,59.49,2026-08-03
NAHARSPING,EQ,03-Aug-2026,281.1,283.3,313.8,283.3,311.15,176570,534.03,3164,112599.0,63.77,2026-08-03
NAM-INDIA,EQ,03-Aug-2026,1161.4,1171.1,1178.4,1161.0,1165.0,515538,6018.42,26640,266350.0,51.66,2026-08-03
NAMAN,SM,03-Aug-2026,45.0,45.0,45.0,45.0,45.0,1600,0.72,2,1600.0,100.0,2026-08-03
NAMOEWASTE,ST,03-Aug-2026,274.05,279.5,279.5,274.0,279.0,35200,97.7,32,34400.0,97.73,2026-08-03
NARMADA,EQ,03-Aug-2026,17.02,17.4,17.5,16.05,16.26,6126667,1024.4,10250,1492286.0,24.36,2026-08-03
NATCAPSUQ,EQ,03-Aug-2026,143.28,144.71,168.9,144.1,162.33,161886,256.58,1765,123994.0,76.59,2026-08-03
NATCOPHARM,EQ,03-Aug-2026,917.0,921.0,939.85,918.1,929.1,289116,2694.72,22345,154461.0,53.43,2026-08-03
NATHBIOGEN,EQ,03-Aug-2026,159.18,160.0,160.7,158.6,158.84,9732,15.5,271,7686.0,78.98,2026-08-03
NATIONALUM,EQ,03-Aug-2026,350.05,357.95,369.0,353.5,369.0,12541474,45193.35,86960,4352851.0,34.71,2026-08-03
NATIONSTD,EQ,03-Aug-2026,247.9,235.51,235.51,235.51,235.51,4204,9.9,187,4203.0,99.98,2026-08-03
NAUKRI,EQ,03-Aug-2026,1226.25,1231.8,1268.8,1231.8,1268.8,937278,11753.87,43753,510392.0,54.45,2026-08-03
NAVA,EQ,03-Aug-2026,553.45,561.8,589.4,556.2,579.9,527726,3063.05,23033,196664.0,37.27,2026-08-03
NAVINFLUOR,EQ,03-Aug-2026,7567.5,7650.0,7703.5,7510.0,7555.0,97345,7422.71,20654,56014.0,57.54,2026-08-03
NAVKARCORP,EQ,03-Aug-2026,102.72,103.0,104.36,102.5,103.26,387137,401.29,2926,174983.0,45.2,2026-08-03
NAVKARURB,BE,03-Aug-2026,1.03,1.07,1.07,1.02,1.03,3823692,39.43,336,,,2026-08-03
NAVNETEDUL,EQ,03-Aug-2026,134.1,134.16,136.17,131.7,132.18,276327,368.16,4230,189404.0,68.54,2026-08-03
NAZARA,EQ,03-Aug-2026,339.0,344.95,345.8,335.95,339.55,3028157,10290.26,35528,1336453.0,44.13,2026-08-03
NBCC,EQ,03-Aug-2026,94.8,95.2,96.6,95.0,95.5,5156861,4944.89,23254,2017879.0,39.13,2026-08-03
NBIFIN,EQ,03-Aug-2026,2200.4,2191.0,2244.9,2190.0,2226.3,353,7.82,102,207.0,58.64,2026-08-03
NCC,EQ,03-Aug-2026,141.08,143.0,145.81,143.0,144.42,1905604,2754.2,19365,865896.0,45.44,2026-08-03
NCLIND,EQ,03-Aug-2026,182.14,180.6,184.3,180.6,182.45,28836,52.67,2714,18700.0,64.85,2026-08-03
NDGL,EQ,03-Aug-2026,2783.7,2805.0,2850.0,2775.0,2849.0,182,5.13,27,177.0,97.25,2026-08-03
NDL,EQ,03-Aug-2026,2.36,2.38,2.4,2.36,2.37,545178,12.98,954,408246.0,74.88,2026-08-03
NDLVENTURE,EQ,03-Aug-2026,129.03,129.99,132.96,127.0,129.34,46986,61.44,494,35333.0,75.2,2026-08-03
NDRAUTO,EQ,03-Aug-2026,817.55,818.0,835.55,817.55,824.65,18333,151.53,1505,10284.0,56.1,2026-08-03
NDTV,EQ,03-Aug-2026,77.1,77.2,78.48,76.86,77.39,105058,81.48,1338,53244.0,50.68,2026-08-03
NEAGI,EQ,03-Aug-2026,3172.0,3172.0,3172.0,3169.9,3170.0,26,0.82,7,26.0,100.0,2026-08-03
NECCLTD,BE,03-Aug-2026,14.94,15.19,15.68,15.19,15.68,43911,6.78,101,,,2026-08-03
NECLIFE,BE,03-Aug-2026,10.58,10.78,10.97,10.5,10.72,95867,10.34,338,,,2026-08-03
NELCAST,EQ,03-Aug-2026,121.37,121.7,122.82,120.21,121.35,88182,107.2,1846,49837.0,56.52,2026-08-03
NELCO,EQ,03-Aug-2026,1015.65,1024.1,1026.0,995.5,1000.8,772071,7773.62,22831,178412.0,23.11,2026-08-03
NEOCHEM,ST,03-Aug-2026,89.1,89.2,90.0,88.0,88.85,8400,7.46,7,8400.0,100.0,2026-08-03
NEOGEN,EQ,03-Aug-2026,2023.1,2055.7,2072.0,2005.1,2056.1,81141,1667.62,14206,33712.0,41.55,2026-08-03
NEPHROCARE,ST,03-Aug-2026,64.25,64.0,65.9,62.0,65.9,16000,10.08,25,15200.0,95.0,2026-08-03
NEPHROPLUS,EQ,03-Aug-2026,681.65,689.0,699.0,676.5,688.75,100842,696.06,9923,59265.0,58.77,2026-08-03
NEPTUNE,SM,03-Aug-2026,177.75,180.0,180.0,178.0,178.35,4000,7.15,4,4000.0,100.0,2026-08-03
NESCO,EQ,03-Aug-2026,1064.8,1080.0,1089.0,1065.2,1073.4,22505,242.9,3303,11819.0,52.52,2026-08-03
NESTLEIND,EQ,03-Aug-2026,1509.6,1509.5,1530.0,1505.4,1530.0,1232625,18682.6,50032,728780.0,59.12,2026-08-03
NETF,EQ,03-Aug-2026,264.24,264.0,268.0,264.0,266.73,4894,13.07,239,4066.0,83.08,2026-08-03
NETWEB,EQ,03-Aug-2026,4524.0,4560.4,4740.0,4540.0,4586.0,2334958,108186.94,178283,409932.0,17.56,2026-08-03
NETWORK18,EQ,03-Aug-2026,29.45,29.56,29.87,29.25,29.38,2035411,602.09,6635,1062602.0,52.21,2026-08-03
NEUEON,BE,03-Aug-2026,15.62,14.84,14.84,14.84,14.84,4882,0.72,29,,,2026-08-03
NEULANDLAB,EQ,03-Aug-2026,19043.0,19149.0,19912.0,19005.0,19675.0,46146,9073.61,15161,17968.0,38.94,2026-08-03
NEWGEN,EQ,03-Aug-2026,555.7,559.0,569.75,553.55,562.75,1071891,6035.04,28094,249918.0,23.32,2026-08-03
NEWJAISA,ST,03-Aug-2026,14.0,14.5,14.7,13.35,14.25,166500,24.21,52,156000.0,93.69,2026-08-03
NEXT30ADD,EQ,03-Aug-2026,43.19,43.63,43.69,43.47,43.65,8854,3.86,82,5404.0,61.03,2026-08-03
NEXT50,EQ,03-Aug-2026,759.41,761.0,769.11,761.0,768.39,72334,555.26,1393,47961.0,66.3,2026-08-03
NEXT50ADD,EQ,03-Aug-2026,74.19,75.7,75.7,73.58,74.12,1968,1.47,194,1135.0,57.67,2026-08-03
NEXT50BETA,EQ,03-Aug-2026,79.32,80.12,80.25,78.83,79.39,692464,553.57,1229,577793.0,83.44,2026-08-03
NEXT50ETF,EQ,03-Aug-2026,74.14,75.97,75.97,74.14,74.87,24962,18.68,110,14665.0,58.75,2026-08-03
NEXT50IETF,EQ,03-Aug-2026,77.59,77.66,78.49,77.3,78.06,1622959,1269.38,8078,1354903.0,83.48,2026-08-03
NEXTMEDIA,EQ,03-Aug-2026,3.95,4.0,4.03,3.87,3.87,2586,0.1,12,2573.0,99.5,2026-08-03
NFL,EQ,03-Aug-2026,71.47,71.7,72.54,71.7,71.84,356485,256.89,2653,173654.0,48.71,2026-08-03
NFPSAMPOOR,SM,03-Aug-2026,23.0,23.0,23.1,22.5,22.95,26000,5.94,12,22000.0,84.62,2026-08-03
NGIL,BE,03-Aug-2026,40.94,40.94,42.02,39.15,40.0,48485,19.74,28,,,2026-08-03
NGLFINE,EQ,03-Aug-2026,3260.3,3299.0,3448.2,3200.1,3292.8,18024,606.11,3891,8805.0,48.85,2026-08-03
NH,EQ,03-Aug-2026,2029.2,1999.0,1999.0,1914.0,1919.7,1188916,22974.07,64370,706517.0,59.43,2026-08-03
NHPC,EQ,03-Aug-2026,78.73,78.5,80.7,78.5,79.25,21147708,16901.31,38170,8847137.0,41.83,2026-08-03
NIACL,EQ,03-Aug-2026,173.62,178.49,178.49,174.72,175.46,1164311,2051.01,16237,402431.0,34.56,2026-08-03
NIBE,EQ,03-Aug-2026,1379.0,1399.0,1399.0,1360.0,1364.4,40021,550.31,3327,21372.0,53.4,2026-08-03
NIBL,EQ,03-Aug-2026,33.87,34.69,35.69,34.55,35.09,22502,7.9,331,14184.0,63.03,2026-08-03
NIDAN,SM,03-Aug-2026,13.45,13.85,13.85,12.45,13.0,8000,1.03,7,6000.0,75.0,2026-08-03
NIF100BEES,EQ,03-Aug-2026,270.06,271.3,273.37,269.05,270.3,92498,251.56,1011,68195.0,73.73,2026-08-03
NIF100IETF,EQ,03-Aug-2026,28.38,28.65,28.71,28.4,28.64,132554,37.95,2573,88201.0,66.54,2026-08-03
NIFTY1,EQ,03-Aug-2026,270.14,272.7,273.49,270.85,272.05,156388,426.33,2025,97053.0,62.06,2026-08-03
NIFTY100EW,EQ,03-Aug-2026,35.34,34.45,35.9,34.45,35.79,41917,15.0,282,30703.0,73.25,2026-08-03
NIFTYADD,EQ,03-Aug-2026,256.62,259.19,260.0,257.27,258.73,33314,86.23,320,24609.0,73.87,2026-08-03
NIFTYAXIS,EQ,03-Aug-2026,269.3,271.39,272.2,270.73,271.85,13577,36.89,622,8983.0,66.16,2026-08-03
NIFTYBEES,EQ,03-Aug-2026,277.42,278.5,280.09,278.5,279.87,8115406,22698.96,71098,5994574.0,73.87,2026-08-03
NIFTYBETA,EQ,03-Aug-2026,270.3,270.3,273.0,270.0,272.09,35738,97.3,998,27501.0,76.95,2026-08-03
NIFTYBETF,EQ,03-Aug-2026,251.06,253.25,253.3,251.91,252.68,4929,12.45,168,4602.0,93.37,2026-08-03
NIFTYCASE,EQ,03-Aug-2026,9.78,9.6,9.89,9.6,9.85,1008040,99.24,2073,834308.0,82.77,2026-08-03
NIFTYETF,EQ,03-Aug-2026,265.46,268.11,269.05,266.24,267.69,2196167,5879.71,1775,2036194.0,92.72,2026-08-03
NIFTYIETF,EQ,03-Aug-2026,276.01,276.71,280.0,276.71,278.33,670228,1865.76,19706,443480.0,66.17,2026-08-03
NIFTYQLITY,EQ,03-Aug-2026,21.58,21.68,21.99,21.54,21.69,94304,20.52,241,69873.0,74.09,2026-08-03
NIITLTD,EQ,03-Aug-2026,95.76,95.8,98.99,95.8,96.86,343623,334.77,3375,164799.0,47.96,2026-08-03
NIITMTS,EQ,03-Aug-2026,239.81,243.4,249.95,226.0,246.61,328404,811.19,6406,130715.0,39.8,2026-08-03
NIKITA,SM,03-Aug-2026,73.5,73.8,73.95,73.7,73.9,8400,6.2,7,6000.0,71.43,2026-08-03
NILAINFRA,EQ,03-Aug-2026,7.38,7.32,7.8,7.32,7.66,264861,20.02,514,208318.0,78.65,2026-08-03
NILASPACES,EQ,03-Aug-2026,11.89,12.0,13.3,11.94,12.74,2101294,269.44,3189,1140372.0,54.27,2026-08-03
NILE,EQ,03-Aug-2026,1873.3,1873.5,1974.4,1873.5,1958.2,5388,104.28,857,3705.0,68.76,2026-08-03
NILKAMAL,EQ,03-Aug-2026,1797.8,1789.0,1797.6,1645.0,1699.9,251226,4280.7,17302,141354.0,56.27,2026-08-03
NIMBSPROJ,BE,03-Aug-2026,183.0,192.15,192.15,180.0,182.59,1260,2.3,19,,,2026-08-03
NINSYS,BE,03-Aug-2026,782.1,779.0,797.0,743.0,751.5,29470,221.26,520,,,2026-08-03
NIPPOBATRY,EQ,03-Aug-2026,322.35,327.0,330.05,321.1,327.15,2179,7.12,154,1396.0,64.07,2026-08-03
NIRAJ,BE,03-Aug-2026,28.95,28.98,29.85,28.98,29.08,62984,18.44,90,,,2026-08-03
NIRAJISPAT,EQ,03-Aug-2026,222.49,220.0,220.0,210.0,215.99,174,0.37,20,104.0,59.77,2026-08-03
NIRLON,EQ,03-Aug-2026,620.5,620.65,632.2,615.5,620.15,3137,19.51,274,1809.0,57.67,2026-08-03
NIRMAN,SM,03-Aug-2026,39.15,39.15,39.8,36.0,37.0,37200,13.9,76,29400.0,79.03,2026-08-03
NITCO,EQ,03-Aug-2026,107.6,107.84,109.9,107.2,108.09,479633,519.04,3850,294701.0,61.44,2026-08-03
NITINSPIN,EQ,03-Aug-2026,544.2,545.95,583.9,543.9,572.35,285468,1628.47,8742,151636.0,53.12,2026-08-03
NITIRAJ,EQ,03-Aug-2026,215.82,219.95,220.0,213.2,214.87,1976,4.28,97,1471.0,74.44,2026-08-03
NITTAGELA,EQ,03-Aug-2026,1922.5,1822.2,1822.2,1700.0,1729.2,39875,694.03,5468,20846.0,52.28,2026-08-03
NIVABUPA,EQ,03-Aug-2026,87.01,87.21,88.7,86.0,86.56,1535003,1346.58,16845,623463.0,40.62,2026-08-03
NKIND,EQ,03-Aug-2026,57.63,60.8,65.7,59.0,62.82,1565,0.98,74,815.0,52.08,2026-08-03
NLCINDIA,EQ,03-Aug-2026,297.9,299.8,301.3,296.6,298.05,1390048,4160.54,28068,687364.0,49.45,2026-08-03
NMDC,EQ,03-Aug-2026,85.04,85.6,85.84,83.05,83.8,18494856,15548.34,65761,10234312.0,55.34,2026-08-03
NMSTEEL,SM,03-Aug-2026,24.75,24.75,24.75,24.75,24.75,6400,1.58,4,6400.0,100.0,2026-08-03
NOCIL,EQ,03-Aug-2026,164.17,165.25,184.0,165.25,174.05,12374720,21964.94,107642,1802041.0,14.56,2026-08-03
NOIDATOLL,BE,03-Aug-2026,4.39,4.5,4.6,4.36,4.44,72994,3.25,219,,,2026-08-03
NORBTEAEXP,EQ,03-Aug-2026,68.57,66.85,70.0,65.15,65.29,2954,1.98,84,2547.0,86.22,2026-08-03
NORTHARC,EQ,03-Aug-2026,287.0,290.0,295.6,282.0,284.65,597266,1729.35,8573,361655.0,60.55,2026-08-03
NOVAAGRI,BE,03-Aug-2026,23.12,22.56,23.49,22.56,23.0,32890,7.61,230,,,2026-08-03
NOVARTIND,EQ,03-Aug-2026,1537.1,1540.1,1651.4,1540.1,1635.7,29922,484.19,2930,19576.0,65.42,2026-08-03
NPBET,EQ,03-Aug-2026,284.71,284.71,291.69,284.71,288.87,875,2.51,22,797.0,91.09,2026-08-03
NPST,EQ,03-Aug-2026,1525.6,1560.0,1560.0,1505.0,1523.0,25007,382.4,2052,13368.0,53.46,2026-08-03
NRAIL,EQ,03-Aug-2026,473.4,484.8,490.0,476.1,488.15,3261,15.79,260,2409.0,73.87,2026-08-03
NRBBEARING,EQ,03-Aug-2026,409.9,418.4,440.25,416.5,433.8,756420,3272.14,15597,451710.0,59.72,2026-08-03
NRL,BE,03-Aug-2026,106.59,108.72,108.72,108.72,108.72,42236,45.92,150,,,2026-08-03
NRVANDANA,ST,03-Aug-2026,67.4,67.4,69.8,67.4,69.8,9000,6.21,3,9000.0,100.0,2026-08-03
NSIL,EQ,03-Aug-2026,5520.0,5562.5,5749.0,5504.0,5622.0,4566,257.57,817,3292.0,72.1,2026-08-03
NSLNISP,EQ,03-Aug-2026,43.02,43.5,43.8,43.15,43.37,3092634,1344.49,9724,1770557.0,57.25,2026-08-03
NTPC,EQ,03-Aug-2026,347.25,347.25,350.9,345.3,350.9,5460220,18958.35,66213,3291125.0,60.27,2026-08-03
NTPCGREEN,EQ,03-Aug-2026,90.03,90.85,91.6,90.02,90.7,4694420,4268.54,27332,2981678.0,63.52,2026-08-03
NUCLEUS,EQ,03-Aug-2026,686.05,686.05,702.75,686.05,696.7,36002,250.24,1885,20866.0,57.96,2026-08-03
NURECA,EQ,03-Aug-2026,343.6,332.2,346.6,327.0,333.4,36669,123.21,1986,15996.0,43.62,2026-08-03
NUVAMA,EQ,03-Aug-2026,1803.8,1822.7,1840.0,1744.0,1765.7,316161,5587.37,20924,152461.0,48.22,2026-08-03
NUVOCO,EQ,03-Aug-2026,344.65,349.75,353.2,347.05,350.6,284291,995.65,11135,136306.0,47.95,2026-08-03
NV20,EQ,03-Aug-2026,14.09,14.29,14.3,14.15,14.26,77602,11.06,341,47574.0,61.31,2026-08-03
NV20BEES,EQ,03-Aug-2026,140.78,142.56,142.9,141.0,142.62,14634,20.84,349,9810.0,67.04,2026-08-03
NV20IETF,EQ,03-Aug-2026,13.78,13.5,13.94,13.0,13.89,574609,79.76,2886,387322.0,67.41,2026-08-03
NXST,RR,03-Aug-2026,166.9,167.4,168.4,166.26,166.96,251076,419.09,3732,222123.0,88.47,2026-08-03
NYKAA,EQ,03-Aug-2026,333.4,335.0,344.9,332.8,344.9,6931047,23575.5,82097,3801916.0,54.85,2026-08-03
OAL,EQ,03-Aug-2026,364.5,371.0,385.0,362.0,378.85,33764,127.95,1316,20770.0,61.52,2026-08-03
OBCL,EQ,03-Aug-2026,52.68,52.0,53.9,52.0,53.1,65944,34.95,39,63022.0,95.57,2026-08-03
OBEROIRLTY,EQ,03-Aug-2026,1827.7,1834.1,1861.1,1821.6,1861.1,178400,3267.69,14501,97262.0,54.52,2026-08-03
OBSCP,SM,03-Aug-2026,657.6,665.0,702.0,665.0,696.3,113600,783.97,262,70000.0,61.62,2026-08-03
OCCLLTD,BE,03-Aug-2026,166.02,174.32,174.32,174.32,174.32,30139,52.54,93,,,2026-08-03
ODIGMA,BE,03-Aug-2026,22.73,23.25,23.25,22.51,22.82,23128,5.27,309,,,2026-08-03
OFSS,EQ,03-Aug-2026,11186.0,11186.0,11484.0,11160.0,11332.0,164111,18649.01,24078,63604.0,38.76,2026-08-03
OIL,EQ,03-Aug-2026,458.6,454.0,457.65,450.0,452.0,3770840,17053.86,32377,2223275.0,58.96,2026-08-03
OILCOUNTUB,BE,03-Aug-2026,56.1,55.94,56.9,55.13,56.49,9742,5.49,71,,,2026-08-03
OILIETF,EQ,03-Aug-2026,11.42,11.48,11.53,11.42,11.45,2463758,282.5,3048,1684368.0,68.37,2026-08-03
OLAELEC,EQ,03-Aug-2026,38.66,38.66,39.18,38.5,38.74,20929717,8143.52,52344,6481534.0,30.97,2026-08-03
OLECTRA,EQ,03-Aug-2026,1324.2,1330.7,1353.9,1326.8,1344.2,216171,2910.01,12635,83813.0,38.77,2026-08-03
OLIL,ST,03-Aug-2026,410.0,419.0,419.0,418.5,418.5,2000,8.37,5,2000.0,100.0,2026-08-03
OMAXAUTO,BE,03-Aug-2026,190.59,193.8,197.7,183.15,190.92,62654,120.14,801,,,2026-08-03
OMAXE,EQ,03-Aug-2026,86.16,86.16,87.84,84.35,85.38,201187,173.68,2260,89687.0,44.58,2026-08-03
OMFREIGHT,BE,03-Aug-2026,89.66,89.66,91.95,88.0,88.0,8030,7.11,128,,,2026-08-03
OMFURN,ST,03-Aug-2026,67.0,65.0,65.0,65.0,65.0,1200,0.78,1,1200.0,100.0,2026-08-03
OMINFRAL,EQ,03-Aug-2026,89.34,91.5,92.25,89.9,91.6,102499,93.13,1351,44445.0,43.36,2026-08-03
OMNI,EQ,03-Aug-2026,580.95,588.0,638.5,583.85,602.3,920924,5662.67,33197,266293.0,28.92,2026-08-03
OMPOWER,EQ,03-Aug-2026,167.93,171.99,171.99,167.01,169.4,59098,99.64,1190,30932.0,52.34,2026-08-03
ONDOOR,SM,03-Aug-2026,269.3,285.0,285.0,271.15,273.45,17700,48.77,41,12600.0,71.19,2026-08-03
ONELIFECAP,BE,03-Aug-2026,36.13,35.22,36.9,34.9,36.09,61128,22.05,109,,,2026-08-03
ONEPOINT,EQ,03-Aug-2026,57.46,58.0,58.38,56.25,56.9,776161,443.53,6023,419960.0,54.11,2026-08-03
ONESOURCE,EQ,03-Aug-2026,1619.7,1624.0,1624.0,1550.0,1560.5,291606,4624.28,29225,151019.0,51.79,2026-08-03
ONGC,EQ,03-Aug-2026,242.53,241.45,242.62,240.06,242.0,8277525,19972.03,73374,4766212.0,57.58,2026-08-03
ONIDA,BE,03-Aug-2026,39.54,39.99,41.0,37.9,39.85,407321,159.12,869,,,2026-08-03
ONMOBILE,BE,03-Aug-2026,63.41,66.55,66.58,64.72,66.58,69195,45.95,503,,,2026-08-03
ONWARDTEC,EQ,03-Aug-2026,292.1,294.9,297.35,290.0,293.85,49531,145.38,1351,25919.0,52.33,2026-08-03
ONYX,ST,03-Aug-2026,42.95,43.95,45.05,43.95,45.05,146000,65.52,37,142000.0,97.26,2026-08-03
OPTIEMUS,EQ,03-Aug-2026,637.65,641.2,661.0,635.85,657.8,394268,2574.31,16495,201204.0,51.03,2026-08-03
OPTIVALUE,ST,03-Aug-2026,162.25,167.95,170.35,156.2,165.75,281600,458.59,91,267200.0,94.89,2026-08-03
ORBTEXP,BE,03-Aug-2026,241.14,246.0,250.0,233.0,243.79,39086,95.79,157,,,2026-08-03
ORCHASP,EQ,03-Aug-2026,1.63,1.8,1.8,1.6,1.65,242277,4.0,512,142907.0,58.98,2026-08-03
ORCHPHARMA,EQ,03-Aug-2026,986.55,990.0,998.0,975.1,990.65,44068,435.78,5374,20179.0,45.79,2026-08-03
ORIANA,SM,03-Aug-2026,1379.05,1380.0,1517.9,1380.0,1474.25,102900,1502.72,999,56175.0,54.59,2026-08-03
ORICONENT,EQ,03-Aug-2026,53.79,54.88,54.88,53.51,54.24,16899,9.19,211,13524.0,80.03,2026-08-03
ORIENTALTL,EQ,03-Aug-2026,5.13,5.03,5.3,5.03,5.19,67795,3.52,220,48226.0,71.14,2026-08-03
ORIENTBELL,EQ,03-Aug-2026,319.25,319.25,320.25,311.55,317.6,5191,16.5,331,2796.0,53.86,2026-08-03
ORIENTCEM,EQ,03-Aug-2026,136.64,136.07,140.1,136.07,139.51,265963,370.16,2123,148381.0,55.79,2026-08-03
ORIENTCER,EQ,03-Aug-2026,40.97,41.7,41.7,40.72,41.0,23646,9.75,301,16712.0,70.68,2026-08-03
ORIENTELEC,EQ,03-Aug-2026,174.77,174.9,177.0,173.8,175.55,342278,600.03,6459,197664.0,57.75,2026-08-03
ORIENTHOT,EQ,03-Aug-2026,131.65,132.34,137.1,131.75,135.39,278925,375.63,3761,124148.0,44.51,2026-08-03
ORIENTLTD,BE,03-Aug-2026,80.95,83.4,83.4,76.91,77.26,16074,12.49,109,,,2026-08-03
ORIENTPPR,EQ,03-Aug-2026,18.37,18.2,19.35,18.05,19.05,790848,148.42,1635,588741.0,74.44,2026-08-03
ORIENTTECH,EQ,03-Aug-2026,261.32,261.5,265.45,258.85,261.5,330338,863.88,5702,133745.0,40.49,2026-08-03
ORISSAMINE,EQ,03-Aug-2026,3986.4,4050.0,4140.0,4005.0,4106.3,12037,491.25,2150,7195.0,59.77,2026-08-03
ORKLAINDIA,EQ,03-Aug-2026,557.3,557.0,581.1,557.0,573.6,96546,549.72,9353,65103.0,67.43,2026-08-03
ORTEL,BZ,03-Aug-2026,1.79,1.87,1.87,1.79,1.87,9294,0.17,24,,,2026-08-03
ORTINGLOBE,BE,03-Aug-2026,15.35,14.6,15.99,14.6,15.5,25275,3.94,131,,,2026-08-03
OSELDEVICE,SM,03-Aug-2026,413.05,411.95,414.9,405.0,407.05,17200,70.3,60,12600.0,73.26,2026-08-03
OSIAHYPER,BE,03-Aug-2026,2.89,2.95,3.01,2.85,2.91,321474,9.48,395,,,2026-08-03
OSWALAGRO,EQ,03-Aug-2026,38.25,39.89,40.25,38.2,38.49,52487,20.48,356,35526.0,67.69,2026-08-03
OSWALGREEN,EQ,03-Aug-2026,21.04,21.04,22.04,21.04,21.76,263168,56.58,943,149214.0,56.7,2026-08-03
OSWALPUMPS,EQ,03-Aug-2026,329.15,332.9,339.15,329.6,331.25,812409,2713.33,19291,495074.0,60.94,2026-08-03
OSWALSEEDS,EQ,03-Aug-2026,10.76,10.88,10.88,10.53,10.68,11735,1.25,114,11004.0,93.77,2026-08-03
OWAIS,ST,03-Aug-2026,97.85,97.85,101.6,95.9,100.75,6500,6.5,50,5700.0,87.69,2026-08-03
PACEDIGITK,EQ,03-Aug-2026,205.38,206.35,207.67,201.01,201.59,775987,1583.48,8123,427241.0,55.06,2026-08-03
PAGEIND,EQ,03-Aug-2026,40375.0,40500.0,40665.0,40125.0,40200.0,8626,3477.53,4551,2342.0,27.15,2026-08-03
PAISALO,EQ,03-Aug-2026,71.2,71.79,73.25,70.91,72.29,9209200,6614.83,14375,3650159.0,39.64,2026-08-03
PAKKA,EQ,03-Aug-2026,70.79,71.1,72.94,71.01,71.28,49666,35.65,822,29133.0,58.66,2026-08-03
PALASHSECU,EQ,03-Aug-2026,87.07,87.8,91.35,87.04,89.01,1841,1.64,155,1333.0,72.41,2026-08-03
PALREDTEC,BE,03-Aug-2026,44.15,45.55,46.35,44.81,45.39,3212,1.46,39,,,2026-08-03
PANACEABIO,EQ,03-Aug-2026,421.45,425.05,425.05,415.6,423.45,71008,297.75,3260,40055.0,56.41,2026-08-03
PANACHE,BE,03-Aug-2026,430.5,429.0,448.0,429.0,439.55,3504,15.4,86,,,2026-08-03
PANAMAPET,EQ,03-Aug-2026,453.55,459.8,471.35,456.0,460.75,132370,615.65,4781,62823.0,47.46,2026-08-03
PANSARI,EQ,03-Aug-2026,323.9,336.85,343.0,316.1,329.1,4836,15.72,429,1882.0,38.92,2026-08-03
PAR,EQ,03-Aug-2026,98.9,100.99,101.97,97.02,99.09,4025,4.0,138,2874.0,71.4,2026-08-03
PARACABLES,EQ,03-Aug-2026,64.88,65.06,67.35,64.16,66.39,2042931,1348.0,11542,771371.0,37.76,2026-08-03
PARADEEP,EQ,03-Aug-2026,147.33,148.8,150.2,144.0,144.92,7384190,10895.38,59078,2760330.0,37.38,2026-08-03
PARAGMILK,EQ,03-Aug-2026,214.31,218.0,227.0,216.19,225.47,695232,1548.77,9926,365930.0,52.63,2026-08-03
PARAGON,SM,03-Aug-2026,48.3,49.5,49.5,48.4,48.4,3600,1.76,3,2400.0,66.67,2026-08-03
PARAMATRIX,SM,03-Aug-2026,56.0,56.0,56.0,56.0,56.0,2400,1.34,2,2400.0,100.0,2026-08-03
PARAMOUNT,ST,03-Aug-2026,37.25,39.1,39.1,35.45,35.5,9600,3.5,7,8400.0,87.5,2026-08-03
PARAS,EQ,03-Aug-2026,1256.5,1262.8,1323.0,1255.0,1292.3,1553761,20202.57,58816,459791.0,29.59,2026-08-03
PARASPETRO,EQ,03-Aug-2026,2.47,2.53,2.59,2.43,2.44,491460,12.4,540,317739.0,64.65,2026-08-03
PARIN,SM,03-Aug-2026,721.0,729.0,729.95,691.0,721.0,15750,111.26,12,8250.0,52.38,2026-08-03
PARKHOSPS,EQ,03-Aug-2026,292.65,299.0,302.8,280.0,288.6,1692327,5000.07,37719,581100.0,34.34,2026-08-03
PARKHOTELS,EQ,03-Aug-2026,122.38,122.38,127.9,122.38,124.53,234150,293.63,5196,98725.0,42.16,2026-08-03
PARSVNATH,BE,03-Aug-2026,1.8,1.77,1.77,1.77,1.77,203245,3.6,147,,,2026-08-03
PARTH,SM,03-Aug-2026,480.0,480.0,514.0,480.0,504.15,16400,81.62,35,14400.0,87.8,2026-08-03
PARTYCRUS,SM,03-Aug-2026,88.0,85.55,85.55,85.5,85.5,2000,1.71,2,2000.0,100.0,2026-08-03
PASHUPATI,EQ,03-Aug-2026,85.55,85.8,86.7,85.13,85.32,80796,69.31,1511,66500.0,82.31,2026-08-03
PASUPTAC,BE,03-Aug-2026,58.34,58.0,60.74,58.0,60.49,58400,35.03,330,,,2026-08-03
PATANJALI,EQ,03-Aug-2026,354.6,358.0,365.5,352.5,364.0,5089623,18292.91,39408,1454165.0,28.57,2026-08-03
PATELENG,EQ,03-Aug-2026,27.33,27.51,28.97,27.5,28.85,6702672,1911.56,15033,3067714.0,45.77,2026-08-03
PATELRMART,EQ,03-Aug-2026,225.65,226.9,228.7,223.73,226.78,93105,210.59,2345,42092.0,45.21,2026-08-03
PATILAUTOM,ST,03-Aug-2026,191.45,196.95,196.95,192.0,192.9,40800,79.31,43,38400.0,94.12,2026-08-03
PATINTLOG,BE,03-Aug-2026,13.92,13.92,14.39,13.9,14.01,54644,7.74,177,,,2026-08-03
PAUSHAKLTD,EQ,03-Aug-2026,629.7,659.4,661.0,644.0,652.8,69349,453.39,3585,34186.0,49.3,2026-08-03
PAVNAIND,EQ,03-Aug-2026,18.11,18.9,18.9,17.72,18.01,36102,6.59,226,18046.0,49.99,2026-08-03
PAYTM,EQ,03-Aug-2026,1343.0,1348.0,1437.6,1344.4,1410.0,7964165,111805.73,167761,2361573.0,29.65,2026-08-03
PCBL,EQ,03-Aug-2026,317.9,322.05,334.8,322.05,326.8,3202738,10532.94,41763,1043393.0,32.58,2026-08-03
PCCL,SM,03-Aug-2026,285.0,283.05,302.0,283.05,299.3,26000,76.95,58,22800.0,87.69,2026-08-03
PCJEWELLER,EQ,03-Aug-2026,9.26,9.32,9.77,9.23,9.64,252990519,24293.93,90985,51798012.0,20.47,2026-08-03
PDMJEPAPER,EQ,03-Aug-2026,94.86,95.9,97.68,94.86,96.3,86733,83.3,1318,43386.0,50.02,2026-08-03
PDSL,EQ,03-Aug-2026,363.55,370.0,372.65,354.9,357.25,83148,301.52,5318,33868.0,40.73,2026-08-03
PEARLPOLY,BE,03-Aug-2026,17.29,17.75,17.75,16.43,16.65,22373,3.72,98,,,2026-08-03
PELATRO,SM,03-Aug-2026,262.4,266.0,267.0,262.5,267.0,3900,10.33,12,3300.0,84.62,2026-08-03
PENIND,EQ,03-Aug-2026,165.12,166.0,171.28,165.5,169.12,311606,527.66,4639,181068.0,58.11,2026-08-03
PENINLAND,BE,03-Aug-2026,15.5,15.5,15.81,15.3,15.81,84000,13.09,82,,,2026-08-03
PERSISTENT,EQ,03-Aug-2026,5549.0,5533.5,5575.0,5319.5,5575.0,1344826,73352.83,86493,390868.0,29.06,2026-08-03
PETRONET,EQ,03-Aug-2026,280.75,280.75,284.85,279.05,284.85,1506784,4254.03,25735,838712.0,55.66,2026-08-03
PFC,EQ,03-Aug-2026,424.35,425.5,429.25,417.3,421.5,5985708,25228.21,43334,3751254.0,62.67,2026-08-03
PFIZER,EQ,03-Aug-2026,4823.9,4823.9,4934.0,4804.9,4914.6,44131,2162.02,6517,29621.0,67.12,2026-08-03
PFOCUS,EQ,03-Aug-2026,287.11,287.5,304.5,285.0,298.75,1045783,3130.02,21691,478028.0,45.71,2026-08-03
PFS,EQ,03-Aug-2026,27.73,27.84,28.77,27.82,28.41,433258,122.77,3004,207665.0,47.93,2026-08-03
PGEL,EQ,03-Aug-2026,613.35,616.0,629.0,612.2,618.0,1239700,7695.26,20556,342607.0,27.64,2026-08-03
PGHH,EQ,03-Aug-2026,8594.0,8644.5,8700.0,8582.0,8649.0,16117,1393.32,3606,8823.0,54.74,2026-08-03
PGHL,EQ,03-Aug-2026,6604.5,6604.5,6699.5,6452.5,6501.5,7179,470.7,2478,4720.0,65.75,2026-08-03
PGIL,EQ,03-Aug-2026,2064.8,2066.6,2127.5,2066.6,2103.4,70465,1485.31,9531,31647.0,44.91,2026-08-03
PGINVIT,IV,03-Aug-2026,99.4,99.5,99.5,97.0,97.17,2953135,2893.92,19799,2444905.0,82.79,2026-08-03
PHANTOMFX,SM,03-Aug-2026,167.7,168.25,171.7,165.9,166.95,41400,69.99,72,38700.0,93.48,2026-08-03
PHARMABEES,EQ,03-Aug-2026,27.27,27.27,27.95,27.16,27.23,5428430,1481.56,21173,2870630.0,52.88,2026-08-03
PHOENIXLTD,EQ,03-Aug-2026,1893.3,1893.7,1955.0,1883.9,1955.0,380365,7289.92,21498,175930.0,46.25,2026-08-03
PICCADIL,EQ,03-Aug-2026,733.85,742.45,755.0,727.3,752.0,299304,2234.06,14266,179858.0,60.09,2026-08-03
PIDILITIND,EQ,03-Aug-2026,1611.4,1623.0,1642.5,1622.0,1642.5,653565,10650.02,19289,427166.0,65.36,2026-08-03
PIGL,EQ,03-Aug-2026,104.32,104.32,113.71,103.56,110.83,121633,131.62,3651,66427.0,54.61,2026-08-03
PIIND,EQ,03-Aug-2026,2751.2,2754.6,2845.0,2746.6,2793.0,276209,7782.95,20396,125589.0,45.47,2026-08-03
PILANIINVS,EQ,03-Aug-2026,4302.9,4302.9,4382.0,4302.9,4346.8,794,34.58,206,495.0,62.34,2026-08-03
PILITA,BE,03-Aug-2026,8.62,8.6,8.81,8.41,8.65,24611,2.1,121,,,2026-08-03
PINELABS,EQ,03-Aug-2026,138.97,141.24,153.4,139.61,152.17,71026387,106501.72,287732,15465253.0,21.77,2026-08-03
PIONEEREMB,EQ,03-Aug-2026,25.26,25.5,25.98,24.75,25.61,13245,3.38,113,10443.0,78.84,2026-08-03
PIONRINV,BE,03-Aug-2026,83.58,85.99,87.68,81.0,86.96,4470,3.68,45,,,2026-08-03
PIRAMALFIN,EQ,03-Aug-2026,2055.5,2066.4,2088.0,2025.0,2047.8,317656,6535.3,22097,221949.0,69.87,2026-08-03
PITTIENG,EQ,03-Aug-2026,924.5,925.0,935.9,920.5,928.4,39086,362.9,1992,25540.0,65.34,2026-08-03
PIXTRANS,EQ,03-Aug-2026,1672.9,1669.9,1729.2,1636.1,1701.1,11302,189.96,1744,6116.0,54.11,2026-08-03
PKTEA,EQ,03-Aug-2026,676.4,710.0,710.0,668.0,699.0,284,1.96,18,211.0,74.3,2026-08-03
PLASTIBLEN,EQ,03-Aug-2026,186.14,187.01,191.8,187.01,190.61,34535,65.71,1281,20303.0,58.79,2026-08-03
PLATIND,EQ,03-Aug-2026,225.89,227.05,231.18,225.0,225.53,65731,149.68,1807,38573.0,58.68,2026-08-03
PLAZACABLE,BE,03-Aug-2026,42.45,42.0,44.4,42.0,44.01,22752,9.89,181,,,2026-08-03
PML,EQ,03-Aug-2026,504.5,506.95,510.05,490.6,493.65,155,0.78,27,118.0,76.13,2026-08-03
PNB,EQ,03-Aug-2026,112.71,113.01,114.47,112.66,113.0,12088257,13733.87,47490,5299697.0,43.84,2026-08-03
PNBGILTS,EQ,03-Aug-2026,84.5,85.8,85.8,83.0,83.51,316121,266.18,3355,180282.0,57.03,2026-08-03
PNBHOUSING,EQ,03-Aug-2026,1053.1,1057.0,1094.5,1049.7,1090.0,1194896,12944.98,47694,564504.0,47.24,2026-08-03
PNC,EQ,03-Aug-2026,19.55,19.55,21.45,19.23,20.37,14848,3.03,263,14080.0,94.83,2026-08-03
PNCINFRA,EQ,03-Aug-2026,246.12,249.09,251.6,245.01,247.58,562424,1398.55,17034,311261.0,55.34,2026-08-03
PNGJL,EQ,03-Aug-2026,670.3,670.3,679.5,655.0,658.05,356967,2385.98,12376,193188.0,54.12,2026-08-03
PNGSREVA,EQ,03-Aug-2026,428.1,428.1,444.7,426.85,443.25,144582,633.1,5644,82531.0,57.08,2026-08-03
POCL,EQ,03-Aug-2026,525.1,529.0,552.9,529.0,550.45,490666,2673.26,13446,268329.0,54.69,2026-08-03
PODDARMENT,EQ,03-Aug-2026,261.61,265.0,265.25,250.3,251.55,10592,26.83,216,8863.0,83.68,2026-08-03
POKARNA,EQ,03-Aug-2026,937.9,932.0,950.0,925.0,932.45,42452,396.84,3232,27780.0,65.44,2026-08-03
POLICYBZR,EQ,03-Aug-2026,1601.5,1607.0,1650.0,1600.6,1650.0,648291,10547.01,44383,307926.0,47.5,2026-08-03
POLYCAB,EQ,03-Aug-2026,9106.5,9120.0,9150.0,9001.0,9034.0,154112,13976.26,24183,80772.0,52.41,2026-08-03
POLYMED,EQ,03-Aug-2026,1702.0,1723.5,1749.0,1704.8,1727.9,98125,1700.95,11582,51035.0,52.01,2026-08-03
POLYPLEX,EQ,03-Aug-2026,1105.3,1104.5,1114.5,1091.1,1094.8,60391,663.14,3152,34932.0,57.84,2026-08-03
POLYSIL,SM,03-Aug-2026,113.85,103.15,114.95,102.5,102.5,60500,63.01,96,40500.0,66.94,2026-08-03
PONNIERODE,EQ,03-Aug-2026,302.65,301.55,330.45,301.55,328.3,44920,144.34,1609,30023.0,66.84,2026-08-03
POONAWALLA,EQ,03-Aug-2026,463.55,468.0,474.4,464.7,471.9,855124,4024.12,21035,438338.0,51.26,2026-08-03
POSITRON,SM,03-Aug-2026,169.0,176.9,176.9,175.95,176.5,1200,2.12,4,1200.0,100.0,2026-08-03
POWERGRID,EQ,03-Aug-2026,284.25,285.0,287.0,283.9,287.0,8749092,24937.6,48862,6342985.0,72.5,2026-08-03
POWERICA,EQ,03-Aug-2026,529.6,535.0,549.8,512.0,519.4,297730,1569.65,17284,156616.0,52.6,2026-08-03
POWERINDIA,EQ,03-Aug-2026,32175.0,32180.0,32380.0,31865.0,32000.0,57777,18562.64,19799,22011.0,38.1,2026-08-03
POWERMECH,EQ,03-Aug-2026,2566.4,2594.0,2627.9,2566.5,2593.0,92494,2405.79,12511,50826.0,54.95,2026-08-03
PPAP,BE,03-Aug-2026,281.7,284.0,289.95,270.2,288.35,23053,65.11,448,,,2026-08-03
PPL,BE,03-Aug-2026,265.9,265.9,275.0,261.0,262.25,29140,77.52,478,,,2026-08-03
PPLPHARMA,EQ,03-Aug-2026,195.61,196.36,202.95,193.03,199.28,7051612,14070.74,63794,2495028.0,35.38,2026-08-03
PPSL,SM,03-Aug-2026,3.4,3.4,3.4,3.1,3.1,351000,11.1,65,180000.0,51.28,2026-08-03
PRABHA,EQ,03-Aug-2026,147.91,150.0,155.5,147.34,153.78,82791,126.12,1637,33165.0,40.06,2026-08-03
PRADPME,BE,03-Aug-2026,511.55,518.1,518.1,505.25,509.6,3897,19.92,73,,,2026-08-03
PRAENG,EQ,03-Aug-2026,20.26,20.16,20.9,20.0,20.07,33090,6.72,219,26925.0,81.37,2026-08-03
PRAJIND,EQ,03-Aug-2026,311.9,314.95,317.95,313.45,315.05,381592,1202.04,12430,198832.0,52.11,2026-08-03
PRAKASH,EQ,03-Aug-2026,123.4,124.0,126.5,124.0,125.5,229100,286.85,2860,142191.0,62.07,2026-08-03
PRAKASHSTL,EQ,03-Aug-2026,4.0,4.0,4.11,3.98,4.03,140048,5.61,352,97246.0,69.44,2026-08-03
PRAMARA,SM,03-Aug-2026,127.5,130.85,130.9,126.1,126.45,12000,15.28,15,9500.0,79.17,2026-08-03
PRANIK,SM,03-Aug-2026,43.95,42.8,42.8,40.05,40.05,35200,14.4,17,35200.0,100.0,2026-08-03
PRATHAM,SM,03-Aug-2026,121.0,120.4,120.4,120.0,120.0,2000,2.4,5,1600.0,80.0,2026-08-03
PRAVEG,EQ,03-Aug-2026,295.91,298.9,298.9,290.45,293.6,38486,112.89,1389,21308.0,55.37,2026-08-03
PRAXIS,EQ,03-Aug-2026,6.13,6.3,6.74,6.0,6.56,229975,15.11,367,165774.0,72.08,2026-08-03
PRECAM,EQ,03-Aug-2026,140.29,141.47,146.0,141.39,143.31,168272,242.47,3464,71365.0,42.41,2026-08-03
PRECISION,ST,03-Aug-2026,7.4,7.75,7.75,7.2,7.2,16000,1.19,7,14000.0,87.5,2026-08-03
PRECOT,EQ,03-Aug-2026,809.55,850.0,850.0,791.05,819.0,10974,89.61,720,8807.0,80.25,2026-08-03
PRECWIRE,EQ,03-Aug-2026,372.6,374.5,388.1,372.7,379.1,311874,1190.7,15390,137592.0,44.12,2026-08-03
PREMCO,EQ,03-Aug-2026,372.55,372.6,382.3,372.55,380.1,1610,6.07,67,1458.0,90.56,2026-08-03
PREMEXPLN,EQ,03-Aug-2026,664.15,664.9,668.95,661.2,661.8,104311,692.29,3275,58058.0,55.66,2026-08-03
PREMIER,BE,03-Aug-2026,2.88,2.98,3.0,2.79,2.79,19708,0.55,42,,,2026-08-03
PREMIERENE,EQ,03-Aug-2026,1022.2,1027.3,1040.1,1020.7,1020.7,617990,6365.06,17129,259363.0,41.97,2026-08-03
PREMIERPOL,EQ,03-Aug-2026,69.78,67.6,75.8,67.6,73.56,748386,545.12,8198,130592.0,17.45,2026-08-03
PREMIUM,SM,03-Aug-2026,38.0,38.0,39.5,38.0,38.0,9000,3.47,3,9000.0,100.0,2026-08-03
PRESSTONIC,SM,03-Aug-2026,25.95,27.0,27.0,26.25,26.9,10400,2.8,11,8800.0,84.62,2026-08-03
PRESTIGE,EQ,03-Aug-2026,1616.2,1620.0,1670.0,1610.5,1670.0,349987,5694.57,18474,187490.0,53.57,2026-08-03
PRICOLLTD,EQ,03-Aug-2026,696.65,715.0,740.0,709.45,732.85,1638587,11939.13,57056,730446.0,44.58,2026-08-03
PRIMECAB,ST,03-Aug-2026,184.55,180.0,190.0,176.3,190.0,14400,26.58,9,11200.0,77.78,2026-08-03
PRIMESECU,EQ,03-Aug-2026,276.9,277.1,281.5,275.35,277.45,39599,110.27,236,33073.0,83.52,2026-08-03
PRIMO,EQ,03-Aug-2026,25.24,26.0,26.0,24.11,24.3,158094,39.01,1112,102785.0,65.02,2026-08-03
PRINCEPIPE,EQ,03-Aug-2026,264.0,262.0,270.0,262.0,263.4,181389,480.8,5610,113273.0,62.45,2026-08-03
PRITI,BE,03-Aug-2026,37.24,37.2,38.2,37.0,37.81,4152,1.56,60,,,2026-08-03
PRITIKAUTO,BE,03-Aug-2026,17.42,17.47,18.19,17.47,17.72,99241,17.54,245,,,2026-08-03
PRIVISCL,EQ,03-Aug-2026,3617.1,3680.0,3680.0,3585.0,3597.0,103747,3754.27,14217,63289.0,61.0,2026-08-03
PRIZOR,ST,03-Aug-2026,877.0,914.95,920.85,900.05,915.95,34800,318.62,79,32400.0,93.1,2026-08-03
PRLIND,SM,03-Aug-2026,44.2,44.1,44.75,43.65,44.25,82000,36.31,36,59000.0,71.95,2026-08-03
PROFX,SM,03-Aug-2026,75.5,77.1,77.1,75.5,75.5,3200,2.44,2,3200.0,100.0,2026-08-03
PROPSHOP,ST,03-Aug-2026,69.0,55.2,57.9,52.45,57.15,2076000,1136.49,472,2066000.0,99.52,2026-08-03
PROSTARM,EQ,03-Aug-2026,127.04,127.0,138.0,126.25,135.87,1483618,1972.35,12719,183272.0,12.35,2026-08-03
PROTEAN,EQ,03-Aug-2026,616.15,620.0,640.0,620.0,630.85,243186,1541.98,7461,113694.0,46.75,2026-08-03
PROZONER,EQ,03-Aug-2026,41.58,41.73,43.64,41.51,43.13,269992,114.52,1282,184552.0,68.35,2026-08-03
PRSMJOHNSN,EQ,03-Aug-2026,106.46,106.9,110.59,106.84,108.88,125836,137.02,2979,67743.0,53.83,2026-08-03
PRUDENT,EQ,03-Aug-2026,3292.0,3319.8,3385.1,3270.1,3359.2,27698,920.75,6005,14595.0,52.69,2026-08-03
PRUDMOULI,BE,03-Aug-2026,13.41,13.67,13.67,12.74,13.46,2085,0.28,42,,,2026-08-03
PSB,EQ,03-Aug-2026,23.19,23.4,23.9,23.4,23.76,1577094,374.15,4628,773407.0,49.04,2026-08-03
PSPPROJECT,EQ,03-Aug-2026,978.0,990.0,990.0,939.9,949.55,147018,1402.11,7640,81408.0,55.37,2026-08-03
PSRAJ,ST,03-Aug-2026,90.0,85.5,85.5,85.5,85.5,7500,6.41,3,7500.0,100.0,2026-08-03
PSUBANK,EQ,03-Aug-2026,83.65,83.95,85.5,83.33,84.54,448463,381.53,1187,271219.0,60.48,2026-08-03
PSUBANKADD,EQ,03-Aug-2026,84.46,84.45,86.22,84.45,85.42,61957,53.16,314,48080.0,77.6,2026-08-03
PSUBNKBEES,EQ,03-Aug-2026,93.42,94.49,95.22,93.33,94.57,5391757,5111.19,8277,2825878.0,52.41,2026-08-03
PSUBNKIETF,EQ,03-Aug-2026,84.77,85.14,86.5,84.53,85.6,201181,172.88,1196,123628.0,61.45,2026-08-03
PTC,EQ,03-Aug-2026,175.52,176.21,182.2,175.9,180.11,4283556,7672.15,44071,2395695.0,55.93,2026-08-03
PTCIL,EQ,03-Aug-2026,17737.0,17776.0,18041.0,17776.0,17981.0,8054,1442.29,2161,4824.0,59.9,2026-08-03
PTL,EQ,03-Aug-2026,39.42,39.99,40.05,39.4,39.77,50827,20.24,778,35236.0,69.33,2026-08-03
PULZ,SM,03-Aug-2026,24.0,24.95,24.95,24.95,24.95,2000,0.5,1,2000.0,100.0,2026-08-03
PUNJABCHEM,EQ,03-Aug-2026,1143.8,1180.0,1180.0,1145.0,1151.9,14842,171.96,1769,6169.0,41.56,2026-08-03
PURPLEUTED,ST,03-Aug-2026,336.85,330.0,335.0,320.05,321.9,43000,139.02,140,41750.0,97.09,2026-08-03
PURVA,EQ,03-Aug-2026,210.79,212.05,215.89,206.5,207.67,264312,555.42,5258,146365.0,55.38,2026-08-03
PUSHPA,SM,03-Aug-2026,104.55,100.2,107.0,100.2,104.5,5000,5.25,5,5000.0,100.0,2026-08-03
PVP,EQ,03-Aug-2026,26.83,27.05,27.39,26.65,27.1,493615,133.35,1355,372301.0,75.42,2026-08-03
PVRINOX,EQ,03-Aug-2026,1130.6,1142.9,1153.0,1131.5,1141.4,583974,6666.28,58630,392534.0,67.22,2026-08-03
PVSL,EQ,03-Aug-2026,108.51,110.2,112.14,106.15,107.19,42496,45.75,1177,25032.0,58.9,2026-08-03
PVTBANIETF,EQ,03-Aug-2026,27.75,28.1,28.14,27.9,28.05,3285922,921.36,1844,2487159.0,75.69,2026-08-03
PVTBANK,EQ,03-Aug-2026,27.5,27.72,27.92,27.5,27.86,15780,4.38,25,12043.0,76.32,2026-08-03
PVTBANKADD,EQ,03-Aug-2026,27.9,28.02,28.37,27.43,27.76,1098199,308.74,439,944635.0,86.02,2026-08-03
PVTBKGROWW,EQ,03-Aug-2026,27.5,27.84,27.94,27.51,27.79,14226,3.96,186,9276.0,65.2,2026-08-03
PWL,EQ,03-Aug-2026,124.89,125.2,129.09,123.85,126.03,4198871,5313.85,39003,1172307.0,27.92,2026-08-03
PYRAMID,EQ,03-Aug-2026,181.12,185.97,188.0,183.34,184.97,58304,107.91,1271,34205.0,58.67,2026-08-03
QFIL,SM,03-Aug-2026,62.8,62.8,62.8,62.8,62.8,1000,0.63,1,1000.0,100.0,2026-08-03
QGOLDHALF,EQ,03-Aug-2026,117.38,117.96,117.99,116.06,117.47,247926,291.35,980,124755.0,50.32,2026-08-03
QLINE,SM,03-Aug-2026,541.3,549.85,559.6,536.1,552.1,63600,348.62,141,50800.0,79.87,2026-08-03
QMSMEDI,EQ,03-Aug-2026,114.59,117.9,117.9,112.0,112.3,13120,14.93,493,9742.0,74.25,2026-08-03
QNIFTY,EQ,03-Aug-2026,268.61,274.0,274.0,268.87,270.54,3985,10.77,160,2918.0,73.22,2026-08-03
QPOWER,BE,03-Aug-2026,1133.3,1150.0,1185.0,1145.0,1158.0,106482,1238.88,6171,,,2026-08-03
QUADFUTURE,EQ,03-Aug-2026,345.95,348.8,365.7,348.8,360.95,281272,1011.48,8086,105048.0,37.35,2026-08-03
QUAL30IETF,EQ,03-Aug-2026,21.39,21.58,21.61,21.37,21.6,161980,34.91,293,137447.0,84.85,2026-08-03
QUALITY30,EQ,03-Aug-2026,20.94,20.94,21.23,20.94,21.22,12969,2.74,33,8553.0,65.95,2026-08-03
QUESS,EQ,03-Aug-2026,332.55,335.95,349.5,331.85,345.05,1991991,6852.18,30562,667647.0,33.52,2026-08-03
QUESTLAB,SM,03-Aug-2026,89.25,90.05,92.0,90.05,91.65,16800,15.41,14,15600.0,92.86,2026-08-03
QUICKHEAL,BE,03-Aug-2026,152.88,153.0,160.0,153.0,159.3,93220,147.58,880,,,2026-08-03
QUICKTOUCH,SM,03-Aug-2026,22.55,22.5,22.5,22.5,22.5,500,0.11,1,500.0,100.0,2026-08-03
QUINT,EQ,03-Aug-2026,39.3,39.49,39.98,38.0,38.99,2443,0.94,36,2413.0,98.77,2026-08-03
QUINTEGRA,BE,03-Aug-2026,1.44,1.5,1.51,1.37,1.4,11943,0.18,18,,,2026-08-03
QVCEL,SM,03-Aug-2026,24.55,25.1,25.1,25.1,25.1,1600,0.4,1,1600.0,100.0,2026-08-03
RACE,EQ,03-Aug-2026,109.49,110.0,111.99,109.48,111.79,5364,5.95,53,4500.0,83.89,2026-08-03
RACLGEAR,EQ,03-Aug-2026,1262.3,1260.0,1295.0,1260.0,1291.3,19888,255.23,1979,11658.0,58.62,2026-08-03
RADAAN,EQ,03-Aug-2026,3.21,3.27,3.27,3.15,3.2,7768,0.25,79,5486.0,70.62,2026-08-03
RADHIKAJWE,EQ,03-Aug-2026,71.75,72.45,73.49,70.85,71.22,974269,705.41,7741,264437.0,27.14,2026-08-03
RADIANTCMS,EQ,03-Aug-2026,36.35,36.97,37.1,36.62,36.97,54912,20.28,1100,36374.0,66.24,2026-08-03
RADICO,EQ,03-Aug-2026,4340.8,4350.8,4459.1,4349.9,4459.1,352530,15598.51,40646,204577.0,58.03,2026-08-03
RADIOCITY,EQ,03-Aug-2026,6.79,6.79,7.09,6.79,6.81,69178,4.76,233,60975.0,88.14,2026-08-03
RADIOWALLA,ST,03-Aug-2026,28.15,27.6,27.6,27.6,27.6,1600,0.44,1,1600.0,100.0,2026-08-03
RAILTEL,EQ,03-Aug-2026,284.5,284.3,293.7,283.15,292.25,1106898,3208.87,22178,397355.0,35.9,2026-08-03
RAIN,EQ,03-Aug-2026,222.95,224.1,233.37,224.1,229.53,5596995,12858.18,48839,2166314.0,38.7,2026-08-03
RAINBOW,EQ,03-Aug-2026,1525.4,1550.0,1574.8,1530.6,1545.6,161412,2523.59,15898,92937.0,57.58,2026-08-03
RAJESHEXPO,BZ,03-Aug-2026,84.89,84.8,86.14,84.6,84.8,101144,86.13,1320,,,2026-08-03
RAJINDLTD,SM,03-Aug-2026,70.75,71.0,73.6,71.0,71.95,4500,3.25,3,1500.0,33.33,2026-08-03
RAJMET,EQ,03-Aug-2026,3.27,3.27,3.35,3.27,3.31,197052,6.54,710,153299.0,77.8,2026-08-03
RAJOOENG,BE,03-Aug-2026,52.66,52.6,53.6,52.07,52.45,189033,99.57,673,,,2026-08-03
RAJPALAYAM,EQ,03-Aug-2026,829.05,830.0,839.9,806.3,818.85,1355,11.19,103,864.0,63.76,2026-08-03
RAJPUTANA,SM,03-Aug-2026,194.0,203.0,203.0,203.0,203.0,500,1.02,1,500.0,100.0,2026-08-03
RAJRATAN,EQ,03-Aug-2026,495.0,500.0,518.0,497.05,513.5,154143,782.83,5274,80993.0,52.54,2026-08-03
RAJRILTD,BE,03-Aug-2026,20.81,21.22,21.22,20.82,21.22,6883,1.46,77,,,2026-08-03
RAJSREESUG,EQ,03-Aug-2026,29.29,31.29,31.99,29.91,30.39,53084,16.38,486,35530.0,66.93,2026-08-03
RAJTV,EQ,03-Aug-2026,11.32,11.45,11.62,10.76,10.76,281976,30.65,713,235749.0,83.61,2026-08-03
RAJVIR,BZ,03-Aug-2026,5.93,5.64,5.64,5.64,5.64,10,0.0,1,,,2026-08-03
RALLIS,EQ,03-Aug-2026,217.14,218.5,220.96,216.61,217.82,863483,1885.05,22714,518710.0,60.07,2026-08-03
RAMANEWS,EQ,03-Aug-2026,28.39,28.39,31.99,28.39,30.85,96270,29.37,487,74596.0,77.49,2026-08-03
RAMAPHO,EQ,03-Aug-2026,128.48,131.99,134.9,126.67,130.91,89184,116.97,2066,57492.0,64.46,2026-08-03
RAMASTEEL,BE,03-Aug-2026,4.13,4.23,4.3,4.1,4.22,3243922,138.03,4467,,,2026-08-03
RAMBHAJO,EQ,03-Aug-2026,178.32,180.3,189.49,178.64,183.76,280637,518.6,6144,108753.0,38.75,2026-08-03
RAMCOCEM,EQ,03-Aug-2026,918.25,920.15,950.0,920.15,945.25,128262,1205.8,8462,55873.0,43.56,2026-08-03
RAMCOIND,EQ,03-Aug-2026,326.4,329.9,334.65,328.0,332.15,91714,303.51,2726,50387.0,54.94,2026-08-03
RAMCOSYS,EQ,03-Aug-2026,580.9,585.9,588.95,561.3,563.95,250501,1436.44,7815,115518.0,46.11,2026-08-03
RAMKY,EQ,03-Aug-2026,379.2,379.2,392.9,379.2,389.15,41901,162.29,1774,27105.0,64.69,2026-08-03
RAMRAT,EQ,03-Aug-2026,448.5,439.0,444.45,424.0,429.95,339219,1468.91,12530,169549.0,49.98,2026-08-03
RANASUG,EQ,03-Aug-2026,11.81,11.81,12.82,11.81,12.52,589199,73.57,2045,263994.0,44.81,2026-08-03
RANEHOLDIN,EQ,03-Aug-2026,1748.5,1759.9,1888.0,1745.0,1872.6,79892,1465.09,8397,40510.0,50.71,2026-08-03
RAPPID,SM,03-Aug-2026,327.55,322.75,325.1,315.0,325.0,10200,32.95,16,9000.0,88.24,2026-08-03
RATEGAIN,EQ,03-Aug-2026,918.4,929.0,978.9,927.0,965.4,757521,7277.69,27442,396644.0,52.36,2026-08-03
RATNAMANI,EQ,03-Aug-2026,2358.9,2373.0,2424.3,2358.9,2371.8,24944,596.35,5626,13380.0,53.64,2026-08-03
RATNAVEER,EQ,03-Aug-2026,181.38,184.99,212.2,184.43,205.79,39358650,80806.6,245834,3408272.0,8.66,2026-08-03
RAYMOND,EQ,03-Aug-2026,580.1,589.4,609.3,584.05,602.0,668558,4019.15,15953,317421.0,47.48,2026-08-03
RAYMONDLSL,EQ,03-Aug-2026,710.5,699.6,754.0,677.0,727.3,659709,4844.53,26114,302480.0,45.85,2026-08-03
RAYMONDREL,EQ,03-Aug-2026,643.1,650.0,677.85,646.35,669.75,300774,2009.48,8622,142130.0,47.25,2026-08-03
RBA,EQ,03-Aug-2026,66.64,67.0,71.4,67.0,70.76,5382951,3751.02,20708,3295085.0,61.21,2026-08-03
RBLBANK,EQ,03-Aug-2026,375.5,379.5,382.4,376.35,379.95,3413992,12930.32,43289,1784152.0,52.26,2026-08-03
RBMINFRA,SM,03-Aug-2026,264.8,270.0,272.9,261.0,266.45,15400,40.87,69,10400.0,67.53,2026-08-03
RBS,SM,03-Aug-2026,89.9,91.0,91.0,87.1,90.0,11200,9.89,12,9600.0,85.71,2026-08-03
RBZJEWEL,EQ,03-Aug-2026,148.98,149.0,153.8,148.5,152.54,102323,154.84,3943,56086.0,54.81,2026-08-03
RCDL,SM,03-Aug-2026,32.1,33.4,34.0,32.0,33.85,78000,26.07,24,72000.0,92.31,2026-08-03
RCF,EQ,03-Aug-2026,127.4,127.4,129.59,127.11,127.62,881041,1130.22,7226,332742.0,37.77,2026-08-03
RCOM,BE,03-Aug-2026,0.82,0.84,0.85,0.82,0.84,2049908,17.16,1809,,,2026-08-03
READYMIX,SM,03-Aug-2026,107.4,115.0,115.0,105.0,107.75,24000,26.13,24,6000.0,25.0,2026-08-03
RECLTD,EQ,03-Aug-2026,372.95,374.0,376.7,367.05,368.1,3512873,13045.61,30924,2043133.0,58.16,2026-08-03
REDINGTON,EQ,03-Aug-2026,321.65,320.5,357.8,319.5,347.85,69118282,238522.83,492929,6615573.0,9.57,2026-08-03
REDTAPE,EQ,03-Aug-2026,132.51,131.9,133.08,130.51,130.79,148310,195.01,2851,106185.0,71.6,2026-08-03
REFEX,EQ,03-Aug-2026,302.8,309.0,311.0,304.0,306.8,360544,1107.21,6252,155780.0,43.21,2026-08-03
REFRACTORY,SM,03-Aug-2026,26.5,25.75,26.0,25.75,26.0,2000,0.52,2,1000.0,50.0,2026-08-03
REGAAL,BE,03-Aug-2026,81.88,82.99,85.97,82.99,85.97,229882,195.93,793,,,2026-08-03
REGENCERAM,EQ,03-Aug-2026,32.92,32.01,34.9,31.0,32.9,6139,2.01,108,4316.0,70.3,2026-08-03
RELAXO,EQ,03-Aug-2026,403.95,405.0,414.7,403.05,408.7,208423,854.28,6840,63486.0,30.46,2026-08-03
RELCHEMQ,EQ,03-Aug-2026,123.03,122.1,127.5,122.1,124.83,2328,2.9,86,1075.0,46.18,2026-08-03
RELIABLE,EQ,03-Aug-2026,139.74,144.75,147.49,140.5,146.37,83363,120.66,1096,28238.0,33.87,2026-08-03
RELIANCE,EQ,03-Aug-2026,1307.8,1315.2,1319.0,1306.0,1319.0,7508023,98436.85,158782,4864043.0,64.78,2026-08-03
RELIGARE,EQ,03-Aug-2026,253.15,255.95,262.0,253.8,261.1,1464485,3776.75,12818,762106.0,52.04,2026-08-03
RELINFRA,BE,03-Aug-2026,60.04,63.04,63.04,63.04,63.04,214554,135.25,554,,,2026-08-03
RELTD,EQ,03-Aug-2026,167.98,169.87,170.79,164.5,166.81,255178,428.86,3536,140081.0,54.9,2026-08-03
REMSONSIND,EQ,03-Aug-2026,83.19,82.15,84.79,82.15,83.44,48460,40.51,965,25642.0,52.91,2026-08-03
REMUS,SM,03-Aug-2026,720.0,725.0,778.05,725.0,766.0,7600,57.32,58,5900.0,77.63,2026-08-03
RENUKA,EQ,03-Aug-2026,21.87,21.77,22.69,21.75,22.33,8155897,1823.99,12480,3545865.0,43.48,2026-08-03
REPCOHOME,EQ,03-Aug-2026,385.1,385.9,390.8,385.0,385.95,72642,281.65,2054,39844.0,54.85,2026-08-03
REPL,BE,03-Aug-2026,63.95,63.0,66.69,63.0,65.08,2281,1.48,50,,,2026-08-03
REPRO,EQ,03-Aug-2026,378.65,378.85,405.0,377.5,398.7,64234,252.27,1599,33465.0,52.1,2026-08-03
RESPONIND,EQ,03-Aug-2026,171.6,171.6,175.0,171.6,173.3,84594,146.5,1402,31437.0,37.16,2026-08-03
RETAIL,EQ,03-Aug-2026,16.48,16.56,17.4,16.01,16.57,3428,0.57,52,3098.0,90.37,2026-08-03
REXPRO,SM,03-Aug-2026,39.2,38.3,38.3,38.3,38.3,1000,0.38,1,1000.0,100.0,2026-08-03
RGL,EQ,03-Aug-2026,117.27,118.0,119.38,115.0,115.5,354917,416.52,2772,223992.0,63.11,2026-08-03
RHETAN,EQ,03-Aug-2026,30.67,31.22,31.5,31.1,31.12,6489222,2030.73,2881,822481.0,12.67,2026-08-03
RHFL,BZ,03-Aug-2026,1.94,1.93,1.94,1.85,1.88,2066881,38.57,1899,,,2026-08-03
RHIM,EQ,03-Aug-2026,388.55,390.0,419.35,390.0,412.25,1273074,5234.02,30763,388431.0,30.51,2026-08-03
RHL,EQ,03-Aug-2026,168.5,174.0,174.0,168.8,172.99,1708,2.93,121,781.0,45.73,2026-08-03
RICHA,ST,03-Aug-2026,90.0,90.0,90.0,89.0,89.0,2000,1.79,2,2000.0,100.0,2026-08-03
RICOAUTO,EQ,03-Aug-2026,141.77,142.5,146.73,141.45,142.07,1456704,2096.06,11951,516864.0,35.48,2026-08-03
RIIL,EQ,03-Aug-2026,742.6,747.0,755.05,740.1,746.85,45659,342.77,1687,17379.0,38.06,2026-08-03
RIIT,IV,03-Aug-2026,116.44,117.99,117.99,116.05,116.42,202730,236.56,6661,163100.0,80.45,2026-08-03
RILINFRA,SM,03-Aug-2026,38.75,38.85,39.5,38.3,38.75,6900,2.69,52,4200.0,60.87,2026-08-03
RIR,EQ,03-Aug-2026,158.93,161.95,163.44,157.17,159.25,117095,188.6,3052,62697.0,53.54,2026-08-03
RISHABH,EQ,03-Aug-2026,610.55,619.1,662.05,617.75,650.2,201022,1302.78,13064,93311.0,46.42,2026-08-03
RITCO,EQ,03-Aug-2026,291.7,295.7,306.0,293.0,301.25,268052,808.97,7677,112720.0,42.05,2026-08-03
RITES,EQ,03-Aug-2026,214.09,214.9,221.32,214.9,219.31,785441,1722.5,13629,289525.0,36.86,2026-08-03
RKDL,EQ,03-Aug-2026,19.74,19.8,19.8,18.5,19.14,18391,3.48,199,15774.0,85.77,2026-08-03
RKEC,EQ,03-Aug-2026,26.03,26.21,26.93,26.2,26.4,7602,2.02,62,5162.0,67.9,2026-08-03
RKFORGE,EQ,03-Aug-2026,651.15,659.7,684.7,642.35,681.15,3196714,21276.33,68718,1486345.0,46.5,2026-08-03
RKSWAMY,EQ,03-Aug-2026,102.39,102.39,104.38,101.02,101.98,43302,44.29,1201,24641.0,56.9,2026-08-03
RMC,EQ,03-Aug-2026,251.1,254.85,299.8,245.4,292.15,272852,773.71,8253,51192.0,18.76,2026-08-03
RMDRIP,BE,03-Aug-2026,18.95,18.8,18.94,18.5,18.62,135815,25.33,484,,,2026-08-03
RML,EQ,03-Aug-2026,1154.7,1174.7,1237.0,1162.4,1210.8,55286,666.36,6493,21646.0,39.15,2026-08-03
RNBDENIMS,EQ,03-Aug-2026,9.06,9.06,9.27,9.0,9.08,127399,11.65,600,93120.0,73.09,2026-08-03
RNFI,SM,03-Aug-2026,281.55,278.0,289.0,265.0,285.05,123600,345.93,111,92400.0,74.76,2026-08-03
RNPL,SM,03-Aug-2026,82.0,84.8,85.0,79.15,84.75,15600,12.86,12,14400.0,92.31,2026-08-03
ROCKINGDCE,SM,03-Aug-2026,188.0,182.1,182.1,177.1,181.0,1500,2.7,6,1250.0,83.33,2026-08-03
ROHLTD,EQ,03-Aug-2026,312.85,316.3,317.6,312.65,313.8,14282,44.99,500,10689.0,74.84,2026-08-03
ROLEXRINGS,EQ,03-Aug-2026,136.95,139.06,141.7,137.65,139.1,975005,1367.83,14255,534604.0,54.83,2026-08-03
ROLLT,BE,03-Aug-2026,2.46,2.58,2.58,2.58,2.58,99388,2.56,62,,,2026-08-03
ROML,EQ,03-Aug-2026,44.41,43.58,45.99,43.58,45.0,770,0.35,41,379.0,49.22,2026-08-03
ROSSARI,EQ,03-Aug-2026,504.3,505.95,511.0,500.6,508.25,57189,290.22,3648,31360.0,54.84,2026-08-03
ROSSELLIND,EQ,03-Aug-2026,57.55,59.79,60.4,57.71,58.74,26997,15.97,382,19426.0,71.96,2026-08-03
ROSSTECH,EQ,03-Aug-2026,954.1,975.95,1086.75,966.0,1067.1,1333256,14075.0,64988,321961.0,24.15,2026-08-03
ROTO,EQ,03-Aug-2026,67.47,67.99,68.45,67.1,67.48,233785,158.59,2240,100089.0,42.81,2026-08-03
ROUTE,EQ,03-Aug-2026,540.0,540.0,549.5,531.1,537.05,488967,2648.55,15246,141793.0,29.0,2026-08-03
ROXHITECH,SM,03-Aug-2026,47.25,49.55,49.55,46.5,46.55,24000,11.32,15,19200.0,80.0,2026-08-03
ROYALARC,SM,03-Aug-2026,148.0,148.0,148.0,148.0,148.0,1200,1.78,1,1200.0,100.0,2026-08-03
RPEL,EQ,03-Aug-2026,1216.3,1215.0,1272.0,1208.1,1245.6,50178,625.76,6425,20802.0,41.46,2026-08-03
RPGLIFE,EQ,03-Aug-2026,2768.2,2780.0,2819.5,2727.3,2756.8,14650,407.42,2281,5982.0,40.83,2026-08-03
RPOWER,EQ,03-Aug-2026,23.41,23.56,24.57,23.56,23.87,31020819,7501.07,47397,9439719.0,30.43,2026-08-03
RPPINFRA,EQ,03-Aug-2026,60.16,59.1,61.19,59.1,59.93,33550,20.23,641,23831.0,71.03,2026-08-03
RPPL,EQ,03-Aug-2026,21.12,21.89,22.44,21.08,22.33,92204,20.31,543,68601.0,74.4,2026-08-03
RPSGVENT,EQ,03-Aug-2026,935.25,931.0,964.85,931.0,952.3,32582,309.13,1651,18819.0,57.76,2026-08-03
RPTECH,EQ,03-Aug-2026,833.55,840.0,889.0,822.05,883.65,1212672,10510.39,44857,545106.0,44.95,2026-08-03
RRIL,EQ,03-Aug-2026,17.35,17.69,17.69,17.0,17.37,6589,1.13,74,6396.0,97.07,2026-08-03
RRKABEL,EQ,03-Aug-2026,2602.8,2634.0,2656.0,2605.1,2631.9,287192,7558.54,25752,145154.0,50.54,2026-08-03
RSDFIN,EQ,03-Aug-2026,110.74,112.0,132.88,101.15,132.88,156670,194.22,2464,30047.0,19.18,2026-08-03
RSL,EQ,03-Aug-2026,141.03,143.0,143.99,140.9,142.89,1421684,2020.86,4619,1008229.0,70.92,2026-08-03
RSSOFTWARE,BE,03-Aug-2026,30.3,31.0,31.4,30.0,30.68,10487,3.21,109,,,2026-08-03
RSWM,BE,03-Aug-2026,214.57,214.0,225.29,213.0,224.76,183073,409.46,1261,,,2026-08-03
RSYSTEMS,EQ,03-Aug-2026,262.46,264.2,275.4,262.15,273.8,477441,1289.89,16613,242407.0,50.77,2026-08-03
RTNINDIA,EQ,03-Aug-2026,31.34,31.34,33.35,31.34,33.11,2634603,861.98,7146,992562.0,37.67,2026-08-03
RTNPOWER,EQ,03-Aug-2026,8.71,8.75,8.95,8.67,8.8,18178783,1602.1,15015,6563561.0,36.11,2026-08-03
RUBFILA,EQ,03-Aug-2026,71.25,71.25,72.24,71.0,71.45,11099,7.93,475,6963.0,62.74,2026-08-03
RUBICON,EQ,03-Aug-2026,1491.0,1501.2,1530.0,1490.0,1500.8,93519,1411.73,9840,46439.0,49.66,2026-08-03
RUBYMILLS,BE,03-Aug-2026,373.0,382.0,382.0,368.0,369.75,15691,58.6,219,,,2026-08-03
RUCHINFRA,EQ,03-Aug-2026,5.88,5.94,5.94,5.73,5.89,40821,2.39,207,33279.0,81.52,2026-08-03
RUCHIRA,EQ,03-Aug-2026,108.24,109.32,109.8,107.63,108.09,37111,40.21,620,23147.0,62.37,2026-08-03
RUDRA,EQ,03-Aug-2026,17.27,17.73,18.99,17.02,18.06,89942,16.15,301,46349.0,51.53,2026-08-03
RULKA,SM,03-Aug-2026,112.95,109.05,112.0,109.0,111.25,3900,4.28,10,3600.0,92.31,2026-08-03
RUPA,EQ,03-Aug-2026,161.05,161.9,164.54,161.32,163.63,99599,162.52,2960,49165.0,49.36,2026-08-03
RUSHIL,EQ,03-Aug-2026,17.23,17.84,17.84,16.81,16.99,538624,92.96,1409,327368.0,60.78,2026-08-03
RUSTOMJEE,EQ,03-Aug-2026,399.85,405.85,407.6,395.4,396.8,48605,194.07,2598,31462.0,64.73,2026-08-03
RVHL,EQ,03-Aug-2026,44.93,45.8,46.47,45.0,45.97,13469,6.17,79,9704.0,72.05,2026-08-03
RVNL,EQ,03-Aug-2026,225.48,225.7,234.7,225.7,232.9,8366055,19348.26,55175,2847301.0,34.03,2026-08-03
RVTH,EQ,03-Aug-2026,700.45,712.5,721.0,700.0,706.65,769,5.46,46,734.0,95.45,2026-08-03
S&SPOWER,EQ,03-Aug-2026,318.45,316.9,334.35,316.1,334.35,3578,11.94,62,2872.0,80.27,2026-08-03
SAAKSHI,ST,03-Aug-2026,295.55,299.95,307.95,295.55,305.0,11400,34.36,14,11400.0,100.0,2026-08-03
SAATVIKGL,EQ,03-Aug-2026,433.55,433.55,442.0,433.55,437.8,36670,160.63,1853,18146.0,49.48,2026-08-03
SABAR,SM,03-Aug-2026,6.35,6.05,6.6,6.05,6.45,55000,3.54,7,55000.0,100.0,2026-08-03
SABEVENTS,EQ,03-Aug-2026,6.02,6.02,6.32,6.02,6.32,12593,0.79,47,12090.0,96.01,2026-08-03
SACHEEROME,SM,03-Aug-2026,423.8,428.9,439.0,410.25,416.2,20400,86.61,58,16500.0,80.88,2026-08-03
SADBHAV,EQ,03-Aug-2026,9.08,9.08,9.08,8.63,8.64,351653,30.73,1068,226891.0,64.52,2026-08-03
SADBHIN,BE,03-Aug-2026,2.64,2.63,2.67,2.51,2.52,288658,7.48,260,,,2026-08-03
SADHAV,SM,03-Aug-2026,119.9,119.5,120.5,119.5,120.15,4800,5.76,8,3000.0,62.5,2026-08-03
SADHNANIQ,BE,03-Aug-2026,2.66,2.79,2.79,2.71,2.79,1776535,49.41,488,,,2026-08-03
SAFARI,EQ,03-Aug-2026,1559.6,1559.7,1588.9,1504.0,1548.1,153429,2350.87,24699,98485.0,64.19,2026-08-03
SAFEENTP,SM,03-Aug-2026,247.5,260.0,263.0,252.0,261.6,37500,97.09,61,26500.0,70.67,2026-08-03
SAGARDEEP,EQ,03-Aug-2026,24.24,25.44,25.44,24.24,24.49,3300,0.81,60,2656.0,80.48,2026-08-03
SAGCEM,EQ,03-Aug-2026,173.96,174.49,176.39,171.21,172.67,37113,64.69,1178,24109.0,64.96,2026-08-03
SAGILITY,EQ,03-Aug-2026,43.4,43.5,44.58,43.11,43.88,18555073,8156.2,38192,8504889.0,45.84,2026-08-03
SAHAJSOLAR,SM,03-Aug-2026,114.85,114.85,119.95,114.85,115.6,8400,9.82,21,5600.0,66.67,2026-08-03
SAHANA,SM,03-Aug-2026,844.5,849.5,860.0,829.0,831.6,17400,145.89,63,11400.0,65.52,2026-08-03
SAHASRA,ST,03-Aug-2026,310.25,314.45,325.75,310.0,325.75,28400,91.07,63,28000.0,98.59,2026-08-03
SAHLIBHFI,EQ,03-Aug-2026,78.09,81.0,81.0,78.46,78.52,330,0.26,13,326.0,98.79,2026-08-03
SAHYADRI,EQ,03-Aug-2026,303.6,314.0,332.85,313.75,326.9,34936,113.33,1778,20691.0,59.23,2026-08-03
SAIFL,SM,03-Aug-2026,5.05,5.1,5.1,5.0,5.05,340000,17.16,67,212000.0,62.35,2026-08-03
SAIL,EQ,03-Aug-2026,169.03,170.6,172.7,165.0,165.0,12154369,20698.58,72850,5825260.0,47.93,2026-08-03
SAILIFE,EQ,03-Aug-2026,1315.1,1325.0,1350.0,1315.2,1333.4,316024,4231.87,18962,152732.0,48.33,2026-08-03
SAIPARENT,EQ,03-Aug-2026,547.5,551.7,560.0,546.0,554.55,73640,408.07,3807,36947.0,50.17,2026-08-03
SAJHOTELS,ST,03-Aug-2026,35.0,36.0,36.75,33.25,36.75,78000,27.58,30,72000.0,92.31,2026-08-03
SAKAR,EQ,03-Aug-2026,885.25,908.7,944.0,894.05,922.5,181604,1671.44,11555,85089.0,46.85,2026-08-03
SAKHTISUG,EQ,03-Aug-2026,16.89,17.15,17.5,17.0,17.44,115918,20.1,526,70893.0,61.16,2026-08-03
SAKSOFT,EQ,03-Aug-2026,169.3,171.8,177.39,170.0,176.57,1129208,1981.7,13837,323390.0,28.64,2026-08-03
SAKUMA,EQ,03-Aug-2026,1.64,1.63,1.67,1.63,1.64,629153,10.37,1024,505506.0,80.35,2026-08-03
SALASAR,EQ,03-Aug-2026,5.84,5.88,6.03,5.86,5.9,4405746,261.42,3136,2324792.0,52.77,2026-08-03
SALONA,EQ,03-Aug-2026,243.9,244.02,252.96,243.9,248.06,965,2.39,47,597.0,61.87,2026-08-03
SALSTEEL,EQ,03-Aug-2026,57.56,58.92,58.92,56.11,57.69,71609,41.38,520,33014.0,46.1,2026-08-03
SALZERELEC,EQ,03-Aug-2026,581.9,589.4,596.7,586.4,591.3,41938,248.15,2140,25765.0,61.44,2026-08-03
SAMBHAAV,EQ,03-Aug-2026,6.36,6.55,6.82,6.39,6.58,21777,1.43,65,12869.0,59.09,2026-08-03
SAMBHV,EQ,03-Aug-2026,120.06,122.07,123.55,119.0,119.96,1664182,2022.3,9169,876488.0,52.67,2026-08-03
SAMHI,EQ,03-Aug-2026,179.84,179.9,184.75,178.32,181.68,777492,1412.74,11332,448572.0,57.69,2026-08-03
SAMMAANCAP,EQ,03-Aug-2026,162.43,163.0,166.1,160.63,161.08,6896585,11289.82,29544,3352731.0,48.61,2026-08-03
SAMPANN,EQ,03-Aug-2026,26.56,26.82,27.69,26.82,27.14,19084,5.23,113,18313.0,95.96,2026-08-03
SANATHAN,EQ,03-Aug-2026,474.95,477.5,494.0,467.0,484.8,74544,355.34,2723,35131.0,47.13,2026-08-03
SANDESH,EQ,03-Aug-2026,978.15,978.15,992.0,973.0,989.6,501,4.93,94,368.0,73.45,2026-08-03
SANDHAR,EQ,03-Aug-2026,626.8,632.8,658.0,620.6,647.95,597937,3857.05,19749,270392.0,45.22,2026-08-03
SANDUMA,EQ,03-Aug-2026,212.84,214.0,215.86,210.5,212.05,507588,1079.25,7283,242735.0,47.82,2026-08-03
SANGAMIND,EQ,03-Aug-2026,609.9,620.0,622.6,602.8,609.5,20611,126.2,1733,11872.0,57.6,2026-08-03
SANGANI,SM,03-Aug-2026,44.85,44.4,44.4,44.4,44.4,12000,5.33,2,12000.0,100.0,2026-08-03
SANGHVIMOV,EQ,03-Aug-2026,409.8,414.95,457.0,412.55,437.5,1799166,8037.2,43130,452732.0,25.16,2026-08-03
SANGINITA,BE,03-Aug-2026,65.36,64.06,64.06,64.06,64.06,103800,66.49,95,,,2026-08-03
SANOFI,EQ,03-Aug-2026,3318.0,3330.0,3407.5,3330.0,3381.8,60108,2031.83,9656,36932.0,61.44,2026-08-03
SANOFICONR,EQ,03-Aug-2026,4611.2,4619.0,4659.0,4515.0,4539.5,4422,201.66,1262,2254.0,50.97,2026-08-03
SANSERA,EQ,03-Aug-2026,3346.9,3378.0,3471.0,3358.3,3452.7,174571,5990.33,18693,87196.0,49.95,2026-08-03
SANSTAR,EQ,03-Aug-2026,111.75,115.0,123.99,115.0,116.85,2123607,2552.88,18223,414991.0,19.54,2026-08-03
SANWARIA,BZ,03-Aug-2026,0.2,0.2,0.21,0.2,0.2,483800,0.99,176,,,2026-08-03
SAPPHIRE,EQ,03-Aug-2026,185.11,184.75,188.5,182.06,187.48,464853,864.82,11065,180380.0,38.8,2026-08-03
SAPPL,EQ,03-Aug-2026,289.65,285.25,295.0,281.9,287.45,983,2.82,53,821.0,83.52,2026-08-03
SARDAEN,EQ,03-Aug-2026,516.6,523.0,538.0,515.2,516.2,542580,2823.36,16187,239352.0,44.11,2026-08-03
SAREGAMA,EQ,03-Aug-2026,522.85,522.85,532.9,508.1,514.2,363206,1898.66,14161,151559.0,41.73,2026-08-03
SARLAPOLY,EQ,03-Aug-2026,98.87,98.4,102.5,98.21,101.51,41222,41.58,867,25968.0,63.0,2026-08-03
SARTELE,SM,03-Aug-2026,121.05,122.0,122.55,120.0,120.25,44500,53.88,80,24500.0,55.06,2026-08-03
SARVESHWAR,EQ,03-Aug-2026,3.38,3.46,3.5,3.36,3.38,1074130,36.58,1824,942050.0,87.7,2026-08-03
SASKEN,EQ,03-Aug-2026,1811.8,1902.3,1902.3,1902.3,1902.3,7255,138.01,249,7238.0,99.77,2026-08-03
SATECH,SM,03-Aug-2026,34.55,36.1,36.1,36.1,36.1,1000,0.36,1,1000.0,100.0,2026-08-03
SATIA,EQ,03-Aug-2026,61.75,61.75,63.15,61.03,62.5,49149,30.76,571,32389.0,65.9,2026-08-03
SATIN,EQ,03-Aug-2026,239.81,239.0,240.0,230.2,230.7,1031247,2412.7,15942,461984.0,44.8,2026-08-03
SATIPOLY,ST,03-Aug-2026,40.95,41.5,42.9,41.5,42.9,1000,0.42,2,1000.0,100.0,2026-08-03
SATKARTAR,SM,03-Aug-2026,129.05,128.0,135.25,127.0,133.3,34400,45.47,41,24000.0,69.77,2026-08-03
SATTVAENGG,SM,03-Aug-2026,83.7,84.05,84.2,84.0,84.2,8000,6.73,5,8000.0,100.0,2026-08-03
SAURASHCEM,EQ,03-Aug-2026,60.38,60.0,61.9,59.31,60.14,124767,74.86,2140,61510.0,49.3,2026-08-03
SAVY,SM,03-Aug-2026,121.0,121.0,121.0,118.0,118.45,6000,7.14,5,4800.0,80.0,2026-08-03
SAWALIYA,SM,03-Aug-2026,292.6,293.0,297.0,280.0,294.15,65400,191.21,50,25200.0,38.53,2026-08-03
SAYAJIHOTL,EQ,03-Aug-2026,290.25,304.75,304.75,296.0,304.75,700,2.12,33,649.0,92.71,2026-08-03
SBC,EQ,03-Aug-2026,42.01,42.26,42.4,40.61,41.99,7304193,3078.47,3749,3158034.0,43.24,2026-08-03
SBCL,EQ,03-Aug-2026,749.45,752.9,769.4,747.0,763.45,213225,1622.4,14692,116037.0,54.42,2026-08-03
SBFC,EQ,03-Aug-2026,90.4,90.4,92.35,90.26,92.08,1319954,1210.57,9787,778769.0,59.0,2026-08-03
SBGLP,EQ,03-Aug-2026,25.44,25.44,26.99,25.0,25.55,31067,7.91,182,23690.0,76.25,2026-08-03
SBIBPB,EQ,03-Aug-2026,48.08,48.68,49.41,48.21,48.98,111890,54.89,609,66812.0,59.71,2026-08-03
SBICARD,EQ,03-Aug-2026,660.15,661.0,674.2,658.45,665.05,816319,5453.88,25820,334426.0,40.97,2026-08-03
SBIETFCON,EQ,03-Aug-2026,124.87,124.7,127.15,122.0,124.4,9780,12.29,224,8456.0,86.46,2026-08-03
SBIETFIT,EQ,03-Aug-2026,340.51,340.51,352.0,336.0,349.87,19113,66.47,408,11563.0,60.5,2026-08-03
SBIETFPB,EQ,03-Aug-2026,280.43,285.48,285.48,281.92,283.58,33884,95.99,119,32956.0,97.26,2026-08-03
SBIETFQLTY,EQ,03-Aug-2026,225.59,225.74,227.85,225.74,226.27,2673,6.06,89,2089.0,78.15,2026-08-03
SBIFUNDS,EQ,03-Aug-2026,589.15,591.0,592.9,583.2,588.05,2624696,15415.04,49498,1488273.0,56.7,2026-08-03
SBILIFE,EQ,03-Aug-2026,1882.0,1899.0,1915.0,1882.8,1915.0,885610,16852.16,38971,596098.0,67.31,2026-08-03
SBILIQETF,EQ,03-Aug-2026,1050.07,1050.19,1050.21,1050.19,1050.21,15826,166.21,49,9783.0,61.82,2026-08-03
SBIMIDMOM,EQ,03-Aug-2026,62.84,62.84,63.55,62.84,63.25,7784,4.93,119,7543.0,96.9,2026-08-03
SBIN,EQ,03-Aug-2026,1027.4,1035.0,1051.5,1031.6,1045.0,10507450,109485.08,167075,6160621.0,58.63,2026-08-03
SBINEQWETF,EQ,03-Aug-2026,33.84,34.0,34.35,33.73,34.25,92053,31.45,381,71331.0,77.49,2026-08-03
SBINMID150,EQ,03-Aug-2026,23.23,23.64,23.7,23.23,23.43,12408,2.91,182,8709.0,70.19,2026-08-03
SBISILVER,EQ,03-Aug-2026,211.64,212.0,213.39,211.09,211.66,613860,1302.07,6679,323921.0,52.77,2026-08-03
SBISMLETF,EQ,03-Aug-2026,17.88,18.2,18.35,17.88,18.17,29714,5.4,226,23818.0,80.16,2026-08-03
SBIVALETF,EQ,03-Aug-2026,14.97,15.04,15.16,15.04,15.11,5548,0.84,42,4704.0,84.79,2026-08-03
SCANSTL,BE,03-Aug-2026,62.72,59.6,62.5,59.59,59.61,124863,75.17,412,,,2026-08-03
SCHAEFFLER,EQ,03-Aug-2026,4079.2,4079.2,4138.4,3978.5,4069.2,35057,1436.78,6461,19580.0,55.85,2026-08-03
SCHAND,EQ,03-Aug-2026,142.74,146.0,146.61,143.04,144.7,24392,35.35,991,14853.0,60.89,2026-08-03
SCHNEIDER,EQ,03-Aug-2026,1355.3,1370.0,1378.5,1339.5,1346.1,198032,2686.58,17894,97623.0,49.3,2026-08-03
SCI,EQ,03-Aug-2026,291.45,294.0,295.75,290.7,292.65,1989074,5830.92,25131,980016.0,49.27,2026-08-03
SCILAL,EQ,03-Aug-2026,41.19,41.21,42.5,41.21,41.89,203515,85.34,1154,118601.0,58.28,2026-08-03
SCML,SM,03-Aug-2026,81.05,80.0,83.95,79.0,81.95,63000,51.38,30,8000.0,12.7,2026-08-03
SCODATUBES,EQ,03-Aug-2026,146.4,147.0,151.97,146.22,150.82,166875,250.53,2092,96920.0,58.08,2026-08-03
SCPL,EQ,03-Aug-2026,615.0,619.0,648.0,619.0,638.6,137704,874.53,5539,55939.0,40.62,2026-08-03
SDBL,EQ,03-Aug-2026,71.91,72.15,72.69,71.01,71.41,382704,275.33,3911,189266.0,49.45,2026-08-03
SDREAMS,SM,03-Aug-2026,88.0,88.0,88.0,88.0,88.0,1000,0.88,1,1000.0,100.0,2026-08-03
SEAMECLTD,EQ,03-Aug-2026,1462.3,1498.0,1520.0,1430.0,1457.2,81786,1195.94,5940,45922.0,56.15,2026-08-03
SECL,SZ,03-Aug-2026,2.85,2.75,2.75,2.75,2.75,12500,0.34,2,12500.0,100.0,2026-08-03
SECMARK,EQ,03-Aug-2026,127.0,127.63,127.7,122.0,124.46,1074,1.32,30,816.0,75.98,2026-08-03
SECURKLOUD,EQ,03-Aug-2026,18.07,18.0,18.0,17.52,17.83,14675,2.61,110,9978.0,67.99,2026-08-03
SEDEMAC,EQ,03-Aug-2026,2684.4,2749.3,2900.0,2697.8,2752.1,353233,9920.21,38374,155616.0,44.05,2026-08-03
SEIL,EQ,03-Aug-2026,205.09,207.62,209.78,204.5,205.0,480068,991.32,5619,391486.0,81.55,2026-08-03
SEJALLTD,BE,03-Aug-2026,755.25,721.0,790.1,717.5,742.55,21053,153.99,488,,,2026-08-03
SEL,SM,03-Aug-2026,226.35,247.0,247.5,234.9,247.5,4400,10.7,9,4200.0,95.45,2026-08-03
SELECTIPO,EQ,03-Aug-2026,46.91,47.85,47.85,47.22,47.57,75449,35.87,176,57578.0,76.31,2026-08-03
SELMC,EQ,03-Aug-2026,27.7,28.1,28.3,27.42,27.47,8110,2.24,99,7929.0,97.77,2026-08-03
SEMAC,BE,03-Aug-2026,311.4,312.0,323.85,305.1,311.7,1402,4.5,22,,,2026-08-03
SENCO,EQ,03-Aug-2026,403.2,408.9,408.9,366.5,388.1,1410396,5551.5,31088,606204.0,42.98,2026-08-03
SENORES,EQ,03-Aug-2026,1305.7,1326.6,1364.4,1312.1,1355.3,198818,2684.59,15825,93928.0,47.24,2026-08-03
SENSEXADD,EQ,03-Aug-2026,80.36,78.35,81.32,78.35,81.11,1702,1.38,38,1392.0,81.79,2026-08-03
SENSEXAXIS,EQ,03-Aug-2026,81.07,82.69,82.7,80.01,81.0,3300,2.69,129,2425.0,73.48,2026-08-03
SENSEXBETA,EQ,03-Aug-2026,863.29,866.0,876.0,860.05,864.44,1579,13.75,298,1264.0,80.05,2026-08-03
SENSEXETF,EQ,03-Aug-2026,80.45,80.8,81.69,80.8,81.25,48270,39.18,301,45589.0,94.45,2026-08-03
SENSEXIETF,EQ,03-Aug-2026,896.51,901.1,905.9,884.41,898.76,27386,246.86,722,20272.0,74.02,2026-08-03
SEPC,EQ,03-Aug-2026,5.92,6.0,6.04,5.96,6.02,6046035,363.48,3544,3612924.0,59.76,2026-08-03
SERVICE,SM,03-Aug-2026,62.05,62.0,62.15,61.0,61.0,18000,11.07,8,10000.0,55.56,2026-08-03
SERVOTECH,EQ,03-Aug-2026,85.88,87.1,87.96,84.81,85.75,853663,733.18,7665,422939.0,49.54,2026-08-03
SESHAPAPER,EQ,03-Aug-2026,243.11,243.0,245.0,234.2,237.87,126507,300.95,2808,67402.0,53.28,2026-08-03
SETCO,BE,03-Aug-2026,17.7,17.75,17.94,17.75,17.9,61831,11.07,123,,,2026-08-03
SETF10GILT,EQ,03-Aug-2026,264.42,264.42,265.82,263.27,263.97,6833,18.09,76,4200.0,61.47,2026-08-03
SETFGOLD,EQ,03-Aug-2026,120.84,123.86,123.86,120.59,121.03,7727223,9349.94,18633,5737784.0,74.25,2026-08-03
SETFNIF50,EQ,03-Aug-2026,262.43,263.7,265.0,263.4,264.58,1715511,4532.89,7536,1466738.0,85.5,2026-08-03
SETFNIFBK,EQ,03-Aug-2026,588.0,588.4,595.3,588.4,594.08,282537,1680.13,1770,262100.0,92.77,2026-08-03
SETFNN50,EQ,03-Aug-2026,789.27,793.0,798.0,793.0,795.3,28634,227.84,2138,18722.0,65.38,2026-08-03
SETL,EQ,03-Aug-2026,275.1,276.95,282.7,275.3,278.55,223337,623.58,8653,126081.0,56.45,2026-08-03
SETUINFRA,BZ,03-Aug-2026,0.41,0.41,0.43,0.41,0.42,15826,0.07,29,,,2026-08-03
SEYAIND,BE,03-Aug-2026,12.35,12.36,12.55,12.11,12.25,34977,4.34,50,,,2026-08-03
SFL,EQ,03-Aug-2026,783.8,784.05,797.0,784.05,790.75,92503,731.01,6213,60823.0,65.75,2026-08-03
SFML,SM,03-Aug-2026,23.05,22.2,24.5,22.0,22.8,48000,10.93,20,36800.0,76.67,2026-08-03
SGBAPR28I,GB,03-Aug-2026,14236.65,14387.0,14387.0,14208.18,14225.78,427,60.89,62,341.0,79.86,2026-08-03
SGBAUG27,GB,03-Aug-2026,14301.0,14300.0,14300.0,14250.0,14295.0,13,1.86,7,13.0,100.0,2026-08-03
SGBAUG28V,GB,03-Aug-2026,14256.57,14269.99,14270.0,14201.0,14210.63,714,101.61,103,456.0,63.87,2026-08-03
SGBAUG29V,GB,03-Aug-2026,14251.17,14250.0,14388.99,14215.01,14235.16,213,30.37,39,175.0,82.16,2026-08-03
SGBAUG30,GB,03-Aug-2026,14297.67,14369.16,14499.99,14311.0,14373.28,182,26.17,41,139.0,76.37,2026-08-03
SGBD29VIII,GB,03-Aug-2026,14312.37,14300.0,14360.0,14175.01,14210.0,69,9.82,31,57.0,82.61,2026-08-03
SGBDC27VII,GB,03-Aug-2026,14142.97,14142.97,14142.97,14142.97,14142.97,1,0.14,1,1.0,100.0,2026-08-03
SGBDE30III,GB,03-Aug-2026,14282.03,14305.01,14448.99,14305.01,14350.0,102,14.65,45,87.0,85.29,2026-08-03
SGBDE31III,GB,03-Aug-2026,14514.87,14514.0,14699.0,14450.0,14535.26,1220,177.18,255,769.0,63.03,2026-08-03
SGBFEB28IX,GB,03-Aug-2026,14200.0,14032.0,14032.0,14032.0,14032.0,3,0.42,1,3.0,100.0,2026-08-03
SGBFEB29XI,GB,03-Aug-2026,14202.52,14205.0,14249.0,14202.52,14209.15,34,4.84,16,24.0,70.59,2026-08-03
SGBFEB32IV,GB,03-Aug-2026,14601.83,14674.84,14899.0,14501.0,14640.14,1201,175.83,271,860.0,71.61,2026-08-03
SGBJAN27,GB,03-Aug-2026,14100.0,14010.01,14220.0,14010.01,14220.0,18,2.55,6,14.0,77.78,2026-08-03
SGBJAN29IX,GB,03-Aug-2026,14148.0,14094.0,14248.99,14061.0,14175.08,88,12.47,25,62.0,70.45,2026-08-03
SGBJAN29X,GB,03-Aug-2026,14144.5,14285.94,14285.94,14132.0,14178.18,45,6.38,19,39.0,86.67,2026-08-03
SGBJAN30IX,GB,03-Aug-2026,14199.0,14105.01,14321.98,14105.01,14290.0,332,47.19,59,183.0,55.12,2026-08-03
SGBJU29III,GB,03-Aug-2026,14118.07,14200.0,14205.42,14135.01,14200.0,81,11.49,23,64.0,79.01,2026-08-03
SGBJUL27,GB,03-Aug-2026,14099.0,14100.0,14100.0,14100.0,14100.0,7,0.99,3,7.0,100.0,2026-08-03
SGBJUL28IV,GB,03-Aug-2026,14113.63,14125.0,14176.0,14115.0,14159.99,153,21.65,53,147.0,96.08,2026-08-03
SGBJUL29IV,GB,03-Aug-2026,14108.04,14110.01,14298.0,14108.0,14247.38,389,55.23,63,262.0,67.35,2026-08-03
SGBJUN28,GB,03-Aug-2026,14093.0,13852.0,14197.99,13852.0,14159.91,296,41.85,45,201.0,67.91,2026-08-03
SGBJUN29II,GB,03-Aug-2026,14119.6,14121.0,14200.0,14121.0,14190.2,162,22.92,33,123.0,75.93,2026-08-03
SGBJUN30,GB,03-Aug-2026,14204.5,14250.0,14370.98,14220.0,14234.96,250,35.66,69,184.0,73.6,2026-08-03
SGBJUN31I,GB,03-Aug-2026,14492.46,14492.46,14697.86,14435.0,14437.67,475,68.86,164,273.0,57.47,2026-08-03
SGBMAR28X,GB,03-Aug-2026,14150.0,13796.25,14170.0,13796.25,14170.0,10,1.41,6,8.0,80.0,2026-08-03
SGBMAR30X,GB,03-Aug-2026,14219.05,14126.0,14398.8,14126.0,14257.83,125,17.81,43,89.0,71.2,2026-08-03
SGBMAR31IV,GB,03-Aug-2026,14450.0,14450.0,14589.98,14435.0,14452.36,245,35.41,85,167.0,68.16,2026-08-03
SGBMAY28,GB,03-Aug-2026,14109.37,14190.0,14190.0,14143.5,14149.89,101,14.32,30,88.0,87.13,2026-08-03
SGBMAY29I,GB,03-Aug-2026,14151.29,14160.0,14320.98,14160.0,14183.79,308,43.69,75,216.0,70.13,2026-08-03
SGBMR29XII,GB,03-Aug-2026,14183.6,14183.6,14249.97,14183.6,14208.12,100,14.2,29,91.0,91.0,2026-08-03
SGBN28VIII,GB,03-Aug-2026,14125.37,14131.0,14250.0,14131.0,14158.1,272,38.7,40,226.0,83.09,2026-08-03
SGBNOV26,GB,03-Aug-2026,14250.0,14005.01,14200.0,14005.01,14200.0,15,2.13,4,14.0,93.33,2026-08-03
SGBNV29VII,GB,03-Aug-2026,14154.58,14051.0,14250.0,14051.0,14159.18,87,12.33,37,60.0,68.97,2026-08-03
SGBOC28VII,GB,03-Aug-2026,14130.0,14200.0,14240.0,14180.01,14180.01,111,15.76,20,100.0,90.09,2026-08-03
SGBSEP27,GB,03-Aug-2026,14120.0,14150.0,14200.0,14150.0,14200.0,21,2.97,2,21.0,100.0,2026-08-03
SGBSEP28VI,GB,03-Aug-2026,14160.59,14160.59,14250.0,14160.59,14206.83,102,14.49,21,92.0,90.2,2026-08-03
SGBSEP29VI,GB,03-Aug-2026,14191.64,14191.64,14299.99,14150.0,14208.3,201,28.59,49,154.0,76.62,2026-08-03
SGBSEP31II,GB,03-Aug-2026,14455.04,14500.0,14539.99,14325.0,14469.69,773,111.83,125,527.0,68.18,2026-08-03
SGFIN,EQ,03-Aug-2026,682.25,686.0,713.85,680.7,702.6,367008,2574.24,11792,169330.0,46.14,2026-08-03
SGIL,EQ,03-Aug-2026,602.5,615.0,625.3,590.0,592.2,8367,50.09,373,5887.0,70.36,2026-08-03
SGL,EQ,03-Aug-2026,9.82,10.02,10.12,9.7,9.88,1960,0.19,39,1288.0,65.71,2026-08-03
SGMART,EQ,03-Aug-2026,697.35,705.0,707.0,685.1,699.25,229145,1609.58,11456,116606.0,50.89,2026-08-03
SHADOWFAX,EQ,03-Aug-2026,242.9,253.09,261.5,237.15,240.78,29699377,72908.27,261719,9679122.0,32.59,2026-08-03
SHAH,EQ,03-Aug-2026,3.84,3.96,4.08,3.92,4.01,1845572,73.75,1857,1261070.0,68.33,2026-08-03
SHAHALLOYS,EQ,03-Aug-2026,66.5,68.0,68.0,66.1,67.44,696,0.47,26,524.0,75.29,2026-08-03
SHAILY,EQ,03-Aug-2026,3061.4,3065.0,3096.6,3034.8,3056.0,104738,3215.94,13072,54366.0,51.91,2026-08-03
SHAKTIPUMP,EQ,03-Aug-2026,520.4,525.5,526.95,517.05,518.8,540773,2823.75,19131,266683.0,49.32,2026-08-03
SHALBY,EQ,03-Aug-2026,161.3,161.9,166.04,161.9,163.84,55574,91.36,1387,34007.0,61.19,2026-08-03
SHALPAINTS,EQ,03-Aug-2026,66.68,67.68,80.01,67.68,80.01,4518150,3474.37,21119,1530682.0,33.88,2026-08-03
SHANKARA,EQ,03-Aug-2026,141.87,143.3,144.9,141.1,141.92,608991,865.09,1411,541181.0,88.87,2026-08-03
SHANTI,EQ,03-Aug-2026,6.67,6.87,7.5,6.67,6.9,35474,2.48,116,28267.0,79.68,2026-08-03
SHANTIGEAR,EQ,03-Aug-2026,412.3,414.8,421.05,413.0,415.0,13852,57.85,739,8052.0,58.13,2026-08-03
SHANTIGOLD,EQ,03-Aug-2026,217.41,225.0,225.0,218.8,219.61,632489,1401.07,7559,374695.0,59.24,2026-08-03
SHARDACROP,EQ,03-Aug-2026,819.75,825.0,849.0,817.1,826.15,354204,2957.36,16208,184447.0,52.07,2026-08-03
SHARDAMOTR,EQ,03-Aug-2026,871.3,871.3,916.0,871.3,912.3,93432,842.7,7902,47969.0,51.34,2026-08-03
SHARDUL,BE,03-Aug-2026,41.51,39.44,43.58,39.44,43.58,43976,17.93,159,,,2026-08-03
SHAREINDIA,EQ,03-Aug-2026,178.48,178.7,182.07,177.07,180.74,406589,729.53,4564,131604.0,32.37,2026-08-03
SHARIABEES,EQ,03-Aug-2026,470.54,475.25,478.28,470.0,474.65,10908,51.73,935,7122.0,65.29,2026-08-03
SHBAJRG,EQ,03-Aug-2026,181.2,177.2,190.0,177.0,187.98,8565,15.91,207,8021.0,93.65,2026-08-03
SHEEL,ST,03-Aug-2026,68.0,68.5,68.5,68.5,68.5,4000,2.74,2,4000.0,100.0,2026-08-03
SHEETAL,SM,03-Aug-2026,294.75,295.5,295.9,295.5,295.9,1000,2.96,2,500.0,50.0,2026-08-03
SHEKHAWATI,EQ,03-Aug-2026,12.56,12.56,13.8,12.51,13.59,40983,5.49,214,37191.0,90.75,2026-08-03
SHEMAROO,BE,03-Aug-2026,117.5,117.5,120.1,117.0,117.99,2443,2.88,34,,,2026-08-03
SHERA,ST,03-Aug-2026,165.0,165.0,167.5,163.5,167.5,13000,21.55,11,13000.0,100.0,2026-08-03
SHETHJI,ST,03-Aug-2026,151.15,151.4,152.05,151.25,152.05,12000,18.19,11,12000.0,100.0,2026-08-03
SHIGAN,SM,03-Aug-2026,65.5,62.05,63.95,61.0,62.6,13500,8.45,8,9000.0,66.67,2026-08-03
SHILCTECH,EQ,03-Aug-2026,4580.5,4582.0,4735.0,4582.0,4682.5,25924,1209.69,6884,14355.0,55.37,2026-08-03
SHILPAMED,EQ,03-Aug-2026,611.25,616.1,629.75,614.1,623.55,477775,2970.85,16867,243753.0,51.02,2026-08-03
SHINDL,EQ,03-Aug-2026,162.02,162.95,162.95,159.0,160.36,101756,163.61,782,8024.0,7.89,2026-08-03
SHIVALIK,BE,03-Aug-2026,247.21,248.3,258.4,247.05,250.28,32229,81.59,316,,,2026-08-03
SHIVAMAUTO,BE,03-Aug-2026,18.0,18.0,18.0,17.64,17.64,6421,1.14,39,,,2026-08-03
SHIVAMILLS,BE,03-Aug-2026,61.02,61.02,61.62,58.21,60.31,73,0.04,10,,,2026-08-03
SHIVASHRIT,SM,03-Aug-2026,130.3,129.0,131.8,123.0,126.55,25000,31.95,25,16000.0,64.0,2026-08-03
SHIVATEX,EQ,03-Aug-2026,164.24,165.0,166.66,163.02,163.57,676,1.11,22,457.0,67.6,2026-08-03
SHIVAUM,EQ,03-Aug-2026,440.95,440.1,449.4,426.0,428.05,5702,24.8,116,4154.0,72.85,2026-08-03
SHK,EQ,03-Aug-2026,164.59,166.4,167.99,165.03,166.54,429687,714.78,5538,208602.0,48.55,2026-08-03
SHOPERSTOP,EQ,03-Aug-2026,389.6,388.6,411.95,380.0,403.35,85036,340.03,5343,42684.0,50.2,2026-08-03
SHRADHA,EQ,03-Aug-2026,33.86,34.19,35.25,32.7,33.86,34507,11.63,292,16565.0,48.0,2026-08-03
SHREDIGCEM,EQ,03-Aug-2026,72.31,71.7,74.49,71.7,73.93,49567,36.24,932,27877.0,56.24,2026-08-03
SHREECEM,EQ,03-Aug-2026,26055.0,26150.0,27000.0,26110.0,27000.0,33488,8949.51,14811,11779.0,35.17,2026-08-03
SHREEDHAR,SM,03-Aug-2026,91.9,91.8,106.0,90.0,101.4,116000,112.95,45,96000.0,82.76,2026-08-03
SHREEJISPG,EQ,03-Aug-2026,645.35,648.95,673.0,648.95,666.55,525755,3473.49,9206,214688.0,40.83,2026-08-03
SHREEKARNI,SM,03-Aug-2026,410.9,407.0,407.0,407.0,407.0,300,1.22,2,300.0,100.0,2026-08-03
SHREEOSFM,SM,03-Aug-2026,57.0,56.25,57.85,55.5,56.0,8000,4.52,8,5000.0,62.5,2026-08-03
SHREEPUSHK,EQ,03-Aug-2026,396.75,396.75,408.0,396.0,405.85,33426,134.77,1746,17454.0,52.22,2026-08-03
SHREERAMA,EQ,03-Aug-2026,39.17,39.39,40.78,39.29,40.36,47303,19.0,454,34203.0,72.31,2026-08-03
SHREMINVIT,IV,03-Aug-2026,101.0,101.0,104.9,101.0,104.9,75000,77.7,3,75000.0,100.0,2026-08-03
SHRENIK,BZ,03-Aug-2026,0.33,0.34,0.34,0.33,0.33,538831,1.78,189,,,2026-08-03
SHREYANIND,EQ,03-Aug-2026,139.32,139.32,144.78,137.11,141.88,5323,7.49,228,3092.0,58.09,2026-08-03
SHRIAHIMSA,ST,03-Aug-2026,383.9,384.0,385.0,364.75,385.0,20400,75.72,31,17400.0,85.29,2026-08-03
SHRIKANHA,SM,03-Aug-2026,22.0,22.0,22.8,22.0,22.8,3200,0.72,2,3200.0,100.0,2026-08-03
SHRIKRISH,EQ,03-Aug-2026,40.0,40.05,43.01,40.05,40.06,1199,0.49,28,1092.0,91.08,2026-08-03
SHRINGARMS,EQ,03-Aug-2026,222.84,225.01,232.4,225.01,229.85,786356,1802.68,5765,229743.0,29.22,2026-08-03
SHRIPISTON,EQ,03-Aug-2026,4395.2,4441.0,4547.0,4430.4,4524.4,66253,2989.4,9136,40428.0,61.02,2026-08-03
SHRIRAMFIN,EQ,03-Aug-2026,1046.7,1058.0,1095.0,1051.6,1090.2,7047761,76142.13,126499,3393519.0,48.15,2026-08-03
SHRIRAMPPS,EQ,03-Aug-2026,84.03,84.72,86.0,84.48,85.65,174452,149.1,1957,103486.0,59.32,2026-08-03
SHUBHLAXMI,SM,03-Aug-2026,18.3,18.95,18.95,18.95,18.95,1000,0.19,1,1000.0,100.0,2026-08-03
SHUBHSHREE,SM,03-Aug-2026,345.0,310.0,333.5,310.0,331.0,3900,12.76,9,3300.0,84.62,2026-08-03
SHYAMCENT,BE,03-Aug-2026,5.19,5.21,5.21,5.01,5.06,41031,2.09,132,,,2026-08-03
SHYAMDHANI,ST,03-Aug-2026,53.5,55.0,55.0,54.0,54.0,22000,11.94,10,22000.0,100.0,2026-08-03
SHYAMMETL,EQ,03-Aug-2026,1031.3,1041.8,1044.8,1017.5,1025.1,477723,4912.12,13036,97167.0,20.34,2026-08-03
SHYAMTEL,BE,03-Aug-2026,16.29,16.21,17.1,16.21,17.1,6547,1.11,18,,,2026-08-03
SICAGEN,EQ,03-Aug-2026,49.71,49.71,50.48,48.5,49.97,6976,3.48,58,4726.0,67.75,2026-08-03
SICALLOG,BE,03-Aug-2026,112.53,107.0,107.0,106.91,106.91,20315,21.72,78,,,2026-08-03
SIDDHICOTS,SM,03-Aug-2026,28.45,27.1,27.55,27.1,27.55,2400,0.66,2,2400.0,100.0,2026-08-03
SIDDHIKA,SM,03-Aug-2026,211.0,205.1,205.1,205.1,205.1,500,1.03,1,500.0,100.0,2026-08-03
SIEMENS,EQ,03-Aug-2026,3760.0,3741.7,3905.0,3694.2,3900.0,609663,23572.17,40750,253730.0,41.62,2026-08-03
SIGACHI,BE,03-Aug-2026,25.92,24.63,27.0,24.63,26.61,1507634,392.35,2442,,,2026-08-03
SIGIND,EQ,03-Aug-2026,52.31,53.41,58.5,51.1,55.93,98549,53.87,803,81979.0,83.19,2026-08-03
SIGMA,EQ,03-Aug-2026,54.98,53.0,53.98,49.75,50.24,1362441,699.16,7068,674204.0,49.49,2026-08-03
SIGMAADV,BE,03-Aug-2026,623.55,634.0,654.7,625.0,654.7,146018,952.83,1214,,,2026-08-03
SIGNATURE,EQ,03-Aug-2026,820.45,824.8,838.0,822.15,833.65,243726,2022.38,7001,48550.0,19.92,2026-08-03
SIGNORIA,ST,03-Aug-2026,141.75,147.5,148.0,147.5,148.0,4000,5.92,3,4000.0,100.0,2026-08-03
SIGNPOST,EQ,03-Aug-2026,283.55,283.6,288.05,275.35,280.0,146187,412.61,4164,76695.0,52.46,2026-08-03
SIKA,EQ,03-Aug-2026,1115.7,1101.7,1141.6,1100.0,1124.1,21437,241.56,2263,12328.0,57.51,2026-08-03
SIKKO,EQ,03-Aug-2026,5.3,5.41,5.45,5.33,5.37,701908,37.8,909,569041.0,81.07,2026-08-03
SIL,EQ,03-Aug-2026,16.77,16.89,17.08,16.33,16.95,22031,3.71,409,18708.0,84.92,2026-08-03
SILGO,EQ,03-Aug-2026,69.94,69.94,70.69,68.67,69.79,214160,150.1,1234,101552.0,47.42,2026-08-03
SILINV,EQ,03-Aug-2026,418.05,419.0,430.0,419.0,427.6,1022,4.33,73,814.0,79.65,2026-08-03
SILKFLEX,ST,03-Aug-2026,211.0,205.0,210.0,201.0,201.1,32000,64.87,32,30000.0,93.75,2026-08-03
SILKY,SM,03-Aug-2026,74.3,70.05,78.95,70.0,78.95,4000,2.94,5,3200.0,80.0,2026-08-03
SILLYMONKS,EQ,03-Aug-2026,15.62,16.16,16.16,14.91,15.13,34567,5.28,154,22046.0,63.78,2026-08-03
SILVER,EQ,03-Aug-2026,215.6,217.99,217.99,215.1,215.54,618961,1336.63,7627,176561.0,28.53,2026-08-03
SILVER1,EQ,03-Aug-2026,20.96,20.97,21.14,20.91,20.95,4005765,840.48,4992,2108105.0,52.63,2026-08-03
SILVER360,EQ,03-Aug-2026,212.26,212.59,213.94,211.94,212.3,6761,14.38,250,3822.0,56.53,2026-08-03
SILVERADD,EQ,03-Aug-2026,208.08,207.93,209.8,207.43,207.86,131285,273.47,2259,43470.0,33.11,2026-08-03
SILVERAG,EQ,03-Aug-2026,210.31,210.38,211.99,209.77,210.34,124705,262.8,2370,36132.0,28.97,2026-08-03
SILVERAXIS,EQ,03-Aug-2026,214.71,215.41,216.55,214.2,214.72,166495,358.0,2349,73603.0,44.21,2026-08-03
SILVERBEES,EQ,03-Aug-2026,206.51,206.55,208.2,206.0,206.45,18831765,38992.55,76885,7795577.0,41.4,2026-08-03
SILVERBETA,EQ,03-Aug-2026,208.68,208.71,210.3,208.05,208.42,202123,422.15,3183,72943.0,36.09,2026-08-03
SILVERBND,EQ,03-Aug-2026,216.79,217.87,218.47,212.01,216.89,3341,7.25,118,1834.0,54.89,2026-08-03
SILVERCASE,EQ,03-Aug-2026,21.88,22.32,22.4,21.83,21.86,5815085,1274.72,10322,2206873.0,37.95,2026-08-03
SILVERIETF,EQ,03-Aug-2026,215.72,217.19,217.3,214.92,215.46,2136953,4613.89,22532,1193381.0,55.84,2026-08-03
SILVERTUC,EQ,03-Aug-2026,201.79,202.0,207.7,192.25,197.38,699145,1400.52,9578,303311.0,43.38,2026-08-03
SIMBHALS,BZ,03-Aug-2026,6.67,6.85,6.99,6.62,6.96,19171,1.31,54,,,2026-08-03
SIMCA,SM,03-Aug-2026,217.6,219.2,221.0,219.0,219.0,10200,22.41,15,7800.0,76.47,2026-08-03
SIMPLEXINF,EQ,03-Aug-2026,236.35,235.75,239.89,234.0,235.64,57252,135.38,1102,41260.0,72.07,2026-08-03
SINCLAIR,EQ,03-Aug-2026,72.86,71.61,75.45,71.61,74.69,29359,21.82,422,20706.0,70.53,2026-08-03
SINDHUTRAD,EQ,03-Aug-2026,24.41,24.96,24.96,24.42,24.5,137842,33.89,519,92224.0,66.91,2026-08-03
SINGERIND,EQ,03-Aug-2026,64.78,65.98,66.43,64.55,64.9,18711,12.21,227,14406.0,76.99,2026-08-03
SINTERCOM,EQ,03-Aug-2026,83.69,83.0,87.0,83.0,86.99,15200,12.89,71,14989.0,98.61,2026-08-03
SIRCA,EQ,03-Aug-2026,420.45,425.0,436.0,422.45,430.7,458544,1974.0,5890,208052.0,45.37,2026-08-03
SIS,EQ,03-Aug-2026,422.4,424.5,429.75,422.55,425.1,66651,283.94,4618,40068.0,60.12,2026-08-03
SITINET,BZ,03-Aug-2026,0.3,0.31,0.31,0.31,0.31,428778,1.33,239,,,2026-08-03
SIYSIL,EQ,03-Aug-2026,602.3,611.35,634.0,605.75,629.3,128794,803.56,6748,82517.0,64.07,2026-08-03
SJLOGISTIC,SM,03-Aug-2026,302.75,309.0,325.0,292.5,322.3,76250,234.88,223,49250.0,64.59,2026-08-03
SJS,EQ,03-Aug-2026,2391.7,2430.2,2498.9,2410.0,2483.4,155365,3833.34,16076,89174.0,57.4,2026-08-03
SJVN,EQ,03-Aug-2026,68.62,69.2,70.43,69.01,69.42,2713188,1890.74,19539,1438177.0,53.01,2026-08-03
SKFINDIA,EQ,03-Aug-2026,1479.6,1489.6,1513.8,1482.2,1506.5,49615,747.51,4236,36962.0,74.5,2026-08-03
SKFINDUS,EQ,03-Aug-2026,2739.9,2780.0,2788.2,2679.9,2697.7,24922,680.77,6854,14353.0,57.59,2026-08-03
SKIL,BZ,03-Aug-2026,0.96,0.94,0.96,0.92,0.94,32482,0.3,45,,,2026-08-03
SKIPPER,EQ,03-Aug-2026,527.75,533.9,555.0,531.6,549.15,755981,4120.6,18497,418031.0,55.3,2026-08-03
SKMEGGPROD,EQ,03-Aug-2026,249.85,249.85,249.85,241.0,242.33,636187,1554.87,10459,298156.0,46.87,2026-08-03
SKP,SM,03-Aug-2026,159.7,159.7,160.0,157.55,158.0,3000,4.76,6,2500.0,83.33,2026-08-03
SKYGOLD,EQ,03-Aug-2026,643.7,649.0,700.0,649.0,691.85,1001359,6791.77,29068,418644.0,41.81,2026-08-03
SLONE,ST,03-Aug-2026,139.55,132.65,142.7,132.65,142.7,800,1.1,2,800.0,100.0,2026-08-03
SMALL250,EQ,03-Aug-2026,17.97,18.04,18.5,18.02,18.28,678931,123.78,1296,561625.0,82.72,2026-08-03
SMALLADD,EQ,03-Aug-2026,18.06,18.09,18.31,18.09,18.27,30591,5.58,169,25694.0,83.99,2026-08-03
SMALLCAP,EQ,03-Aug-2026,46.83,46.83,47.68,46.3,47.4,1681432,798.35,3990,1054296.0,62.7,2026-08-03
SMALLGROWW,EQ,03-Aug-2026,46.92,47.36,47.7,46.71,47.56,7049,3.35,117,6328.0,89.77,2026-08-03
SMALLIETF,EQ,03-Aug-2026,17.98,18.15,18.25,18.05,18.21,41113,7.48,140,25413.0,61.81,2026-08-03
SMARTEN,ST,03-Aug-2026,54.95,56.0,56.8,53.0,54.55,16800,9.37,9,15600.0,92.86,2026-08-03
SMARTLINK,BE,03-Aug-2026,200.4,207.0,210.42,207.0,210.42,3475,7.28,23,,,2026-08-03
SMARTWORKS,EQ,03-Aug-2026,470.5,478.85,489.0,466.6,481.65,48510,231.42,3481,26285.0,54.18,2026-08-03
SMCGLOBAL,EQ,03-Aug-2026,80.83,81.9,81.9,79.4,79.94,606571,485.23,2388,496323.0,81.82,2026-08-03
SML100CASE,EQ,03-Aug-2026,11.0,11.0,11.4,11.0,11.15,4311067,479.82,1797,3426456.0,79.48,2026-08-03
SMLMAH,EQ,03-Aug-2026,5685.6,5690.0,5756.0,5401.0,5464.0,257127,14370.61,34305,87876.0,34.18,2026-08-03
SMLT,EQ,03-Aug-2026,67.11,68.0,70.0,68.0,69.0,4596,3.17,81,3622.0,78.81,2026-08-03
SMSPHARMA,EQ,03-Aug-2026,373.9,375.75,376.6,361.2,363.55,299209,1096.91,7068,172137.0,57.53,2026-08-03
SNEHAA,SM,03-Aug-2026,46.65,47.05,47.25,46.25,47.25,18000,8.45,13,11000.0,61.11,2026-08-03
SNOWMAN,EQ,03-Aug-2026,38.3,38.89,39.0,38.3,38.5,102594,39.63,875,52756.0,51.42,2026-08-03
SNXT30BEES,EQ,03-Aug-2026,42.94,42.94,43.65,42.94,43.39,16508,7.17,182,13303.0,80.59,2026-08-03
SNXT50BETA,EQ,03-Aug-2026,95.25,93.51,96.95,93.51,95.84,4438,4.26,153,3237.0,72.94,2026-08-03
SOBHA,EQ,03-Aug-2026,1372.2,1380.0,1387.9,1361.2,1372.3,75517,1039.52,7406,36208.0,47.95,2026-08-03
SOCL,SM,03-Aug-2026,26.5,27.5,27.5,27.0,27.25,9600,2.62,6,9600.0,100.0,2026-08-03
SOFTTECH,BE,03-Aug-2026,417.05,416.0,418.0,412.05,418.0,3696,15.31,14,,,2026-08-03
SOLARA,EQ,03-Aug-2026,513.55,522.85,523.65,513.0,515.85,111052,574.36,4004,64542.0,58.12,2026-08-03
SOLARINDS,EQ,03-Aug-2026,18391.0,18400.0,18710.0,18358.0,18659.0,53004,9821.29,15483,20350.0,38.39,2026-08-03
SOLARWORLD,EQ,03-Aug-2026,188.3,190.65,192.6,184.01,184.62,412946,768.18,8407,235795.0,57.1,2026-08-03
SOLEX,EQ,03-Aug-2026,910.8,911.0,949.5,911.0,946.8,22853,212.87,2459,14564.0,63.73,2026-08-03
SOMANYCERA,EQ,03-Aug-2026,488.85,490.0,514.0,488.1,509.0,123707,621.83,5383,78308.0,63.3,2026-08-03
SOMATEX,EQ,03-Aug-2026,98.82,99.5,99.76,95.0,95.64,19383,18.64,288,14888.0,76.81,2026-08-03
SOMICONVEY,EQ,03-Aug-2026,93.07,94.3,97.63,92.8,93.45,11239,10.5,333,9979.0,88.79,2026-08-03
SONACOMS,EQ,03-Aug-2026,769.4,775.0,785.0,768.05,785.0,2517947,19652.33,44810,1389368.0,55.18,2026-08-03
SONAMAC,SM,03-Aug-2026,35.5,35.0,36.0,35.0,36.0,4000,1.41,4,4000.0,100.0,2026-08-03
SONAMLTD,EQ,03-Aug-2026,55.22,56.8,56.8,54.0,54.16,10228,5.59,417,4504.0,44.04,2026-08-03
SONATSOFTW,EQ,03-Aug-2026,322.45,324.0,348.45,319.0,345.85,6562997,22201.7,95127,2040245.0,31.09,2026-08-03
SONUINFRA,ST,03-Aug-2026,40.7,40.0,42.5,38.7,41.95,34500,13.84,19,34500.0,100.0,2026-08-03
SOTL,EQ,03-Aug-2026,601.75,605.9,636.0,603.3,630.1,261606,1628.62,10564,104520.0,39.95,2026-08-03
SOUTHBANK,EQ,03-Aug-2026,46.7,47.0,47.87,46.93,47.07,8220206,3895.98,25215,3839174.0,46.7,2026-08-03
SOUTHWEST,EQ,03-Aug-2026,238.27,239.88,242.98,237.89,240.44,106951,257.2,3211,62272.0,58.22,2026-08-03
SPAL,EQ,03-Aug-2026,992.1,1008.0,1011.0,980.0,988.7,38788,386.29,3431,19677.0,50.73,2026-08-03
SPANDANA,EQ,03-Aug-2026,261.1,262.55,265.55,260.4,262.4,145722,383.59,3813,75140.0,51.56,2026-08-03
SPARC,EQ,03-Aug-2026,206.21,207.11,213.29,207.02,207.93,793057,1663.86,11158,349013.0,44.01,2026-08-03
SPCENET,EQ,03-Aug-2026,3.42,3.5,3.55,3.36,3.43,358350,12.29,607,223167.0,62.28,2026-08-03
SPCL,SM,03-Aug-2026,65.7,65.7,66.3,65.7,66.2,4200,2.77,7,3000.0,71.43,2026-08-03
SPCON,SM,03-Aug-2026,127.1,130.0,130.0,127.1,127.1,3600,4.62,3,3600.0,100.0,2026-08-03
SPECIALITY,EQ,03-Aug-2026,133.14,135.32,135.32,132.01,132.12,14057,18.74,295,10157.0,72.26,2026-08-03
SPECTRUM,EQ,03-Aug-2026,2363.0,2395.9,2591.0,2357.0,2547.4,97267,2450.04,12097,23009.0,23.66,2026-08-03
SPECTSTM,SM,03-Aug-2026,67.75,62.5,67.8,62.5,65.5,10400,6.57,4,9600.0,92.31,2026-08-03
SPENCERS,EQ,03-Aug-2026,32.9,33.48,34.04,32.82,33.23,53604,17.92,1114,29891.0,55.76,2026-08-03
SPIC,EQ,03-Aug-2026,66.47,66.72,68.07,66.66,67.34,212929,143.58,2051,109220.0,51.29,2026-08-03
SPLIL,EQ,03-Aug-2026,30.1,29.52,30.98,29.52,30.0,2920,0.88,41,2320.0,79.45,2026-08-03
SPLPETRO,EQ,03-Aug-2026,713.15,718.3,724.7,713.0,715.9,71200,512.09,4563,32245.0,45.29,2026-08-03
SPMLINFRA,EQ,03-Aug-2026,191.75,192.23,198.39,192.23,196.13,151774,297.55,1965,97203.0,64.04,2026-08-03
SPORTKING,EQ,03-Aug-2026,201.26,225.99,241.51,220.1,229.63,12667361,29639.63,101871,2012430.0,15.89,2026-08-03
SPPPOLY,SM,03-Aug-2026,12.0,12.25,12.25,12.25,12.25,4000,0.49,2,4000.0,100.0,2026-08-03
SPRL,SM,03-Aug-2026,93.0,88.8,97.6,88.8,97.6,2400,2.26,3,0.0,0.0,2026-08-03
SPUNWEB,SM,03-Aug-2026,99.25,100.0,100.0,100.0,100.0,1200,1.2,1,1200.0,100.0,2026-08-03
SRD,EQ,03-Aug-2026,37.44,37.95,40.0,37.2,39.21,79787,31.09,205,66380.0,83.2,2026-08-03
SREEL,EQ,03-Aug-2026,213.6,212.0,222.72,212.0,216.45,10312,22.37,494,6701.0,64.98,2026-08-03
SRF,EQ,03-Aug-2026,2622.5,2630.0,2657.8,2625.0,2645.0,150758,3986.19,17658,75285.0,49.94,2026-08-03
SRGHFL,EQ,03-Aug-2026,293.2,293.25,300.05,288.0,299.7,8457,25.19,166,7425.0,87.8,2026-08-03
SRHHYPOLTD,EQ,03-Aug-2026,484.4,484.0,502.5,484.0,494.1,5423,26.82,370,3364.0,62.03,2026-08-03
SRIVASAVI,ST,03-Aug-2026,83.25,84.0,84.0,83.65,83.7,3000,2.51,3,3000.0,100.0,2026-08-03
SRM,EQ,03-Aug-2026,495.3,497.95,499.95,491.55,496.4,42013,209.08,1587,20047.0,47.72,2026-08-03
SRPL,BZ,03-Aug-2026,0.33,0.33,0.34,0.32,0.33,268391,0.88,222,,,2026-08-03
SRTL,EQ,03-Aug-2026,40.55,41.0,41.0,40.1,40.22,23191,9.36,284,18522.0,79.87,2026-08-03
SSDL,EQ,03-Aug-2026,52.84,52.55,54.37,52.55,54.06,9672,5.22,290,6698.0,69.25,2026-08-03
SSEGL,SM,03-Aug-2026,319.1,321.1,340.0,321.1,337.0,46200,155.13,183,33200.0,71.86,2026-08-03
SSFL,ST,03-Aug-2026,259.45,265.0,265.0,255.5,261.45,5000,13.07,10,4000.0,80.0,2026-08-03
SSFLPP,E1,03-Aug-2026,140.4,141.8,141.8,139.6,140.1,1241,1.73,26,1241.0,100.0,2026-08-03
SSWL,EQ,03-Aug-2026,310.36,328.4,328.4,313.05,317.85,1702280,5449.58,24729,721795.0,42.4,2026-08-03
STALLION,EQ,03-Aug-2026,260.12,264.9,278.1,261.45,265.45,4439437,12076.16,46373,1181138.0,26.61,2026-08-03
STANLEY,EQ,03-Aug-2026,157.03,159.0,159.0,155.16,155.88,67560,105.67,2400,37807.0,55.96,2026-08-03
STAR,EQ,03-Aug-2026,1025.0,1034.0,1043.3,1000.0,1028.5,472242,4817.64,24875,199704.0,42.29,2026-08-03
STARCEMENT,EQ,03-Aug-2026,202.78,203.2,206.94,203.0,203.96,168528,345.78,2544,101280.0,60.1,2026-08-03
STARHEALTH,EQ,03-Aug-2026,601.0,598.65,600.85,586.5,592.6,586750,3476.4,32109,320999.0,54.71,2026-08-03
STARPAPER,EQ,03-Aug-2026,151.39,147.5,152.91,147.5,150.7,5828,8.76,161,4322.0,74.16,2026-08-03
STARTECK,EQ,03-Aug-2026,259.1,265.4,266.8,261.0,261.15,7320,19.16,77,31.0,0.42,2026-08-03
STCINDIA,EQ,03-Aug-2026,120.5,120.48,123.9,119.16,119.66,55568,67.39,852,37349.0,67.21,2026-08-03
STEELCAS,EQ,03-Aug-2026,309.95,330.0,330.05,317.7,325.9,195000,635.71,5251,94573.0,48.5,2026-08-03
STEELCITY,EQ,03-Aug-2026,75.25,76.39,76.8,75.0,76.4,8728,6.63,176,5143.0,58.93,2026-08-03
STEELXIND,EQ,03-Aug-2026,11.23,11.26,11.49,11.22,11.4,835801,94.83,1882,560288.0,67.04,2026-08-03
STEL,EQ,03-Aug-2026,574.85,580.0,580.0,562.35,565.75,1833,10.47,231,1108.0,60.45,2026-08-03
STERTOOLS,BE,03-Aug-2026,252.11,250.0,256.0,248.0,255.05,21263,53.84,363,,,2026-08-03
STLNETWORK,BE,03-Aug-2026,24.29,24.34,25.0,24.34,24.73,343227,84.91,831,,,2026-08-03
STLTECH,BE,03-Aug-2026,557.05,584.9,584.9,584.9,584.9,1919449,11226.86,4561,,,2026-08-03
STOVEKRAFT,EQ,03-Aug-2026,778.4,788.0,795.95,726.3,754.6,198066,1524.23,10523,106715.0,53.88,2026-08-03
STRIDERS,SM,03-Aug-2026,65.7,64.5,65.75,62.0,62.2,70400,44.16,23,52800.0,75.0,2026-08-03
STUDDS,EQ,03-Aug-2026,440.15,442.6,457.0,442.6,447.95,44287,198.74,2025,23644.0,53.39,2026-08-03
STUDIOLSD,SM,03-Aug-2026,9.25,9.25,9.25,9.15,9.15,14000,1.29,6,14000.0,100.0,2026-08-03
STYL,EQ,03-Aug-2026,346.15,350.0,369.8,350.0,368.05,110667,400.9,4272,58114.0,52.51,2026-08-03
STYLAMIND,EQ,03-Aug-2026,3384.3,3401.6,3470.0,3385.0,3453.0,30618,1054.01,8178,13839.0,45.2,2026-08-03
STYLEBAAZA,BE,03-Aug-2026,271.4,275.0,281.0,272.05,278.05,96840,269.34,1129,,,2026-08-03
STYRENIX,EQ,03-Aug-2026,2476.5,2504.8,2557.6,2479.0,2487.3,60685,1526.39,5522,35307.0,58.18,2026-08-03
SUBAHOTELS,SM,03-Aug-2026,105.2,95.05,107.0,95.05,106.6,26400,27.51,22,18000.0,68.18,2026-08-03
SUBEXLTD,BE,03-Aug-2026,12.33,12.05,12.94,12.05,12.85,1173695,150.01,1492,,,2026-08-03
SUBROS,EQ,03-Aug-2026,819.25,829.0,832.85,812.0,817.3,45959,379.07,3023,19699.0,42.86,2026-08-03
SUDARCOLOR,EQ,03-Aug-2026,361.15,365.0,375.0,358.85,369.3,9831,36.05,275,6781.0,68.98,2026-08-03
SUDARSCHEM,EQ,03-Aug-2026,1013.9,1039.0,1096.0,1034.2,1068.3,421749,4525.46,24733,176408.0,41.83,2026-08-03
SUDEEPPHRM,EQ,03-Aug-2026,881.05,893.5,913.95,862.35,867.6,516361,4565.07,23238,231700.0,44.87,2026-08-03
SUKHJITS,EQ,03-Aug-2026,164.6,168.5,172.5,163.11,164.66,28382,47.88,677,17268.0,60.84,2026-08-03
SULA,EQ,03-Aug-2026,170.71,172.24,172.25,164.05,165.32,512289,859.02,8224,283777.0,55.39,2026-08-03
SUMEETINDS,EQ,03-Aug-2026,22.29,21.18,21.18,21.18,21.18,48960,10.37,299,48960.0,100.0,2026-08-03
SUMICHEM,EQ,03-Aug-2026,510.3,512.5,517.7,503.15,515.85,263929,1351.03,9095,125193.0,47.43,2026-08-03
SUMIT,EQ,03-Aug-2026,52.23,58.97,58.97,53.25,55.06,42841,23.65,318,27881.0,65.08,2026-08-03
SUMMITSEC,EQ,03-Aug-2026,1504.3,1520.0,1540.0,1510.0,1522.2,5394,82.11,519,4448.0,82.46,2026-08-03
SUNCLAY,EQ,03-Aug-2026,1253.6,1284.0,1284.0,1251.0,1253.0,2582,32.56,378,1574.0,60.96,2026-08-03
SUNDARAM,EQ,03-Aug-2026,1.23,1.27,1.29,1.24,1.25,707839,8.99,330,534035.0,75.45,2026-08-03
SUNDARMFIN,EQ,03-Aug-2026,4665.6,4641.6,4965.3,4629.8,4828.7,309611,14774.21,41165,106452.0,34.38,2026-08-03
SUNDRMBRAK,BE,03-Aug-2026,766.85,771.0,788.0,766.5,778.45,875,6.72,48,,,2026-08-03
SUNDRMFAST,EQ,03-Aug-2026,977.45,980.0,998.0,978.0,993.25,151032,1494.82,7390,112020.0,74.17,2026-08-03
SUNDROP,EQ,03-Aug-2026,665.45,661.25,690.0,661.25,679.5,34878,233.72,1158,22063.0,63.26,2026-08-03
SUNFLAG,EQ,03-Aug-2026,365.3,370.05,379.3,363.1,366.85,422640,1560.38,8122,224303.0,53.07,2026-08-03
SUNLITE,SM,03-Aug-2026,463.05,510.0,534.0,485.0,492.9,25200,125.74,73,19500.0,77.38,2026-08-03
SUNPHARMA,EQ,03-Aug-2026,1990.5,1983.2,1988.0,1935.2,1963.5,3972351,77665.8,339336,2629889.0,66.2,2026-08-03
SUNTECH,ST,03-Aug-2026,33.0,32.1,32.2,32.0,32.05,19200,6.16,7,19200.0,100.0,2026-08-03
SUNTECK,EQ,03-Aug-2026,302.3,305.05,312.1,304.45,308.1,265799,817.52,8094,146282.0,55.03,2026-08-03
SUNTV,EQ,03-Aug-2026,508.65,507.0,516.95,499.1,503.8,283161,1435.37,18532,150549.0,53.17,2026-08-03
SUPERHOUSE,EQ,03-Aug-2026,160.12,155.7,164.9,151.9,158.57,2973,4.73,204,1176.0,39.56,2026-08-03
SUPERSPIN,BE,03-Aug-2026,6.02,6.14,6.14,6.14,6.14,36205,2.22,20,,,2026-08-03
SUPRAJIT,EQ,03-Aug-2026,504.6,508.0,526.0,508.0,512.7,341765,1763.75,14942,164446.0,48.12,2026-08-03
SUPREME,EQ,03-Aug-2026,45.72,45.5,47.25,45.21,45.99,48344,22.46,503,18406.0,38.07,2026-08-03
SUPREMEENG,BZ,03-Aug-2026,2.09,2.13,2.13,2.13,2.13,130458,2.78,82,,,2026-08-03
SUPREMEIND,EQ,03-Aug-2026,3465.4,3465.4,3539.1,3455.0,3530.0,145252,5093.8,15657,61044.0,42.03,2026-08-03
SUPREMEINF,EQ,03-Aug-2026,83.63,83.63,85.6,81.25,84.17,48810,41.13,1172,10349.0,21.2,2026-08-03
SUPREMEPWR,SM,03-Aug-2026,208.1,208.15,214.0,207.1,208.35,31000,65.42,55,22500.0,72.58,2026-08-03
SUPRIYA,EQ,03-Aug-2026,867.0,867.05,898.55,867.05,879.65,247600,2197.56,12936,132014.0,53.32,2026-08-03
SURAJEST,EQ,03-Aug-2026,195.95,196.0,202.69,196.0,201.68,36523,73.31,813,23409.0,64.09,2026-08-03
SURAJLTD,EQ,03-Aug-2026,219.42,220.0,224.0,218.0,220.91,1291,2.84,57,1157.0,89.62,2026-08-03
SURAKSHA,EQ,03-Aug-2026,252.15,253.0,259.5,251.15,252.1,27179,69.49,1626,16555.0,60.91,2026-08-03
SURANASOL,EQ,03-Aug-2026,26.04,26.4,26.4,26.05,26.27,32610,8.57,449,20263.0,62.14,2026-08-03
SURANAT&P,EQ,03-Aug-2026,17.95,18.3,18.47,17.66,17.89,54741,9.87,336,39589.0,72.32,2026-08-03
SURANI,SM,03-Aug-2026,99.8,99.6,99.6,95.0,95.0,1000,0.97,5,600.0,60.0,2026-08-03
SURYALA,EQ,03-Aug-2026,405.95,409.9,420.0,400.45,410.9,907,3.71,60,770.0,84.9,2026-08-03
SURYALAXMI,EQ,03-Aug-2026,60.84,61.7,62.0,59.6,60.87,4183,2.54,66,2859.0,68.35,2026-08-03
SURYAROSNI,EQ,03-Aug-2026,239.4,241.5,243.89,236.11,237.32,432577,1030.49,6489,245888.0,56.84,2026-08-03
SURYODAY,EQ,03-Aug-2026,161.92,163.1,166.75,162.3,163.73,659356,1085.37,7440,218835.0,33.19,2026-08-03
SUTLEJTEX,BE,03-Aug-2026,38.0,39.75,39.75,37.53,38.03,25216,9.69,101,,,2026-08-03
SUVEN,EQ,03-Aug-2026,307.1,307.25,313.4,304.0,307.2,394700,1218.29,9059,163225.0,41.35,2026-08-03
SUVIDHAA,EQ,03-Aug-2026,2.55,2.64,2.64,2.53,2.54,139004,3.54,193,124846.0,89.81,2026-08-03
SUYOG,EQ,03-Aug-2026,866.25,875.0,883.1,858.2,865.7,15733,137.38,1092,8794.0,55.9,2026-08-03
SUZLON,EQ,03-Aug-2026,48.01,48.2,49.3,48.08,48.1,55317614,27008.32,108273,23739468.0,42.91,2026-08-03
SVLL,BE,03-Aug-2026,722.0,736.4,736.4,736.4,736.4,430,3.17,8,,,2026-08-03
SVPGLOB,BE,03-Aug-2026,3.78,3.75,3.96,3.75,3.89,33999,1.33,45,,,2026-08-03
SWANCORP,EQ,03-Aug-2026,307.8,308.05,312.3,308.05,310.2,751667,2330.15,14201,280925.0,37.37,2026-08-03
SWANDEF,BE,03-Aug-2026,2473.7,2470.0,2550.0,2470.0,2527.2,23400,590.47,933,,,2026-08-03
SWARAJ,SM,03-Aug-2026,364.7,367.0,367.0,356.0,357.75,158500,572.13,234,41500.0,26.18,2026-08-03
SWARAJENG,EQ,03-Aug-2026,3628.7,3628.7,3662.0,3613.0,3630.6,6150,223.55,1354,3364.0,54.7,2026-08-03
SWASTIK,ST,03-Aug-2026,19.7,20.05,20.05,20.05,20.05,2400,0.48,2,2400.0,100.0,2026-08-03
SWELECTES,EQ,03-Aug-2026,594.3,595.95,616.4,595.95,613.5,14607,88.95,1188,9318.0,63.79,2026-08-03
SWIGGY,EQ,03-Aug-2026,284.86,284.8,288.9,277.1,288.0,20781750,59015.14,103419,4804334.0,23.12,2026-08-03
SWSOLAR,EQ,03-Aug-2026,203.96,205.29,212.47,205.29,208.41,1303946,2726.96,15015,575805.0,44.16,2026-08-03
SYMPHONY,EQ,03-Aug-2026,688.2,689.65,695.0,681.0,682.75,129741,889.86,8796,88894.0,68.52,2026-08-03
SYNCOMF,EQ,03-Aug-2026,13.12,13.3,13.48,13.0,13.19,1054189,140.25,2853,584915.0,55.48,2026-08-03
SYNGENE,EQ,03-Aug-2026,385.9,386.5,403.7,384.0,402.2,1674593,6679.18,41204,857211.0,51.19,2026-08-03
SYRMA,EQ,03-Aug-2026,1366.8,1380.0,1397.5,1351.6,1360.6,1098353,15056.81,44937,472183.0,42.99,2026-08-03
SYSTANGO,SM,03-Aug-2026,215.65,220.0,222.0,215.45,220.4,22000,48.6,50,20000.0,90.91,2026-08-03
SYSTMTXC,BE,03-Aug-2026,61.25,63.0,63.0,60.0,60.22,4406,2.66,62,,,2026-08-03
TAALTECH,EQ,03-Aug-2026,3930.8,3980.0,4049.9,3960.0,3984.0,2608,104.21,462,1760.0,67.48,2026-08-03
TAC,SM,03-Aug-2026,497.0,521.0,521.85,508.0,521.4,61400,317.68,234,39400.0,64.17,2026-08-03
TAINWALCHM,EQ,03-Aug-2026,197.14,195.01,217.8,195.01,206.82,20128,42.58,915,9090.0,45.16,2026-08-03
TAJGVK,EQ,03-Aug-2026,363.25,363.95,374.0,361.2,363.45,198799,731.92,7630,89127.0,44.83,2026-08-03
TAKE,EQ,03-Aug-2026,21.42,21.99,22.45,21.0,22.36,596965,131.7,1220,529330.0,88.67,2026-08-03
TALBROAUTO,EQ,03-Aug-2026,407.75,417.0,424.0,410.5,417.65,180850,756.18,6265,111494.0,61.65,2026-08-03
TAMBOLIIN,BE,03-Aug-2026,208.79,210.0,217.6,205.0,210.46,14737,31.03,53,,,2026-08-03
TANKUP,ST,03-Aug-2026,1150.0,1150.0,1150.0,1150.0,1150.0,1250,14.38,5,1250.0,100.0,2026-08-03
TANLA,EQ,03-Aug-2026,586.55,591.9,618.55,591.0,614.15,1281918,7821.54,29258,478997.0,37.37,2026-08-03
TARACHAND,EQ,03-Aug-2026,55.12,55.55,59.25,55.02,58.84,217541,125.78,1846,145356.0,66.82,2026-08-03
TARAPUR,EQ,03-Aug-2026,16.6,16.71,17.4,15.77,15.77,109832,17.72,424,87072.0,79.28,2026-08-03
TARC,EQ,03-Aug-2026,137.25,136.7,137.93,135.4,135.7,431816,589.32,4991,219784.0,50.9,2026-08-03
TARIL,EQ,03-Aug-2026,296.5,299.05,302.5,295.0,295.5,989409,2945.86,17715,542072.0,54.79,2026-08-03
TARMAT,EQ,03-Aug-2026,49.33,49.33,50.47,48.56,50.13,8709,4.35,73,7007.0,80.46,2026-08-03
TARSONS,EQ,03-Aug-2026,314.6,317.9,323.45,316.0,317.4,107915,343.96,2712,62353.0,57.78,2026-08-03
TASTYBITE,EQ,03-Aug-2026,9236.5,9236.5,9550.0,9231.0,9430.0,3497,329.95,1224,1453.0,41.55,2026-08-03
TATACAP,EQ,03-Aug-2026,365.4,365.4,370.45,359.9,364.75,1730931,6363.86,34305,919980.0,53.15,2026-08-03
TATACHEM,EQ,03-Aug-2026,673.55,673.6,679.9,672.8,674.65,369029,2495.04,11066,194086.0,52.59,2026-08-03
TATACOMM,EQ,03-Aug-2026,1756.4,1765.9,1793.8,1755.0,1780.1,206782,3681.55,16237,139621.0,67.52,2026-08-03
TATACONSUM,EQ,03-Aug-2026,1083.1,1085.0,1110.0,1083.1,1110.0,1322017,14470.4,45529,908775.0,68.74,2026-08-03
TATAELXSI,EQ,03-Aug-2026,3672.9,3704.6,3765.0,3678.0,3761.9,322468,12061.81,27422,142262.0,44.12,2026-08-03
TATAGOLD,EQ,03-Aug-2026,13.78,13.78,13.88,13.7,13.78,38629129,5326.11,100543,16424880.0,42.52,2026-08-03
TATAINVEST,EQ,03-Aug-2026,679.45,685.55,687.0,673.2,676.65,133851,908.93,9071,63546.0,47.48,2026-08-03
TATAPOWER,EQ,03-Aug-2026,380.7,382.0,382.9,378.05,382.0,2051770,7824.64,39777,1012779.0,49.36,2026-08-03
TATASTEEL,EQ,03-Aug-2026,189.69,192.94,193.5,188.49,191.0,27563681,52478.81,196348,14497294.0,52.6,2026-08-03
TATATECH,EQ,03-Aug-2026,747.65,748.55,768.9,748.0,763.8,814680,6205.16,29830,351454.0,43.14,2026-08-03
TATSILV,EQ,03-Aug-2026,20.99,20.99,21.17,20.83,20.98,29146967,6132.79,64965,8919891.0,30.6,2026-08-03
TATVA,EQ,03-Aug-2026,1788.2,1827.0,1838.1,1750.6,1771.0,114209,2062.11,8980,42414.0,37.14,2026-08-03
TAURIAN,SM,03-Aug-2026,384.0,386.0,405.0,386.0,399.55,30400,120.45,37,20000.0,65.79,2026-08-03
TBI,SM,03-Aug-2026,62.25,63.0,65.5,63.0,63.95,12600,8.09,20,9000.0,71.43,2026-08-03
TBOTEK,EQ,03-Aug-2026,1531.2,1542.9,1677.6,1540.4,1615.9,1205579,19649.31,69102,250368.0,20.77,2026-08-03
TBZ,EQ,03-Aug-2026,276.34,277.5,292.0,275.0,287.7,1976511,5663.08,30087,498079.0,25.2,2026-08-03
TCC,EQ,03-Aug-2026,289.65,322.0,322.0,286.85,291.5,44750,134.16,1366,19921.0,44.52,2026-08-03
TCI,EQ,03-Aug-2026,930.5,930.1,944.95,909.25,914.6,71624,659.45,5853,46167.0,64.46,2026-08-03
TCIEXP,EQ,03-Aug-2026,541.65,541.65,567.0,540.4,557.25,52562,292.4,3118,20504.0,39.01,2026-08-03
TCIFINANCE,BE,03-Aug-2026,14.91,15.2,15.24,14.9,15.14,8381,1.26,96,,,2026-08-03
TCL,SM,03-Aug-2026,118.75,120.0,125.0,118.0,122.5,45600,55.2,31,39200.0,85.96,2026-08-03
TCPLPACK,EQ,03-Aug-2026,3153.4,3165.0,3280.5,3165.0,3250.8,4103,132.84,916,2114.0,51.52,2026-08-03
TCS,EQ,03-Aug-2026,2365.6,2383.9,2473.7,2383.0,2473.7,3036839,73777.69,130409,1495100.0,49.23,2026-08-03
TDPOWERSYS,EQ,03-Aug-2026,1131.0,1145.0,1152.7,1106.1,1112.4,711212,7997.13,37887,331538.0,46.62,2026-08-03
TEAMGTY,EQ,03-Aug-2026,215.32,228.7,229.0,217.11,223.48,210,0.47,41,118.0,56.19,2026-08-03
TEAMLEASE,EQ,03-Aug-2026,1234.9,1238.9,1256.0,1235.0,1239.8,73578,916.21,6966,54447.0,74.0,2026-08-03
TEAMTECH,ST,03-Aug-2026,116.75,118.5,120.0,116.25,119.2,58000,68.27,21,58000.0,100.0,2026-08-03
TECH,EQ,03-Aug-2026,33.65,34.17,34.58,33.77,34.48,137169,46.97,367,89472.0,65.23,2026-08-03
TECHD,ST,03-Aug-2026,611.05,618.95,618.95,603.0,611.9,4200,25.56,14,3300.0,78.57,2026-08-03
TECHERA,SM,03-Aug-2026,150.75,153.4,154.9,150.0,154.6,52800,81.0,63,35200.0,66.67,2026-08-03
TECHLABS,ST,03-Aug-2026,126.65,129.9,130.9,123.0,126.1,6625,8.41,42,5500.0,83.02,2026-08-03
TECHM,EQ,03-Aug-2026,1651.3,1663.4,1670.0,1634.3,1649.0,4154154,68356.06,69410,3115810.0,75.0,2026-08-03
TECHNOE,EQ,03-Aug-2026,980.3,998.0,1012.0,985.35,999.4,145672,1456.3,9608,78826.0,54.11,2026-08-03
TECHNVISN,EQ,03-Aug-2026,4470.2,4344.3,4470.5,4302.6,4466.1,261,11.57,101,151.0,57.85,2026-08-03
TECILCHEM,EQ,03-Aug-2026,9.68,9.6,10.2,9.6,10.05,2720,0.27,46,2648.0,97.35,2026-08-03
TEGA,EQ,03-Aug-2026,1485.5,1485.5,1613.0,1485.5,1587.7,631620,9885.69,45272,203549.0,32.23,2026-08-03
TEJA,SM,03-Aug-2026,676.85,775.0,775.0,680.0,681.55,23400,161.2,38,7800.0,33.33,2026-08-03
TEJASNET,EQ,03-Aug-2026,513.0,517.95,527.35,516.15,519.6,835876,4361.18,17336,233993.0,27.99,2026-08-03
TEMBO,EQ,03-Aug-2026,553.25,563.05,574.2,554.8,560.4,282121,1597.54,8333,144690.0,51.29,2026-08-03
TENNIND,EQ,03-Aug-2026,537.95,543.0,553.9,540.65,544.6,1154720,6315.53,46338,810272.0,70.17,2026-08-03
TERASOFT,EQ,03-Aug-2026,376.6,384.75,395.4,370.25,389.1,8534,33.18,461,4659.0,54.59,2026-08-03
TEXINFRA,EQ,03-Aug-2026,113.99,114.5,115.05,113.13,113.93,94532,108.04,755,77506.0,81.99,2026-08-03
TEXMOPIPES,EQ,03-Aug-2026,42.88,43.09,43.85,42.76,42.99,18526,7.99,193,14567.0,78.63,2026-08-03
TEXRAIL,EQ,03-Aug-2026,111.39,112.49,114.1,112.26,112.91,1465480,1658.55,8709,706516.0,48.21,2026-08-03
TFCILTD,EQ,03-Aug-2026,101.87,103.1,107.25,103.1,105.62,13190800,13980.52,28817,5215176.0,39.54,2026-08-03
TFL,EQ,03-Aug-2026,11.12,11.36,11.7,11.03,11.14,7121,0.8,44,5253.0,73.77,2026-08-03
TGBHOTELS,EQ,03-Aug-2026,9.38,9.47,9.62,9.0,9.27,28089,2.6,119,20752.0,73.88,2026-08-03
TGL,ST,03-Aug-2026,18.75,19.5,19.5,18.2,19.2,8600,1.63,25,7600.0,88.37,2026-08-03
THACKER,BE,03-Aug-2026,1010.0,1020.0,1050.0,981.1,1050.0,41,0.41,12,,,2026-08-03
THAKDEV,EQ,03-Aug-2026,141.18,136.01,148.0,135.0,140.47,230,0.32,19,198.0,86.09,2026-08-03
THANGAMAYL,EQ,03-Aug-2026,5226.5,5175.0,5175.0,4965.5,4965.5,358583,17988.58,27142,152185.0,42.44,2026-08-03
THEINVEST,EQ,03-Aug-2026,97.61,100.66,101.99,98.79,101.23,15629,15.75,213,12780.0,81.77,2026-08-03
THEJO,EQ,03-Aug-2026,2108.7,2135.0,2189.5,2098.1,2169.1,21034,452.83,2976,11471.0,54.54,2026-08-03
THELEELA,EQ,03-Aug-2026,494.6,505.0,517.95,498.0,501.8,2192952,11152.42,61550,1071189.0,48.85,2026-08-03
THEMISMED,EQ,03-Aug-2026,105.22,105.23,108.4,105.23,107.06,29219,31.37,858,15074.0,51.59,2026-08-03
THERMAX,EQ,03-Aug-2026,4306.0,4302.5,4319.0,4070.8,4122.2,707697,29304.43,81689,307620.0,43.47,2026-08-03
THESL,ST,03-Aug-2026,19.95,20.9,20.9,20.9,20.9,9000,1.88,3,9000.0,100.0,2026-08-03
THOMASCOOK,EQ,03-Aug-2026,104.27,106.0,109.9,105.9,107.15,2230082,2413.01,14105,877391.0,39.34,2026-08-03
THOMASCOTT,EQ,03-Aug-2026,298.45,298.45,322.0,298.3,311.25,20575,62.99,771,13158.0,63.95,2026-08-03
THYROCARE,EQ,03-Aug-2026,579.0,583.0,608.0,582.5,592.55,642124,3834.47,22371,357883.0,55.73,2026-08-03
TI,EQ,03-Aug-2026,465.15,465.9,481.0,464.2,465.8,1070931,5061.86,23489,573206.0,53.52,2026-08-03
TICL,BE,03-Aug-2026,9.57,9.57,9.7,9.25,9.63,70353,6.74,161,,,2026-08-03
TIGERLOGS,BE,03-Aug-2026,28.37,28.89,29.4,27.33,27.44,207337,58.53,939,,,2026-08-03
TIIL,EQ,03-Aug-2026,2580.5,2580.0,2675.0,2580.0,2628.2,9022,238.17,1810,4861.0,53.88,2026-08-03
TIINDIA,EQ,03-Aug-2026,2753.0,2810.0,2813.0,2723.2,2766.0,227956,6296.66,33079,106838.0,46.87,2026-08-03
TIJARIA,EQ,03-Aug-2026,5.03,5.34,5.49,4.91,4.98,185584,9.37,298,142543.0,76.81,2026-08-03
TIL,EQ,03-Aug-2026,252.38,255.05,267.85,248.55,259.9,1915163,4994.18,27956,524269.0,27.37,2026-08-03
TIMETECHNO,EQ,03-Aug-2026,208.56,211.0,213.4,203.92,210.15,3019188,6334.79,27878,806338.0,26.71,2026-08-03
TIMEX,EQ,03-Aug-2026,532.05,533.65,553.6,532.0,549.25,257413,1404.24,13422,129567.0,50.33,2026-08-03
TIMKEN,EQ,03-Aug-2026,3145.4,3145.0,3241.2,3138.1,3216.1,40209,1283.76,8798,23709.0,58.96,2026-08-03
TINNARUBR,EQ,03-Aug-2026,1114.4,1130.0,1145.0,1084.0,1106.8,111490,1238.35,9168,42671.0,38.27,2026-08-03
TIPSFILMS,EQ,03-Aug-2026,386.2,388.85,397.75,373.6,379.0,11805,45.49,695,6232.0,52.79,2026-08-03
TIPSMUSIC,EQ,03-Aug-2026,668.05,668.05,694.45,666.35,688.55,276541,1897.44,14755,106890.0,38.65,2026-08-03
TIRUMALCHM,EQ,03-Aug-2026,174.25,175.25,183.74,175.0,183.12,747837,1357.06,9944,486321.0,65.03,2026-08-03
TIRUPATIFL,BE,03-Aug-2026,70.0,69.0,73.5,69.0,73.1,418783,300.95,1109,,,2026-08-03
TITAGARH,EQ,03-Aug-2026,825.2,825.4,869.9,825.4,859.05,929203,7947.67,35752,244406.0,26.3,2026-08-03
TITAN,EQ,03-Aug-2026,4875.2,4875.2,5000.0,4851.8,5000.0,505420,24752.65,48696,321717.0,63.65,2026-08-03
TMB,EQ,03-Aug-2026,851.7,864.9,879.4,855.45,861.55,226900,1969.15,17410,106206.0,46.81,2026-08-03
TMCV,EQ,03-Aug-2026,436.8,440.0,455.15,434.55,452.5,17112543,76934.26,249132,9302583.0,54.36,2026-08-03
TMPV,EQ,03-Aug-2026,339.75,344.5,350.45,343.5,349.3,12027810,41816.54,112136,5222768.0,43.42,2026-08-03
TNIDETF,EQ,03-Aug-2026,88.49,87.16,91.4,87.16,90.53,252979,227.16,1259,202627.0,80.1,2026-08-03
TNPETRO,EQ,03-Aug-2026,96.5,96.5,98.3,95.96,97.85,89849,87.54,1200,47671.0,53.06,2026-08-03
TNPL,EQ,03-Aug-2026,150.68,151.5,156.7,151.44,154.88,254861,395.25,3932,150269.0,58.96,2026-08-03
TNTELE,EQ,03-Aug-2026,9.08,9.08,9.24,9.0,9.11,6202,0.57,59,3236.0,52.18,2026-08-03
TOKYOPLAST,BE,03-Aug-2026,76.5,76.5,79.99,75.0,79.0,1426,1.1,44,,,2026-08-03
TOLINS,EQ,03-Aug-2026,102.21,104.07,104.3,102.82,103.82,74883,77.73,591,57725.0,77.09,2026-08-03
TOP100CASE,EQ,03-Aug-2026,10.68,10.83,10.83,10.68,10.79,719530,77.6,1939,527421.0,73.3,2026-08-03
TOP10ADD,EQ,03-Aug-2026,88.32,89.13,89.69,89.0,89.56,124240,111.21,927,86072.0,69.28,2026-08-03
TOP15IETF,EQ,03-Aug-2026,10.02,9.76,10.16,9.76,10.03,376593,38.13,433,349447.0,92.79,2026-08-03
TOP20,EQ,03-Aug-2026,9.03,9.1,9.18,9.07,9.14,138749,12.64,167,134878.0,97.21,2026-08-03
TORNTPHARM,EQ,03-Aug-2026,5122.8,5250.0,5250.0,5007.5,5050.0,841750,42731.55,74887,500847.0,59.5,2026-08-03
TORNTPOWER,EQ,03-Aug-2026,1413.3,1422.0,1423.8,1387.2,1391.7,337462,4717.64,22970,224101.0,66.41,2026-08-03
TOTAL,EQ,03-Aug-2026,49.28,49.28,53.33,49.0,52.05,8190,4.16,111,5859.0,71.54,2026-08-03
TOUCHWOOD,EQ,03-Aug-2026,66.24,67.44,67.44,66.06,66.45,155,0.1,16,103.0,66.45,2026-08-03
TPHQ,EQ,03-Aug-2026,0.42,0.42,0.44,0.42,0.42,1122867,4.8,325,689187.0,61.38,2026-08-03
TPLPLASTEH,EQ,03-Aug-2026,79.31,79.5,82.0,79.5,81.26,123751,99.88,1332,39439.0,31.87,2026-08-03
TRACXN,EQ,03-Aug-2026,30.35,30.03,30.84,30.03,30.44,68640,20.99,768,45415.0,66.16,2026-08-03
TRANSPEK,EQ,03-Aug-2026,1321.3,1364.0,1447.9,1311.6,1414.5,175728,2409.83,13964,23597.0,13.43,2026-08-03
TRANSRAILL,EQ,03-Aug-2026,502.95,502.95,507.65,493.8,500.25,302458,1521.71,12365,140228.0,46.36,2026-08-03
TRANSTEEL,SM,03-Aug-2026,123.6,120.8,121.1,114.0,115.95,125000,145.52,52,109000.0,87.2,2026-08-03
TRANSWORLD,BE,03-Aug-2026,162.21,162.21,164.0,158.01,161.66,16892,26.95,136,,,2026-08-03
TRAVELFOOD,EQ,03-Aug-2026,1302.9,1293.0,1348.0,1292.7,1344.6,37161,495.32,6374,22523.0,60.61,2026-08-03
TREEHOUSE,EQ,03-Aug-2026,6.36,6.48,6.48,6.29,6.36,8505,0.55,93,8063.0,94.8,2026-08-03
TREJHARA,EQ,03-Aug-2026,134.76,134.0,136.19,134.0,135.95,8426,11.43,310,7008.0,83.17,2026-08-03
TREL,EQ,03-Aug-2026,24.25,24.25,24.77,23.96,24.17,80905,19.68,335,56119.0,69.36,2026-08-03
TRENT,EQ,03-Aug-2026,3005.9,3035.0,3050.0,3002.9,3050.0,883208,26698.57,53186,478422.0,54.17,2026-08-03
TRF,EQ,03-Aug-2026,225.93,226.0,233.99,226.0,228.56,86597,198.88,2657,23349.0,26.96,2026-08-03
TRIDENT,EQ,03-Aug-2026,24.71,24.83,25.23,24.83,24.94,2924262,732.08,11462,1437680.0,49.16,2026-08-03
TRIGYN,EQ,03-Aug-2026,53.72,55.0,55.44,53.72,54.89,27576,15.01,643,15510.0,56.24,2026-08-03
TRITURBINE,EQ,03-Aug-2026,601.7,602.65,616.0,602.65,611.6,403135,2460.97,29478,196538.0,48.75,2026-08-03
TRIVENI,BE,03-Aug-2026,221.5,226.0,232.57,226.0,232.3,623781,1449.3,3535,,,2026-08-03
TROM,ST,03-Aug-2026,58.1,61.0,61.0,60.0,61.0,4200,2.54,7,4200.0,100.0,2026-08-03
TRU,EQ,03-Aug-2026,4.6,4.5,4.8,4.46,4.71,117710,5.5,236,86710.0,73.66,2026-08-03
TRUALT,EQ,03-Aug-2026,423.0,424.9,439.0,422.5,437.85,184496,796.9,5191,102726.0,55.68,2026-08-03
TRUST,SM,03-Aug-2026,28.5,28.65,29.8,28.15,29.8,10200,2.97,17,7800.0,76.47,2026-08-03
TSC,SM,03-Aug-2026,39.4,45.95,47.25,45.0,47.25,84000,39.15,28,70000.0,83.33,2026-08-03
TSFINV,EQ,03-Aug-2026,452.5,455.1,461.0,452.95,454.3,38493,175.72,2361,21248.0,55.2,2026-08-03
TTKHLTCARE,EQ,03-Aug-2026,1024.5,1030.0,1094.0,1030.0,1049.2,32751,347.27,5877,15841.0,48.37,2026-08-03
TTKPRESTIG,EQ,03-Aug-2026,641.6,648.0,653.75,636.2,644.3,82001,530.33,5078,32565.0,39.71,2026-08-03
TTL,EQ,03-Aug-2026,6.42,6.47,6.6,6.3,6.37,192564,12.34,327,144192.0,74.88,2026-08-03
TTML,EQ,03-Aug-2026,39.95,40.75,40.87,40.11,40.21,1280580,516.88,7046,586725.0,45.82,2026-08-03
TUNWAL,SM,03-Aug-2026,26.05,26.15,26.15,25.95,26.0,20000,5.21,10,18000.0,90.0,2026-08-03
TURTLEMINT,EQ,03-Aug-2026,120.1,121.3,121.6,116.5,117.57,246639,293.95,4068,110658.0,44.87,2026-08-03
TVSELECT,EQ,03-Aug-2026,489.3,489.9,509.35,489.9,495.6,47235,235.86,2597,17642.0,37.35,2026-08-03
TVSHLTD,EQ,03-Aug-2026,14713.0,14800.0,14950.0,14800.0,14836.0,2983,443.03,1305,1893.0,63.46,2026-08-03
TVSMOTOR,EQ,03-Aug-2026,4313.1,4336.5,4389.0,4281.9,4389.0,1612965,69854.16,79715,906635.0,56.21,2026-08-03
TVSSCS,EQ,03-Aug-2026,135.11,136.5,139.18,136.11,136.9,296279,408.19,3881,163873.0,55.31,2026-08-03
TVSSRICHAK,EQ,03-Aug-2026,3931.1,3910.0,4049.0,3900.0,3987.9,5375,213.24,1182,3351.0,62.34,2026-08-03
TVTODAY,EQ,03-Aug-2026,113.69,113.69,118.2,113.69,115.76,46794,54.67,1019,25623.0,54.76,2026-08-03
TVVISION,EQ,03-Aug-2026,4.56,4.88,4.88,4.5,4.72,20790,0.97,78,13740.0,66.09,2026-08-03
TWCGOLDETF,EQ,03-Aug-2026,141.35,141.35,141.83,140.51,141.58,984,1.39,111,654.0,66.46,2026-08-03
UBL,EQ,03-Aug-2026,1418.8,1437.0,1464.0,1430.0,1438.4,154717,2234.54,9755,78440.0,50.7,2026-08-03
UCAL,EQ,03-Aug-2026,114.53,115.01,117.1,113.0,113.51,5323,6.1,129,4637.0,87.11,2026-08-03
UCL,ST,03-Aug-2026,204.95,204.95,208.9,204.95,208.9,4000,8.28,2,4000.0,100.0,2026-08-03
UCOBANK,EQ,03-Aug-2026,26.17,26.4,26.58,26.28,26.31,3408343,900.42,10111,1576947.0,46.27,2026-08-03
UDS,EQ,03-Aug-2026,203.28,205.0,207.5,202.2,206.06,301334,620.06,7902,144350.0,47.9,2026-08-03
UEL,EQ,03-Aug-2026,153.73,172.5,184.47,163.15,184.47,211631,382.18,2481,55517.0,26.23,2026-08-03
UFBL,EQ,03-Aug-2026,701.65,708.95,708.95,677.0,700.45,101664,703.76,3309,53280.0,52.41,2026-08-03
UFLEX,EQ,03-Aug-2026,470.65,473.0,491.95,472.65,482.25,103064,498.36,4273,41141.0,39.92,2026-08-03
UFO,EQ,03-Aug-2026,65.15,65.0,69.39,65.0,68.86,76131,51.57,762,59117.0,77.65,2026-08-03
UGARSUGAR,EQ,03-Aug-2026,40.69,40.61,42.95,40.55,42.56,255780,108.14,2299,124649.0,48.73,2026-08-03
UGROCAP,EQ,03-Aug-2026,95.45,96.4,106.38,96.07,97.63,6281719,6313.33,45137,1301560.0,20.72,2026-08-03
UHTL,ST,03-Aug-2026,108.8,110.0,113.9,109.0,109.0,30000,33.22,15,28000.0,93.33,2026-08-03
UJJIVANSFB,EQ,03-Aug-2026,71.75,72.89,73.1,71.0,71.14,13435710,9699.25,44012,7203524.0,53.61,2026-08-03
ULTRACEMCO,EQ,03-Aug-2026,11903.0,11940.0,12054.0,11905.0,12054.0,159579,19154.0,20922,82602.0,51.76,2026-08-03
ULTRAMAR,EQ,03-Aug-2026,387.25,394.9,394.9,382.35,385.2,27753,107.05,1946,24597.0,88.63,2026-08-03
UMA,SM,03-Aug-2026,15.05,15.1,15.1,14.5,14.95,52000,7.71,9,40000.0,76.92,2026-08-03
UMAEXPORTS,BE,03-Aug-2026,20.13,20.37,20.7,20.01,20.42,14282,2.92,89,,,2026-08-03
UMESLTD,EQ,03-Aug-2026,5.46,5.51,5.64,5.4,5.51,9408,0.52,63,7279.0,77.37,2026-08-03
UMIYA-MRO,EQ,03-Aug-2026,88.81,89.1,89.9,87.15,88.15,12249,10.79,164,8955.0,73.11,2026-08-03
UNICHEMLAB,EQ,03-Aug-2026,513.4,514.0,518.65,502.25,505.25,65951,334.69,3765,28387.0,43.04,2026-08-03
UNIDT,BE,03-Aug-2026,222.98,225.2,233.9,215.35,231.63,14187,32.37,210,,,2026-08-03
UNIECOM,EQ,03-Aug-2026,84.71,85.02,86.76,85.02,86.21,261395,225.42,2262,166419.0,63.67,2026-08-03
UNIENTER,EQ,03-Aug-2026,94.92,94.92,98.19,94.92,97.08,4101,3.99,134,3248.0,79.2,2026-08-03
UNIHEALTH,SM,03-Aug-2026,750.0,735.0,819.0,734.0,807.35,31000,239.13,53,22500.0,72.58,2026-08-03
UNIINFO,BE,03-Aug-2026,12.0,11.76,12.55,11.4,12.15,1076,0.13,23,,,2026-08-03
UNILEX,SM,03-Aug-2026,26.75,26.65,26.7,26.65,26.7,3200,0.85,2,3200.0,100.0,2026-08-03
UNIMECH,EQ,03-Aug-2026,1235.9,1265.9,1304.9,1235.9,1259.8,152774,1953.86,12315,68394.0,44.77,2026-08-03
UNIONBANK,EQ,03-Aug-2026,171.24,171.4,175.74,171.4,174.0,8353185,14559.04,42709,3600747.0,43.11,2026-08-03
UNIONGOLD,EQ,03-Aug-2026,138.55,139.05,139.9,138.8,138.8,2454,3.41,71,968.0,39.45,2026-08-03
UNIPARTS,EQ,03-Aug-2026,728.0,732.0,745.0,726.1,737.45,134584,991.41,7082,87103.0,64.72,2026-08-03
UNITDSPR,EQ,03-Aug-2026,1515.9,1515.0,1530.0,1512.7,1530.0,410981,6255.06,30170,240696.0,58.57,2026-08-03
UNITECH,EQ,03-Aug-2026,4.28,4.38,4.39,4.23,4.26,3574683,153.65,2720,1997603.0,55.88,2026-08-03
UNITEDPOLY,BE,03-Aug-2026,30.69,31.0,31.0,29.61,29.73,8301,2.51,124,,,2026-08-03
UNITEDTEA,EQ,03-Aug-2026,480.95,480.95,481.0,465.3,472.8,1194,5.65,104,878.0,73.53,2026-08-03
UNIVAFOODS,BE,03-Aug-2026,8.99,8.57,8.99,8.57,8.6,12150,1.06,25,,,2026-08-03
UNIVASTU,BE,03-Aug-2026,136.68,137.5,141.0,132.11,139.97,269324,371.2,988,,,2026-08-03
UNIVCABLES,EQ,03-Aug-2026,1358.4,1368.9,1435.0,1362.1,1431.8,252927,3554.84,14261,116886.0,46.21,2026-08-03
UNIVPHOTO,BE,03-Aug-2026,475.0,484.0,488.5,476.0,480.4,1284,6.2,60,,,2026-08-03
UNOMINDA,EQ,03-Aug-2026,1180.5,1195.0,1219.6,1185.0,1210.0,818368,9882.67,39246,337443.0,41.23,2026-08-03
UPL,EQ,03-Aug-2026,604.3,606.45,622.6,598.0,620.0,2234338,13820.16,34705,1067209.0,47.76,2026-08-03
URAVIDEF,BE,03-Aug-2026,113.0,110.9,116.46,110.9,113.85,1677,1.9,51,,,2026-08-03
URBAN,SM,03-Aug-2026,135.8,139.9,142.5,137.05,138.8,80000,110.97,57,40800.0,51.0,2026-08-03
URBANCO,EQ,03-Aug-2026,129.39,136.33,152.21,136.3,146.19,92834272,136752.57,437214,16433084.0,17.7,2026-08-03
URJA,EQ,03-Aug-2026,9.09,9.18,10.37,9.15,10.06,5881622,584.73,11468,2738173.0,46.55,2026-08-03
USASEEDS,SM,03-Aug-2026,85.85,81.6,85.7,81.6,85.7,1284,1.08,3,428.0,33.33,2026-08-03
USHAFIN,SM,03-Aug-2026,36.0,37.45,38.0,36.15,37.0,36800,13.79,15,35200.0,95.65,2026-08-03
USHAMART,EQ,03-Aug-2026,495.95,503.0,513.0,500.0,504.05,557146,2832.87,16664,297569.0,53.41,2026-08-03
USK,EQ,03-Aug-2026,22.25,22.1,22.89,21.75,22.43,16660,3.73,148,11208.0,67.27,2026-08-03
UTIAMC,EQ,03-Aug-2026,903.1,911.55,917.85,904.5,915.75,290426,2643.68,11095,207622.0,71.49,2026-08-03
UTKAL,SM,03-Aug-2026,40.05,38.05,38.05,38.05,38.05,52000,19.79,19,50000.0,96.15,2026-08-03
UTKARSHBNK,EQ,03-Aug-2026,14.62,15.0,15.14,14.3,14.56,14520349,2124.99,29183,6011579.0,41.4,2026-08-03
UTLSOLAR,EQ,03-Aug-2026,380.5,387.0,394.0,385.2,389.3,341058,1329.96,21055,174897.0,51.28,2026-08-03
UTSSAV,ST,03-Aug-2026,518.0,529.0,530.0,510.0,516.15,21600,112.18,33,20400.0,94.44,2026-08-03
UTTAMSUGAR,EQ,03-Aug-2026,222.33,223.4,243.0,223.0,240.45,459755,1094.3,10757,124856.0,27.16,2026-08-03
UYFINCORP,EQ,03-Aug-2026,19.95,19.8,19.94,19.53,19.76,245080,48.44,1319,114594.0,46.76,2026-08-03
V2RETAIL,EQ,03-Aug-2026,219.33,218.5,223.36,216.0,218.64,976692,2140.94,16319,459911.0,47.09,2026-08-03
VADILALIND,EQ,03-Aug-2026,7214.5,7214.5,7478.5,7211.0,7356.5,24838,1831.02,7167,8707.0,35.06,2026-08-03
VAIBHAVGBL,EQ,03-Aug-2026,266.36,267.0,272.9,264.0,265.7,388078,1040.4,7594,194496.0,50.12,2026-08-03
VAISHALI,EQ,03-Aug-2026,7.35,7.7,7.7,7.35,7.64,114111,8.66,173,90122.0,78.98,2026-08-03
VAKRANGEE,EQ,03-Aug-2026,5.97,5.97,6.05,5.95,5.99,706924,42.46,1552,474356.0,67.1,2026-08-03
VAL30IETF,EQ,03-Aug-2026,15.42,15.2,15.66,15.2,15.52,295710,45.94,680,204617.0,69.2,2026-08-03
VALIANTLAB,BE,03-Aug-2026,60.74,60.74,62.3,59.5,61.74,41581,25.13,164,,,2026-08-03
VALIANTORG,BE,03-Aug-2026,266.7,266.0,280.0,265.0,280.0,33456,92.56,297,,,2026-08-03
VALUE,EQ,03-Aug-2026,16.23,16.32,16.4,16.32,16.35,38463,6.29,110,23785.0,61.84,2026-08-03
VALUE360,SM,03-Aug-2026,74.0,74.0,80.7,74.0,74.05,22800,17.14,19,13200.0,57.89,2026-08-03
VALUEAXIS,EQ,03-Aug-2026,33.06,33.06,33.37,32.76,33.18,59247,19.69,381,38774.0,65.44,2026-08-03
VAML,EQ,03-Aug-2026,454.2,457.0,461.9,451.1,459.95,8502145,38957.34,101247,5194525.0,61.1,2026-08-03
VARDHACRLC,BE,03-Aug-2026,44.91,45.3,45.93,44.91,45.11,37804,17.18,228,,,2026-08-03
VARDMNPOLY,EQ,03-Aug-2026,5.97,6.09,6.16,6.06,6.12,169091,10.36,297,139456.0,82.47,2026-08-03
VARROC,EQ,03-Aug-2026,679.2,687.65,706.95,681.25,686.9,365591,2538.05,19886,156065.0,42.69,2026-08-03
VASCONEQ,BE,03-Aug-2026,31.95,32.11,33.54,31.85,33.26,355374,116.94,867,,,2026-08-03
VASWANI,EQ,03-Aug-2026,51.58,52.01,52.98,51.62,51.81,14751,7.69,182,11923.0,80.83,2026-08-03
VBL,EQ,03-Aug-2026,442.3,444.0,450.0,442.6,445.0,6028529,26916.38,56721,3644826.0,60.46,2026-08-03
VCL,EQ,03-Aug-2026,1.07,1.11,1.12,1.09,1.12,66491,0.74,72,66491.0,100.0,2026-08-03
VDEAL,SM,03-Aug-2026,164.0,167.0,167.0,165.8,165.8,1200,2.0,2,1200.0,100.0,2026-08-03
VEDL,EQ,03-Aug-2026,264.25,267.9,268.8,264.5,267.25,6725800,17924.74,68130,3271982.0,48.65,2026-08-03
VEDPOWER,EQ,03-Aug-2026,34.52,34.9,35.64,34.45,35.2,18829447,6603.76,45201,8660056.0,45.99,2026-08-03
VEEDOL,EQ,03-Aug-2026,1399.5,1406.9,1420.9,1403.0,1412.2,9104,128.49,1051,5705.0,62.66,2026-08-03
VEEKAYEM,SM,03-Aug-2026,126.0,126.0,126.0,119.7,126.0,6500,8.13,5,6500.0,100.0,2026-08-03
VELJAN,BE,03-Aug-2026,1757.3,1794.0,1794.0,1669.5,1694.3,2623,44.27,174,,,2026-08-03
VENKEYS,EQ,03-Aug-2026,1499.4,1508.6,1578.0,1508.6,1565.0,81484,1260.59,5777,45691.0,56.07,2026-08-03
VENTIVE,EQ,03-Aug-2026,624.6,634.0,634.0,616.0,622.25,18953,118.26,1456,10894.0,57.48,2026-08-03
VENUSPIPES,EQ,03-Aug-2026,1666.1,1700.0,1700.0,1540.1,1564.3,321514,5063.7,25197,162659.0,50.59,2026-08-03
VENUSREM,BE,03-Aug-2026,1581.6,1567.1,1600.0,1520.0,1584.1,21239,334.59,1392,,,2026-08-03
VERANDA,EQ,03-Aug-2026,259.09,261.0,265.5,248.0,254.45,1362459,3463.89,21665,502310.0,36.87,2026-08-03
VERTIS,IV,03-Aug-2026,106.5,112.0,112.0,112.0,112.0,25000,28.0,1,25000.0,100.0,2026-08-03
VERTOZ,BE,03-Aug-2026,35.54,35.87,36.4,35.3,35.61,57895,20.74,260,,,2026-08-03
VESUVIUS,EQ,03-Aug-2026,443.75,444.3,459.0,444.3,451.4,62578,283.91,3812,31025.0,49.58,2026-08-03
VETO,BE,03-Aug-2026,121.38,121.38,124.0,120.6,123.17,7499,9.19,126,,,2026-08-03
VGINFOTECH,SM,03-Aug-2026,149.5,145.25,154.6,145.25,153.0,16000,24.3,16,10000.0,62.5,2026-08-03
VGL,EQ,03-Aug-2026,62.2,62.2,62.9,60.6,61.7,16310,10.12,591,5968.0,36.59,2026-08-03
VGUARD,EQ,03-Aug-2026,314.5,315.0,318.6,311.8,314.7,1522820,4796.23,39587,793737.0,52.12,2026-08-03
VHL,EQ,03-Aug-2026,3398.0,3398.0,3550.3,3398.0,3425.2,1443,50.25,267,1125.0,77.96,2026-08-03
VHLTD,BE,03-Aug-2026,134.13,136.0,136.0,128.55,133.0,5283,6.94,77,,,2026-08-03
VICTORYEV,ST,03-Aug-2026,16.05,16.05,16.7,15.8,16.4,18000,2.92,6,18000.0,100.0,2026-08-03
VIDHIING,EQ,03-Aug-2026,329.1,335.0,349.9,330.55,340.9,97996,333.73,4898,51065.0,52.11,2026-08-03
VIDYAWIRES,EQ,03-Aug-2026,91.64,92.4,93.5,92.06,93.23,524651,487.41,4059,328272.0,62.57,2026-08-03
VIESL,SM,03-Aug-2026,316.15,316.15,327.0,314.5,325.4,38400,124.23,48,30400.0,79.17,2026-08-03
VIGOR,ST,03-Aug-2026,91.7,90.0,96.25,87.2,93.05,52800,47.78,29,43200.0,81.82,2026-08-03
VIJAYA,EQ,03-Aug-2026,1344.4,1342.0,1369.7,1334.6,1354.0,110427,1497.1,12077,67714.0,61.32,2026-08-03
VIJIFIN,BE,03-Aug-2026,10.21,10.41,10.41,10.41,10.41,75577,7.87,54,,,2026-08-03
VIKASECO,EQ,03-Aug-2026,1.09,1.09,1.14,1.09,1.11,2204741,24.63,1186,1305946.0,59.23,2026-08-03
VIKASLIFE,EQ,03-Aug-2026,1.28,1.28,1.31,1.28,1.28,2566730,33.15,7760,940367.0,36.64,2026-08-03
VIKRAMSOLR,EQ,03-Aug-2026,177.65,180.0,181.8,177.3,177.8,1360118,2442.16,15345,684649.0,50.34,2026-08-03
VIKRAN,EQ,03-Aug-2026,72.19,72.7,73.84,72.1,72.54,1164030,850.04,5361,490282.0,42.12,2026-08-03
VILAS,SM,03-Aug-2026,348.95,348.95,363.95,348.95,358.35,8250,29.38,29,5750.0,69.7,2026-08-03
VILINBIO,SM,03-Aug-2026,40.0,40.0,41.6,40.0,41.6,8000,3.26,2,8000.0,100.0,2026-08-03
VIMTALABS,EQ,03-Aug-2026,608.85,605.05,625.0,605.05,620.15,200457,1235.06,8068,104888.0,52.32,2026-08-03
VINATIORGA,EQ,03-Aug-2026,1304.6,1304.9,1340.0,1304.9,1323.1,46628,617.93,5102,26055.0,55.88,2026-08-03
VINCOFE,EQ,03-Aug-2026,149.48,151.89,156.0,151.05,152.39,2097019,3228.04,16602,833851.0,39.76,2026-08-03
VINDHYATEL,EQ,03-Aug-2026,1985.9,2185.9,2383.0,2073.6,2383.0,605417,13689.15,48758,156429.0,25.84,2026-08-03
VINEETLAB,BE,03-Aug-2026,39.63,40.0,40.0,38.16,38.35,57576,22.38,96,,,2026-08-03
VINNY,EQ,03-Aug-2026,1.05,1.05,1.07,1.05,1.05,192610,2.03,154,176828.0,91.81,2026-08-03
VINSYS,ST,03-Aug-2026,549.8,555.0,568.0,550.0,550.0,6500,35.93,11,6250.0,96.15,2026-08-03
VINYAS,SM,03-Aug-2026,1252.75,1252.75,1260.5,1236.0,1245.6,8100,101.1,52,6300.0,77.78,2026-08-03
VINYLINDIA,EQ,03-Aug-2026,241.8,241.8,247.0,241.8,246.25,12773,31.32,349,6118.0,47.9,2026-08-03
VIPCLOTHNG,BE,03-Aug-2026,21.33,21.45,21.94,21.35,21.5,35072,7.59,104,,,2026-08-03
VIPIND,EQ,03-Aug-2026,298.95,301.95,315.3,299.1,310.4,431915,1333.89,9612,187633.0,43.44,2026-08-03
VIPULLTD,BE,03-Aug-2026,12.05,11.81,11.81,11.45,11.45,188669,21.72,412,,,2026-08-03
VIRINCHI,EQ,03-Aug-2026,15.2,15.64,15.64,15.12,15.32,69383,10.61,402,48722.0,70.22,2026-08-03
VISACHROME,BE,03-Aug-2026,37.75,38.85,38.85,37.85,37.85,16378,6.22,38,,,2026-08-03
VISAKAIND,EQ,03-Aug-2026,85.34,86.75,88.66,86.0,86.99,535341,468.79,4165,319982.0,59.77,2026-08-03
VISHNU,EQ,03-Aug-2026,613.25,602.5,622.1,593.0,599.7,280125,1693.09,11539,152189.0,54.33,2026-08-03
VISHNUINFR,SM,03-Aug-2026,158.45,159.2,160.0,157.5,159.85,6500,10.31,12,6000.0,92.31,2026-08-03
VISHWARAJ,EQ,03-Aug-2026,5.12,5.17,5.38,5.12,5.24,416008,21.74,653,254713.0,61.23,2026-08-03
VISHWAS,ST,03-Aug-2026,44.0,46.2,46.2,42.25,42.25,22400,10.29,2,22400.0,100.0,2026-08-03
VISL,EQ,03-Aug-2026,32.28,32.8,33.89,31.88,33.89,46832885,15422.18,54002,18342175.0,39.17,2026-08-03
VITAL,BE,03-Aug-2026,47.48,48.42,48.42,47.48,48.42,110,0.05,3,,,2026-08-03
VIVIANA,BE,03-Aug-2026,718.55,722.1,734.9,701.1,717.9,15056,108.31,340,,,2026-08-03
VIVIDEL,ST,03-Aug-2026,1218.25,1215.0,1275.0,1204.0,1231.8,19920,245.97,61,18480.0,92.77,2026-08-03
VIVIDHA,EQ,03-Aug-2026,0.52,0.55,0.55,0.51,0.52,449682,2.4,221,237379.0,52.79,2026-08-03
VIVIMEDLAB,BE,03-Aug-2026,5.08,5.18,5.33,4.97,4.98,248176,12.69,217,,,2026-08-03
VIVO,SM,03-Aug-2026,89.5,93.95,93.95,93.95,93.95,4800,4.51,3,4800.0,100.0,2026-08-03
VIYASH,EQ,03-Aug-2026,252.0,256.05,266.15,252.8,263.7,2970032,7771.15,34630,1491009.0,50.2,2026-08-03
VLEGOV,BE,03-Aug-2026,10.4,10.4,10.4,10.35,10.35,31765,3.29,146,,,2026-08-03
VLINFRA,SM,03-Aug-2026,28.75,27.25,28.55,27.25,28.55,15000,4.18,8,10500.0,70.0,2026-08-03
VLSFINANCE,EQ,03-Aug-2026,254.6,255.05,256.8,253.6,254.65,15584,39.81,304,12465.0,79.99,2026-08-03
VMARCIND,SM,03-Aug-2026,277.75,277.75,278.0,265.2,266.2,223500,601.93,147,148500.0,66.44,2026-08-03
VMART,EQ,03-Aug-2026,779.1,782.9,786.0,765.8,777.95,104165,808.74,7526,44908.0,43.11,2026-08-03
VMM,EQ,03-Aug-2026,107.1,107.65,111.39,107.11,111.2,12521867,13813.42,45565,6146463.0,49.09,2026-08-03
VMOBILE,SM,03-Aug-2026,81.3,84.0,84.0,77.25,78.2,70400,55.91,67,60000.0,85.23,2026-08-03
VMSTMT,BE,03-Aug-2026,44.66,45.0,45.32,43.95,44.38,28351,12.56,202,,,2026-08-03
VOEPL,EQ,03-Aug-2026,478.6,488.4,505.0,472.05,498.45,90890,447.01,3293,46397.0,51.05,2026-08-03
VOGL,EQ,03-Aug-2026,35.54,35.9,35.96,35.1,35.24,25163239,8932.6,47806,8391314.0,33.35,2026-08-03
VOLERCAR,SM,03-Aug-2026,216.05,217.05,228.0,217.05,224.0,4800,10.62,6,1600.0,33.33,2026-08-03
VOLTAMP,EQ,03-Aug-2026,9923.0,10215.0,10425.0,9886.0,10021.0,132224,13488.21,31827,63209.0,47.8,2026-08-03
VOLTAS,EQ,03-Aug-2026,1328.9,1328.9,1343.6,1315.0,1324.8,259054,3448.31,16495,98045.0,37.85,2026-08-03
VPRPL,BE,03-Aug-2026,27.03,27.03,28.2,27.0,28.05,179634,49.79,867,,,2026-08-03
VR,SM,03-Aug-2026,119.05,125.0,125.0,125.0,125.0,400,0.5,1,400.0,100.0,2026-08-03
VRAJ,EQ,03-Aug-2026,122.55,122.25,125.25,122.25,122.94,29729,36.63,713,22470.0,75.58,2026-08-03
VRLLOG,EQ,03-Aug-2026,265.65,265.65,273.3,260.75,272.1,842000,2255.8,12441,526079.0,62.48,2026-08-03
VSCL,ST,03-Aug-2026,29.0,28.0,28.0,28.0,28.0,12000,3.36,2,12000.0,100.0,2026-08-03
VSSL,EQ,03-Aug-2026,304.75,312.2,312.2,303.0,304.0,76665,235.08,2256,39054.0,50.94,2026-08-03
VSTIND,EQ,03-Aug-2026,221.5,221.5,223.56,217.0,219.29,522416,1148.76,9646,258093.0,49.4,2026-08-03
VSTL,EQ,03-Aug-2026,110.87,110.9,112.33,109.0,109.81,13699,15.08,287,10047.0,73.34,2026-08-03
VSTTILLERS,EQ,03-Aug-2026,4455.9,4464.0,4522.0,4442.4,4472.8,9030,404.8,2239,5592.0,61.93,2026-08-03
VTL,EQ,03-Aug-2026,585.8,585.8,592.0,576.0,588.35,480679,2801.51,19708,187925.0,39.1,2026-08-03
WAAREEENER,EQ,03-Aug-2026,2680.2,2705.0,2719.0,2670.2,2676.0,671684,18074.27,37056,278957.0,41.53,2026-08-03
WAAREEINDO,EQ,03-Aug-2026,306.7,310.0,322.0,305.6,322.0,97025,306.32,3074,62830.0,64.76,2026-08-03
WAAREERTL,EQ,03-Aug-2026,913.2,913.2,925.0,913.2,919.65,105874,974.02,5853,53339.0,50.38,2026-08-03
WABAG,EQ,03-Aug-2026,1977.2,1987.3,2027.0,1971.0,2012.0,760477,15167.77,38957,371089.0,48.8,2026-08-03
WAKEFIT,EQ,03-Aug-2026,125.14,126.2,132.0,125.0,130.05,1247319,1610.61,9580,372631.0,29.87,2026-08-03
WALCHANNAG,EQ,03-Aug-2026,232.0,234.58,239.5,227.41,229.33,564388,1320.87,8047,254983.0,45.18,2026-08-03
WANBURY,EQ,03-Aug-2026,293.55,294.0,300.95,283.0,286.2,225207,657.88,6402,114583.0,50.88,2026-08-03
WCIL,EQ,03-Aug-2026,90.03,90.89,92.11,89.81,90.48,49280,44.87,1192,27625.0,56.06,2026-08-03
WEALTH,EQ,03-Aug-2026,929.95,929.95,945.6,929.95,939.25,1110,10.42,138,806.0,72.61,2026-08-03
WEBELSOLAR,EQ,03-Aug-2026,96.69,98.07,98.7,97.36,97.58,1309761,1284.83,7055,711898.0,54.35,2026-08-03
WEIZMANIND,EQ,03-Aug-2026,77.48,77.5,78.98,77.12,77.91,3079,2.39,53,2286.0,74.24,2026-08-03
WEL,EQ,03-Aug-2026,119.55,122.9,128.5,120.11,123.02,791935,988.91,6533,182295.0,23.02,2026-08-03
WELCORP,EQ,03-Aug-2026,1650.6,1672.0,1721.9,1659.2,1715.3,698272,11869.43,30970,394240.0,56.46,2026-08-03
WELENT,EQ,03-Aug-2026,592.3,599.9,609.7,590.0,606.75,125389,752.74,4922,70807.0,56.47,2026-08-03
WELINV,BE,03-Aug-2026,1879.9,1879.9,1879.9,1869.9,1869.9,14,0.26,3,,,2026-08-03
WELSPLSOL,EQ,03-Aug-2026,51.07,51.07,51.89,49.7,50.73,394589,198.87,1952,240832.0,61.03,2026-08-03
WELSPUNLIV,EQ,03-Aug-2026,155.94,156.0,159.37,152.98,154.63,1531380,2395.62,19873,936732.0,61.17,2026-08-03
WENDT,EQ,03-Aug-2026,8207.5,8260.0,8314.5,8172.5,8206.0,4828,397.18,1087,3055.0,63.28,2026-08-03
WESTLIFE,EQ,03-Aug-2026,507.1,510.0,534.65,505.05,531.2,168396,881.98,9356,80635.0,47.88,2026-08-03
WEWIN,BE,03-Aug-2026,44.9,46.0,46.0,45.5,45.59,205,0.09,9,,,2026-08-03
WEWORK,EQ,03-Aug-2026,743.5,750.0,754.0,726.6,744.6,163517,1214.17,10651,74455.0,45.53,2026-08-03
WHEELS,EQ,03-Aug-2026,1409.6,1410.1,1464.8,1410.1,1415.7,74118,1063.61,6635,33712.0,45.48,2026-08-03
WHIRLPOOL,EQ,03-Aug-2026,802.9,807.0,829.5,806.25,824.45,291357,2391.99,14599,143521.0,49.26,2026-08-03
WHITEFORCE,SM,03-Aug-2026,35.95,39.3,39.3,39.0,39.0,6400,2.5,4,4800.0,75.0,2026-08-03
WILLAMAGOR,EQ,03-Aug-2026,25.21,27.0,27.0,25.11,26.57,2370,0.63,29,2247.0,94.81,2026-08-03
WINDLAS,EQ,03-Aug-2026,857.7,856.6,870.0,856.6,867.8,11626,100.63,1181,7390.0,63.56,2026-08-03
WINDMACHIN,EQ,03-Aug-2026,283.1,288.0,289.9,275.0,281.05,65736,186.48,2103,32607.0,49.6,2026-08-03
WINNY,SM,03-Aug-2026,32.2,30.7,30.7,30.6,30.6,1000,0.31,2,1000.0,100.0,2026-08-03
WINSOL,SM,03-Aug-2026,115.75,110.2,117.75,110.2,114.3,8400,9.63,21,4400.0,52.38,2026-08-03
WIPL,EQ,03-Aug-2026,169.22,169.22,170.0,165.01,168.0,1366,2.29,23,801.0,58.64,2026-08-03
WIPRO,EQ,03-Aug-2026,183.65,184.02,189.81,184.02,188.66,15840516,29557.1,89377,8220904.0,51.9,2026-08-03
WOCKPHARMA,EQ,03-Aug-2026,1959.7,1967.0,2035.0,1941.0,2028.4,1182004,23623.7,58478,582260.0,49.26,2026-08-03
WOL3D,ST,03-Aug-2026,131.6,132.0,138.0,132.0,138.0,12000,16.23,12,11000.0,91.67,2026-08-03
WOMANCART,SM,03-Aug-2026,102.7,105.0,105.0,95.15,104.25,28000,28.11,61,11600.0,41.43,2026-08-03
WONDERLA,EQ,03-Aug-2026,477.7,480.0,488.9,480.0,485.2,47508,230.17,2866,31794.0,66.92,2026-08-03
WORTHPERI,EQ,03-Aug-2026,145.77,148.0,148.0,145.01,145.93,7412,10.84,82,5027.0,67.82,2026-08-03
WPIL,EQ,03-Aug-2026,464.3,467.0,467.0,452.35,455.95,23460,107.87,2187,10499.0,44.75,2026-08-03
WSI,EQ,03-Aug-2026,60.9,60.69,61.34,60.21,60.51,23812,14.46,264,16138.0,67.77,2026-08-03
WSTCSTPAPR,EQ,03-Aug-2026,569.5,570.0,579.9,563.1,569.0,110065,629.02,7676,63347.0,57.55,2026-08-03
WTICAB,SM,03-Aug-2026,111.65,116.5,120.0,113.0,117.95,15000,17.55,26,10000.0,66.67,2026-08-03
XCHANGING,EQ,03-Aug-2026,66.12,66.12,69.49,66.12,67.65,320112,217.9,2540,175459.0,54.81,2026-08-03
XELPMOC,EQ,03-Aug-2026,81.25,82.0,84.8,79.11,83.4,12434,10.3,280,9912.0,79.72,2026-08-03
XPROINDIA,EQ,03-Aug-2026,1500.4,1400.0,1401.4,1278.5,1302.8,349840,4640.9,24438,152917.0,43.71,2026-08-03
XTGLOBAL,EQ,03-Aug-2026,33.95,34.0,35.0,32.4,33.38,115546,39.01,1914,56082.0,48.54,2026-08-03
XTRANET,BE,03-Aug-2026,126.53,125.26,125.89,122.85,124.01,295731,368.58,2664,,,2026-08-03
YAAP,SM,03-Aug-2026,150.05,151.2,152.9,150.05,152.9,4000,6.05,4,3000.0,75.0,2026-08-03
YASHO,EQ,03-Aug-2026,3858.7,4120.0,4223.3,3701.1,3884.8,438114,17499.25,61781,78794.0,17.98,2026-08-03
YASHOPTICS,SM,03-Aug-2026,112.85,119.0,122.6,117.6,119.7,20800,24.97,16,18400.0,88.46,2026-08-03
YATHARTH,EQ,03-Aug-2026,818.45,824.0,843.85,824.0,833.95,199791,1672.23,8487,103051.0,51.58,2026-08-03
YATRA,EQ,03-Aug-2026,106.48,108.99,109.58,106.68,107.63,494101,534.22,5978,269337.0,54.51,2026-08-03
YCCL,SM,03-Aug-2026,9.7,9.7,9.7,9.65,9.65,6000,0.58,2,6000.0,100.0,2026-08-03
YESBANK,EQ,03-Aug-2026,22.77,22.8,23.0,22.75,23.0,35072952,8021.11,58792,14992162.0,42.75,2026-08-03
YUDIZ,SM,03-Aug-2026,25.35,26.4,26.6,26.4,26.6,2400,0.64,3,2400.0,100.0,2026-08-03
YUKEN,EQ,03-Aug-2026,718.9,724.0,736.35,710.3,718.6,10575,76.08,373,9446.0,89.32,2026-08-03
ZAGGLE,EQ,03-Aug-2026,204.6,206.01,208.31,203.1,205.85,537714,1106.57,9375,286036.0,53.19,2026-08-03
ZEAL,SM,03-Aug-2026,62.0,61.5,65.4,61.5,65.4,3000,1.88,5,2400.0,80.0,2026-08-03
ZEEL,EQ,03-Aug-2026,114.55,103.0,106.7,95.55,98.14,107649848,109208.88,307206,34381093.0,31.94,2026-08-03
ZEELEARN,BE,03-Aug-2026,8.13,8.09,8.5,8.0,8.14,570007,46.84,700,,,2026-08-03
ZEEMEDIA,EQ,03-Aug-2026,7.5,7.75,7.75,7.05,7.19,3278479,241.06,3683,2450135.0,74.73,2026-08-03
ZENITHDRUG,SM,03-Aug-2026,47.8,46.15,47.8,46.1,47.6,7200,3.41,8,4800.0,66.67,2026-08-03
ZENITHEXPO,EQ,03-Aug-2026,200.9,198.89,200.9,198.89,198.89,253,0.51,32,253.0,100.0,2026-08-03
ZENITHSTL,EQ,03-Aug-2026,5.54,5.55,5.85,5.5,5.63,70459,3.96,205,63542.0,90.18,2026-08-03
ZENSARTECH,EQ,03-Aug-2026,507.95,510.15,521.0,500.6,518.0,2261287,11586.04,34075,721347.0,31.9,2026-08-03
ZENTEC,EQ,03-Aug-2026,1624.2,1635.0,1673.5,1624.0,1656.4,298507,4941.24,18370,122678.0,41.1,2026-08-03
ZFCVINDIA,EQ,03-Aug-2026,2417.9,2418.0,2468.5,2400.0,2447.8,105608,2575.89,13742,64777.0,61.34,2026-08-03
ZFSTEERING,EQ,03-Aug-2026,663.95,670.35,682.0,664.0,679.0,2315,15.65,123,2096.0,90.54,2026-08-03
ZIMLAB,BE,03-Aug-2026,112.99,116.99,118.0,110.0,111.23,109300,123.96,322,,,2026-08-03
ZODIAC,EQ,03-Aug-2026,251.65,270.05,271.0,253.25,256.3,32586,84.29,1990,12229.0,37.53,2026-08-03
ZODIACLOTH,EQ,03-Aug-2026,76.39,76.61,78.49,75.2,76.65,4203,3.22,92,2335.0,55.56,2026-08-03
ZOTA,EQ,03-Aug-2026,1279.3,1290.0,1297.2,1260.5,1265.7,42565,541.97,4197,25226.0,59.26,2026-08-03
ZSARACOM,EQ,03-Aug-2026,12200.5,12199.0,12481.0,12100.0,12179.0,14,1.72,10,9.0,64.29,2026-08-03
ZTECH,SM,03-Aug-2026,525.4,530.0,544.8,530.0,541.7,6900,37.21,23,5400.0,78.26,2026-08-03
ZUARI,EQ,03-Aug-2026,234.54,234.55,240.98,232.96,233.27,107463,252.41,3113,60136.0,55.96,2026-08-03
ZUARIIND,EQ,03-Aug-2026,258.8,263.0,264.85,258.65,259.35,11327,29.59,391,7759.0,68.5,2026-08-03
ZYDUSLIFE,EQ,03-Aug-2026,1126.8,1135.0,1135.9,1108.1,1121.0,1420266,15894.06,34923,387081.0,27.25,2026-08-03
ZYDUSWELL,EQ,03-Aug-2026,577.55,570.0,578.45,557.0,559.85,540492,3066.26,33412,227037.0,42.01,2026-08-03
