SYMBOL,SERIES,DATE1,PREV_CLOSE,OPEN_PRICE,HIGH_PRICE,LOW_PRICE,CLOSE_PRICE,TTL_TRD_QNTY,TURNOVER_LACS,NO_OF_TRADES,DELIV_QTY,DELIV_PER,DATE
1018GS2026,GS,31-Aug-2026,105.0,102.37,104.5,102.37,104.5,81,0.08,4,79.0,97.53,2026-08-31
20MICRONS,EQ,31-Aug-2026,222.0,221.01,227.33,216.5,218.03,172302,381.19,5154,70786.0,41.08,2026-08-31
21STCENMGM,EQ,31-Aug-2026,41.16,40.35,41.84,40.34,40.34,2905,1.17,28,2902.0,99.9,2026-08-31
360ONE,EQ,31-Aug-2026,1200.0,1199.6,1199.6,1149.3,1175.0,1412706,16565.58,52727,752416.0,53.26,2026-08-31
3BBLACKBIO,EQ,31-Aug-2026,1441.2,1458.1,1510.0,1430.0,1447.8,33118,489.56,2768,21004.0,63.42,2026-08-31
3IINFOLTD,BE,31-Aug-2026,23.85,23.8,23.85,22.66,23.02,155358,35.88,805,,,2026-08-31
3MINDIA,EQ,31-Aug-2026,34415.0,34415.0,34415.0,33125.0,33320.0,7423,2483.98,4147,4323.0,58.24,2026-08-31
3PLAND,EQ,31-Aug-2026,31.74,31.74,32.25,31.4,31.49,7601,2.41,72,6986.0,91.91,2026-08-31
574GS2026,GS,31-Aug-2026,101.9,101.03,101.03,101.03,101.03,1,0.0,1,1.0,100.0,2026-08-31
585GS2030,GS,31-Aug-2026,96.51,94.09,94.09,94.09,94.09,11,0.01,1,11.0,100.0,2026-08-31
591GS2028,GS,31-Aug-2026,99.7,100.55,100.55,99.5,99.5,810,0.81,6,600.0,74.07,2026-08-31
5PAISA,EQ,31-Aug-2026,368.35,367.5,370.75,355.0,356.6,68919,250.64,2663,42994.0,62.38,2026-08-31
601GS2028,GS,31-Aug-2026,101.6,102.35,102.35,102.35,102.35,800,0.82,1,800.0,100.0,2026-08-31
601GS2030,GS,31-Aug-2026,98.0,98.2,98.2,98.2,98.2,700,0.69,2,700.0,100.0,2026-08-31
603GS2029,GS,31-Aug-2026,99.22,98.8,99.5,98.4,99.0,1600,1.59,4,800.0,50.0,2026-08-31
610GS2031,GS,31-Aug-2026,99.99,99.99,99.99,99.99,99.99,1,0.0,1,1.0,100.0,2026-08-31
620GS2029,GS,31-Aug-2026,99.86,99.5,99.75,99.5,99.75,10200,10.16,5,10200.0,100.0,2026-08-31
63MOONS,EQ,31-Aug-2026,776.4,776.4,788.05,762.95,778.85,127074,984.9,6551,51867.0,40.82,2026-08-31
648GS2035,GS,31-Aug-2026,100.98,99.7,100.0,99.7,100.0,1605,1.6,7,1605.0,100.0,2026-08-31
654GS2032,GS,31-Aug-2026,99.45,99.95,100.0,99.95,99.99,50000,50.0,5,50000.0,100.0,2026-08-31
667GS2050,GS,31-Aug-2026,92.52,92.7,92.7,92.55,92.55,13,0.01,6,13.0,100.0,2026-08-31
668GS2033,GS,31-Aug-2026,100.0,98.93,99.2,98.93,99.2,200,0.2,2,100.0,50.0,2026-08-31
668GS2040,GS,31-Aug-2026,98.0,97.99,98.0,97.89,98.0,165336,162.03,12,165336.0,100.0,2026-08-31
676GS2061,GS,31-Aug-2026,90.79,91.5,91.5,90.25,90.6,60000,54.31,75,60000.0,100.0,2026-08-31
679GS2031,GS,31-Aug-2026,102.5,101.0,101.0,101.0,101.0,70,0.07,2,70.0,100.0,2026-08-31
68GS2060,GS,31-Aug-2026,92.81,90.7,91.25,90.25,91.2,4182,3.8,10,2216.0,52.99,2026-08-31
690GS2065,GS,31-Aug-2026,94.37,94.38,94.38,93.69,93.69,28160,26.46,26,28104.0,99.8,2026-08-31
694GS2036,GS,31-Aug-2026,102.51,102.51,102.51,102.51,102.51,1000,1.03,1,1000.0,100.0,2026-08-31
699GS2051,GS,31-Aug-2026,97.5,96.0,96.0,94.6,94.6,10959,10.51,2,10959.0,100.0,2026-08-31
702GS2027,GS,31-Aug-2026,102.15,102.0,102.0,101.91,101.91,201,0.2,4,200.0,99.5,2026-08-31
702GS2031,GS,31-Aug-2026,102.0,103.04,103.04,102.0,102.39,5150,5.28,8,5150.0,100.0,2026-08-31
704GS2029,GS,31-Aug-2026,102.26,102.25,102.25,102.25,102.25,100,0.1,1,100.0,100.0,2026-08-31
706GS2028,GS,31-Aug-2026,103.8,104.1,104.1,103.85,103.85,3400,3.54,2,3400.0,100.0,2026-08-31
706GS2041,GS,31-Aug-2026,100.5,100.05,100.05,100.0,100.0,710,0.71,5,710.0,100.0,2026-08-31
709GS2054,GS,31-Aug-2026,95.38,96.49,96.49,95.42,95.8,12520,12.06,11,11320.0,90.42,2026-08-31
709GS2074,GS,31-Aug-2026,95.53,96.3,96.3,95.2,95.44,78614,74.98,58,68503.0,87.14,2026-08-31
718GS2037,GS,31-Aug-2026,103.96,103.0,103.92,102.49,102.99,37485,38.61,23,37427.0,99.85,2026-08-31
71GS2034,GS,31-Aug-2026,105.07,103.89,103.9,103.89,103.89,3000,3.12,5,3000.0,100.0,2026-08-31
724GS2055,GS,31-Aug-2026,97.8,97.7,97.84,97.23,97.3,97594,95.07,87,96943.0,99.33,2026-08-31
725GS2063,GS,31-Aug-2026,97.58,97.6,97.6,97.2,97.23,203539,198.32,151,203439.0,99.95,2026-08-31
726GS2032,GS,31-Aug-2026,103.5,103.2,103.2,103.0,103.0,4100,4.22,2,4100.0,100.0,2026-08-31
726GS2033,GS,31-Aug-2026,103.5,103.5,104.0,103.5,104.0,500,0.52,3,500.0,100.0,2026-08-31
732GS2030,GS,31-Aug-2026,103.95,103.75,103.75,103.75,103.75,500,0.52,2,500.0,100.0,2026-08-31
733GS2026,GS,31-Aug-2026,102.49,101.47,102.11,101.47,102.11,1699,1.73,4,1699.0,100.0,2026-08-31
734GS2064,GS,31-Aug-2026,99.79,99.93,99.93,99.61,99.61,54471,54.34,58,53901.0,98.95,2026-08-31
737GS2028,GS,31-Aug-2026,106.78,104.23,106.58,104.23,106.58,2909,3.1,15,2809.0,96.56,2026-08-31
738GS2027,GS,31-Aug-2026,102.51,102.25,102.49,102.25,102.31,7208,7.37,6,7208.0,100.0,2026-08-31
73GS2053,GS,31-Aug-2026,99.6,99.5,99.5,99.06,99.1,15305,15.2,15,15205.0,99.35,2026-08-31
741GS2036,GS,31-Aug-2026,105.8,105.75,106.0,105.2,105.2,11701,12.35,15,11501.0,98.29,2026-08-31
743GS2076,GS,31-Aug-2026,99.74,99.74,99.9,99.41,99.42,110049,109.59,192,109047.0,99.09,2026-08-31
746GS2073,GS,31-Aug-2026,101.5,101.5,101.5,100.1,101.34,8217,8.3,23,7871.0,95.79,2026-08-31
74GS2062,GS,31-Aug-2026,101.9,103.95,103.95,103.95,103.95,11,0.01,1,11.0,100.0,2026-08-31
750GS2056,GS,31-Aug-2026,101.2,101.2,101.2,100.19,100.5,1218,1.22,10,1218.0,100.0,2026-08-31
754GS2036,GS,31-Aug-2026,106.85,106.77,106.77,106.11,106.25,609079,648.0,270,561489.0,92.19,2026-08-31
771GS2066,GS,31-Aug-2026,104.6,104.71,104.71,103.98,103.99,136833,142.65,48,108016.0,78.94,2026-08-31
824GS2027,GS,31-Aug-2026,103.2,103.0,103.0,103.0,103.0,335,0.35,4,335.0,100.0,2026-08-31
828GS2032,GS,31-Aug-2026,107.0,107.87,107.97,107.87,107.97,1200,1.29,3,1200.0,100.0,2026-08-31
897GS2030,GS,31-Aug-2026,114.0,112.0,112.0,112.0,112.0,1000,1.12,1,1000.0,100.0,2026-08-31
92GS2030,GS,31-Aug-2026,114.83,113.55,115.5,113.55,114.42,8446,9.71,19,8445.0,99.99,2026-08-31
A2ZINFRA,EQ,31-Aug-2026,16.63,17.0,17.0,16.41,16.75,242582,40.93,543,202038.0,83.29,2026-08-31
AAATECH,EQ,31-Aug-2026,95.03,94.02,96.59,94.02,94.79,9982,9.51,394,6331.0,63.42,2026-08-31
AADHARHFC,EQ,31-Aug-2026,471.1,471.1,471.1,462.8,468.1,213894,999.01,16699,101586.0,47.49,2026-08-31
AAKAAR,SM,31-Aug-2026,64.6,63.0,66.0,63.0,66.0,12800,8.25,8,12800.0,100.0,2026-08-31
AAKASH,EQ,31-Aug-2026,8.73,8.61,8.87,8.56,8.64,60911,5.3,353,45368.0,74.48,2026-08-31
AARADHYA,SM,31-Aug-2026,65.0,66.0,78.0,66.0,78.0,15600,11.58,12,15600.0,100.0,2026-08-31
AAREYDRUGS,EQ,31-Aug-2026,89.01,90.0,91.0,86.67,88.21,102279,90.72,1109,67151.0,65.65,2026-08-31
AARNAV,BE,31-Aug-2026,33.66,33.66,33.66,31.98,32.03,29199,9.5,59,,,2026-08-31
AARON,EQ,31-Aug-2026,134.94,132.0,134.6,129.66,130.1,10274,13.48,510,5886.0,57.29,2026-08-31
AARTECH,BE,31-Aug-2026,49.16,48.04,49.4,47.55,47.9,12716,6.11,106,,,2026-08-31
AARTIDRUGS,EQ,31-Aug-2026,418.55,423.0,423.0,409.95,411.7,59488,246.17,2851,32709.0,54.98,2026-08-31
AARTIIND,EQ,31-Aug-2026,540.35,540.6,540.6,522.0,524.4,635813,3378.64,23637,328082.0,51.6,2026-08-31
AARTIPHARM,EQ,31-Aug-2026,840.7,839.9,864.9,829.0,845.4,522950,4436.19,26610,228891.0,43.77,2026-08-31
AARTISURF,BE,31-Aug-2026,541.5,540.0,553.9,515.0,520.6,19172,100.7,403,,,2026-08-31
AARVI,EQ,31-Aug-2026,142.25,144.69,146.0,141.5,142.39,7731,11.05,392,4218.0,54.56,2026-08-31
AASTHA,EQ,31-Aug-2026,79.61,81.05,85.26,81.05,83.61,2089353,1735.46,7653,322987.0,15.46,2026-08-31
AAVAS,EQ,31-Aug-2026,1275.5,1277.1,1322.7,1254.4,1261.2,242642,3110.26,32987,76019.0,31.33,2026-08-31
ABAN,BE,31-Aug-2026,15.13,14.83,14.83,14.83,14.83,22446,3.33,138,,,2026-08-31
ABANSENT,EQ,31-Aug-2026,27.99,27.15,27.95,26.81,27.44,4492,1.24,79,3425.0,76.25,2026-08-31
ABB,EQ,31-Aug-2026,7509.0,7488.0,7638.5,7306.0,7638.5,227223,16930.79,25514,124089.0,54.61,2026-08-31
ABBOTINDIA,EQ,31-Aug-2026,26175.0,26300.0,26300.0,25800.0,25850.0,6684,1739.72,4628,3805.0,56.93,2026-08-31
ABCAPITAL,EQ,31-Aug-2026,405.55,404.8,409.4,397.95,409.4,5834090,23700.48,27792,3419601.0,58.61,2026-08-31
ABCOTS,EQ,31-Aug-2026,203.7,208.9,220.9,205.01,214.72,37858,81.57,1191,20116.0,53.14,2026-08-31
ABDL,EQ,31-Aug-2026,610.0,610.0,622.25,600.25,618.4,289013,1773.06,10806,164881.0,57.05,2026-08-31
ABFRL,EQ,31-Aug-2026,52.49,52.74,53.19,51.65,52.1,5405597,2836.7,20632,2306174.0,42.66,2026-08-31
ABGSEC,EQ,31-Aug-2026,115.28,115.0,115.01,113.76,115.01,407,0.47,8,85.0,20.88,2026-08-31
ABHAPOWER,SM,31-Aug-2026,24.5,24.6,24.6,24.6,24.6,1600,0.39,1,1600.0,100.0,2026-08-31
ABINFRA,BE,31-Aug-2026,11.82,11.75,11.82,11.33,11.44,241079,27.74,381,,,2026-08-31
ABLBL,EQ,31-Aug-2026,84.6,84.6,87.0,84.0,86.71,1171891,1005.01,10148,624192.0,53.26,2026-08-31
ABMINTLLTD,BE,31-Aug-2026,56.3,55.18,55.18,55.18,55.18,157,0.09,8,,,2026-08-31
ABMKNO,EQ,31-Aug-2026,193.39,188.25,194.0,185.02,190.19,197,0.37,31,150.0,76.14,2026-08-31
ABREL,EQ,31-Aug-2026,1387.0,1390.7,1394.2,1350.0,1355.5,187059,2551.67,13023,115093.0,61.53,2026-08-31
ABSL10BANK,EQ,31-Aug-2026,168.96,170.54,170.54,168.56,168.8,6800,11.55,54,3629.0,53.37,2026-08-31
ABSLAMC,EQ,31-Aug-2026,1047.9,1033.7,1062.0,1010.0,1051.8,297155,3097.83,31485,171947.0,57.86,2026-08-31
ABSLBANETF,EQ,31-Aug-2026,59.07,58.82,59.08,58.71,58.89,47821,28.15,303,30174.0,63.1,2026-08-31
ABSLLIQUID,EQ,31-Aug-2026,1000.0,1000.0,1000.01,999.99,1000.0,2299,22.99,24,1935.0,84.17,2026-08-31
ABSLMSCIN,EQ,31-Aug-2026,29.75,29.89,29.89,29.13,29.72,808,0.24,12,774.0,95.79,2026-08-31
ABSLNN50ET,EQ,31-Aug-2026,77.89,78.0,78.0,77.01,77.32,9108,7.05,252,6750.0,74.11,2026-08-31
ABSLPSE,EQ,31-Aug-2026,10.12,10.07,10.2,10.0,10.01,414363,41.53,873,317039.0,76.51,2026-08-31
ABSMARINE,SM,31-Aug-2026,283.0,283.0,289.5,266.2,272.3,82000,224.03,133,60000.0,73.17,2026-08-31
ACC,EQ,31-Aug-2026,1306.4,1304.0,1304.0,1270.0,1276.5,274811,3522.77,22029,174482.0,63.49,2026-08-31
ACCELYA,EQ,31-Aug-2026,1134.1,1142.0,1142.0,1122.0,1127.9,4779,54.09,652,2888.0,60.43,2026-08-31
ACCENTMIC,SM,31-Aug-2026,605.85,609.0,609.0,593.25,596.65,15000,89.52,30,9500.0,63.33,2026-08-31
ACCPL,ST,31-Aug-2026,199.55,199.5,207.0,198.2,207.0,15600,31.43,10,15600.0,100.0,2026-08-31
ACCURACY,BE,31-Aug-2026,4.6,4.6,4.63,4.4,4.43,69025,3.09,225,,,2026-08-31
ACE,EQ,31-Aug-2026,1140.6,1149.0,1152.9,1100.7,1110.5,325647,3635.68,20764,158178.0,48.57,2026-08-31
ACEINTEG,EQ,31-Aug-2026,17.44,17.44,17.45,17.01,17.05,1733,0.3,51,1381.0,79.69,2026-08-31
ACETEC,SM,31-Aug-2026,138.0,138.0,140.0,130.0,139.0,86400,112.96,40,86400.0,100.0,2026-08-31
ACGL,EQ,31-Aug-2026,1792.6,1773.0,1805.0,1773.0,1805.0,583,10.44,67,515.0,88.34,2026-08-31
ACI,EQ,31-Aug-2026,484.3,486.9,493.15,480.45,485.45,211062,1027.75,13640,107772.0,51.06,2026-08-31
ACL,EQ,31-Aug-2026,44.14,44.94,44.94,43.5,43.72,11870,5.21,204,9013.0,75.93,2026-08-31
ACMESOLAR,EQ,31-Aug-2026,393.7,399.0,411.0,382.9,401.95,3008269,11970.72,49389,1875778.0,62.35,2026-08-31
ACSTECH,BE,31-Aug-2026,51.58,51.75,53.0,50.0,51.42,389314,199.18,408,,,2026-08-31
ACTIVEINFR,SM,31-Aug-2026,181.2,172.5,172.5,172.5,172.5,2400,4.14,4,2400.0,100.0,2026-08-31
ACUTAAS,EQ,31-Aug-2026,3281.6,3281.6,3321.9,3125.9,3160.6,490517,15725.81,57811,325846.0,66.43,2026-08-31
ADANIENSOL,EQ,31-Aug-2026,1581.4,1589.0,1592.9,1417.4,1417.4,35589890,514792.91,168851,29550724.0,83.03,2026-08-31
ADANIENT,EQ,31-Aug-2026,3168.5,3165.0,3165.0,2859.1,2859.1,12872435,375618.43,171849,9771644.0,75.91,2026-08-31
ADANIGREEN,EQ,31-Aug-2026,1311.0,1307.8,1310.9,1214.9,1214.9,2461573,30836.5,44861,1555392.0,63.19,2026-08-31
ADANIPORTS,EQ,31-Aug-2026,1707.5,1710.0,1711.4,1593.1,1593.1,9621819,155937.37,136880,7910724.0,82.22,2026-08-31
ADANIPOWER,EQ,31-Aug-2026,212.63,212.37,213.13,198.0,198.0,53907969,109452.19,152045,35395341.0,65.66,2026-08-31
ADDICTIVE,SM,31-Aug-2026,47.65,47.65,47.65,45.9,45.95,2000,0.93,4,1000.0,50.0,2026-08-31
ADDIND,EQ,31-Aug-2026,84.0,82.84,90.0,78.0,85.0,423,0.34,20,340.0,80.38,2026-08-31
ADFFOODS,EQ,31-Aug-2026,274.45,272.0,274.9,268.65,270.2,36649,99.12,1763,14137.0,38.57,2026-08-31
ADISOFT,SM,31-Aug-2026,198.0,198.0,198.0,193.0,193.2,31200,60.9,38,24000.0,76.92,2026-08-31
ADL,EQ,31-Aug-2026,75.0,77.9,78.9,71.57,75.75,1086,0.81,36,789.0,72.65,2026-08-31
ADOR,EQ,31-Aug-2026,1635.6,1662.7,1766.4,1643.0,1705.2,220404,3791.87,20439,70722.0,32.09,2026-08-31
ADROITINFO,EQ,31-Aug-2026,10.44,10.84,10.84,10.2,10.3,7874,0.82,69,5912.0,75.08,2026-08-31
ADSL,EQ,31-Aug-2026,106.21,106.0,106.32,104.11,105.19,76759,80.59,1646,41182.0,53.65,2026-08-31
ADVAIT,EQ,31-Aug-2026,2200.5,2220.9,2233.5,2150.0,2170.7,38030,831.8,5138,17093.0,44.95,2026-08-31
ADVANCE,EQ,31-Aug-2026,116.95,117.8,119.0,115.0,116.42,145791,169.74,1616,87786.0,60.21,2026-08-31
ADVANIHOTR,EQ,31-Aug-2026,50.01,50.0,50.49,49.5,49.86,16473,8.22,467,11419.0,69.32,2026-08-31
ADVENTHTL,EQ,31-Aug-2026,142.8,142.8,143.0,138.66,138.95,66081,92.6,1494,39503.0,59.78,2026-08-31
ADVENZYMES,EQ,31-Aug-2026,299.8,299.2,301.75,292.75,294.1,172700,512.08,3534,118080.0,68.37,2026-08-31
ADVIKCA,EQ,31-Aug-2026,1.19,1.21,1.21,1.12,1.16,566958,6.64,373,507364.0,89.49,2026-08-31
AEGISLOG,EQ,31-Aug-2026,1289.4,1289.4,1289.4,1242.1,1264.6,553008,6963.42,31636,269946.0,48.81,2026-08-31
AEGISVOPAK,EQ,31-Aug-2026,269.9,265.95,272.7,261.65,268.75,721408,1933.85,8893,271364.0,37.62,2026-08-31
AEPL,EQ,31-Aug-2026,15.38,15.74,15.74,14.66,15.05,23149,3.51,183,14410.0,62.25,2026-08-31
AEQUS,EQ,31-Aug-2026,245.99,245.5,248.0,240.52,244.34,1528830,3740.4,20939,651798.0,42.63,2026-08-31
AEROENTER,EQ,31-Aug-2026,146.29,147.46,149.0,136.5,138.45,653171,929.77,8153,325758.0,49.87,2026-08-31
AEROFLEX,EQ,31-Aug-2026,542.1,542.0,542.0,523.1,525.4,953151,5044.68,23036,417171.0,43.77,2026-08-31
AERON,SM,31-Aug-2026,71.3,71.05,71.05,71.0,71.05,6000,4.26,6,5000.0,83.33,2026-08-31
AERONEU,EQ,31-Aug-2026,80.68,84.9,84.9,79.5,80.01,8584,6.97,214,6998.0,81.52,2026-08-31
AEROPLANE,EQ,31-Aug-2026,174.82,174.49,176.53,172.56,174.33,293534,510.44,2850,214292.0,73.0,2026-08-31
AESTHETIK,SM,31-Aug-2026,71.85,70.6,70.85,70.2,70.25,6000,4.23,5,6000.0,100.0,2026-08-31
AETHER,EQ,31-Aug-2026,1696.8,1703.4,1707.8,1636.5,1691.3,354417,5934.17,26333,156750.0,44.23,2026-08-31
AFCONS,EQ,31-Aug-2026,286.65,282.25,288.85,282.25,285.65,538629,1535.19,10162,314192.0,58.33,2026-08-31
AFFLE,EQ,31-Aug-2026,1620.2,1620.2,1620.3,1590.0,1597.9,241180,3866.56,30700,160736.0,66.65,2026-08-31
AFFORDABLE,EQ,31-Aug-2026,165.31,164.99,165.31,157.05,161.13,10121,16.31,385,7450.0,73.61,2026-08-31
AFIL,EQ,31-Aug-2026,9.4,9.7,9.7,9.3,9.47,427723,40.5,469,216303.0,50.57,2026-08-31
AFSL,EQ,31-Aug-2026,211.92,212.16,217.9,211.4,212.1,14455,31.03,300,8931.0,61.78,2026-08-31
AGARIND,EQ,31-Aug-2026,465.3,464.0,470.0,453.55,458.2,32258,148.42,1557,17109.0,53.04,2026-08-31
AGARWALEYE,EQ,31-Aug-2026,507.8,508.3,518.9,502.0,513.2,1926860,9829.73,71406,1178334.0,61.15,2026-08-31
AGARWALFT,SM,31-Aug-2026,30.05,31.5,31.5,30.5,30.5,13500,4.14,7,13500.0,100.0,2026-08-31
AGARWALTUF,SM,31-Aug-2026,139.1,139.55,139.95,137.5,138.7,13200,18.34,11,10800.0,81.82,2026-08-31
AGI,EQ,31-Aug-2026,774.8,781.0,806.8,771.0,776.1,475872,3763.31,28387,171568.0,36.05,2026-08-31
AGIIL,EQ,31-Aug-2026,289.1,293.5,293.5,283.35,285.0,503086,1448.81,6434,187000.0,37.17,2026-08-31
AGL,EQ,31-Aug-2026,14.03,14.05,14.5,13.82,13.83,2415944,339.89,4467,898494.0,37.19,2026-08-31
AGNI,SM,31-Aug-2026,15.5,15.0,15.5,14.85,15.5,7500,1.13,3,5000.0,66.67,2026-08-31
AGRITECH,EQ,31-Aug-2026,102.9,102.75,108.04,101.0,101.55,7344,7.62,160,4516.0,61.49,2026-08-31
AGROPHOS,EQ,31-Aug-2026,26.34,26.47,27.3,26.06,26.35,10755,2.83,119,9098.0,84.59,2026-08-31
AGSTRA,BZ,31-Aug-2026,2.01,2.0,2.05,1.96,1.99,51744,1.03,189,,,2026-08-31
AGUL,SM,31-Aug-2026,46.05,45.9,45.9,45.9,45.9,2000,0.92,1,2000.0,100.0,2026-08-31
AHCL,EQ,31-Aug-2026,15.91,16.1,16.25,15.58,15.86,3294080,521.29,4050,1361199.0,41.32,2026-08-31
AHLADA,EQ,31-Aug-2026,38.06,37.85,39.0,37.25,38.68,3957,1.52,85,3325.0,84.03,2026-08-31
AHLEAST,EQ,31-Aug-2026,139.32,138.63,142.0,136.3,138.05,2365,3.29,81,661.0,27.95,2026-08-31
AHLUCONT,EQ,31-Aug-2026,641.1,646.05,648.0,615.05,619.2,75376,473.05,5898,45001.0,59.7,2026-08-31
AHLWEST,BE,31-Aug-2026,524.0,550.2,550.2,498.0,549.1,2631,13.64,38,,,2026-08-31
AIAENG,EQ,31-Aug-2026,4234.2,4269.0,4307.6,4157.4,4257.5,71716,3039.82,20611,37701.0,52.57,2026-08-31
AIIL,EQ,31-Aug-2026,545.9,547.5,579.0,543.05,560.9,1824874,10240.89,66632,666928.0,36.55,2026-08-31
AIMTRON,SM,31-Aug-2026,1644.45,1630.45,1639.7,1605.0,1635.8,17600,286.1,85,10600.0,60.23,2026-08-31
AIRAN,EQ,31-Aug-2026,15.09,15.09,15.34,14.84,14.88,37527,5.59,265,28890.0,76.98,2026-08-31
AIROLAM,EQ,31-Aug-2026,88.88,90.9,90.9,87.38,88.09,320,0.28,25,272.0,85.0,2026-08-31
AJANTPHARM,EQ,31-Aug-2026,3557.0,3572.5,3666.0,3515.0,3601.9,61976,2216.06,10692,32282.0,52.09,2026-08-31
AJAXENGG,EQ,31-Aug-2026,571.1,569.9,580.55,564.1,574.5,58190,334.19,6944,33425.0,57.44,2026-08-31
AJMERA,EQ,31-Aug-2026,117.41,118.23,118.23,114.31,116.9,254749,295.91,3738,140391.0,55.11,2026-08-31
AJOONI,EQ,31-Aug-2026,3.82,3.84,3.92,3.82,3.84,385193,14.92,387,328249.0,85.22,2026-08-31
AKANKSHA,SM,31-Aug-2026,125.1,125.1,125.1,123.0,123.0,2000,2.48,2,2000.0,100.0,2026-08-31
AKASH,EQ,31-Aug-2026,24.36,24.74,24.86,24.11,24.8,6193,1.53,50,5030.0,81.22,2026-08-31
AKCAPIT,EQ,31-Aug-2026,1708.1,1761.8,1779.0,1713.1,1750.9,1340,23.44,243,954.0,71.19,2026-08-31
AKG,EQ,31-Aug-2026,9.16,9.65,9.65,8.76,9.02,13425,1.22,130,10607.0,79.01,2026-08-31
AKI,EQ,31-Aug-2026,4.13,4.25,4.25,3.95,4.15,141928,5.84,374,93018.0,65.54,2026-08-31
AKIKO,SM,31-Aug-2026,410.0,413.0,413.0,380.0,392.4,36000,140.28,42,22400.0,62.22,2026-08-31
AKSHAR,EQ,31-Aug-2026,0.42,0.42,0.43,0.41,0.41,1633464,6.86,331,1289694.0,78.95,2026-08-31
AKSHARCHEM,BE,31-Aug-2026,348.91,366.3,366.35,363.0,366.35,4795,17.56,89,,,2026-08-31
AKSHOPTFBR,BE,31-Aug-2026,7.19,7.2,7.5,7.02,7.36,399288,29.5,551,,,2026-08-31
AKUMS,EQ,31-Aug-2026,772.6,776.15,785.0,768.9,776.7,258396,2008.69,13367,127139.0,49.2,2026-08-31
ALANKIT,EQ,31-Aug-2026,8.13,8.21,8.28,8.06,8.09,58779,4.76,449,45690.0,77.73,2026-08-31
ALBERTDAVD,EQ,31-Aug-2026,898.6,904.3,931.85,890.0,897.9,14450,131.28,1108,6894.0,47.71,2026-08-31
ALCODIS,SM,31-Aug-2026,69.0,67.6,67.6,67.6,67.6,625,0.42,1,625.0,100.0,2026-08-31
ALEMBICLTD,EQ,31-Aug-2026,100.04,100.04,100.04,97.0,98.74,925255,909.72,8043,428139.0,46.27,2026-08-31
ALFREDHE,EQ,31-Aug-2026,2855.0,2856.0,2995.0,2855.0,2947.3,78,2.32,62,78.0,100.0,2026-08-31
ALGOQUANT,EQ,31-Aug-2026,64.56,64.43,65.4,62.04,64.71,1102265,708.93,2566,205014.0,18.6,2026-08-31
ALICON,EQ,31-Aug-2026,685.05,686.0,687.75,658.05,665.4,30416,203.44,1827,20330.0,66.84,2026-08-31
ALIVUS,EQ,31-Aug-2026,1350.2,1352.0,1493.8,1352.0,1405.7,1220512,17325.17,80500,225938.0,18.51,2026-08-31
ALKALI,BE,31-Aug-2026,66.26,63.01,66.99,63.01,64.2,3825,2.46,42,,,2026-08-31
ALKEM,EQ,31-Aug-2026,5355.0,5355.0,5378.5,5297.0,5329.5,120023,6409.87,11064,86531.0,72.1,2026-08-31
ALKYLAMINE,EQ,31-Aug-2026,2047.9,2045.0,2053.6,1991.0,2003.8,62073,1248.9,10965,30287.0,48.79,2026-08-31
ALLCARGO,EQ,31-Aug-2026,12.19,12.01,12.59,11.84,11.95,18633846,2253.06,23974,5203445.0,27.92,2026-08-31
ALLDIGI,EQ,31-Aug-2026,813.65,817.25,817.25,795.0,813.5,6648,54.09,376,4841.0,72.82,2026-08-31
ALLETEC,SM,31-Aug-2026,122.75,125.0,126.45,122.4,125.3,16000,19.94,38,14000.0,87.5,2026-08-31
ALLTIME,EQ,31-Aug-2026,203.79,202.97,203.52,199.0,199.69,74691,149.63,1817,46417.0,62.15,2026-08-31
ALMONDZ,EQ,31-Aug-2026,16.96,17.49,17.79,17.0,17.53,386915,67.35,1019,303920.0,78.55,2026-08-31
ALOKINDS,EQ,31-Aug-2026,9.24,9.3,9.3,8.37,8.5,63642007,5564.8,38894,33844708.0,53.18,2026-08-31
ALPA,EQ,31-Aug-2026,63.77,64.9,64.9,62.55,62.73,12779,8.08,310,5950.0,46.56,2026-08-31
ALPEXSOLAR,SM,31-Aug-2026,849.05,855.0,855.0,825.6,831.7,42600,354.66,260,32600.0,76.53,2026-08-31
ALPHA,EQ,31-Aug-2026,55.39,55.49,55.49,54.7,54.87,1346992,739.44,3923,808313.0,60.01,2026-08-31
ALPHAETF,EQ,31-Aug-2026,27.31,26.62,27.31,26.62,26.93,722939,195.04,1353,415612.0,57.49,2026-08-31
ALPHAGEO,BE,31-Aug-2026,306.47,313.85,313.85,291.15,291.92,19212,56.84,376,,,2026-08-31
ALPINETEX,EQ,31-Aug-2026,55.16,55.16,55.99,53.2,53.62,160355,86.61,2223,103964.0,64.83,2026-08-31
ALPL30IETF,EQ,31-Aug-2026,27.96,27.96,28.48,27.51,27.92,658887,183.91,1074,469520.0,71.26,2026-08-31
ALUFLUOR,EQ,31-Aug-2026,477.9,480.6,489.0,470.25,483.15,3736,17.97,424,2592.0,69.38,2026-08-31
ALUWIND,SM,31-Aug-2026,47.55,47.55,48.15,45.25,48.15,13500,6.29,9,12000.0,88.89,2026-08-31
AMAGI,EQ,31-Aug-2026,570.8,569.5,584.5,558.45,567.5,1951326,11087.14,35736,1129764.0,57.9,2026-08-31
AMAL,EQ,31-Aug-2026,760.75,767.7,767.7,742.0,744.25,5023,37.9,307,3695.0,73.56,2026-08-31
AMANTA,BE,31-Aug-2026,185.1,188.8,188.8,186.0,188.8,71378,134.09,281,,,2026-08-31
AMARJOTHI,EQ,31-Aug-2026,162.4,162.4,162.4,159.0,162.24,877,1.42,43,877.0,100.0,2026-08-31
AMBAAUTO,SM,31-Aug-2026,112.95,108.5,112.5,108.5,110.8,11000,12.21,10,3000.0,27.27,2026-08-31
AMBALALSA,BE,31-Aug-2026,44.01,43.9,45.98,43.4,45.62,100970,45.49,314,,,2026-08-31
AMBER,EQ,31-Aug-2026,7675.0,7689.0,7689.0,7562.0,7620.0,105370,8027.83,15746,39465.0,37.45,2026-08-31
AMBICAAGAR,EQ,31-Aug-2026,25.24,24.46,25.73,24.25,24.28,6718,1.65,101,5575.0,82.99,2026-08-31
AMBIKCO,EQ,31-Aug-2026,1638.3,1631.0,1648.0,1626.2,1639.7,6584,107.81,1139,4067.0,61.77,2026-08-31
AMBUJACEM,EQ,31-Aug-2026,412.05,411.4,411.4,401.15,401.15,2212877,8967.1,33571,1274610.0,57.6,2026-08-31
AMCL,SM,31-Aug-2026,358.6,359.0,359.0,350.0,355.55,26400,93.05,13,25600.0,96.97,2026-08-31
AMDIND,EQ,31-Aug-2026,52.38,54.7,58.75,52.0,56.27,72026,40.66,863,47533.0,65.99,2026-08-31
AMJLAND,EQ,31-Aug-2026,38.62,38.09,39.92,37.85,39.57,12970,5.07,210,8809.0,67.92,2026-08-31
AMNPLST,EQ,31-Aug-2026,184.16,184.16,184.16,181.0,181.28,804,1.46,69,626.0,77.86,2026-08-31
AMRUTANJAN,EQ,31-Aug-2026,514.25,516.65,523.5,506.0,509.35,73214,376.48,5175,41124.0,56.17,2026-08-31
ANANDRATHI,EQ,31-Aug-2026,2213.4,2219.9,2239.0,2182.3,2204.2,421862,9314.22,26726,241415.0,57.23,2026-08-31
ANANTAM,IV,31-Aug-2026,105.46,105.46,105.88,105.45,105.74,33447,35.3,98,33447.0,100.0,2026-08-31
ANANTRAJ,EQ,31-Aug-2026,606.15,603.0,606.4,590.9,603.9,1596650,9544.16,38061,674777.0,42.26,2026-08-31
ANAWIL,SM,31-Aug-2026,409.3,407.0,425.0,401.4,403.75,179200,739.03,396,107600.0,60.04,2026-08-31
ANDHRAPAP,EQ,31-Aug-2026,61.07,60.54,61.38,60.22,60.69,215681,131.28,4172,115358.0,53.49,2026-08-31
ANDHRSUGAR,EQ,31-Aug-2026,98.02,98.79,102.7,97.52,99.64,1062628,1066.32,10345,342062.0,32.19,2026-08-31
ANDREWYU,EQ,31-Aug-2026,28.45,28.65,28.89,27.8,27.89,95639,26.9,459,62082.0,64.91,2026-08-31
ANGELONE,EQ,31-Aug-2026,294.0,292.65,293.75,278.25,286.9,15319412,43732.31,103772,7429457.0,48.5,2026-08-31
ANIKINDS,EQ,31-Aug-2026,46.06,46.1,47.45,42.9,46.17,50864,22.79,577,19945.0,39.21,2026-08-31
ANKITMETAL,BZ,31-Aug-2026,1.77,1.74,1.74,1.74,1.74,34395,0.6,40,,,2026-08-31
ANLON,SM,31-Aug-2026,639.9,631.1,645.0,611.0,625.0,9200,57.66,23,7600.0,82.61,2026-08-31
ANMOL,EQ,31-Aug-2026,10.05,10.25,10.25,9.81,10.09,26512,2.66,138,22448.0,84.67,2026-08-31
ANNAPURNA,EQ,31-Aug-2026,144.65,143.7,150.0,142.0,148.5,46694,68.99,980,27511.0,58.92,2026-08-31
ANONDITA,SM,31-Aug-2026,1060.9,997.5,1129.0,997.5,1075.5,535800,5618.51,900,446200.0,83.28,2026-08-31
ANSALAPI,BZ,31-Aug-2026,3.28,3.28,3.3,3.22,3.26,11739,0.38,29,,,2026-08-31
ANSALBU,EQ,31-Aug-2026,82.42,82.42,82.42,77.0,77.0,919,0.75,49,907.0,98.69,2026-08-31
ANTELOPUS,EQ,31-Aug-2026,787.3,789.7,803.95,777.45,784.3,53064,417.05,3716,24004.0,45.24,2026-08-31
ANTGRAPHIC,EQ,31-Aug-2026,0.75,0.79,0.79,0.74,0.76,748166,5.76,263,578951.0,77.38,2026-08-31
ANTHEM,EQ,31-Aug-2026,900.1,900.1,907.2,888.0,893.05,1181406,10579.11,35215,687265.0,58.17,2026-08-31
ANUHPHR,EQ,31-Aug-2026,83.57,83.57,83.9,80.21,82.04,55545,45.65,1478,31532.0,56.77,2026-08-31
ANUP,EQ,31-Aug-2026,1800.5,1800.0,1801.9,1773.1,1793.5,15543,277.72,2780,7738.0,49.78,2026-08-31
ANURAS,EQ,31-Aug-2026,1260.4,1261.6,1270.0,1243.5,1262.8,166656,2099.58,10549,108398.0,65.04,2026-08-31
ANZEN,IV,31-Aug-2026,130.0,131.8,131.8,131.8,131.8,25000,32.95,1,25000.0,100.0,2026-08-31
AONEGOLD,EQ,31-Aug-2026,14.73,15.02,15.02,14.22,14.35,768967,110.21,1906,369503.0,48.05,2026-08-31
AONELIQUID,EQ,31-Aug-2026,1074.76,1074.89,1074.91,1074.89,1074.89,23133,248.66,112,18686.0,80.78,2026-08-31
AONENIFTY,EQ,31-Aug-2026,9.96,10.2,10.2,9.92,9.96,209900,20.88,1393,125720.0,59.9,2026-08-31
AONESILVER,EQ,31-Aug-2026,9.2,9.03,9.06,8.8,8.92,619845,55.22,1783,335498.0,54.13,2026-08-31
AONETMMQ50,EQ,31-Aug-2026,10.44,10.49,10.54,10.35,10.39,24342,2.53,287,14869.0,61.08,2026-08-31
AONETOTAL,EQ,31-Aug-2026,11.98,12.22,12.22,11.91,11.94,355909,42.54,1520,71952.0,20.22,2026-08-31
APARINDS,EQ,31-Aug-2026,17803.0,17800.0,18044.0,17550.0,17702.0,88241,15659.22,20974,29819.0,33.79,2026-08-31
APCL,EQ,31-Aug-2026,100.27,100.0,102.98,99.99,100.89,4715,4.73,113,3987.0,84.56,2026-08-31
APCOTEXIND,EQ,31-Aug-2026,625.25,628.85,656.0,622.05,646.3,460194,2953.37,15552,199937.0,43.45,2026-08-31
APEX,EQ,31-Aug-2026,381.25,381.7,385.3,376.55,380.0,113018,430.15,3885,42652.0,37.74,2026-08-31
APEXECO,ST,31-Aug-2026,253.9,253.9,257.0,250.0,252.0,7200,18.29,9,7200.0,100.0,2026-08-31
APLAPOLLO,EQ,31-Aug-2026,2265.6,2260.0,2264.9,2207.1,2223.4,1081058,24140.84,36732,641933.0,59.38,2026-08-31
APLLTD,EQ,31-Aug-2026,813.45,813.0,839.9,808.6,834.9,139739,1159.22,12449,89731.0,64.21,2026-08-31
APOLLO,EQ,31-Aug-2026,387.45,387.45,391.85,383.85,386.1,4103179,15939.98,30199,1192468.0,29.06,2026-08-31
APOLLOHOSP,EQ,31-Aug-2026,8838.5,8850.0,8902.0,8813.0,8898.5,405214,35901.49,33327,256091.0,63.2,2026-08-31
APOLLOPIPE,EQ,31-Aug-2026,631.0,631.3,646.4,622.6,627.05,217305,1375.99,8684,66669.0,30.68,2026-08-31
APOLLOTYRE,EQ,31-Aug-2026,443.5,443.5,450.0,435.85,438.95,778696,3429.63,22045,405339.0,52.05,2026-08-31
APOLSINHOT,EQ,31-Aug-2026,1215.4,1239.9,1240.0,1215.0,1232.7,562,6.88,92,457.0,81.32,2026-08-31
APOORVA,EQ,31-Aug-2026,25.31,26.57,26.57,26.57,26.57,28,0.01,2,28.0,100.0,2026-08-31
APRAMEYA,SM,31-Aug-2026,124.25,124.2,124.2,123.0,124.05,14500,17.99,8,14500.0,100.0,2026-08-31
APS,SM,31-Aug-2026,259.1,255.0,255.0,248.0,250.4,12000,30.12,40,8250.0,68.75,2026-08-31
APSISAERO,ST,31-Aug-2026,553.8,564.85,564.85,564.85,564.85,187200,1057.4,32,187200.0,100.0,2026-08-31
APTECHT,BE,31-Aug-2026,91.52,91.52,94.7,90.5,91.84,52469,48.58,582,,,2026-08-31
APTUS,EQ,31-Aug-2026,256.15,255.0,257.1,247.25,248.85,938126,2353.02,19792,517787.0,55.19,2026-08-31
AQYLON,EQ,31-Aug-2026,22.11,21.32,21.93,21.01,21.01,774347,163.3,1205,678888.0,87.67,2026-08-31
ARABIAN,SM,31-Aug-2026,87.6,88.0,88.0,88.0,88.0,2000,1.76,1,2000.0,100.0,2026-08-31
ARCHIDPLY,EQ,31-Aug-2026,105.23,105.02,108.51,105.02,105.93,11698,12.43,369,7003.0,59.86,2026-08-31
ARCHIES,EQ,31-Aug-2026,13.4,13.4,13.82,13.1,13.12,22389,2.96,145,17513.0,78.22,2026-08-31
ARCIIL,SM,31-Aug-2026,36.15,37.1,39.5,37.0,37.0,27000,10.19,25,25000.0,92.59,2026-08-31
ARCL,EQ,31-Aug-2026,226.22,235.0,237.53,234.0,237.0,254,0.6,37,246.0,96.85,2026-08-31
ARDEE,EQ,31-Aug-2026,61.16,61.17,61.32,57.53,58.21,3540606,2091.14,14627,1486073.0,41.97,2026-08-31
ARE&M,EQ,31-Aug-2026,921.35,919.0,919.2,890.0,892.65,715755,6440.23,35366,354475.0,49.52,2026-08-31
ARENTERP,EQ,31-Aug-2026,37.29,37.29,37.29,36.0,36.97,688,0.25,41,673.0,97.82,2026-08-31
ARFIN,EQ,31-Aug-2026,85.77,86.49,88.43,84.78,87.23,1024777,888.57,3317,135755.0,13.25,2026-08-31
ARHAM,SM,31-Aug-2026,215.4,219.0,223.75,210.6,212.95,42000,90.21,38,23000.0,54.76,2026-08-31
ARIES,EQ,31-Aug-2026,484.3,480.0,487.95,472.5,474.45,30956,147.71,1285,17819.0,57.56,2026-08-31
ARIHANT,EQ,31-Aug-2026,958.9,952.2,984.7,890.0,907.8,3929,36.36,598,2035.0,51.79,2026-08-31
ARIHANTACA,SM,31-Aug-2026,449.95,492.5,492.5,480.0,480.0,2000,9.7,4,2000.0,100.0,2026-08-31
ARIHANTCAP,EQ,31-Aug-2026,79.39,79.37,79.67,77.5,77.75,63571,49.76,833,32895.0,51.75,2026-08-31
ARIHANTSUP,EQ,31-Aug-2026,255.35,255.35,255.4,251.1,252.0,3616,9.15,150,2530.0,69.97,2026-08-31
ARIS,EQ,31-Aug-2026,151.31,152.45,152.5,141.15,142.27,1008272,1469.75,9693,532433.0,52.81,2026-08-31
ARKADE,EQ,31-Aug-2026,127.38,127.9,127.9,122.35,123.35,188573,235.71,1775,84647.0,44.89,2026-08-31
ARMANFIN,EQ,31-Aug-2026,2034.2,2034.0,2034.2,1975.0,1980.7,20481,409.31,3432,10628.0,51.89,2026-08-31
ARMOUR,ST,31-Aug-2026,18.9,18.0,18.05,18.0,18.05,6000,1.08,2,6000.0,100.0,2026-08-31
AROGRANITE,EQ,31-Aug-2026,25.1,24.5,25.5,24.32,24.76,9808,2.44,88,9411.0,95.95,2026-08-31
ARROWGREEN,BE,31-Aug-2026,692.0,680.6,709.0,680.3,701.8,14246,99.19,397,,,2026-08-31
ARSHIYA,BZ,31-Aug-2026,0.81,0.81,0.81,0.77,0.77,300013,2.31,136,,,2026-08-31
ARSSBL,EQ,31-Aug-2026,509.7,513.15,515.0,506.25,508.75,123094,627.34,3643,74761.0,60.73,2026-08-31
ARTEMISMED,EQ,31-Aug-2026,319.25,319.0,319.6,314.05,317.45,115013,364.44,5439,68653.0,59.69,2026-08-31
ARTNIRMAN,EQ,31-Aug-2026,39.84,41.0,41.45,39.0,40.0,937,0.38,21,858.0,91.57,2026-08-31
ARUNAYA,SM,31-Aug-2026,14.3,14.05,14.5,14.05,14.5,6000,0.86,3,4000.0,66.67,2026-08-31
ARVEE,EQ,31-Aug-2026,169.0,174.0,175.11,162.56,168.48,1926,3.31,38,1128.0,58.57,2026-08-31
ARVIND,EQ,31-Aug-2026,543.35,542.85,564.2,537.5,555.65,838704,4658.95,32350,403723.0,48.14,2026-08-31
ARVINDFASN,EQ,31-Aug-2026,450.65,450.65,456.5,441.5,452.5,146160,656.32,9191,89469.0,61.21,2026-08-31
ARVSMART,EQ,31-Aug-2026,661.4,660.05,669.9,645.0,665.55,66987,443.39,3785,32172.0,48.03,2026-08-31
ARYAMAN,EQ,31-Aug-2026,644.3,648.0,649.95,615.0,649.95,125,0.78,15,121.0,96.8,2026-08-31
ASAHIINDIA,EQ,31-Aug-2026,952.7,948.9,956.85,934.1,952.05,139150,1320.9,13032,78811.0,56.64,2026-08-31
ASAHISONG,BE,31-Aug-2026,366.7,355.35,380.0,355.35,378.75,22699,83.69,202,,,2026-08-31
ASAL,EQ,31-Aug-2026,488.2,487.5,495.7,473.8,476.05,29039,139.29,1241,17612.0,60.65,2026-08-31
ASALCBR,EQ,31-Aug-2026,714.5,714.15,716.25,695.25,700.8,31262,220.55,2053,21464.0,68.66,2026-08-31
ASHALOG,SM,31-Aug-2026,64.95,64.95,64.95,64.25,64.85,3000,1.94,3,3000.0,100.0,2026-08-31
ASHAPURMIN,EQ,31-Aug-2026,582.1,579.0,579.8,561.85,564.45,328284,1861.47,13744,169382.0,51.6,2026-08-31
ASHIANA,EQ,31-Aug-2026,368.8,370.25,370.65,364.1,366.9,26748,98.43,935,15509.0,57.98,2026-08-31
ASHIKAG,BE,31-Aug-2026,436.55,451.0,451.0,425.0,427.45,14217,61.61,128,,,2026-08-31
ASHIMASYN,EQ,31-Aug-2026,18.83,18.73,19.1,18.4,18.52,31225,5.83,192,27762.0,88.91,2026-08-31
ASHOKA,EQ,31-Aug-2026,112.65,117.7,129.0,116.91,120.29,98468036,122905.6,395471,4026368.0,4.09,2026-08-31
ASHOKAMET,EQ,31-Aug-2026,13.65,13.94,13.94,13.4,13.78,2205,0.3,64,2045.0,92.74,2026-08-31
ASHOKLEY,EQ,31-Aug-2026,175.77,175.0,176.6,173.82,175.64,14333497,25158.36,51846,9523603.0,66.44,2026-08-31
ASHWINI,SM,31-Aug-2026,182.0,184.9,184.9,184.9,184.9,1000,1.85,1,1000.0,100.0,2026-08-31
ASIANENE,EQ,31-Aug-2026,480.8,481.4,484.0,466.65,471.5,277518,1318.39,6533,142892.0,51.49,2026-08-31
ASIANHOTNR,EQ,31-Aug-2026,315.95,309.95,379.1,309.95,366.4,1007905,3681.82,23132,134645.0,13.36,2026-08-31
ASIANPAINT,EQ,31-Aug-2026,2608.7,2590.0,2653.6,2561.1,2653.6,1381178,35965.38,35262,981350.0,71.05,2026-08-31
ASIANTILES,EQ,31-Aug-2026,47.88,48.24,50.7,48.22,49.61,6288505,3122.76,16320,3072066.0,48.85,2026-08-31
ASIANTNE,EQ,31-Aug-2026,10.89,9.99,10.99,9.99,10.22,17485,1.8,165,12605.0,72.09,2026-08-31
ASKAUTOLTD,EQ,31-Aug-2026,633.1,635.0,663.5,628.7,659.9,943528,6177.43,37078,531867.0,56.37,2026-08-31
ASMS,BE,31-Aug-2026,7.01,6.9,7.15,6.66,7.03,289452,20.13,395,,,2026-08-31
ASPINWALL,EQ,31-Aug-2026,262.52,262.52,266.0,261.0,263.56,1677,4.44,42,1447.0,86.29,2026-08-31
ASSAMENT,EQ,31-Aug-2026,778.05,816.95,816.95,741.3,816.95,4,0.03,4,4.0,100.0,2026-08-31
ASTEC,EQ,31-Aug-2026,581.45,581.45,585.0,556.0,560.7,52139,294.34,2647,32127.0,61.62,2026-08-31
ASTERDM,EQ,31-Aug-2026,748.4,746.55,761.25,746.55,756.0,1529874,11541.19,51374,943777.0,61.69,2026-08-31
ASTRAL,EQ,31-Aug-2026,1532.3,1520.0,1581.0,1515.5,1522.2,11516278,176063.83,93643,8813026.0,76.53,2026-08-31
ASTRAMICRO,EQ,31-Aug-2026,1706.6,1710.0,1715.0,1660.0,1666.0,240681,4030.87,16572,134128.0,55.73,2026-08-31
ASTRAZEN,EQ,31-Aug-2026,7106.5,7106.5,7106.5,6905.0,6951.5,12698,884.87,2676,9663.0,76.1,2026-08-31
ASTRON,BZ,31-Aug-2026,3.13,3.13,3.13,2.98,3.1,8021,0.25,60,,,2026-08-31
ATALREAL,EQ,31-Aug-2026,35.51,35.1,35.36,31.7,33.31,18802850,6316.2,13214,5598227.0,29.77,2026-08-31
ATAM,EQ,31-Aug-2026,55.85,57.19,57.19,54.11,55.96,6088,3.39,196,4512.0,74.11,2026-08-31
ATCENERGY,ST,31-Aug-2026,22.4,22.75,22.8,22.75,22.8,6000,1.37,5,6000.0,100.0,2026-08-31
ATGL,EQ,31-Aug-2026,636.5,636.0,638.35,615.1,621.2,785690,4915.19,23677,293969.0,37.42,2026-08-31
ATHERENERG,EQ,31-Aug-2026,1616.3,1655.0,1717.7,1626.4,1717.7,19768043,331389.42,365910,6914827.0,34.98,2026-08-31
ATL,EQ,31-Aug-2026,27.04,27.45,27.69,25.61,25.88,158876,41.74,1318,107795.0,67.85,2026-08-31
ATLANTAA,EQ,31-Aug-2026,37.03,37.05,39.98,37.0,38.7,96457,36.67,931,75489.0,78.26,2026-08-31
ATLANTAELE,EQ,31-Aug-2026,1745.1,1755.0,1845.0,1745.0,1830.4,300563,5422.24,33021,118343.0,39.37,2026-08-31
ATLASCYCLE,EQ,31-Aug-2026,96.11,97.6,98.0,95.11,95.55,2176,2.09,38,1459.0,67.05,2026-08-31
ATLPP,E1,31-Aug-2026,9.7,9.67,10.75,9.16,9.9,3627,0.35,24,3626.0,99.97,2026-08-31
ATMASTCO,SM,31-Aug-2026,144.9,144.0,145.9,143.35,145.9,6400,9.26,11,6000.0,93.75,2026-08-31
ATUL,EQ,31-Aug-2026,6459.5,6417.0,6497.5,6370.0,6392.0,30069,1926.93,9264,18859.0,62.72,2026-08-31
ATULAUTO,EQ,31-Aug-2026,483.35,483.4,490.0,477.25,486.7,80545,389.2,2819,42913.0,53.28,2026-08-31
AUBANK,EQ,31-Aug-2026,1077.1,1075.0,1086.2,1064.3,1086.2,1482998,15974.84,40008,1026700.0,69.23,2026-08-31
AUGMONT,EQ,31-Aug-2026,788.0,961.0,1019.8,900.0,908.15,17691142,168591.41,529603,5825808.0,32.93,2026-08-31
AURIONPRO,EQ,31-Aug-2026,707.6,707.6,722.6,686.0,709.2,878794,6196.17,23171,516431.0,58.77,2026-08-31
AUROIMPEX,SM,31-Aug-2026,24.15,25.35,25.35,24.5,24.8,8000,1.99,4,8000.0,100.0,2026-08-31
AUROPHARMA,EQ,31-Aug-2026,1645.3,1648.6,1717.0,1635.1,1717.0,2416718,40755.56,63260,1189587.0,49.22,2026-08-31
AURUM,EQ,31-Aug-2026,232.98,231.9,235.0,229.25,231.25,102847,238.71,2255,40680.0,39.55,2026-08-31
AURUS,EQ,31-Aug-2026,4.66,4.73,4.75,4.6,4.69,4885,0.23,88,4264.0,87.29,2026-08-31
AUSOMENT,EQ,31-Aug-2026,148.24,147.0,150.0,146.0,149.73,5010,7.43,41,4593.0,91.68,2026-08-31
AUSTENG,EQ,31-Aug-2026,123.28,128.95,128.95,120.0,122.65,1232,1.51,33,909.0,73.78,2026-08-31
AUTOAXLES,EQ,31-Aug-2026,1740.2,1740.2,1743.1,1721.1,1728.6,2728,47.25,424,1753.0,64.26,2026-08-31
AUTOBEES,EQ,31-Aug-2026,298.11,301.09,301.09,296.52,298.77,157659,469.52,2565,84616.0,53.67,2026-08-31
AUTOIETF,EQ,31-Aug-2026,29.92,30.0,30.05,29.76,29.96,328281,98.13,1961,176041.0,53.63,2026-08-31
AUTOIND,EQ,31-Aug-2026,89.04,88.25,89.45,86.22,87.17,77051,67.5,1501,41847.0,54.31,2026-08-31
AVADHSUGAR,EQ,31-Aug-2026,830.05,821.0,873.0,815.55,855.3,346445,2945.87,16603,92436.0,26.68,2026-08-31
AVALON,EQ,31-Aug-2026,2231.7,2244.0,2400.0,2193.0,2373.3,519200,12029.27,40161,188279.0,36.26,2026-08-31
AVANA,ST,31-Aug-2026,150.0,142.95,153.7,142.55,151.7,34000,49.68,14,34000.0,100.0,2026-08-31
AVANCE,EQ,31-Aug-2026,0.87,0.88,0.88,0.86,0.86,4988255,43.5,1462,2502481.0,50.17,2026-08-31
AVANTEL,EQ,31-Aug-2026,156.79,163.5,164.9,159.02,160.15,2886095,4675.82,26933,618524.0,21.43,2026-08-31
AVANTIFEED,EQ,31-Aug-2026,826.75,826.75,841.85,815.0,824.7,325472,2692.74,18245,136148.0,41.83,2026-08-31
AVG,BE,31-Aug-2026,179.22,179.82,179.82,175.15,175.25,5072,8.97,72,,,2026-08-31
AVIANSH,SM,31-Aug-2026,100.5,102.5,103.0,100.0,101.5,4000,4.07,4,4000.0,100.0,2026-08-31
AVIENCE,SM,31-Aug-2026,269.5,269.0,270.95,264.7,266.7,9000,24.12,15,8400.0,93.33,2026-08-31
AVL,EQ,31-Aug-2026,590.8,586.05,603.1,583.65,600.5,131866,788.57,7151,84210.0,63.86,2026-08-31
AVONMORE,EQ,31-Aug-2026,13.9,13.9,14.19,13.36,13.79,422312,57.64,821,321382.0,76.1,2026-08-31
AVPINFRA,SM,31-Aug-2026,57.55,58.1,60.0,57.8,58.4,22400,13.16,24,16000.0,71.43,2026-08-31
AVROIND,EQ,31-Aug-2026,9.3,9.28,9.34,8.65,9.03,515192,46.43,1168,303861.0,58.98,2026-08-31
AVTNPL,EQ,31-Aug-2026,85.19,85.43,94.8,84.6,92.06,741243,669.96,6551,410348.0,55.36,2026-08-31
AWFIS,EQ,31-Aug-2026,253.25,251.0,267.0,250.6,258.9,432921,1130.7,10918,164285.0,37.95,2026-08-31
AWHCL,EQ,31-Aug-2026,387.3,385.0,386.0,377.85,383.3,57967,221.12,3355,29811.0,51.43,2026-08-31
AWL,EQ,31-Aug-2026,196.27,195.91,196.9,191.51,192.55,3438931,6678.12,39657,1747018.0,50.8,2026-08-31
AXISBANK,EQ,31-Aug-2026,1265.0,1257.0,1300.0,1251.2,1300.0,6093670,77421.23,177877,4449543.0,73.02,2026-08-31
AXISCADES,EQ,31-Aug-2026,1594.7,1635.0,1679.8,1609.1,1671.2,322732,5310.49,23140,142016.0,44.0,2026-08-31
AXITA,EQ,31-Aug-2026,8.05,8.08,8.14,7.75,7.89,731568,58.46,999,254966.0,34.85,2026-08-31
AXTEL,EQ,31-Aug-2026,394.35,409.95,409.95,385.0,388.85,3418,13.38,246,2428.0,71.04,2026-08-31
AYE,EQ,31-Aug-2026,183.92,184.8,185.39,175.71,179.52,1431106,2571.56,30624,695044.0,48.57,2026-08-31
AYMSYNTEX,EQ,31-Aug-2026,254.4,253.15,294.7,249.1,280.45,1511986,4214.5,36980,519046.0,34.33,2026-08-31
AZAD,EQ,31-Aug-2026,2850.5,2859.9,2942.2,2830.0,2861.8,791445,22815.21,49098,270359.0,34.16,2026-08-31
AZADIND,EQ,31-Aug-2026,93.5,93.4,94.39,88.15,90.26,52431,47.84,707,12848.0,24.5,2026-08-31
BABAFP,SM,31-Aug-2026,23.0,23.0,23.75,22.5,22.5,9600,2.19,6,8000.0,83.33,2026-08-31
BAFNAPH,BE,31-Aug-2026,291.1,298.0,305.65,291.0,304.25,29517,89.66,374,,,2026-08-31
BAGDIGITAL,SM,31-Aug-2026,105.1,112.0,112.05,106.0,109.0,35200,39.09,4,35200.0,100.0,2026-08-31
BAGFILMS,EQ,31-Aug-2026,4.42,4.42,4.45,4.36,4.38,58805,2.58,127,41508.0,70.59,2026-08-31
BAGMANE,RR,31-Aug-2026,106.78,107.9,107.9,106.25,106.69,760334,810.06,6518,717924.0,94.42,2026-08-31
BAHETI,SM,31-Aug-2026,847.0,850.0,865.0,850.0,861.8,16875,144.67,36,7500.0,44.44,2026-08-31
BAIDFIN,EQ,31-Aug-2026,9.74,9.78,10.41,9.7,10.15,193981,19.75,474,81640.0,42.09,2026-08-31
BAJAJ-AUTO,EQ,31-Aug-2026,11910.0,11910.0,12130.0,11877.0,12130.0,355561,42713.92,40169,208389.0,58.61,2026-08-31
BAJAJCON,EQ,31-Aug-2026,477.45,478.0,482.5,470.5,474.05,824112,3930.89,30088,372959.0,45.26,2026-08-31
BAJAJELEC,EQ,31-Aug-2026,332.75,330.3,332.45,323.6,324.8,115969,378.89,3760,55621.0,47.96,2026-08-31
BAJAJFINSV,EQ,31-Aug-2026,2002.0,1985.6,2021.0,1968.0,2021.0,724648,14462.19,37241,484934.0,66.92,2026-08-31
BAJAJHCARE,EQ,31-Aug-2026,322.0,325.0,340.0,324.9,333.7,333362,1110.97,10120,124256.0,37.27,2026-08-31
BAJAJHFL,EQ,31-Aug-2026,85.0,85.0,85.0,83.92,84.02,2146707,1806.38,19517,1134243.0,52.84,2026-08-31
BAJAJHIND,EQ,31-Aug-2026,21.67,21.75,23.1,21.04,22.47,112387038,25155.82,187793,14782823.0,13.15,2026-08-31
BAJAJHLDNG,EQ,31-Aug-2026,11340.0,11340.0,11644.0,11230.0,11644.0,51276,5903.78,8385,39784.0,77.59,2026-08-31
BAJAJINDEF,EQ,31-Aug-2026,228.49,225.1,232.0,220.0,220.61,21385,47.56,753,13820.0,64.62,2026-08-31
BAJAJST,EQ,31-Aug-2026,345.55,349.85,359.9,349.5,357.2,14521,51.3,731,10471.0,72.11,2026-08-31
BAJEL,EQ,31-Aug-2026,192.84,192.19,197.5,185.01,194.12,352819,682.44,5664,150797.0,42.74,2026-08-31
BAJFINANCE,EQ,31-Aug-2026,1079.9,1069.4,1073.0,1052.0,1057.0,7002192,74214.07,102457,4997775.0,71.37,2026-08-31
BALAJEE,EQ,31-Aug-2026,26.51,27.0,27.0,25.65,26.18,15162,3.98,156,11553.0,76.2,2026-08-31
BALAJIPHOS,SM,31-Aug-2026,88.0,93.0,93.8,93.0,93.8,2000,1.87,2,2000.0,100.0,2026-08-31
BALAJITELE,EQ,31-Aug-2026,94.05,93.27,93.77,91.5,91.9,73662,67.9,1648,36813.0,49.98,2026-08-31
BALAMINES,EQ,31-Aug-2026,2390.5,2391.0,2411.7,2302.5,2323.6,135337,3171.81,15430,52609.0,38.87,2026-08-31
BALAXI,EQ,31-Aug-2026,22.54,22.54,23.0,22.01,22.34,21366,4.81,116,15912.0,74.47,2026-08-31
BALKRISHNA,EQ,31-Aug-2026,16.89,16.17,17.35,16.17,17.2,5295,0.87,32,4716.0,89.07,2026-08-31
BALKRISIND,EQ,31-Aug-2026,2340.1,2320.0,2371.0,2241.1,2279.2,9682350,220981.25,204540,6210566.0,64.14,2026-08-31
BALMLAWRIE,EQ,31-Aug-2026,177.8,177.5,177.5,174.0,174.76,124560,218.57,2337,79205.0,63.59,2026-08-31
BALPHARMA,EQ,31-Aug-2026,84.8,84.8,87.3,84.1,85.0,4820,4.1,84,3558.0,73.82,2026-08-31
BALRAMCHIN,EQ,31-Aug-2026,654.85,650.2,738.95,647.55,693.5,39555765,282325.31,521428,2535459.0,6.41,2026-08-31
BALUFORGE,EQ,31-Aug-2026,638.8,640.05,650.0,626.45,630.6,1970291,12611.36,27065,433178.0,21.99,2026-08-31
BANARBEADS,EQ,31-Aug-2026,115.53,114.37,118.88,113.0,114.67,4005,4.64,268,2024.0,50.54,2026-08-31
BANARISUG,EQ,31-Aug-2026,3930.7,3942.5,4094.0,3900.0,3925.7,5097,203.09,1087,1276.0,25.03,2026-08-31
BANCOINDIA,EQ,31-Aug-2026,624.4,621.6,631.9,617.0,625.4,90971,568.14,6062,43527.0,47.85,2026-08-31
BANDHANBNK,EQ,31-Aug-2026,168.25,168.25,168.95,163.4,163.5,7241191,11925.32,68571,4164275.0,57.51,2026-08-31
BANG,EQ,31-Aug-2026,34.75,35.15,35.9,33.6,34.86,70524,24.56,838,33891.0,48.06,2026-08-31
BANK10ADD,EQ,31-Aug-2026,16.95,17.03,17.04,16.83,16.94,146708,24.85,63,134112.0,91.41,2026-08-31
BANK10BETF,EQ,31-Aug-2026,20.77,20.87,20.97,20.74,20.8,400,0.08,29,370.0,92.5,2026-08-31
BANKA,EQ,31-Aug-2026,79.2,77.0,79.8,75.24,78.57,3342,2.6,54,2153.0,64.42,2026-08-31
BANKADD,EQ,31-Aug-2026,58.84,58.65,59.02,58.65,58.97,12249,7.2,70,11625.0,94.91,2026-08-31
BANKBARODA,EQ,31-Aug-2026,241.9,241.2,241.27,236.3,238.6,9869595,23456.86,46697,5671780.0,57.47,2026-08-31
BANKBEES,EQ,31-Aug-2026,596.06,596.0,607.98,593.0,595.58,330803,1968.38,6197,179880.0,54.38,2026-08-31
BANKBETA,EQ,31-Aug-2026,59.48,59.31,59.78,59.16,59.46,1553449,921.39,604,817850.0,52.65,2026-08-31
BANKBETF,EQ,31-Aug-2026,58.49,58.99,58.99,58.11,58.54,14300,8.36,249,5493.0,38.41,2026-08-31
BANKETF,EQ,31-Aug-2026,585.97,586.68,590.7,583.68,587.7,13854,81.15,2140,5952.0,42.96,2026-08-31
BANKIETF,EQ,31-Aug-2026,59.13,58.81,59.19,58.81,59.03,194471,114.73,1467,122953.0,63.22,2026-08-31
BANKINDIA,EQ,31-Aug-2026,144.0,142.88,143.45,140.65,141.59,8243305,11723.67,27102,4831581.0,58.61,2026-08-31
BANKNIFTY1,EQ,31-Aug-2026,60.0,60.6,60.6,59.45,59.65,549083,327.56,1003,402546.0,73.31,2026-08-31
BANKPSU,EQ,31-Aug-2026,86.63,86.63,86.72,85.2,86.25,9302,7.98,164,5140.0,55.26,2026-08-31
BANSALWIRE,EQ,31-Aug-2026,318.0,320.0,320.95,312.2,316.65,42499,133.97,2225,25069.0,58.99,2026-08-31
BANSWRAS,EQ,31-Aug-2026,116.88,118.5,118.5,114.69,115.76,17564,20.38,439,11458.0,65.24,2026-08-31
BARFLEX,SM,31-Aug-2026,60.0,59.5,61.0,58.05,60.45,40000,23.9,20,36000.0,90.0,2026-08-31
BASF,EQ,31-Aug-2026,3848.7,3848.7,3852.4,3770.0,3787.8,18555,703.36,5360,9374.0,50.52,2026-08-31
BASILIC,SM,31-Aug-2026,186.45,193.9,202.0,190.0,199.0,72300,143.19,160,55800.0,77.18,2026-08-31
BASML,BE,31-Aug-2026,25.5,25.62,25.8,25.0,25.68,66643,16.96,93,,,2026-08-31
BATAINDIA,EQ,31-Aug-2026,681.3,685.3,685.5,675.0,682.4,167638,1140.51,8171,75207.0,44.86,2026-08-31
BATLIBOI,EQ,31-Aug-2026,88.41,88.41,89.97,85.16,86.32,19052,16.61,1115,7718.0,40.51,2026-08-31
BAWEJA,ST,31-Aug-2026,22.75,23.5,23.85,23.4,23.85,12800,3.03,15,11200.0,87.5,2026-08-31
BAYERCROP,EQ,31-Aug-2026,4048.7,4059.9,4074.4,3940.0,3970.9,42798,1709.3,7539,26923.0,62.91,2026-08-31
BBETF0432,EQ,31-Aug-2026,1342.48,1353.98,1353.98,1330.62,1335.03,244260,3255.3,698,243167.0,99.55,2026-08-31
BBL,EQ,31-Aug-2026,2358.8,2358.8,2384.6,2325.0,2363.5,11741,275.55,1834,6662.0,56.74,2026-08-31
BBNPNBETF,EQ,31-Aug-2026,57.97,58.15,58.17,57.63,58.0,498,0.29,29,353.0,70.88,2026-08-31
BBNPPGOLD,EQ,31-Aug-2026,152.85,151.5,151.5,147.4,148.45,12573,18.64,178,6980.0,55.52,2026-08-31
BBOX,EQ,31-Aug-2026,745.9,745.0,757.95,730.0,747.65,205424,1526.7,12132,95298.0,46.39,2026-08-31
BBTC,EQ,31-Aug-2026,1563.2,1553.3,1567.3,1495.0,1502.9,225770,3439.54,14974,81944.0,36.3,2026-08-31
BBTCL,EQ,31-Aug-2026,235.59,230.55,235.18,220.51,222.02,13829,31.37,401,9687.0,70.05,2026-08-31
BCG,EQ,31-Aug-2026,9.05,9.05,9.12,8.93,9.04,3934309,354.39,3788,2281434.0,57.99,2026-08-31
BCLIND,EQ,31-Aug-2026,36.74,37.0,37.02,36.0,36.61,627573,228.96,2536,364923.0,58.15,2026-08-31
BCONCEPTS,EQ,31-Aug-2026,163.07,160.0,166.8,156.15,164.67,16369,26.42,573,10538.0,64.38,2026-08-31
BCPL,EQ,31-Aug-2026,68.94,69.8,70.0,68.0,68.28,4145,2.84,211,3323.0,80.17,2026-08-31
BDL,EQ,31-Aug-2026,1306.0,1303.1,1304.0,1266.6,1275.0,1109722,14158.81,42234,342247.0,30.84,2026-08-31
BEACON,SM,31-Aug-2026,82.65,85.0,85.0,85.0,85.0,2000,1.7,2,2000.0,100.0,2026-08-31
BEARDSELL,EQ,31-Aug-2026,25.96,25.96,26.75,25.25,25.58,10973,2.81,213,6962.0,63.45,2026-08-31
BECTORFOOD,EQ,31-Aug-2026,232.87,231.0,233.92,226.08,226.91,1337079,3065.64,23903,706158.0,52.81,2026-08-31
BEDMUTHA,EQ,31-Aug-2026,106.25,109.8,109.8,103.15,105.25,2622,2.76,48,2238.0,85.35,2026-08-31
BEEKAY,EQ,31-Aug-2026,424.2,417.1,437.0,394.1,403.1,8561,34.86,227,7824.0,91.39,2026-08-31
BEL,EQ,31-Aug-2026,411.9,411.45,414.45,406.3,414.45,12595864,51770.09,110504,7694030.0,61.08,2026-08-31
BELLACASA,EQ,31-Aug-2026,247.3,248.06,248.28,235.21,237.51,7235,17.46,527,2845.0,39.32,2026-08-31
BELRISE,EQ,31-Aug-2026,229.87,229.48,235.54,226.69,232.34,2289847,5275.07,22104,1207263.0,52.72,2026-08-31
BEML,EQ,31-Aug-2026,1984.9,1985.0,1998.0,1925.5,1936.1,309387,6070.12,26712,120102.0,38.82,2026-08-31
BENARAS,EQ,31-Aug-2026,10122.0,10101.0,10290.0,9965.0,10200.0,124,12.6,35,90.0,72.58,2026-08-31
BENGALASM,EQ,31-Aug-2026,6339.5,6399.0,6557.0,6280.0,6438.0,1373,87.91,293,1018.0,74.14,2026-08-31
BEPL,EQ,31-Aug-2026,123.52,122.5,122.86,119.15,121.09,1049586,1265.17,10371,431662.0,41.13,2026-08-31
BERGEPAINT,EQ,31-Aug-2026,494.35,493.0,505.0,486.0,497.75,261810,1291.61,13899,131082.0,50.07,2026-08-31
BESTAGRO,EQ,31-Aug-2026,17.61,17.35,17.64,16.55,17.16,695136,119.51,2007,376871.0,54.22,2026-08-31
BETA,EQ,31-Aug-2026,2201.0,2190.0,2371.8,2153.0,2259.9,29195,656.3,4266,14596.0,49.99,2026-08-31
BEWLTD,SM,31-Aug-2026,50.0,50.0,50.0,49.3,50.0,15000,7.5,29,15000.0,100.0,2026-08-31
BFINVEST,EQ,31-Aug-2026,442.8,440.0,446.95,432.8,441.35,19489,85.42,1166,8746.0,44.88,2026-08-31
BFSI,EQ,31-Aug-2026,27.31,27.71,27.71,27.14,27.22,176530,48.06,837,110968.0,62.86,2026-08-31
BFUTILITIE,EQ,31-Aug-2026,510.25,510.45,510.7,501.15,502.9,20993,105.83,1084,10031.0,47.78,2026-08-31
BGLOBAL,BZ,31-Aug-2026,3.16,3.16,3.31,3.01,3.16,32478,1.0,57,,,2026-08-31
BGRENERGY,BE,31-Aug-2026,256.3,252.0,252.0,243.5,244.05,30042,73.82,564,,,2026-08-31
BHADORA,ST,31-Aug-2026,118.0,115.6,115.8,112.2,113.05,73200,82.95,18,69600.0,95.08,2026-08-31
BHAGCHEM,EQ,31-Aug-2026,277.9,276.1,285.95,276.0,280.75,76174,214.71,2090,35489.0,46.59,2026-08-31
BHAGERIA,BE,31-Aug-2026,238.75,250.68,250.68,250.68,250.68,147630,370.08,458,,,2026-08-31
BHAGYANGR,EQ,31-Aug-2026,391.05,393.7,393.85,381.3,384.7,61537,236.71,2103,33240.0,54.02,2026-08-31
BHANDARI,EQ,31-Aug-2026,3.03,3.05,3.08,2.96,2.98,126528,3.8,229,103903.0,82.12,2026-08-31
BHARATCOAL,EQ,31-Aug-2026,34.02,34.02,34.86,33.57,33.77,5216106,1776.78,16690,1918833.0,36.79,2026-08-31
BHARATFORG,EQ,31-Aug-2026,2037.7,2034.9,2104.9,2012.0,2104.9,779889,16028.58,23073,573042.0,73.48,2026-08-31
BHARATGEAR,BE,31-Aug-2026,103.59,103.59,106.0,101.0,101.5,21675,22.16,209,,,2026-08-31
BHARATRAS,EQ,31-Aug-2026,1255.2,1251.5,1259.6,1239.0,1248.0,8736,108.97,1422,5209.0,59.63,2026-08-31
BHARATSE,EQ,31-Aug-2026,226.43,226.43,227.97,221.02,224.25,109751,245.32,2770,52693.0,48.01,2026-08-31
BHARATWIRE,EQ,31-Aug-2026,186.99,187.27,187.27,181.0,181.71,138057,253.53,2649,70657.0,51.18,2026-08-31
BHARTIARTL,EQ,31-Aug-2026,1882.4,1880.0,1895.5,1811.9,1811.9,16921326,312644.27,147837,13819345.0,81.67,2026-08-31
BHARTIHEXA,EQ,31-Aug-2026,1550.1,1540.6,1549.8,1526.3,1545.5,30386,467.88,6079,13700.0,45.09,2026-08-31
BHEL,EQ,31-Aug-2026,430.85,430.6,442.65,424.05,442.65,9251968,39964.57,48331,4895937.0,52.92,2026-08-31
BI,BE,31-Aug-2026,91.83,90.0,92.69,89.01,90.8,27978,25.28,143,,,2026-08-31
BIGBLOC,EQ,31-Aug-2026,42.33,41.6,42.39,41.0,41.35,46102,19.11,760,32829.0,71.21,2026-08-31
BIKAJI,EQ,31-Aug-2026,618.8,624.0,628.0,616.0,625.7,138538,862.51,14862,81057.0,58.51,2026-08-31
BIKEWO,ST,31-Aug-2026,98.9,103.8,103.8,94.45,101.95,208000,207.3,85,170000.0,81.73,2026-08-31
BIL,EQ,31-Aug-2026,857.7,863.0,863.0,848.0,852.2,23669,202.36,330,21636.0,91.41,2026-08-31
BILVYAPAR,BE,31-Aug-2026,4.1,4.1,4.1,3.94,4.03,2708,0.11,25,,,2026-08-31
BIMETAL,EQ,31-Aug-2026,648.5,648.0,648.0,625.0,636.85,298,1.87,37,220.0,73.83,2026-08-31
BIOCON,EQ,31-Aug-2026,411.1,411.1,412.2,401.65,412.0,3746419,15234.68,27284,2334009.0,62.3,2026-08-31
BIOFILCHEM,EQ,31-Aug-2026,32.93,32.9,33.0,32.27,32.59,4444,1.45,119,4032.0,90.73,2026-08-31
BIOPOL,SM,31-Aug-2026,56.9,51.55,53.7,51.25,51.25,398400,205.34,210,238800.0,59.94,2026-08-31
BIRET,RR,31-Aug-2026,341.93,343.8,343.8,339.5,341.71,467019,1594.94,9822,425769.0,91.17,2026-08-31
BIRLACABLE,BE,31-Aug-2026,295.11,304.4,309.86,292.0,309.86,370744,1140.73,3501,,,2026-08-31
BIRLACORPN,EQ,31-Aug-2026,881.2,883.35,892.0,865.6,872.7,97368,853.88,7774,54876.0,56.36,2026-08-31
BIRLAMONEY,EQ,31-Aug-2026,129.94,131.4,131.4,125.51,126.75,30308,38.61,1068,17791.0,58.7,2026-08-31
BIRLANU,EQ,31-Aug-2026,1442.3,1440.0,1480.0,1435.2,1440.5,8068,117.07,1161,4633.0,57.42,2026-08-31
BIRLAPREC,EQ,31-Aug-2026,47.64,48.25,48.38,45.01,45.61,150401,69.62,1244,77714.0,51.67,2026-08-31
BLACKBUCK,EQ,31-Aug-2026,588.15,589.05,595.5,577.1,593.8,314299,1853.97,15331,177699.0,56.54,2026-08-31
BLACKROSE,BE,31-Aug-2026,114.46,114.46,115.99,113.25,114.07,14843,17.05,148,,,2026-08-31
BLAL,EQ,31-Aug-2026,166.14,167.0,167.8,165.9,165.98,11841,19.67,206,10266.0,86.7,2026-08-31
BLBLIMITED,EQ,31-Aug-2026,15.98,16.3,16.3,15.65,16.09,114354,18.21,251,95685.0,83.67,2026-08-31
BLEL,EQ,31-Aug-2026,457.45,457.45,463.2,435.1,440.7,972620,4352.85,19403,247926.0,25.49,2026-08-31
BLIL,EQ,31-Aug-2026,72.14,72.14,72.36,71.54,71.82,69018,49.65,1206,51525.0,74.65,2026-08-31
BLISSGVS,BE,31-Aug-2026,588.1,587.85,617.5,580.0,616.75,746998,4556.53,4567,,,2026-08-31
BLKASHYAP,EQ,31-Aug-2026,58.57,59.6,62.0,55.0,55.68,3061325,1777.3,16313,1154759.0,37.72,2026-08-31
BLS,EQ,31-Aug-2026,239.03,237.0,242.4,233.11,240.56,2518896,5997.26,32719,1085344.0,43.09,2026-08-31
BLSE,EQ,31-Aug-2026,326.25,320.4,331.3,320.4,327.9,600668,1967.78,11164,269110.0,44.8,2026-08-31
BLUECHIP,EQ,31-Aug-2026,2.14,2.18,2.18,2.18,2.18,21009,0.46,36,21009.0,100.0,2026-08-31
BLUECLOUDS,EQ,31-Aug-2026,20.19,20.22,20.64,19.95,20.25,2827239,570.72,5583,1114144.0,39.41,2026-08-31
BLUECOAST,BE,31-Aug-2026,23.5,23.5,23.57,22.55,23.34,622,0.14,22,,,2026-08-31
BLUEDART,EQ,31-Aug-2026,4989.5,4992.0,5019.5,4910.5,4924.0,9084,449.6,3390,5447.0,59.96,2026-08-31
BLUEJET,EQ,31-Aug-2026,577.65,577.95,583.2,571.6,578.75,312042,1802.23,11827,143612.0,46.02,2026-08-31
BLUESTARCO,EQ,31-Aug-2026,1480.0,1480.0,1490.9,1460.0,1463.8,383556,5648.84,26851,198266.0,51.69,2026-08-31
BLUESTONE,EQ,31-Aug-2026,794.7,793.0,830.7,770.1,817.4,1264097,10190.09,33611,525316.0,41.56,2026-08-31
BLUEWATER,ST,31-Aug-2026,480.0,489.95,489.95,480.0,480.0,10000,48.58,9,10000.0,100.0,2026-08-31
BLUSPRING,EQ,31-Aug-2026,127.43,129.4,131.79,125.62,126.4,238056,304.42,3662,115865.0,48.67,2026-08-31
BMETRICS,SM,31-Aug-2026,33.5,33.5,33.65,31.05,31.05,5600,1.86,6,5600.0,100.0,2026-08-31
BMLL,SM,31-Aug-2026,146.55,146.05,146.05,145.5,145.75,4000,5.84,3,2000.0,50.0,2026-08-31
BMWVENTLTD,EQ,31-Aug-2026,56.65,56.55,57.95,56.5,56.57,45382,25.84,759,30319.0,66.81,2026-08-31
BNAGROCHEM,EQ,31-Aug-2026,226.8,227.9,234.0,225.0,229.0,5244,12.0,17,5242.0,99.96,2026-08-31
BNALTD,BE,31-Aug-2026,371.1,385.0,385.0,355.2,360.45,1878,6.82,28,,,2026-08-31
BNKETFAXIS,EQ,31-Aug-2026,593.78,593.78,594.0,590.35,594.0,422,2.5,29,275.0,65.17,2026-08-31
BODALCHEM,EQ,31-Aug-2026,99.08,114.48,118.89,106.41,118.89,7034891,8097.88,43555,3102898.0,44.11,2026-08-31
BOHRAIND,EQ,31-Aug-2026,12.64,12.64,13.35,12.0,12.35,18527,2.32,75,13518.0,72.96,2026-08-31
BOMDYEING,EQ,31-Aug-2026,118.4,118.35,118.35,113.36,114.25,679107,779.67,5768,302506.0,44.54,2026-08-31
BONLON,EQ,31-Aug-2026,40.5,42.5,43.0,40.51,40.67,7102,2.96,99,5232.0,73.67,2026-08-31
BORANA,EQ,31-Aug-2026,317.75,315.3,317.25,307.0,308.5,14297,44.17,555,9184.0,64.24,2026-08-31
BOROLTD,EQ,31-Aug-2026,239.81,240.01,249.3,237.0,245.86,476653,1164.91,11366,158099.0,33.17,2026-08-31
BORORENEW,EQ,31-Aug-2026,502.25,504.5,511.15,497.0,502.6,691736,3473.5,25167,355775.0,51.43,2026-08-31
BOROSCI,EQ,31-Aug-2026,124.44,124.44,125.99,122.31,122.91,42438,52.6,1037,22830.0,53.8,2026-08-31
BOSCH-HCIL,EQ,31-Aug-2026,1695.2,1713.8,1762.7,1665.0,1732.4,66050,1138.41,6449,34270.0,51.88,2026-08-31
BOSCHLTD,EQ,31-Aug-2026,48640.0,48595.0,50000.0,48360.0,50000.0,60545,29819.02,12022,39670.0,65.52,2026-08-31
BPCL,EQ,31-Aug-2026,319.25,315.0,324.05,310.8,324.05,8129191,25645.08,57221,4948871.0,60.88,2026-08-31
BPL,EQ,31-Aug-2026,50.43,50.98,52.48,49.5,51.07,76877,39.46,1880,37438.0,48.7,2026-08-31
BPLPHARMA,EQ,31-Aug-2026,1527.8,1553.9,1559.9,1520.0,1529.8,1197,18.53,117,787.0,65.75,2026-08-31
BRACEPORT,SM,31-Aug-2026,58.2,58.7,59.85,58.0,59.85,6400,3.75,4,4800.0,75.0,2026-08-31
BRAHMINFRA,EQ,31-Aug-2026,160.13,163.0,163.0,158.33,159.43,10845,17.42,321,8351.0,77.0,2026-08-31
BRANDMAN,SM,31-Aug-2026,162.0,164.0,166.7,164.0,166.4,21600,35.73,24,18400.0,85.19,2026-08-31
BRIGADE,EQ,31-Aug-2026,642.25,640.0,658.75,632.05,655.85,345067,2233.14,22394,130877.0,37.93,2026-08-31
BRIGHOTEL,EQ,31-Aug-2026,59.56,59.55,59.55,58.1,58.77,83827,49.49,1716,59899.0,71.46,2026-08-31
BRIGHTBR,EQ,31-Aug-2026,260.78,260.78,260.78,246.02,257.13,518,1.31,25,421.0,81.27,2026-08-31
BRITANNIA,EQ,31-Aug-2026,5308.5,5302.0,5302.0,5216.0,5250.0,334255,17550.17,23120,233287.0,69.79,2026-08-31
BRNL,EQ,31-Aug-2026,17.29,17.3,17.45,17.0,17.25,26961,4.66,175,20380.0,75.59,2026-08-31
BROOKS,BE,31-Aug-2026,69.28,69.28,71.4,66.02,66.54,31613,21.57,218,,,2026-08-31
BSE,EQ,31-Aug-2026,3405.0,3405.0,3408.0,3216.3,3282.0,6123157,201996.83,254354,2541626.0,41.51,2026-08-31
BSE500IETF,EQ,31-Aug-2026,39.85,40.37,40.37,39.5,39.67,96809,38.36,1631,58393.0,60.32,2026-08-31
BSHSL,EQ,31-Aug-2026,91.85,91.0,93.0,88.1,89.98,9323,8.47,263,4636.0,49.73,2026-08-31
BSL,EQ,31-Aug-2026,123.03,124.0,124.0,121.6,123.06,2248,2.76,47,2021.0,89.9,2026-08-31
BSLGOLDETF,EQ,31-Aug-2026,139.62,139.62,139.62,129.11,135.82,408518,550.97,3093,193853.0,47.45,2026-08-31
BSLNIFTY,EQ,31-Aug-2026,28.38,28.55,28.55,28.2,28.31,2045219,578.98,6000,1684059.0,82.34,2026-08-31
BSLSENETFG,EQ,31-Aug-2026,78.01,78.65,78.65,76.92,77.61,1747,1.36,113,1475.0,84.43,2026-08-31
BSOFT,EQ,31-Aug-2026,300.9,299.0,303.5,290.2,291.25,1337468,3929.12,38194,800627.0,59.86,2026-08-31
BTML,EQ,31-Aug-2026,8.61,8.61,8.75,8.26,8.44,436429,37.4,712,279661.0,64.08,2026-08-31
BTTL,BE,31-Aug-2026,43.4,43.5,43.6,43.0,43.09,1673,0.72,20,,,2026-08-31
BUILDPRO,EQ,31-Aug-2026,1243.7,1245.3,1275.8,1230.0,1254.0,18166,227.22,1612,9591.0,52.8,2026-08-31
BURNPUR,EQ,31-Aug-2026,16.15,16.8,17.76,16.25,17.76,128736,22.16,515,81222.0,63.09,2026-08-31
BUTTERFLY,EQ,31-Aug-2026,633.15,633.15,639.4,626.0,629.0,13629,85.98,802,8287.0,60.8,2026-08-31
BVCL,EQ,31-Aug-2026,43.9,44.65,45.5,42.35,44.84,195814,86.42,710,136058.0,69.48,2026-08-31
BYKE,BE,31-Aug-2026,30.74,31.08,32.27,30.31,32.27,50534,15.97,172,,,2026-08-31
C2C,SM,31-Aug-2026,228.4,228.4,239.4,215.0,237.45,128100,296.61,546,79500.0,62.06,2026-08-31
CADSYS,ST,31-Aug-2026,48.3,46.5,46.5,46.45,46.45,1500,0.7,3,1500.0,100.0,2026-08-31
CALSOFT,EQ,31-Aug-2026,35.5,37.27,37.27,35.5,37.27,1022450,380.57,1355,547426.0,53.54,2026-08-31
CAMLINFINE,EQ,31-Aug-2026,103.52,103.55,104.57,101.92,102.63,672790,692.95,5907,384932.0,57.21,2026-08-31
CAMPUS,EQ,31-Aug-2026,226.14,225.79,227.25,222.64,226.19,342872,772.46,6878,147026.0,42.88,2026-08-31
CAMS,EQ,31-Aug-2026,762.0,758.75,786.4,750.0,782.0,3784113,29404.78,64923,1983218.0,52.41,2026-08-31
CANARYS,SM,31-Aug-2026,26.35,26.1,26.1,23.55,24.45,84000,20.75,20,56000.0,66.67,2026-08-31
CANBK,EQ,31-Aug-2026,128.35,127.5,127.69,125.5,126.9,15831688,20028.81,60096,9125264.0,57.64,2026-08-31
CANFINHOME,EQ,31-Aug-2026,815.5,805.0,814.7,788.25,795.3,388045,3110.33,27531,235869.0,60.78,2026-08-31
CANHLIFE,EQ,31-Aug-2026,154.19,153.0,162.9,149.41,156.14,7028705,10829.85,81118,3299272.0,46.94,2026-08-31
CANTABIL,EQ,31-Aug-2026,243.59,246.6,246.6,239.5,242.41,63499,153.47,1155,33639.0,52.98,2026-08-31
CAPACITE,EQ,31-Aug-2026,217.33,216.8,217.01,212.7,214.0,149455,320.71,3475,69751.0,46.67,2026-08-31
CAPILLARY,EQ,31-Aug-2026,501.5,504.5,504.5,492.6,493.9,52919,262.37,2882,26920.0,50.87,2026-08-31
CAPINVIT,IV,31-Aug-2026,77.0,77.14,77.15,76.81,76.95,203051,156.24,2073,187058.0,92.12,2026-08-31
CAPITALSFB,EQ,31-Aug-2026,281.65,280.35,285.0,280.05,283.2,11675,33.04,514,9121.0,78.12,2026-08-31
CAPLIPOINT,EQ,31-Aug-2026,2517.2,2518.5,2588.9,2492.2,2517.4,92549,2346.22,13093,47676.0,51.51,2026-08-31
CAPTRUST,BE,31-Aug-2026,20.02,19.8,19.82,19.25,19.46,15164,2.97,126,,,2026-08-31
CARBORUNIV,EQ,31-Aug-2026,1116.8,1095.5,1134.9,1095.5,1106.6,169772,1888.46,16171,87311.0,51.43,2026-08-31
CARERATING,EQ,31-Aug-2026,1682.1,1675.0,1775.0,1670.1,1729.0,138118,2400.44,17611,46719.0,33.83,2026-08-31
CARRARO,EQ,31-Aug-2026,557.8,557.8,572.6,552.3,559.4,559233,3156.43,11425,403202.0,72.1,2026-08-31
CARTRADE,EQ,31-Aug-2026,3014.6,3014.6,3084.3,2950.0,2991.5,358615,10797.95,41868,167200.0,46.62,2026-08-31
CARYSIL,EQ,31-Aug-2026,1112.8,1117.7,1144.0,1095.1,1128.5,56629,635.8,5748,30173.0,53.28,2026-08-31
CASHIETF,EQ,31-Aug-2026,1077.45,1077.57,1077.59,1077.57,1077.58,122075,1315.46,158,99636.0,81.62,2026-08-31
CASTROLIND,EQ,31-Aug-2026,185.24,185.9,186.16,184.1,184.49,2175158,4017.36,30123,1539104.0,70.76,2026-08-31
CCAVENUE,EQ,31-Aug-2026,15.27,15.26,15.27,14.95,15.03,11233045,1688.15,10319,7543628.0,67.16,2026-08-31
CCCL,EQ,31-Aug-2026,14.76,14.75,14.9,14.5,14.54,177208,26.06,437,130591.0,73.69,2026-08-31
CCHHL,EQ,31-Aug-2026,12.89,13.08,13.35,12.15,12.66,24560,3.12,169,18617.0,75.8,2026-08-31
CCL,EQ,31-Aug-2026,1123.1,1116.2,1125.0,1066.7,1079.8,258424,2818.83,26312,151230.0,58.52,2026-08-31
CDSL,EQ,31-Aug-2026,1414.7,1413.9,1413.9,1382.7,1402.5,1190879,16605.24,39445,525346.0,44.11,2026-08-31
CEATLTD,EQ,31-Aug-2026,3511.5,3481.0,3497.0,3398.9,3419.7,96614,3319.42,16034,50056.0,51.81,2026-08-31
CEDAAR,ST,31-Aug-2026,14.3,13.6,14.5,13.6,14.3,43000,6.15,16,42000.0,97.67,2026-08-31
CEIGALL,EQ,31-Aug-2026,341.0,341.0,343.0,336.6,341.35,334208,1131.97,6696,219023.0,65.53,2026-08-31
CEINSYS,EQ,31-Aug-2026,723.15,722.35,722.35,703.55,710.4,47907,341.25,3096,27271.0,56.92,2026-08-31
CELEBRITY,EQ,31-Aug-2026,6.8,6.81,6.94,6.5,6.62,19141,1.28,94,11231.0,58.68,2026-08-31
CELLECOR,SM,31-Aug-2026,32.45,32.45,33.0,30.65,31.5,357000,113.0,81,300000.0,84.03,2026-08-31
CELLO,EQ,31-Aug-2026,350.8,351.5,354.9,346.05,352.3,143419,502.18,6931,68525.0,47.78,2026-08-31
CEMNTGROWW,EQ,31-Aug-2026,14.87,14.87,14.99,14.61,14.73,313180,46.18,872,258744.0,82.62,2026-08-31
CEMPRO,EQ,31-Aug-2026,1268.1,1275.0,1275.0,1206.2,1225.6,471498,5838.22,27759,324413.0,68.8,2026-08-31
CENTENKA,EQ,31-Aug-2026,547.4,546.6,549.3,540.5,546.8,24609,133.97,1466,12571.0,51.08,2026-08-31
CENTEXT,EQ,31-Aug-2026,22.27,22.03,22.45,21.65,22.21,156217,34.53,849,94239.0,60.33,2026-08-31
CENTRALBK,EQ,31-Aug-2026,30.54,30.4,30.45,30.1,30.22,4747177,1434.38,15872,2622332.0,55.24,2026-08-31
CENTRUM,EQ,31-Aug-2026,23.05,22.93,23.29,22.8,22.97,134256,30.83,416,78565.0,58.52,2026-08-31
CENTUM,EQ,31-Aug-2026,3442.8,3480.0,3535.0,3366.0,3445.5,55304,1913.66,13668,25236.0,45.63,2026-08-31
CENTURYPLY,EQ,31-Aug-2026,753.8,753.8,763.45,745.3,757.25,23462,176.85,3653,9942.0,42.37,2026-08-31
CERA,EQ,31-Aug-2026,5654.5,5688.0,5763.5,5600.0,5730.5,7710,438.66,1891,3754.0,48.69,2026-08-31
CEREBRAINT,BZ,31-Aug-2026,2.61,2.66,2.66,2.48,2.5,311357,7.76,213,,,2026-08-31
CESC,EQ,31-Aug-2026,148.11,148.1,148.63,145.42,146.16,1882069,2762.17,22032,1145282.0,60.85,2026-08-31
CEWATER,EQ,31-Aug-2026,267.5,267.05,270.95,264.3,269.5,45720,122.45,1888,21555.0,47.15,2026-08-31
CFEL,EQ,31-Aug-2026,31.0,30.8,32.0,28.16,29.41,20524,6.16,375,16993.0,82.8,2026-08-31
CGCL,EQ,31-Aug-2026,257.98,257.98,258.7,248.93,256.46,3765128,9582.61,32200,1241114.0,32.96,2026-08-31
CGPOWER,EQ,31-Aug-2026,889.0,884.15,916.0,875.0,916.0,3393030,30297.13,39500,2338354.0,68.92,2026-08-31
CGRAPHICS,SM,31-Aug-2026,145.9,145.0,146.0,143.7,144.6,30400,44.06,30,23200.0,76.32,2026-08-31
CGVAK,EQ,31-Aug-2026,149.7,160.0,160.0,148.05,149.82,3511,5.39,72,2414.0,68.76,2026-08-31
CHALET,EQ,31-Aug-2026,901.2,900.1,919.95,891.2,903.95,220262,2004.37,22893,106106.0,48.17,2026-08-31
CHAMBLFERT,EQ,31-Aug-2026,421.55,421.0,421.0,406.9,409.55,1249117,5148.64,32032,901499.0,72.17,2026-08-31
CHANDAN,SM,31-Aug-2026,217.9,223.0,224.0,216.0,222.8,13600,30.0,17,12000.0,88.24,2026-08-31
CHAVDA,SM,31-Aug-2026,138.65,135.0,135.0,128.1,129.55,26000,34.21,26,18000.0,69.23,2026-08-31
CHEMBOND,EQ,31-Aug-2026,174.48,175.8,177.0,170.0,174.47,9191,15.91,420,3006.0,32.71,2026-08-31
CHEMBONDCH,BE,31-Aug-2026,267.49,267.6,272.8,255.0,256.53,9504,24.67,150,,,2026-08-31
CHEMCON,BE,31-Aug-2026,199.54,200.8,205.0,198.0,200.76,30197,60.74,423,,,2026-08-31
CHEMCRUX,EQ,31-Aug-2026,84.46,86.4,86.4,82.5,83.23,3114,2.59,108,2908.0,93.38,2026-08-31
CHEMFAB,EQ,31-Aug-2026,369.75,350.1,368.35,350.1,359.95,1951,7.06,113,1475.0,75.6,2026-08-31
CHEMICAL,EQ,31-Aug-2026,30.39,30.4,30.4,29.95,30.08,642405,193.24,1403,478717.0,74.52,2026-08-31
CHEMPLASTS,EQ,31-Aug-2026,182.68,182.68,182.68,175.23,176.52,198895,351.67,5953,117313.0,58.98,2026-08-31
CHENNPETRO,EQ,31-Aug-2026,1341.1,1347.0,1380.0,1325.1,1367.4,1136841,15421.59,39480,274912.0,24.18,2026-08-31
CHETANA,SM,31-Aug-2026,43.0,41.5,42.8,41.5,42.8,6400,2.68,4,4800.0,75.0,2026-08-31
CHEVIOT,EQ,31-Aug-2026,1141.6,1141.6,1141.6,1130.6,1134.3,534,6.07,103,386.0,72.28,2026-08-31
CHOICEGOLD,EQ,31-Aug-2026,156.63,156.63,160.0,151.81,153.23,5008,7.65,196,3300.0,65.89,2026-08-31
CHOICEIN,EQ,31-Aug-2026,786.4,784.9,785.0,775.05,780.7,238496,1861.51,7951,55769.0,23.38,2026-08-31
CHOLAFIN,EQ,31-Aug-2026,1862.9,1853.0,1857.4,1807.5,1857.4,1269330,23287.32,43390,823173.0,64.85,2026-08-31
CHOLAHLDNG,EQ,31-Aug-2026,1498.8,1492.0,1501.8,1448.4,1485.5,301101,4436.63,29378,172698.0,57.36,2026-08-31
CIEINDIA,EQ,31-Aug-2026,389.95,391.5,395.0,386.85,391.05,311650,1219.12,16029,171098.0,54.9,2026-08-31
CIFL,EQ,31-Aug-2026,20.72,20.74,21.29,20.33,20.39,70989,14.75,529,63285.0,89.15,2026-08-31
CINELINE,EQ,31-Aug-2026,87.98,88.01,89.6,86.0,88.1,22357,19.68,441,19770.0,88.43,2026-08-31
CINEVISTA,EQ,31-Aug-2026,14.41,14.42,14.73,14.26,14.42,4989,0.72,57,4037.0,80.92,2026-08-31
CIPLA,EQ,31-Aug-2026,1423.5,1418.0,1426.1,1409.2,1409.2,977929,13825.94,22308,714874.0,73.1,2026-08-31
CITIUSINVT,IV,31-Aug-2026,114.46,115.45,115.45,113.7,114.59,264307,302.61,971,257468.0,97.41,2026-08-31
CKKRETAIL,SM,31-Aug-2026,166.8,165.0,165.0,165.0,165.0,800,1.32,1,800.0,100.0,2026-08-31
CLASSICEIL,SM,31-Aug-2026,56.95,54.25,55.0,54.2,55.0,14400,7.84,9,11200.0,77.78,2026-08-31
CLAYCRAFT,SM,31-Aug-2026,159.0,159.0,159.0,155.75,157.25,18600,29.28,19,15600.0,83.87,2026-08-31
CLCIND,BE,31-Aug-2026,46.0,45.0,48.3,45.0,47.48,2507,1.2,18,,,2026-08-31
CLEAN,EQ,31-Aug-2026,836.45,836.45,836.45,818.45,822.85,176501,1456.78,10230,66422.0,37.63,2026-08-31
CLEANMAX,EQ,31-Aug-2026,1250.9,1289.0,1305.0,1215.4,1246.9,1190401,14950.28,44477,583967.0,49.06,2026-08-31
CLEDUCATE,BE,31-Aug-2026,65.34,64.8,64.8,62.08,62.09,14421,9.04,138,,,2026-08-31
CLSEL,EQ,31-Aug-2026,293.05,294.95,305.95,289.05,300.65,200671,602.21,5731,82624.0,41.17,2026-08-31
CLSL,ST,31-Aug-2026,91.5,88.3,90.05,88.3,88.3,16000,14.16,7,16000.0,100.0,2026-08-31
CMICABLES,BZ,31-Aug-2026,2.53,2.52,2.55,2.41,2.53,17713,0.45,49,,,2026-08-31
CMLL,EQ,31-Aug-2026,509.8,510.0,515.35,500.0,504.35,161525,815.81,4298,81882.0,50.69,2026-08-31
CMNL,SM,31-Aug-2026,120.0,119.8,119.8,118.0,118.0,6000,7.13,8,5250.0,87.5,2026-08-31
CMPDI,EQ,31-Aug-2026,230.97,230.97,237.8,227.2,230.92,1389923,3240.14,21446,359274.0,25.85,2026-08-31
CMRGREEN,EQ,31-Aug-2026,225.11,224.95,232.6,220.1,230.78,1059352,2422.78,22746,626219.0,59.11,2026-08-31
CMRSL,SM,31-Aug-2026,68.4,65.6,65.6,65.0,65.0,4800,3.12,4,4800.0,100.0,2026-08-31
CMSINFO,EQ,31-Aug-2026,242.55,241.35,248.7,238.3,243.6,5844296,14230.54,61441,3997141.0,68.39,2026-08-31
CNL,EQ,31-Aug-2026,1242.15,1243.4,1328.0,1243.05,1279.6,141110,1834.28,11282,36520.0,25.88,2026-08-31
COALINDIA,EQ,31-Aug-2026,401.0,402.05,405.6,399.65,401.75,7827528,31464.44,71970,4399938.0,56.21,2026-08-31
COASTCORP,EQ,31-Aug-2026,40.62,40.91,42.04,40.5,40.96,99266,40.99,1124,49488.0,49.85,2026-08-31
COCHINSHIP,EQ,31-Aug-2026,1535.0,1527.0,1530.0,1492.0,1510.0,500188,7542.33,22482,166470.0,33.28,2026-08-31
COCKERILL,EQ,31-Aug-2026,8123.0,8301.5,8500.0,8116.0,8174.5,11090,919.25,3280,3788.0,34.16,2026-08-31
COFFEEDAY,BE,31-Aug-2026,29.49,30.0,30.39,29.2,29.48,228229,67.58,758,,,2026-08-31
COFORGE,EQ,31-Aug-2026,2014.6,2015.0,2021.2,1971.6,1985.3,2163402,42954.29,92600,1066572.0,49.3,2026-08-31
COHANCE,EQ,31-Aug-2026,449.9,449.9,459.25,444.0,455.95,677119,3074.66,18151,318566.0,47.05,2026-08-31
COLPAL,EQ,31-Aug-2026,1826.9,1826.0,1897.6,1803.7,1897.6,1166774,21592.53,47039,812259.0,69.62,2026-08-31
COMFINTE,EQ,31-Aug-2026,5.94,6.18,6.19,5.88,6.06,355194,21.2,504,224725.0,63.27,2026-08-31
COMMITTED,SM,31-Aug-2026,352.2,352.0,355.0,342.0,342.0,7200,25.3,7,6400.0,88.89,2026-08-31
COMMOIETF,EQ,31-Aug-2026,99.82,99.82,99.82,98.51,98.9,36312,35.87,925,26562.0,73.15,2026-08-31
COMPEAU,EQ,31-Aug-2026,353.95,353.95,353.95,353.7,353.7,12,0.04,3,12.0,100.0,2026-08-31
COMPINFO,BZ,31-Aug-2026,1.08,1.13,1.13,1.07,1.07,8266,0.09,28,,,2026-08-31
COMPUSOFT,EQ,31-Aug-2026,13.26,13.39,13.6,13.26,13.45,23330,3.14,247,19138.0,82.03,2026-08-31
COMSYN,EQ,31-Aug-2026,282.0,284.7,301.0,277.23,297.1,495370,1428.33,6562,287523.0,58.04,2026-08-31
CONCOR,EQ,31-Aug-2026,516.0,512.3,518.0,507.5,511.9,1393626,7140.28,27025,841728.0,60.4,2026-08-31
CONCORDBIO,EQ,31-Aug-2026,1481.1,1461.0,1504.0,1442.0,1446.1,188563,2758.18,24385,101984.0,54.08,2026-08-31
CONFIPET,EQ,31-Aug-2026,79.87,79.85,83.4,79.1,81.37,3471549,2844.93,17953,1478588.0,42.59,2026-08-31
CONNPLEX,SM,31-Aug-2026,225.1,225.0,225.0,215.0,215.6,28000,61.22,35,18400.0,65.71,2026-08-31
CONS,EQ,31-Aug-2026,12.28,12.28,12.35,12.19,12.24,20699,2.53,150,13301.0,64.26,2026-08-31
CONSOFINVT,BE,31-Aug-2026,269.0,268.95,268.95,264.0,264.35,3594,9.57,43,,,2026-08-31
CONSUMAXIS,EQ,31-Aug-2026,122.8,122.3,122.31,121.01,121.1,879,1.07,44,472.0,53.7,2026-08-31
CONSUMBEES,EQ,31-Aug-2026,132.58,133.91,133.91,131.02,131.8,55372,73.16,1147,30361.0,54.83,2026-08-31
CONSUMER,EQ,31-Aug-2026,12.23,12.47,12.47,12.15,12.21,220619,26.89,397,170468.0,77.27,2026-08-31
CONSUMIETF,EQ,31-Aug-2026,123.2,123.2,123.95,122.44,122.56,19214,23.6,269,11252.0,58.56,2026-08-31
CONTI,SM,31-Aug-2026,10.95,11.0,11.1,11.0,11.1,199980,22.06,3,199980.0,100.0,2026-08-31
CONTROLPR,EQ,31-Aug-2026,598.2,594.0,606.0,585.05,601.25,19853,118.55,1353,11760.0,59.24,2026-08-31
COOLCAPS,ST,31-Aug-2026,19.85,20.8,20.8,19.5,20.75,176250,35.71,88,165000.0,93.62,2026-08-31
CORALFINAC,EQ,31-Aug-2026,33.26,33.35,33.93,33.0,33.01,20590,6.88,439,10794.0,52.42,2026-08-31
CORDELIA,EQ,31-Aug-2026,105.05,104.25,104.8,99.8,103.65,2331574,2378.81,11475,1522916.0,65.32,2026-08-31
CORDSCABLE,EQ,31-Aug-2026,251.23,251.98,299.9,251.98,282.49,1002836,2872.37,13790,299744.0,29.89,2026-08-31
COROMANDEL,EQ,31-Aug-2026,1913.7,1913.7,1918.0,1890.0,1905.9,211753,4029.35,19999,136833.0,64.62,2026-08-31
CORONA,EQ,31-Aug-2026,2079.5,2075.0,2075.0,2041.0,2050.3,9583,196.51,2291,5861.0,61.16,2026-08-31
COSMOFIRST,EQ,31-Aug-2026,938.35,938.0,948.9,925.0,929.2,41227,385.59,2783,21422.0,51.96,2026-08-31
COUNCODOS,BE,31-Aug-2026,6.93,6.92,6.92,6.61,6.67,95007,6.37,145,,,2026-08-31
CPCAP,EQ,31-Aug-2026,114.16,114.16,120.0,112.71,117.28,11262,13.08,283,7939.0,70.49,2026-08-31
CPEDU,EQ,31-Aug-2026,186.52,189.9,189.9,177.6,182.08,3847,6.96,117,3180.0,82.66,2026-08-31
CPL,EQ,31-Aug-2026,63.89,64.3,65.39,63.82,64.49,125766,81.17,1343,9155.0,7.28,2026-08-31
CPPLUS,EQ,31-Aug-2026,3576.6,3576.4,3602.0,3460.2,3566.0,360510,12814.29,30908,260898.0,72.37,2026-08-31
CPS,SM,31-Aug-2026,1150.0,1150.0,1150.0,1150.0,1150.0,300,3.45,2,300.0,100.0,2026-08-31
CPSEETF,EQ,31-Aug-2026,92.76,92.84,94.3,92.16,92.58,562670,519.93,8525,334792.0,59.5,2026-08-31
CRAFTSMAN,EQ,31-Aug-2026,11118.0,11118.0,11500.0,10925.0,11198.5,221148,24937.53,43479,128997.0,58.33,2026-08-31
CRAMC,EQ,31-Aug-2026,259.9,261.0,262.0,257.5,259.3,191459,497.26,5300,102540.0,53.56,2026-08-31
CRAVATEX,EQ,31-Aug-2026,328.3,328.3,328.3,311.0,321.1,310,0.98,20,288.0,92.9,2026-08-31
CRAYONS,SM,31-Aug-2026,26.55,26.0,26.0,26.0,26.0,2000,0.52,2,2000.0,100.0,2026-08-31
CREATIVEYE,EQ,31-Aug-2026,6.18,6.29,6.29,6.05,6.06,3265,0.2,38,2214.0,67.81,2026-08-31
CREDENT,ST,31-Aug-2026,349.1,353.0,357.95,345.0,349.65,58200,204.7,61,57600.0,98.97,2026-08-31
CREDITACC,EQ,31-Aug-2026,1391.7,1391.7,1396.9,1353.0,1363.5,349179,4769.82,36387,229646.0,65.77,2026-08-31
CREST,EQ,31-Aug-2026,371.95,371.8,371.85,362.5,364.1,374,1.36,39,338.0,90.37,2026-08-31
CRISIL,EQ,31-Aug-2026,4732.7,4732.7,4847.4,4701.3,4821.8,120068,5757.73,26442,59473.0,49.53,2026-08-31
CRIZAC,EQ,31-Aug-2026,172.9,173.5,174.94,165.0,165.46,322843,539.75,8750,182654.0,56.58,2026-08-31
CROMPTON,EQ,31-Aug-2026,233.0,233.0,235.9,227.25,235.9,4555785,10541.16,36831,2467800.0,54.17,2026-08-31
CROWN,EQ,31-Aug-2026,102.7,104.49,109.0,100.11,107.9,55244,58.13,196,51737.0,93.65,2026-08-31
CRSL,BE,31-Aug-2026,2.62,2.74,2.75,2.62,2.75,457283,12.51,428,,,2026-08-31
CSBBANK,EQ,31-Aug-2026,336.3,335.5,345.8,330.25,343.55,289781,983.44,13226,134119.0,46.28,2026-08-31
CSLFINANCE,EQ,31-Aug-2026,230.92,234.0,243.86,232.1,239.7,149634,356.57,2214,120851.0,80.76,2026-08-31
CSM,EQ,31-Aug-2026,97.4,97.4,98.47,95.71,96.79,71259,68.69,1102,32689.0,45.87,2026-08-31
CSSL,SM,31-Aug-2026,93.5,92.5,93.0,91.25,92.5,5000,4.61,5,3000.0,60.0,2026-08-31
CTE,BE,31-Aug-2026,46.8,48.8,49.14,44.46,45.37,33503,15.77,239,,,2026-08-31
CUB,EQ,31-Aug-2026,222.24,222.0,230.44,220.0,229.19,4962483,11336.32,55152,2340218.0,47.16,2026-08-31
CUBEINVIT,IV,31-Aug-2026,156.6,156.7,157.6,156.01,157.04,992471,1558.29,6387,973986.0,98.14,2026-08-31
CUBEXTUB,EQ,31-Aug-2026,77.41,77.41,81.5,76.5,76.99,38319,29.93,1259,19299.0,50.36,2026-08-31
CUDML,SM,31-Aug-2026,99.05,102.35,104.0,100.75,100.75,8000,8.24,7,8000.0,100.0,2026-08-31
CUMMINSIND,EQ,31-Aug-2026,5193.0,5150.0,5179.0,5105.0,5105.0,507241,25988.53,21826,368392.0,72.63,2026-08-31
CUPID,EQ,31-Aug-2026,282.33,283.85,284.6,276.21,280.46,10862737,30419.65,80928,4486940.0,41.31,2026-08-31
CURAA,EQ,31-Aug-2026,70.05,68.29,70.05,63.55,64.08,55,0.04,5,55.0,100.0,2026-08-31
CURIS,SM,31-Aug-2026,128.0,129.0,139.0,129.0,136.55,55000,75.0,50,45000.0,81.82,2026-08-31
CURRENT,SM,31-Aug-2026,96.0,97.0,97.0,95.0,95.0,8000,7.65,5,8000.0,100.0,2026-08-31
CYBERMEDIA,EQ,31-Aug-2026,18.78,19.19,19.19,18.0,18.36,8813,1.64,281,7460.0,84.65,2026-08-31
CYBERTECH,BE,31-Aug-2026,134.04,134.89,134.89,133.0,133.07,7092,9.48,146,,,2026-08-31
CYIENT,EQ,31-Aug-2026,1107.45,1111.35,1192.0,1081.35,1174.8,2546454,29273.6,102364,687346.0,26.99,2026-08-31
CYIENTDLM,EQ,31-Aug-2026,819.1,817.9,848.0,795.65,843.0,731178,6051.08,36463,322485.0,44.1,2026-08-31
DABUR,EQ,31-Aug-2026,386.0,385.9,387.4,381.0,381.0,3273736,12528.31,22772,2407000.0,73.52,2026-08-31
DAICHI,EQ,31-Aug-2026,344.05,348.0,348.0,335.0,337.95,3220,10.94,79,3213.0,99.78,2026-08-31
DALBHARAT,EQ,31-Aug-2026,1845.3,1847.8,1897.8,1795.0,1856.2,2142193,39687.26,56238,1361987.0,63.58,2026-08-31
DALMIASUG,EQ,31-Aug-2026,477.95,475.0,511.35,474.3,484.15,999987,4937.21,23652,250831.0,25.08,2026-08-31
DAMCAPITAL,EQ,31-Aug-2026,146.27,147.04,147.04,144.23,145.26,138884,201.75,2513,67604.0,48.68,2026-08-31
DAMODARIND,BE,31-Aug-2026,27.25,27.3,27.3,27.02,27.02,1154,0.31,11,,,2026-08-31
DANGEE,EQ,31-Aug-2026,2.86,2.9,2.93,2.81,2.82,20642,0.59,90,15548.0,75.32,2026-08-31
DANISH,SM,31-Aug-2026,850.35,835.0,855.2,810.0,819.1,24600,204.95,161,17100.0,69.51,2026-08-31
DATAMATICS,EQ,31-Aug-2026,791.9,787.9,795.6,780.1,781.95,32091,251.78,2350,16067.0,50.07,2026-08-31
DATAPATTNS,EQ,31-Aug-2026,4624.8,4618.0,4624.8,4500.0,4521.5,415391,18863.71,34639,154406.0,37.17,2026-08-31
DAVANGERE,EQ,31-Aug-2026,2.09,2.15,2.22,2.05,2.08,34200594,718.26,4822,22636958.0,66.19,2026-08-31
DBCORP,EQ,31-Aug-2026,202.57,202.28,203.28,198.17,199.2,65127,130.32,2123,45065.0,69.2,2026-08-31
DBEIL,BE,31-Aug-2026,6.39,6.49,6.54,6.36,6.45,66966,4.32,279,,,2026-08-31
DBL,EQ,31-Aug-2026,406.95,406.4,407.95,403.55,404.95,55063,223.03,1990,28615.0,51.97,2026-08-31
DBOL,EQ,31-Aug-2026,125.42,125.0,131.9,124.51,127.24,375959,483.77,6552,154430.0,41.08,2026-08-31
DBREALTY,EQ,31-Aug-2026,107.37,107.05,107.37,103.0,103.77,6152381,6388.88,21985,5034209.0,81.83,2026-08-31
DBSTOCKBRO,BE,31-Aug-2026,29.48,29.62,29.62,28.3,29.02,12249,3.52,38,,,2026-08-31
DCAL,EQ,31-Aug-2026,174.77,174.86,180.07,173.1,178.34,679947,1214.9,5529,441608.0,64.95,2026-08-31
DCBBANK,EQ,31-Aug-2026,212.97,212.97,218.7,211.0,218.2,1777630,3823.52,24518,829554.0,46.67,2026-08-31
DCCL,SM,31-Aug-2026,44.5,44.0,44.0,44.0,44.0,4000,1.76,2,4000.0,100.0,2026-08-31
DCG,SM,31-Aug-2026,54.0,56.0,56.95,54.55,56.9,32400,18.05,26,26400.0,81.48,2026-08-31
DCI,EQ,31-Aug-2026,410.05,416.0,424.4,337.5,372.6,1112591,4191.67,31373,269610.0,24.23,2026-08-31
DCM,BE,31-Aug-2026,78.96,79.02,80.25,78.0,79.0,19369,15.26,35,,,2026-08-31
DCMFINSERV,EQ,31-Aug-2026,5.38,5.38,5.39,5.04,5.32,2942,0.15,49,2353.0,79.98,2026-08-31
DCMNVL,EQ,31-Aug-2026,192.85,197.8,197.99,187.05,191.74,14590,28.0,388,10440.0,71.56,2026-08-31
DCMSHRIRAM,EQ,31-Aug-2026,1022.3,1022.3,1031.5,1008.5,1016.7,139898,1426.06,15937,73131.0,52.27,2026-08-31
DCMSIL,EQ,31-Aug-2026,73.49,73.68,74.08,69.0,70.6,79938,56.71,832,54538.0,68.23,2026-08-31
DCMSRIND,EQ,31-Aug-2026,46.98,46.73,49.99,46.73,48.38,188922,91.77,1469,98164.0,51.96,2026-08-31
DCW,EQ,31-Aug-2026,46.4,46.01,46.34,44.91,45.56,1141718,519.08,8425,530418.0,46.46,2026-08-31
DCXINDIA,EQ,31-Aug-2026,177.81,176.65,177.44,172.4,173.07,258665,450.39,5488,116831.0,45.17,2026-08-31
DDEVPLSTIK,EQ,31-Aug-2026,279.05,281.0,281.4,275.0,276.5,86584,240.24,2700,52204.0,60.29,2026-08-31
DECCANCE,EQ,31-Aug-2026,568.75,568.75,579.0,564.25,573.1,38907,223.21,913,33021.0,84.87,2026-08-31
DECNGOLD,EQ,31-Aug-2026,227.64,226.5,226.5,220.1,223.34,802968,1793.81,10909,316463.0,39.41,2026-08-31
DEEDEV,EQ,31-Aug-2026,606.15,605.0,606.0,577.5,590.3,436943,2569.17,12635,258081.0,59.07,2026-08-31
DEEM,ST,31-Aug-2026,41.5,39.45,39.45,39.45,39.45,1000,0.39,1,1000.0,100.0,2026-08-31
DEEP,EQ,31-Aug-2026,36.95,36.21,37.59,35.2,36.39,6374,2.32,65,6101.0,95.72,2026-08-31
DEEPAKFERT,EQ,31-Aug-2026,1436.3,1425.3,1429.2,1388.0,1407.0,664993,9347.99,46481,361657.0,54.39,2026-08-31
DEEPAKNTR,EQ,31-Aug-2026,1762.9,1745.0,1772.0,1736.4,1749.4,250033,4374.27,17855,132846.0,53.13,2026-08-31
DEEPINDS,EQ,31-Aug-2026,674.45,676.6,694.5,660.0,689.85,307643,2085.93,8328,160465.0,52.16,2026-08-31
DEFENCE,EQ,31-Aug-2026,82.34,84.14,84.14,81.14,81.55,416359,339.68,1022,293424.0,70.47,2026-08-31
DELAPLEX,SM,31-Aug-2026,111.0,111.0,111.0,105.35,108.3,13800,14.96,21,9600.0,69.57,2026-08-31
DELHIVERY,EQ,31-Aug-2026,470.2,471.95,471.95,456.2,456.2,2285757,10551.48,36645,1622019.0,70.96,2026-08-31
DELPHIFX,BE,31-Aug-2026,6.42,6.58,6.58,6.12,6.43,119439,7.54,299,,,2026-08-31
DELTACORP,EQ,31-Aug-2026,59.43,59.01,59.25,58.25,58.47,589326,344.8,3296,287453.0,48.78,2026-08-31
DELTAMAGNT,EQ,31-Aug-2026,57.55,55.2,58.71,55.2,57.21,3371,1.95,74,2452.0,72.74,2026-08-31
DELTIC,SM,31-Aug-2026,34.5,36.0,36.15,35.75,35.75,5000,1.8,5,3000.0,60.0,2026-08-31
DEN,EQ,31-Aug-2026,28.31,28.31,28.99,28.01,28.27,767497,219.05,2690,435410.0,56.73,2026-08-31
DENEERS,SM,31-Aug-2026,174.9,176.0,176.0,168.8,170.45,24600,42.28,41,15000.0,60.98,2026-08-31
DENORA,EQ,31-Aug-2026,830.2,838.45,838.45,821.6,826.05,1243,10.32,190,870.0,69.99,2026-08-31
DENTA,EQ,31-Aug-2026,283.75,284.0,284.05,263.0,272.9,203329,557.5,5699,86798.0,42.69,2026-08-31
DENTALKART,SM,31-Aug-2026,408.75,410.0,413.0,396.9,403.35,25750,104.41,40,23750.0,92.23,2026-08-31
DEVIT,EQ,31-Aug-2026,24.91,24.51,25.6,24.25,24.59,24346,6.0,323,17492.0,71.85,2026-08-31
DEVX,EQ,31-Aug-2026,35.92,36.9,36.9,33.9,33.99,243960,83.6,1856,187295.0,76.77,2026-08-31
DEVYANI,EQ,31-Aug-2026,139.94,139.05,140.8,136.25,138.77,3255235,4501.77,31186,1539849.0,47.3,2026-08-31
DGCONTENT,EQ,31-Aug-2026,23.85,24.24,28.62,24.08,25.2,202212,54.67,826,94809.0,46.89,2026-08-31
DHABRIYA,BE,31-Aug-2026,552.2,557.95,557.95,540.0,548.05,6687,36.5,115,,,2026-08-31
DHAMPURSUG,EQ,31-Aug-2026,175.23,174.5,185.1,173.51,179.19,2505634,4532.76,27490,601033.0,23.99,2026-08-31
DHANBANK,EQ,31-Aug-2026,32.27,32.26,32.95,31.86,32.11,407420,130.91,1606,237347.0,58.26,2026-08-31
DHANSA,SM,31-Aug-2026,26.0,27.3,27.3,27.0,27.3,12000,3.27,6,10000.0,83.33,2026-08-31
DHANUKA,EQ,31-Aug-2026,976.1,972.0,980.0,970.7,976.1,10318,100.63,1552,6633.0,64.29,2026-08-31
DHARAN,BZ,31-Aug-2026,0.15,0.16,0.16,0.14,0.15,46153572,69.52,2047,,,2026-08-31
DHARIWAL,SM,31-Aug-2026,19.7,20.65,20.65,20.65,20.65,252000,52.04,46,240000.0,95.24,2026-08-31
DHARMAJ,EQ,31-Aug-2026,270.45,270.05,271.8,269.15,270.0,33880,91.54,923,26156.0,77.2,2026-08-31
DHATRE,EQ,31-Aug-2026,4.24,4.04,4.56,4.04,4.26,52549,2.23,188,40832.0,77.7,2026-08-31
DHOOTTRANS,EQ,31-Aug-2026,1454.9,1459.95,1511.75,1437.4,1474.6,3124844,46184.97,120625,607180.0,19.43,2026-08-31
DHRUV,EQ,31-Aug-2026,23.22,23.88,23.88,23.22,23.5,6291,1.48,37,6218.0,98.84,2026-08-31
DHUNINV,EQ,31-Aug-2026,1026.45,1028.05,1028.05,983.0,988.6,1637,16.35,242,1229.0,75.08,2026-08-31
DIACABS,BE,31-Aug-2026,349.4,349.0,352.0,340.0,347.3,598429,2065.49,4954,,,2026-08-31
DIAMINESQ,EQ,31-Aug-2026,243.27,242.99,245.87,238.0,241.57,4094,9.91,124,1798.0,43.92,2026-08-31
DIAMONDYD,EQ,31-Aug-2026,1162.8,1163.4,1163.4,1139.7,1147.1,14535,167.45,2340,6366.0,43.8,2026-08-31
DICIND,EQ,31-Aug-2026,605.6,599.95,611.95,570.55,576.8,7259,42.61,353,6080.0,83.76,2026-08-31
DIFFNKG,EQ,31-Aug-2026,411.0,423.5,493.2,415.15,485.5,7817913,36561.07,131147,804181.0,10.29,2026-08-31
DIGIDRIVE,EQ,31-Aug-2026,17.71,17.5,18.0,17.37,17.71,7363,1.31,85,6603.0,89.68,2026-08-31
DIGIKORE,SM,31-Aug-2026,37.55,35.7,39.6,35.5,39.3,96800,36.64,143,72000.0,74.38,2026-08-31
DIGISPICE,EQ,31-Aug-2026,17.07,17.15,17.4,16.71,16.99,33319,5.66,118,29518.0,88.59,2026-08-31
DIGITIDE,EQ,31-Aug-2026,99.46,98.44,99.69,97.0,97.3,170784,166.87,2167,95834.0,56.11,2026-08-31
DIGJAMLMTD,EQ,31-Aug-2026,51.31,51.71,51.71,48.36,51.24,5414,2.72,72,3869.0,71.46,2026-08-31
DIL,BZ,31-Aug-2026,0.68,0.65,0.67,0.65,0.65,341881,2.22,316,,,2026-08-31
DISAQ,EQ,31-Aug-2026,12208.0,12092.0,12150.0,11900.0,12084.0,302,36.28,241,89.0,29.47,2026-08-31
DISHTV,EQ,31-Aug-2026,2.82,2.81,2.81,2.73,2.74,1099115,30.31,1001,881734.0,80.22,2026-08-31
DIVGIITTS,EQ,31-Aug-2026,1175.15,1166.45,1196.25,1150.05,1186.7,81341,955.56,7350,39030.0,47.98,2026-08-31
DIVIDEND,EQ,31-Aug-2026,35.82,36.54,36.54,35.32,35.48,5984,2.12,137,5392.0,90.11,2026-08-31
DIVINEHIRA,ST,31-Aug-2026,116.95,116.85,116.85,114.0,116.7,10800,12.43,9,4800.0,44.44,2026-08-31
DIVISLAB,EQ,31-Aug-2026,9239.0,9239.0,9467.0,9140.0,9467.0,680805,63131.04,40951,478188.0,70.24,2026-08-31
DIVOPPBEES,EQ,31-Aug-2026,77.44,78.9,78.9,76.8,77.16,32625,25.12,978,16397.0,50.26,2026-08-31
DIXON,EQ,31-Aug-2026,14650.0,14650.0,14850.0,14601.0,14850.0,190912,28097.19,29291,83378.0,43.67,2026-08-31
DJML,EQ,31-Aug-2026,72.19,71.99,73.29,70.11,71.63,140150,100.5,1273,32318.0,23.06,2026-08-31
DKEGL,SM,31-Aug-2026,71.15,66.7,66.7,65.25,65.25,9000,5.92,3,9000.0,100.0,2026-08-31
DLF,EQ,31-Aug-2026,679.8,676.15,691.05,664.0,691.05,3152072,21338.84,35200,2014679.0,63.92,2026-08-31
DLINKINDIA,EQ,31-Aug-2026,443.25,443.75,443.85,437.95,441.6,40846,179.78,1661,22136.0,54.19,2026-08-31
DMART,EQ,31-Aug-2026,3830.6,3819.1,3900.0,3755.0,3900.0,546671,20862.28,37110,332513.0,60.83,2026-08-31
DMCC,EQ,31-Aug-2026,301.0,301.9,302.25,289.7,291.55,67450,199.01,2429,32276.0,47.85,2026-08-31
DNAMEDIA,EQ,31-Aug-2026,2.57,2.58,2.89,2.57,2.66,46214,1.27,113,37990.0,82.2,2026-08-31
DODLA,EQ,31-Aug-2026,1093.4,1093.6,1138.5,1076.0,1080.6,59197,655.48,7395,23042.0,38.92,2026-08-31
DOLATALGO,EQ,31-Aug-2026,72.82,72.0,73.0,71.55,72.02,137478,99.2,1436,67663.0,49.22,2026-08-31
DOLLAR,EQ,31-Aug-2026,268.7,270.7,273.4,266.5,268.95,74760,201.88,2844,33363.0,44.63,2026-08-31
DOLLEX,SM,31-Aug-2026,35.35,36.25,36.7,34.65,36.3,92000,32.48,16,72000.0,78.26,2026-08-31
DOLPHIN,EQ,31-Aug-2026,612.55,618.0,624.55,555.25,583.25,93088,540.26,3567,47377.0,50.89,2026-08-31
DOMS,EQ,31-Aug-2026,2198.9,2200.0,2279.9,2188.0,2232.5,184944,4151.54,27929,95652.0,51.72,2026-08-31
DONEAR,EQ,31-Aug-2026,84.75,84.99,85.5,83.6,84.63,8432,7.13,199,5981.0,70.93,2026-08-31
DPABHUSHAN,EQ,31-Aug-2026,1483.0,1470.0,1486.0,1461.0,1475.1,10619,156.43,966,6371.0,60.0,2026-08-31
DPEL,SM,31-Aug-2026,572.5,575.1,583.75,575.1,577.2,19000,110.1,35,14500.0,76.32,2026-08-31
DPSCLTD,BE,31-Aug-2026,7.19,7.22,7.3,6.84,7.19,73940,5.23,507,,,2026-08-31
DPWIRES,BE,31-Aug-2026,153.01,153.01,158.5,153.0,157.7,7269,11.34,149,,,2026-08-31
DRAGARWQ,EQ,31-Aug-2026,5245.5,5275.0,5299.0,5245.5,5266.0,1718,90.29,326,1446.0,84.17,2026-08-31
DRCSYSTEMS,EQ,31-Aug-2026,12.71,12.58,13.74,12.5,13.68,223641,30.09,630,190719.0,85.28,2026-08-31
DREAMFOLKS,EQ,31-Aug-2026,67.06,67.99,67.99,66.15,67.36,35602,23.78,1056,19655.0,55.21,2026-08-31
DREDGECORP,EQ,31-Aug-2026,1120.4,1121.5,1156.8,1091.7,1102.3,174335,1945.42,11508,50077.0,28.72,2026-08-31
DRONE,SM,31-Aug-2026,37.95,38.0,38.0,33.0,34.45,148500,51.04,228,119000.0,80.13,2026-08-31
DRREDDY,EQ,31-Aug-2026,1178.0,1178.0,1178.1,1154.4,1154.4,2001757,23392.56,55298,1264058.0,63.15,2026-08-31
DSFCL,BE,31-Aug-2026,27.16,27.29,27.45,26.65,26.87,31543,8.53,121,,,2026-08-31
DSSL,EQ,31-Aug-2026,1069.9,1069.9,1069.9,1037.0,1041.3,28392,297.59,2787,21275.0,74.93,2026-08-31
DTIL,EQ,31-Aug-2026,167.09,167.09,169.0,160.5,161.69,17196,28.17,681,10211.0,59.38,2026-08-31
DUCOL,SM,31-Aug-2026,111.95,115.0,120.0,110.0,111.1,26400,30.65,29,26400.0,100.0,2026-08-31
DUCON,EQ,31-Aug-2026,2.07,2.05,2.06,1.79,1.89,2413103,45.94,2114,1740386.0,72.12,2026-08-31
DUGLOBAL,SM,31-Aug-2026,27.2,25.05,25.1,25.0,25.0,10000,2.51,4,10000.0,100.0,2026-08-31
DURLAX,SM,31-Aug-2026,66.0,68.85,68.85,65.1,65.4,82000,54.23,31,62000.0,75.61,2026-08-31
DVL,EQ,31-Aug-2026,279.37,279.96,285.32,271.21,272.98,14839,40.79,650,8340.0,56.2,2026-08-31
DWARKESH,EQ,31-Aug-2026,51.89,52.0,54.32,50.75,52.42,8163536,4292.15,31546,1685280.0,20.64,2026-08-31
DYCL,EQ,31-Aug-2026,487.6,493.0,503.25,482.6,493.2,1249206,6150.69,30486,405169.0,32.43,2026-08-31
DYNAMATECH,EQ,31-Aug-2026,11436.0,11436.0,12030.0,11353.0,11966.0,29910,3543.04,9329,14378.0,48.07,2026-08-31
DYNAMIC,ST,31-Aug-2026,138.0,135.2,135.2,132.05,134.65,6000,8.04,12,6000.0,100.0,2026-08-31
DYNPRO,EQ,31-Aug-2026,228.55,228.6,237.7,220.1,227.5,10873,25.16,559,6555.0,60.29,2026-08-31
E2E,BE,31-Aug-2026,616.4,612.05,624.95,600.0,618.75,310124,1895.02,9330,,,2026-08-31
E2ERAIL,SM,31-Aug-2026,275.8,281.95,304.0,275.0,285.2,133600,391.15,125,56000.0,41.92,2026-08-31
EASEMYTRIP,EQ,31-Aug-2026,6.12,6.12,6.15,6.07,6.1,6696471,408.65,5640,3267912.0,48.8,2026-08-31
EASTSILK,BE,31-Aug-2026,64.99,64.67,64.67,61.75,61.75,1485,0.92,43,,,2026-08-31
EASTWEST,EQ,31-Aug-2026,2.49,2.51,2.59,2.48,2.51,55441,1.4,88,50903.0,91.81,2026-08-31
EBANK10,EQ,31-Aug-2026,16.75,16.98,16.98,16.77,16.89,1751,0.3,13,1726.0,98.57,2026-08-31
EBANKNIFTY,EQ,31-Aug-2026,58.13,58.13,58.13,57.68,57.92,1241,0.72,23,880.0,70.91,2026-08-31
EBBETF0430,EQ,31-Aug-2026,1605.93,1609.98,1609.98,1596.0,1603.67,4787,76.74,387,3397.0,70.96,2026-08-31
EBBETF0431,EQ,31-Aug-2026,1432.21,1432.19,1437.6,1431.91,1436.39,4747,68.16,98,4217.0,88.84,2026-08-31
EBBETF0433,EQ,31-Aug-2026,1311.6,1311.6,1312.9,1306.1,1307.91,1804,23.62,96,1481.0,82.1,2026-08-31
EBGNG,EQ,31-Aug-2026,635.1,630.05,630.05,608.0,612.5,424867,2622.7,13071,209854.0,49.39,2026-08-31
EBIX,EQ,31-Aug-2026,21.69,21.99,22.09,20.65,21.0,151139,31.77,332,125938.0,83.33,2026-08-31
ECAPINSURE,EQ,31-Aug-2026,24.24,23.76,24.48,23.76,24.12,33181,7.98,287,21207.0,63.91,2026-08-31
ECLERX,EQ,31-Aug-2026,1955.5,1955.5,2062.0,1937.7,1976.9,1175626,23770.83,86208,209757.0,17.84,2026-08-31
ECORECO,EQ,31-Aug-2026,467.65,467.65,477.05,455.0,471.95,13571,63.49,1098,7916.0,58.33,2026-08-31
ECOSMOBLTY,EQ,31-Aug-2026,113.39,115.0,117.39,113.42,114.13,136206,157.03,1551,76295.0,56.01,2026-08-31
EDELWEISS,EQ,31-Aug-2026,125.42,125.05,129.4,122.81,127.31,5879760,7385.29,39240,2860211.0,48.65,2026-08-31
EDUCOMP,BZ,31-Aug-2026,0.88,0.85,0.92,0.85,0.9,51387,0.45,86,,,2026-08-31
EEPL,ST,31-Aug-2026,154.1,146.55,148.25,146.4,146.45,21000,30.86,20,20000.0,95.24,2026-08-31
EFACTOR,SM,31-Aug-2026,196.0,199.35,199.35,185.1,185.45,4800,9.01,6,3600.0,75.0,2026-08-31
EFCIL,EQ,31-Aug-2026,202.26,203.0,207.43,197.4,204.8,1262384,2579.13,4494,1148974.0,91.02,2026-08-31
EFFWA,ST,31-Aug-2026,305.35,305.0,320.6,292.1,320.0,16400,50.68,34,15600.0,95.12,2026-08-31
EFORCE,SM,31-Aug-2026,20.85,20.9,21.1,19.5,20.0,32400,6.6,20,25200.0,77.78,2026-08-31
EGOLD,EQ,31-Aug-2026,158.1,154.95,155.0,152.4,154.1,415803,640.64,1018,391740.0,94.21,2026-08-31
EICHERMOT,EQ,31-Aug-2026,8059.0,8000.0,8030.0,7941.5,7953.5,742794,59161.65,44948,535442.0,72.08,2026-08-31
EIDPARRY,EQ,31-Aug-2026,805.3,800.3,824.85,794.1,799.4,976526,7898.58,35654,446359.0,45.71,2026-08-31
EIEL,EQ,31-Aug-2026,199.23,198.5,198.5,195.15,196.92,1014824,1999.65,9434,488110.0,48.1,2026-08-31
EIFFL,BE,31-Aug-2026,301.95,295.95,295.95,295.95,295.95,242,0.72,7,,,2026-08-31
EIHAHOTELS,EQ,31-Aug-2026,301.8,301.8,302.4,299.1,301.1,9440,28.42,588,7462.0,79.05,2026-08-31
EIHOTEL,EQ,31-Aug-2026,297.8,297.8,297.8,281.05,282.3,670027,1913.75,20374,438550.0,65.45,2026-08-31
EIMCOELECO,EQ,31-Aug-2026,2196.1,2207.0,2265.8,2190.0,2195.4,24982,553.83,3344,9628.0,38.54,2026-08-31
EKC,EQ,31-Aug-2026,108.87,108.6,109.0,107.0,107.47,103207,111.19,1961,53957.0,52.28,2026-08-31
EKI,EQ,31-Aug-2026,74.21,75.99,75.99,73.3,73.44,13208,9.84,340,8661.0,65.57,2026-08-31
ELANTAS,EQ,31-Aug-2026,11475.0,11475.0,11698.0,11424.0,11604.5,1234,142.79,767,428.0,34.68,2026-08-31
ELCIDIN,EQ,31-Aug-2026,109000.0,109000.0,109000.0,106250.0,107300.0,5,5.37,5,3.0,60.0,2026-08-31
ELDEHSG,EQ,31-Aug-2026,799.2,791.2,809.9,745.0,778.35,3261,25.53,237,2115.0,64.86,2026-08-31
ELECON,EQ,31-Aug-2026,425.25,425.25,425.25,410.0,411.85,369638,1532.07,14420,223641.0,60.5,2026-08-31
ELECTCAST,EQ,31-Aug-2026,81.5,81.75,84.65,81.32,83.44,5674123,4721.21,33984,2147719.0,37.85,2026-08-31
ELECTHERM,EQ,31-Aug-2026,1016.1,1014.0,1014.0,988.6,990.6,12209,121.67,693,9281.0,76.02,2026-08-31
ELGIEQUIP,EQ,31-Aug-2026,628.85,632.0,632.5,618.8,627.35,394792,2472.29,17376,218274.0,55.29,2026-08-31
ELGIRUBCO,EQ,31-Aug-2026,60.94,62.45,62.45,58.3,58.97,43838,26.31,732,15738.0,35.9,2026-08-31
ELGNZ,SM,31-Aug-2026,94.7,94.3,97.65,94.3,97.65,4000,3.81,4,4000.0,100.0,2026-08-31
ELIN,EQ,31-Aug-2026,104.88,103.8,104.38,99.7,100.13,148734,150.88,2277,91276.0,61.37,2026-08-31
ELIQUID,EQ,31-Aug-2026,1045.75,1045.86,1045.88,1045.86,1045.87,1824,19.08,14,1326.0,72.7,2026-08-31
ELITECON,EQ,31-Aug-2026,11.2,10.64,10.64,10.64,10.64,689853,73.4,2816,689853.0,100.0,2026-08-31
ELLEN,EQ,31-Aug-2026,319.8,322.0,329.4,317.0,322.25,381459,1232.84,8101,172290.0,45.17,2026-08-31
ELM250,EQ,31-Aug-2026,16.88,16.73,17.34,16.05,17.05,155171,26.12,350,123109.0,79.34,2026-08-31
ELMDIV,EQ,31-Aug-2026,36.65,36.71,36.75,36.45,36.75,11995,4.4,18,11150.0,92.96,2026-08-31
ELPROINTL,EQ,31-Aug-2026,174.71,174.1,176.0,173.7,173.97,21712,37.81,287,18715.0,86.2,2026-08-31
EMAMILTD,EQ,31-Aug-2026,379.4,379.4,380.95,362.0,364.0,2282719,8395.69,48340,1443302.0,63.23,2026-08-31
EMAMIPAP,BE,31-Aug-2026,114.24,114.99,115.0,109.1,111.43,36479,40.48,337,,,2026-08-31
EMAMIREAL,EQ,31-Aug-2026,70.16,68.05,69.7,68.05,69.45,10252,7.07,77,8148.0,79.48,2026-08-31
EMAPARTNER,SM,31-Aug-2026,88.0,88.6,88.6,84.0,84.15,16000,13.83,9,16000.0,100.0,2026-08-31
EMBASSY,RR,31-Aug-2026,437.22,439.4,440.0,436.1,438.48,1208586,5295.96,17499,996508.0,82.45,2026-08-31
EMBDL,EQ,31-Aug-2026,62.78,62.7,63.9,60.38,62.07,13080954,8123.34,27429,8043132.0,61.49,2026-08-31
EMCURE,EQ,31-Aug-2026,1869.4,1879.0,1888.1,1838.6,1855.3,99105,1837.44,11589,43356.0,43.75,2026-08-31
EMETAL,EQ,31-Aug-2026,13.53,13.59,13.8,13.2,13.24,9937,1.32,64,9405.0,94.65,2026-08-31
EMIL,EQ,31-Aug-2026,177.35,176.47,182.45,176.3,180.61,1214913,2191.47,16182,498195.0,41.01,2026-08-31
EMKAY,EQ,31-Aug-2026,251.59,250.56,262.0,250.56,257.18,86725,223.72,1856,53396.0,61.57,2026-08-31
EMKAYTOOLS,SM,31-Aug-2026,94.2,92.2,96.8,92.2,95.0,1050,0.99,7,600.0,57.14,2026-08-31
EMMBI,BE,31-Aug-2026,86.0,90.3,90.3,90.0,90.3,44404,40.09,195,,,2026-08-31
EMMIL,SM,31-Aug-2026,130.0,125.0,125.0,120.0,125.0,3500,4.33,14,3250.0,92.86,2026-08-31
EMMVEE,EQ,31-Aug-2026,324.1,324.1,327.0,318.4,321.75,2346246,7548.81,28868,1309361.0,55.81,2026-08-31
EMPIND,EQ,31-Aug-2026,1214.2,1225.0,1240.0,1212.0,1217.4,5938,72.67,541,4106.0,69.15,2026-08-31
EMPOWER,EQ,31-Aug-2026,2.12,2.02,2.22,2.02,2.11,10262389,216.23,3006,7656665.0,74.61,2026-08-31
EMSLIMITED,EQ,31-Aug-2026,377.85,379.7,380.8,371.4,374.75,160749,602.96,4653,54379.0,33.83,2026-08-31
EMUDHRA,EQ,31-Aug-2026,559.65,559.65,559.65,545.6,547.85,62226,342.33,2913,30333.0,48.75,2026-08-31
EMULTIMQ,EQ,31-Aug-2026,42.2,42.41,42.41,42.06,42.19,16057,6.78,185,12283.0,76.5,2026-08-31
ENCOMPAS,SM,31-Aug-2026,251.0,250.0,250.9,250.0,250.9,1200,3.01,3,1200.0,100.0,2026-08-31
ENDURANCE,EQ,31-Aug-2026,2929.2,2929.0,2943.8,2860.0,2871.2,113419,3280.8,16382,74819.0,65.97,2026-08-31
ENERGY,EQ,31-Aug-2026,38.23,38.63,38.63,37.9,38.0,403824,153.34,1760,312756.0,77.45,2026-08-31
ENERGYDEV,EQ,31-Aug-2026,16.06,15.89,16.34,15.74,15.88,19918,3.16,267,17068.0,85.69,2026-08-31
ENEXT50,EQ,31-Aug-2026,74.0,74.73,76.0,72.75,73.26,2373,1.74,26,2125.0,89.55,2026-08-31
ENGINERSIN,EQ,31-Aug-2026,253.72,254.0,263.55,252.91,261.87,6249458,16149.89,63194,2627450.0,42.04,2026-08-31
ENIFTY,EQ,31-Aug-2026,24.35,23.74,24.44,23.74,24.26,21084,5.12,62,752.0,3.57,2026-08-31
ENIL,EQ,31-Aug-2026,104.89,105.06,105.99,101.0,101.97,22978,23.63,673,16181.0,70.42,2026-08-31
ENKEIWHEL,EQ,31-Aug-2026,400.0,398.05,412.7,398.05,399.05,1579,6.33,36,1482.0,93.86,2026-08-31
ENRIN,EQ,31-Aug-2026,3242.6,3250.0,3298.0,3210.0,3229.6,688153,22410.43,64335,323475.0,47.01,2026-08-31
ENSER,SM,31-Aug-2026,14.9,15.4,15.5,14.0,14.85,85000,12.84,17,65000.0,76.47,2026-08-31
ENTERO,EQ,31-Aug-2026,1808.6,1798.5,1841.5,1742.6,1809.9,638557,11495.16,29983,426613.0,66.81,2026-08-31
ENVIRO,SM,31-Aug-2026,70.95,69.05,69.65,69.0,69.5,12000,8.32,12,7000.0,58.33,2026-08-31
EPACK,EQ,31-Aug-2026,191.95,191.95,192.0,186.0,187.35,621893,1172.17,10450,278131.0,44.72,2026-08-31
EPACKPEB,EQ,31-Aug-2026,225.65,227.6,227.6,220.35,221.7,291830,648.58,5247,128634.0,44.08,2026-08-31
EPIGRAL,EQ,31-Aug-2026,1232.8,1216.2,1234.8,1196.6,1203.3,42877,520.84,5419,20011.0,46.67,2026-08-31
EPL,EQ,31-Aug-2026,251.94,253.72,265.7,248.38,262.06,6325246,16492.82,78990,3679105.0,58.17,2026-08-31
EPWINDIA,ST,31-Aug-2026,255.0,245.0,245.0,242.25,242.5,9600,23.32,8,9600.0,100.0,2026-08-31
EQUAL200,EQ,31-Aug-2026,13.99,13.98,13.98,13.87,13.91,12430,1.73,94,12430.0,100.0,2026-08-31
EQUAL50,EQ,31-Aug-2026,334.29,333.41,333.41,331.32,332.91,3702,12.3,52,1666.0,45.0,2026-08-31
EQUAL50ADD,EQ,31-Aug-2026,345.92,345.87,345.87,342.27,343.91,8577,29.46,352,4712.0,54.94,2026-08-31
EQUIPPP,BE,31-Aug-2026,23.4,23.45,23.45,22.25,22.3,6334,1.41,23,,,2026-08-31
EQUITASBNK,EQ,31-Aug-2026,73.9,73.9,74.5,73.31,73.97,1171420,866.1,14234,636390.0,54.33,2026-08-31
ERIS,EQ,31-Aug-2026,1314.8,1314.8,1320.0,1292.0,1297.2,73560,956.14,13614,43858.0,59.62,2026-08-31
ESABINDIA,EQ,31-Aug-2026,6162.0,6206.0,6209.5,6084.0,6119.5,4019,246.63,1945,2062.0,51.31,2026-08-31
ESAFSFB,BE,31-Aug-2026,44.71,44.71,44.98,42.8,42.97,415246,181.5,1918,,,2026-08-31
ESCONET,SM,31-Aug-2026,198.2,199.0,199.0,191.0,197.65,20800,40.46,41,17600.0,84.62,2026-08-31
ESCORTS,EQ,31-Aug-2026,3015.5,3010.1,3015.0,2974.3,2995.0,102145,3057.15,19540,65047.0,63.68,2026-08-31
ESENSEX,EQ,31-Aug-2026,77.96,77.78,77.78,76.48,76.86,168,0.13,18,156.0,92.86,2026-08-31
ESFL,SM,31-Aug-2026,123.4,122.25,123.05,118.0,120.6,11880,14.36,32,9360.0,78.79,2026-08-31
ESG,EQ,31-Aug-2026,41.5,41.91,41.91,41.18,41.24,3882,1.6,79,2424.0,62.44,2026-08-31
ESILVER,EQ,31-Aug-2026,240.2,231.63,233.74,230.75,233.48,127997,298.39,1473,99540.0,77.77,2026-08-31
ESPRIT,SM,31-Aug-2026,64.75,64.75,66.75,64.75,66.75,8000,5.26,3,4800.0,60.0,2026-08-31
ESSARSHPNG,EQ,31-Aug-2026,16.77,16.94,17.09,16.4,16.58,168541,28.1,755,92062.0,54.62,2026-08-31
ESSENTIA,EQ,31-Aug-2026,1.08,1.1,1.13,1.03,1.03,10180112,107.14,1743,6419136.0,63.06,2026-08-31
ESTER,EQ,31-Aug-2026,93.73,93.1,94.0,90.38,91.73,81352,74.45,1240,47833.0,58.8,2026-08-31
ETERNAL,EQ,31-Aug-2026,328.0,328.8,332.95,315.8,328.1,272151922,889799.04,285412,236125194.0,86.76,2026-08-31
ETHOSLTD,EQ,31-Aug-2026,2875.1,2884.0,2905.0,2852.2,2898.7,36025,1041.28,7877,18761.0,52.08,2026-08-31
ETL,SM,31-Aug-2026,1104.0,1104.0,1125.0,1104.0,1110.0,1050,11.74,6,900.0,85.71,2026-08-31
ETML,SM,31-Aug-2026,81.7,89.7,89.7,82.45,82.45,12000,10.26,10,9600.0,80.0,2026-08-31
EUREKAFORB,EQ,31-Aug-2026,427.75,427.75,440.0,417.3,429.4,117954,500.69,6915,59439.0,50.39,2026-08-31
EUROBOND,EQ,31-Aug-2026,150.32,154.0,160.0,149.05,150.28,1967,3.01,134,1523.0,77.43,2026-08-31
EUROPRATIK,EQ,31-Aug-2026,257.45,257.45,267.2,254.4,263.7,216234,569.98,5592,63143.0,29.2,2026-08-31
EVEREADY,EQ,31-Aug-2026,337.1,335.2,344.0,328.1,329.8,73068,242.32,2232,39264.0,53.74,2026-08-31
EVERESTIND,BE,31-Aug-2026,434.75,440.0,440.0,413.05,431.4,16400,68.59,228,,,2026-08-31
EVIETF,EQ,31-Aug-2026,33.67,33.65,33.66,33.23,33.54,146634,49.04,967,88598.0,60.42,2026-08-31
EVINDIA,EQ,31-Aug-2026,33.58,34.25,34.25,33.26,33.47,231319,77.31,2230,142949.0,61.8,2026-08-31
EXCELINDUS,EQ,31-Aug-2026,1030.85,1036.05,1062.95,1025.1,1046.15,11674,121.36,1200,6100.0,52.25,2026-08-31
EXCELLENT,ST,31-Aug-2026,210.0,204.0,204.0,204.0,204.0,1600,3.26,1,1600.0,100.0,2026-08-31
EXCELSOFT,EQ,31-Aug-2026,71.03,71.17,71.44,69.7,69.93,229162,161.36,2013,127660.0,55.71,2026-08-31
EXICOM,EQ,31-Aug-2026,167.93,167.9,172.39,165.5,165.99,1245937,2099.37,13818,493052.0,39.57,2026-08-31
EXIDEIND,EQ,31-Aug-2026,444.6,443.95,444.4,436.45,440.25,2568311,11313.28,52834,1350343.0,52.58,2026-08-31
EXIMROUTES,SM,31-Aug-2026,113.2,113.3,113.3,110.0,110.0,9600,10.67,10,8000.0,83.33,2026-08-31
EXPLEOSOL,EQ,31-Aug-2026,875.75,875.75,879.9,855.1,857.05,12274,105.76,1174,8843.0,72.05,2026-08-31
EXXARO,EQ,31-Aug-2026,7.41,7.41,7.41,6.67,7.13,2307853,162.52,2575,1366870.0,59.23,2026-08-31
FABTECH,EQ,31-Aug-2026,147.56,147.0,149.4,143.61,148.41,76646,112.48,1085,32497.0,42.4,2026-08-31
FACT,EQ,31-Aug-2026,832.5,831.0,831.0,816.05,821.25,159589,1310.4,6849,48415.0,30.34,2026-08-31
FAIRCHEMOR,BE,31-Aug-2026,680.0,675.0,675.0,668.0,675.0,6085,40.99,65,,,2026-08-31
FALCONTECH,SM,31-Aug-2026,12.9,12.3,12.9,12.3,12.75,8400,1.06,7,4800.0,57.14,2026-08-31
FASCINATE,ST,31-Aug-2026,93.6,88.95,88.95,88.95,88.95,10400,9.25,8,10400.0,100.0,2026-08-31
FAZE3Q,EQ,31-Aug-2026,491.05,482.6,491.0,481.35,487.5,15371,74.64,923,7911.0,51.47,2026-08-31
FCL,EQ,31-Aug-2026,50.03,50.27,52.21,48.87,50.79,17237022,8749.76,48730,6450280.0,37.42,2026-08-31
FCONSUMER,BZ,31-Aug-2026,0.23,0.22,0.22,0.22,0.22,1756794,3.86,596,,,2026-08-31
FCSSOFT,EQ,31-Aug-2026,1.5,1.5,1.52,1.46,1.48,2528833,37.67,1338,1956535.0,77.37,2026-08-31
FDC,EQ,31-Aug-2026,342.5,342.5,343.0,329.5,337.2,214510,725.0,8869,104208.0,48.58,2026-08-31
FEDDERSHOL,EQ,31-Aug-2026,43.99,45.5,45.59,44.11,44.69,814235,366.53,1994,271356.0,33.33,2026-08-31
FEDERALBNK,EQ,31-Aug-2026,344.25,342.6,356.7,341.55,356.7,6824404,24016.75,58285,5411299.0,79.29,2026-08-31
FEDFINA,EQ,31-Aug-2026,158.94,159.0,160.75,155.2,157.24,702951,1113.84,8863,373537.0,53.14,2026-08-31
FEL,BZ,31-Aug-2026,0.39,0.4,0.4,0.38,0.38,449306,1.73,139,,,2026-08-31
FELDVR,BZ,31-Aug-2026,2.34,2.39,2.39,2.23,2.23,10172,0.23,37,,,2026-08-31
FELIX,SM,31-Aug-2026,177.15,171.35,176.55,171.35,172.75,41000,71.16,75,22000.0,53.66,2026-08-31
FERMENTA,EQ,31-Aug-2026,509.9,509.9,514.35,490.3,500.1,85965,430.88,5131,39327.0,45.75,2026-08-31
FIBERWEB,EQ,31-Aug-2026,26.7,27.4,27.4,26.1,26.35,14920,3.95,108,13522.0,90.63,2026-08-31
FIDEL,SM,31-Aug-2026,144.6,140.0,140.0,140.0,140.0,1000,1.4,1,1000.0,100.0,2026-08-31
FIEMIND,EQ,31-Aug-2026,2087.7,2087.7,2087.7,2033.0,2036.2,80331,1641.09,10017,40824.0,50.82,2026-08-31
FILATEX,EQ,31-Aug-2026,78.89,77.0,77.66,74.6,75.17,2948990,2244.8,13587,1831823.0,62.12,2026-08-31
FILATFASH,EQ,31-Aug-2026,0.18,0.19,0.19,0.18,0.18,28226880,51.51,2239,20593655.0,72.96,2026-08-31
FINBUD,SM,31-Aug-2026,131.95,125.0,130.0,125.0,128.0,10000,12.79,10,8000.0,80.0,2026-08-31
FINCABLES,EQ,31-Aug-2026,1297.9,1300.0,1300.0,1236.25,1247.15,1132169,14214.28,50036,490647.0,43.34,2026-08-31
FINEORG,EQ,31-Aug-2026,5282.5,5282.6,5344.8,5195.0,5282.8,47274,2491.76,14687,20024.0,42.36,2026-08-31
FINIETF,EQ,31-Aug-2026,33.26,33.27,33.27,32.85,32.99,294308,97.08,1630,155265.0,52.76,2026-08-31
FINKURVE,EQ,31-Aug-2026,75.56,75.95,76.08,69.27,72.23,221026,159.51,2373,106243.0,48.07,2026-08-31
FINOPB,EQ,31-Aug-2026,141.57,141.99,142.2,138.5,139.38,138073,193.68,2526,59435.0,43.05,2026-08-31
FINPIPE,EQ,31-Aug-2026,160.56,161.95,162.59,156.8,157.72,772113,1229.35,26121,358250.0,46.4,2026-08-31
FIRSTCRY,EQ,31-Aug-2026,185.48,186.0,191.5,179.58,182.41,4708838,8713.79,42621,2049633.0,43.53,2026-08-31
FISCHER,EQ,31-Aug-2026,35.44,35.99,35.99,34.99,35.21,350561,123.84,1860,181656.0,51.82,2026-08-31
FIVESTAR,EQ,31-Aug-2026,537.85,535.2,540.0,525.05,535.05,660117,3528.5,38323,390332.0,59.13,2026-08-31
FLAIR,EQ,31-Aug-2026,249.3,249.3,250.55,246.5,248.65,29800,74.08,894,12107.0,40.63,2026-08-31
FLEXIADD,EQ,31-Aug-2026,10.24,10.2,10.22,10.11,10.17,74132,7.53,347,54204.0,73.12,2026-08-31
FLEXITUFF,BE,31-Aug-2026,2.58,2.59,2.6,2.51,2.54,34065,0.87,107,,,2026-08-31
FLFL,BZ,31-Aug-2026,1.15,1.17,1.2,1.17,1.2,47663,0.57,80,,,2026-08-31
FLUOROCHEM,EQ,31-Aug-2026,4771.2,4769.7,4829.9,4675.0,4693.5,202388,9581.86,27927,109853.0,54.28,2026-08-31
FLYSBS,SM,31-Aug-2026,617.55,617.55,622.85,606.05,618.5,75200,461.4,212,52800.0,70.21,2026-08-31
FMCGADD,EQ,31-Aug-2026,47.33,46.84,47.7,46.6,46.83,34359,16.07,227,26135.0,76.06,2026-08-31
FMCGIETF,EQ,31-Aug-2026,50.34,50.75,50.75,49.96,50.1,1598727,800.19,6041,904223.0,56.56,2026-08-31
FMGOETZE,EQ,31-Aug-2026,602.05,616.0,641.1,608.05,624.85,8525284,53147.32,135028,1703510.0,19.98,2026-08-31
FMNL,EQ,31-Aug-2026,11.0,11.0,11.1,10.45,10.47,26581,2.83,156,22512.0,84.69,2026-08-31
FOCE,SM,31-Aug-2026,512.0,512.0,512.0,512.0,512.0,10080,51.61,2,10080.0,100.0,2026-08-31
FOCUS,BE,31-Aug-2026,67.49,68.1,68.1,64.61,65.74,71490,46.83,563,,,2026-08-31
FONEBOX,SM,31-Aug-2026,95.5,100.0,100.0,100.0,100.0,3000,3.0,3,3000.0,100.0,2026-08-31
FOODSIN,EQ,31-Aug-2026,52.87,53.0,55.24,52.72,54.97,154105,84.09,1711,121289.0,78.71,2026-08-31
FORCAS,ST,31-Aug-2026,214.0,213.9,224.7,213.9,224.65,72000,160.56,37,62400.0,86.67,2026-08-31
FORCEMOT,EQ,31-Aug-2026,17370.0,17370.0,17695.0,17150.0,17526.0,87388,15220.7,22711,35602.0,40.74,2026-08-31
FORGEAUTO,SM,31-Aug-2026,94.2,94.3,95.5,94.0,94.25,12000,11.32,8,10800.0,90.0,2026-08-31
FORTIS,EQ,31-Aug-2026,926.75,929.0,929.0,903.15,906.9,2197250,20008.46,46745,1498928.0,68.22,2026-08-31
FOSECOIND,EQ,31-Aug-2026,6362.0,6413.0,6557.5,6250.0,6432.0,35796,2295.72,8393,15799.0,44.14,2026-08-31
FRACTAL,EQ,31-Aug-2026,844.3,839.75,860.0,837.25,852.15,752343,6409.68,30023,432249.0,57.45,2026-08-31
FREDUN,EQ,31-Aug-2026,1476.6,1475.0,1494.0,1431.0,1446.9,20616,298.81,2206,11069.0,53.69,2026-08-31
FRESHARA,ST,31-Aug-2026,438.9,425.05,458.95,425.05,447.25,22200,99.61,36,20400.0,91.89,2026-08-31
FROG,ST,31-Aug-2026,238.0,242.75,249.9,237.3,248.2,72800,179.15,117,70000.0,96.15,2026-08-31
FRONTSP,EQ,31-Aug-2026,1273.4,1275.0,1295.7,1256.8,1292.5,10684,136.22,1355,6736.0,63.05,2026-08-31
FSL,EQ,31-Aug-2026,269.3,269.4,270.0,261.6,264.8,734778,1946.62,13579,355819.0,48.43,2026-08-31
FUSION,EQ,31-Aug-2026,199.24,197.48,202.8,194.41,200.32,371492,739.18,9287,182343.0,49.08,2026-08-31
FWSTC,SM,31-Aug-2026,198.0,198.0,198.0,197.0,197.0,5400,10.67,8,5400.0,100.0,2026-08-31
GABRIEL,EQ,31-Aug-2026,1367.6,1374.9,1460.8,1336.2,1437.9,896312,12702.0,53460,396917.0,44.28,2026-08-31
GAEL,EQ,31-Aug-2026,166.98,167.99,178.0,167.37,176.92,2235760,3908.47,33836,708757.0,31.7,2026-08-31
GAIL,EQ,31-Aug-2026,171.1,172.2,177.5,170.33,177.5,13012294,22727.4,78238,10479153.0,80.53,2026-08-31
GAJA,EQ,31-Aug-2026,158.66,157.91,158.66,149.55,150.97,3306446,5048.04,24227,1431755.0,43.3,2026-08-31
GALAPREC,EQ,31-Aug-2026,1034.2,1034.2,1048.9,1014.6,1025.4,30534,314.24,3289,11973.0,39.21,2026-08-31
GALAXYSURF,EQ,31-Aug-2026,2285.0,2305.0,2318.0,2236.1,2255.6,34392,779.64,5984,17847.0,51.89,2026-08-31
GALLANTT,EQ,31-Aug-2026,577.85,577.85,578.45,562.5,567.25,49530,281.75,4448,25822.0,52.13,2026-08-31
GANDHAR,EQ,31-Aug-2026,256.47,256.46,258.38,251.25,257.72,664788,1696.96,10327,308020.0,46.33,2026-08-31
GANDHITUBE,EQ,31-Aug-2026,898.25,877.05,905.0,877.05,900.95,10227,91.53,737,6522.0,63.77,2026-08-31
GANECOS,EQ,31-Aug-2026,1019.3,1018.8,1041.7,1008.9,1021.7,69988,715.92,6251,30761.0,43.95,2026-08-31
GANESHBE,BE,31-Aug-2026,119.93,120.0,121.25,114.5,115.2,193232,224.48,1282,,,2026-08-31
GANESHCP,EQ,31-Aug-2026,174.15,175.01,180.0,170.0,171.15,126452,221.83,2944,56657.0,44.81,2026-08-31
GANESHHOU,EQ,31-Aug-2026,803.6,804.0,804.0,771.2,776.95,87674,682.51,1593,57975.0,66.13,2026-08-31
GANESHIN,ST,31-Aug-2026,110.5,108.0,109.0,105.0,106.0,44000,46.8,36,43200.0,98.18,2026-08-31
GANGABATH,SM,31-Aug-2026,21.45,20.85,22.0,20.85,21.35,24000,5.14,8,3000.0,12.5,2026-08-31
GANGAFORGE,EQ,31-Aug-2026,1.61,1.53,1.69,1.53,1.69,13742610,223.38,3288,7434546.0,54.1,2026-08-31
GANGESSECU,EQ,31-Aug-2026,116.81,118.0,118.0,117.2,117.69,989,1.16,38,805.0,81.4,2026-08-31
GARFIBRES,EQ,31-Aug-2026,799.0,799.0,818.8,790.0,813.85,53462,433.39,5944,25987.0,48.61,2026-08-31
GARUDA,EQ,31-Aug-2026,175.2,173.05,174.94,171.1,171.61,331237,571.0,4607,178296.0,53.83,2026-08-31
GATECH,BE,31-Aug-2026,1.06,1.11,1.11,1.1,1.1,171170871,1899.59,27397,,,2026-08-31
GATECHDVR,BE,31-Aug-2026,0.54,0.56,0.56,0.56,0.56,1242897,6.96,282,,,2026-08-31
GATEWAY,EQ,31-Aug-2026,53.61,53.8,55.19,53.11,53.79,1735133,936.18,9935,928995.0,53.54,2026-08-31
GAUDIUMIVF,BE,31-Aug-2026,121.72,122.0,127.8,119.98,127.8,354347,445.22,2764,,,2026-08-31
GAYAHWS,EQ,31-Aug-2026,1.88,2.18,2.18,1.81,1.96,1363160,27.45,1129,764479.0,56.08,2026-08-31
GAYAPROJ,EQ,31-Aug-2026,22.15,22.83,22.83,21.25,21.63,442946,96.59,2037,272830.0,61.59,2026-08-31
GCHOTELS,ST,31-Aug-2026,96.6,95.75,95.75,91.8,93.3,96000,89.14,137,70200.0,73.13,2026-08-31
GCSL,EQ,31-Aug-2026,541.3,544.0,561.95,533.5,556.55,995664,5496.81,10332,346366.0,34.79,2026-08-31
GEECEE,BE,31-Aug-2026,370.0,367.0,371.0,361.6,369.95,5222,19.32,56,,,2026-08-31
GEEKAYWIRE,EQ,31-Aug-2026,24.69,24.69,29.5,24.21,26.7,1394182,384.83,6855,533553.0,38.27,2026-08-31
GEMAROMA,EQ,31-Aug-2026,168.75,167.75,170.0,166.0,168.26,39622,66.55,902,21347.0,53.88,2026-08-31
GENCON,EQ,31-Aug-2026,44.12,44.44,47.8,43.83,47.23,869699,393.79,5375,290691.0,33.42,2026-08-31
GENESYS,EQ,31-Aug-2026,227.8,227.8,230.0,213.35,227.35,840932,1863.18,14612,312534.0,37.17,2026-08-31
GENSOL,BZ,31-Aug-2026,17.32,18.1,18.1,16.95,17.43,48644,8.56,398,,,2026-08-31
GENUSPAPER,EQ,31-Aug-2026,12.16,12.25,12.5,11.9,12.12,36934,4.5,239,28049.0,75.94,2026-08-31
GENUSPOWER,EQ,31-Aug-2026,349.7,352.05,352.1,332.05,335.2,3925702,13224.95,41875,2003196.0,51.03,2026-08-31
GENXAI,SM,31-Aug-2026,85.6,85.6,85.6,83.1,84.9,10800,9.1,9,8400.0,77.78,2026-08-31
GEOJITFSL,EQ,31-Aug-2026,83.7,83.7,84.97,81.8,83.32,465538,388.03,3661,233072.0,50.07,2026-08-31
GESHIP,EQ,31-Aug-2026,1339.6,1340.0,1343.8,1294.0,1301.8,1373286,17943.11,55456,875908.0,63.78,2026-08-31
GFLLIMITED,EQ,31-Aug-2026,54.28,53.95,54.8,53.85,54.17,43732,23.78,1151,26055.0,59.58,2026-08-31
GFSTEELS,BE,31-Aug-2026,15.0,15.0,15.0,15.0,15.0,1500,0.23,8,,,2026-08-31
GGBL,SM,31-Aug-2026,224.9,230.5,234.0,224.25,226.8,34800,79.97,95,24000.0,68.97,2026-08-31
GHCL,EQ,31-Aug-2026,441.45,442.7,446.8,431.05,437.8,415533,1823.76,6046,304205.0,73.21,2026-08-31
GHCLTEXTIL,EQ,31-Aug-2026,130.79,131.9,137.0,131.0,134.77,1321896,1780.69,16080,527009.0,39.87,2026-08-31
GICHSGFIN,EQ,31-Aug-2026,141.03,140.05,140.98,138.61,139.19,47553,66.35,1294,25886.0,54.44,2026-08-31
GICL,EQ,31-Aug-2026,23.73,24.0,24.0,23.12,23.84,96893,23.03,266,50946.0,52.58,2026-08-31
GICRE,EQ,31-Aug-2026,353.3,354.05,358.4,352.6,354.75,1071759,3811.71,13566,587385.0,54.81,2026-08-31
GILLANDERS,EQ,31-Aug-2026,106.38,100.1,109.55,100.1,105.52,8485,8.98,98,6345.0,74.78,2026-08-31
GILLETTE,EQ,31-Aug-2026,7316.0,7316.0,7350.5,7248.0,7329.0,15184,1110.24,3753,9581.0,63.1,2026-08-31
GILT10BETA,EQ,31-Aug-2026,26.87,26.82,26.82,26.69,26.81,5611,1.5,20,5030.0,89.65,2026-08-31
GILT5BETA,EQ,31-Aug-2026,66.5,66.55,66.74,66.5,66.74,151,0.1,8,149.0,98.68,2026-08-31
GILT5YBEES,EQ,31-Aug-2026,66.22,66.29,66.3,65.91,66.05,100683,66.49,465,80473.0,79.93,2026-08-31
GINNIFILA,BE,31-Aug-2026,44.48,45.09,45.09,43.1,43.99,83560,36.78,183,,,2026-08-31
GIPCL,EQ,31-Aug-2026,205.91,205.61,207.2,198.1,199.36,639477,1286.76,7892,346339.0,54.16,2026-08-31
GIRIRAJ,SM,31-Aug-2026,87.25,83.1,86.95,82.9,82.9,3500,2.92,10,2750.0,78.57,2026-08-31
GJL,ST,31-Aug-2026,247.0,242.0,247.0,237.0,245.35,4000,9.72,5,4000.0,100.0,2026-08-31
GKB,EQ,31-Aug-2026,62.5,62.81,68.75,62.01,66.09,773,0.51,35,541.0,69.99,2026-08-31
GKENERGY,EQ,31-Aug-2026,138.46,137.9,137.95,132.5,133.18,465409,625.57,4743,231210.0,49.68,2026-08-31
GKSL,EQ,31-Aug-2026,160.64,159.85,163.99,156.64,158.14,1797181,2872.11,12102,698336.0,38.86,2026-08-31
GKWLIMITED,EQ,31-Aug-2026,1597.9,1569.0,1582.0,1503.8,1524.7,1073,16.7,77,1002.0,93.38,2026-08-31
GLAND,EQ,31-Aug-2026,2888.0,2885.0,2913.8,2845.8,2885.8,370779,10703.14,18982,282336.0,76.15,2026-08-31
GLAXO,EQ,31-Aug-2026,3106.4,3106.5,3120.0,3035.2,3050.1,205702,6282.65,19789,138816.0,67.48,2026-08-31
GLENMARK,EQ,31-Aug-2026,2515.0,2532.4,2532.4,2452.0,2480.0,911026,22592.29,39619,488059.0,53.57,2026-08-31
GLFL,EQ,31-Aug-2026,5.72,5.99,5.99,5.47,5.9,5931,0.34,29,3923.0,66.14,2026-08-31
GLOBAL,EQ,31-Aug-2026,108.99,106.05,109.4,104.41,107.02,106139,112.82,1439,68274.0,64.33,2026-08-31
GLOBALE,EQ,31-Aug-2026,11.58,11.93,11.93,11.16,11.5,239,0.03,15,175.0,73.22,2026-08-31
GLOBALPET,ST,31-Aug-2026,156.0,156.5,156.5,156.4,156.4,2250,3.52,2,2250.0,100.0,2026-08-31
GLOBALVECT,EQ,31-Aug-2026,145.92,145.3,145.31,141.5,142.51,12825,18.33,546,8724.0,68.02,2026-08-31
GLOBE,EQ,31-Aug-2026,2.0,2.0,2.0,1.89,1.93,1193799,23.0,522,1073120.0,89.89,2026-08-31
GLOBECIVIL,EQ,31-Aug-2026,45.58,45.6,47.77,44.91,46.69,120301,55.62,774,41252.0,34.29,2026-08-31
GLOBUSSPR,EQ,31-Aug-2026,916.1,920.1,921.85,905.0,917.3,57967,530.22,2794,31443.0,54.24,2026-08-31
GLOSTERLTD,EQ,31-Aug-2026,607.15,607.0,607.0,587.5,589.9,732,4.34,57,577.0,78.83,2026-08-31
GLOTTIS,EQ,31-Aug-2026,64.27,64.26,64.99,63.76,63.76,27416,17.51,359,22943.0,83.68,2026-08-31
GMBREW,EQ,31-Aug-2026,890.4,881.0,883.4,852.55,877.25,34709,304.24,2070,18583.0,53.54,2026-08-31
GMDCLTD,EQ,31-Aug-2026,567.65,567.65,567.65,556.9,563.05,549539,3081.3,15358,235904.0,42.93,2026-08-31
GMMPFAUDLR,EQ,31-Aug-2026,1026.7,1026.05,1074.0,1011.05,1042.45,272965,2866.45,20647,138547.0,50.76,2026-08-31
GMRAIRPORT,EQ,31-Aug-2026,98.31,97.85,98.0,93.63,93.63,59724643,56538.15,53373,50861088.0,85.16,2026-08-31
GMRP&UI,EQ,31-Aug-2026,93.35,93.35,93.35,89.56,90.31,9225026,8338.98,44189,5055518.0,54.8,2026-08-31
GNA,EQ,31-Aug-2026,542.65,542.65,551.5,530.0,539.85,305513,1648.35,9765,132496.0,43.37,2026-08-31
GNFC,EQ,31-Aug-2026,580.05,581.9,582.75,570.5,574.75,616752,3544.99,17607,370180.0,60.02,2026-08-31
GNRL,EQ,31-Aug-2026,96.82,96.89,97.7,94.21,95.47,89338,85.59,1473,43953.0,49.2,2026-08-31
GOACARBON,EQ,31-Aug-2026,361.85,361.85,372.85,355.05,369.55,14913,54.68,941,9128.0,61.21,2026-08-31
GOCLCORP,EQ,31-Aug-2026,388.25,385.05,396.0,385.05,392.5,31601,123.05,1395,17443.0,55.2,2026-08-31
GOCOLORS,EQ,31-Aug-2026,335.65,337.0,337.0,326.7,327.85,83043,273.71,2462,43565.0,52.46,2026-08-31
GODAVARIB,EQ,31-Aug-2026,239.05,238.6,240.95,232.8,234.35,107966,253.38,2694,67852.0,62.85,2026-08-31
GODFRYPHLP,EQ,31-Aug-2026,2123.7,2124.0,2141.6,2088.0,2104.8,182819,3854.35,14602,65444.0,35.8,2026-08-31
GODIGIT,EQ,31-Aug-2026,262.35,262.0,262.1,253.5,257.4,315646,808.89,10877,133355.0,42.25,2026-08-31
GODREJAGRO,EQ,31-Aug-2026,609.3,608.25,623.7,608.0,615.3,353606,2179.17,21999,155717.0,44.04,2026-08-31
GODREJCP,EQ,31-Aug-2026,915.0,911.2,913.3,901.3,901.3,1151139,10408.92,26343,754284.0,65.53,2026-08-31
GODREJIND,EQ,31-Aug-2026,1167.5,1167.5,1167.5,1129.9,1134.5,71624,817.38,7930,35493.0,49.55,2026-08-31
GODREJPROP,EQ,31-Aug-2026,2029.1,2025.0,2025.0,1962.6,2014.7,707158,14108.4,30430,339393.0,47.99,2026-08-31
GOKEX,EQ,31-Aug-2026,767.8,771.6,798.3,768.0,780.9,265633,2085.61,11677,86316.0,32.49,2026-08-31
GOKUL,EQ,31-Aug-2026,42.46,42.46,42.88,41.12,41.65,162789,69.01,1026,37809.0,23.23,2026-08-31
GOKULAGRO,EQ,31-Aug-2026,244.34,245.0,247.96,241.4,244.1,382544,934.79,8321,168618.0,44.08,2026-08-31
GOLD1,EQ,31-Aug-2026,132.21,129.4,129.4,127.01,128.68,3006998,3852.22,11359,1449598.0,48.21,2026-08-31
GOLD360,EQ,31-Aug-2026,154.7,153.0,153.0,148.95,149.75,25721,38.54,371,15390.0,59.83,2026-08-31
GOLDADD,EQ,31-Aug-2026,15.36,15.25,15.25,14.81,14.97,16889621,2524.81,4889,12410359.0,73.48,2026-08-31
GOLDAXIS,EQ,31-Aug-2026,131.78,129.0,129.0,126.48,127.78,9347735,11891.59,10273,4805464.0,51.41,2026-08-31
GOLDBEES,EQ,31-Aug-2026,130.85,127.79,127.79,126.08,127.32,48850744,61964.55,160795,21292950.0,43.59,2026-08-31
GOLDBETA,EQ,31-Aug-2026,133.3,136.6,136.6,128.55,129.95,914843,1186.86,6312,568847.0,62.18,2026-08-31
GOLDBND,EQ,31-Aug-2026,157.91,155.93,155.93,152.5,153.39,10111,15.51,392,3884.0,38.41,2026-08-31
GOLDCASE,EQ,31-Aug-2026,24.9,25.4,25.4,23.96,24.22,14675221,3547.84,16313,8790954.0,59.9,2026-08-31
GOLDENTOBC,BZ,31-Aug-2026,24.9,25.35,25.35,24.0,24.05,1154,0.29,33,,,2026-08-31
GOLDETF,EQ,31-Aug-2026,153.76,153.76,153.76,148.11,150.18,1500121,2243.03,8518,773527.0,51.56,2026-08-31
GOLDIAM,EQ,31-Aug-2026,348.55,345.0,358.0,339.0,348.65,631597,2178.3,8245,259675.0,41.11,2026-08-31
GOLDIETF,EQ,31-Aug-2026,135.62,132.79,132.79,130.5,131.72,9466193,12440.66,52772,5427487.0,57.34,2026-08-31
GOLDKART,SM,31-Aug-2026,92.0,96.6,96.6,96.0,96.3,1250,1.2,2,1250.0,100.0,2026-08-31
GOLDSTAR,SM,31-Aug-2026,7.5,7.5,7.5,7.5,7.5,11250,0.84,1,11250.0,100.0,2026-08-31
GOLDTECH,BE,31-Aug-2026,50.83,52.49,52.49,48.29,48.29,24454,12.01,233,,,2026-08-31
GOODLUCK,EQ,31-Aug-2026,449.9,449.0,474.0,437.4,464.4,976542,4448.59,18722,404251.0,41.4,2026-08-31
GOODYEAR,EQ,31-Aug-2026,749.9,749.95,754.95,736.0,743.35,7100,52.68,825,4881.0,68.75,2026-08-31
GOPAL,EQ,31-Aug-2026,276.25,276.9,277.15,273.0,274.75,136538,375.41,3719,47686.0,34.93,2026-08-31
GOYALALUM,EQ,31-Aug-2026,6.27,6.27,6.48,6.24,6.28,52681,3.33,339,39641.0,75.25,2026-08-31
GOYALSALT,SM,31-Aug-2026,108.0,108.0,108.0,106.0,106.0,21000,22.28,5,21000.0,100.0,2026-08-31
GPECO,ST,31-Aug-2026,411.35,410.0,414.9,402.5,404.0,9800,39.95,37,9600.0,97.96,2026-08-31
GPIL,EQ,31-Aug-2026,239.85,239.6,248.05,237.65,243.67,2891684,7072.08,43032,841738.0,29.11,2026-08-31
GPPL,EQ,31-Aug-2026,168.75,168.75,171.2,166.89,167.56,3304295,5564.69,37073,1935155.0,58.56,2026-08-31
GPTHEALTH,EQ,31-Aug-2026,151.72,151.72,155.08,150.01,153.01,68251,104.12,2853,40649.0,59.56,2026-08-31
GPTINFRA,EQ,31-Aug-2026,111.91,111.3,112.3,110.41,110.66,71885,79.8,1186,46257.0,64.35,2026-08-31
GRADIENTE,EQ,31-Aug-2026,2.72,2.77,2.79,2.59,2.59,1371007,37.05,406,771911.0,56.3,2026-08-31
GRANDOAK,EQ,31-Aug-2026,36.69,36.88,37.7,35.51,36.43,2875,1.04,52,1506.0,52.38,2026-08-31
GRANULES,EQ,31-Aug-2026,836.65,832.5,840.65,823.0,828.5,786881,6524.29,33086,459281.0,58.37,2026-08-31
GRAPHISAD,SM,31-Aug-2026,26.7,27.0,27.1,26.0,27.1,13200,3.55,6,12000.0,90.91,2026-08-31
GRAPHITE,EQ,31-Aug-2026,696.0,696.0,708.0,688.55,702.55,852777,5953.45,32300,341247.0,40.02,2026-08-31
GRASIM,EQ,31-Aug-2026,3290.0,3290.0,3371.0,3250.0,3371.0,1019104,33816.66,41232,657952.0,64.56,2026-08-31
GRAUWEIL,EQ,31-Aug-2026,71.32,71.19,72.8,70.5,71.63,363479,260.71,4542,224521.0,61.77,2026-08-31
GRAVISSHO,EQ,31-Aug-2026,30.0,28.66,30.0,28.21,29.82,187,0.05,12,187.0,100.0,2026-08-31
GRAVITA,EQ,31-Aug-2026,1825.8,1824.0,1833.6,1786.1,1800.2,228359,4126.96,16548,110940.0,48.58,2026-08-31
GRCL,SM,31-Aug-2026,568.0,572.0,572.0,572.0,572.0,500,2.86,2,500.0,100.0,2026-08-31
GREAVESCOT,EQ,31-Aug-2026,194.41,194.0,199.1,191.01,197.8,1414011,2767.95,16592,531484.0,37.59,2026-08-31
GREENCHEF,SM,31-Aug-2026,59.45,59.95,59.95,56.4,58.0,10400,6.01,13,5600.0,53.85,2026-08-31
GREENLAM,EQ,31-Aug-2026,246.35,247.7,249.0,242.0,247.9,39636,97.51,1394,26291.0,66.33,2026-08-31
GREENLEAF,ST,31-Aug-2026,114.2,114.2,115.0,109.0,113.35,6000,6.74,6,5000.0,83.33,2026-08-31
GREENPANEL,EQ,31-Aug-2026,161.06,160.36,160.37,155.91,156.58,134878,212.34,6502,85114.0,63.1,2026-08-31
GREENPLY,EQ,31-Aug-2026,286.25,288.9,294.5,285.0,290.2,188111,545.98,3987,101298.0,53.85,2026-08-31
GREENPOWER,EQ,31-Aug-2026,9.39,9.74,9.74,9.15,9.19,3004623,279.4,4928,1250154.0,41.61,2026-08-31
GRETEX,SM,31-Aug-2026,286.0,272.0,272.0,272.0,272.0,750,2.04,1,750.0,100.0,2026-08-31
GRINDWELL,EQ,31-Aug-2026,2057.7,2057.7,2063.9,2011.2,2023.0,19350,392.0,4040,10957.0,56.63,2026-08-31
GRINFRA,EQ,31-Aug-2026,890.75,890.75,893.75,863.55,876.2,21324,186.94,1978,6542.0,30.68,2026-08-31
GRMOVER,EQ,31-Aug-2026,86.38,87.09,87.89,84.5,86.47,1150228,990.07,4235,337010.0,29.3,2026-08-31
GROBTEA,EQ,31-Aug-2026,991.6,964.2,1035.0,964.2,996.65,1355,13.55,80,1207.0,89.08,2026-08-31
GROWW,EQ,31-Aug-2026,191.46,192.0,195.0,190.03,192.06,235495223,452571.66,462953,156391350.0,66.41,2026-08-31
GROWWCAPM,EQ,31-Aug-2026,11.58,11.69,11.69,11.43,11.5,440075,50.7,899,271423.0,61.68,2026-08-31
GROWWCHEM,EQ,31-Aug-2026,30.35,30.36,30.88,29.93,30.59,64398,19.44,338,35589.0,55.26,2026-08-31
GROWWDEFNC,EQ,31-Aug-2026,97.44,98.47,98.47,96.0,97.29,224067,216.78,3558,138325.0,61.73,2026-08-31
GROWWEV,EQ,31-Aug-2026,33.38,33.97,33.97,33.11,33.39,218423,72.73,2232,142177.0,65.09,2026-08-31
GROWWGOLD,EQ,31-Aug-2026,15.43,15.81,15.81,14.76,15.0,3768984,564.65,6032,1569208.0,41.63,2026-08-31
GROWWHOSPI,EQ,31-Aug-2026,52.64,52.4,53.29,52.0,52.4,706664,370.12,1228,618022.0,87.46,2026-08-31
GROWWLIQID,EQ,31-Aug-2026,110.55,110.55,110.57,110.55,110.56,190001,210.07,275,103729.0,54.59,2026-08-31
GROWWLOVOL,EQ,31-Aug-2026,10.47,10.5,10.5,10.35,10.42,6962,0.72,132,4150.0,59.61,2026-08-31
GROWWMC150,EQ,31-Aug-2026,237.13,239.2,239.2,233.16,235.7,579,1.36,54,566.0,97.75,2026-08-31
GROWWMETAL,EQ,31-Aug-2026,12.87,12.85,13.13,12.54,12.62,606601,76.75,2340,312752.0,51.56,2026-08-31
GROWWMOM50,EQ,31-Aug-2026,11.35,11.35,11.35,11.1,11.12,500570,55.71,936,356408.0,71.2,2026-08-31
GROWWN200,EQ,31-Aug-2026,11.39,11.39,11.55,11.34,11.4,45158,5.14,284,29814.0,66.02,2026-08-31
GROWWNET,EQ,31-Aug-2026,10.88,10.86,10.92,10.76,10.84,786689,85.4,837,604523.0,76.84,2026-08-31
GROWWNIFTY,EQ,31-Aug-2026,9.74,9.74,9.93,9.7,9.74,766113,74.67,4673,524963.0,68.52,2026-08-31
GROWWNXT50,EQ,31-Aug-2026,74.51,74.93,74.93,72.76,73.7,5776,4.26,170,3455.0,59.82,2026-08-31
GROWWPOWER,EQ,31-Aug-2026,11.33,11.43,11.43,11.15,11.19,5386633,603.85,4154,4469829.0,82.98,2026-08-31
GROWWPSE,EQ,31-Aug-2026,97.13,97.12,97.25,96.5,97.17,2646,2.57,40,2240.0,84.66,2026-08-31
GROWWPSUBK,EQ,31-Aug-2026,85.83,86.68,86.68,84.46,85.82,1481,1.26,72,794.0,53.61,2026-08-31
GROWWRAIL,EQ,31-Aug-2026,28.52,28.53,28.56,28.09,28.21,1643909,463.09,4053,1460611.0,88.85,2026-08-31
GROWWRLTY,EQ,31-Aug-2026,10.14,10.13,10.25,9.99,10.05,443205,44.54,667,303352.0,68.45,2026-08-31
GROWWSC250,EQ,31-Aug-2026,10.67,10.74,10.74,10.52,10.63,217074,22.99,750,125353.0,57.75,2026-08-31
GROWWSLVR,EQ,31-Aug-2026,23.59,22.84,22.93,22.51,22.86,2404223,547.51,3035,557203.0,23.18,2026-08-31
GRPLTD,EQ,31-Aug-2026,2010.9,2011.0,2011.2,1960.0,1965.5,410,8.09,92,349.0,85.12,2026-08-31
GRSE,EQ,31-Aug-2026,2612.9,2612.1,2612.1,2543.1,2565.5,393623,10086.26,27628,173921.0,44.18,2026-08-31
GRWRHITECH,EQ,31-Aug-2026,7224.5,7289.5,7289.5,7092.5,7137.5,46301,3312.83,12249,26854.0,58.0,2026-08-31
GSEC10ABSL,EQ,31-Aug-2026,112.05,111.87,112.06,111.87,112.06,205,0.23,2,205.0,100.0,2026-08-31
GSEC10ADD,EQ,31-Aug-2026,26.89,26.83,26.83,26.51,26.51,1245,0.33,13,929.0,74.62,2026-08-31
GSEC10IETF,EQ,31-Aug-2026,263.52,263.52,265.71,262.56,265.71,899,2.37,7,495.0,55.06,2026-08-31
GSEC10YEAR,EQ,31-Aug-2026,30.63,30.59,30.63,30.44,30.55,1546,0.47,24,1546.0,100.0,2026-08-31
GSEC5IETF,EQ,31-Aug-2026,66.2,66.2,66.73,66.01,66.01,19626,13.02,45,10207.0,52.01,2026-08-31
GSFC,EQ,31-Aug-2026,157.97,158.49,158.76,155.77,158.15,778578,1223.44,9303,360602.0,46.32,2026-08-31
GSLSU,EQ,31-Aug-2026,27.08,27.08,27.58,25.73,25.73,282182,73.75,1556,191414.0,67.83,2026-08-31
GSMFOILS,SM,31-Aug-2026,117.6,123.45,123.45,123.45,123.45,59000,72.84,40,59000.0,100.0,2026-08-31
GSPCROP,EQ,31-Aug-2026,626.6,629.65,645.95,622.0,639.5,153052,971.49,4832,87265.0,57.02,2026-08-31
GSS,EQ,31-Aug-2026,12.38,12.69,12.69,12.06,12.12,37707,4.59,581,31871.0,84.52,2026-08-31
GSTL,SM,31-Aug-2026,12.75,12.2,12.7,12.15,12.15,8000,0.98,8,7000.0,87.5,2026-08-31
GTECJAINX,BE,31-Aug-2026,28.8,29.1,29.1,27.51,27.99,3038,0.86,38,,,2026-08-31
GTL,EQ,31-Aug-2026,7.37,7.4,7.46,7.07,7.21,314684,22.63,980,200118.0,63.59,2026-08-31
GTLINFRA,EQ,31-Aug-2026,1.2,1.2,1.21,1.17,1.17,47942226,570.99,13845,24992802.0,52.13,2026-08-31
GTPL,EQ,31-Aug-2026,53.54,54.99,59.9,53.6,57.73,197142,113.4,1861,102149.0,51.81,2026-08-31
GUFICBIO,EQ,31-Aug-2026,406.3,401.0,424.0,395.05,416.35,166583,681.49,7748,65499.0,39.32,2026-08-31
GUJALKALI,EQ,31-Aug-2026,706.85,715.0,727.25,691.9,699.4,80924,573.27,7040,32469.0,40.12,2026-08-31
GUJAPOLLO,EQ,31-Aug-2026,345.25,344.4,352.0,337.55,340.85,6818,23.48,327,4932.0,72.34,2026-08-31
GUJENERGY,EQ,31-Aug-2026,254.8,256.0,256.3,246.15,247.7,2189326,5451.0,34831,1460605.0,66.71,2026-08-31
GUJRAFFIA,EQ,31-Aug-2026,41.4,40.57,41.79,39.5,40.04,3355,1.34,48,1273.0,37.94,2026-08-31
GUJTHEM,EQ,31-Aug-2026,411.05,415.0,439.2,415.0,422.2,665567,2853.37,13228,244141.0,36.68,2026-08-31
GULFOILLUB,EQ,31-Aug-2026,1143.9,1137.1,1140.9,1115.0,1121.8,100957,1138.8,9660,61893.0,61.31,2026-08-31
GULFPETRO,BE,31-Aug-2026,67.76,67.4,70.1,66.0,67.62,267461,182.83,591,,,2026-08-31
GULPOLY,EQ,31-Aug-2026,192.73,192.7,194.22,189.0,190.53,149630,285.89,3322,74096.0,49.52,2026-08-31
GURUNANAK,SM,31-Aug-2026,36.6,34.8,36.0,34.8,36.0,12800,4.49,8,9600.0,75.0,2026-08-31
GVKPIL,BE,31-Aug-2026,2.12,2.12,2.15,2.08,2.08,978067,20.57,977,,,2026-08-31
GVPIL,EQ,31-Aug-2026,652.7,651.1,652.7,623.3,627.4,265179,1672.37,9550,159258.0,60.06,2026-08-31
GVPTECH,EQ,31-Aug-2026,9.03,9.37,9.39,8.32,8.59,623315,55.62,2049,351540.0,56.4,2026-08-31
GVT&D,EQ,31-Aug-2026,4339.2,4313.0,4445.2,4264.8,4445.2,850283,36810.64,54229,520634.0,61.23,2026-08-31
GYFTR,EQ,31-Aug-2026,166.82,167.16,176.5,165.5,174.63,659877,1150.54,229,642517.0,97.37,2026-08-31
HAL,EQ,31-Aug-2026,4861.1,4836.9,4844.0,4777.0,4801.6,681564,32746.49,32017,415778.0,61.0,2026-08-31
HALDER,EQ,31-Aug-2026,294.99,300.95,300.95,270.1,290.2,24971,74.15,152,4423.0,17.71,2026-08-31
HALDYNGL,BE,31-Aug-2026,139.29,139.98,143.0,138.1,140.79,86871,121.86,435,,,2026-08-31
HALEOSLABS,EQ,31-Aug-2026,1495.1,1490.3,1539.4,1462.0,1464.8,700,10.39,71,564.0,80.57,2026-08-31
HAMPTON,EQ,31-Aug-2026,8.03,8.19,8.37,8.06,8.27,25750,2.12,139,23170.0,89.98,2026-08-31
HAPPSTMNDS,EQ,31-Aug-2026,408.0,408.0,410.0,394.2,406.95,1878980,7567.56,34695,654969.0,34.86,2026-08-31
HAPPY,SM,31-Aug-2026,92.0,95.0,95.0,85.15,85.65,76000,67.25,37,58000.0,76.32,2026-08-31
HAPPYFORGE,EQ,31-Aug-2026,2307.0,2325.5,2422.3,2280.9,2412.0,241750,5766.59,26336,147736.0,61.11,2026-08-31
HARDWYN,EQ,31-Aug-2026,9.07,9.13,9.15,8.92,9.04,3840229,346.37,1912,2302849.0,59.97,2026-08-31
HARIOMPIPE,EQ,31-Aug-2026,352.2,352.5,353.0,342.4,345.3,101385,350.86,2490,56405.0,55.63,2026-08-31
HARRMALAYA,EQ,31-Aug-2026,197.2,195.22,199.59,192.62,196.9,7805,15.31,388,3974.0,50.92,2026-08-31
HARSHA,EQ,31-Aug-2026,438.85,443.05,458.0,435.05,455.9,460199,2069.0,13432,231445.0,50.29,2026-08-31
HATHWAY,EQ,31-Aug-2026,10.57,10.57,10.8,10.38,10.64,2227419,234.7,2552,962867.0,43.23,2026-08-31
HATSUN,EQ,31-Aug-2026,1176.05,1197.75,1198.0,1175.0,1190.45,90965,1079.91,8686,50327.0,55.33,2026-08-31
HAVELLS,EQ,31-Aug-2026,1222.9,1222.9,1244.1,1199.2,1244.1,986855,12035.32,30730,671717.0,68.07,2026-08-31
HAVISHA,EQ,31-Aug-2026,1.37,1.37,1.4,1.3,1.31,52919,0.69,122,41244.0,77.94,2026-08-31
HAWKINCOOK,EQ,31-Aug-2026,8230.0,8257.5,8257.5,8050.0,8116.5,826,67.03,275,582.0,70.46,2026-08-31
HAZOOR,EQ,31-Aug-2026,19.94,20.5,20.5,19.56,19.73,319595,63.66,495,264566.0,82.78,2026-08-31
HBESD,EQ,31-Aug-2026,74.5,81.99,81.99,75.0,75.0,1823,1.45,28,1168.0,64.07,2026-08-31
HBLENGINE,EQ,31-Aug-2026,674.1,665.05,670.05,653.0,657.35,782084,5161.32,28817,411227.0,52.58,2026-08-31
HBPOR,EQ,31-Aug-2026,61.79,63.8,65.0,60.0,60.46,1196,0.74,36,673.0,56.27,2026-08-31
HBSL,EQ,31-Aug-2026,52.55,51.8,56.51,51.8,53.54,3564,1.98,66,3463.0,97.17,2026-08-31
HCC,EQ,31-Aug-2026,24.64,24.5,24.8,23.72,23.83,41845918,10121.41,39426,16016784.0,38.28,2026-08-31
HCG,EQ,31-Aug-2026,696.3,695.6,775.0,687.5,733.3,264044,1904.06,16111,132315.0,50.11,2026-08-31
HCL-INSYS,EQ,31-Aug-2026,10.78,10.9,10.9,10.02,10.74,424928,44.74,1374,271926.0,63.99,2026-08-31
HCLTECH,EQ,31-Aug-2026,1316.1,1316.6,1322.6,1297.7,1312.2,3125051,41033.96,44870,2116968.0,67.74,2026-08-31
HDBFS,EQ,31-Aug-2026,679.35,675.0,683.95,671.9,682.35,213407,1449.23,11240,117514.0,55.07,2026-08-31
HDFCAMC,EQ,31-Aug-2026,2569.0,2546.1,2622.1,2523.1,2622.1,835216,21506.91,30755,591026.0,70.76,2026-08-31
HDFCBANK,EQ,31-Aug-2026,720.3,723.05,739.75,704.15,709.0,78157067,563441.23,763649,41701133.0,53.36,2026-08-31
HDFCBSE500,EQ,31-Aug-2026,37.87,38.45,38.45,37.54,37.82,6680643,2516.25,497,6574340.0,98.41,2026-08-31
HDFCGOLD,EQ,31-Aug-2026,135.29,135.29,135.29,130.41,131.82,4601204,6047.41,17471,2214325.0,48.12,2026-08-31
HDFCGROWTH,EQ,31-Aug-2026,121.37,120.92,121.58,120.0,121.23,16139,19.53,182,7335.0,45.45,2026-08-31
HDFCLIFE,EQ,31-Aug-2026,548.0,545.0,546.95,538.8,543.35,3683600,20015.04,24902,3077476.0,83.55,2026-08-31
HDFCLIQUID,EQ,31-Aug-2026,1075.85,1075.99,1076.01,1075.99,1076.0,29229,314.51,45,26450.0,90.49,2026-08-31
HDFCLOWVOL,EQ,31-Aug-2026,20.74,20.74,20.74,20.6,20.73,12455,2.57,106,6482.0,52.04,2026-08-31
HDFCMID150,EQ,31-Aug-2026,23.79,23.89,23.89,23.56,23.64,293227,69.37,1817,187112.0,63.81,2026-08-31
HDFCMOMENT,EQ,31-Aug-2026,31.71,31.67,31.67,31.3,31.33,196089,61.63,943,109525.0,55.85,2026-08-31
HDFCNEXT50,EQ,31-Aug-2026,75.73,75.59,75.72,74.56,75.02,158041,118.62,928,104323.0,66.01,2026-08-31
HDFCNIF100,EQ,31-Aug-2026,26.31,26.44,26.44,26.03,26.11,54567,14.24,396,46259.0,84.77,2026-08-31
HDFCNIFBAN,EQ,31-Aug-2026,59.28,59.28,59.35,59.0,59.15,33490,19.8,407,24362.0,72.74,2026-08-31
HDFCNIFIT,EQ,31-Aug-2026,33.25,33.32,33.6,32.74,32.97,201040,66.17,351,93383.0,46.45,2026-08-31
HDFCNIFTY,EQ,31-Aug-2026,272.45,271.08,272.45,270.77,271.86,290274,788.57,943,182625.0,62.91,2026-08-31
HDFCNIMEG,EQ,31-Aug-2026,134.3,134.24,134.24,131.98,132.29,23975,31.72,121,22017.0,91.83,2026-08-31
HDFCPSUBK,EQ,31-Aug-2026,86.7,86.5,86.6,85.68,86.14,17618,15.16,282,7939.0,45.06,2026-08-31
HDFCPVTBAN,EQ,31-Aug-2026,28.32,28.32,28.45,28.2,28.26,182077,51.5,421,114370.0,62.81,2026-08-31
HDFCQUAL,EQ,31-Aug-2026,59.26,58.97,59.25,58.87,59.05,16283,9.61,118,8664.0,53.21,2026-08-31
HDFCSENSEX,EQ,31-Aug-2026,87.54,87.3,87.96,87.07,87.29,55664,48.55,742,41153.0,73.93,2026-08-31
HDFCSILVER,EQ,31-Aug-2026,230.34,222.36,223.34,220.13,223.01,4903606,10878.57,18709,2076853.0,42.35,2026-08-31
HDFCSML250,EQ,31-Aug-2026,186.5,187.95,187.95,184.32,185.36,1468062,2719.65,13496,876416.0,59.7,2026-08-31
HDFCVALUE,EQ,31-Aug-2026,125.51,125.33,127.0,124.93,125.63,3551,4.44,93,1205.0,33.93,2026-08-31
HDIL,BZ,31-Aug-2026,1.5,1.51,1.52,1.47,1.49,82861,1.24,148,,,2026-08-31
HEADSUP,EQ,31-Aug-2026,6.99,6.99,6.99,6.82,6.87,3091,0.21,128,2587.0,83.69,2026-08-31
HEALTHADD,EQ,31-Aug-2026,16.91,16.96,16.96,16.82,16.9,21183,3.57,104,16560.0,78.18,2026-08-31
HEALTHAXIS,EQ,31-Aug-2026,170.79,174.21,174.21,169.0,169.68,4479,7.61,107,2083.0,46.51,2026-08-31
HEALTHCARE,EQ,31-Aug-2026,21.89,21.89,22.43,21.67,21.73,43575,9.48,249,39418.0,90.46,2026-08-31
HEALTHIETF,EQ,31-Aug-2026,172.18,172.19,173.03,169.63,171.07,110950,190.4,1752,57344.0,51.68,2026-08-31
HEALTHX,EQ,31-Aug-2026,300.05,300.0,305.0,293.05,301.4,2173,6.52,130,1770.0,81.45,2026-08-31
HEALTHY,EQ,31-Aug-2026,17.24,17.24,17.39,17.13,17.21,232876,40.05,1246,181530.0,77.95,2026-08-31
HECPROJECT,EQ,31-Aug-2026,118.06,114.01,123.1,114.01,119.57,9218,10.98,190,4560.0,49.47,2026-08-31
HEG,EQ,31-Aug-2026,737.35,734.0,741.8,721.0,728.8,889024,6473.09,20853,372524.0,41.9,2026-08-31
HEIDELBERG,EQ,31-Aug-2026,160.99,161.0,161.0,157.0,157.41,257731,408.89,4146,195691.0,75.93,2026-08-31
HEMIPROP,EQ,31-Aug-2026,129.98,129.5,129.79,128.25,128.72,184752,238.03,2194,97362.0,52.7,2026-08-31
HERANBA,EQ,31-Aug-2026,171.64,173.8,174.5,169.0,172.58,32428,55.82,934,19586.0,60.4,2026-08-31
HERITGFOOD,EQ,31-Aug-2026,370.55,368.75,374.3,360.1,361.3,295270,1079.16,8614,163571.0,55.4,2026-08-31
HEROMOTOCO,EQ,31-Aug-2026,5600.0,5614.0,5614.0,5450.0,5450.0,485204,26815.48,32295,329662.0,67.94,2026-08-31
HESTERBIO,EQ,31-Aug-2026,2302.3,2292.6,2292.7,2255.5,2258.9,1905,43.24,419,1186.0,62.26,2026-08-31
HEXAGON,BE,31-Aug-2026,68.37,68.9,69.5,66.8,67.4,171956,117.34,572,,,2026-08-31
HEXATRADEX,EQ,31-Aug-2026,160.09,160.09,160.9,158.3,160.49,428,0.69,21,383.0,89.49,2026-08-31
HEXT,EQ,31-Aug-2026,555.7,554.0,559.4,540.0,554.75,200168,1096.18,14688,93236.0,46.58,2026-08-31
HFCL,EQ,31-Aug-2026,251.47,254.2,256.7,247.5,249.09,16617911,41820.48,92771,6440272.0,38.76,2026-08-31
HGINFRA,EQ,31-Aug-2026,496.5,495.25,496.6,488.0,490.05,60402,296.19,2978,34431.0,57.0,2026-08-31
HGM,EQ,31-Aug-2026,46.74,47.95,47.95,45.0,45.1,3659,1.7,80,3207.0,87.65,2026-08-31
HGS,EQ,31-Aug-2026,402.55,396.6,407.9,396.0,400.55,18554,74.35,996,11826.0,63.74,2026-08-31
HIGREEN,SM,31-Aug-2026,127.0,131.0,131.0,126.5,127.45,4800,6.15,6,3200.0,66.67,2026-08-31
HIKAL,EQ,31-Aug-2026,204.23,204.39,205.47,195.0,201.41,320355,641.85,6965,143792.0,44.89,2026-08-31
HILINFRA,EQ,31-Aug-2026,45.52,45.9,46.19,44.22,44.53,60409,27.19,1091,32452.0,53.72,2026-08-31
HILTON,EQ,31-Aug-2026,19.37,19.37,20.15,19.02,19.33,64609,12.52,291,43028.0,66.6,2026-08-31
HIMATSEIDE,EQ,31-Aug-2026,71.31,71.01,71.2,68.9,69.5,692262,482.12,5157,422832.0,61.08,2026-08-31
HINDADH,EQ,31-Aug-2026,349.05,348.45,353.8,347.0,347.8,1233,4.29,54,848.0,68.78,2026-08-31
HINDALCO,EQ,31-Aug-2026,1037.4,1029.9,1029.9,1005.4,1015.45,5759006,58533.71,97885,3437363.0,59.69,2026-08-31
HINDALUMI,EQ,31-Aug-2026,99.76,96.25,100.75,96.25,97.39,14308,14.05,136,12412.0,86.75,2026-08-31
HINDCOMPOS,EQ,31-Aug-2026,408.35,408.35,412.65,403.7,407.5,1966,7.99,97,1306.0,66.43,2026-08-31
HINDCON,EQ,31-Aug-2026,22.89,23.0,24.58,22.36,23.57,70524,16.38,418,30270.0,42.92,2026-08-31
HINDCOPPER,EQ,31-Aug-2026,533.55,528.0,529.5,520.1,525.35,8811548,46277.98,98114,3675037.0,41.71,2026-08-31
HINDOILEXP,EQ,31-Aug-2026,162.66,163.0,165.9,161.5,162.06,202887,330.57,2773,90873.0,44.79,2026-08-31
HINDPETRO,EQ,31-Aug-2026,364.0,362.0,365.75,355.4,365.75,7728957,27782.91,58984,4915650.0,63.6,2026-08-31
HINDUNILVR,EQ,31-Aug-2026,2010.4,2001.1,2008.6,1967.4,1967.4,1800025,35661.19,57653,1377085.0,76.5,2026-08-31
HINDWAREAP,EQ,31-Aug-2026,191.61,190.5,191.1,185.42,186.98,106120,199.33,2896,65108.0,61.35,2026-08-31
HINDZINC,EQ,31-Aug-2026,622.0,602.9,602.9,592.0,595.45,8585078,51209.46,87874,3191870.0,37.18,2026-08-31
HIRECT,EQ,31-Aug-2026,1237.8,1231.6,1237.5,1210.1,1221.9,32439,396.82,2597,17367.0,53.54,2026-08-31
HISARMETAL,EQ,31-Aug-2026,155.96,156.25,160.99,156.25,157.34,4308,6.81,99,3578.0,83.05,2026-08-31
HITECH,EQ,31-Aug-2026,82.05,82.13,82.22,78.46,78.95,781287,620.34,6097,489398.0,62.64,2026-08-31
HITECHCORP,BE,31-Aug-2026,333.0,330.3,337.0,330.0,334.6,11521,38.42,81,,,2026-08-31
HITECHGEAR,BE,31-Aug-2026,578.35,585.0,590.5,552.1,563.6,2758,15.7,77,,,2026-08-31
HLEGLAS,EQ,31-Aug-2026,313.3,313.3,316.0,310.5,314.6,70780,221.33,1515,39312.0,55.54,2026-08-31
HLVLTD,EQ,31-Aug-2026,6.53,6.59,6.6,6.48,6.5,126898,8.31,396,77227.0,60.86,2026-08-31
HMAAGRO,EQ,31-Aug-2026,20.97,20.75,21.65,20.73,20.98,4079732,859.13,6444,2166835.0,53.11,2026-08-31
HMT,BZ,31-Aug-2026,61.82,62.49,62.49,58.9,61.21,16295,9.92,186,,,2026-08-31
HMVL,BE,31-Aug-2026,88.69,85.6,89.0,85.52,88.03,2383,2.07,60,,,2026-08-31
HNDFDS,EQ,31-Aug-2026,634.45,638.85,663.0,634.45,658.2,148418,968.47,9758,75727.0,51.02,2026-08-31
HNGSNGBEES,EQ,31-Aug-2026,473.21,473.21,474.0,468.31,470.43,85512,401.76,4866,58709.0,68.66,2026-08-31
HOACFOODS,ST,31-Aug-2026,845.0,845.0,880.0,820.0,870.9,3750,32.18,10,3750.0,100.0,2026-08-31
HOLMARC,SM,31-Aug-2026,97.2,97.2,102.05,97.2,102.05,6750,6.84,7,6750.0,100.0,2026-08-31
HOMEFIRST,EQ,31-Aug-2026,1198.3,1189.8,1193.9,1158.5,1164.7,220000,2598.03,11630,158704.0,72.14,2026-08-31
HOMESFY,SM,31-Aug-2026,111.3,111.3,111.3,111.3,111.3,600,0.67,2,600.0,100.0,2026-08-31
HONASA,EQ,31-Aug-2026,470.65,468.0,488.95,466.25,480.9,1503528,7232.36,33680,627664.0,41.75,2026-08-31
HONAUT,EQ,31-Aug-2026,36635.0,36750.0,36970.0,35045.0,35530.0,12171,4363.28,6861,6464.0,53.11,2026-08-31
HONDAPOWER,EQ,31-Aug-2026,2058.6,2057.4,2066.8,2010.0,2018.0,2579,52.37,614,1497.0,58.05,2026-08-31
HORIZONIND,EQ,31-Aug-2026,58.05,55.55,58.05,55.0,56.89,7670563,4294.32,20863,4119933.0,53.71,2026-08-31
HPAL,EQ,31-Aug-2026,34.86,34.69,35.43,34.07,35.0,47825,16.52,858,26236.0,54.86,2026-08-31
HPIL,EQ,31-Aug-2026,125.08,123.2,124.0,122.1,122.35,824,1.01,38,689.0,83.62,2026-08-31
HPL,EQ,31-Aug-2026,308.8,309.5,309.9,300.0,303.1,73480,222.86,2852,41587.0,56.6,2026-08-31
HPTL,SM,31-Aug-2026,315.0,330.0,330.75,330.0,330.35,1800,5.94,3,1800.0,100.0,2026-08-31
HRHNEXT,SM,31-Aug-2026,25.95,24.7,24.7,24.7,24.7,9000,2.22,6,9000.0,100.0,2026-08-31
HRYNSHP,EQ,31-Aug-2026,99.9,102.99,102.99,99.9,102.67,830,0.85,33,460.0,55.42,2026-08-31
HSBCGOLD,EQ,31-Aug-2026,137.1,136.42,136.88,132.73,133.84,116741,156.08,88,116152.0,99.5,2026-08-31
HSCL,EQ,31-Aug-2026,672.95,673.0,674.8,654.4,659.2,4860217,32279.26,58239,2136153.0,43.95,2026-08-31
HTMEDIA,EQ,31-Aug-2026,26.78,26.8,26.99,26.1,26.35,70171,18.52,421,39088.0,55.7,2026-08-31
HUBTOWN,EQ,31-Aug-2026,186.09,185.67,185.99,181.5,182.3,180263,329.74,3291,113950.0,63.21,2026-08-31
HUDCO,EQ,31-Aug-2026,183.23,182.5,189.58,177.32,182.05,4500235,8154.98,28716,2087375.0,46.38,2026-08-31
HUHTAMAKI,EQ,31-Aug-2026,262.9,263.0,266.7,258.35,262.9,136898,359.44,3218,65688.0,47.98,2026-08-31
HVAX,SM,31-Aug-2026,660.0,630.0,660.0,630.0,660.0,600,3.87,4,450.0,75.0,2026-08-31
HYBRIDETF,EQ,31-Aug-2026,10.19,10.29,10.29,10.08,10.11,23784,2.41,95,20856.0,87.69,2026-08-31
HYBRIDFIN,BE,31-Aug-2026,17.35,17.27,17.27,16.91,17.25,2454,0.42,17,,,2026-08-31
HYUNDAI,EQ,31-Aug-2026,2267.0,2258.1,2280.0,2205.0,2205.0,619880,13969.23,31390,342605.0,55.27,2026-08-31
IBLFL,SM,31-Aug-2026,61.0,61.0,61.0,61.0,61.0,2000,1.22,1,2000.0,100.0,2026-08-31
IBULLSLTD,EQ,31-Aug-2026,26.31,26.4,26.6,25.81,26.25,5301576,1389.36,9512,2904805.0,54.79,2026-08-31
ICDSLTD,EQ,31-Aug-2026,41.44,41.02,41.75,41.02,41.02,548,0.22,10,548.0,100.0,2026-08-31
ICELCO,SM,31-Aug-2026,128.0,128.0,128.8,122.0,122.95,80400,99.55,58,57600.0,71.64,2026-08-31
ICEMAKE,EQ,31-Aug-2026,742.55,742.0,756.95,730.0,749.3,23389,174.12,1794,13918.0,59.51,2026-08-31
ICICIAMC,EQ,31-Aug-2026,3139.6,3139.6,3139.6,3059.0,3065.1,688005,21126.31,56542,429991.0,62.5,2026-08-31
ICICIB22,EQ,31-Aug-2026,114.41,112.77,115.4,112.6,113.78,244027,277.42,4298,150305.0,61.59,2026-08-31
ICICIBANK,EQ,31-Aug-2026,1422.8,1422.8,1454.0,1419.0,1454.0,15331697,220140.09,184414,11993976.0,78.23,2026-08-31
ICICIGI,EQ,31-Aug-2026,1562.0,1567.1,1567.6,1540.0,1566.9,1409815,21901.53,31209,1047084.0,74.27,2026-08-31
ICICIPRULI,EQ,31-Aug-2026,506.0,506.0,517.05,498.0,517.05,3462285,17646.52,20383,2700326.0,77.99,2026-08-31
ICIL,EQ,31-Aug-2026,434.95,437.0,474.65,425.15,469.45,2744850,12530.16,57942,1068686.0,38.93,2026-08-31
ICRA,EQ,31-Aug-2026,4912.8,4912.8,5000.0,4850.1,4916.4,124239,6106.72,14308,76987.0,61.97,2026-08-31
IDBI,EQ,31-Aug-2026,92.66,93.0,93.33,90.63,90.88,6742579,6178.61,28213,2486419.0,36.88,2026-08-31
IDEA,EQ,31-Aug-2026,14.68,14.78,14.92,14.33,14.33,419238465,61585.55,428456,147605849.0,35.21,2026-08-31
IDEAFORGE,EQ,31-Aug-2026,807.65,815.4,817.9,785.6,795.25,225516,1795.03,13571,107096.0,47.49,2026-08-31
IDENTICAL,SM,31-Aug-2026,18.95,18.9,18.9,17.5,17.5,6000,1.08,3,6000.0,100.0,2026-08-31
IDFCFIRSTB,EQ,31-Aug-2026,83.12,83.0,85.97,82.5,85.97,19780056,16642.75,50574,13379674.0,67.64,2026-08-31
IDFNIFTYET,EQ,31-Aug-2026,264.35,266.0,267.97,265.06,266.34,2515,6.7,76,1174.0,46.68,2026-08-31
IEML,SM,31-Aug-2026,43.6,43.7,43.7,42.7,42.7,11500,4.96,14,10000.0,86.96,2026-08-31
IEX,EQ,31-Aug-2026,121.8,121.8,121.82,119.61,120.5,3053129,3672.59,32304,1610305.0,52.74,2026-08-31
IFBAGRO,EQ,31-Aug-2026,919.8,890.0,916.7,890.0,899.2,5786,52.24,540,4456.0,77.01,2026-08-31
IFBIND,EQ,31-Aug-2026,1336.8,1331.1,1350.9,1321.1,1331.4,23664,315.51,3109,10455.0,44.18,2026-08-31
IFCI,EQ,31-Aug-2026,89.96,90.2,92.14,88.11,89.7,50607497,45552.67,126691,12306056.0,24.32,2026-08-31
IFGLEXPOR,EQ,31-Aug-2026,215.47,213.45,216.8,207.1,210.37,13790,29.26,670,7516.0,54.5,2026-08-31
IGARASHI,EQ,31-Aug-2026,427.1,429.0,432.15,416.0,419.95,29408,123.98,1443,15203.0,51.7,2026-08-31
IGCL,EQ,31-Aug-2026,71.84,71.07,72.18,71.0,71.7,77009,55.2,758,30971.0,40.22,2026-08-31
IGIL,EQ,31-Aug-2026,338.95,339.95,347.4,333.05,340.95,386651,1309.45,17652,206291.0,53.35,2026-08-31
IGL,EQ,31-Aug-2026,147.61,149.99,152.39,149.24,150.49,5205064,7852.71,59431,1233209.0,23.69,2026-08-31
IGPL,EQ,31-Aug-2026,532.4,531.0,544.9,523.9,534.8,131004,702.28,8243,53451.0,40.8,2026-08-31
IIFL,EQ,31-Aug-2026,659.25,654.95,656.9,639.0,646.75,1485055,9616.53,32983,802212.0,54.02,2026-08-31
IIFLCAPS,EQ,31-Aug-2026,333.2,333.7,337.95,333.7,336.95,428778,1441.38,11200,312210.0,72.81,2026-08-31
IITL,EQ,31-Aug-2026,156.53,156.5,160.01,152.79,157.7,103135,160.15,971,10731.0,10.4,2026-08-31
IKIO,EQ,31-Aug-2026,213.72,213.72,223.39,210.13,215.48,1279645,2780.55,20721,229712.0,17.95,2026-08-31
IKS,EQ,31-Aug-2026,1762.0,1755.1,1779.3,1715.5,1734.3,285121,4958.96,27028,167790.0,58.85,2026-08-31
IL&FSENGG,BZ,31-Aug-2026,35.41,35.41,36.18,35.01,35.56,32215,11.36,45,,,2026-08-31
IL&FSTRANS,BZ,31-Aug-2026,2.2,2.2,2.31,2.2,2.22,53714,1.22,87,,,2026-08-31
IMAGICAA,EQ,31-Aug-2026,58.07,58.2,58.32,55.34,56.29,1274443,721.57,7230,498009.0,39.08,2026-08-31
IMFA,EQ,31-Aug-2026,1370.7,1362.0,1366.5,1312.3,1317.6,138576,1844.95,10525,85854.0,61.95,2026-08-31
IMPAL,EQ,31-Aug-2026,1097.5,1062.0,1103.8,1062.0,1072.6,1377,14.86,218,793.0,57.59,2026-08-31
IMPEXFERRO,BZ,31-Aug-2026,4.3,4.38,4.38,4.38,4.38,26316,1.15,12,,,2026-08-31
INA,EQ,31-Aug-2026,92.58,92.58,93.2,90.7,91.58,293357,269.79,3714,148193.0,50.52,2026-08-31
INCREDIBLE,EQ,31-Aug-2026,32.19,32.2,33.47,31.5,32.04,11733,3.8,170,7009.0,59.74,2026-08-31
INDBANK,EQ,31-Aug-2026,31.45,31.9,31.9,31.4,31.64,11287,3.57,220,8328.0,73.78,2026-08-31
INDGN,EQ,31-Aug-2026,578.95,582.1,615.5,579.85,611.65,3972278,23965.95,97374,1720403.0,43.31,2026-08-31
INDHOTEL,EQ,31-Aug-2026,706.4,702.0,737.9,701.55,737.9,5220998,37711.83,84222,3487753.0,66.8,2026-08-31
INDIACEM,EQ,31-Aug-2026,369.75,368.0,379.5,366.05,370.65,424393,1585.01,16449,119416.0,28.14,2026-08-31
INDIAGLYCO,EQ,31-Aug-2026,1178.3,1180.0,1184.2,1141.1,1147.3,513156,5918.97,37092,315615.0,61.5,2026-08-31
INDIAMART,EQ,31-Aug-2026,1756.9,1754.0,1775.0,1737.1,1755.4,79285,1394.48,10825,47693.0,60.15,2026-08-31
INDIANB,EQ,31-Aug-2026,882.4,878.0,898.75,864.8,898.75,1651759,14584.71,23258,1055795.0,63.92,2026-08-31
INDIANCARD,EQ,31-Aug-2026,210.29,211.0,214.28,206.07,208.68,1010,2.13,33,826.0,81.78,2026-08-31
INDIANHUME,EQ,31-Aug-2026,386.55,384.0,386.4,378.0,380.9,14633,55.97,1033,8503.0,58.11,2026-08-31
INDIASHLTR,EQ,31-Aug-2026,649.85,649.0,652.45,644.7,650.0,94560,613.02,7691,63911.0,67.59,2026-08-31
INDIFRA,SM,31-Aug-2026,11.95,12.5,12.5,12.25,12.25,4000,0.5,2,4000.0,100.0,2026-08-31
INDIGO,EQ,31-Aug-2026,5166.0,5130.0,5234.0,5056.5,5234.0,559798,28727.31,38833,350654.0,62.64,2026-08-31
INDIGOPNTS,EQ,31-Aug-2026,1151.8,1145.2,1161.5,1138.3,1152.9,43048,496.2,7589,23793.0,55.27,2026-08-31
INDIGRID,IV,31-Aug-2026,174.19,175.0,176.9,173.75,175.6,715253,1250.57,12145,550999.0,77.04,2026-08-31
INDIQUBE,EQ,31-Aug-2026,192.36,192.1,194.5,187.0,191.8,34262,65.94,878,22160.0,64.68,2026-08-31
INDNIPPON,EQ,31-Aug-2026,1061.6,1059.0,1067.6,1034.1,1050.6,14139,148.35,1716,7769.0,54.95,2026-08-31
INDOAMIN,BE,31-Aug-2026,120.59,122.5,123.3,119.15,120.44,34995,42.38,308,,,2026-08-31
INDOBORAX,EQ,31-Aug-2026,495.1,499.95,518.0,487.05,508.45,263866,1338.45,11147,115141.0,43.64,2026-08-31
INDOCO,EQ,31-Aug-2026,248.8,248.8,251.4,240.8,243.34,146872,360.41,3740,74356.0,50.63,2026-08-31
INDOFARM,EQ,31-Aug-2026,138.85,138.84,138.99,136.01,136.65,84186,115.57,1555,51852.0,61.59,2026-08-31
INDOKEM,EQ,31-Aug-2026,617.85,639.0,639.0,592.35,606.1,1374,8.41,144,1196.0,87.05,2026-08-31
INDOMIM,EQ,31-Aug-2026,868.05,868.05,883.0,854.75,875.45,1025680,8933.36,30427,360765.0,35.17,2026-08-31
INDORAMA,EQ,31-Aug-2026,63.65,65.85,69.0,63.17,65.92,1880656,1251.22,15855,440253.0,23.41,2026-08-31
INDOSTAR,EQ,31-Aug-2026,258.85,258.8,259.0,243.85,249.3,874311,2182.21,8080,597389.0,68.33,2026-08-31
INDOTECH,EQ,31-Aug-2026,3757.1,3777.8,3777.8,3650.0,3703.3,11815,439.15,2078,7227.0,61.17,2026-08-31
INDOTHAI,EQ,31-Aug-2026,46.18,43.88,43.88,43.88,43.88,132627,58.2,794,131791.0,99.37,2026-08-31
INDOUS,EQ,31-Aug-2026,80.91,83.29,83.29,78.35,79.47,2907,2.32,168,2604.0,89.58,2026-08-31
INDOWIND,EQ,31-Aug-2026,9.16,9.15,9.39,9.15,9.24,86864,8.04,359,70418.0,81.07,2026-08-31
INDPRUD,EQ,31-Aug-2026,6302.5,6302.0,6397.0,6215.5,6392.0,54,3.43,19,47.0,87.04,2026-08-31
INDRAMEDCO,EQ,31-Aug-2026,368.05,366.2,368.65,362.0,363.05,166493,607.54,4947,104127.0,62.54,2026-08-31
INDSWFTLAB,EQ,31-Aug-2026,362.92,363.46,372.46,355.55,364.87,667877,2440.76,15973,226365.0,33.89,2026-08-31
INDTERRAIN,EQ,31-Aug-2026,30.02,30.49,30.5,30.0,30.11,21689,6.53,232,20104.0,92.69,2026-08-31
INDUSINDBK,EQ,31-Aug-2026,994.0,992.0,1016.6,980.3,1016.6,1476566,14747.08,28351,827748.0,56.06,2026-08-31
INDUSINVIT,IV,31-Aug-2026,133.9,134.45,134.45,132.62,133.47,158770,212.1,4052,142377.0,89.68,2026-08-31
INDUSTOWER,EQ,31-Aug-2026,380.0,380.0,388.8,379.0,388.8,5410734,20755.7,47754,3130873.0,57.86,2026-08-31
INFINIUM,SM,31-Aug-2026,271.2,271.0,275.0,263.0,263.0,5000,13.6,10,5000.0,100.0,2026-08-31
INFLUX,SM,31-Aug-2026,302.75,303.0,303.0,291.8,293.35,52200,153.94,61,39600.0,75.86,2026-08-31
INFOBEAN,EQ,31-Aug-2026,165.67,176.39,176.39,158.0,161.47,1937855,3240.96,21104,436175.0,22.51,2026-08-31
INFOLLION,SM,31-Aug-2026,156.0,156.0,157.0,156.0,157.0,1200,1.88,3,1200.0,100.0,2026-08-31
INFOMEDIA,EQ,31-Aug-2026,5.33,5.19,5.46,5.12,5.21,2914,0.15,57,2237.0,76.77,2026-08-31
INFRA,EQ,31-Aug-2026,12.13,12.67,12.67,12.0,12.03,70547,8.48,236,51763.0,73.37,2026-08-31
INFRABEES,EQ,31-Aug-2026,955.87,960.65,960.65,947.71,953.22,7194,68.48,834,4011.0,55.75,2026-08-31
INFRAIETF,EQ,31-Aug-2026,94.79,92.89,94.91,92.89,94.6,13176892,12452.8,2855,13080128.0,99.27,2026-08-31
INFY,EQ,31-Aug-2026,1144.0,1138.6,1143.9,1111.1,1133.8,8808120,99093.13,118949,5822176.0,66.1,2026-08-31
INGERRAND,EQ,31-Aug-2026,4860.2,4871.1,4934.9,4787.3,4848.5,54154,2627.96,11949,29488.0,54.45,2026-08-31
INNOMET,ST,31-Aug-2026,255.95,261.0,261.05,261.0,261.05,18000,46.99,15,18000.0,100.0,2026-08-31
INNOVACAP,EQ,31-Aug-2026,1055.1,1057.0,1100.0,1057.0,1078.1,105170,1139.95,13749,52236.0,49.67,2026-08-31
INNOVANA,EQ,31-Aug-2026,306.75,320.0,320.0,302.1,304.35,2326,7.14,143,1492.0,64.14,2026-08-31
INNOVISION,EQ,31-Aug-2026,247.25,296.7,296.7,257.0,274.25,344387,975.08,8779,113506.0,32.96,2026-08-31
INOXGREEN,EQ,31-Aug-2026,174.26,174.0,174.0,164.76,166.87,819416,1387.59,7830,452492.0,55.22,2026-08-31
INOXINDIA,EQ,31-Aug-2026,2126.2,2139.1,2165.2,2082.0,2134.2,325080,6923.17,32483,118387.0,36.42,2026-08-31
INOXWIND,EQ,31-Aug-2026,71.79,71.7,71.7,69.6,70.37,12489778,8752.96,52954,5137906.0,41.14,2026-08-31
INSECTICID,EQ,31-Aug-2026,598.5,600.0,615.0,589.05,610.85,53856,326.22,3505,25787.0,47.88,2026-08-31
INSPIRISYS,EQ,31-Aug-2026,92.77,95.98,95.98,88.14,89.04,8761,7.86,253,6811.0,77.74,2026-08-31
INSUREIETF,EQ,31-Aug-2026,15.35,15.32,15.35,15.22,15.3,708490,108.56,192,649488.0,91.67,2026-08-31
INTEGRITY,ST,31-Aug-2026,167.7,172.0,175.0,172.0,175.0,3600,6.26,3,3600.0,100.0,2026-08-31
INTELLECT,EQ,31-Aug-2026,679.7,684.65,687.45,673.55,680.95,352523,2394.18,19714,185727.0,52.69,2026-08-31
INTENTECH,EQ,31-Aug-2026,83.62,84.85,84.85,78.11,81.88,16191,13.1,450,9407.0,58.1,2026-08-31
INTERARCH,EQ,31-Aug-2026,1701.4,1709.9,1720.0,1691.0,1704.5,60639,1034.16,5749,32933.0,54.31,2026-08-31
INTERNET,EQ,31-Aug-2026,14.66,14.66,14.73,14.54,14.63,236363,34.62,265,134111.0,56.74,2026-08-31
INTLCONV,EQ,31-Aug-2026,80.31,80.31,81.9,78.4,79.48,109955,87.41,1968,93644.0,85.17,2026-08-31
INVENTURE,EQ,31-Aug-2026,0.96,0.97,0.97,0.95,0.95,525311,5.01,358,297213.0,56.58,2026-08-31
INVICTA,SM,31-Aug-2026,70.0,68.1,72.5,68.1,68.55,11200,7.79,7,8000.0,71.43,2026-08-31
INVPRECQ,BE,31-Aug-2026,1290.0,1287.0,1288.0,1281.0,1285.0,2949,37.94,52,,,2026-08-31
IOB,EQ,31-Aug-2026,32.81,32.78,32.78,32.4,32.47,2323365,754.72,10676,1340807.0,57.71,2026-08-31
IOC,EQ,31-Aug-2026,137.1,136.11,139.13,134.32,139.13,14038943,19179.56,67527,8912300.0,63.48,2026-08-31
IOLCP,EQ,31-Aug-2026,194.95,194.91,197.99,191.16,193.69,2853525,5537.06,29514,1004592.0,35.21,2026-08-31
IONEXCHANG,EQ,31-Aug-2026,371.45,371.15,371.4,362.75,363.85,120992,442.42,6163,60697.0,50.17,2026-08-31
IPCALAB,EQ,31-Aug-2026,1950.3,1962.2,1987.5,1943.6,1974.9,357067,7047.86,21498,236474.0,66.23,2026-08-31
IPHL,SM,31-Aug-2026,76.9,76.9,79.75,72.35,74.35,18000,13.46,15,10800.0,60.0,2026-08-31
IPL,EQ,31-Aug-2026,139.0,138.79,138.79,136.22,136.86,76444,104.71,1716,43381.0,56.75,2026-08-31
IPRINGLTD,EQ,31-Aug-2026,145.0,145.72,159.01,141.0,156.78,16074,23.8,170,15505.0,96.46,2026-08-31
IRB,EQ,31-Aug-2026,19.07,19.0,19.79,18.83,19.36,39531560,7666.85,57256,15159891.0,38.35,2026-08-31
IRBINVIT,IV,31-Aug-2026,64.19,64.6,65.0,63.91,64.85,1160671,750.38,6950,1061657.0,91.47,2026-08-31
IRCON,EQ,31-Aug-2026,122.4,122.21,122.35,118.9,119.37,1491825,1794.46,23840,846537.0,56.75,2026-08-31
IRCTC,EQ,31-Aug-2026,485.65,484.6,485.4,481.0,481.25,596415,2873.89,23525,366523.0,61.45,2026-08-31
IREDA,EQ,31-Aug-2026,117.02,116.83,116.83,114.55,116.5,3402439,3920.32,23532,1222651.0,35.93,2026-08-31
IRFC,EQ,31-Aug-2026,83.9,83.9,84.15,82.9,83.34,8457431,7044.6,56051,3921806.0,46.37,2026-08-31
IRIS,EQ,31-Aug-2026,250.72,250.8,253.11,245.0,248.97,44482,110.59,1142,29480.0,66.27,2026-08-31
IRISDOREME,EQ,31-Aug-2026,58.7,58.83,59.19,57.75,58.48,378733,221.51,3045,146964.0,38.8,2026-08-31
IRMENERGY,EQ,31-Aug-2026,283.35,283.35,294.35,278.6,284.8,114488,327.02,3890,44386.0,38.77,2026-08-31
ISFT,EQ,31-Aug-2026,94.11,94.0,97.44,93.05,94.39,124345,118.23,791,16388.0,13.18,2026-08-31
ISGEC,EQ,31-Aug-2026,789.05,796.0,799.0,773.1,790.65,69348,545.2,5361,32408.0,46.73,2026-08-31
ISHAN,SM,31-Aug-2026,0.55,0.6,0.6,0.5,0.5,1056000,5.78,19,384000.0,36.36,2026-08-31
ISHANCH,EQ,31-Aug-2026,44.82,45.18,45.9,42.71,43.62,60302,26.39,757,41950.0,69.57,2026-08-31
ISTLTD,EQ,31-Aug-2026,676.4,676.4,676.4,632.6,645.55,1071,6.91,149,790.0,73.76,2026-08-31
IT,EQ,31-Aug-2026,34.63,34.89,34.95,34.04,34.32,174288,59.67,1054,114578.0,65.74,2026-08-31
ITADD,EQ,31-Aug-2026,33.01,33.01,33.01,32.53,32.6,21039,6.87,82,14644.0,69.6,2026-08-31
ITALIANE,SM,31-Aug-2026,34.85,33.8,35.7,33.8,34.1,14000,4.83,7,10000.0,71.43,2026-08-31
ITAXIS,EQ,31-Aug-2026,343.84,347.27,347.27,338.15,342.83,1689,5.75,88,560.0,33.16,2026-08-31
ITBEES,EQ,31-Aug-2026,34.7,34.85,34.85,34.06,34.32,8469973,2900.3,17435,4694890.0,55.43,2026-08-31
ITBETA,EQ,31-Aug-2026,328.0,328.0,328.0,323.0,325.87,405,1.31,33,185.0,45.68,2026-08-31
ITC,EQ,31-Aug-2026,266.0,266.0,266.55,255.5,255.5,24575845,64463.61,203971,18829561.0,76.62,2026-08-31
ITCHOTELS,EQ,31-Aug-2026,162.73,162.73,163.18,158.71,160.09,2138675,3443.65,27908,1297153.0,60.65,2026-08-31
ITDC,EQ,31-Aug-2026,662.15,663.75,663.75,637.55,640.2,92714,598.7,7249,38181.0,41.18,2026-08-31
ITETF,EQ,31-Aug-2026,33.08,33.74,33.74,32.46,32.74,174913,57.18,840,61551.0,35.19,2026-08-31
ITI,EQ,31-Aug-2026,275.5,274.0,275.3,270.15,270.95,143544,390.23,4639,54680.0,38.09,2026-08-31
ITIETF,EQ,31-Aug-2026,34.65,34.66,34.89,34.11,34.31,884965,303.39,1739,543395.0,61.4,2026-08-31
ITL,EQ,31-Aug-2026,368.4,376.0,376.0,351.1,372.6,2353,8.72,103,1688.0,71.74,2026-08-31
IVALUE,EQ,31-Aug-2026,264.65,264.95,267.4,245.2,247.7,240038,606.63,5941,135879.0,56.61,2026-08-31
IVC,EQ,31-Aug-2026,8.49,8.6,9.14,8.5,9.05,1801813,159.89,2647,1537469.0,85.33,2026-08-31
IVP,BE,31-Aug-2026,191.37,191.25,200.93,191.25,200.93,55043,109.0,416,,,2026-08-31
IVZBANKNF,EQ,31-Aug-2026,57.35,57.28,57.45,57.05,57.28,2056,1.18,13,2029.0,98.69,2026-08-31
IVZINGOLD,EQ,31-Aug-2026,138.1,135.5,135.5,132.55,133.9,69973,93.6,544,60286.0,86.16,2026-08-31
IVZINNIFTY,EQ,31-Aug-2026,276.86,276.49,276.85,275.5,275.5,777,2.14,31,675.0,86.87,2026-08-31
IVZSENSEX,EQ,31-Aug-2026,79.2,78.4,78.4,75.53,75.96,7330,5.6,84,5152.0,70.29,2026-08-31
IWARE,ST,31-Aug-2026,430.55,418.55,431.0,414.35,429.1,10800,45.74,16,9000.0,83.33,2026-08-31
IWP,EQ,31-Aug-2026,34.03,36.0,36.0,33.51,34.89,1015,0.35,31,897.0,88.37,2026-08-31
IXIGO,EQ,31-Aug-2026,163.36,162.9,164.43,159.31,163.02,979684,1589.58,16751,548750.0,56.01,2026-08-31
IZMO,EQ,31-Aug-2026,848.45,848.45,848.45,830.0,833.0,46858,392.08,4002,22939.0,48.95,2026-08-31
J&KBANK,EQ,31-Aug-2026,150.01,149.0,149.85,146.25,147.68,2266184,3352.2,31568,1326698.0,58.54,2026-08-31
JAGRAN,EQ,31-Aug-2026,61.3,61.73,61.8,60.9,61.08,280785,171.79,31535,184247.0,65.62,2026-08-31
JAGSNPHARM,EQ,31-Aug-2026,239.06,239.9,247.9,235.86,240.84,235599,570.72,7039,107060.0,45.44,2026-08-31
JAIBALAJI,EQ,31-Aug-2026,69.23,71.4,72.69,68.75,72.16,4088355,2953.0,9301,2899963.0,70.93,2026-08-31
JAICORPLTD,EQ,31-Aug-2026,100.32,100.32,100.32,97.47,98.62,307790,303.0,4006,148521.0,48.25,2026-08-31
JAINREC,EQ,31-Aug-2026,287.95,287.95,288.8,275.95,276.8,1224859,3423.22,27827,536153.0,43.77,2026-08-31
JAIPURKURT,EQ,31-Aug-2026,26.78,26.99,26.99,26.0,26.1,12639,3.3,87,12372.0,97.89,2026-08-31
JAMNAAUTO,EQ,31-Aug-2026,120.8,120.5,121.98,119.6,121.4,1049835,1268.16,13803,564832.0,53.8,2026-08-31
JARO,EQ,31-Aug-2026,470.05,472.35,472.9,458.5,459.55,124160,572.35,2336,43661.0,35.17,2026-08-31
JASH,EQ,31-Aug-2026,478.3,473.4,476.45,464.0,465.55,114015,534.87,5992,66796.0,58.59,2026-08-31
JAYAGROGN,EQ,31-Aug-2026,223.14,220.5,235.0,220.02,232.93,18470,42.24,590,13634.0,73.82,2026-08-31
JAYBARMARU,EQ,31-Aug-2026,128.35,127.0,127.65,123.3,124.85,225464,281.69,2688,125315.0,55.58,2026-08-31
JAYBEE,SM,31-Aug-2026,85.45,85.95,90.0,85.95,88.45,36000,31.6,58,28000.0,77.78,2026-08-31
JAYESH,SM,31-Aug-2026,142.35,144.0,144.0,134.5,135.0,12000,16.65,12,9000.0,75.0,2026-08-31
JAYKAY,EQ,31-Aug-2026,154.11,153.53,154.7,148.05,149.57,266234,399.1,4409,114952.0,43.18,2026-08-31
JAYNECOIND,EQ,31-Aug-2026,99.1,98.8,99.12,96.42,98.41,2575057,2515.51,18110,1138019.0,44.19,2026-08-31
JAYSREETEA,EQ,31-Aug-2026,98.84,99.01,99.99,95.05,96.29,132744,128.52,1643,79143.0,59.62,2026-08-31
JBMA,EQ,31-Aug-2026,641.55,639.95,639.95,620.0,624.1,323494,2023.38,15811,151887.0,46.95,2026-08-31
JENBURPH,EQ,31-Aug-2026,1048.0,1053.2,1064.0,1026.1,1051.2,676,7.09,34,542.0,80.18,2026-08-31
JETFREIGHT,EQ,31-Aug-2026,22.39,22.31,22.78,21.86,21.94,156445,34.64,1587,68618.0,43.86,2026-08-31
JEYYAM,ST,31-Aug-2026,22.8,22.7,23.6,22.7,23.25,18000,4.17,9,12000.0,66.67,2026-08-31
JFLLIFE,SM,31-Aug-2026,10.75,10.65,10.65,10.65,10.65,6000,0.64,1,6000.0,100.0,2026-08-31
JGCHEM,EQ,31-Aug-2026,651.3,651.3,664.8,630.0,633.3,550496,3555.05,18004,189620.0,34.45,2026-08-31
JHS,EQ,31-Aug-2026,8.29,8.29,8.5,8.0,8.06,81083,6.59,511,63261.0,78.02,2026-08-31
JINDALPHOT,EQ,31-Aug-2026,1026.6,1026.6,1049.2,1015.0,1017.1,856,8.79,136,674.0,78.74,2026-08-31
JINDALPOLY,EQ,31-Aug-2026,635.85,642.85,645.45,629.0,631.35,8853,56.12,746,4264.0,48.16,2026-08-31
JINDALSAW,EQ,31-Aug-2026,308.6,311.0,314.8,301.25,309.65,2370636,7311.58,34291,875901.0,36.95,2026-08-31
JINDALSTEL,EQ,31-Aug-2026,1179.2,1174.1,1192.9,1150.9,1192.9,781759,9167.49,20120,440850.0,56.39,2026-08-31
JINDRILL,EQ,31-Aug-2026,628.2,630.0,637.85,616.0,620.4,139375,873.35,6796,36099.0,25.9,2026-08-31
JINDWORLD,EQ,31-Aug-2026,37.86,38.3,39.64,38.1,38.31,6010851,2337.87,16251,1265059.0,21.05,2026-08-31
JIOFIN,EQ,31-Aug-2026,238.4,238.0,241.35,235.5,241.35,22007832,52719.43,80053,15333777.0,69.67,2026-08-31
JISLDVREQS,EQ,31-Aug-2026,21.22,21.22,21.22,20.51,20.54,7696,1.59,85,6611.0,85.9,2026-08-31
JISLJALEQS,EQ,31-Aug-2026,28.7,28.5,28.59,28.02,28.28,1284920,363.77,4039,559156.0,43.52,2026-08-31
JITFINFRA,EQ,31-Aug-2026,318.1,310.5,316.95,306.15,311.35,13704,42.74,463,7643.0,55.77,2026-08-31
JIWANRAM,SM,31-Aug-2026,4.65,4.65,4.65,4.5,4.5,42000,1.93,7,30000.0,71.43,2026-08-31
JKCEMENT,EQ,31-Aug-2026,5168.5,5141.0,5155.0,5070.0,5133.0,44810,2285.47,11781,25584.0,57.09,2026-08-31
JKIL,EQ,31-Aug-2026,500.25,502.5,504.75,488.1,490.15,84545,415.76,1604,59192.0,70.01,2026-08-31
JKIPL,EQ,31-Aug-2026,104.92,104.92,107.83,102.83,106.17,175236,185.73,743,161985.0,92.44,2026-08-31
JKLAKSHMI,EQ,31-Aug-2026,540.85,539.0,542.1,527.35,530.9,175521,936.77,13875,95868.0,54.62,2026-08-31
JKPAPER,EQ,31-Aug-2026,391.55,391.9,399.0,388.65,396.25,270778,1070.81,7891,130708.0,48.27,2026-08-31
JKTYRE,EQ,31-Aug-2026,380.25,376.5,381.9,372.05,378.85,459606,1730.9,13078,216779.0,47.17,2026-08-31
JLHL,EQ,31-Aug-2026,301.4,301.4,306.0,290.2,295.6,592428,1761.18,25476,339121.0,57.24,2026-08-31
JMA,EQ,31-Aug-2026,95.09,98.8,98.96,91.8,92.67,21086,19.79,345,15886.0,75.34,2026-08-31
JMFINANCIL,EQ,31-Aug-2026,129.29,128.5,129.42,126.14,127.99,2912872,3713.23,20644,1220275.0,41.89,2026-08-31
JNKINDIA,EQ,31-Aug-2026,447.65,443.1,450.0,426.0,433.75,85768,375.66,2801,47709.0,55.63,2026-08-31
JNPR,EQ,31-Aug-2026,258.23,259.0,266.0,252.5,264.78,1279179,3351.4,24295,536488.0,41.94,2026-08-31
JOCIL,BE,31-Aug-2026,152.5,153.6,153.6,147.5,148.02,3262,4.89,35,,,2026-08-31
JPOLYINVST,EQ,31-Aug-2026,1025.0,1026.0,1030.0,980.0,990.4,5196,52.04,797,2471.0,47.56,2026-08-31
JPPOWER,EQ,31-Aug-2026,16.82,16.8,16.87,16.4,16.45,52936878,8772.42,40099,22638099.0,42.76,2026-08-31
JSFB,EQ,31-Aug-2026,541.0,541.5,549.0,529.8,537.5,517584,2787.99,14178,237349.0,45.86,2026-08-31
JSL,EQ,31-Aug-2026,705.15,705.15,714.8,696.05,702.15,994727,6994.15,49887,681057.0,68.47,2026-08-31
JSLL,EQ,31-Aug-2026,512.5,510.05,529.9,506.15,511.05,595768,3080.47,16964,272628.0,45.76,2026-08-31
JSWCEMENT,EQ,31-Aug-2026,125.24,125.0,126.82,123.8,126.02,1280096,1607.65,21471,731750.0,57.16,2026-08-31
JSWDULUX,EQ,31-Aug-2026,3110.8,3089.2,3185.0,3066.7,3164.5,23185,728.07,5031,12874.0,55.53,2026-08-31
JSWENERGY,EQ,31-Aug-2026,535.3,533.65,537.0,520.4,520.4,5957635,31292.1,46191,4340100.0,72.85,2026-08-31
JSWHL,EQ,31-Aug-2026,11578.0,11601.0,12210.0,11253.0,12027.0,10505,1237.54,4058,6476.0,61.65,2026-08-31
JSWINFRA,EQ,31-Aug-2026,342.95,341.6,341.8,337.0,340.0,782174,2653.12,16018,435988.0,55.74,2026-08-31
JSWSTEEL,EQ,31-Aug-2026,1334.9,1323.8,1326.8,1303.3,1307.7,1981744,25981.16,31100,1423959.0,71.85,2026-08-31
JTEKTINDIA,EQ,31-Aug-2026,126.38,126.0,126.21,124.25,124.67,140452,175.57,1551,97732.0,69.58,2026-08-31
JTLIND,EQ,31-Aug-2026,89.87,90.35,92.19,89.0,89.93,6446492,5842.06,33642,2241852.0,34.78,2026-08-31
JUBLCPL,EQ,31-Aug-2026,2140.4,2168.2,2344.0,2053.7,2315.4,34830,791.8,5062,13242.0,38.02,2026-08-31
JUBLFOOD,EQ,31-Aug-2026,490.45,490.0,496.0,480.0,496.0,1471448,7175.9,23528,604802.0,41.1,2026-08-31
JUBLINGREA,EQ,31-Aug-2026,683.5,679.0,684.85,663.9,674.9,652427,4384.8,26776,413358.0,63.36,2026-08-31
JUBLPHARMA,EQ,31-Aug-2026,882.65,882.65,891.9,864.7,881.9,231665,2033.64,15646,118917.0,51.33,2026-08-31
JUNIORBEES,EQ,31-Aug-2026,801.29,809.1,809.1,792.01,793.86,371018,2947.85,12000,274985.0,74.12,2026-08-31
JUNIPER,EQ,31-Aug-2026,214.59,216.2,218.0,210.81,214.36,276987,592.69,11221,164818.0,59.5,2026-08-31
JUSTDIAL,EQ,31-Aug-2026,704.55,720.0,734.0,692.9,710.2,1918706,13649.96,57773,458136.0,23.88,2026-08-31
JWL,EQ,31-Aug-2026,245.1,245.15,245.65,240.0,240.55,481503,1164.52,11816,231210.0,48.02,2026-08-31
JYOTHYLAB,EQ,31-Aug-2026,207.4,206.85,206.85,200.7,203.47,931930,1895.64,21106,452363.0,48.54,2026-08-31
JYOTICNC,EQ,31-Aug-2026,1039.4,1037.3,1037.3,991.3,994.95,1082315,10839.36,46419,447508.0,41.35,2026-08-31
JYOTIRES,EQ,31-Aug-2026,879.65,883.0,900.0,873.25,878.15,9887,87.28,852,6836.0,69.14,2026-08-31
JYOTISTRUC,EQ,31-Aug-2026,10.14,10.18,10.19,9.94,10.01,5122475,513.12,3975,3252997.0,63.5,2026-08-31
K2INFRA,ST,31-Aug-2026,50.25,51.6,51.6,48.6,48.75,15000,7.47,25,10800.0,72.0,2026-08-31
KABRAEXTRU,EQ,31-Aug-2026,603.5,606.8,608.9,585.0,600.3,208624,1248.79,7987,105159.0,50.41,2026-08-31
KAJARIACER,EQ,31-Aug-2026,1215.5,1215.0,1256.8,1194.2,1244.8,541157,6715.44,20895,288210.0,53.26,2026-08-31
KAKATCEM,EQ,31-Aug-2026,113.78,112.0,116.99,112.0,116.75,2670,3.09,61,1921.0,71.95,2026-08-31
KALAMANDIR,EQ,31-Aug-2026,87.09,87.69,87.69,85.56,85.84,173816,149.47,2226,89632.0,51.57,2026-08-31
KALANA,SM,31-Aug-2026,23.5,23.5,23.5,22.4,22.4,8000,1.85,4,8000.0,100.0,2026-08-31
KALPATARU,EQ,31-Aug-2026,276.45,278.0,280.8,275.0,277.6,23452,65.01,983,12475.0,53.19,2026-08-31
KALYANIFRG,EQ,31-Aug-2026,761.95,764.0,914.3,741.5,914.3,60208,525.96,3278,23143.0,38.44,2026-08-31
KALYANKJIL,EQ,31-Aug-2026,615.8,615.5,615.9,601.0,601.0,4778980,29145.89,47994,1566908.0,32.79,2026-08-31
KAMAHOLD,EQ,31-Aug-2026,2374.6,2409.8,2409.8,2358.6,2363.2,2399,56.9,590,1629.0,67.9,2026-08-31
KAMANWALA,EQ,31-Aug-2026,16.93,17.0,17.0,16.25,17.0,280,0.05,18,199.0,71.07,2026-08-31
KAMATHOTEL,EQ,31-Aug-2026,228.3,228.3,228.3,216.7,225.09,115926,258.35,3253,55257.0,47.67,2026-08-31
KAMDHENU,BE,31-Aug-2026,36.17,36.0,37.4,35.05,36.58,681405,246.92,1275,,,2026-08-31
KAMOPAINTS,EQ,31-Aug-2026,4.5,4.59,4.59,4.4,4.48,269308,11.94,571,196998.0,73.15,2026-08-31
KANANIIND,EQ,31-Aug-2026,1.52,1.48,1.58,1.47,1.52,308743,4.66,377,255325.0,82.7,2026-08-31
KANCHI,EQ,31-Aug-2026,422.3,424.0,426.0,412.2,421.1,3220,13.57,182,2918.0,90.62,2026-08-31
KANCOTEA,EQ,31-Aug-2026,55.95,56.0,56.0,55.05,55.7,21,0.01,3,11.0,52.38,2026-08-31
KANORICHEM,BE,31-Aug-2026,159.25,159.99,161.0,152.5,159.08,25870,40.35,184,,,2026-08-31
KANPRPLA,EQ,31-Aug-2026,272.32,274.34,274.34,265.61,267.71,13338,35.86,440,6766.0,50.73,2026-08-31
KANSAINER,EQ,31-Aug-2026,195.77,197.0,197.79,192.02,192.81,145647,282.27,5705,94173.0,64.66,2026-08-31
KAPSTON,EQ,31-Aug-2026,559.2,564.0,592.0,559.2,586.8,214986,1254.4,7784,96715.0,44.99,2026-08-31
KARMAENG,EQ,31-Aug-2026,38.84,40.0,40.0,37.6,37.99,2489,0.95,60,1624.0,65.25,2026-08-31
KARNIKA,SM,31-Aug-2026,115.05,116.0,116.9,115.0,115.05,30000,34.77,23,26000.0,86.67,2026-08-31
KARURVYSYA,EQ,31-Aug-2026,346.0,346.0,351.45,344.5,347.6,1814597,6309.9,27525,1011456.0,55.74,2026-08-31
KATARIA,SM,31-Aug-2026,104.5,104.0,105.45,104.0,104.95,5400,5.65,9,4200.0,77.78,2026-08-31
KAUSHALYA,BE,31-Aug-2026,867.5,868.0,882.0,854.0,857.75,205,1.78,32,,,2026-08-31
KAVDEFENCE,EQ,31-Aug-2026,57.22,57.0,57.88,55.8,56.2,92104,52.19,1625,53500.0,58.09,2026-08-31
KAYA,BE,31-Aug-2026,327.35,325.75,339.0,316.0,337.3,6342,21.1,157,,,2026-08-31
KAYNES,EQ,31-Aug-2026,3943.1,3943.0,3943.0,3645.0,3685.0,2144603,80444.03,125569,685244.0,31.95,2026-08-31
KAYTEX,SM,31-Aug-2026,57.4,58.5,58.5,55.15,55.4,9600,5.44,11,7200.0,75.0,2026-08-31
KCEIL,SM,31-Aug-2026,81.3,82.95,83.2,81.0,81.6,6500,5.35,12,5500.0,84.62,2026-08-31
KCK,ST,31-Aug-2026,14.9,15.15,15.15,14.25,15.0,190000,28.41,27,180000.0,94.74,2026-08-31
KCP,EQ,31-Aug-2026,168.69,167.6,173.69,166.02,166.91,135296,228.56,3110,64932.0,47.99,2026-08-31
KCPSUGIND,BE,31-Aug-2026,32.12,31.11,33.35,31.11,32.56,153670,49.78,469,,,2026-08-31
KDDL,EQ,31-Aug-2026,3936.9,3900.4,3992.2,3882.5,3929.6,14881,585.99,3956,6934.0,46.6,2026-08-31
KDL,SM,31-Aug-2026,100.3,100.0,101.0,90.3,91.25,90300,83.38,324,67050.0,74.25,2026-08-31
KEC,EQ,31-Aug-2026,425.8,425.8,425.8,415.0,416.5,715932,2997.76,23104,416383.0,58.16,2026-08-31
KECL,EQ,31-Aug-2026,134.83,135.13,137.39,129.1,130.25,206266,272.01,3249,101849.0,49.38,2026-08-31
KEEPLEARN,EQ,31-Aug-2026,1.94,1.99,1.99,1.91,1.94,9193,0.18,91,7110.0,77.34,2026-08-31
KEI,EQ,31-Aug-2026,5570.0,5540.0,5740.3,5442.0,5740.3,297706,16498.72,30914,136208.0,45.75,2026-08-31
KELLTONTEC,EQ,31-Aug-2026,15.07,15.0,15.05,14.0,14.07,4180309,598.07,7972,1915988.0,45.83,2026-08-31
KEN,SM,31-Aug-2026,39.3,39.3,39.3,39.25,39.25,3600,1.41,3,3600.0,100.0,2026-08-31
KENNAMET,EQ,31-Aug-2026,4580.3,4667.9,4673.8,4352.0,4396.1,38870,1755.3,7813,16424.0,42.25,2026-08-31
KERNEX,EQ,31-Aug-2026,1800.0,1781.1,1805.9,1712.7,1735.9,169404,2968.78,10646,95436.0,56.34,2026-08-31
KESORAMIND,BE,31-Aug-2026,11.3,11.24,11.24,11.08,11.1,151658,16.9,247,,,2026-08-31
KEYFINSERV,EQ,31-Aug-2026,254.2,251.65,259.95,251.65,258.5,878,2.25,24,560.0,63.78,2026-08-31
KFINTECH,EQ,31-Aug-2026,949.95,950.05,970.0,931.0,970.0,1020676,9629.3,25232,429185.0,42.05,2026-08-31
KHADIM,BE,31-Aug-2026,117.63,119.98,119.98,116.16,116.16,24195,28.87,121,,,2026-08-31
KHAICHEM,EQ,31-Aug-2026,55.58,55.99,57.0,54.21,55.55,204868,113.76,1454,106929.0,52.19,2026-08-31
KHAITANLTD,EQ,31-Aug-2026,142.1,142.1,143.0,136.41,139.12,4745,6.67,82,4410.0,92.94,2026-08-31
KHANDSE,EQ,31-Aug-2026,17.05,17.83,17.83,16.31,17.03,1160,0.2,50,1114.0,96.03,2026-08-31
KICL,EQ,31-Aug-2026,5180.0,5200.0,5234.0,5152.5,5178.5,260,13.48,97,153.0,58.85,2026-08-31
KILITCH,BE,31-Aug-2026,171.77,170.0,177.25,167.5,174.64,27456,48.0,256,,,2026-08-31
KIMS,EQ,31-Aug-2026,771.0,767.0,769.0,750.1,755.5,735694,5572.51,26880,498348.0,67.74,2026-08-31
KINGFA,EQ,31-Aug-2026,5947.0,5910.5,6080.0,5855.5,6050.5,9546,571.85,2247,4878.0,51.1,2026-08-31
KIOCL,EQ,31-Aug-2026,386.55,384.0,385.0,377.65,381.2,67427,256.95,2731,27392.0,40.62,2026-08-31
KIRANVYPAR,EQ,31-Aug-2026,198.24,197.1,203.0,194.0,201.69,14004,27.99,47,13378.0,95.53,2026-08-31
KIRIINDUS,EQ,31-Aug-2026,492.9,501.05,536.8,500.0,530.9,3059050,15986.53,67214,776728.0,25.39,2026-08-31
KIRLFER,EQ,31-Aug-2026,449.85,452.2,457.2,446.2,452.2,74624,337.1,3978,43350.0,58.09,2026-08-31
KIRLOSBROS,EQ,31-Aug-2026,1914.7,1917.5,1920.9,1881.0,1900.2,27515,522.81,3350,18341.0,66.66,2026-08-31
KIRLOSENG,EQ,31-Aug-2026,2123.1,2119.9,2120.0,2057.0,2099.4,414064,8673.21,40461,249502.0,60.26,2026-08-31
KIRLOSIND,EQ,31-Aug-2026,3715.1,3700.0,3781.8,3684.9,3737.9,4670,174.67,1019,2615.0,56.0,2026-08-31
KIRLPNU,EQ,31-Aug-2026,723.3,724.0,729.0,712.0,714.6,116349,835.35,9104,62039.0,53.32,2026-08-31
KISSHT,EQ,31-Aug-2026,306.3,305.8,310.95,303.0,307.15,722180,2223.77,24006,362186.0,50.15,2026-08-31
KITEX,EQ,31-Aug-2026,128.4,128.08,128.08,125.06,127.22,286359,362.31,4029,126393.0,44.14,2026-08-31
KJMCFIN,EQ,31-Aug-2026,66.97,66.97,69.65,66.1,66.1,270,0.19,16,268.0,99.26,2026-08-31
KKCL,EQ,31-Aug-2026,507.05,512.1,517.0,501.0,503.8,17590,89.37,1286,9059.0,51.5,2026-08-31
KKJEWELS,SM,31-Aug-2026,97.4,97.5,98.75,96.6,96.6,4000,3.91,4,4000.0,100.0,2026-08-31
KLBRENG-B,EQ,31-Aug-2026,421.0,420.1,434.4,417.55,428.55,556586,2369.64,7805,432158.0,77.64,2026-08-31
KMCSHIL,EQ,31-Aug-2026,138.05,140.57,140.57,133.06,135.52,125433,170.19,1939,69896.0,55.72,2026-08-31
KMEW,EQ,31-Aug-2026,3051.9,3040.7,3050.3,2817.0,2924.4,197892,5728.43,23495,74971.0,37.88,2026-08-31
KMSUGAR,EQ,31-Aug-2026,32.64,32.5,34.18,32.01,32.49,554748,184.27,2484,207321.0,37.37,2026-08-31
KNACK,EQ,31-Aug-2026,192.61,194.0,194.01,189.0,190.35,372016,710.82,5110,194318.0,52.23,2026-08-31
KNAGRI,EQ,31-Aug-2026,219.99,218.07,220.31,208.0,217.42,7484,16.11,174,4607.0,61.56,2026-08-31
KNRCON,EQ,31-Aug-2026,124.55,125.17,125.75,120.86,121.19,3134063,3826.63,16395,1953524.0,62.33,2026-08-31
KODYTECH,ST,31-Aug-2026,1419.1,1409.0,1490.05,1365.1,1489.45,92700,1372.58,205,91900.0,99.14,2026-08-31
KOHINOOR,EQ,31-Aug-2026,34.45,34.2,34.99,33.51,33.96,118577,40.42,1550,59033.0,49.78,2026-08-31
KOKUYOCMLN,EQ,31-Aug-2026,80.18,81.0,81.0,79.0,79.34,48839,38.9,1779,19376.0,39.67,2026-08-31
KOLTEPATIL,EQ,31-Aug-2026,448.2,455.0,455.75,442.55,446.8,57327,256.66,2889,22124.0,38.59,2026-08-31
KONSTELEC,ST,31-Aug-2026,62.05,64.0,65.15,58.95,64.05,82000,51.61,53,64000.0,78.05,2026-08-31
KONTOR,SM,31-Aug-2026,56.0,54.55,56.0,54.55,55.5,3000,1.67,5,2400.0,80.0,2026-08-31
KOPRAN,EQ,31-Aug-2026,201.76,204.0,235.07,203.9,217.83,1881351,4219.98,21298,670658.0,35.65,2026-08-31
KORE,SM,31-Aug-2026,108.0,111.9,118.8,111.9,118.8,10500,12.39,29,10250.0,97.62,2026-08-31
KOTAKBANK,EQ,31-Aug-2026,423.7,421.0,425.05,419.4,419.4,18992797,80161.19,174032,13446861.0,70.8,2026-08-31
KOTARISUG,BE,31-Aug-2026,31.43,31.4,33.0,30.15,32.98,238890,75.37,871,,,2026-08-31
KOTHARIPET,EQ,31-Aug-2026,131.15,130.41,132.79,128.66,131.09,56225,73.49,1005,32215.0,57.3,2026-08-31
KOTHARIPRO,EQ,31-Aug-2026,68.24,68.24,69.3,66.88,67.1,12030,8.11,228,9692.0,80.57,2026-08-31
KOTIC,EQ,31-Aug-2026,150.19,150.19,152.97,141.8,143.43,15735,22.77,490,9938.0,63.16,2026-08-31
KOTYARK,BE,31-Aug-2026,34.8,34.29,34.34,33.1,33.34,203917,68.32,568,,,2026-08-31
KOVAI,EQ,31-Aug-2026,6032.5,6062.0,6172.0,5990.0,6074.5,8540,517.93,2775,5210.0,61.01,2026-08-31
KPEL,EQ,31-Aug-2026,249.45,255.4,255.4,243.85,244.6,166524,410.25,3624,85406.0,51.29,2026-08-31
KPIGREEN,EQ,31-Aug-2026,314.25,314.05,314.05,303.1,304.6,749825,2299.35,22317,412367.0,55.0,2026-08-31
KPIL,EQ,31-Aug-2026,1386.3,1390.0,1418.5,1375.1,1400.9,219589,3078.03,29947,130574.0,59.46,2026-08-31
KPITTECH,EQ,31-Aug-2026,609.4,609.4,610.0,585.0,585.0,2324629,13726.28,43150,1041227.0,44.79,2026-08-31
KPL,EQ,31-Aug-2026,3314.3,3337.0,3337.0,3230.1,3277.0,16351,535.62,3037,5376.0,32.88,2026-08-31
KPRMILL,EQ,31-Aug-2026,1130.2,1130.3,1197.9,1125.0,1177.6,909149,10696.94,55100,318334.0,35.01,2026-08-31
KRBL,EQ,31-Aug-2026,437.65,432.95,433.95,420.1,422.25,731450,3113.32,16995,410774.0,56.16,2026-08-31
KREBSBIO,EQ,31-Aug-2026,59.17,59.76,59.76,55.6,56.29,2334,1.33,102,2024.0,86.72,2026-08-31
KRIDHANINF,BE,31-Aug-2026,2.04,2.04,2.1,1.95,2.0,15820,0.32,36,,,2026-08-31
KRISHANA,EQ,31-Aug-2026,192.91,192.91,196.48,190.0,191.03,584116,1132.31,8426,268541.0,45.97,2026-08-31
KRISHCA,SM,31-Aug-2026,158.15,160.0,160.0,155.0,156.45,42500,66.57,52,39500.0,92.94,2026-08-31
KRISHIVAL,EQ,31-Aug-2026,410.25,411.05,413.0,407.0,410.95,17652,72.46,439,15751.0,89.23,2026-08-31
KRISHNADEF,EQ,31-Aug-2026,1019.8,1019.0,1020.6,965.3,1004.8,186259,1843.69,12514,92929.0,49.89,2026-08-31
KRITI,EQ,31-Aug-2026,62.71,62.7,63.95,58.0,60.38,36883,22.3,446,27080.0,73.42,2026-08-31
KRITIKA,EQ,31-Aug-2026,5.46,5.4,5.6,5.36,5.38,150610,8.17,499,114565.0,76.07,2026-08-31
KRITINUT,EQ,31-Aug-2026,88.88,89.76,92.0,86.51,87.16,8623,7.73,270,5387.0,62.47,2026-08-31
KRMAYURVED,SM,31-Aug-2026,280.05,280.1,290.0,280.05,285.4,72000,205.45,61,43000.0,59.72,2026-08-31
KRN,EQ,31-Aug-2026,1609.7,1664.7,1668.0,1536.2,1553.1,416684,6644.37,28301,185927.0,44.62,2026-08-31
KRONOX,BE,31-Aug-2026,179.59,179.0,179.59,170.62,177.34,250550,433.84,1433,,,2026-08-31
KROSS,EQ,31-Aug-2026,213.99,213.0,217.09,208.31,212.71,295238,627.28,6895,124223.0,42.08,2026-08-31
KRSNAA,EQ,31-Aug-2026,564.05,568.9,568.9,548.15,553.65,47620,264.19,3606,24497.0,51.44,2026-08-31
KRT,RR,31-Aug-2026,113.41,111.69,111.69,109.5,110.47,12687573,14057.48,13718,10857687.0,85.58,2026-08-31
KRYSTAL,EQ,31-Aug-2026,646.05,648.0,648.0,623.1,626.75,8945,56.3,606,4896.0,54.73,2026-08-31
KSB,EQ,31-Aug-2026,793.85,790.0,821.0,780.4,807.25,514414,4145.01,32579,342927.0,66.66,2026-08-31
KSCL,EQ,31-Aug-2026,786.8,790.0,790.0,757.0,765.5,187852,1444.01,3776,134998.0,71.86,2026-08-31
KSE,EQ,31-Aug-2026,177.99,186.77,186.77,175.0,180.3,18660,32.97,427,14937.0,80.05,2026-08-31
KSHINTL,EQ,31-Aug-2026,963.85,970.0,970.0,937.05,947.05,199894,1892.59,15539,111968.0,56.01,2026-08-31
KSHITIJ-RE,BE,31-Aug-2026,0.03,0.04,0.04,0.04,0.04,2763108,1.11,759,,,2026-08-31
KSHITIJPOL,EQ,31-Aug-2026,3.05,3.03,3.09,2.95,2.99,879511,26.45,841,631118.0,71.76,2026-08-31
KSL,EQ,31-Aug-2026,888.35,888.8,923.8,874.5,909.75,126318,1139.71,6878,47556.0,37.65,2026-08-31
KSOLVES,EQ,31-Aug-2026,269.35,266.0,273.9,266.0,268.3,28034,75.6,1423,15638.0,55.78,2026-08-31
KSR,EQ,31-Aug-2026,31.42,31.42,31.42,28.45,28.59,54412,15.98,511,37406.0,68.75,2026-08-31
KTKBANK,EQ,31-Aug-2026,330.35,331.0,342.5,327.5,335.15,4358321,14622.27,34440,2361401.0,54.18,2026-08-31
KUANTUM,EQ,31-Aug-2026,72.54,72.03,73.69,71.1,72.12,78578,56.84,1006,47425.0,60.35,2026-08-31
KUSUMGAR,EQ,31-Aug-2026,563.1,561.05,588.0,558.5,581.45,363568,2102.83,15444,146369.0,40.26,2026-08-31
KWIL,EQ,31-Aug-2026,45.55,45.55,47.2,45.11,45.38,18674540,8569.9,66345,6213317.0,33.27,2026-08-31
LADDERUP,EQ,31-Aug-2026,50.9,51.15,51.15,49.0,49.4,48,0.02,6,48.0,100.0,2026-08-31
LAGNAM,EQ,31-Aug-2026,76.56,76.99,77.8,76.05,76.38,1204,0.92,31,989.0,82.14,2026-08-31
LAHOTIOV,EQ,31-Aug-2026,40.71,41.8,41.8,40.13,40.29,820,0.33,16,820.0,100.0,2026-08-31
LAKPRE,BZ,31-Aug-2026,4.91,5.15,5.15,4.67,4.67,2410,0.11,7,,,2026-08-31
LAKSHMIMIL,EQ,31-Aug-2026,8370.0,8050.0,8050.0,8000.0,8000.0,21,1.68,3,21.0,100.0,2026-08-31
LAKSHYA,SM,31-Aug-2026,83.6,83.0,85.0,83.0,85.0,2400,2.02,3,2400.0,100.0,2026-08-31
LAL,EQ,31-Aug-2026,9.06,9.48,9.48,8.96,9.13,134099,12.14,171,126692.0,94.48,2026-08-31
LALITHAA,EQ,31-Aug-2026,265.24,266.9,272.4,256.01,257.89,9443545,24888.09,82528,3210097.0,33.99,2026-08-31
LALPATHLAB,EQ,31-Aug-2026,1931.1,1931.1,1963.0,1884.6,1934.6,157780,3026.55,18741,90763.0,57.53,2026-08-31
LAMBODHARA,EQ,31-Aug-2026,138.48,139.99,143.0,139.99,141.38,30356,42.99,636,21946.0,72.3,2026-08-31
LAMOSAIC,ST,31-Aug-2026,60.85,60.7,61.4,58.05,59.6,63600,37.75,43,59400.0,93.4,2026-08-31
LANCER,EQ,31-Aug-2026,11.5,13.8,13.8,12.25,13.12,3208132,425.55,5599,1742864.0,54.33,2026-08-31
LANCORHOL,EQ,31-Aug-2026,33.93,33.3,34.16,31.6,33.37,319310,106.8,2967,137683.0,43.12,2026-08-31
LANDMARK,EQ,31-Aug-2026,503.35,500.0,521.0,496.35,517.45,112656,576.65,4918,41091.0,36.47,2026-08-31
LANDSMILL,EQ,31-Aug-2026,0.69,0.69,0.7,0.68,0.68,1498207,10.3,1001,789287.0,52.68,2026-08-31
LAOPALA,EQ,31-Aug-2026,175.95,175.2,175.2,171.1,173.61,159255,275.96,7190,78931.0,49.56,2026-08-31
LARGEMID50,EQ,31-Aug-2026,36.87,36.7,36.92,36.5,36.74,232544,85.44,121,11326.0,4.87,2026-08-31
LASA,EQ,31-Aug-2026,6.99,7.1,7.28,6.73,6.92,36812,2.57,139,24033.0,65.29,2026-08-31
LASERPOWER,EQ,31-Aug-2026,325.65,326.0,326.9,308.3,314.3,538005,1714.88,7611,265408.0,49.33,2026-08-31
LATENTVIEW,EQ,31-Aug-2026,279.6,278.3,278.3,267.7,269.8,2244730,6080.36,36102,1433202.0,63.85,2026-08-31
LATTEYS,EQ,31-Aug-2026,22.19,23.0,23.0,21.45,21.71,69836,15.42,282,42376.0,60.68,2026-08-31
LAURUSLABS,EQ,31-Aug-2026,1938.5,1945.0,1949.0,1847.8,1915.0,30995343,591895.32,140381,24140560.0,77.88,2026-08-31
LAXMICOT,EQ,31-Aug-2026,13.42,13.99,13.99,12.15,12.89,36920,4.79,251,26499.0,71.77,2026-08-31
LAXMIDENTL,EQ,31-Aug-2026,199.78,199.75,200.4,194.8,195.5,137145,270.06,5105,66786.0,48.7,2026-08-31
LAXMIINDIA,EQ,31-Aug-2026,126.29,126.29,135.9,124.62,129.92,339636,444.56,4275,170978.0,50.34,2026-08-31
LCCINFOTEC,EQ,31-Aug-2026,3.68,3.71,3.71,3.55,3.55,40734,1.47,102,36543.0,89.71,2026-08-31
LCL,EQ,31-Aug-2026,565.1,566.5,575.0,545.55,551.45,317066,1771.08,14381,134210.0,42.33,2026-08-31
LEAPIND,EQ,31-Aug-2026,168.4,170.9,172.29,165.3,167.82,7393714,12475.87,57946,2977042.0,40.26,2026-08-31
LEENEE,EQ,31-Aug-2026,10.25,10.39,10.39,9.62,10.12,44248,4.37,163,28044.0,63.38,2026-08-31
LEMERITE,EQ,31-Aug-2026,20.97,20.9,21.75,20.26,21.24,176420,37.23,413,53932.0,30.57,2026-08-31
LEMONTREE,EQ,31-Aug-2026,108.53,108.53,108.53,105.2,106.25,4742751,5060.29,36267,2858825.0,60.28,2026-08-31
LENSKART,EQ,31-Aug-2026,636.15,646.0,674.9,640.95,662.4,111714980,738743.55,441478,69010168.0,61.77,2026-08-31
LEXUS,EQ,31-Aug-2026,13.03,13.44,15.23,12.95,13.85,217521,30.69,536,64400.0,29.61,2026-08-31
LFIC,EQ,31-Aug-2026,137.6,139.3,139.5,134.01,134.09,1765,2.41,65,1311.0,74.28,2026-08-31
LGBBROSLTD,EQ,31-Aug-2026,1717.7,1709.2,1714.4,1680.5,1692.4,20323,344.28,3201,12149.0,59.78,2026-08-31
LGEINDIA,EQ,31-Aug-2026,1691.4,1692.0,1727.1,1673.2,1697.8,565245,9635.73,37853,259796.0,45.96,2026-08-31
LGHL,EQ,31-Aug-2026,173.45,188.0,189.0,177.62,179.45,9019,16.59,452,4289.0,47.56,2026-08-31
LIBAS,EQ,31-Aug-2026,10.46,10.46,11.5,10.11,10.54,121561,13.06,364,68227.0,56.13,2026-08-31
LIBERTSHOE,EQ,31-Aug-2026,244.35,243.15,244.9,241.8,242.05,6057,14.69,303,4772.0,78.78,2026-08-31
LICHSGFIN,EQ,31-Aug-2026,535.0,535.6,540.45,528.45,538.4,3367439,18050.86,25151,2016500.0,59.88,2026-08-31
LICI,EQ,31-Aug-2026,422.0,418.0,421.9,412.35,418.0,7463242,31080.15,43647,4261203.0,57.1,2026-08-31
LICMFGOLD,EQ,31-Aug-2026,142.0,138.4,139.2,137.3,138.9,184092,255.55,1046,145270.0,78.91,2026-08-31
LICNETFGSC,EQ,31-Aug-2026,29.59,29.59,29.65,29.21,29.35,15996,4.69,91,13110.0,81.96,2026-08-31
LICNETFN50,EQ,31-Aug-2026,271.55,271.06,271.14,269.05,270.53,161,0.44,30,152.0,94.41,2026-08-31
LICNETFSEN,EQ,31-Aug-2026,873.4,870.51,873.0,867.03,873.0,7,0.06,4,6.0,85.71,2026-08-31
LICNFNHGP,EQ,31-Aug-2026,277.75,277.66,277.88,275.68,277.88,239,0.66,10,200.0,83.68,2026-08-31
LICNMID100,EQ,31-Aug-2026,64.21,64.21,64.43,63.61,63.67,6377,4.07,87,5339.0,83.72,2026-08-31
LIKHITHA,EQ,31-Aug-2026,208.88,208.3,212.03,206.01,207.48,31624,65.99,667,16330.0,51.64,2026-08-31
LINC,EQ,31-Aug-2026,95.54,96.98,97.0,94.0,94.61,11893,11.34,296,10380.0,87.28,2026-08-31
LINCOLN,EQ,31-Aug-2026,614.95,616.5,621.65,603.35,606.75,30631,187.65,1679,15153.0,49.47,2026-08-31
LINDEINDIA,EQ,31-Aug-2026,6504.0,6500.0,6513.5,6364.0,6385.5,26826,1724.46,6087,12877.0,48.0,2026-08-31
LIQGRWBEES,EQ,31-Aug-2026,1053.65,1053.65,1053.79,1053.65,1053.77,24661,259.87,211,18371.0,74.49,2026-08-31
LIQUID,EQ,31-Aug-2026,999.99,999.99,1000.0,999.99,999.99,43589,435.89,181,22984.0,52.73,2026-08-31
LIQUID1,EQ,31-Aug-2026,1120.45,1120.45,1120.62,1118.4,1120.6,805832,9029.47,1103,473033.0,58.7,2026-08-31
LIQUIDADD,EQ,31-Aug-2026,1142.56,1142.7,1142.72,1142.67,1142.7,261426,2987.34,391,195586.0,74.82,2026-08-31
LIQUIDBEES,EQ,31-Aug-2026,1000.0,1000.0,1000.01,999.99,999.99,2735032,27350.21,4314,2197228.0,80.34,2026-08-31
LIQUIDBETA,EQ,31-Aug-2026,1005.78,1006.32,1006.34,1006.32,1006.32,1231,12.39,5,1229.0,99.84,2026-08-31
LIQUIDBETF,EQ,31-Aug-2026,1096.75,1096.87,1096.89,1096.87,1096.88,574214,6298.44,374,476920.0,83.06,2026-08-31
LIQUIDCASE,EQ,31-Aug-2026,115.7,115.71,115.73,115.71,115.71,18542895,21457.27,15547,14449754.0,77.93,2026-08-31
LIQUIDETF,EQ,31-Aug-2026,999.99,1000.0,1000.01,999.99,1000.0,125941,1259.41,222,66390.0,52.72,2026-08-31
LIQUIDIETF,EQ,31-Aug-2026,999.99,1000.01,1000.01,999.99,999.99,815952,8159.52,242,443175.0,54.31,2026-08-31
LIQUIDPLUS,EQ,31-Aug-2026,1101.1,1101.11,1101.25,1101.11,1101.23,488269,5377.0,370,441495.0,90.42,2026-08-31
LIQUIDSBI,EQ,31-Aug-2026,1000.0,999.99,1000.01,999.99,999.99,743,7.43,18,436.0,58.68,2026-08-31
LIQUIDSHRI,EQ,31-Aug-2026,1119.42,1119.56,1119.58,1119.56,1119.57,1966,22.01,27,1207.0,61.39,2026-08-31
LKPSEC,EQ,31-Aug-2026,15.44,15.37,15.6,14.55,15.45,7031,1.06,83,5965.0,84.84,2026-08-31
LLOYDSENGG,EQ,31-Aug-2026,86.74,86.2,88.9,84.7,86.44,9719782,8438.65,35709,4372630.0,44.99,2026-08-31
LLOYDSENT,EQ,31-Aug-2026,73.53,73.01,74.36,71.56,72.35,2230337,1622.23,10078,954407.0,42.79,2026-08-31
LLOYDSME,EQ,31-Aug-2026,1810.2,1810.0,1830.0,1766.1,1794.6,450097,8083.73,28233,229480.0,50.98,2026-08-31
LMW,EQ,31-Aug-2026,18901.0,19053.0,20120.0,18707.0,18975.0,23753,4589.01,9691,9219.0,38.81,2026-08-31
LODHA,EQ,31-Aug-2026,1274.0,1260.0,1260.0,1198.6,1198.6,2185679,26657.56,32963,1395999.0,63.87,2026-08-31
LOKESHMACH,EQ,31-Aug-2026,312.45,317.0,374.8,317.0,345.25,351870,1261.87,10149,101122.0,28.74,2026-08-31
LORDSCHLO,EQ,31-Aug-2026,140.25,140.25,140.25,134.11,135.96,6826,9.42,326,5180.0,75.89,2026-08-31
LOTUSCHO,EQ,31-Aug-2026,614.35,614.35,660.0,613.9,634.8,9848,62.65,501,5769.0,58.58,2026-08-31
LOTUSDEV,BE,31-Aug-2026,186.61,185.5,187.3,180.02,182.86,229344,420.27,1167,,,2026-08-31
LOTUSEYE,EQ,31-Aug-2026,110.52,110.85,111.9,107.6,109.08,25250,27.67,280,20467.0,81.06,2026-08-31
LOVABLE,EQ,31-Aug-2026,74.66,74.0,75.9,73.1,73.2,16889,12.48,867,7060.0,41.8,2026-08-31
LOWVOL,EQ,31-Aug-2026,208.13,207.27,207.57,206.24,207.57,5097,10.55,39,3006.0,58.98,2026-08-31
LOWVOL1,EQ,31-Aug-2026,21.29,21.23,21.24,21.1,21.13,98483,20.84,159,80315.0,81.55,2026-08-31
LOWVOLIETF,EQ,31-Aug-2026,22.26,22.02,22.49,21.91,22.17,3212428,713.79,1443,2353593.0,73.27,2026-08-31
LOYALTEX,EQ,31-Aug-2026,226.02,219.0,222.0,218.0,218.0,214,0.47,16,214.0,100.0,2026-08-31
LPDC,EQ,31-Aug-2026,6.93,6.92,7.03,6.56,6.94,53484,3.61,288,42417.0,79.31,2026-08-31
LRRPL,SM,31-Aug-2026,86.0,87.0,87.0,87.0,87.0,1500,1.31,1,1500.0,100.0,2026-08-31
LT,EQ,31-Aug-2026,4045.8,4035.1,4044.9,3976.0,4044.9,1553171,62342.82,77234,1063417.0,68.47,2026-08-31
LTF,EQ,31-Aug-2026,314.3,314.3,321.0,306.55,321.0,4489382,14035.91,50283,2598251.0,57.88,2026-08-31
LTFOODS,EQ,31-Aug-2026,439.35,439.35,453.3,432.2,446.55,1011116,4489.76,24309,372670.0,36.86,2026-08-31
LTGILTBEES,EQ,31-Aug-2026,29.95,29.95,29.96,29.85,29.86,993548,296.82,837,810055.0,81.53,2026-08-31
LTGILTCASE,EQ,31-Aug-2026,30.54,30.58,30.58,30.3,30.4,120693,36.71,207,115096.0,95.36,2026-08-31
LTM,EQ,31-Aug-2026,4675.0,4690.0,4690.0,4512.9,4540.0,344374,15675.16,32919,176319.0,51.2,2026-08-31
LTTS,EQ,31-Aug-2026,3568.7,3569.9,3675.0,3490.5,3608.4,685826,24724.73,49688,425293.0,62.01,2026-08-31
LUMAXIND,EQ,31-Aug-2026,6071.0,6031.0,6330.0,6000.0,6233.5,22681,1405.88,6123,9801.0,43.21,2026-08-31
LUMAXTECH,EQ,31-Aug-2026,1985.5,1985.5,2095.9,1965.4,2078.5,452857,9327.72,46108,176829.0,39.05,2026-08-31
LUPIN,EQ,31-Aug-2026,2171.5,2171.5,2192.0,2145.0,2188.4,1010826,21957.21,30006,806651.0,79.8,2026-08-31
LUXIND,EQ,31-Aug-2026,1199.5,1203.7,1222.4,1191.3,1210.2,38797,469.33,3553,23682.0,61.04,2026-08-31
LXCHEM,EQ,31-Aug-2026,171.34,172.44,172.44,164.94,166.57,768172,1285.89,11029,369456.0,48.1,2026-08-31
LYKALABS,BE,31-Aug-2026,74.8,76.03,76.03,75.0,75.36,3385,2.56,31,,,2026-08-31
M&M,EQ,31-Aug-2026,3334.0,3320.0,3365.0,3282.0,3282.0,3613080,119692.4,83183,3017814.0,83.52,2026-08-31
M&MFIN,EQ,31-Aug-2026,376.6,376.85,378.3,368.4,373.0,1571593,5854.27,45054,903648.0,57.5,2026-08-31
MAANALU,EQ,31-Aug-2026,120.43,120.0,124.0,117.42,122.67,80744,98.12,1346,63987.0,79.25,2026-08-31
MACOBSTECH,SM,31-Aug-2026,200.0,200.0,200.0,197.0,197.0,4800,9.53,6,4000.0,83.33,2026-08-31
MACPOWER,EQ,31-Aug-2026,2007.1,1995.0,2022.5,1922.0,1989.3,50074,983.64,5338,21914.0,43.76,2026-08-31
MADHAV,EQ,31-Aug-2026,34.31,34.36,35.8,34.36,34.52,1684,0.59,52,1249.0,74.17,2026-08-31
MADHAVBAUG,ST,31-Aug-2026,169.45,169.0,169.0,168.8,169.0,6000,10.14,7,5600.0,93.33,2026-08-31
MADHAVIPL,EQ,31-Aug-2026,8.21,8.47,8.47,8.06,8.12,100649,8.27,331,90161.0,89.58,2026-08-31
MADHUCON,BE,31-Aug-2026,5.13,5.24,5.24,4.88,4.97,34967,1.73,63,,,2026-08-31
MADHUSUDAN,ST,31-Aug-2026,221.0,232.0,232.0,220.0,225.75,20000,44.9,19,17000.0,85.0,2026-08-31
MADRASFERT,EQ,31-Aug-2026,67.43,67.43,67.43,65.0,65.29,73973,48.66,1262,48867.0,66.06,2026-08-31
MAFANG,EQ,31-Aug-2026,207.13,209.95,209.95,209.95,209.95,205427,431.29,644,205427.0,100.0,2026-08-31
MAFATIND,EQ,31-Aug-2026,123.4,124.95,124.95,122.0,122.64,10463,12.84,281,8052.0,76.96,2026-08-31
MAGADSUGAR,EQ,31-Aug-2026,584.15,581.2,609.45,572.65,595.0,77937,463.97,5106,24781.0,31.8,2026-08-31
MAGNUM,EQ,31-Aug-2026,19.04,19.04,19.5,18.82,18.97,6343,1.2,67,5352.0,84.38,2026-08-31
MAGSON,SM,31-Aug-2026,189.9,185.0,185.0,181.0,181.05,7000,12.83,7,6000.0,85.71,2026-08-31
MAHABANK,EQ,31-Aug-2026,83.8,83.9,83.9,82.0,82.07,13734000,11359.57,41020,6766504.0,49.27,2026-08-31
MAHAPEXLTD,EQ,31-Aug-2026,54.2,53.22,58.05,51.85,56.66,19709,10.94,313,12102.0,61.4,2026-08-31
MAHASTEEL,BE,31-Aug-2026,1329.7,1329.7,1381.0,1305.0,1373.0,37097,501.52,484,,,2026-08-31
MAHEPC,EQ,31-Aug-2026,105.47,106.45,107.0,101.0,102.13,55864,57.37,1141,36590.0,65.5,2026-08-31
MAHESHWARI,BE,31-Aug-2026,72.17,72.89,73.89,71.22,71.63,34569,25.16,30,,,2026-08-31
MAHKTECH,EQ,31-Aug-2026,22.75,22.75,22.75,22.55,22.72,689321,156.64,5969,618421.0,89.71,2026-08-31
MAHLIFE,EQ,31-Aug-2026,367.55,367.0,369.0,360.65,365.65,110729,403.75,5152,66617.0,60.16,2026-08-31
MAHLOG,EQ,31-Aug-2026,392.75,390.0,394.75,386.45,391.45,128678,501.84,9047,67685.0,52.6,2026-08-31
MAHSCOOTER,EQ,31-Aug-2026,13696.0,13794.0,13974.0,13552.0,13674.0,7564,1039.34,2911,3210.0,42.44,2026-08-31
MAHSEAMLES,EQ,31-Aug-2026,661.7,665.0,668.6,650.1,663.2,393023,2596.13,21995,196616.0,50.03,2026-08-31
MAITHANALL,EQ,31-Aug-2026,982.15,990.85,990.85,969.45,976.5,30417,296.97,2304,16470.0,54.15,2026-08-31
MAITREYA,SM,31-Aug-2026,113.7,111.5,120.95,110.35,118.3,8400,9.62,17,4400.0,52.38,2026-08-31
MAJESAUT,BE,31-Aug-2026,363.05,355.0,360.0,353.0,355.35,3218,11.48,155,,,2026-08-31
MAKEINDIA,EQ,31-Aug-2026,168.4,171.77,171.77,166.54,167.62,47618,79.71,563,27358.0,57.45,2026-08-31
MAKERSL,EQ,31-Aug-2026,198.73,200.0,203.99,183.21,185.19,13591,25.61,431,10396.0,76.49,2026-08-31
MAKS,SM,31-Aug-2026,13.3,12.65,13.75,12.65,13.75,18000,2.36,9,10500.0,58.33,2026-08-31
MALLCOM,EQ,31-Aug-2026,1000.05,1020.0,1020.0,970.1,974.0,1666,16.32,355,1094.0,65.67,2026-08-31
MALUPAPER,EQ,31-Aug-2026,32.04,32.04,32.19,31.61,31.68,4558,1.45,43,3115.0,68.34,2026-08-31
MAMATA,EQ,31-Aug-2026,400.05,396.75,406.95,396.4,401.35,77485,311.23,2548,41379.0,53.4,2026-08-31
MANAKALUCO,EQ,31-Aug-2026,39.39,39.4,40.09,37.6,38.47,115255,44.99,1202,39804.0,34.54,2026-08-31
MANAKCOAT,EQ,31-Aug-2026,122.85,122.75,124.36,119.5,122.43,353301,429.54,2919,248472.0,70.33,2026-08-31
MANAKSIA,EQ,31-Aug-2026,58.13,59.0,59.5,57.15,58.73,47565,27.87,651,30451.0,64.02,2026-08-31
MANAKSTEEL,EQ,31-Aug-2026,94.79,99.52,99.52,99.52,99.52,80576,80.19,232,80576.0,100.0,2026-08-31
MANALIPETC,EQ,31-Aug-2026,73.36,75.0,84.8,73.62,81.75,73402171,60502.04,252514,3294899.0,4.49,2026-08-31
MANAPPURAM,EQ,31-Aug-2026,348.9,341.45,345.0,337.85,340.1,4825226,16492.43,35660,2479350.0,51.38,2026-08-31
MANAV,SM,31-Aug-2026,34.4,36.0,36.1,36.0,36.0,12000,4.32,3,12000.0,100.0,2026-08-31
MANBA,EQ,31-Aug-2026,130.81,130.81,131.09,129.0,129.73,63369,82.41,585,15956.0,25.18,2026-08-31
MANBRO,EQ,31-Aug-2026,59.64,60.7,60.7,53.68,53.68,139546,78.98,673,42768.0,30.65,2026-08-31
MANCREDIT,EQ,31-Aug-2026,247.65,249.0,261.5,239.0,242.74,249942,624.82,3550,95430.0,38.18,2026-08-31
MANDEEP,SM,31-Aug-2026,18.05,18.1,18.15,18.1,18.15,50000,9.07,7,50000.0,100.0,2026-08-31
MANGALAM,EQ,31-Aug-2026,31.94,31.73,32.5,30.7,31.74,20199,6.45,288,14340.0,70.99,2026-08-31
MANGLMCEM,EQ,31-Aug-2026,1062.9,1062.95,1102.0,1060.0,1071.75,261791,2839.62,10863,123869.0,47.32,2026-08-31
MANINDS,EQ,31-Aug-2026,768.2,767.5,773.35,746.35,752.95,486506,3694.03,20598,217509.0,44.71,2026-08-31
MANINFRA,EQ,31-Aug-2026,122.81,122.81,123.9,120.81,122.62,2592923,3173.93,11923,1006687.0,38.82,2026-08-31
MANIPALHOS,EQ,31-Aug-2026,771.65,775.95,784.0,759.25,762.8,1043905,8020.34,24245,547816.0,52.48,2026-08-31
MANKIND,EQ,31-Aug-2026,2382.9,2407.6,2419.2,2343.6,2419.2,391957,9341.7,16968,277384.0,70.77,2026-08-31
MANOMAY,EQ,31-Aug-2026,225.93,225.61,228.0,220.39,223.09,70308,157.71,1509,5278.0,7.51,2026-08-31
MANORAMA,EQ,31-Aug-2026,1889.4,1892.0,1955.0,1856.9,1890.8,442413,8435.58,30767,192353.0,43.48,2026-08-31
MANORG,EQ,31-Aug-2026,510.6,513.0,535.0,503.75,519.5,14191,73.32,293,11813.0,83.24,2026-08-31
MANUFGBEES,EQ,31-Aug-2026,166.38,168.04,168.04,164.41,166.06,4643,7.66,152,3041.0,65.5,2026-08-31
MANUGRAPH,BE,31-Aug-2026,15.39,14.81,15.29,14.8,14.89,32539,4.86,30,,,2026-08-31
MANYAVAR,EQ,31-Aug-2026,547.8,546.7,548.8,533.3,545.25,365032,1980.38,29000,208949.0,57.24,2026-08-31
MAPMYINDIA,EQ,31-Aug-2026,965.9,970.0,1033.0,950.3,1013.4,706255,7041.49,38563,174811.0,24.75,2026-08-31
MARALOVER,EQ,31-Aug-2026,56.65,55.8,55.8,53.9,54.5,3143,1.72,65,2002.0,63.7,2026-08-31
MARATHON,EQ,31-Aug-2026,421.55,423.05,425.15,410.2,413.05,205782,859.06,2996,156256.0,75.93,2026-08-31
MARCO,SM,31-Aug-2026,31.9,31.85,34.0,30.75,34.0,18000,5.76,12,13500.0,75.0,2026-08-31
MARICO,EQ,31-Aug-2026,829.65,830.0,840.0,820.0,820.0,3971812,32913.05,43954,2931931.0,73.82,2026-08-31
MARINE,EQ,31-Aug-2026,406.8,406.5,406.5,380.15,400.85,1844097,7240.44,45709,662514.0,35.93,2026-08-31
MARKOLINES,EQ,31-Aug-2026,171.92,171.92,175.5,170.1,173.76,315129,548.21,1796,75924.0,24.09,2026-08-31
MARKSANS,EQ,31-Aug-2026,329.7,328.1,329.9,313.1,321.6,2486251,7939.11,50020,1095535.0,44.06,2026-08-31
MARSONS,EQ,31-Aug-2026,133.17,132.91,135.78,129.3,130.26,2858394,3773.08,15242,1539642.0,53.86,2026-08-31
MARUTI,EQ,31-Aug-2026,13376.0,13375.0,13547.0,13268.0,13547.0,443131,59427.33,58741,298886.0,67.45,2026-08-31
MASFIN,EQ,31-Aug-2026,294.4,291.0,309.95,288.3,304.55,1801135,5441.83,40415,1154551.0,64.1,2026-08-31
MASKINVEST,EQ,31-Aug-2026,145.0,145.0,152.25,140.05,152.24,172,0.26,12,137.0,79.65,2026-08-31
MASON,SM,31-Aug-2026,118.35,117.0,120.1,117.0,117.65,4500,5.31,9,2500.0,55.56,2026-08-31
MASPTOP50,EQ,31-Aug-2026,79.78,80.51,80.52,80.51,80.52,181151,145.86,1874,145711.0,80.44,2026-08-31
MASTEK,EQ,31-Aug-2026,1901.4,1901.0,1911.0,1720.1,1748.4,1576060,28109.24,87119,519079.0,32.94,2026-08-31
MASTER,SM,31-Aug-2026,449.0,435.0,435.0,435.0,435.0,500,2.18,1,500.0,100.0,2026-08-31
MASTERTR,EQ,31-Aug-2026,82.68,82.75,84.39,81.76,82.27,194239,160.79,1035,57230.0,29.46,2026-08-31
MATRIMONY,EQ,31-Aug-2026,515.0,514.25,527.45,509.05,518.7,12218,63.14,699,6483.0,53.06,2026-08-31
MAWANASUG,EQ,31-Aug-2026,147.94,149.16,157.8,146.09,149.1,715571,1091.52,10569,308105.0,43.06,2026-08-31
MAXESTATES,EQ,31-Aug-2026,539.05,549.8,560.95,505.75,512.5,887005,4691.65,26138,490525.0,55.3,2026-08-31
MAXHEALTH,EQ,31-Aug-2026,1014.1,1013.0,1042.1,1001.7,1042.1,1685171,17169.6,32673,1107858.0,65.74,2026-08-31
MAXIND,EQ,31-Aug-2026,150.4,151.52,152.43,147.84,150.79,34695,52.11,949,21807.0,62.85,2026-08-31
MAXVOLT,SM,31-Aug-2026,344.0,340.0,355.0,334.0,348.8,21200,72.73,47,15600.0,73.58,2026-08-31
MAYURUNIQ,EQ,31-Aug-2026,766.9,769.0,769.0,746.1,749.85,50403,380.98,3190,32243.0,63.97,2026-08-31
MAZDA,BE,31-Aug-2026,247.82,247.82,258.0,247.82,251.82,36774,92.77,376,,,2026-08-31
MAZDOCK,EQ,31-Aug-2026,2555.0,2555.0,2555.0,2476.1,2480.0,607734,15171.83,30610,244738.0,40.27,2026-08-31
MBAPL,EQ,31-Aug-2026,162.94,162.94,164.99,161.0,161.45,458732,744.04,7846,234047.0,51.02,2026-08-31
MBEL,EQ,31-Aug-2026,271.35,273.35,273.35,264.8,267.25,140164,375.87,5855,68007.0,48.52,2026-08-31
MBLINFRA,EQ,31-Aug-2026,23.27,23.27,23.3,22.37,22.82,14106,3.23,101,10944.0,77.58,2026-08-31
MCCHRLS-B,EQ,31-Aug-2026,687.8,684.4,694.95,665.0,690.3,41,0.28,13,39.0,95.12,2026-08-31
MCL,EQ,31-Aug-2026,59.17,60.0,60.5,56.98,57.66,48171,27.88,2374,20365.0,42.28,2026-08-31
MCLEODRUSS,EQ,31-Aug-2026,49.81,49.57,51.74,49.21,49.55,311078,156.35,2061,158080.0,50.82,2026-08-31
MCLOUD,EQ,31-Aug-2026,27.47,27.48,27.65,26.5,26.65,2438558,656.19,5103,1515609.0,62.15,2026-08-31
MCON,SM,31-Aug-2026,44.05,44.2,46.2,41.9,46.2,11000,4.88,7,8000.0,72.73,2026-08-31
MCX,EQ,31-Aug-2026,3332.0,3316.0,3400.0,3300.0,3400.0,2802136,93813.32,107246,1284106.0,45.83,2026-08-31
MEDANTA,EQ,31-Aug-2026,1472.2,1465.0,1490.4,1456.8,1479.7,246468,3641.84,20547,133375.0,54.11,2026-08-31
MEDIASSIST,EQ,31-Aug-2026,333.8,335.0,335.0,327.6,329.2,109305,360.47,4953,61038.0,55.84,2026-08-31
MEDICAMEQ,EQ,31-Aug-2026,248.88,246.0,265.0,246.0,261.47,109301,281.69,3217,58637.0,53.65,2026-08-31
MEDICAPQ,EQ,31-Aug-2026,25.91,26.03,26.5,26.03,26.49,101,0.03,5,101.0,100.0,2026-08-31
MEDICO,EQ,31-Aug-2026,42.41,42.59,42.59,41.5,42.35,220022,92.86,772,189871.0,86.3,2026-08-31
MEDIORG,SM,31-Aug-2026,24.5,25.7,25.7,25.65,25.65,6000,1.54,3,6000.0,100.0,2026-08-31
MEDISTEP,SM,31-Aug-2026,19.75,21.95,22.0,20.55,20.55,18000,3.89,6,15000.0,83.33,2026-08-31
MEDPLUS,EQ,31-Aug-2026,676.35,676.35,676.5,662.65,672.25,72278,484.26,6548,36797.0,50.91,2026-08-31
MEESHO,EQ,31-Aug-2026,208.63,208.0,211.73,204.25,205.39,12726384,26534.15,81669,6100744.0,47.94,2026-08-31
MEGAFLEX,SM,31-Aug-2026,95.0,95.0,95.0,95.0,95.0,1000,0.95,1,1000.0,100.0,2026-08-31
MEGASTAR,EQ,31-Aug-2026,311.6,313.15,313.15,306.2,307.2,809,2.51,130,533.0,65.88,2026-08-31
MEGATHERM,SM,31-Aug-2026,218.9,219.0,220.0,211.0,214.55,21600,46.51,39,18400.0,85.19,2026-08-31
MEIL,EQ,31-Aug-2026,299.4,298.2,298.2,282.8,287.15,65021,188.01,1553,33428.0,51.41,2026-08-31
MENNPIS,EQ,31-Aug-2026,73.97,74.0,74.0,71.4,71.59,84935,61.44,1049,52971.0,62.37,2026-08-31
MENONBE,BE,31-Aug-2026,284.62,275.5,290.25,272.0,287.01,60959,171.08,696,,,2026-08-31
MEP,BZ,31-Aug-2026,0.72,0.73,0.73,0.73,0.73,44831,0.33,19,,,2026-08-31
MERCURYEV,EQ,31-Aug-2026,38.67,38.87,39.99,38.87,38.96,80285,31.37,1313,56830.0,70.79,2026-08-31
METAL,EQ,31-Aug-2026,13.6,13.89,13.89,13.31,13.36,2235145,299.07,6058,1478820.0,66.16,2026-08-31
METALIC,ST,31-Aug-2026,131.1,134.8,137.65,134.0,137.65,182400,250.47,88,174400.0,95.61,2026-08-31
METALIETF,EQ,31-Aug-2026,13.56,13.56,13.57,13.28,13.33,6745132,899.43,14858,3743069.0,55.49,2026-08-31
METROBRAND,EQ,31-Aug-2026,936.7,931.9,932.1,915.0,919.6,9799,90.48,2293,6690.0,68.27,2026-08-31
METROGLOBL,EQ,31-Aug-2026,139.93,139.86,141.0,137.0,138.04,259,0.36,20,152.0,58.69,2026-08-31
METROPOLIS,EQ,31-Aug-2026,588.45,589.0,591.95,568.0,582.35,415667,2413.78,18705,148838.0,35.81,2026-08-31
MFML,EQ,31-Aug-2026,18.55,19.45,19.45,18.26,18.35,716,0.13,40,584.0,81.56,2026-08-31
MFSL,EQ,31-Aug-2026,1564.4,1561.3,1576.2,1547.0,1573.1,389651,6108.29,20928,273739.0,70.25,2026-08-31
MGEL,BE,31-Aug-2026,14.45,14.46,14.75,13.99,14.11,76522,10.96,186,,,2026-08-31
MGL,EQ,31-Aug-2026,1092.6,1089.0,1095.3,1065.2,1069.3,248071,2673.41,15767,159122.0,64.14,2026-08-31
MGSL,SM,31-Aug-2026,81.95,87.0,87.0,81.0,81.0,12000,9.88,10,9600.0,80.0,2026-08-31
MHLXMIRU,BE,31-Aug-2026,178.3,181.9,181.9,178.2,178.29,4660,8.33,50,,,2026-08-31
MHRIL,EQ,31-Aug-2026,211.39,211.3,213.08,209.1,209.65,128032,269.71,3031,89594.0,69.98,2026-08-31
MICEL,BE,31-Aug-2026,41.54,41.6,42.5,39.47,39.81,536276,215.58,2245,,,2026-08-31
MICROPRO,SM,31-Aug-2026,18.5,18.65,18.65,18.65,18.65,1600,0.3,1,1600.0,100.0,2026-08-31
MID150,EQ,31-Aug-2026,23.97,24.0,24.2,23.65,23.81,63322,15.04,324,60625.0,95.74,2026-08-31
MID150BEES,EQ,31-Aug-2026,243.63,246.13,246.13,241.05,242.15,586198,1418.19,9685,380045.0,64.83,2026-08-31
MID150CASE,EQ,31-Aug-2026,11.87,11.87,12.11,11.72,11.78,1533526,180.53,5069,1095872.0,71.46,2026-08-31
MIDBANKADD,EQ,31-Aug-2026,17.22,17.39,18.22,17.09,17.83,10234,1.79,46,9238.0,90.27,2026-08-31
MIDCAP,EQ,31-Aug-2026,18.83,18.83,19.21,18.58,18.69,418792,78.19,1422,256851.0,61.33,2026-08-31
MIDCAPADD,EQ,31-Aug-2026,23.6,23.6,24.29,23.31,23.66,2957500,693.44,251,2953992.0,99.88,2026-08-31
MIDCAPBETA,EQ,31-Aug-2026,238.13,239.32,239.32,235.08,236.84,1023,2.42,37,716.0,69.99,2026-08-31
MIDCAPETF,EQ,31-Aug-2026,24.07,24.32,24.32,23.81,23.92,3710252,886.74,7772,2734158.0,73.69,2026-08-31
MIDCAPIETF,EQ,31-Aug-2026,24.34,24.34,24.49,24.09,24.25,726756,175.84,3166,491235.0,67.59,2026-08-31
MIDHANI,EQ,31-Aug-2026,417.75,417.0,417.0,406.6,414.15,420195,1728.73,12329,163765.0,38.97,2026-08-31
MIDQ50ADD,EQ,31-Aug-2026,25.6,25.85,25.85,25.25,25.64,41401,10.53,185,25730.0,62.15,2026-08-31
MIDSELIETF,EQ,31-Aug-2026,20.13,20.13,20.18,19.9,20.05,169075,33.81,815,88755.0,52.49,2026-08-31
MIDSMALL,EQ,31-Aug-2026,52.75,52.75,52.86,52.08,52.41,261744,136.96,2070,128391.0,49.05,2026-08-31
MIDWESTLTD,EQ,31-Aug-2026,1106.6,1105.1,1134.0,1091.0,1096.8,10061,110.51,1038,4960.0,49.3,2026-08-31
MIEL,SM,31-Aug-2026,11.9,11.45,12.25,11.4,12.25,6000,0.7,3,4000.0,66.67,2026-08-31
MIIL,EQ,31-Aug-2026,709.95,715.55,724.0,689.0,706.35,85795,606.71,1657,34766.0,40.52,2026-08-31
MILKYMIST,EQ,31-Aug-2026,214.31,218.75,222.0,206.4,210.94,13349862,28617.93,91838,2766659.0,20.72,2026-08-31
MILTON,SM,31-Aug-2026,36.5,38.0,38.0,38.0,38.0,2200,0.84,1,2200.0,100.0,2026-08-31
MINALIND,BE,31-Aug-2026,4.2,4.41,4.41,4.41,4.41,64252,2.83,56,,,2026-08-31
MINDACORP,EQ,31-Aug-2026,702.8,702.8,720.15,695.45,712.55,503866,3574.29,21121,263313.0,52.26,2026-08-31
MINDSPACE,RR,31-Aug-2026,492.58,495.49,501.98,492.39,495.85,688166,3421.67,14222,578625.0,84.08,2026-08-31
MINDTECK,EQ,31-Aug-2026,176.4,178.51,178.99,171.95,173.36,17323,30.34,548,12072.0,69.69,2026-08-31
MIRZAINT,EQ,31-Aug-2026,31.83,31.82,32.04,31.42,31.64,59563,18.91,839,36805.0,61.79,2026-08-31
MITCON,BE,31-Aug-2026,76.1,76.1,78.97,76.0,78.74,1432,1.11,36,,,2026-08-31
MITTAL,EQ,31-Aug-2026,0.83,0.83,0.85,0.81,0.82,899179,7.43,402,524294.0,58.31,2026-08-31
MKEXIM,EQ,31-Aug-2026,62.6,63.86,63.86,60.33,62.08,17681,10.84,165,14515.0,82.09,2026-08-31
MKPL,EQ,31-Aug-2026,4.13,4.18,4.23,4.1,4.11,172888,7.14,382,127939.0,74.0,2026-08-31
MLKFOOD,EQ,31-Aug-2026,86.71,83.0,87.99,83.0,86.71,3217,2.78,133,2531.0,78.68,2026-08-31
MMEL,SM,31-Aug-2026,25.0,24.2,26.0,22.5,24.5,58000,14.03,20,54000.0,93.1,2026-08-31
MMFL,EQ,31-Aug-2026,641.7,640.0,652.75,620.3,650.1,140309,902.16,8772,69683.0,49.66,2026-08-31
MMP,EQ,31-Aug-2026,404.4,412.9,412.9,372.0,393.45,162115,631.66,4636,83474.0,51.49,2026-08-31
MMTC,EQ,31-Aug-2026,63.07,62.9,62.96,62.15,62.35,943688,588.69,6181,392240.0,41.56,2026-08-31
MMWL,EQ,31-Aug-2026,14.81,14.31,15.14,14.13,14.59,13913,2.01,100,11496.0,82.63,2026-08-31
MNC,EQ,31-Aug-2026,33.97,34.3,34.65,33.74,33.89,48518,16.42,413,40577.0,83.63,2026-08-31
MOALPHA50,EQ,31-Aug-2026,57.48,58.63,58.63,56.8,56.95,11371,6.49,130,11201.0,98.5,2026-08-31
MOBANK10,EQ,31-Aug-2026,16.85,16.8,17.08,16.8,16.91,33464,5.66,117,29768.0,88.96,2026-08-31
MOBIKWIK,EQ,31-Aug-2026,192.33,192.22,192.39,189.0,189.71,555254,1056.08,7618,202205.0,36.42,2026-08-31
MOBILISE,SM,31-Aug-2026,115.75,115.75,115.75,115.75,115.75,1600,1.85,1,1600.0,100.0,2026-08-31
MOCAPITAL,EQ,31-Aug-2026,55.39,55.38,55.7,54.45,54.73,614209,336.64,3697,259599.0,42.27,2026-08-31
MODEFENCE,EQ,31-Aug-2026,106.85,110.0,110.0,105.53,106.59,974260,1034.33,9047,578102.0,59.34,2026-08-31
MODINATUR,EQ,31-Aug-2026,347.95,340.0,349.0,336.1,343.7,34478,117.97,2039,11808.0,34.25,2026-08-31
MODIRUBBER,EQ,31-Aug-2026,132.63,132.24,132.24,127.01,129.55,1812,2.34,78,983.0,54.25,2026-08-31
MODIS,EQ,31-Aug-2026,377.45,380.1,381.15,376.15,379.7,19201,72.72,777,8854.0,46.11,2026-08-31
MODISONLTD,EQ,31-Aug-2026,412.8,418.7,454.05,418.7,454.05,392989,1764.76,5820,206912.0,52.65,2026-08-31
MODTHREAD,EQ,31-Aug-2026,53.51,52.7,54.25,51.2,53.58,4993,2.64,79,4009.0,80.29,2026-08-31
MOENERGY,EQ,31-Aug-2026,38.16,38.92,38.92,37.9,37.96,142310,54.05,972,129776.0,91.19,2026-08-31
MOGOLD,EQ,31-Aug-2026,156.85,153.7,153.7,150.0,152.6,64887,98.7,899,33315.0,51.34,2026-08-31
MOGSEC,EQ,31-Aug-2026,65.11,65.11,65.39,65.03,65.07,826,0.54,50,673.0,81.48,2026-08-31
MOHEALTH,EQ,31-Aug-2026,52.45,53.76,53.76,51.66,52.13,50952,26.55,720,32621.0,64.02,2026-08-31
MOHITE,EQ,31-Aug-2026,2.95,3.01,3.3,2.95,3.24,202176,6.35,298,163684.0,80.96,2026-08-31
MOHITIND,EQ,31-Aug-2026,24.69,25.8,25.8,23.53,24.08,5796,1.41,88,4896.0,84.47,2026-08-31
MOIL,EQ,31-Aug-2026,258.25,257.5,257.5,246.9,247.8,2985237,7418.32,37431,1700917.0,56.98,2026-08-31
MOINFRA,EQ,31-Aug-2026,59.36,58.55,61.31,58.02,59.57,15102,8.89,223,12651.0,83.77,2026-08-31
MOIPO,EQ,31-Aug-2026,49.26,49.11,49.17,48.66,48.81,5995,2.93,54,5594.0,93.31,2026-08-31
MOKSH,EQ,31-Aug-2026,10.69,10.44,10.64,10.32,10.48,93250,9.78,297,72894.0,78.17,2026-08-31
MOL,EQ,31-Aug-2026,60.94,61.19,65.6,58.57,63.94,5062453,3206.29,26563,1488809.0,29.41,2026-08-31
MOLBIO,EQ,31-Aug-2026,1094.75,1102.1,1161.1,1065.2,1086.3,1158527,12927.52,48850,127767.0,11.03,2026-08-31
MOLDTECH,BE,31-Aug-2026,194.07,194.5,197.0,192.0,195.98,30564,59.74,504,,,2026-08-31
MOLDTKPAC,EQ,31-Aug-2026,691.2,695.5,714.55,688.0,709.25,94897,670.95,5409,42179.0,44.45,2026-08-31
MOLOWVOL,EQ,31-Aug-2026,36.61,36.61,37.0,36.29,36.45,9955,3.62,82,9904.0,99.49,2026-08-31
MOM100,EQ,31-Aug-2026,69.12,69.49,69.49,68.41,68.83,427791,293.91,3262,283155.0,66.19,2026-08-31
MOM30IETF,EQ,31-Aug-2026,31.96,31.96,31.96,31.38,31.54,735788,232.61,2972,454791.0,61.81,2026-08-31
MOM50,EQ,31-Aug-2026,253.6,253.6,254.0,250.75,251.62,3060,7.72,150,1859.0,60.75,2026-08-31
MOMENTUM,EQ,31-Aug-2026,31.78,31.9,31.9,31.4,31.49,112504,35.53,293,47350.0,42.09,2026-08-31
MOMENTUM30,EQ,31-Aug-2026,31.48,31.48,31.8,31.0,31.06,42151,13.12,139,26881.0,63.77,2026-08-31
MOMENTUM50,EQ,31-Aug-2026,55.46,55.97,55.97,54.67,55.03,437797,240.53,2562,196290.0,44.84,2026-08-31
MOMETAL,EQ,31-Aug-2026,13.62,13.75,13.75,13.17,13.26,75593,10.04,83,27104.0,35.86,2026-08-31
MOMGF,EQ,31-Aug-2026,165.12,164.44,166.2,163.34,165.7,3301,5.43,42,2684.0,81.31,2026-08-31
MOMIDMTM,EQ,31-Aug-2026,65.49,66.68,66.97,63.99,64.73,229567,148.88,465,132423.0,57.68,2026-08-31
MOMMIDCAP,EQ,31-Aug-2026,13.27,13.18,13.32,13.11,13.17,3169649,417.48,983,2961600.0,93.44,2026-08-31
MOMNC,EQ,31-Aug-2026,33.05,32.9,32.94,32.8,32.94,1225,0.4,16,1225.0,100.0,2026-08-31
MOMOMENTUM,EQ,31-Aug-2026,63.5,63.55,64.0,62.63,62.78,24500,15.42,523,17977.0,73.38,2026-08-31
MON100,EQ,31-Aug-2026,327.1,332.2,332.2,332.2,332.2,462295,1535.74,3038,462287.0,100.0,2026-08-31
MON50EQUAL,EQ,31-Aug-2026,33.71,33.56,33.56,33.19,33.35,11315,3.77,83,4764.0,42.1,2026-08-31
MONARCH,EQ,31-Aug-2026,376.6,378.7,386.95,375.25,380.6,103311,393.79,2338,60163.0,58.23,2026-08-31
MONEXT50,EQ,31-Aug-2026,74.02,74.97,74.97,73.15,73.52,8720,6.39,84,7181.0,82.35,2026-08-31
MONEYBOXX,EQ,31-Aug-2026,56.97,56.0,57.85,56.0,57.8,3415,1.93,32,2765.0,80.97,2026-08-31
MONIFTY100,EQ,31-Aug-2026,25.5,25.66,25.66,25.26,25.41,11031,2.8,91,8599.0,77.95,2026-08-31
MONIFTY500,EQ,31-Aug-2026,24.11,24.25,24.25,23.89,23.96,381112,91.32,1773,334763.0,87.84,2026-08-31
MONOLITH,SM,31-Aug-2026,1226.0,1216.0,1240.0,1169.0,1177.6,47750,573.69,145,37000.0,77.49,2026-08-31
MONOPHARMA,SM,31-Aug-2026,9.0,8.55,9.0,8.55,9.0,12000,1.06,6,8000.0,66.67,2026-08-31
MONQ50,EQ,31-Aug-2026,146.37,148.03,148.04,147.15,148.04,86081,127.43,2056,83233.0,96.69,2026-08-31
MONTECARLO,EQ,31-Aug-2026,539.55,538.45,547.55,525.25,530.3,136923,729.31,7845,79238.0,57.87,2026-08-31
MOOILGAS,EQ,31-Aug-2026,11.11,11.33,11.33,11.0,11.12,4430,0.49,51,4401.0,99.35,2026-08-31
MOPSE,EQ,31-Aug-2026,98.57,98.5,99.97,97.9,99.95,1470,1.44,31,1468.0,99.86,2026-08-31
MOQUALITY,EQ,31-Aug-2026,201.57,201.16,201.35,200.6,200.62,840,1.69,19,825.0,98.21,2026-08-31
MORARJEE,BZ,31-Aug-2026,10.18,9.7,10.18,9.68,9.7,14858,1.47,37,,,2026-08-31
MOREALTY,EQ,31-Aug-2026,90.82,93.0,93.0,89.1,90.05,2147253,1931.26,2859,1606252.0,74.8,2026-08-31
MOREPENLAB,EQ,31-Aug-2026,106.19,106.13,110.38,101.52,107.16,41094007,43716.7,121348,10338756.0,25.16,2026-08-31
MOS,ST,31-Aug-2026,9.6,9.45,9.6,9.15,9.15,304000,28.11,58,284000.0,93.42,2026-08-31
MOSCHIP,EQ,31-Aug-2026,219.77,219.0,219.0,211.54,214.18,1578513,3371.42,19194,669679.0,42.42,2026-08-31
MOSERVICE,EQ,31-Aug-2026,31.22,31.22,31.5,30.85,31.01,3262,1.01,68,2978.0,91.29,2026-08-31
MOSILVER,EQ,31-Aug-2026,237.69,231.2,231.48,228.31,230.78,74753,171.73,2003,14553.0,19.47,2026-08-31
MOSMALL250,EQ,31-Aug-2026,18.55,18.55,18.65,18.34,18.49,849381,156.85,2801,369171.0,43.46,2026-08-31
MOTHERSON,EQ,31-Aug-2026,165.6,164.69,170.68,163.74,170.68,20098698,33369.77,62657,12562148.0,62.5,2026-08-31
MOTILALOFS,EQ,31-Aug-2026,1038.3,1041.3,1045.35,1022.0,1042.9,635723,6569.73,18633,331310.0,52.12,2026-08-31
MOTISONS,EQ,31-Aug-2026,16.64,16.76,16.78,16.13,16.24,15042446,2463.0,10855,4462159.0,29.66,2026-08-31
MOTOGENFIN,BE,31-Aug-2026,27.0,27.74,28.1,27.4,28.04,12719,3.52,71,,,2026-08-31
MOTOUR,EQ,31-Aug-2026,78.7,78.6,78.6,77.53,78.07,15909,12.41,259,11969.0,75.23,2026-08-31
MOVALUE,EQ,31-Aug-2026,113.08,112.75,113.45,112.01,112.31,71303,80.1,1008,55884.0,78.38,2026-08-31
MPDL,BE,31-Aug-2026,32.45,31.15,31.15,31.0,31.0,2174,0.68,22,,,2026-08-31
MPEL,ST,31-Aug-2026,38.7,24.7,24.7,24.7,24.7,1600,0.4,1,1600.0,100.0,2026-08-31
MPHASIS,EQ,31-Aug-2026,2455.0,2443.7,2443.7,2387.1,2427.4,354361,8547.98,19113,197276.0,55.67,2026-08-31
MPSLTD,EQ,31-Aug-2026,2677.9,2675.0,2703.6,2642.4,2683.8,8315,222.58,1838,4425.0,53.22,2026-08-31
MRF,EQ,31-Aug-2026,132080.0,131900.0,135800.0,131040.0,133745.0,12796,17079.83,7836,8328.0,65.08,2026-08-31
MRPL,EQ,31-Aug-2026,168.53,168.5,172.84,167.11,170.37,5763255,9813.77,37298,991401.0,17.2,2026-08-31
MSCI360,EQ,31-Aug-2026,10.22,10.27,10.27,10.08,10.21,1079,0.11,31,679.0,62.93,2026-08-31
MSCIADD,EQ,31-Aug-2026,29.78,29.52,29.72,29.51,29.72,1741,0.52,117,902.0,51.81,2026-08-31
MSCIINDIA,EQ,31-Aug-2026,30.14,30.48,30.48,29.9,30.08,54001,16.31,254,8514.0,15.77,2026-08-31
MSL,EQ,31-Aug-2026,147.0,147.73,147.73,135.1,135.1,248,0.34,24,245.0,98.79,2026-08-31
MSPL,EQ,31-Aug-2026,36.39,36.3,36.65,35.21,35.48,831053,298.83,3028,491260.0,59.11,2026-08-31
MSTCLTD,EQ,31-Aug-2026,729.65,732.0,763.0,717.9,751.1,730593,5457.44,22540,335930.0,45.98,2026-08-31
MSUMI,EQ,31-Aug-2026,37.74,37.7,37.74,36.62,36.79,8620766,3186.62,38859,5085057.0,58.99,2026-08-31
MTARTECH,BE,31-Aug-2026,6997.0,6950.0,7074.0,6800.0,7043.5,102068,7152.57,16012,,,2026-08-31
MTEDUCARE,BE,31-Aug-2026,1.72,1.73,1.8,1.65,1.78,79631,1.41,65,,,2026-08-31
MTNL,EQ,31-Aug-2026,27.25,27.25,27.85,27.05,27.22,757661,206.85,3123,249086.0,32.88,2026-08-31
MUFIN,EQ,31-Aug-2026,138.27,138.0,138.26,135.81,136.53,447793,612.67,2553,157970.0,35.28,2026-08-31
MUFTI,EQ,31-Aug-2026,75.92,75.92,75.93,73.98,74.41,91999,68.75,1600,53164.0,57.79,2026-08-31
MUKANDLTD,EQ,31-Aug-2026,137.27,137.01,139.99,135.2,137.38,88008,120.96,1132,61513.0,69.89,2026-08-31
MUKESHB,EQ,31-Aug-2026,145.83,138.6,138.7,138.54,138.55,2009,2.78,8,2009.0,100.0,2026-08-31
MUKKA,EQ,31-Aug-2026,25.06,25.0,25.64,24.3,24.81,366161,92.0,1568,186825.0,51.02,2026-08-31
MUKTAARTS,BE,31-Aug-2026,56.25,56.2,56.25,56.05,56.05,6237,3.5,37,,,2026-08-31
MULTICAP,EQ,31-Aug-2026,16.89,17.22,17.22,16.75,16.8,158360,26.62,677,92030.0,58.11,2026-08-31
MUNISH,SM,31-Aug-2026,87.45,88.0,89.9,87.0,88.0,15600,13.82,13,12000.0,76.92,2026-08-31
MUNJALAU,EQ,31-Aug-2026,112.4,111.5,116.7,110.6,115.79,984874,1129.65,10909,315158.0,32.0,2026-08-31
MUNJALSHOW,EQ,31-Aug-2026,130.97,131.1,131.94,129.83,130.39,17107,22.32,556,9743.0,56.95,2026-08-31
MURUDCERA,EQ,31-Aug-2026,30.69,30.8,30.94,29.0,30.24,18276,5.49,182,14371.0,78.63,2026-08-31
MUTHOOTCAP,EQ,31-Aug-2026,240.43,236.9,247.45,236.9,244.62,5918,14.32,342,3247.0,54.87,2026-08-31
MUTHOOTFIN,EQ,31-Aug-2026,3091.0,3048.2,3048.2,2978.1,2978.1,894840,26824.92,44027,380122.0,42.48,2026-08-31
MUTHOOTMF,EQ,31-Aug-2026,208.46,209.1,209.11,202.0,203.84,397251,812.72,5919,231437.0,58.26,2026-08-31
MVELECTRO,EQ,31-Aug-2026,719.55,718.95,780.0,693.05,760.45,10367613,76451.54,211963,636254.0,6.14,2026-08-31
MVGJL,EQ,31-Aug-2026,154.84,154.84,154.84,150.65,151.03,43786,66.52,930,26759.0,61.11,2026-08-31
MVKAGRO,SM,31-Aug-2026,185.25,194.5,194.5,189.0,194.5,887100,1725.14,468,747600.0,84.27,2026-08-31
MWL,EQ,31-Aug-2026,39.53,39.66,39.66,37.32,37.92,188740,72.61,826,145069.0,76.86,2026-08-31
MYMUDRA,SM,31-Aug-2026,71.55,74.5,74.5,70.35,70.35,28800,20.64,22,24000.0,83.33,2026-08-31
MYSORPETRO,BE,31-Aug-2026,125.07,118.82,118.82,118.82,118.82,3840,4.56,74,,,2026-08-31
NACLIND,EQ,31-Aug-2026,171.63,172.12,174.38,169.11,170.23,371469,636.49,7143,156301.0,42.08,2026-08-31
NAGAFERT,BZ,31-Aug-2026,2.15,2.08,2.08,2.05,2.05,682258,14.0,657,,,2026-08-31
NAGREEKCAP,EQ,31-Aug-2026,22.77,23.15,24.49,22.0,22.35,9258,2.13,154,2775.0,29.97,2026-08-31
NAGREEKEXP,EQ,31-Aug-2026,22.24,22.0,22.69,21.61,22.02,4116,0.91,82,3032.0,73.66,2026-08-31
NAHARCAP,EQ,31-Aug-2026,258.44,254.0,258.99,252.0,253.92,8051,20.45,83,7638.0,94.87,2026-08-31
NAHARINDUS,EQ,31-Aug-2026,135.99,135.0,142.89,135.0,136.45,31994,44.43,605,20943.0,65.46,2026-08-31
NAHARPOLY,EQ,31-Aug-2026,247.35,244.95,248.0,242.15,243.75,4684,11.42,237,3359.0,71.71,2026-08-31
NAHARSPING,EQ,31-Aug-2026,288.4,286.0,295.0,284.95,289.45,54535,158.53,882,35997.0,66.01,2026-08-31
NAM-INDIA,EQ,31-Aug-2026,1194.4,1194.2,1219.7,1172.3,1172.3,6320108,74447.85,33114,5479792.0,86.7,2026-08-31
NAMAN,SM,31-Aug-2026,38.0,38.1,39.9,37.0,39.9,11200,4.32,13,8800.0,78.57,2026-08-31
NAMOEWASTE,ST,31-Aug-2026,275.5,271.05,277.45,262.0,270.5,44800,119.92,51,42400.0,94.64,2026-08-31
NARMADA,EQ,31-Aug-2026,13.96,13.96,14.1,13.55,13.83,235608,32.67,889,134829.0,57.23,2026-08-31
NATCAPSUQ,EQ,31-Aug-2026,204.96,208.8,225.0,208.8,212.38,69502,150.75,1533,33074.0,47.59,2026-08-31
NATCOPHARM,EQ,31-Aug-2026,853.8,853.3,863.4,835.5,841.5,412911,3497.82,36565,252348.0,61.11,2026-08-31
NATHBIOGEN,EQ,31-Aug-2026,157.3,157.3,160.39,155.0,158.2,12831,20.29,354,8720.0,67.96,2026-08-31
NATIONALUM,EQ,31-Aug-2026,394.95,390.0,392.0,377.15,381.5,11959002,45503.31,83491,8086004.0,67.61,2026-08-31
NATIONSTD,EQ,31-Aug-2026,103.07,104.0,108.22,101.01,108.22,31624,33.85,417,23059.0,72.92,2026-08-31
NAUKRI,EQ,31-Aug-2026,1354.0,1354.0,1358.0,1313.0,1313.0,2345418,31068.87,42121,2025187.0,86.35,2026-08-31
NAVA,EQ,31-Aug-2026,564.85,567.7,569.95,555.7,568.1,293604,1658.71,11179,160332.0,54.61,2026-08-31
NAVINFLUOR,EQ,31-Aug-2026,8517.5,8517.5,8740.0,8435.5,8675.5,216396,18680.43,41548,101374.0,46.85,2026-08-31
NAVKARCORP,EQ,31-Aug-2026,96.88,96.88,97.39,94.72,96.03,308846,296.26,3251,179588.0,58.15,2026-08-31
NAVKARURB,BE,31-Aug-2026,0.94,0.94,0.96,0.91,0.91,572504,5.34,335,,,2026-08-31
NAVNETEDUL,EQ,31-Aug-2026,134.51,134.61,138.51,133.91,134.61,179507,243.84,3390,92920.0,51.76,2026-08-31
NAZARA,EQ,31-Aug-2026,374.6,376.6,378.3,366.3,372.7,5730211,21427.17,39448,2550413.0,44.51,2026-08-31
NBCC,EQ,31-Aug-2026,87.5,87.1,87.2,85.6,86.2,5142217,4426.27,30269,2280291.0,44.34,2026-08-31
NBIFIN,EQ,31-Aug-2026,1988.7,1999.9,2000.0,1940.0,1961.0,190,3.75,23,169.0,88.95,2026-08-31
NCC,EQ,31-Aug-2026,148.4,148.4,148.8,145.6,148.37,1532869,2260.57,18667,673155.0,43.91,2026-08-31
NCLIND,EQ,31-Aug-2026,176.26,177.6,177.6,172.73,173.73,56589,98.29,2778,42468.0,75.05,2026-08-31
NDGL,EQ,31-Aug-2026,2783.0,2789.0,2789.0,2740.0,2760.6,87,2.4,23,81.0,93.1,2026-08-31
NDL,EQ,31-Aug-2026,3.02,3.03,3.08,2.81,2.83,1903856,55.06,2328,1423937.0,74.79,2026-08-31
NDLVENTURE,EQ,31-Aug-2026,119.7,122.79,126.0,120.01,121.96,4675,5.73,173,3269.0,69.93,2026-08-31
NDRAUTO,EQ,31-Aug-2026,714.85,715.0,738.0,710.0,735.6,22114,160.74,1891,13366.0,60.44,2026-08-31
NDRINVIT,IV,31-Aug-2026,142.5,143.0,143.0,143.0,143.0,50000,71.5,2,50000.0,100.0,2026-08-31
NDTV,EQ,31-Aug-2026,73.77,74.19,74.19,71.61,72.2,93028,67.65,1061,65595.0,70.51,2026-08-31
NEAGI,EQ,31-Aug-2026,3450.0,3467.2,3600.0,3410.1,3496.7,34,1.19,17,23.0,67.65,2026-08-31
NECCLTD,BE,31-Aug-2026,16.91,17.31,17.31,16.07,16.27,38859,6.38,168,,,2026-08-31
NECLIFE,EQ,31-Aug-2026,12.47,12.48,12.93,12.42,12.54,227798,28.71,604,171836.0,75.43,2026-08-31
NEELAM,SM,31-Aug-2026,7.2,7.0,7.0,7.0,7.0,12000,0.84,2,12000.0,100.0,2026-08-31
NELCAST,EQ,31-Aug-2026,119.85,119.1,120.75,117.13,118.16,139927,165.82,1833,96288.0,68.81,2026-08-31
NELCO,EQ,31-Aug-2026,961.2,959.9,979.8,945.1,951.5,162293,1558.64,8314,47678.0,29.38,2026-08-31
NEOCHEM,SM,31-Aug-2026,98.0,94.0,101.9,94.0,99.0,26400,26.02,21,24000.0,90.91,2026-08-31
NEOGEN,EQ,31-Aug-2026,2209.8,2206.5,2215.3,2162.0,2201.2,85393,1870.79,16957,39092.0,45.78,2026-08-31
NEPHROCARE,SM,31-Aug-2026,102.25,102.25,104.5,101.0,101.85,12000,12.29,27,10400.0,86.67,2026-08-31
NEPHROPLUS,EQ,31-Aug-2026,692.35,692.35,692.4,669.0,682.95,247293,1680.53,13550,146391.0,59.2,2026-08-31
NEPTUNE,SM,31-Aug-2026,182.0,178.0,178.0,178.0,178.0,1500,2.67,3,1500.0,100.0,2026-08-31
NESCO,EQ,31-Aug-2026,1048.4,1050.1,1062.0,1031.3,1040.9,46705,488.11,5967,26613.0,56.98,2026-08-31
NESTLEIND,EQ,31-Aug-2026,1454.6,1445.1,1496.5,1427.6,1496.5,2320372,33919.12,33792,1733545.0,74.71,2026-08-31
NETF,EQ,31-Aug-2026,262.19,262.19,263.5,260.0,262.25,1254,3.29,211,907.0,72.33,2026-08-31
NETWEB,EQ,31-Aug-2026,5322.9,5322.0,5351.5,5141.0,5188.6,1058849,54937.28,89163,266165.0,25.14,2026-08-31
NETWORK18,EQ,31-Aug-2026,28.8,28.7,28.7,27.01,27.23,23912433,6552.4,35126,15551244.0,65.03,2026-08-31
NEUEON,BE,31-Aug-2026,13.34,13.78,13.78,12.68,12.68,24539,3.19,133,,,2026-08-31
NEULANDLAB,EQ,31-Aug-2026,23205.0,23265.0,23332.0,22824.0,23010.0,41464,9547.78,17043,21632.0,52.17,2026-08-31
NEWGEN,EQ,31-Aug-2026,567.1,562.0,562.05,526.0,528.85,2474710,13238.53,49623,961764.0,38.86,2026-08-31
NEWJAISA,ST,31-Aug-2026,17.6,17.95,17.95,17.95,17.95,39000,7.0,6,39000.0,100.0,2026-08-31
NEXT30ADD,EQ,31-Aug-2026,43.25,42.39,43.25,42.39,42.9,6321,2.71,87,6118.0,96.79,2026-08-31
NEXT50,EQ,31-Aug-2026,763.78,763.41,765.92,756.1,757.85,44448,337.21,2472,22210.0,49.97,2026-08-31
NEXT50ADD,EQ,31-Aug-2026,74.47,74.47,74.9,73.55,73.76,4484,3.31,61,2681.0,59.79,2026-08-31
NEXT50BETA,EQ,31-Aug-2026,79.81,79.81,80.32,79.06,79.41,52985,42.06,841,28213.0,53.25,2026-08-31
NEXT50ETF,EQ,31-Aug-2026,74.74,74.74,76.23,73.66,74.02,15935,11.8,179,14638.0,91.86,2026-08-31
NEXT50IETF,EQ,31-Aug-2026,78.25,78.38,78.38,77.33,77.4,1273708,987.94,7719,934230.0,73.35,2026-08-31
NEXTMEDIA,EQ,31-Aug-2026,4.62,5.3,5.52,4.62,4.98,1347728,70.27,2296,566002.0,42.0,2026-08-31
NFL,EQ,31-Aug-2026,71.09,71.07,71.07,70.1,70.37,412490,290.3,2955,178773.0,43.34,2026-08-31
NFPSAMPOOR,SM,31-Aug-2026,22.05,22.0,22.0,20.45,21.65,26000,5.55,12,20000.0,76.92,2026-08-31
NGIL,EQ,31-Aug-2026,41.53,41.01,41.52,40.27,40.96,81138,33.25,68,80065.0,98.68,2026-08-31
NGLFINE,EQ,31-Aug-2026,2813.4,2800.0,2803.0,2620.0,2649.5,18852,508.0,3943,12028.0,63.8,2026-08-31
NH,EQ,31-Aug-2026,1932.1,1932.1,1938.4,1896.9,1907.2,240562,4592.12,23654,163731.0,68.06,2026-08-31
NHPC,EQ,31-Aug-2026,74.82,74.98,76.72,74.3,76.72,16814619,12712.21,32962,12975480.0,77.17,2026-08-31
NIACL,EQ,31-Aug-2026,186.34,186.34,199.99,186.34,191.23,26274670,51521.07,194679,2379534.0,9.06,2026-08-31
NIBE,EQ,31-Aug-2026,1408.1,1409.7,1409.7,1360.0,1371.6,32949,452.62,3254,18397.0,55.83,2026-08-31
NIBL,EQ,31-Aug-2026,30.66,31.0,31.98,30.27,30.87,12737,3.95,193,8734.0,68.57,2026-08-31
NICCOPAR,EQ,31-Aug-2026,87.04,87.47,87.47,80.0,85.51,1663,1.4,99,1155.0,69.45,2026-08-31
NIDAN,SM,31-Aug-2026,13.5,13.5,13.75,13.1,13.2,5000,0.67,5,4000.0,80.0,2026-08-31
NIF100BEES,EQ,31-Aug-2026,267.89,267.3,268.99,265.85,268.29,30703,82.16,581,23141.0,75.37,2026-08-31
NIF100IETF,EQ,31-Aug-2026,28.22,28.15,28.22,28.0,28.13,76846,21.62,2056,42367.0,55.13,2026-08-31
NIF500BETA,EQ,31-Aug-2026,37.85,37.71,38.3,37.6,37.71,3875,1.46,26,3874.0,99.97,2026-08-31
NIFTY1,EQ,31-Aug-2026,268.17,268.17,274.7,266.0,267.32,63255,169.13,1588,34102.0,53.91,2026-08-31
NIFTY100EW,EQ,31-Aug-2026,35.54,35.45,35.54,35.19,35.38,382315,134.78,317,375368.0,98.18,2026-08-31
NIFTYADD,EQ,31-Aug-2026,254.81,253.45,255.59,253.14,254.19,6941,17.62,154,5015.0,72.25,2026-08-31
NIFTYAXIS,EQ,31-Aug-2026,267.88,265.55,267.39,265.55,267.01,20553,54.82,192,7014.0,34.13,2026-08-31
NIFTYBEES,EQ,31-Aug-2026,275.62,275.88,275.88,270.11,274.87,4690050,12872.9,47405,2925834.0,62.38,2026-08-31
NIFTYBETA,EQ,31-Aug-2026,268.24,270.6,270.6,266.45,267.54,53636,143.31,503,46730.0,87.12,2026-08-31
NIFTYBETF,EQ,31-Aug-2026,248.66,248.24,248.66,246.85,248.55,1399,3.46,78,966.0,69.05,2026-08-31
NIFTYCASE,EQ,31-Aug-2026,9.69,9.69,11.61,9.5,9.75,1517025,147.33,2063,1106099.0,72.91,2026-08-31
NIFTYETF,EQ,31-Aug-2026,262.96,263.29,263.76,261.37,261.92,66656,174.64,931,32735.0,49.11,2026-08-31
NIFTYIETF,EQ,31-Aug-2026,274.23,270.25,274.82,270.25,273.42,866411,2366.57,20464,685147.0,79.08,2026-08-31
NIFTYJBLK,EQ,31-Aug-2026,12.39,12.67,12.67,12.05,12.23,146129,18.02,993,97458.0,66.69,2026-08-31
NIFTYQLITY,EQ,31-Aug-2026,21.55,21.55,21.58,21.13,21.45,57238,12.25,243,46317.0,80.92,2026-08-31
NIITLTD,EQ,31-Aug-2026,105.52,105.52,108.0,100.5,101.44,1128924,1186.98,12217,506650.0,44.88,2026-08-31
NIITMTS,EQ,31-Aug-2026,233.07,234.5,234.5,224.8,227.12,66127,150.3,4062,34930.0,52.82,2026-08-31
NILAINFRA,EQ,31-Aug-2026,6.79,6.9,6.9,6.7,6.74,179658,12.14,539,147127.0,81.89,2026-08-31
NILASPACES,EQ,31-Aug-2026,12.55,12.8,12.8,12.44,12.55,378591,47.52,1316,222944.0,58.89,2026-08-31
NILE,EQ,31-Aug-2026,1487.4,1509.0,1525.0,1457.1,1498.2,3192,47.54,617,1678.0,52.57,2026-08-31
NILKAMAL,EQ,31-Aug-2026,2071.9,2058.0,2058.0,1980.2,2006.2,49450,992.32,5710,23860.0,48.25,2026-08-31
NIMBSPROJ,EQ,31-Aug-2026,169.98,170.0,174.0,169.7,172.12,187585,323.44,153,64060.0,34.15,2026-08-31
NINSYS,EQ,31-Aug-2026,722.8,730.0,730.0,703.0,714.0,3014,21.49,425,1530.0,50.76,2026-08-31
NIPPOBATRY,EQ,31-Aug-2026,326.35,334.0,334.0,315.15,326.85,2206,7.15,140,1297.0,58.79,2026-08-31
NIRAJ,EQ,31-Aug-2026,29.35,29.35,29.7,29.26,29.32,31120,9.17,151,28432.0,91.36,2026-08-31
NIRAJISPAT,EQ,31-Aug-2026,295.9,355.08,355.08,355.08,355.08,428,1.52,36,428.0,100.0,2026-08-31
NIRLON,EQ,31-Aug-2026,642.65,648.6,650.0,645.15,647.35,13162,85.29,852,9647.0,73.29,2026-08-31
NIRMAN,SM,31-Aug-2026,28.8,29.6,29.6,28.75,29.0,11400,3.33,30,8700.0,76.32,2026-08-31
NITCO,EQ,31-Aug-2026,95.59,95.9,95.9,93.26,93.99,375191,353.78,3838,158132.0,42.15,2026-08-31
NITINSPIN,EQ,31-Aug-2026,626.4,621.0,641.5,620.1,627.4,143546,903.89,5222,58196.0,40.54,2026-08-31
NITIRAJ,EQ,31-Aug-2026,200.05,197.05,205.0,197.05,204.23,6446,13.13,256,4295.0,66.63,2026-08-31
NITTAGELA,EQ,31-Aug-2026,1656.1,1675.0,1706.5,1593.1,1620.7,4350,70.73,602,2623.0,60.3,2026-08-31
NIVABUPA,EQ,31-Aug-2026,81.8,81.42,81.93,80.76,81.26,354517,288.61,6322,185385.0,52.29,2026-08-31
NKIND,EQ,31-Aug-2026,59.89,62.75,62.75,58.0,58.1,1775,1.04,58,1376.0,77.52,2026-08-31
NLCINDIA,EQ,31-Aug-2026,270.6,270.6,272.25,266.05,267.4,2058793,5521.07,34047,1004780.0,48.8,2026-08-31
NMDC,EQ,31-Aug-2026,86.76,86.3,88.2,85.1,88.2,16906053,14574.11,37876,10796662.0,63.86,2026-08-31
NMSTEEL,SM,31-Aug-2026,24.0,23.5,23.5,23.0,23.0,3200,0.74,2,3200.0,100.0,2026-08-31
NOCIL,EQ,31-Aug-2026,164.96,164.8,172.9,163.12,171.45,1326791,2253.05,14616,525588.0,39.61,2026-08-31
NOIDATOLL,EQ,31-Aug-2026,4.2,4.38,4.38,4.13,4.21,39856,1.69,288,33275.0,83.49,2026-08-31
NORBTEAEXP,EQ,31-Aug-2026,69.0,70.72,70.72,68.5,68.5,353,0.24,10,353.0,100.0,2026-08-31
NORTHARC,EQ,31-Aug-2026,285.75,301.3,319.6,298.6,311.65,25296223,78485.21,280273,4939052.0,19.52,2026-08-31
NOVAAGRI,BE,31-Aug-2026,24.46,24.46,25.5,24.0,25.41,61311,15.14,236,,,2026-08-31
NOVARTIND,EQ,31-Aug-2026,1486.3,1487.0,1577.0,1480.0,1554.4,31457,486.64,4281,16271.0,51.72,2026-08-31
NPBET,EQ,31-Aug-2026,287.9,287.9,294.65,285.75,286.73,1046,3.03,50,561.0,53.63,2026-08-31
NPST,EQ,31-Aug-2026,1701.1,1715.2,1715.5,1651.1,1670.6,19622,328.07,3288,8919.0,45.45,2026-08-31
NRAIL,EQ,31-Aug-2026,497.5,497.5,514.4,494.55,510.0,6910,34.81,397,4863.0,70.38,2026-08-31
NRBBEARING,EQ,31-Aug-2026,469.65,465.0,477.1,458.8,473.85,356380,1674.62,9767,173565.0,48.7,2026-08-31
NRL,BE,31-Aug-2026,125.0,124.0,124.0,122.5,122.5,65909,80.76,66,,,2026-08-31
NRVANDANA,SM,31-Aug-2026,63.45,66.5,71.4,64.9,68.55,129000,88.46,40,75000.0,58.14,2026-08-31
NSIL,EQ,31-Aug-2026,5715.5,5710.0,5761.5,5631.0,5703.0,1267,72.05,270,952.0,75.14,2026-08-31
NSLNISP,EQ,31-Aug-2026,49.02,48.35,48.48,45.8,46.19,16317011,7611.42,40742,5468239.0,33.51,2026-08-31
NTCIND,EQ,31-Aug-2026,133.47,133.47,138.49,130.0,134.8,1684,2.24,52,1332.0,79.1,2026-08-31
NTPC,EQ,31-Aug-2026,330.05,330.1,330.45,323.5,327.4,18400774,60061.85,95662,9374715.0,50.95,2026-08-31
NTPCGREEN,EQ,31-Aug-2026,90.82,90.61,90.65,89.1,89.51,2180606,1952.33,30772,1222164.0,56.05,2026-08-31
NUCLEUS,EQ,31-Aug-2026,745.2,750.6,750.6,733.3,744.4,26116,193.48,1218,15777.0,60.41,2026-08-31
NURECA,BE,31-Aug-2026,331.05,336.1,339.45,323.0,331.8,4270,14.21,99,,,2026-08-31
NUVAMA,EQ,31-Aug-2026,1805.0,1805.0,1805.0,1739.5,1753.6,166778,2946.52,18011,100192.0,60.08,2026-08-31
NUVOCO,EQ,31-Aug-2026,324.85,323.65,324.6,318.0,318.9,149999,480.09,7514,84882.0,56.59,2026-08-31
NV20,EQ,31-Aug-2026,13.96,13.96,13.96,13.86,13.93,24908,3.47,221,19959.0,80.13,2026-08-31
NV20BEES,EQ,31-Aug-2026,139.53,140.14,140.18,138.63,139.36,9049,12.6,280,5109.0,56.46,2026-08-31
NV20IETF,EQ,31-Aug-2026,13.62,13.88,13.88,13.52,13.56,351046,47.56,1999,241751.0,68.87,2026-08-31
NXST,RR,31-Aug-2026,167.01,167.95,168.0,167.01,167.79,537034,900.67,27323,476898.0,88.8,2026-08-31
NXT-INFRA,IV,31-Aug-2026,97.06,97.16,97.16,96.5,96.5,225000,218.22,7,225000.0,100.0,2026-08-31
NYKAA,EQ,31-Aug-2026,335.65,334.4,349.55,333.35,349.55,7930224,27185.76,65086,5186707.0,65.4,2026-08-31
OAL,EQ,31-Aug-2026,487.8,485.0,485.0,450.0,463.9,124234,571.13,5038,44630.0,35.92,2026-08-31
OBCL,EQ,31-Aug-2026,55.4,53.2,57.9,53.2,54.82,11302,6.37,104,9381.0,83.0,2026-08-31
OBEROIRLTY,EQ,31-Aug-2026,1870.0,1861.0,1875.3,1842.1,1868.0,777602,14502.37,41595,534853.0,68.78,2026-08-31
OBSCP,SM,31-Aug-2026,866.05,866.05,884.0,853.4,869.9,36000,312.04,90,25600.0,71.11,2026-08-31
OCCLLTD,BE,31-Aug-2026,158.25,159.9,161.99,158.02,158.73,23940,38.06,183,,,2026-08-31
ODIGMA,EQ,31-Aug-2026,23.0,23.11,23.11,22.2,22.43,13178,2.96,220,13094.0,99.36,2026-08-31
ODYCORP,EQ,31-Aug-2026,7.98,7.67,7.79,7.32,7.38,93697,6.96,155,82666.0,88.23,2026-08-31
OFSS,EQ,31-Aug-2026,12190.0,12196.0,12540.0,12080.0,12540.0,487111,59884.81,36893,284012.0,58.31,2026-08-31
OIL,EQ,31-Aug-2026,482.85,486.6,500.0,479.25,483.15,4790739,23333.03,49888,1830544.0,38.21,2026-08-31
OILCOUNTUB,BE,31-Aug-2026,60.99,64.03,64.03,63.01,64.03,90546,57.91,291,,,2026-08-31
OILIETF,EQ,31-Aug-2026,11.23,11.24,11.24,11.15,11.22,1531427,171.25,2540,1059306.0,69.17,2026-08-31
OLAELEC,EQ,31-Aug-2026,38.98,39.0,42.25,38.31,41.12,178357536,72539.76,251255,42930541.0,24.07,2026-08-31
OLECTRA,EQ,31-Aug-2026,1312.3,1312.3,1323.0,1271.2,1276.7,440298,5641.21,24065,204982.0,46.56,2026-08-31
OLIL,SM,31-Aug-2026,415.0,410.0,424.0,407.0,420.0,29200,120.05,71,28800.0,98.63,2026-08-31
OMAXAUTO,EQ,31-Aug-2026,188.72,188.91,193.19,181.35,185.55,78494,145.98,1873,40004.0,50.96,2026-08-31
OMAXE,EQ,31-Aug-2026,131.74,131.5,132.69,124.0,125.52,4347484,5588.51,31242,870456.0,20.02,2026-08-31
OMFREIGHT,BE,31-Aug-2026,90.0,89.55,92.0,87.0,89.5,8623,7.6,126,,,2026-08-31
OMINFRAL,EQ,31-Aug-2026,83.01,83.4,84.57,82.0,82.22,22374,18.5,601,12463.0,55.7,2026-08-31
OMNI,EQ,31-Aug-2026,565.55,568.25,568.3,536.55,540.5,515214,2826.29,15748,219419.0,42.59,2026-08-31
OMPOWER,EQ,31-Aug-2026,175.31,175.41,179.0,173.03,174.16,160344,282.7,2415,82042.0,51.17,2026-08-31
ONDOOR,SM,31-Aug-2026,305.8,305.8,305.8,295.0,301.0,1800,5.43,6,1200.0,66.67,2026-08-31
ONEGLOBAL,EQ,31-Aug-2026,546.7,550.0,561.75,520.0,532.55,9861,53.63,456,5843.0,59.25,2026-08-31
ONELIFECAP,BE,31-Aug-2026,31.3,31.3,32.7,30.3,32.39,13947,4.46,69,,,2026-08-31
ONEPOINT,EQ,31-Aug-2026,55.03,55.19,55.24,53.9,54.78,385439,210.91,1458,200135.0,51.92,2026-08-31
ONESOURCE,EQ,31-Aug-2026,1532.2,1539.0,1539.0,1506.2,1519.1,98831,1502.73,13836,50782.0,51.38,2026-08-31
ONGC,EQ,31-Aug-2026,232.25,233.8,234.95,231.7,231.8,11732655,27309.95,95539,6914614.0,58.93,2026-08-31
ONIDA,EQ,31-Aug-2026,36.19,35.53,36.5,35.53,36.2,232475,84.0,1088,160541.0,69.06,2026-08-31
ONIXSOLAR,EQ,31-Aug-2026,316.05,331.85,331.85,325.0,331.8,592882,1965.91,2072,398447.0,67.21,2026-08-31
ONMOBILE,BE,31-Aug-2026,51.54,50.51,50.51,50.51,50.51,19865,10.03,144,,,2026-08-31
ONWARDTEC,EQ,31-Aug-2026,287.2,285.0,294.0,284.05,289.75,57308,165.82,1498,31252.0,54.53,2026-08-31
ONYX,ST,31-Aug-2026,42.05,40.6,42.05,40.5,41.0,50000,20.45,13,50000.0,100.0,2026-08-31
OPTIEMUS,EQ,31-Aug-2026,579.6,581.05,589.45,568.45,574.15,131536,758.81,7868,53971.0,41.03,2026-08-31
OPTIFIN,EQ,31-Aug-2026,13.03,13.29,13.36,13.02,13.27,6033,0.8,46,5509.0,91.31,2026-08-31
OPTIMYSTIX,SM,31-Aug-2026,174.55,170.4,170.4,160.0,169.95,76000,128.09,61,60000.0,78.95,2026-08-31
OPTIVALUE,ST,31-Aug-2026,187.65,190.0,190.0,182.05,182.85,27200,50.34,15,25600.0,94.12,2026-08-31
ORBTEXP,BE,31-Aug-2026,243.62,232.0,243.62,232.0,237.07,4053,9.63,85,,,2026-08-31
ORCHASP,EQ,31-Aug-2026,1.43,1.44,1.5,1.36,1.37,268591,3.79,337,224106.0,83.44,2026-08-31
ORCHPHARMA,EQ,31-Aug-2026,975.6,972.3,1000.0,948.0,970.9,27730,267.63,2299,14940.0,53.88,2026-08-31
ORIANA,SM,31-Aug-2026,1299.1,1299.15,1299.15,1220.0,1238.0,53475,666.87,553,36525.0,68.3,2026-08-31
ORICONENT,EQ,31-Aug-2026,55.82,54.5,55.8,54.01,54.63,8995,4.95,233,5872.0,65.28,2026-08-31
ORIENTALTL,EQ,31-Aug-2026,5.01,4.95,5.16,4.91,5.03,30073,1.5,204,25392.0,84.43,2026-08-31
ORIENTBELL,EQ,31-Aug-2026,379.25,390.0,393.0,366.1,390.4,104827,402.28,4536,56020.0,53.44,2026-08-31
ORIENTCEM,EQ,31-Aug-2026,131.37,131.37,131.37,129.32,129.55,119165,154.79,1549,65970.0,55.36,2026-08-31
ORIENTCER,EQ,31-Aug-2026,46.6,47.4,47.4,44.7,44.87,81879,37.45,2233,43243.0,52.81,2026-08-31
ORIENTELEC,EQ,31-Aug-2026,180.17,180.5,183.0,178.5,179.83,151675,273.78,4023,78170.0,51.54,2026-08-31
ORIENTHOT,EQ,31-Aug-2026,137.48,137.5,140.2,136.25,139.02,1691333,2338.05,7227,728560.0,43.08,2026-08-31
ORIENTLTD,BE,31-Aug-2026,80.1,84.0,84.0,80.01,82.22,2049,1.67,42,,,2026-08-31
ORIENTPPR,EQ,31-Aug-2026,17.21,17.01,17.3,16.5,16.86,498593,84.34,1064,337464.0,67.68,2026-08-31
ORIENTTECH,EQ,31-Aug-2026,244.8,244.8,244.8,238.05,239.0,132262,319.03,2483,71894.0,54.36,2026-08-31
ORIRAIL,EQ,31-Aug-2026,131.7,132.0,136.0,127.0,127.81,107168,140.01,1485,58999.0,55.05,2026-08-31
ORISSAMINE,EQ,31-Aug-2026,4462.2,4455.0,4455.1,4300.0,4314.4,9878,429.4,2299,4418.0,44.73,2026-08-31
ORKLAINDIA,EQ,31-Aug-2026,595.4,597.0,608.7,585.75,594.6,217344,1304.04,10224,144047.0,66.28,2026-08-31
ORTEL,BZ,31-Aug-2026,2.0,1.95,1.95,1.9,1.9,7481,0.14,9,,,2026-08-31
ORTINGLOBE,EQ,31-Aug-2026,14.93,15.0,15.3,14.65,15.3,1215,0.18,7,1215.0,100.0,2026-08-31
OSELDEVICE,SM,31-Aug-2026,393.7,392.0,392.0,383.05,384.85,17600,68.27,74,14600.0,82.95,2026-08-31
OSIAHYPER,BE,31-Aug-2026,2.5,2.5,2.54,2.38,2.46,565966,13.78,481,,,2026-08-31
OSWALAGRO,EQ,31-Aug-2026,37.65,37.99,38.0,36.85,37.56,63130,23.55,355,52248.0,82.76,2026-08-31
OSWALGREEN,EQ,31-Aug-2026,20.74,20.41,20.73,19.66,20.11,227383,45.8,1143,131569.0,57.86,2026-08-31
OSWALPUMPS,EQ,31-Aug-2026,295.55,295.0,296.95,289.5,292.3,279873,816.64,6111,134149.0,47.93,2026-08-31
OSWALSEEDS,EQ,31-Aug-2026,12.07,12.04,12.04,11.33,11.75,71325,8.35,415,51266.0,71.88,2026-08-31
OWAIS,ST,31-Aug-2026,77.95,79.5,79.5,79.5,79.5,40400,32.12,77,40400.0,100.0,2026-08-31
PACEDIGITK,EQ,31-Aug-2026,176.15,175.6,176.0,170.64,171.64,703237,1214.37,7637,391216.0,55.63,2026-08-31
PACIFICI,EQ,31-Aug-2026,136.0,137.0,144.9,137.0,141.94,611,0.86,25,511.0,83.63,2026-08-31
PAGEIND,EQ,31-Aug-2026,35985.0,35850.0,35945.0,35405.0,35800.0,28702,10257.44,8956,19317.0,67.3,2026-08-31
PAISALO,EQ,31-Aug-2026,67.56,67.6,67.95,66.25,67.31,5826181,3915.04,12243,3268544.0,56.1,2026-08-31
PAKKA,EQ,31-Aug-2026,78.38,78.95,78.95,75.71,76.19,71067,54.6,2410,41790.0,58.8,2026-08-31
PALASHSECU,EQ,31-Aug-2026,91.39,90.4,90.4,88.0,88.22,212,0.19,19,157.0,74.06,2026-08-31
PALREDTEC,BE,31-Aug-2026,55.9,55.9,55.9,53.11,53.11,2783,1.49,38,,,2026-08-31
PANACEABIO,EQ,31-Aug-2026,395.5,395.15,396.3,383.55,387.1,100764,392.28,2782,55960.0,55.54,2026-08-31
PANACHE,BE,31-Aug-2026,530.2,520.0,530.0,520.0,530.0,2969,15.55,53,,,2026-08-31
PANAMAPET,EQ,31-Aug-2026,465.2,469.9,481.0,460.0,471.35,221006,1043.93,6800,80866.0,36.59,2026-08-31
PANCHMAHQ,EQ,31-Aug-2026,304.15,305.65,305.65,302.0,302.0,8,0.02,3,8.0,100.0,2026-08-31
PANORAMA,EQ,31-Aug-2026,46.47,46.77,47.45,40.49,42.38,294670,127.91,906,155620.0,52.81,2026-08-31
PANSARI,EQ,31-Aug-2026,306.55,305.05,315.0,299.05,302.85,1313,3.99,45,1272.0,96.88,2026-08-31
PAR,EQ,31-Aug-2026,100.21,102.25,120.0,100.26,117.35,325805,378.19,5499,127969.0,39.28,2026-08-31
PARACABLES,EQ,31-Aug-2026,62.37,62.0,67.64,61.31,65.34,5542293,3620.53,23396,3026895.0,54.61,2026-08-31
PARADEEP,EQ,31-Aug-2026,165.88,165.74,165.88,159.44,160.04,5491423,8852.12,39596,2393356.0,43.58,2026-08-31
PARAGMILK,EQ,31-Aug-2026,237.65,237.65,256.6,237.55,254.42,3067737,7660.21,44098,988838.0,32.23,2026-08-31
PARAGON,SM,31-Aug-2026,47.55,47.55,48.6,46.0,47.25,22800,10.75,18,16800.0,73.68,2026-08-31
PARAMOUNT,SM,31-Aug-2026,30.35,30.4,30.4,30.4,30.4,2400,0.73,2,2400.0,100.0,2026-08-31
PARAS,EQ,31-Aug-2026,1439.7,1439.0,1455.0,1405.6,1432.9,786335,11240.78,33914,233023.0,29.63,2026-08-31
PARASPETRO,EQ,31-Aug-2026,2.22,2.18,2.28,2.13,2.19,184249,4.09,340,104788.0,56.87,2026-08-31
PARIN,SM,31-Aug-2026,720.0,715.0,715.0,705.0,710.0,1000,7.11,4,1000.0,100.0,2026-08-31
PARKHOSPS,EQ,31-Aug-2026,290.55,290.5,290.8,285.9,286.55,272326,784.81,5632,147448.0,54.14,2026-08-31
PARKHOTELS,EQ,31-Aug-2026,112.33,113.14,113.6,110.9,112.48,118378,132.44,1871,68773.0,58.1,2026-08-31
PARNAXLAB,EQ,31-Aug-2026,128.4,129.04,138.0,129.0,132.0,3620,4.83,48,3421.0,94.5,2026-08-31
PARSVNATH,BE,31-Aug-2026,1.45,1.47,1.47,1.47,1.47,553823,8.14,179,,,2026-08-31
PARTH,SM,31-Aug-2026,498.95,511.85,536.0,505.05,528.25,49200,255.02,99,42400.0,86.18,2026-08-31
PARTYCRUS,SM,31-Aug-2026,83.5,85.0,85.0,85.0,85.0,1000,0.85,1,1000.0,100.0,2026-08-31
PASHUPATI,EQ,31-Aug-2026,84.18,84.2,84.2,83.16,83.34,5660,4.74,658,3789.0,66.94,2026-08-31
PASUPTAC,BE,31-Aug-2026,61.79,61.75,62.44,60.1,61.95,38527,23.85,184,,,2026-08-31
PATANJALI,EQ,31-Aug-2026,348.45,347.5,347.55,342.3,345.0,2180211,7508.97,26872,1362554.0,62.5,2026-08-31
PATELENG,EQ,31-Aug-2026,28.34,28.15,28.29,27.84,28.03,1834766,514.34,6481,974224.0,53.1,2026-08-31
PATELRMART,EQ,31-Aug-2026,232.68,232.69,232.86,226.2,226.72,34995,79.89,1325,21433.0,61.25,2026-08-31
PATILAUTOM,SM,31-Aug-2026,225.65,225.0,229.0,214.0,227.35,87000,194.19,92,65400.0,75.17,2026-08-31
PATINTLOG,BE,31-Aug-2026,13.06,13.2,13.2,12.42,13.0,53335,6.83,156,,,2026-08-31
PAUSHAKLTD,EQ,31-Aug-2026,776.7,774.0,789.3,751.0,758.05,39360,302.56,2837,14517.0,36.88,2026-08-31
PAVNAIND,EQ,31-Aug-2026,18.47,18.89,18.89,17.85,18.04,39901,7.26,272,37453.0,93.86,2026-08-31
PAYTM,EQ,31-Aug-2026,1650.9,1622.5,1717.1,1622.5,1717.1,2686950,44807.1,62095,1195739.0,44.5,2026-08-31
PBMPOLY,EQ,31-Aug-2026,64.61,70.0,70.0,59.6,60.8,391,0.25,14,385.0,98.47,2026-08-31
PCBL,EQ,31-Aug-2026,322.1,320.6,321.0,315.0,317.05,779246,2470.74,13545,414691.0,53.22,2026-08-31
PCCL,SM,31-Aug-2026,391.9,385.0,417.0,382.0,402.0,58800,236.05,116,45200.0,76.87,2026-08-31
PCJEWELLER,EQ,31-Aug-2026,10.94,10.88,11.14,10.69,10.99,353825112,38722.4,95663,70287905.0,19.87,2026-08-31
PDMJEPAPER,EQ,31-Aug-2026,94.98,97.8,99.8,94.0,95.21,772540,749.1,6164,288237.0,37.31,2026-08-31
PDSL,EQ,31-Aug-2026,369.75,366.5,373.3,360.5,368.1,171218,629.17,6416,93340.0,54.52,2026-08-31
PEARLPOLY,EQ,31-Aug-2026,15.16,15.68,15.68,14.91,15.49,3300,0.51,30,3173.0,96.15,2026-08-31
PELATRO,SM,31-Aug-2026,359.0,359.0,359.0,350.0,352.95,8400,29.82,25,7500.0,89.29,2026-08-31
PENIND,EQ,31-Aug-2026,162.28,162.0,168.0,161.05,166.13,613410,1012.74,9362,307851.0,50.19,2026-08-31
PENINLAND,BE,31-Aug-2026,16.99,16.64,16.65,16.15,16.15,75854,12.32,199,,,2026-08-31
PERFECT,SZ,31-Aug-2026,2.0,2.1,2.1,1.9,1.9,21000,0.42,6,21000.0,100.0,2026-08-31
PERMAGN,EQ,31-Aug-2026,893.95,890.0,904.0,870.1,882.95,4622,40.82,645,2382.0,51.54,2026-08-31
PERSISTENT,EQ,31-Aug-2026,5875.0,5855.5,5855.5,5593.0,5594.5,1111705,62714.71,85107,514563.0,46.29,2026-08-31
PETRONET,EQ,31-Aug-2026,292.0,292.0,300.6,289.0,300.6,2880149,8461.31,46207,2097595.0,72.83,2026-08-31
PFC,EQ,31-Aug-2026,352.0,352.0,352.3,336.3,336.3,13232527,45779.93,63228,8998806.0,68.01,2026-08-31
PFIZER,EQ,31-Aug-2026,4703.8,4705.0,4732.1,4673.0,4684.4,10457,491.53,3259,6344.0,60.67,2026-08-31
PFOCUS,EQ,31-Aug-2026,294.4,296.0,296.15,286.0,287.3,398686,1151.5,11019,197812.0,49.62,2026-08-31
PFS,EQ,31-Aug-2026,26.95,26.99,27.85,26.99,27.02,626341,170.19,2841,415469.0,66.33,2026-08-31
PGEL,EQ,31-Aug-2026,585.85,585.35,585.55,571.4,581.0,986065,5679.0,24583,424971.0,43.1,2026-08-31
PGHH,EQ,31-Aug-2026,8092.0,8126.5,8147.0,7970.0,7979.5,20411,1640.73,4982,10337.0,50.64,2026-08-31
PGHL,EQ,31-Aug-2026,5670.5,5641.0,5800.0,5641.0,5768.0,21082,1203.86,4151,11745.0,55.71,2026-08-31
PGIL,EQ,31-Aug-2026,2314.3,2330.0,2495.0,2314.0,2463.8,267169,6491.71,36619,100085.0,37.46,2026-08-31
PGINVIT,IV,31-Aug-2026,100.01,100.3,100.3,99.87,99.94,1361559,1361.26,6689,1263053.0,92.77,2026-08-31
PHANTOMFX,SM,31-Aug-2026,120.7,120.0,120.7,117.05,119.0,18300,21.95,30,17700.0,96.72,2026-08-31
PHARMABEES,EQ,31-Aug-2026,27.76,28.32,28.32,27.5,27.6,4324336,1193.93,11804,2707487.0,62.61,2026-08-31
PHOENIXLTD,EQ,31-Aug-2026,1917.0,1917.0,1920.4,1875.5,1900.0,789449,14971.86,33015,565932.0,71.69,2026-08-31
PHOENXINTL,EQ,31-Aug-2026,30.13,32.0,33.0,30.0,31.16,2002,0.62,53,1690.0,84.42,2026-08-31
PHOGLOBAL,SM,31-Aug-2026,15.2,15.35,15.35,13.2,14.15,82000,11.86,35,64000.0,78.05,2026-08-31
PICCADIL,EQ,31-Aug-2026,651.25,650.0,650.0,632.6,635.1,225994,1446.01,9130,119818.0,53.02,2026-08-31
PIDILITIND,EQ,31-Aug-2026,1629.5,1625.1,1687.7,1612.4,1687.7,1907573,31526.24,39232,1380477.0,72.37,2026-08-31
PIGL,EQ,31-Aug-2026,102.14,104.89,104.89,100.0,100.16,32567,32.84,663,17826.0,54.74,2026-08-31
PIIND,EQ,31-Aug-2026,2420.1,2422.9,2424.7,2370.0,2370.0,356031,8509.15,15023,246072.0,69.12,2026-08-31
PILANIINVS,EQ,31-Aug-2026,4387.9,4344.0,4416.8,4325.0,4353.4,509,22.17,168,297.0,58.35,2026-08-31
PILITA,EQ,31-Aug-2026,7.93,8.15,8.18,7.9,7.94,395776,31.66,247,394929.0,99.79,2026-08-31
PINELABS,EQ,31-Aug-2026,165.07,165.07,167.26,161.7,164.03,20261585,33213.52,72416,11593609.0,57.22,2026-08-31
PIONEEREMB,EQ,31-Aug-2026,21.95,21.75,21.99,21.3,21.76,9166,2.0,83,8907.0,97.17,2026-08-31
PIONRINV,BE,31-Aug-2026,82.45,83.65,83.68,82.85,82.85,746,0.62,10,,,2026-08-31
PIRAMALFIN,EQ,31-Aug-2026,2278.4,2298.4,2324.0,2259.1,2300.4,711123,16325.42,48544,389469.0,54.77,2026-08-31
PITTIENG,EQ,31-Aug-2026,1121.2,1127.0,1149.75,1101.1,1106.35,118983,1332.82,7819,56304.0,47.32,2026-08-31
PIXTRANS,EQ,31-Aug-2026,1843.3,1853.0,1866.0,1812.0,1818.6,14512,265.54,2182,7086.0,48.83,2026-08-31
PKTEA,EQ,31-Aug-2026,744.75,744.75,765.0,744.75,746.0,336,2.54,61,232.0,69.05,2026-08-31
PLADAINFO,SM,31-Aug-2026,9.9,9.9,9.9,9.9,9.9,6000,0.59,2,6000.0,100.0,2026-08-31
PLASTIBLEN,EQ,31-Aug-2026,189.56,189.8,190.78,184.22,185.48,22938,42.67,820,12671.0,55.24,2026-08-31
PLATIND,EQ,31-Aug-2026,230.58,230.55,239.1,223.03,235.3,137045,316.18,3519,70534.0,51.47,2026-08-31
PLAZACABLE,EQ,31-Aug-2026,53.86,54.86,56.55,53.93,56.55,102490,57.37,462,77483.0,75.6,2026-08-31
PML,EQ,31-Aug-2026,485.15,493.0,493.0,493.0,493.0,102,0.5,5,102.0,100.0,2026-08-31
PNB,EQ,31-Aug-2026,115.4,115.0,115.35,113.16,114.23,18423594,21049.37,44596,11288854.0,61.27,2026-08-31
PNBGILTS,EQ,31-Aug-2026,78.71,78.59,78.75,74.5,76.96,377028,289.85,3291,184112.0,48.83,2026-08-31
PNBHOUSING,EQ,31-Aug-2026,1169.9,1164.0,1164.0,1141.5,1148.7,641531,7391.15,27053,344302.0,53.67,2026-08-31
PNC,EQ,31-Aug-2026,16.99,19.69,19.69,16.11,17.31,14839,2.56,232,9910.0,66.78,2026-08-31
PNCINFRA,EQ,31-Aug-2026,195.22,194.3,194.85,187.01,188.15,641351,1214.02,18229,279381.0,43.56,2026-08-31
PNGJL,EQ,31-Aug-2026,598.0,598.0,600.3,579.6,583.9,639164,3746.03,20830,405675.0,63.47,2026-08-31
PNGSREVA,EQ,31-Aug-2026,542.25,545.0,561.0,532.6,536.55,84702,459.22,3059,35092.0,41.43,2026-08-31
POCL,EQ,31-Aug-2026,509.2,507.0,507.55,492.0,495.6,496408,2480.41,17318,261012.0,52.58,2026-08-31
PODDARMENT,EQ,31-Aug-2026,251.0,256.8,256.8,245.1,254.75,3848,9.75,195,2374.0,61.69,2026-08-31
POEL,EQ,31-Aug-2026,149.51,150.0,152.39,147.61,150.44,24640,36.94,484,17791.0,72.2,2026-08-31
POKARNA,EQ,31-Aug-2026,875.05,875.95,875.95,852.95,854.85,32302,277.26,2521,14556.0,45.06,2026-08-31
POLICYBZR,EQ,31-Aug-2026,1811.5,1811.0,1875.0,1796.4,1875.0,1151385,21185.36,31294,881528.0,76.56,2026-08-31
POLYCAB,EQ,31-Aug-2026,9088.0,9105.0,9445.0,8990.0,9445.0,387155,35494.18,30240,231154.0,59.71,2026-08-31
POLYMED,EQ,31-Aug-2026,1733.0,1730.1,1803.0,1706.5,1759.6,283673,5003.2,28165,124854.0,44.01,2026-08-31
POLYPLEX,EQ,31-Aug-2026,1184.4,1175.0,1203.9,1175.0,1182.6,87851,1049.19,6176,53367.0,60.75,2026-08-31
POLYSIL,SM,31-Aug-2026,55.25,57.9,58.0,53.05,58.0,185000,106.86,149,155000.0,83.78,2026-08-31
POLYSPIN,EQ,31-Aug-2026,29.52,29.66,30.87,28.78,30.46,874,0.25,18,834.0,95.42,2026-08-31
PONNIERODE,EQ,31-Aug-2026,396.95,404.4,418.0,397.15,403.3,67168,273.73,3637,32260.0,48.03,2026-08-31
POONAWALLA,EQ,31-Aug-2026,479.05,475.1,477.2,461.0,463.8,1067590,4959.22,26860,533960.0,50.02,2026-08-31
POSITRON,SM,31-Aug-2026,168.3,162.0,168.5,159.1,165.0,5400,8.83,17,4200.0,77.78,2026-08-31
POWERGRID,EQ,31-Aug-2026,266.05,266.05,266.05,263.15,263.55,11553385,30529.36,44595,7405830.0,64.1,2026-08-31
POWERICA,EQ,31-Aug-2026,517.7,517.5,525.0,506.05,519.0,76005,391.44,2825,38996.0,51.31,2026-08-31
POWERINDIA,EQ,31-Aug-2026,33330.0,33330.0,33760.0,32630.0,33760.0,74866,24700.3,20823,33160.0,44.29,2026-08-31
POWERMECH,EQ,31-Aug-2026,2580.6,2596.1,2600.1,2512.9,2521.2,38174,968.62,9356,18383.0,48.16,2026-08-31
PPAP,BE,31-Aug-2026,259.25,258.0,264.75,255.0,261.75,8054,20.89,169,,,2026-08-31
PPL,BE,31-Aug-2026,263.75,261.0,265.0,259.1,261.4,23731,62.44,288,,,2026-08-31
PPLPHARMA,EQ,31-Aug-2026,218.68,218.5,218.61,211.51,214.4,2681993,5741.41,25350,1128713.0,42.08,2026-08-31
PPSL,SM,31-Aug-2026,2.85,2.9,2.95,2.8,2.9,45000,1.29,15,39000.0,86.67,2026-08-31
PRABHA,EQ,31-Aug-2026,207.77,209.27,212.7,201.35,204.61,126997,262.6,2419,58154.0,45.79,2026-08-31
PRADPME,BE,31-Aug-2026,492.5,492.5,502.85,492.5,495.3,1829,9.11,26,,,2026-08-31
PRAENG,EQ,31-Aug-2026,20.63,20.0,21.69,20.0,21.49,111375,23.62,367,93015.0,83.52,2026-08-31
PRAJIND,EQ,31-Aug-2026,347.9,347.75,352.8,341.0,343.9,760408,2627.75,16608,274942.0,36.16,2026-08-31
PRAKASH,EQ,31-Aug-2026,129.97,129.94,130.3,126.7,127.4,249463,320.22,2970,123756.0,49.61,2026-08-31
PRAKASHSTL,EQ,31-Aug-2026,3.92,3.92,3.98,3.85,3.86,46158,1.79,269,34466.0,74.67,2026-08-31
PRAMARA,SM,31-Aug-2026,112.1,116.8,117.35,110.1,111.85,11000,12.51,13,7000.0,63.64,2026-08-31
PRAMODINI,ST,31-Aug-2026,114.8,114.0,116.55,111.55,116.5,36000,41.27,30,32400.0,90.0,2026-08-31
PRATHAM,SM,31-Aug-2026,118.15,119.35,119.55,119.35,119.35,2800,3.34,7,2800.0,100.0,2026-08-31
PRAVEG,EQ,31-Aug-2026,276.65,276.65,276.65,262.45,265.1,26500,70.9,1325,16254.0,61.34,2026-08-31
PRAXIS,EQ,31-Aug-2026,4.96,4.96,4.98,4.72,4.75,114702,5.52,274,98019.0,85.46,2026-08-31
PRECAM,EQ,31-Aug-2026,126.33,126.15,128.09,122.7,125.46,176005,219.83,3355,75852.0,43.1,2026-08-31
PRECISION,ST,31-Aug-2026,7.0,6.75,6.75,6.75,6.75,2000,0.14,1,2000.0,100.0,2026-08-31
PRECOT,EQ,31-Aug-2026,701.5,734.0,734.0,683.0,704.55,2953,20.74,296,2044.0,69.22,2026-08-31
PRECWIRE,EQ,31-Aug-2026,507.35,515.0,524.9,491.75,505.6,3000014,15182.36,72725,498596.0,16.62,2026-08-31
PREMCO,EQ,31-Aug-2026,381.2,391.0,391.0,380.15,380.4,1074,4.1,21,1038.0,96.65,2026-08-31
PREMEXPLN,EQ,31-Aug-2026,662.75,662.75,668.0,661.1,662.8,84856,562.93,2000,56205.0,66.24,2026-08-31
PREMIER,BE,31-Aug-2026,2.9,2.97,2.97,2.76,2.94,11139,0.32,42,,,2026-08-31
PREMIERENE,EQ,31-Aug-2026,1013.9,1013.9,1036.3,997.8,1036.3,1331386,13614.87,19078,907266.0,68.14,2026-08-31
PREMIERPOL,EQ,31-Aug-2026,93.86,94.51,95.75,88.89,90.58,356650,325.9,3927,161038.0,45.15,2026-08-31
PREMIUM,SM,31-Aug-2026,40.0,39.8,40.0,39.8,40.0,6000,2.39,2,6000.0,100.0,2026-08-31
PRESSTONIC,SM,31-Aug-2026,35.15,35.8,36.5,34.0,34.0,32800,11.32,31,31200.0,95.12,2026-08-31
PRESTIGE,EQ,31-Aug-2026,1588.0,1592.0,1633.0,1542.0,1633.0,698835,11112.83,23393,411500.0,58.88,2026-08-31
PRICOLLTD,EQ,31-Aug-2026,770.65,770.65,822.75,759.05,803.25,796849,6273.01,31283,395145.0,49.59,2026-08-31
PRIMECAB,ST,31-Aug-2026,204.0,203.45,203.45,194.25,195.5,25600,50.8,16,22400.0,87.5,2026-08-31
PRIMESECU,EQ,31-Aug-2026,287.85,287.85,291.0,278.25,286.95,27671,78.87,511,19302.0,69.76,2026-08-31
PRIMO,EQ,31-Aug-2026,21.33,21.02,21.48,21.02,21.12,64512,13.68,1681,28719.0,44.52,2026-08-31
PRINCEPIPE,EQ,31-Aug-2026,293.45,294.0,298.0,291.0,294.1,193298,568.4,4551,90283.0,46.71,2026-08-31
PRISMX,EQ,31-Aug-2026,0.55,0.55,0.55,0.53,0.53,92520,0.5,117,74419.0,80.44,2026-08-31
PRITI,BE,31-Aug-2026,34.35,34.64,34.64,33.0,33.25,6532,2.17,110,,,2026-08-31
PRITIKAUTO,BE,31-Aug-2026,17.09,17.01,17.18,16.91,17.06,77545,13.2,232,,,2026-08-31
PRIVISCL,EQ,31-Aug-2026,3458.0,3494.0,3494.0,3452.9,3474.1,38039,1321.69,7127,25653.0,67.44,2026-08-31
PRIZOR,ST,31-Aug-2026,1087.4,1109.1,1109.1,1109.1,1109.1,29200,323.86,36,29200.0,100.0,2026-08-31
PRLIND,SM,31-Aug-2026,42.6,42.0,43.2,41.8,42.1,15000,6.35,15,10000.0,66.67,2026-08-31
PROPSHOP,SM,31-Aug-2026,74.65,74.0,74.0,69.0,70.85,26000,18.59,13,20000.0,76.92,2026-08-31
PROSTARM,EQ,31-Aug-2026,135.31,134.61,138.99,133.0,136.18,164277,224.49,2395,74426.0,45.31,2026-08-31
PROTEAN,EQ,31-Aug-2026,539.75,538.75,538.75,519.75,520.85,267912,1408.22,8562,164041.0,61.23,2026-08-31
PROZONER,EQ,31-Aug-2026,44.91,44.0,45.49,43.82,44.92,215308,96.49,1410,146408.0,68.0,2026-08-31
PRSMJOHNSN,EQ,31-Aug-2026,111.18,111.18,112.66,110.81,111.22,343283,382.77,4376,166271.0,48.44,2026-08-31
PRUDENT,EQ,31-Aug-2026,3421.3,3404.3,4105.5,3365.9,3674.4,43144,1556.37,7996,24056.0,55.76,2026-08-31
PRUDMOULI,BE,31-Aug-2026,16.21,16.21,16.98,15.66,16.5,13485,2.22,56,,,2026-08-31
PSB,EQ,31-Aug-2026,23.14,23.25,23.25,22.81,22.89,973565,223.65,3081,649331.0,66.7,2026-08-31
PSFL,SM,31-Aug-2026,31.05,30.6,31.0,30.55,31.0,10000,3.08,5,6000.0,60.0,2026-08-31
PSPPROJECT,EQ,31-Aug-2026,889.0,889.0,898.8,873.6,876.7,31465,278.19,1982,14896.0,47.34,2026-08-31
PSRAJ,ST,31-Aug-2026,80.65,79.75,79.75,79.75,79.75,7500,5.98,3,7500.0,100.0,2026-08-31
PSUBANK,EQ,31-Aug-2026,86.15,86.15,86.15,84.68,85.27,172118,146.56,797,64209.0,37.31,2026-08-31
PSUBANKADD,EQ,31-Aug-2026,86.88,86.16,86.63,85.65,86.23,15987,13.78,277,5782.0,36.17,2026-08-31
PSUBNKBEES,EQ,31-Aug-2026,96.04,96.04,96.04,94.55,95.17,1546760,1470.33,7208,658642.0,42.58,2026-08-31
PSUBNKIETF,EQ,31-Aug-2026,87.17,86.58,87.17,85.85,86.54,122452,105.73,892,52453.0,42.84,2026-08-31
PTC,EQ,31-Aug-2026,157.69,157.69,157.69,150.25,150.89,9086084,13769.43,51028,6497901.0,71.51,2026-08-31
PTCIL,EQ,31-Aug-2026,22110.0,21920.0,22795.0,21550.0,22114.0,80039,17753.12,26369,18260.0,22.81,2026-08-31
PTL,EQ,31-Aug-2026,38.53,39.27,39.3,38.2,38.65,34913,13.46,956,23757.0,68.05,2026-08-31
PUNJABCHEM,EQ,31-Aug-2026,1126.9,1135.1,1135.1,1101.0,1118.5,5507,61.55,537,3325.0,60.38,2026-08-31
PURPLEUTED,ST,31-Aug-2026,415.75,410.85,410.85,395.0,402.5,16250,65.59,48,16250.0,100.0,2026-08-31
PURVA,EQ,31-Aug-2026,215.78,214.01,216.96,211.22,212.93,68816,146.27,2144,29243.0,42.49,2026-08-31
PURVFLEXI,SM,31-Aug-2026,49.1,50.8,51.55,50.05,51.55,36000,18.52,20,34400.0,95.56,2026-08-31
PUSHPA,SM,31-Aug-2026,113.6,113.45,113.45,113.4,113.4,2000,2.27,2,1000.0,50.0,2026-08-31
PVP,EQ,31-Aug-2026,65.22,67.88,68.48,63.33,68.48,6346569,4256.29,19913,2421727.0,38.16,2026-08-31
PVRINOX,EQ,31-Aug-2026,1220.9,1228.0,1239.4,1192.4,1207.7,371061,4488.77,28253,206007.0,55.52,2026-08-31
PVSL,EQ,31-Aug-2026,102.11,100.5,106.19,100.05,105.02,28175,29.08,719,17625.0,62.56,2026-08-31
PVTBANIETF,EQ,31-Aug-2026,28.02,28.15,28.17,27.87,28.05,1368111,383.83,1348,749625.0,54.79,2026-08-31
PVTBANK,EQ,31-Aug-2026,27.77,27.9,27.96,27.7,27.96,597,0.17,17,375.0,62.81,2026-08-31
PVTBANKADD,EQ,31-Aug-2026,28.15,28.19,28.27,28.1,28.16,81870,23.07,151,71977.0,87.92,2026-08-31
PVTBKGROWW,EQ,31-Aug-2026,27.86,28.22,28.22,27.65,27.92,23319,6.5,901,11374.0,48.78,2026-08-31
PWL,EQ,31-Aug-2026,119.46,120.0,120.2,115.57,116.3,9879919,11598.87,67846,4386479.0,44.4,2026-08-31
PYRAMID,EQ,31-Aug-2026,159.89,160.02,160.28,158.0,158.47,18960,30.17,561,12254.0,64.63,2026-08-31
QGOLDHALF,EQ,31-Aug-2026,131.17,134.44,134.44,124.82,127.78,143335,182.57,1718,39483.0,27.55,2026-08-31
QLINE,SM,31-Aug-2026,548.95,558.0,622.0,558.0,595.55,423200,2520.22,941,291600.0,68.9,2026-08-31
QMSMEDI,BE,31-Aug-2026,151.89,153.05,157.45,152.1,157.21,34735,54.0,232,,,2026-08-31
QNIFTY,EQ,31-Aug-2026,266.31,266.0,266.0,263.82,265.3,3551,9.4,148,1981.0,55.79,2026-08-31
QPOWER,EQ,31-Aug-2026,1431.2,1502.7,1502.7,1430.0,1435.8,599422,8855.24,20124,292139.0,48.74,2026-08-31
QUADFUTURE,EQ,31-Aug-2026,429.2,425.5,425.95,418.6,421.55,186934,789.15,5151,60715.0,32.48,2026-08-31
QUAL30IETF,EQ,31-Aug-2026,21.34,21.29,21.34,21.11,21.22,129355,27.39,281,97241.0,75.17,2026-08-31
QUALITY30,EQ,31-Aug-2026,20.96,20.96,20.96,20.72,20.91,7554,1.57,43,3977.0,52.65,2026-08-31
QUESS,EQ,31-Aug-2026,372.25,372.2,388.75,365.65,381.75,1028367,3917.8,30166,337259.0,32.8,2026-08-31
QUESTLAB,SM,31-Aug-2026,88.0,89.45,89.45,87.2,87.2,6000,5.32,5,4800.0,80.0,2026-08-31
QUICKHEAL,BE,31-Aug-2026,138.73,141.9,141.9,135.2,137.0,42510,58.68,540,,,2026-08-31
QUICKTOUCH,SM,31-Aug-2026,16.05,15.9,15.9,15.8,15.8,1500,0.24,3,1500.0,100.0,2026-08-31
QUINT,EQ,31-Aug-2026,40.74,42.99,43.0,40.0,41.02,9637,3.93,92,9030.0,93.7,2026-08-31
QUINTEGRA,BE,31-Aug-2026,1.27,1.27,1.33,1.21,1.21,19040,0.24,28,,,2026-08-31
QVCEL,SM,31-Aug-2026,27.1,24.9,26.9,24.8,24.8,27200,6.86,15,17600.0,64.71,2026-08-31
RACE,EQ,31-Aug-2026,100.55,101.05,101.05,99.1,101.0,375,0.38,27,343.0,91.47,2026-08-31
RACLGEAR,EQ,31-Aug-2026,1538.6,1536.0,1562.0,1520.0,1535.8,24297,375.4,3377,11188.0,46.05,2026-08-31
RADAAN,EQ,31-Aug-2026,3.12,3.1,3.16,2.93,3.07,15478,0.47,100,10854.0,70.13,2026-08-31
RADHIKAJWE,EQ,31-Aug-2026,68.76,68.96,69.65,66.91,67.45,255931,173.01,2583,118834.0,46.43,2026-08-31
RADIANTCMS,EQ,31-Aug-2026,39.27,39.08,40.59,39.0,39.7,278177,110.72,2389,178946.0,64.33,2026-08-31
RADICO,EQ,31-Aug-2026,4605.0,4582.6,4603.0,4471.1,4485.0,480565,21613.88,29618,334186.0,69.54,2026-08-31
RADIOCITY,EQ,31-Aug-2026,6.56,6.51,6.7,6.42,6.49,53482,3.49,150,45818.0,85.67,2026-08-31
RADIOWALLA,ST,31-Aug-2026,27.5,27.5,28.85,27.5,28.85,11200,3.21,7,11200.0,100.0,2026-08-31
RAILTEL,EQ,31-Aug-2026,278.9,278.2,278.45,274.5,275.9,291537,803.63,8236,107365.0,36.83,2026-08-31
RAIN,EQ,31-Aug-2026,199.31,198.0,199.9,193.5,195.35,3098328,6057.82,21036,1596883.0,51.54,2026-08-31
RAINBOW,EQ,31-Aug-2026,1442.8,1432.0,1442.0,1410.0,1414.7,90124,1279.84,13880,52572.0,58.33,2026-08-31
RAJESHEXPO,BZ,31-Aug-2026,76.81,77.5,77.5,75.1,75.93,112327,85.09,1171,,,2026-08-31
RAJINDLTD,SM,31-Aug-2026,65.25,65.25,65.25,65.0,65.0,4500,2.93,3,4500.0,100.0,2026-08-31
RAJMET,EQ,31-Aug-2026,3.13,3.1,3.17,3.1,3.1,321476,10.02,786,235546.0,73.27,2026-08-31
RAJOOENG,BE,31-Aug-2026,49.27,49.31,51.0,46.85,48.09,352322,171.51,1021,,,2026-08-31
RAJPALAYAM,EQ,31-Aug-2026,813.85,800.0,824.0,800.0,806.65,1769,14.24,62,1482.0,83.78,2026-08-31
RAJPUTANA,SM,31-Aug-2026,231.35,239.75,239.9,238.0,238.0,9500,22.71,15,8500.0,89.47,2026-08-31
RAJRATAN,EQ,31-Aug-2026,496.65,493.0,502.0,484.55,497.15,73943,365.08,4940,36606.0,49.51,2026-08-31
RAJRILTD,BE,31-Aug-2026,23.03,23.03,23.49,22.57,23.27,15616,3.61,145,,,2026-08-31
RAJSREESUG,EQ,31-Aug-2026,36.49,37.0,38.8,35.62,37.8,107407,40.49,1386,56977.0,53.05,2026-08-31
RAJTV,EQ,31-Aug-2026,10.4,10.63,10.63,9.88,9.88,148975,14.92,336,89044.0,59.77,2026-08-31
RALLIS,EQ,31-Aug-2026,209.63,209.1,210.14,205.11,207.19,3166067,6562.7,37876,1984276.0,62.67,2026-08-31
RAMANEWS,EQ,31-Aug-2026,31.8,30.57,32.35,30.57,31.32,10106,3.16,247,6556.0,64.87,2026-08-31
RAMAPHO,EQ,31-Aug-2026,125.8,126.99,126.99,122.35,123.36,15477,19.24,432,10746.0,69.43,2026-08-31
RAMASTEEL,BE,31-Aug-2026,4.41,4.38,4.38,4.33,4.33,1713362,74.84,1871,,,2026-08-31
RAMBHAJO,EQ,31-Aug-2026,250.51,248.0,258.5,236.11,240.32,1761091,4360.51,24514,435112.0,24.71,2026-08-31
RAMCOCEM,EQ,31-Aug-2026,895.65,899.0,899.5,877.15,879.55,134238,1187.58,13121,80260.0,59.79,2026-08-31
RAMCOIND,EQ,31-Aug-2026,335.7,333.2,334.0,325.6,328.05,133130,438.94,3079,67392.0,50.62,2026-08-31
RAMCOSYS,EQ,31-Aug-2026,578.4,578.3,597.9,570.0,575.25,131141,767.57,5190,61982.0,47.26,2026-08-31
RAMKY,EQ,31-Aug-2026,358.5,356.6,357.5,348.85,351.4,63691,224.36,2210,39417.0,61.89,2026-08-31
RAMRAT,EQ,31-Aug-2026,591.9,585.95,593.65,557.55,563.7,464912,2651.97,19487,186207.0,40.05,2026-08-31
RANASUG,EQ,31-Aug-2026,15.31,15.45,16.0,15.02,15.64,1689217,264.53,3829,761391.0,45.07,2026-08-31
RANEHOLDIN,EQ,31-Aug-2026,1598.9,1596.5,1596.5,1564.9,1566.8,10581,166.56,1228,7796.0,73.68,2026-08-31
RAPIDFLEET,SM,31-Aug-2026,225.0,227.0,241.0,225.0,236.1,18000,41.47,27,8400.0,46.67,2026-08-31
RAPPID,SM,31-Aug-2026,299.0,298.0,304.95,298.0,304.95,1800,5.45,3,1800.0,100.0,2026-08-31
RATEGAIN,EQ,31-Aug-2026,933.95,935.0,953.0,915.75,937.7,488881,4595.76,22939,240713.0,49.24,2026-08-31
RATNAMANI,EQ,31-Aug-2026,2611.1,2616.1,2680.0,2533.4,2649.7,102160,2685.74,16386,45763.0,44.8,2026-08-31
RATNAVEER,EQ,31-Aug-2026,294.95,297.0,314.9,296.0,306.02,9205781,28116.14,59123,2036720.0,22.12,2026-08-31
RAYMOND,EQ,31-Aug-2026,626.85,626.95,640.75,620.1,631.85,363188,2289.26,12797,148431.0,40.87,2026-08-31
RAYMONDLSL,EQ,31-Aug-2026,691.35,691.35,693.2,660.0,662.75,282505,1894.83,15957,146515.0,51.86,2026-08-31
RAYMONDREL,EQ,31-Aug-2026,557.05,556.0,559.0,528.05,532.2,440478,2378.77,11991,229037.0,52.0,2026-08-31
RBA,EQ,31-Aug-2026,100.97,101.0,101.0,96.3,98.1,3876506,3802.23,18740,1586781.0,40.93,2026-08-31
RBLBANK,EQ,31-Aug-2026,382.0,380.0,384.0,378.4,380.35,2117124,8057.37,30196,1234880.0,58.33,2026-08-31
RBMINFRA,SM,31-Aug-2026,235.1,235.1,247.0,235.1,241.2,21600,52.06,78,17600.0,81.48,2026-08-31
RBS,SM,31-Aug-2026,92.8,91.0,91.0,87.1,88.0,5600,4.95,7,5600.0,100.0,2026-08-31
RBZJEWEL,EQ,31-Aug-2026,146.2,146.0,153.18,144.21,150.79,146694,219.94,2783,79849.0,54.43,2026-08-31
RCDL,SM,31-Aug-2026,18.0,17.55,17.6,16.35,17.0,57000,9.7,19,51000.0,89.47,2026-08-31
RCDL-RE,ST,31-Aug-2026,8.0,5.9,6.25,4.8,4.8,243000,12.56,74,231000.0,95.06,2026-08-31
RCF,EQ,31-Aug-2026,119.81,119.5,119.7,113.22,113.52,7252796,8284.56,37947,4640153.0,63.98,2026-08-31
RCOM,BE,31-Aug-2026,0.81,0.82,0.82,0.81,0.81,2395111,19.53,1735,,,2026-08-31
READYMIX,SM,31-Aug-2026,84.5,82.6,88.8,82.0,84.4,29000,24.7,28,9000.0,31.03,2026-08-31
RECLTD,EQ,31-Aug-2026,316.8,316.85,323.3,311.1,323.3,8007477,25241.79,48942,4663116.0,58.23,2026-08-31
REDINGTON,EQ,31-Aug-2026,366.0,366.5,367.6,355.35,357.75,4353084,15606.37,50767,2308253.0,53.03,2026-08-31
REDTAPE,EQ,31-Aug-2026,126.01,126.03,126.83,123.0,124.15,319986,399.54,5364,180995.0,56.56,2026-08-31
REFEX,EQ,31-Aug-2026,287.55,285.0,289.45,280.25,282.5,275016,780.76,6256,146342.0,53.21,2026-08-31
REFRACTORY,SM,31-Aug-2026,27.0,28.35,28.35,28.3,28.3,2000,0.57,2,2000.0,100.0,2026-08-31
REGAAL,EQ,31-Aug-2026,92.51,92.51,94.47,87.8,89.02,675860,610.87,4004,469711.0,69.5,2026-08-31
REGENCERAM,EQ,31-Aug-2026,33.0,33.01,35.31,33.0,33.98,3454,1.17,52,2818.0,81.59,2026-08-31
RELAXO,EQ,31-Aug-2026,356.75,356.75,362.2,349.75,357.85,312369,1110.89,14235,130687.0,41.84,2026-08-31
RELCHEMQ,EQ,31-Aug-2026,115.33,116.5,118.0,113.0,113.85,6937,8.01,207,4801.0,69.21,2026-08-31
RELIABLE,EQ,31-Aug-2026,139.75,139.45,143.5,135.0,137.84,48930,68.15,880,14821.0,30.29,2026-08-31
RELIANCE,EQ,31-Aug-2026,1287.0,1278.7,1297.6,1271.0,1277.0,34871137,445802.84,244866,30329813.0,86.98,2026-08-31
RELIGARE,EQ,31-Aug-2026,233.05,238.0,246.8,234.0,242.8,5288798,12679.35,49295,3294090.0,62.28,2026-08-31
RELINFRA,BE,31-Aug-2026,60.6,59.65,61.4,59.39,59.39,200400,119.85,1124,,,2026-08-31
RELTD,EQ,31-Aug-2026,156.76,157.0,160.95,154.69,159.17,208758,330.32,3480,118489.0,56.76,2026-08-31
REMSONSIND,EQ,31-Aug-2026,86.49,86.6,99.7,86.29,98.48,770390,732.29,8373,328384.0,42.63,2026-08-31
REMUS,SM,31-Aug-2026,925.0,900.3,915.0,883.0,899.45,7000,62.91,34,5800.0,82.86,2026-08-31
RENUKA,EQ,31-Aug-2026,24.14,24.02,25.81,23.74,24.9,49071835,12285.11,95330,11331460.0,23.09,2026-08-31
REPCOHOME,EQ,31-Aug-2026,365.5,365.3,367.5,361.1,363.0,42944,156.1,1794,28588.0,66.57,2026-08-31
REPL,BE,31-Aug-2026,62.87,62.86,65.9,61.15,64.85,2161,1.35,25,,,2026-08-31
REPRO,EQ,31-Aug-2026,307.95,312.8,312.95,301.6,306.1,31415,96.73,700,23791.0,75.73,2026-08-31
RESPONIND,EQ,31-Aug-2026,153.55,154.0,154.0,149.0,149.05,49705,74.46,1133,28997.0,58.34,2026-08-31
RETAIL,EQ,31-Aug-2026,17.64,17.64,17.82,16.7,17.69,4928,0.85,75,4799.0,97.38,2026-08-31
REXPRO,SM,31-Aug-2026,39.9,38.35,38.35,37.95,37.95,6000,2.29,6,4000.0,66.67,2026-08-31
RFBL,ST,31-Aug-2026,95.45,90.7,90.7,90.7,90.7,3000,2.72,1,3000.0,100.0,2026-08-31
RGL,EQ,31-Aug-2026,139.39,139.39,139.57,134.06,135.22,652607,892.71,6116,182537.0,27.97,2026-08-31
RHETAN,EQ,31-Aug-2026,20.31,20.27,20.43,19.1,19.11,14156310,2734.4,11421,5860792.0,41.4,2026-08-31
RHFL,BZ,31-Aug-2026,1.87,1.89,1.9,1.81,1.81,359965,6.61,897,,,2026-08-31
RHIM,EQ,31-Aug-2026,369.35,371.0,374.15,364.4,371.6,200536,741.25,7731,97146.0,48.44,2026-08-31
RHL,EQ,31-Aug-2026,168.0,170.0,171.7,165.1,165.46,2002,3.33,44,1634.0,81.62,2026-08-31
RICHA,ST,31-Aug-2026,73.15,73.15,76.2,73.15,75.4,4000,2.99,4,4000.0,100.0,2026-08-31
RICOAUTO,EQ,31-Aug-2026,129.41,128.75,131.24,127.43,129.62,686184,886.97,6063,170981.0,24.92,2026-08-31
RIIL,EQ,31-Aug-2026,761.45,757.0,763.8,746.5,752.45,29613,222.84,1775,10610.0,35.83,2026-08-31
RIIT,IV,31-Aug-2026,121.48,122.55,122.55,121.2,121.49,103624,125.88,2488,99567.0,96.08,2026-08-31
RILINFRA,SM,31-Aug-2026,35.9,36.0,36.5,35.85,36.2,6600,2.39,40,5500.0,83.33,2026-08-31
RIR,EQ,31-Aug-2026,159.83,160.97,161.6,157.92,159.27,96898,154.64,2090,43040.0,44.42,2026-08-31
RISHABH,EQ,31-Aug-2026,691.6,697.1,709.75,675.0,705.45,182177,1272.77,8412,80674.0,44.28,2026-08-31
RITCO,EQ,31-Aug-2026,311.6,311.7,311.9,304.3,307.45,35224,108.48,1117,23236.0,65.97,2026-08-31
RITES,EQ,31-Aug-2026,217.0,217.0,219.35,214.92,218.44,367130,796.88,9119,145031.0,39.5,2026-08-31
RKDL,EQ,31-Aug-2026,18.55,18.55,19.3,18.07,18.39,21241,3.98,115,18229.0,85.82,2026-08-31
RKEC,EQ,31-Aug-2026,22.38,23.37,23.37,22.0,22.28,11758,2.63,153,8841.0,75.19,2026-08-31
RKFORGE,EQ,31-Aug-2026,751.25,764.15,767.25,732.95,743.6,1105931,8254.57,31101,532037.0,48.11,2026-08-31
RKSWAMY,EQ,31-Aug-2026,93.82,95.8,95.8,91.07,91.79,72092,66.5,1060,48448.0,67.2,2026-08-31
RMC,EQ,31-Aug-2026,246.45,246.45,247.05,239.05,240.35,32943,79.53,1470,18966.0,57.57,2026-08-31
RMDRIP,BE,31-Aug-2026,20.43,20.53,21.44,20.4,21.33,522750,109.68,1285,,,2026-08-31
RML,EQ,31-Aug-2026,1126.7,1121.0,1146.2,1115.0,1129.7,22065,249.3,2480,11888.0,53.88,2026-08-31
RNBDENIMS,EQ,31-Aug-2026,9.83,10.32,10.32,10.32,10.32,126598,13.06,198,126598.0,100.0,2026-08-31
RNFI,SM,31-Aug-2026,289.1,295.0,298.9,290.0,296.55,180000,525.02,70,175800.0,97.67,2026-08-31
RNPL,SM,31-Aug-2026,75.25,75.0,78.5,72.2,78.25,12000,9.07,10,6000.0,50.0,2026-08-31
ROCKINGDCE,SM,31-Aug-2026,238.95,230.8,231.0,230.0,230.1,1750,4.03,7,1250.0,71.43,2026-08-31
ROCKPP,E1,31-Aug-2026,74.0,72.0,80.8,72.0,78.7,10000,7.88,8,9000.0,90.0,2026-08-31
ROHLTD,EQ,31-Aug-2026,302.35,303.0,304.0,295.0,296.35,21976,65.58,839,16455.0,74.88,2026-08-31
ROLEXRINGS,EQ,31-Aug-2026,180.55,180.55,184.89,179.99,180.59,1413873,2572.46,13155,663399.0,46.92,2026-08-31
ROLLT,BE,31-Aug-2026,4.16,4.24,4.24,3.96,3.96,325397,13.07,382,,,2026-08-31
ROML,EQ,31-Aug-2026,42.58,42.01,43.5,42.01,42.62,2560,1.1,33,1987.0,77.62,2026-08-31
ROSSARI,EQ,31-Aug-2026,498.1,498.1,504.7,482.5,485.15,101837,500.97,4626,58295.0,57.24,2026-08-31
ROSSELLIND,EQ,31-Aug-2026,59.62,59.88,59.88,57.55,58.46,63801,37.3,857,30068.0,47.13,2026-08-31
ROSSTECH,EQ,31-Aug-2026,1104.6,1113.35,1139.95,1091.0,1109.95,171715,1918.89,10801,71316.0,41.53,2026-08-31
ROTO,EQ,31-Aug-2026,64.52,64.31,64.31,62.5,62.85,185844,117.62,2173,85405.0,45.96,2026-08-31
ROUTE,EQ,31-Aug-2026,509.35,507.25,507.95,497.9,500.0,117673,589.74,4006,55444.0,47.12,2026-08-31
ROXHITECH,SM,31-Aug-2026,51.25,54.0,54.0,49.0,49.4,48000,24.16,22,41600.0,86.67,2026-08-31
RPEL,EQ,31-Aug-2026,1748.4,1748.4,1810.0,1727.4,1771.2,122182,2176.69,12989,41799.0,34.21,2026-08-31
RPGLIFE,EQ,31-Aug-2026,2537.6,2525.0,2678.9,2509.1,2629.0,22012,577.27,3658,11191.0,50.84,2026-08-31
RPOWER,EQ,31-Aug-2026,22.45,22.45,22.45,21.92,22.09,11431023,2528.21,25003,4796153.0,41.96,2026-08-31
RPPINFRA,EQ,31-Aug-2026,53.83,53.83,55.9,53.5,55.62,72107,39.71,1059,38989.0,54.07,2026-08-31
RPPL,BE,31-Aug-2026,23.07,24.0,24.0,22.55,23.36,24357,5.76,93,,,2026-08-31
RPSGVENT,EQ,31-Aug-2026,857.15,856.0,858.0,845.1,848.4,30398,258.1,991,23372.0,76.89,2026-08-31
RPTECH,EQ,31-Aug-2026,828.55,825.0,829.95,795.8,816.1,283619,2305.66,13445,118487.0,41.78,2026-08-31
RRECL,EQ,31-Aug-2026,134.5,134.5,145.0,130.0,144.9,509,0.71,25,508.0,99.8,2026-08-31
RRIL,EQ,31-Aug-2026,16.71,17.69,17.69,16.1,16.81,33937,5.63,201,21834.0,64.34,2026-08-31
RRKABEL,EQ,31-Aug-2026,2905.2,2900.0,2958.0,2870.5,2928.4,644107,18761.26,42061,314354.0,48.8,2026-08-31
RSDFIN,BE,31-Aug-2026,100.39,95.45,105.4,95.38,97.02,2434,2.38,60,,,2026-08-31
RSL,EQ,31-Aug-2026,177.49,178.97,181.0,174.35,177.66,631454,1124.51,5398,185931.0,29.44,2026-08-31
RSSOFTWARE,EQ,31-Aug-2026,31.29,29.75,31.4,29.73,29.74,119170,35.7,502,80576.0,67.61,2026-08-31
RSWM,BE,31-Aug-2026,196.0,196.0,199.05,195.0,198.41,14653,28.81,83,,,2026-08-31
RSYSTEMS,EQ,31-Aug-2026,246.75,247.9,248.0,240.1,245.3,171922,419.97,4088,81183.0,47.22,2026-08-31
RTNINDIA,EQ,31-Aug-2026,30.24,30.24,30.24,30.0,30.04,1932127,580.4,3950,1266591.0,65.55,2026-08-31
RTNPOWER,EQ,31-Aug-2026,7.95,7.97,8.13,7.39,7.5,126879538,9620.95,64727,68646106.0,54.1,2026-08-31
RTSPOWR,EQ,31-Aug-2026,88.3,88.25,90.5,86.0,86.57,1040,0.92,56,891.0,85.67,2026-08-31
RUBFILA,EQ,31-Aug-2026,68.59,68.5,69.55,67.1,68.69,15682,10.83,153,15316.0,97.67,2026-08-31
RUBICON,EQ,31-Aug-2026,1804.4,1812.0,1855.0,1780.4,1819.6,319228,5818.69,20590,165677.0,51.9,2026-08-31
RUBYMILLS,BE,31-Aug-2026,390.4,380.2,399.95,380.2,384.35,4370,17.2,77,,,2026-08-31
RUCHINFRA,EQ,31-Aug-2026,5.82,5.96,5.96,5.58,5.75,41555,2.37,227,31422.0,75.62,2026-08-31
RUCHIRA,EQ,31-Aug-2026,102.64,103.49,103.87,102.21,102.53,14605,15.04,285,8590.0,58.82,2026-08-31
RUDRA,EQ,31-Aug-2026,20.76,20.76,21.0,20.25,20.59,630678,129.89,196,225491.0,35.75,2026-08-31
RULKA,SM,31-Aug-2026,108.15,106.0,110.5,106.0,110.35,12300,13.45,8,8700.0,70.73,2026-08-31
RUPA,EQ,31-Aug-2026,149.49,148.9,149.44,146.5,147.65,71172,105.12,2674,37450.0,52.62,2026-08-31
RUSHIL,EQ,31-Aug-2026,16.79,16.79,16.79,16.25,16.4,264244,43.55,686,145571.0,55.09,2026-08-31
RUSTOMJEE,EQ,31-Aug-2026,380.3,383.15,383.15,375.05,378.95,28391,107.42,1231,15860.0,55.86,2026-08-31
RVHL,EQ,31-Aug-2026,39.39,39.8,39.8,37.11,38.52,20317,7.88,141,15285.0,75.23,2026-08-31
RVNL,EQ,31-Aug-2026,214.22,214.0,214.21,209.5,210.0,3633575,7682.78,39967,1608699.0,44.27,2026-08-31
RVTH,EQ,31-Aug-2026,736.45,736.45,755.7,720.3,726.2,301,2.22,20,270.0,89.7,2026-08-31
S&SPOWER,EQ,31-Aug-2026,338.75,347.3,353.6,335.0,341.6,3498,12.06,160,2022.0,57.8,2026-08-31
SAAKSHI,ST,31-Aug-2026,296.1,296.1,299.0,290.05,294.4,93600,278.68,22,92400.0,98.72,2026-08-31
SAATVIKGL,EQ,31-Aug-2026,422.3,416.65,419.7,412.5,417.95,47268,196.62,1662,27260.0,57.67,2026-08-31
SAB,EQ,31-Aug-2026,170.0,165.0,170.0,165.0,170.0,47,0.08,4,47.0,100.0,2026-08-31
SABAR,ST,31-Aug-2026,7.55,7.9,7.9,7.9,7.9,10000,0.79,2,10000.0,100.0,2026-08-31
SACHEEROME,SM,31-Aug-2026,455.65,454.0,464.0,440.0,442.15,57900,260.45,106,51900.0,89.64,2026-08-31
SADBHAV,EQ,31-Aug-2026,8.89,9.25,9.25,8.45,8.45,854014,74.03,518,519000.0,60.77,2026-08-31
SADBHIN,BE,31-Aug-2026,2.72,2.72,2.75,2.62,2.65,129381,3.48,174,,,2026-08-31
SADHAV,SM,31-Aug-2026,113.45,115.0,115.2,107.05,110.3,15000,16.89,23,12600.0,84.0,2026-08-31
SADHNANIQ,BE,31-Aug-2026,2.85,2.81,2.82,2.8,2.8,958277,26.96,399,,,2026-08-31
SAFARI,EQ,31-Aug-2026,1509.7,1509.0,1522.5,1488.1,1511.0,18988,286.39,4565,11314.0,59.59,2026-08-31
SAFEENTP,SM,31-Aug-2026,251.65,254.8,260.0,252.0,256.7,36000,92.39,61,29500.0,81.94,2026-08-31
SAGARDEEP,EQ,31-Aug-2026,23.62,23.62,24.44,23.61,23.64,6693,1.6,79,4225.0,63.13,2026-08-31
SAGCEM,EQ,31-Aug-2026,162.96,163.45,168.0,159.1,159.62,44025,71.58,1528,22286.0,50.62,2026-08-31
SAGILITY,EQ,31-Aug-2026,46.34,46.5,47.49,45.85,47.05,64918282,30325.32,71537,17784402.0,27.4,2026-08-31
SAHAJSOLAR,SM,31-Aug-2026,102.0,102.9,102.9,98.6,99.95,13600,13.57,31,11600.0,85.29,2026-08-31
SAHANA,SM,31-Aug-2026,919.95,930.0,930.0,906.8,928.15,16650,152.74,82,12450.0,74.77,2026-08-31
SAHASRA,ST,31-Aug-2026,315.35,315.0,319.0,311.2,314.4,22000,69.41,51,20400.0,92.73,2026-08-31
SAHLIBHFI,EQ,31-Aug-2026,76.84,77.75,79.89,74.81,77.7,10086,7.9,217,9659.0,95.77,2026-08-31
SAHYADRI,EQ,31-Aug-2026,343.6,345.0,360.0,334.45,356.2,24463,84.48,1305,16848.0,68.87,2026-08-31
SAICAPI,EQ,31-Aug-2026,148.5,154.7,154.7,153.0,154.0,298,0.46,17,288.0,96.64,2026-08-31
SAIFL,SM,31-Aug-2026,5.0,5.0,5.0,4.55,4.8,404000,19.59,76,292000.0,72.28,2026-08-31
SAIL,EQ,31-Aug-2026,200.0,198.1,200.39,195.0,195.0,22055932,43666.41,82649,10992262.0,49.84,2026-08-31
SAILIFE,EQ,31-Aug-2026,1485.0,1485.0,1496.5,1453.2,1459.7,694617,10219.66,32511,519543.0,74.8,2026-08-31
SAIPARENT,EQ,31-Aug-2026,521.35,525.0,525.0,512.6,520.2,49261,255.34,2203,24643.0,50.03,2026-08-31
SAKAR,EQ,31-Aug-2026,875.7,856.3,883.45,856.3,863.35,91765,795.76,5612,50683.0,55.23,2026-08-31
SAKHTISUG,EQ,31-Aug-2026,20.71,21.0,21.9,20.18,21.2,593948,125.63,2450,209786.0,35.32,2026-08-31
SAKSOFT,EQ,31-Aug-2026,160.64,160.2,160.2,154.92,155.35,279505,436.84,4646,139465.0,49.9,2026-08-31
SAKUMA,EQ,31-Aug-2026,1.71,1.71,1.72,1.63,1.66,906773,15.18,1040,628993.0,69.37,2026-08-31
SALASAR,EQ,31-Aug-2026,5.92,5.97,6.02,5.85,5.91,1530241,90.29,2163,972345.0,63.54,2026-08-31
SALONA,EQ,31-Aug-2026,272.99,268.0,281.0,266.0,266.02,1040,2.82,68,867.0,83.37,2026-08-31
SALSTEEL,EQ,31-Aug-2026,75.16,76.1,78.88,76.1,78.8,435331,341.29,1834,252261.0,57.95,2026-08-31
SALZERELEC,EQ,31-Aug-2026,552.6,553.15,553.15,537.0,546.4,38933,211.91,2329,20032.0,51.45,2026-08-31
SAMAY,ST,31-Aug-2026,46.65,46.0,46.0,46.0,46.0,4000,1.84,1,4000.0,100.0,2026-08-31
SAMBANDAM,EQ,31-Aug-2026,120.98,121.9,121.9,115.05,116.02,596,0.69,31,503.0,84.4,2026-08-31
SAMBHAAV,EQ,31-Aug-2026,6.1,6.47,6.47,6.05,6.06,37192,2.27,95,28383.0,76.31,2026-08-31
SAMBHV,EQ,31-Aug-2026,127.41,127.42,132.34,124.17,127.91,2152304,2776.83,19689,658024.0,30.57,2026-08-31
SAMHI,EQ,31-Aug-2026,156.01,156.43,157.0,154.56,156.36,426311,662.46,8092,253614.0,59.49,2026-08-31
SAMMAANCAP,EQ,31-Aug-2026,145.8,145.27,147.35,143.86,146.31,6659948,9707.75,26159,3237190.0,48.61,2026-08-31
SAMPANN,EQ,31-Aug-2026,26.13,26.5,26.5,25.5,26.05,8955,2.32,78,7193.0,80.32,2026-08-31
SANATHAN,EQ,31-Aug-2026,448.05,446.55,460.9,441.9,452.25,27871,125.4,1527,12722.0,45.65,2026-08-31
SANDESH,EQ,31-Aug-2026,1009.55,1009.45,1100.05,980.0,1050.7,4202,42.68,774,2850.0,67.82,2026-08-31
SANDHAR,EQ,31-Aug-2026,649.25,649.25,672.0,642.2,653.55,174941,1149.48,11206,78645.0,44.96,2026-08-31
SANDUMA,EQ,31-Aug-2026,205.45,205.44,205.44,200.57,202.39,364416,736.29,6816,164709.0,45.2,2026-08-31
SANGAMIND,EQ,31-Aug-2026,603.15,602.95,603.0,586.1,600.2,15394,91.41,1464,8349.0,54.24,2026-08-31
SANGANI,SM,31-Aug-2026,53.15,52.5,52.5,52.5,52.5,1500,0.79,1,1500.0,100.0,2026-08-31
SANGHVIMOV,EQ,31-Aug-2026,444.1,445.8,460.0,433.3,457.25,413687,1861.85,13874,205624.0,49.71,2026-08-31
SANGINITA,BE,31-Aug-2026,53.31,55.97,55.97,55.97,55.97,47711,26.7,116,,,2026-08-31
SANOFI,EQ,31-Aug-2026,3181.6,3181.7,3193.4,3100.0,3124.0,65474,2052.47,10128,40531.0,61.9,2026-08-31
SANOFICONR,EQ,31-Aug-2026,4213.7,4202.8,4202.8,4131.1,4140.2,3110,129.13,1006,2070.0,66.56,2026-08-31
SANSERA,EQ,31-Aug-2026,3859.0,3858.9,4051.0,3820.6,4018.0,292153,11625.81,30380,172714.0,59.12,2026-08-31
SANSTAR,EQ,31-Aug-2026,108.21,108.85,113.4,106.8,110.36,326714,362.41,4132,121946.0,37.32,2026-08-31
SANWARIA,BZ,31-Aug-2026,0.2,0.2,0.2,0.19,0.19,1520045,2.9,158,,,2026-08-31
SAPPHIRE,EQ,31-Aug-2026,231.5,230.0,237.21,223.5,234.41,1392904,3210.91,29186,601935.0,43.21,2026-08-31
SAPPL,EQ,31-Aug-2026,286.45,290.0,290.0,276.25,276.35,412,1.14,12,410.0,99.51,2026-08-31
SARDAEN,EQ,31-Aug-2026,508.25,508.0,508.3,497.1,498.9,307887,1543.3,11273,167406.0,54.37,2026-08-31
SAREGAMA,EQ,31-Aug-2026,492.8,492.0,492.0,475.0,479.9,710963,3431.99,24428,367470.0,51.69,2026-08-31
SARLAPOLY,EQ,31-Aug-2026,98.76,98.5,100.78,98.09,100.01,62251,61.94,1081,45235.0,72.67,2026-08-31
SAROJA,SM,31-Aug-2026,39.7,37.75,40.95,37.75,40.95,4800,1.86,3,1600.0,33.33,2026-08-31
SARTELE,SM,31-Aug-2026,97.05,98.0,98.5,92.4,93.45,160000,150.72,160,137000.0,85.63,2026-08-31
SARVESHWAR,EQ,31-Aug-2026,3.4,3.36,3.43,3.31,3.36,1409424,47.44,1855,868702.0,61.64,2026-08-31
SASKEN,EQ,31-Aug-2026,1901.0,1869.3,1913.0,1865.1,1899.5,11695,221.25,1627,5731.0,49.0,2026-08-31
SATECH,SM,31-Aug-2026,38.35,39.45,39.45,39.4,39.4,5000,1.97,5,5000.0,100.0,2026-08-31
SATIA,EQ,31-Aug-2026,57.76,57.5,58.25,56.75,56.88,143711,82.16,1546,104699.0,72.85,2026-08-31
SATIN,EQ,31-Aug-2026,222.37,219.1,225.0,218.03,224.02,192731,427.8,3764,99758.0,51.76,2026-08-31
SATIPOLY,ST,31-Aug-2026,38.4,39.95,39.95,39.95,39.95,3000,1.2,3,3000.0,100.0,2026-08-31
SATKARTAR,SM,31-Aug-2026,139.0,137.1,137.1,120.0,125.4,70400,90.02,82,36000.0,51.14,2026-08-31
SATTVAENGG,SM,31-Aug-2026,65.5,62.8,62.8,61.0,61.0,83200,51.18,51,83200.0,100.0,2026-08-31
SAURASHCEM,EQ,31-Aug-2026,56.33,56.6,56.92,55.12,55.82,72981,40.83,1275,49472.0,67.79,2026-08-31
SAWALIYA,SM,31-Aug-2026,169.95,153.0,153.0,153.0,153.0,33000,50.49,49,33000.0,100.0,2026-08-31
SAYAJIHOTL,EQ,31-Aug-2026,315.7,315.7,323.8,286.5,318.55,321,0.97,20,320.0,99.69,2026-08-31
SAYAJIIND,EQ,31-Aug-2026,116.97,117.55,122.81,117.0,118.66,4170,5.04,47,4158.0,99.71,2026-08-31
SBC,EQ,31-Aug-2026,41.93,42.09,42.92,41.5,42.15,6715269,2845.72,7874,1844161.0,27.46,2026-08-31
SBCL,EQ,31-Aug-2026,1049.2,1066.6,1100.9,1022.05,1070.0,466545,4970.25,25946,190543.0,40.84,2026-08-31
SBFC,EQ,31-Aug-2026,98.75,98.55,99.98,97.54,98.82,1305140,1289.11,12846,765802.0,58.68,2026-08-31
SBGLP,EQ,31-Aug-2026,24.63,24.03,25.63,23.15,24.16,17199,4.17,147,12772.0,74.26,2026-08-31
SBIBPB,EQ,31-Aug-2026,49.8,50.22,50.27,49.0,49.29,83572,41.17,515,47762.0,57.15,2026-08-31
SBICARD,EQ,31-Aug-2026,641.05,632.9,668.45,632.9,644.75,26270918,170105.72,100452,22645710.0,86.2,2026-08-31
SBIETFCON,EQ,31-Aug-2026,123.36,123.36,123.36,122.05,122.16,3324,4.07,118,1869.0,56.23,2026-08-31
SBIETFIT,EQ,31-Aug-2026,345.45,348.9,349.44,340.32,344.14,5760,19.7,280,3947.0,68.52,2026-08-31
SBIETFPB,EQ,31-Aug-2026,283.64,285.68,285.68,282.89,283.45,2698,7.66,88,1441.0,53.41,2026-08-31
SBIETFQLTY,EQ,31-Aug-2026,224.2,228.68,228.68,222.1,224.22,2541,5.68,65,1792.0,70.52,2026-08-31
SBIFUNDS,EQ,31-Aug-2026,563.8,564.55,579.0,557.2,577.5,4691405,26902.79,94500,2775487.0,59.16,2026-08-31
SBILIFE,EQ,31-Aug-2026,1761.1,1760.0,1761.1,1739.0,1740.5,796284,13890.87,31474,571130.0,71.72,2026-08-31
SBILIQETF,EQ,31-Aug-2026,1053.9,1054.04,1054.06,1054.04,1054.05,27528,290.16,69,23783.0,86.4,2026-08-31
SBIMIDMOM,EQ,31-Aug-2026,65.0,65.42,65.44,64.33,64.54,94378,60.94,271,73784.0,78.18,2026-08-31
SBIN,EQ,31-Aug-2026,1047.5,1041.2,1060.0,1034.5,1060.0,5138732,53785.58,82284,3432496.0,66.8,2026-08-31
SBINEQWETF,EQ,31-Aug-2026,33.62,33.94,33.94,33.26,33.45,409974,136.72,307,280369.0,68.39,2026-08-31
SBINMID150,EQ,31-Aug-2026,23.56,23.79,23.79,23.29,23.49,35328,8.26,183,24358.0,68.95,2026-08-31
SBISILVER,EQ,31-Aug-2026,236.12,236.04,236.12,225.85,228.47,2012180,4578.59,10027,499862.0,24.84,2026-08-31
SBISMLETF,EQ,31-Aug-2026,18.52,18.52,18.66,18.29,18.45,44040,8.08,276,37319.0,84.74,2026-08-31
SBIVALETF,EQ,31-Aug-2026,14.8,14.94,15.8,14.57,15.06,12628,1.86,95,10489.0,83.06,2026-08-31
SCANSTL,BE,31-Aug-2026,59.99,62.4,62.4,58.0,58.84,22802,13.5,152,,,2026-08-31
SCHAEFFLER,EQ,31-Aug-2026,4033.4,4018.0,4040.3,3961.1,4014.8,51700,2067.96,15389,28983.0,56.06,2026-08-31
SCHAND,EQ,31-Aug-2026,137.97,137.97,138.99,135.01,137.76,29511,40.45,859,17310.0,58.66,2026-08-31
SCHNEIDER,EQ,31-Aug-2026,1201.9,1203.0,1246.0,1173.9,1219.2,355115,4268.0,21486,219444.0,61.8,2026-08-31
SCI,EQ,31-Aug-2026,299.05,299.0,299.0,288.55,289.6,2271173,6601.44,27787,1009409.0,44.44,2026-08-31
SCILAL,EQ,31-Aug-2026,40.38,40.16,40.54,39.56,39.7,224016,89.77,1347,147452.0,65.82,2026-08-31
SCML,SM,31-Aug-2026,84.9,85.3,86.0,85.3,86.0,2000,1.71,2,1000.0,50.0,2026-08-31
SCODATUBES,EQ,31-Aug-2026,132.59,131.8,131.8,126.92,128.38,89144,114.52,1889,53250.0,59.73,2026-08-31
SCPL,BE,31-Aug-2026,645.8,645.8,655.0,621.2,634.75,7192,45.55,175,,,2026-08-31
SDBL,EQ,31-Aug-2026,73.38,73.45,73.64,71.54,72.7,352408,254.8,3121,136286.0,38.67,2026-08-31
SDREAMS,SM,31-Aug-2026,87.3,85.55,85.55,85.55,85.55,1000,0.86,1,1000.0,100.0,2026-08-31
SEAMECLTD,EQ,31-Aug-2026,1676.6,1682.5,1690.8,1651.0,1674.8,37989,634.47,4231,15945.0,41.97,2026-08-31
SECMARK,EQ,31-Aug-2026,151.31,153.99,179.5,153.99,163.27,111273,186.71,2260,37751.0,33.93,2026-08-31
SECURKLOUD,EQ,31-Aug-2026,17.4,17.35,18.15,17.06,17.51,25332,4.45,267,17954.0,70.87,2026-08-31
SEDEMAC,EQ,31-Aug-2026,3011.6,3013.0,3182.0,2978.2,3089.4,782871,24159.42,57460,492861.0,62.96,2026-08-31
SEIL,EQ,31-Aug-2026,206.67,206.67,206.67,200.3,203.26,204552,416.4,2622,144389.0,70.59,2026-08-31
SEJALLTD,EQ,31-Aug-2026,673.35,682.85,707.0,673.55,707.0,10759,75.43,607,8011.0,74.46,2026-08-31
SEKURITIND,EQ,31-Aug-2026,115.43,115.43,118.01,114.01,114.45,21054,24.22,440,16388.0,77.84,2026-08-31
SEL,SM,31-Aug-2026,310.35,310.35,318.0,294.85,308.4,5400,16.28,27,4200.0,77.78,2026-08-31
SELECTIPO,EQ,31-Aug-2026,49.14,49.2,49.5,48.63,48.9,58229,28.48,185,44059.0,75.67,2026-08-31
SELLOWRAP,SM,31-Aug-2026,64.5,66.95,66.95,66.95,66.95,1600,1.07,1,1600.0,100.0,2026-08-31
SELMC,EQ,31-Aug-2026,27.71,27.71,28.5,27.31,27.35,1817,0.5,53,1518.0,83.54,2026-08-31
SEMAC,EQ,31-Aug-2026,288.0,280.0,285.0,273.6,281.95,2653,7.35,87,488.0,18.39,2026-08-31
SENCO,EQ,31-Aug-2026,354.85,354.25,354.75,345.35,348.6,579076,2019.81,13871,237024.0,40.93,2026-08-31
SENORES,EQ,31-Aug-2026,1482.1,1484.8,1500.1,1423.1,1432.8,324239,4701.21,22973,170357.0,52.54,2026-08-31
SENSEXADD,EQ,31-Aug-2026,79.45,79.64,80.0,79.2,79.31,1147,0.91,26,982.0,85.61,2026-08-31
SENSEXAXIS,EQ,31-Aug-2026,79.96,80.05,80.11,79.76,80.07,3557,2.85,84,1556.0,43.74,2026-08-31
SENSEXBETA,EQ,31-Aug-2026,863.35,867.67,867.67,846.3,854.33,2264,19.34,285,1726.0,76.24,2026-08-31
SENSEXETF,EQ,31-Aug-2026,79.82,79.82,79.82,79.25,79.43,17103,13.59,331,10249.0,59.93,2026-08-31
SENSEXIETF,EQ,31-Aug-2026,886.26,885.36,889.87,882.0,887.02,15715,139.12,475,10396.0,66.15,2026-08-31
SEPC,EQ,31-Aug-2026,5.56,5.51,5.56,5.36,5.44,15935115,864.4,7555,8212589.0,51.54,2026-08-31
SERVICE,SM,31-Aug-2026,72.0,72.0,73.0,68.4,71.45,44000,30.66,20,16000.0,36.36,2026-08-31
SERVOTECH,EQ,31-Aug-2026,80.97,80.97,80.97,79.58,79.79,248549,198.75,3488,153034.0,61.57,2026-08-31
SESHAPAPER,EQ,31-Aug-2026,229.61,227.8,231.58,226.99,229.34,28496,65.47,817,15975.0,56.06,2026-08-31
SETCO,BE,31-Aug-2026,17.93,18.3,18.3,17.16,17.7,64762,11.66,224,,,2026-08-31
SETF10GILT,EQ,31-Aug-2026,264.28,265.75,265.75,262.61,264.69,2180,5.77,48,2018.0,92.57,2026-08-31
SETFGOLD,EQ,31-Aug-2026,135.02,132.3,132.3,130.04,131.45,5441668,7129.33,19142,2627591.0,48.29,2026-08-31
SETFNIF50,EQ,31-Aug-2026,260.49,257.89,261.06,257.89,259.76,867183,2251.03,5109,629491.0,72.59,2026-08-31
SETFNIFBK,EQ,31-Aug-2026,591.6,591.6,592.6,588.42,590.75,91514,540.68,2428,72486.0,79.21,2026-08-31
SETFNN50,EQ,31-Aug-2026,794.87,800.6,800.6,785.03,787.71,29423,231.83,2067,18449.0,62.7,2026-08-31
SETL,EQ,31-Aug-2026,364.2,372.4,382.4,356.45,369.5,2536650,9395.57,36448,1163748.0,45.88,2026-08-31
SETUINFRA,BZ,31-Aug-2026,0.48,0.49,0.5,0.46,0.49,104460,0.51,136,,,2026-08-31
SEYAIND,BE,31-Aug-2026,12.44,12.44,12.44,12.2,12.2,5777,0.71,32,,,2026-08-31
SFL,EQ,31-Aug-2026,637.0,635.0,649.0,627.8,641.75,136813,874.35,9344,72993.0,53.35,2026-08-31
SGBAPR28I,GB,31-Aug-2026,15700.28,15647.7,15647.7,15152.01,15315.01,137,20.97,54,85.0,62.04,2026-08-31
SGBAUG27,GB,31-Aug-2026,15550.0,15350.0,15475.0,15111.0,15279.27,49,7.49,26,38.0,77.55,2026-08-31
SGBAUG28V,GB,31-Aug-2026,15584.2,15600.0,15600.0,15111.01,15270.3,1096,167.15,236,879.0,80.2,2026-08-31
SGBAUG29V,GB,31-Aug-2026,15749.0,15599.0,15698.0,15213.55,15398.0,164,25.09,61,107.0,65.24,2026-08-31
SGBAUG30,GB,31-Aug-2026,15731.81,15599.99,15649.0,15309.0,15504.55,161,24.83,51,130.0,80.75,2026-08-31
SGBD29VIII,GB,31-Aug-2026,15612.71,15105.1,15400.0,15105.1,15391.85,223,34.19,63,180.0,80.72,2026-08-31
SGBDC27VII,GB,31-Aug-2026,15505.0,15399.99,15505.0,15300.0,15300.0,16,2.45,6,13.0,81.25,2026-08-31
SGBDE30III,GB,31-Aug-2026,15707.87,15444.99,15569.98,15261.41,15517.09,265,40.81,73,175.0,66.04,2026-08-31
SGBDE31III,GB,31-Aug-2026,15965.96,15965.96,15965.96,15490.0,15735.6,1901,297.13,475,1391.0,73.17,2026-08-31
SGBFEB28IX,GB,31-Aug-2026,15410.0,15250.0,15810.0,15250.0,15597.0,31,4.79,8,31.0,100.0,2026-08-31
SGBFEB29XI,GB,31-Aug-2026,15530.0,15201.0,15300.0,15191.01,15300.0,105,16.01,29,77.0,73.33,2026-08-31
SGBFEB32IV,GB,31-Aug-2026,16082.66,15989.89,15998.98,15600.0,15834.25,3124,491.61,524,2314.0,74.07,2026-08-31
SGBJ28VIII,GB,31-Aug-2026,15549.51,15225.0,15225.0,15225.0,15225.0,1,0.15,1,1.0,100.0,2026-08-31
SGBJAN27,GB,31-Aug-2026,15973.98,15374.99,15374.99,15374.99,15374.99,1,0.15,1,1.0,100.0,2026-08-31
SGBJAN29IX,GB,31-Aug-2026,15580.43,15199.0,15325.0,15199.0,15306.9,60,9.16,22,57.0,95.0,2026-08-31
SGBJAN29X,GB,31-Aug-2026,15574.51,15300.0,15350.0,15200.0,15260.5,92,14.07,35,77.0,83.7,2026-08-31
SGBJAN30IX,GB,31-Aug-2026,15620.15,15150.01,15409.99,15150.01,15350.0,221,33.75,71,141.0,63.8,2026-08-31
SGBJU29III,GB,31-Aug-2026,15639.99,15300.0,15338.99,15200.0,15283.07,181,27.59,46,158.0,87.29,2026-08-31
SGBJUL27,GB,31-Aug-2026,15599.9,15005.0,15300.0,15005.0,15300.0,14,2.12,8,11.0,78.57,2026-08-31
SGBJUL28IV,GB,31-Aug-2026,15600.48,15390.0,15390.0,15110.0,15260.17,230,35.01,48,154.0,66.96,2026-08-31
SGBJUL29IV,GB,31-Aug-2026,15560.18,15161.0,15370.0,15121.0,15360.39,207,31.64,49,176.0,85.02,2026-08-31
SGBJUN27,GB,31-Aug-2026,15586.26,15309.91,15309.91,15309.91,15309.91,3,0.46,2,3.0,100.0,2026-08-31
SGBJUN28,GB,31-Aug-2026,15636.18,15152.02,15320.0,15152.02,15295.69,550,83.49,67,351.0,63.82,2026-08-31
SGBJUN29II,GB,31-Aug-2026,15567.27,15537.7,15537.7,15200.0,15300.0,199,30.3,33,170.0,85.43,2026-08-31
SGBJUN30,GB,31-Aug-2026,15710.0,15669.89,15689.0,15051.0,15328.73,320,49.07,78,195.0,60.94,2026-08-31
SGBJUN31I,GB,31-Aug-2026,15793.97,15691.0,15691.0,15321.0,15564.77,1600,247.53,296,915.0,57.19,2026-08-31
SGBMAR28X,GB,31-Aug-2026,15915.0,15799.0,15800.0,15590.0,15590.0,4,0.63,3,4.0,100.0,2026-08-31
SGBMAR30X,GB,31-Aug-2026,15700.0,15647.7,15647.7,15251.05,15368.78,226,34.69,45,172.0,76.11,2026-08-31
SGBMAR31IV,GB,31-Aug-2026,15832.0,15435.5,15588.42,15356.0,15587.99,283,43.91,118,223.0,78.8,2026-08-31
SGBMAY28,GB,31-Aug-2026,15623.18,15125.5,15450.0,15100.0,15328.71,174,26.47,52,115.0,66.09,2026-08-31
SGBMAY29I,GB,31-Aug-2026,15618.04,15300.0,15360.0,15158.0,15286.02,915,139.81,124,624.0,68.2,2026-08-31
SGBMR29XII,GB,31-Aug-2026,15823.84,15746.87,15746.87,15282.0,15302.84,619,94.98,49,563.0,90.95,2026-08-31
SGBN28VIII,GB,31-Aug-2026,15630.0,15589.98,15589.98,15140.0,15290.2,120,18.37,41,61.0,50.83,2026-08-31
SGBNOV26,GB,31-Aug-2026,15640.0,15350.0,15350.0,15350.0,15350.0,27,4.14,7,27.0,100.0,2026-08-31
SGBNV29VII,GB,31-Aug-2026,15631.0,15131.0,15424.0,15131.0,15300.0,315,48.13,34,236.0,74.92,2026-08-31
SGBOC28VII,GB,31-Aug-2026,15700.0,15255.0,15350.0,15255.0,15325.5,13,1.99,8,8.0,61.54,2026-08-31
SGBOCT26,GB,31-Aug-2026,15621.5,15621.5,15621.5,15621.5,15621.5,1,0.16,1,1.0,100.0,2026-08-31
SGBSEP28VI,GB,31-Aug-2026,15751.37,15588.0,15588.0,15151.0,15383.63,104,15.91,39,71.0,68.27,2026-08-31
SGBSEP29VI,GB,31-Aug-2026,15899.84,15775.0,15775.0,15121.0,15362.2,317,48.63,80,200.0,63.09,2026-08-31
SGBSEP31II,GB,31-Aug-2026,15901.1,15800.0,15800.0,15452.02,15644.26,1157,180.44,302,702.0,60.67,2026-08-31
SGFIN,EQ,31-Aug-2026,684.55,683.0,708.4,683.0,688.65,278985,1941.76,8845,144747.0,51.88,2026-08-31
SGIL,EQ,31-Aug-2026,607.7,621.0,621.0,577.55,603.0,5022,30.3,250,3085.0,61.43,2026-08-31
SGL,EQ,31-Aug-2026,10.12,10.13,10.61,10.13,10.39,5327,0.55,56,3748.0,70.36,2026-08-31
SGLRES,EQ,31-Aug-2026,2.42,2.54,2.54,2.3,2.38,54234,1.29,143,39300.0,72.46,2026-08-31
SGMART,EQ,31-Aug-2026,789.3,793.35,819.0,785.5,803.3,715922,5736.8,15963,476989.0,66.63,2026-08-31
SGRL,EQ,31-Aug-2026,542.6,639.75,651.1,588.95,606.7,143393,886.67,5384,79591.0,55.51,2026-08-31
SHADOWFAX,EQ,31-Aug-2026,245.36,246.7,260.0,244.66,258.48,4368759,11123.62,47687,2337576.0,53.51,2026-08-31
SHAH,EQ,31-Aug-2026,3.74,3.83,3.83,3.49,3.61,4193267,151.99,1763,2636673.0,62.88,2026-08-31
SHAHALLOYS,EQ,31-Aug-2026,103.15,106.9,116.85,106.01,107.69,1233591,1358.65,14816,532473.0,43.16,2026-08-31
SHAILY,EQ,31-Aug-2026,3270.4,3252.8,3349.0,3216.0,3272.3,197794,6510.79,22231,102344.0,51.74,2026-08-31
SHAKTIPUMP,EQ,31-Aug-2026,493.55,492.1,493.45,485.05,486.4,222429,1086.69,11392,108141.0,48.62,2026-08-31
SHALBY,EQ,31-Aug-2026,154.65,154.42,156.79,153.02,155.27,51062,79.15,1431,28816.0,56.43,2026-08-31
SHALPAINTS,BE,31-Aug-2026,78.63,80.45,81.95,78.7,80.84,45942,36.97,311,,,2026-08-31
SHANKARA,EQ,31-Aug-2026,146.09,145.0,146.75,145.0,146.14,33413,48.73,372,23247.0,69.57,2026-08-31
SHANKESH,EQ,31-Aug-2026,91.73,91.5,94.0,89.32,93.22,4454088,4092.65,21420,1478138.0,33.19,2026-08-31
SHANTHALA,SM,31-Aug-2026,16.25,16.3,16.6,16.3,16.6,2400,0.39,2,2400.0,100.0,2026-08-31
SHANTI,EQ,31-Aug-2026,6.31,6.14,7.57,6.08,6.59,103643,6.9,149,62912.0,60.7,2026-08-31
SHANTIGEAR,EQ,31-Aug-2026,517.75,520.0,537.0,511.0,525.5,188065,989.81,6520,43557.0,23.16,2026-08-31
SHANTIGOLD,EQ,31-Aug-2026,242.29,242.3,251.5,239.9,246.67,1752486,4317.22,18761,668353.0,38.14,2026-08-31
SHARDACROP,EQ,31-Aug-2026,783.75,789.0,789.25,763.4,766.9,113477,873.93,8709,64098.0,56.49,2026-08-31
SHARDAMOTR,EQ,31-Aug-2026,877.2,877.2,885.65,865.0,882.9,23685,207.63,2812,12689.0,53.57,2026-08-31
SHARDUL,BE,31-Aug-2026,52.14,52.0,53.4,51.55,51.96,10442,5.43,56,,,2026-08-31
SHAREINDIA,EQ,31-Aug-2026,167.93,168.0,174.95,167.2,172.71,497729,844.05,3095,353918.0,71.11,2026-08-31
SHARIABEES,EQ,31-Aug-2026,459.2,461.72,464.23,454.72,458.53,5022,22.93,464,2666.0,53.09,2026-08-31
SHBAJRG,EQ,31-Aug-2026,171.98,168.3,172.74,162.0,167.21,5060,8.34,129,3560.0,70.36,2026-08-31
SHEEL,ST,31-Aug-2026,58.75,61.35,61.65,61.35,61.65,4000,2.46,2,4000.0,100.0,2026-08-31
SHEETAL,SM,31-Aug-2026,339.8,339.2,340.0,333.2,335.0,11500,38.67,17,7500.0,65.22,2026-08-31
SHEKHAWATI,BE,31-Aug-2026,15.93,15.93,16.48,15.35,16.44,17152,2.73,128,,,2026-08-31
SHEMAROO,BE,31-Aug-2026,126.06,122.31,129.59,122.31,125.0,5700,7.11,32,,,2026-08-31
SHERA,SM,31-Aug-2026,181.85,186.0,186.0,176.0,176.05,45000,80.43,43,36000.0,80.0,2026-08-31
SHETHJI,SM,31-Aug-2026,177.6,179.9,189.5,179.9,184.5,162000,297.18,47,147000.0,90.74,2026-08-31
SHIGAN,SM,31-Aug-2026,71.0,79.95,79.95,77.5,77.5,4500,3.56,3,3000.0,66.67,2026-08-31
SHILCTECH,EQ,31-Aug-2026,4084.2,4084.2,4096.1,3996.1,4042.9,15750,635.11,3807,8343.0,52.97,2026-08-31
SHILGRAVQ,EQ,31-Aug-2026,170.07,170.07,171.0,152.5,155.87,13125,21.01,184,11401.0,86.86,2026-08-31
SHILPAMED,EQ,31-Aug-2026,903.8,907.15,950.0,873.2,949.3,2572207,23960.41,63203,982800.0,38.21,2026-08-31
SHINDL,EQ,31-Aug-2026,164.13,163.5,165.96,160.3,162.79,174580,284.16,795,44906.0,25.72,2026-08-31
SHIPROCKET,EQ,31-Aug-2026,125.4,124.74,141.99,124.05,138.89,55899452,75373.95,265736,7130981.0,12.76,2026-08-31
SHIVAAGRO,EQ,31-Aug-2026,41.72,43.98,43.98,42.0,42.5,990,0.42,10,981.0,99.09,2026-08-31
SHIVACEM,EQ,31-Aug-2026,16.61,16.79,16.79,16.0,16.12,84227,13.65,453,66238.0,78.64,2026-08-31
SHIVALIK,BE,31-Aug-2026,306.85,311.95,322.19,305.8,322.19,40579,129.19,492,,,2026-08-31
SHIVAMAUTO,EQ,31-Aug-2026,16.94,17.99,18.5,17.2,17.63,223747,39.8,756,136522.0,61.02,2026-08-31
SHIVAMILLS,EQ,31-Aug-2026,61.89,62.39,62.4,59.15,62.39,1168,0.72,25,671.0,57.45,2026-08-31
SHIVASHRIT,SM,31-Aug-2026,123.95,127.0,127.0,127.0,127.0,3000,3.81,1,3000.0,100.0,2026-08-31
SHIVATEX,EQ,31-Aug-2026,176.4,177.0,192.3,174.0,181.17,85297,157.48,1000,56284.0,65.99,2026-08-31
SHIVAUM,EQ,31-Aug-2026,445.0,450.0,450.0,446.0,446.0,905,4.05,25,847.0,93.59,2026-08-31
SHK,EQ,31-Aug-2026,152.43,152.48,152.88,150.01,151.46,257115,388.47,4249,157877.0,61.4,2026-08-31
SHKSIL,SM,31-Aug-2026,34.05,33.2,33.5,33.0,33.5,8000,2.66,4,6000.0,75.0,2026-08-31
SHOPERSTOP,EQ,31-Aug-2026,382.85,379.7,391.0,376.6,383.85,22333,85.96,1295,11730.0,52.52,2026-08-31
SHRADDHA,EQ,31-Aug-2026,162.9,164.0,167.99,161.5,165.82,19969,33.25,359,15818.0,79.21,2026-08-31
SHRADHA,EQ,31-Aug-2026,31.99,32.15,32.4,31.05,31.84,12956,4.16,121,5826.0,44.97,2026-08-31
SHREDIGCEM,EQ,31-Aug-2026,78.19,77.99,77.99,74.5,75.03,64609,49.03,1142,38278.0,59.25,2026-08-31
SHREECEM,EQ,31-Aug-2026,24000.0,23950.0,23990.0,23200.0,23200.0,20510,4827.66,6549,13625.0,66.43,2026-08-31
SHREEDHAR,ST,31-Aug-2026,111.0,111.25,115.0,111.1,114.3,24000,27.37,10,24000.0,100.0,2026-08-31
SHREEJISPG,EQ,31-Aug-2026,652.5,652.0,657.6,628.0,644.6,1384681,8863.32,11682,549134.0,39.66,2026-08-31
SHREEKARNI,SM,31-Aug-2026,375.0,373.15,398.0,373.15,397.65,6900,26.82,27,5250.0,76.09,2026-08-31
SHREEOSFM,SM,31-Aug-2026,62.5,61.0,61.0,58.8,58.8,8000,4.78,8,8000.0,100.0,2026-08-31
SHREEPUSHK,EQ,31-Aug-2026,451.4,450.0,491.0,440.8,470.5,238347,1132.18,10542,89295.0,37.46,2026-08-31
SHREERAMA,EQ,31-Aug-2026,42.89,43.85,43.85,41.2,41.57,55022,23.11,904,36992.0,67.23,2026-08-31
SHRENIK,BZ,31-Aug-2026,0.3,0.3,0.31,0.29,0.3,620075,1.84,205,,,2026-08-31
SHREYANIND,EQ,31-Aug-2026,124.97,123.01,126.5,122.88,125.46,6494,8.13,126,5441.0,83.79,2026-08-31
SHRIAHIMSA,ST,31-Aug-2026,493.75,498.0,498.1,482.1,482.15,8400,41.35,14,7800.0,92.86,2026-08-31
SHRIKANHA,SM,31-Aug-2026,22.0,20.95,23.1,20.95,22.35,32000,7.04,18,24000.0,75.0,2026-08-31
SHRIKRISH,EQ,31-Aug-2026,39.9,41.1,41.1,36.07,36.55,1465,0.58,63,1004.0,68.53,2026-08-31
SHRINGARMS,EQ,31-Aug-2026,220.17,220.17,222.49,217.2,219.51,219837,482.85,1673,92772.0,42.2,2026-08-31
SHRIPISTON,EQ,31-Aug-2026,4572.2,4572.2,4630.0,4469.6,4609.2,106315,4873.86,17679,60439.0,56.85,2026-08-31
SHRIRAMFIN,EQ,31-Aug-2026,1086.9,1080.0,1109.9,1060.1,1109.9,5859843,63358.02,73236,4071585.0,69.48,2026-08-31
SHRIRAMPPS,EQ,31-Aug-2026,75.97,76.51,80.5,75.3,77.03,1553689,1213.0,8536,751385.0,48.36,2026-08-31
SHRJAGP,EQ,31-Aug-2026,673.1,590.05,660.0,590.05,632.0,6084,37.63,385,3685.0,60.57,2026-08-31
SHUBHSHREE,SM,31-Aug-2026,335.75,335.0,335.0,334.9,335.0,2700,9.04,6,2700.0,100.0,2026-08-31
SHUKRAPHAR,EQ,31-Aug-2026,44.28,46.99,46.99,44.29,44.39,1624555,729.82,3278,674540.0,41.52,2026-08-31
SHYAMCENT,BE,31-Aug-2026,4.94,4.9,4.99,4.85,4.92,51497,2.53,95,,,2026-08-31
SHYAMDHANI,ST,31-Aug-2026,57.0,55.0,55.0,54.15,54.15,46000,25.08,15,44000.0,95.65,2026-08-31
SHYAMMETL,EQ,31-Aug-2026,1099.8,1107.4,1107.4,1081.8,1093.5,482400,5281.72,15380,196886.0,40.81,2026-08-31
SHYAMTEL,EQ,31-Aug-2026,13.87,13.87,13.87,12.49,13.35,5438,0.7,51,3900.0,71.72,2026-08-31
SICAGEN,EQ,31-Aug-2026,54.14,54.13,54.99,53.5,54.04,17574,9.5,342,11123.0,63.29,2026-08-31
SICALLOG,BE,31-Aug-2026,104.68,103.5,105.85,100.3,101.03,37697,38.7,168,,,2026-08-31
SIDDHICOTS,SM,31-Aug-2026,27.9,27.1,27.9,27.1,27.5,8400,2.32,3,8400.0,100.0,2026-08-31
SIDDHIKA,SM,31-Aug-2026,217.05,222.0,222.0,222.0,222.0,500,1.11,1,500.0,100.0,2026-08-31
SIEL,EQ,31-Aug-2026,32.78,32.78,32.78,31.15,32.31,2373,0.75,31,1816.0,76.53,2026-08-31
SIEMENS,EQ,31-Aug-2026,4089.0,4061.4,4068.7,3997.0,4030.0,222185,8954.32,19636,137515.0,61.89,2026-08-31
SIGACHI,EQ,31-Aug-2026,33.16,33.15,33.66,32.25,32.62,2277888,744.97,6721,1262565.0,55.43,2026-08-31
SIGIND,BE,31-Aug-2026,71.74,71.73,71.73,69.0,70.63,4449,3.12,69,,,2026-08-31
SIGMA,EQ,31-Aug-2026,47.25,47.9,49.43,47.21,48.35,178401,86.31,2165,79454.0,44.54,2026-08-31
SIGMAADV,BE,31-Aug-2026,777.1,775.0,790.0,742.0,781.95,284883,2183.66,4960,,,2026-08-31
SIGNATURE,EQ,31-Aug-2026,779.25,776.25,785.6,755.4,769.9,304138,2323.86,11626,26684.0,8.77,2026-08-31
SIGNORIA,ST,31-Aug-2026,162.0,161.0,166.0,161.0,166.0,6000,9.86,6,6000.0,100.0,2026-08-31
SIGNPOST,EQ,31-Aug-2026,260.15,259.0,259.5,252.3,254.75,54760,139.48,1411,38094.0,69.57,2026-08-31
SIKA,EQ,31-Aug-2026,1018.6,1018.6,1018.8,984.5,995.9,22965,229.51,2167,12595.0,54.84,2026-08-31
SIKKO,BE,31-Aug-2026,5.12,5.07,5.12,4.92,5.02,308488,15.57,391,,,2026-08-31
SIL,EQ,31-Aug-2026,19.22,19.22,19.78,18.9,19.15,37093,7.08,311,30535.0,82.32,2026-08-31
SILGO,EQ,31-Aug-2026,75.63,76.19,76.9,72.2,72.83,98442,73.34,817,10846.0,11.02,2026-08-31
SILINV,EQ,31-Aug-2026,490.05,490.05,494.7,480.0,488.75,3191,15.56,191,2150.0,67.38,2026-08-31
SILKFLEX,SM,31-Aug-2026,242.55,242.5,247.8,240.0,242.95,22000,53.12,22,20000.0,90.91,2026-08-31
SILKY,SM,31-Aug-2026,66.55,72.95,72.95,69.0,69.0,2400,1.71,3,2400.0,100.0,2026-08-31
SILLYMONKS,EQ,31-Aug-2026,16.01,16.1,16.4,16.0,16.0,7003,1.12,38,6922.0,98.84,2026-08-31
SILVER,EQ,31-Aug-2026,240.63,238.22,238.22,230.69,233.17,1196942,2779.51,10860,367706.0,30.72,2026-08-31
SILVER001,EQ,31-Aug-2026,24.4,24.0,24.4,23.2,23.58,184325,43.81,230,132751.0,72.02,2026-08-31
SILVER1,EQ,31-Aug-2026,23.42,23.29,23.29,22.27,22.64,7566622,1705.09,6832,3364544.0,44.47,2026-08-31
SILVER360,EQ,31-Aug-2026,236.33,231.4,231.4,226.87,229.14,15850,36.26,506,7425.0,46.85,2026-08-31
SILVERADD,EQ,31-Aug-2026,23.21,23.79,23.79,22.12,22.5,4913522,1100.12,7057,749830.0,15.26,2026-08-31
SILVERAG,EQ,31-Aug-2026,234.83,227.83,227.83,224.7,227.11,363309,821.99,3370,178700.0,49.19,2026-08-31
SILVERAXIS,EQ,31-Aug-2026,238.97,240.0,243.75,229.14,232.03,1049189,2423.55,3024,739893.0,70.52,2026-08-31
SILVERBEES,EQ,31-Aug-2026,230.42,220.77,223.75,219.7,223.21,28887685,64142.79,109710,10733328.0,37.16,2026-08-31
SILVERBETA,EQ,31-Aug-2026,232.73,225.1,225.72,222.42,225.14,1329906,2977.09,7360,263049.0,19.78,2026-08-31
SILVERBND,EQ,31-Aug-2026,241.36,236.5,240.39,231.64,234.3,56806,132.86,594,39690.0,69.87,2026-08-31
SILVERCASE,EQ,31-Aug-2026,24.49,24.49,24.98,23.32,23.72,10708909,2526.57,11988,3478642.0,32.48,2026-08-31
SILVERIETF,EQ,31-Aug-2026,240.53,231.65,233.78,229.94,233.18,4383236,10180.82,26265,2086142.0,47.59,2026-08-31
SILVERTUC,EQ,31-Aug-2026,178.22,178.22,182.0,168.25,172.27,602062,1038.24,12496,176978.0,29.4,2026-08-31
SIMBHALS,BZ,31-Aug-2026,8.6,8.56,8.6,8.43,8.43,49256,4.17,78,,,2026-08-31
SIMCA,ST,31-Aug-2026,259.8,268.7,268.7,259.9,260.1,12600,33.03,11,12600.0,100.0,2026-08-31
SIMPLEXINF,EQ,31-Aug-2026,277.59,279.99,282.59,265.0,268.83,211640,582.13,4947,108879.0,51.45,2026-08-31
SIMPLXREA,EQ,31-Aug-2026,136.0,136.68,136.68,136.68,136.68,3,0.0,1,3.0,100.0,2026-08-31
SINCLAIR,EQ,31-Aug-2026,81.51,82.01,84.0,80.0,82.38,38575,31.56,661,24591.0,63.75,2026-08-31
SINDHUTRAD,EQ,31-Aug-2026,24.99,24.99,25.14,24.42,24.98,1683690,419.82,1239,1263941.0,75.07,2026-08-31
SINGERIND,EQ,31-Aug-2026,77.25,77.99,79.0,76.0,76.45,46618,36.1,1392,28107.0,60.29,2026-08-31
SINTERCOM,EQ,31-Aug-2026,79.35,85.7,85.7,78.05,78.81,1818,1.48,67,1133.0,62.32,2026-08-31
SIRCA,EQ,31-Aug-2026,436.3,436.0,439.4,431.0,434.95,311961,1358.32,3988,118242.0,37.9,2026-08-31
SIS,EQ,31-Aug-2026,431.0,431.0,434.45,425.5,428.65,191449,825.29,7636,117197.0,61.22,2026-08-31
SITINET,BZ,31-Aug-2026,0.28,0.28,0.29,0.28,0.29,899263,2.57,280,,,2026-08-31
SIYSIL,EQ,31-Aug-2026,567.55,567.55,568.95,553.15,563.55,32641,182.44,2314,15807.0,48.43,2026-08-31
SJLOGISTIC,SM,31-Aug-2026,334.35,334.35,336.0,325.7,328.2,20250,66.93,61,13250.0,65.43,2026-08-31
SJS,EQ,31-Aug-2026,2509.5,2517.9,2530.2,2447.0,2488.6,79007,1953.86,9113,42094.0,53.28,2026-08-31
SJVN,EQ,31-Aug-2026,64.88,64.6,65.09,64.0,64.71,1918159,1234.32,17834,1132503.0,59.04,2026-08-31
SKFINDIA,EQ,31-Aug-2026,1571.3,1571.3,1571.3,1544.2,1553.9,47153,733.35,8514,29000.0,61.5,2026-08-31
SKFINDUS,EQ,31-Aug-2026,2952.2,2952.2,3049.9,2878.6,2983.3,59895,1777.01,10465,36809.0,61.46,2026-08-31
SKIL,BZ,31-Aug-2026,0.82,0.8,0.86,0.78,0.83,52463,0.44,78,,,2026-08-31
SKIPPER,EQ,31-Aug-2026,546.25,544.0,550.15,528.05,541.2,996742,5380.31,26602,308222.0,30.92,2026-08-31
SKMEGGPROD,EQ,31-Aug-2026,257.55,257.1,274.3,255.1,267.9,762059,2045.3,15340,228687.0,30.01,2026-08-31
SKP,SM,31-Aug-2026,147.15,145.0,150.0,145.0,146.5,32000,47.14,46,4500.0,14.06,2026-08-31
SKYGOLD,EQ,31-Aug-2026,811.4,811.95,829.0,795.05,807.1,847848,6898.85,28518,410601.0,48.43,2026-08-31
SKYTECH,ST,31-Aug-2026,54.5,51.8,51.8,51.8,51.8,27200,14.09,8,27200.0,100.0,2026-08-31
SLONE,ST,31-Aug-2026,172.0,172.0,178.0,170.0,174.5,5200,9.02,13,5200.0,100.0,2026-08-31
SMALL250,EQ,31-Aug-2026,18.56,18.64,18.93,18.35,18.44,455610,84.0,1109,309575.0,67.95,2026-08-31
SMALLADD,EQ,31-Aug-2026,18.63,18.75,18.9,18.4,18.53,327534,60.79,126,225552.0,68.86,2026-08-31
SMALLCAP,EQ,31-Aug-2026,49.15,49.16,49.2,48.62,48.99,1248421,610.27,3900,649423.0,52.02,2026-08-31
SMALLGROWW,EQ,31-Aug-2026,49.43,50.44,50.44,48.8,48.98,19649,9.61,147,11117.0,56.58,2026-08-31
SMALLIETF,EQ,31-Aug-2026,18.58,18.76,18.76,18.34,18.45,107260,19.77,145,61563.0,57.4,2026-08-31
SMARTEN,ST,31-Aug-2026,59.8,58.0,58.0,57.1,57.3,19200,11.02,7,19200.0,100.0,2026-08-31
SMARTLINK,BE,31-Aug-2026,227.0,229.45,233.0,215.65,216.52,17615,38.68,133,,,2026-08-31
SMARTWORKS,EQ,31-Aug-2026,538.75,538.75,548.0,533.95,537.55,21633,117.14,1431,10382.0,47.99,2026-08-31
SMCGLOBAL,EQ,31-Aug-2026,79.2,79.4,80.9,78.65,79.28,440367,350.31,1872,311294.0,70.69,2026-08-31
SML100CASE,EQ,31-Aug-2026,11.42,11.52,11.52,11.26,11.34,2284608,259.18,2146,1692551.0,74.08,2026-08-31
SMLMAH,EQ,31-Aug-2026,5186.5,5188.0,5194.0,5079.0,5108.0,35564,1820.91,5339,18930.0,53.23,2026-08-31
SMLT,EQ,31-Aug-2026,67.1,67.1,67.1,64.0,64.6,9432,6.2,355,6472.0,68.62,2026-08-31
SMSPHARMA,EQ,31-Aug-2026,355.55,354.05,378.5,350.55,371.85,460761,1701.8,9904,223777.0,48.57,2026-08-31
SNEHAA,SM,31-Aug-2026,42.5,41.95,47.7,41.95,47.7,10000,4.61,9,10000.0,100.0,2026-08-31
SNOWMAN,EQ,31-Aug-2026,37.66,37.93,37.93,36.82,37.3,136219,50.75,1184,84406.0,61.96,2026-08-31
SNXT30BEES,EQ,31-Aug-2026,43.13,43.13,43.4,42.68,42.96,3114,1.33,70,1914.0,61.46,2026-08-31
SNXT50BETA,EQ,31-Aug-2026,96.24,96.24,96.79,94.05,94.63,3837,3.65,125,2672.0,69.64,2026-08-31
SOBHA,EQ,31-Aug-2026,1270.2,1278.8,1278.8,1236.4,1255.9,147325,1842.72,12061,70779.0,48.04,2026-08-31
SOCL,SM,31-Aug-2026,29.8,29.0,29.0,29.0,29.0,6400,1.86,4,6400.0,100.0,2026-08-31
SOFTTECH,EQ,31-Aug-2026,417.4,425.0,425.0,414.0,415.6,5851,24.47,91,4833.0,82.6,2026-08-31
SOLARA,EQ,31-Aug-2026,623.7,626.0,642.45,615.35,632.65,225921,1427.27,10381,84298.0,37.31,2026-08-31
SOLARINDS,EQ,31-Aug-2026,20400.0,20400.0,20400.0,19959.0,20108.0,100997,20390.92,22988,50185.0,49.69,2026-08-31
SOLARWORLD,EQ,31-Aug-2026,148.75,149.78,149.78,145.5,146.67,174966,257.14,2885,98281.0,56.17,2026-08-31
SOLEX,EQ,31-Aug-2026,759.6,764.85,764.85,733.0,739.3,41350,306.32,3598,17681.0,42.76,2026-08-31
SOMANYCERA,EQ,31-Aug-2026,564.5,567.0,575.1,555.5,557.3,155520,876.51,6094,82467.0,53.03,2026-08-31
SOMATEX,EQ,31-Aug-2026,77.16,78.12,80.9,78.0,80.14,9955,7.93,263,7558.0,75.92,2026-08-31
SOMICONVEY,EQ,31-Aug-2026,91.58,90.05,98.4,90.05,91.27,8810,8.1,561,5159.0,58.56,2026-08-31
SONACOMS,EQ,31-Aug-2026,815.0,810.5,820.5,799.4,813.05,1604737,13025.32,39872,752561.0,46.9,2026-08-31
SONAL,EQ,31-Aug-2026,88.95,86.1,86.4,84.51,84.51,193,0.16,21,192.0,99.48,2026-08-31
SONAMAC,SM,31-Aug-2026,32.6,33.95,33.95,32.5,33.2,5000,1.68,5,4000.0,80.0,2026-08-31
SONAMLTD,EQ,31-Aug-2026,73.17,74.4,80.0,74.01,77.82,977687,765.57,5657,486978.0,49.81,2026-08-31
SONATSOFTW,EQ,31-Aug-2026,304.6,304.6,306.5,290.5,292.05,1017371,3000.69,20026,394923.0,38.82,2026-08-31
SONUINFRA,ST,31-Aug-2026,34.95,36.65,36.65,35.0,36.65,45000,16.31,21,43500.0,96.67,2026-08-31
SOTL,EQ,31-Aug-2026,693.2,700.1,700.1,673.0,688.5,181948,1247.62,8445,67288.0,36.98,2026-08-31
SOUTHBANK,EQ,31-Aug-2026,45.37,45.7,46.15,45.07,45.66,12044453,5504.01,29579,6422485.0,53.32,2026-08-31
SOUTHWEST,EQ,31-Aug-2026,209.06,208.7,208.75,203.11,204.92,65549,134.55,1694,42886.0,65.43,2026-08-31
SPAL,EQ,31-Aug-2026,1022.0,1050.0,1073.55,1020.0,1050.25,263158,2760.42,17917,77305.0,29.38,2026-08-31
SPANDANA,EQ,31-Aug-2026,244.3,244.0,244.3,240.1,240.95,59366,143.3,2178,34548.0,58.19,2026-08-31
SPARC,EQ,31-Aug-2026,207.71,207.0,207.0,195.01,199.33,2212493,4409.89,31071,805158.0,36.39,2026-08-31
SPCENET,EQ,31-Aug-2026,3.32,3.39,3.39,3.06,3.1,1943272,61.81,1712,1506742.0,77.54,2026-08-31
SPCL,SM,31-Aug-2026,62.15,62.0,62.0,60.3,61.6,12000,7.38,17,10800.0,90.0,2026-08-31
SPCON,SM,31-Aug-2026,150.0,153.0,153.0,153.0,153.0,1200,1.84,1,1200.0,100.0,2026-08-31
SPEB,SM,31-Aug-2026,91.5,90.1,92.75,90.1,90.25,18000,16.36,9,12000.0,66.67,2026-08-31
SPECIALITY,BE,31-Aug-2026,143.87,145.0,145.0,137.25,140.17,28613,40.11,225,,,2026-08-31
SPECTRUM,BE,31-Aug-2026,2116.9,2101.0,2169.9,2100.0,2120.5,1947,41.68,190,,,2026-08-31
SPELS,EQ,31-Aug-2026,150.77,152.0,152.0,146.01,147.19,39129,57.94,1155,24820.0,63.43,2026-08-31
SPENCERS,EQ,31-Aug-2026,29.89,29.32,29.98,29.32,29.76,20176,5.99,241,14558.0,72.16,2026-08-31
SPIC,EQ,31-Aug-2026,69.09,68.95,69.09,67.32,67.74,271707,184.49,2699,148803.0,54.77,2026-08-31
SPLIL,EQ,31-Aug-2026,33.13,33.13,33.99,32.5,32.52,1601,0.53,35,1487.0,92.88,2026-08-31
SPLPETRO,EQ,31-Aug-2026,700.85,701.0,743.5,700.25,729.05,1221778,8951.76,47012,187293.0,15.33,2026-08-31
SPMLINFRA,EQ,31-Aug-2026,179.88,180.0,182.99,176.81,181.5,177644,319.85,3017,82542.0,46.46,2026-08-31
SPORTKING,EQ,31-Aug-2026,222.94,223.0,230.0,218.74,226.71,338311,765.84,7554,138849.0,41.04,2026-08-31
SPPPOLY,SM,31-Aug-2026,12.5,12.95,12.95,12.95,12.95,2000,0.26,1,2000.0,100.0,2026-08-31
SPUNWEB,SM,31-Aug-2026,101.0,100.0,101.0,100.0,101.0,6000,6.02,5,4800.0,80.0,2026-08-31
SRD,EQ,31-Aug-2026,40.24,40.69,40.7,39.72,39.95,33814,13.62,113,28912.0,85.5,2026-08-31
SREEL,EQ,31-Aug-2026,249.48,245.0,250.99,243.64,247.8,13275,32.82,1067,8744.0,65.87,2026-08-31
SRF,EQ,31-Aug-2026,2589.9,2587.1,2595.7,2552.0,2560.4,311993,8003.22,23952,228695.0,73.3,2026-08-31
SRGHFL,EQ,31-Aug-2026,254.9,256.05,259.9,255.6,259.35,901,2.33,51,855.0,94.89,2026-08-31
SRHHYPOLTD,EQ,31-Aug-2026,473.95,474.0,504.6,474.0,501.55,39367,195.76,2118,28569.0,72.57,2026-08-31
SRIKPRIND,EQ,31-Aug-2026,20.99,21.09,21.2,20.26,21.13,3520,0.74,30,3443.0,97.81,2026-08-31
SRIVASAVI,ST,31-Aug-2026,75.2,75.0,75.0,73.55,74.65,5000,3.72,5,4000.0,80.0,2026-08-31
SRM,EQ,31-Aug-2026,459.35,464.9,476.4,450.0,451.8,134684,623.25,3897,64961.0,48.23,2026-08-31
SRTL,EQ,31-Aug-2026,37.94,38.49,39.45,37.5,38.55,34978,13.43,295,27267.0,77.95,2026-08-31
SSDL,EQ,31-Aug-2026,57.18,57.99,58.0,56.11,56.46,14784,8.38,358,8459.0,57.22,2026-08-31
SSEGL,SM,31-Aug-2026,415.95,418.0,419.85,395.25,405.8,28600,115.63,109,18600.0,65.03,2026-08-31
SSFL,ST,31-Aug-2026,250.0,250.0,262.0,246.0,260.95,4500,11.37,9,4500.0,100.0,2026-08-31
SSWL,EQ,31-Aug-2026,295.5,295.45,307.7,291.25,305.65,636712,1927.77,10054,376446.0,59.12,2026-08-31
STALLION,BE,31-Aug-2026,213.55,210.8,219.5,207.5,211.0,294058,625.25,2864,,,2026-08-31
STANLEY,EQ,31-Aug-2026,137.39,137.39,138.95,136.0,136.57,51723,70.79,1387,36838.0,71.22,2026-08-31
STAR,EQ,31-Aug-2026,1019.9,1029.0,1038.1,1006.9,1025.0,426871,4367.73,24292,206727.0,48.43,2026-08-31
STARCEMENT,EQ,31-Aug-2026,187.79,186.0,192.99,180.12,184.76,2762342,5097.53,59590,1766861.0,63.96,2026-08-31
STARHEALTH,EQ,31-Aug-2026,573.5,570.1,578.0,562.2,567.75,354531,2023.53,25630,196404.0,55.4,2026-08-31
STARPAPER,EQ,31-Aug-2026,153.0,155.95,155.95,150.25,152.47,5108,7.84,141,4517.0,88.43,2026-08-31
STARTECK,EQ,31-Aug-2026,253.45,256.15,260.9,253.15,253.8,138,0.35,56,69.0,50.0,2026-08-31
STCINDIA,EQ,31-Aug-2026,116.88,117.7,117.7,116.1,116.29,10845,12.63,286,7395.0,68.19,2026-08-31
STEELCAS,EQ,31-Aug-2026,342.3,344.8,351.75,332.0,349.8,56252,195.1,1959,26397.0,46.93,2026-08-31
STEELCITY,EQ,31-Aug-2026,84.16,85.5,85.5,82.35,83.88,8464,7.11,120,5080.0,60.02,2026-08-31
STEELXIND,EQ,31-Aug-2026,10.65,10.57,10.7,10.45,10.58,837907,88.44,1468,437828.0,52.25,2026-08-31
STEL,EQ,31-Aug-2026,636.9,636.9,689.95,628.1,661.2,19646,130.52,1281,9760.0,49.68,2026-08-31
STERTOOLS,BE,31-Aug-2026,219.95,217.5,221.8,215.0,217.3,10522,22.9,325,,,2026-08-31
STLNETWORK,EQ,31-Aug-2026,27.28,27.67,28.64,27.55,28.15,3890428,1097.08,7887,2241296.0,57.61,2026-08-31
STLSTRINF,EQ,31-Aug-2026,18.99,19.17,20.9,17.5,19.82,2118,0.41,31,1634.0,77.15,2026-08-31
STLTECH,BE,31-Aug-2026,723.75,745.0,757.7,715.2,728.45,1785527,13133.37,36145,,,2026-08-31
STOVEKRAFT,EQ,31-Aug-2026,797.5,797.5,859.0,795.0,849.2,794805,6692.72,31005,322931.0,40.63,2026-08-31
STUDDS,EQ,31-Aug-2026,450.0,444.65,450.9,443.35,445.0,23747,105.88,1957,16712.0,70.38,2026-08-31
STUDIOLSD,SM,31-Aug-2026,8.9,9.1,9.2,9.0,9.15,18000,1.64,8,16000.0,88.89,2026-08-31
STYL,EQ,31-Aug-2026,402.1,400.0,406.75,370.0,385.8,166797,654.66,7185,89491.0,53.65,2026-08-31
STYLAMIND,EQ,31-Aug-2026,3507.5,3502.0,3517.0,3450.0,3464.5,24111,837.71,7056,12893.0,53.47,2026-08-31
STYLEBAAZA,EQ,31-Aug-2026,410.8,410.0,414.95,398.75,400.85,656876,2651.32,5751,446449.0,67.97,2026-08-31
STYRENIX,EQ,31-Aug-2026,2020.8,2007.0,2020.8,1964.4,2002.2,40863,816.47,4973,21515.0,52.65,2026-08-31
SUBAHOTELS,SM,31-Aug-2026,105.8,105.0,105.5,103.8,103.8,13200,13.81,8,13200.0,100.0,2026-08-31
SUBEXLTD,EQ,31-Aug-2026,18.13,18.13,18.69,17.61,18.48,3529283,642.62,16836,1871334.0,53.02,2026-08-31
SUBROS,EQ,31-Aug-2026,726.2,726.2,732.65,714.55,717.5,27864,200.29,2131,13729.0,49.27,2026-08-31
SUDARCOLOR,EQ,31-Aug-2026,390.35,399.0,399.0,380.0,385.25,9327,36.14,322,5948.0,63.77,2026-08-31
SUDARSCHEM,EQ,31-Aug-2026,1256.9,1262.2,1275.0,1235.1,1266.8,796088,10038.37,36069,505595.0,63.51,2026-08-31
SUDEEPPHRM,EQ,31-Aug-2026,1152.1,1179.0,1209.7,1143.65,1209.7,329218,3907.32,17115,167702.0,50.94,2026-08-31
SUKHJITS,EQ,31-Aug-2026,159.0,159.79,161.78,157.22,158.74,5571,8.85,128,5340.0,95.85,2026-08-31
SULA,EQ,31-Aug-2026,147.58,147.01,150.5,146.1,147.2,250997,372.47,4284,102190.0,40.71,2026-08-31
SUMEDHA,EQ,31-Aug-2026,39.27,42.0,42.0,39.08,39.5,13789,5.45,19,13789.0,100.0,2026-08-31
SUMEETINDS,EQ,31-Aug-2026,12.68,12.68,12.78,12.21,12.28,1512908,188.39,2003,1216634.0,80.42,2026-08-31
SUMICHEM,EQ,31-Aug-2026,517.85,517.95,523.0,513.5,517.45,133240,689.76,6302,65561.0,49.21,2026-08-31
SUMIT,EQ,31-Aug-2026,51.72,51.0,52.77,49.83,50.14,31781,16.08,801,20060.0,63.12,2026-08-31
SUMMITSEC,EQ,31-Aug-2026,1421.0,1438.5,1447.8,1399.8,1426.7,4680,66.24,520,2589.0,55.32,2026-08-31
SUNCLAY,EQ,31-Aug-2026,1280.5,1260.1,1350.0,1248.0,1305.6,24505,317.52,2444,11365.0,46.38,2026-08-31
SUNDARAM,EQ,31-Aug-2026,1.27,1.28,1.28,1.24,1.25,399498,5.02,343,282568.0,70.73,2026-08-31
SUNDARMFIN,EQ,31-Aug-2026,4574.4,4574.4,4579.0,4502.1,4540.0,232053,10525.51,33575,166059.0,71.56,2026-08-31
SUNDRMBRAK,BE,31-Aug-2026,780.45,762.2,780.45,762.2,770.45,542,4.18,31,,,2026-08-31
SUNDRMFAST,EQ,31-Aug-2026,1200.0,1200.0,1213.9,1188.0,1203.9,194540,2342.88,20910,106301.0,54.64,2026-08-31
SUNDROP,EQ,31-Aug-2026,652.7,653.0,670.0,648.0,660.1,15620,103.02,574,11252.0,72.04,2026-08-31
SUNFLAG,EQ,31-Aug-2026,348.25,350.0,350.5,339.1,340.3,137980,473.41,3008,72422.0,52.49,2026-08-31
SUNLITE,SM,31-Aug-2026,534.35,546.0,550.0,528.0,546.1,49800,268.37,140,34500.0,69.28,2026-08-31
SUNLOC,EQ,31-Aug-2026,75.93,80.0,81.0,75.94,80.76,4507,3.57,114,3784.0,83.96,2026-08-31
SUNPHARMA,EQ,31-Aug-2026,1920.0,1917.0,1984.8,1905.0,1984.8,2413221,47000.94,55998,1724748.0,71.47,2026-08-31
SUNRAKSHAK,EQ,31-Aug-2026,373.0,372.5,374.0,365.0,367.7,5767,21.25,165,4418.0,76.61,2026-08-31
SUNSHIEL,EQ,31-Aug-2026,1179.4,1182.0,1200.0,1130.0,1148.8,3753,43.23,343,2801.0,74.63,2026-08-31
SUNSHINE,EQ,31-Aug-2026,429.75,440.95,467.95,428.8,455.75,7625144,34145.39,102696,699446.0,9.17,2026-08-31
SUNTECH,SM,31-Aug-2026,52.75,52.75,52.75,47.5,47.9,59200,29.37,27,57600.0,97.3,2026-08-31
SUNTECK,EQ,31-Aug-2026,306.0,306.0,306.0,300.45,302.75,74196,224.23,1933,39750.0,53.57,2026-08-31
SUNTV,EQ,31-Aug-2026,474.5,473.8,476.3,458.6,466.15,862089,4009.92,50585,487140.0,56.51,2026-08-31
SUPERHOUSE,EQ,31-Aug-2026,175.57,175.57,175.57,166.25,170.6,6452,10.99,167,4560.0,70.68,2026-08-31
SUPERSPIN,BE,31-Aug-2026,6.12,6.42,6.42,6.09,6.42,93202,5.97,84,,,2026-08-31
SUPRAJIT,EQ,31-Aug-2026,505.25,503.0,509.65,499.6,503.5,57697,291.38,3762,25611.0,44.39,2026-08-31
SUPREME,EQ,31-Aug-2026,38.78,38.78,38.81,37.55,37.84,25439,9.67,265,18656.0,73.34,2026-08-31
SUPREMEENG,BZ,31-Aug-2026,2.78,2.83,2.83,2.83,2.83,213872,6.05,88,,,2026-08-31
SUPREMEIND,EQ,31-Aug-2026,3636.9,3621.5,3681.0,3559.0,3559.0,580445,20779.84,20978,507855.0,87.49,2026-08-31
SUPREMEINF,EQ,31-Aug-2026,83.25,83.25,86.6,83.25,83.78,37665,32.07,843,18223.0,48.38,2026-08-31
SUPREMEPWR,SM,31-Aug-2026,226.2,226.0,228.75,222.35,223.2,35500,80.19,65,28000.0,78.87,2026-08-31
SUPRIYA,EQ,31-Aug-2026,804.15,811.0,811.0,783.1,798.3,178015,1420.58,12920,87711.0,49.27,2026-08-31
SUPTANERY,BE,31-Aug-2026,14.01,14.71,14.71,14.71,14.71,90405,13.3,241,,,2026-08-31
SURAJEST,EQ,31-Aug-2026,198.68,198.68,198.69,190.29,191.01,160144,308.89,1312,138019.0,86.18,2026-08-31
SURAJLTD,EQ,31-Aug-2026,209.89,210.0,210.0,201.01,202.07,853,1.75,44,473.0,55.45,2026-08-31
SURAKSHA,EQ,31-Aug-2026,340.2,341.0,348.95,335.45,338.55,138365,472.66,6253,78107.0,56.45,2026-08-31
SURANASOL,EQ,31-Aug-2026,25.75,25.85,27.05,25.45,26.85,84858,22.39,649,70999.0,83.67,2026-08-31
SURANAT&P,EQ,31-Aug-2026,16.47,16.47,16.47,16.11,16.36,65334,10.64,410,23848.0,36.5,2026-08-31
SURANI,SM,31-Aug-2026,96.95,100.0,100.75,97.0,97.0,3400,3.36,10,3200.0,94.12,2026-08-31
SURYALA,EQ,31-Aug-2026,378.6,378.5,378.5,376.15,378.0,281,1.06,8,281.0,100.0,2026-08-31
SURYALAXMI,EQ,31-Aug-2026,58.05,57.0,61.3,57.0,60.16,13957,8.34,169,10292.0,73.74,2026-08-31
SURYAROSNI,EQ,31-Aug-2026,220.46,220.46,221.99,218.0,219.71,217239,476.7,5511,123712.0,56.95,2026-08-31
SURYODAY,EQ,31-Aug-2026,154.26,154.25,157.49,153.0,154.69,391182,606.61,8327,142623.0,36.46,2026-08-31
SUTLEJTEX,BE,31-Aug-2026,39.3,38.51,40.25,38.16,40.07,19342,7.53,108,,,2026-08-31
SUVEN,EQ,31-Aug-2026,364.95,365.5,395.0,363.15,392.05,1703616,6514.4,37032,549235.0,32.24,2026-08-31
SUVIDHAA,EQ,31-Aug-2026,2.29,2.4,2.4,2.18,2.19,164440,3.63,294,147232.0,89.54,2026-08-31
SUYOG,EQ,31-Aug-2026,745.3,745.3,753.65,732.9,740.75,18146,134.3,991,11459.0,63.15,2026-08-31
SUZLON,EQ,31-Aug-2026,46.79,46.79,47.52,45.92,47.52,59911853,27870.53,106365,35092460.0,58.57,2026-08-31
SVGLOBAL,EQ,31-Aug-2026,129.71,130.35,138.77,123.3,138.44,172,0.23,19,164.0,95.35,2026-08-31
SVLL,BE,31-Aug-2026,785.0,785.0,824.25,785.0,815.55,5765,46.65,79,,,2026-08-31
SVPGLOB,EQ,31-Aug-2026,3.73,3.75,3.86,3.6,3.62,55484,2.07,111,54791.0,98.75,2026-08-31
SWANCORP,EQ,31-Aug-2026,298.15,298.15,299.3,290.15,293.3,755979,2227.63,12533,453786.0,60.03,2026-08-31
SWANDEF,BE,31-Aug-2026,2455.1,2455.1,2475.0,2401.0,2448.0,6341,154.32,543,,,2026-08-31
SWARAJ,BE,31-Aug-2026,366.4,366.4,373.95,360.1,363.5,82415,302.0,329,,,2026-08-31
SWARAJENG,EQ,31-Aug-2026,3544.8,3545.0,3624.9,3532.1,3569.3,16022,574.49,2983,6309.0,39.38,2026-08-31
SWARNSAR,EQ,31-Aug-2026,34.41,35.95,36.0,33.85,35.35,18810,6.5,37,18119.0,96.33,2026-08-31
SWASTIK,ST,31-Aug-2026,20.9,21.0,21.0,21.0,21.0,2400,0.5,2,2400.0,100.0,2026-08-31
SWELECTES,EQ,31-Aug-2026,589.9,588.0,604.4,585.85,588.5,16197,96.39,1425,7928.0,48.95,2026-08-31
SWIGGY,EQ,31-Aug-2026,280.5,280.95,281.9,276.15,281.9,16143985,45133.13,103694,9432100.0,58.42,2026-08-31
SWISSMLTRY,EQ,31-Aug-2026,16.96,17.1,17.1,16.25,16.28,98302,16.24,379,71237.0,72.47,2026-08-31
SWSOLAR,EQ,31-Aug-2026,195.37,194.5,195.17,188.0,189.33,885872,1684.72,11058,467965.0,52.83,2026-08-31
SYLVANPLY,SM,31-Aug-2026,58.7,57.0,57.0,55.8,55.8,4000,2.26,2,4000.0,100.0,2026-08-31
SYMPHONY,EQ,31-Aug-2026,591.15,592.0,594.4,584.0,586.45,50055,294.17,3340,27936.0,55.81,2026-08-31
SYNCOMF,EQ,31-Aug-2026,19.46,19.58,19.95,19.16,19.49,16267062,3187.45,42798,5140631.0,31.6,2026-08-31
SYNGENE,EQ,31-Aug-2026,403.4,406.5,407.7,398.8,400.75,493962,1990.28,23253,295749.0,59.87,2026-08-31
SYNOPTICS,ST,31-Aug-2026,57.6,55.05,55.05,54.75,54.75,1800,0.99,3,1800.0,100.0,2026-08-31
SYRMA,EQ,31-Aug-2026,1474.3,1474.3,1474.3,1392.6,1437.0,1596920,22746.49,77943,613282.0,38.4,2026-08-31
SYSTANGO,SM,31-Aug-2026,233.9,236.95,236.95,222.3,223.15,27600,62.78,66,18400.0,66.67,2026-08-31
SYSTMTXC,BE,31-Aug-2026,57.12,58.78,58.78,57.15,57.9,9344,5.42,73,,,2026-08-31
TAALTECH,EQ,31-Aug-2026,4562.0,4592.0,4592.0,4495.0,4518.8,3895,177.05,497,3066.0,78.72,2026-08-31
TAC,ST,31-Aug-2026,423.2,426.45,426.45,413.2,416.65,28000,116.99,104,23600.0,84.29,2026-08-31
TAINWALCHM,EQ,31-Aug-2026,213.0,215.7,215.7,209.0,209.94,914,1.92,37,864.0,94.53,2026-08-31
TAJGVK,EQ,31-Aug-2026,340.0,341.1,341.1,334.0,335.65,50366,169.72,2426,29647.0,58.86,2026-08-31
TAKE,EQ,31-Aug-2026,16.14,15.34,15.34,15.34,15.34,56992,8.74,295,56992.0,100.0,2026-08-31
TALBROAUTO,EQ,31-Aug-2026,401.35,400.0,414.0,394.5,411.4,170040,689.96,4816,96165.0,56.55,2026-08-31
TAMBOLIIN,BE,31-Aug-2026,259.43,264.62,264.62,251.15,255.0,4129,10.47,28,,,2026-08-31
TANAA,EQ,31-Aug-2026,293.05,293.1,296.8,288.55,289.95,9888,28.77,362,7618.0,77.04,2026-08-31
TANKUP,ST,31-Aug-2026,1365.0,1330.0,1433.25,1320.0,1430.3,24000,324.35,23,23500.0,97.92,2026-08-31
TANLA,EQ,31-Aug-2026,544.25,543.0,543.0,528.0,530.15,399862,2124.3,11572,202595.0,50.67,2026-08-31
TAPIFRUIT,SM,31-Aug-2026,51.0,49.0,49.0,49.0,49.0,1500,0.74,2,1500.0,100.0,2026-08-31
TARACHAND,EQ,31-Aug-2026,48.22,48.0,48.41,47.5,47.88,75871,36.31,2018,28028.0,36.94,2026-08-31
TARAPUR,EQ,31-Aug-2026,14.43,14.43,15.18,12.99,13.4,55683,7.76,276,42635.0,76.57,2026-08-31
TARC,EQ,31-Aug-2026,117.9,120.9,120.9,116.57,118.44,334660,394.17,4255,161777.0,48.34,2026-08-31
TARIL,EQ,31-Aug-2026,303.45,317.05,326.95,309.1,313.8,11756303,37204.47,138212,1591659.0,13.54,2026-08-31
TARMAT,EQ,31-Aug-2026,58.37,58.37,62.31,57.65,61.35,63133,38.56,623,40937.0,64.84,2026-08-31
TARSONS,EQ,31-Aug-2026,332.25,330.0,335.0,323.6,331.65,67668,222.8,2863,33325.0,49.25,2026-08-31
TASTYBITE,EQ,31-Aug-2026,10073.0,10071.5,10199.0,9950.0,10139.0,3378,340.78,949,1975.0,58.47,2026-08-31
TATACAP,EQ,31-Aug-2026,375.7,371.0,373.6,366.6,367.9,545009,2011.64,15888,283468.0,52.01,2026-08-31
TATACHEM,EQ,31-Aug-2026,655.75,659.0,662.0,639.5,643.0,592924,3836.19,18198,253492.0,42.75,2026-08-31
TATACOMM,EQ,31-Aug-2026,1694.7,1695.0,1733.0,1690.0,1723.4,325333,5593.53,26595,171020.0,52.57,2026-08-31
TATACONSUM,EQ,31-Aug-2026,1040.7,1036.4,1045.1,1028.0,1037.5,1686812,17502.09,46100,1274440.0,75.55,2026-08-31
TATAELXSI,EQ,31-Aug-2026,3685.0,3685.0,3685.1,3578.6,3578.6,168290,6057.94,17921,67218.0,39.94,2026-08-31
TATAGOLD,EQ,31-Aug-2026,15.36,15.36,15.36,14.72,14.96,71879880,10731.0,110171,24363304.0,33.89,2026-08-31
TATAINVEST,EQ,31-Aug-2026,638.75,639.0,651.7,635.05,642.2,235239,1511.92,14886,96580.0,41.06,2026-08-31
TATAPOWER,EQ,31-Aug-2026,351.85,351.6,351.85,347.0,347.0,6003565,20932.83,72081,3700156.0,61.63,2026-08-31
TATASTEEL,EQ,31-Aug-2026,186.5,185.35,185.82,181.4,184.35,36802869,67186.26,197392,23151109.0,62.91,2026-08-31
TATATECH,EQ,31-Aug-2026,834.35,833.0,840.0,813.0,831.05,1402484,11589.05,45626,550065.0,39.22,2026-08-31
TATSILV,EQ,31-Aug-2026,23.37,23.18,23.18,22.23,22.62,55567507,12510.57,72510,20334990.0,36.6,2026-08-31
TATVA,EQ,31-Aug-2026,1630.0,1633.9,1650.0,1611.0,1626.7,32839,533.74,3741,13601.0,41.42,2026-08-31
TAURIAN,ST,31-Aug-2026,518.0,508.0,508.0,492.1,499.9,25600,126.64,31,20000.0,78.13,2026-08-31
TBI,SM,31-Aug-2026,70.7,72.0,73.0,67.5,70.35,71400,50.75,92,59400.0,83.19,2026-08-31
TBOTEK,EQ,31-Aug-2026,1682.7,1677.7,1750.0,1651.5,1745.1,454414,7846.49,44622,233604.0,51.41,2026-08-31
TBZ,EQ,31-Aug-2026,301.7,309.85,309.85,292.65,305.7,1158968,3486.32,18830,315024.0,27.18,2026-08-31
TCC,EQ,31-Aug-2026,223.25,225.35,229.3,219.15,225.15,255986,574.74,3133,206055.0,80.49,2026-08-31
TCI,EQ,31-Aug-2026,888.1,888.1,904.95,863.0,868.0,33254,290.54,5200,20454.0,61.51,2026-08-31
TCIEXP,EQ,31-Aug-2026,555.8,555.8,555.8,543.6,547.55,15736,86.21,803,8207.0,52.15,2026-08-31
TCIFINANCE,BE,31-Aug-2026,15.23,15.0,15.89,14.84,15.25,8728,1.34,71,,,2026-08-31
TCL,SM,31-Aug-2026,132.8,132.0,135.0,130.0,130.5,21600,28.38,26,16000.0,74.07,2026-08-31
TCPLPACK,EQ,31-Aug-2026,3821.7,3825.5,4043.8,3792.4,3908.1,17193,673.21,4308,3884.0,22.59,2026-08-31
TCS,EQ,31-Aug-2026,2342.0,2342.0,2399.3,2306.2,2399.3,2905846,68445.17,69557,2027420.0,69.77,2026-08-31
TDPOWERSYS,EQ,31-Aug-2026,752.7,760.0,792.4,751.4,777.0,3155375,24474.5,80648,1831984.0,58.06,2026-08-31
TEAMGTY,EQ,31-Aug-2026,240.33,235.0,249.5,235.0,242.06,577,1.38,49,292.0,50.61,2026-08-31
TEAMLEASE,EQ,31-Aug-2026,1272.7,1280.6,1299.0,1258.7,1283.5,16899,216.78,2675,8667.0,51.29,2026-08-31
TEAMTECH,ST,31-Aug-2026,140.0,141.0,141.0,140.0,141.0,36000,50.72,7,36000.0,100.0,2026-08-31
TECH,EQ,31-Aug-2026,34.05,34.32,34.32,33.56,33.85,28345,9.57,187,19994.0,70.54,2026-08-31
TECHD,SM,31-Aug-2026,560.0,570.0,574.9,526.0,547.45,24900,137.04,76,19200.0,77.11,2026-08-31
TECHERA,SM,31-Aug-2026,169.1,168.45,170.0,165.5,168.9,33600,56.51,39,23200.0,69.05,2026-08-31
TECHLABS,SM,31-Aug-2026,119.5,114.45,119.75,113.55,116.4,24250,27.8,113,19500.0,80.41,2026-08-31
TECHM,EQ,31-Aug-2026,1640.9,1640.0,1640.9,1609.1,1628.0,2975369,48298.94,68160,2048584.0,68.85,2026-08-31
TECHNOCRAF,EQ,31-Aug-2026,373.83,375.68,377.8,361.45,369.12,972438,3594.56,18181,346687.0,35.65,2026-08-31
TECHNOE,EQ,31-Aug-2026,1025.5,1030.65,1031.0,978.0,982.05,219040,2174.1,19374,129246.0,59.01,2026-08-31
TECHNVISN,EQ,31-Aug-2026,5373.7,5300.6,5550.0,5105.1,5249.6,521,27.57,182,341.0,65.45,2026-08-31
TECILCHEM,EQ,31-Aug-2026,9.58,9.62,9.98,9.1,9.43,25091,2.42,113,14875.0,59.28,2026-08-31
TEGA,EQ,31-Aug-2026,1658.7,1658.7,1658.7,1581.0,1586.3,183472,2940.13,11604,110146.0,60.03,2026-08-31
TEJA,SM,31-Aug-2026,259.0,233.1,233.1,233.1,233.1,1200,2.8,2,1200.0,100.0,2026-08-31
TEJASCARGO,SM,31-Aug-2026,410.0,420.0,420.0,420.0,420.0,8400,35.28,2,8400.0,100.0,2026-08-31
TEJASNET,EQ,31-Aug-2026,550.15,550.15,566.8,539.15,559.75,6707173,37418.33,119213,1380497.0,20.58,2026-08-31
TEMBO,EQ,31-Aug-2026,58.2,58.3,59.2,57.2,58.05,1303121,761.06,3459,330383.0,25.35,2026-08-31
TEMPSENS,EQ,31-Aug-2026,586.65,579.0,585.0,557.1,563.6,8261866,47275.0,166328,1749478.0,21.18,2026-08-31
TENNIND,EQ,31-Aug-2026,537.5,537.8,539.45,526.0,529.4,1327955,7043.84,26805,760098.0,57.24,2026-08-31
TERAI,EQ,31-Aug-2026,115.0,103.0,129.0,103.0,121.6,276,0.35,16,150.0,54.35,2026-08-31
TERASOFT,EQ,31-Aug-2026,297.8,296.3,303.6,283.0,287.2,27513,80.18,1186,15985.0,58.1,2026-08-31
TEXINFRA,EQ,31-Aug-2026,111.41,111.0,111.9,111.0,111.23,72236,80.25,574,54184.0,75.01,2026-08-31
TEXMOPIPES,EQ,31-Aug-2026,46.24,46.9,47.24,45.24,45.6,15433,7.06,259,11302.0,73.23,2026-08-31
TEXRAIL,EQ,31-Aug-2026,109.44,109.49,110.6,108.01,108.95,1148942,1253.51,8895,550986.0,47.96,2026-08-31
TFCILTD,EQ,31-Aug-2026,140.54,140.54,142.09,139.26,139.92,5282135,7407.09,17882,2802439.0,53.06,2026-08-31
TFL,EQ,31-Aug-2026,12.46,11.93,12.97,11.91,11.93,5700,0.69,188,3641.0,63.88,2026-08-31
TGBHOTELS,EQ,31-Aug-2026,9.4,9.69,10.24,9.45,9.84,54811,5.39,196,43833.0,79.97,2026-08-31
TGL,ST,31-Aug-2026,16.25,17.05,17.05,17.05,17.05,36200,6.17,29,36200.0,100.0,2026-08-31
TGVSL,EQ,31-Aug-2026,105.24,105.24,106.02,103.24,104.4,91107,95.2,952,51531.0,56.56,2026-08-31
THACKER,BE,31-Aug-2026,999.6,1000.0,1000.0,990.0,990.0,41,0.41,8,,,2026-08-31
THAKDEV,EQ,31-Aug-2026,140.65,140.65,149.97,140.65,149.97,30,0.04,2,30.0,100.0,2026-08-31
THANGAMAYL,EQ,31-Aug-2026,5440.5,5430.0,5464.5,5302.5,5412.0,89821,4835.97,12778,42971.0,47.84,2026-08-31
THEINVEST,EQ,31-Aug-2026,95.0,95.0,97.5,93.0,95.51,8082,7.74,100,3677.0,45.5,2026-08-31
THEJO,EQ,31-Aug-2026,2060.6,2075.5,2100.0,2025.0,2076.6,3146,64.99,438,1953.0,62.08,2026-08-31
THELEELA,EQ,31-Aug-2026,555.25,560.0,582.85,554.3,570.4,1539789,8850.43,50908,590413.0,38.34,2026-08-31
THEMISMED,EQ,31-Aug-2026,125.48,125.5,126.69,121.5,124.76,131074,162.95,2299,60564.0,46.21,2026-08-31
THERMAX,EQ,31-Aug-2026,3944.2,3964.0,3964.3,3875.0,3901.6,97468,3802.14,19420,48119.0,49.37,2026-08-31
THOMASCOOK,EQ,31-Aug-2026,108.43,108.35,108.45,105.11,107.92,737720,787.93,10537,367856.0,49.86,2026-08-31
THOMASCOTT,EQ,31-Aug-2026,277.25,279.0,279.0,270.0,271.4,25403,69.09,850,16848.0,66.32,2026-08-31
THYROCARE,EQ,31-Aug-2026,584.35,584.35,613.0,577.3,604.5,647414,3882.87,25982,441356.0,68.17,2026-08-31
TI,EQ,31-Aug-2026,567.2,563.3,577.0,556.75,561.05,910070,5154.48,21684,435055.0,47.8,2026-08-31
TICL,BE,31-Aug-2026,9.09,9.19,9.19,8.64,8.65,177787,15.44,392,,,2026-08-31
TIGERLOGS,EQ,31-Aug-2026,29.45,28.65,29.63,28.06,28.26,67699,19.44,545,39738.0,58.7,2026-08-31
TIIL,EQ,31-Aug-2026,3292.6,3303.9,3386.8,3271.0,3281.5,38183,1266.88,7887,17097.0,44.78,2026-08-31
TIINDIA,EQ,31-Aug-2026,2840.0,2828.0,2828.0,2766.0,2780.0,176869,4921.19,17055,112763.0,63.76,2026-08-31
TIJARIA,EQ,31-Aug-2026,6.02,6.48,6.48,5.67,6.21,158657,9.65,378,131226.0,82.71,2026-08-31
TIL,BE,31-Aug-2026,239.25,241.9,241.9,234.55,234.8,47273,111.85,304,,,2026-08-31
TIMETECHNO,EQ,31-Aug-2026,186.29,185.0,189.0,183.0,187.19,3297926,6153.97,23383,668427.0,20.27,2026-08-31
TIMEX,EQ,31-Aug-2026,653.75,659.95,687.8,646.8,679.45,692144,4620.95,28002,290242.0,41.93,2026-08-31
TIMKEN,EQ,31-Aug-2026,3149.8,3145.9,3177.8,3118.0,3149.6,27757,874.59,9220,17142.0,61.76,2026-08-31
TINNARUBR,EQ,31-Aug-2026,996.1,995.1,1008.8,977.5,997.1,51692,513.52,4470,25232.0,48.81,2026-08-31
TIPSFILMS,EQ,31-Aug-2026,334.3,341.7,341.7,333.8,335.55,1633,5.49,153,818.0,50.09,2026-08-31
TIPSMUSIC,EQ,31-Aug-2026,648.05,643.0,649.9,639.1,643.85,122917,791.28,13915,74369.0,60.5,2026-08-31
TIRUMALCHM,EQ,31-Aug-2026,160.32,163.1,166.39,159.0,160.06,1243093,2020.61,14903,587122.0,47.23,2026-08-31
TIRUPATIFL,BE,31-Aug-2026,69.78,69.99,71.5,67.28,68.99,141489,97.78,846,,,2026-08-31
TITAGARH,EQ,31-Aug-2026,835.35,832.95,833.95,815.0,818.1,323671,2668.89,19440,159617.0,49.31,2026-08-31
TITAN,EQ,31-Aug-2026,5169.2,5159.0,5159.0,5088.0,5102.4,630695,32247.54,39478,466715.0,74.0,2026-08-31
TMB,EQ,31-Aug-2026,886.05,886.05,941.85,878.95,932.6,776594,7181.13,29189,321333.0,41.38,2026-08-31
TMCV,EQ,31-Aug-2026,466.3,466.2,474.4,459.5,471.1,15309357,71867.91,157187,9241639.0,60.37,2026-08-31
TMPV,EQ,31-Aug-2026,319.4,318.4,318.9,308.85,308.85,9986158,31279.88,65490,6681150.0,66.9,2026-08-31
TNIDETF,EQ,31-Aug-2026,91.78,91.64,91.77,91.0,91.3,239956,219.31,579,149795.0,62.43,2026-08-31
TNPETRO,EQ,31-Aug-2026,111.37,112.02,127.8,111.7,120.77,21800591,26661.72,159994,1737724.0,7.97,2026-08-31
TNPL,EQ,31-Aug-2026,141.22,141.26,141.76,140.06,140.88,57978,81.66,1401,28521.0,49.19,2026-08-31
TNTELE,EQ,31-Aug-2026,8.95,9.09,9.09,8.8,8.91,32755,2.93,222,21527.0,65.72,2026-08-31
TOKYOPLAST,EQ,31-Aug-2026,77.24,75.27,78.79,74.04,77.09,919,0.69,56,657.0,71.49,2026-08-31
TOLINS,EQ,31-Aug-2026,95.0,95.8,95.82,93.5,94.59,43037,40.64,822,28290.0,65.73,2026-08-31
TOP100CASE,EQ,31-Aug-2026,10.67,10.74,10.74,10.56,10.6,823495,87.25,1506,708176.0,86.0,2026-08-31
TOP10ADD,EQ,31-Aug-2026,88.08,88.35,88.36,86.27,87.6,282511,247.9,682,214676.0,75.99,2026-08-31
TOP15IETF,EQ,31-Aug-2026,9.94,9.9,9.98,9.84,9.86,95386,9.42,214,88564.0,92.85,2026-08-31
TOP20,EQ,31-Aug-2026,8.98,8.98,8.98,8.92,8.95,12782,1.14,130,11807.0,92.37,2026-08-31
TORNTPHARM,EQ,31-Aug-2026,5050.0,5048.0,5066.0,4890.0,5066.0,650409,32417.42,40932,503211.0,77.37,2026-08-31
TORNTPOWER,EQ,31-Aug-2026,1217.7,1218.0,1226.1,1208.0,1215.1,486515,5903.65,62192,330365.0,67.9,2026-08-31
TOTAL,EQ,31-Aug-2026,70.77,72.1,72.1,68.0,68.64,23071,16.02,348,11404.0,49.43,2026-08-31
TOUCHWOOD,EQ,31-Aug-2026,60.69,62.94,62.94,59.0,59.13,2924,1.76,72,2208.0,75.51,2026-08-31
TOYAMSL,EQ,31-Aug-2026,0.63,0.64,0.64,0.62,0.63,176790,1.12,163,146674.0,82.97,2026-08-31
TPHQ,BE,31-Aug-2026,0.53,0.53,0.55,0.51,0.55,1040886,5.49,416,,,2026-08-31
TPLPLASTEH,EQ,31-Aug-2026,73.4,73.95,75.29,70.95,71.5,163895,118.92,1529,60684.0,37.03,2026-08-31
TRACXN,EQ,31-Aug-2026,29.76,29.77,31.3,29.77,30.14,178657,54.07,790,144898.0,81.1,2026-08-31
TRANSCOR,EQ,31-Aug-2026,24.7,25.3,26.25,24.0,26.14,3997,1.0,28,2916.0,72.95,2026-08-31
TRANSPEK,BE,31-Aug-2026,1370.3,1369.8,1438.8,1369.4,1438.8,15061,213.34,378,,,2026-08-31
TRANSRAILL,EQ,31-Aug-2026,452.75,453.0,453.95,435.65,437.9,1425848,6256.06,33606,904928.0,63.47,2026-08-31
TRANSTEEL,SM,31-Aug-2026,81.55,80.7,81.75,73.4,74.95,2010000,1517.42,809,1633000.0,81.24,2026-08-31
TRANSWORLD,BE,31-Aug-2026,176.73,173.2,173.2,173.2,173.2,469,0.81,22,,,2026-08-31
TRAVELFOOD,EQ,31-Aug-2026,1297.7,1304.9,1312.4,1269.0,1299.6,58878,758.41,6781,26151.0,44.42,2026-08-31
TREEHOUSE,EQ,31-Aug-2026,6.27,6.27,6.5,6.13,6.25,12835,0.81,78,9448.0,73.61,2026-08-31
TREJHARA,EQ,31-Aug-2026,144.2,146.0,154.0,143.45,146.75,24730,36.81,709,10691.0,43.23,2026-08-31
TREL,EQ,31-Aug-2026,27.18,27.18,27.39,26.5,26.93,56610,15.27,3230,42342.0,74.8,2026-08-31
TRENT,EQ,31-Aug-2026,2898.0,2895.9,2901.2,2865.1,2879.9,976926,28155.97,42322,598827.0,61.3,2026-08-31
TRF,EQ,31-Aug-2026,229.48,229.6,230.79,226.14,227.55,7573,17.29,424,5145.0,67.94,2026-08-31
TRIDENT,EQ,31-Aug-2026,24.32,24.29,24.29,24.01,24.18,2879797,695.95,10490,1453885.0,50.49,2026-08-31
TRIDHYA,ST,31-Aug-2026,8.1,8.3,8.3,8.3,8.3,6000,0.5,2,6000.0,100.0,2026-08-31
TRIGYN,EQ,31-Aug-2026,62.85,63.45,64.8,60.55,60.76,76071,47.79,1150,35842.0,47.12,2026-08-31
TRITONV,EQ,31-Aug-2026,1148.5,1177.9,1177.9,1120.0,1139.9,3097,35.54,307,2203.0,71.13,2026-08-31
TRITURBINE,EQ,31-Aug-2026,580.3,580.0,589.3,571.55,578.15,359842,2089.08,34984,156155.0,43.4,2026-08-31
TRIVENI,EQ,31-Aug-2026,283.82,282.45,297.99,282.0,295.64,1896432,5545.53,26462,622495.0,32.82,2026-08-31
TROM,SM,31-Aug-2026,53.4,53.0,53.95,52.0,52.4,7200,3.82,10,5400.0,75.0,2026-08-31
TRU,EQ,31-Aug-2026,4.12,4.06,4.25,4.01,4.05,123197,5.08,227,89060.0,72.29,2026-08-31
TRUALT,EQ,31-Aug-2026,434.15,435.0,435.25,413.65,429.6,308868,1313.69,7254,173505.0,56.17,2026-08-31
TRUST,SM,31-Aug-2026,28.55,28.55,34.25,28.55,34.25,74400,24.32,92,62400.0,83.87,2026-08-31
TSC,ST,31-Aug-2026,45.0,43.0,45.0,42.75,43.45,8000,3.48,3,8000.0,100.0,2026-08-31
TSFINV,EQ,31-Aug-2026,407.2,406.6,407.1,398.4,401.2,46952,188.5,2312,30048.0,64.0,2026-08-31
TTKHLTCARE,EQ,31-Aug-2026,1134.2,1144.0,1193.8,1112.8,1159.7,100491,1164.57,11599,45254.0,45.03,2026-08-31
TTKPRESTIG,EQ,31-Aug-2026,593.7,594.0,594.45,581.0,583.8,73699,431.13,4663,45607.0,61.88,2026-08-31
TTL,EQ,31-Aug-2026,6.66,6.5,6.88,6.49,6.64,245577,16.17,306,146077.0,59.48,2026-08-31
TTML,EQ,31-Aug-2026,38.84,39.0,39.1,37.82,38.58,3058020,1169.91,12165,936983.0,30.64,2026-08-31
TUNWAL,SM,31-Aug-2026,25.8,25.85,25.9,25.25,25.5,60000,15.34,28,44000.0,73.33,2026-08-31
TURTLEMINT,EQ,31-Aug-2026,152.65,151.0,151.87,143.21,144.12,1007590,1470.54,12046,488694.0,48.5,2026-08-31
TUTIALKA,EQ,31-Aug-2026,59.47,61.96,61.96,58.0,58.68,7747,4.55,96,6860.0,88.55,2026-08-31
TVSELECT,EQ,31-Aug-2026,437.4,438.95,439.95,425.75,428.35,23319,100.47,1410,12031.0,51.59,2026-08-31
TVSHLTD,EQ,31-Aug-2026,13450.0,13580.0,13580.0,13113.0,13233.0,7306,973.07,3286,4386.0,60.03,2026-08-31
TVSMOTOR,EQ,31-Aug-2026,4304.2,4290.0,4341.3,4255.0,4341.3,1510029,65290.87,71200,1034881.0,68.53,2026-08-31
TVSSCS,EQ,31-Aug-2026,131.56,130.75,131.1,126.67,127.09,493756,632.5,7636,260045.0,52.67,2026-08-31
TVSSRICHAK,EQ,31-Aug-2026,5292.3,5292.3,5585.0,5240.1,5519.6,81248,4437.71,17840,15297.0,18.83,2026-08-31
TVTODAY,EQ,31-Aug-2026,112.04,112.99,115.83,110.0,114.16,78515,88.05,1168,47627.0,60.66,2026-08-31
TVVISION,BE,31-Aug-2026,3.58,3.58,3.75,3.45,3.66,45391,1.63,71,,,2026-08-31
TWCGOLDETF,EQ,31-Aug-2026,157.6,157.6,157.6,151.7,153.55,56939,87.38,80,56382.0,99.02,2026-08-31
UBL,EQ,31-Aug-2026,1334.1,1334.1,1335.0,1301.5,1308.5,61021,801.35,6702,38803.0,63.59,2026-08-31
UCAL,BE,31-Aug-2026,156.73,158.3,158.3,148.9,149.89,19165,29.15,179,,,2026-08-31
UCOBANK,EQ,31-Aug-2026,25.48,25.48,25.49,24.85,24.89,4461307,1118.02,16177,2654579.0,59.5,2026-08-31
UDAYJEW,EQ,31-Aug-2026,137.96,148.0,148.0,137.1,137.2,1149,1.63,31,970.0,84.42,2026-08-31
UDS,EQ,31-Aug-2026,222.48,221.07,227.63,221.07,224.73,297152,666.78,7178,158087.0,53.2,2026-08-31
UEL,EQ,31-Aug-2026,189.33,198.79,198.79,184.74,198.79,55208,108.87,553,33712.0,61.06,2026-08-31
UFBL,BE,31-Aug-2026,763.8,758.8,758.8,725.65,727.6,53249,389.83,1508,,,2026-08-31
UFLEX,EQ,31-Aug-2026,634.35,638.35,653.35,627.0,649.1,237317,1521.27,7947,112673.0,47.48,2026-08-31
UFO,EQ,31-Aug-2026,66.49,66.12,67.15,65.85,66.35,17996,11.94,487,10732.0,59.64,2026-08-31
UGARSUGAR,EQ,31-Aug-2026,54.13,54.19,58.0,53.25,55.59,1211476,677.7,9552,350191.0,28.91,2026-08-31
UGROCAP,EQ,31-Aug-2026,86.96,86.96,87.59,85.56,87.06,146124,126.84,1896,75673.0,51.79,2026-08-31
UHTL,ST,31-Aug-2026,143.6,146.45,146.45,146.0,146.45,10000,14.64,5,10000.0,100.0,2026-08-31
UJJIVANSFB,EQ,31-Aug-2026,67.85,67.23,69.43,66.68,69.11,8505500,5800.05,32106,4272354.0,50.23,2026-08-31
ULTRACEMCO,EQ,31-Aug-2026,11589.0,11550.0,11560.0,11415.0,11450.0,381057,43696.82,36590,287325.0,75.4,2026-08-31
ULTRAMAR,EQ,31-Aug-2026,411.3,416.2,448.65,416.2,442.85,465042,2045.65,12998,185437.0,39.88,2026-08-31
UMA,SM,31-Aug-2026,19.05,19.95,19.95,18.55,18.55,8000,1.54,2,8000.0,100.0,2026-08-31
UMAEXPORTS,BE,31-Aug-2026,26.47,26.58,26.62,25.95,25.95,8639,2.28,30,,,2026-08-31
UMESLTD,EQ,31-Aug-2026,5.3,5.3,5.65,4.93,5.45,22729,1.21,118,15250.0,67.09,2026-08-31
UMIYA-MRO,EQ,31-Aug-2026,94.64,96.75,98.8,94.64,96.14,67320,65.42,701,46976.0,69.78,2026-08-31
UNICHEMLAB,EQ,31-Aug-2026,564.25,564.25,589.35,551.4,556.55,321470,1845.55,15038,107016.0,33.29,2026-08-31
UNIDT,BE,31-Aug-2026,215.51,215.39,219.5,209.11,215.51,3272,6.97,66,,,2026-08-31
UNIECOM,EQ,31-Aug-2026,87.18,87.15,91.5,85.43,89.36,845771,757.13,7295,360009.0,42.57,2026-08-31
UNIENTER,EQ,31-Aug-2026,94.1,95.89,96.7,92.7,93.51,15001,14.23,96,13525.0,90.16,2026-08-31
UNIHEALTH,SM,31-Aug-2026,717.95,724.95,725.0,715.0,724.95,5000,36.1,10,4000.0,80.0,2026-08-31
UNIINFO,EQ,31-Aug-2026,10.97,10.92,11.48,10.44,11.18,3155,0.35,47,2128.0,67.45,2026-08-31
UNILEX,SM,31-Aug-2026,25.65,26.0,26.0,26.0,26.0,1600,0.42,1,1600.0,100.0,2026-08-31
UNIMECH,EQ,31-Aug-2026,1503.1,1500.0,1550.5,1458.1,1490.0,317241,4764.57,23093,98232.0,30.96,2026-08-31
UNIONBANK,EQ,31-Aug-2026,186.0,184.68,188.63,181.8,188.63,9767401,18038.13,34860,5915978.0,60.57,2026-08-31
UNIONGOLD,EQ,31-Aug-2026,155.3,154.5,154.5,149.3,150.6,2810,4.23,136,2195.0,78.11,2026-08-31
UNIPARTS,EQ,31-Aug-2026,873.15,881.0,899.8,858.0,893.45,443265,3905.52,21518,192695.0,43.47,2026-08-31
UNITDSPR,EQ,31-Aug-2026,1510.0,1510.0,1510.9,1479.7,1490.0,1523133,22652.71,31251,1175065.0,77.15,2026-08-31
UNITECH,EQ,31-Aug-2026,3.9,3.9,3.95,3.8,3.81,3510786,135.05,2229,2341431.0,66.69,2026-08-31
UNITEDPOLY,EQ,31-Aug-2026,38.8,39.0,39.0,37.25,37.59,58541,22.19,365,34235.0,58.48,2026-08-31
UNITEDTEA,EQ,31-Aug-2026,454.0,445.2,461.0,445.2,452.25,1069,4.84,107,643.0,60.15,2026-08-31
UNIVAFOODS,BE,31-Aug-2026,9.03,9.03,9.03,9.03,9.03,541,0.05,1,,,2026-08-31
UNIVASTU,BE,31-Aug-2026,160.48,160.0,162.5,156.0,157.25,41414,66.02,432,,,2026-08-31
UNIVCABLES,EQ,31-Aug-2026,1693.2,1735.0,1735.0,1636.1,1648.2,167932,2824.28,15613,71212.0,42.41,2026-08-31
UNIVPHOTO,BE,31-Aug-2026,456.05,446.45,452.1,446.45,449.1,369,1.66,16,,,2026-08-31
UNOMINDA,EQ,31-Aug-2026,1276.0,1276.0,1292.5,1261.1,1276.0,693607,8887.08,29036,411668.0,59.35,2026-08-31
UPHOT,EQ,31-Aug-2026,1464.9,1460.0,1464.0,1460.0,1461.8,18,0.26,2,18.0,100.0,2026-08-31
UPL,EQ,31-Aug-2026,571.0,568.0,569.45,562.25,562.25,2572084,14498.2,22719,1843025.0,71.65,2026-08-31
URAVIDEF,BE,31-Aug-2026,107.92,107.99,113.31,107.99,113.31,15974,17.79,157,,,2026-08-31
URBAN,SM,31-Aug-2026,139.7,134.5,136.45,118.0,120.35,140800,175.28,134,88800.0,63.07,2026-08-31
URBANCO,EQ,31-Aug-2026,168.41,168.4,174.34,165.48,167.11,22948972,38762.7,114090,11499600.0,50.11,2026-08-31
URJA,EQ,31-Aug-2026,9.19,9.19,9.23,9.15,9.16,595780,54.66,1997,371459.0,62.35,2026-08-31
USASEEDS,SM,31-Aug-2026,93.4,88.75,96.0,88.75,96.0,856,0.79,2,856.0,100.0,2026-08-31
USHAFIN,SM,31-Aug-2026,47.15,47.15,48.05,47.15,48.05,51200,24.54,17,51200.0,100.0,2026-08-31
USHAMART,EQ,31-Aug-2026,492.45,493.9,501.3,485.85,498.95,476372,2361.04,16927,288004.0,60.46,2026-08-31
USK,EQ,31-Aug-2026,21.54,21.65,21.65,21.01,21.16,5809,1.23,96,4936.0,84.97,2026-08-31
UTIAMC,EQ,31-Aug-2026,887.7,887.0,887.5,866.5,870.55,228720,2003.91,12847,174582.0,76.33,2026-08-31
UTKAL,SM,31-Aug-2026,51.0,49.0,49.0,49.0,49.0,2000,0.98,1,2000.0,100.0,2026-08-31
UTKARSHBNK,EQ,31-Aug-2026,14.68,14.65,15.12,14.58,15.06,12189024,1823.04,12414,5584709.0,45.82,2026-08-31
UTLSOLAR,EQ,31-Aug-2026,449.55,450.35,464.1,447.15,461.05,244300,1113.81,9510,127521.0,52.2,2026-08-31
UTSSAV,ST,31-Aug-2026,455.0,450.0,450.0,443.0,445.0,7800,34.74,13,7200.0,92.31,2026-08-31
UTTAMSUGAR,EQ,31-Aug-2026,299.55,297.5,318.7,296.5,312.07,553344,1716.9,14808,87325.0,15.78,2026-08-31
UYFINCORP,BE,31-Aug-2026,19.86,20.0,20.24,18.9,19.52,85828,16.69,230,,,2026-08-31
V2RETAIL,EQ,31-Aug-2026,221.32,221.94,224.94,219.33,222.68,985755,2188.04,17812,469592.0,47.64,2026-08-31
VADILALIND,EQ,31-Aug-2026,7900.0,7898.5,7960.0,7610.5,7672.0,20143,1560.6,6110,8089.0,40.16,2026-08-31
VADILENT,EQ,31-Aug-2026,10833.0,10833.0,10833.0,10264.0,10500.0,62,6.53,29,60.0,96.77,2026-08-31
VAIBHAVGBL,EQ,31-Aug-2026,221.55,221.0,221.0,218.0,219.1,186764,408.99,4879,104003.0,55.69,2026-08-31
VAISHALI,EQ,31-Aug-2026,8.31,8.02,8.4,7.98,8.06,92425,7.45,238,62280.0,67.38,2026-08-31
VAKRANGEE,EQ,31-Aug-2026,5.89,5.93,5.93,5.77,5.82,1159968,67.51,1791,667357.0,57.53,2026-08-31
VAL30IETF,EQ,31-Aug-2026,15.16,15.16,15.16,15.0,15.08,190570,28.68,825,115672.0,60.7,2026-08-31
VALIANTLAB,BE,31-Aug-2026,99.65,102.3,102.3,94.67,96.34,248647,239.96,456,,,2026-08-31
VALIANTORG,BE,31-Aug-2026,297.4,292.05,304.7,286.0,290.65,39574,115.17,473,,,2026-08-31
VALUE,EQ,31-Aug-2026,16.17,16.1,16.14,15.97,16.1,37118,5.94,152,19570.0,52.72,2026-08-31
VALUE360,SM,31-Aug-2026,72.95,75.0,75.0,75.0,75.0,36000,27.0,2,36000.0,100.0,2026-08-31
VALUEAXIS,EQ,31-Aug-2026,32.82,32.73,32.97,32.5,32.68,104604,34.12,487,36521.0,34.91,2026-08-31
VAML,EQ,31-Aug-2026,456.15,451.0,452.4,432.1,435.15,18474216,80569.95,122932,11464968.0,62.06,2026-08-31
VARDHACRLC,BE,31-Aug-2026,44.5,44.5,44.5,43.2,43.41,10013,4.35,132,,,2026-08-31
VARDMNPOLY,EQ,31-Aug-2026,5.98,5.98,6.13,5.89,5.97,163280,9.76,344,127866.0,78.31,2026-08-31
VARROC,EQ,31-Aug-2026,821.85,826.0,869.4,809.6,862.0,623239,5282.08,32115,246316.0,39.52,2026-08-31
VASCONEQ,EQ,31-Aug-2026,30.98,30.98,31.09,29.92,30.38,320657,97.34,1398,173726.0,54.18,2026-08-31
VASUPRADA,EQ,31-Aug-2026,94.5,97.0,97.0,97.0,97.0,2005,1.94,3,2005.0,100.0,2026-08-31
VASWANI,EQ,31-Aug-2026,48.98,49.79,49.79,48.03,48.91,15619,7.67,153,12826.0,82.12,2026-08-31
VBL,EQ,31-Aug-2026,414.0,413.85,413.85,400.45,400.45,7714216,31471.58,53693,5259750.0,68.18,2026-08-31
VCL,BE,31-Aug-2026,2.02,1.92,1.92,1.92,1.92,113928,2.19,170,,,2026-08-31
VDEAL,SM,31-Aug-2026,160.5,158.9,167.0,158.9,162.8,10800,17.57,17,7200.0,66.67,2026-08-31
VEDAVAAG,EQ,31-Aug-2026,18.33,18.77,19.0,16.98,18.38,32690,6.05,105,30792.0,94.19,2026-08-31
VEDL,EQ,31-Aug-2026,287.95,284.0,284.0,276.5,278.2,16664814,46459.79,81605,8690354.0,52.15,2026-08-31
VEDPOWER,EQ,31-Aug-2026,36.64,36.64,36.64,35.1,35.18,17247572,6128.09,39848,11696170.0,67.81,2026-08-31
VEEDOL,EQ,31-Aug-2026,1496.1,1496.1,1496.1,1469.0,1472.6,6938,102.72,1076,4029.0,58.07,2026-08-31
VEEKAYEM,SM,31-Aug-2026,103.0,108.15,108.15,108.15,108.15,500,0.54,1,500.0,100.0,2026-08-31
VELJAN,BE,31-Aug-2026,1808.8,1820.0,1820.0,1802.0,1802.0,214,3.86,19,,,2026-08-31
VENKEYS,EQ,31-Aug-2026,1571.9,1587.2,1747.4,1575.4,1702.0,1282528,21719.91,67433,195683.0,15.26,2026-08-31
VENTIVE,EQ,31-Aug-2026,587.1,595.85,605.0,583.3,591.2,22111,131.24,1407,10992.0,49.71,2026-08-31
VENUSPIPES,EQ,31-Aug-2026,1634.3,1648.9,1657.3,1605.1,1643.1,103085,1690.86,11544,49745.0,48.26,2026-08-31
VENUSREM,BE,31-Aug-2026,1626.7,1619.9,1675.0,1571.1,1663.6,28895,471.97,1312,,,2026-08-31
VERANDA,EQ,31-Aug-2026,240.65,239.8,255.2,237.6,249.3,760542,1898.82,12572,343916.0,45.22,2026-08-31
VERTIS,IV,31-Aug-2026,115.75,115.5,115.5,115.5,115.5,50000,57.75,2,50000.0,100.0,2026-08-31
VERTOZ,EQ,31-Aug-2026,39.3,40.9,40.9,37.11,38.21,86873,33.26,512,74144.0,85.35,2026-08-31
VESUVIUS,EQ,31-Aug-2026,421.55,423.25,424.15,403.95,407.75,96182,395.06,6006,69252.0,72.0,2026-08-31
VETO,BE,31-Aug-2026,126.08,126.85,126.85,122.0,125.46,41098,50.72,181,,,2026-08-31
VGCL,EQ,31-Aug-2026,57.75,57.75,60.62,55.86,57.87,22867,13.33,132,16164.0,70.69,2026-08-31
VGINFOTECH,SM,31-Aug-2026,148.5,148.8,148.85,145.05,145.65,27000,39.5,25,20000.0,74.07,2026-08-31
VGL,EQ,31-Aug-2026,58.22,59.39,59.5,58.06,59.12,11164,6.57,167,8983.0,80.46,2026-08-31
VGUARD,EQ,31-Aug-2026,333.25,333.0,348.25,329.85,346.35,1794487,6148.26,34682,1001225.0,55.79,2026-08-31
VHL,EQ,31-Aug-2026,3506.9,3401.0,3635.0,3401.0,3549.2,1207,42.89,264,774.0,64.13,2026-08-31
VHLTD,BE,31-Aug-2026,117.95,117.49,117.49,115.3,115.79,38714,45.09,125,,,2026-08-31
VIAZ,SM,31-Aug-2026,70.0,73.0,73.5,73.0,73.5,12000,8.81,6,12000.0,100.0,2026-08-31
VIDHIING,EQ,31-Aug-2026,355.7,356.95,356.95,347.7,354.55,40625,143.32,1210,29569.0,72.79,2026-08-31
VIDYAWIRES,EQ,31-Aug-2026,90.07,90.48,94.57,90.0,90.25,2561121,2368.6,17489,1464928.0,57.2,2026-08-31
VIESL,SM,31-Aug-2026,351.45,351.7,367.95,351.7,365.8,73600,265.99,77,64800.0,88.04,2026-08-31
VIGOR,ST,31-Aug-2026,100.7,100.7,100.7,100.7,100.7,1600,1.61,1,1600.0,100.0,2026-08-31
VIJAYA,EQ,31-Aug-2026,1452.5,1452.5,1525.0,1450.1,1518.4,336878,5037.4,23634,187650.0,55.7,2026-08-31
VIJAYPD,SM,31-Aug-2026,72.75,72.75,72.75,70.1,70.1,4000,2.86,2,4000.0,100.0,2026-08-31
VIJIFIN,BE,31-Aug-2026,15.04,15.34,15.34,15.34,15.34,22666,3.48,50,,,2026-08-31
VIJSOLX,EQ,31-Aug-2026,690.0,690.0,690.0,665.6,680.0,31,0.21,7,31.0,100.0,2026-08-31
VIKASECO,EQ,31-Aug-2026,1.14,1.15,1.15,1.12,1.12,1331593,15.04,1162,753716.0,56.6,2026-08-31
VIKASLIFE,EQ,31-Aug-2026,1.35,1.37,1.37,1.29,1.3,2420189,31.89,9122,1534549.0,63.41,2026-08-31
VIKRAMSOLR,EQ,31-Aug-2026,172.71,171.97,172.7,168.2,168.7,1326868,2249.48,14191,607194.0,45.76,2026-08-31
VIKRAN,EQ,31-Aug-2026,59.39,59.68,60.21,58.23,58.76,889544,523.92,6724,321752.0,36.17,2026-08-31
VILAS,SM,31-Aug-2026,360.95,354.05,360.0,350.0,357.95,26750,94.63,86,21500.0,80.37,2026-08-31
VILINBIO,SM,31-Aug-2026,44.7,45.0,46.9,45.0,46.9,68000,31.53,15,68000.0,100.0,2026-08-31
VIMTALABS,EQ,31-Aug-2026,617.7,622.0,670.0,620.0,643.45,2416378,15876.41,65732,299529.0,12.4,2026-08-31
VINATIORGA,EQ,31-Aug-2026,1325.2,1319.0,1357.7,1309.6,1329.9,54321,724.77,5804,26342.0,48.49,2026-08-31
VINCOFE,EQ,31-Aug-2026,177.97,177.95,189.4,176.8,185.77,10994745,20356.47,75516,3508441.0,31.91,2026-08-31
VINDHYATEL,EQ,31-Aug-2026,2585.5,2582.4,2595.0,2510.0,2535.5,60287,1539.29,7662,21038.0,34.9,2026-08-31
VINEETLAB,EQ,31-Aug-2026,38.68,37.35,39.29,37.35,38.86,203649,78.68,647,161455.0,79.28,2026-08-31
VINNY,EQ,31-Aug-2026,1.05,1.05,1.06,1.05,1.05,119659,1.26,101,108925.0,91.03,2026-08-31
VINSYS,ST,31-Aug-2026,604.0,610.0,610.0,607.0,607.0,6500,39.5,22,6500.0,100.0,2026-08-31
VINYAS,SM,31-Aug-2026,1573.8,1589.95,1628.9,1543.25,1545.55,8300,131.64,57,6200.0,74.7,2026-08-31
VINYLINDIA,EQ,31-Aug-2026,234.25,236.3,236.99,232.01,232.67,5214,12.2,197,3397.0,65.15,2026-08-31
VIPCLOTHNG,EQ,31-Aug-2026,20.37,20.6,20.8,19.55,20.1,72964,14.7,148,63730.0,87.34,2026-08-31
VIPIND,EQ,31-Aug-2026,305.8,304.95,309.8,300.6,306.5,386585,1187.66,11579,248962.0,64.4,2026-08-31
VIPULLTD,BE,31-Aug-2026,15.44,15.14,15.14,15.14,15.14,11066,1.68,21,,,2026-08-31
VIRAT,EQ,31-Aug-2026,466.05,480.0,480.0,444.05,449.9,2877,13.22,111,1766.0,61.38,2026-08-31
VIRINCHI,EQ,31-Aug-2026,14.98,15.29,15.29,14.5,14.66,78258,11.6,352,60049.0,76.73,2026-08-31
VIRTUALG,EQ,31-Aug-2026,0.53,0.54,0.54,0.43,0.49,2251800,10.71,473,1138392.0,50.55,2026-08-31
VISACHROME,EQ,31-Aug-2026,39.07,41.02,41.02,41.02,41.02,24122,9.89,35,20137.0,83.48,2026-08-31
VISAKAIND,EQ,31-Aug-2026,89.65,89.2,91.31,87.81,88.53,294154,262.12,4064,171196.0,58.2,2026-08-31
VISAMAN,SM,31-Aug-2026,79.2,75.25,75.25,75.25,75.25,1000,0.75,1,1000.0,100.0,2026-08-31
VISDEM,SM,31-Aug-2026,88.55,90.0,92.0,90.0,92.0,14400,13.06,8,13200.0,91.67,2026-08-31
VISHAL,EQ,31-Aug-2026,18.7,21.94,21.94,19.0,19.27,77372,15.27,462,48709.0,62.95,2026-08-31
VISHNU,EQ,31-Aug-2026,652.2,651.3,658.75,646.0,652.15,91047,595.77,5419,50102.0,55.03,2026-08-31
VISHNUINFR,SM,31-Aug-2026,154.9,157.95,162.0,157.95,161.35,19000,30.4,16,18000.0,94.74,2026-08-31
VISHWARAJ,EQ,31-Aug-2026,6.04,6.04,6.49,5.98,6.08,1261474,78.86,2423,681401.0,54.02,2026-08-31
VISHWAS,ST,31-Aug-2026,42.95,42.1,42.1,42.1,42.1,1600,0.67,1,1600.0,100.0,2026-08-31
VISL,EQ,31-Aug-2026,38.59,38.68,39.09,36.67,36.83,30932406,11539.77,54084,20148921.0,65.14,2026-08-31
VITAL,EQ,31-Aug-2026,55.48,55.99,55.99,53.02,53.06,5676,3.07,13,5639.0,99.35,2026-08-31
VIVIANA,BE,31-Aug-2026,728.4,728.4,739.0,715.0,727.55,14166,103.33,302,,,2026-08-31
VIVIDEL,SM,31-Aug-2026,1503.7,1500.0,1550.0,1460.0,1514.35,24480,369.89,87,19920.0,81.37,2026-08-31
VIVIDHA,EQ,31-Aug-2026,0.52,0.52,0.53,0.45,0.5,342805,1.74,212,270335.0,78.86,2026-08-31
VIVIMEDLAB,BE,31-Aug-2026,7.07,7.21,7.21,6.93,6.93,480048,34.36,171,,,2026-08-31
VIVOBIOT,EQ,31-Aug-2026,18.11,18.93,18.94,17.76,18.55,9857,1.8,92,8625.0,87.5,2026-08-31
VIYASH,EQ,31-Aug-2026,267.4,268.0,268.5,262.7,263.6,3318934,8826.87,25871,1653261.0,49.81,2026-08-31
VLEGOV,BE,31-Aug-2026,10.8,10.6,10.65,10.26,10.39,100370,10.4,273,,,2026-08-31
VLINFRA,SM,31-Aug-2026,27.7,26.65,26.65,26.6,26.6,3000,0.8,2,3000.0,100.0,2026-08-31
VLSFINANCE,EQ,31-Aug-2026,243.75,244.1,247.2,241.9,243.15,7548,18.44,295,5380.0,71.28,2026-08-31
VMARCIND,SM,31-Aug-2026,376.0,375.05,384.0,353.5,359.15,291000,1058.08,181,166500.0,57.22,2026-08-31
VMART,EQ,31-Aug-2026,819.65,820.0,855.0,804.5,847.45,84716,701.78,9622,42493.0,50.16,2026-08-31
VMM,EQ,31-Aug-2026,107.0,107.18,110.64,105.8,110.64,15208938,16421.22,58398,8163424.0,53.68,2026-08-31
VMOBILE,SM,31-Aug-2026,64.9,62.0,62.05,62.0,62.0,3200,1.98,4,3200.0,100.0,2026-08-31
VMSTMT,EQ,31-Aug-2026,46.05,46.0,46.44,45.48,45.54,86224,39.55,421,23743.0,27.54,2026-08-31
VOEPL,EQ,31-Aug-2026,570.65,589.9,589.95,551.05,556.1,189872,1072.89,6031,89432.0,47.1,2026-08-31
VOGL,EQ,31-Aug-2026,40.32,40.5,40.56,38.5,38.71,41061258,16070.27,65599,18486811.0,45.02,2026-08-31
VOITHPAPR,EQ,31-Aug-2026,1451.7,1450.0,1497.9,1415.3,1442.7,1024,14.88,87,901.0,87.99,2026-08-31
VOLERCAR,SM,31-Aug-2026,234.0,222.0,232.75,221.25,222.5,9600,21.5,10,5600.0,58.33,2026-08-31
VOLTAMP,EQ,31-Aug-2026,11038.5,11127.0,11151.5,10841.0,10908.5,30404,3342.12,12961,16210.0,53.32,2026-08-31
VOLTAS,EQ,31-Aug-2026,1200.0,1196.5,1205.8,1182.8,1194.4,1330259,15891.62,25019,957108.0,71.95,2026-08-31
VPRPL,EQ,31-Aug-2026,32.16,32.2,33.85,31.3,33.45,518385,170.37,2676,247012.0,47.65,2026-08-31
VR,SM,31-Aug-2026,117.35,111.5,113.0,111.5,113.0,800,0.9,2,800.0,100.0,2026-08-31
VRAJ,EQ,31-Aug-2026,125.47,126.3,129.0,125.59,126.66,21648,27.5,480,12156.0,56.15,2026-08-31
VRLLOG,EQ,31-Aug-2026,295.95,296.4,304.9,293.85,303.15,261050,785.64,7795,151769.0,58.14,2026-08-31
VSSL,EQ,31-Aug-2026,348.55,349.9,364.0,348.8,356.15,88356,314.74,3230,28193.0,31.91,2026-08-31
VSTIND,EQ,31-Aug-2026,210.45,210.45,210.63,208.0,209.74,102871,215.07,3257,58139.0,56.52,2026-08-31
VSTL,EQ,31-Aug-2026,110.82,108.3,113.0,108.3,111.85,22394,24.92,430,17393.0,77.67,2026-08-31
VSTTILLERS,EQ,31-Aug-2026,4381.6,4383.8,4403.9,4330.0,4358.1,5798,252.83,1532,3478.0,59.99,2026-08-31
VTL,EQ,31-Aug-2026,592.75,592.2,595.0,567.0,572.05,422933,2440.13,21516,301515.0,71.29,2026-08-31
VTMLTD,EQ,31-Aug-2026,58.2,60.29,61.9,56.69,57.04,109109,64.9,555,79929.0,73.26,2026-08-31
WAAREEENER,EQ,31-Aug-2026,2640.0,2637.0,2637.0,2572.5,2605.0,951100,24665.82,46333,586678.0,61.68,2026-08-31
WAAREEINDO,EQ,31-Aug-2026,276.25,271.5,277.75,266.05,268.7,83046,225.65,2433,48168.0,58.0,2026-08-31
WAAREERTL,EQ,31-Aug-2026,878.7,877.3,877.3,866.75,872.5,86342,751.63,7024,41241.0,47.76,2026-08-31
WABAG,EQ,31-Aug-2026,2086.1,2085.0,2085.0,1965.0,1979.2,796370,15939.64,50682,388768.0,48.82,2026-08-31
WAKEFIT,EQ,31-Aug-2026,144.71,145.59,149.6,143.45,146.78,625100,919.7,6712,195890.0,31.34,2026-08-31
WALCHANNAG,EQ,31-Aug-2026,221.09,220.05,220.65,214.5,214.9,483183,1045.84,6519,262681.0,54.36,2026-08-31
WALPAR,SM,31-Aug-2026,27.05,25.7,25.7,25.7,25.7,2000,0.51,1,2000.0,100.0,2026-08-31
WANBURY,EQ,31-Aug-2026,257.5,256.1,259.9,253.0,254.1,81070,207.29,2275,39220.0,48.38,2026-08-31
WARDINMOBI,EQ,31-Aug-2026,5.87,5.92,5.97,5.76,5.89,271129,15.97,689,206858.0,76.3,2026-08-31
WATERBASE,EQ,31-Aug-2026,49.89,50.87,51.0,48.57,49.03,11823,5.85,214,8595.0,72.7,2026-08-31
WCIL,EQ,31-Aug-2026,85.74,85.98,86.19,83.75,84.01,59890,50.47,1353,36171.0,60.4,2026-08-31
WEALTH,EQ,31-Aug-2026,848.3,848.3,862.0,840.0,851.25,1205,10.24,113,961.0,79.75,2026-08-31
WEBELSOLAR,EQ,31-Aug-2026,77.84,78.0,78.99,75.75,76.47,1874235,1445.81,16657,932597.0,49.76,2026-08-31
WEIZMANIND,EQ,31-Aug-2026,74.09,75.0,75.0,70.86,73.12,4101,3.01,126,2521.0,61.47,2026-08-31
WEL,EQ,31-Aug-2026,99.8,89.82,89.82,89.82,89.82,1119920,1005.91,2213,1019920.0,91.07,2026-08-31
WELCORP,EQ,31-Aug-2026,2373.8,2350.5,2425.0,2328.0,2391.0,1286940,30620.16,57372,489135.0,38.01,2026-08-31
WELENT,EQ,31-Aug-2026,670.3,672.0,696.0,665.05,685.3,336991,2285.54,11015,196781.0,58.39,2026-08-31
WELINV,BE,31-Aug-2026,2259.2,2259.2,2304.0,2214.1,2214.1,646,14.62,35,,,2026-08-31
WELSPLSOL,EQ,31-Aug-2026,53.29,53.21,53.79,52.42,52.87,246905,131.24,1903,139912.0,56.67,2026-08-31
WELSPUNLIV,EQ,31-Aug-2026,190.46,189.0,198.0,187.31,196.21,3865770,7502.34,36207,1326809.0,34.32,2026-08-31
WENDT,EQ,31-Aug-2026,8243.5,8201.0,8243.5,8104.0,8170.5,5830,476.3,1444,2492.0,42.74,2026-08-31
WESTLIFE,EQ,31-Aug-2026,555.75,555.0,582.0,552.45,571.2,111770,632.28,8860,69594.0,62.27,2026-08-31
WEWIN,EQ,31-Aug-2026,46.81,47.25,47.25,43.1,44.28,3083,1.37,61,2972.0,96.4,2026-08-31
WEWORK,EQ,31-Aug-2026,691.6,691.6,710.1,672.0,684.65,1751448,12039.91,56856,1090189.0,62.25,2026-08-31
WHBRADY,EQ,31-Aug-2026,492.2,492.2,492.2,489.75,491.05,29,0.14,9,24.0,82.76,2026-08-31
WHEELS,EQ,31-Aug-2026,1547.7,1546.0,1578.0,1518.5,1546.4,117709,1823.67,9562,64368.0,54.68,2026-08-31
WHIRLPOOL,EQ,31-Aug-2026,813.25,805.1,819.9,801.05,803.15,273026,2202.52,18154,131940.0,48.33,2026-08-31
WHITEFORCE,SM,31-Aug-2026,45.5,44.7,44.7,44.7,44.7,1600,0.72,1,1600.0,100.0,2026-08-31
WILLAMAGOR,EQ,31-Aug-2026,24.0,24.07,25.49,23.52,23.75,5064,1.2,22,5058.0,99.88,2026-08-31
WINDLAS,EQ,31-Aug-2026,998.55,998.55,1020.0,990.0,994.2,76645,770.62,6203,38429.0,50.14,2026-08-31
WINDMACHIN,EQ,31-Aug-2026,301.9,301.4,314.9,297.65,307.45,36131,110.06,1229,16891.0,46.75,2026-08-31
WINSOL,SM,31-Aug-2026,117.9,118.45,119.95,114.1,114.1,6800,8.0,12,5600.0,82.35,2026-08-31
WIPL,EQ,31-Aug-2026,167.89,165.0,167.95,163.61,164.0,43,0.07,10,21.0,48.84,2026-08-31
WIPRO,EQ,31-Aug-2026,180.95,180.17,184.5,176.17,184.5,16666567,30135.41,74522,10571399.0,63.43,2026-08-31
WOCKPHARMA,EQ,31-Aug-2026,1977.1,1974.9,1977.1,1872.0,1883.7,852543,16208.52,50625,444061.0,52.09,2026-08-31
WOMANCART,ST,31-Aug-2026,119.2,120.0,121.95,113.25,113.25,12400,14.31,29,12000.0,96.77,2026-08-31
WONDERLA,EQ,31-Aug-2026,537.1,540.35,542.55,530.05,537.25,81829,439.72,4512,39938.0,48.81,2026-08-31
WORTHPERI,EQ,31-Aug-2026,159.55,155.94,158.11,154.0,156.45,8032,12.56,872,3972.0,49.45,2026-08-31
WPIL,EQ,31-Aug-2026,447.75,442.0,448.35,437.8,443.45,25879,114.37,2429,13266.0,51.26,2026-08-31
WSI,EQ,31-Aug-2026,61.86,59.5,62.49,59.5,61.47,11175,6.88,834,4716.0,42.2,2026-08-31
WSTCSTPAPR,EQ,31-Aug-2026,612.5,609.0,632.95,607.0,611.8,254827,1577.97,10199,127255.0,49.94,2026-08-31
WTICAB,SM,31-Aug-2026,107.4,108.0,109.0,106.0,107.15,13500,14.63,19,12500.0,92.59,2026-08-31
XCHANGING,EQ,31-Aug-2026,61.38,61.29,61.92,60.45,60.94,42468,25.89,690,22926.0,53.98,2026-08-31
XELPMOC,EQ,31-Aug-2026,81.64,82.8,82.8,78.5,80.94,6555,5.29,319,4334.0,66.12,2026-08-31
XPROINDIA,EQ,31-Aug-2026,1139.4,1124.8,1159.9,1119.0,1148.2,39344,448.73,3647,23218.0,59.01,2026-08-31
XTGLOBAL,EQ,31-Aug-2026,32.16,32.8,33.0,30.5,30.9,63021,20.0,812,42258.0,67.05,2026-08-31
XTRANET,EQ,31-Aug-2026,197.11,200.77,206.39,190.07,194.82,3347062,6636.11,50671,852733.0,25.48,2026-08-31
YAAP,SM,31-Aug-2026,130.0,130.0,130.0,117.0,122.3,22000,27.41,22,18000.0,81.82,2026-08-31
YASHO,EQ,31-Aug-2026,4338.8,4315.0,4371.0,4179.7,4208.5,25119,1070.58,6348,10906.0,43.42,2026-08-31
YASHOPTICS,SM,31-Aug-2026,117.3,120.0,128.0,119.0,124.75,47200,57.75,39,47200.0,100.0,2026-08-31
YATHARTH,EQ,31-Aug-2026,967.4,969.0,1012.5,960.3,1001.9,654071,6480.97,29082,341827.0,52.26,2026-08-31
YATRA,EQ,31-Aug-2026,109.82,109.0,109.0,105.55,106.42,795986,849.03,7094,329263.0,41.37,2026-08-31
YESBANK,EQ,31-Aug-2026,22.1,22.07,22.83,21.98,22.83,102020136,22716.99,72091,67526532.0,66.19,2026-08-31
YOGI,EQ,31-Aug-2026,165.4,166.22,166.22,154.0,162.95,1984,3.19,43,1181.0,59.53,2026-08-31
YUDIZ,SM,31-Aug-2026,23.85,22.7,23.5,22.7,23.5,7200,1.65,3,6400.0,88.89,2026-08-31
YUKEN,EQ,31-Aug-2026,993.4,990.0,1009.0,976.6,989.1,12673,125.18,1092,7146.0,56.39,2026-08-31
ZAGGLE,EQ,31-Aug-2026,190.26,190.05,190.25,183.1,184.5,1444296,2675.28,15661,525589.0,36.39,2026-08-31
ZEEL,EQ,31-Aug-2026,101.51,101.0,101.18,86.9,93.58,109254600,101230.28,309613,21713999.0,19.87,2026-08-31
ZEELEARN,BE,31-Aug-2026,7.91,7.7,7.88,7.55,7.62,357821,27.41,489,,,2026-08-31
ZEEMEDIA,EQ,31-Aug-2026,8.93,8.71,9.2,8.3,8.65,5363712,461.3,5084,1950478.0,36.36,2026-08-31
ZENITHDRUG,SM,31-Aug-2026,44.35,42.1,42.1,42.1,42.1,1600,0.67,2,1600.0,100.0,2026-08-31
ZENITHEXPO,EQ,31-Aug-2026,214.78,214.78,214.78,205.4,214.33,58,0.12,9,56.0,96.55,2026-08-31
ZENITHSTL,EQ,31-Aug-2026,5.37,5.48,5.48,5.2,5.34,63572,3.39,270,49346.0,77.62,2026-08-31
ZENSARTECH,EQ,31-Aug-2026,470.6,470.6,475.7,456.0,460.35,1334200,6131.68,34778,606162.0,45.43,2026-08-31
ZENTEC,EQ,31-Aug-2026,1820.1,1814.0,1815.8,1759.8,1779.1,500169,8903.8,40310,253355.0,50.65,2026-08-31
ZFCVINDIA,EQ,31-Aug-2026,2568.0,2554.4,2565.2,2505.8,2534.6,71018,1797.18,17400,36647.0,51.6,2026-08-31
ZFSTEERING,EQ,31-Aug-2026,670.95,678.0,678.0,666.0,666.2,1340,8.97,91,870.0,64.93,2026-08-31
ZIMLAB,EQ,31-Aug-2026,125.46,125.46,127.04,120.51,122.69,78786,97.06,652,53050.0,67.33,2026-08-31
ZODIAC,EQ,31-Aug-2026,247.25,236.0,246.0,236.0,243.65,9639,23.44,435,4647.0,48.21,2026-08-31
ZODIACLOTH,EQ,31-Aug-2026,73.19,73.0,74.5,72.12,73.4,3485,2.55,67,2265.0,64.99,2026-08-31
ZOTA,EQ,31-Aug-2026,1082.7,1077.0,1080.3,1050.0,1053.8,54364,578.8,3765,41712.0,76.73,2026-08-31
ZSARACOM,EQ,31-Aug-2026,10991.0,10850.0,11000.0,10750.0,10980.0,20,2.18,17,12.0,60.0,2026-08-31
ZTECH,SM,31-Aug-2026,473.65,481.0,482.0,475.0,480.05,5100,24.46,15,4200.0,82.35,2026-08-31
ZUARI,EQ,31-Aug-2026,240.76,240.7,240.76,230.92,231.48,176030,413.21,4277,78693.0,44.7,2026-08-31
ZUARIIND,EQ,31-Aug-2026,272.95,270.0,279.9,267.0,271.7,96647,263.78,2655,48652.0,50.34,2026-08-31
ZYDUSLIFE,EQ,31-Aug-2026,1191.0,1187.0,1187.0,1157.0,1161.3,1498294,17430.95,26855,930041.0,62.07,2026-08-31
ZYDUSWELL,EQ,31-Aug-2026,526.55,530.0,535.0,518.15,530.4,402088,2111.42,37263,201012.0,49.99,2026-08-31
