SYMBOL,SERIES,DATE1,PREV_CLOSE,OPEN_PRICE,HIGH_PRICE,LOW_PRICE,CLOSE_PRICE,TTL_TRD_QNTY,TURNOVER_LACS,NO_OF_TRADES,DELIV_QTY,DELIV_PER,DATE
20MICRONS,EQ,15-Sep-2026,207.86,207.98,208.77,198.51,201.29,111270,225.31,3258,62529.0,56.2,2026-09-15
21STCENMGM,EQ,15-Sep-2026,38.39,37.8,39.15,37.8,39.0,1658,0.64,65,1407.0,84.86,2026-09-15
360ONE,EQ,15-Sep-2026,1091.0,1092.0,1092.9,1052.1,1052.1,896308,9533.64,54476,475769.0,53.08,2026-09-15
3BBLACKBIO,EQ,15-Sep-2026,1419.9,1423.5,1437.3,1352.0,1355.8,10026,139.06,1458,5062.0,50.49,2026-09-15
3IINFOLTD,BE,15-Sep-2026,22.85,22.79,23.99,22.5,23.99,733982,175.0,1074,,,2026-09-15
3MINDIA,EQ,15-Sep-2026,32710.0,32710.0,32895.0,31500.0,31590.0,2096,669.94,1381,1260.0,60.11,2026-09-15
3PLAND,EQ,15-Sep-2026,31.24,31.25,32.3,29.5,30.8,7541,2.36,208,5478.0,72.64,2026-09-15
5PAISA,EQ,15-Sep-2026,326.55,325.1,327.9,311.3,313.2,40835,129.94,2389,22340.0,54.71,2026-09-15
601GS2030,GS,15-Sep-2026,98.5,97.56,98.6,97.56,98.4,4380,4.29,4,2190.0,50.0,2026-09-15
603GS2029,GS,15-Sep-2026,99.0,98.81,99.55,98.81,99.55,1180,1.17,3,590.0,50.0,2026-09-15
610GS2031,GS,15-Sep-2026,99.99,99.5,99.5,99.5,99.5,100,0.1,1,100.0,100.0,2026-09-15
619GS2034,GS,15-Sep-2026,99.2,94.31,95.0,94.3,95.0,2202,2.08,4,1102.0,50.05,2026-09-15
620GS2029,GS,15-Sep-2026,99.99,99.01,99.01,98.65,98.65,250,0.25,2,250.0,100.0,2026-09-15
622GS2035,GS,15-Sep-2026,98.95,94.15,94.2,94.15,94.2,60,0.06,2,30.0,50.0,2026-09-15
636GS2031,GS,15-Sep-2026,99.0,99.0,99.25,98.11,99.25,2042,2.01,8,1442.0,70.62,2026-09-15
63MOONS,EQ,15-Sep-2026,908.9,911.7,914.25,858.1,864.0,310775,2739.54,13943,143919.0,46.31,2026-09-15
648GS2035,GS,15-Sep-2026,100.0,98.11,98.21,98.11,98.21,3490,3.43,3,3490.0,100.0,2026-09-15
653GS2031,GS,15-Sep-2026,100.0,99.0,100.98,99.0,100.98,721,0.71,6,721.0,100.0,2026-09-15
657GS2033A,GS,15-Sep-2026,99.75,97.81,97.81,97.81,97.81,90,0.09,1,90.0,100.0,2026-09-15
664GS2035,GS,15-Sep-2026,98.5,98.01,98.01,98.0,98.0,604,0.59,2,604.0,100.0,2026-09-15
667GS2050,GS,15-Sep-2026,93.5,92.6,92.6,92.6,92.6,1000,0.93,1,1000.0,100.0,2026-09-15
668GS2033,GS,15-Sep-2026,98.66,99.0,100.0,98.66,100.0,4440,4.43,5,4100.0,92.34,2026-09-15
668GS2040,GS,15-Sep-2026,98.2,96.24,98.15,96.05,98.0,10955,10.62,9,10953.0,99.98,2026-09-15
676GS2061,GS,15-Sep-2026,89.64,90.3,90.3,88.61,89.47,7128,6.39,36,6128.0,85.97,2026-09-15
690GS2065,GS,15-Sep-2026,92.41,92.3,92.9,92.3,92.66,21700,20.07,44,17700.0,81.57,2026-09-15
694GS2036,GS,15-Sep-2026,102.78,101.55,101.75,100.75,101.01,36350,36.71,51,25450.0,70.01,2026-09-15
695GS2061,GS,15-Sep-2026,92.22,93.5,93.5,91.89,92.0,1921,1.77,12,1867.0,97.19,2026-09-15
697GR2034,GS,15-Sep-2026,98.0,98.0,98.0,98.0,98.0,253,0.25,2,253.0,100.0,2026-09-15
699GS2051,GS,15-Sep-2026,96.0,96.0,96.0,96.0,96.0,1000,0.96,1,1000.0,100.0,2026-09-15
702GS2027,GS,15-Sep-2026,102.01,102.06,102.1,102.06,102.1,2212,2.26,9,2212.0,100.0,2026-09-15
702GS2031,GS,15-Sep-2026,102.0,103.64,103.65,103.64,103.64,20,0.02,2,10.0,50.0,2026-09-15
704GS2029,GS,15-Sep-2026,103.0,103.5,103.5,103.2,103.2,7860,8.13,3,7860.0,100.0,2026-09-15
706GS2028,GS,15-Sep-2026,103.59,104.0,104.0,103.7,103.8,4300,4.47,3,4300.0,100.0,2026-09-15
706GS2041,GS,15-Sep-2026,99.99,99.98,99.98,99.98,99.98,600,0.6,2,600.0,100.0,2026-09-15
706GS2046,GS,15-Sep-2026,101.5,103.0,103.0,103.0,103.0,1,0.0,1,1.0,100.0,2026-09-15
709GS2054,GS,15-Sep-2026,95.0,95.0,95.0,94.97,94.97,10600,10.07,13,10600.0,100.0,2026-09-15
709GS2074,GS,15-Sep-2026,95.13,95.0,95.0,94.0,94.5,18080,17.05,35,16553.0,91.55,2026-09-15
710GS2029,GS,15-Sep-2026,104.8,103.26,104.9,103.26,104.9,1506501,1579.75,11,1503500.0,99.8,2026-09-15
717GS2030,GS,15-Sep-2026,104.0,104.0,104.0,104.0,104.0,100,0.1,1,100.0,100.0,2026-09-15
718GS2037,GS,15-Sep-2026,102.0,102.0,102.0,101.75,102.0,4405,4.49,6,4405.0,100.0,2026-09-15
724GS2055,GS,15-Sep-2026,96.42,96.25,96.45,95.9,95.9,11752,11.28,38,11752.0,100.0,2026-09-15
725GS2063,GS,15-Sep-2026,96.8,96.41,96.41,96.0,96.11,151034,145.37,127,146504.0,97.0,2026-09-15
726GS2029,GS,15-Sep-2026,101.84,102.0,102.0,102.0,102.0,5000,5.1,1,5000.0,100.0,2026-09-15
726GS2032,GS,15-Sep-2026,102.91,102.01,102.01,102.01,102.01,2360,2.41,2,2360.0,100.0,2026-09-15
726GS2033,GS,15-Sep-2026,103.2,101.71,101.71,101.7,101.7,9600,9.76,4,9600.0,100.0,2026-09-15
732GS2030,GS,15-Sep-2026,105.32,103.61,103.61,103.61,103.61,1100,1.14,3,1100.0,100.0,2026-09-15
733GS2026,GS,15-Sep-2026,102.31,103.33,103.33,102.31,102.32,310,0.32,4,310.0,100.0,2026-09-15
734GS2064,GS,15-Sep-2026,98.57,98.35,98.35,97.82,97.94,99574,97.84,65,98974.0,99.4,2026-09-15
736GS2052,GS,15-Sep-2026,101.48,96.56,98.75,96.56,98.75,6984,6.84,24,6185.0,88.56,2026-09-15
737GS2028,GS,15-Sep-2026,104.2,104.2,104.2,104.2,104.2,202,0.21,3,202.0,100.0,2026-09-15
738GS2027,GS,15-Sep-2026,102.75,103.0,103.0,102.21,102.54,44011,45.07,13,44010.0,100.0,2026-09-15
73GS2053,GS,15-Sep-2026,98.85,98.25,98.25,98.0,98.21,15494,15.21,25,14984.0,96.71,2026-09-15
741GS2036,GS,15-Sep-2026,104.7,104.7,104.7,103.22,103.23,17944,18.56,24,13878.0,77.34,2026-09-15
743GS2076,GS,15-Sep-2026,98.08,98.0,98.6,98.0,98.05,39933,39.18,40,39927.0,99.98,2026-09-15
746GS2073,GS,15-Sep-2026,101.23,100.22,101.24,99.1,101.2,13211,13.23,20,13106.0,99.21,2026-09-15
74GS2062,GS,15-Sep-2026,102.5,102.95,102.95,102.49,102.49,136,0.14,6,136.0,100.0,2026-09-15
750GS2056,GS,15-Sep-2026,103.0,102.9,102.9,102.8,102.9,21,0.02,4,21.0,100.0,2026-09-15
754GS2036,GS,15-Sep-2026,105.74,105.75,105.75,105.0,105.08,580605,611.37,271,571208.0,98.38,2026-09-15
757GS2033,GS,15-Sep-2026,105.0,103.66,103.66,103.5,103.58,2000,2.07,4,2000.0,100.0,2026-09-15
771GS2066,GS,15-Sep-2026,102.99,103.0,103.0,102.7,102.7,3466,3.57,10,3466.0,100.0,2026-09-15
772GS2049,GS,15-Sep-2026,103.51,104.0,104.0,104.0,104.0,1357,1.41,1,1357.0,100.0,2026-09-15
795GS2032,GS,15-Sep-2026,107.5,105.0,105.45,104.3,105.45,2103,2.2,8,1853.0,88.11,2026-09-15
824GS2027,GS,15-Sep-2026,101.55,102.0,102.0,102.0,102.0,1000,1.02,1,1000.0,100.0,2026-09-15
828GS2032,GS,15-Sep-2026,107.65,107.7,107.7,105.75,107.7,304,0.33,5,302.0,99.34,2026-09-15
83GS2040,GS,15-Sep-2026,108.91,109.0,109.0,109.0,109.0,851,0.93,5,851.0,100.0,2026-09-15
83GS2042,GS,15-Sep-2026,110.0,108.0,108.0,107.6,107.6,160,0.17,2,160.0,100.0,2026-09-15
897GS2030,GS,15-Sep-2026,112.18,112.0,112.18,112.0,112.18,4000,4.48,3,4000.0,100.0,2026-09-15
92GS2030,GS,15-Sep-2026,114.49,114.51,115.0,113.95,113.99,11978,13.69,32,9848.0,82.22,2026-09-15
A2ZINFRA,EQ,15-Sep-2026,15.33,15.99,15.99,15.07,15.11,95954,14.59,253,67182.0,70.01,2026-09-15
AAATECH,EQ,15-Sep-2026,91.88,93.8,95.0,91.4,91.98,189713,175.28,499,180240.0,95.01,2026-09-15
AADHARHFC,EQ,15-Sep-2026,456.8,457.0,460.2,444.5,448.35,231528,1038.68,14071,116378.0,50.27,2026-09-15
AAKAAR,SM,15-Sep-2026,63.0,63.0,63.0,63.0,63.0,9600,6.05,6,9600.0,100.0,2026-09-15
AAKASH,EQ,15-Sep-2026,9.1,9.01,9.25,8.69,8.83,132523,11.86,445,87508.0,66.03,2026-09-15
AARADHYA,ST,15-Sep-2026,141.55,148.55,148.55,140.1,140.1,19200,27.93,10,18000.0,93.75,2026-09-15
AAREYDRUGS,EQ,15-Sep-2026,98.89,98.71,100.45,96.1,98.82,212869,210.53,1295,169162.0,79.47,2026-09-15
AARNAV,BE,15-Sep-2026,30.56,29.95,31.39,29.2,29.79,6499,1.94,51,,,2026-09-15
AARON,EQ,15-Sep-2026,126.94,125.0,132.2,120.6,123.18,14325,17.99,525,11123.0,77.65,2026-09-15
AARTECH,BE,15-Sep-2026,51.99,52.24,52.25,50.2,50.83,43354,22.06,175,,,2026-09-15
AARTIDRUGS,EQ,15-Sep-2026,428.5,428.0,439.9,424.0,426.35,143544,621.05,9140,70320.0,48.99,2026-09-15
AARTIIND,EQ,15-Sep-2026,492.7,492.7,494.5,466.1,468.7,789421,3768.2,34942,430537.0,54.54,2026-09-15
AARTIPHARM,EQ,15-Sep-2026,826.95,831.95,832.0,785.15,789.45,386201,3110.02,26089,196886.0,50.98,2026-09-15
AARTISURF,BE,15-Sep-2026,506.65,506.9,515.0,506.9,513.2,14974,76.57,360,,,2026-09-15
AARVI,EQ,15-Sep-2026,141.85,141.1,145.45,140.81,141.39,5231,7.39,206,4173.0,79.77,2026-09-15
AASTHA,EQ,15-Sep-2026,78.43,78.43,80.26,76.0,76.38,772986,593.42,2378,379084.0,49.04,2026-09-15
AATMAJ,SM,15-Sep-2026,18.6,18.6,19.7,18.6,19.25,16000,3.04,7,14000.0,87.5,2026-09-15
AAVAS,EQ,15-Sep-2026,1275.1,1270.1,1290.6,1262.1,1270.3,114642,1465.92,13560,63952.0,55.78,2026-09-15
ABAN,BE,15-Sep-2026,14.39,14.65,14.65,14.11,14.36,14322,2.05,144,,,2026-09-15
ABANSENT,EQ,15-Sep-2026,28.09,28.09,28.6,26.81,27.83,5280,1.46,77,4536.0,85.91,2026-09-15
ABB,EQ,15-Sep-2026,7274.0,7268.0,7268.0,7005.0,7005.0,195095,13842.3,39304,93336.0,47.84,2026-09-15
ABBOTINDIA,EQ,15-Sep-2026,25550.0,25690.0,26245.0,25550.0,26125.0,10732,2793.81,5288,5633.0,52.49,2026-09-15
ABCAPITAL,EQ,15-Sep-2026,395.0,395.15,396.8,378.8,378.8,2529778,9766.63,43358,1275946.0,50.44,2026-09-15
ABCOTS,EQ,15-Sep-2026,203.06,200.7,213.59,200.7,206.04,6697,13.96,291,5100.0,76.15,2026-09-15
ABDL,EQ,15-Sep-2026,632.5,635.0,644.4,622.0,631.6,522432,3304.54,27373,239563.0,45.86,2026-09-15
ABFRL,EQ,15-Sep-2026,50.44,50.35,50.68,48.71,49.02,9099306,4478.04,20957,5564423.0,61.15,2026-09-15
ABGSEC,EQ,15-Sep-2026,113.96,113.96,113.96,113.07,113.07,5,0.01,4,3.0,60.0,2026-09-15
ABH,ST,15-Sep-2026,62.7,59.6,59.6,59.6,59.6,30000,17.88,11,30000.0,100.0,2026-09-15
ABHAPOWER,SM,15-Sep-2026,23.95,24.0,24.0,24.0,24.0,1600,0.38,1,1600.0,100.0,2026-09-15
ABINFRA,BE,15-Sep-2026,11.34,11.34,11.4,10.91,11.11,133271,14.85,345,,,2026-09-15
ABLBL,EQ,15-Sep-2026,83.61,83.5,85.35,82.71,82.95,625654,525.79,9985,339874.0,54.32,2026-09-15
ABMINTLLTD,BE,15-Sep-2026,52.5,52.35,52.35,52.0,52.0,51,0.03,7,,,2026-09-15
ABMKNO,EQ,15-Sep-2026,181.45,182.0,184.9,170.0,174.71,2678,4.73,94,2536.0,94.7,2026-09-15
ABREL,EQ,15-Sep-2026,1281.6,1276.2,1281.7,1227.0,1232.5,197639,2459.4,14731,92103.0,46.6,2026-09-15
ABSL10BANK,EQ,15-Sep-2026,167.34,170.9,170.9,164.0,165.51,3511,5.8,35,3466.0,98.72,2026-09-15
ABSLAMC,EQ,15-Sep-2026,1109.9,1102.0,1104.0,1034.0,1037.9,129497,1376.37,18599,64335.0,49.68,2026-09-15
ABSLBANETF,EQ,15-Sep-2026,58.01,58.14,58.28,57.3,57.4,23799,13.71,447,12539.0,52.69,2026-09-15
ABSLLIQUID,EQ,15-Sep-2026,1000.0,1000.01,1000.01,999.99,999.99,9016,90.16,62,8305.0,92.11,2026-09-15
ABSLMSCIN,EQ,15-Sep-2026,28.9,29.11,29.26,28.63,28.67,354,0.1,14,309.0,87.29,2026-09-15
ABSLNN50ET,EQ,15-Sep-2026,76.15,76.53,76.53,74.1,74.48,43922,32.83,474,21485.0,48.92,2026-09-15
ABSLPSE,EQ,15-Sep-2026,10.11,10.11,10.29,9.9,9.93,109470,10.92,818,94089.0,85.95,2026-09-15
ABSMARINE,SM,15-Sep-2026,316.0,323.0,330.0,300.0,303.5,70000,220.37,128,50500.0,72.14,2026-09-15
ACC,EQ,15-Sep-2026,1246.5,1234.9,1280.3,1219.6,1225.2,205903,2529.2,17828,111703.0,54.25,2026-09-15
ACCELYA,EQ,15-Sep-2026,1118.4,1120.0,1126.0,1108.0,1112.2,5132,57.3,638,3405.0,66.35,2026-09-15
ACCENTMIC,SM,15-Sep-2026,725.75,729.0,731.7,680.0,686.55,141000,984.43,252,105500.0,74.82,2026-09-15
ACCPL,ST,15-Sep-2026,215.0,215.0,219.0,210.0,219.0,8400,17.96,7,8400.0,100.0,2026-09-15
ACCURACY,BE,15-Sep-2026,4.19,4.17,4.39,4.17,4.38,99869,4.35,223,,,2026-09-15
ACE,EQ,15-Sep-2026,1129.0,1135.0,1141.5,1105.0,1132.1,332640,3753.98,25282,169151.0,50.85,2026-09-15
ACEINTEG,EQ,15-Sep-2026,17.62,17.54,18.37,17.51,17.75,6074,1.08,82,5935.0,97.71,2026-09-15
ACETEC,SM,15-Sep-2026,145.0,147.0,160.0,147.0,150.45,22800,35.58,19,16800.0,73.68,2026-09-15
ACGL,EQ,15-Sep-2026,1785.7,1785.7,1824.0,1725.2,1732.1,944,16.65,231,743.0,78.71,2026-09-15
ACI,EQ,15-Sep-2026,470.45,476.7,478.0,453.05,455.25,295921,1360.97,15469,168469.0,56.93,2026-09-15
ACL,EQ,15-Sep-2026,42.7,41.85,43.5,41.85,42.55,4611,1.97,218,3172.0,68.79,2026-09-15
ACMESOLAR,EQ,15-Sep-2026,402.3,402.15,426.15,402.15,420.4,5262214,21938.54,101707,2254141.0,42.84,2026-09-15
ACSTECH,BE,15-Sep-2026,58.29,58.5,61.1,58.5,59.45,274304,164.84,443,,,2026-09-15
ACTIVEINFR,SM,15-Sep-2026,173.0,171.0,171.0,171.0,171.0,600,1.03,1,600.0,100.0,2026-09-15
ACUTAAS,EQ,15-Sep-2026,3383.7,3384.0,3447.6,3232.2,3266.2,264234,8791.02,47895,116164.0,43.96,2026-09-15
ADANIENSOL,EQ,15-Sep-2026,1373.0,1377.6,1379.8,1337.0,1347.5,822951,11157.52,33783,347380.0,42.21,2026-09-15
ADANIENT,EQ,15-Sep-2026,3060.0,3080.0,3083.7,2921.3,2928.6,1783310,53039.0,77398,920830.0,51.64,2026-09-15
ADANIGREEN,EQ,15-Sep-2026,1281.3,1282.3,1294.0,1249.0,1255.0,980470,12412.34,33211,490785.0,50.06,2026-09-15
ADANIPORTS,EQ,15-Sep-2026,1764.6,1791.4,1791.4,1713.8,1713.8,1610729,28063.78,60024,921384.0,57.2,2026-09-15
ADANIPOWER,EQ,15-Sep-2026,209.97,211.05,212.0,201.4,202.0,14417003,29501.55,137013,6742915.0,46.77,2026-09-15
ADDICTIVE,SM,15-Sep-2026,47.5,47.5,47.5,45.15,45.15,5500,2.53,9,5000.0,90.91,2026-09-15
ADDIND,EQ,15-Sep-2026,77.48,79.41,80.0,79.0,79.0,6,0.0,5,4.0,66.67,2026-09-15
ADFFOODS,EQ,15-Sep-2026,269.55,269.55,270.9,260.1,261.3,65591,173.73,2111,23622.0,36.01,2026-09-15
ADISOFT,SM,15-Sep-2026,235.95,236.0,241.8,222.3,226.25,87200,201.47,103,56800.0,65.14,2026-09-15
ADL,EQ,15-Sep-2026,71.54,75.9,83.0,69.71,71.16,3183,2.43,53,912.0,28.65,2026-09-15
ADOR,EQ,15-Sep-2026,1603.7,1604.0,1620.0,1541.3,1548.2,31262,490.18,5506,17269.0,55.24,2026-09-15
ADROITINFO,EQ,15-Sep-2026,11.02,11.06,11.29,10.82,11.04,36084,3.98,187,23562.0,65.3,2026-09-15
ADSL,EQ,15-Sep-2026,100.21,100.68,101.6,96.15,97.02,112407,110.74,2636,55112.0,49.03,2026-09-15
ADVAIT,EQ,15-Sep-2026,2065.0,2070.0,2083.9,2000.0,2007.0,34911,706.27,5055,17509.0,50.15,2026-09-15
ADVANCE,EQ,15-Sep-2026,117.85,118.69,119.76,113.5,113.95,66283,76.53,1321,45242.0,68.26,2026-09-15
ADVANIHOTR,EQ,15-Sep-2026,49.18,49.06,49.06,47.5,47.98,35019,16.95,691,27543.0,78.65,2026-09-15
ADVENTHTL,EQ,15-Sep-2026,128.56,128.67,136.0,125.11,126.42,361220,470.31,6799,91862.0,25.43,2026-09-15
ADVENZYMES,EQ,15-Sep-2026,293.4,293.4,297.0,286.15,287.7,247159,723.14,4964,144677.0,58.54,2026-09-15
ADVIKCA,EQ,15-Sep-2026,1.02,1.02,1.02,0.94,0.98,431765,4.28,428,365212.0,84.59,2026-09-15
AEGISLOG,EQ,15-Sep-2026,1353.6,1365.3,1385.0,1320.0,1323.5,701470,9474.43,37560,269962.0,38.49,2026-09-15
AEGISVOPAK,EQ,15-Sep-2026,295.1,298.4,311.0,292.8,302.0,4447657,13498.18,75497,1272685.0,28.61,2026-09-15
AEPL,EQ,15-Sep-2026,17.21,17.5,17.59,16.02,16.27,53631,9.1,368,43468.0,81.05,2026-09-15
AEQUS,EQ,15-Sep-2026,225.97,229.0,234.0,220.0,221.52,2201591,4980.31,33775,902939.0,41.01,2026-09-15
AEROENTER,EQ,15-Sep-2026,137.09,137.77,137.77,113.85,116.93,1916380,2352.46,26166,877292.0,45.78,2026-09-15
AEROFLEX,EQ,15-Sep-2026,563.95,565.4,567.45,507.6,507.6,1836440,9459.13,29038,819087.0,44.6,2026-09-15
AERON,SM,15-Sep-2026,85.0,83.55,83.55,80.0,81.0,8000,6.52,8,6000.0,75.0,2026-09-15
AERONEU,EQ,15-Sep-2026,68.76,68.76,71.39,67.75,67.94,22172,15.2,453,20231.0,91.25,2026-09-15
AEROPLANE,EQ,15-Sep-2026,205.13,205.12,205.13,195.0,199.72,921171,1841.88,8611,572064.0,62.1,2026-09-15
AESTHETIK,SM,15-Sep-2026,68.5,69.0,69.05,69.0,69.0,8000,5.52,6,8000.0,100.0,2026-09-15
AETHER,EQ,15-Sep-2026,1674.7,1674.7,1680.0,1567.7,1583.1,405221,6461.76,48990,164649.0,40.63,2026-09-15
AFCONS,EQ,15-Sep-2026,253.8,281.0,304.55,260.25,262.25,26501568,75219.46,233701,3962714.0,14.95,2026-09-15
AFFLE,EQ,15-Sep-2026,1567.6,1585.8,1588.9,1534.4,1536.4,132668,2069.39,17365,66102.0,49.83,2026-09-15
AFFORDABLE,EQ,15-Sep-2026,159.88,159.09,161.88,156.01,158.93,16702,26.54,559,11718.0,70.16,2026-09-15
AFIL,EQ,15-Sep-2026,8.92,9.0,9.0,8.39,8.54,634241,54.66,861,437668.0,69.01,2026-09-15
AFSL,EQ,15-Sep-2026,201.0,201.95,202.5,201.0,201.03,7901,15.89,98,6454.0,81.69,2026-09-15
AGARIND,EQ,15-Sep-2026,431.75,431.95,436.95,417.5,421.0,51633,219.16,2598,23873.0,46.24,2026-09-15
AGARWALEYE,EQ,15-Sep-2026,508.4,510.0,511.0,494.85,502.05,195769,981.19,13483,103821.0,53.03,2026-09-15
AGARWALTUF,SM,15-Sep-2026,149.8,145.0,149.8,142.9,146.05,27600,40.55,20,20400.0,73.91,2026-09-15
AGI,EQ,15-Sep-2026,762.65,761.05,762.05,731.1,736.65,91711,684.96,5268,44560.0,48.59,2026-09-15
AGIIL,EQ,15-Sep-2026,272.95,272.95,274.85,255.8,264.15,382898,1028.11,5329,174084.0,45.46,2026-09-15
AGL,EQ,15-Sep-2026,15.13,15.14,15.23,14.01,14.23,2608653,377.69,4057,1411281.0,54.1,2026-09-15
AGRITECH,EQ,15-Sep-2026,99.84,100.33,101.39,97.12,97.57,2551,2.5,154,2144.0,84.05,2026-09-15
AGROPHOS,EQ,15-Sep-2026,23.5,24.2,24.2,22.51,23.47,22908,5.32,345,16358.0,71.41,2026-09-15
AGSTRA,BZ,15-Sep-2026,1.89,1.89,1.98,1.88,1.92,169141,3.26,234,,,2026-09-15
AHCL,EQ,15-Sep-2026,19.57,21.05,22.94,19.37,20.18,165056337,33937.5,924280,17797082.0,10.78,2026-09-15
AHLADA,EQ,15-Sep-2026,35.06,34.85,36.09,34.0,34.99,10913,3.82,105,8610.0,78.9,2026-09-15
AHLEAST,EQ,15-Sep-2026,133.95,134.52,136.88,133.0,133.56,1187,1.59,32,1081.0,91.07,2026-09-15
AHLUCONT,EQ,15-Sep-2026,601.0,601.0,604.65,580.3,585.85,66007,391.94,4540,34413.0,52.14,2026-09-15
AHLWEST,BE,15-Sep-2026,505.0,505.0,530.25,505.0,506.4,882,4.66,38,,,2026-09-15
AIAENG,EQ,15-Sep-2026,4096.6,4113.5,4140.0,3886.0,3899.3,43966,1746.03,16444,23861.0,54.27,2026-09-15
AIIL,EQ,15-Sep-2026,544.35,539.0,539.0,524.2,529.85,279515,1487.58,14196,122652.0,43.88,2026-09-15
AILIMITED,SM,15-Sep-2026,20.1,19.15,19.15,19.1,19.1,6000,1.15,2,6000.0,100.0,2026-09-15
AIMTRON,SM,15-Sep-2026,1772.95,1790.65,1798.95,1645.0,1656.35,63000,1067.4,291,40000.0,63.49,2026-09-15
AIRAN,EQ,15-Sep-2026,17.13,17.21,17.9,16.21,16.45,157643,27.15,945,91815.0,58.24,2026-09-15
AIROLAM,EQ,15-Sep-2026,84.25,89.45,89.45,83.53,84.21,2779,2.39,90,1825.0,65.67,2026-09-15
AISL,SM,15-Sep-2026,54.65,54.65,57.3,54.65,56.9,1800,1.01,3,1800.0,100.0,2026-09-15
AJANTPHARM,EQ,15-Sep-2026,3533.4,3555.9,3555.9,3477.1,3510.4,78118,2743.26,13552,54482.0,69.74,2026-09-15
AJAXENGG,EQ,15-Sep-2026,590.6,585.05,598.0,575.3,581.6,70412,414.08,9845,41247.0,58.58,2026-09-15
AJMERA,EQ,15-Sep-2026,116.75,117.61,117.61,111.83,114.37,421507,479.28,4439,228661.0,54.25,2026-09-15
AJOONI,EQ,15-Sep-2026,3.47,3.42,3.49,3.36,3.43,317027,10.86,670,232342.0,73.29,2026-09-15
AKANKSHA,SM,15-Sep-2026,132.85,130.0,130.0,129.9,130.0,9000,11.7,7,9000.0,100.0,2026-09-15
AKASH,EQ,15-Sep-2026,24.86,25.93,25.93,24.55,24.56,1710,0.42,41,1612.0,94.27,2026-09-15
AKCAPIT,EQ,15-Sep-2026,1708.4,1702.0,1715.0,1681.3,1714.1,1383,23.58,115,1322.0,95.59,2026-09-15
AKG,EQ,15-Sep-2026,10.61,10.4,10.74,10.4,10.48,49896,5.2,159,46977.0,94.15,2026-09-15
AKI,BE,15-Sep-2026,6.14,6.14,6.14,5.84,5.84,285275,16.78,432,,,2026-09-15
AKIKO,SM,15-Sep-2026,432.5,430.0,430.0,430.0,430.0,2400,10.32,1,2400.0,100.0,2026-09-15
AKSHAR,EQ,15-Sep-2026,0.41,0.41,0.42,0.41,0.41,395939,1.64,180,246908.0,62.36,2026-09-15
AKSHARCHEM,BE,15-Sep-2026,423.4,404.1,414.95,401.8,401.8,8144,32.86,202,,,2026-09-15
AKSHOPTFBR,BE,15-Sep-2026,8.78,8.6,8.89,8.35,8.35,406682,34.12,571,,,2026-09-15
AKUMS,EQ,15-Sep-2026,776.35,780.25,792.0,762.15,765.65,345164,2683.53,26631,169964.0,49.24,2026-09-15
ALANKIT,EQ,15-Sep-2026,7.91,8.0,8.0,7.7,7.77,78407,6.1,752,65772.0,83.89,2026-09-15
ALBERTDAVD,EQ,15-Sep-2026,844.35,844.55,862.85,832.0,851.9,5779,48.96,539,2984.0,51.64,2026-09-15
ALCODIS,SM,15-Sep-2026,68.0,74.3,74.3,74.0,74.0,1250,0.93,2,1250.0,100.0,2026-09-15
ALEMBICLTD,EQ,15-Sep-2026,104.33,105.3,106.49,100.0,100.51,840743,856.65,9350,474039.0,56.38,2026-09-15
ALFREDHE,EQ,15-Sep-2026,2845.0,2800.9,2880.0,2750.0,2820.0,69,1.96,43,55.0,79.71,2026-09-15
ALGOQUANT,EQ,15-Sep-2026,64.61,64.61,66.59,63.5,64.13,1404240,906.21,3529,505557.0,36.0,2026-09-15
ALICON,EQ,15-Sep-2026,733.4,739.45,739.95,690.0,697.2,11860,84.11,1448,6414.0,54.08,2026-09-15
ALIVUS,EQ,15-Sep-2026,1386.8,1386.8,1401.7,1344.5,1347.8,79325,1081.31,9199,42559.0,53.65,2026-09-15
ALKALI,EQ,15-Sep-2026,77.25,75.7,78.48,72.22,73.45,10853,8.06,290,6190.0,57.03,2026-09-15
ALKEM,EQ,15-Sep-2026,5087.5,5170.0,5290.0,5140.5,5161.0,253213,13274.94,31431,112761.0,44.53,2026-09-15
ALKYLAMINE,EQ,15-Sep-2026,1867.5,1867.0,1867.0,1768.1,1775.7,85642,1544.54,14672,42243.0,49.33,2026-09-15
ALLCARGO,EQ,15-Sep-2026,12.16,12.4,12.4,11.38,11.6,11548427,1368.12,14507,3986212.0,34.52,2026-09-15
ALLDIGI,EQ,15-Sep-2026,797.3,795.0,806.95,795.0,799.5,2913,23.28,403,2115.0,72.61,2026-09-15
ALLETEC,SM,15-Sep-2026,132.0,128.75,135.0,127.0,127.75,12400,16.16,29,10000.0,80.65,2026-09-15
ALLTIME,EQ,15-Sep-2026,221.15,221.5,223.5,212.0,213.38,111414,243.51,3357,44291.0,39.75,2026-09-15
ALMONDZ,EQ,15-Sep-2026,19.13,19.25,19.4,15.77,16.84,546923,99.29,1364,385140.0,70.42,2026-09-15
ALOKINDS,EQ,15-Sep-2026,7.36,7.4,7.65,7.35,7.38,16675898,1240.94,13212,7093215.0,42.54,2026-09-15
ALPA,EQ,15-Sep-2026,61.69,62.0,62.8,60.0,60.39,10739,6.58,311,8806.0,82.0,2026-09-15
ALPEXSOLAR,SM,15-Sep-2026,934.2,948.8,948.8,890.0,906.35,44900,416.54,368,31300.0,69.71,2026-09-15
ALPHA,EQ,15-Sep-2026,54.06,54.07,54.24,51.95,52.18,1858489,981.46,8073,1156432.0,62.22,2026-09-15
ALPHAETF,EQ,15-Sep-2026,26.49,26.49,26.51,25.65,25.68,494292,128.17,2093,366112.0,74.07,2026-09-15
ALPHAGEO,BE,15-Sep-2026,310.25,307.0,319.8,298.0,298.85,7700,23.39,188,,,2026-09-15
ALPINETEX,EQ,15-Sep-2026,57.13,57.11,57.39,53.5,54.68,94673,52.65,1535,51006.0,53.88,2026-09-15
ALPL30IETF,EQ,15-Sep-2026,27.25,27.25,27.25,26.69,26.7,2987998,804.02,1984,2793069.0,93.48,2026-09-15
ALUFLUOR,EQ,15-Sep-2026,487.4,487.4,495.0,487.4,492.55,4714,23.18,180,4123.0,87.46,2026-09-15
ALUWIND,SM,15-Sep-2026,47.75,47.2,47.2,45.25,46.0,4500,2.08,3,4500.0,100.0,2026-09-15
AMAGI,EQ,15-Sep-2026,578.35,581.25,587.85,567.05,569.4,291602,1680.54,14489,121712.0,41.74,2026-09-15
AMAL,EQ,15-Sep-2026,738.7,739.0,739.4,702.65,713.3,7292,52.42,787,5078.0,69.64,2026-09-15
AMANTA,BE,15-Sep-2026,197.75,193.8,193.8,193.8,193.8,15941,30.89,93,,,2026-09-15
AMARJOTHI,EQ,15-Sep-2026,150.14,154.93,154.93,147.0,148.09,3047,4.56,80,2720.0,89.27,2026-09-15
AMBAAUTO,SM,15-Sep-2026,103.0,103.0,103.0,97.85,98.35,25000,24.91,22,17000.0,68.0,2026-09-15
AMBALALSA,BE,15-Sep-2026,40.33,40.5,40.98,38.32,38.59,45056,17.71,190,,,2026-09-15
AMBER,EQ,15-Sep-2026,7245.0,7280.5,7290.5,6937.0,7000.0,145928,10324.85,20355,49788.0,34.12,2026-09-15
AMBICAAGAR,EQ,15-Sep-2026,24.99,24.87,25.48,24.87,24.94,8112,2.03,133,6205.0,76.49,2026-09-15
AMBIKCO,EQ,15-Sep-2026,1593.1,1594.7,1605.0,1575.0,1579.6,10233,162.4,736,8545.0,83.5,2026-09-15
AMBUJACEM,EQ,15-Sep-2026,391.85,392.6,393.85,380.1,381.75,1367462,5275.42,28941,615162.0,44.99,2026-09-15
AMCL,SM,15-Sep-2026,369.45,375.0,382.0,366.45,375.0,10800,40.07,18,10400.0,96.3,2026-09-15
AMDIND,EQ,15-Sep-2026,64.03,66.29,74.39,65.8,69.64,1440694,1020.92,17696,360155.0,25.0,2026-09-15
AMEYA,SM,15-Sep-2026,121.0,121.25,126.5,119.9,126.5,24000,29.49,20,17000.0,70.83,2026-09-15
AMJLAND,EQ,15-Sep-2026,38.56,38.56,38.64,36.66,37.21,20539,7.74,259,17414.0,84.79,2026-09-15
AMNPLST,EQ,15-Sep-2026,165.26,169.9,169.9,164.0,165.52,1450,2.42,63,1321.0,91.1,2026-09-15
AMRUTANJAN,EQ,15-Sep-2026,490.95,489.0,494.85,485.0,489.6,26954,131.81,1336,15753.0,58.44,2026-09-15
ANANDRATHI,EQ,15-Sep-2026,2211.0,2212.4,2222.0,2175.0,2183.9,126796,2785.04,27909,78401.0,61.83,2026-09-15
ANANTAM,IV,15-Sep-2026,107.69,107.9,107.9,106.21,106.83,3997,4.28,97,3685.0,92.19,2026-09-15
ANANTRAJ,EQ,15-Sep-2026,598.35,601.05,605.3,583.05,585.9,1793456,10657.47,32622,802379.0,44.74,2026-09-15
ANAWIL,SM,15-Sep-2026,462.3,456.6,462.5,425.0,429.4,160400,704.01,366,106800.0,66.58,2026-09-15
ANDHRAPAP,EQ,15-Sep-2026,73.36,73.36,75.0,71.0,71.64,1506455,1100.42,9894,513709.0,34.1,2026-09-15
ANDHRSUGAR,EQ,15-Sep-2026,96.38,97.6,97.6,94.0,94.66,366347,349.78,4827,176355.0,48.14,2026-09-15
ANDREWYU,EQ,15-Sep-2026,26.24,26.1,26.89,25.31,25.65,63569,16.52,546,48277.0,75.94,2026-09-15
ANGELONE,EQ,15-Sep-2026,305.0,306.45,310.0,297.3,297.5,5536817,16769.92,50926,1976176.0,35.69,2026-09-15
ANIKINDS,EQ,15-Sep-2026,44.66,44.05,45.53,39.96,40.58,23241,9.68,354,14896.0,64.09,2026-09-15
ANKITMETAL,BZ,15-Sep-2026,1.61,1.64,1.64,1.64,1.64,40238,0.66,23,,,2026-09-15
ANLON,SM,15-Sep-2026,691.65,692.0,699.95,661.15,672.75,3600,24.66,9,3200.0,88.89,2026-09-15
ANMOL,EQ,15-Sep-2026,16.87,17.0,18.55,15.2,15.27,977450,164.5,3710,480858.0,49.2,2026-09-15
ANNAPURNA,EQ,15-Sep-2026,137.95,137.9,138.14,134.06,137.39,14823,20.27,758,8860.0,59.77,2026-09-15
ANNU,BE,15-Sep-2026,58.35,55.44,55.44,55.44,55.44,129616,71.86,1366,,,2026-09-15
ANONDITA,SM,15-Sep-2026,1129.55,1133.1,1158.0,1078.75,1140.9,58400,657.56,262,35800.0,61.3,2026-09-15
ANSALAPI,BZ,15-Sep-2026,3.34,3.4,3.4,3.4,3.4,23340,0.79,19,,,2026-09-15
ANSALBU,EQ,15-Sep-2026,82.0,82.0,87.0,79.0,84.0,10068,8.39,120,8783.0,87.24,2026-09-15
ANTELOPUS,EQ,15-Sep-2026,1139.35,1146.1,1173.15,1036.95,1057.8,1129576,12509.73,38516,186935.0,16.55,2026-09-15
ANTGRAPHIC,EQ,15-Sep-2026,0.75,0.75,0.75,0.73,0.74,87794,0.65,207,57044.0,64.97,2026-09-15
ANTHEM,EQ,15-Sep-2026,940.9,944.95,962.0,938.2,942.85,599280,5693.7,37150,335159.0,55.93,2026-09-15
ANUHPHR,EQ,15-Sep-2026,94.86,95.0,97.5,89.91,90.33,208793,194.99,3387,98349.0,47.1,2026-09-15
ANUP,EQ,15-Sep-2026,1664.3,1670.0,1679.0,1611.1,1616.1,24723,404.5,4302,14107.0,57.06,2026-09-15
ANURAS,EQ,15-Sep-2026,1219.4,1224.8,1227.3,1115.8,1170.4,493232,5810.68,24790,288207.0,58.43,2026-09-15
ANYA,SM,15-Sep-2026,15.0,15.25,15.25,15.25,15.25,5000,0.76,1,5000.0,100.0,2026-09-15
AONEGOLD,EQ,15-Sep-2026,14.15,14.01,14.99,13.96,14.5,394998,56.01,2146,181523.0,45.96,2026-09-15
AONELIQUID,EQ,15-Sep-2026,1076.74,1076.89,1076.89,1076.87,1076.87,10143,109.23,149,7276.0,71.73,2026-09-15
AONENIFTY,EQ,15-Sep-2026,9.71,9.95,9.95,9.55,9.58,237957,22.99,2223,217760.0,91.51,2026-09-15
AONESILVER,EQ,15-Sep-2026,8.7,8.77,8.79,8.58,8.66,565305,48.87,1828,355107.0,62.82,2026-09-15
AONETMMQ50,EQ,15-Sep-2026,10.34,10.69,10.69,10.0,10.0,204288,20.72,479,163001.0,79.79,2026-09-15
AONETOTAL,EQ,15-Sep-2026,11.7,11.93,11.93,11.49,11.52,226437,26.3,1844,115690.0,51.09,2026-09-15
APARINDS,EQ,15-Sep-2026,17500.0,17598.0,17688.0,16490.0,16550.0,100710,17078.3,34026,39728.0,39.45,2026-09-15
APCL,EQ,15-Sep-2026,98.16,100.0,100.0,98.0,99.4,4097,4.07,45,3935.0,96.05,2026-09-15
APCOTEXIND,EQ,15-Sep-2026,601.15,602.05,610.0,575.0,576.7,118177,689.85,7948,66581.0,56.34,2026-09-15
APEX,EQ,15-Sep-2026,368.5,366.65,369.7,355.0,358.95,81885,296.12,3698,38979.0,47.6,2026-09-15
APEXECO,ST,15-Sep-2026,272.5,271.6,273.0,258.9,258.9,14400,38.35,17,14400.0,100.0,2026-09-15
APLAPOLLO,EQ,15-Sep-2026,2153.5,2157.0,2160.0,2107.7,2119.3,434016,9217.54,24611,219587.0,50.59,2026-09-15
APLLTD,EQ,15-Sep-2026,810.95,811.0,839.35,810.2,824.75,165473,1373.45,14861,72601.0,43.87,2026-09-15
APOLLO,EQ,15-Sep-2026,422.25,424.35,424.6,384.0,386.6,9564451,38249.74,110177,3539988.0,37.01,2026-09-15
APOLLOHOSP,EQ,15-Sep-2026,8836.0,8937.0,8950.5,8714.0,8714.0,247091,21815.36,42293,152948.0,61.9,2026-09-15
APOLLOPIPE,EQ,15-Sep-2026,554.9,553.15,554.15,516.45,520.2,406249,2155.07,13600,184431.0,45.4,2026-09-15
APOLLOTYRE,EQ,15-Sep-2026,417.65,415.0,417.75,405.05,406.2,329820,1354.06,18719,136141.0,41.28,2026-09-15
APOLSINHOT,EQ,15-Sep-2026,1226.7,1205.1,1237.0,1205.0,1214.5,636,7.75,66,527.0,82.86,2026-09-15
APOORVA,EQ,15-Sep-2026,27.63,28.18,28.18,27.0,27.02,296,0.08,14,296.0,100.0,2026-09-15
APRAMEYA,SM,15-Sep-2026,116.0,112.0,114.0,112.0,112.0,14000,15.78,4,14000.0,100.0,2026-09-15
APS,SM,15-Sep-2026,239.3,240.0,241.0,232.85,233.35,18000,42.58,66,12250.0,68.06,2026-09-15
APSISAERO,ST,15-Sep-2026,612.3,600.1,600.1,600.1,600.1,7200,43.21,2,7200.0,100.0,2026-09-15
APTECHT,BE,15-Sep-2026,88.2,90.0,90.0,86.0,86.38,47241,41.26,442,,,2026-09-15
APTUS,EQ,15-Sep-2026,249.11,249.01,249.66,240.4,244.83,1042351,2544.22,25725,607836.0,58.31,2026-09-15
AQYLON,EQ,15-Sep-2026,21.24,21.65,21.9,20.18,20.71,4195907,870.44,1311,4073221.0,97.08,2026-09-15
ARABIAN,SM,15-Sep-2026,78.1,78.1,78.1,78.1,78.1,2000,1.56,1,2000.0,100.0,2026-09-15
ARCHIDPLY,EQ,15-Sep-2026,101.96,102.0,105.6,100.21,100.21,16131,16.49,277,11124.0,68.96,2026-09-15
ARCHIES,EQ,15-Sep-2026,12.19,12.36,12.61,12.23,12.29,10834,1.34,92,9792.0,90.38,2026-09-15
ARCIIL,SM,15-Sep-2026,36.0,36.0,36.0,36.0,36.0,2000,0.72,2,2000.0,100.0,2026-09-15
ARCL,EQ,15-Sep-2026,249.9,262.39,262.39,262.39,262.39,1510,3.96,16,1510.0,100.0,2026-09-15
ARDEE,EQ,15-Sep-2026,50.91,51.6,52.65,47.5,47.78,5215440,2546.02,28386,2950277.0,56.57,2026-09-15
ARE&M,EQ,15-Sep-2026,813.9,817.95,824.0,794.6,799.55,408139,3303.65,29434,198813.0,48.71,2026-09-15
ARENTERP,EQ,15-Sep-2026,33.34,32.67,33.39,32.01,32.64,547,0.18,30,392.0,71.66,2026-09-15
ARFIN,EQ,15-Sep-2026,85.98,85.3,86.51,82.02,82.72,1085971,910.22,4697,186720.0,17.19,2026-09-15
ARHAM,SM,15-Sep-2026,213.9,215.0,221.45,209.0,209.0,19000,40.23,15,15000.0,78.95,2026-09-15
ARIES,BE,15-Sep-2026,475.6,468.5,482.0,453.0,473.3,25734,122.52,493,,,2026-09-15
ARIHANT,EQ,15-Sep-2026,887.75,949.15,960.0,841.4,858.8,6740,60.33,638,1378.0,20.45,2026-09-15
ARIHANTACA,SM,15-Sep-2026,500.0,495.0,495.0,495.0,495.0,400,1.98,1,400.0,100.0,2026-09-15
ARIHANTCAP,EQ,15-Sep-2026,79.0,79.47,83.0,79.13,81.45,1185062,966.72,10814,581095.0,49.03,2026-09-15
ARIHANTSUP,EQ,15-Sep-2026,218.45,216.0,219.9,210.0,213.95,4749,10.24,255,3484.0,73.36,2026-09-15
ARIS,EQ,15-Sep-2026,125.46,125.25,127.26,119.15,120.63,1323454,1635.38,9267,543604.0,41.07,2026-09-15
ARISTO,SM,15-Sep-2026,108.0,113.4,113.4,112.0,112.0,3200,3.62,4,3200.0,100.0,2026-09-15
ARKADE,EQ,15-Sep-2026,122.03,122.99,122.99,115.21,116.42,194033,230.99,2932,78703.0,40.56,2026-09-15
ARMANFIN,EQ,15-Sep-2026,2011.3,2024.9,2025.0,1900.4,1918.1,37939,745.79,5502,19886.0,52.42,2026-09-15
AROGRANITE,EQ,15-Sep-2026,23.38,23.38,24.74,22.81,22.98,9200,2.13,115,8684.0,94.39,2026-09-15
ARROWGREEN,EQ,15-Sep-2026,813.0,835.9,883.85,815.25,838.55,225224,1921.17,6809,119090.0,52.88,2026-09-15
ARSHIYA,BZ,15-Sep-2026,0.76,0.74,0.79,0.74,0.78,391329,3.04,125,,,2026-09-15
ARSSBL,EQ,15-Sep-2026,490.25,495.0,499.9,475.05,479.65,149916,729.56,4772,81854.0,54.6,2026-09-15
ARTEMISMED,EQ,15-Sep-2026,344.9,347.5,347.5,326.45,330.55,380378,1265.95,14773,203253.0,53.43,2026-09-15
ARTNIRMAN,EQ,15-Sep-2026,39.92,40.11,40.11,39.11,39.78,834,0.33,9,829.0,99.4,2026-09-15
ARUNAYA,SM,15-Sep-2026,14.2,14.2,14.2,14.0,14.0,4000,0.56,2,4000.0,100.0,2026-09-15
ARVEE,EQ,15-Sep-2026,180.69,177.1,180.0,168.0,168.6,5648,9.7,244,3126.0,55.35,2026-09-15
ARVIND,EQ,15-Sep-2026,575.1,578.8,597.9,542.25,550.6,1581072,9029.3,69913,565614.0,35.77,2026-09-15
ARVINDFASN,EQ,15-Sep-2026,446.5,446.9,448.05,426.55,428.5,218586,954.29,15668,83252.0,38.09,2026-09-15
ARVINDPORT,SM,15-Sep-2026,38.05,38.0,38.8,38.0,38.45,7500,2.88,5,7500.0,100.0,2026-09-15
ARVSMART,EQ,15-Sep-2026,598.05,581.0,586.1,554.1,564.15,232819,1310.94,8010,111230.0,47.78,2026-09-15
ARYAMAN,EQ,15-Sep-2026,635.0,632.0,632.0,632.0,632.0,5,0.03,1,5.0,100.0,2026-09-15
ASAHIINDIA,EQ,15-Sep-2026,985.8,995.0,995.0,952.35,958.8,181950,1760.18,11905,111542.0,61.3,2026-09-15
ASAHISONG,BE,15-Sep-2026,363.95,356.05,367.95,353.0,354.55,8660,31.04,136,,,2026-09-15
ASAL,EQ,15-Sep-2026,462.4,463.95,469.0,445.2,447.85,19416,87.71,1220,11547.0,59.47,2026-09-15
ASALCBR,EQ,15-Sep-2026,676.7,676.7,690.15,660.3,661.9,38899,259.14,2978,22894.0,58.85,2026-09-15
ASHALOG,SM,15-Sep-2026,60.0,59.1,63.85,59.1,63.85,16000,9.63,10,15000.0,93.75,2026-09-15
ASHAPURMIN,EQ,15-Sep-2026,542.9,542.8,546.8,515.65,518.4,299127,1580.13,17912,146956.0,49.13,2026-09-15
ASHIANA,EQ,15-Sep-2026,346.75,344.2,346.4,340.5,341.9,26206,89.78,1029,17507.0,66.81,2026-09-15
ASHIKAG,BE,15-Sep-2026,415.45,415.45,418.0,402.1,406.6,16659,68.28,117,,,2026-09-15
ASHIMASYN,EQ,15-Sep-2026,16.61,16.41,17.3,16.41,16.78,30749,5.18,230,22572.0,73.41,2026-09-15
ASHOKA,EQ,15-Sep-2026,113.86,114.32,114.32,110.9,111.37,542158,608.08,5792,279190.0,51.5,2026-09-15
ASHOKAMET,EQ,15-Sep-2026,17.2,19.4,19.4,14.7,15.14,900455,154.41,3124,421159.0,46.77,2026-09-15
ASHOKLEY,EQ,15-Sep-2026,163.75,164.5,165.36,156.65,156.65,17917014,28591.17,105198,8878502.0,49.55,2026-09-15
ASHUTOSH,ST,15-Sep-2026,164.5,169.9,172.5,156.3,156.9,338400,555.42,243,312000.0,92.2,2026-09-15
ASHWINI,SM,15-Sep-2026,174.0,173.0,173.0,172.0,172.0,2000,3.45,2,2000.0,100.0,2026-09-15
ASIANENE,EQ,15-Sep-2026,535.1,541.75,541.75,477.5,485.25,855416,4250.55,33495,408363.0,47.74,2026-09-15
ASIANHOTNR,EQ,15-Sep-2026,378.8,381.6,409.0,375.35,385.45,111275,441.86,4721,18857.0,16.95,2026-09-15
ASIANPAINT,EQ,15-Sep-2026,2472.5,2472.5,2473.0,2402.8,2402.8,539643,13107.56,51457,332510.0,61.62,2026-09-15
ASIANTILES,EQ,15-Sep-2026,50.34,50.0,50.44,48.86,50.03,2855354,1422.57,8032,1116484.0,39.1,2026-09-15
ASIANTNE,EQ,15-Sep-2026,9.25,9.9,9.9,8.22,8.69,11719,1.05,76,11592.0,98.92,2026-09-15
ASKAUTOLTD,EQ,15-Sep-2026,624.55,634.0,649.95,600.35,604.7,480326,2996.32,22741,128346.0,26.72,2026-09-15
ASMS,BE,15-Sep-2026,6.88,6.99,6.99,6.8,6.82,66066,4.54,289,,,2026-09-15
ASPINWALL,EQ,15-Sep-2026,260.5,266.3,268.0,250.3,250.85,2956,7.68,126,2302.0,77.88,2026-09-15
ASTAR,EQ,15-Sep-2026,583.0,583.0,583.0,560.05,562.5,164,0.92,26,164.0,100.0,2026-09-15
ASTEC,EQ,15-Sep-2026,699.8,700.0,708.7,663.05,673.7,47020,318.68,3442,16177.0,34.4,2026-09-15
ASTERDM,EQ,15-Sep-2026,763.05,762.95,762.95,738.0,741.25,1030702,7717.17,61817,634778.0,61.59,2026-09-15
ASTRAL,EQ,15-Sep-2026,1411.4,1410.0,1414.1,1372.8,1379.6,609291,8449.9,37296,367972.0,60.39,2026-09-15
ASTRAMICRO,EQ,15-Sep-2026,1680.6,1688.5,1688.5,1581.0,1593.8,496962,8070.86,37671,293291.0,59.02,2026-09-15
ASTRAZEN,EQ,15-Sep-2026,6764.5,6767.5,6778.5,6600.0,6695.5,14843,996.76,3284,10763.0,72.51,2026-09-15
ASTRON,BZ,15-Sep-2026,2.94,2.86,3.04,2.86,2.99,13824,0.41,77,,,2026-09-15
ATALREAL,EQ,15-Sep-2026,13.75,12.38,14.74,12.38,14.4,13631375,1818.34,8751,6355867.0,46.63,2026-09-15
ATAM,EQ,15-Sep-2026,55.38,55.11,56.5,53.61,54.67,10388,5.71,315,6927.0,66.68,2026-09-15
ATCENERGY,ST,15-Sep-2026,22.2,21.1,21.5,21.1,21.1,25200,5.38,13,25200.0,100.0,2026-09-15
ATGL,EQ,15-Sep-2026,594.8,595.0,602.9,576.4,580.15,517239,3041.04,26332,196722.0,38.03,2026-09-15
ATHERENERG,EQ,15-Sep-2026,1656.0,1660.7,1662.0,1545.5,1568.5,3713971,59099.2,116278,1326951.0,35.73,2026-09-15
ATL,EQ,15-Sep-2026,25.18,25.21,25.4,24.2,24.33,162315,40.04,930,117606.0,72.46,2026-09-15
ATLANTAA,EQ,15-Sep-2026,37.22,37.0,38.0,36.25,36.74,26472,9.74,364,22254.0,84.07,2026-09-15
ATLANTAELE,EQ,15-Sep-2026,1777.8,1765.1,1784.2,1652.2,1660.0,106063,1795.86,13960,57750.0,54.45,2026-09-15
ATLASCYCLE,EQ,15-Sep-2026,95.71,94.66,96.26,90.3,91.02,26406,24.31,769,19272.0,72.98,2026-09-15
ATLPP,E1,15-Sep-2026,9.11,8.7,9.1,8.7,8.81,2656,0.23,26,2656.0,100.0,2026-09-15
ATMASTCO,SM,15-Sep-2026,130.2,130.5,130.5,126.05,126.05,14800,18.93,18,12800.0,86.49,2026-09-15
ATUL,EQ,15-Sep-2026,6244.5,6250.0,6250.0,6060.5,6081.5,34391,2105.31,7979,20355.0,59.19,2026-09-15
ATULAUTO,EQ,15-Sep-2026,445.6,446.5,460.0,435.15,438.45,132601,592.43,7102,55282.0,41.69,2026-09-15
AUBANK,EQ,15-Sep-2026,1058.9,1061.4,1065.7,1024.6,1028.0,815819,8470.77,39542,517307.0,63.41,2026-09-15
AUGMONT,EQ,15-Sep-2026,886.15,889.95,889.95,825.3,832.25,930427,7890.98,31309,322439.0,34.65,2026-09-15
AURIONPRO,EQ,15-Sep-2026,680.85,691.0,725.95,687.0,698.65,306875,2179.31,15618,137216.0,44.71,2026-09-15
AUROIMPEX,SM,15-Sep-2026,27.85,29.2,29.2,29.2,29.2,4800,1.4,3,4800.0,100.0,2026-09-15
AUROPHARMA,EQ,15-Sep-2026,1679.8,1688.0,1688.0,1642.1,1660.0,438757,7298.76,23981,213790.0,48.73,2026-09-15
AURUM,EQ,15-Sep-2026,224.02,224.02,227.18,220.75,221.36,121746,270.62,2708,80737.0,66.32,2026-09-15
AURUS,EQ,15-Sep-2026,4.89,4.87,4.99,4.69,4.85,12400,0.6,202,10383.0,83.73,2026-09-15
AUSL,SM,15-Sep-2026,23.35,24.0,24.5,24.0,24.25,4000,0.97,2,4000.0,100.0,2026-09-15
AUSOMENT,EQ,15-Sep-2026,152.59,153.9,156.5,151.45,151.73,5047,7.74,116,3994.0,79.14,2026-09-15
AUSTENG,EQ,15-Sep-2026,135.29,130.0,139.0,122.08,127.31,6842,8.67,194,5213.0,76.19,2026-09-15
AUTOAXLES,EQ,15-Sep-2026,1678.0,1685.0,1715.9,1655.1,1661.6,3806,63.86,640,2554.0,67.1,2026-09-15
AUTOBEES,EQ,15-Sep-2026,282.87,286.0,286.0,277.9,278.31,187772,526.16,4788,98178.0,52.29,2026-09-15
AUTOIETF,EQ,15-Sep-2026,28.58,29.29,29.29,27.86,27.91,695282,195.52,4369,409854.0,58.95,2026-09-15
AUTOIND,EQ,15-Sep-2026,82.83,83.2,83.33,78.35,79.11,129975,104.45,1480,80453.0,61.9,2026-09-15
AVADHSUGAR,EQ,15-Sep-2026,769.6,777.0,777.0,724.0,732.7,195986,1456.98,17485,89446.0,45.64,2026-09-15
AVALON,EQ,15-Sep-2026,2264.5,2272.7,2312.0,2150.2,2160.7,355969,7861.44,36683,178096.0,50.03,2026-09-15
AVANA,ST,15-Sep-2026,143.75,144.0,144.0,141.7,144.0,8000,11.43,4,8000.0,100.0,2026-09-15
AVANCE,EQ,15-Sep-2026,0.81,0.81,0.83,0.8,0.81,4652378,37.91,1415,2985085.0,64.16,2026-09-15
AVANTEL,EQ,15-Sep-2026,156.46,156.46,159.0,143.0,144.5,1853714,2775.95,25176,1004430.0,54.18,2026-09-15
AVANTIFEED,EQ,15-Sep-2026,798.6,798.5,805.7,769.35,771.95,282723,2216.39,16252,126331.0,44.68,2026-09-15
AVATAR,ST,15-Sep-2026,242.4,230.5,242.0,230.5,242.0,6000,14.06,2,6000.0,100.0,2026-09-15
AVG,BE,15-Sep-2026,176.41,180.0,180.0,168.2,169.21,5306,9.31,79,,,2026-09-15
AVIANSH,SM,15-Sep-2026,102.5,103.0,103.4,100.2,100.2,4000,4.07,4,3000.0,75.0,2026-09-15
AVIENCE,SM,15-Sep-2026,385.35,392.0,392.0,346.85,349.6,46800,170.19,77,28800.0,61.54,2026-09-15
AVL,EQ,15-Sep-2026,616.45,616.45,622.35,595.2,611.2,421337,2584.26,21570,201077.0,47.72,2026-09-15
AVONMORE,EQ,15-Sep-2026,14.0,14.0,14.29,13.66,13.79,298526,41.79,932,237307.0,79.49,2026-09-15
AVPINFRA,SM,15-Sep-2026,58.8,59.0,59.0,56.55,58.4,46400,26.72,26,41600.0,89.66,2026-09-15
AVROIND,EQ,15-Sep-2026,7.81,7.76,8.2,7.51,7.66,222508,17.56,630,172793.0,77.66,2026-09-15
AVTNPL,EQ,15-Sep-2026,90.13,89.4,90.19,84.54,86.24,279706,242.31,3220,152449.0,54.5,2026-09-15
AWFIS,EQ,15-Sep-2026,293.2,297.85,304.5,268.3,275.15,3801941,10877.85,71339,645844.0,16.99,2026-09-15
AWHCL,EQ,15-Sep-2026,366.5,367.75,367.75,351.75,354.1,82561,296.4,4385,43840.0,53.1,2026-09-15
AWL,EQ,15-Sep-2026,185.02,185.5,185.94,181.05,183.14,1154132,2114.14,22121,609821.0,52.84,2026-09-15
AXISBANK,EQ,15-Sep-2026,1246.0,1254.0,1254.0,1219.9,1222.9,5698466,70288.11,131467,3319643.0,58.26,2026-09-15
AXISCADES,EQ,15-Sep-2026,1831.8,1876.2,1876.2,1699.9,1717.7,176313,3105.14,18230,98118.0,55.65,2026-09-15
AXITA,EQ,15-Sep-2026,7.98,8.03,8.04,7.99,8.0,425828,34.08,620,322384.0,75.71,2026-09-15
AXTEL,EQ,15-Sep-2026,440.2,437.2,458.8,419.1,429.65,21380,93.75,696,17296.0,80.9,2026-09-15
AYE,EQ,15-Sep-2026,179.46,185.0,189.28,176.11,177.25,1154930,2109.37,19664,540403.0,46.79,2026-09-15
AYMSYNTEX,EQ,15-Sep-2026,281.65,278.65,284.55,268.0,269.1,73158,201.08,1717,57157.0,78.13,2026-09-15
AZAD,EQ,15-Sep-2026,2849.1,2865.0,2904.2,2692.9,2704.9,427305,11899.67,32355,198493.0,46.45,2026-09-15
AZADIND,EQ,15-Sep-2026,87.13,90.0,90.0,81.5,84.11,13007,11.19,434,5483.0,42.15,2026-09-15
BABAFP,SM,15-Sep-2026,22.05,22.15,22.15,20.7,20.7,8000,1.74,5,8000.0,100.0,2026-09-15
BAFNAPH,BE,15-Sep-2026,301.45,301.55,307.45,301.55,307.3,12177,37.37,61,,,2026-09-15
BAGFILMS,EQ,15-Sep-2026,4.44,4.53,4.53,4.31,4.35,94381,4.15,281,64167.0,67.99,2026-09-15
BAGMANE,RR,15-Sep-2026,108.79,109.77,110.48,108.45,109.89,2349887,2574.34,14159,2069956.0,88.09,2026-09-15
BAHETI,SM,15-Sep-2026,820.85,820.0,839.0,770.0,780.75,48000,385.06,84,34125.0,71.09,2026-09-15
BAIDFIN,EQ,15-Sep-2026,11.88,11.82,11.9,9.97,10.08,552693,57.19,1728,356910.0,64.58,2026-09-15
BAJAJ-AUTO,EQ,15-Sep-2026,11678.0,11693.0,11709.0,11416.0,11424.0,236796,27270.7,42064,147488.0,62.28,2026-09-15
BAJAJCON,EQ,15-Sep-2026,520.5,517.0,529.8,496.8,503.8,824896,4237.36,33732,423955.0,51.39,2026-09-15
BAJAJELEC,EQ,15-Sep-2026,335.3,335.95,340.4,326.4,328.4,127113,423.08,7407,47887.0,37.67,2026-09-15
BAJAJFINSV,EQ,15-Sep-2026,1913.5,1921.4,1930.6,1855.5,1855.5,486164,9118.29,46968,278637.0,57.31,2026-09-15
BAJAJHCARE,EQ,15-Sep-2026,334.05,334.05,334.1,318.6,320.9,95072,308.44,5093,58889.0,61.94,2026-09-15
BAJAJHFL,EQ,15-Sep-2026,84.11,84.26,84.53,83.08,84.0,3993670,3349.98,22748,2521407.0,63.14,2026-09-15
BAJAJHIND,EQ,15-Sep-2026,20.94,21.15,21.19,19.51,19.71,19892199,4001.21,28825,6309552.0,31.72,2026-09-15
BAJAJHLDNG,EQ,15-Sep-2026,11134.0,11134.0,11208.0,11060.0,11100.0,56888,6319.36,15121,35167.0,61.82,2026-09-15
BAJAJINDEF,EQ,15-Sep-2026,228.57,230.59,234.31,220.06,220.69,10651,23.9,830,6266.0,58.83,2026-09-15
BAJAJST,EQ,15-Sep-2026,365.65,370.0,370.0,363.1,365.3,7410,27.12,376,5952.0,80.32,2026-09-15
BAJEL,EQ,15-Sep-2026,179.89,178.67,182.6,168.01,168.87,305666,527.29,6960,168942.0,55.27,2026-09-15
BAJFINANCE,EQ,15-Sep-2026,1034.5,1035.0,1038.6,1005.5,1009.2,5792124,58817.48,164946,4060046.0,70.1,2026-09-15
BALAJEE,EQ,15-Sep-2026,25.14,26.09,26.09,24.51,24.96,16947,4.26,328,9549.0,56.35,2026-09-15
BALAJIPHOS,SM,15-Sep-2026,116.0,113.0,113.0,113.0,113.0,2000,2.26,2,2000.0,100.0,2026-09-15
BALAJITELE,EQ,15-Sep-2026,90.63,90.71,98.0,90.51,95.48,1605822,1538.27,14623,357395.0,22.26,2026-09-15
BALAMINES,EQ,15-Sep-2026,2276.5,2288.0,2288.0,2093.0,2105.7,256830,5543.56,27373,121197.0,47.19,2026-09-15
BALAXI,EQ,15-Sep-2026,23.39,24.8,24.8,23.0,23.12,26067,6.14,285,17681.0,67.83,2026-09-15
BALKRISHNA,EQ,15-Sep-2026,16.1,16.6,17.2,16.02,16.73,9171,1.54,78,5085.0,55.45,2026-09-15
BALKRISIND,EQ,15-Sep-2026,2164.6,2164.6,2176.3,2117.1,2129.0,166038,3562.02,24293,92717.0,55.84,2026-09-15
BALMLAWRIE,EQ,15-Sep-2026,168.72,168.7,169.0,163.25,164.24,203640,336.4,3922,116446.0,57.18,2026-09-15
BALPHARMA,EQ,15-Sep-2026,107.42,109.22,115.0,107.07,107.44,107727,118.81,1417,48284.0,44.82,2026-09-15
BALRAMCHIN,EQ,15-Sep-2026,691.4,697.3,698.0,667.55,677.1,1081870,7387.84,27562,264527.0,24.45,2026-09-15
BALUFORGE,EQ,15-Sep-2026,533.4,533.4,534.9,494.0,498.2,876986,4450.56,19853,380513.0,43.39,2026-09-15
BANARBEADS,EQ,15-Sep-2026,107.56,111.9,115.0,110.35,110.92,3820,4.29,165,2830.0,74.08,2026-09-15
BANARISUG,EQ,15-Sep-2026,3517.6,3542.6,3542.6,3400.0,3411.1,1035,35.49,269,538.0,51.98,2026-09-15
BANCOINDIA,EQ,15-Sep-2026,615.0,617.55,622.85,585.15,587.65,144544,865.58,10133,72758.0,50.34,2026-09-15
BANDHANBNK,EQ,15-Sep-2026,176.52,177.0,179.11,172.24,172.45,10329258,18159.66,52778,4691483.0,45.42,2026-09-15
BANG,EQ,15-Sep-2026,35.12,35.76,35.76,31.55,32.29,54164,18.22,691,26220.0,48.41,2026-09-15
BANK10ADD,EQ,15-Sep-2026,16.65,16.73,16.73,16.38,16.45,37455,6.2,141,22427.0,59.88,2026-09-15
BANK10BETF,EQ,15-Sep-2026,20.21,20.31,20.99,19.73,19.81,7312,1.47,50,3205.0,43.83,2026-09-15
BANKA,EQ,15-Sep-2026,81.78,82.18,83.0,77.7,77.86,2696,2.14,57,1874.0,69.51,2026-09-15
BANKADD,EQ,15-Sep-2026,58.09,58.5,58.5,57.23,57.51,16276,9.39,132,12926.0,79.42,2026-09-15
BANKBARODA,EQ,15-Sep-2026,238.13,238.13,238.51,232.44,232.7,7383660,17357.73,62138,3834703.0,51.93,2026-09-15
BANKBEES,EQ,15-Sep-2026,586.35,601.0,601.0,578.18,579.33,533936,3110.59,11768,289461.0,54.21,2026-09-15
BANKBETA,EQ,15-Sep-2026,58.63,60.09,60.09,57.85,58.08,62803,36.59,752,29962.0,47.71,2026-09-15
BANKBETF,EQ,15-Sep-2026,57.61,57.0,57.91,56.44,57.02,11849,6.77,343,6022.0,50.82,2026-09-15
BANKETF,EQ,15-Sep-2026,577.62,580.7,580.7,569.69,571.28,30068,172.57,1444,8207.0,27.29,2026-09-15
BANKIETF,EQ,15-Sep-2026,58.14,58.36,58.54,57.37,57.5,151138,87.37,2237,95709.0,63.33,2026-09-15
BANKINDIA,EQ,15-Sep-2026,140.0,140.0,140.41,137.0,137.61,4479489,6200.88,28773,2005036.0,44.76,2026-09-15
BANKNIFTY1,EQ,15-Sep-2026,58.7,59.08,59.21,58.0,58.06,332242,194.07,1590,188223.0,56.65,2026-09-15
BANKPSU,EQ,15-Sep-2026,84.34,83.72,84.34,82.41,82.56,18464,15.35,210,12799.0,69.32,2026-09-15
BANSALWIRE,EQ,15-Sep-2026,309.35,307.9,311.9,298.0,303.7,82917,252.16,4160,45184.0,54.49,2026-09-15
BANSWRAS,EQ,15-Sep-2026,112.84,114.97,114.97,109.0,110.03,9076,10.06,296,6654.0,73.31,2026-09-15
BARFLEX,SM,15-Sep-2026,58.05,61.0,61.05,58.15,60.7,14000,8.46,7,4000.0,28.57,2026-09-15
BASF,EQ,15-Sep-2026,3661.5,3662.0,3674.1,3528.0,3539.4,17640,632.25,4647,9987.0,56.62,2026-09-15
BASILIC,SM,15-Sep-2026,191.1,191.05,191.05,186.0,187.45,4800,9.01,16,3900.0,81.25,2026-09-15
BASML,BE,15-Sep-2026,24.6,24.6,24.75,23.5,23.51,73689,17.61,163,,,2026-09-15
BATAINDIA,EQ,15-Sep-2026,648.65,649.9,656.9,637.5,640.15,174746,1125.31,7984,97198.0,55.62,2026-09-15
BATLIBOI,EQ,15-Sep-2026,85.91,86.0,86.0,82.5,83.95,26108,22.11,485,20920.0,80.13,2026-09-15
BAWEJA,SM,15-Sep-2026,24.15,23.05,23.1,23.0,23.0,7200,1.66,8,7200.0,100.0,2026-09-15
BAYERCROP,EQ,15-Sep-2026,3974.1,3998.9,3999.0,3930.0,3941.1,9354,369.71,2476,5677.0,60.69,2026-09-15
BBETF0432,EQ,15-Sep-2026,1350.41,1343.65,1343.66,1338.0,1340.38,680,9.11,81,463.0,68.09,2026-09-15
BBL,EQ,15-Sep-2026,2246.5,2246.5,2275.5,2166.6,2180.1,28880,637.82,4700,15785.0,54.66,2026-09-15
BBNPNBETF,EQ,15-Sep-2026,56.66,57.97,57.97,56.43,56.44,315,0.18,40,182.0,57.78,2026-09-15
BBNPPGOLD,EQ,15-Sep-2026,146.2,146.2,146.2,144.15,144.8,1723,2.5,91,1109.0,64.36,2026-09-15
BBOX,EQ,15-Sep-2026,800.8,815.0,834.35,727.1,745.8,1510478,11846.13,66216,407464.0,26.98,2026-09-15
BBTC,EQ,15-Sep-2026,1423.5,1429.0,1447.1,1410.4,1416.4,34860,498.59,4623,14636.0,41.99,2026-09-15
BBTCL,EQ,15-Sep-2026,227.51,232.79,232.79,221.35,224.92,4937,11.26,317,3627.0,73.47,2026-09-15
BCG,EQ,15-Sep-2026,9.99,10.09,10.4,9.74,9.85,10744108,1084.47,9278,3810129.0,35.46,2026-09-15
BCLIND,EQ,15-Sep-2026,34.18,34.6,34.64,32.1,32.95,648439,217.37,4256,366439.0,56.51,2026-09-15
BCONCEPTS,EQ,15-Sep-2026,156.56,164.0,164.0,152.1,154.24,10173,15.73,544,7536.0,74.08,2026-09-15
BCPL,EQ,15-Sep-2026,70.01,70.36,70.88,67.21,68.27,7601,5.21,222,6528.0,85.88,2026-09-15
BDL,EQ,15-Sep-2026,1190.0,1191.0,1194.6,1123.0,1135.0,1293584,14869.33,56924,508336.0,39.3,2026-09-15
BEACON,SM,15-Sep-2026,81.7,79.2,80.5,79.0,80.5,17000,13.5,14,12000.0,70.59,2026-09-15
BEARDSELL,EQ,15-Sep-2026,24.67,25.18,25.18,24.02,24.27,15640,3.83,294,9826.0,62.83,2026-09-15
BECTORFOOD,EQ,15-Sep-2026,242.5,239.7,240.0,221.5,223.4,2295967,5188.7,52052,902134.0,39.29,2026-09-15
BEDMUTHA,EQ,15-Sep-2026,103.94,108.79,108.79,103.5,104.42,3658,3.86,84,2475.0,67.66,2026-09-15
BEEKAY,EQ,15-Sep-2026,425.6,428.05,442.2,427.05,435.15,2968,12.93,221,2263.0,76.25,2026-09-15
BEL,EQ,15-Sep-2026,404.35,402.0,403.65,382.9,382.9,16741114,65336.87,195383,9645722.0,57.62,2026-09-15
BELLACASA,EQ,15-Sep-2026,256.52,262.86,262.86,247.0,252.67,8516,21.45,386,6146.0,72.17,2026-09-15
BELRISE,EQ,15-Sep-2026,228.0,228.59,232.56,226.0,226.66,2660988,6108.62,41547,1120869.0,42.12,2026-09-15
BEML,EQ,15-Sep-2026,2023.4,2033.4,2033.4,1922.0,1939.3,234307,4600.72,23342,110346.0,47.09,2026-09-15
BENARAS,EQ,15-Sep-2026,11085.0,11199.0,11499.0,10460.0,11001.0,250,27.26,100,153.0,61.2,2026-09-15
BENGALASM,EQ,15-Sep-2026,6265.0,6311.0,6349.0,6111.5,6286.5,372,23.35,258,186.0,50.0,2026-09-15
BEPL,EQ,15-Sep-2026,128.08,128.8,129.3,120.0,120.69,1830786,2249.24,15124,884734.0,48.33,2026-09-15
BERGEPAINT,EQ,15-Sep-2026,458.05,458.05,460.95,445.55,447.1,220721,998.36,17584,112361.0,50.91,2026-09-15
BESTAGRO,EQ,15-Sep-2026,19.05,19.47,19.48,18.06,18.39,767826,143.26,3302,363026.0,47.28,2026-09-15
BETA,EQ,15-Sep-2026,2118.5,2101.0,2214.9,2079.1,2105.2,34753,751.45,5205,13859.0,39.88,2026-09-15
BEWLTD,SM,15-Sep-2026,48.8,49.5,50.0,48.1,48.15,15000,7.33,25,13000.0,86.67,2026-09-15
BFINVEST,EQ,15-Sep-2026,448.3,453.0,453.7,434.7,435.5,25747,113.26,1239,19992.0,77.65,2026-09-15
BFSI,EQ,15-Sep-2026,26.52,27.18,27.18,25.9,26.18,162863,42.94,1172,96314.0,59.14,2026-09-15
BFUTILITIE,EQ,15-Sep-2026,548.9,547.15,550.05,521.0,528.2,40177,215.24,1802,19517.0,48.58,2026-09-15
BGLOBAL,BZ,15-Sep-2026,3.2,3.23,3.23,3.05,3.05,22158,0.69,27,,,2026-09-15
BGRENERGY,BE,15-Sep-2026,232.78,235.0,238.4,221.15,221.15,72438,163.75,721,,,2026-09-15
BHADORA,ST,15-Sep-2026,123.0,117.1,127.0,116.85,125.7,40800,49.56,32,40800.0,100.0,2026-09-15
BHAGCHEM,EQ,15-Sep-2026,258.75,258.75,258.75,246.1,250.0,54531,137.81,1155,31003.0,56.85,2026-09-15
BHAGERIA,BE,15-Sep-2026,317.05,317.05,329.0,305.0,306.5,176159,559.37,1371,,,2026-09-15
BHAGYANGR,EQ,15-Sep-2026,422.55,427.95,429.0,401.55,405.0,183392,759.74,5900,85909.0,46.84,2026-09-15
BHANDARI,EQ,15-Sep-2026,3.0,3.0,3.04,2.98,3.0,141743,4.26,228,141201.0,99.62,2026-09-15
BHARATCOAL,EQ,15-Sep-2026,33.01,33.01,33.17,32.3,32.4,3087850,1009.02,19492,1846459.0,59.8,2026-09-15
BHARATFORG,EQ,15-Sep-2026,1944.9,1944.9,1950.0,1869.1,1877.2,293090,5562.79,34305,139312.0,47.53,2026-09-15
BHARATGEAR,BE,15-Sep-2026,101.14,101.0,102.69,100.1,100.29,14687,14.78,167,,,2026-09-15
BHARATRAS,EQ,15-Sep-2026,1157.9,1158.0,1170.0,1125.1,1128.9,12759,146.54,2084,6932.0,54.33,2026-09-15
BHARATSE,EQ,15-Sep-2026,217.47,217.5,219.72,206.6,208.62,128545,271.67,2702,69219.0,53.85,2026-09-15
BHARATWIRE,EQ,15-Sep-2026,172.48,173.74,179.7,166.1,168.08,170021,293.89,4236,55715.0,32.77,2026-09-15
BHARTIARTL,EQ,15-Sep-2026,1831.1,1844.0,1844.0,1819.6,1830.4,4066471,74440.61,124050,2849811.0,70.08,2026-09-15
BHARTIHEXA,EQ,15-Sep-2026,1545.0,1546.1,1546.1,1502.0,1505.5,47838,721.9,8510,26251.0,54.87,2026-09-15
BHEL,EQ,15-Sep-2026,431.0,431.25,432.0,412.85,412.85,7340842,30860.53,73943,4109026.0,55.97,2026-09-15
BI,BE,15-Sep-2026,92.92,93.0,97.56,91.25,97.56,29669,28.71,109,,,2026-09-15
BIGBLOC,EQ,15-Sep-2026,40.79,40.0,40.73,39.0,39.14,53036,21.09,711,42619.0,80.36,2026-09-15
BIKAJI,EQ,15-Sep-2026,548.25,555.0,570.0,535.35,541.6,111374,606.5,9165,44626.0,40.07,2026-09-15
BIKEWO,ST,15-Sep-2026,104.3,104.0,108.0,104.0,105.2,58000,61.46,24,58000.0,100.0,2026-09-15
BIL,EQ,15-Sep-2026,1073.0,1073.0,1095.5,1025.0,1027.55,12076,126.15,1118,7053.0,58.41,2026-09-15
BILVYAPAR,BE,15-Sep-2026,3.95,4.13,4.14,4.0,4.13,4416,0.18,33,,,2026-09-15
BIMETAL,EQ,15-Sep-2026,640.5,658.65,658.65,623.0,640.0,193,1.23,29,176.0,91.19,2026-09-15
BIOCON,EQ,15-Sep-2026,390.65,391.95,392.05,381.0,382.0,2543144,9811.33,34921,1121582.0,44.1,2026-09-15
BIOFILCHEM,EQ,15-Sep-2026,34.51,34.4,35.49,33.1,33.65,33485,11.46,393,19122.0,57.11,2026-09-15
BIOPOL,SM,15-Sep-2026,47.7,48.1,48.9,45.75,45.9,50400,24.09,36,40800.0,80.95,2026-09-15
BIRET,RR,15-Sep-2026,335.41,335.41,337.33,334.31,336.47,432711,1454.86,15987,347737.0,80.36,2026-09-15
BIRLACABLE,EQ,15-Sep-2026,392.35,384.95,411.95,372.75,377.95,1025099,4042.6,22205,413933.0,40.38,2026-09-15
BIRLACORPN,EQ,15-Sep-2026,825.15,825.0,829.7,805.05,810.25,33029,269.23,4243,17065.0,51.67,2026-09-15
BIRLAMONEY,EQ,15-Sep-2026,121.19,121.35,123.87,117.31,118.22,36546,43.66,1243,25902.0,70.88,2026-09-15
BIRLANU,EQ,15-Sep-2026,1448.4,1448.4,1459.0,1385.9,1395.5,8252,116.5,1240,5060.0,61.32,2026-09-15
BIRLAPREC,BE,15-Sep-2026,61.43,62.3,63.49,58.36,58.36,189775,116.35,1063,,,2026-09-15
BLACKBUCK,EQ,15-Sep-2026,628.15,641.0,644.0,609.25,611.9,1773025,11150.3,61673,602452.0,33.98,2026-09-15
BLACKROSE,BE,15-Sep-2026,108.14,108.0,112.0,105.0,105.75,20342,21.79,316,,,2026-09-15
BLAL,EQ,15-Sep-2026,161.47,160.03,163.84,160.03,161.01,47310,76.65,850,42548.0,89.93,2026-09-15
BLBLIMITED,EQ,15-Sep-2026,16.13,16.64,16.64,15.65,16.1,180878,28.83,392,155390.0,85.91,2026-09-15
BLEL,EQ,15-Sep-2026,442.15,445.0,447.7,433.85,439.65,646232,2852.19,20564,204100.0,31.58,2026-09-15
BLIL,EQ,15-Sep-2026,68.44,68.43,69.07,67.0,67.13,144750,98.06,2412,106153.0,73.34,2026-09-15
BLISSGVS,BE,15-Sep-2026,720.95,719.0,728.0,684.95,684.95,217584,1509.8,3557,,,2026-09-15
BLKASHYAP,EQ,15-Sep-2026,53.91,54.08,54.79,51.0,51.5,679073,356.57,3305,423674.0,62.39,2026-09-15
BLS,EQ,15-Sep-2026,231.58,231.59,242.15,227.49,228.51,1252796,2939.93,22950,360481.0,28.77,2026-09-15
BLSE,EQ,15-Sep-2026,312.8,313.0,315.95,307.25,310.1,302523,940.74,6628,138274.0,45.71,2026-09-15
BLUECHIP,BE,15-Sep-2026,2.1,2.06,2.06,2.06,2.06,983,0.02,9,,,2026-09-15
BLUECLOUDS,EQ,15-Sep-2026,19.13,19.35,20.47,19.05,19.19,1858911,365.53,5555,625351.0,33.64,2026-09-15
BLUECOAST,EQ,15-Sep-2026,22.18,22.89,22.89,21.08,21.09,2067,0.46,24,1990.0,96.27,2026-09-15
BLUEDART,EQ,15-Sep-2026,4830.9,4842.0,4889.4,4791.0,4843.5,7941,383.74,2288,3336.0,42.01,2026-09-15
BLUEJET,EQ,15-Sep-2026,568.55,572.0,572.0,548.1,550.65,364930,2027.58,19311,202837.0,55.58,2026-09-15
BLUEPEBBLE,SM,15-Sep-2026,79.0,74.0,79.5,73.45,79.5,2400,1.82,5,1600.0,66.67,2026-09-15
BLUESTARCO,EQ,15-Sep-2026,1558.0,1559.5,1562.8,1475.3,1483.0,509083,7694.18,34140,207030.0,40.67,2026-09-15
BLUESTONE,EQ,15-Sep-2026,890.35,899.0,904.0,822.35,828.55,950222,8151.18,44908,287822.0,30.29,2026-09-15
BLUEWATER,ST,15-Sep-2026,457.5,475.75,475.75,445.35,460.0,11000,50.82,11,11000.0,100.0,2026-09-15
BLUSPRING,EQ,15-Sep-2026,131.48,129.5,132.85,123.61,125.27,214823,276.23,3274,91741.0,42.71,2026-09-15
BMETRICS,SM,15-Sep-2026,34.45,34.15,34.5,34.05,34.1,4000,1.37,5,4000.0,100.0,2026-09-15
BMLL,SM,15-Sep-2026,158.0,158.0,158.0,155.0,155.0,7000,10.96,7,5000.0,71.43,2026-09-15
BMWVENTLTD,EQ,15-Sep-2026,54.05,53.73,54.35,50.16,51.61,133104,70.1,1147,109247.0,82.08,2026-09-15
BNAGROCHEM,EQ,15-Sep-2026,204.99,204.95,204.95,200.0,200.08,961,1.94,37,788.0,82.0,2026-09-15
BNALTD,BE,15-Sep-2026,400.6,400.6,400.6,381.3,381.65,41,0.16,3,,,2026-09-15
BNKETFAXIS,EQ,15-Sep-2026,584.36,596.05,596.05,576.78,577.46,2506,14.69,49,323.0,12.89,2026-09-15
BODALCHEM,EQ,15-Sep-2026,172.4,173.12,181.02,172.0,176.66,2894993,5115.23,20780,1190961.0,41.14,2026-09-15
BOHRAIND,EQ,15-Sep-2026,13.42,14.0,14.4,13.02,13.71,21413,2.93,55,11633.0,54.33,2026-09-15
BOMDYEING,EQ,15-Sep-2026,111.27,111.8,112.1,107.0,107.58,754544,820.55,9714,304617.0,40.37,2026-09-15
BONLON,EQ,15-Sep-2026,40.1,40.1,40.99,36.25,38.56,6018,2.32,207,4744.0,78.83,2026-09-15
BORANA,EQ,15-Sep-2026,313.4,313.4,322.0,298.0,303.5,56889,175.35,1383,30381.0,53.4,2026-09-15
BOROLTD,EQ,15-Sep-2026,257.48,256.01,263.4,247.14,248.33,135344,345.81,3743,74625.0,55.14,2026-09-15
BORORENEW,EQ,15-Sep-2026,495.65,496.0,499.0,448.55,461.3,720224,3408.11,31997,307587.0,42.71,2026-09-15
BOROSCI,EQ,15-Sep-2026,125.28,124.66,126.89,118.61,120.02,61828,75.13,1321,35401.0,57.26,2026-09-15
BOSCH-HCIL,EQ,15-Sep-2026,1704.0,1698.0,1722.0,1660.0,1667.4,25201,424.31,2948,13028.0,51.7,2026-09-15
BOSCHLTD,EQ,15-Sep-2026,48385.0,48725.0,48725.0,47070.0,47070.0,30224,14435.51,13889,15581.0,51.55,2026-09-15
BOSS,SM,15-Sep-2026,59.4,59.7,59.7,59.7,59.7,6000,3.58,3,6000.0,100.0,2026-09-15
BPCL,EQ,15-Sep-2026,304.5,304.2,308.15,298.65,298.65,3512731,10659.61,55298,1693388.0,48.21,2026-09-15
BPL,EQ,15-Sep-2026,46.3,47.4,47.95,46.1,46.58,34419,16.14,868,22850.0,66.39,2026-09-15
BPLPHARMA,EQ,15-Sep-2026,1505.1,1575.0,1575.0,1510.0,1543.4,2207,33.98,202,1779.0,80.61,2026-09-15
BRACEPORT,SM,15-Sep-2026,54.4,51.1,53.85,51.1,53.85,3200,1.68,2,3200.0,100.0,2026-09-15
BRAHMINFRA,EQ,15-Sep-2026,157.35,157.04,157.04,148.8,151.6,7774,11.95,220,6778.0,87.19,2026-09-15
BRANDMAN,SM,15-Sep-2026,172.5,166.2,167.2,155.25,161.85,39200,63.3,42,32800.0,83.67,2026-09-15
BRIGADE,EQ,15-Sep-2026,638.65,642.05,648.95,610.0,612.25,201825,1262.61,16145,73723.0,36.53,2026-09-15
BRIGHOTEL,EQ,15-Sep-2026,56.51,56.51,56.98,55.75,56.14,72260,40.59,1512,55982.0,77.47,2026-09-15
BRIGHTBR,EQ,15-Sep-2026,255.25,247.0,252.0,245.0,248.5,1183,2.94,34,1161.0,98.14,2026-09-15
BRITANNIA,EQ,15-Sep-2026,4962.0,4990.0,5022.5,4947.5,4947.5,209279,10431.56,31024,120691.0,57.67,2026-09-15
BRNL,EQ,15-Sep-2026,16.73,16.7,16.7,16.25,16.31,33211,5.45,318,27644.0,83.24,2026-09-15
BROOKS,EQ,15-Sep-2026,65.69,67.7,67.7,62.8,63.09,26350,16.84,443,18608.0,70.62,2026-09-15
BSE,EQ,15-Sep-2026,3384.0,3417.0,3452.7,3295.0,3310.0,3901579,131356.92,169621,1450559.0,37.18,2026-09-15
BSE500IETF,EQ,15-Sep-2026,38.78,38.0,39.24,37.81,38.03,305682,116.61,3246,237564.0,77.72,2026-09-15
BSHSL,EQ,15-Sep-2026,88.8,89.99,89.99,83.4,85.42,3443,2.97,170,2709.0,78.68,2026-09-15
BSL,EQ,15-Sep-2026,120.39,120.0,122.99,117.25,119.35,2783,3.32,113,2510.0,90.19,2026-09-15
BSLGOLDETF,EQ,15-Sep-2026,133.25,133.15,133.15,131.26,131.88,2171574,2869.44,2667,2037949.0,93.85,2026-09-15
BSLNIFTY,EQ,15-Sep-2026,27.55,28.23,28.23,27.2,27.33,1886384,515.84,8908,1641035.0,86.99,2026-09-15
BSLSENETFG,EQ,15-Sep-2026,77.19,75.26,76.84,74.65,75.22,10770,8.11,305,8359.0,77.61,2026-09-15
BSOFT,EQ,15-Sep-2026,281.65,291.0,302.85,285.1,286.45,8595221,25244.82,114839,1655924.0,19.27,2026-09-15
BTML,EQ,15-Sep-2026,7.48,7.68,8.0,6.42,7.62,1112013,79.77,1410,614632.0,55.27,2026-09-15
BTTL,BE,15-Sep-2026,42.5,42.5,42.5,40.6,40.78,10559,4.36,36,,,2026-09-15
BUILDPRO,EQ,15-Sep-2026,1252.5,1274.8,1334.0,1274.8,1283.0,95748,1246.02,8344,42259.0,44.14,2026-09-15
BULKCORP,ST,15-Sep-2026,85.25,87.5,87.5,81.05,83.2,3600,3.0,3,3600.0,100.0,2026-09-15
BURNPUR,BE,15-Sep-2026,16.71,15.88,15.88,15.88,15.88,11764,1.87,140,,,2026-09-15
BUTTERFLY,EQ,15-Sep-2026,586.25,582.15,634.8,577.05,580.25,89943,541.36,5035,34455.0,38.31,2026-09-15
BVCL,EQ,15-Sep-2026,42.05,42.1,42.9,40.11,40.8,18121,7.48,413,13035.0,71.93,2026-09-15
BYKE,BE,15-Sep-2026,31.05,31.03,31.7,30.05,30.17,34852,10.62,90,,,2026-09-15
C2C,SM,15-Sep-2026,212.15,210.2,214.0,204.75,207.9,112050,233.03,467,82050.0,73.23,2026-09-15
CALSOFT,BE,15-Sep-2026,38.74,39.9,40.2,36.81,37.86,473178,179.2,1401,,,2026-09-15
CAMLINFINE,EQ,15-Sep-2026,101.68,101.86,103.9,97.75,99.21,634588,632.1,5447,335732.0,52.91,2026-09-15
CAMPUS,EQ,15-Sep-2026,214.36,214.5,215.39,207.92,212.9,432209,914.02,10409,199883.0,46.25,2026-09-15
CAMS,EQ,15-Sep-2026,711.0,711.3,732.6,708.05,717.35,1973247,14208.66,49305,907630.0,46.0,2026-09-15
CANARYS,SM,15-Sep-2026,23.7,23.7,23.7,22.55,23.5,132000,30.44,29,80000.0,60.61,2026-09-15
CANBK,EQ,15-Sep-2026,124.0,123.25,124.48,122.05,122.37,12696568,15621.35,71447,6800167.0,53.56,2026-09-15
CANFINHOME,EQ,15-Sep-2026,779.75,776.2,788.75,766.85,784.8,203614,1585.86,10408,110176.0,54.11,2026-09-15
CANHLIFE,EQ,15-Sep-2026,151.92,151.7,153.0,149.0,151.78,591395,894.27,12348,349229.0,59.05,2026-09-15
CANTABIL,EQ,15-Sep-2026,240.21,238.6,245.79,238.0,240.3,198186,479.57,2927,111525.0,56.27,2026-09-15
CAPACITE,EQ,15-Sep-2026,191.98,191.0,196.53,187.75,189.57,319841,612.95,7114,170822.0,53.41,2026-09-15
CAPILLARY,EQ,15-Sep-2026,461.95,466.0,477.4,464.8,472.2,428715,2027.04,14382,273395.0,63.77,2026-09-15
CAPINVIT,IV,15-Sep-2026,76.97,77.18,77.18,76.4,76.87,315832,242.99,3048,282476.0,89.44,2026-09-15
CAPITALSFB,EQ,15-Sep-2026,271.35,271.35,277.2,267.15,269.7,31682,86.17,1017,22176.0,70.0,2026-09-15
CAPLIPOINT,EQ,15-Sep-2026,2754.9,2750.2,2760.0,2555.0,2570.6,216544,5687.29,31763,88370.0,40.81,2026-09-15
CAPTRUST,BE,15-Sep-2026,18.12,17.82,18.3,17.8,17.9,12034,2.16,40,,,2026-09-15
CARBORUNIV,EQ,15-Sep-2026,1075.2,1085.0,1085.0,1021.0,1031.8,188036,1967.99,18401,96757.0,51.46,2026-09-15
CARERATING,EQ,15-Sep-2026,1650.5,1660.0,1668.3,1626.0,1635.7,28190,462.65,3527,16041.0,56.9,2026-09-15
CARRARO,EQ,15-Sep-2026,538.45,538.0,539.0,519.0,521.0,95342,503.57,6069,55364.0,58.07,2026-09-15
CARTRADE,EQ,15-Sep-2026,3087.9,3090.0,3170.2,3001.1,3017.1,337654,10447.28,46234,122560.0,36.3,2026-09-15
CARYSIL,EQ,15-Sep-2026,1161.9,1162.0,1164.5,1123.0,1126.8,73083,830.9,6818,35887.0,49.1,2026-09-15
CASHIETF,EQ,15-Sep-2026,1079.43,1079.5,1079.57,1079.5,1079.56,1011652,10921.34,309,747440.0,73.88,2026-09-15
CASTROLIND,EQ,15-Sep-2026,188.03,187.8,188.25,187.2,187.82,2080994,3908.12,33735,1391597.0,66.87,2026-09-15
CCAVENUE,EQ,15-Sep-2026,16.29,16.47,16.47,15.55,15.69,16515500,2622.65,20414,6916668.0,41.88,2026-09-15
CCCL,EQ,15-Sep-2026,13.91,13.9,14.11,13.73,13.99,158953,22.18,355,132879.0,83.6,2026-09-15
CCHHL,EQ,15-Sep-2026,12.37,12.41,12.59,12.1,12.18,15566,1.91,177,12332.0,79.22,2026-09-15
CCL,EQ,15-Sep-2026,1081.0,1076.0,1086.0,1056.0,1060.9,118848,1271.04,19874,68384.0,57.54,2026-09-15
CDSL,EQ,15-Sep-2026,1360.0,1360.0,1361.3,1302.5,1311.0,1265342,16777.53,53148,586473.0,46.35,2026-09-15
CEATLTD,EQ,15-Sep-2026,3278.5,3285.9,3322.0,3252.0,3282.5,60254,1988.4,10118,30978.0,51.41,2026-09-15
CEDAAR,ST,15-Sep-2026,12.6,12.2,12.6,12.0,12.0,89000,11.07,14,88000.0,98.88,2026-09-15
CEIGALL,EQ,15-Sep-2026,380.4,382.35,383.4,370.0,382.25,317006,1194.72,6440,156295.0,49.3,2026-09-15
CEINSYS,EQ,15-Sep-2026,707.0,700.0,715.2,671.3,676.6,49837,342.89,3487,27602.0,55.38,2026-09-15
CELEBRITY,EQ,15-Sep-2026,6.85,7.17,7.17,6.65,6.7,21421,1.45,81,18374.0,85.78,2026-09-15
CELLECOR,SM,15-Sep-2026,30.6,30.5,30.95,30.5,30.65,78000,23.93,19,69000.0,88.46,2026-09-15
CELLO,EQ,15-Sep-2026,332.8,335.45,337.0,325.05,327.55,382117,1263.05,13022,196252.0,51.36,2026-09-15
CELLPOINT,SM,15-Sep-2026,14.95,14.65,15.5,14.65,15.5,6000,0.91,5,4800.0,80.0,2026-09-15
CEMNTGROWW,EQ,15-Sep-2026,14.37,14.37,14.48,13.88,13.95,351863,49.37,1349,337219.0,95.84,2026-09-15
CEMPRO,EQ,15-Sep-2026,1244.3,1246.0,1285.7,1196.0,1207.1,270250,3326.29,24364,172126.0,63.69,2026-09-15
CENTENKA,EQ,15-Sep-2026,565.4,568.9,570.1,546.55,550.4,42064,234.18,3335,20934.0,49.77,2026-09-15
CENTEXT,EQ,15-Sep-2026,22.37,21.95,21.95,19.8,19.98,888517,181.15,3188,551129.0,62.03,2026-09-15
CENTRALBK,EQ,15-Sep-2026,30.74,30.85,31.03,30.35,30.46,5054888,1548.15,19611,2606649.0,51.57,2026-09-15
CENTRUM,EQ,15-Sep-2026,22.34,22.54,22.54,21.57,21.65,128168,28.03,680,89939.0,70.17,2026-09-15
CENTUM,EQ,15-Sep-2026,4192.0,4254.9,4298.9,3972.8,4010.6,42588,1748.18,11891,13857.0,32.54,2026-09-15
CENTURYPLY,EQ,15-Sep-2026,717.05,717.05,726.9,706.65,711.05,37273,266.75,5066,17390.0,46.66,2026-09-15
CERA,EQ,15-Sep-2026,5587.5,5588.0,5620.0,5558.0,5572.0,4096,228.17,972,2837.0,69.26,2026-09-15
CEREBRAINT,BZ,15-Sep-2026,2.86,2.81,2.81,2.81,2.81,39145,1.1,74,,,2026-09-15
CESC,EQ,15-Sep-2026,145.37,146.0,146.76,141.1,141.7,1720693,2469.49,27331,1035785.0,60.2,2026-09-15
CEWATER,EQ,15-Sep-2026,284.7,286.55,286.7,273.3,276.15,142855,396.98,7611,76868.0,53.81,2026-09-15
CFEL,EQ,15-Sep-2026,49.3,50.0,52.8,47.05,47.41,171314,84.66,1303,97728.0,57.05,2026-09-15
CGCL,EQ,15-Sep-2026,266.0,264.0,264.8,254.25,255.1,2889142,7463.28,26571,1151681.0,39.86,2026-09-15
CGPOWER,EQ,15-Sep-2026,909.0,909.0,911.3,858.0,858.0,3474919,30358.1,72177,1664786.0,47.91,2026-09-15
CGRAPHICS,SM,15-Sep-2026,144.65,142.0,145.9,138.0,138.35,58400,82.21,68,35200.0,60.27,2026-09-15
CGVAK,EQ,15-Sep-2026,145.83,148.0,148.0,144.19,144.31,2089,3.03,52,2021.0,96.74,2026-09-15
CHALET,EQ,15-Sep-2026,877.25,872.0,881.9,839.1,845.15,51795,443.78,7135,27003.0,52.13,2026-09-15
CHAMBLFERT,EQ,15-Sep-2026,418.8,420.0,421.0,415.45,416.65,447469,1866.66,21389,274978.0,61.45,2026-09-15
CHANDAN,SM,15-Sep-2026,199.8,201.0,204.1,191.0,191.05,46400,91.19,51,32800.0,70.69,2026-09-15
CHAVDA,SM,15-Sep-2026,125.3,129.5,129.5,123.55,123.55,6000,7.67,6,3000.0,50.0,2026-09-15
CHEMBOND,EQ,15-Sep-2026,217.12,219.99,223.0,190.6,195.52,32132,64.65,1197,13953.0,43.42,2026-09-15
CHEMBONDCH,BE,15-Sep-2026,262.2,263.0,275.3,263.0,264.75,15600,42.54,238,,,2026-09-15
CHEMCON,BE,15-Sep-2026,217.23,219.01,224.5,211.3,213.88,72440,158.18,1122,,,2026-09-15
CHEMCRUX,EQ,15-Sep-2026,82.4,82.1,84.0,79.8,80.23,5107,4.11,176,4033.0,78.97,2026-09-15
CHEMFAB,EQ,15-Sep-2026,379.35,384.45,384.45,365.05,372.15,2148,8.04,200,1590.0,74.02,2026-09-15
CHEMICAL,EQ,15-Sep-2026,29.97,30.36,30.36,28.73,28.94,511729,149.78,3189,312555.0,61.08,2026-09-15
CHEMPLASTS,EQ,15-Sep-2026,171.35,173.5,174.45,164.29,165.12,241434,405.33,6348,152233.0,63.05,2026-09-15
CHENNPETRO,EQ,15-Sep-2026,1572.9,1580.0,1583.2,1461.1,1471.8,2061830,31107.71,85784,618792.0,30.01,2026-09-15
CHETANA,SM,15-Sep-2026,42.0,41.0,41.0,40.0,41.0,102400,41.93,36,88000.0,85.94,2026-09-15
CHEVIOT,EQ,15-Sep-2026,1207.8,1213.8,1235.0,1170.0,1172.3,1305,15.52,209,1132.0,86.74,2026-09-15
CHOICEGOLD,EQ,15-Sep-2026,150.0,150.0,150.28,148.0,149.29,5092,7.62,149,2388.0,46.9,2026-09-15
CHOICEIN,EQ,15-Sep-2026,759.8,760.5,764.7,737.1,740.4,193485,1444.3,5408,91291.0,47.18,2026-09-15
CHOLAFIN,EQ,15-Sep-2026,1845.9,1834.8,1842.0,1784.2,1791.6,1709145,30793.72,55394,961645.0,56.26,2026-09-15
CHOLAHLDNG,EQ,15-Sep-2026,1528.6,1530.0,1543.2,1500.3,1510.8,79301,1198.01,9811,37108.0,46.79,2026-09-15
CIEINDIA,EQ,15-Sep-2026,379.65,382.75,382.75,368.0,375.0,207605,782.77,14608,130548.0,62.88,2026-09-15
CIFL,EQ,15-Sep-2026,20.2,20.26,20.26,19.45,19.53,23450,4.62,273,14562.0,62.1,2026-09-15
CINELINE,EQ,15-Sep-2026,96.31,97.9,97.9,91.25,91.81,12901,12.16,310,7977.0,61.83,2026-09-15
CINEVISTA,EQ,15-Sep-2026,14.23,14.5,14.96,14.06,14.08,6564,0.93,93,5716.0,87.08,2026-09-15
CIPLA,EQ,15-Sep-2026,1366.0,1355.0,1362.7,1347.7,1351.0,1225305,16600.47,77711,819754.0,66.9,2026-09-15
CITIUSINVT,IV,15-Sep-2026,115.49,116.24,116.45,115.0,115.49,30902,35.84,409,27497.0,88.98,2026-09-15
CKKRETAIL,SM,15-Sep-2026,151.0,150.2,150.3,150.2,150.25,1600,2.4,2,1600.0,100.0,2026-09-15
CLASSICEIL,SM,15-Sep-2026,56.25,55.5,55.5,53.45,53.65,46400,25.19,24,36800.0,79.31,2026-09-15
CLAYCRAFT,SM,15-Sep-2026,155.4,152.2,157.0,152.2,152.75,13200,20.35,22,9000.0,68.18,2026-09-15
CLCIND,BE,15-Sep-2026,48.93,47.7,47.7,47.67,47.67,262,0.12,5,,,2026-09-15
CLEAN,EQ,15-Sep-2026,842.05,843.45,850.8,815.5,820.3,281497,2334.93,18006,144947.0,51.49,2026-09-15
CLEANMAX,EQ,15-Sep-2026,1431.0,1429.0,1430.0,1292.6,1321.5,405886,5424.87,40441,201246.0,49.58,2026-09-15
CLEDUCATE,EQ,15-Sep-2026,59.18,60.0,60.0,56.36,57.14,24865,14.29,432,22713.0,91.35,2026-09-15
CLSEL,EQ,15-Sep-2026,296.5,297.7,301.5,280.0,281.6,80059,229.03,2886,39040.0,48.76,2026-09-15
CLSL,ST,15-Sep-2026,83.0,78.85,78.85,78.85,78.85,4000,3.15,2,4000.0,100.0,2026-09-15
CMICABLES,BZ,15-Sep-2026,2.51,2.57,2.63,2.57,2.62,23338,0.61,49,,,2026-09-15
CMLL,EQ,15-Sep-2026,474.15,475.5,486.3,467.0,474.7,292036,1391.37,9730,143070.0,48.99,2026-09-15
CMNL,SM,15-Sep-2026,113.7,113.0,113.5,110.0,112.2,33000,36.59,27,29250.0,88.64,2026-09-15
CMPDI,EQ,15-Sep-2026,215.23,216.7,217.9,202.0,203.74,1650955,3436.65,28910,755411.0,45.76,2026-09-15
CMRGREEN,EQ,15-Sep-2026,216.58,217.9,224.83,211.39,212.76,282768,608.48,6001,105412.0,37.28,2026-09-15
CMSINFO,EQ,15-Sep-2026,224.38,224.98,236.9,220.99,222.91,1409704,3212.33,21336,620261.0,44.0,2026-09-15
CNL,EQ,15-Sep-2026,1116.9,1133.6,1139.2,1050.1,1068.6,20384,222.6,2613,7040.0,34.54,2026-09-15
COALINDIA,EQ,15-Sep-2026,426.4,426.4,427.0,418.0,419.25,6128458,25892.91,75556,3806416.0,62.11,2026-09-15
COASTCORP,EQ,15-Sep-2026,39.09,39.52,40.53,37.0,37.32,132609,50.48,2015,77087.0,58.13,2026-09-15
COCHINSHIP,EQ,15-Sep-2026,1381.0,1389.0,1389.0,1320.0,1325.0,1989625,26860.55,69513,726811.0,36.53,2026-09-15
COCKERILL,EQ,15-Sep-2026,8191.0,8115.0,8885.0,8115.0,8286.0,34982,2985.71,8634,11338.0,32.41,2026-09-15
COFFEEDAY,EQ,15-Sep-2026,31.67,32.0,32.47,30.12,30.37,693779,214.55,2464,442405.0,63.77,2026-09-15
COFORGE,EQ,15-Sep-2026,1846.5,1887.3,1893.6,1765.6,1775.5,4583784,83011.77,179465,2272318.0,49.57,2026-09-15
COHANCE,EQ,15-Sep-2026,440.2,440.1,443.15,421.35,423.6,383863,1648.51,18708,206023.0,53.67,2026-09-15
COLPAL,EQ,15-Sep-2026,1797.4,1797.4,1846.6,1788.8,1820.3,670867,12278.51,29805,379105.0,56.51,2026-09-15
COMFINTE,EQ,15-Sep-2026,6.08,6.03,6.16,5.91,5.92,127261,7.62,466,110198.0,86.59,2026-09-15
COMMITTED,SM,15-Sep-2026,362.0,340.0,340.0,340.0,340.0,1600,5.44,2,1600.0,100.0,2026-09-15
COMMOIETF,EQ,15-Sep-2026,98.26,98.26,99.28,96.01,96.24,64836,62.71,1414,36192.0,55.82,2026-09-15
COMPEAU,EQ,15-Sep-2026,362.0,364.5,364.5,360.0,360.0,10,0.04,2,5.0,50.0,2026-09-15
COMPINFO,BZ,15-Sep-2026,1.1,1.05,1.1,1.05,1.06,13460,0.14,30,,,2026-09-15
COMPUSOFT,EQ,15-Sep-2026,12.9,12.98,13.15,12.82,12.91,12297,1.6,173,7326.0,59.58,2026-09-15
COMSYN,EQ,15-Sep-2026,299.15,303.0,303.0,281.35,289.8,208274,610.77,3179,142865.0,68.59,2026-09-15
CONCOR,EQ,15-Sep-2026,499.25,499.95,501.5,483.7,483.7,566088,2781.52,19003,246795.0,43.6,2026-09-15
CONCORDBIO,EQ,15-Sep-2026,1505.7,1513.6,1527.1,1467.0,1473.0,97030,1449.65,13422,43868.0,45.21,2026-09-15
CONFIPET,EQ,15-Sep-2026,89.22,90.2,91.65,84.1,86.1,4869333,4319.52,34469,1511057.0,31.03,2026-09-15
CONNPLEX,SM,15-Sep-2026,264.7,266.1,277.0,242.7,245.1,96800,248.81,98,70400.0,72.73,2026-09-15
CONS,EQ,15-Sep-2026,11.84,11.84,12.05,11.6,11.71,23897,2.81,301,18151.0,75.96,2026-09-15
CONSOFINVT,BE,15-Sep-2026,301.5,302.5,310.0,300.0,302.0,8390,25.32,174,,,2026-09-15
CONSUMAXIS,EQ,15-Sep-2026,117.94,118.52,118.61,116.57,116.94,1155,1.36,39,945.0,81.82,2026-09-15
CONSUMBEES,EQ,15-Sep-2026,127.96,128.77,128.89,126.12,126.43,78981,100.45,1557,46873.0,59.35,2026-09-15
CONSUMER,EQ,15-Sep-2026,11.82,12.06,12.06,11.58,11.61,341421,39.99,722,243007.0,71.18,2026-09-15
CONSUMIETF,EQ,15-Sep-2026,119.03,119.03,119.55,117.45,117.9,6164,7.29,272,3275.0,53.13,2026-09-15
CONTI,SM,15-Sep-2026,11.65,11.1,11.1,11.1,11.1,9999,1.11,3,6666.0,66.67,2026-09-15
CONTROLPR,EQ,15-Sep-2026,588.7,583.0,586.0,568.9,574.8,22163,128.52,1323,15878.0,71.64,2026-09-15
COOLCAPS,SM,15-Sep-2026,25.4,24.8,25.15,24.15,24.9,26250,6.49,19,22500.0,85.71,2026-09-15
CORALFINAC,EQ,15-Sep-2026,32.16,31.65,33.96,31.65,32.77,13223,4.34,308,7382.0,55.83,2026-09-15
CORDELIA,EQ,15-Sep-2026,112.85,114.29,115.49,109.87,112.33,2990405,3368.63,20443,1179102.0,39.43,2026-09-15
CORDSCABLE,EQ,15-Sep-2026,373.4,375.9,379.0,350.1,354.25,181308,656.37,6504,90164.0,49.73,2026-09-15
COROMANDEL,EQ,15-Sep-2026,1929.0,1928.0,1950.0,1918.9,1939.1,93758,1817.48,14327,60697.0,64.74,2026-09-15
CORONA,EQ,15-Sep-2026,2236.1,2250.0,2292.4,2192.1,2217.9,90921,2044.38,14048,36083.0,39.69,2026-09-15
COSMOFIRST,EQ,15-Sep-2026,874.9,875.05,884.6,858.0,861.35,54106,469.41,3335,31211.0,57.68,2026-09-15
COUNCODOS,BE,15-Sep-2026,6.4,6.13,6.55,6.13,6.44,52396,3.34,315,,,2026-09-15
CPCAP,EQ,15-Sep-2026,135.08,138.32,141.0,132.0,140.17,81592,112.66,2173,31998.0,39.22,2026-09-15
CPEDU,EQ,15-Sep-2026,177.74,178.1,180.0,174.0,176.34,1860,3.3,62,1824.0,98.06,2026-09-15
CPL,EQ,15-Sep-2026,64.79,65.78,65.78,62.5,62.83,22223,14.15,502,13729.0,61.78,2026-09-15
CPPLUS,EQ,15-Sep-2026,3825.5,3825.4,3879.8,3634.3,3663.4,182895,6893.37,31152,93183.0,50.95,2026-09-15
CPS,SM,15-Sep-2026,1224.5,1205.0,1205.0,1202.0,1202.0,300,3.61,2,300.0,100.0,2026-09-15
CPSEETF,EQ,15-Sep-2026,93.89,93.89,94.36,91.54,92.04,1059209,981.79,13784,753337.0,71.12,2026-09-15
CRAFTSMAN,EQ,15-Sep-2026,11669.0,11763.0,11798.0,10968.0,11099.0,74009,8342.75,22189,43605.0,58.92,2026-09-15
CRAMC,EQ,15-Sep-2026,238.9,240.35,241.0,231.1,232.4,341060,804.21,8047,179012.0,52.49,2026-09-15
CRAVATEX,EQ,15-Sep-2026,323.95,335.2,335.2,316.3,319.5,231,0.75,69,192.0,83.12,2026-09-15
CRAYONS,SM,15-Sep-2026,23.95,22.8,23.0,22.8,23.0,2000,0.46,2,2000.0,100.0,2026-09-15
CREATIVEYE,EQ,15-Sep-2026,5.72,5.88,5.88,5.71,5.74,4750,0.27,75,3977.0,83.73,2026-09-15
CREDENT,SM,15-Sep-2026,357.1,357.0,357.0,329.25,340.5,64200,216.34,91,48600.0,75.7,2026-09-15
CREDITACC,EQ,15-Sep-2026,1424.2,1413.3,1431.7,1400.0,1409.6,188404,2661.75,23381,118971.0,63.15,2026-09-15
CREST,EQ,15-Sep-2026,355.25,350.5,357.95,347.5,354.65,6243,22.05,160,4399.0,70.46,2026-09-15
CRESTO,EQ,15-Sep-2026,16.91,16.7,17.08,15.48,16.05,25866,4.21,215,20080.0,77.63,2026-09-15
CRISIL,EQ,15-Sep-2026,4697.9,4700.0,4717.4,4531.6,4596.9,45895,2110.62,13017,25710.0,56.02,2026-09-15
CRIZAC,EQ,15-Sep-2026,186.68,190.0,192.0,178.12,179.89,323052,587.08,7514,165955.0,51.37,2026-09-15
CROMPTON,EQ,15-Sep-2026,231.0,231.0,231.6,226.11,226.15,1492514,3402.68,29208,743000.0,49.78,2026-09-15
CROWN,EQ,15-Sep-2026,112.55,113.67,114.5,106.05,106.83,7616,8.29,206,5975.0,78.45,2026-09-15
CRSL,BE,15-Sep-2026,2.6,2.54,2.65,2.54,2.55,163187,4.2,491,,,2026-09-15
CSBBANK,EQ,15-Sep-2026,305.7,303.25,307.15,295.0,296.35,496189,1495.72,14695,237694.0,47.9,2026-09-15
CSLFINANCE,EQ,15-Sep-2026,220.98,219.38,223.13,215.02,215.37,78193,170.11,1128,40834.0,52.22,2026-09-15
CSM,EQ,15-Sep-2026,83.44,83.44,95.0,81.59,89.85,1303153,1151.82,16566,233451.0,17.91,2026-09-15
CSSL,SM,15-Sep-2026,91.35,90.0,90.5,84.05,85.5,20000,17.16,20,15000.0,75.0,2026-09-15
CTE,BE,15-Sep-2026,41.37,41.5,42.93,39.76,39.96,2937,1.2,50,,,2026-09-15
CUB,EQ,15-Sep-2026,227.32,227.32,231.0,223.25,225.78,1260751,2876.87,31448,491164.0,38.96,2026-09-15
CUBEINVIT,IV,15-Sep-2026,156.84,156.84,157.5,156.15,156.88,305614,479.43,4000,301481.0,98.65,2026-09-15
CUBEXTUB,EQ,15-Sep-2026,77.1,76.0,76.72,74.8,75.08,50132,37.84,1649,27522.0,54.9,2026-09-15
CUDML,SM,15-Sep-2026,105.0,105.2,105.2,105.0,105.0,8000,8.4,7,7000.0,87.5,2026-09-15
CUMMINSIND,EQ,15-Sep-2026,5070.0,5070.0,5121.5,4874.0,4874.0,304824,15083.97,48707,180206.0,59.12,2026-09-15
CUPID,EQ,15-Sep-2026,280.0,280.55,286.85,279.0,284.4,10885946,30917.16,77919,4541069.0,41.71,2026-09-15
CURAA,EQ,15-Sep-2026,79.61,79.0,79.0,75.0,75.5,419,0.33,21,323.0,77.09,2026-09-15
CURIS,ST,15-Sep-2026,198.35,197.0,206.0,195.0,195.05,21000,41.79,19,17000.0,80.95,2026-09-15
CURRENT,SM,15-Sep-2026,81.75,81.75,86.1,81.75,82.0,6400,5.38,4,6400.0,100.0,2026-09-15
CYBERMEDIA,BE,15-Sep-2026,22.69,22.5,23.74,21.7,23.25,30711,6.94,164,,,2026-09-15
CYBERTECH,BE,15-Sep-2026,140.53,141.99,146.0,139.0,140.43,14910,21.22,220,,,2026-09-15
CYIENT,EQ,15-Sep-2026,1059.4,1076.6,1107.2,1065.6,1078.9,857646,9305.96,56503,333620.0,38.9,2026-09-15
CYIENTDLM,EQ,15-Sep-2026,904.4,910.0,924.6,874.0,882.7,468701,4183.18,29279,222958.0,47.57,2026-09-15
DABUR,EQ,15-Sep-2026,376.0,379.0,390.95,376.75,384.9,9936721,38356.13,57767,6351070.0,63.92,2026-09-15
DAICHI,BE,15-Sep-2026,337.15,337.05,337.05,322.0,328.6,2055,6.78,36,,,2026-09-15
DALBHARAT,EQ,15-Sep-2026,1746.6,1746.6,1754.0,1682.0,1687.4,56698,964.84,10743,31875.0,56.22,2026-09-15
DALMIASUG,EQ,15-Sep-2026,417.35,415.0,416.55,396.0,398.2,191352,772.35,8486,96715.0,50.54,2026-09-15
DAMCAPITAL,EQ,15-Sep-2026,142.43,142.98,144.09,138.05,138.93,215682,301.66,3712,116925.0,54.21,2026-09-15
DAMODARIND,BE,15-Sep-2026,28.8,28.8,29.28,28.0,28.53,967,0.28,15,,,2026-09-15
DANGEE,EQ,15-Sep-2026,2.75,2.75,2.94,2.75,2.78,85525,2.39,134,78571.0,91.87,2026-09-15
DANISH,SM,15-Sep-2026,997.4,989.0,1010.0,972.0,976.05,143400,1420.56,245,130650.0,91.11,2026-09-15
DATAMATICS,EQ,15-Sep-2026,760.2,764.5,857.5,755.5,766.25,1393528,11290.7,67021,124238.0,8.92,2026-09-15
DATAPATTNS,EQ,15-Sep-2026,4829.2,4829.0,4829.0,4306.0,4358.8,1100262,49633.01,126524,418482.0,38.03,2026-09-15
DAVANGERE,EQ,15-Sep-2026,2.1,2.27,2.31,2.2,2.24,38601423,874.97,7830,15558020.0,40.3,2026-09-15
DBCORP,EQ,15-Sep-2026,190.79,191.74,191.74,184.0,184.73,119959,224.67,4232,79409.0,66.2,2026-09-15
DBEIL,EQ,15-Sep-2026,7.06,7.1,7.1,6.52,6.79,205425,14.27,510,131053.0,63.8,2026-09-15
DBL,EQ,15-Sep-2026,403.35,405.0,409.0,395.6,399.6,222795,893.9,7466,68671.0,30.82,2026-09-15
DBOL,EQ,15-Sep-2026,118.55,117.94,121.23,111.0,113.26,264141,304.03,3326,153645.0,58.17,2026-09-15
DBREALTY,EQ,15-Sep-2026,97.79,97.8,100.5,95.7,96.96,1376663,1340.58,12181,875983.0,63.63,2026-09-15
DBSTOCKBRO,BE,15-Sep-2026,27.61,27.51,28.79,27.51,27.8,11001,3.13,41,,,2026-09-15
DCAL,EQ,15-Sep-2026,167.25,174.99,177.57,160.77,163.16,903157,1535.92,12188,232441.0,25.74,2026-09-15
DCBBANK,EQ,15-Sep-2026,226.37,226.23,228.94,220.81,221.89,845015,1893.2,22364,453539.0,53.67,2026-09-15
DCCL,SM,15-Sep-2026,41.05,40.1,40.1,40.0,40.0,6000,2.4,3,6000.0,100.0,2026-09-15
DCG,SM,15-Sep-2026,89.1,89.1,93.95,80.6,81.7,93600,81.11,67,63600.0,67.95,2026-09-15
DCI,EQ,15-Sep-2026,271.7,272.0,295.0,251.15,264.7,4004396,10878.34,92664,413316.0,10.32,2026-09-15
DCM,EQ,15-Sep-2026,75.0,77.25,79.75,75.4,76.42,18824,14.37,98,16597.0,88.17,2026-09-15
DCMFINSERV,EQ,15-Sep-2026,5.07,5.07,5.45,4.78,5.0,16937,0.86,88,14896.0,87.95,2026-09-15
DCMNVL,EQ,15-Sep-2026,178.77,180.0,180.0,172.5,172.6,11960,20.94,618,7537.0,63.02,2026-09-15
DCMSHRIRAM,EQ,15-Sep-2026,1000.0,996.0,1004.0,985.0,994.1,54350,540.88,8393,31227.0,57.46,2026-09-15
DCMSIL,EQ,15-Sep-2026,71.04,72.0,73.79,68.03,69.25,117329,83.2,1142,75701.0,64.52,2026-09-15
DCMSRIND,EQ,15-Sep-2026,40.56,41.1,41.1,38.16,38.56,241420,94.31,2470,165765.0,68.66,2026-09-15
DCW,EQ,15-Sep-2026,46.63,46.72,46.84,44.5,44.72,962522,436.08,5974,511430.0,53.13,2026-09-15
DCXINDIA,EQ,15-Sep-2026,166.63,167.6,168.7,160.0,161.62,430267,702.09,7962,203429.0,47.28,2026-09-15
DDEVPLSTIK,EQ,15-Sep-2026,256.8,256.7,257.7,250.0,250.65,77123,195.28,2278,48431.0,62.8,2026-09-15
DECCANCE,EQ,15-Sep-2026,573.7,581.0,599.65,561.55,566.05,84609,487.48,4877,25222.0,29.81,2026-09-15
DECCANTRAN,SM,15-Sep-2026,21.75,20.3,20.95,20.0,20.95,9600,1.94,8,7200.0,75.0,2026-09-15
DECNGOLD,EQ,15-Sep-2026,229.73,237.0,238.4,221.25,222.82,2417752,5574.91,40976,1056766.0,43.71,2026-09-15
DEEDEV,EQ,15-Sep-2026,639.35,639.35,644.0,607.4,607.4,225832,1408.05,10654,150602.0,66.69,2026-09-15
DEEM,ST,15-Sep-2026,41.95,40.5,41.95,40.5,41.95,2000,0.82,2,2000.0,100.0,2026-09-15
DEEP,EQ,15-Sep-2026,46.08,47.0,47.77,42.67,45.13,112049,50.06,1211,59952.0,53.51,2026-09-15
DEEPA,EQ,15-Sep-2026,185.86,185.87,187.62,165.0,169.14,3282691,5766.36,37690,975905.0,29.73,2026-09-15
DEEPAKFERT,EQ,15-Sep-2026,1320.4,1321.8,1353.0,1277.9,1284.8,232642,3058.13,18140,113648.0,48.85,2026-09-15
DEEPAKNTR,EQ,15-Sep-2026,1587.8,1588.9,1597.9,1556.1,1561.3,208902,3278.46,22901,115803.0,55.43,2026-09-15
DEEPINDS,EQ,15-Sep-2026,774.4,778.4,778.4,724.55,730.4,492116,3649.85,21060,225753.0,45.87,2026-09-15
DEFENCE,EQ,15-Sep-2026,81.92,83.56,83.56,76.5,76.88,1049090,819.12,4272,536231.0,51.11,2026-09-15
DELAPLEX,SM,15-Sep-2026,101.5,99.1,101.95,95.95,95.95,10800,10.65,15,7200.0,66.67,2026-09-15
DELHIVERY,EQ,15-Sep-2026,439.0,439.0,441.85,416.5,420.5,4661661,19731.12,66022,2655724.0,56.97,2026-09-15
DELPHIFX,BE,15-Sep-2026,5.75,6.0,6.0,5.47,5.54,120721,6.76,240,,,2026-09-15
DELTACORP,EQ,15-Sep-2026,54.15,54.14,54.53,52.82,53.79,983195,527.97,6725,423072.0,43.03,2026-09-15
DELTAMAGNT,EQ,15-Sep-2026,55.87,57.26,57.29,55.2,55.65,2736,1.52,33,2100.0,76.75,2026-09-15
DELTIC,SM,15-Sep-2026,33.55,33.2,34.7,33.2,34.25,6000,2.03,6,4000.0,66.67,2026-09-15
DEN,EQ,15-Sep-2026,26.98,26.98,27.19,26.51,26.62,260934,69.78,1109,212235.0,81.34,2026-09-15
DENEERS,SM,15-Sep-2026,168.0,168.0,169.9,168.0,168.0,7200,12.13,12,4800.0,66.67,2026-09-15
DENORA,EQ,15-Sep-2026,798.45,820.0,820.0,792.0,812.95,2684,21.67,392,1678.0,62.52,2026-09-15
DENTA,EQ,15-Sep-2026,287.75,288.1,291.9,273.0,276.3,83817,236.31,2949,41935.0,50.03,2026-09-15
DENTALKART,SM,15-Sep-2026,390.0,395.0,404.6,380.0,386.35,32000,126.06,62,26750.0,83.59,2026-09-15
DEVIT,EQ,15-Sep-2026,24.18,24.35,24.35,23.55,23.8,25147,5.97,264,21773.0,86.58,2026-09-15
DEVX,EQ,15-Sep-2026,34.05,34.08,34.6,33.12,33.3,51741,17.41,986,28845.0,55.75,2026-09-15
DEVYANI,EQ,15-Sep-2026,137.97,138.5,139.95,135.56,136.22,2125386,2909.37,35083,1096244.0,51.58,2026-09-15
DGCONTENT,EQ,15-Sep-2026,24.12,23.88,24.66,23.65,23.74,4109,0.98,122,3807.0,92.65,2026-09-15
DHABRIYA,BE,15-Sep-2026,503.1,512.0,518.4,494.0,503.7,5242,26.68,132,,,2026-09-15
DHAMPURSUG,EQ,15-Sep-2026,163.59,164.11,165.0,155.0,156.61,529298,841.84,10584,260162.0,49.15,2026-09-15
DHANBANK,EQ,15-Sep-2026,31.15,31.15,31.3,29.54,29.79,593184,180.03,2615,344314.0,58.05,2026-09-15
DHANSA,SM,15-Sep-2026,35.75,36.95,36.95,34.0,34.0,42000,14.64,21,30000.0,71.43,2026-09-15
DHANUKA,EQ,15-Sep-2026,980.0,977.8,980.0,953.0,956.5,10086,97.16,1388,6403.0,63.48,2026-09-15
DHARAN,BZ,15-Sep-2026,0.13,0.14,0.14,0.13,0.13,8283083,11.35,1458,,,2026-09-15
DHARARAIL,ST,15-Sep-2026,149.0,151.1,155.0,149.2,153.45,15000,22.67,14,14000.0,93.33,2026-09-15
DHARIWAL,SM,15-Sep-2026,27.75,26.55,26.75,26.4,26.4,87000,23.06,18,66000.0,75.86,2026-09-15
DHARMAJ,EQ,15-Sep-2026,269.35,269.5,271.2,264.95,268.25,39754,106.68,2194,24706.0,62.15,2026-09-15
DHATRE,EQ,15-Sep-2026,4.31,4.4,4.4,4.07,4.29,12333,0.53,147,10810.0,87.65,2026-09-15
DHOOTTRANS,EQ,15-Sep-2026,1728.7,1735.3,1735.3,1555.9,1555.9,1966272,31388.48,61069,1071279.0,54.48,2026-09-15
DHRUV,EQ,15-Sep-2026,21.84,22.0,22.93,21.5,22.14,3779,0.83,51,3148.0,83.3,2026-09-15
DHTL,SM,15-Sep-2026,32.5,30.95,30.95,30.9,30.9,1600,0.49,2,1600.0,100.0,2026-09-15
DHUNINV,EQ,15-Sep-2026,995.0,1028.0,1028.0,975.0,978.45,570,5.64,88,490.0,85.96,2026-09-15
DIACABS,BE,15-Sep-2026,369.05,381.0,387.5,375.0,387.5,1398719,5408.8,10285,,,2026-09-15
DIAMINESQ,EQ,15-Sep-2026,258.27,263.45,263.45,247.57,251.8,9661,24.36,354,4933.0,51.06,2026-09-15
DIAMONDYD,EQ,15-Sep-2026,1108.4,1114.5,1150.0,1076.3,1107.4,11209,123.06,1315,5678.0,50.66,2026-09-15
DICIND,EQ,15-Sep-2026,602.1,602.15,628.7,586.3,593.15,6058,37.19,314,4499.0,74.27,2026-09-15
DIFFNKG,EQ,15-Sep-2026,449.5,449.0,459.25,423.25,427.25,231431,1015.06,8380,80581.0,34.82,2026-09-15
DIGIDRIVE,EQ,15-Sep-2026,17.15,17.17,17.6,17.12,17.58,14370,2.5,109,9774.0,68.02,2026-09-15
DIGIKORE,SM,15-Sep-2026,38.05,38.15,40.0,36.1,39.25,30800,11.71,47,21200.0,68.83,2026-09-15
DIGISPICE,EQ,15-Sep-2026,16.87,17.68,17.68,16.12,16.33,161772,26.38,376,113606.0,70.23,2026-09-15
DIGITIDE,EQ,15-Sep-2026,88.75,89.4,89.66,84.1,85.06,220676,191.86,2462,112141.0,50.82,2026-09-15
DIGJAMLMTD,EQ,15-Sep-2026,68.42,68.79,70.93,65.0,65.0,123964,83.81,1313,85994.0,69.37,2026-09-15
DISAQ,EQ,15-Sep-2026,11688.0,11775.0,11919.0,11500.0,11677.0,295,34.77,233,86.0,29.15,2026-09-15
DISHTV,EQ,15-Sep-2026,2.5,2.59,2.62,2.57,2.62,1142262,29.88,770,1025459.0,89.77,2026-09-15
DIVGIITTS,EQ,15-Sep-2026,1188.3,1192.9,1199.9,1101.0,1106.3,113571,1280.42,10350,53156.0,46.8,2026-09-15
DIVIDEND,EQ,15-Sep-2026,34.86,35.16,35.26,34.67,34.71,7148,2.49,82,3895.0,54.49,2026-09-15
DIVINEHIRA,ST,15-Sep-2026,112.4,111.95,111.95,106.8,109.0,26400,28.64,21,22800.0,86.36,2026-09-15
DIVISLAB,EQ,15-Sep-2026,9322.0,9367.5,9397.5,9118.5,9198.0,380826,35161.51,79828,265013.0,69.59,2026-09-15
DIVOPPBEES,EQ,15-Sep-2026,74.92,76.12,76.12,74.27,74.4,63890,47.92,1426,38060.0,59.57,2026-09-15
DIXON,EQ,15-Sep-2026,13425.0,13490.0,13575.0,13093.0,13180.0,431603,57322.38,60849,225864.0,52.33,2026-09-15
DJML,EQ,15-Sep-2026,82.39,82.97,83.59,76.64,78.66,92791,73.07,2056,25518.0,27.5,2026-09-15
DKEGL,SM,15-Sep-2026,69.0,73.0,73.0,70.0,70.0,3000,2.15,2,1500.0,50.0,2026-09-15
DLF,EQ,15-Sep-2026,644.5,644.5,647.15,620.85,620.85,3668098,23118.22,57280,1997572.0,54.46,2026-09-15
DLINKINDIA,EQ,15-Sep-2026,434.25,436.0,436.0,414.3,417.05,110182,464.85,3621,74532.0,67.64,2026-09-15
DMART,EQ,15-Sep-2026,3688.0,3692.9,3735.9,3680.0,3680.0,496744,18451.12,35511,314303.0,63.27,2026-09-15
DMCC,EQ,15-Sep-2026,287.55,290.0,290.0,263.5,265.5,109990,301.1,3171,62758.0,57.06,2026-09-15
DNAMEDIA,EQ,15-Sep-2026,2.51,2.56,2.66,2.48,2.5,16001,0.4,115,11673.0,72.95,2026-09-15
DODLA,EQ,15-Sep-2026,1090.8,1078.1,1094.5,1067.1,1080.3,23425,253.56,2257,13845.0,59.1,2026-09-15
DOLATALGO,EQ,15-Sep-2026,69.32,69.82,69.82,68.01,68.25,126104,86.65,1745,56174.0,44.55,2026-09-15
DOLLAR,EQ,15-Sep-2026,273.55,276.9,276.9,261.05,262.95,46906,125.48,1813,26725.0,56.98,2026-09-15
DOLLEX,EQ,15-Sep-2026,38.45,39.0,39.0,37.0,37.4,53119,20.13,417,46385.0,87.32,2026-09-15
DOLPHIN,EQ,15-Sep-2026,649.0,663.0,685.0,644.1,651.05,52528,349.45,3023,22429.0,42.7,2026-09-15
DOMS,EQ,15-Sep-2026,2121.0,2125.1,2143.8,2103.0,2120.4,19480,413.02,4047,9059.0,46.5,2026-09-15
DONEAR,EQ,15-Sep-2026,85.03,85.03,85.03,82.26,82.46,15977,13.32,382,13346.0,83.53,2026-09-15
DPABHUSHAN,EQ,15-Sep-2026,1340.6,1344.8,1359.9,1330.0,1337.5,18910,253.87,1230,10154.0,53.7,2026-09-15
DPEL,SM,15-Sep-2026,634.95,640.05,648.9,628.0,629.0,52000,330.93,77,33500.0,64.42,2026-09-15
DPSCLTD,BE,15-Sep-2026,7.14,7.24,7.28,7.02,7.05,71833,5.14,481,,,2026-09-15
DPWIRES,BE,15-Sep-2026,150.33,149.94,149.94,145.0,145.39,8284,12.19,237,,,2026-09-15
DRAGARWQ,EQ,15-Sep-2026,5306.5,5311.0,5420.0,5105.5,5137.0,1747,90.9,549,1257.0,71.95,2026-09-15
DRCSYSTEMS,EQ,15-Sep-2026,12.92,13.11,13.11,12.72,12.75,32134,4.13,248,23584.0,73.39,2026-09-15
DREAMFOLKS,EQ,15-Sep-2026,66.12,65.69,69.25,65.5,66.76,74003,49.83,1213,46797.0,63.24,2026-09-15
DREDGECORP,EQ,15-Sep-2026,1039.7,1047.0,1047.0,985.1,994.0,75067,753.87,6019,36549.0,48.69,2026-09-15
DRONE,SM,15-Sep-2026,33.5,33.9,34.3,31.7,32.3,41500,13.54,74,26500.0,63.86,2026-09-15
DRREDDY,EQ,15-Sep-2026,1165.5,1163.7,1168.5,1141.0,1145.0,1810974,20925.9,61378,984566.0,54.37,2026-09-15
DSFCL,BE,15-Sep-2026,24.73,24.16,25.0,24.16,24.54,91373,22.42,228,,,2026-09-15
DSKULKARNI,BE,15-Sep-2026,21.0,21.42,21.42,21.42,21.42,38,0.01,2,,,2026-09-15
DSSL,EQ,15-Sep-2026,1059.1,1075.0,1104.7,1027.6,1034.4,38862,412.67,3273,17822.0,45.86,2026-09-15
DTIL,BE,15-Sep-2026,142.91,145.8,145.8,136.9,138.3,9715,13.6,86,,,2026-09-15
DUCOL,SM,15-Sep-2026,127.65,125.0,125.0,122.5,122.6,6400,7.92,7,6400.0,100.0,2026-09-15
DUCON,EQ,15-Sep-2026,1.78,1.8,1.81,1.52,1.59,3110461,51.37,1538,2515342.0,80.87,2026-09-15
DUGLOBAL,SM,15-Sep-2026,23.75,23.45,23.45,23.45,23.45,2500,0.59,1,2500.0,100.0,2026-09-15
DURLAX,SM,15-Sep-2026,60.95,61.0,61.0,57.25,57.75,98000,57.56,37,84000.0,85.71,2026-09-15
DVL,EQ,15-Sep-2026,286.2,286.2,287.9,281.5,282.7,13896,39.44,487,10668.0,76.77,2026-09-15
DWARKESH,EQ,15-Sep-2026,44.74,45.1,45.15,41.51,41.72,3030956,1297.49,11661,1369133.0,45.17,2026-09-15
DYCL,EQ,15-Sep-2026,455.45,459.0,459.75,430.2,432.6,406393,1787.47,13523,213648.0,52.57,2026-09-15
DYNAMATECH,EQ,15-Sep-2026,12097.0,12201.0,12277.0,11925.0,12071.0,22745,2753.26,8702,10334.0,45.43,2026-09-15
DYNAMIC,ST,15-Sep-2026,139.9,134.1,138.2,133.35,135.1,2500,3.38,5,1500.0,60.0,2026-09-15
DYNPRO,EQ,15-Sep-2026,232.18,232.18,234.9,226.91,227.94,20261,46.57,768,12550.0,61.94,2026-09-15
E2E,BE,15-Sep-2026,610.35,593.8,610.35,579.85,579.85,635870,3715.52,14576,,,2026-09-15
E2ERAIL,SM,15-Sep-2026,351.85,364.9,383.95,350.5,378.4,315200,1166.66,275,134400.0,42.64,2026-09-15
EASEMYTRIP,EQ,15-Sep-2026,5.83,5.83,5.93,5.77,5.78,14324287,837.05,9669,5093395.0,35.56,2026-09-15
EASTSILK,BE,15-Sep-2026,64.0,64.0,64.0,62.0,63.5,2246,1.43,20,,,2026-09-15
EASTWEST,EQ,15-Sep-2026,2.36,2.38,2.38,2.3,2.3,21580,0.5,115,12841.0,59.5,2026-09-15
EBANK10,EQ,15-Sep-2026,16.45,16.56,16.56,16.26,16.26,260,0.04,16,162.0,62.31,2026-09-15
EBANKNIFTY,EQ,15-Sep-2026,56.94,56.94,57.29,56.39,56.49,1851,1.05,41,1842.0,99.51,2026-09-15
EBBETF0430,EQ,15-Sep-2026,1608.01,1614.9,1614.9,1600.0,1603.74,9077,145.55,648,6170.0,67.97,2026-09-15
EBBETF0431,EQ,15-Sep-2026,1432.97,1432.0,1439.82,1420.61,1425.49,8761,124.91,187,7716.0,88.07,2026-09-15
EBBETF0433,EQ,15-Sep-2026,1308.54,1307.01,1312.52,1304.01,1305.8,3976,52.04,153,2589.0,65.12,2026-09-15
EBGNG,EQ,15-Sep-2026,679.65,690.0,712.0,666.1,671.45,1306597,8994.73,49643,343225.0,26.27,2026-09-15
EBIX,BE,15-Sep-2026,19.99,19.99,20.39,19.0,19.3,15398,3.02,100,,,2026-09-15
ECAPINSURE,EQ,15-Sep-2026,23.35,23.64,23.65,22.88,22.95,164338,37.86,561,110356.0,67.15,2026-09-15
ECLERX,EQ,15-Sep-2026,1899.6,1890.8,1968.8,1885.0,1894.8,202420,3893.73,30193,77288.0,38.18,2026-09-15
ECOLINE,ST,15-Sep-2026,167.5,166.0,175.85,166.0,173.0,18000,31.24,18,13000.0,72.22,2026-09-15
ECORECO,EQ,15-Sep-2026,435.5,444.0,444.0,424.0,427.4,6437,27.7,747,4535.0,70.45,2026-09-15
ECOSMOBLTY,EQ,15-Sep-2026,111.68,112.47,112.91,106.0,107.47,96779,105.1,1875,53631.0,55.42,2026-09-15
EDELWEISS,EQ,15-Sep-2026,132.43,133.0,133.14,125.1,127.4,9385808,12136.24,108001,4099505.0,43.68,2026-09-15
EDUCOMP,BZ,15-Sep-2026,0.91,0.91,0.95,0.87,0.9,48559,0.43,121,,,2026-09-15
EEPL,ST,15-Sep-2026,133.05,128.15,133.15,128.0,129.95,11000,14.23,11,9000.0,81.82,2026-09-15
EFACTOR,SM,15-Sep-2026,166.0,166.0,169.0,155.55,160.0,9200,14.97,21,6400.0,69.57,2026-09-15
EFCIL,EQ,15-Sep-2026,185.18,185.85,187.78,180.45,182.64,171436,313.12,5100,90534.0,52.81,2026-09-15
EFFWA,SM,15-Sep-2026,374.95,374.95,380.0,350.05,357.05,30000,109.12,55,17600.0,58.67,2026-09-15
EFORCE,SM,15-Sep-2026,19.5,19.5,20.1,19.0,19.0,4800,0.94,4,4800.0,100.0,2026-09-15
EGOLD,EQ,15-Sep-2026,151.05,150.8,150.8,147.55,149.65,53334,79.88,801,38406.0,72.01,2026-09-15
EICHERMOT,EQ,15-Sep-2026,7530.0,7567.5,7570.5,7440.0,7452.5,353472,26454.83,45085,198460.0,56.15,2026-09-15
EIDPARRY,EQ,15-Sep-2026,721.05,721.0,721.0,700.05,702.75,339905,2400.96,24768,198477.0,58.39,2026-09-15
EIEL,EQ,15-Sep-2026,207.11,207.11,208.25,196.0,196.91,875481,1756.76,15031,398406.0,45.51,2026-09-15
EIFFL,BE,15-Sep-2026,281.2,275.6,275.6,275.6,275.6,45,0.12,6,,,2026-09-15
EIHAHOTELS,EQ,15-Sep-2026,287.45,289.4,292.05,280.1,281.3,20478,58.07,1771,12072.0,58.95,2026-09-15
EIHOTEL,EQ,15-Sep-2026,286.45,286.55,287.9,280.3,283.8,203168,575.72,8926,118583.0,58.37,2026-09-15
EIMCOELECO,EQ,15-Sep-2026,2325.5,2325.5,2348.8,2233.0,2242.2,26475,600.71,3435,14587.0,55.1,2026-09-15
EKC,EQ,15-Sep-2026,101.8,101.8,102.39,98.1,98.8,215796,215.73,2442,129018.0,59.79,2026-09-15
EKI,EQ,15-Sep-2026,69.28,69.0,73.98,69.0,69.5,11049,7.78,422,7913.0,71.62,2026-09-15
ELANTAS,EQ,15-Sep-2026,14513.0,14890.0,14890.0,13125.0,13481.0,9233,1273.29,4194,3091.0,33.48,2026-09-15
ELCIDIN,EQ,15-Sep-2026,106850.0,105035.0,105500.0,102210.0,102210.0,11,11.53,11,8.0,72.73,2026-09-15
ELDEHSG,EQ,15-Sep-2026,783.5,799.8,815.8,775.0,780.3,1007,7.95,123,645.0,64.05,2026-09-15
ELECON,EQ,15-Sep-2026,422.1,422.6,423.45,412.2,413.5,171029,713.42,9074,85968.0,50.27,2026-09-15
ELECTCAST,EQ,15-Sep-2026,77.62,77.5,78.2,74.66,75.23,1365788,1034.52,12246,721866.0,52.85,2026-09-15
ELECTHERM,EQ,15-Sep-2026,956.3,956.3,988.3,926.5,945.35,16105,156.22,841,8885.0,55.17,2026-09-15
ELGIEQUIP,EQ,15-Sep-2026,617.7,627.55,641.4,606.8,612.05,626303,3920.95,45285,308067.0,49.19,2026-09-15
ELGIRUBCO,EQ,15-Sep-2026,58.48,59.7,59.7,55.41,55.83,47619,27.18,746,32873.0,69.03,2026-09-15
ELGNZ,SM,15-Sep-2026,85.35,84.25,85.0,82.5,84.3,13000,10.88,13,8000.0,61.54,2026-09-15
ELIN,EQ,15-Sep-2026,90.96,91.41,92.49,86.02,87.15,169405,151.17,2645,107449.0,63.43,2026-09-15
ELIQUID,EQ,15-Sep-2026,1047.59,1047.74,1047.74,1047.72,1047.72,26313,275.69,25,22620.0,85.97,2026-09-15
ELITECON,EQ,15-Sep-2026,8.18,8.48,8.58,8.36,8.57,12249273,1049.59,10533,9266366.0,75.65,2026-09-15
ELLEN,EQ,15-Sep-2026,380.2,382.05,382.45,351.1,355.1,1197962,4339.31,31081,526185.0,43.92,2026-09-15
ELM250,EQ,15-Sep-2026,16.31,16.42,16.45,15.8,16.0,178808,28.88,468,134955.0,75.47,2026-09-15
ELMDIV,EQ,15-Sep-2026,36.26,36.0,36.5,35.21,36.4,1456,0.52,28,1456.0,100.0,2026-09-15
ELPROINTL,EQ,15-Sep-2026,173.24,173.5,174.89,171.9,172.85,17260,29.86,202,16017.0,92.8,2026-09-15
EMAMILTD,EQ,15-Sep-2026,363.8,374.0,382.65,371.2,373.7,2883728,10897.89,57777,911343.0,31.6,2026-09-15
EMAMIPAP,BE,15-Sep-2026,116.0,116.05,117.8,113.0,113.0,25983,29.69,236,,,2026-09-15
EMAMIREAL,EQ,15-Sep-2026,69.8,68.1,69.9,67.05,67.45,5992,4.09,96,4297.0,71.71,2026-09-15
EMAPARTNER,SM,15-Sep-2026,82.7,83.9,83.9,79.1,79.1,15000,12.06,11,13000.0,86.67,2026-09-15
EMBASSY,RR,15-Sep-2026,439.07,435.51,440.0,435.51,439.48,489706,2144.75,31308,399974.0,81.68,2026-09-15
EMBDL,EQ,15-Sep-2026,55.28,55.32,56.38,53.9,55.01,3033004,1675.72,8995,1381966.0,45.56,2026-09-15
EMCURE,EQ,15-Sep-2026,1978.9,1977.0,2014.3,1974.0,1993.0,239137,4777.34,29588,122057.0,51.04,2026-09-15
EMETAL,EQ,15-Sep-2026,13.06,13.35,13.35,12.7,12.74,14974,1.92,89,13488.0,90.08,2026-09-15
EMIL,EQ,15-Sep-2026,188.38,190.49,191.82,183.5,185.06,1398144,2598.36,31940,624110.0,44.64,2026-09-15
EMKAY,EQ,15-Sep-2026,250.9,254.0,254.45,240.0,241.45,26566,65.13,807,19107.0,71.92,2026-09-15
EMKAYTOOLS,SM,15-Sep-2026,94.5,94.5,94.8,92.8,94.75,1200,1.13,7,1050.0,87.5,2026-09-15
EMMBI,BE,15-Sep-2026,88.95,90.99,92.85,88.0,90.39,4997,4.53,77,,,2026-09-15
EMMIL,SM,15-Sep-2026,119.95,120.0,120.0,117.5,118.9,2250,2.68,6,2250.0,100.0,2026-09-15
EMMVEE,EQ,15-Sep-2026,346.0,346.0,349.7,322.45,328.55,2890305,9714.76,64058,1326893.0,45.91,2026-09-15
EMPIND,EQ,15-Sep-2026,1054.0,1049.0,1056.0,1020.1,1038.3,3778,39.25,498,2177.0,57.62,2026-09-15
EMPOWER,EQ,15-Sep-2026,2.28,2.34,2.39,2.32,2.38,20036776,476.0,4522,10701379.0,53.41,2026-09-15
EMSLIMITED,EQ,15-Sep-2026,383.1,387.0,387.0,371.05,373.95,200788,756.6,5350,85224.0,42.44,2026-09-15
EMUDHRA,EQ,15-Sep-2026,494.05,535.0,592.85,531.0,592.85,1550701,9042.87,27013,509804.0,32.88,2026-09-15
EMULTIMQ,EQ,15-Sep-2026,41.85,42.05,42.05,40.35,40.58,40554,16.6,553,35019.0,86.35,2026-09-15
ENCOMPAS,SM,15-Sep-2026,259.5,258.0,260.25,258.0,260.25,800,2.07,2,800.0,100.0,2026-09-15
ENDURANCE,EQ,15-Sep-2026,2692.6,2692.6,2710.0,2609.8,2614.6,45517,1208.52,9234,23280.0,51.15,2026-09-15
ENERGY,EQ,15-Sep-2026,38.3,37.34,39.0,37.34,37.4,440593,166.0,2214,278868.0,63.29,2026-09-15
ENERGYAXIS,EQ,15-Sep-2026,19.06,19.25,19.99,18.63,19.78,24801,4.73,125,22147.0,89.3,2026-09-15
ENERGYDEV,EQ,15-Sep-2026,14.92,14.72,15.5,14.14,14.27,50557,7.33,461,32831.0,64.94,2026-09-15
ENEXT50,EQ,15-Sep-2026,72.21,72.37,72.57,70.0,70.0,952,0.67,31,556.0,58.4,2026-09-15
ENFUSE,SM,15-Sep-2026,158.0,148.0,148.0,145.0,146.5,1200,1.76,2,1200.0,100.0,2026-09-15
ENGINERSIN,EQ,15-Sep-2026,268.95,270.0,273.0,261.6,262.45,2408462,6393.47,59518,1054794.0,43.8,2026-09-15
ENIFTY,EQ,15-Sep-2026,23.63,24.22,24.22,23.03,23.43,7916,1.86,81,7900.0,99.8,2026-09-15
ENIL,EQ,15-Sep-2026,101.24,103.8,103.8,99.61,100.4,9593,9.64,337,7342.0,76.53,2026-09-15
ENKEIWHEL,EQ,15-Sep-2026,399.0,412.95,413.0,394.6,398.55,2736,11.05,174,2047.0,74.82,2026-09-15
ENRIN,EQ,15-Sep-2026,3181.3,3200.0,3200.0,3010.0,3028.7,304976,9413.91,44977,167523.0,54.93,2026-09-15
ENSER,SM,15-Sep-2026,15.15,14.05,14.05,14.05,14.05,10000,1.41,2,10000.0,100.0,2026-09-15
ENTERO,EQ,15-Sep-2026,1815.4,1812.0,1825.4,1730.0,1802.1,144363,2559.13,18679,75791.0,52.5,2026-09-15
ENVIRO,SM,15-Sep-2026,68.25,70.5,73.4,60.0,69.7,114000,78.32,47,96000.0,84.21,2026-09-15
EPACK,EQ,15-Sep-2026,185.15,185.49,186.79,176.72,177.7,422360,764.42,8220,180844.0,42.82,2026-09-15
EPACKPEB,EQ,15-Sep-2026,240.44,244.05,245.65,215.46,221.26,705316,1613.18,14104,292326.0,41.45,2026-09-15
EPIGRAL,EQ,15-Sep-2026,1131.1,1134.8,1136.6,1076.7,1092.2,49513,541.61,4331,29869.0,60.33,2026-09-15
EPL,EQ,15-Sep-2026,239.3,240.65,240.8,234.5,235.9,1961583,4643.94,38667,1053018.0,53.68,2026-09-15
EPWINDIA,ST,15-Sep-2026,255.0,255.0,255.0,242.25,242.25,12000,29.28,10,9600.0,80.0,2026-09-15
EQUAL200,EQ,15-Sep-2026,13.59,13.59,13.59,13.33,13.33,30673,4.11,142,18940.0,61.75,2026-09-15
EQUAL50,EQ,15-Sep-2026,324.09,324.99,324.99,319.56,320.43,1653,5.32,46,818.0,49.49,2026-09-15
EQUAL50ADD,EQ,15-Sep-2026,334.19,335.86,337.0,330.0,330.63,78106,259.49,614,66912.0,85.67,2026-09-15
EQUIPPP,BE,15-Sep-2026,22.57,22.54,23.5,22.05,23.4,21347,5.0,22,,,2026-09-15
EQUITASBNK,EQ,15-Sep-2026,73.15,73.04,73.55,71.05,71.35,1749775,1260.4,19891,1022844.0,58.46,2026-09-15
ERIS,EQ,15-Sep-2026,1355.5,1355.5,1359.9,1300.6,1310.1,44182,589.62,6476,22949.0,51.94,2026-09-15
ESABINDIA,EQ,15-Sep-2026,5884.0,5860.0,5886.5,5736.5,5751.0,5649,326.13,1618,3431.0,60.74,2026-09-15
ESAFSFB,BE,15-Sep-2026,39.61,39.01,40.1,38.4,38.98,435491,170.54,1647,,,2026-09-15
ESCONET,ST,15-Sep-2026,249.5,238.05,239.0,237.05,237.05,11600,27.55,26,9600.0,82.76,2026-09-15
ESCORTS,EQ,15-Sep-2026,2899.7,2895.0,2899.6,2822.2,2835.8,49945,1420.89,11152,24512.0,49.08,2026-09-15
ESDS,EQ,15-Sep-2026,1740.4,1800.0,1827.4,1681.0,1824.7,6742443,118676.23,315746,1132421.0,16.8,2026-09-15
ESENSEX,EQ,15-Sep-2026,75.52,76.58,76.58,74.69,75.4,149,0.11,19,106.0,71.14,2026-09-15
ESFL,SM,15-Sep-2026,119.95,122.05,122.2,117.0,120.55,21600,25.94,34,18360.0,85.0,2026-09-15
ESG,EQ,15-Sep-2026,40.18,40.38,40.44,39.72,39.72,17564,7.01,130,12329.0,70.19,2026-09-15
ESILVER,EQ,15-Sep-2026,226.52,225.5,227.16,223.3,224.0,23787,53.5,4751,7585.0,31.89,2026-09-15
ESPRIT,SM,15-Sep-2026,63.0,62.0,62.0,62.0,62.0,1600,0.99,1,1600.0,100.0,2026-09-15
ESSARSHPNG,EQ,15-Sep-2026,16.31,16.31,17.15,15.61,15.76,184779,29.83,905,135042.0,73.08,2026-09-15
ESSENTIA,EQ,15-Sep-2026,1.06,1.06,1.07,1.04,1.04,1407735,14.84,847,1134505.0,80.59,2026-09-15
ESTER,EQ,15-Sep-2026,89.89,90.53,93.85,86.2,87.03,59979,52.75,1196,37622.0,62.73,2026-09-15
ETERNAL,EQ,15-Sep-2026,323.5,327.5,327.95,314.65,315.25,12538697,40062.92,99234,5944993.0,47.41,2026-09-15
ETHOSLTD,EQ,15-Sep-2026,2635.4,2646.0,2660.0,2567.5,2574.1,26476,688.0,9216,11976.0,45.23,2026-09-15
ETML,SM,15-Sep-2026,80.75,84.0,85.0,80.05,80.05,12000,9.87,9,8400.0,70.0,2026-09-15
EUREKAFORB,EQ,15-Sep-2026,394.15,394.25,405.4,389.55,394.3,97508,386.23,8665,40401.0,41.43,2026-09-15
EUROBOND,EQ,15-Sep-2026,150.46,146.21,149.99,146.0,146.98,2050,3.02,87,1649.0,80.44,2026-09-15
EUROPRATIK,EQ,15-Sep-2026,245.7,249.4,250.05,238.0,240.5,231445,558.42,2954,25115.0,10.85,2026-09-15
EUROTEXIND,BE,15-Sep-2026,13.2,13.1,13.1,12.6,12.6,713,0.09,9,,,2026-09-15
EVEREADY,EQ,15-Sep-2026,363.0,362.95,362.95,329.6,336.75,204803,699.45,5427,85920.0,41.95,2026-09-15
EVERESTIND,BE,15-Sep-2026,408.0,409.85,409.9,398.0,399.0,9599,38.49,123,,,2026-09-15
EVIETF,EQ,15-Sep-2026,31.97,32.76,32.76,31.13,31.35,138619,44.13,1242,77543.0,55.94,2026-09-15
EVINDIA,EQ,15-Sep-2026,31.99,32.78,32.78,31.41,31.5,246999,78.62,3272,146654.0,59.37,2026-09-15
EXCELINDUS,EQ,15-Sep-2026,980.8,990.6,1002.9,959.8,965.7,12066,117.69,1297,6220.0,51.55,2026-09-15
EXCELSOFT,EQ,15-Sep-2026,81.03,81.05,84.7,76.15,77.63,2340141,1895.74,18670,568541.0,24.3,2026-09-15
EXICOM,EQ,15-Sep-2026,182.28,183.2,184.34,167.0,168.43,1644397,2863.01,21457,751262.0,45.69,2026-09-15
EXIDEIND,EQ,15-Sep-2026,412.65,412.65,417.95,405.1,409.2,1537472,6357.41,45216,702818.0,45.71,2026-09-15
EXIMROUTES,SM,15-Sep-2026,106.9,104.0,104.0,104.0,104.0,92800,96.51,1,92800.0,100.0,2026-09-15
EXPLEOSOL,EQ,15-Sep-2026,889.5,891.0,914.0,860.0,862.6,33126,292.96,3344,14093.0,42.54,2026-09-15
EXXARO,EQ,15-Sep-2026,6.38,6.38,6.48,6.2,6.35,241706,15.27,577,201079.0,83.19,2026-09-15
FABTECH,EQ,15-Sep-2026,147.02,148.07,148.6,145.21,146.3,95273,139.85,821,71472.0,75.02,2026-09-15
FACT,EQ,15-Sep-2026,779.6,780.15,785.15,751.4,754.55,118792,909.26,8157,40946.0,34.47,2026-09-15
FAIRCHEMOR,BE,15-Sep-2026,623.95,639.9,639.9,605.0,608.85,5990,36.62,399,,,2026-09-15
FALCONTECH,SM,15-Sep-2026,12.9,12.9,12.9,12.9,12.9,1200,0.15,1,1200.0,100.0,2026-09-15
FASCINATE,SM,15-Sep-2026,53.15,51.35,52.6,50.5,50.5,71200,36.56,72,64800.0,91.01,2026-09-15
FAZE3Q,EQ,15-Sep-2026,489.45,489.45,491.45,465.0,467.85,16501,78.17,1192,9448.0,57.26,2026-09-15
FCL,EQ,15-Sep-2026,57.72,58.0,58.39,52.25,53.88,29470137,15966.13,95559,9020891.0,30.61,2026-09-15
FCSSOFT,EQ,15-Sep-2026,1.44,1.46,1.47,1.42,1.42,1322981,19.08,1545,848722.0,64.15,2026-09-15
FDC,EQ,15-Sep-2026,341.45,340.0,354.85,339.75,349.7,470213,1644.74,13560,175873.0,37.4,2026-09-15
FEDDERSHOL,EQ,15-Sep-2026,48.51,49.65,49.9,49.01,49.14,1540025,760.26,5603,356687.0,23.16,2026-09-15
FEDERALBNK,EQ,15-Sep-2026,344.5,344.45,344.5,339.45,343.0,3090047,10560.91,50376,1846260.0,59.75,2026-09-15
FEDFINA,EQ,15-Sep-2026,158.53,158.6,160.04,152.82,153.51,598566,930.73,10400,310490.0,51.87,2026-09-15
FEL,BZ,15-Sep-2026,0.37,0.38,0.38,0.37,0.37,226699,0.85,132,,,2026-09-15
FELDVR,BZ,15-Sep-2026,2.12,2.08,2.11,2.02,2.05,7080,0.15,25,,,2026-09-15
FELIX,SM,15-Sep-2026,216.3,215.95,223.5,198.1,211.35,166000,342.32,215,94000.0,56.63,2026-09-15
FERMENTA,EQ,15-Sep-2026,474.65,478.0,479.0,468.0,471.0,59767,282.63,5076,40328.0,67.48,2026-09-15
FIBERWEB,EQ,15-Sep-2026,27.1,27.1,27.98,25.56,25.63,17411,4.55,312,12784.0,73.42,2026-09-15
FIDEL,SM,15-Sep-2026,154.0,154.0,158.0,153.95,158.0,7000,10.86,6,6000.0,85.71,2026-09-15
FIEMIND,EQ,15-Sep-2026,2009.5,2013.9,2020.0,1931.0,1938.1,61058,1200.76,11113,37180.0,60.89,2026-09-15
FILATEX,EQ,15-Sep-2026,87.41,89.5,91.3,80.05,82.41,8356838,7198.15,40662,2290940.0,27.41,2026-09-15
FILATFASH,EQ,15-Sep-2026,0.18,0.18,0.19,0.18,0.18,17462471,31.69,1930,14665065.0,83.98,2026-09-15
FINBUD,SM,15-Sep-2026,128.55,129.85,130.8,125.1,126.95,30000,38.56,29,22000.0,73.33,2026-09-15
FINCABLES,EQ,15-Sep-2026,1424.0,1420.0,1421.6,1326.4,1339.9,1266116,17316.09,63170,468850.0,37.03,2026-09-15
FINEORG,EQ,15-Sep-2026,5167.5,5160.5,5167.5,5081.0,5153.5,18010,925.38,5665,12483.0,69.31,2026-09-15
FINIETF,EQ,15-Sep-2026,32.4,33.21,33.21,31.58,31.64,463798,147.69,2766,255328.0,55.05,2026-09-15
FINKURVE,EQ,15-Sep-2026,72.49,75.0,76.83,70.3,72.68,389220,290.2,6021,124428.0,31.97,2026-09-15
FINOPB,EQ,15-Sep-2026,139.83,141.0,141.96,137.03,137.73,136375,188.44,1922,70196.0,51.47,2026-09-15
FINPIPE,EQ,15-Sep-2026,153.45,153.67,154.43,150.51,151.33,428132,649.0,20054,232686.0,54.35,2026-09-15
FIRSTCRY,EQ,15-Sep-2026,168.83,170.0,189.75,167.01,171.53,53340405,95248.04,462473,3306214.0,6.2,2026-09-15
FISCHER,EQ,15-Sep-2026,35.87,35.95,35.98,33.7,34.02,300708,104.37,1880,180404.0,59.99,2026-09-15
FIVESTAR,EQ,15-Sep-2026,551.05,558.0,558.0,536.35,541.95,513721,2805.83,37495,218081.0,42.45,2026-09-15
FLAIR,EQ,15-Sep-2026,236.08,238.2,244.65,232.02,233.73,69539,163.87,1906,38491.0,55.35,2026-09-15
FLEXIADD,EQ,15-Sep-2026,9.77,9.91,9.99,9.65,9.67,585333,56.98,804,318255.0,54.37,2026-09-15
FLEXITUFF,BE,15-Sep-2026,2.14,2.18,2.24,2.14,2.24,78787,1.75,112,,,2026-09-15
FLFL,BZ,15-Sep-2026,1.16,1.21,1.21,1.15,1.15,40091,0.47,85,,,2026-09-15
FLUOROCHEM,EQ,15-Sep-2026,4773.2,4819.9,4830.0,4557.9,4601.3,130548,6043.78,32952,72491.0,55.53,2026-09-15
FLYSBS,SM,15-Sep-2026,702.65,707.0,719.95,643.4,650.95,101200,688.73,374,70000.0,69.17,2026-09-15
FMCGADD,EQ,15-Sep-2026,45.52,45.74,46.98,45.25,45.65,31238,14.2,222,11703.0,37.46,2026-09-15
FMCGIETF,EQ,15-Sep-2026,48.6,49.81,49.81,48.41,48.49,1575053,767.59,5177,960769.0,61.0,2026-09-15
FMGOETZE,EQ,15-Sep-2026,461.0,466.25,466.4,441.0,445.65,274593,1232.43,9760,104245.0,37.96,2026-09-15
FMNL,EQ,15-Sep-2026,9.43,9.65,9.65,8.97,9.09,45720,4.14,145,41614.0,91.02,2026-09-15
FOCUS,BE,15-Sep-2026,61.84,61.68,62.0,60.13,60.87,13306,8.13,153,,,2026-09-15
FONEBOX,SM,15-Sep-2026,125.0,131.25,131.25,131.25,131.25,25000,32.81,16,25000.0,100.0,2026-09-15
FOODSIN,EQ,15-Sep-2026,55.23,55.23,55.23,53.02,53.49,50438,27.42,1069,34197.0,67.8,2026-09-15
FORCAS,ST,15-Sep-2026,216.7,214.9,214.9,205.9,205.9,16000,33.32,8,16000.0,100.0,2026-09-15
FORCEMOT,EQ,15-Sep-2026,17705.0,17710.0,17785.0,17200.0,17245.0,68042,11863.48,19695,34607.0,50.86,2026-09-15
FORGEAUTO,SM,15-Sep-2026,100.7,101.0,101.0,100.95,100.95,7200,7.27,2,7200.0,100.0,2026-09-15
FORTIS,EQ,15-Sep-2026,887.8,894.0,896.55,875.2,880.1,842800,7477.72,21044,471977.0,56.0,2026-09-15
FOSECOIND,EQ,15-Sep-2026,6194.5,6277.5,6367.5,6100.0,6223.5,11949,744.97,3037,5276.0,44.15,2026-09-15
FRACTAL,EQ,15-Sep-2026,764.45,765.95,780.0,743.1,748.1,404374,3049.71,19883,252636.0,62.48,2026-09-15
FREDUN,EQ,15-Sep-2026,1412.2,1424.7,1424.7,1308.1,1327.9,66072,896.43,8036,28536.0,43.19,2026-09-15
FRESHARA,ST,15-Sep-2026,485.0,485.0,485.0,460.75,460.75,14400,67.35,22,14400.0,100.0,2026-09-15
FROG,SM,15-Sep-2026,263.1,268.0,301.5,251.05,265.0,114400,327.61,222,63200.0,55.24,2026-09-15
FRONTSP,EQ,15-Sep-2026,1240.0,1240.0,1247.0,1195.4,1226.6,19127,233.65,2523,11916.0,62.3,2026-09-15
FSL,EQ,15-Sep-2026,247.6,250.15,292.0,250.15,283.35,33931358,95893.6,356090,3500036.0,10.32,2026-09-15
FUSION,EQ,15-Sep-2026,189.72,189.9,193.68,187.45,188.18,495689,941.34,15323,250946.0,50.63,2026-09-15
GABRIEL,EQ,15-Sep-2026,1346.4,1347.1,1383.5,1292.0,1300.5,212338,2843.78,22921,82865.0,39.03,2026-09-15
GAEL,EQ,15-Sep-2026,163.08,163.01,163.4,157.16,158.72,602826,963.35,12859,305243.0,50.64,2026-09-15
GAIL,EQ,15-Sep-2026,173.62,173.62,173.82,169.73,170.88,6202446,10627.11,59419,4013018.0,64.7,2026-09-15
GAJA,EQ,15-Sep-2026,152.6,152.61,153.09,141.2,142.55,792538,1160.13,9188,382084.0,48.21,2026-09-15
GAJANAND,SM,15-Sep-2026,8.25,8.0,8.0,8.0,8.0,3000,0.24,1,3000.0,100.0,2026-09-15
GALAPREC,EQ,15-Sep-2026,1031.0,1038.6,1051.0,985.0,992.1,25832,261.18,2602,13302.0,51.49,2026-09-15
GALAXYSURF,EQ,15-Sep-2026,2187.3,2187.2,2198.9,2100.0,2127.3,22677,486.01,5418,9544.0,42.09,2026-09-15
GALLANTT,EQ,15-Sep-2026,546.4,546.9,548.75,531.0,534.65,75010,404.8,4389,45098.0,60.12,2026-09-15
GANDHAR,EQ,15-Sep-2026,272.7,274.2,275.85,257.8,260.45,886074,2378.13,21996,442500.0,49.94,2026-09-15
GANDHITUBE,EQ,15-Sep-2026,887.75,887.75,887.75,870.05,871.2,3736,32.8,305,2481.0,66.41,2026-09-15
GANECOS,EQ,15-Sep-2026,1013.3,1005.0,1024.8,993.0,1007.0,80714,813.71,6326,36800.0,45.59,2026-09-15
GANESHBE,BE,15-Sep-2026,131.63,134.25,134.95,125.05,125.35,119026,152.35,813,,,2026-09-15
GANESHCP,EQ,15-Sep-2026,167.36,168.41,168.54,163.25,163.79,70307,116.77,1767,28207.0,40.12,2026-09-15
GANESHHOU,EQ,15-Sep-2026,763.4,755.4,764.0,741.3,745.1,26112,195.94,1997,15820.0,60.59,2026-09-15
GANESHIN,ST,15-Sep-2026,101.55,102.5,102.5,97.0,97.2,30400,29.92,34,27200.0,89.47,2026-09-15
GANGABATH,SM,15-Sep-2026,19.9,20.0,20.0,20.0,20.0,3000,0.6,1,3000.0,100.0,2026-09-15
GANGAFORGE,EQ,15-Sep-2026,1.58,1.59,1.65,1.56,1.63,5791282,93.84,1497,2691311.0,46.47,2026-09-15
GANGESSECU,EQ,15-Sep-2026,115.11,116.36,116.89,113.12,113.52,355,0.41,21,219.0,61.69,2026-09-15
GARFIBRES,EQ,15-Sep-2026,795.7,798.4,799.3,780.05,785.5,70578,554.9,5816,32795.0,46.47,2026-09-15
GARUDA,EQ,15-Sep-2026,181.9,182.9,184.17,175.0,176.05,384253,687.84,5964,157314.0,40.94,2026-09-15
GATECH,BE,15-Sep-2026,0.73,0.7,0.7,0.7,0.7,6607161,46.25,4388,,,2026-09-15
GATECHDVR,BE,15-Sep-2026,0.48,0.48,0.5,0.47,0.49,371009,1.82,233,,,2026-09-15
GATEWAY,EQ,15-Sep-2026,53.35,53.5,54.0,52.35,52.49,543148,287.9,5263,356978.0,65.72,2026-09-15
GAUDIUMIVF,EQ,15-Sep-2026,117.75,119.8,125.5,113.6,114.42,217265,259.23,1923,143891.0,66.23,2026-09-15
GAYAHWS,EQ,15-Sep-2026,1.92,1.95,1.95,1.86,1.88,169792,3.25,335,154502.0,90.99,2026-09-15
GAYAPROJ,EQ,15-Sep-2026,26.03,27.28,27.33,24.73,26.15,3617474,949.85,8172,1835339.0,50.74,2026-09-15
GCHOTELS,ST,15-Sep-2026,100.85,101.5,105.85,100.0,105.4,58200,59.81,60,56400.0,96.91,2026-09-15
GCSL,EQ,15-Sep-2026,600.7,604.75,610.9,588.35,601.55,1181049,7096.02,7881,661802.0,56.04,2026-09-15
GEECEE,BE,15-Sep-2026,364.55,362.95,372.75,350.0,350.1,2008,7.24,33,,,2026-09-15
GEEKAYWIRE,EQ,15-Sep-2026,27.83,27.84,31.72,27.84,29.34,463841,139.59,3614,148249.0,31.96,2026-09-15
GEMAROMA,EQ,15-Sep-2026,160.87,160.87,163.45,157.12,158.08,100204,160.16,1250,77995.0,77.84,2026-09-15
GENCON,EQ,15-Sep-2026,41.01,41.31,41.8,39.25,39.67,240268,97.54,771,17010.0,7.08,2026-09-15
GENESYS,EQ,15-Sep-2026,307.81,307.0,314.49,280.19,285.51,945103,2830.78,20016,290260.0,30.71,2026-09-15
GENSOL,BZ,15-Sep-2026,17.1,16.65,17.4,16.4,16.94,49482,8.41,467,,,2026-09-15
GENUSPAPER,EQ,15-Sep-2026,12.04,11.83,12.4,11.25,11.38,197130,23.03,712,133552.0,67.75,2026-09-15
GENUSPOWER,EQ,15-Sep-2026,323.1,323.95,325.3,301.1,306.5,1644408,5134.66,29709,923621.0,56.17,2026-09-15
GENXAI,SM,15-Sep-2026,82.4,82.0,82.0,77.0,78.0,21600,16.99,18,21600.0,100.0,2026-09-15
GEOJITFSL,EQ,15-Sep-2026,78.6,79.22,79.99,76.6,77.27,214765,167.22,3495,109674.0,51.07,2026-09-15
GESHIP,EQ,15-Sep-2026,1412.2,1415.0,1415.0,1375.0,1390.4,1189720,16645.57,73431,711164.0,59.78,2026-09-15
GFLLIMITED,EQ,15-Sep-2026,58.27,58.27,58.27,54.19,54.69,88311,49.58,1789,52845.0,59.84,2026-09-15
GFSTEELS,EQ,15-Sep-2026,20.95,21.99,21.99,21.99,21.99,6049,1.33,12,5409.0,89.42,2026-09-15
GGBL,SM,15-Sep-2026,215.5,219.8,219.9,206.0,206.65,30300,64.14,96,22800.0,75.25,2026-09-15
GHCL,EQ,15-Sep-2026,421.15,422.15,430.0,422.0,423.15,100745,427.51,4014,58962.0,58.53,2026-09-15
GHCLTEXTIL,EQ,15-Sep-2026,130.76,131.8,132.08,118.11,119.62,1302642,1608.71,15053,674416.0,51.77,2026-09-15
GICHSGFIN,EQ,15-Sep-2026,136.84,136.11,137.5,134.5,134.89,50826,68.94,1110,35493.0,69.83,2026-09-15
GICL,BE,15-Sep-2026,24.74,24.74,24.86,23.8,24.42,78057,19.04,175,,,2026-09-15
GICRE,EQ,15-Sep-2026,349.4,350.0,350.2,337.1,338.2,370114,1268.01,13004,205905.0,55.63,2026-09-15
GILLANDERS,EQ,15-Sep-2026,103.58,109.0,109.0,101.02,102.91,3729,3.84,184,2981.0,79.94,2026-09-15
GILLETTE,EQ,15-Sep-2026,7307.0,7310.0,7321.0,7207.0,7248.5,11161,811.68,3507,5915.0,53.0,2026-09-15
GILT10BETA,EQ,15-Sep-2026,26.28,26.7,26.7,26.17,26.21,464,0.12,28,359.0,77.37,2026-09-15
GILT5BETA,EQ,15-Sep-2026,66.41,67.75,67.75,65.65,65.66,5511,3.67,18,4564.0,82.82,2026-09-15
GILT5YBEES,EQ,15-Sep-2026,66.16,64.84,66.66,64.84,65.72,285839,187.98,753,211112.0,73.86,2026-09-15
GINNIFILA,BE,15-Sep-2026,41.0,40.99,42.99,40.57,42.18,37544,15.58,120,,,2026-09-15
GIPCL,EQ,15-Sep-2026,199.72,199.5,200.5,187.0,188.31,638722,1225.9,10467,404243.0,63.29,2026-09-15
GIRIRAJ,SM,15-Sep-2026,84.5,88.7,88.7,87.0,88.7,16250,14.37,23,15750.0,96.92,2026-09-15
GJL,ST,15-Sep-2026,265.85,279.0,279.0,279.0,279.0,1600,4.46,2,1600.0,100.0,2026-09-15
GKB,EQ,15-Sep-2026,64.79,64.79,67.44,64.79,67.42,340,0.22,6,340.0,100.0,2026-09-15
GKENERGY,EQ,15-Sep-2026,127.85,127.71,127.85,122.28,123.57,220707,276.46,2985,135478.0,61.38,2026-09-15
GKSL,EQ,15-Sep-2026,171.09,170.7,183.05,170.0,173.6,852318,1506.21,9073,252635.0,29.64,2026-09-15
GKWLIMITED,EQ,15-Sep-2026,1584.8,1589.8,1599.0,1551.0,1554.0,423,6.6,43,358.0,84.63,2026-09-15
GLAND,EQ,15-Sep-2026,2922.3,2930.0,2940.0,2856.9,2895.5,497958,14417.93,47249,305756.0,61.4,2026-09-15
GLAXO,EQ,15-Sep-2026,2828.4,2814.9,2840.8,2775.8,2818.9,39814,1117.83,7175,21054.0,52.88,2026-09-15
GLENMARK,EQ,15-Sep-2026,2419.2,2420.8,2429.8,2346.6,2371.7,275789,6574.83,30418,141296.0,51.23,2026-09-15
GLFL,EQ,15-Sep-2026,5.22,5.22,5.45,4.97,5.26,13041,0.68,38,11439.0,87.72,2026-09-15
GLOBAL,EQ,15-Sep-2026,126.91,128.0,128.09,123.11,126.23,86903,108.74,1064,51141.0,58.85,2026-09-15
GLOBALE,EQ,15-Sep-2026,11.38,11.49,11.89,11.01,11.7,2350,0.27,40,1193.0,50.77,2026-09-15
GLOBALPET,SM,15-Sep-2026,170.55,163.05,163.05,163.05,163.05,750,1.22,1,750.0,100.0,2026-09-15
GLOBALVECT,EQ,15-Sep-2026,132.17,136.0,136.0,129.0,129.84,7660,10.03,417,4920.0,64.23,2026-09-15
GLOBE,EQ,15-Sep-2026,1.81,1.81,1.85,1.76,1.76,241250,4.35,340,183831.0,76.2,2026-09-15
GLOBECIVIL,EQ,15-Sep-2026,44.21,44.19,46.29,42.23,43.5,83670,36.96,1437,21442.0,25.63,2026-09-15
GLOBUSSPR,EQ,15-Sep-2026,839.75,839.9,843.55,810.25,820.55,116617,958.76,10274,59792.0,51.27,2026-09-15
GLOSTERLTD,EQ,15-Sep-2026,583.1,575.5,588.0,575.0,575.1,2489,14.34,91,2313.0,92.93,2026-09-15
GLOTTIS,EQ,15-Sep-2026,59.04,58.0,59.42,58.0,59.03,26442,15.61,372,22404.0,84.73,2026-09-15
GMBREW,EQ,15-Sep-2026,910.9,910.0,914.0,901.6,905.7,19543,177.24,1643,11704.0,59.89,2026-09-15
GMDCLTD,EQ,15-Sep-2026,575.35,577.0,580.0,552.0,553.45,947898,5313.98,28256,397889.0,41.98,2026-09-15
GMMPFAUDLR,EQ,15-Sep-2026,1307.9,1325.0,1384.8,1323.7,1348.0,1157001,15707.85,70256,475712.0,41.12,2026-09-15
GMRAIRPORT,EQ,15-Sep-2026,97.98,98.0,98.28,92.92,92.97,10370386,9783.15,70939,5988651.0,57.75,2026-09-15
GMRP&UI,EQ,15-Sep-2026,94.07,93.55,94.38,90.0,90.35,813767,749.71,7148,403675.0,49.61,2026-09-15
GNA,EQ,15-Sep-2026,551.1,555.0,555.0,527.25,532.6,183815,993.88,5828,104575.0,56.89,2026-09-15
GNFC,EQ,15-Sep-2026,562.4,564.2,564.3,540.0,540.6,486266,2665.93,12409,315361.0,64.85,2026-09-15
GNRL,EQ,15-Sep-2026,104.29,104.79,104.8,101.9,102.54,76246,78.52,1545,41106.0,53.91,2026-09-15
GOACARBON,EQ,15-Sep-2026,413.4,415.0,418.0,382.2,384.9,48024,190.99,2193,20697.0,43.1,2026-09-15
GOCLCORP,EQ,15-Sep-2026,441.55,444.15,448.0,432.05,435.65,209907,923.62,6810,91391.0,43.54,2026-09-15
GOCOLORS,EQ,15-Sep-2026,324.75,325.05,328.05,301.25,304.9,186618,581.11,5180,94665.0,50.73,2026-09-15
GODAVARIB,EQ,15-Sep-2026,233.65,233.65,236.89,225.02,226.63,65919,151.72,2416,42225.0,64.06,2026-09-15
GODFRYPHLP,EQ,15-Sep-2026,1927.0,1931.0,1957.0,1900.0,1915.0,153558,2959.32,12516,49299.0,32.1,2026-09-15
GODIGIT,EQ,15-Sep-2026,256.2,257.4,257.4,251.0,251.5,89335,225.24,3997,38862.0,43.5,2026-09-15
GODREJAGRO,EQ,15-Sep-2026,675.85,679.05,683.0,643.0,645.3,210484,1399.13,12642,98871.0,46.97,2026-09-15
GODREJCP,EQ,15-Sep-2026,865.0,867.0,877.0,856.6,857.0,1176819,10222.2,25602,686620.0,58.35,2026-09-15
GODREJIND,EQ,15-Sep-2026,1126.8,1126.7,1137.8,1100.1,1104.0,51244,570.64,6877,20908.0,40.8,2026-09-15
GODREJPROP,EQ,15-Sep-2026,1748.0,1754.0,1759.7,1657.4,1659.3,1071741,18074.28,49572,417593.0,38.96,2026-09-15
GOKEX,EQ,15-Sep-2026,785.5,784.25,785.3,738.55,743.3,222959,1687.96,19038,112396.0,50.41,2026-09-15
GOKUL,EQ,15-Sep-2026,42.03,42.03,42.03,39.51,39.92,194895,80.39,1277,57528.0,29.52,2026-09-15
GOKULAGRO,EQ,15-Sep-2026,226.76,226.18,226.89,218.0,218.69,250526,555.95,7448,143640.0,57.34,2026-09-15
GOLD1,EQ,15-Sep-2026,126.19,126.15,126.15,124.46,124.66,2132188,2667.14,10989,1406369.0,65.96,2026-09-15
GOLD360,EQ,15-Sep-2026,147.8,147.7,147.7,145.7,145.8,13408,19.61,384,7856.0,58.59,2026-09-15
GOLDADD,EQ,15-Sep-2026,14.71,14.71,14.71,14.5,14.5,4200093,612.11,10194,2695779.0,64.18,2026-09-15
GOLDAXIS,EQ,15-Sep-2026,125.93,125.9,125.9,124.16,124.35,3738148,4671.8,5429,2912542.0,77.91,2026-09-15
GOLDBEES,EQ,15-Sep-2026,125.12,124.8,124.8,123.38,123.62,23136571,28686.64,148395,12184573.0,52.66,2026-09-15
GOLDBETA,EQ,15-Sep-2026,127.5,126.35,127.2,125.6,126.05,719783,908.31,3847,567628.0,78.86,2026-09-15
GOLDBND,EQ,15-Sep-2026,151.29,151.48,154.0,149.11,149.43,7270,10.89,324,3265.0,44.91,2026-09-15
GOLDCASE,EQ,15-Sep-2026,23.82,23.81,23.81,23.49,23.51,9637798,2275.64,18771,4463003.0,46.31,2026-09-15
GOLDENTOBC,BZ,15-Sep-2026,25.49,25.0,25.4,24.22,25.0,732,0.18,24,,,2026-09-15
GOLDETF,EQ,15-Sep-2026,147.2,147.01,147.01,145.16,145.49,1698626,2479.58,11567,843304.0,49.65,2026-09-15
GOLDIAM,EQ,15-Sep-2026,325.0,329.0,340.9,322.0,324.15,797777,2654.86,17549,256367.0,32.14,2026-09-15
GOLDIETF,EQ,15-Sep-2026,129.63,129.62,129.62,127.8,127.94,6488971,8334.81,58540,3679012.0,56.7,2026-09-15
GOLDSTAR,SM,15-Sep-2026,8.2,8.6,8.6,8.0,8.2,135000,11.42,12,123750.0,91.67,2026-09-15
GOLDTECH,BE,15-Sep-2026,45.0,44.97,44.97,42.75,42.75,33127,14.28,159,,,2026-09-15
GOODLUCK,EQ,15-Sep-2026,516.85,520.0,528.7,513.35,519.15,708900,3692.36,24519,292033.0,41.2,2026-09-15
GOODYEAR,EQ,15-Sep-2026,722.05,722.5,726.95,709.8,712.95,2756,19.72,395,2048.0,74.31,2026-09-15
GOPAL,EQ,15-Sep-2026,257.35,256.25,259.95,248.1,249.3,99187,249.66,5471,67083.0,67.63,2026-09-15
GOYALALUM,EQ,15-Sep-2026,6.01,5.82,5.99,5.81,5.93,79378,4.68,478,53594.0,67.52,2026-09-15
GPECO,SM,15-Sep-2026,411.6,406.95,406.95,395.0,398.8,9400,37.61,42,7800.0,82.98,2026-09-15
GPIL,EQ,15-Sep-2026,244.45,244.95,245.51,235.2,237.16,1827411,4356.1,25872,945072.0,51.72,2026-09-15
GPPL,EQ,15-Sep-2026,161.32,162.5,165.5,160.8,161.18,3555183,5812.66,44937,1758947.0,49.48,2026-09-15
GPTHEALTH,EQ,15-Sep-2026,159.38,158.2,161.26,155.0,159.45,140502,222.53,2992,66423.0,47.28,2026-09-15
GPTINFRA,EQ,15-Sep-2026,112.21,113.0,113.24,109.25,111.72,131226,145.79,1937,67346.0,51.32,2026-09-15
GRADIENTE,EQ,15-Sep-2026,2.51,2.54,2.62,2.4,2.46,732804,18.36,369,398566.0,54.39,2026-09-15
GRANDOAK,EQ,15-Sep-2026,35.16,35.5,36.8,33.41,34.89,6532,2.27,48,5069.0,77.6,2026-09-15
GRANULES,EQ,15-Sep-2026,909.3,917.0,923.65,872.5,872.6,2106282,18631.25,64730,1133539.0,53.82,2026-09-15
GRAPHISAD,SM,15-Sep-2026,26.0,26.0,26.1,25.3,25.3,18000,4.58,12,15600.0,86.67,2026-09-15
GRAPHITE,EQ,15-Sep-2026,825.8,825.5,830.0,776.05,781.5,1871773,15045.54,49108,667045.0,35.64,2026-09-15
GRASIM,EQ,15-Sep-2026,3281.9,3263.3,3272.0,3171.0,3171.0,1332882,42669.1,62025,834939.0,62.64,2026-09-15
GRAUWEIL,EQ,15-Sep-2026,75.6,75.6,77.0,72.8,73.08,415681,312.34,4490,216527.0,52.09,2026-09-15
GRAVISSHO,EQ,15-Sep-2026,42.7,46.15,46.97,45.7,46.97,129348,60.53,772,73809.0,57.06,2026-09-15
GRAVITA,EQ,15-Sep-2026,1668.2,1678.1,1690.8,1625.0,1639.0,126737,2083.21,14627,67435.0,53.21,2026-09-15
GREAVESCOT,EQ,15-Sep-2026,192.25,192.25,194.08,185.1,187.13,743150,1404.19,10579,395376.0,53.2,2026-09-15
GREENCHEF,SM,15-Sep-2026,69.5,69.5,73.5,69.0,69.75,32800,23.22,27,26400.0,80.49,2026-09-15
GREENLAM,EQ,15-Sep-2026,234.63,236.35,236.94,225.0,226.57,75209,172.96,2060,47421.0,63.05,2026-09-15
GREENLEAF,ST,15-Sep-2026,104.05,104.1,109.25,104.1,109.25,23000,25.07,13,21000.0,91.3,2026-09-15
GREENPANEL,EQ,15-Sep-2026,153.6,155.85,155.85,150.25,151.24,312484,477.83,6743,176041.0,56.34,2026-09-15
GREENPLY,EQ,15-Sep-2026,290.25,295.0,295.0,277.5,280.1,133626,382.85,3671,68655.0,51.38,2026-09-15
GREENPOWER,EQ,15-Sep-2026,9.31,9.31,9.36,8.88,9.09,2901357,264.91,6334,1540668.0,53.1,2026-09-15
GRETEX,SM,15-Sep-2026,215.0,210.0,225.0,210.0,225.0,1500,3.26,2,1500.0,100.0,2026-09-15
GRINDWELL,EQ,15-Sep-2026,1885.8,1876.4,1885.8,1813.6,1825.9,25743,473.87,9443,14969.0,58.15,2026-09-15
GRINFRA,EQ,15-Sep-2026,855.8,855.8,857.5,832.0,838.15,11367,95.8,2034,6285.0,55.29,2026-09-15
GRMOVER,EQ,15-Sep-2026,84.45,84.5,85.9,82.0,82.7,1030464,858.69,15036,240029.0,23.29,2026-09-15
GROBTEA,EQ,15-Sep-2026,945.85,946.9,969.0,940.0,941.7,29,0.27,8,28.0,96.55,2026-09-15
GROWW,EQ,15-Sep-2026,200.24,200.2,203.7,196.4,197.59,30383521,60879.8,272504,14327049.0,47.15,2026-09-15
GROWWCAPM,EQ,15-Sep-2026,11.28,11.28,11.39,11.06,11.1,363928,40.7,1385,276180.0,75.89,2026-09-15
GROWWCHEM,EQ,15-Sep-2026,29.87,30.47,30.47,28.84,29.24,61518,18.01,626,40645.0,66.07,2026-09-15
GROWWDEFNC,EQ,15-Sep-2026,97.41,97.41,97.7,91.54,91.97,976099,910.67,9213,568430.0,58.23,2026-09-15
GROWWEV,EQ,15-Sep-2026,31.91,31.66,32.87,31.01,31.48,410821,130.09,3863,284651.0,69.29,2026-09-15
GROWWGOLD,EQ,15-Sep-2026,14.78,14.78,14.78,14.57,14.6,1300210,190.67,5760,734686.0,56.51,2026-09-15
GROWWHOSPI,EQ,15-Sep-2026,52.32,52.58,52.78,51.75,51.92,451511,234.49,1307,387542.0,85.83,2026-09-15
GROWWLIQID,EQ,15-Sep-2026,110.74,110.76,110.76,110.75,110.75,665002,736.51,384,454458.0,68.34,2026-09-15
GROWWLOVOL,EQ,15-Sep-2026,10.15,9.95,10.33,9.95,10.11,13459,1.36,207,6468.0,48.06,2026-09-15
GROWWMC150,EQ,15-Sep-2026,228.18,226.11,230.46,224.15,226.5,1163,2.64,60,1021.0,87.79,2026-09-15
GROWWMETAL,EQ,15-Sep-2026,12.45,12.46,12.64,12.1,12.14,481451,58.89,2589,281328.0,58.43,2026-09-15
GROWWMOM50,EQ,15-Sep-2026,11.02,11.14,11.14,10.62,10.65,325305,35.05,1133,265471.0,81.61,2026-09-15
GROWWN200,EQ,15-Sep-2026,11.13,11.4,11.4,10.91,10.92,47350,5.21,433,24617.0,51.99,2026-09-15
GROWWNET,EQ,15-Sep-2026,10.96,11.18,11.18,10.59,10.7,698152,75.5,1223,549477.0,78.7,2026-09-15
GROWWNIFTY,EQ,15-Sep-2026,9.49,9.52,9.65,9.35,9.41,1309024,123.68,6074,917047.0,70.06,2026-09-15
GROWWNXT50,EQ,15-Sep-2026,71.83,71.83,72.58,70.61,71.8,10799,7.7,193,5251.0,48.62,2026-09-15
GROWWPOWER,EQ,15-Sep-2026,11.36,11.59,11.59,10.98,11.02,3180372,353.13,6307,2210809.0,69.51,2026-09-15
GROWWPSE,EQ,15-Sep-2026,98.28,96.31,99.0,95.7,96.11,6296,6.08,182,4693.0,74.54,2026-09-15
GROWWPSUBK,EQ,15-Sep-2026,84.03,84.78,84.78,81.73,82.08,11159,9.24,199,5905.0,52.92,2026-09-15
GROWWRAIL,EQ,15-Sep-2026,27.32,27.58,27.58,26.71,26.86,1062100,286.58,4424,905124.0,85.22,2026-09-15
GROWWRLTY,EQ,15-Sep-2026,9.53,9.69,9.69,9.16,9.22,1423895,132.74,1702,1215942.0,85.4,2026-09-15
GROWWSC250,EQ,15-Sep-2026,10.64,10.69,10.72,10.36,10.38,240576,25.18,1139,199076.0,82.75,2026-09-15
GROWWSLVR,EQ,15-Sep-2026,22.2,22.03,22.21,21.92,22.0,1709364,377.27,3710,538154.0,31.48,2026-09-15
GRPLTD,EQ,15-Sep-2026,1925.1,1925.1,2050.0,1925.1,2046.2,20058,404.62,804,16432.0,81.92,2026-09-15
GRSE,EQ,15-Sep-2026,2427.5,2434.5,2437.6,2350.0,2358.8,270785,6442.02,26926,133895.0,49.45,2026-09-15
GRWRHITECH,EQ,15-Sep-2026,6921.5,6921.0,6930.0,6566.0,6603.5,31955,2142.73,9971,13501.0,42.25,2026-09-15
GSEC10ABSL,EQ,15-Sep-2026,113.03,112.75,112.75,112.59,112.59,6,0.01,2,6.0,100.0,2026-09-15
GSEC10ADD,EQ,15-Sep-2026,27.0,27.0,27.0,24.32,26.3,519,0.14,14,507.0,97.69,2026-09-15
GSEC10IETF,EQ,15-Sep-2026,262.33,263.64,263.64,263.0,263.08,387,1.02,7,387.0,100.0,2026-09-15
GSEC10YEAR,EQ,15-Sep-2026,30.49,30.34,30.46,29.99,30.05,1000,0.3,31,786.0,78.6,2026-09-15
GSEC5IETF,EQ,15-Sep-2026,66.26,66.52,66.58,65.85,65.85,18951,12.52,48,10000.0,52.77,2026-09-15
GSFC,EQ,15-Sep-2026,155.95,155.8,156.5,150.85,151.55,1068484,1634.07,12937,593985.0,55.59,2026-09-15
GSLSU,EQ,15-Sep-2026,28.25,28.98,29.66,27.71,28.0,84868,24.39,888,53089.0,62.55,2026-09-15
GSMFOILS,SM,15-Sep-2026,86.1,81.8,85.9,81.8,81.8,738500,609.17,859,374000.0,50.64,2026-09-15
GSPCROP,EQ,15-Sep-2026,471.25,471.25,486.45,465.0,472.35,389136,1854.66,10238,67053.0,17.23,2026-09-15
GSS,EQ,15-Sep-2026,10.19,10.48,10.48,9.96,10.22,64657,6.62,345,50280.0,77.76,2026-09-15
GSTL,SM,15-Sep-2026,10.95,10.45,10.45,10.45,10.45,4000,0.42,4,4000.0,100.0,2026-09-15
GTECJAINX,EQ,15-Sep-2026,26.65,24.8,29.31,24.8,29.31,20231,5.62,111,12309.0,60.84,2026-09-15
GTL,EQ,15-Sep-2026,7.24,7.24,7.24,7.07,7.08,147661,10.57,621,91487.0,61.96,2026-09-15
GTLINFRA,EQ,15-Sep-2026,1.16,1.16,1.17,1.12,1.13,39824241,456.47,13345,18714756.0,46.99,2026-09-15
GTPL,EQ,15-Sep-2026,59.81,60.7,60.7,57.3,57.83,88762,52.37,1176,73468.0,82.77,2026-09-15
GUFICBIO,EQ,15-Sep-2026,425.1,425.0,431.9,418.0,425.1,60589,257.89,3084,36771.0,60.69,2026-09-15
GUJALKALI,EQ,15-Sep-2026,705.0,710.15,727.5,681.3,692.7,138916,978.21,10289,57761.0,41.58,2026-09-15
GUJAPOLLO,EQ,15-Sep-2026,348.1,340.25,346.4,334.75,340.85,126274,429.81,638,93747.0,74.24,2026-09-15
GUJENERGY,EQ,15-Sep-2026,241.59,241.98,246.8,241.98,243.56,1350191,3306.6,40361,727570.0,53.89,2026-09-15
GUJRAFFIA,EQ,15-Sep-2026,41.72,41.72,41.9,40.1,40.26,607,0.25,22,392.0,64.58,2026-09-15
GUJTHEM,EQ,15-Sep-2026,422.65,424.8,438.45,417.0,430.45,668088,2849.73,15821,313270.0,46.89,2026-09-15
GULFOILLUB,EQ,15-Sep-2026,1060.7,1060.7,1079.0,1051.1,1057.3,43293,460.66,8085,21476.0,49.61,2026-09-15
GULFPETRO,BE,15-Sep-2026,64.08,64.08,64.45,60.88,61.01,139260,85.77,392,,,2026-09-15
GULPOLY,EQ,15-Sep-2026,174.84,175.98,176.0,169.2,170.03,150847,258.52,2938,83210.0,55.16,2026-09-15
GURUNANAK,SM,15-Sep-2026,38.05,36.15,37.0,36.15,37.0,8000,2.91,5,8000.0,100.0,2026-09-15
GVKPIL,BE,15-Sep-2026,2.25,2.29,2.29,2.29,2.29,179050,4.1,238,,,2026-09-15
GVPIL,EQ,15-Sep-2026,652.65,648.0,656.95,620.05,620.05,211646,1340.54,6776,118530.0,56.0,2026-09-15
GVPTECH,BE,15-Sep-2026,7.82,7.81,8.0,7.5,7.57,55164,4.23,198,,,2026-09-15
GVT&D,EQ,15-Sep-2026,4548.1,4520.0,4520.0,4191.6,4246.9,1106490,47626.26,97820,500736.0,45.25,2026-09-15
GYFTR,EQ,15-Sep-2026,175.73,175.0,182.5,174.3,178.62,26808,47.56,454,18171.0,67.78,2026-09-15
HAL,EQ,15-Sep-2026,4905.0,4920.0,4940.0,4674.0,4695.0,809202,38502.97,68013,391901.0,48.43,2026-09-15
HALDER,EQ,15-Sep-2026,276.15,286.15,288.55,257.0,265.9,20914,59.52,172,5080.0,24.29,2026-09-15
HALDYNGL,BE,15-Sep-2026,145.7,146.0,149.79,140.25,141.68,39743,57.01,327,,,2026-09-15
HALEOSLABS,EQ,15-Sep-2026,1462.5,1475.4,1496.0,1470.0,1488.9,1964,29.28,134,1530.0,77.9,2026-09-15
HAMPTON,EQ,15-Sep-2026,8.05,8.1,8.38,7.33,7.95,363072,30.23,114,357413.0,98.44,2026-09-15
HAPPSTMNDS,EQ,15-Sep-2026,332.35,336.05,343.7,324.1,325.6,1167686,3903.78,28457,356959.0,30.57,2026-09-15
HAPPY,SM,15-Sep-2026,88.95,89.95,90.0,84.2,84.2,52000,45.15,22,32000.0,61.54,2026-09-15
HAPPYFORGE,EQ,15-Sep-2026,2169.0,2171.0,2186.9,2060.6,2074.3,75023,1580.42,12623,49086.0,65.43,2026-09-15
HARDWYN,EQ,15-Sep-2026,9.16,9.23,9.25,8.81,9.06,3135827,284.96,1135,2527113.0,80.59,2026-09-15
HARIOMPIPE,EQ,15-Sep-2026,359.2,355.95,358.95,348.5,351.6,64036,226.29,3708,36994.0,57.77,2026-09-15
HARRMALAYA,EQ,15-Sep-2026,185.81,185.81,190.19,180.0,182.6,9460,17.42,540,5803.0,61.34,2026-09-15
HARSHA,EQ,15-Sep-2026,445.0,446.0,451.95,423.3,424.7,103103,446.48,5370,59233.0,57.45,2026-09-15
HATHWAY,EQ,15-Sep-2026,10.23,10.25,10.25,9.8,9.95,1951309,196.08,3488,936061.0,47.97,2026-09-15
HATSUN,EQ,15-Sep-2026,1224.4,1207.2,1349.7,1207.2,1275.0,874664,11346.97,63939,105691.0,12.08,2026-09-15
HAVELLS,EQ,15-Sep-2026,1111.0,1117.0,1117.0,1081.1,1087.0,1017899,11119.26,44878,570509.0,56.05,2026-09-15
HAVISHA,EQ,15-Sep-2026,1.34,1.36,1.36,1.3,1.31,8098,0.11,87,7172.0,88.57,2026-09-15
HAWKINCOOK,EQ,15-Sep-2026,8411.5,8455.5,8484.0,8250.0,8381.5,2478,206.96,864,1292.0,52.14,2026-09-15
HAZOOR,EQ,15-Sep-2026,19.22,19.02,19.51,18.5,18.74,297628,56.35,829,173696.0,58.36,2026-09-15
HBESD,EQ,15-Sep-2026,72.99,73.0,73.01,60.51,71.5,650,0.45,45,526.0,80.92,2026-09-15
HBLENGINE,EQ,15-Sep-2026,722.2,725.0,725.2,706.0,720.15,1095218,7859.11,32106,597758.0,54.58,2026-09-15
HBPOR,EQ,15-Sep-2026,59.99,62.8,62.8,59.6,59.99,1364,0.82,39,1346.0,98.68,2026-09-15
HBSL,EQ,15-Sep-2026,52.91,52.65,54.63,51.6,52.85,348,0.18,44,289.0,83.05,2026-09-15
HCC,EQ,15-Sep-2026,22.73,22.95,22.95,21.25,21.32,20566631,4497.13,31498,8684258.0,42.22,2026-09-15
HCG,EQ,15-Sep-2026,693.9,693.9,699.8,675.45,678.3,69865,477.07,5661,32518.0,46.54,2026-09-15
HCL-INSYS,EQ,15-Sep-2026,10.07,10.01,10.47,10.0,10.01,219639,22.27,936,149488.0,68.06,2026-09-15
HCLTECH,EQ,15-Sep-2026,1206.1,1252.0,1290.0,1250.0,1253.7,4443984,56646.9,134519,1375726.0,30.96,2026-09-15
HDBFS,EQ,15-Sep-2026,669.2,670.05,675.0,662.4,664.7,220611,1475.32,17616,138781.0,62.91,2026-09-15
HDFCAMC,EQ,15-Sep-2026,2403.9,2416.9,2423.9,2385.0,2409.0,652383,15671.17,62225,421588.0,64.62,2026-09-15
HDFCBANK,EQ,15-Sep-2026,708.25,722.4,730.75,715.05,716.55,50387632,364186.45,511980,27250373.0,54.08,2026-09-15
HDFCBSE500,EQ,15-Sep-2026,36.89,36.89,37.18,36.07,36.33,722175,264.47,493,684792.0,94.82,2026-09-15
HDFCGOLD,EQ,15-Sep-2026,129.37,129.33,129.33,127.59,127.88,4525096,5797.04,15011,2623499.0,57.98,2026-09-15
HDFCGROWTH,EQ,15-Sep-2026,115.87,115.87,117.16,115.3,115.75,6778,7.87,172,3029.0,44.69,2026-09-15
HDFCLIFE,EQ,15-Sep-2026,530.0,530.0,530.65,516.1,516.1,4844755,25349.49,86634,3252846.0,67.14,2026-09-15
HDFCLIQUID,EQ,15-Sep-2026,1077.78,1077.91,1077.93,1077.91,1077.91,35033,377.63,63,27313.0,77.96,2026-09-15
HDFCLOWVOL,EQ,15-Sep-2026,20.01,20.1,20.12,19.82,19.87,16438,3.27,109,15116.0,91.96,2026-09-15
HDFCMID150,EQ,15-Sep-2026,23.13,23.33,23.33,22.63,22.71,1419493,325.03,2659,625622.0,44.07,2026-09-15
HDFCMOMENT,EQ,15-Sep-2026,30.91,30.92,31.07,29.96,30.05,317341,96.3,1710,173791.0,54.76,2026-09-15
HDFCNEXT50,EQ,15-Sep-2026,73.91,73.91,74.26,72.01,72.18,160026,116.45,1443,100934.0,63.07,2026-09-15
HDFCNIF100,EQ,15-Sep-2026,25.44,25.44,25.66,25.1,25.18,114491,29.0,594,48153.0,42.06,2026-09-15
HDFCNIFBAN,EQ,15-Sep-2026,58.33,58.25,58.54,57.54,57.69,81621,47.28,749,38498.0,47.17,2026-09-15
HDFCNIFIT,EQ,15-Sep-2026,31.01,31.9,32.49,31.3,31.64,358822,114.5,548,254527.0,70.93,2026-09-15
HDFCNIFTY,EQ,15-Sep-2026,263.79,257.19,266.79,257.19,261.49,1811012,4749.58,3491,1613569.0,89.1,2026-09-15
HDFCNIMEG,EQ,15-Sep-2026,130.37,130.37,143.4,126.5,136.31,4153,5.35,123,2278.0,54.85,2026-09-15
HDFCPSUBK,EQ,15-Sep-2026,84.27,85.07,85.08,82.2,82.65,26997,22.49,472,14221.0,52.68,2026-09-15
HDFCPVTBAN,EQ,15-Sep-2026,27.94,28.63,28.63,27.7,27.76,63514,17.7,558,49997.0,78.72,2026-09-15
HDFCQUAL,EQ,15-Sep-2026,57.43,57.98,57.98,56.5,56.56,17570,10.02,146,7931.0,45.14,2026-09-15
HDFCSENSEX,EQ,15-Sep-2026,85.32,85.03,86.3,84.25,84.58,134553,114.01,1291,110241.0,81.93,2026-09-15
HDFCSILVER,EQ,15-Sep-2026,216.48,216.45,216.45,213.72,214.48,3464974,7449.17,13377,1544949.0,44.59,2026-09-15
HDFCSML250,EQ,15-Sep-2026,185.17,186.62,186.62,180.4,180.83,3283413,5985.67,38142,2434912.0,74.16,2026-09-15
HDFCVALUE,EQ,15-Sep-2026,122.49,123.1,123.25,120.89,121.73,10278,12.55,153,5491.0,53.42,2026-09-15
HDIL,BZ,15-Sep-2026,1.47,1.5,1.51,1.45,1.49,107732,1.6,279,,,2026-09-15
HEADSUP,EQ,15-Sep-2026,6.99,7.15,7.45,6.88,6.98,7511,0.53,118,6517.0,86.77,2026-09-15
HEALTHADD,EQ,15-Sep-2026,16.68,16.5,16.76,16.45,16.5,66843,11.03,126,62842.0,94.01,2026-09-15
HEALTHAXIS,EQ,15-Sep-2026,168.42,168.42,170.7,166.0,166.4,3445,5.74,145,2104.0,61.07,2026-09-15
HEALTHCARE,EQ,15-Sep-2026,21.71,22.14,22.14,21.38,21.39,50176,10.8,408,29981.0,59.75,2026-09-15
HEALTHIETF,EQ,15-Sep-2026,169.67,169.67,171.37,167.5,167.86,136608,230.13,2276,70002.0,51.24,2026-09-15
HEALTHX,EQ,15-Sep-2026,308.15,309.0,309.0,301.0,305.55,1370,4.16,43,1207.0,88.1,2026-09-15
HEALTHY,EQ,15-Sep-2026,16.96,16.72,17.54,16.72,16.84,239809,40.54,1671,145046.0,60.48,2026-09-15
HECPROJECT,EQ,15-Sep-2026,119.04,121.49,121.49,116.31,117.53,3554,4.22,98,2887.0,81.23,2026-09-15
HEG,BE,15-Sep-2026,237.2,225.35,229.35,225.35,225.35,1510389,3404.54,8279,,,2026-09-15
HEIDELBERG,EQ,15-Sep-2026,149.8,153.5,154.0,145.1,145.97,283324,421.98,3996,103015.0,36.36,2026-09-15
HEMIPROP,EQ,15-Sep-2026,120.62,122.55,122.97,116.2,117.18,524451,620.0,5740,247063.0,47.11,2026-09-15
HERANBA,EQ,15-Sep-2026,171.58,172.43,173.79,165.0,165.95,25094,42.13,1471,11895.0,47.4,2026-09-15
HERITGFOOD,EQ,15-Sep-2026,417.4,419.5,419.95,391.3,393.85,572936,2316.23,18907,229473.0,40.05,2026-09-15
HEROMOTOCO,EQ,15-Sep-2026,5221.5,5287.5,5327.5,5166.0,5166.0,666103,35047.88,51649,383983.0,57.65,2026-09-15
HESTERBIO,EQ,15-Sep-2026,2264.9,2271.0,2299.0,2151.5,2171.8,4443,98.36,952,2213.0,49.81,2026-09-15
HEXAGON,BE,15-Sep-2026,67.99,68.98,69.0,64.31,64.54,140022,91.98,626,,,2026-09-15
HEXATRADEX,EQ,15-Sep-2026,155.81,156.26,158.5,155.99,156.06,5215,8.14,54,4866.0,93.31,2026-09-15
HEXT,EQ,15-Sep-2026,497.05,497.75,527.2,497.75,517.5,441056,2288.99,26504,109365.0,24.8,2026-09-15
HFCL,BE,15-Sep-2026,233.69,230.5,234.7,222.01,222.01,5197660,11695.37,42559,,,2026-09-15
HGINFRA,EQ,15-Sep-2026,484.0,484.0,484.0,471.0,471.8,46258,219.74,3060,29628.0,64.05,2026-09-15
HGM,EQ,15-Sep-2026,48.68,48.49,48.49,45.99,46.77,5577,2.63,104,5317.0,95.34,2026-09-15
HGS,EQ,15-Sep-2026,381.45,381.45,391.5,380.05,381.6,8605,33.12,623,5345.0,62.12,2026-09-15
HIGREEN,SM,15-Sep-2026,120.15,119.3,125.7,119.3,121.5,13600,16.79,17,9600.0,70.59,2026-09-15
HIKAL,EQ,15-Sep-2026,224.95,227.87,227.87,210.15,212.22,851825,1850.54,21184,359891.0,42.25,2026-09-15
HILINFRA,EQ,15-Sep-2026,41.53,41.04,45.5,40.1,43.6,189762,79.34,2074,63584.0,33.51,2026-09-15
HILTON,EQ,15-Sep-2026,18.06,17.71,18.29,17.16,17.29,144053,25.34,563,104335.0,72.43,2026-09-15
HIMATSEIDE,EQ,15-Sep-2026,67.83,67.99,68.21,64.81,65.12,571755,377.69,5094,377116.0,65.96,2026-09-15
HINDADH,EQ,15-Sep-2026,369.1,369.1,376.0,354.1,371.95,5611,20.81,158,5245.0,93.48,2026-09-15
HINDALCO,EQ,15-Sep-2026,981.5,980.1,981.0,958.7,958.7,2245506,21748.83,92323,1269156.0,56.52,2026-09-15
HINDALUMI,EQ,15-Sep-2026,96.18,98.0,98.99,93.46,95.09,2235,2.14,148,1495.0,66.89,2026-09-15
HINDCOMPOS,EQ,15-Sep-2026,376.45,376.1,385.9,372.55,379.45,2565,9.74,219,1982.0,77.27,2026-09-15
HINDCON,EQ,15-Sep-2026,24.09,23.2,24.5,23.2,23.74,23558,5.66,219,18897.0,80.21,2026-09-15
HINDCOPPER,EQ,15-Sep-2026,514.5,513.95,513.95,490.55,492.1,6982438,34906.76,141993,3605965.0,51.64,2026-09-15
HINDOILEXP,EQ,15-Sep-2026,185.22,185.5,186.3,174.01,175.72,844381,1516.67,12344,392975.0,46.54,2026-09-15
HINDPETRO,EQ,15-Sep-2026,352.0,352.65,355.2,344.2,345.3,2494296,8721.02,36050,1121476.0,44.96,2026-09-15
HINDUNILVR,EQ,15-Sep-2026,1927.0,1944.0,1969.4,1933.8,1938.1,1715702,33556.46,59743,1014913.0,59.15,2026-09-15
HINDWAREAP,EQ,15-Sep-2026,178.4,178.96,181.29,174.0,174.42,75927,134.53,2827,39182.0,51.6,2026-09-15
HINDZINC,EQ,15-Sep-2026,576.45,574.95,574.95,560.9,560.9,2402454,13628.55,64983,1396193.0,58.12,2026-09-15
HIRECT,EQ,15-Sep-2026,1245.4,1252.7,1255.0,1191.0,1204.9,59699,729.03,6158,30119.0,50.45,2026-09-15
HISARMETAL,EQ,15-Sep-2026,157.2,157.2,158.9,153.22,155.53,327,0.51,36,259.0,79.2,2026-09-15
HITECH,EQ,15-Sep-2026,76.39,76.77,77.0,73.23,73.61,553825,413.42,5549,335487.0,60.58,2026-09-15
HITECHCORP,BE,15-Sep-2026,334.5,336.15,339.0,325.1,327.9,8272,27.35,66,,,2026-09-15
HITECHGEAR,BE,15-Sep-2026,567.45,572.0,572.0,545.0,551.8,1883,10.38,59,,,2026-09-15
HLEGLAS,EQ,15-Sep-2026,404.35,415.0,429.8,388.9,395.4,745010,3064.96,30046,228768.0,30.71,2026-09-15
HLVLTD,EQ,15-Sep-2026,6.38,6.4,6.55,6.22,6.26,150511,9.54,586,119667.0,79.51,2026-09-15
HMAAGRO,EQ,15-Sep-2026,20.07,20.08,24.05,19.99,23.41,35613186,8261.67,92216,7985931.0,22.42,2026-09-15
HMT,BZ,15-Sep-2026,63.36,62.5,63.49,61.0,61.09,10848,6.72,139,,,2026-09-15
HMVL,BE,15-Sep-2026,79.9,79.1,81.7,77.75,78.03,2537,1.99,73,,,2026-09-15
HNDFDS,EQ,15-Sep-2026,618.7,618.4,620.0,595.0,598.15,67519,409.04,5553,37438.0,55.45,2026-09-15
HNGSNGBEES,EQ,15-Sep-2026,463.91,469.55,471.01,462.81,465.43,115384,539.22,5995,73930.0,64.07,2026-09-15
HOACFOODS,ST,15-Sep-2026,913.2,913.1,913.1,894.95,894.95,4875,43.9,12,4875.0,100.0,2026-09-15
HOLMARC,SM,15-Sep-2026,108.7,109.2,114.1,109.0,114.1,21750,24.68,13,21750.0,100.0,2026-09-15
HOMEFIRST,EQ,15-Sep-2026,1184.5,1184.4,1194.9,1170.8,1175.3,137211,1617.31,14614,93618.0,68.23,2026-09-15
HONASA,EQ,15-Sep-2026,471.15,471.15,476.2,455.15,457.25,707821,3281.27,25195,408549.0,57.72,2026-09-15
HONAUT,EQ,15-Sep-2026,34580.0,34590.0,34870.0,33500.0,33595.0,2651,899.9,1982,1289.0,48.62,2026-09-15
HONDAPOWER,EQ,15-Sep-2026,1953.0,1966.9,1979.9,1904.5,1926.6,3003,58.2,454,2057.0,68.5,2026-09-15
HORIZONIND,EQ,15-Sep-2026,55.67,56.1,56.55,53.1,53.59,3996553,2185.67,13425,2434143.0,60.91,2026-09-15
HPAL,EQ,15-Sep-2026,37.91,38.0,38.65,35.0,35.41,64781,23.43,1522,40341.0,62.27,2026-09-15
HPIL,EQ,15-Sep-2026,123.87,124.48,124.48,118.5,119.77,353,0.43,24,349.0,98.87,2026-09-15
HPL,EQ,15-Sep-2026,292.0,292.0,294.0,282.0,283.2,76209,218.05,3455,45728.0,60.0,2026-09-15
HPTL,SM,15-Sep-2026,358.15,350.0,376.05,350.0,375.0,13200,48.74,22,10800.0,81.82,2026-09-15
HRHNEXT,SM,15-Sep-2026,23.65,24.45,24.45,24.4,24.4,16500,4.03,5,16500.0,100.0,2026-09-15
HRYNSHP,EQ,15-Sep-2026,100.84,100.1,101.0,95.99,96.38,1212,1.19,48,1159.0,95.63,2026-09-15
HSBCGOLD,EQ,15-Sep-2026,131.94,131.9,132.35,128.09,130.59,17672,23.08,158,10384.0,58.76,2026-09-15
HSCL,EQ,15-Sep-2026,664.9,665.0,667.4,632.5,637.25,7510515,48832.76,75233,1768479.0,23.55,2026-09-15
HTEL,BE,15-Sep-2026,85.6,83.6,86.45,81.32,81.32,1461646,1208.29,4537,,,2026-09-15
HTMEDIA,EQ,15-Sep-2026,24.92,25.36,25.49,22.81,23.55,254895,61.19,628,213065.0,83.59,2026-09-15
HUBTOWN,EQ,15-Sep-2026,181.21,182.28,182.28,172.2,173.18,309472,545.82,4173,195385.0,63.13,2026-09-15
HUDCO,EQ,15-Sep-2026,172.76,173.0,174.75,168.5,168.92,1454761,2479.8,27132,880314.0,60.51,2026-09-15
HUHTAMAKI,EQ,15-Sep-2026,254.4,258.0,258.0,239.45,242.15,241632,592.43,5217,131883.0,54.58,2026-09-15
HVAX,SM,15-Sep-2026,669.0,670.0,670.0,635.55,635.55,3750,24.09,10,3600.0,96.0,2026-09-15
HYBRIDETF,EQ,15-Sep-2026,10.04,10.04,10.04,9.85,9.86,94732,9.4,185,94674.0,99.94,2026-09-15
HYBRIDFIN,BE,15-Sep-2026,16.61,16.2,16.8,16.2,16.21,2859,0.47,26,,,2026-09-15
HYUNDAI,EQ,15-Sep-2026,2174.0,2187.9,2217.9,2130.5,2140.0,451786,9847.35,33770,178661.0,39.55,2026-09-15
IBLFL,SM,15-Sep-2026,61.0,61.0,61.2,61.0,61.2,4000,2.44,2,4000.0,100.0,2026-09-15
IBULLSLTD,EQ,15-Sep-2026,26.14,27.44,27.44,27.44,27.44,2593006,711.52,1849,2586956.0,99.77,2026-09-15
ICDSLTD,BE,15-Sep-2026,62.52,62.83,63.5,60.01,63.15,2403,1.49,32,,,2026-09-15
ICELCO,SM,15-Sep-2026,125.2,123.0,123.0,120.1,120.1,40800,49.23,29,30000.0,73.53,2026-09-15
ICEMAKE,EQ,15-Sep-2026,730.1,728.0,728.0,691.25,695.55,33055,233.75,2124,20936.0,63.34,2026-09-15
ICICIAMC,EQ,15-Sep-2026,3041.5,3021.7,3114.9,3021.7,3065.0,840166,25869.03,61053,520219.0,61.92,2026-09-15
ICICIB22,EQ,15-Sep-2026,113.16,115.42,115.42,111.14,111.33,463142,518.81,6924,261672.0,56.5,2026-09-15
ICICIBANK,EQ,15-Sep-2026,1379.3,1379.3,1390.0,1350.4,1350.4,10133488,137596.86,210192,6648943.0,65.61,2026-09-15
ICICIGI,EQ,15-Sep-2026,1459.8,1460.0,1463.0,1423.1,1427.7,951910,13676.3,34745,515035.0,54.11,2026-09-15
ICICIPRULI,EQ,15-Sep-2026,471.5,471.6,472.2,457.6,457.6,941756,4374.31,50150,544588.0,57.83,2026-09-15
ICIL,EQ,15-Sep-2026,443.25,443.25,444.35,423.1,427.1,281524,1225.17,13589,123218.0,43.77,2026-09-15
ICRA,EQ,15-Sep-2026,4728.9,4787.0,4787.0,4600.2,4643.3,17598,822.82,4305,9833.0,55.88,2026-09-15
IDBI,EQ,15-Sep-2026,83.43,84.0,88.53,82.69,82.95,50187288,43139.21,142330,16100301.0,32.08,2026-09-15
IDEA,EQ,15-Sep-2026,14.97,15.06,15.07,14.43,14.45,368743044,54138.87,428504,140168133.0,38.01,2026-09-15
IDEAFORGE,EQ,15-Sep-2026,733.95,733.9,740.25,702.3,704.25,238794,1709.62,19129,138243.0,57.89,2026-09-15
IDENTICAL,SM,15-Sep-2026,18.85,18.0,18.9,17.1,18.0,16000,2.87,8,8000.0,50.0,2026-09-15
IDFCFIRSTB,EQ,15-Sep-2026,86.21,86.56,86.65,84.8,84.8,25183922,21579.85,68446,15090849.0,59.92,2026-09-15
IDFNIFTYET,EQ,15-Sep-2026,258.6,258.6,262.6,255.55,256.87,1273,3.3,88,744.0,58.44,2026-09-15
IEML,ST,15-Sep-2026,40.45,41.55,42.45,40.85,41.2,86500,36.14,65,85000.0,98.27,2026-09-15
IEX,EQ,15-Sep-2026,113.88,113.88,114.24,111.82,112.0,5438969,6128.52,41894,2852281.0,52.44,2026-09-15
IFBAGRO,EQ,15-Sep-2026,884.45,898.0,898.0,859.0,861.1,2760,23.94,283,1927.0,69.82,2026-09-15
IFBIND,EQ,15-Sep-2026,1300.1,1310.7,1310.7,1255.0,1272.0,43228,551.04,5122,18339.0,42.42,2026-09-15
IFCI,EQ,15-Sep-2026,82.29,83.0,83.98,76.34,76.95,81195084,64014.3,201604,16181360.0,19.93,2026-09-15
IFGLEXPOR,EQ,15-Sep-2026,206.08,202.99,206.6,198.2,200.33,26283,53.24,967,13381.0,50.91,2026-09-15
IGARASHI,EQ,15-Sep-2026,414.3,414.9,476.9,411.0,437.05,13011373,59190.45,265188,503412.0,3.87,2026-09-15
IGCL,EQ,15-Sep-2026,67.61,67.99,67.99,62.63,65.59,238447,153.44,2715,91670.0,38.44,2026-09-15
IGIL,EQ,15-Sep-2026,314.3,320.0,323.6,312.25,313.1,503750,1597.06,26434,296474.0,58.85,2026-09-15
IGL,EQ,15-Sep-2026,151.98,151.98,152.42,149.0,150.03,1069089,1615.71,28957,663857.0,62.1,2026-09-15
IGPL,EQ,15-Sep-2026,547.05,544.4,547.0,516.4,525.25,69170,368.03,4668,37609.0,54.37,2026-09-15
IIFL,EQ,15-Sep-2026,600.6,599.0,599.0,573.3,581.05,2152091,12563.36,58307,997336.0,46.34,2026-09-15
IIFLCAPS,EQ,15-Sep-2026,339.05,340.0,340.4,335.45,336.5,305457,1030.79,8386,213838.0,70.01,2026-09-15
IITL,EQ,15-Sep-2026,149.01,148.27,155.0,147.02,148.84,96948,144.19,794,14835.0,15.3,2026-09-15
IKIO,EQ,15-Sep-2026,223.87,223.85,223.87,210.0,211.06,350513,755.16,7979,149172.0,42.56,2026-09-15
IKS,EQ,15-Sep-2026,1740.6,1762.8,1800.0,1747.0,1783.0,172263,3074.2,27334,92112.0,53.47,2026-09-15
IL&FSENGG,BZ,15-Sep-2026,38.54,38.54,39.98,37.5,39.17,25777,10.01,58,,,2026-09-15
IL&FSTRANS,BZ,15-Sep-2026,2.01,2.06,2.06,1.91,1.92,114199,2.24,96,,,2026-09-15
IMAGICAA,EQ,15-Sep-2026,52.33,52.35,52.68,50.05,50.43,686219,351.95,4180,359924.0,52.45,2026-09-15
IMFA,EQ,15-Sep-2026,1243.5,1245.0,1271.0,1215.0,1220.8,142336,1770.29,14719,62238.0,43.73,2026-09-15
IMPAL,EQ,15-Sep-2026,1113.2,1113.2,1120.5,1074.9,1077.8,2157,23.56,304,1512.0,70.1,2026-09-15
IMPEXFERRO,BZ,15-Sep-2026,5.18,5.28,5.28,5.28,5.28,83788,4.42,71,,,2026-09-15
INA,EQ,15-Sep-2026,92.98,90.0,90.81,84.78,86.93,1853188,1616.77,14108,767317.0,41.41,2026-09-15
INCREDIBLE,EQ,15-Sep-2026,33.58,34.25,34.5,31.57,33.46,3062,1.02,85,2111.0,68.94,2026-09-15
INDBANK,EQ,15-Sep-2026,27.64,27.64,28.19,26.53,26.71,37094,10.03,543,24549.0,66.18,2026-09-15
INDGN,EQ,15-Sep-2026,578.35,581.8,584.85,568.3,571.5,317962,1825.39,20544,187817.0,59.07,2026-09-15
INDHOTEL,EQ,15-Sep-2026,718.5,724.0,737.75,710.85,715.0,2423706,17589.82,42390,1190570.0,49.12,2026-09-15
INDIACEM,EQ,15-Sep-2026,346.9,346.0,347.5,333.0,336.0,61327,208.62,4706,30445.0,49.64,2026-09-15
INDIAGLYCO,BE,15-Sep-2026,294.9,290.0,291.8,280.2,280.2,52712,148.73,1209,,,2026-09-15
INDIAMART,EQ,15-Sep-2026,1695.0,1713.8,1713.8,1652.0,1659.5,56056,936.8,7708,27302.0,48.7,2026-09-15
INDIANB,EQ,15-Sep-2026,853.5,854.2,859.5,833.8,836.75,754029,6365.04,28271,444895.0,59.0,2026-09-15
INDIANCARD,EQ,15-Sep-2026,212.45,212.7,212.7,206.02,207.35,589,1.23,81,374.0,63.5,2026-09-15
INDIANHUME,EQ,15-Sep-2026,369.55,371.3,372.45,351.7,354.0,31542,113.82,1508,18579.0,58.9,2026-09-15
INDIASHLTR,EQ,15-Sep-2026,652.25,653.0,663.0,640.5,647.25,99067,645.43,12109,47382.0,47.83,2026-09-15
INDIGO,EQ,15-Sep-2026,4973.0,4955.5,4963.5,4773.0,4776.0,860472,41553.8,59691,442342.0,51.41,2026-09-15
INDIGOPNTS,EQ,15-Sep-2026,1089.3,1083.0,1090.9,1047.2,1061.9,62095,658.88,11936,29924.0,48.19,2026-09-15
INDIGRID,IV,15-Sep-2026,173.9,173.9,175.01,173.1,173.19,464327,805.77,8386,424532.0,91.43,2026-09-15
INDIQUBE,EQ,15-Sep-2026,202.87,205.91,205.91,197.62,199.43,30153,60.33,565,21073.0,69.89,2026-09-15
INDNIPPON,EQ,15-Sep-2026,1358.9,1358.9,1364.9,1261.6,1279.0,96043,1247.71,8579,40007.0,41.66,2026-09-15
INDOAMIN,BE,15-Sep-2026,126.92,126.92,127.4,122.11,122.67,29985,37.33,353,,,2026-09-15
INDOBORAX,EQ,15-Sep-2026,484.55,482.0,485.35,457.2,460.8,103157,483.0,5244,45264.0,43.88,2026-09-15
INDOCO,EQ,15-Sep-2026,263.02,263.02,265.92,238.5,241.39,354504,881.94,9676,135387.0,38.19,2026-09-15
INDOFARM,EQ,15-Sep-2026,141.66,142.0,142.01,135.1,136.07,72050,99.12,1987,34121.0,47.36,2026-09-15
INDOKEM,EQ,15-Sep-2026,613.85,644.0,644.0,596.0,611.7,3603,22.06,326,2339.0,64.92,2026-09-15
INDOMIM,EQ,15-Sep-2026,1018.2,1026.0,1026.0,960.1,975.65,1440023,14250.2,56087,557595.0,38.72,2026-09-15
INDORAMA,EQ,15-Sep-2026,86.5,90.0,96.5,81.56,82.81,4750924,4278.09,39425,1428271.0,30.06,2026-09-15
INDOSTAR,EQ,15-Sep-2026,244.38,243.16,246.19,230.15,233.07,94427,222.69,2316,49563.0,52.49,2026-09-15
INDOTECH,EQ,15-Sep-2026,3522.9,3522.9,3544.3,3346.8,3377.2,32734,1115.2,3149,19324.0,59.03,2026-09-15
INDOTHAI,EQ,15-Sep-2026,41.17,39.12,40.0,39.12,39.12,690854,270.35,1333,440253.0,63.73,2026-09-15
INDOUS,EQ,15-Sep-2026,78.24,79.9,81.0,76.0,78.29,2244,1.76,94,1869.0,83.29,2026-09-15
INDOWIND,EQ,15-Sep-2026,9.09,9.2,9.2,8.86,8.9,81422,7.36,501,63022.0,77.4,2026-09-15
INDPRUD,EQ,15-Sep-2026,6250.0,6260.0,6260.0,6080.0,6081.0,67,4.17,17,67.0,100.0,2026-09-15
INDRAMEDCO,EQ,15-Sep-2026,355.0,355.0,360.0,351.35,354.55,259219,921.32,9105,169419.0,65.36,2026-09-15
INDSWFTLAB,EQ,15-Sep-2026,385.35,394.45,394.6,376.0,378.75,366134,1398.28,7619,188852.0,51.58,2026-09-15
INDTERRAIN,EQ,15-Sep-2026,28.85,30.3,30.35,28.0,28.01,30326,8.57,322,26046.0,85.89,2026-09-15
INDUSINDBK,EQ,15-Sep-2026,978.2,978.2,984.5,955.0,956.5,1511601,14576.42,55410,889994.0,58.88,2026-09-15
INDUSINVIT,IV,15-Sep-2026,132.57,133.0,133.64,131.9,132.35,74876,99.13,4022,55836.0,74.57,2026-09-15
INDUSTOWER,EQ,15-Sep-2026,388.0,390.8,390.8,378.7,379.0,3807593,14610.7,56789,2221802.0,58.35,2026-09-15
INFINIUM,SM,15-Sep-2026,266.2,281.5,283.0,270.0,272.5,8500,23.47,17,7000.0,82.35,2026-09-15
INFLUX,SM,15-Sep-2026,270.95,263.35,279.95,226.0,258.9,49800,130.85,81,36000.0,72.29,2026-09-15
INFOBEAN,EQ,15-Sep-2026,154.01,154.22,161.75,152.15,153.13,416949,655.14,5373,119613.0,28.69,2026-09-15
INFOLLION,SM,15-Sep-2026,158.05,158.05,159.4,155.05,156.65,8400,13.22,17,6400.0,76.19,2026-09-15
INFOMEDIA,EQ,15-Sep-2026,5.2,5.11,5.43,5.11,5.18,2424,0.13,87,1916.0,79.04,2026-09-15
INFRA,EQ,15-Sep-2026,11.91,11.93,11.93,11.55,11.55,173654,20.33,538,113585.0,65.41,2026-09-15
INFRABEES,EQ,15-Sep-2026,943.65,938.93,948.37,920.0,925.85,14798,137.67,1344,9141.0,61.77,2026-09-15
INFRAIETF,EQ,15-Sep-2026,94.18,94.98,94.98,91.69,91.91,181412,167.39,6651,113694.0,62.67,2026-09-15
INFY,EQ,15-Sep-2026,1037.7,1085.0,1097.7,1071.7,1077.0,14816117,160546.81,246743,7570972.0,51.1,2026-09-15
INGERRAND,EQ,15-Sep-2026,4573.0,4551.6,4611.3,4301.4,4344.3,31530,1398.89,6175,14247.0,45.19,2026-09-15
INNOMET,ST,15-Sep-2026,283.0,283.0,288.65,277.35,288.65,70800,202.72,56,63600.0,89.83,2026-09-15
INNOVACAP,EQ,15-Sep-2026,1147.2,1147.2,1236.1,1125.2,1140.1,216521,2551.39,23042,52506.0,24.25,2026-09-15
INNOVANA,EQ,15-Sep-2026,327.0,334.0,336.35,303.0,306.1,29412,93.0,725,4909.0,16.69,2026-09-15
INNOVISION,EQ,15-Sep-2026,260.35,260.8,261.0,255.0,255.35,13741,35.4,776,7107.0,51.72,2026-09-15
INOXGREEN,EQ,15-Sep-2026,178.21,177.92,177.92,169.66,173.22,1508686,2613.14,11303,651383.0,43.18,2026-09-15
INOXINDIA,EQ,15-Sep-2026,2246.6,2250.0,2265.0,1982.0,1992.8,531067,10984.9,64629,237072.0,44.64,2026-09-15
INOXWIND,EQ,15-Sep-2026,76.5,76.88,76.94,73.72,74.35,9034365,6748.24,31232,3375775.0,37.37,2026-09-15
INSECTICID,EQ,15-Sep-2026,609.7,609.7,618.0,591.05,594.8,10796,64.66,900,6380.0,59.1,2026-09-15
INSPIRISYS,EQ,15-Sep-2026,85.43,84.05,88.0,81.35,81.78,5846,4.85,97,5263.0,90.03,2026-09-15
INSUREIETF,EQ,15-Sep-2026,14.76,14.76,14.77,14.39,14.48,646486,93.87,419,580961.0,89.86,2026-09-15
INTELLECT,EQ,15-Sep-2026,682.6,684.15,696.6,659.5,662.85,405465,2748.35,19597,187382.0,46.21,2026-09-15
INTENTECH,EQ,15-Sep-2026,78.53,78.0,80.28,77.01,77.76,8255,6.49,287,3213.0,38.92,2026-09-15
INTERARCH,EQ,15-Sep-2026,1728.2,1751.0,1751.0,1668.5,1684.3,49337,837.19,5741,32439.0,65.75,2026-09-15
INTERNET,EQ,15-Sep-2026,14.87,14.86,14.87,14.39,14.45,237631,34.8,580,124217.0,52.27,2026-09-15
INTLCONV,EQ,15-Sep-2026,78.27,78.8,79.8,75.2,76.04,38383,29.62,2124,23530.0,61.3,2026-09-15
INVENTURE,EQ,15-Sep-2026,0.92,0.93,0.93,0.91,0.91,357866,3.28,422,235435.0,65.79,2026-09-15
INVICTA,SM,15-Sep-2026,68.0,67.0,67.05,66.8,67.0,12800,8.57,7,8000.0,62.5,2026-09-15
INVPRECQ,BE,15-Sep-2026,1405.8,1377.7,1377.7,1377.7,1377.7,8851,121.94,64,,,2026-09-15
IOB,EQ,15-Sep-2026,33.07,33.24,33.3,32.12,32.38,2198392,717.46,13676,1079210.0,49.09,2026-09-15
IOC,EQ,15-Sep-2026,135.11,135.5,135.69,132.03,132.03,10870933,14539.56,62817,6853228.0,63.04,2026-09-15
IOLCP,EQ,15-Sep-2026,194.31,195.11,197.9,176.3,179.52,5315214,9807.23,58525,2261390.0,42.55,2026-09-15
IONEXCHANG,EQ,15-Sep-2026,445.7,446.85,457.2,430.0,432.0,401926,1779.5,19674,175152.0,43.58,2026-09-15
IPCALAB,EQ,15-Sep-2026,1968.5,1976.7,1995.9,1924.0,1932.4,274487,5362.45,41195,174308.0,63.5,2026-09-15
IPHL,SM,15-Sep-2026,75.5,73.65,73.65,71.0,71.25,16800,12.11,13,13200.0,78.57,2026-09-15
IPL,EQ,15-Sep-2026,133.69,134.1,134.28,132.01,132.68,99694,132.29,1586,60923.0,61.11,2026-09-15
IPRINGLTD,EQ,15-Sep-2026,145.87,142.1,145.0,136.0,137.02,1943,2.74,98,1608.0,82.76,2026-09-15
IRB,EQ,15-Sep-2026,19.64,19.83,19.83,19.08,19.18,9392762,1809.14,20153,4684704.0,49.88,2026-09-15
IRBINVIT,IV,15-Sep-2026,64.16,64.47,64.47,63.8,63.91,448609,287.03,5697,403077.0,89.85,2026-09-15
IRCON,EQ,15-Sep-2026,113.26,113.26,113.95,109.0,109.42,1868607,2078.42,33788,900767.0,48.21,2026-09-15
IRCTC,EQ,15-Sep-2026,462.9,464.0,466.55,457.0,458.55,660178,3042.46,34676,373681.0,56.6,2026-09-15
IREDA,EQ,15-Sep-2026,111.71,111.71,112.08,108.27,109.0,3982851,4379.6,35782,1896538.0,47.62,2026-09-15
IRFC,EQ,15-Sep-2026,81.09,81.09,81.87,79.0,79.15,8655447,6935.33,66490,4219871.0,48.75,2026-09-15
IRIS,EQ,15-Sep-2026,245.39,245.0,251.39,233.42,237.78,28017,67.72,1238,12139.0,43.33,2026-09-15
IRISDOREME,EQ,15-Sep-2026,61.47,61.89,62.42,57.21,58.09,514737,302.86,3213,299566.0,58.2,2026-09-15
IRMENERGY,EQ,15-Sep-2026,280.25,279.05,283.4,265.05,266.5,78878,214.4,3495,36007.0,45.65,2026-09-15
ISFT,EQ,15-Sep-2026,79.48,80.4,80.4,76.18,76.59,115249,89.52,1012,8295.0,7.2,2026-09-15
ISGEC,EQ,15-Sep-2026,795.95,801.8,801.8,770.0,773.85,33880,264.73,3630,19398.0,57.26,2026-09-15
ISHAN,SM,15-Sep-2026,0.5,0.5,0.5,0.5,0.5,528000,2.64,6,528000.0,100.0,2026-09-15
ISHANCH,EQ,15-Sep-2026,44.84,45.4,45.4,43.11,43.73,55167,24.44,174,52799.0,95.71,2026-09-15
ISTLTD,EQ,15-Sep-2026,662.2,662.2,662.2,635.0,661.2,311,2.01,42,236.0,75.88,2026-09-15
IT,EQ,15-Sep-2026,32.13,32.77,33.85,32.43,32.85,995806,332.88,2115,319780.0,32.11,2026-09-15
ITADD,EQ,15-Sep-2026,30.75,31.7,32.28,31.35,31.44,131176,41.92,253,56479.0,43.06,2026-09-15
ITALIANE,SM,15-Sep-2026,31.0,31.0,31.0,31.0,31.0,2000,0.62,1,2000.0,100.0,2026-09-15
ITAXIS,EQ,15-Sep-2026,320.94,324.38,335.43,324.35,325.36,12083,40.04,112,7384.0,61.11,2026-09-15
ITBEES,EQ,15-Sep-2026,32.17,32.97,33.78,32.51,32.87,26293348,8786.16,28310,11948473.0,45.44,2026-09-15
ITBETA,EQ,15-Sep-2026,305.42,312.0,319.74,311.15,312.0,1781,5.61,50,1332.0,74.79,2026-09-15
ITC,EQ,15-Sep-2026,259.85,261.0,264.2,258.0,258.0,12133201,31691.16,168656,6580980.0,54.24,2026-09-15
ITCHOTELS,EQ,15-Sep-2026,153.69,153.6,155.25,152.0,152.22,1141335,1750.37,19040,662529.0,58.05,2026-09-15
ITDC,EQ,15-Sep-2026,690.85,688.2,689.85,645.4,653.45,186964,1238.12,9630,46971.0,25.12,2026-09-15
ITETF,EQ,15-Sep-2026,30.74,31.7,32.28,31.33,31.37,430820,137.16,1089,220002.0,51.07,2026-09-15
ITI,EQ,15-Sep-2026,262.85,263.0,267.95,255.0,255.4,160701,416.14,5413,70704.0,44.0,2026-09-15
ITIETF,EQ,15-Sep-2026,32.26,32.5,33.89,32.5,32.87,1570613,524.97,2738,489359.0,31.16,2026-09-15
ITL,EQ,15-Sep-2026,369.25,378.95,378.95,366.0,367.5,412,1.54,66,312.0,75.73,2026-09-15
IVALUE,EQ,15-Sep-2026,223.35,228.0,233.78,223.35,225.7,112181,256.67,3590,53866.0,48.02,2026-09-15
IVC,EQ,15-Sep-2026,9.11,8.58,8.58,7.78,7.92,1241350,99.85,3046,802468.0,64.64,2026-09-15
IVP,BE,15-Sep-2026,214.47,215.0,216.9,207.5,209.79,6599,13.94,89,,,2026-09-15
IVZBANKNF,EQ,15-Sep-2026,55.85,56.37,56.45,55.7,55.71,10711,6.04,23,10633.0,99.27,2026-09-15
IVZINGOLD,EQ,15-Sep-2026,131.9,131.05,131.7,129.6,129.8,10693,13.98,256,4974.0,46.52,2026-09-15
IVZINNIFTY,EQ,15-Sep-2026,269.29,276.02,276.02,265.99,267.04,892,2.39,59,708.0,79.37,2026-09-15
IVZSENSEX,EQ,15-Sep-2026,75.01,75.01,75.21,74.45,74.5,2639,1.97,40,2173.0,82.34,2026-09-15
IWARE,ST,15-Sep-2026,441.6,442.0,442.0,419.55,420.25,19200,81.7,28,19200.0,100.0,2026-09-15
IWP,EQ,15-Sep-2026,34.41,36.0,36.0,34.1,34.85,7145,2.48,127,5854.0,81.93,2026-09-15
IXIGO,EQ,15-Sep-2026,158.63,159.2,167.29,159.0,161.02,2920496,4764.27,51635,1374275.0,47.06,2026-09-15
IZMO,EQ,15-Sep-2026,906.8,912.15,940.0,891.05,896.05,183154,1678.8,12759,61727.0,33.7,2026-09-15
J&KBANK,EQ,15-Sep-2026,145.27,145.27,147.5,143.75,144.75,3037724,4426.69,31862,1639827.0,53.98,2026-09-15
JAGRAN,EQ,15-Sep-2026,62.09,62.08,62.93,61.32,61.72,189794,117.88,2426,108560.0,57.2,2026-09-15
JAGSNPHARM,EQ,15-Sep-2026,232.89,234.6,234.99,223.16,225.83,57007,130.3,2748,30030.0,52.68,2026-09-15
JAIBALAJI,EQ,15-Sep-2026,65.07,65.38,65.89,62.0,62.25,672658,425.85,4421,392917.0,58.41,2026-09-15
JAICORPLTD,EQ,15-Sep-2026,95.73,97.4,97.4,92.3,92.64,336929,316.64,4118,163795.0,48.61,2026-09-15
JAINIK,ST,15-Sep-2026,202.35,200.95,201.0,200.0,200.0,6000,12.05,5,6000.0,100.0,2026-09-15
JAINREC,EQ,15-Sep-2026,284.7,286.9,286.9,273.15,274.7,694511,1936.3,18137,318794.0,45.9,2026-09-15
JAIPURKURT,EQ,15-Sep-2026,25.57,26.15,26.15,24.3,24.88,3714,0.92,67,2371.0,63.84,2026-09-15
JAMNAAUTO,EQ,15-Sep-2026,135.46,137.5,139.4,127.99,129.06,3184124,4214.94,50315,1178399.0,37.01,2026-09-15
JARO,EQ,15-Sep-2026,454.05,457.0,478.2,454.05,469.95,330906,1552.52,13019,98807.0,29.86,2026-09-15
JASH,EQ,15-Sep-2026,514.05,514.05,523.95,495.0,496.1,94635,476.77,4767,58391.0,61.7,2026-09-15
JAYAGROGN,EQ,15-Sep-2026,244.13,244.09,244.13,223.13,227.39,35008,81.83,1702,21417.0,61.18,2026-09-15
JAYBARMARU,EQ,15-Sep-2026,116.58,116.65,119.13,110.8,112.34,383222,433.67,5051,189830.0,49.54,2026-09-15
JAYBEE,SM,15-Sep-2026,83.7,86.0,86.9,82.1,82.25,21500,17.92,42,17500.0,81.4,2026-09-15
JAYESH,SM,15-Sep-2026,130.75,130.15,130.15,125.1,125.1,14000,18.03,10,11000.0,78.57,2026-09-15
JAYKAY,EQ,15-Sep-2026,165.32,169.4,169.5,156.25,158.45,519085,829.45,8636,262327.0,50.54,2026-09-15
JAYKAY-RE1,BE,15-Sep-2026,87.07,83.5,87.1,81.06,83.54,107174,89.68,947,,,2026-09-15
JAYNECOIND,EQ,15-Sep-2026,89.97,90.79,90.79,87.5,88.63,2854456,2534.13,20575,1545935.0,54.16,2026-09-15
JAYSREETEA,EQ,15-Sep-2026,92.9,93.1,94.87,90.51,91.64,41257,37.96,585,28365.0,68.75,2026-09-15
JBMA,EQ,15-Sep-2026,620.3,620.95,626.0,600.0,603.9,226951,1390.32,14975,83132.0,36.63,2026-09-15
JENBURPH,EQ,15-Sep-2026,1003.9,991.2,1018.3,971.0,974.1,4111,40.69,246,3756.0,91.36,2026-09-15
JETFREIGHT,EQ,15-Sep-2026,20.07,20.07,20.28,19.71,20.03,76485,15.26,451,51158.0,66.89,2026-09-15
JEYYAM,ST,15-Sep-2026,20.9,21.0,21.0,20.5,20.95,22000,4.59,6,22000.0,100.0,2026-09-15
JFLLIFE,SM,15-Sep-2026,10.65,10.65,10.65,10.15,10.15,24000,2.47,4,24000.0,100.0,2026-09-15
JGCHEM,EQ,15-Sep-2026,592.05,598.45,600.0,561.1,564.65,249766,1431.71,10264,123259.0,49.35,2026-09-15
JHS,EQ,15-Sep-2026,8.43,8.45,9.39,8.45,8.79,376577,33.84,838,235632.0,62.57,2026-09-15
JINDALPHOT,EQ,15-Sep-2026,1010.9,1001.5,1154.0,1001.5,1099.6,83635,930.97,3480,40372.0,48.27,2026-09-15
JINDALPOLY,EQ,15-Sep-2026,671.3,671.3,738.4,666.0,737.9,346025,2515.4,7097,148378.0,42.88,2026-09-15
JINDALSAW,EQ,15-Sep-2026,311.95,313.0,313.9,286.25,289.0,2584168,7666.08,50788,1189012.0,46.01,2026-09-15
JINDALSTEL,EQ,15-Sep-2026,1120.5,1119.7,1119.7,1090.5,1095.0,816410,8981.46,21349,371086.0,45.45,2026-09-15
JINDRILL,EQ,15-Sep-2026,633.25,640.0,643.8,596.0,598.65,319605,1961.11,12825,107597.0,33.67,2026-09-15
JINDWORLD,EQ,15-Sep-2026,52.88,53.5,54.09,47.6,49.44,10265488,5228.58,27587,2824475.0,27.51,2026-09-15
JIOFIN,EQ,15-Sep-2026,229.9,230.5,231.8,225.6,225.6,13273805,30422.74,85352,6521630.0,49.13,2026-09-15
JISLDVREQS,EQ,15-Sep-2026,20.76,20.56,21.25,20.56,20.67,2483,0.51,52,2110.0,84.98,2026-09-15
JISLJALEQS,EQ,15-Sep-2026,29.71,29.7,29.83,29.15,29.23,1419781,416.24,3766,934562.0,65.82,2026-09-15
JITFINFRA,EQ,15-Sep-2026,290.35,286.0,291.0,275.6,279.35,27837,78.63,1251,17416.0,62.56,2026-09-15
JIWANRAM,SM,15-Sep-2026,4.3,4.0,4.1,4.0,4.05,18000,0.73,3,12000.0,66.67,2026-09-15
JKCEMENT,EQ,15-Sep-2026,4843.5,4843.5,4849.5,4701.0,4712.0,24671,1172.89,6124,14545.0,58.96,2026-09-15
JKIL,EQ,15-Sep-2026,475.85,483.55,486.95,470.0,473.15,61527,293.82,3435,36756.0,59.74,2026-09-15
JKIPL,EQ,15-Sep-2026,91.64,94.6,96.22,92.35,95.18,16190,15.37,350,10762.0,66.47,2026-09-15
JKLAKSHMI,EQ,15-Sep-2026,505.9,506.0,516.0,500.25,504.9,138286,699.17,8015,76125.0,55.05,2026-09-15
JKPAPER,EQ,15-Sep-2026,414.25,414.25,417.0,400.0,402.1,256584,1047.55,8639,103777.0,40.45,2026-09-15
JKTYRE,EQ,15-Sep-2026,353.95,353.95,355.0,343.1,345.25,438110,1530.97,21960,243400.0,55.56,2026-09-15
JLHL,EQ,15-Sep-2026,279.15,278.0,283.0,270.65,275.55,62199,172.41,2524,22276.0,35.81,2026-09-15
JMA,EQ,15-Sep-2026,93.22,93.22,95.0,88.01,88.96,15451,14.0,400,9404.0,60.86,2026-09-15
JMFINANCIL,EQ,15-Sep-2026,124.47,124.8,125.7,120.1,121.21,2800356,3449.34,35051,1221141.0,43.61,2026-09-15
JNKINDIA,EQ,15-Sep-2026,422.4,425.0,432.2,411.0,415.05,142537,597.29,5269,77524.0,54.39,2026-09-15
JNPR,EQ,15-Sep-2026,265.35,265.4,272.9,261.8,264.5,840795,2254.45,31215,266577.0,31.71,2026-09-15
JOCIL,EQ,15-Sep-2026,149.89,145.4,149.9,140.7,142.39,8184,11.88,260,5173.0,63.21,2026-09-15
JPOLYINVST,EQ,15-Sep-2026,989.5,989.5,1030.0,965.0,967.05,23363,232.21,3332,5817.0,24.9,2026-09-15
JPPOWER,EQ,15-Sep-2026,16.02,16.02,16.2,15.55,15.64,30754969,4864.39,235713,11980407.0,38.95,2026-09-15
JSFB,EQ,15-Sep-2026,516.85,517.5,527.7,486.95,488.65,344324,1729.04,14394,169568.0,49.25,2026-09-15
JSL,EQ,15-Sep-2026,756.1,755.0,760.0,721.25,723.55,547512,4027.76,28959,291448.0,53.23,2026-09-15
JSLL,EQ,15-Sep-2026,511.85,514.8,515.0,497.0,500.25,305700,1540.38,12989,181290.0,59.3,2026-09-15
JSWCEMENT,EQ,15-Sep-2026,118.87,118.7,119.33,116.2,116.88,928470,1089.52,25759,524013.0,56.44,2026-09-15
JSWDULUX,EQ,15-Sep-2026,3155.1,3175.1,3199.0,3083.1,3133.8,50943,1592.11,9301,30551.0,59.97,2026-09-15
JSWENERGY,EQ,15-Sep-2026,526.45,526.45,526.45,505.0,505.0,897315,4608.95,36374,434555.0,48.43,2026-09-15
JSWHL,EQ,15-Sep-2026,11449.0,11449.0,11543.0,10787.0,10967.0,58618,6468.57,2663,55056.0,93.92,2026-09-15
JSWINFRA,EQ,15-Sep-2026,343.15,345.5,349.2,324.55,325.85,3396380,11392.49,113352,1918123.0,56.48,2026-09-15
JSWSTEEL,EQ,15-Sep-2026,1265.0,1265.0,1267.7,1229.2,1229.2,1030088,12840.17,76625,542037.0,52.62,2026-09-15
JTEKTINDIA,EQ,15-Sep-2026,120.55,121.25,121.74,117.0,117.36,93642,110.98,1802,55041.0,58.78,2026-09-15
JTLIND,EQ,15-Sep-2026,88.68,89.39,89.39,80.25,82.47,3227041,2733.63,19617,1401640.0,43.43,2026-09-15
JUBLCPL,EQ,15-Sep-2026,2105.8,2106.0,2151.9,2079.0,2082.0,4591,96.64,736,2953.0,64.32,2026-09-15
JUBLFOOD,EQ,15-Sep-2026,470.25,468.95,472.95,461.6,466.0,471771,2198.3,15035,188925.0,40.05,2026-09-15
JUBLINGREA,EQ,15-Sep-2026,658.4,658.05,658.3,627.0,630.5,165058,1058.71,12349,76642.0,46.43,2026-09-15
JUBLPHARMA,EQ,15-Sep-2026,1025.2,1040.0,1041.0,1002.15,1011.95,190713,1944.19,15894,86538.0,45.38,2026-09-15
JUNIORBEES,EQ,15-Sep-2026,781.96,797.6,797.6,757.68,762.71,586902,4513.77,25822,392758.0,66.92,2026-09-15
JUNIPER,EQ,15-Sep-2026,221.12,222.5,223.91,213.0,214.84,124447,270.38,3144,66970.0,53.81,2026-09-15
JUSTDIAL,EQ,15-Sep-2026,665.55,668.0,669.95,646.85,661.85,149638,983.63,5220,57574.0,38.48,2026-09-15
JWL,EQ,15-Sep-2026,239.58,241.0,242.82,230.4,231.17,630241,1482.09,17139,338350.0,53.69,2026-09-15
JYOTHYLAB,EQ,15-Sep-2026,195.06,196.25,197.09,191.0,192.22,405665,789.18,10312,226634.0,55.87,2026-09-15
JYOTICNC,EQ,15-Sep-2026,985.0,989.0,990.6,954.0,961.45,550288,5359.69,39974,262999.0,47.79,2026-09-15
JYOTIGLOBL,SM,15-Sep-2026,47.45,47.5,48.45,47.45,48.45,6000,2.87,3,4000.0,66.67,2026-09-15
JYOTIRES,EQ,15-Sep-2026,867.85,862.0,875.0,840.0,843.5,7780,66.02,991,4618.0,59.36,2026-09-15
JYOTISTRUC,EQ,15-Sep-2026,9.69,9.74,9.9,9.04,9.21,10215578,955.87,11190,5393989.0,52.8,2026-09-15
K2INFRA,ST,15-Sep-2026,47.15,46.55,46.9,44.8,45.2,30600,13.96,48,27600.0,90.2,2026-09-15
KABRAEXTRU,EQ,15-Sep-2026,723.15,741.9,741.9,650.85,650.85,313142,2098.0,10465,154410.0,49.31,2026-09-15
KAJARIACER,EQ,15-Sep-2026,1226.4,1226.4,1226.7,1211.0,1213.6,99558,1210.93,6827,68642.0,68.95,2026-09-15
KAKATCEM,EQ,15-Sep-2026,109.57,109.57,110.7,107.05,109.69,1411,1.54,34,1204.0,85.33,2026-09-15
KALAMANDIR,EQ,15-Sep-2026,82.57,82.57,83.04,78.45,78.97,748945,602.48,7014,427495.0,57.08,2026-09-15
KALANA,SM,15-Sep-2026,19.25,18.5,18.5,18.5,18.5,2000,0.37,1,2000.0,100.0,2026-09-15
KALPATARU,EQ,15-Sep-2026,266.25,266.0,268.95,253.0,255.45,80848,208.76,2363,53886.0,66.65,2026-09-15
KALYANIFRG,BE,15-Sep-2026,1021.65,1030.35,1072.0,1024.55,1044.3,7646,81.03,396,,,2026-09-15
KALYANKJIL,EQ,15-Sep-2026,601.15,610.0,616.0,604.2,604.2,8522494,52077.62,87287,3017362.0,35.4,2026-09-15
KAMAHOLD,EQ,15-Sep-2026,2273.5,2273.5,2299.9,2250.0,2269.7,8835,200.67,2562,5295.0,59.93,2026-09-15
KAMANWALA,EQ,15-Sep-2026,17.46,17.8,17.8,16.5,17.0,640,0.11,13,440.0,68.75,2026-09-15
KAMATHOTEL,EQ,15-Sep-2026,224.2,222.55,225.89,202.85,207.6,118268,249.73,3221,59719.0,50.49,2026-09-15
KAMDHENU,BE,15-Sep-2026,39.09,39.68,39.7,38.1,38.66,432685,167.59,2772,,,2026-09-15
KAMOPAINTS,EQ,15-Sep-2026,4.33,4.45,4.45,4.02,4.22,295047,12.47,878,193072.0,65.44,2026-09-15
KANANIIND,EQ,15-Sep-2026,1.5,1.49,1.52,1.4,1.44,194238,2.83,257,169042.0,87.03,2026-09-15
KANCHI,EQ,15-Sep-2026,390.75,388.8,408.6,379.35,392.5,1278,4.99,116,1113.0,87.09,2026-09-15
KANCOTEA,EQ,15-Sep-2026,52.29,52.31,56.98,52.31,56.8,1089,0.6,12,1033.0,94.86,2026-09-15
KANDARP,SM,15-Sep-2026,72.85,76.4,76.4,69.25,69.45,20000,13.99,20,10000.0,50.0,2026-09-15
KANORICHEM,BE,15-Sep-2026,169.64,178.12,178.12,178.12,178.12,67464,120.17,294,,,2026-09-15
KANPRPLA,EQ,15-Sep-2026,264.6,264.6,264.6,241.3,246.0,24653,62.42,1231,12826.0,52.03,2026-09-15
KANSAINER,EQ,15-Sep-2026,188.6,189.24,190.02,182.2,183.03,138520,257.3,5158,77565.0,56.0,2026-09-15
KAPSTON,EQ,15-Sep-2026,588.2,590.0,590.0,550.2,563.45,45325,259.6,2674,26290.0,58.0,2026-09-15
KARMAENG,EQ,15-Sep-2026,39.63,40.0,40.0,37.27,37.29,4644,1.77,101,3102.0,66.8,2026-09-15
KARNIKA,SM,15-Sep-2026,119.25,119.25,120.1,116.2,116.65,35000,41.55,20,30000.0,85.71,2026-09-15
KARURVYSYA,EQ,15-Sep-2026,333.8,333.8,339.9,322.75,324.45,1975015,6537.27,48676,1051873.0,53.26,2026-09-15
KATARIA,SM,15-Sep-2026,138.95,138.95,150.0,138.95,148.1,63000,91.06,64,61800.0,98.1,2026-09-15
KAUSHALYA,BE,15-Sep-2026,825.2,822.0,841.9,820.0,834.5,121,1.0,23,,,2026-09-15
KAVDEFENCE,EQ,15-Sep-2026,69.33,69.0,80.0,63.8,75.17,2090584,1553.95,18467,746721.0,35.72,2026-09-15
KAYA,BE,15-Sep-2026,331.7,328.1,330.9,315.2,316.1,4822,15.58,159,,,2026-09-15
KAYNES,EQ,15-Sep-2026,3505.0,3505.0,3527.8,3387.0,3392.0,689922,23669.1,55037,229130.0,33.21,2026-09-15
KAYTEX,SM,15-Sep-2026,58.85,58.85,58.85,56.9,56.9,3200,1.84,4,3200.0,100.0,2026-09-15
KCEIL,SM,15-Sep-2026,76.05,75.25,76.0,75.2,75.3,5000,3.77,10,4500.0,90.0,2026-09-15
KCK,ST,15-Sep-2026,14.65,14.1,15.0,14.05,14.95,265000,39.53,46,262500.0,99.06,2026-09-15
KCP,EQ,15-Sep-2026,162.4,162.4,162.94,158.18,159.15,118488,189.42,2370,66605.0,56.21,2026-09-15
KCPSUGIND,BE,15-Sep-2026,31.09,31.69,31.69,30.15,30.39,47617,14.52,248,,,2026-09-15
KDDL,EQ,15-Sep-2026,3881.9,3898.9,3918.0,3739.5,3756.5,23873,907.57,6072,13165.0,55.15,2026-09-15
KDGREEN,EQ,15-Sep-2026,49.09,49.44,50.58,45.95,46.61,33359,15.88,342,23911.0,71.68,2026-09-15
KDL,SM,15-Sep-2026,93.45,93.0,93.45,87.0,88.7,21450,19.25,110,16800.0,78.32,2026-09-15
KEC,EQ,15-Sep-2026,406.4,427.1,429.6,403.45,406.9,5009834,20612.4,89448,1045900.0,20.88,2026-09-15
KECL,EQ,15-Sep-2026,124.21,124.34,124.6,118.2,119.47,107901,130.06,2450,56523.0,52.38,2026-09-15
KEEPLEARN,EQ,15-Sep-2026,1.89,1.89,1.92,1.83,1.89,13270,0.25,81,12979.0,97.81,2026-09-15
KEI,EQ,15-Sep-2026,4578.0,4570.0,4574.5,4449.0,4500.0,371320,16694.28,33443,157259.0,42.35,2026-09-15
KELLTONTEC,EQ,15-Sep-2026,13.77,13.82,14.7,13.45,13.65,5613507,796.1,13374,1272399.0,22.67,2026-09-15
KEN,SM,15-Sep-2026,38.7,38.7,38.7,38.0,38.0,15600,5.96,10,14400.0,92.31,2026-09-15
KENNAMET,EQ,15-Sep-2026,4682.4,4700.0,4739.6,4210.5,4266.4,50119,2195.02,10560,23024.0,45.94,2026-09-15
KERNEX,EQ,15-Sep-2026,1732.1,1738.0,1750.0,1650.0,1656.3,124877,2110.76,13115,60822.0,48.71,2026-09-15
KESORAMIND,BE,15-Sep-2026,12.01,12.61,12.61,12.01,12.6,1546731,194.72,1239,,,2026-09-15
KEYFINSERV,EQ,15-Sep-2026,239.2,233.0,254.75,233.0,246.6,345,0.83,43,311.0,90.14,2026-09-15
KFINTECH,EQ,15-Sep-2026,900.0,901.8,903.85,880.0,884.8,761367,6780.73,23211,337775.0,44.36,2026-09-15
KHADIM,BE,15-Sep-2026,121.01,123.43,123.43,122.9,123.43,47601,58.73,107,,,2026-09-15
KHAICHEM,EQ,15-Sep-2026,54.03,54.43,54.5,50.11,50.6,260512,134.15,2516,127814.0,49.06,2026-09-15
KHAITANLTD,EQ,15-Sep-2026,162.51,166.0,166.0,156.5,158.94,5040,8.05,195,4245.0,84.23,2026-09-15
KHANDSE,EQ,15-Sep-2026,17.1,16.58,17.99,16.58,17.67,1300,0.22,41,879.0,67.62,2026-09-15
KHFM,SM,15-Sep-2026,43.4,44.8,44.8,44.8,44.8,1550,0.69,1,1550.0,100.0,2026-09-15
KICL,EQ,15-Sep-2026,5040.5,5065.0,5198.0,4802.0,4846.5,1570,77.69,358,812.0,51.72,2026-09-15
KILITCH,BE,15-Sep-2026,185.97,187.0,194.0,185.0,190.2,28652,54.26,210,,,2026-09-15
KIMS,EQ,15-Sep-2026,768.95,770.0,772.15,755.0,766.85,493213,3760.39,36816,292910.0,59.39,2026-09-15
KINGFA,EQ,15-Sep-2026,6197.0,6280.0,6280.0,5701.5,5754.0,37408,2193.44,12806,19852.0,53.07,2026-09-15
KIOCL,EQ,15-Sep-2026,355.9,358.15,358.35,339.35,340.8,91774,316.94,4919,49224.0,53.64,2026-09-15
KIRANVYPAR,EQ,15-Sep-2026,207.02,182.6,209.8,182.6,200.75,3176,6.47,161,2768.0,87.15,2026-09-15
KIRIINDUS,EQ,15-Sep-2026,537.35,540.65,544.15,520.0,522.85,551796,2929.9,14613,260189.0,47.15,2026-09-15
KIRLFER,EQ,15-Sep-2026,465.1,469.4,469.4,461.0,464.85,211119,981.39,5419,115459.0,54.69,2026-09-15
KIRLOSBROS,EQ,15-Sep-2026,1784.0,1789.3,1796.9,1719.9,1728.0,80121,1393.8,12177,46334.0,57.83,2026-09-15
KIRLOSENG,EQ,15-Sep-2026,2168.6,2183.6,2212.5,2030.0,2041.6,639048,13542.0,66465,333147.0,52.13,2026-09-15
KIRLOSIND,EQ,15-Sep-2026,3828.3,3974.6,3983.0,3762.0,3834.0,37165,1438.06,6217,6467.0,17.4,2026-09-15
KIRLPNU,EQ,15-Sep-2026,719.9,718.45,718.45,694.3,698.15,172157,1206.55,15715,108168.0,62.83,2026-09-15
KISSHT,EQ,15-Sep-2026,328.7,332.0,350.5,332.0,339.55,4238984,14521.13,88035,1291051.0,30.46,2026-09-15
KITEX,EQ,15-Sep-2026,123.87,124.72,125.79,118.5,119.13,375463,455.27,5215,199658.0,53.18,2026-09-15
KJMCFIN,EQ,15-Sep-2026,60.51,60.51,62.94,60.51,60.95,214,0.13,75,187.0,87.38,2026-09-15
KKCL,EQ,15-Sep-2026,494.9,498.55,501.95,480.75,498.6,108121,530.46,3281,82177.0,76.0,2026-09-15
KKJEWELS,SM,15-Sep-2026,99.0,96.0,98.0,92.65,96.5,47000,45.44,18,37000.0,78.72,2026-09-15
KLBRENG-B,EQ,15-Sep-2026,486.95,480.5,483.5,457.8,466.0,216254,1012.17,7123,135708.0,62.75,2026-09-15
KLL,SM,15-Sep-2026,24.55,24.1,24.1,24.0,24.0,7200,1.73,7,5600.0,77.78,2026-09-15
KMCSHIL,EQ,15-Sep-2026,138.47,138.48,138.56,132.0,132.8,108615,146.23,2098,55028.0,50.66,2026-09-15
KMEW,EQ,15-Sep-2026,2869.2,2869.2,2917.6,2699.0,2730.5,78412,2187.06,14015,33881.0,43.21,2026-09-15
KMSUGAR,EQ,15-Sep-2026,30.41,30.4,30.4,28.85,29.1,227201,66.79,2205,146191.0,64.34,2026-09-15
KNACK,EQ,15-Sep-2026,183.27,184.11,184.18,177.27,178.58,656445,1175.4,8802,342118.0,52.12,2026-09-15
KNAGRI,EQ,15-Sep-2026,193.74,196.5,196.7,191.75,192.52,6861,13.19,140,5967.0,86.97,2026-09-15
KNRCON,EQ,15-Sep-2026,125.66,126.05,126.45,120.62,121.22,956758,1179.33,10716,545004.0,56.96,2026-09-15
KODYTECH,ST,15-Sep-2026,1470.0,1464.8,1470.0,1396.5,1411.0,5800,82.57,46,5500.0,94.83,2026-09-15
KOHINOOR,EQ,15-Sep-2026,30.85,30.85,31.29,29.16,29.58,72803,21.95,1542,35136.0,48.26,2026-09-15
KOKUYOCMLN,EQ,15-Sep-2026,77.91,78.25,78.89,76.9,77.0,27082,21.08,1178,12280.0,45.34,2026-09-15
KOLTEPATIL,EQ,15-Sep-2026,436.85,436.8,437.2,418.5,420.8,69335,294.61,3246,29319.0,42.29,2026-09-15
KONSTELEC,ST,15-Sep-2026,63.5,61.1,61.75,60.4,60.4,7000,4.29,7,7000.0,100.0,2026-09-15
KOPRAN,EQ,15-Sep-2026,235.26,235.26,267.0,233.15,249.9,15857726,40171.94,214546,1019747.0,6.43,2026-09-15
KORE,ST,15-Sep-2026,173.2,181.0,181.85,167.0,177.5,10500,18.68,32,10250.0,97.62,2026-09-15
KOTAKBANK,EQ,15-Sep-2026,419.0,420.5,420.5,409.8,409.8,14367343,59387.77,181030,10001175.0,69.61,2026-09-15
KOTARISUG,BE,15-Sep-2026,28.57,28.03,29.2,27.2,27.48,42257,11.83,281,,,2026-09-15
KOTHARIPET,EQ,15-Sep-2026,138.57,139.59,140.54,129.0,130.35,123365,163.81,1393,85619.0,69.4,2026-09-15
KOTHARIPRO,EQ,15-Sep-2026,65.78,65.78,67.61,65.0,65.03,7715,5.03,140,7238.0,93.82,2026-09-15
KOTIC,EQ,15-Sep-2026,133.82,133.9,133.9,125.15,126.62,23198,29.95,757,11983.0,51.66,2026-09-15
KOTYARK,BE,15-Sep-2026,32.19,32.39,33.7,31.1,32.49,118674,38.62,363,,,2026-09-15
KOVAI,EQ,15-Sep-2026,6203.5,6111.5,6189.0,5980.5,6019.0,11357,684.56,2002,6989.0,61.54,2026-09-15
KPEL,EQ,15-Sep-2026,214.91,215.9,219.94,208.15,210.24,324350,692.55,8092,139701.0,43.07,2026-09-15
KPIGREEN,EQ,15-Sep-2026,281.7,281.75,286.95,275.8,277.15,686169,1928.23,21972,301453.0,43.93,2026-09-15
KPIL,EQ,15-Sep-2026,1435.7,1436.7,1438.5,1371.8,1380.2,110460,1537.57,19243,55332.0,50.09,2026-09-15
KPITTECH,EQ,15-Sep-2026,553.75,560.0,580.95,560.0,563.0,4090759,23439.72,67873,972459.0,23.77,2026-09-15
KPL,EQ,15-Sep-2026,3643.3,3700.0,3786.4,3392.5,3430.6,57728,2063.46,9210,22022.0,38.15,2026-09-15
KPRMILL,EQ,15-Sep-2026,1109.1,1110.0,1129.0,1105.1,1120.2,204356,2288.32,15968,113887.0,55.73,2026-09-15
KRBL,EQ,15-Sep-2026,421.05,423.65,423.65,391.0,397.15,697222,2813.84,16956,299343.0,42.93,2026-09-15
KREBSBIO,EQ,15-Sep-2026,58.72,58.5,59.5,56.03,56.27,7980,4.56,123,6709.0,84.07,2026-09-15
KRIDHANINF,EQ,15-Sep-2026,1.96,1.97,1.98,1.92,1.94,16747,0.33,117,16393.0,97.89,2026-09-15
KRISHANA,EQ,15-Sep-2026,179.66,180.9,183.0,173.29,177.2,700166,1237.82,9131,361553.0,51.64,2026-09-15
KRISHCA,SM,15-Sep-2026,156.5,156.0,162.0,156.0,159.4,13500,21.6,24,13000.0,96.3,2026-09-15
KRISHIVAL,EQ,15-Sep-2026,419.95,420.65,421.1,418.0,419.5,7459,31.33,291,5628.0,75.45,2026-09-15
KRISHNADEF,EQ,15-Sep-2026,1065.5,1088.8,1088.8,1021.4,1027.8,121172,1262.23,7664,41784.0,34.48,2026-09-15
KRITI,EQ,15-Sep-2026,61.4,64.0,64.0,60.6,61.6,5506,3.43,71,4163.0,75.61,2026-09-15
KRITIKA,EQ,15-Sep-2026,5.4,5.35,5.48,5.2,5.24,102293,5.43,497,85987.0,84.06,2026-09-15
KRITINUT,EQ,15-Sep-2026,80.52,81.32,82.79,79.51,80.78,9657,7.81,187,7870.0,81.5,2026-09-15
KRMAYURVED,SM,15-Sep-2026,307.7,310.35,326.85,305.1,316.05,231000,729.33,225,149000.0,64.5,2026-09-15
KRN,EQ,15-Sep-2026,1593.6,1593.6,1601.1,1514.0,1514.0,232761,3536.67,10107,168921.0,72.57,2026-09-15
KRONOX,BE,15-Sep-2026,175.92,172.55,175.92,169.0,170.36,39393,67.58,557,,,2026-09-15
KROSS,EQ,15-Sep-2026,239.07,240.0,243.29,226.01,228.87,885883,2072.48,18579,349139.0,39.41,2026-09-15
KRSNAA,EQ,15-Sep-2026,550.05,552.45,552.6,540.0,541.65,38940,211.2,1798,25055.0,64.34,2026-09-15
KRT,RR,15-Sep-2026,113.04,112.62,113.7,112.62,113.46,839511,952.69,4258,755615.0,90.01,2026-09-15
KRYSTAL,EQ,15-Sep-2026,614.45,623.6,623.6,604.0,607.8,8328,50.98,659,3513.0,42.18,2026-09-15
KSB,EQ,15-Sep-2026,804.2,810.05,812.0,780.4,787.95,182033,1439.98,14790,96962.0,53.27,2026-09-15
KSCL,EQ,15-Sep-2026,715.85,721.1,728.95,694.25,697.9,66169,465.55,3917,41511.0,62.73,2026-09-15
KSE,EQ,15-Sep-2026,177.22,180.75,180.75,176.12,176.88,17510,31.07,381,15447.0,88.22,2026-09-15
KSHINTL,EQ,15-Sep-2026,1170.9,1184.0,1186.9,1048.25,1058.85,500166,5423.87,44108,221640.0,44.31,2026-09-15
KSHITIJPOL,EQ,15-Sep-2026,3.48,3.45,3.65,3.4,3.65,7902695,283.57,1592,4434392.0,56.11,2026-09-15
KSL,EQ,15-Sep-2026,968.75,970.0,985.0,922.1,930.45,163411,1549.26,12698,82628.0,50.56,2026-09-15
KSOLVES,EQ,15-Sep-2026,258.1,258.5,264.95,251.0,252.1,43296,110.36,2351,27356.0,63.18,2026-09-15
KSR,EQ,15-Sep-2026,42.4,42.61,44.52,42.61,44.4,100470,44.34,676,64640.0,64.34,2026-09-15
KTKBANK,EQ,15-Sep-2026,325.35,324.7,331.35,314.3,315.95,3508307,11344.2,52359,1767637.0,50.38,2026-09-15
KUANTUM,EQ,15-Sep-2026,76.43,76.88,80.49,75.15,75.99,324561,252.33,3867,161412.0,49.73,2026-09-15
KUSUMGAR,EQ,15-Sep-2026,568.1,565.0,569.9,549.3,552.35,213151,1181.13,9956,152478.0,71.54,2026-09-15
KWIL,EQ,15-Sep-2026,43.04,43.6,43.69,40.51,40.83,11063147,4619.64,31759,5346892.0,48.33,2026-09-15
LADDERUP,EQ,15-Sep-2026,74.31,80.9,80.98,66.88,66.88,62133,45.57,1005,28549.0,45.95,2026-09-15
LAGNAM,EQ,15-Sep-2026,72.56,72.9,74.9,70.4,71.15,8595,6.28,99,5415.0,63.0,2026-09-15
LAHOTIOV,EQ,15-Sep-2026,40.55,40.6,40.97,39.25,39.28,13284,5.38,38,13179.0,99.21,2026-09-15
LAKPRE,BZ,15-Sep-2026,6.0,6.28,6.28,5.7,5.7,2929,0.18,20,,,2026-09-15
LAKSHMIMIL,EQ,15-Sep-2026,7800.0,7799.0,8000.0,7565.0,7565.0,96,7.44,33,83.0,86.46,2026-09-15
LAKSHYA,SM,15-Sep-2026,81.0,81.1,81.1,77.1,77.55,14400,11.29,13,12000.0,83.33,2026-09-15
LAL,EQ,15-Sep-2026,8.83,8.8,9.88,8.76,8.99,18605,1.66,157,11186.0,60.12,2026-09-15
LALITHAA,EQ,15-Sep-2026,338.6,321.7,321.7,321.7,321.7,947094,3046.8,5286,946810.0,99.97,2026-09-15
LALPATHLAB,EQ,15-Sep-2026,1909.0,1907.0,1921.0,1885.5,1906.4,171214,3261.38,35334,113000.0,66.0,2026-09-15
LAMBODHARA,EQ,15-Sep-2026,137.37,139.93,139.93,127.37,130.33,16281,21.67,503,8159.0,50.11,2026-09-15
LAMOSAIC,ST,15-Sep-2026,53.1,55.45,55.45,50.75,53.45,57000,30.46,32,55800.0,97.89,2026-09-15
LANCER,EQ,15-Sep-2026,12.74,13.18,13.18,12.4,12.47,274163,34.68,812,214767.0,78.34,2026-09-15
LANCORHOL,BE,15-Sep-2026,36.95,37.0,37.95,35.25,36.04,37066,13.59,143,,,2026-09-15
LANDMARK,EQ,15-Sep-2026,487.95,490.0,493.95,470.0,470.35,61400,291.95,2969,38361.0,62.48,2026-09-15
LANDSMILL,EQ,15-Sep-2026,0.56,0.56,0.58,0.55,0.57,1865848,10.68,1373,1296136.0,69.47,2026-09-15
LAOPALA,EQ,15-Sep-2026,158.93,158.93,165.79,158.7,160.63,442956,718.5,10552,231786.0,52.33,2026-09-15
LARGEMID50,EQ,15-Sep-2026,35.69,35.85,35.85,35.03,35.06,3975,1.4,70,3272.0,82.31,2026-09-15
LASA,BE,15-Sep-2026,6.52,6.2,6.2,6.2,6.2,18314,1.14,84,,,2026-09-15
LASERPOWER,EQ,15-Sep-2026,289.75,289.8,290.55,267.6,271.9,1156486,3180.59,14939,659316.0,57.01,2026-09-15
LATENTVIEW,EQ,15-Sep-2026,252.45,254.05,264.8,251.7,252.9,1164017,3018.79,24793,320138.0,27.5,2026-09-15
LATTEYS,EQ,15-Sep-2026,21.8,21.08,21.74,20.12,20.52,67559,14.01,354,58493.0,86.58,2026-09-15
LAURUSLABS,EQ,15-Sep-2026,1969.0,1975.0,1981.0,1915.6,1926.9,1538262,29807.36,45711,870311.0,56.58,2026-09-15
LAXMICOT,EQ,15-Sep-2026,12.89,12.89,13.29,12.39,12.63,13495,1.73,70,3726.0,27.61,2026-09-15
LAXMIDENTL,EQ,15-Sep-2026,202.84,202.14,205.0,196.0,197.46,65633,131.75,2382,27840.0,42.42,2026-09-15
LAXMIINDIA,EQ,15-Sep-2026,129.07,128.0,130.0,120.3,121.59,330864,412.24,5720,169663.0,51.28,2026-09-15
LCCINFOTEC,EQ,15-Sep-2026,3.14,3.15,3.15,2.99,2.99,115767,3.52,323,97972.0,84.63,2026-09-15
LCL,EQ,15-Sep-2026,553.05,550.2,551.7,532.15,535.5,297525,1602.81,11905,185994.0,62.51,2026-09-15
LEAPIND,EQ,15-Sep-2026,144.34,145.31,145.31,132.92,134.61,3444783,4734.93,38124,1524879.0,44.27,2026-09-15
LEENEE,BE,15-Sep-2026,7.9,8.29,8.29,7.52,7.74,7188,0.57,68,,,2026-09-15
LEMERITE,EQ,15-Sep-2026,21.11,20.41,20.95,20.06,20.06,242138,49.39,626,151911.0,62.74,2026-09-15
LEMONTREE,EQ,15-Sep-2026,104.78,104.75,105.13,102.3,102.58,2149510,2226.56,28895,1271437.0,59.15,2026-09-15
LENSKART,EQ,15-Sep-2026,681.75,691.2,701.25,679.5,685.4,6456204,44387.72,132165,4096929.0,63.46,2026-09-15
LEXUS,EQ,15-Sep-2026,13.31,13.94,13.94,12.58,12.75,20196,2.62,162,13304.0,65.87,2026-09-15
LFIC,EQ,15-Sep-2026,139.35,136.1,157.89,135.6,136.64,32513,46.95,548,12564.0,38.64,2026-09-15
LGBBROSLTD,EQ,15-Sep-2026,1711.0,1711.0,1720.0,1697.2,1703.2,21277,362.9,2425,15340.0,72.1,2026-09-15
LGEINDIA,EQ,15-Sep-2026,1636.8,1636.8,1658.0,1622.6,1629.6,617142,10173.05,37315,440136.0,71.32,2026-09-15
LGHL,EQ,15-Sep-2026,183.99,184.78,187.0,175.86,185.11,11020,20.08,377,3835.0,34.8,2026-09-15
LIBAS,EQ,15-Sep-2026,11.2,11.4,12.0,11.22,11.43,180219,20.83,571,98185.0,54.48,2026-09-15
LIBERTSHOE,EQ,15-Sep-2026,228.68,228.68,228.68,217.5,218.62,49862,110.61,1564,26763.0,53.67,2026-09-15
LICHSGFIN,EQ,15-Sep-2026,562.9,563.9,565.25,538.5,542.0,4654811,25534.77,42617,2706275.0,58.14,2026-09-15
LICI,EQ,15-Sep-2026,404.1,402.6,404.7,390.65,391.5,12174521,48137.73,120726,7832073.0,64.33,2026-09-15
LICMFGOLD,EQ,15-Sep-2026,136.3,136.25,136.25,133.75,133.95,71303,96.22,1070,39551.0,55.47,2026-09-15
LICNETFGSC,EQ,15-Sep-2026,29.31,29.0,29.58,29.0,29.23,2720,0.8,116,2604.0,95.74,2026-09-15
LICNETFN50,EQ,15-Sep-2026,263.79,257.19,264.69,257.19,261.0,387,1.02,56,372.0,96.12,2026-09-15
LICNETFSEN,EQ,15-Sep-2026,841.94,841.94,853.93,839.46,841.79,40,0.34,9,34.0,85.0,2026-09-15
LICNFNHGP,EQ,15-Sep-2026,269.57,269.57,272.8,263.25,270.0,140,0.38,22,128.0,91.43,2026-09-15
LICNMID100,EQ,15-Sep-2026,62.8,63.48,63.48,60.62,60.99,8554,5.3,169,5755.0,67.28,2026-09-15
LIKHITHA,EQ,15-Sep-2026,217.07,218.0,234.0,208.0,222.22,176186,396.81,3456,62683.0,35.58,2026-09-15
LINC,EQ,15-Sep-2026,95.61,95.12,97.41,94.0,95.02,5415,5.2,303,3992.0,73.72,2026-09-15
LINCOLN,EQ,15-Sep-2026,623.5,625.05,630.9,600.0,602.6,62529,386.53,3548,21986.0,35.16,2026-09-15
LINDEINDIA,EQ,15-Sep-2026,6227.5,6250.0,6267.0,6065.0,6080.0,15285,936.36,4035,9988.0,65.35,2026-09-15
LIQGRWBEES,EQ,15-Sep-2026,1055.41,1057.45,1057.45,1055.52,1055.53,82587,871.74,201,64180.0,77.71,2026-09-15
LIQUID,EQ,15-Sep-2026,999.99,999.99,1000.0,999.99,999.99,503276,5032.74,253,137064.0,27.23,2026-09-15
LIQUID1,EQ,15-Sep-2026,1122.52,1122.52,1124.45,1122.0,1122.67,702499,7886.75,657,457871.0,65.18,2026-09-15
LIQUIDADD,EQ,15-Sep-2026,1144.6,1144.73,1144.76,1144.73,1144.75,703069,8048.42,305,574953.0,81.78,2026-09-15
LIQUIDBEES,EQ,15-Sep-2026,1000.0,1001.0,1001.0,999.99,999.99,4879279,48792.8,6536,2861773.0,58.65,2026-09-15
LIQUIDBETA,EQ,15-Sep-2026,1007.91,1008.02,1008.02,1008.02,1008.02,108,1.09,3,108.0,100.0,2026-09-15
LIQUIDBETF,EQ,15-Sep-2026,1098.68,1098.68,1098.83,1098.68,1098.82,305217,3353.8,198,262352.0,85.96,2026-09-15
LIQUIDCASE,EQ,15-Sep-2026,115.91,115.91,115.93,115.91,115.92,21015069,24360.93,22022,16936487.0,80.59,2026-09-15
LIQUIDETF,EQ,15-Sep-2026,1000.0,1000.0,1000.01,999.99,999.99,112514,1125.14,253,89055.0,79.15,2026-09-15
LIQUIDIETF,EQ,15-Sep-2026,999.99,1000.0,1000.01,999.99,999.99,325912,3259.12,235,197251.0,60.52,2026-09-15
LIQUIDPLUS,EQ,15-Sep-2026,1103.07,1103.18,1103.2,1103.18,1103.18,903247,9964.46,429,850333.0,94.14,2026-09-15
LIQUIDSBI,EQ,15-Sep-2026,999.99,1000.01,1000.01,999.99,999.99,6431,64.31,33,5511.0,85.69,2026-09-15
LIQUIDSHRI,EQ,15-Sep-2026,1121.3,1121.46,1121.46,1121.44,1121.45,3625,40.65,22,2998.0,82.7,2026-09-15
LKPSEC,EQ,15-Sep-2026,15.82,15.82,16.5,14.99,15.2,12628,1.98,308,10547.0,83.52,2026-09-15
LLOYDS,SM,15-Sep-2026,58.5,56.0,56.0,55.6,55.6,2000,1.12,2,2000.0,100.0,2026-09-15
LLOYDSENGG,EQ,15-Sep-2026,82.76,83.09,83.19,79.35,79.71,4655333,3741.76,19324,2579230.0,55.4,2026-09-15
LLOYDSENT,EQ,15-Sep-2026,69.79,70.0,70.33,67.28,67.64,1887015,1294.53,10447,967635.0,51.28,2026-09-15
LLOYDSME,EQ,15-Sep-2026,1799.6,1789.1,1809.9,1741.0,1778.8,587090,10440.0,39552,298651.0,50.87,2026-09-15
LMW,EQ,15-Sep-2026,17727.0,17790.0,17797.0,17022.0,17103.0,2531,440.02,1396,1399.0,55.27,2026-09-15
LODHA,EQ,15-Sep-2026,1116.9,1128.0,1128.0,1064.8,1064.8,1480215,16116.48,42384,808577.0,54.63,2026-09-15
LOKESHMACH,EQ,15-Sep-2026,347.15,343.15,350.75,330.0,332.2,24268,82.16,1052,14734.0,60.71,2026-09-15
LORDSCHLO,EQ,15-Sep-2026,137.67,136.99,138.99,129.68,131.1,11716,15.66,620,7386.0,63.04,2026-09-15
LOTUSCHO,EQ,15-Sep-2026,589.45,586.5,594.9,570.0,574.9,2708,15.64,381,1749.0,64.59,2026-09-15
LOTUSDEV,BE,15-Sep-2026,209.27,214.88,219.73,201.65,213.54,2311800,4972.09,7146,,,2026-09-15
LOTUSEYE,EQ,15-Sep-2026,113.9,111.3,115.3,109.57,110.59,16668,18.55,774,12824.0,76.94,2026-09-15
LOVABLE,EQ,15-Sep-2026,71.73,71.98,71.98,69.69,70.91,10863,7.7,440,4404.0,40.54,2026-09-15
LOWVOL,EQ,15-Sep-2026,200.1,200.1,201.1,198.22,198.22,160,0.32,21,80.0,50.0,2026-09-15
LOWVOL1,EQ,15-Sep-2026,20.51,19.99,20.84,19.99,20.27,511920,104.74,14453,415200.0,81.11,2026-09-15
LOWVOLIETF,EQ,15-Sep-2026,21.47,21.04,21.76,21.04,21.27,3329463,710.78,15962,2994167.0,89.93,2026-09-15
LOYALTEX,EQ,15-Sep-2026,213.83,209.0,211.0,209.0,210.0,73,0.15,12,73.0,100.0,2026-09-15
LPDC,EQ,15-Sep-2026,6.16,6.24,6.24,6.02,6.06,23268,1.42,168,17583.0,75.57,2026-09-15
LRRPL,SM,15-Sep-2026,93.0,93.0,93.0,90.05,90.05,6000,5.49,4,6000.0,100.0,2026-09-15
LT,EQ,15-Sep-2026,3930.7,3959.0,3959.0,3835.7,3850.7,1848703,71427.0,125439,1087451.0,58.82,2026-09-15
LTF,EQ,15-Sep-2026,309.1,310.6,311.3,296.6,296.8,3858315,11586.92,37426,2013046.0,52.17,2026-09-15
LTFOODS,EQ,15-Sep-2026,438.1,439.9,440.0,420.1,421.05,376661,1608.24,23400,183741.0,48.78,2026-09-15
LTGILTBEES,EQ,15-Sep-2026,29.75,29.51,29.85,29.51,29.67,1553396,461.07,1044,1309012.0,84.27,2026-09-15
LTGILTCASE,EQ,15-Sep-2026,30.38,30.99,30.99,29.8,30.22,178942,54.08,362,177080.0,98.96,2026-09-15
LTM,EQ,15-Sep-2026,4275.0,4404.3,4568.9,4323.3,4346.6,663212,29617.99,56670,113851.0,17.17,2026-09-15
LTTS,EQ,15-Sep-2026,3337.4,3402.0,3441.0,3300.5,3312.2,60380,2040.63,12977,20986.0,34.76,2026-09-15
LUMAXIND,EQ,15-Sep-2026,5879.5,5879.5,5943.0,5710.5,5766.5,12304,715.92,4181,6168.0,50.13,2026-09-15
LUMAXTECH,EQ,15-Sep-2026,1993.7,2019.9,2048.9,1951.9,1991.3,233217,4670.79,36667,122261.0,52.42,2026-09-15
LUMINO,EQ,15-Sep-2026,108.81,109.7,110.64,100.62,103.16,7645621,8054.65,42918,2314693.0,30.27,2026-09-15
LUPIN,EQ,15-Sep-2026,2095.0,2095.0,2099.5,2049.5,2063.2,599677,12426.64,45545,380507.0,63.45,2026-09-15
LUXIND,EQ,15-Sep-2026,1098.6,1139.8,1139.8,1052.2,1056.7,34774,374.23,3698,17417.0,50.09,2026-09-15
LXCHEM,EQ,15-Sep-2026,175.56,175.56,176.01,167.01,167.83,901508,1535.22,9755,458053.0,50.81,2026-09-15
LYKALABS,BE,15-Sep-2026,82.9,82.5,82.5,81.25,81.25,3888,3.19,27,,,2026-09-15
M&M,EQ,15-Sep-2026,3107.0,3114.6,3119.6,3029.5,3029.5,2176832,67043.9,112625,1331485.0,61.17,2026-09-15
M&MFIN,EQ,15-Sep-2026,356.15,356.15,358.75,341.0,342.3,1375707,4757.31,37453,753737.0,54.79,2026-09-15
MAANALU,EQ,15-Sep-2026,110.4,110.4,111.96,105.0,106.14,90260,97.1,1281,58712.0,65.05,2026-09-15
MACOBSTECH,SM,15-Sep-2026,197.0,195.0,195.0,195.0,195.0,800,1.56,1,800.0,100.0,2026-09-15
MACPOWER,EQ,15-Sep-2026,1843.0,1843.0,1950.0,1786.2,1882.3,51674,974.61,8141,20578.0,39.82,2026-09-15
MADHAV,EQ,15-Sep-2026,36.29,36.29,36.7,35.01,35.18,1158,0.41,57,634.0,54.75,2026-09-15
MADHAVBAUG,ST,15-Sep-2026,159.35,160.0,160.0,159.35,159.35,1600,2.55,4,1600.0,100.0,2026-09-15
MADHAVIPL,EQ,15-Sep-2026,7.96,8.0,8.0,7.71,7.82,112440,8.8,336,96283.0,85.63,2026-09-15
MADHUCON,BE,15-Sep-2026,4.34,4.4,4.49,4.14,4.15,30916,1.31,66,,,2026-09-15
MADHURKNIT,ST,15-Sep-2026,73.6,69.95,69.95,69.95,69.95,4800,3.36,4,4800.0,100.0,2026-09-15
MADHUSUDAN,ST,15-Sep-2026,238.0,249.65,249.65,235.0,240.0,27000,65.25,26,23000.0,85.19,2026-09-15
MADRASFERT,EQ,15-Sep-2026,61.83,62.99,62.99,60.01,60.52,36951,22.55,814,25609.0,69.31,2026-09-15
MAFANG,EQ,15-Sep-2026,235.56,241.44,243.68,226.55,234.2,931372,2220.94,25136,502199.0,53.92,2026-09-15
MAFATIND,EQ,15-Sep-2026,122.57,122.0,126.61,121.0,122.15,58688,72.76,1763,35726.0,60.87,2026-09-15
MAGADSUGAR,EQ,15-Sep-2026,543.8,545.0,548.95,515.0,520.15,18117,95.41,1505,8531.0,47.09,2026-09-15
MAGNUM,EQ,15-Sep-2026,18.73,18.42,19.07,18.41,18.69,12637,2.37,122,9759.0,77.23,2026-09-15
MAGSON,SM,15-Sep-2026,184.35,180.25,180.25,178.0,179.05,118000,212.22,18,115000.0,97.46,2026-09-15
MAHABANK,EQ,15-Sep-2026,84.2,84.2,84.61,79.56,79.56,14589564,11928.91,47561,6801720.0,46.62,2026-09-15
MAHAPEXLTD,EQ,15-Sep-2026,54.57,54.57,56.6,53.1,53.15,4322,2.36,148,2519.0,58.28,2026-09-15
MAHASTEEL,BE,15-Sep-2026,1276.1,1278.0,1298.5,1212.3,1294.5,10124,124.9,605,,,2026-09-15
MAHEPC,EQ,15-Sep-2026,101.82,102.0,103.98,101.02,102.08,19128,19.54,430,12460.0,65.14,2026-09-15
MAHESHWARI,EQ,15-Sep-2026,70.71,71.2,73.99,70.3,70.3,9099,6.49,51,8741.0,96.07,2026-09-15
MAHKTECH,EQ,15-Sep-2026,22.03,22.58,22.8,21.6,21.74,1392067,305.25,9876,888276.0,63.81,2026-09-15
MAHLIFE,EQ,15-Sep-2026,353.05,353.1,363.45,345.05,345.9,92194,326.68,10343,41414.0,44.92,2026-09-15
MAHLOG,EQ,15-Sep-2026,397.2,398.4,398.4,381.8,387.25,147295,573.87,11878,78960.0,53.61,2026-09-15
MAHSCOOTER,EQ,15-Sep-2026,12964.0,13027.0,13230.0,12750.0,12882.0,4586,592.28,1667,2387.0,52.05,2026-09-15
MAHSEAMLES,EQ,15-Sep-2026,728.9,735.0,738.6,696.0,701.1,328878,2334.16,22713,162676.0,49.46,2026-09-15
MAITHANALL,EQ,15-Sep-2026,1045.85,1045.85,1051.7,1002.0,1006.05,80106,816.84,4351,43895.0,54.8,2026-09-15
MAITREYA,SM,15-Sep-2026,116.0,115.05,116.0,115.05,116.0,1200,1.39,3,400.0,33.33,2026-09-15
MAJESAUT,BE,15-Sep-2026,366.7,377.95,377.95,357.5,357.9,1625,5.86,132,,,2026-09-15
MAKEINDIA,EQ,15-Sep-2026,162.79,159.53,164.48,158.63,158.97,44125,70.74,1167,28943.0,65.59,2026-09-15
MAKERSL,EQ,15-Sep-2026,185.87,184.95,187.2,171.36,173.77,4843,8.62,229,4475.0,92.4,2026-09-15
MAKS,SM,15-Sep-2026,15.1,14.35,14.35,14.35,14.35,1500,0.22,1,1500.0,100.0,2026-09-15
MAL,SM,15-Sep-2026,48.7,51.1,51.1,46.3,46.3,289600,144.56,80,187200.0,64.64,2026-09-15
MALLCOM,EQ,15-Sep-2026,952.15,959.05,959.05,905.15,911.95,3685,34.51,425,2620.0,71.1,2026-09-15
MALUPAPER,EQ,15-Sep-2026,34.53,34.53,35.25,32.92,32.96,11021,3.7,148,8843.0,80.24,2026-09-15
MAMATA,EQ,15-Sep-2026,407.85,411.9,413.55,392.25,396.65,46873,188.27,3057,27105.0,57.83,2026-09-15
MANAKALUCO,EQ,15-Sep-2026,36.87,36.55,37.53,35.11,35.47,91668,33.12,973,67845.0,74.01,2026-09-15
MANAKCOAT,EQ,15-Sep-2026,128.53,130.05,130.5,123.36,124.19,148602,187.72,2268,70324.0,47.32,2026-09-15
MANAKSIA,EQ,15-Sep-2026,70.95,71.0,72.95,67.35,68.01,62854,43.65,1314,39064.0,62.15,2026-09-15
MANAKSTEEL,BE,15-Sep-2026,117.91,119.9,119.9,112.02,112.02,57388,65.31,439,,,2026-09-15
MANALIPETC,EQ,15-Sep-2026,84.93,84.93,87.4,79.0,80.19,1729990,1414.45,13157,710416.0,41.06,2026-09-15
MANAPPURAM,EQ,15-Sep-2026,329.0,327.1,330.45,317.7,318.85,3726323,11988.18,33308,1816998.0,48.76,2026-09-15
MANBA,EQ,15-Sep-2026,132.47,133.42,135.99,131.12,133.87,104730,140.24,1140,36278.0,34.64,2026-09-15
MANCREDIT,EQ,15-Sep-2026,219.9,221.97,224.9,214.0,215.36,145803,319.1,1861,16930.0,11.61,2026-09-15
MANGALAM,EQ,15-Sep-2026,36.46,36.0,36.46,33.22,33.54,109928,37.61,984,77017.0,70.06,2026-09-15
MANGLMCEM,EQ,15-Sep-2026,1028.0,1016.0,1022.4,983.8,989.4,49675,496.9,3002,27847.0,56.06,2026-09-15
MANILAM,SM,15-Sep-2026,43.45,43.55,43.55,42.0,42.0,4000,1.71,2,4000.0,100.0,2026-09-15
MANINDS,EQ,15-Sep-2026,866.1,866.1,866.65,802.6,808.2,1027095,8460.32,41806,342161.0,33.31,2026-09-15
MANINFRA,EQ,15-Sep-2026,126.87,127.48,127.48,122.89,124.83,1734690,2160.91,11594,966690.0,55.73,2026-09-15
MANIPALHOS,EQ,15-Sep-2026,717.35,720.0,721.9,698.0,701.7,589061,4168.28,21168,320376.0,54.39,2026-09-15
MANKIND,EQ,15-Sep-2026,2280.0,2280.0,2300.9,2251.8,2280.5,446450,10181.45,23888,271586.0,60.83,2026-09-15
MANOMAY,EQ,15-Sep-2026,234.19,235.5,239.8,224.5,228.71,116912,269.99,3307,20914.0,17.89,2026-09-15
MANORAMA,EQ,15-Sep-2026,2055.7,2050.0,2057.3,1975.0,1987.1,151439,3049.28,21209,80308.0,53.03,2026-09-15
MANORG,EQ,15-Sep-2026,466.45,468.4,475.0,450.1,454.3,11510,53.05,438,7387.0,64.18,2026-09-15
MANUFGBEES,EQ,15-Sep-2026,160.93,161.73,161.73,157.11,157.69,19404,30.82,277,10172.0,52.42,2026-09-15
MANUGRAPH,EQ,15-Sep-2026,14.96,16.03,16.5,14.0,14.65,50721,7.71,425,39210.0,77.31,2026-09-15
MANYAVAR,EQ,15-Sep-2026,582.35,584.0,584.0,556.0,566.65,399110,2267.33,20515,211099.0,52.89,2026-09-15
MAPMYINDIA,EQ,15-Sep-2026,925.8,927.0,944.6,885.1,887.8,177627,1611.32,13948,84276.0,47.45,2026-09-15
MARALOVER,EQ,15-Sep-2026,62.41,61.3,67.0,60.0,60.0,15938,9.8,291,12724.0,79.83,2026-09-15
MARATHON,EQ,15-Sep-2026,435.45,435.45,435.45,410.2,414.0,56871,239.76,2640,34122.0,60.0,2026-09-15
MARCO,SM,15-Sep-2026,31.5,31.8,31.8,28.5,30.0,16500,5.06,8,15000.0,90.91,2026-09-15
MARICO,EQ,15-Sep-2026,802.1,809.65,809.8,791.25,791.25,1533193,12249.49,73976,1068974.0,69.72,2026-09-15
MARINE,EQ,15-Sep-2026,419.15,422.0,426.55,373.3,376.75,1230221,4790.52,52256,585425.0,47.59,2026-09-15
MARINETRAN,ST,15-Sep-2026,16.1,15.3,15.3,15.3,15.3,4000,0.61,1,4000.0,100.0,2026-09-15
MARKOLINES,EQ,15-Sep-2026,170.86,171.0,171.47,161.27,163.08,166974,276.66,2288,64459.0,38.6,2026-09-15
MARKSANS,EQ,15-Sep-2026,329.4,330.0,331.4,301.1,312.85,2298117,7289.78,53798,1099092.0,47.83,2026-09-15
MARSONS,EQ,15-Sep-2026,127.24,128.0,129.0,121.0,121.3,2630119,3243.0,12728,1038078.0,39.47,2026-09-15
MARUSHIKA,SM,15-Sep-2026,119.95,119.95,119.95,119.0,119.0,2400,2.87,2,1200.0,50.0,2026-09-15
MARUTI,EQ,15-Sep-2026,12400.0,12470.0,12470.0,12231.0,12231.0,286167,35336.02,59948,160219.0,55.99,2026-09-15
MASFIN,EQ,15-Sep-2026,295.95,296.0,298.95,290.55,294.9,140211,412.33,6463,101606.0,72.47,2026-09-15
MASKINVEST,EQ,15-Sep-2026,145.36,140.1,151.95,140.1,140.8,190,0.28,10,147.0,77.37,2026-09-15
MASON,SM,15-Sep-2026,113.0,113.0,113.0,108.0,110.0,5000,5.49,9,4000.0,80.0,2026-09-15
MASPTOP50,EQ,15-Sep-2026,93.97,96.31,100.48,93.97,95.31,1078493,1043.33,13208,495164.0,45.91,2026-09-15
MASTEK,EQ,15-Sep-2026,1626.3,1661.0,1743.0,1642.1,1652.1,341353,5788.0,37847,60638.0,17.76,2026-09-15
MASTERTR,EQ,15-Sep-2026,90.61,89.25,90.38,83.45,87.55,1302449,1129.48,11433,374289.0,28.74,2026-09-15
MATRIMONY,EQ,15-Sep-2026,514.8,515.9,516.55,492.0,497.8,13536,68.04,1075,9655.0,71.33,2026-09-15
MAWANASUG,EQ,15-Sep-2026,134.63,135.62,136.08,127.0,129.0,195212,257.11,3370,88467.0,45.32,2026-09-15
MAXESTATES,EQ,15-Sep-2026,560.45,559.75,571.5,542.0,568.9,257350,1443.16,5663,186745.0,72.56,2026-09-15
MAXHEALTH,EQ,15-Sep-2026,1037.7,1048.0,1048.0,1030.0,1030.0,2836517,29377.57,53394,1581501.0,55.76,2026-09-15
MAXIND,EQ,15-Sep-2026,146.0,145.7,149.71,137.36,139.12,80771,114.1,2286,49875.0,61.75,2026-09-15
MAXPOSURE,SM,15-Sep-2026,31.15,31.4,31.4,31.4,31.4,4000,1.26,1,4000.0,100.0,2026-09-15
MAXVOLT,SM,15-Sep-2026,349.2,359.0,366.65,353.2,366.65,68400,249.66,153,58400.0,85.38,2026-09-15
MAYASHEEL,SM,15-Sep-2026,34.8,36.65,36.65,36.65,36.65,3000,1.1,1,3000.0,100.0,2026-09-15
MAYURUNIQ,EQ,15-Sep-2026,740.05,743.3,770.75,725.0,745.2,314452,2368.09,14427,89970.0,28.61,2026-09-15
MAZDA,BE,15-Sep-2026,255.25,255.25,264.45,252.5,255.9,14212,36.73,154,,,2026-09-15
MAZDOCK,EQ,15-Sep-2026,2339.0,2339.0,2346.9,2225.1,2236.0,762530,17314.71,47715,341211.0,44.75,2026-09-15
MBAPL,EQ,15-Sep-2026,160.87,161.99,163.1,153.98,155.82,1205876,1892.23,10537,657719.0,54.54,2026-09-15
MBECL,BE,15-Sep-2026,330.4,346.92,346.92,346.92,346.92,1134,3.93,55,,,2026-09-15
MBEL,EQ,15-Sep-2026,254.2,256.1,263.7,250.05,252.65,230610,595.18,7889,106621.0,46.23,2026-09-15
MBLINFRA,EQ,15-Sep-2026,23.0,22.46,23.68,22.4,22.56,13462,3.1,175,10835.0,80.49,2026-09-15
MCCHRLS-B,EQ,15-Sep-2026,673.9,675.0,675.0,650.0,675.0,226,1.51,21,225.0,99.56,2026-09-15
MCL,EQ,15-Sep-2026,57.92,59.08,59.08,56.15,56.53,39754,22.78,1243,25553.0,64.28,2026-09-15
MCLEODRUSS,EQ,15-Sep-2026,43.28,43.11,43.69,41.15,41.57,364882,154.73,1868,205003.0,56.18,2026-09-15
MCLOUD,EQ,15-Sep-2026,25.67,25.67,27.1,25.55,25.58,1685258,439.71,5742,681426.0,40.43,2026-09-15
MCON,SM,15-Sep-2026,41.2,40.0,41.2,40.0,41.2,7000,2.83,7,7000.0,100.0,2026-09-15
MCX,EQ,15-Sep-2026,3276.0,3265.0,3267.6,3156.4,3173.5,1746940,55799.71,125726,708266.0,40.54,2026-09-15
MDL,SM,15-Sep-2026,62.0,60.0,60.0,60.0,60.0,1000,0.6,1,1000.0,100.0,2026-09-15
MEDANTA,EQ,15-Sep-2026,1447.2,1454.0,1464.6,1410.0,1418.1,65507,932.85,11152,35560.0,54.28,2026-09-15
MEDIASSIST,EQ,15-Sep-2026,316.4,316.4,321.4,308.0,309.9,149893,472.01,6354,94089.0,62.77,2026-09-15
MEDICAMEQ,EQ,15-Sep-2026,323.05,329.5,341.0,312.1,318.2,154184,509.32,4532,80845.0,52.43,2026-09-15
MEDICAPQ,EQ,15-Sep-2026,31.7,31.0,31.0,28.53,28.53,34469,9.93,176,23421.0,67.95,2026-09-15
MEDICO,EQ,15-Sep-2026,37.05,37.05,37.59,35.5,35.68,163751,59.68,2176,110166.0,67.28,2026-09-15
MEDIORG,SM,15-Sep-2026,23.95,23.0,23.0,22.8,22.8,8000,1.83,4,8000.0,100.0,2026-09-15
MEDPLUS,EQ,15-Sep-2026,660.15,660.45,666.6,654.0,656.3,61605,405.31,3536,41527.0,67.41,2026-09-15
MEESHO,EQ,15-Sep-2026,217.08,219.44,220.9,210.61,212.4,20742207,45005.7,154470,12310144.0,59.35,2026-09-15
MEGASTAR,EQ,15-Sep-2026,277.5,266.9,295.0,266.9,285.5,11101,31.91,278,7608.0,68.53,2026-09-15
MEGATHERM,SM,15-Sep-2026,251.0,257.0,284.0,257.0,265.25,82000,221.06,179,63200.0,77.07,2026-09-15
MEIL,EQ,15-Sep-2026,282.1,280.7,284.0,271.0,276.55,57165,158.13,1243,28140.0,49.23,2026-09-15
MENNPIS,BE,15-Sep-2026,78.65,77.79,77.79,74.72,75.17,44760,33.79,373,,,2026-09-15
MENONBE,BE,15-Sep-2026,297.5,298.85,312.0,287.05,304.35,65394,199.53,1588,,,2026-09-15
MEP,BZ,15-Sep-2026,0.67,0.68,0.68,0.66,0.66,34438,0.23,54,,,2026-09-15
MERCANTILE,EQ,15-Sep-2026,23.86,23.85,24.98,21.0,22.02,3578,0.82,67,3166.0,88.49,2026-09-15
MERCURYEV,EQ,15-Sep-2026,41.86,42.6,43.99,40.7,40.87,1209534,509.45,4665,791302.0,65.42,2026-09-15
METAL,EQ,15-Sep-2026,13.16,12.83,14.18,12.74,12.8,3768383,486.75,10436,2391583.0,63.46,2026-09-15
METALIC,ST,15-Sep-2026,147.0,147.1,152.9,139.7,150.15,91200,134.98,55,73600.0,80.7,2026-09-15
METALIETF,EQ,15-Sep-2026,13.1,13.42,13.42,12.73,12.77,11323031,1461.42,21068,5975536.0,52.77,2026-09-15
METROBRAND,EQ,15-Sep-2026,940.2,954.75,954.75,938.4,944.45,34577,326.3,4779,18587.0,53.76,2026-09-15
METROGLOBL,EQ,15-Sep-2026,138.58,140.65,143.0,132.9,134.31,893,1.23,41,572.0,64.05,2026-09-15
METROPOLIS,EQ,15-Sep-2026,585.5,586.0,591.5,569.85,572.5,118075,682.22,9442,63515.0,53.79,2026-09-15
MFML,EQ,15-Sep-2026,18.52,18.54,19.44,18.53,18.68,2803,0.52,27,2099.0,74.88,2026-09-15
MFSL,EQ,15-Sep-2026,1477.0,1478.4,1482.0,1425.9,1425.9,557252,8057.14,46778,384051.0,68.92,2026-09-15
MGEL,EQ,15-Sep-2026,15.86,16.2,16.2,15.5,15.53,227004,35.57,655,135988.0,59.91,2026-09-15
MGL,EQ,15-Sep-2026,1084.3,1081.0,1092.2,1069.1,1071.7,66528,720.06,9156,36861.0,55.41,2026-09-15
MGSL,SM,15-Sep-2026,74.0,72.0,72.0,68.0,68.1,15600,10.99,12,10800.0,69.23,2026-09-15
MHLXMIRU,BE,15-Sep-2026,157.24,157.24,162.9,155.97,156.39,5361,8.46,87,,,2026-09-15
MHRIL,EQ,15-Sep-2026,196.73,198.04,199.86,191.1,192.4,132435,257.56,3986,70769.0,53.44,2026-09-15
MICEL,BE,15-Sep-2026,35.49,35.14,35.14,34.79,34.79,104800,36.52,698,,,2026-09-15
MICROPRO,SM,15-Sep-2026,19.0,18.15,18.4,18.0,18.4,4800,0.87,3,3200.0,66.67,2026-09-15
MID150,EQ,15-Sep-2026,23.25,23.72,23.72,22.78,22.85,51260,11.77,535,34215.0,66.75,2026-09-15
MID150BEES,EQ,15-Sep-2026,236.63,238.32,238.43,231.02,231.67,1215175,2840.1,19477,740084.0,60.9,2026-09-15
MID150CASE,EQ,15-Sep-2026,11.51,11.79,11.79,11.25,11.29,1659047,188.83,7641,1162799.0,70.09,2026-09-15
MIDBANKADD,EQ,15-Sep-2026,17.39,17.32,17.32,17.01,17.07,536738,92.21,98,406494.0,75.73,2026-09-15
MIDCAP,EQ,15-Sep-2026,18.31,18.48,18.48,17.95,18.03,493281,89.58,1775,308687.0,62.58,2026-09-15
MIDCAPADD,EQ,15-Sep-2026,22.89,22.9,22.92,22.32,22.47,33965,7.65,60,28905.0,85.1,2026-09-15
MIDCAPBETA,EQ,15-Sep-2026,230.43,229.28,233.9,225.79,231.44,2858,6.54,82,1269.0,44.4,2026-09-15
MIDCAPETF,EQ,15-Sep-2026,23.39,23.56,23.56,22.85,22.91,2930640,677.39,13325,2384815.0,81.38,2026-09-15
MIDCAPIETF,EQ,15-Sep-2026,23.71,23.71,23.95,23.2,23.28,1443451,338.63,5083,830324.0,57.52,2026-09-15
MIDHANI,EQ,15-Sep-2026,447.4,448.35,450.5,402.15,405.85,2748265,11463.76,55647,1170208.0,42.58,2026-09-15
MIDQ50ADD,EQ,15-Sep-2026,24.33,24.33,24.5,24.0,24.12,101598,24.61,215,93523.0,92.05,2026-09-15
MIDSELIETF,EQ,15-Sep-2026,19.78,20.27,20.27,19.25,19.35,342179,66.73,1400,185043.0,54.08,2026-09-15
MIDSMALL,EQ,15-Sep-2026,51.56,51.56,51.67,50.16,50.28,246418,124.74,5444,191272.0,77.62,2026-09-15
MIDWESTLTD,EQ,15-Sep-2026,1016.4,1030.0,1033.0,967.6,974.3,50494,500.94,3415,30218.0,59.84,2026-09-15
MIEL,SM,15-Sep-2026,12.3,12.3,12.3,12.3,12.3,2000,0.25,1,2000.0,100.0,2026-09-15
MIIL,EQ,15-Sep-2026,676.45,681.3,698.7,658.2,666.1,89895,602.52,1676,52144.0,58.01,2026-09-15
MILKYMIST,EQ,15-Sep-2026,292.77,290.0,304.7,278.14,278.14,10778708,31048.97,83785,3768145.0,34.96,2026-09-15
MILTON,SM,15-Sep-2026,38.0,36.1,36.1,36.1,36.1,2200,0.79,1,2200.0,100.0,2026-09-15
MINALIND,BE,15-Sep-2026,5.56,5.45,5.45,5.45,5.45,3829,0.21,51,,,2026-09-15
MINDACORP,EQ,15-Sep-2026,705.45,702.3,704.6,675.0,678.95,184069,1259.24,16117,95341.0,51.8,2026-09-15
MINDSPACE,RR,15-Sep-2026,491.66,493.89,497.7,493.0,496.81,939617,4658.42,10691,893181.0,95.06,2026-09-15
MINDTECK,EQ,15-Sep-2026,158.61,161.61,162.28,151.8,154.36,44745,70.37,1038,23399.0,52.29,2026-09-15
MIRZAINT,EQ,15-Sep-2026,30.63,30.63,31.48,29.03,29.4,299174,89.65,2495,151315.0,50.58,2026-09-15
MITCON,EQ,15-Sep-2026,80.15,80.56,80.56,78.01,80.0,753,0.6,27,587.0,77.95,2026-09-15
MITTAL,EQ,15-Sep-2026,0.8,0.8,0.81,0.77,0.77,2832041,22.31,637,2036107.0,71.9,2026-09-15
MKEXIM,EQ,15-Sep-2026,64.99,66.9,66.9,61.5,64.52,4900,3.11,159,3736.0,76.24,2026-09-15
MKPL,EQ,15-Sep-2026,3.96,3.97,4.0,3.9,3.92,84266,3.33,578,74513.0,88.43,2026-09-15
MLKFOOD,EQ,15-Sep-2026,80.64,80.64,83.0,75.0,78.84,5091,3.97,153,4542.0,89.22,2026-09-15
MMEL,SM,15-Sep-2026,27.0,27.0,27.0,27.0,27.0,4000,1.08,2,4000.0,100.0,2026-09-15
MMFL,EQ,15-Sep-2026,631.7,631.7,633.65,583.5,593.8,198758,1193.58,5479,137069.0,68.96,2026-09-15
MMP,EQ,15-Sep-2026,469.95,474.35,498.0,453.25,457.7,68004,319.06,3176,30467.0,44.8,2026-09-15
MMTC,EQ,15-Sep-2026,61.92,62.42,62.99,60.34,60.77,973978,595.91,7577,440975.0,45.28,2026-09-15
MMWL,EQ,15-Sep-2026,13.46,13.46,14.1,13.4,13.77,30090,4.14,216,18274.0,60.73,2026-09-15
MNC,EQ,15-Sep-2026,32.71,33.08,33.08,32.0,32.18,154691,49.84,686,137193.0,88.69,2026-09-15
MOALPHA50,EQ,15-Sep-2026,56.12,56.12,57.1,53.86,54.04,24436,13.3,237,17789.0,72.8,2026-09-15
MOBANK10,EQ,15-Sep-2026,16.65,16.73,17.07,16.39,16.42,1948,0.32,110,1169.0,60.01,2026-09-15
MOBIKWIK,EQ,15-Sep-2026,209.7,211.88,215.7,197.7,200.86,3070663,6342.96,41290,879962.0,28.66,2026-09-15
MOCAPITAL,EQ,15-Sep-2026,53.99,54.04,55.33,52.67,52.85,972221,518.64,5440,704548.0,72.47,2026-09-15
MODEFENCE,EQ,15-Sep-2026,106.73,110.0,110.0,100.3,100.76,4664150,4777.75,29773,2831331.0,60.7,2026-09-15
MODINATUR,EQ,15-Sep-2026,339.7,343.7,347.9,336.25,338.0,7810,26.58,238,7087.0,90.74,2026-09-15
MODIRUBBER,EQ,15-Sep-2026,123.91,122.76,126.8,120.4,121.46,2584,3.2,81,1732.0,67.03,2026-09-15
MODIS,EQ,15-Sep-2026,365.5,365.0,365.7,350.1,354.4,14475,52.07,782,8143.0,56.26,2026-09-15
MODISONLTD,BE,15-Sep-2026,503.05,503.05,510.8,477.9,478.15,76958,372.03,1610,,,2026-09-15
MODTHREAD,EQ,15-Sep-2026,52.92,52.98,53.0,51.11,52.13,5839,3.05,120,3586.0,61.41,2026-09-15
MOENERGY,EQ,15-Sep-2026,38.06,38.25,38.45,37.26,37.48,147550,55.68,1235,124444.0,84.34,2026-09-15
MOGOLD,EQ,15-Sep-2026,149.8,149.7,155.0,148.0,149.25,27721,41.27,655,8898.0,32.1,2026-09-15
MOGSEC,EQ,15-Sep-2026,65.17,65.5,65.68,64.8,65.01,1521,1.0,76,1322.0,86.92,2026-09-15
MOHEALTH,EQ,15-Sep-2026,52.15,52.65,52.65,50.93,51.11,136793,70.59,1122,68778.0,50.28,2026-09-15
MOHITE,EQ,15-Sep-2026,2.63,2.72,2.79,2.25,2.54,228258,5.67,551,141764.0,62.11,2026-09-15
MOHITIND,EQ,15-Sep-2026,23.23,24.1,24.1,22.65,23.68,6206,1.47,60,4585.0,73.88,2026-09-15
MOIL,EQ,15-Sep-2026,244.93,246.0,247.4,237.26,238.54,756254,1826.44,13455,419102.0,55.42,2026-09-15
MOINFRA,EQ,15-Sep-2026,58.73,58.25,58.5,57.26,57.41,4927,2.85,131,4453.0,90.38,2026-09-15
MOIPO,EQ,15-Sep-2026,48.7,48.7,48.73,47.25,47.59,8532,4.09,70,6820.0,79.93,2026-09-15
MOKSH,EQ,15-Sep-2026,10.31,10.31,10.59,9.95,10.01,123393,12.46,394,106691.0,86.46,2026-09-15
MOL,EQ,15-Sep-2026,62.52,62.86,63.15,58.58,58.86,828296,499.13,6294,421983.0,50.95,2026-09-15
MOLBIO,EQ,15-Sep-2026,1438.2,1419.7,1419.7,1273.0,1356.8,3774360,50167.94,171177,428699.0,11.36,2026-09-15
MOLDTECH,BE,15-Sep-2026,207.39,213.0,213.0,197.03,197.03,28727,57.11,530,,,2026-09-15
MOLDTKPAC,EQ,15-Sep-2026,676.45,670.7,677.45,650.25,652.1,53186,351.62,5263,28343.0,53.29,2026-09-15
MOLOWVOL,EQ,15-Sep-2026,35.33,35.33,35.59,34.95,34.96,4112,1.44,75,4032.0,98.05,2026-09-15
MOM100,EQ,15-Sep-2026,67.29,67.29,67.8,65.74,65.95,539284,358.4,5282,309758.0,57.44,2026-09-15
MOM30IETF,EQ,15-Sep-2026,31.3,31.93,31.93,30.25,30.33,1202788,368.24,5208,739591.0,61.49,2026-09-15
MOM50,EQ,15-Sep-2026,246.88,251.82,251.82,242.9,243.41,3874,9.48,261,3109.0,80.25,2026-09-15
MOMENTUM,EQ,15-Sep-2026,31.61,32.0,32.4,30.04,30.25,160931,48.97,1297,122731.0,76.26,2026-09-15
MOMENTUM30,EQ,15-Sep-2026,30.63,30.95,30.95,29.53,29.78,194013,58.02,233,73386.0,37.83,2026-09-15
MOMENTUM50,EQ,15-Sep-2026,54.52,55.47,55.47,52.46,52.63,1075624,572.06,19548,712224.0,66.21,2026-09-15
MOMETAL,EQ,15-Sep-2026,13.07,13.08,13.08,12.66,12.74,28627,3.69,90,27255.0,95.21,2026-09-15
MOMGF,EQ,15-Sep-2026,160.0,159.17,165.0,156.05,158.24,1547,2.44,64,1539.0,99.48,2026-09-15
MOMIDMTM,EQ,15-Sep-2026,64.37,65.66,65.66,62.4,62.66,64529,40.88,782,57251.0,88.72,2026-09-15
MOMMIDCAP,EQ,15-Sep-2026,12.99,12.96,13.13,12.56,12.58,1704461,216.47,1666,1517541.0,89.03,2026-09-15
MOMNC,EQ,15-Sep-2026,31.85,31.85,32.87,31.12,31.12,1595,0.5,59,1509.0,94.61,2026-09-15
MOMOMENTUM,EQ,15-Sep-2026,62.07,61.51,62.16,60.11,60.3,104191,63.3,1094,63148.0,60.61,2026-09-15
MOMSBELIEF,BE,15-Sep-2026,224.96,224.96,229.0,216.55,224.88,121277,271.95,930,,,2026-09-15
MON100,EQ,15-Sep-2026,332.83,338.44,342.81,330.02,330.62,785006,2616.62,31130,441507.0,56.24,2026-09-15
MON50EQUAL,EQ,15-Sep-2026,32.51,32.64,33.33,32.05,32.22,3116,1.01,68,3109.0,99.78,2026-09-15
MONARCH,EQ,15-Sep-2026,373.95,370.95,374.0,365.55,366.5,73907,271.6,1183,37603.0,50.88,2026-09-15
MONEXT50,EQ,15-Sep-2026,71.9,73.34,73.34,69.87,70.14,10781,7.62,174,4635.0,42.99,2026-09-15
MONEYBOXX,EQ,15-Sep-2026,40.86,42.2,44.94,42.19,44.94,85676,38.36,129,79449.0,92.73,2026-09-15
MONIFTY100,EQ,15-Sep-2026,24.78,24.16,25.02,24.16,24.48,8248,2.03,108,6835.0,82.87,2026-09-15
MONIFTY500,EQ,15-Sep-2026,23.53,24.11,24.11,23.09,23.19,2616214,607.96,3330,2459508.0,94.01,2026-09-15
MONOLITH,SM,15-Sep-2026,1432.55,1421.0,1450.0,1347.05,1420.35,90250,1263.86,312,55500.0,61.5,2026-09-15
MONQ50,EQ,15-Sep-2026,216.35,221.75,234.0,210.94,229.73,656015,1505.75,14301,291407.0,44.42,2026-09-15
MONTECARLO,EQ,15-Sep-2026,555.45,555.45,560.9,548.0,552.35,63656,353.16,2536,42721.0,67.11,2026-09-15
MOOILGAS,EQ,15-Sep-2026,11.34,11.62,11.62,10.8,10.87,35075,3.84,161,32393.0,92.35,2026-09-15
MOPSE,EQ,15-Sep-2026,99.27,97.1,103.0,96.9,99.1,3900,3.8,62,3444.0,88.31,2026-09-15
MOQUALITY,EQ,15-Sep-2026,194.92,195.89,195.95,192.0,192.25,572,1.11,39,397.0,69.41,2026-09-15
MORARJEE,BZ,15-Sep-2026,9.22,8.76,8.76,8.76,8.76,3162,0.28,4,,,2026-09-15
MOREALTY,EQ,15-Sep-2026,85.21,86.06,86.59,82.1,82.37,790268,658.57,4858,500062.0,63.28,2026-09-15
MOREPENLAB,EQ,15-Sep-2026,115.78,116.0,116.68,104.8,106.22,18625874,20244.39,76167,5909411.0,31.73,2026-09-15
MOS,ST,15-Sep-2026,6.0,5.75,5.95,5.7,5.7,600000,34.32,87,540000.0,90.0,2026-09-15
MOSCHIP,EQ,15-Sep-2026,210.29,210.35,211.7,202.0,203.02,1146326,2363.36,19584,534353.0,46.61,2026-09-15
MOSERVICE,EQ,15-Sep-2026,30.33,30.94,30.94,29.9,30.0,5995,1.8,82,5976.0,99.68,2026-09-15
MOSILVER,EQ,15-Sep-2026,224.35,224.48,224.48,221.2,221.93,23991,53.45,4258,10249.0,42.72,2026-09-15
MOSMALL250,EQ,15-Sep-2026,18.41,18.87,18.87,17.58,17.98,4772214,863.11,4922,2736889.0,57.35,2026-09-15
MOTHERSON,EQ,15-Sep-2026,164.45,165.0,165.41,158.15,158.15,13755237,22126.29,94793,8779908.0,63.83,2026-09-15
MOTILALOFS,EQ,15-Sep-2026,1026.5,1029.0,1030.0,985.1,990.8,581522,5798.13,20098,266935.0,45.9,2026-09-15
MOTISONS,EQ,15-Sep-2026,15.95,16.0,16.09,15.32,15.47,9434969,1477.0,12867,2883071.0,30.56,2026-09-15
MOTOGENFIN,EQ,15-Sep-2026,25.59,25.6,27.0,25.11,25.15,41480,10.68,156,31198.0,75.21,2026-09-15
MOTOUR,EQ,15-Sep-2026,76.85,76.85,77.61,75.07,75.27,24983,18.86,337,19286.0,77.2,2026-09-15
MOVALUE,EQ,15-Sep-2026,111.48,111.55,112.48,108.79,109.39,46233,50.97,1352,30379.0,65.71,2026-09-15
MPDL,BE,15-Sep-2026,32.11,31.95,31.95,30.51,31.75,808,0.26,5,,,2026-09-15
MPEL,ST,15-Sep-2026,22.35,21.25,21.95,21.25,21.25,12800,2.73,8,8000.0,62.5,2026-09-15
MPEL-RE,ST,15-Sep-2026,2.0,2.4,2.4,1.6,1.6,102400,2.05,26,102400.0,100.0,2026-09-15
MPHASIS,EQ,15-Sep-2026,2295.0,2353.0,2461.1,2353.0,2378.0,1176828,28280.06,86231,396590.0,33.7,2026-09-15
MPSLTD,EQ,15-Sep-2026,2608.5,2612.1,2649.0,2510.5,2522.6,19900,511.63,3125,12420.0,62.41,2026-09-15
MRF,EQ,15-Sep-2026,128290.0,128800.0,129600.0,125500.0,125795.0,2921,3707.85,2382,1460.0,49.98,2026-09-15
MRIL,ST,15-Sep-2026,72.4,72.0,76.0,72.0,76.0,48000,36.2,27,48000.0,100.0,2026-09-15
MRPL,EQ,15-Sep-2026,175.86,175.5,176.07,166.0,166.81,8734694,14882.49,59028,2663313.0,30.49,2026-09-15
MSCI360,EQ,15-Sep-2026,9.94,9.94,10.07,9.75,9.77,13928,1.37,43,13427.0,96.4,2026-09-15
MSCIADD,EQ,15-Sep-2026,28.92,28.91,28.91,28.56,28.56,1208,0.35,13,1100.0,91.06,2026-09-15
MSCIINDIA,EQ,15-Sep-2026,29.11,29.11,29.48,28.8,28.89,7421,2.15,179,6497.0,87.55,2026-09-15
MSL,EQ,15-Sep-2026,141.56,138.5,140.0,134.0,140.0,405,0.55,22,388.0,95.8,2026-09-15
MSPL,EQ,15-Sep-2026,33.96,34.9,34.9,32.6,32.96,721973,239.83,2632,512198.0,70.94,2026-09-15
MSTCLTD,EQ,15-Sep-2026,738.55,741.95,746.0,700.0,701.2,387780,2768.23,14054,212168.0,54.71,2026-09-15
MSUMI,EQ,15-Sep-2026,36.3,36.5,36.58,34.76,35.06,10784713,3840.18,80850,6036652.0,55.97,2026-09-15
MTARTECH,BE,15-Sep-2026,7312.5,6950.0,7151.0,6947.0,6947.0,155246,10806.28,13121,,,2026-09-15
MTEDUCARE,BE,15-Sep-2026,1.82,1.91,1.91,1.73,1.83,43345,0.77,100,,,2026-09-15
MTNL,EQ,15-Sep-2026,24.74,24.94,25.12,23.62,23.7,1071039,260.14,4582,460666.0,43.01,2026-09-15
MUFIN,EQ,15-Sep-2026,134.76,135.33,135.9,131.31,132.49,403703,536.84,2402,217749.0,53.94,2026-09-15
MUFTI,EQ,15-Sep-2026,72.78,73.0,73.5,72.0,72.49,57214,41.67,820,35779.0,62.54,2026-09-15
MUKANDLTD,EQ,15-Sep-2026,139.48,139.59,143.48,135.2,135.62,53683,73.44,1015,30316.0,56.47,2026-09-15
MUKKA,EQ,15-Sep-2026,32.17,33.0,33.29,30.95,31.39,2284101,740.83,8722,1140012.0,49.91,2026-09-15
MUKTAARTS,BE,15-Sep-2026,58.57,58.57,58.57,55.65,57.2,3147,1.78,30,,,2026-09-15
MULTICAP,EQ,15-Sep-2026,16.51,16.78,16.78,16.21,16.22,191369,31.32,987,144536.0,75.53,2026-09-15
MUNISH,SM,15-Sep-2026,93.0,90.15,98.0,90.15,97.5,57600,54.33,48,45600.0,79.17,2026-09-15
MUNJALAU,EQ,15-Sep-2026,106.64,106.64,108.24,103.09,103.8,299371,314.01,4760,126304.0,42.19,2026-09-15
MUNJALSHOW,EQ,15-Sep-2026,127.66,128.88,128.88,125.0,125.28,18586,23.4,533,12839.0,69.08,2026-09-15
MURUDCERA,EQ,15-Sep-2026,29.78,29.74,30.16,29.0,29.0,11482,3.35,164,8887.0,77.4,2026-09-15
MUTHOOTCAP,EQ,15-Sep-2026,226.85,226.85,233.79,220.8,222.9,11449,25.95,580,7434.0,64.93,2026-09-15
MUTHOOTFIN,EQ,15-Sep-2026,2792.1,2792.1,2794.0,2722.3,2722.3,451554,12430.61,54842,262946.0,58.23,2026-09-15
MUTHOOTMF,EQ,15-Sep-2026,196.48,196.48,199.31,183.6,187.61,333669,639.42,6047,152870.0,45.81,2026-09-15
MVELECTRO,EQ,15-Sep-2026,841.7,856.0,856.0,757.55,777.0,1768387,14252.91,43017,217569.0,12.3,2026-09-15
MVGJL,EQ,15-Sep-2026,197.37,197.8,212.0,193.23,196.05,407195,822.48,9359,158422.0,38.91,2026-09-15
MVKAGRO,SM,15-Sep-2026,299.8,309.0,309.0,284.85,284.85,380100,1106.64,661,255600.0,67.25,2026-09-15
MWL,EQ,15-Sep-2026,40.6,41.9,48.0,39.29,41.03,7108354,3092.11,41600,1551147.0,21.82,2026-09-15
MYMUDRA,SM,15-Sep-2026,64.8,63.4,66.0,63.4,63.5,4800,3.08,4,4800.0,100.0,2026-09-15
MYSORPETRO,BE,15-Sep-2026,141.1,135.01,146.45,134.05,134.05,3374,4.64,71,,,2026-09-15
NACLIND,EQ,15-Sep-2026,157.62,158.29,158.68,149.46,149.92,481375,733.69,9295,275237.0,57.18,2026-09-15
NAGAFERT,BZ,15-Sep-2026,1.95,1.86,1.86,1.86,1.86,287300,5.34,485,,,2026-09-15
NAGREEKCAP,EQ,15-Sep-2026,24.9,24.9,27.39,24.07,27.38,47603,12.81,427,33071.0,69.47,2026-09-15
NAGREEKEXP,EQ,15-Sep-2026,22.4,22.4,23.0,21.36,21.61,18145,4.02,228,13616.0,75.04,2026-09-15
NAHARCAP,EQ,15-Sep-2026,258.9,260.6,261.9,248.0,252.65,6628,16.79,150,5824.0,87.87,2026-09-15
NAHARINDUS,EQ,15-Sep-2026,131.62,131.2,135.59,126.22,127.37,15027,19.57,665,8092.0,53.85,2026-09-15
NAHARPOLY,EQ,15-Sep-2026,231.87,231.87,234.76,225.0,226.24,9176,20.93,370,6143.0,66.95,2026-09-15
NAHARSPING,EQ,15-Sep-2026,273.1,275.0,279.0,255.0,261.65,17043,45.2,629,10936.0,64.17,2026-09-15
NAM-INDIA,EQ,15-Sep-2026,1189.6,1184.0,1194.4,1153.1,1153.1,1238154,14607.55,115150,790673.0,63.86,2026-09-15
NAMAN,SM,15-Sep-2026,39.0,39.0,39.0,39.0,39.0,1600,0.62,2,1600.0,100.0,2026-09-15
NAMOEWASTE,ST,15-Sep-2026,284.25,273.15,277.95,270.05,273.55,82400,223.45,96,71200.0,86.41,2026-09-15
NARMADA,EQ,15-Sep-2026,14.38,14.2,14.38,13.55,13.85,188355,26.49,582,105360.0,55.94,2026-09-15
NATCAPSUQ,BE,15-Sep-2026,189.39,185.01,189.99,180.0,180.43,15656,28.49,194,,,2026-09-15
NATCOPHARM,EQ,15-Sep-2026,815.35,816.95,831.45,812.3,819.15,434634,3563.61,31839,210940.0,48.53,2026-09-15
NATHBIOGEN,EQ,15-Sep-2026,147.78,147.78,150.0,146.0,146.81,7164,10.6,219,6463.0,90.21,2026-09-15
NATIONALUM,EQ,15-Sep-2026,361.0,359.6,360.35,350.25,350.55,3640356,12947.64,58392,1936952.0,53.21,2026-09-15
NATIONSTD,EQ,15-Sep-2026,110.11,110.11,115.4,105.2,114.25,45167,49.29,965,30190.0,66.84,2026-09-15
NAUKRI,EQ,15-Sep-2026,1250.8,1268.1,1310.0,1261.5,1261.5,1716983,22031.45,57023,793200.0,46.2,2026-09-15
NAVA,EQ,15-Sep-2026,551.85,552.1,561.85,533.9,536.95,261101,1426.64,20468,152037.0,58.23,2026-09-15
NAVINFLUOR,EQ,15-Sep-2026,8543.5,8586.0,8618.5,8208.0,8228.0,111387,9247.12,31476,54751.0,49.15,2026-09-15
NAVKARCORP,EQ,15-Sep-2026,93.58,93.58,93.9,90.6,91.58,261219,239.91,3024,164691.0,63.05,2026-09-15
NAVKARURB,BE,15-Sep-2026,0.87,0.87,0.89,0.84,0.87,739180,6.48,336,,,2026-09-15
NAVNETEDUL,EQ,15-Sep-2026,127.85,127.2,127.8,123.81,124.1,90749,113.87,1495,70123.0,77.27,2026-09-15
NAZARA,EQ,15-Sep-2026,370.3,369.05,375.05,354.9,357.4,1012532,3681.55,18757,615867.0,60.82,2026-09-15
NBCC,EQ,15-Sep-2026,82.9,83.25,83.49,80.13,80.69,5854402,4765.67,31974,2894472.0,49.44,2026-09-15
NBIFIN,EQ,15-Sep-2026,2020.0,2020.0,2020.0,1966.1,1978.5,5209,102.79,77,5141.0,98.69,2026-09-15
NCC,EQ,15-Sep-2026,140.94,141.33,142.23,136.6,137.33,1413062,1965.51,21116,772602.0,54.68,2026-09-15
NCLIND,EQ,15-Sep-2026,175.05,174.52,175.5,171.1,173.02,39682,68.66,717,30739.0,77.46,2026-09-15
NDGL,EQ,15-Sep-2026,2692.2,2690.0,2795.0,2650.0,2655.5,174,4.67,42,164.0,94.25,2026-09-15
NDL,EQ,15-Sep-2026,2.86,2.87,2.88,2.65,2.75,1065293,29.52,1619,671876.0,63.07,2026-09-15
NDLVENTURE,EQ,15-Sep-2026,125.43,127.97,127.97,118.3,118.87,40636,50.55,802,33885.0,83.39,2026-09-15
NDRAUTO,EQ,15-Sep-2026,692.85,692.85,697.15,660.5,672.85,44559,300.32,3162,23212.0,52.09,2026-09-15
NDRINVIT,IV,15-Sep-2026,145.0,145.0,145.0,145.0,145.0,25000,36.25,1,25000.0,100.0,2026-09-15
NDTV,EQ,15-Sep-2026,72.02,71.13,72.8,70.05,70.43,58950,41.8,1038,35066.0,59.48,2026-09-15
NEAGI,EQ,15-Sep-2026,3435.0,3450.0,3450.0,3308.0,3308.0,10,0.33,6,9.0,90.0,2026-09-15
NECCLTD,BE,15-Sep-2026,19.1,19.01,19.36,18.15,19.04,55002,10.13,158,,,2026-09-15
NECLIFE,EQ,15-Sep-2026,11.5,11.54,12.07,11.23,11.4,129977,15.27,467,90211.0,69.41,2026-09-15
NELCAST,EQ,15-Sep-2026,108.56,108.79,109.04,103.8,104.91,50573,53.74,1729,28266.0,55.89,2026-09-15
NELCO,EQ,15-Sep-2026,947.25,953.0,960.65,912.5,924.3,220149,2047.36,9308,97138.0,44.12,2026-09-15
NEOCHEM,SM,15-Sep-2026,102.15,102.0,108.3,102.0,105.15,140400,146.78,46,85200.0,60.68,2026-09-15
NEOGEN,EQ,15-Sep-2026,2373.0,2381.0,2399.8,2234.3,2310.3,264415,6136.27,35847,136082.0,51.47,2026-09-15
NEPHROCARE,SM,15-Sep-2026,93.2,97.0,102.45,95.25,95.4,27600,27.06,60,19200.0,69.57,2026-09-15
NEPHROPLUS,EQ,15-Sep-2026,765.35,770.0,774.95,725.0,734.95,306493,2276.4,25012,170236.0,55.54,2026-09-15
NEPTUNE,SM,15-Sep-2026,179.05,179.0,179.0,179.0,179.0,500,0.9,1,500.0,100.0,2026-09-15
NESCO,EQ,15-Sep-2026,1102.2,1112.0,1132.3,1081.6,1087.7,77281,853.65,7250,42273.0,54.7,2026-09-15
NESTLEIND,EQ,15-Sep-2026,1383.3,1383.3,1395.0,1362.0,1362.0,1597455,21964.02,73893,965260.0,60.42,2026-09-15
NETF,EQ,15-Sep-2026,254.79,252.55,257.0,252.15,253.54,2881,7.34,255,1597.0,55.43,2026-09-15
NETWEB,EQ,15-Sep-2026,5027.0,4962.0,4977.5,4570.0,4614.0,1907037,90177.49,165544,607417.0,31.85,2026-09-15
NETWORK18,EQ,15-Sep-2026,26.64,27.12,27.19,25.85,25.95,3466061,911.23,8056,2262905.0,65.29,2026-09-15
NEUEON,BE,15-Sep-2026,11.96,11.95,11.95,11.37,11.38,31418,3.59,100,,,2026-09-15
NEULANDLAB,EQ,15-Sep-2026,23535.0,23430.0,23480.0,22430.0,22595.0,54667,12532.17,22457,30084.0,55.03,2026-09-15
NEWGEN,EQ,15-Sep-2026,501.4,512.0,528.6,498.0,499.35,1695640,8751.24,48798,306321.0,18.07,2026-09-15
NEWJAISA,ST,15-Sep-2026,17.25,17.65,17.65,17.4,17.6,49500,8.72,12,49500.0,100.0,2026-09-15
NEXT30ADD,EQ,15-Sep-2026,42.39,42.6,42.6,41.47,41.59,4424,1.85,119,3329.0,75.25,2026-09-15
NEXT50,EQ,15-Sep-2026,746.1,746.1,749.83,726.93,728.36,56707,415.52,4410,37072.0,65.37,2026-09-15
NEXT50ADD,EQ,15-Sep-2026,72.78,72.78,72.78,70.71,70.86,114949,82.06,115,103459.0,90.0,2026-09-15
NEXT50BETA,EQ,15-Sep-2026,78.06,78.78,78.78,76.0,76.45,122831,94.64,1444,85775.0,69.83,2026-09-15
NEXT50ETF,EQ,15-Sep-2026,72.96,73.32,73.32,71.0,71.39,26824,19.25,407,26149.0,97.48,2026-09-15
NEXT50IETF,EQ,15-Sep-2026,76.35,76.7,76.7,74.32,74.54,1139608,856.3,13075,894575.0,78.5,2026-09-15
NEXTMEDIA,EQ,15-Sep-2026,3.9,3.81,3.96,3.78,3.83,15210,0.59,40,6185.0,40.66,2026-09-15
NFL,EQ,15-Sep-2026,68.49,68.42,68.86,67.1,67.18,471098,318.44,3893,197068.0,41.83,2026-09-15
NFPSAMPOOR,SM,15-Sep-2026,21.0,20.5,22.5,20.0,22.0,26000,5.42,13,14000.0,53.85,2026-09-15
NGIL,EQ,15-Sep-2026,33.42,33.42,34.1,32.3,33.01,8373,2.78,73,7452.0,89.0,2026-09-15
NGLFINE,EQ,15-Sep-2026,2657.2,2657.2,2690.9,2541.5,2581.8,7736,201.9,1607,4578.0,59.18,2026-09-15
NH,EQ,15-Sep-2026,1869.2,1899.0,1914.9,1878.9,1894.9,249620,4746.08,39145,136028.0,54.49,2026-09-15
NHIT,IV,15-Sep-2026,169.95,171.0,171.0,171.0,171.0,25000,42.75,1,25000.0,100.0,2026-09-15
NHPC,EQ,15-Sep-2026,76.38,76.55,77.07,75.56,76.04,8558617,6514.57,42881,4601977.0,53.77,2026-09-15
NIACL,EQ,15-Sep-2026,198.39,200.0,200.3,184.0,185.41,3487564,6631.38,35947,1080854.0,30.99,2026-09-15
NIBE,EQ,15-Sep-2026,1282.4,1295.0,1295.0,1218.0,1224.4,39048,488.03,4069,22656.0,58.02,2026-09-15
NIBL,EQ,15-Sep-2026,33.23,33.26,34.0,30.62,31.06,45821,14.84,587,30645.0,66.88,2026-09-15
NICCOPAR,EQ,15-Sep-2026,83.0,83.0,83.0,79.05,80.51,1411,1.12,39,1328.0,94.12,2026-09-15
NIDAN,SM,15-Sep-2026,13.5,13.25,13.25,13.25,13.25,1000,0.13,1,1000.0,100.0,2026-09-15
NIF100BEES,EQ,15-Sep-2026,261.2,263.81,264.02,257.1,257.93,39979,103.58,944,20514.0,51.31,2026-09-15
NIF100IETF,EQ,15-Sep-2026,27.49,28.17,28.17,26.8,27.16,131694,35.91,3801,68355.0,51.9,2026-09-15
NIF500BETA,EQ,15-Sep-2026,36.78,38.0,38.0,36.24,36.31,1428,0.52,21,1426.0,99.86,2026-09-15
NIFTY1,EQ,15-Sep-2026,260.41,257.81,263.01,257.03,257.46,195379,505.84,2701,109808.0,56.2,2026-09-15
NIFTY100EW,EQ,15-Sep-2026,34.53,34.53,35.0,33.82,33.91,111737,38.13,668,104028.0,93.1,2026-09-15
NIFTYADD,EQ,15-Sep-2026,246.89,244.42,248.12,244.42,244.69,14910,36.67,259,9401.0,63.05,2026-09-15
NIFTYAXIS,EQ,15-Sep-2026,259.44,262.46,262.46,256.84,257.17,15282,39.44,272,11906.0,77.91,2026-09-15
NIFTYBEES,EQ,15-Sep-2026,267.14,268.1,269.9,264.24,264.58,7069412,18801.87,93403,4949429.0,70.01,2026-09-15
NIFTYBETA,EQ,15-Sep-2026,260.23,262.88,262.88,257.11,257.38,53891,139.27,941,40455.0,75.07,2026-09-15
NIFTYBETF,EQ,15-Sep-2026,241.1,244.47,244.47,238.39,239.22,14854,35.78,158,4994.0,33.62,2026-09-15
NIFTYCASE,EQ,15-Sep-2026,9.41,9.17,9.59,9.17,9.34,1012463,94.9,3011,818781.0,80.87,2026-09-15
NIFTYETF,EQ,15-Sep-2026,255.29,255.17,258.86,252.12,252.68,119757,303.63,1598,78596.0,65.63,2026-09-15
NIFTYIETF,EQ,15-Sep-2026,265.67,270.98,270.98,263.0,263.36,638243,1689.64,32580,428930.0,67.2,2026-09-15
NIFTYJBLK,EQ,15-Sep-2026,12.14,11.83,12.44,11.83,11.92,178450,21.4,1263,155162.0,86.95,2026-09-15
NIFTYQLITY,EQ,15-Sep-2026,20.83,21.08,21.08,20.5,20.57,31338,6.52,332,24853.0,79.31,2026-09-15
NIITLTD,EQ,15-Sep-2026,92.49,91.77,94.29,86.69,87.32,391512,352.81,5154,184644.0,47.16,2026-09-15
NIITMTS,EQ,15-Sep-2026,229.84,231.98,238.45,227.82,232.02,297370,693.15,11091,157353.0,52.91,2026-09-15
NIKITA,SM,15-Sep-2026,70.1,68.25,68.25,66.8,66.8,10800,7.31,9,7200.0,66.67,2026-09-15
NILAINFRA,EQ,15-Sep-2026,6.64,6.65,6.86,6.5,6.57,177793,11.79,701,149831.0,84.27,2026-09-15
NILASPACES,EQ,15-Sep-2026,12.28,12.28,12.56,12.0,12.23,1058264,129.53,1933,431044.0,40.73,2026-09-15
NILE,EQ,15-Sep-2026,1452.1,1440.0,1488.0,1430.0,1431.9,1972,28.43,376,1607.0,81.49,2026-09-15
NILKAMAL,EQ,15-Sep-2026,2050.8,2050.8,2069.9,1989.0,2017.9,19596,398.43,2976,10675.0,54.48,2026-09-15
NIMBSPROJ,EQ,15-Sep-2026,165.25,171.86,173.51,170.0,170.0,1551,2.68,28,1393.0,89.81,2026-09-15
NINSYS,EQ,15-Sep-2026,710.7,725.0,725.0,700.05,710.75,3821,27.09,616,2300.0,60.19,2026-09-15
NIPPOBATRY,EQ,15-Sep-2026,317.85,320.0,322.2,316.5,320.85,1619,5.18,92,1100.0,67.94,2026-09-15
NIRAJ,EQ,15-Sep-2026,27.22,27.02,28.7,27.02,27.58,19209,5.38,147,13975.0,72.75,2026-09-15
NIRAJISPAT,BE,15-Sep-2026,300.3,299.95,300.0,299.9,300.0,674,2.02,16,,,2026-09-15
NIRLON,EQ,15-Sep-2026,607.5,610.0,620.45,600.0,600.65,3067,18.52,517,2239.0,73.0,2026-09-15
NIRMAN,SM,15-Sep-2026,27.55,28.1,28.45,27.1,27.5,13800,3.81,37,10800.0,78.26,2026-09-15
NITCO,EQ,15-Sep-2026,93.71,93.32,94.03,87.15,88.24,464560,419.0,3239,256836.0,55.29,2026-09-15
NITINSPIN,EQ,15-Sep-2026,651.05,654.8,665.0,640.25,643.15,182683,1186.01,9319,105738.0,57.88,2026-09-15
NITIRAJ,EQ,15-Sep-2026,233.25,235.0,236.0,224.5,225.91,4441,10.06,120,3363.0,75.73,2026-09-15
NITTAGELA,EQ,15-Sep-2026,1645.3,1625.4,1807.0,1602.2,1693.0,14085,243.08,1511,9124.0,64.78,2026-09-15
NIVABUPA,EQ,15-Sep-2026,79.93,79.92,83.9,79.63,81.5,1416460,1147.46,13849,613554.0,43.32,2026-09-15
NKIND,EQ,15-Sep-2026,55.43,55.1,59.5,55.0,55.52,1139,0.63,35,934.0,82.0,2026-09-15
NLCINDIA,EQ,15-Sep-2026,264.4,264.45,266.4,256.3,261.05,1337838,3494.45,30188,689974.0,51.57,2026-09-15
NMDC,EQ,15-Sep-2026,82.4,82.8,82.89,80.5,80.5,10462679,8529.37,42633,6252336.0,59.76,2026-09-15
NMSTEEL,SM,15-Sep-2026,23.55,23.55,23.55,23.55,23.55,1600,0.38,1,1600.0,100.0,2026-09-15
NOCIL,EQ,15-Sep-2026,189.65,191.61,192.0,182.15,183.6,1291473,2417.84,13757,473090.0,36.63,2026-09-15
NOIDATOLL,EQ,15-Sep-2026,3.95,4.04,4.05,3.95,4.01,48722,1.94,235,40782.0,83.7,2026-09-15
NORBTEAEXP,EQ,15-Sep-2026,64.4,65.9,67.39,64.5,64.5,1569,1.01,35,1170.0,74.57,2026-09-15
NORTHARC,EQ,15-Sep-2026,305.1,305.9,308.2,292.0,294.2,1045895,3101.46,19080,581214.0,55.57,2026-09-15
NOVAAGRI,EQ,15-Sep-2026,22.7,23.42,23.48,21.8,22.49,107024,24.09,605,68157.0,63.68,2026-09-15
NOVARTIND,EQ,15-Sep-2026,2391.3,2360.2,2360.2,2153.3,2188.0,135595,3041.82,11266,41597.0,30.68,2026-09-15
NPBET,EQ,15-Sep-2026,284.56,284.72,284.72,277.78,278.83,484,1.36,41,268.0,55.37,2026-09-15
NPST,EQ,15-Sep-2026,1686.1,1698.9,1700.0,1630.0,1639.5,27585,458.03,3880,14137.0,51.25,2026-09-15
NRAIL,EQ,15-Sep-2026,627.9,638.0,685.0,631.0,638.85,113606,753.56,6021,43999.0,38.73,2026-09-15
NRBBEARING,EQ,15-Sep-2026,514.65,516.0,516.8,478.0,480.85,504748,2477.59,25017,241875.0,47.92,2026-09-15
NRL,BE,15-Sep-2026,133.06,127.0,136.5,126.41,135.35,118553,155.22,562,,,2026-09-15
NRVANDANA,SM,15-Sep-2026,68.0,68.0,68.0,67.0,67.0,6000,4.05,2,6000.0,100.0,2026-09-15
NSIL,EQ,15-Sep-2026,5551.0,5623.0,5623.0,5400.0,5409.5,1651,90.55,322,1234.0,74.74,2026-09-15
NSLNISP,EQ,15-Sep-2026,43.66,43.68,43.69,41.35,41.45,3741526,1579.09,17388,2027705.0,54.19,2026-09-15
NTCIND,EQ,15-Sep-2026,134.91,139.45,139.45,130.15,134.11,2427,3.29,96,1450.0,59.74,2026-09-15
NTPC,EQ,15-Sep-2026,333.4,333.0,333.3,326.4,329.5,8445501,27731.61,88696,5383822.0,63.75,2026-09-15
NTPCGREEN,EQ,15-Sep-2026,86.94,86.94,87.02,85.75,85.86,2073084,1785.08,24646,1290600.0,62.26,2026-09-15
NUCLEUS,EQ,15-Sep-2026,696.45,691.4,707.55,691.4,696.4,20850,145.74,1482,10059.0,48.24,2026-09-15
NURECA,BE,15-Sep-2026,332.75,330.0,345.0,322.1,322.2,5712,18.92,137,,,2026-09-15
NUVAMA,EQ,15-Sep-2026,1737.2,1740.0,1746.4,1660.0,1668.2,217310,3673.05,20800,131715.0,60.61,2026-09-15
NUVOCO,EQ,15-Sep-2026,330.15,330.15,330.95,312.05,313.75,321519,1024.07,14864,190419.0,59.22,2026-09-15
NV20,EQ,15-Sep-2026,13.56,13.56,13.81,13.47,13.51,362180,49.25,479,181883.0,50.22,2026-09-15
NV20BEES,EQ,15-Sep-2026,136.15,137.51,137.61,134.99,135.04,114375,154.84,473,101573.0,88.81,2026-09-15
NV20IETF,EQ,15-Sep-2026,13.27,13.54,13.58,13.01,13.16,447667,59.37,3193,251083.0,56.09,2026-09-15
NXST,RR,15-Sep-2026,166.98,167.7,167.84,164.12,166.93,664717,1103.85,8987,495311.0,74.51,2026-09-15
NYKAA,EQ,15-Sep-2026,344.5,345.4,346.15,336.2,336.2,2338555,7992.48,33498,1300953.0,55.63,2026-09-15
OAL,EQ,15-Sep-2026,532.1,524.0,559.8,505.5,510.95,101439,543.97,5771,24874.0,24.52,2026-09-15
OBCL,EQ,15-Sep-2026,55.78,55.79,57.5,55.0,56.58,18533,10.46,75,18300.0,98.74,2026-09-15
OBEROIRLTY,EQ,15-Sep-2026,1741.1,1746.0,1749.5,1668.5,1668.5,362748,6152.74,34922,194910.0,53.73,2026-09-15
OBSCP,SM,15-Sep-2026,958.65,966.05,974.65,922.55,926.7,40000,375.77,97,30000.0,75.0,2026-09-15
OCCLLTD,BE,15-Sep-2026,159.41,159.9,163.0,151.44,151.64,57150,87.6,447,,,2026-09-15
ODIGMA,EQ,15-Sep-2026,22.23,22.12,22.44,21.5,22.09,9536,2.1,394,7703.0,80.78,2026-09-15
ODYCORP,EQ,15-Sep-2026,7.18,7.39,7.39,6.8,6.88,17867,1.26,156,14855.0,83.14,2026-09-15
OFSS,EQ,15-Sep-2026,11763.0,11910.0,12099.0,11692.0,11803.0,231321,27506.56,42071,87183.0,37.69,2026-09-15
OIL,EQ,15-Sep-2026,489.8,494.4,494.4,483.0,485.6,1967012,9596.41,33818,998145.0,50.74,2026-09-15
OILCOUNTUB,BE,15-Sep-2026,61.2,61.2,62.4,61.01,62.4,14794,9.07,51,,,2026-09-15
OILIETF,EQ,15-Sep-2026,11.17,11.17,11.21,10.98,11.0,2438800,269.32,4137,1883376.0,77.23,2026-09-15
OLAELEC,EQ,15-Sep-2026,38.54,38.95,40.1,37.63,38.03,60999122,23591.02,129690,16133598.0,26.45,2026-09-15
OLECTRA,EQ,15-Sep-2026,1209.5,1216.7,1249.0,1166.1,1179.2,381768,4627.59,27113,126016.0,33.01,2026-09-15
OLIL,SM,15-Sep-2026,436.3,437.0,443.85,437.0,443.5,2000,8.84,5,1600.0,80.0,2026-09-15
OMAXAUTO,EQ,15-Sep-2026,172.93,172.92,177.0,168.01,169.0,63651,109.3,1233,32247.0,50.66,2026-09-15
OMAXE,EQ,15-Sep-2026,123.98,123.03,123.54,116.65,118.04,801155,958.11,8746,262722.0,32.79,2026-09-15
OMFREIGHT,BE,15-Sep-2026,89.12,87.5,88.5,86.5,86.51,3929,3.42,83,,,2026-09-15
OMINFRAL,EQ,15-Sep-2026,79.59,80.8,88.0,78.2,80.25,219096,179.25,4122,40417.0,18.45,2026-09-15
OMNI,EQ,15-Sep-2026,549.75,555.0,565.95,535.5,540.3,457673,2512.56,15220,228512.0,49.93,2026-09-15
OMPOWER,EQ,15-Sep-2026,171.54,171.1,173.72,165.35,168.2,103029,174.72,1974,55935.0,54.29,2026-09-15
ONDOOR,SM,15-Sep-2026,288.0,285.0,285.0,277.9,277.95,7500,21.07,19,6600.0,88.0,2026-09-15
ONEGLOBAL,EQ,15-Sep-2026,540.45,555.3,560.2,513.45,518.5,19227,100.82,1166,10276.0,53.45,2026-09-15
ONELIFECAP,BE,15-Sep-2026,32.76,32.87,34.0,31.76,33.15,13971,4.6,77,,,2026-09-15
ONEPOINT,EQ,15-Sep-2026,56.39,57.49,61.38,56.0,56.68,5466042,3231.61,27821,1440822.0,26.36,2026-09-15
ONESOURCE,EQ,15-Sep-2026,1592.2,1614.9,1657.5,1589.0,1599.6,724751,11764.92,61518,362382.0,50.0,2026-09-15
ONGC,EQ,15-Sep-2026,232.5,234.9,236.3,233.33,235.95,14549134,34157.65,85752,8821336.0,60.63,2026-09-15
ONIDA,EQ,15-Sep-2026,32.18,32.0,33.78,32.0,33.33,1068890,356.46,2830,559575.0,52.35,2026-09-15
ONIXSOLAR,EQ,15-Sep-2026,438.65,416.75,436.0,416.75,416.75,279187,1166.33,942,201807.0,72.28,2026-09-15
ONMOBILE,BE,15-Sep-2026,47.0,47.23,49.35,46.74,49.35,77699,37.41,391,,,2026-09-15
ONWARDTEC,EQ,15-Sep-2026,283.65,283.65,290.0,280.1,281.55,20077,57.0,845,12888.0,64.19,2026-09-15
ONYX,ST,15-Sep-2026,38.0,39.0,39.0,38.0,38.0,48000,18.27,6,48000.0,100.0,2026-09-15
OPTIEMUS,EQ,15-Sep-2026,566.25,569.6,622.1,567.85,604.95,1979704,11914.38,71271,480049.0,24.25,2026-09-15
OPTIFIN,EQ,15-Sep-2026,14.5,14.05,15.0,13.56,13.85,28858,4.05,104,20283.0,70.29,2026-09-15
OPTIMYSTIX,SM,15-Sep-2026,148.0,145.0,150.0,141.35,148.3,37600,54.37,36,24800.0,65.96,2026-09-15
OPTIVALUE,ST,15-Sep-2026,190.35,195.0,199.85,189.0,199.7,289600,573.74,102,264000.0,91.16,2026-09-15
ORBTEXP,BE,15-Sep-2026,237.0,234.63,240.99,228.0,234.42,1386,3.25,31,,,2026-09-15
ORCHASP,EQ,15-Sep-2026,1.41,1.44,1.64,1.41,1.58,766655,11.7,652,621154.0,81.02,2026-09-15
ORCHPHARMA,EQ,15-Sep-2026,1003.05,1009.15,1060.0,972.85,988.2,135724,1371.89,14270,25267.0,18.62,2026-09-15
ORIANA,SM,15-Sep-2026,1227.25,1250.0,1305.0,1230.0,1270.75,86475,1100.27,860,58200.0,67.3,2026-09-15
ORICONENT,EQ,15-Sep-2026,51.39,51.55,53.43,51.16,51.31,18903,9.77,745,7352.0,38.89,2026-09-15
ORIENTALTL,EQ,15-Sep-2026,5.07,5.07,5.25,4.95,5.02,85709,4.33,338,46904.0,54.72,2026-09-15
ORIENTBELL,EQ,15-Sep-2026,401.95,403.1,414.0,386.4,390.45,55451,217.33,2287,36725.0,66.23,2026-09-15
ORIENTCEM,EQ,15-Sep-2026,125.58,125.58,125.99,121.2,121.98,433788,535.61,4802,211824.0,48.83,2026-09-15
ORIENTCER,EQ,15-Sep-2026,46.01,46.88,47.4,44.5,44.79,89199,40.91,2740,48625.0,54.51,2026-09-15
ORIENTELEC,EQ,15-Sep-2026,173.56,174.0,174.95,168.54,169.17,138909,238.07,3762,81179.0,58.44,2026-09-15
ORIENTHOT,EQ,15-Sep-2026,141.35,142.18,144.0,138.5,138.98,1117544,1575.24,7982,514397.0,46.03,2026-09-15
ORIENTLTD,BE,15-Sep-2026,82.75,83.16,83.16,82.5,82.9,125,0.1,6,,,2026-09-15
ORIENTPPR,EQ,15-Sep-2026,17.78,17.78,17.94,16.6,16.69,341559,58.07,1491,240147.0,70.31,2026-09-15
ORIENTTECH,EQ,15-Sep-2026,249.64,249.64,256.0,240.25,242.28,345230,851.76,10740,98988.0,28.67,2026-09-15
ORIRAIL,EQ,15-Sep-2026,124.11,124.11,124.99,117.01,119.03,99410,118.91,1834,53679.0,54.0,2026-09-15
ORISSAMINE,EQ,15-Sep-2026,3955.2,3980.0,4037.4,3832.8,3877.9,10016,393.38,2238,4684.0,46.77,2026-09-15
ORKLAINDIA,EQ,15-Sep-2026,591.25,588.3,591.2,579.9,582.3,34460,200.88,2251,20337.0,59.02,2026-09-15
ORTEL,BZ,15-Sep-2026,1.85,1.86,1.86,1.76,1.76,46087,0.82,29,,,2026-09-15
ORTINGLOBE,EQ,15-Sep-2026,17.09,17.5,17.58,16.62,16.62,17178,2.91,85,15410.0,89.71,2026-09-15
OSELDEVICE,SM,15-Sep-2026,372.15,374.95,374.95,356.0,361.9,30200,110.63,119,24200.0,80.13,2026-09-15
OSIAHYPER,BE,15-Sep-2026,2.44,2.45,2.5,2.32,2.42,547909,13.1,441,,,2026-09-15
OSWALAGRO,EQ,15-Sep-2026,35.6,35.2,35.6,34.12,34.25,16012,5.58,307,10799.0,67.44,2026-09-15
OSWALGREEN,EQ,15-Sep-2026,20.01,20.03,20.36,19.5,19.59,101172,20.05,1184,64459.0,63.71,2026-09-15
OSWALPUMPS,EQ,15-Sep-2026,282.45,282.45,289.2,274.3,275.45,347502,970.97,7317,173792.0,50.01,2026-09-15
OSWALSEEDS,EQ,15-Sep-2026,15.54,15.7,16.49,13.46,15.83,988892,147.03,2991,481470.0,48.69,2026-09-15
OWAIS,ST,15-Sep-2026,76.55,76.5,78.05,75.05,75.1,13800,10.4,55,13400.0,97.1,2026-09-15
PACEDIGITK,EQ,15-Sep-2026,158.33,159.51,161.97,152.9,153.6,628622,978.14,8844,312809.0,49.76,2026-09-15
PACIFICI,EQ,15-Sep-2026,140.0,140.7,150.0,136.0,136.0,66,0.09,10,63.0,95.45,2026-09-15
PAGEIND,EQ,15-Sep-2026,35365.0,35465.0,35510.0,34580.0,34580.0,12827,4485.8,7398,7323.0,57.09,2026-09-15
PAISALO,EQ,15-Sep-2026,84.23,84.92,85.25,83.47,84.47,14460925,12239.68,69326,7872056.0,54.44,2026-09-15
PAKKA,EQ,15-Sep-2026,76.57,77.13,79.83,74.0,74.85,174152,133.27,3600,94886.0,54.48,2026-09-15
PALASHSECU,EQ,15-Sep-2026,85.92,87.02,90.0,84.0,88.72,1481,1.3,54,1094.0,73.87,2026-09-15
PALREDTEC,EQ,15-Sep-2026,52.0,52.0,54.34,49.75,49.81,4452,2.29,72,3435.0,77.16,2026-09-15
PANACEABIO,EQ,15-Sep-2026,397.65,396.95,396.95,371.0,375.75,292361,1121.79,8832,128928.0,44.1,2026-09-15
PANACHE,BE,15-Sep-2026,519.0,525.0,529.0,509.65,529.0,11038,57.22,62,,,2026-09-15
PANAMAPET,EQ,15-Sep-2026,483.15,475.05,476.9,445.15,450.75,455986,2087.54,12896,239518.0,52.53,2026-09-15
PANCHMAHQ,EQ,15-Sep-2026,280.0,309.8,309.8,266.45,293.4,698,2.08,55,557.0,79.8,2026-09-15
PANORAMA,EQ,15-Sep-2026,53.78,55.4,56.18,50.35,51.92,572747,308.52,5482,153644.0,26.83,2026-09-15
PANSARI,EQ,15-Sep-2026,281.5,281.5,299.0,275.0,282.15,312,0.89,27,200.0,64.1,2026-09-15
PAR,BE,15-Sep-2026,140.92,138.9,138.9,133.88,133.88,26115,35.14,239,,,2026-09-15
PARACABLES,EQ,15-Sep-2026,64.87,65.0,65.29,61.0,61.31,1879764,1171.79,11378,1135089.0,60.38,2026-09-15
PARADEEP,EQ,15-Sep-2026,155.96,155.51,156.71,148.5,149.34,2126737,3229.08,31994,991045.0,46.6,2026-09-15
PARAGMILK,EQ,15-Sep-2026,268.5,269.0,276.75,250.0,252.15,1542890,3998.95,26019,589883.0,38.23,2026-09-15
PARAGON,SM,15-Sep-2026,53.85,53.95,54.0,52.8,53.8,14400,7.68,11,10800.0,75.0,2026-09-15
PARAMOUNT,SM,15-Sep-2026,44.65,46.85,46.85,46.85,46.85,1200,0.56,1,1200.0,100.0,2026-09-15
PARAS,EQ,15-Sep-2026,1435.6,1437.0,1443.7,1306.0,1339.2,1276494,17352.87,60703,507085.0,39.72,2026-09-15
PARASPETRO,EQ,15-Sep-2026,2.17,2.14,2.24,2.13,2.15,123328,2.66,265,91912.0,74.53,2026-09-15
PARIN,SM,15-Sep-2026,687.1,700.0,713.0,680.0,710.7,15000,105.22,37,7750.0,51.67,2026-09-15
PARKHOSPS,EQ,15-Sep-2026,279.3,279.2,286.0,275.0,279.15,530232,1490.87,13245,232890.0,43.92,2026-09-15
PARKHOTELS,EQ,15-Sep-2026,110.77,111.58,111.85,105.6,106.83,151020,163.19,3390,93141.0,61.67,2026-09-15
PARNAXLAB,EQ,15-Sep-2026,127.0,127.0,127.0,122.72,123.87,1731,2.16,183,1192.0,68.86,2026-09-15
PARSVNATH,BE,15-Sep-2026,1.72,1.75,1.75,1.75,1.75,70370,1.23,58,,,2026-09-15
PARTH,SM,15-Sep-2026,523.35,525.0,526.0,490.0,509.85,13200,67.56,29,12400.0,93.94,2026-09-15
PARTYCRUS,SM,15-Sep-2026,99.95,100.0,103.8,90.45,90.55,13000,12.5,13,11000.0,84.62,2026-09-15
PASHUPATI,EQ,15-Sep-2026,80.73,82.0,82.49,79.95,80.04,67301,54.19,901,55767.0,82.86,2026-09-15
PASUPTAC,EQ,15-Sep-2026,67.08,70.5,72.8,68.1,70.48,667184,472.07,3436,410056.0,61.46,2026-09-15
PATANJALI,EQ,15-Sep-2026,341.0,341.0,342.4,335.75,338.55,2567906,8675.81,22890,1044495.0,40.67,2026-09-15
PATELENG,EQ,15-Sep-2026,26.61,27.65,27.65,26.0,26.08,1903899,503.61,6898,1013820.0,53.25,2026-09-15
PATELRMART,EQ,15-Sep-2026,211.05,211.0,211.0,205.44,207.44,61869,128.57,1425,40488.0,65.44,2026-09-15
PATILAUTOM,SM,15-Sep-2026,312.65,308.0,314.0,290.0,302.9,103800,316.45,163,61200.0,58.96,2026-09-15
PATINTLOG,BE,15-Sep-2026,13.18,13.18,13.54,13.11,13.14,21945,2.91,132,,,2026-09-15
PAUSHAKLTD,EQ,15-Sep-2026,729.6,730.15,736.45,675.3,682.8,35145,245.59,2292,18982.0,54.01,2026-09-15
PAVNAIND,EQ,15-Sep-2026,14.88,14.89,17.85,14.89,15.32,207036,33.59,953,113940.0,55.03,2026-09-15
PAYTM,EQ,15-Sep-2026,1807.5,1808.0,1811.0,1730.0,1730.0,3226150,56834.04,134172,1378018.0,42.71,2026-09-15
PCBL,EQ,15-Sep-2026,331.05,334.8,335.0,311.3,314.05,962916,3090.89,23971,450068.0,46.74,2026-09-15
PCCL,SM,15-Sep-2026,434.0,429.65,438.7,429.65,435.75,13600,59.23,26,9600.0,70.59,2026-09-15
PCJEWELLER,EQ,15-Sep-2026,13.7,13.85,13.87,12.72,12.89,356317461,47074.44,157305,105652315.0,29.65,2026-09-15
PDMJEPAPER,EQ,15-Sep-2026,97.7,97.85,107.49,95.15,96.81,1160437,1179.88,14644,288128.0,24.83,2026-09-15
PDSL,EQ,15-Sep-2026,348.2,348.2,349.0,331.1,334.25,70697,240.42,3710,39228.0,55.49,2026-09-15
PEARLPOLY,EQ,15-Sep-2026,15.51,15.22,15.98,15.22,15.85,21771,3.43,95,19772.0,90.82,2026-09-15
PELATRO,SM,15-Sep-2026,376.0,395.0,395.0,351.2,353.3,7200,26.71,23,5400.0,75.0,2026-09-15
PENIND,EQ,15-Sep-2026,175.54,175.54,175.58,166.69,167.3,338236,575.85,9432,193259.0,57.14,2026-09-15
PENINLAND,EQ,15-Sep-2026,15.59,15.87,15.87,14.8,14.98,100074,15.14,395,80430.0,80.37,2026-09-15
PENTAGON,ST,15-Sep-2026,93.0,91.1,93.0,91.1,91.4,7000,6.4,3,7000.0,100.0,2026-09-15
PERFECT,SZ,15-Sep-2026,1.7,1.65,1.65,1.65,1.65,6000,0.1,1,6000.0,100.0,2026-09-15
PERMAGN,EQ,15-Sep-2026,864.65,864.65,864.65,821.3,827.7,2721,23.07,315,2002.0,73.58,2026-09-15
PERNIASPOP,EQ,15-Sep-2026,569.9,564.95,565.0,529.2,542.0,391989,2144.1,14027,121132.0,30.9,2026-09-15
PERSISTENT,EQ,15-Sep-2026,5516.0,5654.0,5759.0,5456.5,5477.5,812335,45657.86,66185,333205.0,41.02,2026-09-15
PETRONET,EQ,15-Sep-2026,287.2,287.05,288.4,280.5,283.95,1170508,3327.45,26473,744415.0,63.6,2026-09-15
PFC,EQ,15-Sep-2026,353.45,352.45,353.3,344.0,344.0,7488255,26038.87,62781,4503870.0,60.15,2026-09-15
PFIZER,EQ,15-Sep-2026,4060.2,4075.0,4091.1,4026.2,4041.6,36144,1465.86,6677,16247.0,44.95,2026-09-15
PFOCUS,EQ,15-Sep-2026,310.85,310.95,323.7,310.1,319.0,1807027,5761.41,35204,763907.0,42.27,2026-09-15
PFS,EQ,15-Sep-2026,27.42,27.44,27.49,26.41,26.51,303757,81.44,1814,167019.0,54.98,2026-09-15
PGEL,EQ,15-Sep-2026,545.0,543.75,545.0,515.15,518.0,837345,4413.6,21648,273222.0,32.63,2026-09-15
PGHH,EQ,15-Sep-2026,7518.0,7619.5,7619.5,7475.0,7507.0,11202,842.53,3879,5418.0,48.37,2026-09-15
PGHL,EQ,15-Sep-2026,5411.5,5405.0,5459.5,5363.5,5408.0,10415,564.38,2839,6230.0,59.82,2026-09-15
PGIL,EQ,15-Sep-2026,1187.7,1181.1,1192.5,1131.0,1141.4,82391,942.05,11276,40546.0,49.21,2026-09-15
PGINVIT,IV,15-Sep-2026,101.99,102.24,102.4,101.21,101.71,1158786,1179.66,7800,962169.0,83.03,2026-09-15
PHANTOMFX,SM,15-Sep-2026,112.35,109.0,112.0,92.5,93.9,158100,155.09,390,111300.0,70.4,2026-09-15
PHARMABEES,EQ,15-Sep-2026,27.29,27.47,27.47,26.79,26.94,3727254,1008.98,16754,2371586.0,63.63,2026-09-15
PHOENIXLTD,EQ,15-Sep-2026,1890.0,1890.0,1890.0,1833.6,1833.6,366872,6833.69,44483,224986.0,61.33,2026-09-15
PHOENXINTL,EQ,15-Sep-2026,29.85,29.86,29.86,27.5,28.4,4669,1.32,91,4414.0,94.54,2026-09-15
PICCADIL,EQ,15-Sep-2026,602.15,602.15,605.4,582.3,585.65,118995,702.1,7382,62867.0,52.83,2026-09-15
PIDILITIND,EQ,15-Sep-2026,1566.9,1566.9,1575.7,1521.1,1521.1,455854,7037.55,32555,281270.0,61.7,2026-09-15
PIGL,EQ,15-Sep-2026,102.1,102.9,104.9,98.6,99.54,104396,104.21,833,65627.0,62.86,2026-09-15
PIIND,EQ,15-Sep-2026,2259.0,2260.0,2288.3,2240.5,2255.0,286400,6472.51,18900,112866.0,39.41,2026-09-15
PILANIINVS,EQ,15-Sep-2026,4191.6,4200.0,4235.0,4059.9,4081.8,2461,101.11,712,1624.0,65.99,2026-09-15
PILITA,EQ,15-Sep-2026,7.84,7.72,8.1,7.7,7.73,18276,1.44,137,16195.0,88.61,2026-09-15
PINELABS,EQ,15-Sep-2026,202.17,201.4,201.4,191.0,193.8,62792856,122767.25,427021,21246610.0,33.84,2026-09-15
PIONEEREMB,EQ,15-Sep-2026,20.51,21.25,21.25,20.76,20.89,2658,0.56,48,2563.0,96.43,2026-09-15
PIRAMALFIN,EQ,15-Sep-2026,2255.6,2299.0,2299.0,2214.0,2224.4,257641,5808.83,26078,158890.0,61.67,2026-09-15
PITTIENG,EQ,15-Sep-2026,1167.9,1168.0,1168.0,1100.0,1109.3,110111,1240.32,7328,48481.0,44.03,2026-09-15
PIXTRANS,EQ,15-Sep-2026,1722.1,1722.2,1757.0,1710.0,1734.0,12970,223.62,2006,7624.0,58.78,2026-09-15
PKTEA,EQ,15-Sep-2026,1121.75,1121.75,1121.75,1009.6,1024.6,3649,38.56,436,2218.0,60.78,2026-09-15
PLADAINFO,SM,15-Sep-2026,11.35,11.85,11.9,11.85,11.9,6000,0.71,2,6000.0,100.0,2026-09-15
PLASTIBLEN,EQ,15-Sep-2026,192.78,194.5,196.08,182.96,185.18,24239,45.76,719,11049.0,45.58,2026-09-15
PLATIND,EQ,15-Sep-2026,221.05,221.2,221.9,216.0,218.88,39048,85.27,3097,22811.0,58.42,2026-09-15
PLAZACABLE,EQ,15-Sep-2026,62.97,64.9,66.0,60.42,61.38,226444,143.83,2912,127101.0,56.13,2026-09-15
PML,EQ,15-Sep-2026,482.45,500.95,504.85,476.7,498.55,105,0.51,17,90.0,85.71,2026-09-15
PNB,EQ,15-Sep-2026,116.75,116.75,117.23,114.7,114.7,12031284,13917.98,42616,5704217.0,47.41,2026-09-15
PNBGILTS,EQ,15-Sep-2026,80.34,80.2,80.8,76.01,76.29,569582,443.03,5202,316509.0,55.57,2026-09-15
PNBHOUSING,EQ,15-Sep-2026,1178.9,1178.8,1178.9,1135.9,1145.0,321850,3692.38,18970,151171.0,46.97,2026-09-15
PNC,EQ,15-Sep-2026,16.5,17.35,17.35,16.1,16.38,7941,1.31,139,6233.0,78.49,2026-09-15
PNCINFRA,EQ,15-Sep-2026,175.4,165.0,165.0,140.32,140.32,4938381,7202.01,39791,2364489.0,47.88,2026-09-15
PNGJL,EQ,15-Sep-2026,613.2,613.2,617.55,605.45,611.6,655158,4009.8,19477,407907.0,62.26,2026-09-15
PNGSREVA,EQ,15-Sep-2026,512.7,517.15,518.0,488.85,494.2,228691,1139.8,8375,121060.0,52.94,2026-09-15
POCL,EQ,15-Sep-2026,454.15,455.0,459.55,432.1,435.3,443507,1948.21,15317,234535.0,52.88,2026-09-15
PODDARMENT,EQ,15-Sep-2026,279.85,280.25,294.3,268.1,270.1,22527,61.6,505,17261.0,76.62,2026-09-15
POEL,EQ,15-Sep-2026,140.83,140.51,145.92,138.55,139.45,34559,48.48,998,25532.0,73.88,2026-09-15
POKARNA,EQ,15-Sep-2026,804.15,804.15,808.9,750.1,758.25,102781,793.46,6019,49485.0,48.15,2026-09-15
POLICYBZR,EQ,15-Sep-2026,1797.3,1799.0,1804.3,1736.0,1736.0,750563,13383.6,44185,401927.0,53.55,2026-09-15
POLYCAB,EQ,15-Sep-2026,8241.0,8258.5,8294.5,8115.0,8143.5,301764,24717.67,44287,164634.0,54.56,2026-09-15
POLYMED,EQ,15-Sep-2026,1738.5,1738.5,1738.5,1695.5,1704.6,49164,839.43,5462,25865.0,52.61,2026-09-15
POLYPLEX,EQ,15-Sep-2026,1134.2,1134.2,1138.3,1091.1,1093.8,46033,510.57,2914,31090.0,67.54,2026-09-15
POLYSIL,SM,15-Sep-2026,81.15,77.1,77.1,77.1,77.1,2500,1.93,4,2500.0,100.0,2026-09-15
POLYSPIN,EQ,15-Sep-2026,29.58,29.58,29.58,27.53,28.95,806,0.23,34,751.0,93.18,2026-09-15
PONNIERODE,EQ,15-Sep-2026,371.1,373.1,375.05,349.95,351.8,20410,72.9,1401,12906.0,63.23,2026-09-15
POONAWALLA,EQ,15-Sep-2026,445.25,446.0,447.65,431.0,434.6,859283,3764.4,38622,494101.0,57.5,2026-09-15
POSITRON,SM,15-Sep-2026,178.5,173.5,182.25,173.5,174.7,6600,11.79,20,4500.0,68.18,2026-09-15
POWERGRID,EQ,15-Sep-2026,269.1,267.15,268.5,262.8,262.8,10519594,27888.86,115111,6428436.0,61.11,2026-09-15
POWERICA,EQ,15-Sep-2026,569.35,572.1,572.1,530.0,532.75,169220,923.38,7080,87196.0,51.53,2026-09-15
POWERINDIA,EQ,15-Sep-2026,31435.0,31260.0,31295.0,30000.0,30790.0,98157,29884.04,32746,42669.0,43.47,2026-09-15
POWERMECH,EQ,15-Sep-2026,2421.3,2421.3,2421.5,2320.3,2336.4,39034,920.28,8679,21932.0,56.19,2026-09-15
PPAP,BE,15-Sep-2026,238.85,237.7,237.7,227.1,228.05,25261,58.32,356,,,2026-09-15
PPL,BE,15-Sep-2026,285.55,284.15,284.95,273.05,277.45,35468,98.88,492,,,2026-09-15
PPLPHARMA,EQ,15-Sep-2026,211.35,211.07,211.35,202.55,203.47,3104010,6393.45,47956,1378488.0,44.41,2026-09-15
PPSL,SM,15-Sep-2026,3.0,2.95,3.1,2.95,2.95,69000,2.07,14,66000.0,95.65,2026-09-15
PRABHA,EQ,15-Sep-2026,244.64,247.4,251.0,235.25,239.42,307312,748.81,3811,174902.0,56.91,2026-09-15
PRADPME,BE,15-Sep-2026,486.9,487.0,497.8,465.3,469.35,5366,25.64,84,,,2026-09-15
PRAENG,EQ,15-Sep-2026,21.93,21.93,23.44,21.26,21.51,47240,10.56,403,32545.0,68.89,2026-09-15
PRAJIND,EQ,15-Sep-2026,322.15,321.05,322.8,316.25,318.0,504700,1606.67,13655,275470.0,54.58,2026-09-15
PRAKASH,EQ,15-Sep-2026,123.14,123.57,124.01,117.99,119.49,716947,861.13,4665,498259.0,69.5,2026-09-15
PRAKASHSTL,EQ,15-Sep-2026,3.75,3.73,3.92,3.48,3.56,278843,10.22,818,198517.0,71.19,2026-09-15
PRAMARA,SM,15-Sep-2026,84.1,85.0,88.3,85.0,88.3,16000,14.07,22,15500.0,96.88,2026-09-15
PRAMODINI,SM,15-Sep-2026,118.5,118.5,119.4,114.9,115.15,108000,125.91,85,87600.0,81.11,2026-09-15
PRANAV,EQ,15-Sep-2026,124.0,165.0,165.1,132.0,132.0,41828214,59800.26,245765,17295077.0,41.35,2026-09-15
PRATHAM,SM,15-Sep-2026,123.5,125.5,130.55,125.0,126.5,10400,13.29,22,8800.0,84.62,2026-09-15
PRAVEG,EQ,15-Sep-2026,263.05,263.0,266.9,253.9,255.95,31819,82.48,1044,18395.0,57.81,2026-09-15
PRAXIS,EQ,15-Sep-2026,4.48,4.51,4.63,4.26,4.28,151922,6.6,203,134686.0,88.65,2026-09-15
PRECAM,EQ,15-Sep-2026,116.81,117.06,118.17,112.4,113.69,244954,280.78,4371,150197.0,61.32,2026-09-15
PRECISION,ST,15-Sep-2026,6.65,6.65,6.65,6.45,6.45,4000,0.26,2,4000.0,100.0,2026-09-15
PRECOT,EQ,15-Sep-2026,658.3,661.0,689.0,648.0,656.1,3291,21.89,202,2359.0,71.68,2026-09-15
PRECWIRE,EQ,15-Sep-2026,462.55,462.9,465.6,435.35,440.05,413745,1843.99,21736,187547.0,45.33,2026-09-15
PREMCO,EQ,15-Sep-2026,394.0,409.95,409.95,386.9,391.35,484,1.9,55,450.0,92.98,2026-09-15
PREMEXPLN,EQ,15-Sep-2026,668.0,667.5,669.95,663.2,668.3,192979,1288.87,3699,153225.0,79.4,2026-09-15
PREMIER,BE,15-Sep-2026,2.69,2.74,2.8,2.56,2.75,30780,0.81,35,,,2026-09-15
PREMIERENE,EQ,15-Sep-2026,974.2,967.1,972.8,940.5,945.0,569740,5448.47,24045,286899.0,50.36,2026-09-15
PREMIERPOL,EQ,15-Sep-2026,85.91,85.99,86.06,80.16,81.9,359684,296.79,4458,173315.0,48.19,2026-09-15
PRESSTONIC,SM,15-Sep-2026,29.45,29.45,31.2,29.15,29.4,48000,14.45,36,45600.0,95.0,2026-09-15
PRESTIGE,EQ,15-Sep-2026,1498.0,1498.2,1514.9,1417.0,1417.0,410061,5941.98,19620,169268.0,41.28,2026-09-15
PRICOLLTD,EQ,15-Sep-2026,761.4,760.9,760.9,737.0,740.75,392758,2921.93,29322,204478.0,52.06,2026-09-15
PRIMECAB,ST,15-Sep-2026,169.75,166.3,172.8,164.05,164.5,51200,85.36,32,46400.0,90.63,2026-09-15
PRIMESECU,EQ,15-Sep-2026,283.05,280.2,281.0,275.4,277.5,4273,11.96,101,2811.0,65.79,2026-09-15
PRIMO,EQ,15-Sep-2026,23.71,24.59,24.59,22.06,22.31,179451,41.6,988,107998.0,60.18,2026-09-15
PRINCEPIPE,EQ,15-Sep-2026,266.65,270.0,272.4,258.0,259.05,208774,549.7,5825,112166.0,53.73,2026-09-15
PRIORITY,BE,15-Sep-2026,228.8,232.99,234.0,217.61,220.64,118719,266.21,948,,,2026-09-15
PRISMX,EQ,15-Sep-2026,0.58,0.58,0.63,0.54,0.55,524693,2.9,258,426681.0,81.32,2026-09-15
PRITI,EQ,15-Sep-2026,33.14,33.0,35.0,33.0,33.52,4850,1.63,90,3183.0,65.63,2026-09-15
PRITIKA,SM,15-Sep-2026,63.2,64.0,64.0,64.0,64.0,2000,1.28,1,2000.0,100.0,2026-09-15
PRITIKAUTO,BE,15-Sep-2026,14.91,15.05,15.05,14.35,14.47,123901,18.15,488,,,2026-09-15
PRIVISCL,EQ,15-Sep-2026,3556.1,3561.4,3599.3,3425.5,3452.2,98065,3405.9,16260,62691.0,63.93,2026-09-15
PRIZOR,ST,15-Sep-2026,1200.0,1176.0,1176.0,1176.0,1176.0,5600,65.86,7,5600.0,100.0,2026-09-15
PRLIND,SM,15-Sep-2026,41.9,42.45,45.0,42.45,44.35,24000,10.56,22,19000.0,79.17,2026-09-15
PROFX,SM,15-Sep-2026,71.1,71.0,71.0,71.0,71.0,4800,3.41,3,4800.0,100.0,2026-09-15
PROPEQUITY,SM,15-Sep-2026,198.5,197.0,197.0,196.0,196.1,3000,5.89,3,1800.0,60.0,2026-09-15
PROPSHOP,SM,15-Sep-2026,72.0,72.2,72.45,69.1,72.45,26000,18.56,9,20000.0,76.92,2026-09-15
PROSTARM,EQ,15-Sep-2026,133.63,132.8,133.57,125.11,126.04,284943,365.1,3741,156523.0,54.93,2026-09-15
PROTEAN,EQ,15-Sep-2026,492.35,492.4,501.9,485.2,488.85,234669,1158.43,7153,143820.0,61.29,2026-09-15
PROV,SM,15-Sep-2026,1721.0,1670.0,1670.0,1670.0,1670.0,80,1.34,1,80.0,100.0,2026-09-15
PROZONER,EQ,15-Sep-2026,52.88,52.12,53.49,51.12,52.72,311137,163.43,2148,223644.0,71.88,2026-09-15
PRSMJOHNSN,EQ,15-Sep-2026,113.35,112.8,113.69,111.56,112.14,251455,282.07,2725,143452.0,57.05,2026-09-15
PRUDENT,EQ,15-Sep-2026,3385.0,3397.9,3436.7,3222.2,3251.5,43255,1442.11,12265,17825.0,41.21,2026-09-15
PRUDMOULI,BE,15-Sep-2026,16.35,15.55,16.02,15.55,15.55,3073,0.48,17,,,2026-09-15
PSB,EQ,15-Sep-2026,22.73,22.78,22.78,22.31,22.38,653723,147.34,2649,476285.0,72.86,2026-09-15
PSFL,SM,15-Sep-2026,34.25,34.25,34.25,34.25,34.25,4000,1.37,2,4000.0,100.0,2026-09-15
PSPPROJECT,EQ,15-Sep-2026,846.4,850.0,854.85,813.0,821.3,58315,485.53,2543,33258.0,57.03,2026-09-15
PSRAJ,SM,15-Sep-2026,98.9,98.0,100.0,93.05,96.8,17500,16.99,7,12500.0,71.43,2026-09-15
PSUBANK,EQ,15-Sep-2026,83.42,81.33,83.61,81.33,81.95,95380,78.71,871,43111.0,45.2,2026-09-15
PSUBANKADD,EQ,15-Sep-2026,84.34,84.34,84.5,82.51,82.69,58726,48.92,477,35109.0,59.78,2026-09-15
PSUBNKBEES,EQ,15-Sep-2026,93.22,93.22,94.18,91.1,91.25,1588284,1460.43,10407,1003940.0,63.21,2026-09-15
PSUBNKIETF,EQ,15-Sep-2026,84.59,84.52,84.68,82.93,83.08,129060,108.11,1372,77666.0,60.18,2026-09-15
PTC,EQ,15-Sep-2026,152.78,154.0,155.55,152.05,152.41,1610691,2467.8,24388,1160022.0,72.02,2026-09-15
PTCIL,EQ,15-Sep-2026,23630.0,23450.0,23885.0,22400.0,22560.0,34722,8021.2,14004,12036.0,34.66,2026-09-15
PTL,EQ,15-Sep-2026,38.43,38.84,38.84,38.01,38.15,23165,8.89,692,12810.0,55.3,2026-09-15
PULZ,SM,15-Sep-2026,23.95,24.45,24.45,24.45,24.45,2000,0.49,1,2000.0,100.0,2026-09-15
PUNJABCHEM,EQ,15-Sep-2026,1065.3,1069.0,1079.9,1030.0,1041.2,9565,100.9,1219,5155.0,53.89,2026-09-15
PURPLEUTED,ST,15-Sep-2026,450.15,428.2,443.0,427.65,433.45,29750,128.87,94,28500.0,95.8,2026-09-15
PURVA,EQ,15-Sep-2026,212.06,213.78,214.33,203.39,205.56,188428,393.06,4479,68353.0,36.28,2026-09-15
PURVFLEXI,SM,15-Sep-2026,46.55,46.55,46.55,44.4,44.55,4800,2.16,6,3200.0,66.67,2026-09-15
PUSHPA,SM,15-Sep-2026,110.0,109.9,110.45,106.0,107.0,58000,63.57,58,7000.0,12.07,2026-09-15
PVP,EQ,15-Sep-2026,64.82,63.99,64.79,61.58,61.58,853205,531.55,3648,470295.0,55.12,2026-09-15
PVRINOX,EQ,15-Sep-2026,1237.1,1234.9,1234.9,1206.2,1221.0,291985,3569.77,19143,155298.0,53.19,2026-09-15
PVSL,EQ,15-Sep-2026,101.3,100.13,101.1,97.3,97.93,12722,12.62,692,8610.0,67.68,2026-09-15
PVTBANIETF,EQ,15-Sep-2026,27.85,28.49,28.49,27.42,27.51,1242955,342.99,2046,674896.0,54.3,2026-09-15
PVTBANK,EQ,15-Sep-2026,27.53,27.65,27.65,27.26,27.28,7206,1.97,25,6470.0,89.79,2026-09-15
PVTBANKADD,EQ,15-Sep-2026,27.89,27.97,28.02,27.26,27.64,409732,113.85,256,375597.0,91.67,2026-09-15
PVTBKGROWW,EQ,15-Sep-2026,27.43,27.95,27.95,27.0,27.3,17868,4.87,167,9457.0,52.93,2026-09-15
PWL,EQ,15-Sep-2026,136.1,137.0,137.7,130.1,130.72,7983867,10698.0,48279,2627385.0,32.91,2026-09-15
PYRAMID,EQ,15-Sep-2026,157.74,157.0,158.0,152.1,154.96,41198,63.89,1018,22849.0,55.46,2026-09-15
QGOLDHALF,EQ,15-Sep-2026,125.35,125.32,125.9,124.1,124.36,339170,421.88,1309,129595.0,38.21,2026-09-15
QLINE,SM,15-Sep-2026,726.2,735.0,735.0,670.0,676.6,127200,878.59,292,74800.0,58.81,2026-09-15
QMSMEDI,BE,15-Sep-2026,157.98,164.0,165.87,157.98,165.82,87527,143.96,958,,,2026-09-15
QNIFTY,EQ,15-Sep-2026,258.9,260.19,260.4,255.0,255.81,7801,20.01,234,4460.0,57.17,2026-09-15
QPOWER,EQ,15-Sep-2026,1426.5,1456.0,1459.0,1355.2,1355.2,415519,5738.06,26652,216413.0,52.08,2026-09-15
QUADFUTURE,EQ,15-Sep-2026,478.5,482.0,519.6,473.6,484.6,4009846,20059.6,110257,465679.0,11.61,2026-09-15
QUAL30IETF,EQ,15-Sep-2026,20.5,20.7,20.76,20.3,20.37,74969,15.32,366,43944.0,58.62,2026-09-15
QUALIANCE,ST,15-Sep-2026,236.1,229.0,230.0,224.3,224.3,94000,212.35,87,94000.0,100.0,2026-09-15
QUALITY30,EQ,15-Sep-2026,20.18,20.28,20.36,19.92,19.97,57105,11.45,164,26701.0,46.76,2026-09-15
QUESS,EQ,15-Sep-2026,348.0,346.35,359.0,340.15,342.1,783201,2730.09,29444,251837.0,32.15,2026-09-15
QUESTLAB,SM,15-Sep-2026,84.7,82.0,82.0,75.0,77.0,68400,53.93,49,62400.0,91.23,2026-09-15
QUICKHEAL,EQ,15-Sep-2026,147.52,160.0,172.0,155.15,158.81,2076441,3427.99,26919,491779.0,23.68,2026-09-15
QUICKTOUCH,SM,15-Sep-2026,17.9,18.0,18.0,17.05,17.05,1000,0.18,2,1000.0,100.0,2026-09-15
QUINT,EQ,15-Sep-2026,40.2,43.5,48.24,41.0,48.24,43332,20.46,218,39069.0,90.16,2026-09-15
QUINTEGRA,BE,15-Sep-2026,1.15,1.2,1.2,1.1,1.15,31870,0.36,25,,,2026-09-15
QVCEL,SM,15-Sep-2026,23.9,25.05,25.05,22.8,22.8,6400,1.53,4,4800.0,75.0,2026-09-15
RACE,EQ,15-Sep-2026,98.12,99.5,101.0,94.6,96.15,2080,2.02,143,1382.0,66.44,2026-09-15
RACLGEAR,EQ,15-Sep-2026,1756.7,1841.0,1850.0,1685.2,1755.2,219097,3850.26,25534,49959.0,22.8,2026-09-15
RADAAN,EQ,15-Sep-2026,2.83,2.86,2.98,2.83,2.9,13131,0.38,93,8332.0,63.45,2026-09-15
RADHIKAJWE,EQ,15-Sep-2026,83.21,84.0,85.99,73.61,75.47,1325850,1045.01,13799,616090.0,46.47,2026-09-15
RADIANTCMS,EQ,15-Sep-2026,35.99,36.17,36.62,34.95,35.89,362902,130.02,1724,129174.0,35.59,2026-09-15
RADICO,EQ,15-Sep-2026,4368.1,4370.1,4431.0,4298.8,4360.0,242365,10584.39,36247,107072.0,44.18,2026-09-15
RADIOCITY,EQ,15-Sep-2026,6.15,6.05,6.32,6.0,6.03,144035,8.71,215,125445.0,87.09,2026-09-15
RADIOWALLA,ST,15-Sep-2026,24.7,24.75,24.75,24.0,24.0,4800,1.18,2,4800.0,100.0,2026-09-15
RAILTEL,EQ,15-Sep-2026,259.9,259.95,261.3,251.05,252.4,418439,1073.03,13462,184964.0,44.2,2026-09-15
RAIN,EQ,15-Sep-2026,215.97,216.0,216.48,195.3,196.74,5273699,10722.37,42631,2453702.0,46.53,2026-09-15
RAINBOW,EQ,15-Sep-2026,1444.9,1443.1,1460.0,1424.0,1453.7,72380,1044.02,9259,39004.0,53.89,2026-09-15
RAJESHEXPO,BZ,15-Sep-2026,78.3,80.43,80.43,76.3,76.47,105441,82.16,1210,,,2026-09-15
RAJINDLTD,SM,15-Sep-2026,62.1,62.1,65.25,60.85,65.25,4500,2.82,3,3000.0,66.67,2026-09-15
RAJMET,EQ,15-Sep-2026,3.2,3.2,3.35,3.11,3.14,372173,11.73,793,257604.0,69.22,2026-09-15
RAJOOENG,BE,15-Sep-2026,55.19,55.19,56.1,53.3,53.96,169325,92.75,666,,,2026-09-15
RAJPALAYAM,EQ,15-Sep-2026,775.95,775.0,775.0,751.0,759.0,1355,10.26,97,1188.0,87.68,2026-09-15
RAJPUTANA,SM,15-Sep-2026,210.0,205.0,207.0,204.0,204.0,3500,7.19,7,3500.0,100.0,2026-09-15
RAJRATAN,EQ,15-Sep-2026,498.15,495.2,498.1,474.8,485.1,153932,743.2,8496,79763.0,51.82,2026-09-15
RAJRILTD,BE,15-Sep-2026,21.1,21.45,21.45,20.87,20.97,2090,0.44,90,,,2026-09-15
RAJSREESUG,EQ,15-Sep-2026,33.13,33.21,33.67,32.4,32.82,35214,11.63,498,20645.0,58.63,2026-09-15
RAJTV,EQ,15-Sep-2026,8.21,8.59,8.62,8.44,8.62,39790,3.42,103,29945.0,75.26,2026-09-15
RAJVIR,BZ,15-Sep-2026,5.32,5.32,5.32,5.32,5.32,1,0.0,1,,,2026-09-15
RALLIS,EQ,15-Sep-2026,201.99,204.15,208.5,199.5,200.82,1097997,2240.34,20301,397946.0,36.24,2026-09-15
RAMANEWS,EQ,15-Sep-2026,30.95,30.95,32.71,30.5,30.94,16171,5.1,155,11119.0,68.76,2026-09-15
RAMAPHO,EQ,15-Sep-2026,122.67,122.06,123.5,118.51,118.86,28796,34.59,637,19830.0,68.86,2026-09-15
RAMASTEEL,BE,15-Sep-2026,3.93,3.74,4.1,3.74,3.74,6593055,253.92,8063,,,2026-09-15
RAMBHAJO,EQ,15-Sep-2026,269.28,269.17,269.17,250.0,253.22,537792,1389.0,6409,306945.0,57.08,2026-09-15
RAMCOCEM,EQ,15-Sep-2026,866.65,869.4,870.1,855.35,859.55,187590,1612.26,13717,117512.0,62.64,2026-09-15
RAMCOIND,EQ,15-Sep-2026,322.25,322.95,325.25,312.0,318.4,83193,263.89,2290,35305.0,42.44,2026-09-15
RAMCOSYS,EQ,15-Sep-2026,594.55,598.0,600.95,564.85,567.8,46824,270.73,2436,26403.0,56.39,2026-09-15
RAMKY,EQ,15-Sep-2026,332.1,332.8,334.95,312.65,314.8,47492,152.64,1640,27318.0,57.52,2026-09-15
RAMRAT,EQ,15-Sep-2026,532.4,535.1,555.0,513.0,515.85,217043,1140.07,8101,82795.0,38.15,2026-09-15
RANASUG,EQ,15-Sep-2026,14.74,14.61,14.93,14.61,14.82,451004,66.82,516,410007.0,90.91,2026-09-15
RANEHOLDIN,EQ,15-Sep-2026,1696.2,1697.7,1699.9,1641.5,1669.0,15327,255.87,1339,7739.0,50.49,2026-09-15
RAPIDFLEET,SM,15-Sep-2026,230.1,232.5,232.65,230.1,230.1,7800,18.11,12,1200.0,15.38,2026-09-15
RAPPID,SM,15-Sep-2026,321.0,306.25,314.8,306.05,306.05,1800,5.56,3,600.0,33.33,2026-09-15
RATEGAIN,EQ,15-Sep-2026,878.25,879.0,897.0,868.65,878.65,262687,2321.06,13386,133641.0,50.87,2026-09-15
RATNAMANI,EQ,15-Sep-2026,2811.4,2833.0,2833.7,2673.0,2691.4,55253,1518.14,12450,26947.0,48.77,2026-09-15
RATNAVEER,EQ,15-Sep-2026,288.3,285.9,296.3,278.3,289.6,6487828,18712.6,39607,2759266.0,42.53,2026-09-15
RAYMOND,EQ,15-Sep-2026,1002.8,1015.6,1122.0,971.3,995.95,22726056,243041.31,658853,1753201.0,7.71,2026-09-15
RAYMONDLSL,EQ,15-Sep-2026,692.0,700.0,717.55,670.0,672.65,675263,4671.21,30339,366357.0,54.25,2026-09-15
RAYMONDREL,EQ,15-Sep-2026,583.55,600.05,615.0,575.0,584.0,2720847,16286.61,69375,875393.0,32.17,2026-09-15
RBA,EQ,15-Sep-2026,98.05,98.05,99.46,94.27,95.23,2819981,2725.37,20766,1317127.0,46.71,2026-09-15
RBLBANK,EQ,15-Sep-2026,412.55,412.65,414.3,402.15,403.6,1249135,5072.74,17579,524373.0,41.98,2026-09-15
RBMINFRA,SM,15-Sep-2026,316.6,315.0,315.0,282.1,285.95,32800,98.04,141,29600.0,90.24,2026-09-15
RBS,SM,15-Sep-2026,87.0,87.0,89.8,79.5,83.5,17600,15.16,16,9600.0,54.55,2026-09-15
RBZJEWEL,BE,15-Sep-2026,174.19,175.98,176.4,165.49,165.7,82350,137.64,872,,,2026-09-15
RCDL,SM,15-Sep-2026,14.5,14.0,14.75,13.8,13.8,42000,5.92,13,24000.0,57.14,2026-09-15
RCDL-RE,ST,15-Sep-2026,2.1,2.0,2.5,2.0,2.5,51000,1.22,13,51000.0,100.0,2026-09-15
RCF,EQ,15-Sep-2026,111.45,112.36,112.57,108.2,108.59,1070656,1176.96,10292,507499.0,47.4,2026-09-15
RCOM,BE,15-Sep-2026,1.01,1.06,1.06,1.04,1.06,6639544,70.32,3924,,,2026-09-15
READYMIX,SM,15-Sep-2026,70.5,70.5,71.55,70.0,71.55,13000,9.26,4,13000.0,100.0,2026-09-15
RECLTD,EQ,15-Sep-2026,312.7,313.0,314.8,308.5,308.5,4665696,14595.4,37970,2734076.0,58.6,2026-09-15
REDINGTON,EQ,15-Sep-2026,393.7,395.7,398.85,375.0,378.95,4338609,16552.31,67164,1815668.0,41.85,2026-09-15
REDTAPE,EQ,15-Sep-2026,116.1,115.07,132.75,114.11,120.87,33802011,42118.7,246510,921351.0,2.73,2026-09-15
REFEX,EQ,15-Sep-2026,273.55,273.3,274.15,265.0,265.85,184866,496.12,4258,112809.0,61.02,2026-09-15
REFRACTORY,SM,15-Sep-2026,26.15,26.2,27.45,26.2,27.45,7000,1.91,6,7000.0,100.0,2026-09-15
REGAAL,EQ,15-Sep-2026,83.71,84.0,84.86,79.02,79.72,301749,244.61,2843,179751.0,59.57,2026-09-15
REGENCERAM,EQ,15-Sep-2026,34.1,34.78,36.0,33.46,34.0,3945,1.35,100,3207.0,81.29,2026-09-15
RELAXO,EQ,15-Sep-2026,324.95,324.95,327.5,315.0,317.15,109701,351.14,6017,51180.0,46.65,2026-09-15
RELCHEMQ,EQ,15-Sep-2026,110.23,114.0,129.5,113.0,120.7,138336,173.67,2656,51454.0,37.19,2026-09-15
RELIABLE,EQ,15-Sep-2026,137.04,139.1,139.1,133.5,134.92,3657,4.95,369,2036.0,55.67,2026-09-15
RELIANCE,EQ,15-Sep-2026,1257.5,1252.5,1259.4,1235.3,1235.3,13754376,171828.34,234801,8426050.0,61.26,2026-09-15
RELIGARE,EQ,15-Sep-2026,256.81,256.81,256.81,245.14,247.55,584107,1461.09,11943,287807.0,49.27,2026-09-15
RELINFRA,BE,15-Sep-2026,53.66,52.6,54.0,52.59,52.59,63092,33.21,766,,,2026-09-15
RELTD,EQ,15-Sep-2026,155.64,156.78,157.5,147.55,148.9,106567,161.35,2421,56970.0,53.46,2026-09-15
REMSONSIND,EQ,15-Sep-2026,96.32,96.4,98.9,91.11,92.13,146432,139.07,3497,74848.0,51.11,2026-09-15
REMUS,SM,15-Sep-2026,880.0,867.45,891.8,854.0,884.8,6500,56.51,62,4100.0,63.08,2026-09-15
RENUKA,EQ,15-Sep-2026,24.87,25.0,25.05,23.05,23.49,11649203,2790.08,21437,4547563.0,39.04,2026-09-15
REPCOHOME,EQ,15-Sep-2026,359.6,359.6,361.7,345.0,348.75,159662,559.46,5453,93703.0,58.69,2026-09-15
REPL,BE,15-Sep-2026,61.0,61.99,61.99,57.95,59.51,9716,5.75,80,,,2026-09-15
REPRO,EQ,15-Sep-2026,309.5,312.9,314.6,285.2,296.4,9288,27.93,537,6200.0,66.75,2026-09-15
RESPONIND,EQ,15-Sep-2026,173.27,172.3,172.96,160.0,160.82,957892,1595.17,7259,394500.0,41.18,2026-09-15
RETAIL,EQ,15-Sep-2026,17.14,17.14,17.87,16.25,17.76,629,0.11,28,599.0,95.23,2026-09-15
RFBL,ST,15-Sep-2026,89.0,84.6,84.65,84.55,84.55,15000,12.69,5,15000.0,100.0,2026-09-15
RGL,EQ,15-Sep-2026,155.49,157.3,163.45,151.2,151.77,1223848,1920.77,21371,451142.0,36.86,2026-09-15
RHETAN,EQ,15-Sep-2026,24.01,22.81,22.81,22.81,22.81,246294,56.18,682,246243.0,99.98,2026-09-15
RHFL,BZ,15-Sep-2026,1.87,1.9,1.9,1.83,1.85,433412,8.06,1005,,,2026-09-15
RHIM,EQ,15-Sep-2026,375.8,375.65,375.65,360.8,361.6,156169,573.76,5682,103275.0,66.13,2026-09-15
RHL,EQ,15-Sep-2026,166.85,168.7,179.8,168.69,175.23,17789,31.3,316,13694.0,76.98,2026-09-15
RICOAUTO,EQ,15-Sep-2026,134.17,133.97,135.7,128.21,128.58,643528,840.43,9121,273839.0,42.55,2026-09-15
RIIL,EQ,15-Sep-2026,710.75,715.0,719.7,694.7,697.25,36914,259.92,2167,14927.0,40.44,2026-09-15
RIIT,IV,15-Sep-2026,119.62,120.44,120.5,119.4,119.49,195082,233.44,1929,181195.0,92.88,2026-09-15
RILINFRA,SM,15-Sep-2026,31.9,32.35,34.0,32.35,33.55,12100,4.03,59,11200.0,92.56,2026-09-15
RIR,EQ,15-Sep-2026,177.26,180.0,181.0,170.27,171.5,512746,896.11,8199,147277.0,28.72,2026-09-15
RISHABH,EQ,15-Sep-2026,829.6,829.55,830.0,772.7,779.5,224609,1788.14,16030,118231.0,52.64,2026-09-15
RITCO,EQ,15-Sep-2026,300.7,300.0,309.45,289.4,291.35,60571,178.73,1849,41257.0,68.11,2026-09-15
RITES,EQ,15-Sep-2026,209.15,209.6,211.19,205.55,206.53,262779,547.86,11001,134095.0,51.03,2026-09-15
RKDL,EQ,15-Sep-2026,18.06,18.1,18.69,17.62,18.0,5592,1.01,82,4766.0,85.23,2026-09-15
RKEC,EQ,15-Sep-2026,19.33,20.45,20.45,19.2,19.43,22880,4.49,190,17877.0,78.13,2026-09-15
RKFORGE,EQ,15-Sep-2026,711.2,715.0,715.2,684.6,688.2,685117,4759.34,23266,391857.0,57.2,2026-09-15
RKSWAMY,EQ,15-Sep-2026,92.94,94.8,94.8,86.83,89.46,44355,40.09,1069,25567.0,57.64,2026-09-15
RMC,EQ,15-Sep-2026,211.68,211.68,215.0,199.0,201.09,55581,114.37,2353,28199.0,50.73,2026-09-15
RMDRIP,BE,15-Sep-2026,23.55,24.0,24.02,23.5,23.5,385005,90.75,564,,,2026-09-15
RML,EQ,15-Sep-2026,1360.0,1362.1,1371.6,1300.0,1306.5,36201,479.09,4230,17400.0,48.06,2026-09-15
RNBDENIMS,BE,15-Sep-2026,9.46,9.55,9.77,9.0,9.04,189739,17.52,502,,,2026-09-15
RNFI,SM,15-Sep-2026,339.55,339.6,339.6,320.05,323.5,19800,65.33,26,15000.0,75.76,2026-09-15
RNPL,SM,15-Sep-2026,61.85,60.0,60.55,60.0,60.55,4800,2.89,4,4800.0,100.0,2026-09-15
ROCKINGDCE,SM,15-Sep-2026,227.35,217.1,235.0,213.0,223.9,2000,4.4,8,1000.0,50.0,2026-09-15
ROHLTD,EQ,15-Sep-2026,306.3,304.8,313.95,294.0,298.5,20115,60.3,756,13590.0,67.56,2026-09-15
ROLEXRINGS,EQ,15-Sep-2026,171.37,173.64,176.0,164.92,166.47,1102758,1877.05,20223,503689.0,45.68,2026-09-15
ROLLT,BE,15-Sep-2026,4.75,4.8,4.98,4.61,4.95,972824,47.67,651,,,2026-09-15
ROML,EQ,15-Sep-2026,42.69,43.22,43.5,42.72,43.0,144,0.06,23,85.0,59.03,2026-09-15
ROSSARI,EQ,15-Sep-2026,446.15,443.95,448.6,433.3,435.4,59590,262.13,3190,31727.0,53.24,2026-09-15
ROSSELLIND,EQ,15-Sep-2026,55.06,55.95,57.89,55.0,56.65,68654,38.83,1268,36049.0,52.51,2026-09-15
ROSSTECH,EQ,15-Sep-2026,1214.3,1234.9,1308.2,1211.8,1265.4,1062808,13588.84,68922,199512.0,18.77,2026-09-15
ROTO,EQ,15-Sep-2026,64.29,63.8,64.68,62.57,63.01,289946,184.21,2671,138173.0,47.65,2026-09-15
ROUTE,EQ,15-Sep-2026,493.55,496.45,505.9,480.0,481.9,216143,1069.65,8018,125255.0,57.95,2026-09-15
ROXHITECH,SM,15-Sep-2026,45.8,44.5,44.5,43.7,43.75,28800,12.64,18,25600.0,88.89,2026-09-15
ROYALARC,SM,15-Sep-2026,154.0,155.0,155.0,155.0,155.0,2400,3.72,1,2400.0,100.0,2026-09-15
RPEL,EQ,15-Sep-2026,1845.2,1860.0,1875.0,1605.0,1622.4,225914,3815.08,26411,99485.0,44.04,2026-09-15
RPGLIFE,EQ,15-Sep-2026,2698.6,2709.0,2918.2,2685.0,2718.8,60664,1695.26,8460,20309.0,33.48,2026-09-15
RPOWER,EQ,15-Sep-2026,21.58,21.6,21.74,20.9,21.03,17702828,3755.36,37128,6038556.0,34.11,2026-09-15
RPPINFRA,EQ,15-Sep-2026,60.34,60.79,60.83,54.32,54.72,87771,49.66,1339,57836.0,65.89,2026-09-15
RPPL,BE,15-Sep-2026,20.74,20.74,20.74,19.8,20.0,77276,15.47,172,,,2026-09-15
RPSGVENT,EQ,15-Sep-2026,831.8,831.8,869.9,826.05,829.35,38746,329.09,1953,12923.0,33.35,2026-09-15
RPTECH,EQ,15-Sep-2026,819.65,815.0,815.0,788.3,797.35,377031,3020.17,30565,188451.0,49.98,2026-09-15
RRECL,EQ,15-Sep-2026,133.8,134.46,134.46,121.2,123.7,160,0.21,15,124.0,77.5,2026-09-15
RRIL,EQ,15-Sep-2026,15.99,16.64,16.64,15.81,15.94,14455,2.34,108,9746.0,67.42,2026-09-15
RRKABEL,EQ,15-Sep-2026,2424.4,2424.8,2427.9,2370.1,2381.3,208267,4986.77,23297,122281.0,58.71,2026-09-15
RSDFIN,BE,15-Sep-2026,94.0,98.4,98.4,90.47,93.1,86,0.08,4,,,2026-09-15
RSL,EQ,15-Sep-2026,190.1,191.62,193.09,180.0,181.63,670942,1250.97,5510,212648.0,31.69,2026-09-15
RSSOFTWARE,EQ,15-Sep-2026,29.63,29.5,29.97,29.01,29.6,32806,9.69,187,25987.0,79.21,2026-09-15
RSWM,BE,15-Sep-2026,218.23,222.0,222.0,208.05,209.41,38344,82.1,256,,,2026-09-15
RSYSTEMS,EQ,15-Sep-2026,240.36,240.34,252.74,240.0,240.47,217291,537.35,5145,87317.0,40.18,2026-09-15
RTL,SM,15-Sep-2026,78.0,77.0,77.0,77.0,77.0,2000,1.54,1,2000.0,100.0,2026-09-15
RTNINDIA,EQ,15-Sep-2026,27.68,27.83,28.28,26.0,27.01,2120638,579.84,6638,937632.0,44.21,2026-09-15
RTNPOWER,EQ,15-Sep-2026,7.17,7.22,7.3,6.95,6.99,27592104,1957.49,23412,13868824.0,50.26,2026-09-15
RTSPOWR,EQ,15-Sep-2026,87.94,88.0,88.0,85.0,86.1,668,0.58,24,642.0,96.11,2026-09-15
RUBFILA,EQ,15-Sep-2026,68.51,67.4,68.34,62.8,63.56,103797,67.8,947,78110.0,75.25,2026-09-15
RUBICON,EQ,15-Sep-2026,1835.4,1852.9,1880.5,1805.1,1815.6,200388,3687.78,21243,94382.0,47.1,2026-09-15
RUBYMILLS,EQ,15-Sep-2026,455.1,468.0,468.0,420.6,432.4,13641,59.59,1189,5923.0,43.42,2026-09-15
RUCHINFRA,EQ,15-Sep-2026,5.55,5.72,5.72,5.4,5.41,80698,4.43,211,57832.0,71.66,2026-09-15
RUCHIRA,EQ,15-Sep-2026,108.83,109.0,111.73,104.57,105.44,37224,40.12,993,21316.0,57.26,2026-09-15
RUDRA,EQ,15-Sep-2026,20.49,20.15,20.79,19.83,20.16,28636,5.77,250,21171.0,73.93,2026-09-15
RULKA,SM,15-Sep-2026,107.0,105.05,105.05,105.0,105.0,1800,1.89,6,1800.0,100.0,2026-09-15
RUPA,EQ,15-Sep-2026,137.48,137.48,137.8,133.0,133.49,98326,132.68,4236,54733.0,55.66,2026-09-15
RUSHIL,EQ,15-Sep-2026,15.91,16.18,16.23,15.41,15.59,229040,35.98,819,166501.0,72.7,2026-09-15
RUSTOMJEE,EQ,15-Sep-2026,344.95,345.0,348.55,334.55,339.45,76157,259.13,2604,43852.0,57.58,2026-09-15
RVHL,EQ,15-Sep-2026,39.46,40.43,40.43,38.37,39.16,6411,2.5,99,4673.0,72.89,2026-09-15
RVNL,EQ,15-Sep-2026,204.9,205.0,207.0,198.29,199.0,3967219,8023.29,46275,1611103.0,40.61,2026-09-15
RVTH,EQ,15-Sep-2026,740.95,740.95,740.95,613.5,680.5,4976,33.34,361,2959.0,59.47,2026-09-15
S&SPOWER,EQ,15-Sep-2026,350.35,332.85,344.0,332.85,332.85,2992,10.01,126,2385.0,79.71,2026-09-15
SAAKSHI,ST,15-Sep-2026,345.4,340.15,362.65,340.15,362.0,37800,136.4,58,26400.0,69.84,2026-09-15
SAATVIKGL,EQ,15-Sep-2026,395.95,392.0,399.0,384.7,389.55,105059,411.62,2734,51700.0,49.21,2026-09-15
SAB,EQ,15-Sep-2026,175.05,175.05,175.05,175.05,175.05,5,0.01,1,5.0,100.0,2026-09-15
SACHEEROME,SM,15-Sep-2026,509.95,521.0,521.0,470.0,480.7,22200,109.56,66,15000.0,67.57,2026-09-15
SADBHAV,EQ,15-Sep-2026,7.87,7.99,8.1,7.62,7.67,224092,17.53,582,149641.0,66.78,2026-09-15
SADBHIN,EQ,15-Sep-2026,2.52,2.56,2.56,2.46,2.47,60864,1.51,186,55478.0,91.15,2026-09-15
SADHAV,SM,15-Sep-2026,113.65,110.05,113.15,106.2,107.6,35400,38.6,56,25800.0,72.88,2026-09-15
SADHNANIQ,BE,15-Sep-2026,2.84,2.84,2.84,2.8,2.8,888546,24.94,299,,,2026-09-15
SAFARI,EQ,15-Sep-2026,1544.7,1550.0,1550.0,1490.0,1532.1,74589,1132.09,7705,38484.0,51.59,2026-09-15
SAFEENTP,SM,15-Sep-2026,257.3,264.5,264.95,253.0,259.55,33000,85.81,59,22500.0,68.18,2026-09-15
SAGARDEEP,EQ,15-Sep-2026,23.79,23.79,23.79,23.52,23.65,4366,1.03,57,3668.0,84.01,2026-09-15
SAGCEM,EQ,15-Sep-2026,146.25,148.3,149.38,146.25,146.8,35191,51.9,867,26441.0,75.14,2026-09-15
SAGILITY,EQ,15-Sep-2026,45.2,45.85,46.62,45.21,45.6,23912914,11000.48,41167,8892134.0,37.19,2026-09-15
SAHAJSOLAR,SM,15-Sep-2026,93.95,94.4,95.45,93.65,94.05,13600,12.87,26,10000.0,73.53,2026-09-15
SAHANA,SM,15-Sep-2026,904.45,900.0,910.0,885.0,899.0,22950,206.91,71,19200.0,83.66,2026-09-15
SAHASRA,SM,15-Sep-2026,297.1,309.25,311.95,302.0,311.35,82000,255.12,145,73200.0,89.27,2026-09-15
SAHLIBHFI,EQ,15-Sep-2026,81.67,81.67,82.75,77.01,77.91,41398,32.87,544,28572.0,69.02,2026-09-15
SAHYADRI,EQ,15-Sep-2026,390.9,394.8,408.95,358.0,363.15,27611,103.8,1166,16593.0,60.1,2026-09-15
SAICAPI,EQ,15-Sep-2026,152.18,155.0,155.0,148.0,154.5,134,0.21,11,125.0,93.28,2026-09-15
SAIFL,SM,15-Sep-2026,4.4,4.5,4.5,4.3,4.35,224000,9.83,45,112000.0,50.0,2026-09-15
SAIL,EQ,15-Sep-2026,179.0,179.53,180.0,172.92,173.0,10217048,17915.32,43272,4302258.0,42.11,2026-09-15
SAILIFE,EQ,15-Sep-2026,1585.0,1587.9,1601.0,1535.8,1541.5,433185,6774.76,36268,212207.0,48.99,2026-09-15
SAIPARENT,EQ,15-Sep-2026,523.35,520.3,520.85,503.0,506.35,74691,381.57,3585,44053.0,58.98,2026-09-15
SAKAR,EQ,15-Sep-2026,1158.55,1178.0,1179.0,1117.1,1137.55,119031,1373.05,10784,51036.0,42.88,2026-09-15
SAKHTISUG,EQ,15-Sep-2026,19.9,19.9,20.22,18.9,18.95,135785,26.22,768,87947.0,64.77,2026-09-15
SAKSOFT,EQ,15-Sep-2026,146.49,146.5,150.98,141.0,142.25,505365,737.08,8462,170157.0,33.67,2026-09-15
SAKUMA,EQ,15-Sep-2026,1.57,1.6,1.6,1.55,1.56,742269,11.65,1059,539434.0,72.67,2026-09-15
SALASAR,EQ,15-Sep-2026,5.05,5.07,5.09,4.71,4.81,11156788,541.29,8278,6790444.0,60.86,2026-09-15
SALONA,EQ,15-Sep-2026,260.05,255.05,265.0,255.0,257.15,65,0.17,12,38.0,58.46,2026-09-15
SALSTEEL,EQ,15-Sep-2026,74.81,75.55,75.55,71.07,71.07,351889,252.66,2476,201240.0,57.19,2026-09-15
SALZERELEC,EQ,15-Sep-2026,550.55,551.6,551.6,530.0,531.45,34986,189.43,2646,19150.0,54.74,2026-09-15
SAMAY,ST,15-Sep-2026,45.0,46.95,46.95,46.95,46.95,4000,1.88,1,4000.0,100.0,2026-09-15
SAMBANDAM,EQ,15-Sep-2026,111.65,111.65,111.65,111.65,111.65,1,0.0,1,1.0,100.0,2026-09-15
SAMBHAAV,EQ,15-Sep-2026,5.96,6.0,6.0,5.66,5.67,16941,0.98,111,15405.0,90.93,2026-09-15
SAMBHV,EQ,15-Sep-2026,131.08,131.6,132.0,128.32,128.96,1638704,2126.23,13807,793820.0,48.44,2026-09-15
SAMHI,EQ,15-Sep-2026,157.07,157.0,158.99,152.25,152.73,468454,725.31,14287,244374.0,52.17,2026-09-15
SAMMAANCAP,EQ,15-Sep-2026,147.3,148.0,148.3,141.21,141.96,5171011,7450.53,29640,2451071.0,47.4,2026-09-15
SAMPANN,EQ,15-Sep-2026,24.46,24.41,25.24,23.56,23.91,27614,6.68,202,21753.0,78.78,2026-09-15
SANATHAN,EQ,15-Sep-2026,472.1,474.5,480.2,453.0,461.4,58337,269.66,7712,36069.0,61.83,2026-09-15
SANDESH,EQ,15-Sep-2026,1014.6,1015.0,1042.0,1010.0,1018.8,502,5.13,107,411.0,81.87,2026-09-15
SANDHAR,EQ,15-Sep-2026,618.6,618.1,628.0,607.3,610.35,119259,735.5,8132,74511.0,62.48,2026-09-15
SANDUMA,EQ,15-Sep-2026,190.35,191.01,191.99,181.2,181.98,1127169,2075.23,20627,594208.0,52.72,2026-09-15
SANGAMIND,EQ,15-Sep-2026,574.4,570.55,573.4,552.35,565.65,34764,196.19,1799,19400.0,55.8,2026-09-15
SANGHVIMOV,EQ,15-Sep-2026,426.5,427.85,438.15,400.0,401.5,514577,2117.32,16672,309866.0,60.22,2026-09-15
SANGINITA,BE,15-Sep-2026,65.67,66.98,66.98,66.98,66.98,23718,15.89,120,,,2026-09-15
SANOFI,EQ,15-Sep-2026,3079.2,3079.2,3159.8,3074.1,3131.0,23468,730.89,4140,11740.0,50.03,2026-09-15
SANOFICONR,EQ,15-Sep-2026,4023.4,4023.4,4112.0,3978.0,4055.3,7742,312.77,2462,3303.0,42.66,2026-09-15
SANSERA,EQ,15-Sep-2026,4129.9,4155.0,4183.6,3820.0,3871.7,276179,10957.15,45368,160854.0,58.24,2026-09-15
SANSTAR,EQ,15-Sep-2026,110.53,109.59,111.6,109.59,110.76,130368,144.44,2022,82815.0,63.52,2026-09-15
SANWARIA,BZ,15-Sep-2026,0.19,0.19,0.2,0.18,0.19,411773,0.79,215,,,2026-09-15
SAPPHIRE,EQ,15-Sep-2026,225.74,225.95,228.79,221.51,222.37,399696,896.38,17121,245311.0,61.37,2026-09-15
SAPPL,EQ,15-Sep-2026,290.8,292.0,293.0,277.95,287.6,1738,4.9,46,1351.0,77.73,2026-09-15
SARDAEN,EQ,15-Sep-2026,524.15,523.0,525.0,499.5,501.35,380876,1938.54,15021,210755.0,55.33,2026-09-15
SAREGAMA,EQ,15-Sep-2026,505.5,505.1,505.1,481.15,485.5,194289,959.14,11694,87202.0,44.88,2026-09-15
SARLAPOLY,EQ,15-Sep-2026,100.22,100.7,102.78,96.11,96.7,102414,101.77,1138,71754.0,70.06,2026-09-15
SAROJA,SM,15-Sep-2026,39.8,39.75,39.75,39.75,39.75,1600,0.64,1,1600.0,100.0,2026-09-15
SARTELE,SM,15-Sep-2026,79.9,79.7,82.95,77.15,77.7,56500,45.17,90,38500.0,68.14,2026-09-15
SARVESHWAR,EQ,15-Sep-2026,4.01,4.04,4.04,3.78,3.85,1905933,74.0,2437,1292186.0,67.8,2026-09-15
SASKEN,EQ,15-Sep-2026,1783.6,1749.9,1801.6,1714.0,1722.2,55350,963.68,7601,26060.0,47.08,2026-09-15
SATECH,SM,15-Sep-2026,39.9,39.9,43.85,39.9,43.85,20000,8.61,20,16000.0,80.0,2026-09-15
SATIA,EQ,15-Sep-2026,68.01,67.01,68.67,66.22,66.51,106260,71.63,1290,61405.0,57.79,2026-09-15
SATIN,EQ,15-Sep-2026,216.68,217.15,217.63,212.0,214.88,158812,339.78,3304,76815.0,48.37,2026-09-15
SATIPOLY,ST,15-Sep-2026,38.8,38.0,38.0,36.9,36.9,1000,0.37,2,1000.0,100.0,2026-09-15
SATKARTAR,SM,15-Sep-2026,145.2,147.0,159.2,135.0,144.85,140000,202.65,145,107200.0,76.57,2026-09-15
SATTVAENGG,SM,15-Sep-2026,62.15,62.25,62.25,60.9,62.1,8000,4.94,5,6400.0,80.0,2026-09-15
SAURASHCEM,EQ,15-Sep-2026,54.76,54.9,55.99,52.7,53.03,107268,57.62,1494,84941.0,79.19,2026-09-15
SAVY,SM,15-Sep-2026,140.0,140.0,140.0,135.0,135.0,7200,9.97,5,6000.0,83.33,2026-09-15
SAWALIYA,SM,15-Sep-2026,162.45,166.0,166.0,154.1,158.3,22200,35.49,15,16200.0,72.97,2026-09-15
SAYAJIHOTL,EQ,15-Sep-2026,326.8,325.1,338.0,320.7,322.7,605,1.97,26,549.0,90.74,2026-09-15
SAYAJIIND,EQ,15-Sep-2026,118.9,113.0,117.99,113.0,113.51,312,0.35,6,311.0,99.68,2026-09-15
SBC,EQ,15-Sep-2026,48.33,48.15,48.55,47.35,47.73,9919587,4741.62,7684,3738312.0,37.69,2026-09-15
SBCL,EQ,15-Sep-2026,1087.0,1087.0,1120.0,1000.0,1020.2,482862,4970.63,24538,224756.0,46.55,2026-09-15
SBFC,EQ,15-Sep-2026,98.19,98.0,98.75,94.01,94.43,630989,605.59,11131,316713.0,50.19,2026-09-15
SBGLP,EQ,15-Sep-2026,21.56,21.56,22.63,21.05,21.33,56281,12.1,510,37698.0,66.98,2026-09-15
SBIBPB,EQ,15-Sep-2026,48.58,48.58,49.13,47.5,47.72,56517,27.07,682,46623.0,82.49,2026-09-15
SBICARD,EQ,15-Sep-2026,655.2,652.1,655.75,617.1,618.6,1751822,11022.24,43216,858867.0,49.03,2026-09-15
SBIETFCON,EQ,15-Sep-2026,118.35,119.98,119.98,116.81,116.86,3428,4.04,170,1981.0,57.79,2026-09-15
SBIETFIT,EQ,15-Sep-2026,322.45,324.7,339.7,324.7,328.26,32283,107.27,408,10739.0,33.27,2026-09-15
SBIETFPB,EQ,15-Sep-2026,281.69,285.89,285.9,277.28,277.5,3089,8.62,122,2410.0,78.02,2026-09-15
SBIETFQLTY,EQ,15-Sep-2026,216.09,215.01,218.28,213.31,214.04,17934,38.4,93,11226.0,62.6,2026-09-15
SBIFUNDS,EQ,15-Sep-2026,544.3,545.8,549.0,533.1,536.5,1079997,5801.39,74142,602314.0,55.77,2026-09-15
SBILIFE,EQ,15-Sep-2026,1684.7,1672.1,1683.1,1652.9,1654.1,1139205,18938.49,46830,738329.0,64.81,2026-09-15
SBILIQETF,EQ,15-Sep-2026,1055.8,1055.93,1055.95,1055.93,1055.95,5977,63.11,48,5976.0,99.98,2026-09-15
SBIMIDMOM,EQ,15-Sep-2026,63.53,64.17,64.17,61.68,61.85,53326,33.15,363,50838.0,95.33,2026-09-15
SBIN,EQ,15-Sep-2026,995.7,994.0,999.8,968.0,968.0,10004115,97976.03,206073,6015570.0,60.13,2026-09-15
SBINEQWETF,EQ,15-Sep-2026,32.55,33.36,33.36,32.15,32.24,36302,11.78,398,26238.0,72.28,2026-09-15
SBINMID150,EQ,15-Sep-2026,22.94,23.4,23.4,22.32,22.35,36224,8.18,221,19069.0,52.64,2026-09-15
SBISILVER,EQ,15-Sep-2026,221.92,221.92,221.92,219.15,220.12,1062753,2342.89,7296,491917.0,46.29,2026-09-15
SBISMLETF,EQ,15-Sep-2026,18.28,18.37,18.53,17.84,17.98,76273,13.86,444,51956.0,68.12,2026-09-15
SBIVALETF,EQ,15-Sep-2026,14.57,14.57,14.57,14.25,14.28,12957,1.86,126,12532.0,96.72,2026-09-15
SCANSTL,BE,15-Sep-2026,56.34,56.06,56.99,54.9,55.18,24619,13.77,118,,,2026-09-15
SCHAEFFLER,EQ,15-Sep-2026,3950.5,3950.5,3961.6,3895.0,3916.4,50304,1971.33,18935,31600.0,62.82,2026-09-15
SCHAND,EQ,15-Sep-2026,137.72,136.05,137.72,133.19,133.74,17433,23.41,547,12784.0,73.33,2026-09-15
SCHNEIDER,EQ,15-Sep-2026,1227.0,1227.0,1228.9,1185.0,1193.1,233496,2796.41,20099,156102.0,66.85,2026-09-15
SCI,EQ,15-Sep-2026,280.6,281.0,281.85,268.0,269.05,1967345,5375.91,36763,807233.0,41.03,2026-09-15
SCILAL,EQ,15-Sep-2026,38.14,38.85,38.85,37.15,37.34,182150,68.71,1814,135069.0,74.15,2026-09-15
SCML,SM,15-Sep-2026,77.9,76.1,76.1,76.0,76.0,2000,1.52,2,2000.0,100.0,2026-09-15
SCODATUBES,EQ,15-Sep-2026,129.82,130.0,132.9,125.5,126.23,123440,157.88,1730,83809.0,67.89,2026-09-15
SCPL,BE,15-Sep-2026,646.8,646.0,654.0,630.05,636.05,3939,25.38,169,,,2026-09-15
SDBL,EQ,15-Sep-2026,70.07,70.0,71.96,67.75,68.13,535458,367.13,4537,341247.0,63.73,2026-09-15
SDREAMS,SM,15-Sep-2026,83.0,81.0,81.0,77.05,79.9,28000,22.21,23,25000.0,89.29,2026-09-15
SEAMECLTD,EQ,15-Sep-2026,1788.4,1814.9,1814.9,1721.0,1736.9,83528,1455.79,6702,40599.0,48.61,2026-09-15
SECL,SZ,15-Sep-2026,2.65,2.75,2.75,2.75,2.75,6250,0.17,1,6250.0,100.0,2026-09-15
SECMARK,EQ,15-Sep-2026,141.31,149.4,149.4,133.41,142.98,802,1.14,38,405.0,50.5,2026-09-15
SECURKLOUD,EQ,15-Sep-2026,16.51,16.18,16.99,16.18,16.78,31638,5.25,160,21882.0,69.16,2026-09-15
SEDEMAC,EQ,15-Sep-2026,2906.2,2944.0,2995.0,2911.0,2950.7,95665,2825.73,15652,34164.0,35.71,2026-09-15
SEIL,EQ,15-Sep-2026,192.68,193.5,195.0,188.3,190.09,382765,732.69,2313,215326.0,56.26,2026-09-15
SEJALLTD,EQ,15-Sep-2026,646.3,663.2,663.2,616.5,618.35,6101,38.44,596,4741.0,77.71,2026-09-15
SEKURITIND,EQ,15-Sep-2026,110.34,110.35,112.16,105.05,106.86,52685,57.17,1009,33248.0,63.11,2026-09-15
SEL,SM,15-Sep-2026,354.2,369.0,369.0,351.0,363.85,3400,12.19,17,2400.0,70.59,2026-09-15
SELECTIPO,EQ,15-Sep-2026,48.48,48.72,48.72,47.31,47.34,61098,29.27,209,49295.0,80.68,2026-09-15
SELMC,BE,15-Sep-2026,29.25,28.0,28.0,27.79,27.79,6239,1.74,64,,,2026-09-15
SEMAC,EQ,15-Sep-2026,273.05,269.5,272.4,264.0,269.0,702,1.89,37,630.0,89.74,2026-09-15
SENCO,EQ,15-Sep-2026,346.4,348.95,351.0,335.15,336.4,504318,1720.69,17479,247428.0,49.06,2026-09-15
SENORES,EQ,15-Sep-2026,1467.3,1470.0,1475.6,1400.0,1416.1,162042,2322.36,14251,83753.0,51.69,2026-09-15
SENSEXADD,EQ,15-Sep-2026,77.35,77.59,77.59,76.62,76.77,5048,3.87,43,4354.0,86.25,2026-09-15
SENSEXAXIS,EQ,15-Sep-2026,77.35,78.38,78.38,77.0,77.2,2720,2.11,76,1521.0,55.92,2026-09-15
SENSEXBETA,EQ,15-Sep-2026,832.37,822.02,844.0,822.02,824.0,240273,1980.03,252,240046.0,99.91,2026-09-15
SENSEXETF,EQ,15-Sep-2026,77.42,77.77,77.77,76.34,76.63,24562,18.89,484,14120.0,57.49,2026-09-15
SENSEXIETF,EQ,15-Sep-2026,863.63,867.94,867.94,849.18,853.91,16466,141.34,758,11153.0,67.73,2026-09-15
SEPC,EQ,15-Sep-2026,5.27,5.3,5.32,5.08,5.12,8695082,450.37,5504,4836334.0,55.62,2026-09-15
SERVICE,SM,15-Sep-2026,68.05,65.65,65.75,65.65,65.75,4000,2.63,2,4000.0,100.0,2026-09-15
SERVOTECH,EQ,15-Sep-2026,77.28,76.91,76.91,72.31,72.86,844722,622.86,9052,392908.0,46.51,2026-09-15
SESHAPAPER,EQ,15-Sep-2026,251.14,251.0,251.48,241.6,242.8,43579,107.11,1222,28393.0,65.15,2026-09-15
SETCO,BE,15-Sep-2026,16.74,17.5,17.57,17.15,17.23,46116,8.04,219,,,2026-09-15
SETF10GILT,EQ,15-Sep-2026,263.98,262.75,264.4,261.0,263.75,5042,13.28,61,4100.0,81.32,2026-09-15
SETFGOLD,EQ,15-Sep-2026,129.06,129.0,129.0,127.25,127.57,8275144,10574.23,17494,4956321.0,59.89,2026-09-15
SETFNIF50,EQ,15-Sep-2026,252.41,255.34,255.34,249.79,250.09,863309,2170.0,13695,530472.0,61.45,2026-09-15
SETFNIFBK,EQ,15-Sep-2026,581.78,596.32,596.32,573.65,575.11,166307,958.6,1964,153527.0,92.32,2026-09-15
SETFNN50,EQ,15-Sep-2026,772.61,791.92,791.92,756.0,756.99,51047,389.32,2561,37384.0,73.23,2026-09-15
SETL,EQ,15-Sep-2026,468.15,444.75,444.75,444.75,444.75,194608,865.52,2127,193107.0,99.23,2026-09-15
SETUINFRA,BZ,15-Sep-2026,0.66,0.67,0.69,0.63,0.63,141940,0.91,97,,,2026-09-15
SEYAIND,BE,15-Sep-2026,12.68,12.68,12.93,12.51,12.57,16307,2.1,63,,,2026-09-15
SFL,EQ,15-Sep-2026,691.55,691.55,695.9,662.9,668.25,159797,1091.52,15057,73288.0,45.86,2026-09-15
SFML,SM,15-Sep-2026,21.6,21.0,21.0,21.0,21.0,1600,0.34,1,1600.0,100.0,2026-09-15
SGBAPR28I,GB,15-Sep-2026,15130.83,15130.83,15130.83,14925.29,14949.83,1598,239.23,68,1532.0,95.87,2026-09-15
SGBAUG27,GB,15-Sep-2026,15010.28,15085.33,15085.33,14760.0,14858.0,66,9.86,26,42.0,63.64,2026-09-15
SGBAUG28V,GB,15-Sep-2026,15012.8,15279.0,15279.0,14812.0,14907.92,657,98.2,138,425.0,64.69,2026-09-15
SGBAUG29V,GB,15-Sep-2026,15113.83,15100.0,15100.0,14861.0,14916.62,42,6.29,32,29.0,69.05,2026-09-15
SGBAUG30,GB,15-Sep-2026,15175.73,15175.73,15251.6,14915.55,14988.59,128,19.27,42,119.0,92.97,2026-09-15
SGBD29VIII,GB,15-Sep-2026,15133.75,14860.01,15099.99,14860.0,14955.74,155,23.23,45,123.0,79.35,2026-09-15
SGBDC27VII,GB,15-Sep-2026,15190.0,15050.0,15425.0,14875.0,14900.0,15,2.25,6,10.0,66.67,2026-09-15
SGBDE30III,GB,15-Sep-2026,15213.46,15137.39,15247.99,15054.91,15122.65,172,26.0,58,129.0,75.0,2026-09-15
SGBDE31III,GB,15-Sep-2026,15592.86,15675.0,15675.0,15325.01,15334.27,819,126.64,227,517.0,63.13,2026-09-15
SGBFEB27,GB,15-Sep-2026,15025.0,14900.0,14900.0,14900.0,14900.0,5,0.75,2,5.0,100.0,2026-09-15
SGBFEB28IX,GB,15-Sep-2026,15030.04,14810.0,15149.99,14810.0,15149.99,2,0.3,2,2.0,100.0,2026-09-15
SGBFEB29XI,GB,15-Sep-2026,15032.94,14957.78,15050.0,14862.0,14988.66,55,8.23,23,41.0,74.55,2026-09-15
SGBFEB32IV,GB,15-Sep-2026,15841.24,15841.24,15841.24,15501.55,15554.95,1161,182.11,352,836.0,72.01,2026-09-15
SGBJ28VIII,GB,15-Sep-2026,15149.0,14702.01,15049.91,14702.01,14900.0,24,3.56,5,13.0,54.17,2026-09-15
SGBJAN27,GB,15-Sep-2026,15160.04,14732.1,14850.0,14732.1,14850.0,38,5.62,6,15.0,39.47,2026-09-15
SGBJAN29IX,GB,15-Sep-2026,15046.09,15030.0,15099.0,14901.02,14905.81,273,40.79,47,245.0,89.74,2026-09-15
SGBJAN29X,GB,15-Sep-2026,15042.97,14950.01,14951.01,14901.02,14925.0,45,6.72,10,44.0,97.78,2026-09-15
SGBJAN30IX,GB,15-Sep-2026,15232.85,14928.19,15169.99,14911.5,14949.84,486,73.13,159,157.0,32.3,2026-09-15
SGBJU29III,GB,15-Sep-2026,15012.61,14937.55,14950.1,14900.02,14920.0,85,12.69,19,80.0,94.12,2026-09-15
SGBJUL27,GB,15-Sep-2026,14999.9,15001.0,15001.0,14911.0,14911.0,4,0.6,4,4.0,100.0,2026-09-15
SGBJUL28IV,GB,15-Sep-2026,15010.0,15010.0,15010.0,14858.0,14892.16,100,14.91,39,67.0,67.0,2026-09-15
SGBJUL29IV,GB,15-Sep-2026,15012.5,14950.0,14961.07,14900.0,14900.0,198,29.58,81,198.0,100.0,2026-09-15
SGBJUN27,GB,15-Sep-2026,15025.0,15025.0,15025.0,14713.21,14885.83,24,3.57,14,13.0,54.17,2026-09-15
SGBJUN28,GB,15-Sep-2026,15030.0,15000.0,15000.0,14900.0,14921.74,88,13.16,43,66.0,75.0,2026-09-15
SGBJUN29II,GB,15-Sep-2026,15055.62,15000.0,15000.0,14910.01,14911.0,300,44.85,48,214.0,71.33,2026-09-15
SGBJUN30,GB,15-Sep-2026,15296.66,15011.0,15269.99,14841.0,14922.53,369,55.22,112,217.0,58.81,2026-09-15
SGBJUN31I,GB,15-Sep-2026,15320.87,15320.87,15320.87,15101.0,15160.05,528,80.16,127,372.0,70.45,2026-09-15
SGBMAR28X,GB,15-Sep-2026,15385.0,14852.14,14969.85,14852.14,14969.85,3,0.45,2,3.0,100.0,2026-09-15
SGBMAR30X,GB,15-Sep-2026,15179.63,15170.0,15170.0,15060.0,15060.0,2,0.3,2,2.0,100.0,2026-09-15
SGBMAR31IV,GB,15-Sep-2026,15319.25,15295.64,15295.64,15100.01,15120.0,126,19.1,44,109.0,86.51,2026-09-15
SGBMAY28,GB,15-Sep-2026,15059.5,14921.0,15044.99,14900.0,14904.56,110,16.45,30,57.0,51.82,2026-09-15
SGBMAY29I,GB,15-Sep-2026,15071.47,15061.0,15089.99,14899.99,14962.49,309,46.24,69,289.0,93.53,2026-09-15
SGBMR29XII,GB,15-Sep-2026,15023.88,15025.0,15025.0,14875.0,14901.0,114,17.0,32,110.0,96.49,2026-09-15
SGBN28VIII,GB,15-Sep-2026,15038.81,15150.0,15150.0,14900.0,14955.0,41,6.14,15,26.0,63.41,2026-09-15
SGBNOV26,GB,15-Sep-2026,15190.0,14900.0,15050.0,14900.0,14945.65,23,3.44,2,16.0,69.57,2026-09-15
SGBNV29VII,GB,15-Sep-2026,15072.55,14971.0,15095.0,14915.0,14915.0,191,28.57,30,130.0,68.06,2026-09-15
SGBOC28VII,GB,15-Sep-2026,15199.0,15035.0,15035.0,14931.0,14950.0,566,84.79,19,555.0,98.06,2026-09-15
SGBOCT27,GB,15-Sep-2026,15155.0,15000.02,15000.02,15000.0,15000.0,9,1.35,3,6.0,66.67,2026-09-15
SGBOCT27VI,GB,15-Sep-2026,15175.01,14952.0,14952.0,14905.0,14905.0,115,17.16,3,115.0,100.0,2026-09-15
SGBSEP27,GB,15-Sep-2026,15054.75,14901.27,14989.98,14901.0,14905.02,19,2.83,5,13.0,68.42,2026-09-15
SGBSEP28VI,GB,15-Sep-2026,15009.04,14975.01,14975.01,14875.0,14884.61,237,35.34,56,202.0,85.23,2026-09-15
SGBSEP29VI,GB,15-Sep-2026,15043.82,14968.6,15100.0,14880.01,14901.25,371,55.47,88,325.0,87.6,2026-09-15
SGBSEP31II,GB,15-Sep-2026,15391.9,15391.9,15391.9,15201.01,15209.01,715,109.4,165,501.0,70.07,2026-09-15
SGFIN,EQ,15-Sep-2026,660.75,665.0,666.0,625.0,629.75,272203,1743.56,12644,153629.0,56.44,2026-09-15
SGIL,EQ,15-Sep-2026,592.2,592.2,608.0,586.0,590.9,16573,99.44,434,12711.0,76.7,2026-09-15
SGL,EQ,15-Sep-2026,9.73,9.82,10.01,9.75,9.82,6382,0.63,67,4874.0,76.37,2026-09-15
SGLRES,EQ,15-Sep-2026,2.44,2.55,2.55,2.32,2.35,31022,0.73,150,25167.0,81.13,2026-09-15
SGMART,EQ,15-Sep-2026,750.95,750.75,753.05,716.15,722.1,198309,1457.16,12954,105357.0,53.13,2026-09-15
SGRL,EQ,15-Sep-2026,659.2,670.0,699.2,646.6,657.6,15689,104.42,1090,10152.0,64.71,2026-09-15
SHADOWFAX,EQ,15-Sep-2026,253.4,253.4,254.9,239.0,241.15,3355837,8188.62,41737,2211894.0,65.91,2026-09-15
SHAH,EQ,15-Sep-2026,3.51,3.5,3.5,3.19,3.35,1406837,47.34,1158,902437.0,64.15,2026-09-15
SHAHALLOYS,BE,15-Sep-2026,92.62,90.3,94.25,87.99,91.05,43776,39.52,151,,,2026-09-15
SHAILY,EQ,15-Sep-2026,3279.5,3300.7,3326.5,3152.0,3181.8,108535,3497.17,21552,50233.0,46.28,2026-09-15
SHAKTIPUMP,EQ,15-Sep-2026,493.8,492.9,493.75,473.15,474.2,609362,2929.98,21514,307608.0,50.48,2026-09-15
SHALBY,EQ,15-Sep-2026,144.78,144.78,149.0,136.35,137.21,364825,515.46,4477,189828.0,52.03,2026-09-15
SHALPAINTS,BE,15-Sep-2026,85.73,85.73,89.0,81.45,81.79,88280,74.36,386,,,2026-09-15
SHANKARA,EQ,15-Sep-2026,148.29,148.4,150.39,147.11,149.83,415745,621.51,2865,389893.0,93.78,2026-09-15
SHANKESH,EQ,15-Sep-2026,101.3,103.49,104.19,92.22,94.35,5763565,5630.55,35085,1747005.0,30.31,2026-09-15
SHANTI,EQ,15-Sep-2026,6.2,6.47,6.47,6.04,6.1,27186,1.68,96,24057.0,88.49,2026-09-15
SHANTIGEAR,EQ,15-Sep-2026,714.95,714.95,728.5,679.25,679.25,102653,708.81,2911,42952.0,41.84,2026-09-15
SHANTIGOLD,EQ,15-Sep-2026,258.17,260.65,262.04,246.36,247.89,888493,2231.27,14726,401827.0,45.23,2026-09-15
SHANTIINOR,ST,15-Sep-2026,184.95,194.15,194.15,184.0,194.15,300800,579.73,156,268800.0,89.36,2026-09-15
SHARDACROP,EQ,15-Sep-2026,765.55,770.2,771.0,748.6,753.4,179500,1357.33,11982,115525.0,64.36,2026-09-15
SHARDAMOTR,EQ,15-Sep-2026,943.75,968.0,974.4,928.0,933.15,147923,1410.16,14241,71360.0,48.24,2026-09-15
SHARDUL,BE,15-Sep-2026,55.43,56.0,56.0,53.25,54.17,27354,14.87,82,,,2026-09-15
SHAREINDIA,EQ,15-Sep-2026,198.93,204.28,207.36,193.06,197.2,4211096,8393.75,38753,682560.0,16.21,2026-09-15
SHARIABEES,EQ,15-Sep-2026,437.38,437.5,446.25,437.5,442.09,13753,61.08,774,7398.0,53.79,2026-09-15
SHBAJRG,EQ,15-Sep-2026,155.85,156.99,156.99,153.0,153.96,1495,2.29,48,1378.0,92.17,2026-09-15
SHEETAL,SM,15-Sep-2026,353.0,354.0,360.0,354.0,355.0,5500,19.65,11,3000.0,54.55,2026-09-15
SHEKHAWATI,BE,15-Sep-2026,19.37,19.29,20.33,19.0,20.29,203612,41.26,283,,,2026-09-15
SHEMAROO,BE,15-Sep-2026,120.57,121.05,121.25,114.55,114.78,11458,13.42,121,,,2026-09-15
SHERA,SM,15-Sep-2026,195.05,194.05,194.2,180.75,183.1,68000,126.54,58,51000.0,75.0,2026-09-15
SHERVANI,EQ,15-Sep-2026,348.85,350.55,374.0,342.0,349.5,382,1.39,52,298.0,78.01,2026-09-15
SHETHJI,SM,15-Sep-2026,189.5,190.6,190.6,185.2,185.4,11000,20.55,6,11000.0,100.0,2026-09-15
SHIGAN,SM,15-Sep-2026,66.5,64.5,64.5,64.5,64.5,1500,0.97,1,1500.0,100.0,2026-09-15
SHILCTECH,EQ,15-Sep-2026,4174.4,4208.9,4279.0,4062.2,4078.3,15004,621.92,3882,8567.0,57.1,2026-09-15
SHILGRAVQ,EQ,15-Sep-2026,163.94,164.0,168.9,158.0,159.62,3504,5.72,88,2838.0,80.99,2026-09-15
SHILPAMED,EQ,15-Sep-2026,961.15,968.0,968.75,902.25,911.9,756740,7036.81,35157,323705.0,42.78,2026-09-15
SHINDL,EQ,15-Sep-2026,163.02,164.69,164.69,158.77,161.48,154154,248.33,917,25689.0,16.66,2026-09-15
SHIPROCKET,EQ,15-Sep-2026,133.99,134.39,134.39,125.85,127.82,2797182,3631.89,23643,788635.0,28.19,2026-09-15
SHIVAAGRO,EQ,15-Sep-2026,39.69,40.0,40.0,37.6,37.9,1547,0.59,42,1543.0,99.74,2026-09-15
SHIVACEM,EQ,15-Sep-2026,15.95,16.29,16.29,15.6,15.89,43700,6.99,286,34071.0,77.97,2026-09-15
SHIVALIK,EQ,15-Sep-2026,362.05,362.5,373.15,350.0,353.9,97952,351.73,5000,49573.0,50.61,2026-09-15
SHIVAMAUTO,EQ,15-Sep-2026,16.69,17.1,18.0,16.45,16.54,41093,6.91,228,32938.0,80.15,2026-09-15
SHIVAMILLS,EQ,15-Sep-2026,61.47,63.0,63.0,59.5,61.12,1396,0.84,25,981.0,70.27,2026-09-15
SHIVASHRIT,SM,15-Sep-2026,120.4,120.4,124.4,117.0,119.35,75000,90.66,71,53000.0,70.67,2026-09-15
SHIVATEX,EQ,15-Sep-2026,178.05,180.03,184.72,176.06,180.5,3009,5.46,113,2063.0,68.56,2026-09-15
SHIVAUM,EQ,15-Sep-2026,465.4,484.35,484.9,463.5,470.0,815,3.84,56,196.0,24.05,2026-09-15
SHK,EQ,15-Sep-2026,141.22,141.2,141.88,135.0,135.89,298458,413.32,5253,176134.0,59.01,2026-09-15
SHKSIL,SM,15-Sep-2026,36.1,34.0,36.9,34.0,35.95,10000,3.52,5,6000.0,60.0,2026-09-15
SHOPERSTOP,EQ,15-Sep-2026,375.45,378.2,442.0,372.55,398.5,2756422,11582.83,88607,112589.0,4.08,2026-09-15
SHRADDHA,EQ,15-Sep-2026,152.67,151.0,154.53,148.1,151.89,7567,11.39,65,6898.0,91.16,2026-09-15
SHRADHA,EQ,15-Sep-2026,30.84,30.84,30.84,29.8,29.97,1488,0.45,81,1177.0,79.1,2026-09-15
SHREDIGCEM,EQ,15-Sep-2026,68.49,69.5,70.0,65.46,65.87,130681,87.24,1455,84381.0,64.57,2026-09-15
SHREECEM,EQ,15-Sep-2026,22570.0,22620.0,22660.0,21905.0,21905.0,12171,2707.16,6948,6897.0,56.67,2026-09-15
SHREEDHAR,ST,15-Sep-2026,135.8,141.9,142.55,141.9,142.55,24000,34.19,12,22000.0,91.67,2026-09-15
SHREEJISPG,EQ,15-Sep-2026,691.75,691.75,711.65,655.85,684.0,3269593,22435.17,31867,1309028.0,40.04,2026-09-15
SHREEKARNI,SM,15-Sep-2026,381.0,382.0,382.05,362.15,365.05,4800,17.77,24,3600.0,75.0,2026-09-15
SHREEOSFM,SM,15-Sep-2026,56.0,54.0,54.0,53.0,53.0,4000,2.14,4,4000.0,100.0,2026-09-15
SHREEPUSHK,EQ,15-Sep-2026,486.9,487.5,524.0,470.0,501.45,310949,1556.3,14712,68447.0,22.01,2026-09-15
SHREERAMA,EQ,15-Sep-2026,47.12,46.31,47.08,43.61,44.23,84445,38.29,2498,38209.0,45.25,2026-09-15
SHRENIK,BZ,15-Sep-2026,0.29,0.29,0.3,0.29,0.29,244863,0.72,166,,,2026-09-15
SHREYANIND,EQ,15-Sep-2026,132.8,134.12,134.12,125.12,126.17,4777,6.14,161,3494.0,73.14,2026-09-15
SHRIAHIMSA,SM,15-Sep-2026,462.15,462.15,485.0,450.0,457.0,12600,58.04,19,9600.0,76.19,2026-09-15
SHRIKANHA,SM,15-Sep-2026,22.8,22.8,23.9,22.8,23.5,4800,1.12,3,4800.0,100.0,2026-09-15
SHRIKRISH,EQ,15-Sep-2026,37.0,36.0,36.1,34.01,34.22,917,0.33,12,894.0,97.49,2026-09-15
SHRINGARMS,EQ,15-Sep-2026,217.27,218.0,218.01,209.55,211.05,157933,335.52,1373,75898.0,48.06,2026-09-15
SHRIPISTON,EQ,15-Sep-2026,4371.5,4358.5,4407.8,4246.4,4275.4,76632,3295.55,17906,44598.0,58.2,2026-09-15
SHRIRAMFIN,EQ,15-Sep-2026,1028.6,1044.9,1044.9,979.8,979.8,5927612,59090.42,116757,3658587.0,61.72,2026-09-15
SHRIRAMPPS,EQ,15-Sep-2026,71.83,72.22,72.6,70.2,70.41,287955,204.2,2775,168064.0,58.36,2026-09-15
SHRITECH,SM,15-Sep-2026,59.7,61.0,61.0,58.55,58.55,16000,9.44,5,16000.0,100.0,2026-09-15
SHRJAGP,EQ,15-Sep-2026,647.0,673.95,673.95,617.0,641.45,451,2.86,26,391.0,86.7,2026-09-15
SHUBHLAXMI,SM,15-Sep-2026,18.4,18.4,18.4,18.4,18.4,1000,0.18,1,1000.0,100.0,2026-09-15
SHUBHSHREE,SM,15-Sep-2026,360.0,345.0,361.9,345.0,360.7,2400,8.58,6,1800.0,75.0,2026-09-15
SHUKRAPHAR,EQ,15-Sep-2026,53.94,54.06,56.2,54.06,55.27,2366428,1307.51,7424,954941.0,40.35,2026-09-15
SHYAMCENT,BE,15-Sep-2026,4.96,4.96,5.09,4.87,4.9,30597,1.51,103,,,2026-09-15
SHYAMDHANI,ST,15-Sep-2026,52.95,53.7,53.7,52.0,52.1,22000,11.49,7,22000.0,100.0,2026-09-15
SHYAMMETL,EQ,15-Sep-2026,1074.8,1082.3,1082.7,1045.1,1050.5,231835,2460.24,19129,146827.0,63.33,2026-09-15
SHYAMTEL,EQ,15-Sep-2026,11.48,11.86,11.86,10.55,11.2,1365,0.15,83,835.0,61.17,2026-09-15
SICAGEN,EQ,15-Sep-2026,53.53,54.0,55.95,53.01,53.98,13896,7.46,435,10838.0,77.99,2026-09-15
SICALLOG,BE,15-Sep-2026,98.0,98.9,101.94,94.25,94.42,12466,11.94,102,,,2026-09-15
SIDDHICOTS,SM,15-Sep-2026,26.5,26.5,26.9,26.2,26.9,4800,1.27,4,4800.0,100.0,2026-09-15
SIDDHIKA,SM,15-Sep-2026,235.0,226.0,226.0,226.0,226.0,500,1.13,1,500.0,100.0,2026-09-15
SIEL,EQ,15-Sep-2026,30.0,30.5,31.5,28.51,31.5,510,0.15,20,507.0,99.41,2026-09-15
SIEMENS,EQ,15-Sep-2026,3957.0,3957.4,3964.0,3770.0,3770.0,347469,13353.22,33063,150096.0,43.2,2026-09-15
SIGACHI,EQ,15-Sep-2026,37.93,37.8,37.8,30.35,31.51,20492367,6561.05,49614,7128567.0,34.79,2026-09-15
SIGIND,BE,15-Sep-2026,70.79,71.0,71.97,68.01,68.99,11166,7.74,84,,,2026-09-15
SIGMA,EQ,15-Sep-2026,44.19,43.35,46.79,43.35,44.9,139128,62.18,1579,54256.0,39.0,2026-09-15
SIGMAADV,BE,15-Sep-2026,832.45,840.0,867.0,790.85,794.65,318415,2616.84,8090,,,2026-09-15
SIGNATURE,EQ,15-Sep-2026,760.85,764.9,777.85,748.55,751.15,179141,1362.88,4763,11932.0,6.66,2026-09-15
SIGNPOST,EQ,15-Sep-2026,276.25,278.5,278.5,261.9,264.65,57010,152.35,2287,28087.0,49.27,2026-09-15
SIKA,EQ,15-Sep-2026,1085.55,1099.9,1106.95,1026.1,1040.05,46605,488.34,5135,21509.0,46.15,2026-09-15
SIKKO,BE,15-Sep-2026,5.83,5.97,5.99,5.6,5.64,506757,29.8,803,,,2026-09-15
SIL,EQ,15-Sep-2026,17.76,17.76,18.36,17.51,17.6,31415,5.58,377,23229.0,73.94,2026-09-15
SILGO,EQ,15-Sep-2026,70.01,70.53,71.36,68.41,69.08,259419,181.49,1261,222208.0,85.66,2026-09-15
SILINV,EQ,15-Sep-2026,463.8,471.55,478.0,440.5,444.95,1485,6.74,189,980.0,65.99,2026-09-15
SILKFLEX,SM,15-Sep-2026,281.05,270.1,281.75,268.05,271.1,19000,52.07,19,11000.0,57.89,2026-09-15
SILKY,SM,15-Sep-2026,68.75,71.0,71.0,69.95,69.95,1600,1.13,2,1600.0,100.0,2026-09-15
SILVER,EQ,15-Sep-2026,226.48,226.42,226.42,223.34,224.06,926183,2081.86,11188,458004.0,49.45,2026-09-15
SILVER001,EQ,15-Sep-2026,22.94,23.05,23.17,22.61,23.0,6706,1.53,83,3906.0,58.25,2026-09-15
SILVER1,EQ,15-Sep-2026,22.01,22.0,22.02,21.69,21.78,10647931,2330.36,7532,6416020.0,60.26,2026-09-15
SILVER360,EQ,15-Sep-2026,223.61,223.98,223.98,221.06,222.74,15321,34.13,487,6104.0,39.84,2026-09-15
SILVERADD,EQ,15-Sep-2026,21.82,21.8,21.85,21.55,21.61,5796850,1257.78,5670,3010594.0,51.93,2026-09-15
SILVERAG,EQ,15-Sep-2026,220.59,220.5,220.5,217.67,218.62,216997,475.08,2751,125195.0,57.69,2026-09-15
SILVERAXIS,EQ,15-Sep-2026,225.76,226.45,226.45,222.42,223.1,657007,1474.48,3543,547650.0,83.36,2026-09-15
SILVERBEES,EQ,15-Sep-2026,216.72,216.45,216.54,213.83,214.67,16405242,35320.45,84570,8023599.0,48.91,2026-09-15
SILVERBETA,EQ,15-Sep-2026,218.53,218.97,218.97,215.88,216.69,529462,1151.84,5367,204125.0,38.55,2026-09-15
SILVERBND,EQ,15-Sep-2026,227.2,227.0,227.19,224.14,224.95,13863,31.23,168,12676.0,91.44,2026-09-15
SILVERCASE,EQ,15-Sep-2026,22.98,22.95,22.96,22.68,22.74,5588161,1275.43,10255,2606463.0,46.64,2026-09-15
SILVERIETF,EQ,15-Sep-2026,226.39,226.5,226.5,223.33,223.94,3710345,8337.46,22741,1888429.0,50.9,2026-09-15
SILVERTUC,EQ,15-Sep-2026,152.49,155.98,157.9,146.12,149.66,420284,646.26,6926,130347.0,31.01,2026-09-15
SIMBHALS,BZ,15-Sep-2026,7.07,7.07,7.07,6.93,6.93,3399,0.24,17,,,2026-09-15
SIMCA,ST,15-Sep-2026,261.8,263.0,265.0,256.0,261.1,76200,198.94,27,76200.0,100.0,2026-09-15
SIMPLEXINF,EQ,15-Sep-2026,255.1,255.35,256.0,238.9,242.85,110563,270.35,2327,70626.0,63.88,2026-09-15
SIMPLXREA,EQ,15-Sep-2026,137.0,143.0,143.0,130.15,132.27,169,0.24,10,169.0,100.0,2026-09-15
SINCLAIR,EQ,15-Sep-2026,80.28,80.0,81.0,78.1,78.41,46998,37.34,650,31935.0,67.95,2026-09-15
SINDHUTRAD,EQ,15-Sep-2026,23.99,24.02,24.02,23.23,23.53,385853,91.2,887,108178.0,28.04,2026-09-15
SINGERIND,EQ,15-Sep-2026,76.16,75.7,78.19,74.01,74.98,66642,50.25,857,45378.0,68.09,2026-09-15
SINTERCOM,EQ,15-Sep-2026,76.65,80.0,80.0,75.0,75.05,1098,0.83,91,696.0,63.39,2026-09-15
SIRCA,EQ,15-Sep-2026,427.35,429.9,434.0,414.0,418.15,200970,843.16,3519,93847.0,46.7,2026-09-15
SIS,EQ,15-Sep-2026,419.3,418.45,425.65,412.25,414.9,450780,1894.03,10036,193163.0,42.85,2026-09-15
SITINET,BZ,15-Sep-2026,0.27,0.27,0.28,0.27,0.27,433513,1.2,273,,,2026-09-15
SIYSIL,EQ,15-Sep-2026,535.15,535.65,539.6,516.4,520.95,26520,139.56,2577,14649.0,55.24,2026-09-15
SJLOGISTIC,SM,15-Sep-2026,317.35,315.0,317.35,311.05,312.9,27750,86.91,98,22000.0,79.28,2026-09-15
SJS,EQ,15-Sep-2026,2354.0,2357.1,2369.7,2290.2,2311.7,151469,3520.29,22678,89948.0,59.38,2026-09-15
SJVN,EQ,15-Sep-2026,66.18,66.17,66.77,64.38,64.58,1708205,1111.93,17689,802246.0,46.96,2026-09-15
SKFINDIA,EQ,15-Sep-2026,1527.8,1518.6,1528.5,1502.1,1508.5,23487,355.35,3201,13500.0,57.48,2026-09-15
SKFINDUS,EQ,15-Sep-2026,2887.7,2886.0,2910.0,2812.1,2833.8,56181,1604.24,21404,23079.0,41.08,2026-09-15
SKIL,BZ,15-Sep-2026,0.87,0.89,0.91,0.87,0.9,109842,0.99,64,,,2026-09-15
SKIPPER,EQ,15-Sep-2026,551.55,557.5,557.8,531.0,534.15,1092523,5903.53,30626,484890.0,44.38,2026-09-15
SKMEGGPROD,EQ,15-Sep-2026,241.3,241.35,242.95,231.0,231.9,116381,273.76,3838,72011.0,61.88,2026-09-15
SKP,SM,15-Sep-2026,171.0,175.0,175.0,160.5,165.55,36500,60.9,58,11500.0,31.51,2026-09-15
SKYGOLD,EQ,15-Sep-2026,827.4,835.0,851.95,785.0,789.4,773753,6257.01,29225,352975.0,45.62,2026-09-15
SKYTECH,SM,15-Sep-2026,27.9,26.55,26.55,26.55,26.55,35200,9.35,19,35200.0,100.0,2026-09-15
SKYWAYS,EQ,15-Sep-2026,116.01,117.0,117.5,110.31,111.29,1875473,2137.38,16241,579763.0,30.91,2026-09-15
SLONE,ST,15-Sep-2026,177.2,178.5,183.5,169.1,177.75,4800,8.39,12,3600.0,75.0,2026-09-15
SMALL250,EQ,15-Sep-2026,18.4,18.86,18.86,17.93,17.98,505834,91.74,1780,304272.0,60.15,2026-09-15
SMALLADD,EQ,15-Sep-2026,18.48,18.48,18.5,18.02,18.11,90981,16.58,194,59656.0,65.57,2026-09-15
SMALLCAP,EQ,15-Sep-2026,49.14,49.49,49.49,46.87,47.76,7245494,3484.83,9861,3469741.0,47.89,2026-09-15
SMALLGROWW,EQ,15-Sep-2026,49.55,49.95,50.08,47.67,47.85,12495,6.08,266,11431.0,91.48,2026-09-15
SMALLIETF,EQ,15-Sep-2026,18.4,18.4,18.4,17.9,17.98,63411,11.51,252,40791.0,64.33,2026-09-15
SMARTEN,ST,15-Sep-2026,53.6,53.6,53.6,52.0,52.0,6000,3.18,5,6000.0,100.0,2026-09-15
SMARTLINK,BE,15-Sep-2026,230.3,233.3,241.81,230.3,233.41,25790,61.78,306,,,2026-09-15
SMARTWORKS,EQ,15-Sep-2026,530.75,539.0,540.35,517.5,518.7,39490,208.07,2420,25384.0,64.28,2026-09-15
SMCGLOBAL,EQ,15-Sep-2026,86.0,86.47,87.29,81.16,81.94,1251208,1046.76,13013,576606.0,46.08,2026-09-15
SML100CASE,EQ,15-Sep-2026,11.29,11.57,11.7,11.0,11.05,2166984,240.92,3223,1237277.0,57.1,2026-09-15
SMLMAH,EQ,15-Sep-2026,6583.0,6640.0,6654.0,6254.0,6254.0,45556,2897.08,7167,23907.0,52.48,2026-09-15
SMLT,EQ,15-Sep-2026,62.29,63.8,65.9,61.54,62.18,2686,1.68,173,1626.0,60.54,2026-09-15
SMSPHARMA,EQ,15-Sep-2026,463.45,477.95,482.0,397.5,410.15,4315277,18174.68,105763,1286644.0,29.82,2026-09-15
SMVD,SM,15-Sep-2026,17.0,16.15,16.15,16.15,16.15,4040,0.65,1,4040.0,100.0,2026-09-15
SNEHAA,SM,15-Sep-2026,44.25,45.0,45.0,44.25,44.25,3000,1.34,3,3000.0,100.0,2026-09-15
SNOWMAN,EQ,15-Sep-2026,35.91,35.95,36.11,34.55,35.03,188142,66.28,1840,115674.0,61.48,2026-09-15
SNXT30BEES,EQ,15-Sep-2026,42.2,42.41,42.41,41.27,41.38,59482,24.89,142,53012.0,89.12,2026-09-15
SNXT50BETA,EQ,15-Sep-2026,94.41,94.41,95.48,92.1,93.0,1657,1.55,178,1313.0,79.24,2026-09-15
SOBHA,EQ,15-Sep-2026,1216.8,1226.6,1240.9,1181.2,1192.7,110757,1332.36,13572,43348.0,39.14,2026-09-15
SOCL,SM,15-Sep-2026,29.0,29.0,29.0,28.5,28.75,12800,3.69,8,9600.0,75.0,2026-09-15
SOFTTECH,EQ,15-Sep-2026,452.35,456.1,474.95,452.35,474.95,13382,63.31,209,13144.0,98.22,2026-09-15
SOLARA,EQ,15-Sep-2026,749.15,761.45,774.0,711.1,715.8,696761,5157.96,31814,272906.0,39.17,2026-09-15
SOLARINDS,EQ,15-Sep-2026,22290.0,22320.0,22700.0,19065.0,19250.0,1304570,263060.73,195264,425477.0,32.61,2026-09-15
SOLARWORLD,EQ,15-Sep-2026,141.48,142.0,143.45,130.15,131.42,463874,626.44,9736,225443.0,48.6,2026-09-15
SOLEX,EQ,15-Sep-2026,698.6,698.75,700.45,661.0,668.9,61445,415.59,5114,33541.0,54.59,2026-09-15
SOMANYCERA,EQ,15-Sep-2026,565.2,568.0,568.0,544.0,550.8,76905,428.78,6972,46995.0,61.11,2026-09-15
SOMATEX,EQ,15-Sep-2026,84.52,84.05,84.52,81.0,81.62,4172,3.4,147,2201.0,52.76,2026-09-15
SOMICONVEY,EQ,15-Sep-2026,92.93,92.9,94.45,90.61,91.01,11112,10.26,385,7998.0,71.98,2026-09-15
SONACOMS,EQ,15-Sep-2026,788.0,788.0,793.9,777.45,790.0,1635076,12879.56,26487,979783.0,59.92,2026-09-15
SONAL,EQ,15-Sep-2026,86.25,90.5,90.5,90.5,90.5,98,0.09,1,98.0,100.0,2026-09-15
SONAMAC,SM,15-Sep-2026,35.25,33.5,34.0,33.5,33.5,5000,1.68,5,4000.0,80.0,2026-09-15
SONAMLTD,BE,15-Sep-2026,72.9,74.0,75.0,72.15,72.55,37695,27.73,257,,,2026-09-15
SONATSOFTW,EQ,15-Sep-2026,265.85,274.75,291.95,272.45,281.3,6788610,19171.98,86249,1063568.0,15.67,2026-09-15
SONUINFRA,ST,15-Sep-2026,50.35,48.0,51.0,47.85,48.3,153000,76.34,40,151500.0,99.02,2026-09-15
SOTL,EQ,15-Sep-2026,716.25,715.8,723.0,684.0,688.3,243431,1693.78,15669,102302.0,42.03,2026-09-15
SOUTHBANK,EQ,15-Sep-2026,46.18,46.38,47.89,44.88,45.0,12742655,5861.58,43834,5468339.0,42.91,2026-09-15
SOUTHWEST,EQ,15-Sep-2026,213.35,213.35,213.35,200.05,201.59,304793,623.68,7198,172769.0,56.68,2026-09-15
SPAL,EQ,15-Sep-2026,1023.0,1023.0,1027.9,965.3,973.8,53942,535.36,5178,26947.0,49.96,2026-09-15
SPANDANA,EQ,15-Sep-2026,235.37,235.37,235.51,226.15,226.96,188234,433.99,5360,101328.0,53.83,2026-09-15
SPARC,EQ,15-Sep-2026,196.01,197.26,198.09,186.99,188.0,627126,1199.18,13552,328528.0,52.39,2026-09-15
SPCENET,EQ,15-Sep-2026,3.39,3.38,3.43,3.2,3.27,1132328,37.12,830,713308.0,62.99,2026-09-15
SPCL,SM,15-Sep-2026,64.7,67.45,67.5,64.05,65.7,24000,15.67,40,18600.0,77.5,2026-09-15
SPCON,SM,15-Sep-2026,155.0,150.0,171.75,150.0,165.0,10800,17.2,9,9600.0,88.89,2026-09-15
SPEB,SM,15-Sep-2026,93.05,91.2,91.2,91.2,91.2,2000,1.82,1,2000.0,100.0,2026-09-15
SPECIALITY,BE,15-Sep-2026,141.7,138.2,140.99,136.9,137.63,9049,12.48,125,,,2026-09-15
SPECTRUM,BE,15-Sep-2026,3022.5,3058.0,3173.6,2951.1,3173.6,29046,905.19,1248,,,2026-09-15
SPELS,BE,15-Sep-2026,145.65,138.37,138.37,138.37,138.37,17259,23.88,697,,,2026-09-15
SPENCERS,EQ,15-Sep-2026,28.3,28.5,28.99,27.5,27.94,30766,8.7,505,25109.0,81.61,2026-09-15
SPIC,EQ,15-Sep-2026,69.0,69.0,69.17,67.0,67.38,418875,285.76,3073,271300.0,64.77,2026-09-15
SPLIL,EQ,15-Sep-2026,30.05,30.79,30.79,28.55,28.84,13439,4.0,194,11172.0,83.13,2026-09-15
SPLPETRO,EQ,15-Sep-2026,818.35,828.0,828.0,781.35,789.35,170064,1360.56,11215,98393.0,57.86,2026-09-15
SPMLINFRA,EQ,15-Sep-2026,171.63,171.05,171.89,167.0,168.47,163272,274.64,2481,103646.0,63.48,2026-09-15
SPORTKING,EQ,15-Sep-2026,214.77,215.0,215.0,199.0,201.01,471319,966.06,10958,272028.0,57.72,2026-09-15
SPPPOLY,SM,15-Sep-2026,11.75,12.3,12.3,11.4,12.2,12000,1.46,3,10000.0,83.33,2026-09-15
SPUNWEB,SM,15-Sep-2026,101.0,100.35,102.8,100.0,102.8,19200,19.27,7,16800.0,87.5,2026-09-15
SRD,EQ,15-Sep-2026,38.27,38.99,40.0,38.5,39.3,53352,21.15,332,44271.0,82.98,2026-09-15
SREEL,BE,15-Sep-2026,333.27,323.0,323.0,316.61,316.61,15954,50.56,189,,,2026-09-15
SRF,EQ,15-Sep-2026,2482.4,2482.4,2490.7,2450.0,2455.2,149986,3703.37,18002,83630.0,55.76,2026-09-15
SRGHFL,EQ,15-Sep-2026,156.0,140.4,140.4,140.4,140.4,66874,93.89,150,62822.0,93.94,2026-09-15
SRHHYPOLTD,EQ,15-Sep-2026,523.8,523.5,535.0,488.0,497.4,59413,304.56,2270,37553.0,63.21,2026-09-15
SRIKPRIND,BE,15-Sep-2026,30.75,29.5,29.5,29.22,29.22,3687,1.08,45,,,2026-09-15
SRIVASAVI,ST,15-Sep-2026,72.05,70.15,72.0,70.0,71.0,12000,8.46,11,11000.0,91.67,2026-09-15
SRM,EQ,15-Sep-2026,439.35,444.6,444.6,417.0,419.9,63636,271.85,3419,37671.0,59.2,2026-09-15
SRTL,EQ,15-Sep-2026,37.32,37.67,38.25,37.32,37.55,23754,8.96,305,20230.0,85.16,2026-09-15
SSDL,EQ,15-Sep-2026,62.59,62.6,64.5,59.73,60.22,41431,25.62,1183,28278.0,68.25,2026-09-15
SSEGL,SM,15-Sep-2026,428.35,429.05,433.0,410.0,417.1,69000,287.2,167,54200.0,78.55,2026-09-15
SSFL,ST,15-Sep-2026,313.65,325.0,329.3,311.0,324.85,21000,68.18,40,21000.0,100.0,2026-09-15
SSWL,EQ,15-Sep-2026,370.65,370.0,370.0,336.0,339.0,1724329,5980.64,43626,828764.0,48.06,2026-09-15
STALLION,BE,15-Sep-2026,225.09,218.5,223.95,213.84,213.84,255501,552.33,3046,,,2026-09-15
STANLEY,EQ,15-Sep-2026,135.6,136.71,138.0,134.85,135.02,114098,154.61,1320,81212.0,71.18,2026-09-15
STAR,EQ,15-Sep-2026,1183.4,1183.0,1203.0,1127.0,1150.6,421480,4956.04,38107,218321.0,51.8,2026-09-15
STARCEMENT,EQ,15-Sep-2026,195.14,195.14,195.91,184.0,184.93,272570,517.91,6182,171375.0,62.87,2026-09-15
STARHEALTH,EQ,15-Sep-2026,562.7,562.7,565.0,537.0,540.8,873422,4755.31,49819,564105.0,64.59,2026-09-15
STARPAPER,EQ,15-Sep-2026,168.44,172.0,172.0,159.01,160.27,14400,23.73,525,10675.0,74.13,2026-09-15
STARTECK,EQ,15-Sep-2026,240.65,240.95,240.95,230.0,238.9,127,0.3,40,98.0,77.17,2026-09-15
STCINDIA,EQ,15-Sep-2026,112.6,112.61,114.43,111.0,111.26,11964,13.46,272,9804.0,81.95,2026-09-15
STEELCAS,EQ,15-Sep-2026,325.25,325.35,330.0,311.0,312.75,49977,159.13,2744,28332.0,56.69,2026-09-15
STEELCITY,EQ,15-Sep-2026,90.3,89.55,90.88,85.36,86.12,17883,15.74,357,11251.0,62.91,2026-09-15
STEELXIND,EQ,15-Sep-2026,12.14,12.19,12.25,11.3,11.44,5762202,677.04,6115,1991087.0,34.55,2026-09-15
STEL,EQ,15-Sep-2026,611.1,611.1,611.1,581.5,597.9,3096,18.44,317,1729.0,55.85,2026-09-15
STERTOOLS,BE,15-Sep-2026,214.66,215.99,222.0,210.52,212.64,10880,23.36,379,,,2026-09-15
STLNETWORK,EQ,15-Sep-2026,36.6,38.43,38.43,35.37,37.2,14945148,5623.04,61157,7246955.0,48.49,2026-09-15
STLSTRINF,EQ,15-Sep-2026,21.2,25.44,25.44,24.2,25.44,40095,10.16,165,30266.0,75.49,2026-09-15
STLTECH,BE,15-Sep-2026,897.4,877.1,912.0,852.55,852.55,3615694,31256.97,75748,,,2026-09-15
STOVEKRAFT,EQ,15-Sep-2026,814.9,819.5,828.95,800.75,804.7,105247,856.16,8180,58635.0,55.71,2026-09-15
STRIDERS,SM,15-Sep-2026,60.95,57.05,57.05,57.0,57.0,4800,2.74,3,3200.0,66.67,2026-09-15
STUDDS,EQ,15-Sep-2026,418.65,420.0,422.05,410.0,410.7,20247,83.65,1091,11210.0,55.37,2026-09-15
STUDIOLSD,SM,15-Sep-2026,9.6,9.6,9.9,9.6,9.65,20000,1.95,10,16000.0,80.0,2026-09-15
STYL,EQ,15-Sep-2026,387.4,387.4,391.95,357.25,360.2,155799,573.89,4383,108771.0,69.81,2026-09-15
STYLAMIND,EQ,15-Sep-2026,3329.9,3341.0,3359.7,3252.1,3281.2,31650,1050.93,5436,17041.0,53.84,2026-09-15
STYLEBAAZA,EQ,15-Sep-2026,388.1,388.05,395.45,374.4,376.05,431277,1642.65,7776,282904.0,65.6,2026-09-15
STYRENIX,EQ,15-Sep-2026,2113.1,2114.4,2130.1,2018.3,2034.2,22209,456.47,3339,13808.0,62.17,2026-09-15
SUBAHOTELS,SM,15-Sep-2026,101.2,104.9,104.9,92.4,94.55,68400,65.66,55,46800.0,68.42,2026-09-15
SUBEXLTD,EQ,15-Sep-2026,20.8,21.3,21.85,20.05,20.44,25531437,5415.85,53560,6911059.0,27.07,2026-09-15
SUBROS,EQ,15-Sep-2026,703.75,702.75,705.0,679.4,682.55,29668,205.31,2536,16529.0,55.71,2026-09-15
SUDARCOLOR,EQ,15-Sep-2026,378.4,376.0,388.7,374.0,375.1,5728,21.66,302,3654.0,63.79,2026-09-15
SUDARSCHEM,EQ,15-Sep-2026,1248.2,1259.0,1259.0,1175.4,1183.2,176492,2125.55,15253,93591.0,53.03,2026-09-15
SUDEEPPHRM,EQ,15-Sep-2026,1202.8,1238.0,1238.0,1142.7,1142.7,124977,1449.95,6823,67383.0,53.92,2026-09-15
SUKHJITS,EQ,15-Sep-2026,159.78,162.0,165.67,160.95,161.72,29472,48.0,570,18934.0,64.24,2026-09-15
SULA,EQ,15-Sep-2026,136.38,138.0,138.89,134.0,134.14,354017,477.81,6010,195240.0,55.15,2026-09-15
SUMAX,ST,15-Sep-2026,126.45,132.75,132.75,120.15,125.85,534000,681.07,291,417600.0,78.2,2026-09-15
SUMEDHA,EQ,15-Sep-2026,41.4,43.49,45.5,41.55,43.09,12042,5.21,305,10578.0,87.84,2026-09-15
SUMEETINDS,EQ,15-Sep-2026,10.77,10.8,10.82,10.24,10.24,1550724,161.22,1846,1035087.0,66.75,2026-09-15
SUMICHEM,EQ,15-Sep-2026,476.4,478.2,479.55,450.25,451.95,263903,1216.68,14783,126184.0,47.81,2026-09-15
SUMIT,EQ,15-Sep-2026,49.4,50.0,52.0,49.81,50.61,25085,12.71,123,20363.0,81.18,2026-09-15
SUMMITSEC,EQ,15-Sep-2026,1409.2,1423.3,1426.5,1390.0,1393.6,4644,65.14,459,3346.0,72.05,2026-09-15
SUNCLAY,EQ,15-Sep-2026,1298.3,1318.9,1318.9,1239.0,1250.2,6584,83.09,1285,4484.0,68.1,2026-09-15
SUNDARAM,EQ,15-Sep-2026,1.19,1.2,1.21,1.17,1.18,192563,2.3,294,136519.0,70.9,2026-09-15
SUNDARMFIN,EQ,15-Sep-2026,4710.7,4718.9,4864.8,4668.5,4695.0,64086,3069.66,16789,34190.0,53.35,2026-09-15
SUNDRMBRAK,BE,15-Sep-2026,713.65,720.75,720.75,681.0,690.1,1776,12.44,59,,,2026-09-15
SUNDRMFAST,EQ,15-Sep-2026,1270.0,1277.3,1280.2,1232.5,1237.3,130043,1632.81,16385,68550.0,52.71,2026-09-15
SUNDROP,EQ,15-Sep-2026,662.0,662.05,666.05,653.0,653.4,5387,35.38,477,3473.0,64.47,2026-09-15
SUNFLAG,EQ,15-Sep-2026,337.2,337.2,339.5,328.5,331.55,103768,346.93,3783,52563.0,50.65,2026-09-15
SUNLITE,SM,15-Sep-2026,683.65,704.0,704.0,633.35,635.95,26400,172.77,81,17100.0,64.77,2026-09-15
SUNLOC,EQ,15-Sep-2026,75.5,75.0,77.99,74.74,76.49,506,0.38,10,504.0,99.6,2026-09-15
SUNPHARMA,EQ,15-Sep-2026,1840.0,1854.6,1856.8,1828.0,1835.0,1437151,26458.82,101840,1009585.0,70.25,2026-09-15
SUNRAKSHAK,EQ,15-Sep-2026,377.05,375.0,378.9,350.1,362.45,8173,30.28,351,6313.0,77.24,2026-09-15
SUNREST,SM,15-Sep-2026,38.05,38.8,38.8,36.5,37.1,14400,5.36,8,14400.0,100.0,2026-09-15
SUNSHIEL,EQ,15-Sep-2026,1200.2,1219.0,1275.4,1201.0,1209.3,4496,55.93,666,3157.0,70.22,2026-09-15
SUNSHINE,EQ,15-Sep-2026,407.8,385.0,394.6,326.25,333.95,7326036,27087.54,117545,2476045.0,33.8,2026-09-15
SUNTECH,SM,15-Sep-2026,39.95,38.6,38.6,38.1,38.4,11200,4.3,7,9600.0,85.71,2026-09-15
SUNTECK,EQ,15-Sep-2026,288.0,289.0,289.95,275.0,276.2,243697,683.99,5701,119466.0,49.02,2026-09-15
SUNTV,EQ,15-Sep-2026,476.0,476.0,476.0,461.15,464.25,323101,1517.51,16955,174931.0,54.14,2026-09-15
SUPERHOUSE,EQ,15-Sep-2026,169.66,171.49,177.9,169.0,169.83,4382,7.54,270,3354.0,76.54,2026-09-15
SUPERSPIN,BE,15-Sep-2026,7.41,7.5,7.5,7.15,7.16,23947,1.73,47,,,2026-09-15
SUPRAJIT,EQ,15-Sep-2026,488.9,490.45,495.0,475.2,480.05,113378,550.09,9946,45832.0,40.42,2026-09-15
SUPREME,EQ,15-Sep-2026,34.74,37.9,37.9,32.51,32.98,111772,37.51,1346,38191.0,34.17,2026-09-15
SUPREMEENG,BZ,15-Sep-2026,3.33,3.39,3.39,3.38,3.39,1404389,47.57,346,,,2026-09-15
SUPREMEIND,EQ,15-Sep-2026,3364.4,3369.0,3413.9,3300.0,3300.0,157956,5289.79,18590,77928.0,49.34,2026-09-15
SUPREMEINF,EQ,15-Sep-2026,85.04,85.04,86.0,81.25,81.4,33793,27.94,714,26500.0,78.42,2026-09-15
SUPREMEPWR,SM,15-Sep-2026,216.75,216.65,216.65,206.0,209.4,71500,151.02,113,45500.0,63.64,2026-09-15
SUPRIYA,EQ,15-Sep-2026,901.75,904.5,912.75,866.25,874.95,166220,1475.37,13026,75945.0,45.69,2026-09-15
SUPTANERY,BE,15-Sep-2026,10.28,9.72,9.72,9.72,9.72,24845,2.41,239,,,2026-09-15
SURAJEST,EQ,15-Sep-2026,174.59,175.42,179.59,168.85,169.85,123897,214.81,2512,69444.0,56.05,2026-09-15
SURAJLTD,EQ,15-Sep-2026,199.99,196.17,199.79,194.97,195.75,1313,2.58,33,1127.0,85.83,2026-09-15
SURAKSHA,EQ,15-Sep-2026,323.75,323.75,328.85,317.7,323.05,70378,228.64,4928,32648.0,46.39,2026-09-15
SURANASOL,EQ,15-Sep-2026,25.51,25.7,26.0,24.8,25.02,24580,6.19,471,19537.0,79.48,2026-09-15
SURANAT&P,EQ,15-Sep-2026,16.1,16.28,16.4,15.8,15.81,39617,6.33,418,32571.0,82.21,2026-09-15
SURANI,SM,15-Sep-2026,91.0,76.0,90.0,76.0,87.5,5200,4.34,20,2600.0,50.0,2026-09-15
SURYALA,EQ,15-Sep-2026,395.25,399.2,416.0,395.25,401.0,41,0.16,9,41.0,100.0,2026-09-15
SURYALAXMI,EQ,15-Sep-2026,56.28,59.0,59.0,53.45,55.46,4782,2.63,238,4058.0,84.86,2026-09-15
SURYAROSNI,EQ,15-Sep-2026,214.27,214.4,216.76,208.15,209.8,375749,798.22,11788,241451.0,64.26,2026-09-15
SURYODAY,EQ,15-Sep-2026,148.05,148.05,150.36,143.43,144.81,322480,472.49,4175,208551.0,64.67,2026-09-15
SUTLEJTEX,BE,15-Sep-2026,39.27,39.31,39.5,38.0,38.28,68463,26.38,148,,,2026-09-15
SUVEN,EQ,15-Sep-2026,355.55,356.35,363.95,327.1,333.45,870622,2961.74,20872,458814.0,52.7,2026-09-15
SUVIDHAA,EQ,15-Sep-2026,2.25,2.27,2.36,2.2,2.28,87341,1.98,291,75745.0,86.72,2026-09-15
SUYOG,EQ,15-Sep-2026,650.5,652.95,664.75,639.0,643.6,25996,168.87,1569,14543.0,55.94,2026-09-15
SUZLON,EQ,15-Sep-2026,44.12,44.53,44.97,42.58,42.9,40276349,17533.42,100810,17777630.0,44.14,2026-09-15
SVGLOBAL,EQ,15-Sep-2026,133.35,135.0,143.6,127.2,131.84,2536,3.45,64,1998.0,78.79,2026-09-15
SVLL,EQ,15-Sep-2026,785.05,816.0,829.4,790.0,790.4,1173,9.4,68,978.0,83.38,2026-09-15
SVPGLOB,EQ,15-Sep-2026,3.45,3.6,3.61,3.35,3.39,37542,1.28,79,30915.0,82.35,2026-09-15
SWANCORP,EQ,15-Sep-2026,296.45,296.0,307.3,288.0,292.6,2810162,8363.66,42904,576808.0,20.53,2026-09-15
SWANDEF,BE,15-Sep-2026,2727.9,2733.0,2733.0,2599.0,2650.5,21102,559.83,1377,,,2026-09-15
SWARAJ,BE,15-Sep-2026,335.15,318.4,318.4,318.4,318.4,3185,10.14,41,,,2026-09-15
SWARAJENG,EQ,15-Sep-2026,3576.0,3579.0,3599.0,3549.0,3569.2,7502,267.69,1893,4451.0,59.33,2026-09-15
SWARNSAR,EQ,15-Sep-2026,39.66,39.05,40.87,38.3,38.74,17383,6.83,214,12687.0,72.99,2026-09-15
SWASTIK,ST,15-Sep-2026,17.5,16.65,16.65,16.65,16.65,1200,0.2,1,1200.0,100.0,2026-09-15
SWELECTES,EQ,15-Sep-2026,567.4,569.9,572.0,547.0,551.4,14842,82.61,1062,7491.0,50.47,2026-09-15
SWIGGY,EQ,15-Sep-2026,278.2,278.2,282.0,275.0,275.0,13233851,36794.13,78581,6564467.0,49.6,2026-09-15
SWISSMLTRY,BE,15-Sep-2026,14.91,14.99,15.34,14.52,14.73,51438,7.61,238,,,2026-09-15
SWSOLAR,EQ,15-Sep-2026,180.22,184.7,187.58,173.01,174.3,1684846,3041.65,21475,608515.0,36.12,2026-09-15
SYLVANPLY,SM,15-Sep-2026,53.0,50.4,52.0,50.35,52.0,6000,3.06,3,4000.0,66.67,2026-09-15
SYMBIOTEC,EQ,15-Sep-2026,1133.45,1133.5,1174.9,1070.05,1080.1,1313080,14666.33,65930,314470.0,23.95,2026-09-15
SYMPHONY,EQ,15-Sep-2026,592.65,590.05,596.4,571.0,573.7,81544,473.93,5021,35607.0,43.67,2026-09-15
SYNCOMF,EQ,15-Sep-2026,19.46,19.69,19.85,18.44,18.53,5369736,1015.75,11696,2482808.0,46.24,2026-09-15
SYNGENE,EQ,15-Sep-2026,382.65,382.95,383.8,377.25,378.85,337576,1282.45,12261,197887.0,58.62,2026-09-15
SYNOPTICS,ST,15-Sep-2026,49.35,46.9,46.9,46.9,46.9,600,0.28,1,600.0,100.0,2026-09-15
SYRMA,EQ,15-Sep-2026,1589.3,1613.7,1614.0,1500.3,1507.7,1180574,18142.92,62086,499801.0,42.34,2026-09-15
SYSTANGO,SM,15-Sep-2026,229.7,230.0,236.0,220.15,226.1,26800,61.15,60,18800.0,70.15,2026-09-15
SYSTMTXC,BE,15-Sep-2026,72.53,72.53,72.53,70.99,70.99,14593,10.38,52,,,2026-09-15
TAALTECH,EQ,15-Sep-2026,5375.5,5550.0,5550.0,4957.2,5012.4,20898,1098.83,5822,8416.0,40.27,2026-09-15
TAC,ST,15-Sep-2026,466.9,479.9,485.9,460.4,464.75,41200,196.04,171,35200.0,85.44,2026-09-15
TAINWALCHM,EQ,15-Sep-2026,207.79,214.0,214.0,205.0,205.0,6228,12.87,48,5977.0,95.97,2026-09-15
TAJGVK,EQ,15-Sep-2026,334.8,334.55,335.4,325.1,325.85,58026,190.73,1922,33965.0,58.53,2026-09-15
TAKE,EQ,15-Sep-2026,17.61,18.49,18.49,18.49,18.49,44031,8.14,101,44030.0,100.0,2026-09-15
TALBROAUTO,EQ,15-Sep-2026,423.75,425.0,443.45,418.0,421.3,454628,1964.59,14576,164883.0,36.27,2026-09-15
TAMBOLIIN,BE,15-Sep-2026,306.85,303.0,318.85,291.55,291.55,5792,17.09,96,,,2026-09-15
TANAA,EQ,15-Sep-2026,266.95,271.0,278.0,263.0,263.6,15969,43.01,1303,9191.0,57.56,2026-09-15
TANKUP,ST,15-Sep-2026,1649.95,1669.8,1669.8,1617.0,1617.0,2000,32.9,8,2000.0,100.0,2026-09-15
TANLA,EQ,15-Sep-2026,502.8,508.05,516.0,488.0,490.55,453227,2274.47,18321,175852.0,38.8,2026-09-15
TARACHAND,EQ,15-Sep-2026,46.86,48.0,48.0,46.5,47.11,59887,28.29,1805,27102.0,45.26,2026-09-15
TARAPUR,EQ,15-Sep-2026,12.97,12.97,13.31,12.14,12.26,30649,3.8,232,20946.0,68.34,2026-09-15
TARC,EQ,15-Sep-2026,131.39,132.0,132.4,126.1,126.61,473899,607.84,5130,292876.0,61.8,2026-09-15
TARIL,EQ,15-Sep-2026,288.5,289.85,290.65,276.6,277.95,1167264,3299.47,27733,633375.0,54.26,2026-09-15
TARMAT,EQ,15-Sep-2026,59.6,59.61,61.68,58.07,58.29,25511,15.24,1796,9157.0,35.89,2026-09-15
TARSONS,EQ,15-Sep-2026,311.2,311.75,312.45,301.0,303.15,98302,300.13,2816,50715.0,51.59,2026-09-15
TASTYBITE,EQ,15-Sep-2026,10273.0,10275.0,10386.0,9900.0,9927.0,3830,384.16,1041,2365.0,61.75,2026-09-15
TATACAP,EQ,15-Sep-2026,362.9,365.0,365.0,350.95,353.35,1237142,4414.7,43038,683259.0,55.23,2026-09-15
TATACHEM,EQ,15-Sep-2026,612.45,734.9,734.9,734.9,734.9,1823658,13402.06,15456,1753814.0,96.17,2026-09-15
TATACOMM,EQ,15-Sep-2026,1761.6,1767.9,1819.8,1742.4,1748.2,285951,5119.73,32861,104009.0,36.37,2026-09-15
TATACONSUM,EQ,15-Sep-2026,991.0,990.1,1009.3,986.0,986.1,1567952,15630.29,42724,908659.0,57.95,2026-09-15
TATAELXSI,EQ,15-Sep-2026,3383.0,3450.0,3532.1,3418.1,3440.0,424602,14805.23,34122,97184.0,22.89,2026-09-15
TATAGOLD,EQ,15-Sep-2026,14.7,14.67,14.67,14.52,14.52,40637526,5927.09,107264,18873207.0,46.44,2026-09-15
TATAINVEST,EQ,15-Sep-2026,650.9,700.15,750.5,700.15,718.35,24516580,177348.59,544693,1833475.0,7.48,2026-09-15
TATAPOWER,EQ,15-Sep-2026,364.65,375.0,377.65,362.95,363.0,3710579,13650.57,44583,1328259.0,35.8,2026-09-15
TATASTEEL,EQ,15-Sep-2026,183.0,186.1,186.49,182.38,183.65,31857708,58463.1,199901,15313473.0,48.07,2026-09-15
TATATECH,EQ,15-Sep-2026,762.15,772.7,789.95,752.25,759.3,1235230,9565.67,57292,351849.0,28.48,2026-09-15
TATSILV,EQ,15-Sep-2026,21.99,21.94,21.99,21.72,21.78,30441996,6655.13,69384,12536390.0,41.18,2026-09-15
TATVA,EQ,15-Sep-2026,1608.7,1604.0,1618.0,1540.0,1547.3,42445,669.19,5751,24533.0,57.8,2026-09-15
TAURIAN,ST,15-Sep-2026,457.0,455.0,479.85,450.0,451.1,44000,202.79,48,35200.0,80.0,2026-09-15
TBI,SM,15-Sep-2026,87.75,87.5,91.0,77.0,78.35,120600,103.82,184,76200.0,63.18,2026-09-15
TBOTEK,EQ,15-Sep-2026,1679.5,1680.8,1680.8,1646.2,1656.1,81145,1344.19,14001,43955.0,54.17,2026-09-15
TBZ,EQ,15-Sep-2026,526.3,552.6,552.6,511.4,524.45,1933695,10360.09,39120,637583.0,32.97,2026-09-15
TCC,EQ,15-Sep-2026,55.32,56.0,57.3,52.36,54.63,3680305,2011.74,19807,408163.0,11.09,2026-09-15
TCI,EQ,15-Sep-2026,858.85,858.85,867.4,833.6,845.4,17354,147.35,4560,11035.0,63.59,2026-09-15
TCIEXP,EQ,15-Sep-2026,514.6,519.0,519.5,490.35,494.3,25494,128.14,2138,14778.0,57.97,2026-09-15
TCIFINANCE,EQ,15-Sep-2026,15.01,15.94,15.94,14.2,15.02,20473,3.07,172,12919.0,63.1,2026-09-15
TCL,SM,15-Sep-2026,113.05,114.0,120.0,112.0,118.6,59200,69.2,46,54400.0,91.89,2026-09-15
TCPLPACK,EQ,15-Sep-2026,3871.0,3879.3,3879.3,3657.5,3692.1,5613,211.17,1343,2885.0,51.4,2026-09-15
TCS,EQ,15-Sep-2026,2200.8,2275.5,2323.0,2251.0,2251.0,5406210,124118.29,181099,2347086.0,43.41,2026-09-15
TDPOWERSYS,EQ,15-Sep-2026,804.9,814.15,817.55,720.1,725.5,5769493,43203.16,175611,2442964.0,42.34,2026-09-15
TEAMGTY,EQ,15-Sep-2026,235.0,243.9,243.9,235.0,235.08,467,1.1,30,399.0,85.44,2026-09-15
TEAMLEASE,EQ,15-Sep-2026,1241.4,1230.1,1241.3,1213.1,1229.6,14425,177.1,5007,8657.0,60.01,2026-09-15
TEAMTECH,ST,15-Sep-2026,129.05,129.95,130.0,126.0,126.0,24000,30.93,10,22000.0,91.67,2026-09-15
TECH,EQ,15-Sep-2026,31.78,32.01,33.3,31.93,32.38,173875,57.31,390,86590.0,49.8,2026-09-15
TECHD,SM,15-Sep-2026,605.3,621.0,625.0,572.0,575.2,18300,109.77,60,12300.0,67.21,2026-09-15
TECHERA,SM,15-Sep-2026,156.75,162.0,164.55,162.0,164.55,80000,131.25,94,60800.0,76.0,2026-09-15
TECHLABS,SM,15-Sep-2026,130.25,132.0,136.75,123.75,124.75,13750,17.91,90,10375.0,75.45,2026-09-15
TECHM,EQ,15-Sep-2026,1541.0,1588.0,1633.2,1575.9,1575.9,2577135,41390.03,123110,946196.0,36.72,2026-09-15
TECHNOCRAF,EQ,15-Sep-2026,442.3,440.25,446.05,414.9,424.35,1500330,6445.28,33686,629732.0,41.97,2026-09-15
TECHNOE,EQ,15-Sep-2026,972.15,972.25,982.95,943.55,950.6,129290,1237.21,16392,73650.0,56.96,2026-09-15
TECHNVISN,EQ,15-Sep-2026,4788.0,4700.0,4874.0,4549.0,4591.5,744,34.01,130,579.0,77.82,2026-09-15
TECILCHEM,EQ,15-Sep-2026,9.6,9.6,9.6,9.05,9.27,13722,1.26,57,12811.0,93.36,2026-09-15
TEGA,EQ,15-Sep-2026,1729.1,1748.0,1748.0,1659.2,1671.1,138967,2351.78,11419,66879.0,48.13,2026-09-15
TEJA,SM,15-Sep-2026,223.25,223.25,225.75,200.95,202.25,68400,141.75,87,42600.0,62.28,2026-09-15
TEJASCARGO,SM,15-Sep-2026,400.0,410.0,410.0,410.0,410.0,1200,4.92,1,1200.0,100.0,2026-09-15
TEJASNET,EQ,15-Sep-2026,552.65,554.0,558.3,516.75,521.25,2713607,14399.21,59064,782686.0,28.84,2026-09-15
TEMBO,EQ,15-Sep-2026,56.08,56.6,56.98,55.1,55.52,967188,538.31,3400,601427.0,62.18,2026-09-15
TEMPSENS,EQ,15-Sep-2026,584.8,589.0,592.0,517.25,523.65,2634136,14358.1,59437,922358.0,35.02,2026-09-15
TENNIND,EQ,15-Sep-2026,506.35,521.0,532.8,510.25,512.9,1307869,6813.56,57057,579731.0,44.33,2026-09-15
TERAI,EQ,15-Sep-2026,126.9,125.63,125.63,120.69,125.63,57,0.07,10,57.0,100.0,2026-09-15
TERASOFT,EQ,15-Sep-2026,248.8,248.8,253.0,231.4,238.35,24003,58.94,1111,13774.0,57.38,2026-09-15
TEXINFRA,EQ,15-Sep-2026,115.52,115.52,116.07,113.47,114.07,226217,258.72,1300,185106.0,81.83,2026-09-15
TEXMOPIPES,EQ,15-Sep-2026,60.08,61.2,64.5,60.0,60.56,669660,420.43,4327,325246.0,48.57,2026-09-15
TEXRAIL,EQ,15-Sep-2026,117.81,118.0,119.01,110.27,110.71,2149805,2436.96,19508,1029953.0,47.91,2026-09-15
TFCILTD,EQ,15-Sep-2026,141.49,141.75,142.44,137.32,138.18,9687578,13510.82,30419,3942772.0,40.7,2026-09-15
TFL,EQ,15-Sep-2026,11.8,11.8,12.5,11.71,11.9,7273,0.86,62,6620.0,91.02,2026-09-15
TGBHOTELS,EQ,15-Sep-2026,9.7,9.51,9.87,9.31,9.7,7842,0.76,53,7510.0,95.77,2026-09-15
TGL,ST,15-Sep-2026,16.45,16.15,16.15,16.15,16.15,600,0.1,3,600.0,100.0,2026-09-15
TGVSL,EQ,15-Sep-2026,105.91,105.99,107.0,103.01,103.91,127830,134.2,1720,93673.0,73.28,2026-09-15
THACKER,EQ,15-Sep-2026,1038.0,1030.0,1030.0,1000.0,1000.0,38,0.39,5,35.0,92.11,2026-09-15
THAKDEV,EQ,15-Sep-2026,128.15,128.15,128.15,128.15,128.15,10,0.01,2,10.0,100.0,2026-09-15
THANGAMAYL,EQ,15-Sep-2026,5126.0,5142.0,5148.5,4870.0,4912.0,100172,4983.35,14551,57276.0,57.18,2026-09-15
THEINVEST,EQ,15-Sep-2026,96.8,96.51,99.0,95.44,96.18,4818,4.71,88,4005.0,83.13,2026-09-15
THEJO,EQ,15-Sep-2026,2192.6,2192.6,2250.0,2160.6,2175.2,14877,327.91,1514,8572.0,57.62,2026-09-15
THELEELA,EQ,15-Sep-2026,542.3,538.0,541.45,519.15,522.45,189584,1007.91,17653,88100.0,46.47,2026-09-15
THEMISMED,EQ,15-Sep-2026,128.25,129.85,129.85,120.1,121.57,127347,159.15,2328,65638.0,51.54,2026-09-15
THERMAX,EQ,15-Sep-2026,3682.0,3715.0,3718.0,3508.0,3559.4,211945,7555.33,34975,106041.0,50.03,2026-09-15
THESL,ST,15-Sep-2026,13.9,13.4,13.4,13.25,13.25,12000,1.59,4,6000.0,50.0,2026-09-15
THOMASCOOK,EQ,15-Sep-2026,108.63,108.6,109.6,102.83,103.37,989497,1042.44,8040,484739.0,48.99,2026-09-15
THOMASCOTT,EQ,15-Sep-2026,237.55,236.6,246.15,229.75,237.9,60938,144.6,2602,25794.0,42.33,2026-09-15
THYROCARE,EQ,15-Sep-2026,549.7,552.7,556.9,542.05,544.45,194375,1068.11,21916,111475.0,57.35,2026-09-15
TI,EQ,15-Sep-2026,521.6,524.05,526.4,503.1,510.75,786869,4043.36,24132,345610.0,43.92,2026-09-15
TICL,BE,15-Sep-2026,7.05,7.05,7.1,6.7,6.75,162994,11.04,295,,,2026-09-15
TIGERLOGS,EQ,15-Sep-2026,27.16,27.23,27.62,26.52,27.4,100468,27.33,559,76892.0,76.53,2026-09-15
TIIL,EQ,15-Sep-2026,3250.2,3250.2,3255.9,3109.0,3128.6,24762,780.78,6004,13418.0,54.19,2026-09-15
TIINDIA,EQ,15-Sep-2026,2606.1,2606.1,2613.2,2521.5,2525.0,195410,5002.98,20720,91348.0,46.75,2026-09-15
TIJARIA,BE,15-Sep-2026,7.41,7.04,7.78,7.04,7.76,185044,13.31,325,,,2026-09-15
TIL,BE,15-Sep-2026,255.3,254.9,256.0,242.54,244.6,58074,144.27,510,,,2026-09-15
TIMETECHNO,EQ,15-Sep-2026,180.8,180.8,181.79,176.0,176.3,1721801,3088.8,17609,564039.0,32.76,2026-09-15
TIMEX,EQ,15-Sep-2026,631.7,637.25,637.25,600.0,605.65,315563,1942.53,23129,165342.0,52.4,2026-09-15
TIMKEN,EQ,15-Sep-2026,3302.4,3311.2,3312.3,3120.1,3151.2,60795,1924.1,16491,29186.0,48.01,2026-09-15
TINNARUBR,EQ,15-Sep-2026,1034.05,1034.0,1043.95,955.05,965.0,86015,850.07,7722,44695.0,51.96,2026-09-15
TIPSFILMS,EQ,15-Sep-2026,327.5,332.4,332.4,317.0,319.4,3349,10.78,188,2922.0,87.25,2026-09-15
TIPSMUSIC,EQ,15-Sep-2026,661.55,660.8,668.0,652.2,659.15,210300,1395.8,11261,122408.0,58.21,2026-09-15
TIRUMALCHM,EQ,15-Sep-2026,155.98,158.0,162.5,153.1,154.48,646717,1028.85,8869,327922.0,50.71,2026-09-15
TIRUPATIFL,BE,15-Sep-2026,69.12,69.2,70.5,65.7,68.52,264217,180.5,1644,,,2026-09-15
TITAGARH,EQ,15-Sep-2026,842.15,847.7,848.4,809.0,811.45,476266,3934.14,27476,218582.0,45.89,2026-09-15
TITAN,EQ,15-Sep-2026,5009.5,5003.0,5003.0,4856.0,4856.0,504447,24760.39,62428,277236.0,54.96,2026-09-15
TMB,EQ,15-Sep-2026,910.9,910.9,920.0,860.0,868.35,209458,1849.31,23429,106600.0,50.89,2026-09-15
TMCV,EQ,15-Sep-2026,434.55,441.2,446.7,424.05,427.15,4286778,18530.42,98217,1767691.0,41.24,2026-09-15
TMPV,EQ,15-Sep-2026,301.1,320.0,320.15,303.5,303.6,19003987,59263.02,122574,8730447.0,45.94,2026-09-15
TNIDETF,EQ,15-Sep-2026,88.36,86.15,90.97,86.15,88.19,119416,106.9,954,66109.0,55.36,2026-09-15
TNPETRO,EQ,15-Sep-2026,128.9,132.9,132.9,122.68,125.71,1021991,1288.29,14960,409306.0,40.05,2026-09-15
TNPL,EQ,15-Sep-2026,153.27,154.25,156.6,151.56,152.39,240597,369.49,4539,135761.0,56.43,2026-09-15
TNTELE,EQ,15-Sep-2026,8.94,9.14,9.14,8.42,8.92,8615,0.76,139,6744.0,78.28,2026-09-15
TOKYOPLAST,EQ,15-Sep-2026,78.94,78.94,79.8,75.92,76.01,1311,1.0,39,786.0,59.95,2026-09-15
TOLINS,EQ,15-Sep-2026,89.4,88.71,89.99,88.0,88.24,38721,34.4,880,29078.0,75.1,2026-09-15
TOP100CASE,EQ,15-Sep-2026,10.33,10.58,10.58,10.2,10.21,868118,89.15,2155,726816.0,83.72,2026-09-15
TOP10ADD,EQ,15-Sep-2026,85.56,86.55,86.7,85.25,85.39,826254,709.0,590,746039.0,90.29,2026-09-15
TOP15IETF,EQ,15-Sep-2026,9.56,9.6,9.61,9.47,9.49,72745,6.93,257,35980.0,49.46,2026-09-15
TOP20,EQ,15-Sep-2026,8.65,8.71,8.73,8.59,8.6,170172,14.68,190,163413.0,96.03,2026-09-15
TORNTPHARM,EQ,15-Sep-2026,4965.5,4931.0,4959.5,4837.5,4850.0,397030,19419.97,33214,267149.0,67.29,2026-09-15
TORNTPOWER,EQ,15-Sep-2026,1297.6,1325.0,1326.9,1291.5,1300.9,436537,5714.04,37596,207170.0,47.46,2026-09-15
TOTAL,BE,15-Sep-2026,76.78,76.4,76.4,73.1,75.6,1241,0.93,31,,,2026-09-15
TOUCHWOOD,EQ,15-Sep-2026,61.16,62.68,62.68,60.16,60.91,635,0.39,26,182.0,28.66,2026-09-15
TOYAMSL,EQ,15-Sep-2026,0.66,0.69,0.69,0.68,0.68,667929,4.61,206,597888.0,89.51,2026-09-15
TPHQ,BE,15-Sep-2026,0.5,0.5,0.52,0.5,0.52,1023050,5.19,360,,,2026-09-15
TPLPLASTEH,EQ,15-Sep-2026,68.48,68.17,68.49,64.21,65.27,153584,101.6,2150,43977.0,28.63,2026-09-15
TRACXN,EQ,15-Sep-2026,31.9,32.5,33.04,30.61,31.21,478090,152.22,3420,230285.0,48.17,2026-09-15
TRANSCOR,EQ,15-Sep-2026,25.39,26.25,26.25,24.5,25.75,1157,0.29,13,1049.0,90.67,2026-09-15
TRANSPEK,BE,15-Sep-2026,1344.9,1341.0,1369.0,1320.0,1336.7,1076,14.39,82,,,2026-09-15
TRANSRAILL,EQ,15-Sep-2026,410.35,415.5,418.5,402.0,404.9,368086,1505.33,19066,188497.0,51.21,2026-09-15
TRANSTEEL,SM,15-Sep-2026,83.05,84.6,88.5,83.55,86.3,128000,110.84,88,98000.0,76.56,2026-09-15
TRANSWORLD,BE,15-Sep-2026,165.0,162.0,166.66,162.0,162.12,1520,2.5,22,,,2026-09-15
TRAVELFOOD,EQ,15-Sep-2026,1253.6,1259.3,1259.9,1224.4,1227.4,18613,229.99,3212,9706.0,52.15,2026-09-15
TREEHOUSE,EQ,15-Sep-2026,6.14,6.15,6.36,5.93,6.01,21449,1.31,131,7722.0,36.0,2026-09-15
TREJHARA,EQ,15-Sep-2026,143.02,143.5,144.9,135.1,137.1,7177,10.06,299,5086.0,70.87,2026-09-15
TREL,EQ,15-Sep-2026,26.97,27.19,27.9,25.17,25.71,82719,21.93,5004,55034.0,66.53,2026-09-15
TRENT,EQ,15-Sep-2026,2802.4,2802.4,2817.6,2730.0,2730.0,494769,13722.08,43757,247503.0,50.02,2026-09-15
TRF,EQ,15-Sep-2026,222.05,224.5,234.99,210.0,213.0,42549,94.51,1347,22928.0,53.89,2026-09-15
TRIDENT,EQ,15-Sep-2026,23.39,23.45,23.55,23.03,23.12,2850365,661.99,13415,1492553.0,52.36,2026-09-15
TRIDHYA,ST,15-Sep-2026,6.95,6.65,7.25,6.65,7.25,6000,0.42,2,6000.0,100.0,2026-09-15
TRIGYN,EQ,15-Sep-2026,56.1,55.9,57.77,51.71,52.58,58590,32.1,1898,23429.0,39.99,2026-09-15
TRITONV,EQ,15-Sep-2026,1092.1,1092.1,1092.1,1040.0,1051.5,5609,60.22,725,3541.0,63.13,2026-09-15
TRITURBINE,EQ,15-Sep-2026,569.65,567.1,569.65,535.65,546.9,1820501,9938.37,168949,983651.0,54.03,2026-09-15
TRIVENI,EQ,15-Sep-2026,255.4,257.0,257.8,243.7,246.45,661461,1636.37,18681,348628.0,52.71,2026-09-15
TRU,EQ,15-Sep-2026,4.28,4.54,4.59,4.06,4.22,206874,9.17,319,136107.0,65.79,2026-09-15
TRUALT,EQ,15-Sep-2026,416.35,415.0,428.0,400.0,411.65,224114,918.93,4785,151243.0,67.48,2026-09-15
TRUST,SM,15-Sep-2026,27.7,26.6,28.25,26.6,28.1,10800,3.01,15,9600.0,88.89,2026-09-15
TSC,ST,15-Sep-2026,54.85,54.9,54.9,52.15,52.15,6000,3.24,3,6000.0,100.0,2026-09-15
TSFINV,EQ,15-Sep-2026,437.25,437.0,446.45,436.95,442.95,92881,410.48,5575,50560.0,54.44,2026-09-15
TTKHLTCARE,EQ,15-Sep-2026,1115.4,1119.0,1125.9,1067.9,1074.6,33869,369.61,3546,17365.0,51.27,2026-09-15
TTKPRESTIG,EQ,15-Sep-2026,537.3,537.35,550.2,534.3,540.0,65503,355.82,7495,32152.0,49.08,2026-09-15
TTL,EQ,15-Sep-2026,6.66,6.56,6.75,6.53,6.58,43242,2.85,158,39157.0,90.55,2026-09-15
TTML,EQ,15-Sep-2026,35.6,36.01,36.92,35.85,36.15,2840915,1028.53,13732,806225.0,28.38,2026-09-15
TUNWAL,SM,15-Sep-2026,24.5,24.9,25.4,24.85,25.0,38000,9.53,17,32000.0,84.21,2026-09-15
TURTLEMINT,EQ,15-Sep-2026,136.12,137.3,138.39,130.0,131.04,357604,475.09,6204,161371.0,45.13,2026-09-15
TUTIALKA,EQ,15-Sep-2026,59.19,60.79,60.79,58.85,59.78,6626,3.95,84,4759.0,71.82,2026-09-15
TVSELECT,EQ,15-Sep-2026,413.85,412.0,415.2,395.0,399.4,27977,112.97,1749,13913.0,49.73,2026-09-15
TVSHLTD,EQ,15-Sep-2026,13024.0,12991.0,13009.0,12402.0,12488.0,6044,766.16,2879,3125.0,51.7,2026-09-15
TVSMOTOR,EQ,15-Sep-2026,4125.0,4150.0,4155.0,4022.1,4050.0,496058,20164.37,51850,275954.0,55.63,2026-09-15
TVSSCS,EQ,15-Sep-2026,130.49,130.8,131.38,126.0,127.16,528148,675.77,11464,240646.0,45.56,2026-09-15
TVSSRICHAK,EQ,15-Sep-2026,5146.0,5164.0,5164.0,4940.5,4960.5,5607,280.4,1959,2558.0,45.62,2026-09-15
TVTODAY,EQ,15-Sep-2026,109.3,108.4,109.97,104.51,105.68,93068,99.1,1204,63871.0,68.63,2026-09-15
TVVISION,BE,15-Sep-2026,2.74,2.61,2.75,2.61,2.63,125312,3.28,137,,,2026-09-15
TWCGOLDETF,EQ,15-Sep-2026,150.58,150.3,151.77,146.05,147.74,10349,15.41,204,1099.0,10.62,2026-09-15
UBL,EQ,15-Sep-2026,1256.1,1262.3,1268.0,1240.0,1241.8,52994,665.58,6694,24593.0,46.41,2026-09-15
UCAL,BE,15-Sep-2026,143.43,137.1,140.5,136.26,137.54,17019,23.46,178,,,2026-09-15
UCOBANK,EQ,15-Sep-2026,24.12,24.12,24.14,23.66,23.72,3373905,805.89,15111,1727382.0,51.2,2026-09-15
UDAYJEW,EQ,15-Sep-2026,172.04,172.31,175.99,159.3,161.6,66824,111.13,1259,30481.0,45.61,2026-09-15
UDS,EQ,15-Sep-2026,207.5,209.02,210.0,194.15,197.04,95017,191.98,3495,46247.0,48.67,2026-09-15
UEL,EQ,15-Sep-2026,206.64,216.97,216.97,207.0,215.54,50156,108.5,773,27398.0,54.63,2026-09-15
UFBL,BE,15-Sep-2026,698.85,690.95,714.85,664.05,679.15,42478,292.1,2215,,,2026-09-15
UFLEX,EQ,15-Sep-2026,653.45,663.5,670.3,631.75,636.1,129497,834.87,5316,68945.0,53.24,2026-09-15
UFO,EQ,15-Sep-2026,62.63,63.5,64.16,60.25,60.66,36249,22.29,741,28146.0,77.65,2026-09-15
UGARSUGAR,EQ,15-Sep-2026,54.3,54.6,57.5,52.36,53.22,1194220,659.67,9445,327374.0,27.41,2026-09-15
UGROCAP,EQ,15-Sep-2026,83.66,85.31,86.42,82.8,83.28,189556,158.99,2472,99576.0,52.53,2026-09-15
UHTL,ST,15-Sep-2026,174.75,178.2,178.2,178.2,178.2,30000,53.46,12,30000.0,100.0,2026-09-15
UJJIVANSFB,EQ,15-Sep-2026,65.54,65.71,66.56,63.85,64.07,7611153,4945.96,36504,3776499.0,49.62,2026-09-15
ULTRACEMCO,EQ,15-Sep-2026,11000.0,11045.0,11045.0,10697.0,10697.0,335172,36213.95,51589,208152.0,62.1,2026-09-15
ULTRAMAR,EQ,15-Sep-2026,428.55,434.5,434.5,415.2,416.2,39348,164.99,1480,26730.0,67.93,2026-09-15
UMAEXPORTS,BE,15-Sep-2026,21.68,21.25,21.25,21.25,21.25,4313,0.92,29,,,2026-09-15
UMESLTD,EQ,15-Sep-2026,4.97,4.97,5.14,4.48,4.53,145521,6.62,184,139688.0,95.99,2026-09-15
UMIYA-MRO,EQ,15-Sep-2026,96.23,99.2,99.2,93.01,95.66,28955,27.49,355,21349.0,73.73,2026-09-15
UNICHEMLAB,EQ,15-Sep-2026,539.7,544.1,548.95,515.0,519.05,57806,305.31,4278,30945.0,53.53,2026-09-15
UNIDT,EQ,15-Sep-2026,230.95,234.9,241.99,213.6,216.49,42891,96.32,741,31259.0,72.88,2026-09-15
UNIECOM,EQ,15-Sep-2026,83.33,84.0,84.84,81.75,82.2,152701,126.75,2131,96155.0,62.97,2026-09-15
UNIENTER,EQ,15-Sep-2026,91.32,92.0,92.9,88.05,89.22,12219,11.03,181,10708.0,87.63,2026-09-15
UNIHEALTH,SM,15-Sep-2026,712.0,712.0,721.0,686.0,688.15,10000,70.04,20,7500.0,75.0,2026-09-15
UNIINFO,EQ,15-Sep-2026,10.94,10.99,11.44,10.94,11.38,4784,0.54,39,2810.0,58.74,2026-09-15
UNILEX,SM,15-Sep-2026,28.0,27.1,27.1,27.0,27.0,3200,0.87,2,3200.0,100.0,2026-09-15
UNIMECH,EQ,15-Sep-2026,1610.0,1625.0,1631.4,1533.0,1538.5,269490,4216.1,30475,111768.0,41.47,2026-09-15
UNIONBANK,EQ,15-Sep-2026,178.1,179.57,179.69,174.74,175.0,4444675,7847.14,46615,2329245.0,52.41,2026-09-15
UNIONGOLD,EQ,15-Sep-2026,148.3,146.35,151.0,146.0,149.25,1984,2.94,152,1030.0,51.92,2026-09-15
UNIPARTS,EQ,15-Sep-2026,897.45,897.45,899.0,861.1,865.7,115818,1014.23,11555,61777.0,53.34,2026-09-15
UNITDSPR,EQ,15-Sep-2026,1395.0,1392.1,1403.6,1370.6,1370.6,343060,4755.33,28185,198848.0,57.96,2026-09-15
UNITECH,EQ,15-Sep-2026,4.17,4.2,4.4,4.02,4.21,10640815,449.94,9053,5741482.0,53.96,2026-09-15
UNITEDPOLY,EQ,15-Sep-2026,43.28,44.89,45.05,42.5,42.75,129163,56.49,1301,85803.0,66.43,2026-09-15
UNITEDTEA,EQ,15-Sep-2026,432.95,426.05,438.5,415.1,425.65,6153,26.08,252,3806.0,61.86,2026-09-15
UNIVAFOODS,BE,15-Sep-2026,9.03,9.48,9.48,9.48,9.48,2201,0.21,8,,,2026-09-15
UNIVASTU,BE,15-Sep-2026,153.0,153.97,157.0,145.35,145.37,72668,106.33,544,,,2026-09-15
UNIVCABLES,EQ,15-Sep-2026,1492.5,1492.5,1501.6,1387.0,1417.3,235116,3342.93,26348,111353.0,47.36,2026-09-15
UNIVPHOTO,BE,15-Sep-2026,540.15,520.0,567.15,513.2,566.75,15446,87.24,119,,,2026-09-15
UNOMINDA,EQ,15-Sep-2026,1201.6,1212.3,1213.9,1159.7,1159.7,417139,4943.85,24348,229918.0,55.12,2026-09-15
UPHOT,EQ,15-Sep-2026,1499.0,1506.4,1550.0,1506.4,1550.0,8,0.12,3,8.0,100.0,2026-09-15
UPL,EQ,15-Sep-2026,572.95,573.4,575.95,558.0,560.8,1588857,8985.26,34540,808693.0,50.9,2026-09-15
URAVIDEF,BE,15-Sep-2026,114.0,114.0,114.0,112.01,112.01,1574,1.78,16,,,2026-09-15
URBAN,SM,15-Sep-2026,123.0,127.0,127.0,122.4,123.05,4800,5.96,6,3200.0,66.67,2026-09-15
URBANCO,EQ,15-Sep-2026,166.89,166.98,167.71,157.55,158.22,4152047,6668.14,35086,1962023.0,47.25,2026-09-15
URJA,EQ,15-Sep-2026,9.02,9.15,9.15,8.8,8.81,719687,64.18,3107,446877.0,62.09,2026-09-15
USHAFIN,SM,15-Sep-2026,50.0,50.0,52.0,48.0,48.0,24000,11.96,9,22400.0,93.33,2026-09-15
USHAMART,EQ,15-Sep-2026,494.5,493.0,494.4,477.5,480.25,604747,2931.13,25107,393721.0,65.11,2026-09-15
USK,EQ,15-Sep-2026,20.64,20.9,21.89,20.53,20.64,21328,4.4,151,13209.0,61.93,2026-09-15
UTIAMC,EQ,15-Sep-2026,910.0,909.15,915.75,905.9,911.1,109601,997.92,8236,67815.0,61.87,2026-09-15
UTKAL,SM,15-Sep-2026,46.0,46.0,47.75,43.7,43.7,24000,10.71,11,22000.0,91.67,2026-09-15
UTKARSHBNK,EQ,15-Sep-2026,14.52,14.61,14.75,14.14,14.2,10678279,1538.15,10673,4198337.0,39.32,2026-09-15
UTLSOLAR,EQ,15-Sep-2026,447.8,445.0,447.8,419.05,421.9,342061,1456.07,19578,151621.0,44.33,2026-09-15
UTSSAV,SM,15-Sep-2026,531.45,555.0,618.95,554.4,600.45,242400,1431.64,304,119400.0,49.26,2026-09-15
UTTAMSUGAR,EQ,15-Sep-2026,279.85,278.9,280.7,255.5,256.65,240789,636.74,7753,106297.0,44.15,2026-09-15
UYFINCORP,BE,15-Sep-2026,19.74,19.83,20.35,19.16,19.28,82941,16.39,239,,,2026-09-15
V2RETAIL,EQ,15-Sep-2026,218.0,218.09,219.59,210.0,212.12,925313,1976.37,16659,549820.0,59.42,2026-09-15
VADILALIND,EQ,15-Sep-2026,6960.5,6923.0,7119.5,6745.0,7035.5,32305,2248.53,7043,16672.0,51.61,2026-09-15
VADILENT,EQ,15-Sep-2026,10400.0,10400.0,10450.0,10400.0,10400.0,11,1.14,5,11.0,100.0,2026-09-15
VAIBHAVGBL,EQ,15-Sep-2026,212.58,213.52,217.98,208.9,209.3,158830,337.52,4200,86487.0,54.45,2026-09-15
VAISHALI,EQ,15-Sep-2026,8.77,9.25,9.25,8.81,9.02,357226,32.54,584,281608.0,78.83,2026-09-15
VAKRANGEE,EQ,15-Sep-2026,5.37,5.44,5.45,5.24,5.27,1176438,62.31,2123,690211.0,58.67,2026-09-15
VAL30IETF,EQ,15-Sep-2026,15.02,14.64,15.16,14.64,14.73,258219,38.3,982,156987.0,60.8,2026-09-15
VALIANTLAB,BE,15-Sep-2026,127.91,125.01,129.5,121.52,122.63,104961,130.37,659,,,2026-09-15
VALIANTORG,BE,15-Sep-2026,396.3,408.0,414.0,379.1,388.35,74859,294.81,1172,,,2026-09-15
VALUE,EQ,15-Sep-2026,15.92,15.95,15.95,15.64,15.65,21562,3.41,202,21078.0,97.76,2026-09-15
VALUE360,SM,15-Sep-2026,69.45,69.45,69.45,69.45,69.45,1200,0.83,1,1200.0,100.0,2026-09-15
VALUEAXIS,EQ,15-Sep-2026,32.47,32.88,32.88,31.8,31.9,98731,31.74,647,51874.0,52.54,2026-09-15
VAML,EQ,15-Sep-2026,421.75,422.0,423.95,403.9,406.0,8429673,34598.44,161543,5025583.0,59.62,2026-09-15
VARDHACRLC,BE,15-Sep-2026,44.06,44.0,44.75,43.2,43.25,42073,18.31,187,,,2026-09-15
VARDMNPOLY,EQ,15-Sep-2026,5.94,5.9,5.94,5.68,5.83,186182,10.82,427,157495.0,84.59,2026-09-15
VARROC,EQ,15-Sep-2026,872.0,872.0,884.5,831.15,836.0,278443,2366.26,21359,110943.0,39.84,2026-09-15
VASCONEQ,EQ,15-Sep-2026,30.08,30.05,30.48,28.86,29.1,368759,109.35,1468,243351.0,65.99,2026-09-15
VASWANI,EQ,15-Sep-2026,45.88,47.0,47.4,44.1,44.67,41920,19.12,348,33758.0,80.53,2026-09-15
VBL,EQ,15-Sep-2026,416.5,417.5,419.75,409.1,409.6,3118516,12878.2,40467,1812315.0,58.11,2026-09-15
VCL,BE,15-Sep-2026,1.65,1.57,1.73,1.57,1.71,10746943,171.76,488,,,2026-09-15
VDEAL,SM,15-Sep-2026,131.9,133.7,133.7,126.05,126.75,6000,7.74,9,4800.0,80.0,2026-09-15
VEDAVAAG,EQ,15-Sep-2026,23.38,23.43,24.99,20.52,20.98,184975,41.82,987,106279.0,57.46,2026-09-15
VEDL,EQ,15-Sep-2026,263.7,263.7,264.4,253.55,257.0,9234199,23807.89,97366,5251319.0,56.87,2026-09-15
VEDPOWER,EQ,15-Sep-2026,33.62,33.51,33.55,31.56,31.68,15567840,5027.66,65324,9233016.0,59.31,2026-09-15
VEEDOL,EQ,15-Sep-2026,1428.5,1434.8,1439.7,1378.0,1382.5,15287,214.23,2001,9112.0,59.61,2026-09-15
VEEKAYEM,SM,15-Sep-2026,100.05,96.05,103.5,95.05,103.5,3000,2.93,6,2000.0,66.67,2026-09-15
VELJAN,BE,15-Sep-2026,1890.0,1890.0,1950.0,1850.0,1856.1,590,11.11,51,,,2026-09-15
VENKEYS,EQ,15-Sep-2026,1787.2,1810.0,1814.9,1702.0,1713.6,115324,2035.79,14170,43317.0,37.56,2026-09-15
VENTIVE,EQ,15-Sep-2026,574.7,580.0,582.0,561.0,563.15,79959,450.65,1433,69253.0,86.61,2026-09-15
VENUSPIPES,EQ,15-Sep-2026,2020.1,2026.0,2033.9,1931.1,1941.6,238550,4703.79,19279,117207.0,49.13,2026-09-15
VENUSREM,BE,15-Sep-2026,1616.3,1628.9,1645.0,1538.0,1545.4,34832,543.55,1589,,,2026-09-15
VERANDA,EQ,15-Sep-2026,225.24,225.45,228.78,216.65,218.28,149157,332.47,3031,92999.0,62.35,2026-09-15
VERITAAS,SM,15-Sep-2026,27.5,28.75,28.85,26.4,26.65,4800,1.33,4,2400.0,50.0,2026-09-15
VERTEXPLUS,ST,15-Sep-2026,67.95,69.35,69.35,69.35,69.35,1800,1.25,3,1800.0,100.0,2026-09-15
VERTIS,IV,15-Sep-2026,116.0,116.0,116.0,115.0,116.0,250000,289.75,8,250000.0,100.0,2026-09-15
VERTOZ,EQ,15-Sep-2026,38.38,40.2,40.2,37.13,37.49,44396,17.06,501,28080.0,63.25,2026-09-15
VESUVIUS,EQ,15-Sep-2026,413.05,413.05,413.4,400.0,400.8,58269,236.29,4921,37123.0,63.71,2026-09-15
VETO,BE,15-Sep-2026,125.81,127.5,128.5,125.0,125.14,35415,44.79,173,,,2026-09-15
VGCL,EQ,15-Sep-2026,50.0,50.0,52.0,49.9,51.5,3504,1.75,23,3501.0,99.91,2026-09-15
VGINFOTECH,SM,15-Sep-2026,142.8,142.8,144.95,140.7,141.15,16000,22.76,16,12000.0,75.0,2026-09-15
VGL,EQ,15-Sep-2026,66.82,66.82,70.49,64.05,66.21,361556,244.75,2599,184832.0,51.12,2026-09-15
VGUARD,EQ,15-Sep-2026,323.7,323.7,326.8,319.6,321.9,439497,1414.96,13467,265644.0,60.44,2026-09-15
VHL,EQ,15-Sep-2026,3447.9,3465.1,3470.0,3382.1,3403.0,495,16.91,71,453.0,91.52,2026-09-15
VHLTD,BE,15-Sep-2026,118.98,122.0,122.5,117.4,120.81,34703,42.17,148,,,2026-09-15
VICTORYEV,SM,15-Sep-2026,15.45,14.15,15.15,13.95,14.8,30000,4.4,10,21000.0,70.0,2026-09-15
VIDHIING,EQ,15-Sep-2026,334.45,331.7,334.45,320.0,320.65,23677,77.05,1153,13673.0,57.75,2026-09-15
VIDYAWIRES,EQ,15-Sep-2026,88.25,88.5,89.9,84.0,85.12,707334,609.89,7157,428188.0,60.54,2026-09-15
VIESL,SM,15-Sep-2026,396.9,410.0,410.0,385.0,397.65,33600,134.09,29,28800.0,85.71,2026-09-15
VIGOR,SM,15-Sep-2026,103.5,94.05,100.0,93.15,98.0,51200,49.93,31,30400.0,59.38,2026-09-15
VIJAYA,EQ,15-Sep-2026,1502.0,1503.0,1515.9,1431.1,1443.7,116091,1696.07,18372,65070.0,56.05,2026-09-15
VIJIFIN,BE,15-Sep-2026,15.62,15.31,15.31,15.31,15.31,151981,23.27,110,,,2026-09-15
VIJSOLX,EQ,15-Sep-2026,633.7,640.0,649.0,637.0,640.0,561,3.58,34,494.0,88.06,2026-09-15
VIKASECO,EQ,15-Sep-2026,1.05,1.05,1.07,1.05,1.05,1278805,13.5,1274,813770.0,63.64,2026-09-15
VIKASLIFE,EQ,15-Sep-2026,1.22,1.22,1.23,1.2,1.21,1607155,19.44,8377,1084137.0,67.46,2026-09-15
VIKRAMSOLR,EQ,15-Sep-2026,166.86,167.06,168.62,162.84,163.46,2131509,3515.62,15861,1205332.0,56.55,2026-09-15
VIKRAN,EQ,15-Sep-2026,57.08,57.09,57.8,55.2,55.54,936506,525.63,6418,430126.0,45.93,2026-09-15
VILAS,SM,15-Sep-2026,346.0,344.2,346.0,325.0,328.9,47750,160.17,153,39250.0,82.2,2026-09-15
VILINBIO,SM,15-Sep-2026,59.0,59.0,59.0,59.0,59.0,4000,2.36,1,4000.0,100.0,2026-09-15
VIMTALABS,EQ,15-Sep-2026,629.6,637.9,642.0,613.0,616.0,121161,755.25,6535,59465.0,49.08,2026-09-15
VINATIORGA,EQ,15-Sep-2026,1294.3,1300.6,1316.0,1250.1,1261.4,41505,529.73,5296,24481.0,58.98,2026-09-15
VINCOFE,EQ,15-Sep-2026,174.35,176.0,179.0,165.81,166.54,2128186,3617.5,20752,826966.0,38.86,2026-09-15
VINDHYATEL,EQ,15-Sep-2026,2813.5,2833.0,2842.4,2600.0,2617.7,100076,2688.01,11351,45126.0,45.09,2026-09-15
VINEETLAB,EQ,15-Sep-2026,37.02,35.17,36.5,35.17,35.61,164341,58.03,925,87085.0,52.99,2026-09-15
VINNY,EQ,15-Sep-2026,0.97,0.99,0.99,0.97,0.97,250857,2.46,265,212162.0,84.57,2026-09-15
VINSYS,ST,15-Sep-2026,578.65,580.0,590.0,575.0,590.0,9750,57.41,17,9000.0,92.31,2026-09-15
VINYAS,SM,15-Sep-2026,1548.0,1547.4,1547.4,1461.0,1477.1,8600,128.04,83,6100.0,70.93,2026-09-15
VINYLINDIA,EQ,15-Sep-2026,219.93,220.21,226.0,218.0,218.59,7205,15.91,234,6453.0,89.56,2026-09-15
VIPCLOTHNG,EQ,15-Sep-2026,21.38,21.38,22.0,20.25,20.57,140164,29.87,476,89899.0,64.14,2026-09-15
VIPIND,EQ,15-Sep-2026,300.1,300.6,303.2,290.05,291.05,220240,648.57,4883,137304.0,62.34,2026-09-15
VIPULLTD,BE,15-Sep-2026,12.97,12.72,12.74,12.72,12.72,93865,11.95,86,,,2026-09-15
VIRAT,EQ,15-Sep-2026,450.05,463.95,463.95,406.35,421.6,7551,33.31,189,6258.0,82.88,2026-09-15
VIRINCHI,EQ,15-Sep-2026,14.25,14.2,14.85,13.65,13.76,76595,10.66,354,62047.0,81.01,2026-09-15
VIRTUALG,BE,15-Sep-2026,0.45,0.47,0.47,0.46,0.47,246319,1.16,175,,,2026-09-15
VISACHROME,EQ,15-Sep-2026,35.03,34.0,35.89,33.28,33.53,10883,3.72,163,8258.0,75.88,2026-09-15
VISAKAIND,EQ,15-Sep-2026,90.45,91.1,91.68,88.1,88.47,124953,111.32,2173,73330.0,58.69,2026-09-15
VISAMAN,SM,15-Sep-2026,47.6,45.25,45.25,45.25,45.25,6000,2.72,3,6000.0,100.0,2026-09-15
VISDEM,SM,15-Sep-2026,98.0,92.0,92.5,90.5,92.5,15600,14.39,11,12000.0,76.92,2026-09-15
VISHAL,EQ,15-Sep-2026,18.36,18.81,20.45,18.2,18.35,32987,6.09,215,19869.0,60.23,2026-09-15
VISHNU,EQ,15-Sep-2026,713.95,713.95,715.5,680.2,682.8,102967,712.05,5733,53958.0,52.4,2026-09-15
VISHNUINFR,SM,15-Sep-2026,156.9,153.0,153.0,146.0,149.6,16500,24.44,22,13000.0,78.79,2026-09-15
VISHWARAJ,EQ,15-Sep-2026,5.38,5.47,5.48,5.33,5.37,329218,17.72,564,245630.0,74.61,2026-09-15
VISHWAS,ST,15-Sep-2026,43.95,41.8,41.85,41.8,41.85,3200,1.34,2,3200.0,100.0,2026-09-15
VISL,EQ,15-Sep-2026,33.34,33.49,33.49,31.68,31.68,18491355,5909.5,51777,12169018.0,65.81,2026-09-15
VITAL,EQ,15-Sep-2026,55.65,55.65,55.65,52.87,53.76,6752,3.6,44,6725.0,99.6,2026-09-15
VIVIANA,EQ,15-Sep-2026,752.15,745.0,748.4,705.0,710.9,22028,159.19,1799,14222.0,64.56,2026-09-15
VIVIDEL,SM,15-Sep-2026,1953.85,1950.0,1990.0,1761.15,1778.05,74400,1356.47,281,45120.0,60.65,2026-09-15
VIVIDHA,EQ,15-Sep-2026,0.51,0.51,0.57,0.51,0.52,347149,1.85,290,229132.0,66.0,2026-09-15
VIVIMEDLAB,BE,15-Sep-2026,6.03,6.03,6.03,5.91,5.91,3457,0.2,18,,,2026-09-15
VIVOBIOT,EQ,15-Sep-2026,17.13,16.79,17.44,16.0,17.19,12191,2.09,162,10540.0,86.46,2026-09-15
VIYASH,EQ,15-Sep-2026,257.6,258.45,258.45,245.4,246.9,3290032,8252.9,32687,1808770.0,54.98,2026-09-15
VLEGOV,EQ,15-Sep-2026,10.24,10.25,10.75,10.25,10.47,218706,23.29,549,190274.0,87.0,2026-09-15
VLINFRA,SM,15-Sep-2026,26.15,25.75,25.9,25.75,25.85,7500,1.94,5,7500.0,100.0,2026-09-15
VLSFINANCE,EQ,15-Sep-2026,244.0,242.12,247.55,231.95,235.33,23045,54.61,814,7352.0,31.9,2026-09-15
VMARCIND,SM,15-Sep-2026,358.3,359.9,365.0,329.0,332.45,223500,766.02,137,126000.0,56.38,2026-09-15
VMART,EQ,15-Sep-2026,808.95,805.5,809.65,774.55,789.85,122376,962.28,15034,56857.0,46.46,2026-09-15
VMM,EQ,15-Sep-2026,101.71,102.25,102.29,100.1,100.1,7678106,7761.17,51939,3575850.0,46.57,2026-09-15
VMOBILE,SM,15-Sep-2026,59.05,61.0,61.0,59.15,59.15,6400,3.87,8,4800.0,75.0,2026-09-15
VMSTMT,EQ,15-Sep-2026,44.12,44.95,48.09,44.95,47.46,161894,75.68,1114,106175.0,65.58,2026-09-15
VOEPL,EQ,15-Sep-2026,515.35,522.0,522.7,485.55,495.0,79658,401.64,3527,43114.0,54.12,2026-09-15
VOGL,EQ,15-Sep-2026,36.71,36.89,36.95,34.7,34.83,23297053,8259.7,54557,12702478.0,54.52,2026-09-15
VOITHPAPR,EQ,15-Sep-2026,1459.6,1459.6,1490.0,1440.0,1465.4,609,8.9,69,533.0,87.52,2026-09-15
VOLERCAR,SM,15-Sep-2026,233.9,225.2,225.2,224.05,224.05,4800,10.8,6,4800.0,100.0,2026-09-15
VOLTAMP,EQ,15-Sep-2026,11217.0,11250.0,11255.0,10460.0,10596.0,26149,2817.28,10701,12927.0,49.44,2026-09-15
VOLTAS,EQ,15-Sep-2026,1165.0,1168.0,1179.0,1137.0,1137.0,477143,5533.89,24440,194162.0,40.69,2026-09-15
VPRPL,EQ,15-Sep-2026,36.17,36.0,36.68,30.76,32.26,723981,243.16,3917,518082.0,71.56,2026-09-15
VR,SM,15-Sep-2026,106.85,105.8,105.8,105.8,105.8,400,0.42,1,400.0,100.0,2026-09-15
VRAJ,EQ,15-Sep-2026,125.5,123.63,127.0,123.3,125.08,18615,23.26,438,12363.0,66.41,2026-09-15
VRLLOG,EQ,15-Sep-2026,288.3,288.3,289.0,282.55,283.6,109956,313.26,4690,84102.0,76.49,2026-09-15
VSCL,SM,15-Sep-2026,20.8,20.85,20.85,19.8,19.8,6000,1.22,2,6000.0,100.0,2026-09-15
VSSL,EQ,15-Sep-2026,397.45,397.4,401.4,382.0,389.1,203103,789.46,8144,84395.0,41.55,2026-09-15
VSTIND,EQ,15-Sep-2026,203.93,206.0,206.49,202.1,203.4,101421,206.74,3746,63513.0,62.62,2026-09-15
VSTL,EQ,15-Sep-2026,119.71,117.25,122.0,114.0,114.88,12485,14.54,559,9688.0,77.6,2026-09-15
VSTTILLERS,EQ,15-Sep-2026,4042.9,4030.1,4085.0,4009.4,4030.3,7195,291.43,1898,3866.0,53.73,2026-09-15
VTL,EQ,15-Sep-2026,566.2,566.25,570.25,545.2,547.0,162882,903.86,13965,84970.0,52.17,2026-09-15
VTMLTD,EQ,15-Sep-2026,48.42,48.65,49.16,40.9,42.17,235189,100.79,2410,174454.0,74.18,2026-09-15
WAAREEENER,EQ,15-Sep-2026,2625.0,2590.0,2624.9,2540.0,2555.0,734115,19023.7,47553,340809.0,46.42,2026-09-15
WAAREEINDO,EQ,15-Sep-2026,251.95,252.1,259.5,245.1,249.4,92977,234.9,2487,40373.0,43.42,2026-09-15
WAAREERTL,EQ,15-Sep-2026,831.95,850.0,864.1,801.7,806.55,213833,1759.39,18005,87196.0,40.78,2026-09-15
WABAG,EQ,15-Sep-2026,2277.9,2283.0,2289.0,2091.1,2103.4,894663,19342.26,57621,375716.0,42.0,2026-09-15
WAKEFIT,EQ,15-Sep-2026,155.13,154.27,156.0,147.9,148.61,422271,643.07,6678,214137.0,50.71,2026-09-15
WALCHANNAG,EQ,15-Sep-2026,210.1,212.4,212.4,199.0,200.03,668236,1371.8,10864,314005.0,46.99,2026-09-15
WANBURY,EQ,15-Sep-2026,239.35,237.1,240.5,220.35,223.1,227244,515.36,7183,121810.0,53.6,2026-09-15
WARDINMOBI,EQ,15-Sep-2026,5.72,5.72,5.92,5.6,5.62,258296,14.6,785,203736.0,78.88,2026-09-15
WATERBASE,EQ,15-Sep-2026,46.54,48.0,48.0,46.0,46.71,10908,5.08,146,7062.0,64.74,2026-09-15
WCIL,EQ,15-Sep-2026,87.51,87.95,93.39,87.44,91.45,455441,415.93,4547,142395.0,31.27,2026-09-15
WEALTH,EQ,15-Sep-2026,845.25,822.0,845.0,820.0,825.3,2078,17.2,162,1806.0,86.91,2026-09-15
WEBELSOLAR,EQ,15-Sep-2026,75.84,75.33,75.8,72.1,72.75,1752314,1295.58,12357,948738.0,54.14,2026-09-15
WEIZMANIND,EQ,15-Sep-2026,71.71,71.71,71.71,69.1,70.28,1373,0.97,69,1205.0,87.76,2026-09-15
WEL,EQ,15-Sep-2026,72.34,72.51,73.6,68.73,69.18,697448,484.98,4906,392112.0,56.22,2026-09-15
WELCORP,EQ,15-Sep-2026,2676.6,2661.2,2718.4,2363.6,2413.3,3340619,82741.69,201146,1615268.0,48.35,2026-09-15
WELENT,EQ,15-Sep-2026,786.2,790.65,796.35,728.05,737.6,4638248,35408.55,22521,3738122.0,80.59,2026-09-15
WELINV,BE,15-Sep-2026,2322.0,2322.0,2322.0,2275.6,2276.0,292,6.71,16,,,2026-09-15
WELSPLSOL,EQ,15-Sep-2026,55.59,55.59,56.0,52.55,53.52,746478,400.14,4710,426519.0,57.14,2026-09-15
WELSPUNLIV,EQ,15-Sep-2026,207.68,208.0,208.83,199.25,201.63,5087632,10407.07,32144,3036321.0,59.68,2026-09-15
WENDT,EQ,15-Sep-2026,8812.5,8900.0,9100.0,8521.0,8580.0,38273,3401.57,9948,11004.0,28.75,2026-09-15
WESTLIFE,EQ,15-Sep-2026,569.6,569.95,579.8,550.0,556.1,84067,475.27,4765,22448.0,26.7,2026-09-15
WEWIN,EQ,15-Sep-2026,42.46,42.46,42.92,40.5,40.83,2599,1.08,44,2476.0,95.27,2026-09-15
WEWORK,EQ,15-Sep-2026,670.25,666.15,680.0,666.15,673.55,304823,2053.06,28888,198665.0,65.17,2026-09-15
WHBRADY,EQ,15-Sep-2026,480.5,481.3,481.3,477.0,477.0,19,0.09,7,18.0,94.74,2026-09-15
WHEELS,EQ,15-Sep-2026,2230.1,2249.9,2249.9,2084.0,2129.1,383920,8235.24,23512,126121.0,32.85,2026-09-15
WHIRLPOOL,EQ,15-Sep-2026,762.35,770.95,771.2,750.0,751.95,150797,1144.03,12360,82389.0,54.64,2026-09-15
WHITEFORCE,SM,15-Sep-2026,37.2,40.45,41.25,40.45,41.25,8000,3.25,5,8000.0,100.0,2026-09-15
WILLAMAGOR,EQ,15-Sep-2026,24.18,24.8,24.8,23.6,24.46,887,0.22,38,673.0,75.87,2026-09-15
WINDLAS,EQ,15-Sep-2026,1129.25,1137.0,1144.0,1084.0,1098.15,83578,929.58,10495,43308.0,51.82,2026-09-15
WINDMACHIN,EQ,15-Sep-2026,300.65,302.8,306.0,283.8,300.7,472746,1412.4,5305,333342.0,70.51,2026-09-15
WINSOL,SM,15-Sep-2026,114.25,113.8,113.8,107.15,107.15,800,0.88,2,800.0,100.0,2026-09-15
WIPL,EQ,15-Sep-2026,169.58,169.58,169.58,165.12,168.72,472,0.8,29,412.0,87.29,2026-09-15
WIPRO,EQ,15-Sep-2026,167.4,172.2,173.35,169.01,170.0,11722173,20106.04,87437,3507523.0,29.92,2026-09-15
WOCKPHARMA,EQ,15-Sep-2026,2179.4,2190.0,2193.8,2055.0,2064.1,851928,17936.73,51838,384055.0,45.08,2026-09-15
WOL3D,SM,15-Sep-2026,143.9,143.9,143.9,136.75,137.5,4000,5.56,4,4000.0,100.0,2026-09-15
WOMANCART,ST,15-Sep-2026,104.45,104.0,108.9,102.0,103.2,18800,19.89,43,16000.0,85.11,2026-09-15
WONDERLA,EQ,15-Sep-2026,520.95,528.0,530.15,510.0,514.2,73992,385.87,3082,47188.0,63.77,2026-09-15
WORTHPERI,EQ,15-Sep-2026,145.82,144.36,147.98,141.37,142.83,3575,5.16,112,2592.0,72.5,2026-09-15
WPIL,EQ,15-Sep-2026,435.25,435.25,440.4,421.5,428.55,30776,133.6,1522,17571.0,57.09,2026-09-15
WSI,EQ,15-Sep-2026,61.92,60.2,62.5,59.0,59.92,72062,43.32,3043,23474.0,32.57,2026-09-15
WSTCSTPAPR,EQ,15-Sep-2026,713.8,713.0,734.0,705.85,713.3,375037,2690.01,15803,200508.0,53.46,2026-09-15
WTICAB,SM,15-Sep-2026,102.85,102.85,105.0,100.7,101.95,21000,21.76,26,18000.0,85.71,2026-09-15
XCHANGING,EQ,15-Sep-2026,62.34,62.9,66.5,62.32,64.5,511238,333.49,4239,189824.0,37.13,2026-09-15
XELPMOC,EQ,15-Sep-2026,76.03,77.5,78.15,74.2,74.59,10867,8.28,330,8741.0,80.44,2026-09-15
XPROINDIA,EQ,15-Sep-2026,1294.7,1294.7,1295.0,1259.9,1268.2,54197,692.63,3812,35536.0,65.57,2026-09-15
XTGLOBAL,EQ,15-Sep-2026,29.53,29.55,31.8,29.25,29.45,82382,25.39,890,31868.0,38.68,2026-09-15
XTRANET,EQ,15-Sep-2026,271.34,278.0,292.94,271.0,276.09,2631980,7369.77,45991,467216.0,17.75,2026-09-15
YAAP,SM,15-Sep-2026,125.5,127.5,128.0,120.3,123.95,9000,11.27,9,7000.0,77.78,2026-09-15
YASHO,EQ,15-Sep-2026,4187.5,4260.0,4286.9,3855.0,3883.4,72056,2855.47,16514,34658.0,48.1,2026-09-15
YASHOPTICS,SM,15-Sep-2026,121.85,123.0,131.9,123.0,129.85,78400,100.36,75,75200.0,95.92,2026-09-15
YATHARTH,EQ,15-Sep-2026,966.3,1000.0,1024.0,972.0,981.8,693776,6915.96,31803,236304.0,34.06,2026-09-15
YATRA,EQ,15-Sep-2026,115.42,114.28,115.67,107.5,107.96,969513,1075.8,8952,521831.0,53.82,2026-09-15
YCCL,SM,15-Sep-2026,8.5,8.0,8.5,8.0,8.5,9000,0.75,3,6000.0,66.67,2026-09-15
YESBANK,EQ,15-Sep-2026,23.48,23.68,23.9,22.99,23.07,95413759,22229.97,98296,39300920.0,41.19,2026-09-15
YOGI,EQ,15-Sep-2026,157.13,157.5,166.95,157.5,158.58,390,0.62,10,350.0,89.74,2026-09-15
YUDIZ,SM,15-Sep-2026,23.3,22.85,22.85,22.3,22.3,1600,0.36,2,1600.0,100.0,2026-09-15
YUKEN,EQ,15-Sep-2026,1113.75,1124.0,1124.0,1046.0,1077.6,43272,464.83,3332,24109.0,55.72,2026-09-15
ZAGGLE,EQ,15-Sep-2026,187.0,188.52,188.54,178.42,179.41,1178475,2138.5,14612,500552.0,42.47,2026-09-15
ZEAL,SM,15-Sep-2026,76.55,77.0,83.5,77.0,83.5,7200,5.81,11,6600.0,91.67,2026-09-15
ZEEL,EQ,15-Sep-2026,79.36,80.0,80.29,77.11,77.41,13904557,10919.12,48764,5437963.0,39.11,2026-09-15
ZEELEARN,EQ,15-Sep-2026,6.78,7.15,7.25,6.6,6.63,371367,25.54,774,302354.0,81.42,2026-09-15
ZEEMEDIA,EQ,15-Sep-2026,7.43,7.5,7.56,7.25,7.27,1749367,128.25,1751,1066381.0,60.96,2026-09-15
ZENITHDRUG,SM,15-Sep-2026,47.85,47.8,47.8,45.0,46.1,6400,2.92,7,4800.0,75.0,2026-09-15
ZENITHEXPO,EQ,15-Sep-2026,205.0,207.05,207.05,194.75,196.35,238,0.47,19,210.0,88.24,2026-09-15
ZENITHSTL,EQ,15-Sep-2026,5.85,5.95,5.95,5.51,5.71,54663,3.17,295,34757.0,63.58,2026-09-15
ZENSARTECH,EQ,15-Sep-2026,425.25,430.0,479.9,430.0,440.2,42017111,193930.26,601675,2078890.0,4.95,2026-09-15
ZENTEC,EQ,15-Sep-2026,1722.6,1730.0,1732.8,1630.0,1638.9,529917,8841.79,39848,225085.0,42.48,2026-09-15
ZFCVINDIA,EQ,15-Sep-2026,2548.2,2560.0,2560.0,2495.5,2511.5,78066,1966.33,20070,48687.0,62.37,2026-09-15
ZFSTEERING,EQ,15-Sep-2026,764.75,765.0,792.0,750.0,762.05,21612,167.65,1059,12871.0,59.55,2026-09-15
ZIMLAB,EQ,15-Sep-2026,139.22,136.0,138.96,128.02,133.61,146082,196.24,1854,68702.0,47.03,2026-09-15
ZODIAC,EQ,15-Sep-2026,227.98,221.5,226.85,220.01,221.61,14986,33.35,1071,9007.0,60.1,2026-09-15
ZODIACLOTH,EQ,15-Sep-2026,69.54,70.67,70.67,68.0,69.67,5490,3.8,117,3161.0,57.58,2026-09-15
ZOTA,EQ,15-Sep-2026,1087.2,1088.0,1124.0,1088.0,1113.1,53200,589.98,3054,33965.0,63.84,2026-09-15
ZSARACOM,EQ,15-Sep-2026,10797.0,10600.0,11000.0,10300.0,10337.0,43,4.59,33,36.0,83.72,2026-09-15
ZTECH,SM,15-Sep-2026,434.95,446.0,450.0,400.0,425.25,34200,146.45,109,30300.0,88.6,2026-09-15
ZUARI,EQ,15-Sep-2026,220.42,220.0,222.12,210.1,212.4,103154,221.83,3221,64586.0,62.61,2026-09-15
ZUARIIND,EQ,15-Sep-2026,273.15,273.4,273.6,264.25,265.3,52743,141.68,1463,32988.0,62.54,2026-09-15
ZYDUSLIFE,EQ,15-Sep-2026,1119.1,1120.1,1124.5,1099.0,1099.0,522672,5804.18,27925,293146.0,56.09,2026-09-15
ZYDUSWELL,EQ,15-Sep-2026,552.0,549.35,558.45,544.35,549.95,260004,1431.96,24968,146340.0,56.28,2026-09-15
