SYMBOL,SERIES,DATE1,PREV_CLOSE,OPEN_PRICE,HIGH_PRICE,LOW_PRICE,CLOSE_PRICE,TTL_TRD_QNTY,TURNOVER_LACS,NO_OF_TRADES,DELIV_QTY,DELIV_PER,DATE
20MICRONS,EQ,25-Sep-2026,213.87,215.01,219.8,212.78,217.58,101345,219.81,2985,35886.0,35.41,2026-09-25
21STCENMGM,EQ,25-Sep-2026,39.77,40.16,40.39,39.0,39.87,4675,1.85,49,3361.0,71.89,2026-09-25
360ONE,EQ,25-Sep-2026,1080.8,1080.0,1087.9,1062.3,1073.0,738050,7922.18,36597,438430.0,59.4,2026-09-25
3BBLACKBIO,EQ,25-Sep-2026,1406.0,1398.3,1473.9,1381.0,1456.2,8013,113.46,1282,3833.0,47.83,2026-09-25
3IINFOLTD,BE,25-Sep-2026,24.96,24.94,25.5,23.9,24.35,233223,56.85,818,,,2026-09-25
3MINDIA,EQ,25-Sep-2026,34590.0,34595.0,34595.0,33800.0,33925.0,2731,929.37,1239,1208.0,44.23,2026-09-25
3PLAND,EQ,25-Sep-2026,30.52,29.42,31.2,29.42,30.99,2653,0.8,98,1894.0,71.39,2026-09-25
574GS2026,GS,25-Sep-2026,102.05,101.51,102.49,101.51,102.49,404,0.41,4,202.0,50.0,2026-09-25
591GS2028,GS,25-Sep-2026,99.55,99.55,99.55,99.55,99.55,20,0.02,1,20.0,100.0,2026-09-25
5PAISA,EQ,25-Sep-2026,308.4,310.0,315.0,305.0,308.9,27267,84.27,1181,13357.0,48.99,2026-09-25
603GS2029,GS,25-Sep-2026,99.25,99.25,99.25,99.25,99.25,200,0.2,1,200.0,100.0,2026-09-25
610GS2031,GS,25-Sep-2026,99.99,99.99,99.99,99.99,99.99,1,0.0,1,1.0,100.0,2026-09-25
63MOONS,EQ,25-Sep-2026,862.9,867.5,877.6,851.35,857.65,180556,1557.13,8227,95060.0,52.65,2026-09-25
648GS2035,GS,25-Sep-2026,97.9,97.9,97.9,97.9,97.9,101,0.1,3,101.0,100.0,2026-09-25
653GS2031,GS,25-Sep-2026,98.01,98.01,98.02,98.01,98.02,200,0.2,2,200.0,100.0,2026-09-25
654GS2032,GS,25-Sep-2026,99.0,98.28,98.28,98.28,98.28,2542,2.5,2,2542.0,100.0,2026-09-25
667GS2050,GS,25-Sep-2026,93.51,93.5,93.5,93.2,93.2,53,0.05,2,53.0,100.0,2026-09-25
668GS2033,GS,25-Sep-2026,98.5,98.21,99.0,98.21,98.8,1500,1.48,4,1000.0,66.67,2026-09-25
668GS2040,GS,25-Sep-2026,97.1,94.71,98.0,94.71,98.0,86906,85.0,9,85521.0,98.41,2026-09-25
676GS2061,GS,25-Sep-2026,89.74,90.0,90.0,89.49,89.49,25657,22.96,26,25657.0,100.0,2026-09-25
679GS2034A,GS,25-Sep-2026,99.01,97.03,97.03,97.03,97.03,100,0.1,1,100.0,100.0,2026-09-25
68GS2060,GS,25-Sep-2026,91.5,92.2,92.2,91.5,91.6,415,0.38,12,413.0,99.52,2026-09-25
690GS2065,GS,25-Sep-2026,93.33,93.94,93.94,93.11,93.83,1355,1.27,11,1354.0,99.93,2026-09-25
694GS2036,GS,25-Sep-2026,101.09,101.09,101.09,101.09,101.09,200,0.2,2,200.0,100.0,2026-09-25
695GS2061,GS,25-Sep-2026,93.25,93.25,93.3,93.25,93.25,3,0.0,3,2.0,66.67,2026-09-25
698GR2054,GS,25-Sep-2026,94.5,91.7,91.75,91.7,91.75,300,0.28,3,300.0,100.0,2026-09-25
699GS2051,GS,25-Sep-2026,93.87,96.75,96.75,95.5,95.5,8213,7.86,7,8209.0,99.95,2026-09-25
702GS2027,GS,25-Sep-2026,102.21,102.25,102.25,102.25,102.25,800,0.82,1,800.0,100.0,2026-09-25
704GS2029,GS,25-Sep-2026,102.66,103.5,103.5,103.5,103.5,4,0.0,1,4.0,100.0,2026-09-25
706GS2028,GS,25-Sep-2026,103.75,103.5,103.5,103.5,103.5,1,0.0,1,1.0,100.0,2026-09-25
706GS2041,GS,25-Sep-2026,99.1,99.1,100.75,99.1,100.7,229,0.23,4,219.0,95.63,2026-09-25
709GS2054,GS,25-Sep-2026,95.5,95.2,95.2,95.1,95.1,1355,1.29,4,1355.0,100.0,2026-09-25
709GS2074,GS,25-Sep-2026,94.95,95.0,95.39,94.85,95.11,3576,3.4,15,3576.0,100.0,2026-09-25
710GS2029,GS,25-Sep-2026,103.5,104.01,104.49,104.01,104.49,1501,1.57,3,960.0,63.96,2026-09-25
717GS2030,GS,25-Sep-2026,103.26,104.25,104.26,104.25,104.26,6401,6.67,4,6401.0,100.0,2026-09-25
718GS2037,GS,25-Sep-2026,101.72,102.5,102.5,101.75,101.93,25057,25.52,27,23049.0,91.99,2026-09-25
719GS2060,GS,25-Sep-2026,95.2,95.2,95.2,95.2,95.2,5000,4.76,8,5000.0,100.0,2026-09-25
71GS2034,GS,25-Sep-2026,103.75,104.45,104.45,102.34,103.95,303,0.31,5,300.0,99.01,2026-09-25
724GS2055,GS,25-Sep-2026,96.75,96.85,96.97,96.55,96.55,1603,1.55,10,1602.0,99.94,2026-09-25
725GS2063,GS,25-Sep-2026,96.82,97.0,97.0,96.4,96.65,83370,80.57,85,83270.0,99.88,2026-09-25
726GS2032,GS,25-Sep-2026,107.1,101.75,107.1,101.75,104.04,13,0.01,5,11.0,84.62,2026-09-25
732GS2030,GS,25-Sep-2026,103.55,103.55,103.55,103.55,103.55,850,0.88,2,850.0,100.0,2026-09-25
733GS2026,GS,25-Sep-2026,102.4,102.5,102.6,102.4,102.6,4350,4.46,8,4350.0,100.0,2026-09-25
734GS2064,GS,25-Sep-2026,98.95,98.51,99.0,98.51,98.85,177887,175.8,43,174297.0,97.98,2026-09-25
736GS2052,GS,25-Sep-2026,96.6,98.5,98.5,98.0,98.0,55,0.05,2,55.0,100.0,2026-09-25
737GS2028,GS,25-Sep-2026,104.1,104.0,105.98,104.0,105.98,797,0.84,3,797.0,100.0,2026-09-25
738GS2027,GS,25-Sep-2026,102.6,102.25,102.86,102.25,102.54,165751,169.9,17,165751.0,100.0,2026-09-25
73GS2053,GS,25-Sep-2026,98.6,98.42,98.42,98.37,98.37,2889,2.84,17,2889.0,100.0,2026-09-25
741GS2036,GS,25-Sep-2026,103.5,100.91,104.3,100.91,104.1,3203,3.32,11,3202.0,99.97,2026-09-25
743GS2076,GS,25-Sep-2026,98.25,99.2,99.2,98.01,98.17,48997,48.07,81,45738.0,93.35,2026-09-25
746GS2073,GS,25-Sep-2026,103.99,107.0,107.0,107.0,107.0,1,0.0,1,1.0,100.0,2026-09-25
74GS2062,GS,25-Sep-2026,98.0,98.0,99.9,98.0,99.8,2149,2.14,6,2149.0,100.0,2026-09-25
750GS2056,GS,25-Sep-2026,102.0,102.45,102.45,102.45,102.45,2000,2.05,3,2000.0,100.0,2026-09-25
754GS2036,GS,25-Sep-2026,105.1,105.02,105.5,105.02,105.16,352635,371.14,186,327604.0,92.9,2026-09-25
763GS2056,GS,25-Sep-2026,100.0,100.21,100.21,100.21,100.21,100,0.1,1,100.0,100.0,2026-09-25
771GS2066,GS,25-Sep-2026,104.8,104.88,104.88,103.53,104.13,32265,33.56,19,24973.0,77.4,2026-09-25
795GS2032,GS,25-Sep-2026,105.0,107.4,107.4,107.4,107.4,1,0.0,1,1.0,100.0,2026-09-25
824GS2027,GS,25-Sep-2026,101.65,101.6,101.65,101.5,101.5,1010,1.03,3,1010.0,100.0,2026-09-25
824GS2033,GS,25-Sep-2026,110.35,111.0,111.0,111.0,111.0,1948,2.16,1,1948.0,100.0,2026-09-25
826GS2027,GS,25-Sep-2026,102.14,102.0,102.15,102.0,102.15,4,0.0,2,2.0,50.0,2026-09-25
828GS2027,GS,25-Sep-2026,158.56,166.48,166.48,166.48,166.48,1,0.0,1,1.0,100.0,2026-09-25
92GS2030,GS,25-Sep-2026,113.19,113.21,115.0,113.12,113.81,13306,15.29,26,12936.0,97.22,2026-09-25
A2ZINFRA,EQ,25-Sep-2026,14.74,14.56,15.14,14.56,14.72,167738,24.95,382,117493.0,70.05,2026-09-25
AAATECH,EQ,25-Sep-2026,91.84,93.2,105.9,89.26,101.5,735186,692.68,2304,489014.0,66.52,2026-09-25
AADHARHFC,EQ,25-Sep-2026,446.7,446.55,450.6,441.3,444.5,440466,1963.35,16035,334360.0,75.91,2026-09-25
AAKAAR,SM,25-Sep-2026,68.15,70.0,70.0,70.0,70.0,1600,1.12,1,1600.0,100.0,2026-09-25
AAKASH,EQ,25-Sep-2026,9.09,9.05,9.34,8.85,8.92,140427,12.61,312,118439.0,84.34,2026-09-25
AARADHYA,ST,25-Sep-2026,138.0,138.0,138.0,134.25,136.0,10800,14.65,9,10800.0,100.0,2026-09-25
AAREYDRUGS,EQ,25-Sep-2026,100.26,98.5,102.01,98.02,101.57,112885,112.86,815,77345.0,68.52,2026-09-25
AARNAV,BE,25-Sep-2026,35.0,34.4,36.48,33.51,36.05,33429,11.99,125,,,2026-09-25
AARON,EQ,25-Sep-2026,116.68,118.5,125.0,116.71,124.11,28654,34.79,636,17208.0,60.05,2026-09-25
AARTECH,BE,25-Sep-2026,50.41,50.2,51.17,49.46,50.11,10014,5.04,62,,,2026-09-25
AARTIDRUGS,EQ,25-Sep-2026,437.25,440.0,440.95,425.0,427.4,212626,913.35,5656,106070.0,49.89,2026-09-25
AARTIIND,EQ,25-Sep-2026,489.45,487.85,492.7,484.6,489.25,302323,1478.82,15198,134418.0,44.46,2026-09-25
AARTIPHARM,EQ,25-Sep-2026,934.25,930.0,962.0,915.45,939.55,675198,6373.06,33528,172314.0,25.52,2026-09-25
AARTISURF,BE,25-Sep-2026,516.75,525.0,525.0,500.05,515.7,5605,28.71,161,,,2026-09-25
AARVI,EQ,25-Sep-2026,135.85,135.85,139.94,135.85,136.91,7911,10.81,170,5512.0,69.68,2026-09-25
AASTHA,EQ,25-Sep-2026,80.8,79.0,79.0,72.72,72.72,4769681,3514.05,14213,2038679.0,42.74,2026-09-25
AATMAJ,SM,25-Sep-2026,19.9,20.4,20.4,20.35,20.4,6000,1.22,3,6000.0,100.0,2026-09-25
AAVAS,EQ,25-Sep-2026,1256.4,1246.1,1277.2,1242.7,1267.7,49117,616.83,9625,28788.0,58.61,2026-09-25
ABAN,BE,25-Sep-2026,13.95,13.8,14.22,13.68,13.85,25867,3.62,120,,,2026-09-25
ABANSENT,EQ,25-Sep-2026,27.25,27.38,27.38,26.36,27.18,3615,0.97,132,3123.0,86.39,2026-09-25
ABB,EQ,25-Sep-2026,7129.0,7111.0,7201.5,7025.0,7052.5,80574,5710.83,14255,29779.0,36.96,2026-09-25
ABBOTINDIA,EQ,25-Sep-2026,26860.0,26860.0,27095.0,26860.0,26955.0,2263,609.88,1495,1096.0,48.43,2026-09-25
ABCAPITAL,EQ,25-Sep-2026,390.1,390.9,392.2,384.8,390.0,2752305,10668.14,28946,1399798.0,50.86,2026-09-25
ABCOTS,EQ,25-Sep-2026,201.58,203.0,208.0,200.01,203.07,4142,8.41,134,2761.0,66.66,2026-09-25
ABDL,EQ,25-Sep-2026,712.15,725.0,753.8,705.8,715.05,4070753,29675.86,105908,607188.0,14.92,2026-09-25
ABFRL,EQ,25-Sep-2026,48.06,48.02,49.28,47.88,49.14,4619236,2241.81,16828,2610611.0,56.52,2026-09-25
ABGSEC,EQ,25-Sep-2026,113.95,113.77,113.77,113.26,113.26,1021,1.16,6,1021.0,100.0,2026-09-25
ABH,SM,25-Sep-2026,47.75,45.45,46.5,45.4,45.4,32400,14.75,27,21600.0,66.67,2026-09-25
ABINFRA,BE,25-Sep-2026,12.31,12.7,12.7,12.11,12.58,438034,54.46,273,,,2026-09-25
ABLBL,EQ,25-Sep-2026,78.59,78.17,79.36,78.01,78.72,631342,496.96,8009,328554.0,52.04,2026-09-25
ABMINTLLTD,BE,25-Sep-2026,46.12,46.12,46.12,45.2,45.2,1136,0.52,12,,,2026-09-25
ABMKNO,EQ,25-Sep-2026,170.8,170.8,189.0,168.0,174.07,7283,13.06,231,2802.0,38.47,2026-09-25
ABREL,EQ,25-Sep-2026,1211.8,1215.9,1245.0,1208.0,1230.9,164987,2025.1,15584,73647.0,44.64,2026-09-25
ABSL10BANK,EQ,25-Sep-2026,164.16,163.98,164.75,163.71,164.19,174,0.29,12,172.0,98.85,2026-09-25
ABSLAMC,EQ,25-Sep-2026,1024.2,1020.0,1023.7,1001.5,1014.5,112917,1143.08,17021,51041.0,45.2,2026-09-25
ABSLBANETF,EQ,25-Sep-2026,57.26,57.26,57.26,56.88,57.05,9293,5.3,179,2963.0,31.88,2026-09-25
ABSLLIQUID,EQ,25-Sep-2026,1000.01,1000.01,1000.01,999.99,1000.0,802,8.02,10,504.0,62.84,2026-09-25
ABSLMSCIN,EQ,25-Sep-2026,28.51,28.59,28.59,28.37,28.47,25,0.01,4,24.0,96.0,2026-09-25
ABSLNN50ET,EQ,25-Sep-2026,75.26,75.3,75.7,75.0,75.51,2718,2.05,155,1593.0,58.61,2026-09-25
ABSLPSE,EQ,25-Sep-2026,9.97,10.01,10.17,9.93,9.97,99280,9.89,383,55685.0,56.09,2026-09-25
ABSMARINE,SM,25-Sep-2026,309.6,313.0,320.0,301.5,317.0,56500,175.97,96,44000.0,77.88,2026-09-25
ACC,EQ,25-Sep-2026,1236.1,1236.1,1239.8,1230.5,1236.4,45301,559.93,6393,23107.0,51.01,2026-09-25
ACCELYA,EQ,25-Sep-2026,1120.9,1120.9,1130.9,1108.6,1110.0,10220,113.75,891,8350.0,81.7,2026-09-25
ACCENTMIC,SM,25-Sep-2026,674.25,672.5,677.45,660.0,674.85,80000,536.74,81,63500.0,79.38,2026-09-25
ACCPL,ST,25-Sep-2026,205.0,200.0,205.0,198.0,203.3,18000,36.1,11,15600.0,86.67,2026-09-25
ACCURACY,BE,25-Sep-2026,4.3,4.39,4.39,4.09,4.28,85179,3.59,157,,,2026-09-25
ACE,EQ,25-Sep-2026,1241.0,1242.0,1250.0,1212.1,1226.6,184368,2262.57,15032,80372.0,43.59,2026-09-25
ACEINTEG,EQ,25-Sep-2026,17.71,17.03,17.99,17.03,17.58,1030,0.18,86,701.0,68.06,2026-09-25
ACETEC,SM,25-Sep-2026,148.0,151.0,152.0,145.0,145.0,6000,8.92,5,6000.0,100.0,2026-09-25
ACGL,EQ,25-Sep-2026,1716.5,1707.6,1773.9,1700.0,1737.8,457,7.85,137,303.0,66.3,2026-09-25
ACI,EQ,25-Sep-2026,491.4,494.0,495.45,480.8,482.55,116822,570.03,8921,59047.0,50.54,2026-09-25
ACL,EQ,25-Sep-2026,42.56,42.95,42.95,42.13,42.63,9779,4.17,164,3282.0,33.56,2026-09-25
ACMESOLAR,EQ,25-Sep-2026,446.65,446.9,449.75,431.5,442.9,3082821,13582.5,56589,2006315.0,65.08,2026-09-25
ACSTECH,BE,25-Sep-2026,80.37,80.41,84.38,80.0,84.38,430830,359.09,1273,,,2026-09-25
ACUTAAS,EQ,25-Sep-2026,3283.7,3294.9,3311.4,3232.0,3272.5,153473,5014.17,25984,72839.0,47.46,2026-09-25
ADANIENSOL,EQ,25-Sep-2026,1340.5,1341.4,1344.0,1315.0,1338.5,1534753,20416.33,34850,684505.0,44.6,2026-09-25
ADANIENT,EQ,25-Sep-2026,2900.0,2920.0,2939.9,2902.5,2916.5,570504,16660.49,42051,157646.0,27.63,2026-09-25
ADANIGREEN,EQ,25-Sep-2026,1280.1,1279.9,1299.6,1270.2,1296.6,972126,12517.39,29039,444108.0,45.68,2026-09-25
ADANIPORTS,EQ,25-Sep-2026,1785.3,1791.8,1800.6,1775.0,1788.0,895306,16011.95,37063,420134.0,46.93,2026-09-25
ADANIPOWER,EQ,25-Sep-2026,199.48,200.0,203.6,196.1,202.75,16171228,32458.15,81785,3977264.0,24.59,2026-09-25
ADDICTIVE,SM,25-Sep-2026,44.1,45.15,46.3,45.15,46.3,4500,2.06,9,4500.0,100.0,2026-09-25
ADDIND,EQ,25-Sep-2026,76.99,80.9,80.9,75.0,77.2,181,0.14,22,172.0,95.03,2026-09-25
ADFFOODS,EQ,25-Sep-2026,271.65,270.0,271.7,264.5,270.6,51882,139.24,2429,26257.0,50.61,2026-09-25
ADISOFT,SM,25-Sep-2026,251.05,252.05,264.0,247.0,259.5,108000,272.4,131,73600.0,68.15,2026-09-25
ADL,EQ,25-Sep-2026,69.82,69.81,69.81,69.81,69.81,142,0.1,3,142.0,100.0,2026-09-25
ADOR,EQ,25-Sep-2026,1612.9,1612.9,1656.9,1598.1,1638.9,39147,637.72,3501,16230.0,41.46,2026-09-25
ADROITINFO,EQ,25-Sep-2026,12.73,12.73,13.37,12.6,13.18,181849,23.7,771,105313.0,57.91,2026-09-25
ADSL,EQ,25-Sep-2026,96.27,97.98,115.52,97.0,115.52,2244060,2465.7,22578,696651.0,31.04,2026-09-25
ADVAIT,EQ,25-Sep-2026,1922.4,1930.1,1935.9,1875.0,1906.0,40474,766.67,6501,20281.0,50.11,2026-09-25
ADVANCE,EQ,25-Sep-2026,118.67,118.7,124.0,114.92,123.12,383107,466.97,4500,217214.0,56.7,2026-09-25
ADVANIHOTR,EQ,25-Sep-2026,47.75,47.75,48.36,47.5,47.94,14028,6.71,294,10498.0,74.84,2026-09-25
ADVENTHTL,EQ,25-Sep-2026,127.04,127.3,129.0,124.63,126.95,168717,213.45,1678,115821.0,68.65,2026-09-25
ADVENZYMES,EQ,25-Sep-2026,292.75,292.75,297.0,290.0,291.15,185804,545.52,4697,113336.0,61.0,2026-09-25
ADVIKCA,EQ,25-Sep-2026,0.99,0.95,1.01,0.95,0.98,213384,2.09,256,148867.0,69.76,2026-09-25
AEGISLOG,EQ,25-Sep-2026,1369.7,1375.6,1404.9,1355.0,1365.4,290729,4007.47,20140,95804.0,32.95,2026-09-25
AEGISVOPAK,EQ,25-Sep-2026,289.1,291.15,294.4,286.3,287.5,673754,1951.64,17295,284515.0,42.23,2026-09-25
AEPL,EQ,25-Sep-2026,16.13,16.13,16.23,15.82,15.9,38932,6.19,131,25873.0,66.46,2026-09-25
AEQUS,EQ,25-Sep-2026,242.79,244.2,250.43,244.2,246.05,2044376,5056.73,52345,923422.0,45.17,2026-09-25
AEROENTER,EQ,25-Sep-2026,126.86,126.25,126.51,124.03,125.64,241671,302.05,3457,97705.0,40.43,2026-09-25
AEROFLEX,EQ,25-Sep-2026,527.2,530.95,537.45,518.0,525.7,515468,2713.01,17473,185523.0,35.99,2026-09-25
AERON,SM,25-Sep-2026,82.0,84.0,84.0,82.05,82.05,2000,1.66,2,1000.0,50.0,2026-09-25
AERONEU,EQ,25-Sep-2026,80.64,93.0,94.0,78.0,80.22,288275,251.16,4428,125614.0,43.57,2026-09-25
AEROPLANE,EQ,25-Sep-2026,201.98,207.55,211.9,200.71,209.47,709126,1472.92,6646,398464.0,56.19,2026-09-25
AESTHETIK,SM,25-Sep-2026,68.75,66.6,67.05,66.6,67.05,2000,1.34,2,2000.0,100.0,2026-09-25
AETHER,EQ,25-Sep-2026,1646.2,1653.0,1798.0,1640.4,1767.0,1686153,29426.49,130587,385782.0,22.88,2026-09-25
AFCONS,EQ,25-Sep-2026,253.75,255.6,255.6,249.75,252.5,434570,1095.49,10048,184391.0,42.43,2026-09-25
AFFLE,EQ,25-Sep-2026,1588.1,1584.2,1591.8,1547.3,1578.0,113281,1776.36,17503,45938.0,40.55,2026-09-25
AFFORDABLE,EQ,25-Sep-2026,177.35,183.0,183.0,170.0,178.25,27345,48.17,866,12056.0,44.09,2026-09-25
AFIL,EQ,25-Sep-2026,8.04,8.28,8.39,7.65,8.04,1657599,131.55,2520,905023.0,54.6,2026-09-25
AFSL,EQ,25-Sep-2026,203.47,201.61,204.9,201.0,201.0,4255,8.56,80,2710.0,63.69,2026-09-25
AGARIND,EQ,25-Sep-2026,400.05,407.45,407.45,391.25,397.9,35549,140.93,2482,19425.0,54.64,2026-09-25
AGARWALEYE,EQ,25-Sep-2026,502.1,503.0,503.05,492.85,500.0,242336,1210.59,11645,108232.0,44.66,2026-09-25
AGARWALFT,SM,25-Sep-2026,27.3,25.95,25.95,25.95,25.95,1500,0.39,1,1500.0,100.0,2026-09-25
AGARWALTUF,SM,25-Sep-2026,155.1,155.0,166.0,153.0,164.55,376800,603.53,108,132000.0,35.03,2026-09-25
AGASTYAEN,BE,25-Sep-2026,73.89,72.42,72.42,72.42,72.42,85430,61.87,113,,,2026-09-25
AGI,EQ,25-Sep-2026,821.35,822.0,824.3,796.2,803.35,182324,1468.45,13628,86492.0,47.44,2026-09-25
AGIIL,EQ,25-Sep-2026,271.45,273.0,275.0,262.45,264.55,3237412,8705.1,17937,482610.0,14.91,2026-09-25
AGL,EQ,25-Sep-2026,13.68,13.76,13.82,13.42,13.73,1229115,167.79,2484,627513.0,51.05,2026-09-25
AGNI,SM,25-Sep-2026,15.95,16.25,16.35,15.35,16.0,27500,4.35,11,25000.0,90.91,2026-09-25
AGRITECH,EQ,25-Sep-2026,95.76,97.25,99.0,95.65,96.03,2349,2.27,81,1262.0,53.72,2026-09-25
AGROPHOS,EQ,25-Sep-2026,24.27,24.27,24.3,23.3,24.2,8329,1.99,144,4936.0,59.26,2026-09-25
AGSTRA,BZ,25-Sep-2026,2.29,2.4,2.4,2.18,2.4,579623,13.55,481,,,2026-09-25
AHCL,EQ,25-Sep-2026,28.65,28.78,31.51,27.71,31.51,80210539,24297.34,149549,12778150.0,15.93,2026-09-25
AHLADA,EQ,25-Sep-2026,38.76,38.95,40.5,37.51,39.16,16684,6.57,138,13104.0,78.54,2026-09-25
AHLEAST,EQ,25-Sep-2026,136.41,140.0,140.0,135.0,137.42,3103,4.26,83,1920.0,61.88,2026-09-25
AHLUCONT,EQ,25-Sep-2026,582.75,585.55,588.45,574.15,585.55,29866,173.39,2223,13786.0,46.16,2026-09-25
AHLWEST,BE,25-Sep-2026,521.05,520.0,547.0,520.0,520.3,1411,7.71,24,,,2026-09-25
AIAENG,EQ,25-Sep-2026,3953.4,3954.0,3984.6,3884.0,3919.4,19038,746.02,7010,10500.0,55.15,2026-09-25
AIIL,EQ,25-Sep-2026,551.6,551.6,572.0,548.95,559.6,338399,1902.96,17287,100457.0,29.69,2026-09-25
AIMTRON,SM,25-Sep-2026,1797.55,1789.9,1900.0,1784.0,1890.25,108400,2011.72,461,71000.0,65.5,2026-09-25
AIRAN,EQ,25-Sep-2026,16.58,16.7,17.2,16.51,17.03,101852,17.09,319,74640.0,73.28,2026-09-25
AIROLAM,EQ,25-Sep-2026,88.34,91.0,94.9,90.0,92.29,5894,5.46,92,5022.0,85.21,2026-09-25
AISL,SM,25-Sep-2026,54.0,56.7,56.7,55.0,55.1,24000,13.24,10,24000.0,100.0,2026-09-25
AJANTPHARM,EQ,25-Sep-2026,3539.5,3547.0,3554.9,3525.0,3547.8,46112,1633.4,9936,30835.0,66.87,2026-09-25
AJAXENGG,EQ,25-Sep-2026,575.2,592.0,619.9,582.55,607.75,695472,4221.02,33648,212310.0,30.53,2026-09-25
AJMERA,EQ,25-Sep-2026,120.51,119.6,122.68,119.32,120.82,164978,199.69,2769,78088.0,47.33,2026-09-25
AJOONI,EQ,25-Sep-2026,3.18,3.22,3.23,3.13,3.19,140058,4.45,347,110033.0,78.56,2026-09-25
AKANKSHA,SM,25-Sep-2026,158.65,166.55,166.55,150.75,153.1,142000,232.23,109,117000.0,82.39,2026-09-25
AKASH,EQ,25-Sep-2026,24.51,24.51,25.26,24.51,25.04,5168,1.28,33,4844.0,93.73,2026-09-25
AKCAPIT,EQ,25-Sep-2026,1729.2,1745.7,1755.0,1745.7,1754.0,204,3.57,29,190.0,93.14,2026-09-25
AKG,EQ,25-Sep-2026,9.76,9.76,10.25,9.51,9.59,13445,1.31,130,8728.0,64.92,2026-09-25
AKI,BE,25-Sep-2026,6.85,7.1,7.1,6.51,6.63,125039,8.27,356,,,2026-09-25
AKIKO,SM,25-Sep-2026,420.05,419.85,423.0,400.0,421.0,12000,50.25,13,9600.0,80.0,2026-09-25
AKSHAR,EQ,25-Sep-2026,0.41,0.41,0.42,0.4,0.41,818309,3.37,222,548878.0,67.07,2026-09-25
AKSHARCHEM,BE,25-Sep-2026,379.3,375.0,398.0,370.0,394.4,11997,46.6,193,,,2026-09-25
AKSHOPTFBR,BE,25-Sep-2026,7.21,7.14,7.29,6.93,7.04,133848,9.47,291,,,2026-09-25
AKUMS,EQ,25-Sep-2026,817.6,817.0,828.65,811.0,819.55,152812,1254.55,11530,76783.0,50.25,2026-09-25
ALANKIT,EQ,25-Sep-2026,7.91,7.92,8.1,7.71,7.85,129468,10.26,532,103673.0,80.08,2026-09-25
ALBERTDAVD,EQ,25-Sep-2026,871.1,872.0,886.0,863.0,873.8,4383,38.45,243,3361.0,76.68,2026-09-25
ALEMBICLTD,EQ,25-Sep-2026,107.18,107.18,109.35,105.0,106.53,743150,793.54,8103,308885.0,41.56,2026-09-25
ALFREDHE,EQ,25-Sep-2026,2786.8,2750.5,2750.5,2750.5,2750.5,29,0.8,16,29.0,100.0,2026-09-25
ALGOQUANT,EQ,25-Sep-2026,73.37,73.69,75.0,71.5,72.28,1131847,822.67,4008,202790.0,17.92,2026-09-25
ALICON,EQ,25-Sep-2026,737.8,737.8,738.1,710.0,730.05,24544,178.99,2013,14670.0,59.77,2026-09-25
ALIVUS,EQ,25-Sep-2026,1370.0,1370.0,1377.5,1352.5,1365.6,37558,512.29,5126,19666.0,52.36,2026-09-25
ALKALI,BE,25-Sep-2026,96.37,98.99,98.99,92.0,93.93,9233,8.71,157,,,2026-09-25
ALKEM,EQ,25-Sep-2026,5326.0,5322.5,5325.0,5237.0,5274.0,28742,1514.52,7139,11676.0,40.62,2026-09-25
ALKYLAMINE,EQ,25-Sep-2026,1862.5,1862.6,1877.8,1834.0,1847.7,15775,292.13,3519,7209.0,45.7,2026-09-25
ALLCARGO,EQ,25-Sep-2026,10.95,11.05,11.08,10.6,10.67,8547656,917.3,8728,3936235.0,46.05,2026-09-25
ALLDIGI,EQ,25-Sep-2026,771.65,775.5,782.95,771.0,776.95,2008,15.6,318,1334.0,66.43,2026-09-25
ALLETEC,SM,25-Sep-2026,128.25,129.0,133.75,126.0,129.15,24800,31.93,56,16000.0,64.52,2026-09-25
ALLTIME,EQ,25-Sep-2026,201.03,202.0,203.9,196.5,201.01,51825,103.58,1934,29396.0,56.72,2026-09-25
ALMONDZ,EQ,25-Sep-2026,19.86,20.04,21.65,19.95,21.38,1151830,241.25,3439,750438.0,65.15,2026-09-25
ALOKINDS,EQ,25-Sep-2026,7.48,7.54,7.75,7.35,7.5,20004287,1514.52,15991,6934783.0,34.67,2026-09-25
ALPA,EQ,25-Sep-2026,59.07,59.11,60.98,58.3,59.1,125298,74.3,776,31652.0,25.26,2026-09-25
ALPEXSOLAR,SM,25-Sep-2026,847.0,857.95,871.95,840.0,862.65,39700,342.25,269,30600.0,77.08,2026-09-25
ALPHA,EQ,25-Sep-2026,52.82,52.79,53.19,52.41,52.76,900108,473.59,2989,378091.0,42.01,2026-09-25
ALPHAETF,EQ,25-Sep-2026,26.03,25.51,26.18,25.51,25.96,1190528,308.95,1155,792193.0,66.54,2026-09-25
ALPHAGEO,BE,25-Sep-2026,285.45,290.0,290.0,280.0,283.15,5927,16.86,100,,,2026-09-25
ALPINETEX,EQ,25-Sep-2026,50.65,51.79,51.91,48.45,49.06,466758,230.4,3555,338623.0,72.55,2026-09-25
ALPL30IETF,EQ,25-Sep-2026,26.8,26.81,27.45,26.78,26.85,451327,121.1,753,226520.0,50.19,2026-09-25
ALUFLUOR,EQ,25-Sep-2026,565.8,562.5,574.0,541.3,565.4,6912,38.42,569,3881.0,56.15,2026-09-25
ALUWIND,SM,25-Sep-2026,50.6,51.05,51.1,51.0,51.05,4500,2.3,3,4500.0,100.0,2026-09-25
AMAGI,EQ,25-Sep-2026,562.15,564.0,579.0,560.65,575.65,193432,1107.98,15198,78411.0,40.54,2026-09-25
AMAL,EQ,25-Sep-2026,687.65,688.85,695.9,658.05,674.4,13368,90.45,932,8497.0,63.56,2026-09-25
AMANTA,BE,25-Sep-2026,189.21,187.95,187.95,185.43,186.0,8587,15.98,88,,,2026-09-25
AMARJOTHI,EQ,25-Sep-2026,147.0,147.0,150.0,147.0,149.82,656,0.97,15,631.0,96.19,2026-09-25
AMBAAUTO,SM,25-Sep-2026,98.0,100.0,100.0,93.1,96.55,31000,29.47,25,21000.0,67.74,2026-09-25
AMBALALSA,BE,25-Sep-2026,41.27,42.85,42.85,40.5,41.09,24559,10.03,120,,,2026-09-25
AMBANIORGO,SM,25-Sep-2026,115.25,115.0,115.0,115.0,115.0,50000,57.5,1,50000.0,100.0,2026-09-25
AMBER,EQ,25-Sep-2026,6911.0,6916.0,7010.0,6876.0,6960.0,99885,6938.73,16656,25338.0,25.37,2026-09-25
AMBICAAGAR,EQ,25-Sep-2026,25.39,25.5,25.8,24.63,25.22,63838,16.04,356,14292.0,22.39,2026-09-25
AMBIKCO,EQ,25-Sep-2026,1556.5,1553.0,1565.5,1540.2,1546.1,2720,42.15,451,1538.0,56.54,2026-09-25
AMBUJACEM,EQ,25-Sep-2026,384.1,382.2,387.2,381.7,383.8,1180134,4538.17,22249,541688.0,45.9,2026-09-25
AMCL,SM,25-Sep-2026,349.7,349.5,353.0,344.0,347.5,27600,95.87,60,25600.0,92.75,2026-09-25
AMDIND,BE,25-Sep-2026,56.09,56.2,58.89,55.0,58.8,53354,30.83,224,,,2026-09-25
AMEYA,SM,25-Sep-2026,153.85,146.2,150.0,146.2,146.2,10000,14.7,10,8000.0,80.0,2026-09-25
AMJLAND,EQ,25-Sep-2026,37.32,37.32,37.98,36.7,37.7,2920,1.09,59,2491.0,85.31,2026-09-25
AMNPLST,EQ,25-Sep-2026,164.09,164.09,166.0,163.0,163.15,1067,1.75,51,935.0,87.63,2026-09-25
AMRUTANJAN,EQ,25-Sep-2026,510.2,510.2,514.9,500.6,506.35,16785,84.89,1579,8963.0,53.4,2026-09-25
ANANDRATHI,EQ,25-Sep-2026,2167.4,2169.6,2178.9,2007.0,2126.8,436268,9372.1,15435,273905.0,62.78,2026-09-25
ANANTAM,IV,25-Sep-2026,105.3,105.1,105.9,104.51,104.94,500253,524.85,374,494660.0,98.88,2026-09-25
ANANTRAJ,EQ,25-Sep-2026,624.1,622.55,628.4,613.2,617.4,1198697,7423.85,24022,510896.0,42.62,2026-09-25
ANAWIL,SM,25-Sep-2026,428.9,437.0,489.15,427.0,482.4,244400,1142.91,555,148000.0,60.56,2026-09-25
ANDHRAPAP,EQ,25-Sep-2026,73.62,73.62,75.1,71.56,74.05,441096,324.78,6181,199404.0,45.21,2026-09-25
ANDHRSUGAR,EQ,25-Sep-2026,92.98,93.89,96.94,92.8,95.41,564260,536.96,11976,163498.0,28.98,2026-09-25
ANDREWYU,EQ,25-Sep-2026,26.85,27.0,27.49,26.61,27.0,67783,18.34,699,40292.0,59.44,2026-09-25
ANGELONE,EQ,25-Sep-2026,290.7,290.7,292.2,286.5,288.0,2892227,8351.19,30425,944466.0,32.66,2026-09-25
ANIKINDS,EQ,25-Sep-2026,43.0,43.75,44.98,42.65,43.28,3918,1.69,120,3107.0,79.3,2026-09-25
ANKITMETAL,BZ,25-Sep-2026,1.85,1.88,1.88,1.88,1.88,7700,0.14,10,,,2026-09-25
ANLON,SM,25-Sep-2026,809.0,815.0,815.0,765.05,791.0,9600,76.75,24,6400.0,66.67,2026-09-25
ANMOL,BE,25-Sep-2026,13.45,13.45,13.94,13.02,13.25,25631,3.42,285,,,2026-09-25
ANNAPURNA,EQ,25-Sep-2026,131.17,131.8,133.0,130.21,131.97,9829,12.91,227,6874.0,69.94,2026-09-25
ANNU,EQ,25-Sep-2026,49.8,50.0,51.01,48.55,49.33,691194,342.74,7144,282098.0,40.81,2026-09-25
ANONDITA,SM,25-Sep-2026,1089.7,1100.0,1165.05,1092.1,1150.25,120000,1344.78,308,105800.0,88.17,2026-09-25
ANSALAPI,BZ,25-Sep-2026,3.86,3.85,3.93,3.79,3.93,115867,4.55,72,,,2026-09-25
ANSALBU,EQ,25-Sep-2026,94.9,94.9,98.99,92.0,94.69,4437,4.13,310,3113.0,70.16,2026-09-25
ANTELOPUS,EQ,25-Sep-2026,1130.95,1135.0,1290.9,1094.4,1261.7,7877531,97438.28,264384,547638.0,6.95,2026-09-25
ANTGRAPHIC,EQ,25-Sep-2026,0.71,0.71,0.72,0.7,0.71,270504,1.91,181,212946.0,78.72,2026-09-25
ANTHEM,EQ,25-Sep-2026,885.6,888.0,890.85,869.4,873.6,373411,3274.69,20269,184442.0,49.39,2026-09-25
ANUHPHR,EQ,25-Sep-2026,90.78,90.0,92.0,89.8,90.42,79711,72.23,1701,50505.0,63.36,2026-09-25
ANUP,EQ,25-Sep-2026,1670.1,1677.8,1700.0,1645.1,1677.1,15001,251.61,2614,7549.0,50.32,2026-09-25
ANURAS,EQ,25-Sep-2026,1177.2,1177.0,1204.0,1171.4,1192.4,167982,1988.98,9525,97881.0,58.27,2026-09-25
ANYA,SM,25-Sep-2026,18.3,18.6,18.65,17.05,17.55,45000,8.18,7,45000.0,100.0,2026-09-25
ANZEN,IV,25-Sep-2026,130.0,131.0,131.0,131.0,131.0,25000,32.75,1,25000.0,100.0,2026-09-25
AONEGOLD,EQ,25-Sep-2026,13.95,14.14,14.14,13.95,14.02,172512,24.18,1428,65829.0,38.16,2026-09-25
AONELIQUID,EQ,25-Sep-2026,1078.16,1078.57,1078.59,1078.57,1078.58,32270,348.06,109,21673.0,67.16,2026-09-25
AONENIFTY,EQ,25-Sep-2026,9.59,9.82,9.82,9.52,9.6,108791,10.4,1228,90510.0,83.2,2026-09-25
AONESILVER,EQ,25-Sep-2026,8.64,8.72,8.92,8.63,8.76,256791,22.38,1085,187638.0,73.07,2026-09-25
AONETMMQ50,EQ,25-Sep-2026,10.11,10.47,10.47,10.07,10.2,23930,2.42,192,11296.0,47.2,2026-09-25
AONETOTAL,EQ,25-Sep-2026,11.57,11.62,11.7,11.51,11.59,76051,8.78,882,44079.0,57.96,2026-09-25
APARINDS,EQ,25-Sep-2026,17804.0,18000.0,18305.0,17702.0,17776.0,85829,15411.64,26396,29637.0,34.53,2026-09-25
APCL,EQ,25-Sep-2026,95.27,94.25,97.25,94.25,95.52,3558,3.41,104,2818.0,79.2,2026-09-25
APCOTEXIND,EQ,25-Sep-2026,602.85,607.9,609.45,585.0,599.4,86241,513.66,4851,35292.0,40.92,2026-09-25
APEX,EQ,25-Sep-2026,348.9,353.0,353.65,337.85,347.6,126426,436.85,6302,49156.0,38.88,2026-09-25
APEXECO,ST,25-Sep-2026,255.4,250.0,268.15,242.65,268.15,43200,107.98,48,40800.0,94.44,2026-09-25
APLAPOLLO,EQ,25-Sep-2026,2184.8,2179.1,2219.0,2176.5,2214.7,339098,7457.87,16983,204632.0,60.35,2026-09-25
APLLTD,EQ,25-Sep-2026,850.0,855.0,869.8,840.55,863.75,309225,2643.79,33011,197323.0,63.81,2026-09-25
APOLLO,EQ,25-Sep-2026,399.05,401.3,401.3,393.2,395.6,3929756,15577.28,39185,934951.0,23.79,2026-09-25
APOLLOHOSP,EQ,25-Sep-2026,8888.5,8891.0,8934.5,8821.5,8889.0,438457,38944.23,32591,312900.0,71.36,2026-09-25
APOLLOPIPE,EQ,25-Sep-2026,510.5,507.5,526.05,505.55,511.45,177165,912.58,6208,72711.0,41.04,2026-09-25
APOLLOTYRE,EQ,25-Sep-2026,397.95,399.5,400.95,395.5,400.1,316665,1260.19,19925,166264.0,52.5,2026-09-25
APOLSINHOT,EQ,25-Sep-2026,1217.1,1202.0,1239.0,1195.1,1202.4,1289,15.58,95,1212.0,94.03,2026-09-25
APOORVA,EQ,25-Sep-2026,33.7,34.3,34.3,32.7,33.45,364,0.12,15,304.0,83.52,2026-09-25
APRAMEYA,SM,25-Sep-2026,99.2,102.1,103.5,100.55,102.0,20000,20.44,9,20000.0,100.0,2026-09-25
APS,SM,25-Sep-2026,237.0,239.0,245.95,228.0,235.35,21000,50.23,69,13750.0,65.48,2026-09-25
APSISAERO,ST,25-Sep-2026,599.75,604.1,611.7,604.1,611.7,15600,94.97,13,14400.0,92.31,2026-09-25
APTECHT,EQ,25-Sep-2026,92.1,92.25,92.45,90.4,91.22,49412,45.02,1042,24312.0,49.2,2026-09-25
APTUS,EQ,25-Sep-2026,240.92,240.9,245.0,240.09,244.6,1278151,3101.34,34431,799936.0,62.59,2026-09-25
AQYLON,EQ,25-Sep-2026,18.99,19.5,19.65,18.33,18.56,1354842,257.57,1604,690212.0,50.94,2026-09-25
ARABIAN,SM,25-Sep-2026,87.0,88.0,88.0,88.0,88.0,2000,1.76,1,2000.0,100.0,2026-09-25
ARCHIDPLY,EQ,25-Sep-2026,106.47,106.47,107.51,103.16,106.26,5592,5.92,177,4950.0,88.52,2026-09-25
ARCHIES,EQ,25-Sep-2026,12.66,12.97,12.97,12.25,12.3,31221,3.88,172,27667.0,88.62,2026-09-25
ARCIIL,SM,25-Sep-2026,33.2,31.5,32.4,30.0,32.05,53000,16.8,52,36000.0,67.92,2026-09-25
ARCIL,EQ,25-Sep-2026,148.62,149.56,152.7,142.1,144.49,2617166,3832.87,43632,928036.0,35.46,2026-09-25
ARCL,EQ,25-Sep-2026,256.85,259.9,259.9,245.5,245.53,1308,3.27,36,1053.0,80.5,2026-09-25
ARDEE,EQ,25-Sep-2026,49.62,49.97,51.98,48.72,51.66,4119752,2086.48,19403,980210.0,23.79,2026-09-25
ARE&M,EQ,25-Sep-2026,795.4,795.4,798.8,789.05,791.95,336412,2668.29,20950,192825.0,57.32,2026-09-25
ARENTERP,EQ,25-Sep-2026,34.77,34.7,34.7,33.21,34.7,837,0.28,25,717.0,85.66,2026-09-25
ARFIN,EQ,25-Sep-2026,89.42,89.9,91.0,88.1,90.31,1124364,1004.05,4392,152877.0,13.6,2026-09-25
ARHAM,SM,25-Sep-2026,213.2,213.0,214.85,211.1,211.1,8000,17.0,8,3000.0,37.5,2026-09-25
ARIES,BE,25-Sep-2026,466.9,476.0,476.05,468.5,473.3,5177,24.45,106,,,2026-09-25
ARIHANT,EQ,25-Sep-2026,890.4,895.0,895.0,882.5,895.0,592,5.26,56,480.0,81.08,2026-09-25
ARIHANTCAP,EQ,25-Sep-2026,91.95,92.64,96.18,91.4,93.34,452181,423.54,5749,168264.0,37.21,2026-09-25
ARIHANTSUP,EQ,25-Sep-2026,243.1,244.75,249.7,240.0,242.7,19545,47.39,245,15585.0,79.74,2026-09-25
ARIS,EQ,25-Sep-2026,141.92,141.92,143.3,139.5,140.29,513723,725.42,7008,224830.0,43.76,2026-09-25
ARKADE,EQ,25-Sep-2026,124.73,124.99,126.54,124.1,125.48,102310,128.42,1450,42634.0,41.67,2026-09-25
ARMANFIN,EQ,25-Sep-2026,1897.5,1890.0,1918.9,1867.8,1885.6,16327,308.53,3352,9948.0,60.93,2026-09-25
ARMOUR,ST,25-Sep-2026,19.15,19.15,20.1,19.15,20.1,28000,5.55,13,26000.0,92.86,2026-09-25
AROGRANITE,EQ,25-Sep-2026,23.97,24.0,24.4,23.26,24.14,2286,0.55,99,1727.0,75.55,2026-09-25
ARROWGREEN,EQ,25-Sep-2026,895.95,900.0,918.8,875.0,905.8,43393,386.75,3630,20189.0,46.53,2026-09-25
ARSHIYA,BZ,25-Sep-2026,0.72,0.73,0.74,0.72,0.74,238665,1.74,58,,,2026-09-25
ARSSBL,EQ,25-Sep-2026,497.45,500.0,500.6,489.7,496.9,115512,571.86,3794,63419.0,54.9,2026-09-25
ARTEMISMED,EQ,25-Sep-2026,332.7,346.0,378.8,346.0,357.7,18980196,69257.31,284278,1556158.0,8.2,2026-09-25
ARVEE,EQ,25-Sep-2026,224.25,225.5,226.0,210.2,213.19,9353,20.23,346,5191.0,55.5,2026-09-25
ARVIND,EQ,25-Sep-2026,565.7,566.0,566.9,546.65,549.05,338603,1871.42,24038,156218.0,46.14,2026-09-25
ARVINDFASN,EQ,25-Sep-2026,414.25,415.9,421.5,414.0,417.2,253117,1055.21,18924,135922.0,53.7,2026-09-25
ARVINDPORT,SM,25-Sep-2026,34.5,35.4,36.4,32.0,34.0,94500,32.77,49,85500.0,90.48,2026-09-25
ARVSMART,EQ,25-Sep-2026,622.75,628.8,632.95,609.1,614.05,96516,597.51,3927,33880.0,35.1,2026-09-25
ARYAMAN,EQ,25-Sep-2026,615.0,633.0,633.0,610.0,610.0,20,0.13,5,18.0,90.0,2026-09-25
ASAHIINDIA,EQ,25-Sep-2026,965.4,969.95,975.5,952.4,959.95,75822,730.25,7848,27773.0,36.63,2026-09-25
ASAHISONG,BE,25-Sep-2026,388.0,388.0,404.4,382.1,402.75,33093,131.83,323,,,2026-09-25
ASAL,EQ,25-Sep-2026,441.7,441.95,445.0,430.2,438.5,17737,77.56,1235,6613.0,37.28,2026-09-25
ASALCBR,EQ,25-Sep-2026,651.0,652.0,655.35,637.15,644.95,81437,525.15,3891,56814.0,69.76,2026-09-25
ASHAPURMIN,EQ,25-Sep-2026,510.75,513.0,514.85,505.05,506.5,168617,857.89,5468,89075.0,52.83,2026-09-25
ASHIANA,EQ,25-Sep-2026,388.5,388.5,395.0,383.3,389.7,19421,75.24,1068,8326.0,42.87,2026-09-25
ASHIKAG,BE,25-Sep-2026,402.45,406.45,406.45,396.0,397.6,6398,25.51,103,,,2026-09-25
ASHIMASYN,EQ,25-Sep-2026,15.8,15.84,16.25,15.84,15.96,21790,3.48,198,19700.0,90.41,2026-09-25
ASHOKA,EQ,25-Sep-2026,113.05,113.05,113.4,111.4,113.12,295342,331.9,3850,142711.0,48.32,2026-09-25
ASHOKAMET,EQ,25-Sep-2026,15.68,15.98,15.99,15.32,15.67,35144,5.51,173,25124.0,71.49,2026-09-25
ASHOKLEY,EQ,25-Sep-2026,157.3,157.52,159.52,156.1,159.08,10274172,16265.96,75366,5964873.0,58.06,2026-09-25
ASHUTOSH,SM,25-Sep-2026,161.1,157.05,160.95,156.6,159.45,72000,114.3,58,50400.0,70.0,2026-09-25
ASHWINI,SM,25-Sep-2026,160.0,162.8,171.5,161.0,170.5,25000,41.35,18,18000.0,72.0,2026-09-25
ASIANENE,EQ,25-Sep-2026,474.65,472.9,492.85,471.35,487.75,226490,1094.17,8115,109410.0,48.31,2026-09-25
ASIANHOTNR,EQ,25-Sep-2026,389.5,386.05,400.0,385.5,394.35,5905,23.18,303,3747.0,63.45,2026-09-25
ASIANPAINT,EQ,25-Sep-2026,2392.7,2401.9,2451.0,2397.0,2444.0,426982,10371.68,31581,181390.0,42.48,2026-09-25
ASIANTILES,EQ,25-Sep-2026,50.35,50.3,50.94,50.01,50.69,788714,397.94,2942,456252.0,57.85,2026-09-25
ASIANTNE,EQ,25-Sep-2026,9.19,9.7,9.7,9.12,9.26,979,0.09,27,690.0,70.48,2026-09-25
ASKAUTOLTD,EQ,25-Sep-2026,642.75,642.75,656.85,639.0,645.15,133775,865.22,8602,49323.0,36.87,2026-09-25
ASMS,EQ,25-Sep-2026,6.41,6.49,6.54,6.27,6.38,248422,15.87,745,189995.0,76.48,2026-09-25
ASPINWALL,EQ,25-Sep-2026,258.95,259.7,259.9,252.2,253.75,1747,4.43,55,1479.0,84.66,2026-09-25
ASPIRE,SM,25-Sep-2026,13.3,12.7,13.95,12.7,13.8,32000,4.25,16,26000.0,81.25,2026-09-25
ASTAR,EQ,25-Sep-2026,679.25,681.0,702.0,653.1,698.7,555,3.79,80,332.0,59.82,2026-09-25
ASTEC,EQ,25-Sep-2026,728.8,731.0,768.0,717.55,739.0,114860,858.15,8844,24524.0,21.35,2026-09-25
ASTERDM,EQ,25-Sep-2026,768.65,768.65,769.95,753.3,759.4,1251211,9514.31,36020,869109.0,69.46,2026-09-25
ASTRAL,EQ,25-Sep-2026,1392.0,1389.8,1399.0,1385.6,1399.0,358868,4998.57,23783,214753.0,59.84,2026-09-25
ASTRAMICRO,EQ,25-Sep-2026,1596.2,1599.2,1647.0,1587.4,1622.4,267279,4338.21,18093,88307.0,33.04,2026-09-25
ASTRAZEN,EQ,25-Sep-2026,6591.0,6600.0,6705.0,6444.0,6505.0,6164,403.06,1847,3264.0,52.95,2026-09-25
ASTRON,BZ,25-Sep-2026,2.95,2.95,3.0,2.86,2.97,10627,0.31,67,,,2026-09-25
ATALREAL,EQ,25-Sep-2026,14.6,15.01,15.01,13.14,13.52,7859696,1064.05,4767,3006870.0,38.26,2026-09-25
ATAM,EQ,25-Sep-2026,58.08,57.55,58.92,56.66,57.07,5460,3.13,179,2895.0,53.02,2026-09-25
ATCENERGY,ST,25-Sep-2026,21.8,20.8,22.15,20.8,22.1,12000,2.57,9,10800.0,90.0,2026-09-25
ATGL,EQ,25-Sep-2026,612.4,615.0,615.0,605.1,611.65,547772,3343.69,21297,135385.0,24.72,2026-09-25
ATHERENERG,EQ,25-Sep-2026,1499.0,1489.9,1511.8,1484.0,1497.0,1896434,28378.24,66005,610701.0,32.2,2026-09-25
ATL,EQ,25-Sep-2026,25.18,25.78,25.9,25.01,25.6,186397,47.33,1530,118506.0,63.58,2026-09-25
ATLANTAA,EQ,25-Sep-2026,35.65,35.6,36.4,35.12,35.73,13114,4.69,196,8733.0,66.59,2026-09-25
ATLANTAELE,EQ,25-Sep-2026,1587.2,1617.4,1632.2,1557.7,1625.9,155340,2472.81,17853,77131.0,49.65,2026-09-25
ATLASCYCLE,EQ,25-Sep-2026,97.89,96.0,99.95,92.75,94.32,25212,23.99,406,17745.0,70.38,2026-09-25
ATLPP,E1,25-Sep-2026,8.82,8.87,8.87,8.87,8.87,7,0.0,1,7.0,100.0,2026-09-25
ATMASTCO,SM,25-Sep-2026,115.6,116.0,119.9,116.0,118.2,20800,24.69,38,16400.0,78.85,2026-09-25
ATUL,EQ,25-Sep-2026,6135.5,6164.0,6164.0,6050.0,6070.5,15678,954.46,4256,8799.0,56.12,2026-09-25
ATULAUTO,EQ,25-Sep-2026,447.55,449.8,451.75,442.3,448.25,35098,156.59,2131,18344.0,52.27,2026-09-25
AUBANK,EQ,25-Sep-2026,1000.1,1001.0,1021.2,997.0,1018.0,2524193,25553.4,110746,1480951.0,58.67,2026-09-25
AUGMONT,EQ,25-Sep-2026,864.1,865.0,892.4,860.0,877.9,352381,3093.44,15044,112564.0,31.94,2026-09-25
AURIONPRO,EQ,25-Sep-2026,682.55,676.6,683.45,666.2,669.7,102892,690.07,6487,58670.0,57.02,2026-09-25
AUROIMPEX,SM,25-Sep-2026,40.95,42.95,42.95,42.9,42.95,44800,19.24,25,41600.0,92.86,2026-09-25
AUROPHARMA,EQ,25-Sep-2026,1716.0,1716.0,1727.9,1699.5,1712.0,624705,10682.26,29017,288914.0,46.25,2026-09-25
AURUM,EQ,25-Sep-2026,220.22,220.88,224.04,218.96,222.45,103745,229.77,2470,55050.0,53.06,2026-09-25
AURUS,EQ,25-Sep-2026,4.63,4.63,4.8,4.59,4.65,8547,0.4,388,6029.0,70.54,2026-09-25
AUSL,SM,25-Sep-2026,24.15,22.95,23.0,22.95,23.0,6000,1.38,3,4000.0,66.67,2026-09-25
AUSOMENT,EQ,25-Sep-2026,145.66,145.66,145.66,142.11,143.12,2777,3.97,56,2753.0,99.14,2026-09-25
AUSTENG,EQ,25-Sep-2026,169.04,168.0,170.0,157.6,161.78,10152,16.59,278,6427.0,63.31,2026-09-25
AUTOAXLES,EQ,25-Sep-2026,1683.6,1695.6,1782.6,1668.0,1709.8,26667,458.33,1649,10891.0,40.84,2026-09-25
AUTOBEES,EQ,25-Sep-2026,277.2,277.3,279.34,276.83,278.51,180697,501.92,2088,98980.0,54.78,2026-09-25
AUTOIETF,EQ,25-Sep-2026,27.7,27.72,28.1,27.7,27.93,429047,119.35,1602,263687.0,61.46,2026-09-25
AUTOIND,EQ,25-Sep-2026,84.32,84.5,85.79,80.41,81.73,227265,188.02,3134,136019.0,59.85,2026-09-25
AVADHSUGAR,EQ,25-Sep-2026,724.1,724.1,796.5,720.65,796.5,465223,3628.15,15930,120573.0,25.92,2026-09-25
AVALON,EQ,25-Sep-2026,2316.1,2350.0,2458.0,2314.7,2328.5,534906,12756.69,57494,170127.0,31.81,2026-09-25
AVANA,ST,25-Sep-2026,135.9,135.0,135.0,135.0,135.0,8000,10.8,4,8000.0,100.0,2026-09-25
AVANCE,EQ,25-Sep-2026,0.8,0.82,0.82,0.8,0.81,1729168,14.05,1064,1220034.0,70.56,2026-09-25
AVANTEL,EQ,25-Sep-2026,155.34,155.75,157.9,151.81,155.94,1850814,2876.15,22209,411593.0,22.24,2026-09-25
AVANTIFEED,EQ,25-Sep-2026,749.75,755.7,774.0,748.0,753.15,277971,2106.33,23321,85739.0,30.84,2026-09-25
AVATAR,ST,25-Sep-2026,178.55,169.65,187.45,169.65,187.45,54000,96.67,24,54000.0,100.0,2026-09-25
AVG,BE,25-Sep-2026,162.99,163.0,164.95,162.2,164.06,13101,21.44,82,,,2026-09-25
AVIANSH,SM,25-Sep-2026,101.5,102.0,102.5,100.0,100.0,4000,4.07,4,4000.0,100.0,2026-09-25
AVIENCE,SM,25-Sep-2026,338.2,339.95,348.0,333.45,342.05,46800,160.0,71,30000.0,64.1,2026-09-25
AVL,EQ,25-Sep-2026,628.05,633.15,633.15,613.0,619.5,109489,677.58,7922,59545.0,54.38,2026-09-25
AVONMORE,EQ,25-Sep-2026,13.1,13.04,13.5,12.94,13.34,266100,35.01,658,213214.0,80.13,2026-09-25
AVPINFRA,SM,25-Sep-2026,56.45,57.45,57.45,55.7,56.1,31200,17.59,27,12000.0,38.46,2026-09-25
AVROIND,EQ,25-Sep-2026,7.08,7.15,7.15,6.83,6.89,133618,9.3,520,94645.0,70.83,2026-09-25
AVTNPL,EQ,25-Sep-2026,92.93,92.93,94.21,91.6,92.58,196705,182.56,2338,83972.0,42.69,2026-09-25
AWFIS,EQ,25-Sep-2026,262.4,260.35,267.4,253.0,257.2,667000,1721.13,12967,298820.0,44.8,2026-09-25
AWHCL,EQ,25-Sep-2026,381.05,377.7,381.8,373.85,378.35,59816,225.55,3892,29516.0,49.34,2026-09-25
AWL,EQ,25-Sep-2026,184.69,184.39,185.1,181.61,184.34,1439611,2644.22,21610,613962.0,42.65,2026-09-25
AXIOMGAS,ST,25-Sep-2026,54.0,54.75,57.0,54.0,54.05,4834000,2641.64,946,4802000.0,99.34,2026-09-25
AXISBANK,EQ,25-Sep-2026,1186.5,1191.5,1225.0,1191.5,1222.4,6923162,83925.17,211066,4061493.0,58.67,2026-09-25
AXISCADES,EQ,25-Sep-2026,1923.1,1928.0,1966.1,1885.1,1892.1,130914,2519.28,12974,58712.0,44.85,2026-09-25
AXITA,EQ,25-Sep-2026,8.0,8.05,8.08,7.88,7.95,815658,65.15,1091,257067.0,31.52,2026-09-25
AXTEL,EQ,25-Sep-2026,442.3,447.0,450.0,432.1,446.1,2653,11.71,232,1534.0,57.82,2026-09-25
AYE,EQ,25-Sep-2026,171.99,172.48,173.03,165.1,167.25,1078430,1809.04,27476,512467.0,47.52,2026-09-25
AYMSYNTEX,EQ,25-Sep-2026,285.4,284.05,302.0,284.05,293.95,65234,192.23,4888,29773.0,45.64,2026-09-25
AZAD,EQ,25-Sep-2026,2678.3,2680.0,2776.8,2678.3,2728.0,438788,11989.84,37888,192636.0,43.9,2026-09-25
AZADIND,EQ,25-Sep-2026,83.77,85.0,88.87,83.83,87.03,70203,61.01,1955,15178.0,21.62,2026-09-25
BABAFP,SM,25-Sep-2026,23.7,23.7,23.7,23.7,23.7,1600,0.38,1,1600.0,100.0,2026-09-25
BAFNAPH,BE,25-Sep-2026,343.2,350.05,350.05,350.05,350.05,2166,7.58,30,,,2026-09-25
BAGDIGITAL,SM,25-Sep-2026,103.75,104.0,104.0,100.0,102.75,68800,70.21,29,36800.0,53.49,2026-09-25
BAGFILMS,EQ,25-Sep-2026,4.29,4.34,4.34,4.25,4.28,28683,1.23,147,18327.0,63.89,2026-09-25
BAGMANE,RR,25-Sep-2026,109.72,110.34,111.78,109.79,111.2,2605473,2882.11,15607,1983469.0,76.13,2026-09-25
BAHETI,SM,25-Sep-2026,750.2,743.35,775.0,743.35,761.4,14625,110.54,31,10875.0,74.36,2026-09-25
BAIDFIN,EQ,25-Sep-2026,10.45,10.35,12.0,10.16,10.69,103934,11.4,429,62604.0,60.23,2026-09-25
BAJAJ-AUTO,EQ,25-Sep-2026,11208.0,11245.0,11332.0,11212.0,11281.0,121620,13707.65,22924,66018.0,54.28,2026-09-25
BAJAJCON,EQ,25-Sep-2026,501.7,502.45,506.8,492.7,499.5,305752,1523.33,17085,153475.0,50.2,2026-09-25
BAJAJELEC,EQ,25-Sep-2026,321.45,321.0,323.15,318.0,318.95,107647,344.16,4692,65624.0,60.96,2026-09-25
BAJAJFINSV,EQ,25-Sep-2026,1762.3,1774.0,1778.1,1755.0,1771.0,1419352,25075.89,67796,833133.0,58.7,2026-09-25
BAJAJHCARE,EQ,25-Sep-2026,350.15,350.9,353.15,341.55,344.15,89487,308.44,4309,43210.0,48.29,2026-09-25
BAJAJHFL,EQ,25-Sep-2026,82.96,83.03,83.6,81.96,83.14,3121239,2582.95,24326,1510453.0,48.39,2026-09-25
BAJAJHIND,EQ,25-Sep-2026,19.9,20.05,21.09,19.81,20.78,31108504,6420.46,34875,6324163.0,20.33,2026-09-25
BAJAJHLDNG,EQ,25-Sep-2026,10917.0,10925.0,11027.0,10738.0,10940.0,41708,4526.76,10037,16903.0,40.53,2026-09-25
BAJAJINDEF,EQ,25-Sep-2026,218.37,218.46,219.99,216.97,218.09,10132,22.09,320,7543.0,74.45,2026-09-25
BAJAJST,EQ,25-Sep-2026,347.0,355.25,355.25,343.05,347.25,6987,24.18,416,4512.0,64.58,2026-09-25
BAJEL,EQ,25-Sep-2026,172.11,173.37,174.38,170.25,173.14,76580,131.94,2036,34732.0,45.35,2026-09-25
BAJFINANCE,EQ,25-Sep-2026,982.0,982.0,997.2,980.2,996.9,5467794,54134.58,93070,3771749.0,68.98,2026-09-25
BALAJEE,EQ,25-Sep-2026,25.38,25.0,25.88,25.0,25.57,21064,5.38,151,10576.0,50.21,2026-09-25
BALAJITELE,EQ,25-Sep-2026,93.82,94.69,95.37,93.42,93.85,81715,77.19,1106,42119.0,51.54,2026-09-25
BALAMINES,EQ,25-Sep-2026,2226.0,2237.0,2257.7,2165.2,2189.6,164986,3641.51,20135,51133.0,30.99,2026-09-25
BALAXI,EQ,25-Sep-2026,22.73,22.43,23.28,22.43,22.82,11304,2.56,158,8191.0,72.46,2026-09-25
BALCO,SM,25-Sep-2026,20.85,19.85,19.85,19.85,19.85,3600,0.71,3,2400.0,66.67,2026-09-25
BALKRISHNA,EQ,25-Sep-2026,15.9,15.91,16.75,15.9,16.0,3471,0.56,47,3047.0,87.78,2026-09-25
BALKRISIND,EQ,25-Sep-2026,2167.8,2166.5,2192.2,2150.0,2185.3,114990,2501.19,14623,61821.0,53.76,2026-09-25
BALMLAWRIE,EQ,25-Sep-2026,164.25,164.75,165.24,162.26,164.16,89064,145.66,2188,44267.0,49.7,2026-09-25
BALPHARMA,EQ,25-Sep-2026,105.02,105.5,112.35,105.5,107.71,62694,68.27,1670,24463.0,39.02,2026-09-25
BALRAMCHIN,EQ,25-Sep-2026,659.4,663.0,697.0,657.85,685.8,4511284,30776.9,100459,483804.0,10.72,2026-09-25
BALUFORGE,EQ,25-Sep-2026,498.1,495.6,518.5,494.0,506.8,621775,3162.73,19175,219714.0,35.34,2026-09-25
BANARBEADS,EQ,25-Sep-2026,115.86,115.1,128.45,115.1,123.86,36764,45.04,473,22315.0,60.7,2026-09-25
BANARISUG,EQ,25-Sep-2026,3306.5,3333.5,3449.8,3333.5,3401.9,3531,120.5,717,602.0,17.05,2026-09-25
BANCOINDIA,EQ,25-Sep-2026,602.35,601.75,608.45,594.6,599.85,44855,269.03,4464,27632.0,61.6,2026-09-25
BANDHANBNK,EQ,25-Sep-2026,182.9,182.91,188.23,182.91,187.7,10120013,18748.5,45777,3860628.0,38.15,2026-09-25
BANG,EQ,25-Sep-2026,31.61,32.23,32.7,31.67,32.36,12110,3.89,286,6177.0,51.01,2026-09-25
BANK10ADD,EQ,25-Sep-2026,16.53,16.42,16.55,16.36,16.44,141956,23.34,212,45196.0,31.84,2026-09-25
BANK10BETF,EQ,25-Sep-2026,20.17,20.14,20.28,20.14,20.25,5108,1.03,12,4994.0,97.77,2026-09-25
BANKA,EQ,25-Sep-2026,76.5,76.5,76.5,72.7,73.42,9948,7.32,105,8686.0,87.31,2026-09-25
BANKADD,EQ,25-Sep-2026,56.9,56.91,57.07,56.78,57.02,72486,41.32,109,58756.0,81.06,2026-09-25
BANKBARODA,EQ,25-Sep-2026,234.3,234.55,236.03,234.12,235.26,2493756,5863.08,25850,1243103.0,49.85,2026-09-25
BANKBEES,EQ,25-Sep-2026,575.88,578.76,579.51,574.75,576.33,392719,2263.93,6874,218382.0,55.61,2026-09-25
BANKBETA,EQ,25-Sep-2026,57.5,57.64,58.0,57.36,57.6,69129,39.81,356,56168.0,81.25,2026-09-25
BANKBETF,EQ,25-Sep-2026,56.52,56.64,56.75,56.34,56.61,52348,29.63,291,48305.0,92.28,2026-09-25
BANKETF,EQ,25-Sep-2026,566.53,565.5,568.0,565.27,567.11,20157,114.22,987,13169.0,65.33,2026-09-25
BANKIETF,EQ,25-Sep-2026,57.06,57.02,57.32,56.96,57.11,107454,61.4,1160,52133.0,48.52,2026-09-25
BANKINDIA,EQ,25-Sep-2026,137.76,137.6,138.3,137.12,137.94,1590019,2188.11,12493,634230.0,39.89,2026-09-25
BANKNIFTY1,EQ,25-Sep-2026,57.55,57.94,57.94,57.54,57.69,199079,114.91,664,161001.0,80.87,2026-09-25
BANKPSU,EQ,25-Sep-2026,83.44,83.75,83.75,83.31,83.45,5041,4.21,54,2532.0,50.23,2026-09-25
BANSALWIRE,EQ,25-Sep-2026,323.35,324.9,327.0,319.35,321.4,55601,178.58,2709,30231.0,54.37,2026-09-25
BANSWRAS,EQ,25-Sep-2026,109.34,109.1,111.58,108.21,108.73,16084,17.61,548,11321.0,70.39,2026-09-25
BARFLEX,SM,25-Sep-2026,60.0,58.05,58.05,54.25,54.35,70000,39.29,34,48000.0,68.57,2026-09-25
BASF,EQ,25-Sep-2026,3523.9,3523.9,3562.4,3511.0,3539.8,7887,279.01,2341,3363.0,42.64,2026-09-25
BASILIC,SM,25-Sep-2026,165.9,167.3,170.95,166.2,167.3,12000,20.27,37,8400.0,70.0,2026-09-25
BASML,BE,25-Sep-2026,24.26,24.26,24.65,24.05,24.51,11906,2.9,55,,,2026-09-25
BATAINDIA,EQ,25-Sep-2026,627.0,627.0,632.4,621.5,629.8,95375,597.13,10895,41466.0,43.48,2026-09-25
BATLIBOI,EQ,25-Sep-2026,83.77,84.57,85.0,83.0,83.59,13429,11.26,627,8787.0,65.43,2026-09-25
BAWEJA,SM,25-Sep-2026,25.85,25.85,26.45,25.85,26.45,2400,0.63,3,2400.0,100.0,2026-09-25
BAYERCROP,EQ,25-Sep-2026,3736.3,3730.3,3759.7,3700.0,3717.6,17650,655.78,4940,9256.0,52.44,2026-09-25
BBETF0432,EQ,25-Sep-2026,1335.53,1339.8,1339.8,1335.98,1336.0,729,9.74,36,483.0,66.26,2026-09-25
BBL,EQ,25-Sep-2026,2203.1,2202.9,2212.2,2148.0,2162.9,30435,659.91,3760,20036.0,65.83,2026-09-25
BBNPNBETF,EQ,25-Sep-2026,55.87,55.6,57.0,55.18,56.03,908,0.51,27,523.0,57.6,2026-09-25
BBNPPGOLD,EQ,25-Sep-2026,144.9,145.0,145.8,144.2,145.25,4939,7.18,50,4772.0,96.62,2026-09-25
BBOX,EQ,25-Sep-2026,795.4,800.0,832.0,786.05,799.75,814657,6588.81,46599,243884.0,29.94,2026-09-25
BBTC,EQ,25-Sep-2026,1437.4,1448.5,1455.8,1426.1,1435.2,31881,457.21,2987,11454.0,35.93,2026-09-25
BBTCL,EQ,25-Sep-2026,229.17,231.3,234.55,226.17,229.02,6783,15.61,283,4256.0,62.75,2026-09-25
BCG,EQ,25-Sep-2026,9.46,9.51,9.62,9.35,9.55,3523610,334.0,4268,1602762.0,45.49,2026-09-25
BCLIND,EQ,25-Sep-2026,33.48,33.49,34.49,32.99,33.72,786893,264.25,4238,336294.0,42.74,2026-09-25
BCONCEPTS,EQ,25-Sep-2026,151.32,151.0,152.74,147.71,148.16,20843,31.04,635,15863.0,76.11,2026-09-25
BCPL,EQ,25-Sep-2026,68.4,69.6,69.6,67.31,67.7,13828,9.43,294,8225.0,59.48,2026-09-25
BDL,EQ,25-Sep-2026,1155.0,1155.0,1166.7,1138.3,1140.0,936577,10758.57,38846,456322.0,48.72,2026-09-25
BEACON,SM,25-Sep-2026,85.9,84.2,88.5,84.2,87.95,5000,4.36,5,4000.0,80.0,2026-09-25
BEARDSELL,EQ,25-Sep-2026,24.11,24.15,24.68,24.11,24.47,8623,2.11,91,5925.0,68.71,2026-09-25
BECTORFOOD,EQ,25-Sep-2026,215.68,215.68,217.51,212.81,215.58,428994,922.83,11727,171239.0,39.92,2026-09-25
BEDMUTHA,EQ,25-Sep-2026,103.05,103.01,113.0,102.2,110.71,17660,18.99,196,14159.0,80.18,2026-09-25
BEEKAY,EQ,25-Sep-2026,426.4,425.0,448.35,425.0,430.15,1342,5.83,119,1259.0,93.82,2026-09-25
BEL,EQ,25-Sep-2026,392.0,392.0,394.55,388.6,393.55,6083441,23833.27,95863,3395315.0,55.81,2026-09-25
BELLACASA,EQ,25-Sep-2026,272.34,277.79,283.0,264.78,274.98,14505,39.16,766,5779.0,39.84,2026-09-25
BELRISE,EQ,25-Sep-2026,243.63,245.0,249.75,243.43,247.92,3073786,7598.16,38627,1590243.0,51.74,2026-09-25
BEML,EQ,25-Sep-2026,2044.4,2048.5,2057.7,2025.2,2036.5,116211,2370.5,10362,38158.0,32.84,2026-09-25
BENARAS,EQ,25-Sep-2026,10299.0,10299.0,10299.0,10202.0,10224.0,51,5.22,27,46.0,90.2,2026-09-25
BENGALASM,EQ,25-Sep-2026,6126.0,6138.0,6150.0,6003.0,6093.0,106,6.48,36,90.0,84.91,2026-09-25
BEPL,EQ,25-Sep-2026,127.09,127.09,129.3,126.02,126.43,872863,1108.3,7805,413338.0,47.35,2026-09-25
BERGEPAINT,EQ,25-Sep-2026,449.4,451.9,459.0,449.8,458.35,219110,999.16,12062,96385.0,43.99,2026-09-25
BESTAGRO,EQ,25-Sep-2026,18.19,18.36,18.74,17.55,18.24,765101,138.15,2138,300517.0,39.28,2026-09-25
BETA,EQ,25-Sep-2026,2093.4,2093.4,2117.9,2065.7,2098.7,10464,218.55,1461,5385.0,51.46,2026-09-25
BEWLTD,SM,25-Sep-2026,74.3,74.3,75.5,66.9,67.65,71000,50.87,106,41500.0,58.45,2026-09-25
BFINVEST,EQ,25-Sep-2026,439.55,439.55,444.85,435.6,442.4,14882,65.7,762,8596.0,57.76,2026-09-25
BFSI,EQ,25-Sep-2026,26.04,26.04,26.15,25.95,26.11,227600,59.4,619,156947.0,68.96,2026-09-25
BFUTILITIE,EQ,25-Sep-2026,525.45,527.65,536.3,522.0,524.45,52034,273.9,2212,28805.0,55.36,2026-09-25
BGRENERGY,BE,25-Sep-2026,251.53,252.98,259.53,248.0,255.81,28236,71.67,394,,,2026-09-25
BHADORA,ST,25-Sep-2026,126.5,126.6,127.0,120.25,126.7,42000,52.28,33,40800.0,97.14,2026-09-25
BHAGCHEM,EQ,25-Sep-2026,244.85,244.0,246.95,242.85,245.6,65273,159.99,852,42074.0,64.46,2026-09-25
BHAGERIA,EQ,25-Sep-2026,359.65,361.0,395.6,361.0,394.6,933103,3648.33,12120,407872.0,43.71,2026-09-25
BHAGYANGR,EQ,25-Sep-2026,432.3,430.05,437.65,422.3,425.55,91739,391.93,5073,51424.0,56.05,2026-09-25
BHANDARI,EQ,25-Sep-2026,2.93,2.93,2.97,2.91,2.93,69403,2.03,169,60953.0,87.82,2026-09-25
BHARATCOAL,EQ,25-Sep-2026,32.13,32.13,32.26,31.85,32.03,2871997,920.99,14648,1520703.0,52.95,2026-09-25
BHARATFORG,EQ,25-Sep-2026,1998.9,1991.2,2009.1,1982.0,2008.0,549393,10952.04,27151,314966.0,57.33,2026-09-25
BHARATGEAR,BE,25-Sep-2026,100.33,100.4,101.99,100.0,101.51,12275,12.43,86,,,2026-09-25
BHARATRAS,EQ,25-Sep-2026,1114.0,1122.2,1122.2,1090.1,1096.8,36304,399.89,3271,22098.0,60.87,2026-09-25
BHARATSE,EQ,25-Sep-2026,217.55,218.98,218.98,212.42,214.09,68904,147.66,3857,28111.0,40.8,2026-09-25
BHARATWIRE,EQ,25-Sep-2026,165.34,166.0,166.91,163.0,164.97,106706,176.21,2565,56599.0,53.04,2026-09-25
BHARTIARTL,EQ,25-Sep-2026,1795.8,1794.0,1801.7,1785.0,1785.4,4766200,85416.17,206076,3460273.0,72.6,2026-09-25
BHARTIHEXA,EQ,25-Sep-2026,1507.2,1505.2,1505.2,1477.0,1481.8,76049,1129.03,9802,51411.0,67.6,2026-09-25
BHEL,EQ,25-Sep-2026,415.35,417.75,423.0,411.8,418.95,6852409,28581.95,61864,2948115.0,43.02,2026-09-25
BI,BE,25-Sep-2026,102.77,100.72,100.72,100.72,100.72,6526,6.57,21,,,2026-09-25
BIGBLOC,EQ,25-Sep-2026,40.56,40.9,40.99,39.01,40.01,38486,15.44,703,25825.0,67.1,2026-09-25
BIKAJI,EQ,25-Sep-2026,575.2,575.2,579.75,565.15,573.95,71004,405.41,5277,22833.0,32.16,2026-09-25
BIKEWO,ST,25-Sep-2026,122.8,122.1,122.1,120.35,120.35,74000,89.48,23,74000.0,100.0,2026-09-25
BIL,EQ,25-Sep-2026,1010.25,1031.0,1031.0,1001.1,1010.85,4693,47.5,601,2807.0,59.81,2026-09-25
BILVYAPAR,BE,25-Sep-2026,4.29,4.29,4.4,4.18,4.39,6506,0.28,26,,,2026-09-25
BIMETAL,EQ,25-Sep-2026,659.1,660.0,661.0,648.0,648.0,107,0.71,7,104.0,97.2,2026-09-25
BIOCON,EQ,25-Sep-2026,387.0,387.5,388.7,380.5,382.15,2694397,10356.36,40899,1390773.0,51.62,2026-09-25
BIOFILCHEM,EQ,25-Sep-2026,32.33,32.11,32.98,32.11,32.44,5741,1.86,105,3961.0,68.99,2026-09-25
BIOPOL,SM,25-Sep-2026,47.6,46.6,47.25,46.6,46.7,3600,1.69,3,2400.0,66.67,2026-09-25
BIRET,RR,25-Sep-2026,336.98,338.4,338.89,335.56,337.99,331171,1117.34,7657,285516.0,86.21,2026-09-25
BIRLACABLE,EQ,25-Sep-2026,345.2,350.9,362.45,331.0,362.45,488468,1715.6,11372,177316.0,36.3,2026-09-25
BIRLACORPN,EQ,25-Sep-2026,840.9,840.9,855.0,834.2,850.3,35349,299.24,3250,19256.0,54.47,2026-09-25
BIRLAMONEY,EQ,25-Sep-2026,118.66,118.66,119.95,117.21,118.87,18043,21.32,862,9504.0,52.67,2026-09-25
BIRLANU,EQ,25-Sep-2026,1421.3,1414.8,1448.9,1383.1,1438.8,10226,144.72,1307,6053.0,59.19,2026-09-25
BIRLAPREC,BE,25-Sep-2026,56.47,56.47,57.47,54.15,55.03,80065,44.18,375,,,2026-09-25
BLACKBUCK,EQ,25-Sep-2026,592.95,587.95,602.8,584.3,598.95,660012,3915.22,28507,310979.0,47.12,2026-09-25
BLACKROSE,BE,25-Sep-2026,112.86,114.95,116.5,112.05,115.82,28521,32.84,245,,,2026-09-25
BLAL,EQ,25-Sep-2026,162.83,162.94,167.68,160.01,161.96,41047,66.49,753,27394.0,66.74,2026-09-25
BLBLIMITED,EQ,25-Sep-2026,17.12,17.0,17.59,16.92,17.1,75246,12.89,326,46100.0,61.27,2026-09-25
BLEL,EQ,25-Sep-2026,447.3,449.1,462.0,435.05,456.75,532067,2399.06,17516,194250.0,36.51,2026-09-25
BLIL,EQ,25-Sep-2026,66.73,67.34,67.34,66.5,66.61,60302,40.23,747,47464.0,78.71,2026-09-25
BLISSGVS,BE,25-Sep-2026,687.05,685.1,715.0,670.0,704.7,433524,3051.8,3909,,,2026-09-25
BLKASHYAP,EQ,25-Sep-2026,52.85,52.83,54.95,52.19,54.26,555621,298.22,2701,356526.0,64.17,2026-09-25
BLS,EQ,25-Sep-2026,223.9,223.64,224.7,221.7,224.26,429818,960.19,12310,197920.0,46.05,2026-09-25
BLSE,EQ,25-Sep-2026,326.7,328.45,333.0,322.0,324.55,242706,795.86,6261,91320.0,37.63,2026-09-25
BLUECLOUDS,EQ,25-Sep-2026,20.06,20.85,23.57,20.67,22.16,69599422,15732.85,275753,9558465.0,13.73,2026-09-25
BLUECOAST,EQ,25-Sep-2026,20.72,21.75,21.75,19.91,21.06,6145,1.27,80,3494.0,56.86,2026-09-25
BLUEDART,EQ,25-Sep-2026,4793.0,4793.0,4804.5,4712.0,4746.5,7306,345.83,2878,3185.0,43.59,2026-09-25
BLUEJET,EQ,25-Sep-2026,573.45,573.75,576.6,563.5,570.65,249831,1421.93,12470,123936.0,49.61,2026-09-25
BLUEPEBBLE,ST,25-Sep-2026,71.25,71.25,71.25,71.25,71.25,400,0.29,1,400.0,100.0,2026-09-25
BLUESTARCO,EQ,25-Sep-2026,1525.0,1523.8,1570.6,1503.0,1565.0,570933,8840.21,28603,254703.0,44.61,2026-09-25
BLUESTONE,EQ,25-Sep-2026,807.15,803.0,816.0,776.9,809.3,2086039,16710.39,64526,450466.0,21.59,2026-09-25
BLUEWATER,ST,25-Sep-2026,509.35,515.0,534.8,515.0,534.75,34000,181.34,27,34000.0,100.0,2026-09-25
BLUSPRING,EQ,25-Sep-2026,140.56,141.28,146.5,139.21,145.12,758518,1088.61,12675,309465.0,40.8,2026-09-25
BMETRICS,SM,25-Sep-2026,34.5,38.85,41.4,38.85,41.4,27200,10.86,22,26400.0,97.06,2026-09-25
BMLL,SM,25-Sep-2026,168.5,163.0,166.0,161.95,164.5,35000,57.12,24,28000.0,80.0,2026-09-25
BMWVENTLTD,EQ,25-Sep-2026,52.23,52.68,52.75,52.0,52.17,43483,22.78,661,30930.0,71.13,2026-09-25
BNAGROCHEM,EQ,25-Sep-2026,207.99,210.2,210.2,198.0,208.4,1315,2.75,14,1313.0,99.85,2026-09-25
BNKETFAXIS,EQ,25-Sep-2026,573.8,573.25,574.73,572.33,573.18,953,5.46,30,535.0,56.14,2026-09-25
BODALCHEM,EQ,25-Sep-2026,195.08,197.03,204.0,192.58,202.02,1397350,2788.65,13705,782410.0,55.99,2026-09-25
BOHRAIND,EQ,25-Sep-2026,14.93,15.0,16.39,14.15,15.97,75819,11.87,336,41884.0,55.24,2026-09-25
BOMDYEING,EQ,25-Sep-2026,109.63,109.5,110.87,108.31,109.83,277583,303.88,2828,83510.0,30.08,2026-09-25
BONLON,EQ,25-Sep-2026,41.32,41.32,41.9,39.61,41.1,11772,4.83,269,8919.0,75.76,2026-09-25
BORANA,EQ,25-Sep-2026,291.0,291.0,292.45,286.0,288.0,24916,72.04,817,17304.0,69.45,2026-09-25
BOROLTD,EQ,25-Sep-2026,259.31,260.6,274.6,258.92,264.8,1348123,3583.04,24723,490029.0,36.35,2026-09-25
BORORENEW,EQ,25-Sep-2026,459.75,460.0,460.25,450.5,455.15,289701,1317.21,10075,147461.0,50.9,2026-09-25
BOROSCI,EQ,25-Sep-2026,115.77,115.88,118.49,115.05,115.55,61474,71.28,1097,36186.0,58.86,2026-09-25
BOSCH-HCIL,EQ,25-Sep-2026,1730.0,1748.0,1843.5,1727.2,1811.6,98241,1770.13,11366,27787.0,28.28,2026-09-25
BOSCHLTD,EQ,25-Sep-2026,47750.0,47700.0,48445.0,47700.0,48250.0,18852,9070.58,9458,9359.0,49.64,2026-09-25
BPCL,EQ,25-Sep-2026,307.1,308.1,309.4,305.8,308.5,1893466,5824.87,20754,985016.0,52.02,2026-09-25
BPL,EQ,25-Sep-2026,44.85,45.1,45.49,44.54,44.98,27183,12.22,366,19371.0,71.26,2026-09-25
BPLPHARMA,EQ,25-Sep-2026,1581.7,1578.9,1898.0,1570.1,1898.0,35202,640.59,2342,19105.0,54.27,2026-09-25
BRACEPORT,SM,25-Sep-2026,70.5,69.45,69.45,69.45,69.45,1600,1.11,1,1600.0,100.0,2026-09-25
BRAHMINFRA,EQ,25-Sep-2026,153.13,157.9,157.9,146.01,147.8,41413,61.9,427,30286.0,73.13,2026-09-25
BRANDMAN,SM,25-Sep-2026,160.6,165.5,169.0,161.7,167.1,16000,26.64,17,12000.0,75.0,2026-09-25
BRIGADE,EQ,25-Sep-2026,606.2,606.2,610.0,595.4,597.9,242813,1455.35,20094,132222.0,54.45,2026-09-25
BRIGHOTEL,EQ,25-Sep-2026,56.11,56.11,56.94,55.75,56.13,71084,39.83,1858,52196.0,73.43,2026-09-25
BRIGHTBR,EQ,25-Sep-2026,240.5,240.5,247.0,237.1,240.35,1236,2.97,67,1233.0,99.76,2026-09-25
BRITANNIA,EQ,25-Sep-2026,4895.0,4900.5,4939.5,4883.0,4937.5,107642,5289.75,13196,55383.0,51.45,2026-09-25
BRNL,EQ,25-Sep-2026,16.71,16.42,17.37,16.26,16.69,21702,3.61,228,14698.0,67.73,2026-09-25
BROOKS,EQ,25-Sep-2026,59.4,61.08,61.1,58.15,59.01,31872,18.87,375,23179.0,72.73,2026-09-25
BSE,EQ,25-Sep-2026,3183.8,3206.1,3209.7,3155.3,3191.5,4501619,143165.25,155125,2523394.0,56.06,2026-09-25
BSE500IETF,EQ,25-Sep-2026,38.29,38.28,38.37,38.08,38.32,86250,32.94,992,49450.0,57.33,2026-09-25
BSHSL,EQ,25-Sep-2026,87.16,85.0,88.0,85.0,86.9,1808,1.57,81,1227.0,67.87,2026-09-25
BSL,EQ,25-Sep-2026,120.9,120.3,122.48,119.1,120.64,2183,2.61,66,1944.0,89.05,2026-09-25
BSLGOLDETF,EQ,25-Sep-2026,131.48,132.5,132.5,131.43,132.4,1931415,2548.56,1241,1909363.0,98.86,2026-09-25
BSLNIFTY,EQ,25-Sep-2026,27.15,27.82,27.82,26.8,27.16,591858,160.7,4190,319511.0,53.98,2026-09-25
BSLSENETFG,EQ,25-Sep-2026,74.42,74.63,74.83,74.09,74.71,4921,3.66,83,2693.0,54.72,2026-09-25
BSOFT,EQ,25-Sep-2026,277.7,277.3,278.15,273.3,274.05,874041,2402.98,20044,418161.0,47.84,2026-09-25
BTML,EQ,25-Sep-2026,6.97,7.0,8.0,6.9,7.46,623099,45.53,482,528135.0,84.76,2026-09-25
BTTL,BE,25-Sep-2026,39.0,39.0,40.88,39.0,40.5,1930,0.77,13,,,2026-09-25
BUILDPRO,EQ,25-Sep-2026,1272.6,1285.3,1285.3,1259.3,1276.1,51409,654.87,3048,37335.0,72.62,2026-09-25
BULKCORP,ST,25-Sep-2026,78.0,81.8,81.8,81.8,81.8,1200,0.98,1,1200.0,100.0,2026-09-25
BURNPUR,BE,25-Sep-2026,15.62,15.6,15.79,15.05,15.32,23802,3.63,222,,,2026-09-25
BUTTERFLY,EQ,25-Sep-2026,568.3,565.3,572.9,560.25,566.7,11663,66.06,599,7157.0,61.37,2026-09-25
BVCL,EQ,25-Sep-2026,41.18,41.99,41.99,40.66,41.26,12620,5.22,141,8867.0,70.26,2026-09-25
BYKE,EQ,25-Sep-2026,30.05,30.0,31.85,29.6,29.76,19441,5.81,168,16988.0,87.38,2026-09-25
C2C,SM,25-Sep-2026,173.3,175.0,179.0,165.0,167.15,145950,247.69,661,97500.0,66.8,2026-09-25
CADSYS,SM,25-Sep-2026,46.0,43.7,43.7,43.7,43.7,500,0.22,1,500.0,100.0,2026-09-25
CALSOFT,BE,25-Sep-2026,38.02,37.78,37.9,36.12,36.12,227209,83.45,1019,,,2026-09-25
CAMLINFINE,EQ,25-Sep-2026,97.25,97.9,97.9,96.02,97.3,386533,374.79,4315,180499.0,46.7,2026-09-25
CAMPUS,EQ,25-Sep-2026,210.95,210.97,211.07,207.2,209.99,347831,726.55,8453,133243.0,38.31,2026-09-25
CAMS,EQ,25-Sep-2026,710.6,710.6,714.9,703.5,707.35,763343,5401.57,45939,423542.0,55.49,2026-09-25
CANARYS,SM,25-Sep-2026,30.8,30.15,31.1,30.15,30.35,116000,35.51,29,80000.0,68.97,2026-09-25
CANBK,EQ,25-Sep-2026,125.9,125.79,126.7,124.8,124.99,8341932,10446.98,38624,3929678.0,47.11,2026-09-25
CANFINHOME,EQ,25-Sep-2026,743.15,743.4,758.0,736.35,753.25,352616,2642.67,18037,219484.0,62.24,2026-09-25
CANHLIFE,EQ,25-Sep-2026,151.51,150.21,151.7,146.0,150.7,620247,923.89,17365,244995.0,39.5,2026-09-25
CANTABIL,EQ,25-Sep-2026,238.52,239.2,239.94,235.21,236.75,96663,229.31,2045,42926.0,44.41,2026-09-25
CAPACITE,EQ,25-Sep-2026,192.57,193.4,193.5,188.8,191.14,162257,309.14,3099,68464.0,42.19,2026-09-25
CAPILLARY,EQ,25-Sep-2026,567.55,567.05,608.8,556.8,599.45,1297575,7673.28,43366,417895.0,32.21,2026-09-25
CAPINVIT,IV,25-Sep-2026,76.48,76.84,77.0,75.5,76.59,300612,229.59,2148,252923.0,84.14,2026-09-25
CAPITALSFB,EQ,25-Sep-2026,280.55,278.1,285.5,278.1,282.75,15817,44.58,482,9961.0,62.98,2026-09-25
CAPLIPOINT,EQ,25-Sep-2026,2867.4,2867.0,2909.6,2785.0,2835.1,181149,5142.53,21886,37049.0,20.45,2026-09-25
CAPTRUST,BE,25-Sep-2026,19.0,18.8,18.87,18.15,18.72,15533,2.88,83,,,2026-09-25
CARBORUNIV,EQ,25-Sep-2026,1296.5,1292.0,1294.9,1252.0,1278.5,356177,4525.5,28929,105083.0,29.5,2026-09-25
CARERATING,EQ,25-Sep-2026,1616.8,1629.0,1631.0,1608.0,1627.6,14444,234.4,3048,10320.0,71.45,2026-09-25
CARRARO,EQ,25-Sep-2026,550.05,548.0,548.1,533.05,535.0,86135,464.25,5745,46099.0,53.52,2026-09-25
CARTRADE,EQ,25-Sep-2026,3004.8,3070.0,3122.2,2970.0,3002.6,322295,9707.39,38467,96995.0,30.1,2026-09-25
CARYSIL,EQ,25-Sep-2026,1047.9,1040.8,1070.1,1035.5,1064.4,88707,935.48,8615,43552.0,49.1,2026-09-25
CASHIETF,EQ,25-Sep-2026,1080.84,1081.27,1081.29,1081.27,1081.27,405110,4380.38,126,253859.0,62.66,2026-09-25
CASTROLIND,EQ,25-Sep-2026,194.8,194.8,202.1,194.23,201.67,13237379,26417.06,94341,6444928.0,48.69,2026-09-25
CBAZAAR,SM,25-Sep-2026,5.0,5.1,5.1,5.1,5.1,8000,0.41,1,8000.0,100.0,2026-09-25
CCAVENUE,EQ,25-Sep-2026,15.99,16.02,16.14,15.74,15.89,6133145,977.03,9946,2581828.0,42.1,2026-09-25
CCCL,EQ,25-Sep-2026,13.31,13.75,13.75,13.2,13.32,122449,16.27,363,91533.0,74.75,2026-09-25
CCHHL,EQ,25-Sep-2026,13.49,13.1,13.54,13.1,13.14,25038,3.32,191,17740.0,70.85,2026-09-25
CCL,EQ,25-Sep-2026,1039.5,1037.0,1053.0,1027.5,1044.4,268782,2795.0,16573,184411.0,68.61,2026-09-25
CDSL,EQ,25-Sep-2026,1320.0,1320.0,1337.4,1313.0,1318.0,1248040,16513.89,44343,611767.0,49.02,2026-09-25
CEATLTD,EQ,25-Sep-2026,3353.8,3369.2,3391.6,3334.0,3352.2,38247,1283.95,6188,18211.0,47.61,2026-09-25
CEDAAR,ST,25-Sep-2026,11.1,10.9,10.9,10.9,10.9,1000,0.11,1,1000.0,100.0,2026-09-25
CEIGALL,EQ,25-Sep-2026,382.55,382.0,388.1,377.5,384.1,203979,781.97,4939,103223.0,50.6,2026-09-25
CEINSYS,EQ,25-Sep-2026,695.5,701.15,709.95,678.3,687.45,46454,320.49,2580,26568.0,57.19,2026-09-25
CELEBRITY,EQ,25-Sep-2026,6.56,6.43,6.78,6.43,6.63,18954,1.25,64,16962.0,89.49,2026-09-25
CELLECOR,SM,25-Sep-2026,30.5,30.35,30.4,29.5,29.6,156000,46.78,41,114000.0,73.08,2026-09-25
CELLO,EQ,25-Sep-2026,339.8,338.0,341.5,331.25,338.5,268152,901.47,14870,105491.0,39.34,2026-09-25
CEMNTGROWW,EQ,25-Sep-2026,14.14,14.14,14.34,14.01,14.13,41703,5.88,328,29292.0,70.24,2026-09-25
CEMPRO,EQ,25-Sep-2026,1268.5,1271.0,1285.8,1243.0,1257.2,111230,1399.89,10070,52908.0,47.57,2026-09-25
CENTENKA,EQ,25-Sep-2026,567.55,570.5,575.05,558.0,570.95,19070,107.84,1416,9875.0,51.78,2026-09-25
CENTEXT,EQ,25-Sep-2026,18.82,19.0,19.0,18.4,18.56,108079,20.1,699,77027.0,71.27,2026-09-25
CENTEXT-RE,BE,25-Sep-2026,1.92,2.25,2.45,1.91,2.08,215876,4.52,437,,,2026-09-25
CENTRALBK,EQ,25-Sep-2026,31.19,31.18,31.35,31.06,31.18,3133875,977.36,9559,1950589.0,62.24,2026-09-25
CENTRUM,EQ,25-Sep-2026,21.06,21.25,21.65,20.51,21.24,403133,84.57,1412,236855.0,58.75,2026-09-25
CENTUM,EQ,25-Sep-2026,4837.6,4874.9,4909.9,4753.5,4802.3,73380,3545.99,12927,36434.0,49.65,2026-09-25
CENTURYPLY,EQ,25-Sep-2026,694.25,700.9,701.8,688.8,694.45,50249,349.42,6192,26449.0,52.64,2026-09-25
CERA,EQ,25-Sep-2026,5492.5,5490.0,5511.5,5343.5,5396.5,25221,1361.61,4841,18253.0,72.37,2026-09-25
CESC,EQ,25-Sep-2026,139.89,140.24,140.75,137.63,139.86,2429335,3384.21,47500,1289653.0,53.09,2026-09-25
CEWATER,EQ,25-Sep-2026,268.75,270.85,270.85,261.75,264.45,28701,75.89,1787,12647.0,44.06,2026-09-25
CFEL,BE,25-Sep-2026,46.53,46.0,47.99,44.28,47.03,11996,5.52,162,,,2026-09-25
CGCL,EQ,25-Sep-2026,259.4,259.4,260.15,252.5,253.7,984973,2513.47,12861,379736.0,38.55,2026-09-25
CGPOWER,EQ,25-Sep-2026,886.7,889.5,895.9,877.5,886.0,964372,8536.95,27208,410477.0,42.56,2026-09-25
CGRAPHICS,SM,25-Sep-2026,134.5,135.9,136.85,134.0,134.05,10400,14.06,13,7200.0,69.23,2026-09-25
CGVAK,EQ,25-Sep-2026,148.11,148.0,156.21,146.0,153.41,7674,11.51,111,5425.0,70.69,2026-09-25
CHALET,EQ,25-Sep-2026,894.9,894.0,896.1,876.1,881.35,71076,632.13,13381,35939.0,50.56,2026-09-25
CHAMBLFERT,EQ,25-Sep-2026,418.2,418.0,423.5,416.0,417.95,551322,2311.3,12620,319554.0,57.96,2026-09-25
CHAMUNDA,SM,25-Sep-2026,40.55,41.0,41.85,40.5,41.85,12000,4.93,4,9000.0,75.0,2026-09-25
CHANDAN,SM,25-Sep-2026,231.3,231.35,243.8,231.35,241.2,48000,114.44,60,29600.0,61.67,2026-09-25
CHAVDA,SM,25-Sep-2026,70.3,72.8,76.05,72.75,73.3,76000,56.39,37,56000.0,73.68,2026-09-25
CHEMBOND,EQ,25-Sep-2026,191.59,196.0,197.0,189.01,191.99,8106,15.56,308,5963.0,73.56,2026-09-25
CHEMBONDCH,BE,25-Sep-2026,249.6,257.45,257.45,252.0,254.95,1579,4.01,61,,,2026-09-25
CHEMCON,BE,25-Sep-2026,228.08,226.0,233.0,225.1,227.84,30935,70.18,370,,,2026-09-25
CHEMCRUX,EQ,25-Sep-2026,78.61,79.75,81.8,79.0,79.87,5371,4.3,129,4805.0,89.46,2026-09-25
CHEMFAB,EQ,25-Sep-2026,358.2,358.2,358.8,335.0,352.65,10927,37.83,493,6781.0,62.06,2026-09-25
CHEMICAL,EQ,25-Sep-2026,29.13,29.2,29.32,28.97,29.14,228662,66.61,972,118475.0,51.81,2026-09-25
CHEMPLASTS,EQ,25-Sep-2026,192.65,194.01,202.47,191.53,197.47,559516,1106.47,9380,136987.0,24.48,2026-09-25
CHENNPETRO,EQ,25-Sep-2026,1372.7,1372.8,1412.0,1368.6,1376.4,1115488,15458.1,52408,249840.0,22.4,2026-09-25
CHEVIOT,EQ,25-Sep-2026,1166.6,1165.2,1215.0,1162.3,1182.8,3044,36.51,240,1859.0,61.07,2026-09-25
CHOICEGOLD,EQ,25-Sep-2026,148.1,148.25,150.88,148.2,149.13,2961,4.41,107,1918.0,64.78,2026-09-25
CHOICEIN,EQ,25-Sep-2026,749.5,749.5,760.95,748.0,751.05,324562,2446.88,7669,31780.0,9.79,2026-09-25
CHOLAFIN,EQ,25-Sep-2026,1681.7,1678.1,1681.9,1637.6,1662.7,2878656,47588.15,88428,1803938.0,62.67,2026-09-25
CHOLAHLDNG,EQ,25-Sep-2026,1432.6,1424.8,1431.7,1388.0,1400.6,328724,4594.54,34415,191449.0,58.24,2026-09-25
CIEINDIA,EQ,25-Sep-2026,388.95,389.0,392.0,384.35,390.8,191799,745.37,9806,84609.0,44.11,2026-09-25
CIFL,EQ,25-Sep-2026,21.76,21.33,22.49,20.81,22.04,84467,18.11,580,58968.0,69.81,2026-09-25
CINELINE,EQ,25-Sep-2026,89.17,88.6,92.3,88.0,89.19,16644,14.81,537,10406.0,62.52,2026-09-25
CINEVISTA,EQ,25-Sep-2026,14.11,14.48,14.48,13.6,14.04,8262,1.14,139,7486.0,90.61,2026-09-25
CIPLA,EQ,25-Sep-2026,1399.0,1402.9,1421.0,1388.4,1399.7,1166527,16372.31,35556,422353.0,36.21,2026-09-25
CITIUSINVT,IV,25-Sep-2026,117.04,117.04,119.85,116.33,116.92,3480,4.1,106,1445.0,41.52,2026-09-25
CKKRETAIL,SM,25-Sep-2026,178.35,178.0,178.0,173.0,176.7,377600,664.4,75,162400.0,43.01,2026-09-25
CLASSICEIL,SM,25-Sep-2026,53.0,52.0,52.0,52.0,52.0,9600,4.99,5,9600.0,100.0,2026-09-25
CLAYCRAFT,SM,25-Sep-2026,159.8,159.0,175.5,158.0,171.2,102000,171.3,118,85800.0,84.12,2026-09-25
CLEAN,EQ,25-Sep-2026,815.45,816.4,823.9,805.0,807.25,161379,1306.43,11345,76223.0,47.23,2026-09-25
CLEANMAX,EQ,25-Sep-2026,1385.2,1387.0,1475.0,1380.0,1393.4,888358,12608.08,53590,393114.0,44.25,2026-09-25
CLEDUCATE,EQ,25-Sep-2026,55.07,55.0,57.82,54.07,54.84,27607,15.56,174,23827.0,86.31,2026-09-25
CLSEL,EQ,25-Sep-2026,292.4,295.4,297.15,290.6,294.7,21698,63.62,830,7514.0,34.63,2026-09-25
CLSL,ST,25-Sep-2026,70.0,66.5,66.5,66.5,66.5,2000,1.33,1,2000.0,100.0,2026-09-25
CMLL,EQ,25-Sep-2026,506.25,508.7,519.65,500.65,516.85,336329,1726.38,21033,156761.0,46.61,2026-09-25
CMNL,SM,25-Sep-2026,111.5,110.55,116.95,110.55,116.9,9000,10.29,9,7500.0,83.33,2026-09-25
CMPDI,EQ,25-Sep-2026,206.71,207.49,211.45,205.0,210.2,1078380,2246.18,15023,432206.0,40.08,2026-09-25
CMRGREEN,EQ,25-Sep-2026,220.72,221.99,227.5,218.57,224.49,591723,1320.67,20970,292439.0,49.42,2026-09-25
CMSINFO,EQ,25-Sep-2026,232.32,232.32,235.5,228.5,233.17,504573,1171.57,11899,286387.0,56.76,2026-09-25
CNL,EQ,25-Sep-2026,1106.9,1107.3,1134.4,1090.1,1098.2,7969,87.67,1213,4082.0,51.22,2026-09-25
COALINDIA,EQ,25-Sep-2026,422.0,424.0,426.65,421.35,426.1,4798343,20397.56,62601,2790062.0,58.15,2026-09-25
COASTCORP,EQ,25-Sep-2026,37.68,38.47,38.47,35.66,36.13,124729,45.82,1697,83928.0,67.29,2026-09-25
COCHINSHIP,EQ,25-Sep-2026,1370.0,1370.0,1385.0,1365.0,1377.0,421803,5794.43,18229,105443.0,25.0,2026-09-25
COCKERILL,EQ,25-Sep-2026,7955.5,8049.0,8054.0,7925.0,7956.0,2130,170.17,740,966.0,45.35,2026-09-25
COFFEEDAY,EQ,25-Sep-2026,30.7,30.75,31.0,29.81,30.29,497297,150.78,2238,317265.0,63.8,2026-09-25
COFORGE,EQ,25-Sep-2026,1785.9,1786.9,1793.6,1767.1,1784.0,803153,14298.52,55891,343978.0,42.83,2026-09-25
COHANCE,EQ,25-Sep-2026,454.15,456.3,460.0,450.05,459.25,557235,2523.94,10836,413137.0,74.14,2026-09-25
COLPAL,EQ,25-Sep-2026,1854.8,1854.8,1862.2,1835.4,1855.8,359623,6632.64,19392,197689.0,54.97,2026-09-25
COMFINTE,EQ,25-Sep-2026,5.69,5.88,6.66,5.66,6.51,1363067,86.86,1378,614661.0,45.09,2026-09-25
COMMITTED,SM,25-Sep-2026,322.8,306.0,325.5,306.0,322.55,4000,12.77,5,3200.0,80.0,2026-09-25
COMMOIETF,EQ,25-Sep-2026,96.98,96.98,97.43,96.6,96.96,20435,19.81,425,12978.0,63.51,2026-09-25
COMPEAU,EQ,25-Sep-2026,365.0,365.0,370.0,365.0,365.0,502,1.84,12,502.0,100.0,2026-09-25
COMPINFO,BZ,25-Sep-2026,1.07,1.08,1.12,1.02,1.03,27280,0.29,42,,,2026-09-25
COMPUSOFT,EQ,25-Sep-2026,13.3,13.43,13.64,13.01,13.19,11907,1.58,122,10283.0,86.36,2026-09-25
COMSYN,EQ,25-Sep-2026,292.5,296.9,307.0,281.1,282.85,2054003,6129.49,16233,926114.0,45.09,2026-09-25
CONCOR,EQ,25-Sep-2026,466.3,467.8,468.15,458.55,461.5,704143,3258.08,16918,221333.0,31.43,2026-09-25
CONCORDBIO,EQ,25-Sep-2026,1478.8,1464.8,1479.0,1439.2,1453.6,125029,1822.41,16189,56412.0,45.12,2026-09-25
CONFIPET,EQ,25-Sep-2026,86.29,87.8,88.6,86.08,88.28,1380621,1207.47,19539,536461.0,38.86,2026-09-25
CONNPLEX,SM,25-Sep-2026,260.25,264.0,264.0,254.9,256.5,33600,86.34,38,26400.0,78.57,2026-09-25
CONS,EQ,25-Sep-2026,11.73,11.73,11.79,11.68,11.75,24760,2.9,109,19678.0,79.47,2026-09-25
CONSOFINVT,BE,25-Sep-2026,289.7,288.0,293.9,284.0,285.1,4348,12.49,43,,,2026-09-25
CONSUMAXIS,EQ,25-Sep-2026,117.33,117.35,117.35,116.87,117.27,380,0.45,20,222.0,58.42,2026-09-25
CONSUMBEES,EQ,25-Sep-2026,127.1,127.1,128.0,126.58,127.51,32256,41.01,763,14413.0,44.68,2026-09-25
CONSUMER,EQ,25-Sep-2026,11.63,11.62,11.64,11.56,11.61,68101,7.9,354,44296.0,65.04,2026-09-25
CONSUMIETF,EQ,25-Sep-2026,118.21,118.26,121.0,117.66,118.3,9386,11.07,160,6196.0,66.01,2026-09-25
CONTROLPR,EQ,25-Sep-2026,584.65,582.8,594.25,581.15,591.8,23882,140.88,1036,15101.0,63.23,2026-09-25
COOLCAPS,SM,25-Sep-2026,24.45,24.85,24.85,23.1,24.45,61250,14.65,48,38750.0,63.27,2026-09-25
CORALFINAC,EQ,25-Sep-2026,31.29,31.98,31.98,31.2,31.77,6235,1.97,84,4102.0,65.79,2026-09-25
CORDELIA,EQ,25-Sep-2026,107.97,109.09,109.17,104.41,105.21,1083139,1146.25,10076,607261.0,56.06,2026-09-25
CORDSCABLE,BE,25-Sep-2026,366.75,362.5,363.05,348.45,348.8,65198,228.92,1188,,,2026-09-25
COROMANDEL,EQ,25-Sep-2026,1942.5,1942.5,1975.0,1934.0,1963.9,49460,963.11,8668,23731.0,47.98,2026-09-25
CORONA,EQ,25-Sep-2026,2111.0,2125.0,2135.6,2105.0,2117.7,8603,182.48,1740,4092.0,47.56,2026-09-25
COSMOFIRST,EQ,25-Sep-2026,857.25,857.25,859.95,844.1,849.4,32823,278.85,2216,19172.0,58.41,2026-09-25
COUNCODOS,BE,25-Sep-2026,6.38,6.44,6.51,6.15,6.46,18737,1.19,133,,,2026-09-25
CPCAP,EQ,25-Sep-2026,154.6,155.37,155.37,153.15,153.93,13613,20.98,429,10065.0,73.94,2026-09-25
CPEDU,EQ,25-Sep-2026,179.17,179.17,180.9,172.5,177.14,1982,3.45,61,1788.0,90.21,2026-09-25
CPL,EQ,25-Sep-2026,62.54,62.54,63.5,62.5,63.23,26032,16.43,1089,11894.0,45.69,2026-09-25
CPPLUS,EQ,25-Sep-2026,3800.1,3802.0,3943.0,3663.2,3687.5,165927,6283.85,25391,89348.0,53.85,2026-09-25
CPSEETF,EQ,25-Sep-2026,92.72,92.72,93.5,92.46,93.04,435641,404.44,8621,249963.0,57.38,2026-09-25
CRAFTSMAN,EQ,25-Sep-2026,10710.0,10671.0,10799.0,10568.0,10735.0,39510,4228.29,14128,21870.0,55.35,2026-09-25
CRAMC,EQ,25-Sep-2026,228.8,228.75,231.9,227.6,230.45,153397,352.19,3545,95840.0,62.48,2026-09-25
CRAVATEX,EQ,25-Sep-2026,361.45,361.5,383.0,347.1,369.75,542,1.97,89,385.0,71.03,2026-09-25
CRAYONS,SM,25-Sep-2026,24.5,24.5,24.5,24.5,24.5,2000,0.49,1,2000.0,100.0,2026-09-25
CREATIVEYE,EQ,25-Sep-2026,6.26,6.41,6.41,5.92,6.19,5749,0.35,88,4617.0,80.31,2026-09-25
CREDENT,SM,25-Sep-2026,385.05,380.0,402.0,380.0,397.4,58800,232.76,95,45600.0,77.55,2026-09-25
CREDITACC,EQ,25-Sep-2026,1315.1,1315.1,1321.8,1295.0,1298.8,109014,1422.18,10425,59383.0,54.47,2026-09-25
CREST,EQ,25-Sep-2026,364.15,361.0,370.0,354.0,362.9,4329,15.69,122,2294.0,52.99,2026-09-25
CRESTO,EQ,25-Sep-2026,24.13,24.16,24.42,21.72,22.03,258969,58.09,1563,123678.0,47.76,2026-09-25
CRISIL,EQ,25-Sep-2026,4503.5,4488.8,4547.8,4430.0,4520.0,36310,1635.08,9996,17886.0,49.26,2026-09-25
CRIZAC,EQ,25-Sep-2026,186.1,186.02,187.49,179.81,182.79,197948,362.34,6452,78516.0,39.66,2026-09-25
CROMPTON,EQ,25-Sep-2026,219.8,219.8,221.75,217.5,218.6,1374776,3013.41,16369,532495.0,38.73,2026-09-25
CROWN,EQ,25-Sep-2026,117.94,119.5,122.0,116.05,119.36,9405,11.22,217,7681.0,81.67,2026-09-25
CRSL,BE,25-Sep-2026,2.5,2.5,2.54,2.38,2.4,838282,20.1,851,,,2026-09-25
CSBBANK,EQ,25-Sep-2026,333.75,333.75,334.95,326.8,333.7,186281,616.83,9169,59040.0,31.69,2026-09-25
CSLFINANCE,EQ,25-Sep-2026,211.73,210.1,215.74,210.0,215.19,15271,32.67,622,10017.0,65.59,2026-09-25
CSM,EQ,25-Sep-2026,101.57,102.0,104.5,100.1,102.35,586845,602.42,2550,309697.0,52.77,2026-09-25
CSSL,SM,25-Sep-2026,77.2,79.5,79.5,75.5,75.75,10000,7.7,10,7000.0,70.0,2026-09-25
CTE,BE,25-Sep-2026,43.79,43.79,44.0,42.4,43.48,2620,1.14,36,,,2026-09-25
CUB,EQ,25-Sep-2026,220.52,223.39,227.11,221.79,225.57,1484087,3324.69,25159,744880.0,50.19,2026-09-25
CUBEINVIT,IV,25-Sep-2026,155.99,156.46,156.46,155.75,155.89,348652,543.95,5520,333819.0,95.75,2026-09-25
CUBEXTUB,EQ,25-Sep-2026,138.4,147.9,152.24,130.05,152.24,2579721,3784.06,26657,1029059.0,39.89,2026-09-25
CUMMINSIND,EQ,25-Sep-2026,4973.0,4972.0,4991.5,4922.5,4945.0,337303,16691.87,25926,215891.0,64.01,2026-09-25
CUPID,EQ,25-Sep-2026,266.3,267.1,274.3,265.05,270.0,13680181,37087.31,107650,4063342.0,29.7,2026-09-25
CURAA,BE,25-Sep-2026,74.4,72.0,72.0,72.0,72.0,28,0.02,4,,,2026-09-25
CURIS,ST,25-Sep-2026,213.0,222.9,223.65,218.2,223.65,15000,33.43,15,12000.0,80.0,2026-09-25
CURRENT,SM,25-Sep-2026,92.65,93.5,94.9,93.0,94.7,12800,12.02,8,12800.0,100.0,2026-09-25
CYBERMEDIA,BE,25-Sep-2026,20.64,20.53,20.53,20.0,20.18,6032,1.22,66,,,2026-09-25
CYBERTECH,BE,25-Sep-2026,137.01,138.38,138.9,132.05,137.88,12819,17.4,173,,,2026-09-25
CYIENT,EQ,25-Sep-2026,1057.8,1057.3,1103.7,1050.3,1094.7,334991,3621.75,27401,112941.0,33.71,2026-09-25
CYIENTDLM,EQ,25-Sep-2026,912.7,914.0,937.9,913.0,931.4,261221,2417.01,16751,83710.0,32.05,2026-09-25
DABUR,EQ,25-Sep-2026,385.7,384.8,386.0,381.55,385.6,690022,2651.95,15004,391166.0,56.69,2026-09-25
DAICHI,BE,25-Sep-2026,326.3,327.9,330.0,320.0,328.45,385,1.26,13,,,2026-09-25
DALBHARAT,EQ,25-Sep-2026,1721.2,1746.2,1746.2,1680.7,1700.2,254282,4315.79,20652,175277.0,68.93,2026-09-25
DALMIASUG,EQ,25-Sep-2026,399.5,399.5,434.65,396.05,428.75,1009477,4253.69,32181,205463.0,20.35,2026-09-25
DAMCAPITAL,EQ,25-Sep-2026,137.2,137.2,139.68,135.74,138.18,177289,243.19,4657,73867.0,41.66,2026-09-25
DAMODARIND,BE,25-Sep-2026,28.61,29.47,29.49,28.3,28.45,3496,1.01,45,,,2026-09-25
DANGEE,EQ,25-Sep-2026,2.97,3.16,3.26,2.98,3.26,909887,29.03,715,592654.0,65.13,2026-09-25
DANISH,SM,25-Sep-2026,950.45,955.0,959.7,910.0,947.6,29550,277.32,152,19650.0,66.5,2026-09-25
DATAMATICS,EQ,25-Sep-2026,783.95,777.05,822.45,767.15,807.6,216033,1739.53,12192,67639.0,31.31,2026-09-25
DATAPATTNS,EQ,25-Sep-2026,4395.5,4415.0,4452.0,4355.0,4418.8,233402,10282.84,26676,50963.0,21.83,2026-09-25
DAVANGERE,EQ,25-Sep-2026,2.19,2.19,2.4,2.15,2.4,28793669,670.82,4381,17232741.0,59.85,2026-09-25
DBCORP,EQ,25-Sep-2026,180.31,180.31,183.0,178.1,181.71,40295,72.49,1503,23199.0,57.57,2026-09-25
DBEIL,EQ,25-Sep-2026,6.64,6.79,6.86,6.5,6.63,121300,8.07,511,75276.0,62.06,2026-09-25
DBL,EQ,25-Sep-2026,412.6,413.9,414.0,407.05,412.45,100526,412.2,3401,45420.0,45.18,2026-09-25
DBOL,EQ,25-Sep-2026,113.2,112.51,123.0,112.51,122.25,352645,421.77,7699,144741.0,41.04,2026-09-25
DBREALTY,EQ,25-Sep-2026,100.22,100.99,100.99,98.2,100.08,667369,663.36,5965,390511.0,58.52,2026-09-25
DBSTOCKBRO,BE,25-Sep-2026,30.28,30.28,31.79,30.0,31.13,9892,3.07,44,,,2026-09-25
DCAL,EQ,25-Sep-2026,168.19,168.0,170.57,165.81,168.19,65506,109.86,1944,31945.0,48.77,2026-09-25
DCBBANK,EQ,25-Sep-2026,213.35,215.19,216.37,213.5,214.09,951797,2040.5,12814,564907.0,59.35,2026-09-25
DCCL,SM,25-Sep-2026,40.5,40.9,41.85,40.9,41.85,10000,4.13,5,10000.0,100.0,2026-09-25
DCG,ST,25-Sep-2026,71.05,72.5,74.6,72.5,74.6,14400,10.59,11,13200.0,91.67,2026-09-25
DCI,EQ,25-Sep-2026,302.4,299.05,311.6,295.2,302.0,114505,346.64,5979,30539.0,26.67,2026-09-25
DCM,EQ,25-Sep-2026,75.07,75.01,75.99,74.98,75.0,9883,7.41,71,9866.0,99.83,2026-09-25
DCMFINSERV,EQ,25-Sep-2026,4.99,5.09,5.09,4.96,5.02,4208,0.21,155,3047.0,72.41,2026-09-25
DCMNVL,EQ,25-Sep-2026,178.64,177.98,181.0,177.15,179.15,8893,15.88,921,3224.0,36.25,2026-09-25
DCMSHRIRAM,EQ,25-Sep-2026,975.6,975.0,979.4,966.2,974.3,20353,198.2,3983,11184.0,54.95,2026-09-25
DCMSIL,EQ,25-Sep-2026,85.2,88.0,88.0,82.01,83.98,261587,223.46,3391,141178.0,53.97,2026-09-25
DCMSRIND,EQ,25-Sep-2026,37.88,37.65,41.33,37.56,39.71,2401956,944.91,20013,1019286.0,42.44,2026-09-25
DCW,EQ,25-Sep-2026,48.36,48.36,49.29,47.61,48.72,1396410,677.55,6994,617370.0,44.21,2026-09-25
DCXINDIA,EQ,25-Sep-2026,162.28,161.5,164.0,158.32,161.99,455756,734.37,7166,233697.0,51.28,2026-09-25
DDEVPLSTIK,EQ,25-Sep-2026,257.75,259.25,262.0,254.0,256.15,81482,208.5,2080,50207.0,61.62,2026-09-25
DECCANCE,EQ,25-Sep-2026,555.95,561.45,561.45,547.05,553.55,13335,73.71,536,8333.0,62.49,2026-09-25
DECCANTRAN,SM,25-Sep-2026,21.5,21.5,21.75,21.5,21.75,3600,0.78,3,3600.0,100.0,2026-09-25
DECNGOLD,EQ,25-Sep-2026,214.51,215.0,215.63,209.99,213.0,989554,2104.27,16045,454976.0,45.98,2026-09-25
DEEDEV,EQ,25-Sep-2026,675.6,675.0,678.55,655.55,666.2,130551,866.75,8660,68886.0,52.77,2026-09-25
DEEM,ST,25-Sep-2026,47.4,47.4,47.4,47.4,47.4,1000,0.47,1,1000.0,100.0,2026-09-25
DEEP,BE,25-Sep-2026,45.1,44.05,45.5,44.05,45.5,3636,1.64,31,,,2026-09-25
DEEPA,EQ,25-Sep-2026,194.18,195.0,221.0,195.0,213.12,19215814,40684.78,183907,3035814.0,15.8,2026-09-25
DEEPAKFERT,EQ,25-Sep-2026,1361.4,1361.0,1397.8,1341.5,1363.8,394991,5410.26,25546,128664.0,32.57,2026-09-25
DEEPAKNTR,EQ,25-Sep-2026,1600.9,1601.1,1608.3,1575.0,1587.1,69925,1109.96,8907,33440.0,47.82,2026-09-25
DEEPINDS,EQ,25-Sep-2026,766.0,768.9,792.0,764.1,781.1,339780,2653.45,20023,127008.0,37.38,2026-09-25
DEFENCE,EQ,25-Sep-2026,78.32,78.33,78.6,77.82,78.48,93808,73.39,803,40637.0,43.32,2026-09-25
DELHIVERY,EQ,25-Sep-2026,426.3,426.3,426.35,418.35,422.7,3334319,14056.89,65923,1948774.0,58.45,2026-09-25
DELPHIFX,BE,25-Sep-2026,5.91,6.2,6.2,6.2,6.2,30897,1.92,41,,,2026-09-25
DELTACORP,EQ,25-Sep-2026,72.68,73.44,77.89,69.31,76.84,26445158,20047.85,113071,4887142.0,18.48,2026-09-25
DELTAMAGNT,EQ,25-Sep-2026,54.45,56.89,60.0,53.91,57.16,9102,5.21,159,7265.0,79.82,2026-09-25
DELTIC,SM,25-Sep-2026,34.45,31.25,34.7,31.15,34.7,8000,2.61,8,5000.0,62.5,2026-09-25
DEN,EQ,25-Sep-2026,26.52,26.52,26.69,26.2,26.38,271603,71.51,1379,151488.0,55.78,2026-09-25
DENEERS,SM,25-Sep-2026,172.95,171.25,184.6,171.25,182.8,18600,33.38,26,15600.0,83.87,2026-09-25
DENORA,EQ,25-Sep-2026,783.9,798.75,798.75,765.0,766.5,4443,34.29,465,3592.0,80.85,2026-09-25
DENTA,EQ,25-Sep-2026,270.1,278.55,280.2,268.0,276.7,137637,377.13,4213,49845.0,36.21,2026-09-25
DENTALKART,SM,25-Sep-2026,413.25,410.05,416.95,410.0,414.0,5000,20.53,9,4500.0,90.0,2026-09-25
DEVIT,EQ,25-Sep-2026,22.59,22.61,23.4,21.6,22.28,52336,11.77,823,38318.0,73.22,2026-09-25
DEVX,EQ,25-Sep-2026,36.13,36.13,36.55,35.2,35.97,179787,64.8,707,160658.0,89.36,2026-09-25
DEVYANI,EQ,25-Sep-2026,137.5,137.5,137.65,133.11,135.02,1070431,1445.37,16265,400756.0,37.44,2026-09-25
DGCONTENT,EQ,25-Sep-2026,23.77,24.0,24.0,22.67,23.9,13399,3.09,141,10909.0,81.42,2026-09-25
DHABRIYA,BE,25-Sep-2026,486.3,489.0,493.0,475.4,484.2,3524,17.01,128,,,2026-09-25
DHAMPURSUG,EQ,25-Sep-2026,164.64,165.58,176.0,163.0,174.67,2148612,3717.85,35839,448726.0,20.88,2026-09-25
DHANBANK,EQ,25-Sep-2026,29.68,29.68,30.0,29.11,29.31,239224,70.38,1131,131794.0,55.09,2026-09-25
DHANSA,ST,25-Sep-2026,27.75,26.55,27.0,26.55,27.0,6000,1.6,3,6000.0,100.0,2026-09-25
DHANUKA,EQ,25-Sep-2026,967.6,965.9,974.85,960.0,964.35,6793,65.5,1089,4232.0,62.3,2026-09-25
DHARAN,BZ,25-Sep-2026,0.14,0.15,0.15,0.14,0.14,5344543,7.72,931,,,2026-09-25
DHARARAIL,ST,25-Sep-2026,143.0,140.05,140.4,140.0,140.4,3000,4.2,3,3000.0,100.0,2026-09-25
DHARIWAL,SM,25-Sep-2026,25.85,26.8,27.1,25.95,27.1,597000,160.65,76,465000.0,77.89,2026-09-25
DHARMAJ,EQ,25-Sep-2026,300.55,299.9,306.0,292.55,295.15,23574,69.59,1043,16052.0,68.09,2026-09-25
DHATRE,EQ,25-Sep-2026,4.23,4.29,4.46,3.86,4.13,85524,3.57,233,36743.0,42.96,2026-09-25
DHOOTTRANS,EQ,25-Sep-2026,1587.6,1606.0,1614.0,1551.4,1560.5,548949,8665.8,26542,134956.0,24.58,2026-09-25
DHRUV,EQ,25-Sep-2026,20.94,21.0,21.9,21.0,21.5,5864,1.26,65,5488.0,93.59,2026-09-25
DHTL,SM,25-Sep-2026,27.0,26.9,27.75,25.65,25.65,19200,5.25,11,16000.0,83.33,2026-09-25
DHUNINV,EQ,25-Sep-2026,991.2,995.0,1002.0,982.0,982.8,166,1.64,25,149.0,89.76,2026-09-25
DIACABS,BE,25-Sep-2026,360.45,360.6,366.0,347.6,354.5,539550,1916.12,7549,,,2026-09-25
DIAMINESQ,EQ,25-Sep-2026,246.84,244.7,251.98,244.7,248.25,5139,12.73,102,3235.0,62.95,2026-09-25
DIAMONDYD,EQ,25-Sep-2026,1065.3,1065.3,1084.5,1058.4,1071.0,3449,36.87,473,1767.0,51.23,2026-09-25
DICIND,EQ,25-Sep-2026,647.75,648.05,665.0,642.05,656.5,4187,27.28,216,3271.0,78.12,2026-09-25
DIFFNKG,EQ,25-Sep-2026,427.25,430.4,437.15,423.15,430.45,64101,275.84,2976,25937.0,40.46,2026-09-25
DIGIDRIVE,EQ,25-Sep-2026,17.88,18.0,18.4,17.65,18.39,16637,3.03,189,16232.0,97.57,2026-09-25
DIGIKORE,SM,25-Sep-2026,35.7,36.95,37.0,34.6,35.55,28000,10.05,59,17200.0,61.43,2026-09-25
DIGISPICE,EQ,25-Sep-2026,16.21,16.49,16.49,15.62,16.08,111103,17.87,242,84572.0,76.12,2026-09-25
DIGITIDE,EQ,25-Sep-2026,79.76,81.5,81.5,76.76,78.57,269246,210.84,3302,160751.0,59.7,2026-09-25
DIGJAMLMTD,BE,25-Sep-2026,54.28,52.0,56.0,51.8,54.4,3820,2.0,34,,,2026-09-25
DISAQ,EQ,25-Sep-2026,12008.0,11953.0,11960.0,11677.0,11773.0,55,6.49,42,27.0,49.09,2026-09-25
DISHTV,EQ,25-Sep-2026,2.43,2.43,2.43,2.31,2.37,3533046,83.27,2214,2609619.0,73.86,2026-09-25
DIVGIITTS,EQ,25-Sep-2026,1156.6,1161.9,1193.0,1140.0,1154.6,67322,784.24,6992,31581.0,46.91,2026-09-25
DIVIDEND,EQ,25-Sep-2026,34.71,34.71,34.8,34.54,34.78,2158,0.75,42,2137.0,99.03,2026-09-25
DIVINEHIRA,ST,25-Sep-2026,98.5,96.6,100.0,93.6,97.6,62400,59.38,48,48000.0,76.92,2026-09-25
DIVISLAB,EQ,25-Sep-2026,9602.0,9602.0,9668.5,9530.0,9619.5,388859,37300.58,43556,268418.0,69.03,2026-09-25
DIVOPPBEES,EQ,25-Sep-2026,74.43,73.83,74.94,73.75,74.22,44715,33.12,715,28364.0,63.43,2026-09-25
DIVYADHAN,ST,25-Sep-2026,44.35,43.0,43.0,42.45,43.0,12000,5.15,5,12000.0,100.0,2026-09-25
DIXON,EQ,25-Sep-2026,13299.0,13280.0,13514.0,13211.0,13390.0,276046,36925.08,37661,91028.0,32.98,2026-09-25
DJML,EQ,25-Sep-2026,74.44,74.05,75.99,70.05,71.85,75725,54.84,697,32790.0,43.3,2026-09-25
DLF,EQ,25-Sep-2026,670.4,671.2,683.6,670.6,683.0,3573018,24227.14,49070,1856744.0,51.97,2026-09-25
DLINKINDIA,EQ,25-Sep-2026,418.9,420.2,422.0,415.0,420.9,30140,126.27,1750,17530.0,58.16,2026-09-25
DMART,EQ,25-Sep-2026,3787.5,3789.8,3834.2,3771.6,3834.2,297635,11333.5,20877,175903.0,59.1,2026-09-25
DMCC,EQ,25-Sep-2026,295.05,296.55,307.65,291.8,305.35,122619,369.83,3402,67682.0,55.2,2026-09-25
DNAMEDIA,EQ,25-Sep-2026,2.48,2.47,2.57,2.46,2.53,17225,0.43,86,11693.0,67.88,2026-09-25
DODLA,EQ,25-Sep-2026,1045.7,1060.0,1060.0,1031.0,1039.4,14762,154.41,1835,8751.0,59.28,2026-09-25
DOLATALGO,EQ,25-Sep-2026,66.7,66.67,68.0,66.45,67.48,60079,40.24,899,37410.0,62.27,2026-09-25
DOLLAR,EQ,25-Sep-2026,269.5,269.5,272.7,266.4,270.45,79148,212.99,2305,46082.0,58.22,2026-09-25
DOLLEX,EQ,25-Sep-2026,37.0,37.85,37.85,35.5,36.05,27320,9.92,243,24641.0,90.19,2026-09-25
DOLPHIN,EQ,25-Sep-2026,685.3,685.05,707.5,669.0,687.45,35738,246.72,2848,15692.0,43.91,2026-09-25
DOMS,EQ,25-Sep-2026,2109.0,2104.3,2109.0,2077.5,2083.0,13623,284.2,3087,6927.0,50.85,2026-09-25
DONEAR,EQ,25-Sep-2026,82.22,82.22,83.3,81.81,82.64,16214,13.39,159,9661.0,59.58,2026-09-25
DPABHUSHAN,EQ,25-Sep-2026,1405.6,1407.0,1447.9,1398.0,1417.7,19662,279.7,2139,9838.0,50.04,2026-09-25
DPEL,SM,25-Sep-2026,633.8,635.05,635.15,625.0,626.0,24500,154.36,49,17500.0,71.43,2026-09-25
DPSCLTD,BE,25-Sep-2026,7.06,7.12,7.12,6.86,6.97,113088,7.89,407,,,2026-09-25
DPWIRES,BE,25-Sep-2026,170.02,168.0,168.7,163.1,163.43,14850,24.63,295,,,2026-09-25
DRAGARWQ,EQ,25-Sep-2026,5159.0,5179.0,5280.0,5171.0,5209.0,1157,60.54,989,212.0,18.32,2026-09-25
DRCSYSTEMS,EQ,25-Sep-2026,12.55,12.55,12.72,12.33,12.69,26678,3.36,220,19923.0,74.68,2026-09-25
DREAMFOLKS,EQ,25-Sep-2026,64.13,64.75,64.75,62.8,63.31,35192,22.38,731,23563.0,66.96,2026-09-25
DREDGECORP,EQ,25-Sep-2026,996.5,997.5,997.5,969.4,984.8,91938,900.8,4239,39385.0,42.84,2026-09-25
DRONE,SM,25-Sep-2026,33.6,34.4,34.4,33.4,33.45,7000,2.36,14,5500.0,78.57,2026-09-25
DRREDDY,EQ,25-Sep-2026,1200.4,1204.5,1207.8,1193.4,1201.0,1001238,12031.36,39060,611796.0,61.1,2026-09-25
DSFCL,EQ,25-Sep-2026,31.58,32.21,32.21,30.01,31.09,136185,41.63,642,76152.0,55.92,2026-09-25
DSKULKARNI,BE,25-Sep-2026,23.62,24.09,24.09,24.09,24.09,200,0.05,1,,,2026-09-25
DSSL,EQ,25-Sep-2026,1022.1,1031.0,1031.0,1002.7,1021.2,13959,141.83,1235,7917.0,56.72,2026-09-25
DTIL,BE,25-Sep-2026,142.0,142.0,143.0,137.8,140.35,645,0.91,56,,,2026-09-25
DTL,SM,25-Sep-2026,124.15,129.9,130.0,129.0,129.5,10800,14.02,5,10800.0,100.0,2026-09-25
DUCOL,SM,25-Sep-2026,128.75,126.0,130.7,126.0,130.5,6400,8.17,7,6400.0,100.0,2026-09-25
DUCON,EQ,25-Sep-2026,1.64,1.66,1.67,1.56,1.56,2277545,36.35,776,2090505.0,91.79,2026-09-25
DUGLOBAL,SM,25-Sep-2026,20.05,21.4,21.45,20.1,21.4,55000,11.5,19,47500.0,86.36,2026-09-25
DURLAX,SM,25-Sep-2026,60.55,62.7,67.0,62.7,65.75,414000,269.16,170,288000.0,69.57,2026-09-25
DVL,EQ,25-Sep-2026,293.8,294.8,299.4,282.1,289.75,17348,50.11,726,8097.0,46.67,2026-09-25
DWARKESH,EQ,25-Sep-2026,40.74,40.72,45.62,40.7,45.01,9515248,4172.89,37819,1781335.0,18.72,2026-09-25
DYCL,EQ,25-Sep-2026,473.2,474.2,476.7,451.6,456.95,479136,2210.94,17954,208550.0,43.53,2026-09-25
DYNAMATECH,EQ,25-Sep-2026,12551.0,12541.0,13287.0,12490.0,13153.0,38127,4971.59,14120,11117.0,29.16,2026-09-25
DYNAMIC,SM,25-Sep-2026,149.0,156.7,156.7,136.75,139.95,21500,31.71,21,19000.0,88.37,2026-09-25
DYNPRO,EQ,25-Sep-2026,232.85,232.85,234.01,228.91,229.22,6761,15.58,351,5430.0,80.31,2026-09-25
E2E,BE,25-Sep-2026,646.7,652.0,666.0,626.3,652.15,467742,3030.89,10387,,,2026-09-25
E2ERAIL,SM,25-Sep-2026,331.55,327.0,328.95,312.0,322.3,236000,758.49,178,66400.0,28.14,2026-09-25
EASEMYTRIP,EQ,25-Sep-2026,5.8,5.82,5.96,5.75,5.92,14957504,874.88,7286,5349484.0,35.76,2026-09-25
EASTSILK,BE,25-Sep-2026,71.8,75.39,75.39,69.0,72.0,4345,3.21,48,,,2026-09-25
EASTWEST,EQ,25-Sep-2026,2.36,2.35,2.42,2.3,2.4,33828,0.79,192,23744.0,70.19,2026-09-25
EBANK10,EQ,25-Sep-2026,16.58,16.33,16.38,16.3,16.37,424,0.07,10,424.0,100.0,2026-09-25
EBANKNIFTY,EQ,25-Sep-2026,55.89,56.3,56.34,56.05,56.22,11066,6.22,16,11057.0,99.92,2026-09-25
EBBETF0430,EQ,25-Sep-2026,1603.95,1611.79,1611.79,1603.95,1605.88,2421,38.89,182,1896.0,78.31,2026-09-25
EBBETF0431,EQ,25-Sep-2026,1430.1,1437.99,1437.99,1424.44,1430.19,5210,74.35,85,3724.0,71.48,2026-09-25
EBBETF0433,EQ,25-Sep-2026,1301.38,1302.48,1307.67,1301.2,1304.87,5266,68.74,67,4914.0,93.32,2026-09-25
EBGNG,EQ,25-Sep-2026,676.65,679.4,690.0,659.3,669.0,433643,2912.89,19379,205114.0,47.3,2026-09-25
EBIX,BE,25-Sep-2026,17.89,17.05,18.0,17.05,17.48,46412,8.17,176,,,2026-09-25
ECAPINSURE,EQ,25-Sep-2026,23.43,23.66,23.66,23.21,23.37,74542,17.43,282,54451.0,73.05,2026-09-25
ECLERX,EQ,25-Sep-2026,1890.1,1890.0,1908.2,1866.1,1898.8,121985,2303.18,17047,58144.0,47.66,2026-09-25
ECOLINE,SM,25-Sep-2026,190.4,185.0,185.05,176.5,177.5,26000,47.06,23,24000.0,92.31,2026-09-25
ECORECO,EQ,25-Sep-2026,419.25,428.0,428.0,410.0,418.8,10333,43.14,1115,5728.0,55.43,2026-09-25
ECOSMOBLTY,EQ,25-Sep-2026,108.04,108.13,109.42,106.5,108.42,39231,42.35,1183,21457.0,54.69,2026-09-25
EDELWEISS,EQ,25-Sep-2026,139.01,138.6,139.45,135.2,136.83,4432948,6109.53,33662,1852621.0,41.79,2026-09-25
EEPL,ST,25-Sep-2026,131.05,131.05,135.95,131.05,132.05,3000,3.99,3,2000.0,66.67,2026-09-25
EFACTOR,SM,25-Sep-2026,161.95,161.95,175.0,161.45,171.15,29200,49.19,62,24000.0,82.19,2026-09-25
EFCIL,EQ,25-Sep-2026,181.2,181.1,181.1,178.2,179.74,62842,112.78,1559,31594.0,50.28,2026-09-25
EFFWA,SM,25-Sep-2026,361.75,350.0,362.9,346.0,356.2,14000,49.43,32,8000.0,57.14,2026-09-25
EFORCE,SM,25-Sep-2026,18.8,18.05,18.05,18.05,18.05,1200,0.22,1,1200.0,100.0,2026-09-25
EGOLD,EQ,25-Sep-2026,149.3,149.55,150.85,149.45,150.4,195047,292.8,318,187365.0,96.06,2026-09-25
EICHERMOT,EQ,25-Sep-2026,7338.5,7340.5,7381.0,7305.0,7360.0,201194,14763.12,27982,113360.0,56.34,2026-09-25
EIDPARRY,EQ,25-Sep-2026,689.55,692.0,710.0,687.3,704.75,341486,2397.78,20388,138467.0,40.55,2026-09-25
EIEL,EQ,25-Sep-2026,201.63,200.6,201.33,196.1,198.85,1033739,2044.98,10059,472444.0,45.7,2026-09-25
EIFFL,BE,25-Sep-2026,266.4,271.05,271.7,270.95,271.7,525,1.42,10,,,2026-09-25
EIHAHOTELS,EQ,25-Sep-2026,288.6,285.6,299.8,284.55,294.3,30841,89.65,1251,11345.0,36.79,2026-09-25
EIHOTEL,EQ,25-Sep-2026,296.9,295.15,296.95,292.0,294.7,120396,354.0,6255,54367.0,45.16,2026-09-25
EIMCOELECO,EQ,25-Sep-2026,2304.4,2324.8,2324.8,2272.8,2301.6,16786,385.08,1967,7940.0,47.3,2026-09-25
EKC,EQ,25-Sep-2026,111.5,111.4,111.68,109.14,110.28,363550,400.63,4757,87419.0,24.05,2026-09-25
EKI,EQ,25-Sep-2026,99.04,104.39,108.94,96.25,100.99,722768,757.6,7441,242001.0,33.48,2026-09-25
ELANTAS,EQ,25-Sep-2026,13849.0,13851.0,14267.0,13761.0,13881.0,1128,156.94,508,633.0,56.12,2026-09-25
ELCIDIN,EQ,25-Sep-2026,104830.0,103500.0,104830.0,103500.0,103800.0,8,8.31,7,7.0,87.5,2026-09-25
ELDEHSG,EQ,25-Sep-2026,760.0,769.95,777.8,750.0,765.5,348,2.64,39,287.0,82.47,2026-09-25
ELECON,EQ,25-Sep-2026,459.1,456.85,463.5,448.6,458.25,631253,2879.01,22055,175596.0,27.82,2026-09-25
ELECTCAST,EQ,25-Sep-2026,72.56,72.5,72.72,71.5,72.34,757352,546.25,5552,342443.0,45.22,2026-09-25
ELECTHERM,EQ,25-Sep-2026,887.7,908.0,922.95,856.05,873.35,23940,211.67,1720,16404.0,68.52,2026-09-25
ELGIEQUIP,EQ,25-Sep-2026,608.8,610.25,611.6,595.1,603.0,213480,1285.52,14854,92276.0,43.22,2026-09-25
ELGIRUBCO,EQ,25-Sep-2026,57.15,57.15,58.45,54.11,54.96,116560,64.87,1033,74378.0,63.81,2026-09-25
ELGNZ,SM,25-Sep-2026,84.8,84.0,86.0,83.0,85.1,12000,10.1,11,12000.0,100.0,2026-09-25
ELIN,EQ,25-Sep-2026,89.5,89.5,90.88,85.01,88.57,402933,354.1,8029,283653.0,70.4,2026-09-25
ELIQUID,EQ,25-Sep-2026,1048.98,1049.38,1049.4,1049.38,1049.39,3002,31.5,17,2106.0,70.15,2026-09-25
ELITECON,EQ,25-Sep-2026,9.55,9.89,9.95,9.08,9.08,5040510,469.62,6201,3169092.0,62.87,2026-09-25
ELLEN,EQ,25-Sep-2026,357.7,357.7,370.75,352.75,368.5,651892,2357.09,15865,249810.0,38.32,2026-09-25
ELM250,EQ,25-Sep-2026,16.11,16.1,16.29,16.02,16.23,13354,2.16,152,7520.0,56.31,2026-09-25
ELMDIV,EQ,25-Sep-2026,35.25,35.19,35.2,35.05,35.14,184,0.06,14,184.0,100.0,2026-09-25
ELPROINTL,EQ,25-Sep-2026,172.01,172.5,172.51,170.4,171.8,2672,4.58,55,2612.0,97.75,2026-09-25
EMAMILTD,EQ,25-Sep-2026,390.5,390.0,392.1,381.15,389.25,2020121,7811.88,47136,1050064.0,51.98,2026-09-25
EMAMIPAP,BE,25-Sep-2026,115.54,115.54,116.68,111.0,111.87,9981,11.28,137,,,2026-09-25
EMAMIREAL,EQ,25-Sep-2026,69.03,68.69,70.0,67.06,68.4,28025,19.24,664,24735.0,88.26,2026-09-25
EMAPARTNER,SM,25-Sep-2026,82.0,82.0,84.5,82.0,82.0,15000,12.37,7,13000.0,86.67,2026-09-25
EMBASSY,RR,25-Sep-2026,439.77,439.77,439.8,436.5,437.66,370503,1623.25,11508,339662.0,91.68,2026-09-25
EMBDL,EQ,25-Sep-2026,58.81,58.8,59.01,57.73,58.07,2595396,1509.2,25379,1276782.0,49.19,2026-09-25
EMCURE,EQ,25-Sep-2026,1952.1,1958.7,1976.9,1931.5,1950.6,32384,630.96,6720,16802.0,51.88,2026-09-25
EMETAL,EQ,25-Sep-2026,12.92,13.03,13.99,12.87,12.96,11120,1.46,45,8997.0,80.91,2026-09-25
EMIL,EQ,25-Sep-2026,189.16,189.96,202.4,189.21,200.22,6776165,13327.85,73913,2320225.0,34.24,2026-09-25
EMKAY,EQ,25-Sep-2026,272.55,272.8,282.0,268.0,270.35,48704,133.04,1406,25507.0,52.37,2026-09-25
EMKAYTOOLS,SM,25-Sep-2026,93.5,95.0,96.0,95.0,95.0,1950,1.86,8,1950.0,100.0,2026-09-25
EMMBI,BE,25-Sep-2026,88.49,90.0,90.0,85.1,87.01,19871,17.54,125,,,2026-09-25
EMMIL,SM,25-Sep-2026,123.3,126.95,137.0,122.05,124.95,32500,41.82,85,20750.0,63.85,2026-09-25
EMMVEE,EQ,25-Sep-2026,317.6,318.5,323.45,310.5,321.9,2471556,7857.73,46113,1024376.0,41.45,2026-09-25
EMPIND,EQ,25-Sep-2026,1051.6,1053.0,1064.8,1030.9,1037.4,1360,14.22,287,959.0,70.51,2026-09-25
EMPOWER,EQ,25-Sep-2026,1.96,1.87,1.87,1.87,1.87,5356437,100.17,1819,5350007.0,99.88,2026-09-25
EMSLIMITED,EQ,25-Sep-2026,358.6,359.0,359.75,351.3,354.9,96500,341.69,3673,40316.0,41.78,2026-09-25
EMUDHRA,EQ,25-Sep-2026,659.4,660.0,669.0,644.85,653.45,409910,2684.62,19639,117922.0,28.77,2026-09-25
EMULTIMQ,EQ,25-Sep-2026,41.3,41.5,41.52,41.0,41.29,12231,5.02,117,9456.0,77.31,2026-09-25
ENCOMPAS,SM,25-Sep-2026,240.0,244.35,252.95,239.5,239.8,11600,28.1,19,7600.0,65.52,2026-09-25
ENDURANCE,EQ,25-Sep-2026,2663.2,2678.4,2678.4,2617.0,2645.9,108756,2872.64,19824,65011.0,59.78,2026-09-25
ENERGY,EQ,25-Sep-2026,37.64,37.97,37.97,37.5,37.67,202880,76.3,771,132245.0,65.18,2026-09-25
ENERGYAXIS,EQ,25-Sep-2026,18.77,18.95,19.43,18.63,19.3,14151,2.65,65,7081.0,50.04,2026-09-25
ENERGYDEV,EQ,25-Sep-2026,14.91,15.01,15.39,14.7,15.25,16457,2.46,189,11195.0,68.03,2026-09-25
ENEXT50,EQ,25-Sep-2026,71.53,71.88,71.88,70.96,71.76,1449,1.03,7,1441.0,99.45,2026-09-25
ENFUSE,SM,25-Sep-2026,150.0,145.0,145.0,145.0,145.0,600,0.87,1,600.0,100.0,2026-09-25
ENGINERSIN,EQ,25-Sep-2026,296.65,297.0,318.9,295.05,315.65,19615591,61104.08,184294,3661615.0,18.67,2026-09-25
ENIFTY,EQ,25-Sep-2026,23.37,22.78,23.61,22.78,23.36,768,0.18,56,700.0,91.15,2026-09-25
ENIL,EQ,25-Sep-2026,99.66,99.0,100.8,97.85,99.07,9298,9.25,176,7201.0,77.45,2026-09-25
ENKEIWHEL,EQ,25-Sep-2026,385.75,399.0,399.0,388.2,388.2,110,0.43,4,110.0,100.0,2026-09-25
ENRIN,EQ,25-Sep-2026,3215.4,3224.0,3333.0,3210.3,3313.0,462792,15224.92,45027,190900.0,41.25,2026-09-25
ENSER,SM,25-Sep-2026,14.7,14.5,15.15,14.25,15.15,60000,8.98,12,15000.0,25.0,2026-09-25
ENTERO,EQ,25-Sep-2026,1852.2,1854.0,1855.2,1809.0,1821.8,110434,2021.56,12079,65927.0,59.7,2026-09-25
ENVIRO,SM,25-Sep-2026,70.1,72.65,72.65,68.45,71.1,21000,14.87,20,14000.0,66.67,2026-09-25
EPACK,EQ,25-Sep-2026,180.12,181.45,181.45,177.81,180.32,151259,271.41,3243,73392.0,48.52,2026-09-25
EPACKPEB,EQ,25-Sep-2026,246.29,245.93,252.84,239.4,245.38,524207,1279.18,14858,267724.0,51.07,2026-09-25
EPIGRAL,EQ,25-Sep-2026,1071.0,1078.5,1080.2,1051.0,1060.6,33156,351.54,3440,17129.0,51.66,2026-09-25
EPL,EQ,25-Sep-2026,238.05,238.0,239.7,233.05,238.1,1439511,3402.25,20057,772490.0,53.66,2026-09-25
EQUAL200,EQ,25-Sep-2026,13.42,13.42,13.46,13.36,13.41,11227,1.5,57,7407.0,65.97,2026-09-25
EQUAL50,EQ,25-Sep-2026,320.14,320.14,320.75,318.87,320.63,3279,10.5,37,1853.0,56.51,2026-09-25
EQUAL50ADD,EQ,25-Sep-2026,331.12,331.12,334.89,329.52,332.75,16598,54.98,266,13873.0,83.58,2026-09-25
EQUIPPP,BE,25-Sep-2026,22.88,22.99,22.99,21.85,22.86,3063,0.69,29,,,2026-09-25
EQUITASBNK,EQ,25-Sep-2026,70.21,70.55,70.67,66.19,67.03,5440394,3671.82,32483,2652717.0,48.76,2026-09-25
ERIS,EQ,25-Sep-2026,1274.6,1275.0,1280.9,1255.0,1258.9,30256,381.84,4743,17349.0,57.34,2026-09-25
ESABINDIA,EQ,25-Sep-2026,5528.0,5556.0,5569.0,5455.0,5527.0,2898,159.42,1260,1710.0,59.01,2026-09-25
ESAFSFB,BE,25-Sep-2026,40.82,40.82,42.86,40.5,42.86,1195142,501.14,2325,,,2026-09-25
ESCONET,ST,25-Sep-2026,209.95,209.95,220.0,207.7,218.1,22000,47.34,45,18800.0,85.45,2026-09-25
ESCORTS,EQ,25-Sep-2026,2822.9,2822.9,2866.3,2817.1,2855.7,42484,1207.3,7017,20035.0,47.16,2026-09-25
ESDS,EQ,25-Sep-2026,1853.15,1760.5,1760.5,1760.5,1760.5,69023,1215.15,3380,64707.0,93.75,2026-09-25
ESENSEX,EQ,25-Sep-2026,74.47,74.1,74.67,74.1,74.65,371,0.28,16,311.0,83.83,2026-09-25
ESFL,SM,25-Sep-2026,119.05,118.3,121.8,118.0,121.8,2520,3.0,7,1800.0,71.43,2026-09-25
ESG,EQ,25-Sep-2026,39.67,39.65,39.8,39.51,39.76,6570,2.61,65,6476.0,98.57,2026-09-25
ESILVER,EQ,25-Sep-2026,225.69,226.53,229.49,225.12,229.29,278052,637.23,1827,264284.0,95.05,2026-09-25
ESPRIT,SM,25-Sep-2026,65.0,65.0,65.0,63.75,63.75,4800,3.08,3,3200.0,66.67,2026-09-25
ESSARSHPNG,EQ,25-Sep-2026,16.18,16.2,16.3,16.04,16.12,48806,7.87,364,35933.0,73.62,2026-09-25
ESSENTIA,EQ,25-Sep-2026,1.03,1.04,1.04,1.02,1.02,1166081,12.05,602,799524.0,68.57,2026-09-25
ESTER,EQ,25-Sep-2026,86.89,86.8,87.5,85.72,86.14,24329,21.02,604,13754.0,56.53,2026-09-25
ETERNAL,EQ,25-Sep-2026,335.5,335.6,339.9,331.7,335.0,24508361,81937.53,116052,15765205.0,64.33,2026-09-25
ETHOSLTD,EQ,25-Sep-2026,2605.7,2605.0,2616.9,2539.9,2552.8,28869,741.13,7259,13940.0,48.29,2026-09-25
ETL,SM,25-Sep-2026,1145.0,1144.95,1297.0,1144.95,1203.0,10350,125.07,46,9000.0,86.96,2026-09-25
EUREKAFORB,EQ,25-Sep-2026,375.1,376.0,376.9,366.2,370.85,220304,815.69,13051,115720.0,52.53,2026-09-25
EUROBOND,EQ,25-Sep-2026,148.57,148.57,153.0,145.25,150.56,2657,3.95,51,1905.0,71.7,2026-09-25
EUROPRATIK,EQ,25-Sep-2026,211.65,213.5,215.45,210.75,213.15,201904,431.43,3205,53060.0,26.28,2026-09-25
EUROTEXIND,BE,25-Sep-2026,12.21,12.8,12.8,11.62,11.75,18,0.0,5,,,2026-09-25
EVEREADY,EQ,25-Sep-2026,326.05,322.8,327.45,320.15,322.0,48301,156.07,1429,32423.0,67.13,2026-09-25
EVERESTIND,BE,25-Sep-2026,431.75,430.0,430.0,420.1,426.3,4610,19.67,116,,,2026-09-25
EVIETF,EQ,25-Sep-2026,31.42,31.42,31.71,31.25,31.52,74778,23.47,717,45023.0,60.21,2026-09-25
EVINDIA,EQ,25-Sep-2026,31.35,31.74,31.74,31.31,31.5,82558,25.96,1216,59559.0,72.14,2026-09-25
EXCELINDUS,EQ,25-Sep-2026,950.0,955.2,955.2,920.5,928.9,8422,78.63,1019,5555.0,65.96,2026-09-25
EXCELLENT,ST,25-Sep-2026,190.55,192.9,192.9,192.9,192.9,1600,3.09,1,1600.0,100.0,2026-09-25
EXCELSOFT,EQ,25-Sep-2026,81.69,82.2,87.8,82.06,86.62,4192133,3602.44,30469,1065005.0,25.4,2026-09-25
EXICOM,EQ,25-Sep-2026,164.64,165.45,165.8,160.3,160.99,739666,1195.72,7710,396904.0,53.66,2026-09-25
EXIDEIND,EQ,25-Sep-2026,426.55,426.85,431.7,419.85,423.65,1864971,7914.52,31443,904854.0,48.52,2026-09-25
EXIMROUTES,SM,25-Sep-2026,90.1,95.9,95.9,95.9,95.9,800,0.77,1,800.0,100.0,2026-09-25
EXPLEOSOL,EQ,25-Sep-2026,871.55,873.0,885.0,865.0,883.25,8559,74.87,1016,5690.0,66.48,2026-09-25
EXXARO,EQ,25-Sep-2026,6.24,6.24,6.3,6.1,6.21,141227,8.75,353,124782.0,88.36,2026-09-25
FABTECH,EQ,25-Sep-2026,146.47,146.1,148.54,145.22,145.83,55026,80.55,727,30691.0,55.78,2026-09-25
FACT,EQ,25-Sep-2026,777.8,777.8,782.95,770.1,777.9,64010,496.8,4546,20605.0,32.19,2026-09-25
FAIRCHEMOR,BE,25-Sep-2026,657.95,660.0,685.0,659.95,671.55,8980,60.79,406,,,2026-09-25
FASCINATE,SM,25-Sep-2026,58.05,59.9,60.95,57.0,60.95,296800,179.06,199,252000.0,84.91,2026-09-25
FAZE3Q,EQ,25-Sep-2026,422.0,428.2,441.0,423.05,434.05,5839,25.11,549,2839.0,48.62,2026-09-25
FCL,EQ,25-Sep-2026,56.07,56.5,61.05,55.75,60.48,47041849,27796.6,133219,13615564.0,28.94,2026-09-25
FCSSOFT,EQ,25-Sep-2026,1.33,1.34,1.46,1.34,1.46,3497198,49.82,1257,2791041.0,79.81,2026-09-25
FDC,EQ,25-Sep-2026,345.7,345.25,348.0,339.25,341.0,111248,381.51,5127,66801.0,60.05,2026-09-25
FEDDERSHOL,EQ,25-Sep-2026,64.71,66.14,66.73,60.2,62.31,5634189,3604.53,24115,1093564.0,19.41,2026-09-25
FEDERALBNK,EQ,25-Sep-2026,329.5,327.5,332.5,319.5,322.0,6128694,20011.0,63699,2679356.0,43.72,2026-09-25
FEDFINA,EQ,25-Sep-2026,152.71,153.48,154.21,150.03,151.68,956913,1452.3,15398,464190.0,48.51,2026-09-25
FEL,BZ,25-Sep-2026,0.36,0.37,0.37,0.36,0.36,254388,0.93,67,,,2026-09-25
FELDVR,BZ,25-Sep-2026,2.07,2.09,2.09,1.97,2.0,1021,0.02,22,,,2026-09-25
FELIX,SM,25-Sep-2026,202.15,200.0,204.7,198.5,202.45,26500,53.31,41,21500.0,81.13,2026-09-25
FERMENTA,EQ,25-Sep-2026,478.05,481.95,483.45,466.2,468.4,37736,178.97,2406,16863.0,44.69,2026-09-25
FIBERWEB,EQ,25-Sep-2026,26.57,27.1,27.7,26.19,26.54,9370,2.51,145,6035.0,64.41,2026-09-25
FIDEL,SM,25-Sep-2026,175.0,170.0,170.0,165.0,168.0,18000,30.26,11,16000.0,88.89,2026-09-25
FIEMIND,EQ,25-Sep-2026,1917.2,1926.0,1988.8,1917.0,1965.5,120437,2366.87,19015,56494.0,46.91,2026-09-25
FILATEX,EQ,25-Sep-2026,105.32,106.0,109.3,104.0,106.94,6901260,7300.9,27339,3890580.0,56.37,2026-09-25
FILATFASH,EQ,25-Sep-2026,0.18,0.19,0.19,0.18,0.18,45723506,85.82,1549,28669359.0,62.7,2026-09-25
FINBUD,SM,25-Sep-2026,121.7,123.5,123.5,110.0,116.0,57000,65.85,50,35000.0,61.4,2026-09-25
FINCABLES,EQ,25-Sep-2026,1480.0,1482.0,1493.9,1426.1,1460.9,501380,7316.71,25360,178472.0,35.6,2026-09-25
FINEORG,EQ,25-Sep-2026,5062.5,5052.0,5104.5,5039.5,5083.0,6621,335.87,2676,3324.0,50.2,2026-09-25
FINIETF,EQ,25-Sep-2026,31.25,32.03,32.03,30.9,31.1,382407,118.64,1810,250153.0,65.42,2026-09-25
FINKURVE,EQ,25-Sep-2026,70.18,70.02,70.48,68.15,69.31,39834,27.65,1748,13040.0,32.74,2026-09-25
FINOPB,EQ,25-Sep-2026,129.28,128.1,129.35,127.21,128.25,171278,219.29,2127,86004.0,50.21,2026-09-25
FINPIPE,EQ,25-Sep-2026,154.04,154.04,154.6,152.45,154.16,346254,531.67,12965,171139.0,49.43,2026-09-25
FIRSTCRY,EQ,25-Sep-2026,179.63,179.63,181.33,176.0,180.83,3472092,6207.05,35616,1034018.0,29.78,2026-09-25
FISCHER,EQ,25-Sep-2026,34.23,34.9,35.99,33.76,34.29,891671,305.11,2303,639307.0,71.7,2026-09-25
FIVESTAR,EQ,25-Sep-2026,524.85,526.85,529.45,514.65,520.95,930721,4835.98,36730,554027.0,59.53,2026-09-25
FLAIR,EQ,25-Sep-2026,242.96,242.96,242.96,235.5,237.58,69478,166.05,1872,36745.0,52.89,2026-09-25
FLEXIADD,EQ,25-Sep-2026,9.68,9.68,9.86,9.63,9.71,58950,5.7,384,50027.0,84.86,2026-09-25
FLEXITUFF,BE,25-Sep-2026,2.77,2.82,2.82,2.82,2.82,4300,0.12,7,,,2026-09-25
FLFL,BZ,25-Sep-2026,1.14,1.15,1.18,1.09,1.12,16733,0.19,64,,,2026-09-25
FLUOROCHEM,EQ,25-Sep-2026,4475.9,4475.9,4506.9,4433.0,4441.4,37518,1671.42,8068,20609.0,54.93,2026-09-25
FLYSBS,SM,25-Sep-2026,654.4,653.0,669.0,621.0,640.3,57600,371.7,220,41600.0,72.22,2026-09-25
FMCGADD,EQ,25-Sep-2026,46.0,46.0,46.15,45.89,46.11,4720,2.17,153,2379.0,50.4,2026-09-25
FMCGIETF,EQ,25-Sep-2026,49.2,49.25,49.75,49.03,49.48,720342,354.49,2843,443557.0,61.58,2026-09-25
FMGOETZE,EQ,25-Sep-2026,468.45,466.9,484.45,462.1,482.6,222375,1055.03,8113,108371.0,48.73,2026-09-25
FMNL,EQ,25-Sep-2026,8.09,8.25,8.25,7.83,8.0,12957,1.03,125,8776.0,67.73,2026-09-25
FOCUS,BE,25-Sep-2026,58.24,58.5,59.79,57.21,59.44,18214,10.67,166,,,2026-09-25
FONEBOX,ST,25-Sep-2026,159.7,167.65,167.65,167.6,167.65,36000,60.35,27,36000.0,100.0,2026-09-25
FOODSIN,EQ,25-Sep-2026,52.98,52.51,53.08,52.13,52.97,73902,38.94,1249,44723.0,60.52,2026-09-25
FORCAS,ST,25-Sep-2026,220.05,229.25,229.25,221.0,222.0,8000,17.97,5,6400.0,80.0,2026-09-25
FORCEMOT,EQ,25-Sep-2026,17142.0,17188.0,17430.0,17084.0,17388.0,64737,11176.34,18543,21308.0,32.91,2026-09-25
FORTIS,EQ,25-Sep-2026,877.35,878.15,880.55,832.0,837.85,2433292,20612.97,70634,1122356.0,46.13,2026-09-25
FOSECOIND,EQ,25-Sep-2026,6477.0,6451.5,6535.0,6431.5,6468.0,19496,1266.2,5326,11679.0,59.9,2026-09-25
FRACTAL,EQ,25-Sep-2026,749.25,747.55,753.0,740.8,750.2,163432,1221.53,10710,102803.0,62.9,2026-09-25
FREDUN,EQ,25-Sep-2026,1360.3,1361.1,1388.0,1338.0,1356.6,64955,881.08,4500,38188.0,58.79,2026-09-25
FRESHARA,ST,25-Sep-2026,404.35,405.1,410.0,405.1,410.0,6000,24.54,9,5400.0,90.0,2026-09-25
FROG,SM,25-Sep-2026,268.95,270.0,275.9,267.0,269.65,12400,33.66,27,9600.0,77.42,2026-09-25
FRONTSP,EQ,25-Sep-2026,1510.4,1524.2,1542.4,1420.0,1438.8,77261,1131.43,8787,21008.0,27.19,2026-09-25
FSL,EQ,25-Sep-2026,262.15,262.15,264.95,257.35,259.45,417268,1084.43,15933,157782.0,37.81,2026-09-25
FUSION,EQ,25-Sep-2026,176.8,177.78,181.9,173.01,177.14,397315,698.01,7071,199397.0,50.19,2026-09-25
FWSTC,SM,25-Sep-2026,162.0,164.0,185.0,161.3,175.45,11400,19.39,13,9600.0,84.21,2026-09-25
GABRIEL,EQ,25-Sep-2026,1397.3,1407.6,1407.7,1371.2,1386.7,141245,1957.52,12730,43224.0,30.6,2026-09-25
GAEL,EQ,25-Sep-2026,162.59,160.96,165.0,160.22,163.87,546758,890.96,12910,244489.0,44.72,2026-09-25
GAIL,EQ,25-Sep-2026,173.85,173.9,173.98,171.59,172.7,5454851,9417.63,31039,3065459.0,56.2,2026-09-25
GAJA,EQ,25-Sep-2026,145.94,146.0,146.75,140.01,142.26,562904,803.13,7990,253626.0,45.06,2026-09-25
GAJANAND,SM,25-Sep-2026,7.85,6.65,7.95,6.65,7.35,45000,3.36,7,9000.0,20.0,2026-09-25
GALAPREC,EQ,25-Sep-2026,1117.1,1120.0,1172.6,1095.6,1148.6,75963,862.98,8120,27158.0,35.75,2026-09-25
GALAXYSURF,EQ,25-Sep-2026,2246.6,2262.0,2321.0,2234.2,2261.3,53147,1209.4,9700,18301.0,34.43,2026-09-25
GALLANTT,EQ,25-Sep-2026,545.25,553.0,563.0,541.2,545.1,58267,319.65,3384,18179.0,31.2,2026-09-25
GANDHAR,EQ,25-Sep-2026,262.7,262.7,264.5,259.7,261.65,300287,784.34,5686,137156.0,45.67,2026-09-25
GANDHITUBE,EQ,25-Sep-2026,979.1,979.1,982.95,957.5,966.5,7495,72.87,741,3587.0,47.86,2026-09-25
GANECOS,EQ,25-Sep-2026,1014.0,1009.0,1035.9,1003.7,1028.6,48026,489.33,4783,21798.0,45.39,2026-09-25
GANESHBE,BE,25-Sep-2026,126.49,126.79,132.81,125.1,130.84,352767,463.56,1208,,,2026-09-25
GANESHCP,EQ,25-Sep-2026,161.92,161.92,162.5,159.5,159.94,96333,154.58,1824,71055.0,73.76,2026-09-25
GANESHHOU,EQ,25-Sep-2026,736.85,737.15,742.5,720.0,734.75,18687,136.66,2203,9488.0,50.77,2026-09-25
GANESHIN,SM,25-Sep-2026,91.0,91.0,93.45,89.65,91.7,63200,57.97,48,43200.0,68.35,2026-09-25
GANGABATH,SM,25-Sep-2026,22.8,22.5,22.5,21.5,22.5,12000,2.64,4,9000.0,75.0,2026-09-25
GANGAFORGE,EQ,25-Sep-2026,1.52,1.52,1.53,1.45,1.46,3359674,49.51,1719,2235514.0,66.54,2026-09-25
GANGESSECU,EQ,25-Sep-2026,112.1,112.22,116.99,112.22,114.61,834,0.95,13,482.0,57.79,2026-09-25
GARFIBRES,EQ,25-Sep-2026,781.95,778.0,787.0,768.95,773.5,23488,182.86,5829,11210.0,47.73,2026-09-25
GARUDA,EQ,25-Sep-2026,178.21,178.0,179.76,174.51,176.87,407274,718.7,6161,187032.0,45.92,2026-09-25
GATECH,BE,25-Sep-2026,0.73,0.7,0.7,0.7,0.7,12183864,85.29,4712,,,2026-09-25
GATECHDVR,BE,25-Sep-2026,0.47,0.49,0.49,0.46,0.48,240706,1.15,185,,,2026-09-25
GATEWAY,EQ,25-Sep-2026,52.37,52.37,52.75,52.2,52.5,282280,147.99,2691,177358.0,62.83,2026-09-25
GAUDIUMIVF,EQ,25-Sep-2026,115.85,116.5,118.9,113.58,115.22,251182,288.59,3219,134283.0,53.46,2026-09-25
GAYAHWS,EQ,25-Sep-2026,1.85,1.85,1.88,1.83,1.85,70343,1.31,194,58761.0,83.53,2026-09-25
GAYAPROJ,EQ,25-Sep-2026,23.01,23.0,23.39,22.05,22.91,505264,115.64,2396,288496.0,57.1,2026-09-25
GCHOTELS,ST,25-Sep-2026,130.0,130.0,131.0,123.5,123.5,63600,79.95,75,56400.0,88.68,2026-09-25
GCSL,EQ,25-Sep-2026,633.3,633.5,655.0,631.0,653.45,444252,2860.63,3932,173330.0,39.02,2026-09-25
GEECEE,BE,25-Sep-2026,371.95,363.5,372.5,359.1,360.6,1795,6.48,61,,,2026-09-25
GEEKAYWIRE,EQ,25-Sep-2026,33.41,33.41,34.0,32.0,32.9,415607,137.68,1451,260624.0,62.71,2026-09-25
GEMAROMA,EQ,25-Sep-2026,155.18,156.0,160.0,153.41,158.93,50483,79.42,1716,26943.0,53.37,2026-09-25
GENCON,EQ,25-Sep-2026,38.65,38.15,39.59,37.75,38.17,268643,103.67,1037,29995.0,11.17,2026-09-25
GENESYS,EQ,25-Sep-2026,283.18,294.03,294.03,282.66,286.17,754157,2170.76,12145,259010.0,34.34,2026-09-25
GENSOL,BZ,25-Sep-2026,17.04,16.51,16.94,16.4,16.71,61010,10.1,588,,,2026-09-25
GENUSPAPER,EQ,25-Sep-2026,11.2,11.32,11.33,10.67,10.83,303009,33.2,530,235790.0,77.82,2026-09-25
GENUSPOWER,EQ,25-Sep-2026,306.6,308.0,309.9,302.9,305.7,866753,2650.59,15553,425348.0,49.07,2026-09-25
GENXAI,SM,25-Sep-2026,72.15,75.0,75.0,71.0,71.4,31200,22.69,25,25200.0,80.77,2026-09-25
GEOJITFSL,EQ,25-Sep-2026,79.17,79.17,83.24,78.21,81.51,547369,444.34,6284,257550.0,47.05,2026-09-25
GESHIP,EQ,25-Sep-2026,1482.6,1479.0,1505.0,1468.0,1497.2,454472,6765.72,22812,257382.0,56.63,2026-09-25
GFLLIMITED,EQ,25-Sep-2026,54.93,55.6,58.5,54.3,57.29,59780,33.43,1473,38646.0,64.65,2026-09-25
GFSTEELS,BE,25-Sep-2026,30.91,32.45,32.45,32.45,32.45,15795,5.13,25,,,2026-09-25
GGBL,SM,25-Sep-2026,218.3,220.6,220.8,209.0,210.35,30900,66.14,87,23700.0,76.7,2026-09-25
GHCL,EQ,25-Sep-2026,421.3,421.0,421.2,415.3,419.8,80239,335.42,4248,44094.0,54.95,2026-09-25
GHCLTEXTIL,EQ,25-Sep-2026,135.34,135.0,140.97,133.84,139.12,554170,768.09,11054,283298.0,51.12,2026-09-25
GICHSGFIN,EQ,25-Sep-2026,137.96,138.94,138.94,136.6,137.32,36885,50.61,1099,20212.0,54.8,2026-09-25
GICL,BE,25-Sep-2026,23.5,22.75,23.5,22.51,23.45,115450,26.6,104,,,2026-09-25
GICRE,EQ,25-Sep-2026,339.25,339.3,340.8,336.3,337.5,262473,885.74,9266,129338.0,49.28,2026-09-25
GILLANDERS,EQ,25-Sep-2026,103.76,103.5,109.2,102.5,108.69,20672,22.13,140,19551.0,94.58,2026-09-25
GILLETTE,EQ,25-Sep-2026,7118.5,7117.0,7117.0,6970.0,7072.0,22019,1547.85,7119,10179.0,46.23,2026-09-25
GILT10BETA,EQ,25-Sep-2026,26.63,26.24,26.59,26.08,26.46,1503,0.39,25,1101.0,73.25,2026-09-25
GILT5BETA,EQ,25-Sep-2026,66.49,66.43,66.6,65.66,65.66,614,0.41,20,407.0,66.29,2026-09-25
GILT5YBEES,EQ,25-Sep-2026,65.84,65.96,66.06,65.65,65.97,281752,185.69,635,232365.0,82.47,2026-09-25
GINNIFILA,BE,25-Sep-2026,42.39,42.39,43.3,42.0,42.49,182240,77.92,69,,,2026-09-25
GIPCL,EQ,25-Sep-2026,186.42,186.1,187.09,183.0,185.84,219387,405.84,5264,100676.0,45.89,2026-09-25
GIRIRAJ,SM,25-Sep-2026,70.75,73.8,73.8,67.25,67.25,1750,1.23,7,1000.0,57.14,2026-09-25
GJL,ST,25-Sep-2026,368.55,386.95,386.95,386.95,386.95,4800,18.57,5,4800.0,100.0,2026-09-25
GKB,EQ,25-Sep-2026,67.68,67.2,69.48,67.2,68.54,873,0.59,20,839.0,96.11,2026-09-25
GKENERGY,EQ,25-Sep-2026,124.69,124.5,125.93,122.82,123.68,194586,240.05,2419,105205.0,54.07,2026-09-25
GKSL,EQ,25-Sep-2026,170.85,171.73,185.8,169.93,178.02,1830502,3299.5,28587,531480.0,29.03,2026-09-25
GKWLIMITED,EQ,25-Sep-2026,1561.4,1591.0,1600.0,1552.0,1556.0,1360,21.44,31,1320.0,97.06,2026-09-25
GLAND,EQ,25-Sep-2026,2897.4,2885.0,2927.0,2882.0,2917.2,124312,3619.04,16875,62645.0,50.39,2026-09-25
GLASSWALL,EQ,25-Sep-2026,272.07,274.78,282.0,262.0,274.19,16111693,43823.65,131275,1324686.0,8.22,2026-09-25
GLAXO,EQ,25-Sep-2026,2829.2,2829.0,2842.4,2807.4,2815.7,15380,433.74,3598,6985.0,45.42,2026-09-25
GLENMARK,EQ,25-Sep-2026,2430.4,2425.0,2435.2,2365.7,2380.0,785299,18762.63,61416,450492.0,57.37,2026-09-25
GLFL,EQ,25-Sep-2026,5.02,5.02,5.25,4.78,5.12,8638,0.43,28,3787.0,43.84,2026-09-25
GLOBAL,EQ,25-Sep-2026,141.0,142.35,142.49,134.11,135.4,227619,310.96,3949,146490.0,64.36,2026-09-25
GLOBALE,EQ,25-Sep-2026,10.8,10.8,11.25,10.33,10.59,1300,0.14,24,1222.0,94.0,2026-09-25
GLOBALPET,SM,25-Sep-2026,160.0,160.0,160.0,160.0,160.0,1500,2.4,2,1500.0,100.0,2026-09-25
GLOBALVECT,EQ,25-Sep-2026,135.89,133.85,138.9,133.65,134.06,4099,5.51,206,2393.0,58.38,2026-09-25
GLOBE,EQ,25-Sep-2026,2.26,2.22,2.31,2.22,2.24,416495,9.37,267,348133.0,83.59,2026-09-25
GLOBECIVIL,EQ,25-Sep-2026,43.18,42.47,43.69,42.35,43.12,9026,3.87,241,6547.0,72.53,2026-09-25
GLOBUSSPR,EQ,25-Sep-2026,836.5,836.5,840.0,827.95,832.55,35079,292.04,3926,16611.0,47.35,2026-09-25
GLOSTERLTD,EQ,25-Sep-2026,572.0,566.0,571.0,550.0,552.7,3632,20.23,310,3239.0,89.18,2026-09-25
GLOTTIS,EQ,25-Sep-2026,63.36,63.88,68.29,63.3,65.62,240211,157.79,2896,105707.0,44.01,2026-09-25
GMBREW,EQ,25-Sep-2026,967.25,967.25,986.75,960.5,978.8,73282,716.19,4385,32909.0,44.91,2026-09-25
GMDCLTD,EQ,25-Sep-2026,542.5,542.0,544.6,534.0,538.0,694551,3738.13,20107,294461.0,42.4,2026-09-25
GMMPFAUDLR,EQ,25-Sep-2026,1475.4,1479.5,1514.2,1460.0,1505.2,220062,3280.43,19010,103435.0,47.0,2026-09-25
GMRAIRPORT,EQ,25-Sep-2026,97.35,96.64,98.2,96.64,97.95,10108888,9854.77,41187,5613775.0,55.53,2026-09-25
GMRP&UI,EQ,25-Sep-2026,101.41,101.41,103.62,99.4,102.68,2175028,2218.46,22274,916262.0,42.13,2026-09-25
GNA,EQ,25-Sep-2026,620.45,623.0,627.9,611.1,617.65,623477,3865.11,17690,190114.0,30.49,2026-09-25
GNFC,EQ,25-Sep-2026,625.1,625.1,636.0,619.0,630.3,1734397,10880.61,36832,937974.0,54.08,2026-09-25
GNRL,EQ,25-Sep-2026,98.11,99.1,100.71,97.4,100.18,77761,76.91,2022,33738.0,43.39,2026-09-25
GOACARBON,EQ,25-Sep-2026,404.75,409.9,410.0,396.25,401.8,14667,59.09,864,8907.0,60.73,2026-09-25
GOCLCORP,EQ,25-Sep-2026,380.25,380.25,398.0,378.55,384.1,105705,404.84,4032,44954.0,42.53,2026-09-25
GOCOLORS,EQ,25-Sep-2026,318.35,320.7,321.75,313.3,317.35,25771,81.89,2139,12067.0,46.82,2026-09-25
GODAVARIB,EQ,25-Sep-2026,238.65,239.93,239.93,235.01,236.52,50525,119.41,1245,30009.0,59.39,2026-09-25
GODFRYPHLP,EQ,25-Sep-2026,1974.0,1974.0,1987.4,1965.0,1970.4,68917,1360.07,6828,25037.0,36.33,2026-09-25
GODIGIT,EQ,25-Sep-2026,250.3,253.0,254.4,250.25,253.7,365201,922.89,20962,170352.0,46.65,2026-09-25
GODREJAGRO,EQ,25-Sep-2026,676.05,676.0,679.95,653.35,657.8,120326,796.62,8750,54636.0,45.41,2026-09-25
GODREJCP,EQ,25-Sep-2026,875.0,873.35,880.55,871.45,880.0,288234,2526.89,8758,138571.0,48.08,2026-09-25
GODREJIND,EQ,25-Sep-2026,1099.0,1093.0,1146.0,1090.4,1105.3,262360,2924.07,25346,41364.0,15.77,2026-09-25
GODREJPROP,EQ,25-Sep-2026,1671.2,1666.0,1700.1,1666.0,1700.1,273610,4618.89,18451,112993.0,41.3,2026-09-25
GOKEX,EQ,25-Sep-2026,692.85,698.0,700.65,683.1,689.6,158193,1093.04,9789,71834.0,45.41,2026-09-25
GOKUL,EQ,25-Sep-2026,39.92,39.59,40.49,39.41,39.69,145483,58.39,1911,19287.0,13.26,2026-09-25
GOKULAGRO,EQ,25-Sep-2026,224.98,223.65,227.92,220.61,221.89,174168,389.88,6734,77797.0,44.67,2026-09-25
GOLD1,EQ,25-Sep-2026,124.65,125.29,125.78,124.76,125.72,1608175,2015.05,5170,973336.0,60.52,2026-09-25
GOLD360,EQ,25-Sep-2026,145.85,145.85,147.1,145.55,146.5,8107,11.86,243,4427.0,54.61,2026-09-25
GOLDADD,EQ,25-Sep-2026,14.5,14.61,14.64,14.51,14.62,11357073,1656.53,6102,4664692.0,41.07,2026-09-25
GOLDAXIS,EQ,25-Sep-2026,124.24,124.55,125.45,124.51,125.36,449418,561.99,1996,299243.0,66.58,2026-09-25
GOLDBEES,EQ,25-Sep-2026,123.43,123.99,124.5,123.53,124.43,13701949,16996.44,74791,6099869.0,44.52,2026-09-25
GOLDBETA,EQ,25-Sep-2026,125.8,126.85,126.85,125.8,126.65,449086,567.54,1936,384405.0,85.6,2026-09-25
GOLDBND,EQ,25-Sep-2026,149.24,150.98,150.98,149.36,150.62,15262,22.97,107,14407.0,94.4,2026-09-25
GOLDCASE,EQ,25-Sep-2026,23.5,23.64,23.7,23.51,23.67,5079230,1199.23,7744,2352233.0,46.31,2026-09-25
GOLDENTOBC,BZ,25-Sep-2026,24.24,23.72,24.99,23.05,24.61,1693,0.41,41,,,2026-09-25
GOLDETF,EQ,25-Sep-2026,145.32,145.47,146.38,145.31,146.34,520173,759.02,5204,326184.0,62.71,2026-09-25
GOLDIAM,EQ,25-Sep-2026,321.7,322.1,326.95,320.0,325.05,256884,832.88,7142,99703.0,38.81,2026-09-25
GOLDIETF,EQ,25-Sep-2026,127.88,128.59,129.15,128.06,129.03,5378475,6918.18,23284,4162237.0,77.39,2026-09-25
GOLDSTAR,SM,25-Sep-2026,10.15,10.65,10.65,10.4,10.65,270000,28.65,24,202500.0,75.0,2026-09-25
GOLDTECH,BE,25-Sep-2026,46.28,48.5,48.59,46.4,48.51,50356,24.18,242,,,2026-09-25
GOODLUCK,EQ,25-Sep-2026,530.45,530.45,534.05,519.0,525.65,239704,1261.89,13410,112113.0,46.77,2026-09-25
GOODYEAR,EQ,25-Sep-2026,707.15,707.15,714.95,701.1,707.8,2471,17.48,488,1531.0,61.96,2026-09-25
GOPAL,EQ,25-Sep-2026,262.55,264.0,264.0,257.85,260.95,103108,269.31,5370,57734.0,55.99,2026-09-25
GOYALALUM,EQ,25-Sep-2026,5.93,6.1,6.1,5.8,5.91,40513,2.4,376,26992.0,66.63,2026-09-25
GOYALSALT,SM,25-Sep-2026,108.9,106.0,106.0,102.0,102.0,6000,6.22,10,6000.0,100.0,2026-09-25
GPECO,SM,25-Sep-2026,389.65,386.65,403.0,386.0,402.05,14000,55.19,63,10200.0,72.86,2026-09-25
GPIL,EQ,25-Sep-2026,229.78,230.0,232.39,228.13,229.42,863273,1986.24,16672,401522.0,46.51,2026-09-25
GPPL,EQ,25-Sep-2026,163.27,162.73,165.0,160.61,163.2,1328565,2158.26,13121,793564.0,59.73,2026-09-25
GPTHEALTH,EQ,25-Sep-2026,161.73,162.0,164.09,160.0,161.27,66898,108.22,2240,31948.0,47.76,2026-09-25
GPTINFRA,EQ,25-Sep-2026,113.52,115.99,116.9,112.5,114.43,124954,143.13,1583,59844.0,47.89,2026-09-25
GRADIENTE,BE,25-Sep-2026,2.15,2.19,2.19,2.05,2.05,920446,19.05,333,,,2026-09-25
GRANDOAK,EQ,25-Sep-2026,33.82,34.7,35.46,34.05,34.77,2445,0.85,103,1511.0,61.8,2026-09-25
GRANULES,EQ,25-Sep-2026,853.0,856.9,875.0,849.05,868.65,597420,5140.15,24691,280684.0,46.98,2026-09-25
GRAPHITE,EQ,25-Sep-2026,814.7,819.6,838.55,815.3,820.7,1351331,11166.4,49787,291484.0,21.57,2026-09-25
GRASIM,EQ,25-Sep-2026,3166.5,3175.0,3212.5,3161.0,3191.0,773413,24607.65,22488,461742.0,59.7,2026-09-25
GRAUWEIL,EQ,25-Sep-2026,86.69,87.2,88.4,85.75,88.02,1099667,962.44,8742,598787.0,54.45,2026-09-25
GRAVISSHO,BE,25-Sep-2026,32.35,32.35,32.35,30.9,32.35,931,0.29,23,,,2026-09-25
GRAVITA,EQ,25-Sep-2026,1515.4,1520.0,1525.0,1492.3,1495.4,266305,4005.85,16895,145351.0,54.58,2026-09-25
GRCL,SM,25-Sep-2026,572.0,600.0,600.0,595.0,597.9,1000,5.98,4,750.0,75.0,2026-09-25
GREAVESCOT,EQ,25-Sep-2026,221.83,223.5,235.64,218.71,234.78,10729752,24609.04,113870,2416567.0,22.52,2026-09-25
GREENCHEF,SM,25-Sep-2026,73.4,70.55,73.15,70.55,71.0,19200,13.79,20,16800.0,87.5,2026-09-25
GREENLAM,EQ,25-Sep-2026,227.0,227.0,229.05,223.21,224.32,82357,185.84,1378,58171.0,70.63,2026-09-25
GREENLEAF,ST,25-Sep-2026,106.0,106.1,106.3,104.0,106.1,6000,6.34,6,5000.0,83.33,2026-09-25
GREENPANEL,EQ,25-Sep-2026,166.61,168.0,168.0,160.5,162.61,194144,315.46,4177,106536.0,54.87,2026-09-25
GREENPLY,EQ,25-Sep-2026,294.3,294.55,294.55,282.2,287.25,357533,1021.04,5942,248855.0,69.6,2026-09-25
GREENPOWER,EQ,25-Sep-2026,9.0,9.0,9.03,8.9,8.96,1845566,165.26,3384,951729.0,51.57,2026-09-25
GRETEX,SM,25-Sep-2026,225.0,214.0,214.0,214.0,214.0,750,1.61,1,750.0,100.0,2026-09-25
GRINDWELL,EQ,25-Sep-2026,1981.0,2000.8,2000.8,1956.2,1972.7,9040,178.43,2417,4318.0,47.77,2026-09-25
GRINFRA,EQ,25-Sep-2026,810.3,818.4,821.5,806.65,812.4,12680,102.96,1595,5193.0,40.95,2026-09-25
GRMOVER,EQ,25-Sep-2026,79.87,79.87,81.0,79.02,80.63,997560,795.16,3870,159344.0,15.97,2026-09-25
GROBTEA,EQ,25-Sep-2026,895.0,890.0,895.0,877.4,894.35,183,1.63,24,139.0,75.96,2026-09-25
GROWW,EQ,25-Sep-2026,186.55,186.55,189.4,185.0,187.06,14081481,26306.92,127467,7807091.0,55.44,2026-09-25
GROWWCAPM,EQ,25-Sep-2026,11.2,11.21,11.25,11.07,11.12,2769816,308.58,1138,2607649.0,94.15,2026-09-25
GROWWCHEM,EQ,25-Sep-2026,29.26,29.21,29.85,28.86,29.44,28804,8.39,246,13652.0,47.4,2026-09-25
GROWWDEFNC,EQ,25-Sep-2026,93.65,94.58,94.58,92.92,93.87,118117,110.52,2370,61443.0,52.02,2026-09-25
GROWWEV,EQ,25-Sep-2026,31.17,31.1,31.49,31.0,31.43,483550,151.15,1625,404938.0,83.74,2026-09-25
GROWWGOLD,EQ,25-Sep-2026,14.6,14.6,14.79,14.6,14.7,843288,123.62,2590,338936.0,40.19,2026-09-25
GROWWHOSPI,EQ,25-Sep-2026,52.8,52.8,52.87,51.41,51.64,318735,165.07,1680,257012.0,80.64,2026-09-25
GROWWLIQID,EQ,25-Sep-2026,110.87,110.91,110.92,110.91,110.91,154736,171.63,195,95817.0,61.92,2026-09-25
GROWWLOVOL,EQ,25-Sep-2026,10.18,10.18,10.18,9.96,10.06,6778,0.68,116,3625.0,53.48,2026-09-25
GROWWMC150,EQ,25-Sep-2026,225.99,229.74,229.74,223.5,226.09,271,0.61,26,220.0,81.18,2026-09-25
GROWWMETAL,EQ,25-Sep-2026,12.37,12.59,12.59,12.29,12.53,294393,36.79,1482,158435.0,53.82,2026-09-25
GROWWMOM50,EQ,25-Sep-2026,10.83,10.83,10.97,10.77,10.82,416743,45.17,407,393127.0,94.33,2026-09-25
GROWWN200,EQ,25-Sep-2026,10.97,11.15,11.15,10.89,10.91,42885,4.7,292,20795.0,48.49,2026-09-25
GROWWNET,EQ,25-Sep-2026,10.47,10.64,10.64,10.21,10.25,3785444,388.57,1417,3462404.0,91.47,2026-09-25
GROWWNIFTY,EQ,25-Sep-2026,9.38,9.48,9.48,9.32,9.36,761413,71.23,3475,493857.0,64.86,2026-09-25
GROWWNXT50,EQ,25-Sep-2026,71.76,72.48,72.48,71.06,71.77,6545,4.71,87,3486.0,53.26,2026-09-25
GROWWPOWER,EQ,25-Sep-2026,11.05,11.04,11.17,10.82,11.08,895236,98.81,2122,384000.0,42.89,2026-09-25
GROWWPSE,EQ,25-Sep-2026,96.61,95.77,98.27,95.77,96.62,1962,1.89,125,1624.0,82.77,2026-09-25
GROWWPSUBK,EQ,25-Sep-2026,82.72,83.58,84.5,81.59,83.75,3367,2.8,146,1855.0,55.09,2026-09-25
GROWWRAIL,EQ,25-Sep-2026,26.88,26.88,27.1,26.6,26.75,470644,125.7,2827,236108.0,50.17,2026-09-25
GROWWRLTY,EQ,25-Sep-2026,9.59,9.57,9.77,9.57,9.71,123987,12.04,393,72611.0,58.56,2026-09-25
GROWWSC250,EQ,25-Sep-2026,10.5,10.23,10.66,10.23,10.47,79923,8.38,464,64575.0,80.8,2026-09-25
GROWWSLVR,EQ,25-Sep-2026,22.14,22.35,22.44,22.09,22.4,748536,166.52,1626,244996.0,32.73,2026-09-25
GRPLTD,EQ,25-Sep-2026,1987.8,1999.2,2008.0,1989.0,1999.0,456,9.1,114,373.0,81.8,2026-09-25
GRSE,EQ,25-Sep-2026,2344.0,2344.1,2355.0,2303.0,2319.0,252777,5864.74,21470,93940.0,37.16,2026-09-25
GRWRHITECH,EQ,25-Sep-2026,6342.5,6321.0,6687.0,6321.0,6640.0,90455,5976.56,17205,40911.0,45.23,2026-09-25
GSEC10ABSL,EQ,25-Sep-2026,112.0,111.63,111.63,111.63,111.63,6,0.01,3,6.0,100.0,2026-09-25
GSEC10ADD,EQ,25-Sep-2026,26.73,26.62,26.77,26.24,26.77,414,0.11,5,404.0,97.58,2026-09-25
GSEC10IETF,EQ,25-Sep-2026,264.69,261.0,263.28,261.0,262.05,5,0.01,4,5.0,100.0,2026-09-25
GSEC10YEAR,EQ,25-Sep-2026,29.99,29.99,30.34,29.94,29.99,449,0.13,18,278.0,61.92,2026-09-25
GSEC5IETF,EQ,25-Sep-2026,65.69,66.15,66.28,65.8,65.85,17513,11.57,27,9451.0,53.97,2026-09-25
GSFC,EQ,25-Sep-2026,155.35,154.95,157.52,154.64,156.8,735930,1150.74,10459,424452.0,57.68,2026-09-25
GSLSU,EQ,25-Sep-2026,31.98,31.08,31.7,30.55,31.13,37609,11.69,573,17502.0,46.54,2026-09-25
GSMFOILS,SM,25-Sep-2026,73.9,74.1,77.55,74.1,77.55,218500,168.54,292,127500.0,58.35,2026-09-25
GSPCROP,EQ,25-Sep-2026,490.4,490.4,503.9,485.3,498.25,261036,1283.13,3726,20997.0,8.04,2026-09-25
GSS,EQ,25-Sep-2026,10.48,10.48,10.92,10.32,10.72,36024,3.84,210,28111.0,78.03,2026-09-25
GSTL,SM,25-Sep-2026,11.95,12.25,12.25,11.4,11.4,10000,1.17,8,9000.0,90.0,2026-09-25
GTECJAINX,EQ,25-Sep-2026,26.48,26.1,27.49,26.1,26.52,1870,0.5,23,1265.0,67.65,2026-09-25
GTL,EQ,25-Sep-2026,6.99,7.08,7.19,6.96,7.03,78314,5.51,392,54231.0,69.25,2026-09-25
GTLINFRA,EQ,25-Sep-2026,1.11,1.11,1.13,1.1,1.12,26743520,298.17,10850,10543804.0,39.43,2026-09-25
GTPL,EQ,25-Sep-2026,55.07,55.9,57.0,54.82,56.57,46020,25.93,690,24822.0,53.94,2026-09-25
GUFICBIO,EQ,25-Sep-2026,422.0,418.95,427.0,416.35,423.75,31206,131.6,2160,15859.0,50.82,2026-09-25
GUJALKALI,EQ,25-Sep-2026,620.8,624.5,634.0,615.15,630.9,46193,289.85,4998,25123.0,54.39,2026-09-25
GUJAPOLLO,EQ,25-Sep-2026,327.4,328.8,332.0,328.05,329.1,3626,11.94,203,2717.0,74.93,2026-09-25
GUJENERGY,EQ,25-Sep-2026,235.72,235.0,236.35,231.5,236.02,451419,1058.55,19989,254855.0,56.46,2026-09-25
GUJRAFFIA,EQ,25-Sep-2026,39.75,40.8,40.8,39.9,40.69,777,0.31,19,677.0,87.13,2026-09-25
GUJTHEM,EQ,25-Sep-2026,410.45,411.0,422.1,410.45,417.0,159525,663.06,5995,79495.0,49.83,2026-09-25
GULFOILLUB,EQ,25-Sep-2026,1090.8,1090.8,1109.8,1074.1,1106.6,59678,657.15,4930,36533.0,61.22,2026-09-25
GULFPETRO,BE,25-Sep-2026,63.55,63.55,63.8,60.61,60.88,115393,70.53,357,,,2026-09-25
GULPOLY,EQ,25-Sep-2026,169.4,170.47,171.49,168.2,170.36,80764,137.2,2244,30914.0,38.28,2026-09-25
GURUNANAK,SM,25-Sep-2026,36.5,36.5,36.5,36.5,36.5,1600,0.58,1,1600.0,100.0,2026-09-25
GVKPIL,BE,25-Sep-2026,2.58,2.53,2.63,2.53,2.63,4398958,112.52,1610,,,2026-09-25
GVPIL,EQ,25-Sep-2026,659.4,679.0,683.95,656.15,669.7,103896,692.24,6654,47708.0,45.92,2026-09-25
GVPTECH,BE,25-Sep-2026,7.81,7.92,7.95,7.58,7.94,83520,6.56,181,,,2026-09-25
GVT&D,EQ,25-Sep-2026,4286.3,4292.0,4327.6,4250.0,4280.0,325045,13900.17,29946,160094.0,49.25,2026-09-25
GYFTR,EQ,25-Sep-2026,169.67,167.1,171.79,165.3,166.3,47001,79.03,2227,21342.0,45.41,2026-09-25
HAL,EQ,25-Sep-2026,4774.2,4774.2,4819.5,4760.1,4800.0,384467,18409.4,30272,190961.0,49.67,2026-09-25
HALDER,EQ,25-Sep-2026,248.75,252.0,252.0,240.05,241.45,3407,8.3,344,1878.0,55.12,2026-09-25
HALDYNGL,BE,25-Sep-2026,144.68,147.0,148.0,140.2,145.46,22023,31.93,144,,,2026-09-25
HALEOSLABS,EQ,25-Sep-2026,1503.4,1503.4,1539.4,1490.4,1501.8,555,8.39,113,443.0,79.82,2026-09-25
HAMPTON,EQ,25-Sep-2026,7.87,8.88,8.88,7.45,8.1,12054,0.98,131,8246.0,68.41,2026-09-25
HAPPSTMNDS,EQ,25-Sep-2026,311.6,311.6,311.95,308.2,310.5,413053,1280.11,10364,180354.0,43.66,2026-09-25
HAPPY,SM,25-Sep-2026,78.85,80.45,81.45,79.9,81.4,24000,19.33,12,16000.0,66.67,2026-09-25
HAPPYFORGE,EQ,25-Sep-2026,2084.8,2084.8,2115.9,2051.0,2063.5,37247,775.1,7878,21738.0,58.36,2026-09-25
HARDWYN,EQ,25-Sep-2026,9.25,9.37,9.37,9.14,9.27,1356392,125.64,763,1034894.0,76.3,2026-09-25
HARIOMPIPE,EQ,25-Sep-2026,350.7,350.7,351.0,343.3,344.55,78696,272.73,3059,41895.0,53.24,2026-09-25
HARRMALAYA,EQ,25-Sep-2026,174.88,174.1,178.0,171.0,172.59,9942,17.22,325,7403.0,74.46,2026-09-25
HARSHA,EQ,25-Sep-2026,457.55,461.0,467.8,449.45,462.05,150621,690.96,7149,71275.0,47.32,2026-09-25
HATHWAY,EQ,25-Sep-2026,9.96,9.99,10.0,9.83,9.93,1071495,105.99,2361,471331.0,43.99,2026-09-25
HATSUN,EQ,25-Sep-2026,1134.4,1145.7,1181.2,1138.6,1165.3,44714,521.11,5621,15629.0,34.95,2026-09-25
HAVELLS,EQ,25-Sep-2026,1090.0,1085.2,1097.3,1085.2,1096.5,308307,3367.84,22117,150582.0,48.84,2026-09-25
HAVISHA,EQ,25-Sep-2026,1.36,1.34,1.4,1.34,1.38,32071,0.44,138,25838.0,80.56,2026-09-25
HAWKINCOOK,EQ,25-Sep-2026,8063.5,8199.5,8199.5,7970.0,8047.5,986,79.15,379,763.0,77.38,2026-09-25
HAZOOR,EQ,25-Sep-2026,18.53,18.53,19.6,17.6,19.36,1533958,283.09,3126,691857.0,45.1,2026-09-25
HBESD,EQ,25-Sep-2026,70.51,71.0,74.0,68.04,68.04,129,0.09,12,128.0,99.22,2026-09-25
HBLENGINE,EQ,25-Sep-2026,775.3,779.0,811.55,765.95,806.0,5199842,41511.66,120054,1417357.0,27.26,2026-09-25
HBPOR,EQ,25-Sep-2026,61.39,61.39,61.5,59.28,60.6,1223,0.74,59,791.0,64.68,2026-09-25
HBSL,EQ,25-Sep-2026,55.02,55.75,56.99,55.0,56.08,3326,1.87,57,3107.0,93.42,2026-09-25
HCC,EQ,25-Sep-2026,21.62,21.55,21.66,21.05,21.26,9997995,2127.31,20111,3815234.0,38.16,2026-09-25
HCG,EQ,25-Sep-2026,701.05,701.0,711.35,693.15,698.65,62254,435.16,11862,31526.0,50.64,2026-09-25
HCL-INSYS,EQ,25-Sep-2026,10.42,10.94,10.94,10.5,10.57,150513,16.06,681,108497.0,72.08,2026-09-25
HCLTECH,EQ,25-Sep-2026,1243.6,1241.0,1266.5,1234.6,1258.0,1568243,19699.34,50450,637460.0,40.65,2026-09-25
HDBFS,EQ,25-Sep-2026,661.0,662.0,662.05,647.15,648.15,255839,1666.93,15013,167554.0,65.49,2026-09-25
HDFCAMC,EQ,25-Sep-2026,2380.3,2390.0,2395.5,2366.5,2378.0,363424,8638.3,26129,212214.0,58.39,2026-09-25
HDFCBANK,EQ,25-Sep-2026,728.9,723.0,739.65,723.0,735.6,19853034,145654.18,231573,12291121.0,61.91,2026-09-25
HDFCBSE500,EQ,25-Sep-2026,36.46,36.46,36.67,36.21,36.38,1105274,402.11,288,1067547.0,96.59,2026-09-25
HDFCGOLD,EQ,25-Sep-2026,127.64,127.9,128.69,127.66,128.63,8719548,11171.48,9696,6931938.0,79.5,2026-09-25
HDFCGROWTH,EQ,25-Sep-2026,113.14,113.0,114.99,112.56,113.41,11386,12.89,140,7671.0,67.37,2026-09-25
HDFCLIFE,EQ,25-Sep-2026,526.9,526.9,535.0,516.45,531.0,4285606,22636.61,61156,1530444.0,35.71,2026-09-25
HDFCLIQUID,EQ,25-Sep-2026,1079.2,1079.62,1079.64,1079.62,1079.63,59263,639.83,68,51274.0,86.52,2026-09-25
HDFCLOWVOL,EQ,25-Sep-2026,19.81,19.78,20.0,19.72,19.81,10088,1.99,89,6484.0,64.27,2026-09-25
HDFCMID150,EQ,25-Sep-2026,22.83,23.29,23.29,22.6,22.7,699608,159.13,1664,524357.0,74.95,2026-09-25
HDFCMOMENT,EQ,25-Sep-2026,30.62,30.62,30.7,30.36,30.51,107340,32.77,572,46485.0,43.31,2026-09-25
HDFCNEXT50,EQ,25-Sep-2026,73.2,73.18,73.43,72.85,73.21,119653,87.52,1063,64689.0,54.06,2026-09-25
HDFCNIF100,EQ,25-Sep-2026,25.15,25.15,25.28,25.02,25.18,28496,7.16,235,18128.0,63.62,2026-09-25
HDFCNIFBAN,EQ,25-Sep-2026,57.22,57.59,57.59,57.08,57.29,27898,15.98,318,17647.0,63.26,2026-09-25
HDFCNIFIT,EQ,25-Sep-2026,30.14,30.1,30.49,29.74,30.07,124528,37.27,419,78535.0,63.07,2026-09-25
HDFCNIFTY,EQ,25-Sep-2026,261.05,267.57,267.57,260.05,261.22,242156,631.67,1088,202664.0,83.69,2026-09-25
HDFCNIMEG,EQ,25-Sep-2026,130.38,131.23,131.23,130.0,130.71,578,0.76,31,310.0,53.63,2026-09-25
HDFCPSUBK,EQ,25-Sep-2026,83.47,83.47,83.99,83.21,83.61,27288,22.82,159,16929.0,62.04,2026-09-25
HDFCPVTBAN,EQ,25-Sep-2026,27.43,27.4,27.6,27.26,27.45,138169,37.86,447,56151.0,40.64,2026-09-25
HDFCQUAL,EQ,25-Sep-2026,56.43,56.5,57.0,56.25,56.53,6845,3.87,81,2486.0,36.32,2026-09-25
HDFCSENSEX,EQ,25-Sep-2026,83.93,83.75,84.4,83.21,84.03,48210,40.39,748,22713.0,47.11,2026-09-25
HDFCSILVER,EQ,25-Sep-2026,215.69,216.89,219.0,215.45,218.66,1940902,4221.07,10064,755955.0,38.95,2026-09-25
HDFCSML250,EQ,25-Sep-2026,183.3,184.86,184.86,181.98,183.33,1110435,2031.85,14764,727089.0,65.48,2026-09-25
HDFCVALUE,EQ,25-Sep-2026,120.01,120.01,122.0,120.01,121.27,23323,28.19,205,18713.0,80.23,2026-09-25
HDIL,BZ,25-Sep-2026,1.47,1.45,1.48,1.45,1.45,133080,1.95,173,,,2026-09-25
HEADSUP,EQ,25-Sep-2026,6.85,6.85,6.93,6.6,6.65,8590,0.58,72,7474.0,87.01,2026-09-25
HEALTHADD,EQ,25-Sep-2026,16.96,16.96,18.2,16.7,16.99,18113,3.05,174,14820.0,81.82,2026-09-25
HEALTHAXIS,EQ,25-Sep-2026,172.51,170.81,170.97,168.94,169.85,3802,6.46,119,3328.0,87.53,2026-09-25
HEALTHCARE,EQ,25-Sep-2026,21.99,22.53,22.53,21.75,21.84,39747,8.73,204,24543.0,61.75,2026-09-25
HEALTHIETF,EQ,25-Sep-2026,172.12,172.5,173.4,170.51,172.01,80158,137.43,1246,42668.0,53.23,2026-09-25
HEALTHX,EQ,25-Sep-2026,290.65,287.75,296.4,285.2,288.65,9343,26.99,107,8320.0,89.05,2026-09-25
HEALTHY,EQ,25-Sep-2026,17.22,17.22,17.34,17.09,17.17,318507,54.76,987,229478.0,72.05,2026-09-25
HECPROJECT,EQ,25-Sep-2026,115.66,116.0,118.5,114.1,115.48,1150,1.33,47,950.0,82.61,2026-09-25
HEGAM,EQ,25-Sep-2026,235.25,237.5,251.95,234.55,244.35,3273043,8028.43,55670,845316.0,25.83,2026-09-25
HEIDELBERG,EQ,25-Sep-2026,139.49,140.2,140.2,134.49,134.97,429293,583.26,5674,298823.0,69.61,2026-09-25
HEMIPROP,EQ,25-Sep-2026,118.83,118.1,121.1,117.77,120.36,231330,275.98,2745,127178.0,54.98,2026-09-25
HERANBA,EQ,25-Sep-2026,172.27,173.95,198.9,171.01,187.6,3333268,6420.87,41391,228503.0,6.86,2026-09-25
HERITGFOOD,EQ,25-Sep-2026,414.1,414.2,418.0,405.55,407.4,189918,777.21,7370,76902.0,40.49,2026-09-25
HEROMOTOCO,EQ,25-Sep-2026,5296.0,5340.0,5397.0,5304.0,5360.0,299598,16008.72,30771,152341.0,50.85,2026-09-25
HEROMOTORS,EQ,25-Sep-2026,118.08,128.0,141.69,126.6,141.69,102618013,141826.62,418689,18858550.0,18.38,2026-09-25
HESTERBIO,EQ,25-Sep-2026,2201.2,2190.2,2230.0,2156.0,2182.9,1571,34.37,418,696.0,44.3,2026-09-25
HEXAGON,BE,25-Sep-2026,64.8,64.8,65.81,64.0,65.1,93536,60.94,470,,,2026-09-25
HEXATRADEX,EQ,25-Sep-2026,156.98,159.9,162.5,155.26,157.35,986,1.56,47,612.0,62.07,2026-09-25
HEXT,EQ,25-Sep-2026,499.35,496.95,499.5,492.45,496.7,62991,312.49,6318,29003.0,46.04,2026-09-25
HFCL,BE,25-Sep-2026,210.69,210.5,214.7,207.1,211.27,3201783,6764.25,20625,,,2026-09-25
HGINFRA,EQ,25-Sep-2026,468.05,463.0,464.0,450.5,453.1,451893,2068.34,15999,98228.0,21.74,2026-09-25
HGM,EQ,25-Sep-2026,42.74,42.74,42.74,42.0,42.18,1370,0.58,26,1368.0,99.85,2026-09-25
HGS,EQ,25-Sep-2026,374.55,374.5,380.0,369.1,376.6,11018,41.13,1372,7101.0,64.45,2026-09-25
HIGREEN,SM,25-Sep-2026,127.9,127.0,132.5,122.45,129.5,35200,44.36,44,21600.0,61.36,2026-09-25
HIKAL,EQ,25-Sep-2026,214.15,215.98,222.0,213.99,217.58,603533,1314.59,14080,156296.0,25.9,2026-09-25
HILINFRA,EQ,25-Sep-2026,43.17,42.9,43.7,42.11,42.86,86095,36.92,1009,66348.0,77.06,2026-09-25
HILTON,EQ,25-Sep-2026,16.99,16.6,17.48,16.6,16.85,87300,14.8,467,63673.0,72.94,2026-09-25
HIMATSEIDE,EQ,25-Sep-2026,69.47,69.47,71.4,67.95,68.79,1332162,924.86,11267,624957.0,46.91,2026-09-25
HINDADH,EQ,25-Sep-2026,389.3,384.0,391.0,375.05,386.3,1621,6.21,85,1294.0,79.83,2026-09-25
HINDALCO,EQ,25-Sep-2026,982.0,979.2,983.4,971.2,977.0,2469481,24137.16,44556,1485726.0,60.16,2026-09-25
HINDALUMI,EQ,25-Sep-2026,93.15,93.15,95.5,92.0,92.43,1210,1.13,72,974.0,80.5,2026-09-25
HINDCOMPOS,EQ,25-Sep-2026,381.8,389.4,390.0,381.0,387.35,2085,8.1,124,1763.0,84.56,2026-09-25
HINDCON,EQ,25-Sep-2026,25.12,25.4,27.63,24.68,27.6,188464,51.15,957,121333.0,64.38,2026-09-25
HINDCOPPER,EQ,25-Sep-2026,495.7,496.0,498.65,489.4,494.65,3649150,18012.38,60094,1252473.0,34.32,2026-09-25
HINDOILEXP,EQ,25-Sep-2026,172.81,173.4,175.69,171.01,173.38,330435,572.52,5541,153345.0,46.41,2026-09-25
HINDPETRO,EQ,25-Sep-2026,350.4,352.55,353.8,348.65,351.0,4957719,17408.18,37560,3239499.0,65.34,2026-09-25
HINDUNILVR,EQ,25-Sep-2026,1933.5,1933.5,1942.9,1915.0,1942.9,732074,14125.39,40117,393977.0,53.82,2026-09-25
HINDWAREAP,EQ,25-Sep-2026,170.31,170.52,177.8,167.0,173.68,111443,191.0,2582,53832.0,48.3,2026-09-25
HINDZINC,EQ,25-Sep-2026,587.15,591.1,596.4,587.65,588.95,3349241,19783.2,39252,1704482.0,50.89,2026-09-25
HIRECT,EQ,25-Sep-2026,1219.0,1205.6,1229.8,1205.6,1212.9,24429,296.94,2937,11403.0,46.68,2026-09-25
HISARMETAL,EQ,25-Sep-2026,152.75,152.0,155.98,151.5,152.88,414,0.63,35,327.0,78.99,2026-09-25
HITECH,EQ,25-Sep-2026,74.84,74.65,74.8,73.15,73.6,479980,354.67,4544,281346.0,58.62,2026-09-25
HITECHCORP,BE,25-Sep-2026,331.55,334.0,334.0,330.15,330.15,363,1.2,13,,,2026-09-25
HITECHGEAR,BE,25-Sep-2026,588.95,600.0,618.35,588.95,618.35,3554,21.92,90,,,2026-09-25
HLEGLAS,EQ,25-Sep-2026,428.75,430.1,447.15,416.3,441.1,257150,1113.61,9535,106775.0,41.52,2026-09-25
HLVLTD,EQ,25-Sep-2026,6.5,6.5,6.69,6.45,6.53,86809,5.66,410,67807.0,78.11,2026-09-25
HMAAGRO,EQ,25-Sep-2026,23.22,23.22,24.15,22.64,23.98,1255633,294.64,4230,481239.0,38.33,2026-09-25
HMT,BZ,25-Sep-2026,61.72,61.72,62.5,61.15,61.31,4216,2.61,55,,,2026-09-25
HMVL,BE,25-Sep-2026,75.1,75.0,75.5,71.35,72.24,136819,99.12,573,,,2026-09-25
HNDFDS,EQ,25-Sep-2026,618.25,618.25,620.6,608.05,612.35,24358,149.38,2126,13732.0,56.38,2026-09-25
HNGSNGBEES,EQ,25-Sep-2026,460.02,459.52,460.99,455.27,457.74,77439,355.07,3699,46544.0,60.1,2026-09-25
HOACFOODS,ST,25-Sep-2026,841.8,858.6,858.6,858.0,858.6,3000,25.75,6,3000.0,100.0,2026-09-25
HOLMARC,SM,25-Sep-2026,116.6,120.0,122.4,120.0,122.4,3750,4.56,5,3750.0,100.0,2026-09-25
HOMEFIRST,EQ,25-Sep-2026,1157.5,1133.5,1133.5,1097.3,1123.1,640771,7170.85,44056,289351.0,45.16,2026-09-25
HONASA,EQ,25-Sep-2026,472.95,474.95,478.75,462.1,465.5,437409,2048.84,15331,193768.0,44.3,2026-09-25
HONAUT,EQ,25-Sep-2026,33625.0,33625.0,33990.0,33315.0,33865.0,1266,426.74,927,409.0,32.31,2026-09-25
HONDAPOWER,EQ,25-Sep-2026,1905.6,1921.3,1935.0,1887.1,1915.2,1948,37.05,442,1208.0,62.01,2026-09-25
HORIZONIND,EQ,25-Sep-2026,51.81,51.81,51.81,50.0,50.52,5295503,2669.56,19472,3845295.0,72.61,2026-09-25
HPAL,EQ,25-Sep-2026,35.6,35.05,36.0,34.56,34.96,41928,14.66,462,28475.0,67.91,2026-09-25
HPIL,EQ,25-Sep-2026,115.38,115.51,118.98,115.38,115.4,21,0.02,7,15.0,71.43,2026-09-25
HPL,EQ,25-Sep-2026,274.35,274.35,279.8,271.4,278.15,94501,260.12,3619,34104.0,36.09,2026-09-25
HPTL,SM,25-Sep-2026,456.25,456.25,468.0,433.45,454.0,40800,180.93,46,34800.0,85.29,2026-09-25
HRHNEXT,SM,25-Sep-2026,23.2,23.95,24.35,23.95,24.3,19500,4.74,13,18000.0,92.31,2026-09-25
HRYNSHP,EQ,25-Sep-2026,98.02,98.0,98.02,92.0,97.01,1559,1.5,82,1226.0,78.64,2026-09-25
HSBCGOLD,EQ,25-Sep-2026,130.3,133.75,133.75,129.75,130.64,2156,2.81,57,1434.0,66.51,2026-09-25
HSCL,EQ,25-Sep-2026,674.9,676.9,684.95,674.3,678.75,1351330,9186.04,26472,486797.0,36.02,2026-09-25
HTEL,EQ,25-Sep-2026,69.37,69.05,70.27,66.6,67.03,1308035,886.62,12590,601269.0,45.97,2026-09-25
HTMEDIA,EQ,25-Sep-2026,24.36,24.12,24.59,23.99,24.06,92225,22.27,648,65334.0,70.84,2026-09-25
HUBTOWN,EQ,25-Sep-2026,173.38,173.2,173.88,170.55,171.67,150592,258.53,2417,74153.0,49.24,2026-09-25
HUDCO,EQ,25-Sep-2026,174.32,174.61,175.3,173.24,173.99,836257,1456.88,17086,300262.0,35.91,2026-09-25
HUHTAMAKI,EQ,25-Sep-2026,242.45,242.3,246.2,239.8,243.25,67613,163.9,3348,35901.0,53.1,2026-09-25
HVAX,SM,25-Sep-2026,683.9,685.0,710.0,652.0,676.7,3150,21.64,20,2850.0,90.48,2026-09-25
HYBRIDETF,EQ,25-Sep-2026,9.94,9.98,9.98,9.9,9.93,2210,0.22,61,2197.0,99.41,2026-09-25
HYBRIDFIN,BE,25-Sep-2026,17.07,17.07,17.14,16.42,16.7,1739,0.29,21,,,2026-09-25
HYUNDAI,EQ,25-Sep-2026,2060.6,2060.1,2135.0,2052.5,2115.0,1546794,32690.15,65236,538779.0,34.83,2026-09-25
IBLFL,SM,25-Sep-2026,62.0,62.0,62.0,62.0,62.0,4000,2.48,1,4000.0,100.0,2026-09-25
IBULLSLTD,EQ,25-Sep-2026,28.41,28.48,29.83,28.41,29.83,14185546,4205.85,11914,7814745.0,55.09,2026-09-25
ICDSLTD,BE,25-Sep-2026,59.01,57.83,57.83,56.06,56.99,478,0.27,15,,,2026-09-25
ICELCO,SM,25-Sep-2026,129.35,132.0,133.0,131.05,132.65,30000,39.71,19,24000.0,80.0,2026-09-25
ICEMAKE,EQ,25-Sep-2026,677.2,666.9,670.0,647.5,663.8,64841,428.38,3369,36013.0,55.54,2026-09-25
ICICIAMC,EQ,25-Sep-2026,3169.2,3165.0,3197.0,3153.9,3184.6,186676,5931.91,16753,111948.0,59.97,2026-09-25
ICICIB22,EQ,25-Sep-2026,112.03,112.93,112.93,111.94,112.4,219666,246.42,2138,172873.0,78.7,2026-09-25
ICICIBANK,EQ,25-Sep-2026,1334.5,1332.9,1340.8,1312.0,1326.8,10841310,143814.51,163043,6632395.0,61.18,2026-09-25
ICICIGI,EQ,25-Sep-2026,1577.0,1577.0,1586.1,1550.0,1553.7,850179,13309.48,42097,439070.0,51.64,2026-09-25
ICICIPRULI,EQ,25-Sep-2026,464.5,464.55,469.0,458.15,463.0,1121971,5192.16,33811,463736.0,41.33,2026-09-25
ICIL,EQ,25-Sep-2026,450.95,453.8,455.8,440.2,445.75,297727,1327.96,17512,113134.0,38.0,2026-09-25
ICRA,EQ,25-Sep-2026,4442.7,4442.7,4476.6,4365.0,4377.9,24469,1073.85,5973,16492.0,67.4,2026-09-25
IDBI,EQ,25-Sep-2026,82.6,82.6,85.3,82.6,84.4,18328262,15420.04,58701,4800991.0,26.19,2026-09-25
IDEA,EQ,25-Sep-2026,14.12,14.15,14.38,14.08,14.26,309260435,44018.35,314260,110476443.0,35.72,2026-09-25
IDEAFORGE,EQ,25-Sep-2026,726.35,725.0,747.0,722.0,729.85,135969,996.99,8113,63728.0,46.87,2026-09-25
IDEALTECHO,SM,25-Sep-2026,92.0,91.7,91.7,91.7,91.7,1000,0.92,1,1000.0,100.0,2026-09-25
IDENTICAL,SM,25-Sep-2026,17.15,17.15,17.9,17.05,17.9,6000,1.04,3,6000.0,100.0,2026-09-25
IDFCFIRSTB,EQ,25-Sep-2026,83.76,83.48,84.25,83.27,83.8,20425204,17096.72,61886,10911151.0,53.42,2026-09-25
IDFNIFTYET,EQ,25-Sep-2026,262.64,255.39,257.9,255.13,256.59,1667,4.26,95,1380.0,82.78,2026-09-25
IEML,ST,25-Sep-2026,48.65,51.05,51.05,50.0,51.05,219500,111.22,199,210500.0,95.9,2026-09-25
IEX,EQ,25-Sep-2026,111.2,111.38,112.9,110.89,112.7,2079348,2331.08,19439,882789.0,42.46,2026-09-25
IFBAGRO,EQ,25-Sep-2026,857.7,857.95,865.8,853.6,858.6,1248,10.74,169,928.0,74.36,2026-09-25
IFBIND,EQ,25-Sep-2026,1222.3,1231.1,1237.6,1212.1,1225.2,13377,163.59,1649,7380.0,55.17,2026-09-25
IFCI,EQ,25-Sep-2026,75.19,75.02,75.62,73.2,73.95,36139840,26756.49,87921,6791524.0,18.79,2026-09-25
IFGLEXPOR,EQ,25-Sep-2026,194.27,195.4,199.4,191.47,197.45,18417,36.0,716,10167.0,55.2,2026-09-25
IGARASHI,EQ,25-Sep-2026,418.35,418.8,438.95,418.5,422.8,55573,236.86,2868,21303.0,38.33,2026-09-25
IGCL,EQ,25-Sep-2026,62.1,62.19,62.82,59.0,59.94,136156,81.77,1546,72364.0,53.15,2026-09-25
IGIL,EQ,25-Sep-2026,325.25,326.05,332.4,321.95,330.55,551729,1808.65,20840,323306.0,58.6,2026-09-25
IGL,EQ,25-Sep-2026,145.74,146.0,146.48,144.22,144.95,975286,1414.32,26984,596880.0,61.2,2026-09-25
IGPL,EQ,25-Sep-2026,586.4,589.0,596.0,583.0,593.15,62045,367.5,3086,36453.0,58.75,2026-09-25
IIFL,EQ,25-Sep-2026,617.55,616.5,621.85,611.1,616.95,843724,5202.19,35034,405980.0,48.12,2026-09-25
IIFLCAPS,EQ,25-Sep-2026,347.7,348.0,348.55,346.0,346.7,263461,914.34,9526,167816.0,63.7,2026-09-25
IITL,EQ,25-Sep-2026,143.27,142.52,143.1,136.53,137.27,192851,273.52,1232,102742.0,53.28,2026-09-25
IKIO,EQ,25-Sep-2026,205.03,205.03,206.5,201.4,205.43,149515,303.87,2951,72478.0,48.48,2026-09-25
IKS,EQ,25-Sep-2026,1868.3,1867.1,1874.0,1804.6,1815.8,224086,4080.4,29614,109395.0,48.82,2026-09-25
IL&FSENGG,BZ,25-Sep-2026,41.52,41.5,42.5,40.0,40.0,40403,16.73,61,,,2026-09-25
IL&FSTRANS,BZ,25-Sep-2026,1.87,1.89,1.93,1.84,1.91,38764,0.74,80,,,2026-09-25
IMAGICAA,EQ,25-Sep-2026,51.48,51.69,52.99,50.77,52.29,859001,449.09,5275,320787.0,37.34,2026-09-25
IMFA,EQ,25-Sep-2026,1241.0,1240.0,1243.3,1221.5,1230.4,59887,736.34,7879,29835.0,49.82,2026-09-25
IMPAL,EQ,25-Sep-2026,1056.0,1065.0,1078.0,1052.2,1064.2,1471,15.65,206,1152.0,78.31,2026-09-25
IMPEXFERRO,BZ,25-Sep-2026,6.02,6.14,6.14,5.9,6.14,122513,7.52,137,,,2026-09-25
INA,EQ,25-Sep-2026,92.33,92.0,93.63,89.65,90.4,306734,280.68,3098,154871.0,50.49,2026-09-25
INCREDIBLE,EQ,25-Sep-2026,32.38,32.88,33.65,32.1,32.74,7776,2.56,86,6840.0,87.96,2026-09-25
INDBANK,EQ,25-Sep-2026,26.23,26.03,26.75,25.8,26.15,14918,3.88,358,9156.0,61.38,2026-09-25
INDGN,EQ,25-Sep-2026,594.1,597.95,621.95,597.35,608.95,2095862,12839.22,77108,480889.0,22.94,2026-09-25
INDHOTEL,EQ,25-Sep-2026,728.8,726.1,731.25,721.95,726.8,1538596,11154.72,32255,975769.0,63.42,2026-09-25
INDIACEM,EQ,25-Sep-2026,330.1,330.1,334.6,319.2,323.1,247095,796.57,13533,76897.0,31.12,2026-09-25
INDIAGLYCO,EQ,25-Sep-2026,306.0,314.4,322.8,297.3,309.9,2054007,6363.15,47832,328886.0,16.01,2026-09-25
INDIAMART,EQ,25-Sep-2026,1635.9,1637.8,1645.0,1625.9,1642.1,31410,513.36,6857,19535.0,62.19,2026-09-25
INDIANB,EQ,25-Sep-2026,830.0,829.85,835.8,825.3,832.0,1035590,8604.66,25765,597167.0,57.66,2026-09-25
INDIANCARD,EQ,25-Sep-2026,209.21,207.01,213.98,197.0,200.59,10799,21.83,214,10066.0,93.21,2026-09-25
INDIANHUME,EQ,25-Sep-2026,361.5,363.4,364.35,355.85,357.45,52732,189.54,1383,39320.0,74.57,2026-09-25
INDIASHLTR,EQ,25-Sep-2026,653.05,656.85,659.95,645.0,654.3,51372,334.29,4127,22946.0,44.67,2026-09-25
INDIGO,EQ,25-Sep-2026,4890.0,4890.0,4956.0,4890.0,4940.0,408716,20118.1,47935,232868.0,56.98,2026-09-25
INDIGOPNTS,EQ,25-Sep-2026,1117.8,1119.0,1144.3,1103.3,1128.6,42663,482.57,8926,20112.0,47.14,2026-09-25
INDIGRID,IV,25-Sep-2026,171.98,172.5,173.0,171.6,172.97,739541,1273.79,5845,699151.0,94.54,2026-09-25
INDIQUBE,EQ,25-Sep-2026,194.06,194.06,201.4,186.42,198.94,42054,83.49,1502,22111.0,52.58,2026-09-25
INDNIPPON,EQ,25-Sep-2026,1315.9,1315.9,1330.0,1270.0,1318.2,88704,1154.28,9670,35351.0,39.85,2026-09-25
INDOAMIN,BE,25-Sep-2026,134.48,134.05,137.8,130.95,136.5,67910,92.11,441,,,2026-09-25
INDOBORAX,EQ,25-Sep-2026,452.45,455.8,463.0,447.0,449.95,37260,168.0,2027,19347.0,51.92,2026-09-25
INDOCO,EQ,25-Sep-2026,250.29,250.55,258.0,244.2,254.46,100085,250.96,3499,43627.0,43.59,2026-09-25
INDOFARM,EQ,25-Sep-2026,139.17,138.61,140.4,136.0,138.16,89452,123.66,1455,33593.0,37.55,2026-09-25
INDOKEM,EQ,25-Sep-2026,614.0,615.35,623.95,595.35,613.25,3645,22.33,379,1919.0,52.65,2026-09-25
INDOMIM,EQ,25-Sep-2026,1311.15,1349.0,1349.0,1265.0,1275.95,1637687,21205.61,119424,706247.0,43.12,2026-09-25
INDORAMA,EQ,25-Sep-2026,101.72,103.58,103.63,97.19,99.36,827174,826.46,11315,307332.0,37.15,2026-09-25
INDOSTAR,EQ,25-Sep-2026,217.95,218.0,222.49,216.0,218.64,67323,147.87,1720,39455.0,58.61,2026-09-25
INDOTECH,EQ,25-Sep-2026,3190.1,3230.0,3239.9,3050.1,3177.7,25681,809.57,5845,14649.0,57.04,2026-09-25
INDOTHAI,EQ,25-Sep-2026,32.29,32.29,32.8,30.68,31.86,1205309,377.74,4333,540473.0,44.84,2026-09-25
INDOUS,EQ,25-Sep-2026,78.06,79.9,79.9,77.25,77.6,2473,1.93,54,2334.0,94.38,2026-09-25
INDOWIND,EQ,25-Sep-2026,8.82,9.0,9.0,8.8,8.88,81711,7.25,375,63411.0,77.6,2026-09-25
INDPRUD,EQ,25-Sep-2026,6200.0,6200.0,6200.0,6103.0,6200.0,63,3.9,12,58.0,92.06,2026-09-25
INDRAMEDCO,EQ,25-Sep-2026,370.5,370.5,370.5,361.5,365.7,379626,1385.91,7343,288323.0,75.95,2026-09-25
INDSWFTLAB,EQ,25-Sep-2026,401.25,398.0,410.0,395.0,404.35,441614,1788.52,10179,149646.0,33.89,2026-09-25
INDTERRAIN,EQ,25-Sep-2026,29.89,29.88,29.97,29.03,29.93,3166,0.94,63,2219.0,70.09,2026-09-25
INDUSINDBK,EQ,25-Sep-2026,919.5,919.5,923.9,906.9,912.2,1426025,13027.65,29579,694266.0,48.69,2026-09-25
INDUSINVIT,IV,25-Sep-2026,131.95,132.69,132.69,131.6,131.91,98904,130.51,4749,86645.0,87.61,2026-09-25
INDUSTOWER,EQ,25-Sep-2026,379.85,378.0,379.25,373.2,374.65,2952516,11100.72,34186,1871862.0,63.4,2026-09-25
INFINIUM,SM,25-Sep-2026,256.6,269.0,269.0,260.0,262.1,4500,11.9,9,4000.0,88.89,2026-09-25
INFLUX,SM,25-Sep-2026,280.5,285.0,290.0,280.0,281.45,40800,116.59,40,31800.0,77.94,2026-09-25
INFOBEAN,EQ,25-Sep-2026,150.24,150.5,150.68,145.2,146.55,171469,252.29,2734,87767.0,51.19,2026-09-25
INFOLLION,SM,25-Sep-2026,154.85,154.85,154.9,153.0,153.35,6400,9.87,15,3200.0,50.0,2026-09-25
INFOMEDIA,EQ,25-Sep-2026,5.44,5.52,5.52,5.22,5.31,20025,1.07,66,8269.0,41.29,2026-09-25
INFRA,EQ,25-Sep-2026,11.71,11.71,11.75,11.66,11.74,10187,1.19,162,6639.0,65.17,2026-09-25
INFRABEES,EQ,25-Sep-2026,926.98,926.98,940.0,920.3,929.45,10349,95.96,513,6260.0,60.49,2026-09-25
INFRAIETF,EQ,25-Sep-2026,92.08,92.28,92.91,91.75,92.43,39834,36.7,1154,22607.0,56.75,2026-09-25
INFY,EQ,25-Sep-2026,1014.5,999.5,1004.2,991.6,1000.2,10240700,102213.49,265153,5519877.0,53.9,2026-09-25
INGERRAND,EQ,25-Sep-2026,4234.4,4234.4,4262.7,4202.6,4233.6,6700,283.77,1695,3263.0,48.7,2026-09-25
INM,SM,25-Sep-2026,143.0,143.0,143.0,143.0,143.0,600,0.86,1,600.0,100.0,2026-09-25
INNOMET,ST,25-Sep-2026,280.85,275.3,286.45,275.3,286.4,57600,162.89,67,55200.0,95.83,2026-09-25
INNOVACAP,EQ,25-Sep-2026,1295.3,1295.3,1304.1,1274.5,1281.0,34476,443.24,5653,18887.0,54.78,2026-09-25
INNOVANA,EQ,25-Sep-2026,298.85,302.0,310.0,299.0,301.0,42530,128.7,1046,15554.0,36.57,2026-09-25
INNOVISION,EQ,25-Sep-2026,254.2,254.2,255.9,251.05,253.65,9787,24.82,410,5979.0,61.09,2026-09-25
INOXGREEN,EQ,25-Sep-2026,174.64,176.0,176.35,171.41,172.32,975212,1697.4,13335,326101.0,33.44,2026-09-25
INOXINDIA,EQ,25-Sep-2026,2064.8,2073.0,2174.3,2059.4,2156.8,377035,8063.83,33236,72813.0,19.31,2026-09-25
INOXWIND,EQ,25-Sep-2026,73.09,73.1,75.5,72.86,74.75,11031367,8216.56,34532,3836303.0,34.78,2026-09-25
INSECTICID,EQ,25-Sep-2026,603.65,597.15,605.0,596.05,602.5,4723,28.4,750,2256.0,47.77,2026-09-25
INSPIRISYS,EQ,25-Sep-2026,89.0,91.8,91.8,86.15,88.48,5958,5.22,76,5193.0,87.16,2026-09-25
INSUREIETF,EQ,25-Sep-2026,14.89,15.0,15.26,14.75,14.92,1186700,177.02,339,872558.0,73.53,2026-09-25
INTEGRITY,SM,25-Sep-2026,170.0,167.0,170.0,167.0,169.75,8400,14.23,5,7200.0,85.71,2026-09-25
INTELLECT,EQ,25-Sep-2026,638.7,639.0,639.0,628.2,633.05,218132,1380.06,14088,84178.0,38.59,2026-09-25
INTENTECH,EQ,25-Sep-2026,82.86,84.4,86.0,81.25,85.07,26803,22.56,234,22784.0,85.01,2026-09-25
INTERARCH,EQ,25-Sep-2026,1678.6,1692.3,1745.5,1663.3,1719.7,103195,1763.98,12013,37142.0,35.99,2026-09-25
INTERNET,EQ,25-Sep-2026,14.14,14.21,14.21,13.84,13.93,450393,62.83,640,292603.0,64.97,2026-09-25
INTLCONV,EQ,25-Sep-2026,80.04,80.4,83.0,80.05,81.17,56540,46.09,1390,29941.0,52.96,2026-09-25
INVENTURE,EQ,25-Sep-2026,0.87,0.89,0.89,0.87,0.87,585864,5.16,298,373078.0,63.68,2026-09-25
INVPRECQ,BE,25-Sep-2026,1451.6,1480.6,1480.6,1474.0,1480.6,5695,84.31,98,,,2026-09-25
IOB,EQ,25-Sep-2026,31.92,31.92,32.14,31.82,31.98,1104893,352.84,6924,577755.0,52.29,2026-09-25
IOC,EQ,25-Sep-2026,136.27,136.5,137.06,135.33,135.7,7769991,10569.34,42339,3803734.0,48.95,2026-09-25
IOLCP,EQ,25-Sep-2026,203.22,203.25,206.5,198.01,204.19,2455948,4991.42,31109,509690.0,20.75,2026-09-25
IONEXCHANG,EQ,25-Sep-2026,420.55,424.5,425.7,416.3,420.15,108351,455.5,13497,51463.0,47.5,2026-09-25
IPCALAB,EQ,25-Sep-2026,1997.1,2020.0,2020.0,1950.0,1970.8,263825,5201.99,23274,145320.0,55.08,2026-09-25
IPHL,SM,25-Sep-2026,72.35,70.3,70.45,70.3,70.45,4800,3.38,3,4800.0,100.0,2026-09-25
IPL,EQ,25-Sep-2026,132.09,132.0,134.49,131.0,133.92,278960,369.93,3087,90742.0,32.53,2026-09-25
IPRINGLTD,EQ,25-Sep-2026,144.31,141.01,145.99,140.01,142.67,2919,4.15,60,1787.0,61.22,2026-09-25
IPSL,SM,25-Sep-2026,215.0,186.05,215.0,186.05,215.0,1000,2.01,2,500.0,50.0,2026-09-25
IRB,EQ,25-Sep-2026,17.88,17.82,17.89,17.61,17.68,8219678,1453.46,17744,3623558.0,44.08,2026-09-25
IRBINVIT,IV,25-Sep-2026,65.04,64.5,64.99,64.5,64.62,405546,262.82,3397,356504.0,87.91,2026-09-25
IRCON,EQ,25-Sep-2026,106.6,107.0,107.21,104.76,105.95,2092105,2215.54,22805,779936.0,37.28,2026-09-25
IRCTC,EQ,25-Sep-2026,461.2,461.2,461.9,457.7,458.7,362569,1663.86,18491,182403.0,50.31,2026-09-25
IREDA,EQ,25-Sep-2026,110.11,109.75,114.53,109.2,113.22,13343910,15079.17,59465,3115712.0,23.35,2026-09-25
IRFC,EQ,25-Sep-2026,79.86,79.68,79.99,79.2,79.95,4701461,3740.06,28103,1759549.0,37.43,2026-09-25
IRIS,EQ,25-Sep-2026,231.58,239.0,244.95,230.1,235.94,26122,61.98,1022,15741.0,60.26,2026-09-25
IRISDOREME,EQ,25-Sep-2026,65.85,66.49,66.99,64.55,66.15,666872,438.88,3322,181684.0,27.24,2026-09-25
IRMENERGY,EQ,25-Sep-2026,267.6,267.6,269.6,264.05,268.25,28275,75.31,1424,15489.0,54.78,2026-09-25
ISFT,EQ,25-Sep-2026,102.14,101.2,103.75,98.05,98.79,145764,147.77,1468,13365.0,9.17,2026-09-25
ISGEC,EQ,25-Sep-2026,850.1,849.1,900.95,844.75,890.55,218727,1933.27,23274,77892.0,35.61,2026-09-25
ISHANCH,EQ,25-Sep-2026,49.9,51.4,51.4,48.03,50.22,33410,16.9,326,29477.0,88.23,2026-09-25
ISTLTD,EQ,25-Sep-2026,657.95,664.0,671.0,660.0,660.0,268,1.78,29,248.0,92.54,2026-09-25
IT,EQ,25-Sep-2026,31.42,31.39,31.98,30.92,31.34,403375,125.7,1255,241936.0,59.98,2026-09-25
ITADD,EQ,25-Sep-2026,29.95,29.75,30.9,29.51,29.9,12897,3.85,113,8444.0,65.47,2026-09-25
ITALIANE,SM,25-Sep-2026,31.2,31.0,31.0,31.0,31.0,2000,0.62,1,2000.0,100.0,2026-09-25
ITAXIS,EQ,25-Sep-2026,308.61,308.0,312.0,307.0,311.36,6829,21.09,38,3723.0,54.52,2026-09-25
ITBEES,EQ,25-Sep-2026,31.32,31.56,31.56,30.92,31.3,7822671,2439.93,15799,3208701.0,41.02,2026-09-25
ITBETA,EQ,25-Sep-2026,300.34,292.83,297.0,292.83,296.55,1387,4.09,49,955.0,68.85,2026-09-25
ITC,EQ,25-Sep-2026,268.0,268.1,269.0,266.3,269.0,6240148,16717.59,87605,3496255.0,56.03,2026-09-25
ITCHOTELS,EQ,25-Sep-2026,164.01,164.8,164.8,161.01,161.9,1253849,2033.46,19144,542747.0,43.29,2026-09-25
ITDC,EQ,25-Sep-2026,685.75,685.75,688.45,672.0,679.7,76097,516.28,6512,29857.0,39.24,2026-09-25
ITETF,EQ,25-Sep-2026,29.87,29.86,29.92,29.47,29.87,281999,83.99,822,87876.0,31.16,2026-09-25
ITI,EQ,25-Sep-2026,251.05,250.8,253.9,250.1,252.9,96575,243.58,3927,33812.0,35.01,2026-09-25
ITIETF,EQ,25-Sep-2026,31.37,31.31,31.58,30.94,31.35,952377,296.89,1996,654654.0,68.74,2026-09-25
ITL,EQ,25-Sep-2026,361.0,362.0,362.0,358.05,359.0,471,1.69,28,457.0,97.03,2026-09-25
IVALUE,EQ,25-Sep-2026,234.43,233.9,233.9,224.15,225.22,86508,197.2,2436,45553.0,52.66,2026-09-25
IVC,EQ,25-Sep-2026,7.7,7.65,7.88,7.62,7.8,157173,12.25,809,97968.0,62.33,2026-09-25
IVP,BE,25-Sep-2026,228.57,222.0,229.9,221.0,228.62,10999,24.88,134,,,2026-09-25
IVZBANKNF,EQ,25-Sep-2026,55.43,55.43,55.5,55.36,55.5,602,0.33,16,602.0,100.0,2026-09-25
IVZINGOLD,EQ,25-Sep-2026,130.05,130.55,131.9,130.05,131.4,34807,45.66,248,29183.0,83.84,2026-09-25
IVZINNIFTY,EQ,25-Sep-2026,265.8,263.14,266.75,263.14,266.56,163,0.43,14,143.0,87.73,2026-09-25
IVZSENSEX,EQ,25-Sep-2026,73.96,73.97,74.12,73.48,73.8,6720,4.97,27,6660.0,99.11,2026-09-25
IWARE,ST,25-Sep-2026,391.95,387.0,388.0,376.3,382.3,9600,36.64,16,7800.0,81.25,2026-09-25
IWP,EQ,25-Sep-2026,34.29,36.49,36.49,34.3,34.97,2763,0.96,41,2735.0,98.99,2026-09-25
IXIGO,EQ,25-Sep-2026,159.31,159.85,160.29,156.22,156.8,1248580,1961.37,11339,882831.0,70.71,2026-09-25
IZMO,EQ,25-Sep-2026,904.45,910.15,918.0,895.45,903.95,46289,419.03,3702,23048.0,49.79,2026-09-25
J&KBANK,EQ,25-Sep-2026,147.07,146.88,148.38,145.51,146.1,1214432,1774.64,16200,585153.0,48.18,2026-09-25
JAGRAN,EQ,25-Sep-2026,62.89,62.99,62.99,62.2,62.65,224626,140.57,1373,160457.0,71.43,2026-09-25
JAGSNPHARM,EQ,25-Sep-2026,243.97,247.67,251.0,241.06,242.29,565222,1376.98,12554,168746.0,29.85,2026-09-25
JAIBALAJI,EQ,25-Sep-2026,65.5,64.55,65.52,64.55,64.96,226361,147.05,1819,146249.0,64.61,2026-09-25
JAICORPLTD,EQ,25-Sep-2026,94.46,95.14,95.14,92.74,94.43,254150,238.24,4359,87492.0,34.43,2026-09-25
JAINAM,SM,25-Sep-2026,200.0,210.0,210.0,209.0,209.0,2500,5.24,5,2500.0,100.0,2026-09-25
JAINIK,ST,25-Sep-2026,201.3,202.3,205.0,201.0,205.0,4800,9.74,4,4800.0,100.0,2026-09-25
JAINREC,EQ,25-Sep-2026,291.35,290.0,292.95,285.35,286.85,598886,1725.62,13758,254391.0,42.48,2026-09-25
JAIPURKURT,EQ,25-Sep-2026,25.26,25.01,26.89,24.72,25.13,34887,9.0,200,15906.0,45.59,2026-09-25
JALAN,ST,25-Sep-2026,1.7,1.7,1.7,1.7,1.7,6000,0.1,2,6000.0,100.0,2026-09-25
JAMNAAUTO,EQ,25-Sep-2026,138.39,138.39,140.5,134.82,138.2,3496903,4813.63,35401,1198296.0,34.27,2026-09-25
JARO,EQ,25-Sep-2026,457.7,457.7,463.85,439.8,442.95,196929,886.17,5155,71907.0,36.51,2026-09-25
JASH,EQ,25-Sep-2026,577.15,578.35,599.0,573.7,593.85,322251,1887.99,10374,148243.0,46.0,2026-09-25
JAYAGROGN,EQ,25-Sep-2026,230.91,231.1,235.7,229.93,234.84,13619,31.85,420,11131.0,81.73,2026-09-25
JAYBARMARU,EQ,25-Sep-2026,121.9,125.8,126.8,117.36,121.55,1257855,1531.12,13684,560167.0,44.53,2026-09-25
JAYBEE,SM,25-Sep-2026,98.05,101.35,103.9,95.25,99.6,53000,53.4,89,33500.0,63.21,2026-09-25
JAYESH,SM,25-Sep-2026,129.5,125.0,125.0,125.0,125.0,1000,1.25,1,1000.0,100.0,2026-09-25
JAYKAY,EQ,25-Sep-2026,202.53,206.38,207.8,195.01,203.75,753223,1524.21,16687,282225.0,37.47,2026-09-25
JAYNECOIND,EQ,25-Sep-2026,89.53,89.96,90.15,88.31,88.55,1234021,1097.22,10542,603547.0,48.91,2026-09-25
JAYSREETEA,EQ,25-Sep-2026,87.92,88.0,89.83,87.65,89.37,17278,15.35,415,7975.0,46.16,2026-09-25
JBMA,EQ,25-Sep-2026,593.05,592.0,593.0,578.0,586.6,180569,1057.17,9973,72159.0,39.96,2026-09-25
JENBURPH,EQ,25-Sep-2026,954.0,960.0,974.9,935.2,948.0,889,8.46,108,722.0,81.21,2026-09-25
JETFREIGHT,EQ,25-Sep-2026,21.21,21.25,21.87,21.13,21.43,167163,35.85,2564,40908.0,24.47,2026-09-25
JEYYAM,SM,25-Sep-2026,21.0,20.6,20.6,20.15,20.45,60000,12.26,25,52000.0,86.67,2026-09-25
JFLLIFE,SM,25-Sep-2026,9.9,9.9,10.35,9.9,10.35,18000,1.81,2,18000.0,100.0,2026-09-25
JGCHEM,EQ,25-Sep-2026,601.75,607.0,630.6,600.55,620.1,245613,1503.95,9912,73458.0,29.91,2026-09-25
JHS,EQ,25-Sep-2026,8.18,8.06,8.58,8.06,8.43,98454,8.12,361,62329.0,63.31,2026-09-25
JINDALPHOT,EQ,25-Sep-2026,1063.2,1064.0,1082.4,1051.0,1058.4,532,5.63,105,342.0,64.29,2026-09-25
JINDALPOLY,EQ,25-Sep-2026,699.8,699.8,728.95,690.0,694.1,13867,97.22,1096,6587.0,47.5,2026-09-25
JINDALSAW,EQ,25-Sep-2026,283.1,283.7,291.3,280.05,285.5,1246596,3560.77,30898,297085.0,23.83,2026-09-25
JINDALSTEL,EQ,25-Sep-2026,1157.8,1154.4,1168.9,1137.0,1164.8,423334,4906.11,17855,143550.0,33.91,2026-09-25
JINDRILL,EQ,25-Sep-2026,591.95,591.5,597.45,584.1,592.2,112911,667.2,5544,28344.0,25.1,2026-09-25
JINDWORLD,EQ,25-Sep-2026,49.17,49.39,49.39,45.57,46.76,7279293,3430.76,21848,1871017.0,25.7,2026-09-25
JIOFIN,EQ,25-Sep-2026,227.2,227.2,227.84,225.45,227.0,7741336,17556.35,63745,3652893.0,47.19,2026-09-25
JISLDVREQS,EQ,25-Sep-2026,20.14,20.69,20.69,19.6,19.85,13264,2.67,146,10933.0,82.43,2026-09-25
JISLJALEQS,EQ,25-Sep-2026,28.58,28.69,28.97,28.47,28.75,1416429,407.48,6516,768778.0,54.28,2026-09-25
JITFINFRA,EQ,25-Sep-2026,278.3,276.0,281.9,270.1,279.15,15129,41.82,927,8700.0,57.51,2026-09-25
JIWANRAM,SM,25-Sep-2026,4.0,4.05,4.8,4.05,4.4,72000,3.18,11,48000.0,66.67,2026-09-25
JKCEMENT,EQ,25-Sep-2026,5184.5,5165.0,5165.0,4985.0,5000.0,23835,1200.15,6511,10752.0,45.11,2026-09-25
JKIL,EQ,25-Sep-2026,478.1,479.95,480.0,470.6,473.55,61355,290.52,1796,44353.0,72.29,2026-09-25
JKIPL,EQ,25-Sep-2026,98.15,96.2,98.3,96.0,96.28,2296,2.22,95,1706.0,74.3,2026-09-25
JKLAKSHMI,EQ,25-Sep-2026,509.45,509.45,512.9,506.1,510.35,63165,321.84,5254,31449.0,49.79,2026-09-25
JKPAPER,EQ,25-Sep-2026,411.15,410.5,413.15,405.15,408.45,191915,785.09,8064,91193.0,47.52,2026-09-25
JKTYRE,EQ,25-Sep-2026,347.2,347.35,348.05,338.55,345.85,744180,2549.32,25067,332443.0,44.67,2026-09-25
JLHL,EQ,25-Sep-2026,267.8,269.8,269.8,262.35,265.65,58557,155.12,4547,28452.0,48.59,2026-09-25
JMA,EQ,25-Sep-2026,87.92,88.79,89.9,87.01,88.19,4528,3.99,158,3454.0,76.28,2026-09-25
JMFINANCIL,EQ,25-Sep-2026,127.03,126.5,128.95,126.2,127.68,1681050,2138.96,27212,963714.0,57.33,2026-09-25
JNKINDIA,EQ,25-Sep-2026,422.45,425.85,426.35,410.1,420.4,95931,400.17,4370,45623.0,47.56,2026-09-25
JNPR,EQ,25-Sep-2026,257.7,258.95,267.3,254.65,266.05,1025878,2718.16,33941,699008.0,68.14,2026-09-25
JOCIL,EQ,25-Sep-2026,146.75,146.7,148.0,144.3,147.6,1945,2.87,63,1472.0,75.68,2026-09-25
JPOLYINVST,EQ,25-Sep-2026,964.8,964.15,987.5,954.0,957.05,2807,26.97,300,1895.0,67.51,2026-09-25
JPPOWER,EQ,25-Sep-2026,15.84,15.84,15.96,15.58,15.87,30626176,4830.67,392082,8513460.0,27.8,2026-09-25
JSFB,EQ,25-Sep-2026,522.7,522.7,543.4,509.95,535.25,3086326,16351.61,65557,1000543.0,32.42,2026-09-25
JSIPL,BE,25-Sep-2026,132.3,138.91,138.91,134.95,138.91,1902123,2638.73,8290,,,2026-09-25
JSL,EQ,25-Sep-2026,738.95,738.0,752.85,736.0,748.25,1774357,13236.21,81460,1161573.0,65.46,2026-09-25
JSLL,EQ,25-Sep-2026,511.15,507.3,512.8,505.4,508.25,162157,823.56,7665,75814.0,46.75,2026-09-25
JSWCEMENT,EQ,25-Sep-2026,115.71,115.52,116.29,112.83,115.47,2447516,2818.28,71503,1168384.0,47.74,2026-09-25
JSWDULUX,EQ,25-Sep-2026,3132.3,3128.5,3249.0,3113.9,3199.6,52257,1674.68,12031,14401.0,27.56,2026-09-25
JSWENERGY,EQ,25-Sep-2026,510.0,510.0,513.1,503.15,506.55,1916836,9720.04,35180,1040067.0,54.26,2026-09-25
JSWHL,EQ,25-Sep-2026,11116.0,11014.0,11219.0,11000.0,11062.0,1415,156.6,648,604.0,42.69,2026-09-25
JSWINFRA,EQ,25-Sep-2026,360.7,360.65,366.0,360.25,362.05,3920526,14219.94,45086,2312862.0,58.99,2026-09-25
JSWSTEEL,EQ,25-Sep-2026,1273.2,1279.0,1288.6,1266.3,1277.0,1032391,13159.6,27890,615932.0,59.66,2026-09-25
JTEKTINDIA,EQ,25-Sep-2026,118.28,118.55,118.69,116.92,118.07,59407,69.98,997,33512.0,56.41,2026-09-25
JTLIND,EQ,25-Sep-2026,90.1,90.79,91.99,89.8,91.16,1548897,1409.43,13527,553599.0,35.74,2026-09-25
JUBLCPL,EQ,25-Sep-2026,2160.3,2166.6,2235.0,2120.3,2210.1,4393,96.22,788,2640.0,60.1,2026-09-25
JUBLFOOD,EQ,25-Sep-2026,478.9,478.5,490.0,474.1,484.55,945073,4584.55,36140,412795.0,43.68,2026-09-25
JUBLINGREA,EQ,25-Sep-2026,635.35,630.35,660.0,630.35,656.1,372268,2421.73,18121,158466.0,42.57,2026-09-25
JUBLPHARMA,EQ,25-Sep-2026,1063.85,1059.55,1078.0,1049.2,1071.95,156277,1670.94,12371,70976.0,45.42,2026-09-25
JUNIORBEES,EQ,25-Sep-2026,773.76,777.3,777.77,771.61,776.69,343338,2660.3,10826,257111.0,74.89,2026-09-25
JUNIPER,EQ,25-Sep-2026,218.41,220.29,221.98,214.73,216.29,75553,163.13,2412,48364.0,64.01,2026-09-25
JUSTDIAL,EQ,25-Sep-2026,672.35,670.8,675.0,662.0,672.2,68435,457.52,3197,30343.0,44.34,2026-09-25
JWL,EQ,25-Sep-2026,228.07,230.0,230.0,224.0,226.73,676385,1528.82,13410,307768.0,45.5,2026-09-25
JYOTHYLAB,EQ,25-Sep-2026,192.86,192.86,192.86,189.49,191.07,324174,619.16,14648,171060.0,52.77,2026-09-25
JYOTICNC,EQ,25-Sep-2026,1072.55,1072.55,1087.3,1054.55,1065.1,793087,8467.89,30493,429246.0,54.12,2026-09-25
JYOTIGLOBL,SM,25-Sep-2026,42.7,44.8,44.8,44.75,44.8,68000,30.46,24,66000.0,97.06,2026-09-25
JYOTIRES,EQ,25-Sep-2026,833.0,833.0,863.0,830.5,843.25,6446,54.2,689,4181.0,64.86,2026-09-25
JYOTISTRUC,EQ,25-Sep-2026,9.08,9.12,9.15,8.95,9.03,6479450,586.35,4452,3606229.0,55.66,2026-09-25
K2INFRA,SM,25-Sep-2026,41.75,43.6,43.6,41.6,42.75,16200,6.94,23,13200.0,81.48,2026-09-25
KABRAEXTRU,EQ,25-Sep-2026,806.1,846.4,846.4,807.0,846.4,454583,3817.66,11278,233923.0,51.46,2026-09-25
KAJARIACER,EQ,25-Sep-2026,1221.8,1214.7,1227.0,1213.0,1218.1,251382,3066.16,18627,162276.0,64.55,2026-09-25
KAKATCEM,EQ,25-Sep-2026,105.99,106.2,109.4,105.99,106.72,1484,1.59,35,846.0,57.01,2026-09-25
KALAMANDIR,EQ,25-Sep-2026,78.47,78.49,79.13,76.75,77.19,438726,339.15,3905,288730.0,65.81,2026-09-25
KALPATARU,EQ,25-Sep-2026,277.8,282.0,288.1,278.65,281.85,128997,366.45,2412,35651.0,27.64,2026-09-25
KALYANIFRG,BE,25-Sep-2026,936.95,936.95,980.0,936.95,974.25,2684,25.9,144,,,2026-09-25
KALYANKJIL,EQ,25-Sep-2026,573.6,574.6,579.1,566.4,573.0,2831344,16205.52,38898,964054.0,34.05,2026-09-25
KAMAHOLD,EQ,25-Sep-2026,2199.6,2215.0,2247.4,2210.3,2238.1,2135,47.57,403,1173.0,54.94,2026-09-25
KAMATHOTEL,EQ,25-Sep-2026,235.69,240.3,240.3,232.02,237.13,39082,91.76,1264,21637.0,55.36,2026-09-25
KAMDHENU,EQ,25-Sep-2026,40.34,41.0,41.0,39.6,39.96,483951,193.33,2429,286405.0,59.18,2026-09-25
KAMOPAINTS,EQ,25-Sep-2026,4.21,4.3,4.3,4.1,4.19,329674,13.71,1012,192358.0,58.35,2026-09-25
KANANIIND,EQ,25-Sep-2026,1.41,1.4,1.42,1.4,1.4,83916,1.18,143,69308.0,82.59,2026-09-25
KANCHI,EQ,25-Sep-2026,393.85,392.0,392.0,382.3,390.5,252,0.97,36,223.0,88.49,2026-09-25
KANCOTEA,EQ,25-Sep-2026,52.66,52.66,54.59,52.66,54.0,392,0.21,5,389.0,99.23,2026-09-25
KANDARP,SM,25-Sep-2026,76.95,79.05,79.5,73.15,73.15,18000,13.38,15,16000.0,88.89,2026-09-25
KANOHAR,EQ,25-Sep-2026,863.3,877.05,901.4,841.65,862.55,3871540,33763.27,124831,379226.0,9.8,2026-09-25
KANORICHEM,BE,25-Sep-2026,191.33,191.1,199.9,183.05,198.55,67459,130.77,654,,,2026-09-25
KANPRPLA,EQ,25-Sep-2026,262.5,259.6,265.55,251.0,257.45,19717,50.93,855,11526.0,58.46,2026-09-25
KANSAINER,EQ,25-Sep-2026,179.41,179.41,181.4,177.35,180.63,153445,276.2,6241,80958.0,52.76,2026-09-25
KAPSTON,EQ,25-Sep-2026,578.1,582.75,616.2,515.0,535.7,1952645,11026.89,25579,1328303.0,68.03,2026-09-25
KARAMTARA,EQ,25-Sep-2026,369.05,371.5,377.7,356.7,358.7,1758524,6443.05,35084,563213.0,32.03,2026-09-25
KARMAENG,EQ,25-Sep-2026,39.43,38.67,39.78,38.6,38.97,2146,0.84,46,1208.0,56.29,2026-09-25
KARNIKA,SM,25-Sep-2026,122.55,123.9,123.9,121.65,123.0,145000,177.21,35,130000.0,89.66,2026-09-25
KARURVYSYA,EQ,25-Sep-2026,325.0,325.0,328.65,322.2,327.95,1233878,4025.3,27541,774053.0,62.73,2026-09-25
KATARIA,SM,25-Sep-2026,149.0,151.2,161.0,148.0,155.8,33000,51.6,47,30000.0,90.91,2026-09-25
KAUSHALYA,BE,25-Sep-2026,859.9,826.05,849.9,826.05,835.7,76,0.64,11,,,2026-09-25
KAVDEFENCE,BE,25-Sep-2026,83.0,82.3,84.5,79.52,82.34,185913,152.49,1402,,,2026-09-25
KAYA,BE,25-Sep-2026,313.05,314.55,327.8,310.25,316.8,3460,11.09,86,,,2026-09-25
KAYNES,EQ,25-Sep-2026,3509.5,3530.0,3658.0,3515.0,3650.0,1327893,47974.11,74779,389684.0,29.35,2026-09-25
KAYTEX,SM,25-Sep-2026,57.05,58.0,58.5,56.5,56.6,4000,2.3,5,4000.0,100.0,2026-09-25
KCEIL,SM,25-Sep-2026,82.4,84.25,84.25,75.15,78.75,23500,18.93,44,17500.0,74.47,2026-09-25
KCK,ST,25-Sep-2026,13.65,13.8,14.05,13.6,14.0,47500,6.56,13,47500.0,100.0,2026-09-25
KCP,EQ,25-Sep-2026,159.18,158.45,164.52,156.65,163.29,147091,237.36,3144,65160.0,44.3,2026-09-25
KCPSUGIND,BE,25-Sep-2026,29.01,29.5,30.46,29.21,30.33,101593,30.37,390,,,2026-09-25
KDDL,EQ,25-Sep-2026,4119.8,4200.0,4200.0,4018.0,4033.4,46381,1886.67,9347,22313.0,48.11,2026-09-25
KDGREEN,EQ,25-Sep-2026,50.22,50.43,53.4,49.35,50.1,197677,101.63,835,42339.0,21.42,2026-09-25
KDL,SM,25-Sep-2026,60.85,57.85,57.85,57.85,57.85,10500,6.07,34,10500.0,100.0,2026-09-25
KEC,EQ,25-Sep-2026,395.4,395.4,398.5,391.0,396.95,528148,2082.19,16577,229322.0,43.42,2026-09-25
KECL,EQ,25-Sep-2026,122.75,125.65,127.5,121.21,126.17,93028,115.96,1954,47794.0,51.38,2026-09-25
KEEPLEARN,EQ,25-Sep-2026,1.82,1.82,1.91,1.81,1.85,9589,0.18,69,6820.0,71.12,2026-09-25
KEI,EQ,25-Sep-2026,4636.5,4636.5,4712.5,4624.0,4673.5,140880,6571.35,17408,48786.0,34.63,2026-09-25
KELLTONTEC,EQ,25-Sep-2026,13.48,13.56,13.56,13.25,13.46,1120196,150.1,2647,423624.0,37.82,2026-09-25
KEN,SM,25-Sep-2026,43.75,42.15,42.75,42.15,42.75,2400,1.02,2,2400.0,100.0,2026-09-25
KENNAMET,EQ,25-Sep-2026,4266.4,4275.8,4275.8,4129.2,4207.2,26620,1118.53,5448,14279.0,53.64,2026-09-25
KERNEX,EQ,25-Sep-2026,1700.8,1706.0,1724.0,1684.0,1693.5,93740,1590.11,9148,41290.0,44.05,2026-09-25
KESORAMIND,BE,25-Sep-2026,11.39,11.39,11.69,10.85,11.57,353967,39.74,506,,,2026-09-25
KEYFINSERV,EQ,25-Sep-2026,231.65,232.0,238.45,225.2,227.35,1538,3.5,116,947.0,61.57,2026-09-25
KFINTECH,EQ,25-Sep-2026,897.95,897.95,908.7,887.95,888.8,436454,3917.17,21494,190452.0,43.64,2026-09-25
KHADIM,BE,25-Sep-2026,120.49,120.0,120.0,118.09,118.1,12146,14.38,56,,,2026-09-25
KHAICHEM,EQ,25-Sep-2026,49.41,49.41,50.0,49.0,49.59,75324,37.21,1403,41261.0,54.78,2026-09-25
KHAITANLTD,EQ,25-Sep-2026,150.34,148.0,149.5,143.0,146.01,2475,3.62,86,1717.0,69.37,2026-09-25
KHANDSE,EQ,25-Sep-2026,18.07,18.47,18.47,17.13,17.82,2115,0.37,84,1372.0,64.87,2026-09-25
KHERIAAUTO,ST,25-Sep-2026,103.05,102.0,103.9,97.9,99.6,248400,249.05,163,218400.0,87.92,2026-09-25
KHFM,SM,25-Sep-2026,43.45,40.2,43.9,40.2,42.25,23250,9.62,15,13950.0,60.0,2026-09-25
KICL,EQ,25-Sep-2026,4940.5,4998.0,5020.0,4925.0,5009.5,855,42.44,214,585.0,68.42,2026-09-25
KILITCH,BE,25-Sep-2026,217.23,217.23,227.0,211.0,224.27,32455,72.16,357,,,2026-09-25
KIMS,EQ,25-Sep-2026,800.45,800.95,801.0,775.95,780.15,346140,2710.13,23360,192256.0,55.54,2026-09-25
KINGFA,EQ,25-Sep-2026,6228.5,6279.0,6279.0,6175.0,6237.5,5672,353.28,2063,3098.0,54.62,2026-09-25
KIOCL,EQ,25-Sep-2026,340.65,340.0,346.0,338.05,340.75,59387,202.74,2603,13267.0,22.34,2026-09-25
KIRANVYPAR,EQ,25-Sep-2026,203.41,203.41,208.99,191.0,201.15,3929,7.86,160,2784.0,70.86,2026-09-25
KIRIINDUS,EQ,25-Sep-2026,559.9,563.0,570.0,552.15,557.5,631430,3532.39,13082,252191.0,39.94,2026-09-25
KIRLFER,EQ,25-Sep-2026,478.2,476.45,485.0,476.45,483.2,146189,706.07,7737,75700.0,51.78,2026-09-25
KIRLOSBROS,EQ,25-Sep-2026,1768.4,1768.4,1790.5,1755.8,1771.9,22399,396.5,3889,8677.0,38.74,2026-09-25
KIRLOSENG,EQ,25-Sep-2026,2164.5,2164.0,2189.2,2125.1,2137.2,166543,3584.61,18762,86997.0,52.24,2026-09-25
KIRLOSIND,EQ,25-Sep-2026,3635.0,3635.0,3649.1,3556.0,3597.5,5403,194.32,1366,2627.0,48.62,2026-09-25
KIRLPNU,EQ,25-Sep-2026,697.75,699.8,699.8,685.5,691.95,72155,499.0,5898,40303.0,55.86,2026-09-25
KISSHT,EQ,25-Sep-2026,337.3,337.0,349.95,332.7,348.4,1179779,4056.24,34560,541964.0,45.94,2026-09-25
KITEX,EQ,25-Sep-2026,118.65,116.25,119.06,114.49,117.68,551363,641.77,6248,167364.0,30.35,2026-09-25
KJMCFIN,EQ,25-Sep-2026,59.84,60.05,60.05,60.05,60.05,56,0.03,3,56.0,100.0,2026-09-25
KKCL,EQ,25-Sep-2026,469.3,472.0,476.55,465.0,467.85,67003,314.93,1515,58057.0,86.65,2026-09-25
KKJEWELS,SM,25-Sep-2026,96.15,94.85,95.85,94.85,95.4,3000,2.86,3,2000.0,66.67,2026-09-25
KKVAPOW,SM,25-Sep-2026,326.8,311.25,311.25,310.5,310.85,342,1.06,2,342.0,100.0,2026-09-25
KLBRENG-B,EQ,25-Sep-2026,517.9,517.9,527.2,516.1,521.75,87220,455.29,3549,42090.0,48.26,2026-09-25
KLL,ST,25-Sep-2026,46.0,46.0,47.3,43.7,44.45,121600,54.05,86,104800.0,86.18,2026-09-25
KMCSHIL,EQ,25-Sep-2026,157.92,157.92,159.11,154.01,156.23,138169,215.25,3368,58501.0,42.34,2026-09-25
KMEW,EQ,25-Sep-2026,2890.6,2905.0,2924.7,2852.0,2865.1,31064,895.31,6674,12802.0,41.21,2026-09-25
KMSUGAR,EQ,25-Sep-2026,29.06,29.2,33.02,29.2,32.46,1179803,377.42,8320,512163.0,43.41,2026-09-25
KNACK,EQ,25-Sep-2026,182.25,181.94,188.0,178.1,181.98,325182,587.78,6338,134103.0,41.24,2026-09-25
KNAGRI,EQ,25-Sep-2026,213.63,218.5,218.5,201.05,204.76,5907,12.2,321,3608.0,61.08,2026-09-25
KNRCON,EQ,25-Sep-2026,120.03,120.09,121.1,118.75,120.27,800438,960.32,8607,351086.0,43.86,2026-09-25
KODYTECH,ST,25-Sep-2026,1527.25,1501.0,1539.0,1500.0,1515.0,2600,39.25,23,2300.0,88.46,2026-09-25
KOHINOOR,EQ,25-Sep-2026,30.82,31.9,31.9,30.53,31.05,90283,27.88,1635,18317.0,20.29,2026-09-25
KOKUYOCMLN,EQ,25-Sep-2026,76.64,77.49,77.49,76.0,76.03,9366,7.15,265,6252.0,66.75,2026-09-25
KOLTEPATIL,EQ,25-Sep-2026,432.05,433.0,437.9,429.4,432.0,33128,143.46,1784,18457.0,55.71,2026-09-25
KONSTELEC,ST,25-Sep-2026,58.85,57.3,60.85,57.3,59.85,6000,3.56,6,4000.0,66.67,2026-09-25
KONTOR,SM,25-Sep-2026,51.6,57.95,57.95,57.95,57.95,600,0.35,1,600.0,100.0,2026-09-25
KOPRAN,EQ,25-Sep-2026,270.81,271.8,287.0,270.18,284.53,662546,1849.04,9510,265543.0,40.08,2026-09-25
KORE,ST,25-Sep-2026,171.6,163.05,180.15,163.05,180.15,20250,36.37,31,19750.0,97.53,2026-09-25
KOTAKBANK,EQ,25-Sep-2026,405.0,406.9,407.95,399.3,404.0,18175573,73344.47,135524,13329647.0,73.34,2026-09-25
KOTARISUG,BE,25-Sep-2026,26.83,27.09,27.8,27.0,27.52,37765,10.34,188,,,2026-09-25
KOTHARIPET,EQ,25-Sep-2026,134.01,134.7,135.78,133.0,133.52,20022,26.79,646,9823.0,49.06,2026-09-25
KOTHARIPRO,EQ,25-Sep-2026,67.13,67.13,68.44,66.0,67.97,11027,7.37,259,9000.0,81.62,2026-09-25
KOTIC,EQ,25-Sep-2026,143.82,143.8,155.0,143.0,150.41,18933,27.77,851,9054.0,47.82,2026-09-25
KOTYARK,BE,25-Sep-2026,31.3,31.0,31.49,30.62,31.2,72118,22.41,264,,,2026-09-25
KOVAI,EQ,25-Sep-2026,6101.0,6101.0,6148.0,6063.0,6090.5,3285,200.16,953,1897.0,57.75,2026-09-25
KPEL,EQ,25-Sep-2026,221.55,219.27,226.0,219.21,222.43,284030,632.01,5860,168129.0,59.19,2026-09-25
KPIGREEN,EQ,25-Sep-2026,333.2,334.7,346.25,329.5,339.75,1557582,5221.53,25566,649057.0,41.67,2026-09-25
KPIL,EQ,25-Sep-2026,1399.6,1406.6,1418.6,1385.1,1391.2,128530,1794.77,15424,36076.0,28.07,2026-09-25
KPITTECH,EQ,25-Sep-2026,516.85,517.95,519.5,507.8,519.4,1244484,6410.51,29752,474903.0,38.16,2026-09-25
KPL,EQ,25-Sep-2026,3642.1,3667.8,3774.4,3639.0,3672.3,32185,1190.05,6856,12439.0,38.65,2026-09-25
KPRMILL,EQ,25-Sep-2026,1113.8,1118.0,1120.9,1101.1,1106.4,79073,877.05,12563,38962.0,49.27,2026-09-25
KRBL,EQ,25-Sep-2026,398.2,396.0,407.3,393.3,398.65,459998,1835.83,12505,225059.0,48.93,2026-09-25
KREBSBIO,EQ,25-Sep-2026,57.66,58.23,59.4,55.93,56.94,2532,1.44,68,1107.0,43.72,2026-09-25
KRIDHANINF,EQ,25-Sep-2026,1.85,1.85,1.88,1.79,1.86,58123,1.05,125,44532.0,76.62,2026-09-25
KRISHANA,EQ,25-Sep-2026,184.51,186.23,188.0,183.15,187.24,356024,663.45,4193,209685.0,58.9,2026-09-25
KRISHCA,SM,25-Sep-2026,216.7,219.0,219.0,205.0,206.85,93500,195.76,160,65500.0,70.05,2026-09-25
KRISHIVAL,EQ,25-Sep-2026,411.3,415.0,415.0,411.5,413.4,11444,47.35,362,10001.0,87.39,2026-09-25
KRISHNADEF,EQ,25-Sep-2026,1015.5,1023.1,1029.1,995.0,1006.8,60791,611.97,4541,29944.0,49.26,2026-09-25
KRITI,EQ,25-Sep-2026,61.65,63.5,63.5,60.51,61.21,6972,4.28,173,5827.0,83.58,2026-09-25
KRITIKA,EQ,25-Sep-2026,5.02,5.02,5.09,5.0,5.04,88017,4.43,393,73576.0,83.59,2026-09-25
KRITINUT,EQ,25-Sep-2026,77.81,77.9,78.96,76.21,77.49,7037,5.44,145,6235.0,88.6,2026-09-25
KRMAYURVED,SM,25-Sep-2026,300.3,300.3,303.0,294.1,298.7,33000,98.5,33,27000.0,81.82,2026-09-25
KRN,EQ,25-Sep-2026,1401.6,1401.1,1433.4,1373.8,1381.8,180039,2511.78,19600,96076.0,53.36,2026-09-25
KRONOX,BE,25-Sep-2026,196.75,205.0,206.58,198.01,206.58,145260,299.46,843,,,2026-09-25
KROSS,EQ,25-Sep-2026,272.9,274.85,274.99,262.22,267.87,812431,2180.57,20303,303754.0,37.39,2026-09-25
KRSNAA,EQ,25-Sep-2026,551.25,552.0,552.0,542.1,548.45,23523,128.7,2230,11358.0,48.28,2026-09-25
KRT,RR,25-Sep-2026,113.87,113.87,114.0,113.16,113.88,1508192,1715.85,3019,1383935.0,91.76,2026-09-25
KRYSTAL,EQ,25-Sep-2026,637.5,639.35,643.95,629.15,631.55,6661,42.26,468,3769.0,56.58,2026-09-25
KSB,EQ,25-Sep-2026,802.15,802.15,825.45,802.15,819.1,270689,2208.72,13326,160304.0,59.22,2026-09-25
KSCL,EQ,25-Sep-2026,783.85,798.9,845.6,777.3,804.55,9425259,76248.6,198021,549300.0,5.83,2026-09-25
KSE,EQ,25-Sep-2026,181.11,183.15,183.15,178.0,180.76,6455,11.66,295,4602.0,71.29,2026-09-25
KSHINTL,EQ,25-Sep-2026,1036.0,1036.3,1048.0,1024.95,1035.5,131534,1361.14,11027,51807.0,39.39,2026-09-25
KSHITIJPOL,EQ,25-Sep-2026,5.06,4.81,4.81,4.81,4.81,497252,23.92,824,497252.0,100.0,2026-09-25
KSL,EQ,25-Sep-2026,974.2,974.2,984.5,957.0,964.7,94739,915.47,5297,56087.0,59.2,2026-09-25
KSOLVES,EQ,25-Sep-2026,249.15,252.0,258.5,243.55,248.5,44119,109.32,2236,22531.0,51.07,2026-09-25
KSR,BE,25-Sep-2026,37.8,37.2,38.6,36.06,38.49,6536,2.47,58,,,2026-09-25
KTKBANK,EQ,25-Sep-2026,338.15,338.15,340.7,333.25,335.5,680592,2292.07,14494,315673.0,46.38,2026-09-25
KUANTUM,EQ,25-Sep-2026,80.17,80.18,82.49,79.25,79.59,97440,78.27,1468,52802.0,54.19,2026-09-25
KUSUMGAR,EQ,25-Sep-2026,620.1,620.95,629.7,611.1,626.7,190712,1185.32,11380,89384.0,46.87,2026-09-25
KWIL,EQ,25-Sep-2026,40.81,40.8,41.55,40.45,41.03,5147575,2107.85,20765,2076479.0,40.34,2026-09-25
LADDERUP,BE,25-Sep-2026,53.63,52.06,54.99,52.0,52.0,1072,0.56,15,,,2026-09-25
LAGNAM,EQ,25-Sep-2026,74.99,76.48,76.48,73.15,74.99,938,0.7,31,719.0,76.65,2026-09-25
LAHOTIOV,EQ,25-Sep-2026,38.28,39.8,40.0,38.9,39.9,3662,1.44,41,3421.0,93.42,2026-09-25
LAKPRE,BZ,25-Sep-2026,5.09,5.09,5.09,5.09,5.09,610,0.03,3,,,2026-09-25
LAKSHMIMIL,EQ,25-Sep-2026,7780.5,8001.0,8001.0,7600.0,7729.0,87,6.7,33,62.0,71.26,2026-09-25
LAKSHYA,SM,25-Sep-2026,107.8,113.15,113.15,110.0,113.15,17600,19.86,19,15200.0,86.36,2026-09-25
LAL,EQ,25-Sep-2026,9.07,9.2,9.22,8.63,8.83,15168,1.35,130,9173.0,60.48,2026-09-25
LALITHAA,EQ,25-Sep-2026,370.5,389.0,389.0,355.2,366.35,11964094,44340.65,127391,4818382.0,40.27,2026-09-25
LALPATHLAB,EQ,25-Sep-2026,1961.3,1980.0,1986.8,1902.7,1952.3,452137,8801.39,43609,151424.0,33.49,2026-09-25
LAMBODHARA,EQ,25-Sep-2026,139.46,147.0,154.5,141.05,144.57,644953,957.58,8239,93836.0,14.55,2026-09-25
LAMOSAIC,ST,25-Sep-2026,51.0,51.7,51.7,48.65,48.75,216600,108.36,47,213600.0,98.61,2026-09-25
LANCER,EQ,25-Sep-2026,11.59,11.59,11.77,11.5,11.62,111096,12.89,506,75173.0,67.66,2026-09-25
LANCORHOL,BE,25-Sep-2026,34.03,35.4,35.4,32.45,33.59,60196,20.13,182,,,2026-09-25
LANDMARK,EQ,25-Sep-2026,489.05,489.05,492.95,482.2,488.55,54874,266.9,3374,23929.0,43.61,2026-09-25
LANDSMILL,EQ,25-Sep-2026,0.52,0.53,0.62,0.52,0.62,6935351,39.17,692,5037276.0,72.63,2026-09-25
LAOPALA,EQ,25-Sep-2026,160.21,159.63,161.79,159.02,160.78,40051,64.28,1295,18850.0,47.06,2026-09-25
LARGEMID50,EQ,25-Sep-2026,35.1,35.08,35.18,34.99,35.02,2230,0.78,16,2027.0,90.9,2026-09-25
LASERPOWER,EQ,25-Sep-2026,274.5,276.9,276.9,270.5,272.1,364686,994.74,8592,211496.0,57.99,2026-09-25
LATENTVIEW,EQ,25-Sep-2026,245.4,245.0,245.75,240.5,243.75,382848,929.47,12173,207258.0,54.14,2026-09-25
LATTEYS,EQ,25-Sep-2026,20.08,20.0,20.9,20.0,20.67,77039,15.75,160,54118.0,70.25,2026-09-25
LAURUSLABS,EQ,25-Sep-2026,2026.2,2026.0,2040.0,1979.2,2007.0,1442142,28804.36,41192,674813.0,46.79,2026-09-25
LAXMICOT,EQ,25-Sep-2026,13.23,13.11,13.5,12.71,13.31,5195,0.68,66,4439.0,85.45,2026-09-25
LAXMIDENTL,EQ,25-Sep-2026,197.05,197.05,200.84,196.02,199.07,64495,128.28,3366,37289.0,57.82,2026-09-25
LAXMIINDIA,EQ,25-Sep-2026,120.66,121.0,123.45,116.99,122.06,280318,336.03,2549,155284.0,55.4,2026-09-25
LCCINFOTEC,EQ,25-Sep-2026,4.03,4.23,4.23,4.04,4.23,590793,24.84,471,405402.0,68.62,2026-09-25
LCCPROJECT,EQ,25-Sep-2026,144.22,150.5,154.8,146.21,149.14,7022813,10531.99,58279,1055518.0,15.03,2026-09-25
LCL,EQ,25-Sep-2026,575.55,574.8,609.4,573.25,594.7,1672547,9999.91,81031,524764.0,31.38,2026-09-25
LEAPIND,EQ,25-Sep-2026,143.09,143.0,143.64,138.88,139.92,1105790,1556.74,15181,511366.0,46.24,2026-09-25
LEENEE,BE,25-Sep-2026,7.8,7.99,8.18,7.41,7.61,25593,1.98,62,,,2026-09-25
LEMERITE,EQ,25-Sep-2026,20.59,20.01,21.54,20.01,21.06,219022,45.59,628,52838.0,24.12,2026-09-25
LEMONTREE,EQ,25-Sep-2026,106.72,106.8,107.04,104.86,106.15,1851366,1960.77,15470,1076824.0,58.16,2026-09-25
LENSKART,EQ,25-Sep-2026,676.0,676.5,683.6,668.0,680.25,2373847,16020.55,76856,1315390.0,55.41,2026-09-25
LEXUS,EQ,25-Sep-2026,12.19,12.49,12.7,12.03,12.18,15220,1.86,148,12522.0,82.27,2026-09-25
LFIC,EQ,25-Sep-2026,136.36,136.0,136.36,132.3,133.06,655,0.87,51,440.0,67.18,2026-09-25
LGBBROSLTD,EQ,25-Sep-2026,1745.3,1750.0,1778.0,1730.0,1735.3,16354,286.76,3183,7675.0,46.93,2026-09-25
LGEINDIA,EQ,25-Sep-2026,1697.7,1711.0,1734.2,1687.2,1725.4,883000,15189.69,86078,427887.0,48.46,2026-09-25
LGHL,EQ,25-Sep-2026,181.48,183.51,183.51,180.31,182.99,27844,50.7,119,17712.0,63.61,2026-09-25
LIBAS,EQ,25-Sep-2026,12.02,12.35,12.65,11.87,12.38,54262,6.66,291,31145.0,57.4,2026-09-25
LIBERTSHOE,EQ,25-Sep-2026,237.84,240.8,242.0,234.5,235.92,21983,52.12,986,11013.0,50.1,2026-09-25
LICHSGFIN,EQ,25-Sep-2026,564.25,564.75,569.55,558.6,566.0,1070523,6039.43,16819,484704.0,45.28,2026-09-25
LICI,EQ,25-Sep-2026,406.0,404.0,410.05,403.05,409.05,11594970,47224.68,85536,7803023.0,67.3,2026-09-25
LICMFGOLD,EQ,25-Sep-2026,134.5,135.2,135.85,134.7,135.7,16779,22.7,301,10890.0,64.9,2026-09-25
LICNETFGSC,EQ,25-Sep-2026,29.16,29.08,29.32,29.06,29.07,14187,4.13,77,12918.0,91.06,2026-09-25
LICNETFN50,EQ,25-Sep-2026,260.13,260.13,261.32,259.13,260.11,356,0.93,25,340.0,95.51,2026-09-25
LICNETFSEN,EQ,25-Sep-2026,835.18,840.4,840.4,829.39,829.39,66,0.55,4,65.0,98.48,2026-09-25
LICNFNHGP,EQ,25-Sep-2026,275.99,269.09,275.87,266.01,267.86,2439,6.49,42,2235.0,91.64,2026-09-25
LICNMID100,EQ,25-Sep-2026,61.29,61.29,62.21,61.03,61.67,2811,1.72,75,1869.0,66.49,2026-09-25
LIKHITHA,EQ,25-Sep-2026,227.38,225.12,234.53,225.0,230.23,35441,81.28,1192,19166.0,54.08,2026-09-25
LINC,EQ,25-Sep-2026,92.24,93.16,94.15,91.23,93.23,5802,5.4,253,4548.0,78.39,2026-09-25
LINCOLN,EQ,25-Sep-2026,594.65,595.1,604.8,586.85,591.0,24670,145.81,2102,14582.0,59.11,2026-09-25
LINDEINDIA,EQ,25-Sep-2026,6196.5,6185.0,6203.5,6102.5,6142.5,9751,598.65,4030,5215.0,53.48,2026-09-25
LIQGRWBEES,EQ,25-Sep-2026,1056.71,1056.25,1057.12,1056.25,1057.1,28990,306.45,183,11648.0,40.18,2026-09-25
LIQUID,EQ,25-Sep-2026,999.99,974.99,1000.0,974.99,999.99,179303,1793.02,140,141568.0,78.95,2026-09-25
LIQUID1,EQ,25-Sep-2026,1123.96,1123.96,1124.42,1123.96,1124.41,1239705,13939.39,995,1008810.0,81.38,2026-09-25
LIQUIDADD,EQ,25-Sep-2026,1146.08,1146.51,1149.59,1145.41,1146.53,957341,10976.26,658,804293.0,84.01,2026-09-25
LIQUIDBEES,EQ,25-Sep-2026,999.99,999.99,1000.01,999.99,999.99,4213190,42131.68,4323,3521913.0,83.59,2026-09-25
LIQUIDBETA,EQ,25-Sep-2026,1009.22,1009.62,1009.64,1009.62,1009.64,194,1.96,7,158.0,81.44,2026-09-25
LIQUIDBETF,EQ,25-Sep-2026,1100.05,1100.49,1100.49,1100.47,1100.48,510890,5622.25,131,367856.0,72.0,2026-09-25
LIQUIDCASE,EQ,25-Sep-2026,116.06,116.11,116.11,116.09,116.1,16875461,19592.98,8629,13771060.0,81.6,2026-09-25
LIQUIDETF,EQ,25-Sep-2026,1000.0,999.99,1000.01,999.99,999.99,59439,594.39,208,43416.0,73.04,2026-09-25
LIQUIDIETF,EQ,25-Sep-2026,999.99,999.99,1000.01,999.99,999.99,912286,9122.86,213,452576.0,49.61,2026-09-25
LIQUIDPLUS,EQ,25-Sep-2026,1104.49,1104.94,1104.96,1104.94,1104.95,335120,3702.93,248,249561.0,74.47,2026-09-25
LIQUIDSBI,EQ,25-Sep-2026,1000.01,999.99,1000.01,999.99,1000.0,6659,66.59,28,6297.0,94.56,2026-09-25
LIQUIDSHRI,EQ,25-Sep-2026,1122.71,1123.12,1123.14,1123.12,1123.13,21042,236.33,27,17781.0,84.5,2026-09-25
LKPSEC,EQ,25-Sep-2026,15.02,15.06,15.34,14.76,15.02,12106,1.82,75,11781.0,97.32,2026-09-25
LLOYDS,SM,25-Sep-2026,61.7,59.0,63.0,58.7,63.0,12000,7.27,12,8000.0,66.67,2026-09-25
LLOYDSENGG,EQ,25-Sep-2026,90.91,91.23,99.65,89.06,98.56,60674433,58826.09,223114,16795474.0,27.68,2026-09-25
LLOYDSENT,EQ,25-Sep-2026,75.58,75.58,81.4,74.49,79.67,11961867,9450.01,67000,4788258.0,40.03,2026-09-25
LLOYDSME,EQ,25-Sep-2026,1821.9,1822.0,1851.0,1808.7,1838.0,317553,5814.64,22721,134823.0,42.46,2026-09-25
LMW,EQ,25-Sep-2026,17136.0,17146.0,17270.0,17051.0,17133.0,2399,411.39,1221,1107.0,46.14,2026-09-25
LODHA,EQ,25-Sep-2026,1158.0,1150.0,1170.3,1147.0,1165.0,818279,9483.86,22506,351620.0,42.97,2026-09-25
LOKESHMACH,EQ,25-Sep-2026,342.9,342.25,345.65,335.6,340.2,20313,69.24,983,6998.0,34.45,2026-09-25
LORDSCHLO,EQ,25-Sep-2026,134.5,138.1,153.8,133.12,148.2,302916,433.42,2969,175429.0,57.91,2026-09-25
LOTUSCHO,EQ,25-Sep-2026,566.15,566.15,578.9,554.6,556.6,3140,17.88,339,2358.0,75.1,2026-09-25
LOTUSDEV,BE,25-Sep-2026,219.05,220.14,223.2,211.15,217.99,723532,1580.89,3534,,,2026-09-25
LOTUSEYE,EQ,25-Sep-2026,113.23,113.23,115.5,112.2,115.07,6263,7.18,235,5039.0,80.46,2026-09-25
LOVABLE,EQ,25-Sep-2026,69.7,69.83,70.78,69.5,69.68,4906,3.43,236,3317.0,67.61,2026-09-25
LOWVOL,EQ,25-Sep-2026,198.01,197.64,198.48,197.08,198.45,485,0.96,11,411.0,84.74,2026-09-25
LOWVOL1,EQ,25-Sep-2026,20.16,20.16,20.39,20.15,20.17,221497,44.76,15542,145966.0,65.9,2026-09-25
LOWVOLIETF,EQ,25-Sep-2026,21.2,21.3,21.3,21.14,21.18,568565,120.44,16210,307032.0,54.0,2026-09-25
LOYALTEX,EQ,25-Sep-2026,223.98,231.8,231.8,215.25,222.19,993,2.19,78,770.0,77.54,2026-09-25
LPDC,EQ,25-Sep-2026,6.63,6.6,6.69,6.42,6.51,20129,1.31,187,15213.0,75.58,2026-09-25
LRRPL,SM,25-Sep-2026,98.0,97.0,97.0,93.5,93.5,10500,10.09,4,10500.0,100.0,2026-09-25
LT,EQ,25-Sep-2026,3858.4,3865.0,3887.5,3842.4,3876.2,1230579,47518.32,67845,759705.0,61.74,2026-09-25
LTF,EQ,25-Sep-2026,282.0,284.95,285.75,280.05,284.0,6184736,17505.02,50982,1520316.0,24.58,2026-09-25
LTFOODS,EQ,25-Sep-2026,424.5,424.0,429.35,418.9,422.35,248790,1051.87,18246,109662.0,44.08,2026-09-25
LTGILTBEES,EQ,25-Sep-2026,29.62,29.68,29.68,29.55,29.65,1128149,334.06,700,959644.0,85.06,2026-09-25
LTGILTCASE,EQ,25-Sep-2026,30.22,30.3,30.3,30.18,30.22,251096,75.86,162,250823.0,99.89,2026-09-25
LTM,EQ,25-Sep-2026,4038.0,4038.0,4083.0,3996.0,4083.0,302018,12232.03,21453,117781.0,39.0,2026-09-25
LTTS,EQ,25-Sep-2026,3209.1,3218.6,3229.0,3178.0,3206.1,23468,750.86,7300,9685.0,41.27,2026-09-25
LUMAXIND,EQ,25-Sep-2026,5732.5,5685.5,5824.5,5663.5,5769.0,4537,261.44,2232,1743.0,38.42,2026-09-25
LUMAXTECH,EQ,25-Sep-2026,2068.8,2074.8,2091.5,2022.0,2026.8,68866,1410.14,13457,31936.0,46.37,2026-09-25
LUMINO,EQ,25-Sep-2026,107.22,107.8,108.51,104.0,105.26,4053465,4283.37,22738,980181.0,24.18,2026-09-25
LUPIN,EQ,25-Sep-2026,2100.7,2091.3,2095.7,2077.5,2092.0,431672,9002.37,27400,259599.0,60.14,2026-09-25
LUXIND,EQ,25-Sep-2026,1167.8,1166.0,1218.0,1156.0,1174.7,50486,602.07,4896,17788.0,35.23,2026-09-25
LXCHEM,EQ,25-Sep-2026,180.61,180.79,182.99,178.9,181.42,617908,1119.0,12812,191752.0,31.03,2026-09-25
LYKALABS,BE,25-Sep-2026,87.0,86.5,86.5,85.85,85.85,3962,3.41,31,,,2026-09-25
M&M,EQ,25-Sep-2026,2982.7,2965.0,3045.0,2965.0,3035.0,2080300,62647.41,88682,1351546.0,64.97,2026-09-25
M&MFIN,EQ,25-Sep-2026,339.9,341.45,341.45,330.2,333.1,1662139,5549.0,42521,862995.0,51.92,2026-09-25
MAANALU,EQ,25-Sep-2026,102.62,103.64,104.06,99.85,100.18,103573,104.52,1633,78880.0,76.16,2026-09-25
MACPOWER,EQ,25-Sep-2026,2061.1,2072.0,2084.0,2022.0,2062.5,22980,470.76,3252,9962.0,43.35,2026-09-25
MADHAV,EQ,25-Sep-2026,34.46,34.12,36.0,34.0,35.77,3191,1.14,72,3017.0,94.55,2026-09-25
MADHAVBAUG,ST,25-Sep-2026,168.0,160.05,162.0,160.0,161.25,5200,8.35,13,4800.0,92.31,2026-09-25
MADHAVIPL,EQ,25-Sep-2026,7.59,7.41,7.86,7.36,7.52,80667,6.09,392,61055.0,75.69,2026-09-25
MADHUCON,EQ,25-Sep-2026,4.25,4.26,4.26,4.04,4.19,60505,2.48,86,45219.0,74.74,2026-09-25
MADHURKNIT,SM,25-Sep-2026,45.9,47.0,47.4,45.0,47.15,56400,26.21,34,50400.0,89.36,2026-09-25
MADHUSUDAN,ST,25-Sep-2026,224.3,229.0,235.5,229.0,235.5,18000,42.12,18,17000.0,94.44,2026-09-25
MADRASFERT,EQ,25-Sep-2026,60.72,60.72,61.29,60.02,60.17,29816,17.98,599,17598.0,59.02,2026-09-25
MAFANG,EQ,25-Sep-2026,231.32,237.1,239.97,230.0,238.42,607693,1440.42,12739,326267.0,53.69,2026-09-25
MAFATIND,EQ,25-Sep-2026,119.81,119.82,120.45,113.4,116.92,88400,103.36,2060,57331.0,64.85,2026-09-25
MAGADSUGAR,EQ,25-Sep-2026,503.0,505.45,579.0,504.05,551.45,287247,1582.49,14569,45085.0,15.7,2026-09-25
MAGNUM,EQ,25-Sep-2026,18.65,18.65,19.9,18.65,19.02,15051,2.9,102,11844.0,78.69,2026-09-25
MAGSON,SM,25-Sep-2026,180.0,185.0,185.0,180.0,180.0,271000,487.85,32,271000.0,100.0,2026-09-25
MAHABANK,EQ,25-Sep-2026,82.38,82.3,84.88,81.91,84.88,12167444,10187.49,41470,5718813.0,47.0,2026-09-25
MAHAPEXLTD,EQ,25-Sep-2026,51.74,50.98,52.9,50.56,51.58,9986,5.14,126,6379.0,63.88,2026-09-25
MAHASTEEL,BE,25-Sep-2026,1211.9,1255.0,1255.0,1160.6,1232.1,3320,39.89,260,,,2026-09-25
MAHEPC,EQ,25-Sep-2026,98.19,99.98,100.7,97.15,99.02,23032,22.86,410,15073.0,65.44,2026-09-25
MAHESHWARI,EQ,25-Sep-2026,72.7,72.5,73.49,70.0,73.4,8472,6.11,125,4991.0,58.91,2026-09-25
MAHICKRA,SM,25-Sep-2026,297.0,304.8,304.8,304.8,304.8,750,2.29,1,750.0,100.0,2026-09-25
MAHKTECH,EQ,25-Sep-2026,21.78,21.95,21.95,21.7,21.78,396128,86.54,3797,225150.0,56.84,2026-09-25
MAHLIFE,EQ,25-Sep-2026,353.9,353.0,363.5,352.0,356.85,155801,559.16,15498,87978.0,56.47,2026-09-25
MAHLOG,EQ,25-Sep-2026,420.05,420.05,425.0,416.95,420.25,447609,1881.36,7719,329350.0,73.58,2026-09-25
MAHSCOOTER,EQ,25-Sep-2026,13255.0,13254.0,13255.0,12936.0,13052.0,3959,517.0,1191,2718.0,68.65,2026-09-25
MAHSEAMLES,EQ,25-Sep-2026,708.55,708.9,720.85,703.6,715.65,210790,1504.28,13132,74002.0,35.11,2026-09-25
MAITHANALL,EQ,25-Sep-2026,977.1,983.35,983.9,945.75,955.15,79988,768.22,5816,46760.0,58.46,2026-09-25
MAITREYA,SM,25-Sep-2026,116.5,116.5,116.5,111.05,112.0,5600,6.3,13,3600.0,64.29,2026-09-25
MAJESAUT,BE,25-Sep-2026,369.55,373.2,373.8,363.0,366.1,998,3.68,50,,,2026-09-25
MAKEINDIA,EQ,25-Sep-2026,160.93,160.93,161.75,160.47,161.55,11860,19.12,359,4487.0,37.83,2026-09-25
MAKERSL,EQ,25-Sep-2026,189.42,192.5,192.8,188.0,188.4,1595,3.04,47,1364.0,85.52,2026-09-25
MALLCOM,EQ,25-Sep-2026,950.8,967.55,967.55,945.0,946.85,2494,23.68,171,1924.0,77.15,2026-09-25
MALUPAPER,EQ,25-Sep-2026,31.79,32.35,33.8,31.8,32.59,14634,4.8,124,6205.0,42.4,2026-09-25
MAMATA,EQ,25-Sep-2026,403.8,405.0,414.4,403.2,411.9,52767,216.25,3053,22193.0,42.06,2026-09-25
MANAKALUCO,EQ,25-Sep-2026,35.31,35.94,35.95,35.36,35.63,15840,5.66,262,12368.0,78.08,2026-09-25
MANAKCOAT,EQ,25-Sep-2026,131.16,132.56,132.56,128.13,129.91,165927,215.18,2613,83886.0,50.56,2026-09-25
MANAKSIA,EQ,25-Sep-2026,64.03,64.48,65.0,63.61,64.11,21816,14.01,536,8100.0,37.13,2026-09-25
MANAKSTEEL,BE,25-Sep-2026,102.14,102.17,107.0,100.0,105.08,37873,38.7,238,,,2026-09-25
MANALIPETC,EQ,25-Sep-2026,83.28,83.75,85.45,82.35,84.65,1065632,896.93,8642,259721.0,24.37,2026-09-25
MANAPPURAM,EQ,25-Sep-2026,324.95,324.95,334.25,323.25,334.0,4493331,14820.21,39627,1741563.0,38.76,2026-09-25
MANBA,EQ,25-Sep-2026,140.35,140.65,140.8,138.05,139.35,86634,120.89,994,25011.0,28.87,2026-09-25
MANCREDIT,EQ,25-Sep-2026,222.52,220.53,223.9,220.1,221.93,105468,233.97,1033,2993.0,2.84,2026-09-25
MANDEEP,SM,25-Sep-2026,17.75,18.0,18.05,18.0,18.05,12000,2.16,4,12000.0,100.0,2026-09-25
MANGALAM,EQ,25-Sep-2026,31.65,31.65,32.48,31.06,31.83,23815,7.56,509,19744.0,82.91,2026-09-25
MANGLMCEM,EQ,25-Sep-2026,1031.5,1037.5,1037.5,1016.1,1028.6,27439,281.67,2777,12102.0,44.11,2026-09-25
MANIKA,BE,25-Sep-2026,41.46,40.46,42.53,40.0,42.32,513169,212.99,2230,,,2026-09-25
MANILAM,SM,25-Sep-2026,39.0,38.0,38.0,38.0,38.0,2000,0.76,1,2000.0,100.0,2026-09-25
MANINDS,EQ,25-Sep-2026,962.85,968.0,1039.7,955.2,1020.35,1762428,17616.4,66540,336711.0,19.1,2026-09-25
MANINFRA,EQ,25-Sep-2026,124.17,124.17,130.5,123.24,129.95,3830660,4890.2,18845,1783604.0,46.56,2026-09-25
MANIPALHOS,EQ,25-Sep-2026,742.5,739.0,746.55,718.95,727.5,608591,4441.06,27414,261164.0,42.91,2026-09-25
MANKIND,EQ,25-Sep-2026,2500.0,2488.3,2504.6,2454.4,2474.9,333769,8293.37,22445,195627.0,58.61,2026-09-25
MANOMAY,EQ,25-Sep-2026,233.21,238.8,238.8,225.62,229.12,178641,413.07,7359,12175.0,6.82,2026-09-25
MANORAMA,EQ,25-Sep-2026,1882.7,1876.2,1890.0,1860.0,1872.8,117509,2203.78,15915,63219.0,53.8,2026-09-25
MANORG,EQ,25-Sep-2026,453.15,456.25,462.2,450.1,458.9,3558,16.27,221,2379.0,66.86,2026-09-25
MANUFGBEES,EQ,25-Sep-2026,159.0,159.79,162.8,158.67,159.12,19194,30.65,118,16232.0,84.57,2026-09-25
MANUGRAPH,EQ,25-Sep-2026,22.02,23.0,23.0,19.82,19.82,196400,41.08,517,168311.0,85.7,2026-09-25
MANYAVAR,EQ,25-Sep-2026,524.45,524.9,538.65,519.2,532.5,199080,1058.46,12821,79819.0,40.09,2026-09-25
MAPMYINDIA,EQ,25-Sep-2026,882.8,881.4,894.3,873.6,881.9,76763,677.99,5282,29422.0,38.33,2026-09-25
MARALOVER,EQ,25-Sep-2026,58.93,59.0,60.65,57.62,58.61,6753,3.99,147,5404.0,80.02,2026-09-25
MARATHON,EQ,25-Sep-2026,410.8,408.75,416.4,405.1,411.7,24860,102.24,1620,10652.0,42.85,2026-09-25
MARC,ST,25-Sep-2026,150.95,149.95,152.0,144.1,148.05,3600,5.35,3,3600.0,100.0,2026-09-25
MARCO,SM,25-Sep-2026,29.7,29.2,30.0,29.0,30.0,6000,1.76,4,4500.0,75.0,2026-09-25
MARICO,EQ,25-Sep-2026,824.55,822.0,824.0,807.05,819.0,459905,3744.37,15500,244990.0,53.27,2026-09-25
MARINE,EQ,25-Sep-2026,401.5,404.55,418.75,396.0,413.75,1423212,5795.49,34577,560894.0,39.41,2026-09-25
MARKOLINES,EQ,25-Sep-2026,167.42,168.09,170.5,166.15,169.78,190364,322.16,1424,32217.0,16.92,2026-09-25
MARKSANS,EQ,25-Sep-2026,337.4,337.5,341.95,331.85,336.95,1452979,4889.66,39411,482493.0,33.21,2026-09-25
MARSONS,EQ,25-Sep-2026,124.37,124.7,126.3,122.4,122.87,1463687,1811.7,9144,280103.0,19.14,2026-09-25
MARUSHIKA,SM,25-Sep-2026,117.0,117.0,117.0,117.0,117.0,3600,4.21,3,3600.0,100.0,2026-09-25
MARUTI,EQ,25-Sep-2026,11990.0,11997.0,12098.0,11975.0,12065.0,283642,34128.77,36473,173044.0,61.01,2026-09-25
MASFIN,EQ,25-Sep-2026,280.35,280.35,284.15,275.0,282.75,226045,630.62,9349,129320.0,57.21,2026-09-25
MASKINVEST,EQ,25-Sep-2026,140.81,140.0,147.0,140.0,145.06,177,0.25,9,127.0,71.75,2026-09-25
MASON,SM,25-Sep-2026,110.0,107.35,113.0,107.0,113.0,22500,24.77,40,17000.0,75.56,2026-09-25
MASPTOP50,EQ,25-Sep-2026,96.78,98.69,102.5,95.65,98.49,1342201,1332.07,14643,569544.0,42.43,2026-09-25
MASTEK,EQ,25-Sep-2026,1543.6,1543.6,1606.3,1515.3,1582.8,197473,3084.79,21528,42203.0,21.37,2026-09-25
MASTER,SM,25-Sep-2026,395.05,404.0,404.0,395.0,395.0,1500,5.97,3,1500.0,100.0,2026-09-25
MASTERTR,EQ,25-Sep-2026,85.21,85.21,86.65,82.5,84.87,362110,303.41,2605,110898.0,30.63,2026-09-25
MATRIMONY,EQ,25-Sep-2026,538.55,538.55,540.0,528.05,535.4,2598,13.9,218,2003.0,77.1,2026-09-25
MAWANASUG,EQ,25-Sep-2026,130.7,130.0,153.51,130.0,149.64,2561542,3715.19,27053,500060.0,19.52,2026-09-25
MAXESTATES,EQ,25-Sep-2026,616.8,616.9,625.45,589.1,594.65,156458,943.74,7243,64111.0,40.98,2026-09-25
MAXHEALTH,EQ,25-Sep-2026,1046.0,1050.0,1052.0,1008.0,1014.0,1900715,19417.53,39404,1090852.0,57.39,2026-09-25
MAXIND,EQ,25-Sep-2026,149.22,147.73,149.95,146.01,148.45,16908,24.95,638,10505.0,62.13,2026-09-25
MAXPOSURE,SM,25-Sep-2026,37.05,36.7,39.1,36.7,38.75,8000,3.06,7,7000.0,87.5,2026-09-25
MAXVOLT,SM,25-Sep-2026,432.4,447.0,452.95,414.0,426.1,122000,532.34,272,72000.0,59.02,2026-09-25
MAYASHEEL,SM,25-Sep-2026,33.35,34.95,35.0,33.45,33.75,27000,9.2,9,24000.0,88.89,2026-09-25
MAYURUNIQ,EQ,25-Sep-2026,733.1,733.1,735.0,712.5,729.6,122295,881.35,4842,73860.0,60.39,2026-09-25
MAZDA,BE,25-Sep-2026,267.55,278.8,280.9,270.05,280.05,68878,192.64,548,,,2026-09-25
MAZDOCK,EQ,25-Sep-2026,2202.0,2202.0,2217.0,2185.6,2199.6,426521,9370.87,21487,153479.0,35.98,2026-09-25
MBAPL,EQ,25-Sep-2026,164.07,163.6,168.99,163.38,168.47,596290,998.93,9824,290049.0,48.64,2026-09-25
MBECL,BE,25-Sep-2026,447.46,456.4,456.4,456.4,456.4,6303,28.77,142,,,2026-09-25
MBEL,EQ,25-Sep-2026,263.95,265.9,267.25,255.4,257.7,86275,225.29,2360,45946.0,53.26,2026-09-25
MBLINFRA,EQ,25-Sep-2026,20.9,20.5,21.25,20.5,21.12,87140,18.3,264,71303.0,81.83,2026-09-25
MCCHRLS-B,EQ,25-Sep-2026,677.85,685.0,685.0,650.0,681.0,145,0.96,39,127.0,87.59,2026-09-25
MCL,EQ,25-Sep-2026,61.61,62.6,62.6,57.62,59.36,82072,49.18,2242,37257.0,45.4,2026-09-25
MCLEODRUSS,EQ,25-Sep-2026,44.84,44.55,45.06,42.76,43.08,627661,272.5,2762,432447.0,68.9,2026-09-25
MCLOUD,EQ,25-Sep-2026,24.9,24.9,25.0,24.25,24.44,1108651,271.77,3601,562046.0,50.7,2026-09-25
MCON,SM,25-Sep-2026,41.0,43.0,43.0,41.3,41.5,10000,4.18,7,10000.0,100.0,2026-09-25
MCX,EQ,25-Sep-2026,3427.7,3463.6,3481.4,3310.0,3324.9,2386852,80454.95,117918,856654.0,35.89,2026-09-25
MDL,SM,25-Sep-2026,64.95,64.9,64.9,64.9,64.9,1000,0.65,1,1000.0,100.0,2026-09-25
MEDANTA,EQ,25-Sep-2026,1506.2,1506.0,1509.7,1479.9,1495.4,158143,2363.34,20988,82399.0,52.1,2026-09-25
MEDIASSIST,EQ,25-Sep-2026,320.3,318.3,324.95,315.75,319.85,491837,1573.95,12994,344537.0,70.05,2026-09-25
MEDICAMEQ,BE,25-Sep-2026,306.5,307.95,319.8,292.4,315.3,36614,112.54,527,,,2026-09-25
MEDICAPQ,BE,25-Sep-2026,24.99,25.2,25.3,24.6,25.08,2022,0.51,22,,,2026-09-25
MEDICO,EQ,25-Sep-2026,32.5,33.15,33.16,26.0,26.0,3539670,963.16,8488,1858588.0,52.51,2026-09-25
MEDIORG,SM,25-Sep-2026,24.15,24.15,24.15,24.15,24.15,2000,0.48,1,2000.0,100.0,2026-09-25
MEDISTEP,SM,25-Sep-2026,19.0,19.5,19.5,19.5,19.5,9000,1.76,2,9000.0,100.0,2026-09-25
MEDPLUS,EQ,25-Sep-2026,654.25,658.0,661.1,652.0,654.9,122436,802.92,7228,89727.0,73.28,2026-09-25
MEESHO,EQ,25-Sep-2026,232.84,228.93,229.58,216.07,217.06,31497166,69305.69,229061,11892238.0,37.76,2026-09-25
MEGASTAR,EQ,25-Sep-2026,260.9,270.0,270.0,251.25,253.6,3756,9.56,191,3278.0,87.27,2026-09-25
MEGATHERM,SM,25-Sep-2026,251.6,246.5,250.0,240.0,244.95,25200,61.46,48,16800.0,66.67,2026-09-25
MEIL,EQ,25-Sep-2026,272.7,270.15,274.4,268.05,270.8,28972,78.51,1386,16144.0,55.72,2026-09-25
MENNPIS,BE,25-Sep-2026,72.88,72.88,74.77,70.2,71.39,18164,13.11,149,,,2026-09-25
MENONBE,BE,25-Sep-2026,293.25,298.85,306.0,286.1,298.25,30108,89.82,580,,,2026-09-25
MEP,BZ,25-Sep-2026,0.65,0.66,0.66,0.66,0.66,15952,0.11,24,,,2026-09-25
MERCANTILE,EQ,25-Sep-2026,22.59,22.25,22.98,22.01,22.72,524,0.12,25,488.0,93.13,2026-09-25
MERCURYEV,EQ,25-Sep-2026,38.87,39.48,40.24,38.36,39.65,236021,92.53,1505,127414.0,53.98,2026-09-25
METAL,EQ,25-Sep-2026,13.18,13.24,13.3,13.15,13.22,1601435,211.61,4511,701660.0,43.81,2026-09-25
METALIC,ST,25-Sep-2026,171.7,180.25,180.25,180.25,180.25,70400,126.9,35,70400.0,100.0,2026-09-25
METALIETF,EQ,25-Sep-2026,13.11,13.26,13.26,12.89,13.18,2698251,355.26,7092,1408848.0,52.21,2026-09-25
METROBRAND,EQ,25-Sep-2026,884.55,884.85,885.35,856.05,882.0,120763,1057.87,16291,83047.0,68.77,2026-09-25
METROGLOBL,EQ,25-Sep-2026,128.4,128.8,132.0,127.0,127.6,962,1.23,28,842.0,87.53,2026-09-25
METROPOLIS,EQ,25-Sep-2026,582.95,584.95,589.95,572.1,582.6,130509,756.12,9184,71991.0,55.16,2026-09-25
MFML,EQ,25-Sep-2026,19.16,19.54,19.54,18.32,18.75,2763,0.52,34,2485.0,89.94,2026-09-25
MFSL,EQ,25-Sep-2026,1410.0,1390.0,1463.8,1390.0,1458.0,3617694,52241.23,145991,1481000.0,40.94,2026-09-25
MGEL,EQ,25-Sep-2026,15.63,15.79,16.19,15.54,15.99,3205087,512.47,3201,2767529.0,86.35,2026-09-25
MGL,EQ,25-Sep-2026,1079.6,1076.5,1088.0,1062.9,1071.3,104630,1119.79,8021,65429.0,62.53,2026-09-25
MGSL,SM,25-Sep-2026,66.65,69.0,71.85,69.0,70.0,12000,8.44,8,12000.0,100.0,2026-09-25
MHLXMIRU,BE,25-Sep-2026,162.68,162.9,170.81,162.8,170.81,14372,24.34,113,,,2026-09-25
MHRIL,EQ,25-Sep-2026,199.71,200.0,201.15,197.29,200.0,44040,87.84,2632,21491.0,48.8,2026-09-25
MICEL,BE,25-Sep-2026,35.4,36.1,36.1,36.1,36.1,78757,28.43,96,,,2026-09-25
MID150,EQ,25-Sep-2026,22.9,22.9,23.49,22.75,23.39,29486,6.74,265,28151.0,95.47,2026-09-25
MID150BEES,EQ,25-Sep-2026,233.02,234.74,234.75,228.68,231.12,942928,2187.03,17962,520389.0,55.19,2026-09-25
MID150CASE,EQ,25-Sep-2026,11.33,11.2,11.43,11.2,11.33,838893,94.96,3209,610008.0,72.72,2026-09-25
MIDBANKADD,EQ,25-Sep-2026,16.86,16.86,16.94,16.78,16.84,129418,21.8,29,101529.0,78.45,2026-09-25
MIDCAP,EQ,25-Sep-2026,17.93,18.29,18.29,17.75,17.88,315970,56.48,1169,216610.0,68.55,2026-09-25
MIDCAPADD,EQ,25-Sep-2026,22.59,23.04,24.84,22.42,23.4,3690,0.84,82,2494.0,67.59,2026-09-25
MIDCAPBETA,EQ,25-Sep-2026,232.81,228.0,228.5,226.0,227.32,5266,11.96,112,5032.0,95.56,2026-09-25
MIDCAPETF,EQ,25-Sep-2026,23.0,23.0,23.17,22.81,22.96,1975289,453.32,5632,1587319.0,80.36,2026-09-25
MIDCAPIETF,EQ,25-Sep-2026,23.35,23.23,23.57,23.16,23.31,798870,185.8,2340,404800.0,50.67,2026-09-25
MIDHANI,EQ,25-Sep-2026,406.9,407.0,408.8,400.05,405.05,368821,1490.99,12397,138769.0,37.63,2026-09-25
MIDQ50ADD,EQ,25-Sep-2026,24.22,24.16,24.58,24.1,24.23,6389,1.54,167,4840.0,75.76,2026-09-25
MIDSELIETF,EQ,25-Sep-2026,19.19,19.21,19.24,19.0,19.03,415830,79.51,937,222163.0,53.43,2026-09-25
MIDSMALL,EQ,25-Sep-2026,50.98,51.01,51.29,50.79,50.99,130473,66.5,1187,94291.0,72.27,2026-09-25
MIDWESTLTD,EQ,25-Sep-2026,942.6,942.6,956.0,925.8,929.5,45309,423.66,5111,26933.0,59.44,2026-09-25
MIEL,SM,25-Sep-2026,12.9,12.9,12.9,12.9,12.9,2000,0.26,1,2000.0,100.0,2026-09-25
MIIL,EQ,25-Sep-2026,703.9,706.05,710.0,695.1,704.0,40352,283.23,1045,15961.0,39.55,2026-09-25
MILKYMIST,BE,25-Sep-2026,309.16,314.9,323.6,309.7,319.3,1037723,3285.77,13625,,,2026-09-25
MILTON,SM,25-Sep-2026,34.4,34.4,35.1,34.4,35.1,519200,179.87,11,519200.0,100.0,2026-09-25
MINALIND,BE,25-Sep-2026,4.77,4.68,4.68,4.68,4.68,2281,0.11,23,,,2026-09-25
MINDACORP,EQ,25-Sep-2026,680.3,680.3,686.3,674.8,678.85,74927,509.04,10539,41877.0,55.89,2026-09-25
MINDSPACE,RR,25-Sep-2026,504.59,505.79,525.5,504.59,508.08,150483,764.49,4489,125415.0,83.34,2026-09-25
MINDTECK,EQ,25-Sep-2026,155.37,158.25,159.75,155.0,156.55,10484,16.37,539,5888.0,56.16,2026-09-25
MIRZAINT,EQ,25-Sep-2026,28.9,28.6,29.29,28.6,28.92,107153,31.0,809,58959.0,55.02,2026-09-25
MITCON,EQ,25-Sep-2026,89.25,90.65,92.0,86.0,86.77,31191,27.57,337,18023.0,57.78,2026-09-25
MITTAL,EQ,25-Sep-2026,0.74,0.75,0.75,0.7,0.71,4082181,29.55,702,3321196.0,81.36,2026-09-25
MKEXIM,EQ,25-Sep-2026,68.64,70.01,70.01,66.36,69.84,30682,21.07,402,22206.0,72.37,2026-09-25
MKPL,EQ,25-Sep-2026,4.01,4.06,4.06,3.99,4.03,33897,1.36,213,20809.0,61.39,2026-09-25
MLKFOOD,EQ,25-Sep-2026,83.12,83.12,83.12,80.1,82.56,2586,2.12,56,1800.0,69.61,2026-09-25
MMEL,SM,25-Sep-2026,29.8,30.0,30.0,28.8,28.8,6000,1.77,3,6000.0,100.0,2026-09-25
MMFL,EQ,25-Sep-2026,612.75,605.0,627.9,605.0,616.15,47442,292.96,4102,19875.0,41.89,2026-09-25
MMP,EQ,25-Sep-2026,453.95,456.0,464.6,448.6,460.25,37919,173.0,2272,14585.0,38.46,2026-09-25
MMTC,EQ,25-Sep-2026,57.97,58.3,58.72,57.51,58.35,961605,558.45,7546,277488.0,28.86,2026-09-25
MMWL,EQ,25-Sep-2026,14.38,14.98,15.09,14.52,15.09,180905,27.28,103,179856.0,99.42,2026-09-25
MNC,EQ,25-Sep-2026,32.27,32.25,32.35,32.12,32.2,25150,8.1,388,15640.0,62.19,2026-09-25
MOALPHA50,EQ,25-Sep-2026,55.01,55.0,55.04,54.11,54.59,7364,4.03,92,5033.0,68.35,2026-09-25
MOBANK10,EQ,25-Sep-2026,16.35,16.35,16.67,16.35,16.66,16590,2.73,51,12841.0,77.4,2026-09-25
MOBIKWIK,EQ,25-Sep-2026,203.8,203.01,203.31,198.8,200.62,832129,1669.73,10177,356642.0,42.86,2026-09-25
MOBILISE,SM,25-Sep-2026,103.45,103.45,103.45,103.45,103.45,1600,1.66,1,1600.0,100.0,2026-09-25
MOCAPITAL,EQ,25-Sep-2026,53.18,53.58,53.58,52.72,52.97,421273,223.17,2399,207728.0,49.31,2026-09-25
MODEFENCE,EQ,25-Sep-2026,102.77,102.78,103.52,101.3,103.08,882029,906.98,6078,439101.0,49.78,2026-09-25
MODINATUR,EQ,25-Sep-2026,338.5,349.75,353.0,333.05,338.7,6592,22.65,255,3891.0,59.03,2026-09-25
MODIRUBBER,EQ,25-Sep-2026,119.99,118.0,122.4,117.01,121.62,1008,1.22,42,694.0,68.85,2026-09-25
MODIS,EQ,25-Sep-2026,363.2,362.15,369.0,357.05,363.1,19718,71.48,810,13541.0,68.67,2026-09-25
MODISONLTD,BE,25-Sep-2026,457.35,448.0,458.9,436.5,444.05,75555,334.53,1274,,,2026-09-25
MODTHREAD,EQ,25-Sep-2026,47.24,47.49,48.49,46.99,47.32,1995,0.94,68,1595.0,79.95,2026-09-25
MOENERGY,EQ,25-Sep-2026,37.5,37.67,37.75,37.4,37.64,58932,22.16,458,38389.0,65.14,2026-09-25
MOGOLD,EQ,25-Sep-2026,147.6,148.55,149.1,147.85,148.7,8891,13.2,285,4833.0,54.36,2026-09-25
MOGSEC,EQ,25-Sep-2026,64.72,64.72,65.54,64.52,65.32,18488,12.06,141,17016.0,92.04,2026-09-25
MOHEALTH,EQ,25-Sep-2026,52.55,53.0,53.07,52.27,52.4,40177,21.1,500,33440.0,83.23,2026-09-25
MOHITE,EQ,25-Sep-2026,2.41,2.42,2.46,2.37,2.37,27764,0.67,126,24209.0,87.2,2026-09-25
MOHITIND,EQ,25-Sep-2026,23.67,23.97,23.97,22.56,23.0,2135,0.49,56,1573.0,73.68,2026-09-25
MOIL,EQ,25-Sep-2026,245.38,245.5,245.97,241.0,241.88,304344,738.0,8197,132795.0,43.63,2026-09-25
MOINFRA,EQ,25-Sep-2026,58.0,56.55,58.58,56.55,57.92,6539,3.78,47,6482.0,99.13,2026-09-25
MOIPO,EQ,25-Sep-2026,47.62,47.7,47.7,47.0,47.42,2497,1.18,50,2488.0,99.64,2026-09-25
MOKSH,EQ,25-Sep-2026,9.92,9.88,10.09,9.88,9.92,45888,4.56,128,40725.0,88.75,2026-09-25
MOL,EQ,25-Sep-2026,59.56,59.9,60.4,57.5,58.52,1117006,653.1,7784,582639.0,52.16,2026-09-25
MOLBIO,EQ,25-Sep-2026,1246.2,1247.5,1259.6,1216.6,1246.0,538647,6672.32,29957,103660.0,19.24,2026-09-25
MOLDTECH,BE,25-Sep-2026,199.2,201.0,208.88,195.0,200.08,23826,47.73,315,,,2026-09-25
MOLDTKPAC,EQ,25-Sep-2026,672.95,677.0,684.95,661.05,669.85,25483,170.23,2756,12083.0,47.42,2026-09-25
MOLOWVOL,EQ,25-Sep-2026,35.13,35.03,35.07,34.8,34.92,2153,0.75,34,1781.0,82.72,2026-09-25
MOM100,EQ,25-Sep-2026,65.89,65.89,67.5,65.29,66.36,501249,329.45,2617,250193.0,49.91,2026-09-25
MOM30IETF,EQ,25-Sep-2026,30.8,30.95,30.97,30.6,30.66,286765,88.11,1695,181882.0,63.43,2026-09-25
MOM50,EQ,25-Sep-2026,242.03,242.44,242.78,241.59,242.31,5015,12.14,99,4476.0,89.25,2026-09-25
MOMENTUM,EQ,25-Sep-2026,30.67,31.28,31.28,30.42,30.63,20064,6.15,189,14212.0,70.83,2026-09-25
MOMENTUM30,EQ,25-Sep-2026,30.26,30.26,31.2,30.1,30.69,94863,28.6,192,77669.0,81.87,2026-09-25
MOMENTUM50,EQ,25-Sep-2026,53.46,53.72,53.89,53.16,53.46,293448,156.8,16684,169860.0,57.88,2026-09-25
MOMETAL,EQ,25-Sep-2026,13.95,13.47,13.97,13.05,13.15,215867,28.49,321,91085.0,42.19,2026-09-25
MOMGF,EQ,25-Sep-2026,159.4,158.86,160.4,157.56,159.97,739,1.17,25,678.0,91.75,2026-09-25
MOMIDMTM,EQ,25-Sep-2026,63.67,63.79,63.8,62.9,63.53,64203,40.62,333,52508.0,81.78,2026-09-25
MOMMIDCAP,EQ,25-Sep-2026,12.79,12.82,12.83,12.7,12.76,740388,94.5,537,657407.0,88.79,2026-09-25
MOMNC,EQ,25-Sep-2026,31.05,31.67,31.67,31.11,31.35,7795,2.43,19,7618.0,97.73,2026-09-25
MOMOMENTUM,EQ,25-Sep-2026,61.13,61.43,61.85,60.85,61.0,37882,23.13,355,18475.0,48.77,2026-09-25
MOMSBELIEF,EQ,25-Sep-2026,222.44,222.25,234.0,220.05,232.85,120424,276.45,3269,54197.0,45.01,2026-09-25
MON100,EQ,25-Sep-2026,322.8,322.8,329.0,322.55,324.11,508774,1650.27,15649,313635.0,61.65,2026-09-25
MON50EQUAL,EQ,25-Sep-2026,32.28,32.42,32.95,32.0,32.13,42459,13.64,105,28459.0,67.03,2026-09-25
MONARCH,EQ,25-Sep-2026,365.6,365.15,365.15,358.85,362.75,27569,99.81,1014,16757.0,60.78,2026-09-25
MONEXT50,EQ,25-Sep-2026,71.55,70.74,72.62,70.69,71.52,3085,2.21,63,1537.0,49.82,2026-09-25
MONEYBOXX,EQ,25-Sep-2026,53.9,55.3,55.3,51.21,51.21,27305,14.12,221,21275.0,77.92,2026-09-25
MONIFTY100,EQ,25-Sep-2026,24.45,24.45,25.0,24.19,24.5,94056,22.89,81,14583.0,15.5,2026-09-25
MONIFTY500,EQ,25-Sep-2026,23.18,23.42,23.42,23.03,23.19,353444,81.75,1266,249585.0,70.62,2026-09-25
MONOLITH,SM,25-Sep-2026,1179.55,1195.0,1279.0,1195.0,1269.65,53500,665.54,161,34000.0,63.55,2026-09-25
MONOPHARMA,SM,25-Sep-2026,8.2,8.6,8.6,8.6,8.6,10000,0.86,5,10000.0,100.0,2026-09-25
MONQ50,EQ,25-Sep-2026,209.44,214.67,240.85,209.44,214.61,2101057,4715.97,39498,673692.0,32.06,2026-09-25
MONTECARLO,EQ,25-Sep-2026,516.5,520.0,525.0,515.8,524.1,28282,147.58,1135,15469.0,54.7,2026-09-25
MOOILGAS,EQ,25-Sep-2026,10.89,11.15,11.15,10.84,10.89,4833,0.53,59,2871.0,59.4,2026-09-25
MOPSE,EQ,25-Sep-2026,97.57,95.62,97.57,95.62,97.57,3126,3.04,26,2631.0,84.17,2026-09-25
MOQUALITY,EQ,25-Sep-2026,193.41,195.34,209.0,191.91,207.59,226,0.45,26,163.0,72.12,2026-09-25
MOREALTY,EQ,25-Sep-2026,86.57,86.49,87.5,86.33,87.07,270062,234.4,1470,151795.0,56.21,2026-09-25
MOREPENLAB,EQ,25-Sep-2026,116.6,117.3,121.0,117.0,120.38,8996779,10730.38,36703,2633247.0,29.27,2026-09-25
MOS,SM,25-Sep-2026,7.65,8.0,8.0,7.7,8.0,2092000,166.94,280,1804000.0,86.23,2026-09-25
MOSCHIP,EQ,25-Sep-2026,203.24,203.0,205.34,201.31,204.07,750714,1526.96,10837,276399.0,36.82,2026-09-25
MOSERVICE,EQ,25-Sep-2026,29.72,29.85,30.0,29.64,29.82,4761,1.42,33,4641.0,97.48,2026-09-25
MOSILVER,EQ,25-Sep-2026,223.45,225.28,226.48,222.86,226.0,37324,84.17,1131,19253.0,51.58,2026-09-25
MOSMALL250,EQ,25-Sep-2026,18.25,18.34,18.45,18.16,18.33,1573028,287.82,1936,1371458.0,87.19,2026-09-25
MOTHERSON,EQ,25-Sep-2026,162.5,162.6,166.22,160.72,165.71,14239797,23250.84,55301,7291227.0,51.2,2026-09-25
MOTILALOFS,EQ,25-Sep-2026,1022.0,1020.0,1047.0,1019.4,1029.0,866039,8975.5,40322,289618.0,33.44,2026-09-25
MOTISONS,EQ,25-Sep-2026,18.79,18.89,19.48,17.62,17.85,119558121,22152.53,167805,19567028.0,16.37,2026-09-25
MOTOGENFIN,EQ,25-Sep-2026,25.7,26.21,27.0,25.6,25.92,40987,10.76,315,8195.0,19.99,2026-09-25
MOTOUR,EQ,25-Sep-2026,77.14,78.0,78.0,76.34,76.7,7082,5.45,124,5112.0,72.18,2026-09-25
MOVALUE,EQ,25-Sep-2026,110.69,110.67,110.84,110.11,110.69,29317,32.43,501,19419.0,66.24,2026-09-25
MPDL,BE,25-Sep-2026,28.05,28.05,28.05,28.05,28.05,55,0.02,1,,,2026-09-25
MPEL,SM,25-Sep-2026,24.25,25.4,25.45,24.3,25.25,16000,4.04,10,12800.0,80.0,2026-09-25
MPHASIS,EQ,25-Sep-2026,2248.2,2235.0,2240.0,2203.6,2234.0,197680,4399.55,19367,63575.0,32.16,2026-09-25
MPIMANIPAL,EQ,25-Sep-2026,359.95,359.95,369.95,347.6,360.4,1047464,3759.07,30361,389586.0,37.19,2026-09-25
MPSLTD,EQ,25-Sep-2026,2617.0,2600.0,2679.0,2596.8,2666.9,5474,144.37,1302,3525.0,64.4,2026-09-25
MRF,EQ,25-Sep-2026,123985.0,124480.0,124480.0,123440.0,124035.0,2338,2897.92,1284,1244.0,53.21,2026-09-25
MRPL,EQ,25-Sep-2026,164.49,164.45,166.39,162.76,164.6,3244699,5329.12,30500,669705.0,20.64,2026-09-25
MSCI360,EQ,25-Sep-2026,9.88,9.88,9.88,9.72,9.74,13737,1.34,47,13737.0,100.0,2026-09-25
MSCIADD,EQ,25-Sep-2026,28.55,28.51,31.38,28.37,28.58,382,0.11,13,86.0,22.51,2026-09-25
MSCIINDIA,EQ,25-Sep-2026,28.83,28.85,29.08,28.73,28.86,6659,1.92,180,4945.0,74.26,2026-09-25
MSL,EQ,25-Sep-2026,136.0,136.1,137.0,136.0,136.0,67,0.09,6,67.0,100.0,2026-09-25
MSPL,EQ,25-Sep-2026,34.92,34.8,34.85,33.6,33.73,848940,288.5,2653,602183.0,70.93,2026-09-25
MSTCLTD,EQ,25-Sep-2026,738.05,740.0,754.0,715.6,740.8,418504,3084.7,20736,131589.0,31.44,2026-09-25
MSUMI,EQ,25-Sep-2026,34.7,34.7,34.74,34.22,34.29,11196717,3850.36,31307,7279826.0,65.02,2026-09-25
MTARTECH,BE,25-Sep-2026,7050.0,6900.0,6998.0,6750.5,6900.0,190986,13110.62,37802,,,2026-09-25
MTEDUCARE,BE,25-Sep-2026,1.69,1.77,1.77,1.63,1.7,7597,0.13,38,,,2026-09-25
MTNL,EQ,25-Sep-2026,23.81,23.99,23.99,23.57,23.61,400259,94.75,1984,179354.0,44.81,2026-09-25
MUFIN,EQ,25-Sep-2026,131.82,132.42,133.45,131.1,133.02,422205,559.43,2950,176461.0,41.8,2026-09-25
MUFTI,EQ,25-Sep-2026,72.54,72.25,73.46,71.72,72.14,31152,22.47,541,17305.0,55.55,2026-09-25
MUKANDLTD,EQ,25-Sep-2026,155.26,154.04,167.95,152.0,167.05,1109036,1810.13,12583,436664.0,39.37,2026-09-25
MUKESHB,EQ,25-Sep-2026,127.0,131.9,131.9,131.5,131.5,600,0.79,2,600.0,100.0,2026-09-25
MUKKA,BE,25-Sep-2026,27.04,26.9,27.75,26.65,27.4,210332,57.3,807,,,2026-09-25
MUKTAARTS,BE,25-Sep-2026,57.4,58.98,58.98,55.15,56.21,516,0.29,12,,,2026-09-25
MULTICAP,EQ,25-Sep-2026,16.31,16.31,16.35,16.24,16.29,48576,7.91,464,42559.0,87.61,2026-09-25
MUNJALAU,EQ,25-Sep-2026,105.34,105.7,109.8,104.52,109.02,477592,514.26,9666,183432.0,38.41,2026-09-25
MUNJALSHOW,EQ,25-Sep-2026,128.9,129.07,129.96,127.42,129.2,23637,30.47,739,11022.0,46.63,2026-09-25
MURUDCERA,EQ,25-Sep-2026,28.57,29.0,29.19,28.56,28.89,4317,1.25,72,3753.0,86.94,2026-09-25
MUTHOOTCAP,EQ,25-Sep-2026,231.03,236.0,236.0,223.99,226.16,10162,23.0,417,5481.0,53.94,2026-09-25
MUTHOOTFIN,EQ,25-Sep-2026,2825.3,2830.0,2839.6,2808.0,2835.0,312523,8828.76,38458,191336.0,61.22,2026-09-25
MUTHOOTMF,EQ,25-Sep-2026,183.4,184.5,184.5,179.6,181.56,309028,560.04,4065,183476.0,59.37,2026-09-25
MVELECTRO,EQ,25-Sep-2026,818.5,819.0,828.0,786.7,813.8,922003,7459.91,27524,159737.0,17.32,2026-09-25
MVGJL,EQ,25-Sep-2026,214.8,214.7,228.85,212.35,224.38,903282,2010.71,16751,329729.0,36.5,2026-09-25
MVKAGRO,SM,25-Sep-2026,219.95,230.9,230.9,224.5,230.9,1148700,2651.81,491,1048800.0,91.3,2026-09-25
MWL,EQ,25-Sep-2026,43.86,44.26,44.26,42.5,43.07,269047,117.0,2034,158389.0,58.87,2026-09-25
MYMUDRA,SM,25-Sep-2026,71.3,68.05,68.2,68.0,68.2,6000,4.09,4,4800.0,80.0,2026-09-25
MYSORPETRO,BE,25-Sep-2026,127.2,129.8,129.8,123.1,128.99,2978,3.79,42,,,2026-09-25
NACLIND,EQ,25-Sep-2026,139.33,140.98,141.55,137.4,139.67,386366,538.07,6520,162773.0,42.13,2026-09-25
NAGREEKCAP,EQ,25-Sep-2026,29.55,30.75,31.35,27.17,28.06,138167,41.27,843,77956.0,56.42,2026-09-25
NAGREEKEXP,EQ,25-Sep-2026,24.02,25.4,25.9,23.15,23.47,57115,13.9,541,30416.0,53.25,2026-09-25
NAHARCAP,EQ,25-Sep-2026,248.0,252.0,252.0,246.0,248.7,331,0.82,26,270.0,81.57,2026-09-25
NAHARINDUS,EQ,25-Sep-2026,128.71,130.55,134.0,130.0,132.9,10061,13.24,236,7426.0,73.81,2026-09-25
NAHARPOLY,EQ,25-Sep-2026,226.47,233.0,243.98,226.25,227.68,1599,3.66,126,977.0,61.1,2026-09-25
NAHARSPING,EQ,25-Sep-2026,270.6,271.15,272.6,264.05,269.95,8044,21.59,423,4411.0,54.84,2026-09-25
NAM-INDIA,EQ,25-Sep-2026,1144.9,1144.0,1161.5,1130.0,1157.0,752030,8652.08,20342,421056.0,55.99,2026-09-25
NAMAN,SM,25-Sep-2026,46.3,48.45,48.6,48.45,48.6,13600,6.61,15,12000.0,88.24,2026-09-25
NAMOEWASTE,SM,25-Sep-2026,295.25,299.0,329.5,291.0,328.0,137600,440.23,168,72000.0,52.33,2026-09-25
NARMADA,EQ,25-Sep-2026,13.24,13.6,14.2,13.1,13.37,1844506,251.39,3547,559122.0,30.31,2026-09-25
NATCAPSUQ,BE,25-Sep-2026,168.9,169.0,171.98,168.75,169.52,528,0.89,15,,,2026-09-25
NATCOPHARM,EQ,25-Sep-2026,842.0,844.0,850.1,834.25,839.3,369981,3114.13,25419,161736.0,43.71,2026-09-25
NATHBIOGEN,EQ,25-Sep-2026,150.21,151.0,154.9,148.5,149.35,9940,15.08,347,5508.0,55.41,2026-09-25
NATIONALUM,EQ,25-Sep-2026,358.4,360.6,362.9,357.05,358.7,1869148,6716.21,34643,728866.0,38.99,2026-09-25
NATIONSTD,EQ,25-Sep-2026,115.11,118.9,118.9,114.9,116.15,15391,17.81,277,12985.0,84.37,2026-09-25
NAUKRI,EQ,25-Sep-2026,1224.0,1216.4,1259.0,1215.4,1254.8,1135428,14116.97,34388,396309.0,34.9,2026-09-25
NAVA,EQ,25-Sep-2026,557.0,552.25,563.0,548.2,551.45,450107,2499.0,17758,260674.0,57.91,2026-09-25
NAVINFLUOR,EQ,25-Sep-2026,8461.0,8488.5,8600.0,8467.0,8584.5,107462,9184.12,24116,64971.0,60.46,2026-09-25
NAVKARCORP,EQ,25-Sep-2026,87.82,88.25,88.45,86.82,88.21,149406,130.94,2313,79263.0,53.05,2026-09-25
NAVKARURB,EQ,25-Sep-2026,0.91,0.91,0.93,0.88,0.89,622237,5.66,277,498341.0,80.09,2026-09-25
NAVNETEDUL,EQ,25-Sep-2026,123.4,122.75,124.02,122.43,122.76,70780,87.03,876,52072.0,73.57,2026-09-25
NAZARA,EQ,25-Sep-2026,374.55,376.8,384.5,374.15,376.45,2396562,9105.24,26234,830363.0,34.65,2026-09-25
NBCC,EQ,25-Sep-2026,82.34,82.23,83.11,81.73,82.86,3865127,3185.5,20907,1433669.0,37.09,2026-09-25
NBIFIN,EQ,25-Sep-2026,1923.7,1936.2,1964.0,1920.2,1926.4,59,1.15,19,32.0,54.24,2026-09-25
NCC,EQ,25-Sep-2026,133.42,134.13,134.13,131.05,132.82,2118247,2802.21,24930,1057018.0,49.9,2026-09-25
NCLIND,EQ,25-Sep-2026,176.07,176.07,182.0,176.07,179.26,50784,91.07,2332,29317.0,57.73,2026-09-25
NDGL,EQ,25-Sep-2026,2576.0,2583.1,2583.1,2570.0,2575.6,41,1.06,29,38.0,92.68,2026-09-25
NDL,EQ,25-Sep-2026,2.69,2.7,2.73,2.51,2.61,1326115,34.85,1519,798633.0,60.22,2026-09-25
NDLVENTURE,EQ,25-Sep-2026,122.25,123.75,124.9,116.1,119.69,7489,9.08,239,5305.0,70.84,2026-09-25
NDRAUTO,EQ,25-Sep-2026,754.2,760.05,760.05,743.05,746.6,10850,81.02,661,7278.0,67.08,2026-09-25
NDTV,EQ,25-Sep-2026,69.93,69.93,71.9,69.61,70.08,27919,19.64,807,15299.0,54.8,2026-09-25
NECCLTD,BE,25-Sep-2026,19.39,19.0,19.78,19.0,19.18,26443,5.09,115,,,2026-09-25
NECLIFE,EQ,25-Sep-2026,10.88,10.9,11.0,10.61,10.84,103563,11.17,294,76506.0,73.87,2026-09-25
NELCAST,EQ,25-Sep-2026,108.89,110.76,120.3,109.0,118.39,702669,817.92,7129,341034.0,48.53,2026-09-25
NELCO,EQ,25-Sep-2026,993.05,996.9,1003.0,972.35,976.5,127194,1252.73,6216,45133.0,35.48,2026-09-25
NEOCHEM,SM,25-Sep-2026,104.75,108.1,108.1,103.0,106.2,19200,20.23,15,15600.0,81.25,2026-09-25
NEOGEN,EQ,25-Sep-2026,2326.1,2325.9,2409.0,2325.9,2385.2,163069,3876.35,25117,67407.0,41.34,2026-09-25
NEPHROCARE,SM,25-Sep-2026,96.45,96.0,96.0,85.2,93.55,20000,18.33,44,12800.0,64.0,2026-09-25
NEPHROPLUS,EQ,25-Sep-2026,709.5,715.0,719.0,693.7,696.65,592871,4147.25,15796,454580.0,76.67,2026-09-25
NEPTUNE,SM,25-Sep-2026,183.1,183.1,190.0,183.1,183.1,6500,12.01,10,6000.0,92.31,2026-09-25
NESCO,EQ,25-Sep-2026,1073.5,1073.5,1096.8,1060.3,1070.3,27868,299.2,3623,11446.0,41.07,2026-09-25
NESTLEIND,EQ,25-Sep-2026,1351.0,1357.0,1362.6,1348.3,1362.6,382857,5191.99,21157,201803.0,52.71,2026-09-25
NETF,EQ,25-Sep-2026,255.1,253.9,254.69,250.91,253.62,2003,5.05,140,1325.0,66.15,2026-09-25
NETWEB,EQ,25-Sep-2026,4661.5,4675.0,4710.0,4522.0,4545.0,696170,32051.24,63397,189579.0,27.23,2026-09-25
NETWORK18,EQ,25-Sep-2026,26.97,26.96,27.0,26.47,26.75,2897376,773.43,7199,1361608.0,46.99,2026-09-25
NEUEON,BE,25-Sep-2026,13.71,14.39,14.39,14.39,14.39,14637,2.11,31,,,2026-09-25
NEULANDLAB,EQ,25-Sep-2026,21905.0,22100.0,22660.0,21800.0,21890.0,41988,9300.97,16655,16358.0,38.96,2026-09-25
NEWGEN,EQ,25-Sep-2026,493.6,490.75,493.5,483.35,485.3,345857,1684.13,13822,144579.0,41.8,2026-09-25
NEWJAISA,ST,25-Sep-2026,17.45,17.0,17.65,17.0,17.65,7500,1.31,5,7500.0,100.0,2026-09-25
NEXT30ADD,EQ,25-Sep-2026,41.85,41.94,41.95,41.56,41.92,5797,2.42,150,5050.0,87.11,2026-09-25
NEXT50,EQ,25-Sep-2026,738.93,738.43,743.94,736.41,741.58,61149,452.45,6451,46383.0,75.85,2026-09-25
NEXT50ADD,EQ,25-Sep-2026,71.86,72.09,73.95,71.74,72.22,610,0.44,27,234.0,38.36,2026-09-25
NEXT50BETA,EQ,25-Sep-2026,77.47,77.47,78.04,76.81,77.65,396987,307.31,3364,372949.0,93.94,2026-09-25
NEXT50ETF,EQ,25-Sep-2026,72.12,72.01,74.7,71.65,73.76,12521,9.05,179,5690.0,45.44,2026-09-25
NEXT50IETF,EQ,25-Sep-2026,75.59,75.58,76.1,75.24,75.81,1360948,1029.58,6935,1072141.0,78.78,2026-09-25
NEXTMEDIA,EQ,25-Sep-2026,3.62,3.8,3.8,3.62,3.75,5321,0.2,58,4824.0,90.66,2026-09-25
NFL,EQ,25-Sep-2026,66.72,66.22,66.9,65.91,66.67,440381,292.32,3070,152430.0,34.61,2026-09-25
NGIL,EQ,25-Sep-2026,39.33,40.2,41.0,35.55,39.5,95109,36.44,443,60570.0,63.68,2026-09-25
NGLFINE,EQ,25-Sep-2026,2894.9,2975.5,2980.0,2844.3,2906.1,6224,181.46,1562,1958.0,31.46,2026-09-25
NH,EQ,25-Sep-2026,1877.7,1884.5,1884.5,1849.6,1861.4,88949,1656.98,11882,47482.0,53.38,2026-09-25
NHIT,IV,25-Sep-2026,170.0,169.9,169.9,169.9,169.9,325000,552.18,3,325000.0,100.0,2026-09-25
NHPC,EQ,25-Sep-2026,76.25,76.17,76.32,75.42,76.0,6481994,4913.42,29780,3258526.0,50.27,2026-09-25
NIACL,EQ,25-Sep-2026,180.4,180.4,180.41,175.8,176.6,1637051,2902.07,22291,447112.0,27.31,2026-09-25
NIBE,EQ,25-Sep-2026,1297.2,1309.9,1309.9,1251.1,1261.4,47604,603.75,4134,24872.0,52.25,2026-09-25
NIBL,EQ,25-Sep-2026,32.61,33.17,33.73,31.76,32.65,7942,2.6,129,6614.0,83.28,2026-09-25
NICCOPAR,EQ,25-Sep-2026,80.49,80.49,82.9,80.0,82.48,1076,0.87,31,1072.0,99.63,2026-09-25
NIDAN,SM,25-Sep-2026,13.15,13.15,13.3,13.0,13.3,6000,0.79,6,6000.0,100.0,2026-09-25
NIF100BEES,EQ,25-Sep-2026,257.89,259.58,260.9,256.73,258.25,50901,131.36,552,43589.0,85.63,2026-09-25
NIF100IETF,EQ,25-Sep-2026,27.15,27.02,27.18,27.0,27.16,65601,17.8,1157,33668.0,51.32,2026-09-25
NIF500BETA,EQ,25-Sep-2026,36.24,36.41,36.44,36.14,36.19,2766,1.0,10,2764.0,99.93,2026-09-25
NIFTY1,EQ,25-Sep-2026,257.16,263.58,263.58,250.0,257.49,66135,170.04,1265,33081.0,50.02,2026-09-25
NIFTY100EW,EQ,25-Sep-2026,34.19,34.48,34.63,33.83,34.09,49398,16.84,382,33126.0,67.06,2026-09-25
NIFTYADD,EQ,25-Sep-2026,243.8,244.37,244.37,243.12,244.21,2689,6.56,110,2179.0,81.03,2026-09-25
NIFTYAXIS,EQ,25-Sep-2026,257.37,262.52,262.52,255.5,258.99,5460,14.01,192,3816.0,69.89,2026-09-25
NIFTYBEES,EQ,25-Sep-2026,263.99,264.98,265.66,263.05,264.13,5254198,13856.71,84447,3449172.0,65.65,2026-09-25
NIFTYBETA,EQ,25-Sep-2026,256.77,258.36,258.36,255.39,256.69,66583,170.52,457,32126.0,48.25,2026-09-25
NIFTYBETF,EQ,25-Sep-2026,238.03,238.14,239.35,237.24,239.1,1388,3.31,100,905.0,65.2,2026-09-25
NIFTYCASE,EQ,25-Sep-2026,9.31,9.54,9.54,9.2,9.3,701336,65.17,1758,626752.0,89.37,2026-09-25
NIFTYETF,EQ,25-Sep-2026,251.57,251.57,252.55,251.0,252.15,172650,434.65,881,139679.0,80.9,2026-09-25
NIFTYIETF,EQ,25-Sep-2026,262.34,264.0,264.0,261.55,262.67,556853,1460.51,10450,325630.0,58.48,2026-09-25
NIFTYJBLK,EQ,25-Sep-2026,11.84,12.13,12.13,11.79,11.92,120115,14.24,749,82195.0,68.43,2026-09-25
NIFTYQLITY,EQ,25-Sep-2026,20.34,20.5,20.5,20.27,20.37,17402,3.55,155,15039.0,86.42,2026-09-25
NIITLTD,EQ,25-Sep-2026,89.9,89.95,89.95,88.0,88.5,116579,103.29,1985,46942.0,40.27,2026-09-25
NIITMTS,EQ,25-Sep-2026,217.57,217.57,222.79,210.53,212.08,147551,314.22,9079,67478.0,45.73,2026-09-25
NIKITA,SM,25-Sep-2026,66.1,68.4,68.9,65.25,68.9,12000,8.01,10,1200.0,10.0,2026-09-25
NILAINFRA,EQ,25-Sep-2026,7.06,7.19,7.29,6.77,6.87,273026,18.82,670,196712.0,72.05,2026-09-25
NILASPACES,EQ,25-Sep-2026,11.43,11.64,11.64,10.9,11.06,1095668,121.94,2667,683750.0,62.4,2026-09-25
NILE,EQ,25-Sep-2026,1388.0,1385.2,1403.5,1354.6,1369.7,3259,45.03,497,2456.0,75.36,2026-09-25
NILKAMAL,EQ,25-Sep-2026,1883.7,1889.1,1904.8,1833.1,1884.0,26097,487.05,3631,15252.0,58.44,2026-09-25
NIMBSPROJ,EQ,25-Sep-2026,199.44,194.95,203.6,192.25,197.07,1858,3.7,130,1286.0,69.21,2026-09-25
NINSYS,EQ,25-Sep-2026,713.05,713.05,713.05,693.0,708.75,2004,14.16,235,1134.0,56.59,2026-09-25
NIPPOBATRY,EQ,25-Sep-2026,324.55,320.25,327.7,317.0,320.15,1563,4.99,113,1190.0,76.14,2026-09-25
NIRAJ,EQ,25-Sep-2026,29.13,29.13,29.15,27.72,28.11,33826,9.56,189,22400.0,66.22,2026-09-25
NIRAJISPAT,BE,25-Sep-2026,278.0,278.0,291.9,278.0,288.6,348,1.0,13,,,2026-09-25
NIRLON,EQ,25-Sep-2026,607.15,607.25,609.7,605.0,605.1,503,3.05,69,415.0,82.5,2026-09-25
NIRMAN,SM,25-Sep-2026,26.6,26.5,27.25,26.0,26.2,18000,4.75,44,11400.0,63.33,2026-09-25
NITCO,EQ,25-Sep-2026,90.03,90.01,90.32,87.25,87.96,343465,303.21,3302,211164.0,61.48,2026-09-25
NITINSPIN,EQ,25-Sep-2026,605.55,610.0,614.0,604.95,612.35,23745,144.68,3113,11350.0,47.8,2026-09-25
NITIRAJ,EQ,25-Sep-2026,226.25,227.99,227.99,213.1,217.84,3259,7.13,111,2236.0,68.61,2026-09-25
NITTAGELA,EQ,25-Sep-2026,1699.5,1699.0,1725.0,1676.0,1699.9,2839,48.36,830,2028.0,71.43,2026-09-25
NIVABUPA,EQ,25-Sep-2026,76.13,76.74,78.15,76.0,77.19,1111284,854.41,22891,544134.0,48.96,2026-09-25
NKIND,EQ,25-Sep-2026,59.34,59.0,60.9,59.0,60.36,21,0.01,8,15.0,71.43,2026-09-25
NLCINDIA,EQ,25-Sep-2026,263.25,263.25,264.0,258.75,262.55,815195,2131.49,17318,323574.0,39.69,2026-09-25
NMDC,EQ,25-Sep-2026,80.82,80.76,81.12,79.57,79.9,11080041,8875.84,40041,5263256.0,47.5,2026-09-25
NMSTEEL,SM,25-Sep-2026,21.45,23.3,23.3,23.3,23.3,1600,0.37,1,1600.0,100.0,2026-09-25
NOCIL,EQ,25-Sep-2026,191.4,192.5,194.45,186.62,188.41,1112045,2119.67,13023,415215.0,37.34,2026-09-25
NOIDATOLL,EQ,25-Sep-2026,3.92,3.96,4.02,3.95,3.96,34452,1.37,182,23936.0,69.48,2026-09-25
NORBTEAEXP,EQ,25-Sep-2026,67.88,66.52,70.8,65.81,70.12,4162,2.88,64,3326.0,79.91,2026-09-25
NORTHARC,EQ,25-Sep-2026,303.0,303.0,304.4,299.05,300.9,508385,1532.68,12747,284612.0,55.98,2026-09-25
NOVAAGRI,EQ,25-Sep-2026,23.01,22.0,24.18,22.0,22.9,61655,14.03,532,32466.0,52.66,2026-09-25
NOVARTIND,EQ,25-Sep-2026,1971.4,1990.0,1990.0,1929.9,1965.6,17098,334.59,2450,6250.0,36.55,2026-09-25
NPBET,EQ,25-Sep-2026,278.7,271.73,279.62,271.73,278.87,22,0.06,12,15.0,68.18,2026-09-25
NPST,EQ,25-Sep-2026,1782.3,1799.0,1823.7,1751.6,1796.3,39440,702.34,5100,17995.0,45.63,2026-09-25
NRAIL,EQ,25-Sep-2026,637.75,650.0,685.0,631.2,677.25,24892,166.25,1676,15393.0,61.84,2026-09-25
NRBBEARING,EQ,25-Sep-2026,528.9,531.9,542.9,523.0,534.8,355143,1898.11,17367,125813.0,35.43,2026-09-25
NRL,BE,25-Sep-2026,165.0,161.7,161.7,161.7,161.7,66624,107.73,117,,,2026-09-25
NRVANDANA,SM,25-Sep-2026,71.7,70.5,70.5,64.0,69.9,27000,18.49,8,21000.0,77.78,2026-09-25
NSIL,EQ,25-Sep-2026,5502.0,5510.0,5510.0,5428.0,5468.0,1308,71.41,254,747.0,57.11,2026-09-25
NSLNISP,EQ,25-Sep-2026,42.54,42.62,42.81,41.71,42.17,2905193,1223.29,13607,1254561.0,43.18,2026-09-25
NTCIND,EQ,25-Sep-2026,139.02,130.4,142.0,130.4,139.8,2875,4.04,31,2849.0,99.1,2026-09-25
NTPC,EQ,25-Sep-2026,326.6,327.3,327.3,323.5,326.6,6075589,19781.46,74730,3755958.0,61.82,2026-09-25
NTPCGREEN,EQ,25-Sep-2026,95.43,95.43,95.43,92.5,93.47,2331281,2176.87,23104,971641.0,41.68,2026-09-25
NUCLEUS,EQ,25-Sep-2026,675.15,674.0,691.5,668.75,679.55,20296,136.91,1211,13368.0,65.87,2026-09-25
NURECA,BE,25-Sep-2026,342.35,345.0,354.6,335.0,351.5,13395,46.45,259,,,2026-09-25
NUVAMA,EQ,25-Sep-2026,1695.4,1695.0,1722.4,1674.9,1681.4,674021,11484.78,23894,537376.0,79.73,2026-09-25
NUVOCO,EQ,25-Sep-2026,335.0,333.0,337.7,330.2,335.45,204487,681.87,12666,105472.0,51.58,2026-09-25
NV20,EQ,25-Sep-2026,13.43,13.41,13.43,13.34,13.38,107771,14.41,330,87775.0,81.45,2026-09-25
NV20BEES,EQ,25-Sep-2026,134.21,134.12,138.8,133.36,134.44,11732,15.71,322,8110.0,69.13,2026-09-25
NV20IETF,EQ,25-Sep-2026,13.09,13.09,13.25,13.0,13.11,538367,70.4,1740,250363.0,46.5,2026-09-25
NXST,RR,25-Sep-2026,166.42,166.88,167.07,164.75,165.94,298193,495.66,6738,249900.0,83.8,2026-09-25
NXT-INFRA,IV,25-Sep-2026,97.5,99.0,99.97,99.0,99.64,900000,891.64,9,900000.0,100.0,2026-09-25
NYKAA,EQ,25-Sep-2026,335.3,335.5,336.7,329.7,333.7,3537870,11759.51,37126,1857233.0,52.5,2026-09-25
OAL,EQ,25-Sep-2026,532.3,533.05,539.0,522.15,533.65,28203,149.48,1297,7970.0,28.26,2026-09-25
OBCL,EQ,25-Sep-2026,59.42,59.42,59.42,57.01,57.6,365,0.21,21,353.0,96.71,2026-09-25
OBEROIRLTY,EQ,25-Sep-2026,1837.5,1837.5,1882.9,1837.5,1858.5,638248,11874.76,30814,256745.0,40.23,2026-09-25
OBSCP,SM,25-Sep-2026,931.25,926.0,942.95,920.05,930.5,17200,159.98,42,12000.0,69.77,2026-09-25
OCCLLTD,BE,25-Sep-2026,159.69,158.98,167.67,156.41,167.67,156212,261.07,472,,,2026-09-25
ODIGMA,EQ,25-Sep-2026,20.96,20.71,21.24,20.65,21.0,11955,2.49,288,8028.0,67.15,2026-09-25
ODYCORP,EQ,25-Sep-2026,7.02,7.26,7.26,6.85,7.03,9498,0.66,86,8387.0,88.3,2026-09-25
OFSS,EQ,25-Sep-2026,10925.0,10782.0,10805.0,10332.0,10770.0,545314,57562.24,77477,86646.0,15.89,2026-09-25
OIL,EQ,25-Sep-2026,479.0,476.0,476.65,470.7,475.15,666997,3158.44,15244,210710.0,31.59,2026-09-25
OILCOUNTUB,BE,25-Sep-2026,70.89,70.89,72.2,70.89,72.2,26619,18.99,80,,,2026-09-25
OILIETF,EQ,25-Sep-2026,11.02,11.29,11.29,10.98,11.01,645500,71.1,2144,474948.0,73.58,2026-09-25
OLAELEC,EQ,25-Sep-2026,42.52,42.5,42.5,38.01,38.48,194568434,76138.81,313251,41081236.0,21.11,2026-09-25
OLECTRA,EQ,25-Sep-2026,1244.0,1247.0,1247.0,1204.3,1207.2,357307,4338.66,19608,156788.0,43.88,2026-09-25
OLIL,SM,25-Sep-2026,422.75,424.0,430.0,418.85,426.45,80000,336.41,99,42000.0,52.5,2026-09-25
OMAXAUTO,EQ,25-Sep-2026,201.62,202.5,204.9,198.16,200.24,52206,105.06,1279,26500.0,50.76,2026-09-25
OMAXE,EQ,25-Sep-2026,117.67,118.0,122.7,116.0,118.53,822641,985.13,10223,173858.0,21.13,2026-09-25
OMFREIGHT,BE,25-Sep-2026,91.83,94.25,94.25,89.1,90.65,3236,2.92,54,,,2026-09-25
OMINFRAL,EQ,25-Sep-2026,78.45,79.19,79.4,77.77,79.03,35345,27.72,1217,16567.0,46.87,2026-09-25
OMNI,EQ,25-Sep-2026,547.85,545.05,551.65,530.05,533.95,316403,1704.61,12631,177278.0,56.03,2026-09-25
OMPOWER,EQ,25-Sep-2026,166.03,166.04,173.0,162.52,168.84,82345,137.43,1111,48309.0,58.67,2026-09-25
ONDOOR,SM,25-Sep-2026,271.0,265.1,283.5,260.0,265.45,15900,43.11,41,5700.0,35.85,2026-09-25
ONEGLOBAL,EQ,25-Sep-2026,530.9,530.0,546.5,520.05,538.75,10827,57.8,751,6339.0,58.55,2026-09-25
ONELIFECAP,BE,25-Sep-2026,35.81,37.0,37.25,35.23,36.05,125272,45.83,138,,,2026-09-25
ONEPOINT,EQ,25-Sep-2026,69.31,71.0,72.0,68.63,69.6,5644105,3968.13,28801,2329997.0,41.28,2026-09-25
ONESOURCE,EQ,25-Sep-2026,1594.6,1601.6,1634.4,1567.0,1602.6,227395,3629.73,14719,133421.0,58.67,2026-09-25
ONGC,EQ,25-Sep-2026,239.0,238.0,238.0,234.71,235.86,5066494,11947.52,69285,2721372.0,53.71,2026-09-25
ONIDA,EQ,25-Sep-2026,33.28,33.22,33.99,33.22,33.68,303378,101.84,1505,178964.0,58.99,2026-09-25
ONIXSOLAR,EQ,25-Sep-2026,321.8,337.85,337.85,337.85,337.85,16312,55.11,73,16312.0,100.0,2026-09-25
ONMOBILE,BE,25-Sep-2026,52.42,51.55,53.29,51.5,52.81,26131,13.69,245,,,2026-09-25
ONWARDTEC,EQ,25-Sep-2026,287.25,287.7,291.0,285.1,287.65,7246,20.85,268,4398.0,60.7,2026-09-25
OPTIEMUS,EQ,25-Sep-2026,781.5,775.5,787.3,746.1,758.55,487355,3726.4,24477,132760.0,27.24,2026-09-25
OPTIFIN,EQ,25-Sep-2026,14.98,14.98,15.4,14.67,14.99,42946,6.47,169,31471.0,73.28,2026-09-25
OPTIMYSTIX,SM,25-Sep-2026,133.15,132.0,133.0,131.8,132.45,12000,15.86,13,9600.0,80.0,2026-09-25
OPTIVALUE,ST,25-Sep-2026,229.55,239.95,239.95,218.1,220.35,54400,121.78,31,49600.0,91.18,2026-09-25
ORBTEXP,BE,25-Sep-2026,227.0,227.05,227.1,226.0,226.9,3637,8.24,31,,,2026-09-25
ORCHASP,EQ,25-Sep-2026,1.35,1.38,1.39,1.36,1.38,56162,0.78,133,54226.0,96.55,2026-09-25
ORCHPHARMA,EQ,25-Sep-2026,1096.15,1102.6,1116.0,1059.3,1064.9,63555,686.29,8730,24878.0,39.14,2026-09-25
ORIANA,SM,25-Sep-2026,303.7,311.0,343.5,305.05,330.75,1268250,4189.65,2633,645375.0,50.89,2026-09-25
ORICONENT,EQ,25-Sep-2026,51.77,52.99,52.99,51.02,51.4,12725,6.58,309,8126.0,63.86,2026-09-25
ORIENTALTL,EQ,25-Sep-2026,4.96,5.14,5.14,4.92,4.99,34099,1.7,203,29028.0,85.13,2026-09-25
ORIENTBELL,EQ,25-Sep-2026,391.05,388.25,412.0,387.0,407.55,29237,117.97,2223,17604.0,60.21,2026-09-25
ORIENTCEM,EQ,25-Sep-2026,122.32,121.24,123.28,121.24,122.16,491051,600.98,5654,315143.0,64.18,2026-09-25
ORIENTCER,EQ,25-Sep-2026,46.83,47.29,48.19,47.01,47.8,31332,14.95,744,22691.0,72.42,2026-09-25
ORIENTELEC,EQ,25-Sep-2026,163.98,163.99,165.0,161.21,162.26,123313,200.38,3887,68165.0,55.28,2026-09-25
ORIENTHOT,EQ,25-Sep-2026,140.41,139.25,141.53,139.25,140.93,382049,537.56,1977,248282.0,64.99,2026-09-25
ORIENTLTD,BE,25-Sep-2026,79.5,76.5,80.88,76.5,80.48,555,0.43,17,,,2026-09-25
ORIENTPPR,EQ,25-Sep-2026,16.8,16.91,17.0,16.57,16.76,183765,30.69,1510,105066.0,57.17,2026-09-25
ORIENTTECH,EQ,25-Sep-2026,235.2,235.2,238.79,233.0,237.3,143504,336.19,1995,69110.0,48.16,2026-09-25
ORIRAIL,EQ,25-Sep-2026,125.17,124.1,125.17,120.85,121.12,74506,91.15,1195,43029.0,57.75,2026-09-25
ORISSAMINE,EQ,25-Sep-2026,3716.9,3715.0,3745.0,3675.0,3734.7,4027,149.9,985,1964.0,48.77,2026-09-25
ORKLAINDIA,EQ,25-Sep-2026,545.95,550.3,558.45,538.0,555.95,98422,537.53,10732,61263.0,62.25,2026-09-25
ORTINGLOBE,EQ,25-Sep-2026,14.75,14.5,15.24,14.5,15.23,2977,0.45,24,1811.0,60.83,2026-09-25
OSELDEVICE,SM,25-Sep-2026,390.85,392.85,394.75,382.0,385.9,12400,48.2,55,8400.0,67.74,2026-09-25
OSIAHYPER,BE,25-Sep-2026,2.21,2.22,2.23,2.11,2.19,358070,7.79,364,,,2026-09-25
OSWALAGRO,EQ,25-Sep-2026,33.88,34.05,34.79,33.34,34.0,19413,6.62,180,17100.0,88.09,2026-09-25
OSWALGREEN,EQ,25-Sep-2026,19.9,20.09,20.1,19.7,19.99,54062,10.79,528,37119.0,68.66,2026-09-25
OSWALPUMPS,EQ,25-Sep-2026,280.25,279.9,280.7,273.5,274.95,310754,855.13,6235,178476.0,57.43,2026-09-25
OSWALSEEDS,EQ,25-Sep-2026,12.68,13.24,13.24,12.7,13.08,69285,9.01,391,46544.0,67.18,2026-09-25
OWAIS,ST,25-Sep-2026,74.1,74.5,74.5,72.65,72.65,1800,1.32,12,1700.0,94.44,2026-09-25
PACEDIGITK,EQ,25-Sep-2026,167.36,165.99,167.99,163.97,166.35,473697,784.75,6234,167749.0,35.41,2026-09-25
PACIFICI,EQ,25-Sep-2026,136.14,140.0,142.0,135.99,141.94,8649,11.79,43,8606.0,99.5,2026-09-25
PAGEIND,EQ,25-Sep-2026,37500.0,37350.0,37845.0,37350.0,37695.0,15467,5817.99,7608,5725.0,37.01,2026-09-25
PAISALO,EQ,25-Sep-2026,89.45,89.5,90.19,87.3,89.02,7721853,6867.32,20764,2782626.0,36.04,2026-09-25
PAKKA,EQ,25-Sep-2026,76.25,75.9,75.97,74.1,75.06,96390,72.07,2251,61711.0,64.02,2026-09-25
PALASHSECU,EQ,25-Sep-2026,84.11,84.0,89.95,84.0,88.92,1078,0.96,15,1011.0,93.78,2026-09-25
PALREDTEC,EQ,25-Sep-2026,46.09,47.0,47.37,43.94,46.84,5953,2.73,57,4555.0,76.52,2026-09-25
PANACEABIO,EQ,25-Sep-2026,374.75,374.7,378.0,366.0,372.6,74313,276.26,3156,31211.0,42.0,2026-09-25
PANACHE,BE,25-Sep-2026,514.9,514.9,525.0,513.0,525.0,2113,11.07,26,,,2026-09-25
PANAMAPET,EQ,25-Sep-2026,480.6,482.5,482.5,471.05,473.4,73939,351.35,3244,41578.0,56.23,2026-09-25
PANCHMAHQ,EQ,25-Sep-2026,305.0,339.0,339.0,288.55,290.1,526,1.65,32,154.0,29.28,2026-09-25
PANORAMA,EQ,25-Sep-2026,59.15,60.0,61.0,56.72,60.46,895953,527.17,5061,343052.0,38.29,2026-09-25
PANSARI,EQ,25-Sep-2026,286.9,288.0,290.0,272.1,289.95,212,0.61,7,211.0,99.53,2026-09-25
PAR,BE,25-Sep-2026,131.31,132.99,134.49,128.11,131.41,9099,12.08,138,,,2026-09-25
PARACABLES,EQ,25-Sep-2026,60.15,60.69,61.25,58.8,59.81,1852499,1108.07,12166,633589.0,34.2,2026-09-25
PARADEEP,EQ,25-Sep-2026,154.5,154.5,156.67,154.0,155.49,1465807,2279.65,26925,592747.0,40.44,2026-09-25
PARAGMILK,EQ,25-Sep-2026,258.4,262.0,274.4,256.25,268.9,2825359,7542.32,42100,1165038.0,41.24,2026-09-25
PARAGON,SM,25-Sep-2026,53.0,51.95,51.95,50.2,50.6,22800,11.59,17,18000.0,78.95,2026-09-25
PARAMOUNT,SM,25-Sep-2026,38.3,36.4,36.4,36.4,36.4,2400,0.87,2,1200.0,50.0,2026-09-25
PARAS,EQ,25-Sep-2026,1343.4,1343.4,1356.9,1312.6,1321.0,527679,7022.74,28145,137281.0,26.02,2026-09-25
PARASPETRO,EQ,25-Sep-2026,2.08,2.12,2.12,2.05,2.08,65519,1.37,197,45453.0,69.37,2026-09-25
PARIN,EQ,25-Sep-2026,715.0,789.0,789.0,713.05,736.8,143542,1053.93,2213,16367.0,11.4,2026-09-25
PARKHOSPS,EQ,25-Sep-2026,285.0,284.0,288.0,281.05,286.35,722620,2059.99,9377,445654.0,61.67,2026-09-25
PARKHOTELS,EQ,25-Sep-2026,105.23,105.7,106.0,102.7,104.9,259036,269.23,5130,146017.0,56.37,2026-09-25
PARNAXLAB,EQ,25-Sep-2026,123.86,124.0,124.0,111.0,118.22,11075,13.03,557,8258.0,74.56,2026-09-25
PARSVNATH,BE,25-Sep-2026,1.95,1.97,1.98,1.96,1.98,1230480,24.31,384,,,2026-09-25
PARTH,SM,25-Sep-2026,520.0,512.05,523.0,512.05,514.05,4000,20.63,9,2800.0,70.0,2026-09-25
PARTYCRUS,SM,25-Sep-2026,98.95,99.0,99.0,98.95,98.95,2000,1.98,2,2000.0,100.0,2026-09-25
PASHUPATI,EQ,25-Sep-2026,78.94,80.5,83.15,79.02,79.69,268925,214.74,3999,146436.0,54.45,2026-09-25
PASUPTAC,EQ,25-Sep-2026,76.25,76.25,78.79,74.1,75.87,278575,212.55,3123,148412.0,53.28,2026-09-25
PATANJALI,EQ,25-Sep-2026,404.85,404.85,407.9,401.55,403.95,1648377,6668.25,55278,558518.0,33.88,2026-09-25
PATELENG,EQ,25-Sep-2026,27.68,27.56,27.84,27.2,27.61,1659476,456.41,6504,837421.0,50.46,2026-09-25
PATELRMART,EQ,25-Sep-2026,207.03,207.03,207.8,204.25,206.28,13767,28.36,588,7230.0,52.52,2026-09-25
PATILAUTOM,ST,25-Sep-2026,335.65,333.3,352.4,319.0,352.05,76200,261.04,85,73800.0,96.85,2026-09-25
PATINTLOG,EQ,25-Sep-2026,14.01,13.8,14.1,13.43,13.59,220678,30.43,751,174514.0,79.08,2026-09-25
PAUSHAKLTD,EQ,25-Sep-2026,669.85,679.95,684.9,656.0,667.15,29553,198.21,2131,16959.0,57.39,2026-09-25
PAVNAIND,EQ,25-Sep-2026,15.29,15.01,15.94,15.01,15.46,29382,4.58,155,22938.0,78.07,2026-09-25
PAYTM,EQ,25-Sep-2026,1735.5,1732.5,1747.2,1658.8,1674.0,5174169,86785.65,155160,2602692.0,50.3,2026-09-25
PBMPOLY,EQ,25-Sep-2026,63.68,60.6,67.47,57.97,59.91,464,0.28,29,462.0,99.57,2026-09-25
PCBL,EQ,25-Sep-2026,338.6,339.4,342.95,335.05,339.6,669776,2268.46,19243,214188.0,31.98,2026-09-25
PCCL,SM,25-Sep-2026,445.0,448.0,450.0,445.0,445.3,9600,43.04,17,6800.0,70.83,2026-09-25
PCJEWELLER,EQ,25-Sep-2026,14.25,14.35,14.46,14.03,14.11,309343445,44036.55,146536,80005197.0,25.86,2026-09-25
PDMJEPAPER,EQ,25-Sep-2026,95.45,96.29,96.29,91.8,94.47,157250,147.78,2702,69587.0,44.25,2026-09-25
PDSL,EQ,25-Sep-2026,359.65,357.0,361.0,355.1,357.65,61436,220.63,7206,36770.0,59.85,2026-09-25
PEARLPOLY,EQ,25-Sep-2026,18.72,18.72,19.12,17.93,18.03,11088,2.01,68,6063.0,54.68,2026-09-25
PELATRO,SM,25-Sep-2026,375.1,384.0,388.0,383.5,383.5,3600,13.86,10,3300.0,91.67,2026-09-25
PENIND,EQ,25-Sep-2026,178.75,179.7,187.4,178.21,184.9,1295945,2397.78,17568,514749.0,39.72,2026-09-25
PENINLAND,EQ,25-Sep-2026,16.58,16.98,17.25,16.32,16.7,132272,21.98,424,99067.0,74.9,2026-09-25
PENTAGON,ST,25-Sep-2026,90.25,90.0,90.5,90.0,90.5,2000,1.81,2,2000.0,100.0,2026-09-25
PERFECT,SZ,25-Sep-2026,1.65,1.7,1.7,1.7,1.7,6000,0.1,2,6000.0,100.0,2026-09-25
PERMAGN,EQ,25-Sep-2026,847.7,847.45,859.0,845.5,852.45,2236,19.05,332,1725.0,77.15,2026-09-25
PERNIASPOP,EQ,25-Sep-2026,530.4,518.9,553.35,501.05,545.55,398066,2115.66,16322,69125.0,17.37,2026-09-25
PERSISTENT,EQ,25-Sep-2026,5277.0,5277.0,5385.0,5230.0,5372.0,307915,16388.24,26291,85938.0,27.91,2026-09-25
PETRONET,EQ,25-Sep-2026,286.6,285.35,286.5,283.4,286.5,880374,2509.29,16012,527975.0,59.97,2026-09-25
PFC,EQ,25-Sep-2026,339.35,340.0,340.05,336.3,338.0,8623661,29141.55,70604,6233229.0,72.28,2026-09-25
PFIZER,EQ,25-Sep-2026,4046.2,4060.0,4066.0,3988.0,4000.8,15786,632.16,7324,7798.0,49.4,2026-09-25
PFOCUS,EQ,25-Sep-2026,318.75,316.5,323.9,306.1,315.45,4224123,13388.4,39358,530859.0,12.57,2026-09-25
PFS,EQ,25-Sep-2026,26.93,27.4,27.4,26.24,26.37,347305,91.97,3107,223205.0,64.27,2026-09-25
PGEL,EQ,25-Sep-2026,514.45,513.6,520.4,512.05,518.5,483547,2495.93,10886,130934.0,27.08,2026-09-25
PGHH,EQ,25-Sep-2026,7093.0,7100.0,7112.0,7011.0,7037.5,15709,1106.92,5100,8189.0,52.13,2026-09-25
PGHL,EQ,25-Sep-2026,5416.5,5430.0,5450.0,5400.0,5406.0,3567,193.07,1276,2186.0,61.28,2026-09-25
PGIL,EQ,25-Sep-2026,1273.6,1281.8,1355.0,1274.8,1329.1,477150,6327.09,39201,103666.0,21.73,2026-09-25
PGINVIT,IV,25-Sep-2026,101.94,102.3,102.5,101.8,101.91,904445,922.79,5222,792279.0,87.6,2026-09-25
PHANTOMFX,SM,25-Sep-2026,90.6,88.0,91.4,85.1,90.0,33300,29.75,69,28500.0,85.59,2026-09-25
PHARMABEES,EQ,25-Sep-2026,27.8,28.4,28.4,27.64,27.8,4149103,1151.65,8686,2894595.0,69.76,2026-09-25
PHOENIXLTD,EQ,25-Sep-2026,1955.0,1944.2,1990.6,1900.1,1978.4,463656,9161.04,26276,260151.0,56.11,2026-09-25
PHOENXINTL,EQ,25-Sep-2026,28.33,28.95,28.95,27.85,28.68,470,0.13,19,470.0,100.0,2026-09-25
PHOGLOBAL,SM,25-Sep-2026,16.0,16.0,16.0,16.0,16.0,2000,0.32,1,2000.0,100.0,2026-09-25
PICCADIL,EQ,25-Sep-2026,601.55,603.2,619.5,603.2,613.0,116320,713.09,7749,44020.0,37.84,2026-09-25
PIDILITIND,EQ,25-Sep-2026,1522.0,1525.0,1530.0,1495.7,1517.2,503315,7587.04,31006,221595.0,44.03,2026-09-25
PIGL,EQ,25-Sep-2026,102.63,102.63,102.63,99.5,100.47,88650,88.91,778,72766.0,82.08,2026-09-25
PIIND,EQ,25-Sep-2026,2393.5,2388.6,2405.6,2362.6,2400.0,446431,10672.8,27705,261485.0,58.57,2026-09-25
PILANIINVS,EQ,25-Sep-2026,4007.1,3998.6,4040.0,3980.4,4015.0,1020,40.87,196,571.0,55.98,2026-09-25
PILITA,EQ,25-Sep-2026,7.47,7.55,7.8,7.4,7.71,65850,5.04,245,55790.0,84.72,2026-09-25
PINELABS,EQ,25-Sep-2026,179.31,181.0,182.0,175.46,176.57,17665754,31519.01,130191,5690074.0,32.21,2026-09-25
PIONEEREMB,EQ,25-Sep-2026,21.7,21.6,22.36,21.15,21.35,5260,1.12,61,4634.0,88.1,2026-09-25
PIONRINV,BE,25-Sep-2026,78.57,78.0,81.8,78.0,78.27,843,0.68,15,,,2026-09-25
PIRAMALFIN,EQ,25-Sep-2026,2104.3,2104.0,2164.5,2049.0,2142.7,307942,6435.29,29799,139891.0,45.43,2026-09-25
PITTIENG,EQ,25-Sep-2026,1161.0,1160.0,1184.2,1126.1,1162.4,93537,1083.98,8111,36871.0,39.42,2026-09-25
PIXTRANS,EQ,25-Sep-2026,1745.8,1745.1,1745.1,1720.0,1734.8,5689,98.33,977,3119.0,54.83,2026-09-25
PKTEA,BE,25-Sep-2026,998.35,1019.9,1020.0,963.0,1001.35,1313,12.89,86,,,2026-09-25
PLASTIBLEN,EQ,25-Sep-2026,189.71,190.95,209.7,190.95,202.99,208830,422.41,5219,102818.0,49.24,2026-09-25
PLATIND,EQ,25-Sep-2026,213.33,215.5,215.5,209.56,210.64,57233,120.82,1374,29403.0,51.37,2026-09-25
PLAZACABLE,EQ,25-Sep-2026,60.69,60.55,62.2,59.22,59.94,35030,21.08,698,22011.0,62.83,2026-09-25
PML,EQ,25-Sep-2026,483.85,480.05,500.0,470.3,475.15,321,1.55,64,299.0,93.15,2026-09-25
PNB,EQ,25-Sep-2026,117.12,117.12,118.01,116.23,116.6,8069096,9424.68,36017,3859452.0,47.83,2026-09-25
PNBGILTS,EQ,25-Sep-2026,75.35,75.35,75.9,74.26,74.73,191265,143.08,1964,87885.0,45.95,2026-09-25
PNBHOUSING,EQ,25-Sep-2026,1094.5,1090.0,1102.5,1077.2,1094.9,399362,4351.29,29445,179803.0,45.02,2026-09-25
PNC,EQ,25-Sep-2026,16.62,16.62,16.95,16.46,16.89,2725,0.46,52,2608.0,95.71,2026-09-25
PNCINFRA,EQ,25-Sep-2026,136.72,136.4,140.75,134.6,135.45,1445306,1990.38,17587,758587.0,52.49,2026-09-25
PNGJL,EQ,25-Sep-2026,591.2,591.2,624.0,579.15,605.5,754981,4499.35,30966,319812.0,42.36,2026-09-25
PNGSREVA,EQ,25-Sep-2026,523.85,528.0,547.4,517.55,524.85,401441,2138.6,16647,132201.0,32.93,2026-09-25
POCL,EQ,25-Sep-2026,468.85,470.0,472.0,454.3,466.8,359098,1661.85,13396,139242.0,38.78,2026-09-25
PODDARMENT,EQ,25-Sep-2026,275.15,273.8,277.0,270.0,271.4,2454,6.71,108,1951.0,79.5,2026-09-25
POEL,EQ,25-Sep-2026,146.7,146.7,149.0,144.0,145.34,38758,56.47,1729,12222.0,31.53,2026-09-25
POKARNA,EQ,25-Sep-2026,729.05,729.1,736.4,722.8,728.95,50362,366.89,3070,29047.0,57.68,2026-09-25
POLICYBZR,EQ,25-Sep-2026,1207.2,1160.0,1261.7,1115.0,1166.0,41589859,489527.88,789155,13931016.0,33.5,2026-09-25
POLYCAB,EQ,25-Sep-2026,8366.5,8394.0,8463.0,8350.0,8408.5,296612,24911.37,31619,158208.0,53.34,2026-09-25
POLYMED,EQ,25-Sep-2026,1716.0,1714.9,1733.8,1708.5,1724.4,52539,905.49,7851,25933.0,49.36,2026-09-25
POLYPLEX,EQ,25-Sep-2026,1097.4,1091.6,1097.2,1080.0,1086.2,25252,274.5,1780,18516.0,73.32,2026-09-25
POLYSIL,SM,25-Sep-2026,59.6,62.55,62.55,59.4,60.9,177500,109.72,161,117500.0,66.2,2026-09-25
POLYSPIN,EQ,25-Sep-2026,30.35,30.35,32.46,28.36,28.98,358,0.1,30,336.0,93.85,2026-09-25
PONNIERODE,EQ,25-Sep-2026,380.6,382.0,406.65,376.1,399.8,132564,522.69,6576,52069.0,39.28,2026-09-25
POONAWALLA,EQ,25-Sep-2026,466.8,464.8,469.9,453.2,461.55,1477854,6760.63,26052,913595.0,61.82,2026-09-25
POSITRON,SM,25-Sep-2026,238.25,241.0,245.0,235.0,235.0,7500,18.14,24,6000.0,80.0,2026-09-25
POWERGRID,EQ,25-Sep-2026,266.4,268.7,269.75,266.9,269.5,6241140,16761.75,50721,4018547.0,64.39,2026-09-25
POWERICA,EQ,25-Sep-2026,562.85,567.0,590.0,567.0,582.95,200960,1165.13,8924,94374.0,46.96,2026-09-25
POWERINDIA,EQ,25-Sep-2026,30715.0,30995.0,31560.0,30825.0,31035.0,130207,40563.91,30991,57756.0,44.36,2026-09-25
POWERMECH,EQ,25-Sep-2026,2429.5,2429.5,2439.7,2386.1,2407.3,20848,502.64,5631,9776.0,46.89,2026-09-25
PPAP,BE,25-Sep-2026,253.5,262.0,262.0,244.2,246.25,5323,13.18,136,,,2026-09-25
PPL,BE,25-Sep-2026,265.95,267.0,271.5,260.05,263.05,13411,35.61,243,,,2026-09-25
PPLPHARMA,EQ,25-Sep-2026,208.12,208.99,212.4,206.04,210.31,3361746,7053.86,38745,1381410.0,41.09,2026-09-25
PPSL,SM,25-Sep-2026,2.85,2.85,2.9,2.85,2.85,33000,0.95,10,18000.0,54.55,2026-09-25
PRABHA,EQ,25-Sep-2026,225.76,224.8,234.0,222.4,230.87,161400,370.73,2020,89723.0,55.59,2026-09-25
PRADPME,BE,25-Sep-2026,505.5,505.5,519.8,490.0,494.35,15023,75.58,202,,,2026-09-25
PRAENG,EQ,25-Sep-2026,22.86,22.87,24.8,22.31,23.7,254874,60.52,707,184098.0,72.23,2026-09-25
PRAJIND,EQ,25-Sep-2026,316.1,316.05,318.85,311.95,315.9,337732,1065.85,11142,110700.0,32.78,2026-09-25
PRAKASH,EQ,25-Sep-2026,117.68,119.0,122.4,117.48,118.81,464030,554.03,6138,218934.0,47.18,2026-09-25
PRAKASHSTL,EQ,25-Sep-2026,3.68,3.55,3.7,3.55,3.62,75243,2.74,349,55231.0,73.4,2026-09-25
PRAMARA,SM,25-Sep-2026,97.75,102.6,102.6,102.6,102.6,15500,15.9,14,15500.0,100.0,2026-09-25
PRAMODINI,SM,25-Sep-2026,114.55,114.15,117.9,114.15,115.1,33600,39.02,27,26400.0,78.57,2026-09-25
PRANAV,EQ,25-Sep-2026,100.19,100.0,102.49,98.36,100.64,2484193,2487.92,20742,833035.0,33.53,2026-09-25
PRASOLCHEM,EQ,25-Sep-2026,720.7,721.0,769.0,718.05,756.0,475369,3575.11,25628,134082.0,28.21,2026-09-25
PRATHAM,SM,25-Sep-2026,121.7,121.25,126.0,121.25,126.0,3200,4.01,7,3200.0,100.0,2026-09-25
PRAVEG,EQ,25-Sep-2026,259.3,262.9,263.55,257.0,259.25,12486,32.46,446,8410.0,67.36,2026-09-25
PRAXIS,EQ,25-Sep-2026,4.45,4.65,4.67,4.47,4.67,141877,6.59,186,135605.0,95.58,2026-09-25
PRECAM,EQ,25-Sep-2026,119.99,119.99,121.0,117.62,120.66,77805,92.8,1855,40183.0,51.65,2026-09-25
PRECOT,EQ,25-Sep-2026,634.45,639.7,649.15,635.3,640.7,1851,11.82,91,1683.0,90.92,2026-09-25
PRECWIRE,EQ,25-Sep-2026,488.9,488.85,508.2,488.0,502.6,619641,3109.15,27976,174040.0,28.09,2026-09-25
PREMCO,EQ,25-Sep-2026,402.3,402.3,402.3,393.35,395.35,873,3.47,76,871.0,99.77,2026-09-25
PREMEXPLN,EQ,25-Sep-2026,680.5,680.95,683.4,678.1,680.35,97193,661.22,2063,69403.0,71.41,2026-09-25
PREMIER,BE,25-Sep-2026,2.93,2.99,2.99,2.8,2.8,1392,0.04,36,,,2026-09-25
PREMIERENE,EQ,25-Sep-2026,898.0,894.0,900.0,884.6,896.4,455438,4066.69,15439,162706.0,35.73,2026-09-25
PREMIERPOL,EQ,25-Sep-2026,100.51,102.0,102.67,94.2,95.4,784231,761.05,13825,232584.0,29.66,2026-09-25
PREMIUM,SM,25-Sep-2026,42.45,44.0,44.7,43.0,44.05,327000,144.02,71,303000.0,92.66,2026-09-25
PRESSTONIC,SM,25-Sep-2026,47.75,48.55,52.5,48.0,52.5,320000,164.16,296,193600.0,60.5,2026-09-25
PRESTIGE,EQ,25-Sep-2026,1475.0,1470.0,1486.9,1449.5,1477.8,312842,4582.03,18284,135751.0,43.39,2026-09-25
PRICOLLTD,EQ,25-Sep-2026,763.8,763.8,777.2,752.0,759.4,143267,1094.44,9352,52227.0,36.45,2026-09-25
PRIMECAB,ST,25-Sep-2026,168.5,171.0,173.95,170.05,171.1,36800,63.34,21,36800.0,100.0,2026-09-25
PRIMESECU,EQ,25-Sep-2026,299.7,299.65,309.0,295.55,301.9,39045,117.81,627,16948.0,43.41,2026-09-25
PRIMO,EQ,25-Sep-2026,22.29,23.4,25.5,22.65,25.28,1374230,340.84,5233,781486.0,56.87,2026-09-25
PRINCEPIPE,EQ,25-Sep-2026,259.8,261.2,263.4,256.95,261.8,78264,203.85,2723,39732.0,50.77,2026-09-25
PRIORITY,EQ,25-Sep-2026,303.99,303.36,329.55,286.2,311.73,1392680,4311.54,45977,357468.0,25.67,2026-09-25
PRISMX,EQ,25-Sep-2026,0.51,0.52,0.53,0.51,0.52,160921,0.84,84,150631.0,93.61,2026-09-25
PRITI,EQ,25-Sep-2026,32.61,32.95,34.25,32.62,33.78,3804,1.27,101,2614.0,68.72,2026-09-25
PRITIKA,SM,25-Sep-2026,63.0,63.0,63.0,62.8,62.8,8000,5.03,3,8000.0,100.0,2026-09-25
PRITIKAUTO,BE,25-Sep-2026,17.13,17.67,17.67,16.41,17.16,245999,41.78,466,,,2026-09-25
PRIVISCL,EQ,25-Sep-2026,3537.9,3524.2,3625.0,3510.3,3594.1,97623,3504.34,18871,59594.0,61.05,2026-09-25
PRIZOR,ST,25-Sep-2026,1106.0,1107.0,1128.1,1107.0,1128.1,7200,80.88,17,7200.0,100.0,2026-09-25
PRLIND,SM,25-Sep-2026,48.45,46.1,46.15,45.0,45.95,13000,5.94,12,11000.0,84.62,2026-09-25
PROFX,SM,25-Sep-2026,70.0,72.7,72.9,72.7,72.75,9600,6.99,3,9600.0,100.0,2026-09-25
PROLIFE,SM,25-Sep-2026,80.0,80.0,80.0,80.0,80.0,3500,2.8,2,3500.0,100.0,2026-09-25
PROPEQUITY,SM,25-Sep-2026,192.0,192.0,197.05,192.0,192.85,3000,5.8,4,1800.0,60.0,2026-09-25
PROPSHOP,SM,25-Sep-2026,71.65,71.65,73.35,70.0,71.75,34000,24.38,12,24000.0,70.59,2026-09-25
PROSTARM,EQ,25-Sep-2026,139.26,139.26,144.0,135.31,141.17,798903,1127.03,12394,210068.0,26.29,2026-09-25
PROTEAN,EQ,25-Sep-2026,641.95,643.0,695.15,627.0,690.7,3560004,24023.12,77972,897556.0,25.21,2026-09-25
PROZONER,EQ,25-Sep-2026,54.16,54.43,57.99,53.5,56.75,1125326,626.32,6352,794772.0,70.63,2026-09-25
PRSMJOHNSN,EQ,25-Sep-2026,115.24,115.01,116.8,114.5,116.31,221858,256.69,4134,78409.0,35.34,2026-09-25
PRUDENT,EQ,25-Sep-2026,3219.6,3213.0,3219.6,3075.5,3097.9,56132,1748.77,11952,37695.0,67.15,2026-09-25
PRUDMOULI,EQ,25-Sep-2026,13.67,14.0,14.19,13.55,13.93,11847,1.65,60,11193.0,94.48,2026-09-25
PSB,EQ,25-Sep-2026,21.78,21.8,21.88,21.65,21.82,533659,116.06,3020,248761.0,46.61,2026-09-25
PSFL,SM,25-Sep-2026,32.5,33.5,34.55,33.5,34.55,8000,2.74,4,8000.0,100.0,2026-09-25
PSPPROJECT,EQ,25-Sep-2026,802.6,802.6,815.9,794.55,806.65,46119,371.36,3097,24688.0,53.53,2026-09-25
PSRAJ,SM,25-Sep-2026,103.9,94.0,99.9,94.0,99.3,17500,17.22,6,15000.0,85.71,2026-09-25
PSUBANK,EQ,25-Sep-2026,82.92,82.21,83.69,82.21,82.95,74327,61.7,411,26158.0,35.19,2026-09-25
PSUBANKADD,EQ,25-Sep-2026,83.81,84.11,84.2,83.6,83.89,5599,4.69,266,2831.0,50.56,2026-09-25
PSUBNKBEES,EQ,25-Sep-2026,92.45,93.0,93.0,92.15,92.35,462230,427.06,3299,267364.0,57.84,2026-09-25
PSUBNKIETF,EQ,25-Sep-2026,83.77,84.25,84.42,83.58,83.85,34414,28.88,555,18121.0,52.66,2026-09-25
PTC,EQ,25-Sep-2026,155.89,156.35,156.48,154.45,155.09,997223,1546.57,11760,652082.0,65.39,2026-09-25
PTCIL,EQ,25-Sep-2026,21820.0,21870.0,22155.0,21515.0,21810.0,10588,2309.45,4330,3982.0,37.61,2026-09-25
PTL,EQ,25-Sep-2026,38.19,38.19,38.27,38.05,38.24,16942,6.47,747,14368.0,84.81,2026-09-25
PULZ,SM,25-Sep-2026,20.45,20.45,20.45,20.45,20.45,4000,0.82,2,4000.0,100.0,2026-09-25
PUNJABCHEM,EQ,25-Sep-2026,1054.1,1051.7,1086.3,1051.0,1077.6,3752,40.2,361,1912.0,50.96,2026-09-25
PURPLEUTED,ST,25-Sep-2026,482.05,495.5,505.0,461.0,492.65,21250,104.12,70,18750.0,88.24,2026-09-25
PURVA,EQ,25-Sep-2026,215.06,216.63,216.63,212.37,213.87,78727,168.19,2472,35072.0,44.55,2026-09-25
PURVFLEXI,SM,25-Sep-2026,45.6,43.35,43.35,43.35,43.35,1600,0.69,2,800.0,50.0,2026-09-25
PUSHPA,SM,25-Sep-2026,106.35,104.0,115.0,103.0,114.35,81000,87.61,75,23000.0,28.4,2026-09-25
PVP,EQ,25-Sep-2026,65.2,61.94,63.49,61.94,61.94,2454711,1525.06,3846,1273039.0,51.86,2026-09-25
PVRINOX,EQ,25-Sep-2026,1256.7,1264.9,1292.0,1245.0,1254.6,374832,4732.38,21303,153982.0,41.08,2026-09-25
PVSL,EQ,25-Sep-2026,98.62,100.0,100.59,98.33,98.67,12411,12.37,403,9304.0,74.97,2026-09-25
PVTBANIETF,EQ,25-Sep-2026,27.25,27.02,27.39,27.02,27.24,984660,267.81,1893,398425.0,40.46,2026-09-25
PVTBANK,EQ,25-Sep-2026,26.96,26.94,29.65,26.85,27.31,18480,5.04,72,14734.0,79.73,2026-09-25
PVTBANKADD,EQ,25-Sep-2026,27.33,27.33,27.42,27.2,27.33,170983,46.72,127,118858.0,69.51,2026-09-25
PVTBKGROWW,EQ,25-Sep-2026,27.01,27.19,27.19,26.52,27.06,5330,1.43,70,4249.0,79.72,2026-09-25
PWL,EQ,25-Sep-2026,132.64,132.64,135.5,131.5,134.36,6520141,8696.36,49712,3491837.0,53.55,2026-09-25
PYRAMID,EQ,25-Sep-2026,161.52,160.08,164.38,158.41,162.29,29578,47.73,1109,16842.0,56.94,2026-09-25
QFIL,SM,25-Sep-2026,55.1,52.35,52.35,52.35,52.35,3000,1.57,3,3000.0,100.0,2026-09-25
QGOLDHALF,EQ,25-Sep-2026,123.65,124.79,124.9,123.8,124.8,126885,158.23,583,100728.0,79.39,2026-09-25
QLINE,SM,25-Sep-2026,674.85,670.0,684.95,661.65,668.45,56800,380.39,130,32800.0,57.75,2026-09-25
QMSMEDI,BE,25-Sep-2026,192.54,187.0,199.9,186.9,196.64,82555,159.87,473,,,2026-09-25
QNIFTY,EQ,25-Sep-2026,254.69,259.78,259.78,253.2,254.68,5549,14.13,118,2041.0,36.78,2026-09-25
QPOWER,EQ,25-Sep-2026,1500.1,1502.0,1535.0,1482.0,1517.8,161416,2439.46,14183,79527.0,49.27,2026-09-25
QUADFUTURE,EQ,25-Sep-2026,500.4,502.85,559.7,492.6,547.5,1950037,10459.81,57343,307415.0,15.76,2026-09-25
QUADPRO,ST,25-Sep-2026,3.85,4.0,4.0,4.0,4.0,24000,0.96,2,24000.0,100.0,2026-09-25
QUAL30IETF,EQ,25-Sep-2026,20.17,20.17,20.41,20.1,20.2,40140,8.1,220,19752.0,49.21,2026-09-25
QUALIANCE,ST,25-Sep-2026,191.6,193.0,200.3,182.05,187.0,133000,252.01,104,125000.0,93.98,2026-09-25
QUALITY30,EQ,25-Sep-2026,19.8,19.3,20.45,19.3,20.2,3040,0.6,49,2237.0,73.59,2026-09-25
QUESS,EQ,25-Sep-2026,353.4,355.0,355.0,329.2,340.9,1520564,5129.91,40260,719568.0,47.32,2026-09-25
QUESTLAB,SM,25-Sep-2026,90.1,93.45,98.5,86.55,87.05,50400,47.43,39,30000.0,59.52,2026-09-25
QUICKHEAL,EQ,25-Sep-2026,147.9,146.02,148.49,145.55,147.04,74851,109.83,1848,27283.0,36.45,2026-09-25
QUICKTOUCH,SM,25-Sep-2026,16.0,16.5,16.5,15.2,15.5,12500,1.97,13,5500.0,44.0,2026-09-25
QUINT,BE,25-Sep-2026,88.8,90.0,90.0,84.36,84.36,26183,22.72,143,,,2026-09-25
QVCEL,SM,25-Sep-2026,24.4,24.0,24.0,24.0,24.0,1600,0.38,1,1600.0,100.0,2026-09-25
RACE,EQ,25-Sep-2026,115.98,117.5,124.98,112.0,117.9,136785,159.6,2141,36894.0,26.97,2026-09-25
RACLGEAR,EQ,25-Sep-2026,1679.8,1660.0,1696.0,1660.0,1686.5,24872,417.29,2840,13521.0,54.36,2026-09-25
RADAAN,EQ,25-Sep-2026,3.1,3.15,3.15,2.9,2.99,45937,1.38,150,37446.0,81.52,2026-09-25
RADHIKAJWE,BE,25-Sep-2026,70.64,70.99,70.99,69.25,69.88,130948,91.54,986,,,2026-09-25
RADIANTCMS,EQ,25-Sep-2026,35.61,35.01,35.85,35.01,35.67,76758,27.21,913,42138.0,54.9,2026-09-25
RADICO,EQ,25-Sep-2026,4481.3,4494.9,4600.0,4486.4,4557.1,251300,11442.5,28496,87993.0,35.02,2026-09-25
RADIOCITY,EQ,25-Sep-2026,5.98,5.98,6.08,5.9,6.05,30851,1.84,138,18928.0,61.35,2026-09-25
RADIOWALLA,ST,25-Sep-2026,29.1,29.65,29.65,28.6,28.6,3200,0.93,2,3200.0,100.0,2026-09-25
RAILTEL,EQ,25-Sep-2026,261.55,261.0,261.4,257.2,260.15,392954,1018.4,10570,128917.0,32.81,2026-09-25
RAIN,EQ,25-Sep-2026,218.23,218.99,221.21,214.28,219.35,3244552,7082.79,23273,1200967.0,37.01,2026-09-25
RAINBOW,EQ,25-Sep-2026,1412.6,1410.0,1422.3,1350.0,1374.2,433047,5976.64,45064,240964.0,55.64,2026-09-25
RAJESHEXPO,BZ,25-Sep-2026,68.07,67.35,68.0,67.01,67.44,96427,65.07,1351,,,2026-09-25
RAJINDLTD,SM,25-Sep-2026,66.5,66.55,66.55,66.55,66.55,1500,1.0,1,1500.0,100.0,2026-09-25
RAJMET,EQ,25-Sep-2026,3.12,3.11,3.15,3.11,3.11,202636,6.32,570,137487.0,67.85,2026-09-25
RAJOOENG,BE,25-Sep-2026,54.81,54.12,54.95,52.1,53.08,273965,145.99,894,,,2026-09-25
RAJPALAYAM,EQ,25-Sep-2026,767.9,767.9,793.4,758.3,761.75,1259,9.62,72,1120.0,88.96,2026-09-25
RAJPUTANA,SM,25-Sep-2026,198.0,198.0,214.0,198.0,201.75,18500,37.56,35,13500.0,72.97,2026-09-25
RAJRATAN,EQ,25-Sep-2026,472.05,473.0,476.0,465.55,472.5,25305,119.09,2226,11618.0,45.91,2026-09-25
RAJRILTD,BE,25-Sep-2026,20.57,20.98,20.98,20.5,20.9,9307,1.94,162,,,2026-09-25
RAJSREESUG,EQ,25-Sep-2026,31.57,31.15,33.4,31.15,31.81,644442,208.39,2291,482449.0,74.86,2026-09-25
RAJTV,EQ,25-Sep-2026,10.25,10.6,10.76,10.51,10.76,85135,9.09,188,80365.0,94.4,2026-09-25
RALLIS,EQ,25-Sep-2026,200.36,199.8,200.68,198.22,200.38,378388,755.69,13182,178893.0,47.28,2026-09-25
RAMANEWS,EQ,25-Sep-2026,31.21,31.07,31.49,30.76,31.1,14119,4.38,110,12245.0,86.73,2026-09-25
RAMAPHO,EQ,25-Sep-2026,122.49,122.49,123.95,121.28,122.25,15287,18.74,328,12037.0,78.74,2026-09-25
RAMASTEEL,BE,25-Sep-2026,4.57,4.48,4.48,4.48,4.48,404771,18.13,929,,,2026-09-25
RAMBHAJO,EQ,25-Sep-2026,275.76,279.5,294.65,277.98,286.23,649377,1871.91,12138,193211.0,29.75,2026-09-25
RAMCOCEM,EQ,25-Sep-2026,872.1,868.0,875.45,858.55,867.55,301245,2613.49,25243,197086.0,65.42,2026-09-25
RAMCOIND,EQ,25-Sep-2026,321.8,315.9,321.8,313.1,319.95,65040,206.42,2452,28888.0,44.42,2026-09-25
RAMCOSYS,EQ,25-Sep-2026,581.35,581.0,588.9,575.55,580.2,27563,160.15,1668,12269.0,44.51,2026-09-25
RAMKY,EQ,25-Sep-2026,310.15,311.1,313.65,307.95,312.15,23356,72.62,1133,13932.0,59.65,2026-09-25
RAMRAT,EQ,25-Sep-2026,548.4,548.4,576.0,548.4,570.0,292137,1660.96,15052,120251.0,41.16,2026-09-25
RANASUG,EQ,25-Sep-2026,13.86,13.99,14.61,13.55,14.41,1178227,166.91,2323,478049.0,40.57,2026-09-25
RANEHOLDIN,EQ,25-Sep-2026,1590.7,1598.5,1599.0,1569.5,1580.6,3105,49.17,492,1889.0,60.84,2026-09-25
RAPIDFLEET,SM,25-Sep-2026,202.0,198.5,198.9,198.5,198.9,5400,10.73,9,0.0,0.0,2026-09-25
RAPPID,SM,25-Sep-2026,352.0,358.0,358.0,345.35,351.7,5400,19.1,6,4200.0,77.78,2026-09-25
RATEGAIN,EQ,25-Sep-2026,824.0,826.0,833.0,815.0,827.75,119666,988.07,10932,56454.0,47.18,2026-09-25
RATNAMANI,EQ,25-Sep-2026,2824.2,2841.3,2847.5,2755.9,2778.3,25715,715.78,6660,12701.0,49.39,2026-09-25
RATNAVEER,EQ,25-Sep-2026,323.95,324.9,341.65,323.0,333.95,6123089,20439.04,43809,1693538.0,27.66,2026-09-25
RAYMOND,EQ,25-Sep-2026,1203.85,1208.9,1223.85,1172.0,1196.65,3100301,37000.52,102460,449184.0,14.49,2026-09-25
RAYMONDLSL,EQ,25-Sep-2026,688.85,685.0,701.4,678.0,687.6,240261,1654.61,12918,74198.0,30.88,2026-09-25
RAYMONDREL,EQ,25-Sep-2026,708.3,702.0,741.95,701.5,711.3,8688746,62565.2,148479,885865.0,10.2,2026-09-25
RBA,EQ,25-Sep-2026,90.65,90.65,93.6,89.62,92.51,2584085,2367.52,26142,1105562.0,42.78,2026-09-25
RBLBANK,EQ,25-Sep-2026,412.75,412.6,416.0,409.1,415.05,3419454,14131.09,32000,934260.0,27.32,2026-09-25
RBMINFRA,SM,25-Sep-2026,267.9,267.9,277.0,258.0,262.85,14600,39.0,60,11600.0,79.45,2026-09-25
RBS,SM,25-Sep-2026,83.0,82.0,84.5,80.0,83.6,9600,7.89,12,5600.0,58.33,2026-09-25
RBZJEWEL,BE,25-Sep-2026,172.26,172.3,180.87,170.15,180.87,63541,112.39,425,,,2026-09-25
RCDL,SM,25-Sep-2026,16.25,17.05,17.05,17.05,17.05,18000,3.07,6,18000.0,100.0,2026-09-25
RCF,EQ,25-Sep-2026,108.4,108.4,108.9,107.15,108.58,642414,694.93,7683,208778.0,32.5,2026-09-25
RCOM,BE,25-Sep-2026,0.93,0.95,0.96,0.9,0.93,2036380,18.9,1811,,,2026-09-25
RECLTD,EQ,25-Sep-2026,308.25,309.2,312.95,307.25,312.95,3896789,12097.83,24918,2218461.0,56.93,2026-09-25
REDINGTON,EQ,25-Sep-2026,406.4,406.5,411.9,404.1,407.25,2473777,10123.52,36643,1049118.0,42.41,2026-09-25
REDTAPE,EQ,25-Sep-2026,122.13,122.9,123.0,118.0,121.05,507124,608.27,7198,205278.0,40.48,2026-09-25
REFEX,EQ,25-Sep-2026,283.35,281.0,287.35,280.15,285.8,230207,653.11,5273,82748.0,35.95,2026-09-25
REFRACTORY,SM,25-Sep-2026,38.35,40.25,40.25,36.45,37.9,40000,15.66,32,29000.0,72.5,2026-09-25
REGAAL,EQ,25-Sep-2026,90.61,91.06,91.25,88.41,89.98,231775,207.64,2551,99882.0,43.09,2026-09-25
REGENCERAM,EQ,25-Sep-2026,34.78,34.78,34.78,33.11,33.39,1978,0.66,34,1423.0,71.94,2026-09-25
RELAXO,EQ,25-Sep-2026,291.7,293.95,298.1,288.2,297.0,129942,381.99,6481,56128.0,43.19,2026-09-25
RELCHEMQ,EQ,25-Sep-2026,118.41,116.02,119.75,116.02,118.22,583,0.69,52,382.0,65.52,2026-09-25
RELIABLE,EQ,25-Sep-2026,147.95,150.0,150.0,144.0,147.7,11825,17.41,466,8468.0,71.61,2026-09-25
RELIANCE,EQ,25-Sep-2026,1219.2,1210.5,1227.4,1210.5,1226.0,13138735,160350.76,212698,8311348.0,63.26,2026-09-25
RELIGARE,EQ,25-Sep-2026,240.32,239.0,244.3,236.74,242.27,422871,1017.42,7864,215996.0,51.08,2026-09-25
RELINFRA,BE,25-Sep-2026,46.12,45.2,45.2,45.2,45.2,59895,27.07,426,,,2026-09-25
RELTD,EQ,25-Sep-2026,146.32,147.49,150.2,145.11,148.77,99232,146.76,2080,45421.0,45.77,2026-09-25
REMSONSIND,EQ,25-Sep-2026,111.12,116.4,132.8,114.25,116.8,4262134,5245.79,34231,1292002.0,30.31,2026-09-25
REMUS,SM,25-Sep-2026,942.2,943.0,958.45,927.0,946.0,2700,25.38,26,2200.0,81.48,2026-09-25
RENTOMOJO,EQ,25-Sep-2026,501.9,503.9,515.0,497.05,507.75,2048727,10392.1,47991,413927.0,20.2,2026-09-25
RENUKA,EQ,25-Sep-2026,22.92,22.92,23.92,22.75,23.31,24534315,5771.86,33997,6196291.0,25.26,2026-09-25
REPCOHOME,EQ,25-Sep-2026,352.45,352.0,353.15,345.0,347.7,66626,232.03,2344,38867.0,58.34,2026-09-25
REPL,EQ,25-Sep-2026,60.62,64.05,64.05,60.11,61.49,3682,2.28,74,2165.0,58.8,2026-09-25
REPRO,EQ,25-Sep-2026,302.2,307.95,307.95,276.1,288.25,244479,696.2,4728,163895.0,67.04,2026-09-25
RESPONIND,EQ,25-Sep-2026,158.02,155.0,171.62,155.0,161.23,2449470,4068.84,35959,302778.0,12.36,2026-09-25
RETAIL,EQ,25-Sep-2026,16.72,17.98,20.06,16.36,20.06,111518,21.41,419,102879.0,92.25,2026-09-25
REXPRO,SM,25-Sep-2026,34.85,34.1,35.0,34.1,35.0,4000,1.38,4,3000.0,75.0,2026-09-25
RFBL,ST,25-Sep-2026,101.0,102.0,102.0,102.0,102.0,3000,3.06,1,3000.0,100.0,2026-09-25
RGL,EQ,25-Sep-2026,166.3,165.0,169.74,164.37,167.47,471415,791.62,10168,164370.0,34.87,2026-09-25
RHETAN,EQ,25-Sep-2026,15.96,15.17,15.17,15.17,15.17,803125,121.83,1186,803120.0,100.0,2026-09-25
RHFL,BZ,25-Sep-2026,1.68,1.65,1.68,1.63,1.65,670706,11.08,862,,,2026-09-25
RHIM,EQ,25-Sep-2026,383.8,385.0,388.05,378.3,386.45,281131,1079.34,10293,98659.0,35.09,2026-09-25
RHL,EQ,25-Sep-2026,177.76,170.57,177.0,170.56,171.41,1365,2.35,33,1299.0,95.16,2026-09-25
RICHA,SM,25-Sep-2026,82.5,78.0,78.0,78.0,78.0,1000,0.78,1,1000.0,100.0,2026-09-25
RICOAUTO,EQ,25-Sep-2026,130.67,131.4,134.68,129.61,132.23,946822,1251.58,13193,283587.0,29.95,2026-09-25
RIIL,EQ,25-Sep-2026,703.45,703.0,703.45,686.5,694.55,47746,332.48,2375,18065.0,37.84,2026-09-25
RIIT,IV,25-Sep-2026,118.91,118.91,121.22,118.91,119.36,470877,565.06,6067,444656.0,94.43,2026-09-25
RILINFRA,SM,25-Sep-2026,33.2,33.0,33.5,32.25,32.8,11600,3.82,31,10600.0,91.38,2026-09-25
RIR,EQ,25-Sep-2026,184.03,183.85,193.88,181.7,188.01,2076996,3900.71,22665,335960.0,16.18,2026-09-25
RISHABH,EQ,25-Sep-2026,704.55,702.0,723.45,692.7,711.8,220502,1562.28,11195,90594.0,41.09,2026-09-25
RITCO,EQ,25-Sep-2026,286.1,288.0,292.15,284.0,285.7,32924,94.15,893,18935.0,57.51,2026-09-25
RITES,EQ,25-Sep-2026,201.74,201.5,203.57,198.52,199.31,342582,684.34,11207,162022.0,47.29,2026-09-25
RITEZONE,SM,25-Sep-2026,18.5,17.75,17.75,17.6,17.6,8000,1.41,4,4800.0,60.0,2026-09-25
RKDL,EQ,25-Sep-2026,18.66,18.98,18.98,18.35,18.6,1964,0.36,61,1341.0,68.28,2026-09-25
RKEC,EQ,25-Sep-2026,22.84,26.0,27.4,23.52,24.26,768771,198.83,3356,262150.0,34.1,2026-09-25
RKFORGE,EQ,25-Sep-2026,709.55,709.0,715.5,695.65,704.5,285768,2011.55,13143,138036.0,48.3,2026-09-25
RKSWAMY,EQ,25-Sep-2026,91.72,90.75,94.49,90.05,90.59,24773,22.58,389,17687.0,71.4,2026-09-25
RMC,EQ,25-Sep-2026,216.75,216.7,224.17,209.62,219.89,22974,49.31,1138,11153.0,48.55,2026-09-25
RMDRIP,BE,25-Sep-2026,23.5,23.5,23.99,23.5,23.62,233249,54.87,329,,,2026-09-25
RML,EQ,25-Sep-2026,1362.8,1369.6,1379.2,1301.1,1322.3,45192,601.67,6093,18564.0,41.08,2026-09-25
RNBDENIMS,BE,25-Sep-2026,9.14,9.37,9.37,9.01,9.04,140860,12.84,401,,,2026-09-25
RNFI,SM,25-Sep-2026,318.3,323.75,323.75,312.6,317.25,24000,75.94,37,13200.0,55.0,2026-09-25
RNPL,SM,25-Sep-2026,56.85,59.65,59.65,59.6,59.65,4800,2.86,4,3600.0,75.0,2026-09-25
ROCKINGDCE,SM,25-Sep-2026,218.5,218.55,222.5,217.0,222.5,1750,3.84,7,1250.0,71.43,2026-09-25
ROCKPP,E1,25-Sep-2026,70.4,63.45,63.45,63.45,63.45,4000,2.54,2,4000.0,100.0,2026-09-25
ROHLTD,EQ,25-Sep-2026,304.0,304.7,311.4,302.0,308.6,24782,76.11,894,17109.0,69.04,2026-09-25
ROLEXRINGS,EQ,25-Sep-2026,181.41,182.8,196.83,180.58,195.35,7169312,13710.68,66834,2162377.0,30.16,2026-09-25
ROLLT,BE,25-Sep-2026,6.09,5.79,5.79,5.79,5.79,49883,2.89,177,,,2026-09-25
ROML,EQ,25-Sep-2026,41.87,42.42,42.9,42.0,42.79,1512,0.64,29,1075.0,71.1,2026-09-25
ROSSARI,EQ,25-Sep-2026,446.5,448.05,448.95,440.05,444.2,20447,90.96,2044,11402.0,55.76,2026-09-25
ROSSELLIND,EQ,25-Sep-2026,51.73,52.26,52.26,51.0,51.63,25615,13.18,1472,12875.0,50.26,2026-09-25
ROSSTECH,EQ,25-Sep-2026,1418.9,1415.3,1445.2,1380.0,1402.7,132626,1866.88,14067,48745.0,36.75,2026-09-25
ROTO,EQ,25-Sep-2026,63.77,63.77,64.99,62.41,62.8,388024,246.33,3810,133970.0,34.53,2026-09-25
ROUTE,EQ,25-Sep-2026,464.3,464.3,465.45,458.0,463.0,100904,465.4,5046,40328.0,39.97,2026-09-25
ROXHITECH,SM,25-Sep-2026,47.35,47.0,47.0,46.1,46.1,8000,3.72,5,8000.0,100.0,2026-09-25
RPEL,EQ,25-Sep-2026,1698.4,1698.4,1732.9,1670.5,1699.5,49098,835.14,5859,26260.0,53.48,2026-09-25
RPGLIFE,EQ,25-Sep-2026,2899.9,2878.0,3127.8,2863.5,3050.6,111001,3345.99,12415,54842.0,49.41,2026-09-25
RPOWER,EQ,25-Sep-2026,20.67,20.7,20.75,20.29,20.57,14606424,2986.95,25091,4866736.0,33.32,2026-09-25
RPPINFRA,EQ,25-Sep-2026,54.41,53.25,54.95,53.0,53.63,57550,30.74,651,41118.0,71.45,2026-09-25
RPPL,BE,25-Sep-2026,19.7,19.82,19.95,18.9,19.0,44264,8.49,183,,,2026-09-25
RPSGVENT,EQ,25-Sep-2026,844.45,840.05,843.95,832.5,837.3,25180,211.38,822,21453.0,85.2,2026-09-25
RPTECH,EQ,25-Sep-2026,883.5,888.0,900.0,877.35,893.0,214767,1913.15,13293,93814.0,43.68,2026-09-25
RRECL,EQ,25-Sep-2026,133.12,132.95,132.95,121.03,123.4,343,0.42,23,330.0,96.21,2026-09-25
RRIL,EQ,25-Sep-2026,16.17,16.2,16.25,15.3,16.01,17486,2.78,99,14395.0,82.32,2026-09-25
RRKABEL,EQ,25-Sep-2026,2529.8,2550.0,2567.7,2482.6,2528.3,206897,5215.78,22384,68726.0,33.22,2026-09-25
RSDFIN,BE,25-Sep-2026,90.0,94.49,94.49,94.0,94.49,2501,2.36,8,,,2026-09-25
RSL,EQ,25-Sep-2026,181.92,183.4,186.51,181.01,183.46,126146,232.27,3201,46473.0,36.84,2026-09-25
RSSOFTWARE,EQ,25-Sep-2026,31.24,31.6,31.69,29.96,30.56,24481,7.45,187,19287.0,78.78,2026-09-25
RSWM,EQ,25-Sep-2026,220.51,218.35,222.49,215.0,218.34,46759,101.83,1402,22317.0,47.73,2026-09-25
RSYSTEMS,EQ,25-Sep-2026,237.43,237.42,239.88,232.26,235.62,128718,302.75,3292,61881.0,48.07,2026-09-25
RTNINDIA,EQ,25-Sep-2026,26.57,26.8,27.4,26.28,26.96,923840,246.22,5317,397265.0,43.0,2026-09-25
RTNPOWER,EQ,25-Sep-2026,7.02,7.02,7.05,6.88,7.0,14384293,1001.65,13510,6734683.0,46.82,2026-09-25
RTSPOWR,EQ,25-Sep-2026,87.16,90.0,104.59,90.0,104.59,14220,14.77,143,13730.0,96.55,2026-09-25
RUBFILA,EQ,25-Sep-2026,63.79,65.07,65.07,63.1,63.31,56164,35.86,926,31501.0,56.09,2026-09-25
RUBICON,EQ,25-Sep-2026,1676.1,1679.3,1695.9,1661.1,1676.3,128501,2160.66,17199,64093.0,49.88,2026-09-25
RUBYMILLS,EQ,25-Sep-2026,494.6,485.0,505.0,482.7,491.85,13428,66.47,1072,6029.0,44.9,2026-09-25
RUCHINFRA,EQ,25-Sep-2026,5.13,5.44,5.44,4.98,5.09,32572,1.66,255,27089.0,83.17,2026-09-25
RUCHIRA,EQ,25-Sep-2026,104.53,104.16,105.94,104.0,104.96,24880,26.11,591,17008.0,68.36,2026-09-25
RUDRA,EQ,25-Sep-2026,19.26,19.17,19.99,19.17,19.45,14673,2.86,105,9401.0,64.07,2026-09-25
RULKA,SM,25-Sep-2026,106.95,105.9,106.1,102.0,102.6,3900,4.05,13,3300.0,84.62,2026-09-25
RUPA,EQ,25-Sep-2026,136.0,136.86,136.88,133.54,136.07,115990,156.11,3738,61543.0,53.06,2026-09-25
RUSHIL,EQ,25-Sep-2026,16.63,16.98,16.98,15.81,16.1,674897,108.39,1087,430009.0,63.71,2026-09-25
RUSTOMJEE,EQ,25-Sep-2026,364.0,364.05,372.9,360.7,366.5,537143,1956.49,3326,506799.0,94.35,2026-09-25
RVHL,EQ,25-Sep-2026,38.83,39.0,39.49,38.02,39.32,689,0.27,45,493.0,71.55,2026-09-25
RVNL,EQ,25-Sep-2026,206.0,206.0,207.33,203.92,207.0,2405229,4952.83,26890,660997.0,27.48,2026-09-25
RVTH,EQ,25-Sep-2026,661.0,660.0,677.0,640.05,654.6,874,5.74,88,656.0,75.06,2026-09-25
S&SPOWER,EQ,25-Sep-2026,315.35,315.35,329.75,304.8,307.9,6820,21.27,311,4039.0,59.22,2026-09-25
SAAKSHI,ST,25-Sep-2026,373.15,365.7,365.7,365.7,365.7,6600,24.14,10,6000.0,90.91,2026-09-25
SAATVIKGL,EQ,25-Sep-2026,437.95,437.0,442.95,424.3,427.45,92616,398.54,2994,64636.0,69.79,2026-09-25
SAB,EQ,25-Sep-2026,170.0,170.0,170.0,170.0,170.0,5,0.01,1,5.0,100.0,2026-09-25
SACHEEROME,SM,25-Sep-2026,480.85,476.05,488.95,476.05,480.1,9600,46.44,26,6900.0,71.88,2026-09-25
SADBHAV,EQ,25-Sep-2026,7.54,7.55,7.57,7.39,7.46,98193,7.35,245,69093.0,70.36,2026-09-25
SADBHIN,EQ,25-Sep-2026,2.59,2.61,2.71,2.57,2.65,103401,2.73,225,88280.0,85.38,2026-09-25
SADHAV,SM,25-Sep-2026,105.0,106.7,106.7,104.0,104.0,1800,1.89,2,1800.0,100.0,2026-09-25
SADHNANIQ,BE,25-Sep-2026,2.82,2.84,2.9,2.68,2.82,2654259,73.12,1169,,,2026-09-25
SAFARI,EQ,25-Sep-2026,1481.2,1481.0,1492.1,1455.0,1464.2,44195,648.06,11159,29842.0,67.52,2026-09-25
SAFEENTP,SM,25-Sep-2026,244.65,244.65,253.0,241.0,250.2,75500,187.51,116,60500.0,80.13,2026-09-25
SAGARDEEP,EQ,25-Sep-2026,23.7,24.17,24.17,23.12,23.19,7598,1.77,85,4141.0,54.5,2026-09-25
SAGCEM,EQ,25-Sep-2026,151.76,151.72,153.0,150.02,152.64,8476,12.84,348,4512.0,53.23,2026-09-25
SAGILITY,EQ,25-Sep-2026,45.0,45.2,45.25,44.17,44.69,9623863,4290.12,18928,4518731.0,46.95,2026-09-25
SAHAJSOLAR,SM,25-Sep-2026,89.35,87.15,90.2,84.5,90.0,39200,34.4,93,27200.0,69.39,2026-09-25
SAHANA,SM,25-Sep-2026,851.15,879.0,888.0,860.0,861.3,26250,228.33,114,15150.0,57.71,2026-09-25
SAHASRA,SM,25-Sep-2026,408.45,410.0,428.85,391.3,428.85,408400,1692.73,753,266800.0,65.33,2026-09-25
SAHLIBHFI,EQ,25-Sep-2026,78.24,79.49,79.9,76.6,77.55,21320,16.67,451,12845.0,60.25,2026-09-25
SAHYADRI,EQ,25-Sep-2026,366.85,369.0,369.0,355.0,362.6,5630,20.31,372,2715.0,48.22,2026-09-25
SAICAPI,EQ,25-Sep-2026,146.03,155.45,159.7,150.1,156.99,117,0.18,14,107.0,91.45,2026-09-25
SAIFL,SM,25-Sep-2026,4.3,4.25,4.25,4.15,4.25,140000,5.89,29,108000.0,77.14,2026-09-25
SAIL,EQ,25-Sep-2026,184.0,184.64,186.05,182.77,185.0,9681139,17865.15,48062,2541221.0,26.25,2026-09-25
SAILIFE,EQ,25-Sep-2026,1594.9,1590.0,1623.4,1581.0,1592.2,265877,4245.36,24905,137731.0,51.8,2026-09-25
SAIPARENT,EQ,25-Sep-2026,506.4,509.95,510.95,502.1,503.95,29566,149.47,1350,18464.0,62.45,2026-09-25
SAKAR,EQ,25-Sep-2026,1128.55,1125.1,1189.5,1125.1,1135.85,99278,1148.72,8449,45065.0,45.39,2026-09-25
SAKHTISUG,EQ,25-Sep-2026,17.96,17.96,19.7,17.96,19.0,624810,118.32,2270,317481.0,50.81,2026-09-25
SAKSOFT,EQ,25-Sep-2026,143.53,142.47,143.08,141.15,141.52,115426,163.79,2377,63149.0,54.71,2026-09-25
SAKUMA,EQ,25-Sep-2026,1.66,1.68,1.72,1.66,1.67,1169361,19.72,918,730608.0,62.48,2026-09-25
SALASAR,EQ,25-Sep-2026,4.91,4.93,4.93,4.66,4.7,9245213,438.23,6275,6343641.0,68.62,2026-09-25
SALONA,EQ,25-Sep-2026,274.25,273.75,279.7,265.6,274.75,359,0.98,91,319.0,88.86,2026-09-25
SALSTEEL,EQ,25-Sep-2026,89.27,91.6,93.72,90.99,93.6,741473,690.66,3994,369491.0,49.83,2026-09-25
SALZERELEC,EQ,25-Sep-2026,538.65,535.0,544.35,532.55,541.25,21706,116.57,1501,10571.0,48.7,2026-09-25
SAMAY,ST,25-Sep-2026,47.8,47.75,47.75,47.75,47.75,4000,1.91,1,4000.0,100.0,2026-09-25
SAMBANDAM,EQ,25-Sep-2026,107.0,107.0,111.9,107.0,111.83,1662,1.84,27,1647.0,99.1,2026-09-25
SAMBHAAV,EQ,25-Sep-2026,5.89,5.77,6.89,5.52,5.92,82882,4.84,192,42238.0,50.96,2026-09-25
SAMBHV,EQ,25-Sep-2026,152.36,153.5,160.98,149.37,159.12,5127428,8052.56,50862,1453198.0,28.34,2026-09-25
SAMHI,EQ,25-Sep-2026,158.94,158.25,160.9,157.5,159.19,352713,561.21,9069,177095.0,50.21,2026-09-25
SAMMAANCAP,EQ,25-Sep-2026,140.55,141.78,141.78,138.9,140.61,3454356,4842.15,20830,1496479.0,43.32,2026-09-25
SAMPANN,EQ,25-Sep-2026,24.08,24.5,26.4,23.07,24.56,37461,9.11,231,32289.0,86.19,2026-09-25
SANATHAN,EQ,25-Sep-2026,529.25,537.0,544.0,520.0,523.2,189507,1007.25,12410,95222.0,50.25,2026-09-25
SANDESH,EQ,25-Sep-2026,1014.3,1025.0,1045.0,1012.4,1034.4,566,5.86,69,423.0,74.73,2026-09-25
SANDHAR,EQ,25-Sep-2026,575.65,576.0,580.8,568.55,574.0,88878,510.26,5290,44907.0,50.53,2026-09-25
SANDUMA,EQ,25-Sep-2026,183.11,183.0,185.35,181.35,184.79,337776,618.17,8877,167558.0,49.61,2026-09-25
SANGAMIND,EQ,25-Sep-2026,579.7,584.0,624.9,571.05,619.9,434786,2655.68,14752,110550.0,25.43,2026-09-25
SANGANI,SM,25-Sep-2026,51.1,53.5,53.65,53.5,53.65,3000,1.61,2,3000.0,100.0,2026-09-25
SANGHVIMOV,EQ,25-Sep-2026,446.45,447.0,461.95,443.05,456.0,269827,1226.92,10451,129430.0,47.97,2026-09-25
SANOFI,EQ,25-Sep-2026,3132.7,3120.2,3175.0,3120.2,3140.2,13319,418.52,3058,4113.0,30.88,2026-09-25
SANOFICONR,EQ,25-Sep-2026,3971.3,3980.0,4010.1,3926.0,3945.3,3342,131.68,1186,1800.0,53.86,2026-09-25
SANSERA,EQ,25-Sep-2026,4605.6,4629.6,4734.7,4570.0,4662.4,315334,14691.03,49591,148371.0,47.05,2026-09-25
SANSTAR,EQ,25-Sep-2026,109.4,108.9,109.81,107.8,108.42,55139,59.85,1002,29197.0,52.95,2026-09-25
SANWARIA,BZ,25-Sep-2026,0.19,0.19,0.2,0.19,0.19,332535,0.65,117,,,2026-09-25
SAPPHIRE,EQ,25-Sep-2026,225.7,226.0,227.69,220.5,223.61,366017,816.12,11376,136870.0,37.39,2026-09-25
SAPPL,EQ,25-Sep-2026,278.15,276.0,286.7,274.95,276.9,148,0.41,15,118.0,79.73,2026-09-25
SARDAEN,EQ,25-Sep-2026,499.45,499.45,505.0,491.9,493.15,250490,1244.55,15702,148576.0,59.31,2026-09-25
SAREGAMA,EQ,25-Sep-2026,498.45,497.85,504.2,492.0,496.9,197993,985.89,8186,96024.0,48.5,2026-09-25
SARLAPOLY,EQ,25-Sep-2026,99.99,99.99,101.7,99.43,100.29,42794,42.84,499,33523.0,78.34,2026-09-25
SAROJA,SM,25-Sep-2026,40.9,38.9,38.9,38.9,38.9,1600,0.62,1,1600.0,100.0,2026-09-25
SARTELE,SM,25-Sep-2026,98.4,96.95,98.15,89.0,91.65,111000,102.62,204,60000.0,54.05,2026-09-25
SARVESHWAR,EQ,25-Sep-2026,3.63,3.69,3.69,3.31,3.53,3010745,105.25,2751,1778220.0,59.06,2026-09-25
SASKEN,EQ,25-Sep-2026,1736.8,1768.0,1768.0,1684.0,1691.1,33465,570.07,3208,21803.0,65.15,2026-09-25
SATECH,SM,25-Sep-2026,36.1,34.0,37.0,34.0,35.95,12000,4.26,10,9000.0,75.0,2026-09-25
SATIA,EQ,25-Sep-2026,67.67,68.39,69.5,66.6,67.0,76122,51.33,1186,42529.0,55.87,2026-09-25
SATIN,EQ,25-Sep-2026,226.15,224.89,238.78,223.28,236.65,421528,977.63,7437,226742.0,53.79,2026-09-25
SATIPOLY,SM,25-Sep-2026,33.5,32.1,33.0,32.0,33.0,1500,0.49,3,1000.0,66.67,2026-09-25
SATKARTAR,SM,25-Sep-2026,179.45,179.0,194.0,165.0,187.7,188800,343.54,192,142400.0,75.42,2026-09-25
SATTVAENGG,SM,25-Sep-2026,57.3,57.95,59.0,57.95,58.85,14400,8.47,8,14400.0,100.0,2026-09-25
SAURASHCEM,EQ,25-Sep-2026,52.76,53.0,56.9,52.4,55.72,427455,236.5,4599,171163.0,40.04,2026-09-25
SAVY,SM,25-Sep-2026,136.05,136.0,136.05,135.0,135.1,6000,8.14,5,4800.0,80.0,2026-09-25
SAWALIYA,SM,25-Sep-2026,158.95,158.2,158.5,156.0,156.0,6600,10.43,5,6600.0,100.0,2026-09-25
SAYAJIIND,EQ,25-Sep-2026,122.0,120.0,120.0,120.0,120.0,501,0.6,7,501.0,100.0,2026-09-25
SBC,EQ,25-Sep-2026,48.01,48.14,53.74,48.05,53.02,23868200,12151.95,35552,7413712.0,31.06,2026-09-25
SBCL,EQ,25-Sep-2026,1143.2,1166.0,1166.0,1130.1,1154.5,142912,1641.51,10233,68245.0,47.75,2026-09-25
SBFC,EQ,25-Sep-2026,89.14,89.14,89.94,88.1,88.86,779068,691.5,7079,467940.0,60.06,2026-09-25
SBGLP,EQ,25-Sep-2026,22.89,23.69,24.95,23.25,23.55,61789,14.69,574,31235.0,50.55,2026-09-25
SBIBPB,EQ,25-Sep-2026,48.03,48.5,48.5,48.07,48.09,16193,7.8,258,9710.0,59.96,2026-09-25
SBICARD,EQ,25-Sep-2026,618.4,617.0,621.65,606.7,611.2,1310548,8035.02,37898,663930.0,50.66,2026-09-25
SBIETFCON,EQ,25-Sep-2026,117.45,117.45,118.98,117.26,117.65,2524,2.97,68,1537.0,60.9,2026-09-25
SBIETFIT,EQ,25-Sep-2026,312.82,315.95,315.95,308.78,312.14,4550,14.16,200,2839.0,62.4,2026-09-25
SBIETFPB,EQ,25-Sep-2026,275.05,276.94,277.0,273.23,274.29,4586,12.59,83,4160.0,90.71,2026-09-25
SBIETFQLTY,EQ,25-Sep-2026,211.29,212.34,212.79,210.94,212.19,968,2.05,61,739.0,76.34,2026-09-25
SBIFUNDS,EQ,25-Sep-2026,537.6,537.45,539.9,528.05,531.15,924166,4915.08,57814,482795.0,52.24,2026-09-25
SBILIFE,EQ,25-Sep-2026,1755.0,1755.0,1758.4,1732.3,1742.0,1018504,17791.13,50423,577919.0,56.74,2026-09-25
SBILIQETF,EQ,25-Sep-2026,1057.19,1057.6,1057.62,1057.6,1057.62,54249,573.75,67,53116.0,97.91,2026-09-25
SBIMIDMOM,EQ,25-Sep-2026,62.44,62.65,64.45,62.25,62.41,45114,28.16,193,43251.0,95.87,2026-09-25
SBIN,EQ,25-Sep-2026,978.5,980.8,985.7,977.0,983.0,3759097,36874.05,100755,1679428.0,44.68,2026-09-25
SBINEQWETF,EQ,25-Sep-2026,32.17,32.22,32.49,32.02,32.15,15234,4.9,167,11830.0,77.66,2026-09-25
SBINMID150,EQ,25-Sep-2026,22.61,22.99,23.2,22.35,22.61,94237,21.11,158,72912.0,77.37,2026-09-25
SBISILVER,EQ,25-Sep-2026,221.28,221.9,224.54,220.85,224.28,669388,1495.52,7403,420540.0,62.82,2026-09-25
SBISMLETF,EQ,25-Sep-2026,18.2,18.2,18.38,18.1,18.16,38701,7.03,212,26234.0,67.79,2026-09-25
SBIVALETF,EQ,25-Sep-2026,14.43,14.5,14.5,14.37,14.37,7112,1.02,43,6410.0,90.13,2026-09-25
SCANSTL,BE,25-Sep-2026,50.99,51.99,53.53,50.5,53.01,28106,14.73,114,,,2026-09-25
SCHAEFFLER,EQ,25-Sep-2026,4024.2,4033.0,4041.5,3968.0,4007.7,20334,812.86,5636,8827.0,43.41,2026-09-25
SCHAND,EQ,25-Sep-2026,137.13,137.0,145.6,137.0,145.18,66326,94.05,2178,38557.0,58.13,2026-09-25
SCHNEIDER,EQ,25-Sep-2026,1218.8,1218.8,1236.0,1204.1,1209.5,169734,2063.44,13468,116074.0,68.39,2026-09-25
SCI,EQ,25-Sep-2026,276.6,276.75,277.7,271.8,274.4,840491,2301.85,19637,294169.0,35.0,2026-09-25
SCILAL,EQ,25-Sep-2026,37.29,37.25,37.59,36.9,37.14,203912,75.63,2664,125615.0,61.6,2026-09-25
SCML,SM,25-Sep-2026,75.0,75.0,75.0,75.0,75.0,1000,0.75,1,1000.0,100.0,2026-09-25
SCODATUBES,EQ,25-Sep-2026,133.79,134.46,139.97,131.45,136.61,618113,839.04,6101,260712.0,42.18,2026-09-25
SCPL,BE,25-Sep-2026,630.55,641.0,647.95,628.1,632.1,2669,17.07,103,,,2026-09-25
SDBL,EQ,25-Sep-2026,67.24,72.7,76.21,71.32,74.36,22824335,17053.19,91999,2251734.0,9.87,2026-09-25
SEAMECLTD,EQ,25-Sep-2026,1730.1,1739.0,1739.1,1695.2,1712.2,31625,542.06,3841,18061.0,57.11,2026-09-25
SECLEDBETA,EQ,25-Sep-2026,14.25,14.32,14.92,14.2,14.92,1179,0.17,16,1178.0,99.92,2026-09-25
SECMARK,EQ,25-Sep-2026,142.5,130.05,146.3,130.0,137.12,2594,3.51,113,1407.0,54.24,2026-09-25
SECURKLOUD,EQ,25-Sep-2026,16.72,16.31,17.13,16.31,17.1,10085,1.71,84,8172.0,81.03,2026-09-25
SEDEMAC,EQ,25-Sep-2026,3313.6,3355.0,3545.0,3271.4,3444.9,801056,27164.18,92454,162581.0,20.3,2026-09-25
SEIL,EQ,25-Sep-2026,194.69,196.27,196.27,190.05,191.94,148612,285.23,1485,95829.0,64.48,2026-09-25
SEITINVIT,IV,25-Sep-2026,124.0,121.05,122.5,121.05,122.49,3275000,4011.14,12,3250000.0,99.24,2026-09-25
SEJALLTD,EQ,25-Sep-2026,683.05,687.95,688.5,656.0,682.7,152803,1033.97,242,150780.0,98.68,2026-09-25
SEKURITIND,EQ,25-Sep-2026,111.52,112.97,113.0,111.0,111.93,10797,12.1,249,5034.0,46.62,2026-09-25
SEL,SM,25-Sep-2026,356.35,339.05,371.0,338.55,343.25,3000,10.46,15,2600.0,86.67,2026-09-25
SELECTIPO,EQ,25-Sep-2026,47.51,47.5,47.6,46.99,47.2,63354,29.89,150,33695.0,53.19,2026-09-25
SELLOWRAP,SM,25-Sep-2026,64.7,65.35,65.35,64.8,64.8,4800,3.12,3,4800.0,100.0,2026-09-25
SEMAC,EQ,25-Sep-2026,268.4,268.4,268.4,255.0,255.0,1613,4.14,50,1613.0,100.0,2026-09-25
SENCO,EQ,25-Sep-2026,336.0,336.0,336.0,327.55,331.1,681767,2251.44,27065,283789.0,41.63,2026-09-25
SENORES,EQ,25-Sep-2026,1344.3,1344.3,1394.4,1336.3,1355.2,280996,3835.99,26947,105485.0,37.54,2026-09-25
SENSEXADD,EQ,25-Sep-2026,76.33,76.27,77.0,76.0,76.28,4869,3.71,153,3368.0,69.17,2026-09-25
SENSEXAXIS,EQ,25-Sep-2026,76.71,77.47,77.47,76.5,76.8,111922,85.88,52,101429.0,90.62,2026-09-25
SENSEXBETA,EQ,25-Sep-2026,821.01,825.89,825.9,814.5,817.29,2350,19.19,121,1621.0,68.98,2026-09-25
SENSEXETF,EQ,25-Sep-2026,76.18,76.5,76.5,75.95,76.34,43637,33.3,271,21236.0,48.67,2026-09-25
SENSEXIETF,EQ,25-Sep-2026,850.2,851.01,862.8,847.1,851.76,12820,108.98,483,7592.0,59.22,2026-09-25
SEPC,EQ,25-Sep-2026,5.12,5.1,5.17,5.04,5.12,6035158,307.88,3392,3128485.0,51.84,2026-09-25
SERVICE,SM,25-Sep-2026,66.35,66.35,66.35,66.35,66.35,2000,1.33,1,2000.0,100.0,2026-09-25
SERVOTECH,EQ,25-Sep-2026,70.29,70.15,71.19,69.51,70.76,379256,266.43,4313,190433.0,50.21,2026-09-25
SESHAPAPER,EQ,25-Sep-2026,244.74,244.0,248.08,240.2,246.27,34098,83.6,1081,19178.0,56.24,2026-09-25
SETCO,BE,25-Sep-2026,17.89,18.6,18.78,18.0,18.47,119430,22.14,270,,,2026-09-25
SETF10GILT,EQ,25-Sep-2026,263.36,262.26,263.4,261.02,262.51,4755,12.44,66,3979.0,83.68,2026-09-25
SETFGOLD,EQ,25-Sep-2026,127.35,127.71,128.49,127.45,128.43,4855940,6222.6,9604,3615553.0,74.46,2026-09-25
SETFNIF50,EQ,25-Sep-2026,249.39,248.5,250.95,246.89,249.47,782484,1950.09,4423,550978.0,70.41,2026-09-25
SETFNIFBK,EQ,25-Sep-2026,571.57,557.28,573.6,557.28,571.3,27349,156.28,1058,23040.0,84.24,2026-09-25
SETFNN50,EQ,25-Sep-2026,769.51,765.66,775.97,764.37,770.95,77801,597.71,4279,60015.0,77.14,2026-09-25
SETL,EQ,25-Sep-2026,402.8,402.8,405.8,393.0,402.55,500272,1993.57,9248,290473.0,58.06,2026-09-25
SETUINFRA,BZ,25-Sep-2026,0.56,0.56,0.56,0.55,0.55,21886,0.12,33,,,2026-09-25
SEYAIND,BE,25-Sep-2026,14.05,14.33,14.33,13.81,13.87,20788,2.97,78,,,2026-09-25
SFL,EQ,25-Sep-2026,642.4,638.8,644.9,629.35,634.6,105699,670.95,8712,54522.0,51.58,2026-09-25
SFML,SM,25-Sep-2026,20.9,20.65,20.65,20.65,20.65,3200,0.66,2,3200.0,100.0,2026-09-25
SGBAPR28I,GB,25-Sep-2026,15010.9,15021.01,15150.0,15021.01,15150.0,347,52.37,87,196.0,56.48,2026-09-25
SGBAUG27,GB,25-Sep-2026,14928.0,15000.0,15000.0,15000.0,15000.0,153,22.95,5,153.0,100.0,2026-09-25
SGBAUG28V,GB,25-Sep-2026,14938.06,14940.01,15139.99,14938.07,15055.85,2113,318.32,129,1927.0,91.2,2026-09-25
SGBAUG29V,GB,25-Sep-2026,15020.05,15020.0,15289.99,14971.0,15050.0,217,32.67,58,117.0,53.92,2026-09-25
SGBAUG30,GB,25-Sep-2026,15210.0,15211.0,15249.98,15128.03,15171.16,135,20.5,49,111.0,82.22,2026-09-25
SGBD29VIII,GB,25-Sep-2026,15000.0,15006.0,15120.0,15000.0,15119.99,147,22.13,42,89.0,60.54,2026-09-25
SGBDC27VII,GB,25-Sep-2026,14990.0,15190.0,15190.0,15000.0,15139.99,18,2.71,12,9.0,50.0,2026-09-25
SGBDE30III,GB,25-Sep-2026,15204.11,15205.01,15339.99,15185.01,15306.31,61,9.28,24,46.0,75.41,2026-09-25
SGBDE31III,GB,25-Sep-2026,15400.56,15395.0,15530.0,15395.0,15509.03,820,126.73,152,595.0,72.56,2026-09-25
SGBFEB27,GB,25-Sep-2026,14899.9,15000.0,15000.0,15000.0,15000.0,3,0.45,1,3.0,100.0,2026-09-25
SGBFEB28IX,GB,25-Sep-2026,15050.0,14893.0,14893.0,14893.0,14893.0,1,0.15,1,1.0,100.0,2026-09-25
SGBFEB29XI,GB,25-Sep-2026,14935.17,14976.0,14976.0,14976.0,14976.0,3,0.45,3,3.0,100.0,2026-09-25
SGBFEB32IV,GB,25-Sep-2026,15592.55,15592.56,15819.99,15592.56,15758.98,1622,255.43,276,1216.0,74.97,2026-09-25
SGBJAN29IX,GB,25-Sep-2026,14915.6,14927.5,15050.0,14927.5,15050.0,28,4.19,14,20.0,71.43,2026-09-25
SGBJAN29X,GB,25-Sep-2026,14916.8,14921.01,15079.0,14921.01,15044.8,9,1.35,8,6.0,66.67,2026-09-25
SGBJAN30IX,GB,25-Sep-2026,15145.0,15021.01,15156.4,15021.01,15104.93,61,9.2,24,46.0,75.41,2026-09-25
SGBJU29III,GB,25-Sep-2026,14922.32,14921.01,15048.0,14921.01,15045.77,592,88.96,43,571.0,96.45,2026-09-25
SGBJUL27,GB,25-Sep-2026,15050.0,14870.0,15010.01,14870.0,15010.01,38,5.69,10,37.0,97.37,2026-09-25
SGBJUL28IV,GB,25-Sep-2026,14895.9,15189.98,15189.98,14940.0,14962.78,363,54.33,49,319.0,87.88,2026-09-25
SGBJUL29IV,GB,25-Sep-2026,14999.89,15074.89,15150.26,14931.01,15000.06,300,45.0,37,286.0,95.33,2026-09-25
SGBJUN27,GB,25-Sep-2026,15030.0,14808.0,14998.0,14808.0,14998.0,56,8.36,7,41.0,73.21,2026-09-25
SGBJUN28,GB,25-Sep-2026,14925.83,14925.83,15044.0,14925.83,15040.0,46,6.89,15,29.0,63.04,2026-09-25
SGBJUN29II,GB,25-Sep-2026,14965.0,14965.0,15080.0,14965.0,15000.0,29,4.35,7,19.0,65.52,2026-09-25
SGBJUN30,GB,25-Sep-2026,15200.0,15145.0,15250.0,15101.0,15126.26,147,22.24,56,102.0,69.39,2026-09-25
SGBJUN31I,GB,25-Sep-2026,15325.92,15325.93,15399.99,15275.0,15371.39,281,43.11,77,188.0,66.9,2026-09-25
SGBMAR30X,GB,25-Sep-2026,15003.93,15006.0,15111.01,15006.0,15100.2,21,3.17,10,14.0,66.67,2026-09-25
SGBMAR31IV,GB,25-Sep-2026,15229.35,15200.0,15319.99,15110.01,15262.5,46,7.01,30,38.0,82.61,2026-09-25
SGBMAY28,GB,25-Sep-2026,14920.0,14932.5,15065.0,14931.0,15030.0,77,11.55,15,70.0,90.91,2026-09-25
SGBMAY29I,GB,25-Sep-2026,14936.0,15090.0,15099.99,14940.0,15050.0,625,93.91,74,495.0,79.2,2026-09-25
SGBMR29XII,GB,25-Sep-2026,14995.48,14950.0,15049.97,14950.0,14972.31,263,39.39,57,123.0,46.77,2026-09-25
SGBN28VIII,GB,25-Sep-2026,14949.98,14951.0,15045.0,14951.0,15038.64,926,139.08,63,896.0,96.76,2026-09-25
SGBNOV26,GB,25-Sep-2026,15150.0,14810.01,14900.0,14810.01,14900.0,21,3.12,3,21.0,100.0,2026-09-25
SGBNV29VII,GB,25-Sep-2026,14961.48,15100.0,15100.0,15005.21,15100.0,284,42.82,24,271.0,95.42,2026-09-25
SGBOC28VII,GB,25-Sep-2026,14951.0,14951.0,15100.01,14951.0,15100.01,130,19.63,15,124.0,95.38,2026-09-25
SGBOCT26,GB,25-Sep-2026,15105.0,15001.0,15100.0,15001.0,15100.0,73,10.99,15,62.0,84.93,2026-09-25
SGBOCT27,GB,25-Sep-2026,14950.5,15000.0,15200.0,15000.0,15200.0,3,0.45,2,3.0,100.0,2026-09-25
SGBSEP27,GB,25-Sep-2026,15000.0,15000.0,15400.0,14751.0,15026.96,100,14.96,30,41.0,41.0,2026-09-25
SGBSEP28VI,GB,25-Sep-2026,14899.06,14912.0,15020.0,14912.0,15004.16,110,16.49,25,97.0,88.18,2026-09-25
SGBSEP29VI,GB,25-Sep-2026,14942.72,14948.1,15050.0,14948.1,15048.66,175,26.25,43,140.0,80.0,2026-09-25
SGBSEP31II,GB,25-Sep-2026,15292.88,15304.0,15369.99,15299.99,15338.63,650,99.58,150,455.0,70.0,2026-09-25
SGFIN,EQ,25-Sep-2026,601.55,603.0,616.9,596.2,609.7,137855,838.84,6411,60468.0,43.86,2026-09-25
SGIL,EQ,25-Sep-2026,646.6,655.0,655.0,626.3,642.5,4595,29.42,418,2826.0,61.5,2026-09-25
SGL,EQ,25-Sep-2026,9.81,10.18,10.18,8.9,9.03,64242,5.95,379,48364.0,75.28,2026-09-25
SGLRES,EQ,25-Sep-2026,2.32,2.37,2.43,2.26,2.39,31495,0.74,176,22533.0,71.54,2026-09-25
SGMART,EQ,25-Sep-2026,717.15,723.85,743.2,715.3,731.0,161034,1179.06,11917,76212.0,47.33,2026-09-25
SGRL,EQ,25-Sep-2026,677.15,684.0,697.75,636.8,673.75,41244,273.08,3714,23402.0,56.74,2026-09-25
SHADOWFAX,EQ,25-Sep-2026,285.8,286.0,291.45,280.95,282.45,2507956,7186.9,52928,1321242.0,52.68,2026-09-25
SHAH,EQ,25-Sep-2026,3.2,3.2,3.24,3.17,3.22,1640107,52.65,802,1255147.0,76.53,2026-09-25
SHAHALLOYS,BE,25-Sep-2026,92.01,92.3,94.5,91.1,92.83,58660,54.03,83,,,2026-09-25
SHAILY,EQ,25-Sep-2026,3112.1,3122.0,3220.0,3100.1,3142.3,76625,2398.26,10324,32494.0,42.41,2026-09-25
SHAKTIPUMP,EQ,25-Sep-2026,472.15,471.5,471.5,463.0,466.9,205670,959.31,10658,82306.0,40.02,2026-09-25
SHALBY,EQ,25-Sep-2026,143.77,143.0,148.8,143.0,147.12,106923,156.72,2554,44170.0,41.31,2026-09-25
SHALPAINTS,BE,25-Sep-2026,76.65,76.02,80.2,74.5,76.85,83223,63.61,431,,,2026-09-25
SHANKARA,EQ,25-Sep-2026,137.18,137.18,139.91,130.65,132.98,59779,80.4,871,41915.0,70.12,2026-09-25
SHANKESH,EQ,25-Sep-2026,91.51,91.55,92.97,89.67,91.36,3614271,3304.75,19504,1453939.0,40.23,2026-09-25
SHANTHALA,SM,25-Sep-2026,15.6,15.45,15.45,15.4,15.4,6000,0.93,3,6000.0,100.0,2026-09-25
SHANTI,EQ,25-Sep-2026,5.62,5.88,5.88,5.52,5.68,10428,0.6,56,8106.0,77.73,2026-09-25
SHANTIGEAR,EQ,25-Sep-2026,666.25,666.25,676.9,661.0,666.55,28415,189.67,1904,13800.0,48.57,2026-09-25
SHANTIGOLD,EQ,25-Sep-2026,283.62,289.8,333.09,288.99,325.68,36407266,114855.71,366921,3290057.0,9.04,2026-09-25
SHANTIINOR,SM,25-Sep-2026,175.95,175.0,184.4,175.0,183.8,113600,206.99,70,65600.0,57.75,2026-09-25
SHARDACROP,EQ,25-Sep-2026,740.9,740.0,753.35,734.0,749.6,75418,560.85,6194,30441.0,40.36,2026-09-25
SHARDAMOTR,EQ,25-Sep-2026,961.85,974.9,978.0,941.1,956.35,45449,435.6,6790,19642.0,43.22,2026-09-25
SHARDUL,BE,25-Sep-2026,55.28,55.0,56.56,54.8,55.4,15450,8.57,68,,,2026-09-25
SHAREINDIA,EQ,25-Sep-2026,211.85,213.0,213.0,206.55,209.62,1080901,2258.96,14088,281769.0,26.07,2026-09-25
SHARIABEES,EQ,25-Sep-2026,433.87,431.01,437.99,430.0,432.52,8090,34.95,592,5311.0,65.65,2026-09-25
SHBAJRG,EQ,25-Sep-2026,161.0,162.85,167.99,159.0,165.32,2062,3.37,51,1275.0,61.83,2026-09-25
SHEEL,ST,25-Sep-2026,60.6,63.3,63.3,63.3,63.3,2000,1.27,1,2000.0,100.0,2026-09-25
SHEETAL,SM,25-Sep-2026,357.9,358.0,359.0,358.0,358.8,3000,10.76,6,2000.0,66.67,2026-09-25
SHEKHAWATI,BE,25-Sep-2026,26.09,26.26,27.39,26.26,27.39,26961,7.35,60,,,2026-09-25
SHEMAROO,BE,25-Sep-2026,122.91,122.3,125.68,120.5,124.51,22366,27.84,93,,,2026-09-25
SHERA,SM,25-Sep-2026,176.0,178.5,180.2,176.0,177.9,27000,48.03,23,22000.0,81.48,2026-09-25
SHERVANI,EQ,25-Sep-2026,325.0,350.0,350.0,308.5,344.9,30,0.1,9,30.0,100.0,2026-09-25
SHETHJI,SM,25-Sep-2026,185.5,183.0,188.5,183.0,187.5,64000,118.54,5,64000.0,100.0,2026-09-25
SHILCTECH,EQ,25-Sep-2026,4079.1,4079.1,4146.5,4052.0,4103.6,12541,513.28,3599,6691.0,53.35,2026-09-25
SHILGRAVQ,EQ,25-Sep-2026,144.95,149.68,150.0,145.5,149.5,1906,2.85,70,1899.0,99.63,2026-09-25
SHILPAMED,EQ,25-Sep-2026,1007.3,1028.0,1045.55,1001.5,1013.45,604526,6173.14,33897,196023.0,32.43,2026-09-25
SHINDL,EQ,25-Sep-2026,162.78,162.78,163.8,159.84,161.16,334150,537.74,1317,128505.0,38.46,2026-09-25
SHIPROCKET,EQ,25-Sep-2026,120.46,121.0,121.75,116.64,120.25,3157738,3771.84,34568,1277888.0,40.47,2026-09-25
SHIVAAGRO,EQ,25-Sep-2026,38.99,39.0,40.94,38.5,39.5,2331,0.92,82,1668.0,71.56,2026-09-25
SHIVACEM,EQ,25-Sep-2026,15.65,15.72,15.8,15.38,15.47,131022,20.38,226,114526.0,87.41,2026-09-25
SHIVALIK,EQ,25-Sep-2026,410.7,414.8,425.0,401.0,408.45,67598,274.64,3932,24820.0,36.72,2026-09-25
SHIVAMAUTO,EQ,25-Sep-2026,17.44,17.13,17.89,17.13,17.37,44118,7.69,290,28800.0,65.28,2026-09-25
SHIVAMILLS,EQ,25-Sep-2026,60.93,62.87,62.87,58.45,58.51,1529,0.91,23,1210.0,79.14,2026-09-25
SHIVASHRIT,SM,25-Sep-2026,112.6,114.9,114.9,109.0,113.2,37000,41.32,27,23000.0,62.16,2026-09-25
SHIVATEX,EQ,25-Sep-2026,170.93,170.93,177.79,166.0,167.73,2381,4.06,66,1978.0,83.07,2026-09-25
SHIVAUM,EQ,25-Sep-2026,513.2,513.0,519.4,510.0,510.15,23793,121.62,133,22713.0,95.46,2026-09-25
SHK,EQ,25-Sep-2026,140.96,140.96,143.61,139.7,142.36,122196,172.92,2523,59687.0,48.85,2026-09-25
SHKSIL,SM,25-Sep-2026,34.85,33.15,33.8,33.15,33.8,8000,2.67,4,6000.0,75.0,2026-09-25
SHOPERSTOP,EQ,25-Sep-2026,385.05,382.5,439.8,382.5,423.55,3588100,15298.12,64572,137705.0,3.84,2026-09-25
SHRADDHA,EQ,25-Sep-2026,150.49,151.0,151.0,142.97,146.97,3654,5.35,43,3432.0,93.92,2026-09-25
SHRADHA,EQ,25-Sep-2026,30.51,31.4,31.4,29.62,29.75,2093,0.63,91,1560.0,74.53,2026-09-25
SHREDIGCEM,EQ,25-Sep-2026,67.52,68.5,68.5,66.7,67.85,42025,28.41,760,21224.0,50.5,2026-09-25
SHREECEM,EQ,25-Sep-2026,22350.0,22350.0,22520.0,22225.0,22520.0,10112,2257.59,5394,4295.0,42.47,2026-09-25
SHREEJISPG,EQ,25-Sep-2026,724.85,723.85,754.0,721.55,752.45,1197147,8862.19,15929,562852.0,47.02,2026-09-25
SHREEKARNI,SM,25-Sep-2026,380.85,378.0,385.0,372.9,385.0,2850,10.66,6,2850.0,100.0,2026-09-25
SHREEOSFM,SM,25-Sep-2026,51.9,51.9,53.6,51.9,51.95,3000,1.57,3,3000.0,100.0,2026-09-25
SHREEPUSHK,EQ,25-Sep-2026,492.15,486.5,521.0,486.5,506.05,147225,751.46,5989,42787.0,29.06,2026-09-25
SHREERAMA,EQ,25-Sep-2026,43.87,43.91,45.69,43.91,45.04,54527,24.43,1239,31917.0,58.53,2026-09-25
SHREMINVIT,IV,25-Sep-2026,102.0,102.0,102.0,102.0,102.0,100000,102.0,1,100000.0,100.0,2026-09-25
SHRENIK,BZ,25-Sep-2026,0.28,0.28,0.29,0.28,0.29,490301,1.42,104,,,2026-09-25
SHREYANIND,EQ,25-Sep-2026,130.41,129.98,131.89,129.0,130.15,2486,3.22,61,2023.0,81.38,2026-09-25
SHRIAHIMSA,SM,25-Sep-2026,453.55,452.0,457.0,390.0,434.2,69600,299.3,101,41400.0,59.48,2026-09-25
SHRIKANHA,SM,25-Sep-2026,22.1,23.2,23.2,22.9,23.1,14400,3.33,8,12800.0,88.89,2026-09-25
SHRIKRISH,EQ,25-Sep-2026,37.0,34.5,36.7,34.5,35.89,104,0.04,12,79.0,75.96,2026-09-25
SHRINGARMS,EQ,25-Sep-2026,210.25,210.26,218.3,208.16,214.06,1114220,2393.39,8158,114621.0,10.29,2026-09-25
SHRIPISTON,EQ,25-Sep-2026,4526.7,4593.3,4789.1,4535.8,4746.8,110008,5135.82,21013,55175.0,50.16,2026-09-25
SHRIRAMFIN,EQ,25-Sep-2026,990.0,990.0,1002.0,986.4,994.1,2700614,26835.07,91682,1575759.0,58.35,2026-09-25
SHRIRAMPPS,EQ,25-Sep-2026,70.85,70.85,71.39,70.12,71.2,168887,119.6,2041,94110.0,55.72,2026-09-25
SHRITECH,SM,25-Sep-2026,60.05,62.0,62.0,62.0,62.0,4000,2.48,2,4000.0,100.0,2026-09-25
SHRJAGP,EQ,25-Sep-2026,654.7,642.25,689.75,642.25,660.25,182,1.21,53,153.0,84.07,2026-09-25
SHUBHLAXMI,SM,25-Sep-2026,19.7,19.7,19.7,18.75,18.75,4000,0.76,4,4000.0,100.0,2026-09-25
SHUBHSHREE,SM,25-Sep-2026,350.0,350.0,354.0,325.0,345.4,4500,15.37,15,3300.0,73.33,2026-09-25
SHUKRAPHAR,EQ,25-Sep-2026,55.76,56.79,57.28,55.58,55.93,1803626,1013.38,6966,945485.0,52.42,2026-09-25
SHYAMCENT,BE,25-Sep-2026,5.0,4.93,5.09,4.93,5.0,19538,0.98,62,,,2026-09-25
SHYAMDHANI,SM,25-Sep-2026,55.55,54.2,57.2,54.2,56.9,14000,7.86,6,14000.0,100.0,2026-09-25
SHYAMMETL,EQ,25-Sep-2026,1097.9,1093.0,1100.5,1081.1,1085.6,591086,6426.44,9452,484634.0,81.99,2026-09-25
SHYAMTEL,EQ,25-Sep-2026,10.91,11.45,11.45,10.27,11.07,726,0.08,31,600.0,82.64,2026-09-25
SICAGEN,EQ,25-Sep-2026,52.36,52.88,53.8,52.04,53.13,10821,5.69,121,9346.0,86.37,2026-09-25
SICALLOG,BE,25-Sep-2026,93.44,93.1,93.95,90.8,91.88,57676,53.12,93,,,2026-09-25
SIDDHICOTS,SM,25-Sep-2026,26.6,26.6,26.6,26.6,26.6,1200,0.32,1,1200.0,100.0,2026-09-25
SIDDHIKA,SM,25-Sep-2026,213.2,218.35,218.35,218.35,218.35,500,1.09,1,500.0,100.0,2026-09-25
SIEMENS,EQ,25-Sep-2026,3841.8,3841.1,3881.6,3828.1,3877.0,80353,3098.25,8321,24430.0,30.4,2026-09-25
SIGACHI,EQ,25-Sep-2026,30.3,30.68,30.7,29.06,29.43,2558006,755.03,8283,1213405.0,47.44,2026-09-25
SIGIND,BE,25-Sep-2026,70.56,73.0,73.0,67.5,68.02,13545,9.26,132,,,2026-09-25
SIGMA,EQ,25-Sep-2026,44.53,45.25,47.2,44.0,45.61,73296,32.84,917,40659.0,55.47,2026-09-25
SIGMAADV,BE,25-Sep-2026,949.65,974.9,974.9,930.0,946.0,197475,1877.89,4914,,,2026-09-25
SIGNATURE,EQ,25-Sep-2026,784.6,785.0,809.0,776.2,788.85,326668,2581.44,13806,52391.0,16.04,2026-09-25
SIGNPOST,EQ,25-Sep-2026,272.8,272.1,275.6,270.4,271.2,24226,65.94,990,16053.0,66.26,2026-09-25
SIKA,EQ,25-Sep-2026,1038.7,1045.0,1070.0,1025.6,1045.45,20058,208.94,1878,7958.0,39.67,2026-09-25
SIKKO,BE,25-Sep-2026,6.42,6.42,6.65,6.16,6.51,1328718,86.11,1297,,,2026-09-25
SIL,EQ,25-Sep-2026,16.89,16.9,17.18,16.5,16.74,28440,4.77,386,19690.0,69.23,2026-09-25
SILGO,EQ,25-Sep-2026,70.47,70.1,70.63,69.12,69.79,12888,8.98,152,9669.0,75.02,2026-09-25
SILINV,EQ,25-Sep-2026,451.6,451.6,457.85,441.0,452.95,1923,8.64,97,1256.0,65.31,2026-09-25
SILKFLEX,SM,25-Sep-2026,272.05,272.05,285.65,271.0,285.65,18000,50.31,16,11000.0,61.11,2026-09-25
SILKY,SM,25-Sep-2026,68.85,67.7,76.75,66.15,67.95,8800,6.08,11,6400.0,72.73,2026-09-25
SILVER,EQ,25-Sep-2026,225.73,227.2,228.65,225.13,228.33,476881,1082.67,7037,159872.0,33.52,2026-09-25
SILVER001,EQ,25-Sep-2026,22.82,22.99,23.2,22.72,23.2,23474,5.38,48,17576.0,74.87,2026-09-25
SILVER1,EQ,25-Sep-2026,21.91,22.09,22.22,21.87,22.19,6897794,1519.63,3871,2719503.0,39.43,2026-09-25
SILVER360,EQ,25-Sep-2026,222.4,223.0,225.54,221.76,225.19,7141,15.98,304,4022.0,56.32,2026-09-25
SILVERADD,EQ,25-Sep-2026,21.74,21.92,22.12,21.72,22.04,6158711,1349.85,4823,2952394.0,47.94,2026-09-25
SILVERAG,EQ,25-Sep-2026,219.94,220.1,222.99,219.33,222.76,115426,255.73,1974,29325.0,25.41,2026-09-25
SILVERAXIS,EQ,25-Sep-2026,224.63,224.9,227.5,224.16,227.3,183082,412.86,2387,43238.0,23.62,2026-09-25
SILVERBEES,EQ,25-Sep-2026,215.95,216.88,219.0,215.58,218.8,14322964,31124.34,52260,5325812.0,37.18,2026-09-25
SILVERBETA,EQ,25-Sep-2026,217.96,219.7,221.1,217.6,220.87,309159,678.84,3109,204657.0,66.2,2026-09-25
SILVERBND,EQ,25-Sep-2026,226.46,227.59,230.64,226.33,229.78,10283,23.54,119,8247.0,80.2,2026-09-25
SILVERCASE,EQ,25-Sep-2026,22.91,23.07,23.23,22.85,23.18,3953843,911.52,5065,1956229.0,49.48,2026-09-25
SILVERIETF,EQ,25-Sep-2026,225.62,226.1,228.52,225.04,228.35,1950556,4422.85,13988,748320.0,38.36,2026-09-25
SILVERTUC,EQ,25-Sep-2026,147.51,147.9,150.0,145.16,147.79,412116,605.9,3491,118802.0,28.83,2026-09-25
SIMBHALS,BZ,25-Sep-2026,6.19,6.19,6.31,6.1,6.31,13170,0.82,33,,,2026-09-25
SIMCA,ST,25-Sep-2026,279.8,275.05,288.0,275.05,281.85,21600,60.04,13,21600.0,100.0,2026-09-25
SIMPLEXINF,EQ,25-Sep-2026,251.75,250.1,254.9,248.8,250.7,40939,102.96,928,27608.0,67.44,2026-09-25
SIMPLXREA,EQ,25-Sep-2026,131.99,131.99,138.57,125.4,125.4,717,0.95,20,428.0,59.69,2026-09-25
SINCLAIR,EQ,25-Sep-2026,79.61,79.63,79.96,78.52,78.96,9410,7.42,240,5169.0,54.93,2026-09-25
SINDHUTRAD,EQ,25-Sep-2026,23.66,23.7,24.05,23.28,23.75,345032,81.57,919,145245.0,42.1,2026-09-25
SINGERIND,EQ,25-Sep-2026,77.95,78.9,79.2,76.2,77.6,41542,32.21,578,27586.0,66.41,2026-09-25
SINTERCOM,EQ,25-Sep-2026,77.01,77.91,82.3,76.0,77.93,3169,2.47,96,2779.0,87.69,2026-09-25
SIRCA,EQ,25-Sep-2026,410.7,410.7,413.0,407.5,410.3,119005,488.18,1989,29352.0,24.66,2026-09-25
SIS,EQ,25-Sep-2026,418.45,418.45,425.0,415.65,418.4,83932,353.83,7477,50827.0,60.56,2026-09-25
SITINET,BZ,25-Sep-2026,0.28,0.29,0.29,0.28,0.28,471673,1.35,158,,,2026-09-25
SIYSIL,EQ,25-Sep-2026,539.6,543.55,543.55,533.05,538.05,9287,49.89,984,5084.0,54.74,2026-09-25
SJLOGISTIC,SM,25-Sep-2026,319.25,320.5,321.0,315.0,316.05,11500,36.58,41,9500.0,82.61,2026-09-25
SJS,EQ,25-Sep-2026,2261.4,2262.7,2330.0,2262.5,2317.6,68630,1584.62,9464,36279.0,52.86,2026-09-25
SJVN,EQ,25-Sep-2026,62.24,62.5,62.69,61.21,61.76,1907772,1175.7,19444,827277.0,43.36,2026-09-25
SKFINDIA,EQ,25-Sep-2026,1542.0,1532.6,1556.7,1530.1,1539.8,21172,326.14,4214,11449.0,54.08,2026-09-25
SKFINDUS,EQ,25-Sep-2026,2939.7,2959.0,2959.0,2881.0,2918.0,24054,702.34,7865,13152.0,54.68,2026-09-25
SKIPPER,EQ,25-Sep-2026,552.35,552.95,557.6,543.7,551.15,373119,2057.74,15037,136234.0,36.51,2026-09-25
SKMEGGPROD,EQ,25-Sep-2026,223.2,224.55,224.65,218.05,220.4,130288,286.82,2602,77304.0,59.33,2026-09-25
SKP,SM,25-Sep-2026,167.5,167.5,169.0,158.0,159.25,21500,34.55,38,14500.0,67.44,2026-09-25
SKYGOLD,EQ,25-Sep-2026,782.7,782.7,798.0,780.25,793.55,309335,2450.17,16263,143778.0,46.48,2026-09-25
SKYTECH,SM,25-Sep-2026,30.55,32.05,32.05,32.05,32.05,22400,7.18,8,22400.0,100.0,2026-09-25
SKYWAYS,EQ,25-Sep-2026,131.0,131.99,131.99,125.11,126.97,4253205,5427.54,29522,891713.0,20.97,2026-09-25
SLONE,ST,25-Sep-2026,173.2,170.0,173.0,164.55,171.8,17200,28.9,27,14800.0,86.05,2026-09-25
SMALL250,EQ,25-Sep-2026,18.23,18.27,18.59,18.11,18.21,255806,46.56,652,141307.0,55.24,2026-09-25
SMALLADD,EQ,25-Sep-2026,18.27,18.27,18.34,18.13,18.28,14221,2.6,99,9291.0,65.33,2026-09-25
SMALLCAP,EQ,25-Sep-2026,48.51,48.69,48.78,48.35,48.69,607893,295.36,2543,263023.0,43.27,2026-09-25
SMALLGROWW,EQ,25-Sep-2026,48.32,48.48,48.97,48.34,48.59,7475,3.63,69,3412.0,45.65,2026-09-25
SMALLIETF,EQ,25-Sep-2026,18.2,18.38,18.54,18.07,18.26,22272,4.06,115,10166.0,45.64,2026-09-25
SMARTEN,SM,25-Sep-2026,62.95,62.95,65.65,61.7,64.5,22800,14.56,17,18000.0,78.95,2026-09-25
SMARTLINK,BE,25-Sep-2026,217.82,220.0,222.4,215.05,215.43,1262,2.75,35,,,2026-09-25
SMARTWORKS,EQ,25-Sep-2026,538.95,538.95,544.25,526.2,529.9,79157,420.87,2177,51857.0,65.51,2026-09-25
SMCGLOBAL,EQ,25-Sep-2026,85.07,84.96,86.6,84.16,85.6,892402,763.2,7765,466442.0,52.27,2026-09-25
SML100CASE,EQ,25-Sep-2026,11.2,11.3,11.3,11.13,11.19,1262270,141.05,1364,744160.0,58.95,2026-09-25
SMLMAH,EQ,25-Sep-2026,6603.0,6675.0,6889.5,6594.0,6825.5,50096,3407.17,8740,19488.0,38.9,2026-09-25
SMLT,EQ,25-Sep-2026,60.74,59.8,62.0,58.35,59.35,7194,4.27,211,5377.0,74.74,2026-09-25
SMSPHARMA,EQ,25-Sep-2026,474.05,475.9,481.05,470.0,475.0,361831,1720.03,9977,139346.0,38.51,2026-09-25
SNEHAA,SM,25-Sep-2026,43.5,44.0,44.0,43.0,43.0,2000,0.87,2,2000.0,100.0,2026-09-25
SNOWMAN,EQ,25-Sep-2026,34.39,34.69,35.18,34.0,34.91,141817,48.92,1467,76325.0,53.82,2026-09-25
SNXT30BEES,EQ,25-Sep-2026,41.75,41.85,41.85,41.5,41.61,7415,3.09,61,7001.0,94.42,2026-09-25
SNXT50BETA,EQ,25-Sep-2026,92.27,91.81,93.0,91.5,91.87,1008,0.93,90,894.0,88.69,2026-09-25
SOBHA,EQ,25-Sep-2026,1227.7,1236.0,1243.0,1206.8,1226.6,57820,705.21,9866,23597.0,40.81,2026-09-25
SOCL,SM,25-Sep-2026,28.6,28.9,29.0,28.25,29.0,14400,4.16,8,12800.0,88.89,2026-09-25
SOFTTECH,EQ,25-Sep-2026,486.2,482.6,495.3,463.15,479.8,5218,24.93,360,3503.0,67.13,2026-09-25
SOLARA,EQ,25-Sep-2026,727.35,734.55,757.9,732.0,739.15,287888,2138.51,14364,82713.0,28.73,2026-09-25
SOLARINDS,EQ,25-Sep-2026,19480.0,19570.0,19890.0,19455.0,19745.0,120411,23694.34,34760,39060.0,32.44,2026-09-25
SOLARWORLD,EQ,25-Sep-2026,133.89,134.0,135.89,132.55,134.75,80994,108.42,2062,37220.0,45.95,2026-09-25
SOLEX,EQ,25-Sep-2026,731.5,732.1,732.55,696.3,705.2,81974,580.17,5546,39438.0,48.11,2026-09-25
SOMANYCERA,EQ,25-Sep-2026,601.85,601.0,623.0,592.15,618.05,272762,1661.75,15350,116680.0,42.78,2026-09-25
SOMATEX,EQ,25-Sep-2026,79.94,79.5,80.81,78.1,80.04,3625,2.9,57,3479.0,95.97,2026-09-25
SOMICONVEY,EQ,25-Sep-2026,89.6,89.71,91.8,89.21,89.59,5060,4.58,119,3258.0,64.39,2026-09-25
SONA,BE,25-Sep-2026,107.42,104.0,104.0,102.05,102.05,959922,983.47,4720,,,2026-09-25
SONACOMS,EQ,25-Sep-2026,816.3,818.0,835.4,815.4,824.5,3101062,25621.78,64623,1591897.0,51.33,2026-09-25
SONAMAC,SM,25-Sep-2026,30.5,31.0,31.0,31.0,31.0,1000,0.31,1,1000.0,100.0,2026-09-25
SONAMLTD,BE,25-Sep-2026,66.5,66.5,69.82,65.84,69.37,57766,39.52,292,,,2026-09-25
SONATSOFTW,EQ,25-Sep-2026,274.7,275.85,280.55,270.8,279.9,473878,1312.13,12369,149532.0,31.55,2026-09-25
SONUINFRA,ST,25-Sep-2026,42.75,42.75,44.0,42.75,44.0,21000,9.17,5,21000.0,100.0,2026-09-25
SOTL,EQ,25-Sep-2026,726.5,726.9,744.0,707.5,713.2,158106,1141.74,9852,51284.0,32.44,2026-09-25
SOUTHBANK,EQ,25-Sep-2026,49.9,50.05,50.68,49.01,49.95,28889000,14413.59,68180,11350491.0,39.29,2026-09-25
SOUTHWEST,EQ,25-Sep-2026,188.76,188.7,194.0,186.0,186.71,88796,167.16,2874,48139.0,54.21,2026-09-25
SPAL,EQ,25-Sep-2026,979.0,980.0,987.3,953.5,965.6,44966,434.27,3336,24039.0,53.46,2026-09-25
SPANDANA,EQ,25-Sep-2026,225.61,226.73,226.95,221.15,225.53,97580,218.19,3749,51779.0,53.06,2026-09-25
SPARC,EQ,25-Sep-2026,203.98,204.4,212.0,203.6,209.05,2233858,4647.6,29862,746829.0,33.43,2026-09-25
SPCENET,EQ,25-Sep-2026,3.36,3.36,3.46,3.28,3.35,647300,21.89,540,464185.0,71.71,2026-09-25
SPCL,SM,25-Sep-2026,65.1,65.25,65.95,65.15,65.65,9000,5.91,14,7200.0,80.0,2026-09-25
SPCON,SM,25-Sep-2026,166.6,175.95,175.95,165.0,166.15,36000,59.71,8,31200.0,86.67,2026-09-25
SPEB,SM,25-Sep-2026,93.0,89.0,91.0,89.0,91.0,8000,7.22,4,8000.0,100.0,2026-09-25
SPECIALITY,BE,25-Sep-2026,151.37,152.5,158.0,150.0,152.76,40387,62.6,323,,,2026-09-25
SPECTRAA,ST,25-Sep-2026,235.4,247.15,247.15,240.2,247.15,315600,779.22,211,306000.0,96.96,2026-09-25
SPECTRUM,BE,25-Sep-2026,3356.3,3340.0,3524.1,3300.0,3518.8,16796,589.95,793,,,2026-09-25
SPECTSTM,SM,25-Sep-2026,56.55,56.8,62.8,54.0,60.35,39200,21.75,31,27200.0,69.39,2026-09-25
SPENCERS,EQ,25-Sep-2026,28.92,28.46,28.89,27.82,28.07,41164,11.6,355,36293.0,88.17,2026-09-25
SPIC,EQ,25-Sep-2026,65.86,65.35,66.23,64.61,64.73,347792,226.34,2966,214687.0,61.73,2026-09-25
SPLIL,EQ,25-Sep-2026,29.61,29.65,32.01,29.6,30.99,19895,6.12,94,11919.0,59.91,2026-09-25
SPLPETRO,EQ,25-Sep-2026,879.9,876.0,882.0,856.2,880.0,162786,1416.99,14288,69320.0,42.58,2026-09-25
SPMLINFRA,EQ,25-Sep-2026,165.36,166.2,167.02,157.92,165.86,505854,818.65,6029,275298.0,54.42,2026-09-25
SPORTKING,EQ,25-Sep-2026,210.85,210.85,214.4,209.11,213.62,135844,288.12,4935,86609.0,63.76,2026-09-25
SPPPOLY,SM,25-Sep-2026,12.0,11.45,12.55,11.45,12.0,16000,1.92,8,8000.0,50.0,2026-09-25
SPRL,SM,25-Sep-2026,120.35,126.35,126.35,126.35,126.35,800,1.01,1,800.0,100.0,2026-09-25
SPUNWEB,SM,25-Sep-2026,100.0,100.0,100.0,100.0,100.0,1200,1.2,1,1200.0,100.0,2026-09-25
SRD,EQ,25-Sep-2026,39.45,39.98,39.98,39.02,39.19,4387,1.72,99,3285.0,74.88,2026-09-25
SREEL,BE,25-Sep-2026,299.57,299.57,309.8,291.25,298.51,9575,28.8,205,,,2026-09-25
SRF,EQ,25-Sep-2026,2533.8,2535.0,2540.0,2495.1,2540.0,105615,2657.92,8316,29993.0,28.4,2026-09-25
SRGHFL,EQ,25-Sep-2026,154.5,155.25,155.25,146.8,146.8,15491,22.82,227,13141.0,84.83,2026-09-25
SRHHYPOLTD,EQ,25-Sep-2026,605.75,619.0,620.85,590.3,594.8,23038,138.6,2015,11804.0,51.24,2026-09-25
SRIKPRIND,BE,25-Sep-2026,27.84,27.99,29.0,27.3,27.31,2727,0.75,28,,,2026-09-25
SRIVASAVI,ST,25-Sep-2026,82.4,86.5,86.5,85.95,85.95,2000,1.72,2,2000.0,100.0,2026-09-25
SRM,EQ,25-Sep-2026,419.0,413.45,422.0,413.45,416.25,21282,88.9,1177,12056.0,56.65,2026-09-25
SRTL,EQ,25-Sep-2026,38.38,38.8,38.8,37.55,38.15,14179,5.38,268,8810.0,62.13,2026-09-25
SSDL,EQ,25-Sep-2026,66.3,69.92,74.0,68.1,73.31,427404,305.52,6468,217173.0,50.81,2026-09-25
SSEGL,SM,25-Sep-2026,400.2,400.0,400.0,390.2,396.3,21000,82.7,88,13800.0,65.71,2026-09-25
SSFL,ST,25-Sep-2026,274.4,282.7,288.1,280.05,288.1,7000,20.03,13,7000.0,100.0,2026-09-25
SSRETAIL,EQ,25-Sep-2026,811.8,816.1,869.95,692.5,728.2,34422519,274782.16,823811,2951128.0,8.57,2026-09-25
SSWL,EQ,25-Sep-2026,376.1,378.9,394.3,372.9,378.75,1650357,6315.92,44082,526770.0,31.92,2026-09-25
STALLION,BE,25-Sep-2026,219.5,220.0,226.9,218.0,225.76,227637,507.84,1725,,,2026-09-25
STANLEY,EQ,25-Sep-2026,135.22,135.89,148.7,134.6,144.32,375595,535.03,4558,125010.0,33.28,2026-09-25
STAR,EQ,25-Sep-2026,1202.8,1202.8,1209.6,1177.2,1184.9,143012,1700.25,14094,78414.0,54.83,2026-09-25
STARCEMENT,EQ,25-Sep-2026,187.24,187.7,187.7,184.32,186.61,50622,94.08,1902,25690.0,50.75,2026-09-25
STARHEALTH,EQ,25-Sep-2026,550.4,550.3,569.5,550.3,558.15,1280937,7198.49,54555,337242.0,26.33,2026-09-25
STARPAPER,EQ,25-Sep-2026,155.27,155.23,156.91,154.0,155.06,2363,3.67,83,1855.0,78.5,2026-09-25
STARTECK,EQ,25-Sep-2026,240.4,242.05,262.7,242.05,262.5,211,0.55,19,211.0,100.0,2026-09-25
STCINDIA,EQ,25-Sep-2026,109.85,111.7,111.7,108.75,109.35,6167,6.75,216,3958.0,64.18,2026-09-25
STEAMHOUSE,EQ,25-Sep-2026,113.71,116.7,117.6,109.4,110.81,8430848,9528.18,41067,3122550.0,37.04,2026-09-25
STEELCAS,EQ,25-Sep-2026,357.8,358.95,390.9,356.3,376.5,1078414,4071.15,32875,338709.0,31.41,2026-09-25
STEELCITY,EQ,25-Sep-2026,83.19,85.19,85.19,80.01,80.82,13018,10.61,320,8964.0,68.86,2026-09-25
STEELXIND,EQ,25-Sep-2026,11.43,11.55,11.58,11.12,11.29,9072805,1021.21,5734,4452943.0,49.08,2026-09-25
STEL,EQ,25-Sep-2026,625.85,628.05,633.15,612.05,619.3,1662,10.32,266,981.0,59.03,2026-09-25
STERTOOLS,BE,25-Sep-2026,233.05,244.0,244.0,233.0,239.46,34769,83.52,611,,,2026-09-25
STLNETWORK,EQ,25-Sep-2026,52.01,54.5,54.61,52.4,54.61,8981723,4861.91,16296,3566561.0,39.71,2026-09-25
STLSTRINF,EQ,25-Sep-2026,23.15,24.49,24.5,22.55,23.2,6696,1.59,233,3142.0,46.92,2026-09-25
STLTECH,BE,25-Sep-2026,823.75,839.0,851.0,824.75,837.2,807308,6773.83,27680,,,2026-09-25
STOVEKRAFT,EQ,25-Sep-2026,818.35,824.9,824.9,805.0,814.4,53691,436.36,4249,22884.0,42.62,2026-09-25
STRIDERS,SM,25-Sep-2026,51.2,52.2,53.5,50.0,50.25,155200,80.22,13,147200.0,94.85,2026-09-25
STUDDS,EQ,25-Sep-2026,412.25,415.5,417.6,407.0,410.0,45741,187.82,5412,32980.0,72.1,2026-09-25
STUDIOLSD,SM,25-Sep-2026,9.05,9.05,9.05,9.05,9.05,2000,0.18,1,2000.0,100.0,2026-09-25
STYL,EQ,25-Sep-2026,370.35,372.45,394.0,370.65,381.85,468659,1801.51,13114,89938.0,19.19,2026-09-25
STYLAMIND,EQ,25-Sep-2026,3319.2,3314.6,3404.4,3295.0,3369.4,41489,1396.73,7542,16563.0,39.92,2026-09-25
STYLEBAAZA,EQ,25-Sep-2026,370.4,370.1,380.0,368.1,375.8,625952,2346.37,8380,315142.0,50.35,2026-09-25
STYRENIX,EQ,25-Sep-2026,2088.2,2097.0,2100.0,2050.0,2067.0,23553,487.67,3438,13389.0,56.85,2026-09-25
SUBAHOTELS,SM,25-Sep-2026,90.5,90.15,92.5,90.0,91.0,19200,17.51,13,16800.0,87.5,2026-09-25
SUBEXLTD,EQ,25-Sep-2026,20.71,20.7,21.61,20.36,21.41,14283273,2992.07,33108,3798713.0,26.6,2026-09-25
SUBROS,EQ,25-Sep-2026,720.1,715.0,725.0,710.6,720.9,25909,186.07,2069,8409.0,32.46,2026-09-25
SUDARCOLOR,EQ,25-Sep-2026,382.2,397.0,399.9,384.15,394.55,4706,18.38,235,3068.0,65.19,2026-09-25
SUDARSCHEM,EQ,25-Sep-2026,1218.0,1220.0,1228.9,1206.9,1218.9,71354,869.78,6273,34094.0,47.78,2026-09-25
SUDEEPPHRM,EQ,25-Sep-2026,1143.4,1143.1,1179.9,1140.5,1164.9,78922,919.34,7297,41638.0,52.76,2026-09-25
SUKHJITS,EQ,25-Sep-2026,161.13,161.1,161.68,158.72,159.86,22795,36.48,347,16965.0,74.42,2026-09-25
SULA,EQ,25-Sep-2026,135.78,135.78,136.35,132.0,135.13,286393,383.62,5142,122421.0,42.75,2026-09-25
SUMAX,SM,25-Sep-2026,108.5,106.85,110.0,106.7,109.15,40800,44.36,34,26400.0,64.71,2026-09-25
SUMEDHA,EQ,25-Sep-2026,43.5,42.95,42.95,42.95,42.95,200,0.09,14,200.0,100.0,2026-09-25
SUMEETINDS,EQ,25-Sep-2026,11.6,11.99,12.18,11.67,12.18,1917462,230.82,663,1628723.0,84.94,2026-09-25
SUMICHEM,EQ,25-Sep-2026,449.7,452.55,452.55,443.5,446.35,105623,472.16,7697,51880.0,49.12,2026-09-25
SUMIT,EQ,25-Sep-2026,49.59,50.9,50.9,47.92,49.19,54349,26.52,240,44938.0,82.68,2026-09-25
SUMMITSEC,EQ,25-Sep-2026,1383.2,1394.7,1405.8,1376.0,1384.3,1397,19.46,314,853.0,61.06,2026-09-25
SUNCLAY,EQ,25-Sep-2026,1249.4,1268.7,1277.8,1231.2,1236.7,7772,96.33,938,6304.0,81.11,2026-09-25
SUNDARAM,EQ,25-Sep-2026,1.16,1.18,1.18,1.12,1.14,307834,3.52,295,271136.0,88.08,2026-09-25
SUNDARMFIN,EQ,25-Sep-2026,4592.0,4590.3,4590.3,4455.0,4508.0,35762,1608.36,8227,17090.0,47.79,2026-09-25
SUNDRMBRAK,BE,25-Sep-2026,693.55,693.55,696.7,664.05,670.1,411,2.78,65,,,2026-09-25
SUNDRMFAST,EQ,25-Sep-2026,1172.3,1172.0,1190.3,1167.4,1178.9,66426,783.86,10230,40847.0,61.49,2026-09-25
SUNDROP,EQ,25-Sep-2026,756.2,760.0,775.0,690.05,745.75,11595,86.48,819,5437.0,46.89,2026-09-25
SUNFLAG,EQ,25-Sep-2026,396.8,400.0,418.6,394.55,410.65,2066226,8464.38,49036,556951.0,26.95,2026-09-25
SUNLITE,SM,25-Sep-2026,608.75,608.75,630.0,608.75,612.05,42900,262.94,59,40200.0,93.71,2026-09-25
SUNLOC,EQ,25-Sep-2026,72.0,72.0,72.0,70.39,70.9,139,0.1,18,139.0,100.0,2026-09-25
SUNPHARMA,EQ,25-Sep-2026,1849.9,1858.7,1858.7,1841.6,1852.2,683246,12636.56,44621,402844.0,58.96,2026-09-25
SUNRAKSHAK,EQ,25-Sep-2026,367.75,367.5,367.5,365.45,366.2,3384,12.38,213,3013.0,89.04,2026-09-25
SUNREST,SM,25-Sep-2026,39.9,37.5,37.5,37.5,37.5,1600,0.6,1,1600.0,100.0,2026-09-25
SUNSHIEL,EQ,25-Sep-2026,1149.8,1159.5,1179.9,1106.3,1132.4,3669,42.05,407,2708.0,73.81,2026-09-25
SUNSHINE,EQ,25-Sep-2026,436.9,438.0,444.6,429.45,437.45,437261,1911.75,4179,199545.0,45.64,2026-09-25
SUNTECH,SM,25-Sep-2026,38.5,38.5,38.5,38.5,38.5,1600,0.62,1,1600.0,100.0,2026-09-25
SUNTECK,EQ,25-Sep-2026,284.05,285.35,285.35,281.05,283.0,79920,226.24,3372,37577.0,47.02,2026-09-25
SUNTV,EQ,25-Sep-2026,512.7,511.35,521.75,504.55,513.2,791506,4049.1,24825,242280.0,30.61,2026-09-25
SUPERHOUSE,EQ,25-Sep-2026,165.45,167.0,169.0,162.53,164.71,4839,7.97,121,3470.0,71.71,2026-09-25
SUPERSPIN,BE,25-Sep-2026,7.65,7.99,8.03,7.5,7.93,83559,6.55,135,,,2026-09-25
SUPRAJIT,EQ,25-Sep-2026,486.65,489.1,492.15,483.4,488.0,54422,265.17,3431,34246.0,62.93,2026-09-25
SUPREME,EQ,25-Sep-2026,31.29,32.5,32.5,31.05,31.39,4143,1.31,84,3435.0,82.91,2026-09-25
SUPREMEENG,BZ,25-Sep-2026,3.86,3.93,3.93,3.93,3.93,159066,6.25,94,,,2026-09-25
SUPREMEIND,EQ,25-Sep-2026,3434.0,3430.0,3555.0,3426.2,3550.0,112619,3950.15,19225,41968.0,37.27,2026-09-25
SUPREMEINF,EQ,25-Sep-2026,80.39,82.5,82.5,79.35,81.29,17086,13.88,154,11302.0,66.15,2026-09-25
SUPREMEPWR,SM,25-Sep-2026,202.6,203.0,217.95,202.7,210.5,59000,122.74,90,32500.0,55.08,2026-09-25
SUPRIYA,EQ,25-Sep-2026,961.75,964.8,994.85,958.8,985.2,326713,3199.53,22451,118287.0,36.21,2026-09-25
SUPTANERY,BE,25-Sep-2026,10.12,9.62,9.62,9.62,9.62,111826,10.76,361,,,2026-09-25
SURAJEST,EQ,25-Sep-2026,219.42,221.95,224.0,218.82,221.75,75687,167.52,1601,33202.0,43.87,2026-09-25
SURAJLTD,EQ,25-Sep-2026,200.5,200.5,201.0,195.0,198.08,97,0.19,16,92.0,94.85,2026-09-25
SURAKSHA,EQ,25-Sep-2026,356.0,354.3,355.95,340.0,343.3,37699,130.1,2354,19670.0,52.18,2026-09-25
SURANASOL,EQ,25-Sep-2026,25.65,25.59,25.85,25.1,25.3,17041,4.31,313,12793.0,75.07,2026-09-25
SURANAT&P,EQ,25-Sep-2026,15.89,16.0,16.29,15.81,15.92,34118,5.43,302,22761.0,66.71,2026-09-25
SURANI,SM,25-Sep-2026,93.0,100.0,100.0,91.25,93.1,9400,8.9,20,4000.0,42.55,2026-09-25
SURYALA,EQ,25-Sep-2026,390.05,390.05,390.05,382.2,390.0,303,1.17,9,263.0,86.8,2026-09-25
SURYALAXMI,EQ,25-Sep-2026,57.5,59.38,59.38,56.1,57.0,3319,1.89,78,2334.0,70.32,2026-09-25
SURYAROSNI,EQ,25-Sep-2026,217.5,219.27,229.0,216.38,227.45,923512,2072.51,12410,425821.0,46.11,2026-09-25
SURYODAY,EQ,25-Sep-2026,145.34,145.0,152.48,144.49,149.12,210889,310.61,2555,115605.0,54.82,2026-09-25
SUTLEJTEX,BE,25-Sep-2026,38.0,38.0,38.1,37.0,37.31,22616,8.41,112,,,2026-09-25
SUVEN,EQ,25-Sep-2026,335.05,337.0,342.0,330.2,335.0,251356,841.55,8416,105831.0,42.1,2026-09-25
SUVIDHAA,EQ,25-Sep-2026,2.21,2.21,2.36,2.18,2.21,88167,1.97,191,62139.0,70.48,2026-09-25
SUYOG,EQ,25-Sep-2026,660.15,674.0,674.0,645.35,650.4,12753,82.91,702,9798.0,76.83,2026-09-25
SUZLON,EQ,25-Sep-2026,40.74,40.74,41.09,40.11,40.8,57074067,23135.61,110203,22816586.0,39.98,2026-09-25
SVGLOBAL,EQ,25-Sep-2026,148.32,155.71,155.71,134.3,145.79,1416,2.03,87,998.0,70.48,2026-09-25
SVLL,EQ,25-Sep-2026,820.4,804.0,840.05,804.0,834.7,61467,507.27,70,61227.0,99.61,2026-09-25
SVPGLOB,EQ,25-Sep-2026,3.28,3.35,3.35,3.25,3.27,25029,0.82,39,19988.0,79.86,2026-09-25
SWANCORP,EQ,25-Sep-2026,294.7,296.0,298.0,292.85,294.85,505644,1487.47,9013,103103.0,20.39,2026-09-25
SWANDEF,BE,25-Sep-2026,2716.6,2709.0,2780.0,2610.0,2679.7,12520,336.58,1001,,,2026-09-25
SWARAJ,BE,25-Sep-2026,322.5,338.0,338.6,338.0,338.6,101892,344.98,416,,,2026-09-25
SWARAJENG,EQ,25-Sep-2026,3548.6,3525.0,3559.6,3525.0,3545.7,4651,164.85,1775,2729.0,58.68,2026-09-25
SWARNSAR,EQ,25-Sep-2026,42.04,43.5,43.5,40.2,41.68,10276,4.22,64,10035.0,97.65,2026-09-25
SWASTIK,ST,25-Sep-2026,17.75,18.6,18.6,18.6,18.6,1200,0.22,1,1200.0,100.0,2026-09-25
SWELECTES,EQ,25-Sep-2026,561.65,573.95,614.7,565.0,587.0,72324,427.92,3787,25707.0,35.54,2026-09-25
SWIGGY,EQ,25-Sep-2026,267.45,268.9,268.95,261.4,264.85,9596392,25414.65,60983,3285765.0,34.24,2026-09-25
SWISSMLTRY,BE,25-Sep-2026,14.06,14.38,14.7,14.01,14.41,48469,6.96,248,,,2026-09-25
SWSOLAR,EQ,25-Sep-2026,177.34,176.0,177.9,175.52,176.65,532217,940.17,6569,204952.0,38.51,2026-09-25
SYMBIOTEC,EQ,25-Sep-2026,1024.05,1023.0,1027.85,985.5,1003.35,675920,6781.37,34253,308676.0,45.67,2026-09-25
SYMPHONY,EQ,25-Sep-2026,576.7,577.1,593.15,574.15,588.8,37195,218.06,2784,15928.0,42.82,2026-09-25
SYNCOMF,EQ,25-Sep-2026,20.03,20.13,20.4,19.61,20.05,7105116,1421.39,12877,1540672.0,21.68,2026-09-25
SYNGENE,EQ,25-Sep-2026,380.35,380.35,381.85,376.95,378.7,177820,673.66,9035,93806.0,52.75,2026-09-25
SYNOPTICS,ST,25-Sep-2026,47.1,49.45,49.45,49.25,49.45,1800,0.89,3,1800.0,100.0,2026-09-25
SYRMA,EQ,25-Sep-2026,1698.6,1703.0,1742.7,1702.0,1732.6,1026235,17715.32,51313,218498.0,21.29,2026-09-25
SYSTANGO,SM,25-Sep-2026,224.65,224.65,224.65,221.05,222.85,16800,37.42,35,9600.0,57.14,2026-09-25
SYSTMTXC,BE,25-Sep-2026,79.05,79.95,79.95,77.5,77.5,5305,4.19,41,,,2026-09-25
TAALTECH,EQ,25-Sep-2026,1050.5,1033.0,1127.9,1033.0,1085.4,64240,700.81,6861,25760.0,40.1,2026-09-25
TAC,ST,25-Sep-2026,469.5,451.1,474.8,446.05,446.85,53400,241.51,226,50000.0,93.63,2026-09-25
TAINWALCHM,EQ,25-Sep-2026,216.79,213.05,215.0,207.1,209.2,5113,10.75,160,4499.0,87.99,2026-09-25
TAJGVK,EQ,25-Sep-2026,323.2,324.65,325.2,319.8,324.35,28904,93.27,1411,12900.0,44.63,2026-09-25
TAKE,EQ,25-Sep-2026,15.4,15.71,15.71,15.11,15.51,144138,22.2,578,101112.0,70.15,2026-09-25
TALBROAUTO,EQ,25-Sep-2026,466.0,466.0,472.7,452.1,457.35,217822,1006.3,9498,84123.0,38.62,2026-09-25
TAMBOLIIN,BE,25-Sep-2026,294.95,299.4,308.7,282.0,300.8,5508,16.63,77,,,2026-09-25
TANAA,EQ,25-Sep-2026,331.8,331.8,365.0,331.1,345.1,117489,412.09,4524,45750.0,38.94,2026-09-25
TANKUP,ST,25-Sep-2026,1619.95,1640.0,1652.3,1640.0,1652.3,6750,111.5,10,6750.0,100.0,2026-09-25
TANLA,EQ,25-Sep-2026,489.6,490.4,496.5,484.65,494.75,248415,1218.56,12419,100460.0,40.44,2026-09-25
TARACHAND,EQ,25-Sep-2026,46.11,47.9,49.0,46.1,48.46,71075,33.94,776,51137.0,71.95,2026-09-25
TARAPUR,EQ,25-Sep-2026,12.22,12.22,12.24,12.0,12.19,15620,1.9,136,8892.0,56.93,2026-09-25
TARC,EQ,25-Sep-2026,129.35,129.35,130.99,127.5,129.36,181062,233.81,2709,82132.0,45.36,2026-09-25
TARIL,EQ,25-Sep-2026,280.4,280.4,281.25,275.8,277.65,703274,1952.56,14682,344664.0,49.01,2026-09-25
TARMAT,EQ,25-Sep-2026,54.05,55.3,56.85,54.0,55.84,12463,6.88,556,7954.0,63.82,2026-09-25
TARSONS,EQ,25-Sep-2026,335.45,341.0,345.0,327.45,332.75,97118,323.79,3677,36808.0,37.9,2026-09-25
TASTYBITE,EQ,25-Sep-2026,9903.0,9900.0,9961.0,9711.0,9856.0,1290,126.79,614,743.0,57.6,2026-09-25
TATACAP,EQ,25-Sep-2026,336.25,337.0,341.15,333.35,339.15,1484301,5004.44,45342,871214.0,58.7,2026-09-25
TATACHEM,EQ,25-Sep-2026,652.2,654.65,654.65,633.6,643.75,1131484,7285.86,24608,376264.0,33.25,2026-09-25
TATACOMM,EQ,25-Sep-2026,1670.0,1671.9,1682.0,1650.1,1666.5,126901,2115.86,18926,63657.0,50.16,2026-09-25
TATACONSUM,EQ,25-Sep-2026,986.3,988.0,989.9,979.2,983.2,885948,8710.56,29062,583547.0,65.87,2026-09-25
TATAELXSI,EQ,25-Sep-2026,3183.8,3190.0,3201.0,3144.0,3186.9,177199,5631.77,23600,65170.0,36.78,2026-09-25
TATAGOLD,EQ,25-Sep-2026,14.52,14.57,14.64,14.52,14.62,37775952,5506.06,55161,21558903.0,57.07,2026-09-25
TATAINVEST,EQ,25-Sep-2026,658.35,659.65,661.3,645.5,651.6,268798,1749.5,14205,90816.0,33.79,2026-09-25
TATAPOWER,EQ,25-Sep-2026,363.45,363.0,367.8,362.65,367.5,1727813,6318.15,24391,769980.0,44.56,2026-09-25
TATASTEEL,EQ,25-Sep-2026,188.02,188.57,190.34,187.01,187.97,15890667,29960.47,90841,7417410.0,46.68,2026-09-25
TATATECH,EQ,25-Sep-2026,717.75,715.0,716.9,700.0,703.05,652847,4600.04,28832,304716.0,46.67,2026-09-25
TATSILV,EQ,25-Sep-2026,21.92,22.01,22.24,21.88,22.21,28133247,6209.89,36597,11375176.0,40.43,2026-09-25
TATVA,EQ,25-Sep-2026,1728.6,1749.5,1804.0,1731.1,1793.2,66589,1187.65,7957,28727.0,43.14,2026-09-25
TAURIAN,ST,25-Sep-2026,608.4,608.0,608.0,582.55,589.0,14400,85.75,18,12800.0,88.89,2026-09-25
TBI,SM,25-Sep-2026,74.7,73.9,75.0,71.1,71.95,24000,17.35,39,19800.0,82.5,2026-09-25
TBOTEK,EQ,25-Sep-2026,1687.2,1686.0,1702.9,1668.0,1696.9,52783,892.13,6988,25239.0,47.82,2026-09-25
TBZ,BE,25-Sep-2026,674.85,662.5,671.5,641.15,655.6,317411,2068.53,4406,,,2026-09-25
TCC,EQ,25-Sep-2026,51.63,52.27,52.27,49.5,50.75,393062,199.41,3859,76893.0,19.56,2026-09-25
TCI,EQ,25-Sep-2026,833.45,877.0,955.0,863.15,883.7,5770660,53499.48,191367,296296.0,5.13,2026-09-25
TCIEXP,EQ,25-Sep-2026,492.75,499.15,516.35,491.35,501.55,33811,170.49,2910,11018.0,32.59,2026-09-25
TCIFINANCE,EQ,25-Sep-2026,14.86,15.64,15.64,14.5,14.86,15285,2.33,80,12479.0,81.64,2026-09-25
TCL,SM,25-Sep-2026,130.95,130.0,131.0,123.95,124.0,68000,87.51,32,62400.0,91.76,2026-09-25
TCPLPACK,EQ,25-Sep-2026,4058.8,4098.8,4183.9,4030.1,4106.8,9656,396.94,2396,2928.0,30.32,2026-09-25
TCS,EQ,25-Sep-2026,2087.0,2054.0,2090.2,2038.1,2082.0,3342195,69269.87,130106,1581726.0,47.33,2026-09-25
TDPOWERSYS,EQ,25-Sep-2026,742.0,743.0,763.5,737.1,751.55,1040836,7806.16,55654,428372.0,41.16,2026-09-25
TEAMGTY,EQ,25-Sep-2026,241.71,242.6,242.6,235.0,241.45,272,0.64,7,269.0,98.9,2026-09-25
TEAMLEASE,EQ,25-Sep-2026,1192.0,1190.0,1198.9,1158.0,1173.0,37668,443.22,6108,13011.0,34.54,2026-09-25
TEAMTECH,ST,25-Sep-2026,138.35,138.0,138.0,135.0,135.0,6000,8.16,3,6000.0,100.0,2026-09-25
TECH,EQ,25-Sep-2026,30.95,31.24,32.1,30.5,30.92,27693,8.53,203,20988.0,75.79,2026-09-25
TECHD,SM,25-Sep-2026,558.0,550.5,552.0,540.6,548.05,7500,41.01,24,4200.0,56.0,2026-09-25
TECHERA,SM,25-Sep-2026,152.35,152.25,154.0,148.0,152.0,43200,65.37,51,28000.0,64.81,2026-09-25
TECHLABS,SM,25-Sep-2026,114.9,119.3,119.3,114.4,117.85,19875,23.47,98,16875.0,84.91,2026-09-25
TECHM,EQ,25-Sep-2026,1543.0,1540.0,1554.7,1526.6,1548.0,939846,14520.76,35771,516051.0,54.91,2026-09-25
TECHNOCRAF,EQ,25-Sep-2026,475.05,479.55,496.5,474.1,491.05,1351541,6595.09,31925,343182.0,25.39,2026-09-25
TECHNOE,EQ,25-Sep-2026,991.65,986.35,1016.2,983.0,1006.2,104359,1039.37,10039,52814.0,50.61,2026-09-25
TECHNVISN,EQ,25-Sep-2026,4130.0,4231.5,4231.5,3950.0,4071.0,391,16.03,130,287.0,73.4,2026-09-25
TECILCHEM,EQ,25-Sep-2026,9.25,9.44,9.44,8.58,8.81,142745,12.82,336,123399.0,86.45,2026-09-25
TEGA,EQ,25-Sep-2026,2062.0,2056.0,2100.0,2049.4,2091.6,261282,5438.07,21197,101316.0,38.78,2026-09-25
TEJA,SM,25-Sep-2026,215.75,217.0,222.0,217.0,222.0,7200,15.85,9,5400.0,75.0,2026-09-25
TEJASNET,EQ,25-Sep-2026,511.3,513.0,513.0,501.0,503.85,893736,4519.57,21149,271530.0,30.38,2026-09-25
TEMBO,EQ,25-Sep-2026,59.26,59.82,63.37,57.4,58.28,3971032,2378.05,26723,1750756.0,44.09,2026-09-25
TEMPSENS,EQ,25-Sep-2026,543.4,543.4,546.7,522.45,531.05,1321440,7029.25,28553,471471.0,35.68,2026-09-25
TENNIND,EQ,25-Sep-2026,511.25,514.0,518.7,509.0,515.25,471856,2419.96,16161,272739.0,57.8,2026-09-25
TERAI,EQ,25-Sep-2026,111.55,115.0,120.0,111.55,117.86,414,0.48,33,301.0,72.71,2026-09-25
TERASOFT,EQ,25-Sep-2026,220.65,221.45,224.25,214.0,218.9,26068,56.97,1497,16106.0,61.78,2026-09-25
TEXINFRA,EQ,25-Sep-2026,118.9,118.0,119.89,116.81,118.25,138397,163.74,1456,46447.0,33.56,2026-09-25
TEXMOPIPES,EQ,25-Sep-2026,58.05,57.5,58.45,56.5,56.91,69419,39.74,1278,43806.0,63.1,2026-09-25
TEXRAIL,EQ,25-Sep-2026,126.77,127.0,128.55,123.81,125.67,3485269,4398.31,36258,1119842.0,32.13,2026-09-25
TFCILTD,EQ,25-Sep-2026,143.46,142.0,144.0,135.49,138.31,30056074,41813.55,69590,12584822.0,41.87,2026-09-25
TFL,EQ,25-Sep-2026,11.73,12.2,12.2,11.5,11.76,3661,0.43,49,2277.0,62.2,2026-09-25
TGBHOTELS,EQ,25-Sep-2026,9.5,9.58,9.9,9.25,9.58,14339,1.38,117,11879.0,82.84,2026-09-25
TGL,ST,25-Sep-2026,14.45,14.2,14.2,14.2,14.2,7200,1.02,16,7200.0,100.0,2026-09-25
TGVSL,EQ,25-Sep-2026,109.31,110.11,127.74,110.11,124.78,10384184,12779.55,68785,1134788.0,10.93,2026-09-25
THACKER,EQ,25-Sep-2026,1008.0,951.0,1001.0,951.0,975.0,4,0.04,4,4.0,100.0,2026-09-25
THAKDEV,EQ,25-Sep-2026,131.44,135.0,136.35,134.95,134.99,23,0.03,8,23.0,100.0,2026-09-25
THANGAMAYL,EQ,25-Sep-2026,5097.0,5179.5,5210.0,5085.0,5134.5,33970,1746.99,7623,17312.0,50.96,2026-09-25
THEINVEST,EQ,25-Sep-2026,92.63,93.01,97.45,92.4,93.86,4243,4.02,161,2338.0,55.1,2026-09-25
THEJO,EQ,25-Sep-2026,2168.8,2161.4,2199.0,2136.2,2185.0,4584,99.74,455,2677.0,58.4,2026-09-25
THELEELA,EQ,25-Sep-2026,533.2,525.0,551.5,525.0,546.15,144533,782.41,13562,85982.0,59.49,2026-09-25
THEMISMED,EQ,25-Sep-2026,118.1,119.9,120.46,115.85,116.93,56963,66.46,1313,28907.0,50.75,2026-09-25
THERMAX,EQ,25-Sep-2026,3406.1,3402.0,3460.7,3376.0,3447.2,71452,2450.28,14149,35236.0,49.31,2026-09-25
THESL,ST,25-Sep-2026,13.85,14.0,14.0,14.0,14.0,3000,0.42,1,3000.0,100.0,2026-09-25
THOMASCOOK,EQ,25-Sep-2026,103.97,104.0,104.0,102.2,103.47,209188,215.91,3923,97059.0,46.4,2026-09-25
THOMASCOTT,EQ,25-Sep-2026,235.0,235.05,282.0,232.9,248.65,160337,401.66,2720,73896.0,46.09,2026-09-25
THYROCARE,EQ,25-Sep-2026,566.75,566.2,570.8,556.6,566.85,129345,728.28,9021,76969.0,59.51,2026-09-25
TI,EQ,25-Sep-2026,587.55,590.0,590.0,575.05,581.7,1372795,8055.09,20436,1082742.0,78.87,2026-09-25
TICL,BE,25-Sep-2026,6.12,6.42,6.42,5.92,6.42,551359,35.35,227,,,2026-09-25
TIGERLOGS,EQ,25-Sep-2026,26.36,27.0,27.36,25.81,26.33,90978,23.85,726,66484.0,73.08,2026-09-25
TIIL,EQ,25-Sep-2026,3033.1,3033.2,3065.4,2985.0,3003.4,27627,832.11,4151,17982.0,65.09,2026-09-25
TIINDIA,EQ,25-Sep-2026,2540.5,2530.0,2547.8,2506.1,2511.1,78988,1995.47,10349,38095.0,48.23,2026-09-25
TIJARIA,BE,25-Sep-2026,6.72,6.71,7.0,6.44,6.93,47519,3.23,133,,,2026-09-25
TIL,BE,25-Sep-2026,256.16,253.05,256.6,248.1,251.11,61092,153.88,379,,,2026-09-25
TIMETECHNO,EQ,25-Sep-2026,179.31,179.31,182.09,178.06,181.22,2079844,3756.18,16243,438008.0,21.06,2026-09-25
TIMEX,EQ,25-Sep-2026,710.8,719.2,735.0,706.45,732.05,330363,2400.02,22857,148908.0,45.07,2026-09-25
TIMKEN,EQ,25-Sep-2026,3256.9,3268.5,3268.6,3192.0,3206.1,14197,458.12,4634,7137.0,50.27,2026-09-25
TINNARUBR,EQ,25-Sep-2026,982.8,980.0,993.0,970.55,978.1,28833,282.88,2866,14226.0,49.34,2026-09-25
TIPSFILMS,EQ,25-Sep-2026,311.5,312.0,344.0,311.05,341.45,24778,82.84,980,13150.0,53.07,2026-09-25
TIPSMUSIC,EQ,25-Sep-2026,662.05,665.05,672.0,651.1,668.95,245082,1629.12,13820,115337.0,47.06,2026-09-25
TIRUMALCHM,EQ,25-Sep-2026,162.95,163.15,163.2,158.72,160.93,252816,405.88,6197,123712.0,48.93,2026-09-25
TIRUPATI,SM,25-Sep-2026,307.0,292.5,292.5,292.5,292.5,125,0.37,1,125.0,100.0,2026-09-25
TIRUPATIFL,BE,25-Sep-2026,79.87,78.28,78.28,78.28,78.28,66450,52.02,279,,,2026-09-25
TITAGARH,EQ,25-Sep-2026,819.25,816.0,825.0,811.15,822.6,277001,2263.41,15297,86735.0,31.31,2026-09-25
TITAN,EQ,25-Sep-2026,4832.5,4855.0,4884.0,4821.5,4884.0,368677,17863.15,37248,171981.0,46.65,2026-09-25
TMB,EQ,25-Sep-2026,893.55,894.95,899.95,879.05,881.9,118477,1048.85,10842,59974.0,50.62,2026-09-25
TMCV,EQ,25-Sep-2026,437.15,440.0,445.0,436.6,441.5,6273947,27663.92,106466,3140154.0,50.05,2026-09-25
TMPV,EQ,25-Sep-2026,295.0,297.0,297.7,288.0,290.45,22634929,66067.64,151997,11673605.0,51.57,2026-09-25
TNIDETF,EQ,25-Sep-2026,86.3,87.5,87.69,84.86,85.7,60997,52.1,754,32729.0,53.66,2026-09-25
TNPETRO,EQ,25-Sep-2026,126.98,127.0,139.95,125.8,132.93,7029643,9416.66,74431,1101564.0,15.67,2026-09-25
TNPL,EQ,25-Sep-2026,148.94,148.49,153.89,147.51,151.6,369264,559.09,7276,155800.0,42.19,2026-09-25
TNTELE,EQ,25-Sep-2026,9.31,9.46,10.44,9.03,9.91,92723,8.99,705,55824.0,60.21,2026-09-25
TOKYOPLAST,EQ,25-Sep-2026,75.62,75.63,75.63,73.15,74.0,141,0.1,11,139.0,98.58,2026-09-25
TOLINS,EQ,25-Sep-2026,90.14,91.1,91.77,87.9,88.11,63412,56.62,2038,35851.0,56.54,2026-09-25
TOP100CASE,EQ,25-Sep-2026,10.21,10.25,10.26,10.1,10.22,324865,33.17,877,285080.0,87.75,2026-09-25
TOP10ADD,EQ,25-Sep-2026,83.79,83.04,84.5,83.04,83.88,173821,145.3,2578,136735.0,78.66,2026-09-25
TOP15IETF,EQ,25-Sep-2026,9.34,9.34,9.51,9.3,9.35,693086,64.63,281,414629.0,59.82,2026-09-25
TOP20,EQ,25-Sep-2026,8.5,8.5,8.55,8.5,8.55,39948,3.4,107,29814.0,74.63,2026-09-25
TORNTPHARM,EQ,25-Sep-2026,4928.5,4911.5,4990.5,4906.5,4988.5,386632,19190.11,24535,252493.0,65.31,2026-09-25
TORNTPOWER,EQ,25-Sep-2026,1244.2,1244.0,1264.9,1233.8,1254.6,120680,1500.29,11405,67360.0,55.82,2026-09-25
TOTAL,BE,25-Sep-2026,71.93,71.93,71.98,69.1,70.86,5212,3.63,41,,,2026-09-25
TOUCHWOOD,EQ,25-Sep-2026,61.78,61.16,61.66,60.06,60.14,2191,1.32,15,2151.0,98.17,2026-09-25
TOYAMSL,EQ,25-Sep-2026,0.84,0.81,0.87,0.8,0.81,2953375,23.86,427,1342825.0,45.47,2026-09-25
TPHQ,BE,25-Sep-2026,0.51,0.51,0.52,0.51,0.51,559741,2.86,201,,,2026-09-25
TPLPLASTEH,EQ,25-Sep-2026,65.06,65.06,66.5,64.21,65.85,98266,64.22,1003,23768.0,24.19,2026-09-25
TRACXN,EQ,25-Sep-2026,31.83,31.6,32.83,31.6,32.63,84028,27.27,1929,52373.0,62.33,2026-09-25
TRANSCOR,EQ,25-Sep-2026,24.41,24.65,24.99,23.51,24.05,3293,0.8,82,2050.0,62.25,2026-09-25
TRANSPEK,BE,25-Sep-2026,1358.6,1326.0,1370.0,1301.0,1312.6,820,11.02,40,,,2026-09-25
TRANSRAILL,EQ,25-Sep-2026,464.0,466.0,473.5,453.95,469.25,697224,3232.59,27205,177172.0,25.41,2026-09-25
TRANSTEEL,SM,25-Sep-2026,85.95,85.95,86.95,84.0,85.7,21000,17.93,20,8000.0,38.1,2026-09-25
TRANSWORLD,BE,25-Sep-2026,165.97,166.0,167.0,166.0,166.1,1977,3.28,7,,,2026-09-25
TRAVELFOOD,EQ,25-Sep-2026,1214.2,1214.0,1230.0,1191.0,1213.3,64775,783.19,8274,30134.0,46.52,2026-09-25
TREEHOUSE,EQ,25-Sep-2026,6.07,6.14,6.14,5.87,6.05,22991,1.38,77,19126.0,83.19,2026-09-25
TREJHARA,EQ,25-Sep-2026,135.31,134.15,146.9,134.0,144.79,46259,64.39,1322,34431.0,74.43,2026-09-25
TREL,EQ,25-Sep-2026,27.8,27.8,28.65,27.0,28.32,116098,32.35,4437,74050.0,63.78,2026-09-25
TRENT,EQ,25-Sep-2026,2700.0,2720.0,2720.0,2646.0,2669.3,1054993,28199.75,71292,543013.0,51.47,2026-09-25
TRF,EQ,25-Sep-2026,215.13,215.0,216.5,212.2,215.65,6886,14.78,192,5201.0,75.53,2026-09-25
TRIDENT,EQ,25-Sep-2026,23.15,23.15,23.22,22.88,23.12,2193149,505.15,11422,883364.0,40.28,2026-09-25
TRIGYN,EQ,25-Sep-2026,54.95,55.47,58.4,54.4,56.62,225719,127.19,2685,92397.0,40.93,2026-09-25
TRITONV,EQ,25-Sep-2026,1109.4,1100.1,1117.0,1039.7,1109.0,1322,14.48,347,545.0,41.23,2026-09-25
TRITURBINE,EQ,25-Sep-2026,551.8,552.0,558.75,546.4,554.2,238357,1315.62,35727,106774.0,44.8,2026-09-25
TRIVENI,EQ,25-Sep-2026,240.2,240.4,251.8,239.15,247.55,1349570,3339.11,28155,424572.0,31.46,2026-09-25
TROM,SM,25-Sep-2026,53.4,53.5,53.5,53.5,53.5,600,0.32,1,600.0,100.0,2026-09-25
TRU,EQ,25-Sep-2026,4.21,4.36,4.36,3.95,4.2,44534,1.84,209,34865.0,78.29,2026-09-25
TRUALT,EQ,25-Sep-2026,429.0,429.3,444.2,421.2,441.9,442258,1928.23,5566,327771.0,74.11,2026-09-25
TRUST,SM,25-Sep-2026,26.15,26.15,26.9,23.8,26.55,30000,7.72,43,20400.0,68.0,2026-09-25
TSC,ST,25-Sep-2026,51.0,51.0,51.0,51.0,51.0,2000,1.02,1,2000.0,100.0,2026-09-25
TSFINV,EQ,25-Sep-2026,456.9,458.0,465.0,451.5,456.85,133702,615.46,3546,90146.0,67.42,2026-09-25
TTKHLTCARE,EQ,25-Sep-2026,1045.4,1045.4,1060.0,1023.3,1031.1,12141,126.0,1225,8033.0,66.16,2026-09-25
TTKPRESTIG,EQ,25-Sep-2026,515.3,518.9,526.7,515.6,524.4,21938,114.69,2279,12847.0,58.56,2026-09-25
TTL,EQ,25-Sep-2026,7.25,7.28,7.38,7.09,7.13,176663,12.71,458,123370.0,69.83,2026-09-25
TTML,EQ,25-Sep-2026,35.02,35.25,35.25,33.84,34.44,1775354,611.74,8359,765782.0,43.13,2026-09-25
TUNWAL,SM,25-Sep-2026,25.45,25.1,25.7,25.1,25.45,48000,12.12,18,32000.0,66.67,2026-09-25
TURTLEMINT,EQ,25-Sep-2026,109.04,90.65,97.77,87.24,87.24,17986707,16430.88,97845,5490974.0,30.53,2026-09-25
TUTIALKA,EQ,25-Sep-2026,55.53,56.0,56.88,55.11,55.51,3365,1.87,62,2623.0,77.95,2026-09-25
TVSELECT,EQ,25-Sep-2026,381.7,389.35,390.65,380.35,383.3,17581,67.57,1297,7386.0,42.01,2026-09-25
TVSHLTD,EQ,25-Sep-2026,12501.0,12470.0,12675.0,12366.0,12601.0,2997,374.22,1453,1345.0,44.88,2026-09-25
TVSMOTOR,EQ,25-Sep-2026,4091.0,4075.0,4177.9,4075.0,4157.3,411326,16965.21,33668,245514.0,59.69,2026-09-25
TVSSCS,EQ,25-Sep-2026,130.47,130.0,131.69,128.61,130.26,420956,548.3,7347,205837.0,48.9,2026-09-25
TVSSRICHAK,EQ,25-Sep-2026,4412.0,4420.0,4630.0,4413.5,4609.5,10416,474.63,2673,3286.0,31.55,2026-09-25
TVTODAY,EQ,25-Sep-2026,107.77,108.5,108.5,106.0,106.36,11374,12.11,654,7151.0,62.87,2026-09-25
TVVISION,BE,25-Sep-2026,3.05,3.05,3.2,2.9,2.92,116228,3.55,180,,,2026-09-25
TWCGOLDETF,EQ,25-Sep-2026,149.01,149.75,150.06,148.58,149.99,9324,13.94,140,9145.0,98.08,2026-09-25
UBL,EQ,25-Sep-2026,1270.2,1270.2,1271.2,1243.2,1251.3,168060,2110.99,7613,124744.0,74.23,2026-09-25
UCAL,BE,25-Sep-2026,141.45,142.4,144.0,139.0,142.56,4127,5.84,66,,,2026-09-25
UCOBANK,EQ,25-Sep-2026,23.74,23.74,23.95,23.55,23.9,2615016,621.98,10128,1182876.0,45.23,2026-09-25
UDAYJEW,EQ,25-Sep-2026,162.33,168.5,172.5,160.1,162.91,85689,144.29,2146,16061.0,18.74,2026-09-25
UDS,EQ,25-Sep-2026,201.9,203.0,209.24,200.65,207.9,103467,213.35,2570,46215.0,44.67,2026-09-25
UEL,EQ,25-Sep-2026,188.09,186.0,188.09,180.01,183.73,16391,29.92,819,8847.0,53.97,2026-09-25
UFBL,BE,25-Sep-2026,723.0,723.0,736.8,696.15,698.25,26118,185.26,1049,,,2026-09-25
UFLEX,EQ,25-Sep-2026,661.55,662.8,668.0,648.0,664.2,77164,507.09,3153,39650.0,51.38,2026-09-25
UFO,EQ,25-Sep-2026,59.53,59.55,61.3,59.3,59.73,26279,15.77,470,18255.0,69.47,2026-09-25
UGARSUGAR,EQ,25-Sep-2026,55.77,55.98,66.66,54.71,64.03,13699429,8596.6,62779,1278357.0,9.33,2026-09-25
UGROCAP,EQ,25-Sep-2026,82.23,82.23,82.71,81.55,82.02,90627,74.36,1074,64602.0,71.28,2026-09-25
UHTL,ST,25-Sep-2026,195.75,199.45,199.65,199.45,199.65,146000,291.31,42,140000.0,95.89,2026-09-25
UJJIVANSFB,EQ,25-Sep-2026,62.69,63.29,65.1,62.73,64.71,13378426,8535.6,86721,7496599.0,56.03,2026-09-25
ULTRACEMCO,EQ,25-Sep-2026,11056.0,11100.0,11184.0,11027.0,11155.0,191155,21227.64,39230,106237.0,55.58,2026-09-25
ULTRAMAR,EQ,25-Sep-2026,429.05,425.25,438.45,419.85,425.3,28763,121.97,1784,15496.0,53.87,2026-09-25
UMAEXPORTS,BE,25-Sep-2026,20.81,21.22,21.22,21.22,21.22,1402,0.3,8,,,2026-09-25
UMESLTD,EQ,25-Sep-2026,4.51,4.51,4.74,4.4,4.55,21477,0.97,128,14363.0,66.88,2026-09-25
UMIYA-MRO,EQ,25-Sep-2026,96.42,98.0,98.0,95.51,97.25,6359,6.16,338,3147.0,49.49,2026-09-25
UNICHEMLAB,EQ,25-Sep-2026,552.65,554.0,559.45,541.35,549.7,50490,277.13,2951,15456.0,30.61,2026-09-25
UNIDT,EQ,25-Sep-2026,259.76,257.73,260.82,238.24,241.71,139221,341.76,4906,85652.0,61.52,2026-09-25
UNIECOM,EQ,25-Sep-2026,82.76,83.35,86.99,81.76,83.78,514134,434.73,6433,145461.0,28.29,2026-09-25
UNIENTER,EQ,25-Sep-2026,90.5,90.5,91.89,89.55,90.1,2133,1.92,57,1994.0,93.48,2026-09-25
UNIHEALTH,SM,25-Sep-2026,656.0,635.1,687.95,583.1,638.85,80000,493.34,129,55000.0,68.75,2026-09-25
UNIINFO,EQ,25-Sep-2026,11.29,11.29,11.4,10.73,10.97,2307,0.25,17,1603.0,69.48,2026-09-25
UNILEX,SM,25-Sep-2026,31.0,30.9,32.0,30.9,32.0,6400,2.02,4,6400.0,100.0,2026-09-25
UNIMECH,EQ,25-Sep-2026,1692.3,1699.9,1712.0,1640.9,1665.1,138995,2322.45,17906,55875.0,40.2,2026-09-25
UNIONBANK,EQ,25-Sep-2026,179.45,178.78,180.72,178.34,180.2,6466107,11614.01,27211,3393941.0,52.49,2026-09-25
UNIONGOLD,EQ,25-Sep-2026,146.45,146.75,147.6,146.1,147.55,478,0.7,49,226.0,47.28,2026-09-25
UNIPARTS,EQ,25-Sep-2026,850.35,850.35,859.0,832.75,847.2,85608,724.39,6759,41208.0,48.14,2026-09-25
UNITDSPR,EQ,25-Sep-2026,1423.3,1423.3,1437.6,1417.3,1423.8,362455,5169.6,20394,228593.0,63.07,2026-09-25
UNITECH,EQ,25-Sep-2026,4.05,4.05,4.13,4.0,4.09,2798979,113.41,1760,1805516.0,64.51,2026-09-25
UNITEDPOLY,EQ,25-Sep-2026,45.27,44.4,47.1,44.4,46.81,1037819,483.75,1968,332341.0,32.02,2026-09-25
UNITEDTEA,EQ,25-Sep-2026,428.25,430.0,439.0,423.4,425.1,2416,10.31,160,2184.0,90.4,2026-09-25
UNIVASTU,BE,25-Sep-2026,140.54,140.0,140.0,135.31,138.08,45861,63.03,347,,,2026-09-25
UNIVCABLES,EQ,25-Sep-2026,1517.0,1510.3,1549.0,1480.5,1494.0,69934,1057.39,7462,24731.0,35.36,2026-09-25
UNIVPHOTO,BE,25-Sep-2026,549.85,548.25,548.25,527.0,547.25,547,2.96,22,,,2026-09-25
UNOMINDA,EQ,25-Sep-2026,1224.4,1224.4,1236.2,1215.1,1218.0,272547,3327.6,23575,136861.0,50.22,2026-09-25
UPHOT,EQ,25-Sep-2026,1500.0,1500.0,1500.0,1500.0,1500.0,8,0.12,2,8.0,100.0,2026-09-25
UPL,EQ,25-Sep-2026,549.6,548.0,552.0,543.6,550.05,2067628,11315.6,43353,1232257.0,59.6,2026-09-25
URAVIDEF,BE,25-Sep-2026,103.0,105.0,105.0,103.0,103.0,628,0.65,31,,,2026-09-25
URBAN,SM,25-Sep-2026,119.0,120.8,120.95,117.45,118.85,12800,15.35,16,8000.0,62.5,2026-09-25
URBANCO,EQ,25-Sep-2026,171.26,171.59,171.59,167.3,168.99,2063119,3490.25,24222,717500.0,34.78,2026-09-25
URJA,EQ,25-Sep-2026,9.0,8.98,9.0,8.87,8.95,503556,44.98,2206,303667.0,60.3,2026-09-25
USHAFIN,SM,25-Sep-2026,55.8,53.5,54.0,53.3,54.0,16000,8.6,10,12800.0,80.0,2026-09-25
USHAMART,EQ,25-Sep-2026,523.2,525.9,525.9,511.0,518.8,404445,2094.44,14401,143505.0,35.48,2026-09-25
USK,EQ,25-Sep-2026,19.61,19.61,20.83,19.5,19.86,30738,6.12,269,20477.0,66.62,2026-09-25
UTIAMC,EQ,25-Sep-2026,907.9,907.9,907.9,893.6,901.85,52484,472.42,7572,31694.0,60.39,2026-09-25
UTKAL,SM,25-Sep-2026,50.8,49.0,50.8,49.0,49.0,14000,6.96,7,14000.0,100.0,2026-09-25
UTKARSHBNK,EQ,25-Sep-2026,13.86,13.86,13.93,13.68,13.8,3993057,548.96,4977,1703072.0,42.65,2026-09-25
UTLSOLAR,EQ,25-Sep-2026,433.4,439.9,442.2,416.0,422.1,315720,1349.12,12567,200538.0,63.52,2026-09-25
UTSSAV,SM,25-Sep-2026,652.2,652.0,728.0,652.0,722.1,189600,1336.66,234,120600.0,63.61,2026-09-25
UTTAMSUGAR,EQ,25-Sep-2026,260.0,261.8,304.9,260.0,293.15,2805051,8135.27,53401,274447.0,9.78,2026-09-25
UYFINCORP,BE,25-Sep-2026,19.26,19.4,19.5,19.04,19.32,75222,14.51,137,,,2026-09-25
V2RETAIL,EQ,25-Sep-2026,214.47,214.94,214.94,210.66,214.72,612614,1307.58,9338,351267.0,57.34,2026-09-25
VADILALIND,EQ,25-Sep-2026,7413.5,7415.0,7578.0,7396.0,7534.5,6174,462.88,2034,2565.0,41.55,2026-09-25
VADILENT,EQ,25-Sep-2026,10303.0,10280.0,10399.0,10250.0,10265.0,10,1.03,9,7.0,70.0,2026-09-25
VAIBHAVGBL,EQ,25-Sep-2026,205.25,205.0,208.0,203.37,206.38,182205,374.94,4931,96810.0,53.13,2026-09-25
VAISHALI,EQ,25-Sep-2026,8.53,8.75,8.75,8.5,8.62,54082,4.67,197,45461.0,84.06,2026-09-25
VAKRANGEE,EQ,25-Sep-2026,5.3,5.35,5.35,5.1,5.27,1296324,67.64,2465,451130.0,34.8,2026-09-25
VAL30IETF,EQ,25-Sep-2026,14.87,14.87,14.92,14.8,14.85,137283,20.36,421,78361.0,57.08,2026-09-25
VALIANTLAB,BE,25-Sep-2026,123.15,123.15,126.5,119.52,124.87,62693,77.88,295,,,2026-09-25
VALIANTORG,EQ,25-Sep-2026,411.35,406.05,418.0,406.0,410.45,30685,126.23,842,19089.0,62.21,2026-09-25
VALUE,EQ,25-Sep-2026,15.78,15.79,15.81,15.72,15.76,72466,11.41,81,72230.0,99.67,2026-09-25
VALUE360,SM,25-Sep-2026,56.35,59.8,60.0,59.8,59.95,7200,4.31,6,7200.0,100.0,2026-09-25
VALUEAXIS,EQ,25-Sep-2026,32.18,32.58,32.58,32.0,32.13,45619,14.65,259,31418.0,68.87,2026-09-25
VAML,EQ,25-Sep-2026,429.4,428.95,435.7,422.5,426.75,5912626,25306.72,82572,3529999.0,59.7,2026-09-25
VARDHACRLC,BE,25-Sep-2026,43.95,43.2,44.95,43.2,44.19,24684,10.95,155,,,2026-09-25
VARDMNPOLY,EQ,25-Sep-2026,5.81,5.95,5.95,5.76,5.85,88139,5.18,228,65867.0,74.73,2026-09-25
VARROC,EQ,25-Sep-2026,833.4,830.0,840.95,827.5,834.85,85714,715.31,8456,38088.0,44.44,2026-09-25
VASCONEQ,EQ,25-Sep-2026,33.29,37.0,38.0,34.06,34.76,6719189,2390.68,24054,1566712.0,23.32,2026-09-25
VASUPRADA,EQ,25-Sep-2026,95.3,100.0,100.0,99.9,99.9,6,0.01,2,6.0,100.0,2026-09-25
VASWANI,EQ,25-Sep-2026,45.08,45.08,46.45,44.4,45.35,21654,9.8,382,16364.0,75.57,2026-09-25
VBL,EQ,25-Sep-2026,431.25,428.3,436.6,428.3,434.8,5365431,23228.02,39209,3246176.0,60.5,2026-09-25
VCL,BE,25-Sep-2026,1.45,1.38,1.38,1.38,1.38,293211,4.05,176,,,2026-09-25
VDEAL,SM,25-Sep-2026,118.25,112.0,116.9,106.0,112.5,33000,36.8,55,25200.0,76.36,2026-09-25
VEDAVAAG,EQ,25-Sep-2026,21.31,20.6,24.19,20.6,23.45,261746,61.51,2143,128747.0,49.19,2026-09-25
VEDL,EQ,25-Sep-2026,267.5,266.25,267.25,264.3,266.35,3768892,10018.32,41274,1874383.0,49.73,2026-09-25
VEDPOWER,EQ,25-Sep-2026,32.1,32.1,33.1,31.53,32.95,14269362,4624.47,42809,6198973.0,43.44,2026-09-25
VEEDOL,EQ,25-Sep-2026,1364.3,1364.3,1400.9,1350.0,1393.4,13910,190.98,1316,9197.0,66.12,2026-09-25
VEEGALAND,BE,25-Sep-2026,142.38,143.2,145.0,140.0,141.16,204051,288.74,1784,,,2026-09-25
VELJAN,BE,25-Sep-2026,2067.9,2021.0,2100.0,1990.4,2094.7,244,5.07,61,,,2026-09-25
VENKEYS,EQ,25-Sep-2026,1664.1,1667.0,1680.0,1636.0,1652.8,19252,318.62,2338,9452.0,49.1,2026-09-25
VENTIVE,EQ,25-Sep-2026,572.75,572.7,572.7,564.0,565.05,13304,75.48,668,8364.0,62.87,2026-09-25
VENUSPIPES,EQ,25-Sep-2026,2206.3,2215.8,2225.0,2135.0,2163.2,148235,3215.16,14708,66310.0,44.73,2026-09-25
VENUSREM,EQ,25-Sep-2026,1624.8,1618.0,1705.0,1611.9,1668.4,36028,600.19,2822,22292.0,61.87,2026-09-25
VERANDA,EQ,25-Sep-2026,232.46,232.35,238.25,230.02,232.59,410254,960.82,7250,247274.0,60.27,2026-09-25
VERITAAS,SM,25-Sep-2026,25.45,26.7,26.7,26.7,26.7,2400,0.64,2,2400.0,100.0,2026-09-25
VERTIS,IV,25-Sep-2026,115.75,115.5,115.5,115.5,115.5,425000,490.88,1,425000.0,100.0,2026-09-25
VERTOZ,EQ,25-Sep-2026,36.73,37.29,37.29,35.5,36.29,26721,9.74,326,21503.0,80.47,2026-09-25
VESUVIUS,EQ,25-Sep-2026,391.85,392.0,394.55,387.6,389.1,51904,202.29,2752,31844.0,61.35,2026-09-25
VETO,EQ,25-Sep-2026,143.04,146.5,152.0,139.89,150.32,354342,522.71,5150,219402.0,61.92,2026-09-25
VGCL,EQ,25-Sep-2026,47.2,47.2,47.95,47.2,47.89,54,0.03,6,54.0,100.0,2026-09-25
VGINFOTECH,SM,25-Sep-2026,141.1,139.5,146.5,139.5,144.8,33000,47.18,29,24000.0,72.73,2026-09-25
VGL,EQ,25-Sep-2026,66.52,66.52,68.0,66.31,67.28,42751,28.67,529,28933.0,67.68,2026-09-25
VGUARD,EQ,25-Sep-2026,308.6,310.0,310.0,302.35,304.35,313680,954.84,17509,190481.0,60.72,2026-09-25
VHL,EQ,25-Sep-2026,3368.1,3375.0,3399.0,3350.5,3358.1,70,2.36,47,41.0,58.57,2026-09-25
VHLTD,BE,25-Sep-2026,129.16,130.0,130.0,123.0,125.36,6373,8.0,96,,,2026-09-25
VIAZ,SM,25-Sep-2026,78.85,75.55,75.55,75.5,75.5,4000,3.02,2,4000.0,100.0,2026-09-25
VIDHIING,EQ,25-Sep-2026,352.45,354.2,359.0,342.1,345.75,12374,43.0,530,8324.0,67.27,2026-09-25
VIDYAWIRES,EQ,25-Sep-2026,86.23,85.1,90.54,85.1,90.54,1822959,1640.48,7627,1204406.0,66.07,2026-09-25
VIESL,SM,25-Sep-2026,369.05,371.1,377.5,370.0,372.0,41600,155.36,30,38400.0,92.31,2026-09-25
VIGOR,SM,25-Sep-2026,101.0,97.5,101.0,90.9,100.0,70400,67.3,42,51200.0,72.73,2026-09-25
VIJAYA,EQ,25-Sep-2026,1526.5,1528.0,1540.0,1504.0,1513.6,58184,882.09,12728,29585.0,50.85,2026-09-25
VIJAYPD,SM,25-Sep-2026,71.15,71.0,72.9,71.0,72.85,8000,5.78,4,8000.0,100.0,2026-09-25
VIJIFIN,BE,25-Sep-2026,16.22,16.53,16.53,15.9,16.41,845633,138.36,320,,,2026-09-25
VIKASECO,EQ,25-Sep-2026,1.03,1.04,1.05,1.03,1.04,889394,9.27,866,542115.0,60.95,2026-09-25
VIKASLIFE,EQ,25-Sep-2026,1.24,1.25,1.25,1.23,1.23,1320140,16.34,7988,657794.0,49.83,2026-09-25
VIKRAMSOLR,EQ,25-Sep-2026,160.42,161.4,161.41,160.0,160.31,897713,1439.22,9681,517009.0,57.59,2026-09-25
VIKRAN,EQ,25-Sep-2026,60.99,60.5,60.98,58.53,59.18,2587537,1531.63,15186,658011.0,25.43,2026-09-25
VILAS,SM,25-Sep-2026,399.35,390.1,399.7,383.1,395.0,25500,99.98,92,17000.0,66.67,2026-09-25
VILINBIO,ST,25-Sep-2026,52.3,49.7,51.5,49.7,51.5,20000,10.08,5,20000.0,100.0,2026-09-25
VIMTALABS,EQ,25-Sep-2026,597.5,602.35,619.0,594.6,599.3,151067,909.57,8573,50820.0,33.64,2026-09-25
VINATIORGA,EQ,25-Sep-2026,1195.0,1194.1,1210.5,1192.0,1206.4,21752,261.2,3931,12175.0,55.97,2026-09-25
VINCOFE,EQ,25-Sep-2026,183.75,184.1,187.19,181.04,184.15,911215,1676.06,14020,412704.0,45.29,2026-09-25
VINDHYATEL,EQ,25-Sep-2026,2767.5,2745.0,2817.7,2703.2,2719.8,41951,1149.34,5980,16932.0,40.36,2026-09-25
VINEETLAB,EQ,25-Sep-2026,34.93,35.84,36.24,34.32,34.85,57655,20.23,929,35082.0,60.85,2026-09-25
VINNY,EQ,25-Sep-2026,0.92,0.91,0.93,0.91,0.93,133335,1.23,161,111197.0,83.4,2026-09-25
VINOD,ST,25-Sep-2026,69.25,65.8,65.8,65.8,65.8,4800,3.16,4,4800.0,100.0,2026-09-25
VINSYS,ST,25-Sep-2026,573.8,583.0,583.0,582.0,582.0,500,2.91,2,500.0,100.0,2026-09-25
VINYAS,SM,25-Sep-2026,1543.5,1515.0,1549.95,1515.0,1527.3,5500,84.05,47,4500.0,81.82,2026-09-25
VINYLINDIA,EQ,25-Sep-2026,220.32,220.8,222.95,218.25,219.85,1993,4.38,133,1586.0,79.58,2026-09-25
VIPCLOTHNG,EQ,25-Sep-2026,21.7,22.0,22.2,21.15,21.63,45956,9.91,239,35889.0,78.09,2026-09-25
VIPIND,EQ,25-Sep-2026,300.95,300.95,303.0,294.05,301.2,208836,623.41,4126,104576.0,50.08,2026-09-25
VIPULLTD,BE,25-Sep-2026,10.56,10.52,10.7,10.22,10.36,73134,7.6,150,,,2026-09-25
VIRAT,EQ,25-Sep-2026,361.55,374.9,379.65,363.0,364.7,7899,29.36,318,4285.0,54.25,2026-09-25
VIRINCHI,EQ,25-Sep-2026,13.81,14.0,14.07,13.75,13.81,38149,5.3,188,29880.0,78.32,2026-09-25
VIRTUALG,BE,25-Sep-2026,0.45,0.45,0.46,0.44,0.46,81967,0.37,106,,,2026-09-25
VISACHROME,EQ,25-Sep-2026,36.34,35.5,37.95,34.53,34.54,20791,7.36,384,14835.0,71.35,2026-09-25
VISAKAIND,EQ,25-Sep-2026,94.79,96.0,96.0,90.1,90.98,349833,322.61,5177,244168.0,69.8,2026-09-25
VISAMAN,SM,25-Sep-2026,31.75,30.2,30.2,30.2,30.2,5000,1.51,5,5000.0,100.0,2026-09-25
VISDEM,SM,25-Sep-2026,88.4,92.0,93.0,92.0,93.0,3600,3.33,3,3600.0,100.0,2026-09-25
VISHAL,EQ,25-Sep-2026,18.06,17.8,18.3,17.8,18.03,34434,6.21,258,24877.0,72.25,2026-09-25
VISHNU,EQ,25-Sep-2026,703.25,706.75,709.6,689.65,697.65,66047,460.74,4187,36648.0,55.49,2026-09-25
VISHNUINFR,SM,25-Sep-2026,150.0,150.0,150.0,147.8,147.8,8500,12.6,11,8500.0,100.0,2026-09-25
VISHWARAJ,EQ,25-Sep-2026,5.28,5.35,5.62,5.31,5.48,673898,36.5,1130,290883.0,43.16,2026-09-25
VISL,EQ,25-Sep-2026,32.13,32.0,32.94,31.52,32.78,17169111,5557.64,36867,8171540.0,47.59,2026-09-25
VITAL,EQ,25-Sep-2026,54.37,56.94,56.94,52.0,53.0,9180,4.93,84,7100.0,77.34,2026-09-25
VIVIANA,EQ,25-Sep-2026,706.25,702.8,728.0,700.0,719.55,19704,140.79,1624,10938.0,55.51,2026-09-25
VIVIDEL,SM,25-Sep-2026,1790.0,1790.0,1790.0,1750.25,1773.7,6480,114.78,25,2880.0,44.44,2026-09-25
VIVIDHA,EQ,25-Sep-2026,0.53,0.53,0.55,0.53,0.53,228223,1.24,145,158605.0,69.5,2026-09-25
VIVIMEDLAB,BE,25-Sep-2026,5.45,5.5,5.55,5.35,5.55,14406,0.8,28,,,2026-09-25
VIVOBIOT,EQ,25-Sep-2026,16.08,16.67,17.4,16.08,16.79,6740,1.13,54,6124.0,90.86,2026-09-25
VIYASH,EQ,25-Sep-2026,246.0,244.4,247.55,242.5,244.35,1325870,3246.16,21331,629160.0,47.45,2026-09-25
VLEGOV,EQ,25-Sep-2026,10.25,10.15,10.74,10.12,10.59,89296,9.38,297,58784.0,65.83,2026-09-25
VLINFRA,SM,25-Sep-2026,25.0,25.15,25.15,24.5,24.55,12000,2.98,6,12000.0,100.0,2026-09-25
VLSFINANCE,EQ,25-Sep-2026,239.58,243.0,243.0,235.65,239.74,7005,16.78,227,3917.0,55.92,2026-09-25
VMARCIND,SM,25-Sep-2026,329.2,327.0,329.75,320.8,322.45,93000,301.93,60,64500.0,69.35,2026-09-25
VMART,EQ,25-Sep-2026,773.7,773.5,773.5,754.0,760.1,108294,821.67,9423,60764.0,56.11,2026-09-25
VMM,EQ,25-Sep-2026,105.46,105.45,105.69,103.0,103.5,9381538,9760.82,32594,5040188.0,53.72,2026-09-25
VMOBILE,SM,25-Sep-2026,57.2,55.0,59.9,55.0,56.75,12800,7.32,11,6400.0,50.0,2026-09-25
VMSTMT,EQ,25-Sep-2026,46.13,46.0,47.0,45.25,46.48,19008,8.76,391,11182.0,58.83,2026-09-25
VOEPL,EQ,25-Sep-2026,497.65,499.0,519.85,486.9,512.3,65331,331.47,3051,34102.0,52.2,2026-09-25
VOGL,EQ,25-Sep-2026,34.53,34.5,34.93,34.25,34.37,14085738,4860.7,35511,6357550.0,45.13,2026-09-25
VOITHPAPR,EQ,25-Sep-2026,1416.7,1439.0,1467.9,1423.8,1450.0,393,5.7,103,339.0,86.26,2026-09-25
VOLERCAR,SM,25-Sep-2026,229.5,231.5,231.5,231.5,231.5,5600,12.96,1,5600.0,100.0,2026-09-25
VOLTAMP,EQ,25-Sep-2026,10587.0,10600.0,10775.0,10556.0,10709.0,9587,1021.68,4563,4869.0,50.79,2026-09-25
VOLTAS,EQ,25-Sep-2026,1113.4,1109.9,1122.1,1103.9,1118.2,368727,4111.44,15376,183854.0,49.86,2026-09-25
VPRPL,EQ,25-Sep-2026,32.9,32.9,32.98,32.2,32.5,225414,73.19,1188,93211.0,41.35,2026-09-25
VRAJ,EQ,25-Sep-2026,126.19,127.28,127.28,125.11,126.24,9380,11.83,347,5430.0,57.89,2026-09-25
VRLLOG,EQ,25-Sep-2026,291.65,292.95,293.05,288.1,289.7,118757,344.27,3997,76421.0,64.35,2026-09-25
VSSL,EQ,25-Sep-2026,405.0,405.0,415.6,404.0,411.5,78218,320.86,3846,38136.0,48.76,2026-09-25
VSTIND,EQ,25-Sep-2026,206.69,205.82,206.76,202.88,204.54,89396,183.36,2544,61009.0,68.25,2026-09-25
VSTL,EQ,25-Sep-2026,112.87,113.0,114.43,111.0,113.76,3529,4.0,138,2455.0,69.57,2026-09-25
VSTTILLERS,EQ,25-Sep-2026,4516.7,4492.0,4544.2,4360.0,4473.3,14779,655.49,3137,6048.0,40.92,2026-09-25
VTL,EQ,25-Sep-2026,563.6,564.0,564.2,550.0,554.0,138210,770.86,8948,51133.0,37.0,2026-09-25
VTMLTD,EQ,25-Sep-2026,42.13,43.7,43.7,40.45,41.53,72833,30.08,1548,42474.0,58.32,2026-09-25
WAAREEENER,EQ,25-Sep-2026,2482.0,2494.4,2516.0,2470.0,2495.0,616888,15377.8,40284,264800.0,42.93,2026-09-25
WAAREEINDO,EQ,25-Sep-2026,242.95,230.85,237.55,230.85,230.85,196353,454.32,1235,166175.0,84.63,2026-09-25
WAAREERTL,EQ,25-Sep-2026,832.3,830.0,837.05,823.0,832.9,77627,643.87,7444,30149.0,38.84,2026-09-25
WABAG,EQ,25-Sep-2026,2029.2,2029.6,2049.5,1991.1,2008.4,272100,5488.99,22100,110632.0,40.66,2026-09-25
WAKEFIT,EQ,25-Sep-2026,142.83,146.37,149.9,140.9,141.35,527519,758.1,6825,118065.0,22.38,2026-09-25
WALCHANNAG,EQ,25-Sep-2026,208.07,208.07,213.98,205.64,210.99,463868,974.38,9514,161408.0,34.8,2026-09-25
WALPAR,SM,25-Sep-2026,26.65,27.95,27.95,25.8,27.45,16000,4.38,7,8000.0,50.0,2026-09-25
WANBURY,EQ,25-Sep-2026,225.15,226.45,234.25,222.85,224.15,119977,270.36,2397,54928.0,45.78,2026-09-25
WARDINMOBI,EQ,25-Sep-2026,5.62,5.72,5.86,5.56,5.57,429093,24.12,1069,264259.0,61.59,2026-09-25
WATERBASE,EQ,25-Sep-2026,45.36,45.92,45.92,43.62,45.43,7545,3.41,197,5568.0,73.8,2026-09-25
WCIL,EQ,25-Sep-2026,95.78,94.3,96.7,93.82,94.77,179760,171.0,1882,45542.0,25.33,2026-09-25
WEALTH,EQ,25-Sep-2026,839.25,840.05,849.95,829.75,834.95,51360,426.39,163,50827.0,98.96,2026-09-25
WEBELSOLAR,EQ,25-Sep-2026,74.07,74.02,75.1,72.55,73.23,1267143,932.65,9149,669069.0,52.8,2026-09-25
WEIZMANIND,EQ,25-Sep-2026,71.67,71.6,73.61,71.46,73.0,1649,1.2,24,1093.0,66.28,2026-09-25
WEL,EQ,25-Sep-2026,74.18,75.0,75.69,74.0,74.62,439933,328.8,2196,218835.0,49.74,2026-09-25
WELCORP,EQ,25-Sep-2026,2692.2,2752.9,2837.5,2752.9,2832.4,2763523,77610.82,134337,567837.0,20.55,2026-09-25
WELENT,EQ,25-Sep-2026,749.15,748.1,766.85,747.25,754.5,283394,2141.31,9579,149580.0,52.78,2026-09-25
WELINV,BE,25-Sep-2026,2457.0,2457.0,2499.9,2457.0,2499.9,20,0.5,5,,,2026-09-25
WELSPLSOL,EQ,25-Sep-2026,53.46,53.86,55.7,52.6,55.0,563618,304.85,3421,223403.0,39.64,2026-09-25
WELSPUNLIV,EQ,25-Sep-2026,222.32,222.4,226.41,219.27,224.68,2858135,6369.37,34713,1139606.0,39.87,2026-09-25
WENDT,EQ,25-Sep-2026,8525.5,8532.0,8803.5,8515.5,8646.0,7895,684.34,2501,3301.0,41.81,2026-09-25
WESTLIFE,EQ,25-Sep-2026,569.25,574.7,583.15,564.75,578.1,437736,2502.43,14352,338846.0,77.41,2026-09-25
WEWIN,EQ,25-Sep-2026,49.01,48.91,49.01,47.75,48.26,2296,1.11,48,2279.0,99.26,2026-09-25
WEWORK,EQ,25-Sep-2026,651.7,650.05,661.9,634.9,652.55,170103,1093.7,13405,96939.0,56.99,2026-09-25
WHBRADY,EQ,25-Sep-2026,498.95,475.25,491.0,466.0,491.0,35,0.16,8,26.0,74.29,2026-09-25
WHEELS,EQ,25-Sep-2026,2180.8,2260.0,2355.0,2194.2,2296.4,615400,13963.57,34288,291375.0,47.35,2026-09-25
WHIRLPOOL,EQ,25-Sep-2026,853.45,855.0,960.0,835.55,918.9,27943285,258285.79,575247,1546571.0,5.53,2026-09-25
WHITEFORCE,SM,25-Sep-2026,41.1,39.0,39.0,39.0,39.0,1600,0.62,1,1600.0,100.0,2026-09-25
WILLAMAGOR,EQ,25-Sep-2026,23.4,23.4,23.9,22.1,22.44,3353,0.76,55,3154.0,94.07,2026-09-25
WINDLAS,EQ,25-Sep-2026,1093.8,1090.4,1106.0,1080.0,1102.55,41768,457.22,4061,18149.0,43.45,2026-09-25
WINDMACHIN,EQ,25-Sep-2026,300.9,298.5,302.0,293.6,299.5,25613,76.23,745,11372.0,44.4,2026-09-25
WINSOL,SM,25-Sep-2026,107.65,105.0,109.45,104.0,107.3,14800,15.84,33,7600.0,51.35,2026-09-25
WIPL,EQ,25-Sep-2026,166.6,166.6,169.47,163.11,168.46,314,0.53,28,222.0,70.7,2026-09-25
WIPRO,EQ,25-Sep-2026,163.64,163.05,164.5,161.66,164.02,9700283,15854.95,80693,4782890.0,49.31,2026-09-25
WOCKPHARMA,EQ,25-Sep-2026,2287.7,2290.0,2329.9,2243.0,2265.6,689934,15727.87,36745,244845.0,35.49,2026-09-25
WOL3D,SM,25-Sep-2026,132.0,130.7,130.7,130.7,130.7,1000,1.31,1,1000.0,100.0,2026-09-25
WOMANCART,ST,25-Sep-2026,100.65,101.0,102.4,99.0,99.6,20400,20.43,51,16000.0,78.43,2026-09-25
WONDERLA,EQ,25-Sep-2026,509.95,508.0,513.4,508.0,510.15,43470,221.86,2124,30941.0,71.18,2026-09-25
WORTHPERI,EQ,25-Sep-2026,147.26,144.05,148.0,144.05,144.94,952,1.38,32,755.0,79.31,2026-09-25
WPIL,EQ,25-Sep-2026,435.8,429.7,445.5,425.45,430.4,64064,278.7,2746,30039.0,46.89,2026-09-25
WSI,EQ,25-Sep-2026,56.96,56.01,57.98,55.57,55.94,22326,12.62,472,15390.0,68.93,2026-09-25
WSTCSTPAPR,EQ,25-Sep-2026,737.95,735.0,741.4,707.0,731.9,179172,1297.56,11060,81539.0,45.51,2026-09-25
WTICAB,SM,25-Sep-2026,96.45,97.0,98.5,94.0,96.0,18000,17.18,22,16500.0,91.67,2026-09-25
XCHANGING,EQ,25-Sep-2026,60.35,62.0,62.0,60.12,61.42,64422,39.38,1036,35832.0,55.62,2026-09-25
XELPMOC,EQ,25-Sep-2026,74.59,75.3,89.5,75.1,89.5,129401,110.4,1129,88004.0,68.01,2026-09-25
XPROINDIA,EQ,25-Sep-2026,1207.0,1220.0,1248.1,1168.0,1197.1,45394,543.65,5319,23907.0,52.67,2026-09-25
XTGLOBAL,EQ,25-Sep-2026,29.26,29.85,29.85,28.7,29.44,20689,6.08,342,4104.0,19.84,2026-09-25
XTRANET,EQ,25-Sep-2026,313.71,318.0,328.5,298.03,300.79,724833,2247.39,14589,292427.0,40.34,2026-09-25
YAAP,SM,25-Sep-2026,122.5,129.4,129.4,120.05,123.2,10000,12.39,10,9000.0,90.0,2026-09-25
YASHO,EQ,25-Sep-2026,4043.7,4055.4,4274.9,3992.7,4234.1,45970,1920.4,8733,20523.0,44.64,2026-09-25
YASHOPTICS,SM,25-Sep-2026,131.35,131.0,134.9,131.0,134.45,5600,7.47,7,4800.0,85.71,2026-09-25
YATHARTH,EQ,25-Sep-2026,1157.0,1162.3,1162.3,1117.2,1121.4,304843,3436.41,22963,122422.0,40.16,2026-09-25
YATRA,EQ,25-Sep-2026,105.2,105.99,105.99,101.96,103.84,799222,826.13,7679,369145.0,46.19,2026-09-25
YESBANK,EQ,25-Sep-2026,22.44,22.48,22.58,22.35,22.5,30426808,6834.02,61339,11217697.0,36.87,2026-09-25
YOGI,EQ,25-Sep-2026,164.0,165.9,169.0,160.15,161.1,7353,12.26,99,3292.0,44.77,2026-09-25
YUDIZ,SM,25-Sep-2026,24.0,24.0,24.0,23.0,23.0,1600,0.38,2,1600.0,100.0,2026-09-25
YUKEN,EQ,25-Sep-2026,1127.75,1127.1,1136.25,1093.8,1127.6,11780,131.59,1341,5397.0,45.81,2026-09-25
ZAGGLE,EQ,25-Sep-2026,178.22,179.48,181.44,176.0,178.84,853946,1525.89,9351,348944.0,40.86,2026-09-25
ZEEL,EQ,25-Sep-2026,78.17,78.37,78.37,76.64,76.87,8793820,6776.27,39847,2939649.0,33.43,2026-09-25
ZEELEARN,EQ,25-Sep-2026,6.77,6.89,7.1,6.71,6.94,317285,21.9,661,217729.0,68.62,2026-09-25
ZEEMEDIA,EQ,25-Sep-2026,7.4,7.49,7.75,7.31,7.52,969637,72.14,1378,608792.0,62.79,2026-09-25
ZENITHDRUG,SM,25-Sep-2026,44.4,43.2,45.0,42.8,42.8,12000,5.21,14,8800.0,73.33,2026-09-25
ZENITHEXPO,EQ,25-Sep-2026,195.53,197.49,204.0,197.49,203.0,102,0.21,3,101.0,99.02,2026-09-25
ZENITHSTL,EQ,25-Sep-2026,5.27,5.37,5.37,5.17,5.26,82896,4.36,266,69276.0,83.57,2026-09-25
ZENSARTECH,EQ,25-Sep-2026,422.55,422.4,436.0,416.15,434.9,1049624,4491.79,24633,351736.0,33.51,2026-09-25
ZENTEC,EQ,25-Sep-2026,1645.7,1649.0,1695.0,1613.7,1682.4,318892,5264.05,25850,135613.0,42.53,2026-09-25
ZFCVINDIA,EQ,25-Sep-2026,2345.5,2340.0,2361.0,2325.1,2354.2,34703,814.66,9186,18461.0,53.2,2026-09-25
ZFSTEERING,EQ,25-Sep-2026,746.1,765.0,765.0,736.05,750.85,2158,16.28,336,1193.0,55.28,2026-09-25
ZIMLAB,EQ,25-Sep-2026,137.82,140.0,144.0,135.71,138.48,179885,250.75,3093,70126.0,38.98,2026-09-25
ZODIAC,EQ,25-Sep-2026,227.44,225.0,227.98,219.22,223.04,13144,29.36,815,7347.0,55.9,2026-09-25
ZODIACLOTH,EQ,25-Sep-2026,69.23,68.6,70.8,68.6,70.27,2226,1.56,69,1489.0,66.89,2026-09-25
ZOTA,EQ,25-Sep-2026,1345.7,1333.5,1354.2,1326.5,1336.6,30110,402.91,2814,11329.0,37.63,2026-09-25
ZSARACOM,EQ,25-Sep-2026,9948.0,9950.0,10488.0,9950.0,10307.0,47,4.82,27,31.0,65.96,2026-09-25
ZTECH,SM,25-Sep-2026,429.15,429.0,447.9,429.0,441.6,24000,106.23,52,19200.0,80.0,2026-09-25
ZUARI,EQ,25-Sep-2026,218.41,219.3,222.99,216.51,221.1,67478,148.54,2612,23337.0,34.58,2026-09-25
ZUARIIND,EQ,25-Sep-2026,282.85,284.95,292.0,280.1,290.2,227243,656.38,5202,132532.0,58.32,2026-09-25
ZYDUSLIFE,EQ,25-Sep-2026,1180.3,1185.5,1208.6,1182.4,1203.9,1991779,23844.77,50760,836167.0,41.98,2026-09-25
ZYDUSWELL,EQ,25-Sep-2026,520.15,520.15,524.0,513.35,520.6,60614,314.57,5140,23751.0,39.18,2026-09-25
