SYMBOL,SERIES,DATE1,PREV_CLOSE,OPEN_PRICE,HIGH_PRICE,LOW_PRICE,CLOSE_PRICE,TTL_TRD_QNTY,TURNOVER_LACS,NO_OF_TRADES,DELIV_QTY,DELIV_PER,DATE
1018GS2026,GS,04-Sep-2026,105.0,105.0,105.0,104.7,104.96,5208,5.46,10,5000.0,96.01,2026-09-04
20MICRONS,EQ,04-Sep-2026,217.82,218.91,224.9,216.5,222.49,174812,386.39,4145,82174.0,47.01,2026-09-04
21STCENMGM,EQ,04-Sep-2026,38.1,38.49,38.7,37.36,38.13,2056,0.78,44,1530.0,74.42,2026-09-04
360ONE,EQ,04-Sep-2026,1155.0,1149.1,1156.1,1127.1,1137.0,603451,6882.6,32281,311039.0,51.54,2026-09-04
3BBLACKBIO,EQ,04-Sep-2026,1486.2,1508.5,1513.9,1411.2,1460.1,19626,284.18,2351,8828.0,44.98,2026-09-04
3IINFOLTD,BE,04-Sep-2026,21.79,21.99,22.5,21.99,22.37,161133,36.0,591,,,2026-09-04
3MINDIA,EQ,04-Sep-2026,32820.0,32730.0,32965.0,32680.0,32845.0,932,305.63,600,556.0,59.66,2026-09-04
3PLAND,EQ,04-Sep-2026,32.45,32.3,32.45,30.75,32.39,11543,3.65,223,7898.0,68.42,2026-09-04
574GS2026,GS,04-Sep-2026,101.05,101.95,101.95,101.95,101.95,1,0.0,1,1.0,100.0,2026-09-04
585GS2030,GS,04-Sep-2026,94.09,98.5,98.5,98.5,98.5,501,0.49,2,501.0,100.0,2026-09-04
591GS2028,GS,04-Sep-2026,99.78,100.05,100.7,100.0,100.69,15340,15.44,6,15218.0,99.2,2026-09-04
5PAISA,EQ,04-Sep-2026,342.45,342.45,367.9,336.35,342.1,258086,907.4,7643,65965.0,25.56,2026-09-04
601GS2030,GS,04-Sep-2026,99.0,98.5,98.5,98.5,98.5,19,0.02,1,19.0,100.0,2026-09-04
603GS2029,GS,04-Sep-2026,98.5,100.47,100.47,100.47,100.47,100,0.1,1,100.0,100.0,2026-09-04
610GS2031,GS,04-Sep-2026,99.99,97.0,97.0,97.0,97.0,200,0.19,1,200.0,100.0,2026-09-04
620GS2029,GS,04-Sep-2026,99.75,100.2,100.2,100.2,100.2,7000,7.01,1,7000.0,100.0,2026-09-04
633GS2035,GS,04-Sep-2026,99.3,99.2,99.3,99.2,99.3,199,0.2,2,199.0,100.0,2026-09-04
63MOONS,EQ,04-Sep-2026,851.25,867.95,903.0,853.3,876.5,1136718,10035.5,41951,478314.0,42.08,2026-09-04
648GS2035,GS,04-Sep-2026,100.0,100.0,100.0,100.0,100.0,10,0.01,1,10.0,100.0,2026-09-04
654GS2032,GS,04-Sep-2026,100.0,100.0,100.16,100.0,100.16,17692,17.7,10,17692.0,100.0,2026-09-04
664GS2027,GS,04-Sep-2026,101.4,101.2,101.2,101.2,101.2,100,0.1,1,100.0,100.0,2026-09-04
667GS2035,GS,04-Sep-2026,104.0,100.2,100.2,100.2,100.2,799,0.8,1,799.0,100.0,2026-09-04
667GS2050,GS,04-Sep-2026,92.5,93.0,93.0,93.0,93.0,1,0.0,1,1.0,100.0,2026-09-04
668GS2033,GS,04-Sep-2026,100.0,98.66,100.0,98.66,100.0,300,0.3,3,200.0,66.67,2026-09-04
668GS2040,GS,04-Sep-2026,97.68,98.5,98.5,97.8,97.8,20102,19.66,2,20102.0,100.0,2026-09-04
676GS2061,GS,04-Sep-2026,90.26,90.67,90.67,90.55,90.65,3797,3.44,15,3797.0,100.0,2026-09-04
679GS2031,GS,04-Sep-2026,101.0,101.5,101.5,100.5,100.5,110,0.11,2,110.0,100.0,2026-09-04
679GS2034A,GS,04-Sep-2026,99.88,99.93,99.93,99.93,99.93,199,0.2,1,199.0,100.0,2026-09-04
68GS2060,GS,04-Sep-2026,91.45,91.0,91.0,91.0,91.0,990,0.9,3,990.0,100.0,2026-09-04
690GS2065,GS,04-Sep-2026,93.29,93.99,93.99,93.7,93.74,17185,16.12,19,15185.0,88.36,2026-09-04
692GS2039,GS,04-Sep-2026,99.0,97.02,97.02,97.02,97.02,500,0.49,1,500.0,100.0,2026-09-04
694GS2036,GS,04-Sep-2026,102.11,103.13,103.13,102.2,102.2,108,0.11,2,108.0,100.0,2026-09-04
695GS2061,GS,04-Sep-2026,94.0,94.0,94.7,94.0,94.7,2,0.0,2,1.0,50.0,2026-09-04
702GS2027,GS,04-Sep-2026,103.0,102.0,102.0,102.0,102.0,100,0.1,1,100.0,100.0,2026-09-04
704GS2029,GS,04-Sep-2026,103.0,103.0,103.0,103.0,103.0,100,0.1,1,100.0,100.0,2026-09-04
706GS2028,GS,04-Sep-2026,104.2,104.0,104.35,104.0,104.32,16100,16.79,5,16100.0,100.0,2026-09-04
706GS2041,GS,04-Sep-2026,100.5,101.0,101.0,100.15,100.15,3990,4.02,3,3990.0,100.0,2026-09-04
709GS2054,GS,04-Sep-2026,95.7,95.95,96.0,95.6,95.98,12308,11.81,10,7308.0,59.38,2026-09-04
709GS2074,GS,04-Sep-2026,95.41,95.6,95.8,95.6,95.6,1551,1.48,5,1551.0,100.0,2026-09-04
710GS2029,GS,04-Sep-2026,104.39,103.26,104.0,103.26,104.0,1089,1.13,3,1089.0,100.0,2026-09-04
716GS2050,GS,04-Sep-2026,102.0,102.0,102.0,102.0,102.0,15,0.02,1,15.0,100.0,2026-09-04
717GS2030,GS,04-Sep-2026,103.8,103.81,103.81,103.81,103.81,10000,10.38,3,10000.0,100.0,2026-09-04
718GS2033,GS,04-Sep-2026,103.0,101.97,101.97,101.97,101.97,100,0.1,1,100.0,100.0,2026-09-04
718GS2037,GS,04-Sep-2026,102.53,102.53,103.0,102.0,102.8,38273,39.22,36,37769.0,98.68,2026-09-04
719GS2060,GS,04-Sep-2026,99.02,99.6,99.6,99.6,99.6,25,0.02,1,25.0,100.0,2026-09-04
723GS2039,GS,04-Sep-2026,104.58,104.58,104.58,104.58,104.58,100,0.1,1,100.0,100.0,2026-09-04
724GS2055,GS,04-Sep-2026,97.3,97.4,97.4,96.8,96.82,16037,15.54,55,15532.0,96.85,2026-09-04
725GS2063,GS,04-Sep-2026,96.83,96.86,97.14,96.71,96.98,266232,258.15,150,264071.0,99.19,2026-09-04
726GS2032,GS,04-Sep-2026,103.05,103.0,103.4,102.75,103.4,2400,2.47,4,2400.0,100.0,2026-09-04
726GS2033,GS,04-Sep-2026,102.55,103.25,103.25,103.25,103.25,1600,1.65,2,1600.0,100.0,2026-09-04
732GS2030,GS,04-Sep-2026,102.57,103.61,104.0,103.61,104.0,200,0.21,2,100.0,50.0,2026-09-04
733GS2026,GS,04-Sep-2026,102.11,102.11,102.11,102.11,102.11,200,0.2,2,200.0,100.0,2026-09-04
734GS2064,GS,04-Sep-2026,98.88,99.48,99.48,98.6,98.85,127566,126.2,95,127564.0,100.0,2026-09-04
736GS2052,GS,04-Sep-2026,101.5,101.0,101.35,101.0,101.15,31009,31.39,33,31009.0,100.0,2026-09-04
737GS2028,GS,04-Sep-2026,106.58,104.3,106.58,104.3,106.47,3575,3.8,7,3575.0,100.0,2026-09-04
738GS2027,GS,04-Sep-2026,102.56,102.63,102.75,102.62,102.62,29686,30.47,19,29686.0,100.0,2026-09-04
73GS2053,GS,04-Sep-2026,98.77,98.85,98.85,98.78,98.85,54492,53.85,29,54492.0,100.0,2026-09-04
741GS2036,GS,04-Sep-2026,104.99,104.95,105.1,104.6,105.0,2022,2.12,11,2009.0,99.36,2026-09-04
743GS2076,GS,04-Sep-2026,99.75,99.75,99.89,99.51,99.83,14967,14.94,37,14958.0,99.94,2026-09-04
746GS2073,GS,04-Sep-2026,101.49,100.55,101.5,100.48,101.5,101,0.1,4,101.0,100.0,2026-09-04
74GS2062,GS,04-Sep-2026,103.98,103.0,103.0,100.11,103.0,502,0.5,3,502.0,100.0,2026-09-04
750GS2056,GS,04-Sep-2026,101.57,100.55,102.25,100.55,102.24,4412,4.51,9,4412.0,100.0,2026-09-04
754GS2036,GS,04-Sep-2026,106.14,106.05,106.25,106.05,106.18,379689,403.13,179,370889.0,97.68,2026-09-04
771GS2066,GS,04-Sep-2026,103.9,103.8,103.95,103.6,103.66,129820,134.66,53,119995.0,92.43,2026-09-04
795GS2032,GS,04-Sep-2026,104.86,106.4,106.4,106.4,106.4,200,0.21,1,200.0,100.0,2026-09-04
824GS2027,GS,04-Sep-2026,103.6,101.75,101.75,101.7,101.7,615,0.63,6,615.0,100.0,2026-09-04
824GS2033,GS,04-Sep-2026,109.75,108.46,108.46,108.46,108.46,2000,2.17,2,2000.0,100.0,2026-09-04
832GS2032,GS,04-Sep-2026,106.94,107.0,110.0,107.0,107.01,202,0.22,3,101.0,50.0,2026-09-04
897GS2030,GS,04-Sep-2026,111.5,112.98,113.0,112.0,112.5,13236,14.91,16,12236.0,92.44,2026-09-04
92GS2030,GS,04-Sep-2026,115.5,118.38,118.38,115.0,115.25,18736,21.59,19,18736.0,100.0,2026-09-04
A2ZINFRA,EQ,04-Sep-2026,15.98,15.98,16.24,15.33,15.61,308540,48.24,740,177213.0,57.44,2026-09-04
AAATECH,EQ,04-Sep-2026,93.17,93.17,93.99,91.1,91.74,11314,10.4,369,7014.0,61.99,2026-09-04
AADHARHFC,EQ,04-Sep-2026,478.65,478.7,488.0,477.7,483.55,197998,956.42,10142,99282.0,50.14,2026-09-04
AAKAAR,SM,04-Sep-2026,63.0,61.3,62.9,61.3,62.7,11200,6.99,6,9600.0,85.71,2026-09-04
AAKASH,EQ,04-Sep-2026,8.77,8.88,8.89,8.69,8.75,139620,12.24,248,104008.0,74.49,2026-09-04
AARADHYA,SM,04-Sep-2026,100.75,97.0,110.8,97.0,110.8,398400,419.59,83,386400.0,96.99,2026-09-04
AAREYDRUGS,EQ,04-Sep-2026,94.44,96.0,96.99,93.55,95.79,109417,104.31,828,83192.0,76.03,2026-09-04
AARNAV,BE,04-Sep-2026,32.22,32.22,32.95,32.1,32.17,2300,0.75,21,,,2026-09-04
AARON,EQ,04-Sep-2026,128.98,131.0,131.0,127.0,128.45,4376,5.61,191,3242.0,74.09,2026-09-04
AARTECH,BE,04-Sep-2026,49.16,49.5,49.5,48.5,48.64,13250,6.47,74,,,2026-09-04
AARTIDRUGS,EQ,04-Sep-2026,425.85,429.25,443.75,426.2,431.65,250307,1091.11,8751,115447.0,46.12,2026-09-04
AARTIIND,EQ,04-Sep-2026,501.9,503.6,509.9,490.0,492.05,767774,3811.21,23817,373615.0,48.66,2026-09-04
AARTIPHARM,EQ,04-Sep-2026,868.1,872.0,879.75,854.1,858.8,463265,3994.06,19523,244056.0,52.68,2026-09-04
AARTISURF,BE,04-Sep-2026,544.25,549.9,554.9,540.0,548.5,9195,50.29,319,,,2026-09-04
AARVI,EQ,04-Sep-2026,141.35,139.61,143.96,139.61,141.92,7773,11.06,345,5592.0,71.94,2026-09-04
AASTHA,EQ,04-Sep-2026,80.05,79.56,80.87,77.92,78.12,228188,179.65,1615,119342.0,52.3,2026-09-04
AATMAJ,SM,04-Sep-2026,18.25,18.25,18.25,18.25,18.25,2000,0.37,1,2000.0,100.0,2026-09-04
AAVAS,EQ,04-Sep-2026,1297.8,1298.3,1318.0,1298.3,1304.2,60456,790.38,8307,30079.0,49.75,2026-09-04
ABAN,BE,04-Sep-2026,14.78,14.9,15.05,14.49,14.99,36824,5.42,279,,,2026-09-04
ABANSENT,EQ,04-Sep-2026,27.45,28.4,28.4,27.2,27.86,6398,1.76,107,5563.0,86.95,2026-09-04
ABB,EQ,04-Sep-2026,7432.0,7445.5,7470.0,7376.0,7410.0,150500,11165.16,18754,82551.0,54.85,2026-09-04
ABBOTINDIA,EQ,04-Sep-2026,25945.0,25945.0,26365.0,25810.0,26065.0,8803,2292.46,3571,3882.0,44.1,2026-09-04
ABCAPITAL,EQ,04-Sep-2026,402.0,400.2,407.4,400.2,404.9,2167785,8769.58,34690,1118270.0,51.59,2026-09-04
ABCOTS,EQ,04-Sep-2026,207.46,209.7,217.99,206.3,208.15,4500,9.44,298,2407.0,53.49,2026-09-04
ABDL,EQ,04-Sep-2026,609.4,603.25,614.15,603.25,609.95,114222,696.76,5160,64248.0,56.25,2026-09-04
ABFRL,EQ,04-Sep-2026,50.41,50.76,53.5,50.45,52.97,8157673,4269.1,38913,2731691.0,33.49,2026-09-04
ABGSEC,EQ,04-Sep-2026,114.33,114.94,114.94,113.54,113.58,104,0.12,22,75.0,72.12,2026-09-04
ABH,ST,04-Sep-2026,84.9,80.7,80.7,80.7,80.7,138000,111.37,68,136800.0,99.13,2026-09-04
ABHAPOWER,SM,04-Sep-2026,23.95,24.0,24.75,23.1,24.6,24000,5.71,15,20800.0,86.67,2026-09-04
ABINFRA,BE,04-Sep-2026,11.18,11.15,11.59,10.95,11.35,234755,26.13,399,,,2026-09-04
ABLBL,EQ,04-Sep-2026,83.49,84.18,86.9,83.72,86.07,852050,729.5,12676,358640.0,42.09,2026-09-04
ABMINTLLTD,BE,04-Sep-2026,57.0,55.86,55.86,55.86,55.86,338,0.19,9,,,2026-09-04
ABMKNO,EQ,04-Sep-2026,188.0,193.6,193.6,188.0,189.9,556,1.05,14,504.0,90.65,2026-09-04
ABREL,EQ,04-Sep-2026,1376.9,1376.9,1400.9,1362.5,1373.6,68679,947.08,9841,24660.0,35.91,2026-09-04
ABSL10BANK,EQ,04-Sep-2026,168.15,168.16,170.5,165.14,168.65,156,0.26,21,51.0,32.69,2026-09-04
ABSLAMC,EQ,04-Sep-2026,1045.2,1047.7,1065.0,1036.1,1062.3,127937,1347.26,11137,65493.0,51.19,2026-09-04
ABSLBANETF,EQ,04-Sep-2026,59.05,59.05,59.26,58.85,59.06,61627,36.38,306,50628.0,82.15,2026-09-04
ABSLLIQUID,EQ,04-Sep-2026,999.99,1000.0,1000.01,999.99,1000.0,1302,13.02,18,1048.0,80.49,2026-09-04
ABSLMSCIN,EQ,04-Sep-2026,29.5,29.79,29.85,29.31,29.44,1070,0.32,28,797.0,74.49,2026-09-04
ABSLNN50ET,EQ,04-Sep-2026,77.01,77.99,77.99,76.9,77.08,6022,4.65,182,3774.0,62.67,2026-09-04
ABSLPSE,EQ,04-Sep-2026,10.11,10.17,10.2,10.11,10.18,110576,11.24,342,98011.0,88.64,2026-09-04
ABSMARINE,SM,04-Sep-2026,307.15,314.8,344.0,312.0,337.9,343500,1144.35,558,235000.0,68.41,2026-09-04
ACC,EQ,04-Sep-2026,1272.0,1277.0,1289.3,1272.0,1283.8,101446,1299.78,6445,50737.0,50.01,2026-09-04
ACCELYA,EQ,04-Sep-2026,1129.6,1130.7,1139.2,1125.7,1131.0,2359,26.68,358,1637.0,69.39,2026-09-04
ACCENTMIC,SM,04-Sep-2026,607.4,612.0,619.0,608.7,617.8,56500,347.71,97,26000.0,46.02,2026-09-04
ACCORD,ST,04-Sep-2026,198.35,188.45,188.45,188.45,188.45,2000,3.77,1,2000.0,100.0,2026-09-04
ACCPL,ST,04-Sep-2026,202.0,202.0,202.0,200.0,200.0,13200,26.6,9,13200.0,100.0,2026-09-04
ACCURACY,BE,04-Sep-2026,4.22,4.27,4.34,4.27,4.31,25313,1.09,142,,,2026-09-04
ACE,EQ,04-Sep-2026,1145.5,1148.4,1189.0,1117.1,1125.4,557111,6452.86,33114,205879.0,36.95,2026-09-04
ACEINTEG,EQ,04-Sep-2026,17.02,17.4,18.7,17.29,17.83,17975,3.25,166,10948.0,60.91,2026-09-04
ACETEC,SM,04-Sep-2026,139.0,139.0,139.0,139.0,139.0,1200,1.67,1,1200.0,100.0,2026-09-04
ACGL,EQ,04-Sep-2026,1790.9,1799.8,1842.9,1761.8,1797.6,616,11.05,105,394.0,63.96,2026-09-04
ACI,EQ,04-Sep-2026,495.2,501.0,512.7,495.0,504.2,640010,3225.53,31200,273447.0,42.73,2026-09-04
ACL,EQ,04-Sep-2026,43.58,43.58,43.59,43.0,43.36,18265,7.9,274,13792.0,75.51,2026-09-04
ACMESOLAR,EQ,04-Sep-2026,401.9,402.9,430.5,399.55,418.0,6203953,25898.85,110173,2000296.0,32.24,2026-09-04
ACSTECH,BE,04-Sep-2026,50.69,51.9,52.0,51.0,51.83,124987,64.27,235,,,2026-09-04
ACUTAAS,EQ,04-Sep-2026,3201.0,3211.1,3228.8,3156.3,3168.5,149850,4768.5,21292,90069.0,60.11,2026-09-04
ADANIENSOL,EQ,04-Sep-2026,1385.7,1385.6,1412.7,1376.7,1409.6,1386991,19460.73,34134,620353.0,44.73,2026-09-04
ADANIENT,EQ,04-Sep-2026,2901.0,2900.0,2965.0,2882.8,2938.0,1060844,31130.53,45143,346901.0,32.7,2026-09-04
ADANIGREEN,EQ,04-Sep-2026,1283.4,1288.0,1304.5,1278.2,1301.3,768437,9961.45,25762,277347.0,36.09,2026-09-04
ADANIPORTS,EQ,04-Sep-2026,1706.5,1699.9,1716.9,1692.4,1707.3,1281968,21889.11,43769,753346.0,58.76,2026-09-04
ADANIPOWER,EQ,04-Sep-2026,208.29,208.29,208.99,206.75,207.2,9328145,19364.33,49319,3318652.0,35.58,2026-09-04
ADDICTIVE,SM,04-Sep-2026,43.0,43.0,44.75,43.0,43.3,8500,3.7,13,8500.0,100.0,2026-09-04
ADDIND,EQ,04-Sep-2026,76.69,81.55,83.68,79.0,79.34,486,0.39,34,319.0,65.64,2026-09-04
ADFFOODS,EQ,04-Sep-2026,267.5,267.5,269.15,262.4,264.8,78833,209.05,2557,38525.0,48.87,2026-09-04
ADISOFT,SM,04-Sep-2026,200.0,199.0,208.0,199.0,206.25,49600,101.37,60,43200.0,87.1,2026-09-04
ADL,EQ,04-Sep-2026,72.79,75.0,75.0,71.0,72.0,757,0.55,24,520.0,68.69,2026-09-04
ADOR,EQ,04-Sep-2026,1714.6,1720.0,1731.0,1662.2,1674.4,26990,454.1,3997,14544.0,53.89,2026-09-04
ADROITINFO,EQ,04-Sep-2026,10.31,10.2,10.6,10.2,10.31,10874,1.13,82,8809.0,81.01,2026-09-04
ADSL,EQ,04-Sep-2026,104.85,105.24,105.72,103.5,104.13,63640,66.46,1471,31961.0,50.22,2026-09-04
ADVAIT,EQ,04-Sep-2026,2210.9,2230.0,2244.9,2136.0,2151.3,66736,1456.6,8813,33378.0,50.01,2026-09-04
ADVANCE,EQ,04-Sep-2026,118.53,119.75,119.76,116.86,117.43,118344,139.67,1046,80075.0,67.66,2026-09-04
ADVANIHOTR,EQ,04-Sep-2026,49.18,49.25,49.99,49.0,49.45,22126,10.92,327,16474.0,74.46,2026-09-04
ADVENTHTL,EQ,04-Sep-2026,134.98,135.25,135.7,132.81,134.57,78410,105.17,1234,49285.0,62.86,2026-09-04
ADVENZYMES,EQ,04-Sep-2026,296.0,297.1,300.8,292.1,293.2,257142,762.01,3866,151360.0,58.86,2026-09-04
ADVIKCA,EQ,04-Sep-2026,1.13,1.15,1.16,1.11,1.12,329513,3.73,336,230445.0,69.94,2026-09-04
AEGISLOG,EQ,04-Sep-2026,1287.2,1288.1,1327.3,1265.0,1270.2,665965,8611.15,35153,255280.0,38.33,2026-09-04
AEGISVOPAK,EQ,04-Sep-2026,286.85,286.5,294.1,283.1,284.5,788218,2268.86,17726,330990.0,41.99,2026-09-04
AEPL,EQ,04-Sep-2026,17.09,16.81,18.2,16.0,17.5,170886,29.89,888,86698.0,50.73,2026-09-04
AEQUS,EQ,04-Sep-2026,247.23,247.9,249.0,241.0,242.18,1802739,4390.27,29668,964333.0,53.49,2026-09-04
AEROENTER,EQ,04-Sep-2026,142.86,143.88,145.19,140.2,141.81,477542,679.97,4185,240198.0,50.3,2026-09-04
AEROFLEX,EQ,04-Sep-2026,542.15,544.0,552.95,527.1,537.45,1026759,5544.43,25542,335625.0,32.69,2026-09-04
AERON,SM,04-Sep-2026,78.8,78.8,83.0,78.8,83.0,25000,20.39,23,23000.0,92.0,2026-09-04
AERONEU,EQ,04-Sep-2026,78.99,78.25,87.7,77.71,80.57,80348,65.49,1953,11703.0,14.57,2026-09-04
AEROPLANE,EQ,04-Sep-2026,188.07,188.0,197.0,187.15,194.29,724408,1398.71,9550,386737.0,53.39,2026-09-04
AESTHETIK,SM,04-Sep-2026,70.0,69.0,69.9,68.7,69.8,6000,4.16,6,3000.0,50.0,2026-09-04
AETHER,EQ,04-Sep-2026,1654.7,1660.1,1666.3,1614.3,1625.6,205632,3361.02,21619,107979.0,52.51,2026-09-04
AFCONS,EQ,04-Sep-2026,294.7,295.05,297.4,291.35,292.8,400459,1176.72,15773,210521.0,52.57,2026-09-04
AFFLE,EQ,04-Sep-2026,1519.2,1529.0,1645.0,1521.0,1616.5,3213241,51605.47,162220,585581.0,18.22,2026-09-04
AFFORDABLE,EQ,04-Sep-2026,159.68,164.93,164.93,155.15,157.47,21622,34.43,547,15416.0,71.3,2026-09-04
AFIL,EQ,04-Sep-2026,9.31,9.5,9.54,9.19,9.22,579665,53.89,493,463317.0,79.93,2026-09-04
AFSL,EQ,04-Sep-2026,208.77,211.8,211.8,201.3,202.07,9724,19.82,258,8155.0,83.86,2026-09-04
AGARIND,EQ,04-Sep-2026,440.5,441.45,455.0,440.0,450.8,56050,249.99,2486,30978.0,55.27,2026-09-04
AGARWALEYE,EQ,04-Sep-2026,511.45,511.6,515.95,507.8,514.1,81568,417.8,5450,41799.0,51.24,2026-09-04
AGARWALTUF,SM,04-Sep-2026,136.3,138.45,140.9,137.75,140.6,48000,66.39,33,38400.0,80.0,2026-09-04
AGI,EQ,04-Sep-2026,742.2,746.5,753.9,731.25,735.25,98049,725.91,4203,52188.0,53.23,2026-09-04
AGIIL,EQ,04-Sep-2026,278.3,279.0,284.9,277.75,283.7,261176,734.62,2813,121779.0,46.63,2026-09-04
AGL,EQ,04-Sep-2026,13.66,13.61,13.97,13.61,13.65,978529,134.76,2387,548261.0,56.03,2026-09-04
AGRITECH,EQ,04-Sep-2026,101.1,101.1,103.8,99.85,101.21,3474,3.49,94,2959.0,85.18,2026-09-04
AGROPHOS,EQ,04-Sep-2026,26.19,26.19,26.89,25.5,25.77,12923,3.35,175,10375.0,80.28,2026-09-04
AGSTRA,BZ,04-Sep-2026,1.98,2.0,2.02,1.91,1.99,146893,2.89,249,,,2026-09-04
AHCL,EQ,04-Sep-2026,15.6,15.68,15.89,15.54,15.68,2049674,321.81,2391,962104.0,46.94,2026-09-04
AHIMSA,ST,04-Sep-2026,25.8,25.75,25.75,25.75,25.75,231000,59.48,2,231000.0,100.0,2026-09-04
AHLADA,EQ,04-Sep-2026,37.51,36.51,38.5,35.51,37.29,11371,4.2,178,8186.0,71.99,2026-09-04
AHLEAST,EQ,04-Sep-2026,135.86,135.05,139.0,135.0,136.51,987,1.35,46,182.0,18.44,2026-09-04
AHLUCONT,EQ,04-Sep-2026,595.45,599.9,611.9,592.6,599.05,225666,1353.19,9251,148758.0,65.92,2026-09-04
AHLWEST,BE,04-Sep-2026,512.05,511.25,530.9,487.0,530.85,442,2.31,21,,,2026-09-04
AIAENG,EQ,04-Sep-2026,4272.4,4250.0,4272.4,4206.0,4231.2,117943,5013.25,5899,107862.0,91.45,2026-09-04
AIIL,EQ,04-Sep-2026,519.05,521.9,528.0,518.0,519.9,145614,760.64,9105,71404.0,49.04,2026-09-04
AILIMITED,SM,04-Sep-2026,21.25,22.25,22.25,22.25,22.25,9000,2.0,3,9000.0,100.0,2026-09-04
AIMTRON,SM,04-Sep-2026,1620.35,1631.9,1631.9,1579.0,1582.6,18600,297.2,86,15200.0,81.72,2026-09-04
AIRAN,EQ,04-Sep-2026,14.8,15.13,15.55,14.9,15.44,208770,32.13,843,159101.0,76.21,2026-09-04
AIROLAM,EQ,04-Sep-2026,86.34,88.0,88.0,86.21,86.46,797,0.69,28,625.0,78.42,2026-09-04
AISL,SM,04-Sep-2026,57.1,59.95,59.95,55.9,59.95,45000,26.9,44,42000.0,93.33,2026-09-04
AJANTPHARM,EQ,04-Sep-2026,3521.1,3503.5,3521.1,3455.3,3464.8,65346,2272.42,10255,41013.0,62.76,2026-09-04
AJAXENGG,EQ,04-Sep-2026,579.75,577.0,588.0,571.0,582.45,74192,430.93,9241,35477.0,47.82,2026-09-04
AJMERA,EQ,04-Sep-2026,115.45,116.0,121.0,116.0,117.76,443302,525.57,6461,219201.0,49.45,2026-09-04
AJOONI,EQ,04-Sep-2026,3.71,3.73,3.76,3.68,3.71,147021,5.46,290,99004.0,67.34,2026-09-04
AKANKSHA,SM,04-Sep-2026,130.2,130.25,136.7,127.25,136.7,55000,73.86,41,46000.0,83.64,2026-09-04
AKASH,EQ,04-Sep-2026,24.92,25.1,25.97,24.67,25.6,5520,1.4,46,3830.0,69.38,2026-09-04
AKCAPIT,EQ,04-Sep-2026,1697.4,1698.9,1740.0,1684.2,1736.9,674,11.63,128,569.0,84.42,2026-09-04
AKG,EQ,04-Sep-2026,9.34,9.4,9.79,9.2,9.59,37356,3.5,149,28005.0,74.97,2026-09-04
AKI,EQ,04-Sep-2026,6.57,7.22,7.22,7.22,7.22,258805,18.69,113,258795.0,100.0,2026-09-04
AKIKO,SM,04-Sep-2026,404.0,398.05,419.0,398.05,416.15,27200,111.53,26,24000.0,88.24,2026-09-04
AKSHAR,EQ,04-Sep-2026,0.42,0.42,0.44,0.42,0.42,1110421,4.74,300,673032.0,60.61,2026-09-04
AKSHARCHEM,BE,04-Sep-2026,424.0,445.2,445.2,402.8,444.85,70539,301.66,959,,,2026-09-04
AKSHOPTFBR,BE,04-Sep-2026,7.08,6.99,7.43,6.99,7.43,227194,16.61,287,,,2026-09-04
AKUMS,EQ,04-Sep-2026,780.55,784.4,785.0,748.35,765.75,338753,2579.09,21239,174108.0,51.4,2026-09-04
ALANKIT,EQ,04-Sep-2026,8.02,8.05,8.19,7.95,8.14,76587,6.2,507,62157.0,81.16,2026-09-04
ALBERTDAVD,EQ,04-Sep-2026,870.15,876.9,878.0,851.6,860.25,3339,28.77,357,2621.0,78.5,2026-09-04
ALCODIS,SM,04-Sep-2026,71.85,65.05,70.75,65.05,68.4,4375,2.95,6,1875.0,42.86,2026-09-04
ALEMBICLTD,EQ,04-Sep-2026,109.51,111.6,114.8,109.81,111.41,5309246,5975.81,39669,1212344.0,22.83,2026-09-04
ALFREDHE,EQ,04-Sep-2026,2898.3,2898.0,2900.0,2810.0,2898.9,23,0.65,9,21.0,91.3,2026-09-04
ALGOQUANT,EQ,04-Sep-2026,64.27,64.27,64.89,64.03,64.5,1132524,729.08,2150,325408.0,28.73,2026-09-04
ALICON,EQ,04-Sep-2026,684.55,685.25,691.0,667.55,684.2,12867,87.46,969,6375.0,49.55,2026-09-04
ALIVUS,EQ,04-Sep-2026,1418.8,1418.9,1446.9,1356.4,1366.3,169642,2350.34,15579,82218.0,48.47,2026-09-04
ALKALI,BE,04-Sep-2026,66.52,66.5,68.85,65.25,65.55,5638,3.8,57,,,2026-09-04
ALKEM,EQ,04-Sep-2026,5193.0,5190.0,5210.5,5130.0,5190.0,63261,3274.24,10154,34555.0,54.62,2026-09-04
ALKYLAMINE,EQ,04-Sep-2026,2003.2,1999.0,2068.1,1999.0,2020.9,97864,1989.99,14308,27276.0,27.87,2026-09-04
ALLCARGO,EQ,04-Sep-2026,12.51,12.77,12.77,12.22,12.44,12711642,1583.48,12649,3213553.0,25.28,2026-09-04
ALLDIGI,EQ,04-Sep-2026,801.65,805.6,810.0,797.0,805.85,2586,20.81,302,1508.0,58.31,2026-09-04
ALLETEC,SM,04-Sep-2026,133.25,135.9,137.65,135.9,137.25,22400,30.68,43,21600.0,96.43,2026-09-04
ALLTIME,EQ,04-Sep-2026,199.78,201.97,210.0,200.5,206.08,171524,353.56,4261,89913.0,52.42,2026-09-04
ALMONDZ,EQ,04-Sep-2026,17.66,17.8,18.09,17.52,17.89,302678,53.97,613,194833.0,64.37,2026-09-04
ALOKINDS,EQ,04-Sep-2026,7.53,7.56,8.28,7.54,7.83,65791332,5247.05,32342,23508679.0,35.73,2026-09-04
ALPA,EQ,04-Sep-2026,63.3,64.0,64.0,61.5,62.71,9194,5.78,161,5974.0,64.98,2026-09-04
ALPEXSOLAR,SM,04-Sep-2026,877.75,877.65,905.0,864.95,889.3,101900,904.75,617,74600.0,73.21,2026-09-04
ALPHA,EQ,04-Sep-2026,54.27,54.35,54.41,54.01,54.16,667379,361.87,2029,530893.0,79.55,2026-09-04
ALPHAETF,EQ,04-Sep-2026,26.52,26.5,26.71,26.49,26.58,481962,128.27,696,322763.0,66.97,2026-09-04
ALPHAGEO,BE,04-Sep-2026,315.0,321.7,329.8,317.1,323.85,15099,48.8,388,,,2026-09-04
ALPINETEX,EQ,04-Sep-2026,57.17,57.6,58.95,55.6,57.76,337604,192.6,3446,141040.0,41.78,2026-09-04
ALPL30IETF,EQ,04-Sep-2026,27.76,27.85,27.85,27.5,27.59,473904,130.88,1194,331228.0,69.89,2026-09-04
ALUFLUOR,EQ,04-Sep-2026,502.15,505.0,505.0,496.05,499.05,4229,21.16,162,3668.0,86.73,2026-09-04
ALUWIND,SM,04-Sep-2026,48.5,48.5,49.4,47.55,49.2,9000,4.38,6,7500.0,83.33,2026-09-04
AMAGI,EQ,04-Sep-2026,562.35,566.85,570.0,555.3,563.3,183462,1032.17,6580,77004.0,41.97,2026-09-04
AMAL,EQ,04-Sep-2026,749.8,748.0,756.7,735.0,743.2,4940,36.73,369,3843.0,77.79,2026-09-04
AMANTA,BE,04-Sep-2026,190.23,194.03,194.03,194.03,194.03,11335,21.99,28,,,2026-09-04
AMARJOTHI,EQ,04-Sep-2026,158.81,159.0,164.68,158.0,160.94,9739,15.71,85,4886.0,50.17,2026-09-04
AMBAAUTO,SM,04-Sep-2026,109.55,113.9,113.9,109.55,110.5,126000,140.17,15,114000.0,90.48,2026-09-04
AMBALALSA,BE,04-Sep-2026,43.67,43.67,45.6,42.8,43.73,39962,17.6,185,,,2026-09-04
AMBER,EQ,04-Sep-2026,7410.0,7428.0,7524.0,7380.0,7474.0,128335,9587.74,19991,54205.0,42.24,2026-09-04
AMBICAAGAR,EQ,04-Sep-2026,26.33,27.69,28.35,25.54,27.21,520846,142.47,1482,173682.0,33.35,2026-09-04
AMBIKCO,EQ,04-Sep-2026,1634.7,1649.9,1650.0,1624.3,1639.1,5906,96.79,825,3127.0,52.95,2026-09-04
AMBUJACEM,EQ,04-Sep-2026,405.0,404.95,408.2,404.25,405.0,807422,3277.43,13152,327098.0,40.51,2026-09-04
AMCL,SM,04-Sep-2026,363.5,357.0,370.0,357.0,370.0,1600,5.84,4,1600.0,100.0,2026-09-04
AMDIND,EQ,04-Sep-2026,58.51,58.0,61.75,58.0,60.32,73559,44.71,950,44813.0,60.92,2026-09-04
AMEYA,SM,04-Sep-2026,107.15,107.15,107.15,107.15,107.15,2000,2.14,1,2000.0,100.0,2026-09-04
AMJLAND,EQ,04-Sep-2026,39.6,39.79,39.92,38.63,39.47,3541,1.39,119,3059.0,86.39,2026-09-04
AMNPLST,EQ,04-Sep-2026,176.07,179.95,179.95,172.8,172.89,5639,9.84,291,4372.0,77.53,2026-09-04
AMRUTANJAN,EQ,04-Sep-2026,507.35,509.0,516.0,500.1,505.45,41069,207.42,1038,19454.0,47.37,2026-09-04
ANANDRATHI,EQ,04-Sep-2026,2205.3,2213.0,2224.0,2201.0,2215.9,119776,2651.97,13636,71259.0,59.49,2026-09-04
ANANTAM,IV,04-Sep-2026,106.0,106.0,106.39,105.66,106.0,13503,14.31,87,13004.0,96.3,2026-09-04
ANANTRAJ,EQ,04-Sep-2026,628.3,633.0,646.4,622.1,625.45,4215356,26730.86,66431,907304.0,21.52,2026-09-04
ANAWIL,SM,04-Sep-2026,382.5,379.8,393.9,369.0,382.4,308800,1174.14,655,164000.0,53.11,2026-09-04
ANDHRAPAP,EQ,04-Sep-2026,63.29,63.8,64.98,62.22,64.45,342517,218.83,2631,171571.0,50.09,2026-09-04
ANDHRSUGAR,EQ,04-Sep-2026,101.29,102.19,102.71,98.75,99.51,477164,478.24,5143,241148.0,50.54,2026-09-04
ANDREWYU,EQ,04-Sep-2026,27.98,28.0,28.5,27.79,27.93,42562,11.98,286,31163.0,73.22,2026-09-04
ANGELONE,EQ,04-Sep-2026,286.0,295.1,308.35,294.75,299.8,29274355,88250.66,175151,5953130.0,20.34,2026-09-04
ANIKINDS,EQ,04-Sep-2026,44.99,45.2,46.95,45.0,45.0,2038,0.93,35,1329.0,65.21,2026-09-04
ANKITMETAL,BZ,04-Sep-2026,1.69,1.69,1.7,1.66,1.7,6585,0.11,27,,,2026-09-04
ANLON,SM,04-Sep-2026,658.0,658.0,673.95,658.0,670.0,6800,45.43,16,6000.0,88.24,2026-09-04
ANMOL,EQ,04-Sep-2026,10.04,10.0,10.2,9.7,10.08,48326,4.85,241,36174.0,74.85,2026-09-04
ANNAPURNA,EQ,04-Sep-2026,147.78,151.45,151.45,139.0,140.2,96996,137.74,1165,65040.0,67.05,2026-09-04
ANNU,BE,04-Sep-2026,71.82,68.23,69.0,68.23,68.23,412335,281.47,3486,,,2026-09-04
ANONDITA,SM,04-Sep-2026,1099.9,1105.0,1144.8,1105.0,1109.55,71200,796.69,200,59000.0,82.87,2026-09-04
ANSALAPI,BZ,04-Sep-2026,3.31,3.31,3.32,3.26,3.31,8384,0.28,13,,,2026-09-04
ANSALBU,EQ,04-Sep-2026,76.35,75.0,83.0,75.0,80.68,905,0.72,13,888.0,98.12,2026-09-04
ANTELOPUS,EQ,04-Sep-2026,1013.3,1001.0,1028.8,925.2,957.15,4816181,48051.65,130208,484474.0,10.06,2026-09-04
ANTGRAPHIC,EQ,04-Sep-2026,0.75,0.75,0.76,0.73,0.73,202908,1.5,173,191262.0,94.26,2026-09-04
ANTHEM,EQ,04-Sep-2026,950.7,970.0,973.5,926.8,934.05,872940,8211.02,49939,440711.0,50.49,2026-09-04
ANUHPHR,EQ,04-Sep-2026,79.68,80.75,82.35,79.7,81.1,80373,65.39,1399,51475.0,64.05,2026-09-04
ANUP,EQ,04-Sep-2026,1808.0,1820.0,1820.0,1781.0,1785.8,10691,191.48,1718,5657.0,52.91,2026-09-04
ANURAS,EQ,04-Sep-2026,1240.2,1240.0,1246.1,1234.0,1238.7,82271,1018.14,3801,52276.0,63.54,2026-09-04
ANYA,SM,04-Sep-2026,15.05,15.3,15.3,15.3,15.3,5000,0.77,1,5000.0,100.0,2026-09-04
ANZEN,IV,04-Sep-2026,130.0,129.0,129.0,129.0,129.0,25000,32.25,1,25000.0,100.0,2026-09-04
AONEGOLD,EQ,04-Sep-2026,14.28,14.29,14.48,14.29,14.37,470758,67.65,1226,259897.0,55.21,2026-09-04
AONELIQUID,EQ,04-Sep-2026,1075.29,1075.71,1075.71,1075.66,1075.67,18446,198.42,138,11535.0,62.53,2026-09-04
AONENIFTY,EQ,04-Sep-2026,9.89,10.13,10.13,9.86,9.89,88348,8.75,1178,70929.0,80.28,2026-09-04
AONESILVER,EQ,04-Sep-2026,8.79,8.77,8.92,8.77,8.89,264493,23.49,958,179852.0,68.0,2026-09-04
AONETMMQ50,EQ,04-Sep-2026,10.28,10.33,10.49,10.24,10.3,32103,3.31,250,21498.0,66.97,2026-09-04
AONETOTAL,EQ,04-Sep-2026,11.85,11.9,12.0,11.87,11.93,188125,22.42,1193,150305.0,79.9,2026-09-04
APARINDS,EQ,04-Sep-2026,17704.0,17689.0,17895.0,17365.0,17421.0,93101,16405.79,27628,32631.0,35.05,2026-09-04
APCL,EQ,04-Sep-2026,100.1,102.5,102.5,100.11,101.42,4976,5.05,106,3501.0,70.36,2026-09-04
APCOTEXIND,EQ,04-Sep-2026,650.4,658.0,665.0,632.7,635.5,172649,1113.77,8268,84937.0,49.2,2026-09-04
APEX,EQ,04-Sep-2026,376.75,378.0,383.6,373.2,375.15,99807,376.65,3751,43187.0,43.27,2026-09-04
APEXECO,ST,04-Sep-2026,265.0,251.9,278.2,251.9,278.2,10400,27.87,13,9600.0,92.31,2026-09-04
APLAPOLLO,EQ,04-Sep-2026,2159.4,2154.6,2281.0,2150.4,2250.0,955928,21237.08,31541,478164.0,50.02,2026-09-04
APLLTD,EQ,04-Sep-2026,803.65,805.0,811.75,792.6,808.2,174296,1398.67,13154,81383.0,46.69,2026-09-04
APOLLO,EQ,04-Sep-2026,383.25,383.5,392.95,383.5,388.9,4500219,17474.37,33823,1541462.0,34.25,2026-09-04
APOLLOHOSP,EQ,04-Sep-2026,8692.0,8702.5,8740.0,8641.0,8650.0,288351,25011.75,30333,219653.0,76.18,2026-09-04
APOLLOPIPE,EQ,04-Sep-2026,614.55,617.0,617.0,600.55,605.1,76562,463.78,2742,34920.0,45.61,2026-09-04
APOLLOTYRE,EQ,04-Sep-2026,433.85,433.85,435.15,428.25,429.55,407526,1754.37,15940,224280.0,55.03,2026-09-04
APOLSINHOT,EQ,04-Sep-2026,1233.1,1233.1,1248.0,1212.0,1218.1,625,7.65,57,487.0,77.92,2026-09-04
APRAMEYA,SM,04-Sep-2026,120.3,120.0,120.5,115.0,116.5,21000,24.83,33,19000.0,90.48,2026-09-04
APS,SM,04-Sep-2026,245.0,245.0,248.65,241.0,244.75,12000,29.41,40,8250.0,68.75,2026-09-04
APSISAERO,ST,04-Sep-2026,599.35,611.3,611.3,611.3,611.3,2400,14.67,2,2400.0,100.0,2026-09-04
APTECHT,BE,04-Sep-2026,90.97,91.0,91.99,88.25,89.13,128869,115.51,903,,,2026-09-04
APTUS,EQ,04-Sep-2026,257.31,257.31,261.96,256.2,258.85,1203338,3111.97,33845,742764.0,61.73,2026-09-04
AQYLON,EQ,04-Sep-2026,21.59,22.18,22.66,21.76,22.46,555317,123.77,1622,380872.0,68.59,2026-09-04
ARCHIDPLY,EQ,04-Sep-2026,105.99,107.99,107.99,103.65,104.89,17295,18.33,307,6819.0,39.43,2026-09-04
ARCHIES,EQ,04-Sep-2026,12.91,13.0,13.2,12.8,12.9,10318,1.34,98,7472.0,72.42,2026-09-04
ARCIIL,SM,04-Sep-2026,37.9,37.2,37.2,36.0,36.95,4000,1.47,4,3000.0,75.0,2026-09-04
ARCL,EQ,04-Sep-2026,228.3,238.25,238.25,216.89,225.0,998,2.21,54,827.0,82.87,2026-09-04
ARDEE,EQ,04-Sep-2026,54.84,55.97,56.14,55.2,55.66,2239330,1246.32,12131,799363.0,35.7,2026-09-04
ARE&M,EQ,04-Sep-2026,860.4,861.3,868.95,855.05,864.2,363791,3141.49,21774,179104.0,49.23,2026-09-04
ARENTERP,EQ,04-Sep-2026,35.06,36.0,36.0,34.6,34.65,597,0.21,22,546.0,91.46,2026-09-04
ARFIN,EQ,04-Sep-2026,89.09,89.02,89.02,85.89,87.24,1136109,991.88,4595,131672.0,11.59,2026-09-04
ARHAM,SM,04-Sep-2026,214.45,215.0,215.0,208.0,213.95,81000,172.31,59,35000.0,43.21,2026-09-04
ARIES,EQ,04-Sep-2026,496.6,496.55,506.95,486.3,500.1,59836,297.15,2666,27008.0,45.14,2026-09-04
ARIHANT,EQ,04-Sep-2026,920.65,959.0,994.8,920.5,953.15,1172,11.13,176,604.0,51.54,2026-09-04
ARIHANTACA,SM,04-Sep-2026,496.0,495.0,500.0,495.0,498.25,3600,17.94,9,3200.0,88.89,2026-09-04
ARIHANTCAP,EQ,04-Sep-2026,78.52,78.88,80.4,78.35,79.69,235293,187.33,1413,112878.0,47.97,2026-09-04
ARIHANTSUP,EQ,04-Sep-2026,236.15,239.0,239.0,228.0,229.5,37696,89.17,412,32889.0,87.25,2026-09-04
ARIS,EQ,04-Sep-2026,129.43,130.0,132.89,127.1,128.56,1642011,2133.12,8777,665530.0,40.53,2026-09-04
ARKADE,EQ,04-Sep-2026,124.17,125.4,126.45,121.78,125.22,285467,353.26,3435,89664.0,31.41,2026-09-04
ARMANFIN,EQ,04-Sep-2026,1991.9,1987.2,2083.0,1987.2,2069.3,42583,876.31,4530,26529.0,62.3,2026-09-04
ARMOUR,ST,04-Sep-2026,18.0,18.0,18.0,18.0,18.0,2000,0.36,1,2000.0,100.0,2026-09-04
AROGRANITE,EQ,04-Sep-2026,24.97,25.05,25.05,24.4,24.55,5191,1.27,39,5173.0,99.65,2026-09-04
ARROWGREEN,BE,04-Sep-2026,777.4,777.4,816.0,775.85,814.1,41808,335.9,1054,,,2026-09-04
ARSHIYA,BZ,04-Sep-2026,0.73,0.75,0.76,0.7,0.73,349656,2.49,200,,,2026-09-04
ARSSBL,EQ,04-Sep-2026,514.95,520.65,529.4,513.35,515.05,153131,797.68,4296,58516.0,38.21,2026-09-04
ARTEMISMED,EQ,04-Sep-2026,319.85,321.0,339.3,318.3,332.8,885338,2958.86,23561,354164.0,40.0,2026-09-04
ARTNIRMAN,EQ,04-Sep-2026,40.43,40.8,40.99,40.63,40.63,172,0.07,4,172.0,100.0,2026-09-04
ARUNAYA,SM,04-Sep-2026,14.6,14.3,14.5,14.3,14.45,12000,1.72,6,8000.0,66.67,2026-09-04
ARVEE,EQ,04-Sep-2026,165.0,165.61,171.9,163.0,165.1,790,1.31,41,392.0,49.62,2026-09-04
ARVIND,EQ,04-Sep-2026,567.0,563.1,566.0,550.0,552.95,308497,1717.96,15618,121476.0,39.38,2026-09-04
ARVINDFASN,EQ,04-Sep-2026,454.3,456.6,458.05,445.0,446.5,75363,340.26,5220,40389.0,53.59,2026-09-04
ARVINDPORT,SM,04-Sep-2026,32.0,32.0,32.0,32.0,32.0,9000,2.88,1,9000.0,100.0,2026-09-04
ARVSMART,EQ,04-Sep-2026,639.0,645.6,653.8,640.05,642.5,28414,183.79,1595,15622.0,54.98,2026-09-04
ARYAMAN,EQ,04-Sep-2026,626.5,615.0,626.35,615.0,620.2,129,0.8,10,87.0,67.44,2026-09-04
ASAHIINDIA,EQ,04-Sep-2026,962.25,962.95,969.8,952.95,955.9,256318,2460.7,15061,131092.0,51.14,2026-09-04
ASAHISONG,BE,04-Sep-2026,368.8,372.0,377.0,367.1,372.65,18001,67.22,194,,,2026-09-04
ASAL,EQ,04-Sep-2026,486.3,486.5,486.5,466.05,473.75,23916,113.21,1757,14403.0,60.22,2026-09-04
ASALCBR,EQ,04-Sep-2026,696.05,696.05,710.0,696.05,706.35,14302,100.46,1497,8543.0,59.73,2026-09-04
ASHALOG,SM,04-Sep-2026,63.25,62.5,62.5,62.5,62.5,1000,0.63,1,1000.0,100.0,2026-09-04
ASHAPURMIN,EQ,04-Sep-2026,547.95,549.85,559.95,546.0,551.0,275733,1521.83,13177,125476.0,45.51,2026-09-04
ASHIANA,EQ,04-Sep-2026,366.55,366.2,370.4,358.2,359.55,40739,148.27,991,29845.0,73.26,2026-09-04
ASHIKAG,BE,04-Sep-2026,429.25,443.85,443.85,421.0,426.85,82968,352.84,168,,,2026-09-04
ASHIMASYN,EQ,04-Sep-2026,17.88,17.6,18.34,17.5,17.89,207276,36.75,330,165688.0,79.94,2026-09-04
ASHOKA,EQ,04-Sep-2026,117.32,117.25,118.18,115.0,115.55,998292,1157.67,9403,466859.0,46.77,2026-09-04
ASHOKAMET,EQ,04-Sep-2026,13.47,13.95,13.99,13.38,13.58,17200,2.37,103,14406.0,83.76,2026-09-04
ASHOKLEY,EQ,04-Sep-2026,169.35,168.98,173.29,168.18,169.0,13509881,23044.74,59938,7214313.0,53.4,2026-09-04
ASHWINI,SM,04-Sep-2026,180.0,180.0,180.0,180.0,180.0,1000,1.8,1,1000.0,100.0,2026-09-04
ASIANENE,EQ,04-Sep-2026,523.0,527.05,538.0,509.0,517.45,476280,2496.38,15683,187223.0,39.31,2026-09-04
ASIANHOTNR,EQ,04-Sep-2026,383.85,389.95,390.85,378.55,384.75,10682,41.17,448,5372.0,50.29,2026-09-04
ASIANPAINT,EQ,04-Sep-2026,2541.6,2540.0,2553.9,2519.8,2527.3,399368,10124.72,32272,240625.0,60.25,2026-09-04
ASIANTILES,EQ,04-Sep-2026,49.96,49.8,50.5,49.56,50.26,2049363,1026.52,5169,760256.0,37.1,2026-09-04
ASIANTNE,EQ,04-Sep-2026,9.76,9.5,9.76,9.34,9.74,16866,1.61,64,16169.0,95.87,2026-09-04
ASKAUTOLTD,EQ,04-Sep-2026,632.2,639.0,639.0,615.15,618.85,164992,1028.55,7129,93953.0,56.94,2026-09-04
ASMS,BE,04-Sep-2026,7.11,7.11,7.23,7.01,7.07,65281,4.62,228,,,2026-09-04
ASPINWALL,EQ,04-Sep-2026,257.55,257.65,265.0,257.55,259.25,2331,6.13,67,2155.0,92.45,2026-09-04
ASPIRE,SM,04-Sep-2026,13.05,12.5,13.25,12.5,13.25,4000,0.52,2,2000.0,50.0,2026-09-04
ASSAMENT,EQ,04-Sep-2026,831.0,826.85,830.0,826.85,830.0,16,0.13,2,16.0,100.0,2026-09-04
ASTAR,EQ,04-Sep-2026,578.5,590.0,597.9,585.0,585.0,9,0.05,4,8.0,88.89,2026-09-04
ASTEC,EQ,04-Sep-2026,573.25,581.8,581.8,552.1,554.45,43913,247.05,2181,28777.0,65.53,2026-09-04
ASTERDM,EQ,04-Sep-2026,787.0,790.85,792.05,780.35,785.75,1157850,9116.15,41732,657724.0,56.81,2026-09-04
ASTRAL,EQ,04-Sep-2026,1495.2,1489.8,1509.9,1484.0,1492.9,658868,9847.8,24797,416557.0,63.22,2026-09-04
ASTRAMICRO,EQ,04-Sep-2026,1665.1,1666.1,1741.0,1666.1,1729.0,502645,8631.37,26428,245488.0,48.84,2026-09-04
ASTRAZEN,EQ,04-Sep-2026,6940.5,6999.0,7062.0,6900.0,6944.0,6489,452.23,2682,3019.0,46.52,2026-09-04
ASTRON,BZ,04-Sep-2026,3.0,3.0,3.14,2.88,3.06,45331,1.36,106,,,2026-09-04
ATALREAL,EQ,04-Sep-2026,25.9,26.09,26.4,26.04,26.22,13883610,3626.21,5677,3483006.0,25.09,2026-09-04
ATAM,EQ,04-Sep-2026,54.79,55.99,58.4,50.0,52.99,42586,22.8,445,25253.0,59.3,2026-09-04
ATCENERGY,ST,04-Sep-2026,22.5,22.8,22.8,22.05,22.5,12000,2.72,7,12000.0,100.0,2026-09-04
ATGL,EQ,04-Sep-2026,614.05,614.0,619.8,610.55,612.35,445851,2742.47,15365,149865.0,33.61,2026-09-04
ATHERENERG,EQ,04-Sep-2026,1638.9,1644.0,1644.5,1560.9,1584.0,5585636,88863.02,146553,1547508.0,27.71,2026-09-04
ATL,EQ,04-Sep-2026,24.26,24.49,25.65,24.32,25.31,220494,55.19,2019,128945.0,58.48,2026-09-04
ATLANTAA,EQ,04-Sep-2026,39.86,41.28,41.28,39.0,39.15,20793,8.19,370,13847.0,66.59,2026-09-04
ATLANTAELE,EQ,04-Sep-2026,1886.4,1905.9,1920.0,1847.9,1881.7,102999,1935.12,12287,50623.0,49.15,2026-09-04
ATLASCYCLE,EQ,04-Sep-2026,95.44,96.44,96.44,93.5,96.18,3691,3.52,109,2496.0,67.62,2026-09-04
ATLPP,E1,04-Sep-2026,9.1,9.06,9.2,9.0,9.0,342,0.03,9,342.0,100.0,2026-09-04
ATMASTCO,SM,04-Sep-2026,139.75,140.0,140.75,137.6,139.5,9200,12.83,12,8800.0,95.65,2026-09-04
ATUL,EQ,04-Sep-2026,6469.0,6476.0,6515.5,6370.5,6386.0,18343,1175.58,6096,10247.0,55.86,2026-09-04
ATULAUTO,EQ,04-Sep-2026,461.3,462.0,467.2,458.35,465.15,88513,409.36,3469,38706.0,43.73,2026-09-04
AUBANK,EQ,04-Sep-2026,1072.0,1071.9,1074.1,1060.4,1065.0,602949,6442.95,31140,295430.0,49.0,2026-09-04
AUGMONT,EQ,04-Sep-2026,922.7,922.7,940.1,894.0,901.5,942895,8646.2,33716,292278.0,31.0,2026-09-04
AURIONPRO,EQ,04-Sep-2026,686.45,691.0,697.3,686.0,689.7,98258,678.51,4773,55400.0,56.38,2026-09-04
AUROIMPEX,SM,04-Sep-2026,28.65,27.55,27.55,27.25,27.5,16000,4.38,10,11200.0,70.0,2026-09-04
AUROPHARMA,EQ,04-Sep-2026,1637.3,1637.3,1661.5,1622.6,1653.1,573938,9471.92,26194,223407.0,38.93,2026-09-04
AURUM,EQ,04-Sep-2026,224.76,226.7,228.55,223.7,225.16,88743,200.76,2073,60375.0,68.03,2026-09-04
AURUS,EQ,04-Sep-2026,4.62,4.7,4.95,4.57,4.84,26293,1.27,155,23488.0,89.33,2026-09-04
AUSL,SM,04-Sep-2026,25.8,24.55,24.55,24.55,24.55,2000,0.49,1,2000.0,100.0,2026-09-04
AUSOMENT,EQ,04-Sep-2026,159.95,162.0,166.59,155.2,161.79,18928,30.64,204,11100.0,58.64,2026-09-04
AUSTENG,EQ,04-Sep-2026,124.7,124.7,124.7,121.3,124.7,951,1.18,37,794.0,83.49,2026-09-04
AUTOAXLES,EQ,04-Sep-2026,1705.4,1710.0,1717.8,1684.1,1688.7,7212,122.53,838,5180.0,71.82,2026-09-04
AUTOBEES,EQ,04-Sep-2026,288.19,289.86,289.87,286.9,287.47,194219,558.71,2819,121538.0,62.58,2026-09-04
AUTOIETF,EQ,04-Sep-2026,28.91,29.06,29.06,28.73,28.81,980798,282.6,2654,695599.0,70.92,2026-09-04
AUTOIND,EQ,04-Sep-2026,92.75,94.0,95.9,85.21,86.45,600314,534.99,6554,282717.0,47.09,2026-09-04
AVADHSUGAR,EQ,04-Sep-2026,831.1,827.0,827.0,801.0,809.5,97497,789.54,4353,42962.0,44.06,2026-09-04
AVALON,EQ,04-Sep-2026,2248.6,2320.0,2347.7,2175.0,2196.6,683759,15433.25,62829,194421.0,28.43,2026-09-04
AVANA,ST,04-Sep-2026,152.4,154.6,154.75,154.6,154.75,8000,12.37,3,8000.0,100.0,2026-09-04
AVANCE,EQ,04-Sep-2026,0.82,0.83,0.83,0.82,0.82,2992770,24.65,1245,1678248.0,56.08,2026-09-04
AVANTEL,EQ,04-Sep-2026,156.5,156.6,158.38,154.46,154.96,546755,853.59,6048,290877.0,53.2,2026-09-04
AVANTIFEED,EQ,04-Sep-2026,795.85,797.1,805.8,795.5,798.6,208229,1667.77,14589,92882.0,44.61,2026-09-04
AVG,BE,04-Sep-2026,171.3,171.3,173.0,165.05,166.04,38132,64.11,257,,,2026-09-04
AVIANSH,SM,04-Sep-2026,104.5,104.5,104.5,102.5,102.5,6000,6.19,5,4000.0,66.67,2026-09-04
AVIENCE,SM,04-Sep-2026,270.5,272.0,279.0,270.05,275.0,10200,27.99,16,9600.0,94.12,2026-09-04
AVL,EQ,04-Sep-2026,600.4,604.0,604.0,590.4,600.05,226161,1351.34,18774,162400.0,71.81,2026-09-04
AVONMORE,EQ,04-Sep-2026,13.12,13.74,13.74,12.93,13.02,310318,40.73,722,235455.0,75.88,2026-09-04
AVPINFRA,SM,04-Sep-2026,58.4,58.5,59.0,58.0,58.25,18400,10.71,17,16000.0,86.96,2026-09-04
AVROIND,EQ,04-Sep-2026,8.97,8.78,8.96,8.6,8.72,390578,34.32,1288,260269.0,66.64,2026-09-04
AVTNPL,EQ,04-Sep-2026,91.64,93.66,93.66,90.45,91.02,309025,283.18,3137,168430.0,54.5,2026-09-04
AWFIS,EQ,04-Sep-2026,256.5,258.0,262.95,256.55,260.8,118804,309.87,3931,61578.0,51.83,2026-09-04
AWHCL,EQ,04-Sep-2026,371.4,372.2,374.85,367.05,370.8,64504,239.44,3214,35361.0,54.82,2026-09-04
AWL,EQ,04-Sep-2026,190.79,191.11,191.9,186.2,187.29,2987354,5620.6,35133,1533488.0,51.33,2026-09-04
AXISBANK,EQ,04-Sep-2026,1267.0,1270.3,1280.7,1262.0,1273.0,3810611,48564.55,61874,2360804.0,61.95,2026-09-04
AXISCADES,EQ,04-Sep-2026,1730.4,1735.2,1765.0,1701.7,1711.6,168634,2923.21,14233,92020.0,54.57,2026-09-04
AXITA,EQ,04-Sep-2026,8.01,8.11,8.14,8.01,8.01,356179,28.58,600,172436.0,48.41,2026-09-04
AXTEL,EQ,04-Sep-2026,394.8,388.6,396.7,388.6,394.5,1470,5.78,43,1345.0,91.5,2026-09-04
AYE,EQ,04-Sep-2026,180.61,182.05,188.95,180.84,184.81,1223851,2277.14,20556,522623.0,42.7,2026-09-04
AYMSYNTEX,EQ,04-Sep-2026,317.25,317.25,323.45,305.1,310.7,124761,392.43,4405,56543.0,45.32,2026-09-04
AZAD,EQ,04-Sep-2026,2766.9,2770.0,2824.3,2753.4,2777.3,224210,6248.99,18137,75648.0,33.74,2026-09-04
AZADIND,EQ,04-Sep-2026,90.32,90.32,90.97,89.0,89.59,36841,33.02,402,10262.0,27.85,2026-09-04
BABAFP,SM,04-Sep-2026,25.5,24.0,24.0,23.85,23.85,6400,1.53,4,4800.0,75.0,2026-09-04
BAFNAPH,BE,04-Sep-2026,301.85,296.6,296.6,295.85,295.85,4794,14.21,74,,,2026-09-04
BAGDIGITAL,SM,04-Sep-2026,106.0,106.0,106.0,105.0,105.0,11200,11.81,5,9600.0,85.71,2026-09-04
BAGFILMS,EQ,04-Sep-2026,4.32,4.35,4.6,4.29,4.51,225253,10.11,226,150988.0,67.03,2026-09-04
BAGMANE,RR,04-Sep-2026,106.38,107.04,107.04,105.9,106.28,399564,424.67,4657,331362.0,82.93,2026-09-04
BAHETI,SM,04-Sep-2026,849.45,881.0,881.0,842.65,846.0,13875,118.29,27,7875.0,56.76,2026-09-04
BAIDFIN,EQ,04-Sep-2026,10.1,10.23,10.23,9.91,10.12,43775,4.44,165,35155.0,80.31,2026-09-04
BAJAJ-AUTO,EQ,04-Sep-2026,11920.0,12005.0,12025.0,11873.0,11919.0,154199,18411.13,19294,90859.0,58.92,2026-09-04
BAJAJCON,EQ,04-Sep-2026,508.95,512.0,519.8,507.5,517.55,1279757,6571.73,26101,554365.0,43.32,2026-09-04
BAJAJELEC,EQ,04-Sep-2026,334.2,334.0,337.15,330.0,331.15,73439,244.34,2379,37122.0,50.55,2026-09-04
BAJAJFINSV,EQ,04-Sep-2026,1992.1,1985.0,1994.2,1970.0,1970.0,437793,8663.6,31032,234585.0,53.58,2026-09-04
BAJAJHCARE,EQ,04-Sep-2026,325.2,327.8,331.9,319.85,321.45,458849,1485.91,5529,211665.0,46.13,2026-09-04
BAJAJHFL,EQ,04-Sep-2026,82.95,83.0,83.55,82.93,83.08,1824719,1517.69,19747,969433.0,53.13,2026-09-04
BAJAJHIND,EQ,04-Sep-2026,22.08,22.18,22.18,21.5,21.86,21280859,4629.69,23788,4974070.0,23.37,2026-09-04
BAJAJHLDNG,EQ,04-Sep-2026,11165.0,11102.0,11355.0,11100.0,11162.0,37106,4158.23,10973,19680.0,53.04,2026-09-04
BAJAJINDEF,EQ,04-Sep-2026,220.84,221.3,224.9,220.53,222.69,30501,67.64,435,27771.0,91.05,2026-09-04
BAJAJST,EQ,04-Sep-2026,361.5,366.7,366.85,361.7,362.95,4966,18.1,438,3229.0,65.02,2026-09-04
BAJEL,EQ,04-Sep-2026,185.69,185.69,188.12,182.53,183.82,94742,175.1,1983,50131.0,52.91,2026-09-04
BAJFINANCE,EQ,04-Sep-2026,1049.0,1050.6,1063.6,1049.7,1060.5,5952048,62856.95,104933,4387056.0,73.71,2026-09-04
BALAJEE,EQ,04-Sep-2026,26.15,26.65,26.65,26.11,26.16,17375,4.56,129,13079.0,75.27,2026-09-04
BALAJIPHOS,SM,04-Sep-2026,108.25,109.95,114.8,109.95,114.0,13000,14.59,10,12000.0,92.31,2026-09-04
BALAJITELE,EQ,04-Sep-2026,91.31,91.25,95.7,88.36,93.17,1526021,1410.71,10826,267544.0,17.53,2026-09-04
BALAMINES,EQ,04-Sep-2026,2417.8,2432.0,2550.0,2432.0,2525.2,608894,15335.78,55081,186704.0,30.66,2026-09-04
BALAXI,EQ,04-Sep-2026,25.8,26.6,26.6,24.93,25.37,50780,13.02,216,44637.0,87.9,2026-09-04
BALCO,SM,04-Sep-2026,18.45,17.55,19.0,17.55,19.0,3600,0.66,3,2400.0,66.67,2026-09-04
BALKRISHNA,EQ,04-Sep-2026,17.48,17.5,17.5,17.0,17.08,6016,1.04,71,5193.0,86.32,2026-09-04
BALKRISIND,EQ,04-Sep-2026,2327.3,2330.0,2346.3,2264.0,2284.6,324489,7421.63,29526,163140.0,50.28,2026-09-04
BALMLAWRIE,EQ,04-Sep-2026,176.93,177.75,178.44,177.3,177.98,106907,190.1,1933,61267.0,57.31,2026-09-04
BALPHARMA,EQ,04-Sep-2026,87.71,87.7,89.69,87.1,87.73,8210,7.21,199,6930.0,84.41,2026-09-04
BALRAMCHIN,EQ,04-Sep-2026,704.35,697.0,702.0,682.5,690.6,2232338,15432.5,43329,362556.0,16.24,2026-09-04
BALUFORGE,EQ,04-Sep-2026,570.35,572.5,585.35,563.6,574.1,1304593,7504.16,21451,406434.0,31.15,2026-09-04
BANARBEADS,EQ,04-Sep-2026,114.85,114.01,115.89,113.52,113.9,1302,1.49,51,1039.0,79.8,2026-09-04
BANARISUG,EQ,04-Sep-2026,3874.7,3878.2,3883.0,3774.0,3803.3,857,32.76,190,536.0,62.54,2026-09-04
BANCOINDIA,EQ,04-Sep-2026,616.9,618.4,629.1,616.5,623.5,77773,484.78,6891,39149.0,50.34,2026-09-04
BANDHANBNK,EQ,04-Sep-2026,164.23,165.11,166.74,164.5,164.95,2928918,4843.63,21919,1446683.0,49.39,2026-09-04
BANG,EQ,04-Sep-2026,34.17,34.16,34.97,33.3,34.79,78335,27.06,468,39358.0,50.24,2026-09-04
BANK10ADD,EQ,04-Sep-2026,16.96,16.87,16.98,16.86,16.93,2303,0.39,68,984.0,42.73,2026-09-04
BANK10BETF,EQ,04-Sep-2026,20.69,20.69,20.92,20.68,20.9,538,0.11,10,511.0,94.98,2026-09-04
BANKA,EQ,04-Sep-2026,75.27,79.0,79.0,77.25,79.0,5253,4.12,37,5209.0,99.16,2026-09-04
BANKADD,EQ,04-Sep-2026,58.95,58.96,59.14,58.82,58.99,5499,3.24,53,2837.0,51.59,2026-09-04
BANKBARODA,EQ,04-Sep-2026,240.44,242.37,242.37,239.0,239.0,7816984,18768.63,34280,5188974.0,66.38,2026-09-04
BANKBEES,EQ,04-Sep-2026,596.02,599.0,599.0,595.03,596.2,345232,2059.55,5094,186107.0,53.91,2026-09-04
BANKBETA,EQ,04-Sep-2026,59.58,59.58,59.71,59.41,59.57,65905,39.26,440,42248.0,64.1,2026-09-04
BANKBETF,EQ,04-Sep-2026,58.4,58.42,58.75,58.32,58.56,5574,3.26,245,2949.0,52.91,2026-09-04
BANKETF,EQ,04-Sep-2026,586.0,588.93,588.93,585.01,586.33,18870,110.78,210,10817.0,57.32,2026-09-04
BANKIETF,EQ,04-Sep-2026,59.14,59.25,59.3,59.0,59.14,278048,164.53,1204,128546.0,46.23,2026-09-04
BANKINDIA,EQ,04-Sep-2026,145.0,144.8,145.8,144.11,145.0,2902558,4210.6,44590,1331072.0,45.86,2026-09-04
BANKNIFTY1,EQ,04-Sep-2026,59.75,60.19,60.19,59.61,59.71,149995,89.68,731,101111.0,67.41,2026-09-04
BANKPSU,EQ,04-Sep-2026,86.33,86.38,86.74,86.1,86.14,11350,9.81,76,4519.0,39.81,2026-09-04
BANSALWIRE,EQ,04-Sep-2026,319.0,319.0,322.75,313.25,315.0,63070,200.2,2867,43654.0,69.22,2026-09-04
BANSWRAS,EQ,04-Sep-2026,117.78,119.38,120.0,116.26,117.05,31201,36.71,314,23972.0,76.83,2026-09-04
BARFLEX,SM,04-Sep-2026,60.9,60.9,60.9,58.05,60.9,12000,7.18,6,8000.0,66.67,2026-09-04
BASF,EQ,04-Sep-2026,3832.4,3835.0,3907.0,3829.4,3864.9,30319,1169.84,4174,16342.0,53.9,2026-09-04
BASILIC,SM,04-Sep-2026,193.95,193.0,193.0,186.05,188.65,13800,26.09,41,11700.0,84.78,2026-09-04
BASML,BE,04-Sep-2026,25.02,24.91,25.45,24.91,25.41,39871,10.03,121,,,2026-09-04
BATAINDIA,EQ,04-Sep-2026,677.4,677.45,682.0,671.0,672.75,89939,608.54,5667,46812.0,52.05,2026-09-04
BATLIBOI,EQ,04-Sep-2026,88.39,89.9,91.94,88.88,90.81,25336,22.87,879,15013.0,59.26,2026-09-04
BAWEJA,ST,04-Sep-2026,25.95,26.0,26.25,26.0,26.1,7200,1.88,9,7200.0,100.0,2026-09-04
BAYERCROP,EQ,04-Sep-2026,3960.8,3960.8,3998.9,3960.8,3989.9,9989,397.96,1611,7167.0,71.75,2026-09-04
BBETF0432,EQ,04-Sep-2026,1342.98,1361.18,1361.18,1340.96,1342.3,1332,17.92,95,812.0,60.96,2026-09-04
BBL,EQ,04-Sep-2026,2298.3,2309.7,2315.9,2280.0,2289.3,26842,617.22,2531,19394.0,72.25,2026-09-04
BBNPNBETF,EQ,04-Sep-2026,57.15,58.02,58.31,58.0,58.3,200,0.12,21,199.0,99.5,2026-09-04
BBNPPGOLD,EQ,04-Sep-2026,147.5,148.2,149.5,146.8,148.7,1237,1.84,61,860.0,69.52,2026-09-04
BBOX,EQ,04-Sep-2026,720.9,722.0,731.2,710.0,712.25,198315,1421.09,12698,108799.0,54.86,2026-09-04
BBTC,EQ,04-Sep-2026,1501.6,1513.9,1513.9,1495.1,1496.8,43404,651.57,3393,22068.0,50.84,2026-09-04
BBTCL,EQ,04-Sep-2026,233.77,236.0,236.0,227.0,230.22,3429,7.94,169,2283.0,66.58,2026-09-04
BCG,EQ,04-Sep-2026,9.0,9.03,9.06,8.91,8.98,2648978,238.2,3310,1713989.0,64.7,2026-09-04
BCLIND,EQ,04-Sep-2026,36.22,36.37,37.95,36.04,36.62,526260,192.66,2673,292375.0,55.56,2026-09-04
BCONCEPTS,EQ,04-Sep-2026,165.43,166.0,176.43,165.0,167.33,11790,20.06,613,8142.0,69.06,2026-09-04
BCPL,EQ,04-Sep-2026,67.77,67.77,72.0,67.25,68.45,15587,10.79,476,10054.0,64.5,2026-09-04
BDL,EQ,04-Sep-2026,1257.7,1253.0,1293.0,1253.0,1255.0,1391949,17723.34,42408,411661.0,29.57,2026-09-04
BEACON,SM,04-Sep-2026,87.3,84.5,84.5,82.95,83.6,20000,16.73,20,11000.0,55.0,2026-09-04
BEARDSELL,EQ,04-Sep-2026,25.41,25.29,26.32,24.62,25.31,7642,1.95,204,5493.0,71.88,2026-09-04
BECTORFOOD,EQ,04-Sep-2026,229.41,230.01,231.7,225.16,225.96,493507,1126.59,13225,231393.0,46.89,2026-09-04
BEDMUTHA,EQ,04-Sep-2026,112.23,108.5,115.0,108.5,112.37,7077,7.95,115,5236.0,73.99,2026-09-04
BEEKAY,EQ,04-Sep-2026,419.55,419.55,421.0,406.85,417.4,4726,19.33,172,3723.0,78.78,2026-09-04
BEL,EQ,04-Sep-2026,408.6,409.25,413.1,405.35,405.35,8354982,34224.32,92382,4045622.0,48.42,2026-09-04
BELLACASA,EQ,04-Sep-2026,239.51,241.9,246.95,240.02,242.85,4050,9.85,263,2917.0,72.02,2026-09-04
BELRISE,EQ,04-Sep-2026,238.11,238.15,239.25,233.52,236.86,1873911,4431.88,26919,844003.0,45.04,2026-09-04
BEML,EQ,04-Sep-2026,2079.4,2082.0,2127.0,2045.0,2057.8,687676,14356.02,41468,220150.0,32.01,2026-09-04
BENARAS,EQ,04-Sep-2026,10200.0,10270.0,10270.0,10200.0,10200.0,107,10.91,30,107.0,100.0,2026-09-04
BENGALASM,EQ,04-Sep-2026,6375.0,6445.0,6499.0,6271.0,6332.5,362,23.19,104,221.0,61.05,2026-09-04
BEPL,EQ,04-Sep-2026,129.74,130.0,131.2,126.1,127.5,1190325,1527.09,11867,531317.0,44.64,2026-09-04
BERGEPAINT,EQ,04-Sep-2026,491.4,494.0,496.7,484.0,485.3,277300,1351.03,23139,149971.0,54.08,2026-09-04
BESTAGRO,EQ,04-Sep-2026,20.34,20.99,21.2,18.83,19.29,2082129,408.65,5742,928764.0,44.61,2026-09-04
BETA,EQ,04-Sep-2026,2258.9,2258.0,2275.7,2190.1,2218.5,13251,294.59,2146,7030.0,53.05,2026-09-04
BEWLTD,SM,04-Sep-2026,49.3,50.7,50.7,48.25,49.3,11500,5.67,21,8000.0,69.57,2026-09-04
BFINVEST,EQ,04-Sep-2026,469.45,475.0,475.0,464.1,469.35,33149,155.76,1587,15675.0,47.29,2026-09-04
BFSI,EQ,04-Sep-2026,27.02,27.61,27.61,27.02,27.17,323149,87.74,608,194148.0,60.08,2026-09-04
BFUTILITIE,EQ,04-Sep-2026,544.0,543.05,561.55,537.0,542.45,272295,1496.18,12608,57407.0,21.08,2026-09-04
BGRENERGY,BE,04-Sep-2026,238.44,238.44,247.8,235.7,246.26,42914,103.76,466,,,2026-09-04
BHADORA,ST,04-Sep-2026,108.1,106.0,113.5,102.7,111.95,69600,76.48,33,63600.0,91.38,2026-09-04
BHAGCHEM,EQ,04-Sep-2026,266.3,266.6,269.8,263.1,264.6,34606,92.05,759,19355.0,55.93,2026-09-04
BHAGERIA,BE,04-Sep-2026,290.15,288.0,304.65,286.0,304.65,218809,660.49,1396,,,2026-09-04
BHAGYANGR,EQ,04-Sep-2026,373.45,373.05,381.8,369.0,370.45,77510,289.29,2681,44251.0,57.09,2026-09-04
BHANDARI,EQ,04-Sep-2026,3.0,3.02,3.05,3.0,3.03,101595,3.08,194,81983.0,80.7,2026-09-04
BHARATCOAL,EQ,04-Sep-2026,33.8,33.8,34.05,33.6,33.81,3546055,1197.53,12715,1795560.0,50.64,2026-09-04
BHARATFORG,EQ,04-Sep-2026,1981.0,1997.6,1997.6,1951.0,1956.0,1526364,30075.66,88838,812410.0,53.23,2026-09-04
BHARATGEAR,BE,04-Sep-2026,104.49,104.49,106.48,102.05,102.93,18094,18.73,187,,,2026-09-04
BHARATRAS,EQ,04-Sep-2026,1184.2,1190.1,1207.0,1165.2,1171.8,25242,298.58,2734,16983.0,67.28,2026-09-04
BHARATSE,EQ,04-Sep-2026,213.69,213.69,214.7,210.5,211.69,93907,199.51,2110,46028.0,49.01,2026-09-04
BHARATWIRE,EQ,04-Sep-2026,180.42,179.51,182.59,178.97,181.32,141594,256.3,2287,69606.0,49.16,2026-09-04
BHARTIARTL,EQ,04-Sep-2026,1869.0,1868.1,1870.7,1840.0,1840.0,3614328,67043.95,93290,2634172.0,72.88,2026-09-04
BHARTIHEXA,EQ,04-Sep-2026,1505.6,1507.0,1520.2,1490.0,1495.4,37216,558.78,4372,19913.0,53.51,2026-09-04
BHEL,EQ,04-Sep-2026,431.8,433.0,439.2,429.2,431.1,5925391,25705.97,52899,2357628.0,39.79,2026-09-04
BI,BE,04-Sep-2026,91.29,93.57,95.85,91.52,95.85,89587,85.18,233,,,2026-09-04
BIGBLOC,EQ,04-Sep-2026,41.29,41.95,42.4,40.31,41.92,56466,23.32,623,35100.0,62.16,2026-09-04
BIKAJI,EQ,04-Sep-2026,587.15,587.15,589.85,582.0,584.2,52134,305.27,3510,30667.0,58.82,2026-09-04
BIKEWO,ST,04-Sep-2026,102.9,103.95,103.95,97.8,97.8,74000,72.87,29,70000.0,94.59,2026-09-04
BIL,EQ,04-Sep-2026,915.85,924.0,924.0,899.95,907.85,8736,79.52,638,6086.0,69.67,2026-09-04
BILVYAPAR,BE,04-Sep-2026,3.98,3.98,4.09,3.91,4.04,6223,0.25,29,,,2026-09-04
BIMETAL,EQ,04-Sep-2026,630.45,633.5,635.5,633.5,635.0,107,0.68,8,107.0,100.0,2026-09-04
BIOCON,EQ,04-Sep-2026,402.0,404.0,404.9,396.2,397.4,3108555,12466.89,26399,1688538.0,54.32,2026-09-04
BIOFILCHEM,EQ,04-Sep-2026,31.97,32.8,32.8,31.31,32.0,5543,1.78,151,4449.0,80.26,2026-09-04
BIOPOL,SM,04-Sep-2026,43.6,45.7,45.75,45.7,45.75,10800,4.94,4,10800.0,100.0,2026-09-04
BIRET,RR,04-Sep-2026,342.37,344.0,344.0,339.5,341.79,136167,465.11,7282,101232.0,74.34,2026-09-04
BIRLACABLE,BE,04-Sep-2026,358.65,376.55,376.55,375.55,376.55,174752,658.01,1035,,,2026-09-04
BIRLACORPN,EQ,04-Sep-2026,880.9,880.0,895.0,874.3,887.35,48723,431.69,4366,25289.0,51.9,2026-09-04
BIRLAMONEY,EQ,04-Sep-2026,127.15,126.77,129.19,123.5,126.37,62184,78.68,1043,43742.0,70.34,2026-09-04
BIRLANU,EQ,04-Sep-2026,1423.5,1440.0,1451.0,1421.9,1448.0,5921,84.98,437,2969.0,50.14,2026-09-04
BIRLAPREC,EQ,04-Sep-2026,51.67,53.25,59.79,52.73,57.92,2574084,1470.65,15177,1027914.0,39.93,2026-09-04
BLACKBUCK,EQ,04-Sep-2026,582.4,582.0,588.95,580.0,586.1,157466,920.49,18533,87528.0,55.59,2026-09-04
BLACKROSE,BE,04-Sep-2026,112.43,113.0,115.0,111.15,113.02,16624,18.77,191,,,2026-09-04
BLAL,EQ,04-Sep-2026,161.93,162.0,164.95,160.61,160.88,43253,70.11,854,34506.0,79.78,2026-09-04
BLBLIMITED,EQ,04-Sep-2026,16.96,17.0,17.1,16.42,16.68,117198,19.62,443,85245.0,72.74,2026-09-04
BLEL,EQ,04-Sep-2026,454.25,454.25,458.8,448.0,453.15,823610,3720.26,13315,254768.0,30.93,2026-09-04
BLIL,EQ,04-Sep-2026,72.47,72.98,72.98,72.36,72.53,97501,70.79,1045,58448.0,59.95,2026-09-04
BLISSGVS,BE,04-Sep-2026,639.35,630.0,671.3,607.4,671.0,347698,2300.43,3162,,,2026-09-04
BLKASHYAP,EQ,04-Sep-2026,57.6,57.6,62.45,57.04,59.34,2983058,1818.38,12864,1300082.0,43.58,2026-09-04
BLS,EQ,04-Sep-2026,240.15,240.15,241.25,237.0,238.79,646943,1542.53,10399,325226.0,50.27,2026-09-04
BLSE,EQ,04-Sep-2026,323.65,324.05,326.95,317.35,320.05,143302,461.22,3292,62080.0,43.32,2026-09-04
BLUECLOUDS,EQ,04-Sep-2026,19.9,19.85,20.15,19.8,19.88,1013239,201.76,2267,610290.0,60.23,2026-09-04
BLUECOAST,BE,04-Sep-2026,23.16,22.58,24.2,22.01,23.49,892,0.2,24,,,2026-09-04
BLUEDART,EQ,04-Sep-2026,5028.8,5034.0,5048.9,4968.1,4991.7,5838,291.87,1318,3612.0,61.87,2026-09-04
BLUEJET,EQ,04-Sep-2026,579.0,582.05,584.0,565.5,569.8,442380,2535.01,11811,277378.0,62.7,2026-09-04
BLUEPEBBLE,SM,04-Sep-2026,70.0,73.95,84.0,73.95,84.0,18000,14.79,45,12000.0,66.67,2026-09-04
BLUESTARCO,EQ,04-Sep-2026,1485.7,1485.7,1514.7,1475.0,1484.0,419549,6257.03,29196,175929.0,41.93,2026-09-04
BLUESTONE,EQ,04-Sep-2026,804.9,802.0,848.0,800.05,842.75,1065449,8891.85,38110,252462.0,23.7,2026-09-04
BLUEWATER,ST,04-Sep-2026,497.95,475.0,490.0,473.2,486.75,16000,76.86,16,14000.0,87.5,2026-09-04
BLUSPRING,EQ,04-Sep-2026,134.25,135.4,139.8,132.0,138.96,605059,830.55,8224,258066.0,42.65,2026-09-04
BMETRICS,SM,04-Sep-2026,34.7,39.85,40.0,35.05,35.15,8800,3.28,8,4800.0,54.55,2026-09-04
BMLL,SM,04-Sep-2026,162.3,165.0,181.0,165.0,177.0,67000,114.41,56,29000.0,43.28,2026-09-04
BMWVENTLTD,EQ,04-Sep-2026,55.13,56.22,56.22,55.1,55.36,40922,22.64,1029,23436.0,57.27,2026-09-04
BNAGROCHEM,EQ,04-Sep-2026,226.73,226.28,227.69,215.4,216.73,1260,2.83,107,651.0,51.67,2026-09-04
BNALTD,BE,04-Sep-2026,360.0,360.0,360.0,360.0,360.0,42,0.15,2,,,2026-09-04
BNKETFAXIS,EQ,04-Sep-2026,593.0,593.46,595.93,591.8,592.5,145,0.86,25,124.0,85.52,2026-09-04
BODALCHEM,EQ,04-Sep-2026,150.76,147.26,159.99,146.36,155.62,5050468,7853.79,40463,1229213.0,24.34,2026-09-04
BOHRAIND,EQ,04-Sep-2026,12.35,12.25,12.93,12.25,12.7,3714,0.47,39,2944.0,79.27,2026-09-04
BOMDYEING,EQ,04-Sep-2026,113.19,113.19,115.25,113.05,113.47,381464,434.09,3612,147274.0,38.61,2026-09-04
BONLON,EQ,04-Sep-2026,40.66,40.74,41.87,40.05,40.13,3268,1.32,99,2185.0,66.86,2026-09-04
BORANA,EQ,04-Sep-2026,300.35,303.65,309.4,303.65,307.6,11240,34.47,295,7197.0,64.03,2026-09-04
BOROLTD,EQ,04-Sep-2026,248.63,249.0,260.0,247.79,258.96,265545,680.25,5949,109672.0,41.3,2026-09-04
BORORENEW,EQ,04-Sep-2026,497.5,495.0,505.5,491.6,499.15,271428,1358.92,17675,126737.0,46.69,2026-09-04
BOROSCI,EQ,04-Sep-2026,134.93,136.41,136.8,131.0,132.16,46065,61.34,876,32221.0,69.95,2026-09-04
BOSCH-HCIL,EQ,04-Sep-2026,1777.7,1777.7,1843.0,1756.2,1818.8,64153,1152.24,6377,35675.0,55.61,2026-09-04
BOSCHLTD,EQ,04-Sep-2026,47000.0,47195.0,47200.0,46660.0,46820.0,16913,7923.31,8679,7482.0,44.24,2026-09-04
BOSS,SM,04-Sep-2026,56.6,54.25,55.9,54.2,55.7,10000,5.51,5,10000.0,100.0,2026-09-04
BPCL,EQ,04-Sep-2026,320.05,319.4,320.65,315.7,315.7,1834819,5838.52,19332,908487.0,49.51,2026-09-04
BPL,EQ,04-Sep-2026,49.31,49.21,50.18,49.0,49.38,56301,27.91,962,35704.0,63.42,2026-09-04
BPLPHARMA,EQ,04-Sep-2026,1520.8,1545.0,1568.8,1520.0,1533.3,586,9.02,110,366.0,62.46,2026-09-04
BRAHMINFRA,EQ,04-Sep-2026,162.17,160.0,167.89,160.0,163.82,26893,44.09,669,12854.0,47.8,2026-09-04
BRANDMAN,SM,04-Sep-2026,172.55,174.5,176.5,171.0,171.3,12800,22.15,15,8800.0,68.75,2026-09-04
BRIGADE,EQ,04-Sep-2026,712.3,714.0,735.0,685.8,696.1,1980508,14024.49,67648,256252.0,12.94,2026-09-04
BRIGHOTEL,EQ,04-Sep-2026,58.95,58.95,59.89,58.9,59.19,84277,50.07,2393,42026.0,49.87,2026-09-04
BRIGHTBR,EQ,04-Sep-2026,254.6,254.6,260.55,252.1,254.8,20221,52.39,151,18439.0,91.19,2026-09-04
BRITANNIA,EQ,04-Sep-2026,5130.0,5155.0,5160.5,5089.5,5101.5,269673,13820.24,24426,176038.0,65.28,2026-09-04
BRNL,EQ,04-Sep-2026,17.12,17.13,17.39,17.01,17.12,18030,3.1,191,10723.0,59.47,2026-09-04
BROOKS,BE,04-Sep-2026,64.15,65.95,66.68,64.0,66.07,12920,8.44,95,,,2026-09-04
BSE,EQ,04-Sep-2026,3306.1,3400.0,3474.0,3391.7,3409.8,7975058,273957.6,321829,2669764.0,33.48,2026-09-04
BSE500IETF,EQ,04-Sep-2026,39.41,40.2,40.2,39.3,39.33,61545,24.29,997,32401.0,52.65,2026-09-04
BSHSL,EQ,04-Sep-2026,89.46,89.46,94.2,88.5,91.48,15418,14.08,247,11728.0,76.07,2026-09-04
BSL,EQ,04-Sep-2026,123.22,124.0,124.99,122.75,123.58,1949,2.41,81,1783.0,91.48,2026-09-04
BSLGOLDETF,EQ,04-Sep-2026,134.18,136.33,136.33,134.7,135.36,224272,303.4,2547,147481.0,65.76,2026-09-04
BSLNIFTY,EQ,04-Sep-2026,28.07,28.34,28.34,27.97,28.14,339470,95.5,3601,229405.0,67.58,2026-09-04
BSLSENETFG,EQ,04-Sep-2026,77.15,78.67,78.67,77.12,77.52,2392,1.85,72,2028.0,84.78,2026-09-04
BSOFT,EQ,04-Sep-2026,293.25,295.0,299.55,288.45,289.35,1083783,3164.45,30305,596276.0,55.02,2026-09-04
BTML,EQ,04-Sep-2026,8.49,8.42,8.7,8.2,8.51,305536,25.84,301,233239.0,76.34,2026-09-04
BTTL,BE,04-Sep-2026,42.66,43.08,43.49,41.0,41.53,4172,1.73,62,,,2026-09-04
BUILDPRO,EQ,04-Sep-2026,1288.8,1288.8,1305.0,1282.5,1298.2,351369,4558.23,5087,293871.0,83.64,2026-09-04
BULKCORP,ST,04-Sep-2026,75.6,78.0,78.0,78.0,78.0,1200,0.94,1,1200.0,100.0,2026-09-04
BURNPUR,EQ,04-Sep-2026,20.54,21.56,21.56,21.56,21.56,55339,11.93,181,55339.0,100.0,2026-09-04
BUTTERFLY,EQ,04-Sep-2026,613.6,615.15,628.9,611.05,624.85,11660,72.44,737,7546.0,64.72,2026-09-04
BVCL,EQ,04-Sep-2026,43.14,44.7,44.7,43.17,43.48,85128,37.39,300,28859.0,33.9,2026-09-04
BYKE,BE,04-Sep-2026,31.9,32.88,32.88,31.22,32.11,33009,10.59,128,,,2026-09-04
C2C,SM,04-Sep-2026,223.85,225.05,226.5,220.0,221.8,57150,126.8,256,35550.0,62.2,2026-09-04
CALSOFT,BE,04-Sep-2026,43.13,43.0,43.0,40.98,40.98,155604,64.68,609,,,2026-09-04
CAMLINFINE,EQ,04-Sep-2026,102.28,102.9,105.37,102.1,103.13,689443,713.71,6530,326066.0,47.29,2026-09-04
CAMPUS,EQ,04-Sep-2026,223.97,223.97,225.0,220.51,223.24,364174,811.2,8786,189980.0,52.17,2026-09-04
CAMS,EQ,04-Sep-2026,747.4,750.0,757.75,746.05,748.8,469646,3529.19,24622,198308.0,42.22,2026-09-04
CANARYS,SM,04-Sep-2026,25.8,25.8,26.55,24.85,26.1,96000,24.83,21,60000.0,62.5,2026-09-04
CANBK,EQ,04-Sep-2026,125.8,126.3,127.3,125.5,125.5,12141084,15365.04,48968,6873482.0,56.61,2026-09-04
CANFINHOME,EQ,04-Sep-2026,804.95,808.0,815.0,802.6,807.4,222474,1800.2,12191,154565.0,69.48,2026-09-04
CANHLIFE,EQ,04-Sep-2026,154.31,155.08,161.05,153.51,157.23,1086892,1720.39,21398,499929.0,46.0,2026-09-04
CANTABIL,EQ,04-Sep-2026,237.74,238.7,245.0,238.0,243.05,94452,228.15,1486,42282.0,44.77,2026-09-04
CAPACITE,EQ,04-Sep-2026,208.88,209.95,217.9,208.22,216.22,373452,799.15,5699,170324.0,45.61,2026-09-04
CAPILLARY,EQ,04-Sep-2026,480.05,485.0,492.35,480.0,490.05,109289,532.68,3384,68256.0,62.45,2026-09-04
CAPINVIT,IV,04-Sep-2026,76.19,76.44,76.88,76.2,76.64,1210656,925.01,1335,1193309.0,98.57,2026-09-04
CAPITALSFB,EQ,04-Sep-2026,281.85,285.6,285.6,280.1,280.95,6864,19.41,402,4009.0,58.41,2026-09-04
CAPLIPOINT,EQ,04-Sep-2026,2845.0,2845.0,2845.0,2759.6,2810.8,208526,5815.26,21861,72779.0,34.9,2026-09-04
CAPTRUST,BE,04-Sep-2026,19.76,20.0,20.7,19.44,20.04,37318,7.48,101,,,2026-09-04
CARBORUNIV,EQ,04-Sep-2026,1078.0,1078.7,1140.9,1069.9,1130.6,338864,3805.95,21605,151049.0,44.58,2026-09-04
CARERATING,EQ,04-Sep-2026,1708.4,1718.0,1762.9,1699.7,1738.2,354155,6114.33,11044,312261.0,88.17,2026-09-04
CARRARO,EQ,04-Sep-2026,533.95,531.9,538.95,527.25,533.65,71136,379.52,4781,32522.0,45.72,2026-09-04
CARTRADE,EQ,04-Sep-2026,2992.2,2997.0,3051.9,2945.3,3000.2,315551,9465.81,42267,132755.0,42.07,2026-09-04
CARYSIL,EQ,04-Sep-2026,1157.0,1161.9,1180.0,1136.5,1140.8,72848,844.33,5628,37560.0,51.56,2026-09-04
CASHIETF,EQ,04-Sep-2026,1077.99,1078.37,1078.39,1078.37,1078.38,101592,1095.55,103,86426.0,85.07,2026-09-04
CASTROLIND,EQ,04-Sep-2026,186.42,186.21,190.95,186.03,190.27,4231930,8005.19,28190,3046214.0,71.98,2026-09-04
CCAVENUE,EQ,04-Sep-2026,15.4,15.48,16.21,15.41,15.7,35876401,5665.31,39145,11805817.0,32.91,2026-09-04
CCCL,EQ,04-Sep-2026,14.19,14.49,14.54,14.12,14.27,118802,17.0,372,78875.0,66.39,2026-09-04
CCHHL,EQ,04-Sep-2026,12.64,12.7,12.95,12.4,12.61,42082,5.31,142,36354.0,86.39,2026-09-04
CCL,EQ,04-Sep-2026,1107.3,1107.3,1114.9,1079.7,1106.2,193825,2127.24,18992,106192.0,54.79,2026-09-04
CDSL,EQ,04-Sep-2026,1394.0,1400.0,1417.9,1391.6,1394.6,1117172,15686.07,38445,342873.0,30.69,2026-09-04
CEATLTD,EQ,04-Sep-2026,3315.3,3323.3,3344.0,3291.2,3333.2,73368,2437.03,15232,36692.0,50.01,2026-09-04
CEDAAR,ST,04-Sep-2026,13.7,13.2,13.6,13.1,13.6,10000,1.32,5,10000.0,100.0,2026-09-04
CEIGALL,EQ,04-Sep-2026,347.55,359.85,359.85,351.0,355.8,949597,3368.16,18029,283676.0,29.87,2026-09-04
CEINSYS,EQ,04-Sep-2026,678.65,682.0,702.0,672.0,677.85,71954,493.69,4494,36130.0,50.21,2026-09-04
CELEBRITY,EQ,04-Sep-2026,6.74,6.83,6.83,6.6,6.8,23532,1.59,83,19563.0,83.13,2026-09-04
CELLECOR,SM,04-Sep-2026,32.5,32.15,33.0,31.4,32.85,354000,115.06,63,276000.0,77.97,2026-09-04
CELLO,EQ,04-Sep-2026,343.45,344.9,345.55,339.8,342.0,189002,647.47,7403,106965.0,56.59,2026-09-04
CELLPOINT,SM,04-Sep-2026,15.35,15.35,16.3,15.35,16.3,2400,0.38,2,2400.0,100.0,2026-09-04
CEMNTGROWW,EQ,04-Sep-2026,14.64,14.79,14.79,14.52,14.66,63765,9.34,335,36942.0,57.93,2026-09-04
CEMPRO,EQ,04-Sep-2026,1296.9,1299.0,1314.7,1270.1,1297.4,359470,4647.14,19708,237410.0,66.04,2026-09-04
CENTENKA,EQ,04-Sep-2026,616.65,620.0,620.0,607.05,608.9,126471,771.59,5991,37348.0,29.53,2026-09-04
CENTEXT,EQ,04-Sep-2026,21.24,21.29,22.2,19.75,20.19,957330,197.24,3040,501969.0,52.43,2026-09-04
CENTRALBK,EQ,04-Sep-2026,30.77,30.85,31.18,30.78,31.08,5295221,1643.35,11961,3177880.0,60.01,2026-09-04
CENTRUM,EQ,04-Sep-2026,22.45,22.37,22.75,22.0,22.55,180060,40.24,521,89926.0,49.94,2026-09-04
CENTUM,EQ,04-Sep-2026,3776.1,3746.3,3800.0,3723.0,3767.3,29156,1094.7,6016,9646.0,33.08,2026-09-04
CENTURYPLY,EQ,04-Sep-2026,749.2,749.9,755.35,745.15,748.45,17510,131.04,3279,9633.0,55.01,2026-09-04
CERA,EQ,04-Sep-2026,5683.5,5800.0,5889.5,5737.5,5787.5,19476,1130.06,6266,5654.0,29.03,2026-09-04
CEREBRAINT,BZ,04-Sep-2026,2.6,2.6,2.72,2.55,2.69,60459,1.6,123,,,2026-09-04
CESC,EQ,04-Sep-2026,147.96,148.29,149.14,145.91,146.5,1448303,2131.39,11780,1077168.0,74.37,2026-09-04
CEWATER,EQ,04-Sep-2026,265.4,266.15,266.9,261.0,262.55,42011,110.59,1830,19843.0,47.23,2026-09-04
CFEL,EQ,04-Sep-2026,32.05,32.1,32.67,31.41,32.48,14038,4.54,79,13384.0,95.34,2026-09-04
CGCL,EQ,04-Sep-2026,271.7,274.0,284.8,271.5,279.9,7594713,20989.98,54695,2155505.0,28.38,2026-09-04
CGPOWER,EQ,04-Sep-2026,895.0,895.0,899.8,888.05,891.0,2159759,19324.33,39300,1095265.0,50.71,2026-09-04
CGRAPHICS,SM,04-Sep-2026,148.55,150.9,150.9,147.0,147.6,16000,23.69,18,12000.0,75.0,2026-09-04
CGVAK,EQ,04-Sep-2026,148.01,155.0,155.0,148.0,148.21,1852,2.75,41,1736.0,93.74,2026-09-04
CHALET,EQ,04-Sep-2026,890.75,890.0,904.0,888.05,896.75,87842,788.84,8774,44752.0,50.95,2026-09-04
CHAMBLFERT,EQ,04-Sep-2026,418.3,419.9,422.95,418.05,419.05,329143,1383.4,15583,201542.0,61.23,2026-09-04
CHAMUNDA,SM,04-Sep-2026,43.25,44.95,44.95,42.95,43.35,21000,9.15,7,15000.0,71.43,2026-09-04
CHANDAN,SM,04-Sep-2026,208.95,208.1,214.95,204.0,211.5,27200,56.9,32,16000.0,58.82,2026-09-04
CHAVDA,SM,04-Sep-2026,127.1,127.1,127.1,124.0,124.5,7000,8.76,7,6000.0,85.71,2026-09-04
CHEMBOND,EQ,04-Sep-2026,173.02,178.96,178.96,169.01,170.9,6660,11.46,219,3422.0,51.38,2026-09-04
CHEMBONDCH,BE,04-Sep-2026,259.0,261.6,267.45,252.0,254.45,5353,13.73,132,,,2026-09-04
CHEMCON,BE,04-Sep-2026,201.29,201.95,202.4,197.55,198.38,14633,29.16,252,,,2026-09-04
CHEMCRUX,EQ,04-Sep-2026,82.48,82.0,83.2,80.05,82.16,5344,4.34,181,4594.0,85.97,2026-09-04
CHEMFAB,EQ,04-Sep-2026,358.0,364.45,364.45,356.05,360.1,4597,16.51,53,4525.0,98.43,2026-09-04
CHEMICAL,EQ,04-Sep-2026,30.29,30.54,30.54,30.1,30.2,539227,163.45,1142,337024.0,62.5,2026-09-04
CHEMPLASTS,EQ,04-Sep-2026,167.03,168.0,173.58,168.0,170.29,198762,338.11,5114,93811.0,47.2,2026-09-04
CHENNPETRO,EQ,04-Sep-2026,1440.0,1445.1,1463.9,1425.5,1452.2,934269,13529.32,33069,249173.0,26.67,2026-09-04
CHETANA,SM,04-Sep-2026,43.0,43.0,43.8,43.0,43.65,6400,2.78,4,4800.0,75.0,2026-09-04
CHEVIOT,EQ,04-Sep-2026,1143.1,1143.0,1166.0,1141.0,1159.4,1428,16.48,118,1285.0,89.99,2026-09-04
CHOICEGOLD,EQ,04-Sep-2026,151.13,154.5,154.5,151.35,152.65,9699,14.77,151,5738.0,59.16,2026-09-04
CHOICEIN,EQ,04-Sep-2026,768.45,768.9,781.2,756.5,760.95,567061,4360.6,14203,169075.0,29.82,2026-09-04
CHOLAFIN,EQ,04-Sep-2026,1849.3,1841.0,1859.9,1828.0,1839.0,677118,12468.87,36495,443900.0,65.56,2026-09-04
CHOLAHLDNG,EQ,04-Sep-2026,1502.8,1516.0,1532.7,1498.3,1525.7,77666,1179.21,7808,39324.0,50.63,2026-09-04
CIEINDIA,EQ,04-Sep-2026,383.95,387.0,387.0,382.25,385.35,185100,711.16,10934,114719.0,61.98,2026-09-04
CIFL,EQ,04-Sep-2026,20.17,20.59,21.1,19.8,19.98,231565,46.64,364,212723.0,91.86,2026-09-04
CINELINE,EQ,04-Sep-2026,89.83,91.4,99.4,90.1,95.23,308404,292.57,2264,127633.0,41.39,2026-09-04
CINEVISTA,EQ,04-Sep-2026,14.19,14.49,14.98,14.2,14.24,2982,0.43,57,2466.0,82.7,2026-09-04
CIPLA,EQ,04-Sep-2026,1394.7,1397.7,1399.1,1375.5,1385.0,1326180,18358.06,46344,686344.0,51.75,2026-09-04
CITIUSINVT,IV,04-Sep-2026,115.03,115.99,116.39,115.0,116.37,115340,134.09,144,109256.0,94.73,2026-09-04
CKKRETAIL,SM,04-Sep-2026,157.95,151.05,151.05,151.0,151.0,1600,2.42,2,1600.0,100.0,2026-09-04
CLASSICEIL,SM,04-Sep-2026,52.35,54.8,54.95,54.8,54.95,25600,14.06,11,24000.0,93.75,2026-09-04
CLAYCRAFT,SM,04-Sep-2026,159.85,160.0,162.0,158.0,159.4,23400,37.3,36,16200.0,69.23,2026-09-04
CLEAN,EQ,04-Sep-2026,852.95,853.5,855.95,834.0,836.15,297191,2502.81,19595,133291.0,44.85,2026-09-04
CLEANMAX,EQ,04-Sep-2026,1298.7,1306.0,1357.9,1289.7,1347.9,256257,3431.51,20896,113817.0,44.42,2026-09-04
CLEDUCATE,BE,04-Sep-2026,59.53,58.99,59.75,56.65,58.08,12818,7.55,81,,,2026-09-04
CLSEL,EQ,04-Sep-2026,304.8,302.9,306.7,298.05,301.9,68370,206.01,2038,33824.0,49.47,2026-09-04
CMLL,EQ,04-Sep-2026,501.4,508.0,517.05,501.1,503.05,314875,1599.65,8230,105155.0,33.4,2026-09-04
CMNL,SM,04-Sep-2026,121.95,125.0,127.0,114.2,115.75,25500,30.89,30,21000.0,82.35,2026-09-04
CMPDI,EQ,04-Sep-2026,239.66,239.39,244.55,236.67,243.92,2694037,6519.46,29485,1339686.0,49.73,2026-09-04
CMRGREEN,EQ,04-Sep-2026,230.74,231.55,231.55,225.81,228.34,270377,616.29,5496,121740.0,45.03,2026-09-04
CMRSL,SM,04-Sep-2026,69.7,72.8,73.15,72.0,73.15,4000,2.91,5,4000.0,100.0,2026-09-04
CMSINFO,EQ,04-Sep-2026,244.86,245.45,246.94,241.0,243.46,528852,1284.95,16069,313849.0,59.35,2026-09-04
CNL,EQ,04-Sep-2026,1243.4,1246.5,1247.3,1210.0,1215.5,12127,148.83,964,8254.0,68.06,2026-09-04
COALINDIA,EQ,04-Sep-2026,420.05,418.0,418.0,412.55,415.35,6126850,25387.56,69442,3735438.0,60.97,2026-09-04
COASTCORP,EQ,04-Sep-2026,41.93,42.32,43.09,41.54,41.88,69707,29.42,673,44247.0,63.48,2026-09-04
COCHINSHIP,EQ,04-Sep-2026,1486.7,1488.9,1522.9,1486.0,1499.1,630573,9518.65,22367,178307.0,28.28,2026-09-04
COCKERILL,EQ,04-Sep-2026,8080.0,8095.0,8230.0,8025.5,8193.5,4524,368.32,949,2608.0,57.65,2026-09-04
COFFEEDAY,BE,04-Sep-2026,31.3,32.2,32.86,31.92,32.86,1123239,368.22,1393,,,2026-09-04
COFORGE,EQ,04-Sep-2026,1971.8,1982.0,1992.9,1962.4,1972.8,1108102,21893.61,44156,547632.0,49.42,2026-09-04
COHANCE,EQ,04-Sep-2026,460.85,463.3,470.0,453.6,456.6,572792,2643.49,26506,256719.0,44.82,2026-09-04
COLPAL,EQ,04-Sep-2026,1850.0,1860.0,1863.9,1829.2,1829.2,562995,10364.56,27974,376557.0,66.88,2026-09-04
COMFINTE,EQ,04-Sep-2026,6.19,6.15,6.26,6.07,6.21,114743,7.08,347,71100.0,61.96,2026-09-04
COMMOIETF,EQ,04-Sep-2026,99.41,99.7,100.43,99.25,100.33,28716,28.69,1348,15287.0,53.24,2026-09-04
COMPEAU,EQ,04-Sep-2026,361.8,368.7,379.95,353.0,371.8,2858,10.53,99,2152.0,75.3,2026-09-04
COMPINFO,BZ,04-Sep-2026,1.07,1.05,1.11,1.03,1.09,24498,0.27,27,,,2026-09-04
COMPUSOFT,EQ,04-Sep-2026,12.89,13.2,13.2,12.62,13.02,23203,3.02,252,16405.0,70.7,2026-09-04
COMSYN,EQ,04-Sep-2026,302.7,300.5,306.0,285.3,301.3,108742,326.24,1784,74339.0,68.36,2026-09-04
CONCOR,EQ,04-Sep-2026,508.85,508.8,509.65,502.0,508.0,1107962,5596.55,20722,623217.0,56.25,2026-09-04
CONCORDBIO,EQ,04-Sep-2026,1447.7,1450.0,1450.4,1411.6,1417.1,59142,845.05,7166,30777.0,52.04,2026-09-04
CONFIPET,EQ,04-Sep-2026,84.28,84.7,85.3,82.0,82.48,2371168,1976.25,14601,1260534.0,53.16,2026-09-04
CONNPLEX,SM,04-Sep-2026,223.35,223.0,252.7,222.0,244.45,670400,1552.88,345,513600.0,76.61,2026-09-04
CONS,EQ,04-Sep-2026,12.01,11.97,12.04,11.95,11.98,14601,1.75,125,12877.0,88.19,2026-09-04
CONSOFINVT,BE,04-Sep-2026,274.6,288.3,288.3,288.3,288.3,21811,62.88,40,,,2026-09-04
CONSUMAXIS,EQ,04-Sep-2026,119.64,120.17,120.37,119.02,119.02,1590,1.91,21,1224.0,76.98,2026-09-04
CONSUMBEES,EQ,04-Sep-2026,130.02,130.8,130.8,129.56,129.78,421784,548.72,1348,403190.0,95.59,2026-09-04
CONSUMER,EQ,04-Sep-2026,12.02,12.45,12.45,12.0,12.03,487786,58.72,314,393079.0,80.58,2026-09-04
CONSUMIETF,EQ,04-Sep-2026,121.06,120.7,121.21,120.45,120.67,412702,499.56,246,375198.0,90.91,2026-09-04
CONTI,SM,04-Sep-2026,11.1,11.1,11.1,10.95,11.1,203313,22.47,4,203313.0,100.0,2026-09-04
CONTROLPR,EQ,04-Sep-2026,600.3,602.0,602.0,591.15,593.35,7641,45.38,1450,4553.0,59.59,2026-09-04
COOLCAPS,ST,04-Sep-2026,23.35,24.2,24.5,23.05,24.5,176250,42.72,93,172500.0,97.87,2026-09-04
CORALFINAC,EQ,04-Sep-2026,32.94,33.58,34.0,32.32,33.47,13197,4.42,247,6855.0,51.94,2026-09-04
CORDELIA,EQ,04-Sep-2026,101.87,102.5,106.96,101.81,103.9,2698667,2842.5,8937,779467.0,28.88,2026-09-04
CORDSCABLE,EQ,04-Sep-2026,302.9,306.0,330.0,306.0,317.0,264160,844.83,4857,123287.0,46.67,2026-09-04
COROMANDEL,EQ,04-Sep-2026,1931.3,1927.0,1948.3,1927.0,1938.8,143726,2786.03,11670,99928.0,69.53,2026-09-04
CORONA,EQ,04-Sep-2026,2127.8,2121.0,2150.4,2090.8,2100.1,12081,255.13,2434,4169.0,34.51,2026-09-04
COSMOFIRST,EQ,04-Sep-2026,940.15,938.7,943.1,916.0,919.85,66169,613.1,3778,45215.0,68.33,2026-09-04
COUNCODOS,BE,04-Sep-2026,6.52,6.65,6.65,6.44,6.45,11466,0.75,62,,,2026-09-04
CPCAP,EQ,04-Sep-2026,118.3,121.69,139.79,117.25,128.33,85391,108.51,1126,41629.0,48.75,2026-09-04
CPEDU,EQ,04-Sep-2026,189.76,190.39,195.01,188.48,191.97,5928,11.42,131,4872.0,82.19,2026-09-04
CPL,EQ,04-Sep-2026,62.4,62.4,62.9,61.45,62.11,138710,85.95,975,18692.0,13.48,2026-09-04
CPPLUS,EQ,04-Sep-2026,3751.3,3752.7,3797.9,3645.0,3704.6,202259,7517.63,23263,127250.0,62.91,2026-09-04
CPS,SM,04-Sep-2026,1164.0,1169.8,1169.8,1105.8,1130.0,3000,34.12,12,2850.0,95.0,2026-09-04
CPSEETF,EQ,04-Sep-2026,93.57,95.44,95.44,93.4,93.7,353172,331.32,5424,204164.0,57.81,2026-09-04
CRAFTSMAN,EQ,04-Sep-2026,11220.0,11248.0,11539.0,11097.0,11398.0,28595,3254.05,10263,12488.0,43.67,2026-09-04
CRAMC,EQ,04-Sep-2026,251.2,252.1,254.0,250.0,251.5,177971,448.9,4315,109919.0,61.76,2026-09-04
CRAVATEX,EQ,04-Sep-2026,326.75,326.75,339.9,314.95,329.5,1353,4.46,104,1158.0,85.59,2026-09-04
CRAYONS,SM,04-Sep-2026,26.0,26.0,26.0,24.8,25.1,9000,2.29,6,9000.0,100.0,2026-09-04
CREATIVEYE,EQ,04-Sep-2026,6.13,6.15,6.25,5.89,6.19,16063,0.99,55,13628.0,84.84,2026-09-04
CREDENT,SM,04-Sep-2026,336.5,336.5,340.0,311.0,317.7,140400,456.86,205,114600.0,81.62,2026-09-04
CREDITACC,EQ,04-Sep-2026,1437.4,1453.9,1468.0,1438.0,1443.1,217925,3158.71,27335,127343.0,58.43,2026-09-04
CREST,EQ,04-Sep-2026,365.3,369.9,369.9,356.2,359.0,1505,5.42,118,1201.0,79.8,2026-09-04
CRISIL,EQ,04-Sep-2026,4759.7,4775.0,4872.0,4726.3,4802.0,184833,8918.19,16015,149461.0,80.86,2026-09-04
CRIZAC,EQ,04-Sep-2026,162.27,163.0,163.77,159.95,160.29,294106,473.74,6684,184106.0,62.6,2026-09-04
CROMPTON,EQ,04-Sep-2026,226.51,227.64,235.47,226.27,232.4,4443658,10371.7,31875,1849443.0,41.62,2026-09-04
CROWN,EQ,04-Sep-2026,111.8,114.45,114.69,110.03,112.84,37657,42.51,279,29454.0,78.22,2026-09-04
CRSL,BE,04-Sep-2026,2.61,2.61,2.74,2.48,2.73,702306,18.83,867,,,2026-09-04
CSBBANK,EQ,04-Sep-2026,324.95,325.15,331.65,320.8,328.55,658990,2159.77,15607,314279.0,47.69,2026-09-04
CSLFINANCE,EQ,04-Sep-2026,243.86,245.58,254.7,245.58,251.77,94290,237.07,2410,67288.0,71.36,2026-09-04
CSM,EQ,04-Sep-2026,94.0,93.99,94.78,93.4,94.36,80421,75.55,727,58684.0,72.97,2026-09-04
CSSL,SM,04-Sep-2026,90.15,90.5,93.0,89.75,91.65,26000,23.48,14,24000.0,92.31,2026-09-04
CTE,BE,04-Sep-2026,41.03,41.01,42.74,39.51,41.82,11345,4.72,76,,,2026-09-04
CUB,EQ,04-Sep-2026,234.36,234.0,242.9,233.69,236.01,2621193,6285.96,44237,1128650.0,43.06,2026-09-04
CUBEINVIT,IV,04-Sep-2026,157.0,157.78,158.0,156.5,157.5,504255,792.21,5575,473556.0,93.91,2026-09-04
CUBEXTUB,EQ,04-Sep-2026,76.41,76.6,78.66,75.95,76.8,48940,37.83,1373,27125.0,55.43,2026-09-04
CUDML,SM,04-Sep-2026,104.0,105.0,106.0,102.0,105.2,22000,22.79,17,21000.0,95.45,2026-09-04
CUMMINSIND,EQ,04-Sep-2026,5071.0,5071.0,5083.0,5013.0,5035.0,483825,24387.11,28202,352666.0,72.89,2026-09-04
CUPID,EQ,04-Sep-2026,279.95,280.0,287.0,280.0,283.15,8434946,23926.91,64825,3848101.0,45.62,2026-09-04
CURAA,EQ,04-Sep-2026,66.2,78.5,78.5,60.0,72.46,2020,1.45,114,1371.0,67.87,2026-09-04
CURIS,SM,04-Sep-2026,145.1,145.7,153.5,145.0,151.35,38000,56.58,37,30000.0,78.95,2026-09-04
CURRENT,SM,04-Sep-2026,89.0,86.2,86.2,85.0,85.0,6400,5.46,4,6400.0,100.0,2026-09-04
CYBERMEDIA,EQ,04-Sep-2026,23.88,25.9,28.45,22.2,26.4,2157521,575.65,7778,585091.0,27.12,2026-09-04
CYBERTECH,BE,04-Sep-2026,132.27,134.39,134.39,132.5,133.36,6933,9.24,135,,,2026-09-04
CYIENT,EQ,04-Sep-2026,1111.3,1111.3,1131.7,1096.2,1101.8,327209,3644.88,17661,104180.0,31.84,2026-09-04
CYIENTDLM,EQ,04-Sep-2026,836.55,833.8,894.0,830.0,856.95,1201568,10436.27,45322,429960.0,35.78,2026-09-04
DABUR,EQ,04-Sep-2026,380.7,380.45,383.25,377.35,380.9,1702061,6479.99,28671,876010.0,51.47,2026-09-04
DAICHI,EQ,04-Sep-2026,369.75,374.7,374.7,359.8,364.8,5043,18.58,169,3739.0,74.14,2026-09-04
DALBHARAT,EQ,04-Sep-2026,1771.2,1770.1,1778.9,1740.0,1749.3,73496,1292.73,10844,41771.0,56.83,2026-09-04
DALMIASUG,EQ,04-Sep-2026,461.05,460.95,462.5,435.05,438.55,342704,1519.24,8816,139211.0,40.62,2026-09-04
DAMCAPITAL,EQ,04-Sep-2026,145.28,145.99,147.49,144.17,144.9,170224,247.29,2298,75655.0,44.44,2026-09-04
DAMODARIND,BE,04-Sep-2026,28.98,29.12,29.12,28.22,28.45,1493,0.43,14,,,2026-09-04
DANGEE,EQ,04-Sep-2026,2.94,2.94,2.98,2.9,2.94,40836,1.2,125,33972.0,83.19,2026-09-04
DANISH,SM,04-Sep-2026,874.15,890.0,890.3,841.3,854.1,31500,271.98,144,20850.0,66.19,2026-09-04
DATAMATICS,EQ,04-Sep-2026,774.85,771.45,785.0,762.2,764.9,55826,430.94,3293,27359.0,49.01,2026-09-04
DATAPATTNS,EQ,04-Sep-2026,4587.3,4588.0,4666.0,4546.4,4585.0,377845,17437.92,36760,84746.0,22.43,2026-09-04
DAVANGERE,EQ,04-Sep-2026,2.04,2.07,2.07,1.94,1.96,15393852,305.57,5021,11435873.0,74.29,2026-09-04
DBCORP,EQ,04-Sep-2026,193.78,195.79,197.09,193.79,195.65,43972,86.04,1222,25727.0,58.51,2026-09-04
DBEIL,BE,04-Sep-2026,6.14,6.2,6.44,6.05,6.43,210682,13.35,344,,,2026-09-04
DBL,EQ,04-Sep-2026,398.55,402.75,404.0,398.0,401.0,58236,233.13,1965,25322.0,43.48,2026-09-04
DBOL,EQ,04-Sep-2026,129.64,128.96,128.96,124.0,124.99,232171,290.6,3660,130212.0,56.08,2026-09-04
DBREALTY,EQ,04-Sep-2026,103.05,103.4,105.0,101.0,102.57,1439328,1480.4,7889,783773.0,54.45,2026-09-04
DBSTOCKBRO,BE,04-Sep-2026,29.07,29.19,29.19,28.4,28.63,4158,1.2,36,,,2026-09-04
DCAL,EQ,04-Sep-2026,176.99,178.5,178.5,173.2,174.38,122894,215.15,2245,74132.0,60.32,2026-09-04
DCBBANK,EQ,04-Sep-2026,222.2,222.4,223.9,220.2,220.74,539992,1196.98,13976,256899.0,47.57,2026-09-04
DCCL,SM,04-Sep-2026,43.0,43.0,43.0,43.0,43.0,4000,1.72,2,4000.0,100.0,2026-09-04
DCG,SM,04-Sep-2026,65.35,68.25,69.95,67.5,68.8,22800,15.68,18,21600.0,94.74,2026-09-04
DCI,EQ,04-Sep-2026,357.65,362.0,362.0,346.1,350.55,87942,310.27,2764,37122.0,42.21,2026-09-04
DCM,BE,04-Sep-2026,76.97,77.0,78.4,76.8,77.01,16163,12.46,42,,,2026-09-04
DCMFINSERV,EQ,04-Sep-2026,5.09,5.09,5.37,5.09,5.2,5995,0.31,67,5360.0,89.41,2026-09-04
DCMNVL,EQ,04-Sep-2026,182.04,188.94,191.14,183.25,184.96,16490,31.07,245,13525.0,82.02,2026-09-04
DCMSHRIRAM,EQ,04-Sep-2026,1019.2,1024.9,1026.1,1014.0,1020.9,85914,876.13,7325,53932.0,62.77,2026-09-04
DCMSIL,EQ,04-Sep-2026,70.29,71.3,71.3,68.06,68.76,99773,69.66,1074,65841.0,65.99,2026-09-04
DCMSRIND,EQ,04-Sep-2026,46.51,46.6,46.63,44.1,44.91,182082,82.8,1937,67059.0,36.83,2026-09-04
DCW,EQ,04-Sep-2026,46.3,46.11,46.95,45.81,45.98,912734,423.38,3660,326087.0,35.73,2026-09-04
DCXINDIA,EQ,04-Sep-2026,169.57,170.15,172.35,168.1,168.83,328462,559.16,4906,166604.0,50.72,2026-09-04
DDEVPLSTIK,EQ,04-Sep-2026,272.5,273.55,274.95,271.3,273.0,51629,140.78,1229,36432.0,70.56,2026-09-04
DECCANCE,EQ,04-Sep-2026,565.15,569.8,579.9,564.35,569.75,29858,170.57,589,21520.0,72.07,2026-09-04
DECCANTRAN,SM,04-Sep-2026,20.25,20.25,20.25,20.0,20.0,117600,23.53,6,117600.0,100.0,2026-09-04
DECNGOLD,EQ,04-Sep-2026,213.8,215.0,219.3,212.43,213.87,959258,2069.55,14447,442945.0,46.18,2026-09-04
DEEDEV,EQ,04-Sep-2026,645.9,645.8,673.8,642.05,658.25,327955,2173.59,18558,147142.0,44.87,2026-09-04
DEEM,ST,04-Sep-2026,40.3,42.25,42.3,42.25,42.3,3000,1.27,3,3000.0,100.0,2026-09-04
DEEP,EQ,04-Sep-2026,36.0,36.8,36.8,34.21,35.0,23168,8.21,193,19386.0,83.68,2026-09-04
DEEPAKFERT,EQ,04-Sep-2026,1355.9,1362.7,1395.0,1353.3,1362.1,229112,3144.01,16670,110590.0,48.27,2026-09-04
DEEPAKNTR,EQ,04-Sep-2026,1725.3,1728.0,1743.7,1705.7,1712.4,196070,3371.83,22151,103034.0,52.55,2026-09-04
DEEPINDS,EQ,04-Sep-2026,744.85,757.75,793.7,749.0,786.45,1324171,10285.87,35441,457266.0,34.53,2026-09-04
DEFENCE,EQ,04-Sep-2026,81.45,81.75,82.57,81.59,81.99,239629,196.79,881,126750.0,52.89,2026-09-04
DELAPLEX,SM,04-Sep-2026,97.65,87.0,103.0,87.0,100.0,7800,7.73,13,5400.0,69.23,2026-09-04
DELHIVERY,EQ,04-Sep-2026,464.35,465.0,465.9,457.9,457.9,1936111,8923.55,29259,1274507.0,65.83,2026-09-04
DELPHIFX,BE,04-Sep-2026,5.94,6.17,6.17,5.8,6.04,117604,7.05,214,,,2026-09-04
DELTACORP,EQ,04-Sep-2026,56.25,56.79,57.4,55.56,56.12,1070574,604.72,5816,487361.0,45.52,2026-09-04
DELTAMAGNT,EQ,04-Sep-2026,57.23,56.66,59.9,55.72,58.4,4124,2.38,188,3462.0,83.95,2026-09-04
DELTIC,SM,04-Sep-2026,35.8,35.8,35.8,34.65,35.35,6000,2.11,6,5000.0,83.33,2026-09-04
DEN,EQ,04-Sep-2026,27.87,27.66,28.1,27.66,27.97,211531,59.04,1022,151747.0,71.74,2026-09-04
DENEERS,SM,04-Sep-2026,169.9,167.5,176.0,167.5,172.3,60000,104.54,36,52200.0,87.0,2026-09-04
DENORA,EQ,04-Sep-2026,824.55,822.3,836.0,810.1,812.3,2711,22.17,276,2024.0,74.66,2026-09-04
DENTA,EQ,04-Sep-2026,270.4,273.2,276.9,271.0,275.35,56286,154.28,1823,23748.0,42.19,2026-09-04
DENTALKART,SM,04-Sep-2026,400.0,402.0,412.0,402.0,412.0,4250,17.44,17,3500.0,82.35,2026-09-04
DEVIT,EQ,04-Sep-2026,24.52,24.9,25.5,23.61,24.21,69859,16.97,477,50286.0,71.98,2026-09-04
DEVX,EQ,04-Sep-2026,32.13,32.9,33.39,32.66,33.29,40903,13.52,308,30201.0,73.84,2026-09-04
DEVYANI,EQ,04-Sep-2026,138.05,138.0,142.86,137.37,139.28,2432975,3420.19,32970,855506.0,35.16,2026-09-04
DGCONTENT,EQ,04-Sep-2026,24.43,24.75,25.0,24.55,24.83,1564,0.39,45,1418.0,90.66,2026-09-04
DHABRIYA,BE,04-Sep-2026,513.3,515.85,528.9,501.0,503.45,8802,44.97,178,,,2026-09-04
DHAMPURSUG,EQ,04-Sep-2026,177.05,176.45,176.45,165.63,167.59,832821,1408.25,11069,398090.0,47.8,2026-09-04
DHANBANK,EQ,04-Sep-2026,31.72,31.8,32.03,31.69,31.86,349043,111.25,1133,209633.0,60.06,2026-09-04
DHANLAXMI,SM,04-Sep-2026,24.25,24.3,25.0,24.3,25.0,8000,1.97,4,4000.0,50.0,2026-09-04
DHANSA,SM,04-Sep-2026,26.8,27.95,28.1,26.9,28.1,18000,5.0,9,12000.0,66.67,2026-09-04
DHANUKA,EQ,04-Sep-2026,1010.15,1009.0,1014.0,994.8,1010.65,17124,172.36,1253,8927.0,52.13,2026-09-04
DHARAN,BZ,04-Sep-2026,0.13,0.14,0.14,0.13,0.13,13130525,18.16,1594,,,2026-09-04
DHARARAIL,ST,04-Sep-2026,140.05,140.0,140.0,134.5,136.6,15000,20.79,12,15000.0,100.0,2026-09-04
DHARIWAL,SM,04-Sep-2026,23.8,24.95,24.95,22.65,24.0,846000,204.85,191,531000.0,62.77,2026-09-04
DHARMAJ,EQ,04-Sep-2026,269.05,268.3,271.0,264.3,270.05,29203,78.46,1792,16685.0,57.13,2026-09-04
DHATRE,EQ,04-Sep-2026,4.35,4.33,4.59,4.21,4.33,17330,0.75,109,12135.0,70.02,2026-09-04
DHOOTTRANS,EQ,04-Sep-2026,1583.5,1615.0,1665.0,1570.1,1615.7,6047122,98143.38,317283,1285880.0,21.26,2026-09-04
DHRUV,EQ,04-Sep-2026,23.45,23.45,23.45,22.29,22.32,7195,1.63,100,5859.0,81.43,2026-09-04
DHUNINV,EQ,04-Sep-2026,1046.25,1046.25,1054.8,1012.65,1019.15,1224,12.61,204,800.0,65.36,2026-09-04
DIACABS,BE,04-Sep-2026,322.9,324.0,339.0,316.7,331.8,1146702,3801.96,9863,,,2026-09-04
DIAMINESQ,EQ,04-Sep-2026,244.76,243.54,245.39,240.0,240.99,3798,9.23,299,3063.0,80.65,2026-09-04
DIAMONDYD,EQ,04-Sep-2026,1159.8,1162.3,1162.3,1147.6,1158.3,5787,66.72,713,3759.0,64.96,2026-09-04
DICIND,EQ,04-Sep-2026,584.0,596.0,638.95,589.75,618.6,45846,283.62,1548,31618.0,68.97,2026-09-04
DIFFNKG,EQ,04-Sep-2026,477.6,487.0,519.9,470.0,474.9,2072376,10306.53,52420,437280.0,21.1,2026-09-04
DIGIDRIVE,EQ,04-Sep-2026,17.8,17.31,18.0,17.31,17.65,6628,1.18,96,5912.0,89.2,2026-09-04
DIGIKORE,SM,04-Sep-2026,40.0,40.0,41.0,36.0,40.1,57600,22.52,92,23600.0,40.97,2026-09-04
DIGISPICE,EQ,04-Sep-2026,16.96,17.29,17.29,16.52,16.98,73604,12.43,282,35870.0,48.73,2026-09-04
DIGITIDE,EQ,04-Sep-2026,95.52,95.55,98.19,95.31,97.01,263762,255.93,1597,122342.0,46.38,2026-09-04
DIGJAMLMTD,EQ,04-Sep-2026,49.4,50.48,51.0,49.41,49.96,1422,0.72,33,773.0,54.36,2026-09-04
DISAQ,EQ,04-Sep-2026,11775.0,11987.0,12119.0,11825.0,11990.0,61,7.32,48,31.0,50.82,2026-09-04
DISHTV,EQ,04-Sep-2026,2.61,2.61,2.65,2.51,2.57,1807676,46.65,1693,1355353.0,74.98,2026-09-04
DIVGIITTS,EQ,04-Sep-2026,1235.2,1245.1,1268.3,1211.2,1235.8,94690,1165.23,7891,42835.0,45.24,2026-09-04
DIVIDEND,EQ,04-Sep-2026,35.55,35.72,35.72,35.49,35.62,2476,0.88,61,1492.0,60.26,2026-09-04
DIVINEHIRA,ST,04-Sep-2026,113.7,115.0,115.0,109.0,109.45,16800,18.59,8,12000.0,71.43,2026-09-04
DIVISLAB,EQ,04-Sep-2026,9250.0,9244.0,9269.0,9100.0,9100.0,250202,22949.32,28411,158206.0,63.23,2026-09-04
DIVOPPBEES,EQ,04-Sep-2026,76.68,76.68,77.4,76.27,76.77,97372,74.76,980,65760.0,67.53,2026-09-04
DIVYADHAN,ST,04-Sep-2026,42.85,44.95,44.95,44.9,44.9,12000,5.39,3,12000.0,100.0,2026-09-04
DIXON,EQ,04-Sep-2026,14445.0,14445.0,14463.0,14070.0,14240.0,350720,49916.2,53585,129916.0,37.04,2026-09-04
DJML,EQ,04-Sep-2026,70.71,70.71,76.9,70.71,75.64,234263,175.34,2757,96217.0,41.07,2026-09-04
DLF,EQ,04-Sep-2026,681.65,681.65,689.75,680.8,681.9,1911967,13106.83,51851,1017091.0,53.2,2026-09-04
DLINKINDIA,EQ,04-Sep-2026,452.35,453.0,455.9,448.4,451.15,67520,304.71,2802,31849.0,47.17,2026-09-04
DMART,EQ,04-Sep-2026,3763.0,3765.0,3779.9,3745.9,3770.0,288600,10857.63,20814,175208.0,60.71,2026-09-04
DMCC,EQ,04-Sep-2026,295.5,294.7,302.0,291.1,293.35,46455,137.86,1452,20062.0,43.19,2026-09-04
DNAMEDIA,EQ,04-Sep-2026,2.63,2.68,2.7,2.51,2.63,34439,0.9,123,22011.0,63.91,2026-09-04
DODLA,EQ,04-Sep-2026,1069.9,1081.7,1081.7,1062.0,1066.8,8579,91.66,1616,4825.0,56.24,2026-09-04
DOLATALGO,EQ,04-Sep-2026,70.05,70.49,72.99,70.11,70.91,187699,133.76,1685,79123.0,42.15,2026-09-04
DOLLAR,EQ,04-Sep-2026,265.0,265.55,267.1,262.8,264.25,36786,97.37,1075,20289.0,55.15,2026-09-04
DOLLEX,SM,04-Sep-2026,35.0,36.8,36.8,36.8,36.8,4000,1.47,1,4000.0,100.0,2026-09-04
DOLPHIN,EQ,04-Sep-2026,619.6,625.0,681.55,623.3,674.0,169333,1120.78,3757,88126.0,52.04,2026-09-04
DOMS,EQ,04-Sep-2026,2207.6,2205.0,2224.8,2183.2,2208.7,77261,1704.29,10476,41719.0,54.0,2026-09-04
DONEAR,EQ,04-Sep-2026,88.56,90.39,93.47,89.1,92.25,106790,97.88,698,64195.0,60.11,2026-09-04
DPABHUSHAN,EQ,04-Sep-2026,1359.4,1362.8,1445.0,1362.8,1414.2,36359,514.36,3609,9960.0,27.39,2026-09-04
DPEL,SM,04-Sep-2026,577.3,579.95,580.0,577.0,578.75,12000,69.48,21,6000.0,50.0,2026-09-04
DPSCLTD,BE,04-Sep-2026,7.27,7.4,7.45,6.95,7.09,147130,10.54,464,,,2026-09-04
DPWIRES,BE,04-Sep-2026,153.99,154.0,156.5,154.0,154.62,2489,3.85,69,,,2026-09-04
DRAGARWQ,EQ,04-Sep-2026,5339.0,5339.0,5474.0,5302.0,5422.5,954,51.42,193,774.0,81.13,2026-09-04
DRCSYSTEMS,EQ,04-Sep-2026,13.42,13.21,13.85,13.21,13.64,37863,5.16,229,27690.0,73.13,2026-09-04
DREAMFOLKS,EQ,04-Sep-2026,66.33,66.1,67.47,66.07,66.93,38187,25.38,694,22708.0,59.47,2026-09-04
DREDGECORP,EQ,04-Sep-2026,1074.7,1074.7,1117.5,1074.7,1087.7,128213,1405.81,8211,35502.0,27.69,2026-09-04
DRONE,SM,04-Sep-2026,34.0,34.15,34.15,32.0,33.5,43500,14.46,75,28000.0,64.37,2026-09-04
DRREDDY,EQ,04-Sep-2026,1155.0,1157.0,1166.8,1151.0,1151.0,568461,6594.07,33569,323584.0,56.92,2026-09-04
DSFCL,BE,04-Sep-2026,25.75,25.79,26.24,25.5,25.81,66854,17.22,145,,,2026-09-04
DSSL,EQ,04-Sep-2026,1003.0,992.6,1053.1,990.0,1053.1,34708,360.05,2982,18049.0,52.0,2026-09-04
DTIL,BE,04-Sep-2026,152.87,153.63,153.63,146.6,150.64,6245,9.33,110,,,2026-09-04
DUCOL,SM,04-Sep-2026,109.0,109.0,114.9,108.0,108.0,4000,4.4,5,3200.0,80.0,2026-09-04
DUCON,EQ,04-Sep-2026,1.93,1.92,1.99,1.84,1.92,1709236,32.33,1080,1306124.0,76.42,2026-09-04
DUCON-RE1,BE,04-Sep-2026,0.65,0.39,0.41,0.39,0.39,5721926,22.32,1818,,,2026-09-04
DUGLOBAL,SM,04-Sep-2026,25.0,25.7,25.7,25.5,25.55,12500,3.2,4,12500.0,100.0,2026-09-04
DURLAX,SM,04-Sep-2026,66.5,66.45,66.5,64.1,64.5,26000,16.89,12,16000.0,61.54,2026-09-04
DVL,EQ,04-Sep-2026,285.8,284.45,292.0,284.45,290.05,15605,45.12,492,10053.0,64.42,2026-09-04
DWARKESH,EQ,04-Sep-2026,49.32,49.41,49.41,47.01,47.31,2333510,1114.45,9152,858760.0,36.8,2026-09-04
DYCL,EQ,04-Sep-2026,544.3,541.9,546.8,484.0,487.9,1789647,9034.16,44589,739649.0,41.33,2026-09-04
DYNAMATECH,EQ,04-Sep-2026,11532.0,11560.0,11775.0,11558.0,11654.0,8608,1003.06,3309,2830.0,32.88,2026-09-04
DYNAMIC,ST,04-Sep-2026,141.7,141.8,148.75,139.05,146.3,14500,21.06,29,11000.0,75.86,2026-09-04
DYNPRO,EQ,04-Sep-2026,237.81,240.0,248.0,235.0,236.06,37117,89.74,1061,26340.0,70.96,2026-09-04
E2E,BE,04-Sep-2026,592.7,573.1,615.0,573.1,601.55,631973,3770.09,11345,,,2026-09-04
E2ERAIL,SM,04-Sep-2026,345.4,337.0,364.95,337.0,353.1,83200,291.28,86,35200.0,42.31,2026-09-04
EASEMYTRIP,EQ,04-Sep-2026,5.97,6.03,6.03,5.98,6.0,5002636,300.43,4499,2699285.0,53.96,2026-09-04
EASTSILK,BE,04-Sep-2026,63.99,63.99,63.99,60.8,61.0,1126,0.69,29,,,2026-09-04
EASTWEST,EQ,04-Sep-2026,2.34,2.3,2.4,2.28,2.36,61727,1.44,167,47970.0,77.71,2026-09-04
EBANK10,EQ,04-Sep-2026,16.83,16.83,16.84,16.66,16.84,401,0.07,15,398.0,99.25,2026-09-04
EBANKNIFTY,EQ,04-Sep-2026,58.22,58.11,58.27,57.82,58.26,2088,1.21,15,2026.0,97.03,2026-09-04
EBBETF0430,EQ,04-Sep-2026,1607.71,1611.98,1611.98,1607.71,1609.05,2002,32.22,260,1606.0,80.22,2026-09-04
EBBETF0431,EQ,04-Sep-2026,1439.55,1432.36,1443.67,1431.0,1440.43,5856,84.34,200,2790.0,47.64,2026-09-04
EBBETF0433,EQ,04-Sep-2026,1309.36,1313.15,1314.98,1306.53,1311.12,2625,34.44,95,1894.0,72.15,2026-09-04
EBGNG,EQ,04-Sep-2026,622.1,622.0,633.4,583.0,601.25,1005022,6081.54,40195,446481.0,44.42,2026-09-04
EBIX,BE,04-Sep-2026,19.84,20.24,20.48,19.5,20.28,20412,4.05,75,,,2026-09-04
ECAPINSURE,EQ,04-Sep-2026,23.77,23.89,24.0,23.72,23.99,53393,12.72,176,47016.0,88.06,2026-09-04
ECLERX,EQ,04-Sep-2026,1971.7,1960.0,1967.8,1878.3,1905.7,163141,3148.58,22979,70117.0,42.98,2026-09-04
ECOLINE,ST,04-Sep-2026,180.0,181.0,183.0,176.0,180.35,31000,55.83,19,31000.0,100.0,2026-09-04
ECORECO,EQ,04-Sep-2026,456.1,462.0,468.95,455.85,459.35,10145,46.88,655,8157.0,80.4,2026-09-04
ECOSMOBLTY,EQ,04-Sep-2026,113.93,113.93,115.9,112.13,113.54,79330,90.2,1366,47505.0,59.88,2026-09-04
EDELWEISS,EQ,04-Sep-2026,134.76,136.11,138.24,134.76,136.08,11273587,15377.91,64340,4802952.0,42.6,2026-09-04
EEPL,ST,04-Sep-2026,135.05,132.0,141.7,132.0,139.7,18000,24.9,18,17000.0,94.44,2026-09-04
EFACTOR,SM,04-Sep-2026,175.0,180.0,180.0,168.15,173.0,3600,6.33,6,2000.0,55.56,2026-09-04
EFCIL,EQ,04-Sep-2026,200.84,198.09,202.0,192.0,193.24,235570,462.46,4668,136097.0,57.77,2026-09-04
EFFWA,ST,04-Sep-2026,368.15,370.0,380.0,350.2,360.0,8800,32.0,19,8800.0,100.0,2026-09-04
EFORCE,SM,04-Sep-2026,19.5,19.3,21.4,19.3,20.05,16800,3.41,14,12000.0,71.43,2026-09-04
EGOLD,EQ,04-Sep-2026,152.6,153.2,154.4,153.05,153.8,167536,257.68,360,160267.0,95.66,2026-09-04
EICHERMOT,EQ,04-Sep-2026,7690.0,7665.0,7665.5,7590.0,7630.5,492954,37577.57,47403,343882.0,69.76,2026-09-04
EIDPARRY,EQ,04-Sep-2026,778.25,778.25,784.5,774.85,781.35,270760,2109.82,11684,131254.0,48.48,2026-09-04
EIEL,EQ,04-Sep-2026,195.66,196.9,201.7,195.65,199.17,769678,1530.11,12654,304654.0,39.58,2026-09-04
EIFFL,BE,04-Sep-2026,278.6,273.05,273.05,273.05,273.05,1424,3.89,15,,,2026-09-04
EIHAHOTELS,EQ,04-Sep-2026,303.85,305.45,308.6,295.3,297.65,11705,35.1,1161,8049.0,68.77,2026-09-04
EIHOTEL,EQ,04-Sep-2026,290.75,292.65,293.4,290.1,291.9,154906,451.93,10144,83244.0,53.74,2026-09-04
EIMCOELECO,EQ,04-Sep-2026,2280.4,2286.1,2286.1,2240.0,2254.4,19567,442.24,2517,11877.0,60.7,2026-09-04
EKC,EQ,04-Sep-2026,107.0,107.4,107.65,105.15,106.42,150735,160.17,1680,95432.0,63.31,2026-09-04
EKI,EQ,04-Sep-2026,74.06,73.15,76.0,73.11,74.13,6162,4.58,205,4839.0,78.53,2026-09-04
ELANTAS,EQ,04-Sep-2026,12114.0,12395.0,12400.0,12100.0,12219.0,1367,166.91,588,714.0,52.23,2026-09-04
ELCIDIN,EQ,04-Sep-2026,106500.0,109880.0,109880.0,107400.0,107590.0,12,12.95,12,7.0,58.33,2026-09-04
ELDEHSG,EQ,04-Sep-2026,790.45,781.0,801.0,781.0,789.1,415,3.28,35,361.0,86.99,2026-09-04
ELECON,EQ,04-Sep-2026,435.95,436.5,442.5,428.75,433.75,535067,2329.35,20353,159527.0,29.81,2026-09-04
ELECTCAST,EQ,04-Sep-2026,83.85,84.3,84.9,82.61,83.71,1762760,1474.18,13251,752076.0,42.66,2026-09-04
ELECTHERM,EQ,04-Sep-2026,979.9,979.9,999.9,979.9,980.9,7385,72.64,331,5848.0,79.19,2026-09-04
ELGIEQUIP,EQ,04-Sep-2026,630.35,632.95,645.4,627.5,642.1,691967,4415.7,22241,317521.0,45.89,2026-09-04
ELGIRUBCO,EQ,04-Sep-2026,59.08,59.98,59.98,58.1,58.69,44079,25.93,1003,17645.0,40.03,2026-09-04
ELGNZ,SM,04-Sep-2026,84.05,85.5,88.25,84.3,87.55,25000,21.5,24,16000.0,64.0,2026-09-04
ELIN,EQ,04-Sep-2026,95.26,95.26,97.3,95.0,95.4,196524,188.68,2356,109742.0,55.84,2026-09-04
ELIQUID,EQ,04-Sep-2026,1046.25,1046.75,1046.75,1046.59,1046.6,11691,122.36,7,11691.0,100.0,2026-09-04
ELITECON,EQ,04-Sep-2026,9.13,8.68,8.68,8.68,8.68,1122582,97.44,3278,1122582.0,100.0,2026-09-04
ELLEN,EQ,04-Sep-2026,330.45,333.8,340.15,327.5,331.85,759237,2546.85,15867,352897.0,46.48,2026-09-04
ELM250,EQ,04-Sep-2026,16.65,16.8,16.8,16.51,16.61,355767,59.27,278,337329.0,94.82,2026-09-04
ELMDIV,EQ,04-Sep-2026,36.38,36.99,36.99,36.49,36.5,602,0.22,12,598.0,99.34,2026-09-04
ELPROINTL,EQ,04-Sep-2026,174.44,173.66,174.94,173.58,174.0,3631,6.32,75,2242.0,61.75,2026-09-04
EMAMILTD,EQ,04-Sep-2026,368.2,370.0,371.4,361.85,366.05,1293997,4719.13,22806,767481.0,59.31,2026-09-04
EMAMIPAP,BE,04-Sep-2026,110.4,112.35,115.92,111.7,115.92,35403,40.63,307,,,2026-09-04
EMAMIREAL,EQ,04-Sep-2026,68.7,69.29,69.3,65.7,66.74,24880,16.65,382,19723.0,79.27,2026-09-04
EMAPARTNER,SM,04-Sep-2026,83.05,85.0,86.0,80.55,85.35,18000,15.12,16,14000.0,77.78,2026-09-04
EMBASSY,RR,04-Sep-2026,438.57,439.97,439.97,435.11,438.69,641632,2814.59,10850,611702.0,95.34,2026-09-04
EMBDL,EQ,04-Sep-2026,58.59,58.65,59.19,57.25,57.53,2533639,1470.92,11846,1276003.0,50.36,2026-09-04
EMCURE,EQ,04-Sep-2026,1854.7,1888.0,1935.0,1874.7,1927.6,276608,5296.89,24433,112894.0,40.81,2026-09-04
EMETAL,EQ,04-Sep-2026,13.19,13.21,13.36,13.13,13.36,5051,0.66,14,4890.0,96.81,2026-09-04
EMIL,EQ,04-Sep-2026,176.16,175.4,176.67,167.54,173.74,1637322,2821.54,22574,726750.0,44.39,2026-09-04
EMKAY,EQ,04-Sep-2026,257.75,259.0,270.0,255.15,267.25,54753,144.79,1159,38638.0,70.57,2026-09-04
EMKAYTOOLS,SM,04-Sep-2026,96.05,93.5,98.0,93.5,98.0,1350,1.32,9,1200.0,88.89,2026-09-04
EMMBI,BE,04-Sep-2026,90.17,91.05,94.2,90.75,91.0,5830,5.36,66,,,2026-09-04
EMMIL,SM,04-Sep-2026,120.65,120.0,124.0,118.15,120.1,15750,19.05,25,11000.0,69.84,2026-09-04
EMMVEE,EQ,04-Sep-2026,326.4,327.0,330.9,322.3,325.2,873378,2842.98,27551,380050.0,43.51,2026-09-04
EMPIND,EQ,04-Sep-2026,1195.9,1202.0,1208.3,1192.0,1195.6,6883,82.42,500,5777.0,83.93,2026-09-04
EMPOWER,EQ,04-Sep-2026,1.82,1.73,1.9,1.73,1.84,26427168,469.45,4753,11039243.0,41.77,2026-09-04
EMSLIMITED,EQ,04-Sep-2026,387.35,387.35,388.95,381.0,383.05,166270,636.77,4614,72617.0,43.67,2026-09-04
EMUDHRA,EQ,04-Sep-2026,519.85,519.85,534.4,519.85,524.8,71392,375.31,2873,36777.0,51.51,2026-09-04
EMULTIMQ,EQ,04-Sep-2026,41.77,42.19,42.24,41.75,42.0,11409,4.79,126,7297.0,63.96,2026-09-04
ENCOMPAS,SM,04-Sep-2026,248.65,251.45,258.95,248.0,256.8,9600,24.29,21,7600.0,79.17,2026-09-04
ENDURANCE,EQ,04-Sep-2026,2754.7,2757.0,2795.0,2736.6,2782.8,50285,1389.5,9180,32106.0,63.85,2026-09-04
ENERGY,EQ,04-Sep-2026,38.41,38.49,38.81,38.3,38.41,274108,105.43,773,232941.0,84.98,2026-09-04
ENERGYAXIS,EQ,04-Sep-2026,19.2,19.0,19.17,19.0,19.15,7399,1.41,52,7292.0,98.55,2026-09-04
ENERGYDEV,EQ,04-Sep-2026,15.5,15.99,15.99,15.45,15.49,11133,1.74,171,8678.0,77.95,2026-09-04
ENEXT50,EQ,04-Sep-2026,72.8,73.52,73.55,73.1,73.1,275,0.2,9,275.0,100.0,2026-09-04
ENFUSE,SM,04-Sep-2026,160.75,155.05,155.05,155.0,155.0,1800,2.79,3,1800.0,100.0,2026-09-04
ENGINERSIN,EQ,04-Sep-2026,281.95,282.4,284.5,278.35,279.45,3490446,9836.98,51832,1377233.0,39.46,2026-09-04
ENIFTY,EQ,04-Sep-2026,24.15,24.75,24.75,24.1,24.19,6023,1.46,58,4517.0,75.0,2026-09-04
ENIL,EQ,04-Sep-2026,99.61,99.67,103.1,99.67,102.65,27341,27.75,582,20099.0,73.51,2026-09-04
ENKEIWHEL,EQ,04-Sep-2026,380.8,396.0,400.0,384.0,389.8,776,3.06,73,744.0,95.88,2026-09-04
ENRIN,EQ,04-Sep-2026,3155.2,3160.0,3186.8,3106.0,3115.7,262111,8199.98,34297,151491.0,57.8,2026-09-04
ENSER,SM,04-Sep-2026,14.8,15.35,15.35,15.25,15.3,50000,7.67,10,50000.0,100.0,2026-09-04
ENTERO,EQ,04-Sep-2026,1848.0,1848.0,1868.9,1811.1,1827.6,96165,1771.31,11496,46199.0,48.04,2026-09-04
ENVIRO,SM,04-Sep-2026,71.15,69.1,71.25,69.05,70.5,11000,7.72,11,6000.0,54.55,2026-09-04
EPACK,EQ,04-Sep-2026,189.08,191.0,192.5,187.99,189.27,343336,651.42,5259,148156.0,43.15,2026-09-04
EPACKPEB,EQ,04-Sep-2026,227.3,227.5,233.85,227.5,231.11,324727,749.59,5343,127314.0,39.21,2026-09-04
EPIGRAL,EQ,04-Sep-2026,1236.7,1230.0,1254.8,1214.5,1219.7,48188,593.37,6030,22191.0,46.05,2026-09-04
EPL,EQ,04-Sep-2026,246.55,246.55,250.9,244.55,247.1,3718253,9200.6,30937,1751312.0,47.1,2026-09-04
EPWINDIA,ST,04-Sep-2026,256.0,245.0,245.0,243.2,244.1,4800,11.71,4,4800.0,100.0,2026-09-04
EQUAL200,EQ,04-Sep-2026,13.83,13.95,13.95,13.81,13.82,10167,1.41,48,9375.0,92.21,2026-09-04
EQUAL50,EQ,04-Sep-2026,329.56,329.56,330.22,329.4,330.22,444,1.46,8,227.0,51.13,2026-09-04
EQUAL50ADD,EQ,04-Sep-2026,340.57,341.54,342.0,338.98,340.33,15781,53.81,242,12480.0,79.08,2026-09-04
EQUIPPP,BE,04-Sep-2026,22.89,22.89,22.89,22.1,22.75,1891,0.43,12,,,2026-09-04
EQUITASBNK,EQ,04-Sep-2026,73.04,73.05,73.99,72.8,72.95,534782,392.48,6980,316827.0,59.24,2026-09-04
ERIS,EQ,04-Sep-2026,1303.5,1301.0,1332.2,1301.0,1321.7,69111,912.29,10716,41703.0,60.34,2026-09-04
ESABINDIA,EQ,04-Sep-2026,6077.5,6107.5,6114.0,6050.0,6067.5,2820,171.21,1113,1747.0,61.95,2026-09-04
ESAFSFB,BE,04-Sep-2026,41.67,41.67,41.84,41.05,41.41,271495,112.39,1394,,,2026-09-04
ESCONET,SM,04-Sep-2026,227.45,221.0,238.8,221.0,238.6,40800,96.07,87,31600.0,77.45,2026-09-04
ESCORTS,EQ,04-Sep-2026,2978.2,2993.0,3001.0,2960.3,2968.8,62925,1870.46,12404,34866.0,55.41,2026-09-04
ESDS,EQ,04-Sep-2026,429.0,757.0,908.4,756.0,908.4,15790052,131158.75,192111,10515154.0,66.59,2026-09-04
ESENSEX,EQ,04-Sep-2026,77.32,77.0,77.56,77.0,77.46,37,0.03,10,23.0,62.16,2026-09-04
ESFL,SM,04-Sep-2026,115.15,121.0,121.6,116.6,120.75,11160,13.35,23,10080.0,90.32,2026-09-04
ESG,EQ,04-Sep-2026,41.07,41.16,41.2,41.0,41.15,2704,1.11,53,2426.0,89.72,2026-09-04
ESILVER,EQ,04-Sep-2026,229.84,224.09,234.69,224.09,232.78,221315,515.15,798,198113.0,89.52,2026-09-04
ESPRIT,SM,04-Sep-2026,63.5,63.0,63.5,63.0,63.0,4800,3.03,3,3200.0,66.67,2026-09-04
ESSARSHPNG,EQ,04-Sep-2026,16.87,17.0,17.65,16.9,17.09,325102,55.91,1388,187749.0,57.75,2026-09-04
ESSENTIA,EQ,04-Sep-2026,1.05,1.05,1.08,1.05,1.05,2849052,30.29,825,1213667.0,42.6,2026-09-04
ESTER,EQ,04-Sep-2026,94.03,94.04,94.72,93.0,93.57,41294,38.67,656,26083.0,63.16,2026-09-04
ETERNAL,EQ,04-Sep-2026,324.8,325.3,327.75,320.8,322.75,17824027,57676.62,108841,11256198.0,63.15,2026-09-04
ETHOSLTD,EQ,04-Sep-2026,2793.1,2794.0,2905.6,2776.0,2792.8,79319,2262.57,7746,55297.0,69.71,2026-09-04
ETL,SM,04-Sep-2026,1098.1,1035.15,1047.0,1035.15,1047.0,300,3.12,2,300.0,100.0,2026-09-04
ETML,SM,04-Sep-2026,82.0,80.8,85.8,80.8,81.95,6000,4.96,5,2400.0,40.0,2026-09-04
EUREKAFORB,EQ,04-Sep-2026,429.25,430.0,430.0,422.15,423.75,99508,423.13,7971,47482.0,47.72,2026-09-04
EUROBOND,EQ,04-Sep-2026,151.1,154.0,154.0,148.01,151.0,921,1.38,65,682.0,74.05,2026-09-04
EUROPRATIK,EQ,04-Sep-2026,267.0,267.0,270.05,258.0,263.75,192832,504.79,2636,45602.0,23.65,2026-09-04
EUROTEXIND,BE,04-Sep-2026,13.99,13.73,13.73,13.73,13.73,300,0.04,1,,,2026-09-04
EVEREADY,EQ,04-Sep-2026,319.45,319.0,322.3,316.0,317.9,57194,182.43,1346,35991.0,62.93,2026-09-04
EVERESTIND,BE,04-Sep-2026,425.25,425.0,433.95,415.0,423.9,12743,53.88,149,,,2026-09-04
EVIETF,EQ,04-Sep-2026,32.56,32.89,32.89,32.31,32.47,183629,59.56,834,122880.0,66.92,2026-09-04
EVINDIA,EQ,04-Sep-2026,32.67,32.8,32.8,32.38,32.44,304394,98.9,1987,237744.0,78.1,2026-09-04
EXCELINDUS,EQ,04-Sep-2026,1034.9,1035.1,1045.0,1026.1,1031.4,4529,46.8,619,2613.0,57.69,2026-09-04
EXCELLENT,ST,04-Sep-2026,209.0,209.0,209.5,208.0,209.5,6400,13.37,4,6400.0,100.0,2026-09-04
EXCELSOFT,EQ,04-Sep-2026,70.66,70.5,71.8,69.52,70.23,299626,211.52,2293,122378.0,40.84,2026-09-04
EXICOM,EQ,04-Sep-2026,166.13,166.8,179.75,166.8,177.85,5389417,9479.6,51639,1652933.0,30.67,2026-09-04
EXIDEIND,EQ,04-Sep-2026,423.0,423.9,428.5,416.4,424.35,2581393,10917.13,39007,1139592.0,44.15,2026-09-04
EXIMROUTES,SM,04-Sep-2026,107.1,107.1,107.1,107.1,107.1,1600,1.71,2,1600.0,100.0,2026-09-04
EXPLEOSOL,EQ,04-Sep-2026,898.75,904.0,910.0,888.0,899.0,27691,247.96,2682,14127.0,51.02,2026-09-04
EXXARO,EQ,04-Sep-2026,6.7,6.6,6.85,6.5,6.59,298855,19.8,712,242227.0,81.05,2026-09-04
FABTECH,EQ,04-Sep-2026,147.33,147.14,152.26,147.07,150.2,112484,168.75,1375,61323.0,54.52,2026-09-04
FACT,EQ,04-Sep-2026,800.2,803.05,812.5,798.15,801.4,97544,785.04,6313,31212.0,32.0,2026-09-04
FAIRCHEMOR,BE,04-Sep-2026,661.1,661.1,661.1,652.0,660.25,3280,21.6,57,,,2026-09-04
FALCONTECH,SM,04-Sep-2026,12.45,12.45,12.45,12.45,12.45,1200,0.15,1,1200.0,100.0,2026-09-04
FASCINATE,ST,04-Sep-2026,76.35,72.55,72.55,72.55,72.55,13600,9.87,16,13600.0,100.0,2026-09-04
FAZE3Q,EQ,04-Sep-2026,498.4,502.35,502.35,485.1,493.95,9304,46.06,655,4298.0,46.2,2026-09-04
FCL,EQ,04-Sep-2026,48.41,48.68,52.1,48.6,51.51,20692198,10549.91,50149,8669984.0,41.9,2026-09-04
FCSSOFT,EQ,04-Sep-2026,1.44,1.44,1.46,1.44,1.45,1046769,15.17,1057,766732.0,73.25,2026-09-04
FDC,EQ,04-Sep-2026,341.6,343.0,351.8,341.55,342.8,120312,414.68,7719,65036.0,54.06,2026-09-04
FEDDERSHOL,EQ,04-Sep-2026,46.0,47.4,47.7,46.0,47.28,1773925,837.98,2439,238714.0,13.46,2026-09-04
FEDERALBNK,EQ,04-Sep-2026,344.6,344.9,344.9,341.8,343.0,4115397,14120.15,56122,2557269.0,62.14,2026-09-04
FEDFINA,EQ,04-Sep-2026,157.86,156.32,163.2,156.32,161.56,818017,1314.38,12601,397577.0,48.6,2026-09-04
FEL,BZ,04-Sep-2026,0.39,0.39,0.4,0.38,0.38,197550,0.78,97,,,2026-09-04
FELDVR,BZ,04-Sep-2026,2.2,2.19,2.21,2.1,2.17,2115,0.05,26,,,2026-09-04
FELIX,SM,04-Sep-2026,194.2,195.3,215.0,194.55,210.2,219000,447.27,247,116000.0,52.97,2026-09-04
FERMENTA,EQ,04-Sep-2026,502.3,502.3,509.35,491.65,498.5,101413,506.85,6328,50258.0,49.56,2026-09-04
FIBERWEB,EQ,04-Sep-2026,25.91,26.2,26.2,25.6,25.75,10675,2.75,91,9427.0,88.31,2026-09-04
FIDEL,SM,04-Sep-2026,139.05,140.0,142.0,140.0,142.0,10000,14.18,6,10000.0,100.0,2026-09-04
FIEMIND,EQ,04-Sep-2026,2036.9,2050.0,2092.4,2036.0,2085.8,46943,969.14,6225,25052.0,53.37,2026-09-04
FILATEX,EQ,04-Sep-2026,76.72,77.1,78.45,75.65,77.72,1156499,894.5,9620,584717.0,50.56,2026-09-04
FILATFASH,EQ,04-Sep-2026,0.18,0.19,0.19,0.18,0.18,21161213,38.72,1613,14777497.0,69.83,2026-09-04
FINBUD,SM,04-Sep-2026,128.0,128.0,133.1,128.0,133.0,11000,14.33,7,10000.0,90.91,2026-09-04
FINCABLES,EQ,04-Sep-2026,1272.9,1223.5,1254.9,1211.0,1220.2,1492429,18449.01,48647,626265.0,41.96,2026-09-04
FINEORG,EQ,04-Sep-2026,5179.5,5178.5,5190.0,5136.0,5152.0,12034,620.84,3756,7028.0,58.4,2026-09-04
FINIETF,EQ,04-Sep-2026,32.65,33.46,33.46,32.69,32.95,174481,57.41,1226,114208.0,65.46,2026-09-04
FINKURVE,EQ,04-Sep-2026,70.23,69.9,73.72,69.74,72.31,62572,45.21,987,33615.0,53.72,2026-09-04
FINOPB,EQ,04-Sep-2026,140.23,140.25,142.9,138.5,139.33,82299,115.1,1305,41569.0,50.51,2026-09-04
FINPIPE,EQ,04-Sep-2026,158.9,160.0,160.0,156.0,158.63,507087,802.72,17238,128194.0,25.28,2026-09-04
FIRSTCRY,EQ,04-Sep-2026,178.67,179.0,183.0,176.25,180.16,1541167,2766.24,19085,408374.0,26.5,2026-09-04
FISCHER,EQ,04-Sep-2026,37.03,37.44,37.62,35.8,36.04,329518,119.81,1374,198042.0,60.1,2026-09-04
FIVESTAR,EQ,04-Sep-2026,534.6,538.0,538.0,512.5,523.05,915369,4757.12,39792,450242.0,49.19,2026-09-04
FLAIR,EQ,04-Sep-2026,248.11,249.55,249.95,242.4,243.71,105224,257.65,2424,63966.0,60.79,2026-09-04
FLEXIADD,EQ,04-Sep-2026,10.05,10.31,10.44,10.0,10.06,35100,3.53,354,22190.0,63.22,2026-09-04
FLEXITUFF,BE,04-Sep-2026,2.4,2.4,2.4,2.28,2.29,98460,2.27,175,,,2026-09-04
FLFL,BZ,04-Sep-2026,1.22,1.22,1.27,1.16,1.25,107261,1.29,79,,,2026-09-04
FLUOROCHEM,EQ,04-Sep-2026,4694.6,4839.3,4850.0,4461.1,4554.0,473510,21866.36,77614,197712.0,41.75,2026-09-04
FLYSBS,SM,04-Sep-2026,625.25,632.45,651.0,620.1,635.6,68800,436.32,221,43600.0,63.37,2026-09-04
FMCGADD,EQ,04-Sep-2026,46.22,46.22,48.8,46.11,46.25,47656,22.02,191,26376.0,55.35,2026-09-04
FMCGIETF,EQ,04-Sep-2026,49.46,49.0,49.75,49.0,49.47,2400471,1187.65,4684,1828434.0,76.17,2026-09-04
FMGOETZE,EQ,04-Sep-2026,613.7,511.0,517.5,499.6,501.45,1030188,5199.72,20491,363151.0,35.25,2026-09-04
FMNL,EQ,04-Sep-2026,9.62,9.81,10.1,9.63,10.1,18463,1.82,90,14450.0,78.26,2026-09-04
FOCE,SM,04-Sep-2026,512.0,487.0,487.0,487.0,487.0,480,2.34,2,480.0,100.0,2026-09-04
FOCUS,BE,04-Sep-2026,63.9,64.5,64.65,62.8,63.37,58966,37.31,431,,,2026-09-04
FONEBOX,SM,04-Sep-2026,95.25,99.5,100.0,99.5,100.0,2000,2.0,2,2000.0,100.0,2026-09-04
FOODSIN,EQ,04-Sep-2026,56.06,56.0,57.9,54.72,57.37,89638,50.95,1022,49114.0,54.79,2026-09-04
FORCEMOT,EQ,04-Sep-2026,17500.0,17515.0,17857.0,17500.0,17500.0,47840,8456.18,13497,18545.0,38.76,2026-09-04
FORGEAUTO,SM,04-Sep-2026,100.0,105.0,105.0,105.0,105.0,15600,16.38,11,12000.0,76.92,2026-09-04
FORTIS,EQ,04-Sep-2026,917.5,914.0,917.45,903.8,905.0,627470,5705.33,18123,322685.0,51.43,2026-09-04
FOSECOIND,EQ,04-Sep-2026,6372.5,6372.5,6404.0,6216.5,6263.0,7937,499.93,1992,3401.0,42.85,2026-09-04
FRACTAL,EQ,04-Sep-2026,817.4,819.0,830.0,817.2,825.45,216017,1780.15,15692,117701.0,54.49,2026-09-04
FREDUN,EQ,04-Sep-2026,1488.3,1502.9,1517.0,1458.0,1470.7,15103,224.73,1248,9286.0,61.48,2026-09-04
FRESHARA,ST,04-Sep-2026,439.75,440.0,440.0,417.8,425.7,49800,210.26,74,39000.0,78.31,2026-09-04
FROG,ST,04-Sep-2026,265.9,264.0,275.95,255.0,257.65,31600,83.98,73,29200.0,92.41,2026-09-04
FRONTSP,EQ,04-Sep-2026,1269.8,1267.3,1305.0,1255.9,1291.8,21620,278.84,2204,14593.0,67.5,2026-09-04
FSL,EQ,04-Sep-2026,265.3,265.6,273.85,263.75,264.4,942732,2524.26,19537,309249.0,32.8,2026-09-04
FUSION,EQ,04-Sep-2026,199.73,199.73,207.0,199.21,203.19,1385863,2827.28,18954,947622.0,68.38,2026-09-04
FWSTC,SM,04-Sep-2026,197.0,187.0,187.0,175.0,175.15,52200,91.58,18,51000.0,97.7,2026-09-04
GABRIEL,EQ,04-Sep-2026,1345.8,1349.0,1368.0,1310.6,1353.2,208239,2788.51,19505,73770.0,35.43,2026-09-04
GAEL,EQ,04-Sep-2026,170.88,170.88,171.2,167.2,167.81,466226,784.34,8584,235077.0,50.42,2026-09-04
GAIL,EQ,04-Sep-2026,174.67,174.27,174.27,171.92,173.4,3878219,6712.68,25389,1883619.0,48.57,2026-09-04
GAJA,EQ,04-Sep-2026,157.62,158.0,162.01,157.51,161.1,1327301,2125.53,15002,377772.0,28.46,2026-09-04
GAJANAND,SM,04-Sep-2026,8.9,8.0,8.85,8.0,8.4,6000,0.51,2,6000.0,100.0,2026-09-04
GALAPREC,EQ,04-Sep-2026,1026.2,1036.1,1038.9,1015.2,1024.0,21048,215.95,1748,11623.0,55.22,2026-09-04
GALAXYSURF,EQ,04-Sep-2026,2251.6,2251.6,2273.9,2143.5,2165.0,43774,955.16,8192,20817.0,47.56,2026-09-04
GALLANTT,EQ,04-Sep-2026,572.65,585.0,597.45,568.45,574.0,300142,1742.02,19112,70051.0,23.34,2026-09-04
GANDHAR,EQ,04-Sep-2026,267.4,268.4,269.05,261.0,267.6,860917,2287.97,10840,389610.0,45.26,2026-09-04
GANDHITUBE,EQ,04-Sep-2026,902.55,901.75,904.95,898.0,900.15,1700,15.32,207,1198.0,70.47,2026-09-04
GANECOS,EQ,04-Sep-2026,1015.4,1023.5,1023.5,962.5,999.9,331101,3279.88,28534,124618.0,37.64,2026-09-04
GANESHBE,BE,04-Sep-2026,121.18,123.29,125.0,121.0,123.23,82123,101.23,369,,,2026-09-04
GANESHCP,EQ,04-Sep-2026,168.82,169.79,176.98,168.47,174.46,117370,203.74,2220,58969.0,50.24,2026-09-04
GANESHHOU,EQ,04-Sep-2026,765.5,767.2,770.0,753.9,758.95,25372,193.15,1619,14629.0,57.66,2026-09-04
GANESHIN,ST,04-Sep-2026,99.75,99.8,100.0,96.35,99.0,58400,57.64,55,56000.0,95.89,2026-09-04
GANGABATH,SM,04-Sep-2026,20.75,20.8,20.8,20.15,20.3,30000,6.12,10,15000.0,50.0,2026-09-04
GANGAFORGE,EQ,04-Sep-2026,1.76,1.68,1.75,1.68,1.68,8689563,146.59,2873,4133797.0,47.57,2026-09-04
GANGESSECU,EQ,04-Sep-2026,119.9,120.05,123.9,118.02,118.71,1203,1.45,85,902.0,74.98,2026-09-04
GARFIBRES,EQ,04-Sep-2026,800.05,800.0,813.25,792.9,800.55,15701,125.5,3136,6996.0,44.56,2026-09-04
GARUDA,EQ,04-Sep-2026,178.88,178.75,181.11,178.0,178.73,285751,512.82,3997,140707.0,49.24,2026-09-04
GATECH,BE,04-Sep-2026,0.95,0.91,0.91,0.91,0.91,6348637,57.77,4662,,,2026-09-04
GATECHDVR,BE,04-Sep-2026,0.5,0.51,0.52,0.48,0.48,424573,2.1,284,,,2026-09-04
GATEWAY,EQ,04-Sep-2026,54.5,54.77,55.06,54.36,54.69,387773,212.0,3207,222384.0,57.35,2026-09-04
GAUDIUMIVF,BE,04-Sep-2026,117.24,115.01,122.0,113.0,116.43,193356,226.38,1472,,,2026-09-04
GAYAHWS,EQ,04-Sep-2026,1.96,2.0,2.04,1.92,1.93,206145,4.02,316,140740.0,68.27,2026-09-04
GAYAPROJ,EQ,04-Sep-2026,22.18,22.37,22.4,21.3,21.76,363836,80.09,1808,277553.0,76.29,2026-09-04
GCHOTELS,ST,04-Sep-2026,98.25,96.9,101.9,95.2,99.85,19800,19.46,33,16200.0,81.82,2026-09-04
GCSL,EQ,04-Sep-2026,586.7,592.0,596.85,577.7,595.15,726731,4273.75,8753,241064.0,33.17,2026-09-04
GEECEE,BE,04-Sep-2026,369.5,369.5,371.0,365.2,366.2,1125,4.16,27,,,2026-09-04
GEEKAYWIRE,EQ,04-Sep-2026,29.39,29.9,30.1,29.39,29.61,127142,37.56,850,102615.0,80.71,2026-09-04
GEMAROMA,EQ,04-Sep-2026,162.22,163.04,166.7,160.0,161.5,90914,147.69,1692,45606.0,50.16,2026-09-04
GENCON,EQ,04-Sep-2026,42.36,42.5,45.37,42.45,44.63,345096,152.36,1905,52929.0,15.34,2026-09-04
GENESYS,EQ,04-Sep-2026,222.63,222.63,234.0,222.62,230.88,475906,1085.56,7656,224624.0,47.2,2026-09-04
GENSOL,BZ,04-Sep-2026,17.17,17.15,17.89,17.01,17.28,49395,8.54,550,,,2026-09-04
GENUSPAPER,EQ,04-Sep-2026,12.44,12.57,12.83,12.21,12.76,216963,27.55,413,185250.0,85.38,2026-09-04
GENUSPOWER,EQ,04-Sep-2026,339.7,340.8,349.35,334.75,337.8,2486451,8472.96,50287,1112065.0,44.72,2026-09-04
GENXAI,SM,04-Sep-2026,81.5,82.0,82.5,80.1,80.3,15600,12.77,13,13200.0,84.62,2026-09-04
GEOJITFSL,EQ,04-Sep-2026,82.77,82.79,83.9,82.31,82.72,332909,276.54,2910,180191.0,54.13,2026-09-04
GESHIP,EQ,04-Sep-2026,1353.6,1360.4,1378.0,1340.0,1369.7,1043987,14237.12,60758,506400.0,48.51,2026-09-04
GFLLIMITED,EQ,04-Sep-2026,58.65,59.69,63.89,58.9,62.81,497897,308.51,4337,329930.0,66.26,2026-09-04
GGBL,SM,04-Sep-2026,221.85,221.0,224.65,219.05,222.9,18600,41.1,50,15000.0,80.65,2026-09-04
GHCL,EQ,04-Sep-2026,437.55,442.5,442.5,436.1,436.6,84548,371.09,3129,52793.0,62.44,2026-09-04
GHCLTEXTIL,EQ,04-Sep-2026,138.02,139.23,139.85,135.05,136.72,424691,581.44,5069,212762.0,50.1,2026-09-04
GICHSGFIN,EQ,04-Sep-2026,142.06,142.06,143.64,139.6,140.45,172955,243.99,2171,92017.0,53.2,2026-09-04
GICL,EQ,04-Sep-2026,24.0,24.0,24.9,23.33,24.6,162762,39.57,479,102185.0,62.78,2026-09-04
GICRE,EQ,04-Sep-2026,356.15,343.65,361.3,341.6,358.45,4931565,17470.93,51131,1641411.0,33.28,2026-09-04
GILLANDERS,EQ,04-Sep-2026,104.73,103.0,105.06,101.75,103.19,1894,1.95,46,1080.0,57.02,2026-09-04
GILLETTE,EQ,04-Sep-2026,7341.0,7340.0,7371.0,7300.0,7312.5,9291,680.6,2909,5407.0,58.2,2026-09-04
GILT10BETA,EQ,04-Sep-2026,26.68,26.68,26.75,26.22,26.58,1210,0.32,18,1114.0,92.07,2026-09-04
GILT5BETA,EQ,04-Sep-2026,66.49,66.49,67.06,66.49,66.94,18441,12.34,20,17657.0,95.75,2026-09-04
GILT5YBEES,EQ,04-Sep-2026,66.23,66.54,66.55,66.21,66.33,183586,121.73,383,132707.0,72.29,2026-09-04
GINNIFILA,BE,04-Sep-2026,43.17,43.79,43.79,41.56,42.57,55171,23.52,171,,,2026-09-04
GIPCL,EQ,04-Sep-2026,208.04,208.9,208.9,204.26,205.18,400260,824.05,6911,253113.0,63.24,2026-09-04
GIRIRAJ,SM,04-Sep-2026,78.55,78.0,78.55,74.65,74.65,879500,659.66,10,879250.0,99.97,2026-09-04
GJL,ST,04-Sep-2026,246.75,239.0,259.05,239.0,251.0,76800,187.96,49,75200.0,97.92,2026-09-04
GKB,EQ,04-Sep-2026,65.8,65.0,66.0,63.01,63.97,13013,8.42,30,7637.0,58.69,2026-09-04
GKENERGY,EQ,04-Sep-2026,129.55,129.55,131.0,128.0,128.96,264878,341.83,3758,132478.0,50.01,2026-09-04
GKSL,EQ,04-Sep-2026,171.51,172.88,175.09,171.51,172.81,238346,413.02,3887,75632.0,31.73,2026-09-04
GKWLIMITED,EQ,04-Sep-2026,1600.0,1622.0,1622.0,1582.0,1610.9,154,2.47,26,142.0,92.21,2026-09-04
GLAND,EQ,04-Sep-2026,2907.9,2915.0,2969.0,2851.1,2932.4,2977808,86441.88,106175,1280582.0,43.0,2026-09-04
GLAXO,EQ,04-Sep-2026,2937.5,2938.9,2972.8,2925.5,2958.1,48109,1419.8,7671,18464.0,38.38,2026-09-04
GLENMARK,EQ,04-Sep-2026,2459.0,2454.5,2456.7,2422.7,2437.2,412728,10054.01,25342,237692.0,57.59,2026-09-04
GLFL,EQ,04-Sep-2026,5.66,5.64,5.8,5.55,5.8,4293,0.25,17,4225.0,98.42,2026-09-04
GLOBAL,EQ,04-Sep-2026,116.27,116.3,126.45,115.39,120.45,570402,699.77,3953,325012.0,56.98,2026-09-04
GLOBALE,EQ,04-Sep-2026,11.38,11.38,11.5,10.86,11.39,18110,2.04,43,15864.0,87.6,2026-09-04
GLOBALPET,ST,04-Sep-2026,157.15,163.85,165.0,163.85,165.0,20250,33.39,21,20250.0,100.0,2026-09-04
GLOBALVECT,EQ,04-Sep-2026,142.65,144.0,144.0,140.1,141.16,2436,3.45,151,1850.0,75.94,2026-09-04
GLOBE,EQ,04-Sep-2026,1.91,1.93,1.94,1.87,1.89,440779,8.34,294,386779.0,87.75,2026-09-04
GLOBECIVIL,EQ,04-Sep-2026,48.92,48.85,49.01,47.61,48.15,41613,20.1,439,30457.0,73.19,2026-09-04
GLOBUSSPR,EQ,04-Sep-2026,919.65,919.65,919.65,910.0,914.3,46420,424.49,2535,26072.0,56.17,2026-09-04
GLOSTERLTD,EQ,04-Sep-2026,590.75,599.7,599.7,590.25,596.5,323,1.93,26,318.0,98.45,2026-09-04
GLOTTIS,EQ,04-Sep-2026,62.31,62.2,63.21,62.0,62.1,33918,21.07,469,30575.0,90.14,2026-09-04
GMBREW,EQ,04-Sep-2026,910.55,910.0,924.95,910.0,919.85,40347,370.19,2783,23618.0,58.54,2026-09-04
GMDCLTD,EQ,04-Sep-2026,565.85,566.2,570.75,561.0,562.95,503162,2842.78,15769,166092.0,33.01,2026-09-04
GML,SM,04-Sep-2026,17.85,18.0,18.45,17.85,17.85,6000,1.09,3,6000.0,100.0,2026-09-04
GMMPFAUDLR,EQ,04-Sep-2026,1073.5,1073.5,1175.0,1073.5,1147.9,1049404,12029.21,54027,270486.0,25.78,2026-09-04
GMRAIRPORT,EQ,04-Sep-2026,96.87,96.86,97.98,96.3,97.45,9286457,9038.11,42822,5598468.0,60.29,2026-09-04
GMRP&UI,EQ,04-Sep-2026,91.69,91.61,96.78,90.71,95.3,1966833,1855.68,12699,810841.0,41.23,2026-09-04
GNA,EQ,04-Sep-2026,531.8,537.0,557.0,529.55,551.05,276542,1515.14,8707,140383.0,50.76,2026-09-04
GNFC,EQ,04-Sep-2026,587.35,588.9,599.0,585.6,596.7,791924,4697.64,18983,391533.0,49.44,2026-09-04
GNRL,EQ,04-Sep-2026,96.72,97.6,101.2,96.9,99.27,185644,182.52,1776,148707.0,80.1,2026-09-04
GOACARBON,EQ,04-Sep-2026,375.25,377.1,381.0,372.0,378.45,9112,34.3,697,6295.0,69.08,2026-09-04
GOCLCORP,EQ,04-Sep-2026,422.95,425.0,431.0,423.0,427.45,304041,1298.67,8667,110833.0,36.45,2026-09-04
GOCOLORS,EQ,04-Sep-2026,322.55,323.6,328.5,323.1,326.65,46077,150.14,1320,23681.0,51.39,2026-09-04
GODAVARIB,EQ,04-Sep-2026,245.25,246.85,246.85,240.5,241.7,53060,128.47,1221,29661.0,55.9,2026-09-04
GODFRYPHLP,EQ,04-Sep-2026,2045.0,2045.0,2073.3,2040.0,2051.0,100359,2062.52,9709,29567.0,29.46,2026-09-04
GODIGIT,EQ,04-Sep-2026,257.85,256.4,261.0,254.4,258.3,203109,523.38,4972,123361.0,60.74,2026-09-04
GODREJAGRO,EQ,04-Sep-2026,658.95,657.0,665.5,638.7,644.85,306292,1984.05,17174,129552.0,42.3,2026-09-04
GODREJCP,EQ,04-Sep-2026,880.0,878.65,880.0,866.1,878.0,1306185,11425.89,24785,590152.0,45.18,2026-09-04
GODREJIND,EQ,04-Sep-2026,1154.3,1157.8,1187.2,1152.0,1163.5,60778,711.63,7015,18764.0,30.87,2026-09-04
GODREJPROP,EQ,04-Sep-2026,2001.5,2000.0,2021.7,1971.0,1982.0,307319,6129.8,17479,107209.0,34.89,2026-09-04
GOKEX,EQ,04-Sep-2026,767.65,768.5,802.5,768.5,789.2,472178,3727.84,16074,253013.0,53.58,2026-09-04
GOKUL,EQ,04-Sep-2026,41.95,41.6,43.9,41.44,42.96,221325,94.1,1596,54858.0,24.79,2026-09-04
GOKULAGRO,EQ,04-Sep-2026,234.91,234.1,236.67,229.98,231.17,282521,656.98,7042,133684.0,47.32,2026-09-04
GOLD1,EQ,04-Sep-2026,127.48,128.75,129.99,127.95,128.47,1165650,1497.37,6196,605197.0,51.92,2026-09-04
GOLD360,EQ,04-Sep-2026,149.4,150.15,151.0,149.6,149.7,9775,14.67,192,4812.0,49.23,2026-09-04
GOLDADD,EQ,04-Sep-2026,14.84,15.14,15.14,14.87,14.95,4153135,620.8,3490,3485113.0,83.92,2026-09-04
GOLDAXIS,EQ,04-Sep-2026,127.2,128.47,129.25,127.84,128.11,333634,428.19,2624,212753.0,63.77,2026-09-04
GOLDBEES,EQ,04-Sep-2026,126.23,126.85,127.72,126.78,127.17,20415178,25972.81,70327,8577919.0,42.02,2026-09-04
GOLDBETA,EQ,04-Sep-2026,128.5,129.05,130.3,129.05,129.5,548417,710.11,2289,409861.0,74.74,2026-09-04
GOLDBND,EQ,04-Sep-2026,152.71,154.98,154.98,152.93,153.82,2042,3.14,219,1207.0,59.11,2026-09-04
GOLDCASE,EQ,04-Sep-2026,24.03,24.51,24.51,24.13,24.21,8672063,2101.0,9012,4396300.0,50.69,2026-09-04
GOLDENTOBC,BZ,04-Sep-2026,25.0,25.0,25.0,24.0,24.96,3366,0.83,41,,,2026-09-04
GOLDETF,EQ,04-Sep-2026,148.23,148.61,150.73,148.61,149.46,1811520,2707.66,4481,1259490.0,69.53,2026-09-04
GOLDIAM,EQ,04-Sep-2026,340.65,341.05,350.0,341.05,345.3,332390,1148.14,7831,132929.0,39.99,2026-09-04
GOLDIETF,EQ,04-Sep-2026,130.75,131.21,132.99,131.21,131.8,4150183,5472.87,25030,2218228.0,53.45,2026-09-04
GOLDKART,SM,04-Sep-2026,100.0,102.0,102.0,102.0,102.0,1250,1.28,1,1250.0,100.0,2026-09-04
GOLDTECH,BE,04-Sep-2026,47.1,46.5,47.96,46.5,47.04,5814,2.76,60,,,2026-09-04
GOODLUCK,EQ,04-Sep-2026,469.4,468.95,480.0,468.1,472.9,455214,2157.84,9833,245110.0,53.85,2026-09-04
GOODYEAR,EQ,04-Sep-2026,736.7,733.1,748.0,733.1,741.5,2498,18.53,276,1641.0,65.69,2026-09-04
GOPAL,EQ,04-Sep-2026,265.4,267.45,267.5,263.8,265.1,84409,223.8,6321,45585.0,54.0,2026-09-04
GOYALALUM,EQ,04-Sep-2026,6.31,6.31,6.45,6.16,6.22,74465,4.67,368,29223.0,39.24,2026-09-04
GOYALSALT,SM,04-Sep-2026,106.5,106.0,106.0,105.0,105.0,1800,1.9,3,1800.0,100.0,2026-09-04
GPECO,ST,04-Sep-2026,422.3,423.0,443.4,423.0,441.55,32800,144.38,129,31800.0,96.95,2026-09-04
GPIL,EQ,04-Sep-2026,239.9,239.9,243.86,238.89,240.67,985110,2375.75,15181,516824.0,52.46,2026-09-04
GPPL,EQ,04-Sep-2026,165.43,165.5,165.83,160.81,161.62,1293533,2099.48,22993,600683.0,46.44,2026-09-04
GPTHEALTH,EQ,04-Sep-2026,153.68,153.29,159.0,151.96,158.17,259291,404.88,3723,123428.0,47.6,2026-09-04
GPTINFRA,EQ,04-Sep-2026,110.88,110.87,113.3,110.5,112.1,108936,121.66,1779,54678.0,50.19,2026-09-04
GRADIENTE,EQ,04-Sep-2026,2.67,2.77,2.8,2.65,2.71,1829209,50.0,462,792217.0,43.31,2026-09-04
GRANDOAK,EQ,04-Sep-2026,34.98,35.85,36.7,34.48,34.84,4351,1.54,320,2413.0,55.46,2026-09-04
GRANULES,EQ,04-Sep-2026,853.85,853.0,863.6,838.6,848.3,1172635,9947.33,27025,559829.0,47.74,2026-09-04
GRAPHISAD,SM,04-Sep-2026,25.6,26.1,26.6,25.1,25.5,10800,2.77,9,8400.0,77.78,2026-09-04
GRAPHITE,EQ,04-Sep-2026,721.3,721.8,740.3,714.65,733.6,1066661,7786.83,27873,308635.0,28.93,2026-09-04
GRASIM,EQ,04-Sep-2026,3310.0,3318.9,3332.6,3268.1,3322.0,892704,29613.17,43703,542315.0,60.75,2026-09-04
GRAUWEIL,EQ,04-Sep-2026,70.84,70.61,71.99,70.05,70.59,175799,124.76,2714,104993.0,59.72,2026-09-04
GRAVISSHO,EQ,04-Sep-2026,29.6,28.7,29.5,28.66,29.4,329,0.1,8,328.0,99.7,2026-09-04
GRAVITA,EQ,04-Sep-2026,1684.8,1684.8,1696.6,1615.1,1661.6,442686,7301.4,45023,222169.0,50.19,2026-09-04
GRCL,SM,04-Sep-2026,570.15,565.0,575.0,565.0,575.0,1250,7.09,4,1250.0,100.0,2026-09-04
GREAVESCOT,EQ,04-Sep-2026,194.78,193.5,197.07,193.21,195.56,467649,912.05,8117,204095.0,43.64,2026-09-04
GREENCHEF,SM,04-Sep-2026,66.5,68.0,71.5,66.2,66.2,32000,22.28,40,27200.0,85.0,2026-09-04
GREENLAM,EQ,04-Sep-2026,244.17,244.17,244.59,241.02,242.62,14287,34.67,570,8167.0,57.16,2026-09-04
GREENLEAF,ST,04-Sep-2026,110.0,112.35,115.4,112.35,115.0,4000,4.58,4,4000.0,100.0,2026-09-04
GREENPANEL,EQ,04-Sep-2026,157.62,159.2,162.0,157.3,158.32,268737,427.84,4915,124519.0,46.33,2026-09-04
GREENPLY,EQ,04-Sep-2026,293.0,292.1,307.9,292.1,304.7,387224,1171.92,6481,240949.0,62.22,2026-09-04
GREENPOWER,EQ,04-Sep-2026,9.19,9.19,9.34,9.19,9.28,1505445,139.52,3566,760037.0,50.49,2026-09-04
GRETEX,SM,04-Sep-2026,247.5,247.0,247.0,235.5,237.0,3000,7.25,4,3000.0,100.0,2026-09-04
GRINDWELL,EQ,04-Sep-2026,1974.4,1982.5,1997.3,1955.0,1962.5,10248,202.47,2912,5484.0,53.51,2026-09-04
GRINFRA,EQ,04-Sep-2026,871.1,878.95,878.95,865.6,869.1,8369,72.85,1224,4233.0,50.58,2026-09-04
GRMOVER,EQ,04-Sep-2026,85.81,85.82,88.15,85.46,87.53,1151167,993.9,4874,182530.0,15.86,2026-09-04
GROBTEA,EQ,04-Sep-2026,980.0,980.0,999.4,971.5,977.65,101,0.99,19,95.0,94.06,2026-09-04
GROWW,EQ,04-Sep-2026,190.24,193.0,195.68,191.85,194.0,44702306,86743.13,208015,21709004.0,48.56,2026-09-04
GROWWCAPM,EQ,04-Sep-2026,11.33,11.49,11.57,11.33,11.44,279688,32.03,643,156857.0,56.08,2026-09-04
GROWWCHEM,EQ,04-Sep-2026,30.19,30.19,30.68,30.1,30.24,4453571,1348.48,392,4330259.0,97.23,2026-09-04
GROWWDEFNC,EQ,04-Sep-2026,96.61,97.1,98.0,96.76,97.42,231792,226.07,2351,124530.0,53.72,2026-09-04
GROWWEV,EQ,04-Sep-2026,32.57,32.82,32.82,32.18,32.37,259593,84.07,2060,179432.0,69.12,2026-09-04
GROWWGOLD,EQ,04-Sep-2026,14.91,14.98,15.21,14.93,15.03,2159184,324.67,4385,1337889.0,61.96,2026-09-04
GROWWHOSPI,EQ,04-Sep-2026,52.06,52.11,52.59,51.77,51.83,303066,157.47,859,252869.0,83.44,2026-09-04
GROWWLIQID,EQ,04-Sep-2026,110.6,110.65,110.65,110.64,110.64,649969,719.14,224,478826.0,73.67,2026-09-04
GROWWLOVOL,EQ,04-Sep-2026,10.34,10.5,10.5,10.24,10.3,4721,0.49,144,2807.0,59.46,2026-09-04
GROWWMC150,EQ,04-Sep-2026,233.72,233.72,233.72,231.63,233.51,303,0.71,34,277.0,91.42,2026-09-04
GROWWMETAL,EQ,04-Sep-2026,12.48,12.48,12.77,12.32,12.72,467942,59.19,1502,195870.0,41.86,2026-09-04
GROWWMOM50,EQ,04-Sep-2026,11.02,11.17,11.17,10.92,10.99,277790,30.5,564,199222.0,71.72,2026-09-04
GROWWN200,EQ,04-Sep-2026,11.33,11.04,11.53,11.04,11.34,29513,3.34,209,18820.0,63.77,2026-09-04
GROWWNET,EQ,04-Sep-2026,10.79,10.95,10.95,10.63,10.86,490430,53.26,576,341834.0,69.7,2026-09-04
GROWWNIFTY,EQ,04-Sep-2026,9.66,9.65,9.76,9.65,9.68,684423,66.29,3382,349390.0,51.05,2026-09-04
GROWWNXT50,EQ,04-Sep-2026,73.45,73.99,73.99,72.81,73.45,2293,1.68,74,1544.0,67.34,2026-09-04
GROWWPOWER,EQ,04-Sep-2026,11.32,11.32,11.39,11.25,11.33,2199856,248.84,2548,1438692.0,65.4,2026-09-04
GROWWPSE,EQ,04-Sep-2026,97.89,97.3,99.48,95.9,98.3,4944,4.85,132,3447.0,69.72,2026-09-04
GROWWPSUBK,EQ,04-Sep-2026,85.33,86.48,86.48,85.01,85.88,1830,1.57,108,999.0,54.59,2026-09-04
GROWWRAIL,EQ,04-Sep-2026,28.05,28.19,28.22,27.85,28.08,2704363,759.75,2019,2548563.0,94.24,2026-09-04
GROWWRLTY,EQ,04-Sep-2026,10.2,10.3,10.34,10.15,10.21,161707,16.58,474,100518.0,62.16,2026-09-04
GROWWSC250,EQ,04-Sep-2026,10.66,10.72,10.72,10.6,10.69,100126,10.71,522,64125.0,64.04,2026-09-04
GROWWSLVR,EQ,04-Sep-2026,22.55,22.81,22.94,22.69,22.83,1486031,339.25,3142,680243.0,45.78,2026-09-04
GRPLTD,EQ,04-Sep-2026,1979.7,1998.2,2019.0,1959.0,2013.0,1281,25.69,217,1018.0,79.47,2026-09-04
GRSE,EQ,04-Sep-2026,2509.8,2517.9,2564.4,2517.9,2533.2,299818,7618.67,19311,101731.0,33.93,2026-09-04
GRWRHITECH,EQ,04-Sep-2026,7100.0,7117.5,7155.0,7050.0,7086.5,35292,2506.74,8008,21368.0,60.55,2026-09-04
GSEC10ADD,EQ,04-Sep-2026,26.49,26.79,26.79,26.48,26.79,42,0.01,4,22.0,52.38,2026-09-04
GSEC10IETF,EQ,04-Sep-2026,262.5,262.5,262.5,262.5,262.5,42,0.11,3,42.0,100.0,2026-09-04
GSEC10YEAR,EQ,04-Sep-2026,30.5,30.53,30.53,30.22,30.37,616,0.19,12,580.0,94.16,2026-09-04
GSEC5IETF,EQ,04-Sep-2026,66.51,66.51,66.51,66.51,66.51,862,0.57,24,862.0,100.0,2026-09-04
GSFC,EQ,04-Sep-2026,161.86,162.73,165.85,162.02,162.88,1107016,1810.49,12987,483918.0,43.71,2026-09-04
GSLSU,EQ,04-Sep-2026,27.02,27.02,28.37,27.02,28.37,31054,8.67,127,21683.0,69.82,2026-09-04
GSMFOILS,SM,04-Sep-2026,117.0,111.15,111.15,111.15,111.15,13500,15.01,18,13500.0,100.0,2026-09-04
GSPCROP,EQ,04-Sep-2026,625.9,627.0,627.6,616.0,619.25,119185,739.55,2145,40339.0,33.85,2026-09-04
GSS,EQ,04-Sep-2026,11.16,11.75,11.75,10.73,11.03,198815,21.99,369,141186.0,71.01,2026-09-04
GSTL,SM,04-Sep-2026,11.9,12.05,12.3,11.95,12.0,12000,1.45,11,9000.0,75.0,2026-09-04
GTECJAINX,BE,04-Sep-2026,28.85,29.0,29.29,28.0,29.27,5483,1.59,23,,,2026-09-04
GTL,EQ,04-Sep-2026,7.2,7.21,7.34,7.07,7.11,293515,20.99,698,193251.0,65.84,2026-09-04
GTLINFRA,EQ,04-Sep-2026,1.16,1.17,1.17,1.14,1.16,35008053,405.12,12244,18926055.0,54.06,2026-09-04
GTPL,EQ,04-Sep-2026,57.93,58.5,59.5,57.51,58.67,87796,51.45,928,57641.0,65.65,2026-09-04
GUFICBIO,EQ,04-Sep-2026,439.35,440.5,447.2,437.15,444.9,88007,389.55,3472,45027.0,51.16,2026-09-04
GUJALKALI,EQ,04-Sep-2026,722.85,728.5,736.0,715.1,721.6,109374,796.63,9119,40717.0,37.23,2026-09-04
GUJAPOLLO,EQ,04-Sep-2026,347.95,350.1,365.0,343.85,355.95,12193,43.34,416,7551.0,61.93,2026-09-04
GUJENERGY,EQ,04-Sep-2026,264.1,264.11,268.36,262.14,263.59,3952971,10475.1,52229,2578554.0,65.23,2026-09-04
GUJRAFFIA,EQ,04-Sep-2026,41.3,41.2,41.2,41.0,41.0,106,0.04,9,61.0,57.55,2026-09-04
GUJTHEM,EQ,04-Sep-2026,425.1,428.7,433.85,408.5,411.35,605159,2514.62,15623,289506.0,47.84,2026-09-04
GULFOILLUB,EQ,04-Sep-2026,1112.5,1089.9,1089.9,1054.5,1067.8,157655,1684.62,12754,86744.0,55.02,2026-09-04
GULFPETRO,BE,04-Sep-2026,66.82,66.82,66.82,64.5,65.91,51859,34.14,279,,,2026-09-04
GULPOLY,EQ,04-Sep-2026,186.27,186.27,188.01,184.42,186.01,133134,247.35,2261,57104.0,42.89,2026-09-04
GURUNANAK,SM,04-Sep-2026,35.15,34.0,36.9,33.4,36.9,28800,10.09,18,19200.0,66.67,2026-09-04
GVKPIL,BE,04-Sep-2026,2.05,2.08,2.09,2.05,2.08,561750,11.68,681,,,2026-09-04
GVPIL,EQ,04-Sep-2026,663.75,668.0,668.0,644.35,649.6,255215,1670.8,11937,123847.0,48.53,2026-09-04
GVPTECH,BE,04-Sep-2026,8.25,8.5,8.59,8.0,8.05,90191,7.32,388,,,2026-09-04
GVT&D,EQ,04-Sep-2026,4362.0,4352.0,4399.5,4304.3,4306.3,549760,23884.37,49520,292701.0,53.24,2026-09-04
GYFTR,EQ,04-Sep-2026,180.23,182.22,186.38,180.01,182.54,27733,50.83,629,15116.0,54.51,2026-09-04
HAL,EQ,04-Sep-2026,4765.6,4831.0,4936.0,4817.4,4856.0,1399667,68510.19,77137,445970.0,31.86,2026-09-04
HALDER,EQ,04-Sep-2026,284.9,282.0,295.0,282.0,293.5,26009,75.93,398,8834.0,33.97,2026-09-04
HALDYNGL,BE,04-Sep-2026,144.65,146.6,149.25,145.1,147.7,40259,59.33,352,,,2026-09-04
HALEOSLABS,EQ,04-Sep-2026,1482.1,1509.4,1509.4,1441.0,1451.3,5164,75.29,100,4998.0,96.79,2026-09-04
HAMPTON,EQ,04-Sep-2026,8.1,8.06,8.3,7.8,7.86,9884,0.79,114,9769.0,98.84,2026-09-04
HAPPSTMNDS,EQ,04-Sep-2026,353.95,355.0,358.0,352.6,354.0,1122676,3979.58,20317,422334.0,37.62,2026-09-04
HAPPY,SM,04-Sep-2026,86.65,87.0,93.0,82.65,89.65,116000,102.25,54,68000.0,58.62,2026-09-04
HAPPYFORGE,EQ,04-Sep-2026,2294.4,2265.1,2306.2,2226.6,2238.5,69563,1567.64,15374,42721.0,61.41,2026-09-04
HARDWYN,EQ,04-Sep-2026,9.11,9.11,9.35,8.99,9.13,1626111,148.79,1141,971372.0,59.74,2026-09-04
HARIOMPIPE,EQ,04-Sep-2026,355.45,357.5,364.6,352.75,359.2,113348,405.74,3478,43100.0,38.02,2026-09-04
HARRMALAYA,EQ,04-Sep-2026,191.2,193.0,195.49,190.92,192.72,7134,13.78,196,4171.0,58.47,2026-09-04
HARSHA,EQ,04-Sep-2026,451.05,451.35,457.1,447.3,454.35,132144,598.74,5837,76230.0,57.69,2026-09-04
HATHWAY,EQ,04-Sep-2026,10.26,10.26,10.58,10.26,10.52,1819906,189.45,1933,909265.0,49.96,2026-09-04
HATSUN,EQ,04-Sep-2026,1160.8,1159.9,1185.0,1124.9,1168.8,65825,762.84,5965,25083.0,38.11,2026-09-04
HAVELLS,EQ,04-Sep-2026,1200.0,1178.0,1178.0,1149.7,1154.0,2840527,32919.08,94606,1464035.0,51.54,2026-09-04
HAVISHA,EQ,04-Sep-2026,1.4,1.47,1.47,1.4,1.41,107777,1.54,134,57504.0,53.35,2026-09-04
HAWKINCOOK,EQ,04-Sep-2026,8297.0,8338.0,8471.0,8225.0,8406.5,1806,150.57,707,987.0,54.65,2026-09-04
HAZOOR,EQ,04-Sep-2026,19.28,19.4,19.9,18.52,19.13,1290374,252.15,1060,1124762.0,87.17,2026-09-04
HBESD,EQ,04-Sep-2026,75.0,75.0,76.9,75.0,75.1,1075,0.81,22,1041.0,96.84,2026-09-04
HBLENGINE,EQ,04-Sep-2026,665.55,668.5,724.0,667.0,695.75,14312325,101225.87,270164,1346486.0,9.41,2026-09-04
HBPOR,EQ,04-Sep-2026,59.66,59.66,60.0,58.26,58.38,115,0.07,10,110.0,95.65,2026-09-04
HBSL,EQ,04-Sep-2026,54.5,54.0,55.93,54.0,54.91,1337,0.73,33,1181.0,88.33,2026-09-04
HCC,EQ,04-Sep-2026,23.13,23.06,23.54,22.9,22.98,20266993,4684.46,21413,7032581.0,34.7,2026-09-04
HCG,EQ,04-Sep-2026,703.45,707.8,718.25,698.1,700.2,65274,462.38,4683,29962.0,45.9,2026-09-04
HCL-INSYS,EQ,04-Sep-2026,10.14,10.32,10.39,9.93,10.1,702510,70.51,1092,532752.0,75.84,2026-09-04
HCLTECH,EQ,04-Sep-2026,1319.0,1324.9,1331.4,1291.2,1293.4,2210569,28845.45,71268,1365474.0,61.77,2026-09-04
HDBFS,EQ,04-Sep-2026,693.45,693.45,705.0,680.05,682.7,366577,2534.54,17760,164810.0,44.96,2026-09-04
HDFCAMC,EQ,04-Sep-2026,2510.8,2511.3,2517.8,2456.0,2458.3,844970,20930.01,58081,615815.0,72.88,2026-09-04
HDFCBANK,EQ,04-Sep-2026,706.65,708.35,716.5,708.35,712.1,14488024,103381.46,202544,8371615.0,57.78,2026-09-04
HDFCBSE500,EQ,04-Sep-2026,37.73,38.48,38.48,37.42,37.56,862356,323.75,224,838323.0,97.21,2026-09-04
HDFCGOLD,EQ,04-Sep-2026,130.37,132.5,133.62,130.72,131.45,3350795,4406.24,9122,2031508.0,60.63,2026-09-04
HDFCGROWTH,EQ,04-Sep-2026,118.68,118.04,119.87,118.04,118.29,55143,65.24,150,25604.0,46.43,2026-09-04
HDFCLIFE,EQ,04-Sep-2026,533.5,533.7,548.0,533.3,546.4,6016219,32660.42,59921,3609378.0,59.99,2026-09-04
HDFCLIQUID,EQ,04-Sep-2026,1076.39,1076.75,1076.77,1076.73,1076.75,14831,159.69,41,11757.0,79.27,2026-09-04
HDFCLOWVOL,EQ,04-Sep-2026,20.55,20.55,20.6,20.45,20.48,3372,0.69,80,1428.0,42.35,2026-09-04
HDFCMID150,EQ,04-Sep-2026,23.53,23.78,23.78,23.45,23.5,422354,99.33,1296,281118.0,66.56,2026-09-04
HDFCMOMENT,EQ,04-Sep-2026,31.07,30.45,31.19,30.45,30.99,97334,30.18,563,59711.0,61.35,2026-09-04
HDFCNEXT50,EQ,04-Sep-2026,74.64,75.05,75.06,74.5,74.75,201831,150.93,646,136370.0,67.57,2026-09-04
HDFCNIF100,EQ,04-Sep-2026,25.94,25.94,26.08,25.89,25.93,17792,4.62,227,10788.0,60.63,2026-09-04
HDFCNIFBAN,EQ,04-Sep-2026,59.18,60.65,60.65,59.08,59.22,123216,73.05,473,111025.0,90.11,2026-09-04
HDFCNIFIT,EQ,04-Sep-2026,33.0,33.32,33.43,32.81,32.86,128067,42.2,212,114893.0,89.71,2026-09-04
HDFCNIFTY,EQ,04-Sep-2026,269.79,271.02,271.42,269.8,270.3,140738,381.02,900,115846.0,82.31,2026-09-04
HDFCNIMEG,EQ,04-Sep-2026,131.49,131.73,133.99,131.5,133.56,46678,62.15,163,39372.0,84.35,2026-09-04
HDFCPSUBK,EQ,04-Sep-2026,86.33,86.57,87.11,86.03,86.16,44418,38.46,218,26068.0,58.69,2026-09-04
HDFCPVTBAN,EQ,04-Sep-2026,28.31,29.01,29.01,28.18,28.39,143631,40.84,318,100179.0,69.75,2026-09-04
HDFCQUAL,EQ,04-Sep-2026,58.52,58.87,58.93,58.5,58.65,2788,1.64,69,1681.0,60.29,2026-09-04
HDFCSENSEX,EQ,04-Sep-2026,86.75,86.67,87.59,86.67,87.15,23630,20.6,447,16747.0,70.87,2026-09-04
HDFCSILVER,EQ,04-Sep-2026,220.08,215.0,223.71,215.0,222.7,2287210,5093.69,8666,838369.0,36.65,2026-09-04
HDFCSML250,EQ,04-Sep-2026,186.26,187.49,187.49,186.26,186.65,738277,1378.87,12380,534504.0,72.4,2026-09-04
HDFCVALUE,EQ,04-Sep-2026,125.5,125.5,126.24,125.43,125.88,1613,2.03,75,853.0,52.88,2026-09-04
HDIL,BZ,04-Sep-2026,1.51,1.51,1.54,1.47,1.47,144902,2.17,170,,,2026-09-04
HEADSUP,EQ,04-Sep-2026,6.69,6.63,7.5,6.62,7.21,52608,3.85,124,49119.0,93.37,2026-09-04
HEALTHADD,EQ,04-Sep-2026,16.7,16.7,16.72,16.5,16.58,21553,3.58,100,20140.0,93.44,2026-09-04
HEALTHAXIS,EQ,04-Sep-2026,168.69,171.23,190.0,166.75,167.04,6611,11.07,125,3166.0,47.89,2026-09-04
HEALTHCARE,EQ,04-Sep-2026,21.63,22.06,22.06,21.48,21.51,20094,4.34,251,16354.0,81.39,2026-09-04
HEALTHIETF,EQ,04-Sep-2026,170.09,170.65,170.66,168.17,168.65,169428,286.45,1685,103236.0,60.93,2026-09-04
HEALTHX,EQ,04-Sep-2026,292.05,295.0,303.7,289.0,300.3,17264,51.03,414,14611.0,84.63,2026-09-04
HEALTHY,EQ,04-Sep-2026,17.06,17.0,17.21,16.81,16.84,723183,122.2,1399,479267.0,66.27,2026-09-04
HECPROJECT,EQ,04-Sep-2026,121.34,121.78,121.78,115.05,117.78,8085,9.51,102,6397.0,79.12,2026-09-04
HEG,EQ,04-Sep-2026,707.45,709.0,744.9,695.8,728.25,2565950,18481.51,51535,1043169.0,40.65,2026-09-04
HEIDELBERG,EQ,04-Sep-2026,158.19,158.3,160.89,158.3,160.17,218319,349.2,3811,133953.0,61.36,2026-09-04
HEMIPROP,EQ,04-Sep-2026,125.93,125.93,127.77,125.91,126.55,269289,340.92,2431,171055.0,63.52,2026-09-04
HERANBA,EQ,04-Sep-2026,175.93,175.9,177.99,173.3,173.83,13651,23.87,802,7228.0,52.95,2026-09-04
HERITGFOOD,EQ,04-Sep-2026,371.55,373.4,384.7,369.1,382.35,1034903,3924.94,16079,387570.0,37.45,2026-09-04
HEROMOTOCO,EQ,04-Sep-2026,5308.5,5319.0,5322.5,5260.0,5300.0,607423,32180.69,52796,390189.0,64.24,2026-09-04
HESTERBIO,EQ,04-Sep-2026,2201.7,2199.9,2540.9,2170.0,2405.4,93542,2290.59,8472,10466.0,11.19,2026-09-04
HEXAGON,BE,04-Sep-2026,66.42,66.6,67.75,65.25,67.23,102191,68.29,639,,,2026-09-04
HEXATRADEX,EQ,04-Sep-2026,158.0,160.0,160.0,157.0,157.65,1741,2.75,52,1619.0,92.99,2026-09-04
HEXT,EQ,04-Sep-2026,529.1,531.7,541.0,524.0,528.6,192374,1019.86,9496,77386.0,40.23,2026-09-04
HFCL,BE,04-Sep-2026,220.42,226.0,231.44,225.0,231.44,4395650,10128.61,10733,,,2026-09-04
HGINFRA,EQ,04-Sep-2026,479.9,479.35,484.0,475.0,482.0,49859,239.42,2622,25878.0,51.9,2026-09-04
HGM,EQ,04-Sep-2026,51.54,51.6,54.05,50.55,52.63,31154,16.53,287,23892.0,76.69,2026-09-04
HGS,EQ,04-Sep-2026,393.0,393.0,409.0,391.05,399.25,9933,39.21,525,7521.0,75.72,2026-09-04
HIGREEN,SM,04-Sep-2026,122.55,123.0,125.0,119.25,124.0,7200,8.81,9,5600.0,77.78,2026-09-04
HIKAL,EQ,04-Sep-2026,240.36,234.0,236.74,220.1,222.3,5359400,12297.09,59686,1051214.0,19.61,2026-09-04
HILINFRA,EQ,04-Sep-2026,44.68,44.68,45.4,44.2,44.45,36577,16.29,410,26451.0,72.32,2026-09-04
HILTON,EQ,04-Sep-2026,18.71,18.99,18.99,18.5,18.63,83646,15.64,327,58701.0,70.18,2026-09-04
HIMATSEIDE,EQ,04-Sep-2026,70.32,70.42,71.89,70.25,71.51,358084,254.83,3631,190520.0,53.21,2026-09-04
HINDADH,EQ,04-Sep-2026,370.85,383.75,383.75,363.25,370.9,517,1.93,52,495.0,95.74,2026-09-04
HINDALCO,EQ,04-Sep-2026,1010.0,1012.9,1020.8,1005.0,1011.0,3682428,37339.8,93460,2238105.0,60.78,2026-09-04
HINDALUMI,EQ,04-Sep-2026,97.5,97.0,100.7,95.2,97.43,3024,2.95,128,2229.0,73.71,2026-09-04
HINDCOMPOS,EQ,04-Sep-2026,393.1,392.1,415.0,392.1,394.85,5640,22.53,319,3043.0,53.95,2026-09-04
HINDCON,EQ,04-Sep-2026,24.28,25.19,25.19,23.0,23.9,42853,10.32,345,30601.0,71.41,2026-09-04
HINDCOPPER,EQ,04-Sep-2026,518.5,522.15,523.95,518.0,521.65,3802351,19798.33,45647,1214004.0,31.93,2026-09-04
HINDOILEXP,EQ,04-Sep-2026,184.38,183.0,188.0,180.15,185.0,1959249,3580.65,18993,557554.0,28.46,2026-09-04
HINDPETRO,EQ,04-Sep-2026,361.35,359.9,360.05,355.55,356.5,3155139,11276.21,28717,2065157.0,65.45,2026-09-04
HINDUNILVR,EQ,04-Sep-2026,1962.0,1967.0,1984.2,1950.4,1973.4,2247162,44338.34,122231,1518145.0,67.56,2026-09-04
HINDWAREAP,EQ,04-Sep-2026,185.82,187.0,187.24,181.0,182.61,113928,208.44,2584,85240.0,74.82,2026-09-04
HINDZINC,EQ,04-Sep-2026,587.95,598.0,603.0,592.0,601.0,4650039,27778.65,42173,1992128.0,42.84,2026-09-04
HIRECT,EQ,04-Sep-2026,1235.8,1236.0,1249.7,1220.4,1222.4,18689,229.98,1863,10932.0,58.49,2026-09-04
HISARMETAL,EQ,04-Sep-2026,162.81,163.89,166.01,161.6,162.19,964,1.58,56,626.0,64.94,2026-09-04
HITECH,EQ,04-Sep-2026,75.15,75.45,76.34,74.25,75.77,1169763,878.57,12087,569922.0,48.72,2026-09-04
HITECHCORP,BE,04-Sep-2026,337.0,339.85,339.85,330.1,337.0,6573,22.01,63,,,2026-09-04
HITECHGEAR,BE,04-Sep-2026,575.55,571.0,578.0,566.0,567.15,1037,5.91,30,,,2026-09-04
HLEGLAS,EQ,04-Sep-2026,320.05,320.05,343.0,320.05,333.65,605651,2005.64,12941,202540.0,33.44,2026-09-04
HLVLTD,EQ,04-Sep-2026,6.41,6.54,6.74,6.34,6.48,143901,9.39,471,116357.0,80.86,2026-09-04
HMAAGRO,EQ,04-Sep-2026,20.93,20.9,21.15,20.8,20.84,314281,65.59,1515,188686.0,60.04,2026-09-04
HMT,BZ,04-Sep-2026,69.07,69.99,69.99,65.7,66.91,31667,21.56,244,,,2026-09-04
HMVL,BE,04-Sep-2026,86.49,87.5,88.0,84.0,84.28,15089,12.82,117,,,2026-09-04
HNDFDS,EQ,04-Sep-2026,626.9,626.9,631.5,609.5,615.05,133631,820.55,10581,93212.0,69.75,2026-09-04
HNGSNGBEES,EQ,04-Sep-2026,468.46,470.01,475.25,470.0,471.09,61650,291.25,3201,39227.0,63.63,2026-09-04
HOACFOODS,ST,04-Sep-2026,965.0,965.0,1010.0,959.95,1009.95,6375,62.63,17,6375.0,100.0,2026-09-04
HOLMARC,SM,04-Sep-2026,104.95,107.0,107.0,102.0,105.05,16500,17.13,19,15000.0,90.91,2026-09-04
HOMEFIRST,EQ,04-Sep-2026,1201.4,1201.4,1229.0,1196.0,1210.1,128463,1559.8,15823,73359.0,57.11,2026-09-04
HONASA,EQ,04-Sep-2026,477.05,480.25,492.6,468.8,471.05,996548,4774.89,24279,445510.0,44.71,2026-09-04
HONAUT,EQ,04-Sep-2026,35265.0,35265.0,35870.0,35265.0,35655.0,1792,638.6,1177,870.0,48.55,2026-09-04
HONDAPOWER,EQ,04-Sep-2026,1986.4,1986.4,2036.0,1976.0,2024.6,2712,54.35,512,1492.0,55.01,2026-09-04
HORIZONIND,EQ,04-Sep-2026,55.69,55.49,55.99,54.6,55.13,6411837,3518.34,22902,3551292.0,55.39,2026-09-04
HPAL,EQ,04-Sep-2026,35.4,36.2,36.49,34.7,35.58,59982,21.5,717,41761.0,69.62,2026-09-04
HPIL,EQ,04-Sep-2026,122.01,118.7,125.08,114.4,123.75,1499,1.82,44,1365.0,91.06,2026-09-04
HPL,EQ,04-Sep-2026,303.25,304.4,308.0,300.6,304.15,97614,297.24,3297,44585.0,45.67,2026-09-04
HRHNEXT,SM,04-Sep-2026,24.8,25.0,25.4,25.0,25.4,18000,4.57,3,18000.0,100.0,2026-09-04
HRYNSHP,EQ,04-Sep-2026,100.75,99.0,102.0,99.0,101.36,434,0.43,46,393.0,90.55,2026-09-04
HSBCGOLD,EQ,04-Sep-2026,132.53,134.02,134.31,133.31,133.81,29190,39.11,291,22234.0,76.17,2026-09-04
HSCL,EQ,04-Sep-2026,662.0,664.4,674.65,660.75,671.05,2597175,17356.94,31607,1052457.0,40.52,2026-09-04
HTEL,BE,04-Sep-2026,74.73,74.5,75.9,71.1,73.65,1652363,1209.43,8570,,,2026-09-04
HTMEDIA,EQ,04-Sep-2026,26.56,26.56,26.9,26.06,26.12,43144,11.36,334,25054.0,58.07,2026-09-04
HUBTOWN,EQ,04-Sep-2026,192.2,192.0,197.48,188.3,189.26,598031,1142.48,6200,327817.0,54.82,2026-09-04
HUDCO,EQ,04-Sep-2026,181.07,181.96,181.96,179.82,180.52,946223,1708.77,13982,492122.0,52.01,2026-09-04
HUHTAMAKI,EQ,04-Sep-2026,258.2,258.95,260.4,252.0,255.0,125656,320.32,3335,76332.0,60.75,2026-09-04
HVAX,SM,04-Sep-2026,669.95,667.0,667.0,667.0,667.0,150,1.0,1,150.0,100.0,2026-09-04
HYBRIDETF,EQ,04-Sep-2026,10.07,10.27,10.27,10.03,10.03,41052,4.13,97,27817.0,67.76,2026-09-04
HYBRIDFIN,BE,04-Sep-2026,16.6,16.8,17.25,16.42,16.67,7267,1.21,49,,,2026-09-04
HYUNDAI,EQ,04-Sep-2026,2152.0,2152.0,2214.5,2150.7,2205.0,531330,11645.38,36779,250196.0,47.09,2026-09-04
IBLFL,SM,04-Sep-2026,60.9,58.0,58.0,58.0,58.0,2000,1.16,1,2000.0,100.0,2026-09-04
IBULLSLTD,EQ,04-Sep-2026,25.84,25.92,26.12,25.12,25.67,7874352,2005.42,14317,4165957.0,52.91,2026-09-04
ICDSLTD,EQ,04-Sep-2026,64.96,70.0,71.45,66.2,71.45,53177,37.45,575,28902.0,54.35,2026-09-04
ICELCO,SM,04-Sep-2026,119.25,120.1,124.0,118.05,119.05,91200,109.77,24,70800.0,77.63,2026-09-04
ICEMAKE,EQ,04-Sep-2026,739.25,739.25,743.7,734.45,738.6,7174,52.98,616,4841.0,67.48,2026-09-04
ICICIAMC,EQ,04-Sep-2026,2980.0,2990.0,2995.9,2958.5,2970.9,281169,8371.77,21106,160880.0,57.22,2026-09-04
ICICIB22,EQ,04-Sep-2026,114.03,116.31,116.31,113.9,114.34,255356,291.83,2694,177169.0,69.38,2026-09-04
ICICIBANK,EQ,04-Sep-2026,1430.0,1432.1,1438.3,1421.4,1423.2,6693889,95668.75,100896,4537805.0,67.79,2026-09-04
ICICIGI,EQ,04-Sep-2026,1521.7,1521.7,1533.8,1507.4,1510.0,824875,12501.13,25036,596060.0,72.26,2026-09-04
ICICIPRULI,EQ,04-Sep-2026,495.05,495.05,503.15,492.1,494.55,962782,4794.16,34371,472001.0,49.02,2026-09-04
ICIL,EQ,04-Sep-2026,437.35,440.1,457.95,436.3,449.8,621520,2788.42,18147,195072.0,31.39,2026-09-04
ICRA,EQ,04-Sep-2026,4889.3,4890.0,4998.2,4866.0,4884.5,21042,1040.46,3220,10305.0,48.97,2026-09-04
IDBI,EQ,04-Sep-2026,91.97,92.4,92.4,90.42,90.63,5012839,4568.04,21010,1895746.0,37.82,2026-09-04
IDEA,EQ,04-Sep-2026,14.48,14.53,15.16,14.51,15.02,525960563,78709.72,774211,159158688.0,30.26,2026-09-04
IDEAFORGE,EQ,04-Sep-2026,776.55,783.95,799.0,774.0,777.05,208626,1638.08,15451,109270.0,52.38,2026-09-04
IDENTICAL,SM,04-Sep-2026,19.1,22.45,22.45,18.0,18.05,20000,4.05,10,16000.0,80.0,2026-09-04
IDFCFIRSTB,EQ,04-Sep-2026,87.5,87.81,87.98,86.5,86.71,15288105,13321.27,52562,7329344.0,47.94,2026-09-04
IDFNIFTYET,EQ,04-Sep-2026,265.31,266.63,268.89,263.95,264.49,1426,3.77,54,1289.0,90.39,2026-09-04
IEML,ST,04-Sep-2026,40.3,40.2,42.3,40.15,42.05,40000,16.55,59,39500.0,98.75,2026-09-04
IEX,EQ,04-Sep-2026,119.15,121.0,121.63,118.51,118.91,11547227,13835.23,78737,4426507.0,38.33,2026-09-04
IFBAGRO,EQ,04-Sep-2026,889.05,913.9,916.0,887.3,903.3,4296,38.76,418,2333.0,54.31,2026-09-04
IFBIND,EQ,04-Sep-2026,1311.8,1317.2,1318.5,1300.5,1305.7,19145,250.13,2025,12681.0,66.24,2026-09-04
IFCI,EQ,04-Sep-2026,95.91,96.5,107.5,96.41,101.38,407352536,419717.93,954040,39482257.0,9.69,2026-09-04
IFGLEXPOR,EQ,04-Sep-2026,207.44,205.5,210.58,202.0,204.69,22469,46.21,834,12813.0,57.03,2026-09-04
IGARASHI,EQ,04-Sep-2026,416.25,416.25,428.0,416.25,422.75,40948,172.81,1646,18039.0,44.05,2026-09-04
IGCL,EQ,04-Sep-2026,73.27,73.27,73.49,72.34,72.89,54634,39.8,879,32459.0,59.41,2026-09-04
IGIL,EQ,04-Sep-2026,325.95,330.0,330.95,322.05,323.5,369135,1200.63,19190,215368.0,58.34,2026-09-04
IGL,EQ,04-Sep-2026,149.42,150.5,159.5,150.5,158.04,8174532,12834.08,62988,3334409.0,40.79,2026-09-04
IGPL,EQ,04-Sep-2026,548.85,553.5,572.0,550.05,567.4,200277,1129.56,5882,92988.0,46.43,2026-09-04
IIFL,EQ,04-Sep-2026,643.4,645.7,662.9,640.4,651.15,2119359,13822.65,35534,1021515.0,48.2,2026-09-04
IIFLCAPS,EQ,04-Sep-2026,338.05,337.4,341.95,337.4,341.2,330001,1122.74,6950,219698.0,66.57,2026-09-04
IITL,EQ,04-Sep-2026,151.92,151.08,152.65,145.1,146.4,100778,152.24,1053,14572.0,14.46,2026-09-04
IKIO,EQ,04-Sep-2026,208.31,209.99,222.0,209.2,212.34,831128,1796.65,13990,223762.0,26.92,2026-09-04
IKS,EQ,04-Sep-2026,1732.4,1728.5,1799.8,1728.5,1759.9,220451,3883.87,16983,88787.0,40.28,2026-09-04
IL&FSENGG,BZ,04-Sep-2026,35.0,35.0,36.75,35.0,36.75,113314,41.34,85,,,2026-09-04
IL&FSTRANS,BZ,04-Sep-2026,2.11,2.16,2.16,2.01,2.06,97511,2.03,104,,,2026-09-04
IMAGICAA,EQ,04-Sep-2026,54.55,54.4,57.44,53.94,55.38,2402726,1350.71,10657,1205348.0,50.17,2026-09-04
IMFA,EQ,04-Sep-2026,1281.7,1293.0,1312.0,1274.2,1288.4,162105,2088.4,11606,91259.0,56.3,2026-09-04
IMPAL,EQ,04-Sep-2026,1087.8,1096.0,1129.0,1081.0,1114.6,1266,13.97,178,1013.0,80.02,2026-09-04
IMPEXFERRO,BZ,04-Sep-2026,4.63,4.72,4.72,4.72,4.72,11143,0.53,15,,,2026-09-04
INA,EQ,04-Sep-2026,89.03,89.22,91.93,89.22,90.24,481868,436.55,4760,238614.0,49.52,2026-09-04
INCREDIBLE,EQ,04-Sep-2026,32.13,32.13,32.99,31.99,32.54,5276,1.69,38,4300.0,81.5,2026-09-04
INDBANK,EQ,04-Sep-2026,28.71,29.19,29.19,28.13,28.58,93377,26.75,671,61370.0,65.72,2026-09-04
INDGN,EQ,04-Sep-2026,600.15,603.15,611.4,598.3,601.5,804735,4863.2,21575,542466.0,67.41,2026-09-04
INDHOTEL,EQ,04-Sep-2026,732.0,730.0,732.95,717.5,720.0,1528492,11041.77,25462,915918.0,59.92,2026-09-04
INDIACEM,EQ,04-Sep-2026,358.8,358.8,363.9,358.15,362.5,42548,153.68,3438,18420.0,43.29,2026-09-04
INDIAGLYCO,BE,04-Sep-2026,248.0,260.4,260.4,260.4,260.4,21597,56.24,61,,,2026-09-04
INDIAMART,EQ,04-Sep-2026,1729.5,1730.0,1745.0,1722.5,1726.4,43854,759.33,6148,28225.0,64.36,2026-09-04
INDIANB,EQ,04-Sep-2026,888.75,883.05,892.4,879.1,879.7,786614,6961.81,22041,381404.0,48.49,2026-09-04
INDIANCARD,EQ,04-Sep-2026,214.82,214.79,225.01,208.61,219.97,3224,7.03,91,2305.0,71.5,2026-09-04
INDIANHUME,EQ,04-Sep-2026,390.7,390.6,400.05,383.35,387.8,56614,220.9,1975,31708.0,56.01,2026-09-04
INDIASHLTR,EQ,04-Sep-2026,673.1,669.05,680.0,669.05,677.1,70209,474.27,5526,43158.0,61.47,2026-09-04
INDIGO,EQ,04-Sep-2026,4980.0,4980.0,5035.0,4977.0,4977.0,394117,19706.91,37006,235051.0,59.64,2026-09-04
INDIGOPNTS,EQ,04-Sep-2026,1183.1,1183.1,1195.0,1170.0,1185.8,94147,1116.09,10508,52379.0,55.64,2026-09-04
INDIGRID,IV,04-Sep-2026,175.07,175.59,175.6,174.99,175.49,489772,858.68,4843,422999.0,86.37,2026-09-04
INDIQUBE,EQ,04-Sep-2026,193.09,194.52,195.9,193.0,194.54,16617,32.25,574,11038.0,66.43,2026-09-04
INDNIPPON,EQ,04-Sep-2026,1109.4,1115.1,1175.0,1101.8,1158.2,63581,724.59,3995,33361.0,52.47,2026-09-04
INDOAMIN,BE,04-Sep-2026,124.28,125.5,128.74,123.0,125.96,50224,63.32,289,,,2026-09-04
INDOBORAX,EQ,04-Sep-2026,512.8,524.5,524.5,507.15,514.9,126424,652.61,5813,47703.0,37.73,2026-09-04
INDOCO,EQ,04-Sep-2026,272.56,272.95,274.7,260.59,262.51,368891,982.97,8462,137671.0,37.32,2026-09-04
INDOFARM,EQ,04-Sep-2026,134.54,135.59,136.59,132.91,134.03,68314,91.78,1716,35676.0,52.22,2026-09-04
INDOKEM,EQ,04-Sep-2026,628.7,636.0,640.0,615.1,625.55,3809,24.17,244,2629.0,69.02,2026-09-04
INDOMIM,EQ,04-Sep-2026,922.4,926.0,983.6,926.0,971.5,4512815,43574.76,135739,1537302.0,34.07,2026-09-04
INDORAMA,EQ,04-Sep-2026,68.87,69.79,74.25,69.55,72.96,1609101,1171.05,15322,583442.0,36.26,2026-09-04
INDOSTAR,EQ,04-Sep-2026,255.88,256.5,261.6,255.0,258.66,111553,288.51,1717,69783.0,62.56,2026-09-04
INDOTECH,EQ,04-Sep-2026,3610.7,3619.7,3704.0,3606.4,3663.1,7508,275.86,1393,4717.0,62.83,2026-09-04
INDOTHAI,EQ,04-Sep-2026,37.63,35.75,35.75,35.75,35.75,742070,265.29,1626,736955.0,99.31,2026-09-04
INDOUS,EQ,04-Sep-2026,78.82,77.02,79.78,70.0,77.48,41730,32.38,280,37988.0,91.03,2026-09-04
INDOWIND,EQ,04-Sep-2026,9.05,9.19,9.2,8.93,9.02,77378,7.01,468,71151.0,91.95,2026-09-04
INDPRUD,EQ,04-Sep-2026,6325.0,6228.0,6390.0,6221.0,6305.0,94,5.92,20,76.0,80.85,2026-09-04
INDRAMEDCO,EQ,04-Sep-2026,356.35,357.7,358.6,348.3,349.7,311569,1097.15,4724,207819.0,66.7,2026-09-04
INDSWFTLAB,EQ,04-Sep-2026,372.7,373.1,373.1,350.0,355.95,695062,2494.51,11918,355013.0,51.08,2026-09-04
INDTERRAIN,EQ,04-Sep-2026,30.22,30.8,30.8,30.05,30.42,17159,5.2,89,12526.0,73.0,2026-09-04
INDUSINDBK,EQ,04-Sep-2026,1004.8,1004.8,1008.6,998.0,1008.5,1321066,13242.66,25721,692536.0,52.42,2026-09-04
INDUSINVIT,IV,04-Sep-2026,134.01,134.01,134.01,133.5,133.94,95377,127.74,3232,83186.0,87.22,2026-09-04
INDUSTOWER,EQ,04-Sep-2026,374.95,375.0,380.45,374.15,376.8,1578193,5951.01,21308,851663.0,53.96,2026-09-04
INFINIUM,SM,04-Sep-2026,250.0,255.9,264.0,250.1,264.0,14500,37.71,17,14000.0,96.55,2026-09-04
INFLUX,SM,04-Sep-2026,290.4,296.0,296.0,290.0,291.35,4200,12.27,7,3600.0,85.71,2026-09-04
INFOBEAN,EQ,04-Sep-2026,157.68,157.0,167.4,157.0,162.08,750810,1229.42,13142,211608.0,28.18,2026-09-04
INFOLLION,SM,04-Sep-2026,158.4,159.9,160.1,155.15,159.8,13200,21.07,21,12000.0,90.91,2026-09-04
INFOMEDIA,EQ,04-Sep-2026,5.18,5.18,5.81,5.17,5.35,22935,1.22,140,12605.0,54.96,2026-09-04
INFRA,EQ,04-Sep-2026,12.03,12.21,12.21,12.01,12.04,14437,1.74,135,9523.0,65.96,2026-09-04
INFRABEES,EQ,04-Sep-2026,954.28,954.38,958.63,952.54,956.45,3516,33.59,395,1901.0,54.07,2026-09-04
INFRAIETF,EQ,04-Sep-2026,94.72,94.93,95.24,94.52,94.8,555466,526.81,4446,527026.0,94.88,2026-09-04
INFY,EQ,04-Sep-2026,1130.3,1133.0,1146.7,1125.4,1130.0,5881388,66582.77,109162,3829599.0,65.11,2026-09-04
INGERRAND,EQ,04-Sep-2026,4846.4,4888.0,4888.0,4830.0,4844.7,11320,549.12,1562,6303.0,55.68,2026-09-04
INM,SM,04-Sep-2026,148.0,151.0,151.0,141.05,148.0,7200,10.59,12,6600.0,91.67,2026-09-04
INNOMET,ST,04-Sep-2026,276.95,282.45,282.45,282.45,282.45,37200,105.07,19,37200.0,100.0,2026-09-04
INNOVACAP,EQ,04-Sep-2026,1125.4,1130.6,1199.9,1118.0,1175.4,321751,3770.36,26774,85511.0,26.58,2026-09-04
INNOVANA,EQ,04-Sep-2026,308.5,308.0,315.0,301.0,305.2,583,1.78,68,403.0,69.13,2026-09-04
INNOVISION,EQ,04-Sep-2026,255.65,269.0,269.0,253.6,254.9,11734,30.15,765,4779.0,40.73,2026-09-04
INOXGREEN,EQ,04-Sep-2026,171.01,171.01,176.7,168.7,175.1,1333015,2310.97,13176,595273.0,44.66,2026-09-04
INOXINDIA,EQ,04-Sep-2026,2176.2,2223.0,2320.0,2208.0,2247.8,1027233,23298.76,83916,240799.0,23.44,2026-09-04
INOXWIND,EQ,04-Sep-2026,74.0,74.27,76.5,73.5,74.4,22688206,16925.39,66739,6643453.0,29.28,2026-09-04
INSECTICID,EQ,04-Sep-2026,614.15,619.6,624.8,612.2,618.45,22609,139.74,1289,14251.0,63.03,2026-09-04
INSPIRE,SM,04-Sep-2026,8.05,8.45,8.45,8.45,8.45,4000,0.34,2,4000.0,100.0,2026-09-04
INSPIRISYS,EQ,04-Sep-2026,93.03,94.0,95.77,89.0,89.53,2978,2.73,101,2377.0,79.82,2026-09-04
INSUREIETF,EQ,04-Sep-2026,15.04,15.06,15.33,15.05,15.23,402017,60.97,138,220128.0,54.76,2026-09-04
INTEGRITY,ST,04-Sep-2026,171.05,175.0,175.0,175.0,175.0,1200,2.1,1,1200.0,100.0,2026-09-04
INTELLECT,EQ,04-Sep-2026,678.3,680.3,703.65,680.3,686.65,491572,3407.49,32327,164300.0,33.42,2026-09-04
INTENTECH,EQ,04-Sep-2026,79.54,78.08,85.5,78.08,82.25,42907,35.28,848,26684.0,62.19,2026-09-04
INTERARCH,EQ,04-Sep-2026,1701.2,1692.0,1721.0,1692.0,1707.0,33231,566.98,4580,19303.0,58.09,2026-09-04
INTERNET,EQ,04-Sep-2026,14.52,14.65,14.74,14.44,14.61,534263,78.12,242,359634.0,67.31,2026-09-04
INTLCONV,EQ,04-Sep-2026,79.44,79.88,83.28,79.0,81.18,92332,75.4,1669,60283.0,65.29,2026-09-04
INVENTURE,EQ,04-Sep-2026,0.92,0.93,0.95,0.92,0.93,618481,5.78,354,397104.0,64.21,2026-09-04
INVICTA,SM,04-Sep-2026,68.3,68.0,68.0,68.0,68.0,1600,1.09,1,1600.0,100.0,2026-09-04
INVPRECQ,BE,04-Sep-2026,1280.0,1275.0,1275.0,1268.0,1273.6,1405,17.85,27,,,2026-09-04
IOB,EQ,04-Sep-2026,33.23,33.31,33.64,33.02,33.55,2673908,893.3,10221,1374189.0,51.39,2026-09-04
IOC,EQ,04-Sep-2026,137.8,137.0,137.76,136.87,137.6,4277697,5875.81,29860,2733519.0,63.9,2026-09-04
IOLCP,EQ,04-Sep-2026,196.43,197.0,204.98,192.5,199.95,5291531,10592.46,49711,1459439.0,27.58,2026-09-04
IONEXCHANG,EQ,04-Sep-2026,382.2,384.1,412.0,382.55,409.2,1293430,5218.02,34620,430699.0,33.3,2026-09-04
IPCALAB,EQ,04-Sep-2026,1956.1,1950.0,1969.0,1944.2,1965.3,80401,1576.97,9361,45844.0,57.02,2026-09-04
IPHL,SM,04-Sep-2026,72.75,71.6,77.0,69.05,74.95,54000,39.0,45,34800.0,64.44,2026-09-04
IPL,EQ,04-Sep-2026,137.5,137.1,138.96,137.1,138.34,67260,92.98,1210,36996.0,55.0,2026-09-04
IPRINGLTD,EQ,04-Sep-2026,162.07,163.0,165.95,155.1,159.99,3047,4.91,84,2378.0,78.04,2026-09-04
IPSL,SM,04-Sep-2026,210.0,215.0,215.0,215.0,215.0,500,1.08,1,500.0,100.0,2026-09-04
IRB,EQ,04-Sep-2026,19.67,19.85,19.91,19.6,19.65,6862525,1355.0,14986,2736472.0,39.88,2026-09-04
IRBINVIT,IV,04-Sep-2026,64.5,64.74,64.83,64.3,64.54,411810,265.81,3471,346085.0,84.04,2026-09-04
IRCON,EQ,04-Sep-2026,118.69,119.28,120.79,118.05,119.25,1686344,2012.67,24391,501402.0,29.73,2026-09-04
IRCTC,EQ,04-Sep-2026,474.6,474.8,479.0,474.05,476.05,603706,2875.24,24156,299234.0,49.57,2026-09-04
IREDA,EQ,04-Sep-2026,113.0,113.5,114.6,113.25,113.64,2627200,2992.76,16839,985287.0,37.5,2026-09-04
IRFC,EQ,04-Sep-2026,82.65,82.7,83.95,82.7,83.4,7883831,6570.85,36348,3058213.0,38.79,2026-09-04
IRIS,EQ,04-Sep-2026,253.93,256.0,273.99,256.0,265.92,92277,247.03,3337,39342.0,42.63,2026-09-04
IRISDOREME,EQ,04-Sep-2026,59.98,60.28,64.13,60.2,63.58,2431238,1516.24,7464,1194233.0,49.12,2026-09-04
IRMENERGY,EQ,04-Sep-2026,283.85,287.15,287.15,278.65,281.4,76393,216.14,2608,38901.0,50.92,2026-09-04
ISFT,EQ,04-Sep-2026,84.79,85.12,86.79,80.8,81.61,132771,112.95,1587,15660.0,11.79,2026-09-04
ISGEC,EQ,04-Sep-2026,771.1,775.55,790.85,773.05,787.35,30774,240.89,6215,17395.0,56.52,2026-09-04
ISHAN,SM,04-Sep-2026,0.5,0.5,0.55,0.5,0.55,96000,0.5,2,96000.0,100.0,2026-09-04
ISHANCH,EQ,04-Sep-2026,45.4,45.98,46.1,43.55,44.29,38670,17.46,992,22214.0,57.45,2026-09-04
ISTLTD,EQ,04-Sep-2026,659.55,672.75,675.0,650.0,654.55,357,2.37,46,303.0,84.87,2026-09-04
IT,EQ,04-Sep-2026,34.19,34.44,34.75,34.0,34.09,153062,52.55,1016,70388.0,45.99,2026-09-04
ITADD,EQ,04-Sep-2026,32.67,32.99,32.99,32.52,32.57,6830,2.24,56,4258.0,62.34,2026-09-04
ITALIANE,SM,04-Sep-2026,32.0,33.0,33.5,33.0,33.5,12000,4.01,6,10000.0,83.33,2026-09-04
ITAXIS,EQ,04-Sep-2026,339.76,343.16,344.99,335.61,339.03,1669,5.68,62,785.0,47.03,2026-09-04
ITBEES,EQ,04-Sep-2026,34.29,34.34,34.76,34.0,34.09,8504508,2912.29,14153,5756878.0,67.69,2026-09-04
ITBETA,EQ,04-Sep-2026,324.46,326.08,326.17,322.5,322.95,84,0.27,12,52.0,61.9,2026-09-04
ITC,EQ,04-Sep-2026,263.0,264.0,266.25,262.65,264.1,9519153,25199.89,145963,4936252.0,51.86,2026-09-04
ITCHOTELS,EQ,04-Sep-2026,160.25,161.0,164.5,160.01,161.23,2050484,3317.36,31365,1011648.0,49.34,2026-09-04
ITDC,EQ,04-Sep-2026,643.35,643.95,653.0,640.1,644.35,39915,257.39,2475,10001.0,25.06,2026-09-04
ITETF,EQ,04-Sep-2026,32.69,33.05,33.17,32.5,32.54,127150,41.59,481,53589.0,42.15,2026-09-04
ITI,EQ,04-Sep-2026,268.45,268.5,276.6,268.5,272.5,264152,719.12,7251,62875.0,23.8,2026-09-04
ITIETF,EQ,04-Sep-2026,34.24,34.59,34.73,33.95,34.01,354409,121.25,1099,251700.0,71.02,2026-09-04
ITL,EQ,04-Sep-2026,362.4,370.0,370.0,358.5,364.55,558,2.03,43,480.0,86.02,2026-09-04
IVALUE,EQ,04-Sep-2026,236.18,237.04,239.39,228.61,230.26,133823,311.11,4062,76730.0,57.34,2026-09-04
IVC,EQ,04-Sep-2026,10.09,10.84,10.84,10.19,10.24,1022586,106.03,1918,690681.0,67.54,2026-09-04
IVP,BE,04-Sep-2026,206.25,202.0,209.97,202.0,203.34,10358,21.29,87,,,2026-09-04
IVZBANKNF,EQ,04-Sep-2026,57.42,57.39,57.56,57.35,57.56,1513,0.87,11,1513.0,100.0,2026-09-04
IVZINGOLD,EQ,04-Sep-2026,133.3,134.9,134.9,133.5,133.95,9964,13.34,165,7483.0,75.1,2026-09-04
IVZINNIFTY,EQ,04-Sep-2026,274.66,267.79,277.9,267.79,274.53,158,0.43,40,94.0,59.49,2026-09-04
IVZSENSEX,EQ,04-Sep-2026,76.63,77.7,77.7,76.54,76.56,972,0.75,17,524.0,53.91,2026-09-04
IWARE,ST,04-Sep-2026,462.25,470.0,485.35,470.0,485.35,28800,138.95,47,21000.0,72.92,2026-09-04
IWP,EQ,04-Sep-2026,34.08,34.0,35.49,33.52,34.38,25747,8.89,75,24940.0,96.87,2026-09-04
IXIGO,EQ,04-Sep-2026,162.15,163.76,170.63,163.39,166.75,3400102,5657.3,55718,1845947.0,54.29,2026-09-04
IZMO,EQ,04-Sep-2026,921.95,915.0,926.1,900.0,902.45,87266,792.69,7045,38310.0,43.9,2026-09-04
J&KBANK,EQ,04-Sep-2026,149.86,150.45,152.8,149.05,150.02,1883250,2843.46,25100,902647.0,47.93,2026-09-04
JAGRAN,EQ,04-Sep-2026,61.23,61.49,61.59,60.93,60.98,247379,151.06,2075,181577.0,73.4,2026-09-04
JAGSNPHARM,EQ,04-Sep-2026,243.02,242.0,243.18,238.81,242.06,96227,231.84,2506,46365.0,48.18,2026-09-04
JAIBALAJI,EQ,04-Sep-2026,70.85,71.08,71.55,69.32,69.73,293778,206.72,2409,210242.0,71.56,2026-09-04
JAICORPLTD,EQ,04-Sep-2026,99.15,100.1,100.89,99.2,99.52,246316,245.92,3112,115640.0,46.95,2026-09-04
JAINAM,SM,04-Sep-2026,214.0,203.5,203.5,203.3,203.5,3000,6.1,3,3000.0,100.0,2026-09-04
JAINIK,SM,04-Sep-2026,204.5,206.4,212.0,206.4,209.2,13200,27.44,11,12000.0,90.91,2026-09-04
JAINREC,EQ,04-Sep-2026,279.8,280.55,282.3,276.15,277.95,1135766,3155.17,26345,416986.0,36.71,2026-09-04
JAIPURKURT,EQ,04-Sep-2026,25.82,25.74,26.37,24.65,25.33,51045,13.04,176,47127.0,92.32,2026-09-04
JALAN,ST,04-Sep-2026,1.85,1.8,1.8,1.8,1.8,6000,0.11,2,6000.0,100.0,2026-09-04
JAMNAAUTO,EQ,04-Sep-2026,122.04,122.15,122.29,120.36,120.69,691775,837.34,8019,380983.0,55.07,2026-09-04
JARO,EQ,04-Sep-2026,454.4,455.6,457.8,441.8,445.65,119338,538.99,2609,37791.0,31.67,2026-09-04
JASH,EQ,04-Sep-2026,464.15,470.5,489.95,470.5,478.5,280288,1353.4,15722,82454.0,29.42,2026-09-04
JAYAGROGN,EQ,04-Sep-2026,230.83,232.04,235.96,227.01,230.6,8025,18.61,261,5995.0,74.7,2026-09-04
JAYBARMARU,EQ,04-Sep-2026,121.81,122.4,122.79,121.5,122.29,141098,172.29,2206,77774.0,55.12,2026-09-04
JAYBEE,SM,04-Sep-2026,84.95,84.95,86.55,84.35,84.35,10000,8.52,15,8500.0,85.0,2026-09-04
JAYESH,SM,04-Sep-2026,132.65,132.65,134.4,130.05,134.4,38000,50.09,34,13000.0,34.21,2026-09-04
JAYKAY,EQ,04-Sep-2026,166.46,165.37,167.88,151.76,153.69,470358,737.94,7012,245514.0,52.2,2026-09-04
JAYNECOIND,EQ,04-Sep-2026,98.68,92.0,94.37,85.22,89.04,49840056,44122.45,185969,17721628.0,35.56,2026-09-04
JAYSREETEA,EQ,04-Sep-2026,99.31,99.39,101.34,98.0,98.95,48814,48.78,589,34644.0,70.97,2026-09-04
JBMA,EQ,04-Sep-2026,629.1,629.5,633.75,622.05,625.6,146607,920.67,8913,58285.0,39.76,2026-09-04
JENBURPH,EQ,04-Sep-2026,1031.5,1036.2,1045.0,1030.0,1038.8,422,4.37,38,378.0,89.57,2026-09-04
JETFREIGHT,EQ,04-Sep-2026,20.91,21.24,21.44,20.9,21.18,123233,26.06,1319,59992.0,48.68,2026-09-04
JEYYAM,ST,04-Sep-2026,22.4,22.0,22.65,22.0,22.15,44000,9.76,16,44000.0,100.0,2026-09-04
JFLLIFE,SM,04-Sep-2026,9.8,9.85,9.85,9.85,9.85,6000,0.59,1,6000.0,100.0,2026-09-04
JGCHEM,EQ,04-Sep-2026,612.2,618.8,622.0,592.45,598.15,210794,1266.5,8687,94996.0,45.07,2026-09-04
JHS,EQ,04-Sep-2026,7.86,7.86,8.08,7.81,7.89,45834,3.63,246,40941.0,89.32,2026-09-04
JINDALPHOT,EQ,04-Sep-2026,1026.2,1002.1,1049.7,1002.1,1021.2,2011,20.71,297,1034.0,51.42,2026-09-04
JINDALPOLY,EQ,04-Sep-2026,683.7,677.5,687.95,670.0,672.35,11895,80.24,858,6541.0,54.99,2026-09-04
JINDALSAW,EQ,04-Sep-2026,310.85,312.0,312.0,304.3,305.3,868641,2668.64,16623,434475.0,50.02,2026-09-04
JINDALSTEL,EQ,04-Sep-2026,1145.0,1147.0,1170.9,1138.7,1165.0,893053,10342.23,32645,406754.0,45.55,2026-09-04
JINDRILL,EQ,04-Sep-2026,649.9,652.85,672.0,647.0,663.05,708720,4697.77,24310,265131.0,37.41,2026-09-04
JINDWORLD,EQ,04-Sep-2026,48.15,49.67,57.78,49.02,57.51,188275533,102395.27,320645,17063197.0,9.06,2026-09-04
JIOFIN,EQ,04-Sep-2026,237.45,237.8,240.63,237.8,239.5,11860254,28396.55,63338,6116662.0,51.57,2026-09-04
JISLDVREQS,EQ,04-Sep-2026,21.03,21.2,23.34,20.81,21.93,310219,67.87,614,176105.0,56.77,2026-09-04
JISLJALEQS,EQ,04-Sep-2026,28.16,28.29,32.39,28.25,30.87,29548721,9174.4,56608,3998809.0,13.53,2026-09-04
JITFINFRA,EQ,04-Sep-2026,310.65,310.5,314.85,300.0,304.5,23808,72.68,614,12671.0,53.22,2026-09-04
JIWANRAM,SM,04-Sep-2026,4.35,4.4,4.4,4.3,4.3,24000,1.04,4,12000.0,50.0,2026-09-04
JKCEMENT,EQ,04-Sep-2026,5039.5,5044.0,5126.0,5025.5,5083.5,15032,761.78,3618,7376.0,49.07,2026-09-04
JKIL,EQ,04-Sep-2026,487.7,488.0,492.95,486.15,487.35,24845,121.53,1228,15359.0,61.82,2026-09-04
JKIPL,EQ,04-Sep-2026,105.66,107.5,107.5,100.38,100.56,19248,19.78,475,13546.0,70.38,2026-09-04
JKLAKSHMI,EQ,04-Sep-2026,514.4,519.0,522.85,512.05,515.7,512153,2641.39,8011,425708.0,83.12,2026-09-04
JKPAPER,EQ,04-Sep-2026,410.15,412.0,413.75,401.6,405.8,381165,1547.73,11305,142844.0,37.48,2026-09-04
JKTYRE,EQ,04-Sep-2026,369.45,368.9,371.9,366.5,367.35,360957,1331.48,11588,178388.0,49.42,2026-09-04
JLHL,EQ,04-Sep-2026,290.3,293.35,293.35,284.15,286.45,102896,297.13,3889,85536.0,83.13,2026-09-04
JMA,EQ,04-Sep-2026,92.24,93.79,93.79,89.0,90.58,7483,6.84,139,6095.0,81.45,2026-09-04
JMFINANCIL,EQ,04-Sep-2026,134.53,134.9,136.3,130.65,132.06,4507470,5982.54,48491,1791769.0,39.75,2026-09-04
JNKINDIA,EQ,04-Sep-2026,431.45,431.5,450.4,431.5,445.05,128595,572.27,4761,56587.0,44.0,2026-09-04
JNPR,EQ,04-Sep-2026,259.2,261.0,273.25,259.6,265.1,983254,2620.39,18604,485759.0,49.4,2026-09-04
JOCIL,BE,04-Sep-2026,152.89,152.9,156.85,152.01,154.3,8078,12.55,86,,,2026-09-04
JPOLYINVST,EQ,04-Sep-2026,1006.5,1010.0,1011.8,992.5,997.45,3507,35.14,564,1291.0,36.81,2026-09-04
JPPOWER,EQ,04-Sep-2026,16.14,16.02,16.43,16.02,16.29,30695821,4978.43,24426,11133733.0,36.27,2026-09-04
JSFB,EQ,04-Sep-2026,534.2,534.2,544.0,524.55,535.1,453979,2429.37,12898,200005.0,44.06,2026-09-04
JSL,EQ,04-Sep-2026,738.4,738.4,741.25,732.0,737.85,780597,5758.54,21064,474395.0,60.77,2026-09-04
JSLL,EQ,04-Sep-2026,501.45,504.4,529.9,502.15,516.3,921231,4771.33,30939,391789.0,42.53,2026-09-04
JSWCEMENT,EQ,04-Sep-2026,123.37,123.5,125.17,123.02,124.07,1203964,1498.42,37057,654446.0,54.36,2026-09-04
JSWDULUX,EQ,04-Sep-2026,3167.6,3167.6,3209.5,3155.6,3174.5,24093,764.73,3861,17437.0,72.37,2026-09-04
JSWENERGY,EQ,04-Sep-2026,539.5,537.55,540.25,534.25,539.85,2598872,13973.17,48270,1661866.0,63.95,2026-09-04
JSWHL,EQ,04-Sep-2026,11590.0,11760.0,11811.0,11360.0,11472.0,2952,343.29,1313,1015.0,34.38,2026-09-04
JSWINFRA,EQ,04-Sep-2026,334.1,334.1,337.8,332.5,333.0,2001532,6694.32,30842,1428649.0,71.38,2026-09-04
JSWSTEEL,EQ,04-Sep-2026,1308.0,1305.0,1331.7,1300.1,1325.0,1094356,14460.84,31558,580155.0,53.01,2026-09-04
JTEKTINDIA,EQ,04-Sep-2026,121.82,122.5,123.05,120.71,121.27,143861,174.91,1884,72359.0,50.3,2026-09-04
JTLIND,EQ,04-Sep-2026,89.67,90.0,92.89,89.77,91.67,2884117,2636.25,18506,1216567.0,42.18,2026-09-04
JUBLCPL,EQ,04-Sep-2026,2304.8,2329.1,2342.6,2203.5,2222.6,7185,163.1,1167,4220.0,58.73,2026-09-04
JUBLFOOD,EQ,04-Sep-2026,482.9,482.9,488.0,481.35,482.7,624576,3020.95,23258,254404.0,40.73,2026-09-04
JUBLINGREA,EQ,04-Sep-2026,690.55,694.0,697.35,678.0,680.3,91316,625.59,7010,45556.0,49.89,2026-09-04
JUBLPHARMA,EQ,04-Sep-2026,907.9,919.0,930.0,901.2,924.5,498346,4555.75,27270,216480.0,43.44,2026-09-04
JUNIORBEES,EQ,04-Sep-2026,788.74,795.84,795.84,784.0,791.07,283994,2247.84,7296,213941.0,75.33,2026-09-04
JUNIPER,EQ,04-Sep-2026,217.69,215.0,220.94,214.5,216.82,82885,179.14,1689,46955.0,56.65,2026-09-04
JUSTDIAL,EQ,04-Sep-2026,697.35,697.2,697.2,688.1,692.85,106018,734.09,4250,40523.0,38.22,2026-09-04
JWL,EQ,04-Sep-2026,241.09,240.71,249.0,240.71,243.24,1056588,2595.42,22313,241989.0,22.9,2026-09-04
JYOTHYLAB,EQ,04-Sep-2026,200.5,201.0,203.55,200.05,201.54,469980,948.2,9930,228839.0,48.69,2026-09-04
JYOTICNC,EQ,04-Sep-2026,1026.85,1026.85,1043.0,1000.1,1003.9,1051995,10698.02,35102,420571.0,39.98,2026-09-04
JYOTIGLOBL,SM,04-Sep-2026,38.5,40.4,40.4,38.0,40.3,30000,11.96,15,28000.0,93.33,2026-09-04
JYOTIRES,EQ,04-Sep-2026,866.35,877.0,877.0,863.05,868.1,5189,45.08,518,3418.0,65.87,2026-09-04
JYOTISTRUC,EQ,04-Sep-2026,9.8,9.85,10.2,9.6,10.02,10113711,1006.16,10569,3649486.0,36.08,2026-09-04
K2INFRA,ST,04-Sep-2026,48.95,50.45,50.45,48.7,48.8,6000,2.96,8,5400.0,90.0,2026-09-04
KABRAEXTRU,EQ,04-Sep-2026,564.8,566.0,583.95,560.35,579.15,130668,753.05,3898,56820.0,43.48,2026-09-04
KAJARIACER,EQ,04-Sep-2026,1260.6,1260.6,1262.0,1235.0,1239.6,319639,3970.77,19442,178760.0,55.93,2026-09-04
KAKATCEM,EQ,04-Sep-2026,110.67,110.7,112.4,108.0,109.6,2586,2.83,175,1707.0,66.01,2026-09-04
KALAMANDIR,EQ,04-Sep-2026,85.87,85.99,86.76,85.81,86.49,150963,130.3,1955,81320.0,53.87,2026-09-04
KALANA,SM,04-Sep-2026,19.3,19.95,19.95,18.55,18.8,38000,7.14,17,22000.0,57.89,2026-09-04
KALPATARU,EQ,04-Sep-2026,276.55,278.75,280.2,275.0,277.65,40767,113.14,701,27064.0,66.39,2026-09-04
KALYANIFRG,BE,04-Sep-2026,1125.25,1157.4,1157.4,1070.0,1081.05,8487,93.82,451,,,2026-09-04
KALYANKJIL,EQ,04-Sep-2026,585.3,588.2,604.95,585.3,598.8,9662044,57842.65,94262,1998449.0,20.68,2026-09-04
KAMAHOLD,EQ,04-Sep-2026,2341.1,2369.9,2369.9,2340.0,2348.2,1979,46.49,284,1133.0,57.25,2026-09-04
KAMANWALA,EQ,04-Sep-2026,15.9,16.5,16.6,16.5,16.59,7692,1.27,18,6592.0,85.7,2026-09-04
KAMATHOTEL,EQ,04-Sep-2026,217.66,216.96,227.88,215.88,225.51,107699,241.49,2471,54736.0,50.82,2026-09-04
KAMDHENU,BE,04-Sep-2026,38.77,39.05,40.44,38.5,39.24,1255794,498.07,3154,,,2026-09-04
KAMOPAINTS,EQ,04-Sep-2026,4.53,4.58,4.62,4.49,4.53,270171,12.35,496,212593.0,78.69,2026-09-04
KANANIIND,EQ,04-Sep-2026,1.51,1.51,1.53,1.5,1.52,144024,2.18,260,105232.0,73.07,2026-09-04
KANCHI,EQ,04-Sep-2026,398.55,396.6,415.0,396.6,409.7,1607,6.58,84,1119.0,69.63,2026-09-04
KANCOTEA,EQ,04-Sep-2026,56.79,58.4,58.4,53.1,54.85,28,0.02,8,5.0,17.86,2026-09-04
KANDARP,SM,04-Sep-2026,92.9,97.0,97.0,97.0,97.0,1000,0.97,1,1000.0,100.0,2026-09-04
KANORICHEM,BE,04-Sep-2026,155.68,155.68,158.89,152.02,155.56,14865,23.1,118,,,2026-09-04
KANPRPLA,EQ,04-Sep-2026,256.4,263.8,263.8,247.9,250.2,11967,30.39,795,7418.0,61.99,2026-09-04
KANSAINER,EQ,04-Sep-2026,195.11,195.14,195.9,192.98,194.2,2465067,4770.77,6116,2364464.0,95.92,2026-09-04
KAPSTON,EQ,04-Sep-2026,581.35,581.35,590.0,571.05,584.05,70957,413.9,1852,43545.0,61.37,2026-09-04
KARMAENG,EQ,04-Sep-2026,37.7,39.0,39.0,36.8,37.45,4181,1.56,128,3301.0,78.95,2026-09-04
KARNIKA,SM,04-Sep-2026,115.55,115.85,120.0,115.0,118.3,46000,53.9,36,39000.0,84.78,2026-09-04
KARURVYSYA,EQ,04-Sep-2026,350.0,354.0,354.0,347.7,348.85,955056,3348.09,24176,493467.0,51.67,2026-09-04
KATARIA,SM,04-Sep-2026,103.85,105.0,107.75,105.0,107.45,3000,3.21,5,3000.0,100.0,2026-09-04
KAUSHALYA,BE,04-Sep-2026,864.0,864.0,887.0,850.0,850.0,202,1.76,29,,,2026-09-04
KAVDEFENCE,EQ,04-Sep-2026,56.15,56.95,67.38,56.78,67.14,1505543,991.09,6294,924916.0,61.43,2026-09-04
KAYA,BE,04-Sep-2026,328.7,342.0,345.1,340.0,345.1,11466,39.54,118,,,2026-09-04
KAYNES,EQ,04-Sep-2026,3485.0,3487.8,3617.9,3450.0,3598.0,1211084,43004.43,89485,294896.0,24.35,2026-09-04
KAYTEX,SM,04-Sep-2026,55.35,58.25,58.25,56.5,56.5,4800,2.74,5,4000.0,83.33,2026-09-04
KCEIL,SM,04-Sep-2026,79.1,79.0,80.4,78.1,79.1,11000,8.7,20,9000.0,81.82,2026-09-04
KCK,ST,04-Sep-2026,14.9,14.35,15.4,14.35,15.35,50000,7.62,13,50000.0,100.0,2026-09-04
KCP,EQ,04-Sep-2026,168.17,168.99,170.5,162.04,162.38,228887,377.01,3391,126844.0,55.42,2026-09-04
KCPSUGIND,BE,04-Sep-2026,32.28,31.63,33.3,30.8,32.07,194150,61.62,586,,,2026-09-04
KDDL,EQ,04-Sep-2026,3855.3,3864.9,3963.0,3864.9,3911.0,25376,995.23,5630,14631.0,57.66,2026-09-04
KDGREEN,EQ,04-Sep-2026,51.81,55.29,55.29,50.16,50.44,21136,10.78,219,16090.0,76.13,2026-09-04
KDL,SM,04-Sep-2026,90.5,92.95,92.95,90.75,92.45,13950,12.86,70,10050.0,72.04,2026-09-04
KEC,EQ,04-Sep-2026,406.15,406.15,410.6,403.3,408.55,777483,3163.43,21480,368722.0,47.43,2026-09-04
KECL,EQ,04-Sep-2026,125.2,125.49,127.07,125.0,126.41,55192,69.62,1323,28762.0,52.11,2026-09-04
KEEPLEARN,EQ,04-Sep-2026,1.9,2.03,2.03,1.87,1.87,39241,0.75,116,24902.0,63.46,2026-09-04
KEI,EQ,04-Sep-2026,5327.0,5000.0,5028.0,4820.0,4850.0,2381568,117300.0,162655,995015.0,41.78,2026-09-04
KELLTONTEC,EQ,04-Sep-2026,13.99,13.98,14.25,13.79,13.87,2178042,304.67,3979,1076147.0,49.41,2026-09-04
KEN,SM,04-Sep-2026,40.0,39.0,39.0,39.0,39.0,3600,1.4,3,3600.0,100.0,2026-09-04
KENNAMET,EQ,04-Sep-2026,4532.2,4551.5,4722.0,4551.0,4688.5,21846,1017.67,3903,11322.0,51.83,2026-09-04
KERNEX,EQ,04-Sep-2026,1709.6,1755.0,1869.7,1754.9,1817.0,852400,15536.19,53107,210659.0,24.71,2026-09-04
KESORAMIND,BE,04-Sep-2026,11.05,11.05,11.05,10.9,10.9,119860,13.2,176,,,2026-09-04
KEYFINSERV,EQ,04-Sep-2026,248.7,244.2,258.55,243.25,245.05,2872,7.11,142,1761.0,61.32,2026-09-04
KFINTECH,EQ,04-Sep-2026,927.7,933.0,947.95,923.55,928.9,715524,6701.83,22086,227829.0,31.84,2026-09-04
KHADIM,BE,04-Sep-2026,115.0,113.0,117.3,113.0,117.3,15169,17.43,89,,,2026-09-04
KHAICHEM,EQ,04-Sep-2026,54.83,54.85,55.54,54.3,54.86,94220,51.73,817,58949.0,62.57,2026-09-04
KHAITANLTD,EQ,04-Sep-2026,162.41,163.0,166.5,160.61,162.0,2277,3.69,94,2112.0,92.75,2026-09-04
KHANDSE,EQ,04-Sep-2026,18.11,18.4,18.41,17.2,18.38,698,0.12,43,534.0,76.5,2026-09-04
KHFM,SM,04-Sep-2026,43.95,44.95,44.95,44.95,44.95,1550,0.7,1,1550.0,100.0,2026-09-04
KICL,EQ,04-Sep-2026,5212.5,5222.5,5251.0,5200.0,5203.0,291,15.21,107,184.0,63.23,2026-09-04
KILITCH,BE,04-Sep-2026,172.52,172.8,181.14,172.8,180.95,33164,59.24,306,,,2026-09-04
KIMS,EQ,04-Sep-2026,767.85,769.95,778.55,758.55,764.1,158954,1219.14,11617,91769.0,57.73,2026-09-04
KINGFA,EQ,04-Sep-2026,5888.0,5910.0,6050.0,5887.0,5932.5,8112,483.76,3173,4955.0,61.08,2026-09-04
KIOCL,EQ,04-Sep-2026,380.55,382.85,387.9,380.05,382.1,57868,222.08,1944,25842.0,44.66,2026-09-04
KIRANVYPAR,EQ,04-Sep-2026,207.98,207.0,207.8,202.7,205.41,3402,7.02,99,2687.0,78.98,2026-09-04
KIRIINDUS,EQ,04-Sep-2026,578.95,578.75,599.35,555.1,559.1,2243746,12973.11,48383,621480.0,27.7,2026-09-04
KIRLFER,EQ,04-Sep-2026,454.55,459.75,468.9,451.85,459.6,242037,1120.43,6831,169682.0,70.11,2026-09-04
KIRLOSBROS,EQ,04-Sep-2026,1881.3,1885.9,1901.8,1859.8,1862.0,19160,359.71,3968,9325.0,48.67,2026-09-04
KIRLOSENG,EQ,04-Sep-2026,2267.6,2270.0,2279.0,2182.2,2201.9,365394,8156.78,30188,184619.0,50.53,2026-09-04
KIRLOSIND,EQ,04-Sep-2026,3724.7,3734.0,3783.9,3685.0,3731.5,7463,277.57,1243,3933.0,52.7,2026-09-04
KIRLPNU,EQ,04-Sep-2026,759.8,771.0,772.8,754.05,760.45,137821,1049.11,10596,79166.0,57.44,2026-09-04
KISSHT,EQ,04-Sep-2026,305.3,305.45,316.9,305.25,309.3,1041438,3238.53,28679,486800.0,46.74,2026-09-04
KITEX,EQ,04-Sep-2026,123.64,123.65,130.57,123.65,128.85,679715,866.16,6901,265909.0,39.12,2026-09-04
KJMCFIN,EQ,04-Sep-2026,66.46,66.79,68.0,63.14,63.14,2504,1.62,47,2044.0,81.63,2026-09-04
KKCL,EQ,04-Sep-2026,503.8,505.95,519.45,499.95,514.3,34214,173.67,2002,19504.0,57.01,2026-09-04
KKJEWELS,SM,04-Sep-2026,99.5,99.0,99.0,98.0,98.0,2000,1.97,2,2000.0,100.0,2026-09-04
KLBRENG-B,EQ,04-Sep-2026,453.25,454.0,474.0,452.5,467.85,303427,1408.38,7643,164680.0,54.27,2026-09-04
KLL,SM,04-Sep-2026,24.65,24.15,25.0,24.15,25.0,12000,2.96,13,11200.0,93.33,2026-09-04
KMCSHIL,EQ,04-Sep-2026,138.0,138.0,141.58,136.5,138.24,94440,131.27,1567,56616.0,59.95,2026-09-04
KMEW,EQ,04-Sep-2026,3150.4,3175.0,3175.0,3011.1,3033.4,98630,3023.98,17405,45272.0,45.9,2026-09-04
KMSUGAR,EQ,04-Sep-2026,32.0,32.0,32.33,30.4,30.68,302618,93.34,1900,202481.0,66.91,2026-09-04
KNACK,EQ,04-Sep-2026,188.37,190.7,190.7,186.6,187.3,402969,757.61,4435,211019.0,52.37,2026-09-04
KNAGRI,EQ,04-Sep-2026,206.23,210.0,210.0,194.88,199.4,15550,31.53,365,10025.0,64.47,2026-09-04
KNRCON,EQ,04-Sep-2026,119.27,119.8,125.95,118.05,124.66,2626704,3219.38,22699,1123844.0,42.79,2026-09-04
KODYTECH,ST,04-Sep-2026,1567.0,1570.0,1596.0,1550.1,1569.95,6000,94.74,49,5900.0,98.33,2026-09-04
KOHINOOR,EQ,04-Sep-2026,33.52,33.79,33.79,32.5,32.77,131797,43.69,1926,40177.0,30.48,2026-09-04
KOKUYOCMLN,EQ,04-Sep-2026,78.44,79.49,81.0,78.61,80.61,40527,32.53,661,27243.0,67.22,2026-09-04
KOLTEPATIL,EQ,04-Sep-2026,449.55,450.65,456.5,440.05,441.85,72213,321.85,2754,40498.0,56.08,2026-09-04
KONSTELEC,ST,04-Sep-2026,62.05,62.05,64.75,61.9,62.05,51000,32.02,21,45000.0,88.24,2026-09-04
KONTOR,SM,04-Sep-2026,53.5,52.95,52.95,52.95,52.95,600,0.32,1,600.0,100.0,2026-09-04
KOPRAN,EQ,04-Sep-2026,232.24,232.4,242.8,229.29,232.54,661197,1554.88,12742,321399.0,48.61,2026-09-04
KORE,SM,04-Sep-2026,112.55,118.8,123.8,118.55,123.8,58000,71.09,119,51250.0,88.36,2026-09-04
KOTAKBANK,EQ,04-Sep-2026,421.15,421.65,425.95,421.65,424.5,9408316,39897.33,243194,6773568.0,72.0,2026-09-04
KOTARISUG,BE,04-Sep-2026,30.53,30.5,30.5,29.26,29.92,27875,8.31,246,,,2026-09-04
KOTHARIPET,EQ,04-Sep-2026,129.02,129.56,132.0,129.0,130.56,51588,67.25,1127,36091.0,69.96,2026-09-04
KOTHARIPRO,EQ,04-Sep-2026,67.58,66.9,68.37,66.26,67.39,3862,2.61,83,2748.0,71.15,2026-09-04
KOTIC,EQ,04-Sep-2026,134.79,135.2,135.99,130.25,132.47,11357,15.18,418,6280.0,55.3,2026-09-04
KOTYARK,BE,04-Sep-2026,32.16,33.0,33.76,33.0,33.76,133703,44.94,365,,,2026-09-04
KOVAI,EQ,04-Sep-2026,6091.5,6140.0,6140.0,5994.0,6062.5,1977,119.72,776,1158.0,58.57,2026-09-04
KPEL,EQ,04-Sep-2026,240.89,242.99,253.03,239.28,247.32,382368,944.71,6987,180926.0,47.32,2026-09-04
KPIGREEN,EQ,04-Sep-2026,303.25,303.3,307.95,303.3,307.0,525172,1604.71,12780,227829.0,43.38,2026-09-04
KPIL,EQ,04-Sep-2026,1417.7,1421.1,1449.0,1402.0,1406.6,145207,2068.32,20841,67852.0,46.73,2026-09-04
KPITTECH,EQ,04-Sep-2026,583.5,584.0,593.6,575.0,575.45,1239906,7199.54,22622,621560.0,50.13,2026-09-04
KPL,EQ,04-Sep-2026,3351.7,3350.0,3421.7,3211.1,3285.5,49245,1625.36,6325,23705.0,48.14,2026-09-04
KPRMILL,EQ,04-Sep-2026,1175.4,1179.7,1195.0,1168.1,1186.3,199902,2371.3,19612,96342.0,48.19,2026-09-04
KRBL,EQ,04-Sep-2026,424.9,425.5,429.65,416.85,421.95,313910,1323.15,9211,129984.0,41.41,2026-09-04
KREBSBIO,EQ,04-Sep-2026,54.5,56.5,56.5,54.45,55.95,5830,3.24,304,4949.0,84.89,2026-09-04
KRIDHANINF,BE,04-Sep-2026,2.01,2.09,2.1,2.02,2.03,20638,0.42,50,,,2026-09-04
KRISHANA,EQ,04-Sep-2026,186.37,185.05,188.1,181.98,184.13,525256,967.96,8805,305720.0,58.2,2026-09-04
KRISHCA,SM,04-Sep-2026,161.95,158.5,161.85,158.5,161.85,6500,10.46,13,5000.0,76.92,2026-09-04
KRISHIVAL,EQ,04-Sep-2026,413.5,413.95,419.0,409.25,416.3,31340,129.77,1147,22112.0,70.56,2026-09-04
KRISHNADEF,EQ,04-Sep-2026,1008.7,1011.0,1037.0,1008.0,1013.2,67885,691.49,5396,35958.0,52.97,2026-09-04
KRITI,EQ,04-Sep-2026,60.94,60.11,62.98,59.0,61.6,23406,14.16,300,16480.0,70.41,2026-09-04
KRITIKA,EQ,04-Sep-2026,5.39,5.49,5.49,5.13,5.37,76423,4.09,425,66007.0,86.37,2026-09-04
KRITINUT,EQ,04-Sep-2026,83.36,87.4,87.4,83.0,86.45,13358,11.48,189,8389.0,62.8,2026-09-04
KRMAYURVED,SM,04-Sep-2026,282.9,279.0,287.9,277.05,287.85,56000,157.65,45,41000.0,73.21,2026-09-04
KRN,EQ,04-Sep-2026,1505.9,1540.9,1581.1,1521.2,1578.7,408862,6442.04,8835,196738.0,48.12,2026-09-04
KRONOX,BE,04-Sep-2026,183.37,182.45,189.0,182.0,184.69,86294,159.23,554,,,2026-09-04
KROSS,EQ,04-Sep-2026,211.34,211.34,217.45,210.25,211.57,223590,477.61,4637,114086.0,51.02,2026-09-04
KRSNAA,EQ,04-Sep-2026,550.95,552.35,564.4,550.05,560.0,21497,119.92,1790,11636.0,54.13,2026-09-04
KRT,RR,04-Sep-2026,113.51,112.95,113.1,111.72,112.49,6191981,6964.22,8404,5940782.0,95.94,2026-09-04
KRYSTAL,EQ,04-Sep-2026,661.95,659.2,661.0,650.25,654.6,8580,56.27,462,4985.0,58.1,2026-09-04
KSB,EQ,04-Sep-2026,810.6,815.3,817.0,807.0,813.55,89128,724.48,8454,52475.0,58.88,2026-09-04
KSCL,EQ,04-Sep-2026,744.8,748.5,751.8,741.0,744.1,46257,345.55,2971,26599.0,57.5,2026-09-04
KSE,EQ,04-Sep-2026,180.29,184.97,184.97,177.0,180.12,15087,27.06,374,11613.0,76.97,2026-09-04
KSHINTL,EQ,04-Sep-2026,1022.7,1035.1,1098.0,1032.8,1087.8,542413,5819.45,39159,183218.0,33.78,2026-09-04
KSHITIJ-RE,BE,04-Sep-2026,0.07,0.08,0.08,0.08,0.08,4638413,3.71,1105,,,2026-09-04
KSHITIJPOL,EQ,04-Sep-2026,3.15,3.15,3.3,3.15,3.3,2941441,96.33,1040,2530565.0,86.03,2026-09-04
KSL,EQ,04-Sep-2026,950.2,956.3,957.2,935.0,940.5,67652,638.76,4532,33284.0,49.2,2026-09-04
KSOLVES,EQ,04-Sep-2026,271.5,271.0,276.5,270.0,272.05,16299,44.4,774,7922.0,48.6,2026-09-04
KSR,EQ,04-Sep-2026,31.54,32.5,34.69,31.9,34.61,388546,128.48,432,370012.0,95.23,2026-09-04
KTKBANK,EQ,04-Sep-2026,339.75,341.0,345.9,338.25,340.1,1919012,6545.84,25327,956412.0,49.84,2026-09-04
KUANTUM,EQ,04-Sep-2026,75.16,75.2,75.6,73.7,74.18,61468,45.74,842,31262.0,50.86,2026-09-04
KUSUMGAR,EQ,04-Sep-2026,581.65,577.0,584.7,569.1,571.2,226964,1301.81,6096,136735.0,60.25,2026-09-04
KWIL,EQ,04-Sep-2026,42.31,42.31,42.73,41.8,42.12,11043010,4660.16,35932,4559474.0,41.29,2026-09-04
LADDERUP,EQ,04-Sep-2026,51.7,50.3,51.45,42.7,51.4,23,0.01,8,12.0,52.17,2026-09-04
LAGNAM,EQ,04-Sep-2026,74.4,74.63,77.27,74.0,74.8,23024,17.34,70,21800.0,94.68,2026-09-04
LAHOTIOV,EQ,04-Sep-2026,45.08,46.0,46.0,43.0,43.08,3701,1.62,67,3363.0,90.87,2026-09-04
LAKPRE,BZ,04-Sep-2026,4.78,4.8,5.01,4.8,5.01,3002,0.15,4,,,2026-09-04
LAKSHMIMIL,EQ,04-Sep-2026,7800.0,7621.0,7800.0,7621.0,7621.0,29,2.25,11,28.0,96.55,2026-09-04
LAKSHYA,SM,04-Sep-2026,83.65,83.5,85.0,81.05,81.8,10400,8.56,13,8800.0,84.62,2026-09-04
LAL,EQ,04-Sep-2026,9.0,8.81,9.15,8.81,8.91,30223,2.72,107,23324.0,77.17,2026-09-04
LALITHAA,EQ,04-Sep-2026,280.3,283.0,308.3,280.6,306.7,23781731,70517.36,156381,6439292.0,27.08,2026-09-04
LALPATHLAB,EQ,04-Sep-2026,1925.2,1920.5,1925.2,1855.7,1877.5,288144,5401.54,42647,148797.0,51.64,2026-09-04
LAMBODHARA,EQ,04-Sep-2026,137.47,138.81,139.91,133.96,134.67,4467,6.11,283,2218.0,49.65,2026-09-04
LAMOSAIC,ST,04-Sep-2026,61.4,60.5,61.0,59.6,60.85,72000,43.87,38,70200.0,97.5,2026-09-04
LANCER,EQ,04-Sep-2026,13.19,13.19,13.2,12.82,13.03,603720,78.3,1168,506847.0,83.95,2026-09-04
LANCORHOL,EQ,04-Sep-2026,34.75,35.13,40.88,34.21,40.35,2381575,917.1,9124,1196755.0,50.25,2026-09-04
LANDMARK,EQ,04-Sep-2026,498.0,500.0,516.4,497.0,510.15,79884,405.79,2759,40572.0,50.79,2026-09-04
LANDSMILL,EQ,04-Sep-2026,0.67,0.67,0.71,0.63,0.63,10129295,67.36,1760,4613771.0,45.55,2026-09-04
LAOPALA,EQ,04-Sep-2026,171.55,171.56,174.86,171.56,173.9,75699,131.35,1759,39435.0,52.09,2026-09-04
LARGEMID50,EQ,04-Sep-2026,36.36,36.36,36.42,36.27,36.39,2309,0.84,14,1353.0,58.6,2026-09-04
LASA,EQ,04-Sep-2026,6.82,6.99,7.0,6.69,6.73,24575,1.68,156,17225.0,70.09,2026-09-04
LASERPOWER,EQ,04-Sep-2026,301.05,303.7,305.95,291.5,295.65,999119,2972.39,13918,520383.0,52.08,2026-09-04
LATENTVIEW,EQ,04-Sep-2026,266.0,267.0,270.8,265.85,267.25,351722,943.82,9812,157602.0,44.81,2026-09-04
LATTEYS,EQ,04-Sep-2026,20.98,21.49,21.49,20.35,20.5,44829,9.28,245,39903.0,89.01,2026-09-04
LAURUSLABS,EQ,04-Sep-2026,1868.5,1855.0,1871.8,1835.2,1840.0,1075943,19912.03,40157,604792.0,56.21,2026-09-04
LAXMICOT,EQ,04-Sep-2026,12.71,12.58,14.25,12.58,13.73,72640,9.93,401,41398.0,56.99,2026-09-04
LAXMIDENTL,EQ,04-Sep-2026,199.2,199.2,201.0,197.5,199.14,40392,80.39,1887,21954.0,54.35,2026-09-04
LAXMIINDIA,EQ,04-Sep-2026,128.13,128.7,135.0,128.37,132.6,360742,476.43,4636,174743.0,48.44,2026-09-04
LCCINFOTEC,EQ,04-Sep-2026,3.85,4.07,4.08,3.72,3.81,44787,1.72,258,25996.0,58.04,2026-09-04
LCL,EQ,04-Sep-2026,553.45,560.0,598.0,560.0,581.5,1628313,9520.65,89054,727078.0,44.65,2026-09-04
LEAPIND,EQ,04-Sep-2026,152.41,153.5,155.3,149.5,150.26,5589910,8516.23,43498,2523870.0,45.15,2026-09-04
LEENEE,BE,04-Sep-2026,8.49,8.15,8.84,8.08,8.45,29014,2.42,77,,,2026-09-04
LEMERITE,EQ,04-Sep-2026,21.11,21.3,21.3,20.56,20.93,135407,28.47,268,28360.0,20.94,2026-09-04
LEMONTREE,EQ,04-Sep-2026,104.89,105.24,107.0,104.77,104.95,3464757,3652.77,24317,2137101.0,61.68,2026-09-04
LENSKART,EQ,04-Sep-2026,672.45,672.55,694.8,672.55,684.9,10188245,69855.27,172364,5969654.0,58.59,2026-09-04
LEXUS,EQ,04-Sep-2026,13.54,13.22,13.94,13.22,13.53,5919,0.8,103,3396.0,57.37,2026-09-04
LFIC,EQ,04-Sep-2026,135.28,140.0,140.0,134.5,134.64,387,0.52,13,303.0,78.29,2026-09-04
LGBBROSLTD,EQ,04-Sep-2026,1716.2,1716.2,1738.0,1697.0,1702.8,50384,858.8,5297,35522.0,70.5,2026-09-04
LGEINDIA,EQ,04-Sep-2026,1662.3,1661.2,1672.6,1634.0,1640.7,387555,6375.24,29809,227185.0,58.62,2026-09-04
LGHL,EQ,04-Sep-2026,178.95,175.2,183.48,173.26,175.42,6577,11.74,235,1746.0,26.55,2026-09-04
LIBAS,EQ,04-Sep-2026,10.48,10.65,10.9,10.26,10.46,19725,2.06,97,17242.0,87.41,2026-09-04
LIBERTSHOE,EQ,04-Sep-2026,234.3,234.31,238.0,231.9,233.27,15371,36.05,564,11088.0,72.14,2026-09-04
LICHSGFIN,EQ,04-Sep-2026,554.0,554.0,579.4,554.0,562.05,7126780,40611.04,56929,3129561.0,43.91,2026-09-04
LICI,EQ,04-Sep-2026,416.9,416.85,419.3,415.3,415.35,5411741,22584.99,42606,2960983.0,54.71,2026-09-04
LICMFGOLD,EQ,04-Sep-2026,137.5,138.9,139.7,138.25,138.75,349843,486.39,551,327148.0,93.51,2026-09-04
LICNETFGSC,EQ,04-Sep-2026,29.21,29.51,29.51,29.26,29.34,75526,22.17,92,73261.0,97.0,2026-09-04
LICNETFN50,EQ,04-Sep-2026,267.67,269.53,270.02,267.59,267.77,347,0.93,21,178.0,51.3,2026-09-04
LICNETFSEN,EQ,04-Sep-2026,863.46,868.17,875.0,860.0,862.89,22,0.19,6,11.0,50.0,2026-09-04
LICNFNHGP,EQ,04-Sep-2026,276.04,274.66,275.99,270.11,270.61,386,1.05,28,359.0,93.01,2026-09-04
LICNMID100,EQ,04-Sep-2026,63.42,63.42,64.05,63.42,63.84,2147,1.37,61,1432.0,66.7,2026-09-04
LIKHITHA,EQ,04-Sep-2026,202.9,204.54,206.99,203.2,204.8,27488,56.45,495,17796.0,64.74,2026-09-04
LINC,EQ,04-Sep-2026,94.69,94.1,96.5,94.1,95.07,7202,6.88,227,6279.0,87.18,2026-09-04
LINCOLN,EQ,04-Sep-2026,622.65,627.0,631.0,618.0,620.8,29091,181.08,1281,18159.0,62.42,2026-09-04
LINDEINDIA,EQ,04-Sep-2026,6373.0,6409.0,6411.0,6330.0,6346.0,9490,604.0,2441,5332.0,56.19,2026-09-04
LIQGRWBEES,EQ,04-Sep-2026,1054.14,1054.14,1054.49,1054.14,1054.46,101203,1067.16,196,82772.0,81.79,2026-09-04
LIQUID,EQ,04-Sep-2026,999.99,999.99,1000.0,999.99,999.99,328991,3289.9,387,194015.0,58.97,2026-09-04
LIQUID1,EQ,04-Sep-2026,1121.04,1121.04,1121.45,1121.04,1121.43,616507,6913.75,764,259346.0,42.07,2026-09-04
LIQUIDADD,EQ,04-Sep-2026,1143.13,1143.55,1143.67,1143.5,1143.51,332115,3797.78,281,242987.0,73.16,2026-09-04
LIQUIDBEES,EQ,04-Sep-2026,1000.0,1020.0,1020.0,999.99,1000.0,2607097,26071.08,5798,2035892.0,78.09,2026-09-04
LIQUIDBETA,EQ,04-Sep-2026,1006.7,1007.06,1007.06,1007.03,1007.04,100142,1008.46,30,99990.0,99.85,2026-09-04
LIQUIDBETF,EQ,04-Sep-2026,1097.27,1097.63,1097.65,1097.63,1097.63,217506,2387.43,99,139432.0,64.1,2026-09-04
LIQUIDCASE,EQ,04-Sep-2026,115.76,115.81,115.81,115.79,115.8,18435860,21348.7,15767,12411151.0,67.32,2026-09-04
LIQUIDETF,EQ,04-Sep-2026,999.99,1000.01,1000.01,999.99,999.99,308648,3086.48,395,272787.0,88.38,2026-09-04
LIQUIDIETF,EQ,04-Sep-2026,999.99,1000.0,1000.01,999.51,999.99,540668,5406.68,315,469655.0,86.87,2026-09-04
LIQUIDPLUS,EQ,04-Sep-2026,1101.63,1101.95,1102.03,1101.95,1102.01,233686,2575.26,300,172220.0,73.7,2026-09-04
LIQUIDSBI,EQ,04-Sep-2026,1000.01,999.99,1000.01,999.99,1000.0,5550,55.5,27,4540.0,81.8,2026-09-04
LIQUIDSHRI,EQ,04-Sep-2026,1119.96,1120.31,1120.33,1120.31,1120.33,20717,232.1,25,17533.0,84.63,2026-09-04
LKPSEC,EQ,04-Sep-2026,15.02,15.59,15.99,14.62,15.28,7614,1.18,92,6171.0,81.05,2026-09-04
LLOYDS,SM,04-Sep-2026,57.5,56.35,60.0,55.05,58.0,9000,5.12,8,7000.0,77.78,2026-09-04
LLOYDSENGG,EQ,04-Sep-2026,84.95,85.11,86.63,83.94,84.21,4801657,4087.03,23635,1962755.0,40.88,2026-09-04
LLOYDSENT,EQ,04-Sep-2026,71.97,71.79,74.69,71.79,74.23,3684805,2710.9,15028,1894805.0,51.42,2026-09-04
LLOYDSME,EQ,04-Sep-2026,1848.7,1848.7,1850.6,1820.1,1823.0,146092,2675.11,11968,71034.0,48.62,2026-09-04
LMW,EQ,04-Sep-2026,18993.0,19195.0,19195.0,18700.0,18774.0,2214,416.8,1009,1080.0,48.78,2026-09-04
LODHA,EQ,04-Sep-2026,1234.0,1225.0,1237.8,1209.5,1222.0,948334,11594.45,26054,442335.0,46.64,2026-09-04
LOKESHMACH,EQ,04-Sep-2026,360.3,378.8,378.8,362.2,364.6,56473,209.0,1499,34140.0,60.45,2026-09-04
LORDSCHLO,EQ,04-Sep-2026,141.55,142.0,148.34,142.0,146.6,40550,59.06,878,28878.0,71.22,2026-09-04
LOTUSCHO,EQ,04-Sep-2026,650.95,635.0,649.95,624.0,630.4,4002,25.45,330,2642.0,66.02,2026-09-04
LOTUSDEV,BE,04-Sep-2026,184.64,184.8,193.87,182.56,193.25,1589932,3042.52,3847,,,2026-09-04
LOTUSEYE,EQ,04-Sep-2026,109.28,109.9,110.45,108.3,109.43,8350,9.14,121,6650.0,79.64,2026-09-04
LOVABLE,EQ,04-Sep-2026,72.21,72.85,72.85,70.57,71.37,5969,4.25,264,4678.0,78.37,2026-09-04
LOWVOL,EQ,04-Sep-2026,205.78,204.13,204.13,204.13,204.13,1,0.0,1,1.0,100.0,2026-09-04
LOWVOL1,EQ,04-Sep-2026,21.1,21.1,21.14,20.88,20.93,642373,135.24,212,446398.0,69.49,2026-09-04
LOWVOLIETF,EQ,04-Sep-2026,21.98,22.13,22.13,21.91,21.98,1319509,290.99,1115,858940.0,65.1,2026-09-04
LOYALTEX,EQ,04-Sep-2026,211.82,210.0,221.82,206.0,218.14,2285,5.01,47,2042.0,89.37,2026-09-04
LPDC,EQ,04-Sep-2026,6.69,7.03,7.06,6.61,6.73,41802,2.85,183,20082.0,48.04,2026-09-04
LRRPL,SM,04-Sep-2026,86.9,87.0,88.0,87.0,88.0,3000,2.63,2,3000.0,100.0,2026-09-04
LT,EQ,04-Sep-2026,3975.0,3981.0,3994.9,3964.1,3964.1,1319056,52530.27,98662,827413.0,62.73,2026-09-04
LTF,EQ,04-Sep-2026,316.9,317.0,320.5,313.4,314.0,3279672,10396.48,27954,1522077.0,46.41,2026-09-04
LTFOODS,EQ,04-Sep-2026,442.55,442.45,448.9,439.0,444.8,450291,1996.82,18698,178147.0,39.56,2026-09-04
LTGILTBEES,EQ,04-Sep-2026,29.86,29.89,29.89,29.82,29.84,3617915,1079.53,773,3514946.0,97.15,2026-09-04
LTGILTCASE,EQ,04-Sep-2026,30.42,30.45,30.6,30.38,30.41,131619,40.05,194,90298.0,68.61,2026-09-04
LTM,EQ,04-Sep-2026,4560.0,4570.3,4656.3,4545.3,4554.0,243635,11168.83,19950,98818.0,40.56,2026-09-04
LTTS,EQ,04-Sep-2026,3501.2,3520.0,3535.8,3462.0,3493.3,51558,1800.03,8628,24847.0,48.19,2026-09-04
LUMAXIND,EQ,04-Sep-2026,6380.5,6450.0,6450.0,6107.5,6181.5,15590,974.93,3627,8384.0,53.78,2026-09-04
LUMAXTECH,EQ,04-Sep-2026,1985.4,1995.2,2010.0,1942.9,1951.9,81128,1593.98,11010,39102.0,48.2,2026-09-04
LUMINO,EQ,04-Sep-2026,110.32,112.4,122.0,111.22,114.5,139069849,162280.33,451001,17106290.0,12.3,2026-09-04
LUPIN,EQ,04-Sep-2026,2132.0,2140.1,2148.0,2100.6,2110.0,862828,18266.15,39010,526696.0,61.04,2026-09-04
LUXIND,EQ,04-Sep-2026,1171.7,1170.1,1191.9,1170.1,1175.1,9331,110.02,910,5005.0,53.64,2026-09-04
LXCHEM,EQ,04-Sep-2026,175.58,174.4,176.46,171.7,172.04,416497,723.2,7250,213719.0,51.31,2026-09-04
LYKALABS,BE,04-Sep-2026,76.83,78.36,78.36,78.36,78.36,31844,24.95,55,,,2026-09-04
M&M,EQ,04-Sep-2026,3150.0,3158.7,3185.3,3144.2,3170.0,1489449,47198.45,76929,985722.0,66.18,2026-09-04
M&MFIN,EQ,04-Sep-2026,376.05,379.0,380.95,371.5,373.65,2628655,9889.89,52603,1375052.0,52.31,2026-09-04
MAANALU,EQ,04-Sep-2026,120.77,120.15,123.0,117.21,117.9,74246,87.89,816,46923.0,63.2,2026-09-04
MACPOWER,EQ,04-Sep-2026,1944.1,1955.8,1960.0,1860.0,1904.9,38330,731.5,5622,20754.0,54.15,2026-09-04
MADHAV,EQ,04-Sep-2026,34.84,36.7,36.7,34.11,35.36,6274,2.21,143,4004.0,63.82,2026-09-04
MADHAVBAUG,ST,04-Sep-2026,160.3,160.3,160.5,160.3,160.5,1200,1.92,2,1200.0,100.0,2026-09-04
MADHAVIPL,EQ,04-Sep-2026,7.92,7.92,8.3,7.92,7.98,78511,6.33,310,54604.0,69.55,2026-09-04
MADHUCON,BE,04-Sep-2026,4.81,4.81,5.0,4.6,4.63,34348,1.59,62,,,2026-09-04
MADHUSUDAN,ST,04-Sep-2026,232.0,238.0,238.0,230.0,236.0,20000,46.9,17,20000.0,100.0,2026-09-04
MADRASFERT,EQ,04-Sep-2026,65.13,65.34,65.75,65.08,65.12,26810,17.5,458,18040.0,67.29,2026-09-04
MAFANG,EQ,04-Sep-2026,207.08,207.56,207.56,207.56,207.56,59968,124.47,351,59968.0,100.0,2026-09-04
MAFATIND,EQ,04-Sep-2026,123.24,124.77,124.77,120.35,121.66,25114,30.71,825,16395.0,65.28,2026-09-04
MAGADSUGAR,EQ,04-Sep-2026,566.7,568.0,568.0,546.0,552.05,19463,107.65,1422,10696.0,54.96,2026-09-04
MAGNUM,EQ,04-Sep-2026,19.0,18.82,19.49,18.82,19.0,7566,1.44,48,6863.0,90.71,2026-09-04
MAHABANK,EQ,04-Sep-2026,86.32,86.75,86.95,85.7,85.95,13802528,11932.77,37453,6884434.0,49.88,2026-09-04
MAHAPEXLTD,EQ,04-Sep-2026,54.72,54.7,54.75,53.01,53.51,6664,3.6,134,4510.0,67.68,2026-09-04
MAHASTEEL,BE,04-Sep-2026,1258.2,1195.3,1320.9,1195.3,1282.5,10107,124.48,527,,,2026-09-04
MAHEPC,EQ,04-Sep-2026,103.25,103.3,104.9,103.2,103.62,7636,7.93,204,5430.0,71.11,2026-09-04
MAHESHWARI,BE,04-Sep-2026,72.88,71.99,73.0,71.99,72.21,6852,4.96,26,,,2026-09-04
MAHICKRA,SM,04-Sep-2026,295.0,285.0,290.0,285.0,290.0,1500,4.31,2,1500.0,100.0,2026-09-04
MAHKTECH,EQ,04-Sep-2026,22.26,22.1,22.1,22.1,22.1,436637,96.5,473,426637.0,97.71,2026-09-04
MAHLIFE,EQ,04-Sep-2026,363.1,365.0,366.7,360.15,362.4,37464,136.06,2260,17943.0,47.89,2026-09-04
MAHLOG,EQ,04-Sep-2026,400.3,400.85,410.15,399.55,405.35,130587,528.49,5680,80895.0,61.95,2026-09-04
MAHSCOOTER,EQ,04-Sep-2026,13639.0,13727.0,13727.0,13590.0,13602.0,1009,137.29,324,735.0,72.84,2026-09-04
MAHSEAMLES,EQ,04-Sep-2026,653.5,654.75,695.8,651.5,688.1,1179393,8075.72,42816,350813.0,29.75,2026-09-04
MAITHANALL,EQ,04-Sep-2026,1038.5,1044.0,1105.0,1035.5,1090.55,400161,4325.36,18948,143266.0,35.8,2026-09-04
MAITREYA,SM,04-Sep-2026,123.9,120.0,120.0,120.0,120.0,400,0.48,1,400.0,100.0,2026-09-04
MAJESAUT,BE,04-Sep-2026,352.7,355.0,356.25,345.1,354.95,3642,12.77,184,,,2026-09-04
MAKEINDIA,EQ,04-Sep-2026,165.47,165.42,165.79,165.06,165.23,32053,53.0,383,21293.0,66.43,2026-09-04
MAKERSL,EQ,04-Sep-2026,200.77,206.85,206.85,188.4,189.9,6513,12.73,439,4237.0,65.05,2026-09-04
MAKS,SM,04-Sep-2026,14.4,15.1,15.1,15.1,15.1,1500,0.23,1,1500.0,100.0,2026-09-04
MAL,SM,04-Sep-2026,34.75,38.05,38.2,37.25,38.2,177600,67.75,86,158400.0,89.19,2026-09-04
MALLCOM,EQ,04-Sep-2026,998.8,1040.0,1040.0,998.8,1018.15,1900,19.28,157,948.0,49.89,2026-09-04
MALUPAPER,EQ,04-Sep-2026,32.44,32.97,32.97,31.15,31.65,8353,2.68,105,6805.0,81.47,2026-09-04
MAMATA,EQ,04-Sep-2026,404.55,404.55,417.0,401.75,412.55,39601,161.95,1594,19613.0,49.53,2026-09-04
MANAKALUCO,EQ,04-Sep-2026,37.68,37.68,38.31,37.6,38.1,34763,13.24,361,26191.0,75.34,2026-09-04
MANAKCOAT,EQ,04-Sep-2026,120.65,119.91,122.55,119.35,121.8,144960,175.46,1579,81014.0,55.89,2026-09-04
MANAKSIA,EQ,04-Sep-2026,59.12,59.69,63.89,59.2,63.05,235473,147.54,2316,138620.0,58.87,2026-09-04
MANAKSTEEL,EQ,04-Sep-2026,111.91,109.0,113.0,106.35,107.3,171136,186.35,1885,99497.0,58.14,2026-09-04
MANALIPETC,EQ,04-Sep-2026,89.73,89.56,90.61,86.0,86.76,6435710,5688.29,27514,1500345.0,23.31,2026-09-04
MANAPPURAM,EQ,04-Sep-2026,341.0,345.05,345.2,338.2,339.7,2017457,6871.14,21527,830852.0,41.18,2026-09-04
MANBA,EQ,04-Sep-2026,129.45,131.5,133.32,128.5,128.95,26727,34.89,285,7858.0,29.4,2026-09-04
MANCREDIT,EQ,04-Sep-2026,231.4,233.82,235.38,227.01,228.33,6769,15.53,383,2645.0,39.08,2026-09-04
MANGALAM,EQ,04-Sep-2026,30.3,30.9,30.9,29.9,30.02,18726,5.68,225,13837.0,73.89,2026-09-04
MANGLMCEM,EQ,04-Sep-2026,1098.2,1098.0,1114.0,1081.7,1095.2,64519,708.97,3570,27743.0,43.0,2026-09-04
MANINDS,EQ,04-Sep-2026,793.4,801.0,807.75,781.5,788.55,505736,4018.91,23876,196251.0,38.81,2026-09-04
MANINFRA,EQ,04-Sep-2026,124.59,126.0,128.3,123.78,124.8,1748780,2192.53,11864,978424.0,55.95,2026-09-04
MANIPALHOS,EQ,04-Sep-2026,726.0,729.0,738.0,720.5,725.2,1177059,8584.66,36339,589995.0,50.12,2026-09-04
MANKIND,EQ,04-Sep-2026,2368.8,2366.5,2390.0,2317.0,2327.9,122389,2864.87,12835,63154.0,51.6,2026-09-04
MANOMAY,EQ,04-Sep-2026,226.83,232.0,237.8,224.5,234.97,390666,896.65,4222,101814.0,26.06,2026-09-04
MANORAMA,EQ,04-Sep-2026,1966.3,1984.0,2017.5,1957.7,1993.4,521970,10395.76,44226,207273.0,39.71,2026-09-04
MANORG,EQ,04-Sep-2026,490.25,487.8,513.0,484.2,489.5,16738,82.49,1863,11466.0,68.5,2026-09-04
MANUFGBEES,EQ,04-Sep-2026,163.81,163.81,164.1,163.06,163.73,3201,5.23,113,2766.0,86.41,2026-09-04
MANUGRAPH,BE,04-Sep-2026,14.6,14.23,14.77,14.23,14.75,14661,2.14,36,,,2026-09-04
MANYAVAR,EQ,04-Sep-2026,568.2,567.9,604.0,563.0,594.2,775723,4567.61,30614,318413.0,41.05,2026-09-04
MAPMYINDIA,EQ,04-Sep-2026,968.6,975.0,982.9,967.6,972.2,65490,637.52,6240,27251.0,41.61,2026-09-04
MARALOVER,EQ,04-Sep-2026,55.26,55.0,65.69,55.0,61.83,313426,195.33,2285,145717.0,46.49,2026-09-04
MARATHON,EQ,04-Sep-2026,434.95,436.05,450.0,434.0,437.9,388461,1718.62,7019,105163.0,27.07,2026-09-04
MARCO,SM,04-Sep-2026,32.2,32.8,32.8,31.15,31.15,12000,3.83,8,9000.0,75.0,2026-09-04
MARICO,EQ,04-Sep-2026,827.4,824.05,824.7,814.1,815.15,1021459,8355.8,32320,705243.0,69.04,2026-09-04
MARINE,EQ,04-Sep-2026,430.4,432.0,442.95,426.7,432.15,826123,3591.67,22089,268879.0,32.55,2026-09-04
MARKOLINES,EQ,04-Sep-2026,171.34,171.47,173.15,170.0,171.89,251690,432.03,1111,53875.0,21.41,2026-09-04
MARKSANS,EQ,04-Sep-2026,332.2,333.0,335.45,323.45,326.75,1654370,5428.41,25469,578881.0,34.99,2026-09-04
MARSONS,EQ,04-Sep-2026,125.53,125.89,140.73,125.3,137.56,12724657,17255.82,82782,1133518.0,8.91,2026-09-04
MARUSHIKA,SM,04-Sep-2026,110.0,110.0,110.0,109.6,109.6,3600,3.95,3,3600.0,100.0,2026-09-04
MARUTI,EQ,04-Sep-2026,12857.0,12880.0,12880.0,12656.0,12694.0,322752,41082.83,65754,182259.0,56.47,2026-09-04
MASFIN,EQ,04-Sep-2026,292.7,295.0,296.85,292.8,295.0,69659,205.6,7392,43194.0,62.01,2026-09-04
MASKINVEST,EQ,04-Sep-2026,143.55,140.0,150.72,140.0,148.64,22,0.03,7,15.0,68.18,2026-09-04
MASON,SM,04-Sep-2026,117.2,116.25,116.25,113.4,113.9,10000,11.48,15,9000.0,90.0,2026-09-04
MASPTOP50,EQ,04-Sep-2026,79.26,79.86,79.86,79.86,79.86,25819,20.62,131,25819.0,100.0,2026-09-04
MASTEK,EQ,04-Sep-2026,1792.6,1815.0,1831.9,1752.9,1772.9,94020,1670.78,11844,37646.0,40.04,2026-09-04
MASTER,SM,04-Sep-2026,426.0,429.95,430.0,429.95,429.95,1000,4.3,2,1000.0,100.0,2026-09-04
MASTERTR,EQ,04-Sep-2026,81.03,81.05,95.5,81.05,89.16,8360812,7615.23,43240,720665.0,8.62,2026-09-04
MATRIMONY,EQ,04-Sep-2026,529.6,532.25,533.9,524.0,529.05,7124,37.68,402,4258.0,59.77,2026-09-04
MAWANASUG,EQ,04-Sep-2026,146.27,146.0,146.98,143.2,145.43,186868,270.47,3781,87163.0,46.64,2026-09-04
MAXESTATES,EQ,04-Sep-2026,530.7,535.0,546.85,529.0,542.1,111898,600.54,3876,79670.0,71.2,2026-09-04
MAXHEALTH,EQ,04-Sep-2026,994.9,994.9,1001.3,981.1,984.8,1167047,11574.1,34531,650300.0,55.72,2026-09-04
MAXIND,EQ,04-Sep-2026,152.89,154.0,154.58,150.1,150.66,24712,37.59,906,13908.0,56.28,2026-09-04
MAXPOSURE,SM,04-Sep-2026,29.0,29.3,30.7,29.3,29.8,189000,56.69,26,179000.0,94.71,2026-09-04
MAXVOLT,SM,04-Sep-2026,328.4,328.4,334.7,321.25,324.8,23600,77.13,55,17600.0,74.58,2026-09-04
MAYURUNIQ,EQ,04-Sep-2026,728.8,730.0,737.5,727.5,734.85,29504,216.39,1657,19960.0,67.65,2026-09-04
MAZDA,BE,04-Sep-2026,272.85,269.45,274.2,260.0,270.0,28256,75.64,270,,,2026-09-04
MAZDOCK,EQ,04-Sep-2026,2474.0,2489.0,2546.6,2475.0,2475.0,735425,18489.34,32127,173880.0,23.64,2026-09-04
MBAPL,EQ,04-Sep-2026,162.08,162.08,167.39,160.73,166.12,983522,1612.84,8749,536327.0,54.53,2026-09-04
MBECL,BE,04-Sep-2026,246.57,258.89,258.89,258.89,258.89,2944,7.62,78,,,2026-09-04
MBEL,EQ,04-Sep-2026,275.45,276.95,277.0,268.0,270.15,74971,203.56,1586,40169.0,53.58,2026-09-04
MBLINFRA,EQ,04-Sep-2026,24.44,25.0,25.0,24.0,24.3,25935,6.31,154,16868.0,65.04,2026-09-04
MCCHRLS-B,EQ,04-Sep-2026,679.95,682.6,682.6,656.05,670.0,310,2.06,50,299.0,96.45,2026-09-04
MCL,EQ,04-Sep-2026,58.5,58.0,58.9,57.21,58.3,25283,14.66,951,12885.0,50.96,2026-09-04
MCLEODRUSS,EQ,04-Sep-2026,46.61,46.41,47.99,46.0,46.3,185910,86.84,1097,106167.0,57.11,2026-09-04
MCLOUD,EQ,04-Sep-2026,26.46,26.51,26.67,26.25,26.29,1615599,426.56,3806,1014770.0,62.81,2026-09-04
MCON,SM,04-Sep-2026,42.5,44.6,44.6,44.0,44.0,8000,3.56,8,8000.0,100.0,2026-09-04
MCX,EQ,04-Sep-2026,3170.2,3187.8,3287.4,3165.6,3275.4,2485731,80378.35,89140,884117.0,35.57,2026-09-04
MEDANTA,EQ,04-Sep-2026,1417.3,1424.3,1491.8,1424.3,1469.8,470026,6913.99,55760,239254.0,50.9,2026-09-04
MEDIASSIST,EQ,04-Sep-2026,343.95,341.65,348.5,338.5,340.35,433407,1483.7,12318,337589.0,77.89,2026-09-04
MEDICAMEQ,EQ,04-Sep-2026,259.4,262.0,276.8,260.65,270.25,118422,319.8,2703,56587.0,47.78,2026-09-04
MEDICAPQ,EQ,04-Sep-2026,25.08,26.9,26.9,25.16,26.29,1645,0.43,38,1449.0,88.09,2026-09-04
MEDICO,EQ,04-Sep-2026,39.5,39.4,40.19,39.0,39.87,52932,20.87,756,26840.0,50.71,2026-09-04
MEDIORG,SM,04-Sep-2026,25.65,26.5,26.7,26.5,26.5,44000,11.66,10,42000.0,95.45,2026-09-04
MEDISTEP,SM,04-Sep-2026,22.8,23.5,23.5,22.85,22.9,12000,2.78,3,12000.0,100.0,2026-09-04
MEDPLUS,EQ,04-Sep-2026,660.65,660.65,691.35,650.2,676.35,310867,2086.59,12964,114387.0,36.8,2026-09-04
MEESHO,EQ,04-Sep-2026,209.74,209.74,216.67,207.87,209.0,22949812,48784.76,129113,9694787.0,42.24,2026-09-04
MEGAFLEX,SM,04-Sep-2026,95.0,95.0,95.0,91.0,91.0,6000,5.58,5,6000.0,100.0,2026-09-04
MEGASTAR,EQ,04-Sep-2026,304.1,301.05,309.65,301.05,307.6,2947,8.99,114,2642.0,89.65,2026-09-04
MEGATHERM,SM,04-Sep-2026,205.1,207.0,232.95,207.0,228.75,58000,125.64,98,48800.0,84.14,2026-09-04
MEIL,EQ,04-Sep-2026,283.75,286.9,295.45,280.0,285.1,99521,284.32,3061,58314.0,58.59,2026-09-04
MENNPIS,EQ,04-Sep-2026,74.82,74.82,79.46,74.78,77.64,261863,203.96,4156,131383.0,50.17,2026-09-04
MENONBE,BE,04-Sep-2026,308.55,311.0,323.95,311.0,321.4,202288,652.88,2953,,,2026-09-04
MEP,BZ,04-Sep-2026,0.72,0.71,0.71,0.71,0.71,13408,0.1,32,,,2026-09-04
MERCANTILE,EQ,04-Sep-2026,25.55,26.9,26.9,24.49,25.45,550263,142.1,1130,209440.0,38.06,2026-09-04
MERCURYEV,EQ,04-Sep-2026,36.67,37.91,37.93,36.12,36.74,41943,15.44,676,28084.0,66.96,2026-09-04
METAL,EQ,04-Sep-2026,13.29,13.62,13.62,13.28,13.46,1538895,206.41,3462,786492.0,51.11,2026-09-04
METALIC,ST,04-Sep-2026,137.0,135.0,141.5,134.5,134.65,48000,65.8,27,46400.0,96.67,2026-09-04
METALIETF,EQ,04-Sep-2026,13.2,13.4,13.45,13.2,13.4,5744597,764.93,8061,3054316.0,53.17,2026-09-04
METROBRAND,EQ,04-Sep-2026,915.65,915.65,935.0,909.0,929.15,39468,364.0,4906,25300.0,64.1,2026-09-04
METROGLOBL,EQ,04-Sep-2026,137.0,137.0,139.5,133.25,136.14,601,0.81,44,498.0,82.86,2026-09-04
METROPOLIS,EQ,04-Sep-2026,591.9,593.4,593.4,584.9,588.7,239323,1409.21,14831,126367.0,52.8,2026-09-04
MFML,EQ,04-Sep-2026,18.36,18.63,18.8,18.12,18.59,3002,0.56,56,2417.0,80.51,2026-09-04
MFSL,EQ,04-Sep-2026,1537.0,1537.0,1569.0,1531.4,1548.4,543214,8444.36,27632,304532.0,56.06,2026-09-04
MGEL,BE,04-Sep-2026,14.4,14.26,14.5,14.15,14.24,92187,13.13,217,,,2026-09-04
MGL,EQ,04-Sep-2026,1066.4,1067.0,1101.6,1067.0,1096.6,288338,3143.72,23619,146057.0,50.65,2026-09-04
MGSL,SM,04-Sep-2026,74.55,75.05,76.5,72.5,73.8,16800,12.47,13,12000.0,71.43,2026-09-04
MHLXMIRU,BE,04-Sep-2026,174.89,172.1,174.9,172.1,174.89,3411,5.93,42,,,2026-09-04
MHRIL,EQ,04-Sep-2026,207.91,208.0,211.0,206.55,207.4,155829,324.38,2759,117787.0,75.59,2026-09-04
MICEL,BE,04-Sep-2026,37.48,36.74,36.74,36.74,36.74,82417,30.28,553,,,2026-09-04
MID150,EQ,04-Sep-2026,23.63,23.56,23.71,23.54,23.61,59978,14.19,142,42075.0,70.15,2026-09-04
MID150BEES,EQ,04-Sep-2026,240.14,241.04,241.05,238.67,240.15,654280,1572.81,6417,487477.0,74.51,2026-09-04
MID150CASE,EQ,04-Sep-2026,11.68,11.72,11.74,11.65,11.68,879546,102.93,3209,708650.0,80.57,2026-09-04
MIDBANKADD,EQ,04-Sep-2026,17.52,17.52,17.54,17.47,17.5,10430,1.82,24,7516.0,72.06,2026-09-04
MIDCAP,EQ,04-Sep-2026,18.52,18.89,18.89,17.9,18.51,695787,128.76,940,288955.0,41.53,2026-09-04
MIDCAPADD,EQ,04-Sep-2026,23.14,23.14,23.36,23.14,23.28,1461,0.34,23,1180.0,80.77,2026-09-04
MIDCAPBETA,EQ,04-Sep-2026,234.77,234.77,235.82,232.07,233.21,767,1.8,33,540.0,70.4,2026-09-04
MIDCAPETF,EQ,04-Sep-2026,23.75,24.23,24.23,23.7,23.73,1238138,294.38,4406,866885.0,70.02,2026-09-04
MIDCAPIETF,EQ,04-Sep-2026,24.06,24.54,24.54,24.02,24.06,669603,161.38,1900,411636.0,61.47,2026-09-04
MIDHANI,EQ,04-Sep-2026,416.9,417.0,428.2,416.3,418.8,562610,2368.82,14315,206249.0,36.66,2026-09-04
MIDQ50ADD,EQ,04-Sep-2026,25.06,25.06,25.14,24.95,25.01,45658,11.43,104,37100.0,81.26,2026-09-04
MIDSELIETF,EQ,04-Sep-2026,19.92,19.92,20.05,19.88,19.93,137616,27.48,608,80705.0,58.65,2026-09-04
MIDSMALL,EQ,04-Sep-2026,52.03,52.07,53.07,51.7,51.82,148865,77.24,728,117019.0,78.61,2026-09-04
MIDWESTLTD,EQ,04-Sep-2026,1054.3,1064.9,1065.0,1053.0,1062.1,7030,74.49,725,4304.0,61.22,2026-09-04
MIEL,SM,04-Sep-2026,12.3,11.75,12.1,11.7,11.85,16000,1.89,6,12000.0,75.0,2026-09-04
MIIL,EQ,04-Sep-2026,718.4,722.0,722.35,711.85,717.05,82890,593.01,670,48508.0,58.52,2026-09-04
MILKYMIST,EQ,04-Sep-2026,252.89,255.0,260.59,249.5,252.43,14599282,37040.27,107595,1987628.0,13.61,2026-09-04
MILTON,SM,04-Sep-2026,36.5,36.5,38.3,34.7,38.1,19800,7.43,8,17600.0,88.89,2026-09-04
MINALIND,BE,04-Sep-2026,5.1,5.35,5.35,5.35,5.35,73953,3.96,113,,,2026-09-04
MINDACORP,EQ,04-Sep-2026,706.5,709.75,709.8,695.25,702.8,199782,1399.73,11199,102933.0,51.52,2026-09-04
MINDSPACE,RR,04-Sep-2026,499.92,503.84,505.0,500.39,501.11,139215,698.93,8265,110150.0,79.12,2026-09-04
MINDTECK,EQ,04-Sep-2026,168.22,168.0,170.98,167.15,168.81,17432,29.51,646,10324.0,59.22,2026-09-04
MIRZAINT,EQ,04-Sep-2026,30.99,30.7,31.5,30.7,30.96,65986,20.48,685,47381.0,71.8,2026-09-04
MITCON,BE,04-Sep-2026,78.0,78.0,78.25,77.8,77.8,1066,0.83,22,,,2026-09-04
MITTAL,EQ,04-Sep-2026,0.78,0.8,0.82,0.78,0.8,713212,5.7,362,534960.0,75.01,2026-09-04
MKEXIM,EQ,04-Sep-2026,60.18,61.89,63.0,60.24,62.18,17942,11.06,249,14712.0,82.0,2026-09-04
MKPL,EQ,04-Sep-2026,4.06,4.06,4.12,3.92,4.02,143996,5.79,488,95632.0,66.41,2026-09-04
MLKFOOD,EQ,04-Sep-2026,82.62,83.55,85.0,82.5,83.63,1824,1.53,62,972.0,53.29,2026-09-04
MMEL,SM,04-Sep-2026,24.5,24.55,25.75,24.0,25.25,54000,13.34,20,48000.0,88.89,2026-09-04
MMFL,EQ,04-Sep-2026,641.8,643.8,649.9,620.0,630.1,163248,1032.45,7658,74642.0,45.72,2026-09-04
MMP,EQ,04-Sep-2026,395.95,399.9,404.95,383.35,404.15,112103,445.14,2401,72542.0,64.71,2026-09-04
MMTC,EQ,04-Sep-2026,62.32,62.61,66.2,62.53,64.18,8443462,5489.46,38101,1493305.0,17.69,2026-09-04
MMWL,EQ,04-Sep-2026,14.07,14.1,14.59,14.1,14.53,8751,1.27,170,8245.0,94.22,2026-09-04
MNC,EQ,04-Sep-2026,33.27,34.1,34.1,33.16,33.21,83789,27.83,341,77066.0,91.98,2026-09-04
MOALPHA50,EQ,04-Sep-2026,56.62,56.36,57.5,56.16,56.36,5914,3.33,80,5025.0,84.97,2026-09-04
MOBANK10,EQ,04-Sep-2026,16.9,17.0,17.0,16.85,16.95,868,0.15,42,835.0,96.2,2026-09-04
MOBIKWIK,EQ,04-Sep-2026,190.61,191.15,193.72,189.9,192.12,393306,756.35,5598,150109.0,38.17,2026-09-04
MOBILISE,SM,04-Sep-2026,113.75,108.15,108.15,108.15,108.15,1600,1.73,1,1600.0,100.0,2026-09-04
MOCAPITAL,EQ,04-Sep-2026,53.8,55.14,55.14,54.02,54.5,682395,372.14,2510,408377.0,59.84,2026-09-04
MODEFENCE,EQ,04-Sep-2026,106.05,106.9,107.97,106.5,107.14,3442112,3705.64,6810,2803942.0,81.46,2026-09-04
MODINATUR,EQ,04-Sep-2026,334.3,345.1,345.1,328.0,340.95,3782,12.9,147,2799.0,74.01,2026-09-04
MODIRUBBER,EQ,04-Sep-2026,131.83,135.38,135.38,130.42,131.3,1186,1.57,72,621.0,52.36,2026-09-04
MODIS,EQ,04-Sep-2026,379.1,377.5,383.8,376.6,380.85,11292,42.94,502,6470.0,57.3,2026-09-04
MODISONLTD,EQ,04-Sep-2026,494.65,479.2,494.65,469.95,469.95,412447,1968.01,6839,197444.0,47.87,2026-09-04
MODTHREAD,EQ,04-Sep-2026,53.39,53.0,55.98,53.0,54.37,12306,6.67,178,6319.0,51.35,2026-09-04
MOENERGY,EQ,04-Sep-2026,38.31,38.0,38.99,37.86,38.42,118745,45.62,534,99935.0,84.16,2026-09-04
MOGOLD,EQ,04-Sep-2026,150.65,150.55,153.0,150.55,151.75,39281,59.69,609,18659.0,47.5,2026-09-04
MOGSEC,EQ,04-Sep-2026,65.4,65.38,65.7,65.34,65.69,1982,1.3,26,1825.0,92.08,2026-09-04
MOHEALTH,EQ,04-Sep-2026,52.17,52.68,52.68,51.67,51.84,31140,16.17,585,26247.0,84.29,2026-09-04
MOHITE,EQ,04-Sep-2026,2.8,2.8,2.84,2.6,2.79,133842,3.67,151,97805.0,73.07,2026-09-04
MOHITIND,EQ,04-Sep-2026,23.72,24.99,24.99,23.37,23.78,10348,2.45,86,7048.0,68.11,2026-09-04
MOIL,EQ,04-Sep-2026,250.68,252.7,253.7,249.97,252.3,505504,1272.2,9610,220131.0,43.55,2026-09-04
MOINFRA,EQ,04-Sep-2026,58.66,58.7,58.7,58.45,58.68,1827,1.07,27,1827.0,100.0,2026-09-04
MOIPO,EQ,04-Sep-2026,48.74,48.69,51.0,48.65,49.15,23258,11.43,63,23203.0,99.76,2026-09-04
MOKSH,EQ,04-Sep-2026,9.98,9.99,10.2,9.99,10.07,112542,11.36,268,90118.0,80.07,2026-09-04
MOL,EQ,04-Sep-2026,67.52,68.23,68.75,66.28,66.66,1538689,1034.6,7566,778643.0,50.6,2026-09-04
MOLBIO,EQ,04-Sep-2026,1135.2,1139.9,1177.0,1117.2,1160.5,594273,6809.2,23770,154110.0,25.93,2026-09-04
MOLDTECH,BE,04-Sep-2026,207.31,207.0,215.0,200.55,208.96,27919,58.19,446,,,2026-09-04
MOLDTKPAC,EQ,04-Sep-2026,699.6,702.85,710.05,700.0,706.65,36489,257.31,1951,20898.0,57.27,2026-09-04
MOLOWVOL,EQ,04-Sep-2026,36.35,36.09,36.21,35.97,36.12,3927,1.42,89,2800.0,71.3,2026-09-04
MOM100,EQ,04-Sep-2026,68.18,68.6,68.73,68.0,68.18,153254,104.72,2100,93072.0,60.73,2026-09-04
MOM30IETF,EQ,04-Sep-2026,31.27,30.64,31.41,30.64,31.36,501933,157.26,1578,298396.0,59.45,2026-09-04
MOM50,EQ,04-Sep-2026,250.41,250.29,252.0,250.29,251.47,1830,4.59,81,1592.0,86.99,2026-09-04
MOMENTUM,EQ,04-Sep-2026,31.37,31.25,31.56,31.0,31.06,128103,39.93,298,111722.0,87.21,2026-09-04
MOMENTUM30,EQ,04-Sep-2026,30.65,30.79,30.87,30.66,30.81,21437,6.6,46,12116.0,56.52,2026-09-04
MOMENTUM50,EQ,04-Sep-2026,54.25,54.54,54.55,53.78,54.38,675732,367.28,1403,477934.0,70.73,2026-09-04
MOMETAL,EQ,04-Sep-2026,13.16,13.21,13.41,13.16,13.32,9735,1.3,25,8634.0,88.69,2026-09-04
MOMGF,EQ,04-Sep-2026,162.74,161.93,170.0,161.93,165.66,315,0.51,28,292.0,92.7,2026-09-04
MOMIDMTM,EQ,04-Sep-2026,64.7,64.7,64.89,64.5,64.55,59852,38.69,273,53539.0,89.45,2026-09-04
MOMMIDCAP,EQ,04-Sep-2026,13.02,13.01,13.07,12.98,12.99,463054,60.26,472,440224.0,95.07,2026-09-04
MOMNC,EQ,04-Sep-2026,32.29,33.0,33.0,32.15,32.19,2895,0.93,23,2753.0,95.09,2026-09-04
MOMOMENTUM,EQ,04-Sep-2026,62.18,61.92,62.62,61.56,62.27,43375,26.94,340,31033.0,71.55,2026-09-04
MON100,EQ,04-Sep-2026,323.86,324.67,324.67,324.67,324.67,70173,227.83,747,70173.0,100.0,2026-09-04
MON50EQUAL,EQ,04-Sep-2026,33.16,33.3,33.3,32.98,33.17,6254,2.07,61,5147.0,82.3,2026-09-04
MONARCH,EQ,04-Sep-2026,381.3,380.1,382.65,373.0,377.9,77678,293.17,1927,49488.0,63.71,2026-09-04
MONEXT50,EQ,04-Sep-2026,73.05,73.05,73.33,72.84,73.14,1755,1.28,54,1355.0,77.21,2026-09-04
MONEYBOXX,EQ,04-Sep-2026,57.22,56.93,68.66,56.93,58.8,92042,57.92,1040,42499.0,46.17,2026-09-04
MONIFTY100,EQ,04-Sep-2026,25.17,25.28,25.35,25.2,25.32,23737,6.01,46,23026.0,97.0,2026-09-04
MONIFTY500,EQ,04-Sep-2026,23.8,23.8,23.93,23.8,23.91,249509,59.62,1019,169779.0,68.05,2026-09-04
MONOLITH,SM,04-Sep-2026,1286.1,1295.0,1295.0,1240.0,1265.65,33250,422.27,101,24000.0,72.18,2026-09-04
MONOPHARMA,SM,04-Sep-2026,8.95,8.65,8.95,8.65,8.95,6000,0.53,3,4000.0,66.67,2026-09-04
MONQ50,EQ,04-Sep-2026,141.73,141.93,141.93,141.93,141.93,17832,25.31,95,17832.0,100.0,2026-09-04
MONTECARLO,EQ,04-Sep-2026,564.45,567.4,577.0,562.15,574.5,53976,307.52,2042,29078.0,53.87,2026-09-04
MOOILGAS,EQ,04-Sep-2026,11.21,11.21,11.29,11.19,11.29,6633,0.75,36,6543.0,98.64,2026-09-04
MOPSE,EQ,04-Sep-2026,99.4,99.46,102.5,99.42,101.57,217,0.22,20,211.0,97.24,2026-09-04
MOQUALITY,EQ,04-Sep-2026,199.01,199.49,199.53,198.14,198.73,1467,2.92,27,1314.0,89.57,2026-09-04
MOREALTY,EQ,04-Sep-2026,91.75,92.0,92.55,90.12,90.84,2200446,2008.92,2616,1797580.0,81.69,2026-09-04
MOREPENLAB,EQ,04-Sep-2026,117.45,117.91,118.0,112.55,113.74,17563502,20173.43,68746,5691959.0,32.41,2026-09-04
MOS,ST,04-Sep-2026,7.9,7.55,7.55,7.55,7.55,152000,11.48,30,152000.0,100.0,2026-09-04
MOSCHIP,EQ,04-Sep-2026,213.57,213.56,215.19,211.11,212.22,1176516,2505.64,14637,475224.0,40.39,2026-09-04
MOSERVICE,EQ,04-Sep-2026,30.64,30.91,30.99,30.9,30.91,4297,1.33,21,4297.0,100.0,2026-09-04
MOSILVER,EQ,04-Sep-2026,227.19,231.14,231.15,228.28,230.02,20361,46.84,747,7628.0,37.46,2026-09-04
MOSMALL250,EQ,04-Sep-2026,18.55,18.96,18.96,18.45,18.52,1698632,314.9,1854,1135087.0,66.82,2026-09-04
MOTHERSON,EQ,04-Sep-2026,162.0,162.01,162.9,160.26,160.7,7139764,11505.62,38412,3972535.0,55.64,2026-09-04
MOTILALOFS,EQ,04-Sep-2026,1012.8,1023.0,1040.8,1022.8,1037.0,807197,8336.75,27936,282650.0,35.02,2026-09-04
MOTISONS,EQ,04-Sep-2026,15.37,15.21,17.5,15.21,16.48,123701270,20458.96,165631,11168602.0,9.03,2026-09-04
MOTOGENFIN,BE,04-Sep-2026,27.97,27.72,29.0,27.72,28.71,38267,10.91,74,,,2026-09-04
MOTOUR,EQ,04-Sep-2026,77.89,78.21,78.21,77.63,77.74,14189,11.05,128,12856.0,90.61,2026-09-04
MOVALUE,EQ,04-Sep-2026,112.8,115.0,115.0,112.8,113.26,33586,38.02,499,25435.0,75.73,2026-09-04
MPDL,BE,04-Sep-2026,33.23,34.89,34.89,33.0,33.98,957,0.33,18,,,2026-09-04
MPEL,ST,04-Sep-2026,26.05,27.35,27.35,27.35,27.35,3200,0.88,2,3200.0,100.0,2026-09-04
MPHASIS,EQ,04-Sep-2026,2471.0,2482.0,2502.7,2417.3,2422.0,160732,3936.35,13534,59997.0,37.33,2026-09-04
MPSLTD,EQ,04-Sep-2026,2620.6,2633.6,2700.0,2631.6,2658.9,15166,404.13,2535,8703.0,57.38,2026-09-04
MRF,EQ,04-Sep-2026,130510.0,130950.0,131080.0,129705.0,129945.0,4656,6061.01,2742,3105.0,66.69,2026-09-04
MRIL,ST,04-Sep-2026,60.15,58.0,58.0,57.3,57.3,4800,2.76,3,4800.0,100.0,2026-09-04
MRPL,EQ,04-Sep-2026,175.99,176.4,178.9,174.25,174.83,3031271,5337.26,20658,841548.0,27.76,2026-09-04
MSCI360,EQ,04-Sep-2026,10.06,10.12,10.27,10.04,10.27,6033,0.61,23,5170.0,85.7,2026-09-04
MSCIADD,EQ,04-Sep-2026,29.37,29.37,29.53,29.37,29.53,836,0.25,11,328.0,39.23,2026-09-04
MSCIINDIA,EQ,04-Sep-2026,29.71,29.85,29.89,29.71,29.82,544455,162.41,95,543083.0,99.75,2026-09-04
MSL,EQ,04-Sep-2026,137.53,145.0,149.0,137.53,142.22,1952,2.88,51,1662.0,85.14,2026-09-04
MSPL,EQ,04-Sep-2026,35.34,35.79,35.8,35.01,35.4,334614,118.26,1689,228295.0,68.23,2026-09-04
MSTCLTD,EQ,04-Sep-2026,744.25,746.55,749.0,724.0,734.2,159233,1172.79,6930,85325.0,53.58,2026-09-04
MSUMI,EQ,04-Sep-2026,37.03,36.81,37.05,36.18,36.52,12064648,4400.19,36139,6705836.0,55.58,2026-09-04
MTARTECH,BE,04-Sep-2026,6820.0,6930.0,7161.0,6850.0,7161.0,222417,15789.58,16894,,,2026-09-04
MTEDUCARE,BE,04-Sep-2026,1.69,1.77,1.77,1.7,1.77,30604,0.54,61,,,2026-09-04
MTNL,EQ,04-Sep-2026,26.42,26.59,26.98,26.47,26.55,518060,137.94,2310,194839.0,37.61,2026-09-04
MUFIN,EQ,04-Sep-2026,136.92,137.45,138.78,136.42,137.56,1131652,1558.44,4050,390150.0,34.48,2026-09-04
MUFTI,EQ,04-Sep-2026,72.87,72.85,75.6,72.51,75.23,149617,111.5,1414,87241.0,58.31,2026-09-04
MUKANDLTD,EQ,04-Sep-2026,132.97,133.49,134.9,132.81,134.44,44731,59.88,684,25361.0,56.7,2026-09-04
MUKESHB,EQ,04-Sep-2026,134.0,134.0,134.0,133.9,133.91,312,0.42,5,312.0,100.0,2026-09-04
MUKKA,EQ,04-Sep-2026,28.72,29.99,32.44,28.96,31.34,6910108,2123.55,25607,2547451.0,36.87,2026-09-04
MUKTAARTS,BE,04-Sep-2026,56.1,54.98,58.9,54.98,58.9,13799,8.11,64,,,2026-09-04
MULTICAP,EQ,04-Sep-2026,16.75,16.83,16.84,16.76,16.79,75191,12.63,361,51669.0,68.72,2026-09-04
MUNISH,SM,04-Sep-2026,82.55,82.0,83.95,82.0,83.05,15600,12.95,12,12000.0,76.92,2026-09-04
MUNJALAU,EQ,04-Sep-2026,112.92,113.45,114.99,111.34,112.28,317397,357.53,4135,123266.0,38.84,2026-09-04
MUNJALSHOW,EQ,04-Sep-2026,129.27,129.27,130.8,128.1,129.21,19122,24.85,424,10670.0,55.8,2026-09-04
MURUDCERA,EQ,04-Sep-2026,29.97,30.45,30.48,29.45,29.66,15994,4.76,227,11394.0,71.24,2026-09-04
MUTHOOTCAP,EQ,04-Sep-2026,243.75,248.0,249.88,238.9,241.72,9133,22.21,465,5491.0,60.12,2026-09-04
MUTHOOTFIN,EQ,04-Sep-2026,2926.5,2971.0,2979.9,2913.0,2913.8,583485,17128.52,41017,268136.0,45.95,2026-09-04
MUTHOOTMF,EQ,04-Sep-2026,206.89,208.99,209.55,204.8,205.29,177382,366.62,2299,97512.0,54.97,2026-09-04
MVELECTRO,EQ,04-Sep-2026,730.65,730.65,752.4,710.0,729.7,3173336,23238.05,58930,365879.0,11.53,2026-09-04
MVGJL,EQ,04-Sep-2026,171.97,172.1,187.8,172.1,179.9,1146917,2088.19,23530,319122.0,27.82,2026-09-04
MVKAGRO,SM,04-Sep-2026,225.1,236.35,236.35,236.35,236.35,12000,28.36,11,12000.0,100.0,2026-09-04
MWL,EQ,04-Sep-2026,39.08,39.7,39.7,37.6,38.56,243445,94.28,831,194770.0,80.01,2026-09-04
MYMUDRA,SM,04-Sep-2026,70.0,66.35,74.0,66.35,72.0,16800,12.09,11,14400.0,85.71,2026-09-04
MYSORPETRO,BE,04-Sep-2026,124.89,125.51,127.95,122.0,127.12,5905,7.48,73,,,2026-09-04
NACLIND,EQ,04-Sep-2026,166.45,166.0,168.45,165.21,166.84,220617,367.85,3809,106213.0,48.14,2026-09-04
NAGREEKCAP,EQ,04-Sep-2026,22.87,22.87,23.34,22.22,23.25,2918,0.66,88,1999.0,68.51,2026-09-04
NAGREEKEXP,EQ,04-Sep-2026,21.3,21.1,25.0,20.81,24.1,411783,93.99,516,22469.0,5.46,2026-09-04
NAHARCAP,EQ,04-Sep-2026,259.5,259.5,261.9,258.0,261.75,798,2.07,29,726.0,90.98,2026-09-04
NAHARINDUS,EQ,04-Sep-2026,137.96,137.96,139.23,136.23,137.63,17477,24.08,408,8175.0,46.78,2026-09-04
NAHARPOLY,EQ,04-Sep-2026,248.39,247.86,247.86,239.4,244.54,12772,31.12,365,8802.0,68.92,2026-09-04
NAHARSPING,EQ,04-Sep-2026,293.0,295.7,296.0,288.1,289.8,36995,107.72,966,23501.0,63.52,2026-09-04
NAM-INDIA,EQ,04-Sep-2026,1164.9,1160.0,1184.5,1151.8,1159.9,1522876,17729.27,34189,977811.0,64.21,2026-09-04
NAMAN,SM,04-Sep-2026,40.0,40.1,40.1,40.1,40.1,3200,1.28,4,3200.0,100.0,2026-09-04
NAMOEWASTE,ST,04-Sep-2026,262.2,264.9,275.3,262.15,274.1,32000,86.83,40,26400.0,82.5,2026-09-04
NARMADA,EQ,04-Sep-2026,13.62,13.65,13.79,13.35,13.51,246596,33.35,646,176134.0,71.43,2026-09-04
NATCAPSUQ,BE,04-Sep-2026,226.98,232.2,234.0,215.64,216.42,13334,29.89,201,,,2026-09-04
NATCOPHARM,EQ,04-Sep-2026,838.3,839.0,841.8,826.5,828.65,445370,3704.54,34975,269252.0,60.46,2026-09-04
NATHBIOGEN,EQ,04-Sep-2026,153.07,154.0,154.94,151.66,153.12,7468,11.41,183,5833.0,78.11,2026-09-04
NATIONALUM,EQ,04-Sep-2026,374.0,376.0,378.95,372.75,374.1,5517970,20702.78,60913,3036941.0,55.04,2026-09-04
NATIONSTD,EQ,04-Sep-2026,104.75,106.5,108.06,104.0,107.74,16687,17.85,651,8402.0,50.35,2026-09-04
NAUKRI,EQ,04-Sep-2026,1330.0,1330.5,1349.5,1313.1,1319.8,556306,7367.86,32323,319167.0,57.37,2026-09-04
NAVA,EQ,04-Sep-2026,557.2,558.5,562.95,556.5,560.2,192328,1076.58,6564,113388.0,58.96,2026-09-04
NAVINFLUOR,EQ,04-Sep-2026,8697.0,8700.0,8700.0,8512.0,8557.5,131131,11258.84,24980,74663.0,56.94,2026-09-04
NAVKARCORP,EQ,04-Sep-2026,97.44,97.51,99.41,96.0,96.24,230610,223.57,2050,121200.0,52.56,2026-09-04
NAVKARURB,BE,04-Sep-2026,0.89,0.92,0.92,0.88,0.9,226159,2.04,282,,,2026-09-04
NAVNETEDUL,EQ,04-Sep-2026,132.08,132.75,132.75,130.88,131.21,77764,102.41,874,47024.0,60.47,2026-09-04
NAZARA,EQ,04-Sep-2026,365.8,366.8,370.95,363.25,368.65,1088812,4000.27,13592,694401.0,63.78,2026-09-04
NBCC,EQ,04-Sep-2026,86.5,86.5,87.35,86.31,86.6,2548390,2211.5,16051,1029552.0,40.4,2026-09-04
NBIFIN,EQ,04-Sep-2026,1983.4,1971.7,1998.6,1960.0,1981.9,5313,104.47,51,5235.0,98.53,2026-09-04
NCC,EQ,04-Sep-2026,147.24,146.6,150.45,145.87,149.7,2168692,3209.16,21637,1227377.0,56.6,2026-09-04
NCLIND,EQ,04-Sep-2026,177.36,176.01,179.0,175.52,177.81,29351,52.0,2878,15585.0,53.1,2026-09-04
NDGL,EQ,04-Sep-2026,2757.6,2760.0,2840.0,2735.5,2787.7,392,10.93,77,350.0,89.29,2026-09-04
NDL,EQ,04-Sep-2026,2.83,2.83,2.87,2.8,2.83,1205958,34.17,1098,895146.0,74.23,2026-09-04
NDLVENTURE,EQ,04-Sep-2026,123.01,123.9,125.1,123.18,124.72,18630,23.15,178,17010.0,91.3,2026-09-04
NDRAUTO,EQ,04-Sep-2026,724.2,727.8,729.0,716.8,723.45,8337,60.25,872,4700.0,56.38,2026-09-04
NDTV,EQ,04-Sep-2026,70.66,71.0,75.3,70.75,74.27,236637,173.45,1764,117231.0,49.54,2026-09-04
NEAGI,EQ,04-Sep-2026,3370.1,3300.1,3300.1,3300.1,3300.1,1,0.03,1,1.0,100.0,2026-09-04
NECCLTD,BE,04-Sep-2026,17.63,17.71,18.51,17.65,18.51,337201,60.84,221,,,2026-09-04
NECLIFE,EQ,04-Sep-2026,12.17,12.2,12.49,12.11,12.19,205001,25.07,361,170557.0,83.2,2026-09-04
NELCAST,EQ,04-Sep-2026,118.76,118.76,119.48,116.5,116.99,88011,103.42,1262,62797.0,71.35,2026-09-04
NELCO,EQ,04-Sep-2026,933.75,939.5,942.75,908.0,911.25,159766,1472.64,7697,81801.0,51.2,2026-09-04
NEOCHEM,SM,04-Sep-2026,96.1,94.05,98.05,94.0,95.25,15600,14.89,10,13200.0,84.62,2026-09-04
NEOGEN,EQ,04-Sep-2026,2137.1,2149.0,2172.6,2123.0,2137.9,88400,1898.07,19344,44372.0,50.19,2026-09-04
NEPHROCARE,SM,04-Sep-2026,98.0,98.0,98.5,89.95,93.55,26800,25.24,58,20800.0,77.61,2026-09-04
NEPHROPLUS,EQ,04-Sep-2026,706.75,711.85,720.0,692.0,697.05,197509,1398.37,11171,92769.0,46.97,2026-09-04
NEPTUNE,SM,04-Sep-2026,174.0,175.0,175.0,175.0,175.0,500,0.88,1,500.0,100.0,2026-09-04
NESCO,EQ,04-Sep-2026,1044.8,1039.5,1066.8,1039.5,1047.6,48170,506.79,4726,28973.0,60.15,2026-09-04
NESTLEIND,EQ,04-Sep-2026,1416.0,1415.0,1420.0,1402.5,1410.5,974257,13737.96,39301,569315.0,58.44,2026-09-04
NETF,EQ,04-Sep-2026,260.55,262.0,263.89,260.0,261.4,5315,13.88,170,4146.0,78.01,2026-09-04
NETWEB,EQ,04-Sep-2026,5270.0,5297.5,5424.0,5164.5,5193.0,1816227,96148.68,130017,343068.0,18.89,2026-09-04
NETWORK18,EQ,04-Sep-2026,27.55,27.56,28.53,27.56,28.38,3493333,982.45,8433,1866595.0,53.43,2026-09-04
NEUEON,BE,04-Sep-2026,10.94,10.95,11.38,10.88,11.22,51567,5.68,137,,,2026-09-04
NEULANDLAB,EQ,04-Sep-2026,22890.0,23095.0,23095.0,22550.0,22660.0,21110,4812.86,6268,12236.0,57.96,2026-09-04
NEWGEN,EQ,04-Sep-2026,517.65,522.0,543.95,522.0,524.8,2160906,11509.75,48574,399250.0,18.48,2026-09-04
NEXT30ADD,EQ,04-Sep-2026,42.59,42.65,42.78,42.5,42.69,3585,1.53,97,1911.0,53.31,2026-09-04
NEXT50,EQ,04-Sep-2026,755.13,758.91,758.91,754.01,755.1,85666,647.45,2449,69915.0,81.61,2026-09-04
NEXT50ADD,EQ,04-Sep-2026,73.68,73.68,73.72,73.3,73.52,13815,10.16,35,6419.0,46.46,2026-09-04
NEXT50BETA,EQ,04-Sep-2026,78.93,78.9,79.58,78.81,79.05,686812,543.44,1565,669131.0,97.43,2026-09-04
NEXT50ETF,EQ,04-Sep-2026,73.64,73.64,74.0,73.5,73.83,8527,6.29,85,7255.0,85.08,2026-09-04
NEXT50IETF,EQ,04-Sep-2026,77.06,78.6,78.6,77.06,77.25,319174,246.65,3652,218058.0,68.32,2026-09-04
NEXTMEDIA,EQ,04-Sep-2026,4.0,3.86,4.12,3.86,3.89,54384,2.14,149,34043.0,62.6,2026-09-04
NFL,EQ,04-Sep-2026,70.33,70.34,70.88,70.34,70.51,400837,282.91,2425,188129.0,46.93,2026-09-04
NFPSAMPOOR,SM,04-Sep-2026,20.5,20.6,20.6,20.6,20.6,6000,1.24,3,6000.0,100.0,2026-09-04
NGIL,EQ,04-Sep-2026,40.24,41.04,41.04,39.55,40.58,5259,2.11,40,3583.0,68.13,2026-09-04
NGLFINE,EQ,04-Sep-2026,2940.8,2940.0,2981.9,2890.5,2907.5,7107,208.09,1535,3036.0,42.72,2026-09-04
NH,EQ,04-Sep-2026,1882.2,1881.0,1898.8,1850.5,1858.5,210266,3932.12,27450,106628.0,50.71,2026-09-04
NHPC,EQ,04-Sep-2026,76.45,76.39,76.75,75.91,76.25,4059538,3101.46,21579,2287976.0,56.36,2026-09-04
NIACL,EQ,04-Sep-2026,195.33,196.49,234.39,196.49,229.91,66928665,149304.35,399899,7439732.0,11.12,2026-09-04
NIBE,EQ,04-Sep-2026,1322.0,1327.0,1349.0,1325.0,1336.6,28848,385.27,2713,14624.0,50.69,2026-09-04
NIBL,EQ,04-Sep-2026,30.76,30.51,31.64,30.51,30.8,6851,2.12,83,5137.0,74.98,2026-09-04
NICCOPAR,EQ,04-Sep-2026,78.2,77.51,83.99,77.43,79.55,2885,2.31,71,2406.0,83.4,2026-09-04
NIDAN,SM,04-Sep-2026,14.85,15.45,15.45,14.1,14.1,6000,0.9,6,5000.0,83.33,2026-09-04
NIF100BEES,EQ,04-Sep-2026,265.6,265.32,267.34,265.19,266.58,31122,83.01,475,27190.0,87.37,2026-09-04
NIF100IETF,EQ,04-Sep-2026,27.93,28.14,28.14,27.95,28.05,44315,12.41,1146,23316.0,52.61,2026-09-04
NIF500BETA,EQ,04-Sep-2026,37.45,38.3,38.3,37.39,37.54,990,0.37,18,937.0,94.65,2026-09-04
NIFTY1,EQ,04-Sep-2026,265.42,265.42,272.7,265.31,265.82,54358,144.54,1346,38052.0,70.0,2026-09-04
NIFTY100EW,EQ,04-Sep-2026,35.0,35.0,35.1,34.95,35.06,16624,5.83,122,15986.0,96.16,2026-09-04
NIFTYADD,EQ,04-Sep-2026,251.97,252.72,253.75,251.8,252.48,3105,7.84,119,1676.0,53.98,2026-09-04
NIFTYAXIS,EQ,04-Sep-2026,264.58,265.78,265.99,264.62,265.62,27062,71.88,145,25573.0,94.5,2026-09-04
NIFTYBEES,EQ,04-Sep-2026,272.63,278.08,278.08,272.56,273.27,3162846,8645.02,31548,2236367.0,70.71,2026-09-04
NIFTYBETA,EQ,04-Sep-2026,264.92,267.57,267.57,265.15,265.73,8750,23.27,314,6235.0,71.26,2026-09-04
NIFTYBETF,EQ,04-Sep-2026,245.83,249.51,249.51,245.75,246.65,1413872,3486.27,1596,800399.0,56.61,2026-09-04
NIFTYCASE,EQ,04-Sep-2026,9.59,9.8,9.8,9.59,9.64,560039,53.98,1342,449932.0,80.34,2026-09-04
NIFTYETF,EQ,04-Sep-2026,260.05,260.99,261.45,259.58,260.69,110752,288.88,718,58445.0,52.77,2026-09-04
NIFTYIETF,EQ,04-Sep-2026,270.98,272.23,272.4,270.51,271.88,315336,857.66,8765,220924.0,70.06,2026-09-04
NIFTYJBLK,EQ,04-Sep-2026,12.29,12.29,12.57,12.23,12.29,56629,6.96,626,41859.0,73.92,2026-09-04
NIFTYQLITY,EQ,04-Sep-2026,21.36,21.29,21.43,21.24,21.32,16867,3.59,177,11803.0,69.98,2026-09-04
NIITLTD,EQ,04-Sep-2026,97.57,97.5,100.57,97.5,98.96,255516,253.43,3016,115450.0,45.18,2026-09-04
NIITMTS,EQ,04-Sep-2026,222.91,229.99,229.99,222.21,225.94,100147,225.74,3678,49382.0,49.31,2026-09-04
NIKITA,SM,04-Sep-2026,71.55,72.5,72.5,72.5,72.5,2400,1.74,2,2400.0,100.0,2026-09-04
NILAINFRA,EQ,04-Sep-2026,6.7,6.7,6.75,6.62,6.67,220311,14.69,551,170422.0,77.36,2026-09-04
NILASPACES,EQ,04-Sep-2026,12.28,12.45,12.54,12.18,12.23,666134,81.8,1272,283328.0,42.53,2026-09-04
NILE,EQ,04-Sep-2026,1470.5,1456.0,1492.0,1450.3,1465.8,2840,41.71,431,2191.0,77.15,2026-09-04
NILKAMAL,EQ,04-Sep-2026,2111.1,2101.8,2130.0,2081.0,2116.5,19143,403.49,2435,8866.0,46.31,2026-09-04
NIMBSPROJ,EQ,04-Sep-2026,151.93,154.0,154.0,144.34,147.84,4411,6.48,197,2373.0,53.8,2026-09-04
NINSYS,EQ,04-Sep-2026,709.25,716.9,716.95,702.6,712.75,2822,20.02,410,1817.0,64.39,2026-09-04
NIPPOBATRY,EQ,04-Sep-2026,324.0,323.75,333.55,323.0,331.75,2225,7.28,142,1569.0,70.52,2026-09-04
NIRAJ,EQ,04-Sep-2026,29.13,29.1,29.4,28.37,28.72,30448,8.75,230,22970.0,75.44,2026-09-04
NIRAJISPAT,BE,04-Sep-2026,408.2,387.8,387.8,387.8,387.8,601,2.33,17,,,2026-09-04
NIRLON,EQ,04-Sep-2026,621.6,621.6,624.5,610.0,620.0,10246,63.57,596,7953.0,77.62,2026-09-04
NIRMAN,SM,04-Sep-2026,28.35,29.0,29.5,28.2,28.3,12300,3.52,23,9900.0,80.49,2026-09-04
NITCO,EQ,04-Sep-2026,96.28,96.7,97.0,94.95,96.1,449640,431.43,3222,244829.0,54.45,2026-09-04
NITINSPIN,EQ,04-Sep-2026,640.25,640.25,644.4,633.7,639.05,63257,404.19,2393,35562.0,56.22,2026-09-04
NITIRAJ,EQ,04-Sep-2026,205.13,207.95,241.0,200.0,219.19,38842,86.82,707,23479.0,60.45,2026-09-04
NITTAGELA,EQ,04-Sep-2026,1639.1,1600.3,1654.0,1600.0,1632.5,5396,87.83,650,3609.0,66.88,2026-09-04
NIVABUPA,EQ,04-Sep-2026,80.73,80.75,81.07,79.51,80.11,804923,644.7,9110,547067.0,67.97,2026-09-04
NKIND,EQ,04-Sep-2026,56.32,58.85,59.9,57.01,57.1,937,0.56,24,926.0,98.83,2026-09-04
NLCINDIA,EQ,04-Sep-2026,274.9,277.0,277.1,272.05,273.05,714404,1955.75,14879,386874.0,54.15,2026-09-04
NMDC,EQ,04-Sep-2026,84.19,84.52,85.18,84.26,84.7,13224234,11199.31,36754,6796593.0,51.39,2026-09-04
NMSTEEL,SM,04-Sep-2026,23.9,23.8,24.0,23.7,23.85,8000,1.9,5,6400.0,80.0,2026-09-04
NOCIL,EQ,04-Sep-2026,171.8,172.3,174.5,170.0,172.44,403591,694.94,4384,218503.0,54.14,2026-09-04
NOIDATOLL,EQ,04-Sep-2026,4.27,4.27,4.27,4.03,4.14,171080,7.13,292,150062.0,87.71,2026-09-04
NORBTEAEXP,EQ,04-Sep-2026,68.55,71.8,71.8,67.0,70.69,752,0.53,16,400.0,53.19,2026-09-04
NORTHARC,EQ,04-Sep-2026,304.6,306.7,307.1,299.15,302.15,1089238,3293.64,13431,545825.0,50.11,2026-09-04
NOVAAGRI,BE,04-Sep-2026,23.55,23.2,24.09,23.08,23.87,57585,13.66,212,,,2026-09-04
NOVARTIND,EQ,04-Sep-2026,1614.1,1614.9,1665.0,1614.9,1646.7,22436,370.9,1889,16625.0,74.1,2026-09-04
NPBET,EQ,04-Sep-2026,292.64,292.57,292.57,288.29,290.32,1194,3.46,65,1001.0,83.84,2026-09-04
NPST,EQ,04-Sep-2026,1718.4,1720.9,1775.0,1705.0,1718.8,56393,984.35,5758,26902.0,47.7,2026-09-04
NRAIL,EQ,04-Sep-2026,496.05,498.95,595.25,496.05,584.0,157426,898.69,5383,62475.0,39.69,2026-09-04
NRBBEARING,EQ,04-Sep-2026,451.05,453.9,453.9,443.6,447.0,195054,873.28,6815,108266.0,55.51,2026-09-04
NRL,BE,04-Sep-2026,124.44,126.92,126.92,126.92,126.92,109113,138.49,215,,,2026-09-04
NRVANDANA,SM,04-Sep-2026,68.1,69.9,69.9,69.9,69.9,3000,2.1,1,3000.0,100.0,2026-09-04
NSIL,EQ,04-Sep-2026,5683.0,5683.0,5799.0,5636.0,5721.5,4333,248.2,454,3503.0,80.84,2026-09-04
NSLNISP,EQ,04-Sep-2026,45.4,45.61,46.5,44.97,46.02,5132127,2352.98,16995,1796538.0,35.01,2026-09-04
NTCIND,EQ,04-Sep-2026,132.95,139.0,139.0,130.26,133.16,7739,10.57,169,7549.0,97.54,2026-09-04
NTPC,EQ,04-Sep-2026,330.9,332.75,334.05,329.8,332.5,7032282,23363.77,64357,4532526.0,64.45,2026-09-04
NTPCGREEN,EQ,04-Sep-2026,88.73,88.74,89.5,88.65,89.36,1370420,1221.99,17094,689273.0,50.3,2026-09-04
NUCLEUS,EQ,04-Sep-2026,740.0,740.0,743.45,726.0,729.15,38501,283.82,1562,31467.0,81.73,2026-09-04
NURECA,BE,04-Sep-2026,332.6,331.9,331.9,320.1,322.7,5556,17.98,176,,,2026-09-04
NUVAMA,EQ,04-Sep-2026,1839.2,1856.0,1862.8,1796.4,1815.6,263032,4818.11,33688,118513.0,45.06,2026-09-04
NUVOCO,EQ,04-Sep-2026,338.1,336.65,354.8,336.45,352.15,1482368,5189.37,33070,604429.0,40.77,2026-09-04
NV20,EQ,04-Sep-2026,13.94,14.28,14.28,13.93,13.99,87237,12.16,179,80932.0,92.77,2026-09-04
NV20BEES,EQ,04-Sep-2026,139.13,139.15,140.12,139.0,139.39,5065,7.07,228,3550.0,70.09,2026-09-04
NV20IETF,EQ,04-Sep-2026,13.55,13.55,13.65,13.55,13.62,322970,44.0,1811,216132.0,66.92,2026-09-04
NXST,RR,04-Sep-2026,167.8,168.0,168.2,163.4,165.89,1115181,1853.15,5277,883123.0,79.19,2026-09-04
NYKAA,EQ,04-Sep-2026,334.2,332.15,336.15,332.0,332.5,2156326,7203.79,19333,1307752.0,60.65,2026-09-04
OAL,EQ,04-Sep-2026,502.3,507.0,532.5,503.7,519.9,181436,943.8,8166,64957.0,35.8,2026-09-04
OBCL,EQ,04-Sep-2026,54.99,55.13,55.7,55.1,55.19,1073,0.59,18,1040.0,96.92,2026-09-04
OBEROIRLTY,EQ,04-Sep-2026,1902.0,1914.0,1932.8,1874.0,1875.6,585940,11162.49,45289,271955.0,46.41,2026-09-04
OBSCP,SM,04-Sep-2026,841.9,848.05,856.95,833.15,835.75,26400,222.08,63,20000.0,75.76,2026-09-04
OCCLLTD,BE,04-Sep-2026,164.32,167.95,168.0,163.05,163.93,55824,92.1,324,,,2026-09-04
ODIGMA,EQ,04-Sep-2026,23.47,23.99,23.99,23.21,23.45,11579,2.73,300,9950.0,85.93,2026-09-04
ODYCORP,EQ,04-Sep-2026,6.93,6.93,8.31,6.81,7.46,311228,24.01,678,132447.0,42.56,2026-09-04
OFSS,EQ,04-Sep-2026,12149.0,12199.0,12348.0,12028.0,12058.0,166477,20254.77,32216,82108.0,49.32,2026-09-04
OIL,EQ,04-Sep-2026,490.0,492.0,492.55,486.5,488.3,1259478,6162.14,18062,732490.0,58.16,2026-09-04
OILCOUNTUB,BE,04-Sep-2026,66.32,65.0,65.0,65.0,65.0,15996,10.4,31,,,2026-09-04
OILIETF,EQ,04-Sep-2026,11.33,11.34,11.41,11.28,11.37,1207003,137.41,1509,1050106.0,87.0,2026-09-04
OLAELEC,EQ,04-Sep-2026,37.47,37.65,38.95,37.56,38.2,42570426,16216.17,88750,9887232.0,23.23,2026-09-04
OLECTRA,EQ,04-Sep-2026,1244.8,1247.0,1260.7,1223.2,1229.0,251277,3113.82,16875,126916.0,50.51,2026-09-04
OLIL,SM,04-Sep-2026,408.65,404.0,427.05,399.1,427.05,23200,95.0,54,8400.0,36.21,2026-09-04
OMAXAUTO,EQ,04-Sep-2026,183.59,183.59,186.58,181.3,183.07,18555,34.14,754,11189.0,60.3,2026-09-04
OMAXE,EQ,04-Sep-2026,127.29,128.42,138.89,127.01,136.38,5607789,7503.42,33417,1066583.0,19.02,2026-09-04
OMFREIGHT,BE,04-Sep-2026,89.0,89.0,90.5,86.15,89.84,9030,8.03,99,,,2026-09-04
OMFURN,SM,04-Sep-2026,56.5,55.0,55.0,53.85,53.85,3600,1.95,3,3600.0,100.0,2026-09-04
OMINFRAL,EQ,04-Sep-2026,82.68,82.0,86.0,81.89,84.43,68243,57.02,1144,33400.0,48.94,2026-09-04
OMNI,EQ,04-Sep-2026,519.25,523.0,529.85,518.8,526.0,303506,1594.98,13530,103395.0,34.07,2026-09-04
OMPOWER,EQ,04-Sep-2026,171.09,171.23,176.9,170.2,175.68,75803,132.23,1189,48736.0,64.29,2026-09-04
ONDOOR,SM,04-Sep-2026,291.55,312.55,340.0,281.0,289.6,12300,36.94,35,7800.0,63.41,2026-09-04
ONEGLOBAL,EQ,04-Sep-2026,527.15,547.8,552.95,530.35,542.4,16907,92.02,1044,9069.0,53.64,2026-09-04
ONELIFECAP,BE,04-Sep-2026,31.98,32.44,33.55,31.0,32.18,18280,5.92,61,,,2026-09-04
ONEPOINT,EQ,04-Sep-2026,54.62,54.6,58.77,54.51,57.01,2688123,1544.02,12028,825010.0,30.69,2026-09-04
ONESOURCE,EQ,04-Sep-2026,1575.7,1585.0,1596.3,1526.0,1537.8,112994,1753.98,12742,57619.0,50.99,2026-09-04
ONGC,EQ,04-Sep-2026,236.0,235.44,235.44,233.6,234.65,5338085,12522.1,49732,3164036.0,59.27,2026-09-04
ONIDA,EQ,04-Sep-2026,34.35,34.3,34.89,33.56,34.64,244072,83.69,1221,141636.0,58.03,2026-09-04
ONIXSOLAR,EQ,04-Sep-2026,384.0,402.0,403.2,399.95,403.2,265016,1067.98,830,215405.0,81.28,2026-09-04
ONMOBILE,BE,04-Sep-2026,47.54,46.59,48.49,46.59,48.49,130107,61.92,410,,,2026-09-04
ONWARDTEC,EQ,04-Sep-2026,283.3,283.3,288.0,280.0,284.35,37115,105.55,1092,21617.0,58.24,2026-09-04
ONYX,ST,04-Sep-2026,39.25,37.5,38.75,37.3,37.5,126000,47.22,26,118000.0,93.65,2026-09-04
OPTIEMUS,EQ,04-Sep-2026,564.85,569.1,579.25,562.1,569.3,61281,349.04,4692,26766.0,43.68,2026-09-04
OPTIFIN,EQ,04-Sep-2026,14.98,14.98,15.87,14.25,14.84,167616,25.58,491,121285.0,72.36,2026-09-04
OPTIMYSTIX,SM,04-Sep-2026,144.6,145.0,150.0,140.0,141.85,46400,67.03,43,40000.0,86.21,2026-09-04
OPTIVALUE,ST,04-Sep-2026,165.8,166.5,174.05,166.5,174.05,52800,90.82,18,35200.0,66.67,2026-09-04
ORBTEXP,BE,04-Sep-2026,238.0,238.0,243.98,238.0,239.02,2189,5.24,31,,,2026-09-04
ORCHASP,EQ,04-Sep-2026,1.41,1.43,1.43,1.38,1.39,79157,1.11,136,51740.0,65.36,2026-09-04
ORCHPHARMA,EQ,04-Sep-2026,934.65,937.0,965.45,934.7,954.65,41657,396.21,3178,19153.0,45.98,2026-09-04
ORIANA,SM,04-Sep-2026,1239.7,1251.0,1251.0,1181.0,1205.7,73425,884.28,825,51900.0,70.68,2026-09-04
ORICONENT,EQ,04-Sep-2026,52.99,53.2,54.7,52.66,54.15,22589,12.19,601,12635.0,55.93,2026-09-04
ORIENTALTL,EQ,04-Sep-2026,5.02,5.07,5.64,4.93,5.31,322042,16.89,661,235245.0,73.05,2026-09-04
ORIENTBELL,EQ,04-Sep-2026,412.65,417.0,423.95,410.0,420.1,69026,288.33,1949,51027.0,73.92,2026-09-04
ORIENTCEM,EQ,04-Sep-2026,128.48,128.0,130.21,128.0,129.68,118199,153.05,1215,74571.0,63.09,2026-09-04
ORIENTCER,EQ,04-Sep-2026,43.94,44.3,45.8,43.72,43.91,73584,32.52,1770,41290.0,56.11,2026-09-04
ORIENTELEC,EQ,04-Sep-2026,178.15,179.0,181.28,176.57,179.19,74074,132.09,1795,43513.0,58.74,2026-09-04
ORIENTHOT,EQ,04-Sep-2026,141.96,142.48,142.48,139.06,139.93,301159,423.35,1630,147243.0,48.89,2026-09-04
ORIENTLTD,BE,04-Sep-2026,83.77,82.99,82.99,80.35,80.65,1884,1.52,21,,,2026-09-04
ORIENTPPR,EQ,04-Sep-2026,17.13,17.14,17.35,17.0,17.08,100814,17.3,510,70760.0,70.19,2026-09-04
ORIENTTECH,EQ,04-Sep-2026,238.75,239.88,242.0,236.44,238.39,63818,152.46,1959,29625.0,46.42,2026-09-04
ORIRAIL,EQ,04-Sep-2026,125.72,125.3,134.94,125.3,130.76,263412,344.64,1978,130946.0,49.71,2026-09-04
ORISSAMINE,EQ,04-Sep-2026,4290.3,4302.0,4350.0,4270.1,4311.7,4863,209.36,1181,1916.0,39.4,2026-09-04
ORKLAINDIA,EQ,04-Sep-2026,588.5,585.1,598.7,585.1,594.15,84660,503.06,6301,40201.0,47.49,2026-09-04
ORTINGLOBE,EQ,04-Sep-2026,15.02,15.7,15.77,15.2,15.67,9743,1.53,66,8191.0,84.07,2026-09-04
OSELDEVICE,SM,04-Sep-2026,383.9,398.4,398.4,381.1,385.15,9400,36.29,46,7200.0,76.6,2026-09-04
OSIAHYPER,BE,04-Sep-2026,2.48,2.48,2.49,2.41,2.47,338637,8.29,349,,,2026-09-04
OSWALAGRO,EQ,04-Sep-2026,36.88,36.88,37.29,36.5,36.66,21089,7.74,180,18851.0,89.39,2026-09-04
OSWALGREEN,EQ,04-Sep-2026,19.86,20.0,20.63,20.0,20.39,158014,32.15,1301,72720.0,46.02,2026-09-04
OSWALPUMPS,EQ,04-Sep-2026,279.55,282.85,291.5,278.0,279.2,858028,2418.21,14523,371431.0,43.29,2026-09-04
OSWALSEEDS,EQ,04-Sep-2026,11.92,11.61,12.0,11.61,11.72,48433,5.73,230,31059.0,64.13,2026-09-04
OWAIS,ST,04-Sep-2026,80.8,80.1,81.9,79.2,80.45,10300,8.19,55,9800.0,95.15,2026-09-04
PACEDIGITK,EQ,04-Sep-2026,166.23,167.5,168.39,166.12,167.59,512494,858.15,6052,263152.0,51.35,2026-09-04
PACIFICI,EQ,04-Sep-2026,145.0,140.05,149.0,137.15,143.82,288,0.41,31,253.0,87.85,2026-09-04
PAGEIND,EQ,04-Sep-2026,35865.0,35865.0,36370.0,35680.0,36300.0,14523,5249.92,6597,7297.0,50.24,2026-09-04
PAISALO,EQ,04-Sep-2026,70.28,71.65,74.2,70.05,74.1,31201929,22799.46,54941,14871595.0,47.66,2026-09-04
PAKKA,EQ,04-Sep-2026,73.64,73.95,74.98,72.05,73.71,119489,87.86,3006,62411.0,52.23,2026-09-04
PALASHSECU,EQ,04-Sep-2026,88.43,91.7,91.7,89.0,90.17,427,0.39,10,251.0,58.78,2026-09-04
PALREDTEC,BE,04-Sep-2026,53.2,53.2,55.86,53.2,55.83,7128,3.94,22,,,2026-09-04
PANACEABIO,EQ,04-Sep-2026,389.05,389.0,396.4,380.0,381.25,56486,217.04,2070,35725.0,63.25,2026-09-04
PANACHE,BE,04-Sep-2026,525.0,515.0,525.0,514.5,525.0,3723,19.38,51,,,2026-09-04
PANAMAPET,EQ,04-Sep-2026,484.55,489.0,497.85,479.0,495.45,242825,1189.72,6523,101042.0,41.61,2026-09-04
PANORAMA,EQ,04-Sep-2026,45.83,46.0,48.0,44.6,47.41,473879,222.84,1614,185321.0,39.11,2026-09-04
PANSARI,EQ,04-Sep-2026,300.0,301.0,310.4,292.0,300.05,589,1.77,31,477.0,80.98,2026-09-04
PAR,BE,04-Sep-2026,164.95,168.0,168.0,156.71,156.71,10607,16.75,238,,,2026-09-04
PARACABLES,EQ,04-Sep-2026,64.3,64.1,69.0,64.0,65.51,4472304,3006.11,19294,2041409.0,45.65,2026-09-04
PARADEEP,EQ,04-Sep-2026,153.53,154.0,157.68,152.5,157.0,3778120,5874.19,39668,1419544.0,37.57,2026-09-04
PARAGMILK,EQ,04-Sep-2026,254.2,255.0,255.7,247.05,249.6,613677,1532.27,7759,313433.0,51.07,2026-09-04
PARAGON,SM,04-Sep-2026,48.0,49.0,50.0,47.5,47.5,8400,4.11,6,6000.0,71.43,2026-09-04
PARAMOUNT,SM,04-Sep-2026,35.1,36.85,36.85,36.85,36.85,2400,0.88,2,1200.0,50.0,2026-09-04
PARAS,EQ,04-Sep-2026,1411.5,1415.8,1439.9,1410.0,1414.9,552173,7852.79,26678,124875.0,22.62,2026-09-04
PARASPETRO,EQ,04-Sep-2026,2.13,2.23,2.23,2.11,2.14,112807,2.41,216,68129.0,60.39,2026-09-04
PARIN,SM,04-Sep-2026,713.85,735.0,735.0,699.0,716.3,8500,61.16,30,6000.0,70.59,2026-09-04
PARKHOSPS,EQ,04-Sep-2026,286.7,289.0,289.35,283.75,286.25,504932,1446.49,5915,367123.0,72.71,2026-09-04
PARKHOTELS,EQ,04-Sep-2026,113.14,112.95,113.7,111.82,112.18,155104,174.0,1559,125056.0,80.63,2026-09-04
PARNAXLAB,EQ,04-Sep-2026,135.54,135.54,135.54,130.0,134.8,736,0.98,40,691.0,93.89,2026-09-04
PARSVNATH,BE,04-Sep-2026,1.54,1.57,1.57,1.57,1.57,127768,2.01,69,,,2026-09-04
PARTH,SM,04-Sep-2026,537.0,537.5,545.0,523.0,525.7,13600,72.26,32,11600.0,85.29,2026-09-04
PASHUPATI,EQ,04-Sep-2026,83.1,83.5,83.5,81.3,81.94,25243,20.78,932,13803.0,54.68,2026-09-04
PASUPTAC,BE,04-Sep-2026,66.79,67.5,69.82,66.95,67.64,108786,73.78,719,,,2026-09-04
PATANJALI,EQ,04-Sep-2026,342.9,345.0,345.75,341.2,342.5,1749871,6004.21,8505,838838.0,47.94,2026-09-04
PATELENG,EQ,04-Sep-2026,27.11,27.12,27.5,27.0,27.28,2330616,635.91,8796,1378264.0,59.14,2026-09-04
PATELRMART,EQ,04-Sep-2026,220.58,221.9,221.9,217.3,218.32,23300,51.01,880,14381.0,61.72,2026-09-04
PATILAUTOM,SM,04-Sep-2026,264.45,265.05,284.9,265.0,279.35,271800,741.84,351,204600.0,75.28,2026-09-04
PATINTLOG,BE,04-Sep-2026,13.41,13.4,13.68,13.27,13.32,22681,3.05,125,,,2026-09-04
PAUSHAKLTD,EQ,04-Sep-2026,806.15,808.0,816.45,781.0,785.5,31723,251.99,2491,13151.0,41.46,2026-09-04
PAVNAIND,EQ,04-Sep-2026,16.87,16.72,18.3,16.72,17.22,48040,8.32,462,37532.0,78.13,2026-09-04
PAYTM,EQ,04-Sep-2026,1637.0,1635.2,1697.7,1626.6,1659.5,5191803,86669.65,102813,2289795.0,44.1,2026-09-04
PBMPOLY,EQ,04-Sep-2026,58.67,59.3,64.0,57.14,61.0,528,0.32,9,428.0,81.06,2026-09-04
PCBL,EQ,04-Sep-2026,314.25,315.7,318.4,315.15,317.0,621744,1966.76,9849,380461.0,61.19,2026-09-04
PCCL,SM,04-Sep-2026,440.55,444.95,444.95,423.05,425.15,14400,62.4,22,10800.0,75.0,2026-09-04
PCJEWELLER,EQ,04-Sep-2026,10.52,10.6,12.17,10.51,11.86,1088942848,124274.5,285367,208187030.0,19.12,2026-09-04
PDMJEPAPER,EQ,04-Sep-2026,94.57,96.0,96.06,92.7,93.22,86197,81.07,1518,40336.0,46.8,2026-09-04
PDSL,EQ,04-Sep-2026,353.9,356.0,361.25,352.5,358.5,97344,347.9,4396,57069.0,58.63,2026-09-04
PEARLPOLY,EQ,04-Sep-2026,15.29,15.05,15.9,15.0,15.08,14296,2.21,168,9083.0,63.54,2026-09-04
PELATRO,SM,04-Sep-2026,364.0,364.0,395.0,356.0,391.75,44400,168.92,107,34500.0,77.7,2026-09-04
PENIND,EQ,04-Sep-2026,166.88,168.7,171.0,167.02,169.56,477553,806.93,5875,286194.0,59.93,2026-09-04
PENINLAND,BE,04-Sep-2026,16.06,15.75,16.8,15.75,16.55,90635,14.86,232,,,2026-09-04
PENTAGON,SM,04-Sep-2026,74.85,82.3,82.3,82.2,82.3,33000,27.16,27,28000.0,84.85,2026-09-04
PERMAGN,EQ,04-Sep-2026,876.6,889.95,906.1,868.05,888.2,2962,26.3,360,2190.0,73.94,2026-09-04
PERSISTENT,EQ,04-Sep-2026,5657.0,5680.0,5724.5,5634.0,5643.0,302507,17166.69,22664,91997.0,30.41,2026-09-04
PETRONET,EQ,04-Sep-2026,289.5,290.25,292.15,287.8,288.1,1412952,4099.6,29476,939342.0,66.48,2026-09-04
PFC,EQ,04-Sep-2026,345.5,344.9,357.7,344.0,355.6,19206290,67848.78,93027,13384461.0,69.69,2026-09-04
PFIZER,EQ,04-Sep-2026,4643.7,4628.2,4667.9,4575.0,4609.7,32739,1511.83,3276,26779.0,81.8,2026-09-04
PFOCUS,EQ,04-Sep-2026,291.65,298.95,309.95,289.85,307.0,1960283,5889.47,31885,984886.0,50.24,2026-09-04
PFS,EQ,04-Sep-2026,27.11,27.4,27.73,26.75,26.94,481425,130.82,2116,265038.0,55.05,2026-09-04
PGEL,EQ,04-Sep-2026,553.9,554.9,564.0,552.05,562.3,990864,5543.12,20888,365642.0,36.9,2026-09-04
PGHH,EQ,04-Sep-2026,7725.0,7725.0,7754.5,7659.0,7667.5,21072,1620.67,6081,13346.0,63.34,2026-09-04
PGHL,EQ,04-Sep-2026,5757.5,5757.5,5780.0,5650.0,5660.0,7255,412.05,2559,4498.0,62.0,2026-09-04
PGIL,EQ,04-Sep-2026,2329.0,2316.7,2329.1,2268.3,2278.3,82043,1877.76,13315,45452.0,55.4,2026-09-04
PGINVIT,IV,04-Sep-2026,100.5,100.57,101.3,100.01,101.17,962443,970.01,5825,788882.0,81.97,2026-09-04
PHANTOMFX,SM,04-Sep-2026,112.95,112.25,119.8,112.25,116.85,31200,36.39,51,27600.0,88.46,2026-09-04
PHARMABEES,EQ,04-Sep-2026,27.37,27.37,27.6,27.21,27.32,4482502,1225.34,10887,3158540.0,70.46,2026-09-04
PHOENIXLTD,EQ,04-Sep-2026,1960.0,1961.5,1969.3,1935.5,1942.0,263929,5144.32,26302,147347.0,55.83,2026-09-04
PHOENXINTL,EQ,04-Sep-2026,29.48,32.5,32.5,28.52,29.01,5152,1.53,84,3389.0,65.78,2026-09-04
PICCADIL,EQ,04-Sep-2026,620.5,623.6,629.8,612.0,615.75,167134,1034.09,9013,87411.0,52.3,2026-09-04
PIDILITIND,EQ,04-Sep-2026,1638.3,1635.2,1638.3,1625.0,1629.5,605836,9881.2,20726,391011.0,64.54,2026-09-04
PIGL,EQ,04-Sep-2026,99.83,101.8,101.8,98.2,98.78,28460,28.33,516,19083.0,67.05,2026-09-04
PIIND,EQ,04-Sep-2026,2419.9,2415.0,2509.0,2410.0,2465.0,415878,10293.74,27586,151489.0,36.43,2026-09-04
PILANIINVS,EQ,04-Sep-2026,4354.5,4360.0,4375.4,4322.0,4323.8,699,30.34,219,459.0,65.67,2026-09-04
PILITA,EQ,04-Sep-2026,7.95,8.27,8.27,7.75,8.02,40149,3.21,139,29836.0,74.31,2026-09-04
PINELABS,EQ,04-Sep-2026,156.5,157.4,168.2,155.38,166.37,46587163,76531.41,205278,18244788.0,39.16,2026-09-04
PIONEEREMB,EQ,04-Sep-2026,21.65,21.65,21.7,20.86,21.36,62157,13.24,139,50104.0,80.61,2026-09-04
PIONRINV,BE,04-Sep-2026,80.0,80.0,83.89,76.05,83.89,1072,0.86,22,,,2026-09-04
PIRAMALFIN,EQ,04-Sep-2026,2232.9,2221.0,2258.3,2201.6,2225.0,98603,2207.19,14090,50355.0,51.07,2026-09-04
PITTIENG,EQ,04-Sep-2026,1105.1,1112.0,1112.0,1073.0,1084.9,48625,530.96,3924,26026.0,53.52,2026-09-04
PIXTRANS,EQ,04-Sep-2026,1799.4,1799.6,1810.0,1777.0,1791.7,12505,224.11,1710,6858.0,54.84,2026-09-04
PKTEA,EQ,04-Sep-2026,751.75,777.7,810.0,740.05,802.65,6257,49.61,86,6111.0,97.67,2026-09-04
PLADAINFO,SM,04-Sep-2026,10.35,10.8,10.85,10.8,10.85,15000,1.62,5,15000.0,100.0,2026-09-04
PLASTIBLEN,EQ,04-Sep-2026,188.33,189.47,189.58,186.0,187.91,13407,25.14,468,7597.0,56.66,2026-09-04
PLATIND,EQ,04-Sep-2026,234.45,237.01,237.01,230.0,231.54,92532,214.95,1706,61987.0,66.99,2026-09-04
PLAZACABLE,EQ,04-Sep-2026,62.62,62.75,63.0,60.0,61.32,128546,79.67,1424,79719.0,62.02,2026-09-04
PML,EQ,04-Sep-2026,493.95,493.95,500.0,486.0,488.8,57,0.28,11,51.0,89.47,2026-09-04
PNB,EQ,04-Sep-2026,116.32,116.9,118.05,116.45,117.0,11160741,13118.36,35033,6196964.0,55.52,2026-09-04
PNBGILTS,EQ,04-Sep-2026,78.63,78.99,85.5,78.99,83.08,2416618,2010.74,16087,666265.0,27.57,2026-09-04
PNBHOUSING,EQ,04-Sep-2026,1145.5,1141.1,1195.0,1141.1,1166.0,923575,10853.95,34433,415527.0,44.99,2026-09-04
PNC,EQ,04-Sep-2026,16.62,16.45,16.9,16.26,16.72,4397,0.73,101,4107.0,93.4,2026-09-04
PNCINFRA,EQ,04-Sep-2026,182.97,182.95,187.5,180.01,183.11,499774,914.36,9078,271939.0,54.41,2026-09-04
PNGJL,EQ,04-Sep-2026,591.25,589.0,614.4,586.7,609.05,436673,2651.05,17468,180370.0,41.31,2026-09-04
PNGSREVA,EQ,04-Sep-2026,516.3,520.8,523.0,502.05,516.35,103324,531.2,3156,67078.0,64.92,2026-09-04
POCL,EQ,04-Sep-2026,476.1,479.7,490.0,475.25,477.8,292548,1413.97,14068,124558.0,42.58,2026-09-04
PODDARMENT,EQ,04-Sep-2026,255.6,259.7,260.0,253.1,257.1,2908,7.46,87,2409.0,82.84,2026-09-04
POEL,EQ,04-Sep-2026,144.2,143.05,147.94,141.0,142.78,51934,74.23,928,44019.0,84.76,2026-09-04
POKARNA,EQ,04-Sep-2026,831.4,832.2,836.0,811.0,817.15,49926,411.63,2768,32251.0,64.6,2026-09-04
POLICYBZR,EQ,04-Sep-2026,1870.0,1848.2,1866.6,1828.7,1836.0,445054,8202.87,25654,200169.0,44.98,2026-09-04
POLYCAB,EQ,04-Sep-2026,8807.5,8500.0,8500.0,8250.0,8300.0,1559741,130254.82,162753,721733.0,46.27,2026-09-04
POLYMED,EQ,04-Sep-2026,1768.7,1760.0,1774.9,1690.1,1702.5,171700,2962.33,20605,89247.0,51.98,2026-09-04
POLYPLEX,EQ,04-Sep-2026,1202.7,1207.9,1207.9,1178.1,1191.0,72824,866.26,2725,47801.0,65.64,2026-09-04
POLYSIL,SM,04-Sep-2026,67.05,70.4,70.4,70.4,70.4,7000,4.93,4,7000.0,100.0,2026-09-04
POLYSPIN,EQ,04-Sep-2026,28.35,28.0,29.87,28.0,29.64,1968,0.56,21,1447.0,73.53,2026-09-04
PONNIERODE,EQ,04-Sep-2026,398.65,402.9,402.9,379.6,382.45,31436,121.7,1966,18253.0,58.06,2026-09-04
POONAWALLA,EQ,04-Sep-2026,465.1,466.55,476.35,464.0,468.45,713159,3354.4,25459,402831.0,56.49,2026-09-04
POSITRON,SM,04-Sep-2026,171.0,171.5,181.0,171.0,180.0,23400,41.28,71,19800.0,84.62,2026-09-04
POWERGRID,EQ,04-Sep-2026,265.6,266.9,267.5,265.05,266.0,7967122,21205.72,60237,4368863.0,54.84,2026-09-04
POWERICA,EQ,04-Sep-2026,512.95,519.8,534.0,516.1,525.05,291923,1539.01,8896,141887.0,48.6,2026-09-04
POWERINDIA,EQ,04-Sep-2026,32000.0,32000.0,32195.0,31545.0,31650.0,83443,26481.67,30096,39042.0,46.79,2026-09-04
POWERMECH,EQ,04-Sep-2026,2399.8,2399.9,2416.0,2270.1,2306.1,135843,3155.23,18425,72881.0,53.65,2026-09-04
PPAP,BE,04-Sep-2026,256.7,256.7,263.0,255.8,260.9,10692,27.83,187,,,2026-09-04
PPL,BE,04-Sep-2026,257.4,256.5,263.9,255.1,262.0,23505,61.19,310,,,2026-09-04
PPLPHARMA,EQ,04-Sep-2026,214.49,214.99,217.0,210.52,214.22,2618467,5582.89,27466,1013777.0,38.72,2026-09-04
PPSL,SM,04-Sep-2026,2.85,2.8,2.9,2.8,2.85,45000,1.27,11,33000.0,73.33,2026-09-04
PRABHA,EQ,04-Sep-2026,220.97,221.99,258.4,218.81,230.6,11908766,28983.75,138252,1745729.0,14.66,2026-09-04
PRADPME,BE,04-Sep-2026,497.45,497.45,500.0,486.0,491.6,11144,54.74,97,,,2026-09-04
PRAENG,EQ,04-Sep-2026,25.75,25.49,26.1,24.36,24.69,154995,39.01,492,119751.0,77.26,2026-09-04
PRAJIND,EQ,04-Sep-2026,341.6,339.95,343.35,333.65,335.55,425298,1432.29,10510,207432.0,48.77,2026-09-04
PRAKASH,EQ,04-Sep-2026,123.66,124.16,126.79,123.11,125.63,297033,372.43,3287,130094.0,43.8,2026-09-04
PRAKASHSTL,EQ,04-Sep-2026,3.65,3.65,3.9,3.65,3.82,213981,8.09,354,142745.0,66.71,2026-09-04
PRAMARA,SM,04-Sep-2026,103.25,102.45,104.85,101.25,102.25,6500,6.67,11,4000.0,61.54,2026-09-04
PRAMODINI,SM,04-Sep-2026,115.25,115.0,116.95,114.05,114.8,46800,54.13,35,36000.0,76.92,2026-09-04
PRANIK,SM,04-Sep-2026,39.9,41.45,47.85,41.45,47.85,43200,20.41,22,43200.0,100.0,2026-09-04
PRATHAM,SM,04-Sep-2026,120.0,119.0,119.0,119.0,119.0,1200,1.43,1,1200.0,100.0,2026-09-04
PRAVEG,EQ,04-Sep-2026,260.4,263.0,273.4,261.0,266.15,28429,75.83,1605,15278.0,53.74,2026-09-04
PRAXIS,EQ,04-Sep-2026,4.43,4.46,4.65,4.45,4.65,292373,13.46,210,286466.0,97.98,2026-09-04
PRECAM,EQ,04-Sep-2026,122.1,122.65,126.0,122.47,124.02,118929,147.11,2612,60739.0,51.07,2026-09-04
PRECISION,ST,04-Sep-2026,6.45,6.5,6.5,6.5,6.5,2000,0.13,1,2000.0,100.0,2026-09-04
PRECOT,EQ,04-Sep-2026,699.9,700.9,709.95,677.15,698.05,2308,16.13,147,1811.0,78.47,2026-09-04
PRECWIRE,EQ,04-Sep-2026,487.85,491.75,501.85,469.55,472.8,830119,4020.86,28644,235058.0,28.32,2026-09-04
PREMCO,EQ,04-Sep-2026,385.55,388.0,392.0,385.45,390.95,2051,7.92,39,2007.0,97.85,2026-09-04
PREMEXPLN,EQ,04-Sep-2026,666.35,665.0,672.0,663.0,664.0,305895,2037.33,2677,232439.0,75.99,2026-09-04
PREMIER,BE,04-Sep-2026,2.64,2.7,2.77,2.57,2.75,8850,0.24,34,,,2026-09-04
PREMIERENE,EQ,04-Sep-2026,1008.0,1002.5,1008.8,996.0,1002.0,1046394,10463.45,23550,607796.0,58.08,2026-09-04
PREMIERPOL,EQ,04-Sep-2026,92.35,93.5,98.8,87.21,95.36,1113475,1055.73,12281,264384.0,23.74,2026-09-04
PREMIUM,SM,04-Sep-2026,41.2,41.25,42.2,38.0,38.0,21000,8.67,7,21000.0,100.0,2026-09-04
PRESSTONIC,SM,04-Sep-2026,34.3,35.0,35.0,32.4,33.05,55200,18.33,46,44000.0,79.71,2026-09-04
PRESTIGE,EQ,04-Sep-2026,1615.2,1620.1,1646.6,1565.2,1587.0,588022,9415.15,23708,190247.0,32.35,2026-09-04
PRICOLLTD,EQ,04-Sep-2026,768.4,768.2,772.6,753.2,764.95,246508,1880.14,15204,118278.0,47.98,2026-09-04
PRIMECAB,ST,04-Sep-2026,200.0,198.0,209.35,194.0,197.5,25600,50.69,16,25600.0,100.0,2026-09-04
PRIMESECU,EQ,04-Sep-2026,290.2,288.85,291.05,281.25,284.5,24727,70.33,423,18973.0,76.73,2026-09-04
PRIMO,EQ,04-Sep-2026,20.68,20.94,21.89,20.4,21.27,157678,33.29,1031,94129.0,59.7,2026-09-04
PRINCEPIPE,EQ,04-Sep-2026,289.5,284.5,291.5,281.5,283.0,140756,399.7,3824,67400.0,47.88,2026-09-04
PRIORITY,BE,04-Sep-2026,200.0,230.0,241.5,230.0,241.5,1959092,4575.66,16280,,,2026-09-04
PRISMX,EQ,04-Sep-2026,0.52,0.52,0.56,0.52,0.55,111170,0.6,126,96526.0,86.83,2026-09-04
PRITI,BE,04-Sep-2026,33.35,34.05,34.05,32.51,33.89,4101,1.37,59,,,2026-09-04
PRITIKAUTO,BE,04-Sep-2026,16.28,15.96,16.4,15.75,16.27,189451,30.41,387,,,2026-09-04
PRIVISCL,EQ,04-Sep-2026,3373.5,3410.0,3410.6,3350.0,3367.3,42021,1420.89,6916,28011.0,66.66,2026-09-04
PRIZOR,ST,04-Sep-2026,1176.9,1161.0,1200.4,1161.0,1200.4,6400,75.94,16,6400.0,100.0,2026-09-04
PRLIND,SM,04-Sep-2026,38.85,38.65,39.0,37.6,38.05,102000,38.95,83,72000.0,70.59,2026-09-04
PROFX,SM,04-Sep-2026,76.1,77.0,77.0,77.0,77.0,1600,1.23,1,1600.0,100.0,2026-09-04
PROLIFE,SM,04-Sep-2026,79.0,78.0,79.0,78.0,79.0,1000,0.79,2,1000.0,100.0,2026-09-04
PROPEQUITY,SM,04-Sep-2026,210.0,229.95,230.0,225.0,225.0,3600,8.24,6,3000.0,83.33,2026-09-04
PROPSHOP,SM,04-Sep-2026,69.6,69.0,72.0,66.05,70.1,174000,120.86,44,158000.0,90.8,2026-09-04
PROSTARM,EQ,04-Sep-2026,129.73,131.15,138.0,129.38,134.73,275346,365.85,2776,155111.0,56.33,2026-09-04
PROTEAN,EQ,04-Sep-2026,494.8,497.0,503.0,489.35,496.3,385965,1912.48,10626,229454.0,59.45,2026-09-04
PROV,SM,04-Sep-2026,1875.0,1875.0,1925.0,1875.0,1910.0,240,4.57,3,240.0,100.0,2026-09-04
PROZONER,EQ,04-Sep-2026,46.42,46.02,50.7,45.75,49.76,722413,352.56,3869,384087.0,53.17,2026-09-04
PRSMJOHNSN,EQ,04-Sep-2026,111.31,111.16,112.22,111.0,111.12,167167,186.23,2108,105633.0,63.19,2026-09-04
PRUDENT,EQ,04-Sep-2026,3328.5,3328.4,3358.5,3200.0,3347.6,53800,1771.08,11099,31127.0,57.86,2026-09-04
PRUDMOULI,BE,04-Sep-2026,16.49,16.5,16.5,15.85,16.25,4362,0.7,40,,,2026-09-04
PSB,EQ,04-Sep-2026,23.05,23.19,23.45,22.99,23.23,1431638,332.65,4731,706626.0,49.36,2026-09-04
PSFL,SM,04-Sep-2026,33.0,33.1,34.0,33.05,34.0,42000,14.02,12,38000.0,90.48,2026-09-04
PSPPROJECT,EQ,04-Sep-2026,861.95,868.0,887.9,862.0,875.5,51382,449.15,3446,23370.0,45.48,2026-09-04
PSRAJ,ST,04-Sep-2026,80.0,77.2,84.0,77.2,83.95,50000,41.33,15,47500.0,95.0,2026-09-04
PSUBANK,EQ,04-Sep-2026,85.36,85.6,86.18,85.3,85.53,235393,201.45,664,115978.0,49.27,2026-09-04
PSUBANKADD,EQ,04-Sep-2026,86.59,87.95,87.95,86.11,86.43,13572,11.76,213,5589.0,41.18,2026-09-04
PSUBNKBEES,EQ,04-Sep-2026,95.68,95.7,96.2,95.34,95.45,1284747,1229.38,4088,865377.0,67.36,2026-09-04
PSUBNKIETF,EQ,04-Sep-2026,86.56,86.73,87.2,86.18,86.53,155480,134.84,748,74374.0,47.84,2026-09-04
PTC,EQ,04-Sep-2026,155.25,155.34,156.8,155.25,156.29,849440,1324.86,9419,520431.0,61.27,2026-09-04
PTCIL,EQ,04-Sep-2026,23820.0,23705.0,24125.0,23410.0,23830.0,65344,15575.65,24412,25515.0,39.05,2026-09-04
PTL,EQ,04-Sep-2026,38.22,38.64,39.25,38.25,38.74,62624,24.31,985,46938.0,74.95,2026-09-04
PULZ,SM,04-Sep-2026,22.95,22.4,22.4,22.05,22.1,16000,3.55,7,16000.0,100.0,2026-09-04
PUNJABCHEM,EQ,04-Sep-2026,1097.0,1099.7,1110.1,1087.1,1100.3,2842,31.34,295,1731.0,60.91,2026-09-04
PURPLEUTED,ST,04-Sep-2026,396.65,400.0,416.45,400.0,416.2,40750,167.14,115,39750.0,97.55,2026-09-04
PURVA,EQ,04-Sep-2026,211.09,215.0,236.0,215.0,230.72,17390475,40009.65,139958,636437.0,3.66,2026-09-04
PURVFLEXI,SM,04-Sep-2026,48.2,45.8,47.0,45.8,45.8,11200,5.15,10,10400.0,92.86,2026-09-04
PUSHPA,SM,04-Sep-2026,110.0,106.55,108.95,106.25,108.95,8000,8.6,8,7000.0,87.5,2026-09-04
PVP,EQ,04-Sep-2026,64.9,64.89,68.14,62.11,67.94,5145513,3398.09,15960,2011996.0,39.1,2026-09-04
PVRINOX,EQ,04-Sep-2026,1247.5,1216.0,1232.8,1215.0,1227.2,213587,2612.44,19534,110878.0,51.91,2026-09-04
PVSL,EQ,04-Sep-2026,103.54,104.95,104.95,101.4,102.63,28205,28.86,581,22995.0,81.53,2026-09-04
PVTBANIETF,EQ,04-Sep-2026,28.15,28.26,28.35,28.06,28.17,672096,189.34,1009,364791.0,54.28,2026-09-04
PVTBANK,EQ,04-Sep-2026,27.85,27.92,28.0,27.91,28.0,722,0.2,9,722.0,100.0,2026-09-04
PVTBANKADD,EQ,04-Sep-2026,28.38,28.37,28.4,28.24,28.34,17724,5.02,85,7130.0,40.23,2026-09-04
PVTBKGROWW,EQ,04-Sep-2026,27.74,28.19,28.19,27.69,27.92,7168,2.0,114,4139.0,57.74,2026-09-04
PWL,EQ,04-Sep-2026,120.6,123.37,130.7,123.03,126.42,62160413,78809.5,264548,13985728.0,22.5,2026-09-04
PYRAMID,EQ,04-Sep-2026,154.87,156.5,156.5,151.88,153.83,60009,92.07,990,41380.0,68.96,2026-09-04
QGOLDHALF,EQ,04-Sep-2026,126.98,127.39,128.96,127.1,127.62,315196,402.46,1196,189448.0,60.1,2026-09-04
QLINE,SM,04-Sep-2026,637.6,637.6,655.0,635.0,639.6,64400,413.82,150,52000.0,80.75,2026-09-04
QMSMEDI,BE,04-Sep-2026,159.07,163.7,163.7,152.0,158.97,14456,22.64,140,,,2026-09-04
QNIFTY,EQ,04-Sep-2026,263.65,270.24,270.24,262.8,264.15,2823,7.45,154,1231.0,43.61,2026-09-04
QPOWER,EQ,04-Sep-2026,1424.1,1435.0,1495.3,1431.2,1495.3,228191,3383.44,13078,131586.0,57.66,2026-09-04
QUADFUTURE,EQ,04-Sep-2026,425.6,427.0,439.0,415.1,417.9,294130,1243.8,7422,138414.0,47.06,2026-09-04
QUADPRO,SM,04-Sep-2026,2.45,2.5,2.5,2.5,2.5,24000,0.6,1,24000.0,100.0,2026-09-04
QUAL30IETF,EQ,04-Sep-2026,21.07,21.19,21.39,21.03,21.12,76847,16.2,212,60792.0,79.11,2026-09-04
QUALITY30,EQ,04-Sep-2026,20.75,20.67,20.8,20.65,20.65,7309,1.51,45,6330.0,86.61,2026-09-04
QUESS,EQ,04-Sep-2026,366.55,367.0,367.0,343.7,354.75,974018,3419.96,29950,277846.0,28.53,2026-09-04
QUESTLAB,SM,04-Sep-2026,84.8,85.05,85.5,84.9,85.5,6000,5.1,4,4800.0,80.0,2026-09-04
QUICKHEAL,BE,04-Sep-2026,137.14,137.14,141.0,136.0,140.94,56701,79.16,594,,,2026-09-04
QUICKTOUCH,SM,04-Sep-2026,15.25,14.7,16.0,14.7,16.0,5000,0.78,9,4500.0,90.0,2026-09-04
QUINT,EQ,04-Sep-2026,39.91,41.0,41.35,39.03,40.68,9343,3.74,86,8566.0,91.68,2026-09-04
RACE,EQ,04-Sep-2026,100.94,98.31,102.29,98.31,99.3,72608,73.0,195,69460.0,95.66,2026-09-04
RACLGEAR,EQ,04-Sep-2026,1558.8,1575.0,1617.9,1544.7,1576.1,47944,761.31,5411,20773.0,43.33,2026-09-04
RADAAN,EQ,04-Sep-2026,2.89,3.05,3.11,2.82,2.97,44053,1.3,113,30274.0,68.72,2026-09-04
RADHIKAJWE,EQ,04-Sep-2026,71.32,71.55,85.0,71.55,83.16,14544177,11799.94,82624,2353621.0,16.18,2026-09-04
RADIANTCMS,EQ,04-Sep-2026,39.87,40.22,45.25,40.22,41.78,1713450,733.68,7743,893814.0,52.16,2026-09-04
RADICO,EQ,04-Sep-2026,4559.0,4536.4,4559.8,4444.0,4494.0,205308,9196.98,29577,116483.0,56.74,2026-09-04
RADIOCITY,EQ,04-Sep-2026,6.24,6.21,6.38,6.21,6.28,60215,3.78,128,54451.0,90.43,2026-09-04
RADIOWALLA,ST,04-Sep-2026,30.2,28.7,28.7,28.7,28.7,8000,2.3,4,6400.0,80.0,2026-09-04
RAILTEL,EQ,04-Sep-2026,270.9,270.8,273.9,270.0,271.05,401507,1090.93,9571,115757.0,28.83,2026-09-04
RAIN,EQ,04-Sep-2026,211.71,212.6,217.3,210.1,215.72,4009182,8591.19,27891,1312124.0,32.73,2026-09-04
RAINBOW,EQ,04-Sep-2026,1440.8,1460.0,1460.0,1432.3,1447.2,49513,714.67,8665,22539.0,45.52,2026-09-04
RAJESHEXPO,BZ,04-Sep-2026,83.46,86.4,86.6,82.2,83.02,234404,199.27,2518,,,2026-09-04
RAJINDLTD,SM,04-Sep-2026,63.55,62.05,63.0,62.05,63.0,3000,1.88,2,1500.0,50.0,2026-09-04
RAJMET,EQ,04-Sep-2026,3.11,3.16,3.18,3.1,3.15,289526,9.1,650,215805.0,74.54,2026-09-04
RAJOOENG,BE,04-Sep-2026,49.14,49.62,51.59,49.0,51.59,412844,210.57,1244,,,2026-09-04
RAJPALAYAM,EQ,04-Sep-2026,799.7,800.0,809.8,795.0,795.3,1199,9.55,51,1022.0,85.24,2026-09-04
RAJPUTANA,SM,04-Sep-2026,216.55,220.0,221.0,217.0,219.95,6000,13.15,9,5500.0,91.67,2026-09-04
RAJRATAN,EQ,04-Sep-2026,495.1,495.15,504.9,488.0,498.35,99899,493.17,3471,42948.0,42.99,2026-09-04
RAJRILTD,BE,04-Sep-2026,22.32,21.88,22.44,21.88,22.09,3031,0.67,51,,,2026-09-04
RAJSREESUG,EQ,04-Sep-2026,36.43,37.14,37.14,35.35,35.47,29765,10.63,461,17126.0,57.54,2026-09-04
RAJTV,EQ,04-Sep-2026,8.49,8.21,8.5,8.07,8.07,220386,17.81,305,218186.0,99.0,2026-09-04
RALLIS,EQ,04-Sep-2026,209.83,210.0,212.51,208.36,208.82,361939,759.16,9082,189702.0,52.41,2026-09-04
RAMANEWS,EQ,04-Sep-2026,32.35,32.96,32.96,31.66,31.75,4990,1.59,89,4508.0,90.34,2026-09-04
RAMAPHO,EQ,04-Sep-2026,124.01,125.5,125.65,123.01,123.48,11962,14.82,312,7417.0,62.0,2026-09-04
RAMASTEEL,BE,04-Sep-2026,4.09,4.06,4.06,4.02,4.02,1376297,55.59,2146,,,2026-09-04
RAMBHAJO,EQ,04-Sep-2026,244.26,249.9,268.68,247.06,268.68,1915247,5007.88,24492,624633.0,32.61,2026-09-04
RAMCOCEM,EQ,04-Sep-2026,879.15,882.6,894.0,873.8,884.5,98361,871.37,9195,41726.0,42.42,2026-09-04
RAMCOIND,EQ,04-Sep-2026,324.0,326.0,329.7,320.3,323.25,105342,341.83,2055,55859.0,53.03,2026-09-04
RAMCOSYS,EQ,04-Sep-2026,586.55,598.4,615.85,596.5,611.2,217405,1321.89,6491,92688.0,42.63,2026-09-04
RAMKY,EQ,04-Sep-2026,351.35,354.0,354.0,343.6,347.4,33996,118.03,1149,23103.0,67.96,2026-09-04
RAMRAT,EQ,04-Sep-2026,560.8,563.6,574.3,555.2,560.65,342804,1932.74,19311,148506.0,43.32,2026-09-04
RANASUG,EQ,04-Sep-2026,15.15,15.15,15.21,14.72,14.8,346950,51.6,740,259897.0,74.91,2026-09-04
RANEHOLDIN,EQ,04-Sep-2026,1635.3,1635.3,1740.0,1623.5,1651.1,102623,1731.24,10412,23016.0,22.43,2026-09-04
RAPIDFLEET,SM,04-Sep-2026,232.0,233.15,234.1,233.0,233.0,23400,54.6,34,3600.0,15.38,2026-09-04
RATEGAIN,EQ,04-Sep-2026,869.75,870.0,888.45,845.0,851.15,551109,4731.12,24016,295157.0,53.56,2026-09-04
RATNAMANI,EQ,04-Sep-2026,2669.7,2661.0,2748.0,2656.2,2727.0,72730,1971.69,13147,27894.0,38.35,2026-09-04
RATNAVEER,EQ,04-Sep-2026,286.1,289.0,308.25,288.95,304.75,4493978,13524.27,29102,1285149.0,28.6,2026-09-04
RAYMOND,EQ,04-Sep-2026,757.9,752.3,756.8,733.05,740.85,1867268,13967.58,48935,366372.0,19.62,2026-09-04
RAYMONDLSL,EQ,04-Sep-2026,647.85,647.95,683.95,647.0,663.65,335816,2239.39,21448,154537.0,46.02,2026-09-04
RAYMONDREL,EQ,04-Sep-2026,536.75,542.5,559.0,524.0,529.15,936640,5081.5,20735,450950.0,48.15,2026-09-04
RBA,EQ,04-Sep-2026,97.89,98.47,101.16,96.5,97.15,2606009,2572.15,14332,1210836.0,46.46,2026-09-04
RBLBANK,EQ,04-Sep-2026,408.1,409.0,417.05,406.7,414.35,7858699,32522.33,86651,3978361.0,50.62,2026-09-04
RBMINFRA,SM,04-Sep-2026,244.4,244.4,245.6,233.0,236.9,10000,23.98,41,7400.0,74.0,2026-09-04
RBS,SM,04-Sep-2026,88.5,88.5,90.75,88.0,88.1,5600,4.96,6,4800.0,85.71,2026-09-04
RBZJEWEL,EQ,04-Sep-2026,191.68,197.0,204.7,194.0,200.69,6929954,13846.6,72876,780630.0,11.26,2026-09-04
RCDL,SM,04-Sep-2026,15.65,15.05,15.5,14.1,14.15,123000,17.83,35,111000.0,90.24,2026-09-04
RCDL-RE,ST,04-Sep-2026,2.1,2.5,2.5,2.3,2.45,342000,8.5,70,339000.0,99.12,2026-09-04
RCF,EQ,04-Sep-2026,114.52,115.2,116.24,114.2,114.92,1043164,1203.17,9443,454941.0,43.61,2026-09-04
RCOM,BE,04-Sep-2026,0.79,0.8,0.82,0.79,0.81,3829914,30.76,1799,,,2026-09-04
READYMIX,SM,04-Sep-2026,78.2,78.85,78.85,74.65,76.0,21000,16.11,21,9000.0,42.86,2026-09-04
RECLTD,EQ,04-Sep-2026,313.6,313.6,320.2,313.2,318.7,5894088,18652.81,34787,3336151.0,56.6,2026-09-04
REDINGTON,EQ,04-Sep-2026,372.45,374.4,378.8,367.2,371.3,3554885,13183.49,44267,1625525.0,45.73,2026-09-04
REDTAPE,EQ,04-Sep-2026,117.48,118.9,121.9,117.6,120.43,423314,509.78,4359,272188.0,64.3,2026-09-04
REFEX,EQ,04-Sep-2026,279.25,279.05,288.2,279.05,282.55,249214,707.42,4885,103586.0,41.57,2026-09-04
REFRACTORY,SM,04-Sep-2026,25.5,24.65,25.35,24.25,25.25,45000,10.97,14,41000.0,91.11,2026-09-04
REGAAL,EQ,04-Sep-2026,89.17,89.76,92.69,87.5,88.51,576781,518.74,2770,177426.0,30.76,2026-09-04
REGENCERAM,EQ,04-Sep-2026,36.47,38.2,38.2,34.41,34.86,1624,0.58,58,1028.0,63.3,2026-09-04
RELAXO,EQ,04-Sep-2026,343.95,345.95,346.9,342.75,344.75,48646,167.77,2871,18561.0,38.16,2026-09-04
RELCHEMQ,EQ,04-Sep-2026,116.77,113.85,118.0,113.85,116.73,1295,1.5,67,619.0,47.8,2026-09-04
RELIABLE,EQ,04-Sep-2026,141.26,141.2,141.54,139.21,140.88,15018,21.14,654,1575.0,10.49,2026-09-04
RELIANCE,EQ,04-Sep-2026,1302.5,1304.1,1333.0,1304.1,1322.0,13031534,172835.88,181295,8600946.0,66.0,2026-09-04
RELIGARE,EQ,04-Sep-2026,251.89,251.0,258.4,248.11,257.08,1795582,4535.5,16103,1030654.0,57.4,2026-09-04
RELINFRA,BE,04-Sep-2026,55.91,55.9,57.02,54.8,57.02,198794,111.57,1111,,,2026-09-04
RELTD,EQ,04-Sep-2026,159.15,160.0,162.0,157.97,161.37,124230,198.2,1896,76356.0,61.46,2026-09-04
REMSONSIND,EQ,04-Sep-2026,95.05,93.69,99.9,93.69,99.35,158912,156.06,3980,92773.0,58.38,2026-09-04
REMUS,SM,04-Sep-2026,894.1,886.05,906.0,886.05,890.05,3000,26.85,25,2200.0,73.33,2026-09-04
RENUKA,EQ,04-Sep-2026,24.27,24.3,24.66,23.46,24.04,13578560,3231.72,19992,4115787.0,30.31,2026-09-04
REPCOHOME,EQ,04-Sep-2026,355.75,358.1,361.95,356.15,358.75,41434,148.65,1032,24295.0,58.64,2026-09-04
REPL,BE,04-Sep-2026,65.96,62.75,68.0,62.75,63.19,8034,5.09,84,,,2026-09-04
REPRO,EQ,04-Sep-2026,323.15,326.7,326.7,317.0,319.45,4692,15.01,290,3122.0,66.54,2026-09-04
RESPONIND,EQ,04-Sep-2026,151.87,151.25,176.14,150.37,154.9,40184929,67731.46,227735,1184079.0,2.95,2026-09-04
RETAIL,EQ,04-Sep-2026,17.45,17.1,17.44,16.5,17.24,2441,0.41,44,1712.0,70.14,2026-09-04
RGL,EQ,04-Sep-2026,137.12,137.94,150.38,137.89,149.26,3035236,4473.81,26139,893218.0,29.43,2026-09-04
RHETAN,EQ,04-Sep-2026,23.11,25.42,25.42,25.41,25.42,5456321,1386.75,2223,4410090.0,80.83,2026-09-04
RHFL,BZ,04-Sep-2026,1.79,1.76,1.83,1.76,1.82,474713,8.57,900,,,2026-09-04
RHIM,EQ,04-Sep-2026,369.75,372.6,373.8,369.0,371.35,97629,362.5,3202,55931.0,57.29,2026-09-04
RHL,EQ,04-Sep-2026,167.6,167.15,174.79,166.2,167.89,1284,2.16,45,914.0,71.18,2026-09-04
RICHA,ST,04-Sep-2026,81.0,78.0,78.0,78.0,78.0,1000,0.78,1,1000.0,100.0,2026-09-04
RICOAUTO,EQ,04-Sep-2026,126.49,126.95,131.75,126.6,130.46,1119592,1447.61,9451,360533.0,32.2,2026-09-04
RIIL,EQ,04-Sep-2026,752.95,757.0,762.75,748.1,750.95,42420,319.98,1815,13812.0,32.56,2026-09-04
RIIT,IV,04-Sep-2026,121.4,122.4,122.4,121.41,121.57,56392,68.56,1261,53875.0,95.54,2026-09-04
RILINFRA,SM,04-Sep-2026,35.1,36.0,36.0,35.05,35.15,4900,1.73,25,4400.0,89.8,2026-09-04
RIR,EQ,04-Sep-2026,157.58,158.0,175.45,158.0,169.86,335333,561.31,3982,192291.0,57.34,2026-09-04
RISHABH,EQ,04-Sep-2026,734.95,738.0,750.0,714.6,738.45,208178,1520.31,8827,91254.0,43.83,2026-09-04
RITCO,EQ,04-Sep-2026,301.0,302.6,304.6,298.55,301.8,112935,342.22,1065,75074.0,66.48,2026-09-04
RITES,EQ,04-Sep-2026,213.78,214.0,217.2,214.0,215.8,278299,599.99,7183,94196.0,33.85,2026-09-04
RITEZONE,SM,04-Sep-2026,19.65,20.5,20.5,20.5,20.5,3200,0.66,2,3200.0,100.0,2026-09-04
RKDL,EQ,04-Sep-2026,18.32,18.14,18.74,18.14,18.39,7502,1.4,97,6875.0,91.64,2026-09-04
RKEC,EQ,04-Sep-2026,21.64,21.67,22.59,19.9,21.73,65608,13.97,431,38755.0,59.07,2026-09-04
RKFORGE,EQ,04-Sep-2026,726.85,732.5,732.5,689.45,700.85,1116062,7852.99,32766,568344.0,50.92,2026-09-04
RKSWAMY,EQ,04-Sep-2026,92.0,92.5,94.69,91.7,94.25,16462,15.44,439,12135.0,73.72,2026-09-04
RMC,EQ,04-Sep-2026,225.97,225.3,236.0,224.41,233.54,40561,93.54,1963,20818.0,51.33,2026-09-04
RMDRIP,BE,04-Sep-2026,21.0,21.4,21.8,21.0,21.13,262979,55.61,528,,,2026-09-04
RML,EQ,04-Sep-2026,1127.4,1127.5,1333.0,1125.1,1295.9,2195205,28418.85,80830,169795.0,7.73,2026-09-04
RNBDENIMS,EQ,04-Sep-2026,10.81,10.81,10.81,10.27,10.27,424488,43.84,764,222972.0,52.53,2026-09-04
RNFI,SM,04-Sep-2026,299.75,303.0,309.3,297.1,299.15,100200,302.42,93,84600.0,84.43,2026-09-04
RNPL,SM,04-Sep-2026,81.5,82.0,83.0,79.0,79.0,7200,5.9,6,1200.0,16.67,2026-09-04
ROCKINGDCE,SM,04-Sep-2026,227.15,220.0,239.8,216.9,234.25,9000,20.8,35,5500.0,61.11,2026-09-04
ROCKPP,E1,04-Sep-2026,70.0,64.0,64.0,64.0,64.0,2000,1.28,2,2000.0,100.0,2026-09-04
ROHLTD,EQ,04-Sep-2026,298.5,298.0,305.2,297.0,298.55,7153,21.41,361,4327.0,60.49,2026-09-04
ROLEXRINGS,EQ,04-Sep-2026,174.83,176.0,176.36,171.0,171.72,743997,1288.92,9140,357159.0,48.01,2026-09-04
ROLLT,BE,04-Sep-2026,4.17,4.35,4.37,4.17,4.37,470102,20.5,234,,,2026-09-04
ROML,EQ,04-Sep-2026,42.35,42.2,42.8,41.31,42.0,11538,4.85,77,10789.0,93.51,2026-09-04
ROSSARI,EQ,04-Sep-2026,457.0,461.0,468.25,456.1,460.25,83247,383.35,3103,47974.0,57.63,2026-09-04
ROSSELLIND,EQ,04-Sep-2026,57.67,57.8,58.05,55.99,56.96,77117,43.93,764,41166.0,53.38,2026-09-04
ROSSTECH,EQ,04-Sep-2026,1116.3,1116.3,1168.0,1116.3,1150.5,234989,2695.6,13499,98346.0,41.85,2026-09-04
ROTO,EQ,04-Sep-2026,63.76,64.45,65.9,63.6,65.03,233711,150.66,3407,100303.0,42.92,2026-09-04
ROUTE,EQ,04-Sep-2026,503.65,503.65,508.0,500.5,501.55,76123,383.36,3141,31616.0,41.53,2026-09-04
ROXHITECH,SM,04-Sep-2026,47.5,46.05,47.6,46.05,46.3,24000,11.27,15,17600.0,73.33,2026-09-04
RPEL,EQ,04-Sep-2026,1885.2,1889.8,1943.7,1778.4,1807.2,209791,3891.59,27169,72149.0,34.39,2026-09-04
RPGLIFE,EQ,04-Sep-2026,2652.4,2652.4,2739.0,2638.9,2721.6,20463,550.5,2723,9460.0,46.23,2026-09-04
RPOWER,EQ,04-Sep-2026,22.03,22.11,22.32,22.04,22.08,13517969,2993.62,23383,5044794.0,37.32,2026-09-04
RPPINFRA,EQ,04-Sep-2026,55.04,55.65,55.68,53.77,54.14,32609,17.83,614,22241.0,68.21,2026-09-04
RPPL,BE,04-Sep-2026,22.57,22.45,23.5,22.1,23.29,15868,3.63,62,,,2026-09-04
RPSGVENT,EQ,04-Sep-2026,833.3,836.55,872.85,829.0,831.4,23012,194.97,1386,11867.0,51.57,2026-09-04
RPTECH,EQ,04-Sep-2026,815.65,814.0,833.0,811.5,823.65,158904,1306.88,9903,83181.0,52.35,2026-09-04
RRECL,EQ,04-Sep-2026,138.37,138.0,138.0,129.99,136.83,309,0.41,12,285.0,92.23,2026-09-04
RRIL,EQ,04-Sep-2026,16.71,16.99,17.0,16.5,16.66,18631,3.11,113,14660.0,78.69,2026-09-04
RRKABEL,EQ,04-Sep-2026,2617.7,2550.0,2609.0,2374.4,2454.1,2596720,64011.07,180021,784190.0,30.2,2026-09-04
RSDFIN,BE,04-Sep-2026,100.11,105.1,105.1,95.22,96.75,2026,2.0,40,,,2026-09-04
RSL,EQ,04-Sep-2026,181.56,182.93,184.89,181.1,181.5,337269,617.1,3608,139514.0,41.37,2026-09-04
RSSOFTWARE,EQ,04-Sep-2026,29.91,30.1,31.4,29.5,30.61,50380,15.47,354,34197.0,67.88,2026-09-04
RSWM,BE,04-Sep-2026,217.28,218.0,226.5,217.99,220.63,67600,149.81,999,,,2026-09-04
RSYSTEMS,EQ,04-Sep-2026,252.64,252.5,257.5,251.0,256.12,203978,520.05,3980,118907.0,58.29,2026-09-04
RTNINDIA,EQ,04-Sep-2026,27.43,27.63,28.13,27.63,27.82,1727353,480.87,5278,762024.0,44.12,2026-09-04
RTNPOWER,EQ,04-Sep-2026,7.24,7.24,7.39,7.23,7.36,13604316,993.67,12534,6192554.0,45.52,2026-09-04
RTSPOWR,EQ,04-Sep-2026,90.4,92.21,99.0,87.1,88.08,2343,2.12,62,1924.0,82.12,2026-09-04
RUBFILA,EQ,04-Sep-2026,66.42,66.42,72.0,66.05,70.69,76949,53.85,666,60337.0,78.41,2026-09-04
RUBICON,EQ,04-Sep-2026,1775.7,1788.8,1792.0,1752.2,1768.3,113571,2011.17,10409,45975.0,40.48,2026-09-04
RUBYMILLS,BE,04-Sep-2026,409.05,415.0,429.5,408.0,428.3,23319,98.7,467,,,2026-09-04
RUCHINFRA,EQ,04-Sep-2026,6.04,6.0,6.11,5.51,5.82,367135,21.37,1086,185147.0,50.43,2026-09-04
RUCHIRA,EQ,04-Sep-2026,105.12,105.5,108.0,105.0,107.5,61272,65.19,1077,42755.0,69.78,2026-09-04
RUDRA,EQ,04-Sep-2026,20.38,20.3,20.8,20.3,20.33,25195,5.15,157,12546.0,49.8,2026-09-04
RULKA,SM,04-Sep-2026,109.6,105.4,110.9,105.4,106.25,3300,3.6,6,3000.0,90.91,2026-09-04
RUPA,EQ,04-Sep-2026,144.43,144.43,145.4,143.05,144.49,81141,116.8,2556,45438.0,56.0,2026-09-04
RUSHIL,EQ,04-Sep-2026,16.18,16.2,16.46,15.66,16.01,247963,39.95,822,163016.0,65.74,2026-09-04
RUSTOMJEE,EQ,04-Sep-2026,381.75,381.75,381.75,372.25,373.95,27990,105.26,1208,16579.0,59.23,2026-09-04
RVHL,EQ,04-Sep-2026,39.09,39.87,40.0,38.25,39.84,8503,3.36,93,8365.0,98.38,2026-09-04
RVNL,EQ,04-Sep-2026,209.3,211.0,214.18,209.62,212.49,6287421,13335.87,44145,1076525.0,17.12,2026-09-04
RVTH,EQ,04-Sep-2026,729.05,729.0,743.9,729.0,734.45,277,2.02,18,273.0,98.56,2026-09-04
S&SPOWER,EQ,04-Sep-2026,319.85,317.9,327.8,310.05,323.95,1826,5.8,201,1336.0,73.17,2026-09-04
SAAKSHI,ST,04-Sep-2026,312.0,300.0,321.0,300.0,317.3,15000,46.45,20,12600.0,84.0,2026-09-04
SAATVIKGL,EQ,04-Sep-2026,421.65,422.5,428.4,417.1,424.4,40616,171.61,1453,19897.0,48.99,2026-09-04
SAB,EQ,04-Sep-2026,175.0,183.0,183.75,183.0,183.5,365,0.67,6,345.0,94.52,2026-09-04
SABAR,ST,04-Sep-2026,9.05,9.5,9.5,9.5,9.5,55000,5.23,8,55000.0,100.0,2026-09-04
SACHEEROME,SM,04-Sep-2026,455.45,456.0,490.1,455.0,485.25,47400,225.42,100,36000.0,75.95,2026-09-04
SADBHAV,EQ,04-Sep-2026,8.03,8.03,8.35,8.01,8.15,131919,10.72,298,96168.0,72.9,2026-09-04
SADBHIN,BE,04-Sep-2026,2.53,2.51,2.57,2.51,2.55,60912,1.55,120,,,2026-09-04
SADHAV,SM,04-Sep-2026,111.95,111.0,112.5,109.55,110.65,9000,9.97,15,5400.0,60.0,2026-09-04
SADHNANIQ,BE,04-Sep-2026,2.67,2.7,2.72,2.7,2.72,462137,12.55,138,,,2026-09-04
SAFARI,EQ,04-Sep-2026,1509.5,1509.5,1550.1,1508.3,1540.4,23964,368.74,2670,12589.0,52.53,2026-09-04
SAFEENTP,SM,04-Sep-2026,277.2,274.0,279.75,271.0,273.0,31000,85.22,58,21000.0,67.74,2026-09-04
SAGARDEEP,EQ,04-Sep-2026,23.76,23.76,24.0,23.53,23.62,5256,1.25,70,2522.0,47.98,2026-09-04
SAGCEM,EQ,04-Sep-2026,154.38,156.01,157.04,152.25,152.86,244455,374.19,1466,210204.0,85.99,2026-09-04
SAGILITY,EQ,04-Sep-2026,46.8,47.0,47.27,46.5,46.82,11136928,5218.35,26621,5843834.0,52.47,2026-09-04
SAHAJSOLAR,SM,04-Sep-2026,99.4,99.2,100.7,95.0,99.95,16000,15.64,39,12400.0,77.5,2026-09-04
SAHANA,SM,04-Sep-2026,927.9,926.0,930.95,917.0,920.3,20100,185.08,98,15900.0,79.1,2026-09-04
SAHASRA,ST,04-Sep-2026,306.25,308.95,310.0,301.0,307.85,24400,74.77,52,20800.0,85.25,2026-09-04
SAHLIBHFI,EQ,04-Sep-2026,89.12,88.52,90.8,88.0,89.52,43843,39.34,992,27918.0,63.68,2026-09-04
SAHYADRI,EQ,04-Sep-2026,359.4,360.0,402.7,360.0,392.15,111187,434.09,5879,45021.0,40.49,2026-09-04
SAICAPI,EQ,04-Sep-2026,157.05,160.2,163.8,155.1,157.56,1101,1.77,41,767.0,69.66,2026-09-04
SAIFL,SM,04-Sep-2026,4.95,5.05,5.05,4.8,4.8,296000,14.41,49,196000.0,66.22,2026-09-04
SAIL,EQ,04-Sep-2026,197.0,197.86,200.1,194.3,196.8,19094202,37749.68,69085,7131445.0,37.35,2026-09-04
SAILIFE,EQ,04-Sep-2026,1574.8,1570.0,1622.0,1561.9,1584.3,561938,8964.32,30349,209055.0,37.2,2026-09-04
SAIPARENT,EQ,04-Sep-2026,518.15,523.8,523.8,516.0,519.55,45947,238.74,1706,27649.0,60.18,2026-09-04
SAKAR,EQ,04-Sep-2026,1006.95,1012.0,1019.0,987.95,1013.9,87982,883.97,5941,47106.0,53.54,2026-09-04
SAKHTISUG,EQ,04-Sep-2026,20.35,20.35,20.4,19.61,19.78,175324,34.8,907,92042.0,52.5,2026-09-04
SAKSOFT,EQ,04-Sep-2026,153.69,153.69,156.4,153.01,154.58,179015,276.23,2898,66847.0,37.34,2026-09-04
SAKUMA,EQ,04-Sep-2026,1.58,1.6,1.65,1.55,1.62,721220,11.56,898,531433.0,73.69,2026-09-04
SALASAR,EQ,04-Sep-2026,5.08,5.12,5.88,5.12,5.2,26712678,1440.34,20032,9277139.0,34.73,2026-09-04
SALONA,EQ,04-Sep-2026,262.9,259.5,274.75,259.0,269.95,74,0.19,19,66.0,89.19,2026-09-04
SALSTEEL,EQ,04-Sep-2026,82.04,82.2,84.63,80.01,81.37,233867,191.99,1594,114179.0,48.82,2026-09-04
SALZERELEC,EQ,04-Sep-2026,537.3,540.0,555.0,537.05,549.7,54544,299.11,2936,26033.0,47.73,2026-09-04
SAMAY,ST,04-Sep-2026,46.0,44.5,44.5,44.5,44.5,4000,1.78,1,4000.0,100.0,2026-09-04
SAMBANDAM,EQ,04-Sep-2026,120.0,120.0,125.0,120.0,123.23,206,0.26,12,186.0,90.29,2026-09-04
SAMBHAAV,EQ,04-Sep-2026,6.0,5.94,6.17,5.7,5.94,46902,2.77,87,41504.0,88.49,2026-09-04
SAMBHV,EQ,04-Sep-2026,129.64,130.7,131.8,127.0,128.69,1221798,1583.57,11539,438932.0,35.93,2026-09-04
SAMHI,EQ,04-Sep-2026,152.59,152.59,155.6,152.55,153.99,397845,611.52,10909,219730.0,55.23,2026-09-04
SAMMAANCAP,EQ,04-Sep-2026,153.7,155.0,161.0,153.51,158.39,13853349,21956.77,61464,6827755.0,49.29,2026-09-04
SAMPANN,EQ,04-Sep-2026,24.61,24.31,25.58,24.31,25.19,10476,2.62,134,8709.0,83.13,2026-09-04
SANATHAN,EQ,04-Sep-2026,433.05,441.05,474.95,441.05,456.2,330832,1529.99,8764,85543.0,25.86,2026-09-04
SANDESH,EQ,04-Sep-2026,1050.9,1069.0,1069.0,1035.0,1051.3,750,7.87,135,628.0,83.73,2026-09-04
SANDHAR,EQ,04-Sep-2026,627.85,631.0,635.0,617.15,624.0,143060,890.51,5495,74975.0,52.41,2026-09-04
SANDUMA,EQ,04-Sep-2026,197.89,198.0,199.5,196.5,197.83,375487,742.9,7447,193424.0,51.51,2026-09-04
SANGAMIND,EQ,04-Sep-2026,571.85,573.25,582.8,572.1,578.8,7685,44.42,733,4270.0,55.56,2026-09-04
SANGANI,SM,04-Sep-2026,52.0,54.6,54.6,54.6,54.6,12000,6.55,4,12000.0,100.0,2026-09-04
SANGHVIMOV,EQ,04-Sep-2026,453.0,456.4,472.0,436.65,439.2,455750,2058.17,20233,239582.0,52.57,2026-09-04
SANGINITA,BE,04-Sep-2026,58.34,59.5,59.5,59.5,59.5,64797,38.55,85,,,2026-09-04
SANOFI,EQ,04-Sep-2026,3190.8,3206.0,3207.8,3151.0,3158.2,9898,314.27,2236,6289.0,63.54,2026-09-04
SANOFICONR,EQ,04-Sep-2026,4205.4,4205.3,4234.9,4108.0,4201.7,6432,268.12,1451,3638.0,56.56,2026-09-04
SANSERA,EQ,04-Sep-2026,3789.6,3808.8,3833.8,3733.7,3782.6,101677,3844.15,15246,53357.0,52.48,2026-09-04
SANSTAR,EQ,04-Sep-2026,108.0,108.0,114.9,108.0,111.31,633145,708.71,4216,144767.0,22.86,2026-09-04
SANWARIA,BZ,04-Sep-2026,0.19,0.19,0.2,0.18,0.18,871449,1.68,172,,,2026-09-04
SAPPHIRE,EQ,04-Sep-2026,228.76,228.5,233.99,225.56,228.43,713459,1639.95,20970,342368.0,47.99,2026-09-04
SAPPL,EQ,04-Sep-2026,280.6,292.0,292.0,275.45,281.85,796,2.22,42,625.0,78.52,2026-09-04
SARDAEN,EQ,04-Sep-2026,506.55,510.05,517.05,504.2,508.55,526969,2687.81,18591,242178.0,45.96,2026-09-04
SAREGAMA,EQ,04-Sep-2026,493.65,498.4,500.0,488.1,492.75,353123,1750.67,20683,176080.0,49.86,2026-09-04
SARLAPOLY,EQ,04-Sep-2026,102.15,102.75,102.98,97.75,100.2,97835,98.06,1452,63712.0,65.12,2026-09-04
SARTELE,SM,04-Sep-2026,91.35,91.5,93.5,89.0,89.4,39500,35.84,58,30500.0,77.22,2026-09-04
SARVESHWAR,EQ,04-Sep-2026,3.35,3.38,3.43,3.33,3.36,1228078,41.54,1558,786860.0,64.07,2026-09-04
SASKEN,EQ,04-Sep-2026,1902.4,1925.4,1925.4,1870.5,1881.3,12365,234.16,1492,7766.0,62.81,2026-09-04
SATECH,SM,04-Sep-2026,38.4,38.8,40.65,38.8,39.6,20000,7.99,18,17000.0,85.0,2026-09-04
SATIA,EQ,04-Sep-2026,60.37,60.74,63.85,60.01,63.36,251939,158.46,2801,151539.0,60.15,2026-09-04
SATIN,EQ,04-Sep-2026,219.37,220.39,223.48,217.58,220.75,205973,453.18,4012,111051.0,53.92,2026-09-04
SATIPOLY,ST,04-Sep-2026,37.05,38.0,38.9,38.0,38.9,2000,0.77,4,2000.0,100.0,2026-09-04
SATKARTAR,SM,04-Sep-2026,118.2,118.4,118.4,115.95,116.7,28800,33.71,27,21600.0,75.0,2026-09-04
SATTVAENGG,SM,04-Sep-2026,62.0,63.0,63.0,61.1,61.5,11200,6.96,7,9600.0,85.71,2026-09-04
SAURASHCEM,EQ,04-Sep-2026,56.81,56.81,58.6,56.0,57.61,90990,52.59,1185,41891.0,46.04,2026-09-04
SAVY,SM,04-Sep-2026,135.1,135.1,141.2,135.1,136.15,139200,191.56,48,126000.0,90.52,2026-09-04
SAWALIYA,SM,04-Sep-2026,150.15,152.0,159.95,152.0,159.95,8400,13.23,14,7200.0,85.71,2026-09-04
SAYAJIHOTL,EQ,04-Sep-2026,303.8,325.0,325.0,315.0,319.35,12,0.04,8,11.0,91.67,2026-09-04
SAYAJIIND,EQ,04-Sep-2026,119.89,119.89,119.89,116.01,116.11,103,0.12,4,101.0,98.06,2026-09-04
SBC,EQ,04-Sep-2026,43.25,43.48,46.89,43.45,45.76,13241116,5972.66,14431,5341929.0,40.34,2026-09-04
SBCL,EQ,04-Sep-2026,1155.9,1189.3,1215.7,1102.4,1121.1,810275,9190.34,44614,322970.0,39.86,2026-09-04
SBFC,EQ,04-Sep-2026,99.9,99.9,100.67,98.37,100.08,817043,813.61,8451,316190.0,38.7,2026-09-04
SBGLP,EQ,04-Sep-2026,24.68,25.68,25.68,23.6,23.96,12199,2.96,187,9772.0,80.1,2026-09-04
SBIBPB,EQ,04-Sep-2026,49.48,49.97,50.05,49.26,49.56,104576,52.07,319,93273.0,89.19,2026-09-04
SBICARD,EQ,04-Sep-2026,661.0,661.0,668.7,656.3,658.25,1752698,11606.44,25566,1008068.0,57.52,2026-09-04
SBIETFCON,EQ,04-Sep-2026,120.31,122.54,122.54,119.7,119.89,13201,15.85,81,10346.0,78.37,2026-09-04
SBIETFIT,EQ,04-Sep-2026,342.1,342.1,346.1,338.69,340.64,1908,6.53,161,1363.0,71.44,2026-09-04
SBIETFPB,EQ,04-Sep-2026,285.51,290.89,290.89,282.98,283.57,2003,5.7,67,1246.0,62.21,2026-09-04
SBIETFQLTY,EQ,04-Sep-2026,223.32,223.5,223.5,221.5,221.86,718,1.6,70,681.0,94.85,2026-09-04
SBIFUNDS,EQ,04-Sep-2026,564.0,563.9,565.5,558.9,562.1,1143214,6425.26,26282,704723.0,61.64,2026-09-04
SBILIFE,EQ,04-Sep-2026,1715.0,1715.0,1775.0,1707.4,1775.0,1720166,30222.1,54483,937528.0,54.5,2026-09-04
SBILIQETF,EQ,04-Sep-2026,1054.43,1054.81,1054.83,1054.81,1054.81,104098,1098.04,73,73514.0,70.62,2026-09-04
SBIMIDMOM,EQ,04-Sep-2026,63.87,63.7,64.07,63.56,63.73,5431,3.47,116,3951.0,72.75,2026-09-04
SBIN,EQ,04-Sep-2026,1023.4,1026.0,1029.2,1016.1,1016.1,6724566,68696.12,146219,4178795.0,62.14,2026-09-04
SBINEQWETF,EQ,04-Sep-2026,33.13,33.2,33.31,33.1,33.26,26479,8.8,184,26180.0,98.87,2026-09-04
SBINMID150,EQ,04-Sep-2026,23.32,23.59,23.59,23.26,23.3,11172,2.6,126,7650.0,68.47,2026-09-04
SBISILVER,EQ,04-Sep-2026,225.5,226.74,229.16,226.74,228.31,717256,1636.38,4637,224175.0,31.25,2026-09-04
SBISMLETF,EQ,04-Sep-2026,18.47,18.47,18.67,18.47,18.55,29237,5.42,209,22666.0,77.53,2026-09-04
SBIVALETF,EQ,04-Sep-2026,14.65,14.72,14.75,14.66,14.75,5269,0.78,63,4827.0,91.61,2026-09-04
SCANSTL,BE,04-Sep-2026,58.82,58.81,60.8,56.5,59.22,33610,19.61,154,,,2026-09-04
SCHAEFFLER,EQ,04-Sep-2026,3950.6,3950.0,4004.6,3871.7,3956.4,53652,2118.99,11259,27227.0,50.75,2026-09-04
SCHAND,EQ,04-Sep-2026,136.73,136.0,137.99,135.35,136.41,10647,14.51,418,7695.0,72.27,2026-09-04
SCHNEIDER,EQ,04-Sep-2026,1191.0,1198.0,1235.7,1192.2,1232.4,255402,3113.86,20576,129593.0,50.74,2026-09-04
SCI,EQ,04-Sep-2026,294.95,296.4,300.25,293.75,295.35,1792086,5316.15,25743,759570.0,42.38,2026-09-04
SCILAL,EQ,04-Sep-2026,40.02,40.1,40.1,39.7,39.77,196582,78.3,1416,143686.0,73.09,2026-09-04
SCML,SM,04-Sep-2026,83.2,84.0,84.1,74.0,81.0,14000,11.15,13,2000.0,14.29,2026-09-04
SCODATUBES,EQ,04-Sep-2026,134.95,134.8,136.59,131.2,135.02,215520,290.02,2686,112233.0,52.08,2026-09-04
SCPL,BE,04-Sep-2026,641.9,643.0,657.0,627.1,646.45,8409,54.15,184,,,2026-09-04
SDBL,EQ,04-Sep-2026,72.62,72.82,74.55,72.15,74.0,578202,425.72,3720,385481.0,66.67,2026-09-04
SEAMECLTD,EQ,04-Sep-2026,1786.6,1787.0,1804.0,1770.5,1793.6,130765,2341.43,10768,72496.0,55.44,2026-09-04
SECMARK,EQ,04-Sep-2026,148.46,148.46,150.0,144.4,144.4,1139,1.66,51,622.0,54.61,2026-09-04
SECURKLOUD,EQ,04-Sep-2026,17.41,17.58,17.8,16.98,17.01,24259,4.14,152,21689.0,89.41,2026-09-04
SEDEMAC,EQ,04-Sep-2026,2905.9,2916.2,2919.0,2800.0,2814.4,102621,2922.72,10840,58612.0,57.12,2026-09-04
SEIL,EQ,04-Sep-2026,202.34,202.1,202.34,198.5,200.76,440822,883.07,1777,360814.0,81.85,2026-09-04
SEJALLTD,EQ,04-Sep-2026,672.45,670.1,674.75,648.0,657.5,5519,36.6,539,3452.0,62.55,2026-09-04
SEKURITIND,EQ,04-Sep-2026,114.67,113.95,116.0,113.95,114.56,31358,36.08,368,24627.0,78.53,2026-09-04
SEL,SM,04-Sep-2026,305.0,312.5,320.25,307.0,317.95,4800,15.1,22,4000.0,83.33,2026-09-04
SELECTIPO,EQ,04-Sep-2026,48.72,48.7,48.96,48.58,48.65,61110,29.84,128,47334.0,77.46,2026-09-04
SELLOWRAP,SM,04-Sep-2026,66.5,67.5,67.5,67.5,67.5,1600,1.08,1,1600.0,100.0,2026-09-04
SELMC,EQ,04-Sep-2026,27.17,29.5,29.5,26.53,27.5,4456,1.23,82,3539.0,79.42,2026-09-04
SEMAC,EQ,04-Sep-2026,290.55,298.9,298.9,276.05,277.25,4531,12.61,135,3261.0,71.97,2026-09-04
SENCO,EQ,04-Sep-2026,349.05,349.85,362.8,349.85,358.65,1141834,4081.32,27979,395086.0,34.6,2026-09-04
SENORES,EQ,04-Sep-2026,1430.4,1442.8,1465.9,1420.0,1428.4,124425,1788.74,10741,45687.0,36.72,2026-09-04
SENSEXADD,EQ,04-Sep-2026,79.18,79.33,79.33,79.29,79.29,56,0.04,4,28.0,50.0,2026-09-04
SENSEXAXIS,EQ,04-Sep-2026,79.67,78.67,81.0,78.67,79.81,1362,1.09,52,679.0,49.85,2026-09-04
SENSEXBETA,EQ,04-Sep-2026,849.27,866.26,866.26,848.52,850.89,4022,34.17,78,3875.0,96.35,2026-09-04
SENSEXETF,EQ,04-Sep-2026,79.12,79.5,79.5,79.07,79.2,14854,11.77,163,8302.0,55.89,2026-09-04
SENSEXIETF,EQ,04-Sep-2026,881.95,903.99,903.99,881.95,884.24,28419,251.59,284,27138.0,95.49,2026-09-04
SEPC,EQ,04-Sep-2026,5.37,5.39,5.44,5.35,5.38,7339250,395.39,4047,3398732.0,46.31,2026-09-04
SERVICE,SM,04-Sep-2026,69.4,70.8,71.85,67.25,69.45,34000,23.49,17,12000.0,35.29,2026-09-04
SERVOTECH,EQ,04-Sep-2026,80.25,80.7,82.26,78.88,79.62,492370,392.6,4199,180920.0,36.74,2026-09-04
SESHAPAPER,EQ,04-Sep-2026,234.51,236.0,236.0,231.0,233.09,18854,43.82,479,12864.0,68.23,2026-09-04
SETCO,BE,04-Sep-2026,17.36,17.88,18.1,17.11,17.45,24126,4.21,165,,,2026-09-04
SETF10GILT,EQ,04-Sep-2026,263.85,264.0,264.49,263.01,263.1,7480,19.73,72,7405.0,99.0,2026-09-04
SETFGOLD,EQ,04-Sep-2026,130.22,133.47,133.47,130.75,131.22,4422415,5802.59,10708,2318080.0,52.42,2026-09-04
SETFNIF50,EQ,04-Sep-2026,257.33,259.9,259.9,257.33,258.08,561856,1450.25,3274,355989.0,63.36,2026-09-04
SETFNIFBK,EQ,04-Sep-2026,591.31,593.87,593.87,589.83,590.86,18450,109.14,604,9844.0,53.36,2026-09-04
SETFNN50,EQ,04-Sep-2026,783.6,787.52,799.0,781.73,785.05,80614,633.06,1956,68755.0,85.29,2026-09-04
SETL,EQ,04-Sep-2026,391.15,395.0,410.7,390.1,408.95,1430578,5800.75,18974,694379.0,48.54,2026-09-04
SETUINFRA,BZ,04-Sep-2026,0.55,0.57,0.57,0.57,0.57,46145,0.26,41,,,2026-09-04
SEYAIND,BE,04-Sep-2026,12.06,12.3,12.3,11.9,12.25,4895,0.59,45,,,2026-09-04
SFL,EQ,04-Sep-2026,644.9,647.0,650.2,642.1,646.8,59553,385.16,6360,30824.0,51.76,2026-09-04
SFML,SM,04-Sep-2026,22.0,21.8,21.8,21.5,21.5,24000,5.17,6,24000.0,100.0,2026-09-04
SGBAPR28I,GB,04-Sep-2026,15180.84,15275.0,15350.0,15251.0,15323.99,61,9.34,24,36.0,59.02,2026-09-04
SGBAUG27,GB,04-Sep-2026,15105.26,15151.0,15288.98,15151.0,15241.31,57,8.67,28,48.0,84.21,2026-09-04
SGBAUG28V,GB,04-Sep-2026,15112.39,15152.0,15279.0,15136.57,15228.56,530,80.63,133,371.0,70.0,2026-09-04
SGBAUG29V,GB,04-Sep-2026,15237.2,15255.55,15350.0,15255.55,15313.8,51,7.81,23,34.0,66.67,2026-09-04
SGBAUG30,GB,04-Sep-2026,15281.42,15308.01,15575.0,15308.01,15470.42,268,41.43,75,159.0,59.33,2026-09-04
SGBD29VIII,GB,04-Sep-2026,15239.92,15260.0,15379.99,15201.0,15345.0,104,15.9,33,87.0,83.65,2026-09-04
SGBDC27VII,GB,04-Sep-2026,15150.0,15125.11,15270.0,15125.11,15225.0,18,2.74,9,15.0,83.33,2026-09-04
SGBDE30III,GB,04-Sep-2026,15362.96,15365.01,15450.0,15365.01,15413.38,180,27.77,38,152.0,84.44,2026-09-04
SGBDE31III,GB,04-Sep-2026,15542.74,15556.56,15688.4,15556.56,15626.86,1138,177.69,177,839.0,73.73,2026-09-04
SGBDEC26,GB,04-Sep-2026,15150.0,15200.0,15275.0,15175.0,15175.0,9,1.37,7,8.0,88.89,2026-09-04
SGBFEB27,GB,04-Sep-2026,14849.0,15200.0,15200.0,15200.0,15200.0,4,0.61,4,4.0,100.0,2026-09-04
SGBFEB29XI,GB,04-Sep-2026,15093.5,15200.0,15345.0,15155.01,15241.55,193,29.41,59,144.0,74.61,2026-09-04
SGBFEB32IV,GB,04-Sep-2026,15742.54,15806.56,15849.97,15736.0,15787.91,1206,190.46,238,840.0,69.65,2026-09-04
SGBJ28VIII,GB,04-Sep-2026,15099.9,15299.99,15299.99,15299.99,15299.99,1,0.15,1,1.0,100.0,2026-09-04
SGBJAN27,GB,04-Sep-2026,14950.0,15105.11,15249.0,15105.11,15248.0,9,1.37,4,5.0,55.56,2026-09-04
SGBJAN29IX,GB,04-Sep-2026,15111.99,15185.5,15266.55,15155.11,15227.5,53,8.07,19,38.0,71.7,2026-09-04
SGBJAN29X,GB,04-Sep-2026,15108.22,15200.51,15250.0,15198.14,15245.0,267,40.71,22,228.0,85.39,2026-09-04
SGBJAN30IX,GB,04-Sep-2026,15160.71,15340.0,15379.02,15211.0,15242.2,224,34.24,58,188.0,83.93,2026-09-04
SGBJU29III,GB,04-Sep-2026,15120.0,15205.0,15300.0,15202.0,15293.8,120,18.3,30,77.0,64.17,2026-09-04
SGBJUL28IV,GB,04-Sep-2026,15116.01,15155.01,15279.5,15155.01,15249.78,253,38.48,53,195.0,77.08,2026-09-04
SGBJUL29IV,GB,04-Sep-2026,15127.94,15170.0,15300.0,15170.0,15264.25,120,18.32,24,94.0,78.33,2026-09-04
SGBJUN27,GB,04-Sep-2026,14950.0,15299.97,15299.97,15298.99,15298.99,4,0.61,3,4.0,100.0,2026-09-04
SGBJUN28,GB,04-Sep-2026,15131.45,15186.73,15270.0,15155.02,15233.75,40,6.1,12,35.0,87.5,2026-09-04
SGBJUN29II,GB,04-Sep-2026,15135.0,15175.0,15299.99,15175.0,15231.01,73,11.16,8,69.0,94.52,2026-09-04
SGBJUN30,GB,04-Sep-2026,15287.44,15511.0,15511.0,15400.0,15449.0,49,7.57,10,30.0,61.22,2026-09-04
SGBJUN31I,GB,04-Sep-2026,15379.14,15500.0,15535.0,15450.05,15505.82,145,22.46,53,112.0,77.24,2026-09-04
SGBMAR28X,GB,04-Sep-2026,15160.0,15274.17,15300.57,15255.01,15257.0,44,6.72,21,39.0,88.64,2026-09-04
SGBMAR30X,GB,04-Sep-2026,15318.46,15350.0,15450.0,15300.0,15425.0,116,17.82,27,64.0,55.17,2026-09-04
SGBMAR31IV,GB,04-Sep-2026,15413.07,15436.57,15639.83,15436.57,15520.32,114,17.7,46,67.0,58.77,2026-09-04
SGBMAY28,GB,04-Sep-2026,15123.33,15259.99,15280.0,15200.04,15260.0,59,9.0,12,52.0,88.14,2026-09-04
SGBMAY29I,GB,04-Sep-2026,15136.47,15211.01,15299.0,15211.01,15295.42,459,70.08,51,376.0,81.92,2026-09-04
SGBMR29XII,GB,04-Sep-2026,15142.5,15261.27,15325.0,15211.01,15244.6,148,22.59,52,103.0,69.59,2026-09-04
SGBN28VIII,GB,04-Sep-2026,15176.0,15242.0,15300.0,15235.0,15261.04,41,6.26,14,19.0,46.34,2026-09-04
SGBNV29VII,GB,04-Sep-2026,15158.0,15250.0,15344.0,15250.0,15300.0,169,25.84,20,164.0,97.04,2026-09-04
SGBOC28VII,GB,04-Sep-2026,15185.0,15250.02,15340.0,15250.02,15320.2,123,18.79,29,107.0,86.99,2026-09-04
SGBOCT27,GB,04-Sep-2026,14962.0,15250.0,15300.0,15250.0,15300.0,6,0.92,3,6.0,100.0,2026-09-04
SGBSEP27,GB,04-Sep-2026,15251.0,15350.01,15350.01,15350.01,15350.01,27,4.14,1,27.0,100.0,2026-09-04
SGBSEP28VI,GB,04-Sep-2026,15159.8,15261.89,15300.02,15200.0,15300.0,384,58.61,88,241.0,62.76,2026-09-04
SGBSEP29VI,GB,04-Sep-2026,15352.09,15303.2,15350.01,15152.0,15246.68,221,33.72,71,121.0,54.75,2026-09-04
SGBSEP31II,GB,04-Sep-2026,15509.43,15555.01,15674.0,15555.01,15620.76,338,52.75,89,279.0,82.54,2026-09-04
SGFIN,EQ,04-Sep-2026,676.8,682.5,682.5,655.9,675.7,164000,1106.74,5875,87159.0,53.15,2026-09-04
SGIL,EQ,04-Sep-2026,603.8,612.85,612.85,600.0,606.2,4698,28.34,275,3814.0,81.18,2026-09-04
SGL,EQ,04-Sep-2026,10.26,10.31,10.31,9.93,10.05,2432,0.25,59,2167.0,89.1,2026-09-04
SGLRES,EQ,04-Sep-2026,2.39,2.5,2.5,2.32,2.41,58369,1.4,131,39848.0,68.27,2026-09-04
SGMART,EQ,04-Sep-2026,815.85,822.0,834.05,815.55,824.75,114546,943.11,6666,49094.0,42.86,2026-09-04
SGRL,EQ,04-Sep-2026,684.1,684.0,717.0,684.0,708.55,22022,154.51,1184,15451.0,70.16,2026-09-04
SHADOWFAX,EQ,04-Sep-2026,259.9,260.9,262.3,256.25,259.55,1649661,4280.88,18502,853648.0,51.75,2026-09-04
SHAH,EQ,04-Sep-2026,3.49,3.53,3.6,3.45,3.51,1297179,45.63,827,828143.0,63.84,2026-09-04
SHAHALLOYS,BE,04-Sep-2026,106.84,102.15,106.0,101.5,101.5,140569,144.22,348,,,2026-09-04
SHAILY,EQ,04-Sep-2026,3267.1,3265.0,3310.0,3240.0,3278.3,77257,2529.93,12260,37805.0,48.93,2026-09-04
SHAKTIPUMP,EQ,04-Sep-2026,472.2,475.0,482.8,470.8,473.0,419668,1994.14,15452,171715.0,40.92,2026-09-04
SHALBY,EQ,04-Sep-2026,152.64,152.65,154.49,152.0,152.71,31700,48.55,983,18438.0,58.16,2026-09-04
SHALPAINTS,BE,04-Sep-2026,81.55,85.6,85.62,85.0,85.47,141870,121.43,488,,,2026-09-04
SHANKARA,EQ,04-Sep-2026,147.09,147.01,148.99,147.01,148.18,46914,69.27,563,32931.0,70.19,2026-09-04
SHANKESH,EQ,04-Sep-2026,97.4,97.35,103.45,97.0,98.92,8474688,8545.07,48883,2050499.0,24.2,2026-09-04
SHANTI,EQ,04-Sep-2026,6.31,6.31,6.57,6.11,6.25,24947,1.58,91,16209.0,64.97,2026-09-04
SHANTIGEAR,EQ,04-Sep-2026,582.8,600.0,637.45,586.85,621.75,1612281,10015.33,42943,267813.0,16.61,2026-09-04
SHANTIGOLD,EQ,04-Sep-2026,245.05,247.01,259.48,246.0,256.34,2489253,6349.7,32519,895751.0,35.98,2026-09-04
SHARDACROP,EQ,04-Sep-2026,772.75,771.65,780.5,765.0,768.35,105369,813.57,7338,56437.0,53.56,2026-09-04
SHARDAMOTR,EQ,04-Sep-2026,877.9,879.05,885.45,872.6,881.95,27320,240.14,3219,15817.0,57.9,2026-09-04
SHARDUL,BE,04-Sep-2026,53.77,53.77,56.4,53.15,54.49,10278,5.55,59,,,2026-09-04
SHAREINDIA,EQ,04-Sep-2026,169.27,171.06,172.75,170.1,170.5,316097,539.79,1853,212212.0,67.14,2026-09-04
SHARIABEES,EQ,04-Sep-2026,453.44,458.12,458.12,451.93,452.84,25560,115.68,507,20319.0,79.5,2026-09-04
SHBAJRG,EQ,04-Sep-2026,160.83,161.05,165.0,160.02,160.67,2205,3.59,89,1531.0,69.43,2026-09-04
SHEEL,ST,04-Sep-2026,64.5,63.0,63.0,61.6,61.6,6000,3.72,3,4000.0,66.67,2026-09-04
SHEETAL,SM,04-Sep-2026,348.0,348.1,348.1,348.1,348.1,500,1.74,1,500.0,100.0,2026-09-04
SHEKHAWATI,BE,04-Sep-2026,15.25,15.24,15.7,14.72,15.52,26781,4.12,116,,,2026-09-04
SHEMAROO,BE,04-Sep-2026,125.74,124.01,127.5,124.01,126.61,3580,4.52,27,,,2026-09-04
SHERA,SM,04-Sep-2026,182.4,183.1,186.8,181.9,182.3,34000,62.46,34,28000.0,82.35,2026-09-04
SHERVANI,EQ,04-Sep-2026,315.05,316.0,319.95,315.05,315.1,78,0.25,7,77.0,98.72,2026-09-04
SHETHJI,SM,04-Sep-2026,190.25,190.6,208.95,190.6,195.95,72000,139.01,28,63000.0,87.5,2026-09-04
SHIGAN,SM,04-Sep-2026,73.95,74.0,74.0,71.1,71.1,9000,6.51,6,7500.0,83.33,2026-09-04
SHILCTECH,EQ,04-Sep-2026,4041.6,4045.2,4104.5,4023.5,4065.3,17962,732.33,3766,10306.0,57.38,2026-09-04
SHILGRAVQ,EQ,04-Sep-2026,150.42,149.42,151.0,143.0,144.8,9295,13.61,225,7090.0,76.28,2026-09-04
SHILPAMED,EQ,04-Sep-2026,956.15,956.15,973.9,946.2,964.15,652726,6290.31,24194,247704.0,37.95,2026-09-04
SHINDL,EQ,04-Sep-2026,159.35,159.07,163.0,156.2,162.42,220380,354.89,881,18842.0,8.55,2026-09-04
SHIPROCKET,EQ,04-Sep-2026,135.89,137.19,138.2,134.21,135.92,4989875,6787.55,27339,1144889.0,22.94,2026-09-04
SHIVAAGRO,EQ,04-Sep-2026,42.9,41.7,41.7,40.25,41.39,4883,2.01,24,4865.0,99.63,2026-09-04
SHIVACEM,EQ,04-Sep-2026,15.7,16.09,16.89,15.4,15.97,55679,8.93,302,39248.0,70.49,2026-09-04
SHIVALIK,BE,04-Sep-2026,313.4,313.4,329.05,313.4,327.4,46428,152.39,576,,,2026-09-04
SHIVAMAUTO,EQ,04-Sep-2026,17.8,18.4,18.4,17.32,18.01,77913,14.04,187,51979.0,66.71,2026-09-04
SHIVAMILLS,EQ,04-Sep-2026,61.58,59.0,62.0,59.0,60.5,438,0.27,25,411.0,93.84,2026-09-04
SHIVASHRIT,SM,04-Sep-2026,120.95,120.95,123.5,120.0,120.0,34000,41.14,6,30000.0,88.24,2026-09-04
SHIVATEX,EQ,04-Sep-2026,182.22,185.25,187.49,181.11,182.86,15793,29.07,196,8800.0,55.72,2026-09-04
SHIVAUM,EQ,04-Sep-2026,450.0,449.9,455.0,448.0,448.05,1042,4.7,57,425.0,40.79,2026-09-04
SHK,EQ,04-Sep-2026,150.14,150.4,153.58,149.11,150.87,432026,655.43,6066,203038.0,47.0,2026-09-04
SHKSIL,SM,04-Sep-2026,34.25,35.0,35.5,32.95,34.0,32000,10.87,14,22000.0,68.75,2026-09-04
SHOPERSTOP,EQ,04-Sep-2026,391.45,391.45,394.95,381.0,381.75,14069,54.46,1118,5984.0,42.53,2026-09-04
SHRADDHA,EQ,04-Sep-2026,152.78,157.49,159.8,153.21,156.48,3120,4.89,131,2108.0,67.56,2026-09-04
SHRADHA,EQ,04-Sep-2026,31.9,31.9,32.0,31.15,31.48,16176,5.09,127,14059.0,86.91,2026-09-04
SHREDIGCEM,EQ,04-Sep-2026,74.28,74.28,74.79,72.98,74.44,189709,140.22,1590,115266.0,60.76,2026-09-04
SHREECEM,EQ,04-Sep-2026,23910.0,23850.0,24140.0,23780.0,23855.0,15350,3680.39,6995,8408.0,54.78,2026-09-04
SHREEDHAR,ST,04-Sep-2026,112.55,108.55,115.0,108.5,114.3,20000,22.16,8,16000.0,80.0,2026-09-04
SHREEJISPG,EQ,04-Sep-2026,664.25,670.65,684.0,657.3,680.15,2336669,15606.91,21704,917789.0,39.28,2026-09-04
SHREEKARNI,SM,04-Sep-2026,386.65,382.0,383.5,372.0,380.2,4050,15.31,23,2550.0,62.96,2026-09-04
SHREEOSFM,SM,04-Sep-2026,55.95,56.4,56.5,56.4,56.5,2000,1.13,2,2000.0,100.0,2026-09-04
SHREEPUSHK,EQ,04-Sep-2026,477.45,482.2,483.0,465.0,475.25,50352,239.35,2458,22847.0,45.37,2026-09-04
SHREERAMA,EQ,04-Sep-2026,44.52,43.82,45.29,43.82,44.12,51339,22.79,675,32043.0,62.41,2026-09-04
SHREMINVIT,IV,04-Sep-2026,100.5,100.5,100.5,100.5,100.5,575000,577.88,2,575000.0,100.0,2026-09-04
SHRENIK,BZ,04-Sep-2026,0.29,0.29,0.3,0.28,0.29,346855,1.02,157,,,2026-09-04
SHREYANIND,EQ,04-Sep-2026,129.3,130.0,130.7,126.9,128.93,6128,7.9,114,5196.0,84.79,2026-09-04
SHRIAHIMSA,ST,04-Sep-2026,473.1,480.0,488.0,458.0,485.5,12000,57.0,20,9000.0,75.0,2026-09-04
SHRIKANHA,SM,04-Sep-2026,21.7,21.2,21.2,20.85,20.85,11200,2.35,6,9600.0,85.71,2026-09-04
SHRIKRISH,EQ,04-Sep-2026,38.85,41.0,41.0,39.0,39.79,1225,0.5,34,941.0,76.82,2026-09-04
SHRINGARMS,EQ,04-Sep-2026,217.28,218.35,222.7,216.51,217.91,255200,561.51,1689,68618.0,26.89,2026-09-04
SHRIPISTON,EQ,04-Sep-2026,4551.3,4551.3,4568.9,4420.0,4536.9,68512,3078.07,13669,33135.0,48.36,2026-09-04
SHRIRAMFIN,EQ,04-Sep-2026,1044.2,1044.2,1052.8,1037.0,1041.0,4135730,43116.71,60483,3039100.0,73.48,2026-09-04
SHRIRAMPPS,EQ,04-Sep-2026,75.68,76.8,77.28,76.02,76.9,248858,191.0,2731,151876.0,61.03,2026-09-04
SHRJAGP,EQ,04-Sep-2026,621.3,621.3,636.0,600.05,625.65,782,4.85,89,520.0,66.5,2026-09-04
SHUBHSHREE,SM,04-Sep-2026,352.0,352.0,352.0,335.0,349.95,2100,7.31,3,2100.0,100.0,2026-09-04
SHUKRAPHAR,EQ,04-Sep-2026,51.93,53.39,55.54,51.66,51.93,4036493,2151.96,13652,1533308.0,37.99,2026-09-04
SHYAMCENT,BE,04-Sep-2026,4.96,4.94,5.05,4.91,5.03,164214,8.21,170,,,2026-09-04
SHYAMDHANI,ST,04-Sep-2026,54.0,52.7,52.7,52.7,52.7,2000,1.05,1,2000.0,100.0,2026-09-04
SHYAMMETL,EQ,04-Sep-2026,1076.4,1079.9,1087.3,1058.6,1065.3,199343,2143.64,10777,112665.0,56.52,2026-09-04
SHYAMTEL,EQ,04-Sep-2026,11.42,11.25,11.93,11.06,11.6,2583,0.29,44,2425.0,93.88,2026-09-04
SICAGEN,EQ,04-Sep-2026,58.65,59.45,59.45,57.93,58.28,18933,11.05,258,12548.0,66.28,2026-09-04
SICALLOG,BE,04-Sep-2026,108.88,106.96,109.99,103.85,107.33,108364,115.7,405,,,2026-09-04
SIDDHICOTS,SM,04-Sep-2026,26.6,27.6,27.6,26.95,27.05,6000,1.63,5,4800.0,80.0,2026-09-04
SIDDHIKA,SM,04-Sep-2026,223.0,223.0,225.0,223.0,225.0,2500,5.61,5,2500.0,100.0,2026-09-04
SIEL,EQ,04-Sep-2026,30.89,32.0,32.0,30.88,31.9,748,0.24,10,748.0,100.0,2026-09-04
SIEMENS,EQ,04-Sep-2026,4030.0,4042.0,4042.0,3974.1,3977.0,177116,7089.42,15570,83360.0,47.07,2026-09-04
SIGACHI,EQ,04-Sep-2026,32.55,32.55,35.6,32.31,34.74,9215095,3177.43,27794,2782930.0,30.2,2026-09-04
SIGIND,BE,04-Sep-2026,71.14,72.45,72.45,69.01,70.37,3242,2.27,56,,,2026-09-04
SIGMA,EQ,04-Sep-2026,47.42,48.0,48.22,45.77,46.66,132618,62.09,1386,75620.0,57.02,2026-09-04
SIGMAADV,BE,04-Sep-2026,754.8,754.8,779.9,752.55,762.4,118525,910.31,2501,,,2026-09-04
SIGNATURE,EQ,04-Sep-2026,794.2,795.0,809.9,783.0,796.55,239499,1897.04,9471,26136.0,10.91,2026-09-04
SIGNPOST,EQ,04-Sep-2026,245.45,245.7,250.8,243.0,244.25,56184,138.05,1952,35720.0,63.58,2026-09-04
SIKA,EQ,04-Sep-2026,974.75,974.0,1013.7,974.0,996.1,31520,315.84,2347,15804.0,50.14,2026-09-04
SIKKO,BE,04-Sep-2026,5.33,5.3,5.45,5.19,5.41,228858,12.22,423,,,2026-09-04
SIL,EQ,04-Sep-2026,19.52,19.91,19.91,19.22,19.59,66127,12.91,440,38975.0,58.94,2026-09-04
SILGO,EQ,04-Sep-2026,71.16,71.45,71.71,67.3,69.97,113233,80.55,673,8854.0,7.82,2026-09-04
SILINV,EQ,04-Sep-2026,487.5,484.9,491.9,470.0,478.8,2201,10.52,133,1599.0,72.65,2026-09-04
SILKFLEX,SM,04-Sep-2026,274.6,288.3,288.3,283.0,288.3,60000,172.29,57,41000.0,68.33,2026-09-04
SILKY,SM,04-Sep-2026,69.95,68.5,71.95,68.5,71.95,3200,2.23,4,3200.0,100.0,2026-09-04
SILLYMONKS,EQ,04-Sep-2026,16.24,15.6,16.49,15.6,16.19,2494,0.4,83,1883.0,75.5,2026-09-04
SILVER,EQ,04-Sep-2026,229.64,230.51,233.49,230.51,232.64,770617,1792.09,6547,248985.0,32.31,2026-09-04
SILVER001,EQ,04-Sep-2026,23.25,23.72,23.83,23.26,23.54,14165,3.33,62,11956.0,84.41,2026-09-04
SILVER1,EQ,04-Sep-2026,22.28,22.4,22.77,22.4,22.6,5918854,1336.22,5053,2424338.0,40.96,2026-09-04
SILVER360,EQ,04-Sep-2026,226.38,227.4,229.69,227.4,229.11,14214,32.54,265,9273.0,65.24,2026-09-04
SILVERADD,EQ,04-Sep-2026,22.19,22.36,22.57,22.31,22.44,2849876,639.8,5395,1073642.0,37.67,2026-09-04
SILVERAG,EQ,04-Sep-2026,224.43,229.69,229.69,225.34,227.02,122655,278.17,2180,66187.0,53.96,2026-09-04
SILVERAXIS,EQ,04-Sep-2026,228.73,230.02,232.5,230.02,231.46,144700,334.98,1362,51604.0,35.66,2026-09-04
SILVERBEES,EQ,04-Sep-2026,219.88,222.12,223.74,221.25,222.78,16085668,35807.89,52588,6890920.0,42.84,2026-09-04
SILVERBETA,EQ,04-Sep-2026,221.96,223.12,225.86,223.12,224.83,288687,648.97,2092,84218.0,29.17,2026-09-04
SILVERBND,EQ,04-Sep-2026,230.37,233.1,234.35,232.14,233.61,13449,31.42,530,12328.0,91.66,2026-09-04
SILVERCASE,EQ,04-Sep-2026,23.3,23.3,23.88,23.3,23.61,5606876,1323.8,5687,2018063.0,35.99,2026-09-04
SILVERIETF,EQ,04-Sep-2026,229.94,232.88,233.46,230.51,232.48,2490162,5786.74,13707,958803.0,38.5,2026-09-04
SILVERTUC,EQ,04-Sep-2026,169.72,169.38,170.4,166.68,167.97,373676,627.42,5889,113721.0,30.43,2026-09-04
SIMBHALS,BZ,04-Sep-2026,7.95,7.8,7.8,7.8,7.8,3573,0.28,13,,,2026-09-04
SIMCA,ST,04-Sep-2026,257.65,258.6,260.0,258.0,260.0,3000,7.77,5,2400.0,80.0,2026-09-04
SIMPLEXINF,EQ,04-Sep-2026,266.95,270.0,274.0,264.35,270.5,96034,258.61,1677,64353.0,67.01,2026-09-04
SIMPLXREA,EQ,04-Sep-2026,139.5,143.98,143.98,142.99,142.99,12,0.02,3,12.0,100.0,2026-09-04
SINCLAIR,EQ,04-Sep-2026,83.85,84.0,84.75,82.6,83.5,26997,22.62,424,20361.0,75.42,2026-09-04
SINDHUTRAD,EQ,04-Sep-2026,23.95,24.15,25.9,23.91,25.28,11832177,2998.82,16007,2197821.0,18.57,2026-09-04
SINGERIND,EQ,04-Sep-2026,75.88,76.63,81.99,75.12,76.98,170692,133.78,2126,69660.0,40.81,2026-09-04
SINTERCOM,EQ,04-Sep-2026,79.61,81.2,90.0,79.62,80.8,10325,8.54,139,6547.0,63.41,2026-09-04
SIRCA,EQ,04-Sep-2026,440.4,440.5,443.0,437.0,439.25,156696,689.54,2401,74331.0,47.44,2026-09-04
SIS,EQ,04-Sep-2026,435.85,435.85,436.65,428.05,430.95,390191,1686.87,10574,130167.0,33.36,2026-09-04
SITINET,BZ,04-Sep-2026,0.29,0.3,0.3,0.29,0.29,228821,0.67,161,,,2026-09-04
SIYSIL,EQ,04-Sep-2026,558.65,558.65,558.9,549.95,552.65,28594,158.2,2091,16210.0,56.69,2026-09-04
SJLOGISTIC,SM,04-Sep-2026,315.2,315.0,317.95,312.1,315.7,32000,100.85,82,27000.0,84.38,2026-09-04
SJS,EQ,04-Sep-2026,2411.1,2411.1,2411.1,2285.0,2306.1,229418,5361.81,24799,116444.0,50.76,2026-09-04
SJVN,EQ,04-Sep-2026,64.98,65.05,65.55,64.75,65.23,1260938,819.61,10831,685748.0,54.38,2026-09-04
SKFINDIA,EQ,04-Sep-2026,1540.6,1533.0,1563.9,1533.0,1553.2,91130,1415.56,6442,75607.0,82.97,2026-09-04
SKFINDUS,EQ,04-Sep-2026,3062.8,3070.0,3081.9,2981.0,3002.5,33944,1031.7,9035,20521.0,60.46,2026-09-04
SKIPPER,EQ,04-Sep-2026,546.9,538.15,609.0,533.75,591.1,10118419,59701.06,190678,2025158.0,20.01,2026-09-04
SKMEGGPROD,EQ,04-Sep-2026,262.4,261.8,263.45,255.7,257.1,242481,629.99,4760,138689.0,57.2,2026-09-04
SKP,SM,04-Sep-2026,146.6,147.1,152.5,146.85,151.5,46500,69.61,54,16500.0,35.48,2026-09-04
SKYGOLD,EQ,04-Sep-2026,742.0,742.0,788.0,733.0,781.45,1069790,8112.62,32306,482888.0,45.14,2026-09-04
SKYTECH,SM,04-Sep-2026,44.5,40.05,40.05,40.05,40.05,32000,12.82,15,32000.0,100.0,2026-09-04
SKYWAYS,EQ,04-Sep-2026,130.06,131.5,133.65,120.1,122.72,8338807,10755.34,45579,3201149.0,38.39,2026-09-04
SLONE,ST,04-Sep-2026,179.85,187.65,188.8,180.0,187.0,29600,54.22,40,29200.0,98.65,2026-09-04
SMALL250,EQ,04-Sep-2026,18.51,18.75,18.75,18.51,18.54,194876,36.18,593,131715.0,67.59,2026-09-04
SMALLADD,EQ,04-Sep-2026,18.56,18.66,18.7,18.49,18.53,67956,12.68,114,46668.0,68.67,2026-09-04
SMALLCAP,EQ,04-Sep-2026,49.06,49.25,49.4,47.73,48.9,3500382,1717.24,3340,2427208.0,69.34,2026-09-04
SMALLGROWW,EQ,04-Sep-2026,48.96,39.41,49.79,39.41,49.06,6170,3.02,93,3918.0,63.5,2026-09-04
SMALLIETF,EQ,04-Sep-2026,18.54,18.89,19.0,18.45,18.57,65128,12.11,138,33289.0,51.11,2026-09-04
SMARTEN,ST,04-Sep-2026,54.85,54.85,54.85,54.85,54.85,1200,0.66,1,1200.0,100.0,2026-09-04
SMARTLINK,BE,04-Sep-2026,212.72,213.0,215.2,206.8,213.81,4055,8.58,60,,,2026-09-04
SMARTWORKS,EQ,04-Sep-2026,531.4,536.7,548.8,535.25,541.5,44075,239.55,2063,24461.0,55.5,2026-09-04
SMCGLOBAL,EQ,04-Sep-2026,79.42,79.99,81.9,79.0,81.25,865274,698.19,3326,411059.0,47.51,2026-09-04
SML100CASE,EQ,04-Sep-2026,11.41,11.49,11.5,11.4,11.43,2300711,263.31,1744,1448863.0,62.97,2026-09-04
SMLMAH,EQ,04-Sep-2026,5726.0,5725.0,6298.5,5719.5,6298.5,427607,26031.5,63893,109862.0,25.69,2026-09-04
SMLT,EQ,04-Sep-2026,64.59,65.8,70.0,63.12,65.59,7074,4.58,193,4070.0,57.53,2026-09-04
SMSPHARMA,EQ,04-Sep-2026,374.15,374.0,398.4,373.0,392.5,473075,1842.07,11260,191678.0,40.52,2026-09-04
SNEHAA,SM,04-Sep-2026,46.0,47.0,49.5,47.0,47.0,6000,2.88,6,5000.0,83.33,2026-09-04
SNOWMAN,EQ,04-Sep-2026,36.41,36.5,37.0,36.3,36.85,75311,27.6,935,42541.0,56.49,2026-09-04
SNXT30BEES,EQ,04-Sep-2026,42.43,42.76,42.76,42.42,42.58,8325,3.54,54,8266.0,99.29,2026-09-04
SNXT50BETA,EQ,04-Sep-2026,95.56,96.31,96.58,94.5,94.98,727,0.7,81,475.0,65.34,2026-09-04
SOBHA,EQ,04-Sep-2026,1259.1,1273.3,1276.6,1243.1,1263.8,74200,933.67,7278,34695.0,46.76,2026-09-04
SOCL,SM,04-Sep-2026,29.0,29.0,29.6,29.0,29.5,11200,3.28,7,11200.0,100.0,2026-09-04
SOFTTECH,EQ,04-Sep-2026,421.8,421.9,425.0,414.4,423.15,2760,11.65,45,2175.0,78.8,2026-09-04
SOLARA,EQ,04-Sep-2026,629.85,628.0,652.0,619.0,639.15,396998,2527.17,13734,170356.0,42.91,2026-09-04
SOLARINDS,EQ,04-Sep-2026,21500.0,21500.0,21695.0,21345.0,21445.0,127515,27448.75,25107,51177.0,40.13,2026-09-04
SOLARWORLD,EQ,04-Sep-2026,149.76,150.99,153.23,148.2,149.32,219235,329.45,3713,103612.0,47.26,2026-09-04
SOLEX,EQ,04-Sep-2026,728.95,734.8,761.0,720.0,725.3,113401,835.05,7475,30462.0,26.86,2026-09-04
SOMANYCERA,EQ,04-Sep-2026,569.5,573.0,573.6,552.55,557.35,78257,439.5,3662,45564.0,58.22,2026-09-04
SOMATEX,EQ,04-Sep-2026,92.75,96.74,97.38,88.25,90.22,33507,31.18,544,16372.0,48.86,2026-09-04
SOMICONVEY,EQ,04-Sep-2026,92.21,95.0,95.0,90.56,91.33,8738,7.99,240,5365.0,61.4,2026-09-04
SONACOMS,EQ,04-Sep-2026,800.0,800.0,805.5,783.2,789.0,816762,6463.56,23333,406854.0,49.81,2026-09-04
SONAL,EQ,04-Sep-2026,88.99,88.98,88.98,88.9,88.98,5,0.0,4,3.0,60.0,2026-09-04
SONAMAC,SM,04-Sep-2026,34.1,35.8,35.8,33.0,33.0,7000,2.37,7,4000.0,57.14,2026-09-04
SONAMLTD,BE,04-Sep-2026,67.87,70.0,70.0,65.49,65.84,39654,26.8,373,,,2026-09-04
SONATSOFTW,EQ,04-Sep-2026,284.0,286.25,291.05,282.15,285.25,830434,2368.73,15627,321890.0,38.76,2026-09-04
SONUINFRA,ST,04-Sep-2026,42.35,44.45,44.45,44.3,44.45,69000,30.63,30,69000.0,100.0,2026-09-04
SOTL,EQ,04-Sep-2026,737.35,743.0,744.95,731.15,740.75,273612,2017.13,12976,76064.0,27.8,2026-09-04
SOUTHBANK,EQ,04-Sep-2026,47.7,47.95,48.44,47.14,47.29,8819050,4204.19,26264,3875913.0,43.95,2026-09-04
SOUTHWEST,EQ,04-Sep-2026,213.12,211.25,220.0,211.25,212.92,139283,300.15,2892,83956.0,60.28,2026-09-04
SPAL,EQ,04-Sep-2026,1062.8,1062.8,1077.0,1025.0,1071.1,64434,676.75,6330,29639.0,46.0,2026-09-04
SPANDANA,EQ,04-Sep-2026,236.52,238.29,242.0,238.29,239.81,79485,190.5,2229,40306.0,50.71,2026-09-04
SPARC,EQ,04-Sep-2026,202.54,202.5,203.19,199.0,199.47,588034,1179.08,9746,274487.0,46.68,2026-09-04
SPCENET,EQ,04-Sep-2026,3.24,3.35,3.53,3.3,3.41,1308892,45.12,858,1079721.0,82.49,2026-09-04
SPCL,SM,04-Sep-2026,61.2,61.3,62.95,61.0,62.6,22200,13.72,29,18000.0,81.08,2026-09-04
SPEB,SM,04-Sep-2026,94.5,95.0,95.0,95.0,95.0,2000,1.9,1,2000.0,100.0,2026-09-04
SPECIALITY,BE,04-Sep-2026,135.67,137.0,140.99,135.21,139.59,16598,22.84,160,,,2026-09-04
SPECTRUM,BE,04-Sep-2026,2255.7,2360.0,2368.4,2256.0,2368.4,14242,334.69,621,,,2026-09-04
SPECTSTM,SM,04-Sep-2026,56.0,56.0,56.0,56.0,56.0,800,0.45,1,800.0,100.0,2026-09-04
SPELS,EQ,04-Sep-2026,148.61,150.5,150.5,148.0,149.38,17175,25.63,797,9691.0,56.43,2026-09-04
SPENCERS,EQ,04-Sep-2026,28.57,29.4,29.4,28.12,28.5,24318,7.01,293,17974.0,73.91,2026-09-04
SPIC,EQ,04-Sep-2026,71.13,71.15,72.99,71.0,71.28,648651,466.2,4349,357838.0,55.17,2026-09-04
SPLIL,EQ,04-Sep-2026,30.97,31.4,32.5,29.97,30.39,20970,6.39,148,12507.0,59.64,2026-09-04
SPLPETRO,EQ,04-Sep-2026,725.8,725.0,783.0,724.95,771.05,1726190,13278.67,53198,341819.0,19.8,2026-09-04
SPMLINFRA,EQ,04-Sep-2026,173.31,173.6,183.58,172.38,181.41,407685,732.92,6363,136111.0,33.39,2026-09-04
SPORTKING,EQ,04-Sep-2026,230.6,232.0,233.99,225.4,229.22,266293,611.25,5971,136512.0,51.26,2026-09-04
SPRL,SM,04-Sep-2026,102.5,102.5,102.5,102.5,102.5,800,0.82,1,800.0,100.0,2026-09-04
SPUNWEB,SM,04-Sep-2026,101.1,105.0,106.0,101.1,102.9,33600,34.95,21,28800.0,85.71,2026-09-04
SRD,EQ,04-Sep-2026,39.66,39.66,40.19,39.27,39.33,26155,10.38,196,19583.0,74.87,2026-09-04
SREEL,EQ,04-Sep-2026,258.96,259.0,268.8,259.0,265.52,21434,56.68,655,15687.0,73.19,2026-09-04
SRF,EQ,04-Sep-2026,2617.0,2631.1,2631.1,2532.2,2547.0,352418,9019.47,33775,140687.0,39.92,2026-09-04
SRGHFL,EQ,04-Sep-2026,249.7,249.7,261.0,241.0,245.45,3956,9.68,114,2260.0,57.13,2026-09-04
SRHHYPOLTD,EQ,04-Sep-2026,508.9,512.95,542.0,507.1,531.05,49199,260.99,3306,22468.0,45.67,2026-09-04
SRIKPRIND,EQ,04-Sep-2026,33.46,36.8,36.8,31.11,33.38,388915,132.68,3208,160353.0,41.23,2026-09-04
SRIVASAVI,ST,04-Sep-2026,76.65,78.0,79.0,78.0,79.0,3000,2.36,3,3000.0,100.0,2026-09-04
SRM,EQ,04-Sep-2026,470.3,475.0,483.6,457.95,462.35,129358,606.03,3278,63692.0,49.24,2026-09-04
SRTL,EQ,04-Sep-2026,36.72,36.72,37.85,36.5,37.71,29437,10.98,452,22471.0,76.34,2026-09-04
SSDL,EQ,04-Sep-2026,55.92,55.92,57.78,55.51,56.69,14090,8.0,691,7644.0,54.25,2026-09-04
SSEGL,SM,04-Sep-2026,402.25,400.0,405.95,393.1,400.6,24400,97.78,75,21800.0,89.34,2026-09-04
SSFL,ST,04-Sep-2026,265.65,268.0,271.0,260.0,260.0,5000,13.15,10,5000.0,100.0,2026-09-04
SSWL,EQ,04-Sep-2026,360.8,360.75,365.7,348.5,361.85,1006017,3584.15,20263,437695.0,43.51,2026-09-04
STALLION,BE,04-Sep-2026,207.61,206.1,210.99,205.0,206.68,352515,730.85,2887,,,2026-09-04
STANLEY,EQ,04-Sep-2026,137.46,137.4,138.99,135.0,135.48,62857,85.65,1489,41099.0,65.38,2026-09-04
STAR,EQ,04-Sep-2026,1053.6,1053.1,1066.5,1040.0,1059.6,217190,2296.47,14698,104004.0,47.89,2026-09-04
STARCEMENT,EQ,04-Sep-2026,184.47,184.47,192.8,184.0,190.19,192236,362.01,3346,126001.0,65.54,2026-09-04
STARHEALTH,EQ,04-Sep-2026,559.35,562.2,567.8,553.05,557.35,260539,1450.78,12805,141001.0,54.12,2026-09-04
STARPAPER,EQ,04-Sep-2026,154.47,155.24,155.24,150.0,151.42,11085,16.76,241,6984.0,63.0,2026-09-04
STARTECK,EQ,04-Sep-2026,245.55,249.8,250.95,244.1,249.25,162,0.4,50,103.0,63.58,2026-09-04
STCINDIA,EQ,04-Sep-2026,114.65,115.61,119.5,114.71,115.28,60350,70.63,1147,18995.0,31.47,2026-09-04
STEELCAS,EQ,04-Sep-2026,317.85,318.0,332.4,314.05,328.05,106510,345.72,4903,53435.0,50.17,2026-09-04
STEELCITY,EQ,04-Sep-2026,86.47,87.9,87.9,85.0,85.55,6956,6.0,198,5059.0,72.73,2026-09-04
STEELXIND,EQ,04-Sep-2026,11.31,11.78,11.8,11.2,11.34,3888782,443.09,4524,1696494.0,43.63,2026-09-04
STEL,EQ,04-Sep-2026,606.95,615.05,616.0,598.2,607.9,3953,23.99,288,3136.0,79.33,2026-09-04
STERTOOLS,BE,04-Sep-2026,220.78,220.0,224.94,220.0,221.31,14338,31.88,266,,,2026-09-04
STLNETWORK,EQ,04-Sep-2026,27.5,28.01,28.87,27.78,28.87,2164957,620.76,3184,1603016.0,74.04,2026-09-04
STLSTRINF,EQ,04-Sep-2026,19.49,19.5,20.2,19.0,19.55,168,0.03,13,167.0,99.4,2026-09-04
STLTECH,BE,04-Sep-2026,713.25,748.9,748.9,748.9,748.9,295544,2213.33,3280,,,2026-09-04
STOVEKRAFT,EQ,04-Sep-2026,839.75,840.9,849.0,825.0,832.55,93139,775.39,4844,46092.0,49.49,2026-09-04
STRIDERS,SM,04-Sep-2026,66.0,64.7,64.7,64.7,64.7,4800,3.11,3,4800.0,100.0,2026-09-04
STUDDS,EQ,04-Sep-2026,426.95,431.35,431.35,422.7,424.2,34112,145.33,2243,23401.0,68.6,2026-09-04
STUDIOLSD,SM,04-Sep-2026,9.5,9.8,9.9,9.3,9.85,20000,1.93,10,16000.0,80.0,2026-09-04
STYL,EQ,04-Sep-2026,387.05,393.0,399.0,380.1,383.5,123059,477.57,3455,43502.0,35.35,2026-09-04
STYLAMIND,EQ,04-Sep-2026,3240.9,3272.4,3400.0,3230.1,3387.4,65092,2180.7,11811,24213.0,37.2,2026-09-04
STYLEBAAZA,EQ,04-Sep-2026,394.85,397.5,403.7,391.95,400.25,557524,2225.51,5822,286212.0,51.34,2026-09-04
STYRENIX,EQ,04-Sep-2026,2007.0,2007.6,2078.0,2007.6,2043.2,30372,618.41,3926,19201.0,63.22,2026-09-04
SUBAHOTELS,SM,04-Sep-2026,100.0,100.0,101.0,97.7,98.3,36000,35.69,26,27600.0,76.67,2026-09-04
SUBEXLTD,EQ,04-Sep-2026,17.69,17.65,17.85,17.21,17.28,1970415,344.67,2978,1354443.0,68.74,2026-09-04
SUBROS,EQ,04-Sep-2026,705.85,705.85,718.0,705.25,709.6,26816,190.66,2029,14805.0,55.21,2026-09-04
SUDARCOLOR,EQ,04-Sep-2026,388.0,390.6,394.6,381.0,383.45,7856,30.52,292,5633.0,71.7,2026-09-04
SUDARSCHEM,EQ,04-Sep-2026,1249.3,1249.0,1253.6,1216.0,1222.8,186180,2293.71,12038,81677.0,43.87,2026-09-04
SUDEEPPHRM,EQ,04-Sep-2026,1292.8,1300.1,1357.4,1300.0,1329.3,242835,3230.92,19583,102713.0,42.3,2026-09-04
SUKHJITS,EQ,04-Sep-2026,157.71,157.81,159.8,157.01,157.86,4696,7.42,99,4360.0,92.84,2026-09-04
SULA,EQ,04-Sep-2026,147.56,147.56,150.0,147.5,149.0,170121,253.19,2733,76238.0,44.81,2026-09-04
SUMAX,ST,04-Sep-2026,110.65,108.1,111.8,105.15,106.5,276000,298.64,146,255600.0,92.61,2026-09-04
SUMEDHA,EQ,04-Sep-2026,38.51,39.4,39.49,38.75,39.01,3377,1.31,15,3262.0,96.59,2026-09-04
SUMEETINDS,EQ,04-Sep-2026,11.44,11.65,11.65,11.14,11.5,1120467,127.49,1434,753492.0,67.25,2026-09-04
SUMICHEM,EQ,04-Sep-2026,498.35,500.0,504.9,490.2,493.4,142729,709.24,8045,75042.0,52.58,2026-09-04
SUMIT,EQ,04-Sep-2026,51.57,53.0,53.0,50.79,51.71,9572,4.93,370,5304.0,55.41,2026-09-04
SUMMITSEC,EQ,04-Sep-2026,1442.3,1459.0,1459.0,1431.0,1434.2,1566,22.55,290,1151.0,73.5,2026-09-04
SUNCLAY,EQ,04-Sep-2026,1291.3,1296.8,1311.9,1285.7,1304.4,3165,41.25,372,2390.0,75.51,2026-09-04
SUNDARAM,EQ,04-Sep-2026,1.23,1.23,1.26,1.21,1.23,323987,4.0,231,294093.0,90.77,2026-09-04
SUNDARMFIN,EQ,04-Sep-2026,4578.0,4561.0,4656.3,4561.0,4648.7,19600,908.92,6938,13153.0,67.11,2026-09-04
SUNDRMBRAK,BE,04-Sep-2026,751.0,754.75,754.75,732.6,740.0,1401,10.39,69,,,2026-09-04
SUNDRMFAST,EQ,04-Sep-2026,1199.1,1200.0,1217.0,1194.4,1212.3,44457,535.88,5482,24340.0,54.75,2026-09-04
SUNDROP,EQ,04-Sep-2026,656.4,656.4,666.05,654.6,662.5,6390,42.21,407,4406.0,68.95,2026-09-04
SUNFLAG,EQ,04-Sep-2026,346.5,349.95,350.75,342.2,343.7,90403,311.87,1842,52661.0,58.25,2026-09-04
SUNLITE,SM,04-Sep-2026,540.35,540.35,550.0,540.05,542.5,11400,62.21,38,9900.0,86.84,2026-09-04
SUNLOC,EQ,04-Sep-2026,79.99,79.99,79.99,79.98,79.98,41,0.03,2,41.0,100.0,2026-09-04
SUNPHARMA,EQ,04-Sep-2026,1916.0,1912.0,1917.3,1895.0,1899.0,761333,14486.56,48684,495879.0,65.13,2026-09-04
SUNRAKSHAK,EQ,04-Sep-2026,373.8,370.0,375.0,365.0,369.55,13415,49.66,177,11941.0,89.01,2026-09-04
SUNREST,SM,04-Sep-2026,38.75,38.45,39.0,38.45,39.0,9600,3.73,4,9600.0,100.0,2026-09-04
SUNSHIEL,EQ,04-Sep-2026,1145.1,1169.5,1169.5,1140.1,1144.9,981,11.24,100,908.0,92.56,2026-09-04
SUNSHINE,EQ,04-Sep-2026,438.8,443.05,476.85,440.0,441.45,2746047,12578.56,43350,351972.0,12.82,2026-09-04
SUNTECH,SM,04-Sep-2026,41.05,40.1,40.1,40.05,40.05,3200,1.28,2,3200.0,100.0,2026-09-04
SUNTECK,EQ,04-Sep-2026,297.75,297.5,300.7,297.5,299.5,71967,215.49,1502,38163.0,53.03,2026-09-04
SUNTV,EQ,04-Sep-2026,465.9,465.95,482.7,464.95,470.9,846938,4029.62,45751,387119.0,45.71,2026-09-04
SUPERHOUSE,EQ,04-Sep-2026,168.74,168.74,171.0,166.54,169.23,2738,4.63,99,1549.0,56.57,2026-09-04
SUPERSPIN,BE,04-Sep-2026,6.83,7.03,7.17,6.84,6.95,105266,7.48,126,,,2026-09-04
SUPRAJIT,EQ,04-Sep-2026,489.7,488.0,488.0,476.5,479.45,56637,272.77,4915,32999.0,58.26,2026-09-04
SUPREME,EQ,04-Sep-2026,36.21,37.7,37.7,36.12,36.27,8259,3.02,102,4786.0,57.95,2026-09-04
SUPREMEENG,BZ,04-Sep-2026,2.98,3.03,3.03,3.03,3.03,297128,9.0,101,,,2026-09-04
SUPREMEIND,EQ,04-Sep-2026,3508.1,3509.9,3526.4,3475.0,3475.0,139232,4873.26,11277,84098.0,60.4,2026-09-04
SUPREMEINF,EQ,04-Sep-2026,83.49,85.18,85.18,82.75,83.42,16081,13.41,140,12511.0,77.8,2026-09-04
SUPREMEPWR,SM,04-Sep-2026,219.1,219.1,232.0,214.15,222.6,65500,145.2,98,45000.0,68.7,2026-09-04
SUPRIYA,EQ,04-Sep-2026,842.7,838.55,868.0,838.55,852.85,324059,2784.27,22527,154250.0,47.6,2026-09-04
SUPTANERY,BE,04-Sep-2026,13.94,13.25,13.25,13.25,13.25,40062,5.31,304,,,2026-09-04
SURAJEST,EQ,04-Sep-2026,177.8,177.9,181.48,177.52,178.25,129331,232.71,1479,79801.0,61.7,2026-09-04
SURAJLTD,EQ,04-Sep-2026,203.17,204.0,204.99,201.0,201.79,3832,7.76,66,3598.0,93.89,2026-09-04
SURAKSHA,EQ,04-Sep-2026,339.6,339.6,340.7,331.0,332.45,38299,128.2,1288,21185.0,55.31,2026-09-04
SURANASOL,EQ,04-Sep-2026,25.94,26.0,27.75,25.9,26.11,96327,25.29,603,65932.0,68.45,2026-09-04
SURANAT&P,EQ,04-Sep-2026,16.21,16.49,16.6,16.12,16.57,29385,4.83,231,24866.0,84.62,2026-09-04
SURANI,SM,04-Sep-2026,100.0,99.8,99.8,94.0,99.7,9600,9.2,32,9400.0,97.92,2026-09-04
SURYALA,EQ,04-Sep-2026,407.7,419.9,419.9,405.0,411.85,1694,7.04,26,1673.0,98.76,2026-09-04
SURYALAXMI,EQ,04-Sep-2026,60.03,61.0,62.49,60.01,60.79,1013,0.62,30,723.0,71.37,2026-09-04
SURYAROSNI,EQ,04-Sep-2026,216.66,216.66,220.58,215.96,216.49,449482,977.94,6657,276195.0,61.45,2026-09-04
SURYODAY,EQ,04-Sep-2026,153.57,152.6,154.31,151.2,152.07,130519,199.17,2120,49474.0,37.91,2026-09-04
SUTLEJTEX,BE,04-Sep-2026,38.96,38.9,40.9,38.9,40.89,71822,29.12,194,,,2026-09-04
SUVEN,EQ,04-Sep-2026,378.35,382.0,388.45,376.7,378.0,494667,1882.69,19774,221652.0,44.81,2026-09-04
SUVIDHAA,EQ,04-Sep-2026,2.06,2.16,2.47,2.01,2.42,651333,15.29,653,414121.0,63.58,2026-09-04
SUYOG,EQ,04-Sep-2026,737.3,747.55,747.55,723.0,731.2,10651,77.77,758,6937.0,65.13,2026-09-04
SUZLON,EQ,04-Sep-2026,46.03,46.11,46.37,45.03,45.35,55366085,25203.5,106068,23541209.0,42.52,2026-09-04
SVGLOBAL,EQ,04-Sep-2026,144.01,162.0,172.81,157.15,163.62,286302,480.43,4232,61310.0,21.41,2026-09-04
SVLL,BE,04-Sep-2026,806.0,806.0,818.0,796.0,799.25,623,4.99,31,,,2026-09-04
SVPGLOB,EQ,04-Sep-2026,3.59,3.58,3.71,3.5,3.65,48032,1.73,120,27886.0,58.06,2026-09-04
SWANCORP,EQ,04-Sep-2026,284.1,283.5,286.45,279.9,281.5,810711,2294.71,11721,264706.0,32.65,2026-09-04
SWANDEF,BE,04-Sep-2026,2490.0,2439.0,2555.0,2429.0,2520.2,18892,470.88,1311,,,2026-09-04
SWARAJ,BE,04-Sep-2026,354.5,365.0,365.0,352.75,357.35,57932,206.7,449,,,2026-09-04
SWARAJENG,EQ,04-Sep-2026,3554.7,3544.1,3672.0,3540.0,3557.8,6552,234.26,1529,3761.0,57.4,2026-09-04
SWARNSAR,EQ,04-Sep-2026,35.48,35.05,35.44,34.17,35.25,6016,2.12,35,5998.0,99.7,2026-09-04
SWASTIK,ST,04-Sep-2026,20.0,20.0,20.0,19.0,19.0,3600,0.71,3,3600.0,100.0,2026-09-04
SWELECTES,EQ,04-Sep-2026,576.9,584.0,584.0,570.25,572.5,17212,98.76,1465,7752.0,45.04,2026-09-04
SWIGGY,EQ,04-Sep-2026,269.3,269.3,284.4,269.3,276.1,184369387,511198.34,239161,148767707.0,80.69,2026-09-04
SWISSMLTRY,BE,04-Sep-2026,15.4,15.7,15.85,14.66,15.59,81525,12.49,284,,,2026-09-04
SWSOLAR,EQ,04-Sep-2026,187.79,188.2,191.85,185.5,186.23,580711,1087.75,8709,282909.0,48.72,2026-09-04
SYLVANPLY,SM,04-Sep-2026,53.05,55.55,55.55,55.55,55.55,4000,2.22,1,4000.0,100.0,2026-09-04
SYMBIOTEC,EQ,04-Sep-2026,1076.85,1085.05,1099.7,1056.0,1078.25,1509878,16221.57,55703,484935.0,32.12,2026-09-04
SYMPHONY,EQ,04-Sep-2026,572.8,573.0,582.5,573.0,580.35,32564,188.17,1815,14387.0,44.18,2026-09-04
SYNCOMF,EQ,04-Sep-2026,21.36,20.93,21.88,20.01,20.58,16788160,3464.02,39261,5924824.0,35.29,2026-09-04
SYNGENE,EQ,04-Sep-2026,400.8,399.7,403.15,394.3,395.6,522372,2071.77,19456,314091.0,60.13,2026-09-04
SYNOPTICS,ST,04-Sep-2026,47.0,47.2,49.35,44.65,49.35,6000,2.81,10,5400.0,90.0,2026-09-04
SYRMA,EQ,04-Sep-2026,1452.8,1455.2,1470.0,1450.4,1457.3,569018,8304.34,34619,274403.0,48.22,2026-09-04
SYSTANGO,SM,04-Sep-2026,230.1,228.0,230.2,223.25,225.25,12800,28.92,31,9600.0,75.0,2026-09-04
SYSTMTXC,BE,04-Sep-2026,57.37,58.0,60.23,56.0,60.23,72839,43.52,83,,,2026-09-04
TAALTECH,EQ,04-Sep-2026,4496.0,4600.0,4634.8,4475.2,4502.2,5834,265.83,1322,3740.0,64.11,2026-09-04
TAC,ST,04-Sep-2026,437.25,431.0,445.0,424.6,433.35,22800,99.15,101,18400.0,80.7,2026-09-04
TAINWALCHM,EQ,04-Sep-2026,207.63,207.63,215.5,207.6,213.71,1124,2.38,24,922.0,82.03,2026-09-04
TAJGVK,EQ,04-Sep-2026,333.8,333.7,336.5,330.35,332.55,150325,501.98,2772,66815.0,44.45,2026-09-04
TAKE,EQ,04-Sep-2026,13.17,12.52,13.82,12.52,13.82,918186,118.78,912,722882.0,78.73,2026-09-04
TALBROAUTO,EQ,04-Sep-2026,412.15,412.15,413.45,401.5,407.75,76183,309.93,3610,42985.0,56.42,2026-09-04
TAMBOLIIN,BE,04-Sep-2026,250.0,255.0,261.5,250.0,259.7,11736,30.23,80,,,2026-09-04
TANAA,EQ,04-Sep-2026,282.35,282.35,287.4,280.0,282.15,9298,26.42,441,6194.0,66.62,2026-09-04
TANKUP,ST,04-Sep-2026,1608.35,1639.0,1639.0,1598.0,1598.0,2250,36.39,7,2250.0,100.0,2026-09-04
TANLA,EQ,04-Sep-2026,514.8,515.45,528.95,515.45,521.15,368770,1922.67,12911,138627.0,37.59,2026-09-04
TARACHAND,EQ,04-Sep-2026,48.33,48.75,49.39,48.0,48.78,54428,26.5,1343,18106.0,33.27,2026-09-04
TARAPUR,EQ,04-Sep-2026,13.33,13.55,13.55,12.21,13.03,46363,5.97,303,33584.0,72.44,2026-09-04
TARC,EQ,04-Sep-2026,124.19,124.2,127.98,123.05,126.99,355398,449.9,4209,211161.0,59.42,2026-09-04
TARIL,EQ,04-Sep-2026,300.6,301.15,305.3,300.0,300.95,752285,2272.08,15735,297965.0,39.61,2026-09-04
TARMAT,EQ,04-Sep-2026,64.49,64.49,64.79,60.55,61.23,36316,22.78,623,22442.0,61.8,2026-09-04
TARSONS,EQ,04-Sep-2026,336.5,336.5,341.4,333.0,335.55,63661,214.81,1903,27484.0,43.17,2026-09-04
TASTYBITE,EQ,04-Sep-2026,10052.0,10132.0,10224.0,9945.0,9982.0,1301,130.37,513,708.0,54.42,2026-09-04
TATACAP,EQ,04-Sep-2026,371.85,371.85,376.85,371.3,375.05,1331842,4989.21,22145,922976.0,69.3,2026-09-04
TATACHEM,EQ,04-Sep-2026,641.35,630.0,634.5,624.0,625.1,991042,6222.82,27730,399356.0,40.3,2026-09-04
TATACOMM,EQ,04-Sep-2026,1696.4,1696.4,1763.0,1696.4,1756.1,276930,4834.58,26714,129690.0,46.83,2026-09-04
TATACONSUM,EQ,04-Sep-2026,1019.2,1020.0,1022.9,1008.5,1010.0,1030689,10441.06,33815,706746.0,68.57,2026-09-04
TATAELXSI,EQ,04-Sep-2026,3580.0,3625.0,3659.5,3525.0,3558.0,203529,7299.66,17517,84251.0,41.4,2026-09-04
TATAGOLD,EQ,04-Sep-2026,14.82,14.82,15.04,14.82,14.94,44264152,6616.37,64376,17129570.0,38.7,2026-09-04
TATAINVEST,EQ,04-Sep-2026,637.95,637.95,644.0,631.55,633.7,130701,833.0,6814,54718.0,41.87,2026-09-04
TATAPOWER,EQ,04-Sep-2026,365.7,365.1,368.5,364.1,368.0,3826383,14038.69,35646,2222447.0,58.08,2026-09-04
TATASTEEL,EQ,04-Sep-2026,184.2,184.2,189.9,182.84,188.79,36500951,68384.52,121419,16871357.0,46.22,2026-09-04
TATATECH,EQ,04-Sep-2026,805.1,808.05,830.95,796.1,800.0,1067933,8659.88,49944,355771.0,33.31,2026-09-04
TATSILV,EQ,04-Sep-2026,22.34,22.35,22.79,22.35,22.62,34470366,7794.62,38486,15953635.0,46.28,2026-09-04
TATVA,EQ,04-Sep-2026,1596.2,1609.9,1688.0,1580.1,1678.5,85803,1417.69,9319,45414.0,52.93,2026-09-04
TAURIAN,ST,04-Sep-2026,506.0,506.0,506.0,483.2,494.0,15200,74.75,19,10400.0,68.42,2026-09-04
TBI,SM,04-Sep-2026,72.7,73.8,75.9,73.0,73.55,125400,93.14,97,96600.0,77.03,2026-09-04
TBOTEK,EQ,04-Sep-2026,1733.7,1733.7,1734.9,1671.5,1688.9,66445,1131.91,5726,32202.0,48.46,2026-09-04
TBZ,EQ,04-Sep-2026,437.15,456.0,480.85,456.0,480.85,3486401,16467.36,34113,1008033.0,28.91,2026-09-04
TCC,EQ,04-Sep-2026,233.13,47.33,49.22,43.8,44.1,578711,269.14,6528,338025.0,58.41,2026-09-04
TCI,EQ,04-Sep-2026,870.9,874.8,888.25,864.0,868.2,18074,157.13,2514,10507.0,58.13,2026-09-04
TCIEXP,EQ,04-Sep-2026,541.3,549.5,557.0,539.0,552.9,65210,359.15,3709,34630.0,53.11,2026-09-04
TCIFINANCE,BE,04-Sep-2026,15.08,15.78,15.78,14.41,15.1,19130,2.88,75,,,2026-09-04
TCL,SM,04-Sep-2026,123.6,123.6,124.5,120.1,123.0,28800,35.35,36,20000.0,69.44,2026-09-04
TCPLPACK,EQ,04-Sep-2026,3956.6,3971.4,4157.2,3921.0,4091.9,15468,632.29,3729,6964.0,45.02,2026-09-04
TCS,EQ,04-Sep-2026,2320.1,2330.0,2363.9,2302.4,2304.0,2564322,59510.09,112846,1542024.0,60.13,2026-09-04
TDPOWERSYS,EQ,04-Sep-2026,722.55,723.0,742.8,717.95,740.1,1283741,9418.03,71146,678882.0,52.88,2026-09-04
TEAMGTY,EQ,04-Sep-2026,243.68,243.68,243.68,235.1,235.29,684,1.62,35,351.0,51.32,2026-09-04
TEAMLEASE,EQ,04-Sep-2026,1250.0,1260.0,1280.0,1235.0,1250.6,29000,362.89,3424,16855.0,58.12,2026-09-04
TEAMTECH,ST,04-Sep-2026,138.0,136.0,137.0,136.0,137.0,8000,10.9,4,8000.0,100.0,2026-09-04
TECH,EQ,04-Sep-2026,33.82,33.99,34.62,33.33,33.81,18515,6.27,177,11732.0,63.36,2026-09-04
TECHD,SM,04-Sep-2026,531.0,531.1,535.0,528.0,533.55,19500,103.63,60,17100.0,87.69,2026-09-04
TECHERA,SM,04-Sep-2026,158.8,158.65,161.8,156.25,160.9,19200,30.57,24,14400.0,75.0,2026-09-04
TECHLABS,SM,04-Sep-2026,118.3,121.0,121.0,114.0,115.2,15125,17.73,78,13500.0,89.26,2026-09-04
TECHM,EQ,04-Sep-2026,1598.0,1605.1,1623.4,1586.9,1596.9,1173518,18745.71,27058,668526.0,56.97,2026-09-04
TECHNOCRAF,EQ,04-Sep-2026,373.2,372.0,373.65,363.1,366.1,476411,1754.87,9749,193759.0,40.67,2026-09-04
TECHNOE,EQ,04-Sep-2026,973.65,975.0,983.35,969.3,979.5,82871,808.74,7651,45610.0,55.04,2026-09-04
TECHNVISN,EQ,04-Sep-2026,5136.5,5135.0,5135.0,4880.0,4917.5,1147,56.4,260,809.0,70.53,2026-09-04
TECILCHEM,EQ,04-Sep-2026,9.98,10.1,10.2,9.6,9.72,21289,2.08,78,12949.0,60.82,2026-09-04
TEGA,EQ,04-Sep-2026,1552.8,1555.8,1558.0,1536.0,1548.0,55328,855.38,4706,33062.0,59.76,2026-09-04
TEJA,SM,04-Sep-2026,240.3,235.0,238.0,231.0,236.05,58800,138.68,62,44400.0,75.51,2026-09-04
TEJASNET,EQ,04-Sep-2026,567.45,570.0,622.8,570.0,614.15,26085952,158984.65,340750,3265470.0,12.52,2026-09-04
TEMBO,EQ,04-Sep-2026,55.94,56.1,61.2,55.4,58.47,7416209,4321.21,10506,1886785.0,25.44,2026-09-04
TEMPSENS,EQ,04-Sep-2026,568.55,570.8,573.75,547.55,554.8,2650794,14865.01,42688,700606.0,26.43,2026-09-04
TENNIND,EQ,04-Sep-2026,515.7,519.8,521.6,513.6,517.55,581989,3010.62,24132,318693.0,54.76,2026-09-04
TERAI,EQ,04-Sep-2026,124.3,121.1,132.95,121.1,121.43,1068,1.31,32,1005.0,94.1,2026-09-04
TERASOFT,EQ,04-Sep-2026,281.3,282.0,296.55,279.7,283.4,41365,118.96,1207,18834.0,45.53,2026-09-04
TEXINFRA,EQ,04-Sep-2026,116.7,116.32,117.14,114.5,115.02,122665,141.38,1077,89168.0,72.69,2026-09-04
TEXMOPIPES,EQ,04-Sep-2026,45.49,45.9,46.45,45.31,46.23,23440,10.79,267,18284.0,78.0,2026-09-04
TEXRAIL,EQ,04-Sep-2026,113.63,113.6,117.53,113.33,115.99,3746637,4350.1,22755,1816179.0,48.47,2026-09-04
TFCILTD,EQ,04-Sep-2026,146.71,147.19,147.39,142.4,143.26,8211306,11854.22,17636,3307944.0,40.29,2026-09-04
TFL,EQ,04-Sep-2026,12.56,12.56,12.74,12.26,12.36,23861,2.96,50,23585.0,98.84,2026-09-04
TGBHOTELS,EQ,04-Sep-2026,9.69,10.0,10.0,9.35,9.48,24575,2.33,150,13546.0,55.12,2026-09-04
TGL,ST,04-Sep-2026,18.4,18.05,18.05,18.05,18.05,400,0.07,2,400.0,100.0,2026-09-04
TGVSL,EQ,04-Sep-2026,108.57,109.8,114.24,108.01,109.98,615070,685.56,5521,360353.0,58.59,2026-09-04
THACKER,BE,04-Sep-2026,1002.0,1002.0,1050.0,980.0,1050.0,38,0.38,14,,,2026-09-04
THAKDEV,EQ,04-Sep-2026,147.0,144.0,144.0,137.0,144.0,33,0.05,7,33.0,100.0,2026-09-04
THANGAMAYL,EQ,04-Sep-2026,5295.0,5293.5,5351.5,5232.0,5332.0,65612,3484.56,13547,36824.0,56.12,2026-09-04
THEINVEST,EQ,04-Sep-2026,98.1,98.11,98.11,94.61,95.0,3714,3.56,172,2488.0,66.99,2026-09-04
THEJO,EQ,04-Sep-2026,2091.0,2081.0,2142.0,2081.0,2125.3,5621,118.95,668,4038.0,71.84,2026-09-04
THELEELA,EQ,04-Sep-2026,566.05,564.45,567.85,550.0,554.05,561774,3135.0,16509,388051.0,69.08,2026-09-04
THEMISMED,EQ,04-Sep-2026,124.87,125.27,128.08,119.71,120.42,159319,196.59,2791,76646.0,48.11,2026-09-04
THERMAX,EQ,04-Sep-2026,3733.9,3739.0,3765.6,3617.0,3637.6,258180,9450.67,35265,136776.0,52.98,2026-09-04
THOMASCOOK,EQ,04-Sep-2026,106.31,106.0,112.94,106.0,111.65,2297803,2536.65,19887,801467.0,34.88,2026-09-04
THOMASCOTT,EQ,04-Sep-2026,260.95,261.05,269.65,258.5,262.75,44350,117.54,1716,27165.0,61.25,2026-09-04
THYROCARE,EQ,04-Sep-2026,578.65,575.05,581.9,573.35,576.15,137365,793.57,17438,76187.0,55.46,2026-09-04
TI,EQ,04-Sep-2026,544.25,540.0,540.9,520.0,535.1,540041,2870.73,19586,241461.0,44.71,2026-09-04
TICL,BE,04-Sep-2026,8.08,8.19,8.4,8.08,8.12,51861,4.25,144,,,2026-09-04
TIGERLOGS,EQ,04-Sep-2026,29.22,29.88,29.88,28.16,28.61,168111,48.7,557,149240.0,88.77,2026-09-04
TIIL,EQ,04-Sep-2026,3267.4,3283.7,3346.2,3152.3,3194.6,25085,810.73,4689,12839.0,51.18,2026-09-04
TIINDIA,EQ,04-Sep-2026,2735.4,2727.0,2727.0,2685.0,2698.0,173117,4670.52,18353,101183.0,58.45,2026-09-04
TIJARIA,BE,04-Sep-2026,9.09,9.4,9.54,9.4,9.54,250018,23.81,167,,,2026-09-04
TIL,BE,04-Sep-2026,245.0,249.98,257.25,246.0,252.88,296756,751.08,1110,,,2026-09-04
TIMETECHNO,EQ,04-Sep-2026,189.36,189.4,191.15,188.0,188.49,1385822,2630.4,11544,322959.0,23.3,2026-09-04
TIMEX,EQ,04-Sep-2026,649.55,654.85,674.0,646.3,669.85,323553,2143.06,23545,139714.0,43.18,2026-09-04
TIMKEN,EQ,04-Sep-2026,3124.8,3124.9,3139.3,3100.0,3125.3,15156,473.08,4681,8013.0,52.87,2026-09-04
TINNARUBR,EQ,04-Sep-2026,1036.8,1057.8,1057.8,1017.2,1028.2,38228,395.18,2812,15457.0,40.43,2026-09-04
TIPSFILMS,EQ,04-Sep-2026,331.35,332.0,338.0,330.0,331.0,4667,15.53,275,3501.0,75.02,2026-09-04
TIPSMUSIC,EQ,04-Sep-2026,652.05,651.9,656.65,642.0,649.75,146163,949.24,19291,73539.0,50.31,2026-09-04
TIRUMALCHM,EQ,04-Sep-2026,157.86,158.7,159.52,156.21,157.19,236650,373.63,4002,121437.0,51.32,2026-09-04
TIRUPATI,SM,04-Sep-2026,324.0,308.0,308.0,308.0,308.0,125,0.39,1,125.0,100.0,2026-09-04
TIRUPATIFL,BE,04-Sep-2026,68.42,67.26,70.0,67.26,69.05,202133,139.57,930,,,2026-09-04
TITAGARH,EQ,04-Sep-2026,844.2,848.0,898.0,845.0,871.85,3001183,26422.49,92110,795372.0,26.5,2026-09-04
TITAN,EQ,04-Sep-2026,5027.0,5010.0,5022.0,4980.0,5020.0,310845,15547.79,34506,163490.0,52.6,2026-09-04
TMB,EQ,04-Sep-2026,942.45,949.95,949.95,929.0,932.45,131784,1231.19,7872,62086.0,47.11,2026-09-04
TMCV,EQ,04-Sep-2026,460.35,462.85,469.2,456.2,458.2,6245264,28873.23,106104,2825106.0,45.24,2026-09-04
TMPV,EQ,04-Sep-2026,312.0,312.0,315.5,310.65,311.5,4010174,12548.11,46778,1945548.0,48.52,2026-09-04
TNIDETF,EQ,04-Sep-2026,91.01,88.73,92.17,88.73,90.94,57515,52.43,389,46822.0,81.41,2026-09-04
TNPETRO,EQ,04-Sep-2026,137.81,136.99,136.99,131.55,132.7,1119931,1507.43,12495,432771.0,38.64,2026-09-04
TNPL,EQ,04-Sep-2026,154.36,154.36,158.8,152.5,155.75,382264,594.99,8632,151883.0,39.73,2026-09-04
TNTELE,EQ,04-Sep-2026,8.86,8.83,9.07,8.83,8.88,22878,2.04,147,16447.0,71.89,2026-09-04
TOKYOPLAST,EQ,04-Sep-2026,77.79,75.14,77.68,75.14,76.51,1924,1.46,33,1772.0,92.1,2026-09-04
TOLINS,EQ,04-Sep-2026,91.94,91.7,93.5,90.16,91.98,44505,40.83,817,30186.0,67.83,2026-09-04
TOP100CASE,EQ,04-Sep-2026,10.52,10.54,10.57,10.5,10.54,498182,52.55,1015,345102.0,69.27,2026-09-04
TOP10ADD,EQ,04-Sep-2026,87.79,88.04,88.3,87.81,87.98,305895,269.22,452,233538.0,76.35,2026-09-04
TOP15IETF,EQ,04-Sep-2026,9.82,9.81,9.95,9.78,9.82,89010,8.73,186,47845.0,53.75,2026-09-04
TOP20,EQ,04-Sep-2026,8.88,8.9,8.91,8.86,8.88,28580,2.54,118,27559.0,96.43,2026-09-04
TORNTPHARM,EQ,04-Sep-2026,4905.5,4930.0,4941.0,4823.0,4857.0,322787,15681.19,27675,213801.0,66.24,2026-09-04
TORNTPOWER,EQ,04-Sep-2026,1289.3,1289.9,1308.0,1260.2,1299.1,398524,5137.45,29173,149160.0,37.43,2026-09-04
TOTAL,EQ,04-Sep-2026,70.31,69.61,74.8,69.1,70.88,4743,3.34,116,3245.0,68.42,2026-09-04
TOUCHWOOD,EQ,04-Sep-2026,59.2,58.61,62.86,57.6,62.81,1237,0.75,54,1093.0,88.36,2026-09-04
TOYAMSL,EQ,04-Sep-2026,0.61,0.62,0.62,0.6,0.61,129950,0.8,151,109248.0,84.07,2026-09-04
TPHQ,BE,04-Sep-2026,0.55,0.55,0.56,0.53,0.55,1307895,7.03,483,,,2026-09-04
TPLPLASTEH,EQ,04-Sep-2026,72.53,72.53,73.39,70.81,71.74,117553,84.8,1088,39952.0,33.99,2026-09-04
TRACXN,EQ,04-Sep-2026,29.94,30.08,30.12,29.8,29.96,191760,57.52,543,176696.0,92.14,2026-09-04
TRANSCOR,EQ,04-Sep-2026,24.97,24.9,25.6,24.47,25.49,2509,0.63,28,2508.0,99.96,2026-09-04
TRANSPEK,BE,04-Sep-2026,1390.0,1459.5,1459.5,1370.0,1446.5,13477,195.06,336,,,2026-09-04
TRANSRAILL,EQ,04-Sep-2026,427.45,428.05,434.7,428.05,429.3,313125,1349.01,9964,151041.0,48.24,2026-09-04
TRANSTEEL,SM,04-Sep-2026,76.7,77.0,77.5,75.45,75.9,56000,42.77,40,33000.0,58.93,2026-09-04
TRANSWORLD,BE,04-Sep-2026,169.0,169.0,172.38,169.0,171.0,5598,9.55,45,,,2026-09-04
TRAVELFOOD,EQ,04-Sep-2026,1278.4,1278.4,1304.5,1270.0,1296.3,61349,786.39,4028,46423.0,75.67,2026-09-04
TREEHOUSE,EQ,04-Sep-2026,6.22,6.42,6.44,5.73,6.29,26470,1.61,171,17415.0,65.79,2026-09-04
TREJHARA,EQ,04-Sep-2026,145.99,148.83,154.65,146.5,152.01,18766,28.16,400,14606.0,77.83,2026-09-04
TREL,EQ,04-Sep-2026,26.94,26.94,27.69,26.8,27.44,215792,58.81,3571,150252.0,69.63,2026-09-04
TRENT,EQ,04-Sep-2026,2815.6,2849.0,2879.0,2833.2,2853.0,577393,16516.38,49772,208455.0,36.1,2026-09-04
TRF,EQ,04-Sep-2026,230.03,231.9,232.0,229.13,231.59,4712,10.85,235,3297.0,69.97,2026-09-04
TRIDENT,EQ,04-Sep-2026,23.99,24.03,24.59,23.97,24.16,3292066,796.33,10401,1390895.0,42.25,2026-09-04
TRIGYN,EQ,04-Sep-2026,59.6,59.89,60.4,57.66,58.97,99874,58.59,2412,50184.0,50.25,2026-09-04
TRITONV,EQ,04-Sep-2026,1115.5,1100.0,1150.0,1100.0,1136.1,2321,26.32,280,1524.0,65.66,2026-09-04
TRITURBINE,EQ,04-Sep-2026,571.7,573.9,582.65,571.35,577.3,254725,1470.07,42114,144184.0,56.6,2026-09-04
TRIVENI,EQ,04-Sep-2026,280.5,281.9,281.9,274.5,275.65,472150,1307.09,9430,226213.0,47.91,2026-09-04
TROM,SM,04-Sep-2026,60.35,60.35,60.55,59.5,59.5,9000,5.4,12,9000.0,100.0,2026-09-04
TRU,EQ,04-Sep-2026,4.08,4.05,4.13,4.0,4.05,93025,3.78,183,59765.0,64.25,2026-09-04
TRUALT,EQ,04-Sep-2026,426.4,426.4,430.95,420.4,425.25,121440,517.21,4284,68803.0,56.66,2026-09-04
TRUST,SM,04-Sep-2026,31.4,30.95,31.0,29.5,30.0,19200,5.78,23,16800.0,87.5,2026-09-04
TSC,ST,04-Sep-2026,41.0,43.05,43.05,43.0,43.05,42000,18.07,14,42000.0,100.0,2026-09-04
TSFINV,EQ,04-Sep-2026,406.05,406.3,415.0,402.05,404.7,57607,234.55,2499,27301.0,47.39,2026-09-04
TTKHLTCARE,EQ,04-Sep-2026,1103.2,1107.0,1123.2,1086.1,1100.2,19761,217.02,2255,11117.0,56.26,2026-09-04
TTKPRESTIG,EQ,04-Sep-2026,583.95,582.05,586.65,560.3,562.75,90200,513.37,6382,42295.0,46.89,2026-09-04
TTL,EQ,04-Sep-2026,6.86,7.03,7.08,6.77,6.81,210015,14.4,356,140410.0,66.86,2026-09-04
TTML,EQ,04-Sep-2026,38.01,38.0,38.45,37.65,37.74,1380442,523.99,6995,575649.0,41.7,2026-09-04
TUNWAL,SM,04-Sep-2026,25.25,25.35,25.55,25.0,25.1,68000,17.18,30,44000.0,64.71,2026-09-04
TURTLEMINT,EQ,04-Sep-2026,144.29,145.45,146.04,142.66,144.08,385856,556.53,9478,179323.0,46.47,2026-09-04
TUTIALKA,EQ,04-Sep-2026,61.0,62.35,62.9,59.05,60.36,28654,17.32,203,25329.0,88.4,2026-09-04
TVSELECT,EQ,04-Sep-2026,421.3,422.35,426.0,416.1,420.85,16780,70.73,973,8218.0,48.97,2026-09-04
TVSHLTD,EQ,04-Sep-2026,13156.0,13140.0,13499.0,13140.0,13374.0,7881,1054.23,2516,3721.0,47.21,2026-09-04
TVSMOTOR,EQ,04-Sep-2026,4200.0,4181.2,4200.0,4127.8,4133.1,424571,17634.95,38869,215535.0,50.77,2026-09-04
TVSSCS,EQ,04-Sep-2026,129.53,129.6,132.53,126.96,130.41,926210,1203.13,12531,328504.0,35.47,2026-09-04
TVSSRICHAK,EQ,04-Sep-2026,5249.0,5330.0,5404.5,5220.0,5237.5,12133,643.35,2823,4044.0,33.33,2026-09-04
TVTODAY,EQ,04-Sep-2026,111.14,112.75,112.75,110.09,110.95,34674,38.43,260,29645.0,85.5,2026-09-04
TVVISION,BE,04-Sep-2026,3.4,3.45,3.56,3.23,3.38,52947,1.75,95,,,2026-09-04
TWCGOLDETF,EQ,04-Sep-2026,152.19,152.95,153.52,152.54,152.93,5230,8.0,119,3078.0,58.85,2026-09-04
UBL,EQ,04-Sep-2026,1284.2,1299.0,1326.0,1277.0,1279.4,352868,4559.84,27321,191328.0,54.22,2026-09-04
UCAL,BE,04-Sep-2026,148.08,151.0,151.0,145.0,146.02,10841,15.92,101,,,2026-09-04
UCOBANK,EQ,04-Sep-2026,24.64,24.65,25.02,24.55,24.78,5993994,1487.81,13828,2134107.0,35.6,2026-09-04
UDAYJEW,EQ,04-Sep-2026,138.14,143.0,143.2,136.7,143.0,3159,4.49,110,2507.0,79.36,2026-09-04
UDS,EQ,04-Sep-2026,236.61,240.0,240.3,231.6,239.03,487592,1152.42,9651,269527.0,55.28,2026-09-04
UEL,EQ,04-Sep-2026,230.1,236.99,241.6,234.2,241.6,18811,45.11,301,12244.0,65.09,2026-09-04
UFBL,BE,04-Sep-2026,719.2,719.9,735.0,696.1,700.35,76997,556.13,2318,,,2026-09-04
UFLEX,EQ,04-Sep-2026,686.7,683.3,691.45,671.4,675.6,168967,1147.61,5807,83583.0,49.47,2026-09-04
UFO,EQ,04-Sep-2026,65.44,66.4,66.4,64.25,65.09,42873,28.01,398,24200.0,56.45,2026-09-04
UGARSUGAR,EQ,04-Sep-2026,58.56,58.4,58.5,53.01,53.35,1348315,733.45,8614,704641.0,52.26,2026-09-04
UGROCAP,EQ,04-Sep-2026,84.89,85.1,87.25,84.67,86.35,574138,498.0,2153,98255.0,17.11,2026-09-04
UHTL,ST,04-Sep-2026,155.3,158.4,158.4,158.4,158.4,368000,582.91,56,354000.0,96.2,2026-09-04
UJJIVANSFB,EQ,04-Sep-2026,62.99,62.99,64.88,62.9,64.43,12168369,7810.74,53653,6525101.0,53.62,2026-09-04
ULTRACEMCO,EQ,04-Sep-2026,11275.0,11357.0,11434.0,11292.0,11408.0,280870,31869.85,34646,172865.0,61.55,2026-09-04
ULTRAMAR,EQ,04-Sep-2026,435.15,441.95,446.5,434.7,437.15,84008,371.05,3580,49542.0,58.97,2026-09-04
UMA,SM,04-Sep-2026,17.55,17.3,18.0,17.3,18.0,8000,1.41,2,4000.0,50.0,2026-09-04
UMAEXPORTS,BE,04-Sep-2026,24.45,23.97,23.97,23.97,23.97,8944,2.14,34,,,2026-09-04
UMESLTD,EQ,04-Sep-2026,5.0,5.4,5.4,4.8,5.09,12835,0.65,140,10495.0,81.77,2026-09-04
UMIYA-MRO,EQ,04-Sep-2026,96.84,98.7,105.9,98.7,104.42,137662,142.55,1798,82053.0,59.6,2026-09-04
UNICHEMLAB,EQ,04-Sep-2026,547.95,551.95,557.9,546.55,550.2,56415,311.6,2615,26062.0,46.2,2026-09-04
UNIDT,BE,04-Sep-2026,221.96,222.0,230.0,217.0,225.46,31227,70.72,190,,,2026-09-04
UNIECOM,EQ,04-Sep-2026,85.93,86.85,88.0,84.1,87.62,273184,237.15,2434,141541.0,51.81,2026-09-04
UNIENTER,EQ,04-Sep-2026,94.06,96.0,96.0,93.0,93.19,6732,6.32,130,5082.0,75.49,2026-09-04
UNIHEALTH,SM,04-Sep-2026,719.95,719.95,725.0,700.0,724.0,11500,82.3,18,9000.0,78.26,2026-09-04
UNIINFO,EQ,04-Sep-2026,11.26,11.26,11.26,10.95,11.0,1618,0.18,18,1618.0,100.0,2026-09-04
UNILEX,SM,04-Sep-2026,27.45,28.25,28.25,27.75,27.75,3200,0.9,2,1600.0,50.0,2026-09-04
UNIMECH,EQ,04-Sep-2026,1465.3,1476.0,1517.0,1468.4,1502.7,179849,2689.32,14610,76522.0,42.55,2026-09-04
UNIONBANK,EQ,04-Sep-2026,189.0,189.0,189.95,187.05,187.22,7910433,14895.79,33032,3932062.0,49.71,2026-09-04
UNIONGOLD,EQ,04-Sep-2026,149.6,153.1,153.1,150.15,150.2,1581,2.38,74,942.0,59.58,2026-09-04
UNIPARTS,EQ,04-Sep-2026,899.9,895.4,899.9,850.0,874.05,311978,2728.52,18351,122819.0,39.37,2026-09-04
UNITDSPR,EQ,04-Sep-2026,1488.9,1488.1,1489.9,1462.5,1471.7,357038,5255.2,16830,211468.0,59.23,2026-09-04
UNITECH,EQ,04-Sep-2026,3.71,3.71,4.08,3.71,4.08,14406516,579.02,3337,8047913.0,55.86,2026-09-04
UNITEDPOLY,EQ,04-Sep-2026,40.41,40.5,42.0,40.0,41.66,210611,87.3,1047,141973.0,67.41,2026-09-04
UNITEDTEA,EQ,04-Sep-2026,447.05,448.95,449.0,441.0,442.8,7393,32.77,123,6119.0,82.77,2026-09-04
UNIVASTU,BE,04-Sep-2026,168.4,170.1,173.84,163.1,168.34,70087,117.62,592,,,2026-09-04
UNIVCABLES,EQ,04-Sep-2026,1626.8,1631.0,1649.9,1540.0,1576.3,278353,4396.5,23447,141964.0,51.0,2026-09-04
UNIVPHOTO,BE,04-Sep-2026,467.25,456.5,490.6,456.5,490.4,2480,12.06,85,,,2026-09-04
UNOMINDA,EQ,04-Sep-2026,1269.0,1258.0,1260.3,1237.5,1249.7,574742,7142.2,23640,320071.0,55.69,2026-09-04
UPL,EQ,04-Sep-2026,585.35,581.05,589.4,579.45,582.15,1730115,10116.14,29048,1067035.0,61.67,2026-09-04
URAVIDEF,BE,04-Sep-2026,120.59,120.0,120.0,118.18,118.2,2586,3.06,36,,,2026-09-04
URBAN,SM,04-Sep-2026,119.85,119.55,121.5,116.65,117.6,43200,50.89,47,38400.0,88.89,2026-09-04
URBANCO,EQ,04-Sep-2026,177.46,177.8,183.97,176.27,181.09,6940698,12446.9,47935,2558517.0,36.86,2026-09-04
URJA,EQ,04-Sep-2026,9.15,9.06,9.69,9.04,9.18,672065,61.87,1966,351669.0,52.33,2026-09-04
USASEEDS,SM,04-Sep-2026,88.8,85.0,92.4,84.4,92.4,1284,1.12,3,1284.0,100.0,2026-09-04
USHAFIN,SM,04-Sep-2026,51.0,51.5,54.95,51.25,54.7,57600,30.58,23,57600.0,100.0,2026-09-04
USHAMART,EQ,04-Sep-2026,515.65,518.0,529.3,511.1,514.15,1631592,8491.29,39970,607177.0,37.21,2026-09-04
USK,EQ,04-Sep-2026,20.61,21.24,21.24,20.4,20.99,17245,3.59,147,15852.0,91.92,2026-09-04
UTIAMC,EQ,04-Sep-2026,880.4,880.35,885.0,877.6,880.55,48517,427.83,3902,29958.0,61.75,2026-09-04
UTKAL,SM,04-Sep-2026,46.9,49.2,49.2,48.95,48.95,4000,1.96,2,4000.0,100.0,2026-09-04
UTKARSHBNK,EQ,04-Sep-2026,14.89,15.0,15.1,14.51,14.56,5961768,881.6,5603,3478123.0,58.34,2026-09-04
UTLSOLAR,EQ,04-Sep-2026,428.5,427.1,435.05,425.15,429.75,169583,729.0,6902,94301.0,55.61,2026-09-04
UTSSAV,ST,04-Sep-2026,446.0,446.0,468.3,440.0,468.3,24000,109.32,34,21000.0,87.5,2026-09-04
UTTAMSUGAR,EQ,04-Sep-2026,299.0,300.9,302.0,275.3,281.2,383064,1094.31,8840,137577.0,35.91,2026-09-04
UYFINCORP,BE,04-Sep-2026,19.93,20.02,20.7,19.62,19.73,122444,24.39,301,,,2026-09-04
V2RETAIL,EQ,04-Sep-2026,219.0,219.94,219.94,211.31,216.5,1628077,3502.39,24592,905441.0,55.61,2026-09-04
VADILALIND,EQ,04-Sep-2026,7615.0,7581.5,7690.0,7522.0,7655.0,7172,545.64,2271,3354.0,46.77,2026-09-04
VADILENT,EQ,04-Sep-2026,10495.0,10489.0,10489.0,9600.0,10045.0,35,3.56,32,32.0,91.43,2026-09-04
VAIBHAVGBL,EQ,04-Sep-2026,215.3,215.3,224.49,215.3,218.74,304029,671.29,8130,101058.0,33.24,2026-09-04
VAISHALI,EQ,04-Sep-2026,8.36,8.44,8.54,8.16,8.32,68892,5.76,232,50873.0,73.84,2026-09-04
VAKRANGEE,EQ,04-Sep-2026,5.8,5.8,5.89,5.7,5.79,1296846,74.85,1962,729778.0,56.27,2026-09-04
VAL30IETF,EQ,04-Sep-2026,15.14,15.24,15.24,15.11,15.19,111743,16.96,332,68877.0,61.64,2026-09-04
VALIANTLAB,BE,04-Sep-2026,100.93,105.97,105.97,105.0,105.97,71202,75.45,257,,,2026-09-04
VALIANTORG,BE,04-Sep-2026,316.15,321.6,330.0,317.0,320.25,45087,146.43,769,,,2026-09-04
VALUE,EQ,04-Sep-2026,16.09,16.12,16.17,16.07,16.15,15902,2.56,52,10506.0,66.07,2026-09-04
VALUE360,SM,04-Sep-2026,74.9,69.0,74.3,69.0,74.0,6000,4.32,5,3600.0,60.0,2026-09-04
VALUEAXIS,EQ,04-Sep-2026,32.71,32.6,32.9,32.55,32.88,20010,6.58,231,14309.0,71.51,2026-09-04
VAML,EQ,04-Sep-2026,435.85,437.4,439.9,429.4,437.75,6641767,28855.02,74214,3730657.0,56.17,2026-09-04
VARDHACRLC,BE,04-Sep-2026,43.27,43.48,44.3,43.0,43.59,13445,5.88,145,,,2026-09-04
VARDMNPOLY,EQ,04-Sep-2026,5.94,6.1,6.1,5.85,5.87,118267,6.99,310,95532.0,80.78,2026-09-04
VARROC,EQ,04-Sep-2026,839.15,842.0,843.4,808.05,826.35,282257,2315.97,14447,136610.0,48.4,2026-09-04
VASCONEQ,EQ,04-Sep-2026,30.05,30.13,30.85,29.82,30.47,205749,62.35,1192,123422.0,59.99,2026-09-04
VASUPRADA,EQ,04-Sep-2026,102.0,107.1,107.1,107.1,107.1,1,0.0,1,1.0,100.0,2026-09-04
VASWANI,EQ,04-Sep-2026,46.52,48.8,48.8,46.26,47.01,17934,8.46,197,15339.0,85.53,2026-09-04
VBL,EQ,04-Sep-2026,407.15,407.55,412.65,406.1,407.6,4144842,16936.56,42531,2463230.0,59.43,2026-09-04
VCL,BE,04-Sep-2026,1.66,1.58,1.58,1.58,1.58,461927,7.3,170,,,2026-09-04
VDEAL,SM,04-Sep-2026,160.0,158.6,164.0,157.0,157.0,2400,3.82,4,2400.0,100.0,2026-09-04
VEDAVAAG,EQ,04-Sep-2026,18.14,18.3,18.44,18.05,18.17,17174,3.13,80,16166.0,94.13,2026-09-04
VEDL,EQ,04-Sep-2026,270.5,272.0,274.5,268.85,272.1,5992724,16277.1,52698,2811726.0,46.92,2026-09-04
VEDPOWER,EQ,04-Sep-2026,34.29,34.37,34.59,34.13,34.2,12242508,4198.44,35209,7039903.0,57.5,2026-09-04
VEEDOL,EQ,04-Sep-2026,1462.8,1464.9,1486.0,1464.9,1476.8,4888,72.01,1034,2636.0,53.93,2026-09-04
VEEKAYEM,SM,04-Sep-2026,114.35,111.0,114.5,108.65,113.05,7500,8.32,15,4500.0,60.0,2026-09-04
VELJAN,BE,04-Sep-2026,1848.4,1848.0,1890.0,1802.1,1878.9,1181,22.24,79,,,2026-09-04
VENKEYS,EQ,04-Sep-2026,1677.1,1677.1,1683.9,1655.2,1659.6,25085,417.92,3287,11570.0,46.12,2026-09-04
VENTIVE,EQ,04-Sep-2026,585.7,594.45,594.45,581.95,588.2,16151,94.68,941,8049.0,49.84,2026-09-04
VENUSPIPES,EQ,04-Sep-2026,1594.8,1607.6,1645.0,1596.0,1631.0,91566,1487.61,6869,42445.0,46.35,2026-09-04
VENUSREM,BE,04-Sep-2026,1701.9,1705.0,1778.8,1666.0,1694.4,30621,523.11,1377,,,2026-09-04
VERANDA,EQ,04-Sep-2026,242.27,244.3,244.44,239.01,242.63,139217,336.08,2225,79151.0,56.85,2026-09-04
VERITAAS,SM,04-Sep-2026,31.45,29.95,30.0,29.9,29.9,8400,2.51,6,4800.0,57.14,2026-09-04
VERTEXPLUS,SM,04-Sep-2026,54.0,51.7,56.7,51.3,56.7,3000,1.61,5,3000.0,100.0,2026-09-04
VERTIS,IV,04-Sep-2026,115.0,115.05,115.05,115.05,115.05,50000,57.53,2,50000.0,100.0,2026-09-04
VERTOZ,EQ,04-Sep-2026,38.63,38.13,39.22,37.0,37.66,51344,19.55,503,41111.0,80.07,2026-09-04
VESUVIUS,EQ,04-Sep-2026,420.0,420.0,423.6,418.35,419.15,40711,171.07,2493,25620.0,62.93,2026-09-04
VETO,BE,04-Sep-2026,127.97,127.97,129.25,123.1,125.5,31452,39.31,123,,,2026-09-04
VGCL,EQ,04-Sep-2026,52.36,54.59,54.84,51.07,52.62,7319,3.9,149,4370.0,59.71,2026-09-04
VGINFOTECH,SM,04-Sep-2026,143.75,143.8,143.95,138.0,139.4,64000,89.6,60,54000.0,84.38,2026-09-04
VGL,EQ,04-Sep-2026,56.56,57.0,58.95,51.35,53.31,123080,66.32,651,63074.0,51.25,2026-09-04
VGUARD,EQ,04-Sep-2026,339.25,339.5,339.5,329.05,335.4,751013,2501.67,15035,383120.0,51.01,2026-09-04
VHL,EQ,04-Sep-2026,3607.1,3590.0,3696.0,3590.0,3626.4,779,28.31,149,581.0,74.58,2026-09-04
VHLTD,BE,04-Sep-2026,116.39,116.39,118.44,116.39,118.21,25936,30.53,82,,,2026-09-04
VHLTD-RE1,BE,04-Sep-2026,0.35,0.49,0.49,0.49,0.49,93359,0.46,24,,,2026-09-04
VICTORYEV,SM,04-Sep-2026,15.2,15.15,15.65,15.15,15.65,12000,1.85,4,12000.0,100.0,2026-09-04
VIDHIING,EQ,04-Sep-2026,342.8,345.0,350.5,342.2,347.75,10251,35.42,471,6103.0,59.54,2026-09-04
VIDYAWIRES,EQ,04-Sep-2026,89.45,89.99,90.51,88.53,90.13,838636,750.89,8510,399155.0,47.6,2026-09-04
VIESL,SM,04-Sep-2026,396.35,393.0,398.0,384.0,393.1,44000,171.84,51,30400.0,69.09,2026-09-04
VIGOR,ST,04-Sep-2026,101.3,101.3,105.0,101.3,102.5,32000,33.4,20,32000.0,100.0,2026-09-04
VIJAYA,EQ,04-Sep-2026,1505.5,1511.0,1521.6,1490.0,1493.2,45618,684.71,9312,18501.0,40.56,2026-09-04
VIJAYPD,SM,04-Sep-2026,69.9,67.6,67.6,63.0,63.0,54000,34.45,9,54000.0,100.0,2026-09-04
VIJIFIN,BE,04-Sep-2026,16.26,16.58,16.58,16.58,16.58,20326,3.37,44,,,2026-09-04
VIJSOLX,EQ,04-Sep-2026,684.4,678.0,693.7,678.0,687.7,222,1.53,49,162.0,72.97,2026-09-04
VIKASECO,EQ,04-Sep-2026,1.08,1.08,1.09,1.07,1.07,1815757,19.63,1062,1111595.0,61.22,2026-09-04
VIKASLIFE,EQ,04-Sep-2026,1.3,1.3,1.31,1.28,1.29,1315249,17.03,8430,832104.0,63.27,2026-09-04
VIKRAMSOLR,EQ,04-Sep-2026,171.65,173.0,175.6,167.85,168.45,3550735,6089.03,29320,1540830.0,43.39,2026-09-04
VIKRAN,EQ,04-Sep-2026,57.68,57.68,61.5,57.67,60.77,1930821,1154.52,8512,930340.0,48.18,2026-09-04
VILAS,SM,04-Sep-2026,356.1,356.1,360.0,350.0,353.7,21750,77.33,68,19250.0,88.51,2026-09-04
VILINBIO,SM,04-Sep-2026,51.7,51.6,54.25,51.6,54.25,68000,36.71,17,64000.0,94.12,2026-09-04
VIMTALABS,EQ,04-Sep-2026,652.25,655.45,657.0,631.05,635.65,219490,1411.75,11395,88166.0,40.17,2026-09-04
VINATIORGA,EQ,04-Sep-2026,1313.7,1328.0,1336.0,1309.0,1310.7,57413,760.01,9076,28805.0,50.17,2026-09-04
VINCOFE,EQ,04-Sep-2026,176.48,176.8,177.66,168.18,170.65,2286890,3978.12,19538,864686.0,37.81,2026-09-04
VINDHYATEL,EQ,04-Sep-2026,2736.2,2748.0,2814.0,2710.0,2732.7,82288,2279.87,9683,29751.0,36.15,2026-09-04
VINEETLAB,EQ,04-Sep-2026,37.5,37.7,38.29,36.82,37.37,38381,14.39,280,26678.0,69.51,2026-09-04
VINNY,EQ,04-Sep-2026,1.03,1.04,1.04,1.0,1.02,236444,2.42,172,196560.0,83.13,2026-09-04
VINSYS,ST,04-Sep-2026,597.0,598.0,598.0,597.0,597.0,750,4.48,3,750.0,100.0,2026-09-04
VINYAS,SM,04-Sep-2026,1537.55,1555.0,1600.0,1550.0,1559.35,6700,105.36,53,4500.0,67.16,2026-09-04
VINYLINDIA,EQ,04-Sep-2026,227.94,227.94,234.0,224.0,232.38,10241,23.79,314,5073.0,49.54,2026-09-04
VIPCLOTHNG,EQ,04-Sep-2026,20.17,20.5,20.7,19.92,20.15,82615,16.69,309,59730.0,72.3,2026-09-04
VIPIND,EQ,04-Sep-2026,310.35,309.8,317.75,308.95,314.05,440277,1382.79,6947,168309.0,38.23,2026-09-04
VIPULLTD,BE,04-Sep-2026,14.26,13.98,13.98,13.98,13.98,2455,0.34,62,,,2026-09-04
VIRAT,EQ,04-Sep-2026,429.5,430.0,436.4,414.3,423.35,5617,23.68,128,4547.0,80.95,2026-09-04
VIRINCHI,EQ,04-Sep-2026,14.86,14.85,15.08,14.38,14.7,115200,16.87,265,88993.0,77.25,2026-09-04
VIRTUALG,BE,04-Sep-2026,0.48,0.49,0.49,0.47,0.47,279547,1.34,269,,,2026-09-04
VISACHROME,EQ,04-Sep-2026,39.53,40.49,40.49,37.8,38.34,33107,12.75,207,27871.0,84.18,2026-09-04
VISAKAIND,EQ,04-Sep-2026,90.5,90.5,96.0,90.18,93.37,440201,409.62,4419,222704.0,50.59,2026-09-04
VISAMAN,SM,04-Sep-2026,64.6,61.4,61.4,61.4,61.4,521000,319.89,14,521000.0,100.0,2026-09-04
VISDEM,SM,04-Sep-2026,94.7,94.7,107.95,94.7,103.75,24000,24.32,20,22800.0,95.0,2026-09-04
VISHAL,EQ,04-Sep-2026,18.47,18.92,19.1,18.22,18.67,55662,10.42,353,34737.0,62.41,2026-09-04
VISHNU,EQ,04-Sep-2026,688.45,694.1,723.2,681.0,702.0,623372,4411.97,25286,240948.0,38.65,2026-09-04
VISHNUINFR,SM,04-Sep-2026,160.55,160.0,160.5,158.0,158.0,1500,2.39,3,1500.0,100.0,2026-09-04
VISHWARAJ,EQ,04-Sep-2026,5.93,6.0,6.03,5.86,5.9,290468,17.18,576,203954.0,70.22,2026-09-04
VISL,EQ,04-Sep-2026,36.07,36.25,36.44,34.76,35.39,28223582,10032.54,49071,15837438.0,56.11,2026-09-04
VITAL,EQ,04-Sep-2026,54.49,54.0,56.0,53.55,55.72,15658,8.57,58,15608.0,99.68,2026-09-04
VIVIANA,BE,04-Sep-2026,766.4,761.0,804.7,751.25,804.7,24977,196.81,871,,,2026-09-04
VIVIDEL,SM,04-Sep-2026,1631.55,1631.55,1648.0,1565.0,1591.6,27360,440.99,105,23760.0,86.84,2026-09-04
VIVIDHA,EQ,04-Sep-2026,0.5,0.52,0.54,0.5,0.52,80310,0.42,131,58859.0,73.29,2026-09-04
VIVIMEDLAB,BE,04-Sep-2026,6.54,6.41,6.67,6.41,6.58,211247,13.76,172,,,2026-09-04
VIVOBIOT,EQ,04-Sep-2026,18.7,18.79,19.38,18.32,18.8,13081,2.48,116,10963.0,83.81,2026-09-04
VIYASH,EQ,04-Sep-2026,260.45,260.8,268.3,260.75,265.85,3313584,8780.67,26625,1764700.0,53.26,2026-09-04
VLEGOV,BE,04-Sep-2026,10.48,10.76,10.86,10.11,10.61,72389,7.78,241,,,2026-09-04
VLINFRA,SM,04-Sep-2026,26.5,27.45,27.8,27.4,27.8,9000,2.48,6,9000.0,100.0,2026-09-04
VLSFINANCE,EQ,04-Sep-2026,246.57,245.2,248.35,245.2,246.44,6476,15.94,156,3789.0,58.51,2026-09-04
VMARCIND,SM,04-Sep-2026,348.7,347.95,347.95,313.85,320.1,1140000,3703.3,686,615000.0,53.95,2026-09-04
VMART,EQ,04-Sep-2026,839.1,841.0,847.0,813.3,824.2,68219,565.03,7962,29249.0,42.88,2026-09-04
VMM,EQ,04-Sep-2026,107.8,107.0,107.39,105.92,106.14,7783965,8299.85,75778,4737452.0,60.86,2026-09-04
VMOBILE,SM,04-Sep-2026,61.0,59.05,60.0,58.85,58.85,4800,2.86,6,4800.0,100.0,2026-09-04
VMSTMT,EQ,04-Sep-2026,45.53,46.0,46.0,45.02,45.46,19824,9.01,236,12753.0,64.33,2026-09-04
VOEPL,EQ,04-Sep-2026,545.9,545.9,558.45,540.05,553.2,95767,526.2,2104,62362.0,65.12,2026-09-04
VOGL,EQ,04-Sep-2026,37.54,37.74,38.74,37.15,38.02,30917507,11758.68,46929,9324956.0,30.16,2026-09-04
VOITHPAPR,EQ,04-Sep-2026,1480.2,1490.0,1504.4,1455.1,1458.6,643,9.5,57,546.0,84.91,2026-09-04
VOLERCAR,SM,04-Sep-2026,210.0,214.95,252.0,214.95,246.95,160800,382.09,91,90400.0,56.22,2026-09-04
VOLTAMP,EQ,04-Sep-2026,11182.0,11206.0,11550.0,11206.0,11418.0,50836,5814.43,17493,26904.0,52.92,2026-09-04
VOLTAS,EQ,04-Sep-2026,1178.0,1172.0,1189.7,1167.0,1170.0,460619,5431.77,22604,205848.0,44.69,2026-09-04
VPRPL,EQ,04-Sep-2026,35.99,36.99,37.7,36.0,36.28,589692,215.96,3806,201356.0,34.15,2026-09-04
VRAJ,EQ,04-Sep-2026,122.71,122.26,125.71,120.24,121.71,12164,14.89,409,8111.0,66.68,2026-09-04
VRLLOG,EQ,04-Sep-2026,297.85,297.3,298.95,294.8,297.7,133531,397.41,5719,98735.0,73.94,2026-09-04
VSCL,SM,04-Sep-2026,21.95,21.0,21.0,20.9,20.9,21000,4.39,6,15000.0,71.43,2026-09-04
VSSL,EQ,04-Sep-2026,363.95,365.1,369.2,353.3,364.15,140547,506.94,4110,66051.0,47.0,2026-09-04
VSTIND,EQ,04-Sep-2026,207.96,207.95,209.02,207.21,208.15,96626,201.12,3519,44449.0,46.0,2026-09-04
VSTL,EQ,04-Sep-2026,115.15,115.15,118.35,115.0,117.66,22471,26.29,566,15468.0,68.84,2026-09-04
VSTTILLERS,EQ,04-Sep-2026,4175.3,4196.1,4220.4,4151.8,4187.6,4042,169.46,951,2481.0,61.38,2026-09-04
VTL,EQ,04-Sep-2026,588.65,592.0,604.1,586.7,598.2,284973,1695.92,11338,96463.0,33.85,2026-09-04
VTMLTD,EQ,04-Sep-2026,56.57,56.29,57.7,55.3,56.12,3172,1.8,65,2760.0,87.01,2026-09-04
WAAREEENER,EQ,04-Sep-2026,2579.9,2580.0,2650.0,2576.6,2635.0,547994,14328.28,32169,224001.0,40.88,2026-09-04
WAAREEINDO,EQ,04-Sep-2026,274.85,277.95,277.95,268.05,272.0,75519,205.31,1766,43049.0,57.0,2026-09-04
WAAREERTL,EQ,04-Sep-2026,847.9,847.9,863.6,847.9,858.95,81592,697.09,6906,33849.0,41.49,2026-09-04
WABAG,EQ,04-Sep-2026,2011.1,2017.0,2031.2,1996.0,2005.3,193647,3891.42,15725,86961.0,44.91,2026-09-04
WAKEFIT,EQ,04-Sep-2026,149.64,151.5,156.18,149.94,151.55,1231198,1882.55,13903,497696.0,40.42,2026-09-04
WALCHANNAG,EQ,04-Sep-2026,206.13,206.94,212.0,206.94,208.61,400336,837.22,6130,180763.0,45.15,2026-09-04
WALPAR,SM,04-Sep-2026,24.1,23.75,23.75,23.75,23.75,2000,0.48,1,2000.0,100.0,2026-09-04
WANBURY,EQ,04-Sep-2026,243.35,243.95,249.3,243.0,246.2,51910,127.9,1519,26023.0,50.13,2026-09-04
WARDINMOBI,EQ,04-Sep-2026,5.7,5.85,5.89,5.7,5.86,288674,16.74,684,226660.0,78.52,2026-09-04
WATERBASE,EQ,04-Sep-2026,47.36,48.73,48.99,47.11,48.63,22127,10.66,174,12852.0,58.08,2026-09-04
WCIL,EQ,04-Sep-2026,83.96,84.4,84.76,83.06,83.38,25920,21.77,784,14607.0,56.35,2026-09-04
WEALTH,EQ,04-Sep-2026,847.5,850.0,850.0,831.15,841.7,1333,11.24,182,1123.0,84.25,2026-09-04
WEBELSOLAR,EQ,04-Sep-2026,77.33,77.6,79.8,73.55,74.53,2610445,1992.06,15138,1303455.0,49.93,2026-09-04
WEIZMANIND,EQ,04-Sep-2026,74.21,76.78,76.78,72.2,74.5,1005,0.74,47,759.0,75.52,2026-09-04
WEL,EQ,04-Sep-2026,79.37,79.25,79.25,75.41,76.03,1935872,1479.6,8169,1302975.0,67.31,2026-09-04
WELCORP,EQ,04-Sep-2026,2641.6,2649.2,2662.0,2566.0,2590.6,1247810,32604.93,90933,510384.0,40.9,2026-09-04
WELENT,EQ,04-Sep-2026,764.75,761.8,825.0,757.4,813.6,2915318,23477.17,76010,817317.0,28.04,2026-09-04
WELINV,BE,04-Sep-2026,2187.0,2187.9,2230.7,2187.9,2230.7,89,1.98,10,,,2026-09-04
WELSPLSOL,EQ,04-Sep-2026,56.02,56.95,59.95,56.01,59.55,4319775,2537.5,19334,1408979.0,32.62,2026-09-04
WELSPUNLIV,EQ,04-Sep-2026,200.61,201.0,209.93,199.9,208.51,7470859,15406.84,54289,2211003.0,29.6,2026-09-04
WENDT,EQ,04-Sep-2026,8307.0,8359.0,8360.0,8124.0,8160.0,4236,347.37,1236,2310.0,54.53,2026-09-04
WESTLIFE,EQ,04-Sep-2026,540.55,540.55,542.0,528.1,530.6,34235,182.71,2315,19011.0,55.53,2026-09-04
WEWIN,EQ,04-Sep-2026,42.53,42.0,45.25,40.83,41.91,2680,1.12,55,1501.0,56.01,2026-09-04
WEWORK,EQ,04-Sep-2026,654.7,662.0,681.65,659.25,666.95,335811,2259.76,19077,184900.0,55.06,2026-09-04
WHBRADY,EQ,04-Sep-2026,497.85,500.3,500.3,480.0,482.2,248,1.21,21,237.0,95.56,2026-09-04
WHEELS,EQ,04-Sep-2026,1654.4,1660.0,1778.7,1645.2,1724.9,336451,5774.46,28376,122959.0,36.55,2026-09-04
WHIRLPOOL,EQ,04-Sep-2026,804.4,805.95,820.65,802.4,815.95,193831,1576.03,13291,105002.0,54.17,2026-09-04
WILLAMAGOR,EQ,04-Sep-2026,24.58,26.5,26.5,24.0,25.4,4157,1.03,74,2266.0,54.51,2026-09-04
WINDLAS,EQ,04-Sep-2026,1127.1,1129.9,1152.4,1115.0,1126.35,190854,2166.28,13776,83199.0,43.59,2026-09-04
WINDMACHIN,EQ,04-Sep-2026,312.1,312.0,312.75,302.0,304.25,39051,120.36,943,19793.0,50.69,2026-09-04
WINSOL,SM,04-Sep-2026,112.5,111.95,120.0,111.95,116.0,8000,9.36,19,7200.0,90.0,2026-09-04
WIPL,EQ,04-Sep-2026,165.61,169.94,169.94,167.99,167.99,16,0.03,4,10.0,62.5,2026-09-04
WIPRO,EQ,04-Sep-2026,175.72,176.74,178.75,176.4,176.4,6882678,12225.02,48742,3143304.0,45.67,2026-09-04
WOCKPHARMA,EQ,04-Sep-2026,1950.6,1980.0,2108.5,1976.1,2088.7,3557646,73257.13,156657,1136675.0,31.95,2026-09-04
WOL3D,SM,04-Sep-2026,130.0,136.0,136.5,136.0,136.5,2000,2.73,2,2000.0,100.0,2026-09-04
WOMANCART,ST,04-Sep-2026,108.3,111.9,113.0,104.1,105.7,20000,21.7,38,14400.0,72.0,2026-09-04
WONDERLA,EQ,04-Sep-2026,525.25,525.0,536.7,520.0,533.9,74859,396.01,4214,36384.0,48.6,2026-09-04
WORTHPERI,EQ,04-Sep-2026,153.99,157.0,157.0,152.7,154.99,4169,6.42,80,3058.0,73.35,2026-09-04
WPIL,EQ,04-Sep-2026,445.5,446.8,452.6,440.0,443.9,12409,55.14,814,7388.0,59.54,2026-09-04
WSI,EQ,04-Sep-2026,59.44,59.65,61.46,58.77,60.37,64372,38.77,1895,33643.0,52.26,2026-09-04
WSTCSTPAPR,EQ,04-Sep-2026,656.95,655.35,662.65,643.1,650.25,276595,1813.0,13751,159006.0,57.49,2026-09-04
WTICAB,SM,04-Sep-2026,107.0,110.0,110.0,104.0,104.15,21500,22.74,41,19500.0,90.7,2026-09-04
XCHANGING,EQ,04-Sep-2026,60.99,60.4,61.55,60.25,61.4,61684,37.65,663,41493.0,67.27,2026-09-04
XELPMOC,EQ,04-Sep-2026,79.4,79.41,81.7,78.51,80.14,24153,19.24,556,17240.0,71.38,2026-09-04
XPROINDIA,EQ,04-Sep-2026,1280.3,1279.0,1337.4,1279.0,1325.1,154351,2025.52,8506,83170.0,53.88,2026-09-04
XTGLOBAL,EQ,04-Sep-2026,31.58,32.39,33.04,30.35,31.69,190376,60.56,1262,98033.0,51.49,2026-09-04
XTRANET,EQ,04-Sep-2026,195.2,197.2,234.24,193.11,234.24,5584599,12620.45,39510,979498.0,17.54,2026-09-04
YAAP,SM,04-Sep-2026,132.0,141.9,141.9,135.0,137.8,39000,53.68,39,25000.0,64.1,2026-09-04
YASHO,EQ,04-Sep-2026,4051.2,4080.0,4184.6,3966.1,4134.1,38997,1590.15,7784,17059.0,43.74,2026-09-04
YASHOPTICS,SM,04-Sep-2026,121.0,122.0,125.0,122.0,123.75,7200,8.89,9,6400.0,88.89,2026-09-04
YATHARTH,EQ,04-Sep-2026,962.3,971.5,994.7,963.1,991.1,314144,3091.35,14526,137610.0,43.8,2026-09-04
YATRA,EQ,04-Sep-2026,113.08,113.2,116.25,112.65,113.49,1067659,1222.31,11837,515103.0,48.25,2026-09-04
YCCL,SM,04-Sep-2026,9.25,9.25,9.25,8.4,8.6,27000,2.42,9,27000.0,100.0,2026-09-04
YESBANK,EQ,04-Sep-2026,22.54,22.47,22.62,22.44,22.5,31739702,7149.29,64395,17317820.0,54.56,2026-09-04
YOGI,EQ,04-Sep-2026,161.9,167.0,167.0,163.45,163.45,90,0.15,5,90.0,100.0,2026-09-04
YUDIZ,SM,04-Sep-2026,25.8,25.8,26.95,25.5,26.95,2400,0.63,3,2400.0,100.0,2026-09-04
YUKEN,EQ,04-Sep-2026,1010.05,1010.05,1024.95,999.0,1010.8,9116,92.23,910,4766.0,52.28,2026-09-04
ZAGGLE,EQ,04-Sep-2026,182.63,183.5,186.98,180.1,180.77,912980,1661.15,9981,373892.0,40.95,2026-09-04
ZEAL,SM,04-Sep-2026,65.0,66.0,66.0,65.0,65.5,1800,1.18,3,1800.0,100.0,2026-09-04
ZEEL,EQ,04-Sep-2026,91.64,92.0,92.95,90.5,91.61,13036739,11915.83,52576,3731730.0,28.62,2026-09-04
ZEELEARN,BE,04-Sep-2026,7.19,7.2,7.36,6.92,7.09,452784,31.97,687,,,2026-09-04
ZEEMEDIA,EQ,04-Sep-2026,8.11,8.31,8.34,8.1,8.22,1442303,118.33,1680,543817.0,37.7,2026-09-04
ZENITHDRUG,SM,04-Sep-2026,39.85,40.5,43.0,40.5,42.75,11200,4.74,13,10400.0,92.86,2026-09-04
ZENITHSTL,EQ,04-Sep-2026,5.37,5.39,6.43,5.25,5.9,845763,51.27,1281,493886.0,58.4,2026-09-04
ZENSARTECH,EQ,04-Sep-2026,465.45,468.5,475.95,460.5,461.55,499424,2325.08,16414,219246.0,43.9,2026-09-04
ZENTEC,EQ,04-Sep-2026,1810.3,1810.8,1838.2,1795.2,1801.4,169326,3077.25,13069,58844.0,34.75,2026-09-04
ZFCVINDIA,EQ,04-Sep-2026,2524.8,2532.0,2575.0,2514.0,2551.9,30385,772.37,8920,16241.0,53.45,2026-09-04
ZFSTEERING,EQ,04-Sep-2026,667.75,673.0,677.9,661.0,667.5,7552,50.23,163,5279.0,69.9,2026-09-04
ZIMLAB,EQ,04-Sep-2026,128.02,128.66,129.0,125.25,125.5,54799,69.52,871,33332.0,60.83,2026-09-04
ZODIAC,EQ,04-Sep-2026,240.22,242.99,246.0,237.0,240.17,11622,27.98,388,7768.0,66.84,2026-09-04
ZODIACLOTH,EQ,04-Sep-2026,72.85,72.4,73.12,71.43,72.23,9323,6.75,220,7795.0,83.61,2026-09-04
ZOTA,EQ,04-Sep-2026,1101.2,1100.0,1159.3,1100.0,1132.4,91901,1045.65,5781,48277.0,52.53,2026-09-04
ZSARACOM,EQ,04-Sep-2026,10227.0,10096.0,11600.0,9808.0,11302.0,221,23.68,127,147.0,66.52,2026-09-04
ZTECH,SM,04-Sep-2026,498.0,493.15,500.0,468.0,476.3,25800,124.31,77,22800.0,88.37,2026-09-04
ZUARI,EQ,04-Sep-2026,225.04,225.0,226.99,224.42,225.56,66309,149.63,1148,41537.0,62.64,2026-09-04
ZUARIIND,EQ,04-Sep-2026,273.2,273.9,279.35,271.8,276.45,45048,123.71,1427,21837.0,48.47,2026-09-04
ZYDUSLIFE,EQ,04-Sep-2026,1143.0,1146.0,1146.0,1120.0,1120.0,516768,5841.62,17541,249738.0,48.33,2026-09-04
ZYDUSWELL,EQ,04-Sep-2026,538.2,536.95,546.6,527.15,531.7,209449,1128.02,17559,97768.0,46.68,2026-09-04
