SYMBOL,SERIES,DATE1,PREV_CLOSE,OPEN_PRICE,HIGH_PRICE,LOW_PRICE,CLOSE_PRICE,TTL_TRD_QNTY,TURNOVER_LACS,NO_OF_TRADES,DELIV_QTY,DELIV_PER,DATE
20MICRONS,EQ,01-Oct-2026,214.59,213.0,214.7,203.35,207.26,92549,192.69,3990,42666.0,46.1,2026-10-01
21STCENMGM,EQ,01-Oct-2026,38.67,37.9,39.25,37.9,38.0,4636,1.79,33,3410.0,73.55,2026-10-01
360ONE,EQ,01-Oct-2026,1030.0,1027.9,1043.0,1008.0,1040.0,1213803,12489.3,47593,732619.0,60.36,2026-10-01
3BBLACKBIO,EQ,01-Oct-2026,1710.4,1690.2,1734.0,1617.9,1646.8,27802,466.39,3377,9576.0,34.44,2026-10-01
3IINFOLTD,BE,01-Oct-2026,22.52,22.52,22.91,22.12,22.45,285733,64.22,695,,,2026-10-01
3MINDIA,EQ,01-Oct-2026,32160.0,31920.0,31920.0,30550.0,30795.0,6078,1885.01,3431,2754.0,45.31,2026-10-01
3PLAND,EQ,01-Oct-2026,31.01,32.7,32.7,29.75,31.12,8529,2.59,159,7587.0,88.96,2026-10-01
574GS2026,GS,01-Oct-2026,101.61,102.49,102.49,102.49,102.49,15,0.02,1,15.0,100.0,2026-10-01
585GS2030,GS,01-Oct-2026,97.56,98.5,98.5,98.5,98.5,2,0.0,2,2.0,100.0,2026-10-01
591GS2028,GS,01-Oct-2026,99.8,99.57,99.8,99.57,99.8,200,0.2,2,100.0,50.0,2026-10-01
5PAISA,EQ,01-Oct-2026,305.2,305.2,321.85,299.0,316.35,104625,329.53,6570,47039.0,44.96,2026-10-01
601GS2030,GS,01-Oct-2026,98.0,98.0,98.0,98.0,98.0,100,0.1,1,100.0,100.0,2026-10-01
603GS2029,GS,01-Oct-2026,99.25,99.25,99.25,99.25,99.25,200,0.2,2,200.0,100.0,2026-10-01
610GS2031,GS,01-Oct-2026,99.75,97.0,99.75,96.99,97.13,41,0.04,6,41.0,100.0,2026-10-01
620GS2029,GS,01-Oct-2026,98.29,98.7,98.7,98.5,98.5,100,0.1,2,100.0,100.0,2026-10-01
63MOONS,EQ,01-Oct-2026,811.05,811.25,825.0,787.0,802.25,207253,1667.9,9982,79360.0,38.29,2026-10-01
648GS2035,GS,01-Oct-2026,98.0,98.75,98.75,98.5,98.5,200,0.2,2,200.0,100.0,2026-10-01
654GS2032,GS,01-Oct-2026,99.1,99.1,99.1,99.1,99.1,1000,0.99,1,1000.0,100.0,2026-10-01
667GS2050,GS,01-Oct-2026,91.6,91.75,91.75,90.8,91.25,1993,1.82,16,1963.0,98.49,2026-10-01
668GS2033,GS,01-Oct-2026,99.0,99.0,99.0,99.0,99.0,500,0.5,1,500.0,100.0,2026-10-01
676GS2061,GS,01-Oct-2026,89.6,90.0,90.0,88.4,88.55,38811,34.39,94,38121.0,98.22,2026-10-01
68GS2060,GS,01-Oct-2026,91.38,91.5,91.5,89.61,91.15,11577,10.56,25,11575.0,99.98,2026-10-01
690GS2065,GS,01-Oct-2026,93.3,93.6,93.6,92.25,92.98,17189,15.9,24,17186.0,99.98,2026-10-01
694GS2036,GS,01-Oct-2026,101.78,101.1,101.78,101.1,101.23,9511,9.66,16,9311.0,97.9,2026-10-01
695GS2061,GS,01-Oct-2026,93.0,93.0,93.0,92.08,92.08,418,0.39,11,416.0,99.52,2026-10-01
697GR2034,GS,01-Oct-2026,97.99,97.99,97.99,97.99,97.99,5,0.0,1,5.0,100.0,2026-10-01
698GR2054,GS,01-Oct-2026,93.95,93.0,93.0,93.0,93.0,300,0.28,2,300.0,100.0,2026-10-01
699GS2051,GS,01-Oct-2026,96.4,96.75,96.75,96.0,96.0,1388,1.33,3,1383.0,99.64,2026-10-01
702GS2031,GS,01-Oct-2026,101.13,101.13,101.55,101.13,101.55,300,0.3,3,200.0,66.67,2026-10-01
704GS2029,GS,01-Oct-2026,103.5,102.0,102.25,102.0,102.0,4900,5.0,8,4800.0,97.96,2026-10-01
706GS2028,GS,01-Oct-2026,103.5,103.51,103.51,103.48,103.5,19500,20.18,9,19269.0,98.82,2026-10-01
709GS2054,GS,01-Oct-2026,95.49,95.0,95.0,94.5,94.5,701,0.67,3,701.0,100.0,2026-10-01
709GS2074,GS,01-Oct-2026,94.78,94.8,94.8,94.14,94.36,15234,14.4,38,15234.0,100.0,2026-10-01
710GS2029,GS,01-Oct-2026,103.47,103.47,103.6,103.47,103.5,1597,1.65,4,1597.0,100.0,2026-10-01
717GS2030,GS,01-Oct-2026,104.47,103.5,103.5,103.31,103.35,13211,13.65,6,13211.0,100.0,2026-10-01
718GS2033,GS,01-Oct-2026,101.2,101.2,101.2,101.2,101.2,344,0.35,3,344.0,100.0,2026-10-01
718GS2037,GS,01-Oct-2026,102.28,102.01,102.58,101.65,102.0,1005343,1025.44,15,1005336.0,100.0,2026-10-01
719GS2060,GS,01-Oct-2026,95.5,95.2,95.2,95.2,95.2,5,0.0,1,5.0,100.0,2026-10-01
71GS2034,GS,01-Oct-2026,104.25,102.06,103.18,102.06,103.18,5201,5.31,3,5200.0,99.98,2026-10-01
723GS2039,GS,01-Oct-2026,103.01,103.4,103.4,101.31,103.4,1384,1.42,4,1192.0,86.13,2026-10-01
724GS2055,GS,01-Oct-2026,96.55,97.98,97.98,94.28,95.5,21020,20.07,67,15330.0,72.93,2026-10-01
725GS2063,GS,01-Oct-2026,96.14,96.56,96.56,96.02,96.04,63560,61.1,65,63560.0,100.0,2026-10-01
726GS2032,GS,01-Oct-2026,102.49,103.9,103.9,100.01,100.01,7581,7.63,13,7180.0,94.71,2026-10-01
726GS2033,GS,01-Oct-2026,101.0,101.9,101.9,100.8,100.82,2503,2.53,6,2500.0,99.88,2026-10-01
732GS2030,GS,01-Oct-2026,103.24,103.24,103.5,103.24,103.43,6150,6.36,7,6050.0,98.37,2026-10-01
733GS2026,GS,01-Oct-2026,102.7,102.7,103.0,102.66,103.0,1150,1.18,8,1150.0,100.0,2026-10-01
734GS2064,GS,01-Oct-2026,98.86,98.79,98.79,98.49,98.63,19375,19.1,49,17875.0,92.26,2026-10-01
736GS2052,GS,01-Oct-2026,98.45,98.45,98.45,98.0,98.0,151,0.15,3,151.0,100.0,2026-10-01
737GS2028,GS,01-Oct-2026,104.26,104.26,104.5,104.0,104.5,14375,14.98,14,13325.0,92.7,2026-10-01
738GS2027,GS,01-Oct-2026,102.5,102.42,102.69,102.38,102.41,99220,101.64,27,99220.0,100.0,2026-10-01
73GS2053,GS,01-Oct-2026,97.86,97.1,98.28,97.0,97.42,163,0.16,11,100.0,61.35,2026-10-01
740IIFCL33,N1,01-Oct-2026,1171.0,1151.06,1151.06,1151.06,1151.06,1000,11.51,1,1000.0,100.0,2026-10-01
741GS2036,GS,01-Oct-2026,103.87,103.9,103.9,102.35,103.0,21570,22.14,27,15862.0,73.54,2026-10-01
743GS2076,GS,01-Oct-2026,99.0,97.6,102.0,97.6,98.5,11194,11.01,39,10992.0,98.2,2026-10-01
746GS2073,GS,01-Oct-2026,100.8,100.8,101.99,99.0,99.86,5022,5.02,23,5016.0,99.88,2026-10-01
74GS2062,GS,01-Oct-2026,98.0,98.9,98.9,98.0,98.0,1061,1.05,5,1061.0,100.0,2026-10-01
750GS2056,GS,01-Oct-2026,102.0,98.8,100.1,98.8,99.45,200,0.2,2,100.0,50.0,2026-10-01
754GS2036,GS,01-Oct-2026,104.82,104.82,105.0,104.02,104.66,460675,482.53,224,407704.0,88.5,2026-10-01
763GS2056,GS,01-Oct-2026,100.7,100.7,100.7,100.5,100.5,6001,6.04,3,6001.0,100.0,2026-10-01
771GS2066,GS,01-Oct-2026,103.9,104.0,104.2,101.18,103.05,21454,22.14,38,21452.0,99.99,2026-10-01
795GS2032,GS,01-Oct-2026,104.11,105.0,105.0,102.15,102.35,17413,17.96,36,16800.0,96.48,2026-10-01
824GS2027,GS,01-Oct-2026,103.5,103.5,103.5,103.3,103.3,71,0.07,6,71.0,100.0,2026-10-01
826GS2027,GS,01-Oct-2026,101.94,102.39,102.39,102.39,102.39,1,0.0,1,1.0,100.0,2026-10-01
897GS2030,GS,01-Oct-2026,114.98,114.0,115.0,114.0,115.0,479,0.55,3,479.0,100.0,2026-10-01
92GS2030,GS,01-Oct-2026,109.46,109.5,109.97,108.3,109.61,34070,37.28,44,27955.0,82.05,2026-10-01
A2ZINFRA,EQ,01-Oct-2026,14.93,14.53,15.15,14.19,14.38,378693,55.08,1470,162049.0,42.79,2026-10-01
AAATECH,EQ,01-Oct-2026,94.73,94.83,96.48,91.45,92.74,20399,19.17,887,8981.0,44.03,2026-10-01
AADHARHFC,EQ,01-Oct-2026,436.0,438.0,452.7,432.05,448.4,620361,2743.81,27858,297078.0,47.89,2026-10-01
AAKAAR,SM,01-Oct-2026,65.95,65.9,67.0,65.0,65.0,4800,3.17,3,4800.0,100.0,2026-10-01
AAKASH,EQ,01-Oct-2026,8.44,8.74,8.74,8.3,8.34,120731,10.15,411,96324.0,79.78,2026-10-01
AARADHYA,ST,01-Oct-2026,125.35,123.1,123.1,123.05,123.05,2400,2.95,2,2400.0,100.0,2026-10-01
AAREYDRUGS,EQ,01-Oct-2026,102.72,104.3,107.85,102.49,103.85,449714,476.53,2490,287610.0,63.95,2026-10-01
AARNAV,BE,01-Oct-2026,36.0,35.99,36.0,34.66,35.5,13310,4.68,39,,,2026-10-01
AARON,EQ,01-Oct-2026,124.68,125.0,125.0,120.42,123.11,7589,9.3,264,5419.0,71.41,2026-10-01
AARTECH,BE,01-Oct-2026,50.14,50.48,50.48,47.64,47.92,57601,27.79,167,,,2026-10-01
AARTIDRUGS,EQ,01-Oct-2026,430.9,431.05,431.05,414.3,421.0,171972,729.82,6675,83352.0,48.47,2026-10-01
AARTIIND,EQ,01-Oct-2026,475.7,475.7,480.0,459.75,465.1,486186,2277.87,20894,246474.0,50.7,2026-10-01
AARTIPHARM,EQ,01-Oct-2026,953.75,953.0,984.85,921.75,968.5,658749,6238.52,35756,273792.0,41.56,2026-10-01
AARTISURF,BE,01-Oct-2026,493.2,499.95,506.85,485.0,498.5,8753,43.72,282,,,2026-10-01
AARVI,EQ,01-Oct-2026,136.83,136.83,137.68,130.0,137.12,18690,25.3,339,11990.0,64.15,2026-10-01
AASTHA,EQ,01-Oct-2026,34.15,33.85,33.85,32.45,32.45,583887,190.54,3076,374141.0,64.08,2026-10-01
AAVAS,EQ,01-Oct-2026,1211.9,1207.0,1211.0,1167.2,1190.9,280168,3296.53,27703,202567.0,72.3,2026-10-01
ABAN,BE,01-Oct-2026,14.63,15.36,15.36,15.36,15.36,16344,2.51,96,,,2026-10-01
ABANSENT,EQ,01-Oct-2026,26.46,26.96,27.78,26.2,27.6,8148,2.21,120,5608.0,68.83,2026-10-01
ABB,EQ,01-Oct-2026,6776.0,6780.0,6947.5,6735.0,6900.0,240835,16476.99,31762,94135.0,39.09,2026-10-01
ABBOTINDIA,EQ,01-Oct-2026,27125.0,27145.0,27330.0,26435.0,26840.0,6879,1847.06,4820,3809.0,55.37,2026-10-01
ABCAPITAL,EQ,01-Oct-2026,380.6,378.6,380.1,370.2,375.05,5001023,18688.07,83789,3303385.0,66.05,2026-10-01
ABCOTS,EQ,01-Oct-2026,196.49,200.9,200.9,181.73,189.91,8222,15.62,257,5045.0,61.36,2026-10-01
ABDL,EQ,01-Oct-2026,718.9,718.0,718.0,673.95,679.45,1056525,7284.14,33386,601733.0,56.95,2026-10-01
ABFRL,EQ,01-Oct-2026,46.32,46.2,46.5,44.04,44.53,5512411,2479.22,25142,2439906.0,44.26,2026-10-01
ABH,SM,01-Oct-2026,41.3,41.0,42.65,40.0,41.45,20400,8.41,17,12000.0,58.82,2026-10-01
ABHAPOWER,SM,01-Oct-2026,23.4,24.0,24.0,23.85,23.85,3200,0.77,2,3200.0,100.0,2026-10-01
ABINFRA,BE,01-Oct-2026,12.71,12.79,12.99,12.35,12.56,235024,29.71,237,,,2026-10-01
ABLBL,EQ,01-Oct-2026,76.52,75.6,76.14,73.41,74.44,1647089,1227.49,12117,927182.0,56.29,2026-10-01
ABMINTLLTD,BE,01-Oct-2026,45.2,45.2,45.2,45.2,45.2,175,0.08,3,,,2026-10-01
ABMKNO,EQ,01-Oct-2026,170.98,172.9,178.9,167.0,168.07,991,1.68,79,826.0,83.35,2026-10-01
ABREL,EQ,01-Oct-2026,1130.7,1136.4,1136.4,1072.4,1100.5,435320,4778.36,41330,229122.0,52.63,2026-10-01
ABSL10BANK,EQ,01-Oct-2026,162.51,162.22,163.5,161.76,162.3,1562,2.54,37,1419.0,90.85,2026-10-01
ABSLAMC,EQ,01-Oct-2026,995.3,981.15,999.0,942.5,991.7,282008,2719.71,34572,98388.0,34.89,2026-10-01
ABSLBANETF,EQ,01-Oct-2026,56.04,55.89,56.52,55.58,55.97,13067,7.32,297,3749.0,28.69,2026-10-01
ABSLLIQUID,EQ,01-Oct-2026,1000.0,999.99,1000.01,999.99,1000.0,6529,65.29,12,6247.0,95.68,2026-10-01
ABSLMSCIN,EQ,01-Oct-2026,28.33,27.88,27.88,27.38,27.68,1273,0.35,26,863.0,67.79,2026-10-01
ABSLNN50ET,EQ,01-Oct-2026,73.58,73.58,73.7,72.0,73.05,22668,16.53,324,17455.0,77.0,2026-10-01
ABSLPSE,EQ,01-Oct-2026,9.78,9.75,9.97,9.52,9.73,174388,16.83,698,85807.0,49.2,2026-10-01
ABSMARINE,SM,01-Oct-2026,345.95,346.0,354.75,307.0,330.7,130000,424.28,212,72000.0,55.38,2026-10-01
ACC,EQ,01-Oct-2026,1204.1,1201.1,1203.9,1166.1,1182.8,146983,1743.7,16352,73095.0,49.73,2026-10-01
ACCELYA,EQ,01-Oct-2026,1090.3,1101.0,1141.9,1089.5,1094.2,41701,460.77,3702,25035.0,60.03,2026-10-01
ACCENTMIC,SM,01-Oct-2026,674.65,670.05,675.0,627.0,669.9,118000,773.57,189,56500.0,47.88,2026-10-01
ACCPL,ST,01-Oct-2026,214.0,212.0,214.2,203.3,203.3,24000,49.45,16,21600.0,90.0,2026-10-01
ACCURACY,BE,01-Oct-2026,4.26,4.3,4.3,4.1,4.13,26378,1.1,165,,,2026-10-01
ACE,EQ,01-Oct-2026,1232.0,1232.0,1258.9,1180.1,1212.3,465866,5673.57,39528,170429.0,36.58,2026-10-01
ACEINTEG,EQ,01-Oct-2026,16.77,16.7,17.3,16.13,17.14,1162,0.19,84,750.0,64.54,2026-10-01
ACETEC,SM,01-Oct-2026,145.0,140.0,140.0,140.0,140.0,4800,6.72,4,4800.0,100.0,2026-10-01
ACGL,EQ,01-Oct-2026,1638.0,1636.0,1649.8,1605.0,1622.7,696,11.25,117,470.0,67.53,2026-10-01
ACI,EQ,01-Oct-2026,485.85,488.0,488.4,465.0,475.05,156132,738.42,9332,77820.0,49.84,2026-10-01
ACL,EQ,01-Oct-2026,39.33,38.65,40.98,38.65,39.33,10720,4.24,262,6824.0,63.66,2026-10-01
ACMESOLAR,EQ,01-Oct-2026,439.0,442.0,447.2,427.95,432.55,1085604,4766.09,39877,333329.0,30.7,2026-10-01
ACSTECH,BE,01-Oct-2026,79.43,77.85,77.85,77.85,77.85,12998,10.12,52,,,2026-10-01
ACUTAAS,EQ,01-Oct-2026,3279.4,3249.0,3282.7,3152.3,3196.5,381484,12167.67,53040,194534.0,50.99,2026-10-01
ADANIENSOL,EQ,01-Oct-2026,1314.6,1318.1,1389.6,1309.1,1326.4,7267118,98695.79,146584,2436655.0,33.53,2026-10-01
ADANIENT,EQ,01-Oct-2026,2903.4,2900.0,2903.7,2772.0,2816.8,2100334,59670.33,75567,883201.0,42.05,2026-10-01
ADANIGREEN,EQ,01-Oct-2026,1278.0,1274.1,1298.0,1260.3,1276.1,6355094,81456.75,96583,4243210.0,66.77,2026-10-01
ADANIPORTS,EQ,01-Oct-2026,1798.3,1786.0,1786.0,1716.0,1737.8,2157928,37776.32,95037,1135518.0,52.62,2026-10-01
ADANIPOWER,EQ,01-Oct-2026,204.0,202.9,203.36,193.1,196.21,33548439,66307.76,164766,13888697.0,41.4,2026-10-01
ADDICTIVE,ST,01-Oct-2026,42.05,40.15,41.0,39.95,41.0,19500,7.86,24,18500.0,94.87,2026-10-01
ADDIND,EQ,01-Oct-2026,78.74,76.9,82.0,75.0,76.4,132,0.1,41,49.0,37.12,2026-10-01
ADFFOODS,EQ,01-Oct-2026,273.1,269.25,285.2,265.6,281.4,266181,737.97,7656,95909.0,36.03,2026-10-01
ADISOFT,SM,01-Oct-2026,256.6,256.6,263.35,244.0,248.65,109600,276.32,125,73600.0,67.15,2026-10-01
ADL,EQ,01-Oct-2026,77.6,78.1,80.0,72.35,72.52,1361,1.03,78,495.0,36.37,2026-10-01
ADOR,EQ,01-Oct-2026,1591.8,1591.8,1634.0,1540.0,1570.4,29732,466.35,4483,14157.0,47.62,2026-10-01
ADROITIND,BE,01-Oct-2026,248.39,248.39,258.8,235.98,235.98,2262604,5626.69,22363,,,2026-10-01
ADROITINFO,BE,01-Oct-2026,14.67,14.9,14.9,13.94,13.94,54612,7.74,173,,,2026-10-01
ADSL,EQ,01-Oct-2026,108.53,107.0,107.77,103.0,106.38,188974,199.57,3627,80869.0,42.79,2026-10-01
ADVAIT,EQ,01-Oct-2026,1901.8,1900.0,1900.0,1830.4,1863.0,28363,527.13,5119,15195.0,53.57,2026-10-01
ADVANCE,EQ,01-Oct-2026,121.19,121.19,121.58,115.56,116.75,704242,823.73,2132,625595.0,88.83,2026-10-01
ADVANIHOTR,EQ,01-Oct-2026,48.01,48.01,48.44,46.88,46.98,33487,15.84,634,27292.0,81.5,2026-10-01
ADVENTHTL,EQ,01-Oct-2026,126.32,126.0,127.32,121.0,123.77,203366,253.09,2185,134954.0,66.36,2026-10-01
ADVENZYMES,EQ,01-Oct-2026,281.6,278.3,281.0,270.0,274.25,228704,627.09,7117,123426.0,53.97,2026-10-01
ADVIKCA,EQ,01-Oct-2026,1.0,1.0,1.04,0.96,1.0,192362,1.93,323,128375.0,66.74,2026-10-01
AEGISLOG,EQ,01-Oct-2026,1380.1,1371.1,1415.7,1332.9,1401.1,1061975,14745.7,63441,359292.0,33.83,2026-10-01
AEGISVOPAK,EQ,01-Oct-2026,296.8,294.0,304.3,285.1,290.75,1739742,5145.37,29946,675919.0,38.85,2026-10-01
AEPL,EQ,01-Oct-2026,15.18,15.57,15.57,14.32,15.34,33854,5.04,171,25983.0,76.75,2026-10-01
AEQUS,EQ,01-Oct-2026,279.48,281.0,284.75,269.95,275.05,5756074,15842.78,66933,2738610.0,47.58,2026-10-01
AEROENTER,EQ,01-Oct-2026,124.0,122.95,124.0,118.48,121.93,310374,376.34,5715,124216.0,40.02,2026-10-01
AEROFLEX,EQ,01-Oct-2026,536.6,540.0,540.0,511.25,521.35,1183839,6194.57,34095,453183.0,38.28,2026-10-01
AERON,SM,01-Oct-2026,81.6,82.4,82.4,82.4,82.4,4000,3.3,4,4000.0,100.0,2026-10-01
AERONEU,EQ,01-Oct-2026,70.84,70.85,74.32,67.27,70.56,67368,48.41,3749,21134.0,31.37,2026-10-01
AEROPLANE,EQ,01-Oct-2026,206.57,207.0,212.0,204.01,208.14,590536,1228.99,9067,321056.0,54.37,2026-10-01
AETHER,EQ,01-Oct-2026,1699.3,1680.0,1700.7,1633.1,1670.0,373389,6185.49,79284,214219.0,57.37,2026-10-01
AFCONS,EQ,01-Oct-2026,247.8,247.98,248.01,240.25,242.39,428586,1040.77,11491,184893.0,43.14,2026-10-01
AFFLE,EQ,01-Oct-2026,1511.0,1511.9,1511.9,1440.1,1449.6,179131,2617.21,29207,88026.0,49.14,2026-10-01
AFFORDABLE,EQ,01-Oct-2026,171.1,172.0,175.4,165.0,168.11,15039,25.3,646,9511.0,63.24,2026-10-01
AFIL,EQ,01-Oct-2026,7.93,7.72,8.07,7.71,7.86,199018,15.6,488,138130.0,69.41,2026-10-01
AFSL,EQ,01-Oct-2026,201.0,201.1,202.4,201.0,201.0,32860,66.05,95,31953.0,97.24,2026-10-01
AGARIND,EQ,01-Oct-2026,391.95,395.0,398.9,377.6,386.0,28169,108.68,1580,19641.0,69.73,2026-10-01
AGARWALEYE,EQ,01-Oct-2026,479.3,472.7,492.05,471.15,486.45,413281,2000.86,22531,275452.0,66.65,2026-10-01
AGARWALFT,SM,01-Oct-2026,28.3,27.0,27.0,26.9,26.9,9000,2.42,6,7500.0,83.33,2026-10-01
AGARWALTUF,SM,01-Oct-2026,165.75,165.0,175.55,162.1,171.45,615600,1040.2,193,170400.0,27.68,2026-10-01
AGASTYAEN,BE,01-Oct-2026,70.96,72.37,72.37,69.55,69.55,115250,82.55,221,,,2026-10-01
AGI,EQ,01-Oct-2026,804.4,795.5,802.35,776.45,790.8,124574,985.38,10875,67111.0,53.87,2026-10-01
AGIIL,EQ,01-Oct-2026,264.7,263.3,265.3,257.1,260.0,169356,441.8,3483,69839.0,41.24,2026-10-01
AGL,EQ,01-Oct-2026,13.13,13.1,13.11,12.25,12.59,1857173,234.51,4997,991423.0,53.38,2026-10-01
AGNI,SM,01-Oct-2026,15.05,14.3,14.55,14.3,14.55,82500,11.9,13,62500.0,75.76,2026-10-01
AGRITECH,EQ,01-Oct-2026,91.17,92.0,94.6,89.0,89.96,4536,4.15,188,3095.0,68.23,2026-10-01
AGROPHOS,EQ,01-Oct-2026,23.48,23.12,24.08,22.5,23.0,12887,3.03,172,9598.0,74.48,2026-10-01
AGSTRA,BZ,01-Oct-2026,2.59,2.54,2.54,2.54,2.54,27003,0.69,97,,,2026-10-01
AHCL,EQ,01-Oct-2026,34.58,32.86,32.86,32.86,32.86,1444357,474.62,4097,1443857.0,99.97,2026-10-01
AHLADA,EQ,01-Oct-2026,37.09,35.63,37.62,35.63,37.06,2131,0.79,48,1971.0,92.49,2026-10-01
AHLEAST,EQ,01-Oct-2026,134.44,134.0,136.0,134.0,136.0,133,0.18,10,83.0,62.41,2026-10-01
AHLUCONT,EQ,01-Oct-2026,550.05,550.0,559.0,540.55,555.9,78249,431.2,5344,33824.0,43.23,2026-10-01
AHLWEST,BE,01-Oct-2026,535.05,530.0,545.0,530.0,535.05,201,1.08,8,,,2026-10-01
AIAENG,EQ,01-Oct-2026,3869.0,3865.5,3865.5,3756.9,3824.4,30989,1181.3,11080,15909.0,51.34,2026-10-01
AIIL,EQ,01-Oct-2026,546.6,540.0,554.3,527.2,539.3,224276,1202.33,13411,130048.0,57.99,2026-10-01
AILIMITED,SM,01-Oct-2026,14.85,14.85,14.85,14.85,14.85,3000,0.45,1,3000.0,100.0,2026-10-01
AIMTRON,SM,01-Oct-2026,1950.25,1960.0,1960.0,1825.0,1898.85,78600,1474.34,342,45000.0,57.25,2026-10-01
AIRAN,EQ,01-Oct-2026,16.18,16.05,16.34,15.45,15.6,69908,11.1,430,54166.0,77.48,2026-10-01
AIROLAM,EQ,01-Oct-2026,92.85,93.0,93.9,87.35,89.58,27357,24.15,92,26789.0,97.92,2026-10-01
AISL,SM,01-Oct-2026,63.7,66.8,66.85,66.5,66.85,22200,14.84,17,21600.0,97.3,2026-10-01
AJANTPHARM,EQ,01-Oct-2026,3620.8,3588.0,3602.4,3489.6,3581.0,75759,2684.85,15833,34902.0,46.07,2026-10-01
AJAXENGG,EQ,01-Oct-2026,587.0,587.0,600.45,576.7,586.4,76581,449.83,7043,26550.0,34.67,2026-10-01
AJMERA,EQ,01-Oct-2026,118.74,116.61,120.25,115.35,119.6,255968,300.51,2900,121665.0,47.53,2026-10-01
AJOONI,EQ,01-Oct-2026,3.13,3.16,3.27,3.07,3.1,421187,13.34,477,254063.0,60.32,2026-10-01
AKANKSHA,SM,01-Oct-2026,173.25,173.0,176.0,164.75,169.35,75000,127.36,60,48000.0,64.0,2026-10-01
AKASH,EQ,01-Oct-2026,24.94,25.18,25.29,24.28,24.95,1157,0.29,28,434.0,37.51,2026-10-01
AKCAPIT,EQ,01-Oct-2026,1706.3,1757.9,1757.9,1675.6,1714.1,660,11.29,131,494.0,74.85,2026-10-01
AKG,EQ,01-Oct-2026,9.74,9.74,9.9,9.65,9.71,8772,0.85,53,7567.0,86.26,2026-10-01
AKI,BE,01-Oct-2026,6.14,6.29,6.3,6.0,6.16,188708,11.41,228,,,2026-10-01
AKIKO,SM,01-Oct-2026,427.45,420.0,424.0,415.05,415.5,8000,33.6,10,4800.0,60.0,2026-10-01
AKSHAR,EQ,01-Oct-2026,0.42,0.43,0.43,0.41,0.41,701186,2.94,208,467712.0,66.7,2026-10-01
AKSHARCHEM,BE,01-Oct-2026,388.1,390.95,390.95,371.1,379.1,5119,19.47,152,,,2026-10-01
AKSHOPTFBR,BE,01-Oct-2026,6.97,7.19,7.2,6.85,7.07,324128,22.83,436,,,2026-10-01
AKUMS,EQ,01-Oct-2026,818.5,815.0,828.2,802.2,813.1,191282,1560.82,15063,85851.0,44.88,2026-10-01
ALANKIT,EQ,01-Oct-2026,7.83,7.74,7.85,7.5,7.65,111640,8.56,496,94738.0,84.86,2026-10-01
ALBERTDAVD,EQ,01-Oct-2026,872.25,871.2,885.0,851.0,856.7,11319,98.28,952,9321.0,82.35,2026-10-01
ALEMBICLTD,EQ,01-Oct-2026,107.23,107.23,108.0,101.85,104.11,868233,907.59,9740,358859.0,41.33,2026-10-01
ALGOQUANT,EQ,01-Oct-2026,66.03,65.6,68.36,65.35,67.51,1379737,913.71,5979,286228.0,20.75,2026-10-01
ALICON,EQ,01-Oct-2026,869.8,869.75,891.4,846.9,871.95,864818,7500.72,46169,240051.0,27.76,2026-10-01
ALIVUS,EQ,01-Oct-2026,1379.3,1375.0,1380.5,1317.2,1374.2,112499,1522.96,17444,59830.0,53.18,2026-10-01
ALKALI,BE,01-Oct-2026,91.43,90.0,90.4,86.86,87.1,8664,7.63,175,,,2026-10-01
ALKEM,EQ,01-Oct-2026,5163.5,5150.0,5220.0,5110.0,5220.0,291015,15069.18,30925,193803.0,66.6,2026-10-01
ALKYLAMINE,EQ,01-Oct-2026,1761.7,1764.9,1767.7,1706.6,1741.4,37732,654.75,10060,17131.0,45.4,2026-10-01
ALLCARGO,EQ,01-Oct-2026,10.13,10.05,10.21,9.88,10.12,4561834,457.2,6598,2187170.0,47.94,2026-10-01
ALLDIGI,EQ,01-Oct-2026,767.25,767.25,771.0,747.0,756.35,6690,50.66,1011,4687.0,70.06,2026-10-01
ALLETEC,SM,01-Oct-2026,122.25,121.0,124.6,121.0,122.7,14000,17.13,33,10000.0,71.43,2026-10-01
ALLTIME,EQ,01-Oct-2026,194.0,195.01,195.01,182.0,188.04,133472,249.4,2945,80861.0,60.58,2026-10-01
ALMONDZ,BE,01-Oct-2026,20.0,20.49,20.49,19.01,19.11,105478,20.52,275,,,2026-10-01
ALOKINDS,EQ,01-Oct-2026,7.09,7.15,7.17,6.92,7.06,15212425,1069.61,11594,7677515.0,50.47,2026-10-01
ALPA,EQ,01-Oct-2026,59.51,60.49,60.49,58.5,59.26,4521,2.69,89,3486.0,77.11,2026-10-01
ALPEXSOLAR,SM,01-Oct-2026,847.1,847.1,847.1,811.0,823.2,53000,436.3,363,41600.0,78.49,2026-10-01
ALPHA,EQ,01-Oct-2026,51.9,51.8,52.28,50.63,51.28,2770317,1420.09,6964,1693961.0,61.15,2026-10-01
ALPHAETF,EQ,01-Oct-2026,25.23,25.19,25.4,24.66,25.04,999519,250.22,1995,727202.0,72.76,2026-10-01
ALPHAGEO,BE,01-Oct-2026,256.5,257.0,265.9,244.0,258.2,6327,16.02,185,,,2026-10-01
ALPINETEX,EQ,01-Oct-2026,47.8,48.37,48.37,45.5,46.63,144287,67.39,2236,79119.0,54.83,2026-10-01
ALPL30IETF,EQ,01-Oct-2026,26.2,26.2,26.2,25.6,25.9,506513,130.61,1589,309438.0,61.09,2026-10-01
ALUFLUOR,EQ,01-Oct-2026,632.7,644.0,644.0,626.05,633.8,28012,177.12,813,22803.0,81.4,2026-10-01
ALUWIND,SM,01-Oct-2026,49.75,49.75,49.75,47.6,48.0,6000,2.89,4,4500.0,75.0,2026-10-01
AMAGI,EQ,01-Oct-2026,549.45,545.0,565.25,531.2,554.05,919619,5081.95,41204,392109.0,42.64,2026-10-01
AMAL,EQ,01-Oct-2026,684.5,690.85,705.0,690.2,702.4,9548,66.72,682,6908.0,72.35,2026-10-01
AMANTA,BE,01-Oct-2026,190.39,187.55,194.0,187.55,190.4,44349,85.01,150,,,2026-10-01
AMARJOTHI,EQ,01-Oct-2026,149.0,149.0,150.85,145.0,150.0,1626,2.41,35,1543.0,94.9,2026-10-01
AMBAAUTO,SM,01-Oct-2026,104.55,104.0,108.5,103.25,108.5,6000,6.29,6,6000.0,100.0,2026-10-01
AMBALALSA,BE,01-Oct-2026,39.54,39.0,39.46,37.58,37.89,58255,22.31,210,,,2026-10-01
AMBANIORGO,SM,01-Oct-2026,115.0,115.05,115.05,115.05,115.05,61000,70.18,1,61000.0,100.0,2026-10-01
AMBER,EQ,01-Oct-2026,6672.5,6658.0,6737.5,6431.0,6500.0,133557,8789.43,22465,42798.0,32.04,2026-10-01
AMBICAAGAR,EQ,01-Oct-2026,24.4,24.93,24.93,23.67,23.89,2450,0.59,56,2390.0,97.55,2026-10-01
AMBIKCO,EQ,01-Oct-2026,1520.6,1525.0,1525.0,1491.0,1505.8,7854,118.23,808,5801.0,73.86,2026-10-01
AMBUJACEM,EQ,01-Oct-2026,374.0,371.5,371.6,356.3,362.25,3893265,14131.73,59683,1310858.0,33.67,2026-10-01
AMCL,SM,01-Oct-2026,349.0,343.0,347.0,341.05,341.05,4800,16.47,7,4800.0,100.0,2026-10-01
AMDIND,BE,01-Oct-2026,53.45,53.4,53.5,51.11,52.09,14062,7.36,145,,,2026-10-01
AMEYA,SM,01-Oct-2026,153.5,151.0,151.0,145.9,150.5,6000,8.88,6,6000.0,100.0,2026-10-01
AMJLAND,EQ,01-Oct-2026,37.62,38.27,38.75,36.1,37.02,30216,11.24,262,23075.0,76.37,2026-10-01
AMNPLST,EQ,01-Oct-2026,171.57,178.0,178.0,164.0,165.43,4515,7.49,168,3580.0,79.29,2026-10-01
AMRUTANJAN,EQ,01-Oct-2026,514.75,516.45,517.05,498.55,513.2,97538,497.19,3529,55965.0,57.38,2026-10-01
ANANDRATHI,EQ,01-Oct-2026,2120.0,2100.0,2130.7,2086.0,2117.5,284498,5998.4,21903,159168.0,55.95,2026-10-01
ANANTAM,IV,01-Oct-2026,103.92,104.0,104.0,103.6,103.98,9792,10.18,100,9319.0,95.17,2026-10-01
ANANTRAJ,EQ,01-Oct-2026,598.9,595.0,598.5,569.05,577.85,1533673,8925.78,41096,611678.0,39.88,2026-10-01
ANAWIL,SM,01-Oct-2026,478.5,460.2,460.5,412.7,425.75,746000,3230.96,1664,392000.0,52.55,2026-10-01
ANDHRAPAP,EQ,01-Oct-2026,72.68,72.92,72.92,70.0,71.36,222862,158.49,4957,114171.0,51.23,2026-10-01
ANDHRSUGAR,EQ,01-Oct-2026,93.15,92.6,93.06,90.0,91.06,308635,281.1,5620,141225.0,45.76,2026-10-01
ANDREWYU,EQ,01-Oct-2026,26.02,25.53,26.28,24.1,24.98,143819,36.17,1437,97332.0,67.68,2026-10-01
ANGELONE,EQ,01-Oct-2026,274.0,274.0,279.85,267.8,276.8,6751156,18452.36,45408,2320092.0,34.37,2026-10-01
ANIKINDS,EQ,01-Oct-2026,44.45,44.44,44.44,42.6,44.0,2343,1.03,54,1933.0,82.5,2026-10-01
ANKITMETAL,BZ,01-Oct-2026,1.97,2.06,2.06,2.06,2.06,144069,2.97,36,,,2026-10-01
ANLON,SM,01-Oct-2026,816.35,816.35,816.35,751.0,758.55,17600,135.96,39,13600.0,77.27,2026-10-01
ANMOL,BE,01-Oct-2026,13.71,13.8,14.23,13.31,13.5,50602,6.9,145,,,2026-10-01
ANNAPURNA,EQ,01-Oct-2026,131.0,130.04,134.94,125.0,128.6,40390,52.12,1184,27423.0,67.9,2026-10-01
ANNU,EQ,01-Oct-2026,48.22,48.45,48.9,46.62,47.09,610098,291.42,6649,212565.0,34.84,2026-10-01
ANONDITA,SM,01-Oct-2026,1084.6,1088.0,1096.0,1040.15,1078.7,116200,1236.88,428,82600.0,71.08,2026-10-01
ANSALAPI,BZ,01-Oct-2026,4.16,4.21,4.24,4.08,4.08,6717,0.28,48,,,2026-10-01
ANSALBU,EQ,01-Oct-2026,87.75,88.35,88.35,84.01,85.13,531,0.46,25,478.0,90.02,2026-10-01
ANTELOPUS,EQ,01-Oct-2026,1125.9,1124.7,1154.5,1070.0,1106.5,496027,5500.43,31338,104222.0,21.01,2026-10-01
ANTGRAPHIC,EQ,01-Oct-2026,0.71,0.71,0.72,0.69,0.69,127074,0.89,163,117574.0,92.52,2026-10-01
ANTHEM,EQ,01-Oct-2026,858.6,851.5,859.75,830.6,855.75,648832,5473.49,35914,382767.0,58.99,2026-10-01
ANUHPHR,EQ,01-Oct-2026,87.4,87.0,88.94,84.42,85.85,130021,111.46,2130,70392.0,54.14,2026-10-01
ANUP,EQ,01-Oct-2026,1596.3,1580.1,1593.4,1535.0,1566.7,26234,410.17,4927,12613.0,48.08,2026-10-01
ANURAS,EQ,01-Oct-2026,1181.0,1181.0,1187.3,1151.5,1163.7,224878,2624.25,10715,119506.0,53.14,2026-10-01
ANYA,SM,01-Oct-2026,17.95,17.9,17.9,17.3,17.3,40000,7.08,5,40000.0,100.0,2026-10-01
AONEGOLD,EQ,01-Oct-2026,13.72,13.68,13.84,13.67,13.68,325454,44.64,1910,163035.0,50.09,2026-10-01
AONELIQUID,EQ,01-Oct-2026,1079.0,1079.59,1079.59,1079.57,1079.57,16340,176.4,126,6935.0,42.44,2026-10-01
AONENIFTY,EQ,01-Oct-2026,9.37,9.13,9.54,9.13,9.36,356413,33.1,1728,258889.0,72.64,2026-10-01
AONESILVER,EQ,01-Oct-2026,8.36,8.45,8.45,8.33,8.35,419116,35.1,1088,329561.0,78.63,2026-10-01
AONESTEELS,EQ,01-Oct-2026,405.0,455.0,470.0,393.7,416.55,14841745,64792.15,237224,6057750.0,40.82,2026-10-01
AONETMMQ50,EQ,01-Oct-2026,9.95,9.99,10.0,9.71,9.84,324411,32.06,337,296786.0,91.48,2026-10-01
AONETOTAL,EQ,01-Oct-2026,11.37,11.87,11.87,11.1,11.22,337958,37.92,1358,192041.0,56.82,2026-10-01
APARINDS,EQ,01-Oct-2026,17384.0,17384.0,17868.0,16955.0,17648.0,138360,24294.07,38683,43735.0,31.61,2026-10-01
APCL,EQ,01-Oct-2026,94.22,94.22,97.0,94.0,94.76,2221,2.09,81,1821.0,81.99,2026-10-01
APCOTEXIND,EQ,01-Oct-2026,595.6,596.4,600.2,575.35,593.25,84363,495.8,5221,46653.0,55.3,2026-10-01
APEX,EQ,01-Oct-2026,336.5,338.2,341.95,320.3,326.3,123991,406.73,5707,44981.0,36.28,2026-10-01
APEXECO,ST,01-Oct-2026,269.35,269.0,269.0,255.9,255.95,17600,45.42,18,17600.0,100.0,2026-10-01
APLAPOLLO,EQ,01-Oct-2026,2190.1,2187.2,2196.8,2059.5,2115.7,1615913,34388.9,59984,751142.0,46.48,2026-10-01
APLLTD,EQ,01-Oct-2026,825.45,816.0,827.85,803.5,815.25,327528,2669.71,27711,208291.0,63.59,2026-10-01
APOLLO,EQ,01-Oct-2026,403.45,401.85,403.4,389.1,394.0,4102186,16231.01,58132,1435879.0,35.0,2026-10-01
APOLLOHOSP,EQ,01-Oct-2026,8165.5,8090.0,8135.0,7910.0,8133.5,939105,75489.92,116198,521015.0,55.48,2026-10-01
APOLLOPIPE,EQ,01-Oct-2026,507.85,507.85,524.0,500.2,512.6,140005,715.15,6216,56870.0,40.62,2026-10-01
APOLLOTYRE,EQ,01-Oct-2026,404.7,402.0,406.75,392.85,404.75,708176,2828.17,32776,291292.0,41.13,2026-10-01
APOLSINHOT,EQ,01-Oct-2026,1162.6,1170.0,1194.9,1146.0,1155.9,762,8.9,115,584.0,76.64,2026-10-01
APOORVA,BE,01-Oct-2026,33.0,34.6,34.6,33.0,33.0,263,0.09,7,,,2026-10-01
APRAMEYA,SM,01-Oct-2026,104.5,102.0,104.0,102.0,102.0,10500,10.77,17,10000.0,95.24,2026-10-01
APS,SM,01-Oct-2026,227.3,228.9,234.0,224.0,226.7,21750,49.78,76,16000.0,73.56,2026-10-01
APSISAERO,ST,01-Oct-2026,571.8,586.9,587.5,543.25,555.0,15600,87.4,11,15600.0,100.0,2026-10-01
APTECHT,EQ,01-Oct-2026,88.26,88.26,88.97,85.72,87.03,46982,40.83,1122,24698.0,52.57,2026-10-01
APTUS,EQ,01-Oct-2026,232.53,231.0,231.0,223.28,226.4,1566543,3557.98,36786,898918.0,57.38,2026-10-01
AQYLON,EQ,01-Oct-2026,16.26,15.97,16.0,15.45,15.46,669216,104.59,1624,430332.0,64.3,2026-10-01
ARABIAN,SM,01-Oct-2026,88.0,85.0,88.0,80.35,88.0,30000,25.24,15,20000.0,66.67,2026-10-01
ARCHIDPLY,EQ,01-Oct-2026,103.5,104.49,106.85,100.01,101.79,27789,28.36,304,23348.0,84.02,2026-10-01
ARCHIES,EQ,01-Oct-2026,12.39,12.36,12.75,12.05,12.37,18310,2.26,103,11855.0,64.75,2026-10-01
ARCIIL,SM,01-Oct-2026,32.0,30.85,31.05,30.5,30.7,10000,3.08,10,9000.0,90.0,2026-10-01
ARCIL,EQ,01-Oct-2026,144.59,145.4,147.35,137.5,139.92,1662073,2347.37,49265,908774.0,54.68,2026-10-01
ARCL,EQ,01-Oct-2026,241.9,236.0,245.0,229.81,229.81,7120,16.64,142,3472.0,48.76,2026-10-01
ARDEE,EQ,01-Oct-2026,50.77,50.96,50.96,48.42,48.81,2106823,1039.19,18706,1059662.0,50.3,2026-10-01
ARE&M,EQ,01-Oct-2026,754.55,754.55,758.25,734.65,747.4,509131,3806.4,34495,250816.0,49.26,2026-10-01
ARENTERP,EQ,01-Oct-2026,33.9,33.8,33.8,32.0,33.79,56,0.02,10,40.0,71.43,2026-10-01
ARFIN,EQ,01-Oct-2026,89.19,89.0,89.89,86.05,87.25,1211274,1061.01,4893,365083.0,30.14,2026-10-01
ARHAM,SM,01-Oct-2026,220.1,218.0,218.0,203.55,206.3,360000,741.53,192,290000.0,80.56,2026-10-01
ARIES,BE,01-Oct-2026,480.55,472.1,489.0,456.6,477.4,27860,132.81,315,,,2026-10-01
ARIHANT,EQ,01-Oct-2026,900.7,889.4,939.4,874.8,894.1,570,5.08,95,390.0,68.42,2026-10-01
ARIHANTCAP,EQ,01-Oct-2026,89.74,89.74,89.74,87.1,88.59,183141,161.69,2516,92138.0,50.31,2026-10-01
ARIHANTSUP,EQ,01-Oct-2026,222.85,225.2,230.95,210.82,216.63,6122,13.43,403,3852.0,62.92,2026-10-01
ARIS,EQ,01-Oct-2026,143.88,143.69,143.69,134.98,138.66,1086645,1511.98,14478,559657.0,51.5,2026-10-01
ARISTO,SM,01-Oct-2026,95.0,92.0,92.0,92.0,92.0,800,0.74,1,800.0,100.0,2026-10-01
ARKADE,EQ,01-Oct-2026,119.39,119.89,120.5,116.2,118.69,123249,145.73,1909,52693.0,42.75,2026-10-01
ARMANFIN,EQ,01-Oct-2026,1744.2,1739.9,1785.0,1703.0,1764.4,38263,666.9,4930,17999.0,47.04,2026-10-01
ARMEE,EQ,01-Oct-2026,300.0,280.0,288.25,258.5,273.35,7738466,21290.76,123368,961395.0,12.42,2026-10-01
ARMOUR,ST,01-Oct-2026,21.1,20.1,20.1,20.1,20.1,16000,3.22,7,16000.0,100.0,2026-10-01
AROGRANITE,EQ,01-Oct-2026,23.28,23.55,23.6,22.06,22.35,3964,0.9,61,2378.0,59.99,2026-10-01
ARROWGREEN,EQ,01-Oct-2026,856.05,861.0,876.15,829.0,865.2,40400,344.49,3788,20048.0,49.62,2026-10-01
ARSHIYA,BZ,01-Oct-2026,0.81,0.84,0.84,0.79,0.81,59625,0.5,70,,,2026-10-01
ARSSBL,EQ,01-Oct-2026,515.1,513.65,525.0,510.0,521.05,301379,1566.76,7902,160474.0,53.25,2026-10-01
ARTEMISMED,EQ,01-Oct-2026,345.55,342.8,346.45,327.95,336.4,804191,2697.92,32939,399822.0,49.72,2026-10-01
ARTNIRMAN,EQ,01-Oct-2026,40.24,40.35,40.36,40.0,40.0,39,0.02,6,39.0,100.0,2026-10-01
ARUNAYA,SM,01-Oct-2026,14.2,14.2,14.6,13.9,13.95,18000,2.55,9,14000.0,77.78,2026-10-01
ARVEE,EQ,01-Oct-2026,225.16,232.99,232.99,207.0,215.32,7676,16.58,367,3449.0,44.93,2026-10-01
ARVIND,EQ,01-Oct-2026,539.9,537.6,544.6,522.0,534.05,565179,3003.44,35562,216031.0,38.22,2026-10-01
ARVINDFASN,EQ,01-Oct-2026,387.45,385.0,386.95,373.35,379.7,227031,862.15,18546,119911.0,52.82,2026-10-01
ARVINDPORT,SM,01-Oct-2026,33.05,32.8,33.05,32.8,33.05,3000,0.99,2,3000.0,100.0,2026-10-01
ARVSMART,EQ,01-Oct-2026,601.75,601.75,603.9,585.15,592.5,55885,332.24,3076,25489.0,45.61,2026-10-01
ARYAMAN,EQ,01-Oct-2026,630.0,620.0,624.0,620.0,624.0,14,0.09,3,14.0,100.0,2026-10-01
ASAHIINDIA,EQ,01-Oct-2026,958.85,962.0,962.0,934.65,944.25,148204,1400.68,14158,66622.0,44.95,2026-10-01
ASAHISONG,BE,01-Oct-2026,389.15,387.0,387.0,369.7,371.25,9671,36.41,134,,,2026-10-01
ASAL,EQ,01-Oct-2026,433.5,430.5,433.4,420.3,426.9,9400,40.14,775,5386.0,57.3,2026-10-01
ASALCBR,EQ,01-Oct-2026,615.45,615.45,620.0,596.05,611.1,48945,297.51,3111,31491.0,64.34,2026-10-01
ASHALOG,SM,01-Oct-2026,61.0,61.0,61.0,61.0,61.0,1000,0.61,1,1000.0,100.0,2026-10-01
ASHAPURMIN,EQ,01-Oct-2026,504.15,502.3,502.7,485.35,489.95,247497,1221.35,9150,122823.0,49.63,2026-10-01
ASHIANA,EQ,01-Oct-2026,386.0,387.15,387.15,374.65,383.95,37988,144.99,1626,21160.0,55.7,2026-10-01
ASHIKAG,BE,01-Oct-2026,397.85,395.05,395.05,381.0,392.05,26221,102.77,213,,,2026-10-01
ASHIMASYN,EQ,01-Oct-2026,15.98,15.9,16.0,15.1,15.31,158547,24.68,651,133688.0,84.32,2026-10-01
ASHOKA,EQ,01-Oct-2026,107.75,107.75,108.08,103.5,105.31,960898,1012.49,12609,413534.0,43.04,2026-10-01
ASHOKAMET,EQ,01-Oct-2026,15.18,15.01,15.58,14.4,14.53,45837,6.77,376,30505.0,66.55,2026-10-01
ASHOKLEY,EQ,01-Oct-2026,154.19,154.45,154.86,148.5,150.48,20574319,31002.27,96808,7814579.0,37.98,2026-10-01
ASHUTOSH,SM,01-Oct-2026,153.5,153.5,153.85,145.5,148.6,205200,307.04,157,130800.0,63.74,2026-10-01
ASHWINI,SM,01-Oct-2026,166.0,165.0,165.0,162.5,162.5,2000,3.28,2,2000.0,100.0,2026-10-01
ASIANENE,EQ,01-Oct-2026,471.85,472.85,473.0,451.25,466.75,229027,1055.15,9176,107126.0,46.77,2026-10-01
ASIANHOTNR,EQ,01-Oct-2026,354.8,357.0,357.0,340.0,348.1,32017,112.5,996,23662.0,73.9,2026-10-01
ASIANPAINT,EQ,01-Oct-2026,2402.6,2391.0,2420.0,2377.0,2407.0,1005836,24003.89,45432,708123.0,70.4,2026-10-01
ASIANTILES,EQ,01-Oct-2026,49.68,49.44,49.55,47.5,47.95,1282482,624.44,4439,554287.0,43.22,2026-10-01
ASIANTNE,EQ,01-Oct-2026,9.22,9.22,9.22,8.5,8.95,3483,0.31,64,2304.0,66.15,2026-10-01
ASKAUTOLTD,EQ,01-Oct-2026,640.1,637.1,637.1,608.55,618.15,325106,2003.1,22736,148705.0,45.74,2026-10-01
ASMS,EQ,01-Oct-2026,6.06,6.02,6.12,5.84,5.92,174867,10.39,605,128500.0,73.48,2026-10-01
ASPINWALL,EQ,01-Oct-2026,241.85,237.25,247.5,234.6,240.1,23169,55.78,114,17480.0,75.45,2026-10-01
ASPIRE,SM,01-Oct-2026,14.25,14.9,14.95,14.8,14.95,58000,8.65,22,48000.0,82.76,2026-10-01
ASSAMENT,EQ,01-Oct-2026,818.0,780.0,810.0,780.0,799.0,3,0.02,3,2.0,66.67,2026-10-01
ASTAR,EQ,01-Oct-2026,679.7,660.0,689.85,660.0,664.5,325,2.17,59,215.0,66.15,2026-10-01
ASTEC,EQ,01-Oct-2026,722.75,712.05,725.4,684.8,708.6,71196,502.68,4339,24231.0,34.03,2026-10-01
ASTERDM,EQ,01-Oct-2026,697.15,694.05,712.2,684.25,708.9,1534481,10789.94,67386,976327.0,63.63,2026-10-01
ASTRAL,EQ,01-Oct-2026,1370.4,1368.1,1368.5,1316.1,1344.0,299231,4007.35,27431,148055.0,49.48,2026-10-01
ASTRAMICRO,EQ,01-Oct-2026,1636.7,1629.6,1634.8,1605.0,1624.5,308113,4991.21,25634,157520.0,51.12,2026-10-01
ASTRAZEN,EQ,01-Oct-2026,6186.0,6153.5,6172.0,5986.0,6031.0,11473,695.92,3513,5225.0,45.54,2026-10-01
ASTRON,BZ,01-Oct-2026,2.8,2.85,2.88,2.73,2.81,33088,0.93,67,,,2026-10-01
ATALREAL,EQ,01-Oct-2026,12.58,12.78,13.06,11.96,12.78,2168896,269.67,2369,951986.0,43.89,2026-10-01
ATAM,EQ,01-Oct-2026,56.34,57.0,57.0,54.0,55.35,5829,3.22,308,3357.0,57.59,2026-10-01
ATCENERGY,SM,01-Oct-2026,22.85,22.4,22.95,20.6,20.6,159600,34.2,115,64800.0,40.6,2026-10-01
ATGL,EQ,01-Oct-2026,593.9,590.1,594.15,572.05,583.05,812043,4731.8,34282,230271.0,28.36,2026-10-01
ATHERENERG,EQ,01-Oct-2026,1425.0,1422.0,1429.1,1373.6,1406.1,4210984,58778.82,120229,1776870.0,42.2,2026-10-01
ATL,EQ,01-Oct-2026,24.44,24.18,24.79,23.1,23.59,146141,34.68,1319,105119.0,71.93,2026-10-01
ATLANTAA,EQ,01-Oct-2026,37.25,37.0,37.98,35.2,35.71,448047,162.33,1376,92452.0,20.63,2026-10-01
ATLANTAELE,EQ,01-Oct-2026,1608.1,1608.0,1738.8,1596.0,1716.5,345205,5867.33,34796,100092.0,28.99,2026-10-01
ATLASCYCLE,EQ,01-Oct-2026,93.53,93.54,95.68,90.7,91.74,10125,9.42,214,4729.0,46.71,2026-10-01
ATLPP,E1,01-Oct-2026,9.2,9.2,9.2,8.68,8.85,465,0.04,10,465.0,100.0,2026-10-01
ATMASTCO,SM,01-Oct-2026,114.0,115.55,117.0,114.25,115.5,8800,10.13,16,8400.0,95.45,2026-10-01
ATUL,EQ,01-Oct-2026,5915.5,5910.0,5944.5,5798.0,5861.0,22403,1315.4,7851,11759.0,52.49,2026-10-01
ATULAUTO,EQ,01-Oct-2026,448.15,449.65,467.95,420.25,424.8,671718,2949.6,29394,148057.0,22.04,2026-10-01
AUBANK,EQ,01-Oct-2026,1010.3,1009.0,1009.0,974.2,987.0,2487890,24743.27,79076,1363974.0,54.82,2026-10-01
AUGMONT,EQ,01-Oct-2026,1086.55,1105.0,1195.2,1105.0,1195.2,2504499,29546.7,62660,670404.0,26.77,2026-10-01
AURIONPRO,EQ,01-Oct-2026,622.1,622.1,629.0,593.35,607.8,181004,1105.24,10869,93374.0,51.59,2026-10-01
AUROIMPEX,ST,01-Oct-2026,40.85,38.85,38.85,38.85,38.85,3200,1.24,2,3200.0,100.0,2026-10-01
AUROPHARMA,EQ,01-Oct-2026,1672.0,1677.9,1700.7,1654.2,1676.8,1074057,17995.14,49693,541384.0,50.41,2026-10-01
AURUM,EQ,01-Oct-2026,232.37,231.0,231.5,220.33,223.41,104235,235.06,3718,50017.0,47.98,2026-10-01
AURUS,EQ,01-Oct-2026,4.43,4.43,4.62,4.32,4.4,16761,0.75,113,11560.0,68.97,2026-10-01
AUSL,SM,01-Oct-2026,23.0,23.5,23.5,23.5,23.5,4000,0.94,2,4000.0,100.0,2026-10-01
AUSOMENT,EQ,01-Oct-2026,140.68,140.0,140.68,138.01,139.0,1677,2.33,47,1650.0,98.39,2026-10-01
AUSTENG,EQ,01-Oct-2026,171.52,175.0,176.5,165.12,167.72,33542,57.35,707,21574.0,64.32,2026-10-01
AUTOAXLES,EQ,01-Oct-2026,1706.5,1710.0,1715.0,1668.1,1683.0,9485,160.3,757,6909.0,72.84,2026-10-01
AUTOBEES,EQ,01-Oct-2026,272.25,272.85,273.49,260.1,263.65,699626,1846.49,11058,383121.0,54.76,2026-10-01
AUTOIETF,EQ,01-Oct-2026,27.3,26.61,27.49,26.06,26.54,2925083,773.99,7349,1744229.0,59.63,2026-10-01
AUTOIND,EQ,01-Oct-2026,82.66,82.0,83.19,78.51,81.4,141949,114.74,1993,90281.0,63.6,2026-10-01
AVADHSUGAR,EQ,01-Oct-2026,800.2,807.85,807.85,744.0,764.6,124667,954.27,7545,56914.0,45.65,2026-10-01
AVALON,EQ,01-Oct-2026,2296.7,2288.0,2357.0,2214.3,2280.2,321345,7352.31,36331,103287.0,32.14,2026-10-01
AVANA,ST,01-Oct-2026,129.95,129.95,130.0,125.25,126.6,16000,20.38,8,12000.0,75.0,2026-10-01
AVANCE,EQ,01-Oct-2026,0.82,0.82,0.84,0.8,0.8,4173288,34.0,1422,2795523.0,66.99,2026-10-01
AVANTEL,EQ,01-Oct-2026,154.06,152.79,153.01,147.6,150.28,1236855,1856.02,18447,377911.0,30.55,2026-10-01
AVANTIFEED,EQ,01-Oct-2026,717.8,713.25,724.85,700.0,711.55,325188,2314.43,22570,126207.0,38.81,2026-10-01
AVATAR,ST,01-Oct-2026,160.75,152.75,152.75,152.75,152.75,8000,12.22,4,8000.0,100.0,2026-10-01
AVG,BE,01-Oct-2026,167.23,172.0,172.0,162.0,166.0,5213,8.74,49,,,2026-10-01
AVIANSH,SM,01-Oct-2026,100.5,100.5,100.5,100.5,100.5,1000,1.01,1,1000.0,100.0,2026-10-01
AVIENCE,SM,01-Oct-2026,359.7,340.05,341.0,323.75,323.75,213600,706.78,333,102000.0,47.75,2026-10-01
AVL,EQ,01-Oct-2026,594.35,597.7,597.7,560.9,572.3,241841,1381.88,25352,113582.0,46.97,2026-10-01
AVONMORE,EQ,01-Oct-2026,12.94,13.1,13.49,12.55,12.79,92766,12.0,338,66345.0,71.52,2026-10-01
AVPINFRA,SM,01-Oct-2026,59.55,58.95,58.95,55.5,56.75,24000,13.67,24,12800.0,53.33,2026-10-01
AVROIND,EQ,01-Oct-2026,6.83,6.99,6.99,6.58,6.68,47444,3.19,485,36229.0,76.36,2026-10-01
AVTNPL,EQ,01-Oct-2026,91.29,91.2,91.2,86.0,87.85,198387,174.17,3199,102691.0,51.76,2026-10-01
AWFIS,EQ,01-Oct-2026,244.1,244.1,246.6,233.51,235.26,458720,1093.69,15156,237882.0,51.86,2026-10-01
AWHCL,EQ,01-Oct-2026,364.55,364.55,365.05,347.0,355.4,92442,326.99,4492,53199.0,57.55,2026-10-01
AWL,EQ,01-Oct-2026,177.68,176.61,178.9,173.65,175.43,1991498,3508.48,30364,1086812.0,54.57,2026-10-01
AXIOMGAS,ST,01-Oct-2026,46.4,44.1,44.1,44.1,44.1,20000,8.82,8,20000.0,100.0,2026-10-01
AXISBANK,EQ,01-Oct-2026,1226.0,1219.1,1241.6,1215.3,1217.1,7005197,85900.64,236602,4268198.0,60.93,2026-10-01
AXISCADES,EQ,01-Oct-2026,2231.2,2226.1,2349.6,2160.3,2307.3,681040,15506.38,69568,234645.0,34.45,2026-10-01
AXITA,EQ,01-Oct-2026,7.71,7.69,7.69,7.56,7.58,1182454,89.88,941,994835.0,84.13,2026-10-01
AXTEL,EQ,01-Oct-2026,440.8,436.25,444.0,434.15,435.45,2288,10.01,141,1600.0,69.93,2026-10-01
AYE,EQ,01-Oct-2026,155.89,154.34,164.48,152.5,163.29,1485970,2359.88,27710,583495.0,39.27,2026-10-01
AYMSYNTEX,EQ,01-Oct-2026,292.15,293.15,295.9,271.65,279.95,157272,437.8,3471,109095.0,69.37,2026-10-01
AZAD,EQ,01-Oct-2026,2963.2,2982.0,2982.0,2825.1,2860.9,1334621,38359.0,84533,310467.0,23.26,2026-10-01
AZADIND,EQ,01-Oct-2026,84.6,85.01,88.89,84.98,85.95,233540,201.18,2631,46416.0,19.87,2026-10-01
BABAFP,SM,01-Oct-2026,22.2,22.5,22.5,21.3,21.3,3200,0.7,2,3200.0,100.0,2026-10-01
BAFNAPH,BE,01-Oct-2026,371.35,378.75,378.75,378.75,378.75,500,1.89,10,,,2026-10-01
BAGDIGITAL,SM,01-Oct-2026,100.75,101.0,107.0,100.0,106.7,81600,85.67,46,35200.0,43.14,2026-10-01
BAGFILMS,EQ,01-Oct-2026,4.1,4.18,4.18,4.01,4.07,27797,1.14,139,26601.0,95.7,2026-10-01
BAGMANE,RR,01-Oct-2026,108.48,108.0,108.99,106.4,106.73,435075,465.38,7952,320186.0,73.59,2026-10-01
BAHETI,SM,01-Oct-2026,748.5,747.0,748.0,721.05,733.1,15750,115.61,40,10875.0,69.05,2026-10-01
BAIDFIN,EQ,01-Oct-2026,10.38,10.38,10.5,10.15,10.31,42200,4.35,181,34559.0,81.89,2026-10-01
BAJAJ-AUTO,EQ,01-Oct-2026,10874.0,10701.0,10714.0,9900.0,10045.0,1491300,151003.56,150117,395718.0,26.54,2026-10-01
BAJAJCON,EQ,01-Oct-2026,495.55,495.0,502.6,487.0,497.05,519447,2573.82,16645,275428.0,53.02,2026-10-01
BAJAJELEC,EQ,01-Oct-2026,303.4,303.05,306.15,296.0,299.8,107359,322.33,5397,51685.0,48.14,2026-10-01
BAJAJFINSV,EQ,01-Oct-2026,1731.0,1723.0,1734.9,1703.4,1732.6,2292234,39475.98,58217,1687527.0,73.62,2026-10-01
BAJAJHCARE,EQ,01-Oct-2026,327.2,325.0,325.5,316.35,322.95,128069,411.37,4449,64064.0,50.02,2026-10-01
BAJAJHFL,EQ,01-Oct-2026,82.0,82.0,83.19,81.06,82.91,5602067,4593.51,43946,3040543.0,54.28,2026-10-01
BAJAJHIND,EQ,01-Oct-2026,19.54,19.5,19.54,18.8,19.19,10262513,1970.24,15966,2921215.0,28.46,2026-10-01
BAJAJHLDNG,EQ,01-Oct-2026,10788.0,10775.0,10775.0,10415.0,10666.0,39942,4234.99,12820,19539.0,48.92,2026-10-01
BAJAJINDEF,EQ,01-Oct-2026,211.02,211.02,213.58,201.5,208.52,13085,27.07,698,8334.0,63.69,2026-10-01
BAJAJST,EQ,01-Oct-2026,345.45,349.0,350.0,326.1,335.7,10573,35.54,814,6039.0,57.12,2026-10-01
BAJEL,EQ,01-Oct-2026,164.9,164.9,165.39,159.0,163.63,151355,246.85,3319,82665.0,54.62,2026-10-01
BAJFINANCE,EQ,01-Oct-2026,959.4,953.9,955.95,937.3,948.3,5698769,53981.23,188076,3384035.0,59.38,2026-10-01
BALAJEE,EQ,01-Oct-2026,25.2,25.72,25.72,24.6,25.2,15952,4.01,188,12154.0,76.19,2026-10-01
BALAJIPHOS,SM,01-Oct-2026,105.75,105.75,106.4,105.75,106.4,4000,4.25,4,2000.0,50.0,2026-10-01
BALAJITELE,EQ,01-Oct-2026,91.26,91.25,92.46,88.0,90.04,383292,344.67,4331,221513.0,57.79,2026-10-01
BALAMINES,EQ,01-Oct-2026,2118.5,2120.0,2129.4,2011.5,2052.2,213491,4388.85,21378,94296.0,44.17,2026-10-01
BALAXI,EQ,01-Oct-2026,22.78,23.19,23.19,22.2,22.34,20508,4.61,257,17736.0,86.48,2026-10-01
BALCO,SM,01-Oct-2026,18.9,18.0,19.0,18.0,19.0,2400,0.44,2,1200.0,50.0,2026-10-01
BALKRISHNA,EQ,01-Oct-2026,16.29,15.76,16.5,15.36,15.94,7587,1.2,85,6387.0,84.18,2026-10-01
BALKRISIND,EQ,01-Oct-2026,2117.0,2101.0,2108.0,2048.9,2083.5,326468,6785.09,34787,214389.0,65.67,2026-10-01
BALMLAWRIE,EQ,01-Oct-2026,161.16,161.16,161.26,158.1,159.3,116563,186.41,2762,69033.0,59.22,2026-10-01
BALPHARMA,EQ,01-Oct-2026,109.53,109.1,110.0,104.51,105.74,54348,57.76,1536,26923.0,49.54,2026-10-01
BALRAMCHIN,EQ,01-Oct-2026,662.85,660.0,666.55,638.0,649.05,838261,5463.77,24384,240804.0,28.73,2026-10-01
BALUFORGE,EQ,01-Oct-2026,496.35,494.0,496.25,479.0,488.95,375442,1828.72,14974,144792.0,38.57,2026-10-01
BANARBEADS,EQ,01-Oct-2026,120.75,120.85,122.0,116.0,116.0,1632,1.95,79,1057.0,64.77,2026-10-01
BANARISUG,EQ,01-Oct-2026,3300.2,3300.2,3327.0,3261.0,3300.5,1105,36.46,153,918.0,83.08,2026-10-01
BANCOINDIA,EQ,01-Oct-2026,606.3,604.0,604.0,584.35,589.85,78841,466.96,7112,40462.0,51.32,2026-10-01
BANDHANBNK,EQ,01-Oct-2026,178.23,178.25,180.93,172.86,176.0,11142144,19668.4,48164,3934354.0,35.31,2026-10-01
BANG,EQ,01-Oct-2026,32.27,32.98,32.98,31.3,31.44,30072,9.72,138,18232.0,60.63,2026-10-01
BANK10ADD,EQ,01-Oct-2026,16.27,16.25,16.32,15.98,15.99,41450,6.69,133,17940.0,43.28,2026-10-01
BANK10BETF,EQ,01-Oct-2026,19.89,19.98,20.15,19.37,19.76,14486081,2915.69,378,12634228.0,87.22,2026-10-01
BANKA,EQ,01-Oct-2026,70.0,70.0,70.5,67.75,68.51,19107,12.96,74,18967.0,99.27,2026-10-01
BANKADD,EQ,01-Oct-2026,56.23,56.2,56.44,54.96,55.71,29494,16.59,98,26873.0,91.11,2026-10-01
BANKBARODA,EQ,01-Oct-2026,230.55,230.0,233.99,229.52,230.82,9034271,20943.94,59157,4660592.0,51.59,2026-10-01
BANKBEES,EQ,01-Oct-2026,567.42,567.6,570.79,560.02,565.03,858482,4861.94,10279,450307.0,52.45,2026-10-01
BANKBETA,EQ,01-Oct-2026,57.02,57.19,57.19,56.01,56.42,66034,37.25,563,32046.0,48.53,2026-10-01
BANKBETF,EQ,01-Oct-2026,55.6,55.78,56.1,55.09,55.45,15677,8.71,295,7023.0,44.8,2026-10-01
BANKETF,EQ,01-Oct-2026,557.44,558.89,561.74,551.5,555.87,67918,377.95,471,37286.0,54.9,2026-10-01
BANKIETF,EQ,01-Oct-2026,56.42,57.42,57.42,55.56,56.13,253905,142.5,1759,147793.0,58.21,2026-10-01
BANKINDIA,EQ,01-Oct-2026,130.24,130.0,131.11,126.73,129.48,4296454,5540.78,30835,1587151.0,36.94,2026-10-01
BANKNIFTY1,EQ,01-Oct-2026,56.78,56.75,57.2,56.15,56.57,288250,163.34,943,191038.0,66.28,2026-10-01
BANKPSU,EQ,01-Oct-2026,81.09,80.75,81.25,79.33,80.0,10606,8.48,158,5749.0,54.21,2026-10-01
BANSALWIRE,EQ,01-Oct-2026,323.45,325.8,325.8,317.0,323.05,76604,245.84,4029,33844.0,44.18,2026-10-01
BANSWRAS,EQ,01-Oct-2026,108.61,109.05,109.5,104.41,105.1,22416,23.76,621,15919.0,71.02,2026-10-01
BARFLEX,SM,01-Oct-2026,49.25,49.5,50.5,49.5,50.5,26000,13.0,11,26000.0,100.0,2026-10-01
BASF,EQ,01-Oct-2026,3447.8,3450.2,3452.0,3363.3,3417.1,11006,375.41,3276,5325.0,48.38,2026-10-01
BASILIC,SM,01-Oct-2026,171.65,165.7,180.0,165.5,178.45,58200,102.42,123,49200.0,84.54,2026-10-01
BASML,BE,01-Oct-2026,23.0,22.97,22.97,22.02,22.66,69255,15.58,185,,,2026-10-01
BATAINDIA,EQ,01-Oct-2026,618.75,618.8,622.85,606.15,613.0,126719,778.11,10751,60548.0,47.78,2026-10-01
BATLIBOI,EQ,01-Oct-2026,82.95,83.9,84.0,79.24,82.35,25936,21.07,885,14820.0,57.14,2026-10-01
BAWEJA,SM,01-Oct-2026,25.65,28.0,28.2,26.5,26.5,24800,6.87,22,22400.0,90.32,2026-10-01
BAYERCROP,EQ,01-Oct-2026,3627.6,3620.0,3620.0,3513.0,3554.2,22516,800.64,5682,13905.0,61.76,2026-10-01
BBETF0432,EQ,01-Oct-2026,1335.5,1339.4,1339.44,1333.47,1333.92,1002,13.4,66,720.0,71.86,2026-10-01
BBL,EQ,01-Oct-2026,2095.2,2098.0,2126.4,2050.1,2069.6,30611,635.09,5024,17074.0,55.78,2026-10-01
BBNPNBETF,EQ,01-Oct-2026,55.39,55.39,56.5,54.54,55.0,576,0.32,33,498.0,86.46,2026-10-01
BBNPPGOLD,EQ,01-Oct-2026,142.05,142.75,143.0,141.0,141.9,10260,14.56,79,2740.0,26.71,2026-10-01
BBOX,EQ,01-Oct-2026,804.8,804.85,825.55,782.65,795.85,735809,5896.86,49227,249731.0,33.94,2026-10-01
BBTC,EQ,01-Oct-2026,1357.4,1346.4,1351.4,1307.0,1334.2,78135,1036.18,7326,46764.0,59.85,2026-10-01
BBTCL,EQ,01-Oct-2026,228.67,233.5,233.5,227.46,229.49,2533,5.81,114,2133.0,84.21,2026-10-01
BCG,EQ,01-Oct-2026,9.22,9.18,9.8,9.0,9.52,7417823,689.83,6616,4823873.0,65.03,2026-10-01
BCLIND,EQ,01-Oct-2026,31.79,31.7,31.77,30.41,31.24,529504,164.81,4112,288653.0,54.51,2026-10-01
BCONCEPTS,EQ,01-Oct-2026,140.66,139.95,145.32,137.42,140.41,7732,11.01,345,5873.0,75.96,2026-10-01
BCPL,EQ,01-Oct-2026,68.86,68.0,69.0,66.0,67.25,12237,8.25,367,6770.0,55.32,2026-10-01
BDL,EQ,01-Oct-2026,1110.1,1103.0,1115.7,1071.2,1087.9,928850,10127.37,49643,357795.0,38.52,2026-10-01
BEACON,SM,01-Oct-2026,85.5,85.0,88.95,84.5,85.0,10000,8.72,10,9000.0,90.0,2026-10-01
BEARDSELL,EQ,01-Oct-2026,22.43,23.48,23.48,21.21,22.13,43859,9.64,459,22378.0,51.02,2026-10-01
BECTORFOOD,EQ,01-Oct-2026,206.74,205.5,216.14,205.03,213.03,1664376,3536.06,36525,533583.0,32.06,2026-10-01
BEDMUTHA,EQ,01-Oct-2026,109.96,109.96,112.11,107.5,110.33,4916,5.43,92,4023.0,81.83,2026-10-01
BEEKAY,EQ,01-Oct-2026,452.95,462.7,475.0,431.3,435.4,3732,16.68,242,2792.0,74.81,2026-10-01
BEL,EQ,01-Oct-2026,388.3,385.2,386.15,378.65,383.1,10250149,39183.96,137037,5644252.0,55.07,2026-10-01
BELLACASA,EQ,01-Oct-2026,246.61,258.0,258.0,238.25,241.22,9891,24.28,1155,3176.0,32.11,2026-10-01
BELRISE,EQ,01-Oct-2026,240.36,240.0,244.66,232.65,237.5,3756358,8970.23,67849,1635898.0,43.55,2026-10-01
BEML,EQ,01-Oct-2026,1992.4,1960.0,1995.5,1930.0,1962.3,198724,3901.62,20932,50901.0,25.61,2026-10-01
BENARAS,EQ,01-Oct-2026,10215.0,10202.0,10249.0,10195.0,10249.0,82,8.36,29,76.0,92.68,2026-10-01
BENGALASM,EQ,01-Oct-2026,6103.0,6136.5,6136.5,6003.0,6088.0,385,23.46,299,28.0,7.27,2026-10-01
BEPL,EQ,01-Oct-2026,124.4,124.96,127.74,120.91,123.76,1534274,1907.19,13194,619413.0,40.37,2026-10-01
BERGEPAINT,EQ,01-Oct-2026,455.45,455.05,457.9,445.3,452.4,386752,1748.6,28355,204444.0,52.86,2026-10-01
BESTAGRO,EQ,01-Oct-2026,17.53,17.86,17.86,17.13,17.47,555610,96.98,1855,234982.0,42.29,2026-10-01
BETA,EQ,01-Oct-2026,2053.0,2030.0,2088.5,2020.0,2073.3,8698,177.92,1467,5496.0,63.19,2026-10-01
BEWLTD,SM,01-Oct-2026,60.5,60.0,62.4,57.25,58.5,23000,13.92,33,18000.0,78.26,2026-10-01
BFINVEST,EQ,01-Oct-2026,434.05,430.5,434.4,424.95,428.7,16511,70.78,997,8999.0,54.5,2026-10-01
BFSI,EQ,01-Oct-2026,25.66,25.66,25.85,25.34,25.52,421964,107.73,973,330286.0,78.27,2026-10-01
BFUTILITIE,EQ,01-Oct-2026,507.75,496.05,508.7,490.95,504.75,77989,389.04,3551,22489.0,28.84,2026-10-01
BGRENERGY,BE,01-Oct-2026,242.13,232.5,250.0,230.4,239.71,71185,170.26,822,,,2026-10-01
BHADORA,ST,01-Oct-2026,140.25,147.25,147.25,147.25,147.25,40800,60.08,32,40800.0,100.0,2026-10-01
BHAGCHEM,EQ,01-Oct-2026,238.55,237.5,238.5,228.0,236.15,139794,328.41,1919,85069.0,60.85,2026-10-01
BHAGERIA,EQ,01-Oct-2026,406.45,415.8,415.8,375.0,382.05,319885,1234.95,9651,146450.0,45.78,2026-10-01
BHAGYANGR,EQ,01-Oct-2026,411.15,412.7,415.0,391.1,402.65,140359,565.01,6536,72716.0,51.81,2026-10-01
BHANDARI,EQ,01-Oct-2026,2.89,2.9,2.91,2.8,2.82,90509,2.59,268,75966.0,83.93,2026-10-01
BHARATCOAL,EQ,01-Oct-2026,32.8,32.75,32.76,31.18,31.75,4959413,1580.36,19240,2045719.0,41.25,2026-10-01
BHARATFORG,EQ,01-Oct-2026,1926.0,1910.0,1915.9,1845.2,1875.0,1151437,21575.65,85160,654778.0,56.87,2026-10-01
BHARATGEAR,BE,01-Oct-2026,101.43,101.99,101.99,98.6,99.64,9756,9.78,112,,,2026-10-01
BHARATRAS,EQ,01-Oct-2026,1003.9,1003.9,1010.1,977.4,998.6,17142,170.27,2304,10123.0,59.05,2026-10-01
BHARATSE,EQ,01-Oct-2026,212.38,212.55,212.55,199.12,204.65,201132,410.04,5274,109762.0,54.57,2026-10-01
BHARATWIRE,EQ,01-Oct-2026,164.36,164.0,164.0,154.44,160.12,222059,353.58,4271,87055.0,39.2,2026-10-01
BHARTIARTL,EQ,01-Oct-2026,1757.0,1745.0,1765.8,1726.3,1741.1,5609657,98053.68,157519,3583928.0,63.89,2026-10-01
BHARTIHEXA,EQ,01-Oct-2026,1424.5,1404.0,1407.6,1365.6,1379.2,116666,1610.92,17665,60789.0,52.11,2026-10-01
BHEL,EQ,01-Oct-2026,415.5,413.75,428.15,411.35,421.0,12669050,53362.66,100698,4566551.0,36.04,2026-10-01
BI,BE,01-Oct-2026,98.67,96.7,96.7,96.7,96.7,818,0.79,13,,,2026-10-01
BIGBLOC,EQ,01-Oct-2026,39.79,39.05,39.93,36.8,38.78,63041,24.01,1025,39186.0,62.16,2026-10-01
BIKAJI,EQ,01-Oct-2026,521.8,519.35,521.75,497.65,504.05,604474,3063.92,22755,394963.0,65.34,2026-10-01
BIKEWO,ST,01-Oct-2026,119.7,120.1,122.0,120.05,122.0,28000,34.08,11,28000.0,100.0,2026-10-01
BIL,EQ,01-Oct-2026,995.1,995.05,1004.0,980.4,987.55,11722,115.65,388,9636.0,82.2,2026-10-01
BILVYAPAR,BE,01-Oct-2026,4.25,4.11,4.4,4.11,4.21,5504,0.23,20,,,2026-10-01
BIMETAL,EQ,01-Oct-2026,648.95,610.05,656.4,610.05,640.0,495,3.15,52,433.0,87.47,2026-10-01
BIOCON,EQ,01-Oct-2026,370.3,370.55,374.25,363.6,370.7,2525268,9331.25,43170,1075165.0,42.58,2026-10-01
BIOFILCHEM,EQ,01-Oct-2026,30.38,30.4,30.73,29.01,29.31,15611,4.66,313,9157.0,58.66,2026-10-01
BIOPOL,SM,01-Oct-2026,54.0,56.5,56.7,51.3,51.3,85200,46.49,66,73200.0,85.92,2026-10-01
BIRDYS,SM,01-Oct-2026,85.45,83.0,84.0,83.0,83.1,3600,3.0,3,1200.0,33.33,2026-10-01
BIRET,RR,01-Oct-2026,336.03,334.0,334.85,325.53,330.25,618497,2035.32,12726,349602.0,56.52,2026-10-01
BIRLACABLE,EQ,01-Oct-2026,381.15,377.9,389.0,362.1,383.0,403264,1510.66,10087,178104.0,44.17,2026-10-01
BIRLACORPN,EQ,01-Oct-2026,840.05,840.0,841.5,815.0,828.95,82178,680.22,6353,50573.0,61.54,2026-10-01
BIRLAMONEY,EQ,01-Oct-2026,114.78,114.78,115.9,110.1,112.82,31523,35.33,1208,16400.0,52.03,2026-10-01
BIRLANU,EQ,01-Oct-2026,1400.1,1399.9,1415.8,1350.0,1391.2,7041,97.44,987,5079.0,72.13,2026-10-01
BIRLAPREC,BE,01-Oct-2026,54.91,54.65,57.65,53.6,55.96,210297,119.12,714,,,2026-10-01
BLACKBUCK,EQ,01-Oct-2026,607.9,605.0,615.45,595.0,606.15,431008,2600.27,25658,173892.0,40.35,2026-10-01
BLACKROSE,EQ,01-Oct-2026,115.79,114.9,117.19,109.0,110.45,57092,64.96,833,40961.0,71.75,2026-10-01
BLAL,EQ,01-Oct-2026,160.26,161.0,161.38,156.06,157.83,13528,21.43,632,8910.0,65.86,2026-10-01
BLBLIMITED,EQ,01-Oct-2026,16.73,16.9,16.93,16.35,16.64,70212,11.67,393,48290.0,68.78,2026-10-01
BLEL,EQ,01-Oct-2026,485.6,482.0,495.95,461.0,467.95,1849262,8859.0,46455,361211.0,19.53,2026-10-01
BLIL,EQ,01-Oct-2026,65.23,65.89,65.89,64.22,65.01,75567,48.94,1951,58146.0,76.95,2026-10-01
BLISSGVS,BE,01-Oct-2026,694.45,681.0,700.0,670.0,683.6,138482,942.92,2296,,,2026-10-01
BLKASHYAP,EQ,01-Oct-2026,50.36,50.89,51.44,48.66,50.23,497255,248.62,3224,272044.0,54.71,2026-10-01
BLS,EQ,01-Oct-2026,218.26,217.0,219.8,212.0,216.51,803646,1734.72,21493,366549.0,45.61,2026-10-01
BLSE,EQ,01-Oct-2026,328.6,331.0,334.8,318.3,322.05,522976,1702.4,12511,239572.0,45.81,2026-10-01
BLUECLOUDS,EQ,01-Oct-2026,19.9,20.22,20.28,19.4,19.88,2430865,482.13,6825,955204.0,39.29,2026-10-01
BLUECOAST,EQ,01-Oct-2026,22.07,21.63,23.16,21.63,22.0,843,0.19,30,571.0,67.73,2026-10-01
BLUEDART,EQ,01-Oct-2026,4629.0,4713.9,4793.8,4460.0,4496.8,51320,2349.67,11854,9908.0,19.31,2026-10-01
BLUEJET,EQ,01-Oct-2026,538.05,538.05,545.0,521.15,541.8,522842,2787.91,26849,268128.0,51.28,2026-10-01
BLUEPEBBLE,ST,01-Oct-2026,65.0,67.5,67.5,62.35,66.0,2800,1.81,7,2000.0,71.43,2026-10-01
BLUESTARCO,EQ,01-Oct-2026,1518.0,1513.0,1517.0,1444.0,1459.6,962569,14139.69,39093,439478.0,45.66,2026-10-01
BLUESTONE,EQ,01-Oct-2026,794.85,792.0,798.0,767.55,787.95,928246,7261.71,33112,290823.0,31.33,2026-10-01
BLUEWATER,ST,01-Oct-2026,571.75,570.95,579.5,568.05,579.5,12000,68.75,12,12000.0,100.0,2026-10-01
BLUSPRING,EQ,01-Oct-2026,141.74,141.74,149.0,139.01,147.82,346713,501.45,5671,127888.0,36.89,2026-10-01
BMETRICS,SM,01-Oct-2026,38.6,38.0,38.0,36.5,36.6,4000,1.48,5,4000.0,100.0,2026-10-01
BMLL,SM,01-Oct-2026,164.0,158.05,160.0,156.55,159.5,15000,23.82,13,14000.0,93.33,2026-10-01
BMWVENTLTD,EQ,01-Oct-2026,51.5,51.5,51.75,50.51,50.83,49440,25.21,785,34263.0,69.3,2026-10-01
BNAGROCHEM,EQ,01-Oct-2026,217.6,219.0,228.48,219.0,227.83,434945,984.06,625,24121.0,5.55,2026-10-01
BNKETFAXIS,EQ,01-Oct-2026,575.31,565.01,580.0,558.46,571.22,5339,30.16,92,4676.0,87.58,2026-10-01
BODALCHEM,BE,01-Oct-2026,198.35,197.0,199.0,188.44,189.75,619032,1204.14,2725,,,2026-10-01
BOHRAIND,EQ,01-Oct-2026,15.51,16.1,16.1,14.74,14.74,22674,3.43,76,16051.0,70.79,2026-10-01
BOMDYEING,EQ,01-Oct-2026,105.62,104.96,105.5,101.71,102.63,517445,534.76,5559,253968.0,49.08,2026-10-01
BONLON,EQ,01-Oct-2026,40.21,41.0,41.0,39.11,39.97,6490,2.59,99,4032.0,62.13,2026-10-01
BORANA,EQ,01-Oct-2026,278.2,278.15,283.7,268.1,272.95,52832,145.37,2059,26307.0,49.79,2026-10-01
BOROLTD,EQ,01-Oct-2026,293.38,291.0,291.0,271.6,280.2,560059,1563.09,19036,254278.0,45.4,2026-10-01
BORORENEW,EQ,01-Oct-2026,458.15,456.4,460.6,437.45,449.6,531272,2383.41,24044,228279.0,42.97,2026-10-01
BOROSCI,EQ,01-Oct-2026,113.91,114.0,114.51,110.0,112.72,72726,81.74,1630,40245.0,55.34,2026-10-01
BOSCH-HCIL,EQ,01-Oct-2026,1876.7,1885.0,1985.0,1846.9,1967.2,127667,2455.27,17965,35714.0,27.97,2026-10-01
BOSCHLTD,EQ,01-Oct-2026,47100.0,46810.0,46995.0,44410.0,45480.0,48572,22051.28,20920,23515.0,48.41,2026-10-01
BOSS,ST,01-Oct-2026,58.6,59.7,59.7,59.7,59.7,2000,1.19,1,2000.0,100.0,2026-10-01
BPCL,EQ,01-Oct-2026,303.2,302.0,305.05,297.1,300.6,5618518,16936.67,46679,2744515.0,48.85,2026-10-01
BPL,EQ,01-Oct-2026,45.59,45.4,45.9,44.45,45.29,21555,9.75,829,13916.0,64.56,2026-10-01
BPLPHARMA,EQ,01-Oct-2026,1792.8,1815.7,1822.4,1667.0,1720.4,11114,191.88,1216,5715.0,51.42,2026-10-01
BRACEPORT,SM,01-Oct-2026,64.3,67.55,69.5,65.0,65.4,12800,8.52,8,8000.0,62.5,2026-10-01
BRAHMINFRA,EQ,01-Oct-2026,148.08,151.3,151.3,143.0,148.85,18240,26.61,456,14040.0,76.97,2026-10-01
BRANDMAN,SM,01-Oct-2026,164.0,158.0,165.45,155.25,163.95,9600,15.33,12,5600.0,58.33,2026-10-01
BRIGADE,EQ,01-Oct-2026,575.25,573.75,575.75,552.1,569.55,310825,1755.53,22194,135149.0,43.48,2026-10-01
BRIGHOTEL,EQ,01-Oct-2026,56.96,56.96,57.5,55.8,56.94,186794,105.5,3563,142897.0,76.5,2026-10-01
BRIGHTBR,EQ,01-Oct-2026,252.9,243.0,250.9,241.25,241.85,275,0.67,35,272.0,98.91,2026-10-01
BRITANNIA,EQ,01-Oct-2026,4830.0,4798.0,4812.3,4737.0,4778.0,362699,17329.19,29230,219743.0,60.59,2026-10-01
BRNL,EQ,01-Oct-2026,15.84,15.99,16.79,15.75,16.03,21263,3.39,226,17950.0,84.42,2026-10-01
BROOKS,EQ,01-Oct-2026,55.8,55.52,57.0,52.97,54.8,34254,18.56,762,24561.0,71.7,2026-10-01
BSE,EQ,01-Oct-2026,3092.0,3089.9,3139.0,3000.0,3046.0,6273089,191812.41,315902,3022435.0,48.18,2026-10-01
BSE500IETF,EQ,01-Oct-2026,37.51,37.51,38.3,36.62,37.17,608837,225.38,1784,349201.0,57.36,2026-10-01
BSHSL,EQ,01-Oct-2026,86.1,86.1,86.1,83.0,83.95,2741,2.3,93,2025.0,73.88,2026-10-01
BSL,EQ,01-Oct-2026,118.28,121.5,121.5,115.05,118.2,3194,3.78,111,2322.0,72.7,2026-10-01
BSLGOLDETF,EQ,01-Oct-2026,129.46,129.45,130.0,128.6,129.24,521042,673.04,2103,296490.0,56.9,2026-10-01
BSLNIFTY,EQ,01-Oct-2026,26.85,27.52,27.52,26.15,26.43,3626059,957.7,7023,2965737.0,81.79,2026-10-01
BSLSENETFG,EQ,01-Oct-2026,73.09,74.55,74.55,72.0,72.82,3697,2.68,129,2663.0,72.03,2026-10-01
BSOFT,EQ,01-Oct-2026,271.7,271.95,278.95,267.05,269.75,1536439,4188.19,27552,623557.0,40.58,2026-10-01
BTML,EQ,01-Oct-2026,6.97,7.1,7.25,6.31,7.09,1395797,95.82,1503,1017788.0,72.92,2026-10-01
BTTL,BE,01-Oct-2026,40.98,39.5,39.5,38.94,39.5,4247,1.66,25,,,2026-10-01
BUILDPRO,EQ,01-Oct-2026,1231.0,1231.0,1256.4,1219.0,1249.2,51957,645.39,3875,32306.0,62.18,2026-10-01
BULKCORP,ST,01-Oct-2026,81.85,80.8,80.8,79.85,79.85,9600,7.69,7,9600.0,100.0,2026-10-01
BURNPUR,BE,01-Oct-2026,13.16,13.09,13.09,12.51,12.56,24658,3.15,279,,,2026-10-01
BUTTERFLY,EQ,01-Oct-2026,552.75,558.0,569.95,522.25,550.5,36497,197.88,2221,21211.0,58.12,2026-10-01
BVCL,EQ,01-Oct-2026,43.02,43.02,43.92,41.33,41.39,18667,7.84,212,14807.0,79.32,2026-10-01
BYKE,EQ,01-Oct-2026,29.12,29.4,29.4,28.18,28.81,23792,6.83,280,16752.0,70.41,2026-10-01
C2C,SM,01-Oct-2026,209.3,206.05,206.05,182.55,189.15,188250,363.59,910,100050.0,53.15,2026-10-01
CALSOFT,BE,01-Oct-2026,35.11,35.4,36.86,35.13,36.41,197802,71.97,1041,,,2026-10-01
CAMLINFINE,EQ,01-Oct-2026,93.15,93.47,94.18,89.12,91.01,605614,553.22,7129,276944.0,45.73,2026-10-01
CAMPUS,EQ,01-Oct-2026,208.83,209.4,210.0,199.54,205.83,647062,1322.55,13556,289010.0,44.66,2026-10-01
CAMS,EQ,01-Oct-2026,671.0,671.0,682.0,665.45,677.25,1577224,10630.12,55014,893580.0,56.66,2026-10-01
CANARYS,SM,01-Oct-2026,27.75,27.45,27.95,27.0,27.45,68000,18.73,17,28000.0,41.18,2026-10-01
CANBK,EQ,01-Oct-2026,119.44,119.45,120.13,116.51,118.36,13953325,16523.21,64241,6397676.0,45.85,2026-10-01
CANFINHOME,EQ,01-Oct-2026,719.2,719.2,723.05,700.0,711.0,417879,2978.34,23302,270798.0,64.8,2026-10-01
CANHLIFE,EQ,01-Oct-2026,148.51,147.9,148.0,141.91,143.85,451047,650.18,10121,193028.0,42.8,2026-10-01
CANTABIL,EQ,01-Oct-2026,231.22,231.22,232.7,224.0,224.66,90583,205.13,2305,56336.0,62.19,2026-10-01
CAPACITE,EQ,01-Oct-2026,182.89,182.8,182.83,176.16,180.33,276832,497.85,5826,140330.0,50.69,2026-10-01
CAPILLARY,EQ,01-Oct-2026,560.45,560.0,571.7,522.55,554.7,351706,1919.64,14830,169618.0,48.23,2026-10-01
CAPINVIT,IV,01-Oct-2026,77.01,77.29,77.29,76.5,76.67,157246,120.63,3280,124143.0,78.95,2026-10-01
CAPITALSFB,EQ,01-Oct-2026,288.6,286.0,290.75,274.05,277.5,76015,214.42,2224,44105.0,58.02,2026-10-01
CAPLIPOINT,EQ,01-Oct-2026,2716.4,2710.0,2719.9,2540.0,2631.9,154382,4050.91,30869,67391.0,43.65,2026-10-01
CAPTRUST,BE,01-Oct-2026,18.28,19.0,19.19,18.0,19.07,35404,6.69,65,,,2026-10-01
CARBORUNIV,EQ,01-Oct-2026,1252.5,1250.3,1263.7,1215.1,1239.7,384105,4772.72,39422,159987.0,41.65,2026-10-01
CARERATING,EQ,01-Oct-2026,1616.7,1616.7,1622.0,1581.1,1602.7,42470,681.74,7967,28123.0,66.22,2026-10-01
CARRARO,EQ,01-Oct-2026,527.5,527.5,527.5,508.45,518.1,130189,671.43,9162,68415.0,52.55,2026-10-01
CARTRADE,EQ,01-Oct-2026,2899.8,2892.0,2903.6,2739.8,2806.6,312645,8799.18,43188,125006.0,39.98,2026-10-01
CARYSIL,EQ,01-Oct-2026,1036.1,1036.1,1054.8,995.7,1044.8,320062,3267.01,17517,195965.0,61.23,2026-10-01
CASHIETF,EQ,01-Oct-2026,1081.7,1083.33,1083.33,1082.27,1082.28,147744,1599.01,145,99702.0,67.48,2026-10-01
CASTROLIND,EQ,01-Oct-2026,200.52,200.31,201.09,196.5,199.04,2825230,5612.12,46037,1831602.0,64.83,2026-10-01
CBAZAAR,SM,01-Oct-2026,5.7,5.45,5.45,5.45,5.45,8000,0.44,1,8000.0,100.0,2026-10-01
CCAVENUE,EQ,01-Oct-2026,15.12,15.0,15.37,14.94,15.28,13286633,2018.81,15116,5311225.0,39.97,2026-10-01
CCCL,EQ,01-Oct-2026,13.95,14.2,14.2,13.0,13.45,390544,53.24,676,330047.0,84.51,2026-10-01
CCHHL,EQ,01-Oct-2026,13.0,12.76,13.3,12.76,12.99,34934,4.57,110,29336.0,83.98,2026-10-01
CCL,EQ,01-Oct-2026,1019.5,1013.1,1070.0,996.6,1056.6,405128,4164.77,31782,251883.0,62.17,2026-10-01
CDSL,EQ,01-Oct-2026,1264.0,1264.0,1274.6,1223.9,1242.5,1324382,16501.68,59568,511744.0,38.64,2026-10-01
CEATLTD,EQ,01-Oct-2026,3264.4,3266.2,3300.0,3197.0,3286.6,49734,1610.42,11179,19729.0,39.67,2026-10-01
CEDAAR,ST,01-Oct-2026,10.85,10.5,11.0,10.5,11.0,5000,0.54,5,5000.0,100.0,2026-10-01
CEIGALL,EQ,01-Oct-2026,382.75,380.85,387.7,374.0,380.1,170053,647.11,4650,75946.0,44.66,2026-10-01
CEINSYS,EQ,01-Oct-2026,666.85,665.0,672.1,634.95,654.25,62531,407.12,4875,32624.0,52.17,2026-10-01
CELEBRITY,EQ,01-Oct-2026,6.66,6.69,6.7,6.12,6.26,25232,1.6,179,16679.0,66.1,2026-10-01
CELLECOR,SM,01-Oct-2026,28.35,28.8,29.35,27.65,28.9,870000,248.15,124,597000.0,68.62,2026-10-01
CELLO,EQ,01-Oct-2026,325.55,325.0,327.5,314.0,323.1,260574,835.09,13439,116475.0,44.7,2026-10-01
CELLPOINT,SM,01-Oct-2026,13.95,14.5,16.65,14.5,16.05,15600,2.46,12,14400.0,92.31,2026-10-01
CEMNTGROWW,EQ,01-Oct-2026,13.86,13.95,13.95,13.37,13.6,169969,23.03,844,118637.0,69.8,2026-10-01
CEMPRO,EQ,01-Oct-2026,1192.2,1189.0,1205.0,1160.3,1178.9,221740,2616.88,16936,128137.0,57.79,2026-10-01
CENTENKA,EQ,01-Oct-2026,554.6,547.3,550.4,530.55,537.8,29192,157.31,2554,16769.0,57.44,2026-10-01
CENTEXT,EQ,01-Oct-2026,18.62,18.62,18.79,18.07,18.18,73904,13.55,589,53476.0,72.36,2026-10-01
CENTEXT-RE,BE,01-Oct-2026,3.62,3.7,3.84,2.4,3.16,316633,10.71,519,,,2026-10-01
CENTRALBK,EQ,01-Oct-2026,30.46,30.46,30.46,29.76,30.0,4707687,1415.2,20387,2475981.0,52.59,2026-10-01
CENTRUM,EQ,01-Oct-2026,19.61,19.63,20.43,18.71,19.9,596475,117.86,1610,214546.0,35.97,2026-10-01
CENTUM,EQ,01-Oct-2026,4797.9,4790.1,4851.0,4603.2,4701.7,79168,3732.31,15335,21391.0,27.02,2026-10-01
CENTURYPLY,EQ,01-Oct-2026,681.85,683.0,683.0,661.55,666.45,56697,379.94,9960,31521.0,55.6,2026-10-01
CERA,EQ,01-Oct-2026,5088.0,5113.5,5199.0,5008.5,5096.5,5282,268.34,2232,1960.0,37.11,2026-10-01
CESC,EQ,01-Oct-2026,133.85,133.65,133.85,129.75,131.62,1826999,2402.34,30947,1029753.0,56.36,2026-10-01
CEWATER,EQ,01-Oct-2026,259.6,260.4,260.4,250.0,253.45,66070,167.4,3036,31765.0,48.08,2026-10-01
CFEL,BE,01-Oct-2026,45.58,45.0,47.0,44.12,45.27,13345,6.18,92,,,2026-10-01
CGCL,EQ,01-Oct-2026,247.45,245.0,253.0,244.06,249.23,2812833,7002.22,31353,1338485.0,47.58,2026-10-01
CGPOWER,EQ,01-Oct-2026,854.2,861.0,889.9,859.6,879.0,4633143,40691.76,80279,1218261.0,26.29,2026-10-01
CGRAPHICS,SM,01-Oct-2026,159.1,159.5,159.9,148.8,148.8,24000,37.47,27,16000.0,66.67,2026-10-01
CGVAK,EQ,01-Oct-2026,145.69,150.8,151.0,144.42,147.24,1725,2.57,58,1220.0,70.72,2026-10-01
CHALET,EQ,01-Oct-2026,845.2,845.0,845.6,818.0,830.25,142586,1186.27,20356,68679.0,48.17,2026-10-01
CHAMBLFERT,EQ,01-Oct-2026,409.25,409.95,411.25,396.5,399.3,447087,1790.91,25735,247940.0,55.46,2026-10-01
CHANDAN,SM,01-Oct-2026,232.5,232.5,233.0,223.0,227.1,36000,82.01,45,21600.0,60.0,2026-10-01
CHAVDA,ST,01-Oct-2026,63.0,60.05,60.05,59.85,59.85,14000,8.39,7,12000.0,85.71,2026-10-01
CHEMBOND,EQ,01-Oct-2026,182.73,182.76,183.01,176.0,177.64,8226,14.71,360,5641.0,68.58,2026-10-01
CHEMBONDCH,BE,01-Oct-2026,225.5,220.05,224.98,214.23,215.81,9841,21.55,234,,,2026-10-01
CHEMCON,EQ,01-Oct-2026,217.28,217.92,223.47,210.87,215.93,75163,163.33,2167,37330.0,49.67,2026-10-01
CHEMCRUX,EQ,01-Oct-2026,78.62,79.55,79.55,76.6,78.23,3558,2.75,167,2937.0,82.55,2026-10-01
CHEMFAB,EQ,01-Oct-2026,335.9,344.45,344.45,325.0,328.35,1966,6.49,206,1406.0,71.52,2026-10-01
CHEMICAL,EQ,01-Oct-2026,28.47,29.04,29.04,27.69,28.2,395058,110.71,2065,205218.0,51.95,2026-10-01
CHEMPLASTS,EQ,01-Oct-2026,185.92,185.92,192.77,182.01,191.56,291771,546.72,6304,136856.0,46.91,2026-10-01
CHENNPETRO,EQ,01-Oct-2026,1436.3,1432.0,1434.9,1330.7,1346.4,1838710,25221.91,82711,622875.0,33.88,2026-10-01
CHETANA,SM,01-Oct-2026,41.5,39.0,40.0,38.0,40.0,17600,6.86,10,11200.0,63.64,2026-10-01
CHEVIOT,EQ,01-Oct-2026,1183.2,1180.6,1197.5,1166.1,1167.0,1374,16.1,142,1111.0,80.86,2026-10-01
CHOICEGOLD,EQ,01-Oct-2026,145.54,143.36,146.74,143.36,145.74,97326,141.51,243,46474.0,47.75,2026-10-01
CHOICEIN,EQ,01-Oct-2026,726.25,724.5,729.4,706.75,719.4,433514,3103.3,10514,283506.0,65.4,2026-10-01
CHOLAFIN,EQ,01-Oct-2026,1620.0,1619.7,1619.7,1563.2,1580.0,1699959,27010.05,60534,1007334.0,59.26,2026-10-01
CHOLAHLDNG,EQ,01-Oct-2026,1386.2,1385.9,1385.9,1330.1,1369.6,233959,3176.91,24286,130460.0,55.76,2026-10-01
CIEINDIA,EQ,01-Oct-2026,386.3,383.15,383.15,370.85,376.35,259700,976.57,20192,118530.0,45.64,2026-10-01
CIFL,EQ,01-Oct-2026,21.34,21.06,22.0,20.61,20.76,92756,19.54,1449,60090.0,64.78,2026-10-01
CINELINE,EQ,01-Oct-2026,86.96,88.94,89.0,85.25,85.96,10501,9.16,289,7632.0,72.68,2026-10-01
CINEVISTA,EQ,01-Oct-2026,13.83,14.11,14.11,13.52,13.63,6443,0.88,61,6424.0,99.71,2026-10-01
CIPLA,EQ,01-Oct-2026,1346.0,1349.1,1359.4,1333.4,1344.0,921789,12394.82,64602,485444.0,52.66,2026-10-01
CITIUSINVT,IV,01-Oct-2026,117.45,117.0,117.0,115.0,115.99,155322,180.17,407,146479.0,94.31,2026-10-01
CKKRETAIL,SM,01-Oct-2026,174.5,164.9,171.25,154.95,168.65,320000,542.9,34,126400.0,39.5,2026-10-01
CLASSICEIL,SM,01-Oct-2026,52.3,52.05,52.05,50.6,51.05,8000,4.09,5,8000.0,100.0,2026-10-01
CLAYCRAFT,SM,01-Oct-2026,167.2,172.75,175.95,163.2,167.2,82800,141.16,81,73800.0,89.13,2026-10-01
CLEAN,EQ,01-Oct-2026,794.35,788.2,809.95,774.65,803.05,317480,2515.63,19799,159490.0,50.24,2026-10-01
CLEANMAX,EQ,01-Oct-2026,1327.2,1334.4,1337.0,1290.1,1299.8,431038,5654.42,28739,209406.0,48.58,2026-10-01
CLEDUCATE,EQ,01-Oct-2026,57.01,57.01,59.45,57.01,57.91,11448,6.59,134,8851.0,77.31,2026-10-01
CLSEL,EQ,01-Oct-2026,284.15,282.15,290.0,275.0,281.95,66745,187.59,2604,29399.0,44.05,2026-10-01
CMLL,EQ,01-Oct-2026,532.05,534.5,540.1,508.0,523.05,267921,1397.42,9445,101405.0,37.85,2026-10-01
CMNL,SM,01-Oct-2026,116.85,118.0,118.0,118.0,118.0,4500,5.31,6,3750.0,83.33,2026-10-01
CMPDI,EQ,01-Oct-2026,209.21,208.8,208.8,196.47,204.38,2709836,5466.26,38843,1240399.0,45.77,2026-10-01
CMRGREEN,EQ,01-Oct-2026,224.83,224.83,225.0,221.0,223.38,459122,1025.17,7664,307020.0,66.87,2026-10-01
CMSINFO,EQ,01-Oct-2026,221.45,222.51,222.79,215.12,220.69,1010975,2214.66,17464,558175.0,55.21,2026-10-01
CNL,EQ,01-Oct-2026,1082.2,1067.3,1105.2,1065.9,1079.2,21831,235.06,1843,15726.0,72.04,2026-10-01
COALINDIA,EQ,01-Oct-2026,425.0,421.2,426.35,416.3,420.4,7514836,31636.24,94984,3976619.0,52.92,2026-10-01
COASTCORP,EQ,01-Oct-2026,36.97,36.89,36.89,35.2,35.82,59600,21.3,724,44164.0,74.1,2026-10-01
COCHINSHIP,EQ,01-Oct-2026,1315.0,1315.0,1315.9,1265.6,1287.0,727942,9367.8,39600,275166.0,37.8,2026-10-01
COCKERILL,EQ,01-Oct-2026,7966.5,7975.0,8080.0,7748.5,7989.0,3473,274.76,1265,1640.0,47.22,2026-10-01
COFFEEDAY,EQ,01-Oct-2026,30.14,30.1,32.0,28.86,29.69,5488862,1661.75,21698,715179.0,13.03,2026-10-01
COFORGE,EQ,01-Oct-2026,1749.1,1764.8,1831.0,1763.6,1826.0,3419070,61564.25,101368,1411427.0,41.28,2026-10-01
COHANCE,EQ,01-Oct-2026,444.0,444.0,454.85,435.0,451.3,683663,3038.38,24325,382269.0,55.91,2026-10-01
COLPAL,EQ,01-Oct-2026,1763.3,1763.3,1775.4,1716.1,1735.0,412868,7189.33,35417,242292.0,58.69,2026-10-01
COMFINTE,EQ,01-Oct-2026,6.36,6.35,6.41,6.09,6.23,135064,8.39,406,86954.0,64.38,2026-10-01
COMMOIETF,EQ,01-Oct-2026,95.31,95.31,96.28,92.2,94.0,73560,68.9,2087,52122.0,70.86,2026-10-01
COMPEAU,EQ,01-Oct-2026,368.45,362.45,362.45,362.45,362.45,1,0.0,1,1.0,100.0,2026-10-01
COMPINFO,BZ,01-Oct-2026,1.06,1.05,1.11,1.05,1.09,10351,0.11,25,,,2026-10-01
COMPUSOFT,EQ,01-Oct-2026,13.48,13.54,13.54,13.01,13.05,14232,1.88,194,9492.0,66.69,2026-10-01
COMSYN,EQ,01-Oct-2026,269.7,270.0,270.05,259.0,262.4,318865,837.98,2774,173663.0,54.46,2026-10-01
CONCOR,EQ,01-Oct-2026,447.5,448.0,450.85,436.35,442.0,877730,3894.98,23537,331806.0,37.8,2026-10-01
CONCORDBIO,EQ,01-Oct-2026,1373.6,1373.6,1400.0,1320.0,1374.1,147229,1989.17,20744,70250.0,47.71,2026-10-01
CONFIPET,EQ,01-Oct-2026,88.13,87.9,88.13,83.32,86.05,2851230,2438.57,20311,1404770.0,49.27,2026-10-01
CONNPLEX,SM,01-Oct-2026,249.7,245.1,249.0,231.0,246.1,46400,112.47,53,30400.0,65.52,2026-10-01
CONS,EQ,01-Oct-2026,11.46,11.42,11.63,11.12,11.35,89001,10.01,428,62203.0,69.89,2026-10-01
CONSOFINVT,BE,01-Oct-2026,293.9,294.0,294.0,279.3,279.6,22639,63.63,61,,,2026-10-01
CONSUMAXIS,EQ,01-Oct-2026,113.93,114.0,114.0,110.93,111.99,4890,5.55,43,4424.0,90.47,2026-10-01
CONSUMBEES,EQ,01-Oct-2026,123.68,123.68,124.67,120.16,121.58,163615,198.86,2553,85550.0,52.29,2026-10-01
CONSUMER,EQ,01-Oct-2026,11.3,11.25,11.25,10.97,11.06,312223,34.56,717,259519.0,83.12,2026-10-01
CONSUMIETF,EQ,01-Oct-2026,115.0,114.26,119.75,111.95,113.03,33816,38.15,464,12817.0,37.9,2026-10-01
CONTI,SM,01-Oct-2026,9.7,10.15,10.15,10.1,10.1,13332,1.35,4,9999.0,75.0,2026-10-01
CONTROLPR,EQ,01-Oct-2026,607.35,608.0,638.75,599.55,618.0,55775,343.74,4163,28096.0,50.37,2026-10-01
COOLCAPS,SM,01-Oct-2026,21.9,21.55,21.7,20.8,21.15,70000,14.85,40,52500.0,75.0,2026-10-01
CORALFINAC,EQ,01-Oct-2026,31.55,31.7,31.99,30.85,31.25,13756,4.29,117,10482.0,76.2,2026-10-01
CORDELIA,EQ,01-Oct-2026,102.59,102.0,102.34,98.55,100.91,1443890,1449.4,7519,625827.0,43.34,2026-10-01
CORDSCABLE,BE,01-Oct-2026,332.5,329.95,332.0,315.9,318.9,33266,107.09,706,,,2026-10-01
COREIN,ST,01-Oct-2026,78.9,78.85,78.85,76.5,78.65,32000,24.96,19,32000.0,100.0,2026-10-01
COROMANDEL,EQ,01-Oct-2026,1758.2,1750.2,1775.9,1701.0,1763.6,239111,4152.8,23275,115582.0,48.34,2026-10-01
CORONA,EQ,01-Oct-2026,2093.4,2093.3,2093.4,1986.1,2029.4,25676,519.65,5595,12496.0,48.67,2026-10-01
COSMOFIRST,EQ,01-Oct-2026,845.6,843.85,843.85,815.05,826.85,30642,253.6,2527,13150.0,42.91,2026-10-01
COUNCODOS,BE,01-Oct-2026,6.4,6.3,6.62,6.13,6.33,36902,2.34,230,,,2026-10-01
CPCAP,EQ,01-Oct-2026,141.59,139.4,144.29,137.42,140.85,14506,20.35,513,9648.0,66.51,2026-10-01
CPEDU,EQ,01-Oct-2026,177.45,175.1,178.4,172.1,176.36,2580,4.54,57,2445.0,94.77,2026-10-01
CPL,EQ,01-Oct-2026,63.27,61.69,64.17,59.98,62.46,51674,31.81,1558,16752.0,32.42,2026-10-01
CPPLUS,EQ,01-Oct-2026,3846.5,3837.9,3860.0,3756.0,3799.6,119217,4526.54,18262,62426.0,52.36,2026-10-01
CPS,SM,01-Oct-2026,1135.0,1134.0,1135.0,1134.0,1135.0,2850,32.35,3,2850.0,100.0,2026-10-01
CPSEETF,EQ,01-Oct-2026,90.55,90.55,91.59,88.66,89.78,808633,724.07,11073,489019.0,60.47,2026-10-01
CRAFTSMAN,EQ,01-Oct-2026,10417.0,10300.0,10453.0,10100.0,10266.0,35248,3615.3,14083,18161.0,51.52,2026-10-01
CRAMC,EQ,01-Oct-2026,224.7,224.0,225.95,216.0,216.52,540916,1183.6,14189,284773.0,52.65,2026-10-01
CRAVATEX,EQ,01-Oct-2026,359.85,379.0,379.0,345.0,349.0,142,0.5,30,86.0,60.56,2026-10-01
CRAYONS,SM,01-Oct-2026,24.45,25.65,25.65,25.0,25.0,5000,1.28,5,5000.0,100.0,2026-10-01
CREATIVEYE,EQ,01-Oct-2026,6.12,6.28,6.28,5.75,6.17,16224,0.98,103,14630.0,90.18,2026-10-01
CREDENT,SM,01-Oct-2026,393.4,395.0,395.0,361.95,382.1,101400,386.53,156,60000.0,59.17,2026-10-01
CREDITACC,EQ,01-Oct-2026,1272.0,1268.0,1268.0,1224.6,1239.0,343285,4240.18,35863,243339.0,70.89,2026-10-01
CREST,EQ,01-Oct-2026,366.85,368.65,370.45,358.0,362.35,3321,12.02,99,3068.0,92.38,2026-10-01
CRESTO,BE,01-Oct-2026,23.21,23.67,24.0,22.05,22.05,18383,4.1,83,,,2026-10-01
CRISIL,EQ,01-Oct-2026,4450.8,4425.0,4465.5,4345.0,4428.6,32314,1426.31,10613,14058.0,43.5,2026-10-01
CRIZAC,EQ,01-Oct-2026,170.12,171.68,171.68,164.59,166.89,188899,315.99,4489,94556.0,50.06,2026-10-01
CROMPTON,EQ,01-Oct-2026,208.67,208.71,209.96,201.1,202.7,4535645,9309.66,65254,2248867.0,49.58,2026-10-01
CROWN,EQ,01-Oct-2026,115.27,116.0,116.0,108.6,111.53,14808,16.71,337,10316.0,69.67,2026-10-01
CRSL,BE,01-Oct-2026,2.22,2.2,2.22,2.11,2.14,436289,9.45,551,,,2026-10-01
CSBBANK,EQ,01-Oct-2026,311.0,311.25,312.3,297.05,304.75,613159,1857.96,23043,301744.0,49.21,2026-10-01
CSLFINANCE,EQ,01-Oct-2026,210.85,213.5,213.5,205.0,208.34,23138,48.14,820,14662.0,63.37,2026-10-01
CSM,EQ,01-Oct-2026,98.17,102.0,102.0,93.0,94.25,165688,158.18,3201,69571.0,41.99,2026-10-01
CSSL,SM,01-Oct-2026,74.0,75.5,76.25,69.0,69.6,14000,10.03,12,10000.0,71.43,2026-10-01
CTE,BE,01-Oct-2026,40.39,38.75,39.58,38.5,38.91,6939,2.7,60,,,2026-10-01
CUB,EQ,01-Oct-2026,226.05,223.5,232.0,221.67,230.04,4776469,10961.89,59712,1660304.0,34.76,2026-10-01
CUBEINVIT,IV,01-Oct-2026,155.1,155.1,156.0,154.81,155.03,177318,275.41,7659,152287.0,85.88,2026-10-01
CUBEXTUB,BE,01-Oct-2026,174.84,168.8,172.5,166.1,166.1,120573,201.78,1129,,,2026-10-01
CUDML,SM,01-Oct-2026,106.0,106.95,106.95,106.95,106.95,1000,1.07,1,1000.0,100.0,2026-10-01
CUMMINSIND,EQ,01-Oct-2026,4760.0,4789.9,4860.0,4760.0,4860.0,393680,18976.12,41022,191666.0,48.69,2026-10-01
CUPID,EQ,01-Oct-2026,311.65,313.5,314.3,308.5,312.5,25539188,79684.69,192118,6389337.0,25.02,2026-10-01
CURAA,BE,01-Oct-2026,72.5,72.4,74.8,68.88,72.25,130,0.09,16,,,2026-10-01
CURIS,ST,01-Oct-2026,217.3,213.0,213.0,206.45,206.5,8000,16.65,8,6000.0,75.0,2026-10-01
CURRENT,SM,01-Oct-2026,100.0,100.3,100.3,96.0,96.0,4800,4.68,3,3200.0,66.67,2026-10-01
CYBERMEDIA,BE,01-Oct-2026,18.56,18.0,18.47,17.64,17.96,11608,2.06,76,,,2026-10-01
CYBERTECH,BE,01-Oct-2026,138.83,136.11,140.0,134.0,135.95,13536,18.46,174,,,2026-10-01
CYIENT,EQ,01-Oct-2026,1100.7,1100.0,1112.2,1068.0,1104.6,594962,6506.65,45185,276710.0,46.51,2026-10-01
CYIENTDLM,EQ,01-Oct-2026,914.1,907.0,922.65,880.3,893.9,391174,3510.23,32689,171072.0,43.73,2026-10-01
DABUR,EQ,01-Oct-2026,380.1,379.7,383.85,373.2,374.25,2455226,9313.69,31834,1446262.0,58.91,2026-10-01
DAICHI,BE,01-Oct-2026,312.85,305.0,321.75,298.1,317.1,2380,7.27,72,,,2026-10-01
DALBHARAT,EQ,01-Oct-2026,1683.7,1672.0,1692.3,1640.2,1682.1,77064,1291.87,22546,44487.0,57.73,2026-10-01
DALMIASUG,EQ,01-Oct-2026,408.8,408.8,409.65,391.4,396.7,146859,584.81,6017,62687.0,42.69,2026-10-01
DAMCAPITAL,EQ,01-Oct-2026,151.08,151.0,152.26,143.66,146.56,444502,655.01,6883,160189.0,36.04,2026-10-01
DAMODARIND,BE,01-Oct-2026,26.96,27.0,27.0,25.65,26.59,12093,3.2,59,,,2026-10-01
DANGEE,EQ,01-Oct-2026,2.92,2.95,3.18,2.81,2.9,157889,4.69,237,65676.0,41.6,2026-10-01
DANISH,SM,01-Oct-2026,967.0,951.0,984.0,934.0,953.5,23400,224.78,114,16950.0,72.44,2026-10-01
DATAMATICS,EQ,01-Oct-2026,805.55,805.55,806.0,777.7,790.3,67919,537.92,4419,31689.0,46.66,2026-10-01
DATAPATTNS,EQ,01-Oct-2026,4286.9,4284.0,4305.2,4155.3,4251.3,305681,12953.25,38682,69068.0,22.59,2026-10-01
DAVANGERE,EQ,01-Oct-2026,2.31,2.26,2.38,2.22,2.26,8709105,198.76,2901,4405833.0,50.59,2026-10-01
DBCORP,EQ,01-Oct-2026,175.38,175.38,178.7,169.81,172.52,101816,175.34,3323,48431.0,47.57,2026-10-01
DBEIL,EQ,01-Oct-2026,6.68,6.62,6.85,6.36,6.5,140729,9.17,449,112427.0,79.89,2026-10-01
DBL,EQ,01-Oct-2026,406.2,406.2,407.6,396.55,399.1,134401,539.12,3701,72811.0,54.17,2026-10-01
DBOL,EQ,01-Oct-2026,126.1,126.1,126.1,117.7,120.91,216394,262.69,4743,112743.0,52.1,2026-10-01
DBREALTY,EQ,01-Oct-2026,96.52,97.4,97.4,91.7,91.7,1272913,1187.94,7112,837509.0,65.79,2026-10-01
DBSTOCKBRO,BE,01-Oct-2026,31.74,31.4,31.5,30.31,31.5,1026,0.32,15,,,2026-10-01
DCAL,EQ,01-Oct-2026,157.47,156.96,157.55,149.02,150.35,448793,678.99,5636,306807.0,68.36,2026-10-01
DCBBANK,EQ,01-Oct-2026,203.54,203.42,203.42,196.81,199.71,842489,1683.21,20106,456087.0,54.14,2026-10-01
DCCL,SM,01-Oct-2026,41.9,41.9,41.9,41.9,41.9,2000,0.84,1,2000.0,100.0,2026-10-01
DCG,ST,01-Oct-2026,80.4,79.0,79.0,76.4,76.4,19200,14.77,16,19200.0,100.0,2026-10-01
DCI,EQ,01-Oct-2026,335.0,333.0,346.25,327.5,342.95,212341,722.44,5995,90614.0,42.67,2026-10-01
DCM,EQ,01-Oct-2026,74.0,74.0,74.0,72.02,72.83,1935,1.41,58,1817.0,93.9,2026-10-01
DCMFINSERV,EQ,01-Oct-2026,5.07,5.19,5.19,4.74,5.07,4145,0.21,114,2409.0,58.12,2026-10-01
DCMNVL,EQ,01-Oct-2026,172.6,176.99,177.0,164.0,166.47,9412,15.89,808,6076.0,64.56,2026-10-01
DCMSHRIRAM,EQ,01-Oct-2026,915.6,919.65,920.0,886.3,906.85,138672,1245.79,13547,75895.0,54.73,2026-10-01
DCMSIL,EQ,01-Oct-2026,82.25,82.64,83.0,76.5,80.25,110038,87.69,1698,55480.0,50.42,2026-10-01
DCMSRIND,EQ,01-Oct-2026,39.57,39.57,39.85,37.1,37.69,185807,70.59,1817,107296.0,57.75,2026-10-01
DCW,EQ,01-Oct-2026,45.62,45.61,45.61,43.68,44.62,1389318,619.59,6031,642937.0,46.28,2026-10-01
DCXINDIA,EQ,01-Oct-2026,161.18,160.28,161.8,155.01,158.99,314149,498.23,7706,160695.0,51.15,2026-10-01
DDEVPLSTIK,EQ,01-Oct-2026,249.5,249.2,249.58,244.16,247.61,66902,165.06,2169,38450.0,57.47,2026-10-01
DECCANCE,EQ,01-Oct-2026,566.5,566.0,566.0,537.25,548.95,15070,82.83,917,9056.0,60.09,2026-10-01
DECCANTRAN,SM,01-Oct-2026,21.65,21.7,21.7,21.7,21.7,1200,0.26,1,1200.0,100.0,2026-10-01
DECNGOLD,EQ,01-Oct-2026,200.76,199.05,200.5,188.4,195.69,1727638,3352.28,24216,823137.0,47.65,2026-10-01
DEEDEV,EQ,01-Oct-2026,676.9,683.0,683.0,646.95,663.2,137963,909.55,8097,57891.0,41.96,2026-10-01
DEEP,BE,01-Oct-2026,44.82,43.05,45.0,42.58,42.69,7858,3.36,87,,,2026-10-01
DEEPA,EQ,01-Oct-2026,195.48,192.89,199.9,187.78,192.17,1918965,3715.2,22483,586442.0,30.56,2026-10-01
DEEPAKFERT,EQ,01-Oct-2026,1351.0,1350.0,1350.0,1286.0,1300.9,226222,2969.22,18656,104276.0,46.09,2026-10-01
DEEPAKNTR,EQ,01-Oct-2026,1529.8,1529.8,1529.9,1473.1,1492.8,157119,2349.57,16282,82867.0,52.74,2026-10-01
DEEPINDS,EQ,01-Oct-2026,755.95,751.0,762.85,720.7,749.0,435585,3226.0,17076,175211.0,40.22,2026-10-01
DEFENCE,EQ,01-Oct-2026,77.52,78.0,78.0,75.08,76.31,406925,310.17,1948,182730.0,44.91,2026-10-01
DELAPLEX,SM,01-Oct-2026,93.1,93.0,94.5,91.55,94.5,4800,4.49,6,4800.0,100.0,2026-10-01
DELHIVERY,EQ,01-Oct-2026,409.7,408.0,408.65,397.0,400.0,1371538,5503.81,25241,694106.0,50.61,2026-10-01
DELPHIFX,BE,01-Oct-2026,6.77,6.9,6.9,6.9,6.9,312826,21.58,49,,,2026-10-01
DELTACORP,EQ,01-Oct-2026,80.51,81.55,82.99,72.0,73.48,31237756,24083.45,111677,4346382.0,13.91,2026-10-01
DELTAMAGNT,EQ,01-Oct-2026,57.19,59.0,59.3,53.03,54.08,7561,4.18,195,5702.0,75.41,2026-10-01
DELTIC,SM,01-Oct-2026,34.7,34.9,36.1,34.65,35.95,40000,14.3,30,37000.0,92.5,2026-10-01
DEN,EQ,01-Oct-2026,25.93,25.99,25.99,25.12,25.41,282134,71.84,1846,174327.0,61.79,2026-10-01
DENEERS,SM,01-Oct-2026,178.0,176.95,181.5,173.55,173.55,4200,7.42,7,1800.0,42.86,2026-10-01
DENORA,EQ,01-Oct-2026,736.5,729.0,745.1,711.0,723.9,11453,83.15,1282,7823.0,68.31,2026-10-01
DENTA,EQ,01-Oct-2026,265.75,268.65,268.65,254.3,260.65,79945,207.66,3640,35525.0,44.44,2026-10-01
DENTALKART,SM,01-Oct-2026,460.0,469.2,485.0,441.1,459.0,12750,59.64,51,5750.0,45.1,2026-10-01
DEVIT,EQ,01-Oct-2026,21.86,21.8,22.45,20.49,20.75,85533,18.03,966,57130.0,66.79,2026-10-01
DEVX,EQ,01-Oct-2026,36.07,35.77,36.95,35.14,36.28,79144,28.46,729,47928.0,60.56,2026-10-01
DEVYANI,EQ,01-Oct-2026,130.29,129.85,129.85,125.35,127.07,1020731,1297.11,13334,437327.0,42.84,2026-10-01
DGCONTENT,EQ,01-Oct-2026,25.43,25.75,26.75,24.5,25.43,92788,23.91,334,62348.0,67.19,2026-10-01
DHABRIYA,BE,01-Oct-2026,472.8,476.0,490.0,449.2,463.8,13159,62.2,272,,,2026-10-01
DHAMPURSUG,EQ,01-Oct-2026,171.42,171.54,173.5,164.9,171.06,633753,1074.21,11661,263923.0,41.64,2026-10-01
DHANBANK,EQ,01-Oct-2026,27.52,27.5,27.5,26.0,26.97,1111767,297.17,4019,518657.0,46.65,2026-10-01
DHANLAXMI,SM,01-Oct-2026,26.4,26.0,27.0,26.0,26.5,36000,9.59,12,34000.0,94.44,2026-10-01
DHANSA,ST,01-Oct-2026,25.65,26.7,26.85,25.7,25.7,6000,1.59,3,4000.0,66.67,2026-10-01
DHANUKA,EQ,01-Oct-2026,928.35,928.35,940.0,908.4,935.05,35421,325.85,5440,19844.0,56.02,2026-10-01
DHARAN,BZ,01-Oct-2026,0.14,0.14,0.15,0.13,0.13,7039417,9.85,1246,,,2026-10-01
DHARARAIL,ST,01-Oct-2026,140.15,140.2,140.3,140.2,140.2,12000,16.83,4,12000.0,100.0,2026-10-01
DHARIWAL,SM,01-Oct-2026,28.4,29.8,29.8,28.15,29.0,249000,73.08,63,186000.0,74.7,2026-10-01
DHARMAJ,EQ,01-Oct-2026,264.35,263.6,270.35,255.85,267.65,75720,200.23,3926,43282.0,57.16,2026-10-01
DHATRE,EQ,01-Oct-2026,3.98,3.92,4.08,3.92,4.02,10656,0.43,100,8759.0,82.2,2026-10-01
DHOOTTRANS,EQ,01-Oct-2026,1488.8,1494.0,1499.9,1405.2,1443.4,1004650,14500.76,55690,390220.0,38.84,2026-10-01
DHRUV,EQ,01-Oct-2026,20.08,20.9,20.9,19.46,19.74,5994,1.22,67,5782.0,96.46,2026-10-01
DHTL,SM,01-Oct-2026,24.95,24.9,24.95,23.75,23.75,48800,12.14,8,45600.0,93.44,2026-10-01
DHUNINV,EQ,01-Oct-2026,955.65,979.8,979.8,950.0,967.3,244,2.33,37,226.0,92.62,2026-10-01
DIACABS,BE,01-Oct-2026,354.2,355.0,356.7,337.0,345.0,912342,3153.53,8876,,,2026-10-01
DIAMINESQ,EQ,01-Oct-2026,238.5,237.16,241.99,235.0,236.31,1772,4.2,102,1348.0,76.07,2026-10-01
DIAMONDYD,EQ,01-Oct-2026,1108.5,1100.0,1107.0,1041.5,1073.0,24504,261.97,1826,11197.0,45.69,2026-10-01
DICIND,EQ,01-Oct-2026,635.3,638.0,649.0,602.05,613.65,4422,27.5,293,3067.0,69.36,2026-10-01
DIFFNKG,EQ,01-Oct-2026,438.75,438.75,472.45,428.1,464.4,498520,2267.35,18922,152075.0,30.51,2026-10-01
DIGIDRIVE,EQ,01-Oct-2026,17.89,17.99,18.8,17.6,17.61,16496,2.95,154,13919.0,84.38,2026-10-01
DIGIKORE,SM,01-Oct-2026,37.05,36.0,37.4,35.1,37.25,36800,13.51,54,28400.0,77.17,2026-10-01
DIGISPICE,EQ,01-Oct-2026,14.96,14.96,15.26,14.4,14.79,52113,7.69,222,37376.0,71.72,2026-10-01
DIGITIDE,EQ,01-Oct-2026,72.85,72.55,73.94,69.96,72.34,321390,229.4,3014,175206.0,54.52,2026-10-01
DIGJAMLMTD,BE,01-Oct-2026,50.46,50.46,51.0,47.94,47.96,6217,3.02,67,,,2026-10-01
DISAQ,EQ,01-Oct-2026,11796.0,11800.0,11800.0,11000.0,11249.0,297,33.7,113,265.0,89.23,2026-10-01
DISHTV,EQ,01-Oct-2026,2.06,2.06,2.16,2.05,2.15,2717434,58.38,1670,1903240.0,70.04,2026-10-01
DIVGIITTS,EQ,01-Oct-2026,1181.8,1171.3,1184.9,1112.5,1136.4,129545,1476.4,10040,59416.0,45.87,2026-10-01
DIVIDEND,EQ,01-Oct-2026,34.04,34.0,34.0,33.31,33.63,11587,3.91,124,11194.0,96.61,2026-10-01
DIVINEHIRA,ST,01-Oct-2026,107.25,110.95,110.95,104.15,106.15,12000,12.81,10,7200.0,60.0,2026-10-01
DIVISLAB,EQ,01-Oct-2026,9291.5,9277.0,9318.0,9078.0,9249.0,567310,52119.78,56968,380899.0,67.14,2026-10-01
DIVOPPBEES,EQ,01-Oct-2026,72.88,72.3,73.48,71.03,71.98,70282,50.47,1522,50407.0,71.72,2026-10-01
DIXON,EQ,01-Oct-2026,13100.0,13151.0,13290.0,12651.0,12700.0,258830,33369.16,38463,89948.0,34.75,2026-10-01
DJML,EQ,01-Oct-2026,71.82,72.15,73.1,71.13,72.61,76710,55.5,818,32897.0,42.88,2026-10-01
DLF,EQ,01-Oct-2026,674.0,664.5,671.1,650.55,658.4,6264045,41411.5,90125,3526995.0,56.31,2026-10-01
DLINKINDIA,EQ,01-Oct-2026,411.85,411.0,413.2,400.85,406.6,61080,248.12,3265,34998.0,57.3,2026-10-01
DMART,EQ,01-Oct-2026,3801.4,3809.8,3880.0,3781.4,3813.0,652283,24944.07,50560,322520.0,49.44,2026-10-01
DMCC,EQ,01-Oct-2026,311.7,313.3,319.0,300.55,308.7,197626,610.42,5887,82285.0,41.64,2026-10-01
DNAMEDIA,EQ,01-Oct-2026,2.44,2.45,2.45,2.38,2.42,22103,0.54,75,20090.0,90.89,2026-10-01
DODLA,EQ,01-Oct-2026,1019.4,1019.4,1023.6,996.6,1006.3,69274,695.52,3858,56225.0,81.16,2026-10-01
DOLATALGO,EQ,01-Oct-2026,64.94,64.05,65.6,62.15,62.86,122351,77.44,1602,75520.0,61.72,2026-10-01
DOLLAR,EQ,01-Oct-2026,277.25,276.45,276.55,267.0,272.1,150981,408.0,2742,107490.0,71.19,2026-10-01
DOLLEX,EQ,01-Oct-2026,38.0,39.3,39.3,36.75,38.24,24277,9.15,304,21245.0,87.51,2026-10-01
DOLPHIN,EQ,01-Oct-2026,637.4,631.0,650.0,600.25,628.1,49914,310.61,3848,19178.0,38.42,2026-10-01
DOMS,EQ,01-Oct-2026,2107.0,2094.6,2110.0,2075.0,2097.5,19783,413.44,5493,9671.0,48.89,2026-10-01
DONEAR,EQ,01-Oct-2026,81.4,80.72,81.88,79.6,80.29,11952,9.63,195,9251.0,77.4,2026-10-01
DPABHUSHAN,EQ,01-Oct-2026,1788.8,1774.9,1924.4,1752.1,1874.0,784999,14611.3,46282,113618.0,14.47,2026-10-01
DPEL,SM,01-Oct-2026,617.55,623.0,624.95,612.95,618.75,32500,201.27,40,18500.0,56.92,2026-10-01
DPSCLTD,BE,01-Oct-2026,6.8,6.71,6.94,6.71,6.8,74833,5.1,402,,,2026-10-01
DPWIRES,BE,01-Oct-2026,163.89,161.11,165.0,161.0,163.99,4897,7.95,102,,,2026-10-01
DRAGARWQ,EQ,01-Oct-2026,5130.0,5165.5,5189.0,5060.5,5159.0,2248,115.2,791,1517.0,67.48,2026-10-01
DRCSYSTEMS,EQ,01-Oct-2026,13.15,13.3,13.75,12.65,13.02,153366,20.23,873,105956.0,69.09,2026-10-01
DREAMFOLKS,EQ,01-Oct-2026,61.66,61.66,64.42,60.81,61.5,71170,44.27,1390,32872.0,46.19,2026-10-01
DREDGECORP,EQ,01-Oct-2026,920.2,917.5,929.4,881.0,895.2,91115,820.06,5986,43083.0,47.28,2026-10-01
DRONE,SM,01-Oct-2026,33.85,33.85,33.85,32.6,33.1,45500,15.27,26,12500.0,27.47,2026-10-01
DRREDDY,EQ,01-Oct-2026,1233.0,1233.0,1233.9,1194.9,1206.2,2607818,31610.88,111111,1700288.0,65.2,2026-10-01
DSFCL,BE,01-Oct-2026,28.94,28.75,29.59,27.6,27.9,87628,24.57,155,,,2026-10-01
DSKULKARNI,BE,01-Oct-2026,25.56,26.07,26.07,26.07,26.07,53,0.01,1,,,2026-10-01
DSSL,EQ,01-Oct-2026,983.2,983.0,983.95,941.05,948.75,28151,269.18,3001,17166.0,60.98,2026-10-01
DTIL,BE,01-Oct-2026,152.21,148.0,159.82,146.2,158.57,13405,20.96,108,,,2026-10-01
DUCOL,SM,01-Oct-2026,121.0,120.8,121.0,120.8,120.9,1600,1.93,2,800.0,50.0,2026-10-01
DUCON,EQ,01-Oct-2026,1.36,1.37,1.39,1.3,1.3,3705446,48.86,898,1852278.0,49.99,2026-10-01
DUGLOBAL,SM,01-Oct-2026,20.1,20.0,22.1,20.0,21.75,207500,43.33,51,170000.0,81.93,2026-10-01
DURLAX,SM,01-Oct-2026,65.15,63.55,67.3,63.0,65.25,124000,80.84,60,52000.0,41.94,2026-10-01
DVL,EQ,01-Oct-2026,282.95,278.75,282.15,274.45,278.7,12290,34.07,343,9652.0,78.54,2026-10-01
DWARKESH,EQ,01-Oct-2026,42.66,42.45,42.48,41.0,41.96,1083964,453.14,7064,356628.0,32.9,2026-10-01
DYCL,EQ,01-Oct-2026,437.15,436.5,437.75,417.5,428.0,313267,1337.42,11803,127557.0,40.72,2026-10-01
DYNAMATECH,EQ,01-Oct-2026,13611.0,13611.0,13996.0,13300.0,13756.0,42592,5802.07,16234,16455.0,38.63,2026-10-01
DYNAMIC,SM,01-Oct-2026,133.95,133.3,133.3,129.95,129.95,1500,1.97,3,1500.0,100.0,2026-10-01
DYNPRO,EQ,01-Oct-2026,223.58,225.27,226.5,220.57,224.58,3562,7.97,273,2283.0,64.09,2026-10-01
E2E,BE,01-Oct-2026,650.5,647.0,655.0,620.1,648.0,470548,3000.04,10232,,,2026-10-01
E2ERAIL,SM,01-Oct-2026,335.05,343.0,343.0,321.25,322.8,45600,151.22,46,24000.0,52.63,2026-10-01
EASEMYTRIP,EQ,01-Oct-2026,5.86,5.86,5.89,5.72,5.76,12319113,713.34,7249,4187611.0,33.99,2026-10-01
EASTSILK,BE,01-Oct-2026,73.81,77.5,77.5,70.12,70.12,4250,3.14,40,,,2026-10-01
EASTWEST,EQ,01-Oct-2026,2.33,2.36,2.36,2.24,2.29,20920,0.48,81,16521.0,78.97,2026-10-01
EBANK10,EQ,01-Oct-2026,15.82,16.1,16.28,16.08,16.19,605,0.1,14,386.0,63.8,2026-10-01
EBANKNIFTY,EQ,01-Oct-2026,55.41,55.66,55.79,54.59,55.24,2190,1.21,32,1794.0,81.92,2026-10-01
EBBETF0430,EQ,01-Oct-2026,1606.78,1611.9,1613.99,1601.19,1601.58,7718,123.89,585,5635.0,73.01,2026-10-01
EBBETF0431,EQ,01-Oct-2026,1427.54,1431.64,1439.5,1423.82,1427.59,17923,256.78,414,9997.0,55.78,2026-10-01
EBBETF0433,EQ,01-Oct-2026,1297.04,1303.53,1303.94,1296.56,1299.69,2062,26.8,136,1674.0,81.18,2026-10-01
EBGNG,EQ,01-Oct-2026,686.75,686.0,713.0,670.0,704.7,892168,6146.64,33339,354515.0,39.74,2026-10-01
EBIX,BE,01-Oct-2026,16.97,16.99,17.19,16.7,16.89,26253,4.44,95,,,2026-10-01
ECAPINSURE,EQ,01-Oct-2026,22.56,22.78,23.17,22.39,22.73,90120,20.4,309,44859.0,49.78,2026-10-01
ECLERX,EQ,01-Oct-2026,1819.9,1811.9,1829.8,1782.8,1802.9,106573,1922.16,19758,53293.0,50.01,2026-10-01
ECOLINE,SM,01-Oct-2026,171.45,170.05,185.0,170.0,179.15,70000,126.32,44,48000.0,68.57,2026-10-01
ECORECO,EQ,01-Oct-2026,395.5,394.9,401.95,385.0,388.6,15029,58.96,1518,9852.0,65.55,2026-10-01
ECOSMOBLTY,EQ,01-Oct-2026,104.73,106.5,106.5,102.0,105.01,40431,42.14,1615,27930.0,69.08,2026-10-01
EDELWEISS,EQ,01-Oct-2026,142.73,142.0,142.0,136.0,137.9,6165446,8556.36,42356,2653911.0,43.04,2026-10-01
EEPL,ST,01-Oct-2026,132.5,133.5,133.5,128.55,130.0,10000,13.08,9,9000.0,90.0,2026-10-01
EFACTOR,SM,01-Oct-2026,185.0,190.0,191.95,176.15,185.75,6000,11.15,14,2400.0,40.0,2026-10-01
EFCIL,EQ,01-Oct-2026,172.21,172.78,172.78,167.05,171.2,242978,412.3,3968,157012.0,64.62,2026-10-01
EFFWA,SM,01-Oct-2026,356.95,356.95,360.95,338.0,342.9,15200,52.9,32,9200.0,60.53,2026-10-01
EFORCE,SM,01-Oct-2026,18.5,18.0,18.4,17.9,18.4,4800,0.87,4,4800.0,100.0,2026-10-01
EGOLD,EQ,01-Oct-2026,147.1,147.1,147.75,146.25,146.85,52660,77.36,529,40246.0,76.43,2026-10-01
EICHERMOT,EQ,01-Oct-2026,7150.0,7120.0,7146.0,6840.0,6920.0,817452,56726.45,88509,402040.0,49.18,2026-10-01
EIDPARRY,EQ,01-Oct-2026,685.9,682.0,685.35,672.3,674.55,341622,2313.31,23102,164136.0,48.05,2026-10-01
EIEL,EQ,01-Oct-2026,189.62,188.8,192.0,182.95,184.0,775964,1444.44,17102,409118.0,52.72,2026-10-01
EIFFL,BE,01-Oct-2026,273.2,273.0,273.0,267.75,267.75,646,1.76,7,,,2026-10-01
EIHAHOTELS,EQ,01-Oct-2026,297.15,289.0,300.6,289.0,296.1,13263,39.37,1692,8887.0,67.01,2026-10-01
EIHOTEL,EQ,01-Oct-2026,301.1,300.65,301.0,295.15,297.85,167855,499.52,7981,88057.0,52.46,2026-10-01
EIMCOELECO,EQ,01-Oct-2026,2269.2,2267.2,2285.0,2221.5,2268.8,18996,428.24,2558,9580.0,50.43,2026-10-01
EKC,EQ,01-Oct-2026,108.9,108.9,108.9,103.7,106.01,154275,163.36,2893,75540.0,48.96,2026-10-01
EKI,BE,01-Oct-2026,94.99,94.0,99.7,91.0,97.95,40385,39.07,361,,,2026-10-01
ELANTAS,EQ,01-Oct-2026,13839.0,13836.0,13839.0,13067.0,13474.0,2435,328.05,1301,1199.0,49.24,2026-10-01
ELCIDIN,EQ,01-Oct-2026,102665.0,102665.0,102665.0,101110.0,102155.0,7,7.14,7,5.0,71.43,2026-10-01
ELDEHSG,EQ,01-Oct-2026,751.05,761.1,786.9,751.05,782.25,1460,11.34,95,1200.0,82.19,2026-10-01
ELECON,EQ,01-Oct-2026,461.8,463.0,465.0,436.1,440.0,985198,4417.22,29990,441909.0,44.85,2026-10-01
ELECTCAST,EQ,01-Oct-2026,74.37,74.3,78.45,72.49,74.54,5379383,4051.37,38030,1553231.0,28.87,2026-10-01
ELECTHERM,EQ,01-Oct-2026,774.25,774.25,774.25,717.05,743.6,17615,130.4,1366,9433.0,53.55,2026-10-01
ELEVATE,EQ,01-Oct-2026,322.95,315.0,353.0,312.25,344.8,15447430,52526.79,212848,2358303.0,15.27,2026-10-01
ELGIEQUIP,EQ,01-Oct-2026,608.85,604.0,605.75,574.8,584.65,435205,2545.82,29585,211237.0,48.54,2026-10-01
ELGIRUBCO,EQ,01-Oct-2026,53.42,52.95,53.69,50.5,51.38,33486,17.34,518,22357.0,66.77,2026-10-01
ELGNZ,SM,01-Oct-2026,82.0,83.9,84.9,80.45,82.8,8000,6.65,7,5000.0,62.5,2026-10-01
ELIN,EQ,01-Oct-2026,86.3,86.9,86.9,78.31,79.73,424406,343.76,5048,268997.0,63.38,2026-10-01
ELIQUID,EQ,01-Oct-2026,1049.84,1050.38,1050.4,1050.38,1050.39,43291,454.73,17,30628.0,70.75,2026-10-01
ELITECON,EQ,01-Oct-2026,7.98,8.09,8.22,7.7,7.79,5953979,469.37,8348,3019502.0,50.71,2026-10-01
ELLEN,EQ,01-Oct-2026,356.9,360.0,360.0,333.9,341.7,1714617,5869.62,32548,836910.0,48.81,2026-10-01
ELM250,EQ,01-Oct-2026,15.77,15.84,15.85,15.42,15.65,193509,30.15,355,184221.0,95.2,2026-10-01
ELMDIV,EQ,01-Oct-2026,34.61,34.43,34.73,33.71,34.72,621,0.21,29,420.0,67.63,2026-10-01
ELPROINTL,EQ,01-Oct-2026,174.0,173.13,174.75,171.25,174.31,8080,14.04,249,5676.0,70.25,2026-10-01
EMAMILTD,EQ,01-Oct-2026,379.05,376.1,377.35,370.2,372.65,2237638,8378.78,38923,1446476.0,64.64,2026-10-01
EMAMIPAP,BE,01-Oct-2026,119.56,118.7,119.9,113.59,116.84,34125,39.41,221,,,2026-10-01
EMAMIREAL,EQ,01-Oct-2026,67.43,67.1,69.43,67.0,67.14,5743,3.9,192,3631.0,63.22,2026-10-01
EMAPARTNER,SM,01-Oct-2026,81.5,80.05,81.65,80.05,81.65,3000,2.43,3,2000.0,66.67,2026-10-01
EMBASSY,RR,01-Oct-2026,434.42,433.75,437.7,425.35,428.71,1165022,4992.47,21490,935229.0,80.28,2026-10-01
EMBDL,EQ,01-Oct-2026,58.51,57.85,58.32,55.17,56.13,2114200,1194.8,12395,907216.0,42.91,2026-10-01
EMCURE,EQ,01-Oct-2026,1943.0,1927.5,1974.0,1916.1,1944.6,69846,1354.62,10433,39030.0,55.88,2026-10-01
EMETAL,EQ,01-Oct-2026,12.66,13.0,13.0,12.31,12.78,9273,1.17,60,7467.0,80.52,2026-10-01
EMIL,EQ,01-Oct-2026,205.36,204.0,207.15,197.73,204.05,4017614,8141.31,51073,1474049.0,36.69,2026-10-01
EMKAY,EQ,01-Oct-2026,278.2,277.0,294.9,275.1,286.8,56856,160.38,1419,31126.0,54.75,2026-10-01
EMKAYTOOLS,SM,01-Oct-2026,97.9,98.95,98.95,93.2,98.6,600,0.58,4,150.0,25.0,2026-10-01
EMMBI,BE,01-Oct-2026,89.74,89.74,89.74,85.26,86.04,16076,13.81,149,,,2026-10-01
EMMIL,SM,01-Oct-2026,132.0,136.0,139.0,130.0,132.75,21000,28.02,74,18750.0,89.29,2026-10-01
EMMVEE,EQ,01-Oct-2026,315.9,315.0,316.4,300.85,305.9,1383663,4248.69,38560,615786.0,44.5,2026-10-01
EMPIND,EQ,01-Oct-2026,1057.1,1057.3,1077.3,1046.1,1059.2,1377,14.55,197,970.0,70.44,2026-10-01
EMPOWER,EQ,01-Oct-2026,1.62,1.54,1.54,1.54,1.54,3581175,55.15,1913,3581175.0,100.0,2026-10-01
EMSLIMITED,EQ,01-Oct-2026,337.2,338.0,338.0,324.65,331.55,157212,518.72,5548,67017.0,42.63,2026-10-01
EMUDHRA,EQ,01-Oct-2026,596.5,595.4,603.35,566.0,580.0,702179,4079.3,27889,247562.0,35.26,2026-10-01
EMULTIMQ,EQ,01-Oct-2026,40.11,40.11,41.45,39.43,40.16,32944,13.24,363,22475.0,68.22,2026-10-01
ENCOMPAS,SM,01-Oct-2026,240.0,241.45,258.8,241.45,253.35,17600,44.35,28,13600.0,77.27,2026-10-01
ENDURANCE,EQ,01-Oct-2026,2656.5,2635.1,2653.0,2581.3,2601.4,123076,3229.28,35633,75307.0,61.19,2026-10-01
ENERGY,EQ,01-Oct-2026,36.9,37.64,37.64,36.3,36.75,275574,101.11,1531,141329.0,51.29,2026-10-01
ENERGYAXIS,EQ,01-Oct-2026,18.4,18.69,18.69,18.07,18.27,22014,4.01,114,11838.0,53.77,2026-10-01
ENERGYDEV,EQ,01-Oct-2026,14.39,14.99,14.99,14.1,14.52,10986,1.58,201,6821.0,62.09,2026-10-01
ENEXT50,EQ,01-Oct-2026,70.5,71.2,71.7,68.33,68.98,2369,1.66,32,366.0,15.45,2026-10-01
ENFUSE,SM,01-Oct-2026,154.0,153.15,153.15,150.0,150.0,1200,1.82,2,600.0,50.0,2026-10-01
ENGINERSIN,EQ,01-Oct-2026,309.6,308.0,318.3,303.05,312.75,7911815,24638.77,94050,1722874.0,21.78,2026-10-01
ENIFTY,EQ,01-Oct-2026,22.9,23.0,23.0,22.5,22.75,7147,1.62,84,5216.0,72.98,2026-10-01
ENIL,EQ,01-Oct-2026,95.59,96.0,97.89,92.55,93.36,21152,20.16,479,14579.0,68.92,2026-10-01
ENKEIWHEL,EQ,01-Oct-2026,396.55,396.55,401.0,386.05,392.6,2283,9.02,115,2211.0,96.85,2026-10-01
ENRIN,EQ,01-Oct-2026,3200.0,3213.0,3358.0,3187.0,3334.0,1649842,54720.75,141948,512586.0,31.07,2026-10-01
ENSER,SM,01-Oct-2026,15.25,15.4,15.75,15.2,15.25,35000,5.4,7,35000.0,100.0,2026-10-01
ENTERO,EQ,01-Oct-2026,1708.9,1690.1,1712.9,1622.2,1680.8,205073,3390.47,18259,127084.0,61.97,2026-10-01
ENVIRO,SM,01-Oct-2026,67.75,70.0,70.15,67.55,67.55,17000,11.83,15,11000.0,64.71,2026-10-01
EPACK,EQ,01-Oct-2026,175.35,175.95,176.75,168.61,171.59,284743,489.06,5710,122823.0,43.13,2026-10-01
EPACKPEB,EQ,01-Oct-2026,243.2,243.0,250.7,236.48,242.07,598656,1459.85,18115,232895.0,38.9,2026-10-01
EPIGRAL,EQ,01-Oct-2026,1012.5,1016.2,1017.9,975.9,982.2,80328,793.13,3853,52704.0,65.61,2026-10-01
EPL,EQ,01-Oct-2026,237.0,236.0,236.45,226.69,232.39,2613252,6062.63,32527,1423799.0,54.48,2026-10-01
EPWINDIA,SM,01-Oct-2026,260.0,258.95,270.0,258.95,270.0,8400,22.3,7,8400.0,100.0,2026-10-01
EQUAL200,EQ,01-Oct-2026,13.1,13.1,13.1,12.82,12.95,45092,5.82,131,44646.0,99.01,2026-10-01
EQUAL50,EQ,01-Oct-2026,312.57,310.56,311.07,305.34,309.14,19721,60.59,113,13605.0,68.99,2026-10-01
EQUAL50ADD,EQ,01-Oct-2026,323.42,323.27,323.27,316.6,320.32,41876,133.82,728,34004.0,81.2,2026-10-01
EQUIPPP,BE,01-Oct-2026,22.65,22.65,23.1,22.2,22.83,2241,0.5,17,,,2026-10-01
EQUITASBNK,EQ,01-Oct-2026,68.93,68.76,68.76,67.4,68.41,1588015,1080.07,14650,858536.0,54.06,2026-10-01
ERIS,EQ,01-Oct-2026,1191.9,1181.3,1200.0,1162.9,1189.8,88725,1051.32,13035,42036.0,47.38,2026-10-01
ESABINDIA,EQ,01-Oct-2026,5530.0,5544.5,5599.0,5461.0,5500.5,3747,207.26,1286,2106.0,56.2,2026-10-01
ESAFSFB,BE,01-Oct-2026,44.52,43.66,44.5,42.3,43.4,438635,190.26,1439,,,2026-10-01
ESCONET,ST,01-Oct-2026,235.05,246.0,246.8,238.1,246.8,76800,188.67,140,72800.0,94.79,2026-10-01
ESCORTS,EQ,01-Oct-2026,2715.2,2700.0,2701.0,2550.1,2667.3,338525,8866.76,46200,91357.0,26.99,2026-10-01
ESDS,EQ,01-Oct-2026,1509.5,1434.1,1434.1,1434.1,1434.1,23844,341.95,2024,23844.0,100.0,2026-10-01
ESENSEX,EQ,01-Oct-2026,73.25,73.23,73.31,72.1,72.6,815,0.59,46,802.0,98.4,2026-10-01
ESFL,SM,01-Oct-2026,113.1,114.8,114.8,112.05,113.55,12600,14.23,29,10440.0,82.86,2026-10-01
ESG,EQ,01-Oct-2026,38.83,38.7,38.78,38.16,38.47,13784,5.3,117,9895.0,71.79,2026-10-01
ESILVER,EQ,01-Oct-2026,219.2,219.99,220.04,214.2,218.28,492444,1075.06,869,460643.0,93.54,2026-10-01
ESPRIT,SM,01-Oct-2026,65.25,64.0,65.0,62.0,62.35,11200,7.05,7,6400.0,57.14,2026-10-01
ESSARSHPNG,EQ,01-Oct-2026,18.89,19.5,19.88,16.9,17.18,1584604,285.13,5195,765288.0,48.3,2026-10-01
ESSENTIA,EQ,01-Oct-2026,1.0,1.0,1.02,1.0,1.0,1171955,11.78,683,790759.0,67.47,2026-10-01
ESTER,EQ,01-Oct-2026,101.22,102.0,104.8,94.22,95.52,807322,804.41,10798,337503.0,41.81,2026-10-01
ETERNAL,EQ,01-Oct-2026,320.0,316.6,320.4,309.8,313.9,29716584,93283.12,183916,15326571.0,51.58,2026-10-01
ETHOSLTD,EQ,01-Oct-2026,2537.2,2549.9,2549.9,2473.8,2531.9,46240,1164.26,9734,25129.0,54.34,2026-10-01
ETL,SM,01-Oct-2026,1225.0,1205.0,1205.0,1150.0,1177.5,300,3.53,2,300.0,100.0,2026-10-01
ETML,SM,01-Oct-2026,73.75,73.75,73.75,73.05,73.05,4800,3.53,3,4800.0,100.0,2026-10-01
EUREKAFORB,EQ,01-Oct-2026,361.0,362.9,367.55,348.0,352.5,266094,956.06,16697,135077.0,50.76,2026-10-01
EUROBOND,EQ,01-Oct-2026,146.25,145.31,149.2,144.0,148.29,2259,3.3,57,1846.0,81.72,2026-10-01
EUROPRATIK,EQ,01-Oct-2026,192.3,191.05,193.49,184.71,190.42,195340,370.16,7119,88517.0,45.31,2026-10-01
EUROTEXIND,EQ,01-Oct-2026,14.3,15.5,15.73,15.5,15.73,30574,4.8,106,22491.0,73.56,2026-10-01
EVEREADY,EQ,01-Oct-2026,323.2,322.35,322.8,310.0,315.85,60239,190.66,2904,27825.0,46.19,2026-10-01
EVERESTIND,BE,01-Oct-2026,455.6,464.5,477.4,445.1,475.3,28053,131.76,454,,,2026-10-01
EVIETF,EQ,01-Oct-2026,30.8,30.85,31.18,29.65,30.04,173832,52.23,1469,118799.0,68.34,2026-10-01
EVINDIA,EQ,01-Oct-2026,30.76,31.38,31.38,29.63,30.0,383506,115.15,3437,268416.0,69.99,2026-10-01
EXCELINDUS,EQ,01-Oct-2026,945.2,946.0,950.9,906.1,921.8,15400,141.94,1543,7208.0,46.81,2026-10-01
EXCELSOFT,EQ,01-Oct-2026,81.17,81.0,81.0,76.71,78.33,514243,405.69,5437,247803.0,48.19,2026-10-01
EXICOM,EQ,01-Oct-2026,152.11,152.11,156.4,147.2,151.1,840406,1277.43,12550,307507.0,36.59,2026-10-01
EXIDEIND,EQ,01-Oct-2026,412.6,411.6,417.5,403.8,409.45,2369486,9731.77,52727,1147869.0,48.44,2026-10-01
EXPLEOSOL,EQ,01-Oct-2026,857.85,852.85,863.45,830.1,848.75,16041,135.76,1922,7395.0,46.1,2026-10-01
EXXARO,EQ,01-Oct-2026,6.07,6.2,6.2,6.0,6.04,200554,12.12,423,151860.0,75.72,2026-10-01
FABTECH,EQ,01-Oct-2026,145.04,145.16,145.16,139.42,142.01,89956,128.24,1645,38391.0,42.68,2026-10-01
FACT,EQ,01-Oct-2026,757.95,757.9,757.9,727.95,734.95,95867,709.11,8263,31121.0,32.46,2026-10-01
FAIRCHEMOR,BE,01-Oct-2026,680.75,668.0,684.7,646.75,661.5,3845,25.34,896,,,2026-10-01
FALCONTECH,SM,01-Oct-2026,12.95,13.45,13.45,12.2,12.9,13200,1.64,5,12000.0,90.91,2026-10-01
FASCINATE,SM,01-Oct-2026,70.45,72.9,73.95,70.45,73.95,303200,223.22,130,274400.0,90.5,2026-10-01
FAZE3Q,EQ,01-Oct-2026,442.15,440.0,444.1,425.05,433.05,23619,101.69,1512,12667.0,53.63,2026-10-01
FCL,EQ,01-Oct-2026,57.45,57.42,58.47,54.76,55.72,33188098,18696.89,80345,13403252.0,40.39,2026-10-01
FCSSOFT,EQ,01-Oct-2026,1.4,1.41,1.42,1.37,1.38,1584700,22.09,1250,806224.0,50.88,2026-10-01
FDC,EQ,01-Oct-2026,339.4,339.0,342.85,332.2,335.9,107854,362.77,7149,41576.0,38.55,2026-10-01
FEDDERSHOL,EQ,01-Oct-2026,61.51,62.27,67.62,61.2,63.63,61090409,39922.96,182122,1973865.0,3.23,2026-10-01
FEDERALBNK,EQ,01-Oct-2026,317.4,316.1,321.35,313.75,318.2,11278668,35934.59,93526,6477946.0,57.44,2026-10-01
FEDFINA,EQ,01-Oct-2026,150.96,152.0,152.0,146.21,149.77,1579564,2358.87,24365,715444.0,45.29,2026-10-01
FEL,BZ,01-Oct-2026,0.38,0.39,0.39,0.38,0.39,80094,0.31,58,,,2026-10-01
FELDVR,BZ,01-Oct-2026,2.02,2.02,2.1,1.92,2.03,15925,0.31,36,,,2026-10-01
FELIX,SM,01-Oct-2026,202.0,200.0,200.0,186.4,193.0,44500,85.56,62,24500.0,55.06,2026-10-01
FERMENTA,EQ,01-Oct-2026,549.7,546.0,570.8,538.7,553.25,433950,2408.81,14690,104133.0,24.0,2026-10-01
FIBERWEB,EQ,01-Oct-2026,27.41,28.37,28.37,26.4,26.55,12052,3.24,174,9065.0,75.22,2026-10-01
FIDEL,SM,01-Oct-2026,176.15,176.0,179.8,175.0,178.9,36000,63.94,22,22000.0,61.11,2026-10-01
FIEMIND,EQ,01-Oct-2026,1877.6,1877.2,1888.0,1785.1,1794.8,115474,2099.02,15704,63307.0,54.82,2026-10-01
FILATEX,EQ,01-Oct-2026,107.76,108.03,109.12,101.21,106.1,3522416,3680.66,24008,1612803.0,45.79,2026-10-01
FILATFASH,EQ,01-Oct-2026,0.18,0.18,0.19,0.18,0.18,16018624,29.14,1430,12709146.0,79.34,2026-10-01
FINBUD,SM,01-Oct-2026,111.25,110.8,132.9,110.8,126.3,27000,32.21,27,19000.0,70.37,2026-10-01
FINCABLES,EQ,01-Oct-2026,1450.3,1448.2,1477.5,1428.9,1458.8,598654,8708.4,42806,240692.0,40.21,2026-10-01
FINEORG,EQ,01-Oct-2026,5124.5,5124.0,5185.0,5060.0,5131.0,18279,937.13,4615,10559.0,57.77,2026-10-01
FINIETF,EQ,01-Oct-2026,30.25,30.25,31.15,29.48,30.4,480477,143.45,2492,365462.0,76.06,2026-10-01
FINKURVE,EQ,01-Oct-2026,67.92,67.92,72.9,67.01,70.53,86037,60.17,1032,38636.0,44.91,2026-10-01
FINOPB,EQ,01-Oct-2026,127.21,127.21,129.9,125.01,128.22,146312,184.96,2499,72848.0,49.79,2026-10-01
FINPIPE,EQ,01-Oct-2026,151.48,150.7,151.0,149.0,150.49,397198,595.39,12226,206964.0,52.11,2026-10-01
FIRSTCRY,EQ,01-Oct-2026,179.94,179.7,181.1,172.7,174.75,2150458,3792.63,24593,506755.0,23.56,2026-10-01
FISCHER,EQ,01-Oct-2026,33.55,34.39,34.39,32.61,33.46,220491,73.4,1384,123462.0,55.99,2026-10-01
FIVESTAR,EQ,01-Oct-2026,516.85,513.5,513.5,498.25,506.25,547397,2765.75,32111,228394.0,41.72,2026-10-01
FLAIR,EQ,01-Oct-2026,229.32,230.98,231.0,216.82,226.57,126030,282.77,3408,71669.0,56.87,2026-10-01
FLEXIADD,EQ,01-Oct-2026,9.44,9.44,9.47,9.25,9.37,201216,18.76,631,139551.0,69.35,2026-10-01
FLEXITUFF,BE,01-Oct-2026,2.97,3.02,3.02,3.02,3.02,11680,0.35,21,,,2026-10-01
FLFL,BZ,01-Oct-2026,1.09,1.12,1.12,1.05,1.11,25576,0.28,51,,,2026-10-01
FLUOROCHEM,EQ,01-Oct-2026,4405.3,4406.0,4415.0,4225.4,4341.5,156006,6724.66,24082,83600.0,53.59,2026-10-01
FLYSBS,SM,01-Oct-2026,625.3,630.0,639.55,588.05,605.95,94000,573.99,315,59200.0,62.98,2026-10-01
FMCGADD,EQ,01-Oct-2026,44.79,44.79,44.93,43.75,44.29,26296,11.6,334,14683.0,55.84,2026-10-01
FMCGIETF,EQ,01-Oct-2026,47.92,47.92,48.19,46.62,47.05,4085325,1926.24,11768,3197093.0,78.26,2026-10-01
FMGOETZE,EQ,01-Oct-2026,445.65,442.0,451.45,433.3,444.25,212350,940.33,9959,78983.0,37.19,2026-10-01
FMNL,EQ,01-Oct-2026,8.35,8.73,8.76,8.02,8.08,51611,4.35,172,31281.0,60.61,2026-10-01
FOCUS,BE,01-Oct-2026,56.52,57.4,57.97,53.7,54.3,84536,46.03,530,,,2026-10-01
FONEBOX,ST,01-Oct-2026,144.4,137.2,137.2,137.2,137.2,4000,5.49,4,4000.0,100.0,2026-10-01
FOODSIN,EQ,01-Oct-2026,50.92,51.95,51.95,48.6,49.39,98285,48.7,2054,63755.0,64.87,2026-10-01
FORCAS,ST,01-Oct-2026,244.0,249.95,249.95,235.1,240.0,28800,68.88,15,25600.0,88.89,2026-10-01
FORCEMOT,EQ,01-Oct-2026,17054.0,17300.0,17389.0,16531.0,16800.0,117482,19836.94,32230,35182.0,29.95,2026-10-01
FORGEAUTO,SM,01-Oct-2026,101.0,99.05,99.05,99.05,99.05,1200,1.19,1,1200.0,100.0,2026-10-01
FORTIS,EQ,01-Oct-2026,770.0,763.0,786.4,745.35,785.0,6942851,53338.55,139855,3694690.0,53.22,2026-10-01
FOSECOIND,EQ,01-Oct-2026,6462.5,6431.0,6627.0,6301.5,6382.5,14715,946.11,4390,5518.0,37.5,2026-10-01
FRACTAL,EQ,01-Oct-2026,740.2,744.95,744.95,708.3,727.35,277503,2009.68,21699,137046.0,49.39,2026-10-01
FREDUN,EQ,01-Oct-2026,1404.5,1404.5,1407.3,1334.1,1355.2,38880,532.22,4860,16704.0,42.96,2026-10-01
FRESHARA,ST,01-Oct-2026,423.4,420.0,420.0,402.25,403.05,18600,75.61,30,17400.0,93.55,2026-10-01
FROG,SM,01-Oct-2026,263.45,263.45,263.45,242.5,253.35,30000,75.92,67,19600.0,65.33,2026-10-01
FRONTSP,EQ,01-Oct-2026,1460.2,1464.8,1464.8,1392.0,1415.6,31935,451.36,2878,14216.0,44.52,2026-10-01
FSL,EQ,01-Oct-2026,255.8,254.5,255.0,247.0,250.4,646270,1621.69,20139,200183.0,30.98,2026-10-01
FUSION,EQ,01-Oct-2026,175.08,175.1,175.67,168.5,171.36,510574,881.78,8683,302258.0,59.2,2026-10-01
FWSTC,SM,01-Oct-2026,226.7,212.0,231.95,197.0,197.65,29400,60.39,41,12000.0,40.82,2026-10-01
GABRIEL,EQ,01-Oct-2026,1341.8,1338.3,1365.0,1290.0,1315.0,361027,4790.63,30528,127167.0,35.22,2026-10-01
GAEL,EQ,01-Oct-2026,160.21,160.04,162.6,153.23,157.69,503840,788.57,14445,256143.0,50.84,2026-10-01
GAIL,EQ,01-Oct-2026,170.55,170.6,171.89,168.55,171.22,6882008,11719.09,45647,4017459.0,58.38,2026-10-01
GAJA,EQ,01-Oct-2026,140.05,140.76,140.76,133.0,135.27,527018,718.55,8707,242217.0,45.96,2026-10-01
GALAPREC,EQ,01-Oct-2026,1197.2,1197.0,1204.9,1120.0,1157.8,62711,723.0,6844,24684.0,39.36,2026-10-01
GALAXYSURF,EQ,01-Oct-2026,2332.8,2370.0,2487.2,2338.3,2376.9,216645,5246.32,30497,45394.0,20.95,2026-10-01
GALLANTT,EQ,01-Oct-2026,537.5,536.9,538.45,522.15,530.15,48279,255.63,3471,25213.0,52.22,2026-10-01
GANDHAR,EQ,01-Oct-2026,278.85,279.7,283.9,272.0,282.6,872149,2427.92,12348,419891.0,48.14,2026-10-01
GANDHITUBE,EQ,01-Oct-2026,951.55,952.9,989.0,951.0,975.55,31132,302.51,2684,14989.0,48.15,2026-10-01
GANECOS,EQ,01-Oct-2026,1000.6,1000.3,1004.1,955.9,976.2,51318,503.12,4826,23898.0,46.57,2026-10-01
GANESHBE,BE,01-Oct-2026,130.94,124.4,124.4,124.4,124.4,66281,82.45,229,,,2026-10-01
GANESHCP,EQ,01-Oct-2026,151.41,151.41,153.25,146.75,148.85,149872,223.03,2882,90314.0,60.26,2026-10-01
GANESHHOU,EQ,01-Oct-2026,719.0,720.6,720.6,695.0,699.1,137892,964.91,1976,124998.0,90.65,2026-10-01
GANESHIN,SM,01-Oct-2026,87.9,87.1,90.8,85.0,86.65,96800,83.46,94,68800.0,71.07,2026-10-01
GANGABATH,SM,01-Oct-2026,22.65,22.95,23.45,21.8,21.95,66000,14.91,22,36000.0,54.55,2026-10-01
GANGAFORGE,EQ,01-Oct-2026,1.54,1.54,1.58,1.47,1.48,2856361,42.71,1339,1975402.0,69.16,2026-10-01
GANGESSECU,EQ,01-Oct-2026,112.4,112.4,115.7,112.2,113.99,1092,1.23,18,871.0,79.76,2026-10-01
GARFIBRES,EQ,01-Oct-2026,770.85,770.0,773.95,753.5,768.4,27452,209.99,4519,11936.0,43.48,2026-10-01
GARUDA,EQ,01-Oct-2026,174.67,172.9,175.99,168.62,172.18,334071,573.23,5976,146468.0,43.84,2026-10-01
GATECH,BE,01-Oct-2026,0.68,0.68,0.69,0.65,0.65,18389106,120.22,5491,,,2026-10-01
GATECHDVR,BE,01-Oct-2026,0.47,0.49,0.49,0.46,0.46,272466,1.28,155,,,2026-10-01
GATEWAY,EQ,01-Oct-2026,52.04,52.35,52.56,51.3,51.88,749453,387.85,6142,393231.0,52.47,2026-10-01
GAUDIUMIVF,EQ,01-Oct-2026,111.15,109.0,112.61,105.2,109.48,248603,269.12,4812,127036.0,51.1,2026-10-01
GAYAHWS,EQ,01-Oct-2026,1.76,1.8,1.8,1.71,1.72,163710,2.87,386,132629.0,81.01,2026-10-01
GAYAPROJ,EQ,01-Oct-2026,22.68,22.8,23.37,21.75,22.44,442009,99.83,2284,254291.0,57.53,2026-10-01
GCHOTELS,SM,01-Oct-2026,119.6,120.3,123.95,113.1,113.95,23400,27.26,35,16200.0,69.23,2026-10-01
GCSL,EQ,01-Oct-2026,675.85,675.8,684.0,669.3,679.9,321775,2180.43,4445,75038.0,23.32,2026-10-01
GEECEE,BE,01-Oct-2026,374.2,373.5,379.9,365.0,373.3,1983,7.31,32,,,2026-10-01
GEEKAYWIRE,EQ,01-Oct-2026,31.19,31.8,31.82,28.15,29.21,204669,62.18,1470,102964.0,50.31,2026-10-01
GEMAROMA,EQ,01-Oct-2026,161.0,161.0,161.0,153.0,155.28,49391,76.76,1473,26224.0,53.09,2026-10-01
GENCON,EQ,01-Oct-2026,39.54,39.54,40.99,38.6,40.75,791007,313.2,2982,301905.0,38.17,2026-10-01
GENESYS,EQ,01-Oct-2026,273.43,275.0,287.0,270.0,281.35,606039,1695.54,12548,218993.0,36.14,2026-10-01
GENSOL,BZ,01-Oct-2026,14.39,14.39,14.59,13.68,13.68,202537,27.81,1044,,,2026-10-01
GENUSPAPER,EQ,01-Oct-2026,10.64,10.7,10.77,10.3,10.53,43515,4.58,218,37320.0,85.76,2026-10-01
GENUSPOWER,EQ,01-Oct-2026,288.65,288.0,291.65,272.6,280.0,2287333,6419.49,45875,1031687.0,45.1,2026-10-01
GENXAI,SM,01-Oct-2026,90.75,97.15,100.0,84.0,85.9,344400,317.09,236,212400.0,61.67,2026-10-01
GEOJITFSL,EQ,01-Oct-2026,76.59,76.71,77.9,75.06,75.7,221521,168.01,2249,135901.0,61.35,2026-10-01
GESHIP,EQ,01-Oct-2026,1560.0,1548.0,1554.2,1518.0,1530.6,574389,8808.44,32812,275706.0,48.0,2026-10-01
GFLLIMITED,EQ,01-Oct-2026,54.94,54.2,56.89,53.21,55.23,77608,42.62,2360,37176.0,47.9,2026-10-01
GFSTEELS,BE,01-Oct-2026,37.55,38.3,38.3,36.8,38.29,381853,144.78,249,,,2026-10-01
GGBL,SM,01-Oct-2026,222.7,227.0,227.0,215.5,217.45,24000,53.26,73,16200.0,67.5,2026-10-01
GHCL,EQ,01-Oct-2026,405.5,406.5,406.8,396.0,401.75,126656,506.85,4217,72697.0,57.4,2026-10-01
GHCLTEXTIL,EQ,01-Oct-2026,128.9,128.9,132.81,124.98,129.22,462761,595.31,8809,238658.0,51.57,2026-10-01
GICHSGFIN,EQ,01-Oct-2026,133.87,134.0,134.42,131.7,132.88,77191,102.4,1514,44861.0,58.12,2026-10-01
GICL,BE,01-Oct-2026,22.83,22.37,22.75,21.69,22.27,86500,19.11,159,,,2026-10-01
GICRE,EQ,01-Oct-2026,331.15,329.1,329.1,316.8,323.9,720831,2324.56,20909,353234.0,49.0,2026-10-01
GILLANDERS,EQ,01-Oct-2026,114.8,114.8,114.85,107.02,112.72,29602,33.1,670,10845.0,36.64,2026-10-01
GILLETTE,EQ,01-Oct-2026,7000.0,6965.0,6976.5,6860.0,6899.0,21964,1518.44,6799,13051.0,59.42,2026-10-01
GILT10BETA,EQ,01-Oct-2026,26.36,26.47,26.47,25.98,25.99,135,0.04,11,95.0,70.37,2026-10-01
GILT5BETA,EQ,01-Oct-2026,65.82,66.35,66.55,65.86,66.51,2527,1.68,22,1608.0,63.63,2026-10-01
GILT5YBEES,EQ,01-Oct-2026,65.79,65.61,65.97,65.61,65.73,347018,228.33,989,246968.0,71.17,2026-10-01
GINNIFILA,BE,01-Oct-2026,40.5,40.78,40.8,40.0,40.08,19199,7.71,72,,,2026-10-01
GIPCL,EQ,01-Oct-2026,179.68,179.0,181.4,171.0,174.83,825175,1445.89,9164,443921.0,53.8,2026-10-01
GIRIRAJ,SM,01-Oct-2026,59.85,62.8,62.8,57.0,62.8,5750,3.43,19,4000.0,69.57,2026-10-01
GJL,ST,01-Oct-2026,447.85,470.0,470.2,464.0,464.0,5600,26.19,7,4800.0,85.71,2026-10-01
GKB,EQ,01-Oct-2026,64.33,64.36,66.5,64.33,64.36,1567,1.02,27,1066.0,68.03,2026-10-01
GKENERGY,EQ,01-Oct-2026,119.88,120.89,121.49,113.11,114.76,1100877,1268.03,12830,493739.0,44.85,2026-10-01
GKSL,EQ,01-Oct-2026,179.05,180.1,209.8,180.0,194.27,34935174,69435.26,337685,1625860.0,4.65,2026-10-01
GKWLIMITED,EQ,01-Oct-2026,1550.0,1560.0,1560.0,1526.0,1530.0,5515,85.37,23,5511.0,99.93,2026-10-01
GLAND,EQ,01-Oct-2026,2899.4,2876.0,2929.8,2841.1,2874.4,327673,9420.68,33205,187759.0,57.3,2026-10-01
GLASSWALL,EQ,01-Oct-2026,282.0,280.9,283.9,262.6,270.4,6135652,16633.23,86646,1205558.0,19.65,2026-10-01
GLAXO,EQ,01-Oct-2026,2769.3,2773.7,2799.0,2724.8,2771.1,73407,2029.19,11211,41281.0,56.24,2026-10-01
GLENMARK,EQ,01-Oct-2026,2334.7,2339.0,2360.0,2279.3,2331.0,972522,22609.57,56185,655232.0,67.37,2026-10-01
GLFL,EQ,01-Oct-2026,5.39,5.63,5.63,5.21,5.49,3962,0.21,26,3248.0,81.98,2026-10-01
GLOBAL,EQ,01-Oct-2026,132.8,132.0,138.2,131.81,136.51,605881,808.26,3117,465989.0,76.91,2026-10-01
GLOBALE,EQ,01-Oct-2026,10.31,10.31,10.67,9.85,10.57,1715,0.17,22,1242.0,72.42,2026-10-01
GLOBALPET,SM,01-Oct-2026,174.2,174.2,179.0,165.5,178.45,16500,28.9,22,15750.0,95.45,2026-10-01
GLOBALVECT,EQ,01-Oct-2026,127.58,130.0,132.35,125.01,131.04,4078,5.28,229,2982.0,73.12,2026-10-01
GLOBE,EQ,01-Oct-2026,2.14,2.14,2.15,2.01,2.11,460701,9.63,290,305843.0,66.39,2026-10-01
GLOBECIVIL,EQ,01-Oct-2026,41.53,41.53,42.5,41.0,41.49,9555,3.96,266,7466.0,78.14,2026-10-01
GLOBUSSPR,EQ,01-Oct-2026,786.45,788.6,794.4,775.0,786.9,55391,435.2,5029,26233.0,47.36,2026-10-01
GLOSTERLTD,EQ,01-Oct-2026,546.1,546.1,555.0,537.2,539.0,581,3.16,58,463.0,79.69,2026-10-01
GLOTTIS,EQ,01-Oct-2026,62.88,62.87,62.87,57.22,58.41,80507,47.82,2543,47924.0,59.53,2026-10-01
GMBREW,EQ,01-Oct-2026,966.95,961.0,974.45,939.0,952.0,55565,529.55,3896,29982.0,53.96,2026-10-01
GMDCLTD,EQ,01-Oct-2026,507.7,505.4,505.75,479.8,487.65,1342310,6584.46,38435,492012.0,36.65,2026-10-01
GML,SM,01-Oct-2026,17.65,17.8,17.8,16.8,17.0,10000,1.72,5,8000.0,80.0,2026-10-01
GMMPFAUDLR,EQ,01-Oct-2026,1466.7,1465.0,1476.9,1390.0,1443.4,328964,4713.33,53971,181465.0,55.16,2026-10-01
GMRAIRPORT,EQ,01-Oct-2026,95.15,94.49,94.81,91.63,93.16,15683898,14653.71,32981,8556691.0,54.56,2026-10-01
GMRP&UI,EQ,01-Oct-2026,105.38,104.69,105.49,101.0,101.87,1700842,1756.5,22344,650148.0,38.23,2026-10-01
GNA,EQ,01-Oct-2026,598.35,597.05,598.3,569.0,580.7,351960,2051.41,9279,151349.0,43.0,2026-10-01
GNFC,EQ,01-Oct-2026,604.4,601.0,601.0,576.0,589.15,629192,3704.02,18880,318519.0,50.62,2026-10-01
GNRL,EQ,01-Oct-2026,98.26,98.5,98.99,95.96,97.18,663394,644.47,1489,598808.0,90.26,2026-10-01
GOACARBON,EQ,01-Oct-2026,404.95,403.05,410.25,392.05,402.9,18528,74.67,1244,9827.0,53.04,2026-10-01
GOCLCORP,EQ,01-Oct-2026,362.45,364.25,364.25,343.8,351.65,126291,443.9,7197,57533.0,45.56,2026-10-01
GOCOLORS,EQ,01-Oct-2026,300.75,299.0,303.9,289.45,294.95,121488,359.33,4235,68218.0,56.15,2026-10-01
GODAVARIB,EQ,01-Oct-2026,232.01,230.8,232.0,223.81,227.18,76451,174.68,1658,47810.0,62.54,2026-10-01
GODFRYPHLP,EQ,01-Oct-2026,1891.8,1891.8,1913.1,1830.0,1849.7,256983,4797.87,23541,89659.0,34.89,2026-10-01
GODIGIT,EQ,01-Oct-2026,260.05,258.5,260.45,252.15,256.3,305077,783.07,14128,145445.0,47.67,2026-10-01
GODREJAGRO,EQ,01-Oct-2026,623.55,623.0,635.0,620.0,631.9,137009,855.04,8524,83562.0,60.99,2026-10-01
GODREJCP,EQ,01-Oct-2026,850.0,852.0,852.0,838.0,840.0,838419,7071.05,23330,451367.0,53.84,2026-10-01
GODREJIND,EQ,01-Oct-2026,1039.4,1041.0,1041.0,985.2,1019.6,105287,1065.09,11702,32120.0,30.51,2026-10-01
GODREJPROP,EQ,01-Oct-2026,1628.5,1623.3,1632.9,1566.6,1595.8,496337,7919.2,28315,212956.0,42.91,2026-10-01
GOKEX,EQ,01-Oct-2026,687.8,684.1,699.0,675.8,688.75,207663,1428.43,14111,87206.0,41.99,2026-10-01
GOKUL,EQ,01-Oct-2026,39.42,39.89,39.89,38.04,38.66,210753,82.34,1440,31498.0,14.95,2026-10-01
GOKULAGRO,EQ,01-Oct-2026,212.98,210.23,215.16,207.0,210.1,232856,489.96,11238,116667.0,50.1,2026-10-01
GOLD1,EQ,01-Oct-2026,122.88,122.48,123.26,122.21,122.74,2061147,2529.21,8328,1221848.0,59.28,2026-10-01
GOLD360,EQ,01-Oct-2026,143.6,143.75,144.4,141.65,143.35,5094,7.3,235,2736.0,53.71,2026-10-01
GOLDADD,EQ,01-Oct-2026,14.28,14.28,14.39,14.21,14.28,4307436,614.81,5599,3417855.0,79.35,2026-10-01
GOLDAXIS,EQ,01-Oct-2026,122.48,122.29,122.97,121.8,122.36,1110357,1359.76,3500,732138.0,65.94,2026-10-01
GOLDBEES,EQ,01-Oct-2026,121.59,121.32,122.0,120.81,121.43,17170693,20854.28,102926,7628250.0,44.43,2026-10-01
GOLDBETA,EQ,01-Oct-2026,123.85,123.7,124.2,123.1,123.7,863561,1068.45,2581,721630.0,83.56,2026-10-01
GOLDBND,EQ,01-Oct-2026,147.19,147.0,147.68,145.1,146.75,27441,40.29,194,25279.0,92.12,2026-10-01
GOLDCASE,EQ,01-Oct-2026,23.16,23.08,23.3,23.01,23.18,10240971,2369.99,12934,6518231.0,63.65,2026-10-01
GOLDENTOBC,BZ,01-Oct-2026,23.46,22.7,24.01,22.29,23.69,476,0.11,48,,,2026-10-01
GOLDETF,EQ,01-Oct-2026,143.02,142.62,143.5,142.38,143.08,1134303,1622.22,4638,749040.0,66.04,2026-10-01
GOLDIAM,EQ,01-Oct-2026,313.45,312.5,316.55,302.4,310.8,423092,1311.03,10504,150680.0,35.61,2026-10-01
GOLDIETF,EQ,01-Oct-2026,126.07,125.68,126.5,125.44,125.79,5826082,7333.85,32914,3803220.0,65.28,2026-10-01
GOLDSTAR,SM,01-Oct-2026,12.25,12.85,12.85,12.85,12.85,101250,13.01,9,101250.0,100.0,2026-10-01
GOLDTECH,BE,01-Oct-2026,44.68,44.0,44.0,43.79,43.79,1646,0.72,19,,,2026-10-01
GOODLUCK,EQ,01-Oct-2026,508.05,504.0,504.9,475.6,499.35,720407,3542.29,30833,339210.0,47.09,2026-10-01
GOODYEAR,EQ,01-Oct-2026,703.15,701.0,707.0,690.0,694.3,5259,36.65,709,4137.0,78.67,2026-10-01
GOPAL,EQ,01-Oct-2026,250.95,253.0,276.0,249.95,254.75,592656,1551.07,11918,132220.0,22.31,2026-10-01
GOYALALUM,EQ,01-Oct-2026,5.86,5.98,5.98,5.83,5.91,30687,1.81,312,24217.0,78.92,2026-10-01
GPECO,SM,01-Oct-2026,393.6,402.9,419.0,402.85,412.0,47800,195.36,179,37600.0,78.66,2026-10-01
GPIL,EQ,01-Oct-2026,222.34,221.05,222.08,210.42,215.67,2042248,4397.47,27449,970555.0,47.52,2026-10-01
GPPL,EQ,01-Oct-2026,166.75,166.75,169.9,162.7,165.88,1997403,3332.95,29363,719137.0,36.0,2026-10-01
GPTHEALTH,EQ,01-Oct-2026,150.74,149.0,153.83,147.01,151.47,125173,187.89,5007,68134.0,54.43,2026-10-01
GPTINFRA,EQ,01-Oct-2026,118.34,118.33,121.9,116.12,118.66,1103389,1314.98,11797,262095.0,23.75,2026-10-01
GRADIENTE,BE,01-Oct-2026,2.25,2.36,2.36,2.36,2.36,1028057,24.26,61,,,2026-10-01
GRANDOAK,EQ,01-Oct-2026,34.19,34.74,35.89,34.35,34.8,6337,2.24,149,3052.0,48.16,2026-10-01
GRANULES,EQ,01-Oct-2026,846.55,841.7,849.1,814.05,821.75,783432,6472.1,35743,467843.0,59.72,2026-10-01
GRAPHISAD,SM,01-Oct-2026,25.2,24.0,25.2,24.0,24.6,7200,1.77,6,6000.0,83.33,2026-10-01
GRAPHITE,EQ,01-Oct-2026,764.8,763.95,791.45,756.9,786.15,1585680,12263.56,50510,529210.0,33.37,2026-10-01
GRASIM,EQ,01-Oct-2026,3061.9,3038.0,3045.0,2944.4,2962.0,1385746,41146.1,77360,743673.0,53.67,2026-10-01
GRAUWEIL,EQ,01-Oct-2026,82.77,81.8,83.56,79.37,81.8,531298,429.79,5533,276411.0,52.03,2026-10-01
GRAVISSHO,BE,01-Oct-2026,31.6,31.5,32.0,31.5,32.0,209,0.07,9,,,2026-10-01
GRAVITA,EQ,01-Oct-2026,1447.4,1442.3,1445.5,1388.0,1412.6,291677,4112.05,24744,157141.0,53.88,2026-10-01
GRCL,SM,01-Oct-2026,573.5,574.0,574.0,574.0,574.0,750,4.31,2,750.0,100.0,2026-10-01
GREAVESCOT,EQ,01-Oct-2026,230.28,228.95,229.99,220.2,225.98,1763832,3972.03,29299,852380.0,48.33,2026-10-01
GREENCHEF,SM,01-Oct-2026,71.2,69.7,70.05,67.15,69.95,8800,6.08,11,6400.0,72.73,2026-10-01
GREENLAM,EQ,01-Oct-2026,212.85,212.85,216.0,207.4,213.62,114653,242.61,3108,66593.0,58.08,2026-10-01
GREENLEAF,SM,01-Oct-2026,117.9,117.9,117.9,114.05,114.05,4000,4.61,4,4000.0,100.0,2026-10-01
GREENPANEL,EQ,01-Oct-2026,160.32,160.95,160.95,155.0,158.59,121066,191.08,2898,66724.0,55.11,2026-10-01
GREENPLY,EQ,01-Oct-2026,299.95,300.55,304.75,295.85,303.7,393933,1182.58,15789,217796.0,55.29,2026-10-01
GREENPOWER,EQ,01-Oct-2026,8.83,8.8,8.9,8.61,8.77,1489357,130.11,3978,778884.0,52.3,2026-10-01
GRINDWELL,EQ,01-Oct-2026,1994.1,1994.1,2005.0,1955.2,1975.8,27469,544.25,6467,12939.0,47.1,2026-10-01
GRINFRA,EQ,01-Oct-2026,800.6,796.5,802.45,775.0,790.2,20058,158.33,3240,10708.0,53.39,2026-10-01
GRMOVER,EQ,01-Oct-2026,78.92,78.5,78.53,77.0,77.87,1052630,818.11,4392,207058.0,19.67,2026-10-01
GROBTEA,EQ,01-Oct-2026,909.1,909.0,909.0,878.0,878.5,61,0.54,20,54.0,88.52,2026-10-01
GROWW,EQ,01-Oct-2026,183.91,183.5,185.36,178.01,180.11,18076780,32677.14,141738,9419186.0,52.11,2026-10-01
GROWWCAPM,EQ,01-Oct-2026,10.76,10.98,10.98,10.54,10.67,551537,58.82,1735,377112.0,68.37,2026-10-01
GROWWCHEM,EQ,01-Oct-2026,28.37,28.63,28.63,27.67,28.36,35896,10.06,354,20237.0,56.38,2026-10-01
GROWWDEFNC,EQ,01-Oct-2026,92.51,92.12,92.78,90.0,91.65,304785,278.59,3813,178250.0,58.48,2026-10-01
GROWWEV,EQ,01-Oct-2026,30.59,30.59,30.84,29.59,30.05,488919,146.81,3461,299729.0,61.3,2026-10-01
GROWWGOLD,EQ,01-Oct-2026,14.33,14.3,14.44,14.28,14.32,1897190,272.23,4118,972597.0,51.27,2026-10-01
GROWWHOSPI,EQ,01-Oct-2026,48.11,49.0,49.0,46.3,47.85,1459703,694.26,2699,1142064.0,78.24,2026-10-01
GROWWLIQID,EQ,01-Oct-2026,110.95,110.52,111.02,110.52,111.01,321953,357.4,240,108453.0,33.69,2026-10-01
GROWWLOVOL,EQ,01-Oct-2026,9.86,9.82,10.15,9.65,9.82,18392,1.8,178,12958.0,70.45,2026-10-01
GROWWMC150,EQ,01-Oct-2026,227.14,224.85,224.85,215.01,217.92,5062,11.02,160,4394.0,86.8,2026-10-01
GROWWMETAL,EQ,01-Oct-2026,12.24,12.4,12.4,11.75,11.95,654449,78.35,2267,344275.0,52.61,2026-10-01
GROWWMOM50,EQ,01-Oct-2026,10.59,10.8,10.8,10.4,10.55,259703,27.31,672,189155.0,72.84,2026-10-01
GROWWN200,EQ,01-Oct-2026,10.68,10.6,10.73,10.5,10.64,47147,5.01,359,36022.0,76.4,2026-10-01
GROWWNET,EQ,01-Oct-2026,10.01,10.21,10.21,9.69,9.84,772074,75.76,1406,484903.0,62.81,2026-10-01
GROWWNIFTY,EQ,01-Oct-2026,9.18,9.4,9.4,9.01,9.12,1529873,139.23,4857,1208642.0,79.0,2026-10-01
GROWWNXT50,EQ,01-Oct-2026,70.3,70.98,70.98,68.5,70.94,13270,9.25,169,9509.0,71.66,2026-10-01
GROWWPOWER,EQ,01-Oct-2026,10.84,11.06,11.06,10.6,10.84,3023108,326.55,3699,1710157.0,56.57,2026-10-01
GROWWPSE,EQ,01-Oct-2026,94.02,93.75,98.0,92.06,93.62,5362,5.01,158,3959.0,73.83,2026-10-01
GROWWPSUBK,EQ,01-Oct-2026,82.17,81.81,82.0,79.05,80.03,7655,6.14,196,6771.0,88.45,2026-10-01
GROWWRAIL,EQ,01-Oct-2026,26.55,26.56,26.71,25.8,26.1,926620,241.87,4163,467858.0,50.49,2026-10-01
GROWWRLTY,EQ,01-Oct-2026,9.48,9.44,9.51,9.24,9.37,279065,26.08,655,114807.0,41.14,2026-10-01
GROWWSC250,EQ,01-Oct-2026,10.32,10.39,10.39,10.06,10.19,143221,14.59,832,92093.0,64.3,2026-10-01
GROWWSLVR,EQ,01-Oct-2026,21.49,21.53,21.61,21.32,21.39,860582,184.78,1978,255533.0,29.69,2026-10-01
GRPLTD,EQ,01-Oct-2026,1898.6,1938.0,1938.0,1808.8,1895.0,1678,31.44,400,1043.0,62.16,2026-10-01
GRSE,EQ,01-Oct-2026,2181.9,2170.0,2173.0,2077.0,2111.1,571755,12103.62,53880,243042.0,42.51,2026-10-01
GRWRHITECH,EQ,01-Oct-2026,7015.5,7015.5,7037.5,6787.5,6925.5,29548,2045.84,7819,11823.0,40.01,2026-10-01
GSEC10ABSL,EQ,01-Oct-2026,111.9,111.79,111.79,111.79,111.79,1,0.0,1,1.0,100.0,2026-10-01
GSEC10IETF,EQ,01-Oct-2026,262.12,262.62,262.62,258.19,258.19,8759,22.89,12,8709.0,99.43,2026-10-01
GSEC10YEAR,EQ,01-Oct-2026,30.1,30.1,30.24,29.9,29.9,357,0.11,20,357.0,100.0,2026-10-01
GSEC5IETF,EQ,01-Oct-2026,66.04,65.97,66.34,65.67,65.7,18480,12.2,48,11090.0,60.01,2026-10-01
GSFC,EQ,01-Oct-2026,150.79,150.25,150.25,145.2,146.9,1070806,1579.29,11599,559609.0,52.26,2026-10-01
GSLSU,EQ,01-Oct-2026,31.0,30.6,31.25,29.45,29.96,35027,10.61,731,18806.0,53.69,2026-10-01
GSMFOILS,SM,01-Oct-2026,77.65,77.25,78.4,73.8,74.7,179500,134.55,246,115500.0,64.35,2026-10-01
GSPCROP,EQ,01-Oct-2026,467.15,467.15,467.15,452.0,454.35,279531,1279.24,4028,34115.0,12.2,2026-10-01
GSPLTRANS,BE,01-Oct-2026,144.4,137.18,137.18,137.18,137.18,38647,53.02,816,,,2026-10-01
GSS,EQ,01-Oct-2026,10.37,10.16,10.6,10.16,10.33,28600,2.95,278,21908.0,76.6,2026-10-01
GTECJAINX,EQ,01-Oct-2026,32.62,35.88,35.88,35.88,35.88,8844,3.17,44,8844.0,100.0,2026-10-01
GTL,EQ,01-Oct-2026,6.88,6.95,6.95,6.78,6.82,118621,8.15,496,83160.0,70.11,2026-10-01
GTLINFRA,EQ,01-Oct-2026,1.08,1.08,1.09,1.04,1.07,46020282,491.62,14291,17507476.0,38.04,2026-10-01
GTPL,EQ,01-Oct-2026,54.86,55.28,57.56,54.15,55.39,45190,25.39,806,30251.0,66.94,2026-10-01
GUFICBIO,EQ,01-Oct-2026,432.0,425.0,428.8,400.0,418.4,218739,902.51,10731,90691.0,41.46,2026-10-01
GUJALKALI,EQ,01-Oct-2026,618.85,611.1,615.0,590.0,603.6,66105,398.08,4444,28136.0,42.56,2026-10-01
GUJAPOLLO,EQ,01-Oct-2026,330.0,330.0,333.95,320.0,324.85,12118,39.88,369,6920.0,57.11,2026-10-01
GUJENERGY,EQ,01-Oct-2026,237.58,236.5,236.5,225.5,230.07,2083752,4792.9,55494,1231348.0,59.09,2026-10-01
GUJRAFFIA,EQ,01-Oct-2026,40.69,41.44,41.44,39.01,40.27,1350,0.54,39,986.0,73.04,2026-10-01
GUJTHEM,EQ,01-Oct-2026,387.6,385.0,395.0,368.6,381.8,397655,1510.43,18143,191463.0,48.15,2026-10-01
GULFOILLUB,EQ,01-Oct-2026,1125.4,1129.1,1129.1,1089.0,1093.0,34205,379.35,6226,16164.0,47.26,2026-10-01
GULFPETRO,BE,01-Oct-2026,60.72,61.4,63.1,60.25,62.45,139540,86.86,439,,,2026-10-01
GULPOLY,EQ,01-Oct-2026,165.86,165.86,167.65,158.86,161.75,91855,148.67,2512,59528.0,64.81,2026-10-01
GURUNANAK,SM,01-Oct-2026,34.15,33.0,33.5,33.0,33.5,12800,4.26,8,12800.0,100.0,2026-10-01
GVKPIL,BE,01-Oct-2026,2.56,2.51,2.51,2.51,2.51,272824,6.85,430,,,2026-10-01
GVPIL,EQ,01-Oct-2026,678.4,685.0,693.0,652.6,679.5,212804,1433.02,9831,97913.0,46.01,2026-10-01
GVPTECH,BE,01-Oct-2026,7.95,7.99,8.0,7.61,7.75,20703,1.61,178,,,2026-10-01
GVT&D,EQ,01-Oct-2026,4201.0,4239.9,4334.0,4213.3,4253.2,784543,33566.21,75819,264863.0,33.76,2026-10-01
GYFTR,EQ,01-Oct-2026,159.16,163.21,163.51,155.05,156.79,160086,251.68,5388,7738.0,4.83,2026-10-01
HAL,EQ,01-Oct-2026,4668.0,4666.0,4699.7,4559.3,4601.0,739864,34292.02,67972,314778.0,42.55,2026-10-01
HALDER,EQ,01-Oct-2026,245.75,252.0,258.8,227.6,232.73,1811,4.42,207,1241.0,68.53,2026-10-01
HALDYNGL,EQ,01-Oct-2026,154.46,154.9,155.8,144.0,146.05,83368,123.98,1465,50225.0,60.24,2026-10-01
HALEOSLABS,EQ,01-Oct-2026,1501.4,1499.8,1500.0,1450.0,1490.0,885,13.19,63,815.0,92.09,2026-10-01
HAMPTON,EQ,01-Oct-2026,8.08,7.9,8.44,7.67,8.09,3750,0.3,57,3060.0,81.6,2026-10-01
HAPPSTMNDS,EQ,01-Oct-2026,310.6,310.0,313.35,300.0,304.7,560349,1709.66,14884,258134.0,46.07,2026-10-01
HAPPY,SM,01-Oct-2026,76.0,78.6,78.6,75.05,75.95,18000,13.84,9,10000.0,55.56,2026-10-01
HAPPYFORGE,EQ,01-Oct-2026,2067.2,2079.8,2099.3,1991.0,2003.7,100454,2031.33,13956,63592.0,63.3,2026-10-01
HARDWYN,EQ,01-Oct-2026,9.21,9.19,9.29,8.85,9.19,573580,52.42,677,275472.0,48.03,2026-10-01
HARIOMPIPE,EQ,01-Oct-2026,340.95,342.15,342.25,325.75,332.35,102151,340.53,4582,48758.0,47.73,2026-10-01
HARRMALAYA,EQ,01-Oct-2026,179.13,180.95,182.3,172.0,179.67,8615,15.32,302,6523.0,75.72,2026-10-01
HARSHA,EQ,01-Oct-2026,470.3,472.05,484.8,454.7,474.5,401993,1902.37,12486,158161.0,39.34,2026-10-01
HATHWAY,EQ,01-Oct-2026,9.45,9.38,9.41,9.1,9.32,1551707,143.72,3054,857660.0,55.27,2026-10-01
HATSUN,EQ,01-Oct-2026,1099.0,1099.0,1122.1,1078.3,1118.1,22578,248.06,3157,10408.0,46.1,2026-10-01
HAVELLS,EQ,01-Oct-2026,1016.0,1020.0,1041.8,1019.7,1040.0,2030089,21017.09,55974,1095439.0,53.96,2026-10-01
HAVISHA,EQ,01-Oct-2026,1.34,1.32,1.48,1.32,1.35,88827,1.23,159,56311.0,63.39,2026-10-01
HAWKINCOOK,EQ,01-Oct-2026,8007.5,7946.5,8061.0,7890.0,8026.0,955,76.26,611,561.0,58.74,2026-10-01
HAZOOR,EQ,01-Oct-2026,18.65,18.2,18.58,17.81,17.94,207228,37.5,706,107478.0,51.86,2026-10-01
HBESD,EQ,01-Oct-2026,71.63,65.26,69.56,60.26,65.11,1078,0.71,43,717.0,66.51,2026-10-01
HBLENGINE,EQ,01-Oct-2026,794.5,789.95,789.95,760.1,779.35,1396672,10842.11,40069,577457.0,41.35,2026-10-01
HBPOR,EQ,01-Oct-2026,59.3,60.45,60.5,58.6,59.83,395,0.24,46,375.0,94.94,2026-10-01
HBSL,EQ,01-Oct-2026,55.89,57.6,58.5,55.5,57.03,4313,2.46,87,3936.0,91.26,2026-10-01
HCC,EQ,01-Oct-2026,20.41,20.4,20.56,19.88,20.23,16600215,3351.73,26671,6390016.0,38.49,2026-10-01
HCG,EQ,01-Oct-2026,666.05,666.05,675.0,656.05,668.75,108392,721.36,15883,66795.0,61.62,2026-10-01
HCL-INSYS,EQ,01-Oct-2026,10.1,10.02,10.24,9.86,10.04,313156,31.45,1018,228333.0,72.91,2026-10-01
HCLTECH,EQ,01-Oct-2026,1230.0,1230.0,1256.0,1228.9,1243.1,3430282,42595.96,97028,1798613.0,52.43,2026-10-01
HDBFS,EQ,01-Oct-2026,621.3,620.05,622.25,602.6,618.2,440447,2699.4,30004,247288.0,56.14,2026-10-01
HDFCAMC,EQ,01-Oct-2026,2280.7,2282.0,2321.1,2269.7,2308.1,1134071,26016.22,59451,696049.0,61.38,2026-10-01
HDFCBANK,EQ,01-Oct-2026,708.7,708.4,721.3,707.1,721.2,37389857,267906.93,287066,23672227.0,63.31,2026-10-01
HDFCBSE500,EQ,01-Oct-2026,35.71,35.5,35.7,34.89,35.41,447593,157.07,449,401155.0,89.62,2026-10-01
HDFCGOLD,EQ,01-Oct-2026,125.75,125.49,126.1,125.06,125.58,3414958,4288.22,11426,2258092.0,66.12,2026-10-01
HDFCGROWTH,EQ,01-Oct-2026,110.8,108.03,111.98,108.03,109.96,14185,15.55,291,6990.0,49.28,2026-10-01
HDFCLIFE,EQ,01-Oct-2026,521.2,518.0,538.9,517.4,534.2,4008935,21298.57,66572,1772636.0,44.22,2026-10-01
HDFCLIQUID,EQ,01-Oct-2026,1080.05,1081.14,1083.65,1076.65,1080.61,57033,616.31,79,31096.0,54.52,2026-10-01
HDFCLOWVOL,EQ,01-Oct-2026,19.33,19.25,19.31,19.0,19.15,4017,0.77,99,1548.0,38.54,2026-10-01
HDFCMID150,EQ,01-Oct-2026,22.16,22.71,22.71,21.67,21.95,1164486,255.68,3100,518050.0,44.49,2026-10-01
HDFCMOMENT,EQ,01-Oct-2026,29.92,29.92,31.9,29.11,30.11,500553,148.39,1489,341832.0,68.29,2026-10-01
HDFCNEXT50,EQ,01-Oct-2026,71.48,71.45,71.45,69.82,70.5,229503,161.8,1462,116356.0,50.7,2026-10-01
HDFCNIF100,EQ,01-Oct-2026,25.04,25.04,26.5,24.15,24.75,202276,49.32,834,147978.0,73.16,2026-10-01
HDFCNIFBAN,EQ,01-Oct-2026,56.47,56.47,56.82,55.69,56.2,60344,33.91,513,34672.0,57.46,2026-10-01
HDFCNIFIT,EQ,01-Oct-2026,29.62,29.98,30.28,29.55,29.87,244781,72.88,326,134119.0,54.79,2026-10-01
HDFCNIFTY,EQ,01-Oct-2026,255.84,262.23,262.23,251.18,254.22,342495,866.83,2811,214216.0,62.55,2026-10-01
HDFCNIMEG,EQ,01-Oct-2026,128.0,127.11,127.5,122.97,124.33,47592,59.12,186,25350.0,53.27,2026-10-01
HDFCPSUBK,EQ,01-Oct-2026,81.57,81.78,81.97,79.62,80.52,21442,17.25,257,11962.0,55.79,2026-10-01
HDFCPVTBAN,EQ,01-Oct-2026,27.27,27.24,27.61,27.0,27.37,1380967,377.78,662,1076391.0,77.94,2026-10-01
HDFCQUAL,EQ,01-Oct-2026,55.47,55.4,55.4,54.27,54.86,10418,5.71,182,3999.0,38.39,2026-10-01
HDFCSENSEX,EQ,01-Oct-2026,82.56,82.56,82.98,81.1,81.84,162897,133.22,1251,106287.0,65.25,2026-10-01
HDFCSILVER,EQ,01-Oct-2026,209.63,209.63,210.68,208.03,208.74,2145454,4486.57,9523,1022457.0,47.66,2026-10-01
HDFCSML250,EQ,01-Oct-2026,179.55,179.32,179.4,175.11,177.81,2126207,3764.29,28976,1231242.0,57.91,2026-10-01
HDFCVALUE,EQ,01-Oct-2026,118.37,118.86,119.5,117.0,118.11,16898,19.86,154,10456.0,61.88,2026-10-01
HDIL,BZ,01-Oct-2026,1.47,1.47,1.48,1.42,1.45,58703,0.85,153,,,2026-10-01
HEADSUP,EQ,01-Oct-2026,6.75,6.85,6.85,6.27,6.4,5132,0.33,212,2770.0,53.98,2026-10-01
HEALTHADD,EQ,01-Oct-2026,16.33,16.26,16.33,16.1,16.21,54116,8.78,215,45789.0,84.61,2026-10-01
HEALTHAXIS,EQ,01-Oct-2026,164.49,164.55,164.89,161.97,163.58,15400,25.19,114,4088.0,26.55,2026-10-01
HEALTHCARE,EQ,01-Oct-2026,21.15,21.15,21.99,20.8,21.02,54599,11.43,345,31728.0,58.11,2026-10-01
HEALTHIETF,EQ,01-Oct-2026,166.5,166.5,168.5,163.22,164.59,264403,434.03,2899,186409.0,70.5,2026-10-01
HEALTHX,EQ,01-Oct-2026,285.05,290.0,290.0,270.2,273.0,5260,14.36,411,2778.0,52.81,2026-10-01
HEALTHY,EQ,01-Oct-2026,16.58,16.59,16.76,16.34,16.47,1052535,173.46,1663,668052.0,63.47,2026-10-01
HECPROJECT,EQ,01-Oct-2026,113.0,111.0,115.0,111.0,111.86,4772,5.35,95,3700.0,77.54,2026-10-01
HEGAM,EQ,01-Oct-2026,237.65,240.0,241.79,232.65,239.28,771383,1829.69,14441,294154.0,38.13,2026-10-01
HEIDELBERG,EQ,01-Oct-2026,132.6,132.8,132.8,128.45,130.57,133605,173.86,4041,75783.0,56.72,2026-10-01
HEMIPROP,EQ,01-Oct-2026,114.07,114.05,114.07,109.81,111.5,750373,836.17,7894,426612.0,56.85,2026-10-01
HERANBA,EQ,01-Oct-2026,176.53,175.5,177.39,169.0,172.12,66295,114.46,1979,35074.0,52.91,2026-10-01
HERITGFOOD,EQ,01-Oct-2026,402.0,400.0,415.6,394.15,402.9,324704,1317.08,12248,92755.0,28.57,2026-10-01
HEROMOTOCO,EQ,01-Oct-2026,5241.0,5235.0,5290.0,5051.0,5168.0,862662,44599.73,77810,400994.0,46.48,2026-10-01
HEROMOTORS,EQ,01-Oct-2026,152.55,159.99,167.8,159.03,167.8,87174697,143119.43,489729,12885484.0,14.78,2026-10-01
HESTERBIO,EQ,01-Oct-2026,2175.8,2162.7,2167.9,2075.5,2126.8,2718,57.57,648,1573.0,57.87,2026-10-01
HEXAGON,BE,01-Oct-2026,68.6,67.7,71.7,67.25,68.8,577085,402.62,1540,,,2026-10-01
HEXATRADEX,EQ,01-Oct-2026,156.85,159.4,159.4,153.5,154.96,5701,8.8,78,4252.0,74.58,2026-10-01
HEXT,EQ,01-Oct-2026,494.1,494.1,502.6,481.6,490.45,258061,1261.0,20168,91160.0,35.32,2026-10-01
HFCL,BE,01-Oct-2026,227.02,238.37,238.37,227.1,238.36,23039457,54656.69,63682,,,2026-10-01
HGINFRA,EQ,01-Oct-2026,432.75,433.0,433.8,409.0,419.9,248381,1041.83,13700,119033.0,47.92,2026-10-01
HGM,EQ,01-Oct-2026,42.56,42.0,42.0,39.8,40.36,6341,2.57,93,5180.0,81.69,2026-10-01
HGS,EQ,01-Oct-2026,370.05,374.95,375.25,363.0,367.05,9114,33.56,790,6640.0,72.85,2026-10-01
HIGREEN,SM,01-Oct-2026,124.9,122.85,123.9,120.25,120.3,8800,10.66,11,5600.0,63.64,2026-10-01
HIKAL,EQ,01-Oct-2026,217.89,218.19,224.99,213.77,218.14,942244,2074.34,17411,370876.0,39.36,2026-10-01
HILINFRA,EQ,01-Oct-2026,42.75,45.42,46.8,44.01,45.06,1172963,534.71,6787,322539.0,27.5,2026-10-01
HILTON,EQ,01-Oct-2026,16.34,16.65,17.15,16.15,16.86,144115,24.25,717,103046.0,71.5,2026-10-01
HIMATSEIDE,EQ,01-Oct-2026,66.4,66.0,66.01,63.0,64.15,513252,329.1,8029,268283.0,52.27,2026-10-01
HINDADH,EQ,01-Oct-2026,385.4,377.55,385.0,374.0,384.0,2461,9.36,41,2397.0,97.4,2026-10-01
HINDALCO,EQ,01-Oct-2026,941.8,935.0,946.65,923.5,941.85,5877840,55050.99,107112,3315920.0,56.41,2026-10-01
HINDALUMI,EQ,01-Oct-2026,92.69,92.0,92.69,89.0,90.76,2057,1.88,95,1812.0,88.09,2026-10-01
HINDCOMPOS,EQ,01-Oct-2026,381.3,384.45,384.45,372.5,380.8,1341,5.09,211,851.0,63.46,2026-10-01
HINDCON,EQ,01-Oct-2026,35.05,34.88,34.88,33.3,33.3,73537,24.84,366,72597.0,98.72,2026-10-01
HINDCOPPER,EQ,01-Oct-2026,472.65,469.85,471.2,450.0,462.15,6827265,31375.73,127766,2970971.0,43.52,2026-10-01
HINDOILEXP,EQ,01-Oct-2026,171.55,171.27,171.52,164.5,167.31,472707,791.25,7141,250525.0,53.0,2026-10-01
HINDPETRO,EQ,01-Oct-2026,350.35,351.15,352.8,344.0,345.0,5754484,20024.99,41061,3069870.0,53.35,2026-10-01
HINDUNILVR,EQ,01-Oct-2026,1879.1,1870.1,1873.6,1826.9,1836.0,1331680,24567.84,76268,693799.0,52.1,2026-10-01
HINDWAREAP,EQ,01-Oct-2026,169.97,169.97,172.1,167.07,170.53,129981,220.35,2613,90970.0,69.99,2026-10-01
HINDZINC,EQ,01-Oct-2026,566.0,564.4,566.35,547.2,555.05,3165448,17623.92,49807,1598733.0,50.51,2026-10-01
HIRECT,EQ,01-Oct-2026,1147.2,1142.0,1165.9,1102.5,1123.8,50921,574.32,4789,27101.0,53.22,2026-10-01
HISARMETAL,EQ,01-Oct-2026,148.97,148.98,148.98,144.1,146.92,4852,7.13,61,3864.0,79.64,2026-10-01
HITECH,EQ,01-Oct-2026,72.61,72.5,72.53,69.86,71.42,517898,367.93,5288,289932.0,55.98,2026-10-01
HITECHCORP,BE,01-Oct-2026,345.25,342.5,345.25,340.0,340.25,20052,68.35,131,,,2026-10-01
HITECHGEAR,BE,01-Oct-2026,621.8,625.0,627.5,595.0,601.75,2558,15.59,80,,,2026-10-01
HLEGLAS,EQ,01-Oct-2026,439.4,448.45,455.45,430.05,442.05,219734,968.07,7690,124217.0,56.53,2026-10-01
HLVLTD,EQ,01-Oct-2026,6.41,6.31,6.45,6.12,6.31,154005,9.68,621,106762.0,69.32,2026-10-01
HMAAGRO,EQ,01-Oct-2026,23.92,24.04,24.11,23.04,23.47,2581703,602.98,3113,2147388.0,83.18,2026-10-01
HMT,BZ,01-Oct-2026,60.1,61.49,61.49,58.0,58.24,10063,5.93,125,,,2026-10-01
HMVL,BE,01-Oct-2026,75.96,76.79,79.64,72.55,77.44,40284,30.48,222,,,2026-10-01
HNDFDS,EQ,01-Oct-2026,574.75,567.3,583.1,567.3,574.6,70210,403.78,5759,36772.0,52.37,2026-10-01
HNGSNGBEES,EQ,01-Oct-2026,457.47,450.0,465.97,450.0,455.1,94952,432.5,4462,72781.0,76.65,2026-10-01
HOACFOODS,ST,01-Oct-2026,911.1,929.2,929.2,913.0,915.0,3750,34.45,10,3750.0,100.0,2026-10-01
HOLMARC,SM,01-Oct-2026,115.5,115.5,120.0,109.75,120.0,12000,13.56,15,8250.0,68.75,2026-10-01
HOMEFIRST,EQ,01-Oct-2026,1104.8,1102.8,1129.0,1084.2,1125.7,187768,2078.25,18996,108501.0,57.78,2026-10-01
HONASA,EQ,01-Oct-2026,431.35,427.35,431.0,413.85,427.9,1936982,8216.16,72741,958405.0,49.48,2026-10-01
HONAUT,EQ,01-Oct-2026,33460.0,33105.0,33760.0,33025.0,33470.0,8388,2803.42,3382,4881.0,58.19,2026-10-01
HONDAPOWER,EQ,01-Oct-2026,1874.5,1896.8,1915.0,1835.0,1886.3,2893,54.06,601,1753.0,60.59,2026-10-01
HORIZONIND,EQ,01-Oct-2026,50.28,50.1,50.31,48.11,48.65,4049133,2000.83,25513,2552970.0,63.05,2026-10-01
HPAL,EQ,01-Oct-2026,33.83,33.83,34.25,33.17,33.81,51014,17.05,636,31924.0,62.58,2026-10-01
HPIL,EQ,01-Oct-2026,115.37,114.5,114.89,112.0,114.44,163,0.18,9,163.0,100.0,2026-10-01
HPL,EQ,01-Oct-2026,269.05,270.4,270.4,260.3,267.2,93293,247.66,4284,49332.0,52.88,2026-10-01
HPTL,ST,01-Oct-2026,443.0,443.0,443.0,431.0,431.0,2400,10.42,4,1800.0,75.0,2026-10-01
HRHNEXT,SM,01-Oct-2026,24.9,24.0,24.0,24.0,24.0,1500,0.36,1,1500.0,100.0,2026-10-01
HRYNSHP,EQ,01-Oct-2026,96.0,96.05,99.9,95.5,97.98,580,0.57,47,479.0,82.59,2026-10-01
HSBCGOLD,EQ,01-Oct-2026,127.47,129.69,129.69,127.17,127.95,57399,73.39,203,30576.0,53.27,2026-10-01
HSCL,EQ,01-Oct-2026,677.8,675.25,677.75,658.7,665.15,1431438,9542.72,28506,646276.0,45.15,2026-10-01
HTEL,EQ,01-Oct-2026,72.29,73.4,75.1,70.5,72.92,1986272,1446.64,23799,634652.0,31.95,2026-10-01
HTMEDIA,EQ,01-Oct-2026,23.02,23.55,23.55,22.2,22.38,115588,26.15,595,91172.0,78.88,2026-10-01
HUBTOWN,EQ,01-Oct-2026,182.28,183.0,184.37,174.32,177.42,420252,756.51,8012,166831.0,39.7,2026-10-01
HUDCO,EQ,01-Oct-2026,166.58,167.94,167.94,159.51,161.54,3136559,5120.17,42765,1235599.0,39.39,2026-10-01
HUHTAMAKI,EQ,01-Oct-2026,237.35,235.3,235.3,227.81,232.72,94577,219.11,3750,45603.0,48.22,2026-10-01
HVAX,SM,01-Oct-2026,709.9,709.9,709.9,709.9,709.9,150,1.06,1,150.0,100.0,2026-10-01
HYBRIDETF,EQ,01-Oct-2026,9.8,9.8,9.83,9.71,9.72,9554,0.93,97,8042.0,84.17,2026-10-01
HYBRIDFIN,EQ,01-Oct-2026,17.94,17.9,18.25,16.8,17.36,95433,16.7,577,40687.0,42.63,2026-10-01
HYUNDAI,EQ,01-Oct-2026,2031.0,2031.0,2078.6,2002.0,2024.0,1795808,36646.93,99277,938350.0,52.25,2026-10-01
IBLFL,SM,01-Oct-2026,61.0,61.0,61.0,61.0,61.0,2000,1.22,1,2000.0,100.0,2026-10-01
IBULLSLTD,EQ,01-Oct-2026,29.61,29.55,30.14,28.58,29.43,14659328,4284.67,17577,9173470.0,62.58,2026-10-01
ICDSLTD,BE,01-Oct-2026,48.88,46.6,46.6,46.44,46.5,2007,0.93,33,,,2026-10-01
ICELCO,SM,01-Oct-2026,125.8,127.95,130.5,112.05,117.3,135600,160.34,99,70800.0,52.21,2026-10-01
ICEMAKE,EQ,01-Oct-2026,629.55,629.55,629.9,602.0,623.65,31483,193.46,2676,15382.0,48.86,2026-10-01
ICICIAMC,EQ,01-Oct-2026,3136.7,3121.0,3121.1,3055.0,3084.4,524043,16153.7,38444,352872.0,67.34,2026-10-01
ICICIB22,EQ,01-Oct-2026,109.96,109.0,110.9,107.59,108.91,332463,360.5,4753,197586.0,59.43,2026-10-01
ICICIBANK,EQ,01-Oct-2026,1321.7,1316.0,1329.9,1308.4,1310.6,13163495,173522.43,182461,7513021.0,57.07,2026-10-01
ICICIGI,EQ,01-Oct-2026,1590.0,1579.0,1594.7,1562.6,1563.0,1189772,18778.05,75214,720274.0,60.54,2026-10-01
ICICIPRULI,EQ,01-Oct-2026,443.8,443.8,450.55,441.8,448.05,1267559,5653.03,34450,645040.0,50.89,2026-10-01
ICIL,EQ,01-Oct-2026,460.4,461.0,466.7,435.45,443.65,435107,1951.04,23087,168201.0,38.66,2026-10-01
ICRA,EQ,01-Oct-2026,4232.0,4232.0,4346.5,4205.1,4318.3,24641,1056.98,5669,13300.0,53.98,2026-10-01
IDBI,EQ,01-Oct-2026,82.2,81.87,87.39,81.32,86.57,26713864,22672.18,72842,12089153.0,45.25,2026-10-01
IDEA,EQ,01-Oct-2026,12.95,12.95,13.14,12.5,12.64,612490273,78459.95,565780,206895944.0,33.78,2026-10-01
IDEAFORGE,EQ,01-Oct-2026,730.95,735.0,767.45,724.4,735.0,409863,3053.33,16950,178110.0,43.46,2026-10-01
IDEALTECHO,SM,01-Oct-2026,97.65,85.6,85.6,85.6,85.6,1000,0.86,1,1000.0,100.0,2026-10-01
IDFCFIRSTB,EQ,01-Oct-2026,81.44,80.95,81.38,79.53,80.39,24434109,19697.28,56136,13629991.0,55.78,2026-10-01
IDFNIFTYET,EQ,01-Oct-2026,254.93,254.88,254.88,245.46,247.02,5604,13.92,144,2431.0,43.38,2026-10-01
IEML,ST,01-Oct-2026,53.45,56.1,56.1,51.0,52.4,366000,203.52,157,352500.0,96.31,2026-10-01
IEX,EQ,01-Oct-2026,107.0,107.01,107.38,104.18,105.98,3180623,3365.33,36144,1296004.0,40.75,2026-10-01
IFBAGRO,EQ,01-Oct-2026,891.65,919.95,919.95,853.85,866.95,2552,22.29,448,1399.0,54.82,2026-10-01
IFBIND,EQ,01-Oct-2026,1201.0,1201.0,1213.7,1152.1,1166.2,41264,485.05,3438,21567.0,52.27,2026-10-01
IFCI,EQ,01-Oct-2026,68.77,68.55,68.55,64.25,65.14,41910107,27660.49,118204,10891496.0,25.99,2026-10-01
IFGLEXPOR,EQ,01-Oct-2026,191.45,196.8,196.8,184.13,189.57,34168,64.53,1441,16157.0,47.29,2026-10-01
IGARASHI,EQ,01-Oct-2026,403.4,402.0,405.35,387.05,398.95,68004,268.77,4199,26021.0,38.26,2026-10-01
IGCL,EQ,01-Oct-2026,56.8,57.25,57.25,51.72,54.62,234071,125.85,5337,117639.0,50.26,2026-10-01
IGIL,EQ,01-Oct-2026,315.9,317.4,317.95,308.4,311.95,247930,773.87,9505,113966.0,45.97,2026-10-01
IGL,EQ,01-Oct-2026,145.61,143.2,143.9,139.33,142.79,2346741,3318.6,55627,1050374.0,44.76,2026-10-01
IGPL,EQ,01-Oct-2026,579.75,588.85,590.45,562.65,569.55,61516,353.26,3753,32909.0,53.5,2026-10-01
IIFL,EQ,01-Oct-2026,600.75,600.0,606.6,577.0,583.8,1821159,10713.89,46841,801384.0,44.0,2026-10-01
IIFLCAPS,EQ,01-Oct-2026,346.0,343.1,346.5,342.5,345.6,654711,2252.48,7719,440912.0,67.34,2026-10-01
IITL,EQ,01-Oct-2026,133.26,133.0,139.85,128.25,132.56,91702,121.54,724,10191.0,11.11,2026-10-01
IKIO,EQ,01-Oct-2026,196.85,196.85,199.85,186.77,190.96,133638,256.28,4426,63385.0,47.43,2026-10-01
IKS,EQ,01-Oct-2026,1747.5,1747.0,1783.8,1726.1,1776.4,149999,2629.09,13892,78166.0,52.11,2026-10-01
IL&FSENGG,BZ,01-Oct-2026,38.57,39.0,39.55,38.0,38.59,13193,5.09,36,,,2026-10-01
IL&FSTRANS,BZ,01-Oct-2026,1.92,1.97,1.97,1.83,1.87,29961,0.56,64,,,2026-10-01
IMAGICAA,EQ,01-Oct-2026,51.08,50.56,52.26,49.52,50.7,512963,260.02,4046,221244.0,43.13,2026-10-01
IMFA,EQ,01-Oct-2026,1190.9,1190.9,1210.0,1148.0,1176.8,141199,1654.13,11801,73927.0,52.36,2026-10-01
IMPAL,EQ,01-Oct-2026,1037.5,1037.5,1050.0,998.3,1009.1,2586,26.35,488,1714.0,66.28,2026-10-01
INA,EQ,01-Oct-2026,87.5,89.01,89.01,84.71,87.02,699639,605.13,5735,344968.0,49.31,2026-10-01
INCREDIBLE,EQ,01-Oct-2026,32.61,32.98,34.0,30.51,31.37,5442,1.77,102,3028.0,55.64,2026-10-01
INDBANK,EQ,01-Oct-2026,25.36,25.4,25.5,25.05,25.2,11592,2.92,286,8140.0,70.22,2026-10-01
INDGN,EQ,01-Oct-2026,590.75,587.0,601.55,580.0,593.5,485930,2866.88,32041,218388.0,44.94,2026-10-01
INDHOTEL,EQ,01-Oct-2026,728.65,728.0,732.95,712.3,718.0,4023940,29093.04,70559,2479424.0,61.62,2026-10-01
INDIACEM,EQ,01-Oct-2026,301.85,300.5,303.0,290.25,295.15,231935,686.56,10783,103896.0,44.8,2026-10-01
INDIAGLYCO,EQ,01-Oct-2026,307.4,306.8,306.8,290.0,298.8,273493,815.05,7759,91129.0,33.32,2026-10-01
INDIAMART,EQ,01-Oct-2026,1629.0,1620.0,1641.0,1590.1,1620.3,60779,976.9,11629,30881.0,50.81,2026-10-01
INDIANB,EQ,01-Oct-2026,805.9,805.9,810.5,786.85,793.15,671392,5349.75,24487,277682.0,41.36,2026-10-01
INDIANCARD,EQ,01-Oct-2026,186.13,192.95,192.95,183.04,188.37,2084,3.91,53,1604.0,76.97,2026-10-01
INDIANHUME,EQ,01-Oct-2026,352.8,354.5,354.5,337.85,346.1,33765,116.26,2445,15149.0,44.87,2026-10-01
INDIASHLTR,EQ,01-Oct-2026,635.6,630.5,650.0,630.5,645.6,88297,566.53,6442,48119.0,54.5,2026-10-01
INDIGO,EQ,01-Oct-2026,4984.0,4936.0,5016.2,4878.0,4929.9,592514,29255.3,61329,289977.0,48.94,2026-10-01
INDIGOPNTS,EQ,01-Oct-2026,1091.0,1078.9,1086.1,1050.0,1053.5,75763,802.8,11003,48453.0,63.95,2026-10-01
INDIGRID,IV,01-Oct-2026,170.98,171.0,171.48,169.51,169.85,1105943,1880.57,21156,1067581.0,96.53,2026-10-01
INDIQUBE,EQ,01-Oct-2026,196.38,195.0,200.0,191.15,197.49,25992,50.79,1580,10505.0,40.42,2026-10-01
INDNIPPON,EQ,01-Oct-2026,1244.4,1255.0,1270.0,1187.7,1224.4,84237,1032.65,9627,31919.0,37.89,2026-10-01
INDOAMIN,EQ,01-Oct-2026,142.07,145.0,146.0,133.45,136.52,293231,406.3,5074,151544.0,51.68,2026-10-01
INDOBORAX,EQ,01-Oct-2026,481.45,481.45,481.5,458.8,469.5,90013,422.55,3886,26307.0,29.23,2026-10-01
INDOCO,EQ,01-Oct-2026,261.67,256.0,257.7,245.3,251.75,291376,732.56,8754,106170.0,36.44,2026-10-01
INDOFARM,EQ,01-Oct-2026,134.45,134.37,134.81,128.25,131.77,100442,132.28,2148,57921.0,57.67,2026-10-01
INDOKEM,EQ,01-Oct-2026,600.45,602.7,609.9,590.0,603.7,5070,30.41,447,3131.0,61.76,2026-10-01
INDOMIM,EQ,01-Oct-2026,1242.45,1227.0,1285.0,1215.0,1271.8,901958,11254.18,38343,450215.0,49.92,2026-10-01
INDORAMA,EQ,01-Oct-2026,100.36,98.0,101.64,91.55,95.81,1609228,1532.5,18973,649126.0,40.34,2026-10-01
INDOSTAR,EQ,01-Oct-2026,213.54,214.55,214.68,199.84,206.35,113755,233.1,2371,69238.0,60.87,2026-10-01
INDOTECH,EQ,01-Oct-2026,3188.2,3204.3,3347.6,3141.0,3347.6,50433,1670.68,3759,27274.0,54.08,2026-10-01
INDOTHAI,EQ,01-Oct-2026,33.52,34.4,35.19,34.0,35.19,1541578,538.68,4394,791035.0,51.31,2026-10-01
INDOUS,EQ,01-Oct-2026,78.22,79.0,79.0,76.3,76.75,533,0.41,33,480.0,90.06,2026-10-01
INDOWIND,EQ,01-Oct-2026,8.69,8.84,8.84,8.21,8.44,118799,10.04,651,90938.0,76.55,2026-10-01
INDPRUD,EQ,01-Oct-2026,6336.5,6494.0,6494.0,6251.0,6255.5,97,6.1,46,93.0,95.88,2026-10-01
INDRAMEDCO,EQ,01-Oct-2026,348.95,345.0,346.25,335.5,338.6,320580,1086.86,10599,172943.0,53.95,2026-10-01
INDSWFTLAB,EQ,01-Oct-2026,388.75,388.6,409.9,379.5,395.15,749983,2965.72,19499,238017.0,31.74,2026-10-01
INDTERRAIN,EQ,01-Oct-2026,29.42,29.35,29.93,29.15,29.22,6847,2.0,79,6026.0,88.01,2026-10-01
INDUSINDBK,EQ,01-Oct-2026,901.4,896.1,900.75,880.3,886.85,1761249,15667.3,34557,915846.0,52.0,2026-10-01
INDUSINVIT,IV,01-Oct-2026,129.95,130.19,130.28,128.0,128.18,436892,563.08,11595,368559.0,84.36,2026-10-01
INDUSTOWER,EQ,01-Oct-2026,373.2,371.1,384.7,370.0,376.25,9498411,36014.78,66775,5266407.0,55.45,2026-10-01
INFINIUM,SM,01-Oct-2026,291.45,290.55,317.4,289.0,314.25,40000,123.61,76,26000.0,65.0,2026-10-01
INFLUX,SM,01-Oct-2026,260.2,260.05,260.05,240.0,256.0,49200,123.58,78,33600.0,68.29,2026-10-01
INFOBEAN,EQ,01-Oct-2026,143.5,141.79,149.94,141.79,143.58,237666,343.24,5016,69505.0,29.24,2026-10-01
INFOLLION,SM,01-Oct-2026,152.0,152.0,154.0,152.0,154.0,1200,1.84,3,1200.0,100.0,2026-10-01
INFOMEDIA,EQ,01-Oct-2026,5.38,5.55,5.55,5.05,5.32,17374,0.9,71,13139.0,75.62,2026-10-01
INFRA,EQ,01-Oct-2026,11.5,11.49,11.5,11.21,11.4,30176,3.43,286,23374.0,77.46,2026-10-01
INFRABEES,EQ,01-Oct-2026,903.01,898.49,905.9,884.0,895.24,13161,117.61,1098,9038.0,68.67,2026-10-01
INFRAIETF,EQ,01-Oct-2026,90.81,90.58,90.58,88.0,89.2,148841,132.18,4728,99712.0,66.99,2026-10-01
INFY,EQ,01-Oct-2026,994.1,1010.0,1035.0,999.15,1035.0,15166446,154095.41,227162,7881166.0,51.96,2026-10-01
INGERRAND,EQ,01-Oct-2026,4144.0,4136.0,4175.0,4075.7,4158.8,12216,503.53,2950,5362.0,43.89,2026-10-01
INM,SM,01-Oct-2026,150.0,145.0,146.0,140.05,140.05,2400,3.46,4,2400.0,100.0,2026-10-01
INNOMET,ST,01-Oct-2026,281.0,285.5,285.85,275.4,280.0,19200,54.17,27,18600.0,96.88,2026-10-01
INNOVACAP,EQ,01-Oct-2026,1159.8,1171.3,1215.0,1139.2,1168.0,268967,3150.45,22659,107286.0,39.89,2026-10-01
INNOVANA,EQ,01-Oct-2026,292.55,298.0,298.0,279.2,290.2,25514,73.69,605,2386.0,9.35,2026-10-01
INNOVISION,EQ,01-Oct-2026,252.0,250.45,256.2,250.35,253.0,21262,53.88,579,16508.0,77.64,2026-10-01
INOXGREEN,EQ,01-Oct-2026,161.07,161.49,163.73,155.36,159.0,980980,1560.11,14489,424061.0,43.23,2026-10-01
INOXINDIA,EQ,01-Oct-2026,2052.5,2052.5,2183.0,2013.2,2168.3,629630,13385.25,68269,192492.0,30.57,2026-10-01
INOXWIND,EQ,01-Oct-2026,69.51,69.4,70.1,67.1,68.75,9972133,6849.64,39648,3889622.0,39.0,2026-10-01
INSECTICID,EQ,01-Oct-2026,584.3,581.4,587.85,561.05,568.7,17552,100.31,1204,9689.0,55.2,2026-10-01
INSPIRE,SM,01-Oct-2026,9.0,9.45,9.45,9.45,9.45,6000,0.57,3,6000.0,100.0,2026-10-01
INSPIRISYS,EQ,01-Oct-2026,87.16,87.0,87.98,83.0,83.83,5889,5.0,120,5216.0,88.57,2026-10-01
INSUREIETF,EQ,01-Oct-2026,14.55,14.55,14.94,14.39,14.6,3307428,480.54,484,2967152.0,89.71,2026-10-01
INTEGRITY,SM,01-Oct-2026,186.8,177.5,184.0,177.5,184.0,2400,4.34,2,2400.0,100.0,2026-10-01
INTELLECT,EQ,01-Oct-2026,613.65,612.7,618.9,593.2,610.95,271796,1650.17,20123,131012.0,48.2,2026-10-01
INTENTECH,EQ,01-Oct-2026,84.46,84.21,84.46,81.25,81.98,19209,15.87,244,17139.0,89.22,2026-10-01
INTERARCH,EQ,01-Oct-2026,1673.4,1712.9,1712.9,1641.2,1666.9,61235,1022.6,7823,27182.0,44.39,2026-10-01
INTERNET,EQ,01-Oct-2026,13.51,13.97,13.97,13.05,13.2,346733,45.98,640,171353.0,49.42,2026-10-01
INTLCONV,EQ,01-Oct-2026,80.01,80.5,80.82,79.9,80.03,43975,35.18,497,39160.0,89.05,2026-10-01
INVENTURE,EQ,01-Oct-2026,0.86,0.86,0.87,0.85,0.85,399389,3.43,362,237291.0,59.41,2026-10-01
INVICTA,SM,01-Oct-2026,67.5,67.5,67.5,66.5,66.55,8000,5.35,5,8000.0,100.0,2026-10-01
INVPRECQ,BE,01-Oct-2026,1536.7,1573.0,1602.0,1510.0,1595.2,8077,127.11,339,,,2026-10-01
IOB,EQ,01-Oct-2026,30.96,30.66,30.83,30.07,30.38,2774243,844.85,19277,1424569.0,51.35,2026-10-01
IOC,EQ,01-Oct-2026,134.93,134.0,134.1,131.2,131.34,12239747,16226.15,74961,6317831.0,51.62,2026-10-01
IOLCP,EQ,01-Oct-2026,207.08,206.0,213.69,202.57,209.39,4041973,8412.68,45507,1228894.0,30.4,2026-10-01
IONEXCHANG,EQ,01-Oct-2026,411.15,413.5,413.5,393.95,406.4,219266,883.89,17782,105136.0,47.95,2026-10-01
IPCALAB,EQ,01-Oct-2026,1927.0,1929.9,1966.8,1880.8,1943.2,323967,6291.1,38751,186183.0,57.47,2026-10-01
IPHL,SM,01-Oct-2026,70.0,70.0,72.65,69.9,72.65,8400,5.98,7,8400.0,100.0,2026-10-01
IPL,EQ,01-Oct-2026,132.72,131.5,132.48,128.25,130.68,173318,225.5,2933,65443.0,37.76,2026-10-01
IPRINGLTD,EQ,01-Oct-2026,145.03,142.13,142.13,140.2,141.95,66,0.09,10,52.0,78.79,2026-10-01
IRB,EQ,01-Oct-2026,17.49,17.2,17.2,16.82,17.0,10838420,1842.63,34465,4551026.0,41.99,2026-10-01
IRBINVIT,IV,01-Oct-2026,64.22,64.25,64.25,63.6,63.8,666073,426.28,7362,608480.0,91.35,2026-10-01
IRCON,EQ,01-Oct-2026,117.09,114.0,114.4,108.5,110.25,20851568,23127.89,119239,1802785.0,8.65,2026-10-01
IRCTC,EQ,01-Oct-2026,455.4,454.8,466.25,446.8,454.1,1528758,6972.23,53732,639247.0,41.81,2026-10-01
IREDA,EQ,01-Oct-2026,111.68,111.5,111.86,108.53,111.0,5290233,5836.49,38548,2170871.0,41.04,2026-10-01
IRFC,EQ,01-Oct-2026,79.28,78.7,78.92,76.51,77.06,12764829,9905.31,69582,4653207.0,36.45,2026-10-01
IRIS,EQ,01-Oct-2026,223.38,228.6,229.9,222.0,225.1,11672,26.27,547,6988.0,59.87,2026-10-01
IRISDOREME,EQ,01-Oct-2026,61.55,61.55,63.0,59.23,60.46,180441,110.2,2392,71664.0,39.72,2026-10-01
IRMENERGY,EQ,01-Oct-2026,264.45,263.5,263.7,253.05,257.7,60300,155.43,2817,32351.0,53.65,2026-10-01
ISFT,BE,01-Oct-2026,95.86,93.5,99.1,93.5,97.91,19725,19.21,177,,,2026-10-01
ISGEC,EQ,01-Oct-2026,883.1,879.6,929.9,865.55,919.7,203704,1839.22,21395,87729.0,43.07,2026-10-01
ISHAN,SM,01-Oct-2026,0.5,0.45,0.45,0.45,0.45,48000,0.22,1,48000.0,100.0,2026-10-01
ISHANCH,EQ,01-Oct-2026,47.82,48.02,48.98,46.2,47.3,16306,7.71,138,13417.0,82.28,2026-10-01
ISTLTD,EQ,01-Oct-2026,642.9,642.9,646.0,625.1,635.0,857,5.48,83,744.0,86.81,2026-10-01
IT,EQ,01-Oct-2026,30.83,30.8,31.52,30.4,31.15,391831,122.1,1122,166815.0,42.57,2026-10-01
ITADD,EQ,01-Oct-2026,29.55,29.94,30.11,29.49,29.78,21138,6.3,192,10102.0,47.79,2026-10-01
ITALIANE,SM,01-Oct-2026,30.5,29.15,29.2,29.15,29.2,8000,2.33,4,8000.0,100.0,2026-10-01
ITAXIS,EQ,01-Oct-2026,305.64,308.7,314.0,305.22,309.81,3151,9.78,70,474.0,15.04,2026-10-01
ITBEES,EQ,01-Oct-2026,30.86,30.86,31.56,30.7,31.38,9614116,2997.29,17033,4592729.0,47.77,2026-10-01
ITBETA,EQ,01-Oct-2026,292.6,295.2,298.0,293.23,297.27,704,2.08,28,407.0,57.81,2026-10-01
ITC,EQ,01-Oct-2026,262.75,262.7,262.7,254.65,255.9,16447266,42304.9,202666,9899979.0,60.19,2026-10-01
ITCHOTELS,EQ,01-Oct-2026,164.13,163.2,163.3,157.05,158.51,2346443,3740.67,32455,1206972.0,51.44,2026-10-01
ITDC,EQ,01-Oct-2026,687.65,676.5,678.7,660.65,665.6,162183,1086.63,11453,45521.0,28.07,2026-10-01
ITETF,EQ,01-Oct-2026,29.47,29.74,30.07,29.4,29.92,816968,243.14,870,444493.0,54.41,2026-10-01
ITI,EQ,01-Oct-2026,246.4,244.8,245.8,238.13,241.54,157624,381.59,6364,64080.0,40.65,2026-10-01
ITIETF,EQ,01-Oct-2026,30.9,31.2,31.45,30.63,31.07,702626,218.72,1766,334136.0,47.56,2026-10-01
ITL,EQ,01-Oct-2026,351.2,358.8,358.8,340.0,348.0,4106,14.2,101,3554.0,86.56,2026-10-01
ITTL,ST,01-Oct-2026,61.95,60.75,60.75,60.75,60.75,105,0.06,1,105.0,100.0,2026-10-01
IVALUE,EQ,01-Oct-2026,222.76,222.0,230.0,216.5,219.28,195136,435.04,5647,101211.0,51.87,2026-10-01
IVC,EQ,01-Oct-2026,7.8,8.08,8.08,7.66,7.81,348348,27.38,1192,263952.0,75.77,2026-10-01
IVP,BE,01-Oct-2026,225.91,220.2,228.0,215.5,224.81,10427,23.18,157,,,2026-10-01
IVZBANKNF,EQ,01-Oct-2026,53.49,55.05,55.19,54.08,54.5,353,0.19,11,303.0,85.84,2026-10-01
IVZINGOLD,EQ,01-Oct-2026,128.9,128.7,128.7,127.35,128.0,82216,105.17,298,53060.0,64.54,2026-10-01
IVZINNIFTY,EQ,01-Oct-2026,259.83,266.32,266.32,255.3,258.5,1374,3.54,39,1132.0,82.39,2026-10-01
IVZSENSEX,EQ,01-Oct-2026,72.77,79.9,79.9,71.69,71.97,1718,1.24,47,1352.0,78.7,2026-10-01
IWARE,ST,01-Oct-2026,388.0,392.2,392.2,383.2,388.0,4200,16.25,7,3600.0,85.71,2026-10-01
IWP,EQ,01-Oct-2026,37.52,38.4,38.4,34.82,36.46,33434,12.28,477,18416.0,55.08,2026-10-01
IXIGO,EQ,01-Oct-2026,162.89,163.0,163.03,159.36,161.9,665583,1075.4,8566,313620.0,47.12,2026-10-01
IZMO,EQ,01-Oct-2026,874.8,889.95,889.95,832.6,855.95,79046,675.1,5929,32299.0,40.86,2026-10-01
J&KBANK,EQ,01-Oct-2026,138.65,138.4,143.06,136.8,139.98,3955477,5541.35,51278,1754028.0,44.34,2026-10-01
JAGRAN,EQ,01-Oct-2026,62.3,61.46,61.84,61.2,61.55,207076,127.32,1980,129912.0,62.74,2026-10-01
JAGSNPHARM,EQ,01-Oct-2026,237.74,237.74,238.01,225.46,231.73,144354,333.04,4526,78534.0,54.4,2026-10-01
JAIBALAJI,EQ,01-Oct-2026,62.24,62.51,62.58,60.33,61.72,504237,310.56,2216,401224.0,79.57,2026-10-01
JAICORPLTD,EQ,01-Oct-2026,91.69,91.4,91.4,87.6,89.54,304700,272.02,5479,129524.0,42.51,2026-10-01
JAINIK,ST,01-Oct-2026,193.8,184.15,186.85,184.15,186.8,26400,48.72,22,21600.0,81.82,2026-10-01
JAINREC,EQ,01-Oct-2026,292.35,289.85,290.85,278.65,282.5,784762,2224.74,17979,317319.0,40.44,2026-10-01
JAIPURKURT,EQ,01-Oct-2026,26.69,27.0,27.0,25.5,26.49,10275,2.69,129,8480.0,82.53,2026-10-01
JALAN,ST,01-Oct-2026,1.65,1.65,1.65,1.65,1.65,6000,0.1,2,6000.0,100.0,2026-10-01
JAMNAAUTO,EQ,01-Oct-2026,136.35,136.35,136.4,128.41,131.66,1577845,2075.01,27819,698277.0,44.26,2026-10-01
JARO,EQ,01-Oct-2026,420.1,420.0,420.85,403.4,408.4,99816,411.98,3888,36623.0,36.69,2026-10-01
JASH,EQ,01-Oct-2026,591.65,591.45,591.45,560.1,576.3,408620,2358.23,19546,197550.0,48.35,2026-10-01
JAYAGROGN,EQ,01-Oct-2026,223.18,222.4,222.78,209.88,211.22,68473,147.18,1791,43706.0,63.83,2026-10-01
JAYBARMARU,EQ,01-Oct-2026,128.39,128.5,132.0,124.77,130.8,746037,957.46,8530,248470.0,33.31,2026-10-01
JAYBEE,SM,01-Oct-2026,94.05,94.05,100.5,90.0,92.35,29000,27.65,54,21000.0,72.41,2026-10-01
JAYESH,SM,01-Oct-2026,123.95,120.05,123.95,112.5,115.3,49000,56.89,38,27000.0,55.1,2026-10-01
JAYKAY,EQ,01-Oct-2026,204.93,204.78,209.95,198.3,201.46,437158,890.37,8637,194066.0,44.39,2026-10-01
JAYKAYPP,E1,01-Oct-2026,158.51,161.8,161.8,155.27,157.14,8084,12.72,114,6014.0,74.39,2026-10-01
JAYNECOIND,EQ,01-Oct-2026,92.79,92.51,92.95,89.01,91.28,3192474,2903.66,20901,1386225.0,43.42,2026-10-01
JAYSREETEA,EQ,01-Oct-2026,85.74,85.5,86.89,82.7,83.65,30269,25.55,833,19333.0,63.87,2026-10-01
JBMA,EQ,01-Oct-2026,556.5,551.75,555.3,533.95,544.65,403885,2188.97,22731,157968.0,39.11,2026-10-01
JENBURPH,EQ,01-Oct-2026,914.6,925.1,944.8,910.0,915.25,3262,30.07,289,2352.0,72.1,2026-10-01
JETFREIGHT,EQ,01-Oct-2026,20.74,20.94,20.97,19.1,19.59,232005,46.45,1802,113895.0,49.09,2026-10-01
JEYYAM,SM,01-Oct-2026,20.4,20.4,20.4,20.0,20.0,14000,2.82,7,14000.0,100.0,2026-10-01
JFLLIFE,SM,01-Oct-2026,10.0,10.0,10.0,10.0,10.0,6000,0.6,1,6000.0,100.0,2026-10-01
JGCHEM,EQ,01-Oct-2026,645.1,634.8,637.7,590.1,610.3,792128,4827.84,33922,245711.0,31.02,2026-10-01
JHS,EQ,01-Oct-2026,12.45,13.47,13.69,11.22,11.7,4065094,513.82,7495,1706427.0,41.98,2026-10-01
JINDALPHOT,EQ,01-Oct-2026,1040.5,1040.5,1052.8,1025.1,1031.8,779,8.08,136,618.0,79.33,2026-10-01
JINDALPOLY,EQ,01-Oct-2026,672.55,664.2,673.1,637.0,653.7,15020,98.23,1222,8153.0,54.28,2026-10-01
JINDALSAW,EQ,01-Oct-2026,277.7,274.7,274.8,260.6,270.3,2164459,5797.84,43276,1095050.0,50.59,2026-10-01
JINDALSTEL,EQ,01-Oct-2026,1134.9,1130.5,1132.7,1079.0,1100.5,862948,9484.1,30781,369331.0,42.8,2026-10-01
JINDRILL,EQ,01-Oct-2026,600.6,595.9,595.9,575.65,587.65,168192,985.11,7592,65184.0,38.76,2026-10-01
JINDWORLD,EQ,01-Oct-2026,46.54,46.33,46.64,44.32,45.82,2785205,1268.79,8455,783871.0,28.14,2026-10-01
JIOFIN,EQ,01-Oct-2026,216.88,216.0,216.2,208.5,212.5,28082023,59613.14,212676,11572781.0,41.21,2026-10-01
JISLDVREQS,EQ,01-Oct-2026,19.14,19.0,19.67,18.4,18.71,20071,3.75,206,15318.0,76.32,2026-10-01
JISLJALEQS,EQ,01-Oct-2026,27.93,27.89,27.89,27.01,27.3,1630361,446.74,5787,794321.0,48.72,2026-10-01
JITFINFRA,EQ,01-Oct-2026,278.8,280.45,288.0,263.55,275.45,33140,90.12,1202,19408.0,58.56,2026-10-01
JKCEMENT,EQ,01-Oct-2026,5076.0,4986.0,5037.5,4891.0,4952.0,335492,16602.52,14569,284609.0,84.83,2026-10-01
JKIL,EQ,01-Oct-2026,463.3,457.9,465.75,442.0,461.85,85893,389.97,3789,55396.0,64.49,2026-10-01
JKIPL,EQ,01-Oct-2026,97.7,96.0,98.8,94.25,96.51,10633,10.32,264,5854.0,55.06,2026-10-01
JKLAKSHMI,EQ,01-Oct-2026,492.3,490.0,491.15,471.6,476.6,290321,1387.67,23561,144115.0,49.64,2026-10-01
JKPAPER,EQ,01-Oct-2026,393.7,392.0,393.2,376.0,382.6,365209,1401.62,11812,191147.0,52.34,2026-10-01
JKTYRE,EQ,01-Oct-2026,347.0,346.05,346.05,334.2,340.35,487795,1657.21,19342,218381.0,44.77,2026-10-01
JLHL,EQ,01-Oct-2026,253.6,253.6,261.9,248.6,259.85,143186,366.68,7451,80652.0,56.33,2026-10-01
JMA,EQ,01-Oct-2026,89.6,89.6,89.6,87.2,87.64,7446,6.57,166,4330.0,58.15,2026-10-01
JMFINANCIL,EQ,01-Oct-2026,129.02,128.8,128.8,122.44,123.4,1953202,2430.76,18535,870105.0,44.55,2026-10-01
JNKINDIA,EQ,01-Oct-2026,438.2,440.0,441.6,416.5,432.7,180043,772.06,8696,71645.0,39.79,2026-10-01
JNPR,EQ,01-Oct-2026,273.3,273.3,276.15,263.0,268.25,469197,1268.11,16345,209565.0,44.66,2026-10-01
JOCIL,EQ,01-Oct-2026,146.86,151.9,151.9,144.38,145.22,952,1.38,71,803.0,84.35,2026-10-01
JPOLYINVST,EQ,01-Oct-2026,933.4,938.3,941.95,902.55,911.0,5263,48.2,668,2993.0,56.87,2026-10-01
JPPOWER,EQ,01-Oct-2026,15.13,15.05,15.15,14.61,14.8,41402005,6164.67,809176,15385947.0,37.16,2026-10-01
JSFB,EQ,01-Oct-2026,489.3,488.0,493.15,465.7,482.4,795611,3802.74,21716,420751.0,52.88,2026-10-01
JSIPL,BE,01-Oct-2026,160.79,166.9,168.82,164.01,168.82,282671,473.75,1933,,,2026-10-01
JSL,EQ,01-Oct-2026,747.4,736.1,745.4,728.35,732.7,764831,5615.14,32110,459039.0,60.02,2026-10-01
JSLL,EQ,01-Oct-2026,500.8,500.0,502.0,474.0,480.8,905116,4360.05,40226,414721.0,45.82,2026-10-01
JSWCEMENT,EQ,01-Oct-2026,113.38,113.92,113.94,109.62,111.6,1956465,2179.43,32572,1105510.0,56.51,2026-10-01
JSWDULUX,EQ,01-Oct-2026,3079.0,3071.0,3071.0,2960.1,3020.6,22765,683.05,9063,11821.0,51.93,2026-10-01
JSWENERGY,EQ,01-Oct-2026,494.7,493.0,493.0,475.1,485.0,1851516,8976.19,36254,1013529.0,54.74,2026-10-01
JSWHL,EQ,01-Oct-2026,11346.0,11293.0,11361.0,11130.0,11258.0,3211,361.54,1318,1762.0,54.87,2026-10-01
JSWINFRA,EQ,01-Oct-2026,356.6,355.9,361.5,340.95,357.45,3430947,11966.38,61957,1684229.0,49.09,2026-10-01
JSWSTEEL,EQ,01-Oct-2026,1253.4,1253.0,1256.4,1214.8,1233.0,3158301,38990.91,72401,1845572.0,58.44,2026-10-01
JTEKTINDIA,EQ,01-Oct-2026,116.58,116.8,117.8,114.7,115.84,131859,153.42,1645,75929.0,57.58,2026-10-01
JTLIND,EQ,01-Oct-2026,88.28,88.4,88.4,83.27,86.23,2529585,2167.47,17942,1082174.0,42.78,2026-10-01
JUBLCPL,EQ,01-Oct-2026,2061.2,2061.1,2090.0,1980.0,2037.3,4880,99.31,1046,2246.0,46.02,2026-10-01
JUBLFOOD,EQ,01-Oct-2026,456.7,453.0,453.65,437.95,443.4,1560787,6927.33,38827,719835.0,46.12,2026-10-01
JUBLINGREA,EQ,01-Oct-2026,653.2,653.0,653.0,626.3,638.0,244199,1556.83,14390,126092.0,51.63,2026-10-01
JUBLPHARMA,EQ,01-Oct-2026,1028.8,1026.0,1028.6,980.3,999.3,336042,3348.95,25393,173134.0,51.52,2026-10-01
JUNIORBEES,EQ,01-Oct-2026,756.31,775.21,775.21,738.0,747.52,759141,5667.14,22759,507090.0,66.8,2026-10-01
JUNIPER,EQ,01-Oct-2026,213.42,213.95,218.4,210.91,214.99,188659,402.5,4728,105026.0,55.67,2026-10-01
JUSTDIAL,EQ,01-Oct-2026,666.15,666.15,666.15,646.3,653.15,123750,810.71,5831,58237.0,47.06,2026-10-01
JWL,EQ,01-Oct-2026,233.12,229.51,229.95,220.36,223.93,2250251,5047.81,43551,473090.0,21.02,2026-10-01
JYOTHYLAB,EQ,01-Oct-2026,186.7,186.66,186.66,180.01,182.91,392204,715.92,18409,180025.0,45.9,2026-10-01
JYOTICNC,EQ,01-Oct-2026,1039.85,1026.0,1044.0,997.7,1032.1,652149,6654.62,37303,266349.0,40.84,2026-10-01
JYOTIGLOBL,SM,01-Oct-2026,43.95,44.4,46.0,43.1,44.95,12000,5.34,6,12000.0,100.0,2026-10-01
JYOTIRES,EQ,01-Oct-2026,835.45,843.5,847.0,830.3,840.65,5241,43.98,510,3692.0,70.44,2026-10-01
JYOTISTRUC,EQ,01-Oct-2026,8.9,8.8,8.97,8.63,8.9,3855748,340.28,4987,2130062.0,55.24,2026-10-01
K2INFRA,SM,01-Oct-2026,42.1,41.5,43.2,41.5,42.9,10200,4.33,14,9600.0,94.12,2026-10-01
KABRAEXTRU,BE,01-Oct-2026,805.55,810.0,823.25,765.3,765.3,120365,935.73,1756,,,2026-10-01
KAJARIACER,EQ,01-Oct-2026,1235.1,1233.6,1262.9,1220.5,1225.1,633743,7858.85,28861,382342.0,60.33,2026-10-01
KAKATCEM,EQ,01-Oct-2026,105.18,104.02,106.8,102.8,103.09,1238,1.28,53,1071.0,86.51,2026-10-01
KALAMANDIR,EQ,01-Oct-2026,76.27,76.25,76.25,73.1,74.37,488731,364.67,6684,250433.0,51.24,2026-10-01
KALANA,SM,01-Oct-2026,17.95,17.8,18.65,17.5,18.5,10000,1.8,5,10000.0,100.0,2026-10-01
KALPATARU,EQ,01-Oct-2026,278.7,280.0,282.7,269.05,273.5,42743,117.37,1031,20364.0,47.64,2026-10-01
KALYANIFRG,BE,01-Oct-2026,991.05,991.05,991.05,941.5,944.75,1512,14.41,111,,,2026-10-01
KALYANKJIL,EQ,01-Oct-2026,553.15,553.15,555.55,522.5,528.5,7831270,41961.79,85927,2435445.0,31.1,2026-10-01
KAMAHOLD,EQ,01-Oct-2026,2286.8,2252.0,2300.0,2230.0,2263.0,2071,46.76,366,1097.0,52.97,2026-10-01
KAMANWALA,EQ,01-Oct-2026,16.9,16.0,17.4,16.0,17.14,1805,0.3,24,1703.0,94.35,2026-10-01
KAMATHOTEL,EQ,01-Oct-2026,237.2,233.95,238.9,232.51,237.45,52906,124.85,1406,36043.0,68.13,2026-10-01
KAMDHENU,EQ,01-Oct-2026,38.08,38.28,38.28,36.34,37.59,1112530,415.79,5049,573039.0,51.51,2026-10-01
KAMOPAINTS,EQ,01-Oct-2026,4.14,4.2,4.2,4.06,4.1,98248,4.03,401,77160.0,78.54,2026-10-01
KANANIIND,EQ,01-Oct-2026,1.36,1.37,1.37,1.33,1.34,83111,1.12,409,55735.0,67.06,2026-10-01
KANCHI,EQ,01-Oct-2026,388.05,380.0,380.0,370.55,379.8,5206,19.46,189,3479.0,66.83,2026-10-01
KANCOTEA,EQ,01-Oct-2026,53.9,53.5,53.5,51.95,53.0,183,0.1,9,183.0,100.0,2026-10-01
KANDARP,SM,01-Oct-2026,62.75,59.65,59.65,59.65,59.65,7000,4.18,6,7000.0,100.0,2026-10-01
KANOHAR,EQ,01-Oct-2026,856.75,852.0,919.95,831.85,906.35,5002996,44279.22,154009,724959.0,14.49,2026-10-01
KANORICHEM,BE,01-Oct-2026,198.77,199.98,201.7,188.84,189.02,35879,68.59,396,,,2026-10-01
KANPRPLA,EQ,01-Oct-2026,249.0,252.97,253.41,241.0,245.55,12538,30.87,472,7945.0,63.37,2026-10-01
KANSAINER,EQ,01-Oct-2026,177.99,178.0,178.0,173.13,175.27,242728,424.61,8706,119180.0,49.1,2026-10-01
KAPSTON,EQ,01-Oct-2026,550.35,550.35,557.6,533.0,542.35,107028,578.15,5216,57264.0,53.5,2026-10-01
KARAMTARA,EQ,01-Oct-2026,395.35,390.0,429.35,387.0,410.95,11786236,48661.31,185710,2006611.0,17.03,2026-10-01
KARMAENG,EQ,01-Oct-2026,37.43,39.0,39.0,35.6,36.33,10243,3.74,239,8156.0,79.63,2026-10-01
KARNIKA,SM,01-Oct-2026,123.0,123.1,123.7,121.0,123.7,32000,39.25,24,29000.0,90.63,2026-10-01
KARURVYSYA,EQ,01-Oct-2026,324.8,323.7,328.7,320.9,325.3,3073268,10010.42,59827,1794151.0,58.38,2026-10-01
KATARIA,SM,01-Oct-2026,161.0,161.0,161.0,157.0,159.1,10800,17.1,14,9600.0,88.89,2026-10-01
KAUSHALYA,BE,01-Oct-2026,837.0,836.95,836.95,834.0,834.0,3,0.03,3,,,2026-10-01
KAVDEFENCE,BE,01-Oct-2026,79.48,79.0,79.89,75.66,77.6,118018,90.92,948,,,2026-10-01
KAYA,BE,01-Oct-2026,307.2,310.0,313.45,292.6,298.15,6532,19.86,111,,,2026-10-01
KAYNES,EQ,01-Oct-2026,3501.0,3510.0,3549.6,3337.2,3399.0,964281,32983.07,61044,239374.0,24.82,2026-10-01
KAYTEX,SM,01-Oct-2026,55.4,55.4,55.4,55.4,55.4,800,0.44,1,800.0,100.0,2026-10-01
KCEIL,SM,01-Oct-2026,82.5,82.5,82.5,78.05,79.4,11500,9.26,20,10500.0,91.3,2026-10-01
KCK,ST,01-Oct-2026,14.25,14.65,14.8,14.0,14.1,117500,16.74,30,110000.0,93.62,2026-10-01
KCP,EQ,01-Oct-2026,154.15,154.0,155.0,150.1,154.17,92889,141.63,2041,55803.0,60.07,2026-10-01
KCPSUGIND,BE,01-Oct-2026,28.04,28.0,28.0,26.64,26.71,133953,36.17,455,,,2026-10-01
KDDL,EQ,01-Oct-2026,3886.9,3886.5,4019.8,3847.7,3911.2,36409,1424.25,6573,18487.0,50.78,2026-10-01
KDGREEN,EQ,01-Oct-2026,47.72,48.24,49.5,46.0,46.76,42907,20.56,380,38757.0,90.33,2026-10-01
KDL,SM,01-Oct-2026,49.65,47.2,47.2,47.2,47.2,3900,1.84,21,3900.0,100.0,2026-10-01
KEC,EQ,01-Oct-2026,377.25,378.0,381.45,367.5,372.35,624895,2341.36,25977,240391.0,38.47,2026-10-01
KECL,EQ,01-Oct-2026,120.64,120.64,123.89,117.5,120.43,134808,161.23,2529,60103.0,44.58,2026-10-01
KEEPLEARN,EQ,01-Oct-2026,1.85,1.89,1.89,1.77,1.84,17203,0.32,64,9778.0,56.84,2026-10-01
KEI,EQ,01-Oct-2026,4455.0,4455.0,4558.0,4424.2,4502.0,320912,14436.33,32059,140631.0,43.82,2026-10-01
KELLTONTEC,EQ,01-Oct-2026,12.85,12.8,12.9,12.2,12.42,2047721,255.86,4962,1069556.0,52.23,2026-10-01
KEN,SM,01-Oct-2026,40.9,40.2,40.2,40.0,40.0,2400,0.96,2,1200.0,50.0,2026-10-01
KENNAMET,EQ,01-Oct-2026,4131.0,4132.0,4322.9,4132.0,4277.5,40122,1699.4,9364,13821.0,34.45,2026-10-01
KERNEX,EQ,01-Oct-2026,1686.0,1684.0,1691.8,1600.5,1643.5,158148,2597.01,15110,69177.0,43.74,2026-10-01
KESORAMIND,EQ,01-Oct-2026,10.92,10.7,10.92,10.42,10.73,601028,63.87,1809,328637.0,54.68,2026-10-01
KEYFINSERV,EQ,01-Oct-2026,242.95,246.4,246.4,230.75,244.05,984,2.37,42,454.0,46.14,2026-10-01
KFINTECH,EQ,01-Oct-2026,840.0,841.75,849.5,815.7,832.0,857914,7125.68,51746,393453.0,45.86,2026-10-01
KHADIM,BE,01-Oct-2026,114.17,113.6,113.6,113.0,113.4,11912,13.48,49,,,2026-10-01
KHAICHEM,EQ,01-Oct-2026,48.76,49.13,49.89,48.0,49.22,125316,61.17,1279,89420.0,71.36,2026-10-01
KHAITANLTD,EQ,01-Oct-2026,146.25,147.71,149.4,144.0,147.19,900,1.33,43,686.0,76.22,2026-10-01
KHANDSE,EQ,01-Oct-2026,17.2,16.81,17.91,16.67,16.76,5474,0.92,105,5165.0,94.36,2026-10-01
KHERIAAUTO,ST,01-Oct-2026,101.55,101.55,101.55,96.5,96.5,104400,102.11,70,98400.0,94.25,2026-10-01
KHFM,SM,01-Oct-2026,40.45,41.95,41.95,41.95,41.95,1550,0.65,1,1550.0,100.0,2026-10-01
KICL,EQ,01-Oct-2026,4799.0,4715.7,4853.3,4531.0,4693.2,6414,301.08,1075,2184.0,34.05,2026-10-01
KILITCH,BE,01-Oct-2026,213.32,211.4,221.0,207.0,218.51,22964,49.07,304,,,2026-10-01
KIMS,EQ,01-Oct-2026,746.4,742.0,742.0,722.4,736.25,900776,6593.19,31265,574817.0,63.81,2026-10-01
KINGFA,EQ,01-Oct-2026,6482.5,6482.5,6628.0,6357.5,6586.5,16414,1066.99,4597,7179.0,43.74,2026-10-01
KIOCL,EQ,01-Oct-2026,332.3,332.3,332.3,321.0,323.85,71413,232.77,2815,20402.0,28.57,2026-10-01
KIRANVYPAR,EQ,01-Oct-2026,187.15,189.02,189.02,177.0,179.21,1302,2.35,106,963.0,73.96,2026-10-01
KIRIINDUS,EQ,01-Oct-2026,541.3,541.5,553.8,532.5,544.6,555859,3014.5,12015,288815.0,51.96,2026-10-01
KIRLFER,EQ,01-Oct-2026,470.0,472.0,472.0,460.25,465.85,105289,489.62,5905,71986.0,68.37,2026-10-01
KIRLOSBROS,EQ,01-Oct-2026,1774.9,1770.0,1777.0,1738.7,1767.6,131484,2302.32,8760,75990.0,57.79,2026-10-01
KIRLOSENG,EQ,01-Oct-2026,2304.2,2310.7,2319.0,2211.6,2242.7,719348,16241.57,64572,234718.0,32.63,2026-10-01
KIRLOSIND,EQ,01-Oct-2026,3570.7,3581.1,3581.1,3460.0,3471.4,5877,205.39,958,3666.0,62.38,2026-10-01
KIRLPNU,EQ,01-Oct-2026,676.7,676.7,691.4,667.85,681.95,97672,660.15,9683,47152.0,48.28,2026-10-01
KISSHT,EQ,01-Oct-2026,369.55,367.7,386.25,354.9,371.15,3578605,13306.0,91890,1182601.0,33.05,2026-10-01
KITEX,EQ,01-Oct-2026,119.55,118.77,119.89,114.68,116.68,245777,288.63,4063,106535.0,43.35,2026-10-01
KJMCFIN,EQ,01-Oct-2026,60.0,58.5,62.6,58.05,58.38,809,0.47,30,569.0,70.33,2026-10-01
KKCL,EQ,01-Oct-2026,460.35,461.7,479.8,441.55,475.65,30350,139.85,1622,13302.0,43.83,2026-10-01
KKVAPOW,SM,01-Oct-2026,310.85,296.1,305.0,296.1,305.0,342,1.03,2,342.0,100.0,2026-10-01
KLBRENG-B,EQ,01-Oct-2026,523.95,528.0,529.95,509.85,523.95,193647,1007.15,5916,89465.0,46.2,2026-10-01
KLL,ST,01-Oct-2026,39.9,41.75,41.75,37.95,38.0,26400,10.15,28,26400.0,100.0,2026-10-01
KMCSHIL,EQ,01-Oct-2026,171.14,172.7,178.6,166.95,171.94,796289,1383.87,21333,233334.0,29.3,2026-10-01
KMEW,EQ,01-Oct-2026,3041.5,3020.0,3063.9,2899.8,2950.1,138291,4093.58,19008,80963.0,58.55,2026-10-01
KMSUGAR,BE,01-Oct-2026,33.68,27.1,28.45,26.9,27.74,237020,66.03,1333,,,2026-10-01
KNACK,EQ,01-Oct-2026,180.0,181.58,183.5,178.01,180.67,634416,1145.92,8429,352554.0,55.57,2026-10-01
KNAGRI,EQ,01-Oct-2026,198.13,201.0,201.0,195.07,200.5,3523,7.01,96,2365.0,67.13,2026-10-01
KNRCON,EQ,01-Oct-2026,118.58,116.0,117.78,112.5,113.29,1901783,2177.99,21196,874639.0,45.99,2026-10-01
KODYTECH,ST,01-Oct-2026,1536.85,1545.0,1550.0,1475.0,1518.9,6000,91.06,46,5500.0,91.67,2026-10-01
KOHINOOR,EQ,01-Oct-2026,30.58,30.52,30.98,29.6,30.03,168205,50.78,2414,56455.0,33.56,2026-10-01
KOKUYOCMLN,EQ,01-Oct-2026,75.87,75.98,76.05,74.2,74.77,17633,13.25,329,12863.0,72.95,2026-10-01
KOLTEPATIL,EQ,01-Oct-2026,424.85,424.85,426.1,413.35,418.8,65771,275.62,4595,25164.0,38.26,2026-10-01
KONSTELEC,ST,01-Oct-2026,56.45,56.0,56.0,53.65,53.65,15000,8.14,13,11000.0,73.33,2026-10-01
KONTOR,SM,01-Oct-2026,51.4,51.4,51.4,50.0,50.0,1200,0.61,2,1200.0,100.0,2026-10-01
KOPRAN,EQ,01-Oct-2026,278.32,279.15,284.4,264.2,282.05,714330,1960.71,13025,237740.0,33.28,2026-10-01
KORE,ST,01-Oct-2026,183.45,179.5,190.85,179.5,183.8,4000,7.39,11,4000.0,100.0,2026-10-01
KOTAKBANK,EQ,01-Oct-2026,417.0,426.0,435.6,416.05,418.35,76637247,327133.13,358247,44580122.0,58.17,2026-10-01
KOTARISUG,BE,01-Oct-2026,26.08,26.0,26.98,25.12,25.68,31052,8.14,209,,,2026-10-01
KOTHARIPET,EQ,01-Oct-2026,129.43,129.1,130.39,125.06,126.58,44925,57.38,1245,27049.0,60.21,2026-10-01
KOTHARIPRO,EQ,01-Oct-2026,65.35,65.35,65.44,63.25,63.77,6914,4.43,161,5315.0,76.87,2026-10-01
KOTIC,EQ,01-Oct-2026,152.7,148.66,152.94,145.66,147.1,11789,17.66,535,6619.0,56.15,2026-10-01
KOTYARK,EQ,01-Oct-2026,29.83,29.83,29.83,27.31,28.23,197856,56.35,1268,109152.0,55.17,2026-10-01
KOVAI,EQ,01-Oct-2026,6007.0,6027.0,6050.0,5848.0,5993.5,10377,618.61,2225,6611.0,63.71,2026-10-01
KPEL,EQ,01-Oct-2026,220.41,221.89,230.0,215.6,218.0,348580,773.87,9379,98465.0,28.25,2026-10-01
KPIGREEN,EQ,01-Oct-2026,358.95,361.35,362.95,339.15,345.6,1572284,5510.68,32619,425303.0,27.05,2026-10-01
KPIL,EQ,01-Oct-2026,1380.6,1381.8,1386.4,1345.1,1356.4,115268,1573.68,12107,57046.0,49.49,2026-10-01
KPITTECH,EQ,01-Oct-2026,499.1,502.9,509.4,484.5,492.0,1989750,9836.74,41546,565491.0,28.42,2026-10-01
KPL,EQ,01-Oct-2026,3641.4,3641.4,3643.1,3470.0,3564.4,41775,1482.79,8148,18835.0,45.09,2026-10-01
KPRMILL,EQ,01-Oct-2026,1103.3,1091.8,1099.1,1057.5,1071.0,104769,1124.88,11422,49862.0,47.59,2026-10-01
KRBL,EQ,01-Oct-2026,381.6,381.6,381.7,366.0,375.9,470715,1762.12,17847,201643.0,42.84,2026-10-01
KREBSBIO,EQ,01-Oct-2026,60.2,60.5,71.75,59.0,68.05,610828,411.35,5218,280129.0,45.86,2026-10-01
KRIDHANINF,EQ,01-Oct-2026,1.88,1.89,1.96,1.84,1.85,104582,1.98,98,79627.0,76.14,2026-10-01
KRISHANA,EQ,01-Oct-2026,188.23,186.9,188.1,179.0,184.59,1805453,3320.02,16048,959559.0,53.15,2026-10-01
KRISHCA,SM,01-Oct-2026,220.15,220.15,220.15,202.0,215.75,33500,70.08,60,19500.0,58.21,2026-10-01
KRISHIVAL,EQ,01-Oct-2026,401.85,405.0,407.0,392.0,394.5,10666,42.61,579,6347.0,59.51,2026-10-01
KRISHNADEF,EQ,01-Oct-2026,1032.8,1026.0,1052.0,991.4,1000.9,66116,666.29,6371,30646.0,46.35,2026-10-01
KRITI,EQ,01-Oct-2026,61.0,62.0,62.0,58.3,60.77,7823,4.7,291,5397.0,68.99,2026-10-01
KRITIKA,EQ,01-Oct-2026,4.91,4.91,5.04,4.9,4.91,85581,4.22,395,72830.0,85.1,2026-10-01
KRITINUT,EQ,01-Oct-2026,69.81,71.01,71.01,66.32,66.53,44496,30.06,634,31116.0,69.93,2026-10-01
KRMAYURVED,SM,01-Oct-2026,297.2,296.4,296.4,266.0,284.4,165000,463.55,158,112000.0,67.88,2026-10-01
KRN,EQ,01-Oct-2026,1436.5,1430.1,1436.0,1390.0,1414.7,168444,2373.95,19245,96292.0,57.17,2026-10-01
KRONOX,BE,01-Oct-2026,216.38,215.3,215.3,205.57,205.77,72814,151.97,757,,,2026-10-01
KROSS,EQ,01-Oct-2026,263.05,263.95,267.9,252.05,258.4,670329,1726.55,16923,207731.0,30.99,2026-10-01
KRSNAA,EQ,01-Oct-2026,559.95,559.95,559.95,539.05,554.85,77525,428.15,5773,46556.0,60.05,2026-10-01
KRT,RR,01-Oct-2026,113.42,113.1,113.5,112.0,112.14,1386143,1563.77,8731,1142979.0,82.46,2026-10-01
KRYSTAL,EQ,01-Oct-2026,626.2,626.2,626.2,602.25,610.2,5346,32.63,494,2930.0,54.81,2026-10-01
KSB,EQ,01-Oct-2026,856.1,850.0,855.0,803.0,806.45,403813,3308.91,20273,165413.0,40.96,2026-10-01
KSCL,EQ,01-Oct-2026,725.65,725.65,739.4,703.35,715.1,156961,1122.04,8182,43145.0,27.49,2026-10-01
KSE,EQ,01-Oct-2026,177.81,179.98,179.98,174.0,174.84,6272,11.03,212,5880.0,93.75,2026-10-01
KSHINTL,EQ,01-Oct-2026,1001.1,1005.0,1034.0,989.0,1028.2,214036,2170.37,17759,77019.0,35.98,2026-10-01
KSHITIJPOL,BE,01-Oct-2026,4.14,3.94,3.94,3.94,3.94,150511,5.93,372,,,2026-10-01
KSL,EQ,01-Oct-2026,965.4,965.6,965.6,890.1,913.0,248373,2289.89,15851,109112.0,43.93,2026-10-01
KSOLVES,EQ,01-Oct-2026,248.8,247.0,250.38,237.5,241.14,60635,146.56,3167,30447.0,50.21,2026-10-01
KSR,BE,01-Oct-2026,39.32,39.43,40.85,37.36,37.38,15719,5.96,65,,,2026-10-01
KTKBANK,EQ,01-Oct-2026,329.0,329.1,330.2,316.65,321.6,3306218,10653.03,40382,2141883.0,64.78,2026-10-01
KUANTUM,EQ,01-Oct-2026,76.35,76.58,78.5,73.5,76.71,115445,87.98,1469,87636.0,75.91,2026-10-01
KUSUMGAR,EQ,01-Oct-2026,600.95,601.0,602.9,577.0,592.55,165663,979.37,10628,70438.0,42.52,2026-10-01
KWIL,EQ,01-Oct-2026,39.22,39.22,39.59,37.61,38.36,8923982,3430.97,34074,4283664.0,48.0,2026-10-01
LADDERUP,BE,01-Oct-2026,51.98,50.01,51.7,49.56,50.27,703,0.35,16,,,2026-10-01
LAGNAM,EQ,01-Oct-2026,72.24,75.78,75.78,71.5,71.9,1327,0.96,44,1131.0,85.23,2026-10-01
LAHOTIOV,EQ,01-Oct-2026,41.25,41.0,41.0,39.2,39.26,1923,0.77,48,1823.0,94.8,2026-10-01
LAKPRE,BZ,01-Oct-2026,5.25,5.25,5.25,5.25,5.25,1,0.0,1,,,2026-10-01
LAKSHMIMIL,EQ,01-Oct-2026,7632.5,7620.0,7839.0,7526.0,7819.5,11,0.84,8,6.0,54.55,2026-10-01
LAKSHYA,SM,01-Oct-2026,107.3,102.6,104.3,101.95,101.95,16800,17.2,21,13600.0,80.95,2026-10-01
LAL,EQ,01-Oct-2026,8.42,8.45,8.78,8.4,8.45,48289,4.19,112,40136.0,83.12,2026-10-01
LALITHAA,EQ,01-Oct-2026,381.9,386.05,395.0,367.3,387.85,7022551,26814.19,67803,2860724.0,40.74,2026-10-01
LALPATHLAB,EQ,01-Oct-2026,1987.0,1975.7,2027.6,1936.2,2005.1,542969,10852.22,67998,250656.0,46.16,2026-10-01
LAMBODHARA,EQ,01-Oct-2026,129.28,130.28,135.89,125.66,128.64,16329,21.4,612,6632.0,40.61,2026-10-01
LAMOSAIC,ST,01-Oct-2026,49.8,49.35,49.8,47.35,47.35,14400,6.97,22,13800.0,95.83,2026-10-01
LANCER,EQ,01-Oct-2026,11.45,11.69,11.69,11.0,11.05,244904,27.38,1019,194273.0,79.33,2026-10-01
LANCORHOL,BE,01-Oct-2026,32.83,32.64,33.6,31.36,31.59,83240,26.95,198,,,2026-10-01
LANDMARK,EQ,01-Oct-2026,475.7,471.75,473.0,456.05,463.25,205673,953.51,7184,56825.0,27.63,2026-10-01
LANDSMILL,EQ,01-Oct-2026,0.96,0.96,1.05,0.87,1.05,35042099,329.85,3484,19972473.0,57.0,2026-10-01
LAOPALA,EQ,01-Oct-2026,156.18,156.18,158.4,153.45,156.11,104311,162.74,3071,50595.0,48.5,2026-10-01
LARGEMID50,EQ,01-Oct-2026,34.42,34.29,34.36,33.74,34.05,8614,2.93,42,8614.0,100.0,2026-10-01
LASERPOWER,EQ,01-Oct-2026,263.85,263.8,265.1,254.15,262.75,1298164,3372.62,15940,709294.0,54.64,2026-10-01
LATENTVIEW,EQ,01-Oct-2026,236.0,236.2,239.2,230.0,234.48,421557,987.15,11479,206020.0,48.87,2026-10-01
LATTEYS,EQ,01-Oct-2026,20.91,21.11,21.43,20.51,20.91,60087,12.56,235,34354.0,57.17,2026-10-01
LAURUSLABS,EQ,01-Oct-2026,1980.0,1973.6,2006.9,1952.1,1984.0,1459687,28950.99,54398,674994.0,46.24,2026-10-01
LAXMICOT,EQ,01-Oct-2026,13.01,13.0,13.6,13.0,13.3,4850,0.64,43,2795.0,57.63,2026-10-01
LAXMIDENTL,EQ,01-Oct-2026,191.42,191.5,195.7,189.45,193.87,61062,117.46,1562,35497.0,58.13,2026-10-01
LAXMIINDIA,EQ,01-Oct-2026,121.1,121.0,121.0,116.63,119.02,51642,61.21,1479,26210.0,50.75,2026-10-01
LCCINFOTEC,BE,01-Oct-2026,4.02,4.1,4.21,3.85,3.9,17024,0.68,85,,,2026-10-01
LCCPROJECT,EQ,01-Oct-2026,154.36,156.69,156.69,148.4,151.47,1009923,1534.53,13223,483072.0,47.83,2026-10-01
LCL,EQ,01-Oct-2026,557.15,558.0,559.45,537.25,553.6,187699,1030.19,14415,85388.0,45.49,2026-10-01
LEAPIND,EQ,01-Oct-2026,137.78,138.02,138.03,133.7,137.03,1240296,1682.0,17063,522706.0,42.14,2026-10-01
LEENEE,BE,01-Oct-2026,7.58,7.22,7.8,7.22,7.59,1967,0.15,30,,,2026-10-01
LEMERITE,EQ,01-Oct-2026,19.93,20.2,20.2,18.94,19.28,622057,118.68,505,372719.0,59.92,2026-10-01
LEMONTREE,EQ,01-Oct-2026,104.25,104.25,111.6,104.25,107.67,32197118,35184.51,176428,6034120.0,18.74,2026-10-01
LENSKART,EQ,01-Oct-2026,685.05,677.0,694.5,674.5,691.15,5044066,34599.0,127610,2928708.0,58.06,2026-10-01
LEXUS,EQ,01-Oct-2026,11.76,11.97,11.97,9.58,10.56,173028,18.05,899,98680.0,57.03,2026-10-01
LFIC,EQ,01-Oct-2026,131.22,129.03,137.9,127.5,133.82,384,0.5,28,285.0,74.22,2026-10-01
LGBBROSLTD,EQ,01-Oct-2026,1730.1,1736.6,1738.7,1681.0,1711.1,50389,863.6,12283,34782.0,69.03,2026-10-01
LGEINDIA,EQ,01-Oct-2026,1723.5,1718.1,1743.1,1692.7,1721.8,560330,9624.22,51191,305663.0,54.55,2026-10-01
LGHL,EQ,01-Oct-2026,200.04,204.04,224.82,200.15,219.47,148758,323.09,1652,106295.0,71.45,2026-10-01
LIBAS,EQ,01-Oct-2026,11.87,11.84,11.84,11.15,11.29,18202,2.07,222,8877.0,48.77,2026-10-01
LIBERTSHOE,EQ,01-Oct-2026,221.01,221.01,221.01,214.02,216.78,16325,35.47,1013,8520.0,52.19,2026-10-01
LICHSGFIN,EQ,01-Oct-2026,530.2,530.4,531.7,499.25,509.0,5986497,30735.44,55017,2853745.0,47.67,2026-10-01
LICI,EQ,01-Oct-2026,395.2,394.0,396.75,386.0,391.85,5862855,22939.47,96000,3080499.0,52.54,2026-10-01
LICMFGOLD,EQ,01-Oct-2026,132.35,132.6,133.2,131.7,132.25,245375,325.37,662,209727.0,85.47,2026-10-01
LICNETFGSC,EQ,01-Oct-2026,29.04,29.03,29.08,28.86,28.93,139919,40.55,85,138405.0,98.92,2026-10-01
LICNETFN50,EQ,01-Oct-2026,255.11,254.69,254.9,250.89,253.45,316,0.8,54,316.0,100.0,2026-10-01
LICNETFSEN,EQ,01-Oct-2026,824.25,873.0,873.0,811.58,827.0,18,0.15,6,17.0,94.44,2026-10-01
LICNFNHGP,EQ,01-Oct-2026,264.99,267.63,270.21,256.86,265.23,1034,2.67,42,843.0,81.53,2026-10-01
LICNMID100,EQ,01-Oct-2026,59.63,60.21,60.49,57.74,58.64,15814,9.33,166,6678.0,42.23,2026-10-01
LIKHITHA,EQ,01-Oct-2026,234.29,233.0,234.48,215.0,225.62,84998,191.39,2212,42646.0,50.17,2026-10-01
LINC,EQ,01-Oct-2026,88.63,89.7,89.7,85.47,86.54,25684,22.34,924,17300.0,67.36,2026-10-01
LINCOLN,EQ,01-Oct-2026,585.65,584.0,585.65,572.25,582.05,61905,359.79,1308,52423.0,84.68,2026-10-01
LINDEINDIA,EQ,01-Oct-2026,6323.0,6380.5,6466.0,6187.0,6247.5,42491,2695.13,13645,12050.0,28.36,2026-10-01
LIQGRWBEES,EQ,01-Oct-2026,1057.5,1058.04,1058.05,1058.02,1058.04,53307,564.01,231,33663.0,63.15,2026-10-01
LIQUID,EQ,01-Oct-2026,999.99,1000.0,1000.0,999.99,999.99,524402,5243.97,207,469532.0,89.54,2026-10-01
LIQUID1,EQ,01-Oct-2026,1124.82,1147.32,1147.32,1124.0,1125.4,1758991,19795.71,1224,1116932.0,63.5,2026-10-01
LIQUIDADD,EQ,01-Oct-2026,1146.97,1147.57,1147.59,1147.56,1147.56,686268,7875.39,590,592203.0,86.29,2026-10-01
LIQUIDBEES,EQ,01-Oct-2026,1000.0,1001.0,1001.0,999.99,999.99,3531595,35315.81,6043,2738439.0,77.54,2026-10-01
LIQUIDBETA,EQ,01-Oct-2026,1010.02,1010.57,1010.57,1010.57,1010.57,2,0.02,1,2.0,100.0,2026-10-01
LIQUIDBETF,EQ,01-Oct-2026,1100.89,1099.78,1101.47,1099.78,1101.46,481834,5307.18,131,278591.0,57.82,2026-10-01
LIQUIDCASE,EQ,01-Oct-2026,116.15,116.2,116.22,116.2,116.2,27379736,31818.44,21278,17935154.0,65.51,2026-10-01
LIQUIDETF,EQ,01-Oct-2026,999.99,1000.0,1000.01,999.99,1000.0,197180,1971.8,244,141780.0,71.9,2026-10-01
LIQUIDIETF,EQ,01-Oct-2026,999.99,999.99,1000.09,999.99,999.99,187633,1876.32,257,131150.0,69.9,2026-10-01
LIQUIDPLUS,EQ,01-Oct-2026,1105.38,1105.96,1105.98,1105.96,1105.97,396983,4390.53,393,326417.0,82.22,2026-10-01
LIQUIDSBI,EQ,01-Oct-2026,1000.01,999.99,1000.01,999.99,1000.0,11600,116.0,91,6349.0,54.73,2026-10-01
LIQUIDSHRI,EQ,01-Oct-2026,1123.55,1124.13,1124.13,1124.11,1124.12,37736,424.2,48,32825.0,86.99,2026-10-01
LKPSEC,EQ,01-Oct-2026,14.14,14.3,14.83,13.93,14.56,13996,2.0,259,11031.0,78.82,2026-10-01
LLOYDS,SM,01-Oct-2026,62.0,62.0,62.0,58.9,59.45,11000,6.65,10,9000.0,81.82,2026-10-01
LLOYDSENGG,EQ,01-Oct-2026,98.64,98.14,99.25,94.65,98.31,15406969,14962.41,70308,4911428.0,31.88,2026-10-01
LLOYDSENT,EQ,01-Oct-2026,79.23,79.0,79.07,75.7,77.95,3290009,2541.54,22774,1249364.0,37.97,2026-10-01
LLOYDSME,EQ,01-Oct-2026,1884.0,1878.5,1883.8,1767.0,1776.8,982427,17670.65,53960,513425.0,52.26,2026-10-01
LMW,EQ,01-Oct-2026,16862.0,16862.0,16862.0,16257.0,16548.0,3047,503.29,1647,1517.0,49.79,2026-10-01
LODHA,EQ,01-Oct-2026,1135.0,1116.0,1129.0,1083.3,1105.6,2249380,24853.84,57251,1219193.0,54.2,2026-10-01
LOKESHMACH,EQ,01-Oct-2026,365.9,366.2,411.45,360.15,400.8,991506,3919.08,25188,191069.0,19.27,2026-10-01
LORDSCHLO,EQ,01-Oct-2026,138.54,143.0,143.0,134.25,138.81,7956,10.99,377,5258.0,66.09,2026-10-01
LOTUSCHO,EQ,01-Oct-2026,550.35,542.1,563.95,536.0,540.35,2353,12.83,390,1718.0,73.01,2026-10-01
LOTUSDEV,BE,01-Oct-2026,224.53,219.98,235.75,213.31,230.07,1685413,3761.87,4917,,,2026-10-01
LOTUSEYE,EQ,01-Oct-2026,115.89,116.6,116.6,114.65,115.68,5854,6.78,126,5133.0,87.68,2026-10-01
LOVABLE,EQ,01-Oct-2026,71.05,69.25,70.9,67.3,68.29,10164,7.01,330,8017.0,78.88,2026-10-01
LOWVOL,EQ,01-Oct-2026,193.0,192.33,192.72,190.0,191.67,736,1.4,19,300.0,40.76,2026-10-01
LOWVOL1,EQ,01-Oct-2026,19.67,19.77,20.67,19.4,19.71,1333744,263.01,14149,1056684.0,79.23,2026-10-01
LOWVOLIETF,EQ,01-Oct-2026,20.66,20.87,20.87,20.32,20.58,637860,131.04,15407,446370.0,69.98,2026-10-01
LOYALTEX,EQ,01-Oct-2026,209.67,209.95,215.0,207.0,207.5,156,0.33,13,147.0,94.23,2026-10-01
LPDC,EQ,01-Oct-2026,6.18,6.35,6.48,6.12,6.21,12938,0.81,160,9479.0,73.26,2026-10-01
LRRPL,SM,01-Oct-2026,108.2,110.0,113.6,107.0,109.95,27000,29.94,18,21000.0,77.78,2026-10-01
LT,EQ,01-Oct-2026,3760.0,3726.0,3737.3,3655.9,3693.4,2220932,82078.01,137192,1328217.0,59.8,2026-10-01
LTF,EQ,01-Oct-2026,265.0,264.05,271.8,261.75,264.35,7097076,18943.84,63365,3180189.0,44.81,2026-10-01
LTFOODS,EQ,01-Oct-2026,400.4,399.0,402.75,389.1,399.15,813144,3239.5,24748,444040.0,54.61,2026-10-01
LTGILTBEES,EQ,01-Oct-2026,29.58,29.65,29.65,29.47,29.49,1679910,495.79,860,1463337.0,87.11,2026-10-01
LTGILTCASE,EQ,01-Oct-2026,30.16,29.4,30.25,29.4,30.07,202168,60.85,344,168651.0,83.42,2026-10-01
LTM,EQ,01-Oct-2026,4045.0,4001.7,4079.4,3945.5,4007.0,479221,19200.28,45567,186521.0,38.92,2026-10-01
LTTS,EQ,01-Oct-2026,3228.6,3199.1,3280.0,3165.0,3267.8,80220,2586.12,15623,36033.0,44.92,2026-10-01
LUMAXIND,EQ,01-Oct-2026,5568.5,5510.0,5600.0,5357.0,5550.0,16937,926.88,5731,8084.0,47.73,2026-10-01
LUMAXTECH,EQ,01-Oct-2026,2076.7,2063.9,2063.9,1948.1,1978.9,238440,4712.63,33207,94381.0,39.58,2026-10-01
LUMINO,EQ,01-Oct-2026,102.46,102.46,103.6,94.5,96.48,11824903,11495.79,72746,3907018.0,33.04,2026-10-01
LUPIN,EQ,01-Oct-2026,2030.2,2030.3,2044.1,2004.2,2031.2,825892,16666.45,45521,460242.0,55.73,2026-10-01
LUXIND,EQ,01-Oct-2026,1107.0,1100.0,1103.9,1070.2,1092.0,16586,180.63,1888,8439.0,50.88,2026-10-01
LXCHEM,EQ,01-Oct-2026,177.36,177.37,184.48,171.07,181.39,1470337,2616.97,16790,459560.0,31.26,2026-10-01
LYKALABS,BE,01-Oct-2026,83.21,81.7,81.7,81.55,81.55,2701,2.2,22,,,2026-10-01
M&M,EQ,01-Oct-2026,2950.0,2926.0,2927.4,2812.0,2860.0,5453321,155818.51,225440,3209037.0,58.85,2026-10-01
M&MFIN,EQ,01-Oct-2026,324.85,323.95,325.4,315.45,319.75,3088333,9875.65,74654,2001567.0,64.81,2026-10-01
MAANALU,EQ,01-Oct-2026,100.17,100.0,102.4,96.0,99.34,65004,63.96,1697,33661.0,51.78,2026-10-01
MACOBSTECH,SM,01-Oct-2026,190.2,192.0,202.4,192.0,199.5,56800,114.2,20,45600.0,80.28,2026-10-01
MACPOWER,EQ,01-Oct-2026,2096.0,2135.0,2234.7,2060.1,2144.8,97223,2098.96,13014,23651.0,24.33,2026-10-01
MADHAV,EQ,01-Oct-2026,34.16,35.5,36.45,33.61,34.49,2418,0.85,133,1030.0,42.6,2026-10-01
MADHAVBAUG,ST,01-Oct-2026,172.5,172.0,179.1,170.0,177.55,11600,20.23,14,11600.0,100.0,2026-10-01
MADHAVIPL,EQ,01-Oct-2026,7.31,7.31,7.49,6.93,7.31,58715,4.3,340,47032.0,80.1,2026-10-01
MADHUCON,EQ,01-Oct-2026,4.19,4.29,4.29,3.99,3.99,53394,2.16,148,44969.0,84.22,2026-10-01
MADHURKNIT,SM,01-Oct-2026,53.8,55.0,57.45,54.0,56.85,124800,70.01,58,116400.0,93.27,2026-10-01
MADHUSUDAN,ST,01-Oct-2026,236.25,230.25,236.0,230.25,234.65,7000,16.31,7,7000.0,100.0,2026-10-01
MADRASFERT,EQ,01-Oct-2026,58.77,58.55,58.55,57.06,57.46,18994,10.96,592,11685.0,61.52,2026-10-01
MAFANG,EQ,01-Oct-2026,240.79,242.0,248.55,238.02,248.21,880463,2162.49,17222,436771.0,49.61,2026-10-01
MAFATIND,EQ,01-Oct-2026,117.54,117.8,118.49,114.0,114.38,19878,22.87,766,12847.0,64.63,2026-10-01
MAGADSUGAR,EQ,01-Oct-2026,531.25,533.1,533.1,504.05,511.75,32778,168.97,2397,15476.0,47.21,2026-10-01
MAGNUM,EQ,01-Oct-2026,18.48,18.4,18.98,18.16,18.62,1812,0.34,48,1665.0,91.89,2026-10-01
MAGSON,SM,01-Oct-2026,180.0,179.5,180.5,178.0,179.35,24000,43.08,22,24000.0,100.0,2026-10-01
MAHABANK,EQ,01-Oct-2026,79.37,79.37,81.13,78.87,80.5,9608211,7700.89,30283,3366507.0,35.04,2026-10-01
MAHAPEXLTD,EQ,01-Oct-2026,51.0,50.52,51.5,49.1,50.18,11656,5.86,98,9617.0,82.51,2026-10-01
MAHASTEEL,BE,01-Oct-2026,1189.0,1142.2,1199.9,1131.1,1182.5,3755,43.3,296,,,2026-10-01
MAHEPC,EQ,01-Oct-2026,96.74,97.07,97.9,95.0,96.3,13455,13.0,314,12293.0,91.36,2026-10-01
MAHESHWARI,EQ,01-Oct-2026,73.43,75.68,75.68,69.5,69.95,11065,7.91,126,9286.0,83.92,2026-10-01
MAHICKRA,SM,01-Oct-2026,280.0,273.0,294.95,273.0,289.0,18000,50.17,16,11250.0,62.5,2026-10-01
MAHKTECH,EQ,01-Oct-2026,21.89,22.19,22.19,21.53,21.58,615456,134.46,5480,369600.0,60.05,2026-10-01
MAHLIFE,EQ,01-Oct-2026,360.3,357.1,364.85,345.85,351.15,103902,367.99,6388,38946.0,37.48,2026-10-01
MAHLOG,EQ,01-Oct-2026,435.85,429.8,433.0,410.2,416.4,243388,1020.65,11721,118215.0,48.57,2026-10-01
MAHSCOOTER,EQ,01-Oct-2026,12576.0,12686.0,12686.0,12180.0,12380.0,7480,920.81,3533,4188.0,55.99,2026-10-01
MAHSEAMLES,EQ,01-Oct-2026,737.65,732.0,734.4,682.0,698.75,458963,3227.45,28247,203775.0,44.4,2026-10-01
MAITHANALL,EQ,01-Oct-2026,925.25,911.0,934.85,901.0,927.0,75762,692.54,4399,46794.0,61.76,2026-10-01
MAITREYA,SM,01-Oct-2026,114.0,114.0,121.0,112.0,117.4,2800,3.22,7,1600.0,57.14,2026-10-01
MAJESAUT,BE,01-Oct-2026,367.8,369.5,369.95,357.65,366.2,1143,4.14,102,,,2026-10-01
MAKEINDIA,EQ,01-Oct-2026,157.7,157.7,158.48,152.68,154.68,43942,67.96,1197,25711.0,58.51,2026-10-01
MAKERSL,EQ,01-Oct-2026,181.75,185.0,187.4,175.0,183.5,4971,9.01,125,4567.0,91.87,2026-10-01
MAKS,SM,01-Oct-2026,15.0,14.25,14.25,14.25,14.25,3000,0.43,1,3000.0,100.0,2026-10-01
MAL,ST,01-Oct-2026,41.0,41.0,41.5,41.0,41.0,4800,1.98,3,4800.0,100.0,2026-10-01
MALLCOM,EQ,01-Oct-2026,938.95,938.45,945.0,920.0,935.2,3251,30.32,322,2771.0,85.24,2026-10-01
MALUPAPER,EQ,01-Oct-2026,31.47,31.45,31.5,30.47,31.04,7568,2.34,165,4641.0,61.32,2026-10-01
MAMATA,EQ,01-Oct-2026,398.8,399.6,404.9,389.3,399.9,63090,250.17,3342,35975.0,57.02,2026-10-01
MANAKALUCO,EQ,01-Oct-2026,34.32,34.55,34.55,33.0,33.76,43425,14.53,683,28820.0,66.37,2026-10-01
MANAKCOAT,EQ,01-Oct-2026,126.98,126.1,127.5,124.5,126.59,539492,679.02,2637,250446.0,46.42,2026-10-01
MANAKSIA,EQ,01-Oct-2026,59.99,59.63,60.75,58.22,59.56,30068,17.84,783,18188.0,60.49,2026-10-01
MANAKSTEEL,BE,01-Oct-2026,110.33,110.33,113.11,104.82,108.89,23191,24.94,278,,,2026-10-01
MANALIPETC,EQ,01-Oct-2026,80.98,81.05,81.06,75.56,78.15,1364744,1058.34,12048,483879.0,35.46,2026-10-01
MANAPPURAM,EQ,01-Oct-2026,315.85,315.85,317.45,303.35,308.9,7653852,23878.73,40997,3757441.0,49.09,2026-10-01
MANBA,EQ,01-Oct-2026,136.84,137.3,139.7,136.0,139.01,229896,315.3,1443,135842.0,59.09,2026-10-01
MANCREDIT,EQ,01-Oct-2026,220.73,218.9,224.4,216.2,218.97,98616,215.17,1200,4374.0,4.44,2026-10-01
MANDEEP,SM,01-Oct-2026,18.15,17.5,18.4,17.25,18.4,18000,3.22,7,16000.0,88.89,2026-10-01
MANGALAM,EQ,01-Oct-2026,30.74,30.6,30.89,28.85,29.15,34164,10.24,491,23691.0,69.34,2026-10-01
MANGLMCEM,EQ,01-Oct-2026,993.2,989.9,998.8,968.0,984.65,188691,1853.15,5543,140323.0,74.37,2026-10-01
MANIKA,BE,01-Oct-2026,42.34,42.0,43.1,41.0,41.98,397420,167.08,1172,,,2026-10-01
MANILAM,SM,01-Oct-2026,38.0,38.0,38.0,38.0,38.0,2000,0.76,1,2000.0,100.0,2026-10-01
MANINDS,EQ,01-Oct-2026,907.35,907.05,930.5,868.4,921.55,998005,9050.51,42077,265659.0,26.62,2026-10-01
MANINFRA,EQ,01-Oct-2026,126.86,125.6,126.49,123.01,124.3,1251549,1559.07,11176,453184.0,36.21,2026-10-01
MANIPALHOS,EQ,01-Oct-2026,708.3,701.6,710.1,683.0,696.0,977241,6800.09,45583,404373.0,41.38,2026-10-01
MANKIND,EQ,01-Oct-2026,2503.8,2500.0,2535.0,2476.1,2535.0,427905,10718.19,31670,229323.0,53.59,2026-10-01
MANOMAY,EQ,01-Oct-2026,240.66,245.0,245.43,235.3,240.08,323589,780.56,9448,51368.0,15.87,2026-10-01
MANORAMA,EQ,01-Oct-2026,1852.8,1830.1,1924.9,1824.0,1880.3,485712,9128.89,49548,202235.0,41.64,2026-10-01
MANORG,EQ,01-Oct-2026,452.25,456.9,456.9,429.65,436.8,5487,23.94,305,4267.0,77.77,2026-10-01
MANUFGBEES,EQ,01-Oct-2026,155.82,155.03,157.7,151.0,153.68,40367,61.79,541,27445.0,67.99,2026-10-01
MANUGRAPH,BE,01-Oct-2026,17.32,17.17,17.17,16.46,16.46,45086,7.44,177,,,2026-10-01
MANYAVAR,EQ,01-Oct-2026,535.1,530.0,535.0,514.75,519.2,106163,559.53,7951,52126.0,49.1,2026-10-01
MAPMYINDIA,EQ,01-Oct-2026,858.1,860.0,870.0,833.15,845.75,92181,783.17,8247,37571.0,40.76,2026-10-01
MARALOVER,EQ,01-Oct-2026,60.31,58.75,59.7,56.25,57.7,20740,12.02,330,14941.0,72.04,2026-10-01
MARATHON,EQ,01-Oct-2026,389.15,388.75,393.95,373.2,388.1,84020,321.14,2819,48435.0,57.65,2026-10-01
MARC,ST,01-Oct-2026,147.95,141.0,144.95,141.0,144.95,6000,8.51,3,4800.0,80.0,2026-10-01
MARICO,EQ,01-Oct-2026,786.0,786.0,791.0,766.25,781.35,1777571,13834.88,87485,1026344.0,57.74,2026-10-01
MARINE,EQ,01-Oct-2026,429.55,425.0,439.5,419.3,436.55,1481138,6377.76,49026,481538.0,32.51,2026-10-01
MARKOLINES,EQ,01-Oct-2026,167.72,168.08,169.49,161.21,167.26,208712,346.92,1777,31321.0,15.01,2026-10-01
MARKSANS,EQ,01-Oct-2026,322.3,322.05,332.5,318.15,325.6,2445782,7951.58,59195,972047.0,39.74,2026-10-01
MARSONS,EQ,01-Oct-2026,115.44,114.77,116.99,113.66,114.26,1908792,2189.97,9125,676611.0,35.45,2026-10-01
MARUSHIKA,SM,01-Oct-2026,111.1,112.0,117.0,112.0,117.0,6000,6.96,5,6000.0,100.0,2026-10-01
MARUTI,EQ,01-Oct-2026,11967.0,11900.0,11907.0,11305.0,11386.0,885820,102230.04,110390,407293.0,45.98,2026-10-01
MASFIN,EQ,01-Oct-2026,282.7,282.7,282.7,268.95,272.85,188700,514.53,8074,107942.0,57.2,2026-10-01
MASKINVEST,EQ,01-Oct-2026,150.95,144.2,145.63,143.41,143.41,84,0.12,9,84.0,100.0,2026-10-01
MASON,SM,01-Oct-2026,107.85,108.0,108.0,105.0,105.0,4000,4.24,6,4000.0,100.0,2026-10-01
MASPTOP50,EQ,01-Oct-2026,99.66,101.0,102.0,99.31,101.54,535441,539.72,7750,314943.0,58.82,2026-10-01
MASTEK,EQ,01-Oct-2026,1562.8,1554.2,1586.6,1536.0,1555.6,72494,1133.24,10791,27014.0,37.26,2026-10-01
MASTER,SM,01-Oct-2026,390.0,380.0,404.0,380.0,404.0,1500,5.85,3,1500.0,100.0,2026-10-01
MASTERTR,EQ,01-Oct-2026,82.14,82.01,82.9,80.3,81.66,184334,149.92,1367,42400.0,23.0,2026-10-01
MATRIMONY,EQ,01-Oct-2026,523.8,515.4,516.9,489.1,497.0,19572,98.08,1349,11517.0,58.84,2026-10-01
MAWANASUG,EQ,01-Oct-2026,145.01,143.0,144.99,135.0,138.84,169840,235.98,4387,81386.0,47.92,2026-10-01
MAXESTATES,EQ,01-Oct-2026,587.1,582.0,585.8,551.6,566.25,96922,546.58,7160,50344.0,51.94,2026-10-01
MAXHEALTH,EQ,01-Oct-2026,929.8,919.85,950.0,902.05,940.95,5464461,50739.26,104355,2871717.0,52.55,2026-10-01
MAXIND,EQ,01-Oct-2026,160.83,159.51,164.35,154.65,162.78,73481,116.76,1542,50569.0,68.82,2026-10-01
MAXPOSURE,SM,01-Oct-2026,36.15,36.0,36.0,36.0,36.0,1000,0.36,1,1000.0,100.0,2026-10-01
MAXVOLT,SM,01-Oct-2026,442.45,457.5,464.55,421.0,425.05,98800,434.35,223,60000.0,60.73,2026-10-01
MAYURUNIQ,EQ,01-Oct-2026,734.35,723.15,731.45,701.8,711.55,79848,570.24,6193,41413.0,51.86,2026-10-01
MAZDA,BE,01-Oct-2026,303.3,307.95,310.0,288.15,288.15,32502,96.52,602,,,2026-10-01
MAZDOCK,EQ,01-Oct-2026,2113.0,2110.0,2115.6,2031.2,2064.0,648362,13399.69,49553,259216.0,39.98,2026-10-01
MBAPL,EQ,01-Oct-2026,170.63,170.63,172.0,163.27,165.83,867077,1450.91,11785,482444.0,55.64,2026-10-01
MBECL,BE,01-Oct-2026,484.32,494.0,494.0,494.0,494.0,4423,21.85,99,,,2026-10-01
MBEL,EQ,01-Oct-2026,249.0,248.18,254.4,246.0,251.75,116191,291.66,4451,62813.0,54.06,2026-10-01
MBLINFRA,EQ,01-Oct-2026,22.85,22.85,23.95,22.22,23.11,94794,21.76,432,56775.0,59.89,2026-10-01
MCCHRLS-B,EQ,01-Oct-2026,689.85,689.85,695.0,665.0,690.0,27,0.18,13,27.0,100.0,2026-10-01
MCL,EQ,01-Oct-2026,56.74,58.15,58.15,53.45,54.64,92121,50.72,1660,61829.0,67.12,2026-10-01
MCLEODRUSS,EQ,01-Oct-2026,44.74,44.05,44.95,42.51,42.51,306748,131.94,1223,200413.0,65.33,2026-10-01
MCLOUD,EQ,01-Oct-2026,25.06,25.0,25.0,24.0,24.25,969374,236.7,3705,385303.0,39.75,2026-10-01
MCON,SM,01-Oct-2026,40.95,40.15,40.35,40.0,40.25,6000,2.41,6,6000.0,100.0,2026-10-01
MCX,EQ,01-Oct-2026,3300.4,3300.0,3331.3,3193.6,3204.0,2002629,65105.68,124036,958514.0,47.86,2026-10-01
MEDANTA,EQ,01-Oct-2026,1365.0,1356.9,1386.1,1336.2,1357.3,363086,4927.5,28717,212066.0,58.41,2026-10-01
MEDIASSIST,EQ,01-Oct-2026,302.25,302.5,304.95,291.25,298.5,541713,1614.11,22283,291181.0,53.75,2026-10-01
MEDICAMEQ,BE,01-Oct-2026,321.75,316.0,323.0,306.7,318.6,30246,95.14,320,,,2026-10-01
MEDICAPQ,BE,01-Oct-2026,25.6,26.8,26.8,24.32,26.05,1811,0.45,18,,,2026-10-01
MEDICO,EQ,01-Oct-2026,21.53,21.84,22.49,21.02,21.86,361586,78.56,1638,207766.0,57.46,2026-10-01
MEDIORG,SM,01-Oct-2026,24.05,24.55,24.55,24.55,24.55,2000,0.49,1,2000.0,100.0,2026-10-01
MEDISTEP,SM,01-Oct-2026,21.2,20.25,20.5,19.7,20.5,15000,3.01,5,12000.0,80.0,2026-10-01
MEDPLUS,EQ,01-Oct-2026,654.9,652.15,658.45,642.6,654.3,134611,878.09,14465,77527.0,57.59,2026-10-01
MEESHO,EQ,01-Oct-2026,227.75,224.75,226.65,217.3,218.69,6218981,13757.25,113019,2656523.0,42.72,2026-10-01
MEGAFLEX,SM,01-Oct-2026,103.95,109.1,109.1,109.1,109.1,1000,1.09,1,1000.0,100.0,2026-10-01
MEGASTAR,EQ,01-Oct-2026,249.05,245.0,268.0,240.03,267.18,6106,15.94,227,5191.0,85.01,2026-10-01
MEGATHERM,SM,01-Oct-2026,249.0,249.0,250.75,242.0,243.6,12800,31.56,27,10800.0,84.38,2026-10-01
MEIL,EQ,01-Oct-2026,264.85,264.85,266.8,258.6,262.1,40132,105.08,1186,30660.0,76.4,2026-10-01
MENNPIS,BE,01-Oct-2026,72.28,72.89,72.89,70.3,71.21,14736,10.48,136,,,2026-10-01
MENONBE,EQ,01-Oct-2026,296.2,295.65,295.95,281.0,288.4,66161,190.09,1877,37560.0,56.77,2026-10-01
MEP,BZ,01-Oct-2026,0.67,0.68,0.68,0.66,0.67,57369,0.38,54,,,2026-10-01
MERCANTILE,EQ,01-Oct-2026,22.99,22.0,23.4,22.0,22.98,1264,0.28,15,1251.0,98.97,2026-10-01
MERCURYEV,EQ,01-Oct-2026,38.17,37.91,38.8,36.3,37.06,385240,143.97,3072,170462.0,44.25,2026-10-01
METAL,EQ,01-Oct-2026,12.91,12.58,12.97,12.4,12.59,4090627,516.38,12114,3341018.0,81.67,2026-10-01
METALIC,ST,01-Oct-2026,169.7,161.25,178.15,161.25,177.6,155200,267.87,92,136000.0,87.63,2026-10-01
METALIETF,EQ,01-Oct-2026,12.89,12.89,13.08,12.37,12.61,11863163,1494.29,17568,5714499.0,48.17,2026-10-01
METROBRAND,EQ,01-Oct-2026,841.75,838.0,846.9,815.0,833.5,39313,325.87,6992,20447.0,52.01,2026-10-01
METROGLOBL,EQ,01-Oct-2026,133.9,133.89,133.89,130.0,131.52,208,0.27,26,138.0,66.35,2026-10-01
METROPOLIS,EQ,01-Oct-2026,541.7,537.95,549.0,526.3,537.9,446423,2411.07,25636,292646.0,65.55,2026-10-01
MFML,EQ,01-Oct-2026,18.63,19.79,19.79,17.87,18.72,1926,0.35,61,1330.0,69.06,2026-10-01
MFSL,EQ,01-Oct-2026,1373.4,1367.9,1403.1,1364.4,1392.0,1151973,15992.39,46225,624432.0,54.21,2026-10-01
MGEL,EQ,01-Oct-2026,15.89,15.95,16.5,15.18,15.34,442161,68.37,904,253145.0,57.25,2026-10-01
MGL,EQ,01-Oct-2026,1058.0,1050.0,1056.3,1024.2,1045.4,226314,2349.23,23525,119154.0,52.65,2026-10-01
MGSL,SM,01-Oct-2026,60.65,61.9,63.0,54.3,57.45,76800,44.03,57,50400.0,65.63,2026-10-01
MHLXMIRU,BE,01-Oct-2026,179.21,182.79,182.79,170.25,175.0,7842,13.65,88,,,2026-10-01
MHRIL,EQ,01-Oct-2026,194.25,194.5,199.49,192.0,194.85,153366,300.65,4731,52639.0,34.32,2026-10-01
MICEL,BE,01-Oct-2026,36.72,36.72,36.8,36.0,36.0,111299,40.55,601,,,2026-10-01
MICROPRO,SM,01-Oct-2026,17.5,16.7,18.2,16.7,16.75,4800,0.83,3,3200.0,66.67,2026-10-01
MID150,EQ,01-Oct-2026,22.3,22.55,22.56,21.7,22.05,135037,29.75,482,82843.0,61.35,2026-10-01
MID150BEES,EQ,01-Oct-2026,227.04,227.04,227.29,221.5,224.52,1559539,3500.04,15698,960338.0,61.58,2026-10-01
MID150CASE,EQ,01-Oct-2026,11.05,11.09,11.09,10.76,10.9,3031850,330.55,5802,1950847.0,64.35,2026-10-01
MIDBANKADD,EQ,01-Oct-2026,16.5,16.41,16.54,16.27,16.39,356006,58.34,48,330745.0,92.9,2026-10-01
MIDCAP,EQ,01-Oct-2026,17.48,17.91,17.99,17.01,17.23,1018346,175.05,2093,522806.0,51.34,2026-10-01
MIDCAPADD,EQ,01-Oct-2026,21.97,21.81,22.15,21.46,22.07,39114,8.45,191,30976.0,79.19,2026-10-01
MIDCAPBETA,EQ,01-Oct-2026,223.12,220.39,222.6,216.22,222.0,2807,6.13,74,1315.0,46.85,2026-10-01
MIDCAPETF,EQ,01-Oct-2026,22.4,22.38,22.43,21.87,22.14,5235536,1157.59,12016,4135197.0,78.98,2026-10-01
MIDCAPIETF,EQ,01-Oct-2026,22.7,22.13,22.77,22.11,22.44,1580229,353.94,4250,846963.0,53.6,2026-10-01
MIDHANI,EQ,01-Oct-2026,437.65,438.0,439.45,415.3,433.6,835967,3581.84,27714,311415.0,37.25,2026-10-01
MIDQ50ADD,EQ,01-Oct-2026,23.6,24.19,24.2,23.07,23.47,59657,13.98,421,35171.0,58.96,2026-10-01
MIDSELIETF,EQ,01-Oct-2026,18.56,18.56,18.77,18.14,18.47,417834,76.74,1107,235073.0,56.26,2026-10-01
MIDSMALL,EQ,01-Oct-2026,49.88,49.92,49.94,48.75,49.41,605621,298.18,1649,484568.0,80.01,2026-10-01
MIDWESTLTD,EQ,01-Oct-2026,895.0,903.2,930.0,860.0,904.15,35185,311.92,2928,22557.0,64.11,2026-10-01
MIEL,SM,01-Oct-2026,13.7,13.1,13.1,13.05,13.1,8000,1.05,4,6000.0,75.0,2026-10-01
MIIL,EQ,01-Oct-2026,682.05,683.0,693.45,661.0,677.05,61981,417.67,1600,28869.0,46.58,2026-10-01
MILKYMIST,BE,01-Oct-2026,316.46,316.0,319.7,302.1,308.45,900488,2769.94,10750,,,2026-10-01
MINALIND,BE,01-Oct-2026,4.41,4.33,4.33,4.33,4.33,960,0.04,15,,,2026-10-01
MINDACORP,EQ,01-Oct-2026,692.85,692.0,694.45,649.35,667.35,497785,3309.59,35383,247925.0,49.81,2026-10-01
MINDSPACE,RR,01-Oct-2026,500.66,501.9,501.99,498.05,498.46,214579,1072.04,8480,180247.0,84.0,2026-10-01
MINDTECK,EQ,01-Oct-2026,153.15,154.54,154.74,147.56,150.93,18244,27.43,863,11861.0,65.01,2026-10-01
MIRZAINT,EQ,01-Oct-2026,27.94,27.7,28.36,27.5,27.65,57360,15.94,708,34133.0,59.51,2026-10-01
MITCON,EQ,01-Oct-2026,82.95,81.0,82.51,80.01,80.34,6241,5.05,136,3349.0,53.66,2026-10-01
MITTAL,EQ,01-Oct-2026,0.72,0.73,0.73,0.68,0.7,1038530,7.37,408,539827.0,51.98,2026-10-01
MKEXIM,EQ,01-Oct-2026,66.84,65.22,68.0,63.99,66.51,13691,8.98,315,11007.0,80.4,2026-10-01
MKPL,EQ,01-Oct-2026,3.99,4.03,4.03,3.88,3.9,94971,3.73,429,73364.0,77.25,2026-10-01
MLKFOOD,EQ,01-Oct-2026,83.36,85.8,85.8,82.5,84.13,10413,8.75,178,6590.0,63.29,2026-10-01
MMEL,SM,01-Oct-2026,28.25,28.5,28.5,28.5,28.5,2000,0.57,1,2000.0,100.0,2026-10-01
MMFL,EQ,01-Oct-2026,598.6,600.65,609.0,564.0,571.95,186619,1073.74,8633,92599.0,49.62,2026-10-01
MMP,EQ,01-Oct-2026,474.85,475.0,485.0,447.6,449.6,108870,504.18,5751,42134.0,38.7,2026-10-01
MMTC,EQ,01-Oct-2026,56.91,57.3,57.37,55.11,56.29,926056,520.04,9948,310262.0,33.5,2026-10-01
MMWL,EQ,01-Oct-2026,14.82,15.25,15.56,15.23,15.56,428810,66.7,224,428800.0,100.0,2026-10-01
MNC,EQ,01-Oct-2026,31.41,31.41,31.41,30.6,30.9,138200,42.8,817,81460.0,58.94,2026-10-01
MOALPHA50,EQ,01-Oct-2026,53.77,53.77,53.77,52.46,53.17,8320,4.42,110,7700.0,92.55,2026-10-01
MOBANK10,EQ,01-Oct-2026,16.37,16.29,16.49,16.15,16.49,1049,0.17,33,838.0,79.89,2026-10-01
MOBIKWIK,EQ,01-Oct-2026,196.32,196.0,201.5,191.0,196.23,992146,1949.51,15010,245557.0,24.75,2026-10-01
MOCAPITAL,EQ,01-Oct-2026,51.31,51.31,51.6,50.01,50.75,1152830,583.7,5931,572972.0,49.7,2026-10-01
MODEFENCE,EQ,01-Oct-2026,101.86,101.86,102.47,99.0,100.71,1434886,1439.84,14867,722207.0,50.33,2026-10-01
MODINATUR,EQ,01-Oct-2026,336.0,339.95,340.05,315.1,324.45,6136,20.08,339,5227.0,85.19,2026-10-01
MODIRUBBER,EQ,01-Oct-2026,120.21,118.3,121.99,117.0,119.72,1615,1.92,53,974.0,60.31,2026-10-01
MODIS,EQ,01-Oct-2026,372.35,370.85,373.0,362.0,367.85,31166,115.35,554,26335.0,84.5,2026-10-01
MODISONLTD,BE,01-Oct-2026,462.95,462.95,486.05,462.9,486.05,96311,462.98,1634,,,2026-10-01
MODTHREAD,EQ,01-Oct-2026,48.64,48.64,48.64,45.02,45.66,2556,1.2,59,2273.0,88.93,2026-10-01
MOENERGY,EQ,01-Oct-2026,36.75,37.0,37.28,36.22,36.69,63964,23.47,769,52485.0,82.05,2026-10-01
MOGOLD,EQ,01-Oct-2026,145.4,145.6,146.2,143.95,145.2,48113,69.82,657,29247.0,60.79,2026-10-01
MOGSEC,EQ,01-Oct-2026,64.75,64.75,67.45,64.4,65.16,1381426,897.35,226,1350580.0,97.77,2026-10-01
MOHEALTH,EQ,01-Oct-2026,51.07,51.38,51.38,49.98,50.81,101346,51.07,1007,54579.0,53.85,2026-10-01
MOHITE,EQ,01-Oct-2026,2.52,2.53,2.59,2.4,2.49,63921,1.57,91,55850.0,87.37,2026-10-01
MOHITIND,EQ,01-Oct-2026,22.67,23.79,23.79,22.16,22.78,10445,2.37,64,8755.0,83.82,2026-10-01
MOIL,EQ,01-Oct-2026,237.76,238.0,239.39,230.01,232.66,545882,1276.92,12007,258188.0,47.3,2026-10-01
MOINFRA,EQ,01-Oct-2026,56.81,56.75,57.7,55.17,55.79,6968,3.9,141,6331.0,90.86,2026-10-01
MOIPO,EQ,01-Oct-2026,46.42,46.0,47.0,44.63,45.5,5059,2.3,95,3084.0,60.96,2026-10-01
MOKSH,EQ,01-Oct-2026,9.51,9.51,9.78,9.03,9.19,122811,11.48,436,83485.0,67.98,2026-10-01
MOL,EQ,01-Oct-2026,56.31,55.97,56.43,54.13,55.13,739103,408.15,5158,365968.0,49.52,2026-10-01
MOLBIO,EQ,01-Oct-2026,1308.9,1313.0,1564.3,1312.1,1513.1,8751936,128431.59,385675,929923.0,10.63,2026-10-01
MOLDTECH,BE,01-Oct-2026,206.16,210.0,211.0,202.16,204.78,30948,63.63,692,,,2026-10-01
MOLDTKPAC,EQ,01-Oct-2026,660.6,660.6,665.2,648.8,658.85,94944,622.81,3938,67284.0,70.87,2026-10-01
MOLOWVOL,EQ,01-Oct-2026,34.23,34.57,34.7,33.64,33.9,113077,38.24,56,94602.0,83.66,2026-10-01
MOM100,EQ,01-Oct-2026,64.29,65.89,65.89,62.56,63.69,829467,526.51,5322,528243.0,63.68,2026-10-01
MOM30IETF,EQ,01-Oct-2026,30.15,30.15,30.31,29.34,29.82,1005941,299.96,3628,592134.0,58.86,2026-10-01
MOM50,EQ,01-Oct-2026,236.92,236.92,254.9,233.15,235.67,20224,47.41,198,18605.0,91.99,2026-10-01
MOMENTUM,EQ,01-Oct-2026,30.01,30.24,30.42,29.25,29.76,75222,22.3,488,61588.0,81.87,2026-10-01
MOMENTUM30,EQ,01-Oct-2026,29.66,29.82,30.1,28.9,29.57,63844,18.63,299,26653.0,41.75,2026-10-01
MOMENTUM50,EQ,01-Oct-2026,52.54,52.69,52.71,51.35,52.1,3110850,1608.86,17982,1985471.0,63.82,2026-10-01
MOMETAL,EQ,01-Oct-2026,12.9,12.9,12.9,12.31,12.59,122968,15.41,222,44503.0,36.19,2026-10-01
MOMGF,EQ,01-Oct-2026,155.08,154.5,155.5,150.5,152.7,3721,5.65,90,2280.0,61.27,2026-10-01
MOMIDMTM,EQ,01-Oct-2026,61.77,62.0,63.01,60.35,61.49,138272,84.68,784,87997.0,63.64,2026-10-01
MOMMIDCAP,EQ,01-Oct-2026,12.46,12.46,12.48,12.16,12.33,1606900,197.92,954,1178841.0,73.36,2026-10-01
MOMNC,EQ,01-Oct-2026,30.25,30.5,30.9,29.71,30.04,5890,1.77,39,3350.0,56.88,2026-10-01
MOMOMENTUM,EQ,01-Oct-2026,59.9,59.9,60.2,58.5,59.26,73693,43.66,826,47811.0,64.88,2026-10-01
MOMSBELIEF,EQ,01-Oct-2026,234.64,231.0,236.98,220.82,226.92,213669,486.88,4760,81033.0,37.92,2026-10-01
MON100,EQ,01-Oct-2026,321.08,327.44,327.44,320.04,321.46,890317,2875.31,23386,487659.0,54.77,2026-10-01
MON50EQUAL,EQ,01-Oct-2026,31.52,31.46,32.49,30.7,31.54,20438,6.34,190,17754.0,86.87,2026-10-01
MONARCH,EQ,01-Oct-2026,337.85,336.0,357.0,325.0,342.7,201449,680.47,3631,82131.0,40.77,2026-10-01
MONEXT50,EQ,01-Oct-2026,69.98,69.5,71.05,68.22,69.39,33693,23.08,121,33043.0,98.07,2026-10-01
MONEYBOXX,BE,01-Oct-2026,52.28,53.99,54.89,52.8,54.0,44265,24.21,257,,,2026-10-01
MONEYVIEW,EQ,01-Oct-2026,34.0,55.0,62.0,50.27,53.88,655464953,369869.74,1397873,198781468.0,30.33,2026-10-01
MONIFTY100,EQ,01-Oct-2026,23.98,23.9,24.99,23.5,24.64,29630,7.07,130,19373.0,65.38,2026-10-01
MONIFTY500,EQ,01-Oct-2026,22.67,22.74,22.74,22.15,22.46,1336791,299.58,2879,922595.0,69.02,2026-10-01
MONOLITH,SM,01-Oct-2026,1281.4,1295.0,1315.0,1223.95,1252.45,59500,749.05,192,35750.0,60.08,2026-10-01
MONQ50,EQ,01-Oct-2026,194.62,189.75,201.99,189.75,193.18,730370,1434.22,14378,288922.0,39.56,2026-10-01
MONTECARLO,EQ,01-Oct-2026,527.45,525.0,525.0,514.0,522.85,26728,138.95,2204,13172.0,49.28,2026-10-01
MOOILGAS,EQ,01-Oct-2026,10.67,10.54,11.15,10.44,10.93,19372,2.06,81,10340.0,53.38,2026-10-01
MOPSE,EQ,01-Oct-2026,96.34,95.0,95.31,93.5,94.75,1338,1.26,50,853.0,63.75,2026-10-01
MOQUALITY,EQ,01-Oct-2026,189.01,187.35,191.5,184.41,187.34,9070,16.85,88,8910.0,98.24,2026-10-01
MOREALTY,EQ,01-Oct-2026,84.85,84.85,85.41,82.7,84.3,565605,474.73,2816,280634.0,49.62,2026-10-01
MOREPENLAB,EQ,01-Oct-2026,125.99,125.9,135.29,125.16,133.72,37973409,49973.64,170439,7777902.0,20.48,2026-10-01
MOS,SM,01-Oct-2026,6.9,6.6,6.6,6.6,6.6,52000,3.43,9,52000.0,100.0,2026-10-01
MOSCHIP,EQ,01-Oct-2026,201.25,201.0,202.43,194.08,198.03,1364614,2707.58,24844,523844.0,38.39,2026-10-01
MOSERVICE,EQ,01-Oct-2026,29.73,29.23,29.31,28.85,29.03,6286,1.83,113,5889.0,93.68,2026-10-01
MOSILVER,EQ,01-Oct-2026,217.06,217.99,217.99,215.36,215.92,42515,92.0,622,17079.0,40.17,2026-10-01
MOSMALL250,EQ,01-Oct-2026,17.93,18.28,18.28,17.41,17.72,2457669,432.39,4024,1428238.0,58.11,2026-10-01
MOTHERSON,EQ,01-Oct-2026,163.26,161.35,162.27,153.81,157.03,23039471,36299.09,146524,10590287.0,45.97,2026-10-01
MOTILALOFS,EQ,01-Oct-2026,994.0,994.0,996.7,965.05,989.9,1607962,15830.54,36310,826760.0,51.42,2026-10-01
MOTISONS,EQ,01-Oct-2026,18.0,18.0,18.3,17.47,17.88,28260057,5082.59,53956,4988571.0,17.65,2026-10-01
MOTOGENFIN,EQ,01-Oct-2026,25.5,25.95,25.98,24.26,25.08,93418,23.47,369,27233.0,29.15,2026-10-01
MOTOUR,EQ,01-Oct-2026,76.35,75.97,78.34,74.51,75.46,24874,18.82,213,17429.0,70.07,2026-10-01
MOVALUE,EQ,01-Oct-2026,108.15,110.31,113.34,105.41,108.25,79490,84.78,1384,51064.0,64.24,2026-10-01
MOXSH,SM,01-Oct-2026,90.3,87.2,93.3,86.0,93.3,6400,5.66,4,4800.0,75.0,2026-10-01
MPDL,BE,01-Oct-2026,29.35,27.89,28.25,27.89,27.89,732,0.2,13,,,2026-10-01
MPEL,SM,01-Oct-2026,26.45,25.15,25.15,25.15,25.15,3200,0.8,2,3200.0,100.0,2026-10-01
MPHASIS,EQ,01-Oct-2026,2154.4,2160.1,2265.0,2160.1,2250.2,1178274,26298.68,59150,303963.0,25.8,2026-10-01
MPIMANIPAL,EQ,01-Oct-2026,409.15,411.0,420.5,392.05,401.4,1620525,6596.14,53630,469464.0,28.97,2026-10-01
MPSLTD,EQ,01-Oct-2026,2699.0,2695.0,2714.3,2570.0,2628.4,17856,470.12,3446,8102.0,45.37,2026-10-01
MRF,EQ,01-Oct-2026,125280.0,125100.0,125100.0,122745.0,123715.0,3448,4259.25,2584,1434.0,41.59,2026-10-01
MRIL,ST,01-Oct-2026,80.0,76.05,76.05,76.0,76.0,4800,3.65,3,4800.0,100.0,2026-10-01
MRPL,EQ,01-Oct-2026,169.29,167.27,168.2,161.5,164.76,12948377,21230.01,75501,3758409.0,29.03,2026-10-01
MSCI360,EQ,01-Oct-2026,9.56,9.6,9.6,9.4,9.47,4950,0.47,38,4950.0,100.0,2026-10-01
MSCIADD,EQ,01-Oct-2026,27.92,27.92,28.27,27.36,28.27,3796,1.04,71,3508.0,92.41,2026-10-01
MSCIINDIA,EQ,01-Oct-2026,28.58,28.61,28.61,27.57,28.03,74212,20.67,310,63742.0,85.89,2026-10-01
MSL,EQ,01-Oct-2026,137.4,128.95,145.0,127.4,144.99,498,0.72,31,479.0,96.18,2026-10-01
MSPL,EQ,01-Oct-2026,33.0,32.99,33.31,31.66,32.52,1038333,336.24,3082,641763.0,61.81,2026-10-01
MSTCLTD,EQ,01-Oct-2026,714.75,715.5,717.75,690.25,705.8,208381,1464.76,10880,93169.0,44.71,2026-10-01
MSUMI,EQ,01-Oct-2026,34.07,33.9,33.98,33.07,33.53,16228437,5441.22,47861,11451847.0,70.57,2026-10-01
MTARTECH,BE,01-Oct-2026,7797.0,8186.5,8186.5,7525.5,7797.0,283715,22341.65,30279,,,2026-10-01
MTEDUCARE,BE,01-Oct-2026,1.72,1.65,1.75,1.64,1.67,45826,0.76,47,,,2026-10-01
MTNL,EQ,01-Oct-2026,22.97,23.1,26.94,22.71,24.66,44121423,11145.69,185087,2070512.0,4.69,2026-10-01
MUFIN,EQ,01-Oct-2026,131.51,130.8,131.72,127.53,130.59,699328,911.31,4874,281246.0,40.22,2026-10-01
MUFTI,EQ,01-Oct-2026,72.31,72.0,72.18,69.5,70.24,60635,42.87,1099,35530.0,58.6,2026-10-01
MUKANDLTD,EQ,01-Oct-2026,180.13,178.11,183.96,170.05,172.66,858946,1520.63,12080,300462.0,34.98,2026-10-01
MUKESHB,EQ,01-Oct-2026,126.0,125.0,128.8,125.0,128.8,713,0.89,7,713.0,100.0,2026-10-01
MUKKA,BE,01-Oct-2026,25.98,26.1,26.1,24.75,25.7,278076,70.45,1108,,,2026-10-01
MUKTAARTS,EQ,01-Oct-2026,57.09,55.15,58.79,53.11,55.92,1911,1.07,85,1288.0,67.4,2026-10-01
MULTICAP,EQ,01-Oct-2026,15.95,15.95,15.95,15.6,15.78,270792,42.71,1131,231066.0,85.33,2026-10-01
MUNISH,SM,01-Oct-2026,90.0,90.0,90.0,85.55,86.6,10800,9.41,9,6000.0,55.56,2026-10-01
MUNJALAU,EQ,01-Oct-2026,112.86,110.76,110.76,102.58,104.07,1200123,1281.37,15634,381706.0,31.81,2026-10-01
MUNJALSHOW,EQ,01-Oct-2026,126.44,126.0,126.4,121.9,124.53,36914,45.91,728,19819.0,53.69,2026-10-01
MURUDCERA,EQ,01-Oct-2026,28.51,28.87,28.87,27.51,28.06,8347,2.34,162,5990.0,71.76,2026-10-01
MUTHOOTCAP,EQ,01-Oct-2026,218.9,219.0,225.67,211.59,218.08,8616,18.68,563,5568.0,64.62,2026-10-01
MUTHOOTFIN,EQ,01-Oct-2026,2737.1,2729.9,2765.6,2676.9,2697.1,553592,15048.95,46024,285031.0,51.49,2026-10-01
MUTHOOTMF,EQ,01-Oct-2026,178.4,178.0,178.01,171.57,174.09,202480,352.77,5239,85451.0,42.2,2026-10-01
MVELECTRO,EQ,01-Oct-2026,818.15,814.75,859.0,798.15,836.95,1336521,11093.06,44436,228523.0,17.1,2026-10-01
MVGJL,EQ,01-Oct-2026,207.16,206.2,214.0,199.05,206.69,313628,645.84,8079,107503.0,34.28,2026-10-01
MVKAGRO,SM,01-Oct-2026,246.55,238.15,246.65,234.25,240.35,48300,115.22,138,28500.0,59.01,2026-10-01
MWL,EQ,01-Oct-2026,43.38,43.0,43.58,42.5,43.13,408526,175.72,1761,290809.0,71.18,2026-10-01
MYMUDRA,SM,01-Oct-2026,68.0,69.0,69.75,69.0,69.3,4800,3.33,4,4800.0,100.0,2026-10-01
MYSORPETRO,BE,01-Oct-2026,122.25,122.25,122.25,117.51,119.4,4287,5.11,82,,,2026-10-01
NACLIND,EQ,01-Oct-2026,132.86,133.48,134.0,126.51,130.41,525450,679.9,9138,249121.0,47.41,2026-10-01
NAGREEKCAP,EQ,01-Oct-2026,26.03,26.03,27.2,24.56,25.34,9411,2.43,76,8246.0,87.62,2026-10-01
NAGREEKEXP,EQ,01-Oct-2026,21.7,21.65,22.84,20.83,21.29,6492,1.4,151,4821.0,74.26,2026-10-01
NAHARCAP,EQ,01-Oct-2026,244.9,245.49,245.5,236.85,237.31,5098,12.26,76,2903.0,56.94,2026-10-01
NAHARINDUS,EQ,01-Oct-2026,130.13,131.44,131.95,126.01,127.74,16476,21.26,758,11710.0,71.07,2026-10-01
NAHARPOLY,EQ,01-Oct-2026,225.27,228.79,230.0,217.02,225.64,6510,14.62,316,4100.0,62.98,2026-10-01
NAHARSPING,EQ,01-Oct-2026,260.05,260.9,263.0,250.0,255.5,19419,49.46,571,14345.0,73.87,2026-10-01
NAM-INDIA,EQ,01-Oct-2026,1070.0,1063.9,1070.6,1026.4,1046.0,768278,8035.67,39419,377128.0,49.09,2026-10-01
NAMAN,ST,01-Oct-2026,50.7,48.2,48.2,48.2,48.2,12000,5.78,4,12000.0,100.0,2026-10-01
NAMOEWASTE,SM,01-Oct-2026,320.85,320.0,320.0,305.0,310.7,51200,159.94,64,34400.0,67.19,2026-10-01
NARMADA,EQ,01-Oct-2026,12.71,12.71,12.81,12.05,12.31,289831,35.91,1012,148633.0,51.28,2026-10-01
NATCAPSUQ,BE,01-Oct-2026,165.8,168.6,168.6,161.9,162.16,3126,5.08,62,,,2026-10-01
NATCOPHARM,EQ,01-Oct-2026,827.5,814.95,827.1,804.0,821.3,717435,5878.01,62041,397188.0,55.36,2026-10-01
NATHBIOGEN,EQ,01-Oct-2026,142.81,145.0,145.0,135.7,137.74,9469,13.25,566,5611.0,59.26,2026-10-01
NATIONALUM,EQ,01-Oct-2026,340.95,335.0,338.85,329.5,334.9,4672624,15624.46,55964,2064497.0,44.18,2026-10-01
NATIONSTD,EQ,01-Oct-2026,113.87,116.15,116.16,111.0,114.91,7143,8.09,276,4540.0,63.56,2026-10-01
NAUKRI,EQ,01-Oct-2026,1219.5,1215.1,1221.2,1180.3,1200.0,2219568,26665.65,79723,1379983.0,62.17,2026-10-01
NAVA,EQ,01-Oct-2026,559.35,554.55,558.75,543.8,552.5,336721,1855.42,16331,204198.0,60.64,2026-10-01
NAVINFLUOR,EQ,01-Oct-2026,8245.0,8197.5,8262.0,8035.0,8136.5,94936,7734.8,21363,47724.0,50.27,2026-10-01
NAVKARCORP,EQ,01-Oct-2026,84.88,85.3,87.74,83.1,85.07,539258,459.51,9057,263035.0,48.78,2026-10-01
NAVKARURB,EQ,01-Oct-2026,0.86,0.86,0.88,0.83,0.85,889780,7.59,248,785347.0,88.26,2026-10-01
NAVNETEDUL,EQ,01-Oct-2026,122.52,124.24,124.24,120.5,123.87,272365,333.91,2974,177944.0,65.33,2026-10-01
NAZARA,EQ,01-Oct-2026,392.85,391.0,397.45,374.0,384.7,1314362,5063.38,31830,433683.0,33.0,2026-10-01
NBCC,EQ,01-Oct-2026,78.5,78.3,78.86,76.07,77.4,6195124,4788.33,36655,2210942.0,35.69,2026-10-01
NBIFIN,EQ,01-Oct-2026,1897.5,1882.3,1885.0,1854.9,1857.9,80,1.5,24,64.0,80.0,2026-10-01
NCC,EQ,01-Oct-2026,128.88,129.5,131.12,127.45,130.06,6751497,8737.47,60976,1596062.0,23.64,2026-10-01
NCLIND,EQ,01-Oct-2026,174.18,174.0,175.5,166.1,170.03,54129,91.73,880,38499.0,71.12,2026-10-01
NDGL,EQ,01-Oct-2026,2484.0,2484.0,2500.0,2383.0,2411.0,182,4.44,51,168.0,92.31,2026-10-01
NDL,EQ,01-Oct-2026,2.61,2.6,2.63,2.51,2.54,935999,24.07,1259,693007.0,74.04,2026-10-01
NDLVENTURE,EQ,01-Oct-2026,123.95,120.12,126.93,120.12,125.24,8923,11.14,179,7161.0,80.25,2026-10-01
NDRAUTO,EQ,01-Oct-2026,717.7,719.8,722.85,693.0,715.85,16545,116.88,1356,7572.0,45.77,2026-10-01
NDRINVIT,IV,01-Oct-2026,151.0,151.0,151.5,151.0,151.5,50000,75.63,2,50000.0,100.0,2026-10-01
NDTV,EQ,01-Oct-2026,69.14,69.0,69.03,67.85,68.08,63707,43.48,971,41153.0,64.6,2026-10-01
NEAGI,EQ,01-Oct-2026,3483.5,3325.0,3325.0,3309.4,3309.4,8,0.27,2,8.0,100.0,2026-10-01
NECCLTD,BE,01-Oct-2026,18.42,18.88,18.94,18.0,18.41,47266,8.72,178,,,2026-10-01
NECLIFE,EQ,01-Oct-2026,10.5,10.63,10.85,10.17,10.23,140521,14.59,444,87757.0,62.45,2026-10-01
NEELAM,SM,01-Oct-2026,7.05,6.75,6.75,6.75,6.75,6000,0.41,1,6000.0,100.0,2026-10-01
NELCAST,EQ,01-Oct-2026,123.4,123.15,126.38,118.0,121.03,273249,332.6,6150,130479.0,47.75,2026-10-01
NELCO,EQ,01-Oct-2026,914.5,914.5,927.35,884.5,889.2,268150,2411.28,8452,148127.0,55.24,2026-10-01
NEOCHEM,SM,01-Oct-2026,102.35,103.55,103.55,100.0,101.0,8400,8.5,7,7200.0,85.71,2026-10-01
NEOGEN,EQ,01-Oct-2026,2451.6,2451.6,2474.5,2359.2,2407.1,103868,2509.15,17959,38501.0,37.07,2026-10-01
NEPHROCARE,SM,01-Oct-2026,90.65,90.65,91.95,87.0,89.65,11600,10.31,27,7200.0,62.07,2026-10-01
NEPHROPLUS,EQ,01-Oct-2026,659.75,661.95,662.0,636.85,648.95,238798,1544.8,15086,125173.0,52.42,2026-10-01
NEPTUNE,SM,01-Oct-2026,186.0,178.2,178.2,178.2,178.2,500,0.89,1,500.0,100.0,2026-10-01
NESCO,EQ,01-Oct-2026,1046.9,1032.3,1042.0,1017.6,1028.2,38262,393.5,6028,21334.0,55.76,2026-10-01
NESTLEIND,EQ,01-Oct-2026,1310.0,1301.9,1320.9,1295.0,1307.7,1626876,21280.06,46131,1046757.0,64.34,2026-10-01
NETF,EQ,01-Oct-2026,246.6,252.76,252.76,244.04,247.6,2682,6.62,202,1514.0,56.45,2026-10-01
NETWEB,EQ,01-Oct-2026,4548.0,4545.0,4620.0,4463.8,4520.3,752580,34218.38,70052,150544.0,20.0,2026-10-01
NETWORK18,EQ,01-Oct-2026,25.87,25.56,25.98,25.02,25.43,3188680,812.12,11298,1511363.0,47.4,2026-10-01
NEUEON,BE,01-Oct-2026,15.06,15.12,15.81,14.7,15.26,38428,5.85,123,,,2026-10-01
NEULANDLAB,EQ,01-Oct-2026,21350.0,21285.0,21670.0,20715.0,21505.0,70377,14905.04,27479,37983.0,53.97,2026-10-01
NEWGEN,EQ,01-Oct-2026,467.85,465.2,477.95,452.95,456.35,629816,2907.41,26489,246235.0,39.1,2026-10-01
NEWJAISA,ST,01-Oct-2026,17.95,17.95,17.95,17.1,17.1,27000,4.65,10,25500.0,94.44,2026-10-01
NEXT30ADD,EQ,01-Oct-2026,40.74,40.5,41.35,39.23,39.83,607124,241.63,241,605183.0,99.68,2026-10-01
NEXT50,EQ,01-Oct-2026,721.29,724.9,724.9,704.55,713.61,84372,600.5,4493,59899.0,70.99,2026-10-01
NEXT50ADD,EQ,01-Oct-2026,70.4,70.0,71.9,68.9,71.62,4035,2.81,165,2641.0,65.45,2026-10-01
NEXT50BETA,EQ,01-Oct-2026,75.35,76.35,76.35,73.79,74.7,126522,94.22,1275,73481.0,58.08,2026-10-01
NEXT50ETF,EQ,01-Oct-2026,70.44,70.79,70.79,68.81,70.14,57042,39.83,347,54835.0,96.13,2026-10-01
NEXT50IETF,EQ,01-Oct-2026,73.82,75.66,75.66,72.04,72.97,1338200,975.22,11073,877645.0,65.58,2026-10-01
NEXTMEDIA,EQ,01-Oct-2026,3.73,3.79,3.79,3.55,3.58,27941,1.0,87,22618.0,80.95,2026-10-01
NFL,EQ,01-Oct-2026,65.2,65.15,65.15,62.81,63.85,633608,403.86,4925,304440.0,48.05,2026-10-01
NFPSAMPOOR,SM,01-Oct-2026,22.45,22.4,22.4,20.5,20.8,34000,7.26,15,24000.0,70.59,2026-10-01
NGIL,EQ,01-Oct-2026,39.11,39.11,41.42,36.26,38.43,83230,31.8,359,42230.0,50.74,2026-10-01
NGLFINE,EQ,01-Oct-2026,2909.5,2885.7,2972.0,2851.0,2924.0,15235,444.95,2788,5464.0,35.86,2026-10-01
NH,EQ,01-Oct-2026,1791.4,1774.9,1774.9,1714.1,1741.4,258740,4494.98,32440,126834.0,49.02,2026-10-01
NHIT,IV,01-Oct-2026,170.45,169.9,169.9,169.9,169.9,25000,42.48,1,25000.0,100.0,2026-10-01
NHPC,EQ,01-Oct-2026,72.81,72.75,72.9,70.25,71.75,10903143,7802.04,37523,4686498.0,42.98,2026-10-01
NIACL,EQ,01-Oct-2026,167.02,166.92,166.96,158.29,160.21,1814930,2932.59,21720,613033.0,33.78,2026-10-01
NIBE,EQ,01-Oct-2026,1236.4,1235.9,1240.0,1198.0,1234.5,51473,627.79,3348,26780.0,52.03,2026-10-01
NIBL,EQ,01-Oct-2026,31.85,32.49,32.8,30.65,31.32,10565,3.32,299,7698.0,72.86,2026-10-01
NICCOPAR,EQ,01-Oct-2026,81.36,78.6,82.95,77.28,79.5,543,0.43,18,429.0,79.01,2026-10-01
NIDAN,SM,01-Oct-2026,12.55,12.6,12.95,12.5,12.9,11000,1.4,9,10000.0,90.91,2026-10-01
NIF100BEES,EQ,01-Oct-2026,252.83,259.15,269.99,247.36,252.27,138406,346.21,1614,104075.0,75.2,2026-10-01
NIF100IETF,EQ,01-Oct-2026,26.58,26.36,26.58,26.03,26.33,248072,65.23,2022,179604.0,72.4,2026-10-01
NIF500BETA,EQ,01-Oct-2026,36.61,36.49,36.49,34.53,34.65,10461,3.68,62,3407.0,32.57,2026-10-01
NIFTY1,EQ,01-Oct-2026,252.0,251.88,251.88,247.0,249.52,491679,1228.56,2763,386088.0,78.52,2026-10-01
NIFTY100EW,EQ,01-Oct-2026,33.32,33.58,34.7,32.59,33.52,118168,39.12,585,75118.0,63.57,2026-10-01
NIFTYADD,EQ,01-Oct-2026,239.83,238.09,238.88,234.99,237.09,23409,55.5,391,15813.0,67.55,2026-10-01
NIFTYAXIS,EQ,01-Oct-2026,251.36,252.55,252.55,246.5,249.43,284074,709.07,611,224151.0,78.91,2026-10-01
NIFTYBEES,EQ,01-Oct-2026,258.5,258.5,258.5,254.0,256.5,16670976,42689.67,201579,10603030.0,63.6,2026-10-01
NIFTYBETA,EQ,01-Oct-2026,252.81,259.13,259.13,247.19,249.91,153331,382.16,1434,116609.0,76.05,2026-10-01
NIFTYBETF,EQ,01-Oct-2026,234.06,232.72,233.36,229.59,231.07,8038,18.61,184,5331.0,66.32,2026-10-01
NIFTYCASE,EQ,01-Oct-2026,9.12,9.24,9.24,8.94,9.03,3581777,323.13,4769,2399003.0,66.98,2026-10-01
NIFTYETF,EQ,01-Oct-2026,246.56,246.0,246.56,242.12,244.67,441572,1078.26,3098,373907.0,84.68,2026-10-01
NIFTYIETF,EQ,01-Oct-2026,257.21,257.37,257.37,252.61,255.21,1692035,4305.83,17200,1018717.0,60.21,2026-10-01
NIFTYJBLK,EQ,01-Oct-2026,11.64,11.93,11.93,11.38,11.54,144143,16.62,1119,125142.0,86.82,2026-10-01
NIFTYQLITY,EQ,01-Oct-2026,19.94,19.94,20.24,19.57,19.77,43723,8.65,307,37062.0,84.77,2026-10-01
NIITLTD,EQ,01-Oct-2026,86.17,86.15,86.33,83.01,84.94,165934,140.84,2804,69483.0,41.87,2026-10-01
NIITMTS,EQ,01-Oct-2026,204.51,204.51,207.69,185.0,191.08,870142,1683.79,9758,695064.0,79.88,2026-10-01
NIKITA,SM,01-Oct-2026,66.1,66.1,66.1,66.1,66.1,1200,0.79,1,1200.0,100.0,2026-10-01
NILAINFRA,EQ,01-Oct-2026,6.71,6.83,6.9,6.5,6.57,159229,10.53,662,92665.0,58.2,2026-10-01
NILASPACES,EQ,01-Oct-2026,11.19,11.34,11.34,10.85,11.22,559126,61.95,2322,280897.0,50.24,2026-10-01
NILE,EQ,01-Oct-2026,1219.5,1219.0,1295.3,1211.1,1243.2,6776,83.69,1124,3554.0,52.45,2026-10-01
NILKAMAL,EQ,01-Oct-2026,1901.7,1901.7,1904.0,1840.0,1871.8,24018,447.28,4019,12525.0,52.15,2026-10-01
NIMBSPROJ,EQ,01-Oct-2026,192.19,195.11,195.8,182.59,189.45,41570,78.07,549,12872.0,30.96,2026-10-01
NINSYS,EQ,01-Oct-2026,766.35,787.0,804.65,778.3,804.65,18078,144.99,710,14163.0,78.34,2026-10-01
NIPPOBATRY,EQ,01-Oct-2026,327.4,325.5,325.5,311.3,314.45,1179,3.72,108,940.0,79.73,2026-10-01
NIRAJ,EQ,01-Oct-2026,27.66,28.4,28.4,27.11,27.74,2960,0.82,55,2730.0,92.23,2026-10-01
NIRAJISPAT,BE,01-Oct-2026,301.0,300.0,300.0,300.0,300.0,2,0.01,2,,,2026-10-01
NIRLON,EQ,01-Oct-2026,605.0,617.95,625.4,604.8,606.8,6734,41.04,508,3237.0,48.07,2026-10-01
NIRMAN,SM,01-Oct-2026,26.5,25.0,26.95,25.0,25.45,30600,7.81,59,21000.0,68.63,2026-10-01
NITCO,EQ,01-Oct-2026,88.12,86.63,86.97,83.5,84.18,766183,658.42,3226,374429.0,48.87,2026-10-01
NITINSPIN,EQ,01-Oct-2026,598.3,595.0,598.0,579.0,594.6,128807,757.39,5299,47762.0,37.08,2026-10-01
NITIRAJ,EQ,01-Oct-2026,209.26,205.2,212.97,200.0,200.9,995,2.03,56,679.0,68.24,2026-10-01
NITTAGELA,EQ,01-Oct-2026,1678.6,1660.0,1729.0,1645.0,1664.3,3600,59.78,671,2502.0,69.5,2026-10-01
NIVABUPA,EQ,01-Oct-2026,74.81,74.55,74.79,72.15,72.98,908237,666.34,25859,540036.0,59.46,2026-10-01
NKIND,EQ,01-Oct-2026,58.2,58.2,62.94,53.6,59.96,2305,1.3,118,1408.0,61.08,2026-10-01
NLCINDIA,EQ,01-Oct-2026,261.7,261.2,261.25,251.85,253.2,1597038,4068.95,45179,768667.0,48.13,2026-10-01
NMDC,EQ,01-Oct-2026,76.54,76.45,76.97,73.71,74.64,17077400,12856.03,64416,8354730.0,48.92,2026-10-01
NOCIL,EQ,01-Oct-2026,171.11,171.0,173.49,163.8,168.85,1286680,2161.75,16112,596735.0,46.38,2026-10-01
NOIDATOLL,EQ,01-Oct-2026,3.85,3.87,3.87,3.47,3.56,317389,11.42,855,211316.0,66.58,2026-10-01
NORBTEAEXP,EQ,01-Oct-2026,66.25,64.1,69.5,62.95,69.04,9225,6.06,77,7473.0,81.01,2026-10-01
NORTHARC,EQ,01-Oct-2026,287.35,288.0,291.55,281.05,288.7,765513,2196.22,14005,368226.0,48.1,2026-10-01
NOVAAGRI,EQ,01-Oct-2026,22.43,22.15,22.66,22.0,22.22,64818,14.36,440,54500.0,84.08,2026-10-01
NOVARTIND,EQ,01-Oct-2026,1919.0,1954.9,1986.3,1900.0,1965.0,40666,789.95,5171,16859.0,41.46,2026-10-01
NPBET,EQ,01-Oct-2026,274.88,277.65,287.69,275.0,277.6,2305,6.46,66,1120.0,48.59,2026-10-01
NPST,EQ,01-Oct-2026,1764.8,1760.0,1789.0,1694.2,1766.5,65044,1132.17,8281,32334.0,49.71,2026-10-01
NRAIL,EQ,01-Oct-2026,669.45,674.7,680.0,637.2,659.5,22172,145.24,1884,10314.0,46.52,2026-10-01
NRBBEARING,EQ,01-Oct-2026,534.05,530.0,552.0,512.45,542.6,677742,3574.85,30450,293106.0,43.25,2026-10-01
NRL,BE,01-Oct-2026,159.8,156.61,156.61,156.61,156.61,56197,88.01,151,,,2026-10-01
NRVANDANA,SM,01-Oct-2026,70.2,68.0,69.15,68.0,69.15,6000,4.11,2,6000.0,100.0,2026-10-01
NSIL,EQ,01-Oct-2026,5324.0,5325.0,5375.0,5105.0,5163.5,2211,115.66,543,1449.0,65.54,2026-10-01
NSLNISP,EQ,01-Oct-2026,41.32,41.1,41.71,40.15,40.95,7092056,2897.7,24682,3025677.0,42.66,2026-10-01
NTCIND,EQ,01-Oct-2026,134.54,130.0,137.8,126.62,129.51,738,0.96,63,643.0,87.13,2026-10-01
NTPC,EQ,01-Oct-2026,322.75,320.8,320.95,313.05,315.1,10094465,32064.08,98343,6209088.0,61.51,2026-10-01
NTPCGREEN,EQ,01-Oct-2026,93.37,93.4,93.4,89.05,91.09,2099127,1908.54,29699,899328.0,42.84,2026-10-01
NUCLEUS,EQ,01-Oct-2026,650.25,650.8,655.55,638.05,646.95,12071,78.13,1521,6813.0,56.44,2026-10-01
NURECA,BE,01-Oct-2026,366.6,367.85,375.0,348.3,349.85,5659,20.19,280,,,2026-10-01
NUVAMA,EQ,01-Oct-2026,1652.5,1665.0,1738.6,1652.9,1701.4,856086,14597.95,72191,321178.0,37.52,2026-10-01
NUVOCO,EQ,01-Oct-2026,337.8,332.0,336.7,316.5,322.1,1125207,3629.02,52632,456508.0,40.57,2026-10-01
NV20,EQ,01-Oct-2026,13.18,13.31,13.33,12.97,13.1,108174,14.17,440,84145.0,77.79,2026-10-01
NV20BEES,EQ,01-Oct-2026,131.8,131.8,136.5,129.62,131.46,36840,48.14,426,26283.0,71.34,2026-10-01
NV20IETF,EQ,01-Oct-2026,12.85,12.85,12.98,12.65,12.79,824507,105.17,2390,475641.0,57.69,2026-10-01
NXST,RR,01-Oct-2026,167.3,166.9,167.79,164.75,165.57,540453,898.38,10880,348558.0,64.49,2026-10-01
NXT-INFRA,IV,01-Oct-2026,99.0,99.0,99.0,98.0,98.0,175000,172.5,4,175000.0,100.0,2026-10-01
NYKAA,EQ,01-Oct-2026,320.0,317.0,324.95,316.0,324.95,7907193,25417.05,84097,4871525.0,61.61,2026-10-01
OAL,EQ,01-Oct-2026,533.25,531.45,549.0,510.8,532.2,64420,344.7,2475,28812.0,44.73,2026-10-01
OBCL,EQ,01-Oct-2026,55.34,55.34,55.97,54.0,54.39,4435,2.43,34,4422.0,99.71,2026-10-01
OBEROIRLTY,EQ,01-Oct-2026,1765.7,1765.8,1780.5,1726.6,1754.6,282807,4952.3,23807,135641.0,47.96,2026-10-01
OBSCP,SM,01-Oct-2026,913.55,912.0,929.0,876.0,892.1,48800,436.71,115,30000.0,61.48,2026-10-01
OCCLLTD,BE,01-Oct-2026,187.44,191.79,195.5,181.3,193.49,182487,350.48,1875,,,2026-10-01
ODIGMA,EQ,01-Oct-2026,21.35,21.6,21.6,20.53,21.11,11756,2.46,319,9369.0,79.7,2026-10-01
ODYCORP,EQ,01-Oct-2026,6.97,7.11,7.11,6.67,6.91,3157,0.22,36,2649.0,83.91,2026-10-01
OFSS,EQ,01-Oct-2026,10630.0,10575.0,10661.0,10263.0,10420.0,194062,20330.89,32653,68263.0,35.18,2026-10-01
OIL,EQ,01-Oct-2026,448.65,446.0,447.75,434.65,444.0,2266203,9981.5,31867,1136392.0,50.15,2026-10-01
OILCOUNTUB,BE,01-Oct-2026,76.61,78.14,78.14,78.14,78.14,58523,45.73,130,,,2026-10-01
OILIETF,EQ,01-Oct-2026,10.78,11.04,11.04,10.58,10.68,1255645,134.07,3315,667563.0,53.16,2026-10-01
OLAELEC,EQ,01-Oct-2026,36.92,36.92,37.3,36.33,37.08,54910840,20213.75,122065,9988498.0,18.19,2026-10-01
OLECTRA,EQ,01-Oct-2026,1134.2,1128.0,1128.4,1076.2,1096.2,623533,6853.98,32839,301368.0,48.33,2026-10-01
OLIL,SM,01-Oct-2026,448.55,468.0,468.0,444.0,454.5,6000,27.19,11,3200.0,53.33,2026-10-01
OMAXAUTO,EQ,01-Oct-2026,200.32,200.32,205.0,190.81,201.14,92836,182.47,1695,48917.0,52.69,2026-10-01
OMAXE,EQ,01-Oct-2026,109.76,109.5,109.69,105.35,108.78,343801,370.51,5392,131278.0,38.18,2026-10-01
OMFREIGHT,BE,01-Oct-2026,94.0,94.0,98.3,90.46,97.5,26984,25.84,178,,,2026-10-01
OMINFRAL,EQ,01-Oct-2026,77.11,77.0,77.8,73.9,76.08,79076,59.65,1801,39206.0,49.58,2026-10-01
OMNI,EQ,01-Oct-2026,564.05,560.0,614.0,560.0,608.65,2667824,15929.37,79410,734311.0,27.52,2026-10-01
OMPOWER,EQ,01-Oct-2026,156.95,156.72,161.38,155.05,157.74,66367,104.91,1158,25385.0,38.25,2026-10-01
ONDOOR,SM,01-Oct-2026,262.05,267.0,267.0,260.0,262.25,3600,9.5,6,2700.0,75.0,2026-10-01
ONEGLOBAL,EQ,01-Oct-2026,527.9,546.95,546.95,510.65,525.4,7766,40.73,759,5059.0,65.14,2026-10-01
ONELIFECAP,BE,01-Oct-2026,40.08,41.0,42.0,39.5,41.57,179179,74.41,214,,,2026-10-01
ONEPOINT,EQ,01-Oct-2026,73.39,72.99,74.5,72.99,74.37,6251994,4634.71,18969,3505972.0,56.08,2026-10-01
ONESOURCE,EQ,01-Oct-2026,1521.6,1516.0,1542.2,1433.6,1508.0,608709,8986.05,48376,272188.0,44.72,2026-10-01
ONGC,EQ,01-Oct-2026,225.8,224.75,224.99,220.6,222.37,13099985,29174.93,124744,8236216.0,62.87,2026-10-01
ONIDA,EQ,01-Oct-2026,32.03,32.0,33.25,30.63,31.34,396392,124.05,1480,205722.0,51.9,2026-10-01
ONIXSOLAR,EQ,01-Oct-2026,343.05,349.95,349.95,336.1,339.7,175792,596.44,2253,93483.0,53.18,2026-10-01
ONMOBILE,BE,01-Oct-2026,50.62,49.7,50.75,48.1,48.78,42008,20.58,326,,,2026-10-01
ONWARDTEC,EQ,01-Oct-2026,288.35,293.95,293.95,285.2,291.3,37991,110.03,1156,28421.0,74.81,2026-10-01
ONYX,ST,01-Oct-2026,37.0,37.95,38.85,37.5,37.55,38000,14.55,14,38000.0,100.0,2026-10-01
OPTIEMUS,EQ,01-Oct-2026,767.75,767.0,816.6,756.0,803.7,655634,5183.77,26022,213452.0,32.56,2026-10-01
OPTIFIN,EQ,01-Oct-2026,15.45,15.79,15.79,13.81,14.47,82720,12.22,371,46710.0,56.47,2026-10-01
OPTIMYSTIX,SM,01-Oct-2026,139.3,134.05,134.75,132.0,132.0,5600,7.46,7,4000.0,71.43,2026-10-01
OPTIVALUE,ST,01-Oct-2026,224.35,221.0,222.0,213.15,214.0,32000,69.66,19,28800.0,90.0,2026-10-01
ORBTEXP,EQ,01-Oct-2026,258.51,256.5,261.0,240.4,243.65,15582,38.72,1583,5837.0,37.46,2026-10-01
ORCHASP,EQ,01-Oct-2026,1.32,1.35,1.35,1.22,1.28,204474,2.66,285,154059.0,75.34,2026-10-01
ORCHPHARMA,EQ,01-Oct-2026,997.0,997.65,1012.15,964.65,990.0,92412,912.84,10929,36782.0,39.8,2026-10-01
ORIANA,SM,01-Oct-2026,314.75,312.0,320.9,296.2,303.45,323250,984.22,712,185625.0,57.42,2026-10-01
ORICONENT,EQ,01-Oct-2026,51.34,51.34,52.78,48.4,49.98,47960,24.23,459,36660.0,76.44,2026-10-01
ORIENTALTL,EQ,01-Oct-2026,4.83,4.78,4.95,4.78,4.81,36188,1.75,213,27222.0,75.22,2026-10-01
ORIENTBELL,EQ,01-Oct-2026,398.55,399.75,410.0,390.0,398.55,18312,72.9,1363,10843.0,59.21,2026-10-01
ORIENTCEM,EQ,01-Oct-2026,118.77,119.53,119.53,114.3,115.91,316838,367.33,3802,174264.0,55.0,2026-10-01
ORIENTCER,EQ,01-Oct-2026,44.9,45.0,46.09,43.95,44.12,109527,49.15,2330,49392.0,45.1,2026-10-01
ORIENTELEC,EQ,01-Oct-2026,158.11,156.51,159.0,152.07,154.46,187771,289.15,4763,92494.0,49.26,2026-10-01
ORIENTHOT,EQ,01-Oct-2026,142.36,142.36,143.6,138.61,140.0,627946,882.1,4897,305408.0,48.64,2026-10-01
ORIENTLTD,BE,01-Oct-2026,78.23,78.23,78.26,76.26,77.92,2086,1.6,22,,,2026-10-01
ORIENTPPR,EQ,01-Oct-2026,16.45,16.53,16.53,16.1,16.23,149320,24.27,805,103176.0,69.1,2026-10-01
ORIENTTECH,EQ,01-Oct-2026,231.53,231.53,232.37,225.36,229.25,78325,179.33,2621,36625.0,46.76,2026-10-01
ORIRAIL,EQ,01-Oct-2026,127.31,127.21,127.21,123.02,124.15,124938,156.52,1997,73879.0,59.13,2026-10-01
ORISSAMINE,EQ,01-Oct-2026,3651.5,3680.0,3681.0,3500.0,3538.6,11663,416.36,2454,4485.0,38.45,2026-10-01
ORKLAINDIA,EQ,01-Oct-2026,543.0,540.15,542.75,530.05,537.2,93795,500.67,6875,59333.0,63.26,2026-10-01
ORTINGLOBE,EQ,01-Oct-2026,14.32,14.32,15.03,14.11,14.52,1329,0.19,25,647.0,48.68,2026-10-01
OSELDEVICE,SM,01-Oct-2026,383.4,383.4,383.4,352.0,368.55,24000,88.31,104,17800.0,74.17,2026-10-01
OSIAHYPER,BE,01-Oct-2026,2.26,2.26,2.3,2.15,2.2,257872,5.67,331,,,2026-10-01
OSWALAGRO,EQ,01-Oct-2026,33.95,34.55,34.96,32.7,33.11,17403,5.79,198,15447.0,88.76,2026-10-01
OSWALGREEN,EQ,01-Oct-2026,20.32,20.3,20.99,19.17,19.28,103836,20.44,863,78020.0,75.14,2026-10-01
OSWALPUMPS,EQ,01-Oct-2026,266.75,265.75,268.25,259.2,264.25,337150,888.87,7983,158498.0,47.01,2026-10-01
OSWALSEEDS,EQ,01-Oct-2026,12.34,12.5,12.5,12.02,12.39,68859,8.46,257,39527.0,57.4,2026-10-01
OWAIS,ST,01-Oct-2026,68.45,69.8,69.8,67.1,67.1,18300,12.5,89,17300.0,94.54,2026-10-01
PACEDIGITK,EQ,01-Oct-2026,159.98,165.99,177.9,162.88,167.35,22773380,39044.45,183916,1296371.0,5.69,2026-10-01
PACIFICI,EQ,01-Oct-2026,134.5,140.0,140.0,130.01,135.99,538,0.73,31,366.0,68.03,2026-10-01
PAGEIND,EQ,01-Oct-2026,36385.0,36485.0,37135.0,36055.0,36660.0,40495,14869.36,13759,16877.0,41.68,2026-10-01
PAISALO,EQ,01-Oct-2026,76.41,77.0,80.9,77.0,79.9,15551279,12323.27,43319,3973140.0,25.55,2026-10-01
PAKKA,EQ,01-Oct-2026,72.89,73.0,74.0,71.55,72.26,38359,27.73,745,29146.0,75.98,2026-10-01
PALASHSECU,EQ,01-Oct-2026,84.25,84.6,85.38,84.5,84.5,1349,1.14,12,1304.0,96.66,2026-10-01
PALREDTEC,EQ,01-Oct-2026,43.86,43.99,43.99,41.67,41.77,6761,2.86,95,5601.0,82.84,2026-10-01
PANACEABIO,EQ,01-Oct-2026,366.0,362.0,364.95,350.05,359.05,65446,233.33,2810,32265.0,49.3,2026-10-01
PANACHE,BE,01-Oct-2026,516.15,516.1,516.15,505.95,516.15,3328,17.1,40,,,2026-10-01
PANAMAPET,EQ,01-Oct-2026,484.25,484.3,488.95,475.2,487.1,164733,795.19,7449,83497.0,50.69,2026-10-01
PANCHMAHQ,EQ,01-Oct-2026,294.95,277.0,303.0,277.0,287.5,182,0.52,15,104.0,57.14,2026-10-01
PANORAMA,EQ,01-Oct-2026,58.29,57.02,62.2,57.01,60.91,809424,482.11,2922,394241.0,48.71,2026-10-01
PANSARI,EQ,01-Oct-2026,274.0,274.0,274.0,260.0,260.0,110,0.29,14,84.0,76.36,2026-10-01
PAR,BE,01-Oct-2026,126.64,126.64,126.64,122.0,123.95,7530,9.32,138,,,2026-10-01
PARACABLES,EQ,01-Oct-2026,56.36,56.82,58.47,55.1,56.51,1716908,974.2,10902,737114.0,42.93,2026-10-01
PARADEEP,EQ,01-Oct-2026,154.28,154.45,154.5,148.5,151.22,1745429,2643.02,25642,748531.0,42.89,2026-10-01
PARAGMILK,EQ,01-Oct-2026,271.65,271.45,271.45,258.0,264.0,916684,2422.24,16098,395380.0,43.13,2026-10-01
PARAGON,SM,01-Oct-2026,50.5,51.0,51.0,49.0,49.05,7200,3.58,6,2400.0,33.33,2026-10-01
PARAS,EQ,01-Oct-2026,1311.0,1308.0,1315.0,1255.0,1276.0,562208,7202.96,41217,174890.0,31.11,2026-10-01
PARASPETRO,EQ,01-Oct-2026,2.07,2.05,2.08,2.0,2.02,42137,0.86,206,29872.0,70.89,2026-10-01
PARIN,EQ,01-Oct-2026,710.9,729.95,729.95,683.55,703.85,28292,198.46,1404,14265.0,50.42,2026-10-01
PARKHOSPS,EQ,01-Oct-2026,274.95,272.3,274.2,268.5,270.8,436458,1182.43,10112,214720.0,49.2,2026-10-01
PARKHOTELS,EQ,01-Oct-2026,105.92,105.0,105.52,101.33,103.55,174623,180.23,4729,92192.0,52.79,2026-10-01
PARNAXLAB,EQ,01-Oct-2026,111.73,112.85,116.93,111.99,113.14,600,0.68,35,546.0,91.0,2026-10-01
PARSVNATH,BE,01-Oct-2026,2.09,2.13,2.13,2.13,2.13,15431,0.33,43,,,2026-10-01
PARTH,SM,01-Oct-2026,505.95,510.0,515.0,491.0,510.75,23600,118.74,49,17200.0,72.88,2026-10-01
PARTY-RE,ST,01-Oct-2026,0.15,0.2,0.2,0.2,0.2,1328,0.0,8,1328.0,100.0,2026-10-01
PARTYCRUS,SM,01-Oct-2026,98.5,98.0,98.0,98.0,98.0,2000,1.96,2,2000.0,100.0,2026-10-01
PASHUPATI,EQ,01-Oct-2026,75.4,79.0,79.42,76.2,78.99,817313,640.46,8573,407250.0,49.83,2026-10-01
PASUPTAC,EQ,01-Oct-2026,72.73,71.51,73.85,68.17,69.64,243098,170.1,3707,119468.0,49.14,2026-10-01
PATANJALI,EQ,01-Oct-2026,363.0,363.5,366.05,348.55,355.15,4327803,15437.73,37479,1305554.0,30.17,2026-10-01
PATELENG,EQ,01-Oct-2026,26.45,26.4,26.5,25.56,25.92,1951626,506.63,8512,1073224.0,54.99,2026-10-01
PATELRMART,EQ,01-Oct-2026,211.52,210.0,214.0,206.0,211.0,51861,108.57,1628,24618.0,47.47,2026-10-01
PATILAUTOM,ST,01-Oct-2026,338.75,339.0,339.0,321.85,325.55,47400,154.9,71,44400.0,93.67,2026-10-01
PATINTLOG,EQ,01-Oct-2026,13.11,13.37,13.6,13.05,13.23,105462,13.95,274,72838.0,69.07,2026-10-01
PAUSHAKLTD,EQ,01-Oct-2026,665.25,657.15,662.05,634.0,650.3,23637,153.3,1919,11121.0,47.05,2026-10-01
PAVNAIND,EQ,01-Oct-2026,15.46,15.82,15.82,15.11,15.36,29071,4.48,164,21652.0,74.48,2026-10-01
PAYTM,EQ,01-Oct-2026,1678.0,1671.9,1690.0,1629.0,1656.0,1936812,32126.23,55147,818167.0,42.24,2026-10-01
PBMPOLY,EQ,01-Oct-2026,60.32,56.2,64.98,56.2,58.85,672,0.39,27,357.0,53.13,2026-10-01
PCBL,EQ,01-Oct-2026,331.1,330.0,331.65,315.75,321.5,878765,2847.3,23292,378179.0,43.04,2026-10-01
PCCL,SM,01-Oct-2026,434.9,434.95,434.95,400.0,406.0,9200,38.03,22,7600.0,82.61,2026-10-01
PCJEWELLER,EQ,01-Oct-2026,13.2,13.2,13.29,12.56,12.82,241052557,31093.68,150493,64666626.0,26.83,2026-10-01
PDMJEPAPER,EQ,01-Oct-2026,97.22,95.9,98.68,94.5,95.56,205004,197.29,3810,86854.0,42.37,2026-10-01
PDSL,EQ,01-Oct-2026,352.3,350.0,354.95,344.1,347.55,72513,252.36,3425,41273.0,56.92,2026-10-01
PEARLPOLY,EQ,01-Oct-2026,17.75,18.0,18.49,17.01,17.09,5375,0.94,54,3046.0,56.67,2026-10-01
PELATRO,SM,01-Oct-2026,400.25,383.0,387.0,352.0,359.9,24900,91.25,72,18900.0,75.9,2026-10-01
PENIND,EQ,01-Oct-2026,184.0,184.3,184.5,172.0,173.62,1220227,2144.45,14243,564987.0,46.3,2026-10-01
PENINLAND,EQ,01-Oct-2026,15.05,15.15,15.25,14.5,14.62,183619,27.07,734,121365.0,66.1,2026-10-01
PENTAGON,ST,01-Oct-2026,85.0,80.8,80.8,80.8,80.8,1000,0.81,1,1000.0,100.0,2026-10-01
PERMAGN,EQ,01-Oct-2026,832.05,832.05,879.0,821.2,861.3,3064,25.75,440,2309.0,75.36,2026-10-01
PERNIASPOP,EQ,01-Oct-2026,547.9,536.1,551.0,524.0,544.7,72414,389.15,3058,33021.0,45.6,2026-10-01
PERSISTENT,EQ,01-Oct-2026,5279.0,5276.0,5396.0,5250.5,5367.0,506268,26948.07,46596,184637.0,36.47,2026-10-01
PETRONET,EQ,01-Oct-2026,284.5,284.5,287.5,283.45,285.5,1678508,4789.54,38984,1159542.0,69.08,2026-10-01
PFC,EQ,01-Oct-2026,325.5,325.85,326.5,313.35,318.0,9777829,31136.8,90976,5639126.0,57.67,2026-10-01
PFIZER,EQ,01-Oct-2026,3875.3,3894.5,3894.6,3792.1,3858.9,34585,1328.36,7488,23462.0,67.84,2026-10-01
PFOCUS,EQ,01-Oct-2026,316.0,315.05,319.2,297.0,301.55,3922858,12052.44,34217,568773.0,14.5,2026-10-01
PFS,EQ,01-Oct-2026,29.08,29.5,30.21,28.15,28.81,1867391,546.96,15135,567336.0,30.38,2026-10-01
PGEL,EQ,01-Oct-2026,493.45,494.95,496.65,476.1,481.1,1012842,4900.79,25411,464268.0,45.84,2026-10-01
PGHH,EQ,01-Oct-2026,6798.5,6798.5,6798.5,6579.0,6639.0,23880,1590.61,7997,11799.0,49.41,2026-10-01
PGHL,EQ,01-Oct-2026,5563.0,5515.0,5534.0,5325.0,5360.0,8710,472.22,2546,4182.0,48.01,2026-10-01
PGIL,EQ,01-Oct-2026,1282.1,1282.1,1286.0,1233.7,1263.0,115643,1454.85,20275,58273.0,50.39,2026-10-01
PGINVIT,IV,01-Oct-2026,102.41,102.41,102.42,101.25,101.84,1827847,1861.45,7863,1576726.0,86.26,2026-10-01
PHANTOMFX,SM,01-Oct-2026,88.25,88.0,89.3,84.0,86.2,18300,15.76,60,9900.0,54.1,2026-10-01
PHARMABEES,EQ,01-Oct-2026,27.32,28.0,28.0,26.76,27.11,6643167,1796.32,16048,3846532.0,57.9,2026-10-01
PHOENIXLTD,EQ,01-Oct-2026,1935.0,1935.0,1963.1,1911.8,1930.0,555494,10788.16,36106,330243.0,59.45,2026-10-01
PHOENXINTL,EQ,01-Oct-2026,28.71,28.71,28.71,28.0,28.15,2283,0.64,30,2281.0,99.91,2026-10-01
PICCADIL,EQ,01-Oct-2026,592.35,592.45,593.85,571.0,581.05,108548,630.25,9575,48483.0,44.67,2026-10-01
PIDILITIND,EQ,01-Oct-2026,1465.1,1468.1,1486.9,1456.8,1464.0,867267,12780.89,39015,527089.0,60.78,2026-10-01
PIGL,EQ,01-Oct-2026,96.34,96.0,97.3,92.26,93.87,40347,38.12,1286,18792.0,46.58,2026-10-01
PIIND,EQ,01-Oct-2026,2310.0,2302.4,2302.4,2220.0,2236.0,125263,2822.24,17820,56664.0,45.24,2026-10-01
PILANIINVS,EQ,01-Oct-2026,3956.5,3970.1,3974.0,3865.0,3892.3,2414,94.42,487,1460.0,60.48,2026-10-01
PILITA,EQ,01-Oct-2026,7.52,7.26,7.67,7.26,7.45,19070,1.41,172,14792.0,77.57,2026-10-01
PINELABS,EQ,01-Oct-2026,171.79,171.7,174.7,165.25,167.59,13924916,23632.18,115320,3919591.0,28.15,2026-10-01
PIONEEREMB,EQ,01-Oct-2026,20.59,20.5,20.7,19.66,20.07,23487,4.73,118,22608.0,96.26,2026-10-01
PIONRINV,BE,01-Oct-2026,75.95,75.95,79.74,73.0,73.0,5113,3.73,28,,,2026-10-01
PIRAMALFIN,EQ,01-Oct-2026,2043.9,2020.0,2045.4,1978.0,2023.3,303300,6129.35,24927,169476.0,55.88,2026-10-01
PITTIENG,EQ,01-Oct-2026,1139.5,1136.6,1139.4,1092.2,1123.8,63727,712.39,6406,32004.0,50.22,2026-10-01
PIXTRANS,EQ,01-Oct-2026,1726.9,1726.9,1893.0,1725.0,1809.3,1455118,26828.55,92725,58875.0,4.05,2026-10-01
PKTEA,BE,01-Oct-2026,1043.35,1087.0,1087.0,992.0,1037.7,1076,11.01,119,,,2026-10-01
PLASTIBLEN,EQ,01-Oct-2026,200.29,203.96,204.0,191.06,193.62,37312,72.95,1027,19383.0,51.95,2026-10-01
PLATIND,EQ,01-Oct-2026,206.85,207.0,207.0,200.0,202.0,51510,104.53,1486,30161.0,58.55,2026-10-01
PLAZACABLE,EQ,01-Oct-2026,59.15,59.9,59.9,56.2,57.12,58747,33.67,824,40053.0,68.18,2026-10-01
PML,EQ,01-Oct-2026,465.85,467.0,504.0,460.7,472.65,599,2.9,60,522.0,87.15,2026-10-01
PNB,EQ,01-Oct-2026,113.06,113.06,113.38,109.37,109.57,11365686,12663.41,58642,4880322.0,42.94,2026-10-01
PNBGILTS,EQ,01-Oct-2026,73.99,73.5,73.85,70.8,71.63,407422,293.64,4277,208718.0,51.23,2026-10-01
PNBHOUSING,EQ,01-Oct-2026,1120.0,1116.1,1121.5,1079.1,1092.0,1090171,11998.79,38595,609538.0,55.91,2026-10-01
PNC,EQ,01-Oct-2026,17.65,17.75,18.8,17.48,18.09,16348,2.92,272,12905.0,78.94,2026-10-01
PNCINFRA,EQ,01-Oct-2026,133.18,132.0,139.65,131.99,138.16,1668999,2282.17,24197,616991.0,36.97,2026-10-01
PNGJL,EQ,01-Oct-2026,590.15,588.05,589.45,574.1,581.95,419974,2441.15,16254,223352.0,53.18,2026-10-01
PNGSREVA,EQ,01-Oct-2026,511.65,512.0,526.7,490.05,504.4,82022,412.19,5167,36766.0,44.82,2026-10-01
POCL,EQ,01-Oct-2026,452.65,450.0,456.6,432.65,437.0,333775,1472.93,11318,136153.0,40.79,2026-10-01
PODDARMENT,EQ,01-Oct-2026,257.15,258.5,267.75,250.4,253.65,4370,11.2,159,2975.0,68.08,2026-10-01
POEL,EQ,01-Oct-2026,137.42,139.03,143.68,136.0,136.45,36731,50.64,1457,16527.0,44.99,2026-10-01
POKARNA,EQ,01-Oct-2026,705.7,707.8,709.45,684.55,699.1,77946,541.28,4104,43832.0,56.23,2026-10-01
POLICYBZR,EQ,01-Oct-2026,1063.9,1050.0,1058.4,963.9,980.0,14061779,140328.5,515357,5993274.0,42.62,2026-10-01
POLYCAB,EQ,01-Oct-2026,8026.0,8030.0,8131.0,7883.0,7990.0,463691,37137.73,48255,264765.0,57.1,2026-10-01
POLYMED,EQ,01-Oct-2026,1673.8,1662.1,1662.2,1620.1,1638.1,91694,1498.55,12582,42290.0,46.12,2026-10-01
POLYPLEX,EQ,01-Oct-2026,1055.0,1055.0,1070.3,1010.0,1028.0,41338,430.05,3722,23611.0,57.12,2026-10-01
POLYSIL,SM,01-Oct-2026,60.65,61.25,61.25,57.9,58.6,5500,3.3,9,5500.0,100.0,2026-10-01
POLYSPIN,EQ,01-Oct-2026,31.22,29.25,31.14,29.25,29.5,321,0.09,19,291.0,90.65,2026-10-01
PONNIERODE,EQ,01-Oct-2026,372.2,379.0,380.0,358.9,372.35,39422,145.34,1964,21380.0,54.23,2026-10-01
POOJALOGIS,ST,01-Oct-2026,123.9,124.8,124.8,117.75,122.0,482400,582.19,275,430800.0,89.3,2026-10-01
POONAWALLA,EQ,01-Oct-2026,443.85,442.0,446.45,427.1,433.4,762919,3328.02,34822,412570.0,54.08,2026-10-01
POSITRON,SM,01-Oct-2026,236.95,230.5,230.5,226.0,228.55,3900,8.88,13,3600.0,92.31,2026-10-01
POWERGRID,EQ,01-Oct-2026,260.5,258.2,259.0,252.35,254.55,10976701,28036.34,106552,7271623.0,66.25,2026-10-01
POWERICA,EQ,01-Oct-2026,600.6,600.05,609.45,574.05,589.15,241996,1436.39,9268,137277.0,56.73,2026-10-01
POWERINDIA,EQ,01-Oct-2026,30630.0,30690.0,31615.0,30520.0,31290.0,145146,45182.94,43265,53535.0,36.88,2026-10-01
POWERMECH,EQ,01-Oct-2026,2490.5,2475.6,2490.0,2430.2,2476.2,52512,1292.47,9036,18056.0,34.38,2026-10-01
PPAP,BE,01-Oct-2026,234.45,235.12,239.8,228.25,228.49,6650,15.35,138,,,2026-10-01
PPL,BE,01-Oct-2026,253.35,253.35,253.35,240.7,243.55,20982,51.29,413,,,2026-10-01
PPLPHARMA,EQ,01-Oct-2026,206.52,205.7,206.7,195.73,197.97,3574489,7119.6,40525,1492601.0,41.76,2026-10-01
PPSL,SM,01-Oct-2026,2.85,2.8,2.8,2.75,2.75,21000,0.58,6,21000.0,100.0,2026-10-01
PRABHA,EQ,01-Oct-2026,222.03,218.98,229.8,215.05,218.31,153237,340.4,3942,70597.0,46.07,2026-10-01
PRADPME,BE,01-Oct-2026,460.35,460.45,465.0,441.3,449.25,13939,62.91,128,,,2026-10-01
PRAENG,EQ,01-Oct-2026,21.18,21.2,21.47,19.8,20.09,78026,16.02,542,56641.0,72.59,2026-10-01
PRAJIND,EQ,01-Oct-2026,305.85,304.9,305.15,297.05,303.25,401299,1211.13,14836,204139.0,50.87,2026-10-01
PRAKASH,EQ,01-Oct-2026,123.72,123.5,123.55,116.78,118.69,543685,649.69,6843,272238.0,50.07,2026-10-01
PRAKASHSTL,EQ,01-Oct-2026,3.59,3.62,3.62,3.51,3.56,120526,4.28,372,101831.0,84.49,2026-10-01
PRAMARA,SM,01-Oct-2026,107.45,103.5,103.5,102.1,102.1,5000,5.13,10,4000.0,80.0,2026-10-01
PRAMODINI,SM,01-Oct-2026,118.6,116.1,117.95,111.0,115.05,94800,108.58,72,69600.0,73.42,2026-10-01
PRANAV,EQ,01-Oct-2026,100.1,99.3,100.24,96.21,97.21,1294606,1268.19,14522,503124.0,38.86,2026-10-01
PRANIK,SM,01-Oct-2026,45.15,44.05,44.05,44.05,44.05,1600,0.7,1,1600.0,100.0,2026-10-01
PRASOLCHEM,EQ,01-Oct-2026,839.1,825.0,829.0,792.6,814.05,557879,4522.74,37610,169370.0,30.36,2026-10-01
PRATHAM,SM,01-Oct-2026,125.95,127.0,135.0,125.05,127.5,10000,12.79,17,5600.0,56.0,2026-10-01
PRAVEG,EQ,01-Oct-2026,241.8,242.0,243.49,230.0,238.1,135198,317.28,1157,123651.0,91.46,2026-10-01
PRAXIS,EQ,01-Oct-2026,4.59,4.72,4.72,4.37,4.39,105275,4.62,170,75679.0,71.89,2026-10-01
PRECAM,EQ,01-Oct-2026,116.78,116.25,117.85,108.35,109.9,438255,486.12,7497,239405.0,54.63,2026-10-01
PRECOT,EQ,01-Oct-2026,627.7,628.15,649.7,615.15,638.35,4756,30.2,260,3540.0,74.43,2026-10-01
PRECWIRE,EQ,01-Oct-2026,492.45,491.85,508.2,484.1,501.4,696872,3473.97,34818,207647.0,29.8,2026-10-01
PREMCO,EQ,01-Oct-2026,400.85,401.0,401.0,393.0,399.95,185,0.73,37,185.0,100.0,2026-10-01
PREMEXPLN,EQ,01-Oct-2026,684.1,685.95,685.95,676.1,682.05,165290,1123.05,2760,119323.0,72.19,2026-10-01
PREMIER,BE,01-Oct-2026,2.73,2.84,2.84,2.6,2.6,22500,0.59,87,,,2026-10-01
PREMIERENE,EQ,01-Oct-2026,870.1,871.0,888.4,860.1,878.05,1259157,11028.3,35051,479216.0,38.06,2026-10-01
PREMIERPOL,EQ,01-Oct-2026,92.76,92.0,92.59,88.05,90.64,337345,303.24,6060,148620.0,44.06,2026-10-01
PREMIUM,SM,01-Oct-2026,45.9,46.9,48.2,44.7,44.9,96000,44.62,26,81000.0,84.38,2026-10-01
PRESSTONIC,ST,01-Oct-2026,47.65,47.05,47.55,45.3,46.3,28000,12.93,33,26400.0,94.29,2026-10-01
PRESTIGE,EQ,01-Oct-2026,1481.9,1475.6,1500.9,1445.0,1486.1,1381292,20410.86,42910,572536.0,41.45,2026-10-01
PRICOLLTD,EQ,01-Oct-2026,747.6,745.0,746.6,692.7,734.5,940627,6721.28,38080,355749.0,37.82,2026-10-01
PRIMECAB,ST,01-Oct-2026,196.45,206.25,206.25,206.25,206.25,27200,56.1,14,27200.0,100.0,2026-10-01
PRIMESECU,EQ,01-Oct-2026,298.45,291.0,304.85,290.55,301.5,43023,127.47,463,31816.0,73.95,2026-10-01
PRIMO,EQ,01-Oct-2026,26.64,26.96,26.96,24.67,25.41,449481,115.28,1908,265241.0,59.01,2026-10-01
PRINCEPIPE,EQ,01-Oct-2026,255.75,255.25,255.25,243.2,246.9,178385,442.52,5555,100320.0,56.24,2026-10-01
PRIORITY,EQ,01-Oct-2026,301.6,297.0,298.9,280.25,290.45,271376,786.57,5583,135102.0,49.78,2026-10-01
PRISMX,EQ,01-Oct-2026,0.52,0.53,0.53,0.51,0.52,136581,0.71,136,130272.0,95.38,2026-10-01
PRITI,EQ,01-Oct-2026,32.71,31.5,33.0,30.65,32.79,30728,9.76,102,29311.0,95.39,2026-10-01
PRITIKAUTO,EQ,01-Oct-2026,17.08,17.0,17.0,15.8,16.11,373086,60.5,1747,223530.0,59.91,2026-10-01
PRIVISCL,EQ,01-Oct-2026,3586.6,3572.0,3585.8,3471.6,3573.0,135556,4793.81,24843,77841.0,57.42,2026-10-01
PRIZOR,ST,01-Oct-2026,1173.5,1196.95,1196.95,1194.0,1194.0,10400,124.39,22,10400.0,100.0,2026-10-01
PRLIND,SM,01-Oct-2026,45.25,45.25,45.25,44.0,44.0,9000,4.02,6,9000.0,100.0,2026-10-01
PROLIFE,SM,01-Oct-2026,76.0,76.0,76.0,76.0,76.0,1500,1.14,1,1500.0,100.0,2026-10-01
PROPEQUITY,SM,01-Oct-2026,192.85,186.1,186.1,184.0,184.0,4200,7.78,5,4200.0,100.0,2026-10-01
PROSTARM,EQ,01-Oct-2026,134.66,136.56,143.0,133.12,135.41,766410,1062.85,10243,180151.0,23.51,2026-10-01
PROTEAN,EQ,01-Oct-2026,659.3,657.6,677.95,630.85,639.75,610264,3970.27,17492,176590.0,28.94,2026-10-01
PROV,SM,01-Oct-2026,1949.5,1945.0,1950.0,1940.0,1940.0,240,4.67,3,240.0,100.0,2026-10-01
PROZONER,EQ,01-Oct-2026,56.52,56.81,57.17,51.89,52.53,242456,130.15,3730,148425.0,61.22,2026-10-01
PRSMJOHNSN,EQ,01-Oct-2026,108.74,109.11,109.3,103.0,103.61,478189,502.85,8651,250869.0,52.46,2026-10-01
PRUDENT,EQ,01-Oct-2026,3129.2,3129.2,3130.0,3060.0,3119.1,26057,805.66,11055,13710.0,52.62,2026-10-01
PRUDMOULI,EQ,01-Oct-2026,13.39,13.5,13.85,13.22,13.49,725,0.1,39,723.0,99.72,2026-10-01
PSB,EQ,01-Oct-2026,21.33,21.28,21.3,20.8,20.96,752976,158.27,3727,400272.0,53.16,2026-10-01
PSFL,SM,01-Oct-2026,32.25,34.0,36.5,34.0,36.5,4000,1.41,2,4000.0,100.0,2026-10-01
PSPPROJECT,EQ,01-Oct-2026,767.0,767.0,770.4,731.05,747.1,75324,563.16,5696,35053.0,46.54,2026-10-01
PSRAJ,SM,01-Oct-2026,100.1,99.7,101.0,98.0,100.7,182500,182.97,66,140000.0,76.71,2026-10-01
PSUBANK,EQ,01-Oct-2026,80.67,80.69,80.69,78.79,79.52,261922,208.32,962,107614.0,41.09,2026-10-01
PSUBANKADD,EQ,01-Oct-2026,81.54,80.98,81.8,79.7,80.47,32325,25.96,434,11469.0,35.48,2026-10-01
PSUBNKBEES,EQ,01-Oct-2026,89.59,88.2,89.98,87.91,88.92,1158323,1031.59,7311,497720.0,42.97,2026-10-01
PSUBNKIETF,EQ,01-Oct-2026,81.68,81.2,81.95,79.9,80.66,86626,69.83,1072,43823.0,50.59,2026-10-01
PTC,EQ,01-Oct-2026,155.56,155.05,155.44,153.14,154.79,1221503,1886.19,21984,792736.0,64.9,2026-10-01
PTCIL,EQ,01-Oct-2026,22190.0,22195.0,22435.0,21720.0,22025.0,14332,3158.56,5985,4409.0,30.76,2026-10-01
PTL,EQ,01-Oct-2026,37.87,37.99,38.24,37.61,37.87,23708,8.97,770,19699.0,83.09,2026-10-01
PUNJABCHEM,EQ,01-Oct-2026,1054.5,1044.9,1053.9,1009.2,1040.9,6287,64.96,1292,3333.0,53.01,2026-10-01
PURPLEUTED,SM,01-Oct-2026,466.7,460.0,465.0,443.4,449.8,47250,211.75,162,35000.0,74.07,2026-10-01
PURVA,EQ,01-Oct-2026,206.34,206.34,210.0,197.41,204.64,167683,339.3,3824,67349.0,40.16,2026-10-01
PUSHPA,SM,01-Oct-2026,123.1,115.65,121.95,115.65,116.0,138000,164.11,117,27000.0,19.57,2026-10-01
PVP,EQ,01-Oct-2026,53.12,51.4,51.7,50.47,50.47,953113,483.44,2274,536338.0,56.27,2026-10-01
PVRINOX,EQ,01-Oct-2026,1242.7,1236.6,1236.6,1189.0,1215.3,321029,3882.83,18935,170618.0,53.15,2026-10-01
PVSL,EQ,01-Oct-2026,95.5,98.5,100.0,88.61,89.86,89730,82.75,1310,67370.0,75.08,2026-10-01
PVTBANIETF,EQ,01-Oct-2026,27.13,27.8,27.8,26.88,27.15,3754055,1021.53,1654,2802076.0,74.64,2026-10-01
PVTBANK,EQ,01-Oct-2026,26.55,26.5,27.21,26.5,26.82,951828,255.88,273,376011.0,39.5,2026-10-01
PVTBANKADD,EQ,01-Oct-2026,27.23,27.18,27.48,27.01,27.18,19537,5.32,110,14736.0,75.43,2026-10-01
PVTBKGROWW,EQ,01-Oct-2026,26.88,26.48,27.2,26.41,26.87,5224,1.41,93,3185.0,60.97,2026-10-01
PWL,EQ,01-Oct-2026,123.48,123.0,123.8,117.71,120.17,5922570,7139.67,44189,1980555.0,33.44,2026-10-01
PYRAMID,EQ,01-Oct-2026,156.01,160.92,160.92,151.13,154.34,49241,75.54,957,37054.0,75.25,2026-10-01
QFIL,SM,01-Oct-2026,52.35,49.75,49.75,49.75,49.75,1000,0.5,1,1000.0,100.0,2026-10-01
QGOLDHALF,EQ,01-Oct-2026,121.85,121.85,122.28,121.25,121.63,309888,377.12,1213,238984.0,77.12,2026-10-01
QLINE,SM,01-Oct-2026,681.0,689.75,689.75,640.65,661.1,70000,462.2,171,43600.0,62.29,2026-10-01
QMSMEDI,BE,01-Oct-2026,205.96,203.9,203.9,195.67,195.67,70416,138.58,383,,,2026-10-01
QNIFTY,EQ,01-Oct-2026,249.78,246.54,256.7,245.2,247.7,10837,26.85,240,9980.0,92.09,2026-10-01
QPOWER,EQ,01-Oct-2026,1584.8,1587.0,1609.9,1515.0,1564.6,317871,4958.94,26194,162838.0,51.23,2026-10-01
QUADFUTURE,EQ,01-Oct-2026,547.45,546.0,549.3,520.2,531.4,403649,2152.13,17890,132205.0,32.75,2026-10-01
QUAL30IETF,EQ,01-Oct-2026,19.74,19.7,19.99,19.35,19.54,198516,38.73,483,107270.0,54.04,2026-10-01
QUALIANCE,SM,01-Oct-2026,188.0,188.0,189.2,174.95,179.5,92000,169.09,73,73000.0,79.35,2026-10-01
QUALITY30,EQ,01-Oct-2026,19.4,19.4,19.8,19.0,19.48,46429,8.91,177,16087.0,34.65,2026-10-01
QUESS,EQ,01-Oct-2026,334.95,332.5,342.0,326.6,336.2,369564,1239.42,11676,237578.0,64.29,2026-10-01
QUESTLAB,SM,01-Oct-2026,100.2,101.5,101.5,91.4,91.85,39600,37.72,26,31200.0,78.79,2026-10-01
QUICKHEAL,EQ,01-Oct-2026,144.49,144.5,148.0,137.08,138.15,155260,217.47,3488,90378.0,58.21,2026-10-01
QUICKTOUCH,SM,01-Oct-2026,14.75,15.45,15.45,15.25,15.25,1000,0.15,2,1000.0,100.0,2026-10-01
QUINT,BE,01-Oct-2026,72.35,68.74,70.9,68.74,68.74,37062,25.48,113,,,2026-10-01
QUINTEGRA,EQ,01-Oct-2026,1.28,1.34,1.34,1.34,1.34,298,0.0,3,298.0,100.0,2026-10-01
QVCEL,SM,01-Oct-2026,24.0,24.0,24.0,24.0,24.0,1600,0.38,1,1600.0,100.0,2026-10-01
RACE,EQ,01-Oct-2026,118.02,120.0,120.5,110.34,113.18,97878,112.58,1170,35475.0,36.24,2026-10-01
RACLGEAR,EQ,01-Oct-2026,1594.8,1587.9,1594.8,1505.0,1538.2,34375,529.47,6299,15125.0,44.0,2026-10-01
RADAAN,EQ,01-Oct-2026,3.0,3.07,3.07,2.92,2.98,15462,0.47,61,13883.0,89.79,2026-10-01
RADHIKAJWE,BE,01-Oct-2026,70.23,70.84,70.84,68.1,68.98,148396,102.05,806,,,2026-10-01
RADIANTCMS,EQ,01-Oct-2026,35.41,35.2,36.0,35.15,35.89,87383,31.18,940,53502.0,61.23,2026-10-01
RADICO,EQ,01-Oct-2026,4366.0,4366.5,4394.2,4234.8,4237.0,426809,18301.67,41776,239503.0,56.11,2026-10-01
RADIOCITY,EQ,01-Oct-2026,5.99,5.99,6.12,5.41,5.88,76812,4.49,283,56706.0,73.82,2026-10-01
RAILTEL,EQ,01-Oct-2026,265.65,263.2,263.2,252.65,257.2,851720,2192.82,23848,257320.0,30.21,2026-10-01
RAIN,EQ,01-Oct-2026,213.94,214.0,216.83,204.76,208.52,4313649,9053.51,31279,1826134.0,42.33,2026-10-01
RAINBOW,EQ,01-Oct-2026,1314.3,1304.3,1306.4,1266.2,1279.8,219253,2815.09,29699,134058.0,61.14,2026-10-01
RAJESHEXPO,BZ,01-Oct-2026,64.7,64.5,65.34,61.47,64.03,571446,356.38,2296,,,2026-10-01
RAJINDLTD,SM,01-Oct-2026,66.55,64.5,64.5,64.5,64.5,1500,0.97,1,1500.0,100.0,2026-10-01
RAJMET,EQ,01-Oct-2026,3.12,3.12,3.12,3.04,3.08,179253,5.52,727,143053.0,79.81,2026-10-01
RAJOOENG,BE,01-Oct-2026,53.43,52.62,54.5,52.25,53.21,194043,103.33,664,,,2026-10-01
RAJPALAYAM,EQ,01-Oct-2026,749.15,752.85,773.95,730.0,738.0,1650,12.36,82,1562.0,94.67,2026-10-01
RAJPUTANA,SM,01-Oct-2026,199.0,199.0,199.75,199.0,199.75,1500,2.99,3,1500.0,100.0,2026-10-01
RAJRATAN,EQ,01-Oct-2026,461.6,461.75,461.8,441.8,453.55,58422,263.73,4295,30707.0,52.56,2026-10-01
RAJRILTD,BE,01-Oct-2026,20.17,20.5,20.57,19.77,20.0,20055,4.03,130,,,2026-10-01
RAJSREESUG,EQ,01-Oct-2026,28.87,28.96,29.1,27.05,27.73,83235,23.21,766,58985.0,70.87,2026-10-01
RAJTV,BE,01-Oct-2026,10.88,11.21,11.21,10.34,10.8,42590,4.55,112,,,2026-10-01
RALLIS,EQ,01-Oct-2026,199.73,199.45,200.3,197.41,199.69,606641,1208.09,22416,363912.0,59.99,2026-10-01
RAMANEWS,EQ,01-Oct-2026,30.27,30.27,30.5,29.12,29.38,15982,4.7,165,13481.0,84.35,2026-10-01
RAMAPHO,EQ,01-Oct-2026,120.09,121.29,128.0,118.02,120.05,41090,50.31,758,24070.0,58.58,2026-10-01
RAMASTEEL,BE,01-Oct-2026,4.56,4.51,4.51,4.47,4.47,501360,22.5,977,,,2026-10-01
RAMBHAJO,EQ,01-Oct-2026,285.98,284.0,298.45,281.3,288.75,785400,2267.69,14307,312488.0,39.79,2026-10-01
RAMCOCEM,EQ,01-Oct-2026,845.55,845.05,845.55,816.15,830.85,82325,681.69,7319,37215.0,45.2,2026-10-01
RAMCOIND,EQ,01-Oct-2026,307.6,307.4,307.45,292.85,302.3,143152,428.66,3102,75318.0,52.61,2026-10-01
RAMCOSYS,EQ,01-Oct-2026,554.6,554.5,558.0,526.9,546.25,79897,430.85,3017,39112.0,48.95,2026-10-01
RAMKY,EQ,01-Oct-2026,279.1,278.5,280.8,264.5,274.6,171591,466.67,4441,92523.0,53.92,2026-10-01
RAMRAT,EQ,01-Oct-2026,582.4,582.4,620.0,574.8,616.55,1005993,6084.22,47076,218387.0,21.71,2026-10-01
RANASUG,EQ,01-Oct-2026,13.24,13.1,13.4,13.05,13.08,200795,26.31,479,140747.0,70.09,2026-10-01
RANEHOLDIN,EQ,01-Oct-2026,1529.8,1530.1,1532.5,1481.3,1518.7,7421,112.13,1084,4457.0,60.06,2026-10-01
RAPIDFLEET,SM,01-Oct-2026,200.4,200.0,204.0,194.7,199.4,9000,17.97,15,2400.0,26.67,2026-10-01
RAPPID,SM,01-Oct-2026,351.4,347.0,347.0,347.0,347.0,600,2.08,1,600.0,100.0,2026-10-01
RATEGAIN,EQ,01-Oct-2026,851.55,854.0,881.0,828.05,840.65,373023,3186.6,29935,146907.0,39.38,2026-10-01
RATNAMANI,EQ,01-Oct-2026,2725.5,2725.5,2725.5,2584.4,2619.4,45999,1212.84,11474,23123.0,50.27,2026-10-01
RATNAVEER,EQ,01-Oct-2026,330.75,332.4,354.5,330.05,345.45,11559546,39645.22,127704,2248036.0,19.45,2026-10-01
RAYMOND,EQ,01-Oct-2026,1213.05,1205.0,1209.9,1167.0,1197.2,1191490,14149.33,46215,231729.0,19.45,2026-10-01
RAYMONDLSL,EQ,01-Oct-2026,642.05,639.7,640.8,615.0,627.7,198109,1241.06,11288,90489.0,45.68,2026-10-01
RAYMONDREL,EQ,01-Oct-2026,669.95,664.0,667.95,633.6,648.45,853435,5532.27,24085,244665.0,28.67,2026-10-01
RBA,EQ,01-Oct-2026,91.58,91.49,93.75,89.5,92.22,3782272,3466.71,23112,1883736.0,49.8,2026-10-01
RBLBANK,EQ,01-Oct-2026,403.35,405.05,417.8,405.05,411.4,5387538,22207.87,81365,1606806.0,29.82,2026-10-01
RBMINFRA,SM,01-Oct-2026,240.9,247.8,247.8,235.0,242.0,14200,34.51,56,12600.0,88.73,2026-10-01
RBS,SM,01-Oct-2026,82.5,81.0,81.0,81.0,81.0,800,0.65,1,800.0,100.0,2026-10-01
RBZJEWEL,BE,01-Oct-2026,207.23,202.8,202.8,196.87,196.87,123782,245.06,950,,,2026-10-01
RCDL,SM,01-Oct-2026,17.85,17.0,17.0,17.0,17.0,9000,1.53,3,9000.0,100.0,2026-10-01
RCF,EQ,01-Oct-2026,109.97,109.5,109.5,106.25,106.8,978326,1051.95,10571,376304.0,38.46,2026-10-01
RCOM,BE,01-Oct-2026,0.84,0.84,0.88,0.83,0.86,2611580,22.46,1933,,,2026-10-01
READYMIX,SM,01-Oct-2026,65.8,65.0,65.0,59.05,59.55,49000,29.6,46,38000.0,77.55,2026-10-01
RECLTD,EQ,01-Oct-2026,299.0,298.05,298.2,286.2,287.75,9069239,26427.92,69054,5236874.0,57.74,2026-10-01
REDINGTON,EQ,01-Oct-2026,407.0,407.0,409.45,392.5,397.95,2795102,11160.36,58193,1366738.0,48.9,2026-10-01
REDTAPE,EQ,01-Oct-2026,117.6,117.6,117.6,114.1,115.29,257321,297.0,5441,119287.0,46.36,2026-10-01
REFEX,EQ,01-Oct-2026,265.25,262.55,273.0,262.55,271.3,342794,921.64,8121,142996.0,41.71,2026-10-01
REFRACTORY,SM,01-Oct-2026,40.65,40.05,40.05,38.65,38.65,12000,4.73,7,11000.0,91.67,2026-10-01
REGAAL,EQ,01-Oct-2026,88.08,87.12,88.19,83.98,85.99,276524,237.87,3634,129128.0,46.7,2026-10-01
REGENCERAM,EQ,01-Oct-2026,32.38,32.11,33.9,31.2,31.98,6327,2.02,89,4290.0,67.8,2026-10-01
RELAXO,EQ,01-Oct-2026,291.2,293.15,293.15,280.5,285.35,135396,386.13,8696,55842.0,41.24,2026-10-01
RELCHEMQ,EQ,01-Oct-2026,116.23,117.5,117.5,113.0,114.36,1621,1.85,69,1166.0,71.93,2026-10-01
RELIABLE,EQ,01-Oct-2026,144.28,146.0,146.0,139.23,140.73,13042,18.4,341,10711.0,82.13,2026-10-01
RELIANCE,EQ,01-Oct-2026,1187.0,1180.1,1183.9,1160.8,1167.7,16771221,196746.09,279428,10270423.0,61.24,2026-10-01
RELIGARE,EQ,01-Oct-2026,228.91,229.05,230.39,223.1,224.59,840922,1901.37,14026,480062.0,57.09,2026-10-01
RELINFRA,BE,01-Oct-2026,44.27,46.48,46.48,46.48,46.48,674431,313.48,894,,,2026-10-01
RELTD,EQ,01-Oct-2026,149.67,149.01,149.99,141.0,146.98,127548,185.25,3020,65734.0,51.54,2026-10-01
REMSONSIND,EQ,01-Oct-2026,113.93,116.99,119.58,110.1,112.55,356718,408.58,4674,147447.0,41.33,2026-10-01
REMUS,SM,01-Oct-2026,903.2,913.85,914.0,858.0,861.85,6100,53.45,52,5300.0,86.89,2026-10-01
RENTOMOJO,EQ,01-Oct-2026,510.35,505.0,531.25,500.0,524.6,2741569,14175.72,67433,670587.0,24.46,2026-10-01
RENUKA,EQ,01-Oct-2026,21.89,21.87,22.05,20.95,21.34,18593657,3978.87,28341,8211793.0,44.16,2026-10-01
REPCOHOME,EQ,01-Oct-2026,341.7,341.05,342.0,332.4,337.75,69261,233.08,2637,43481.0,62.78,2026-10-01
REPL,EQ,01-Oct-2026,59.35,59.0,59.85,57.99,57.99,1515,0.89,59,1179.0,77.82,2026-10-01
REPRO,EQ,01-Oct-2026,318.6,315.0,322.7,296.2,303.9,24042,73.13,1379,13936.0,57.97,2026-10-01
RESPONIND,EQ,01-Oct-2026,165.38,164.5,166.39,157.55,162.59,272136,441.25,3993,135575.0,49.82,2026-10-01
RETAIL,EQ,01-Oct-2026,31.76,34.93,34.93,34.93,34.93,35473,12.39,83,35473.0,100.0,2026-10-01
REXPRO,SM,01-Oct-2026,33.3,33.3,33.5,33.3,33.5,2000,0.67,2,1000.0,50.0,2026-10-01
RFBL,ST,01-Oct-2026,102.0,107.0,107.1,107.0,107.1,18000,19.28,3,18000.0,100.0,2026-10-01
RGL,EQ,01-Oct-2026,165.02,165.02,166.87,160.0,162.5,658380,1067.66,8323,378202.0,57.44,2026-10-01
RHETAN,EQ,01-Oct-2026,17.51,16.64,16.64,16.64,16.64,234814,39.07,645,234814.0,100.0,2026-10-01
RHFL,BZ,01-Oct-2026,1.58,1.6,1.63,1.56,1.59,417024,6.65,785,,,2026-10-01
RHIM,EQ,01-Oct-2026,384.85,386.0,390.4,377.7,384.85,421822,1616.87,11947,220058.0,52.17,2026-10-01
RHL,EQ,01-Oct-2026,165.18,165.0,165.99,160.3,162.92,2514,4.06,46,1375.0,54.69,2026-10-01
RICOAUTO,EQ,01-Oct-2026,126.92,126.5,126.5,119.34,121.63,864413,1057.9,9283,420337.0,48.63,2026-10-01
RIIL,EQ,01-Oct-2026,677.35,677.05,677.05,657.55,666.85,37803,252.1,2233,12037.0,31.84,2026-10-01
RIIT,IV,01-Oct-2026,120.99,122.0,122.0,119.49,119.67,1091171,1307.66,6449,950509.0,87.11,2026-10-01
RILINFRA,SM,01-Oct-2026,32.45,33.0,33.25,31.15,31.8,16100,5.2,82,11500.0,71.43,2026-10-01
RIR,EQ,01-Oct-2026,184.1,184.9,186.0,172.89,176.97,747746,1336.43,17002,343546.0,45.94,2026-10-01
RISHABH,EQ,01-Oct-2026,703.0,700.0,719.0,668.55,698.8,192446,1328.37,10735,89147.0,46.32,2026-10-01
RITCO,EQ,01-Oct-2026,280.25,277.0,280.15,267.1,276.7,77829,212.8,1932,44431.0,57.09,2026-10-01
RITES,EQ,01-Oct-2026,209.05,211.03,216.99,203.33,209.48,21390228,44941.93,220524,914299.0,4.27,2026-10-01
RITEZONE,SM,01-Oct-2026,17.55,18.25,18.25,17.0,17.0,3200,0.56,2,3200.0,100.0,2026-10-01
RKDL,EQ,01-Oct-2026,18.17,17.9,18.47,17.0,17.24,35422,6.15,310,25747.0,72.69,2026-10-01
RKEC,BE,01-Oct-2026,23.09,23.09,23.09,21.94,21.94,28175,6.21,111,,,2026-10-01
RKFORGE,EQ,01-Oct-2026,702.3,699.75,709.3,677.1,695.45,862927,5964.24,35107,374755.0,43.43,2026-10-01
RKSWAMY,EQ,01-Oct-2026,90.09,90.09,90.09,86.02,86.46,28240,24.65,604,23236.0,82.28,2026-10-01
RMC,EQ,01-Oct-2026,209.58,212.8,212.8,198.0,202.57,50103,102.56,1853,24569.0,49.04,2026-10-01
RMDRIP,BE,01-Oct-2026,23.51,23.51,24.51,22.78,23.49,653279,153.58,519,,,2026-10-01
RML,EQ,01-Oct-2026,1351.9,1374.0,1396.1,1304.2,1343.2,58263,787.86,7204,15260.0,26.19,2026-10-01
RNBDENIMS,BE,01-Oct-2026,9.11,9.18,9.18,8.97,9.03,102533,9.24,395,,,2026-10-01
RNFI,SM,01-Oct-2026,310.0,310.0,310.0,285.0,303.35,39600,119.14,45,30000.0,75.76,2026-10-01
RNPL,SM,01-Oct-2026,65.7,68.8,68.95,68.5,68.95,12000,8.26,9,12000.0,100.0,2026-10-01
ROCKINGDCE,SM,01-Oct-2026,221.95,211.95,219.95,211.95,219.2,750,1.63,3,500.0,66.67,2026-10-01
ROHLTD,EQ,01-Oct-2026,299.85,305.6,305.6,297.5,298.65,7190,21.55,504,4926.0,68.51,2026-10-01
ROLEXRINGS,EQ,01-Oct-2026,190.09,191.0,197.25,186.9,196.36,5245978,10164.65,66913,2499708.0,47.65,2026-10-01
ROLLT,BE,01-Oct-2026,4.98,4.74,4.74,4.74,4.74,286900,13.6,160,,,2026-10-01
ROML,EQ,01-Oct-2026,43.38,42.6,43.48,41.41,43.34,1318,0.56,37,703.0,53.34,2026-10-01
ROSSARI,EQ,01-Oct-2026,417.95,419.35,434.9,413.1,427.55,65352,276.36,4403,24354.0,37.27,2026-10-01
ROSSELLIND,EQ,01-Oct-2026,50.87,51.98,51.98,49.96,50.22,15225,7.68,390,10536.0,69.2,2026-10-01
ROSSTECH,EQ,01-Oct-2026,1503.2,1487.1,1536.8,1467.2,1522.3,247467,3726.52,21903,93591.0,37.82,2026-10-01
ROTO,EQ,01-Oct-2026,64.58,64.0,64.57,60.77,62.66,377971,235.85,3422,165678.0,43.83,2026-10-01
ROUTE,EQ,01-Oct-2026,445.0,445.0,446.2,431.7,436.4,177583,777.49,9176,82221.0,46.3,2026-10-01
ROXHITECH,SM,01-Oct-2026,51.1,53.0,53.9,49.85,52.05,107200,56.32,58,88000.0,82.09,2026-10-01
ROYALARC,SM,01-Oct-2026,168.0,154.0,154.0,150.0,152.0,2400,3.65,2,2400.0,100.0,2026-10-01
RPEL,EQ,01-Oct-2026,1809.0,1845.0,1888.0,1750.0,1818.9,180052,3292.56,24688,67343.0,37.4,2026-10-01
RPGLIFE,EQ,01-Oct-2026,3037.1,3036.5,3037.1,2874.9,2930.7,36208,1063.75,8135,16025.0,44.26,2026-10-01
RPOWER,EQ,01-Oct-2026,19.69,19.65,19.99,19.09,19.41,28326462,5543.87,45470,9797329.0,34.59,2026-10-01
RPPINFRA,EQ,01-Oct-2026,51.49,50.66,53.28,50.55,52.6,61267,31.95,1116,30017.0,48.99,2026-10-01
RPPL,BE,01-Oct-2026,18.97,19.2,19.91,18.03,19.6,132848,25.0,269,,,2026-10-01
RPSGVENT,EQ,01-Oct-2026,850.5,846.25,846.25,816.05,829.85,19862,165.66,1078,11330.0,57.04,2026-10-01
RPTECH,EQ,01-Oct-2026,953.5,956.0,976.65,926.15,953.15,377963,3579.84,32989,142183.0,37.62,2026-10-01
RRECL,EQ,01-Oct-2026,134.95,135.0,135.0,122.11,131.46,341,0.43,17,296.0,86.8,2026-10-01
RRIL,EQ,01-Oct-2026,15.36,15.42,15.86,15.09,15.11,11914,1.82,77,10601.0,88.98,2026-10-01
RRKABEL,EQ,01-Oct-2026,2518.6,2524.0,2571.5,2465.0,2518.2,377828,9548.41,45451,123550.0,32.7,2026-10-01
RSDFIN,BE,01-Oct-2026,87.0,83.01,91.35,83.01,91.35,306,0.27,10,,,2026-10-01
RSL,EQ,01-Oct-2026,168.36,170.0,178.0,167.0,174.43,591855,1028.06,12705,221010.0,37.34,2026-10-01
RSSOFTWARE,EQ,01-Oct-2026,29.73,30.5,30.5,29.75,30.04,15166,4.58,115,9263.0,61.08,2026-10-01
RSWM,EQ,01-Oct-2026,208.6,206.5,211.68,199.04,202.21,47256,96.76,1386,25609.0,54.19,2026-10-01
RSYSTEMS,EQ,01-Oct-2026,279.9,271.0,273.45,255.45,263.6,5804697,15337.6,77895,580325.0,10.0,2026-10-01
RTL,SM,01-Oct-2026,79.2,78.0,78.0,76.0,76.0,12000,9.21,6,10000.0,83.33,2026-10-01
RTNINDIA,EQ,01-Oct-2026,26.06,26.0,26.0,25.0,25.32,1283688,326.02,6609,683563.0,53.25,2026-10-01
RTNPOWER,EQ,01-Oct-2026,6.89,6.82,6.83,6.66,6.74,13429275,907.05,15270,6041623.0,44.99,2026-10-01
RTSPOWR,EQ,01-Oct-2026,109.87,109.0,115.75,109.0,114.1,26525,30.16,701,13983.0,52.72,2026-10-01
RUBFILA,EQ,01-Oct-2026,63.05,63.95,64.0,62.5,63.25,44696,28.26,579,23961.0,53.61,2026-10-01
RUBICON,EQ,01-Oct-2026,1619.4,1635.7,1670.0,1605.2,1630.9,153955,2526.33,16460,61413.0,39.89,2026-10-01
RUBYMILLS,EQ,01-Oct-2026,499.75,501.2,515.95,486.35,499.65,24508,122.77,1571,11741.0,47.91,2026-10-01
RUCHINFRA,EQ,01-Oct-2026,4.91,4.71,4.94,4.71,4.84,115415,5.55,336,81263.0,70.41,2026-10-01
RUCHIRA,EQ,01-Oct-2026,103.25,102.22,103.53,100.0,101.31,19579,19.86,610,12354.0,63.1,2026-10-01
RUDRA,EQ,01-Oct-2026,18.77,19.0,19.0,18.0,18.23,38615,7.01,174,27153.0,70.32,2026-10-01
RULKA,SM,01-Oct-2026,110.3,112.25,112.25,107.3,107.3,2400,2.63,8,2400.0,100.0,2026-10-01
RUPA,EQ,01-Oct-2026,130.52,130.52,134.99,129.0,130.58,187383,243.3,5586,129891.0,69.32,2026-10-01
RUSHIL,EQ,01-Oct-2026,16.14,15.95,16.29,15.6,15.9,172107,27.34,487,123975.0,72.03,2026-10-01
RUSTOMJEE,EQ,01-Oct-2026,361.2,361.6,363.7,357.5,361.25,71241,256.11,1276,47805.0,67.1,2026-10-01
RVHL,EQ,01-Oct-2026,38.2,39.0,39.0,37.14,37.23,9907,3.76,92,8798.0,88.81,2026-10-01
RVNL,EQ,01-Oct-2026,201.76,201.5,202.45,194.05,197.0,6247340,12363.95,58331,1846717.0,29.56,2026-10-01
RVTH,EQ,01-Oct-2026,669.8,698.9,803.75,680.0,776.7,43662,335.0,2230,9382.0,21.49,2026-10-01
S&SPOWER,EQ,01-Oct-2026,298.15,295.0,304.4,291.5,294.1,2068,6.08,80,1939.0,93.76,2026-10-01
SAAKSHI,ST,01-Oct-2026,365.0,357.75,365.0,357.75,365.0,3600,12.92,4,3600.0,100.0,2026-10-01
SAATVIKGL,EQ,01-Oct-2026,413.55,411.0,413.25,396.8,405.55,46236,187.46,2124,21841.0,47.24,2026-10-01
SACHEEROME,SM,01-Oct-2026,465.0,485.95,515.0,485.95,499.65,42300,211.81,126,27300.0,64.54,2026-10-01
SADBHAV,EQ,01-Oct-2026,7.15,6.99,7.1,6.8,6.8,443913,30.43,781,273000.0,61.5,2026-10-01
SADBHIN,EQ,01-Oct-2026,2.6,2.71,2.71,2.52,2.62,129836,3.39,285,93803.0,72.25,2026-10-01
SADHAV,SM,01-Oct-2026,117.65,116.0,118.0,112.5,117.15,16800,19.45,26,12600.0,75.0,2026-10-01
SADHNANIQ,BE,01-Oct-2026,2.53,2.58,2.58,2.42,2.47,1219515,30.5,822,,,2026-10-01
SAFARI,EQ,01-Oct-2026,1429.6,1429.6,1433.7,1368.0,1378.8,29387,409.8,5049,10376.0,35.31,2026-10-01
SAFEENTP,SM,01-Oct-2026,242.6,244.0,250.0,237.1,247.25,52500,127.86,92,35500.0,67.62,2026-10-01
SAGARDEEP,EQ,01-Oct-2026,23.13,23.01,23.66,22.05,22.52,10991,2.48,99,9519.0,86.61,2026-10-01
SAGCEM,EQ,01-Oct-2026,148.64,148.3,155.02,146.02,150.01,66762,100.52,1502,33093.0,49.57,2026-10-01
SAGILITY,EQ,01-Oct-2026,42.58,42.53,43.43,42.27,43.17,11692520,5009.08,25439,4476786.0,38.29,2026-10-01
SAHAJSOLAR,SM,01-Oct-2026,89.0,89.5,89.5,86.2,86.55,10000,8.74,24,8000.0,80.0,2026-10-01
SAHANA,SM,01-Oct-2026,810.1,810.1,837.0,782.05,794.55,10650,85.57,61,7200.0,67.61,2026-10-01
SAHASRA,SM,01-Oct-2026,454.35,474.95,477.05,459.95,477.05,209200,991.0,413,139200.0,66.54,2026-10-01
SAHLIBHFI,EQ,01-Oct-2026,78.84,81.9,81.9,75.95,78.74,24376,19.1,372,19451.0,79.8,2026-10-01
SAHYADRI,EQ,01-Oct-2026,346.75,351.7,360.0,340.7,355.65,11323,39.78,440,9664.0,85.35,2026-10-01
SAICAPI,EQ,01-Oct-2026,146.5,146.5,155.0,142.0,155.0,133,0.2,14,132.0,99.25,2026-10-01
SAIFL,SM,01-Oct-2026,4.2,4.15,4.15,3.9,4.1,136000,5.5,33,112000.0,82.35,2026-10-01
SAIL,EQ,01-Oct-2026,181.49,180.5,181.67,170.67,174.5,26206885,45942.19,101642,11319003.0,43.19,2026-10-01
SAILIFE,EQ,01-Oct-2026,1524.5,1516.0,1556.9,1493.1,1541.2,584535,8940.81,63375,304405.0,52.08,2026-10-01
SAIPARENT,EQ,01-Oct-2026,529.3,529.35,533.35,515.0,523.65,68291,356.96,4052,35160.0,51.49,2026-10-01
SAJHOTELS,ST,01-Oct-2026,28.6,30.0,30.0,27.2,28.75,98000,27.4,21,94000.0,95.92,2026-10-01
SAKAR,EQ,01-Oct-2026,1093.05,1080.2,1108.0,1042.5,1075.0,97461,1045.73,8407,42393.0,43.5,2026-10-01
SAKHTISUG,EQ,01-Oct-2026,18.01,18.1,18.35,17.36,17.58,87103,15.44,755,54697.0,62.8,2026-10-01
SAKSOFT,EQ,01-Oct-2026,139.43,139.9,141.97,135.09,139.33,241189,334.17,5467,92369.0,38.3,2026-10-01
SAKUMA,EQ,01-Oct-2026,1.56,1.56,1.58,1.5,1.54,1283553,19.7,1002,907026.0,70.67,2026-10-01
SALASAR,EQ,01-Oct-2026,4.08,4.08,4.15,4.0,4.13,3680794,150.16,4141,2141012.0,58.17,2026-10-01
SALONA,EQ,01-Oct-2026,260.7,273.95,273.95,253.15,254.35,126,0.33,40,94.0,74.6,2026-10-01
SALSTEEL,EQ,01-Oct-2026,99.06,98.89,102.4,94.11,98.92,1173063,1143.67,6229,399043.0,34.02,2026-10-01
SALZERELEC,EQ,01-Oct-2026,536.4,535.9,537.5,520.05,530.9,37128,196.9,3195,18915.0,50.95,2026-10-01
SAMAY,ST,01-Oct-2026,47.75,45.5,45.5,45.4,45.4,8000,3.64,2,8000.0,100.0,2026-10-01
SAMBANDAM,EQ,01-Oct-2026,111.4,111.0,111.0,107.1,107.1,19,0.02,6,19.0,100.0,2026-10-01
SAMBHAAV,EQ,01-Oct-2026,5.74,5.74,5.74,5.36,5.42,72564,3.96,267,51531.0,71.01,2026-10-01
SAMBHV,EQ,01-Oct-2026,164.9,163.61,165.79,155.85,161.45,3619878,5811.14,38509,1307398.0,36.12,2026-10-01
SAMHI,EQ,01-Oct-2026,153.68,153.3,155.49,149.35,154.37,1073954,1644.13,15080,473652.0,44.1,2026-10-01
SAMMAANCAP,EQ,01-Oct-2026,136.54,136.4,137.3,130.0,132.48,6813037,9044.84,49184,3078292.0,45.18,2026-10-01
SAMPANN,EQ,01-Oct-2026,24.17,24.7,24.7,23.56,24.01,11004,2.64,78,9094.0,82.64,2026-10-01
SANATHAN,EQ,01-Oct-2026,508.15,510.0,513.2,488.8,504.35,80531,403.09,4029,34346.0,42.65,2026-10-01
SANDESH,EQ,01-Oct-2026,999.3,1000.4,1000.4,980.1,990.05,302,2.98,53,226.0,74.83,2026-10-01
SANDHAR,EQ,01-Oct-2026,585.9,590.0,591.15,550.0,563.85,194894,1097.31,9697,80322.0,41.21,2026-10-01
SANDUMA,EQ,01-Oct-2026,182.18,181.0,182.85,175.0,177.67,662436,1184.31,12705,336618.0,50.82,2026-10-01
SANGAMIND,EQ,01-Oct-2026,626.9,625.0,638.5,612.05,634.55,50667,317.27,3418,20956.0,41.36,2026-10-01
SANGANI,SM,01-Oct-2026,57.0,54.15,54.25,54.15,54.15,7500,4.06,5,7500.0,100.0,2026-10-01
SANGHVIMOV,EQ,01-Oct-2026,455.2,451.65,456.95,414.9,429.5,698178,2997.48,20594,421887.0,60.43,2026-10-01
SANOFI,EQ,01-Oct-2026,3057.0,3050.1,3056.3,3001.1,3037.4,18669,565.36,3755,11041.0,59.14,2026-10-01
SANOFICONR,EQ,01-Oct-2026,3802.8,3818.0,3818.0,3691.0,3787.2,9812,368.14,2635,5199.0,52.99,2026-10-01
SANSERA,EQ,01-Oct-2026,4537.5,4465.2,4465.5,4196.6,4276.6,454154,19490.88,58863,189338.0,41.69,2026-10-01
SANSTAR,EQ,01-Oct-2026,104.94,105.2,106.8,101.21,103.0,104636,108.82,1884,51531.0,49.25,2026-10-01
SANWARIA,BZ,01-Oct-2026,0.19,0.2,0.2,0.18,0.19,330160,0.64,159,,,2026-10-01
SAPPHIRE,EQ,01-Oct-2026,212.08,210.95,210.95,204.35,209.82,546541,1139.74,13351,239850.0,43.89,2026-10-01
SAPPL,EQ,01-Oct-2026,300.1,305.0,314.9,298.2,308.5,12198,37.28,340,10930.0,89.6,2026-10-01
SARDAEN,EQ,01-Oct-2026,497.3,495.0,498.95,488.0,494.75,208385,1027.89,10166,107493.0,51.58,2026-10-01
SAREGAMA,EQ,01-Oct-2026,506.55,506.5,506.5,488.0,494.75,237859,1176.93,14206,116488.0,48.97,2026-10-01
SARLAPOLY,EQ,01-Oct-2026,93.96,93.96,94.66,91.35,92.02,37841,35.02,689,29144.0,77.02,2026-10-01
SARTELE,SM,01-Oct-2026,101.85,101.85,102.0,95.0,96.85,75000,72.78,117,40000.0,53.33,2026-10-01
SARVESHWAR,EQ,01-Oct-2026,3.49,3.52,3.69,3.41,3.44,1535950,53.33,1963,1011405.0,65.85,2026-10-01
SASKEN,EQ,01-Oct-2026,1672.7,1707.8,1727.0,1636.4,1720.5,33306,563.82,3756,14722.0,44.2,2026-10-01
SATECH,SM,01-Oct-2026,36.4,36.4,36.4,34.5,35.0,6000,2.12,6,4000.0,66.67,2026-10-01
SATIA,EQ,01-Oct-2026,69.7,69.7,69.89,67.5,68.34,125480,85.57,1594,87424.0,69.67,2026-10-01
SATIN,EQ,01-Oct-2026,232.2,230.01,231.62,224.1,227.47,233798,531.65,4691,117728.0,50.35,2026-10-01
SATIPOLY,SM,01-Oct-2026,33.8,32.25,32.5,32.25,32.5,1000,0.32,2,500.0,50.0,2026-10-01
SATKARTAR,SM,01-Oct-2026,194.1,195.0,197.0,179.0,184.1,34400,64.46,42,24000.0,69.77,2026-10-01
SATTVAENGG,SM,01-Oct-2026,54.35,53.25,57.0,52.1,55.05,206400,109.65,29,195200.0,94.57,2026-10-01
SAURASHCEM,EQ,01-Oct-2026,54.53,54.53,55.0,52.45,53.37,70178,37.79,1417,41264.0,58.8,2026-10-01
SAVY,SM,01-Oct-2026,136.1,136.5,136.5,134.85,134.85,3600,4.89,3,3600.0,100.0,2026-10-01
SAWALIYA,SM,01-Oct-2026,179.35,179.0,179.0,174.5,178.0,33000,58.45,15,30000.0,90.91,2026-10-01
SAYAJIIND,EQ,01-Oct-2026,119.9,115.0,119.79,113.91,119.5,1785,2.06,18,1064.0,59.61,2026-10-01
SBC,EQ,01-Oct-2026,58.29,58.99,59.5,56.97,58.54,31458938,18497.55,37646,12489481.0,39.7,2026-10-01
SBCL,EQ,01-Oct-2026,1071.7,1080.9,1103.9,1034.1,1066.4,295016,3180.59,26434,147393.0,49.96,2026-10-01
SBFC,EQ,01-Oct-2026,85.48,84.68,85.4,83.05,84.19,1235866,1044.26,18877,882044.0,71.37,2026-10-01
SBGLP,EQ,01-Oct-2026,22.84,22.51,23.3,22.51,22.75,32857,7.52,290,26573.0,80.87,2026-10-01
SBIBPB,EQ,01-Oct-2026,46.76,46.7,46.87,45.77,46.37,33272,15.41,509,23444.0,70.46,2026-10-01
SBICARD,EQ,01-Oct-2026,578.05,579.05,582.5,560.15,563.2,962872,5470.21,36968,397833.0,41.32,2026-10-01
SBIETFCON,EQ,01-Oct-2026,114.18,115.67,117.0,111.5,112.15,4549,5.12,153,2882.0,63.35,2026-10-01
SBIETFIT,EQ,01-Oct-2026,307.98,309.98,327.99,299.52,313.26,7443,23.16,311,4127.0,55.45,2026-10-01
SBIETFPB,EQ,01-Oct-2026,273.4,273.41,288.25,270.03,278.26,2829,7.82,140,1100.0,38.88,2026-10-01
SBIETFQLTY,EQ,01-Oct-2026,207.69,207.66,210.0,203.31,209.05,2676,5.5,104,2159.0,80.68,2026-10-01
SBIFUNDS,EQ,01-Oct-2026,516.05,514.95,516.0,497.0,500.35,2817122,14142.84,86772,1807526.0,64.16,2026-10-01
SBILIFE,EQ,01-Oct-2026,1696.4,1676.3,1730.3,1674.8,1721.6,3329860,56710.9,82873,2123012.0,63.76,2026-10-01
SBILIQETF,EQ,01-Oct-2026,1058.02,1058.57,1058.59,1058.57,1058.58,147658,1563.08,81,78660.0,53.27,2026-10-01
SBIMIDMOM,EQ,01-Oct-2026,61.0,61.61,62.2,59.64,60.26,46393,27.95,292,39043.0,84.16,2026-10-01
SBIN,EQ,01-Oct-2026,959.5,953.1,965.4,945.8,954.1,7390452,70679.05,135033,3749288.0,50.73,2026-10-01
SBINEQWETF,EQ,01-Oct-2026,31.43,31.58,31.99,30.78,31.41,74718,23.24,428,64174.0,85.89,2026-10-01
SBINMID150,EQ,01-Oct-2026,21.97,21.85,22.28,21.4,21.69,129571,28.21,229,106320.0,82.06,2026-10-01
SBISILVER,EQ,01-Oct-2026,215.04,215.13,217.0,213.36,214.14,714267,1531.98,5101,384345.0,53.81,2026-10-01
SBISMLETF,EQ,01-Oct-2026,17.92,18.09,18.15,17.39,18.01,67049,11.8,406,53485.0,79.77,2026-10-01
SBIVALETF,EQ,01-Oct-2026,14.05,14.0,14.5,13.67,14.22,21284,2.95,99,15430.0,72.5,2026-10-01
SCANSTL,BE,01-Oct-2026,49.37,49.0,49.0,47.3,48.19,10547,5.08,74,,,2026-10-01
SCHAEFFLER,EQ,01-Oct-2026,3897.1,3900.1,3909.0,3765.5,3885.6,43557,1666.74,12511,19505.0,44.78,2026-10-01
SCHAND,EQ,01-Oct-2026,148.08,148.08,148.08,142.05,143.57,32819,47.22,848,23149.0,70.54,2026-10-01
SCHNEIDER,EQ,01-Oct-2026,1203.4,1203.0,1294.3,1195.5,1275.4,1444982,18277.0,86981,278199.0,19.25,2026-10-01
SCI,EQ,01-Oct-2026,270.5,269.0,271.85,261.15,267.05,1466021,3912.81,35791,522036.0,35.61,2026-10-01
SCILAL,EQ,01-Oct-2026,36.86,36.89,37.06,36.3,36.65,196994,72.24,1574,101696.0,51.62,2026-10-01
SCML,SM,01-Oct-2026,82.0,82.0,88.0,82.0,83.5,26000,22.17,22,17000.0,65.38,2026-10-01
SCODATUBES,EQ,01-Oct-2026,124.87,124.78,124.78,119.4,123.0,599705,734.41,5922,334427.0,55.77,2026-10-01
SCPL,BE,01-Oct-2026,629.15,638.0,646.0,615.0,620.45,6507,40.62,236,,,2026-10-01
SDBL,EQ,01-Oct-2026,78.17,78.1,78.17,73.5,74.94,938787,705.69,7502,422199.0,44.97,2026-10-01
SEAMECLTD,EQ,01-Oct-2026,1641.6,1617.8,1652.5,1559.2,1594.7,102750,1638.29,8811,61561.0,59.91,2026-10-01
SECLEDBETA,EQ,01-Oct-2026,13.93,13.99,13.99,13.61,13.66,162885,22.25,40,156397.0,96.02,2026-10-01
SECMARK,EQ,01-Oct-2026,140.0,145.8,145.8,133.2,137.48,1185,1.63,28,777.0,65.57,2026-10-01
SECURKLOUD,EQ,01-Oct-2026,16.61,17.0,17.0,16.2,16.77,5131,0.85,102,4147.0,80.82,2026-10-01
SEDEMAC,EQ,01-Oct-2026,3494.5,3495.0,3524.9,3328.0,3432.8,134911,4592.39,29825,60490.0,44.84,2026-10-01
SEIL,EQ,01-Oct-2026,189.64,188.7,188.99,178.26,186.68,184080,336.82,2476,106882.0,58.06,2026-10-01
SEITINVIT,IV,01-Oct-2026,123.33,122.05,122.05,122.05,122.05,25000,30.51,1,25000.0,100.0,2026-10-01
SEJALLTD,EQ,01-Oct-2026,674.0,673.95,673.95,640.3,656.5,8644,56.03,485,5439.0,62.92,2026-10-01
SEKURITIND,EQ,01-Oct-2026,110.93,111.99,115.19,108.0,109.19,26220,29.25,630,17152.0,65.42,2026-10-01
SEL,SM,01-Oct-2026,313.35,298.05,322.15,297.7,310.1,5400,16.38,27,3000.0,55.56,2026-10-01
SELECTIPO,EQ,01-Oct-2026,46.13,45.92,45.96,44.97,45.48,261120,118.69,259,222457.0,85.19,2026-10-01
SELLOWRAP,SM,01-Oct-2026,64.8,67.45,67.45,61.9,62.0,54400,33.83,8,54400.0,100.0,2026-10-01
SEMAC,EQ,01-Oct-2026,232.85,243.8,243.99,235.8,241.99,1668,4.01,32,1520.0,91.13,2026-10-01
SENCO,EQ,01-Oct-2026,320.95,320.95,321.95,311.55,317.4,538846,1707.22,17365,254819.0,47.29,2026-10-01
SENORES,EQ,01-Oct-2026,1385.8,1387.0,1398.0,1319.4,1349.6,363714,4899.58,29429,188078.0,51.71,2026-10-01
SENSEXADD,EQ,01-Oct-2026,75.14,74.69,76.5,73.75,75.16,5937,4.43,80,4451.0,74.97,2026-10-01
SENSEXAXIS,EQ,01-Oct-2026,75.32,73.43,75.96,73.43,74.75,36967,27.8,104,23775.0,64.31,2026-10-01
SENSEXBETA,EQ,01-Oct-2026,805.88,806.99,809.94,790.05,797.32,4559,36.31,272,2254.0,49.44,2026-10-01
SENSEXETF,EQ,01-Oct-2026,74.98,74.7,75.03,73.58,74.43,77027,57.18,688,42341.0,54.97,2026-10-01
SENSEXIETF,EQ,01-Oct-2026,836.37,832.19,837.46,821.5,829.54,29012,240.5,1098,22540.0,77.69,2026-10-01
SEPC,EQ,01-Oct-2026,5.02,5.17,5.17,4.95,5.08,12035116,609.7,7018,4705781.0,39.1,2026-10-01
SERVICE,SM,01-Oct-2026,69.2,67.0,68.9,67.0,68.75,18000,12.31,9,6000.0,33.33,2026-10-01
SERVOTECH,EQ,01-Oct-2026,70.25,70.15,71.39,68.0,69.2,577923,401.63,7014,217030.0,37.55,2026-10-01
SESHAPAPER,EQ,01-Oct-2026,240.47,242.04,242.04,234.0,236.35,24836,59.15,676,15796.0,63.6,2026-10-01
SETCO,BE,01-Oct-2026,18.31,18.31,18.75,18.0,18.13,67983,12.27,207,,,2026-10-01
SETF10GILT,EQ,01-Oct-2026,261.84,260.62,262.16,260.25,261.0,2248,5.86,55,1572.0,69.93,2026-10-01
SETFGOLD,EQ,01-Oct-2026,125.61,125.26,125.87,124.84,125.35,6116019,7665.26,14133,4515266.0,73.83,2026-10-01
SETFNIF50,EQ,01-Oct-2026,244.45,250.56,250.56,239.94,242.31,1926496,4661.64,12128,1637248.0,84.99,2026-10-01
SETFNIFBK,EQ,01-Oct-2026,563.39,563.0,566.62,555.48,560.84,38002,213.02,711,11400.0,30.0,2026-10-01
SETFNN50,EQ,01-Oct-2026,749.01,751.52,751.52,729.72,742.49,56768,420.48,3151,40408.0,71.18,2026-10-01
SETL,EQ,01-Oct-2026,422.8,418.0,421.65,401.7,416.95,714646,2928.56,11233,392470.0,54.92,2026-10-01
SETUINFRA,BZ,01-Oct-2026,0.52,0.52,0.52,0.51,0.51,18233,0.09,24,,,2026-10-01
SEYAIND,BE,01-Oct-2026,13.45,13.34,13.34,13.19,13.19,2912,0.38,12,,,2026-10-01
SFL,EQ,01-Oct-2026,634.1,634.1,637.8,613.9,616.65,197639,1229.55,12307,103282.0,52.26,2026-10-01
SFML,SM,01-Oct-2026,20.05,20.05,20.05,19.5,19.5,4800,0.95,3,4800.0,100.0,2026-10-01
SGBAPR28I,GB,01-Oct-2026,14854.02,14900.0,14900.0,14771.01,14772.39,335,49.58,52,237.0,70.75,2026-10-01
SGBAUG27,GB,01-Oct-2026,14765.0,14800.0,14800.0,14703.01,14716.81,80,11.79,23,69.0,86.25,2026-10-01
SGBAUG28V,GB,01-Oct-2026,14812.77,15080.0,15080.0,14661.01,14759.75,392,57.94,151,217.0,55.36,2026-10-01
SGBAUG29V,GB,01-Oct-2026,14830.0,14904.15,14904.15,14702.0,14730.55,55,8.11,29,44.0,80.0,2026-10-01
SGBAUG30,GB,01-Oct-2026,14940.1,15148.99,15148.99,14848.95,14881.82,117,17.55,51,88.0,75.21,2026-10-01
SGBD29VIII,GB,01-Oct-2026,14837.68,14899.0,14900.0,14751.01,14772.6,89,13.19,45,72.0,80.9,2026-10-01
SGBDC27VII,GB,01-Oct-2026,14947.25,14803.0,14850.0,14680.0,14758.33,78,11.47,19,39.0,50.0,2026-10-01
SGBDE30III,GB,01-Oct-2026,15047.58,15090.0,15150.01,15000.51,15009.95,89,13.38,38,51.0,57.3,2026-10-01
SGBDE31III,GB,01-Oct-2026,15313.14,15236.57,15429.0,15200.01,15261.66,1275,194.96,247,775.0,60.78,2026-10-01
SGBDEC26,GB,01-Oct-2026,14998.99,14650.0,14799.0,14650.0,14702.0,99,14.53,12,79.0,79.8,2026-10-01
SGBFEB27,GB,01-Oct-2026,14749.9,14897.39,14897.39,14897.39,14897.39,8,1.19,1,8.0,100.0,2026-10-01
SGBFEB28IX,GB,01-Oct-2026,14675.0,14683.15,14718.9,14683.11,14718.9,35,5.14,5,24.0,68.57,2026-10-01
SGBFEB29XI,GB,01-Oct-2026,14751.5,14751.5,14898.0,14652.5,14866.0,79,11.66,25,67.0,84.81,2026-10-01
SGBFEB32IV,GB,01-Oct-2026,15633.84,15550.04,15719.99,15550.04,15576.52,1314,205.03,305,872.0,66.36,2026-10-01
SGBJ28VIII,GB,01-Oct-2026,14799.99,14750.0,14750.0,14750.0,14750.0,20,2.95,1,20.0,100.0,2026-10-01
SGBJAN27,GB,01-Oct-2026,14799.0,14650.01,14750.0,14650.01,14716.66,69,10.13,8,31.0,44.93,2026-10-01
SGBJAN29IX,GB,01-Oct-2026,14800.0,14652.0,14810.0,14652.0,14742.54,80,11.81,28,60.0,75.0,2026-10-01
SGBJAN29X,GB,01-Oct-2026,14810.0,14810.0,15097.98,14711.11,14750.0,90,13.32,42,66.0,73.33,2026-10-01
SGBJAN30IX,GB,01-Oct-2026,14975.06,14965.0,14999.99,14950.0,14950.0,27,4.04,12,24.0,88.89,2026-10-01
SGBJU29III,GB,01-Oct-2026,14839.99,14700.0,14849.0,14700.0,14756.35,524,77.63,44,513.0,97.9,2026-10-01
SGBJUL27,GB,01-Oct-2026,14777.18,14799.0,14799.0,14651.0,14702.74,32,4.71,13,24.0,75.0,2026-10-01
SGBJUL28IV,GB,01-Oct-2026,14775.24,14775.24,14800.0,14671.01,14677.68,91,13.41,34,79.0,86.81,2026-10-01
SGBJUL29IV,GB,01-Oct-2026,14806.89,14732.86,14874.0,14710.0,14729.44,210,30.97,31,147.0,70.0,2026-10-01
SGBJUN27,GB,01-Oct-2026,14799.99,14650.0,14790.0,14650.0,14789.98,119,17.49,15,62.0,52.1,2026-10-01
SGBJUN28,GB,01-Oct-2026,14765.55,14848.0,14848.0,14712.0,14739.5,31,4.57,11,28.0,90.32,2026-10-01
SGBJUN29II,GB,01-Oct-2026,14805.0,14735.01,14830.0,14735.0,14740.0,59,8.72,20,48.0,81.36,2026-10-01
SGBJUN30,GB,01-Oct-2026,14979.05,15145.0,15145.0,14760.0,14807.87,150,22.28,45,107.0,71.33,2026-10-01
SGBJUN31I,GB,01-Oct-2026,15136.89,15021.0,15200.0,14959.0,15048.83,669,100.75,164,489.0,73.09,2026-10-01
SGBMAR28X,GB,01-Oct-2026,14740.0,14799.99,14799.99,14670.0,14676.0,73,10.74,12,40.0,54.79,2026-10-01
SGBMAR30X,GB,01-Oct-2026,14941.03,14982.0,15070.0,14907.09,14981.0,111,16.63,29,100.0,90.09,2026-10-01
SGBMAR31IV,GB,01-Oct-2026,15111.14,15111.14,15190.14,14985.0,15003.99,227,34.09,50,176.0,77.53,2026-10-01
SGBMAY28,GB,01-Oct-2026,14822.93,14822.0,14822.93,14750.0,14769.99,36,5.32,19,27.0,75.0,2026-10-01
SGBMAY29I,GB,01-Oct-2026,14839.71,14839.71,14839.71,14750.0,14756.89,813,120.1,64,717.0,88.19,2026-10-01
SGBMR29XII,GB,01-Oct-2026,14797.5,14795.0,14800.01,14661.1,14780.96,137,20.24,49,122.0,89.05,2026-10-01
SGBN28VIII,GB,01-Oct-2026,14855.0,14855.0,14855.0,14732.01,14735.0,30,4.43,15,20.0,66.67,2026-10-01
SGBNV29VII,GB,01-Oct-2026,14822.12,14874.0,14874.0,14750.0,14762.0,128,18.91,33,99.0,77.34,2026-10-01
SGBOC28VII,GB,01-Oct-2026,14886.37,14800.0,14875.0,14735.0,14740.0,39,5.76,9,37.0,94.87,2026-10-01
SGBOCT26,GB,01-Oct-2026,14855.0,14855.0,14855.0,14800.0,14830.0,15,2.22,3,15.0,100.0,2026-10-01
SGBOCT27,GB,01-Oct-2026,14801.5,14802.0,14802.0,14801.5,14801.5,11,1.63,2,11.0,100.0,2026-10-01
SGBOCT27VI,GB,01-Oct-2026,14700.0,14700.0,14700.0,14700.0,14700.0,2,0.29,1,2.0,100.0,2026-10-01
SGBSEP27,GB,01-Oct-2026,14671.05,14680.01,14699.0,14602.0,14699.0,49,7.19,22,26.0,53.06,2026-10-01
SGBSEP28VI,GB,01-Oct-2026,14799.86,14849.99,14849.99,14652.0,14672.39,456,67.05,177,383.0,83.99,2026-10-01
SGBSEP29VI,GB,01-Oct-2026,14788.54,14780.0,14800.63,14726.05,14782.06,205,30.33,30,190.0,92.68,2026-10-01
SGBSEP31II,GB,01-Oct-2026,15073.39,15099.0,15125.0,15010.0,15029.3,1096,165.25,241,709.0,64.69,2026-10-01
SGFIN,EQ,01-Oct-2026,604.35,605.0,635.0,600.85,631.85,1112628,6925.32,47311,386824.0,34.77,2026-10-01
SGIL,EQ,01-Oct-2026,666.2,640.05,657.95,602.1,613.85,18436,115.11,1375,9252.0,50.18,2026-10-01
SGL,EQ,01-Oct-2026,8.56,8.56,8.8,8.49,8.5,13676,1.17,95,12305.0,89.98,2026-10-01
SGLRES,EQ,01-Oct-2026,2.38,2.49,2.49,2.27,2.27,91325,2.18,102,54676.0,59.87,2026-10-01
SGMART,EQ,01-Oct-2026,750.75,748.45,771.0,728.15,742.2,314856,2346.74,17686,144543.0,45.91,2026-10-01
SGRL,EQ,01-Oct-2026,687.15,683.15,700.0,671.15,694.25,8511,58.32,1006,4987.0,58.59,2026-10-01
SHADOWFAX,EQ,01-Oct-2026,280.25,278.0,278.9,267.2,273.15,2716747,7405.46,56459,1332420.0,49.04,2026-10-01
SHAH,EQ,01-Oct-2026,3.14,3.09,3.1,2.96,3.03,1378111,42.05,1067,900434.0,65.34,2026-10-01
SHAHALLOYS,BE,01-Oct-2026,86.77,85.1,88.98,82.44,85.37,22591,18.96,143,,,2026-10-01
SHAILY,EQ,01-Oct-2026,3063.0,3045.0,3074.4,2972.8,3009.1,95844,2895.66,17094,43917.0,45.82,2026-10-01
SHAKTIPUMP,EQ,01-Oct-2026,461.35,461.0,463.05,447.4,454.1,358429,1631.12,21321,147281.0,41.09,2026-10-01
SHALBY,EQ,01-Oct-2026,138.65,137.53,138.0,129.41,133.55,213871,283.41,6316,113066.0,52.87,2026-10-01
SHALPAINTS,BE,01-Oct-2026,80.62,81.7,81.7,77.6,78.34,72361,56.89,274,,,2026-10-01
SHANKARA,EQ,01-Oct-2026,126.48,126.0,131.9,122.83,124.4,76990,97.81,1987,36079.0,46.86,2026-10-01
SHANKESH,EQ,01-Oct-2026,90.25,89.88,91.09,86.58,87.93,1673043,1483.54,14594,671357.0,40.13,2026-10-01
SHANTHALA,SM,01-Oct-2026,13.5,14.0,14.0,13.6,13.6,12000,1.66,9,10800.0,90.0,2026-10-01
SHANTI,EQ,01-Oct-2026,5.49,5.49,5.74,5.31,5.5,29909,1.66,86,13790.0,46.11,2026-10-01
SHANTIGEAR,EQ,01-Oct-2026,579.9,570.0,608.85,568.6,573.65,149908,885.4,4136,60981.0,40.68,2026-10-01
SHANTIGOLD,EQ,01-Oct-2026,308.6,309.0,311.95,292.1,303.55,2237991,6778.34,25317,735884.0,32.88,2026-10-01
SHANTIINOR,SM,01-Oct-2026,176.5,177.05,177.05,165.1,172.95,120000,205.29,70,80000.0,66.67,2026-10-01
SHARDACROP,EQ,01-Oct-2026,723.5,720.0,720.3,697.6,709.2,128905,912.67,12921,72996.0,56.63,2026-10-01
SHARDAMOTR,EQ,01-Oct-2026,956.95,962.8,977.0,916.65,928.8,56275,526.68,7531,27265.0,48.45,2026-10-01
SHARDUL,BE,01-Oct-2026,56.98,57.5,58.22,57.03,57.98,68518,39.65,193,,,2026-10-01
SHAREINDIA,EQ,01-Oct-2026,205.01,202.5,209.31,199.12,205.09,1139127,2328.42,15491,299279.0,26.27,2026-10-01
SHARIABEES,EQ,01-Oct-2026,422.87,424.98,426.0,417.0,423.26,16440,69.11,806,8663.0,52.69,2026-10-01
SHBAJRG,EQ,01-Oct-2026,159.79,161.95,183.0,160.0,172.33,42622,74.46,1055,28832.0,67.65,2026-10-01
SHEETAL,SM,01-Oct-2026,357.15,355.0,359.0,355.0,359.0,1000,3.57,2,1000.0,100.0,2026-10-01
SHEKHAWATI,BE,01-Oct-2026,31.68,33.26,33.26,30.1,30.1,138399,43.59,379,,,2026-10-01
SHEMAROO,EQ,01-Oct-2026,117.12,118.5,118.95,115.21,115.21,5349,6.23,66,5128.0,95.87,2026-10-01
SHERA,SM,01-Oct-2026,198.0,195.0,199.9,189.95,190.0,44000,85.43,41,37000.0,84.09,2026-10-01
SHETHJI,SM,01-Oct-2026,185.7,189.5,189.5,182.1,184.15,22000,40.57,13,15000.0,68.18,2026-10-01
SHILCTECH,EQ,01-Oct-2026,4084.0,4084.0,4100.0,3985.2,4033.0,12506,504.88,3102,6095.0,48.74,2026-10-01
SHILGRAVQ,EQ,01-Oct-2026,146.05,145.9,145.9,137.0,139.35,4206,5.86,126,3330.0,79.17,2026-10-01
SHILPAMED,EQ,01-Oct-2026,1047.2,1044.0,1095.0,1034.6,1064.1,1687680,18156.23,75167,594819.0,35.24,2026-10-01
SHINDL,EQ,01-Oct-2026,159.6,158.12,160.0,154.0,159.12,82053,129.06,793,37176.0,45.31,2026-10-01
SHIPROCKET,EQ,01-Oct-2026,120.16,119.74,121.0,118.2,119.98,1945076,2321.24,31481,666353.0,34.26,2026-10-01
SHIVAAGRO,EQ,01-Oct-2026,39.47,39.6,39.6,36.61,39.22,8935,3.48,75,7740.0,86.63,2026-10-01
SHIVACEM,EQ,01-Oct-2026,13.76,13.76,13.94,12.8,13.34,296434,39.07,974,190040.0,64.11,2026-10-01
SHIVALIK,EQ,01-Oct-2026,403.45,399.0,403.45,373.55,394.05,99182,382.46,5924,42463.0,42.81,2026-10-01
SHIVAMAUTO,EQ,01-Oct-2026,17.04,17.04,17.31,16.71,17.07,35302,5.99,159,25034.0,70.91,2026-10-01
SHIVAMILLS,EQ,01-Oct-2026,58.14,60.0,60.0,56.27,56.59,1434,0.82,51,1218.0,84.94,2026-10-01
SHIVASHRIT,SM,01-Oct-2026,113.65,113.75,115.15,107.5,113.75,85000,94.88,68,47000.0,55.29,2026-10-01
SHIVATEX,EQ,01-Oct-2026,166.87,166.87,172.6,166.03,172.6,780,1.3,7,780.0,100.0,2026-10-01
SHIVAUM,EQ,01-Oct-2026,557.15,559.5,559.5,551.5,554.6,2431,13.51,135,1225.0,50.39,2026-10-01
SHK,EQ,01-Oct-2026,141.02,141.0,141.35,135.0,137.86,208064,287.42,4054,92089.0,44.26,2026-10-01
SHKSIL,SM,01-Oct-2026,32.0,32.0,32.0,31.95,31.95,4000,1.28,2,4000.0,100.0,2026-10-01
SHOPERSTOP,EQ,01-Oct-2026,415.0,412.75,414.5,384.3,404.7,137363,547.2,10290,36485.0,26.56,2026-10-01
SHRADDHA,EQ,01-Oct-2026,152.31,159.0,159.0,146.32,155.1,25371,39.0,326,22066.0,86.97,2026-10-01
SHRADHA,EQ,01-Oct-2026,30.5,29.5,33.0,29.5,29.89,6515,1.94,91,4985.0,76.52,2026-10-01
SHREDIGCEM,EQ,01-Oct-2026,65.92,66.0,67.35,65.0,66.69,90765,59.89,1299,40586.0,44.72,2026-10-01
SHREECEM,EQ,01-Oct-2026,22345.0,22250.0,22275.0,21355.0,21900.0,59306,12913.3,19097,36070.0,60.82,2026-10-01
SHREEDHAR,ST,01-Oct-2026,163.6,164.55,164.55,156.3,157.15,32000,50.92,11,30000.0,93.75,2026-10-01
SHREEJISPG,EQ,01-Oct-2026,770.4,774.0,780.0,761.25,775.35,1026808,7923.46,17593,414818.0,40.4,2026-10-01
SHREEKARNI,SM,01-Oct-2026,382.0,385.0,385.0,378.0,378.0,450,1.71,2,450.0,100.0,2026-10-01
SHREEOSFM,SM,01-Oct-2026,51.7,53.4,56.0,53.4,55.1,30000,16.39,28,26000.0,86.67,2026-10-01
SHREEPUSHK,EQ,01-Oct-2026,492.75,494.45,499.95,480.0,491.5,40500,197.43,1984,19573.0,48.33,2026-10-01
SHREERAMA,EQ,01-Oct-2026,43.73,43.4,44.23,42.8,43.16,37590,16.23,463,29980.0,79.76,2026-10-01
SHREMINVIT,IV,01-Oct-2026,102.0,107.95,107.95,103.0,103.0,50000,52.74,2,25000.0,50.0,2026-10-01
SHRENIK,BZ,01-Oct-2026,0.29,0.3,0.3,0.28,0.28,249886,0.71,136,,,2026-10-01
SHREYANIND,EQ,01-Oct-2026,130.45,129.99,133.5,122.0,126.29,10571,13.49,188,8831.0,83.54,2026-10-01
SHRIAHIMSA,SM,01-Oct-2026,438.0,435.0,435.0,420.0,422.5,5400,23.07,9,4200.0,77.78,2026-10-01
SHRIKANHA,SM,01-Oct-2026,22.1,22.05,22.95,21.95,21.95,9600,2.13,6,8000.0,83.33,2026-10-01
SHRIKRISH,EQ,01-Oct-2026,33.89,37.24,37.27,34.02,35.96,1257,0.46,27,1007.0,80.11,2026-10-01
SHRINGARMS,EQ,01-Oct-2026,224.6,224.8,228.0,216.41,221.31,1103142,2460.25,11437,286464.0,25.97,2026-10-01
SHRIPISTON,EQ,01-Oct-2026,4653.7,4600.0,4673.8,4350.0,4490.5,186749,8344.22,38804,91447.0,48.97,2026-10-01
SHRIRAMFIN,EQ,01-Oct-2026,982.7,973.5,975.0,936.0,945.0,5599670,53265.32,126901,3556104.0,63.51,2026-10-01
SHRIRAMPPS,EQ,01-Oct-2026,69.21,69.0,69.53,65.59,67.36,414796,279.02,4946,219378.0,52.89,2026-10-01
SHRITECH,SM,01-Oct-2026,61.5,59.0,59.0,58.8,58.8,6000,3.54,3,6000.0,100.0,2026-10-01
SHRJAGP,EQ,01-Oct-2026,665.6,665.0,704.9,660.05,673.0,868,5.95,64,694.0,79.95,2026-10-01
SHUBHLAXMI,SM,01-Oct-2026,18.15,17.3,17.3,17.25,17.25,4000,0.69,3,3000.0,75.0,2026-10-01
SHUBHSHREE,SM,01-Oct-2026,333.0,335.0,335.0,334.0,334.0,900,3.01,3,900.0,100.0,2026-10-01
SHUKRAPHAR,EQ,01-Oct-2026,62.09,62.0,65.4,61.0,61.8,7563030,4754.84,42628,1608581.0,21.27,2026-10-01
SHYAMCENT,BE,01-Oct-2026,4.97,4.97,5.21,4.89,5.0,223042,11.12,119,,,2026-10-01
SHYAMDHANI,SM,01-Oct-2026,52.3,52.3,55.0,52.3,53.0,18000,9.67,8,14000.0,77.78,2026-10-01
SHYAMMETL,EQ,01-Oct-2026,1065.0,1072.5,1075.7,1027.1,1047.8,475311,5036.28,22571,261155.0,54.94,2026-10-01
SHYAMTEL,EQ,01-Oct-2026,10.99,10.7,11.23,10.24,10.32,3810,0.41,44,1548.0,40.63,2026-10-01
SICAGEN,EQ,01-Oct-2026,51.74,51.76,52.45,50.5,50.96,16580,8.46,198,12998.0,78.4,2026-10-01
SICALLOG,BE,01-Oct-2026,91.19,92.0,92.0,87.0,87.08,35305,30.91,202,,,2026-10-01
SIDDHICOTS,SM,01-Oct-2026,26.4,26.3,26.3,26.0,26.0,2400,0.63,2,2400.0,100.0,2026-10-01
SIDDHIKA,SM,01-Oct-2026,214.0,214.3,214.3,214.25,214.25,2500,5.36,3,2500.0,100.0,2026-10-01
SIEL,EQ,01-Oct-2026,29.01,30.0,30.46,29.85,30.46,328,0.1,12,328.0,100.0,2026-10-01
SIEMENS,EQ,01-Oct-2026,3725.6,3725.7,3804.0,3709.5,3804.0,243713,9170.22,20118,102983.0,42.26,2026-10-01
SIGACHI,EQ,01-Oct-2026,28.8,28.8,29.4,28.0,28.34,2213562,629.99,7861,936604.0,42.31,2026-10-01
SIGIND,BE,01-Oct-2026,68.73,71.7,71.7,65.3,67.42,18489,12.26,125,,,2026-10-01
SIGMA,EQ,01-Oct-2026,44.25,45.8,46.5,44.51,44.91,119958,54.62,2034,53934.0,44.96,2026-10-01
SIGMAADV,BE,01-Oct-2026,1025.7,1076.9,1076.9,1076.9,1076.9,542861,5846.07,1584,,,2026-10-01
SIGNATURE,EQ,01-Oct-2026,727.15,726.0,745.0,713.0,737.45,227926,1650.99,6767,26157.0,11.48,2026-10-01
SIGNPOST,EQ,01-Oct-2026,262.0,262.25,265.0,254.1,259.4,72245,187.57,1403,42270.0,58.51,2026-10-01
SIKA,EQ,01-Oct-2026,1014.35,1014.3,1029.9,991.0,1018.2,34402,347.21,3016,18231.0,52.99,2026-10-01
SIKKO,BE,01-Oct-2026,6.33,6.3,6.45,6.02,6.22,459887,28.64,597,,,2026-10-01
SIL,EQ,01-Oct-2026,15.69,15.7,16.25,15.62,15.83,44356,7.09,292,36150.0,81.5,2026-10-01
SILGO,EQ,01-Oct-2026,70.21,68.8,70.78,68.39,70.17,10640,7.44,241,8612.0,80.94,2026-10-01
SILINV,EQ,01-Oct-2026,431.45,430.0,439.7,411.0,424.55,1793,7.6,100,1712.0,95.48,2026-10-01
SILKFLEX,SM,01-Oct-2026,273.1,273.0,286.75,273.0,286.75,35000,97.98,35,29000.0,82.86,2026-10-01
SILKY,SM,01-Oct-2026,65.5,76.9,76.9,65.0,66.2,12800,8.66,15,5600.0,43.75,2026-10-01
SILVER,EQ,01-Oct-2026,218.96,218.12,220.0,217.39,217.94,728291,1591.16,6673,283778.0,38.96,2026-10-01
SILVER001,EQ,01-Oct-2026,22.19,22.5,22.63,21.61,21.99,335062,74.03,132,309349.0,92.33,2026-10-01
SILVER1,EQ,01-Oct-2026,21.28,21.32,21.39,21.11,21.18,10401667,2210.36,6280,5254412.0,50.52,2026-10-01
SILVER360,EQ,01-Oct-2026,216.12,217.0,217.43,214.4,214.83,10357,22.36,389,7059.0,68.16,2026-10-01
SILVERADD,EQ,01-Oct-2026,21.1,21.15,21.24,20.97,21.02,1175929,248.03,2732,511577.0,43.5,2026-10-01
SILVERAG,EQ,01-Oct-2026,213.56,212.8,214.61,211.98,212.81,138990,296.04,1364,87869.0,63.22,2026-10-01
SILVERAXIS,EQ,01-Oct-2026,217.94,218.23,219.16,216.6,217.05,268551,584.89,1648,205188.0,76.41,2026-10-01
SILVERBEES,EQ,01-Oct-2026,209.62,209.68,210.74,208.11,208.71,14581958,30495.51,60965,7703177.0,52.83,2026-10-01
SILVERBETA,EQ,01-Oct-2026,211.66,212.76,212.81,210.13,210.91,441075,931.51,2603,296545.0,67.23,2026-10-01
SILVERBND,EQ,01-Oct-2026,220.06,214.1,221.47,214.1,219.19,6302,13.82,121,4718.0,74.87,2026-10-01
SILVERCASE,EQ,01-Oct-2026,22.2,22.2,22.33,22.05,22.12,3705407,821.46,6742,1846058.0,49.82,2026-10-01
SILVERIETF,EQ,01-Oct-2026,218.88,219.2,220.0,217.35,217.95,1747341,3819.87,15776,785220.0,44.94,2026-10-01
SILVERTUC,EQ,01-Oct-2026,140.49,142.49,142.5,136.41,138.68,256017,357.65,4582,70576.0,27.57,2026-10-01
SIMBHALS,BZ,01-Oct-2026,6.4,6.6,6.72,6.6,6.72,5019,0.34,13,,,2026-10-01
SIMCA,ST,01-Oct-2026,287.5,294.95,294.95,288.0,290.05,12000,34.9,17,12000.0,100.0,2026-10-01
SIMPLEXINF,EQ,01-Oct-2026,245.5,245.7,253.0,234.8,245.01,700626,1686.94,5817,543378.0,77.56,2026-10-01
SIMPLXREA,EQ,01-Oct-2026,130.0,124.65,124.65,123.5,123.5,314,0.39,11,306.0,97.45,2026-10-01
SINCLAIR,EQ,01-Oct-2026,78.63,80.0,80.5,76.55,76.71,16873,13.07,493,9398.0,55.7,2026-10-01
SINDHUTRAD,EQ,01-Oct-2026,22.89,22.9,22.94,21.93,22.23,247880,55.41,1223,109796.0,44.29,2026-10-01
SINGERIND,EQ,01-Oct-2026,77.31,75.76,78.0,73.9,74.66,79656,59.87,1201,59233.0,74.36,2026-10-01
SINTERCOM,EQ,01-Oct-2026,79.91,79.91,79.91,74.0,75.87,1933,1.46,79,1526.0,78.94,2026-10-01
SIRCA,EQ,01-Oct-2026,410.1,410.0,410.1,397.0,401.55,129849,525.23,2886,39896.0,30.72,2026-10-01
SIS,EQ,01-Oct-2026,419.1,419.1,419.85,407.2,412.85,85848,354.05,8828,40093.0,46.7,2026-10-01
SITINET,BZ,01-Oct-2026,0.27,0.27,0.28,0.27,0.27,248430,0.68,180,,,2026-10-01
SIYSIL,EQ,01-Oct-2026,539.95,538.0,538.0,525.0,531.55,28509,151.73,2762,15884.0,55.72,2026-10-01
SJLOGISTIC,SM,01-Oct-2026,310.1,317.9,318.95,307.6,311.5,25250,79.46,80,17500.0,69.31,2026-10-01
SJS,EQ,01-Oct-2026,2258.0,2250.0,2258.0,2090.8,2159.8,310025,6655.37,43252,166709.0,53.77,2026-10-01
SJVN,EQ,01-Oct-2026,59.32,59.25,59.27,56.73,57.91,4376261,2528.86,41218,1793472.0,40.98,2026-10-01
SKFINDIA,EQ,01-Oct-2026,1509.9,1510.0,1510.0,1443.2,1450.2,62968,921.13,9702,34496.0,54.78,2026-10-01
SKFINDUS,EQ,01-Oct-2026,2767.9,2760.0,2760.0,2662.0,2734.2,35509,961.22,10027,17338.0,48.83,2026-10-01
SKIPPER,EQ,01-Oct-2026,531.15,532.2,554.45,526.6,541.2,1034814,5610.17,31147,366303.0,35.4,2026-10-01
SKMEGGPROD,EQ,01-Oct-2026,211.15,210.95,210.95,201.1,205.29,216666,443.68,5500,115759.0,53.43,2026-10-01
SKP,SM,01-Oct-2026,165.8,152.0,163.4,152.0,163.0,55500,90.15,43,38500.0,69.37,2026-10-01
SKYGOLD,EQ,01-Oct-2026,810.7,810.7,817.9,776.5,810.65,1141277,9120.43,35290,734538.0,64.36,2026-10-01
SKYTECH,SM,01-Oct-2026,37.05,38.9,38.9,35.2,38.9,449600,168.02,250,323200.0,71.89,2026-10-01
SKYWAYS,EQ,01-Oct-2026,113.26,114.4,114.4,108.51,110.29,1680019,1862.98,22737,468985.0,27.92,2026-10-01
SLONE,ST,01-Oct-2026,167.4,165.0,165.0,160.0,161.0,2400,3.9,6,2400.0,100.0,2026-10-01
SMALL250,EQ,01-Oct-2026,17.91,17.91,18.24,17.4,17.63,833083,146.74,1758,526695.0,63.22,2026-10-01
SMALLADD,EQ,01-Oct-2026,18.0,18.21,18.21,17.5,17.73,119134,21.12,399,72290.0,60.68,2026-10-01
SMALLCAP,EQ,01-Oct-2026,47.86,47.98,47.98,46.7,47.43,1878881,887.26,6611,966868.0,51.46,2026-10-01
SMALLGROWW,EQ,01-Oct-2026,48.3,48.2,48.65,46.97,48.21,11724,5.58,130,10600.0,90.41,2026-10-01
SMALLIETF,EQ,01-Oct-2026,17.92,18.1,18.14,17.41,17.69,88073,15.51,269,43012.0,48.84,2026-10-01
SMARTEN,SM,01-Oct-2026,61.0,60.1,62.9,57.95,57.95,21600,12.68,13,16800.0,77.78,2026-10-01
SMARTLINK,BE,01-Oct-2026,211.91,209.0,218.99,209.0,212.1,6005,12.75,67,,,2026-10-01
SMARTWORKS,EQ,01-Oct-2026,519.85,519.95,529.45,499.45,510.65,53593,272.58,2767,30825.0,57.52,2026-10-01
SMCGLOBAL,EQ,01-Oct-2026,94.48,95.0,102.68,93.5,99.06,9500246,9327.3,63301,1849370.0,19.47,2026-10-01
SML100CASE,EQ,01-Oct-2026,10.98,10.98,11.13,10.7,10.83,3548987,385.16,3266,2252272.0,63.46,2026-10-01
SMLMAH,EQ,01-Oct-2026,6578.0,6550.0,6581.0,6249.5,6251.0,72958,4618.4,10476,34016.0,46.62,2026-10-01
SMLT,EQ,01-Oct-2026,61.82,67.0,74.18,66.0,74.18,112524,81.84,514,84103.0,74.74,2026-10-01
SMSPHARMA,EQ,01-Oct-2026,476.6,473.0,481.9,456.35,471.3,393944,1848.91,12363,167917.0,42.62,2026-10-01
SNEHAA,SM,01-Oct-2026,42.0,42.0,44.7,42.0,44.35,3000,1.31,3,3000.0,100.0,2026-10-01
SNOWMAN,EQ,01-Oct-2026,34.64,34.6,34.64,33.76,34.11,105331,35.88,1045,58061.0,55.12,2026-10-01
SNXT30BEES,EQ,01-Oct-2026,40.69,40.65,40.65,39.48,40.1,13018,5.21,199,8235.0,63.26,2026-10-01
SNXT50BETA,EQ,01-Oct-2026,88.91,88.74,90.68,87.51,89.69,906,0.81,88,675.0,74.5,2026-10-01
SOBHA,EQ,01-Oct-2026,1221.6,1214.0,1227.6,1176.6,1213.1,86762,1048.41,12616,34621.0,39.9,2026-10-01
SOCL,SM,01-Oct-2026,28.75,28.5,28.6,28.5,28.6,11200,3.2,5,11200.0,100.0,2026-10-01
SOFTTECH,EQ,01-Oct-2026,493.5,475.35,492.45,468.85,474.3,3354,16.05,171,1377.0,41.06,2026-10-01
SOLARA,EQ,01-Oct-2026,725.4,726.0,736.95,698.0,714.85,244820,1752.31,11445,96286.0,39.33,2026-10-01
SOLARINDS,EQ,01-Oct-2026,19700.0,19588.0,19673.0,18786.0,19400.0,204788,39336.17,43381,73311.0,35.8,2026-10-01
SOLARWORLD,EQ,01-Oct-2026,129.28,129.71,132.9,123.35,125.55,444801,569.86,7848,157598.0,35.43,2026-10-01
SOLEX,EQ,01-Oct-2026,678.85,677.5,680.0,655.0,670.95,24793,165.75,2683,8800.0,35.49,2026-10-01
SOMANYCERA,EQ,01-Oct-2026,617.75,617.7,619.0,597.2,614.2,95859,585.0,4372,54350.0,56.7,2026-10-01
SOMATEX,EQ,01-Oct-2026,79.16,79.95,79.95,75.3,75.76,8587,6.58,140,7173.0,83.53,2026-10-01
SOMICONVEY,EQ,01-Oct-2026,89.31,90.99,90.99,82.0,83.73,13867,11.85,343,11415.0,82.32,2026-10-01
SONA,BE,01-Oct-2026,96.03,95.5,97.0,91.5,92.47,238440,223.59,1181,,,2026-10-01
SONACOMS,EQ,01-Oct-2026,830.0,828.0,828.55,783.65,805.0,3497748,28017.42,88023,1564733.0,44.74,2026-10-01
SONAMAC,SM,01-Oct-2026,31.05,30.0,31.95,29.5,29.85,22000,6.61,15,20000.0,90.91,2026-10-01
SONAMLTD,BE,01-Oct-2026,68.15,68.5,69.95,65.96,68.95,33183,22.48,236,,,2026-10-01
SONATSOFTW,EQ,01-Oct-2026,258.25,258.55,264.95,249.2,254.05,852770,2177.27,28786,318238.0,37.32,2026-10-01
SONUINFRA,SM,01-Oct-2026,43.55,41.6,42.0,41.6,41.6,9000,3.75,6,7500.0,83.33,2026-10-01
SOTAC,SM,01-Oct-2026,90.05,90.05,90.05,90.05,90.05,1200,1.08,1,1200.0,100.0,2026-10-01
SOTL,EQ,01-Oct-2026,718.8,718.0,734.6,704.2,729.5,296616,2129.1,14134,109590.0,36.95,2026-10-01
SOUTHBANK,EQ,01-Oct-2026,48.24,47.89,48.25,46.8,47.44,12229088,5818.13,36709,4930229.0,40.32,2026-10-01
SOUTHWEST,EQ,01-Oct-2026,182.49,182.49,185.0,177.54,181.7,122218,220.69,3655,66820.0,54.67,2026-10-01
SPAL,EQ,01-Oct-2026,964.6,964.6,966.15,905.8,935.6,57570,533.39,4090,31181.0,54.16,2026-10-01
SPANDANA,EQ,01-Oct-2026,220.76,220.97,221.03,214.0,216.34,186398,404.54,8143,97298.0,52.2,2026-10-01
SPARC,EQ,01-Oct-2026,197.19,197.19,197.89,189.01,194.13,1071707,2075.34,19358,408674.0,38.13,2026-10-01
SPCENET,EQ,01-Oct-2026,3.18,3.24,3.35,3.17,3.24,420090,13.65,411,275456.0,65.57,2026-10-01
SPCL,SM,01-Oct-2026,62.35,63.0,63.75,61.1,61.95,16800,10.43,24,12000.0,71.43,2026-10-01
SPEB,SM,01-Oct-2026,88.4,86.0,86.0,86.0,86.0,2000,1.72,1,2000.0,100.0,2026-10-01
SPECIALITY,BE,01-Oct-2026,154.1,157.5,158.0,149.0,153.5,25371,39.4,302,,,2026-10-01
SPECTRAA,ST,01-Oct-2026,251.0,251.0,254.0,238.45,241.1,153600,377.51,125,148800.0,96.88,2026-10-01
SPECTRUM,BE,01-Oct-2026,3846.1,3980.0,3980.0,3656.0,3853.4,8519,321.05,775,,,2026-10-01
SPECTSTM,SM,01-Oct-2026,61.5,57.05,59.9,57.0,59.9,2400,1.39,3,2400.0,100.0,2026-10-01
SPENCERS,EQ,01-Oct-2026,26.71,27.0,27.0,25.99,26.24,37655,9.9,569,31920.0,84.77,2026-10-01
SPIC,EQ,01-Oct-2026,63.94,63.7,63.7,61.5,62.23,234104,146.05,3194,127616.0,54.51,2026-10-01
SPLIL,EQ,01-Oct-2026,29.24,29.6,29.6,28.11,28.5,3855,1.11,178,2717.0,70.48,2026-10-01
SPLPETRO,EQ,01-Oct-2026,808.2,808.2,810.0,764.9,780.45,227873,1782.44,18676,87660.0,38.47,2026-10-01
SPMLINFRA,EQ,01-Oct-2026,161.02,161.86,167.3,155.41,159.31,255283,409.94,4533,105966.0,41.51,2026-10-01
SPORTKING,EQ,01-Oct-2026,210.5,210.88,211.77,202.16,208.54,166056,343.58,4476,91307.0,54.99,2026-10-01
SPPPOLY,SM,01-Oct-2026,11.85,11.85,11.95,11.3,11.95,14000,1.61,7,10000.0,71.43,2026-10-01
SPRL,SM,01-Oct-2026,139.25,146.2,146.2,146.2,146.2,1600,2.34,2,1600.0,100.0,2026-10-01
SPUNWEB,SM,01-Oct-2026,99.65,101.8,103.0,96.1,97.0,20400,20.49,10,19200.0,94.12,2026-10-01
SRD,EQ,01-Oct-2026,38.54,38.01,38.88,38.01,38.08,3040,1.16,67,2157.0,70.95,2026-10-01
SREEL,BE,01-Oct-2026,287.59,294.2,301.95,284.0,292.6,20973,61.33,306,,,2026-10-01
SRF,EQ,01-Oct-2026,2472.5,2472.5,2494.9,2431.7,2486.2,352530,8671.0,16772,216304.0,61.36,2026-10-01
SRGHFL,EQ,01-Oct-2026,136.4,135.14,138.5,135.0,135.77,5172,7.07,133,3541.0,68.46,2026-10-01
SRHHYPOLTD,EQ,01-Oct-2026,563.9,564.0,569.3,532.75,543.6,25322,138.68,2109,12336.0,48.72,2026-10-01
SRIKPRIND,BE,01-Oct-2026,26.25,27.55,27.55,24.94,27.49,2861,0.76,39,,,2026-10-01
SRIVASAVI,ST,01-Oct-2026,77.65,77.65,77.65,73.8,73.8,21000,15.58,14,21000.0,100.0,2026-10-01
SRM,EQ,01-Oct-2026,404.4,401.3,408.55,391.65,398.75,48009,191.2,2882,24641.0,51.33,2026-10-01
SRTL,EQ,01-Oct-2026,37.26,37.57,37.57,35.93,36.4,23749,8.65,510,19040.0,80.17,2026-10-01
SSDL,EQ,01-Oct-2026,75.81,74.11,74.51,68.12,69.39,175616,123.33,4109,86125.0,49.04,2026-10-01
SSEGL,SM,01-Oct-2026,380.05,380.0,388.0,372.0,385.05,66400,251.2,112,34800.0,52.41,2026-10-01
SSFL,ST,01-Oct-2026,280.1,282.0,284.95,280.6,284.95,3000,8.51,6,3000.0,100.0,2026-10-01
SSRETAIL,EQ,01-Oct-2026,749.5,738.05,745.0,692.3,714.35,8031732,57792.18,194927,992104.0,12.35,2026-10-01
SSWL,EQ,01-Oct-2026,408.1,409.0,419.8,378.2,390.8,3280912,12936.52,86827,1048406.0,31.95,2026-10-01
STALLION,BE,01-Oct-2026,230.55,230.8,239.2,224.0,231.81,417129,966.63,3289,,,2026-10-01
STANLEY,EQ,01-Oct-2026,136.31,136.01,141.49,133.22,136.22,224510,306.55,3590,76125.0,33.91,2026-10-01
STAR,EQ,01-Oct-2026,1120.0,1108.4,1122.0,1076.0,1084.8,340843,3711.93,30463,178562.0,52.39,2026-10-01
STARCEMENT,EQ,01-Oct-2026,181.96,179.43,181.33,175.5,178.39,171575,305.19,5296,86435.0,50.38,2026-10-01
STARHEALTH,EQ,01-Oct-2026,534.65,536.45,543.0,523.05,537.7,1268853,6698.32,48069,882090.0,69.52,2026-10-01
STARPAPER,EQ,01-Oct-2026,152.52,152.52,156.4,150.01,151.81,5035,7.7,241,3068.0,60.93,2026-10-01
STARTECK,EQ,01-Oct-2026,306.95,313.9,313.9,288.05,290.95,1606,4.77,97,888.0,55.29,2026-10-01
STCINDIA,EQ,01-Oct-2026,109.14,110.0,110.0,105.1,105.96,11515,12.23,362,8225.0,71.43,2026-10-01
STEAMHOUSE,EQ,01-Oct-2026,110.94,111.25,111.94,103.11,106.51,4239910,4538.64,36948,1991527.0,46.97,2026-10-01
STEELCAS,EQ,01-Oct-2026,377.2,374.9,377.0,343.95,356.45,349563,1245.21,11679,169043.0,48.36,2026-10-01
STEELCITY,EQ,01-Oct-2026,81.35,82.39,82.39,80.0,80.11,6534,5.27,136,4229.0,64.72,2026-10-01
STEELXIND,EQ,01-Oct-2026,11.42,11.4,11.45,11.07,11.22,4501675,502.95,3188,2309286.0,51.3,2026-10-01
STEL,EQ,01-Oct-2026,570.1,551.3,580.5,551.3,574.15,2660,15.0,287,1912.0,71.88,2026-10-01
STERTOOLS,EQ,01-Oct-2026,218.31,221.0,234.9,215.0,224.28,121325,275.44,3162,52651.0,43.4,2026-10-01
STLNETWORK,EQ,01-Oct-2026,48.97,48.82,50.35,46.53,47.18,13627273,6538.23,30810,6432350.0,47.2,2026-10-01
STLSTRINF,EQ,01-Oct-2026,22.25,22.25,23.81,21.26,21.52,7360,1.63,128,5359.0,72.81,2026-10-01
STLTECH,BE,01-Oct-2026,909.9,955.35,955.35,889.0,955.35,5594054,52814.84,69173,,,2026-10-01
STOVEKRAFT,EQ,01-Oct-2026,794.95,796.0,816.7,787.05,809.15,170167,1367.97,7544,103644.0,60.91,2026-10-01
STUDDS,EQ,01-Oct-2026,393.85,397.0,407.0,389.15,399.85,48629,191.56,3641,23241.0,47.79,2026-10-01
STUDIOLSD,SM,01-Oct-2026,8.95,8.55,8.95,8.5,8.8,14000,1.23,7,8000.0,57.14,2026-10-01
STYL,EQ,01-Oct-2026,369.95,369.0,375.0,357.45,366.0,122778,449.35,4487,64790.0,52.77,2026-10-01
STYLAMIND,EQ,01-Oct-2026,3308.7,3308.2,3317.8,3158.1,3219.9,52489,1690.29,9179,25287.0,48.18,2026-10-01
STYLEBAAZA,EQ,01-Oct-2026,384.75,391.0,391.1,365.55,368.35,1627432,6053.78,12217,977775.0,60.08,2026-10-01
STYRENIX,EQ,01-Oct-2026,2015.5,2005.2,2072.0,1950.3,2055.0,55786,1120.58,5267,29363.0,52.64,2026-10-01
SUBAHOTELS,SM,01-Oct-2026,93.05,93.0,93.5,91.0,92.45,43200,39.76,33,34800.0,80.56,2026-10-01
SUBEXLTD,EQ,01-Oct-2026,19.73,19.7,19.9,18.46,19.34,10635459,2043.49,29335,2850610.0,26.8,2026-10-01
SUBROS,EQ,01-Oct-2026,699.35,699.0,699.0,677.05,684.9,33612,230.98,2740,17640.0,52.48,2026-10-01
SUDARCOLOR,EQ,01-Oct-2026,376.95,377.0,383.0,362.5,368.1,4435,16.44,362,3376.0,76.12,2026-10-01
SUDARSCHEM,EQ,01-Oct-2026,1203.9,1198.2,1249.7,1184.5,1241.5,425401,5183.24,29570,255136.0,59.98,2026-10-01
SUDEEPPHRM,EQ,01-Oct-2026,1205.8,1222.2,1237.3,1171.1,1199.8,205622,2463.48,13694,113506.0,55.2,2026-10-01
SUKHJITS,EQ,01-Oct-2026,156.42,155.05,158.09,150.3,150.93,15465,23.64,495,10697.0,69.17,2026-10-01
SULA,EQ,01-Oct-2026,133.3,133.3,133.5,130.0,130.94,255283,334.79,5689,137204.0,53.75,2026-10-01
SUMAX,SM,01-Oct-2026,103.75,102.0,102.5,99.0,101.25,63600,64.29,45,49200.0,77.36,2026-10-01
SUMEDHA,EQ,01-Oct-2026,45.48,45.95,45.95,43.0,43.42,4643,2.06,54,3470.0,74.74,2026-10-01
SUMEETINDS,EQ,01-Oct-2026,10.92,10.71,10.91,10.38,10.38,781688,82.01,1091,524502.0,67.1,2026-10-01
SUMICHEM,EQ,01-Oct-2026,433.25,426.25,432.15,408.2,417.6,886386,3695.19,44070,514053.0,57.99,2026-10-01
SUMIT,EQ,01-Oct-2026,49.59,50.0,50.0,44.0,47.76,13580,6.52,160,10286.0,75.74,2026-10-01
SUMMITSEC,EQ,01-Oct-2026,1318.9,1301.0,1329.9,1301.0,1315.5,1213,15.91,267,728.0,60.02,2026-10-01
SUNCLAY,EQ,01-Oct-2026,1228.9,1233.0,1237.1,1168.1,1183.0,12518,150.61,947,8260.0,65.98,2026-10-01
SUNDARAM,EQ,01-Oct-2026,1.09,1.09,1.1,1.04,1.08,874908,9.3,517,679781.0,77.7,2026-10-01
SUNDARMFIN,EQ,01-Oct-2026,4355.0,4354.0,4414.7,4286.0,4395.9,39347,1703.98,10763,22354.0,56.81,2026-10-01
SUNDRMBRAK,EQ,01-Oct-2026,676.05,677.4,680.4,665.0,669.95,2427,16.32,67,2334.0,96.17,2026-10-01
SUNDRMFAST,EQ,01-Oct-2026,1139.3,1139.3,1142.9,1106.1,1123.6,145775,1641.83,16842,75626.0,51.88,2026-10-01
SUNDROP,EQ,01-Oct-2026,745.2,747.4,759.0,728.7,753.15,30756,227.94,733,25707.0,83.58,2026-10-01
SUNFLAG,EQ,01-Oct-2026,456.05,443.4,454.8,433.25,433.5,420955,1851.6,7545,263117.0,62.5,2026-10-01
SUNLITE,SM,01-Oct-2026,617.85,620.9,659.0,609.05,644.4,51600,329.14,149,36900.0,71.51,2026-10-01
SUNLOC,EQ,01-Oct-2026,68.8,74.0,74.0,70.1,70.1,1432,1.03,19,236.0,16.48,2026-10-01
SUNPHARMA,EQ,01-Oct-2026,1816.6,1815.0,1828.7,1792.6,1801.0,2314700,41835.05,89099,1480497.0,63.96,2026-10-01
SUNRAKSHAK,EQ,01-Oct-2026,358.9,358.9,363.2,350.05,358.9,5267,18.85,430,4153.0,78.85,2026-10-01
SUNREST,SM,01-Oct-2026,38.0,35.55,35.6,35.5,35.5,6400,2.27,4,4800.0,75.0,2026-10-01
SUNSHIEL,EQ,01-Oct-2026,1054.0,1054.0,1074.0,1025.7,1059.0,3157,33.34,459,1987.0,62.94,2026-10-01
SUNSHINE,EQ,01-Oct-2026,453.65,452.95,459.7,447.5,453.0,528270,2406.91,6168,264714.0,50.11,2026-10-01
SUNTECH,SM,01-Oct-2026,38.45,37.0,37.0,36.75,36.75,4800,1.77,3,4800.0,100.0,2026-10-01
SUNTECK,EQ,01-Oct-2026,277.4,277.0,281.6,270.8,279.45,137778,378.45,4318,71533.0,51.92,2026-10-01
SUNTV,EQ,01-Oct-2026,605.0,588.0,610.0,574.15,599.9,6014245,35548.89,132821,630606.0,10.49,2026-10-01
SUPERHOUSE,EQ,01-Oct-2026,160.05,162.94,162.94,151.06,154.66,6988,10.84,220,3410.0,48.8,2026-10-01
SUPERSPIN,BE,01-Oct-2026,7.71,7.74,7.97,7.5,7.51,86739,6.55,55,,,2026-10-01
SUPRAJIT,EQ,01-Oct-2026,481.2,480.0,484.75,470.3,481.05,89227,425.4,6569,50054.0,56.1,2026-10-01
SUPREME,EQ,01-Oct-2026,30.42,30.53,31.87,30.25,31.08,8886,2.72,132,7691.0,86.55,2026-10-01
SUPREMEENG,BZ,01-Oct-2026,4.16,4.24,4.24,4.24,4.24,245495,10.41,110,,,2026-10-01
SUPREMEIND,EQ,01-Oct-2026,3451.0,3437.0,3440.0,3286.9,3380.0,167968,5625.69,20588,70351.0,41.88,2026-10-01
SUPREMEINF,EQ,01-Oct-2026,73.9,75.9,75.9,65.5,66.94,282079,192.36,2753,138255.0,49.01,2026-10-01
SUPREMEPWR,SM,01-Oct-2026,209.15,208.1,215.0,207.15,208.4,58000,122.36,107,40500.0,69.83,2026-10-01
SUPRIYA,EQ,01-Oct-2026,950.25,942.45,948.25,913.3,931.0,209232,1941.2,18966,99684.0,47.64,2026-10-01
SUPTANERY,BE,01-Oct-2026,8.48,8.1,8.87,8.06,8.06,158149,12.85,511,,,2026-10-01
SURAJEST,EQ,01-Oct-2026,207.69,207.74,208.2,196.67,200.15,106451,214.56,1569,64564.0,60.65,2026-10-01
SURAJLTD,EQ,01-Oct-2026,195.0,195.0,195.0,190.0,193.51,590,1.13,29,578.0,97.97,2026-10-01
SURAKSHA,EQ,01-Oct-2026,355.4,355.4,355.4,336.3,350.15,93480,323.35,3637,43171.0,46.18,2026-10-01
SURANASOL,EQ,01-Oct-2026,24.87,24.56,24.87,23.61,24.15,31097,7.52,497,22113.0,71.11,2026-10-01
SURANAT&P,EQ,01-Oct-2026,15.84,16.3,16.3,15.75,15.98,29325,4.65,202,24333.0,82.98,2026-10-01
SURANI,SM,01-Oct-2026,98.45,100.0,104.0,100.0,100.05,4000,4.03,15,3800.0,95.0,2026-10-01
SURYALA,EQ,01-Oct-2026,377.0,379.95,387.7,377.35,377.5,838,3.18,15,659.0,78.64,2026-10-01
SURYALAXMI,EQ,01-Oct-2026,58.8,58.8,58.8,55.75,56.07,3228,1.84,128,2301.0,71.28,2026-10-01
SURYAROSNI,EQ,01-Oct-2026,221.37,220.0,229.66,212.71,220.67,1421013,3147.78,27074,423387.0,29.79,2026-10-01
SURYODAY,EQ,01-Oct-2026,145.16,143.18,145.25,141.09,143.55,176795,252.66,3249,103330.0,58.45,2026-10-01
SUTLEJTEX,BE,01-Oct-2026,37.5,37.5,38.0,35.7,36.24,17823,6.47,105,,,2026-10-01
SUVEN,EQ,01-Oct-2026,320.2,319.0,319.35,301.1,308.3,713418,2189.48,18809,328639.0,46.07,2026-10-01
SUVIDHAA,EQ,01-Oct-2026,2.09,2.14,2.14,2.01,2.07,96333,1.99,232,90354.0,93.79,2026-10-01
SUYOG,EQ,01-Oct-2026,695.1,685.95,765.0,660.0,689.9,98151,689.09,4347,49449.0,50.38,2026-10-01
SUZLON,EQ,01-Oct-2026,39.49,39.49,39.63,38.4,38.91,53247107,20774.7,107343,20531394.0,38.56,2026-10-01
SVGLOBAL,EQ,01-Oct-2026,137.18,138.05,146.99,128.2,132.93,270,0.37,60,198.0,73.33,2026-10-01
SVLL,EQ,01-Oct-2026,805.8,751.0,805.0,751.0,786.75,723,5.71,71,369.0,51.04,2026-10-01
SVPGLOB,EQ,01-Oct-2026,3.13,3.13,3.19,2.98,3.1,25217,0.77,72,17947.0,71.17,2026-10-01
SWANCORP,EQ,01-Oct-2026,280.2,277.5,279.45,267.95,272.8,731886,1997.27,18503,220815.0,30.17,2026-10-01
SWANDEF,BE,01-Oct-2026,2756.6,2756.6,2756.6,2625.1,2718.2,22327,604.64,1674,,,2026-10-01
SWARAJ,BE,01-Oct-2026,388.6,395.0,395.0,374.0,377.55,38533,147.59,338,,,2026-10-01
SWARAJENG,EQ,01-Oct-2026,3546.2,3536.5,3588.8,3507.3,3542.7,11335,401.72,3170,6763.0,59.66,2026-10-01
SWARNSAR,EQ,01-Oct-2026,39.96,38.03,40.0,38.0,38.44,7288,2.81,158,5198.0,71.32,2026-10-01
SWASTIK,ST,01-Oct-2026,19.5,19.75,19.75,19.0,19.0,3600,0.7,3,2400.0,66.67,2026-10-01
SWASTIKAIN,BE,01-Oct-2026,210.0,202.5,220.5,199.5,215.53,2043335,4188.09,14981,,,2026-10-01
SWELECTES,EQ,01-Oct-2026,597.9,595.0,600.65,577.05,592.9,32383,190.78,1551,13787.0,42.57,2026-10-01
SWIGGY,EQ,01-Oct-2026,250.1,248.45,249.1,235.5,238.0,13785398,33179.27,77964,6189324.0,44.9,2026-10-01
SWISSMLTRY,BE,01-Oct-2026,13.88,14.0,14.18,13.85,13.95,62623,8.74,361,,,2026-10-01
SWSOLAR,EQ,01-Oct-2026,171.18,169.88,170.61,163.02,164.82,1363945,2267.04,18603,599434.0,43.95,2026-10-01
SYMBIOTEC,EQ,01-Oct-2026,1176.75,1194.0,1246.0,1161.1,1198.0,3713662,44810.03,178464,810744.0,21.83,2026-10-01
SYMPHONY,EQ,01-Oct-2026,582.45,581.35,583.0,565.2,571.7,41980,240.26,3559,19886.0,47.37,2026-10-01
SYNCOMF,EQ,01-Oct-2026,25.08,25.1,25.1,22.68,23.96,44387615,10601.36,75756,10761456.0,24.24,2026-10-01
SYNGENE,EQ,01-Oct-2026,365.3,365.3,365.3,353.3,361.3,530462,1903.69,26200,285826.0,53.88,2026-10-01
SYNOPTICS,ST,01-Oct-2026,48.45,50.85,50.85,50.85,50.85,1800,0.92,3,1800.0,100.0,2026-10-01
SYRMA,EQ,01-Oct-2026,1782.9,1782.9,1822.6,1710.1,1717.9,1874242,33001.14,93451,494820.0,26.4,2026-10-01
SYSTANGO,SM,01-Oct-2026,220.65,217.0,220.65,215.0,219.3,16000,34.82,37,11600.0,72.5,2026-10-01
SYSTMTXC,BE,01-Oct-2026,75.46,75.0,75.0,73.96,73.96,5731,4.29,37,,,2026-10-01
TAALTECH,EQ,01-Oct-2026,1001.0,999.4,1000.0,925.1,944.0,40666,390.02,4630,19839.0,48.79,2026-10-01
TAC,ST,01-Oct-2026,403.6,405.7,411.7,383.45,386.4,131400,513.81,518,108000.0,82.19,2026-10-01
TAINWALCHM,EQ,01-Oct-2026,205.19,209.8,209.8,200.37,203.29,2767,5.6,58,2139.0,77.3,2026-10-01
TAJGVK,EQ,01-Oct-2026,320.2,320.45,321.0,310.0,314.9,45698,143.75,3024,20414.0,44.67,2026-10-01
TAKE,EQ,01-Oct-2026,13.31,12.65,12.65,12.65,12.65,139867,17.69,339,139867.0,100.0,2026-10-01
TALBROAUTO,EQ,01-Oct-2026,429.85,429.95,437.6,410.55,419.7,208135,874.14,9656,106496.0,51.17,2026-10-01
TAMBOLIIN,BE,01-Oct-2026,294.7,297.6,297.6,282.35,290.0,1797,5.19,43,,,2026-10-01
TANAA,EQ,01-Oct-2026,338.55,340.0,347.95,319.75,324.15,45363,149.78,2158,21989.0,48.47,2026-10-01
TANKUP,ST,01-Oct-2026,1753.35,1788.4,1788.4,1788.4,1788.4,6750,120.72,19,6500.0,96.3,2026-10-01
TANLA,EQ,01-Oct-2026,492.15,492.0,499.25,480.8,487.75,338612,1653.08,13845,127106.0,37.54,2026-10-01
TARACHAND,EQ,01-Oct-2026,47.72,48.0,48.0,45.61,46.35,41077,19.05,1186,23706.0,57.71,2026-10-01
TARAPUR,EQ,01-Oct-2026,12.16,11.76,12.25,11.76,12.2,10649,1.3,116,6907.0,64.86,2026-10-01
TARC,EQ,01-Oct-2026,125.96,126.38,127.21,123.65,125.58,360964,452.45,2966,200991.0,55.68,2026-10-01
TARIL,EQ,01-Oct-2026,270.1,271.1,298.6,271.1,280.8,57280414,165527.05,498239,3353085.0,5.85,2026-10-01
TARMAT,EQ,01-Oct-2026,59.4,59.99,61.0,56.34,57.23,43187,25.54,546,19166.0,44.38,2026-10-01
TARSONS,EQ,01-Oct-2026,320.3,321.4,333.0,315.05,329.4,198052,644.31,6303,96491.0,48.72,2026-10-01
TASTYBITE,EQ,01-Oct-2026,9487.0,9505.0,9550.0,9292.5,9453.5,2596,243.55,725,1772.0,68.26,2026-10-01
TATACAP,EQ,01-Oct-2026,327.95,327.1,327.25,313.55,319.3,2467983,7849.22,66493,1495285.0,60.59,2026-10-01
TATACHEM,EQ,01-Oct-2026,611.45,611.5,619.0,600.15,607.8,1216894,7419.89,34703,416581.0,34.23,2026-10-01
TATACOMM,EQ,01-Oct-2026,1656.2,1640.0,1697.9,1617.5,1683.0,140782,2328.92,18165,59823.0,42.49,2026-10-01
TATACONSUM,EQ,01-Oct-2026,949.5,952.0,964.8,945.0,957.0,1829307,17477.44,57863,1143846.0,62.53,2026-10-01
TATAELXSI,EQ,01-Oct-2026,3088.9,3099.9,3164.4,3046.2,3092.8,333513,10351.99,40314,88327.0,26.48,2026-10-01
TATAGOLD,EQ,01-Oct-2026,14.3,14.26,14.35,14.23,14.28,40228009,5748.05,71080,17983870.0,44.7,2026-10-01
TATAINVEST,EQ,01-Oct-2026,620.05,615.1,617.45,604.0,615.05,283865,1735.92,14998,120205.0,42.35,2026-10-01
TATAPOWER,EQ,01-Oct-2026,359.0,352.95,357.15,346.4,350.15,4222986,14877.94,48409,1911462.0,45.26,2026-10-01
TATASTEEL,EQ,01-Oct-2026,184.3,184.37,186.55,175.75,178.0,47659952,85898.74,248075,24965751.0,52.38,2026-10-01
TATATECH,EQ,01-Oct-2026,707.5,705.0,714.5,690.05,698.8,648223,4551.61,48364,256057.0,39.5,2026-10-01
TATSILV,EQ,01-Oct-2026,21.3,21.3,21.41,21.15,21.2,46720368,9946.42,45021,14008106.0,29.98,2026-10-01
TATVA,EQ,01-Oct-2026,1784.2,1790.0,1795.0,1682.9,1743.2,64302,1115.29,8476,29266.0,45.51,2026-10-01
TAURIAN,ST,01-Oct-2026,593.5,593.0,593.0,563.85,588.45,44800,256.93,48,34400.0,76.79,2026-10-01
TBI,SM,01-Oct-2026,72.0,70.15,71.1,65.0,67.55,55800,38.59,72,46200.0,82.8,2026-10-01
TBOTEK,EQ,01-Oct-2026,1685.2,1686.1,1738.8,1660.0,1671.5,304392,5167.3,28162,112743.0,37.04,2026-10-01
TBZ,BE,01-Oct-2026,635.05,635.05,640.0,610.0,623.45,121799,760.82,2764,,,2026-10-01
TCC,EQ,01-Oct-2026,49.93,49.5,49.9,46.5,47.47,752515,360.19,7850,243635.0,32.38,2026-10-01
TCI,EQ,01-Oct-2026,872.5,874.95,884.0,866.3,877.1,48610,425.21,4657,26688.0,54.9,2026-10-01
TCIEXP,EQ,01-Oct-2026,521.65,513.9,513.9,496.1,504.75,93406,471.6,5272,27001.0,28.91,2026-10-01
TCIFINANCE,EQ,01-Oct-2026,14.78,14.92,15.0,14.38,14.69,30489,4.51,119,23232.0,76.2,2026-10-01
TCL,SM,01-Oct-2026,139.7,141.0,143.0,134.05,140.15,187200,261.82,113,77600.0,41.45,2026-10-01
TCPLPACK,EQ,01-Oct-2026,4102.6,4090.0,4090.0,3856.0,3927.1,3730,147.7,1160,1573.0,42.17,2026-10-01
TCS,EQ,01-Oct-2026,2050.6,2052.6,2093.9,2045.1,2075.0,3428501,70999.1,133083,1882153.0,54.9,2026-10-01
TDPOWERSYS,EQ,01-Oct-2026,786.05,779.9,812.85,772.9,792.15,5370306,42793.1,194048,1530154.0,28.49,2026-10-01
TEAMGTY,EQ,01-Oct-2026,235.0,241.9,241.9,235.1,235.1,205,0.48,8,204.0,99.51,2026-10-01
TEAMLEASE,EQ,01-Oct-2026,1148.6,1148.6,1185.0,1125.0,1179.4,15313,176.91,2804,8422.0,55.0,2026-10-01
TEAMTECH,ST,01-Oct-2026,143.85,143.0,146.45,142.0,145.95,52000,74.73,23,52000.0,100.0,2026-10-01
TECH,EQ,01-Oct-2026,30.53,30.98,31.01,30.4,30.92,12463,3.82,137,5990.0,48.06,2026-10-01
TECHD,SM,01-Oct-2026,543.95,554.9,555.85,524.95,531.95,13800,74.12,41,9300.0,67.39,2026-10-01
TECHERA,SM,01-Oct-2026,175.65,182.0,182.0,166.9,167.45,230400,397.63,250,139200.0,60.42,2026-10-01
TECHLABS,SM,01-Oct-2026,113.05,110.0,116.0,109.0,110.45,23875,26.85,96,20250.0,84.82,2026-10-01
TECHM,EQ,01-Oct-2026,1524.0,1540.0,1554.8,1512.0,1533.0,2663224,40798.51,99936,1287903.0,48.36,2026-10-01
TECHNOCRAF,EQ,01-Oct-2026,476.55,475.3,484.45,461.1,478.1,775166,3686.99,18536,325397.0,41.98,2026-10-01
TECHNOE,EQ,01-Oct-2026,1008.75,1009.7,1019.8,977.6,998.6,159231,1592.33,21270,71641.0,44.99,2026-10-01
TECHNVISN,EQ,01-Oct-2026,3961.5,3961.5,3961.5,3763.5,3763.5,830,31.28,146,722.0,86.99,2026-10-01
TECILCHEM,EQ,01-Oct-2026,9.02,9.02,9.3,9.0,9.25,6820,0.62,42,5566.0,81.61,2026-10-01
TEGA,EQ,01-Oct-2026,2106.7,2106.7,2132.0,2034.0,2093.4,408456,8510.57,29406,150919.0,36.95,2026-10-01
TEJA,SM,01-Oct-2026,218.8,218.9,218.9,208.65,213.9,7200,15.39,10,3600.0,50.0,2026-10-01
TEJASNET,EQ,01-Oct-2026,486.2,483.25,491.7,461.1,464.8,1792351,8432.32,48608,776079.0,43.3,2026-10-01
TEMBO,EQ,01-Oct-2026,57.67,57.67,58.56,56.25,57.16,955699,546.14,4592,557471.0,58.33,2026-10-01
TEMPSENS,EQ,01-Oct-2026,526.75,525.45,527.95,500.0,505.25,1399930,7190.07,37994,522524.0,37.33,2026-10-01
TENNIND,EQ,01-Oct-2026,508.25,506.3,506.3,487.45,495.4,707391,3499.3,63983,399447.0,56.47,2026-10-01
TERASOFT,EQ,01-Oct-2026,207.2,207.95,217.89,194.11,207.91,74848,152.51,2707,46444.0,62.05,2026-10-01
TEXINFRA,EQ,01-Oct-2026,119.41,119.41,122.71,116.11,119.39,344580,410.26,4384,187601.0,54.44,2026-10-01
TEXMOPIPES,EQ,01-Oct-2026,55.08,55.55,56.0,53.0,53.7,93086,50.35,1163,55714.0,59.85,2026-10-01
TEXRAIL,EQ,01-Oct-2026,131.73,131.0,132.45,124.07,126.86,4419603,5639.61,49611,1564664.0,35.4,2026-10-01
TFCILTD,EQ,01-Oct-2026,141.91,141.99,144.7,137.0,138.79,6063974,8517.8,39707,2353307.0,38.81,2026-10-01
TFL,EQ,01-Oct-2026,11.63,11.64,12.39,10.8,11.82,6820,0.78,67,3881.0,56.91,2026-10-01
TGBHOTELS,EQ,01-Oct-2026,9.6,9.55,9.8,9.15,9.42,3582,0.33,126,1860.0,51.93,2026-10-01
TGL,ST,01-Oct-2026,13.45,13.2,13.2,13.2,13.2,1000,0.13,5,1000.0,100.0,2026-10-01
TGVSL,EQ,01-Oct-2026,121.48,121.8,123.78,114.52,116.38,320394,376.81,4798,143501.0,44.79,2026-10-01
THACKER,EQ,01-Oct-2026,954.3,970.0,970.0,900.1,935.0,215,1.95,53,208.0,96.74,2026-10-01
THAKDEV,EQ,01-Oct-2026,135.0,140.0,140.0,128.56,128.74,154,0.21,18,119.0,77.27,2026-10-01
THANGAMAYL,EQ,01-Oct-2026,5062.0,5087.5,5102.5,4811.5,4861.0,73885,3616.26,21077,46299.0,62.66,2026-10-01
THEINVEST,EQ,01-Oct-2026,93.45,92.25,94.8,90.0,90.33,3064,2.83,133,1531.0,49.97,2026-10-01
THEJO,EQ,01-Oct-2026,2175.4,2175.0,2189.8,2065.0,2071.4,21919,460.03,1141,16973.0,77.44,2026-10-01
THELEELA,EQ,01-Oct-2026,573.8,577.0,581.1,557.7,568.95,222623,1262.21,26242,110681.0,49.72,2026-10-01
THEMISMED,EQ,01-Oct-2026,116.46,116.85,117.97,110.5,113.19,69276,78.86,1599,31942.0,46.11,2026-10-01
THERMAX,EQ,01-Oct-2026,3392.2,3375.0,3378.8,3312.0,3360.6,290287,9690.96,39891,187453.0,64.58,2026-10-01
THESL,ST,01-Oct-2026,14.85,15.55,15.55,15.55,15.55,6000,0.93,2,3000.0,50.0,2026-10-01
THOMASCOOK,EQ,01-Oct-2026,102.39,102.39,102.48,98.6,100.7,539181,539.62,6517,290585.0,53.89,2026-10-01
THOMASCOTT,EQ,01-Oct-2026,267.35,267.35,316.95,264.65,300.2,725256,2170.38,22170,219819.0,30.31,2026-10-01
THYROCARE,EQ,01-Oct-2026,534.15,531.8,538.55,519.3,533.6,223853,1183.51,20916,103920.0,46.42,2026-10-01
TI,EQ,01-Oct-2026,540.65,537.0,551.4,535.0,542.55,568428,3080.3,27808,293856.0,51.7,2026-10-01
TICL,BE,01-Oct-2026,7.42,7.79,7.79,7.69,7.79,103321,8.02,115,,,2026-10-01
TIGERLOGS,EQ,01-Oct-2026,26.25,25.85,26.0,24.8,25.69,90744,23.03,1065,66081.0,72.82,2026-10-01
TIIL,EQ,01-Oct-2026,2900.9,2901.8,2925.0,2822.0,2893.8,31635,909.75,7602,13584.0,42.94,2026-10-01
TIINDIA,EQ,01-Oct-2026,2375.0,2386.8,2405.2,2307.3,2340.0,471021,11049.34,44679,252423.0,53.59,2026-10-01
TIJARIA,BE,01-Oct-2026,6.6,6.59,6.7,6.27,6.45,18058,1.16,59,,,2026-10-01
TIL,BE,01-Oct-2026,252.69,252.85,254.0,240.15,250.05,100134,246.99,465,,,2026-10-01
TIMESCAN,SM,01-Oct-2026,40.0,40.0,40.0,40.0,40.0,2000,0.8,1,2000.0,100.0,2026-10-01
TIMETECHNO,EQ,01-Oct-2026,182.36,181.15,182.29,176.3,179.68,2060984,3705.95,23689,799259.0,38.78,2026-10-01
TIMEX,EQ,01-Oct-2026,719.55,714.65,737.0,700.0,729.5,428304,3078.77,26072,149988.0,35.02,2026-10-01
TIMKEN,EQ,01-Oct-2026,3136.0,3112.6,3122.2,3083.1,3098.8,44275,1372.8,10984,23789.0,53.73,2026-10-01
TINNARUBR,EQ,01-Oct-2026,952.1,959.0,959.0,911.05,938.85,34386,320.89,4312,14942.0,43.45,2026-10-01
TIPSFILMS,EQ,01-Oct-2026,318.25,318.25,319.9,311.0,315.4,2857,8.99,213,1628.0,56.98,2026-10-01
TIPSMUSIC,EQ,01-Oct-2026,657.85,648.3,653.0,630.1,644.2,245089,1571.95,21954,111339.0,45.43,2026-10-01
TIRUMALCHM,EQ,01-Oct-2026,151.39,151.74,151.74,143.12,146.26,463985,679.06,6932,223104.0,48.08,2026-10-01
TIRUPATIFL,BE,01-Oct-2026,76.69,76.3,76.52,75.16,75.16,139143,105.96,316,,,2026-10-01
TITAGARH,EQ,01-Oct-2026,818.15,811.0,813.9,792.2,805.1,373180,3002.84,19759,123006.0,32.96,2026-10-01
TITAN,EQ,01-Oct-2026,4587.0,4574.9,4621.8,4491.0,4515.7,694098,31521.3,63184,400316.0,57.67,2026-10-01
TMB,EQ,01-Oct-2026,871.3,870.0,885.0,853.45,872.05,205835,1791.61,20378,92426.0,44.9,2026-10-01
TMCV,EQ,01-Oct-2026,421.65,416.25,420.0,404.1,415.5,7408903,30473.59,120172,3297391.0,44.51,2026-10-01
TMPV,EQ,01-Oct-2026,283.5,280.0,281.3,273.35,279.4,15258191,42312.42,144798,7731851.0,50.67,2026-10-01
TNIDETF,EQ,01-Oct-2026,82.98,83.81,84.22,80.86,81.5,126624,104.1,1138,45635.0,36.04,2026-10-01
TNPETRO,EQ,01-Oct-2026,124.08,124.08,125.71,118.5,123.18,929005,1132.58,12838,343986.0,37.03,2026-10-01
TNPL,EQ,01-Oct-2026,150.61,151.0,151.0,146.21,147.63,135559,200.19,2917,78809.0,58.14,2026-10-01
TNTELE,EQ,01-Oct-2026,12.84,11.56,11.56,11.56,11.56,37038,4.28,131,37038.0,100.0,2026-10-01
TOKYOPLAST,EQ,01-Oct-2026,73.2,72.1,75.88,70.1,71.01,1264,0.91,37,985.0,77.93,2026-10-01
TOLINS,EQ,01-Oct-2026,85.86,87.17,87.17,84.0,84.59,47501,40.39,1111,34817.0,73.3,2026-10-01
TOP100CASE,EQ,01-Oct-2026,9.99,9.99,10.04,9.8,9.9,1632004,161.68,2518,1309550.0,80.24,2026-10-01
TOP10ADD,EQ,01-Oct-2026,82.45,82.64,83.05,81.53,82.41,1809048,1493.77,1144,1304826.0,72.13,2026-10-01
TOP15IETF,EQ,01-Oct-2026,9.19,9.28,9.35,9.03,9.13,468556,42.68,419,347569.0,74.18,2026-10-01
TOP20,EQ,01-Oct-2026,8.37,8.36,8.39,8.23,8.3,81585,6.76,265,75544.0,92.6,2026-10-01
TORNTPHARM,EQ,01-Oct-2026,4800.0,4800.0,4810.5,4717.3,4767.3,357701,17073.61,45555,204542.0,57.18,2026-10-01
TORNTPOWER,EQ,01-Oct-2026,1245.9,1237.8,1249.0,1212.0,1242.9,156392,1919.45,17376,69391.0,44.37,2026-10-01
TOTAL,BE,01-Oct-2026,69.54,70.4,70.62,68.12,70.24,1179,0.82,21,,,2026-10-01
TOUCHWOOD,EQ,01-Oct-2026,59.22,60.0,60.0,57.0,57.14,1063,0.61,50,640.0,60.21,2026-10-01
TOYAMSL,EQ,01-Oct-2026,0.72,0.75,0.75,0.69,0.69,408079,2.89,246,267277.0,65.5,2026-10-01
TPHQ,BE,01-Oct-2026,0.5,0.51,0.51,0.49,0.5,770436,3.85,271,,,2026-10-01
TPLPLASTEH,EQ,01-Oct-2026,71.14,69.9,70.75,67.83,68.89,188764,130.39,2195,58788.0,31.14,2026-10-01
TRACXN,EQ,01-Oct-2026,32.91,32.9,32.9,31.59,31.71,129732,41.4,996,86408.0,66.61,2026-10-01
TRANSCOR,EQ,01-Oct-2026,24.22,24.22,24.68,21.0,24.18,4834,1.1,106,3976.0,82.25,2026-10-01
TRANSPEK,BE,01-Oct-2026,1340.2,1312.2,1359.9,1312.2,1349.0,635,8.4,42,,,2026-10-01
TRANSRAILL,EQ,01-Oct-2026,476.4,479.0,488.4,462.85,474.9,1761167,8398.22,54520,352669.0,20.02,2026-10-01
TRANSTEEL,SM,01-Oct-2026,80.05,82.8,82.8,77.6,79.4,31000,24.43,29,18000.0,58.06,2026-10-01
TRANSWORLD,BE,01-Oct-2026,162.0,162.79,162.79,159.0,159.0,1405,2.25,22,,,2026-10-01
TRAVELFOOD,EQ,01-Oct-2026,1200.3,1200.0,1222.1,1176.1,1208.1,32897,393.32,6491,16097.0,48.93,2026-10-01
TREEHOUSE,EQ,01-Oct-2026,5.78,5.94,5.94,5.65,5.68,9476,0.55,53,5965.0,62.95,2026-10-01
TREJHARA,EQ,01-Oct-2026,138.84,143.49,143.49,127.03,131.66,29254,38.93,1086,17967.0,61.42,2026-10-01
TREL,EQ,01-Oct-2026,28.89,29.15,29.47,26.37,27.29,135689,37.9,2551,78628.0,57.95,2026-10-01
TRENT,EQ,01-Oct-2026,2621.6,2615.0,2624.0,2545.8,2580.0,896919,23159.12,53913,506086.0,56.42,2026-10-01
TRF,EQ,01-Oct-2026,197.82,202.0,202.0,191.19,192.33,7150,13.98,562,4639.0,64.88,2026-10-01
TRIDENT,EQ,01-Oct-2026,22.44,22.44,22.5,22.0,22.16,2837617,629.97,16076,1414005.0,49.83,2026-10-01
TRIGYN,EQ,01-Oct-2026,53.1,53.5,53.5,51.36,51.8,36496,19.0,895,25578.0,70.08,2026-10-01
TRITONV,EQ,01-Oct-2026,1083.8,1080.1,1109.6,1061.3,1078.0,1489,16.19,212,1031.0,69.24,2026-10-01
TRITURBINE,EQ,01-Oct-2026,539.4,536.0,541.25,526.0,530.0,473633,2520.06,32970,334004.0,70.52,2026-10-01
TRIVENI,EQ,01-Oct-2026,235.7,234.95,241.98,228.61,230.92,557909,1295.31,12042,288908.0,51.78,2026-10-01
TROM,SM,01-Oct-2026,54.7,54.7,54.7,54.7,54.7,600,0.33,1,600.0,100.0,2026-10-01
TRU,EQ,01-Oct-2026,4.1,4.12,4.4,4.06,4.22,61921,2.6,163,42579.0,68.76,2026-10-01
TRUALT,EQ,01-Oct-2026,468.65,469.9,469.9,439.8,444.3,290950,1303.64,10090,142274.0,48.9,2026-10-01
TRUST,SM,01-Oct-2026,26.95,26.9,27.35,26.7,27.1,19200,5.19,23,16200.0,84.38,2026-10-01
TSC,ST,01-Oct-2026,50.95,50.25,50.25,50.25,50.25,2000,1.01,1,2000.0,100.0,2026-10-01
TSFINV,EQ,01-Oct-2026,417.15,416.0,417.0,402.25,409.15,111572,457.57,5129,69963.0,62.71,2026-10-01
TTKHLTCARE,EQ,01-Oct-2026,1023.0,1021.0,1022.9,990.0,1013.0,10794,108.51,1668,6111.0,56.61,2026-10-01
TTKPRESTIG,EQ,01-Oct-2026,515.85,512.6,519.75,497.0,506.4,63610,321.62,6641,32321.0,50.81,2026-10-01
TTL,EQ,01-Oct-2026,8.07,8.11,8.3,7.71,7.85,236186,18.6,632,156958.0,66.46,2026-10-01
TTML,EQ,01-Oct-2026,34.3,35.44,35.55,34.15,34.82,8582189,2982.54,32558,1083557.0,12.63,2026-10-01
TUNWAL,SM,01-Oct-2026,25.9,25.5,26.0,25.3,25.9,78000,20.1,32,56000.0,71.79,2026-10-01
TURTLEMINT,EQ,01-Oct-2026,76.44,76.02,76.4,69.25,69.79,2761679,1976.57,20830,1064208.0,38.53,2026-10-01
TUTIALKA,EQ,01-Oct-2026,54.4,54.11,55.68,53.0,53.98,4106,2.21,89,3401.0,82.83,2026-10-01
TVSELECT,EQ,01-Oct-2026,416.15,415.1,415.1,384.4,397.4,222377,889.65,10935,65097.0,29.27,2026-10-01
TVSHLTD,EQ,01-Oct-2026,12107.0,12116.0,12117.0,11661.0,11886.0,21777,2583.53,5801,12434.0,57.1,2026-10-01
TVSINVIT,IV,01-Oct-2026,119.0,116.01,117.51,116.0,117.51,150000,174.38,4,125000.0,83.33,2026-10-01
TVSMOTOR,EQ,01-Oct-2026,4106.0,4090.0,4100.0,3930.1,4021.0,1234692,49397.34,77882,604750.0,48.98,2026-10-01
TVSSCS,EQ,01-Oct-2026,130.57,130.0,130.86,126.0,128.42,767101,981.04,18621,427280.0,55.7,2026-10-01
TVSSRICHAK,EQ,01-Oct-2026,4437.5,4426.0,4461.9,4255.0,4349.3,5576,241.9,1795,2553.0,45.79,2026-10-01
TVTODAY,EQ,01-Oct-2026,104.19,106.0,106.0,99.35,101.65,76841,77.9,1509,51249.0,66.69,2026-10-01
TVVISION,BE,01-Oct-2026,2.68,2.68,2.81,2.55,2.55,112735,2.92,122,,,2026-10-01
TWCGOLDETF,EQ,01-Oct-2026,146.78,147.0,149.72,145.42,146.46,28005,41.18,124,27688.0,98.87,2026-10-01
UBL,EQ,01-Oct-2026,1158.1,1158.1,1194.8,1140.3,1188.8,143713,1673.48,19912,66548.0,46.31,2026-10-01
UCAL,BE,01-Oct-2026,140.15,142.0,142.0,137.01,140.4,20204,28.19,151,,,2026-10-01
UCOBANK,EQ,01-Oct-2026,23.28,23.22,23.35,22.81,22.93,3788182,874.19,14675,1561232.0,41.21,2026-10-01
UDAYJEW,EQ,01-Oct-2026,166.94,167.06,169.19,155.2,159.06,25228,40.8,1017,12603.0,49.96,2026-10-01
UDS,EQ,01-Oct-2026,208.57,208.57,209.79,204.31,208.55,160461,332.23,5382,96861.0,60.36,2026-10-01
UEL,EQ,01-Oct-2026,184.92,186.5,186.5,175.68,183.67,19845,35.48,986,10743.0,54.13,2026-10-01
UFBL,BE,01-Oct-2026,678.8,674.85,700.0,661.2,692.75,29335,203.08,818,,,2026-10-01
UFLEX,EQ,01-Oct-2026,657.85,663.9,664.85,640.2,649.85,150979,982.71,8223,71684.0,47.48,2026-10-01
UFO,EQ,01-Oct-2026,58.12,59.69,59.79,55.35,56.49,34623,19.91,674,23031.0,66.52,2026-10-01
UGARSUGAR,BE,01-Oct-2026,57.26,56.9,57.0,54.9,56.04,161635,89.93,1229,,,2026-10-01
UGROCAP,EQ,01-Oct-2026,83.68,82.86,83.44,80.8,82.35,149035,122.59,1843,77525.0,52.02,2026-10-01
UHTL,ST,01-Oct-2026,196.0,192.1,192.1,192.1,192.1,22000,42.26,11,22000.0,100.0,2026-10-01
UJJIVANSFB,EQ,01-Oct-2026,67.5,66.99,67.6,65.04,65.6,9369954,6189.84,51704,3991521.0,42.6,2026-10-01
ULTRACEMCO,EQ,01-Oct-2026,10956.0,10810.0,10879.0,10612.0,10710.0,570684,61116.98,61945,326085.0,57.14,2026-10-01
ULTRAMAR,EQ,01-Oct-2026,409.4,409.0,418.45,398.2,406.15,298654,1214.33,5650,197354.0,66.08,2026-10-01
UMA,SM,01-Oct-2026,17.85,17.8,17.8,17.8,17.8,4000,0.71,1,4000.0,100.0,2026-10-01
UMAEXPORTS,BE,01-Oct-2026,21.62,21.99,22.05,21.99,22.05,49382,10.89,40,,,2026-10-01
UMESLTD,EQ,01-Oct-2026,4.49,4.53,4.58,4.3,4.57,6153,0.28,78,5268.0,85.62,2026-10-01
UMIYA-MRO,EQ,01-Oct-2026,93.16,93.55,93.97,91.1,91.76,20020,18.51,497,12004.0,59.96,2026-10-01
UNICHEMLAB,EQ,01-Oct-2026,545.5,542.5,548.9,523.05,535.05,102131,548.2,6545,37407.0,36.63,2026-10-01
UNIDT,EQ,01-Oct-2026,222.06,225.0,257.8,211.2,239.65,130454,306.19,2392,76789.0,58.86,2026-10-01
UNIECOM,EQ,01-Oct-2026,83.9,84.15,84.15,80.2,82.58,204430,168.86,2653,99568.0,48.71,2026-10-01
UNIENTER,EQ,01-Oct-2026,88.75,89.2,89.99,86.6,87.02,9036,7.92,121,8116.0,89.82,2026-10-01
UNIHEALTH,SM,01-Oct-2026,600.45,578.0,589.95,540.0,581.2,53000,303.64,82,37500.0,70.75,2026-10-01
UNIINFO,EQ,01-Oct-2026,10.94,11.25,11.25,10.4,10.85,4175,0.46,49,3145.0,75.33,2026-10-01
UNILEX,SM,01-Oct-2026,31.45,29.3,29.3,29.3,29.3,1600,0.47,1,1600.0,100.0,2026-10-01
UNIMECH,EQ,01-Oct-2026,1724.0,1723.9,1779.8,1693.2,1773.0,403902,7040.59,37817,183583.0,45.45,2026-10-01
UNIONBANK,EQ,01-Oct-2026,171.0,169.69,172.19,164.81,167.59,7875995,13280.88,51241,3557823.0,45.17,2026-10-01
UNIONGOLD,EQ,01-Oct-2026,144.5,144.5,144.95,141.6,143.9,1400,2.01,63,897.0,64.07,2026-10-01
UNIPARTS,EQ,01-Oct-2026,836.0,830.9,834.9,801.7,819.3,141001,1151.57,10256,74142.0,52.58,2026-10-01
UNITDSPR,EQ,01-Oct-2026,1354.0,1340.1,1346.9,1316.5,1335.1,1003620,13372.19,42443,601244.0,59.91,2026-10-01
UNITECH,EQ,01-Oct-2026,3.96,3.95,3.99,3.85,3.93,3179973,124.53,2142,1703239.0,53.56,2026-10-01
UNITEDPOLY,EQ,01-Oct-2026,47.47,48.0,48.0,46.5,47.05,98775,46.71,683,63509.0,64.3,2026-10-01
UNITEDTEA,EQ,01-Oct-2026,427.9,432.2,432.2,412.7,416.95,10435,43.65,129,10028.0,96.1,2026-10-01
UNIVASTU,BE,01-Oct-2026,132.96,136.85,138.4,127.16,134.25,65638,88.11,429,,,2026-10-01
UNIVCABLES,EQ,01-Oct-2026,1443.0,1447.8,1462.0,1400.0,1451.3,81588,1167.41,7331,42461.0,52.04,2026-10-01
UNIVPHOTO,BE,01-Oct-2026,512.75,496.3,520.0,487.3,490.0,483,2.37,31,,,2026-10-01
UNOMINDA,EQ,01-Oct-2026,1170.0,1170.0,1170.0,1099.1,1111.0,788650,8859.32,48680,372744.0,47.26,2026-10-01
UPHOT,EQ,01-Oct-2026,1530.0,1530.0,1530.0,1530.0,1530.0,26,0.4,4,26.0,100.0,2026-10-01
UPL,EQ,01-Oct-2026,539.75,535.7,537.65,511.2,516.8,2466891,12867.84,36056,1487057.0,60.28,2026-10-01
URAVIDEF,BE,01-Oct-2026,105.05,105.05,105.05,102.95,103.0,423,0.44,17,,,2026-10-01
URBAN,SM,01-Oct-2026,124.0,119.0,119.8,117.2,118.15,8000,9.44,10,6400.0,80.0,2026-10-01
URBANCO,EQ,01-Oct-2026,157.48,156.41,158.87,151.31,156.34,3669838,5702.72,58489,1394904.0,38.01,2026-10-01
URJA,EQ,01-Oct-2026,8.77,8.75,8.89,8.51,8.61,520756,44.88,2854,347945.0,66.82,2026-10-01
USASEEDS,SM,01-Oct-2026,89.0,84.55,88.95,84.55,88.95,856,0.74,2,428.0,50.0,2026-10-01
USHAFIN,ST,01-Oct-2026,48.45,46.8,46.8,46.5,46.7,12800,5.96,6,12800.0,100.0,2026-10-01
USHAMART,EQ,01-Oct-2026,498.65,494.4,495.8,481.0,491.7,431464,2113.02,18035,205595.0,47.65,2026-10-01
USK,EQ,01-Oct-2026,19.14,19.3,19.5,17.77,18.39,51053,9.36,493,33383.0,65.39,2026-10-01
UTIAMC,EQ,01-Oct-2026,882.4,880.05,886.25,870.05,883.7,65757,578.85,7131,31780.0,48.33,2026-10-01
UTKAL,ST,01-Oct-2026,47.5,48.0,48.0,48.0,48.0,2000,0.96,1,2000.0,100.0,2026-10-01
UTKARSHBNK,EQ,01-Oct-2026,13.76,13.79,13.79,13.22,13.43,3995033,537.86,5596,1964640.0,49.18,2026-10-01
UTLSOLAR,EQ,01-Oct-2026,398.45,397.7,404.4,384.1,401.65,236989,937.73,15192,112193.0,47.34,2026-10-01
UTSSAV,SM,01-Oct-2026,750.2,751.1,780.0,751.1,766.8,95400,732.78,117,53400.0,55.97,2026-10-01
UTTAMSUGAR,EQ,01-Oct-2026,288.4,287.95,288.0,272.25,276.1,186895,520.26,5311,86903.0,46.5,2026-10-01
UYFINCORP,BE,01-Oct-2026,21.8,22.89,22.89,21.85,22.86,414760,94.07,798,,,2026-10-01
V2RETAIL,EQ,01-Oct-2026,208.74,208.0,208.94,197.71,201.39,1693991,3422.94,24689,1005963.0,59.38,2026-10-01
VADILALIND,EQ,01-Oct-2026,7253.0,7289.5,7289.5,7100.0,7187.0,6060,434.61,1622,2810.0,46.37,2026-10-01
VADILENT,EQ,01-Oct-2026,10151.0,10050.0,10050.0,9910.0,9910.0,86,8.6,16,86.0,100.0,2026-10-01
VAIBHAVGBL,EQ,01-Oct-2026,204.32,203.25,205.78,196.88,203.53,254791,513.37,6388,112008.0,43.96,2026-10-01
VAISHALI,EQ,01-Oct-2026,8.35,8.49,8.52,8.38,8.38,226659,19.05,226,183004.0,80.74,2026-10-01
VAKRANGEE,EQ,01-Oct-2026,5.14,5.13,5.16,5.07,5.12,839936,42.86,1583,428898.0,51.06,2026-10-01
VAL30IETF,EQ,01-Oct-2026,14.48,14.4,14.6,14.07,14.3,480358,68.28,1059,245434.0,51.09,2026-10-01
VALIANTLAB,BE,01-Oct-2026,126.23,128.7,130.0,120.1,125.08,163055,199.95,453,,,2026-10-01
VALIANTORG,EQ,01-Oct-2026,455.1,469.0,480.6,440.0,477.15,551682,2567.28,17706,183435.0,33.25,2026-10-01
VALUE,EQ,01-Oct-2026,15.33,15.33,15.33,14.95,15.14,35200,5.33,194,34742.0,98.7,2026-10-01
VALUE360,SM,01-Oct-2026,55.8,47.85,55.0,47.85,54.85,13200,6.99,11,8400.0,63.64,2026-10-01
VALUEAXIS,EQ,01-Oct-2026,31.36,31.78,31.78,30.5,30.91,162292,50.11,732,106937.0,65.89,2026-10-01
VAML,EQ,01-Oct-2026,412.9,412.0,413.85,398.75,402.75,6985636,28350.03,108448,3374361.0,48.3,2026-10-01
VARDHACRLC,BE,01-Oct-2026,43.64,44.39,45.8,43.0,44.34,61608,27.46,563,,,2026-10-01
VARDMNPOLY,EQ,01-Oct-2026,5.8,5.81,5.89,5.65,5.7,135098,7.77,245,122797.0,90.89,2026-10-01
VARMORA,EQ,01-Oct-2026,139.65,139.0,142.99,132.21,134.3,3139608,4309.04,31088,960144.0,30.58,2026-10-01
VARROC,EQ,01-Oct-2026,862.95,856.0,860.15,815.6,830.6,261699,2181.45,22511,108827.0,41.58,2026-10-01
VASCONEQ,EQ,01-Oct-2026,33.67,33.9,34.0,32.05,32.58,712339,232.68,3398,398985.0,56.01,2026-10-01
VASUPRADA,EQ,01-Oct-2026,95.0,94.1,99.75,94.1,95.52,4200,4.17,17,4200.0,100.0,2026-10-01
VASWANI,EQ,01-Oct-2026,44.57,43.85,45.49,43.85,44.36,2864,1.27,79,2038.0,71.16,2026-10-01
VBL,EQ,01-Oct-2026,432.0,428.0,430.8,415.35,425.3,8516414,35995.91,70753,4758433.0,55.87,2026-10-01
VCL,BE,01-Oct-2026,1.31,1.29,1.37,1.29,1.37,598905,8.06,204,,,2026-10-01
VDEAL,SM,01-Oct-2026,108.5,113.7,113.7,110.5,110.5,3000,3.38,5,2400.0,80.0,2026-10-01
VEDAVAAG,EQ,01-Oct-2026,22.24,22.79,22.79,20.93,22.16,46023,10.06,292,35553.0,77.25,2026-10-01
VEDL,EQ,01-Oct-2026,259.0,256.35,257.2,247.25,252.05,10131800,25484.77,102369,5238360.0,51.7,2026-10-01
VEDPOWER,EQ,01-Oct-2026,32.84,32.91,33.0,31.95,32.77,18705111,6074.53,203340,9599844.0,51.32,2026-10-01
VEEDOL,EQ,01-Oct-2026,1373.3,1372.9,1373.3,1338.0,1356.6,9354,126.55,1057,5556.0,59.4,2026-10-01
VEEGALAND,BE,01-Oct-2026,142.41,142.39,143.46,139.55,141.79,121565,172.45,1048,,,2026-10-01
VEEKAYEM,SM,01-Oct-2026,105.2,100.25,109.0,100.0,104.0,11000,11.45,17,5500.0,50.0,2026-10-01
VELJAN,BE,01-Oct-2026,2186.8,2235.0,2296.1,2235.0,2296.1,2631,60.34,204,,,2026-10-01
VENKEYS,EQ,01-Oct-2026,1588.1,1587.9,1652.1,1532.2,1613.0,57612,914.14,7519,25968.0,45.07,2026-10-01
VENTIVE,EQ,01-Oct-2026,558.4,564.85,564.85,548.0,552.2,26555,147.04,1800,13080.0,49.26,2026-10-01
VENUSPIPES,EQ,01-Oct-2026,2147.1,2153.1,2237.9,2133.0,2204.9,161732,3535.61,18117,45208.0,27.95,2026-10-01
VENUSREM,EQ,01-Oct-2026,1796.1,1877.0,1880.0,1715.0,1796.7,116523,2119.67,10270,65354.0,56.09,2026-10-01
VERANDA,EQ,01-Oct-2026,220.75,222.8,228.08,212.2,213.8,522323,1144.87,6942,268928.0,51.49,2026-10-01
VERITAAS,SM,01-Oct-2026,30.85,32.35,32.35,30.05,31.6,7200,2.29,6,7200.0,100.0,2026-10-01
VERTIS,IV,01-Oct-2026,119.0,115.6,116.5,115.6,116.5,3100000,3611.03,33,3100000.0,100.0,2026-10-01
VERTOZ,EQ,01-Oct-2026,35.59,34.8,36.45,34.7,35.66,20836,7.32,371,16461.0,79.0,2026-10-01
VESUVIUS,EQ,01-Oct-2026,424.2,422.0,422.2,401.0,404.1,306434,1259.62,11799,85776.0,27.99,2026-10-01
VETO,EQ,01-Oct-2026,142.72,141.6,143.31,134.91,136.79,94273,130.09,2656,52619.0,55.82,2026-10-01
VGCL,EQ,01-Oct-2026,48.66,49.4,49.4,46.23,47.89,1904,0.91,33,1799.0,94.49,2026-10-01
VGINFOTECH,SM,01-Oct-2026,138.75,138.75,140.0,136.0,139.0,13000,17.94,13,9000.0,69.23,2026-10-01
VGL,EQ,01-Oct-2026,64.05,64.98,67.9,62.12,63.11,65923,42.34,496,52988.0,80.38,2026-10-01
VGUARD,EQ,01-Oct-2026,296.45,297.05,299.8,290.15,294.55,359135,1056.92,17711,201300.0,56.05,2026-10-01
VHL,EQ,01-Oct-2026,3400.8,3400.8,3450.0,3300.0,3435.3,1027,34.9,180,829.0,80.72,2026-10-01
VHLTD,BE,01-Oct-2026,129.66,134.0,134.0,124.45,127.7,16427,21.3,86,,,2026-10-01
VIAZ,SM,01-Oct-2026,83.35,86.85,86.85,81.75,84.0,24000,20.0,11,14000.0,58.33,2026-10-01
VICTORYEV,SM,01-Oct-2026,14.35,13.75,13.75,13.0,13.5,18000,2.41,6,12000.0,66.67,2026-10-01
VIDHIING,EQ,01-Oct-2026,357.6,354.4,355.0,347.1,350.25,25543,89.52,796,20687.0,80.99,2026-10-01
VIDYAWIRES,EQ,01-Oct-2026,94.41,93.92,93.92,89.69,90.97,1066713,971.11,8448,637740.0,59.79,2026-10-01
VIESL,SM,01-Oct-2026,365.0,365.0,366.0,360.5,365.0,3200,11.65,4,2400.0,75.0,2026-10-01
VIGOR,SM,01-Oct-2026,85.8,81.1,81.1,77.25,80.0,64000,50.64,39,35200.0,55.0,2026-10-01
VIJAYA,EQ,01-Oct-2026,1437.7,1435.0,1442.6,1399.2,1428.0,188777,2682.02,42546,109667.0,58.09,2026-10-01
VIJAYPD,SM,01-Oct-2026,79.2,80.95,82.95,79.0,80.05,158000,126.69,28,146000.0,92.41,2026-10-01
VIJIFIN,BE,01-Oct-2026,15.46,15.16,15.16,15.16,15.16,22956,3.48,75,,,2026-10-01
VIJSOLX,EQ,01-Oct-2026,625.1,626.0,645.0,623.3,623.3,1064,6.81,61,975.0,91.64,2026-10-01
VIKASECO,EQ,01-Oct-2026,1.03,1.03,1.03,1.01,1.01,1556275,15.91,954,1012834.0,65.08,2026-10-01
VIKASLIFE,EQ,01-Oct-2026,1.21,1.21,1.22,1.18,1.2,2801015,33.6,7965,1445027.0,51.59,2026-10-01
VIKRAMSOLR,EQ,01-Oct-2026,160.01,160.2,160.46,151.6,154.35,2528456,3923.96,27288,1002598.0,39.65,2026-10-01
VIKRAN,EQ,01-Oct-2026,59.71,59.43,59.9,57.13,58.27,860999,501.87,7808,347875.0,40.4,2026-10-01
VILAS,SM,01-Oct-2026,399.4,405.0,407.95,386.0,398.75,47750,188.52,142,34250.0,71.73,2026-10-01
VIMTALABS,EQ,01-Oct-2026,600.3,598.85,598.85,575.1,584.35,118361,692.38,8685,48844.0,41.27,2026-10-01
VINATIORGA,EQ,01-Oct-2026,1168.3,1173.5,1221.0,1143.6,1208.1,60315,708.48,9464,31268.0,51.84,2026-10-01
VINCOFE,EQ,01-Oct-2026,179.96,179.5,182.39,173.63,178.95,1031758,1838.05,17040,471100.0,45.66,2026-10-01
VINDHYATEL,EQ,01-Oct-2026,2662.9,2665.0,2667.0,2565.5,2617.0,30792,804.14,5118,15344.0,49.83,2026-10-01
VINEETLAB,EQ,01-Oct-2026,37.16,37.39,37.39,35.5,35.91,50068,18.15,564,36760.0,73.42,2026-10-01
VINNY,EQ,01-Oct-2026,0.89,0.91,0.92,0.89,0.9,135375,1.23,203,88274.0,65.21,2026-10-01
VINOD,SM,01-Oct-2026,56.5,50.85,50.85,50.85,50.85,6000,3.05,5,6000.0,100.0,2026-10-01
VINSYS,ST,01-Oct-2026,589.0,580.0,580.0,577.0,579.5,1750,10.13,6,1750.0,100.0,2026-10-01
VINYAS,SM,01-Oct-2026,1455.95,1450.0,1498.0,1310.0,1375.15,26500,361.05,200,19500.0,73.58,2026-10-01
VINYLINDIA,EQ,01-Oct-2026,219.03,218.0,220.8,213.0,214.23,3116,6.71,209,2670.0,85.69,2026-10-01
VIPCLOTHNG,EQ,01-Oct-2026,20.51,20.5,20.79,19.7,20.11,34037,6.85,330,27891.0,81.94,2026-10-01
VIPIND,EQ,01-Oct-2026,290.95,288.1,290.2,277.85,280.75,382593,1079.81,9369,199126.0,52.05,2026-10-01
VIPULLTD,BE,01-Oct-2026,11.0,11.18,11.18,10.45,10.59,86714,9.22,274,,,2026-10-01
VIRAT,EQ,01-Oct-2026,339.2,340.0,340.0,323.95,335.8,9885,32.88,594,6908.0,69.88,2026-10-01
VIRINCHI,EQ,01-Oct-2026,13.47,13.53,13.7,13.0,13.29,44029,5.81,248,35757.0,81.21,2026-10-01
VIRTUALG,BE,01-Oct-2026,0.44,0.45,0.45,0.43,0.44,155914,0.69,120,,,2026-10-01
VISACHROME,EQ,01-Oct-2026,36.77,38.59,38.6,35.61,35.91,87413,33.11,452,63654.0,72.82,2026-10-01
VISAKAIND,BE,01-Oct-2026,83.58,83.72,84.0,81.02,83.58,112131,92.89,709,,,2026-10-01
VISAMAN,SM,01-Oct-2026,28.6,27.2,27.2,27.2,27.2,4000,1.09,4,4000.0,100.0,2026-10-01
VISDEM,SM,01-Oct-2026,92.7,92.1,92.1,90.05,91.0,13200,12.0,9,10800.0,81.82,2026-10-01
VISHAL,EQ,01-Oct-2026,17.66,17.95,17.95,17.2,17.38,47525,8.31,308,40957.0,86.18,2026-10-01
VISHNU,EQ,01-Oct-2026,664.5,669.95,676.95,640.05,658.25,95244,625.4,6717,42241.0,44.35,2026-10-01
VISHNUINFR,SM,01-Oct-2026,147.6,147.8,149.0,145.25,148.7,5000,7.4,10,4000.0,80.0,2026-10-01
VISHWARAJ,EQ,01-Oct-2026,5.26,5.25,5.29,5.1,5.18,156177,8.09,465,98095.0,62.81,2026-10-01
VISHWAS,SM,01-Oct-2026,42.4,40.45,44.45,40.45,44.45,8000,3.49,2,8000.0,100.0,2026-10-01
VISL,EQ,01-Oct-2026,32.3,32.0,32.34,30.69,31.17,23116178,7222.9,47146,12337326.0,53.37,2026-10-01
VITAL,EQ,01-Oct-2026,53.9,53.9,53.9,51.35,53.46,1975,1.02,15,1975.0,100.0,2026-10-01
VIVIANA,EQ,01-Oct-2026,704.35,685.0,787.75,685.0,774.5,140440,1055.14,10119,52718.0,37.54,2026-10-01
VIVIDEL,SM,01-Oct-2026,1731.0,1762.0,1774.0,1690.0,1747.65,30720,530.0,120,24240.0,78.91,2026-10-01
VIVIDHA,EQ,01-Oct-2026,0.51,0.52,0.54,0.49,0.5,606973,3.13,170,255655.0,42.12,2026-10-01
VIVIMEDLAB,BE,01-Oct-2026,5.44,5.71,5.71,5.71,5.71,23364,1.33,41,,,2026-10-01
VIVOBIOT,EQ,01-Oct-2026,17.06,16.9,17.99,16.5,17.13,18186,3.13,125,14467.0,79.55,2026-10-01
VIYASH,EQ,01-Oct-2026,235.8,234.8,235.7,226.24,231.75,3532864,8146.54,35559,2152571.0,60.93,2026-10-01
VLEGOV,EQ,01-Oct-2026,9.99,10.3,10.3,9.5,9.6,101558,9.87,791,76716.0,75.54,2026-10-01
VLINFRA,SM,01-Oct-2026,24.0,24.9,24.9,24.9,24.9,1500,0.37,1,1500.0,100.0,2026-10-01
VLSFINANCE,EQ,01-Oct-2026,234.09,233.1,245.0,227.0,230.87,8899,20.8,354,5797.0,65.14,2026-10-01
VMARCIND,SM,01-Oct-2026,334.8,335.0,335.0,316.0,325.0,136500,442.84,91,75000.0,54.95,2026-10-01
VMART,EQ,01-Oct-2026,753.7,759.95,761.15,736.6,746.1,47930,359.27,5572,21771.0,45.42,2026-10-01
VMM,EQ,01-Oct-2026,101.0,100.01,100.5,98.42,99.5,11791052,11731.35,36942,6912775.0,58.63,2026-10-01
VMOBILE,SM,01-Oct-2026,59.0,58.0,58.0,56.05,56.05,5600,3.2,7,5600.0,100.0,2026-10-01
VMSTMT,EQ,01-Oct-2026,49.12,49.12,50.5,46.11,46.65,162379,79.21,1164,79023.0,48.67,2026-10-01
VOEPL,EQ,01-Oct-2026,493.15,503.85,503.85,482.1,493.0,39897,196.04,2749,21936.0,54.98,2026-10-01
VOGL,EQ,01-Oct-2026,33.11,33.1,33.1,31.39,31.98,26250953,8398.35,139085,13575859.0,51.72,2026-10-01
VOITHPAPR,EQ,01-Oct-2026,1449.9,1450.0,1458.8,1400.0,1407.3,226,3.2,77,191.0,84.51,2026-10-01
VOLERCAR,SM,01-Oct-2026,218.05,217.0,224.5,216.3,216.3,6400,13.96,8,4000.0,62.5,2026-10-01
VOLTAMP,EQ,01-Oct-2026,10500.0,10509.0,10575.0,10285.0,10426.0,16047,1667.05,7055,6992.0,43.57,2026-10-01
VOLTAS,EQ,01-Oct-2026,1070.0,1070.0,1078.6,1040.6,1053.2,638996,6739.35,38976,250782.0,39.25,2026-10-01
VPRPL,EQ,01-Oct-2026,29.62,29.68,29.68,27.93,28.39,507617,144.91,2703,282091.0,55.57,2026-10-01
VRAJ,EQ,01-Oct-2026,123.85,123.45,124.5,118.96,121.76,23186,28.28,731,16428.0,70.85,2026-10-01
VRLLOG,EQ,01-Oct-2026,287.15,284.55,289.7,282.8,285.05,147978,422.41,5320,86809.0,58.66,2026-10-01
VSCL,SM,01-Oct-2026,19.5,20.45,20.45,20.4,20.4,6000,1.23,2,6000.0,100.0,2026-10-01
VSSL,EQ,01-Oct-2026,401.05,402.4,402.4,375.35,383.3,164787,633.13,7899,84380.0,51.21,2026-10-01
VSTIND,EQ,01-Oct-2026,203.16,203.3,204.17,200.1,201.14,142755,287.04,4360,85728.0,60.05,2026-10-01
VSTL,EQ,01-Oct-2026,112.09,111.9,111.9,108.09,108.85,8447,9.22,255,6733.0,79.71,2026-10-01
VSTTILLERS,EQ,01-Oct-2026,4390.0,4350.0,4630.0,4260.0,4339.8,47446,2116.39,10559,8774.0,18.49,2026-10-01
VTL,EQ,01-Oct-2026,534.6,534.6,534.6,516.55,529.25,260173,1368.0,21027,128099.0,49.24,2026-10-01
VTMLTD,EQ,01-Oct-2026,38.88,39.26,39.85,36.57,38.15,102484,38.72,3418,45342.0,44.24,2026-10-01
WAAREEENER,EQ,01-Oct-2026,2374.4,2374.0,2380.9,2301.1,2340.0,841593,19702.59,57977,345915.0,41.1,2026-10-01
WAAREEINDO,EQ,01-Oct-2026,209.95,209.95,212.0,199.46,203.39,240812,491.15,4452,123435.0,51.26,2026-10-01
WAAREERTL,EQ,01-Oct-2026,819.95,819.95,822.85,798.0,808.8,129374,1045.41,13046,65066.0,50.29,2026-10-01
WABAG,EQ,01-Oct-2026,2061.4,2058.3,2058.3,1960.0,2004.9,398624,7983.83,36432,158844.0,39.85,2026-10-01
WAKEFIT,EQ,01-Oct-2026,143.82,146.0,146.08,138.3,139.88,172897,243.41,2936,66791.0,38.63,2026-10-01
WALCHANNAG,EQ,01-Oct-2026,200.24,200.1,201.59,191.53,196.08,612063,1201.82,12879,277791.0,45.39,2026-10-01
WALPAR,SM,01-Oct-2026,28.45,29.0,29.0,27.4,27.4,4000,1.13,2,4000.0,100.0,2026-10-01
WANBURY,EQ,01-Oct-2026,199.5,199.6,203.0,191.0,197.99,563970,1106.06,14558,264001.0,46.81,2026-10-01
WARDINMOBI,EQ,01-Oct-2026,5.45,5.51,5.51,5.25,5.31,253655,13.57,844,193960.0,76.47,2026-10-01
WATERBASE,EQ,01-Oct-2026,46.7,45.77,47.39,44.76,45.4,21523,9.91,256,14576.0,67.72,2026-10-01
WCIL,EQ,01-Oct-2026,93.16,92.2,93.73,91.51,93.01,72195,66.8,1256,39138.0,54.21,2026-10-01
WEALTH,EQ,01-Oct-2026,907.85,895.0,931.0,882.5,889.95,4145,37.58,395,2553.0,61.59,2026-10-01
WEBELSOLAR,EQ,01-Oct-2026,70.56,70.4,70.99,67.04,68.7,2357402,1617.48,12939,1201358.0,50.96,2026-10-01
WEIZMANIND,EQ,01-Oct-2026,70.88,70.99,73.89,69.0,71.45,999,0.7,30,937.0,93.79,2026-10-01
WEL,EQ,01-Oct-2026,72.63,74.0,74.0,71.21,71.7,186921,134.43,1650,103961.0,55.62,2026-10-01
WELCORP,EQ,01-Oct-2026,2717.0,2708.0,2731.3,2539.2,2605.8,2309126,60315.82,145658,957513.0,41.47,2026-10-01
WELENT,EQ,01-Oct-2026,742.7,736.0,749.3,717.55,724.45,396051,2906.23,18406,181046.0,45.71,2026-10-01
WELINV,BE,01-Oct-2026,2482.0,2481.9,2481.9,2478.0,2478.0,54,1.34,8,,,2026-10-01
WELSPLSOL,EQ,01-Oct-2026,53.98,54.17,54.18,51.5,52.58,821620,430.54,4730,433817.0,52.8,2026-10-01
WELSPUNLIV,EQ,01-Oct-2026,227.33,226.7,244.89,226.2,239.17,22516675,53649.1,205448,2718273.0,12.07,2026-10-01
WENDT,EQ,01-Oct-2026,8351.5,8350.0,8350.0,7950.0,8116.0,14731,1193.77,3854,7334.0,49.79,2026-10-01
WESTLIFE,EQ,01-Oct-2026,589.85,585.3,607.5,578.55,588.05,119967,711.73,11756,36073.0,30.07,2026-10-01
WEWIN,EQ,01-Oct-2026,50.81,50.81,53.0,49.75,51.65,8010,4.14,110,6991.0,87.28,2026-10-01
WEWORK,EQ,01-Oct-2026,660.45,661.25,668.6,643.55,659.6,303711,1994.9,12380,207579.0,68.35,2026-10-01
WHBRADY,EQ,01-Oct-2026,491.0,471.0,495.0,461.0,465.05,207,0.96,16,205.0,99.03,2026-10-01
WHEELS,EQ,01-Oct-2026,2221.0,2225.0,2274.0,2104.1,2241.3,183997,4043.28,15483,84330.0,45.83,2026-10-01
WHIRLPOOL,EQ,01-Oct-2026,890.25,880.0,897.1,852.5,861.65,1044003,9133.0,39114,251245.0,24.07,2026-10-01
WILLAMAGOR,EQ,01-Oct-2026,22.99,23.4,23.4,20.53,21.19,10397,2.23,221,7196.0,69.21,2026-10-01
WINDLAS,EQ,01-Oct-2026,1091.3,1091.3,1101.3,1052.6,1082.4,63775,686.24,7112,31634.0,49.6,2026-10-01
WINDMACHIN,EQ,01-Oct-2026,300.2,301.2,303.05,284.6,293.15,99959,293.36,2376,45615.0,45.63,2026-10-01
WINSOL,SM,01-Oct-2026,109.95,106.5,106.5,106.0,106.0,1600,1.7,4,800.0,50.0,2026-10-01
WIPL,EQ,01-Oct-2026,164.8,168.39,168.5,161.0,161.0,936,1.53,16,792.0,84.62,2026-10-01
WIPRO,EQ,01-Oct-2026,158.5,158.61,160.95,157.25,159.35,18521731,29477.15,125837,10746142.0,58.02,2026-10-01
WOCKPHARMA,EQ,01-Oct-2026,2116.3,2110.0,2124.0,2035.6,2083.9,784540,16306.54,55046,274633.0,35.01,2026-10-01
WOL3D,SM,01-Oct-2026,139.0,134.0,134.0,134.0,134.0,1000,1.34,1,1000.0,100.0,2026-10-01
WOMANCART,ST,01-Oct-2026,95.95,97.7,97.9,94.1,96.35,6400,6.1,16,4800.0,75.0,2026-10-01
WONDERLA,EQ,01-Oct-2026,500.3,498.0,501.9,488.0,495.1,79594,394.66,3303,48967.0,61.52,2026-10-01
WORTHPERI,EQ,01-Oct-2026,146.02,146.5,147.0,142.0,143.74,1747,2.54,37,1599.0,91.53,2026-10-01
WPIL,EQ,01-Oct-2026,438.85,437.7,440.0,421.1,430.65,28634,123.35,1817,15383.0,53.72,2026-10-01
WSI,EQ,01-Oct-2026,54.04,54.5,55.59,52.8,53.2,39222,20.98,207,32705.0,83.38,2026-10-01
WSTCSTPAPR,EQ,01-Oct-2026,736.6,738.7,744.5,702.95,727.65,145287,1044.92,9925,56760.0,39.07,2026-10-01
WTICAB,SM,01-Oct-2026,95.05,94.1,97.95,93.0,95.0,13500,12.84,27,9500.0,70.37,2026-10-01
XCHANGING,EQ,01-Oct-2026,61.24,61.0,61.42,59.4,59.73,58010,34.86,953,40546.0,69.89,2026-10-01
XELPMOC,EQ,01-Oct-2026,80.24,79.55,95.0,79.55,93.67,244539,223.78,4371,79868.0,32.66,2026-10-01
XPROINDIA,EQ,01-Oct-2026,1161.9,1161.9,1168.6,1115.0,1136.2,42823,486.55,3931,22684.0,52.97,2026-10-01
XTGLOBAL,EQ,01-Oct-2026,29.19,29.6,29.6,28.11,28.69,19992,5.8,226,13351.0,66.78,2026-10-01
XTRANET,EQ,01-Oct-2026,285.05,291.0,294.65,270.8,272.4,796522,2216.4,13180,419060.0,52.61,2026-10-01
YAAP,SM,01-Oct-2026,126.25,126.25,128.4,120.0,122.0,41000,50.99,36,25000.0,60.98,2026-10-01
YASHO,EQ,01-Oct-2026,4005.4,3945.0,4133.3,3942.0,4036.0,22593,910.19,5739,10204.0,45.16,2026-10-01
YASHOPTICS,SM,01-Oct-2026,131.25,133.0,137.9,132.0,135.4,68800,92.54,57,60000.0,87.21,2026-10-01
YATHARTH,EQ,01-Oct-2026,1032.5,1012.0,1059.0,1012.0,1033.7,508885,5268.99,39561,192098.0,37.75,2026-10-01
YATRA,EQ,01-Oct-2026,99.89,100.0,104.0,97.4,98.83,2022495,2028.96,17805,547246.0,27.06,2026-10-01
YESBANK,EQ,01-Oct-2026,20.95,20.95,21.17,20.51,20.75,80611659,16770.74,81339,41275811.0,51.2,2026-10-01
YOGI,EQ,01-Oct-2026,160.56,160.5,164.0,155.0,159.35,2356,3.76,240,2251.0,95.54,2026-10-01
YUDIZ,SM,01-Oct-2026,22.95,24.05,24.05,24.05,24.05,800,0.19,1,800.0,100.0,2026-10-01
YUKEN,EQ,01-Oct-2026,1131.1,1134.4,1152.0,1072.1,1141.4,15046,168.29,1332,8826.0,58.66,2026-10-01
ZAGGLE,EQ,01-Oct-2026,173.18,172.5,176.39,168.87,171.73,843126,1453.36,13161,356120.0,42.24,2026-10-01
ZEAL,SM,01-Oct-2026,76.0,76.0,76.0,68.55,68.55,1200,0.87,2,1200.0,100.0,2026-10-01
ZEEL,EQ,01-Oct-2026,74.47,74.7,74.7,71.64,71.92,13789871,10008.59,49721,5119967.0,37.13,2026-10-01
ZEELEARN,EQ,01-Oct-2026,6.5,6.55,6.55,6.22,6.3,249693,15.85,566,198180.0,79.37,2026-10-01
ZEEMEDIA,EQ,01-Oct-2026,7.21,7.33,7.33,7.05,7.2,764827,54.9,1402,511107.0,66.83,2026-10-01
ZENITHDRUG,SM,01-Oct-2026,44.5,42.8,42.8,41.85,42.05,4000,1.7,5,4000.0,100.0,2026-10-01
ZENITHEXPO,EQ,01-Oct-2026,199.0,205.0,205.0,200.0,203.04,79,0.16,9,79.0,100.0,2026-10-01
ZENITHSTL,EQ,01-Oct-2026,5.3,5.07,5.4,5.0,5.1,57191,2.94,257,44867.0,78.45,2026-10-01
ZENSARTECH,EQ,01-Oct-2026,422.1,422.5,438.0,421.05,434.35,1843893,7939.85,64926,429116.0,23.27,2026-10-01
ZENTEC,EQ,01-Oct-2026,1605.2,1605.2,1610.0,1550.0,1576.1,251378,3972.51,22940,112083.0,44.59,2026-10-01
ZFCVINDIA,EQ,01-Oct-2026,2341.0,2335.0,2336.0,2230.0,2241.0,154904,3501.12,20272,100081.0,64.61,2026-10-01
ZFSTEERING,EQ,01-Oct-2026,714.5,715.0,729.9,702.05,708.4,1845,13.13,189,1435.0,77.78,2026-10-01
ZIMLAB,EQ,01-Oct-2026,137.97,138.94,138.94,132.1,137.02,129941,175.38,1801,66498.0,51.18,2026-10-01
ZODIAC,EQ,01-Oct-2026,216.32,217.49,219.79,210.7,216.91,8175,17.51,523,5278.0,64.56,2026-10-01
ZODIACLOTH,EQ,01-Oct-2026,69.03,68.71,68.71,66.32,66.71,1851,1.24,76,1607.0,86.82,2026-10-01
ZOTA,EQ,01-Oct-2026,1294.7,1299.8,1334.5,1249.6,1267.8,225359,2945.21,7259,184118.0,81.7,2026-10-01
ZSARACOM,EQ,01-Oct-2026,10140.0,10320.0,10320.0,9900.0,10017.0,23,2.32,18,20.0,86.96,2026-10-01
ZTECH,SM,01-Oct-2026,430.75,426.0,437.15,426.0,437.05,8700,37.37,28,7500.0,86.21,2026-10-01
ZUARI,EQ,01-Oct-2026,220.33,220.5,220.5,210.96,212.88,68426,146.71,2013,36218.0,52.93,2026-10-01
ZUARIIND,EQ,01-Oct-2026,282.2,282.2,289.0,278.0,281.85,109193,311.08,4246,60636.0,55.53,2026-10-01
ZYDUSLIFE,EQ,01-Oct-2026,1162.0,1151.0,1158.0,1123.7,1145.7,2547369,29113.76,56564,1489237.0,58.46,2026-10-01
ZYDUSWELL,EQ,01-Oct-2026,512.8,512.2,515.25,490.2,493.25,151840,755.46,12745,73046.0,48.11,2026-10-01
