SYMBOL,SERIES,DATE1,PREV_CLOSE,OPEN_PRICE,HIGH_PRICE,LOW_PRICE,CLOSE_PRICE,TTL_TRD_QNTY,TURNOVER_LACS,NO_OF_TRADES,DELIV_QTY,DELIV_PER,DATE
1018GS2026,GS,24-Aug-2026,105.0,105.0,105.0,105.0,105.0,125,0.13,4,125.0,100.0,2026-08-24
20MICRONS,EQ,24-Aug-2026,204.19,204.19,214.7,202.86,213.26,313566,659.91,5434,172033.0,54.86,2026-08-24
21STCENMGM,EQ,24-Aug-2026,43.31,42.45,44.0,42.45,43.97,6704,2.89,55,4675.0,69.73,2026-08-24
360ONE,EQ,24-Aug-2026,1199.0,1202.0,1215.2,1189.8,1189.8,712864,8591.86,55743,434850.0,61.0,2026-08-24
3BBLACKBIO,EQ,24-Aug-2026,1202.5,1202.0,1278.0,1191.4,1261.6,33260,417.25,3091,20075.0,60.36,2026-08-24
3IINFOLTD,BE,24-Aug-2026,23.36,24.52,24.52,24.52,24.52,339855,83.33,527,,,2026-08-24
3MINDIA,EQ,24-Aug-2026,33640.0,33640.0,34065.0,33530.0,33885.0,1835,620.03,1341,930.0,50.68,2026-08-24
3PLAND,EQ,24-Aug-2026,32.11,32.2,32.4,31.52,31.73,7024,2.25,90,4605.0,65.56,2026-08-24
574GS2026,GS,24-Aug-2026,101.4,101.41,101.45,100.91,101.45,230,0.23,5,135.0,58.7,2026-08-24
5PAISA,EQ,24-Aug-2026,384.25,384.0,385.55,373.5,374.8,51363,194.34,2470,25784.0,50.2,2026-08-24
601GS2028,GS,24-Aug-2026,102.0,102.4,102.4,101.6,101.6,1000,1.02,2,0.0,0.0,2026-08-24
601GS2030,GS,24-Aug-2026,99.6,99.6,99.6,97.71,97.71,1100,1.07,3,1100.0,100.0,2026-08-24
603GS2029,GS,24-Aug-2026,100.0,100.0,100.0,98.81,98.81,290,0.29,2,290.0,100.0,2026-08-24
610GS2031,GS,24-Aug-2026,98.0,98.5,99.0,98.5,99.0,2101,2.07,5,2101.0,100.0,2026-08-24
620GS2029,GS,24-Aug-2026,99.55,99.5,99.85,98.96,99.81,27995,27.87,21,27990.0,99.98,2026-08-24
633GS2035,GS,24-Aug-2026,99.5,97.1,99.0,97.1,99.0,1401,1.37,5,700.0,49.96,2026-08-24
63MOONS,EQ,24-Aug-2026,795.5,803.85,809.8,788.8,800.25,225383,1799.92,8560,82679.0,36.68,2026-08-24
648GS2035,GS,24-Aug-2026,98.56,98.55,99.9,98.55,99.9,1612,1.6,5,1612.0,100.0,2026-08-24
667GS2050,GS,24-Aug-2026,92.44,93.0,93.0,92.95,92.95,4,0.0,4,4.0,100.0,2026-08-24
676GS2061,GS,24-Aug-2026,91.49,91.9,91.9,91.39,91.39,32848,30.04,33,32847.0,100.0,2026-08-24
679GS2034,GS,24-Aug-2026,102.0,101.0,101.0,101.0,101.0,100,0.1,1,100.0,100.0,2026-08-24
690GS2065,GS,24-Aug-2026,94.06,94.07,94.07,93.85,93.85,13700,12.87,8,13700.0,100.0,2026-08-24
692GS2039,GS,24-Aug-2026,101.0,100.0,100.0,100.0,100.0,99,0.1,1,99.0,100.0,2026-08-24
694GS2036,GS,24-Aug-2026,101.48,101.51,101.53,101.5,101.5,9407,9.55,11,9407.0,100.0,2026-08-24
695GS2061,GS,24-Aug-2026,94.23,94.49,94.49,94.3,94.3,11160,10.53,16,11160.0,100.0,2026-08-24
699GS2051,GS,24-Aug-2026,96.12,97.97,97.97,95.82,96.5,2226,2.15,4,2226.0,100.0,2026-08-24
702GS2031,GS,24-Aug-2026,103.75,102.0,102.0,102.0,102.0,1900,1.94,2,1900.0,100.0,2026-08-24
704GS2029,GS,24-Aug-2026,102.47,102.26,102.26,102.26,102.26,99,0.1,1,99.0,100.0,2026-08-24
709GS2054,GS,24-Aug-2026,97.05,97.5,97.5,96.99,96.99,1882,1.83,7,1882.0,100.0,2026-08-24
709GS2074,GS,24-Aug-2026,95.88,95.88,96.39,95.88,96.39,4916,4.72,5,4916.0,100.0,2026-08-24
710GS2029,GS,24-Aug-2026,103.75,103.75,104.0,103.45,104.0,115916,120.11,27,115916.0,100.0,2026-08-24
717GS2030,GS,24-Aug-2026,104.5,104.5,104.5,104.5,104.5,400,0.42,1,400.0,100.0,2026-08-24
718GS2033,GS,24-Aug-2026,103.2,103.0,104.5,103.0,103.01,1102,1.14,4,1102.0,100.0,2026-08-24
718GS2037,GS,24-Aug-2026,103.25,104.25,104.25,102.0,103.0,97347,100.01,50,82547.0,84.8,2026-08-24
724GS2055,GS,24-Aug-2026,98.35,98.35,98.5,97.8,98.05,22793,22.36,51,22665.0,99.44,2026-08-24
725GS2063,GS,24-Aug-2026,98.21,98.95,98.95,98.13,98.21,300431,294.88,232,298231.0,99.27,2026-08-24
726GS2032,GS,24-Aug-2026,106.65,106.5,106.5,106.0,106.0,4350,4.63,4,4350.0,100.0,2026-08-24
726GS2033,GS,24-Aug-2026,103.5,103.5,103.5,103.5,103.5,1000,1.04,1,1000.0,100.0,2026-08-24
732GS2030,GS,24-Aug-2026,103.9,103.9,103.99,103.76,103.99,1300,1.35,3,1300.0,100.0,2026-08-24
733GS2026,GS,24-Aug-2026,102.0,102.0,102.0,102.0,102.0,200,0.2,3,200.0,100.0,2026-08-24
734GS2064,GS,24-Aug-2026,100.15,100.15,100.15,99.9,99.96,146426,146.42,43,146426.0,100.0,2026-08-24
736GS2052,GS,24-Aug-2026,103.8,103.0,103.0,103.0,103.0,50,0.05,1,50.0,100.0,2026-08-24
738GS2027,GS,24-Aug-2026,102.26,102.5,102.75,102.2,102.56,31541,32.35,14,31003.0,98.29,2026-08-24
73GS2053,GS,24-Aug-2026,99.81,99.81,100.0,99.8,100.0,2826,2.82,8,2826.0,100.0,2026-08-24
741GS2036,GS,24-Aug-2026,105.87,106.0,106.0,105.25,106.0,1283,1.35,5,1281.0,99.84,2026-08-24
743GS2076,GS,24-Aug-2026,100.5,100.51,101.0,100.5,100.5,3000,3.02,13,3000.0,100.0,2026-08-24
746GS2073,GS,24-Aug-2026,101.8,101.5,101.5,100.81,101.5,7350,7.41,21,7348.0,99.97,2026-08-24
74GS2062,GS,24-Aug-2026,101.99,102.4,102.4,102.0,102.0,1023,1.04,4,1023.0,100.0,2026-08-24
750GS2056,GS,24-Aug-2026,102.9,102.0,102.3,100.1,102.3,700,0.71,13,600.0,85.71,2026-08-24
754GS2036,GS,24-Aug-2026,106.86,106.61,106.99,106.59,106.77,169139,180.71,79,166700.0,98.56,2026-08-24
771GS2066,GS,24-Aug-2026,105.68,104.15,105.68,104.0,105.39,5942,6.2,16,5932.0,99.83,2026-08-24
824GS2027,GS,24-Aug-2026,103.3,103.0,103.0,103.0,103.0,294,0.3,3,294.0,100.0,2026-08-24
828GS2027,GS,24-Aug-2026,167.35,158.99,158.99,158.99,158.99,1,0.0,1,1.0,100.0,2026-08-24
897GS2030,GS,24-Aug-2026,112.0,109.2,113.0,109.2,112.53,709,0.8,4,709.0,100.0,2026-08-24
92GS2030,GS,24-Aug-2026,114.8,114.8,116.0,113.7,115.0,15088,17.33,28,14135.0,93.68,2026-08-24
A2ZINFRA,EQ,24-Aug-2026,15.46,16.08,16.23,15.2,16.07,831645,132.69,1132,537197.0,64.59,2026-08-24
AAATECH,EQ,24-Aug-2026,95.71,95.03,96.0,94.65,95.0,8489,8.08,160,5760.0,67.85,2026-08-24
AADHARHFC,EQ,24-Aug-2026,462.55,462.9,470.0,459.3,466.45,275698,1282.6,17290,140044.0,50.8,2026-08-24
AAKAAR,SM,24-Aug-2026,61.3,62.2,62.2,62.0,62.0,3200,1.99,2,3200.0,100.0,2026-08-24
AAKASH,EQ,24-Aug-2026,8.71,8.7,8.94,8.62,8.77,109891,9.66,405,84265.0,76.68,2026-08-24
AARADHYA,SM,24-Aug-2026,69.95,69.95,69.95,69.95,69.95,1200,0.84,1,1200.0,100.0,2026-08-24
AAREYDRUGS,EQ,24-Aug-2026,81.2,80.2,80.61,77.71,78.1,42321,33.3,558,29387.0,69.44,2026-08-24
AARNAV,BE,24-Aug-2026,33.78,33.45,34.1,32.1,32.63,19195,6.3,109,,,2026-08-24
AARON,EQ,24-Aug-2026,137.64,137.64,140.59,136.75,137.18,6853,9.47,304,5051.0,73.7,2026-08-24
AARTECH,BE,24-Aug-2026,48.29,48.0,48.89,46.5,47.45,57468,27.34,315,,,2026-08-24
AARTIDRUGS,EQ,24-Aug-2026,417.4,420.7,429.8,417.4,421.05,215296,914.34,6568,91212.0,42.37,2026-08-24
AARTIIND,EQ,24-Aug-2026,527.2,529.45,546.0,525.4,543.15,2016424,10892.08,42922,820454.0,40.69,2026-08-24
AARTIPHARM,EQ,24-Aug-2026,816.8,817.0,859.8,808.8,843.15,750494,6309.97,32420,286744.0,38.21,2026-08-24
AARTISURF,BE,24-Aug-2026,572.95,566.95,588.9,544.35,544.35,23595,129.83,619,,,2026-08-24
AARVI,EQ,24-Aug-2026,152.5,155.19,155.19,152.0,152.71,8682,13.27,404,6260.0,72.1,2026-08-24
AASTHA,EQ,24-Aug-2026,73.03,73.29,73.7,73.0,73.01,268333,196.14,1302,181700.0,67.71,2026-08-24
AATMAJ,SM,24-Aug-2026,18.55,18.55,18.55,18.55,18.55,2000,0.37,1,2000.0,100.0,2026-08-24
AAVAS,EQ,24-Aug-2026,1355.3,1349.0,1358.5,1330.0,1336.3,91922,1233.16,13172,53189.0,57.86,2026-08-24
ABAN,BE,24-Aug-2026,16.71,16.38,16.38,16.38,16.38,7591,1.24,46,,,2026-08-24
ABANSENT,EQ,24-Aug-2026,27.98,27.98,28.64,27.06,27.55,16625,4.58,178,12730.0,76.57,2026-08-24
ABB,EQ,24-Aug-2026,7424.0,7460.0,7566.5,7429.5,7504.0,118675,8915.45,17300,37866.0,31.91,2026-08-24
ABBOTINDIA,EQ,24-Aug-2026,26230.0,26155.0,26495.0,26030.0,26420.0,10305,2703.95,4222,4384.0,42.54,2026-08-24
ABCAPITAL,EQ,24-Aug-2026,413.0,410.55,415.75,408.05,412.9,2111216,8698.33,36579,796148.0,37.71,2026-08-24
ABCOTS,EQ,24-Aug-2026,209.42,209.42,213.9,206.9,208.43,11673,24.49,257,8434.0,72.25,2026-08-24
ABDL,EQ,24-Aug-2026,595.0,607.9,615.3,592.2,610.35,480168,2910.22,16674,227299.0,47.34,2026-08-24
ABFRL,EQ,24-Aug-2026,54.35,54.59,55.28,53.8,53.95,2911990,1587.62,16462,1505666.0,51.71,2026-08-24
ABGSEC,EQ,24-Aug-2026,115.07,115.07,115.1,115.07,115.1,271,0.31,10,271.0,100.0,2026-08-24
ABHAPOWER,SM,24-Aug-2026,24.75,23.3,24.6,23.0,24.6,6400,1.52,4,3200.0,50.0,2026-08-24
ABINFRA,BE,24-Aug-2026,12.63,12.4,13.26,12.0,12.94,1935844,240.8,1054,,,2026-08-24
ABLBL,EQ,24-Aug-2026,86.12,86.45,87.14,84.24,85.13,785130,672.58,7365,393765.0,50.15,2026-08-24
ABMINTLLTD,BE,24-Aug-2026,55.92,58.71,58.71,56.0,58.37,2808,1.63,65,,,2026-08-24
ABMKNO,EQ,24-Aug-2026,189.87,189.87,191.0,188.0,188.15,36,0.07,7,31.0,86.11,2026-08-24
ABREL,EQ,24-Aug-2026,1406.3,1417.9,1486.0,1411.2,1429.8,963156,14022.75,52970,216329.0,22.46,2026-08-24
ABSL10BANK,EQ,24-Aug-2026,169.17,169.8,169.92,168.7,169.01,1728,2.92,38,1487.0,86.05,2026-08-24
ABSLAMC,EQ,24-Aug-2026,1008.4,1006.1,1010.5,996.1,998.7,90807,910.88,10164,48600.0,53.52,2026-08-24
ABSLBANETF,EQ,24-Aug-2026,59.17,60.35,60.35,58.3,58.63,175462,103.02,525,100933.0,57.52,2026-08-24
ABSLLIQUID,EQ,24-Aug-2026,1000.0,1000.0,1000.01,999.99,1000.0,3382,33.82,45,1907.0,56.39,2026-08-24
ABSLMSCIN,EQ,24-Aug-2026,29.8,29.8,30.8,29.67,29.7,11403,3.39,18,7894.0,69.23,2026-08-24
ABSLNN50ET,EQ,24-Aug-2026,77.74,77.97,78.14,77.22,77.88,11019,8.58,242,7051.0,63.99,2026-08-24
ABSLPSE,EQ,24-Aug-2026,10.18,10.28,10.29,10.14,10.16,112849,11.49,380,96900.0,85.87,2026-08-24
ABSMARINE,ST,24-Aug-2026,247.5,255.0,259.85,253.5,259.85,122500,317.02,140,121000.0,98.78,2026-08-24
ACC,EQ,24-Aug-2026,1307.4,1307.8,1313.5,1297.0,1300.9,88400,1153.77,8106,46957.0,53.12,2026-08-24
ACCELYA,EQ,24-Aug-2026,1138.6,1138.5,1150.0,1128.4,1137.1,5405,61.59,562,3573.0,66.11,2026-08-24
ACCENTMIC,SM,24-Aug-2026,605.05,605.05,621.0,587.8,590.05,86000,514.1,132,62500.0,72.67,2026-08-24
ACCPL,ST,24-Aug-2026,202.3,202.0,204.0,194.0,200.0,8400,16.94,6,8400.0,100.0,2026-08-24
ACCURACY,BE,24-Aug-2026,4.59,4.57,4.6,4.51,4.54,39436,1.79,165,,,2026-08-24
ACE,EQ,24-Aug-2026,1182.2,1192.0,1192.0,1159.5,1167.2,275755,3230.72,20928,146857.0,53.26,2026-08-24
ACEINTEG,EQ,24-Aug-2026,17.89,18.25,18.25,17.8,17.81,1423,0.25,22,1215.0,85.38,2026-08-24
ACGL,EQ,24-Aug-2026,1806.2,1815.3,1824.9,1780.0,1793.8,1053,18.91,188,737.0,69.99,2026-08-24
ACI,EQ,24-Aug-2026,497.85,499.8,522.9,493.65,515.95,1265874,6513.69,42658,467282.0,36.91,2026-08-24
ACL,EQ,24-Aug-2026,45.2,45.22,45.99,44.01,44.81,10152,4.56,220,7452.0,73.4,2026-08-24
ACMESOLAR,EQ,24-Aug-2026,401.6,400.0,411.5,394.7,409.15,2263809,9160.47,42998,1243789.0,54.94,2026-08-24
ACSTECH,EQ,24-Aug-2026,50.78,51.21,54.77,51.0,51.39,947345,499.78,5739,397019.0,41.91,2026-08-24
ACTIVEINFR,SM,24-Aug-2026,181.25,181.15,183.8,181.15,181.2,54600,99.53,11,54600.0,100.0,2026-08-24
ACUTAAS,EQ,24-Aug-2026,3169.0,3189.1,3244.7,3155.0,3173.0,360245,11558.43,35218,207721.0,57.66,2026-08-24
ADANIENSOL,EQ,24-Aug-2026,1541.9,1543.9,1562.0,1527.0,1555.1,1718421,26696.67,73350,1067915.0,62.15,2026-08-24
ADANIENT,EQ,24-Aug-2026,2997.0,3010.0,3019.8,2971.5,2998.6,832518,24917.37,62966,415479.0,49.91,2026-08-24
ADANIGREEN,EQ,24-Aug-2026,1320.0,1319.9,1319.9,1298.1,1308.0,692549,9051.44,23860,234699.0,33.89,2026-08-24
ADANIPORTS,EQ,24-Aug-2026,1700.0,1700.0,1700.0,1672.1,1672.1,1061245,17843.72,49168,620572.0,58.48,2026-08-24
ADANIPOWER,EQ,24-Aug-2026,205.5,205.2,205.6,202.57,203.7,9498733,19332.16,55607,4212862.0,44.35,2026-08-24
ADDICTIVE,SM,24-Aug-2026,46.6,48.85,48.9,46.95,48.9,14000,6.81,25,11500.0,82.14,2026-08-24
ADDIND,EQ,24-Aug-2026,80.66,92.0,93.7,85.0,86.36,2931,2.63,110,1994.0,68.03,2026-08-24
ADFFOODS,EQ,24-Aug-2026,267.6,265.0,279.0,264.75,272.6,340521,931.85,9552,94083.0,27.63,2026-08-24
ADISOFT,SM,24-Aug-2026,206.25,207.25,215.6,195.0,195.85,81600,168.23,98,55200.0,67.65,2026-08-24
ADL,EQ,24-Aug-2026,71.98,72.33,76.0,69.11,75.06,3016,2.19,110,2502.0,82.96,2026-08-24
ADOR,EQ,24-Aug-2026,1617.6,1617.6,1646.3,1596.3,1625.4,35264,572.9,3821,15643.0,44.36,2026-08-24
ADROITINFO,EQ,24-Aug-2026,10.04,9.99,10.55,9.99,10.33,13837,1.42,179,11154.0,80.61,2026-08-24
ADSL,EQ,24-Aug-2026,108.49,108.57,110.89,103.55,107.56,98473,106.95,3104,40216.0,40.84,2026-08-24
ADVAIT,EQ,24-Aug-2026,2086.0,2112.5,2112.5,2060.0,2069.1,20936,437.13,2457,11564.0,55.24,2026-08-24
ADVANCE,EQ,24-Aug-2026,119.2,120.9,121.98,116.06,118.0,219494,261.56,3040,105025.0,47.85,2026-08-24
ADVANIHOTR,EQ,24-Aug-2026,49.61,50.25,50.56,49.51,50.18,24438,12.25,469,19693.0,80.58,2026-08-24
ADVENTHTL,EQ,24-Aug-2026,133.2,133.3,135.79,130.05,131.0,115625,154.04,2098,60531.0,52.35,2026-08-24
ADVENZYMES,EQ,24-Aug-2026,300.0,300.25,305.4,299.0,302.35,151058,456.83,3063,73664.0,48.77,2026-08-24
ADVIKCA,EQ,24-Aug-2026,1.2,1.22,1.23,1.18,1.19,199464,2.39,293,183362.0,91.93,2026-08-24
AEGISLOG,EQ,24-Aug-2026,1417.9,1424.4,1438.1,1337.0,1341.5,928745,12804.32,46643,383740.0,41.32,2026-08-24
AEGISVOPAK,EQ,24-Aug-2026,276.3,278.9,282.8,269.05,270.3,701538,1929.76,14384,263270.0,37.53,2026-08-24
AEPL,EQ,24-Aug-2026,14.64,14.2,14.93,14.17,14.48,26233,3.78,175,20971.0,79.94,2026-08-24
AEQUS,EQ,24-Aug-2026,259.22,259.99,262.38,254.25,256.07,2283472,5901.69,27877,965079.0,42.26,2026-08-24
AEROENTER,EQ,24-Aug-2026,140.07,141.3,143.99,138.0,139.23,672143,948.75,7669,350322.0,52.12,2026-08-24
AEROFLEX,EQ,24-Aug-2026,503.0,505.25,511.0,494.35,504.25,1279597,6444.83,28162,418283.0,32.69,2026-08-24
AERON,SM,24-Aug-2026,73.7,73.7,73.7,71.0,71.0,15000,10.79,15,13000.0,86.67,2026-08-24
AERONEU,EQ,24-Aug-2026,82.97,85.6,85.6,81.11,81.16,25147,20.78,400,6655.0,26.46,2026-08-24
AEROPLANE,EQ,24-Aug-2026,175.82,176.5,178.0,171.52,175.66,357923,626.89,6169,152048.0,42.48,2026-08-24
AESTHETIK,SM,24-Aug-2026,72.0,71.5,72.95,71.5,71.75,22000,15.83,19,19000.0,86.36,2026-08-24
AETHER,EQ,24-Aug-2026,1626.6,1633.0,1683.6,1619.0,1667.8,322741,5370.79,33654,174404.0,54.04,2026-08-24
AFCONS,EQ,24-Aug-2026,278.9,278.0,290.0,277.95,278.65,718513,2042.97,14410,293020.0,40.78,2026-08-24
AFFLE,EQ,24-Aug-2026,1718.7,1728.0,1748.2,1705.0,1740.0,166831,2884.78,21206,81430.0,48.81,2026-08-24
AFFORDABLE,BE,24-Aug-2026,166.81,169.98,169.98,165.3,165.84,12740,21.28,190,,,2026-08-24
AFIL,EQ,24-Aug-2026,9.33,9.33,10.39,9.2,10.05,2623520,261.8,3292,1801836.0,68.68,2026-08-24
AFSL,EQ,24-Aug-2026,201.34,201.06,203.21,201.0,201.01,37400,75.18,180,34418.0,92.03,2026-08-24
AGARIND,EQ,24-Aug-2026,491.8,491.8,494.05,479.4,485.8,36925,179.94,1905,20361.0,55.14,2026-08-24
AGARWALEYE,EQ,24-Aug-2026,500.2,499.05,502.95,495.2,497.8,324275,1617.27,14155,215647.0,66.5,2026-08-24
AGARWALTUF,SM,24-Aug-2026,143.25,143.25,143.25,140.25,141.5,20400,28.83,15,14400.0,70.59,2026-08-24
AGI,EQ,24-Aug-2026,753.6,762.5,772.0,732.5,741.65,405687,3044.99,15840,184236.0,45.41,2026-08-24
AGIIL,EQ,24-Aug-2026,291.25,299.85,299.9,287.05,288.3,926602,2699.23,9574,401817.0,43.36,2026-08-24
AGL,EQ,24-Aug-2026,13.12,13.13,14.2,13.13,13.86,9094846,1255.03,18656,3791400.0,41.69,2026-08-24
AGNI,SM,24-Aug-2026,15.3,15.0,15.05,14.7,14.7,15000,2.24,6,10000.0,66.67,2026-08-24
AGRITECH,EQ,24-Aug-2026,103.02,103.53,104.8,101.1,102.05,1893,1.94,91,1327.0,70.1,2026-08-24
AGROPHOS,EQ,24-Aug-2026,25.74,26.6,27.5,26.0,26.18,28622,7.53,600,15709.0,54.88,2026-08-24
AGSTRA,BZ,24-Aug-2026,2.0,2.05,2.05,1.96,1.97,179759,3.58,328,,,2026-08-24
AHCL,EQ,24-Aug-2026,14.28,14.34,15.6,14.34,15.43,8502260,1292.34,10754,4004605.0,47.1,2026-08-24
AHLADA,EQ,24-Aug-2026,37.93,37.01,39.0,37.01,37.64,6075,2.31,122,4170.0,68.64,2026-08-24
AHLEAST,EQ,24-Aug-2026,139.93,140.66,144.9,138.5,143.22,1332,1.88,40,437.0,32.81,2026-08-24
AHLUCONT,EQ,24-Aug-2026,696.2,688.0,690.0,645.3,649.6,317298,2110.35,17865,153450.0,48.36,2026-08-24
AHLWEST,BE,24-Aug-2026,559.95,559.95,559.95,532.25,532.3,235,1.26,7,,,2026-08-24
AIAENG,EQ,24-Aug-2026,4348.9,4330.5,4366.9,4267.0,4276.3,21051,905.47,8798,11915.0,56.6,2026-08-24
AIIL,EQ,24-Aug-2026,552.25,553.55,561.9,551.0,554.9,158585,881.19,7858,76994.0,48.55,2026-08-24
AIMTRON,SM,24-Aug-2026,1675.1,1651.3,1693.9,1640.0,1681.45,28200,469.64,127,14400.0,51.06,2026-08-24
AIRAN,EQ,24-Aug-2026,15.03,15.17,15.36,14.9,15.17,31100,4.7,212,25493.0,81.97,2026-08-24
AIROLAM,EQ,24-Aug-2026,89.0,87.3,89.0,87.0,88.99,5620,4.98,53,4234.0,75.34,2026-08-24
AISL,SM,24-Aug-2026,57.85,55.55,56.0,55.5,56.0,1800,1.0,3,1200.0,66.67,2026-08-24
AJANTPHARM,EQ,24-Aug-2026,3639.8,3640.7,3666.9,3556.0,3579.9,65679,2352.04,12050,35038.0,53.35,2026-08-24
AJAXENGG,EQ,24-Aug-2026,565.65,565.65,583.05,565.65,576.85,73589,422.03,5870,41594.0,56.52,2026-08-24
AJMERA,EQ,24-Aug-2026,117.96,118.0,119.9,118.0,118.6,138333,164.17,2674,86411.0,62.47,2026-08-24
AJOONI,EQ,24-Aug-2026,3.72,3.72,3.79,3.7,3.75,147896,5.55,395,111899.0,75.66,2026-08-24
AKANKSHA,SM,24-Aug-2026,121.4,126.0,127.45,126.0,127.4,31000,39.48,25,31000.0,100.0,2026-08-24
AKASH,EQ,24-Aug-2026,24.97,24.76,25.15,24.5,24.8,6195,1.54,67,4387.0,70.82,2026-08-24
AKCAPIT,EQ,24-Aug-2026,1750.0,1752.2,1770.0,1741.1,1758.5,2228,39.07,111,2120.0,95.15,2026-08-24
AKG,EQ,24-Aug-2026,8.99,9.43,9.43,8.86,8.92,15660,1.4,142,13595.0,86.81,2026-08-24
AKI,EQ,24-Aug-2026,4.18,4.32,4.43,4.01,4.15,366496,15.42,597,194345.0,53.03,2026-08-24
AKIKO,SM,24-Aug-2026,392.25,399.95,409.0,393.0,407.35,37600,150.69,43,26400.0,70.21,2026-08-24
AKSHAR,EQ,24-Aug-2026,0.41,0.42,0.43,0.41,0.41,806576,3.38,262,512214.0,63.5,2026-08-24
AKSHARCHEM,BE,24-Aug-2026,303.22,303.2,318.38,303.2,318.38,18523,58.79,241,,,2026-08-24
AKSHOPTFBR,BE,24-Aug-2026,7.66,7.85,7.96,7.67,7.87,630063,49.22,720,,,2026-08-24
AKUMS,EQ,24-Aug-2026,750.0,740.05,780.85,737.0,770.35,486073,3739.51,25911,232673.0,47.87,2026-08-24
ALANKIT,EQ,24-Aug-2026,8.16,8.12,8.24,8.11,8.11,105833,8.63,347,97262.0,91.9,2026-08-24
ALBERTDAVD,EQ,24-Aug-2026,864.15,864.15,895.0,861.15,888.7,26156,231.29,2128,15709.0,60.06,2026-08-24
ALCODIS,SM,24-Aug-2026,63.5,62.5,68.0,62.0,65.25,16250,10.54,9,15625.0,96.15,2026-08-24
ALEMBICLTD,EQ,24-Aug-2026,92.73,93.4,93.4,91.23,91.64,281312,259.44,3054,170456.0,60.59,2026-08-24
ALFREDHE,EQ,24-Aug-2026,2967.8,3045.0,3045.0,2980.9,2985.0,24,0.72,13,24.0,100.0,2026-08-24
ALGOQUANT,EQ,24-Aug-2026,65.0,65.1,66.43,64.67,66.04,1762911,1153.09,2953,770083.0,43.68,2026-08-24
ALICON,EQ,24-Aug-2026,741.1,741.1,751.5,720.05,726.5,26741,195.66,1893,16250.0,60.77,2026-08-24
ALIVUS,EQ,24-Aug-2026,1350.9,1350.9,1371.9,1335.2,1366.1,48694,660.71,8230,26591.0,54.61,2026-08-24
ALKALI,BE,24-Aug-2026,67.87,67.9,67.9,67.5,67.5,369,0.25,19,,,2026-08-24
ALKEM,EQ,24-Aug-2026,5400.0,5400.0,5400.0,5315.0,5350.0,46339,2478.39,9516,26045.0,56.21,2026-08-24
ALKYLAMINE,EQ,24-Aug-2026,2052.7,2069.1,2115.0,2044.0,2083.8,260283,5416.3,29179,75589.0,29.04,2026-08-24
ALLCARGO,EQ,24-Aug-2026,12.17,12.5,13.72,12.5,13.33,116032093,15330.21,294145,20327427.0,17.52,2026-08-24
ALLDIGI,EQ,24-Aug-2026,814.8,818.9,820.0,805.0,814.85,6359,51.68,495,4872.0,76.62,2026-08-24
ALLETEC,ST,24-Aug-2026,119.75,120.0,123.0,118.0,121.5,25200,30.54,54,22800.0,90.48,2026-08-24
ALLTIME,EQ,24-Aug-2026,203.02,202.0,205.99,200.16,201.29,62828,127.77,1553,47063.0,74.91,2026-08-24
ALMONDZ,EQ,24-Aug-2026,14.16,14.16,14.44,14.02,14.2,31320,4.45,187,21901.0,69.93,2026-08-24
ALOKINDS,EQ,24-Aug-2026,11.57,11.59,11.75,11.45,11.48,3080309,357.44,5801,1613338.0,52.38,2026-08-24
ALPA,EQ,24-Aug-2026,62.75,63.2,63.2,60.36,61.66,14980,9.28,338,9096.0,60.72,2026-08-24
ALPEXSOLAR,SM,24-Aug-2026,815.8,825.0,862.0,815.0,858.45,51700,434.4,411,39700.0,76.79,2026-08-24
ALPHA,EQ,24-Aug-2026,54.14,54.47,54.48,54.14,54.35,739473,401.79,2968,427555.0,57.82,2026-08-24
ALPHAETF,EQ,24-Aug-2026,26.71,26.95,26.97,26.8,26.85,1378425,370.52,3848,1298196.0,94.18,2026-08-24
ALPHAGEO,BE,24-Aug-2026,331.41,337.0,337.99,314.84,319.62,25646,81.88,511,,,2026-08-24
ALPINETEX,EQ,24-Aug-2026,58.5,58.51,60.05,57.0,57.33,155730,89.81,2160,75686.0,48.6,2026-08-24
ALPL30IETF,EQ,24-Aug-2026,28.07,28.07,28.16,28.0,28.04,330048,92.62,1384,262576.0,79.56,2026-08-24
ALUFLUOR,EQ,24-Aug-2026,460.45,430.0,460.0,430.0,458.6,7683,34.45,336,5041.0,65.61,2026-08-24
ALUWIND,SM,24-Aug-2026,50.75,49.15,50.9,48.0,50.15,63000,31.07,35,43500.0,69.05,2026-08-24
AMAGI,EQ,24-Aug-2026,599.85,605.0,614.7,581.0,585.8,594979,3547.92,16384,220296.0,37.03,2026-08-24
AMAL,EQ,24-Aug-2026,772.95,785.0,791.0,756.1,761.0,6839,52.77,543,3214.0,47.0,2026-08-24
AMANTA,BE,24-Aug-2026,195.79,198.7,205.57,196.76,205.17,261042,532.2,1207,,,2026-08-24
AMARJOTHI,EQ,24-Aug-2026,161.2,164.9,164.9,156.35,161.37,2872,4.63,139,2210.0,76.95,2026-08-24
AMBAAUTO,SM,24-Aug-2026,107.95,111.0,113.3,109.9,113.15,33000,36.86,25,28000.0,84.85,2026-08-24
AMBALALSA,BE,24-Aug-2026,45.36,44.45,45.36,43.5,43.91,61896,27.43,286,,,2026-08-24
AMBER,EQ,24-Aug-2026,7350.0,7435.0,7469.0,7280.0,7378.0,473119,34900.78,40972,234550.0,49.58,2026-08-24
AMBICAAGAR,EQ,24-Aug-2026,24.77,24.95,24.95,24.5,24.86,2854,0.7,31,2171.0,76.07,2026-08-24
AMBIKCO,EQ,24-Aug-2026,1677.0,1668.8,1686.8,1643.1,1662.2,12263,203.06,1442,6763.0,55.15,2026-08-24
AMBUJACEM,EQ,24-Aug-2026,414.5,414.5,415.3,406.7,408.75,2180550,8923.6,24492,1161660.0,53.27,2026-08-24
AMCL,SM,24-Aug-2026,366.75,366.0,366.0,360.0,362.0,4000,14.49,10,3200.0,80.0,2026-08-24
AMDIND,EQ,24-Aug-2026,54.3,53.55,55.8,53.5,53.56,11242,6.03,194,10270.0,91.35,2026-08-24
AMEYA,SM,24-Aug-2026,108.5,103.15,104.05,103.15,104.05,2000,2.07,2,2000.0,100.0,2026-08-24
AMJLAND,EQ,24-Aug-2026,38.77,38.77,39.41,38.0,38.56,12775,4.95,239,8205.0,64.23,2026-08-24
AMNPLST,EQ,24-Aug-2026,191.03,192.5,194.59,185.01,188.91,4818,9.11,357,3379.0,70.13,2026-08-24
AMRUTANJAN,EQ,24-Aug-2026,536.35,539.7,539.7,516.65,522.1,63584,334.73,3343,28412.0,44.68,2026-08-24
ANANDRATHI,EQ,24-Aug-2026,2188.0,2175.0,2198.8,2160.0,2167.9,141558,3079.03,20590,86680.0,61.23,2026-08-24
ANANTAM,IV,24-Aug-2026,105.51,105.9,105.99,105.5,105.69,10394,10.98,93,10389.0,99.95,2026-08-24
ANANTRAJ,EQ,24-Aug-2026,625.0,625.0,631.0,612.6,614.6,1020259,6336.95,23801,447511.0,43.86,2026-08-24
ANAWIL,SM,24-Aug-2026,465.15,474.45,491.95,439.0,447.1,527200,2463.22,1112,331600.0,62.9,2026-08-24
ANDHRAPAP,EQ,24-Aug-2026,59.96,60.01,61.88,60.01,60.8,164883,99.97,2749,95266.0,57.78,2026-08-24
ANDHRSUGAR,EQ,24-Aug-2026,98.84,99.77,102.99,98.35,99.28,1421830,1438.75,13633,428290.0,30.12,2026-08-24
ANDREWYU,EQ,24-Aug-2026,26.08,26.06,26.9,25.0,26.44,53322,14.04,437,31845.0,59.72,2026-08-24
ANGELONE,EQ,24-Aug-2026,287.8,288.0,294.5,284.4,286.0,5285948,15311.18,41811,2528277.0,47.83,2026-08-24
ANIKINDS,EQ,24-Aug-2026,45.46,45.16,47.8,45.0,45.96,11083,5.06,180,6710.0,60.54,2026-08-24
ANKITMETAL,BZ,24-Aug-2026,1.64,1.7,1.72,1.7,1.72,20548,0.35,35,,,2026-08-24
ANLON,SM,24-Aug-2026,670.0,670.0,670.0,665.0,665.0,1600,10.7,4,1200.0,75.0,2026-08-24
ANMOL,EQ,24-Aug-2026,10.02,9.96,10.1,9.82,9.93,28500,2.84,189,22737.0,79.78,2026-08-24
ANNAPURNA,EQ,24-Aug-2026,151.7,153.5,153.5,146.3,148.0,65505,97.56,492,42088.0,64.25,2026-08-24
ANONDITA,SM,24-Aug-2026,1054.6,1050.05,1118.9,1050.0,1062.35,33400,359.72,150,21200.0,63.47,2026-08-24
ANSALAPI,BZ,24-Aug-2026,3.4,3.4,3.45,3.34,3.35,25433,0.86,50,,,2026-08-24
ANSALBU,EQ,24-Aug-2026,73.5,72.5,75.0,70.64,74.98,839,0.62,20,489.0,58.28,2026-08-24
ANTELOPUS,EQ,24-Aug-2026,800.1,800.1,809.0,795.0,798.65,63246,506.13,2745,41028.0,64.87,2026-08-24
ANTGRAPHIC,EQ,24-Aug-2026,0.74,0.73,0.75,0.73,0.73,169990,1.25,185,155967.0,91.75,2026-08-24
ANTHEM,EQ,24-Aug-2026,871.45,873.2,900.6,873.2,883.35,730332,6489.93,35123,397238.0,54.39,2026-08-24
ANUHPHR,EQ,24-Aug-2026,76.03,77.0,79.37,76.17,78.83,72214,56.12,1548,44298.0,61.34,2026-08-24
ANUP,EQ,24-Aug-2026,1808.9,1808.9,1830.0,1786.0,1789.6,19639,354.54,3001,10494.0,53.43,2026-08-24
ANURAS,EQ,24-Aug-2026,1243.7,1242.0,1273.9,1242.0,1255.5,601280,7570.94,15637,337949.0,56.2,2026-08-24
ANYA,SM,24-Aug-2026,14.8,15.0,15.0,14.5,14.7,100000,14.73,15,80000.0,80.0,2026-08-24
ANZEN,IV,24-Aug-2026,131.0,129.0,129.0,129.0,129.0,25000,32.25,1,25000.0,100.0,2026-08-24
AONEGOLD,EQ,24-Aug-2026,14.79,14.79,15.19,14.79,15.02,643203,96.6,2128,421083.0,65.47,2026-08-24
AONELIQUID,EQ,24-Aug-2026,1073.77,1073.9,1073.92,1073.9,1073.9,14666,157.5,90,12263.0,83.62,2026-08-24
AONENIFTY,EQ,24-Aug-2026,10.0,10.0,10.25,9.92,9.99,170369,17.05,1587,127510.0,74.84,2026-08-24
AONESILVER,EQ,24-Aug-2026,9.26,9.27,9.45,9.22,9.25,780394,72.37,1674,457690.0,58.65,2026-08-24
AONETMMQ50,EQ,24-Aug-2026,10.31,10.36,10.42,10.31,10.39,59477,6.17,295,49353.0,82.98,2026-08-24
AONETOTAL,EQ,24-Aug-2026,12.01,12.01,12.2,11.91,11.99,205559,24.71,1714,164815.0,80.18,2026-08-24
APARINDS,EQ,24-Aug-2026,16856.0,17020.0,17100.0,16663.0,16705.0,59134,9927.77,16829,26693.0,45.14,2026-08-24
APCL,EQ,24-Aug-2026,102.85,104.25,105.59,101.3,101.47,9479,9.68,163,5753.0,60.69,2026-08-24
APCOTEXIND,EQ,24-Aug-2026,625.05,630.0,630.0,616.0,618.8,92556,573.29,3425,43161.0,46.63,2026-08-24
APEX,EQ,24-Aug-2026,399.6,401.4,401.8,394.4,395.85,120870,479.23,3199,47445.0,39.25,2026-08-24
APEXECO,ST,24-Aug-2026,261.0,263.0,264.0,250.1,251.75,8800,22.47,11,8800.0,100.0,2026-08-24
APLAPOLLO,EQ,24-Aug-2026,2139.0,2149.8,2172.8,2131.8,2145.0,246979,5308.6,19274,119574.0,48.41,2026-08-24
APLLTD,EQ,24-Aug-2026,821.75,819.0,826.0,810.2,816.9,39308,321.01,3898,14461.0,36.79,2026-08-24
APOLLO,EQ,24-Aug-2026,384.55,387.0,397.75,383.25,385.15,7593196,29627.65,54157,1557844.0,20.52,2026-08-24
APOLLOHOSP,EQ,24-Aug-2026,8693.0,8680.0,8702.0,8591.5,8702.0,291970,25266.26,20109,184991.0,63.36,2026-08-24
APOLLOPIPE,EQ,24-Aug-2026,601.55,602.0,630.65,601.6,609.25,416603,2569.76,14627,163093.0,39.15,2026-08-24
APOLLOTYRE,EQ,24-Aug-2026,439.7,465.05,467.4,442.1,445.85,5256972,23735.17,81153,1269926.0,24.16,2026-08-24
APOLSINHOT,EQ,24-Aug-2026,1207.4,1207.4,1232.0,1184.9,1201.4,725,8.77,138,554.0,76.41,2026-08-24
APOORVA,EQ,24-Aug-2026,26.51,26.51,26.51,25.31,25.31,1951,0.52,3,1950.0,99.95,2026-08-24
APRAMEYA,SM,24-Aug-2026,139.25,140.0,143.0,128.25,131.75,16000,21.8,29,14000.0,87.5,2026-08-24
APS,SM,24-Aug-2026,259.85,273.0,279.0,264.0,273.55,21250,57.73,76,15750.0,74.12,2026-08-24
APSISAERO,ST,24-Aug-2026,540.85,551.6,551.6,530.1,535.0,39600,214.91,29,33600.0,84.85,2026-08-24
APTECHT,BE,24-Aug-2026,92.51,93.89,93.89,91.0,91.84,61451,56.36,602,,,2026-08-24
APTUS,EQ,24-Aug-2026,257.75,258.0,258.9,252.05,254.35,847181,2155.88,13151,545501.0,64.39,2026-08-24
AQYLON,EQ,24-Aug-2026,25.27,26.52,26.53,26.52,26.52,2100359,557.17,1681,793360.0,37.77,2026-08-24
ARABIAN,SM,24-Aug-2026,82.0,82.5,83.0,82.5,83.0,4000,3.31,2,4000.0,100.0,2026-08-24
ARCHIDPLY,EQ,24-Aug-2026,97.98,98.0,114.0,95.3,111.51,188710,205.24,1781,122986.0,65.17,2026-08-24
ARCHIES,EQ,24-Aug-2026,13.68,13.62,13.98,13.01,13.45,28288,3.77,151,19579.0,69.21,2026-08-24
ARCIIL,SM,24-Aug-2026,35.5,35.6,36.75,34.9,35.65,12000,4.27,12,11000.0,91.67,2026-08-24
ARCL,EQ,24-Aug-2026,237.99,229.0,233.99,226.1,233.99,11,0.03,8,11.0,100.0,2026-08-24
ARDEE,EQ,24-Aug-2026,60.2,60.01,60.98,58.57,59.43,5192086,3092.65,21730,1980825.0,38.15,2026-08-24
ARE&M,EQ,24-Aug-2026,919.75,920.0,929.9,916.25,922.8,327119,3015.35,20978,148800.0,45.49,2026-08-24
ARENTERP,EQ,24-Aug-2026,37.13,36.51,37.79,36.51,36.56,3363,1.23,44,2817.0,83.76,2026-08-24
ARFIN,EQ,24-Aug-2026,85.62,86.49,86.9,83.6,83.95,925929,782.77,2591,41519.0,4.48,2026-08-24
ARHAM,SM,24-Aug-2026,197.2,204.45,206.5,200.15,202.5,42000,85.48,38,23000.0,54.76,2026-08-24
ARIES,EQ,24-Aug-2026,452.7,454.95,475.0,445.0,459.05,86678,400.64,3372,45186.0,52.13,2026-08-24
ARIHANT,EQ,24-Aug-2026,1007.2,1065.0,1065.0,979.9,999.6,2849,28.53,374,1619.0,56.83,2026-08-24
ARIHANTACA,SM,24-Aug-2026,465.0,465.0,465.0,465.0,465.0,400,1.86,1,400.0,100.0,2026-08-24
ARIHANTCAP,EQ,24-Aug-2026,75.95,75.58,76.73,75.43,76.21,132432,100.78,1263,84695.0,63.95,2026-08-24
ARIHANTSUP,EQ,24-Aug-2026,254.15,256.6,261.3,250.1,253.5,7127,18.15,251,3862.0,54.19,2026-08-24
ARIS,EQ,24-Aug-2026,143.41,140.5,147.89,140.0,144.09,6557927,9409.85,29290,3014707.0,45.97,2026-08-24
ARISTO,SM,24-Aug-2026,108.0,108.0,108.0,108.0,108.0,1600,1.73,1,1600.0,100.0,2026-08-24
ARKADE,EQ,24-Aug-2026,130.98,130.2,134.6,130.2,131.82,365681,482.51,3241,89118.0,24.37,2026-08-24
ARMANFIN,EQ,24-Aug-2026,1966.7,1966.1,1988.9,1941.5,1954.4,24211,476.96,3489,12060.0,49.81,2026-08-24
AROGRANITE,EQ,24-Aug-2026,25.0,25.0,25.0,23.71,24.81,15397,3.78,119,9151.0,59.43,2026-08-24
ARROWGREEN,BE,24-Aug-2026,713.15,711.75,711.75,680.05,690.75,20686,143.1,723,,,2026-08-24
ARSHIYA,BZ,24-Aug-2026,0.92,0.94,0.94,0.91,0.91,115698,1.06,92,,,2026-08-24
ARSSBL,EQ,24-Aug-2026,511.7,514.95,545.0,514.0,526.2,607221,3243.68,17886,287825.0,47.4,2026-08-24
ARTEMISMED,EQ,24-Aug-2026,326.1,332.7,333.7,326.0,328.9,448669,1478.38,15553,226193.0,50.41,2026-08-24
ARTNIRMAN,EQ,24-Aug-2026,41.06,41.27,42.47,40.56,40.65,875,0.36,21,874.0,99.89,2026-08-24
ARVEE,EQ,24-Aug-2026,165.81,162.0,169.3,160.0,164.43,1377,2.25,49,858.0,62.31,2026-08-24
ARVIND,EQ,24-Aug-2026,536.95,528.3,544.45,527.05,531.75,821297,4398.06,36949,402865.0,49.05,2026-08-24
ARVINDFASN,EQ,24-Aug-2026,448.35,447.9,455.75,440.2,442.95,148703,665.49,14655,66051.0,44.42,2026-08-24
ARVINDPORT,SM,24-Aug-2026,31.25,31.5,31.9,30.2,31.9,36000,11.37,12,33000.0,91.67,2026-08-24
ARVSMART,EQ,24-Aug-2026,667.0,677.0,707.85,669.05,694.85,320191,2219.81,14158,135592.0,42.35,2026-08-24
ARYAMAN,EQ,24-Aug-2026,610.0,613.05,613.05,595.0,605.15,676,4.1,61,646.0,95.56,2026-08-24
ASAHIINDIA,EQ,24-Aug-2026,965.75,970.0,970.0,953.0,962.15,132564,1271.67,14056,69870.0,52.71,2026-08-24
ASAHISONG,BE,24-Aug-2026,368.0,368.0,379.0,359.0,376.15,8558,31.89,191,,,2026-08-24
ASAL,EQ,24-Aug-2026,500.1,497.0,507.85,490.65,493.8,18969,93.88,978,11512.0,60.69,2026-08-24
ASALCBR,EQ,24-Aug-2026,726.45,726.45,733.8,722.05,725.35,14889,108.27,1561,8337.0,55.99,2026-08-24
ASHALOG,SM,24-Aug-2026,60.1,62.0,63.9,62.0,63.45,14000,8.9,13,13000.0,92.86,2026-08-24
ASHAPURMIN,EQ,24-Aug-2026,590.25,590.95,601.95,581.0,585.8,380974,2247.77,18042,197534.0,51.85,2026-08-24
ASHIANA,EQ,24-Aug-2026,361.8,361.8,369.9,361.8,366.6,26788,98.01,1350,12095.0,45.15,2026-08-24
ASHIKAG,BE,24-Aug-2026,436.3,423.1,440.0,423.1,436.3,17500,75.69,145,,,2026-08-24
ASHIMASYN,EQ,24-Aug-2026,18.46,18.35,18.6,17.66,18.35,154927,28.33,570,106366.0,68.66,2026-08-24
ASHOKA,EQ,24-Aug-2026,114.22,114.83,116.59,112.31,113.22,737876,843.94,7598,291592.0,39.52,2026-08-24
ASHOKAMET,EQ,24-Aug-2026,13.75,13.75,14.27,13.7,13.86,19921,2.79,107,13905.0,69.8,2026-08-24
ASHOKLEY,EQ,24-Aug-2026,173.0,173.0,173.66,171.65,173.29,8972453,15473.47,38043,4914046.0,54.77,2026-08-24
ASHWINI,SM,24-Aug-2026,183.0,183.0,183.0,183.0,183.0,2000,3.66,2,1000.0,50.0,2026-08-24
ASIANENE,EQ,24-Aug-2026,470.3,472.0,477.8,463.65,466.9,246557,1158.31,7896,100276.0,40.67,2026-08-24
ASIANHOTNR,EQ,24-Aug-2026,298.2,302.7,302.7,292.0,301.1,7752,23.03,546,5334.0,68.81,2026-08-24
ASIANPAINT,EQ,24-Aug-2026,2640.0,2640.4,2642.7,2622.0,2640.8,355289,9343.18,28868,215532.0,60.66,2026-08-24
ASIANTILES,EQ,24-Aug-2026,47.41,47.94,49.3,45.0,45.4,8920764,4151.78,15612,5443978.0,61.03,2026-08-24
ASIANTNE,EQ,24-Aug-2026,9.33,9.01,9.7,9.01,9.6,43195,4.12,49,37645.0,87.15,2026-08-24
ASKAUTOLTD,EQ,24-Aug-2026,621.15,621.95,634.6,612.3,615.4,243400,1515.97,12506,101645.0,41.76,2026-08-24
ASMS,BE,24-Aug-2026,6.99,6.94,7.09,6.94,6.99,74385,5.2,291,,,2026-08-24
ASPINWALL,EQ,24-Aug-2026,247.49,248.72,261.59,245.0,259.74,11244,28.76,238,10098.0,89.81,2026-08-24
ASPIRE,SM,24-Aug-2026,13.25,12.75,13.9,12.7,13.9,26000,3.55,13,22000.0,84.62,2026-08-24
ASSAMENT,EQ,24-Aug-2026,780.0,780.0,780.0,741.0,741.0,6,0.05,3,3.0,50.0,2026-08-24
ASTAR,EQ,24-Aug-2026,600.0,590.0,599.85,590.0,599.85,209,1.24,10,135.0,64.59,2026-08-24
ASTEC,EQ,24-Aug-2026,601.85,595.0,610.0,586.1,592.7,23004,137.09,1591,13443.0,58.44,2026-08-24
ASTERDM,EQ,24-Aug-2026,761.55,759.0,768.9,744.0,750.9,8879723,66811.99,113078,6672532.0,75.14,2026-08-24
ASTRAL,EQ,24-Aug-2026,1528.5,1525.0,1547.6,1521.0,1532.8,308892,4739.79,16919,132981.0,43.05,2026-08-24
ASTRAMICRO,EQ,24-Aug-2026,1662.2,1662.3,1689.4,1642.9,1664.9,256923,4270.24,21474,132351.0,51.51,2026-08-24
ASTRAZEN,EQ,24-Aug-2026,7415.5,7415.5,7474.0,7200.0,7232.0,52529,3811.05,7970,36529.0,69.54,2026-08-24
ASTRON,BZ,24-Aug-2026,3.15,3.05,3.2,3.0,3.02,28389,0.86,145,,,2026-08-24
ATALREAL,EQ,24-Aug-2026,33.48,33.48,33.85,32.71,33.66,13015069,4328.0,8480,2136804.0,16.42,2026-08-24
ATAM,EQ,24-Aug-2026,54.21,54.49,56.38,53.25,55.5,13866,7.59,277,8664.0,62.48,2026-08-24
ATCENERGY,ST,24-Aug-2026,23.0,22.8,22.8,22.55,22.8,9600,2.18,6,9600.0,100.0,2026-08-24
ATGL,EQ,24-Aug-2026,646.1,649.0,654.85,638.0,639.6,451894,2918.41,14410,181201.0,40.1,2026-08-24
ATHERENERG,EQ,24-Aug-2026,1462.0,1469.4,1494.0,1444.7,1453.1,2136995,31332.16,71984,853472.0,39.94,2026-08-24
ATL,EQ,24-Aug-2026,24.86,25.38,28.18,24.56,27.59,1310266,355.52,5853,738023.0,56.33,2026-08-24
ATLANTAA,EQ,24-Aug-2026,38.3,38.3,39.5,37.5,38.0,42560,16.24,514,31585.0,74.21,2026-08-24
ATLANTAELE,EQ,24-Aug-2026,1846.9,1867.7,1885.5,1810.6,1819.5,186579,3424.93,20748,90911.0,48.73,2026-08-24
ATLASCYCLE,EQ,24-Aug-2026,97.45,97.45,97.99,94.68,96.68,9616,9.2,274,7787.0,80.98,2026-08-24
ATLPP,E1,24-Aug-2026,8.29,9.83,9.94,8.63,9.94,54363,5.21,291,39825.0,73.26,2026-08-24
ATMASTCO,SM,24-Aug-2026,146.35,146.25,146.25,139.5,141.85,24400,34.66,45,19200.0,78.69,2026-08-24
ATUL,EQ,24-Aug-2026,6509.5,6509.5,6565.5,6408.0,6425.0,41601,2686.83,14522,24669.0,59.3,2026-08-24
ATULAUTO,EQ,24-Aug-2026,483.05,483.95,491.8,483.3,485.4,88452,430.82,2584,47488.0,53.69,2026-08-24
AUBANK,EQ,24-Aug-2026,1108.2,1109.0,1114.2,1100.7,1114.0,1606553,17807.97,33410,998722.0,62.17,2026-08-24
AURIONPRO,EQ,24-Aug-2026,695.55,695.55,725.0,695.55,708.6,189033,1349.78,6721,75471.0,39.92,2026-08-24
AUROIMPEX,SM,24-Aug-2026,25.0,24.0,26.2,23.75,25.0,6400,1.58,4,4800.0,75.0,2026-08-24
AUROPHARMA,EQ,24-Aug-2026,1621.3,1613.6,1637.9,1604.6,1608.0,969437,15711.48,39284,500274.0,51.6,2026-08-24
AURUM,EQ,24-Aug-2026,227.82,228.5,236.9,226.32,232.17,253431,590.6,3863,132406.0,52.25,2026-08-24
AURUS,EQ,24-Aug-2026,4.68,4.7,4.7,4.55,4.65,8050,0.37,99,7871.0,97.78,2026-08-24
AUSL,SM,24-Aug-2026,25.05,24.55,24.55,24.55,24.55,2000,0.49,1,2000.0,100.0,2026-08-24
AUSOMENT,EQ,24-Aug-2026,146.83,147.56,149.5,143.8,147.69,11233,16.46,310,5690.0,50.65,2026-08-24
AUSTENG,EQ,24-Aug-2026,126.82,124.28,126.82,122.0,126.4,1157,1.43,40,1047.0,90.49,2026-08-24
AUTOAXLES,EQ,24-Aug-2026,1744.8,1753.5,1763.9,1739.9,1743.8,5690,99.5,659,3777.0,66.38,2026-08-24
AUTOBEES,EQ,24-Aug-2026,301.46,301.31,303.47,299.13,299.87,231501,696.23,3211,159140.0,68.74,2026-08-24
AUTOIETF,EQ,24-Aug-2026,30.24,30.4,30.4,30.09,30.12,1305768,393.91,2204,1175795.0,90.05,2026-08-24
AUTOIND,EQ,24-Aug-2026,92.94,94.2,95.7,89.17,89.87,341913,316.64,4593,180341.0,52.74,2026-08-24
AVADHSUGAR,EQ,24-Aug-2026,834.8,850.0,884.8,801.0,832.2,816335,7005.59,29671,186855.0,22.89,2026-08-24
AVALON,EQ,24-Aug-2026,2183.8,2183.8,2228.0,2097.6,2119.4,331701,7136.8,36209,117854.0,35.53,2026-08-24
AVANA,ST,24-Aug-2026,147.55,154.85,154.85,149.0,149.0,6000,9.13,3,6000.0,100.0,2026-08-24
AVANCE,EQ,24-Aug-2026,0.88,0.88,0.9,0.88,0.88,2178727,19.41,1117,1260692.0,57.86,2026-08-24
AVANTEL,EQ,24-Aug-2026,160.22,160.4,161.84,158.2,158.66,578525,924.01,5802,289015.0,49.96,2026-08-24
AVANTIFEED,EQ,24-Aug-2026,847.5,846.95,864.0,845.05,853.45,216735,1858.8,14545,94617.0,43.66,2026-08-24
AVATAR,ST,24-Aug-2026,253.0,242.55,254.0,242.55,254.0,12000,30.25,4,12000.0,100.0,2026-08-24
AVG,BE,24-Aug-2026,186.17,184.9,190.0,183.0,187.97,9447,17.75,115,,,2026-08-24
AVIANSH,SM,24-Aug-2026,102.0,103.5,104.5,103.5,104.5,2000,2.08,2,2000.0,100.0,2026-08-24
AVIENCE,SM,24-Aug-2026,255.9,263.9,284.0,263.9,268.55,99000,269.2,144,72600.0,73.33,2026-08-24
AVL,EQ,24-Aug-2026,601.35,601.35,601.85,583.0,588.5,156285,928.56,12941,88715.0,56.76,2026-08-24
AVONMORE,EQ,24-Aug-2026,13.23,13.34,13.98,13.31,13.58,547617,74.7,997,461524.0,84.28,2026-08-24
AVPINFRA,SM,24-Aug-2026,59.2,60.4,64.45,57.95,62.5,99200,62.18,90,69600.0,70.16,2026-08-24
AVROIND,EQ,24-Aug-2026,8.59,8.69,9.44,8.3,9.09,853658,76.34,1426,468983.0,54.94,2026-08-24
AVTNPL,EQ,24-Aug-2026,87.53,87.8,88.94,86.0,87.15,183552,159.78,2922,114940.0,62.62,2026-08-24
AWFIS,EQ,24-Aug-2026,268.2,270.0,284.6,269.6,277.7,1131988,3138.2,26859,560633.0,49.53,2026-08-24
AWHCL,EQ,24-Aug-2026,383.85,383.0,385.7,376.8,381.1,77215,294.13,3614,30496.0,39.49,2026-08-24
AWL,EQ,24-Aug-2026,188.12,188.17,196.35,187.62,193.88,8390171,16183.66,65876,4289952.0,51.13,2026-08-24
AXISBANK,EQ,24-Aug-2026,1245.8,1245.8,1248.7,1231.8,1236.0,3778588,46702.02,104193,2684617.0,71.05,2026-08-24
AXISCADES,EQ,24-Aug-2026,1597.5,1624.0,1624.0,1548.0,1556.9,90492,1427.12,7414,47408.0,52.39,2026-08-24
AXITA,EQ,24-Aug-2026,7.67,7.79,8.09,7.79,7.98,2873849,230.16,3189,1320477.0,45.95,2026-08-24
AXTEL,EQ,24-Aug-2026,411.95,405.0,413.0,405.0,406.1,609,2.48,63,470.0,77.18,2026-08-24
AYE,EQ,24-Aug-2026,170.02,169.78,171.81,166.2,167.18,312494,526.82,7010,183693.0,58.78,2026-08-24
AYMSYNTEX,EQ,24-Aug-2026,258.2,253.05,259.1,245.85,248.55,38571,97.45,1125,21985.0,57.0,2026-08-24
AZAD,EQ,24-Aug-2026,2837.8,2859.9,2876.8,2782.7,2796.2,309009,8720.35,21433,141445.0,45.77,2026-08-24
AZADIND,EQ,24-Aug-2026,90.47,90.6,92.5,89.7,90.67,35533,32.21,658,13019.0,36.64,2026-08-24
BAFNAPH,BE,24-Aug-2026,242.45,253.9,254.55,250.0,254.55,10132,25.77,73,,,2026-08-24
BAGDIGITAL,SM,24-Aug-2026,105.0,105.35,105.35,105.0,105.0,25600,26.95,7,24000.0,93.75,2026-08-24
BAGFILMS,EQ,24-Aug-2026,4.35,4.36,4.44,4.27,4.41,57466,2.51,208,42933.0,74.71,2026-08-24
BAGMANE,RR,24-Aug-2026,107.4,107.99,107.99,106.2,106.6,864076,925.09,12597,786354.0,91.01,2026-08-24
BAHETI,SM,24-Aug-2026,815.1,827.0,839.0,818.25,829.8,32625,270.12,70,21750.0,66.67,2026-08-24
BAIDFIN,EQ,24-Aug-2026,9.92,9.72,9.88,9.6,9.64,50135,4.86,299,43644.0,87.05,2026-08-24
BAJAJ-AUTO,EQ,24-Aug-2026,11700.0,11735.0,11838.0,11711.0,11800.0,221901,26175.08,25357,123939.0,55.85,2026-08-24
BAJAJCON,EQ,24-Aug-2026,478.35,478.9,481.85,460.5,463.2,888190,4158.81,28098,533025.0,60.01,2026-08-24
BAJAJELEC,EQ,24-Aug-2026,351.65,351.65,356.2,342.0,344.65,226559,787.8,6208,83130.0,36.69,2026-08-24
BAJAJFINSV,EQ,24-Aug-2026,2032.5,2020.0,2028.6,1995.3,2001.7,464012,9327.66,40826,236484.0,50.97,2026-08-24
BAJAJHCARE,EQ,24-Aug-2026,322.0,324.0,325.4,320.6,321.55,50385,162.78,1557,25183.0,49.98,2026-08-24
BAJAJHFL,EQ,24-Aug-2026,84.85,84.85,85.11,83.96,84.05,3005233,2533.92,24751,1942687.0,64.64,2026-08-24
BAJAJHIND,EQ,24-Aug-2026,23.13,23.94,26.0,23.25,24.23,238394490,60136.04,305097,32790832.0,13.75,2026-08-24
BAJAJHLDNG,EQ,24-Aug-2026,11320.0,11250.0,11360.0,11050.0,11120.0,70315,7869.46,13108,43770.0,62.25,2026-08-24
BAJAJINDEF,EQ,24-Aug-2026,215.85,220.0,220.0,215.3,216.08,6443,13.95,216,4947.0,76.78,2026-08-24
BAJAJST,EQ,24-Aug-2026,351.7,351.7,358.0,351.7,353.2,7008,24.78,430,5524.0,78.82,2026-08-24
BAJEL,EQ,24-Aug-2026,191.78,192.0,194.33,189.02,192.09,272106,521.89,5326,121696.0,44.72,2026-08-24
BAJFINANCE,EQ,24-Aug-2026,1095.0,1086.0,1094.9,1076.9,1077.0,4342556,47101.47,121593,3193243.0,73.53,2026-08-24
BALAJEE,EQ,24-Aug-2026,26.88,26.88,27.13,26.12,26.59,25213,6.74,286,16819.0,66.71,2026-08-24
BALAJITELE,EQ,24-Aug-2026,97.8,98.25,98.45,95.3,95.7,205113,198.59,2666,99888.0,48.7,2026-08-24
BALAMINES,EQ,24-Aug-2026,2078.2,2086.0,2250.0,2086.0,2224.5,595292,13147.87,52767,170568.0,28.65,2026-08-24
BALAXI,EQ,24-Aug-2026,22.4,22.85,23.5,22.41,22.81,21796,5.0,162,17518.0,80.37,2026-08-24
BALCO,SM,24-Aug-2026,18.9,18.9,18.9,18.9,18.9,1200,0.23,1,1200.0,100.0,2026-08-24
BALKRISHNA,EQ,24-Aug-2026,17.27,17.4,17.88,17.21,17.26,7079,1.24,57,5179.0,73.16,2026-08-24
BALKRISIND,EQ,24-Aug-2026,2350.8,2352.5,2394.6,2331.1,2358.4,124133,2922.74,20051,64209.0,51.73,2026-08-24
BALMLAWRIE,EQ,24-Aug-2026,174.64,176.0,179.48,175.5,176.08,133683,236.5,2923,61902.0,46.31,2026-08-24
BALPHARMA,EQ,24-Aug-2026,85.93,87.7,87.7,84.01,85.19,8338,7.12,319,5467.0,65.57,2026-08-24
BALRAMCHIN,EQ,24-Aug-2026,729.35,732.95,751.7,678.0,695.5,12426234,90240.54,213659,2093013.0,16.84,2026-08-24
BALUFORGE,EQ,24-Aug-2026,555.4,568.0,638.0,568.0,632.2,15544329,96274.05,237292,2190407.0,14.09,2026-08-24
BANARBEADS,EQ,24-Aug-2026,112.3,113.8,113.9,110.34,112.67,1285,1.43,45,978.0,76.11,2026-08-24
BANARISUG,EQ,24-Aug-2026,4019.7,4050.0,4249.0,3901.0,3997.9,14699,607.15,3422,2679.0,18.23,2026-08-24
BANCOINDIA,EQ,24-Aug-2026,623.7,624.1,631.0,620.0,623.8,76972,480.64,7305,41230.0,53.56,2026-08-24
BANDHANBNK,EQ,24-Aug-2026,175.1,175.5,180.74,173.38,173.9,13819305,24417.81,62992,4705526.0,34.05,2026-08-24
BANG,EQ,24-Aug-2026,28.69,28.69,34.42,28.69,34.04,491405,162.23,3138,275165.0,56.0,2026-08-24
BANK10ADD,EQ,24-Aug-2026,16.9,17.24,17.24,16.88,16.95,11957,2.02,100,10306.0,86.19,2026-08-24
BANK10BETF,EQ,24-Aug-2026,21.24,21.17,21.17,20.83,20.98,4347,0.91,44,4239.0,97.52,2026-08-24
BANKA,EQ,24-Aug-2026,78.0,77.61,81.9,77.21,81.9,6595,5.26,77,3999.0,60.64,2026-08-24
BANKADD,EQ,24-Aug-2026,58.98,59.27,59.28,58.77,58.87,2104,1.24,53,1120.0,53.23,2026-08-24
BANKBARODA,EQ,24-Aug-2026,247.0,245.55,246.12,239.9,241.5,15274497,36918.81,103357,7955796.0,52.09,2026-08-24
BANKBEES,EQ,24-Aug-2026,597.76,594.75,599.3,580.0,594.7,536378,3197.17,7263,310013.0,57.8,2026-08-24
BANKBETA,EQ,24-Aug-2026,59.61,59.47,59.92,59.24,59.27,157252,93.49,487,98876.0,62.88,2026-08-24
BANKBETF,EQ,24-Aug-2026,58.59,58.99,58.99,58.21,58.32,5989,3.51,268,3757.0,62.73,2026-08-24
BANKETF,EQ,24-Aug-2026,588.22,591.16,591.16,584.25,585.1,62039,364.86,340,53376.0,86.04,2026-08-24
BANKIETF,EQ,24-Aug-2026,59.23,59.23,59.48,58.78,58.9,306023,180.56,1622,218566.0,71.42,2026-08-24
BANKINDIA,EQ,24-Aug-2026,142.79,143.0,144.12,140.68,142.0,7143480,10122.34,56124,3927267.0,54.98,2026-08-24
BANKNIFTY1,EQ,24-Aug-2026,59.86,59.5,60.46,59.47,59.53,12231638,7277.3,1420,12118937.0,99.08,2026-08-24
BANKPSU,EQ,24-Aug-2026,86.59,86.9,86.97,85.78,85.87,12021,10.34,153,5428.0,45.15,2026-08-24
BANSALWIRE,EQ,24-Aug-2026,322.3,321.6,325.75,319.6,321.9,44235,142.14,1589,28294.0,63.96,2026-08-24
BANSWRAS,EQ,24-Aug-2026,122.1,124.0,125.0,119.51,121.59,35549,43.61,488,20917.0,58.84,2026-08-24
BARFLEX,SM,24-Aug-2026,60.3,64.9,64.9,63.0,63.0,4000,2.56,2,4000.0,100.0,2026-08-24
BASF,EQ,24-Aug-2026,3902.7,3902.8,3956.3,3860.0,3878.6,16281,636.74,4281,8180.0,50.24,2026-08-24
BASILIC,SM,24-Aug-2026,190.3,185.0,198.4,185.0,193.2,22800,43.73,68,16800.0,73.68,2026-08-24
BASML,BE,24-Aug-2026,25.09,25.12,25.75,24.9,24.99,34609,8.71,111,,,2026-08-24
BATAINDIA,EQ,24-Aug-2026,701.05,702.35,709.35,683.25,686.25,526382,3637.13,18290,255879.0,48.61,2026-08-24
BATLIBOI,EQ,24-Aug-2026,85.27,86.69,88.0,84.36,87.6,26076,22.49,685,17403.0,66.74,2026-08-24
BAWEJA,ST,24-Aug-2026,23.35,23.45,24.0,22.4,23.55,28800,6.64,22,26400.0,91.67,2026-08-24
BAYERCROP,EQ,24-Aug-2026,4071.5,4074.9,4084.0,4041.0,4043.6,12212,495.12,2420,7817.0,64.01,2026-08-24
BBETF0432,EQ,24-Aug-2026,1350.07,1349.0,1353.99,1348.0,1349.36,1707,23.04,64,1624.0,95.14,2026-08-24
BBL,EQ,24-Aug-2026,2389.7,2400.9,2460.6,2372.7,2384.9,27792,672.5,4531,12779.0,45.98,2026-08-24
BBNPNBETF,EQ,24-Aug-2026,58.21,58.68,58.68,57.72,58.61,296,0.17,34,293.0,98.99,2026-08-24
BBNPPGOLD,EQ,24-Aug-2026,153.5,157.3,157.3,153.6,156.05,14140,22.06,156,9119.0,64.49,2026-08-24
BBOX,EQ,24-Aug-2026,775.65,779.0,785.0,757.1,759.85,247568,1904.86,13101,125705.0,50.78,2026-08-24
BBTC,EQ,24-Aug-2026,1427.4,1427.4,1433.9,1420.0,1422.2,31671,451.01,3429,19700.0,62.2,2026-08-24
BBTCL,EQ,24-Aug-2026,240.11,238.6,243.99,237.0,240.93,13260,31.88,407,9140.0,68.93,2026-08-24
BCG,EQ,24-Aug-2026,9.15,9.17,9.3,9.01,9.05,4887843,446.16,5653,3242827.0,66.34,2026-08-24
BCLIND,EQ,24-Aug-2026,36.5,36.62,39.1,36.52,37.99,4176185,1595.4,16734,1341565.0,32.12,2026-08-24
BCONCEPTS,EQ,24-Aug-2026,161.96,162.55,169.28,157.58,160.3,16144,26.2,1073,10031.0,62.13,2026-08-24
BCPL,EQ,24-Aug-2026,70.42,70.79,70.8,69.3,70.06,3891,2.73,155,2659.0,68.34,2026-08-24
BDL,EQ,24-Aug-2026,1359.0,1363.9,1373.8,1347.7,1368.0,925426,12597.72,23993,330374.0,35.7,2026-08-24
BEACON,SM,24-Aug-2026,84.6,85.0,85.0,80.4,82.5,35000,28.9,35,24000.0,68.57,2026-08-24
BEARDSELL,EQ,24-Aug-2026,25.99,26.0,26.67,26.0,26.23,10734,2.83,75,8108.0,75.54,2026-08-24
BECTORFOOD,EQ,24-Aug-2026,254.83,254.0,258.8,246.71,257.29,2038992,5163.55,38081,813582.0,39.9,2026-08-24
BEDMUTHA,EQ,24-Aug-2026,108.42,111.84,111.89,106.1,108.5,5919,6.45,120,5006.0,84.58,2026-08-24
BEEKAY,EQ,24-Aug-2026,435.3,435.3,444.5,423.3,444.05,1093,4.76,51,371.0,33.94,2026-08-24
BEL,EQ,24-Aug-2026,414.0,414.3,414.6,405.55,409.0,9480784,38762.72,113335,5485642.0,57.86,2026-08-24
BELLACASA,EQ,24-Aug-2026,228.07,228.07,231.0,224.1,229.19,10187,23.18,761,6132.0,60.19,2026-08-24
BELRISE,EQ,24-Aug-2026,231.77,232.5,233.65,228.4,229.2,4632685,10636.82,27123,3281386.0,70.83,2026-08-24
BEML,EQ,24-Aug-2026,1935.4,1940.0,1954.4,1908.0,1915.0,142999,2761.41,12738,44278.0,30.96,2026-08-24
BENARAS,EQ,24-Aug-2026,10200.0,10298.0,10500.0,10200.0,10336.0,170,17.62,37,95.0,55.88,2026-08-24
BENGALASM,EQ,24-Aug-2026,6256.0,6287.0,6287.0,6152.5,6184.5,762,47.21,62,646.0,84.78,2026-08-24
BEPL,EQ,24-Aug-2026,125.82,126.78,127.22,123.81,125.26,1047095,1313.8,9479,425239.0,40.61,2026-08-24
BERGEPAINT,EQ,24-Aug-2026,524.4,524.4,525.45,514.1,515.5,159390,826.94,11122,87484.0,54.89,2026-08-24
BESTAGRO,EQ,24-Aug-2026,18.24,18.24,18.49,17.51,17.71,941606,169.2,3129,452371.0,48.04,2026-08-24
BETA,EQ,24-Aug-2026,2327.7,2300.1,2400.0,2289.1,2307.0,20970,491.11,2774,9997.0,47.67,2026-08-24
BEWLTD,SM,24-Aug-2026,50.65,50.75,51.75,49.3,51.3,19500,9.81,36,17500.0,89.74,2026-08-24
BFINVEST,EQ,24-Aug-2026,451.55,451.55,454.9,447.05,448.85,12533,56.43,883,6239.0,49.78,2026-08-24
BFSI,EQ,24-Aug-2026,27.31,27.71,27.71,27.15,27.16,79086,21.56,779,46606.0,58.93,2026-08-24
BFUTILITIE,EQ,24-Aug-2026,523.85,525.0,533.15,514.0,515.75,51676,269.98,2130,27334.0,52.89,2026-08-24
BGLOBAL,BZ,24-Aug-2026,3.15,3.3,3.3,3.02,3.16,25191,0.8,63,,,2026-08-24
BGRENERGY,BE,24-Aug-2026,239.0,239.4,239.4,230.0,233.1,61879,145.03,764,,,2026-08-24
BHADORA,ST,24-Aug-2026,120.05,120.0,126.0,115.0,119.75,58800,71.13,45,51600.0,87.76,2026-08-24
BHAGCHEM,EQ,24-Aug-2026,280.2,282.1,288.0,279.3,282.9,60780,171.59,1722,33288.0,54.77,2026-08-24
BHAGERIA,BE,24-Aug-2026,212.7,215.15,223.33,215.0,223.33,74373,165.06,471,,,2026-08-24
BHAGYANGR,EQ,24-Aug-2026,394.5,391.0,398.8,384.0,388.95,82314,320.45,2954,52269.0,63.5,2026-08-24
BHANDARI,EQ,24-Aug-2026,3.05,3.05,3.13,3.04,3.06,165460,5.1,360,118534.0,71.64,2026-08-24
BHARATCOAL,EQ,24-Aug-2026,34.81,35.1,35.65,34.77,34.97,8222028,2886.04,21566,3184709.0,38.73,2026-08-24
BHARATFORG,EQ,24-Aug-2026,2063.0,2058.0,2067.2,2036.9,2041.0,993747,20349.77,33885,611885.0,61.57,2026-08-24
BHARATGEAR,BE,24-Aug-2026,100.94,100.24,103.0,100.24,101.78,13786,14.08,173,,,2026-08-24
BHARATRAS,EQ,24-Aug-2026,1295.0,1295.0,1306.0,1278.0,1283.1,6054,78.15,959,3708.0,61.25,2026-08-24
BHARATSE,EQ,24-Aug-2026,228.19,229.4,231.5,225.1,226.21,127719,290.56,2948,61404.0,48.08,2026-08-24
BHARATWIRE,EQ,24-Aug-2026,188.79,188.79,191.24,186.0,186.73,75760,142.67,1631,37975.0,50.13,2026-08-24
BHARTIARTL,EQ,24-Aug-2026,1946.0,1950.0,1952.5,1932.5,1935.0,2277098,44139.48,89795,1561564.0,68.58,2026-08-24
BHARTIHEXA,EQ,24-Aug-2026,1591.2,1585.1,1613.1,1585.1,1605.8,59132,949.66,5925,34759.0,58.78,2026-08-24
BHEL,EQ,24-Aug-2026,413.0,412.5,413.8,409.2,411.4,4441028,18252.92,50435,1997441.0,44.98,2026-08-24
BI,BE,24-Aug-2026,93.66,96.9,98.0,89.3,95.39,106075,100.53,413,,,2026-08-24
BIGBLOC,EQ,24-Aug-2026,42.49,44.0,44.0,42.66,42.88,42355,18.26,650,27007.0,63.76,2026-08-24
BIKAJI,EQ,24-Aug-2026,605.75,605.75,610.0,601.2,602.95,127644,770.62,4973,77065.0,60.37,2026-08-24
BIKEWO,ST,24-Aug-2026,94.65,89.95,89.95,89.95,89.95,34000,30.58,16,34000.0,100.0,2026-08-24
BIL,EQ,24-Aug-2026,831.1,832.4,844.45,832.0,835.45,5282,44.14,145,4546.0,86.07,2026-08-24
BILVYAPAR,BE,24-Aug-2026,4.05,4.18,4.24,4.05,4.22,16023,0.66,25,,,2026-08-24
BIMETAL,EQ,24-Aug-2026,624.85,624.85,625.0,603.75,619.75,480,2.96,46,473.0,98.54,2026-08-24
BIOCON,EQ,24-Aug-2026,415.55,414.55,414.55,409.0,409.4,1761155,7231.72,20123,997043.0,56.61,2026-08-24
BIOFILCHEM,EQ,24-Aug-2026,30.26,30.34,34.68,30.34,32.34,352931,114.06,1160,254484.0,72.11,2026-08-24
BIOPOL,SM,24-Aug-2026,97.0,95.25,99.9,93.35,99.35,535200,526.41,284,319200.0,59.64,2026-08-24
BIRET,RR,24-Aug-2026,342.56,344.0,346.25,343.5,344.62,135744,467.94,7289,103209.0,76.03,2026-08-24
BIRLACABLE,BE,24-Aug-2026,276.64,274.49,276.0,266.0,271.0,126327,343.62,1597,,,2026-08-24
BIRLACORPN,EQ,24-Aug-2026,889.25,887.0,899.9,887.0,889.4,42302,377.54,2873,26114.0,61.73,2026-08-24
BIRLAMONEY,EQ,24-Aug-2026,126.6,127.49,128.95,125.0,126.31,36132,45.97,862,22948.0,63.51,2026-08-24
BIRLANU,EQ,24-Aug-2026,1514.2,1518.0,1577.5,1492.0,1502.9,10419,158.25,1271,5747.0,55.16,2026-08-24
BIRLAPREC,EQ,24-Aug-2026,44.4,45.34,47.16,43.75,45.53,584471,266.48,3158,265125.0,45.36,2026-08-24
BLACKBUCK,EQ,24-Aug-2026,634.3,634.3,639.05,601.55,604.4,439627,2713.5,20700,183285.0,41.69,2026-08-24
BLACKROSE,BE,24-Aug-2026,108.49,109.1,113.91,109.0,113.91,81946,92.53,404,,,2026-08-24
BLAL,EQ,24-Aug-2026,168.43,168.43,169.95,167.71,168.24,13784,23.21,396,10828.0,78.55,2026-08-24
BLBLIMITED,EQ,24-Aug-2026,16.0,15.81,16.15,15.52,16.07,263956,42.23,270,238074.0,90.19,2026-08-24
BLEL,EQ,24-Aug-2026,494.95,495.85,499.45,452.0,460.15,3313371,15714.8,53801,823184.0,24.84,2026-08-24
BLIL,EQ,24-Aug-2026,71.89,71.89,72.39,71.81,72.01,114215,82.33,1332,82511.0,72.24,2026-08-24
BLISSGVS,BE,24-Aug-2026,579.1,578.0,583.5,551.0,564.9,329735,1857.2,3070,,,2026-08-24
BLKASHYAP,EQ,24-Aug-2026,52.52,52.55,53.0,52.21,52.44,592274,311.28,1238,526872.0,88.96,2026-08-24
BLS,EQ,24-Aug-2026,271.29,272.0,280.14,233.47,241.51,29683584,72640.1,320312,6291636.0,21.2,2026-08-24
BLSE,EQ,24-Aug-2026,320.9,324.0,327.8,314.5,315.0,517226,1650.43,7021,282342.0,54.59,2026-08-24
BLUECHIP,EQ,24-Aug-2026,1.96,1.99,1.99,1.99,1.99,61028,1.21,33,61028.0,100.0,2026-08-24
BLUECLOUDS,EQ,24-Aug-2026,22.22,23.04,23.49,22.82,22.98,3397715,787.21,6520,1741839.0,51.27,2026-08-24
BLUECOAST,BE,24-Aug-2026,23.9,23.9,23.9,23.02,23.05,535,0.13,11,,,2026-08-24
BLUEDART,EQ,24-Aug-2026,5083.0,5083.0,5125.5,5040.0,5053.5,4920,249.13,1319,2556.0,51.95,2026-08-24
BLUEJET,EQ,24-Aug-2026,596.15,597.0,615.6,586.4,588.8,1443893,8711.26,39985,454825.0,31.5,2026-08-24
BLUEPEBBLE,SM,24-Aug-2026,66.2,66.0,66.0,65.9,65.9,1600,1.06,4,1600.0,100.0,2026-08-24
BLUESTARCO,EQ,24-Aug-2026,1511.9,1511.9,1517.5,1499.8,1504.0,203945,3072.42,12384,74519.0,36.54,2026-08-24
BLUESTONE,EQ,24-Aug-2026,846.4,848.7,848.7,813.3,821.6,521108,4346.67,14401,134732.0,25.85,2026-08-24
BLUEWATER,ST,24-Aug-2026,445.0,445.0,452.0,437.0,437.0,15000,66.58,14,14000.0,93.33,2026-08-24
BLUSPRING,EQ,24-Aug-2026,128.98,130.9,136.67,130.0,133.01,1928365,2580.24,19084,643991.0,33.4,2026-08-24
BMETRICS,SM,24-Aug-2026,34.5,34.0,34.0,34.0,34.0,1600,0.54,2,1600.0,100.0,2026-08-24
BMLL,SM,24-Aug-2026,156.7,156.7,156.7,156.0,156.0,2000,3.13,2,2000.0,100.0,2026-08-24
BMWVENTLTD,EQ,24-Aug-2026,58.13,58.25,58.58,57.0,57.04,59329,34.04,1185,36242.0,61.09,2026-08-24
BNAGROCHEM,EQ,24-Aug-2026,239.95,229.0,249.0,229.0,238.9,75198,179.92,262,30370.0,40.39,2026-08-24
BNALTD,BE,24-Aug-2026,395.0,387.0,387.0,387.0,387.0,201,0.78,3,,,2026-08-24
BNKETFAXIS,EQ,24-Aug-2026,595.7,595.7,596.92,592.0,593.48,328,1.95,33,260.0,79.27,2026-08-24
BODALCHEM,BE,24-Aug-2026,78.97,82.5,82.91,80.5,82.91,409840,339.6,917,,,2026-08-24
BOHRAIND,EQ,24-Aug-2026,14.8,16.0,16.0,14.5,14.56,10997,1.63,50,6586.0,59.89,2026-08-24
BOMDYEING,EQ,24-Aug-2026,111.65,112.0,112.79,110.3,110.55,421031,469.08,4328,230800.0,54.82,2026-08-24
BONLON,EQ,24-Aug-2026,39.37,42.0,42.36,38.5,39.73,42370,17.02,390,9640.0,22.75,2026-08-24
BORANA,EQ,24-Aug-2026,307.95,307.8,309.95,301.55,305.75,21721,66.14,560,13595.0,62.59,2026-08-24
BOROLTD,EQ,24-Aug-2026,254.18,252.56,254.99,248.12,254.04,64936,163.98,2408,32428.0,49.94,2026-08-24
BORORENEW,EQ,24-Aug-2026,549.4,548.0,557.15,535.0,536.55,397488,2164.8,12173,217208.0,54.65,2026-08-24
BOROSCI,EQ,24-Aug-2026,128.4,130.2,130.4,126.0,126.29,52154,66.67,1263,34224.0,65.62,2026-08-24
BOSCH-HCIL,EQ,24-Aug-2026,1725.3,1725.3,1726.9,1661.8,1681.8,71050,1195.0,8056,34308.0,48.29,2026-08-24
BOSCHLTD,EQ,24-Aug-2026,48200.0,48200.0,48595.0,47785.0,48100.0,28127,13525.85,8653,12279.0,43.66,2026-08-24
BOSS,SM,24-Aug-2026,53.05,51.0,55.0,50.45,55.0,12000,6.31,5,10000.0,83.33,2026-08-24
BPCL,EQ,24-Aug-2026,311.0,311.15,316.1,310.0,311.9,4311364,13450.75,29129,2543063.0,58.99,2026-08-24
BPL,EQ,24-Aug-2026,49.76,50.4,50.94,48.8,49.1,88387,43.88,1170,57445.0,64.99,2026-08-24
BPLPHARMA,EQ,24-Aug-2026,1397.1,1449.0,1488.0,1429.0,1441.2,1622,23.48,181,1107.0,68.25,2026-08-24
BRACEPORT,SM,24-Aug-2026,64.1,64.1,64.8,58.55,61.15,22400,13.78,14,17600.0,78.57,2026-08-24
BRAHMINFRA,EQ,24-Aug-2026,164.15,160.0,167.38,151.2,154.24,78922,124.97,1634,41125.0,52.11,2026-08-24
BRANDMAN,SM,24-Aug-2026,160.45,160.45,167.25,154.1,164.4,24800,39.95,31,15200.0,61.29,2026-08-24
BRIGADE,EQ,24-Aug-2026,639.3,639.0,663.7,629.05,654.1,1256244,8159.66,47283,481007.0,38.29,2026-08-24
BRIGHOTEL,EQ,24-Aug-2026,59.13,59.13,60.61,59.01,59.23,110361,65.63,1561,82906.0,75.12,2026-08-24
BRIGHTBR,EQ,24-Aug-2026,248.12,248.12,270.0,242.5,259.52,2123,5.4,128,1165.0,54.88,2026-08-24
BRITANNIA,EQ,24-Aug-2026,5365.0,5385.0,5385.0,5285.0,5311.0,260158,13814.34,22559,139113.0,53.47,2026-08-24
BRNL,EQ,24-Aug-2026,17.24,17.7,17.7,17.11,17.18,19810,3.41,214,13501.0,68.15,2026-08-24
BROOKS,BE,24-Aug-2026,60.0,60.1,61.89,60.1,61.68,7625,4.68,66,,,2026-08-24
BSE,EQ,24-Aug-2026,3241.0,3250.0,3346.5,3242.5,3312.7,4303245,142730.99,226529,1874624.0,43.56,2026-08-24
BSE500IETF,EQ,24-Aug-2026,39.9,39.8,40.0,39.62,39.71,220195,87.69,2340,171029.0,77.67,2026-08-24
BSHSL,EQ,24-Aug-2026,87.07,89.7,89.75,87.0,87.84,3500,3.09,96,2073.0,59.23,2026-08-24
BSL,EQ,24-Aug-2026,122.23,124.0,125.8,121.31,124.13,2322,2.87,81,1521.0,65.5,2026-08-24
BSLGOLDETF,EQ,24-Aug-2026,139.42,140.82,142.01,140.33,141.38,2324389,3288.75,3715,1854786.0,79.8,2026-08-24
BSLNIFTY,EQ,24-Aug-2026,28.5,28.5,28.65,28.1,28.41,1103323,313.6,6419,977898.0,88.63,2026-08-24
BSLSENETFG,EQ,24-Aug-2026,78.11,76.6,78.51,76.6,77.79,1205,0.94,116,822.0,68.22,2026-08-24
BSOFT,EQ,24-Aug-2026,303.75,305.0,309.6,298.0,299.0,972297,2944.68,23011,461188.0,47.43,2026-08-24
BTML,EQ,24-Aug-2026,7.86,7.82,8.1,7.7,7.84,209843,16.69,481,135163.0,64.41,2026-08-24
BTTL,BE,24-Aug-2026,45.26,45.26,47.4,44.05,44.28,4757,2.14,59,,,2026-08-24
BUILDPRO,EQ,24-Aug-2026,1256.4,1230.0,1266.7,1220.5,1249.9,80695,1012.44,4558,64046.0,79.37,2026-08-24
BULKCORP,SM,24-Aug-2026,67.4,64.1,64.1,64.1,64.1,1200,0.77,1,1200.0,100.0,2026-08-24
BURNPUR,BE,24-Aug-2026,14.2,13.49,13.49,13.49,13.49,5952,0.8,93,,,2026-08-24
BUTTERFLY,EQ,24-Aug-2026,647.4,647.85,654.05,641.1,642.8,11396,73.44,892,8263.0,72.51,2026-08-24
BVCL,EQ,24-Aug-2026,42.13,41.51,43.0,41.3,41.63,119665,50.55,381,87639.0,73.24,2026-08-24
BYKE,BE,24-Aug-2026,32.37,32.35,32.98,30.92,31.64,48950,15.39,119,,,2026-08-24
C2C,SM,24-Aug-2026,229.95,230.5,237.4,224.9,231.05,90600,208.33,440,56100.0,61.92,2026-08-24
CALSOFT,EQ,24-Aug-2026,27.82,28.4,29.21,28.4,29.21,167827,48.86,538,143044.0,85.23,2026-08-24
CAMLINFINE,EQ,24-Aug-2026,109.45,109.54,111.38,106.41,107.15,894886,968.48,6819,510587.0,57.06,2026-08-24
CAMPUS,EQ,24-Aug-2026,228.15,229.0,232.89,227.42,228.55,624219,1438.63,11274,270643.0,43.36,2026-08-24
CAMS,EQ,24-Aug-2026,753.0,755.6,760.0,750.25,752.0,705369,5328.33,38128,353023.0,50.05,2026-08-24
CANARYS,SM,24-Aug-2026,23.35,23.3,23.75,22.4,22.8,44000,10.08,11,40000.0,90.91,2026-08-24
CANBK,EQ,24-Aug-2026,129.96,129.62,129.87,126.8,127.3,13556593,17291.14,59472,6601801.0,48.7,2026-08-24
CANFINHOME,EQ,24-Aug-2026,830.45,831.3,831.3,808.0,810.1,177854,1449.78,11834,103405.0,58.14,2026-08-24
CANHLIFE,EQ,24-Aug-2026,155.24,155.24,157.5,153.23,154.7,1055564,1638.75,16826,683548.0,64.76,2026-08-24
CANTABIL,EQ,24-Aug-2026,244.81,244.6,247.25,241.8,243.44,106116,259.46,2347,49899.0,47.02,2026-08-24
CAPACITE,EQ,24-Aug-2026,214.54,215.0,226.87,215.0,220.9,1018042,2267.77,15966,450086.0,44.21,2026-08-24
CAPILLARY,EQ,24-Aug-2026,502.35,504.5,519.1,500.5,501.95,125869,639.12,3406,64163.0,50.98,2026-08-24
CAPINVIT,IV,24-Aug-2026,76.98,76.95,77.25,76.5,76.56,241855,185.6,1870,206107.0,85.22,2026-08-24
CAPITALSFB,EQ,24-Aug-2026,284.7,281.75,292.0,281.75,285.5,6389,18.27,313,4746.0,74.28,2026-08-24
CAPLIPOINT,EQ,24-Aug-2026,2560.8,2545.0,2555.6,2473.9,2496.1,210240,5276.11,23826,87716.0,41.72,2026-08-24
CAPTRUST,BE,24-Aug-2026,19.49,19.88,20.3,18.8,20.08,15698,3.14,109,,,2026-08-24
CARBORUNIV,EQ,24-Aug-2026,1169.8,1173.3,1174.2,1117.5,1122.2,225647,2569.88,23351,110814.0,49.11,2026-08-24
CARERATING,EQ,24-Aug-2026,1674.4,1665.1,1690.0,1616.1,1626.0,47212,775.41,8343,28115.0,59.55,2026-08-24
CARRARO,EQ,24-Aug-2026,531.4,533.0,544.15,531.0,534.45,132176,710.09,7087,76867.0,58.16,2026-08-24
CARTRADE,EQ,24-Aug-2026,3072.9,3073.2,3149.0,3054.1,3138.6,457536,14247.67,52201,138061.0,30.17,2026-08-24
CARYSIL,EQ,24-Aug-2026,1155.4,1150.1,1166.0,1144.0,1149.4,67984,785.29,3708,43193.0,63.53,2026-08-24
CASHIETF,EQ,24-Aug-2026,1076.46,1077.38,1077.38,1076.58,1076.59,392446,4225.03,442,226660.0,57.76,2026-08-24
CASTROLIND,EQ,24-Aug-2026,187.77,187.6,187.98,186.55,186.87,1054328,1974.39,21549,771493.0,73.17,2026-08-24
CBAZAAR,ST,24-Aug-2026,5.0,4.75,4.75,4.75,4.75,8000,0.38,1,8000.0,100.0,2026-08-24
CCAVENUE,EQ,24-Aug-2026,15.16,15.22,15.59,15.0,15.03,8106534,1232.7,11065,4055796.0,50.03,2026-08-24
CCCL,EQ,24-Aug-2026,15.49,15.55,15.89,14.95,15.11,219500,33.26,625,172753.0,78.7,2026-08-24
CCHHL,EQ,24-Aug-2026,12.99,12.99,13.2,12.61,12.95,11626,1.51,119,10364.0,89.15,2026-08-24
CCL,EQ,24-Aug-2026,1082.3,1083.0,1097.0,1076.6,1081.8,275284,2987.52,20495,172843.0,62.79,2026-08-24
CDSL,EQ,24-Aug-2026,1388.9,1390.0,1412.5,1379.6,1385.1,2224774,31080.6,62119,806730.0,36.26,2026-08-24
CEATLTD,EQ,24-Aug-2026,3563.4,3550.0,3633.8,3550.0,3565.9,40420,1449.89,7772,16280.0,40.28,2026-08-24
CEDAAR,ST,24-Aug-2026,13.8,14.4,14.45,13.25,14.45,11000,1.57,11,10000.0,90.91,2026-08-24
CEIGALL,EQ,24-Aug-2026,314.35,316.75,328.0,315.35,322.15,585704,1890.07,12639,206351.0,35.23,2026-08-24
CEINSYS,EQ,24-Aug-2026,758.65,710.0,744.5,697.15,720.9,240247,1737.56,10611,94824.0,39.47,2026-08-24
CELEBRITY,EQ,24-Aug-2026,6.75,6.84,6.9,6.5,6.76,45538,3.04,209,33799.0,74.22,2026-08-24
CELLECOR,SM,24-Aug-2026,31.4,31.4,33.4,31.4,32.75,624000,202.91,68,438000.0,70.19,2026-08-24
CELLO,EQ,24-Aug-2026,361.45,363.15,366.7,355.1,358.7,211867,764.73,8463,88383.0,41.72,2026-08-24
CELLPOINT,SM,24-Aug-2026,15.25,15.75,16.0,15.75,16.0,9600,1.53,3,9600.0,100.0,2026-08-24
CEMNTGROWW,EQ,24-Aug-2026,14.88,15.09,15.17,14.8,14.87,77359,11.53,500,56218.0,72.67,2026-08-24
CEMPRO,EQ,24-Aug-2026,1276.4,1276.4,1285.3,1253.4,1261.4,144159,1822.99,14771,91310.0,63.34,2026-08-24
CENTENKA,EQ,24-Aug-2026,569.15,571.95,571.95,551.2,552.85,51025,284.14,2676,32192.0,63.09,2026-08-24
CENTEXT,EQ,24-Aug-2026,20.64,20.55,23.13,20.55,22.34,586094,129.63,2594,272502.0,46.49,2026-08-24
CENTRALBK,EQ,24-Aug-2026,31.29,31.29,31.54,31.1,31.21,5616881,1759.38,17221,2812851.0,50.08,2026-08-24
CENTRUM,EQ,24-Aug-2026,23.28,23.25,23.8,23.16,23.29,254630,59.6,622,147413.0,57.89,2026-08-24
CENTUM,EQ,24-Aug-2026,3439.0,3459.9,3486.5,3350.0,3359.5,41488,1409.91,8306,21605.0,52.08,2026-08-24
CENTURYPLY,EQ,24-Aug-2026,762.4,760.2,766.35,739.85,744.95,172593,1289.44,13034,106011.0,61.42,2026-08-24
CERA,EQ,24-Aug-2026,5865.5,5865.5,5938.5,5753.5,5793.0,4259,248.55,1546,1930.0,45.32,2026-08-24
CEREBRAINT,BZ,24-Aug-2026,2.81,2.92,2.92,2.72,2.82,52201,1.48,94,,,2026-08-24
CESC,EQ,24-Aug-2026,155.09,156.0,157.79,155.05,155.27,858640,1338.93,13023,438267.0,51.04,2026-08-24
CEWATER,EQ,24-Aug-2026,260.0,257.5,262.6,251.0,253.15,186471,478.58,5568,82422.0,44.2,2026-08-24
CFEL,EQ,24-Aug-2026,30.24,32.0,32.0,30.0,30.12,8461,2.58,78,6688.0,79.05,2026-08-24
CGCL,EQ,24-Aug-2026,224.03,224.9,237.3,223.32,234.32,9072980,20768.65,42908,2766903.0,30.5,2026-08-24
CGPOWER,EQ,24-Aug-2026,867.0,867.0,877.5,865.35,877.5,1296211,11286.44,43198,633531.0,48.88,2026-08-24
CGRAPHICS,SM,24-Aug-2026,147.0,150.0,166.0,150.0,157.5,80800,128.25,82,64000.0,79.21,2026-08-24
CGVAK,EQ,24-Aug-2026,156.93,156.93,156.93,150.05,151.16,4533,6.93,100,4129.0,91.09,2026-08-24
CHALET,EQ,24-Aug-2026,861.95,861.9,879.95,851.5,869.55,253127,2204.61,20129,94309.0,37.26,2026-08-24
CHAMBLFERT,EQ,24-Aug-2026,431.15,431.6,434.85,430.3,430.95,361457,1561.45,18439,237605.0,65.74,2026-08-24
CHANDAN,SM,24-Aug-2026,230.85,230.85,230.85,220.2,226.35,68000,153.93,82,48800.0,71.76,2026-08-24
CHAVDA,SM,24-Aug-2026,137.15,137.25,137.75,137.0,137.05,21000,28.82,20,12000.0,57.14,2026-08-24
CHEMBOND,EQ,24-Aug-2026,172.63,172.63,178.7,170.11,173.42,7216,12.64,288,4665.0,64.65,2026-08-24
CHEMBONDCH,BE,24-Aug-2026,284.38,280.2,287.0,271.0,273.91,12894,36.08,242,,,2026-08-24
CHEMCON,BE,24-Aug-2026,185.48,188.75,193.49,188.75,192.93,40553,78.12,547,,,2026-08-24
CHEMCRUX,EQ,24-Aug-2026,84.34,82.15,86.8,82.15,85.72,1322,1.13,68,1134.0,85.78,2026-08-24
CHEMFAB,EQ,24-Aug-2026,356.75,356.75,374.5,347.75,368.45,8556,31.09,294,4999.0,58.43,2026-08-24
CHEMICAL,EQ,24-Aug-2026,30.24,30.27,30.5,30.0,30.07,745101,225.16,1436,403791.0,54.19,2026-08-24
CHEMPLASTS,EQ,24-Aug-2026,176.89,179.5,182.39,174.0,179.22,197669,355.06,4967,100177.0,50.68,2026-08-24
CHENNPETRO,EQ,24-Aug-2026,1393.5,1405.0,1452.0,1388.1,1412.1,1580232,22547.25,53691,342596.0,21.68,2026-08-24
CHETANA,SM,24-Aug-2026,43.6,44.5,45.15,43.35,43.35,8000,3.56,5,8000.0,100.0,2026-08-24
CHEVIOT,EQ,24-Aug-2026,1166.2,1179.0,1179.0,1158.2,1166.3,1134,13.22,145,954.0,84.13,2026-08-24
CHOICEGOLD,EQ,24-Aug-2026,157.39,157.39,160.64,157.39,159.96,16743,26.76,252,8125.0,48.53,2026-08-24
CHOICEIN,EQ,24-Aug-2026,808.6,809.0,811.75,795.0,797.65,449818,3604.05,7029,184641.0,41.05,2026-08-24
CHOLAFIN,EQ,24-Aug-2026,1862.9,1856.3,1868.7,1833.1,1846.7,845144,15636.58,36005,472613.0,55.92,2026-08-24
CHOLAHLDNG,EQ,24-Aug-2026,1561.8,1569.9,1570.1,1540.0,1548.4,97997,1519.95,9013,52419.0,53.49,2026-08-24
CIEINDIA,EQ,24-Aug-2026,401.05,401.1,403.1,397.8,399.35,257873,1030.99,12372,149772.0,58.08,2026-08-24
CIFL,EQ,24-Aug-2026,20.32,20.33,21.78,20.04,20.41,103935,21.39,640,60125.0,57.85,2026-08-24
CINELINE,EQ,24-Aug-2026,88.03,89.5,89.9,88.0,89.41,21724,19.37,172,19895.0,91.58,2026-08-24
CINEVISTA,EQ,24-Aug-2026,14.21,14.35,14.67,14.06,14.27,2005,0.29,56,1320.0,65.84,2026-08-24
CIPLA,EQ,24-Aug-2026,1432.2,1428.0,1442.3,1410.3,1437.9,1220646,17451.78,55248,627649.0,51.42,2026-08-24
CITIUSINVT,IV,24-Aug-2026,114.31,115.39,115.9,114.0,114.33,841097,970.64,395,835159.0,99.29,2026-08-24
CKKRETAIL,SM,24-Aug-2026,145.1,145.0,174.1,145.0,167.0,41600,70.98,33,37600.0,90.38,2026-08-24
CLASSICEIL,SM,24-Aug-2026,47.4,44.15,49.0,44.15,47.85,20800,9.84,13,12800.0,61.54,2026-08-24
CLAYCRAFT,SM,24-Aug-2026,155.5,155.65,165.0,155.65,158.7,102600,165.79,139,76800.0,74.85,2026-08-24
CLCIND,BE,24-Aug-2026,48.15,46.46,50.0,46.46,48.09,425,0.2,13,,,2026-08-24
CLEAN,EQ,24-Aug-2026,825.5,826.8,848.9,822.0,828.25,308460,2583.66,19876,128509.0,41.66,2026-08-24
CLEANMAX,EQ,24-Aug-2026,1266.9,1266.9,1271.9,1253.0,1256.4,57080,717.94,7175,35379.0,61.98,2026-08-24
CLEDUCATE,BE,24-Aug-2026,61.01,60.5,63.0,59.14,62.94,37865,23.41,139,,,2026-08-24
CLSEL,EQ,24-Aug-2026,288.35,288.9,321.0,288.9,312.75,2814090,8792.04,49465,439123.0,15.6,2026-08-24
CLSL,ST,24-Aug-2026,80.0,76.05,84.0,76.05,84.0,28000,22.97,13,26000.0,92.86,2026-08-24
CMICABLES,BZ,24-Aug-2026,2.58,2.55,2.58,2.5,2.53,4885,0.12,31,,,2026-08-24
CMLL,EQ,24-Aug-2026,529.65,532.65,554.9,525.5,534.15,582779,3151.74,12019,220256.0,37.79,2026-08-24
CMNL,SM,24-Aug-2026,109.95,109.95,110.5,108.5,110.5,3750,4.11,3,3750.0,100.0,2026-08-24
CMPDI,EQ,24-Aug-2026,233.66,234.3,240.25,233.65,237.86,1639438,3889.55,21082,953434.0,58.16,2026-08-24
CMRGREEN,EQ,24-Aug-2026,212.87,215.05,222.07,213.6,221.39,1200844,2631.17,13864,575553.0,47.93,2026-08-24
CMRSL,SM,24-Aug-2026,69.0,65.6,65.65,65.55,65.55,5600,3.67,6,4000.0,71.43,2026-08-24
CMSINFO,EQ,24-Aug-2026,247.0,248.35,251.4,246.75,248.8,539387,1342.66,13493,348882.0,64.68,2026-08-24
CNL,EQ,24-Aug-2026,1247.7,1248.55,1250.0,1190.1,1202.2,37954,460.7,3130,20944.0,55.18,2026-08-24
COALINDIA,EQ,24-Aug-2026,405.2,406.0,410.95,404.6,406.9,8002459,32533.96,75676,5682158.0,71.01,2026-08-24
COASTCORP,EQ,24-Aug-2026,40.55,40.99,42.0,40.4,41.33,115238,47.62,1441,66806.0,57.97,2026-08-24
COCHINSHIP,EQ,24-Aug-2026,1480.5,1480.5,1516.0,1480.5,1514.0,851792,12796.63,31238,380204.0,44.64,2026-08-24
COCKERILL,EQ,24-Aug-2026,8213.5,8267.0,8339.0,8005.5,8047.5,5502,449.29,1626,2693.0,48.95,2026-08-24
COFFEEDAY,BE,24-Aug-2026,29.08,28.91,29.4,28.51,29.06,227241,65.59,962,,,2026-08-24
COFORGE,EQ,24-Aug-2026,1891.7,1891.7,1900.8,1869.6,1873.0,1507935,28370.13,52992,959329.0,63.62,2026-08-24
COHANCE,EQ,24-Aug-2026,463.0,458.45,460.25,446.05,448.75,909426,4107.69,27855,395610.0,43.5,2026-08-24
COLPAL,EQ,24-Aug-2026,1889.0,1889.0,1896.8,1873.3,1879.0,129484,2439.57,12240,61060.0,47.16,2026-08-24
COMFINTE,EQ,24-Aug-2026,6.32,6.25,6.49,6.22,6.24,125076,7.84,396,86267.0,68.97,2026-08-24
COMMITTED,SM,24-Aug-2026,345.0,348.8,348.8,348.8,348.8,800,2.79,1,800.0,100.0,2026-08-24
COMMOIETF,EQ,24-Aug-2026,99.56,100.6,100.6,99.75,100.17,48141,48.21,560,34344.0,71.34,2026-08-24
COMPEAU,EQ,24-Aug-2026,353.95,336.0,365.8,336.0,360.0,1566,5.63,68,1481.0,94.57,2026-08-24
COMPINFO,BZ,24-Aug-2026,1.07,1.07,1.12,1.04,1.11,21966,0.24,47,,,2026-08-24
COMPUSOFT,EQ,24-Aug-2026,13.98,13.98,14.1,12.31,13.04,101917,13.43,654,66134.0,64.89,2026-08-24
COMSYN,EQ,24-Aug-2026,286.17,288.95,294.0,271.35,289.17,477409,1321.97,3983,274748.0,57.55,2026-08-24
CONCOR,EQ,24-Aug-2026,515.05,515.05,524.2,513.05,516.4,1592382,8278.14,69948,817552.0,51.34,2026-08-24
CONCORDBIO,EQ,24-Aug-2026,1571.3,1571.3,1572.2,1517.6,1539.4,141913,2188.17,12784,56671.0,39.93,2026-08-24
CONFIPET,EQ,24-Aug-2026,74.8,76.4,76.4,71.75,72.14,3160735,2327.83,13797,1667095.0,52.74,2026-08-24
CONNPLEX,SM,24-Aug-2026,217.95,220.15,225.0,216.0,224.5,36800,81.84,37,28000.0,76.09,2026-08-24
CONS,EQ,24-Aug-2026,12.38,12.63,12.63,12.33,12.36,26655,3.3,134,24542.0,92.07,2026-08-24
CONSOFINVT,BE,24-Aug-2026,272.5,272.5,272.5,270.0,270.25,2413,6.55,37,,,2026-08-24
CONSUMAXIS,EQ,24-Aug-2026,123.65,123.65,124.0,123.23,123.32,628,0.77,30,288.0,45.86,2026-08-24
CONSUMBEES,EQ,24-Aug-2026,133.98,133.98,134.85,133.05,133.54,59092,79.04,942,32668.0,55.28,2026-08-24
CONSUMER,EQ,24-Aug-2026,12.28,12.74,12.74,12.28,12.3,226314,27.87,367,186352.0,82.34,2026-08-24
CONSUMIETF,EQ,24-Aug-2026,124.56,125.38,125.38,124.0,124.17,10305,12.81,210,7282.0,70.66,2026-08-24
CONTI,SM,24-Aug-2026,11.1,11.15,11.55,11.0,11.4,209979,23.41,5,209979.0,100.0,2026-08-24
CONTROLPR,EQ,24-Aug-2026,573.8,573.5,614.3,573.5,599.8,62040,371.91,3950,24089.0,38.83,2026-08-24
COOLCAPS,ST,24-Aug-2026,20.25,21.0,21.25,19.3,20.7,25000,5.01,17,18750.0,75.0,2026-08-24
CORALFINAC,EQ,24-Aug-2026,34.53,34.2,36.4,33.01,33.47,401559,139.38,2821,203561.0,50.69,2026-08-24
CORDELIA,EQ,24-Aug-2026,978.4,977.95,1054.7,955.65,1043.6,1204583,12268.59,44037,323673.0,26.87,2026-08-24
CORDSCABLE,BE,24-Aug-2026,241.33,241.3,253.39,238.0,253.39,86377,217.99,603,,,2026-08-24
COROMANDEL,EQ,24-Aug-2026,1996.1,2000.0,2009.7,1920.0,1926.6,309282,5992.87,40128,200571.0,64.85,2026-08-24
CORONA,EQ,24-Aug-2026,2142.6,2144.0,2167.2,2130.1,2149.0,9877,212.26,1913,4669.0,47.27,2026-08-24
COSMOFIRST,EQ,24-Aug-2026,922.95,928.9,943.0,905.65,907.95,45164,414.74,2935,26782.0,59.3,2026-08-24
COUNCODOS,BE,24-Aug-2026,6.65,6.58,6.88,6.32,6.77,162820,10.65,446,,,2026-08-24
CPCAP,EQ,24-Aug-2026,121.32,121.32,124.9,118.41,119.35,5807,7.06,224,3773.0,64.97,2026-08-24
CPEDU,EQ,24-Aug-2026,201.2,198.2,200.0,190.72,191.17,8135,15.76,432,5944.0,73.07,2026-08-24
CPL,EQ,24-Aug-2026,66.82,67.1,67.39,63.52,64.99,167313,110.23,2019,29126.0,17.41,2026-08-24
CPPLUS,EQ,24-Aug-2026,3475.5,3500.0,3514.0,3375.0,3419.5,169008,5757.49,18209,92865.0,54.95,2026-08-24
CPS,SM,24-Aug-2026,1146.05,1100.0,1140.0,1088.75,1091.65,9300,102.91,19,9000.0,96.77,2026-08-24
CPSEETF,EQ,24-Aug-2026,94.27,94.27,94.98,93.7,94.07,649100,610.9,7968,394462.0,60.77,2026-08-24
CRAFTSMAN,EQ,24-Aug-2026,10644.5,10700.0,10800.0,10502.0,10598.5,29495,3145.56,10651,15318.0,51.93,2026-08-24
CRAMC,EQ,24-Aug-2026,264.7,264.7,266.0,258.6,259.6,184305,482.82,6768,105196.0,57.08,2026-08-24
CRAVATEX,EQ,24-Aug-2026,359.0,359.0,359.0,335.0,337.1,131,0.44,8,130.0,99.24,2026-08-24
CRAYONS,SM,24-Aug-2026,26.8,26.6,26.6,26.6,26.6,1000,0.27,1,1000.0,100.0,2026-08-24
CREATIVEYE,EQ,24-Aug-2026,6.36,6.39,6.5,6.02,6.2,5658,0.35,188,3074.0,54.33,2026-08-24
CREDENT,ST,24-Aug-2026,375.0,366.95,368.8,356.25,356.25,375600,1346.02,335,316200.0,84.19,2026-08-24
CREDITACC,EQ,24-Aug-2026,1496.1,1495.2,1497.9,1429.1,1442.3,540642,7840.95,39803,329992.0,61.04,2026-08-24
CREST,EQ,24-Aug-2026,361.8,360.25,365.0,359.0,364.25,954,3.47,35,867.0,90.88,2026-08-24
CRISIL,EQ,24-Aug-2026,4514.5,4517.0,4539.7,4447.7,4478.2,23902,1070.23,7436,12169.0,50.91,2026-08-24
CRIZAC,EQ,24-Aug-2026,172.84,174.0,175.97,172.9,173.41,110295,191.64,3702,66130.0,59.96,2026-08-24
CROMPTON,EQ,24-Aug-2026,252.0,251.95,251.95,243.95,246.0,4617328,11382.77,39000,2437373.0,52.79,2026-08-24
CROWN,EQ,24-Aug-2026,105.07,103.6,106.99,103.6,105.2,5760,6.1,116,5216.0,90.56,2026-08-24
CRSL,EQ,24-Aug-2026,3.39,3.51,3.56,3.06,3.06,2362969,76.15,2072,1746443.0,73.91,2026-08-24
CSBBANK,EQ,24-Aug-2026,322.9,324.9,334.0,321.6,331.9,496826,1636.45,15574,265319.0,53.4,2026-08-24
CSLFINANCE,EQ,24-Aug-2026,230.17,231.1,231.89,222.0,225.02,30453,69.53,713,22157.0,72.76,2026-08-24
CSM,EQ,24-Aug-2026,99.55,99.55,99.87,97.3,98.59,365203,358.18,1562,197700.0,54.13,2026-08-24
CSSL,SM,24-Aug-2026,90.8,92.0,92.75,91.6,91.6,11000,10.16,8,9000.0,81.82,2026-08-24
CTE,EQ,24-Aug-2026,49.53,51.84,52.0,50.39,52.0,62092,32.17,250,46696.0,75.2,2026-08-24
CUB,EQ,24-Aug-2026,217.3,217.3,219.16,211.34,212.2,1480490,3157.11,22131,791611.0,53.47,2026-08-24
CUBEINVIT,IV,24-Aug-2026,156.99,156.99,157.54,155.6,156.48,907518,1416.27,2467,870613.0,95.93,2026-08-24
CUBEXTUB,EQ,24-Aug-2026,79.11,80.67,81.06,78.49,79.24,56046,44.76,2410,23530.0,41.98,2026-08-24
CUDML,ST,24-Aug-2026,105.5,105.6,105.6,103.0,103.0,8000,8.4,8,8000.0,100.0,2026-08-24
CUMMINSIND,EQ,24-Aug-2026,5107.5,5100.0,5190.0,5083.0,5190.0,686782,35308.71,44380,379441.0,55.25,2026-08-24
CUPID,EQ,24-Aug-2026,284.58,285.5,291.9,282.69,286.41,15803016,45323.54,112526,5034652.0,31.86,2026-08-24
CURAA,EQ,24-Aug-2026,72.59,72.59,81.39,72.4,73.55,235,0.17,15,171.0,72.77,2026-08-24
CURIS,SM,24-Aug-2026,121.0,123.95,127.0,123.95,126.4,14000,17.61,14,12000.0,85.71,2026-08-24
CURRENT,SM,24-Aug-2026,100.0,99.0,99.0,99.0,99.0,1600,1.58,1,1600.0,100.0,2026-08-24
CYBERMEDIA,EQ,24-Aug-2026,16.9,16.9,18.87,16.9,17.54,33276,5.9,174,23544.0,70.75,2026-08-24
CYBERTECH,BE,24-Aug-2026,134.88,135.88,135.88,133.0,134.67,10950,14.73,166,,,2026-08-24
CYIENT,EQ,24-Aug-2026,892.65,895.0,934.85,894.1,909.05,1531330,13980.18,62497,631131.0,41.21,2026-08-24
CYIENTDLM,EQ,24-Aug-2026,721.15,724.0,745.7,721.0,735.85,444995,3268.46,25325,234754.0,52.75,2026-08-24
DABUR,EQ,24-Aug-2026,400.5,400.5,400.55,395.65,398.45,827894,3293.95,20539,404720.0,48.89,2026-08-24
DAICHI,EQ,24-Aug-2026,324.35,324.35,337.8,318.05,337.35,6055,20.09,206,5433.0,89.73,2026-08-24
DALBHARAT,EQ,24-Aug-2026,1880.0,1881.9,1905.1,1845.9,1853.0,361388,6787.83,18158,197729.0,54.71,2026-08-24
DALMIASUG,EQ,24-Aug-2026,497.95,504.1,520.0,471.55,480.75,1239749,6233.56,26807,301509.0,24.32,2026-08-24
DAMCAPITAL,EQ,24-Aug-2026,144.47,144.49,147.9,144.49,145.96,234828,342.93,2962,114452.0,48.74,2026-08-24
DAMODARIND,BE,24-Aug-2026,27.18,27.02,28.25,27.01,27.8,3667,1.01,30,,,2026-08-24
DANGEE,EQ,24-Aug-2026,2.87,2.81,2.93,2.81,2.85,28541,0.81,111,22204.0,77.8,2026-08-24
DANISH,SM,24-Aug-2026,783.65,777.0,787.8,774.0,780.25,8550,66.76,53,6150.0,71.93,2026-08-24
DATAMATICS,EQ,24-Aug-2026,819.25,823.9,828.55,810.1,812.15,32893,268.83,2531,18512.0,56.28,2026-08-24
DATAPATTNS,EQ,24-Aug-2026,4829.9,4833.5,4889.8,4701.0,4736.2,708542,33820.57,56055,257168.0,36.3,2026-08-24
DAVANGERE,EQ,24-Aug-2026,2.99,3.05,3.08,2.85,2.87,41238797,1223.86,10564,25429737.0,61.66,2026-08-24
DBCORP,EQ,24-Aug-2026,205.86,205.6,209.53,205.05,206.8,57497,118.91,1915,27768.0,48.29,2026-08-24
DBEIL,BE,24-Aug-2026,6.66,6.63,6.8,6.36,6.5,156529,10.21,321,,,2026-08-24
DBL,EQ,24-Aug-2026,414.6,416.65,418.85,412.45,414.6,137120,568.11,3399,82826.0,60.4,2026-08-24
DBOL,EQ,24-Aug-2026,131.15,131.8,137.95,127.0,128.45,709114,949.34,8647,302122.0,42.61,2026-08-24
DBREALTY,EQ,24-Aug-2026,106.08,108.7,111.38,105.25,105.68,1783408,1943.19,6593,1119050.0,62.75,2026-08-24
DBSTOCKBRO,BE,24-Aug-2026,30.32,29.7,30.5,29.0,29.2,9769,2.88,58,,,2026-08-24
DCAL,EQ,24-Aug-2026,173.54,173.51,177.68,172.8,173.25,225970,395.37,4215,98482.0,43.58,2026-08-24
DCBBANK,EQ,24-Aug-2026,203.59,205.62,206.0,199.25,199.74,2434440,4930.08,27959,1242087.0,51.02,2026-08-24
DCCL,SM,24-Aug-2026,46.7,47.9,47.9,47.8,47.9,6000,2.87,3,6000.0,100.0,2026-08-24
DCG,SM,24-Aug-2026,55.1,55.7,55.75,55.0,55.45,14400,8.0,10,14400.0,100.0,2026-08-24
DCI,EQ,24-Aug-2026,381.35,384.2,388.55,382.8,384.0,38731,148.86,769,30273.0,78.16,2026-08-24
DCM,BE,24-Aug-2026,80.92,81.0,82.9,78.4,79.47,3529,2.86,49,,,2026-08-24
DCMFINSERV,EQ,24-Aug-2026,5.43,5.43,5.43,5.1,5.13,28000,1.45,267,24933.0,89.05,2026-08-24
DCMNVL,EQ,24-Aug-2026,171.6,171.6,176.0,170.0,171.85,6967,12.01,188,5084.0,72.97,2026-08-24
DCMSHRIRAM,EQ,24-Aug-2026,1082.1,1076.9,1119.5,1071.6,1075.4,184496,2024.38,15458,73863.0,40.04,2026-08-24
DCMSIL,EQ,24-Aug-2026,77.79,82.0,82.0,76.7,77.38,41660,32.68,385,25471.0,61.14,2026-08-24
DCMSRIND,EQ,24-Aug-2026,51.24,51.59,55.75,51.59,53.06,462543,252.09,2902,270069.0,58.39,2026-08-24
DCW,EQ,24-Aug-2026,44.73,44.99,46.43,44.61,44.9,1467095,669.33,5781,571360.0,38.94,2026-08-24
DCXINDIA,EQ,24-Aug-2026,175.49,175.26,177.59,175.0,175.72,254364,448.3,4447,110769.0,43.55,2026-08-24
DDEVPLSTIK,EQ,24-Aug-2026,277.85,279.0,283.2,275.1,276.6,89339,248.88,2767,52036.0,58.25,2026-08-24
DECCANCE,EQ,24-Aug-2026,554.15,557.2,562.85,543.5,546.85,11978,66.31,640,7758.0,64.77,2026-08-24
DECNGOLD,EQ,24-Aug-2026,245.67,248.0,250.3,244.9,247.61,1613681,3995.93,14215,697008.0,43.19,2026-08-24
DEEDEV,EQ,24-Aug-2026,646.1,656.0,658.0,630.1,634.5,123665,796.38,4620,77123.0,62.36,2026-08-24
DEEM,ST,24-Aug-2026,40.2,40.2,41.45,40.2,40.8,3000,1.22,3,3000.0,100.0,2026-08-24
DEEP,EQ,24-Aug-2026,36.64,36.5,39.98,36.5,37.18,5332,1.99,115,4211.0,78.98,2026-08-24
DEEPAKFERT,EQ,24-Aug-2026,1449.2,1450.0,1503.2,1450.0,1476.1,241197,3576.32,17154,77018.0,31.93,2026-08-24
DEEPAKNTR,EQ,24-Aug-2026,1747.1,1749.9,1774.0,1707.2,1730.3,464728,8062.08,16562,320715.0,69.01,2026-08-24
DEEPINDS,EQ,24-Aug-2026,688.05,693.7,694.6,672.3,678.05,147958,1010.06,6703,68112.0,46.03,2026-08-24
DEFENCE,EQ,24-Aug-2026,82.64,82.65,83.05,81.5,82.08,279639,229.54,981,205395.0,73.45,2026-08-24
DELAPLEX,SM,24-Aug-2026,83.15,86.95,86.95,84.0,84.5,4200,3.59,7,4200.0,100.0,2026-08-24
DELHIVERY,EQ,24-Aug-2026,450.7,452.0,452.6,441.2,444.75,1948199,8682.86,25897,1193681.0,61.27,2026-08-24
DELPHIFX,BE,24-Aug-2026,6.51,6.69,6.75,6.19,6.49,110240,7.05,221,,,2026-08-24
DELTACORP,EQ,24-Aug-2026,58.62,58.64,59.37,58.56,58.88,788588,465.02,4534,383644.0,48.65,2026-08-24
DELTAMAGNT,EQ,24-Aug-2026,58.49,58.49,59.8,56.15,57.32,10529,6.04,112,8085.0,76.79,2026-08-24
DELTIC,SM,24-Aug-2026,36.9,38.05,38.5,33.5,35.0,40000,14.28,30,35000.0,87.5,2026-08-24
DEN,EQ,24-Aug-2026,28.17,28.7,29.24,27.87,28.14,451711,128.95,2535,237899.0,52.67,2026-08-24
DENEERS,SM,24-Aug-2026,170.0,167.0,177.9,165.5,173.9,20400,34.83,31,9600.0,47.06,2026-08-24
DENORA,EQ,24-Aug-2026,828.95,831.7,839.95,805.1,822.3,11069,90.81,701,7018.0,63.4,2026-08-24
DENTA,EQ,24-Aug-2026,286.4,288.5,289.15,281.0,282.55,102902,292.42,2798,60129.0,58.43,2026-08-24
DENTALKART,SM,24-Aug-2026,395.6,391.0,413.0,391.0,411.85,23000,92.33,73,20500.0,89.13,2026-08-24
DEVIT,EQ,24-Aug-2026,24.9,25.1,27.7,25.1,25.43,90375,23.59,493,63003.0,69.71,2026-08-24
DEVX,EQ,24-Aug-2026,35.68,36.0,36.0,34.8,34.93,81685,28.87,1039,52523.0,64.3,2026-08-24
DEVYANI,EQ,24-Aug-2026,144.4,145.12,149.5,145.12,149.12,5369645,7969.76,33905,2800359.0,52.15,2026-08-24
DGCONTENT,EQ,24-Aug-2026,24.85,24.35,25.5,24.2,24.81,2916,0.72,53,2256.0,77.37,2026-08-24
DHABRIYA,BE,24-Aug-2026,576.7,576.9,603.0,552.0,580.3,19552,112.77,315,,,2026-08-24
DHAMPURSUG,EQ,24-Aug-2026,185.23,188.5,199.92,176.27,180.79,5595083,10780.37,45528,1516768.0,27.11,2026-08-24
DHANBANK,EQ,24-Aug-2026,33.73,34.2,34.83,33.76,34.01,1286196,440.59,3772,717083.0,55.75,2026-08-24
DHANLAXMI,SM,24-Aug-2026,25.0,26.0,27.8,26.0,27.8,6000,1.63,3,4000.0,66.67,2026-08-24
DHANSA,SM,24-Aug-2026,21.5,22.05,22.05,22.05,22.05,4000,0.88,1,4000.0,100.0,2026-08-24
DHANUKA,EQ,24-Aug-2026,980.3,976.0,998.8,975.3,994.9,11771,116.65,1443,6912.0,58.72,2026-08-24
DHARAN,BZ,24-Aug-2026,0.16,0.16,0.17,0.15,0.16,13744012,22.25,1774,,,2026-08-24
DHARARAIL,ST,24-Aug-2026,147.5,151.4,151.4,149.8,149.8,3000,4.51,3,3000.0,100.0,2026-08-24
DHARIWAL,SM,24-Aug-2026,18.8,18.8,19.15,17.9,17.9,117000,21.51,37,96000.0,82.05,2026-08-24
DHARMAJ,EQ,24-Aug-2026,270.0,270.0,271.1,258.1,260.65,27144,71.88,1950,17447.0,64.28,2026-08-24
DHATRE,EQ,24-Aug-2026,4.52,4.43,4.52,4.4,4.41,19385,0.86,129,17371.0,89.61,2026-08-24
DHOOTTRANS,EQ,24-Aug-2026,1478.95,1460.0,1477.7,1416.6,1443.4,3024138,43677.41,114934,405796.0,13.42,2026-08-24
DHRUV,EQ,24-Aug-2026,24.35,24.48,25.49,23.15,23.24,17955,4.31,118,15049.0,83.82,2026-08-24
DHUNINV,EQ,24-Aug-2026,975.65,975.65,980.0,961.0,967.9,419,4.07,68,332.0,79.24,2026-08-24
DIACABS,BE,24-Aug-2026,356.1,364.0,364.95,350.0,353.2,754866,2693.74,6514,,,2026-08-24
DIAMINESQ,EQ,24-Aug-2026,241.11,244.0,245.38,236.0,238.65,5169,12.39,178,4132.0,79.94,2026-08-24
DIAMONDYD,EQ,24-Aug-2026,1179.3,1179.3,1185.3,1168.3,1176.5,4032,47.47,619,2817.0,69.87,2026-08-24
DICIND,EQ,24-Aug-2026,593.9,610.0,610.0,578.3,592.05,5353,31.99,227,2551.0,47.66,2026-08-24
DIFFNKG,EQ,24-Aug-2026,401.45,400.0,410.25,399.45,401.65,48770,195.84,1631,21984.0,45.08,2026-08-24
DIGIDRIVE,EQ,24-Aug-2026,17.9,17.99,18.04,17.51,17.88,6997,1.25,161,4085.0,58.38,2026-08-24
DIGIKORE,SM,24-Aug-2026,36.25,36.0,38.5,35.5,37.7,36400,13.58,59,32000.0,87.91,2026-08-24
DIGISPICE,EQ,24-Aug-2026,16.99,16.71,17.2,16.63,16.67,70748,11.87,266,60002.0,84.81,2026-08-24
DIGITIDE,EQ,24-Aug-2026,97.01,96.5,101.92,96.5,98.94,333334,332.43,3613,150207.0,45.06,2026-08-24
DIGJAMLMTD,EQ,24-Aug-2026,51.64,53.95,53.95,50.23,51.31,7032,3.6,113,4081.0,58.03,2026-08-24
DIL,BZ,24-Aug-2026,0.71,0.68,0.7,0.68,0.68,445349,3.03,358,,,2026-08-24
DISAQ,EQ,24-Aug-2026,11836.0,11625.0,11999.0,11585.0,11880.0,201,23.73,171,42.0,20.9,2026-08-24
DISHTV,EQ,24-Aug-2026,2.77,2.79,2.81,2.74,2.76,1109582,30.81,1520,778602.0,70.17,2026-08-24
DIVGIITTS,EQ,24-Aug-2026,1217.9,1206.25,1267.35,1205.0,1221.05,233313,2873.86,14880,128978.0,55.28,2026-08-24
DIVIDEND,EQ,24-Aug-2026,35.63,35.78,35.97,35.78,35.85,8545,3.07,65,7821.0,91.53,2026-08-24
DIVINEHIRA,ST,24-Aug-2026,111.9,114.0,114.4,110.05,114.0,21600,24.28,16,15600.0,72.22,2026-08-24
DIVISLAB,EQ,24-Aug-2026,8597.0,8558.5,8563.5,8457.5,8496.0,251013,21345.24,27102,131241.0,52.28,2026-08-24
DIVOPPBEES,EQ,24-Aug-2026,77.67,78.52,78.52,77.05,77.45,52055,40.39,970,32122.0,61.71,2026-08-24
DIVYADHAN,ST,24-Aug-2026,46.4,44.1,44.1,44.1,44.1,2000,0.88,1,2000.0,100.0,2026-08-24
DIXON,EQ,24-Aug-2026,14850.0,15000.0,15000.0,14484.0,14570.0,735401,107270.99,100345,248397.0,33.78,2026-08-24
DJML,EQ,24-Aug-2026,108.64,109.8,115.25,86.92,86.92,2333221,2313.91,20605,778523.0,33.37,2026-08-24
DKEGL,SM,24-Aug-2026,70.0,78.9,80.0,69.85,71.15,40500,30.82,21,34500.0,85.19,2026-08-24
DLF,EQ,24-Aug-2026,678.1,678.1,689.0,678.1,689.0,5098239,34922.76,40079,3432335.0,67.32,2026-08-24
DLINKINDIA,EQ,24-Aug-2026,435.75,440.3,454.6,438.05,448.5,180766,810.94,5721,65130.0,36.03,2026-08-24
DMART,EQ,24-Aug-2026,3906.0,3919.9,3940.0,3876.2,3940.0,214118,8369.98,24964,80585.0,37.64,2026-08-24
DMCC,EQ,24-Aug-2026,284.3,286.0,294.1,283.0,287.1,43193,124.41,1531,22297.0,51.62,2026-08-24
DNAMEDIA,EQ,24-Aug-2026,2.6,2.75,2.75,2.51,2.54,26908,0.7,138,18060.0,67.12,2026-08-24
DODLA,EQ,24-Aug-2026,1138.4,1138.4,1160.0,1135.0,1149.4,71337,819.23,7799,36381.0,51.0,2026-08-24
DOLATALGO,EQ,24-Aug-2026,76.51,76.68,78.5,75.11,75.29,250801,191.78,1532,108598.0,43.3,2026-08-24
DOLLAR,EQ,24-Aug-2026,273.2,272.75,277.8,271.5,273.7,68689,188.27,2321,30799.0,44.84,2026-08-24
DOLLEX,SM,24-Aug-2026,33.1,34.5,34.5,32.8,33.15,104000,34.5,13,76000.0,73.08,2026-08-24
DOLPHIN,EQ,24-Aug-2026,645.1,644.85,669.95,611.1,616.45,54439,347.18,2895,26843.0,49.31,2026-08-24
DOMS,EQ,24-Aug-2026,2206.3,2203.4,2217.8,2193.3,2201.7,10334,228.03,2740,4941.0,47.81,2026-08-24
DONEAR,EQ,24-Aug-2026,87.52,87.52,89.5,84.15,84.58,37335,32.0,520,24645.0,66.01,2026-08-24
DPABHUSHAN,EQ,24-Aug-2026,1482.4,1490.0,1568.3,1490.0,1533.3,80717,1234.92,6432,37473.0,46.43,2026-08-24
DPEL,SM,24-Aug-2026,570.4,574.1,585.0,571.0,577.95,11500,66.2,21,6500.0,56.52,2026-08-24
DPSCLTD,BE,24-Aug-2026,7.13,7.13,7.32,7.02,7.11,101800,7.31,519,,,2026-08-24
DPWIRES,BE,24-Aug-2026,158.54,159.33,159.33,152.61,158.35,9072,14.21,210,,,2026-08-24
DRAGARWQ,EQ,24-Aug-2026,5395.0,5327.0,5400.0,5296.0,5373.5,654,35.03,222,402.0,61.47,2026-08-24
DRCSYSTEMS,EQ,24-Aug-2026,12.6,12.68,13.17,12.52,12.99,114198,14.73,415,71715.0,62.8,2026-08-24
DREAMFOLKS,EQ,24-Aug-2026,68.92,68.99,71.0,68.0,68.74,45233,31.36,1103,25997.0,57.47,2026-08-24
DREDGECORP,EQ,24-Aug-2026,1116.5,1106.1,1128.8,1095.1,1101.7,66295,736.67,4129,32382.0,48.85,2026-08-24
DRONE,SM,24-Aug-2026,36.7,38.5,38.5,33.3,35.05,159500,54.68,279,118000.0,73.98,2026-08-24
DRREDDY,EQ,24-Aug-2026,1174.7,1179.4,1195.9,1168.6,1190.0,2248634,26661.65,58573,1387680.0,61.71,2026-08-24
DSFCL,BE,24-Aug-2026,27.6,27.57,27.57,27.05,27.1,56684,15.54,103,,,2026-08-24
DSKULKARNI,BE,24-Aug-2026,16.14,16.94,16.94,16.94,16.94,30,0.01,1,,,2026-08-24
DSSL,EQ,24-Aug-2026,1097.1,1098.0,1119.9,1070.0,1080.1,30566,336.67,2513,19184.0,62.76,2026-08-24
DTIL,EQ,24-Aug-2026,138.69,138.0,142.4,136.0,139.92,9986,13.94,263,8394.0,84.06,2026-08-24
DTL,SM,24-Aug-2026,120.0,135.0,135.0,135.0,135.0,1200,1.62,1,1200.0,100.0,2026-08-24
DUCOL,SM,24-Aug-2026,106.7,106.7,108.9,106.7,108.45,3200,3.46,4,3200.0,100.0,2026-08-24
DUCON,EQ,24-Aug-2026,3.35,3.38,3.4,3.02,3.08,2495854,79.51,2118,2021396.0,80.99,2026-08-24
DUGLOBAL,SM,24-Aug-2026,23.8,23.0,23.25,23.0,23.25,5000,1.16,2,5000.0,100.0,2026-08-24
DURLAX,SM,24-Aug-2026,63.85,63.85,65.35,63.0,64.0,20000,12.85,9,20000.0,100.0,2026-08-24
DVL,EQ,24-Aug-2026,269.49,269.49,286.99,268.15,283.61,47485,133.4,1813,28785.0,60.62,2026-08-24
DWARKESH,EQ,24-Aug-2026,53.63,54.45,59.9,51.57,54.94,25067391,14381.53,71057,4517124.0,18.02,2026-08-24
DYCL,EQ,24-Aug-2026,458.8,465.0,475.0,430.0,433.7,959780,4319.68,26331,335156.0,34.92,2026-08-24
DYNAMATECH,EQ,24-Aug-2026,11588.0,11611.0,11879.0,11500.0,11646.0,14148,1654.81,5755,4045.0,28.59,2026-08-24
DYNAMIC,ST,24-Aug-2026,141.2,141.2,141.2,141.2,141.2,500,0.71,1,500.0,100.0,2026-08-24
DYNPRO,EQ,24-Aug-2026,235.0,230.3,240.0,225.35,228.55,78213,179.88,962,63878.0,81.67,2026-08-24
E2E,BE,24-Aug-2026,621.6,630.0,632.0,595.5,612.9,762699,4611.52,16570,,,2026-08-24
E2ERAIL,SM,24-Aug-2026,289.05,294.0,294.0,273.2,284.65,91200,257.55,101,51200.0,56.14,2026-08-24
EASEMYTRIP,EQ,24-Aug-2026,6.25,6.21,6.27,6.08,6.11,22281277,1366.66,9595,8362094.0,37.53,2026-08-24
EASTSILK,BE,24-Aug-2026,64.2,63.7,63.85,61.0,63.85,1729,1.06,16,,,2026-08-24
EASTWEST,EQ,24-Aug-2026,2.39,2.46,2.48,2.4,2.44,30760,0.75,88,27820.0,90.44,2026-08-24
EBANK10,EQ,24-Aug-2026,16.94,16.94,16.94,16.7,16.84,2971944,496.32,96,2968662.0,99.89,2026-08-24
EBANKNIFTY,EQ,24-Aug-2026,58.17,58.24,58.48,57.76,57.82,1955,1.14,34,1864.0,95.35,2026-08-24
EBBETF0430,EQ,24-Aug-2026,1610.9,1606.39,1614.3,1605.15,1608.31,14625,235.03,424,8879.0,60.71,2026-08-24
EBBETF0431,EQ,24-Aug-2026,1440.01,1435.23,1448.0,1432.03,1443.19,7555,108.73,186,4949.0,65.51,2026-08-24
EBBETF0433,EQ,24-Aug-2026,1317.74,1318.9,1318.9,1310.31,1315.26,3126,41.11,124,2686.0,85.92,2026-08-24
EBGNG,EQ,24-Aug-2026,606.2,619.8,624.9,594.75,603.3,452404,2767.5,16002,256267.0,56.65,2026-08-24
EBIX,EQ,24-Aug-2026,19.74,20.72,20.72,20.72,20.72,7720,1.6,28,7720.0,100.0,2026-08-24
ECAPINSURE,EQ,24-Aug-2026,24.32,24.81,24.81,24.2,24.29,42329,10.32,280,30439.0,71.91,2026-08-24
ECLERX,EQ,24-Aug-2026,1815.7,1815.7,1869.3,1812.2,1822.8,126574,2331.81,18843,53381.0,42.17,2026-08-24
ECOLINE,ST,24-Aug-2026,179.1,175.0,180.0,175.0,175.6,12000,21.33,9,12000.0,100.0,2026-08-24
ECORECO,EQ,24-Aug-2026,454.75,459.9,466.95,450.0,459.0,9623,44.22,718,6547.0,68.03,2026-08-24
ECOSMOBLTY,BE,24-Aug-2026,109.82,111.05,114.4,109.82,111.16,86860,97.5,581,,,2026-08-24
EDELWEISS,EQ,24-Aug-2026,128.68,128.0,129.15,123.92,125.41,5019889,6348.6,26602,2289460.0,45.61,2026-08-24
EDUCOMP,BZ,24-Aug-2026,0.89,0.89,0.89,0.85,0.88,37663,0.33,84,,,2026-08-24
EEPL,SM,24-Aug-2026,134.0,140.0,141.9,136.5,140.55,45000,62.77,41,35000.0,77.78,2026-08-24
EFACTOR,SM,24-Aug-2026,203.0,204.0,205.0,195.0,201.9,11600,23.44,18,10000.0,86.21,2026-08-24
EFCIL,EQ,24-Aug-2026,191.61,192.61,206.0,192.0,202.46,1480004,2975.22,16559,872283.0,58.94,2026-08-24
EFFWA,ST,24-Aug-2026,343.1,335.0,335.5,325.95,332.75,22000,72.48,41,21600.0,98.18,2026-08-24
EFORCE,SM,24-Aug-2026,20.85,21.0,21.0,21.0,21.0,2400,0.5,2,2400.0,100.0,2026-08-24
EGOLD,EQ,24-Aug-2026,158.5,159.55,161.6,159.55,160.8,693698,1115.51,1000,661868.0,95.41,2026-08-24
EICHERMOT,EQ,24-Aug-2026,8010.0,8010.0,8075.0,7970.0,8047.0,207499,16671.16,22843,109229.0,52.64,2026-08-24
EIDPARRY,EQ,24-Aug-2026,797.3,801.0,865.4,789.1,823.95,5615486,47259.77,139032,1100228.0,19.59,2026-08-24
EIEL,EQ,24-Aug-2026,194.73,195.24,197.8,193.02,195.31,569963,1114.5,10281,212282.0,37.24,2026-08-24
EIFFL,BE,24-Aug-2026,258.6,257.0,261.95,251.85,259.95,2155,5.59,47,,,2026-08-24
EIHAHOTELS,EQ,24-Aug-2026,294.7,297.8,302.65,294.85,297.85,28181,84.3,1127,18535.0,65.77,2026-08-24
EIHOTEL,EQ,24-Aug-2026,302.75,305.7,307.95,298.2,299.8,107159,324.42,5390,56633.0,52.85,2026-08-24
EIMCOELECO,EQ,24-Aug-2026,2182.9,2174.0,2274.0,2161.3,2245.8,66580,1489.41,6512,37324.0,56.06,2026-08-24
EKC,EQ,24-Aug-2026,111.38,110.1,114.49,110.0,113.62,217339,244.46,3542,101786.0,46.83,2026-08-24
EKI,EQ,24-Aug-2026,78.07,78.99,81.0,75.05,76.41,20490,15.78,541,14152.0,69.07,2026-08-24
ELANTAS,EQ,24-Aug-2026,11550.0,11550.0,12224.5,11343.0,11687.5,3692,434.51,1794,1549.0,41.96,2026-08-24
ELCIDIN,EQ,24-Aug-2026,109005.0,109000.0,109000.0,108320.0,108320.0,4,4.35,4,4.0,100.0,2026-08-24
ELDEHSG,EQ,24-Aug-2026,835.4,839.55,839.55,804.0,825.55,3092,25.38,180,1925.0,62.26,2026-08-24
ELECON,EQ,24-Aug-2026,451.55,451.55,459.3,436.0,438.55,352599,1576.15,11171,162561.0,46.1,2026-08-24
ELECTCAST,EQ,24-Aug-2026,73.87,74.5,74.94,72.12,74.53,1733175,1277.96,10871,982984.0,56.72,2026-08-24
ELECTHERM,EQ,24-Aug-2026,1052.2,1052.0,1074.0,1043.6,1054.4,4056,42.82,531,1897.0,46.77,2026-08-24
ELGIEQUIP,EQ,24-Aug-2026,634.35,634.35,636.4,619.1,621.95,274690,1719.44,17270,125524.0,45.7,2026-08-24
ELGIRUBCO,EQ,24-Aug-2026,60.07,61.14,61.14,58.11,59.37,30447,18.12,361,19203.0,63.07,2026-08-24
ELGNZ,SM,24-Aug-2026,86.8,87.0,91.2,85.05,89.15,70000,62.03,44,51000.0,72.86,2026-08-24
ELIN,EQ,24-Aug-2026,100.62,100.62,102.85,99.01,99.69,128364,129.65,1741,68089.0,53.04,2026-08-24
ELIQUID,EQ,24-Aug-2026,1044.77,1044.77,1044.92,1044.77,1044.91,15652,163.55,11,15012.0,95.91,2026-08-24
ELITECON,EQ,24-Aug-2026,15.7,15.76,16.55,15.0,15.19,2688396,420.36,7246,1600910.0,59.55,2026-08-24
ELLEN,EQ,24-Aug-2026,328.5,329.8,336.4,320.35,321.4,519642,1703.57,10057,252883.0,48.66,2026-08-24
ELM250,EQ,24-Aug-2026,16.8,17.14,17.14,16.75,16.83,339401,57.12,235,325722.0,95.97,2026-08-24
ELMDIV,EQ,24-Aug-2026,36.78,37.0,37.04,36.85,36.9,1128,0.42,10,642.0,56.91,2026-08-24
ELPROINTL,EQ,24-Aug-2026,175.47,175.15,176.39,175.0,175.13,12806,22.44,129,10330.0,80.67,2026-08-24
EMAMILTD,EQ,24-Aug-2026,402.6,400.05,410.6,398.5,405.6,840726,3399.67,18412,348739.0,41.48,2026-08-24
EMAMIPAP,BE,24-Aug-2026,115.81,117.0,117.0,115.25,116.41,35944,41.79,329,,,2026-08-24
EMAMIREAL,EQ,24-Aug-2026,70.53,70.95,72.38,69.0,70.08,8723,6.17,186,7450.0,85.41,2026-08-24
EMAPARTNER,SM,24-Aug-2026,82.0,87.0,87.0,82.0,85.85,9000,7.63,9,8000.0,88.89,2026-08-24
EMBASSY,RR,24-Aug-2026,436.08,437.0,438.68,434.67,435.46,642875,2800.29,32650,586220.0,91.19,2026-08-24
EMBDL,EQ,24-Aug-2026,64.87,65.2,65.34,63.36,63.59,1274728,816.38,7601,647335.0,50.78,2026-08-24
EMCURE,EQ,24-Aug-2026,1863.0,1862.9,1906.3,1848.0,1853.6,162164,3031.45,23193,80450.0,49.61,2026-08-24
EMETAL,EQ,24-Aug-2026,13.1,13.31,13.37,13.22,13.36,14578,1.94,53,14049.0,96.37,2026-08-24
EMIL,EQ,24-Aug-2026,186.71,188.2,189.85,182.0,183.48,1468424,2708.23,15249,690886.0,47.05,2026-08-24
EMKAY,EQ,24-Aug-2026,239.85,239.0,252.39,239.0,246.01,39238,95.57,1199,14645.0,37.32,2026-08-24
EMKAYTOOLS,SM,24-Aug-2026,93.5,98.0,98.0,94.0,95.9,900,0.86,6,450.0,50.0,2026-08-24
EMMBI,BE,24-Aug-2026,82.59,82.5,83.0,80.1,81.76,5347,4.35,110,,,2026-08-24
EMMIL,SM,24-Aug-2026,124.55,125.5,125.5,121.0,121.0,1250,1.55,5,1250.0,100.0,2026-08-24
EMMVEE,EQ,24-Aug-2026,324.0,324.0,327.5,321.5,325.25,1168610,3796.67,25958,514010.0,43.98,2026-08-24
EMPIND,EQ,24-Aug-2026,1192.0,1220.0,1224.0,1195.0,1204.7,5891,71.29,663,3913.0,66.42,2026-08-24
EMPOWER,EQ,24-Aug-2026,2.27,2.34,2.38,2.33,2.37,10577168,251.23,2949,8850706.0,83.68,2026-08-24
EMSLIMITED,EQ,24-Aug-2026,394.35,395.0,395.0,383.55,384.3,190618,739.9,5345,74524.0,39.1,2026-08-24
EMUDHRA,EQ,24-Aug-2026,540.85,533.0,552.45,533.0,546.85,112430,610.1,4297,66162.0,58.85,2026-08-24
EMULTIMQ,EQ,24-Aug-2026,42.05,42.05,42.47,42.03,42.25,76121,32.12,188,60105.0,78.96,2026-08-24
ENCOMPAS,SM,24-Aug-2026,234.2,241.6,242.15,240.6,241.15,2400,5.79,6,2000.0,83.33,2026-08-24
ENDURANCE,EQ,24-Aug-2026,3029.5,3043.9,3059.0,2981.0,2988.2,152686,4600.82,20896,89322.0,58.5,2026-08-24
ENERGY,EQ,24-Aug-2026,38.42,38.96,38.96,38.42,38.47,470069,180.99,1061,413413.0,87.95,2026-08-24
ENERGYDEV,EQ,24-Aug-2026,16.35,16.51,16.59,16.18,16.22,11365,1.86,197,10020.0,88.17,2026-08-24
ENEXT50,EQ,24-Aug-2026,73.98,74.34,74.34,73.3,73.87,4127,3.05,16,3160.0,76.57,2026-08-24
ENFUSE,SM,24-Aug-2026,153.0,160.0,160.0,160.0,160.0,1200,1.92,2,1200.0,100.0,2026-08-24
ENGINERSIN,EQ,24-Aug-2026,244.91,245.0,256.5,243.83,254.83,5607115,14097.5,55480,2698644.0,48.13,2026-08-24
ENIFTY,EQ,24-Aug-2026,24.46,23.84,24.57,23.84,24.34,1605,0.39,81,1525.0,95.02,2026-08-24
ENIL,EQ,24-Aug-2026,102.38,102.13,102.13,100.75,101.01,74861,75.69,829,66643.0,89.02,2026-08-24
ENKEIWHEL,EQ,24-Aug-2026,414.15,385.0,425.0,385.0,403.65,1324,5.43,47,1065.0,80.44,2026-08-24
ENRIN,EQ,24-Aug-2026,3435.6,3435.6,3526.0,3431.2,3485.7,482282,16844.87,36420,219705.0,45.56,2026-08-24
ENSER,SM,24-Aug-2026,15.35,15.5,15.85,15.4,15.4,170000,26.38,21,165000.0,97.06,2026-08-24
ENTERO,EQ,24-Aug-2026,1423.6,1432.0,1575.0,1413.2,1529.8,1185093,18115.46,87813,321642.0,27.14,2026-08-24
ENVIRO,SM,24-Aug-2026,72.85,72.2,72.8,71.0,71.25,46000,33.07,31,42000.0,91.3,2026-08-24
EPACK,EQ,24-Aug-2026,202.8,204.2,206.39,200.6,201.29,400496,813.97,6687,189067.0,47.21,2026-08-24
EPACKPEB,EQ,24-Aug-2026,234.35,236.0,237.0,224.7,229.45,499336,1162.92,7509,204647.0,40.98,2026-08-24
EPIGRAL,EQ,24-Aug-2026,1126.0,1131.6,1228.3,1125.6,1202.7,360212,4303.67,24781,150733.0,41.85,2026-08-24
EPL,EQ,24-Aug-2026,265.61,264.0,273.75,261.7,263.48,2359394,6325.98,43309,916272.0,38.84,2026-08-24
EPWINDIA,ST,24-Aug-2026,261.25,274.2,274.2,253.0,253.0,22800,59.0,16,21600.0,94.74,2026-08-24
EQUAL200,EQ,24-Aug-2026,13.97,14.0,14.04,13.98,13.99,153828,21.53,61,145283.0,94.45,2026-08-24
EQUAL50,EQ,24-Aug-2026,334.94,335.65,335.75,333.75,334.52,5788,19.36,36,3753.0,64.84,2026-08-24
EQUAL50ADD,EQ,24-Aug-2026,346.66,348.22,348.25,344.46,344.84,6529,22.56,377,3345.0,51.23,2026-08-24
EQUIPPP,BE,24-Aug-2026,24.06,24.18,24.18,23.5,23.97,510,0.12,11,,,2026-08-24
EQUITASBNK,EQ,24-Aug-2026,76.6,76.6,77.06,74.6,75.0,1048750,793.54,11735,593497.0,56.59,2026-08-24
ERIS,EQ,24-Aug-2026,1328.2,1335.0,1337.4,1312.4,1325.6,45974,608.46,12944,26955.0,58.63,2026-08-24
ESABINDIA,EQ,24-Aug-2026,6210.0,6300.0,6370.0,6167.5,6224.5,4318,269.23,1168,2317.0,53.66,2026-08-24
ESAFSFB,BE,24-Aug-2026,43.94,44.69,44.7,42.56,43.52,589214,257.57,2830,,,2026-08-24
ESCONET,SM,24-Aug-2026,184.8,182.05,201.9,182.05,188.15,53600,103.7,100,39200.0,73.13,2026-08-24
ESCORTS,EQ,24-Aug-2026,3086.6,3075.0,3108.4,3075.0,3097.3,30269,936.24,5809,16189.0,53.48,2026-08-24
ESENSEX,EQ,24-Aug-2026,78.35,76.6,78.71,76.6,77.9,4213,3.28,25,4064.0,96.46,2026-08-24
ESFL,SM,24-Aug-2026,121.95,121.95,128.05,121.15,123.0,9000,11.09,24,6840.0,76.0,2026-08-24
ESG,EQ,24-Aug-2026,41.71,42.27,42.54,41.58,41.59,38605,16.07,85,36034.0,93.34,2026-08-24
ESILVER,EQ,24-Aug-2026,243.7,244.91,244.91,241.5,242.11,83101,201.59,1567,38192.0,45.96,2026-08-24
ESPRIT,SM,24-Aug-2026,67.0,67.0,69.0,67.0,67.5,12800,8.73,5,8000.0,62.5,2026-08-24
ESSARSHPNG,EQ,24-Aug-2026,16.97,17.5,17.99,16.9,16.98,531717,91.88,1439,380663.0,71.59,2026-08-24
ESSENTIA,EQ,24-Aug-2026,1.14,1.14,1.19,1.13,1.18,3920395,45.48,1088,2433912.0,62.08,2026-08-24
ESTER,EQ,24-Aug-2026,95.14,95.01,97.08,93.4,94.13,151634,143.36,1815,109782.0,72.4,2026-08-24
ETERNAL,EQ,24-Aug-2026,328.0,323.0,329.5,323.0,327.15,21892944,71777.37,167194,14505895.0,66.26,2026-08-24
ETHOSLTD,EQ,24-Aug-2026,2840.5,2854.0,2916.6,2821.8,2892.0,39440,1139.12,7276,17202.0,43.62,2026-08-24
ETL,SM,24-Aug-2026,1055.0,1055.0,1055.0,1021.0,1021.0,300,3.11,2,300.0,100.0,2026-08-24
ETML,SM,24-Aug-2026,83.2,81.25,83.05,81.25,82.15,15600,12.82,5,15600.0,100.0,2026-08-24
EUREKAFORB,EQ,24-Aug-2026,415.0,416.95,430.8,415.9,418.35,184699,782.33,7250,99297.0,53.76,2026-08-24
EUROBOND,EQ,24-Aug-2026,157.38,159.95,159.95,155.0,158.12,6272,9.81,194,4697.0,74.89,2026-08-24
EUROPRATIK,EQ,24-Aug-2026,263.15,262.0,269.85,262.0,267.4,152672,406.24,1840,28156.0,18.44,2026-08-24
EUROTEXIND,BE,24-Aug-2026,14.0,14.0,14.0,14.0,14.0,1300,0.18,2,,,2026-08-24
EVEREADY,EQ,24-Aug-2026,348.95,345.6,353.05,344.0,350.5,83729,291.73,2586,37992.0,45.37,2026-08-24
EVERESTIND,BE,24-Aug-2026,434.5,434.5,444.95,416.55,420.4,6763,28.74,154,,,2026-08-24
EVIETF,EQ,24-Aug-2026,33.69,33.85,33.85,33.31,33.51,194321,65.29,1020,105257.0,54.17,2026-08-24
EVINDIA,EQ,24-Aug-2026,33.67,34.17,34.17,33.42,33.49,209559,70.41,2361,147318.0,70.3,2026-08-24
EXCELINDUS,EQ,24-Aug-2026,1089.0,1089.0,1107.9,1060.0,1072.65,15048,162.53,1360,8131.0,54.03,2026-08-24
EXCELLENT,ST,24-Aug-2026,197.35,188.0,202.0,188.0,202.0,3200,6.24,2,1600.0,50.0,2026-08-24
EXCELSOFT,EQ,24-Aug-2026,70.9,71.38,71.5,70.0,70.13,323852,228.56,3262,179228.0,55.34,2026-08-24
EXICOM,EQ,24-Aug-2026,159.87,158.75,163.8,158.69,159.87,898665,1451.44,10152,365798.0,40.7,2026-08-24
EXIDEIND,EQ,24-Aug-2026,459.6,456.5,461.45,452.0,453.3,1847980,8430.21,39153,918525.0,49.7,2026-08-24
EXIMROUTES,SM,24-Aug-2026,114.85,107.1,109.0,106.05,106.05,6400,6.9,8,4000.0,62.5,2026-08-24
EXPLEOSOL,EQ,24-Aug-2026,898.75,900.75,916.9,880.0,882.05,28431,253.68,2369,13835.0,48.66,2026-08-24
EXXARO,EQ,24-Aug-2026,6.09,6.2,6.2,6.06,6.14,105816,6.49,281,82761.0,78.21,2026-08-24
FABTECH,EQ,24-Aug-2026,146.82,147.99,149.9,144.35,147.05,65816,96.99,860,41527.0,63.1,2026-08-24
FACT,EQ,24-Aug-2026,783.3,781.0,796.9,781.0,784.25,56070,442.45,4919,16626.0,29.65,2026-08-24
FAIRCHEMOR,BE,24-Aug-2026,659.95,669.95,670.0,655.0,670.0,10059,66.46,105,,,2026-08-24
FALCONTECH,SM,24-Aug-2026,12.8,12.2,12.8,12.2,12.8,3600,0.45,3,2400.0,66.67,2026-08-24
FASCINATE,ST,24-Aug-2026,151.0,120.8,120.8,114.8,114.8,207200,247.99,147,207200.0,100.0,2026-08-24
FAZE3Q,EQ,24-Aug-2026,498.9,483.0,507.0,483.0,492.85,48192,238.23,2651,32277.0,66.98,2026-08-24
FCL,EQ,24-Aug-2026,47.43,49.0,51.38,48.61,49.62,36404155,18137.66,87116,11887936.0,32.66,2026-08-24
FCONSUMER,BZ,24-Aug-2026,0.24,0.23,0.24,0.23,0.23,2257183,5.19,713,,,2026-08-24
FCSSOFT,EQ,24-Aug-2026,1.49,1.52,1.55,1.45,1.47,6293541,94.79,2243,3879446.0,61.64,2026-08-24
FDC,EQ,24-Aug-2026,348.6,350.0,353.05,342.6,344.3,165195,571.38,7929,97227.0,58.86,2026-08-24
FEDDERSHOL,EQ,24-Aug-2026,40.26,40.26,40.65,39.12,39.82,101539,40.63,1128,34656.0,34.13,2026-08-24
FEDERALBNK,EQ,24-Aug-2026,361.0,360.45,361.25,355.3,357.75,4729477,16907.11,58954,3168089.0,66.99,2026-08-24
FEDFINA,EQ,24-Aug-2026,156.84,158.0,162.5,157.2,159.05,1226793,1960.98,13799,595509.0,48.54,2026-08-24
FEL,BZ,24-Aug-2026,0.39,0.39,0.4,0.38,0.4,230314,0.91,135,,,2026-08-24
FELDVR,BZ,24-Aug-2026,2.39,2.28,2.38,2.28,2.34,2692,0.06,22,,,2026-08-24
FELIX,SM,24-Aug-2026,178.8,182.6,182.6,178.0,180.95,21000,37.77,39,13500.0,64.29,2026-08-24
FERMENTA,EQ,24-Aug-2026,478.35,482.0,493.8,471.3,475.1,114514,550.73,4851,63434.0,55.39,2026-08-24
FIBERWEB,EQ,24-Aug-2026,25.89,25.95,26.8,25.36,26.7,49127,12.96,408,22592.0,45.99,2026-08-24
FIDEL,SM,24-Aug-2026,140.0,133.0,140.0,130.0,137.95,12000,16.19,12,9000.0,75.0,2026-08-24
FIEMIND,EQ,24-Aug-2026,2198.8,2198.8,2217.5,2160.0,2164.1,55553,1215.62,8464,32033.0,57.66,2026-08-24
FILATEX,EQ,24-Aug-2026,83.06,82.95,84.45,82.24,84.05,1364191,1140.3,7118,661019.0,48.46,2026-08-24
FILATFASH,EQ,24-Aug-2026,0.18,0.18,0.19,0.18,0.18,18953459,34.82,1854,11259742.0,59.41,2026-08-24
FINBUD,SM,24-Aug-2026,138.1,136.0,137.0,130.6,134.6,38000,51.06,38,26000.0,68.42,2026-08-24
FINCABLES,EQ,24-Aug-2026,1260.5,1271.3,1307.5,1263.95,1291.6,767250,9879.82,42145,235546.0,30.7,2026-08-24
FINEORG,EQ,24-Aug-2026,5159.9,5146.0,5357.0,5080.8,5277.4,71993,3811.26,20433,31703.0,44.04,2026-08-24
FINIETF,EQ,24-Aug-2026,33.52,33.33,33.61,33.25,33.37,242610,81.12,1448,172901.0,71.27,2026-08-24
FINKURVE,EQ,24-Aug-2026,76.32,76.32,83.1,76.32,79.63,718069,580.5,2868,489086.0,68.11,2026-08-24
FINOPB,EQ,24-Aug-2026,145.93,145.93,151.82,145.93,147.91,294002,436.74,4290,66990.0,22.79,2026-08-24
FINPIPE,EQ,24-Aug-2026,160.44,161.4,166.5,160.51,165.51,1408923,2316.52,29646,558131.0,39.61,2026-08-24
FIRSTCRY,EQ,24-Aug-2026,196.33,197.99,198.5,193.1,193.77,1011865,1982.42,13893,496239.0,49.04,2026-08-24
FISCHER,EQ,24-Aug-2026,38.14,38.14,38.39,35.7,36.47,1227530,448.62,6325,528680.0,43.07,2026-08-24
FIVESTAR,EQ,24-Aug-2026,520.95,521.0,521.25,495.35,500.0,510025,2578.15,25498,284558.0,55.79,2026-08-24
FLAIR,EQ,24-Aug-2026,248.8,249.0,251.95,248.65,251.05,37107,92.91,871,19233.0,51.83,2026-08-24
FLEXIADD,EQ,24-Aug-2026,10.19,10.21,10.53,10.1,10.2,48872,5.0,317,40020.0,81.89,2026-08-24
FLEXITUFF,BE,24-Aug-2026,2.76,2.75,2.75,2.66,2.67,45457,1.24,115,,,2026-08-24
FLFL,BZ,24-Aug-2026,1.15,1.15,1.16,1.13,1.14,27602,0.32,71,,,2026-08-24
FLUOROCHEM,EQ,24-Aug-2026,4621.9,4610.5,4689.9,4555.3,4622.6,119810,5547.09,19992,60258.0,50.29,2026-08-24
FLYSBS,SM,24-Aug-2026,554.6,556.0,608.0,556.0,592.25,232600,1376.62,623,154000.0,66.21,2026-08-24
FMCGADD,EQ,24-Aug-2026,47.91,48.14,48.46,47.45,47.65,14845,7.07,228,10727.0,72.26,2026-08-24
FMCGIETF,EQ,24-Aug-2026,51.2,51.3,51.44,50.78,51.0,1317821,671.61,5820,934560.0,70.92,2026-08-24
FMGOETZE,EQ,24-Aug-2026,472.1,472.5,489.9,470.05,483.35,38095,183.57,1690,21277.0,55.85,2026-08-24
FMNL,EQ,24-Aug-2026,8.77,8.37,9.2,8.36,9.2,58764,5.35,79,57791.0,98.34,2026-08-24
FOCE,SM,24-Aug-2026,537.0,512.0,512.0,512.0,512.0,240,1.23,1,240.0,100.0,2026-08-24
FOCUS,BE,24-Aug-2026,70.0,70.0,72.0,68.0,68.64,23283,16.03,223,,,2026-08-24
FONEBOX,SM,24-Aug-2026,94.7,90.0,90.5,90.0,90.5,22000,19.81,9,22000.0,100.0,2026-08-24
FOODSIN,EQ,24-Aug-2026,54.43,55.97,55.97,54.2,54.2,23487,12.83,165,15548.0,66.2,2026-08-24
FORCAS,ST,24-Aug-2026,198.0,198.0,204.9,198.0,201.0,14400,29.08,9,14400.0,100.0,2026-08-24
FORCEMOT,EQ,24-Aug-2026,17770.0,17780.0,17937.0,17600.0,17600.0,48486,8578.33,14143,18935.0,39.05,2026-08-24
FORGEAUTO,SM,24-Aug-2026,101.0,98.0,98.0,98.0,98.0,1200,1.18,1,1200.0,100.0,2026-08-24
FORTIS,EQ,24-Aug-2026,907.1,907.0,918.0,904.5,918.0,401483,3658.14,13815,222245.0,55.36,2026-08-24
FOSECOIND,EQ,24-Aug-2026,5346.0,5315.0,5422.0,5257.0,5358.0,3810,203.02,975,1801.0,47.27,2026-08-24
FRACTAL,EQ,24-Aug-2026,846.7,846.5,859.0,825.15,828.5,231581,1956.86,21610,124094.0,53.59,2026-08-24
FREDUN,EQ,24-Aug-2026,1434.6,1469.9,1469.9,1403.0,1431.1,17421,251.19,1692,10896.0,62.55,2026-08-24
FRESHARA,ST,24-Aug-2026,406.95,408.0,419.0,395.0,402.8,36600,147.89,47,34800.0,95.08,2026-08-24
FROG,ST,24-Aug-2026,215.75,211.6,220.05,211.6,220.05,13600,29.89,23,13600.0,100.0,2026-08-24
FRONTSP,EQ,24-Aug-2026,1278.4,1278.4,1289.6,1241.1,1259.1,31758,399.68,3966,16339.0,51.45,2026-08-24
FSL,EQ,24-Aug-2026,276.05,276.1,278.7,271.2,272.5,503988,1386.83,11713,190002.0,37.7,2026-08-24
FUSION,EQ,24-Aug-2026,200.12,200.0,208.2,200.0,202.38,837244,1712.36,16404,450488.0,53.81,2026-08-24
GABRIEL,EQ,24-Aug-2026,1420.6,1402.0,1418.4,1351.1,1358.9,370592,5131.81,30644,189187.0,51.05,2026-08-24
GAEL,EQ,24-Aug-2026,177.46,177.8,184.54,173.96,180.6,2174153,3918.77,27318,934736.0,42.99,2026-08-24
GAIL,EQ,24-Aug-2026,172.0,172.0,173.79,172.0,173.75,4514359,7798.55,36028,2814798.0,62.35,2026-08-24
GALAPREC,EQ,24-Aug-2026,1089.3,1098.0,1105.6,1052.1,1093.9,43724,468.58,4174,20197.0,46.19,2026-08-24
GALAXYSURF,EQ,24-Aug-2026,2333.0,2343.0,2383.9,2308.2,2316.4,30717,718.57,5338,14764.0,48.06,2026-08-24
GALLANTT,EQ,24-Aug-2026,584.4,589.6,597.65,576.3,580.25,36877,215.86,3537,17913.0,48.57,2026-08-24
GANDHAR,EQ,24-Aug-2026,250.43,255.09,261.0,254.06,256.62,1589659,4092.27,20566,697155.0,43.86,2026-08-24
GANDHITUBE,EQ,24-Aug-2026,892.35,899.0,900.0,885.1,895.1,5731,51.24,385,4130.0,72.06,2026-08-24
GANECOS,EQ,24-Aug-2026,1082.1,1082.0,1094.9,1063.0,1068.2,47354,509.72,4928,20770.0,43.86,2026-08-24
GANESHBE,BE,24-Aug-2026,123.96,123.96,123.96,120.0,121.98,118619,144.2,627,,,2026-08-24
GANESHCP,EQ,24-Aug-2026,161.24,161.24,163.88,160.75,161.73,68311,110.94,1092,34690.0,50.78,2026-08-24
GANESHHOU,EQ,24-Aug-2026,809.65,813.35,820.0,804.2,808.15,11979,97.13,1112,5723.0,47.78,2026-08-24
GANESHIN,ST,24-Aug-2026,116.6,116.6,116.6,112.0,114.55,22400,25.54,26,19200.0,85.71,2026-08-24
GANGABATH,SM,24-Aug-2026,22.55,22.4,22.9,21.95,22.45,30000,6.72,10,15000.0,50.0,2026-08-24
GANGAFORGE,EQ,24-Aug-2026,2.05,1.95,1.95,1.95,1.95,928741,18.11,1078,928741.0,100.0,2026-08-24
GANGESSECU,EQ,24-Aug-2026,121.93,122.8,123.9,122.0,122.99,9046,11.13,85,8051.0,89.0,2026-08-24
GARFIBRES,EQ,24-Aug-2026,802.6,808.0,827.0,793.65,809.4,138253,1123.26,16348,71627.0,51.81,2026-08-24
GARUDA,EQ,24-Aug-2026,183.95,185.0,192.5,181.8,182.87,1089266,2032.3,12833,409865.0,37.63,2026-08-24
GATECH,BE,24-Aug-2026,0.9,0.94,0.94,0.93,0.93,80921553,760.46,12555,,,2026-08-24
GATECHDVR,BE,24-Aug-2026,0.51,0.53,0.53,0.5,0.5,742274,3.8,353,,,2026-08-24
GATEWAY,EQ,24-Aug-2026,53.6,53.55,54.34,53.55,53.84,1159731,625.35,4788,903584.0,77.91,2026-08-24
GAUDIUMIVF,BE,24-Aug-2026,111.41,109.19,113.63,109.19,113.63,217058,240.43,687,,,2026-08-24
GAYAHWS,EQ,24-Aug-2026,1.95,1.99,2.05,1.9,1.92,227639,4.42,334,163078.0,71.64,2026-08-24
GAYAPROJ,BE,24-Aug-2026,21.76,22.43,22.55,20.82,22.34,857308,189.0,2043,,,2026-08-24
GCHOTELS,ST,24-Aug-2026,97.5,97.3,100.0,97.0,98.55,28200,27.83,41,21600.0,76.6,2026-08-24
GCSL,EQ,24-Aug-2026,488.9,493.0,513.65,493.0,512.15,723045,3662.37,6598,272546.0,37.69,2026-08-24
GEECEE,BE,24-Aug-2026,366.65,363.65,370.0,363.6,368.7,3707,13.62,48,,,2026-08-24
GEEKAYWIRE,EQ,24-Aug-2026,22.43,22.43,23.27,22.27,22.48,43669,9.82,343,33781.0,77.36,2026-08-24
GEMAROMA,EQ,24-Aug-2026,175.79,175.8,177.0,169.0,173.67,164340,281.82,2778,96624.0,58.8,2026-08-24
GENCON,EQ,24-Aug-2026,42.18,42.18,43.3,41.5,41.57,43694,18.37,536,29214.0,66.86,2026-08-24
GENESYS,EQ,24-Aug-2026,179.35,181.9,187.95,177.55,178.55,286013,520.59,6523,104544.0,36.55,2026-08-24
GENSOL,BZ,24-Aug-2026,17.56,17.6,18.43,17.01,18.23,91166,16.43,737,,,2026-08-24
GENUSPAPER,EQ,24-Aug-2026,11.23,11.48,11.48,11.1,11.12,53933,6.05,720,38594.0,71.56,2026-08-24
GENUSPOWER,EQ,24-Aug-2026,337.95,339.0,346.1,337.35,339.6,2734164,9333.12,36673,1168517.0,42.74,2026-08-24
GENXAI,SM,24-Aug-2026,78.5,78.0,78.2,75.0,76.15,30000,22.94,23,25200.0,84.0,2026-08-24
GEOJITFSL,EQ,24-Aug-2026,80.72,79.88,85.3,79.12,82.98,1723140,1433.97,12148,583781.0,33.88,2026-08-24
GESHIP,EQ,24-Aug-2026,1311.3,1320.0,1346.0,1318.0,1333.0,661964,8805.25,34591,315731.0,47.7,2026-08-24
GFLLIMITED,EQ,24-Aug-2026,55.35,57.59,57.8,54.61,55.41,100392,56.36,1992,52546.0,52.34,2026-08-24
GFSTEELS,BE,24-Aug-2026,15.0,15.0,15.0,15.0,15.0,1860,0.28,10,,,2026-08-24
GGBL,SM,24-Aug-2026,238.35,239.0,244.9,239.0,240.95,18300,44.21,56,12600.0,68.85,2026-08-24
GHCL,EQ,24-Aug-2026,442.4,450.0,458.0,442.15,443.85,263311,1186.57,8103,122220.0,46.42,2026-08-24
GHCLTEXTIL,EQ,24-Aug-2026,122.49,122.5,128.88,118.56,124.21,1196199,1499.46,13826,475762.0,39.77,2026-08-24
GICHSGFIN,EQ,24-Aug-2026,137.68,138.0,138.49,136.31,137.16,49452,68.08,909,34239.0,69.24,2026-08-24
GICL,EQ,24-Aug-2026,23.81,24.2,24.2,23.32,23.89,317749,75.57,600,193467.0,60.89,2026-08-24
GICRE,EQ,24-Aug-2026,355.75,356.5,357.7,355.0,356.95,399535,1424.86,27660,234018.0,58.57,2026-08-24
GILLANDERS,EQ,24-Aug-2026,96.13,96.0,103.0,95.25,102.26,26403,26.44,339,23410.0,88.66,2026-08-24
GILLETTE,EQ,24-Aug-2026,7498.5,7460.5,7480.0,7383.0,7406.5,23028,1711.19,5394,15219.0,66.09,2026-08-24
GILT10BETA,EQ,24-Aug-2026,26.79,26.71,26.73,26.34,26.5,1315,0.35,35,814.0,61.9,2026-08-24
GILT5BETA,EQ,24-Aug-2026,66.39,66.58,67.01,65.71,66.5,6211,4.09,12,6206.0,99.92,2026-08-24
GILT5YBEES,EQ,24-Aug-2026,66.16,65.22,66.51,64.84,66.16,183280,121.31,390,109213.0,59.59,2026-08-24
GINNIFILA,BE,24-Aug-2026,45.45,45.45,45.99,44.5,44.79,10367,4.68,83,,,2026-08-24
GIPCL,EQ,24-Aug-2026,172.64,173.49,182.0,172.5,178.39,1722588,3067.76,15812,852905.0,49.51,2026-08-24
GIRIRAJ,SM,24-Aug-2026,83.5,87.65,87.65,83.5,87.65,22500,19.7,55,21750.0,96.67,2026-08-24
GJL,ST,24-Aug-2026,242.0,229.9,244.9,229.9,244.9,2400,5.68,3,2400.0,100.0,2026-08-24
GKB,EQ,24-Aug-2026,65.0,65.0,65.0,60.3,63.0,1183,0.76,18,1182.0,99.92,2026-08-24
GKENERGY,EQ,24-Aug-2026,123.3,123.95,127.3,123.68,124.37,361214,453.02,4681,169062.0,46.8,2026-08-24
GKSL,EQ,24-Aug-2026,152.97,154.75,156.18,152.0,152.54,296648,455.91,2885,173485.0,58.48,2026-08-24
GKWLIMITED,EQ,24-Aug-2026,1606.5,1620.0,1629.0,1572.0,1601.0,459,7.36,61,319.0,69.5,2026-08-24
GLAND,EQ,24-Aug-2026,2819.3,2825.0,2880.0,2791.0,2801.6,517520,14595.72,45111,309249.0,59.76,2026-08-24
GLAXO,EQ,24-Aug-2026,2902.2,2875.1,2955.9,2865.4,2931.7,80140,2342.54,10741,38341.0,47.84,2026-08-24
GLENMARK,EQ,24-Aug-2026,2317.9,2315.1,2395.0,2295.3,2390.7,710023,16742.87,47712,308428.0,43.44,2026-08-24
GLFL,EQ,24-Aug-2026,5.94,5.94,6.0,5.66,5.77,2642,0.16,30,2300.0,87.06,2026-08-24
GLOBAL,EQ,24-Aug-2026,106.98,108.04,110.0,106.0,107.5,128011,138.58,922,100478.0,78.49,2026-08-24
GLOBALE,EQ,24-Aug-2026,11.81,11.7,12.19,11.45,11.76,3979,0.46,38,2577.0,64.77,2026-08-24
GLOBALPET,ST,24-Aug-2026,151.0,151.0,151.0,151.0,151.0,4500,6.8,6,4500.0,100.0,2026-08-24
GLOBALVECT,EQ,24-Aug-2026,152.51,152.51,154.95,148.6,149.1,9743,14.61,238,6665.0,68.41,2026-08-24
GLOBE,EQ,24-Aug-2026,1.97,1.99,2.01,1.98,2.0,168876,3.37,191,165276.0,97.87,2026-08-24
GLOBECIVIL,EQ,24-Aug-2026,42.0,41.7,43.0,41.5,42.12,87455,37.08,336,69554.0,79.53,2026-08-24
GLOBUSSPR,EQ,24-Aug-2026,906.4,911.8,914.8,905.0,910.95,49863,454.11,2861,26555.0,53.26,2026-08-24
GLOSTERLTD,EQ,24-Aug-2026,601.0,603.0,603.2,595.3,597.0,625,3.75,54,526.0,84.16,2026-08-24
GLOTTIS,EQ,24-Aug-2026,66.66,67.0,68.49,66.01,67.66,72399,49.15,1064,56553.0,78.11,2026-08-24
GMBREW,EQ,24-Aug-2026,887.25,873.0,899.8,873.0,877.85,25016,220.47,1700,14439.0,57.72,2026-08-24
GMDCLTD,EQ,24-Aug-2026,570.0,573.9,580.9,568.4,570.85,670794,3853.05,19129,249750.0,37.23,2026-08-24
GML,SM,24-Aug-2026,18.5,17.8,17.8,17.65,17.7,16000,2.83,8,14000.0,87.5,2026-08-24
GMMPFAUDLR,EQ,24-Aug-2026,1022.35,1024.8,1024.8,983.95,989.3,80444,806.77,5841,48109.0,59.8,2026-08-24
GMRAIRPORT,EQ,24-Aug-2026,99.63,100.11,100.63,98.0,98.82,12707720,12612.62,43555,7039149.0,55.39,2026-08-24
GMRP&UI,EQ,24-Aug-2026,96.58,96.98,98.14,95.8,96.1,573605,555.35,5715,268711.0,46.85,2026-08-24
GNA,EQ,24-Aug-2026,562.85,565.45,574.95,552.4,555.4,349165,1967.65,8145,170569.0,48.85,2026-08-24
GNFC,EQ,24-Aug-2026,582.8,582.0,595.6,581.0,593.0,320064,1894.74,11346,131067.0,40.95,2026-08-24
GNRL,EQ,24-Aug-2026,101.9,101.9,102.4,99.0,99.96,73975,74.42,1726,46547.0,62.92,2026-08-24
GOACARBON,EQ,24-Aug-2026,350.7,353.25,359.45,350.15,351.7,5377,19.03,338,2511.0,46.7,2026-08-24
GOCLCORP,EQ,24-Aug-2026,400.6,400.6,404.2,397.05,398.4,27011,108.04,1187,14784.0,54.73,2026-08-24
GOCOLORS,EQ,24-Aug-2026,344.8,347.55,363.0,341.15,353.3,602400,2137.32,13079,239570.0,39.77,2026-08-24
GODAVARIB,EQ,24-Aug-2026,244.25,242.2,248.5,240.0,240.85,175767,428.81,2567,99220.0,56.45,2026-08-24
GODFRYPHLP,EQ,24-Aug-2026,2117.0,2111.0,2125.6,2095.9,2100.5,150168,3165.01,12674,50369.0,33.54,2026-08-24
GODIGIT,EQ,24-Aug-2026,262.9,262.85,265.55,259.15,260.4,350956,922.87,7420,240154.0,68.43,2026-08-24
GODREJAGRO,EQ,24-Aug-2026,574.55,574.55,579.3,566.6,572.75,259836,1487.49,7491,187989.0,72.35,2026-08-24
GODREJCP,EQ,24-Aug-2026,933.0,932.5,934.3,918.4,928.9,2002746,18513.24,30092,1235910.0,61.71,2026-08-24
GODREJIND,EQ,24-Aug-2026,1230.0,1230.0,1250.0,1171.1,1184.5,195302,2365.03,16064,78838.0,40.37,2026-08-24
GODREJPROP,EQ,24-Aug-2026,2035.0,2035.0,2047.9,2028.3,2039.9,261818,5335.96,21049,122007.0,46.6,2026-08-24
GOKEX,EQ,24-Aug-2026,797.6,800.05,804.1,793.25,796.95,108348,865.62,5939,57270.0,52.86,2026-08-24
GOKUL,EQ,24-Aug-2026,42.55,42.55,46.8,42.55,44.36,557589,252.31,4630,264975.0,47.52,2026-08-24
GOKULAGRO,EQ,24-Aug-2026,242.8,245.7,245.7,240.6,244.05,342721,835.0,6708,147444.0,43.02,2026-08-24
GOLD1,EQ,24-Aug-2026,132.87,136.19,136.19,133.02,134.48,3491135,4693.79,12604,2355083.0,67.46,2026-08-24
GOLD360,EQ,24-Aug-2026,154.8,155.1,157.9,155.1,157.05,30507,47.86,564,18932.0,62.06,2026-08-24
GOLDADD,EQ,24-Aug-2026,154.61,155.83,156.99,155.83,156.37,1494171,2338.15,5379,1011311.0,67.68,2026-08-24
GOLDAXIS,EQ,24-Aug-2026,132.27,133.21,134.77,133.15,134.31,4105051,5511.15,6763,2695965.0,65.67,2026-08-24
GOLDBEES,EQ,24-Aug-2026,131.32,132.86,133.61,132.53,133.02,47032311,62607.11,129698,27822437.0,59.16,2026-08-24
GOLDBETA,EQ,24-Aug-2026,133.75,130.4,136.0,130.4,135.5,938078,1270.52,3757,574033.0,61.19,2026-08-24
GOLDBND,EQ,24-Aug-2026,158.57,158.9,161.98,158.9,160.69,81577,131.02,473,73777.0,90.44,2026-08-24
GOLDCASE,EQ,24-Aug-2026,25.01,25.76,25.76,25.22,25.33,13214411,3349.06,13879,7439535.0,56.3,2026-08-24
GOLDENTOBC,BZ,24-Aug-2026,25.48,25.48,25.48,24.21,24.97,1487,0.37,29,,,2026-08-24
GOLDETF,EQ,24-Aug-2026,154.35,156.01,156.97,155.64,156.11,2853427,4458.68,11211,1725348.0,60.47,2026-08-24
GOLDIAM,EQ,24-Aug-2026,360.35,363.0,365.05,358.3,360.55,362036,1309.18,7208,156590.0,43.25,2026-08-24
GOLDIETF,EQ,24-Aug-2026,135.99,137.46,138.7,137.4,137.71,25976155,35782.32,59484,13902116.0,53.52,2026-08-24
GOLDSTAR,SM,24-Aug-2026,7.8,7.85,7.85,7.45,7.45,56250,4.24,5,45000.0,80.0,2026-08-24
GOLDTECH,BE,24-Aug-2026,49.65,51.84,52.13,49.65,50.18,31958,16.4,195,,,2026-08-24
GOODLUCK,EQ,24-Aug-2026,490.9,486.8,486.8,475.6,477.7,287721,1377.5,8135,132536.0,46.06,2026-08-24
GOODYEAR,EQ,24-Aug-2026,760.05,759.0,770.0,750.0,756.15,7573,57.54,892,4720.0,62.33,2026-08-24
GOPAL,EQ,24-Aug-2026,282.3,283.05,287.9,281.0,284.35,149405,423.08,3749,43846.0,29.35,2026-08-24
GOYALALUM,EQ,24-Aug-2026,6.41,6.41,6.45,6.3,6.43,55467,3.55,320,46514.0,83.86,2026-08-24
GOYALSALT,SM,24-Aug-2026,108.75,109.0,109.0,106.0,106.0,20400,21.68,4,20400.0,100.0,2026-08-24
GPECO,ST,24-Aug-2026,379.0,394.8,394.8,379.0,392.95,13400,52.03,54,12200.0,91.04,2026-08-24
GPIL,EQ,24-Aug-2026,245.09,247.05,250.0,244.1,245.27,1149287,2838.2,22960,694170.0,60.4,2026-08-24
GPPL,EQ,24-Aug-2026,163.54,163.54,166.99,163.0,163.43,2007508,3308.66,18491,1204196.0,59.98,2026-08-24
GPTHEALTH,EQ,24-Aug-2026,150.64,148.9,152.08,148.61,150.0,68012,101.92,3104,40299.0,59.25,2026-08-24
GPTINFRA,EQ,24-Aug-2026,112.41,112.41,114.44,112.41,113.34,53540,60.78,743,38352.0,71.63,2026-08-24
GRADIENTE,EQ,24-Aug-2026,2.93,2.99,3.04,2.96,2.98,5378024,161.15,447,4084685.0,75.95,2026-08-24
GRANDOAK,EQ,24-Aug-2026,37.97,38.9,39.85,36.61,37.88,4729,1.79,84,2538.0,53.67,2026-08-24
GRANULES,EQ,24-Aug-2026,858.15,856.5,868.2,846.0,855.3,305614,2627.89,17477,146948.0,48.08,2026-08-24
GRAPHISAD,SM,24-Aug-2026,26.15,26.0,26.85,25.9,26.25,13200,3.48,11,9600.0,72.73,2026-08-24
GRAPHITE,EQ,24-Aug-2026,710.75,708.9,726.0,708.9,718.75,520979,3751.78,19957,219409.0,42.11,2026-08-24
GRASIM,EQ,24-Aug-2026,3308.0,3316.0,3316.0,3263.0,3288.0,1615909,53105.4,71455,951283.0,58.87,2026-08-24
GRAUWEIL,EQ,24-Aug-2026,70.07,70.99,73.0,70.49,71.28,386759,277.29,6867,167083.0,43.2,2026-08-24
GRAVISSHO,EQ,24-Aug-2026,28.8,29.08,29.08,28.9,28.99,591,0.17,9,591.0,100.0,2026-08-24
GRAVITA,EQ,24-Aug-2026,1821.7,1830.0,1839.0,1792.9,1807.8,150375,2722.24,17694,80461.0,53.51,2026-08-24
GRCL,SM,24-Aug-2026,531.2,557.75,557.75,557.75,557.75,2500,13.94,8,2500.0,100.0,2026-08-24
GREAVESCOT,EQ,24-Aug-2026,192.48,194.1,197.9,192.0,192.6,799860,1560.53,11121,320599.0,40.08,2026-08-24
GREENCHEF,SM,24-Aug-2026,51.0,51.0,54.85,50.9,53.9,36000,19.0,32,28000.0,77.78,2026-08-24
GREENLAM,EQ,24-Aug-2026,253.0,252.2,254.05,249.3,251.3,43539,109.54,1688,28205.0,64.78,2026-08-24
GREENLEAF,ST,24-Aug-2026,123.0,125.9,125.9,125.9,125.9,1000,1.26,1,1000.0,100.0,2026-08-24
GREENPANEL,EQ,24-Aug-2026,160.97,160.97,162.59,157.33,158.12,290815,462.61,7742,177072.0,60.89,2026-08-24
GREENPLY,EQ,24-Aug-2026,293.5,292.0,297.05,290.0,291.55,81098,237.84,2361,42878.0,52.87,2026-08-24
GREENPOWER,EQ,24-Aug-2026,9.48,9.44,9.6,9.42,9.5,2502242,237.77,4562,808891.0,32.33,2026-08-24
GRINDWELL,EQ,24-Aug-2026,2059.8,2050.0,2074.0,2044.0,2053.1,21949,450.85,6373,12735.0,58.02,2026-08-24
GRINFRA,EQ,24-Aug-2026,870.35,870.95,887.95,869.9,879.1,21146,186.3,2216,10716.0,50.68,2026-08-24
GRMOVER,EQ,24-Aug-2026,86.71,87.14,92.29,87.14,90.24,2490263,2250.17,19229,725862.0,29.15,2026-08-24
GROBTEA,EQ,24-Aug-2026,927.0,926.0,960.0,926.0,954.45,148,1.41,21,138.0,93.24,2026-08-24
GROWW,EQ,24-Aug-2026,197.01,197.16,200.55,194.55,196.47,21334506,42084.78,102776,10791379.0,50.58,2026-08-24
GROWWCAPM,EQ,24-Aug-2026,11.42,11.42,11.58,11.42,11.53,900700,103.92,855,749933.0,83.26,2026-08-24
GROWWCHEM,EQ,24-Aug-2026,29.88,29.28,30.31,29.28,29.93,178240,53.54,618,95664.0,53.67,2026-08-24
GROWWDEFNC,EQ,24-Aug-2026,98.35,97.46,99.08,96.67,97.09,394921,385.19,4145,214412.0,54.29,2026-08-24
GROWWEV,EQ,24-Aug-2026,33.4,34.23,34.23,33.1,33.35,294875,98.62,2353,215655.0,73.13,2026-08-24
GROWWGOLD,EQ,24-Aug-2026,15.49,15.66,15.79,15.62,15.72,4045863,636.16,6815,2209495.0,54.61,2026-08-24
GROWWHOSPI,EQ,24-Aug-2026,51.79,51.79,52.3,51.45,51.62,398751,205.77,2445,216068.0,54.19,2026-08-24
GROWWLIQID,EQ,24-Aug-2026,110.45,110.46,110.48,110.46,110.47,641020,708.15,284,478367.0,74.63,2026-08-24
GROWWLOVOL,EQ,24-Aug-2026,10.37,10.37,10.56,10.37,10.47,26467,2.76,133,22473.0,84.91,2026-08-24
GROWWMC150,EQ,24-Aug-2026,236.1,237.3,237.3,233.83,233.95,650,1.52,40,468.0,72.0,2026-08-24
GROWWMETAL,EQ,24-Aug-2026,12.46,12.14,12.76,12.14,12.72,745651,94.59,2391,524180.0,70.3,2026-08-24
GROWWMOM50,EQ,24-Aug-2026,10.97,11.37,11.37,10.95,11.04,564520,62.32,583,461635.0,81.77,2026-08-24
GROWWN200,EQ,24-Aug-2026,11.48,11.76,11.76,11.42,11.47,28146,3.23,314,18083.0,64.25,2026-08-24
GROWWNET,EQ,24-Aug-2026,10.76,10.8,10.94,10.75,10.8,301930,32.66,766,275880.0,91.37,2026-08-24
GROWWNIFTY,EQ,24-Aug-2026,9.81,9.81,10.05,9.73,9.8,843719,82.77,5721,563222.0,66.75,2026-08-24
GROWWNXT50,EQ,24-Aug-2026,74.52,75.26,75.26,73.97,74.49,16769,12.45,152,7809.0,46.57,2026-08-24
GROWWPOWER,EQ,24-Aug-2026,11.33,11.35,11.44,11.3,11.38,1175839,133.76,2676,776088.0,66.0,2026-08-24
GROWWPSE,EQ,24-Aug-2026,98.46,98.46,99.95,95.53,98.21,3794,3.73,81,2204.0,58.09,2026-08-24
GROWWPSUBK,EQ,24-Aug-2026,86.36,87.22,87.22,85.5,85.7,2055,1.76,93,1301.0,63.31,2026-08-24
GROWWRAIL,EQ,24-Aug-2026,28.76,29.05,29.08,28.6,28.69,585105,168.74,2347,374957.0,64.08,2026-08-24
GROWWRLTY,EQ,24-Aug-2026,10.23,10.24,10.32,10.15,10.26,220732,22.63,526,138355.0,62.68,2026-08-24
GROWWSC250,EQ,24-Aug-2026,10.6,10.6,10.74,10.6,10.63,116795,12.45,748,79485.0,68.06,2026-08-24
GROWWSLVR,EQ,24-Aug-2026,23.82,23.89,23.93,23.68,23.75,1811973,431.0,3327,668608.0,36.9,2026-08-24
GRPLTD,EQ,24-Aug-2026,2039.4,2039.4,2100.0,1980.0,1983.1,1042,21.05,255,674.0,64.68,2026-08-24
GRSE,EQ,24-Aug-2026,2601.5,2614.0,2662.6,2589.0,2596.1,489377,12821.4,30161,137360.0,28.07,2026-08-24
GRWRHITECH,EQ,24-Aug-2026,7123.5,7123.5,7443.0,7123.5,7234.5,58310,4276.7,14164,25891.0,44.4,2026-08-24
GSEC10ABSL,EQ,24-Aug-2026,110.3,110.58,113.4,110.58,113.4,79,0.09,3,79.0,100.0,2026-08-24
GSEC10ADD,EQ,24-Aug-2026,26.9,26.9,26.9,26.85,26.86,262,0.07,10,262.0,100.0,2026-08-24
GSEC10IETF,EQ,24-Aug-2026,266.19,266.19,266.19,263.61,263.61,101,0.27,6,101.0,100.0,2026-08-24
GSEC10YEAR,EQ,24-Aug-2026,30.39,30.39,30.56,30.37,30.37,1595,0.49,25,1534.0,96.18,2026-08-24
GSEC5IETF,EQ,24-Aug-2026,66.9,66.55,66.64,66.28,66.28,24357,16.16,49,12479.0,51.23,2026-08-24
GSFC,EQ,24-Aug-2026,158.23,158.9,161.65,158.9,159.65,923884,1479.91,13318,527726.0,57.12,2026-08-24
GSLSU,EQ,24-Aug-2026,33.05,34.29,34.29,31.4,31.4,110352,35.08,894,62335.0,56.49,2026-08-24
GSMFOILS,SM,24-Aug-2026,92.25,92.25,96.85,92.25,96.85,753500,720.01,872,597500.0,79.3,2026-08-24
GSPCROP,EQ,24-Aug-2026,594.0,597.95,625.0,587.55,622.2,519337,3150.7,12527,193541.0,37.27,2026-08-24
GSS,EQ,24-Aug-2026,12.68,13.19,13.5,12.6,13.1,19317,2.54,121,15391.0,79.68,2026-08-24
GTECJAINX,BE,24-Aug-2026,29.98,29.4,30.0,28.55,29.64,10280,3.03,64,,,2026-08-24
GTL,EQ,24-Aug-2026,7.28,7.49,7.7,7.18,7.42,212915,15.83,707,139356.0,65.45,2026-08-24
GTLINFRA,EQ,24-Aug-2026,1.23,1.24,1.26,1.22,1.22,31408336,388.88,7681,16096423.0,51.25,2026-08-24
GTPL,EQ,24-Aug-2026,54.25,54.75,54.75,54.33,54.49,15356,8.37,230,12024.0,78.3,2026-08-24
GUFICBIO,EQ,24-Aug-2026,431.5,431.95,433.05,411.0,418.0,105672,445.5,4193,56433.0,53.4,2026-08-24
GUJALKALI,EQ,24-Aug-2026,684.25,682.3,746.15,682.0,723.0,990090,7204.55,39385,259722.0,26.23,2026-08-24
GUJAPOLLO,EQ,24-Aug-2026,358.5,358.15,358.15,347.05,349.4,4898,17.18,215,3963.0,80.91,2026-08-24
GUJENERGY,EQ,24-Aug-2026,263.35,263.35,266.6,258.25,259.0,1234622,3228.22,28934,808588.0,65.49,2026-08-24
GUJRAFFIA,EQ,24-Aug-2026,41.22,40.6,41.38,39.1,40.49,1493,0.6,54,1056.0,70.73,2026-08-24
GUJTHEM,EQ,24-Aug-2026,381.2,387.0,420.55,386.0,411.7,1215058,4933.49,24615,639103.0,52.6,2026-08-24
GULFOILLUB,EQ,24-Aug-2026,1139.9,1140.0,1170.0,1130.6,1164.1,167144,1916.33,17696,100361.0,60.04,2026-08-24
GULFPETRO,BE,24-Aug-2026,67.17,67.0,70.52,66.84,70.52,1533740,1039.02,1192,,,2026-08-24
GULPOLY,EQ,24-Aug-2026,190.71,191.01,198.37,190.12,193.54,304594,590.79,6268,129990.0,42.68,2026-08-24
GURUNANAK,SM,24-Aug-2026,34.25,35.95,35.95,35.95,35.95,8000,2.88,5,8000.0,100.0,2026-08-24
GVKPIL,BE,24-Aug-2026,2.24,2.21,2.23,2.2,2.2,698593,15.39,1047,,,2026-08-24
GVPIL,EQ,24-Aug-2026,667.35,669.9,681.0,647.7,650.5,246748,1631.79,9824,159380.0,64.59,2026-08-24
GVPTECH,EQ,24-Aug-2026,7.34,7.42,7.52,7.21,7.31,75494,5.59,497,59305.0,78.56,2026-08-24
GVT&D,EQ,24-Aug-2026,4127.2,4139.4,4249.0,4112.7,4177.9,898011,37657.77,71498,436025.0,48.55,2026-08-24
GYFTR,EQ,24-Aug-2026,159.32,159.97,162.48,159.36,160.61,30698,49.45,288,6544.0,21.32,2026-08-24
HAL,EQ,24-Aug-2026,5000.0,4990.0,4990.0,4858.0,4906.0,647190,31746.6,47842,268294.0,41.46,2026-08-24
HALDER,EQ,24-Aug-2026,304.56,306.08,308.4,289.61,296.59,31801,96.04,654,7774.0,24.45,2026-08-24
HALDYNGL,BE,24-Aug-2026,133.72,136.0,137.98,130.0,134.21,44964,60.78,338,,,2026-08-24
HALEOSLABS,EQ,24-Aug-2026,1465.0,1465.0,1512.0,1445.6,1510.7,1042,15.49,63,812.0,77.93,2026-08-24
HAMPTON,EQ,24-Aug-2026,8.47,7.42,8.79,7.42,7.94,13954,1.13,82,12882.0,92.32,2026-08-24
HAPPSTMNDS,EQ,24-Aug-2026,444.55,446.0,453.1,435.0,436.25,1621220,7191.81,39018,643385.0,39.69,2026-08-24
HAPPY,SM,24-Aug-2026,87.45,93.0,102.3,90.0,101.6,616000,600.75,269,396000.0,64.29,2026-08-24
HAPPYFORGE,EQ,24-Aug-2026,2211.8,2132.8,2220.0,2107.3,2191.0,113558,2474.01,15530,63067.0,55.54,2026-08-24
HARDWYN,EQ,24-Aug-2026,9.08,9.1,9.19,9.01,9.1,1403870,127.66,1560,646111.0,46.02,2026-08-24
HARIOMPIPE,EQ,24-Aug-2026,348.5,350.5,356.0,346.6,348.05,65360,229.98,2249,25590.0,39.15,2026-08-24
HARRMALAYA,EQ,24-Aug-2026,197.89,199.4,205.18,198.52,200.68,23223,46.74,1085,9573.0,41.22,2026-08-24
HARSHA,EQ,24-Aug-2026,437.6,437.6,448.65,433.4,442.9,118918,526.24,5205,62932.0,52.92,2026-08-24
HATHWAY,EQ,24-Aug-2026,10.68,10.8,11.1,10.58,10.59,2607513,280.35,4657,1345841.0,51.61,2026-08-24
HATSUN,EQ,24-Aug-2026,984.7,984.2,1067.4,980.0,1044.5,269325,2792.64,23580,106471.0,39.53,2026-08-24
HAVELLS,EQ,24-Aug-2026,1268.0,1268.0,1271.6,1255.4,1268.5,307762,3888.13,22533,149074.0,48.44,2026-08-24
HAVISHA,EQ,24-Aug-2026,1.42,1.43,1.48,1.39,1.4,26380,0.38,136,19463.0,73.78,2026-08-24
HAWKINCOOK,EQ,24-Aug-2026,8029.5,8080.5,8175.0,7960.0,8153.5,1593,127.96,488,1087.0,68.24,2026-08-24
HAZOOR,EQ,24-Aug-2026,21.12,21.17,21.65,19.24,20.43,226003,46.12,973,156751.0,69.36,2026-08-24
HBESD,EQ,24-Aug-2026,75.2,74.83,77.0,74.83,74.85,1664,1.25,17,1368.0,82.21,2026-08-24
HBLENGINE,EQ,24-Aug-2026,702.55,702.55,706.0,688.15,690.9,654595,4555.69,25864,276884.0,42.3,2026-08-24
HBPOR,EQ,24-Aug-2026,61.71,63.35,63.35,61.5,62.0,226,0.14,14,215.0,95.13,2026-08-24
HBSL,EQ,24-Aug-2026,55.13,56.0,56.0,53.5,53.98,1844,1.0,56,1411.0,76.52,2026-08-24
HCC,EQ,24-Aug-2026,21.03,21.0,22.8,20.95,22.52,80806879,18005.64,101551,31078919.0,38.46,2026-08-24
HCG,EQ,24-Aug-2026,725.95,725.95,729.95,710.1,718.8,85872,618.26,12175,35517.0,41.36,2026-08-24
HCL-INSYS,EQ,24-Aug-2026,11.09,10.96,11.2,10.8,10.87,386147,42.45,1229,290526.0,75.24,2026-08-24
HCLTECH,EQ,24-Aug-2026,1302.5,1302.5,1325.8,1301.0,1322.0,1091648,14391.32,50508,594901.0,54.5,2026-08-24
HDBFS,EQ,24-Aug-2026,695.85,693.3,698.15,684.0,688.9,215797,1487.1,13324,113722.0,52.7,2026-08-24
HDFCAMC,EQ,24-Aug-2026,2610.0,2620.0,2629.0,2605.9,2618.0,657607,17204.27,24878,439526.0,66.84,2026-08-24
HDFCBANK,EQ,24-Aug-2026,726.95,732.5,734.4,724.1,729.0,11408345,83052.1,191412,6724175.0,58.94,2026-08-24
HDFCBSE500,EQ,24-Aug-2026,37.89,38.07,38.3,37.78,37.97,1350606,511.47,341,1199308.0,88.8,2026-08-24
HDFCGOLD,EQ,24-Aug-2026,135.62,132.22,138.46,132.22,137.53,5446327,7488.34,15817,3205185.0,58.85,2026-08-24
HDFCGROWTH,EQ,24-Aug-2026,120.73,120.33,121.26,119.63,120.25,23519,28.37,164,11887.0,50.54,2026-08-24
HDFCLIFE,EQ,24-Aug-2026,554.8,555.0,557.0,549.0,552.95,2134232,11792.52,34251,1105002.0,51.78,2026-08-24
HDFCLIQUID,EQ,24-Aug-2026,1074.87,1075.0,1076.58,1075.0,1075.01,31469,338.3,58,27837.0,88.46,2026-08-24
HDFCLOWVOL,EQ,24-Aug-2026,20.87,21.29,21.29,20.77,20.81,2374,0.49,93,1369.0,57.67,2026-08-24
HDFCMID150,EQ,24-Aug-2026,23.68,23.66,23.83,23.66,23.73,321485,76.4,1460,193817.0,60.29,2026-08-24
HDFCMOMENT,EQ,24-Aug-2026,31.16,31.38,31.45,31.2,31.27,94266,29.55,591,60109.0,63.77,2026-08-24
HDFCNEXT50,EQ,24-Aug-2026,75.41,75.96,75.96,75.17,75.27,118630,89.5,683,90247.0,76.07,2026-08-24
HDFCNIF100,EQ,24-Aug-2026,26.21,26.37,26.43,26.14,26.16,23767,6.24,349,11278.0,47.45,2026-08-24
HDFCNIFBAN,EQ,24-Aug-2026,59.48,59.33,59.63,59.0,59.05,170721,101.03,567,143931.0,84.31,2026-08-24
HDFCNIFIT,EQ,24-Aug-2026,32.66,32.66,33.03,32.56,32.6,75163,24.68,289,32194.0,42.83,2026-08-24
HDFCNIFTY,EQ,24-Aug-2026,273.77,280.61,280.61,272.53,273.07,291418,795.92,1007,278820.0,95.68,2026-08-24
HDFCNIMEG,EQ,24-Aug-2026,131.78,130.45,133.5,130.45,133.13,60054,79.88,104,51268.0,85.37,2026-08-24
HDFCPSUBK,EQ,24-Aug-2026,86.57,86.59,87.33,86.0,86.2,98761,85.75,247,78367.0,79.35,2026-08-24
HDFCPVTBAN,EQ,24-Aug-2026,28.11,28.67,28.67,27.92,27.98,70544,19.8,548,36723.0,52.06,2026-08-24
HDFCQUAL,EQ,24-Aug-2026,59.25,59.25,59.5,59.09,59.1,5210,3.08,104,2588.0,49.67,2026-08-24
HDFCSENSEX,EQ,24-Aug-2026,87.91,87.91,88.35,87.5,87.64,25756,22.66,721,16721.0,64.92,2026-08-24
HDFCSILVER,EQ,24-Aug-2026,232.67,232.67,233.47,231.12,231.71,3276118,7602.47,13378,1244556.0,37.99,2026-08-24
HDFCSML250,EQ,24-Aug-2026,185.39,185.39,186.58,184.95,185.18,1282018,2380.84,9881,993340.0,77.48,2026-08-24
HDFCVALUE,EQ,24-Aug-2026,125.64,126.13,126.4,125.38,125.68,4626,5.82,85,2400.0,51.88,2026-08-24
HDIL,BZ,24-Aug-2026,1.54,1.56,1.56,1.48,1.49,140261,2.11,228,,,2026-08-24
HEADSUP,EQ,24-Aug-2026,6.69,6.69,6.98,6.69,6.86,2983,0.2,111,2889.0,96.85,2026-08-24
HEALTHADD,EQ,24-Aug-2026,16.57,16.51,16.73,16.13,16.36,732391,119.96,220,374219.0,51.1,2026-08-24
HEALTHAXIS,EQ,24-Aug-2026,167.33,168.16,168.16,165.84,166.57,5124,8.54,87,2609.0,50.92,2026-08-24
HEALTHCARE,EQ,24-Aug-2026,21.43,21.43,21.5,21.31,21.39,30690,6.57,209,24124.0,78.61,2026-08-24
HEALTHIETF,EQ,24-Aug-2026,168.51,170.2,170.2,167.61,168.67,64111,108.08,1405,29509.0,46.03,2026-08-24
HEALTHX,EQ,24-Aug-2026,300.85,302.45,304.85,297.0,298.2,2225,6.67,160,1855.0,83.37,2026-08-24
HEALTHY,EQ,24-Aug-2026,16.89,17.13,17.19,16.81,16.86,224158,37.86,1187,141939.0,63.32,2026-08-24
HECPROJECT,EQ,24-Aug-2026,115.97,114.85,117.94,114.0,115.01,8146,9.41,192,5989.0,73.52,2026-08-24
HEG,EQ,24-Aug-2026,710.75,710.0,728.0,708.9,722.75,922124,6645.61,22063,322896.0,35.02,2026-08-24
HEIDELBERG,EQ,24-Aug-2026,158.98,158.98,161.0,158.98,159.93,111523,178.62,1727,66966.0,60.05,2026-08-24
HEMIPROP,EQ,24-Aug-2026,130.58,130.64,131.99,128.5,128.9,342107,444.39,3286,205203.0,59.98,2026-08-24
HERANBA,EQ,24-Aug-2026,164.88,171.24,186.8,168.0,178.35,423003,756.5,11218,151932.0,35.92,2026-08-24
HERITGFOOD,EQ,24-Aug-2026,380.85,382.0,390.0,378.55,387.55,548860,2121.97,16773,234115.0,42.65,2026-08-24
HEROMOTOCO,EQ,24-Aug-2026,5735.0,5720.0,5728.0,5650.0,5685.0,281646,16016.75,24178,145338.0,51.6,2026-08-24
HESTERBIO,EQ,24-Aug-2026,2367.8,2351.0,2383.5,2347.0,2364.5,1588,37.53,316,1022.0,64.36,2026-08-24
HEXAGON,BE,24-Aug-2026,70.21,69.5,71.7,69.22,70.48,321512,227.75,956,,,2026-08-24
HEXATRADEX,EQ,24-Aug-2026,158.03,158.07,160.0,155.36,157.76,1457,2.3,71,917.0,62.94,2026-08-24
HEXT,EQ,24-Aug-2026,532.45,535.85,574.85,535.85,562.5,2704830,15171.29,68798,152619.0,5.64,2026-08-24
HFCL,EQ,24-Aug-2026,228.01,229.0,239.41,228.13,238.42,29905949,70978.73,107178,12976228.0,43.39,2026-08-24
HGINFRA,EQ,24-Aug-2026,511.9,510.0,515.35,504.55,506.65,86374,438.87,3603,45825.0,53.05,2026-08-24
HGM,EQ,24-Aug-2026,44.72,45.5,45.5,42.93,43.73,3825,1.66,94,3297.0,86.2,2026-08-24
HGS,EQ,24-Aug-2026,402.25,400.4,413.0,400.4,402.05,12454,50.17,830,6724.0,53.99,2026-08-24
HIGREEN,SM,24-Aug-2026,132.7,134.9,136.0,128.8,128.8,21600,28.3,26,16000.0,74.07,2026-08-24
HIKAL,EQ,24-Aug-2026,215.61,219.85,219.85,210.35,211.99,185010,395.75,4067,88086.0,47.61,2026-08-24
HILINFRA,EQ,24-Aug-2026,45.76,45.95,47.49,45.45,46.5,121324,55.87,890,84445.0,69.6,2026-08-24
HILTON,EQ,24-Aug-2026,20.24,20.75,20.75,19.7,19.89,109199,21.89,605,83403.0,76.38,2026-08-24
HIMATSEIDE,EQ,24-Aug-2026,72.12,72.12,74.99,72.01,73.25,687973,506.65,6058,309883.0,45.04,2026-08-24
HINDADH,EQ,24-Aug-2026,354.45,354.5,360.95,353.7,356.05,4674,16.67,192,3354.0,71.76,2026-08-24
HINDALCO,EQ,24-Aug-2026,1034.0,1047.95,1058.5,1043.3,1058.5,4052159,42646.43,94529,2162766.0,53.37,2026-08-24
HINDALUMI,EQ,24-Aug-2026,98.18,98.0,101.26,98.0,100.16,7966,7.99,131,7165.0,89.94,2026-08-24
HINDCOMPOS,EQ,24-Aug-2026,411.5,411.5,423.95,408.5,411.1,2669,11.01,246,1961.0,73.47,2026-08-24
HINDCON,EQ,24-Aug-2026,22.21,22.21,22.75,21.7,22.28,44228,9.86,275,31749.0,71.78,2026-08-24
HINDCOPPER,EQ,24-Aug-2026,572.7,576.0,586.75,566.7,574.15,11471331,66018.88,130121,3764136.0,32.81,2026-08-24
HINDOILEXP,EQ,24-Aug-2026,156.2,156.4,158.78,155.43,157.58,288215,452.88,3400,128905.0,44.73,2026-08-24
HINDPETRO,EQ,24-Aug-2026,363.25,365.0,372.6,364.3,371.95,4491188,16627.56,39013,2162295.0,48.15,2026-08-24
HINDUNILVR,EQ,24-Aug-2026,2015.0,2019.9,2030.0,2006.2,2030.0,891171,17990.72,49335,556298.0,62.42,2026-08-24
HINDWAREAP,EQ,24-Aug-2026,198.63,200.01,203.41,196.0,196.73,240671,479.51,3070,169219.0,70.31,2026-08-24
HINDZINC,EQ,24-Aug-2026,594.9,595.95,614.2,592.85,604.0,12772617,77547.71,119488,6630030.0,51.91,2026-08-24
HIRECT,EQ,24-Aug-2026,1273.7,1281.0,1290.0,1212.0,1223.3,77669,965.65,6038,38030.0,48.96,2026-08-24
HISARMETAL,EQ,24-Aug-2026,149.16,149.21,153.9,149.0,149.33,358,0.54,36,254.0,70.95,2026-08-24
HITECH,EQ,24-Aug-2026,81.37,81.87,82.23,80.5,80.72,441992,359.47,2693,273903.0,61.97,2026-08-24
HITECHCORP,BE,24-Aug-2026,331.5,345.0,345.0,330.7,332.65,9288,31.22,100,,,2026-08-24
HITECHGEAR,BE,24-Aug-2026,546.3,550.0,555.0,540.0,548.9,3704,20.08,79,,,2026-08-24
HLEGLAS,EQ,24-Aug-2026,319.0,320.0,324.0,312.0,313.6,94729,298.41,2865,48506.0,51.21,2026-08-24
HLVLTD,EQ,24-Aug-2026,6.58,6.55,6.79,6.5,6.53,201670,13.28,681,127699.0,63.32,2026-08-24
HMAAGRO,EQ,24-Aug-2026,21.97,22.09,22.21,20.9,21.28,3556500,774.67,8956,1555822.0,43.75,2026-08-24
HMT,BZ,24-Aug-2026,60.79,61.49,61.7,60.55,60.97,5965,3.64,86,,,2026-08-24
HMVL,BE,24-Aug-2026,92.1,94.0,94.0,90.0,90.41,4084,3.71,69,,,2026-08-24
HNDFDS,EQ,24-Aug-2026,644.8,648.0,650.35,627.5,639.4,110347,705.22,7593,63514.0,57.56,2026-08-24
HNGSNGBEES,EQ,24-Aug-2026,483.23,476.55,484.97,473.95,474.44,206227,983.52,8614,160390.0,77.77,2026-08-24
HOACFOODS,ST,24-Aug-2026,829.0,838.0,870.45,810.05,811.3,7125,59.9,17,6750.0,94.74,2026-08-24
HOLMARC,SM,24-Aug-2026,107.0,112.35,112.35,101.65,107.9,27750,28.52,26,25500.0,91.89,2026-08-24
HOMEFIRST,EQ,24-Aug-2026,1193.7,1187.9,1204.0,1176.0,1192.9,131185,1557.92,14100,49734.0,37.91,2026-08-24
HOMESFY,SM,24-Aug-2026,107.45,111.3,111.3,111.3,111.3,300,0.33,1,300.0,100.0,2026-08-24
HONASA,EQ,24-Aug-2026,481.9,479.5,493.0,478.9,490.8,673470,3275.23,13638,302043.0,44.85,2026-08-24
HONAUT,EQ,24-Aug-2026,36700.0,37000.0,37190.0,36505.0,36640.0,1908,702.91,1389,701.0,36.74,2026-08-24
HONDAPOWER,EQ,24-Aug-2026,2068.3,2075.0,2118.0,2060.1,2073.1,5632,117.12,883,2529.0,44.9,2026-08-24
HORIZONIND,EQ,24-Aug-2026,60.0,60.25,60.25,56.57,58.16,93536375,55146.1,197832,47592719.0,50.88,2026-08-24
HPAL,EQ,24-Aug-2026,35.03,34.08,36.5,34.08,34.5,30479,10.65,677,19131.0,62.77,2026-08-24
HPIL,EQ,24-Aug-2026,126.1,125.0,127.99,125.0,125.23,851,1.07,27,729.0,85.66,2026-08-24
HPL,EQ,24-Aug-2026,317.45,319.0,319.85,313.4,314.35,75731,239.43,2090,38112.0,50.33,2026-08-24
HPTL,SM,24-Aug-2026,341.1,358.15,358.15,358.15,358.15,4200,15.04,6,4200.0,100.0,2026-08-24
HRHNEXT,SM,24-Aug-2026,27.0,27.0,28.35,27.0,28.35,60000,16.82,19,60000.0,100.0,2026-08-24
HRYNSHP,EQ,24-Aug-2026,99.86,99.86,103.0,99.86,100.05,652,0.66,31,604.0,92.64,2026-08-24
HSBCGOLD,EQ,24-Aug-2026,138.19,140.0,140.5,139.52,139.76,3368,4.72,161,2501.0,74.26,2026-08-24
HSCL,EQ,24-Aug-2026,654.4,660.45,684.75,657.1,662.2,11631592,78296.93,169240,3198004.0,27.49,2026-08-24
HTMEDIA,EQ,24-Aug-2026,27.57,27.84,28.0,27.0,27.23,179509,49.29,516,126187.0,70.3,2026-08-24
HUBTOWN,EQ,24-Aug-2026,194.54,193.0,197.7,188.95,192.12,325084,627.17,4941,179863.0,55.33,2026-08-24
HUDCO,EQ,24-Aug-2026,186.09,186.1,188.4,186.09,187.53,892018,1671.5,13443,422070.0,47.32,2026-08-24
HUHTAMAKI,EQ,24-Aug-2026,273.85,276.95,279.0,270.3,273.35,91036,249.05,2323,45032.0,49.47,2026-08-24
HVAX,SM,24-Aug-2026,640.0,670.0,672.0,670.0,672.0,5550,37.29,9,5550.0,100.0,2026-08-24
HYBRIDETF,EQ,24-Aug-2026,10.07,10.27,10.27,9.8,10.13,165291,16.58,69,76256.0,46.13,2026-08-24
HYBRIDFIN,BE,24-Aug-2026,17.25,17.24,17.4,16.8,17.09,6824,1.16,38,,,2026-08-24
HYUNDAI,EQ,24-Aug-2026,2218.8,2235.4,2235.4,2206.1,2207.0,496265,10996.82,49223,308032.0,62.07,2026-08-24
IBULLSLTD,EQ,24-Aug-2026,25.58,25.71,26.85,25.63,26.85,8400068,2236.0,6086,5302496.0,63.12,2026-08-24
ICDSLTD,EQ,24-Aug-2026,41.12,42.0,42.0,39.52,41.0,15,0.01,8,5.0,33.33,2026-08-24
ICELCO,SM,24-Aug-2026,139.9,141.0,141.0,137.15,138.65,14400,19.91,11,8400.0,58.33,2026-08-24
ICEMAKE,EQ,24-Aug-2026,721.7,722.5,729.9,713.45,726.05,26360,190.03,2029,15188.0,57.62,2026-08-24
ICICIAMC,EQ,24-Aug-2026,3269.7,3269.7,3294.7,3216.7,3230.0,634322,20576.18,24147,507784.0,80.05,2026-08-24
ICICIB22,EQ,24-Aug-2026,115.28,116.42,116.42,114.35,115.16,280399,323.7,3617,225616.0,80.46,2026-08-24
ICICIBANK,EQ,24-Aug-2026,1420.0,1420.5,1425.5,1408.7,1415.0,5307113,75126.42,134604,2825622.0,53.24,2026-08-24
ICICIGI,EQ,24-Aug-2026,1617.0,1619.0,1626.4,1612.6,1620.0,621769,10077.49,22413,372106.0,59.85,2026-08-24
ICICIPRULI,EQ,24-Aug-2026,515.0,517.1,520.9,506.25,511.25,774351,3968.71,14179,332083.0,42.89,2026-08-24
ICIL,EQ,24-Aug-2026,443.55,444.15,452.5,426.65,430.4,570655,2502.3,14919,222587.0,39.01,2026-08-24
ICRA,EQ,24-Aug-2026,4964.8,4964.8,5030.0,4932.0,4967.2,24950,1244.6,4023,18206.0,72.97,2026-08-24
IDBI,EQ,24-Aug-2026,82.24,82.24,90.9,82.24,87.93,72743077,64346.84,183910,17116067.0,23.53,2026-08-24
IDEA,EQ,24-Aug-2026,13.94,13.98,14.16,13.97,14.07,229336931,32277.15,563699,83936634.0,36.6,2026-08-24
IDEAFORGE,EQ,24-Aug-2026,812.5,816.95,822.45,795.0,796.45,220666,1775.6,11655,142933.0,64.77,2026-08-24
IDEALTECHO,SM,24-Aug-2026,175.0,175.0,175.0,175.0,175.0,500,0.88,1,500.0,100.0,2026-08-24
IDENTICAL,SM,24-Aug-2026,17.55,19.05,19.05,17.1,17.8,10000,1.82,5,6000.0,60.0,2026-08-24
IDFCFIRSTB,EQ,24-Aug-2026,86.75,86.91,86.94,85.41,85.89,12075489,10377.05,52176,6825468.0,56.52,2026-08-24
IDFNIFTYET,EQ,24-Aug-2026,267.65,270.32,270.32,265.0,268.16,3646,9.78,78,1800.0,49.37,2026-08-24
IEML,SM,24-Aug-2026,40.35,40.85,41.4,40.5,41.2,20000,8.21,31,14500.0,72.5,2026-08-24
IEX,EQ,24-Aug-2026,123.7,123.7,124.88,122.92,123.01,2138767,2639.85,31608,1164259.0,54.44,2026-08-24
IFBAGRO,EQ,24-Aug-2026,1001.5,1001.5,1018.8,977.0,980.7,4211,41.63,429,2245.0,53.31,2026-08-24
IFBIND,EQ,24-Aug-2026,1393.2,1400.0,1419.9,1391.4,1407.1,27237,381.98,3709,14798.0,54.33,2026-08-24
IFCI,EQ,24-Aug-2026,80.91,81.12,83.38,80.7,82.48,27112095,22305.65,70056,7475579.0,27.57,2026-08-24
IFGLEXPOR,EQ,24-Aug-2026,211.77,210.72,219.97,208.51,213.45,39536,84.2,1464,17994.0,45.51,2026-08-24
IGARASHI,EQ,24-Aug-2026,444.1,445.0,445.0,429.1,431.35,90950,396.62,3463,52077.0,57.26,2026-08-24
IGCL,EQ,24-Aug-2026,72.81,72.81,73.0,70.0,71.59,324886,232.82,1754,150560.0,46.34,2026-08-24
IGIL,EQ,24-Aug-2026,340.6,338.9,345.7,335.05,340.65,459825,1559.05,19790,273094.0,59.39,2026-08-24
IGL,EQ,24-Aug-2026,147.87,149.0,149.5,147.25,147.72,3531071,5226.64,24898,2623693.0,74.3,2026-08-24
IGPL,EQ,24-Aug-2026,475.2,475.2,514.0,475.2,501.05,424028,2107.95,14208,171809.0,40.52,2026-08-24
IIFL,EQ,24-Aug-2026,679.8,684.75,705.0,681.5,696.4,3800142,26458.72,74649,1489170.0,39.19,2026-08-24
IIFLCAPS,EQ,24-Aug-2026,335.65,335.65,336.45,333.5,333.75,130938,438.06,6511,83580.0,63.83,2026-08-24
IITL,EQ,24-Aug-2026,149.59,149.97,160.0,145.1,154.8,134991,210.68,2368,27378.0,20.28,2026-08-24
IKIO,EQ,24-Aug-2026,191.66,191.26,196.83,191.26,194.05,82267,160.01,1740,48230.0,58.63,2026-08-24
IKS,EQ,24-Aug-2026,1786.2,1787.9,1820.4,1776.1,1789.4,100047,1794.18,6880,49925.0,49.9,2026-08-24
IL&FSENGG,BZ,24-Aug-2026,36.39,35.66,36.98,35.51,36.0,39166,14.18,66,,,2026-08-24
IL&FSTRANS,BZ,24-Aug-2026,2.09,2.04,2.15,2.04,2.07,64147,1.34,82,,,2026-08-24
IMAGICAA,EQ,24-Aug-2026,48.87,49.0,51.26,48.27,49.53,840240,418.36,5167,369046.0,43.92,2026-08-24
IMFA,EQ,24-Aug-2026,1383.8,1383.8,1415.0,1374.2,1390.6,110568,1540.07,11611,39708.0,35.91,2026-08-24
IMPAL,EQ,24-Aug-2026,1092.4,1092.4,1098.8,1074.1,1086.5,1036,11.24,225,648.0,62.55,2026-08-24
IMPEXFERRO,BZ,24-Aug-2026,3.92,3.99,3.99,3.99,3.99,11789,0.47,13,,,2026-08-24
INA,EQ,24-Aug-2026,93.79,94.39,97.74,93.57,94.51,820229,780.91,9788,293871.0,35.83,2026-08-24
INCREDIBLE,EQ,24-Aug-2026,33.01,36.12,36.12,32.7,33.48,867,0.3,28,757.0,87.31,2026-08-24
INDBANK,EQ,24-Aug-2026,32.41,32.0,32.89,31.76,32.11,28995,9.37,431,17692.0,61.02,2026-08-24
INDGN,EQ,24-Aug-2026,567.8,571.75,576.75,563.0,566.65,258087,1463.48,13609,143062.0,55.43,2026-08-24
INDHOTEL,EQ,24-Aug-2026,730.0,729.55,733.65,724.2,728.9,952562,6936.07,18477,583092.0,61.21,2026-08-24
INDIACEM,EQ,24-Aug-2026,370.9,370.9,373.1,366.5,367.75,41453,153.15,2727,20688.0,49.91,2026-08-24
INDIAGLYCO,EQ,24-Aug-2026,1146.5,1155.0,1198.7,1137.0,1191.3,540428,6347.15,31585,264849.0,49.01,2026-08-24
INDIAMART,EQ,24-Aug-2026,1742.2,1750.0,1753.5,1722.3,1746.0,57656,1001.95,7489,30309.0,52.57,2026-08-24
INDIANB,EQ,24-Aug-2026,876.9,880.0,883.85,862.0,870.45,729343,6371.09,27022,342397.0,46.95,2026-08-24
INDIANCARD,EQ,24-Aug-2026,209.5,210.06,212.95,205.25,206.27,2539,5.27,119,1738.0,68.45,2026-08-24
INDIANHUME,EQ,24-Aug-2026,392.55,399.0,412.5,393.05,396.3,150587,606.41,5989,53413.0,35.47,2026-08-24
INDIASHLTR,EQ,24-Aug-2026,675.25,675.25,680.45,667.0,669.75,80180,537.67,5275,57777.0,72.06,2026-08-24
INDIGO,EQ,24-Aug-2026,5110.0,5100.0,5170.0,5088.0,5115.0,593388,30354.67,45215,329467.0,55.52,2026-08-24
INDIGOPNTS,EQ,24-Aug-2026,1151.8,1149.0,1162.3,1135.3,1142.5,42375,487.73,5966,23277.0,54.93,2026-08-24
INDIGRID,IV,24-Aug-2026,176.08,176.75,176.8,174.75,175.29,569080,998.81,6707,481710.0,84.65,2026-08-24
INDIQUBE,EQ,24-Aug-2026,189.1,190.47,198.0,187.06,193.72,74328,141.81,1195,34596.0,46.55,2026-08-24
INDNIPPON,EQ,24-Aug-2026,1105.7,1107.3,1107.9,1061.0,1072.5,20650,223.79,2474,10621.0,51.43,2026-08-24
INDOAMIN,BE,24-Aug-2026,122.35,122.35,126.0,121.0,123.64,42587,52.66,420,,,2026-08-24
INDOBORAX,EQ,24-Aug-2026,511.85,515.0,518.85,499.0,502.35,270148,1375.66,9272,100406.0,37.17,2026-08-24
INDOCO,EQ,24-Aug-2026,226.29,223.5,227.07,218.15,219.19,53704,119.46,1590,25547.0,47.57,2026-08-24
INDOFARM,EQ,24-Aug-2026,141.76,142.5,145.47,138.99,139.75,84773,120.07,2068,39403.0,46.48,2026-08-24
INDOKEM,EQ,24-Aug-2026,600.85,595.0,598.9,575.2,597.9,1273,7.55,147,739.0,58.05,2026-08-24
INDOMIM,EQ,24-Aug-2026,882.1,884.05,913.8,880.55,888.75,2091773,18765.23,65434,733939.0,35.09,2026-08-24
INDORAMA,EQ,24-Aug-2026,62.69,62.69,63.8,62.1,62.61,206985,130.41,2280,98172.0,47.43,2026-08-24
INDOSTAR,EQ,24-Aug-2026,253.15,253.35,264.75,253.05,262.5,161569,420.45,3067,103241.0,63.9,2026-08-24
INDOTECH,EQ,24-Aug-2026,3902.5,3910.0,4030.0,3801.0,3850.6,32371,1275.56,4793,15240.0,47.08,2026-08-24
INDOTHAI,EQ,24-Aug-2026,59.66,56.68,56.68,56.68,56.68,56403,31.97,634,56403.0,100.0,2026-08-24
INDOUS,EQ,24-Aug-2026,85.56,88.12,88.72,82.0,82.79,4239,3.58,188,3288.0,77.57,2026-08-24
INDOWIND,EQ,24-Aug-2026,9.17,9.26,9.39,9.15,9.35,211166,19.58,562,146676.0,69.46,2026-08-24
INDPRUD,EQ,24-Aug-2026,6289.5,6289.0,6344.5,6100.0,6275.0,156,9.72,39,118.0,75.64,2026-08-24
INDRAMEDCO,EQ,24-Aug-2026,369.7,370.25,376.5,368.0,371.9,156005,581.05,5420,81401.0,52.18,2026-08-24
INDSWFTLAB,EQ,24-Aug-2026,329.59,329.59,332.31,316.61,327.27,433051,1410.91,11020,156678.0,36.18,2026-08-24
INDTERRAIN,EQ,24-Aug-2026,30.34,30.5,31.29,30.02,30.29,13214,4.01,363,10388.0,78.61,2026-08-24
INDUSINDBK,EQ,24-Aug-2026,1005.6,1005.1,1018.4,1004.5,1018.4,948101,9599.0,29245,415034.0,43.78,2026-08-24
INDUSINVIT,IV,24-Aug-2026,134.06,135.3,135.3,133.4,133.59,148533,198.88,4276,114323.0,76.97,2026-08-24
INDUSTOWER,EQ,24-Aug-2026,375.75,377.45,378.05,372.9,374.25,2142749,8052.99,36122,1148865.0,53.62,2026-08-24
INFINIUM,SM,24-Aug-2026,227.75,223.0,229.0,222.0,222.1,2500,5.59,5,2000.0,80.0,2026-08-24
INFLUX,SM,24-Aug-2026,292.0,292.0,309.0,290.0,300.05,46800,138.09,51,41400.0,88.46,2026-08-24
INFOBEAN,EQ,24-Aug-2026,157.5,157.5,159.0,155.1,155.17,228792,357.54,2895,156626.0,68.46,2026-08-24
INFOLLION,SM,24-Aug-2026,158.6,155.0,160.1,155.0,160.1,8800,13.96,21,6800.0,77.27,2026-08-24
INFOMEDIA,EQ,24-Aug-2026,5.11,5.11,5.39,5.11,5.33,3755,0.2,44,3046.0,81.12,2026-08-24
INFRA,EQ,24-Aug-2026,12.18,12.21,12.22,12.13,12.15,25656,3.12,200,15791.0,61.55,2026-08-24
INFRABEES,EQ,24-Aug-2026,969.57,976.86,976.86,963.0,966.1,10925,105.62,549,6236.0,57.08,2026-08-24
INFRAIETF,EQ,24-Aug-2026,96.07,97.99,97.99,95.78,95.95,62000,59.56,4492,34531.0,55.7,2026-08-24
INFY,EQ,24-Aug-2026,1121.0,1126.5,1144.5,1122.0,1130.0,8565354,97059.46,170563,4644257.0,54.22,2026-08-24
INGERRAND,EQ,24-Aug-2026,4660.6,4680.0,4720.0,4596.1,4653.3,12712,591.04,2586,5494.0,43.22,2026-08-24
INNOMET,ST,24-Aug-2026,231.95,236.55,236.55,236.55,236.55,15000,35.48,17,15000.0,100.0,2026-08-24
INNOVACAP,EQ,24-Aug-2026,1088.5,1099.0,1115.4,1048.3,1063.05,102677,1100.0,9547,41435.0,40.35,2026-08-24
INNOVANA,EQ,24-Aug-2026,318.0,318.0,339.9,316.0,319.9,10696,34.3,164,10143.0,94.83,2026-08-24
INNOVISION,EQ,24-Aug-2026,264.55,269.4,269.4,260.0,261.4,22237,58.71,1517,10964.0,49.31,2026-08-24
INOXGREEN,EQ,24-Aug-2026,178.34,177.46,178.32,173.45,176.26,754512,1321.36,5718,477653.0,63.31,2026-08-24
INOXINDIA,EQ,24-Aug-2026,1930.2,1934.0,1949.5,1913.0,1941.5,117152,2269.5,23764,56348.0,48.1,2026-08-24
INOXWIND,EQ,24-Aug-2026,73.6,73.97,74.78,73.26,73.75,5346828,3950.83,20456,2234726.0,41.8,2026-08-24
INSECTICID,EQ,24-Aug-2026,609.75,611.8,612.95,575.0,580.15,118243,691.96,3967,78097.0,66.05,2026-08-24
INSPIRE,SM,24-Aug-2026,8.55,8.55,8.55,8.15,8.15,10000,0.83,5,8000.0,80.0,2026-08-24
INSPIRISYS,BE,24-Aug-2026,93.94,94.0,95.7,92.5,93.03,1869,1.74,37,,,2026-08-24
INSUREIETF,EQ,24-Aug-2026,15.63,15.63,15.67,15.51,15.51,689503,107.12,134,675774.0,98.01,2026-08-24
INTEGRITY,ST,24-Aug-2026,160.25,165.0,165.0,164.0,164.0,2400,3.95,2,1200.0,50.0,2026-08-24
INTELLECT,EQ,24-Aug-2026,691.25,692.0,703.05,684.0,687.5,252992,1758.88,14048,120304.0,47.55,2026-08-24
INTENTECH,EQ,24-Aug-2026,84.88,83.2,87.0,79.0,80.24,63830,52.27,1670,35309.0,55.32,2026-08-24
INTERARCH,EQ,24-Aug-2026,1676.3,1709.0,1719.0,1680.0,1691.6,35595,602.65,3277,20382.0,57.26,2026-08-24
INTERNET,EQ,24-Aug-2026,14.58,14.59,15.45,14.51,14.68,431122,63.12,338,343338.0,79.64,2026-08-24
INTLCONV,EQ,24-Aug-2026,77.54,77.54,78.68,76.11,76.66,14766,11.4,480,10354.0,70.12,2026-08-24
INVENTURE,EQ,24-Aug-2026,0.86,0.87,0.87,0.85,0.85,773788,6.64,507,542887.0,70.16,2026-08-24
INVICTA,SM,24-Aug-2026,69.5,73.8,73.8,68.8,70.0,11200,7.91,7,6400.0,57.14,2026-08-24
INVPRECQ,BE,24-Aug-2026,1314.7,1288.5,1288.5,1288.5,1288.5,2570,33.11,50,,,2026-08-24
IOB,EQ,24-Aug-2026,33.01,33.04,33.4,32.9,33.18,2488096,824.44,12993,1257516.0,50.54,2026-08-24
IOC,EQ,24-Aug-2026,135.9,136.0,138.5,135.95,138.5,9432799,12963.14,50585,4976287.0,52.76,2026-08-24
IOLCP,EQ,24-Aug-2026,169.52,170.69,174.8,167.1,169.08,3483412,5974.61,29856,1365717.0,39.21,2026-08-24
IONEXCHANG,EQ,24-Aug-2026,368.65,368.0,376.2,364.8,370.1,276335,1022.07,15972,116628.0,42.21,2026-08-24
IPCALAB,EQ,24-Aug-2026,1911.2,1920.6,1938.0,1898.0,1920.4,277434,5312.97,20384,156625.0,56.45,2026-08-24
IPHL,SM,24-Aug-2026,67.0,65.25,67.95,65.25,67.9,6000,4.04,5,3600.0,60.0,2026-08-24
IPL,EQ,24-Aug-2026,140.27,141.45,142.25,139.16,139.94,81235,114.07,1515,48992.0,60.31,2026-08-24
IPRINGLTD,EQ,24-Aug-2026,147.62,148.0,152.0,143.0,143.68,2222,3.27,51,1536.0,69.13,2026-08-24
IRB,EQ,24-Aug-2026,18.95,18.95,19.08,18.87,18.91,7740780,1465.09,22149,4151255.0,53.63,2026-08-24
IRBINVIT,IV,24-Aug-2026,64.15,64.6,64.74,64.26,64.56,475854,307.29,4883,382071.0,80.29,2026-08-24
IRCON,EQ,24-Aug-2026,124.72,124.72,126.67,122.86,123.1,930997,1157.03,13293,420019.0,45.11,2026-08-24
IRCTC,EQ,24-Aug-2026,484.2,484.2,489.7,481.0,483.15,947969,4591.7,31459,461368.0,48.67,2026-08-24
IREDA,EQ,24-Aug-2026,115.0,115.37,116.39,114.8,115.4,4483974,5183.24,26577,1250164.0,27.88,2026-08-24
IRFC,EQ,24-Aug-2026,86.4,86.65,87.25,85.53,85.99,8794748,7582.88,47505,3205933.0,36.45,2026-08-24
IRIS,EQ,24-Aug-2026,243.89,244.2,247.76,240.83,242.06,16458,40.02,681,9098.0,55.28,2026-08-24
IRISDOREME,EQ,24-Aug-2026,57.0,57.0,58.4,54.23,57.6,1641790,917.88,11430,599582.0,36.52,2026-08-24
IRMENERGY,EQ,24-Aug-2026,286.15,290.0,290.0,281.0,281.95,49996,141.81,2350,25792.0,51.59,2026-08-24
ISFT,EQ,24-Aug-2026,86.18,87.5,87.99,84.4,87.41,124028,107.02,804,12373.0,9.98,2026-08-24
ISGEC,EQ,24-Aug-2026,755.1,763.6,793.9,755.1,783.3,157773,1224.04,11371,84949.0,53.84,2026-08-24
ISHAN,SM,24-Aug-2026,0.5,0.5,0.5,0.5,0.5,48000,0.24,1,48000.0,100.0,2026-08-24
ISHANCH,EQ,24-Aug-2026,48.21,48.5,48.5,46.8,47.27,213922,102.21,699,187083.0,87.45,2026-08-24
ISTLTD,EQ,24-Aug-2026,674.8,675.0,738.6,660.65,664.25,1500,10.25,128,1176.0,78.4,2026-08-24
IT,EQ,24-Aug-2026,33.73,32.88,34.31,32.88,33.83,218426,74.38,992,106876.0,48.93,2026-08-24
ITADD,EQ,24-Aug-2026,32.25,32.42,32.77,32.27,32.31,32097,10.42,73,29844.0,92.98,2026-08-24
ITALIANE,SM,24-Aug-2026,33.6,33.65,34.0,32.8,33.3,20000,6.69,10,20000.0,100.0,2026-08-24
ITAXIS,EQ,24-Aug-2026,337.07,335.3,340.9,333.62,335.2,4223,14.26,136,1726.0,40.87,2026-08-24
ITBEES,EQ,24-Aug-2026,33.87,34.2,34.29,33.66,33.92,5677366,1935.56,13417,3027503.0,53.33,2026-08-24
ITBETA,EQ,24-Aug-2026,319.15,324.47,324.47,320.74,320.74,563,1.82,25,538.0,95.56,2026-08-24
ITC,EQ,24-Aug-2026,269.4,270.6,270.6,267.0,269.7,8518400,22869.97,199892,4894057.0,57.45,2026-08-24
ITCHOTELS,EQ,24-Aug-2026,164.98,165.19,166.95,164.3,164.59,750377,1241.59,15235,407030.0,54.24,2026-08-24
ITDC,EQ,24-Aug-2026,684.3,684.3,696.15,678.1,680.5,56228,385.85,5352,19740.0,35.11,2026-08-24
ITETF,EQ,24-Aug-2026,32.29,32.3,32.79,32.3,32.37,469823,152.82,516,305902.0,65.11,2026-08-24
ITI,EQ,24-Aug-2026,279.25,279.55,281.85,278.05,279.0,161719,453.12,5020,67221.0,41.57,2026-08-24
ITIETF,EQ,24-Aug-2026,33.98,34.0,34.38,33.82,33.88,408145,139.46,1421,221506.0,54.27,2026-08-24
ITL,EQ,24-Aug-2026,321.8,333.0,375.0,326.2,365.05,21649,76.29,511,19631.0,90.68,2026-08-24
IVALUE,EQ,24-Aug-2026,286.8,286.75,297.6,282.5,284.15,1039578,3011.99,17717,607822.0,58.47,2026-08-24
IVC,EQ,24-Aug-2026,8.2,7.95,8.24,7.95,8.1,168606,13.67,1037,141265.0,83.78,2026-08-24
IVP,BE,24-Aug-2026,185.46,185.46,185.46,181.05,181.48,7964,14.51,51,,,2026-08-24
IVZBANKNF,EQ,24-Aug-2026,57.47,57.65,57.67,57.18,57.41,925,0.53,17,875.0,94.59,2026-08-24
IVZINGOLD,EQ,24-Aug-2026,138.5,139.85,140.7,139.3,140.15,18032,25.26,329,12370.0,68.6,2026-08-24
IVZINNIFTY,EQ,24-Aug-2026,278.0,271.05,279.06,271.05,277.7,238,0.66,35,160.0,67.23,2026-08-24
IVZSENSEX,EQ,24-Aug-2026,77.77,77.57,77.57,77.11,77.45,1845,1.43,29,1375.0,74.53,2026-08-24
IWARE,ST,24-Aug-2026,445.0,448.5,448.5,438.1,447.35,9600,42.57,16,8400.0,87.5,2026-08-24
IWP,EQ,24-Aug-2026,34.09,33.92,35.0,33.0,33.4,18101,6.07,96,16260.0,89.83,2026-08-24
IXIGO,EQ,24-Aug-2026,170.3,170.0,172.19,167.1,167.68,1244904,2096.76,30733,739246.0,59.38,2026-08-24
IZMO,EQ,24-Aug-2026,854.7,858.55,872.0,835.0,841.25,97157,825.0,7749,39898.0,41.07,2026-08-24
J&KBANK,EQ,24-Aug-2026,149.01,149.0,149.45,146.0,146.21,1056049,1557.83,16693,558463.0,52.88,2026-08-24
JAGRAN,EQ,24-Aug-2026,61.96,62.42,62.58,61.69,61.94,182353,113.25,2294,120089.0,65.86,2026-08-24
JAGSNPHARM,EQ,24-Aug-2026,236.54,239.0,248.0,238.68,240.77,219001,532.36,6050,101052.0,46.14,2026-08-24
JAIBALAJI,EQ,24-Aug-2026,63.57,63.9,65.9,63.5,65.52,522888,339.93,2874,377477.0,72.19,2026-08-24
JAICORPLTD,EQ,24-Aug-2026,102.22,102.22,103.74,101.0,101.52,335867,342.79,3704,146647.0,43.66,2026-08-24
JAINIK,SM,24-Aug-2026,212.5,210.0,212.1,210.0,212.1,4800,10.12,4,3600.0,75.0,2026-08-24
JAINREC,EQ,24-Aug-2026,295.85,295.6,300.8,292.3,294.3,709495,2094.25,19613,290157.0,40.9,2026-08-24
JAIPURKURT,EQ,24-Aug-2026,26.86,26.51,27.8,26.32,26.69,8455,2.26,72,7276.0,86.06,2026-08-24
JALAN,ST,24-Aug-2026,1.9,1.95,1.95,1.95,1.95,24000,0.47,5,24000.0,100.0,2026-08-24
JAMNAAUTO,EQ,24-Aug-2026,121.41,121.2,122.38,117.97,118.82,1339264,1605.13,12554,759292.0,56.69,2026-08-24
JARO,EQ,24-Aug-2026,443.1,448.4,458.75,442.05,445.2,96638,435.38,3454,27276.0,28.22,2026-08-24
JASH,EQ,24-Aug-2026,472.5,471.5,486.6,466.35,469.7,116289,553.01,4863,68568.0,58.96,2026-08-24
JAYAGROGN,EQ,24-Aug-2026,220.69,221.25,230.5,219.11,228.63,11372,25.64,273,8180.0,71.93,2026-08-24
JAYBARMARU,EQ,24-Aug-2026,125.54,125.5,127.88,125.5,126.81,124693,158.53,1747,76363.0,61.24,2026-08-24
JAYBEE,SM,24-Aug-2026,85.25,85.0,86.95,83.65,85.9,13000,11.1,26,9500.0,73.08,2026-08-24
JAYESH,SM,24-Aug-2026,134.5,135.0,136.95,132.1,135.25,56000,75.69,9,54000.0,96.43,2026-08-24
JAYKAY,EQ,24-Aug-2026,154.96,158.79,158.79,151.8,155.51,258667,400.25,5532,109851.0,42.47,2026-08-24
JAYNECOIND,EQ,24-Aug-2026,99.89,102.5,104.7,101.31,104.22,11564864,11921.05,52315,4883732.0,42.23,2026-08-24
JAYSREETEA,EQ,24-Aug-2026,101.81,104.7,104.7,102.11,103.7,136260,141.07,1512,78915.0,57.92,2026-08-24
JBMA,EQ,24-Aug-2026,673.95,663.75,670.35,657.15,661.45,669187,4438.47,22761,199249.0,29.77,2026-08-24
JENBURPH,EQ,24-Aug-2026,1028.5,1042.6,1049.0,1010.0,1043.8,2162,22.13,116,1771.0,81.91,2026-08-24
JETFREIGHT,EQ,24-Aug-2026,22.34,22.66,22.76,21.83,22.51,233065,52.1,1729,129310.0,55.48,2026-08-24
JEYYAM,ST,24-Aug-2026,23.35,22.9,23.1,22.65,23.0,28000,6.42,12,22000.0,78.57,2026-08-24
JFLLIFE,SM,24-Aug-2026,10.9,11.35,11.35,10.65,10.95,48000,5.25,8,12000.0,25.0,2026-08-24
JGCHEM,EQ,24-Aug-2026,621.85,625.95,648.95,604.0,608.15,235372,1446.01,8548,98825.0,41.99,2026-08-24
JHS,EQ,24-Aug-2026,8.29,8.28,9.37,8.28,9.01,169124,15.08,477,96060.0,56.8,2026-08-24
JINDALPHOT,EQ,24-Aug-2026,1044.9,1044.9,1073.8,1009.9,1019.8,7061,72.9,594,5127.0,72.61,2026-08-24
JINDALPOLY,EQ,24-Aug-2026,637.6,637.6,651.95,635.2,636.85,6075,38.84,424,3364.0,55.37,2026-08-24
JINDALSAW,EQ,24-Aug-2026,291.65,293.1,295.55,286.0,287.25,1797303,5229.85,30354,585182.0,32.56,2026-08-24
JINDALSTEL,EQ,24-Aug-2026,1127.8,1135.0,1149.0,1130.1,1149.0,908799,10358.89,28157,395167.0,43.48,2026-08-24
JINDRILL,EQ,24-Aug-2026,642.75,642.75,647.95,629.0,630.95,212357,1353.59,8205,76229.0,35.9,2026-08-24
JINDWORLD,EQ,24-Aug-2026,35.33,35.75,36.2,35.44,35.7,956048,342.01,3032,364230.0,38.1,2026-08-24
JIOFIN,EQ,24-Aug-2026,244.0,244.55,245.35,242.0,242.0,6651365,16186.74,58850,3417575.0,51.38,2026-08-24
JISLDVREQS,EQ,24-Aug-2026,21.14,21.35,21.82,20.73,21.07,13668,2.88,127,11737.0,85.87,2026-08-24
JISLJALEQS,EQ,24-Aug-2026,27.86,27.87,28.3,27.85,27.95,805701,225.97,2399,535999.0,66.53,2026-08-24
JITFINFRA,EQ,24-Aug-2026,309.0,315.0,318.9,305.55,316.35,15073,47.16,583,8723.0,57.87,2026-08-24
JIWANRAM,SM,24-Aug-2026,4.7,5.0,5.0,5.0,5.0,12000,0.6,2,12000.0,100.0,2026-08-24
JKCEMENT,EQ,24-Aug-2026,5250.0,5247.5,5280.0,5201.5,5215.5,9896,517.6,3812,4559.0,46.07,2026-08-24
JKIL,EQ,24-Aug-2026,506.3,506.25,507.85,501.3,504.65,56596,285.38,2500,25310.0,44.72,2026-08-24
JKIPL,EQ,24-Aug-2026,102.32,102.32,105.35,100.21,104.4,21297,21.99,231,15984.0,75.05,2026-08-24
JKLAKSHMI,EQ,24-Aug-2026,559.45,561.0,561.0,551.15,554.9,151319,839.09,13126,66596.0,44.01,2026-08-24
JKPAPER,EQ,24-Aug-2026,391.8,391.75,398.0,389.55,393.3,347771,1369.38,13236,142182.0,40.88,2026-08-24
JKTYRE,EQ,24-Aug-2026,374.7,378.45,384.4,377.0,382.6,666349,2539.32,15410,286883.0,43.05,2026-08-24
JLHL,EQ,24-Aug-2026,309.75,309.95,314.65,304.0,307.85,63292,194.84,4407,31615.0,49.95,2026-08-24
JMA,EQ,24-Aug-2026,90.73,90.73,90.73,86.4,88.96,7885,7.02,168,5685.0,72.1,2026-08-24
JMFINANCIL,EQ,24-Aug-2026,128.24,128.86,132.45,128.01,129.5,3330408,4348.06,25383,1449927.0,43.54,2026-08-24
JNKINDIA,EQ,24-Aug-2026,454.35,463.25,466.7,447.1,450.0,164637,744.97,5690,68086.0,41.36,2026-08-24
JNPR,EQ,24-Aug-2026,265.8,265.8,269.9,258.3,261.99,681285,1805.56,15723,253158.0,37.16,2026-08-24
JOCIL,BE,24-Aug-2026,149.99,149.99,150.1,146.25,148.0,459,0.69,16,,,2026-08-24
JPOLYINVST,EQ,24-Aug-2026,964.0,968.9,990.6,938.0,946.1,72550,705.5,2761,54208.0,74.72,2026-08-24
JPPOWER,EQ,24-Aug-2026,17.1,17.25,17.47,17.06,17.1,33282336,5724.24,69755,13297482.0,39.95,2026-08-24
JSFB,EQ,24-Aug-2026,582.35,588.55,599.7,571.05,581.55,3139181,18381.39,43289,1344257.0,42.82,2026-08-24
JSL,EQ,24-Aug-2026,701.35,706.75,710.85,699.75,702.4,278881,1963.57,21175,163267.0,58.54,2026-08-24
JSLL,EQ,24-Aug-2026,505.35,509.7,536.0,507.8,511.3,538095,2792.65,18482,203162.0,37.76,2026-08-24
JSWCEMENT,EQ,24-Aug-2026,126.04,126.2,128.28,126.0,126.79,883246,1125.02,15792,509821.0,57.72,2026-08-24
JSWDULUX,EQ,24-Aug-2026,3118.8,3108.9,3140.3,3080.0,3122.9,10615,331.16,3618,6722.0,63.33,2026-08-24
JSWENERGY,EQ,24-Aug-2026,544.95,547.55,553.3,544.2,544.7,721083,3954.5,17809,314447.0,43.61,2026-08-24
JSWHL,EQ,24-Aug-2026,11289.0,11371.0,11497.0,11057.0,11161.0,2202,248.03,950,1088.0,49.41,2026-08-24
JSWINFRA,EQ,24-Aug-2026,335.7,335.7,342.85,334.15,340.2,1950770,6639.79,43819,1258110.0,64.49,2026-08-24
JSWSTEEL,EQ,24-Aug-2026,1293.7,1298.0,1327.0,1295.3,1327.0,3648206,47886.24,82542,1937710.0,53.11,2026-08-24
JTEKTINDIA,EQ,24-Aug-2026,126.1,125.1,128.33,125.05,126.54,192858,245.0,2743,91877.0,47.64,2026-08-24
JTLIND,EQ,24-Aug-2026,79.52,80.0,80.98,78.51,79.52,1876675,1494.37,11821,785988.0,41.88,2026-08-24
JUBLCPL,EQ,24-Aug-2026,2227.8,2202.0,2294.9,2118.0,2127.1,11151,242.72,1013,8204.0,73.57,2026-08-24
JUBLFOOD,EQ,24-Aug-2026,506.75,506.9,515.25,506.2,507.9,1259699,6420.28,24361,439895.0,34.92,2026-08-24
JUBLINGREA,EQ,24-Aug-2026,718.35,718.55,726.95,694.5,708.2,567691,4018.28,20490,322945.0,56.89,2026-08-24
JUBLPHARMA,EQ,24-Aug-2026,880.35,912.0,928.15,877.6,902.7,1931803,17363.59,86570,673640.0,34.87,2026-08-24
JUNIORBEES,EQ,24-Aug-2026,800.27,807.47,807.47,794.27,799.94,365576,2924.71,9197,256509.0,70.17,2026-08-24
JUNIPER,EQ,24-Aug-2026,210.08,211.45,212.45,208.4,209.12,211902,446.19,3070,146198.0,68.99,2026-08-24
JUSTDIAL,EQ,24-Aug-2026,674.05,668.0,679.45,662.45,664.95,81410,545.43,4061,43936.0,53.97,2026-08-24
JWL,EQ,24-Aug-2026,247.0,248.2,251.9,247.1,247.85,667692,1665.7,11228,247651.0,37.09,2026-08-24
JYOTHYLAB,EQ,24-Aug-2026,204.95,205.0,215.5,205.0,212.57,1532382,3241.24,26444,790165.0,51.56,2026-08-24
JYOTICNC,EQ,24-Aug-2026,988.8,990.0,999.0,972.0,980.25,793950,7794.1,33844,335933.0,42.31,2026-08-24
JYOTIRES,EQ,24-Aug-2026,849.5,849.5,871.9,845.2,860.5,19487,167.24,1062,11082.0,56.87,2026-08-24
JYOTISTRUC,EQ,24-Aug-2026,10.57,10.59,11.07,10.56,10.67,5046670,546.06,5468,2165366.0,42.91,2026-08-24
K2INFRA,ST,24-Aug-2026,52.3,52.7,52.7,50.15,50.4,35400,17.99,39,30600.0,86.44,2026-08-24
KABRAEXTRU,EQ,24-Aug-2026,566.2,567.0,625.15,567.0,611.1,1093357,6577.39,30883,358517.0,32.79,2026-08-24
KAJARIACER,EQ,24-Aug-2026,1208.5,1204.0,1211.0,1196.9,1205.6,83435,1003.32,8833,42246.0,50.63,2026-08-24
KAKATCEM,EQ,24-Aug-2026,115.84,119.6,120.0,116.7,117.38,10458,12.43,213,6693.0,64.0,2026-08-24
KALAMANDIR,EQ,24-Aug-2026,86.29,86.98,92.0,86.72,88.37,1193582,1073.48,10603,465121.0,38.97,2026-08-24
KALANA,SM,24-Aug-2026,24.3,25.5,25.5,25.5,25.5,2000,0.51,1,2000.0,100.0,2026-08-24
KALPATARU,EQ,24-Aug-2026,283.45,284.45,294.2,283.45,286.9,109109,315.55,1885,65727.0,60.24,2026-08-24
KALYANIFRG,EQ,24-Aug-2026,691.5,701.85,701.85,673.45,679.8,1440,9.84,197,1025.0,71.18,2026-08-24
KALYANKJIL,EQ,24-Aug-2026,603.55,608.5,610.35,601.15,607.95,5956971,36135.57,51540,1660185.0,27.87,2026-08-24
KAMAHOLD,EQ,24-Aug-2026,2421.1,2423.0,2444.9,2415.0,2417.4,2974,72.04,382,2430.0,81.71,2026-08-24
KAMANWALA,EQ,24-Aug-2026,16.77,16.93,18.5,16.0,16.97,18598,3.13,142,14174.0,76.21,2026-08-24
KAMATHOTEL,EQ,24-Aug-2026,207.66,211.4,231.37,209.98,225.94,476582,1062.52,10103,193680.0,40.64,2026-08-24
KAMDHENU,BE,24-Aug-2026,35.22,36.0,36.66,33.66,34.57,554981,196.19,1042,,,2026-08-24
KAMOPAINTS,EQ,24-Aug-2026,4.45,4.54,5.0,4.4,4.62,359359,16.77,787,244105.0,67.93,2026-08-24
KANANIIND,EQ,24-Aug-2026,1.5,1.5,1.51,1.48,1.49,70249,1.05,188,50368.0,71.7,2026-08-24
KANCHI,EQ,24-Aug-2026,373.5,373.5,377.0,369.0,373.65,2890,10.77,118,2768.0,95.78,2026-08-24
KANCOTEA,EQ,24-Aug-2026,54.3,56.79,56.79,56.35,56.35,50,0.03,3,50.0,100.0,2026-08-24
KANDARP,SM,24-Aug-2026,101.5,100.0,100.0,99.9,99.9,19000,18.99,16,19000.0,100.0,2026-08-24
KANORICHEM,BE,24-Aug-2026,153.89,153.45,158.7,151.01,154.67,45008,69.9,286,,,2026-08-24
KANPRPLA,EQ,24-Aug-2026,260.91,261.5,279.18,261.5,275.96,76155,207.96,1708,36527.0,47.96,2026-08-24
KANSAINER,EQ,24-Aug-2026,205.85,205.75,208.05,201.0,201.56,186381,380.13,7021,94180.0,50.53,2026-08-24
KAPSTON,EQ,24-Aug-2026,528.2,528.0,528.0,510.0,512.2,70491,364.08,2977,45311.0,64.28,2026-08-24
KARMAENG,EQ,24-Aug-2026,38.59,39.99,39.99,37.71,38.21,3072,1.18,103,2217.0,72.17,2026-08-24
KARNIKA,SM,24-Aug-2026,112.35,112.35,117.0,111.15,115.3,45000,51.09,35,33000.0,73.33,2026-08-24
KARURVYSYA,EQ,24-Aug-2026,335.5,335.25,339.0,334.25,338.15,1139927,3836.94,24690,578932.0,50.79,2026-08-24
KATARIA,SM,24-Aug-2026,103.7,102.05,106.0,99.65,106.0,7800,7.97,11,6000.0,76.92,2026-08-24
KAUSHALYA,BE,24-Aug-2026,872.2,872.2,894.0,872.2,885.0,31,0.27,15,,,2026-08-24
KAVDEFENCE,EQ,24-Aug-2026,56.9,57.38,58.0,56.7,57.12,68125,39.0,1430,32613.0,47.87,2026-08-24
KAYA,EQ,24-Aug-2026,382.25,384.0,393.0,361.7,367.35,70518,263.97,5322,19401.0,27.51,2026-08-24
KAYNES,EQ,24-Aug-2026,3890.0,3930.0,3963.5,3840.2,3840.2,1251926,48886.31,77847,386459.0,30.87,2026-08-24
KAYTEX,SM,24-Aug-2026,59.9,59.1,60.0,59.1,60.0,4000,2.39,5,4000.0,100.0,2026-08-24
KCEIL,SM,24-Aug-2026,84.7,87.55,87.55,80.0,82.55,37500,31.22,66,30000.0,80.0,2026-08-24
KCK,ST,24-Aug-2026,15.2,15.0,15.0,14.45,14.45,82500,12.0,32,82500.0,100.0,2026-08-24
KCP,EQ,24-Aug-2026,163.83,164.0,180.4,164.0,176.62,1458256,2566.0,22453,506199.0,34.71,2026-08-24
KCPSUGIND,BE,24-Aug-2026,34.81,35.1,36.47,34.0,34.31,585002,205.91,1682,,,2026-08-24
KDDL,EQ,24-Aug-2026,4005.4,4017.7,4017.7,3815.8,3848.7,170386,6576.41,10042,121505.0,71.31,2026-08-24
KDL,SM,24-Aug-2026,88.45,92.0,97.25,90.0,97.25,54600,52.37,182,49200.0,90.11,2026-08-24
KEC,EQ,24-Aug-2026,435.95,439.0,441.4,430.0,431.35,552048,2402.94,15725,280309.0,50.78,2026-08-24
KECL,EQ,24-Aug-2026,132.23,133.76,135.0,131.0,131.57,101977,135.13,1632,60455.0,59.28,2026-08-24
KEEPLEARN,EQ,24-Aug-2026,1.91,1.91,1.97,1.82,1.82,55690,1.04,125,46711.0,83.88,2026-08-24
KEI,EQ,24-Aug-2026,5527.6,5549.0,5550.5,5450.0,5494.0,250441,13740.81,36918,119582.0,47.75,2026-08-24
KELLTONTEC,EQ,24-Aug-2026,13.56,13.56,14.52,13.5,13.76,3572880,498.84,8129,1287581.0,36.04,2026-08-24
KEN,SM,24-Aug-2026,40.6,39.05,40.15,39.05,39.9,10800,4.31,9,9600.0,88.89,2026-08-24
KENNAMET,EQ,24-Aug-2026,4044.7,4048.0,4260.0,4048.0,4232.0,86099,3583.61,15432,36944.0,42.91,2026-08-24
KERNEX,EQ,24-Aug-2026,1934.5,1954.0,2006.9,1940.0,1966.8,225032,4434.24,14733,81554.0,36.24,2026-08-24
KESORAMIND,BE,24-Aug-2026,11.5,11.4,11.43,11.35,11.35,113432,12.93,219,,,2026-08-24
KEYFINSERV,EQ,24-Aug-2026,262.5,260.0,269.0,255.95,263.0,582,1.51,57,314.0,53.95,2026-08-24
KFINTECH,EQ,24-Aug-2026,980.0,983.9,988.95,964.05,969.9,1362028,13295.13,36583,689126.0,50.6,2026-08-24
KHADIM,BE,24-Aug-2026,97.0,97.5,101.85,96.0,101.85,30995,31.37,183,,,2026-08-24
KHAICHEM,EQ,24-Aug-2026,55.82,55.82,56.78,53.07,53.96,165867,90.89,1689,93775.0,56.54,2026-08-24
KHAITANLTD,EQ,24-Aug-2026,147.95,150.0,152.0,145.11,151.94,2790,4.17,67,2572.0,92.19,2026-08-24
KHANDSE,EQ,24-Aug-2026,17.5,17.5,18.0,16.5,17.11,1644,0.28,55,1031.0,62.71,2026-08-24
KHFM,SM,24-Aug-2026,47.45,43.8,46.1,43.8,45.3,17050,7.62,9,13950.0,81.82,2026-08-24
KICL,EQ,24-Aug-2026,5382.5,5438.5,5439.5,5227.0,5272.5,921,48.8,211,517.0,56.13,2026-08-24
KILITCH,BE,24-Aug-2026,162.33,162.5,168.3,161.05,166.89,38323,63.46,240,,,2026-08-24
KIMS,EQ,24-Aug-2026,782.5,784.85,785.7,763.7,766.35,735056,5672.12,44307,489328.0,66.57,2026-08-24
KINGFA,EQ,24-Aug-2026,5813.5,5810.0,5878.0,5710.0,5744.0,7966,459.22,2355,4315.0,54.17,2026-08-24
KIOCL,EQ,24-Aug-2026,388.1,390.0,393.0,386.5,388.3,48279,187.86,2007,22877.0,47.38,2026-08-24
KIRANVYPAR,EQ,24-Aug-2026,198.0,199.0,203.9,196.01,200.99,4644,9.32,108,4443.0,95.67,2026-08-24
KIRIINDUS,EQ,24-Aug-2026,477.9,480.25,528.0,480.05,502.4,3247098,16510.45,66405,983959.0,30.3,2026-08-24
KIRLFER,EQ,24-Aug-2026,441.2,441.2,445.8,435.0,444.1,68903,304.68,4868,43544.0,63.2,2026-08-24
KIRLOSBROS,EQ,24-Aug-2026,1906.2,1905.8,1932.7,1879.1,1922.4,50769,967.36,9245,22217.0,43.76,2026-08-24
KIRLOSENG,EQ,24-Aug-2026,2100.8,2106.0,2121.9,2055.1,2068.3,357890,7445.28,27094,191570.0,53.53,2026-08-24
KIRLOSIND,EQ,24-Aug-2026,3685.0,3692.0,3728.8,3650.0,3663.8,3699,136.36,775,2018.0,54.56,2026-08-24
KIRLPNU,EQ,24-Aug-2026,748.8,748.8,750.0,726.5,729.6,117553,865.3,11145,51340.0,43.67,2026-08-24
KISSHT,EQ,24-Aug-2026,310.95,311.5,320.05,302.05,305.6,1112361,3443.73,22929,446129.0,40.11,2026-08-24
KITEX,EQ,24-Aug-2026,124.95,125.23,128.71,125.23,127.16,474828,604.51,5549,207704.0,43.74,2026-08-24
KJMCFIN,EQ,24-Aug-2026,79.7,82.0,84.5,71.73,71.73,19958,15.1,240,17444.0,87.4,2026-08-24
KKCL,EQ,24-Aug-2026,516.45,516.45,527.2,505.5,522.9,84634,439.94,3325,61134.0,72.23,2026-08-24
KKJEWELS,SM,24-Aug-2026,104.75,102.15,102.85,97.2,98.2,52000,52.04,46,41000.0,78.85,2026-08-24
KKVAPOW,SM,24-Aug-2026,407.45,387.1,387.1,387.1,387.1,342,1.32,2,342.0,100.0,2026-08-24
KLBRENG-B,EQ,24-Aug-2026,397.4,405.0,409.7,388.0,398.35,449174,1779.25,11613,251408.0,55.97,2026-08-24
KLL,SM,24-Aug-2026,21.8,22.75,23.0,22.5,22.9,11200,2.55,12,11200.0,100.0,2026-08-24
KMCSHIL,EQ,24-Aug-2026,141.65,143.07,144.78,138.62,139.25,123570,175.61,2400,77219.0,62.49,2026-08-24
KMEW,EQ,24-Aug-2026,2725.6,2751.8,2770.0,2691.1,2712.7,37428,1025.64,5303,15750.0,42.08,2026-08-24
KMSUGAR,EQ,24-Aug-2026,33.55,33.99,36.5,33.11,34.05,1551835,548.79,6422,789129.0,50.85,2026-08-24
KNACK,EQ,24-Aug-2026,203.55,205.0,210.0,201.42,202.03,978955,2013.04,11350,306891.0,31.35,2026-08-24
KNAGRI,EQ,24-Aug-2026,213.7,214.9,230.0,212.8,221.2,37331,82.88,767,25052.0,67.11,2026-08-24
KNRCON,EQ,24-Aug-2026,127.0,127.0,134.44,126.74,127.15,3720186,4854.54,33832,1752368.0,47.1,2026-08-24
KODYTECH,ST,24-Aug-2026,1435.0,1464.8,1480.0,1445.0,1453.4,10400,152.28,72,8800.0,84.62,2026-08-24
KOHINOOR,EQ,24-Aug-2026,36.59,37.8,37.8,34.55,36.47,708916,256.68,4754,265876.0,37.5,2026-08-24
KOKUYOCMLN,EQ,24-Aug-2026,80.08,81.0,84.9,80.1,82.34,38620,31.62,427,29065.0,75.26,2026-08-24
KOLTEPATIL,EQ,24-Aug-2026,468.55,465.9,470.65,449.15,452.1,168013,771.75,5725,73253.0,43.6,2026-08-24
KONSTELEC,ST,24-Aug-2026,53.2,55.75,55.85,55.75,55.85,15000,8.37,6,15000.0,100.0,2026-08-24
KONTOR,SM,24-Aug-2026,55.95,56.0,57.65,56.0,57.65,3000,1.69,3,3000.0,100.0,2026-08-24
KOPRAN,BE,24-Aug-2026,196.09,195.0,199.0,193.3,193.88,47097,92.14,370,,,2026-08-24
KORE,SM,24-Aug-2026,127.55,128.0,136.6,122.0,128.15,10750,13.67,33,9250.0,86.05,2026-08-24
KOTAKBANK,EQ,24-Aug-2026,402.8,403.5,405.6,398.2,401.45,14932117,59891.69,112432,10790692.0,72.26,2026-08-24
KOTARISUG,EQ,24-Aug-2026,33.29,34.48,39.94,33.96,39.16,3632127,1380.19,11694,1369579.0,37.71,2026-08-24
KOTHARIPET,EQ,24-Aug-2026,132.48,134.6,137.35,132.84,134.25,49967,67.34,1199,26866.0,53.77,2026-08-24
KOTHARIPRO,EQ,24-Aug-2026,68.05,68.05,71.4,68.0,68.52,31843,22.09,729,18031.0,56.62,2026-08-24
KOTIC,EQ,24-Aug-2026,142.77,144.9,159.9,141.2,155.55,78288,120.98,1567,22692.0,28.99,2026-08-24
KOTYARK,BE,24-Aug-2026,37.33,36.99,36.99,35.47,35.52,219131,78.29,845,,,2026-08-24
KOVAI,EQ,24-Aug-2026,6034.5,6050.0,6070.0,5911.0,5925.5,3584,214.44,930,2380.0,66.41,2026-08-24
KPEL,EQ,24-Aug-2026,259.3,261.6,266.65,255.1,256.75,338199,885.34,7150,142348.0,42.09,2026-08-24
KPIGREEN,EQ,24-Aug-2026,312.6,315.0,322.0,314.2,321.15,1247358,3976.86,23615,460047.0,36.88,2026-08-24
KPIL,EQ,24-Aug-2026,1404.5,1410.9,1421.9,1385.1,1388.9,246716,3459.14,22210,143256.0,58.07,2026-08-24
KPITTECH,EQ,24-Aug-2026,589.3,589.35,595.9,581.0,583.1,1117937,6567.36,25383,520080.0,46.52,2026-08-24
KPL,EQ,24-Aug-2026,3361.1,3365.0,3524.1,3350.1,3452.2,44461,1535.31,5934,17188.0,38.66,2026-08-24
KPRMILL,EQ,24-Aug-2026,1151.6,1160.0,1160.0,1110.0,1112.3,194663,2194.3,18427,91059.0,46.78,2026-08-24
KRBL,EQ,24-Aug-2026,406.95,411.05,444.0,407.9,437.8,5300520,22985.31,81294,1581115.0,29.83,2026-08-24
KREBSBIO,EQ,24-Aug-2026,53.61,53.62,54.77,53.0,53.15,6017,3.21,313,4078.0,67.77,2026-08-24
KRIDHANINF,BE,24-Aug-2026,2.08,2.17,2.17,1.98,2.04,55089,1.13,70,,,2026-08-24
KRISHANA,EQ,24-Aug-2026,198.41,201.08,202.32,197.27,199.68,809829,1618.24,8357,386456.0,47.72,2026-08-24
KRISHCA,SM,24-Aug-2026,172.2,169.0,172.5,166.6,169.45,36000,61.23,39,32000.0,88.89,2026-08-24
KRISHIVAL,EQ,24-Aug-2026,405.65,405.8,410.95,400.8,408.5,20004,81.27,516,15295.0,76.46,2026-08-24
KRISHNADEF,EQ,24-Aug-2026,1026.8,1030.9,1035.0,1010.8,1018.4,76209,780.26,5428,40295.0,52.87,2026-08-24
KRITI,EQ,24-Aug-2026,64.34,65.63,66.5,63.55,65.11,6840,4.44,107,5042.0,73.71,2026-08-24
KRITIKA,EQ,24-Aug-2026,5.58,5.57,5.6,5.45,5.48,148539,8.18,480,133856.0,90.12,2026-08-24
KRITINUT,EQ,24-Aug-2026,84.46,84.6,88.68,84.0,88.68,22067,19.4,239,18699.0,84.74,2026-08-24
KRMAYURVED,SM,24-Aug-2026,277.05,278.1,278.85,267.25,269.4,87000,236.35,67,59000.0,67.82,2026-08-24
KRN,EQ,24-Aug-2026,1482.1,1485.0,1509.8,1461.1,1471.2,82417,1224.76,7266,49661.0,60.26,2026-08-24
KRONOX,EQ,24-Aug-2026,215.18,213.81,217.66,203.0,205.36,2981558,6271.0,28086,806128.0,27.04,2026-08-24
KROSS,EQ,24-Aug-2026,206.84,207.0,210.97,204.25,209.6,289248,599.49,7562,137965.0,47.7,2026-08-24
KRSNAA,EQ,24-Aug-2026,561.65,558.45,567.6,548.0,563.0,37249,209.54,3738,21764.0,58.43,2026-08-24
KRT,RR,24-Aug-2026,115.99,116.45,117.0,115.02,116.86,292586,340.53,4491,239053.0,81.7,2026-08-24
KRYSTAL,EQ,24-Aug-2026,657.95,663.35,665.0,638.4,640.4,17990,116.97,1403,10351.0,57.54,2026-08-24
KSB,EQ,24-Aug-2026,801.85,802.0,810.8,784.85,791.75,160059,1265.68,8870,93572.0,58.46,2026-08-24
KSCL,EQ,24-Aug-2026,760.1,757.45,776.85,757.45,768.35,199990,1541.13,7870,96612.0,48.31,2026-08-24
KSE,EQ,24-Aug-2026,183.84,184.0,184.0,173.31,176.26,77032,136.38,1909,54507.0,70.76,2026-08-24
KSHINTL,EQ,24-Aug-2026,1009.25,1015.95,1015.95,971.5,978.95,154028,1524.5,10951,84570.0,54.91,2026-08-24
KSHITIJPOL,EQ,24-Aug-2026,2.82,2.78,2.95,2.77,2.83,965561,27.53,985,692791.0,71.75,2026-08-24
KSL,EQ,24-Aug-2026,881.15,889.7,894.85,872.8,876.45,51665,456.57,4466,26228.0,50.77,2026-08-24
KSOLVES,EQ,24-Aug-2026,272.05,278.0,278.0,271.0,274.45,22442,61.33,1005,13382.0,59.63,2026-08-24
KSR,EQ,24-Aug-2026,28.2,28.0,29.95,28.0,28.8,144421,41.51,178,130577.0,90.41,2026-08-24
KTKBANK,EQ,24-Aug-2026,328.3,328.3,336.7,326.5,333.25,2769889,9199.71,41722,1438626.0,51.94,2026-08-24
KUANTUM,EQ,24-Aug-2026,74.19,74.19,74.53,72.1,73.0,218264,160.52,1732,76963.0,35.26,2026-08-24
KUSUMGAR,EQ,24-Aug-2026,581.95,582.9,622.7,578.05,604.65,822274,5003.45,31733,380271.0,46.25,2026-08-24
KWIL,EQ,24-Aug-2026,48.35,48.4,50.68,46.65,48.63,118735076,58018.64,205203,14847081.0,12.5,2026-08-24
LADDERUP,EQ,24-Aug-2026,50.8,51.25,51.25,47.0,51.2,9,0.0,4,9.0,100.0,2026-08-24
LAGNAM,EQ,24-Aug-2026,76.91,77.99,78.0,74.05,75.96,4708,3.59,103,4191.0,89.02,2026-08-24
LAHOTIOV,EQ,24-Aug-2026,41.61,42.49,42.5,41.0,41.95,1620,0.68,22,1545.0,95.37,2026-08-24
LAKPRE,BZ,24-Aug-2026,4.46,4.68,4.68,4.27,4.28,3673,0.17,28,,,2026-08-24
LAKSHMIMIL,EQ,24-Aug-2026,8344.5,8499.0,8499.0,8100.5,8164.0,20,1.66,13,20.0,100.0,2026-08-24
LAKSHYA,SM,24-Aug-2026,86.4,86.0,86.0,82.0,82.5,4800,4.04,4,4800.0,100.0,2026-08-24
LAL,EQ,24-Aug-2026,8.76,9.15,9.15,8.82,9.01,51072,4.63,199,42464.0,83.15,2026-08-24
LALITHAA,EQ,24-Aug-2026,201.0,265.0,274.4,244.4,248.44,99042106,260740.17,927956,47170407.0,47.63,2026-08-24
LALPATHLAB,EQ,24-Aug-2026,1894.2,1890.0,1911.6,1876.0,1883.8,146775,2772.49,29671,84191.0,57.36,2026-08-24
LAMBODHARA,EQ,24-Aug-2026,118.08,123.3,141.69,119.5,141.69,983823,1320.05,10727,310847.0,31.6,2026-08-24
LAMOSAIC,ST,24-Aug-2026,56.45,54.05,56.5,54.05,56.15,67200,37.52,29,65400.0,97.32,2026-08-24
LANCER,EQ,24-Aug-2026,10.42,10.42,10.91,10.32,10.86,292638,31.21,559,230789.0,78.87,2026-08-24
LANCORHOL,EQ,24-Aug-2026,30.95,31.9,33.5,30.11,32.62,837372,272.36,4908,491893.0,58.74,2026-08-24
LANDMARK,EQ,24-Aug-2026,504.95,502.2,553.85,502.2,541.75,232764,1233.37,10148,93434.0,40.14,2026-08-24
LANDSMILL,EQ,24-Aug-2026,0.75,0.75,0.76,0.74,0.74,1664257,12.56,1107,1053798.0,63.32,2026-08-24
LAOPALA,EQ,24-Aug-2026,173.12,173.0,173.92,168.9,169.46,251251,428.4,8769,144112.0,57.36,2026-08-24
LARGEMID50,EQ,24-Aug-2026,36.83,36.83,36.92,36.7,36.71,62475,23.0,39,2265.0,3.63,2026-08-24
LASA,EQ,24-Aug-2026,7.2,7.38,7.38,7.05,7.26,25439,1.84,176,7166.0,28.17,2026-08-24
LASERPOWER,EQ,24-Aug-2026,337.55,338.0,339.85,331.6,334.5,1047815,3521.39,14617,433691.0,41.39,2026-08-24
LATENTVIEW,EQ,24-Aug-2026,278.1,278.1,292.0,277.25,278.5,1040769,2963.49,23507,305511.0,29.35,2026-08-24
LATTEYS,EQ,24-Aug-2026,23.28,23.45,23.5,22.65,23.08,57455,13.24,280,30360.0,52.84,2026-08-24
LAURUSLABS,EQ,24-Aug-2026,1802.0,1800.0,1810.8,1790.0,1801.0,2894242,52161.36,49237,2236577.0,77.28,2026-08-24
LAXMICOT,EQ,24-Aug-2026,13.92,13.64,14.1,13.64,13.74,6707,0.93,55,5608.0,83.61,2026-08-24
LAXMIDENTL,EQ,24-Aug-2026,198.14,199.57,200.93,193.24,194.99,118674,233.7,2329,74465.0,62.75,2026-08-24
LAXMIINDIA,EQ,24-Aug-2026,128.76,129.5,133.88,124.24,125.5,328656,418.72,2720,173934.0,52.92,2026-08-24
LCCINFOTEC,EQ,24-Aug-2026,3.55,3.68,3.68,3.33,3.53,76171,2.68,192,70791.0,92.94,2026-08-24
LCL,EQ,24-Aug-2026,577.15,580.9,589.0,556.0,584.1,591724,3388.59,24142,234315.0,39.6,2026-08-24
LEAPIND,EQ,24-Aug-2026,162.02,160.99,163.3,156.5,159.36,5189235,8284.43,41453,2234210.0,43.05,2026-08-24
LEENEE,EQ,24-Aug-2026,9.19,10.75,11.02,9.32,10.5,360638,37.98,1641,193710.0,53.71,2026-08-24
LEMERITE,EQ,24-Aug-2026,22.78,23.05,23.05,22.07,22.46,152042,34.66,378,36802.0,24.21,2026-08-24
LEMONTREE,EQ,24-Aug-2026,108.33,108.5,109.8,108.27,108.56,2384816,2598.65,34599,1315187.0,55.15,2026-08-24
LENSKART,EQ,24-Aug-2026,661.4,661.4,673.9,648.0,659.75,7775210,51316.27,145143,3411703.0,43.88,2026-08-24
LEXUS,EQ,24-Aug-2026,14.31,14.8,14.8,13.52,13.8,28368,3.95,153,21622.0,76.22,2026-08-24
LFIC,EQ,24-Aug-2026,140.94,142.0,142.0,137.3,137.31,1103,1.53,21,1004.0,91.02,2026-08-24
LGBBROSLTD,EQ,24-Aug-2026,1609.0,1609.0,1623.8,1599.0,1602.2,10083,161.93,2068,5548.0,55.02,2026-08-24
LGEINDIA,EQ,24-Aug-2026,1623.3,1623.0,1683.0,1622.4,1664.2,744933,12281.31,37477,402839.0,54.08,2026-08-24
LGHL,EQ,24-Aug-2026,175.94,177.7,179.98,175.85,178.2,8737,15.61,444,2201.0,25.19,2026-08-24
LIBAS,EQ,24-Aug-2026,10.02,10.33,10.33,9.65,9.96,57207,5.7,194,49045.0,85.73,2026-08-24
LIBERTSHOE,EQ,24-Aug-2026,246.75,246.55,247.25,241.35,243.8,10295,25.16,655,6335.0,61.53,2026-08-24
LICHSGFIN,EQ,24-Aug-2026,497.0,496.8,499.95,485.45,491.4,4349249,21295.85,43333,2492758.0,57.31,2026-08-24
LICI,EQ,24-Aug-2026,422.25,426.0,427.25,419.25,421.85,10848478,45825.56,116342,6317321.0,58.23,2026-08-24
LICMFGOLD,EQ,24-Aug-2026,142.55,145.0,145.6,143.8,144.55,120457,174.51,1020,53761.0,44.63,2026-08-24
LICNETFGSC,EQ,24-Aug-2026,29.55,29.3,29.7,29.3,29.56,10428,3.08,94,7989.0,76.61,2026-08-24
LICNETFN50,EQ,24-Aug-2026,271.85,272.01,273.49,270.4,272.11,232,0.63,36,205.0,88.36,2026-08-24
LICNETFSEN,EQ,24-Aug-2026,880.97,880.61,880.61,876.22,876.83,6,0.05,4,6.0,100.0,2026-08-24
LICNFNHGP,EQ,24-Aug-2026,279.71,279.68,279.68,277.88,278.75,53,0.15,7,52.0,98.11,2026-08-24
LICNMID100,EQ,24-Aug-2026,63.94,64.58,64.64,63.94,64.01,9415,6.05,90,6187.0,65.71,2026-08-24
LIKHITHA,EQ,24-Aug-2026,210.3,210.3,213.13,208.2,210.98,32523,68.38,739,19077.0,58.66,2026-08-24
LINC,EQ,24-Aug-2026,96.37,96.37,97.78,95.8,96.21,5337,5.14,251,3991.0,74.78,2026-08-24
LINCOLN,EQ,24-Aug-2026,614.05,614.05,620.35,608.25,612.25,20597,126.39,1337,13677.0,66.4,2026-08-24
LINDEINDIA,EQ,24-Aug-2026,6672.0,6684.5,6703.0,6498.0,6531.0,30994,2037.94,7800,16395.0,52.9,2026-08-24
LIQGRWBEES,EQ,24-Aug-2026,1052.73,1052.85,1052.87,1052.85,1052.85,58769,618.75,230,24231.0,41.23,2026-08-24
LIQUID,EQ,24-Aug-2026,999.99,999.99,1000.0,999.99,999.99,44460,444.6,136,26532.0,59.68,2026-08-24
LIQUID1,EQ,24-Aug-2026,1119.41,1121.6,1121.6,1119.41,1119.55,528284,5914.45,573,277244.0,52.48,2026-08-24
LIQUIDADD,EQ,24-Aug-2026,1141.52,1141.68,1141.68,1141.66,1141.67,319507,3647.73,310,247821.0,77.56,2026-08-24
LIQUIDBEES,EQ,24-Aug-2026,999.99,1000.0,1000.01,999.66,999.99,3643933,36439.16,4643,2939529.0,80.67,2026-08-24
LIQUIDBETA,EQ,24-Aug-2026,1005.31,1005.42,1005.42,1005.42,1005.42,49995,502.66,15,49995.0,100.0,2026-08-24
LIQUIDBETF,EQ,24-Aug-2026,1095.78,1095.9,1095.92,1095.9,1095.91,336641,3689.29,329,183044.0,54.37,2026-08-24
LIQUIDCASE,EQ,24-Aug-2026,115.59,115.62,115.62,115.6,115.6,13803133,15957.48,17080,11445945.0,82.92,2026-08-24
LIQUIDETF,EQ,24-Aug-2026,1000.0,1000.0,1000.01,999.99,999.99,121310,1213.1,207,98234.0,80.98,2026-08-24
LIQUIDIETF,EQ,24-Aug-2026,999.99,1000.0,1000.01,999.99,999.99,297308,2973.07,304,189911.0,63.88,2026-08-24
LIQUIDPLUS,EQ,24-Aug-2026,1100.08,1100.08,1100.23,1100.08,1100.21,286954,3157.11,352,256372.0,89.34,2026-08-24
LIQUIDSBI,EQ,24-Aug-2026,1000.0,1000.0,1000.0,999.99,999.99,3696,36.96,32,3595.0,97.27,2026-08-24
LIQUIDSHRI,EQ,24-Aug-2026,1118.45,1118.61,1118.61,1118.59,1118.59,1269,14.2,11,970.0,76.44,2026-08-24
LKPSEC,EQ,24-Aug-2026,17.0,15.7,17.42,15.7,16.37,21224,3.47,223,15486.0,72.96,2026-08-24
LLOYDS,SM,24-Aug-2026,64.0,61.1,63.15,60.8,61.0,8000,4.91,8,6000.0,75.0,2026-08-24
LLOYDSENGG,EQ,24-Aug-2026,90.05,90.1,90.29,86.54,87.17,8583079,7563.68,36468,4146450.0,48.31,2026-08-24
LLOYDSENT,EQ,24-Aug-2026,77.59,77.75,77.8,73.9,74.06,4518666,3388.54,16661,2512291.0,55.6,2026-08-24
LLOYDSME,EQ,24-Aug-2026,1865.9,1865.9,1887.7,1827.0,1831.7,362235,6717.24,24639,195853.0,54.07,2026-08-24
LMW,EQ,24-Aug-2026,19849.0,20030.0,20030.0,19480.0,19558.0,2678,527.32,1483,1069.0,39.92,2026-08-24
LODHA,EQ,24-Aug-2026,1242.0,1230.0,1264.0,1225.4,1258.4,1261611,15790.36,32389,469954.0,37.25,2026-08-24
LOKESHMACH,BE,24-Aug-2026,321.4,320.0,329.9,315.25,320.2,18003,58.08,228,,,2026-08-24
LORDSCHLO,EQ,24-Aug-2026,134.76,137.0,140.0,131.1,132.25,12101,16.15,417,8623.0,71.26,2026-08-24
LOTUSCHO,EQ,24-Aug-2026,614.9,620.0,632.9,610.0,622.2,3838,24.09,184,3377.0,87.99,2026-08-24
LOTUSDEV,BE,24-Aug-2026,164.81,167.0,173.05,164.51,173.05,1211782,2061.6,2702,,,2026-08-24
LOTUSEYE,EQ,24-Aug-2026,115.6,117.0,118.5,115.0,115.5,5011,5.8,131,4391.0,87.63,2026-08-24
LOVABLE,EQ,24-Aug-2026,71.56,72.9,72.9,71.11,72.43,5764,4.15,135,4877.0,84.61,2026-08-24
LOWVOL,EQ,24-Aug-2026,207.92,208.83,208.83,207.44,208.35,245,0.51,11,115.0,46.94,2026-08-24
LOWVOL1,EQ,24-Aug-2026,21.36,21.37,21.42,21.27,21.34,1252529,267.45,206,1195278.0,95.43,2026-08-24
LOWVOLIETF,EQ,24-Aug-2026,22.3,22.5,22.5,22.2,22.25,461464,102.84,1217,316916.0,68.68,2026-08-24
LOYALTEX,EQ,24-Aug-2026,211.04,203.1,230.1,203.1,210.0,1199,2.52,30,752.0,62.72,2026-08-24
LPDC,EQ,24-Aug-2026,7.24,7.75,7.75,7.21,7.25,67257,4.92,200,33715.0,50.13,2026-08-24
LRRPL,SM,24-Aug-2026,86.0,86.0,86.0,84.0,84.0,4500,3.83,3,4500.0,100.0,2026-08-24
LT,EQ,24-Aug-2026,4093.0,4100.0,4107.1,4077.7,4090.0,1369496,56010.92,80383,894318.0,65.3,2026-08-24
LTF,EQ,24-Aug-2026,317.15,317.4,324.45,315.85,315.85,3331638,10665.4,44595,1116310.0,33.51,2026-08-24
LTFOODS,EQ,24-Aug-2026,427.6,427.6,490.7,427.6,459.0,41891152,196874.43,487167,2954272.0,7.05,2026-08-24
LTGILTBEES,EQ,24-Aug-2026,29.98,29.94,30.11,29.92,29.95,1122075,336.39,842,1036248.0,92.35,2026-08-24
LTGILTCASE,EQ,24-Aug-2026,30.55,31.16,31.16,30.52,30.54,190462,58.19,208,147144.0,77.26,2026-08-24
LTM,EQ,24-Aug-2026,4487.8,4487.8,4552.0,4467.9,4525.7,296431,13384.95,34173,100329.0,33.85,2026-08-24
LTTS,EQ,24-Aug-2026,3604.6,3621.8,3667.9,3575.1,3584.6,68874,2496.41,13810,32424.0,47.08,2026-08-24
LUMAXIND,EQ,24-Aug-2026,5880.0,5929.0,5945.5,5732.0,5808.5,9926,576.31,2393,4982.0,50.19,2026-08-24
LUMAXTECH,EQ,24-Aug-2026,1988.8,2007.4,2007.4,1944.5,1964.3,113246,2231.01,13480,53307.0,47.07,2026-08-24
LUPIN,EQ,24-Aug-2026,2201.8,2199.8,2199.8,2180.3,2188.0,475169,10397.93,40927,285702.0,60.13,2026-08-24
LUXIND,EQ,24-Aug-2026,1203.4,1209.8,1231.9,1205.0,1212.4,25370,309.43,2577,12941.0,51.01,2026-08-24
LXCHEM,EQ,24-Aug-2026,173.21,173.54,179.39,172.51,173.18,1057582,1857.75,11471,446035.0,42.17,2026-08-24
LYKALABS,BE,24-Aug-2026,73.62,75.09,75.09,75.09,75.09,20764,15.59,73,,,2026-08-24
M&M,EQ,24-Aug-2026,3412.2,3419.9,3444.7,3400.0,3414.1,1168624,39965.28,65064,655064.0,56.05,2026-08-24
M&MFIN,EQ,24-Aug-2026,381.6,380.0,383.4,377.05,378.7,1565665,5951.04,55696,764555.0,48.83,2026-08-24
MAANALU,EQ,24-Aug-2026,119.4,119.4,121.95,118.39,119.04,31573,37.92,501,19123.0,60.57,2026-08-24
MACOBSTECH,SM,24-Aug-2026,206.0,199.1,205.5,199.1,205.5,4000,8.11,5,2400.0,60.0,2026-08-24
MACPOWER,EQ,24-Aug-2026,1874.8,1884.2,1989.0,1884.2,1963.4,61213,1196.74,4807,35933.0,58.7,2026-08-24
MADHAV,EQ,24-Aug-2026,36.25,36.0,36.25,35.1,35.14,3496,1.25,69,3354.0,95.94,2026-08-24
MADHAVBAUG,ST,24-Aug-2026,169.95,171.5,171.5,171.5,171.5,400,0.69,1,400.0,100.0,2026-08-24
MADHAVIPL,EQ,24-Aug-2026,7.31,7.21,7.38,7.1,7.22,85606,6.24,324,68144.0,79.6,2026-08-24
MADHUCON,BE,24-Aug-2026,5.23,5.49,5.49,5.15,5.15,7005,0.36,42,,,2026-08-24
MADHUSUDAN,ST,24-Aug-2026,217.35,217.3,222.8,213.0,222.75,14000,30.37,13,14000.0,100.0,2026-08-24
MADRASFERT,EQ,24-Aug-2026,65.52,65.55,66.39,65.55,65.66,31840,20.97,431,18515.0,58.15,2026-08-24
MAFANG,EQ,24-Aug-2026,206.78,205.87,205.87,205.87,205.87,268061,551.86,467,139497.0,52.04,2026-08-24
MAFATIND,EQ,24-Aug-2026,121.81,122.8,124.5,120.94,121.56,23799,29.1,850,15328.0,64.41,2026-08-24
MAGADSUGAR,EQ,24-Aug-2026,601.3,610.0,634.95,591.2,601.05,126147,779.06,6837,43335.0,34.35,2026-08-24
MAGNUM,EQ,24-Aug-2026,19.25,19.59,19.6,19.01,19.45,34645,6.65,73,27437.0,79.19,2026-08-24
MAHABANK,EQ,24-Aug-2026,80.26,80.39,81.2,80.0,80.7,8239427,6645.19,65473,3623156.0,43.97,2026-08-24
MAHAPEXLTD,EQ,24-Aug-2026,61.13,63.4,63.4,59.01,59.98,18342,11.05,234,15674.0,85.45,2026-08-24
MAHASTEEL,BE,24-Aug-2026,1154.3,1170.0,1180.0,1154.3,1175.7,34286,401.3,374,,,2026-08-24
MAHEPC,EQ,24-Aug-2026,107.0,106.99,107.7,106.51,106.69,17578,18.8,402,5856.0,33.31,2026-08-24
MAHESHWARI,BE,24-Aug-2026,73.38,73.0,75.0,73.0,74.55,24752,18.27,71,,,2026-08-24
MAHICKRA,SM,24-Aug-2026,257.5,257.0,308.8,257.0,284.95,48750,129.89,34,27750.0,56.92,2026-08-24
MAHKTECH,EQ,24-Aug-2026,23.1,23.17,23.17,22.75,22.83,1114395,256.6,7567,798979.0,71.7,2026-08-24
MAHLIFE,EQ,24-Aug-2026,379.8,379.8,386.65,374.15,379.15,95846,363.48,4639,49998.0,52.16,2026-08-24
MAHLOG,EQ,24-Aug-2026,401.15,401.15,409.65,398.5,403.1,92846,375.53,5972,43146.0,46.47,2026-08-24
MAHSCOOTER,EQ,24-Aug-2026,13131.0,13140.0,13364.0,13003.0,13063.0,3210,423.39,1424,1283.0,39.97,2026-08-24
MAHSEAMLES,EQ,24-Aug-2026,634.15,638.05,645.8,632.95,634.75,194133,1236.1,16201,116617.0,60.07,2026-08-24
MAITHANALL,EQ,24-Aug-2026,977.1,979.0,998.9,979.0,993.95,30174,298.82,1818,20058.0,66.47,2026-08-24
MAITREYA,SM,24-Aug-2026,118.5,117.3,117.3,111.55,112.85,1600,1.82,4,1200.0,75.0,2026-08-24
MAJESAUT,BE,24-Aug-2026,363.85,369.7,370.0,360.0,362.05,3590,13.08,154,,,2026-08-24
MAKEINDIA,EQ,24-Aug-2026,167.76,167.76,168.5,167.45,167.93,28588,47.98,469,14806.0,51.79,2026-08-24
MAKERSL,EQ,24-Aug-2026,186.88,190.0,224.25,189.5,220.86,80950,171.91,1556,50621.0,62.53,2026-08-24
MAKS,SM,24-Aug-2026,14.05,13.35,14.7,13.35,14.7,22500,3.03,12,21000.0,93.33,2026-08-24
MAL,SM,24-Aug-2026,32.0,29.5,32.3,29.5,31.8,35200,10.91,18,24000.0,68.18,2026-08-24
MALLCOM,EQ,24-Aug-2026,974.5,962.9,982.7,960.0,969.25,1396,13.56,131,1143.0,81.88,2026-08-24
MALUPAPER,EQ,24-Aug-2026,31.24,31.8,31.8,31.32,31.38,4812,1.52,47,2356.0,48.96,2026-08-24
MAMATA,EQ,24-Aug-2026,420.35,424.55,428.25,416.1,417.5,37263,156.99,1600,16782.0,45.04,2026-08-24
MANAKALUCO,EQ,24-Aug-2026,37.87,37.5,38.19,37.14,37.26,41273,15.49,619,27167.0,65.82,2026-08-24
MANAKCOAT,EQ,24-Aug-2026,125.37,125.55,126.48,123.28,124.77,172571,215.44,2890,91820.0,53.21,2026-08-24
MANAKSIA,EQ,24-Aug-2026,58.87,58.11,59.5,57.81,58.1,12999,7.58,259,10758.0,82.76,2026-08-24
MANAKSTEEL,EQ,24-Aug-2026,85.46,85.44,88.88,85.44,87.38,62088,54.42,748,44423.0,71.55,2026-08-24
MANALIPETC,EQ,24-Aug-2026,74.02,74.8,76.7,74.4,74.91,1129054,853.17,8386,472847.0,41.88,2026-08-24
MANAPPURAM,EQ,24-Aug-2026,357.5,359.25,369.9,358.3,365.05,10508852,38353.15,70500,4312584.0,41.04,2026-08-24
MANAV,SM,24-Aug-2026,29.8,31.25,31.25,31.25,31.25,4000,1.25,1,4000.0,100.0,2026-08-24
MANBA,EQ,24-Aug-2026,130.9,130.99,132.05,128.5,129.08,80186,104.38,992,30278.0,37.76,2026-08-24
MANBRO,EQ,24-Aug-2026,60.1,60.1,60.99,58.35,59.04,711424,422.49,1394,36960.0,5.2,2026-08-24
MANCREDIT,EQ,24-Aug-2026,218.06,218.3,227.82,218.3,222.63,42990,96.33,1171,19026.0,44.26,2026-08-24
MANDEEP,SM,24-Aug-2026,17.5,17.5,17.5,17.0,17.25,8000,1.38,4,8000.0,100.0,2026-08-24
MANGALAM,EQ,24-Aug-2026,27.68,27.99,30.44,27.1,30.44,201839,60.02,830,160224.0,79.38,2026-08-24
MANGLMCEM,EQ,24-Aug-2026,1027.95,1040.0,1084.95,1030.05,1045.4,398850,4222.0,16073,161274.0,40.43,2026-08-24
MANILAM,SM,24-Aug-2026,47.0,46.0,46.0,46.0,46.0,2000,0.92,1,2000.0,100.0,2026-08-24
MANINDS,EQ,24-Aug-2026,715.4,723.0,723.85,702.6,718.1,524849,3759.32,21260,210739.0,40.15,2026-08-24
MANINFRA,EQ,24-Aug-2026,108.67,109.54,114.4,108.7,113.68,2234263,2523.88,12492,1052712.0,47.12,2026-08-24
MANIPALHOS,EQ,24-Aug-2026,715.3,717.95,744.0,712.6,741.05,968144,7089.92,25323,374483.0,38.68,2026-08-24
MANKIND,EQ,24-Aug-2026,2384.0,2385.0,2385.1,2367.1,2374.5,130471,3098.18,10673,64458.0,49.4,2026-08-24
MANOMAY,EQ,24-Aug-2026,217.19,219.43,219.43,210.6,214.76,152927,329.04,941,51901.0,33.94,2026-08-24
MANORAMA,EQ,24-Aug-2026,1927.3,1930.9,1945.9,1901.8,1909.4,168446,3239.29,13701,64172.0,38.1,2026-08-24
MANORG,EQ,24-Aug-2026,470.75,474.5,494.25,470.35,480.5,34868,170.87,986,31161.0,89.37,2026-08-24
MANUFGBEES,EQ,24-Aug-2026,165.93,165.93,166.46,165.15,166.23,8169,13.55,123,6622.0,81.06,2026-08-24
MANUGRAPH,BE,24-Aug-2026,16.02,16.02,16.47,15.57,15.92,2215,0.35,19,,,2026-08-24
MANYAVAR,EQ,24-Aug-2026,544.15,544.15,545.2,521.65,533.95,456413,2429.47,27955,206478.0,45.24,2026-08-24
MAPMYINDIA,EQ,24-Aug-2026,983.9,992.7,1008.9,955.1,961.7,226299,2216.29,17065,87926.0,38.85,2026-08-24
MARALOVER,EQ,24-Aug-2026,56.34,57.5,57.5,54.5,55.16,23742,13.29,207,15657.0,65.95,2026-08-24
MARATHON,EQ,24-Aug-2026,352.35,364.0,422.8,361.6,422.8,3183615,13283.5,27515,505385.0,15.87,2026-08-24
MARC,SM,24-Aug-2026,140.2,139.0,145.9,139.0,142.65,13200,18.83,10,12000.0,90.91,2026-08-24
MARCO,SM,24-Aug-2026,32.5,32.5,33.5,32.2,33.5,7500,2.47,5,7500.0,100.0,2026-08-24
MARICO,EQ,24-Aug-2026,849.25,846.25,850.0,842.4,846.1,836419,7079.6,41257,459066.0,54.88,2026-08-24
MARINE,EQ,24-Aug-2026,375.65,380.15,386.7,375.65,382.9,556935,2125.83,17732,273801.0,49.16,2026-08-24
MARKOLINES,EQ,24-Aug-2026,171.56,171.56,176.4,169.9,171.01,242735,422.37,2094,40343.0,16.62,2026-08-24
MARKSANS,EQ,24-Aug-2026,321.3,322.6,325.5,317.9,323.9,1794290,5772.23,38420,637125.0,35.51,2026-08-24
MARSONS,EQ,24-Aug-2026,119.56,120.0,124.98,119.51,120.97,1358438,1662.95,11089,564344.0,41.54,2026-08-24
MARUSHIKA,SM,24-Aug-2026,111.0,111.0,111.0,109.0,109.0,2400,2.64,2,2400.0,100.0,2026-08-24
MARUTI,EQ,24-Aug-2026,13565.0,13623.0,13694.0,13505.0,13620.0,230499,31254.38,41504,128346.0,55.68,2026-08-24
MASFIN,EQ,24-Aug-2026,302.5,302.8,304.3,291.6,292.6,248725,737.42,13255,167240.0,67.24,2026-08-24
MASKINVEST,EQ,24-Aug-2026,146.66,153.99,153.99,152.0,152.0,22,0.03,3,22.0,100.0,2026-08-24
MASON,SM,24-Aug-2026,119.95,120.0,120.0,116.15,117.5,15000,17.89,23,12000.0,80.0,2026-08-24
MASPTOP50,EQ,24-Aug-2026,80.43,79.6,79.6,79.6,79.6,72975,58.09,185,72975.0,100.0,2026-08-24
MASTEK,EQ,24-Aug-2026,1705.2,1706.5,1741.9,1677.1,1685.0,96723,1649.61,16735,46289.0,47.86,2026-08-24
MASTER,SM,24-Aug-2026,465.0,441.75,447.0,441.75,443.0,9500,42.21,15,7000.0,73.68,2026-08-24
MASTERTR,EQ,24-Aug-2026,84.99,84.99,85.18,83.3,84.34,352346,297.18,2257,85687.0,24.32,2026-08-24
MATRIMONY,EQ,24-Aug-2026,537.05,532.75,546.15,513.05,521.45,78065,410.15,3735,37942.0,48.6,2026-08-24
MAWANASUG,EQ,24-Aug-2026,152.54,155.0,164.0,146.0,150.81,1676675,2642.6,27262,608387.0,36.29,2026-08-24
MAXESTATES,EQ,24-Aug-2026,494.85,495.4,559.8,495.4,549.15,1964053,10695.26,45488,644413.0,32.81,2026-08-24
MAXHEALTH,EQ,24-Aug-2026,1000.0,1004.0,1008.9,983.4,990.5,1997268,19844.17,57340,1181129.0,59.14,2026-08-24
MAXIND,EQ,24-Aug-2026,150.1,148.86,157.4,148.86,154.37,292918,452.25,4721,157524.0,53.78,2026-08-24
MAXPOSURE,SM,24-Aug-2026,30.15,30.1,30.5,30.1,30.5,3000,0.91,2,3000.0,100.0,2026-08-24
MAXVOLT,SM,24-Aug-2026,325.5,321.0,339.0,321.0,337.25,43600,143.82,91,32400.0,74.31,2026-08-24
MAYASHEEL,SM,24-Aug-2026,37.5,36.05,37.0,36.05,37.0,6000,2.19,2,6000.0,100.0,2026-08-24
MAYURUNIQ,EQ,24-Aug-2026,757.1,750.0,778.35,750.0,770.05,91207,701.9,5446,45331.0,49.7,2026-08-24
MAZDA,BE,24-Aug-2026,234.41,233.58,239.0,233.35,235.49,7532,17.87,144,,,2026-08-24
MAZDOCK,EQ,24-Aug-2026,2552.0,2552.0,2572.6,2523.4,2540.0,375064,9542.26,20486,115145.0,30.7,2026-08-24
MBAPL,EQ,24-Aug-2026,169.52,171.0,174.94,168.0,168.91,1403990,2416.56,17022,729032.0,51.93,2026-08-24
MBEL,EQ,24-Aug-2026,273.75,277.95,280.0,271.05,272.7,117785,322.84,5448,50975.0,43.28,2026-08-24
MBLINFRA,EQ,24-Aug-2026,23.6,23.43,24.78,22.75,23.37,43438,10.37,191,26157.0,60.22,2026-08-24
MCCHRLS-B,EQ,24-Aug-2026,694.95,698.4,698.4,670.05,683.55,48,0.33,16,24.0,50.0,2026-08-24
MCL,EQ,24-Aug-2026,58.23,59.0,59.59,58.1,58.66,40665,23.85,2289,15106.0,37.15,2026-08-24
MCLEODRUSS,EQ,24-Aug-2026,49.31,49.8,51.75,48.48,49.91,354482,177.76,2267,189614.0,53.49,2026-08-24
MCLOUD,EQ,24-Aug-2026,30.27,30.5,30.84,28.55,29.58,2275976,684.0,6354,877648.0,38.56,2026-08-24
MCON,SM,24-Aug-2026,48.5,46.1,46.1,46.1,46.1,1000,0.46,1,1000.0,100.0,2026-08-24
MCX,EQ,24-Aug-2026,3185.0,3200.0,3289.7,3180.1,3268.0,3395697,110342.6,154207,1328818.0,39.13,2026-08-24
MDL,ST,24-Aug-2026,52.0,51.0,51.0,51.0,51.0,1000,0.51,1,1000.0,100.0,2026-08-24
MEDANTA,EQ,24-Aug-2026,1409.7,1400.1,1411.1,1395.7,1405.5,92480,1299.16,13630,62609.0,67.7,2026-08-24
MEDIASSIST,EQ,24-Aug-2026,360.75,362.0,365.95,355.25,357.05,318761,1145.67,13930,204584.0,64.18,2026-08-24
MEDICAMEQ,EQ,24-Aug-2026,244.55,247.5,248.25,232.0,233.53,27367,65.33,1168,17480.0,63.87,2026-08-24
MEDICAPQ,EQ,24-Aug-2026,25.2,26.58,26.58,25.11,25.48,872,0.23,24,597.0,68.46,2026-08-24
MEDICO,EQ,24-Aug-2026,42.65,42.65,42.94,41.7,42.03,92788,39.04,1077,49792.0,53.66,2026-08-24
MEDIORG,SM,24-Aug-2026,24.3,25.5,25.5,23.15,23.15,20000,4.96,9,16000.0,80.0,2026-08-24
MEDISTEP,SM,24-Aug-2026,18.95,19.0,20.0,19.0,19.75,9000,1.76,3,9000.0,100.0,2026-08-24
MEDPLUS,EQ,24-Aug-2026,689.55,685.1,689.35,667.0,676.6,206515,1392.73,10964,113084.0,54.76,2026-08-24
MEESHO,EQ,24-Aug-2026,205.69,207.24,212.65,201.5,205.07,20563982,42174.64,114002,6443237.0,31.33,2026-08-24
MEGASTAR,EQ,24-Aug-2026,305.7,304.5,313.9,304.5,309.25,2929,8.99,149,2680.0,91.5,2026-08-24
MEGATHERM,SM,24-Aug-2026,218.05,219.0,222.0,216.45,220.0,17600,38.73,37,14400.0,81.82,2026-08-24
MEIL,EQ,24-Aug-2026,259.55,266.8,267.95,258.1,261.05,37599,98.56,1815,20940.0,55.69,2026-08-24
MENNPIS,EQ,24-Aug-2026,70.6,70.6,71.8,70.6,71.35,21314,15.19,514,13166.0,61.77,2026-08-24
MENONBE,BE,24-Aug-2026,274.64,279.9,279.9,260.91,260.96,83439,222.02,1376,,,2026-08-24
MEP,BZ,24-Aug-2026,0.67,0.68,0.68,0.68,0.68,207150,1.41,29,,,2026-08-24
MERCANTILE,EQ,24-Aug-2026,24.05,26.44,26.44,24.22,24.77,3899,0.98,37,2572.0,65.97,2026-08-24
MERCURYEV,EQ,24-Aug-2026,39.71,39.71,40.35,39.1,39.2,179137,70.9,1515,131523.0,73.42,2026-08-24
METAL,EQ,24-Aug-2026,13.29,13.46,13.5,13.32,13.47,2963758,398.22,5241,2106829.0,71.09,2026-08-24
METALIC,SM,24-Aug-2026,147.2,150.0,154.05,136.0,137.5,347200,490.16,201,225600.0,64.98,2026-08-24
METALIETF,EQ,24-Aug-2026,13.23,13.23,13.5,12.0,13.46,15576160,2088.43,12869,9326855.0,59.88,2026-08-24
METROBRAND,EQ,24-Aug-2026,912.5,910.4,924.0,907.0,909.9,71779,658.27,5158,61616.0,85.84,2026-08-24
METROGLOBL,EQ,24-Aug-2026,140.98,141.0,146.9,140.25,143.28,3042,4.35,92,2373.0,78.01,2026-08-24
METROPOLIS,EQ,24-Aug-2026,556.95,559.95,568.35,553.3,563.35,177591,1000.97,12234,89371.0,50.32,2026-08-24
MFML,EQ,24-Aug-2026,19.22,19.87,19.87,18.31,18.93,682,0.13,54,359.0,52.64,2026-08-24
MFSL,EQ,24-Aug-2026,1585.0,1585.0,1589.0,1562.8,1569.8,344712,5427.43,39486,164500.0,47.72,2026-08-24
MGEL,BE,24-Aug-2026,14.73,15.06,15.06,14.36,14.5,152081,22.21,225,,,2026-08-24
MGL,EQ,24-Aug-2026,1114.2,1115.4,1143.9,1115.4,1127.7,250960,2842.36,19943,128033.0,51.02,2026-08-24
MGSL,SM,24-Aug-2026,91.0,95.0,95.9,85.35,85.35,12000,10.64,10,10800.0,90.0,2026-08-24
MHHL,SM,24-Aug-2026,34.8,33.1,33.1,33.1,33.1,10500,3.48,6,10500.0,100.0,2026-08-24
MHLXMIRU,BE,24-Aug-2026,188.99,191.0,192.5,188.0,189.18,4393,8.36,82,,,2026-08-24
MHRIL,EQ,24-Aug-2026,221.79,222.2,225.65,220.0,221.05,62438,139.06,2200,32579.0,52.18,2026-08-24
MICEL,BE,24-Aug-2026,36.24,36.24,36.76,36.0,36.15,137576,49.92,1063,,,2026-08-24
MID150,EQ,24-Aug-2026,23.77,24.25,24.25,23.75,23.82,17264,4.12,242,13276.0,76.9,2026-08-24
MID150BEES,EQ,24-Aug-2026,242.3,247.15,247.15,241.72,242.27,769633,1866.96,8049,580634.0,75.44,2026-08-24
MID150CASE,EQ,24-Aug-2026,11.77,12.06,12.06,11.71,11.79,880725,104.02,4656,532271.0,60.44,2026-08-24
MIDBANKADD,EQ,24-Aug-2026,17.65,17.62,17.62,17.46,17.47,6868,1.2,47,6542.0,95.25,2026-08-24
MIDCAP,EQ,24-Aug-2026,18.71,18.72,18.88,18.7,18.72,291157,54.61,869,200781.0,68.96,2026-08-24
MIDCAPADD,EQ,24-Aug-2026,23.42,23.51,23.59,23.42,23.49,7468,1.75,56,6461.0,86.52,2026-08-24
MIDCAPBETA,EQ,24-Aug-2026,235.99,235.99,239.6,235.99,236.3,814,1.94,39,760.0,93.37,2026-08-24
MIDCAPETF,EQ,24-Aug-2026,23.94,24.2,24.2,23.94,23.96,1243278,298.39,6370,922409.0,74.19,2026-08-24
MIDCAPIETF,EQ,24-Aug-2026,24.26,24.26,24.65,24.15,24.18,1073629,260.52,3172,708562.0,66.0,2026-08-24
MIDHANI,EQ,24-Aug-2026,423.95,424.45,428.55,416.8,418.1,411897,1737.82,12631,194614.0,47.25,2026-08-24
MIDQ50ADD,EQ,24-Aug-2026,25.52,25.49,25.6,25.41,25.42,30244,7.71,136,26492.0,87.59,2026-08-24
MIDSELIETF,EQ,24-Aug-2026,20.03,20.03,20.15,19.96,19.98,352903,70.64,838,285402.0,80.87,2026-08-24
MIDSMALL,EQ,24-Aug-2026,52.29,52.29,52.55,52.15,52.28,208001,108.96,849,134117.0,64.48,2026-08-24
MIDWESTLTD,EQ,24-Aug-2026,1141.0,1138.4,1160.0,1136.2,1152.6,9976,114.83,844,4762.0,47.73,2026-08-24
MIEL,SM,24-Aug-2026,12.1,12.4,12.4,12.4,12.4,2000,0.25,1,2000.0,100.0,2026-08-24
MIIL,EQ,24-Aug-2026,704.6,710.0,715.95,703.0,707.8,83992,596.58,1202,22630.0,26.94,2026-08-24
MILKYMIST,EQ,24-Aug-2026,189.22,191.0,199.1,186.23,196.66,19647276,38210.99,138199,5378734.0,27.38,2026-08-24
MILTON,SM,24-Aug-2026,40.5,40.0,40.5,40.0,40.15,24200,9.71,3,24200.0,100.0,2026-08-24
MINALIND,EQ,24-Aug-2026,3.18,3.4,3.49,3.4,3.49,221245,7.68,167,167187.0,75.57,2026-08-24
MINDACORP,EQ,24-Aug-2026,727.85,733.85,738.0,717.0,719.95,194129,1405.98,10911,95866.0,49.38,2026-08-24
MINDSPACE,RR,24-Aug-2026,494.98,498.4,499.8,495.0,496.75,180767,899.88,5722,153431.0,84.88,2026-08-24
MINDTECK,EQ,24-Aug-2026,171.27,171.27,174.79,168.25,169.08,32050,54.78,963,19149.0,59.75,2026-08-24
MIRZAINT,EQ,24-Aug-2026,31.3,31.11,31.64,31.0,31.36,135526,42.48,1525,71251.0,52.57,2026-08-24
MITCON,BE,24-Aug-2026,79.49,80.0,80.0,75.56,79.86,3367,2.65,22,,,2026-08-24
MITTAL,EQ,24-Aug-2026,0.88,0.89,0.91,0.87,0.88,1040353,9.26,473,840533.0,80.79,2026-08-24
MKEXIM,EQ,24-Aug-2026,57.24,57.24,61.0,56.55,60.11,11607,6.71,121,11491.0,99.0,2026-08-24
MKPL,EQ,24-Aug-2026,4.13,4.17,4.18,4.12,4.16,63634,2.65,379,54139.0,85.08,2026-08-24
MLKFOOD,EQ,24-Aug-2026,90.2,91.8,93.0,88.0,91.88,23270,21.19,489,20074.0,86.27,2026-08-24
MMFL,EQ,24-Aug-2026,652.6,655.85,660.0,630.25,635.8,101549,653.76,5860,52890.0,52.08,2026-08-24
MMP,EQ,24-Aug-2026,401.9,405.4,412.6,383.25,394.1,86114,338.03,3027,50054.0,58.13,2026-08-24
MMTC,EQ,24-Aug-2026,65.38,64.94,65.53,64.4,64.61,1292281,838.31,9959,520431.0,40.27,2026-08-24
MMWL,EQ,24-Aug-2026,14.75,15.47,15.48,15.0,15.42,19835,3.06,177,17010.0,85.76,2026-08-24
MNC,EQ,24-Aug-2026,34.09,34.09,34.5,34.0,34.21,56705,19.37,381,45995.0,81.11,2026-08-24
MOALPHA50,EQ,24-Aug-2026,56.23,55.11,56.72,55.11,56.39,2601,1.47,62,2456.0,94.43,2026-08-24
MOBANK10,EQ,24-Aug-2026,16.99,17.28,17.28,16.84,16.94,5661,0.96,104,4851.0,85.69,2026-08-24
MOBIKWIK,EQ,24-Aug-2026,196.81,198.0,199.0,194.11,195.24,616047,1211.49,6954,221936.0,36.03,2026-08-24
MOBILISE,SM,24-Aug-2026,105.25,100.05,105.0,100.05,105.0,52800,54.36,10,51200.0,96.97,2026-08-24
MOCAPITAL,EQ,24-Aug-2026,54.44,54.49,55.19,54.45,54.9,911469,500.87,2895,610828.0,67.02,2026-08-24
MODEFENCE,EQ,24-Aug-2026,108.1,109.04,109.18,106.67,107.03,1131690,1213.41,10119,769263.0,67.97,2026-08-24
MODINATUR,BE,24-Aug-2026,336.95,337.7,353.75,330.1,353.75,11169,39.41,133,,,2026-08-24
MODIRUBBER,EQ,24-Aug-2026,134.24,137.5,141.65,124.24,129.37,23079,31.52,516,13164.0,57.04,2026-08-24
MODIS,EQ,24-Aug-2026,383.15,386.95,386.95,378.0,379.25,23095,87.93,835,12780.0,55.34,2026-08-24
MODISONLTD,BE,24-Aug-2026,387.15,394.85,402.3,373.0,396.8,143077,558.47,1293,,,2026-08-24
MODTHREAD,EQ,24-Aug-2026,58.31,58.31,60.11,51.51,54.21,15587,8.92,400,9595.0,61.56,2026-08-24
MOENERGY,EQ,24-Aug-2026,38.36,38.65,38.66,38.36,38.38,115892,44.64,768,80378.0,69.36,2026-08-24
MOGOLD,EQ,24-Aug-2026,157.05,158.1,161.0,158.1,159.1,60732,96.63,843,30869.0,50.83,2026-08-24
MOGSEC,EQ,24-Aug-2026,65.34,65.34,66.0,65.3,65.36,3302,2.17,67,3014.0,91.28,2026-08-24
MOHEALTH,EQ,24-Aug-2026,51.4,50.75,51.79,50.75,51.24,46919,24.08,617,30980.0,66.03,2026-08-24
MOHITE,EQ,24-Aug-2026,2.52,2.76,2.76,2.44,2.51,51633,1.29,100,43032.0,83.34,2026-08-24
MOHITIND,EQ,24-Aug-2026,24.04,24.45,24.45,23.05,23.16,8159,1.92,88,6909.0,84.68,2026-08-24
MOIL,EQ,24-Aug-2026,252.85,253.25,258.7,252.7,255.4,850456,2176.81,17583,356671.0,41.94,2026-08-24
MOINFRA,EQ,24-Aug-2026,59.6,59.72,59.74,59.12,59.44,11521,6.84,127,10648.0,92.42,2026-08-24
MOIPO,EQ,24-Aug-2026,49.08,49.08,50.27,48.77,48.84,5174,2.54,48,3340.0,64.55,2026-08-24
MOKSH,EQ,24-Aug-2026,10.58,10.78,10.78,10.3,10.34,120217,12.65,272,101434.0,84.38,2026-08-24
MOL,EQ,24-Aug-2026,60.26,60.49,65.35,60.49,64.43,4282008,2741.24,24202,1583807.0,36.99,2026-08-24
MOLBIO,EQ,24-Aug-2026,1098.45,1125.0,1219.95,1125.0,1199.3,4088878,47585.36,157550,651271.0,15.93,2026-08-24
MOLDTECH,BE,24-Aug-2026,190.0,195.0,196.6,190.1,193.62,131302,254.54,1022,,,2026-08-24
MOLDTKPAC,EQ,24-Aug-2026,708.95,720.95,732.0,709.0,716.25,118750,854.34,7387,73690.0,62.05,2026-08-24
MOLOWVOL,EQ,24-Aug-2026,36.81,35.88,36.85,35.88,36.74,106053,38.78,78,96262.0,90.77,2026-08-24
MOM100,EQ,24-Aug-2026,68.81,69.5,69.95,68.75,68.86,172904,119.3,2515,105564.0,61.05,2026-08-24
MOM30IETF,EQ,24-Aug-2026,31.44,31.73,31.74,31.46,31.56,690886,218.35,1693,499829.0,72.35,2026-08-24
MOM50,EQ,24-Aug-2026,253.33,253.33,255.14,252.14,252.6,3772,9.57,123,2042.0,54.14,2026-08-24
MOMENTUM,EQ,24-Aug-2026,31.21,31.46,31.59,31.16,31.29,87007,27.39,221,82258.0,94.54,2026-08-24
MOMENTUM30,EQ,24-Aug-2026,30.96,31.39,31.39,30.9,30.97,151288,47.05,108,145152.0,95.94,2026-08-24
MOMENTUM50,EQ,24-Aug-2026,54.21,54.09,55.44,54.08,54.36,345062,187.86,1731,198552.0,57.54,2026-08-24
MOMETAL,EQ,24-Aug-2026,13.19,13.32,13.37,13.28,13.36,29528,3.94,39,27610.0,93.5,2026-08-24
MOMGF,EQ,24-Aug-2026,165.19,164.88,165.19,164.06,164.18,455,0.75,21,298.0,65.49,2026-08-24
MOMIDMTM,EQ,24-Aug-2026,64.74,64.42,65.15,64.42,64.96,53635,34.86,267,40546.0,75.6,2026-08-24
MOMMIDCAP,EQ,24-Aug-2026,13.08,13.15,13.15,13.08,13.11,1338594,175.57,666,1316475.0,98.35,2026-08-24
MOMNC,EQ,24-Aug-2026,33.26,33.2,33.25,33.0,33.16,1133,0.37,22,1032.0,91.09,2026-08-24
MOMOMENTUM,EQ,24-Aug-2026,62.4,62.71,63.08,62.51,62.57,71183,44.72,448,49819.0,69.99,2026-08-24
MON100,EQ,24-Aug-2026,330.51,327.98,327.98,327.98,327.98,446203,1463.46,1159,371166.0,83.18,2026-08-24
MON50EQUAL,EQ,24-Aug-2026,33.64,33.71,35.5,33.5,33.92,2513,0.84,59,2448.0,97.41,2026-08-24
MONARCH,EQ,24-Aug-2026,385.45,387.0,393.0,384.1,384.8,63180,243.7,1162,49257.0,77.96,2026-08-24
MONEXT50,EQ,24-Aug-2026,73.98,73.98,74.17,73.62,74.16,2882,2.13,76,2872.0,99.65,2026-08-24
MONEYBOXX,EQ,24-Aug-2026,55.15,56.47,57.48,55.11,56.0,24294,13.64,131,23364.0,96.17,2026-08-24
MONIFTY100,EQ,24-Aug-2026,25.51,25.84,25.84,25.45,25.54,32710,8.37,63,31355.0,95.86,2026-08-24
MONIFTY500,EQ,24-Aug-2026,23.93,23.46,24.13,23.46,24.02,584092,140.55,1591,381699.0,65.35,2026-08-24
MONOLITH,SM,24-Aug-2026,999.4,1006.9,1070.0,1006.9,1058.9,61500,639.48,216,48750.0,79.27,2026-08-24
MONOPHARMA,SM,24-Aug-2026,8.45,8.85,8.85,8.45,8.75,14000,1.21,7,10000.0,71.43,2026-08-24
MONQ50,EQ,24-Aug-2026,148.77,146.46,146.46,146.46,146.46,25139,36.82,163,24968.0,99.32,2026-08-24
MONTECARLO,EQ,24-Aug-2026,547.85,553.0,569.0,545.0,550.05,124750,695.27,5696,70912.0,56.84,2026-08-24
MOOILGAS,EQ,24-Aug-2026,11.12,11.25,11.3,11.15,11.21,6375,0.72,65,6327.0,99.25,2026-08-24
MOPSE,EQ,24-Aug-2026,99.34,99.87,104.0,99.31,101.86,2580,2.56,26,2242.0,86.9,2026-08-24
MOQUALITY,EQ,24-Aug-2026,203.56,203.65,203.68,202.17,202.28,3778,7.68,40,3604.0,95.39,2026-08-24
MORARJEE,BZ,24-Aug-2026,10.19,10.19,10.19,9.69,10.18,3420,0.33,23,,,2026-08-24
MOREALTY,EQ,24-Aug-2026,91.21,91.66,92.05,91.15,91.54,607326,556.19,1806,407069.0,67.03,2026-08-24
MOREPENLAB,EQ,24-Aug-2026,96.01,96.0,98.28,94.0,95.22,16686161,16002.89,52622,4567057.0,27.37,2026-08-24
MOS,ST,24-Aug-2026,11.85,11.45,12.05,11.3,11.45,496000,57.35,47,480000.0,96.77,2026-08-24
MOSCHIP,EQ,24-Aug-2026,204.89,204.92,209.19,204.92,205.84,1055304,2182.22,12117,412881.0,39.12,2026-08-24
MOSERVICE,EQ,24-Aug-2026,31.18,31.33,31.33,30.93,31.1,13726,4.27,49,13705.0,99.85,2026-08-24
MOSILVER,EQ,24-Aug-2026,240.01,240.48,241.28,238.57,239.49,75424,180.74,1380,25723.0,34.1,2026-08-24
MOSMALL250,EQ,24-Aug-2026,18.49,18.58,18.64,18.42,18.46,925454,171.46,2517,618953.0,66.88,2026-08-24
MOTHERSON,EQ,24-Aug-2026,169.38,169.0,169.14,166.71,169.0,5225140,8782.0,60637,2861881.0,54.77,2026-08-24
MOTILALOFS,EQ,24-Aug-2026,990.0,990.0,1015.0,988.3,990.0,1108082,11103.17,28612,542308.0,48.94,2026-08-24
MOTISONS,EQ,24-Aug-2026,17.0,17.46,17.7,16.13,16.46,101114598,17248.81,82911,17777847.0,17.58,2026-08-24
MOTOGENFIN,BE,24-Aug-2026,25.77,25.55,26.0,25.5,25.95,4645,1.2,36,,,2026-08-24
MOTOUR,EQ,24-Aug-2026,79.3,79.81,80.09,79.22,79.33,32916,26.2,146,29729.0,90.32,2026-08-24
MOVALUE,EQ,24-Aug-2026,112.88,112.4,113.91,111.75,113.07,95890,108.49,1126,63460.0,66.18,2026-08-24
MPDL,EQ,24-Aug-2026,41.18,45.2,45.29,38.12,41.59,47605,21.34,471,22753.0,47.8,2026-08-24
MPEL,ST,24-Aug-2026,34.0,34.85,34.85,33.5,33.5,4800,1.63,3,4800.0,100.0,2026-08-24
MPHASIS,EQ,24-Aug-2026,2430.0,2430.0,2461.8,2418.0,2427.0,188790,4599.19,18255,80215.0,42.49,2026-08-24
MPSLTD,EQ,24-Aug-2026,2897.9,2870.0,2903.9,2705.9,2734.8,42618,1187.82,6851,27465.0,64.44,2026-08-24
MPTODAY,SM,24-Aug-2026,46.0,43.7,43.7,43.7,43.7,2000,0.87,1,2000.0,100.0,2026-08-24
MRF,EQ,24-Aug-2026,132665.0,132800.0,135755.0,132665.0,134365.0,5313,7143.55,3612,2451.0,46.13,2026-08-24
MRIL,ST,24-Aug-2026,65.8,64.7,64.7,62.8,62.8,6400,4.1,3,6400.0,100.0,2026-08-24
MRPL,EQ,24-Aug-2026,176.81,176.8,178.3,173.1,173.84,5230416,9205.43,32400,1290697.0,24.68,2026-08-24
MSCI360,EQ,24-Aug-2026,10.39,10.26,12.24,10.2,11.59,46719,5.13,51,23653.0,50.63,2026-08-24
MSCIADD,EQ,24-Aug-2026,29.89,29.89,30.0,29.71,29.96,15914,4.73,45,15036.0,94.48,2026-08-24
MSCIINDIA,EQ,24-Aug-2026,30.16,30.28,30.28,29.79,29.96,12574,3.78,117,8716.0,69.32,2026-08-24
MSL,EQ,24-Aug-2026,141.0,141.0,160.0,136.77,153.07,564,0.81,23,490.0,86.88,2026-08-24
MSPL,EQ,24-Aug-2026,34.3,34.3,34.65,33.51,33.78,770498,261.41,2368,600969.0,78.0,2026-08-24
MSTCLTD,EQ,24-Aug-2026,701.45,695.05,742.0,695.0,730.6,907867,6618.28,27208,449538.0,49.52,2026-08-24
MSUMI,EQ,24-Aug-2026,38.36,38.66,38.7,37.65,37.75,12122461,4590.98,66832,6771648.0,55.86,2026-08-24
MTARTECH,BE,24-Aug-2026,7029.5,6962.5,7029.5,6798.0,6812.0,73389,5034.8,18109,,,2026-08-24
MTEDUCARE,BE,24-Aug-2026,1.82,1.73,1.87,1.73,1.83,28856,0.51,75,,,2026-08-24
MTNL,EQ,24-Aug-2026,26.82,26.8,27.16,26.34,26.46,482430,128.66,3516,239313.0,49.61,2026-08-24
MUFIN,EQ,24-Aug-2026,139.49,139.95,140.98,138.0,138.61,1311023,1827.59,6175,251120.0,19.15,2026-08-24
MUFTI,EQ,24-Aug-2026,76.85,77.0,78.09,76.12,76.4,75797,58.33,816,57060.0,75.28,2026-08-24
MUKANDLTD,EQ,24-Aug-2026,137.21,136.45,137.05,134.55,135.68,63564,86.2,1603,37226.0,58.56,2026-08-24
MUKESHB,EQ,24-Aug-2026,144.5,138.0,138.0,138.0,138.0,12,0.02,2,12.0,100.0,2026-08-24
MUKKA,EQ,24-Aug-2026,26.59,26.59,27.0,25.7,25.8,303815,79.4,2063,152200.0,50.1,2026-08-24
MUKTAARTS,BE,24-Aug-2026,56.08,58.0,58.0,56.7,56.94,605,0.35,10,,,2026-08-24
MULTICAP,EQ,24-Aug-2026,16.9,17.09,17.09,16.85,16.88,279324,47.3,658,156941.0,56.19,2026-08-24
MUNISH,SM,24-Aug-2026,74.05,75.1,82.5,75.0,76.25,24000,18.77,19,18000.0,75.0,2026-08-24
MUNJALAU,EQ,24-Aug-2026,115.35,116.65,116.95,111.2,112.14,670527,763.71,7465,284439.0,42.42,2026-08-24
MUNJALSHOW,EQ,24-Aug-2026,131.02,131.96,135.09,131.0,131.78,56099,74.35,1294,24894.0,44.38,2026-08-24
MURUDCERA,EQ,24-Aug-2026,30.47,30.47,30.8,29.81,30.48,18786,5.7,192,16455.0,87.59,2026-08-24
MUTHOOTCAP,EQ,24-Aug-2026,251.94,251.94,258.65,247.01,248.41,10440,26.13,325,6936.0,66.44,2026-08-24
MUTHOOTFIN,EQ,24-Aug-2026,3022.0,3056.0,3209.0,3049.8,3209.0,3268593,103432.67,133833,1117308.0,34.18,2026-08-24
MUTHOOTMF,EQ,24-Aug-2026,210.87,210.5,214.47,210.0,211.33,179736,381.87,3394,95079.0,52.9,2026-08-24
MVELECTRO,EQ,24-Aug-2026,591.15,592.95,601.9,574.25,578.95,650831,3824.97,19905,201816.0,31.01,2026-08-24
MVGJL,EQ,24-Aug-2026,149.6,150.9,153.5,148.0,151.59,61385,92.67,2308,28716.0,46.78,2026-08-24
MVKAGRO,SM,24-Aug-2026,177.3,168.45,168.45,168.45,168.45,14400,24.26,27,14400.0,100.0,2026-08-24
MWL,EQ,24-Aug-2026,41.44,41.05,41.51,39.05,40.79,350422,143.34,1007,200561.0,57.23,2026-08-24
MYMUDRA,SM,24-Aug-2026,76.65,77.5,77.5,72.55,73.95,34800,25.8,19,26400.0,75.86,2026-08-24
MYSORPETRO,EQ,24-Aug-2026,166.11,165.0,165.0,150.6,153.53,49408,77.19,1543,18909.0,38.27,2026-08-24
NACLIND,EQ,24-Aug-2026,169.97,170.0,178.0,169.97,176.02,547945,955.39,8644,187428.0,34.21,2026-08-24
NAGAFERT,BZ,24-Aug-2026,2.26,2.15,2.16,2.15,2.15,1159982,24.94,905,,,2026-08-24
NAGREEKCAP,EQ,24-Aug-2026,22.7,22.75,23.47,22.0,23.18,962,0.22,46,702.0,72.97,2026-08-24
NAGREEKEXP,EQ,24-Aug-2026,22.41,22.26,22.79,21.4,22.57,19428,4.33,263,8090.0,41.64,2026-08-24
NAHARCAP,EQ,24-Aug-2026,255.09,258.5,261.0,256.0,257.22,4294,11.12,82,2287.0,53.26,2026-08-24
NAHARINDUS,EQ,24-Aug-2026,125.61,127.35,150.73,125.8,147.6,572817,812.91,5590,374135.0,65.31,2026-08-24
NAHARPOLY,EQ,24-Aug-2026,238.75,248.9,248.9,239.2,244.85,10317,25.16,419,6764.0,65.56,2026-08-24
NAHARSPING,EQ,24-Aug-2026,299.8,304.9,305.05,293.55,299.0,94839,281.53,1850,57830.0,60.98,2026-08-24
NAM-INDIA,EQ,24-Aug-2026,1251.0,1254.0,1269.5,1242.8,1247.8,862877,10852.66,25137,305540.0,35.41,2026-08-24
NAMAN,SM,24-Aug-2026,44.0,42.05,42.1,42.05,42.1,4800,2.02,5,4800.0,100.0,2026-08-24
NAMOEWASTE,ST,24-Aug-2026,280.25,280.0,282.0,276.05,277.1,25600,71.51,28,19200.0,75.0,2026-08-24
NARMADA,EQ,24-Aug-2026,13.91,13.76,14.59,13.34,14.5,1369681,193.98,3752,427042.0,31.18,2026-08-24
NATCAPSUQ,EQ,24-Aug-2026,151.88,156.0,165.1,153.82,164.68,44256,71.3,1220,32468.0,73.36,2026-08-24
NATCOPHARM,EQ,24-Aug-2026,882.4,884.0,892.35,877.5,884.05,317429,2809.38,25313,129450.0,40.78,2026-08-24
NATHBIOGEN,EQ,24-Aug-2026,153.09,156.8,159.12,153.0,154.63,15673,24.47,791,9221.0,58.83,2026-08-24
NATIONALUM,EQ,24-Aug-2026,394.45,398.45,405.0,397.5,403.3,7285035,29285.95,80206,2817047.0,38.67,2026-08-24
NATIONSTD,EQ,24-Aug-2026,126.98,131.97,131.97,120.64,120.64,112279,136.41,1139,87315.0,77.77,2026-08-24
NAUKRI,EQ,24-Aug-2026,1350.1,1348.0,1360.0,1336.7,1349.0,1123288,15118.66,37004,748949.0,66.67,2026-08-24
NAVA,EQ,24-Aug-2026,558.95,559.2,583.25,558.45,567.0,564033,3230.67,19357,254342.0,45.09,2026-08-24
NAVINFLUOR,EQ,24-Aug-2026,8206.5,8247.5,8338.0,8150.0,8187.0,93145,7674.66,17555,42620.0,45.76,2026-08-24
NAVKARCORP,EQ,24-Aug-2026,97.04,97.41,99.0,96.8,97.41,226699,221.61,2344,113943.0,50.26,2026-08-24
NAVKARURB,BE,24-Aug-2026,0.97,0.98,0.98,0.96,0.96,286108,2.78,335,,,2026-08-24
NAVNETEDUL,EQ,24-Aug-2026,133.62,133.62,135.0,132.98,133.58,129396,172.93,2138,93971.0,72.62,2026-08-24
NAZARA,EQ,24-Aug-2026,354.35,354.55,359.0,347.0,347.95,990995,3499.96,12220,540919.0,54.58,2026-08-24
NBCC,EQ,24-Aug-2026,88.88,89.0,90.29,88.24,88.58,5530404,4927.59,21430,2072667.0,37.48,2026-08-24
NBIFIN,EQ,24-Aug-2026,1964.9,1960.0,2010.5,1955.0,1988.0,291,5.76,50,219.0,75.26,2026-08-24
NCC,EQ,24-Aug-2026,149.56,150.0,153.86,146.8,147.35,4867292,7305.5,39270,1915701.0,39.36,2026-08-24
NCLIND,EQ,24-Aug-2026,174.0,174.0,175.35,172.0,173.38,235740,408.83,2908,213908.0,90.74,2026-08-24
NDGL,EQ,24-Aug-2026,2726.0,2712.4,2780.0,2698.7,2710.1,35,0.95,21,27.0,77.14,2026-08-24
NDL,EQ,24-Aug-2026,2.71,2.89,3.19,2.86,3.04,15635199,475.18,8021,8813342.0,56.37,2026-08-24
NDLVENTURE,EQ,24-Aug-2026,119.04,115.7,123.3,115.7,123.01,12831,15.58,281,10044.0,78.28,2026-08-24
NDRAUTO,EQ,24-Aug-2026,756.1,751.0,761.0,738.0,743.35,21919,164.03,1757,12799.0,58.39,2026-08-24
NDTV,EQ,24-Aug-2026,75.49,76.49,76.49,74.8,75.14,70067,53.0,804,31924.0,45.56,2026-08-24
NECCLTD,BE,24-Aug-2026,15.8,15.8,16.59,15.8,16.59,163187,26.97,229,,,2026-08-24
NECLIFE,EQ,24-Aug-2026,10.47,10.59,10.84,10.48,10.72,164365,17.59,433,142247.0,86.54,2026-08-24
NEELAM,SM,24-Aug-2026,8.0,7.75,7.75,7.75,7.75,6000,0.47,1,6000.0,100.0,2026-08-24
NELCAST,EQ,24-Aug-2026,117.81,117.81,118.0,115.8,116.17,61726,72.06,964,37125.0,60.14,2026-08-24
NELCO,EQ,24-Aug-2026,906.7,910.0,928.8,900.1,915.3,254207,2332.08,11121,89146.0,35.07,2026-08-24
NEOCHEM,ST,24-Aug-2026,96.0,93.5,93.5,93.0,93.0,2400,2.24,2,2400.0,100.0,2026-08-24
NEOGEN,EQ,24-Aug-2026,2230.1,2244.8,2259.0,2121.0,2132.6,212443,4634.82,27689,114079.0,53.7,2026-08-24
NEPHROCARE,SM,24-Aug-2026,89.5,90.5,93.0,90.5,91.5,38000,34.74,56,28400.0,74.74,2026-08-24
NEPHROPLUS,EQ,24-Aug-2026,694.1,697.05,709.5,685.0,687.25,199297,1391.45,12354,122078.0,61.25,2026-08-24
NEPTUNE,SM,24-Aug-2026,179.05,180.0,180.0,177.0,179.95,19500,34.71,8,19500.0,100.0,2026-08-24
NESCO,EQ,24-Aug-2026,1035.8,1028.1,1048.0,1028.1,1035.8,37102,385.56,2885,19907.0,53.65,2026-08-24
NESTLEIND,EQ,24-Aug-2026,1477.1,1478.7,1483.4,1457.1,1471.3,1465156,21446.03,48252,978159.0,66.76,2026-08-24
NETF,EQ,24-Aug-2026,264.35,267.0,267.0,262.49,262.64,4334,11.42,217,3245.0,74.87,2026-08-24
NETWEB,EQ,24-Aug-2026,5601.0,5600.0,5813.0,5408.5,5454.5,2703933,151007.72,217372,429929.0,15.9,2026-08-24
NETWORK18,EQ,24-Aug-2026,29.86,30.0,31.68,29.93,30.34,7865189,2422.77,18175,2545587.0,32.37,2026-08-24
NEUEON,BE,24-Aug-2026,15.24,15.24,15.24,14.48,14.52,40327,5.96,124,,,2026-08-24
NEULANDLAB,EQ,24-Aug-2026,23301.0,23399.0,23399.0,22834.0,22905.0,31931,7356.45,9789,14248.0,44.62,2026-08-24
NEWGEN,EQ,24-Aug-2026,522.7,523.3,546.7,523.3,528.4,1232949,6627.24,36821,284733.0,23.09,2026-08-24
NEWJAISA,ST,24-Aug-2026,16.75,16.95,16.95,16.95,16.95,1500,0.25,1,1500.0,100.0,2026-08-24
NEXT30ADD,EQ,24-Aug-2026,44.76,44.57,45.0,42.75,43.4,47658,20.71,415,36897.0,77.42,2026-08-24
NEXT50,EQ,24-Aug-2026,763.78,767.6,767.6,761.34,763.32,15141,115.59,1068,7777.0,51.36,2026-08-24
NEXT50ADD,EQ,24-Aug-2026,74.33,74.26,74.55,74.2,74.35,4245,3.16,52,2560.0,60.31,2026-08-24
NEXT50BETA,EQ,24-Aug-2026,79.65,79.72,80.1,79.65,79.86,161167,128.78,668,126576.0,78.54,2026-08-24
NEXT50ETF,EQ,24-Aug-2026,74.61,74.98,74.98,74.35,74.58,10696,7.97,113,9427.0,88.14,2026-08-24
NEXT50IETF,EQ,24-Aug-2026,78.11,78.68,78.68,78.0,78.05,505937,395.12,5865,348596.0,68.9,2026-08-24
NEXTMEDIA,EQ,24-Aug-2026,3.91,3.91,3.95,3.7,3.81,14711,0.56,73,12505.0,85.0,2026-08-24
NFL,EQ,24-Aug-2026,70.3,70.37,71.47,70.37,70.79,628844,446.44,3622,239805.0,38.13,2026-08-24
NFPSAMPOOR,SM,24-Aug-2026,22.6,23.45,23.45,23.1,23.1,10000,2.33,5,8000.0,80.0,2026-08-24
NGIL,EQ,24-Aug-2026,39.95,39.99,40.99,39.0,39.25,9372,3.71,89,8441.0,90.07,2026-08-24
NGLFINE,EQ,24-Aug-2026,2947.7,2950.0,3022.0,2850.0,2864.3,12551,364.35,3009,6884.0,54.85,2026-08-24
NH,EQ,24-Aug-2026,1815.8,1840.0,1876.0,1824.8,1859.8,633649,11785.01,48654,352385.0,55.61,2026-08-24
NHIT,IV,24-Aug-2026,174.0,172.9,172.9,172.9,172.9,25000,43.23,1,25000.0,100.0,2026-08-24
NHPC,EQ,24-Aug-2026,76.15,76.35,76.65,75.55,76.65,6647840,5061.86,23993,3233895.0,48.65,2026-08-24
NIACL,EQ,24-Aug-2026,184.13,184.0,185.98,183.3,184.08,607918,1121.77,9477,179064.0,29.46,2026-08-24
NIBE,EQ,24-Aug-2026,1490.8,1496.5,1497.0,1435.0,1438.0,64355,934.43,5294,41463.0,64.43,2026-08-24
NIBL,EQ,24-Aug-2026,31.08,31.7,33.0,31.0,31.31,18767,5.96,167,10777.0,57.43,2026-08-24
NICCOPAR,EQ,24-Aug-2026,79.99,79.99,84.9,78.01,81.17,3251,2.63,80,2979.0,91.63,2026-08-24
NIDAN,SM,24-Aug-2026,13.35,13.1,15.0,13.1,14.6,25000,3.54,13,24000.0,96.0,2026-08-24
NIF100BEES,EQ,24-Aug-2026,269.9,269.9,270.37,268.34,269.24,30706,82.72,638,23247.0,75.71,2026-08-24
NIF100IETF,EQ,24-Aug-2026,28.32,28.29,28.55,28.24,28.31,56251,15.93,2630,32635.0,58.02,2026-08-24
NIFTY1,EQ,24-Aug-2026,269.65,272.35,276.7,268.5,268.92,261081,702.66,2192,205371.0,78.66,2026-08-24
NIFTY100EW,EQ,24-Aug-2026,35.53,36.24,36.24,35.3,35.35,335674,119.48,201,306246.0,91.23,2026-08-24
NIFTYADD,EQ,24-Aug-2026,255.55,256.49,256.63,254.35,254.91,3568,9.11,155,2402.0,67.32,2026-08-24
NIFTYAXIS,EQ,24-Aug-2026,268.56,272.5,272.5,264.6,267.71,4239,11.39,194,1918.0,45.25,2026-08-24
NIFTYBEES,EQ,24-Aug-2026,276.76,276.76,277.99,275.54,275.87,3606105,9965.57,47060,2185427.0,60.6,2026-08-24
NIFTYBETA,EQ,24-Aug-2026,268.85,267.0,269.86,267.0,268.67,29058,78.13,439,19190.0,66.04,2026-08-24
NIFTYBETF,EQ,24-Aug-2026,250.09,250.7,250.74,248.32,249.18,1045,2.61,114,507.0,48.52,2026-08-24
NIFTYCASE,EQ,24-Aug-2026,9.73,9.97,9.97,9.7,9.71,396201,38.58,1893,344693.0,87.0,2026-08-24
NIFTYETF,EQ,24-Aug-2026,264.18,265.16,265.17,263.02,263.49,366727,967.77,1035,297939.0,81.24,2026-08-24
NIFTYIETF,EQ,24-Aug-2026,275.34,275.35,276.0,274.14,274.71,475200,1305.1,20702,388568.0,81.77,2026-08-24
NIFTYJBLK,EQ,24-Aug-2026,12.46,12.52,12.52,12.39,12.4,153013,19.03,663,139752.0,91.33,2026-08-24
NIFTYQLITY,EQ,24-Aug-2026,21.6,21.6,21.88,21.23,21.61,25421,5.5,225,23445.0,92.23,2026-08-24
NIITLTD,EQ,24-Aug-2026,93.62,93.75,99.95,93.43,99.1,1171377,1145.24,9254,596415.0,50.92,2026-08-24
NIITMTS,EQ,24-Aug-2026,228.8,230.45,232.3,225.0,225.74,74077,168.38,3501,42242.0,57.02,2026-08-24
NIKITA,SM,24-Aug-2026,76.0,78.8,78.8,76.0,76.0,3600,2.78,3,3600.0,100.0,2026-08-24
NILAINFRA,EQ,24-Aug-2026,6.98,7.08,7.19,6.9,6.94,230304,16.11,555,181728.0,78.91,2026-08-24
NILASPACES,EQ,24-Aug-2026,13.08,13.45,13.74,12.46,12.75,4295767,555.19,6505,1983557.0,46.17,2026-08-24
NILE,EQ,24-Aug-2026,1516.4,1520.0,1560.1,1469.9,1480.4,8964,135.53,909,6354.0,70.88,2026-08-24
NILKAMAL,EQ,24-Aug-2026,2053.6,2069.0,2088.0,2010.2,2026.4,47924,985.93,5734,15294.0,31.91,2026-08-24
NIMBSPROJ,EQ,24-Aug-2026,176.0,177.0,177.0,167.5,174.45,88115,151.48,156,12484.0,14.17,2026-08-24
NINSYS,EQ,24-Aug-2026,715.2,747.0,747.0,707.55,717.2,2000,14.49,181,1309.0,65.45,2026-08-24
NIPPOBATRY,EQ,24-Aug-2026,329.25,327.75,338.45,327.75,329.75,1175,3.9,86,856.0,72.85,2026-08-24
NIRAJ,EQ,24-Aug-2026,27.92,27.6,28.95,27.6,28.21,31343,8.92,291,21208.0,67.66,2026-08-24
NIRAJISPAT,EQ,24-Aug-2026,216.0,216.0,216.0,216.0,216.0,18,0.04,5,18.0,100.0,2026-08-24
NIRLON,EQ,24-Aug-2026,624.75,635.65,650.0,630.05,642.1,15735,101.07,635,10984.0,69.81,2026-08-24
NIRMAN,SM,24-Aug-2026,29.05,30.0,34.85,29.5,30.45,53100,16.64,127,33000.0,62.15,2026-08-24
NITCO,EQ,24-Aug-2026,93.36,93.5,97.53,93.1,96.28,519709,496.34,5460,241860.0,46.54,2026-08-24
NITINSPIN,EQ,24-Aug-2026,588.45,588.45,595.95,575.25,580.15,79707,464.16,3381,44420.0,55.73,2026-08-24
NITIRAJ,EQ,24-Aug-2026,198.91,195.17,207.8,191.05,200.84,2815,5.56,99,1730.0,61.46,2026-08-24
NITTAGELA,EQ,24-Aug-2026,1584.6,1584.6,1618.0,1552.5,1563.6,3368,52.91,624,2286.0,67.87,2026-08-24
NIVABUPA,EQ,24-Aug-2026,82.62,82.5,83.44,81.9,82.51,1026692,846.96,16420,665663.0,64.84,2026-08-24
NKIND,EQ,24-Aug-2026,67.62,67.59,67.59,62.0,62.01,33161,21.05,421,19686.0,59.36,2026-08-24
NLCINDIA,EQ,24-Aug-2026,269.8,270.3,276.8,270.3,273.1,1871904,5138.7,36469,864741.0,46.2,2026-08-24
NMDC,EQ,24-Aug-2026,84.61,84.65,86.55,84.51,85.9,28670014,24579.54,68459,13781713.0,48.07,2026-08-24
NMSTEEL,SM,24-Aug-2026,23.75,23.75,23.75,23.75,23.75,1600,0.38,1,1600.0,100.0,2026-08-24
NOCIL,EQ,24-Aug-2026,167.02,170.0,171.0,165.0,165.78,454958,765.19,7378,203097.0,44.64,2026-08-24
NOIDATOLL,EQ,24-Aug-2026,4.04,4.15,4.2,3.9,4.12,109365,4.47,480,78369.0,71.66,2026-08-24
NORBTEAEXP,EQ,24-Aug-2026,69.44,71.17,72.91,70.4,70.86,1238,0.89,57,785.0,63.41,2026-08-24
NORTHARC,EQ,24-Aug-2026,288.35,289.05,290.7,282.95,284.35,281710,806.62,5441,168250.0,59.72,2026-08-24
NOVAAGRI,BE,24-Aug-2026,24.5,24.7,24.7,24.2,24.32,47412,11.59,231,,,2026-08-24
NOVARTIND,EQ,24-Aug-2026,1418.9,1429.2,1543.0,1416.5,1502.2,23805,350.74,2780,12243.0,51.43,2026-08-24
NPBET,EQ,24-Aug-2026,286.0,283.13,288.8,283.13,285.09,883,2.53,38,569.0,64.44,2026-08-24
NPST,EQ,24-Aug-2026,1588.5,1588.5,1600.0,1545.6,1561.8,32088,502.82,2164,20823.0,64.89,2026-08-24
NRAIL,EQ,24-Aug-2026,503.85,503.85,525.0,500.8,518.8,7447,38.39,373,5853.0,78.6,2026-08-24
NRBBEARING,EQ,24-Aug-2026,486.1,489.0,489.9,478.55,480.95,187000,902.46,6961,88610.0,47.39,2026-08-24
NRL,BE,24-Aug-2026,117.66,119.9,120.01,119.9,120.01,96266,115.52,226,,,2026-08-24
NRVANDANA,ST,24-Aug-2026,67.55,65.5,66.5,65.0,66.5,12000,7.91,4,9000.0,75.0,2026-08-24
NSIL,EQ,24-Aug-2026,5587.0,5541.0,5781.0,5520.5,5724.0,5750,326.63,1312,2809.0,48.85,2026-08-24
NSLNISP,EQ,24-Aug-2026,39.79,39.99,40.45,39.9,40.06,2659894,1067.83,11060,1061026.0,39.89,2026-08-24
NTCIND,EQ,24-Aug-2026,140.0,147.0,147.0,137.0,139.85,3149,4.43,53,2922.0,92.79,2026-08-24
NTPC,EQ,24-Aug-2026,340.0,340.7,342.05,337.45,339.5,5401943,18337.24,91552,3173600.0,58.75,2026-08-24
NTPCGREEN,EQ,24-Aug-2026,91.43,92.41,93.85,91.25,91.44,3331402,3072.69,24475,1234563.0,37.06,2026-08-24
NUCLEUS,EQ,24-Aug-2026,740.4,742.0,758.9,735.0,737.9,34816,259.85,2120,19429.0,55.8,2026-08-24
NURECA,BE,24-Aug-2026,306.7,301.1,314.95,296.25,300.4,19234,57.96,296,,,2026-08-24
NUVAMA,EQ,24-Aug-2026,1743.6,1750.0,1773.0,1733.3,1750.0,218610,3838.48,17229,118578.0,54.24,2026-08-24
NUVOCO,EQ,24-Aug-2026,322.05,321.65,323.95,319.3,320.6,119571,383.7,6277,57350.0,47.96,2026-08-24
NV20,EQ,24-Aug-2026,13.98,13.98,14.06,13.86,13.93,66157,9.25,288,53077.0,80.23,2026-08-24
NV20BEES,EQ,24-Aug-2026,139.76,139.8,140.67,138.78,139.16,17825,24.9,282,12491.0,70.08,2026-08-24
NV20IETF,EQ,24-Aug-2026,13.6,13.74,13.74,13.52,13.54,1074415,146.09,2744,858085.0,79.87,2026-08-24
NXST,RR,24-Aug-2026,166.84,167.98,168.8,167.01,167.99,326932,549.14,3424,284374.0,86.98,2026-08-24
NYKAA,EQ,24-Aug-2026,334.0,333.9,333.9,328.05,330.3,2231684,7382.82,32029,941827.0,42.2,2026-08-24
OAL,EQ,24-Aug-2026,339.85,337.2,343.05,335.7,338.5,7957,27.05,396,5018.0,63.06,2026-08-24
OBCL,EQ,24-Aug-2026,54.25,55.0,59.91,54.5,54.81,100760,57.64,671,26722.0,26.52,2026-08-24
OBEROIRLTY,EQ,24-Aug-2026,1886.0,1895.0,1903.5,1860.2,1870.0,330773,6220.15,35130,180357.0,54.53,2026-08-24
OBSCP,SM,24-Aug-2026,835.2,830.0,859.95,821.9,854.8,33200,279.25,76,26000.0,78.31,2026-08-24
OCCLLTD,BE,24-Aug-2026,158.63,157.01,160.49,157.0,157.16,33244,52.46,239,,,2026-08-24
ODIGMA,EQ,24-Aug-2026,22.51,22.96,22.96,22.01,22.17,23694,5.28,734,18493.0,78.05,2026-08-24
ODYCORP,EQ,24-Aug-2026,7.49,7.49,8.1,6.6,7.29,40320,2.9,80,24607.0,61.03,2026-08-24
OFSS,EQ,24-Aug-2026,11724.0,11720.0,11898.0,11457.0,11518.0,153394,17973.64,27184,42023.0,27.4,2026-08-24
OIL,EQ,24-Aug-2026,475.0,475.0,479.25,472.0,477.0,892260,4253.77,14600,489479.0,54.86,2026-08-24
OILCOUNTUB,BE,24-Aug-2026,57.86,57.9,59.5,57.8,59.42,25421,14.98,218,,,2026-08-24
OILIETF,EQ,24-Aug-2026,11.32,11.34,11.42,11.31,11.33,5869392,664.77,2021,5437679.0,92.64,2026-08-24
OLAELEC,EQ,24-Aug-2026,37.73,37.89,38.46,37.1,37.35,17134555,6463.11,54009,6156441.0,35.93,2026-08-24
OLECTRA,EQ,24-Aug-2026,1318.4,1328.0,1340.0,1290.0,1297.6,263642,3457.18,14478,132557.0,50.28,2026-08-24
OLIL,SM,24-Aug-2026,409.1,411.1,413.25,400.0,402.7,10800,43.6,15,6400.0,59.26,2026-08-24
OMAXAUTO,EQ,24-Aug-2026,196.3,193.94,197.41,188.71,192.1,45758,87.73,1211,24950.0,54.53,2026-08-24
OMAXE,EQ,24-Aug-2026,102.55,103.06,108.5,100.06,101.77,2360501,2476.39,18098,904660.0,38.32,2026-08-24
OMFREIGHT,BE,24-Aug-2026,94.92,94.92,95.5,90.6,93.6,15491,14.3,179,,,2026-08-24
OMINFRAL,EQ,24-Aug-2026,84.13,84.1,85.27,83.0,83.29,45081,37.79,857,27589.0,61.2,2026-08-24
OMNI,EQ,24-Aug-2026,581.0,584.0,609.5,575.0,594.05,816449,4869.41,28075,263283.0,32.25,2026-08-24
OMPOWER,EQ,24-Aug-2026,163.09,162.01,165.0,161.0,163.53,71969,117.44,1335,32829.0,45.62,2026-08-24
ONDOOR,SM,24-Aug-2026,245.05,245.05,294.05,245.05,290.5,81000,227.06,119,42900.0,52.96,2026-08-24
ONEGLOBAL,EQ,24-Aug-2026,555.1,557.6,566.95,545.0,553.95,13499,74.94,644,9214.0,68.26,2026-08-24
ONELIFECAP,BE,24-Aug-2026,33.51,33.51,34.48,32.5,33.75,3117,1.05,30,,,2026-08-24
ONEPOINT,EQ,24-Aug-2026,56.17,56.3,57.49,54.62,55.51,1225205,682.04,4580,465767.0,38.02,2026-08-24
ONESOURCE,EQ,24-Aug-2026,1535.0,1535.0,1545.0,1518.0,1531.8,80345,1230.22,13829,38100.0,47.42,2026-08-24
ONGC,EQ,24-Aug-2026,236.4,237.0,237.94,235.63,236.55,7122883,16848.76,79092,4466858.0,62.71,2026-08-24
ONIDA,EQ,24-Aug-2026,35.66,35.66,37.4,35.56,37.07,428550,158.05,1613,292518.0,68.26,2026-08-24
ONIXSOLAR,EQ,24-Aug-2026,305.9,290.65,290.65,290.65,290.65,13015,37.83,83,13015.0,100.0,2026-08-24
ONMOBILE,BE,24-Aug-2026,56.99,55.86,55.86,55.86,55.86,35146,19.63,199,,,2026-08-24
ONWARDTEC,EQ,24-Aug-2026,285.5,285.5,290.4,282.5,286.3,14752,42.28,678,7687.0,52.11,2026-08-24
ONYX,ST,24-Aug-2026,43.05,44.0,44.0,44.0,44.0,30000,13.2,14,30000.0,100.0,2026-08-24
OPTIEMUS,EQ,24-Aug-2026,540.2,560.0,595.0,553.2,585.7,2149734,12582.72,48805,388650.0,18.08,2026-08-24
OPTIFIN,EQ,24-Aug-2026,12.4,12.4,12.4,11.72,12.04,5771,0.7,68,5672.0,98.28,2026-08-24
OPTIMYSTIX,ST,24-Aug-2026,174.0,175.0,176.8,174.6,174.7,60800,106.42,57,60800.0,100.0,2026-08-24
OPTIVALUE,ST,24-Aug-2026,183.9,185.0,193.05,185.0,193.05,64000,121.42,28,64000.0,100.0,2026-08-24
ORBTEXP,BE,24-Aug-2026,225.12,225.12,236.37,225.12,234.76,7332,17.06,120,,,2026-08-24
ORCHASP,EQ,24-Aug-2026,1.41,1.44,1.44,1.26,1.29,799128,10.46,492,678066.0,84.85,2026-08-24
ORCHPHARMA,EQ,24-Aug-2026,1002.05,1020.0,1049.0,995.0,1038.1,143314,1467.83,13154,81876.0,57.13,2026-08-24
ORIANA,SM,24-Aug-2026,1192.05,1200.0,1298.0,1199.9,1289.15,114000,1444.89,1187,71625.0,62.83,2026-08-24
ORICONENT,EQ,24-Aug-2026,56.95,56.95,58.19,56.2,56.94,97270,55.47,808,83353.0,85.69,2026-08-24
ORIENTALTL,EQ,24-Aug-2026,5.02,4.99,5.36,4.99,5.16,137855,7.08,284,94194.0,68.33,2026-08-24
ORIENTBELL,EQ,24-Aug-2026,359.45,359.45,388.0,355.0,379.7,113448,423.98,4149,66655.0,58.75,2026-08-24
ORIENTCEM,EQ,24-Aug-2026,131.52,130.6,132.01,129.55,129.8,291282,380.26,2351,135161.0,46.4,2026-08-24
ORIENTCER,EQ,24-Aug-2026,45.63,46.99,46.99,44.0,44.34,92339,41.45,2303,47658.0,51.61,2026-08-24
ORIENTELEC,EQ,24-Aug-2026,185.08,185.3,186.57,182.31,185.0,124407,229.39,3027,60425.0,48.57,2026-08-24
ORIENTHOT,EQ,24-Aug-2026,138.67,142.98,146.2,138.71,141.78,7098313,10065.9,24970,3613376.0,50.9,2026-08-24
ORIENTLTD,BE,24-Aug-2026,81.16,82.5,82.7,80.0,82.5,1671,1.36,22,,,2026-08-24
ORIENTPPR,EQ,24-Aug-2026,17.13,17.2,17.6,17.2,17.25,140085,24.33,535,64896.0,46.33,2026-08-24
ORIENTTECH,EQ,24-Aug-2026,243.65,243.65,246.6,241.5,244.3,168221,411.36,2722,79891.0,47.49,2026-08-24
ORIRAIL,EQ,24-Aug-2026,114.78,118.0,122.5,113.5,119.91,377427,447.51,4801,203337.0,53.87,2026-08-24
ORISSAMINE,EQ,24-Aug-2026,4617.5,4617.5,4671.0,4500.0,4511.4,7387,336.73,1557,4443.0,60.15,2026-08-24
ORKLAINDIA,EQ,24-Aug-2026,552.2,553.5,583.35,553.5,570.3,234523,1340.66,13748,122396.0,52.19,2026-08-24
ORTEL,BZ,24-Aug-2026,2.1,2.12,2.12,2.0,2.0,5179,0.1,9,,,2026-08-24
ORTINGLOBE,EQ,24-Aug-2026,15.89,15.1,15.89,15.1,15.29,3259,0.5,32,2282.0,70.02,2026-08-24
OSELDEVICE,SM,24-Aug-2026,400.55,409.9,429.9,395.0,420.6,66400,269.34,251,54600.0,82.23,2026-08-24
OSIAHYPER,BE,24-Aug-2026,2.87,2.73,2.81,2.73,2.73,771070,21.1,503,,,2026-08-24
OSWALAGRO,EQ,24-Aug-2026,36.93,37.8,37.8,36.81,37.19,23811,8.87,280,18413.0,77.33,2026-08-24
OSWALGREEN,EQ,24-Aug-2026,20.85,20.85,21.45,20.76,21.0,238244,50.23,975,183833.0,77.16,2026-08-24
OSWALPUMPS,EQ,24-Aug-2026,299.6,302.55,303.4,295.25,296.75,370821,1104.23,7020,204444.0,55.13,2026-08-24
OSWALSEEDS,EQ,24-Aug-2026,12.67,12.42,12.67,12.19,12.36,79769,9.88,472,64102.0,80.36,2026-08-24
OWAIS,ST,24-Aug-2026,61.15,58.1,64.2,58.1,64.2,90100,53.11,188,81200.0,90.12,2026-08-24
PACEDIGITK,EQ,24-Aug-2026,180.69,182.45,183.69,179.61,180.73,473146,859.19,6602,215113.0,45.46,2026-08-24
PACIFICI,EQ,24-Aug-2026,148.71,148.71,149.0,141.0,141.0,1390,2.03,27,1147.0,82.52,2026-08-24
PAGEIND,EQ,24-Aug-2026,35480.0,35580.0,35700.0,35425.0,35560.0,8552,3040.44,4672,2489.0,29.1,2026-08-24
PAISALO,EQ,24-Aug-2026,69.79,70.0,70.1,68.63,69.48,11251396,7799.74,12518,5258804.0,46.74,2026-08-24
PAKKA,EQ,24-Aug-2026,84.52,84.75,84.75,80.55,81.25,250026,204.64,4202,154042.0,61.61,2026-08-24
PALASHSECU,EQ,24-Aug-2026,88.92,91.9,93.0,88.1,92.53,2893,2.63,63,2174.0,75.15,2026-08-24
PALREDTEC,BE,24-Aug-2026,55.6,58.37,58.38,55.6,58.29,24515,14.11,117,,,2026-08-24
PANACEABIO,EQ,24-Aug-2026,411.1,413.25,413.25,403.95,406.2,43770,177.85,1699,23864.0,54.52,2026-08-24
PANACHE,BE,24-Aug-2026,533.15,515.7,550.0,515.7,548.55,8477,45.92,178,,,2026-08-24
PANAMAPET,EQ,24-Aug-2026,485.2,491.0,495.0,481.6,483.25,206300,1002.89,5124,99853.0,48.4,2026-08-24
PANCHMAHQ,EQ,24-Aug-2026,300.0,318.8,318.8,289.95,289.95,660,1.93,24,420.0,63.64,2026-08-24
PANORAMA,EQ,24-Aug-2026,45.93,45.55,47.3,44.0,44.99,350193,162.05,942,226384.0,64.65,2026-08-24
PANSARI,EQ,24-Aug-2026,317.55,311.0,327.95,311.0,327.95,465,1.5,19,256.0,55.05,2026-08-24
PAR,EQ,24-Aug-2026,101.33,101.0,102.75,99.46,101.45,7514,7.56,150,5616.0,74.74,2026-08-24
PARACABLES,EQ,24-Aug-2026,62.5,62.5,63.45,61.85,62.25,887386,554.79,5981,480473.0,54.14,2026-08-24
PARADEEP,EQ,24-Aug-2026,148.48,148.1,151.8,146.11,149.4,2777841,4168.05,26737,1035711.0,37.28,2026-08-24
PARAGMILK,EQ,24-Aug-2026,225.5,227.61,242.05,226.62,240.62,3243743,7695.41,40173,1173123.0,36.17,2026-08-24
PARAGON,SM,24-Aug-2026,48.0,48.0,51.9,48.0,51.8,24000,12.04,17,24000.0,100.0,2026-08-24
PARAMOUNT,SM,24-Aug-2026,32.05,32.05,32.05,30.45,31.0,4800,1.5,4,3600.0,75.0,2026-08-24
PARAS,EQ,24-Aug-2026,1499.6,1497.0,1528.0,1469.0,1520.0,1359580,20379.2,54202,291658.0,21.45,2026-08-24
PARASPETRO,EQ,24-Aug-2026,2.2,2.25,2.28,2.11,2.22,170776,3.81,344,95107.0,55.69,2026-08-24
PARIN,SM,24-Aug-2026,707.0,710.0,710.0,710.0,710.0,250,1.78,1,250.0,100.0,2026-08-24
PARKHOSPS,EQ,24-Aug-2026,274.55,275.9,281.45,273.05,280.05,496651,1388.35,6637,322284.0,64.89,2026-08-24
PARKHOTELS,EQ,24-Aug-2026,115.61,115.5,120.59,115.5,116.97,313069,369.7,4127,109388.0,34.94,2026-08-24
PARNAXLAB,EQ,24-Aug-2026,127.8,115.1,125.0,115.1,123.82,667,0.81,34,576.0,86.36,2026-08-24
PARSVNATH,BE,24-Aug-2026,1.39,1.37,1.37,1.37,1.37,221361,3.03,175,,,2026-08-24
PARTH,SM,24-Aug-2026,491.65,491.65,492.9,477.0,485.75,10400,50.49,24,7200.0,69.23,2026-08-24
PARTYCRUS,SM,24-Aug-2026,77.35,92.5,92.5,77.95,82.0,13000,10.61,11,10000.0,76.92,2026-08-24
PASHUPATI,EQ,24-Aug-2026,87.26,88.0,88.6,86.15,86.39,134829,118.03,3344,117140.0,86.88,2026-08-24
PASUPTAC,BE,24-Aug-2026,61.71,61.75,62.45,61.0,61.27,35933,22.11,215,,,2026-08-24
PATANJALI,EQ,24-Aug-2026,348.0,350.0,351.35,346.05,350.0,1979677,6907.91,19970,445942.0,22.53,2026-08-24
PATELENG,EQ,24-Aug-2026,28.17,28.29,28.8,27.93,28.28,3006709,850.97,9259,1305356.0,43.41,2026-08-24
PATELRMART,EQ,24-Aug-2026,234.11,235.0,235.0,226.22,228.01,51407,117.59,1645,28742.0,55.91,2026-08-24
PATILAUTOM,SM,24-Aug-2026,234.2,235.0,248.0,228.15,231.15,123000,289.68,135,103800.0,84.39,2026-08-24
PATINTLOG,BE,24-Aug-2026,13.62,13.16,13.66,13.16,13.39,110911,14.87,116,,,2026-08-24
PAUSHAKLTD,EQ,24-Aug-2026,763.35,765.0,777.15,742.0,768.6,27685,210.5,2335,13605.0,49.14,2026-08-24
PAVNAIND,EQ,24-Aug-2026,18.6,18.34,19.25,18.34,18.54,25636,4.78,153,19297.0,75.27,2026-08-24
PAYTM,EQ,24-Aug-2026,1632.0,1632.0,1638.5,1610.3,1623.5,2832355,45820.7,67811,1536102.0,54.23,2026-08-24
PCBL,EQ,24-Aug-2026,317.55,319.8,331.2,318.0,321.2,1336868,4348.46,19785,477248.0,35.7,2026-08-24
PCCL,SM,24-Aug-2026,350.1,350.1,350.2,343.0,349.05,18400,64.05,31,14400.0,78.26,2026-08-24
PCJEWELLER,EQ,24-Aug-2026,10.22,10.28,11.35,10.19,11.12,686889641,74644.97,255573,164817895.0,23.99,2026-08-24
PDMJEPAPER,EQ,24-Aug-2026,90.69,90.69,91.79,89.5,89.84,61783,55.86,1532,31474.0,50.94,2026-08-24
PDSL,EQ,24-Aug-2026,369.7,369.95,372.7,364.9,366.3,68950,253.89,4230,44436.0,64.45,2026-08-24
PEARLPOLY,EQ,24-Aug-2026,15.71,15.76,16.39,15.66,16.17,10240,1.61,68,8647.0,84.44,2026-08-24
PELATRO,SM,24-Aug-2026,340.85,348.0,369.95,348.0,358.3,16800,60.7,39,15000.0,89.29,2026-08-24
PENIND,EQ,24-Aug-2026,158.8,160.07,164.9,159.69,161.0,532284,862.12,7851,242905.0,45.63,2026-08-24
PENINLAND,BE,24-Aug-2026,15.5,16.27,16.27,16.27,16.27,152875,24.87,109,,,2026-08-24
PENTAGON,SM,24-Aug-2026,53.0,50.65,52.0,50.65,52.0,2000,1.03,2,1000.0,50.0,2026-08-24
PERMAGN,EQ,24-Aug-2026,864.45,884.95,898.0,851.05,863.9,7827,68.86,640,3972.0,50.75,2026-08-24
PERSISTENT,EQ,24-Aug-2026,5667.5,5693.5,5725.0,5646.0,5694.0,368840,20973.29,30157,146860.0,39.82,2026-08-24
PETRONET,EQ,24-Aug-2026,293.0,293.85,296.8,291.4,295.95,1748335,5156.05,31937,805682.0,46.08,2026-08-24
PFC,EQ,24-Aug-2026,363.0,363.0,365.75,361.2,364.0,6817108,24759.49,50816,4357772.0,63.92,2026-08-24
PFIZER,EQ,24-Aug-2026,4978.2,5020.0,5020.0,4865.0,4881.5,20411,1002.54,4488,9748.0,47.76,2026-08-24
PFOCUS,EQ,24-Aug-2026,296.95,300.0,314.6,296.0,307.8,1727688,5296.31,32545,628504.0,36.38,2026-08-24
PFS,EQ,24-Aug-2026,27.76,28.0,28.4,27.78,27.91,481547,135.35,2926,282483.0,58.66,2026-08-24
PGEL,EQ,24-Aug-2026,600.55,601.95,603.55,596.2,597.0,648457,3887.71,12770,238792.0,36.82,2026-08-24
PGHH,EQ,24-Aug-2026,8189.0,8189.0,8198.0,8111.5,8127.5,13076,1064.77,3502,7650.0,58.5,2026-08-24
PGHL,EQ,24-Aug-2026,5828.5,5833.5,5919.5,5830.0,5873.5,10658,625.44,3093,6482.0,60.82,2026-08-24
PGIL,EQ,24-Aug-2026,2386.1,2380.0,2411.0,2340.0,2372.2,37236,881.26,7259,14338.0,38.51,2026-08-24
PGINVIT,IV,24-Aug-2026,99.85,99.99,100.2,99.7,100.0,1330270,1328.93,6378,1149644.0,86.42,2026-08-24
PHANTOMFX,SM,24-Aug-2026,128.1,128.25,130.5,119.0,120.8,36300,44.69,98,31200.0,85.95,2026-08-24
PHARMABEES,EQ,24-Aug-2026,27.08,27.9,27.9,26.92,27.07,3566028,964.94,11778,2157906.0,60.51,2026-08-24
PHOENIXLTD,EQ,24-Aug-2026,1930.0,1916.1,1938.9,1910.7,1932.0,224983,4329.93,16655,120729.0,53.66,2026-08-24
PHOENXINTL,EQ,24-Aug-2026,31.6,29.11,31.6,29.11,29.7,1821,0.56,39,1711.0,93.96,2026-08-24
PHOGLOBAL,SM,24-Aug-2026,16.0,15.55,15.55,15.4,15.5,6000,0.93,3,6000.0,100.0,2026-08-24
PICCADIL,EQ,24-Aug-2026,709.8,715.0,715.0,681.35,684.65,269173,1873.63,10709,132137.0,49.09,2026-08-24
PIDILITIND,EQ,24-Aug-2026,1649.0,1646.0,1660.0,1638.0,1660.0,554272,9118.45,34303,345773.0,62.38,2026-08-24
PIGL,EQ,24-Aug-2026,103.72,103.0,105.09,101.5,102.4,62317,64.21,807,41619.0,66.79,2026-08-24
PIIND,EQ,24-Aug-2026,2496.8,2497.0,2501.0,2470.0,2475.0,113206,2809.7,11698,52383.0,46.27,2026-08-24
PILANIINVS,EQ,24-Aug-2026,4356.9,4355.1,4400.0,4328.3,4362.1,904,39.52,215,616.0,68.14,2026-08-24
PILITA,EQ,24-Aug-2026,8.11,8.11,8.4,8.0,8.02,27548,2.22,155,22169.0,80.47,2026-08-24
PINELABS,EQ,24-Aug-2026,156.91,157.78,160.19,157.11,157.54,8276263,13102.54,38402,3758331.0,45.41,2026-08-24
PIONEEREMB,EQ,24-Aug-2026,21.71,21.5,22.45,21.42,22.0,5553,1.22,58,5306.0,95.55,2026-08-24
PIONRINV,BE,24-Aug-2026,79.3,79.0,81.98,75.6,75.77,2369,1.81,31,,,2026-08-24
PIRAMALFIN,EQ,24-Aug-2026,2180.8,2180.0,2193.0,2120.5,2184.1,599705,12941.05,26401,311353.0,51.92,2026-08-24
PITTIENG,EQ,24-Aug-2026,1052.2,1059.0,1114.8,1037.4,1098.25,293826,3214.78,18978,136468.0,46.45,2026-08-24
PIXTRANS,EQ,24-Aug-2026,1809.1,1820.7,1837.0,1780.0,1789.6,10561,189.69,1646,6541.0,61.94,2026-08-24
PKTEA,EQ,24-Aug-2026,732.2,733.1,779.0,733.0,770.35,287,2.18,43,241.0,83.97,2026-08-24
PLASTIBLEN,EQ,24-Aug-2026,191.54,193.51,196.7,189.81,192.5,40374,78.01,1056,19549.0,48.42,2026-08-24
PLATIND,EQ,24-Aug-2026,215.2,211.01,215.4,209.1,210.26,48964,103.41,1229,31660.0,64.66,2026-08-24
PLAZACABLE,EQ,24-Aug-2026,52.08,52.8,53.48,50.01,50.8,49484,25.94,843,31728.0,64.12,2026-08-24
PML,EQ,24-Aug-2026,488.15,488.15,500.0,481.6,482.7,129,0.62,11,129.0,100.0,2026-08-24
PNB,EQ,24-Aug-2026,116.55,116.5,117.03,115.0,115.86,10613260,12286.16,38747,5174236.0,48.75,2026-08-24
PNBGILTS,EQ,24-Aug-2026,79.65,79.01,80.52,78.01,78.62,283999,224.4,2603,156954.0,55.27,2026-08-24
PNBHOUSING,EQ,24-Aug-2026,1170.3,1173.1,1173.1,1154.2,1165.0,505951,5883.78,18173,242033.0,47.84,2026-08-24
PNC,EQ,24-Aug-2026,18.15,18.5,19.0,18.0,18.45,5118,0.95,171,3783.0,73.92,2026-08-24
PNCINFRA,EQ,24-Aug-2026,206.76,208.0,209.9,203.96,204.33,410215,843.49,13403,258449.0,63.0,2026-08-24
PNGJL,EQ,24-Aug-2026,602.9,608.5,623.4,608.45,613.35,479800,2949.5,21297,241810.0,50.4,2026-08-24
PNGSREVA,EQ,24-Aug-2026,555.8,564.9,575.0,537.2,541.05,268233,1483.86,8664,137529.0,51.27,2026-08-24
POCL,EQ,24-Aug-2026,502.45,504.95,508.5,500.2,505.0,201977,1019.22,7460,104286.0,51.63,2026-08-24
PODDARMENT,EQ,24-Aug-2026,249.45,251.1,254.8,250.7,253.0,1011,2.56,66,929.0,91.89,2026-08-24
POEL,EQ,24-Aug-2026,165.65,166.05,168.97,154.6,156.05,38784,62.44,693,27954.0,72.08,2026-08-24
POKARNA,EQ,24-Aug-2026,897.7,904.9,906.85,860.0,875.35,89022,779.3,5798,43746.0,49.14,2026-08-24
POLICYBZR,EQ,24-Aug-2026,1795.2,1795.2,1811.8,1773.5,1785.0,778964,13953.09,49042,399217.0,51.25,2026-08-24
POLYCAB,EQ,24-Aug-2026,8966.0,8989.0,9054.0,8950.5,9054.0,142765,12858.72,20482,69410.0,48.62,2026-08-24
POLYMED,EQ,24-Aug-2026,1719.4,1705.0,1769.9,1705.0,1737.2,95827,1668.64,13438,37694.0,39.34,2026-08-24
POLYPLEX,EQ,24-Aug-2026,1194.1,1194.1,1196.8,1167.1,1170.0,53819,632.69,3107,36923.0,68.61,2026-08-24
POLYSIL,SM,24-Aug-2026,55.05,52.3,52.3,52.3,52.3,5000,2.62,5,5000.0,100.0,2026-08-24
POLYSPIN,EQ,24-Aug-2026,30.97,30.97,30.97,28.11,28.3,3255,0.95,38,3243.0,99.63,2026-08-24
PONNIERODE,EQ,24-Aug-2026,419.55,423.9,455.0,408.0,421.85,186127,819.19,9477,90666.0,48.71,2026-08-24
POONAWALLA,EQ,24-Aug-2026,490.05,491.0,493.3,474.0,475.1,1420503,6818.2,31019,915450.0,64.45,2026-08-24
POSITRON,SM,24-Aug-2026,166.5,166.5,167.95,163.6,167.5,2700,4.48,8,2700.0,100.0,2026-08-24
POWERGRID,EQ,24-Aug-2026,272.4,274.0,274.35,268.3,271.4,7643689,20668.37,58155,3719572.0,48.66,2026-08-24
POWERICA,EQ,24-Aug-2026,518.3,520.2,524.15,515.0,517.5,101880,528.86,3576,46330.0,45.48,2026-08-24
POWERINDIA,EQ,24-Aug-2026,34190.0,34360.0,34975.0,33570.0,33840.0,80079,27354.9,25397,26425.0,33.0,2026-08-24
POWERMECH,EQ,24-Aug-2026,2502.4,2502.4,2541.0,2475.0,2514.0,41290,1031.75,6145,20863.0,50.53,2026-08-24
PPAP,BE,24-Aug-2026,270.8,265.5,270.0,261.5,262.95,16277,43.03,378,,,2026-08-24
PPL,BE,24-Aug-2026,271.6,271.6,277.0,261.25,268.5,44181,118.05,495,,,2026-08-24
PPLPHARMA,EQ,24-Aug-2026,213.67,214.45,214.9,209.84,211.15,2681269,5679.94,36083,1278596.0,47.69,2026-08-24
PPSL,SM,24-Aug-2026,2.85,2.9,2.9,2.75,2.8,87000,2.43,15,60000.0,68.97,2026-08-24
PRABHA,EQ,24-Aug-2026,217.66,215.0,225.0,212.0,214.0,243566,523.58,2616,128538.0,52.77,2026-08-24
PRADPME,BE,24-Aug-2026,509.25,509.3,513.05,502.4,507.2,6480,32.96,58,,,2026-08-24
PRAENG,EQ,24-Aug-2026,19.04,19.04,19.74,18.54,18.87,31273,5.93,307,23042.0,73.68,2026-08-24
PRAJIND,EQ,24-Aug-2026,344.35,343.75,363.6,343.6,352.65,2002653,7133.27,40481,615351.0,30.73,2026-08-24
PRAKASH,EQ,24-Aug-2026,128.6,128.6,132.4,127.25,127.96,409476,529.65,6606,209200.0,51.09,2026-08-24
PRAKASHSTL,EQ,24-Aug-2026,3.91,3.9,3.99,3.82,3.92,99070,3.86,365,77684.0,78.41,2026-08-24
PRAMARA,SM,24-Aug-2026,119.75,118.0,121.95,118.0,121.7,5000,5.95,5,3500.0,70.0,2026-08-24
PRAMODINI,ST,24-Aug-2026,118.0,117.9,122.5,117.0,120.15,439200,524.61,222,412800.0,93.99,2026-08-24
PRATHAM,SM,24-Aug-2026,120.05,118.0,120.0,118.0,120.0,13600,16.13,12,13600.0,100.0,2026-08-24
PRAVEG,EQ,24-Aug-2026,267.7,269.2,272.0,260.0,261.6,34883,92.2,1656,18960.0,54.35,2026-08-24
PRAXIS,EQ,24-Aug-2026,5.45,5.55,5.55,5.18,5.27,214530,11.44,292,201273.0,93.82,2026-08-24
PRECAM,EQ,24-Aug-2026,130.58,130.58,133.12,128.78,130.74,110297,144.67,2033,44205.0,40.08,2026-08-24
PRECISION,ST,24-Aug-2026,7.3,7.0,7.6,7.0,7.6,6000,0.44,3,4000.0,66.67,2026-08-24
PRECOT,EQ,24-Aug-2026,697.35,699.65,715.5,667.1,670.15,8629,59.24,633,6386.0,74.01,2026-08-24
PRECWIRE,EQ,24-Aug-2026,438.5,436.0,441.55,426.0,429.05,332037,1440.84,11332,166539.0,50.16,2026-08-24
PREMCO,EQ,24-Aug-2026,390.0,392.0,395.0,382.6,393.0,601,2.36,79,532.0,88.52,2026-08-24
PREMEXPLN,EQ,24-Aug-2026,665.15,676.35,676.35,665.0,667.35,143752,960.39,3569,84882.0,59.05,2026-08-24
PREMIER,BE,24-Aug-2026,2.74,2.76,2.8,2.71,2.72,1537,0.04,20,,,2026-08-24
PREMIERENE,EQ,24-Aug-2026,1053.0,1052.9,1060.9,1023.5,1030.0,634282,6572.39,27239,242664.0,38.26,2026-08-24
PREMIERPOL,EQ,24-Aug-2026,86.97,88.2,92.9,86.97,89.12,437337,394.63,5858,170975.0,39.09,2026-08-24
PREMIUM,SM,24-Aug-2026,38.0,37.75,37.75,37.75,37.75,6000,2.27,2,6000.0,100.0,2026-08-24
PRESSTONIC,SM,24-Aug-2026,34.8,34.8,35.85,34.8,35.75,48000,16.98,46,41600.0,86.67,2026-08-24
PRESTIGE,EQ,24-Aug-2026,1631.0,1631.0,1641.6,1618.1,1635.8,245770,4007.32,15147,101864.0,41.45,2026-08-24
PRICOLLTD,EQ,24-Aug-2026,797.2,801.8,804.85,785.75,790.9,239901,1903.55,14750,124267.0,51.8,2026-08-24
PRIMECAB,ST,24-Aug-2026,195.0,200.0,204.75,200.0,204.75,22400,45.7,14,22400.0,100.0,2026-08-24
PRIMESECU,EQ,24-Aug-2026,276.65,277.1,282.0,272.0,276.05,8936,24.6,400,5272.0,59.0,2026-08-24
PRIMO,EQ,24-Aug-2026,20.89,21.45,21.45,20.4,20.92,182318,38.02,993,126977.0,69.65,2026-08-24
PRINCEPIPE,EQ,24-Aug-2026,283.3,282.1,290.4,282.1,283.95,149190,427.86,3957,79389.0,53.21,2026-08-24
PRISMX,EQ,24-Aug-2026,0.53,0.52,0.55,0.52,0.54,249588,1.37,133,242528.0,97.17,2026-08-24
PRITI,BE,24-Aug-2026,33.48,33.88,33.88,32.7,33.63,9487,3.19,81,,,2026-08-24
PRITIKA,SM,24-Aug-2026,59.55,59.55,59.55,59.55,59.55,2000,1.19,1,2000.0,100.0,2026-08-24
PRITIKAUTO,BE,24-Aug-2026,17.63,17.75,17.85,17.28,17.62,68740,12.09,296,,,2026-08-24
PRIVISCL,EQ,24-Aug-2026,3479.7,3497.0,3510.0,3440.0,3446.7,55514,1917.04,7509,38462.0,69.28,2026-08-24
PRIZOR,ST,24-Aug-2026,971.75,1020.3,1020.3,981.5,1020.3,64800,653.47,133,62800.0,96.91,2026-08-24
PRLIND,SM,24-Aug-2026,43.0,43.0,43.45,42.15,43.0,19000,8.11,18,12000.0,63.16,2026-08-24
PROFX,SM,24-Aug-2026,78.6,75.05,76.75,75.05,76.75,6400,4.86,4,3200.0,50.0,2026-08-24
PROLIFE,SM,24-Aug-2026,79.45,79.0,79.0,79.0,79.0,500,0.4,1,500.0,100.0,2026-08-24
PROPSHOP,SM,24-Aug-2026,70.05,70.5,74.95,70.2,74.45,238000,174.49,104,156000.0,65.55,2026-08-24
PROSTARM,EQ,24-Aug-2026,138.72,140.0,140.49,135.2,138.18,150898,208.37,2128,74958.0,49.67,2026-08-24
PROTEAN,EQ,24-Aug-2026,551.05,551.15,559.25,551.15,554.9,123045,682.94,4779,74491.0,60.54,2026-08-24
PROV,SM,24-Aug-2026,1845.0,1845.0,1845.0,1820.0,1820.0,320,5.86,4,240.0,75.0,2026-08-24
PROZONER,EQ,24-Aug-2026,41.73,41.73,43.0,41.15,41.72,147405,62.21,2246,70317.0,47.7,2026-08-24
PRSMJOHNSN,EQ,24-Aug-2026,107.97,110.8,110.8,106.5,107.11,882100,953.69,10685,232656.0,26.38,2026-08-24
PRUDENT,EQ,24-Aug-2026,3353.5,3345.0,3394.2,3321.5,3336.8,17568,590.54,2556,13909.0,79.17,2026-08-24
PRUDMOULI,BE,24-Aug-2026,15.24,15.99,16.0,15.31,16.0,79199,12.65,126,,,2026-08-24
PSB,EQ,24-Aug-2026,23.46,23.5,23.63,23.14,23.24,1238528,288.93,6514,683408.0,55.18,2026-08-24
PSFL,SM,24-Aug-2026,31.05,31.1,31.1,31.05,31.05,8000,2.49,4,6000.0,75.0,2026-08-24
PSPPROJECT,EQ,24-Aug-2026,911.95,911.95,929.45,906.45,909.55,34346,315.59,1826,21144.0,61.56,2026-08-24
PSRAJ,ST,24-Aug-2026,78.15,78.0,81.9,78.0,81.9,52500,42.42,18,52500.0,100.0,2026-08-24
PSUBANK,EQ,24-Aug-2026,86.11,86.23,87.9,85.05,85.36,5318586,4544.2,1108,5186457.0,97.52,2026-08-24
PSUBANKADD,EQ,24-Aug-2026,86.67,86.67,87.2,85.66,86.22,12790,11.05,233,6554.0,51.24,2026-08-24
PSUBNKBEES,EQ,24-Aug-2026,95.82,97.0,97.0,94.9,95.13,3309637,3151.09,7248,2721709.0,82.24,2026-08-24
PSUBNKIETF,EQ,24-Aug-2026,86.73,87.1,87.52,86.3,86.44,68035,58.95,877,38615.0,56.76,2026-08-24
PTC,EQ,24-Aug-2026,156.56,156.56,157.65,155.6,156.84,1288256,2014.69,19795,806394.0,62.6,2026-08-24
PTCIL,EQ,24-Aug-2026,20629.0,20500.0,21800.0,20500.0,21672.0,77843,16545.8,25730,19778.0,25.41,2026-08-24
PTL,EQ,24-Aug-2026,38.33,38.33,39.25,38.33,38.64,51679,19.95,731,44931.0,86.94,2026-08-24
PULZ,SM,24-Aug-2026,24.45,23.25,23.5,23.25,23.25,12000,2.81,6,12000.0,100.0,2026-08-24
PUNJABCHEM,EQ,24-Aug-2026,1148.0,1141.0,1147.8,1081.6,1095.2,25234,279.58,1800,17269.0,68.44,2026-08-24
PURPLEUTED,ST,24-Aug-2026,411.2,428.0,428.0,406.1,419.85,53250,224.3,165,53000.0,99.53,2026-08-24
PURVA,EQ,24-Aug-2026,219.36,221.99,225.16,211.14,214.3,591540,1285.31,12492,214416.0,36.25,2026-08-24
PUSHPA,SM,24-Aug-2026,113.0,113.0,113.0,110.0,110.0,2000,2.23,2,2000.0,100.0,2026-08-24
PVP,EQ,24-Aug-2026,45.35,46.0,49.0,45.51,48.59,3871720,1838.74,14244,1951065.0,50.39,2026-08-24
PVRINOX,EQ,24-Aug-2026,1216.8,1220.0,1248.2,1216.2,1231.8,864708,10643.85,44799,479745.0,55.48,2026-08-24
PVSL,EQ,24-Aug-2026,109.67,113.6,113.93,109.67,110.15,23038,25.48,536,15585.0,67.65,2026-08-24
PVTBANIETF,EQ,24-Aug-2026,27.93,27.93,28.05,27.72,27.9,2131685,593.33,1547,1549019.0,72.67,2026-08-24
PVTBANK,EQ,24-Aug-2026,27.72,27.72,27.78,27.5,27.7,10683,2.96,21,10681.0,99.98,2026-08-24
PVTBANKADD,EQ,24-Aug-2026,28.07,28.07,28.17,27.79,27.9,48637,13.63,178,38592.0,79.35,2026-08-24
PVTBKGROWW,EQ,24-Aug-2026,27.76,27.48,28.0,27.42,27.47,11441,3.15,150,8222.0,71.86,2026-08-24
PWL,EQ,24-Aug-2026,120.83,121.0,124.56,119.6,121.46,10228734,12560.58,46965,2070873.0,20.25,2026-08-24
PYRAMID,EQ,24-Aug-2026,163.43,164.6,165.4,161.44,163.65,23694,38.65,1024,12156.0,51.3,2026-08-24
QGOLDHALF,EQ,24-Aug-2026,131.65,132.66,134.16,132.66,133.43,306666,409.27,1650,130191.0,42.45,2026-08-24
QLINE,SM,24-Aug-2026,549.75,559.0,569.0,550.0,553.7,164000,921.38,359,124000.0,75.61,2026-08-24
QMSMEDI,BE,24-Aug-2026,148.39,150.4,155.5,145.13,146.2,69486,104.89,457,,,2026-08-24
QNIFTY,EQ,24-Aug-2026,267.28,268.2,268.2,265.6,266.59,5888,15.69,174,4470.0,75.92,2026-08-24
QPOWER,EQ,24-Aug-2026,1305.6,1313.4,1356.8,1295.1,1313.2,266186,3531.27,15990,130621.0,49.07,2026-08-24
QUADFUTURE,EQ,24-Aug-2026,405.35,410.05,464.8,395.5,447.3,23856672,106082.78,345825,1578744.0,6.62,2026-08-24
QUAL30IETF,EQ,24-Aug-2026,21.33,21.41,21.45,21.23,21.32,282052,60.08,247,148023.0,52.48,2026-08-24
QUALITY30,EQ,24-Aug-2026,21.03,21.03,21.03,20.8,20.82,4917,1.03,53,3691.0,75.07,2026-08-24
QUESS,EQ,24-Aug-2026,335.85,332.3,346.35,332.05,338.6,321337,1092.39,19193,115110.0,35.82,2026-08-24
QUESTLAB,SM,24-Aug-2026,85.85,84.0,87.95,84.0,86.5,8400,7.22,7,8400.0,100.0,2026-08-24
QUICKHEAL,BE,24-Aug-2026,142.87,143.95,143.95,139.05,140.4,57377,80.81,806,,,2026-08-24
QUICKTOUCH,SM,24-Aug-2026,16.7,17.0,17.05,17.0,17.05,1500,0.26,3,1500.0,100.0,2026-08-24
QUINT,EQ,24-Aug-2026,40.34,40.35,41.75,38.56,40.51,28716,11.52,266,26024.0,90.63,2026-08-24
QUINTEGRA,BE,24-Aug-2026,1.27,1.27,1.33,1.21,1.27,14165,0.18,19,,,2026-08-24
RACE,EQ,24-Aug-2026,102.53,104.7,104.99,100.3,101.44,5436,5.53,120,3814.0,70.16,2026-08-24
RACLGEAR,EQ,24-Aug-2026,1512.0,1544.9,1574.8,1505.0,1513.5,108789,1668.25,10595,51533.0,47.37,2026-08-24
RADAAN,EQ,24-Aug-2026,3.0,3.06,3.06,2.95,3.03,24740,0.74,101,14099.0,56.99,2026-08-24
RADHIKAJWE,EQ,24-Aug-2026,67.56,67.85,69.5,67.0,67.27,335456,228.97,3228,126867.0,37.82,2026-08-24
RADIANTCMS,EQ,24-Aug-2026,34.52,34.66,35.99,34.5,35.66,197855,69.74,1549,105176.0,53.16,2026-08-24
RADICO,EQ,24-Aug-2026,4639.8,4632.0,4634.9,4562.0,4600.0,227899,10488.77,23800,130208.0,57.13,2026-08-24
RADIOCITY,EQ,24-Aug-2026,6.69,6.9,6.9,6.51,6.53,205882,13.62,183,194624.0,94.53,2026-08-24
RADIOWALLA,ST,24-Aug-2026,25.0,25.0,25.5,25.0,25.5,8000,2.03,5,6400.0,80.0,2026-08-24
RAILTEL,EQ,24-Aug-2026,287.25,287.1,287.5,281.0,282.05,609772,1727.22,12985,211712.0,34.72,2026-08-24
RAIN,EQ,24-Aug-2026,208.61,209.59,218.33,208.91,213.69,4569719,9834.71,34742,1701224.0,37.23,2026-08-24
RAINBOW,EQ,24-Aug-2026,1433.2,1433.1,1471.0,1433.0,1460.1,102157,1489.44,13092,54700.0,53.55,2026-08-24
RAJESHEXPO,BZ,24-Aug-2026,79.18,79.0,79.5,76.5,77.29,155359,120.95,2301,,,2026-08-24
RAJINDLTD,SM,24-Aug-2026,68.75,68.75,68.75,66.0,66.9,39000,26.06,17,34500.0,88.46,2026-08-24
RAJMET,EQ,24-Aug-2026,3.5,3.51,4.18,3.42,3.5,4134727,156.28,3359,2237540.0,54.12,2026-08-24
RAJOOENG,BE,24-Aug-2026,50.36,50.93,50.93,49.5,49.93,157471,78.96,731,,,2026-08-24
RAJPALAYAM,EQ,24-Aug-2026,816.05,810.0,824.0,801.0,803.25,1539,12.44,93,929.0,60.36,2026-08-24
RAJPUTANA,SM,24-Aug-2026,219.95,222.0,225.0,221.05,224.0,9000,20.09,14,9000.0,100.0,2026-08-24
RAJRATAN,EQ,24-Aug-2026,501.75,498.1,506.0,485.0,490.2,100714,496.13,5804,53410.0,53.03,2026-08-24
RAJRILTD,BE,24-Aug-2026,22.72,23.14,23.17,22.5,22.79,10949,2.5,133,,,2026-08-24
RAJSREESUG,EQ,24-Aug-2026,39.1,40.95,42.0,38.5,39.68,422066,173.61,2724,191816.0,45.45,2026-08-24
RAJTV,EQ,24-Aug-2026,10.49,10.77,10.77,10.13,10.47,6860,0.71,98,5288.0,77.08,2026-08-24
RAJVIR,BZ,24-Aug-2026,5.6,5.32,5.32,5.32,5.32,93,0.0,4,,,2026-08-24
RALLIS,EQ,24-Aug-2026,212.18,212.0,214.9,210.55,211.32,429484,912.68,16391,238261.0,55.48,2026-08-24
RAMANEWS,EQ,24-Aug-2026,31.79,33.2,33.2,31.34,31.83,9935,3.19,140,5474.0,55.1,2026-08-24
RAMAPHO,EQ,24-Aug-2026,121.05,120.26,123.99,120.21,120.74,24741,29.96,638,14530.0,58.73,2026-08-24
RAMASTEEL,BE,24-Aug-2026,4.01,4.01,4.09,4.01,4.09,1820960,73.82,1774,,,2026-08-24
RAMBHAJO,EQ,24-Aug-2026,177.41,180.85,212.89,180.85,212.89,2520932,5250.45,9952,1071292.0,42.5,2026-08-24
RAMCOCEM,EQ,24-Aug-2026,899.05,908.1,925.0,896.5,903.9,386326,3504.3,12416,197154.0,51.03,2026-08-24
RAMCOIND,EQ,24-Aug-2026,347.0,349.0,353.45,337.0,341.55,172284,588.67,4451,91288.0,52.99,2026-08-24
RAMCOSYS,EQ,24-Aug-2026,543.65,554.95,570.8,547.6,570.05,377827,2140.58,7279,217126.0,57.47,2026-08-24
RAMKY,EQ,24-Aug-2026,392.2,392.2,401.15,377.65,380.3,103516,399.24,3143,45299.0,43.76,2026-08-24
RAMRAT,EQ,24-Aug-2026,477.35,476.5,491.9,475.0,485.85,104030,503.97,3930,51705.0,49.7,2026-08-24
RANASUG,EQ,24-Aug-2026,14.96,15.09,16.45,15.09,15.92,3953180,632.72,7690,2001826.0,50.64,2026-08-24
RANEHOLDIN,EQ,24-Aug-2026,1615.6,1626.8,1634.8,1568.3,1613.4,39215,627.28,2654,28104.0,71.67,2026-08-24
RAPIDFLEET,SM,24-Aug-2026,168.0,175.0,201.6,175.0,201.6,13800,25.87,21,12600.0,91.3,2026-08-24
RAPPID,SM,24-Aug-2026,311.65,302.25,302.25,285.1,298.0,28200,82.8,45,16200.0,57.45,2026-08-24
RATEGAIN,EQ,24-Aug-2026,990.05,992.0,1009.0,956.0,962.1,536846,5273.65,27844,243471.0,45.35,2026-08-24
RATNAMANI,EQ,24-Aug-2026,2354.4,2354.4,2777.0,2323.0,2697.0,903553,24001.53,100937,193916.0,21.46,2026-08-24
RATNAVEER,EQ,24-Aug-2026,267.04,266.2,272.99,250.61,271.32,8703155,22859.88,49861,2751369.0,31.61,2026-08-24
RAYMOND,EQ,24-Aug-2026,643.15,645.0,645.0,631.0,632.2,240663,1534.08,8245,129925.0,53.99,2026-08-24
RAYMONDLSL,EQ,24-Aug-2026,726.95,726.95,730.2,713.65,717.15,143464,1033.86,6619,97339.0,67.85,2026-08-24
RAYMONDREL,EQ,24-Aug-2026,576.9,577.0,599.0,576.0,593.15,261265,1544.36,7330,106243.0,40.66,2026-08-24
RBA,EQ,24-Aug-2026,104.24,104.68,111.15,103.61,106.45,7935015,8536.33,39523,3462030.0,43.63,2026-08-24
RBLBANK,EQ,24-Aug-2026,392.5,394.0,394.5,386.25,388.0,2638029,10255.92,28664,1371346.0,51.98,2026-08-24
RBMINFRA,SM,24-Aug-2026,242.45,242.45,254.85,242.45,247.8,8600,21.37,39,6800.0,79.07,2026-08-24
RBS,SM,24-Aug-2026,92.0,92.0,95.8,89.0,89.0,6400,5.92,6,4800.0,75.0,2026-08-24
RBZJEWEL,EQ,24-Aug-2026,138.09,140.0,155.97,135.91,144.65,1238610,1820.97,24298,287177.0,23.19,2026-08-24
RCDL,SM,24-Aug-2026,28.6,21.0,21.2,18.2,21.2,129000,25.96,40,96000.0,74.42,2026-08-24
RCF,EQ,24-Aug-2026,118.16,118.0,121.13,118.0,119.03,797012,956.72,9211,271185.0,34.03,2026-08-24
RCOM,BE,24-Aug-2026,0.8,0.81,0.82,0.8,0.81,4458757,36.01,2267,,,2026-08-24
READYMIX,SM,24-Aug-2026,96.4,96.25,98.9,91.6,93.9,38000,36.11,37,11000.0,28.95,2026-08-24
RECLTD,EQ,24-Aug-2026,326.65,326.65,328.65,323.55,327.9,5668109,18474.29,59404,3005179.0,53.02,2026-08-24
REDINGTON,EQ,24-Aug-2026,350.55,353.05,370.8,352.25,365.1,9723917,35475.85,122520,3269898.0,33.63,2026-08-24
REDTAPE,EQ,24-Aug-2026,122.88,122.61,124.2,120.85,121.95,227640,278.29,4567,117948.0,51.81,2026-08-24
REFEX,EQ,24-Aug-2026,293.95,293.95,296.0,285.1,286.45,274609,795.2,5941,148521.0,54.08,2026-08-24
REFRACTORY,SM,24-Aug-2026,27.35,28.7,28.7,26.1,26.1,3000,0.84,2,3000.0,100.0,2026-08-24
REGAAL,EQ,24-Aug-2026,95.96,96.0,99.5,94.5,95.02,307072,296.89,2517,171563.0,55.87,2026-08-24
REGENCERAM,EQ,24-Aug-2026,35.91,36.0,36.1,33.51,33.93,6418,2.19,249,3903.0,60.81,2026-08-24
RELAXO,EQ,24-Aug-2026,376.6,373.0,379.15,372.1,377.55,134520,505.38,6809,49317.0,36.66,2026-08-24
RELCHEMQ,EQ,24-Aug-2026,112.18,110.37,114.8,110.37,113.34,2358,2.68,63,1962.0,83.21,2026-08-24
RELIABLE,EQ,24-Aug-2026,138.54,138.0,143.0,135.0,142.19,22990,32.4,499,7938.0,34.53,2026-08-24
RELIANCE,EQ,24-Aug-2026,1316.0,1316.6,1320.0,1302.4,1309.8,7277167,95178.56,135944,4653509.0,63.95,2026-08-24
RELIGARE,EQ,24-Aug-2026,231.6,231.5,234.2,223.25,226.95,2011854,4600.69,17673,1029524.0,51.17,2026-08-24
RELINFRA,BE,24-Aug-2026,63.16,62.4,64.42,61.9,62.73,708001,446.91,2512,,,2026-08-24
RELTD,EQ,24-Aug-2026,167.63,168.2,168.6,159.0,161.4,144240,235.09,2781,90820.0,62.96,2026-08-24
REMSONSIND,EQ,24-Aug-2026,84.9,85.0,86.3,81.3,82.56,57981,48.68,2101,27857.0,48.05,2026-08-24
REMUS,SM,24-Aug-2026,961.65,961.65,967.85,920.0,927.3,4400,41.44,41,3000.0,68.18,2026-08-24
RENUKA,EQ,24-Aug-2026,25.14,25.65,27.68,24.85,25.47,120525051,32107.68,172464,27875237.0,23.13,2026-08-24
REPCOHOME,EQ,24-Aug-2026,359.05,359.05,363.3,349.5,350.7,126767,447.47,5629,85993.0,67.84,2026-08-24
REPL,BE,24-Aug-2026,64.7,67.9,67.9,62.66,63.51,10010,6.37,57,,,2026-08-24
REPRO,EQ,24-Aug-2026,324.0,328.9,330.0,310.5,311.95,25944,82.68,1400,17506.0,67.48,2026-08-24
RESPONIND,EQ,24-Aug-2026,155.06,155.01,157.82,153.75,154.67,35867,55.81,954,19273.0,53.73,2026-08-24
RETAIL,EQ,24-Aug-2026,17.01,17.01,17.85,16.53,17.0,7044,1.2,41,6874.0,97.59,2026-08-24
REXPIPES,SM,24-Aug-2026,169.1,160.65,160.65,160.65,160.65,5000,8.03,2,5000.0,100.0,2026-08-24
REXPRO,SM,24-Aug-2026,39.95,38.55,39.6,38.0,38.8,10000,3.85,6,8000.0,80.0,2026-08-24
RFBL,ST,24-Aug-2026,100.4,95.4,99.5,95.4,95.45,306000,301.52,10,234000.0,76.47,2026-08-24
RGL,EQ,24-Aug-2026,131.26,132.0,135.5,131.15,132.32,479494,638.54,5311,210568.0,43.91,2026-08-24
RHETAN,EQ,24-Aug-2026,24.22,23.89,23.89,21.81,21.81,19810958,4360.93,9969,6956030.0,35.11,2026-08-24
RHFL,BZ,24-Aug-2026,1.78,1.82,1.86,1.79,1.85,687722,12.57,1196,,,2026-08-24
RHIM,EQ,24-Aug-2026,375.25,377.1,381.95,373.3,374.6,210002,792.56,6313,106682.0,50.8,2026-08-24
RHL,EQ,24-Aug-2026,169.22,168.0,169.0,167.25,169.0,145,0.24,16,145.0,100.0,2026-08-24
RICOAUTO,EQ,24-Aug-2026,129.95,129.95,131.49,126.75,127.17,1040116,1337.99,7539,454609.0,43.71,2026-08-24
RIIL,EQ,24-Aug-2026,786.1,779.0,793.0,767.65,774.95,86913,678.01,4670,27095.0,31.17,2026-08-24
RIIT,IV,24-Aug-2026,121.91,122.3,122.3,121.71,121.89,500360,610.3,1725,490461.0,98.02,2026-08-24
RILINFRA,SM,24-Aug-2026,36.65,36.7,36.95,35.9,36.45,10300,3.75,47,5600.0,54.37,2026-08-24
RIR,EQ,24-Aug-2026,164.93,166.7,169.62,162.5,164.17,89584,147.29,2263,48709.0,54.37,2026-08-24
RISHABH,EQ,24-Aug-2026,669.3,669.3,722.1,669.3,699.55,646388,4570.98,22008,276731.0,42.81,2026-08-24
RITCO,EQ,24-Aug-2026,317.9,321.35,327.5,312.0,314.95,58022,184.71,2173,30484.0,52.54,2026-08-24
RITES,EQ,24-Aug-2026,218.08,218.75,221.13,216.32,220.14,360826,789.52,9632,163349.0,45.27,2026-08-24
RITEZONE,SM,24-Aug-2026,17.95,17.4,17.4,17.4,17.4,1600,0.28,1,1600.0,100.0,2026-08-24
RKDL,EQ,24-Aug-2026,18.28,18.05,18.46,18.05,18.11,2303,0.42,62,1930.0,83.8,2026-08-24
RKEC,EQ,24-Aug-2026,22.47,22.87,24.37,22.87,22.97,15001,3.5,122,10093.0,67.28,2026-08-24
RKFORGE,EQ,24-Aug-2026,737.05,737.05,747.3,725.05,728.5,607562,4465.49,19486,312508.0,51.44,2026-08-24
RKSWAMY,EQ,24-Aug-2026,95.45,95.05,97.39,94.61,95.11,13834,13.18,348,8091.0,58.49,2026-08-24
RMC,EQ,24-Aug-2026,258.0,259.95,259.95,250.3,251.5,24728,62.54,1081,15126.0,61.17,2026-08-24
RMDRIP,BE,24-Aug-2026,18.37,18.0,18.6,17.62,18.41,2264384,409.5,511,,,2026-08-24
RML,EQ,24-Aug-2026,1101.0,1110.7,1175.0,1102.0,1160.8,130597,1500.53,10145,40074.0,30.69,2026-08-24
RNBDENIMS,EQ,24-Aug-2026,7.73,7.84,8.11,7.74,8.11,238849,19.0,791,190157.0,79.61,2026-08-24
RNFI,SM,24-Aug-2026,275.5,278.0,279.9,269.95,274.95,52200,142.07,45,42600.0,81.61,2026-08-24
RNPL,SM,24-Aug-2026,81.75,81.8,81.9,81.7,81.7,6000,4.91,5,0.0,0.0,2026-08-24
ROCKINGDCE,SM,24-Aug-2026,205.95,209.0,232.0,206.0,224.05,35000,77.19,115,21250.0,60.71,2026-08-24
ROCKPP,E1,24-Aug-2026,60.0,70.0,70.0,69.95,70.0,4000,2.8,3,4000.0,100.0,2026-08-24
ROHLTD,EQ,24-Aug-2026,302.7,301.2,313.45,301.2,305.9,27228,83.98,1036,17359.0,63.75,2026-08-24
ROLEXRINGS,EQ,24-Aug-2026,183.37,183.1,183.79,179.1,181.19,1346536,2440.83,15769,552657.0,41.04,2026-08-24
ROLLT,BE,24-Aug-2026,3.64,3.82,3.82,3.82,3.82,276450,10.56,173,,,2026-08-24
ROML,EQ,24-Aug-2026,43.6,43.6,44.8,43.43,43.53,3332,1.46,88,1653.0,49.61,2026-08-24
ROSSARI,EQ,24-Aug-2026,501.75,504.8,519.7,497.15,499.35,153077,774.02,10181,67271.0,43.95,2026-08-24
ROSSELLIND,EQ,24-Aug-2026,55.94,56.8,57.68,55.14,56.77,38686,21.89,586,26341.0,68.09,2026-08-24
ROSSTECH,EQ,24-Aug-2026,1074.2,1084.25,1107.95,1032.75,1053.65,182472,1934.09,10550,84074.0,46.08,2026-08-24
ROTO,EQ,24-Aug-2026,65.58,65.5,66.09,64.01,64.28,294818,191.44,2640,154374.0,52.36,2026-08-24
ROUTE,EQ,24-Aug-2026,502.3,501.0,504.9,491.0,493.25,222957,1105.13,8766,90142.0,40.43,2026-08-24
ROXHITECH,SM,24-Aug-2026,53.75,53.75,53.75,50.55,51.75,64000,32.9,32,46400.0,72.5,2026-08-24
ROYALARC,SM,24-Aug-2026,179.0,185.0,197.0,182.0,182.0,26400,50.83,17,25200.0,95.45,2026-08-24
RPEL,EQ,24-Aug-2026,1689.8,1650.1,1699.0,1633.1,1662.4,82779,1377.78,6197,46015.0,55.59,2026-08-24
RPGLIFE,EQ,24-Aug-2026,2636.6,2636.6,2666.2,2610.0,2623.4,9098,239.17,1755,4451.0,48.92,2026-08-24
RPOWER,EQ,24-Aug-2026,23.45,23.64,23.8,23.01,23.09,23913101,5575.51,40905,7893289.0,33.01,2026-08-24
RPPINFRA,EQ,24-Aug-2026,57.64,58.06,60.2,57.34,57.78,54785,32.03,1072,32676.0,59.64,2026-08-24
RPPL,BE,24-Aug-2026,23.57,23.57,24.39,23.57,24.28,65801,15.93,101,,,2026-08-24
RPSGVENT,EQ,24-Aug-2026,866.25,853.05,873.65,853.05,863.35,31714,273.54,1064,24276.0,76.55,2026-08-24
RPTECH,EQ,24-Aug-2026,876.9,876.9,891.9,864.25,867.0,162850,1431.22,9235,83468.0,51.25,2026-08-24
RRECL,EQ,24-Aug-2026,143.25,143.25,145.0,139.0,139.0,744,1.07,35,692.0,93.01,2026-08-24
RRIL,EQ,24-Aug-2026,17.45,17.65,18.0,17.11,17.47,18053,3.19,207,12888.0,71.39,2026-08-24
RRKABEL,EQ,24-Aug-2026,2919.3,2920.9,2983.8,2862.0,2869.9,328196,9583.71,31980,154936.0,47.21,2026-08-24
RSDFIN,BE,24-Aug-2026,96.1,97.98,100.9,97.98,100.9,1552,1.55,17,,,2026-08-24
RSL,EQ,24-Aug-2026,164.85,164.85,169.0,164.0,166.99,228013,380.6,2250,121552.0,53.31,2026-08-24
RSSOFTWARE,EQ,24-Aug-2026,30.32,30.01,30.32,29.01,29.98,41455,12.43,279,40645.0,98.05,2026-08-24
RSWM,BE,24-Aug-2026,204.83,205.0,209.0,194.59,195.69,81514,162.08,376,,,2026-08-24
RSYSTEMS,EQ,24-Aug-2026,239.25,239.9,245.9,237.1,239.75,137478,332.09,4412,63711.0,46.34,2026-08-24
RTNINDIA,EQ,24-Aug-2026,30.45,30.49,30.87,30.0,30.06,1791657,541.73,8361,1018748.0,56.86,2026-08-24
RTNPOWER,EQ,24-Aug-2026,7.89,7.91,8.1,7.81,7.86,18769954,1486.44,17944,7905706.0,42.12,2026-08-24
RTSPOWR,EQ,24-Aug-2026,93.33,99.99,100.0,94.1,94.81,918,0.88,36,769.0,83.77,2026-08-24
RUBFILA,EQ,24-Aug-2026,69.45,69.0,70.46,65.5,66.25,79102,53.15,1072,73824.0,93.33,2026-08-24
RUBICON,EQ,24-Aug-2026,1724.7,1744.8,1780.0,1725.1,1776.1,333984,5865.93,32713,144824.0,43.36,2026-08-24
RUBYMILLS,BE,24-Aug-2026,402.1,400.1,414.8,384.3,391.85,6067,24.0,172,,,2026-08-24
RUCHINFRA,EQ,24-Aug-2026,5.72,5.72,5.95,5.72,5.76,59926,3.47,212,45825.0,76.47,2026-08-24
RUCHIRA,EQ,24-Aug-2026,102.9,103.13,103.69,102.51,102.88,15182,15.63,330,12611.0,83.07,2026-08-24
RUDRA,EQ,24-Aug-2026,21.28,21.69,22.4,20.8,21.66,72979,16.03,609,41527.0,56.9,2026-08-24
RULKA,SM,24-Aug-2026,108.0,104.05,107.55,104.05,106.2,3600,3.81,10,2700.0,75.0,2026-08-24
RUPA,EQ,24-Aug-2026,153.53,153.5,154.79,151.11,151.82,80510,122.8,3175,48206.0,59.88,2026-08-24
RUSHIL,EQ,24-Aug-2026,17.07,17.09,17.34,16.81,16.96,266040,45.2,610,175618.0,66.01,2026-08-24
RUSTOMJEE,EQ,24-Aug-2026,371.45,371.0,385.05,371.0,379.05,51298,195.14,1642,29901.0,58.29,2026-08-24
RVHL,EQ,24-Aug-2026,43.02,43.02,43.8,39.0,39.92,40751,16.65,432,35644.0,87.47,2026-08-24
RVNL,EQ,24-Aug-2026,225.3,225.3,227.89,221.25,221.7,5267562,11754.37,38392,2513364.0,47.71,2026-08-24
RVTH,EQ,24-Aug-2026,733.9,738.05,740.0,730.0,732.95,746,5.49,18,744.0,99.73,2026-08-24
S&SPOWER,EQ,24-Aug-2026,298.85,328.7,328.7,328.7,328.7,4808,15.8,86,4486.0,93.3,2026-08-24
SAAKSHI,ST,24-Aug-2026,285.7,285.55,299.0,276.55,297.9,19200,56.45,31,18000.0,93.75,2026-08-24
SAATVIKGL,EQ,24-Aug-2026,418.95,418.35,423.95,409.0,421.6,97757,408.54,3478,38868.0,39.76,2026-08-24
SAB,EQ,24-Aug-2026,170.32,178.5,178.5,178.5,178.5,89,0.16,7,89.0,100.0,2026-08-24
SABAR,SM,24-Aug-2026,6.95,6.65,7.25,6.65,7.25,10000,0.7,2,10000.0,100.0,2026-08-24
SACHEEROME,SM,24-Aug-2026,500.55,500.55,503.0,473.05,482.75,17400,85.4,50,13200.0,75.86,2026-08-24
SADBHAV,EQ,24-Aug-2026,8.0,8.16,8.25,8.0,8.09,138773,11.24,291,94535.0,68.12,2026-08-24
SADBHIN,BE,24-Aug-2026,2.72,2.76,2.76,2.65,2.68,76541,2.08,159,,,2026-08-24
SADHAV,SM,24-Aug-2026,114.45,114.0,118.0,114.0,114.5,12000,13.89,19,6600.0,55.0,2026-08-24
SADHNANIQ,BE,24-Aug-2026,2.97,3.0,3.0,2.95,2.95,1243057,37.23,466,,,2026-08-24
SAFARI,EQ,24-Aug-2026,1496.8,1525.0,1525.0,1492.0,1495.1,20596,308.61,3945,9639.0,46.8,2026-08-24
SAFEENTP,SM,24-Aug-2026,250.0,255.0,255.15,245.0,249.95,55500,138.61,62,39000.0,70.27,2026-08-24
SAGARDEEP,EQ,24-Aug-2026,23.4,23.86,24.97,23.5,23.88,15322,3.68,153,10716.0,69.94,2026-08-24
SAGCEM,EQ,24-Aug-2026,162.95,163.0,167.61,163.0,165.33,27472,45.49,834,19731.0,71.82,2026-08-24
SAGILITY,EQ,24-Aug-2026,43.35,43.4,43.8,43.1,43.23,14067265,6109.92,33253,6142295.0,43.66,2026-08-24
SAHAJSOLAR,SM,24-Aug-2026,108.35,109.9,109.9,103.0,103.2,32400,33.96,63,27200.0,83.95,2026-08-24
SAHANA,SM,24-Aug-2026,853.05,836.5,898.85,836.5,892.85,55650,491.83,263,44100.0,79.25,2026-08-24
SAHASRA,ST,24-Aug-2026,323.45,328.95,328.95,316.7,320.4,24800,79.24,56,23200.0,93.55,2026-08-24
SAHLIBHFI,EQ,24-Aug-2026,74.0,76.0,76.0,66.6,73.37,3842,2.82,134,2761.0,71.86,2026-08-24
SAHYADRI,EQ,24-Aug-2026,374.05,370.0,376.55,344.85,351.25,39532,141.46,2747,22558.0,57.06,2026-08-24
SAICAPI,EQ,24-Aug-2026,146.44,170.05,170.05,147.0,147.13,1889,2.97,57,977.0,51.72,2026-08-24
SAIFL,SM,24-Aug-2026,5.1,5.15,5.15,5.0,5.05,260000,13.19,46,164000.0,63.08,2026-08-24
SAIL,EQ,24-Aug-2026,173.46,174.8,180.96,174.71,179.65,48226622,86445.49,122807,21802749.0,45.21,2026-08-24
SAILIFE,EQ,24-Aug-2026,1457.4,1457.6,1462.1,1432.0,1435.9,263540,3810.21,19878,159428.0,60.49,2026-08-24
SAIPARENT,EQ,24-Aug-2026,540.85,544.6,544.6,526.0,528.75,94129,501.51,2823,70907.0,75.33,2026-08-24
SAKAR,EQ,24-Aug-2026,912.6,912.6,920.45,890.0,899.5,55029,497.86,3751,28812.0,52.36,2026-08-24
SAKHTISUG,EQ,24-Aug-2026,21.13,21.51,23.29,21.51,22.4,1956094,442.98,5260,899376.0,45.98,2026-08-24
SAKSOFT,EQ,24-Aug-2026,163.52,164.0,165.79,161.5,162.13,366366,596.24,5151,179978.0,49.13,2026-08-24
SAKUMA,EQ,24-Aug-2026,1.52,1.53,1.54,1.49,1.49,1037291,15.55,1290,821025.0,79.15,2026-08-24
SALASAR,EQ,24-Aug-2026,5.94,5.96,6.0,5.85,5.87,2024932,119.82,3313,1445567.0,71.39,2026-08-24
SALONA,EQ,24-Aug-2026,263.3,269.0,274.99,264.0,268.37,333,0.9,21,316.0,94.89,2026-08-24
SALSTEEL,EQ,24-Aug-2026,78.93,79.15,79.71,76.11,77.06,359072,281.18,3442,119812.0,33.37,2026-08-24
SALZERELEC,EQ,24-Aug-2026,569.55,569.55,573.6,565.0,569.45,25436,144.99,1529,14471.0,56.89,2026-08-24
SAMAY,ST,24-Aug-2026,44.2,44.5,46.25,44.0,44.0,40000,18.08,10,36000.0,90.0,2026-08-24
SAMBANDAM,EQ,24-Aug-2026,151.2,161.9,161.9,136.08,144.09,66847,96.07,1435,21655.0,32.39,2026-08-24
SAMBHAAV,EQ,24-Aug-2026,6.18,6.01,6.9,6.01,6.3,44825,2.84,126,31679.0,70.67,2026-08-24
SAMBHV,EQ,24-Aug-2026,129.35,129.4,133.1,128.43,131.18,1374092,1799.65,10550,593391.0,43.18,2026-08-24
SAMHI,EQ,24-Aug-2026,159.56,159.1,161.37,158.4,159.58,1051413,1678.32,14666,760484.0,72.33,2026-08-24
SAMMAANCAP,EQ,24-Aug-2026,150.52,150.8,153.35,148.66,149.4,4165979,6293.79,18309,1755987.0,42.15,2026-08-24
SAMPANN,EQ,24-Aug-2026,25.95,25.95,26.74,25.92,26.05,14311,3.77,104,12572.0,87.85,2026-08-24
SANATHAN,EQ,24-Aug-2026,465.6,470.0,470.0,445.0,448.7,195868,899.22,2620,160209.0,81.79,2026-08-24
SANDESH,EQ,24-Aug-2026,1038.75,1047.25,1052.8,1028.1,1034.15,1562,16.24,164,1281.0,82.01,2026-08-24
SANDHAR,EQ,24-Aug-2026,667.75,668.2,704.9,667.75,680.6,525204,3624.78,19863,246274.0,46.89,2026-08-24
SANDUMA,EQ,24-Aug-2026,198.93,198.15,208.26,198.15,205.21,906743,1850.81,16800,335970.0,37.05,2026-08-24
SANGAMIND,EQ,24-Aug-2026,577.65,577.65,580.95,550.5,561.6,77355,434.1,4696,31245.0,40.39,2026-08-24
SANGANI,SM,24-Aug-2026,52.25,50.0,54.85,49.65,54.85,10500,5.43,5,9000.0,85.71,2026-08-24
SANGHVIMOV,EQ,24-Aug-2026,479.35,476.9,479.5,447.35,466.05,818643,3800.69,27785,423353.0,51.71,2026-08-24
SANGINITA,BE,24-Aug-2026,56.42,53.6,58.9,53.6,53.6,1309095,709.62,888,,,2026-08-24
SANOFI,EQ,24-Aug-2026,3352.8,3372.0,3372.0,3262.0,3274.6,21250,700.52,4203,16308.0,76.74,2026-08-24
SANOFICONR,EQ,24-Aug-2026,4222.1,4202.0,4281.0,4182.0,4220.6,4621,194.76,1591,2580.0,55.83,2026-08-24
SANSERA,EQ,24-Aug-2026,3876.9,3876.9,3924.9,3828.7,3844.3,136795,5318.16,22315,64727.0,47.32,2026-08-24
SANSTAR,EQ,24-Aug-2026,105.75,105.0,109.0,104.9,106.59,156773,167.97,2154,69250.0,44.17,2026-08-24
SANWARIA,BZ,24-Aug-2026,0.19,0.2,0.2,0.19,0.19,390467,0.76,166,,,2026-08-24
SAPPHIRE,EQ,24-Aug-2026,242.34,243.25,250.69,243.25,249.3,1234318,3057.71,24815,461415.0,37.38,2026-08-24
SAPPL,EQ,24-Aug-2026,281.1,285.1,290.0,276.3,281.45,284,0.8,14,279.0,98.24,2026-08-24
SARDAEN,EQ,24-Aug-2026,510.6,514.0,515.7,504.8,507.0,249689,1269.91,10536,117327.0,46.99,2026-08-24
SAREGAMA,EQ,24-Aug-2026,506.55,507.0,518.65,507.0,510.05,692263,3540.61,22064,374309.0,54.07,2026-08-24
SARLAPOLY,EQ,24-Aug-2026,97.89,98.0,101.5,97.3,100.02,69752,69.35,954,47961.0,68.76,2026-08-24
SAROJA,SM,24-Aug-2026,34.4,35.95,36.1,35.95,36.1,8000,2.88,5,6400.0,80.0,2026-08-24
SARTELE,SM,24-Aug-2026,105.85,105.85,105.85,100.05,100.9,115000,116.63,119,91000.0,79.13,2026-08-24
SARVESHWAR,EQ,24-Aug-2026,3.4,3.46,3.5,3.41,3.44,1934614,67.06,1966,1522852.0,78.72,2026-08-24
SASKEN,EQ,24-Aug-2026,1949.0,1960.0,1977.0,1920.5,1926.1,9298,181.15,1561,5693.0,61.23,2026-08-24
SATECH,SM,24-Aug-2026,32.1,32.5,33.5,31.55,32.85,25000,8.08,20,15000.0,60.0,2026-08-24
SATIA,EQ,24-Aug-2026,58.68,57.6,59.09,57.6,57.91,103868,60.51,931,62481.0,60.15,2026-08-24
SATIN,EQ,24-Aug-2026,224.16,224.16,225.04,220.22,223.63,200407,446.84,3908,100790.0,50.29,2026-08-24
SATIPOLY,ST,24-Aug-2026,44.7,42.5,42.5,42.5,42.5,1500,0.64,2,1500.0,100.0,2026-08-24
SATKARTAR,SM,24-Aug-2026,116.1,116.05,123.7,116.05,121.35,20000,24.0,24,17600.0,88.0,2026-08-24
SATTVAENGG,SM,24-Aug-2026,73.0,75.0,77.45,75.0,76.7,11200,8.56,7,11200.0,100.0,2026-08-24
SAURASHCEM,EQ,24-Aug-2026,58.22,57.25,58.62,56.1,56.85,113507,65.2,1087,78974.0,69.58,2026-08-24
SAVY,SM,24-Aug-2026,129.0,129.5,129.5,125.0,126.0,52800,67.44,10,51600.0,97.73,2026-08-24
SAWALIYA,SM,24-Aug-2026,277.2,285.0,285.0,275.1,279.05,124200,346.9,91,94800.0,76.33,2026-08-24
SAYAJIHOTL,EQ,24-Aug-2026,328.0,343.8,344.0,300.05,339.35,1510,4.93,71,1241.0,82.19,2026-08-24
SAYAJIIND,EQ,24-Aug-2026,116.17,116.17,119.94,113.5,116.03,1872,2.17,81,1630.0,87.07,2026-08-24
SBC,EQ,24-Aug-2026,40.1,40.1,40.3,39.77,39.82,5627095,2248.77,12796,2381246.0,42.32,2026-08-24
SBCL,EQ,24-Aug-2026,993.25,999.9,1035.95,990.35,1001.5,225112,2280.2,12619,101710.0,45.18,2026-08-24
SBFC,EQ,24-Aug-2026,93.93,93.47,94.12,91.78,92.23,692634,641.73,6082,361496.0,52.19,2026-08-24
SBGLP,EQ,24-Aug-2026,24.8,24.8,25.1,23.6,24.15,29610,7.19,202,22232.0,75.08,2026-08-24
SBIBPB,EQ,24-Aug-2026,49.8,49.8,50.47,49.01,49.44,41136,20.39,505,30329.0,73.73,2026-08-24
SBICARD,EQ,24-Aug-2026,649.0,648.4,656.6,642.95,650.3,2560374,16654.31,32768,1460031.0,57.02,2026-08-24
SBIETFCON,EQ,24-Aug-2026,124.06,127.16,127.16,123.3,123.45,3675,4.56,132,2699.0,73.44,2026-08-24
SBIETFIT,EQ,24-Aug-2026,338.93,338.93,342.9,337.44,338.38,7438,25.33,215,4858.0,65.31,2026-08-24
SBIETFPB,EQ,24-Aug-2026,282.33,282.33,284.0,279.71,282.41,1562,4.41,85,1050.0,67.22,2026-08-24
SBIETFQLTY,EQ,24-Aug-2026,225.25,225.25,225.33,223.82,224.71,2743,6.15,66,2589.0,94.39,2026-08-24
SBIFUNDS,EQ,24-Aug-2026,549.55,550.0,551.0,540.0,541.4,1529867,8317.85,45274,961625.0,62.86,2026-08-24
SBILIFE,EQ,24-Aug-2026,1792.9,1801.7,1801.7,1759.1,1761.8,542306,9621.26,41329,278670.0,51.39,2026-08-24
SBILIQETF,EQ,24-Aug-2026,1052.94,1053.46,1053.46,1053.07,1053.07,126132,1328.27,96,69525.0,55.12,2026-08-24
SBIMIDMOM,EQ,24-Aug-2026,63.9,63.9,64.36,63.82,63.82,101870,65.1,122,80220.0,78.75,2026-08-24
SBIN,EQ,24-Aug-2026,1048.7,1047.9,1047.9,1032.1,1039.5,8868193,91902.48,140325,5664401.0,63.87,2026-08-24
SBINEQWETF,EQ,24-Aug-2026,33.66,33.66,33.99,33.02,33.59,9813,3.3,264,6527.0,66.51,2026-08-24
SBINMID150,EQ,24-Aug-2026,23.44,23.55,23.6,23.45,23.52,10331,2.43,146,10109.0,97.85,2026-08-24
SBISILVER,EQ,24-Aug-2026,238.24,238.24,239.61,236.83,237.34,1347398,3203.24,7721,633799.0,47.04,2026-08-24
SBISMLETF,EQ,24-Aug-2026,18.39,18.58,18.58,18.38,18.46,65509,12.14,272,49458.0,75.5,2026-08-24
SBIVALETF,EQ,24-Aug-2026,14.78,14.78,15.08,14.72,14.82,4802,0.71,57,3208.0,66.81,2026-08-24
SCANSTL,BE,24-Aug-2026,63.05,63.05,65.99,61.15,63.88,32479,20.69,149,,,2026-08-24
SCHAEFFLER,EQ,24-Aug-2026,4017.9,4039.0,4039.0,3996.0,4020.4,94487,3788.88,18159,60991.0,64.55,2026-08-24
SCHAND,EQ,24-Aug-2026,136.76,137.9,139.3,135.0,136.06,62653,85.2,1468,36565.0,58.36,2026-08-24
SCHNEIDER,EQ,24-Aug-2026,1217.3,1220.0,1225.0,1152.6,1158.4,591556,6961.81,50447,345691.0,58.44,2026-08-24
SCI,EQ,24-Aug-2026,290.55,292.0,295.05,287.0,288.45,1030196,2996.64,17823,425220.0,41.28,2026-08-24
SCILAL,EQ,24-Aug-2026,39.81,39.81,40.41,39.76,40.02,127243,51.02,1369,80330.0,63.13,2026-08-24
SCODATUBES,EQ,24-Aug-2026,128.84,129.77,132.18,129.29,130.03,358108,466.31,1804,300588.0,83.94,2026-08-24
SCPL,BE,24-Aug-2026,682.75,682.0,682.0,649.0,651.6,29942,199.38,399,,,2026-08-24
SDBL,EQ,24-Aug-2026,73.74,73.97,74.84,72.76,73.02,371644,273.77,2948,212386.0,57.15,2026-08-24
SDREAMS,SM,24-Aug-2026,82.05,81.1,82.9,80.0,82.0,14000,11.35,11,11000.0,78.57,2026-08-24
SEAMECLTD,EQ,24-Aug-2026,1674.3,1684.9,1703.6,1634.9,1655.0,107675,1788.34,10487,60612.0,56.29,2026-08-24
SECMARK,EQ,24-Aug-2026,126.48,129.4,129.4,126.0,126.0,3,0.0,3,2.0,66.67,2026-08-24
SECURKLOUD,EQ,24-Aug-2026,17.68,18.29,19.24,17.68,17.96,20305,3.71,186,13292.0,65.46,2026-08-24
SEDEMAC,EQ,24-Aug-2026,3253.1,3270.0,3272.5,3130.1,3151.0,107759,3419.36,17435,48768.0,45.26,2026-08-24
SEIL,EQ,24-Aug-2026,205.84,208.99,211.95,203.0,210.15,450698,940.77,4087,331230.0,73.49,2026-08-24
SEJALLTD,EQ,24-Aug-2026,663.9,669.9,693.0,652.55,686.2,8501,57.32,793,5276.0,62.06,2026-08-24
SEKURITIND,EQ,24-Aug-2026,118.71,122.9,122.9,118.0,118.4,12639,15.02,169,8618.0,68.19,2026-08-24
SEL,SM,24-Aug-2026,302.0,300.0,300.6,300.0,300.5,1800,5.4,8,1600.0,88.89,2026-08-24
SELECTIPO,EQ,24-Aug-2026,48.84,48.95,49.1,48.76,48.91,80515,39.37,272,52759.0,65.53,2026-08-24
SELMC,EQ,24-Aug-2026,28.01,28.01,28.97,27.55,28.08,4643,1.32,118,3801.0,81.87,2026-08-24
SEMAC,EQ,24-Aug-2026,296.0,297.45,297.45,287.2,293.4,315,0.93,25,186.0,59.05,2026-08-24
SENCO,EQ,24-Aug-2026,345.4,349.0,377.75,347.0,371.75,4898448,17927.33,79049,1710741.0,34.92,2026-08-24
SENORES,EQ,24-Aug-2026,1513.3,1521.0,1599.0,1492.1,1515.7,435659,6768.06,30493,173224.0,39.76,2026-08-24
SENSEXADD,EQ,24-Aug-2026,79.65,80.04,80.18,79.59,79.93,202,0.16,16,147.0,72.77,2026-08-24
SENSEXAXIS,EQ,24-Aug-2026,80.68,78.66,81.08,78.66,80.12,1614,1.3,90,819.0,50.74,2026-08-24
SENSEXBETA,EQ,24-Aug-2026,859.62,860.0,862.1,855.0,857.86,1298,11.14,236,1057.0,81.43,2026-08-24
SENSEXETF,EQ,24-Aug-2026,80.18,80.3,80.37,79.73,79.85,23337,18.66,284,7057.0,30.24,2026-08-24
SENSEXIETF,EQ,24-Aug-2026,894.42,894.41,895.56,889.0,890.53,4508,40.19,381,2649.0,58.76,2026-08-24
SEPC,EQ,24-Aug-2026,5.79,5.76,5.9,5.68,5.82,13218135,761.35,12096,4288986.0,32.45,2026-08-24
SERVICE,SM,24-Aug-2026,61.4,62.65,64.3,62.05,64.2,62000,39.32,26,36000.0,58.06,2026-08-24
SERVOTECH,EQ,24-Aug-2026,82.45,82.75,83.95,81.5,82.26,377642,311.87,3942,185147.0,49.03,2026-08-24
SESHAPAPER,EQ,24-Aug-2026,228.84,228.02,231.28,225.2,227.55,22834,52.22,596,11818.0,51.76,2026-08-24
SETCO,BE,24-Aug-2026,17.34,18.2,18.2,17.16,17.99,172681,31.22,284,,,2026-08-24
SETF10GILT,EQ,24-Aug-2026,264.69,264.69,266.79,259.4,264.52,2641,7.01,74,1491.0,56.46,2026-08-24
SETFGOLD,EQ,24-Aug-2026,135.64,139.03,140.0,136.41,137.32,4947270,6791.14,18845,2749461.0,55.58,2026-08-24
SETFNIF50,EQ,24-Aug-2026,261.56,268.09,268.09,260.06,260.85,734041,1916.29,4753,494539.0,67.37,2026-08-24
SETFNIFBK,EQ,24-Aug-2026,593.21,594.54,594.67,589.15,590.09,75008,443.16,589,52504.0,70.0,2026-08-24
SETFNN50,EQ,24-Aug-2026,793.98,798.79,798.79,791.19,792.94,22668,179.72,1231,13940.0,61.5,2026-08-24
SETL,EQ,24-Aug-2026,297.75,303.8,312.6,303.65,312.35,4038144,12609.52,14422,3255582.0,80.62,2026-08-24
SETUINFRA,BZ,24-Aug-2026,0.44,0.45,0.46,0.45,0.45,43174,0.2,66,,,2026-08-24
SEYAIND,BE,24-Aug-2026,12.45,12.57,12.69,12.21,12.21,8042,1.0,42,,,2026-08-24
SFL,EQ,24-Aug-2026,664.95,664.95,671.35,654.0,656.15,91625,607.14,7383,44251.0,48.3,2026-08-24
SFML,SM,24-Aug-2026,22.25,20.1,21.25,20.1,21.2,6400,1.34,4,6400.0,100.0,2026-08-24
SGBAPR28I,GB,24-Aug-2026,15808.15,15821.15,16200.0,15821.15,16059.86,355,57.05,79,225.0,63.38,2026-08-24
SGBAUG27,GB,24-Aug-2026,15770.59,15826.0,16194.99,15826.0,15945.0,87,13.9,39,69.0,79.31,2026-08-24
SGBAUG28V,GB,24-Aug-2026,15746.41,15916.0,16078.99,15901.01,15947.59,813,129.72,193,643.0,79.09,2026-08-24
SGBAUG29V,GB,24-Aug-2026,15792.42,15816.56,16050.0,15816.56,15994.13,202,32.32,83,171.0,84.65,2026-08-24
SGBAUG30,GB,24-Aug-2026,15830.78,15987.0,16188.0,15987.0,16151.25,266,42.9,87,233.0,87.59,2026-08-24
SGBD29VIII,GB,24-Aug-2026,15768.09,15801.0,16147.89,15801.0,15950.0,182,29.09,77,151.0,82.97,2026-08-24
SGBDC27VII,GB,24-Aug-2026,15749.99,15949.99,16010.0,15930.01,16010.0,39,6.24,18,26.0,66.67,2026-08-24
SGBDE30III,GB,24-Aug-2026,15866.27,15875.56,16200.01,15875.56,16044.21,600,96.58,144,383.0,63.83,2026-08-24
SGBDE31III,GB,24-Aug-2026,16068.17,16101.0,16300.0,16100.01,16280.14,1664,270.7,353,939.0,56.43,2026-08-24
SGBDEC26,GB,24-Aug-2026,15700.0,15760.01,15949.0,15760.01,15949.0,46,7.29,6,23.0,50.0,2026-08-24
SGBFEB27,GB,24-Aug-2026,15750.0,15899.0,15899.0,15899.0,15899.0,1,0.16,1,1.0,100.0,2026-08-24
SGBFEB28IX,GB,24-Aug-2026,15749.44,15900.0,16298.0,15900.0,15918.57,19,3.04,13,14.0,73.68,2026-08-24
SGBFEB29XI,GB,24-Aug-2026,15774.2,15901.01,16049.98,15901.0,15937.57,169,26.95,53,115.0,68.05,2026-08-24
SGBFEB32IV,GB,24-Aug-2026,16165.62,16365.62,16529.0,16256.01,16425.93,2082,342.18,436,1396.0,67.05,2026-08-24
SGBJ28VIII,GB,24-Aug-2026,15750.0,15821.01,16270.0,15821.01,15830.0,16,2.59,7,16.0,100.0,2026-08-24
SGBJAN27,GB,24-Aug-2026,15745.0,15990.0,15990.0,15821.01,15948.0,16,2.54,9,14.0,87.5,2026-08-24
SGBJAN29IX,GB,24-Aug-2026,15767.06,15848.84,15995.0,15801.0,15950.6,278,44.32,59,238.0,85.61,2026-08-24
SGBJAN29X,GB,24-Aug-2026,15780.0,15805.01,16049.99,15805.01,15943.33,65,10.37,20,53.0,81.54,2026-08-24
SGBJAN30IX,GB,24-Aug-2026,15798.26,15825.0,16087.99,15825.0,16041.62,91,14.57,32,63.0,69.23,2026-08-24
SGBJU29III,GB,24-Aug-2026,15748.01,15900.0,16000.0,15826.0,15985.57,207,33.03,46,154.0,74.4,2026-08-24
SGBJUL27,GB,24-Aug-2026,15740.0,15899.0,15998.99,15852.15,15892.22,36,5.72,15,18.0,50.0,2026-08-24
SGBJUL28IV,GB,24-Aug-2026,15745.72,15805.01,15997.98,15805.01,15937.31,372,59.33,87,263.0,70.7,2026-08-24
SGBJUL29IV,GB,24-Aug-2026,15782.01,15805.01,16099.99,15805.01,15952.13,200,31.91,59,144.0,72.0,2026-08-24
SGBJUN27,GB,24-Aug-2026,15689.96,15894.99,16000.0,15861.0,15900.0,27,4.3,10,26.0,96.3,2026-08-24
SGBJUN28,GB,24-Aug-2026,15728.16,15950.0,16000.0,15870.03,15963.22,53,8.46,21,37.0,69.81,2026-08-24
SGBJUN29II,GB,24-Aug-2026,15765.29,15910.72,16000.0,15851.0,15993.22,256,40.91,49,223.0,87.11,2026-08-24
SGBJUN30,GB,24-Aug-2026,15809.97,16000.0,16104.91,15970.0,16088.92,82,13.15,47,38.0,46.34,2026-08-24
SGBJUN31I,GB,24-Aug-2026,15952.63,15975.56,16244.99,15975.56,16181.33,620,100.39,172,454.0,73.23,2026-08-24
SGBMAR28X,GB,24-Aug-2026,15815.0,16050.0,16200.0,16050.0,16200.0,41,6.62,3,41.0,100.0,2026-08-24
SGBMAR30X,GB,24-Aug-2026,15814.1,16100.0,16100.0,15925.0,16047.0,307,49.18,66,241.0,78.5,2026-08-24
SGBMAR31IV,GB,24-Aug-2026,15932.0,16100.0,16294.88,16086.7,16170.0,234,37.86,67,173.0,73.93,2026-08-24
SGBMAY28,GB,24-Aug-2026,15725.01,15755.01,16096.0,15755.01,15971.54,230,36.74,44,192.0,83.48,2026-08-24
SGBMAY29I,GB,24-Aug-2026,15755.94,15900.01,16047.0,15900.01,15994.91,622,99.51,156,394.0,63.34,2026-08-24
SGBMR29XII,GB,24-Aug-2026,15904.31,16016.0,16288.99,16005.0,16149.79,1391,224.81,107,1298.0,93.31,2026-08-24
SGBN28VIII,GB,24-Aug-2026,15770.17,15712.2,16098.99,15701.17,16028.0,202,32.26,50,138.0,68.32,2026-08-24
SGBNOV26,GB,24-Aug-2026,15759.89,15900.0,15900.0,15900.0,15900.0,10,1.59,2,10.0,100.0,2026-08-24
SGBNV29VII,GB,24-Aug-2026,15790.77,15999.0,16089.0,15911.0,16000.0,271,43.41,46,219.0,80.81,2026-08-24
SGBOC28VII,GB,24-Aug-2026,15845.99,16050.0,16105.0,16000.0,16053.45,491,78.98,34,430.0,87.58,2026-08-24
SGBOCT26,GB,24-Aug-2026,16000.0,16060.03,16060.03,16060.03,16060.03,60,9.64,2,60.0,100.0,2026-08-24
SGBOCT27,GB,24-Aug-2026,15900.0,16052.0,16149.99,16052.0,16060.0,129,20.72,11,69.0,53.49,2026-08-24
SGBOCT27VI,GB,24-Aug-2026,15890.01,16000.0,16130.25,16000.0,16130.25,46,7.38,9,46.0,100.0,2026-08-24
SGBSEP27,GB,24-Aug-2026,15898.0,15898.0,16175.0,15898.0,16175.0,30,4.81,9,28.0,93.33,2026-08-24
SGBSEP28VI,GB,24-Aug-2026,15904.75,15825.23,16210.0,15825.23,16176.07,266,42.94,58,199.0,74.81,2026-08-24
SGBSEP29VI,GB,24-Aug-2026,15900.0,16298.0,16298.0,16120.01,16160.5,955,154.59,73,935.0,97.91,2026-08-24
SGBSEP31II,GB,24-Aug-2026,15996.6,15916.62,16289.85,15916.62,16261.94,1479,240.0,290,935.0,63.22,2026-08-24
SGFIN,EQ,24-Aug-2026,687.15,685.0,713.85,685.0,689.35,313051,2194.53,9715,150793.0,48.17,2026-08-24
SGIL,EQ,24-Aug-2026,564.05,550.6,585.0,550.6,575.85,16792,96.59,686,10034.0,59.75,2026-08-24
SGL,EQ,24-Aug-2026,9.8,10.09,10.3,10.09,10.1,24133,2.44,65,17186.0,71.21,2026-08-24
SGLRES,EQ,24-Aug-2026,2.45,2.53,2.56,2.33,2.49,37147,0.92,92,30063.0,80.93,2026-08-24
SGMART,EQ,24-Aug-2026,820.35,824.05,840.0,802.0,811.55,372170,3054.72,15480,166841.0,44.83,2026-08-24
SGRL,EQ,24-Aug-2026,507.6,529.65,529.65,506.85,519.05,1918,9.87,187,1458.0,76.02,2026-08-24
SHADOWFAX,EQ,24-Aug-2026,255.39,253.95,262.6,253.0,260.34,4841851,12495.74,54949,2016571.0,41.65,2026-08-24
SHAH,EQ,24-Aug-2026,3.33,3.67,3.99,3.5,3.99,7806929,299.36,3646,2629867.0,33.69,2026-08-24
SHAHALLOYS,EQ,24-Aug-2026,77.31,77.15,79.0,75.1,78.37,10818,8.37,174,8687.0,80.3,2026-08-24
SHAILY,EQ,24-Aug-2026,3321.0,3325.6,3391.8,3251.0,3268.8,101926,3390.36,18626,48450.0,47.53,2026-08-24
SHAKTIPUMP,EQ,24-Aug-2026,503.55,503.55,506.8,491.8,493.9,455929,2261.37,17099,239044.0,52.43,2026-08-24
SHALBY,EQ,24-Aug-2026,152.96,153.84,158.4,153.71,154.03,59122,91.43,1582,35265.0,59.65,2026-08-24
SHALPAINTS,BE,24-Aug-2026,80.89,82.0,84.93,82.0,84.75,219032,184.76,692,,,2026-08-24
SHANKARA,EQ,24-Aug-2026,143.29,142.11,145.26,142.03,144.83,35334,51.03,574,25520.0,72.23,2026-08-24
SHANTHALA,SM,24-Aug-2026,16.5,16.5,16.5,16.3,16.3,3600,0.59,3,3600.0,100.0,2026-08-24
SHANTI,EQ,24-Aug-2026,6.3,6.52,6.52,6.19,6.33,23157,1.48,80,18071.0,78.04,2026-08-24
SHANTIGEAR,EQ,24-Aug-2026,464.25,508.0,557.1,487.0,549.0,11921010,62995.12,204572,608799.0,5.11,2026-08-24
SHANTIGOLD,EQ,24-Aug-2026,269.58,277.4,280.75,266.13,270.52,2973220,8129.25,35602,1091480.0,36.71,2026-08-24
SHARDACROP,EQ,24-Aug-2026,760.9,768.5,787.2,764.0,779.3,204189,1595.13,11128,94798.0,46.43,2026-08-24
SHARDAMOTR,EQ,24-Aug-2026,913.1,913.15,927.55,890.25,893.15,67035,609.37,5751,39449.0,58.85,2026-08-24
SHARDUL,BE,24-Aug-2026,52.63,53.0,53.5,51.06,52.08,23037,12.09,153,,,2026-08-24
SHAREINDIA,EQ,24-Aug-2026,174.13,173.85,175.84,172.61,173.53,193232,335.58,1857,111011.0,57.45,2026-08-24
SHARIABEES,EQ,24-Aug-2026,459.36,458.23,463.95,457.2,459.58,5445,25.08,473,3347.0,61.47,2026-08-24
SHBAJRG,EQ,24-Aug-2026,172.89,172.89,177.99,162.26,166.68,4455,7.47,194,3780.0,84.85,2026-08-24
SHEEL,ST,24-Aug-2026,60.0,59.55,59.55,59.55,59.55,6000,3.57,3,6000.0,100.0,2026-08-24
SHEETAL,SM,24-Aug-2026,323.0,328.0,345.75,328.0,337.25,12000,40.2,19,8000.0,66.67,2026-08-24
SHEKHAWATI,BE,24-Aug-2026,18.6,18.51,19.0,17.72,18.32,15500,2.81,84,,,2026-08-24
SHEMAROO,BE,24-Aug-2026,127.92,127.95,129.65,125.0,126.51,14071,17.84,75,,,2026-08-24
SHERA,SM,24-Aug-2026,178.65,184.7,188.9,173.6,174.7,81000,146.9,78,60000.0,74.07,2026-08-24
SHERVANI,EQ,24-Aug-2026,321.15,320.5,348.8,311.5,344.5,43,0.14,7,30.0,69.77,2026-08-24
SHETHJI,ST,24-Aug-2026,165.2,165.3,169.0,165.3,165.9,49000,81.34,19,48000.0,97.96,2026-08-24
SHILCTECH,EQ,24-Aug-2026,3883.1,3890.0,3959.9,3890.0,3921.2,19736,776.94,3797,10230.0,51.83,2026-08-24
SHILGRAVQ,EQ,24-Aug-2026,166.5,166.25,169.0,162.5,164.38,630,1.04,25,576.0,91.43,2026-08-24
SHILPAMED,EQ,24-Aug-2026,814.95,819.0,866.65,811.25,855.8,3006284,25519.39,93651,883364.0,29.38,2026-08-24
SHINDL,EQ,24-Aug-2026,165.28,165.0,165.59,162.15,163.59,152985,249.31,529,4210.0,2.75,2026-08-24
SHIPROCKET,EQ,24-Aug-2026,140.81,140.9,142.6,132.4,134.67,23136866,31485.57,108377,5441283.0,23.52,2026-08-24
SHIVAAGRO,EQ,24-Aug-2026,39.4,41.99,44.4,38.65,42.76,18088,7.72,130,16168.0,89.39,2026-08-24
SHIVACEM,EQ,24-Aug-2026,16.67,16.7,17.05,16.51,16.98,65125,10.93,373,58927.0,90.48,2026-08-24
SHIVALIK,BE,24-Aug-2026,270.49,270.49,278.0,262.0,271.52,21371,57.92,294,,,2026-08-24
SHIVAMAUTO,BE,24-Aug-2026,16.87,16.87,16.87,16.22,16.3,16920,2.78,95,,,2026-08-24
SHIVAMILLS,EQ,24-Aug-2026,59.91,62.69,62.69,59.5,59.64,1790,1.07,32,1107.0,61.84,2026-08-24
SHIVASHRIT,SM,24-Aug-2026,118.4,118.75,120.8,116.6,120.0,23000,27.56,12,22000.0,95.65,2026-08-24
SHIVATEX,EQ,24-Aug-2026,165.7,165.99,173.0,161.39,168.97,9110,15.37,117,5844.0,64.15,2026-08-24
SHIVAUM,EQ,24-Aug-2026,444.15,447.45,450.0,440.0,444.2,133032,591.98,127,130779.0,98.31,2026-08-24
SHK,EQ,24-Aug-2026,157.47,157.47,159.39,153.76,154.6,396110,619.1,6469,230189.0,58.11,2026-08-24
SHOPERSTOP,EQ,24-Aug-2026,421.3,423.5,424.4,404.1,406.75,45699,188.63,2558,25518.0,55.84,2026-08-24
SHRADDHA,EQ,24-Aug-2026,154.21,179.0,179.0,152.0,153.14,2731,4.29,93,2446.0,89.56,2026-08-24
SHRADHA,EQ,24-Aug-2026,33.62,34.49,34.49,32.9,32.95,22849,7.59,152,16737.0,73.25,2026-08-24
SHREDIGCEM,EQ,24-Aug-2026,72.39,73.0,73.0,70.65,72.32,113696,81.55,1500,65814.0,57.89,2026-08-24
SHREECEM,EQ,24-Aug-2026,24280.0,24365.0,24365.0,23880.0,24020.0,12456,3002.14,5838,6352.0,51.0,2026-08-24
SHREEDHAR,ST,24-Aug-2026,111.1,114.45,116.65,114.45,116.65,18000,20.79,8,16000.0,88.89,2026-08-24
SHREEJISPG,EQ,24-Aug-2026,620.55,628.7,638.5,624.05,635.3,476467,3013.21,6875,194789.0,40.88,2026-08-24
SHREEKARNI,SM,24-Aug-2026,351.65,345.0,346.0,342.0,342.05,1650,5.68,9,1650.0,100.0,2026-08-24
SHREEOSFM,SM,24-Aug-2026,60.5,60.45,61.65,60.45,61.65,5000,3.05,5,5000.0,100.0,2026-08-24
SHREEPUSHK,EQ,24-Aug-2026,401.15,400.0,434.8,396.1,426.9,257589,1088.62,8287,86796.0,33.7,2026-08-24
SHREERAMA,EQ,24-Aug-2026,45.04,45.64,46.5,44.51,45.31,80431,36.49,1146,49782.0,61.89,2026-08-24
SHREMINVIT,IV,24-Aug-2026,101.0,100.1,100.25,99.9,99.9,100000,100.11,4,100000.0,100.0,2026-08-24
SHRENIK,BZ,24-Aug-2026,0.29,0.28,0.3,0.28,0.28,505076,1.44,262,,,2026-08-24
SHREYANIND,EQ,24-Aug-2026,125.33,129.5,129.5,121.81,122.49,17670,21.92,361,14483.0,81.96,2026-08-24
SHRIAHIMSA,ST,24-Aug-2026,415.0,426.0,435.75,424.0,435.75,28200,121.91,43,26400.0,93.62,2026-08-24
SHRIKANHA,SM,24-Aug-2026,22.45,21.35,22.5,21.35,21.35,16000,3.45,10,12800.0,80.0,2026-08-24
SHRIKRISH,EQ,24-Aug-2026,38.0,38.5,38.5,38.01,38.01,32,0.01,4,32.0,100.0,2026-08-24
SHRINGARMS,EQ,24-Aug-2026,230.52,231.9,233.0,227.68,228.67,215050,494.27,2084,93603.0,43.53,2026-08-24
SHRIPISTON,EQ,24-Aug-2026,4600.1,4615.0,4785.8,4557.2,4746.8,177514,8355.4,31719,100993.0,56.89,2026-08-24
SHRIRAMFIN,EQ,24-Aug-2026,1130.0,1120.5,1137.3,1112.0,1119.0,3112438,34850.04,65334,1977190.0,63.53,2026-08-24
SHRIRAMPPS,EQ,24-Aug-2026,77.91,78.27,79.0,76.65,76.83,344187,267.08,3284,228419.0,66.36,2026-08-24
SHRITECH,SM,24-Aug-2026,56.7,58.7,61.0,58.7,60.05,8000,4.81,4,8000.0,100.0,2026-08-24
SHRJAGP,EQ,24-Aug-2026,692.85,676.6,701.0,676.6,699.7,726,5.03,88,538.0,74.1,2026-08-24
SHUBHLAXMI,SM,24-Aug-2026,19.9,19.45,19.45,19.45,19.45,1000,0.19,1,1000.0,100.0,2026-08-24
SHUBHSHREE,SM,24-Aug-2026,353.0,353.9,353.9,353.9,353.9,300,1.06,1,300.0,100.0,2026-08-24
SHUKRAPHAR,EQ,24-Aug-2026,44.06,45.25,45.25,44.04,44.07,694253,307.23,2189,492779.0,70.98,2026-08-24
SHYAMCENT,BE,24-Aug-2026,4.92,4.85,5.07,4.85,4.89,185717,9.1,158,,,2026-08-24
SHYAMDHANI,ST,24-Aug-2026,54.5,54.0,54.95,54.0,54.95,4000,2.18,2,4000.0,100.0,2026-08-24
SHYAMMETL,EQ,24-Aug-2026,984.9,985.0,1005.9,984.2,1001.0,181837,1812.24,6378,131014.0,72.05,2026-08-24
SHYAMTEL,EQ,24-Aug-2026,14.67,14.67,14.9,13.8,13.99,6144,0.87,40,6132.0,99.8,2026-08-24
SICAGEN,EQ,24-Aug-2026,55.66,57.0,57.0,52.88,53.55,88185,47.44,644,46579.0,52.82,2026-08-24
SICALLOG,BE,24-Aug-2026,111.21,111.21,113.39,105.65,105.65,68612,73.01,273,,,2026-08-24
SIDDHICOTS,SM,24-Aug-2026,27.3,27.45,27.6,27.45,27.6,3600,0.99,3,2400.0,66.67,2026-08-24
SIDDHIKA,SM,24-Aug-2026,208.0,218.0,218.0,212.55,218.0,8000,17.39,16,8000.0,100.0,2026-08-24
SIEL,EQ,24-Aug-2026,38.29,37.98,37.98,36.38,36.38,705,0.26,32,702.0,99.57,2026-08-24
SIEMENS,EQ,24-Aug-2026,3920.0,3920.0,4118.2,3903.3,4114.0,1317215,53605.48,91550,407450.0,30.93,2026-08-24
SIGACHI,EQ,24-Aug-2026,30.05,31.0,32.19,30.25,30.49,5786642,1800.77,9630,2418150.0,41.79,2026-08-24
SIGIND,EQ,24-Aug-2026,72.26,72.5,74.73,67.55,68.55,40106,28.52,630,30770.0,76.72,2026-08-24
SIGMA,EQ,24-Aug-2026,48.65,48.83,51.2,45.69,48.48,286428,136.09,2633,92067.0,32.14,2026-08-24
SIGMAADV,EQ,24-Aug-2026,688.2,691.25,695.95,655.25,659.75,307346,2049.27,10571,190263.0,61.91,2026-08-24
SIGNATURE,EQ,24-Aug-2026,795.3,799.6,806.7,790.5,795.4,200972,1603.46,6114,19386.0,9.65,2026-08-24
SIGNPOST,EQ,24-Aug-2026,264.65,267.0,268.0,262.0,263.1,33919,89.91,1476,20696.0,61.02,2026-08-24
SIKA,EQ,24-Aug-2026,1002.7,1003.9,1050.1,1003.0,1036.6,25849,265.75,2604,14619.0,56.56,2026-08-24
SIKKO,BE,24-Aug-2026,5.33,5.31,5.33,5.11,5.13,487390,25.27,678,,,2026-08-24
SIL,EQ,24-Aug-2026,20.84,20.84,21.4,19.6,20.15,260046,52.55,1280,167406.0,64.38,2026-08-24
SILGO,EQ,24-Aug-2026,72.4,72.94,74.49,72.12,72.45,223384,162.32,1452,26149.0,11.71,2026-08-24
SILINV,EQ,24-Aug-2026,475.25,475.25,498.0,473.15,482.7,4365,21.1,658,3057.0,70.03,2026-08-24
SILKFLEX,SM,24-Aug-2026,210.0,220.5,220.5,220.5,220.5,5000,11.03,4,5000.0,100.0,2026-08-24
SILKY,SM,24-Aug-2026,81.55,73.1,73.1,65.25,65.55,51200,33.82,55,31200.0,60.94,2026-08-24
SILLYMONKS,EQ,24-Aug-2026,15.69,15.93,15.93,15.4,15.88,8813,1.38,30,8765.0,99.46,2026-08-24
SILVER,EQ,24-Aug-2026,242.87,245.3,245.3,240.55,242.05,1143186,2771.94,9467,364606.0,31.89,2026-08-24
SILVER1,EQ,24-Aug-2026,23.66,24.25,24.25,23.19,23.54,5418847,1278.02,7385,2244912.0,41.43,2026-08-24
SILVER360,EQ,24-Aug-2026,238.61,239.0,239.85,237.64,238.22,19667,46.87,540,12133.0,61.69,2026-08-24
SILVERADD,EQ,24-Aug-2026,234.72,234.72,237.07,233.31,233.88,290204,679.93,3269,102320.0,35.26,2026-08-24
SILVERAG,EQ,24-Aug-2026,237.28,239.0,239.0,235.25,235.99,171001,403.89,3135,70271.0,41.09,2026-08-24
SILVERAXIS,EQ,24-Aug-2026,241.78,240.0,242.7,240.0,240.82,330704,797.44,2345,206094.0,62.32,2026-08-24
SILVERBEES,EQ,24-Aug-2026,232.92,232.55,233.5,231.26,231.8,22916556,53216.35,82844,7885722.0,34.41,2026-08-24
SILVERBETA,EQ,24-Aug-2026,234.81,233.41,235.77,233.4,234.1,570120,1335.7,4154,239860.0,42.07,2026-08-24
SILVERBND,EQ,24-Aug-2026,244.13,245.35,245.99,242.06,242.79,17912,43.71,262,7653.0,42.73,2026-08-24
SILVERCASE,EQ,24-Aug-2026,24.69,24.68,24.81,24.19,24.59,10039273,2471.78,9641,4416844.0,44.0,2026-08-24
SILVERIETF,EQ,24-Aug-2026,242.87,243.14,243.96,241.54,242.06,4592060,11135.81,23795,2249496.0,48.99,2026-08-24
SILVERTUC,EQ,24-Aug-2026,185.94,185.11,188.8,177.62,180.13,515595,939.93,8509,191312.0,37.11,2026-08-24
SIMBHALS,BZ,24-Aug-2026,8.28,8.6,8.69,8.6,8.69,31804,2.76,62,,,2026-08-24
SIMCA,SM,24-Aug-2026,242.5,242.5,291.0,242.5,258.25,87600,220.94,111,49800.0,56.85,2026-08-24
SIMPLEXINF,EQ,24-Aug-2026,255.71,255.9,257.25,249.0,253.76,67534,171.29,1082,51339.0,76.02,2026-08-24
SIMPLXREA,EQ,24-Aug-2026,120.4,126.0,126.0,125.95,125.95,54,0.07,3,54.0,100.0,2026-08-24
SINCLAIR,EQ,24-Aug-2026,74.43,75.0,78.58,75.0,75.32,28512,21.74,285,14905.0,52.28,2026-08-24
SINDHUTRAD,EQ,24-Aug-2026,23.68,23.65,24.25,23.43,24.02,536716,128.31,1191,336368.0,62.67,2026-08-24
SINGERIND,EQ,24-Aug-2026,82.0,82.0,83.59,77.77,79.11,163760,129.68,1956,119183.0,72.78,2026-08-24
SINTERCOM,EQ,24-Aug-2026,79.06,79.0,82.9,78.21,81.72,906,0.74,59,681.0,75.17,2026-08-24
SIRCA,EQ,24-Aug-2026,451.2,452.6,455.0,435.25,439.75,473107,2109.48,6890,216618.0,45.79,2026-08-24
SIS,EQ,24-Aug-2026,417.75,415.0,422.8,415.0,418.05,169236,710.52,9843,113869.0,67.28,2026-08-24
SITINET,BZ,24-Aug-2026,0.28,0.29,0.29,0.27,0.28,1136491,3.23,353,,,2026-08-24
SIYSIL,EQ,24-Aug-2026,606.35,601.0,608.35,586.1,588.45,70809,422.6,4559,36804.0,51.98,2026-08-24
SJLOGISTIC,SM,24-Aug-2026,353.55,353.55,366.7,350.65,356.6,77000,276.18,221,50000.0,64.94,2026-08-24
SJS,EQ,24-Aug-2026,2497.4,2510.7,2578.0,2489.8,2561.7,175836,4485.94,21593,114319.0,65.01,2026-08-24
SJVN,EQ,24-Aug-2026,66.06,66.5,66.79,65.67,65.8,1173125,775.49,11428,643465.0,54.85,2026-08-24
SKFINDIA,EQ,24-Aug-2026,1596.5,1598.0,1612.2,1574.0,1586.4,34404,546.54,5478,18036.0,52.42,2026-08-24
SKFINDUS,EQ,24-Aug-2026,2758.3,2765.0,2795.9,2707.9,2748.1,36594,1004.62,5983,20977.0,57.32,2026-08-24
SKIL,BZ,24-Aug-2026,0.86,0.87,0.87,0.82,0.82,24630,0.21,57,,,2026-08-24
SKIPPER,EQ,24-Aug-2026,554.0,554.8,585.0,552.35,575.0,2741697,15781.47,60496,1115928.0,40.7,2026-08-24
SKMEGGPROD,EQ,24-Aug-2026,259.05,259.05,263.8,253.0,256.8,247958,640.86,4773,93589.0,37.74,2026-08-24
SKP,SM,24-Aug-2026,152.0,152.2,155.85,152.2,153.55,3000,4.6,4,2000.0,66.67,2026-08-24
SKYGOLD,EQ,24-Aug-2026,803.5,808.4,808.4,782.55,798.0,664308,5287.92,22140,269712.0,40.6,2026-08-24
SKYTECH,ST,24-Aug-2026,70.3,66.8,66.8,66.8,66.8,1600,1.07,1,1600.0,100.0,2026-08-24
SLONE,ST,24-Aug-2026,153.7,159.55,161.35,149.0,158.45,10400,16.31,22,9200.0,88.46,2026-08-24
SMALL250,EQ,24-Aug-2026,18.47,18.93,18.93,18.06,18.45,381713,70.62,848,194618.0,50.99,2026-08-24
SMALLADD,EQ,24-Aug-2026,18.53,18.59,18.75,18.45,18.47,20306,3.78,146,17605.0,86.7,2026-08-24
SMALLCAP,EQ,24-Aug-2026,48.82,48.1,49.29,48.1,48.88,1419360,695.99,3339,861248.0,60.68,2026-08-24
SMALLGROWW,EQ,24-Aug-2026,49.08,49.32,49.58,48.52,49.12,17565,8.65,136,16562.0,94.29,2026-08-24
SMALLIETF,EQ,24-Aug-2026,18.48,18.6,18.74,18.42,18.45,45139,8.35,131,27236.0,60.34,2026-08-24
SMARTEN,ST,24-Aug-2026,58.5,56.0,56.0,55.6,55.6,14400,8.05,8,13200.0,91.67,2026-08-24
SMARTLINK,BE,24-Aug-2026,226.31,226.1,228.7,221.6,225.76,3328,7.5,51,,,2026-08-24
SMARTWORKS,EQ,24-Aug-2026,523.25,540.0,555.0,523.85,550.5,432211,2363.67,15875,235266.0,54.43,2026-08-24
SMCGLOBAL,EQ,24-Aug-2026,81.13,81.01,81.22,78.67,79.73,157454,126.52,1160,93611.0,59.45,2026-08-24
SML100CASE,EQ,24-Aug-2026,11.38,11.63,11.63,11.3,11.32,1161188,132.05,2030,660441.0,56.88,2026-08-24
SMLMAH,EQ,24-Aug-2026,5324.0,5356.5,5356.5,5181.5,5204.0,35983,1894.51,5097,18593.0,51.67,2026-08-24
SMLT,EQ,24-Aug-2026,70.77,70.77,70.77,68.8,68.96,1592,1.1,117,1136.0,71.36,2026-08-24
SMSPHARMA,EQ,24-Aug-2026,356.6,358.1,362.0,353.5,354.1,140071,500.99,3362,84129.0,60.06,2026-08-24
SMVD,SM,24-Aug-2026,16.25,17.05,17.05,16.0,17.0,52520,8.53,13,44440.0,84.62,2026-08-24
SNEHAA,SM,24-Aug-2026,44.6,44.5,44.6,42.5,44.2,11000,4.78,9,11000.0,100.0,2026-08-24
SNOWMAN,EQ,24-Aug-2026,37.84,37.92,38.5,37.4,37.59,106826,40.34,1047,67234.0,62.94,2026-08-24
SNXT30BEES,EQ,24-Aug-2026,43.28,43.4,43.43,43.11,43.2,1167,0.5,59,779.0,66.75,2026-08-24
SNXT50BETA,EQ,24-Aug-2026,96.12,96.12,97.18,94.89,95.59,2867,2.74,108,1871.0,65.26,2026-08-24
SOBHA,EQ,24-Aug-2026,1294.6,1286.9,1313.0,1285.0,1289.1,67450,874.29,9533,28292.0,41.95,2026-08-24
SOCL,SM,24-Aug-2026,29.2,28.9,29.0,28.9,29.0,9600,2.78,5,6400.0,66.67,2026-08-24
SOFTTECH,EQ,24-Aug-2026,416.2,419.0,422.2,415.0,419.15,4182,17.44,49,3678.0,87.95,2026-08-24
SOLARA,EQ,24-Aug-2026,616.9,618.0,653.9,616.9,629.1,613372,3914.45,18205,193786.0,31.59,2026-08-24
SOLARINDS,EQ,24-Aug-2026,19900.0,19985.0,19985.0,19612.0,19925.0,68503,13566.74,15876,21651.0,31.61,2026-08-24
SOLARWORLD,EQ,24-Aug-2026,149.96,152.94,156.08,149.21,150.13,324406,495.16,5634,128527.0,39.62,2026-08-24
SOLEX,EQ,24-Aug-2026,772.25,774.0,848.6,772.1,796.25,89299,720.4,8800,32529.0,36.43,2026-08-24
SOMANYCERA,EQ,24-Aug-2026,520.15,520.2,555.0,520.05,552.1,487680,2656.54,17517,270212.0,55.41,2026-08-24
SOMATEX,EQ,24-Aug-2026,86.24,86.24,89.0,85.0,86.79,7110,6.18,98,5546.0,78.0,2026-08-24
SOMICONVEY,EQ,24-Aug-2026,101.17,100.15,103.99,95.2,97.36,46898,46.54,1296,25166.0,53.66,2026-08-24
SONACOMS,EQ,24-Aug-2026,817.6,817.6,824.3,806.1,813.5,1647328,13423.56,34219,858485.0,52.11,2026-08-24
SONAL,EQ,24-Aug-2026,90.46,87.5,94.0,85.94,89.4,170,0.15,13,104.0,61.18,2026-08-24
SONAMAC,SM,24-Aug-2026,33.5,33.55,34.35,32.5,34.35,4000,1.34,4,4000.0,100.0,2026-08-24
SONAMLTD,EQ,24-Aug-2026,65.16,65.2,66.8,63.92,64.41,63187,41.05,1260,28668.0,45.37,2026-08-24
SONATSOFTW,EQ,24-Aug-2026,304.0,304.65,310.45,303.6,306.75,553687,1702.03,12710,181845.0,32.84,2026-08-24
SONUINFRA,ST,24-Aug-2026,35.0,33.75,34.95,33.6,34.95,7500,2.54,5,7500.0,100.0,2026-08-24
SOTL,EQ,24-Aug-2026,677.3,680.9,705.0,678.4,681.8,242279,1676.2,8326,102159.0,42.17,2026-08-24
SOUTHBANK,EQ,24-Aug-2026,44.97,45.08,45.38,44.26,45.16,8487952,3812.16,40278,3469565.0,40.88,2026-08-24
SOUTHWEST,EQ,24-Aug-2026,220.04,220.04,220.45,216.5,217.99,179174,390.68,3787,113880.0,63.56,2026-08-24
SPAL,EQ,24-Aug-2026,930.45,938.0,949.0,930.05,941.35,60810,572.06,4512,30422.0,50.03,2026-08-24
SPANDANA,EQ,24-Aug-2026,241.3,241.5,250.0,239.2,241.0,128765,312.15,3709,57604.0,44.74,2026-08-24
SPARC,EQ,24-Aug-2026,196.71,198.75,200.41,193.99,195.04,364691,717.92,7358,196342.0,53.84,2026-08-24
SPCENET,EQ,24-Aug-2026,3.34,3.35,3.44,3.35,3.38,633378,21.51,691,606308.0,95.73,2026-08-24
SPCL,SM,24-Aug-2026,60.5,60.0,60.45,59.3,60.05,26400,15.88,36,16800.0,63.64,2026-08-24
SPEB,ST,24-Aug-2026,87.65,88.55,88.55,88.55,88.55,2000,1.77,1,2000.0,100.0,2026-08-24
SPECIALITY,BE,24-Aug-2026,140.81,141.51,147.79,137.0,146.24,95069,135.59,378,,,2026-08-24
SPECTRUM,BE,24-Aug-2026,2121.8,2124.2,2188.0,2095.0,2144.3,4189,89.23,308,,,2026-08-24
SPECTSTM,SM,24-Aug-2026,62.5,62.5,62.5,62.5,62.5,800,0.5,1,800.0,100.0,2026-08-24
SPELS,EQ,24-Aug-2026,147.71,147.71,148.0,146.0,146.86,29836,43.9,951,17873.0,59.9,2026-08-24
SPENCERS,EQ,24-Aug-2026,30.4,30.4,31.69,30.32,30.58,76871,23.85,1679,32841.0,42.72,2026-08-24
SPIC,EQ,24-Aug-2026,68.16,68.48,69.67,67.98,69.3,738090,508.88,4720,387136.0,52.45,2026-08-24
SPLIL,EQ,24-Aug-2026,30.25,30.48,30.99,29.31,30.25,2453,0.75,66,1903.0,77.58,2026-08-24
SPLPETRO,EQ,24-Aug-2026,697.8,704.7,704.7,688.15,691.4,47919,332.11,2783,27427.0,57.24,2026-08-24
SPMLINFRA,EQ,24-Aug-2026,192.94,194.0,194.0,186.5,187.0,273631,516.72,3049,158242.0,57.83,2026-08-24
SPORTKING,EQ,24-Aug-2026,213.07,212.8,216.4,208.42,214.86,289032,613.98,5016,158693.0,54.9,2026-08-24
SPUNWEB,SM,24-Aug-2026,100.0,100.0,101.1,100.0,100.35,3600,3.61,2,3600.0,100.0,2026-08-24
SRD,EQ,24-Aug-2026,39.43,39.43,41.85,39.43,40.74,28723,11.75,327,17606.0,61.3,2026-08-24
SREEL,EQ,24-Aug-2026,240.84,246.0,253.0,239.0,249.71,35796,87.5,1001,21473.0,59.99,2026-08-24
SRF,EQ,24-Aug-2026,2571.9,2569.7,2590.0,2568.0,2580.8,262284,6763.88,23339,168978.0,64.43,2026-08-24
SRGHFL,EQ,24-Aug-2026,264.25,261.6,267.0,255.35,256.0,2652,6.9,103,1899.0,71.61,2026-08-24
SRHHYPOLTD,EQ,24-Aug-2026,473.15,476.6,483.3,472.9,476.9,9947,47.5,520,6913.0,69.5,2026-08-24
SRIKPRIND,EQ,24-Aug-2026,20.48,19.96,20.68,19.63,19.79,1891,0.38,28,1888.0,99.84,2026-08-24
SRIVASAVI,ST,24-Aug-2026,81.0,82.95,82.95,81.15,81.15,5000,4.1,5,4000.0,80.0,2026-08-24
SRM,EQ,24-Aug-2026,467.85,463.0,475.0,460.0,464.05,78996,367.94,2911,43208.0,54.7,2026-08-24
SRTL,EQ,24-Aug-2026,39.92,40.11,40.8,39.8,40.13,26918,10.81,227,23779.0,88.34,2026-08-24
SSDL,EQ,24-Aug-2026,58.6,58.75,59.64,56.5,57.46,19288,11.17,394,14475.0,75.05,2026-08-24
SSEGL,SM,24-Aug-2026,363.0,365.05,410.0,360.0,396.75,227400,890.85,623,173400.0,76.25,2026-08-24
SSFL,ST,24-Aug-2026,230.0,230.0,230.0,230.0,230.0,500,1.15,1,500.0,100.0,2026-08-24
SSWL,EQ,24-Aug-2026,295.0,295.05,302.15,294.0,294.7,420403,1248.9,6458,257104.0,61.16,2026-08-24
STALLION,BE,24-Aug-2026,228.25,226.0,234.9,225.0,225.15,353723,810.95,2941,,,2026-08-24
STANLEY,EQ,24-Aug-2026,137.89,136.25,139.04,136.0,136.03,58682,80.15,2069,36949.0,62.96,2026-08-24
STAR,EQ,24-Aug-2026,986.2,989.4,999.0,974.3,993.6,220560,2178.34,14425,94953.0,43.05,2026-08-24
STARCEMENT,EQ,24-Aug-2026,194.62,194.83,196.08,192.9,194.85,300566,585.24,8439,151370.0,50.36,2026-08-24
STARHEALTH,EQ,24-Aug-2026,578.5,573.95,580.0,570.45,573.0,219690,1261.86,16445,107677.0,49.01,2026-08-24
STARPAPER,EQ,24-Aug-2026,144.98,145.1,146.8,142.21,145.91,7581,10.98,133,6402.0,84.45,2026-08-24
STARTECK,EQ,24-Aug-2026,247.95,250.4,259.3,250.4,252.0,7095,18.15,58,58.0,0.82,2026-08-24
STCINDIA,EQ,24-Aug-2026,121.21,122.95,125.0,121.31,121.89,47575,58.41,1655,28908.0,60.76,2026-08-24
STEELCAS,EQ,24-Aug-2026,356.05,364.0,364.0,345.0,346.5,106971,375.34,2348,48320.0,45.17,2026-08-24
STEELCITY,EQ,24-Aug-2026,81.82,81.82,82.89,80.5,82.21,7086,5.8,121,4121.0,58.16,2026-08-24
STEELXIND,EQ,24-Aug-2026,10.6,10.6,11.2,10.59,10.9,3783914,415.33,4898,1814619.0,47.96,2026-08-24
STEL,EQ,24-Aug-2026,611.05,618.9,625.2,600.0,617.6,15077,93.48,561,12211.0,80.99,2026-08-24
STERTOOLS,BE,24-Aug-2026,223.0,224.8,225.7,221.55,223.45,7111,15.89,194,,,2026-08-24
STLNETWORK,EQ,24-Aug-2026,25.85,26.15,26.44,25.5,25.61,499278,129.39,1873,339696.0,68.04,2026-08-24
STLSTRINF,EQ,24-Aug-2026,18.87,20.96,20.96,18.07,19.61,1201,0.23,48,857.0,71.36,2026-08-24
STLTECH,BE,24-Aug-2026,627.15,626.6,658.5,625.0,658.5,2003800,13059.94,21534,,,2026-08-24
STOVEKRAFT,EQ,24-Aug-2026,775.45,776.05,824.4,763.25,821.25,369578,2969.67,16484,201147.0,54.43,2026-08-24
STRIDERS,SM,24-Aug-2026,59.4,61.8,66.8,61.0,61.7,203200,127.9,31,161600.0,79.53,2026-08-24
STUDDS,EQ,24-Aug-2026,450.15,450.15,451.85,436.8,450.0,64966,291.05,2945,36254.0,55.8,2026-08-24
STUDIOLSD,SM,24-Aug-2026,9.05,9.05,9.15,9.0,9.05,36000,3.26,17,36000.0,100.0,2026-08-24
STYL,EQ,24-Aug-2026,392.55,395.5,402.4,386.05,387.45,62879,244.67,2753,32137.0,51.11,2026-08-24
STYLAMIND,EQ,24-Aug-2026,3601.7,3610.0,3650.9,3540.6,3573.2,28424,1020.73,6795,15425.0,54.27,2026-08-24
STYLEBAAZA,EQ,24-Aug-2026,417.65,406.2,425.05,396.8,396.8,1673374,6841.04,15876,952490.0,56.92,2026-08-24
STYRENIX,EQ,24-Aug-2026,2081.6,2081.6,2117.7,2061.0,2076.4,24610,514.84,3810,12781.0,51.93,2026-08-24
SUBAHOTELS,SM,24-Aug-2026,112.4,112.35,112.35,109.1,109.1,7200,7.97,6,6000.0,83.33,2026-08-24
SUBEXLTD,EQ,24-Aug-2026,18.66,19.04,19.19,17.56,18.25,10104452,1846.3,15223,5489351.0,54.33,2026-08-24
SUBROS,EQ,24-Aug-2026,733.15,734.95,740.55,727.0,729.3,29443,215.82,1690,17560.0,59.64,2026-08-24
SUDARCOLOR,EQ,24-Aug-2026,401.25,401.35,405.45,397.1,401.4,11646,46.81,1170,3820.0,32.8,2026-08-24
SUDARSCHEM,EQ,24-Aug-2026,1215.1,1228.0,1249.3,1197.6,1236.1,988803,12142.8,47652,545083.0,55.13,2026-08-24
SUDEEPPHRM,EQ,24-Aug-2026,1111.8,1123.9,1141.0,1106.0,1131.15,139908,1572.4,9722,68257.0,48.79,2026-08-24
SUKHJITS,EQ,24-Aug-2026,159.42,160.4,164.0,159.5,159.95,9669,15.61,332,5986.0,61.91,2026-08-24
SULA,EQ,24-Aug-2026,144.55,144.56,146.48,144.0,144.53,228895,331.87,4730,120578.0,52.68,2026-08-24
SUMEDHA,EQ,24-Aug-2026,38.04,41.98,41.98,38.9,39.08,1224,0.49,30,855.0,69.85,2026-08-24
SUMEETINDS,EQ,24-Aug-2026,13.52,13.59,13.68,13.01,13.18,2269530,301.76,2337,1800837.0,79.35,2026-08-24
SUMICHEM,EQ,24-Aug-2026,534.65,536.45,539.9,521.75,523.45,206063,1092.05,8975,95781.0,46.48,2026-08-24
SUMIT,EQ,24-Aug-2026,52.01,50.25,52.0,50.25,50.92,54240,27.51,784,33932.0,62.56,2026-08-24
SUMMITSEC,EQ,24-Aug-2026,1420.2,1437.5,1445.0,1411.0,1416.9,9665,138.68,383,8568.0,88.65,2026-08-24
SUN-RE,ST,24-Aug-2026,1.9,2.1,2.2,1.6,1.6,17600,0.36,11,17600.0,100.0,2026-08-24
SUNCLAY,EQ,24-Aug-2026,1284.1,1284.1,1287.6,1250.1,1255.6,3890,49.23,946,2663.0,68.46,2026-08-24
SUNDARAM,EQ,24-Aug-2026,1.23,1.23,1.27,1.23,1.25,484091,6.07,293,455926.0,94.18,2026-08-24
SUNDARMFIN,EQ,24-Aug-2026,4534.5,4509.9,4559.9,4470.1,4505.1,20463,923.53,7055,11925.0,58.28,2026-08-24
SUNDRMBRAK,BE,24-Aug-2026,793.25,784.0,799.0,773.0,789.8,806,6.35,61,,,2026-08-24
SUNDRMFAST,EQ,24-Aug-2026,1228.0,1234.0,1238.35,1215.1,1219.25,134695,1652.27,15436,71755.0,53.27,2026-08-24
SUNDROP,EQ,24-Aug-2026,646.5,646.5,658.9,640.1,644.05,24609,159.92,1223,12969.0,52.7,2026-08-24
SUNFLAG,EQ,24-Aug-2026,353.85,355.1,361.0,352.05,354.05,157709,561.34,3226,82793.0,52.5,2026-08-24
SUNLITE,SM,24-Aug-2026,481.95,482.0,531.0,482.0,510.1,44700,229.32,137,27900.0,62.42,2026-08-24
SUNLOC,EQ,24-Aug-2026,69.0,70.38,72.49,68.0,72.49,50,0.04,4,42.0,84.0,2026-08-24
SUNPHARMA,EQ,24-Aug-2026,1902.4,1902.4,1923.0,1892.6,1910.0,2317987,44334.36,93001,1713184.0,73.91,2026-08-24
SUNRAKSHAK,EQ,24-Aug-2026,378.45,375.15,382.0,375.15,380.45,3836,14.57,151,2717.0,70.83,2026-08-24
SUNREST,SM,24-Aug-2026,41.0,39.0,41.0,39.0,41.0,6400,2.59,4,6400.0,100.0,2026-08-24
SUNSHIEL,EQ,24-Aug-2026,1232.6,1233.3,1233.3,1170.0,1208.0,1578,19.1,275,955.0,60.52,2026-08-24
SUNTECH,SM,24-Aug-2026,35.05,31.2,35.5,31.15,35.0,20800,7.02,13,12800.0,61.54,2026-08-24
SUNTECK,EQ,24-Aug-2026,296.35,296.4,310.0,295.35,307.35,469635,1442.25,14070,201326.0,42.87,2026-08-24
SUNTV,EQ,24-Aug-2026,472.05,473.3,477.25,468.0,468.75,208966,984.52,10619,112170.0,53.68,2026-08-24
SUPERHOUSE,EQ,24-Aug-2026,167.8,168.0,172.87,165.2,167.86,11087,18.68,171,7441.0,67.11,2026-08-24
SUPERSPIN,BE,24-Aug-2026,6.1,5.98,5.98,5.98,5.98,15355,0.92,13,,,2026-08-24
SUPRAJIT,EQ,24-Aug-2026,505.4,510.1,515.35,505.1,507.75,47798,244.35,4348,28854.0,60.37,2026-08-24
SUPREME,EQ,24-Aug-2026,40.79,41.39,41.39,39.51,39.67,17206,6.87,198,14335.0,83.31,2026-08-24
SUPREMEENG,BZ,24-Aug-2026,2.53,2.58,2.58,2.58,2.58,130038,3.35,77,,,2026-08-24
SUPREMEIND,EQ,24-Aug-2026,3642.0,3660.0,3660.0,3601.0,3601.0,127773,4625.09,12414,62652.0,49.03,2026-08-24
SUPREMEINF,EQ,24-Aug-2026,88.3,88.92,90.43,85.3,86.36,27024,23.58,611,13912.0,51.48,2026-08-24
SUPREMEPWR,SM,24-Aug-2026,232.2,237.45,239.0,228.0,232.05,51000,118.66,87,35500.0,69.61,2026-08-24
SUPRIYA,EQ,24-Aug-2026,805.45,805.0,810.2,795.0,797.15,89428,717.88,6030,44750.0,50.04,2026-08-24
SUPTANERY,EQ,24-Aug-2026,8.77,9.17,10.52,9.17,10.52,1630102,166.99,3388,694511.0,42.61,2026-08-24
SURAJEST,EQ,24-Aug-2026,195.46,195.46,198.0,194.61,195.29,73517,144.78,725,60652.0,82.5,2026-08-24
SURAJLTD,EQ,24-Aug-2026,202.49,209.9,214.9,206.43,209.51,2186,4.57,62,1134.0,51.88,2026-08-24
SURAKSHA,EQ,24-Aug-2026,325.8,326.95,333.0,318.95,323.1,107206,347.74,4846,49309.0,45.99,2026-08-24
SURANASOL,EQ,24-Aug-2026,25.85,25.62,26.3,25.25,25.54,42607,10.92,537,24377.0,57.21,2026-08-24
SURANAT&P,EQ,24-Aug-2026,16.28,16.29,16.5,16.21,16.23,40836,6.65,283,26930.0,65.95,2026-08-24
SURANI,SM,24-Aug-2026,101.85,102.0,102.0,95.2,96.6,7200,7.07,27,4800.0,66.67,2026-08-24
SURYALA,EQ,24-Aug-2026,398.75,381.0,392.0,381.0,381.65,330,1.26,40,234.0,70.91,2026-08-24
SURYALAXMI,EQ,24-Aug-2026,57.32,55.7,57.5,55.7,56.68,2222,1.27,45,1751.0,78.8,2026-08-24
SURYAROSNI,EQ,24-Aug-2026,219.8,220.89,224.1,218.38,219.13,683271,1507.17,9777,388589.0,56.87,2026-08-24
SURYODAY,EQ,24-Aug-2026,158.84,156.71,159.5,156.1,157.12,314757,496.22,4825,128265.0,40.75,2026-08-24
SUTLEJTEX,BE,24-Aug-2026,38.14,37.11,38.95,37.11,38.44,112910,42.9,126,,,2026-08-24
SUVEN,EQ,24-Aug-2026,373.15,374.0,393.5,366.2,369.75,1369469,5191.76,28112,526804.0,38.47,2026-08-24
SUVIDHAA,EQ,24-Aug-2026,2.32,2.33,2.75,1.91,2.36,151389,3.47,440,112152.0,74.08,2026-08-24
SUYOG,EQ,24-Aug-2026,748.8,759.0,777.65,737.0,746.35,54627,412.44,2735,18626.0,34.1,2026-08-24
SUZLON,EQ,24-Aug-2026,46.71,46.94,47.06,46.6,47.05,29089252,13613.34,70582,12174508.0,41.85,2026-08-24
SVGLOBAL,EQ,24-Aug-2026,125.26,125.0,125.0,115.01,118.0,368,0.45,9,285.0,77.45,2026-08-24
SVLL,BE,24-Aug-2026,781.05,768.0,790.0,768.0,776.0,1210,9.52,9,,,2026-08-24
SVPGLOB,EQ,24-Aug-2026,3.73,3.69,3.89,3.56,3.74,30443,1.13,95,20293.0,66.66,2026-08-24
SWANCORP,EQ,24-Aug-2026,303.85,303.85,307.05,300.1,302.9,843589,2561.82,10324,267670.0,31.73,2026-08-24
SWANDEF,BE,24-Aug-2026,2346.4,2301.0,2390.0,2301.0,2330.7,9174,214.96,586,,,2026-08-24
SWARAJ,EQ,24-Aug-2026,367.6,371.8,375.0,369.25,372.55,235228,876.21,1653,105539.0,44.87,2026-08-24
SWARAJENG,EQ,24-Aug-2026,3569.8,3569.9,3570.1,3551.0,3558.9,4788,170.46,1333,2964.0,61.9,2026-08-24
SWARNSAR,EQ,24-Aug-2026,34.19,34.19,35.7,33.12,35.2,1535,0.53,38,1392.0,90.68,2026-08-24
SWASTIK,ST,24-Aug-2026,19.0,19.95,19.95,19.95,19.95,1200,0.24,1,1200.0,100.0,2026-08-24
SWELECTES,EQ,24-Aug-2026,608.9,610.95,615.9,590.15,594.0,48686,293.32,2135,31232.0,64.15,2026-08-24
SWIGGY,EQ,24-Aug-2026,282.5,283.0,284.8,281.25,284.25,8511377,24113.19,66476,3974573.0,46.7,2026-08-24
SWISSMLTRY,EQ,24-Aug-2026,17.48,17.8,18.5,17.25,17.49,448090,80.21,1322,309866.0,69.15,2026-08-24
SWSOLAR,EQ,24-Aug-2026,192.17,194.1,196.6,190.99,191.46,736726,1421.87,10543,376219.0,51.07,2026-08-24
SYLVANPLY,SM,24-Aug-2026,49.3,49.5,49.5,49.0,49.0,8000,3.95,4,8000.0,100.0,2026-08-24
SYMPHONY,EQ,24-Aug-2026,612.5,613.15,615.7,595.75,597.75,86812,522.58,6423,50900.0,58.63,2026-08-24
SYNCOMF,EQ,24-Aug-2026,16.14,16.64,17.64,16.3,17.18,16622375,2863.65,40209,6145172.0,36.97,2026-08-24
SYNGENE,EQ,24-Aug-2026,407.25,407.1,407.1,397.15,398.55,268563,1077.37,12344,144956.0,53.97,2026-08-24
SYRMA,EQ,24-Aug-2026,1439.3,1454.0,1472.0,1441.0,1459.9,758782,11055.38,33465,288262.0,37.99,2026-08-24
SYSTANGO,SM,24-Aug-2026,217.65,219.8,219.8,212.0,216.2,19200,41.26,45,14000.0,72.92,2026-08-24
SYSTMTXC,BE,24-Aug-2026,57.03,58.0,58.8,55.21,56.98,16281,9.33,77,,,2026-08-24
TAALTECH,EQ,24-Aug-2026,4216.2,4349.6,4416.9,4250.0,4365.8,6645,289.66,1401,3737.0,56.24,2026-08-24
TAC,ST,24-Aug-2026,417.85,417.85,430.0,410.5,414.85,38800,163.35,155,30000.0,77.32,2026-08-24
TAINWALCHM,EQ,24-Aug-2026,216.67,216.67,220.9,214.0,218.11,4985,10.83,116,3061.0,61.4,2026-08-24
TAJGVK,EQ,24-Aug-2026,350.4,350.4,356.0,348.85,353.35,62366,219.61,2931,27974.0,44.85,2026-08-24
TAKE,EQ,24-Aug-2026,20.83,20.68,20.68,19.79,19.79,423718,84.16,721,340513.0,80.36,2026-08-24
TALBROAUTO,EQ,24-Aug-2026,413.4,411.4,423.8,411.4,418.4,181409,756.88,4354,87060.0,47.99,2026-08-24
TAMBOLIIN,BE,24-Aug-2026,240.07,247.9,252.0,241.0,245.0,15928,39.6,85,,,2026-08-24
TANAA,EQ,24-Aug-2026,306.55,306.55,308.45,298.55,303.9,7558,22.94,456,5187.0,68.63,2026-08-24
TANKUP,ST,24-Aug-2026,1312.5,1292.0,1300.0,1290.0,1300.0,2750,35.71,9,2750.0,100.0,2026-08-24
TANLA,EQ,24-Aug-2026,570.45,570.0,585.0,561.05,564.4,1164515,6663.11,30515,533327.0,45.8,2026-08-24
TARACHAND,EQ,24-Aug-2026,47.97,47.51,48.93,47.51,48.53,45375,21.88,775,35529.0,78.3,2026-08-24
TARAPUR,EQ,24-Aug-2026,15.5,15.99,15.99,14.71,15.55,44436,6.84,274,24898.0,56.03,2026-08-24
TARC,EQ,24-Aug-2026,124.07,124.14,125.48,120.27,122.53,794128,975.03,13279,459371.0,57.85,2026-08-24
TARIL,EQ,24-Aug-2026,298.65,300.0,313.9,298.9,302.1,4220906,12984.99,53286,1096204.0,25.97,2026-08-24
TARMAT,EQ,24-Aug-2026,50.2,53.9,53.9,49.06,50.14,24101,12.19,252,16366.0,67.91,2026-08-24
TARSONS,EQ,24-Aug-2026,344.95,347.45,353.9,342.2,346.85,150423,524.6,4642,56536.0,37.58,2026-08-24
TASTYBITE,EQ,24-Aug-2026,10135.5,10186.0,10300.0,10025.0,10109.0,4261,433.19,1717,1567.0,36.78,2026-08-24
TATACAP,EQ,24-Aug-2026,365.05,361.65,366.3,361.65,364.45,1161993,4240.41,29531,735336.0,63.28,2026-08-24
TATACHEM,EQ,24-Aug-2026,626.75,628.9,637.75,624.05,626.95,420729,2649.23,14397,136018.0,32.33,2026-08-24
TATACOMM,EQ,24-Aug-2026,1655.4,1660.0,1699.2,1653.0,1688.5,214293,3606.73,24127,103096.0,48.11,2026-08-24
TATACONSUM,EQ,24-Aug-2026,1049.0,1049.0,1062.5,1041.8,1062.5,1085041,11418.14,33105,631305.0,58.18,2026-08-24
TATAELXSI,EQ,24-Aug-2026,3708.0,3710.1,3769.9,3664.3,3673.5,207021,7711.8,22000,51262.0,24.76,2026-08-24
TATAGOLD,EQ,24-Aug-2026,15.41,15.45,15.69,15.45,15.61,88699104,13859.22,122694,38636611.0,43.56,2026-08-24
TATAINVEST,EQ,24-Aug-2026,647.95,648.2,653.5,644.6,645.95,111463,722.48,7404,51943.0,46.6,2026-08-24
TATAPOWER,EQ,24-Aug-2026,374.3,374.3,378.05,371.5,373.5,3748709,14043.39,38196,2207710.0,58.89,2026-08-24
TATASTEEL,EQ,24-Aug-2026,183.0,184.15,186.3,183.06,186.3,37800944,70001.01,153396,22445230.0,59.38,2026-08-24
TATATECH,EQ,24-Aug-2026,820.75,818.8,834.85,791.3,797.5,1138274,9212.26,43323,472800.0,41.54,2026-08-24
TATSILV,EQ,24-Aug-2026,23.62,24.21,24.21,23.47,23.5,63240374,14897.92,67658,17651301.0,27.91,2026-08-24
TATVA,EQ,24-Aug-2026,1616.4,1617.1,1660.0,1601.0,1605.5,34899,567.79,4533,17607.0,50.45,2026-08-24
TAURIAN,SM,24-Aug-2026,451.35,463.0,463.0,436.0,442.0,48000,214.88,56,30400.0,63.33,2026-08-24
TBI,SM,24-Aug-2026,58.9,59.45,65.9,59.0,64.4,256800,162.79,312,169800.0,66.12,2026-08-24
TBOTEK,EQ,24-Aug-2026,1696.5,1695.0,1714.0,1671.4,1703.5,148596,2524.26,14435,77404.0,52.09,2026-08-24
TBZ,EQ,24-Aug-2026,279.5,280.45,289.8,280.0,286.2,1358747,3879.91,17910,351266.0,25.85,2026-08-24
TCC,EQ,24-Aug-2026,251.7,251.7,264.7,235.0,240.05,139780,345.03,3170,100139.0,71.64,2026-08-24
TCI,EQ,24-Aug-2026,908.35,912.4,916.0,900.0,900.8,13751,124.21,1561,8032.0,58.41,2026-08-24
TCIEXP,EQ,24-Aug-2026,550.95,550.9,555.0,542.15,545.85,16316,89.42,954,7191.0,44.07,2026-08-24
TCIFINANCE,BE,24-Aug-2026,15.34,15.34,15.6,15.1,15.11,14780,2.25,81,,,2026-08-24
TCL,SM,24-Aug-2026,142.25,135.1,145.0,132.0,140.0,164800,229.46,173,108800.0,66.02,2026-08-24
TCPLPACK,EQ,24-Aug-2026,4101.3,4106.0,4137.0,3921.0,3972.0,7526,300.45,1936,3281.0,43.6,2026-08-24
TCS,EQ,24-Aug-2026,2302.0,2302.4,2321.6,2279.5,2284.1,1542723,35417.11,64928,732967.0,47.51,2026-08-24
TDPOWERSYS,EQ,24-Aug-2026,1534.8,775.0,793.5,760.7,780.1,1410792,10941.29,53506,622615.0,44.13,2026-08-24
TEAMGTY,EQ,24-Aug-2026,232.44,237.5,237.9,230.0,230.02,169,0.39,17,153.0,90.53,2026-08-24
TEAMLEASE,EQ,24-Aug-2026,1245.2,1249.9,1260.0,1224.8,1247.4,11191,139.2,2712,6694.0,59.82,2026-08-24
TEAMTECH,ST,24-Aug-2026,135.35,140.0,142.1,140.0,142.1,34000,48.27,17,32000.0,94.12,2026-08-24
TECH,EQ,24-Aug-2026,33.53,33.87,33.87,33.04,33.2,28605,9.57,190,23182.0,81.04,2026-08-24
TECHD,ST,24-Aug-2026,581.0,585.0,590.95,560.0,570.0,8100,46.37,27,7800.0,96.3,2026-08-24
TECHERA,SM,24-Aug-2026,176.65,181.0,181.0,169.4,170.2,44800,78.15,54,30400.0,67.86,2026-08-24
TECHLABS,SM,24-Aug-2026,113.55,110.15,117.8,110.15,115.0,12375,14.22,63,11375.0,91.92,2026-08-24
TECHM,EQ,24-Aug-2026,1584.0,1580.1,1599.0,1574.1,1584.0,2197042,34876.26,101243,1420794.0,64.67,2026-08-24
TECHNOCRAF,EQ,24-Aug-2026,332.61,336.8,349.6,334.84,341.77,1853211,6363.62,24248,572371.0,30.89,2026-08-24
TECHNOE,EQ,24-Aug-2026,987.45,997.0,1018.8,989.75,998.05,160019,1608.26,10290,74922.0,46.82,2026-08-24
TECHNVISN,EQ,24-Aug-2026,4932.0,5035.0,5035.0,4880.0,4907.1,504,24.86,171,350.0,69.44,2026-08-24
TECILCHEM,EQ,24-Aug-2026,9.06,9.25,9.25,8.6,8.77,11055,0.98,93,8417.0,76.14,2026-08-24
TEGA,EQ,24-Aug-2026,1743.2,1749.0,1760.0,1696.0,1704.3,246729,4251.6,19001,140609.0,56.99,2026-08-24
TEJA,SM,24-Aug-2026,334.55,317.85,317.85,317.85,317.85,1200,3.81,2,1200.0,100.0,2026-08-24
TEJASCARGO,SM,24-Aug-2026,402.0,398.0,398.0,398.0,398.0,400,1.59,1,400.0,100.0,2026-08-24
TEJASNET,EQ,24-Aug-2026,510.45,511.7,527.5,508.0,509.3,1111868,5750.7,28186,294788.0,26.51,2026-08-24
TEMBO,EQ,24-Aug-2026,58.3,58.35,59.6,57.1,57.7,816455,473.46,2597,400296.0,49.03,2026-08-24
TENNIND,EQ,24-Aug-2026,576.15,575.95,575.95,552.1,553.5,921321,5170.98,23746,567401.0,61.59,2026-08-24
TERAI,EQ,24-Aug-2026,128.35,128.3,128.3,128.3,128.3,2,0.0,2,2.0,100.0,2026-08-24
TERASOFT,EQ,24-Aug-2026,321.75,316.0,324.4,306.55,310.45,46419,146.37,1895,28750.0,61.94,2026-08-24
TEXINFRA,EQ,24-Aug-2026,108.03,108.0,114.5,107.04,111.27,131742,146.49,1766,50811.0,38.57,2026-08-24
TEXMOPIPES,EQ,24-Aug-2026,44.29,44.9,48.0,44.03,47.11,109082,51.01,607,83033.0,76.12,2026-08-24
TEXRAIL,EQ,24-Aug-2026,104.57,104.6,106.17,103.7,104.05,860963,899.64,8570,443276.0,51.49,2026-08-24
TFCILTD,EQ,24-Aug-2026,130.99,132.5,134.6,128.1,129.56,10999469,14355.43,35716,3734084.0,33.95,2026-08-24
TFL,EQ,24-Aug-2026,11.26,11.95,12.75,11.6,11.99,20483,2.45,113,17385.0,84.88,2026-08-24
TGBHOTELS,EQ,24-Aug-2026,9.82,9.82,10.09,9.26,9.66,33881,3.29,213,26343.0,77.75,2026-08-24
TGL,ST,24-Aug-2026,15.55,14.8,14.8,14.8,14.8,65200,9.65,114,65000.0,99.69,2026-08-24
TGVSL,EQ,24-Aug-2026,105.89,106.5,108.5,105.37,106.06,202599,216.49,1673,127361.0,62.86,2026-08-24
THACKER,BE,24-Aug-2026,1081.0,1080.0,1080.0,1080.0,1080.0,11,0.12,4,,,2026-08-24
THAKDEV,EQ,24-Aug-2026,154.88,150.0,151.98,144.01,149.98,936,1.37,47,812.0,86.75,2026-08-24
THANGAMAYL,EQ,24-Aug-2026,5487.5,5524.0,5722.5,5476.5,5493.5,163941,9114.74,21496,63734.0,38.88,2026-08-24
THEINVEST,EQ,24-Aug-2026,96.73,97.27,98.5,96.6,96.68,1937,1.88,56,1336.0,68.97,2026-08-24
THEJO,EQ,24-Aug-2026,2057.8,2057.8,2078.9,2030.0,2032.2,3030,61.85,449,2184.0,72.08,2026-08-24
THELEELA,EQ,24-Aug-2026,561.7,560.5,576.0,546.35,549.7,494235,2775.41,26483,182363.0,36.9,2026-08-24
THEMISMED,EQ,24-Aug-2026,106.14,106.21,121.9,104.72,120.81,1093612,1287.63,13036,389568.0,35.62,2026-08-24
THERMAX,EQ,24-Aug-2026,3967.8,3967.8,3999.9,3955.3,3984.2,73745,2935.56,21121,38906.0,52.76,2026-08-24
THOMASCOOK,EQ,24-Aug-2026,113.17,116.0,120.87,112.0,113.43,7861613,9045.31,49155,1886531.0,24.0,2026-08-24
THOMASCOTT,EQ,24-Aug-2026,286.35,291.0,291.75,279.0,283.6,20621,58.42,1049,11549.0,56.01,2026-08-24
THYROCARE,EQ,24-Aug-2026,565.55,565.95,587.0,565.95,584.0,384945,2236.33,18126,193004.0,50.14,2026-08-24
TI,EQ,24-Aug-2026,575.65,576.0,588.7,570.55,578.6,825866,4799.6,32907,398370.0,48.24,2026-08-24
TICL,BE,24-Aug-2026,9.51,9.59,9.84,9.12,9.51,37659,3.57,78,,,2026-08-24
TIGERLOGS,EQ,24-Aug-2026,30.31,30.45,30.51,28.38,29.5,290578,85.72,1275,159218.0,54.79,2026-08-24
TIIL,EQ,24-Aug-2026,3318.8,3388.0,3460.0,3303.3,3441.3,66481,2242.52,10409,33054.0,49.72,2026-08-24
TIINDIA,EQ,24-Aug-2026,2885.8,2875.8,2895.7,2845.8,2880.0,130227,3739.51,14402,51102.0,39.24,2026-08-24
TIJARIA,EQ,24-Aug-2026,5.92,5.92,6.13,5.77,5.87,79745,4.7,288,58084.0,72.84,2026-08-24
TIL,BE,24-Aug-2026,243.15,255.3,255.3,246.3,247.85,303211,767.3,1044,,,2026-08-24
TIMESCAN,SM,24-Aug-2026,39.6,38.25,39.2,38.25,39.2,4000,1.55,2,2000.0,50.0,2026-08-24
TIMETECHNO,EQ,24-Aug-2026,187.48,188.4,190.35,184.5,185.05,2001067,3758.38,22243,712064.0,35.58,2026-08-24
TIMEX,EQ,24-Aug-2026,599.95,603.95,607.0,584.1,595.25,236791,1409.44,13010,82868.0,35.0,2026-08-24
TIMKEN,EQ,24-Aug-2026,3134.1,3152.0,3154.7,3070.1,3080.7,33956,1051.84,7860,20018.0,58.95,2026-08-24
TINNARUBR,EQ,24-Aug-2026,1034.9,1028.8,1048.0,1018.9,1027.6,29181,301.7,3188,13784.0,47.24,2026-08-24
TIPSFILMS,EQ,24-Aug-2026,352.25,358.9,359.5,342.1,346.2,5345,18.62,743,1617.0,30.25,2026-08-24
TIPSMUSIC,EQ,24-Aug-2026,650.95,655.0,655.0,641.5,643.75,156329,1011.02,8938,89391.0,57.18,2026-08-24
TIRUMALCHM,EQ,24-Aug-2026,154.09,154.33,164.5,154.15,161.37,942935,1522.02,15473,361541.0,38.34,2026-08-24
TIRUPATI,SM,24-Aug-2026,332.0,325.0,325.0,325.0,325.0,125,0.41,1,125.0,100.0,2026-08-24
TIRUPATIFL,BE,24-Aug-2026,69.62,69.5,72.9,66.6,70.73,315766,223.24,1305,,,2026-08-24
TITAGARH,EQ,24-Aug-2026,843.55,843.55,865.0,838.0,841.45,539796,4616.91,25384,214099.0,39.66,2026-08-24
TITAN,EQ,24-Aug-2026,5086.1,5086.8,5093.4,5050.0,5079.0,256376,12985.34,29745,127556.0,49.75,2026-08-24
TMB,EQ,24-Aug-2026,878.55,878.95,883.75,870.4,875.1,122995,1077.54,12828,69360.0,56.39,2026-08-24
TMCV,EQ,24-Aug-2026,472.55,471.05,478.1,468.1,475.05,5350439,25288.64,93317,2650979.0,49.55,2026-08-24
TMPV,EQ,24-Aug-2026,317.9,318.8,319.65,312.6,314.4,8545165,26964.41,103332,4705988.0,55.07,2026-08-24
TNIDETF,EQ,24-Aug-2026,90.8,88.53,91.65,88.53,90.62,108473,98.62,547,75261.0,69.38,2026-08-24
TNPETRO,EQ,24-Aug-2026,115.21,116.0,118.0,114.5,116.34,440495,511.04,5185,218022.0,49.49,2026-08-24
TNPL,EQ,24-Aug-2026,141.11,141.13,142.9,139.5,142.09,183439,258.5,2400,102815.0,56.05,2026-08-24
TNTELE,EQ,24-Aug-2026,8.95,8.95,9.1,8.95,9.06,13057,1.18,72,9871.0,75.6,2026-08-24
TOKYOPLAST,EQ,24-Aug-2026,75.88,78.66,79.45,77.41,78.1,5082,4.0,100,4052.0,79.73,2026-08-24
TOLINS,EQ,24-Aug-2026,96.08,96.2,98.0,95.51,96.55,58478,56.4,1186,19339.0,33.07,2026-08-24
TOP100CASE,EQ,24-Aug-2026,10.66,10.81,10.81,10.63,10.66,609014,64.99,1208,419848.0,68.94,2026-08-24
TOP10ADD,EQ,24-Aug-2026,87.92,88.45,88.47,87.7,87.79,27789,24.41,303,21693.0,78.06,2026-08-24
TOP15IETF,EQ,24-Aug-2026,9.97,9.94,10.01,9.9,9.92,91410,9.08,256,52912.0,57.88,2026-08-24
TOP20,EQ,24-Aug-2026,9.0,9.02,9.03,8.97,8.97,28139,2.53,161,23631.0,83.98,2026-08-24
TORNTPHARM,EQ,24-Aug-2026,4896.5,4896.5,4920.0,4855.0,4886.5,151552,7407.69,21323,87712.0,57.88,2026-08-24
TORNTPOWER,EQ,24-Aug-2026,1247.7,1252.0,1257.9,1233.0,1246.3,442091,5501.58,35449,270407.0,61.17,2026-08-24
TOTAL,EQ,24-Aug-2026,72.77,73.7,76.49,72.03,72.94,37506,27.78,461,26480.0,70.6,2026-08-24
TOUCHWOOD,EQ,24-Aug-2026,62.92,62.92,63.9,61.66,63.0,1584,1.0,37,1453.0,91.73,2026-08-24
TOYAMSL,EQ,24-Aug-2026,0.65,0.66,0.66,0.63,0.64,523847,3.38,249,354539.0,67.68,2026-08-24
TPHQ,BE,24-Aug-2026,0.62,0.62,0.62,0.59,0.59,845203,5.0,440,,,2026-08-24
TPLPLASTEH,EQ,24-Aug-2026,82.6,84.5,84.5,79.0,79.68,192906,156.56,2235,68939.0,35.74,2026-08-24
TRACXN,EQ,24-Aug-2026,28.05,28.1,29.84,27.82,29.57,187531,53.84,1544,129905.0,69.27,2026-08-24
TRANSCOR,EQ,24-Aug-2026,24.5,24.49,24.99,21.0,23.4,4947,1.12,75,3841.0,77.64,2026-08-24
TRANSPEK,BE,24-Aug-2026,1306.7,1370.0,1372.0,1346.0,1372.0,16774,229.97,675,,,2026-08-24
TRANSRAILL,EQ,24-Aug-2026,460.0,460.85,478.8,460.0,472.35,606597,2860.78,22818,292282.0,48.18,2026-08-24
TRANSTEEL,SM,24-Aug-2026,92.5,94.05,94.05,87.0,88.8,66000,59.72,50,56000.0,84.85,2026-08-24
TRANSWIND,SM,24-Aug-2026,11.9,11.9,11.9,11.35,11.35,20000,2.29,5,20000.0,100.0,2026-08-24
TRANSWORLD,BE,24-Aug-2026,181.87,190.96,190.96,186.01,190.96,38087,72.65,220,,,2026-08-24
TRAVELFOOD,EQ,24-Aug-2026,1307.2,1307.2,1336.0,1298.1,1306.8,34387,452.65,4691,15716.0,45.7,2026-08-24
TREEHOUSE,EQ,24-Aug-2026,6.17,6.17,6.99,5.67,6.24,71999,4.46,205,39641.0,55.06,2026-08-24
TREJHARA,EQ,24-Aug-2026,156.45,156.45,162.9,154.82,156.21,54926,86.74,1244,33914.0,61.74,2026-08-24
TREL,EQ,24-Aug-2026,27.05,27.05,27.95,26.3,27.02,150732,40.58,1352,91981.0,61.02,2026-08-24
TRENT,EQ,24-Aug-2026,2924.0,2924.0,2938.6,2892.2,2905.0,514000,14959.06,47950,265745.0,51.7,2026-08-24
TRF,EQ,24-Aug-2026,230.41,230.41,230.96,226.81,229.99,11985,27.49,346,7558.0,63.06,2026-08-24
TRIDENT,EQ,24-Aug-2026,24.39,24.42,24.87,24.36,24.43,3150635,774.26,11503,1220482.0,38.74,2026-08-24
TRIDHYA,ST,24-Aug-2026,8.2,8.2,8.6,8.2,8.6,6000,0.5,2,3000.0,50.0,2026-08-24
TRIGYN,EQ,24-Aug-2026,54.39,53.5,55.0,52.5,52.71,33726,17.87,657,26996.0,80.05,2026-08-24
TRITONV,EQ,24-Aug-2026,1153.7,1162.5,1212.0,1145.0,1147.1,9945,116.01,577,8040.0,80.84,2026-08-24
TRITURBINE,EQ,24-Aug-2026,574.85,572.55,588.8,572.05,576.8,372111,2165.3,44563,176441.0,47.42,2026-08-24
TRIVENI,EQ,24-Aug-2026,295.28,298.2,305.69,293.15,297.18,1993304,6005.07,34147,673695.0,33.8,2026-08-24
TROM,SM,24-Aug-2026,61.25,60.5,60.5,58.5,58.5,3000,1.78,5,3000.0,100.0,2026-08-24
TRU,EQ,24-Aug-2026,4.17,4.23,4.37,4.06,4.14,185499,7.84,570,122699.0,66.15,2026-08-24
TRUALT,EQ,24-Aug-2026,446.15,449.5,454.9,440.0,441.85,219809,981.34,5581,101514.0,46.18,2026-08-24
TRUST,SM,24-Aug-2026,24.95,26.05,26.05,23.8,25.0,27600,6.73,41,21600.0,78.26,2026-08-24
TSC,ST,24-Aug-2026,47.6,45.3,46.15,45.25,45.25,16000,7.26,8,16000.0,100.0,2026-08-24
TSFINV,EQ,24-Aug-2026,417.15,417.15,421.0,412.05,413.0,46289,192.12,1743,28740.0,62.09,2026-08-24
TTKHLTCARE,EQ,24-Aug-2026,1102.5,1111.3,1145.1,1092.0,1112.6,24033,268.95,2716,13035.0,54.24,2026-08-24
TTKPRESTIG,EQ,24-Aug-2026,591.65,591.65,594.75,581.5,587.9,61978,363.08,4321,30219.0,48.76,2026-08-24
TTL,EQ,24-Aug-2026,6.25,6.38,6.6,6.19,6.3,1168449,73.46,448,1048170.0,89.71,2026-08-24
TTML,EQ,24-Aug-2026,37.78,37.96,38.36,37.25,37.37,1045035,394.57,6456,427208.0,40.88,2026-08-24
TUNWAL,SM,24-Aug-2026,26.15,26.4,26.45,25.9,26.1,44000,11.56,13,28000.0,63.64,2026-08-24
TURTLEMINT,EQ,24-Aug-2026,149.34,149.34,154.25,145.0,147.89,1187018,1779.72,15718,310457.0,26.15,2026-08-24
TUTIALKA,EQ,24-Aug-2026,55.09,55.09,55.09,52.85,53.02,20625,11.03,185,18447.0,89.44,2026-08-24
TVSELECT,EQ,24-Aug-2026,441.6,440.0,448.0,431.7,439.1,26614,117.25,1600,11147.0,41.88,2026-08-24
TVSHLTD,EQ,24-Aug-2026,13899.0,13851.0,13959.0,13682.0,13707.0,3674,506.53,1012,2382.0,64.83,2026-08-24
TVSMOTOR,EQ,24-Aug-2026,4390.0,4375.0,4406.0,4326.4,4363.5,531315,23225.78,42996,307141.0,57.81,2026-08-24
TVSSCS,EQ,24-Aug-2026,121.44,121.85,141.0,120.9,132.99,40350034,54625.61,249603,2140215.0,5.3,2026-08-24
TVSSRICHAK,EQ,24-Aug-2026,4879.1,4920.1,5010.0,4883.0,4907.9,20489,1012.0,3863,9245.0,45.12,2026-08-24
TVTODAY,EQ,24-Aug-2026,115.43,115.0,118.94,109.82,113.47,78233,88.33,1537,41561.0,53.12,2026-08-24
TVVISION,BE,24-Aug-2026,3.57,3.57,3.69,3.4,3.4,122992,4.24,152,,,2026-08-24
TWCGOLDETF,EQ,24-Aug-2026,158.24,159.03,160.66,158.3,160.18,12546,20.11,440,10047.0,80.08,2026-08-24
UBL,EQ,24-Aug-2026,1348.9,1347.0,1359.2,1340.0,1346.7,54973,741.07,6149,24172.0,43.97,2026-08-24
UCAL,BE,24-Aug-2026,143.33,143.33,144.8,138.52,141.13,19053,26.85,164,,,2026-08-24
UCL,ST,24-Aug-2026,260.0,254.8,254.8,254.8,254.8,2000,5.1,1,2000.0,100.0,2026-08-24
UCOBANK,EQ,24-Aug-2026,25.72,25.9,26.06,25.71,25.89,4403702,1140.98,13270,2202859.0,50.02,2026-08-24
UDAYJEW,EQ,24-Aug-2026,141.4,142.98,143.0,138.6,140.81,2962,4.22,48,2868.0,96.83,2026-08-24
UDS,EQ,24-Aug-2026,215.67,215.67,222.79,214.72,221.1,435442,959.19,7771,230120.0,52.85,2026-08-24
UEL,EQ,24-Aug-2026,181.23,177.02,179.17,172.17,172.17,22333,38.89,542,16718.0,74.86,2026-08-24
UFBL,BE,24-Aug-2026,822.6,840.0,850.0,785.55,837.95,65277,539.77,2515,,,2026-08-24
UFLEX,EQ,24-Aug-2026,614.6,627.0,633.0,612.9,619.2,206263,1281.23,6541,82799.0,40.14,2026-08-24
UFO,EQ,24-Aug-2026,64.9,65.0,68.23,64.51,65.69,59043,39.03,650,29441.0,49.86,2026-08-24
UGARSUGAR,EQ,24-Aug-2026,56.5,57.45,62.1,55.56,58.01,2283438,1368.1,16840,923450.0,40.44,2026-08-24
UGROCAP,EQ,24-Aug-2026,88.74,89.0,91.85,87.7,88.23,326321,289.93,3736,206969.0,63.42,2026-08-24
UHTL,ST,24-Aug-2026,130.1,132.7,132.7,132.7,132.7,98000,130.05,24,98000.0,100.0,2026-08-24
UJJIVANSFB,EQ,24-Aug-2026,72.07,72.07,72.38,70.05,70.29,16995792,12007.55,49551,9216144.0,54.23,2026-08-24
ULTRACEMCO,EQ,24-Aug-2026,11570.0,11566.0,11606.0,11484.0,11504.0,297744,34372.28,36739,187922.0,63.12,2026-08-24
ULTRAMAR,EQ,24-Aug-2026,419.4,419.8,426.1,410.5,413.0,32221,134.73,2464,19939.0,61.88,2026-08-24
UMA,SM,24-Aug-2026,14.6,15.0,16.45,15.0,16.45,20000,3.13,5,20000.0,100.0,2026-08-24
UMAEXPORTS,BE,24-Aug-2026,23.39,23.0,24.55,23.0,24.35,62943,15.1,156,,,2026-08-24
UMESLTD,EQ,24-Aug-2026,5.46,5.36,6.0,5.07,5.85,88886,5.14,264,69786.0,78.51,2026-08-24
UMIYA-MRO,EQ,24-Aug-2026,90.27,89.3,90.8,89.0,89.08,5042,4.53,90,3498.0,69.38,2026-08-24
UNICHEMLAB,EQ,24-Aug-2026,526.15,521.6,531.4,508.5,509.8,44041,227.07,2809,23420.0,53.18,2026-08-24
UNIDT,BE,24-Aug-2026,226.21,231.9,231.9,217.0,219.78,22370,50.28,124,,,2026-08-24
UNIECOM,EQ,24-Aug-2026,87.47,87.5,88.95,85.13,86.03,198518,173.19,2641,105605.0,53.2,2026-08-24
UNIENTER,EQ,24-Aug-2026,94.46,94.99,97.75,94.99,94.99,3133,3.0,86,2072.0,66.13,2026-08-24
UNIHEALTH,SM,24-Aug-2026,751.1,751.1,751.1,719.95,739.1,9000,66.37,18,6000.0,66.67,2026-08-24
UNIINFO,EQ,24-Aug-2026,11.37,11.25,11.66,11.25,11.31,5869,0.68,32,4531.0,77.2,2026-08-24
UNILEX,SM,24-Aug-2026,27.55,27.0,27.0,25.65,25.65,4800,1.25,2,4800.0,100.0,2026-08-24
UNIMECH,EQ,24-Aug-2026,1491.4,1491.4,1525.0,1484.2,1499.4,203429,3074.41,14628,89896.0,44.19,2026-08-24
UNIONBANK,EQ,24-Aug-2026,183.45,183.45,184.7,182.02,183.6,4499886,8228.36,29140,2121696.0,47.15,2026-08-24
UNIONGOLD,EQ,24-Aug-2026,155.2,155.25,158.95,155.25,157.75,14618,22.98,186,8258.0,56.49,2026-08-24
UNIPARTS,EQ,24-Aug-2026,815.3,819.4,828.4,803.0,808.2,63066,514.86,6140,31976.0,50.7,2026-08-24
UNITDSPR,EQ,24-Aug-2026,1556.0,1556.7,1557.5,1540.1,1555.0,399707,6188.22,19984,214164.0,53.58,2026-08-24
UNITECH,EQ,24-Aug-2026,4.03,4.04,4.04,3.94,3.94,2364775,93.94,2819,1800487.0,76.14,2026-08-24
UNITEDPOLY,EQ,24-Aug-2026,36.72,37.5,39.59,37.5,38.39,230240,88.78,2064,123617.0,53.69,2026-08-24
UNITEDTEA,EQ,24-Aug-2026,453.95,453.0,462.6,449.0,450.5,9373,42.43,161,9076.0,96.83,2026-08-24
UNIVAFOODS,BE,24-Aug-2026,9.03,8.59,9.03,8.59,9.03,5955,0.54,7,,,2026-08-24
UNIVASTU,BE,24-Aug-2026,171.55,178.98,178.98,162.98,164.47,80468,135.75,757,,,2026-08-24
UNIVCABLES,EQ,24-Aug-2026,1592.5,1641.8,1704.8,1602.5,1631.7,187856,3132.13,18862,63128.0,33.6,2026-08-24
UNIVPHOTO,BE,24-Aug-2026,450.05,460.0,460.0,442.15,449.1,91,0.42,15,,,2026-08-24
UNOMINDA,EQ,24-Aug-2026,1265.0,1261.6,1261.6,1245.1,1251.3,1161278,14517.81,38609,892617.0,76.87,2026-08-24
UPL,EQ,24-Aug-2026,569.0,570.9,573.8,563.8,571.9,1480656,8397.88,24744,708393.0,47.84,2026-08-24
URAVIDEF,BE,24-Aug-2026,108.99,111.0,111.0,106.15,107.16,611,0.66,57,,,2026-08-24
URBAN,SM,24-Aug-2026,144.3,147.8,148.0,145.0,145.0,7200,10.53,9,4800.0,66.67,2026-08-24
URBANCO,EQ,24-Aug-2026,158.6,159.0,172.33,157.55,168.84,64718783,108812.1,365764,10388382.0,16.05,2026-08-24
URJA,EQ,24-Aug-2026,9.35,9.0,9.45,9.0,9.24,780014,72.35,3904,443404.0,56.85,2026-08-24
USASEEDS,SM,24-Aug-2026,94.9,90.2,99.4,90.2,96.9,2140,2.0,5,1284.0,60.0,2026-08-24
USHAFIN,SM,24-Aug-2026,45.0,45.85,46.4,44.0,45.7,57600,26.42,24,56000.0,97.22,2026-08-24
USHAMART,EQ,24-Aug-2026,481.3,481.3,491.5,479.0,490.6,298719,1455.97,14686,164279.0,54.99,2026-08-24
USK,EQ,24-Aug-2026,21.12,21.4,21.4,21.0,21.11,21209,4.47,163,18314.0,86.35,2026-08-24
UTIAMC,EQ,24-Aug-2026,893.05,897.45,898.8,883.25,886.45,43957,391.45,3920,29335.0,66.74,2026-08-24
UTKAL,SM,24-Aug-2026,52.55,49.95,50.55,49.95,49.95,10000,5.01,5,8000.0,80.0,2026-08-24
UTKARSHBNK,EQ,24-Aug-2026,14.43,14.48,15.03,14.28,14.69,11702137,1729.52,13323,5442264.0,46.51,2026-08-24
UTLSOLAR,EQ,24-Aug-2026,477.4,476.0,480.0,457.0,459.85,350481,1633.29,12226,170399.0,48.62,2026-08-24
UTSSAV,ST,24-Aug-2026,482.25,484.0,484.0,474.25,475.0,5400,25.91,9,5400.0,100.0,2026-08-24
UTTAMSUGAR,EQ,24-Aug-2026,323.3,328.2,359.3,326.01,334.05,1953567,6773.62,42160,336048.0,17.2,2026-08-24
UYFINCORP,BE,24-Aug-2026,20.14,20.14,20.9,20.0,20.09,36796,7.5,179,,,2026-08-24
V2RETAIL,EQ,24-Aug-2026,219.73,219.73,222.24,217.5,218.22,700897,1538.84,17072,363993.0,51.93,2026-08-24
VADILALIND,EQ,24-Aug-2026,7417.5,7417.5,7505.0,7362.5,7425.5,16845,1253.28,4361,7472.0,44.36,2026-08-24
VADILENT,EQ,24-Aug-2026,9700.0,9700.0,9700.0,9700.0,9700.0,3,0.29,2,3.0,100.0,2026-08-24
VAIBHAVGBL,EQ,24-Aug-2026,226.05,226.05,226.9,217.65,219.5,392290,867.76,8208,214534.0,54.69,2026-08-24
VAISHALI,EQ,24-Aug-2026,7.99,8.32,8.35,7.75,8.12,100818,8.12,281,56458.0,56.0,2026-08-24
VAKRANGEE,EQ,24-Aug-2026,5.87,5.82,6.05,5.82,5.91,855095,50.86,2063,553717.0,64.76,2026-08-24
VAL30IETF,EQ,24-Aug-2026,15.23,15.2,15.32,15.17,15.19,128822,19.59,740,90901.0,70.56,2026-08-24
VALIANTLAB,EQ,24-Aug-2026,95.74,97.9,100.52,97.21,100.52,174713,175.02,497,113598.0,65.02,2026-08-24
VALIANTORG,BE,24-Aug-2026,302.7,302.1,314.95,290.0,292.9,49708,149.34,488,,,2026-08-24
VALUE,EQ,24-Aug-2026,16.13,16.23,16.26,16.11,16.14,52323,8.45,135,45846.0,87.62,2026-08-24
VALUE360,SM,24-Aug-2026,75.55,75.9,75.9,75.0,75.0,3600,2.71,2,3600.0,100.0,2026-08-24
VALUEAXIS,EQ,24-Aug-2026,32.75,33.56,33.56,32.72,32.8,173666,57.21,576,89420.0,51.49,2026-08-24
VAML,EQ,24-Aug-2026,440.3,444.2,450.35,443.2,449.35,5100077,22842.21,83537,2791268.0,54.73,2026-08-24
VARDHACRLC,BE,24-Aug-2026,44.87,44.4,45.0,43.66,43.92,25783,11.44,180,,,2026-08-24
VARDMNPOLY,EQ,24-Aug-2026,6.1,6.16,6.24,5.75,6.0,617657,36.47,862,344276.0,55.74,2026-08-24
VARROC,EQ,24-Aug-2026,814.95,814.95,845.0,806.8,812.4,246877,2034.64,11365,88515.0,35.85,2026-08-24
VASCONEQ,EQ,24-Aug-2026,31.84,32.0,32.51,31.05,31.25,262938,82.85,1392,167026.0,63.52,2026-08-24
VASWANI,EQ,24-Aug-2026,46.55,45.82,46.69,45.8,45.89,8666,4.0,149,6382.0,73.64,2026-08-24
VBL,EQ,24-Aug-2026,430.1,431.5,434.5,424.15,428.0,3722942,15859.7,49479,1876761.0,50.41,2026-08-24
VCL,BE,24-Aug-2026,2.13,2.23,2.23,2.23,2.23,583593,13.01,125,,,2026-08-24
VDEAL,SM,24-Aug-2026,155.6,155.6,158.25,154.15,154.45,4800,7.47,8,3600.0,75.0,2026-08-24
VEDAVAAG,EQ,24-Aug-2026,18.42,18.97,18.97,18.42,18.47,9750,1.81,83,9643.0,98.9,2026-08-24
VEDL,EQ,24-Aug-2026,279.0,280.05,281.45,272.4,277.0,18926670,52280.42,117693,6741171.0,35.62,2026-08-24
VEDPOWER,EQ,24-Aug-2026,36.3,36.5,37.3,36.14,36.3,20320133,7465.05,52189,10161370.0,50.01,2026-08-24
VEEDOL,EQ,24-Aug-2026,1502.5,1502.5,1509.0,1472.5,1476.7,7310,108.85,1048,4261.0,58.29,2026-08-24
VEEKAYEM,SM,24-Aug-2026,102.9,97.8,106.65,97.8,99.6,16500,16.54,27,9500.0,57.58,2026-08-24
VELJAN,BE,24-Aug-2026,1785.2,1840.0,1842.0,1800.0,1825.0,373,6.75,36,,,2026-08-24
VENKEYS,EQ,24-Aug-2026,1507.4,1515.5,1604.2,1511.2,1568.5,98002,1539.25,7848,48508.0,49.5,2026-08-24
VENTIVE,EQ,24-Aug-2026,564.15,573.05,594.0,572.85,585.7,43291,253.17,1885,22609.0,52.23,2026-08-24
VENUSPIPES,EQ,24-Aug-2026,1556.6,1556.6,1567.0,1538.0,1550.3,98115,1518.36,6756,73184.0,74.59,2026-08-24
VENUSREM,BE,24-Aug-2026,1738.1,1738.1,1740.0,1675.0,1686.9,28569,484.59,1393,,,2026-08-24
VERANDA,EQ,24-Aug-2026,259.25,256.25,258.6,245.05,250.15,808626,2027.55,10267,365738.0,45.23,2026-08-24
VERTIS,IV,24-Aug-2026,117.0,116.0,116.0,116.0,116.0,200000,232.0,8,200000.0,100.0,2026-08-24
VERTOZ,BE,24-Aug-2026,36.58,37.31,38.4,37.0,38.4,50901,19.4,218,,,2026-08-24
VESUVIUS,EQ,24-Aug-2026,439.4,439.4,443.75,430.1,432.65,98707,432.76,3453,58902.0,59.67,2026-08-24
VETO,BE,24-Aug-2026,127.25,129.0,131.8,127.0,130.45,79876,102.84,284,,,2026-08-24
VGCL,EQ,24-Aug-2026,59.96,59.96,62.95,56.97,56.97,21926,12.97,129,20417.0,93.12,2026-08-24
VGINFOTECH,SM,24-Aug-2026,151.0,150.5,152.0,149.35,149.35,36000,54.23,32,32000.0,88.89,2026-08-24
VGL,EQ,24-Aug-2026,56.05,56.33,56.6,52.36,54.59,40378,22.18,580,26186.0,64.85,2026-08-24
VGUARD,EQ,24-Aug-2026,332.0,333.0,333.75,329.65,331.55,330799,1097.55,6634,175674.0,53.11,2026-08-24
VHL,EQ,24-Aug-2026,3453.8,3453.8,3524.8,3400.0,3414.2,1200,41.11,208,798.0,66.5,2026-08-24
VHLTD,BE,24-Aug-2026,119.76,119.99,119.99,116.42,117.13,6354,7.51,83,,,2026-08-24
VIAZ,SM,24-Aug-2026,70.0,73.5,73.5,73.25,73.25,10000,7.33,5,10000.0,100.0,2026-08-24
VICTORYEV,ST,24-Aug-2026,16.4,16.3,16.4,16.0,16.0,12000,1.95,4,12000.0,100.0,2026-08-24
VIDHIING,EQ,24-Aug-2026,328.55,331.0,357.9,328.5,345.5,130366,446.76,4113,70196.0,53.85,2026-08-24
VIDYAWIRES,EQ,24-Aug-2026,86.27,86.8,87.74,85.4,86.5,787540,681.84,6203,341741.0,43.39,2026-08-24
VIESL,SM,24-Aug-2026,319.95,322.0,324.0,318.05,319.0,26400,84.73,27,20800.0,78.79,2026-08-24
VIGOR,ST,24-Aug-2026,94.25,98.95,98.95,98.95,98.95,16000,15.83,10,16000.0,100.0,2026-08-24
VIJAYA,EQ,24-Aug-2026,1504.4,1508.0,1508.0,1476.0,1482.4,136075,2022.64,8911,89035.0,65.43,2026-08-24
VIJAYPD,SM,24-Aug-2026,56.4,57.25,59.8,56.0,57.45,14000,8.09,7,10000.0,71.43,2026-08-24
VIJIFIN,BE,24-Aug-2026,13.65,13.92,13.92,13.92,13.92,135056,18.8,48,,,2026-08-24
VIJSOLX,EQ,24-Aug-2026,693.45,705.8,710.0,683.55,704.95,166,1.17,14,161.0,96.99,2026-08-24
VIKASECO,EQ,24-Aug-2026,1.08,1.08,1.09,1.06,1.06,2943614,31.66,1396,1974424.0,67.07,2026-08-24
VIKASLIFE,EQ,24-Aug-2026,1.19,1.19,1.23,1.19,1.21,2516988,30.36,7681,1456993.0,57.89,2026-08-24
VIKRAMSOLR,EQ,24-Aug-2026,173.23,174.99,176.0,171.27,172.02,2190770,3790.98,20483,617146.0,28.17,2026-08-24
VIKRAN,EQ,24-Aug-2026,63.04,63.04,63.54,61.1,61.32,944642,587.22,5745,479097.0,50.72,2026-08-24
VILAS,SM,24-Aug-2026,345.15,345.0,357.0,345.0,351.55,54250,191.16,133,39750.0,73.27,2026-08-24
VILINBIO,SM,24-Aug-2026,41.1,43.0,43.15,43.0,43.15,44000,18.96,10,44000.0,100.0,2026-08-24
VIMTALABS,EQ,24-Aug-2026,629.65,629.65,634.7,613.05,615.85,119069,739.29,5147,58594.0,49.21,2026-08-24
VINATIORGA,EQ,24-Aug-2026,1329.4,1317.5,1349.8,1317.5,1329.6,33062,440.87,3054,17020.0,51.48,2026-08-24
VINCOFE,EQ,24-Aug-2026,161.55,162.19,162.84,157.11,158.98,1856103,2956.21,13900,795326.0,42.85,2026-08-24
VINDHYATEL,EQ,24-Aug-2026,2453.9,2490.0,2598.0,2368.5,2388.4,146265,3637.66,15904,45963.0,31.42,2026-08-24
VINEETLAB,EQ,24-Aug-2026,37.81,37.81,39.2,36.57,37.37,62662,23.42,294,45213.0,72.15,2026-08-24
VINNY,EQ,24-Aug-2026,1.06,1.06,1.08,1.05,1.07,407878,4.34,186,303156.0,74.33,2026-08-24
VINSYS,ST,24-Aug-2026,590.0,590.0,600.0,583.0,600.0,6250,37.1,21,6250.0,100.0,2026-08-24
VINYAS,SM,24-Aug-2026,1611.8,1650.0,1650.0,1580.0,1603.15,16700,267.26,106,14300.0,85.63,2026-08-24
VINYLINDIA,EQ,24-Aug-2026,235.19,236.38,241.9,234.14,238.82,10326,24.68,358,4557.0,44.13,2026-08-24
VIPCLOTHNG,EQ,24-Aug-2026,20.44,20.98,20.98,20.15,20.77,20633,4.25,233,15688.0,76.03,2026-08-24
VIPIND,EQ,24-Aug-2026,308.35,307.0,310.35,299.65,302.05,775533,2358.98,7659,630318.0,81.28,2026-08-24
VIPULLTD,BE,24-Aug-2026,15.76,16.07,16.07,16.07,16.07,57329,9.21,88,,,2026-08-24
VIRAT,EQ,24-Aug-2026,401.7,465.0,482.0,452.8,482.0,125540,597.37,2990,44695.0,35.6,2026-08-24
VIRINCHI,EQ,24-Aug-2026,15.55,15.28,15.55,15.0,15.14,116768,17.76,294,99660.0,85.35,2026-08-24
VIRTUALG,EQ,24-Aug-2026,0.55,0.57,0.6,0.55,0.55,1179952,6.71,490,1020260.0,86.47,2026-08-24
VISACHROME,EQ,24-Aug-2026,36.99,37.5,37.9,35.53,36.81,38511,14.31,131,34452.0,89.46,2026-08-24
VISAKAIND,EQ,24-Aug-2026,94.43,94.4,95.44,92.25,92.51,187690,175.84,2245,116447.0,62.04,2026-08-24
VISAMAN,SM,24-Aug-2026,102.25,97.15,97.15,97.15,97.15,1000,0.97,1,1000.0,100.0,2026-08-24
VISDEM,SM,24-Aug-2026,83.25,77.3,81.3,77.3,79.6,4800,3.83,4,2400.0,50.0,2026-08-24
VISHAL,EQ,24-Aug-2026,18.68,18.49,19.59,18.49,18.79,62921,11.96,401,49075.0,77.99,2026-08-24
VISHNU,EQ,24-Aug-2026,629.25,627.1,651.0,627.1,637.7,111805,715.82,5379,52371.0,46.84,2026-08-24
VISHNUINFR,SM,24-Aug-2026,152.55,150.1,159.5,150.1,159.4,19000,29.74,21,18000.0,94.74,2026-08-24
VISHWARAJ,EQ,24-Aug-2026,5.69,5.73,6.82,5.71,6.79,9320681,617.9,8390,5259382.0,56.43,2026-08-24
VISHWAS,ST,24-Aug-2026,40.05,38.2,39.0,38.15,39.0,6400,2.47,4,6400.0,100.0,2026-08-24
VISL,EQ,24-Aug-2026,36.74,37.14,37.69,36.85,37.07,18191272,6769.39,33976,9245372.0,50.82,2026-08-24
VITAL,BE,24-Aug-2026,51.22,53.4,53.78,49.15,53.78,11877,6.35,28,,,2026-08-24
VIVIANA,BE,24-Aug-2026,692.4,709.8,727.0,690.0,727.0,37462,266.5,473,,,2026-08-24
VIVIDEL,SM,24-Aug-2026,1559.6,1580.0,1605.0,1550.05,1574.0,14160,224.14,52,10560.0,74.58,2026-08-24
VIVIDHA,EQ,24-Aug-2026,0.54,0.55,0.55,0.52,0.53,136039,0.72,159,121865.0,89.58,2026-08-24
VIVIMEDLAB,BE,24-Aug-2026,6.24,6.55,6.55,6.55,6.55,108337,7.1,101,,,2026-08-24
VIVO,ST,24-Aug-2026,157.0,163.9,164.0,160.0,160.0,4800,7.81,3,4800.0,100.0,2026-08-24
VIVOBIOT,EQ,24-Aug-2026,18.73,19.06,19.11,18.35,18.87,26198,4.92,139,21853.0,83.41,2026-08-24
VIYASH,EQ,24-Aug-2026,275.95,276.25,277.1,268.1,273.2,7608154,20651.12,430681,3219287.0,42.31,2026-08-24
VLEGOV,BE,24-Aug-2026,9.72,9.75,10.2,9.75,10.2,60375,6.14,84,,,2026-08-24
VLINFRA,SM,24-Aug-2026,26.1,26.35,26.65,25.3,26.5,15000,3.92,9,12000.0,80.0,2026-08-24
VLSFINANCE,EQ,24-Aug-2026,248.95,250.9,251.0,242.95,248.2,40034,98.95,1262,11936.0,29.81,2026-08-24
VMARCIND,SM,24-Aug-2026,393.15,397.0,406.0,394.0,396.85,180000,718.25,117,118500.0,65.83,2026-08-24
VMART,EQ,24-Aug-2026,838.85,845.0,868.9,830.0,856.55,245881,2100.44,17169,71577.0,29.11,2026-08-24
VMM,EQ,24-Aug-2026,103.43,109.2,115.4,109.0,113.5,154604116,174551.11,368419,40151527.0,25.97,2026-08-24
VMOBILE,SM,24-Aug-2026,65.8,68.15,68.7,65.6,65.75,8800,5.93,11,8000.0,90.91,2026-08-24
VMSTMT,EQ,24-Aug-2026,47.9,47.95,48.85,46.7,47.19,88760,42.03,407,23156.0,26.09,2026-08-24
VOEPL,EQ,24-Aug-2026,488.05,499.9,507.0,481.05,498.2,60205,298.6,2008,30215.0,50.19,2026-08-24
VOGL,EQ,24-Aug-2026,38.39,38.89,40.74,38.55,39.69,81012339,32303.94,106074,26206721.0,32.35,2026-08-24
VOITHPAPR,EQ,24-Aug-2026,1469.5,1480.0,1500.0,1480.0,1500.0,52,0.78,11,52.0,100.0,2026-08-24
VOLTAMP,EQ,24-Aug-2026,10869.5,11000.0,11699.0,10987.0,11292.0,130616,14865.46,38253,50133.0,38.38,2026-08-24
VOLTAS,EQ,24-Aug-2026,1235.0,1235.9,1242.0,1220.5,1242.0,744052,9176.79,22701,364134.0,48.94,2026-08-24
VPRPL,EQ,24-Aug-2026,32.71,32.95,34.8,32.95,33.56,304062,103.0,1526,151332.0,49.77,2026-08-24
VR,SM,24-Aug-2026,136.6,130.0,130.0,130.0,130.0,800,1.04,2,800.0,100.0,2026-08-24
VRAJ,EQ,24-Aug-2026,121.36,121.55,122.98,120.3,121.47,13548,16.46,507,10407.0,76.82,2026-08-24
VRLLOG,EQ,24-Aug-2026,288.75,288.95,291.9,286.2,288.45,94325,272.17,4028,54014.0,57.26,2026-08-24
VSCL,SM,24-Aug-2026,21.65,22.7,22.7,21.0,22.7,12000,2.63,4,6000.0,50.0,2026-08-24
VSSL,EQ,24-Aug-2026,348.7,348.7,358.0,348.7,351.45,89235,314.46,3526,46731.0,52.37,2026-08-24
VSTIND,EQ,24-Aug-2026,212.69,214.0,214.0,210.0,210.65,124373,263.35,3350,78838.0,63.39,2026-08-24
VSTL,EQ,24-Aug-2026,110.54,110.2,114.15,108.5,111.53,23734,26.37,418,17941.0,75.59,2026-08-24
VSTTILLERS,EQ,24-Aug-2026,4410.2,4431.0,4444.4,4359.1,4373.1,7327,321.22,2097,4338.0,59.21,2026-08-24
VTL,EQ,24-Aug-2026,602.9,604.85,609.0,595.6,599.55,162986,980.71,13584,83575.0,51.28,2026-08-24
VTMLTD,EQ,24-Aug-2026,46.13,46.2,49.9,46.2,49.33,34390,16.5,367,30459.0,88.57,2026-08-24
WAAREEENER,EQ,24-Aug-2026,2678.2,2680.0,2713.0,2637.0,2674.8,602522,16060.43,34643,201199.0,33.39,2026-08-24
WAAREEINDO,EQ,24-Aug-2026,283.9,289.6,289.6,275.0,278.8,96588,270.18,2619,58709.0,60.78,2026-08-24
WAAREERTL,EQ,24-Aug-2026,875.3,880.0,882.8,868.5,872.35,88594,775.11,7118,48457.0,54.7,2026-08-24
WABAG,EQ,24-Aug-2026,2003.3,2008.0,2058.0,1986.1,2001.1,487340,9882.7,31738,214035.0,43.92,2026-08-24
WAKEFIT,EQ,24-Aug-2026,141.36,141.49,144.69,137.0,137.81,976876,1370.85,14170,316505.0,32.4,2026-08-24
WALCHANNAG,EQ,24-Aug-2026,227.09,227.6,230.45,221.21,222.25,537336,1218.11,7721,247440.0,46.05,2026-08-24
WALPAR,SM,24-Aug-2026,31.5,29.95,29.95,29.95,29.95,2000,0.6,1,2000.0,100.0,2026-08-24
WANBURY,EQ,24-Aug-2026,264.85,265.55,271.0,260.5,267.25,135142,360.44,3225,66250.0,49.02,2026-08-24
WARDINMOBI,EQ,24-Aug-2026,6.18,6.21,6.24,5.8,6.12,391537,23.66,983,298869.0,76.33,2026-08-24
WATERBASE,EQ,24-Aug-2026,52.39,52.9,54.0,49.01,50.41,43434,22.32,663,26804.0,61.71,2026-08-24
WCIL,EQ,24-Aug-2026,86.7,85.55,88.49,85.55,86.3,52927,46.2,1030,27903.0,52.72,2026-08-24
WEALTH,EQ,24-Aug-2026,866.85,879.0,879.0,844.95,849.85,1645,14.14,198,1263.0,76.78,2026-08-24
WEBELSOLAR,EQ,24-Aug-2026,82.8,82.99,83.99,80.5,80.87,1846037,1514.89,16376,1079712.0,58.49,2026-08-24
WEIZMANIND,EQ,24-Aug-2026,76.5,76.5,77.9,75.0,75.8,298,0.23,29,259.0,86.91,2026-08-24
WEL,EQ,24-Aug-2026,141.27,141.27,142.0,134.1,135.94,599415,820.5,4369,419851.0,70.04,2026-08-24
WELCORP,EQ,24-Aug-2026,2311.9,2290.0,2422.0,2266.7,2409.2,6106908,144879.09,242755,954755.0,15.63,2026-08-24
WELENT,EQ,24-Aug-2026,631.45,631.45,654.0,622.6,647.9,712685,4565.14,18955,332429.0,46.64,2026-08-24
WELINV,BE,24-Aug-2026,2022.0,2123.1,2123.1,2122.0,2123.1,383,8.13,48,,,2026-08-24
WELSPLSOL,EQ,24-Aug-2026,51.38,51.65,52.4,50.9,51.59,955163,492.06,5589,493803.0,51.7,2026-08-24
WELSPUNLIV,EQ,24-Aug-2026,189.22,190.32,195.0,188.62,190.43,5069309,9732.49,41478,1763352.0,34.78,2026-08-24
WENDT,EQ,24-Aug-2026,8182.5,8325.0,8682.5,8252.0,8286.0,43402,3661.52,9983,15643.0,36.04,2026-08-24
WESTLIFE,EQ,24-Aug-2026,588.15,590.0,590.9,581.7,584.6,37879,222.13,4978,17625.0,46.53,2026-08-24
WEWIN,EQ,24-Aug-2026,47.0,47.0,47.0,45.5,45.52,1713,0.78,35,1661.0,96.96,2026-08-24
WEWORK,EQ,24-Aug-2026,682.9,683.0,689.95,664.55,672.1,199269,1342.43,25894,106217.0,53.3,2026-08-24
WHBRADY,EQ,24-Aug-2026,534.5,486.05,533.6,486.05,533.6,29,0.15,7,19.0,65.52,2026-08-24
WHEELS,EQ,24-Aug-2026,1512.8,1512.8,1568.5,1482.1,1561.4,137603,2116.93,12370,66568.0,48.38,2026-08-24
WHIRLPOOL,EQ,24-Aug-2026,768.5,771.9,776.85,762.7,769.05,245285,1885.94,18978,143164.0,58.37,2026-08-24
WILLAMAGOR,EQ,24-Aug-2026,25.04,25.04,25.76,24.1,24.87,778,0.19,43,416.0,53.47,2026-08-24
WINDLAS,EQ,24-Aug-2026,993.6,998.0,1035.9,985.0,991.75,151965,1533.13,9771,74736.0,49.18,2026-08-24
WINDMACHIN,EQ,24-Aug-2026,314.6,317.45,321.0,313.15,317.15,56212,178.19,2202,28120.0,50.02,2026-08-24
WINNY,SM,24-Aug-2026,33.7,32.05,32.05,32.05,32.05,500,0.16,1,500.0,100.0,2026-08-24
WINSOL,SM,24-Aug-2026,111.5,111.5,114.5,109.1,111.8,2800,3.13,7,1600.0,57.14,2026-08-24
WIPL,EQ,24-Aug-2026,165.0,165.0,169.18,164.0,164.99,3445,5.73,46,2971.0,86.24,2026-08-24
WIPRO,EQ,24-Aug-2026,180.79,181.0,183.92,180.56,181.31,9441129,17179.17,83122,2999220.0,31.77,2026-08-24
WOCKPHARMA,EQ,24-Aug-2026,1886.3,1888.0,1909.2,1867.7,1901.0,306988,5806.66,18510,126317.0,41.15,2026-08-24
WOL3D,ST,24-Aug-2026,139.95,137.0,137.0,137.0,137.0,1000,1.37,1,1000.0,100.0,2026-08-24
WOMANCART,SM,24-Aug-2026,121.45,124.0,133.0,124.0,126.2,49200,63.05,116,29600.0,60.16,2026-08-24
WONDERLA,EQ,24-Aug-2026,519.2,528.0,532.7,511.15,511.95,306086,1603.34,9830,132241.0,43.2,2026-08-24
WORTHPERI,EQ,24-Aug-2026,157.27,152.9,159.11,152.9,155.32,18456,28.91,2059,4124.0,22.35,2026-08-24
WPIL,EQ,24-Aug-2026,451.35,454.5,468.0,452.6,459.0,55993,257.48,2770,32499.0,58.04,2026-08-24
WSI,EQ,24-Aug-2026,61.02,60.55,62.3,60.52,61.85,55418,34.19,1286,35148.0,63.42,2026-08-24
WSTCSTPAPR,EQ,24-Aug-2026,637.25,637.25,642.0,607.1,613.45,157789,980.76,7692,79340.0,50.28,2026-08-24
WTICAB,SM,24-Aug-2026,102.25,102.25,109.0,102.25,108.85,26500,28.59,35,19500.0,73.58,2026-08-24
XCHANGING,EQ,24-Aug-2026,61.25,60.75,62.29,60.75,61.12,64435,39.56,933,36107.0,56.04,2026-08-24
XELPMOC,EQ,24-Aug-2026,76.96,76.5,84.88,75.21,83.16,23964,19.28,510,15958.0,66.59,2026-08-24
XPROINDIA,EQ,24-Aug-2026,1142.0,1142.0,1185.0,1136.1,1172.5,77478,907.17,4509,50129.0,64.7,2026-08-24
XTGLOBAL,EQ,24-Aug-2026,28.49,28.84,28.84,27.5,28.33,98098,27.44,611,81524.0,83.1,2026-08-24
XTRANET,EQ,24-Aug-2026,167.03,169.4,171.64,163.1,167.69,401119,668.39,5782,179510.0,44.75,2026-08-24
YAAP,SM,24-Aug-2026,136.2,136.0,136.0,134.0,134.0,2000,2.7,2,2000.0,100.0,2026-08-24
YASHO,EQ,24-Aug-2026,4400.0,4420.0,4525.0,4268.9,4308.5,65764,2901.07,14257,26325.0,40.03,2026-08-24
YASHOPTICS,SM,24-Aug-2026,115.45,110.0,115.6,110.0,115.6,14400,16.41,7,13600.0,94.44,2026-08-24
YATHARTH,EQ,24-Aug-2026,855.15,857.25,916.9,852.25,907.55,1156221,10344.44,44550,392889.0,33.98,2026-08-24
YATRA,EQ,24-Aug-2026,116.93,118.53,118.53,114.43,115.31,1318193,1533.09,9478,672390.0,51.01,2026-08-24
YESBANK,EQ,24-Aug-2026,22.8,22.8,22.86,22.51,22.6,41025996,9285.98,74260,20179330.0,49.19,2026-08-24
YOGI,EQ,24-Aug-2026,165.97,165.97,165.97,157.0,160.0,1080,1.73,27,1080.0,100.0,2026-08-24
YUDIZ,SM,24-Aug-2026,22.95,23.5,24.0,23.5,24.0,1600,0.38,2,1600.0,100.0,2026-08-24
YUKEN,EQ,24-Aug-2026,964.6,979.9,988.0,923.3,933.1,17578,165.67,1060,10447.0,59.43,2026-08-24
ZAGGLE,EQ,24-Aug-2026,200.12,200.0,201.86,190.1,191.32,4311221,8386.5,34291,1355544.0,31.44,2026-08-24
ZEAL,SM,24-Aug-2026,61.3,61.3,66.45,61.3,65.0,3000,1.92,5,3000.0,100.0,2026-08-24
ZEEL,EQ,24-Aug-2026,107.58,107.98,110.63,103.62,104.57,36707649,39064.84,132120,11739543.0,31.98,2026-08-24
ZEELEARN,BE,24-Aug-2026,7.73,7.74,8.11,7.7,7.85,396218,31.54,414,,,2026-08-24
ZEEMEDIA,EQ,24-Aug-2026,9.38,9.5,9.55,9.21,9.32,1759186,165.34,2141,972960.0,55.31,2026-08-24
ZENITHDRUG,SM,24-Aug-2026,42.65,41.2,41.2,41.2,41.2,3200,1.32,4,3200.0,100.0,2026-08-24
ZENITHEXPO,EQ,24-Aug-2026,205.18,201.3,202.4,196.41,199.0,325,0.65,16,296.0,91.08,2026-08-24
ZENITHSTL,EQ,24-Aug-2026,5.41,5.46,5.59,5.35,5.47,88993,4.86,243,71235.0,80.05,2026-08-24
ZENSARTECH,EQ,24-Aug-2026,483.55,483.55,496.4,475.05,476.9,662955,3215.51,25888,256705.0,38.72,2026-08-24
ZENTEC,EQ,24-Aug-2026,1926.3,1931.2,1932.8,1895.0,1903.3,280194,5349.25,20512,93936.0,33.53,2026-08-24
ZFCVINDIA,EQ,24-Aug-2026,2662.0,2670.0,2673.9,2627.6,2650.1,52892,1402.92,9417,36650.0,69.29,2026-08-24
ZFSTEERING,EQ,24-Aug-2026,671.9,684.45,684.45,665.0,672.8,1432,9.63,90,1007.0,70.32,2026-08-24
ZIMLAB,EQ,24-Aug-2026,125.03,122.0,129.0,122.0,123.95,131562,167.28,3294,82765.0,62.91,2026-08-24
ZODIAC,EQ,24-Aug-2026,247.85,255.0,258.95,247.5,249.15,18428,46.39,809,10746.0,58.31,2026-08-24
ZODIACLOTH,EQ,24-Aug-2026,74.13,74.13,75.44,72.65,73.7,9893,7.28,278,6560.0,66.31,2026-08-24
ZOTA,EQ,24-Aug-2026,1087.4,1087.0,1142.3,1084.1,1094.5,77797,866.36,5766,38142.0,49.03,2026-08-24
ZSARACOM,EQ,24-Aug-2026,12433.0,12433.0,12433.0,11724.0,11934.0,59,7.1,20,55.0,93.22,2026-08-24
ZTECH,SM,24-Aug-2026,494.4,495.0,500.05,490.0,493.45,12900,63.66,37,10800.0,83.72,2026-08-24
ZUARI,EQ,24-Aug-2026,225.04,224.0,234.0,224.0,226.97,192334,442.95,4015,65059.0,33.83,2026-08-24
ZUARIIND,EQ,24-Aug-2026,279.3,275.65,295.0,275.65,285.6,343929,996.23,6810,169941.0,49.41,2026-08-24
ZYDUSLIFE,EQ,24-Aug-2026,1120.0,1112.7,1117.5,1098.0,1103.8,857487,9472.62,31681,432123.0,50.39,2026-08-24
ZYDUSWELL,EQ,24-Aug-2026,490.8,490.8,515.0,490.0,511.1,506126,2571.13,28601,174996.0,34.58,2026-08-24
