SYMBOL,SERIES,DATE1,PREV_CLOSE,OPEN_PRICE,HIGH_PRICE,LOW_PRICE,CLOSE_PRICE,TTL_TRD_QNTY,TURNOVER_LACS,NO_OF_TRADES,DELIV_QTY,DELIV_PER,DATE
20MICRONS,EQ,22-Sep-2026,220.12,220.0,223.15,215.04,216.45,163799,359.0,4687,47761.0,29.16,2026-09-22
21STCENMGM,EQ,22-Sep-2026,39.47,39.55,39.95,38.8,39.62,2450,0.97,27,1095.0,44.69,2026-09-22
360ONE,EQ,22-Sep-2026,1072.7,1074.3,1093.2,1065.2,1073.5,338935,3657.48,19929,167813.0,49.51,2026-09-22
3BBLACKBIO,EQ,22-Sep-2026,1407.8,1412.9,1421.0,1360.0,1369.3,6598,92.02,893,3918.0,59.38,2026-09-22
3IINFOLTD,BE,22-Sep-2026,25.62,25.6,26.18,25.11,26.03,414486,107.18,967,,,2026-09-22
3MINDIA,EQ,22-Sep-2026,34725.0,34890.0,35095.0,34065.0,34220.0,4367,1507.28,2377,2035.0,46.6,2026-09-22
3PLAND,EQ,22-Sep-2026,31.5,30.5,34.88,30.5,30.74,85714,27.92,846,16291.0,19.01,2026-09-22
591GS2028,GS,22-Sep-2026,99.51,99.51,100.0,99.51,100.0,210,0.21,3,110.0,52.38,2026-09-22
5PAISA,EQ,22-Sep-2026,314.1,312.55,318.95,312.55,315.3,10273,32.37,695,5630.0,54.8,2026-09-22
603GS2029,GS,22-Sep-2026,99.2,99.03,99.03,99.03,99.03,9,0.01,1,9.0,100.0,2026-09-22
610GS2031,GS,22-Sep-2026,99.99,99.99,99.99,99.99,99.99,1,0.0,1,1.0,100.0,2026-09-22
619GS2034,GS,22-Sep-2026,93.73,94.77,94.77,94.77,94.77,2,0.0,2,2.0,100.0,2026-09-22
620GS2029,GS,22-Sep-2026,99.85,99.0,99.0,99.0,99.0,100,0.1,1,100.0,100.0,2026-09-22
633GS2035,GS,22-Sep-2026,96.57,96.57,98.0,96.57,98.0,1603,1.55,5,1501.0,93.64,2026-09-22
636GS2031,GS,22-Sep-2026,99.3,99.5,99.5,99.5,99.5,1,0.0,1,1.0,100.0,2026-09-22
63MOONS,EQ,22-Sep-2026,892.05,888.8,914.95,788.5,841.75,1713258,14341.43,88274,349675.0,20.41,2026-09-22
648GS2035,GS,22-Sep-2026,97.91,97.91,98.0,97.9,98.0,2175,2.13,5,2175.0,100.0,2026-09-22
654GS2032,GS,22-Sep-2026,99.25,99.8,99.8,99.8,99.8,2000000,1996.0,2,2000000.0,100.0,2026-09-22
657GS2033A,GS,22-Sep-2026,97.5,98.5,98.5,98.5,98.5,250,0.25,2,250.0,100.0,2026-09-22
664GS2027,GS,22-Sep-2026,101.55,101.55,101.55,101.55,101.55,500,0.51,2,500.0,100.0,2026-09-22
668GS2040,GS,22-Sep-2026,97.89,96.6,97.9,96.6,97.1,504203,489.56,3,504203.0,100.0,2026-09-22
676GS2061,GS,22-Sep-2026,89.52,89.25,89.58,89.25,89.58,69002,61.75,46,69002.0,100.0,2026-09-22
68GS2060,GS,22-Sep-2026,92.0,91.9,91.9,91.05,91.7,10525,9.59,4,10525.0,100.0,2026-09-22
690GS2065,GS,22-Sep-2026,93.2,93.7,93.7,93.3,93.31,5516,5.15,10,5516.0,100.0,2026-09-22
692GS2039,GS,22-Sep-2026,98.02,100.39,100.39,100.39,100.39,20,0.02,1,20.0,100.0,2026-09-22
694GS2036,GS,22-Sep-2026,101.4,101.8,102.9,100.81,102.88,5801,5.86,5,5300.0,91.36,2026-09-22
695GS2061,GS,22-Sep-2026,92.0,93.2,93.2,92.26,92.99,2188,2.03,8,2178.0,99.54,2026-09-22
697GR2034,GS,22-Sep-2026,97.0,97.0,97.25,97.0,97.25,10135,9.83,4,10135.0,100.0,2026-09-22
702GS2027,GS,22-Sep-2026,102.36,102.21,102.21,102.21,102.21,2000,2.04,1,2000.0,100.0,2026-09-22
704GS2029,GS,22-Sep-2026,103.47,102.23,102.23,102.23,102.23,1400,1.43,1,1400.0,100.0,2026-09-22
706GS2041,GS,22-Sep-2026,99.0,98.0,99.85,98.0,99.0,591,0.59,9,391.0,66.16,2026-09-22
706GS2046,GS,22-Sep-2026,103.0,103.5,103.5,103.5,103.5,2,0.0,1,2.0,100.0,2026-09-22
709GS2054,GS,22-Sep-2026,95.19,94.4,95.75,94.4,95.75,786,0.75,16,724.0,92.11,2026-09-22
709GS2074,GS,22-Sep-2026,95.08,95.48,95.48,95.47,95.47,45,0.04,6,45.0,100.0,2026-09-22
710GS2029,GS,22-Sep-2026,103.53,103.53,104.9,103.52,104.19,41,0.04,4,21.0,51.22,2026-09-22
717GS2028,GS,22-Sep-2026,102.55,101.6,102.0,101.59,102.0,1257,1.28,5,755.0,60.06,2026-09-22
717GS2030,GS,22-Sep-2026,104.51,103.22,103.22,103.22,103.22,1000,1.03,1,1000.0,100.0,2026-09-22
718GS2033,GS,22-Sep-2026,102.0,101.6,103.0,101.6,101.6,9801,9.96,2,9801.0,100.0,2026-09-22
718GS2037,GS,22-Sep-2026,102.47,103.79,103.79,101.8,102.2,2010779,2047.62,10,2010779.0,100.0,2026-09-22
719GS2060,GS,22-Sep-2026,95.2,95.2,95.2,95.2,95.2,1892,1.8,12,1892.0,100.0,2026-09-22
71GS2034,GS,22-Sep-2026,104.43,104.56,104.56,103.0,104.25,43,0.04,3,43.0,100.0,2026-09-22
724GS2055,GS,22-Sep-2026,96.97,96.99,97.3,96.35,96.5,7654,7.44,18,7241.0,94.6,2026-09-22
725GS2063,GS,22-Sep-2026,96.65,96.95,97.0,96.6,96.89,150810,145.98,48,150810.0,100.0,2026-09-22
726GS2032,GS,22-Sep-2026,102.5,102.55,102.75,102.0,102.0,14560,14.92,13,14560.0,100.0,2026-09-22
733GS2026,GS,22-Sep-2026,102.5,102.5,102.5,102.05,102.5,1500,1.54,5,1400.0,93.33,2026-09-22
734GS2064,GS,22-Sep-2026,98.88,99.39,99.39,98.45,99.19,54432,53.96,27,51932.0,95.41,2026-09-22
736GS2052,GS,22-Sep-2026,98.74,99.0,99.0,99.0,99.0,412,0.41,6,412.0,100.0,2026-09-22
737GS2028,GS,22-Sep-2026,104.5,104.5,104.5,104.5,104.5,1100,1.15,2,1100.0,100.0,2026-09-22
738GS2027,GS,22-Sep-2026,102.58,102.55,102.79,102.55,102.75,12255,12.59,6,12255.0,100.0,2026-09-22
73GS2053,GS,22-Sep-2026,98.87,98.1,98.25,97.85,98.24,56786,55.78,31,56306.0,99.15,2026-09-22
741GS2036,GS,22-Sep-2026,104.7,104.4,104.4,103.31,104.4,3,0.0,3,2.0,66.67,2026-09-22
743GS2076,GS,22-Sep-2026,99.18,99.24,99.49,98.15,99.24,32305,31.94,41,30813.0,95.38,2026-09-22
746GS2073,GS,22-Sep-2026,102.99,101.0,102.99,101.0,102.99,2,0.0,2,2.0,100.0,2026-09-22
74GS2062,GS,22-Sep-2026,98.45,97.5,99.93,97.5,99.35,5024,4.97,18,5024.0,100.0,2026-09-22
750GS2056,GS,22-Sep-2026,101.14,102.8,102.8,102.8,102.8,100,0.1,1,100.0,100.0,2026-09-22
754GS2036,GS,22-Sep-2026,105.38,105.4,105.77,105.4,105.64,296960,313.69,101,259211.0,87.29,2026-09-22
763GS2056,GS,22-Sep-2026,100.35,100.5,101.49,100.48,101.15,1111,1.12,7,1111.0,100.0,2026-09-22
771GS2066,GS,22-Sep-2026,103.62,104.2,104.25,104.2,104.24,20180,21.03,19,14180.0,70.27,2026-09-22
772GS2049,GS,22-Sep-2026,104.0,104.0,104.0,104.0,104.0,201,0.21,3,201.0,100.0,2026-09-22
772GS2055,GS,22-Sep-2026,103.5,103.0,105.0,103.0,103.5,190,0.2,4,100.0,52.63,2026-09-22
824GS2027,GS,22-Sep-2026,101.8,101.8,101.8,101.21,101.41,105682,107.49,8,105682.0,100.0,2026-09-22
826GS2027,GS,22-Sep-2026,102.11,102.15,102.15,102.14,102.14,27,0.03,3,27.0,100.0,2026-09-22
883GS2041,GS,22-Sep-2026,116.5,117.0,117.0,117.0,117.0,52,0.06,3,52.0,100.0,2026-09-22
897GS2030,GS,22-Sep-2026,113.0,113.0,113.0,113.0,113.0,1,0.0,1,1.0,100.0,2026-09-22
92GS2030,GS,22-Sep-2026,114.75,114.95,115.3,114.8,114.8,6612,7.6,10,5611.0,84.86,2026-09-22
A2ZINFRA,EQ,22-Sep-2026,14.68,14.95,15.24,14.52,14.73,97954,14.58,371,56559.0,57.74,2026-09-22
AAATECH,EQ,22-Sep-2026,94.16,93.0,95.35,92.03,93.73,122242,113.61,453,11384.0,9.31,2026-09-22
AADHARHFC,EQ,22-Sep-2026,466.05,468.35,469.15,453.45,457.85,361745,1655.31,19004,200758.0,55.5,2026-09-22
AAKASH,EQ,22-Sep-2026,8.97,9.07,9.07,8.8,8.96,45676,4.07,220,38976.0,85.33,2026-09-22
AARADHYA,ST,22-Sep-2026,140.05,137.05,141.95,134.15,141.95,18000,24.57,12,16800.0,93.33,2026-09-22
AAREYDRUGS,EQ,22-Sep-2026,102.37,102.37,103.99,101.1,102.52,281824,289.6,1412,164907.0,58.51,2026-09-22
AARNAV,BE,22-Sep-2026,32.57,31.55,31.92,31.11,31.83,5429,1.71,57,,,2026-09-22
AARON,EQ,22-Sep-2026,120.74,121.42,126.6,119.0,120.48,26297,31.9,674,18991.0,72.22,2026-09-22
AARTECH,BE,22-Sep-2026,51.18,51.18,51.7,50.05,51.58,27728,14.2,121,,,2026-09-22
AARTIDRUGS,EQ,22-Sep-2026,435.5,435.5,440.8,422.6,425.75,124108,536.11,5652,65611.0,52.87,2026-09-22
AARTIIND,EQ,22-Sep-2026,499.8,500.35,504.8,492.05,496.0,478713,2385.45,22353,214636.0,44.84,2026-09-22
AARTIPHARM,EQ,22-Sep-2026,846.45,862.0,909.5,861.2,883.75,1401079,12462.79,61760,378143.0,26.99,2026-09-22
AARTISURF,BE,22-Sep-2026,528.65,521.55,535.0,510.0,514.75,15158,79.42,347,,,2026-09-22
AARVI,EQ,22-Sep-2026,136.1,136.93,140.39,136.88,138.18,4487,6.22,122,3483.0,77.62,2026-09-22
AASTHA,EQ,22-Sep-2026,74.21,74.9,81.63,74.35,81.62,1334826,1083.21,4244,517834.0,38.79,2026-09-22
AATMAJ,SM,22-Sep-2026,19.25,19.25,19.25,19.25,19.25,8000,1.54,2,8000.0,100.0,2026-09-22
AAVAS,EQ,22-Sep-2026,1321.2,1321.9,1342.6,1307.8,1313.1,128992,1700.79,14180,86765.0,67.26,2026-09-22
ABAN,BE,22-Sep-2026,14.35,14.25,14.56,14.09,14.13,20048,2.84,81,,,2026-09-22
ABANSENT,EQ,22-Sep-2026,27.01,27.49,27.49,26.34,27.29,6800,1.86,104,4506.0,66.26,2026-09-22
ABB,EQ,22-Sep-2026,7271.0,7261.5,7405.5,7117.5,7120.5,196683,14307.2,28094,82785.0,42.09,2026-09-22
ABBOTINDIA,EQ,22-Sep-2026,26960.0,26960.0,27295.0,26960.0,27225.0,4434,1204.75,2290,2734.0,61.66,2026-09-22
ABCAPITAL,EQ,22-Sep-2026,403.4,401.0,405.0,394.65,397.0,2377189,9481.86,34220,1517166.0,63.82,2026-09-22
ABCOTS,EQ,22-Sep-2026,208.01,206.3,208.09,203.0,205.25,6173,12.67,161,4342.0,70.34,2026-09-22
ABDL,EQ,22-Sep-2026,656.3,660.65,661.4,631.7,647.9,798258,5137.23,30230,320791.0,40.19,2026-09-22
ABFRL,EQ,22-Sep-2026,49.85,49.97,50.24,49.01,49.22,2744633,1360.85,13497,1402946.0,51.12,2026-09-22
ABGSEC,EQ,22-Sep-2026,114.01,113.0,114.44,113.0,114.15,74,0.08,12,49.0,66.22,2026-09-22
ABH,SM,22-Sep-2026,48.1,50.0,52.9,49.5,52.85,194400,101.48,144,132000.0,67.9,2026-09-22
ABHAPOWER,SM,22-Sep-2026,24.0,23.6,24.0,23.6,24.0,3200,0.76,2,3200.0,100.0,2026-09-22
ABINFRA,BE,22-Sep-2026,12.13,11.82,12.7,11.71,12.25,370287,45.52,495,,,2026-09-22
ABLBL,EQ,22-Sep-2026,80.89,80.98,81.43,80.55,80.74,322317,260.73,5424,188570.0,58.5,2026-09-22
ABMINTLLTD,BE,22-Sep-2026,48.99,48.02,48.02,48.02,48.02,1008,0.48,9,,,2026-09-22
ABMKNO,EQ,22-Sep-2026,175.67,175.67,175.67,171.01,173.34,2,0.0,2,1.0,50.0,2026-09-22
ABREL,EQ,22-Sep-2026,1237.1,1241.4,1250.0,1196.5,1201.1,183365,2228.93,17157,100946.0,55.05,2026-09-22
ABSL10BANK,EQ,22-Sep-2026,168.75,170.9,172.0,163.03,164.29,7252,12.05,60,6655.0,91.77,2026-09-22
ABSLAMC,EQ,22-Sep-2026,1034.3,1033.5,1043.6,1017.0,1027.0,139392,1431.32,15311,70524.0,50.59,2026-09-22
ABSLBANETF,EQ,22-Sep-2026,57.87,58.15,58.15,57.57,57.75,393885,226.9,224,374288.0,95.02,2026-09-22
ABSLLIQUID,EQ,22-Sep-2026,999.99,1000.0,1000.01,999.99,1000.0,9206,92.06,24,7101.0,77.13,2026-09-22
ABSLMSCIN,EQ,22-Sep-2026,28.8,29.03,29.03,28.75,28.8,128,0.04,12,127.0,99.22,2026-09-22
ABSLNN50ET,EQ,22-Sep-2026,76.21,76.07,76.41,75.68,75.97,9456,7.19,181,6217.0,65.75,2026-09-22
ABSLPSE,EQ,22-Sep-2026,10.05,9.79,10.08,9.79,10.0,71073,7.13,297,22840.0,32.14,2026-09-22
ABSMARINE,SM,22-Sep-2026,283.8,285.05,303.3,285.05,301.05,37500,111.78,70,31000.0,82.67,2026-09-22
ACC,EQ,22-Sep-2026,1256.3,1256.5,1260.0,1234.8,1238.2,79866,993.19,8672,36471.0,45.67,2026-09-22
ACCELYA,EQ,22-Sep-2026,1119.9,1119.9,1125.0,1115.5,1118.8,4271,47.83,450,2955.0,69.19,2026-09-22
ACCENTMIC,SM,22-Sep-2026,683.55,690.0,692.65,675.15,676.55,27500,188.02,50,24500.0,89.09,2026-09-22
ACCPL,ST,22-Sep-2026,208.0,206.0,214.95,197.6,214.95,24000,48.79,18,21600.0,90.0,2026-09-22
ACCURACY,BE,22-Sep-2026,4.59,4.67,4.67,4.37,4.37,100801,4.47,239,,,2026-09-22
ACE,EQ,22-Sep-2026,1230.4,1240.2,1263.1,1235.1,1241.9,237158,2950.87,17819,118637.0,50.02,2026-09-22
ACEINTEG,EQ,22-Sep-2026,17.89,18.78,18.78,16.6,17.31,8495,1.47,108,5291.0,62.28,2026-09-22
ACGL,EQ,22-Sep-2026,1714.3,1720.1,1764.9,1711.0,1728.5,1102,19.17,219,915.0,83.03,2026-09-22
ACI,EQ,22-Sep-2026,466.25,466.5,468.0,460.05,463.05,136463,632.67,6797,64383.0,47.18,2026-09-22
ACL,EQ,22-Sep-2026,42.68,42.1,43.46,42.1,42.92,9176,3.93,184,7431.0,80.98,2026-09-22
ACMESOLAR,EQ,22-Sep-2026,458.1,460.0,476.9,441.55,458.65,3701858,16882.02,106363,1462676.0,39.51,2026-09-22
ACSTECH,BE,22-Sep-2026,69.45,71.7,72.92,71.7,72.92,112624,81.9,230,,,2026-09-22
ACTIVEINFR,SM,22-Sep-2026,181.8,181.0,181.3,181.0,181.25,23400,42.4,4,23400.0,100.0,2026-09-22
ACUTAAS,EQ,22-Sep-2026,3425.7,3450.0,3450.0,3200.0,3213.7,482993,15834.74,54583,253764.0,52.54,2026-09-22
ADANIENSOL,EQ,22-Sep-2026,1397.6,1399.0,1411.9,1375.9,1381.7,1791593,24918.37,34483,1083494.0,60.48,2026-09-22
ADANIENT,EQ,22-Sep-2026,2975.0,2995.0,3026.1,2979.6,2997.0,793747,23786.11,39827,212395.0,26.76,2026-09-22
ADANIGREEN,EQ,22-Sep-2026,1303.6,1309.0,1317.0,1300.0,1304.0,437524,5718.4,17934,114074.0,26.07,2026-09-22
ADANIPORTS,EQ,22-Sep-2026,1787.1,1796.0,1812.7,1786.1,1795.0,871935,15679.35,46336,354243.0,40.63,2026-09-22
ADANIPOWER,EQ,22-Sep-2026,206.55,207.0,210.0,206.56,206.96,11848251,24670.94,60195,5306191.0,44.78,2026-09-22
ADDICTIVE,SM,22-Sep-2026,44.0,44.0,46.0,44.0,46.0,3000,1.35,5,2500.0,83.33,2026-09-22
ADDIND,EQ,22-Sep-2026,77.74,82.0,82.0,74.93,76.7,1115,0.91,41,1057.0,94.8,2026-09-22
ADFFOODS,EQ,22-Sep-2026,267.9,268.25,268.25,261.6,263.15,52750,139.02,2826,26542.0,50.32,2026-09-22
ADISOFT,SM,22-Sep-2026,252.3,261.1,279.0,259.0,271.45,373600,1008.09,447,223200.0,59.74,2026-09-22
ADL,EQ,22-Sep-2026,70.06,72.0,73.79,67.4,69.0,67,0.05,24,58.0,86.57,2026-09-22
ADOR,EQ,22-Sep-2026,1576.4,1576.4,1632.4,1576.4,1594.8,22625,362.85,2632,10753.0,47.53,2026-09-22
ADROITINFO,EQ,22-Sep-2026,11.25,11.13,12.48,11.13,12.17,257593,31.08,1088,187988.0,72.98,2026-09-22
ADSL,EQ,22-Sep-2026,96.94,96.35,98.19,96.02,96.44,59418,57.6,1444,30345.0,51.07,2026-09-22
ADVAIT,EQ,22-Sep-2026,2005.5,2021.5,2032.4,1989.0,2005.6,19580,393.06,2931,9445.0,48.24,2026-09-22
ADVANCE,EQ,22-Sep-2026,107.83,107.58,110.0,107.5,108.14,92635,100.75,1103,59436.0,64.16,2026-09-22
ADVANIHOTR,EQ,22-Sep-2026,47.9,47.75,48.8,47.5,47.78,18657,8.9,327,13738.0,73.63,2026-09-22
ADVENTHTL,EQ,22-Sep-2026,126.64,126.64,127.95,125.68,126.76,97052,123.06,1427,63483.0,65.41,2026-09-22
ADVENZYMES,EQ,22-Sep-2026,294.05,297.8,302.7,295.05,296.6,245144,732.45,6556,117697.0,48.01,2026-09-22
ADVIKCA,EQ,22-Sep-2026,0.96,0.96,0.98,0.94,0.95,307535,2.93,300,268788.0,87.4,2026-09-22
AEGISLOG,EQ,22-Sep-2026,1486.0,1474.0,1528.7,1382.1,1424.5,2196787,31477.16,96089,719656.0,32.76,2026-09-22
AEGISVOPAK,EQ,22-Sep-2026,318.3,320.85,320.85,296.7,301.4,3129116,9508.35,64308,1269967.0,40.59,2026-09-22
AEPL,EQ,22-Sep-2026,16.45,16.78,16.78,16.01,16.35,40538,6.58,307,30448.0,75.11,2026-09-22
AEQUS,EQ,22-Sep-2026,231.57,234.8,243.78,233.93,242.87,3668716,8848.96,56410,1632965.0,44.51,2026-09-22
AEROENTER,EQ,22-Sep-2026,122.36,123.4,125.5,122.72,123.6,317838,394.19,4384,160446.0,50.48,2026-09-22
AEROFLEX,EQ,22-Sep-2026,515.5,519.35,526.95,510.05,516.7,748519,3880.98,22851,267722.0,35.77,2026-09-22
AERON,SM,22-Sep-2026,81.5,81.0,81.0,81.0,81.0,1000,0.81,1,1000.0,100.0,2026-09-22
AERONEU,EQ,22-Sep-2026,66.1,66.68,67.25,65.88,66.06,31837,21.13,229,13965.0,43.86,2026-09-22
AEROPLANE,EQ,22-Sep-2026,201.03,200.0,207.88,199.27,204.8,834421,1705.54,10771,352558.0,42.25,2026-09-22
AETHER,EQ,22-Sep-2026,1639.6,1637.7,1651.5,1621.1,1643.5,159611,2617.47,15356,90774.0,56.87,2026-09-22
AFCONS,EQ,22-Sep-2026,256.75,256.8,262.0,253.0,260.35,1138018,2937.52,18995,370193.0,32.53,2026-09-22
AFFLE,EQ,22-Sep-2026,1600.2,1605.0,1605.0,1582.0,1592.3,74378,1184.35,11569,43558.0,58.56,2026-09-22
AFFORDABLE,EQ,22-Sep-2026,168.63,172.5,172.5,168.0,170.77,16709,28.57,503,11297.0,67.61,2026-09-22
AFIL,EQ,22-Sep-2026,8.72,8.9,9.0,8.27,8.32,403059,34.23,750,342251.0,84.91,2026-09-22
AFSL,EQ,22-Sep-2026,201.03,202.05,202.05,201.0,201.0,7026,14.12,51,6201.0,88.26,2026-09-22
AGARIND,EQ,22-Sep-2026,408.55,409.0,412.95,404.0,405.8,23190,94.6,1276,13318.0,57.43,2026-09-22
AGARWALEYE,EQ,22-Sep-2026,490.3,492.0,497.65,487.4,493.05,303733,1496.89,20010,214251.0,70.54,2026-09-22
AGARWALFT,SM,22-Sep-2026,26.0,26.0,27.3,26.0,27.3,9000,2.42,4,7500.0,83.33,2026-09-22
AGARWALTUF,SM,22-Sep-2026,159.0,161.95,163.7,159.25,162.5,63600,103.12,48,34800.0,54.72,2026-09-22
AGI,EQ,22-Sep-2026,819.35,825.9,851.0,804.45,845.7,476790,3959.29,31716,194837.0,40.86,2026-09-22
AGIIL,EQ,22-Sep-2026,271.15,277.5,279.2,267.25,269.3,497300,1351.02,8079,168413.0,33.87,2026-09-22
AGL,EQ,22-Sep-2026,13.81,13.7,14.25,13.7,13.94,1471915,205.7,3189,659761.0,44.82,2026-09-22
AGNI,SM,22-Sep-2026,15.25,15.25,16.0,15.25,16.0,17500,2.73,4,10000.0,57.14,2026-09-22
AGRITECH,EQ,22-Sep-2026,98.71,98.22,100.39,96.1,97.38,1866,1.82,102,1304.0,69.88,2026-09-22
AGROPHOS,EQ,22-Sep-2026,23.85,24.2,24.5,22.0,23.97,38838,9.05,370,23136.0,59.57,2026-09-22
AGSTRA,BZ,22-Sep-2026,2.01,2.06,2.11,2.02,2.1,257095,5.37,381,,,2026-09-22
AHCL,EQ,22-Sep-2026,26.24,27.6,28.86,26.91,28.86,70018561,19734.08,121813,15239139.0,21.76,2026-09-22
AHLADA,EQ,22-Sep-2026,36.97,36.97,38.0,36.16,37.28,1431,0.53,67,964.0,67.37,2026-09-22
AHLEAST,EQ,22-Sep-2026,135.0,135.01,137.48,135.0,135.13,472,0.64,30,400.0,84.75,2026-09-22
AHLUCONT,EQ,22-Sep-2026,580.2,581.05,585.45,577.0,582.4,28751,167.21,2135,17967.0,62.49,2026-09-22
AHLWEST,BE,22-Sep-2026,545.0,545.0,551.0,545.0,545.0,986,5.43,6,,,2026-09-22
AIAENG,EQ,22-Sep-2026,3941.0,3941.0,3981.5,3912.0,3923.4,18004,707.28,7092,9865.0,54.79,2026-09-22
AIIL,EQ,22-Sep-2026,559.4,559.4,564.2,544.55,546.9,88597,489.97,6013,41251.0,46.56,2026-09-22
AILIMITED,SM,22-Sep-2026,16.4,15.75,15.75,15.6,15.6,6000,0.94,2,6000.0,100.0,2026-09-22
AIMTRON,SM,22-Sep-2026,1784.35,1784.35,1860.0,1775.0,1818.1,66600,1209.52,295,43200.0,64.86,2026-09-22
AIRAN,EQ,22-Sep-2026,16.66,16.65,18.0,16.59,17.02,116617,20.1,669,78755.0,67.53,2026-09-22
AIROLAM,EQ,22-Sep-2026,88.24,87.01,90.1,87.01,87.69,4636,4.13,66,3549.0,76.55,2026-09-22
AISL,SM,22-Sep-2026,54.5,56.9,56.9,56.9,56.9,600,0.34,1,600.0,100.0,2026-09-22
AJANTPHARM,EQ,22-Sep-2026,3542.1,3539.0,3547.0,3465.8,3519.3,106260,3736.1,14013,57628.0,54.23,2026-09-22
AJAXENGG,EQ,22-Sep-2026,562.6,561.0,572.5,561.0,564.6,39283,222.18,5891,20982.0,53.41,2026-09-22
AJMERA,EQ,22-Sep-2026,118.25,118.25,120.7,118.02,119.87,199233,237.93,2608,88702.0,44.52,2026-09-22
AJOONI,EQ,22-Sep-2026,3.18,3.2,3.24,3.1,3.16,232957,7.43,431,197462.0,84.76,2026-09-22
AKANKSHA,SM,22-Sep-2026,140.05,140.0,146.0,140.0,143.95,22000,31.31,18,19000.0,86.36,2026-09-22
AKASH,EQ,22-Sep-2026,24.77,24.46,25.47,24.46,24.99,3633,0.9,35,2139.0,58.88,2026-09-22
AKCAPIT,EQ,22-Sep-2026,1758.1,1749.5,1770.0,1744.2,1766.8,1327,23.36,77,1278.0,96.31,2026-09-22
AKG,EQ,22-Sep-2026,10.03,9.86,10.5,9.86,10.2,8052,0.83,146,5401.0,67.08,2026-09-22
AKI,BE,22-Sep-2026,6.41,6.7,6.7,6.09,6.42,363123,23.2,570,,,2026-09-22
AKIKO,SM,22-Sep-2026,428.0,435.0,435.0,430.0,430.0,3200,13.8,4,3200.0,100.0,2026-09-22
AKSHAR,EQ,22-Sep-2026,0.41,0.42,0.42,0.41,0.41,632399,2.62,239,470443.0,74.39,2026-09-22
AKSHARCHEM,BE,22-Sep-2026,410.65,407.0,415.0,395.0,395.9,11646,46.9,163,,,2026-09-22
AKSHOPTFBR,BE,22-Sep-2026,7.45,7.2,7.38,7.08,7.13,523357,37.73,602,,,2026-09-22
AKUMS,EQ,22-Sep-2026,821.45,830.0,834.7,801.0,807.9,262560,2141.52,14426,133989.0,51.03,2026-09-22
ALANKIT,EQ,22-Sep-2026,7.66,7.56,8.55,7.52,7.94,424375,34.09,1170,267257.0,62.98,2026-09-22
ALBERTDAVD,EQ,22-Sep-2026,841.75,848.95,853.05,837.3,848.9,2601,21.97,305,1897.0,72.93,2026-09-22
ALCODIS,SM,22-Sep-2026,65.0,65.0,65.0,65.0,65.0,625,0.41,1,625.0,100.0,2026-09-22
ALEMBICLTD,EQ,22-Sep-2026,103.54,103.54,106.7,102.56,104.79,709434,741.27,8650,259180.0,36.53,2026-09-22
ALFREDHE,EQ,22-Sep-2026,2735.0,2811.0,2811.0,2811.0,2811.0,101,2.84,48,101.0,100.0,2026-09-22
ALGOQUANT,EQ,22-Sep-2026,72.9,72.92,73.9,71.5,72.24,1189233,867.54,5128,317383.0,26.69,2026-09-22
ALICON,EQ,22-Sep-2026,738.25,738.25,755.0,734.05,744.5,45206,336.83,3165,29306.0,64.83,2026-09-22
ALIVUS,EQ,22-Sep-2026,1400.4,1400.4,1422.2,1368.0,1374.2,89919,1251.43,12266,48865.0,54.34,2026-09-22
ALKALI,EQ,22-Sep-2026,98.63,97.7,106.3,92.12,103.2,251907,250.59,3585,85002.0,33.74,2026-09-22
ALKEM,EQ,22-Sep-2026,5364.0,5365.0,5419.5,5308.5,5331.5,94905,5108.23,14122,69420.0,73.15,2026-09-22
ALKYLAMINE,EQ,22-Sep-2026,1867.9,1867.9,1898.9,1851.0,1863.8,26813,501.13,4830,11303.0,42.15,2026-09-22
ALLCARGO,EQ,22-Sep-2026,10.98,10.99,11.17,10.83,10.93,5186068,571.94,5503,2014528.0,38.84,2026-09-22
ALLDIGI,EQ,22-Sep-2026,787.9,791.9,801.8,771.1,784.6,6147,48.26,913,2441.0,39.71,2026-09-22
ALLETEC,SM,22-Sep-2026,121.35,122.5,129.9,122.5,128.5,12400,15.84,27,9200.0,74.19,2026-09-22
ALLTIME,EQ,22-Sep-2026,206.39,207.7,209.39,202.2,203.73,67645,138.87,1281,33688.0,49.8,2026-09-22
ALMONDZ,EQ,22-Sep-2026,18.41,18.75,19.18,18.1,18.65,407680,76.31,737,318997.0,78.25,2026-09-22
ALOKINDS,EQ,22-Sep-2026,7.13,7.2,7.44,7.17,7.34,29145200,2142.79,16506,10557837.0,36.22,2026-09-22
ALPA,EQ,22-Sep-2026,59.62,60.49,61.85,58.35,61.36,11423,6.95,204,7488.0,65.55,2026-09-22
ALPEXSOLAR,SM,22-Sep-2026,880.25,875.85,889.45,861.15,864.3,39100,340.71,279,23900.0,61.13,2026-09-22
ALPHA,EQ,22-Sep-2026,53.6,53.61,53.95,53.04,53.16,770430,411.47,2874,488341.0,63.39,2026-09-22
ALPHAETF,EQ,22-Sep-2026,26.23,26.34,26.45,26.1,26.13,2181529,570.51,805,2030501.0,93.08,2026-09-22
ALPHAGEO,BE,22-Sep-2026,296.5,300.0,303.9,296.0,296.1,4763,14.24,72,,,2026-09-22
ALPINETEX,EQ,22-Sep-2026,52.11,52.75,53.9,51.95,52.36,196992,103.44,3532,116837.0,59.31,2026-09-22
ALPL30IETF,EQ,22-Sep-2026,27.25,27.25,27.33,26.99,27.03,243771,66.05,911,144318.0,59.2,2026-09-22
ALUFLUOR,EQ,22-Sep-2026,543.85,534.35,545.95,534.3,543.35,4483,24.27,271,3569.0,79.61,2026-09-22
ALUWIND,SM,22-Sep-2026,50.75,50.5,51.0,48.0,50.95,25500,12.74,17,21000.0,82.35,2026-09-22
AMAGI,EQ,22-Sep-2026,564.5,566.0,603.85,563.8,581.1,743158,4367.46,35902,260264.0,35.02,2026-09-22
AMAL,EQ,22-Sep-2026,721.05,720.05,725.95,704.05,711.9,16314,117.25,677,11922.0,73.08,2026-09-22
AMANTA,BE,22-Sep-2026,188.1,188.1,188.1,184.35,185.5,27852,51.69,154,,,2026-09-22
AMARJOTHI,EQ,22-Sep-2026,149.39,149.0,149.7,147.0,148.91,127,0.19,21,101.0,79.53,2026-09-22
AMBAAUTO,SM,22-Sep-2026,93.65,95.0,96.25,89.0,91.55,81000,73.11,67,49000.0,60.49,2026-09-22
AMBALALSA,BE,22-Sep-2026,38.73,38.54,39.3,38.5,38.65,32469,12.6,128,,,2026-09-22
AMBANIORGO,SM,22-Sep-2026,112.45,112.45,112.45,112.0,112.0,11000,12.33,5,11000.0,100.0,2026-09-22
AMBER,EQ,22-Sep-2026,7098.0,7105.0,7164.5,6992.0,7000.0,95036,6707.01,13284,33598.0,35.35,2026-09-22
AMBICAAGAR,EQ,22-Sep-2026,24.9,25.42,25.42,24.73,24.83,38792,9.62,161,35536.0,91.61,2026-09-22
AMBIKCO,EQ,22-Sep-2026,1619.4,1600.0,1600.0,1569.0,1577.7,8416,133.34,1038,4368.0,51.9,2026-09-22
AMBUJACEM,EQ,22-Sep-2026,390.75,391.1,394.0,385.15,386.9,1155681,4489.02,15725,633258.0,54.8,2026-09-22
AMCL,SM,22-Sep-2026,361.55,364.0,365.0,357.0,358.9,25600,92.24,35,24400.0,95.31,2026-09-22
AMDIND,BE,22-Sep-2026,60.1,59.59,62.4,58.11,59.84,49658,29.74,371,,,2026-09-22
AMEYA,SM,22-Sep-2026,149.65,157.1,157.1,149.95,157.1,49000,76.75,42,42000.0,85.71,2026-09-22
AMIABLE,SM,22-Sep-2026,70.2,70.0,70.0,70.0,70.0,3200,2.24,2,3200.0,100.0,2026-09-22
AMJLAND,EQ,22-Sep-2026,37.11,36.53,38.49,36.52,37.75,4545,1.71,147,2498.0,54.96,2026-09-22
AMNPLST,EQ,22-Sep-2026,170.54,173.0,176.49,166.66,169.65,6227,10.52,234,2944.0,47.28,2026-09-22
AMRUTANJAN,EQ,22-Sep-2026,496.05,493.4,504.0,493.4,500.05,30980,154.76,2279,17924.0,57.86,2026-09-22
ANANDRATHI,EQ,22-Sep-2026,2211.2,2210.0,2220.1,2161.4,2179.0,485812,10578.89,40492,277767.0,57.18,2026-09-22
ANANTAM,IV,22-Sep-2026,106.13,106.8,106.9,105.75,105.92,71286,75.73,153,70372.0,98.72,2026-09-22
ANANTRAJ,EQ,22-Sep-2026,595.2,595.9,614.8,594.5,610.1,1661656,10088.66,40385,728796.0,43.86,2026-09-22
ANAWIL,SM,22-Sep-2026,442.8,444.75,458.0,438.1,445.6,144000,644.88,296,102000.0,70.83,2026-09-22
ANDHRAPAP,EQ,22-Sep-2026,72.69,72.25,73.75,70.77,71.43,388193,279.76,4109,134162.0,34.56,2026-09-22
ANDHRSUGAR,EQ,22-Sep-2026,95.0,96.4,98.36,94.0,95.35,449168,432.66,11748,130001.0,28.94,2026-09-22
ANDREWYU,EQ,22-Sep-2026,26.42,26.42,26.98,26.03,26.49,31507,8.37,464,20071.0,63.7,2026-09-22
ANGELONE,EQ,22-Sep-2026,296.15,296.2,298.65,293.2,295.1,2221167,6581.12,28397,845983.0,38.09,2026-09-22
ANIKINDS,EQ,22-Sep-2026,43.95,43.5,44.74,42.71,42.99,3438,1.49,56,2791.0,81.18,2026-09-22
ANKITMETAL,BZ,22-Sep-2026,1.76,1.76,1.79,1.76,1.79,11261,0.2,21,,,2026-09-22
ANLON,SM,22-Sep-2026,771.6,780.0,821.0,780.0,818.0,19200,155.2,40,16000.0,83.33,2026-09-22
ANMOL,BE,22-Sep-2026,14.71,14.99,15.24,13.98,14.03,72003,10.36,245,,,2026-09-22
ANNAPURNA,EQ,22-Sep-2026,130.56,133.5,134.0,130.2,131.71,65755,86.78,987,48169.0,73.26,2026-09-22
ANNU,EQ,22-Sep-2026,52.69,53.7,54.8,52.1,54.17,1112623,595.38,8168,362833.0,32.61,2026-09-22
ANONDITA,SM,22-Sep-2026,1083.7,1084.0,1097.45,1040.05,1084.6,83600,887.55,335,47600.0,56.94,2026-09-22
ANSALAPI,BZ,22-Sep-2026,3.66,3.66,3.73,3.66,3.73,23327,0.87,35,,,2026-09-22
ANSALBU,EQ,22-Sep-2026,75.1,75.1,90.12,75.1,90.12,32466,29.11,1081,17301.0,53.29,2026-09-22
ANTELOPUS,EQ,22-Sep-2026,1100.8,1109.15,1145.75,1080.05,1110.4,639484,7138.95,29095,105475.0,16.49,2026-09-22
ANTGRAPHIC,EQ,22-Sep-2026,0.73,0.74,0.74,0.71,0.71,181944,1.31,164,144861.0,79.62,2026-09-22
ANTHEM,EQ,22-Sep-2026,917.45,921.0,921.0,890.1,891.7,499529,4501.9,30154,241578.0,48.36,2026-09-22
ANUHPHR,EQ,22-Sep-2026,93.66,94.69,95.89,93.0,93.48,106195,99.93,2023,61310.0,57.73,2026-09-22
ANUP,EQ,22-Sep-2026,1632.1,1639.0,1722.2,1639.0,1663.0,29875,502.64,4655,15125.0,50.63,2026-09-22
ANURAS,EQ,22-Sep-2026,1160.8,1169.7,1210.0,1142.0,1197.9,1218193,14445.03,46379,558295.0,45.83,2026-09-22
ANYA,SM,22-Sep-2026,17.6,17.0,17.0,17.0,17.0,5000,0.85,1,5000.0,100.0,2026-09-22
ANZEN,IV,22-Sep-2026,129.98,129.9,131.0,129.0,129.0,1900000,2455.35,16,1600000.0,84.21,2026-09-22
AONEGOLD,EQ,22-Sep-2026,14.2,14.36,14.36,14.05,14.11,361549,51.1,1434,205427.0,56.82,2026-09-22
AONELIQUID,EQ,22-Sep-2026,1077.73,1077.85,1077.88,1077.85,1077.87,4180,45.06,61,3340.0,79.9,2026-09-22
AONENIFTY,EQ,22-Sep-2026,9.68,9.43,9.79,9.25,9.67,118375,11.44,1037,93760.0,79.21,2026-09-22
AONESILVER,EQ,22-Sep-2026,8.89,8.96,9.06,8.73,8.8,440688,38.86,1155,298272.0,67.68,2026-09-22
AONETMMQ50,EQ,22-Sep-2026,10.15,10.2,10.29,10.13,10.16,41593,4.23,186,20308.0,48.83,2026-09-22
AONETOTAL,EQ,22-Sep-2026,11.69,11.83,11.83,11.62,11.68,79655,9.33,862,33923.0,42.59,2026-09-22
APARINDS,EQ,22-Sep-2026,18945.0,18899.0,19265.0,17919.0,18233.0,207076,38239.94,55177,94852.0,45.81,2026-09-22
APCL,EQ,22-Sep-2026,93.99,98.0,98.0,94.24,94.8,2908,2.76,115,1938.0,66.64,2026-09-22
APCOTEXIND,EQ,22-Sep-2026,608.7,612.0,623.15,605.75,609.45,75211,460.68,4350,40121.0,53.34,2026-09-22
APEX,EQ,22-Sep-2026,351.65,358.9,359.55,351.65,356.9,84991,302.29,3339,37717.0,44.38,2026-09-22
APEXECO,ST,22-Sep-2026,265.0,266.3,268.0,266.3,268.0,8800,23.52,10,8800.0,100.0,2026-09-22
APLAPOLLO,EQ,22-Sep-2026,2181.1,2180.9,2199.3,2159.9,2195.0,598956,13034.56,40247,380732.0,63.57,2026-09-22
APLLTD,EQ,22-Sep-2026,848.75,847.05,850.95,835.9,840.15,104047,877.26,8899,50105.0,48.16,2026-09-22
APOLLO,EQ,22-Sep-2026,385.45,390.0,412.65,390.0,406.75,13757604,55748.64,141622,3493532.0,25.39,2026-09-22
APOLLOHOSP,EQ,22-Sep-2026,8912.0,8960.0,9000.0,8822.5,8835.5,350507,31222.28,37263,243603.0,69.5,2026-09-22
APOLLOPIPE,EQ,22-Sep-2026,539.5,539.45,543.2,523.0,526.1,81329,432.7,4117,32507.0,39.97,2026-09-22
APOLLOTYRE,EQ,22-Sep-2026,409.3,409.3,411.35,401.0,402.55,600980,2430.66,21144,328583.0,54.67,2026-09-22
APOLSINHOT,EQ,22-Sep-2026,1215.9,1205.3,1235.9,1205.0,1223.3,378,4.6,84,270.0,71.43,2026-09-22
APOORVA,EQ,22-Sep-2026,32.31,33.92,33.92,30.7,33.89,1611,0.55,21,1601.0,99.38,2026-09-22
APRAMEYA,SM,22-Sep-2026,115.0,111.05,113.0,103.55,104.95,15500,16.73,29,13000.0,83.87,2026-09-22
APS,SM,22-Sep-2026,233.35,235.0,239.0,235.0,235.85,6000,14.2,20,5750.0,95.83,2026-09-22
APSISAERO,ST,22-Sep-2026,566.0,577.3,577.3,577.3,577.3,13200,76.2,10,12000.0,90.91,2026-09-22
APTECHT,EQ,22-Sep-2026,94.72,94.1,94.24,91.1,91.78,120592,111.6,1655,62628.0,51.93,2026-09-22
APTUS,EQ,22-Sep-2026,237.27,237.5,244.03,237.5,242.08,3567063,8602.39,29091,2906566.0,81.48,2026-09-22
AQYLON,EQ,22-Sep-2026,18.87,18.91,19.81,18.91,19.8,621543,122.33,1976,385366.0,62.0,2026-09-22
ARABIAN,SM,22-Sep-2026,91.85,88.0,88.0,84.95,88.0,20000,17.34,9,8000.0,40.0,2026-09-22
ARCHIDPLY,EQ,22-Sep-2026,104.84,105.97,111.25,105.97,107.68,44478,48.49,965,34836.0,78.32,2026-09-22
ARCHIES,EQ,22-Sep-2026,12.62,12.71,12.94,12.68,12.75,6514,0.83,64,5232.0,80.32,2026-09-22
ARCIIL,SM,22-Sep-2026,34.5,36.0,36.3,33.2,33.9,38000,13.13,29,18000.0,47.37,2026-09-22
ARCIL,EQ,22-Sep-2026,135.18,135.3,140.9,135.1,138.91,3340524,4637.83,38706,1445000.0,43.26,2026-09-22
ARCL,EQ,22-Sep-2026,251.64,251.64,264.22,249.9,262.06,9484,24.99,125,8500.0,89.62,2026-09-22
ARDEE,EQ,22-Sep-2026,48.68,49.0,53.3,48.86,52.08,11664894,6078.21,47549,2566133.0,22.0,2026-09-22
ARE&M,EQ,22-Sep-2026,794.3,795.0,811.45,790.25,793.2,387946,3100.34,20631,182652.0,47.08,2026-09-22
ARENTERP,EQ,22-Sep-2026,34.49,34.7,34.79,27.6,34.77,4820,1.53,117,2793.0,57.95,2026-09-22
ARFIN,EQ,22-Sep-2026,91.18,91.0,91.88,89.0,89.28,931091,836.2,5798,228792.0,24.57,2026-09-22
ARHAM,SM,22-Sep-2026,209.2,210.0,212.0,208.05,212.0,9000,19.0,9,6000.0,66.67,2026-09-22
ARIES,BE,22-Sep-2026,462.8,468.9,473.0,450.0,469.95,14933,69.67,292,,,2026-09-22
ARIHANT,EQ,22-Sep-2026,957.35,977.0,977.0,890.4,923.9,773,7.12,217,343.0,44.37,2026-09-22
ARIHANTCAP,EQ,22-Sep-2026,81.61,81.19,93.0,81.19,90.99,6068298,5441.44,43506,1214014.0,20.01,2026-09-22
ARIHANTSUP,EQ,22-Sep-2026,229.3,230.0,236.95,226.0,234.9,2580,6.02,138,2207.0,85.54,2026-09-22
ARIS,EQ,22-Sep-2026,142.09,142.5,143.44,136.51,140.1,2008186,2806.68,18875,657304.0,32.73,2026-09-22
ARKADE,EQ,22-Sep-2026,123.44,124.88,128.99,123.5,128.4,297017,376.69,4847,153184.0,51.57,2026-09-22
ARMANFIN,EQ,22-Sep-2026,1966.0,1961.0,1994.9,1961.0,1974.9,15081,298.06,3168,8532.0,56.57,2026-09-22
ARMOUR,ST,22-Sep-2026,16.6,17.4,17.4,17.4,17.4,8000,1.39,4,8000.0,100.0,2026-09-22
AROGRANITE,EQ,22-Sep-2026,23.22,23.4,23.92,23.0,23.09,2305,0.54,107,2010.0,87.2,2026-09-22
ARROWGREEN,EQ,22-Sep-2026,876.05,888.95,939.45,882.2,913.05,148575,1362.7,10721,60701.0,40.86,2026-09-22
ARSHIYA,BZ,22-Sep-2026,0.7,0.7,0.71,0.68,0.7,174860,1.22,70,,,2026-09-22
ARSSBL,EQ,22-Sep-2026,496.1,503.95,503.95,490.0,496.25,89398,443.19,3086,46622.0,52.15,2026-09-22
ARTEMISMED,EQ,22-Sep-2026,339.05,339.05,346.75,338.15,340.85,274562,939.06,12276,109957.0,40.05,2026-09-22
ARTNIRMAN,EQ,22-Sep-2026,40.09,40.9,40.93,39.0,40.49,729,0.29,22,680.0,93.28,2026-09-22
ARUNAYA,SM,22-Sep-2026,14.0,13.7,14.4,13.7,14.4,10000,1.41,5,8000.0,80.0,2026-09-22
ARVEE,EQ,22-Sep-2026,208.87,224.9,247.99,222.25,236.07,229982,545.05,5307,47793.0,20.78,2026-09-22
ARVIND,EQ,22-Sep-2026,538.55,542.0,543.0,531.0,533.55,313593,1683.1,13889,130863.0,41.73,2026-09-22
ARVINDFASN,EQ,22-Sep-2026,427.6,427.7,427.7,417.1,419.4,100434,423.15,8991,49341.0,49.13,2026-09-22
ARVINDPORT,SM,22-Sep-2026,35.5,34.55,39.0,34.55,39.0,21000,8.03,12,21000.0,100.0,2026-09-22
ARVSMART,EQ,22-Sep-2026,574.4,574.4,592.0,569.1,588.2,71059,413.78,3837,36882.0,51.9,2026-09-22
ARYAMAN,EQ,22-Sep-2026,624.85,624.9,633.95,624.9,633.95,21,0.13,2,21.0,100.0,2026-09-22
ASAHIINDIA,EQ,22-Sep-2026,950.25,958.0,974.7,950.0,965.15,71821,689.36,6976,35514.0,49.45,2026-09-22
ASAHISONG,BE,22-Sep-2026,381.75,388.95,388.95,366.0,371.2,8790,33.15,182,,,2026-09-22
ASAL,EQ,22-Sep-2026,450.4,446.0,454.0,446.0,449.15,12265,55.21,547,8849.0,72.15,2026-09-22
ASALCBR,EQ,22-Sep-2026,651.9,656.0,662.05,649.2,651.8,21155,138.24,2059,11605.0,54.86,2026-09-22
ASHAPURMIN,EQ,22-Sep-2026,532.25,532.5,555.75,532.5,537.35,437634,2376.27,16850,161306.0,36.86,2026-09-22
ASHIANA,EQ,22-Sep-2026,405.55,405.55,410.0,381.55,385.0,169995,669.66,7979,46745.0,27.5,2026-09-22
ASHIKAG,BE,22-Sep-2026,399.95,399.95,400.05,395.85,397.05,26686,105.97,192,,,2026-09-22
ASHIMASYN,EQ,22-Sep-2026,15.94,16.26,16.3,15.5,15.68,172316,27.33,336,142152.0,82.49,2026-09-22
ASHOKA,EQ,22-Sep-2026,112.66,112.95,113.8,111.6,111.96,454581,512.2,4590,231648.0,50.96,2026-09-22
ASHOKAMET,EQ,22-Sep-2026,14.73,14.73,15.14,14.21,14.3,78479,11.41,369,52879.0,67.38,2026-09-22
ASHOKLEY,EQ,22-Sep-2026,161.75,163.0,164.2,159.8,160.75,8959874,14462.25,52587,4408407.0,49.2,2026-09-22
ASHUTOSH,SM,22-Sep-2026,155.05,155.85,157.0,149.05,150.1,212400,324.79,160,146400.0,68.93,2026-09-22
ASHWINI,SM,22-Sep-2026,162.85,164.5,164.5,160.0,160.0,9000,14.57,9,7000.0,77.78,2026-09-22
ASIANENE,EQ,22-Sep-2026,483.5,486.05,492.8,482.0,489.6,141941,692.01,6049,62079.0,43.74,2026-09-22
ASIANHOTNR,EQ,22-Sep-2026,375.1,375.1,392.45,373.05,385.1,6272,23.85,417,3384.0,53.95,2026-09-22
ASIANPAINT,EQ,22-Sep-2026,2440.3,2475.1,2475.1,2435.6,2448.5,414715,10169.1,35810,205383.0,49.52,2026-09-22
ASIANTILES,EQ,22-Sep-2026,51.26,51.26,51.7,49.76,50.09,1095832,555.81,3949,412919.0,37.68,2026-09-22
ASIANTNE,EQ,22-Sep-2026,9.2,9.67,9.67,9.2,9.38,3290,0.31,53,2729.0,82.95,2026-09-22
ASKAUTOLTD,EQ,22-Sep-2026,655.1,661.65,674.8,655.15,663.4,435952,2903.14,23422,167365.0,38.39,2026-09-22
ASMS,EQ,22-Sep-2026,6.68,6.8,6.8,6.58,6.61,187513,12.44,600,158377.0,84.46,2026-09-22
ASPINWALL,EQ,22-Sep-2026,249.15,250.05,253.7,248.2,252.35,3259,8.19,64,2812.0,86.28,2026-09-22
ASPIRE,SM,22-Sep-2026,12.95,12.5,13.25,12.35,13.25,18000,2.25,7,16000.0,88.89,2026-09-22
ASSAMENT,EQ,22-Sep-2026,780.0,818.0,818.0,742.0,788.0,27,0.2,4,25.0,92.59,2026-09-22
ASTAR,EQ,22-Sep-2026,726.15,733.85,734.0,680.0,702.45,3138,22.14,345,1081.0,34.45,2026-09-22
ASTEC,EQ,22-Sep-2026,719.45,715.05,825.95,712.5,794.5,2103437,16976.01,83393,115444.0,5.49,2026-09-22
ASTERDM,EQ,22-Sep-2026,756.75,756.75,758.45,746.3,750.7,586106,4401.86,38343,332052.0,56.65,2026-09-22
ASTRAL,EQ,22-Sep-2026,1400.9,1401.0,1407.9,1381.6,1381.6,419577,5843.97,18027,249557.0,59.48,2026-09-22
ASTRAMICRO,EQ,22-Sep-2026,1657.9,1655.0,1662.3,1611.0,1616.3,180438,2943.61,18347,93399.0,51.76,2026-09-22
ASTRAZEN,EQ,22-Sep-2026,6650.0,6605.0,6757.0,6603.0,6711.5,4537,303.43,1709,1912.0,42.14,2026-09-22
ASTRON,BZ,22-Sep-2026,2.93,2.95,3.01,2.82,2.84,21137,0.6,75,,,2026-09-22
ATALREAL,EQ,22-Sep-2026,14.05,14.25,14.25,12.8,13.07,6493632,855.35,5423,1830838.0,28.19,2026-09-22
ATAM,EQ,22-Sep-2026,59.05,60.4,60.4,57.39,58.27,10919,6.42,242,4300.0,39.38,2026-09-22
ATCENERGY,ST,22-Sep-2026,21.1,21.1,22.0,20.75,21.75,13200,2.79,11,12000.0,90.91,2026-09-22
ATGL,EQ,22-Sep-2026,638.4,640.0,642.95,622.2,626.25,1213917,7654.29,33937,299748.0,24.69,2026-09-22
ATHERENERG,EQ,22-Sep-2026,1593.0,1614.0,1621.8,1538.0,1543.8,3426121,53847.84,97135,1217841.0,35.55,2026-09-22
ATL,EQ,22-Sep-2026,24.29,24.5,24.65,24.03,24.35,101478,24.68,1063,55189.0,54.39,2026-09-22
ATLANTAA,EQ,22-Sep-2026,35.38,35.94,36.94,35.0,35.64,30631,10.89,419,22927.0,74.85,2026-09-22
ATLANTAELE,EQ,22-Sep-2026,1695.4,1719.0,1724.8,1649.2,1664.9,71639,1209.51,7878,39406.0,55.01,2026-09-22
ATLASCYCLE,EQ,22-Sep-2026,88.42,88.42,94.49,88.42,93.55,26564,24.52,340,19973.0,75.19,2026-09-22
ATLPP,E1,22-Sep-2026,9.05,8.8,9.25,8.8,8.86,560,0.05,10,525.0,93.75,2026-09-22
ATMASTCO,SM,22-Sep-2026,126.6,129.95,129.95,126.0,127.5,7600,9.69,18,6400.0,84.21,2026-09-22
ATUL,EQ,22-Sep-2026,6086.0,6128.0,6234.0,6096.0,6176.5,92926,5724.4,10523,71078.0,76.49,2026-09-22
ATULAUTO,EQ,22-Sep-2026,449.0,450.45,454.4,444.0,446.6,35641,159.25,2207,20553.0,57.67,2026-09-22
AUBANK,EQ,22-Sep-2026,1038.0,1037.9,1043.5,1027.6,1036.4,506494,5230.49,19666,259892.0,51.31,2026-09-22
AUGMONT,EQ,22-Sep-2026,887.2,830.0,872.0,825.2,853.35,1115175,9541.31,43838,350597.0,31.44,2026-09-22
AURIONPRO,EQ,22-Sep-2026,687.05,687.1,698.95,675.15,681.9,122905,838.66,7211,73980.0,60.19,2026-09-22
AUROIMPEX,SM,22-Sep-2026,35.4,37.15,37.15,37.15,37.15,8000,2.97,5,8000.0,100.0,2026-09-22
AUROPHARMA,EQ,22-Sep-2026,1713.4,1718.3,1719.0,1689.3,1700.0,869831,14770.64,45670,521307.0,59.93,2026-09-22
AURUM,EQ,22-Sep-2026,218.9,217.51,225.5,217.4,222.04,106125,234.47,1581,75026.0,70.7,2026-09-22
AURUS,EQ,22-Sep-2026,4.8,4.83,4.95,4.77,4.89,9217,0.45,142,5190.0,56.31,2026-09-22
AUSOMENT,EQ,22-Sep-2026,146.97,147.98,148.25,143.15,147.23,6276,9.25,147,4325.0,68.91,2026-09-22
AUSTENG,EQ,22-Sep-2026,135.71,135.0,162.85,135.0,162.85,77654,121.66,910,49245.0,63.42,2026-09-22
AUTOAXLES,EQ,22-Sep-2026,1694.0,1702.2,1709.0,1659.0,1664.4,4548,76.15,541,3543.0,77.9,2026-09-22
AUTOBEES,EQ,22-Sep-2026,281.25,280.61,283.48,279.65,280.12,175061,490.93,1990,118259.0,67.55,2026-09-22
AUTOIETF,EQ,22-Sep-2026,28.24,28.24,28.37,28.08,28.19,289352,81.58,1546,153896.0,53.19,2026-09-22
AUTOIND,EQ,22-Sep-2026,83.76,85.48,86.99,84.0,84.82,151528,129.8,3018,82307.0,54.32,2026-09-22
AVADHSUGAR,EQ,22-Sep-2026,732.55,735.0,749.0,727.0,732.8,67763,498.82,4673,26942.0,39.76,2026-09-22
AVALON,EQ,22-Sep-2026,2485.9,2485.9,2526.3,2410.0,2468.5,395562,9786.64,37254,101305.0,25.61,2026-09-22
AVANA,ST,22-Sep-2026,140.1,140.5,143.4,136.0,140.0,18000,24.97,8,12000.0,66.67,2026-09-22
AVANCE,EQ,22-Sep-2026,0.84,0.85,0.89,0.84,0.86,6880158,59.53,1616,3639620.0,52.9,2026-09-22
AVANTEL,EQ,22-Sep-2026,145.01,146.0,149.8,145.73,146.71,786281,1156.57,10049,362196.0,46.06,2026-09-22
AVANTIFEED,EQ,22-Sep-2026,767.0,776.0,776.0,750.65,753.15,186772,1419.16,12754,89687.0,48.02,2026-09-22
AVATAR,ST,22-Sep-2026,197.75,187.9,187.9,187.9,187.9,10000,18.79,5,10000.0,100.0,2026-09-22
AVG,BE,22-Sep-2026,170.05,170.0,174.99,167.3,169.55,4003,6.78,69,,,2026-09-22
AVIANSH,SM,22-Sep-2026,103.5,103.0,103.25,100.5,100.5,3000,3.07,3,3000.0,100.0,2026-09-22
AVIENCE,SM,22-Sep-2026,326.7,330.55,359.35,321.0,345.85,99600,333.56,148,72000.0,72.29,2026-09-22
AVL,EQ,22-Sep-2026,629.3,629.95,633.0,624.85,627.1,65399,410.75,6575,30344.0,46.4,2026-09-22
AVONMORE,EQ,22-Sep-2026,13.01,13.01,13.27,12.77,12.87,95776,12.4,535,63256.0,66.05,2026-09-22
AVPINFRA,SM,22-Sep-2026,56.05,55.8,56.5,55.45,55.6,33600,18.77,36,20800.0,61.9,2026-09-22
AVROIND,EQ,22-Sep-2026,7.91,8.14,8.14,7.08,7.24,765860,56.57,1315,569216.0,74.32,2026-09-22
AVTNPL,EQ,22-Sep-2026,90.04,90.1,100.0,90.1,98.26,4546154,4416.87,55852,894832.0,19.68,2026-09-22
AWFIS,EQ,22-Sep-2026,271.35,271.95,274.0,264.5,266.55,372113,996.94,10511,168048.0,45.16,2026-09-22
AWHCL,EQ,22-Sep-2026,364.55,364.55,368.0,360.5,364.3,66519,242.48,2799,25565.0,38.43,2026-09-22
AWL,EQ,22-Sep-2026,183.56,184.0,184.9,182.35,183.1,1156490,2124.9,16705,563399.0,48.72,2026-09-22
AXISBANK,EQ,22-Sep-2026,1250.0,1245.2,1255.6,1240.1,1242.7,2689110,33472.76,108682,1412409.0,52.52,2026-09-22
AXISCADES,EQ,22-Sep-2026,1839.7,1844.0,1908.1,1831.3,1891.1,183778,3465.37,16362,91171.0,49.61,2026-09-22
AXITA,EQ,22-Sep-2026,8.0,8.03,8.17,7.91,7.99,885885,70.98,841,371615.0,41.95,2026-09-22
AXTEL,EQ,22-Sep-2026,434.0,435.0,440.9,424.6,439.15,4892,21.28,287,3855.0,78.8,2026-09-22
AYE,EQ,22-Sep-2026,187.11,188.17,190.0,181.2,183.43,757630,1405.84,16621,338792.0,44.72,2026-09-22
AYMSYNTEX,EQ,22-Sep-2026,288.35,288.2,300.8,287.15,295.4,92341,271.92,3652,49657.0,53.78,2026-09-22
AZAD,EQ,22-Sep-2026,2764.9,2764.9,2820.0,2759.0,2776.2,235668,6569.24,23204,82374.0,34.95,2026-09-22
AZADIND,EQ,22-Sep-2026,75.36,76.87,80.0,70.41,78.44,58205,43.32,1190,20398.0,35.05,2026-09-22
BABAFP,SM,22-Sep-2026,22.5,22.65,22.65,21.65,21.65,14400,3.18,9,11200.0,77.78,2026-09-22
BAFNAPH,BE,22-Sep-2026,323.5,329.95,329.95,329.95,329.95,525,1.73,10,,,2026-09-22
BAGFILMS,EQ,22-Sep-2026,4.31,4.39,4.45,4.29,4.31,46537,2.02,122,40387.0,86.78,2026-09-22
BAGMANE,RR,22-Sep-2026,109.12,109.75,110.53,109.0,110.39,1306187,1440.7,11349,1182564.0,90.54,2026-09-22
BAHETI,SM,22-Sep-2026,764.65,777.0,777.0,762.0,765.0,11625,89.28,21,6000.0,51.61,2026-09-22
BAIDFIN,EQ,22-Sep-2026,10.75,10.75,11.1,10.28,10.55,77323,8.31,305,50818.0,65.72,2026-09-22
BAJAJ-AUTO,EQ,22-Sep-2026,11460.0,11460.0,11515.0,11281.0,11363.0,154756,17569.74,36343,74823.0,48.35,2026-09-22
BAJAJCON,EQ,22-Sep-2026,515.3,515.0,524.5,511.4,513.75,484075,2498.47,15737,289138.0,59.73,2026-09-22
BAJAJELEC,EQ,22-Sep-2026,326.0,326.1,329.6,322.15,323.45,74689,243.07,2830,33692.0,45.11,2026-09-22
BAJAJFINSV,EQ,22-Sep-2026,1849.8,1862.7,1863.0,1823.4,1823.4,405051,7444.47,28986,199690.0,49.3,2026-09-22
BAJAJHCARE,EQ,22-Sep-2026,335.6,335.6,341.8,334.3,336.1,75304,254.3,8506,33094.0,43.95,2026-09-22
BAJAJHFL,EQ,22-Sep-2026,83.98,84.03,84.31,82.98,83.12,1745461,1457.04,17179,997049.0,57.12,2026-09-22
BAJAJHIND,EQ,22-Sep-2026,20.18,20.15,20.7,20.06,20.29,13242731,2693.73,19244,3606060.0,27.23,2026-09-22
BAJAJHLDNG,EQ,22-Sep-2026,11409.0,11312.0,11389.0,11103.0,11185.0,71522,8041.51,13509,44239.0,61.85,2026-09-22
BAJAJINDEF,EQ,22-Sep-2026,214.81,216.1,222.89,214.1,219.02,124201,272.11,1615,59847.0,48.19,2026-09-22
BAJAJST,EQ,22-Sep-2026,345.2,345.55,355.85,345.05,348.05,5127,17.82,467,3214.0,62.69,2026-09-22
BAJEL,EQ,22-Sep-2026,172.11,173.99,174.83,171.61,172.47,108677,187.99,2819,59405.0,54.66,2026-09-22
BAJFINANCE,EQ,22-Sep-2026,1021.3,1025.3,1029.2,1005.0,1008.8,4581750,46443.71,91695,2905378.0,63.41,2026-09-22
BALAJEE,EQ,22-Sep-2026,25.14,24.61,25.89,24.53,25.19,24134,6.03,299,14743.0,61.09,2026-09-22
BALAJIPHOS,SM,22-Sep-2026,116.95,112.25,112.25,112.05,112.05,6000,6.73,3,5000.0,83.33,2026-09-22
BALAJITELE,EQ,22-Sep-2026,93.55,94.49,95.5,93.2,93.71,57550,54.0,1082,32152.0,55.87,2026-09-22
BALAMINES,EQ,22-Sep-2026,2130.7,2140.5,2179.6,2126.4,2138.9,83836,1801.32,10055,28042.0,33.45,2026-09-22
BALAXI,EQ,22-Sep-2026,23.41,23.5,23.5,22.96,23.12,22486,5.24,108,13374.0,59.48,2026-09-22
BALKRISHNA,EQ,22-Sep-2026,16.21,16.53,16.65,16.3,16.41,1867,0.31,33,1343.0,71.93,2026-09-22
BALKRISIND,EQ,22-Sep-2026,2216.8,2224.0,2231.0,2202.3,2216.9,103064,2283.67,18710,51812.0,50.27,2026-09-22
BALMLAWRIE,EQ,22-Sep-2026,166.01,166.25,168.74,163.55,167.43,178669,296.65,2435,36392.0,20.37,2026-09-22
BALPHARMA,EQ,22-Sep-2026,109.37,109.27,112.87,107.11,108.16,91977,101.16,1583,40518.0,44.05,2026-09-22
BALRAMCHIN,EQ,22-Sep-2026,663.65,661.0,668.4,651.3,661.05,1293003,8533.54,35520,354597.0,27.42,2026-09-22
BALUFORGE,EQ,22-Sep-2026,518.65,519.0,521.7,501.05,505.25,563043,2868.61,17860,255040.0,45.3,2026-09-22
BANARBEADS,EQ,22-Sep-2026,111.03,113.45,113.65,110.3,111.28,648,0.72,73,397.0,61.27,2026-09-22
BANARISUG,EQ,22-Sep-2026,3305.4,3314.5,3390.0,3303.1,3322.8,756,25.35,177,412.0,54.5,2026-09-22
BANCOINDIA,EQ,22-Sep-2026,599.3,599.95,608.7,599.95,605.65,55149,333.77,5482,29016.0,52.61,2026-09-22
BANDHANBNK,EQ,22-Sep-2026,179.0,180.0,185.11,179.9,184.7,22278301,40701.2,66785,12311295.0,55.26,2026-09-22
BANG,EQ,22-Sep-2026,33.45,33.61,34.29,32.0,32.46,25889,8.5,446,16202.0,62.58,2026-09-22
BANK10ADD,EQ,22-Sep-2026,16.75,16.74,16.77,16.54,16.56,14040,2.34,111,8731.0,62.19,2026-09-22
BANK10BETF,EQ,22-Sep-2026,20.59,20.59,20.59,20.38,20.5,176,0.04,12,175.0,99.43,2026-09-22
BANKA,EQ,22-Sep-2026,78.55,77.0,78.55,74.63,76.14,2695,2.05,52,1719.0,63.78,2026-09-22
BANKADD,EQ,22-Sep-2026,57.8,56.35,58.11,56.35,57.68,971,0.56,42,531.0,54.69,2026-09-22
BANKBARODA,EQ,22-Sep-2026,233.64,233.64,234.9,232.71,234.35,3787052,8849.68,30532,2074453.0,54.78,2026-09-22
BANKBEES,EQ,22-Sep-2026,585.29,587.91,587.91,582.01,583.52,477077,2790.5,6793,351221.0,73.62,2026-09-22
BANKBETA,EQ,22-Sep-2026,58.42,59.88,59.88,58.1,58.21,584220,339.51,279,565840.0,96.85,2026-09-22
BANKBETF,EQ,22-Sep-2026,57.37,57.37,57.71,57.1,57.2,6026,3.46,257,2454.0,40.72,2026-09-22
BANKETF,EQ,22-Sep-2026,575.91,561.51,577.98,561.51,573.85,28055,161.36,1449,20966.0,74.73,2026-09-22
BANKIETF,EQ,22-Sep-2026,58.02,57.3,58.25,57.3,57.86,126483,73.27,1152,77120.0,60.97,2026-09-22
BANKINDIA,EQ,22-Sep-2026,138.63,138.5,138.91,137.01,137.01,3112072,4289.13,24245,1586962.0,50.99,2026-09-22
BANKNIFTY1,EQ,22-Sep-2026,58.61,58.43,58.85,58.3,58.4,147348,86.27,613,97640.0,66.26,2026-09-22
BANKPSU,EQ,22-Sep-2026,84.01,84.07,84.07,83.14,83.55,4250,3.55,124,2518.0,59.25,2026-09-22
BANSALWIRE,EQ,22-Sep-2026,316.1,318.95,319.95,313.5,315.25,45581,144.01,1818,27077.0,59.4,2026-09-22
BANSWRAS,EQ,22-Sep-2026,113.07,113.92,116.35,112.23,113.33,37753,43.11,953,26926.0,71.32,2026-09-22
BARFLEX,SM,22-Sep-2026,61.5,62.4,62.4,60.0,60.0,8000,4.85,4,6000.0,75.0,2026-09-22
BASF,EQ,22-Sep-2026,3663.8,3675.0,3706.0,3555.0,3572.2,16963,612.49,3688,8889.0,52.4,2026-09-22
BASILIC,SM,22-Sep-2026,174.8,174.0,174.0,172.0,172.3,7500,12.96,24,6600.0,88.0,2026-09-22
BASML,BE,22-Sep-2026,24.64,24.8,25.74,24.25,24.73,49336,12.41,104,,,2026-09-22
BATAINDIA,EQ,22-Sep-2026,635.2,637.25,639.4,629.05,631.75,122211,775.0,9063,57132.0,46.75,2026-09-22
BATLIBOI,EQ,22-Sep-2026,85.08,86.0,86.5,82.42,82.96,15519,12.99,425,10555.0,68.01,2026-09-22
BAWEJA,SM,22-Sep-2026,24.2,24.4,24.4,24.3,24.3,2400,0.58,3,2400.0,100.0,2026-09-22
BAYERCROP,EQ,22-Sep-2026,3775.1,3775.1,3797.4,3730.6,3765.8,31340,1176.43,9689,15985.0,51.01,2026-09-22
BBETF0432,EQ,22-Sep-2026,1342.07,1343.97,1343.99,1340.56,1343.32,676,9.07,24,568.0,84.02,2026-09-22
BBL,EQ,22-Sep-2026,2187.0,2186.9,2237.0,2186.9,2220.4,15439,341.64,3214,8063.0,52.22,2026-09-22
BBNPNBETF,EQ,22-Sep-2026,56.87,58.01,58.01,56.5,56.52,447,0.26,17,436.0,97.54,2026-09-22
BBNPPGOLD,EQ,22-Sep-2026,146.6,147.0,148.0,145.0,146.6,1565,2.28,75,1309.0,83.64,2026-09-22
BBOX,EQ,22-Sep-2026,831.35,838.85,845.9,797.6,810.05,664899,5441.86,32109,220690.0,33.19,2026-09-22
BBTC,EQ,22-Sep-2026,1484.6,1493.0,1497.9,1453.2,1460.4,48718,715.18,4648,19696.0,40.43,2026-09-22
BBTCL,EQ,22-Sep-2026,235.61,237.78,238.8,232.0,234.0,1933,4.54,128,1600.0,82.77,2026-09-22
BCG,EQ,22-Sep-2026,9.67,9.7,9.74,9.55,9.6,5240142,504.23,5302,2686897.0,51.28,2026-09-22
BCLIND,EQ,22-Sep-2026,33.32,33.49,33.59,33.11,33.48,419750,139.99,2132,224043.0,53.38,2026-09-22
BCONCEPTS,EQ,22-Sep-2026,151.94,153.7,153.71,149.0,152.58,6771,10.3,337,4756.0,70.24,2026-09-22
BCPL,EQ,22-Sep-2026,70.26,70.26,72.0,68.6,69.31,7514,5.26,337,5007.0,66.64,2026-09-22
BDL,EQ,22-Sep-2026,1175.0,1185.0,1192.6,1164.0,1168.0,523381,6153.98,18609,156848.0,29.97,2026-09-22
BEACON,SM,22-Sep-2026,79.8,81.7,83.75,80.05,83.75,15000,12.35,14,14000.0,93.33,2026-09-22
BEARDSELL,EQ,22-Sep-2026,24.21,24.85,24.85,23.5,24.41,39301,9.43,352,29024.0,73.85,2026-09-22
BECTORFOOD,EQ,22-Sep-2026,225.68,225.86,226.9,217.01,217.81,1284560,2831.97,26455,481675.0,37.5,2026-09-22
BEDMUTHA,EQ,22-Sep-2026,103.47,104.51,105.8,101.4,102.57,4118,4.3,87,3507.0,85.16,2026-09-22
BEEKAY,EQ,22-Sep-2026,429.7,427.6,434.4,419.5,420.8,349,1.49,50,272.0,77.94,2026-09-22
BEL,EQ,22-Sep-2026,398.5,398.5,400.65,395.8,397.9,8488775,33777.58,88270,5176429.0,60.98,2026-09-22
BELLACASA,EQ,22-Sep-2026,273.31,276.86,285.0,266.3,279.3,21237,58.21,828,16468.0,77.54,2026-09-22
BELRISE,EQ,22-Sep-2026,241.89,242.0,248.8,242.0,244.74,4815462,11811.59,56204,2223405.0,46.17,2026-09-22
BEML,EQ,22-Sep-2026,2097.9,2100.0,2120.0,2076.2,2096.8,221034,4638.61,17731,69274.0,31.34,2026-09-22
BENARAS,EQ,22-Sep-2026,10373.0,10380.0,10449.0,10100.0,10254.0,52,5.36,18,49.0,94.23,2026-09-22
BENGALASM,EQ,22-Sep-2026,6215.5,6155.5,6250.0,6155.5,6173.5,152,9.41,72,91.0,59.87,2026-09-22
BEPL,EQ,22-Sep-2026,128.1,129.35,132.8,128.52,130.23,1665214,2180.48,14973,454602.0,27.3,2026-09-22
BERGEPAINT,EQ,22-Sep-2026,450.6,453.0,456.9,448.0,452.6,454498,2051.11,15739,247889.0,54.54,2026-09-22
BESTAGRO,EQ,22-Sep-2026,18.54,18.7,18.75,18.21,18.34,640357,118.52,1777,265580.0,41.47,2026-09-22
BETA,EQ,22-Sep-2026,2074.6,2080.0,2170.0,2063.4,2105.0,20315,428.81,3277,7166.0,35.27,2026-09-22
BEWLTD,SM,22-Sep-2026,52.05,51.0,62.45,51.0,61.35,85500,48.74,133,73500.0,85.96,2026-09-22
BFINVEST,EQ,22-Sep-2026,444.5,446.2,446.95,442.0,443.75,11376,50.47,745,6791.0,59.7,2026-09-22
BFSI,EQ,22-Sep-2026,26.63,25.96,26.73,25.96,26.46,181085,48.06,818,96712.0,53.41,2026-09-22
BFUTILITIE,EQ,22-Sep-2026,532.35,537.9,537.9,525.0,527.45,30977,164.01,1495,15956.0,51.51,2026-09-22
BGRENERGY,BE,22-Sep-2026,268.4,268.4,281.0,268.4,271.56,64190,177.02,878,,,2026-09-22
BHADORA,ST,22-Sep-2026,125.95,130.95,130.95,122.5,127.2,33600,43.11,27,31200.0,92.86,2026-09-22
BHAGCHEM,EQ,22-Sep-2026,245.75,245.1,251.9,242.5,243.85,83051,204.86,1792,44228.0,53.25,2026-09-22
BHAGERIA,EQ,22-Sep-2026,361.4,367.0,367.0,342.0,345.25,221218,778.57,3658,130178.0,58.85,2026-09-22
BHAGYANGR,EQ,22-Sep-2026,432.85,435.55,448.0,421.0,426.05,115065,497.53,5152,52421.0,45.56,2026-09-22
BHANDARI,EQ,22-Sep-2026,2.96,3.0,3.0,2.96,2.96,71168,2.11,185,68976.0,96.92,2026-09-22
BHARATCOAL,EQ,22-Sep-2026,32.27,32.35,32.8,32.15,32.24,2812928,912.88,11316,1179903.0,41.95,2026-09-22
BHARATFORG,EQ,22-Sep-2026,1968.9,1965.0,2010.0,1965.0,2009.0,982220,19614.95,48733,524736.0,53.42,2026-09-22
BHARATGEAR,BE,22-Sep-2026,100.08,100.89,100.89,100.06,100.4,7351,7.38,120,,,2026-09-22
BHARATRAS,EQ,22-Sep-2026,1109.1,1117.9,1142.0,1110.5,1129.4,10860,123.18,1441,5679.0,52.29,2026-09-22
BHARATSE,EQ,22-Sep-2026,212.36,214.68,229.55,213.42,219.86,746137,1673.92,16023,119194.0,15.97,2026-09-22
BHARATWIRE,EQ,22-Sep-2026,170.47,170.47,174.0,166.37,167.89,109806,185.24,2348,63045.0,57.41,2026-09-22
BHARTIARTL,EQ,22-Sep-2026,1830.2,1833.9,1836.3,1813.0,1817.2,4134236,75418.39,137901,2491873.0,60.27,2026-09-22
BHARTIHEXA,EQ,22-Sep-2026,1522.0,1533.4,1550.0,1526.4,1534.3,37934,584.14,8806,20002.0,52.73,2026-09-22
BHEL,EQ,22-Sep-2026,433.4,435.2,439.7,424.65,425.8,4718245,20356.59,51355,1671641.0,35.43,2026-09-22
BI,BE,22-Sep-2026,109.17,106.99,107.0,106.99,107.0,55366,59.24,61,,,2026-09-22
BIGBLOC,EQ,22-Sep-2026,39.61,40.4,41.35,39.5,40.4,35066,14.08,492,28897.0,82.41,2026-09-22
BIKAJI,EQ,22-Sep-2026,558.95,559.0,561.5,552.0,553.65,215549,1203.36,5008,176774.0,82.01,2026-09-22
BIKEWO,ST,22-Sep-2026,121.8,124.3,127.85,124.0,127.85,132000,167.51,48,128000.0,96.97,2026-09-22
BIL,EQ,22-Sep-2026,1044.35,1088.0,1088.0,1042.55,1050.5,6091,64.09,489,3979.0,65.33,2026-09-22
BILVYAPAR,BE,22-Sep-2026,4.15,4.1,4.24,4.1,4.23,597,0.03,7,,,2026-09-22
BIMETAL,EQ,22-Sep-2026,662.4,664.0,672.0,655.0,661.45,851,5.64,84,688.0,80.85,2026-09-22
BIOCON,EQ,22-Sep-2026,395.0,394.3,396.25,389.0,390.0,2816261,11048.2,33946,1546948.0,54.93,2026-09-22
BIOFILCHEM,EQ,22-Sep-2026,32.61,32.56,33.29,32.34,32.88,7771,2.54,361,4740.0,61.0,2026-09-22
BIOPOL,SM,22-Sep-2026,48.0,50.0,50.0,46.05,47.45,26400,12.72,22,20400.0,77.27,2026-09-22
BIRET,RR,22-Sep-2026,339.1,339.67,339.71,338.0,338.98,389735,1321.15,9599,371835.0,95.41,2026-09-22
BIRLACABLE,EQ,22-Sep-2026,389.05,389.05,401.85,371.3,375.25,412134,1577.0,12103,195655.0,47.47,2026-09-22
BIRLACORPN,EQ,22-Sep-2026,825.05,827.0,832.95,816.0,817.6,18917,155.62,2419,9142.0,48.33,2026-09-22
BIRLAMONEY,EQ,22-Sep-2026,120.77,120.77,122.78,118.0,118.44,29095,34.73,1006,21755.0,74.77,2026-09-22
BIRLANU,EQ,22-Sep-2026,1388.8,1395.0,1428.0,1372.5,1385.6,5042,69.73,840,3591.0,71.22,2026-09-22
BIRLAPREC,BE,22-Sep-2026,55.92,55.5,56.49,53.66,53.98,87252,47.7,437,,,2026-09-22
BLACKBUCK,EQ,22-Sep-2026,629.95,635.0,659.7,618.15,620.35,2055001,13188.87,78250,689892.0,33.57,2026-09-22
BLACKROSE,BE,22-Sep-2026,110.95,111.2,113.8,111.0,113.25,51989,58.47,338,,,2026-09-22
BLAL,EQ,22-Sep-2026,165.24,166.61,167.08,163.25,164.24,7668,12.67,238,4528.0,59.05,2026-09-22
BLBLIMITED,EQ,22-Sep-2026,15.99,16.25,16.3,15.91,16.22,133466,21.46,265,124016.0,92.92,2026-09-22
BLEL,EQ,22-Sep-2026,439.55,447.0,475.0,445.15,469.05,1603310,7468.47,40842,448012.0,27.94,2026-09-22
BLIL,EQ,22-Sep-2026,67.38,67.35,67.5,66.8,67.35,45812,30.75,987,34142.0,74.53,2026-09-22
BLISSGVS,BE,22-Sep-2026,661.55,661.55,694.6,651.55,694.6,353104,2435.86,3759,,,2026-09-22
BLKASHYAP,EQ,22-Sep-2026,51.56,51.8,53.2,51.06,51.53,237471,123.9,1522,103128.0,43.43,2026-09-22
BLS,EQ,22-Sep-2026,232.54,234.0,234.0,228.0,228.71,579169,1333.37,13682,281236.0,48.56,2026-09-22
BLSE,EQ,22-Sep-2026,317.25,317.9,339.8,317.4,328.1,1257827,4190.75,21562,431883.0,34.34,2026-09-22
BLUECLOUDS,EQ,22-Sep-2026,19.07,19.27,19.37,18.95,19.17,546154,104.6,1755,267828.0,49.04,2026-09-22
BLUECOAST,EQ,22-Sep-2026,20.56,21.0,21.58,19.56,19.83,1308,0.28,40,641.0,49.01,2026-09-22
BLUEDART,EQ,22-Sep-2026,4806.2,4806.2,4844.9,4780.0,4786.6,7423,357.05,1964,4018.0,54.13,2026-09-22
BLUEJET,EQ,22-Sep-2026,579.65,584.0,602.65,580.55,587.3,621304,3672.41,23423,296937.0,47.79,2026-09-22
BLUEPEBBLE,ST,22-Sep-2026,80.0,76.9,76.9,76.0,76.0,1200,0.92,3,1200.0,100.0,2026-09-22
BLUESTARCO,EQ,22-Sep-2026,1565.0,1572.0,1572.2,1519.5,1525.0,739436,11390.54,51830,319249.0,43.17,2026-09-22
BLUESTONE,EQ,22-Sep-2026,845.45,850.7,950.0,847.95,930.4,3686322,33401.37,114306,785560.0,21.31,2026-09-22
BLUEWATER,ST,22-Sep-2026,479.95,485.95,490.0,475.0,482.0,41000,198.25,27,26000.0,63.41,2026-09-22
BLUSPRING,EQ,22-Sep-2026,121.89,121.89,127.57,121.89,125.47,222765,279.18,3057,99212.0,44.54,2026-09-22
BMETRICS,SM,22-Sep-2026,33.95,33.9,33.9,33.0,33.0,1600,0.54,2,1600.0,100.0,2026-09-22
BMLL,SM,22-Sep-2026,160.0,155.0,161.5,151.1,160.5,20000,31.85,16,13000.0,65.0,2026-09-22
BMWVENTLTD,EQ,22-Sep-2026,50.47,50.9,52.73,50.58,51.92,228231,118.51,1840,157917.0,69.19,2026-09-22
BNAGROCHEM,EQ,22-Sep-2026,206.6,208.67,209.99,200.0,200.85,355,0.73,16,352.0,99.15,2026-09-22
BNKETFAXIS,EQ,22-Sep-2026,582.54,583.46,584.78,579.49,580.18,794,4.62,34,327.0,41.18,2026-09-22
BODALCHEM,EQ,22-Sep-2026,197.71,199.55,206.0,187.83,192.9,2856632,5605.21,22750,1180349.0,41.32,2026-09-22
BOHRAIND,EQ,22-Sep-2026,12.7,13.2,13.8,12.36,13.26,6365,0.85,67,4979.0,78.22,2026-09-22
BOMDYEING,EQ,22-Sep-2026,110.02,110.5,111.6,108.85,109.58,411668,453.11,3707,195187.0,47.41,2026-09-22
BONLON,EQ,22-Sep-2026,39.35,41.34,41.5,39.8,40.07,12082,4.86,228,5662.0,46.86,2026-09-22
BORANA,EQ,22-Sep-2026,296.85,295.05,301.0,291.25,292.4,24044,70.86,462,16452.0,68.42,2026-09-22
BOROLTD,EQ,22-Sep-2026,261.14,260.0,269.7,259.62,263.57,230571,609.22,5196,64008.0,27.76,2026-09-22
BORORENEW,EQ,22-Sep-2026,473.75,476.9,489.7,472.1,474.7,666860,3203.76,28556,262866.0,39.42,2026-09-22
BOROSCI,EQ,22-Sep-2026,119.11,122.75,126.35,116.7,119.81,329680,402.39,3586,142647.0,43.27,2026-09-22
BOSCH-HCIL,EQ,22-Sep-2026,1685.7,1681.1,1749.6,1681.1,1720.8,31143,537.27,3309,16023.0,51.45,2026-09-22
BOSCHLTD,EQ,22-Sep-2026,47565.0,47795.0,48290.0,47530.0,48290.0,17807,8534.16,8164,10077.0,56.59,2026-09-22
BOSS,ST,22-Sep-2026,60.1,57.1,57.1,57.1,57.1,2000,1.14,1,2000.0,100.0,2026-09-22
BPCL,EQ,22-Sep-2026,312.75,315.0,318.2,308.15,313.6,10959640,34249.51,57286,6254291.0,57.07,2026-09-22
BPL,EQ,22-Sep-2026,44.96,45.8,46.06,44.99,45.2,33419,15.2,717,19958.0,59.72,2026-09-22
BPLPHARMA,EQ,22-Sep-2026,1541.7,1560.0,1560.0,1531.0,1531.7,1688,26.13,149,1547.0,91.65,2026-09-22
BRACEPORT,SM,22-Sep-2026,60.0,62.95,65.9,62.9,64.8,16000,10.22,10,11200.0,70.0,2026-09-22
BRAHMINFRA,EQ,22-Sep-2026,160.92,164.3,164.3,155.01,156.51,8121,12.77,399,6920.0,85.21,2026-09-22
BRANDMAN,SM,22-Sep-2026,162.25,164.8,165.9,158.55,160.0,16800,27.09,14,12800.0,76.19,2026-09-22
BRIGADE,EQ,22-Sep-2026,608.75,608.9,624.0,605.45,616.55,276171,1690.97,18625,107319.0,38.86,2026-09-22
BRIGHOTEL,EQ,22-Sep-2026,56.4,56.29,57.5,56.08,56.48,114783,65.09,2322,75046.0,65.38,2026-09-22
BRIGHTBR,EQ,22-Sep-2026,253.5,244.0,255.5,244.0,252.95,1978,5.03,124,1836.0,92.82,2026-09-22
BRITANNIA,EQ,22-Sep-2026,5023.0,5030.0,5030.0,4915.0,4918.0,177451,8786.24,18662,99883.0,56.29,2026-09-22
BRNL,EQ,22-Sep-2026,16.1,16.1,16.9,16.1,16.67,20908,3.48,251,15789.0,75.52,2026-09-22
BROOKS,EQ,22-Sep-2026,59.09,60.0,60.55,59.01,59.09,24690,14.67,590,20226.0,81.92,2026-09-22
BSE,EQ,22-Sep-2026,3161.0,3170.8,3254.0,3170.8,3235.0,3165566,102089.63,136584,1141826.0,36.07,2026-09-22
BSE500IETF,EQ,22-Sep-2026,38.78,38.78,38.88,38.6,38.7,1326306,513.3,1352,1293502.0,97.53,2026-09-22
BSHSL,EQ,22-Sep-2026,84.93,86.1,88.0,85.3,85.64,4737,4.1,110,3726.0,78.66,2026-09-22
BSL,EQ,22-Sep-2026,126.15,123.63,126.93,123.02,125.54,1430,1.79,68,1176.0,82.24,2026-09-22
BSLGOLDETF,EQ,22-Sep-2026,133.72,133.08,133.71,132.24,133.06,426280,566.35,2242,199967.0,46.91,2026-09-22
BSLNIFTY,EQ,22-Sep-2026,27.56,27.56,28.24,27.2,27.48,729462,200.47,3486,627440.0,86.01,2026-09-22
BSLSENETFG,EQ,22-Sep-2026,75.5,76.59,76.59,74.75,75.16,3184,2.4,59,1615.0,50.72,2026-09-22
BSOFT,EQ,22-Sep-2026,284.15,284.15,284.5,280.75,281.15,486688,1371.87,14495,255641.0,52.53,2026-09-22
BTML,EQ,22-Sep-2026,7.13,7.44,7.44,7.11,7.15,186655,13.5,307,171716.0,92.0,2026-09-22
BTTL,BE,22-Sep-2026,39.84,41.0,41.0,39.5,39.5,11160,4.44,67,,,2026-09-22
BUILDPRO,EQ,22-Sep-2026,1280.0,1287.0,1344.0,1285.0,1310.8,110920,1466.05,6746,67772.0,61.1,2026-09-22
BULKCORP,ST,22-Sep-2026,81.0,82.5,82.5,76.95,78.0,14400,11.64,12,14400.0,100.0,2026-09-22
BURNPUR,BE,22-Sep-2026,16.96,16.79,16.79,16.12,16.12,27608,4.46,194,,,2026-09-22
BUTTERFLY,EQ,22-Sep-2026,574.35,580.0,585.75,559.75,562.3,38079,216.47,1392,26403.0,69.34,2026-09-22
BVCL,EQ,22-Sep-2026,41.09,41.35,43.2,40.7,41.57,38781,16.18,782,26247.0,67.68,2026-09-22
BYKE,EQ,22-Sep-2026,30.44,31.0,31.0,29.65,30.31,10737,3.24,128,10406.0,96.92,2026-09-22
C2C,SM,22-Sep-2026,185.25,190.0,193.0,185.3,187.6,107100,202.33,485,69450.0,64.85,2026-09-22
CALSOFT,BE,22-Sep-2026,41.14,40.75,40.8,39.09,39.64,285980,113.12,1186,,,2026-09-22
CAMLINFINE,EQ,22-Sep-2026,98.75,99.0,100.5,96.0,96.45,1677989,1629.84,10420,930613.0,55.46,2026-09-22
CAMPUS,EQ,22-Sep-2026,211.16,211.16,214.2,210.5,211.35,257451,545.53,8071,111008.0,43.12,2026-09-22
CAMS,EQ,22-Sep-2026,703.85,707.95,714.5,704.0,704.0,949770,6735.71,33270,508400.0,53.53,2026-09-22
CANARYS,SM,22-Sep-2026,28.55,28.5,30.95,28.5,30.5,424000,127.66,100,304000.0,71.7,2026-09-22
CANBK,EQ,22-Sep-2026,123.7,124.02,124.69,122.8,122.9,7064389,8722.39,46850,3105906.0,43.97,2026-09-22
CANFINHOME,EQ,22-Sep-2026,769.9,770.0,775.55,755.3,759.55,339027,2590.82,13763,191092.0,56.36,2026-09-22
CANHLIFE,EQ,22-Sep-2026,152.97,154.0,154.45,151.63,153.4,425119,651.71,6847,252639.0,59.43,2026-09-22
CANTABIL,EQ,22-Sep-2026,241.08,241.0,243.0,238.0,238.85,112830,271.07,1658,72342.0,64.12,2026-09-22
CAPACITE,EQ,22-Sep-2026,195.02,195.32,197.71,194.02,194.73,146197,286.47,3258,59806.0,40.91,2026-09-22
CAPILLARY,EQ,22-Sep-2026,510.15,511.0,556.8,509.35,547.1,1529129,8324.09,48429,435821.0,28.5,2026-09-22
CAPINVIT,IV,22-Sep-2026,77.07,77.19,77.4,76.8,76.93,6672194,5137.59,3377,6632908.0,99.41,2026-09-22
CAPITALSFB,EQ,22-Sep-2026,282.0,281.8,282.4,277.2,281.3,11748,33.0,355,5206.0,44.31,2026-09-22
CAPLIPOINT,EQ,22-Sep-2026,2756.6,2768.9,2840.0,2762.1,2777.3,118478,3325.98,16742,49208.0,41.53,2026-09-22
CAPTRUST,BE,22-Sep-2026,18.92,19.5,19.5,18.74,19.5,3792,0.74,70,,,2026-09-22
CARBORUNIV,EQ,22-Sep-2026,1178.9,1177.5,1239.8,1177.0,1211.3,970152,11751.53,52514,320654.0,33.05,2026-09-22
CARERATING,EQ,22-Sep-2026,1627.6,1622.0,1641.3,1605.6,1627.8,157788,2561.74,9142,120473.0,76.35,2026-09-22
CARRARO,EQ,22-Sep-2026,528.35,529.0,551.0,529.0,542.3,146505,792.52,6244,60731.0,41.45,2026-09-22
CARTRADE,EQ,22-Sep-2026,2918.0,2920.0,2973.6,2900.1,2907.9,196801,5761.45,27178,100161.0,50.89,2026-09-22
CARYSIL,EQ,22-Sep-2026,1064.9,1070.9,1080.9,1060.0,1065.3,76582,818.17,6991,37805.0,49.37,2026-09-22
CASHIETF,EQ,22-Sep-2026,1080.39,1080.54,1080.56,1080.54,1080.54,130946,1414.95,380,115123.0,87.92,2026-09-22
CASTROLIND,EQ,22-Sep-2026,193.5,193.89,196.0,193.2,195.61,3487992,6807.28,42399,2141999.0,61.41,2026-09-22
CBAZAAR,SM,22-Sep-2026,4.6,4.8,4.8,4.75,4.8,40000,1.92,5,40000.0,100.0,2026-09-22
CCAVENUE,EQ,22-Sep-2026,16.0,16.08,16.83,16.02,16.11,21347420,3504.67,30770,5263718.0,24.66,2026-09-22
CCCL,EQ,22-Sep-2026,13.55,13.55,13.79,13.55,13.6,109103,14.89,370,84648.0,77.59,2026-09-22
CCHHL,EQ,22-Sep-2026,13.02,13.02,13.25,12.62,12.94,18869,2.44,121,11999.0,63.59,2026-09-22
CCL,EQ,22-Sep-2026,1071.0,1073.0,1074.5,1044.1,1050.0,156624,1646.36,21241,78436.0,50.08,2026-09-22
CDSL,EQ,22-Sep-2026,1361.0,1361.0,1374.0,1342.5,1348.0,721143,9771.62,29932,220532.0,30.58,2026-09-22
CEATLTD,EQ,22-Sep-2026,3392.7,3411.9,3422.0,3360.1,3401.4,54853,1861.77,9174,18337.0,33.43,2026-09-22
CEDAAR,ST,22-Sep-2026,11.0,10.65,11.0,10.65,11.0,4000,0.43,4,4000.0,100.0,2026-09-22
CEIGALL,EQ,22-Sep-2026,379.95,381.7,381.7,369.1,377.2,375674,1408.97,7145,165460.0,44.04,2026-09-22
CEINSYS,EQ,22-Sep-2026,709.65,713.0,715.0,690.0,701.5,75985,534.97,3232,39848.0,52.44,2026-09-22
CELEBRITY,EQ,22-Sep-2026,6.64,6.7,6.82,6.37,6.79,29456,1.95,143,24991.0,84.84,2026-09-22
CELLECOR,SM,22-Sep-2026,29.2,29.2,31.0,29.05,30.4,339000,101.99,67,285000.0,84.07,2026-09-22
CELLO,EQ,22-Sep-2026,321.95,321.95,325.4,318.85,320.3,245545,791.17,8662,151916.0,61.87,2026-09-22
CELLPOINT,SM,22-Sep-2026,14.75,14.2,14.65,14.1,14.1,7200,1.03,5,6000.0,83.33,2026-09-22
CEMNTGROWW,EQ,22-Sep-2026,14.25,13.89,14.35,13.89,14.3,30136,4.28,285,14117.0,46.84,2026-09-22
CEMPRO,EQ,22-Sep-2026,1256.5,1256.5,1319.3,1252.5,1319.3,316336,4136.19,15706,177646.0,56.16,2026-09-22
CENTENKA,EQ,22-Sep-2026,571.9,571.9,584.0,565.2,567.4,19449,111.61,1852,8145.0,41.88,2026-09-22
CENTEXT,EQ,22-Sep-2026,19.35,19.57,19.79,18.35,18.63,346646,66.48,1248,239198.0,69.0,2026-09-22
CENTRALBK,EQ,22-Sep-2026,31.49,31.53,31.69,31.26,31.37,2768742,870.69,11358,1315718.0,47.52,2026-09-22
CENTRUM,EQ,22-Sep-2026,21.85,22.19,22.34,21.3,21.43,232939,50.26,567,161867.0,69.49,2026-09-22
CENTUM,EQ,22-Sep-2026,4739.2,4745.0,4894.8,4640.0,4858.7,98747,4707.87,19508,30634.0,31.02,2026-09-22
CENTURYPLY,EQ,22-Sep-2026,703.35,706.9,716.3,692.35,695.6,162121,1134.06,11355,109903.0,67.79,2026-09-22
CERA,EQ,22-Sep-2026,5528.0,5525.0,5579.5,5484.0,5501.0,5363,295.78,1376,2929.0,54.61,2026-09-22
CESC,EQ,22-Sep-2026,143.47,144.0,144.22,142.28,142.52,1319444,1889.09,16249,705134.0,53.44,2026-09-22
CEWATER,EQ,22-Sep-2026,279.6,277.8,281.1,274.0,278.75,54231,150.75,2438,26530.0,48.92,2026-09-22
CFEL,BE,22-Sep-2026,48.84,49.75,49.75,47.0,47.32,11513,5.5,97,,,2026-09-22
CGCL,EQ,22-Sep-2026,268.85,269.5,271.8,265.1,267.05,2002679,5382.55,22163,1001744.0,50.02,2026-09-22
CGPOWER,EQ,22-Sep-2026,910.0,915.65,926.1,896.1,896.1,2299693,20914.63,56255,945941.0,41.13,2026-09-22
CGRAPHICS,SM,22-Sep-2026,135.45,135.45,138.95,134.8,137.4,17600,24.2,21,11200.0,63.64,2026-09-22
CGVAK,EQ,22-Sep-2026,145.77,151.0,151.0,141.0,145.41,2150,3.1,73,1889.0,87.86,2026-09-22
CHALET,EQ,22-Sep-2026,860.05,858.05,888.9,857.0,872.35,141251,1241.59,15316,47378.0,33.54,2026-09-22
CHAMBLFERT,EQ,22-Sep-2026,417.2,417.95,420.0,414.3,418.5,650166,2712.17,19778,425334.0,65.42,2026-09-22
CHAMUNDA,SM,22-Sep-2026,42.4,43.25,43.25,41.0,41.45,12000,5.03,4,12000.0,100.0,2026-09-22
CHANDAN,SM,22-Sep-2026,215.25,222.15,227.5,216.0,226.25,58400,131.19,72,34400.0,58.9,2026-09-22
CHAVDA,SM,22-Sep-2026,136.95,139.7,144.5,139.0,140.0,113000,159.51,97,59000.0,52.21,2026-09-22
CHEMBOND,EQ,22-Sep-2026,187.04,190.2,198.99,185.25,192.77,15681,30.02,568,10437.0,66.56,2026-09-22
CHEMBONDCH,BE,22-Sep-2026,261.5,260.2,268.25,258.0,260.4,4460,11.59,175,,,2026-09-22
CHEMCON,BE,22-Sep-2026,225.8,225.8,235.0,224.68,227.4,64232,147.23,793,,,2026-09-22
CHEMCRUX,EQ,22-Sep-2026,79.23,79.4,82.1,78.0,78.57,8574,6.78,217,7432.0,86.68,2026-09-22
CHEMFAB,EQ,22-Sep-2026,359.3,367.45,367.45,352.1,354.0,3146,11.2,184,2270.0,72.16,2026-09-22
CHEMICAL,EQ,22-Sep-2026,29.39,29.6,29.68,29.36,29.45,550652,162.7,731,410498.0,74.55,2026-09-22
CHEMPLASTS,EQ,22-Sep-2026,181.17,181.0,202.45,178.5,198.67,7329815,14371.18,92624,665428.0,9.08,2026-09-22
CHENNPETRO,EQ,22-Sep-2026,1375.5,1375.5,1405.0,1362.0,1392.0,1113436,15409.92,47237,315087.0,28.3,2026-09-22
CHETANA,SM,22-Sep-2026,40.2,40.0,41.9,40.0,41.9,6400,2.65,4,4800.0,75.0,2026-09-22
CHEVIOT,EQ,22-Sep-2026,1168.4,1160.1,1190.0,1156.1,1170.4,2309,27.11,239,1535.0,66.48,2026-09-22
CHOICEGOLD,EQ,22-Sep-2026,150.99,150.9,150.99,149.0,149.56,5647,8.46,136,2050.0,36.3,2026-09-22
CHOICEIN,EQ,22-Sep-2026,782.05,783.95,785.4,753.6,760.9,318303,2444.2,7768,139555.0,43.84,2026-09-22
CHOLAFIN,EQ,22-Sep-2026,1764.0,1769.9,1779.4,1756.8,1759.1,906681,16002.15,51235,595997.0,65.73,2026-09-22
CHOLAHLDNG,EQ,22-Sep-2026,1474.8,1476.0,1481.1,1442.8,1459.6,138445,2021.94,15312,86694.0,62.62,2026-09-22
CIEINDIA,EQ,22-Sep-2026,395.15,396.8,398.1,389.1,390.6,173881,684.64,12605,88801.0,51.07,2026-09-22
CIFL,EQ,22-Sep-2026,20.02,20.29,21.7,20.1,21.27,268122,56.26,1252,163943.0,61.14,2026-09-22
CINELINE,EQ,22-Sep-2026,90.31,92.0,92.0,88.0,89.16,26334,23.46,262,22510.0,85.48,2026-09-22
CINEVISTA,EQ,22-Sep-2026,14.14,14.2,16.15,14.05,14.51,150406,22.88,616,75070.0,49.91,2026-09-22
CIPLA,EQ,22-Sep-2026,1386.1,1386.3,1388.7,1364.5,1384.1,767139,10518.22,36733,359861.0,46.91,2026-09-22
CITIUSINVT,IV,22-Sep-2026,118.43,118.47,119.9,115.98,118.56,38489,45.47,586,33581.0,87.25,2026-09-22
CKKRETAIL,SM,22-Sep-2026,185.0,183.4,183.4,173.5,174.75,21600,38.33,13,9600.0,44.44,2026-09-22
CLASSICEIL,SM,22-Sep-2026,50.5,50.8,52.5,50.8,52.45,14400,7.52,9,12800.0,88.89,2026-09-22
CLAYCRAFT,SM,22-Sep-2026,163.35,163.5,164.95,158.4,164.75,72000,116.13,79,57600.0,80.0,2026-09-22
CLEAN,EQ,22-Sep-2026,834.9,840.0,843.0,830.55,833.2,195980,1638.37,18599,95371.0,48.66,2026-09-22
CLEANMAX,EQ,22-Sep-2026,1340.5,1349.5,1415.9,1340.3,1367.5,226917,3133.4,32817,96857.0,42.68,2026-09-22
CLEDUCATE,EQ,22-Sep-2026,56.75,56.99,57.89,55.0,55.38,4261,2.37,108,3430.0,80.5,2026-09-22
CLSEL,EQ,22-Sep-2026,293.25,291.65,296.9,291.65,293.4,28674,84.31,1211,16633.0,58.01,2026-09-22
CLSL,ST,22-Sep-2026,72.0,70.05,70.05,70.05,70.05,2000,1.4,1,2000.0,100.0,2026-09-22
CMLL,EQ,22-Sep-2026,475.95,480.85,495.0,475.15,490.9,348444,1702.42,12014,144649.0,41.51,2026-09-22
CMNL,SM,22-Sep-2026,111.25,107.6,116.0,107.6,116.0,4500,5.07,5,3000.0,66.67,2026-09-22
CMPDI,EQ,22-Sep-2026,209.96,210.01,213.9,207.76,209.34,605161,1274.87,9418,299355.0,49.47,2026-09-22
CMRGREEN,EQ,22-Sep-2026,229.9,231.0,238.85,227.75,229.49,642934,1500.03,18207,294016.0,45.73,2026-09-22
CMSINFO,EQ,22-Sep-2026,232.14,232.95,235.74,230.55,234.62,474646,1105.02,9848,251374.0,52.96,2026-09-22
CNL,EQ,22-Sep-2026,1139.4,1148.0,1153.5,1098.1,1108.1,17470,196.19,2063,10484.0,60.01,2026-09-22
COALINDIA,EQ,22-Sep-2026,414.7,424.7,428.75,419.65,428.0,16676174,71023.33,199503,8058415.0,48.32,2026-09-22
COASTCORP,EQ,22-Sep-2026,38.94,39.49,39.49,37.93,38.19,35585,13.64,540,23574.0,66.25,2026-09-22
COCHINSHIP,EQ,22-Sep-2026,1385.0,1390.0,1411.0,1376.5,1388.9,830403,11572.64,30369,284306.0,34.24,2026-09-22
COCKERILL,EQ,22-Sep-2026,8055.0,8050.5,8289.5,8030.5,8178.0,3955,322.49,1211,1773.0,44.83,2026-09-22
COFFEEDAY,EQ,22-Sep-2026,30.15,30.49,31.32,30.01,30.59,325352,99.58,1903,194383.0,59.75,2026-09-22
COFORGE,EQ,22-Sep-2026,1814.0,1814.0,1818.0,1784.4,1803.0,1220431,22004.98,46888,637789.0,52.26,2026-09-22
COHANCE,EQ,22-Sep-2026,460.45,461.35,468.55,451.6,452.75,705248,3240.6,22134,244831.0,34.72,2026-09-22
COLPAL,EQ,22-Sep-2026,1892.0,1892.1,1892.3,1863.0,1869.0,200338,3747.41,14051,102793.0,51.31,2026-09-22
COMFINTE,EQ,22-Sep-2026,5.72,5.89,5.89,5.72,5.8,117214,6.77,318,90127.0,76.89,2026-09-22
COMMITTED,SM,22-Sep-2026,329.85,329.85,334.95,320.1,322.7,8000,26.04,10,6400.0,80.0,2026-09-22
COMMOIETF,EQ,22-Sep-2026,97.49,97.96,98.98,97.11,97.67,103277,100.84,892,64221.0,62.18,2026-09-22
COMPEAU,EQ,22-Sep-2026,366.6,364.0,364.0,364.0,364.0,65,0.24,6,65.0,100.0,2026-09-22
COMPINFO,BZ,22-Sep-2026,1.06,1.06,1.11,1.01,1.08,19953,0.21,46,,,2026-09-22
COMPUSOFT,EQ,22-Sep-2026,13.35,13.79,13.79,13.07,13.24,17471,2.33,161,11379.0,65.13,2026-09-22
COMSYN,EQ,22-Sep-2026,304.1,308.0,310.9,300.1,301.25,927179,2811.97,6032,328633.0,35.44,2026-09-22
CONCOR,EQ,22-Sep-2026,487.05,489.5,489.5,466.7,467.0,2828067,13397.09,37553,1261597.0,44.61,2026-09-22
CONCORDBIO,EQ,22-Sep-2026,1579.4,1588.0,1588.7,1522.8,1532.4,170913,2641.04,14984,75937.0,44.43,2026-09-22
CONFIPET,EQ,22-Sep-2026,88.96,88.92,90.54,86.3,86.76,1813161,1591.72,24502,854762.0,47.14,2026-09-22
CONNPLEX,SM,22-Sep-2026,260.2,260.5,268.95,259.0,261.0,48800,128.6,60,40000.0,81.97,2026-09-22
CONS,EQ,22-Sep-2026,11.91,11.91,11.91,11.84,11.85,8035,0.95,144,7191.0,89.5,2026-09-22
CONSOFINVT,BE,22-Sep-2026,301.8,312.75,312.75,300.0,300.25,5574,16.91,63,,,2026-09-22
CONSUMAXIS,EQ,22-Sep-2026,119.0,118.55,119.27,118.47,118.47,1278,1.52,20,678.0,53.05,2026-09-22
CONSUMBEES,EQ,22-Sep-2026,128.5,129.5,129.5,127.51,128.23,28104,36.1,601,15015.0,53.43,2026-09-22
CONSUMER,EQ,22-Sep-2026,11.84,11.85,11.88,11.8,11.84,40564,4.81,227,29079.0,71.69,2026-09-22
CONSUMIETF,EQ,22-Sep-2026,119.56,119.56,119.97,119.0,119.04,8207,9.79,143,3634.0,44.28,2026-09-22
CONTI,SM,22-Sep-2026,9.75,10.2,10.2,10.2,10.2,3333,0.34,1,3333.0,100.0,2026-09-22
CONTROLPR,EQ,22-Sep-2026,598.95,599.75,599.75,585.55,589.15,22760,135.26,1101,16195.0,71.16,2026-09-22
COOLCAPS,SM,22-Sep-2026,26.95,27.7,27.7,25.5,25.55,73750,19.72,51,63750.0,86.44,2026-09-22
CORALFINAC,EQ,22-Sep-2026,32.1,32.5,32.99,31.5,32.14,9094,2.92,117,7641.0,84.02,2026-09-22
CORDELIA,EQ,22-Sep-2026,113.67,114.49,115.47,111.33,112.18,1099605,1244.29,10163,488436.0,44.42,2026-09-22
CORDSCABLE,EQ,22-Sep-2026,355.35,361.0,389.0,360.0,382.9,391036,1475.73,10623,180641.0,46.2,2026-09-22
COROMANDEL,EQ,22-Sep-2026,1940.8,1935.0,1953.4,1935.0,1944.9,77210,1500.4,11871,50811.0,65.81,2026-09-22
CORONA,EQ,22-Sep-2026,2212.9,2212.9,2215.7,2171.2,2181.5,10943,239.66,1955,5906.0,53.97,2026-09-22
COSMOFIRST,EQ,22-Sep-2026,866.45,865.0,879.95,856.2,862.75,28152,244.11,2522,15724.0,55.85,2026-09-22
COUNCODOS,BE,22-Sep-2026,6.17,6.34,6.38,6.09,6.33,27955,1.76,70,,,2026-09-22
CPCAP,EQ,22-Sep-2026,156.9,160.5,160.5,151.11,151.7,38437,59.31,1201,26732.0,69.55,2026-09-22
CPEDU,EQ,22-Sep-2026,182.28,183.99,183.99,176.0,177.35,1229,2.17,78,1096.0,89.18,2026-09-22
CPL,EQ,22-Sep-2026,63.75,63.75,65.36,62.1,62.7,23267,14.73,374,12957.0,55.69,2026-09-22
CPPLUS,EQ,22-Sep-2026,3482.3,3500.1,3656.4,3500.1,3649.5,317707,11514.05,32174,162850.0,51.26,2026-09-22
CPSEETF,EQ,22-Sep-2026,92.72,90.4,93.52,90.4,92.94,663335,617.04,4168,474321.0,71.51,2026-09-22
CRAFTSMAN,EQ,22-Sep-2026,11006.0,11006.0,11018.0,10556.0,10602.0,81543,8771.57,17406,53427.0,65.52,2026-09-22
CRAMC,EQ,22-Sep-2026,231.1,231.6,234.75,226.2,227.9,551421,1266.04,10353,312120.0,56.6,2026-09-22
CRAVATEX,EQ,22-Sep-2026,335.75,335.75,335.85,325.0,326.15,1385,4.63,19,1211.0,87.44,2026-09-22
CRAYONS,SM,22-Sep-2026,23.7,24.5,24.5,24.5,24.5,2000,0.49,2,2000.0,100.0,2026-09-22
CREATIVEYE,EQ,22-Sep-2026,5.55,5.55,6.5,5.51,6.25,104668,6.59,248,71044.0,67.88,2026-09-22
CREDENT,SM,22-Sep-2026,358.0,358.9,378.95,356.1,376.05,174600,645.19,230,141600.0,81.1,2026-09-22
CREDITACC,EQ,22-Sep-2026,1393.0,1400.0,1400.0,1354.0,1357.9,130909,1790.26,14599,76435.0,58.39,2026-09-22
CREST,EQ,22-Sep-2026,367.05,368.5,385.0,362.0,363.7,2879,10.59,163,1730.0,60.09,2026-09-22
CRESTO,EQ,22-Sep-2026,16.01,16.49,19.21,16.21,19.21,200316,37.86,238,125733.0,62.77,2026-09-22
CRISIL,EQ,22-Sep-2026,4605.6,4597.5,4677.8,4515.5,4559.8,76168,3512.04,11024,45022.0,59.11,2026-09-22
CRIZAC,EQ,22-Sep-2026,176.49,176.99,180.25,176.2,177.03,104937,186.66,3219,50935.0,48.54,2026-09-22
CROMPTON,EQ,22-Sep-2026,225.05,224.75,225.71,221.76,222.0,2814418,6285.55,28964,1372421.0,48.76,2026-09-22
CROWN,EQ,22-Sep-2026,121.38,123.0,132.0,121.38,124.96,148899,189.96,1482,88726.0,59.59,2026-09-22
CRSL,BE,22-Sep-2026,2.53,2.59,2.65,2.48,2.61,262202,6.79,450,,,2026-09-22
CSBBANK,EQ,22-Sep-2026,334.8,336.0,340.9,331.25,334.95,231055,772.42,10336,105362.0,45.6,2026-09-22
CSLFINANCE,EQ,22-Sep-2026,220.46,224.5,224.5,217.62,220.24,12304,27.08,588,6242.0,50.73,2026-09-22
CSM,EQ,22-Sep-2026,108.19,112.0,112.0,103.06,105.15,525358,553.21,5707,179464.0,34.16,2026-09-22
CSSL,SM,22-Sep-2026,87.0,89.0,91.0,86.0,86.75,10000,8.85,10,7000.0,70.0,2026-09-22
CTE,BE,22-Sep-2026,42.73,43.89,43.89,41.21,43.81,11979,5.16,79,,,2026-09-22
CUB,EQ,22-Sep-2026,234.94,234.9,235.78,226.0,227.21,2192380,5015.46,32742,997367.0,45.49,2026-09-22
CUBEINVIT,IV,22-Sep-2026,156.25,156.25,156.99,155.95,156.33,1078216,1684.32,9899,1051857.0,97.56,2026-09-22
CUBEXTUB,EQ,22-Sep-2026,87.38,89.0,104.85,87.91,104.85,1043536,1040.23,10480,585205.0,56.08,2026-09-22
CUDML,SM,22-Sep-2026,105.25,106.05,108.0,101.0,102.35,56000,58.3,40,54000.0,96.43,2026-09-22
CUMMINSIND,EQ,22-Sep-2026,5067.0,5090.0,5128.5,4962.5,4962.5,314342,15785.62,36286,194715.0,61.94,2026-09-22
CUPID,EQ,22-Sep-2026,251.3,251.0,265.5,246.0,258.2,43352836,112117.46,249858,9304716.0,21.46,2026-09-22
CURAA,BE,22-Sep-2026,72.2,69.0,72.2,68.59,72.0,97,0.07,9,,,2026-09-22
CURIS,ST,22-Sep-2026,202.25,203.0,212.35,202.9,212.35,12000,25.03,12,12000.0,100.0,2026-09-22
CURRENT,SM,22-Sep-2026,82.5,83.0,87.95,83.0,87.95,4800,4.06,3,4800.0,100.0,2026-09-22
CYBERMEDIA,BE,22-Sep-2026,20.53,20.43,20.58,19.64,20.04,11638,2.33,114,,,2026-09-22
CYBERTECH,BE,22-Sep-2026,139.97,135.9,139.45,135.5,138.36,15623,21.4,173,,,2026-09-22
CYIENT,EQ,22-Sep-2026,1060.8,1064.8,1085.1,1032.0,1079.0,587228,6213.48,36351,292931.0,49.88,2026-09-22
CYIENTDLM,EQ,22-Sep-2026,912.4,915.0,938.8,913.7,917.2,281857,2605.22,19643,114647.0,40.68,2026-09-22
DABUR,EQ,22-Sep-2026,386.8,388.3,390.1,385.2,388.1,1352500,5245.38,22945,851422.0,62.95,2026-09-22
DAICHI,BE,22-Sep-2026,319.7,330.0,330.0,324.0,325.0,397,1.29,9,,,2026-09-22
DALBHARAT,EQ,22-Sep-2026,1764.4,1764.0,1785.4,1736.3,1741.6,35465,624.25,6847,18482.0,52.11,2026-09-22
DALMIASUG,EQ,22-Sep-2026,384.1,385.0,400.0,384.75,388.1,145352,570.26,7010,44344.0,30.51,2026-09-22
DAMCAPITAL,EQ,22-Sep-2026,137.32,137.32,139.5,137.1,137.7,109917,152.15,2241,48478.0,44.1,2026-09-22
DAMODARIND,BE,22-Sep-2026,28.05,28.05,29.15,27.7,28.87,1095,0.31,27,,,2026-09-22
DANGEE,EQ,22-Sep-2026,2.7,2.72,2.76,2.6,2.7,29077,0.78,92,26287.0,90.4,2026-09-22
DANISH,SM,22-Sep-2026,961.55,985.0,1010.0,956.0,986.25,28200,276.88,133,19800.0,70.21,2026-09-22
DATAMATICS,EQ,22-Sep-2026,773.85,773.0,776.0,755.15,765.3,38498,295.48,2502,18257.0,47.42,2026-09-22
DATAPATTNS,EQ,22-Sep-2026,4511.8,4541.7,4640.0,4462.4,4484.9,401737,18267.67,43119,96385.0,23.99,2026-09-22
DAVANGERE,EQ,22-Sep-2026,2.14,2.15,2.32,2.15,2.26,11390212,256.74,3857,6479086.0,56.88,2026-09-22
DBCORP,EQ,22-Sep-2026,182.62,184.62,184.62,181.55,183.04,62503,114.25,1922,40237.0,64.38,2026-09-22
DBEIL,EQ,22-Sep-2026,6.99,7.24,7.28,6.93,7.0,410139,28.95,470,316590.0,77.19,2026-09-22
DBL,EQ,22-Sep-2026,421.3,423.95,430.0,419.5,423.1,272116,1152.32,9132,132684.0,48.76,2026-09-22
DBOL,EQ,22-Sep-2026,113.31,113.21,116.33,113.01,114.81,96815,111.17,3186,48340.0,49.93,2026-09-22
DBREALTY,EQ,22-Sep-2026,95.29,95.0,98.39,95.0,96.65,827941,802.45,10919,443514.0,53.57,2026-09-22
DBSTOCKBRO,BE,22-Sep-2026,29.17,29.6,29.86,29.0,29.21,8974,2.63,56,,,2026-09-22
DCAL,EQ,22-Sep-2026,170.5,171.99,172.99,169.0,169.88,73638,125.65,1871,38134.0,51.79,2026-09-22
DCBBANK,EQ,22-Sep-2026,218.77,218.71,221.8,217.06,218.58,568379,1244.6,12026,291632.0,51.31,2026-09-22
DCG,ST,22-Sep-2026,74.6,70.95,71.0,70.9,70.9,34800,24.68,29,32400.0,93.1,2026-09-22
DCI,EQ,22-Sep-2026,272.55,273.0,283.3,273.0,275.85,54335,150.63,2253,25965.0,47.79,2026-09-22
DCM,EQ,22-Sep-2026,76.01,76.0,76.67,75.55,76.37,12046,9.14,69,11572.0,96.07,2026-09-22
DCMFINSERV,EQ,22-Sep-2026,4.9,5.39,5.39,4.9,5.09,8377,0.42,88,7141.0,85.25,2026-09-22
DCMNVL,EQ,22-Sep-2026,180.01,180.0,182.06,175.1,178.04,4551,8.19,160,3657.0,80.36,2026-09-22
DCMSHRIRAM,EQ,22-Sep-2026,984.2,984.2,993.6,976.6,979.3,35282,346.99,4914,18176.0,51.52,2026-09-22
DCMSIL,EQ,22-Sep-2026,69.6,69.5,71.5,69.04,70.42,64277,45.21,658,38055.0,59.2,2026-09-22
DCMSRIND,EQ,22-Sep-2026,38.1,38.1,39.13,37.6,37.87,227030,86.7,2032,138122.0,60.84,2026-09-22
DCW,EQ,22-Sep-2026,45.47,45.5,48.45,45.47,48.02,3396420,1603.07,14796,1462135.0,43.05,2026-09-22
DCXINDIA,EQ,22-Sep-2026,162.02,170.0,170.0,162.5,163.5,443850,735.43,7477,164583.0,37.08,2026-09-22
DDEVPLSTIK,EQ,22-Sep-2026,259.9,262.75,264.0,258.0,260.45,95768,249.38,2979,49046.0,51.21,2026-09-22
DECCANCE,EQ,22-Sep-2026,567.2,569.95,575.0,560.05,562.25,41769,237.04,1005,28288.0,67.72,2026-09-22
DECCANTRAN,SM,22-Sep-2026,23.0,21.35,21.35,21.3,21.3,2400,0.51,2,2400.0,100.0,2026-09-22
DECNGOLD,EQ,22-Sep-2026,217.04,217.99,226.5,217.02,225.17,1187001,2638.19,17205,546120.0,46.01,2026-09-22
DEEDEV,EQ,22-Sep-2026,681.1,677.95,695.7,677.95,691.8,112901,777.31,5660,61944.0,54.87,2026-09-22
DEEM,ST,22-Sep-2026,42.95,45.05,45.05,45.05,45.05,1000,0.45,1,1000.0,100.0,2026-09-22
DEEP,BE,22-Sep-2026,46.28,48.59,48.59,45.1,45.56,8005,3.68,60,,,2026-09-22
DEEPA,EQ,22-Sep-2026,183.06,184.0,192.0,181.94,188.43,2177575,4102.89,28647,588426.0,27.02,2026-09-22
DEEPAKFERT,EQ,22-Sep-2026,1365.9,1365.9,1386.7,1337.5,1340.4,165923,2245.5,13828,72437.0,43.66,2026-09-22
DEEPAKNTR,EQ,22-Sep-2026,1586.3,1605.1,1623.8,1593.4,1613.2,183682,2961.33,15949,104469.0,56.87,2026-09-22
DEEPINDS,EQ,22-Sep-2026,726.3,732.1,765.55,731.25,761.6,362342,2728.27,17370,138742.0,38.29,2026-09-22
DEFENCE,EQ,22-Sep-2026,79.02,79.02,79.8,78.8,79.24,190693,151.16,684,132133.0,69.29,2026-09-22
DELAPLEX,SM,22-Sep-2026,91.35,92.35,92.35,91.0,91.0,1200,1.1,2,1200.0,100.0,2026-09-22
DELHIVERY,EQ,22-Sep-2026,435.0,435.5,437.35,428.4,430.75,2292809,9908.55,36002,1460232.0,63.69,2026-09-22
DELPHIFX,BE,22-Sep-2026,5.12,5.28,5.37,5.04,5.37,417786,22.2,218,,,2026-09-22
DELTACORP,EQ,22-Sep-2026,61.59,61.99,63.55,61.02,61.77,2802181,1742.48,18590,1109317.0,39.59,2026-09-22
DELTAMAGNT,EQ,22-Sep-2026,54.9,56.0,56.78,53.52,55.0,1288,0.71,90,1019.0,79.11,2026-09-22
DELTIC,SM,22-Sep-2026,32.4,34.0,34.4,33.0,33.0,8000,2.72,8,7000.0,87.5,2026-09-22
DEN,EQ,22-Sep-2026,26.42,26.75,26.8,26.06,26.26,197380,52.24,921,125642.0,63.65,2026-09-22
DENEERS,SM,22-Sep-2026,167.2,166.4,171.45,166.4,170.6,4200,7.09,7,1800.0,42.86,2026-09-22
DENORA,EQ,22-Sep-2026,813.4,814.9,820.9,792.8,798.4,1605,13.0,222,1312.0,81.74,2026-09-22
DENTA,EQ,22-Sep-2026,276.05,277.25,279.45,271.1,272.65,91689,252.02,1865,46555.0,50.77,2026-09-22
DENTALKART,SM,22-Sep-2026,412.95,407.0,407.0,401.0,404.5,19750,79.39,32,17000.0,86.08,2026-09-22
DEVIT,EQ,22-Sep-2026,23.15,23.35,23.99,22.8,23.12,30918,7.14,414,24248.0,78.43,2026-09-22
DEVX,EQ,22-Sep-2026,35.13,35.64,35.64,34.8,35.06,87156,30.57,325,73780.0,84.65,2026-09-22
DEVYANI,EQ,22-Sep-2026,143.22,143.89,145.4,141.02,144.51,2365367,3405.61,28126,987031.0,41.73,2026-09-22
DGCONTENT,EQ,22-Sep-2026,24.06,24.3,24.5,23.8,23.92,2454,0.6,60,2362.0,96.25,2026-09-22
DHABRIYA,BE,22-Sep-2026,500.9,498.0,516.45,494.0,505.25,6872,34.83,134,,,2026-09-22
DHAMPURSUG,EQ,22-Sep-2026,162.29,163.01,170.3,161.51,164.13,717925,1191.25,15726,222886.0,31.05,2026-09-22
DHANBANK,EQ,22-Sep-2026,29.44,29.52,29.73,29.01,29.18,226911,66.6,1501,134042.0,59.07,2026-09-22
DHANLAXMI,SM,22-Sep-2026,24.0,24.3,27.95,24.0,25.3,16000,4.03,8,14000.0,87.5,2026-09-22
DHANSA,ST,22-Sep-2026,29.6,30.0,30.0,28.15,29.0,10000,2.92,4,10000.0,100.0,2026-09-22
DHANUKA,EQ,22-Sep-2026,975.6,985.15,985.15,963.7,966.4,9208,89.2,1419,5237.0,56.87,2026-09-22
DHARAN,BZ,22-Sep-2026,0.14,0.14,0.15,0.14,0.14,6714108,9.81,986,,,2026-09-22
DHARARAIL,ST,22-Sep-2026,139.0,142.0,142.0,141.0,141.0,7000,9.93,6,7000.0,100.0,2026-09-22
DHARIWAL,SM,22-Sep-2026,25.5,26.5,26.7,24.8,24.9,75000,19.27,19,54000.0,72.0,2026-09-22
DHARMAJ,EQ,22-Sep-2026,281.25,283.3,288.4,278.3,281.6,42905,121.56,2098,20606.0,48.03,2026-09-22
DHATRE,EQ,22-Sep-2026,4.22,4.08,4.36,4.08,4.27,28145,1.19,158,22600.0,80.3,2026-09-22
DHOOTTRANS,EQ,22-Sep-2026,1582.3,1590.0,1679.0,1529.5,1653.2,2848268,46165.79,133909,676703.0,23.76,2026-09-22
DHRUV,EQ,22-Sep-2026,20.95,21.79,21.79,20.7,21.57,5220,1.1,138,4547.0,87.11,2026-09-22
DHTL,SM,22-Sep-2026,28.9,27.5,27.5,27.5,27.5,25600,7.04,3,25600.0,100.0,2026-09-22
DHUNINV,EQ,22-Sep-2026,981.65,995.8,1005.1,982.0,983.6,414,4.11,70,311.0,75.12,2026-09-22
DIACABS,BE,22-Sep-2026,376.05,378.8,380.75,365.0,370.85,549133,2043.64,10339,,,2026-09-22
DIAMINESQ,EQ,22-Sep-2026,255.56,256.44,256.74,250.5,254.85,4769,12.1,120,2567.0,53.83,2026-09-22
DIAMONDYD,EQ,22-Sep-2026,1099.3,1110.8,1110.8,1089.3,1090.3,3469,37.88,294,2243.0,64.66,2026-09-22
DICIND,EQ,22-Sep-2026,627.9,629.9,667.95,626.0,654.25,19144,125.06,853,11059.0,57.77,2026-09-22
DIFFNKG,EQ,22-Sep-2026,444.05,445.85,449.95,436.95,441.6,95045,420.96,4137,46303.0,48.72,2026-09-22
DIGIDRIVE,EQ,22-Sep-2026,17.56,17.25,17.95,17.22,17.76,10299,1.82,177,8506.0,82.59,2026-09-22
DIGIKORE,SM,22-Sep-2026,36.05,36.05,36.05,35.25,35.6,35200,12.6,32,26800.0,76.14,2026-09-22
DIGISPICE,EQ,22-Sep-2026,16.31,16.55,16.8,16.2,16.4,57388,9.42,314,47900.0,83.47,2026-09-22
DIGITIDE,EQ,22-Sep-2026,83.56,84.39,84.45,81.13,81.82,267976,221.11,2637,167152.0,62.38,2026-09-22
DIGJAMLMTD,BE,22-Sep-2026,59.43,58.45,58.5,56.46,56.83,8395,4.79,67,,,2026-09-22
DISAQ,EQ,22-Sep-2026,12134.0,11905.0,12188.0,11905.0,12185.0,67,8.12,40,43.0,64.18,2026-09-22
DISHTV,EQ,22-Sep-2026,2.45,2.48,2.52,2.43,2.5,1038239,25.8,1441,790758.0,76.16,2026-09-22
DIVGIITTS,EQ,22-Sep-2026,1124.4,1126.1,1176.0,1105.3,1118.9,73787,828.12,7358,36295.0,49.19,2026-09-22
DIVIDEND,EQ,22-Sep-2026,34.89,34.85,34.87,34.75,34.86,3912,1.36,46,3912.0,100.0,2026-09-22
DIVINEHIRA,ST,22-Sep-2026,103.5,107.5,107.5,98.35,101.25,43200,43.52,32,32400.0,75.0,2026-09-22
DIVISLAB,EQ,22-Sep-2026,9410.5,9444.0,9444.0,9315.5,9352.0,293688,27546.49,47608,180452.0,61.44,2026-09-22
DIVOPPBEES,EQ,22-Sep-2026,74.93,75.2,75.2,74.3,74.58,20835,15.53,641,11148.0,53.51,2026-09-22
DIXON,EQ,22-Sep-2026,13350.0,13364.0,13434.0,12996.0,13084.0,400815,52458.62,59655,133742.0,33.37,2026-09-22
DJML,EQ,22-Sep-2026,76.15,75.0,78.0,73.51,74.45,234675,178.42,4431,75532.0,32.19,2026-09-22
DKEGL,SM,22-Sep-2026,72.8,70.05,70.05,69.95,69.95,6000,4.2,4,6000.0,100.0,2026-09-22
DLF,EQ,22-Sep-2026,660.25,662.0,671.9,659.05,669.5,5186082,34610.17,45030,3573009.0,68.9,2026-09-22
DLINKINDIA,EQ,22-Sep-2026,425.7,426.6,429.3,421.15,423.55,32294,137.43,2096,15002.0,46.45,2026-09-22
DMART,EQ,22-Sep-2026,3800.4,3793.3,3830.5,3769.3,3777.0,473697,17996.34,34519,304355.0,64.25,2026-09-22
DMCC,EQ,22-Sep-2026,285.4,286.8,297.9,283.8,290.65,93524,273.28,3430,34326.0,36.7,2026-09-22
DNAMEDIA,EQ,22-Sep-2026,2.45,2.53,2.57,2.37,2.55,32982,0.83,89,29785.0,90.31,2026-09-22
DODLA,EQ,22-Sep-2026,1065.1,1065.5,1086.3,1036.8,1047.6,34218,362.1,4135,19319.0,56.46,2026-09-22
DOLATALGO,EQ,22-Sep-2026,66.79,66.6,70.0,66.6,68.16,167707,113.37,1171,91604.0,54.62,2026-09-22
DOLLAR,EQ,22-Sep-2026,275.25,276.5,276.65,271.05,272.8,27774,76.06,904,13861.0,49.91,2026-09-22
DOLLEX,EQ,22-Sep-2026,37.6,38.0,38.5,36.0,36.6,16696,6.2,173,13487.0,80.78,2026-09-22
DOLPHIN,EQ,22-Sep-2026,684.0,694.0,745.0,668.4,724.3,205636,1476.0,11737,86711.0,42.17,2026-09-22
DOMS,EQ,22-Sep-2026,2083.1,2109.0,2111.7,2087.2,2098.8,19537,410.04,3879,9681.0,49.55,2026-09-22
DONEAR,EQ,22-Sep-2026,82.61,82.13,83.26,82.13,82.5,9673,8.0,172,8345.0,86.27,2026-09-22
DPABHUSHAN,EQ,22-Sep-2026,1422.6,1422.6,1475.4,1406.2,1469.4,39075,569.12,3442,21268.0,54.43,2026-09-22
DPEL,SM,22-Sep-2026,634.15,641.6,644.0,636.1,640.15,44000,282.29,85,35000.0,79.55,2026-09-22
DPSCLTD,BE,22-Sep-2026,7.02,6.91,7.16,6.91,7.12,97907,6.93,324,,,2026-09-22
DPWIRES,BE,22-Sep-2026,147.23,148.0,154.59,148.0,154.23,14883,22.76,210,,,2026-09-22
DRAGARWQ,EQ,22-Sep-2026,5280.5,5241.0,5315.0,5180.0,5200.0,1448,75.73,325,1175.0,81.15,2026-09-22
DRCSYSTEMS,EQ,22-Sep-2026,12.72,12.77,13.15,11.52,12.29,195714,23.83,1116,115949.0,59.24,2026-09-22
DREAMFOLKS,EQ,22-Sep-2026,63.48,63.48,64.48,62.57,63.04,57824,36.59,1350,39617.0,68.51,2026-09-22
DREDGECORP,EQ,22-Sep-2026,994.7,997.0,1035.0,984.4,993.8,160585,1615.3,7887,86108.0,53.62,2026-09-22
DRONE,SM,22-Sep-2026,33.8,33.95,33.95,33.0,33.15,27500,9.16,40,19500.0,70.91,2026-09-22
DRREDDY,EQ,22-Sep-2026,1198.3,1207.0,1222.0,1201.2,1211.0,3355097,40686.58,69443,2006621.0,59.81,2026-09-22
DSFCL,EQ,22-Sep-2026,27.44,28.68,28.81,28.0,28.81,120100,34.47,432,102336.0,85.21,2026-09-22
DSSL,EQ,22-Sep-2026,1032.9,1055.0,1059.0,1021.0,1022.2,23096,238.14,1979,16621.0,71.96,2026-09-22
DTIL,BE,22-Sep-2026,145.33,145.33,146.0,142.8,142.9,2079,3.0,25,,,2026-09-22
DUCOL,SM,22-Sep-2026,127.75,129.95,129.95,124.0,124.0,35200,44.37,14,34400.0,97.73,2026-09-22
DUCON,EQ,22-Sep-2026,1.33,1.41,1.46,1.36,1.46,3328520,47.83,725,2315131.0,69.55,2026-09-22
DUGLOBAL,SM,22-Sep-2026,21.4,22.95,22.95,19.3,19.4,122500,24.47,46,105000.0,85.71,2026-09-22
DURLAX,SM,22-Sep-2026,63.0,61.05,65.0,59.3,60.0,166000,102.07,77,62000.0,37.35,2026-09-22
DVL,EQ,22-Sep-2026,283.45,285.15,292.5,282.6,283.25,3523,10.01,193,2411.0,68.44,2026-09-22
DWARKESH,EQ,22-Sep-2026,40.93,40.7,42.66,40.7,41.68,2743999,1147.46,12424,764498.0,27.86,2026-09-22
DYCL,EQ,22-Sep-2026,457.7,458.5,465.0,449.1,453.75,188194,862.89,7273,68463.0,36.38,2026-09-22
DYNAMATECH,EQ,22-Sep-2026,12169.0,12205.0,12695.0,12102.0,12516.0,35975,4467.06,9715,17718.0,49.25,2026-09-22
DYNAMIC,SM,22-Sep-2026,139.8,138.0,144.5,138.0,142.85,12500,17.79,12,11500.0,92.0,2026-09-22
DYNPRO,EQ,22-Sep-2026,229.98,230.95,232.46,228.93,231.51,6561,15.11,225,4287.0,65.34,2026-09-22
E2E,BE,22-Sep-2026,592.85,599.0,606.0,595.0,604.95,343795,2067.37,7811,,,2026-09-22
E2ERAIL,SM,22-Sep-2026,329.65,331.0,339.0,323.8,325.6,68800,228.91,69,40000.0,58.14,2026-09-22
EASEMYTRIP,EQ,22-Sep-2026,5.79,5.79,6.22,5.75,5.99,42659431,2552.98,37411,11129035.0,26.09,2026-09-22
EASTSILK,BE,22-Sep-2026,62.15,62.15,65.25,62.15,65.25,5484,3.58,38,,,2026-09-22
EASTWEST,EQ,22-Sep-2026,2.38,2.35,2.42,2.24,2.3,107411,2.48,185,89641.0,83.46,2026-09-22
EBANK10,EQ,22-Sep-2026,16.64,16.56,16.56,16.4,16.4,306,0.05,7,297.0,97.06,2026-09-22
EBANKNIFTY,EQ,22-Sep-2026,57.13,57.17,57.22,56.72,56.95,839,0.48,21,593.0,70.68,2026-09-22
EBBETF0430,EQ,22-Sep-2026,1609.4,1604.41,1613.87,1604.41,1608.23,12362,198.86,220,11617.0,93.97,2026-09-22
EBBETF0431,EQ,22-Sep-2026,1432.0,1436.92,1437.56,1430.01,1432.9,1924,27.56,59,1703.0,88.51,2026-09-22
EBBETF0433,EQ,22-Sep-2026,1302.06,1306.65,1306.65,1302.01,1302.8,6496,84.63,121,4623.0,71.17,2026-09-22
EBGNG,EQ,22-Sep-2026,690.45,695.0,710.0,684.1,692.3,676693,4717.0,28620,248176.0,36.67,2026-09-22
EBIX,BE,22-Sep-2026,19.39,18.45,19.75,18.43,18.43,124035,23.09,349,,,2026-09-22
ECAPINSURE,EQ,22-Sep-2026,23.6,23.7,23.74,23.5,23.57,11385,2.69,134,8641.0,75.9,2026-09-22
ECLERX,EQ,22-Sep-2026,1951.2,1965.0,1998.9,1908.3,1924.1,210085,4093.12,19722,113735.0,54.14,2026-09-22
ECOLINE,SM,22-Sep-2026,181.85,183.0,188.0,177.1,187.45,97000,179.45,29,85000.0,87.63,2026-09-22
ECORECO,EQ,22-Sep-2026,422.75,425.0,429.45,416.1,422.9,10233,43.26,1004,6133.0,59.93,2026-09-22
ECOSMOBLTY,EQ,22-Sep-2026,109.6,109.67,111.18,108.0,108.62,34838,37.95,1043,18161.0,52.13,2026-09-22
EDELWEISS,EQ,22-Sep-2026,139.52,140.6,144.19,139.5,141.16,13480301,19061.45,70228,5579740.0,41.39,2026-09-22
EEPL,ST,22-Sep-2026,131.5,130.0,133.0,128.25,129.55,13000,17.02,8,12000.0,92.31,2026-09-22
EFACTOR,SM,22-Sep-2026,165.0,165.0,165.0,155.0,156.4,10400,16.46,22,10000.0,96.15,2026-09-22
EFCIL,EQ,22-Sep-2026,178.43,178.9,185.01,177.2,177.99,96963,173.97,2463,55399.0,57.13,2026-09-22
EFFWA,SM,22-Sep-2026,356.65,358.05,363.9,358.0,363.9,4800,17.29,11,4000.0,83.33,2026-09-22
EFORCE,SM,22-Sep-2026,18.6,18.7,19.2,18.7,19.15,6000,1.14,5,4800.0,80.0,2026-09-22
EGOLD,EQ,22-Sep-2026,151.8,151.45,152.1,150.4,151.1,24890,37.64,415,17675.0,71.01,2026-09-22
EICHERMOT,EQ,22-Sep-2026,7512.5,7519.0,7555.0,7427.0,7427.0,336400,25177.27,32616,225671.0,67.08,2026-09-22
EIDPARRY,EQ,22-Sep-2026,700.9,704.95,704.95,694.0,695.55,179390,1253.81,13094,99085.0,55.23,2026-09-22
EIEL,EQ,22-Sep-2026,203.89,203.9,207.0,200.5,201.07,383292,780.05,8518,147698.0,38.53,2026-09-22
EIFFL,BE,22-Sep-2026,261.0,261.0,261.0,256.1,256.15,414,1.07,17,,,2026-09-22
EIHAHOTELS,EQ,22-Sep-2026,298.85,301.0,301.0,297.5,298.8,6173,18.46,369,4353.0,70.52,2026-09-22
EIHOTEL,EQ,22-Sep-2026,309.0,309.0,309.0,302.6,303.9,107926,329.9,4472,61425.0,56.91,2026-09-22
EIMCOELECO,EQ,22-Sep-2026,2288.0,2285.9,2333.8,2241.6,2256.1,15657,357.04,2224,7438.0,47.51,2026-09-22
EKC,EQ,22-Sep-2026,100.06,100.06,102.0,100.06,100.81,75429,76.09,1422,40907.0,54.23,2026-09-22
EKI,EQ,22-Sep-2026,69.99,70.89,70.89,67.11,68.79,12895,8.87,342,7773.0,60.28,2026-09-22
ELANTAS,EQ,22-Sep-2026,14793.0,14999.0,15150.0,14262.0,14410.0,1964,288.26,925,791.0,40.27,2026-09-22
ELCIDIN,EQ,22-Sep-2026,105870.0,106000.0,106000.0,105000.0,105000.0,6,6.33,5,6.0,100.0,2026-09-22
ELDEHSG,EQ,22-Sep-2026,781.9,783.0,790.0,771.05,780.0,365,2.85,22,247.0,67.67,2026-09-22
ELECON,EQ,22-Sep-2026,413.45,413.95,424.95,413.75,420.55,225275,944.23,12593,86918.0,38.58,2026-09-22
ELECTCAST,EQ,22-Sep-2026,73.63,73.7,73.95,72.23,72.88,1213133,884.56,8126,672144.0,55.41,2026-09-22
ELECTHERM,EQ,22-Sep-2026,902.25,910.3,911.25,896.0,903.85,11398,102.86,348,9155.0,80.32,2026-09-22
ELGIEQUIP,EQ,22-Sep-2026,612.2,612.85,623.9,607.65,608.95,306980,1885.09,35254,163132.0,53.14,2026-09-22
ELGIRUBCO,EQ,22-Sep-2026,59.86,60.97,60.97,59.22,59.77,7429,4.43,161,5146.0,69.27,2026-09-22
ELGNZ,SM,22-Sep-2026,85.9,85.9,85.9,84.0,85.5,12000,10.28,4,2000.0,16.67,2026-09-22
ELIN,EQ,22-Sep-2026,89.38,90.25,91.0,89.58,90.71,57844,52.26,1100,37108.0,64.15,2026-09-22
ELIQUID,EQ,22-Sep-2026,1048.54,1048.68,1048.7,1048.68,1048.7,35927,376.77,15,31529.0,87.76,2026-09-22
ELITECON,EQ,22-Sep-2026,8.35,8.17,8.76,8.05,8.74,15398398,1338.36,10970,9301056.0,60.4,2026-09-22
ELLEN,EQ,22-Sep-2026,373.45,375.9,382.6,342.9,357.1,1571584,5649.63,24006,714391.0,45.46,2026-09-22
ELM250,EQ,22-Sep-2026,16.37,16.48,16.48,16.23,16.26,53297,8.7,236,27197.0,51.03,2026-09-22
ELMDIV,EQ,22-Sep-2026,35.75,35.75,35.75,35.5,35.52,263,0.09,7,213.0,80.99,2026-09-22
ELPROINTL,EQ,22-Sep-2026,171.4,168.25,174.08,165.05,172.24,8639,14.79,200,6516.0,75.43,2026-09-22
EMAMILTD,EQ,22-Sep-2026,380.6,384.9,392.0,380.55,390.0,1848450,7180.91,32727,1070617.0,57.92,2026-09-22
EMAMIPAP,BE,22-Sep-2026,114.6,115.0,115.99,112.82,113.81,12695,14.56,177,,,2026-09-22
EMAMIREAL,EQ,22-Sep-2026,66.99,68.8,68.8,67.2,68.0,24259,16.61,98,23255.0,95.86,2026-09-22
EMAPARTNER,SM,22-Sep-2026,83.0,85.0,85.0,82.0,82.0,12000,9.97,11,10000.0,83.33,2026-09-22
EMBASSY,RR,22-Sep-2026,438.97,438.97,443.0,438.14,440.97,573076,2520.69,18776,511768.0,89.3,2026-09-22
EMBDL,EQ,22-Sep-2026,58.89,61.0,63.8,58.2,58.43,5822899,3527.62,31920,1621991.0,27.86,2026-09-22
EMCURE,EQ,22-Sep-2026,2009.3,2000.0,2010.3,1972.0,1975.0,41985,836.41,7727,22785.0,54.27,2026-09-22
EMETAL,EQ,22-Sep-2026,13.03,12.7,13.07,12.7,12.92,5192,0.67,35,3006.0,57.9,2026-09-22
EMIL,EQ,22-Sep-2026,191.28,191.28,195.03,190.21,192.61,1941463,3747.85,37726,773725.0,39.85,2026-09-22
EMKAY,EQ,22-Sep-2026,255.0,253.0,277.0,253.0,264.55,101420,271.25,2945,56089.0,55.3,2026-09-22
EMKAYTOOLS,SM,22-Sep-2026,94.15,94.2,94.2,94.1,94.1,450,0.42,3,450.0,100.0,2026-09-22
EMMBI,BE,22-Sep-2026,88.11,88.55,91.0,86.0,90.89,21556,19.44,87,,,2026-09-22
EMMIL,SM,22-Sep-2026,118.0,120.05,125.0,119.2,119.8,31500,37.92,75,29500.0,93.65,2026-09-22
EMMVEE,EQ,22-Sep-2026,340.6,343.0,346.8,338.3,339.75,1458115,4999.98,35682,683514.0,46.88,2026-09-22
EMPIND,EQ,22-Sep-2026,1054.2,1057.0,1060.5,1035.0,1038.1,941,9.88,127,575.0,61.11,2026-09-22
EMPOWER,EQ,22-Sep-2026,2.27,2.16,2.25,2.16,2.16,13600179,294.52,1822,6375593.0,46.88,2026-09-22
EMSLIMITED,EQ,22-Sep-2026,364.3,365.7,370.45,360.1,365.25,144550,528.69,4070,70264.0,48.61,2026-09-22
EMUDHRA,EQ,22-Sep-2026,662.0,664.0,681.6,639.9,649.25,1234222,8137.36,45841,262205.0,21.24,2026-09-22
EMULTIMQ,EQ,22-Sep-2026,41.38,41.68,41.84,41.32,41.52,30702,12.73,88,23156.0,75.42,2026-09-22
ENCOMPAS,SM,22-Sep-2026,256.75,256.0,256.0,255.0,255.0,800,2.04,2,400.0,50.0,2026-09-22
ENDURANCE,EQ,22-Sep-2026,2756.4,2756.4,2764.6,2687.8,2693.7,47437,1293.24,15865,24873.0,52.43,2026-09-22
ENERGY,EQ,22-Sep-2026,38.18,38.94,38.94,37.97,38.02,91298,34.87,737,55237.0,60.5,2026-09-22
ENERGYAXIS,EQ,22-Sep-2026,18.96,18.48,19.47,18.48,18.89,34831,6.65,90,13382.0,38.42,2026-09-22
ENERGYDEV,EQ,22-Sep-2026,14.57,14.9,14.99,14.52,14.54,17512,2.57,213,13376.0,76.38,2026-09-22
ENEXT50,EQ,22-Sep-2026,72.32,71.96,72.31,71.9,71.9,14,0.01,4,10.0,71.43,2026-09-22
ENFUSE,SM,22-Sep-2026,151.0,150.0,150.0,150.0,150.0,600,0.9,1,600.0,100.0,2026-09-22
ENGINERSIN,EQ,22-Sep-2026,285.25,286.7,304.95,281.5,302.55,23538487,69528.04,220702,4842834.0,20.57,2026-09-22
ENIFTY,EQ,22-Sep-2026,23.62,24.21,24.21,23.52,23.64,963,0.23,60,802.0,83.28,2026-09-22
ENIL,EQ,22-Sep-2026,100.03,100.9,101.54,99.1,99.64,16506,16.57,243,9013.0,54.6,2026-09-22
ENKEIWHEL,EQ,22-Sep-2026,388.2,394.95,407.3,391.2,395.2,630,2.49,44,554.0,87.94,2026-09-22
ENRIN,EQ,22-Sep-2026,3214.7,3225.1,3348.0,3217.6,3235.0,545192,17917.29,56123,229462.0,42.09,2026-09-22
ENSER,SM,22-Sep-2026,14.5,15.0,16.25,15.0,15.45,85000,13.05,16,85000.0,100.0,2026-09-22
ENTERO,EQ,22-Sep-2026,1795.5,1804.5,1865.1,1782.5,1841.8,262292,4825.46,19198,145822.0,55.6,2026-09-22
ENVIRO,SM,22-Sep-2026,66.1,65.45,66.45,65.4,66.4,19000,12.53,18,15000.0,78.95,2026-09-22
EPACK,EQ,22-Sep-2026,179.67,179.8,184.9,179.8,181.55,340700,622.61,5941,101483.0,29.79,2026-09-22
EPACKPEB,EQ,22-Sep-2026,241.57,242.5,252.0,241.0,250.34,1057801,2626.05,20988,527078.0,49.83,2026-09-22
EPIGRAL,EQ,22-Sep-2026,1111.0,1115.0,1125.0,1095.2,1100.9,22809,251.98,2003,12492.0,54.77,2026-09-22
EPL,EQ,22-Sep-2026,239.65,241.1,241.1,234.95,236.65,1299475,3088.98,23622,769296.0,59.2,2026-09-22
EPWINDIA,ST,22-Sep-2026,240.15,240.0,240.0,240.0,240.0,1200,2.88,1,1200.0,100.0,2026-09-22
EQUAL200,EQ,22-Sep-2026,13.6,13.65,13.65,13.52,13.57,7792,1.06,50,7639.0,98.04,2026-09-22
EQUAL50,EQ,22-Sep-2026,324.67,324.62,324.62,322.58,323.49,3425,11.09,34,2452.0,71.59,2026-09-22
EQUAL50ADD,EQ,22-Sep-2026,335.27,335.27,335.64,333.08,334.34,8378,28.02,252,5037.0,60.12,2026-09-22
EQUIPPP,BE,22-Sep-2026,23.51,22.61,23.99,22.34,22.78,34980,7.99,71,,,2026-09-22
EQUITASBNK,EQ,22-Sep-2026,72.43,73.11,73.95,71.69,72.91,1575361,1146.48,14068,706937.0,44.87,2026-09-22
ERIS,EQ,22-Sep-2026,1295.3,1295.5,1300.0,1263.6,1271.2,50895,649.69,5208,24970.0,49.06,2026-09-22
ESABINDIA,EQ,22-Sep-2026,5561.0,5561.0,5799.0,5558.0,5654.5,6061,343.26,1849,3352.0,55.3,2026-09-22
ESAFSFB,BE,22-Sep-2026,39.36,39.35,39.97,38.5,39.46,269699,105.69,1565,,,2026-09-22
ESCONET,ST,22-Sep-2026,210.75,208.0,208.0,201.4,205.95,19200,39.29,41,18800.0,97.92,2026-09-22
ESCORTS,EQ,22-Sep-2026,2819.8,2833.9,2848.3,2787.0,2793.6,28639,802.23,4783,14717.0,51.39,2026-09-22
ESDS,EQ,22-Sep-2026,1642.75,1724.85,1724.85,1724.85,1724.85,158784,2738.79,2630,158608.0,99.89,2026-09-22
ESENSEX,EQ,22-Sep-2026,75.69,75.6,75.6,74.95,75.4,383,0.29,13,366.0,95.56,2026-09-22
ESFL,SM,22-Sep-2026,127.1,122.35,127.0,122.3,125.85,10800,13.5,19,7560.0,70.0,2026-09-22
ESG,EQ,22-Sep-2026,40.32,40.3,40.39,40.09,40.09,25154,10.09,42,23969.0,95.29,2026-09-22
ESILVER,EQ,22-Sep-2026,231.52,231.51,232.63,228.26,229.6,23570,54.31,2135,8300.0,35.21,2026-09-22
ESPRIT,SM,22-Sep-2026,66.25,65.0,66.0,65.0,66.0,3200,2.1,2,1600.0,50.0,2026-09-22
ESSARSHPNG,EQ,22-Sep-2026,16.15,16.49,16.49,15.43,15.63,156754,24.9,795,83261.0,53.12,2026-09-22
ESSENTIA,EQ,22-Sep-2026,1.02,1.03,1.07,1.02,1.04,3587816,37.58,892,2122273.0,59.15,2026-09-22
ESTER,EQ,22-Sep-2026,87.17,87.17,88.4,86.45,87.11,24596,21.43,1086,15732.0,63.96,2026-09-22
ETERNAL,EQ,22-Sep-2026,335.9,337.7,342.0,334.65,342.0,22276945,75455.18,172234,11129321.0,49.96,2026-09-22
ETHOSLTD,EQ,22-Sep-2026,2593.8,2593.8,2638.5,2555.6,2613.3,48788,1261.85,8305,28674.0,58.77,2026-09-22
ETL,SM,22-Sep-2026,1069.6,1070.0,1070.0,1070.0,1070.0,150,1.61,1,150.0,100.0,2026-09-22
ETML,SM,22-Sep-2026,81.6,79.8,80.1,79.5,80.1,10800,8.62,8,9600.0,88.89,2026-09-22
EUREKAFORB,EQ,22-Sep-2026,378.45,381.0,384.95,375.95,377.3,183218,694.72,11996,100917.0,55.08,2026-09-22
EUROBOND,EQ,22-Sep-2026,153.34,154.0,157.0,151.15,153.1,2636,4.05,98,1974.0,74.89,2026-09-22
EUROPRATIK,EQ,22-Sep-2026,224.0,224.0,229.0,217.0,218.45,260706,582.02,5425,161228.0,61.84,2026-09-22
EUROTEXIND,BE,22-Sep-2026,11.7,12.27,12.28,12.26,12.26,1372,0.17,13,,,2026-09-22
EVEREADY,EQ,22-Sep-2026,321.85,325.0,331.0,321.0,329.05,91573,299.29,3010,38234.0,41.75,2026-09-22
EVERESTIND,BE,22-Sep-2026,420.8,423.5,438.8,415.5,432.45,7858,33.75,153,,,2026-09-22
EVIETF,EQ,22-Sep-2026,31.87,31.9,31.97,31.6,31.69,137555,43.62,569,76469.0,55.59,2026-09-22
EVINDIA,EQ,22-Sep-2026,31.81,32.06,32.06,31.6,31.64,73252,23.27,1266,43076.0,58.81,2026-09-22
EXCELINDUS,EQ,22-Sep-2026,953.5,958.2,963.1,946.1,952.6,7504,71.68,1043,2679.0,35.7,2026-09-22
EXCELSOFT,EQ,22-Sep-2026,81.83,80.6,83.85,80.6,82.85,921406,761.26,6996,348351.0,37.81,2026-09-22
EXICOM,EQ,22-Sep-2026,161.61,162.75,165.49,160.4,161.44,549513,895.38,6677,212836.0,38.73,2026-09-22
EXIDEIND,EQ,22-Sep-2026,434.5,434.5,438.5,427.5,429.7,1869658,8075.28,35103,979913.0,52.41,2026-09-22
EXIMROUTES,SM,22-Sep-2026,89.15,90.0,90.0,86.05,89.2,16000,14.12,17,15200.0,95.0,2026-09-22
EXPLEOSOL,EQ,22-Sep-2026,883.15,885.0,887.75,870.4,877.2,8135,71.71,1097,4518.0,55.54,2026-09-22
EXXARO,EQ,22-Sep-2026,6.21,6.34,6.34,6.21,6.23,114586,7.18,289,87618.0,76.46,2026-09-22
FABTECH,EQ,22-Sep-2026,147.23,148.92,150.4,145.5,147.02,67544,99.59,823,39199.0,58.03,2026-09-22
FACT,EQ,22-Sep-2026,801.75,800.0,808.3,792.5,798.45,106175,848.23,7773,29624.0,27.9,2026-09-22
FAIRCHEMOR,BE,22-Sep-2026,639.75,644.8,658.0,632.1,636.6,3001,19.26,416,,,2026-09-22
FASCINATE,SM,22-Sep-2026,50.2,52.7,52.7,52.7,52.7,61600,32.46,39,61600.0,100.0,2026-09-22
FAZE3Q,EQ,22-Sep-2026,427.9,428.15,438.4,416.2,422.85,37589,161.0,1467,22468.0,59.77,2026-09-22
FCL,EQ,22-Sep-2026,55.75,56.7,58.68,55.89,57.39,20804868,11993.69,74680,6072316.0,29.19,2026-09-22
FCSSOFT,EQ,22-Sep-2026,1.4,1.41,1.41,1.37,1.38,1621095,22.52,1164,1258930.0,77.66,2026-09-22
FDC,EQ,22-Sep-2026,362.4,363.4,363.4,355.0,356.5,77747,278.82,6479,38099.0,49.0,2026-09-22
FEDDERSHOL,EQ,22-Sep-2026,61.49,65.0,72.77,59.37,64.8,51021947,35001.11,207016,4020695.0,7.88,2026-09-22
FEDERALBNK,EQ,22-Sep-2026,332.0,332.3,334.85,325.5,327.0,5612786,18394.92,72451,3481001.0,62.02,2026-09-22
FEDFINA,EQ,22-Sep-2026,151.74,152.7,154.2,150.0,152.14,923446,1406.07,13203,478263.0,51.79,2026-09-22
FEL,BZ,22-Sep-2026,0.36,0.36,0.37,0.36,0.36,158605,0.58,73,,,2026-09-22
FELDVR,BZ,22-Sep-2026,2.0,2.0,2.09,1.9,2.07,12814,0.26,42,,,2026-09-22
FELIX,SM,22-Sep-2026,208.8,210.0,210.1,203.0,209.4,41000,85.19,43,16000.0,39.02,2026-09-22
FERMENTA,EQ,22-Sep-2026,474.25,475.0,486.2,461.8,470.6,110202,519.02,4288,68660.0,62.3,2026-09-22
FIBERWEB,EQ,22-Sep-2026,26.27,26.27,26.48,25.56,26.14,7490,1.96,105,6653.0,88.83,2026-09-22
FIDEL,SM,22-Sep-2026,164.0,165.0,170.0,165.0,168.0,40000,67.58,24,35000.0,87.5,2026-09-22
FIEMIND,EQ,22-Sep-2026,1901.1,1910.8,1925.1,1895.5,1906.7,46110,879.72,4247,27844.0,60.39,2026-09-22
FILATEX,EQ,22-Sep-2026,102.2,102.88,105.75,99.43,101.07,7326971,7483.76,47531,1883943.0,25.71,2026-09-22
FILATFASH,EQ,22-Sep-2026,0.17,0.18,0.18,0.17,0.17,11808473,20.79,1656,7559734.0,64.02,2026-09-22
FINBUD,SM,22-Sep-2026,110.85,109.0,116.55,108.1,116.05,30000,34.04,28,26000.0,86.67,2026-09-22
FINCABLES,EQ,22-Sep-2026,1399.7,1409.9,1474.0,1404.3,1468.1,1670261,24176.95,84643,637525.0,38.17,2026-09-22
FINEORG,EQ,22-Sep-2026,5149.5,5155.0,5198.5,5079.5,5159.5,24450,1256.02,6664,14666.0,59.98,2026-09-22
FINIETF,EQ,22-Sep-2026,32.19,32.28,32.33,31.9,32.0,139491,44.87,926,81563.0,58.47,2026-09-22
FINKURVE,EQ,22-Sep-2026,71.05,71.39,71.5,69.74,70.39,37846,26.7,660,22913.0,60.54,2026-09-22
FINOPB,EQ,22-Sep-2026,134.82,135.2,136.89,131.4,133.02,152627,204.3,1942,95953.0,62.87,2026-09-22
FINPIPE,EQ,22-Sep-2026,152.16,153.1,154.56,152.1,152.94,206950,317.13,6692,100412.0,48.52,2026-09-22
FIRSTCRY,EQ,22-Sep-2026,170.43,170.5,182.36,169.77,175.08,11963508,21288.09,110424,1520441.0,12.71,2026-09-22
FISCHER,EQ,22-Sep-2026,32.87,33.23,34.01,32.68,32.95,7482910,2467.55,2970,6833351.0,91.32,2026-09-22
FIVESTAR,EQ,22-Sep-2026,524.95,525.0,534.6,520.5,524.85,541837,2845.38,22073,299133.0,55.21,2026-09-22
FLAIR,EQ,22-Sep-2026,238.8,239.0,244.19,234.0,241.29,122428,295.24,3764,66523.0,54.34,2026-09-22
FLEXIADD,EQ,22-Sep-2026,9.67,9.76,9.95,9.7,9.76,261971,25.53,694,175877.0,67.14,2026-09-22
FLEXITUFF,BE,22-Sep-2026,2.63,2.68,2.68,2.68,2.68,29023,0.78,17,,,2026-09-22
FLFL,BZ,22-Sep-2026,1.18,1.18,1.2,1.13,1.17,25841,0.3,66,,,2026-09-22
FLUOROCHEM,EQ,22-Sep-2026,4560.0,4582.9,4590.0,4478.3,4487.2,47912,2163.48,9896,26691.0,55.71,2026-09-22
FLYSBS,SM,22-Sep-2026,690.2,690.2,695.0,671.95,673.2,33400,228.45,119,25200.0,75.45,2026-09-22
FMCGADD,EQ,22-Sep-2026,46.21,46.14,46.22,45.62,45.84,7261,3.34,159,5067.0,69.78,2026-09-22
FMCGIETF,EQ,22-Sep-2026,49.6,50.84,50.85,49.1,49.19,737924,363.79,3750,416597.0,56.46,2026-09-22
FMGOETZE,EQ,22-Sep-2026,439.1,439.85,449.4,439.85,446.75,121636,541.58,4494,62022.0,50.99,2026-09-22
FMNL,EQ,22-Sep-2026,8.85,8.89,9.14,8.41,8.43,144674,12.28,365,96203.0,66.5,2026-09-22
FOCE,SM,22-Sep-2026,523.2,549.0,549.0,549.0,549.0,480,2.64,2,480.0,100.0,2026-09-22
FOCUS,BE,22-Sep-2026,59.83,60.4,60.81,59.95,59.97,14610,8.79,108,,,2026-09-22
FONEBOX,ST,22-Sep-2026,138.0,144.9,144.9,144.9,144.9,21000,30.43,7,21000.0,100.0,2026-09-22
FOODSIN,EQ,22-Sep-2026,53.15,53.26,54.3,53.12,53.83,41389,22.24,568,30616.0,73.97,2026-09-22
FORCAS,ST,22-Sep-2026,218.5,207.65,218.95,207.65,218.95,3200,6.83,2,1600.0,50.0,2026-09-22
FORCEMOT,EQ,22-Sep-2026,17485.0,17600.0,17600.0,17182.0,17275.0,64656,11225.79,18925,34899.0,53.98,2026-09-22
FORGEAUTO,SM,22-Sep-2026,104.15,106.5,106.5,106.5,106.5,1200,1.28,1,1200.0,100.0,2026-09-22
FORTIS,EQ,22-Sep-2026,893.5,894.2,908.8,892.35,896.55,808369,7274.56,26615,441406.0,54.6,2026-09-22
FOSECOIND,EQ,22-Sep-2026,6643.0,6649.0,6779.5,6500.0,6562.0,19928,1316.27,5083,9079.0,45.56,2026-09-22
FRACTAL,EQ,22-Sep-2026,760.9,767.0,775.0,756.05,761.4,225446,1728.28,19985,117109.0,51.95,2026-09-22
FREDUN,EQ,22-Sep-2026,1348.2,1325.0,1409.9,1325.0,1382.6,137800,1905.46,11024,59056.0,42.86,2026-09-22
FRESHARA,ST,22-Sep-2026,428.45,431.9,431.9,407.15,408.85,33000,135.77,51,29400.0,89.09,2026-09-22
FROG,SM,22-Sep-2026,275.5,273.0,273.5,260.5,272.35,12800,34.41,31,8000.0,62.5,2026-09-22
FRONTSP,EQ,22-Sep-2026,1173.5,1182.5,1214.0,1150.5,1162.2,13399,156.25,1818,8132.0,60.69,2026-09-22
FSL,EQ,22-Sep-2026,269.45,270.3,274.8,268.3,269.5,407264,1104.46,9893,112616.0,27.65,2026-09-22
FUSION,EQ,22-Sep-2026,184.67,185.4,187.25,181.98,183.6,233787,430.75,4595,123620.0,52.88,2026-09-22
FWSTC,SM,22-Sep-2026,169.95,170.0,170.0,170.0,170.0,600,1.02,1,600.0,100.0,2026-09-22
GABRIEL,EQ,22-Sep-2026,1290.3,1291.3,1495.0,1291.3,1471.4,7891064,113832.94,276612,905513.0,11.48,2026-09-22
GAEL,EQ,22-Sep-2026,161.25,161.8,162.13,156.15,157.08,475136,750.93,16888,231037.0,48.63,2026-09-22
GAIL,EQ,22-Sep-2026,172.61,173.08,174.3,171.35,171.84,8361284,14429.6,46288,5312389.0,63.54,2026-09-22
GAJA,EQ,22-Sep-2026,162.71,162.51,163.76,157.52,159.34,1914226,3070.33,28553,415547.0,21.71,2026-09-22
GALAPREC,EQ,22-Sep-2026,1042.4,1054.0,1088.8,1039.0,1058.0,45642,484.46,3526,24694.0,54.1,2026-09-22
GALAXYSURF,EQ,22-Sep-2026,2188.5,2200.0,2238.1,2169.0,2188.0,27241,601.21,5632,13418.0,49.26,2026-09-22
GALLANTT,EQ,22-Sep-2026,546.85,554.8,581.45,540.15,545.7,516798,2891.55,19515,88144.0,17.06,2026-09-22
GANDHAR,EQ,22-Sep-2026,267.65,269.0,271.65,266.3,269.05,380656,1023.2,6646,172913.0,45.43,2026-09-22
GANDHITUBE,EQ,22-Sep-2026,909.3,909.0,1046.6,906.15,1003.2,315988,3183.7,18997,95553.0,30.24,2026-09-22
GANECOS,EQ,22-Sep-2026,1008.2,1003.7,1025.2,993.4,998.4,43065,434.56,4148,18024.0,41.85,2026-09-22
GANESHBE,BE,22-Sep-2026,125.9,125.8,127.95,125.0,125.22,153106,191.47,384,,,2026-09-22
GANESHCP,EQ,22-Sep-2026,171.4,172.0,172.01,165.75,166.59,112408,189.31,2335,66805.0,59.43,2026-09-22
GANESHHOU,EQ,22-Sep-2026,742.45,743.9,750.0,735.0,736.8,15648,116.12,1162,8239.0,52.65,2026-09-22
GANESHIN,SM,22-Sep-2026,94.25,91.7,94.4,91.7,93.15,19200,17.92,16,16800.0,87.5,2026-09-22
GANGAFORGE,EQ,22-Sep-2026,1.58,1.59,1.6,1.57,1.57,1700312,26.9,767,1049521.0,61.73,2026-09-22
GANGESSECU,EQ,22-Sep-2026,114.2,114.28,116.9,114.2,115.04,67,0.08,11,54.0,80.6,2026-09-22
GARFIBRES,EQ,22-Sep-2026,800.45,801.0,806.9,794.95,800.45,29629,237.0,5423,15582.0,52.59,2026-09-22
GARUDA,EQ,22-Sep-2026,176.77,175.5,182.8,175.5,181.56,617015,1108.05,8616,282877.0,45.85,2026-09-22
GATECH,BE,22-Sep-2026,0.76,0.79,0.79,0.79,0.79,11933993,94.28,2531,,,2026-09-22
GATECHDVR,BE,22-Sep-2026,0.48,0.5,0.5,0.47,0.48,262848,1.26,190,,,2026-09-22
GATEWAY,EQ,22-Sep-2026,52.51,52.98,52.98,52.05,52.28,691852,362.15,3391,460115.0,66.5,2026-09-22
GAUDIUMIVF,EQ,22-Sep-2026,112.25,112.01,114.1,109.25,111.35,281800,314.14,3250,165887.0,58.87,2026-09-22
GAYAHWS,EQ,22-Sep-2026,1.9,1.9,1.94,1.86,1.9,98199,1.86,208,67266.0,68.5,2026-09-22
GAYAPROJ,EQ,22-Sep-2026,24.59,24.84,24.85,23.5,23.68,799991,191.63,2855,506026.0,63.25,2026-09-22
GCHOTELS,ST,22-Sep-2026,120.8,126.8,126.8,118.0,126.8,99000,123.81,111,90000.0,90.91,2026-09-22
GCSL,EQ,22-Sep-2026,635.1,639.8,645.25,617.05,639.2,789628,4961.63,6872,314632.0,39.85,2026-09-22
GEECEE,BE,22-Sep-2026,376.15,377.0,378.0,370.0,373.85,2265,8.49,25,,,2026-09-22
GEEKAYWIRE,EQ,22-Sep-2026,30.9,31.5,33.5,30.5,32.73,517452,166.67,2413,251304.0,48.57,2026-09-22
GEMAROMA,EQ,22-Sep-2026,150.58,150.58,157.59,150.45,153.72,62073,95.31,1670,26425.0,42.57,2026-09-22
GENCON,EQ,22-Sep-2026,40.54,41.24,41.24,39.25,39.84,261394,105.67,763,25927.0,9.92,2026-09-22
GENESYS,EQ,22-Sep-2026,279.09,282.0,286.98,273.5,280.1,482544,1350.42,9902,141834.0,29.39,2026-09-22
GENSOL,BZ,22-Sep-2026,16.94,16.94,17.39,16.56,16.93,55091,9.28,407,,,2026-09-22
GENUSPAPER,EQ,22-Sep-2026,11.49,11.5,11.5,11.25,11.28,21443,2.43,177,16867.0,78.66,2026-09-22
GENUSPOWER,EQ,22-Sep-2026,310.9,312.5,313.9,308.6,309.45,883342,2745.78,14843,458681.0,51.93,2026-09-22
GENXAI,SM,22-Sep-2026,71.6,72.9,76.0,72.9,73.0,26400,19.65,21,21600.0,81.82,2026-09-22
GEOJITFSL,EQ,22-Sep-2026,81.94,81.57,82.69,80.36,80.64,209758,170.25,2078,107951.0,51.46,2026-09-22
GESHIP,EQ,22-Sep-2026,1485.0,1490.0,1495.1,1458.0,1462.0,859612,12659.12,42657,469009.0,54.56,2026-09-22
GFLLIMITED,EQ,22-Sep-2026,57.0,57.0,58.49,56.65,56.95,38366,21.99,550,19576.0,51.02,2026-09-22
GFSTEELS,BE,22-Sep-2026,26.71,28.04,28.04,28.04,28.04,15794,4.43,24,,,2026-09-22
GGBL,SM,22-Sep-2026,206.8,210.0,218.5,209.0,216.1,28500,60.87,89,21300.0,74.74,2026-09-22
GHCL,EQ,22-Sep-2026,421.55,421.85,425.95,419.1,420.3,117521,496.77,4211,73066.0,62.17,2026-09-22
GHCLTEXTIL,EQ,22-Sep-2026,129.52,132.1,137.36,130.11,133.92,664643,893.95,17592,265994.0,40.02,2026-09-22
GICHSGFIN,EQ,22-Sep-2026,139.28,139.9,142.98,138.6,138.86,47067,65.54,912,26411.0,56.11,2026-09-22
GICL,BE,22-Sep-2026,23.64,23.74,23.74,22.46,23.33,132967,30.4,201,,,2026-09-22
GICRE,EQ,22-Sep-2026,346.2,346.3,348.4,340.3,341.2,451093,1547.72,7752,308134.0,68.31,2026-09-22
GILLANDERS,EQ,22-Sep-2026,107.03,106.0,106.0,102.91,105.0,2693,2.83,63,2239.0,83.14,2026-09-22
GILLETTE,EQ,22-Sep-2026,7048.0,7045.0,7060.5,6988.0,7009.0,18255,1280.29,6320,9971.0,54.62,2026-09-22
GILT10BETA,EQ,22-Sep-2026,26.64,26.68,26.68,26.3,26.6,95,0.03,11,36.0,37.89,2026-09-22
GILT5BETA,EQ,22-Sep-2026,66.46,66.46,66.59,65.84,66.59,313,0.21,9,185.0,59.11,2026-09-22
GILT5YBEES,EQ,22-Sep-2026,65.84,65.95,66.02,65.78,65.92,145399,95.87,387,97667.0,67.17,2026-09-22
GINNIFILA,BE,22-Sep-2026,41.61,42.0,42.0,41.2,41.6,12287,5.12,61,,,2026-09-22
GIPCL,EQ,22-Sep-2026,189.36,190.3,191.56,186.2,186.92,258472,485.07,5747,136757.0,52.91,2026-09-22
GIRIRAJ,SM,22-Sep-2026,79.45,82.85,83.0,75.5,76.45,7000,5.45,14,4750.0,67.86,2026-09-22
GJL,ST,22-Sep-2026,318.55,334.45,334.45,334.0,334.45,3200,10.7,4,3200.0,100.0,2026-09-22
GKB,EQ,22-Sep-2026,69.11,69.11,76.02,67.11,68.37,86152,63.43,947,45792.0,53.15,2026-09-22
GKENERGY,EQ,22-Sep-2026,126.59,128.36,130.5,127.1,127.77,753442,969.51,8167,274765.0,36.47,2026-09-22
GKSL,EQ,22-Sep-2026,183.21,184.99,185.21,173.01,175.17,2252924,3946.75,9246,1255124.0,55.71,2026-09-22
GKWLIMITED,EQ,22-Sep-2026,1571.4,1572.7,1619.6,1560.0,1565.4,211,3.3,18,207.0,98.1,2026-09-22
GLAND,EQ,22-Sep-2026,2940.2,2944.9,2968.4,2900.0,2916.6,124161,3634.35,20908,64821.0,52.21,2026-09-22
GLASSWALL,EQ,22-Sep-2026,295.21,304.15,317.9,296.1,309.29,70304720,216756.28,591154,4157775.0,5.91,2026-09-22
GLAXO,EQ,22-Sep-2026,2862.9,2862.7,2880.9,2840.0,2873.6,37100,1064.21,5053,25718.0,69.32,2026-09-22
GLENMARK,EQ,22-Sep-2026,2450.0,2460.4,2472.0,2443.0,2461.4,402355,9907.23,32189,236757.0,58.84,2026-09-22
GLFL,EQ,22-Sep-2026,5.19,5.24,5.24,4.97,5.09,1446,0.07,20,1445.0,99.93,2026-09-22
GLOBAL,EQ,22-Sep-2026,130.6,130.4,133.5,127.58,132.23,214321,280.76,2424,117575.0,54.86,2026-09-22
GLOBALE,EQ,22-Sep-2026,11.16,11.38,11.43,10.75,11.15,1219,0.13,24,1173.0,96.23,2026-09-22
GLOBALPET,SM,22-Sep-2026,165.0,165.0,165.0,165.0,165.0,750,1.24,1,750.0,100.0,2026-09-22
GLOBALVECT,EQ,22-Sep-2026,133.56,134.95,137.79,132.9,133.41,5110,6.9,305,3347.0,65.5,2026-09-22
GLOBE,EQ,22-Sep-2026,2.25,2.25,2.33,2.19,2.22,1261268,28.7,708,836711.0,66.34,2026-09-22
GLOBECIVIL,EQ,22-Sep-2026,42.14,42.87,43.99,42.02,43.66,25572,11.06,506,13781.0,53.89,2026-09-22
GLOBUSSPR,EQ,22-Sep-2026,830.8,830.8,833.9,819.0,821.3,48747,401.9,2955,34024.0,69.8,2026-09-22
GLOSTERLTD,EQ,22-Sep-2026,578.5,588.0,588.0,563.1,572.15,393,2.24,48,268.0,68.19,2026-09-22
GLOTTIS,EQ,22-Sep-2026,57.76,57.99,58.5,57.01,57.41,12647,7.32,396,7912.0,62.56,2026-09-22
GMBREW,EQ,22-Sep-2026,947.0,947.0,959.25,942.7,948.05,20472,194.55,1502,10770.0,52.61,2026-09-22
GMDCLTD,EQ,22-Sep-2026,557.9,562.2,565.95,557.0,563.65,726787,4085.62,19215,303091.0,41.7,2026-09-22
GML,SM,22-Sep-2026,18.15,17.8,17.8,17.8,17.8,4000,0.71,1,4000.0,100.0,2026-09-22
GMMPFAUDLR,EQ,22-Sep-2026,1507.2,1511.0,1516.2,1440.3,1462.3,327918,4800.68,32655,148453.0,45.27,2026-09-22
GMRAIRPORT,EQ,22-Sep-2026,98.7,98.99,99.5,97.69,98.35,8095151,7966.36,21637,4449522.0,54.97,2026-09-22
GMRP&UI,EQ,22-Sep-2026,92.43,92.25,97.2,92.25,95.26,2027140,1930.26,18134,879952.0,43.41,2026-09-22
GNA,EQ,22-Sep-2026,564.85,567.95,567.95,553.3,561.65,152556,854.06,4928,83755.0,54.9,2026-09-22
GNFC,EQ,22-Sep-2026,589.9,592.1,615.85,589.3,598.7,2063093,12491.35,50769,944487.0,45.78,2026-09-22
GNRL,EQ,22-Sep-2026,97.17,99.1,100.2,96.3,98.42,735614,718.17,4416,551591.0,74.98,2026-09-22
GOACARBON,EQ,22-Sep-2026,389.1,389.2,396.35,383.95,386.9,24946,97.38,988,13798.0,55.31,2026-09-22
GOCLCORP,EQ,22-Sep-2026,453.45,421.65,424.0,406.35,411.05,374867,1543.7,15114,124306.0,33.16,2026-09-22
GOCOLORS,EQ,22-Sep-2026,306.7,306.1,310.8,305.9,307.9,31470,96.97,2112,13856.0,44.03,2026-09-22
GODAVARIB,EQ,22-Sep-2026,242.47,244.2,244.9,241.01,243.4,38955,94.63,1125,18182.0,46.67,2026-09-22
GODFRYPHLP,EQ,22-Sep-2026,1980.0,1989.9,1997.1,1967.0,1970.0,96350,1909.22,9582,30717.0,31.88,2026-09-22
GODIGIT,EQ,22-Sep-2026,241.45,241.45,243.6,237.15,241.85,1511491,3623.7,52356,705061.0,46.65,2026-09-22
GODREJAGRO,EQ,22-Sep-2026,660.65,660.7,667.35,650.1,653.9,81790,538.59,8027,36920.0,45.14,2026-09-22
GODREJCP,EQ,22-Sep-2026,867.5,869.8,878.8,864.2,873.6,483682,4217.43,15318,265441.0,54.88,2026-09-22
GODREJIND,EQ,22-Sep-2026,1101.7,1101.7,1111.0,1090.6,1099.6,35951,395.54,3915,16776.0,46.66,2026-09-22
GODREJPROP,EQ,22-Sep-2026,1696.9,1710.0,1732.0,1690.2,1699.5,473583,8082.02,21848,175978.0,37.16,2026-09-22
GOKEX,EQ,22-Sep-2026,694.7,695.0,714.0,690.0,695.05,353650,2477.78,18365,127766.0,36.13,2026-09-22
GOKUL,EQ,22-Sep-2026,39.56,39.7,40.65,39.61,40.4,147335,59.25,641,29089.0,19.74,2026-09-22
GOKULAGRO,EQ,22-Sep-2026,221.16,221.97,223.81,220.1,221.15,158912,352.49,7286,86721.0,54.57,2026-09-22
GOLD1,EQ,22-Sep-2026,126.65,126.57,126.76,125.4,125.99,15280316,19281.25,9269,12796631.0,83.75,2026-09-22
GOLD360,EQ,22-Sep-2026,147.85,147.85,148.3,146.8,147.45,6641,9.8,185,4640.0,69.87,2026-09-22
GOLDADD,EQ,22-Sep-2026,14.75,14.81,14.81,14.59,14.69,5061615,743.59,9883,3133926.0,61.92,2026-09-22
GOLDAXIS,EQ,22-Sep-2026,126.44,126.5,126.77,125.08,125.84,2262010,2843.22,4305,1370537.0,60.59,2026-09-22
GOLDBEES,EQ,22-Sep-2026,125.57,125.56,125.57,124.28,125.0,21852347,27307.21,83323,10684465.0,48.89,2026-09-22
GOLDBETA,EQ,22-Sep-2026,127.9,127.9,127.9,126.6,127.25,460617,585.93,2038,327949.0,71.2,2026-09-22
GOLDBND,EQ,22-Sep-2026,152.07,151.0,152.47,150.15,151.21,50308,75.99,158,49308.0,98.01,2026-09-22
GOLDCASE,EQ,22-Sep-2026,23.91,23.86,23.97,23.65,23.79,14811313,3523.9,10382,8399785.0,56.71,2026-09-22
GOLDENTOBC,BZ,22-Sep-2026,24.13,24.61,24.61,23.0,23.65,2764,0.66,47,,,2026-09-22
GOLDETF,EQ,22-Sep-2026,147.7,148.0,148.0,146.2,146.96,1145706,1682.98,7548,419917.0,36.65,2026-09-22
GOLDIAM,EQ,22-Sep-2026,323.35,324.0,326.55,318.65,319.8,381738,1229.69,7180,214711.0,56.25,2026-09-22
GOLDIETF,EQ,22-Sep-2026,130.01,130.0,130.11,128.7,129.42,6958253,9001.61,27666,3984987.0,57.27,2026-09-22
GOLDKART,SM,22-Sep-2026,107.1,107.1,107.1,107.1,107.1,625,0.67,1,625.0,100.0,2026-09-22
GOLDSTAR,SM,22-Sep-2026,9.0,8.75,9.45,8.75,9.45,123750,11.61,11,101250.0,81.82,2026-09-22
GOLDTECH,BE,22-Sep-2026,41.84,41.1,43.31,41.1,41.99,36739,15.47,131,,,2026-09-22
GOODLUCK,EQ,22-Sep-2026,523.9,525.9,541.25,523.0,538.05,827953,4419.49,27159,312396.0,37.73,2026-09-22
GOODYEAR,EQ,22-Sep-2026,708.2,708.9,714.2,700.6,706.25,3588,25.39,566,2397.0,66.81,2026-09-22
GOPAL,EQ,22-Sep-2026,257.05,258.4,259.65,255.3,258.35,35086,90.34,2922,18298.0,52.15,2026-09-22
GOYALALUM,EQ,22-Sep-2026,6.09,6.29,6.29,5.9,5.97,70853,4.28,463,47530.0,67.08,2026-09-22
GOYALSALT,SM,22-Sep-2026,106.35,107.0,108.0,105.0,107.65,12000,12.69,9,12000.0,100.0,2026-09-22
GPECO,SM,22-Sep-2026,401.3,414.8,414.8,398.0,403.5,11600,47.21,38,8200.0,70.69,2026-09-22
GPIL,EQ,22-Sep-2026,236.8,239.0,239.0,232.2,232.89,1398629,3278.75,15938,738888.0,52.83,2026-09-22
GPPL,EQ,22-Sep-2026,164.99,165.9,166.95,163.6,164.41,819136,1348.92,13644,408202.0,49.83,2026-09-22
GPTHEALTH,EQ,22-Sep-2026,165.32,163.99,166.78,162.0,162.79,60740,99.51,1841,34135.0,56.2,2026-09-22
GPTINFRA,EQ,22-Sep-2026,118.42,117.6,119.5,117.5,118.16,152627,180.46,1852,63454.0,41.57,2026-09-22
GRADIENTE,BE,22-Sep-2026,2.37,2.42,2.46,2.3,2.37,310681,7.41,173,,,2026-09-22
GRANDOAK,EQ,22-Sep-2026,33.07,34.69,34.69,32.76,33.6,2503,0.85,92,1808.0,72.23,2026-09-22
GRANULES,EQ,22-Sep-2026,875.15,876.0,876.6,853.9,864.05,640982,5527.54,20312,254781.0,39.75,2026-09-22
GRAPHISAD,SM,22-Sep-2026,25.0,25.3,25.3,24.65,24.65,3600,0.9,3,2400.0,66.67,2026-09-22
GRAPHITE,EQ,22-Sep-2026,812.8,819.9,832.65,811.0,827.75,1332319,11001.96,49263,474525.0,35.62,2026-09-22
GRASIM,EQ,22-Sep-2026,3166.0,3171.0,3180.8,3125.0,3128.2,692941,21716.65,37193,457272.0,65.99,2026-09-22
GRAUWEIL,EQ,22-Sep-2026,85.34,85.17,86.43,82.9,83.24,476150,401.95,3877,238877.0,50.17,2026-09-22
GRAVISSHO,BE,22-Sep-2026,36.34,34.53,36.32,34.53,34.53,5300,1.85,63,,,2026-09-22
GRAVITA,EQ,22-Sep-2026,1580.0,1585.1,1596.6,1560.0,1564.9,198743,3128.78,17960,95918.0,48.26,2026-09-22
GRCL,SM,22-Sep-2026,585.0,570.0,570.0,570.0,570.0,1250,7.13,3,1250.0,100.0,2026-09-22
GREAVESCOT,EQ,22-Sep-2026,198.58,198.99,205.7,198.06,199.67,2267387,4588.55,28999,965817.0,42.6,2026-09-22
GREENCHEF,SM,22-Sep-2026,75.95,75.9,76.5,74.0,74.0,8000,6.0,10,6400.0,80.0,2026-09-22
GREENLAM,EQ,22-Sep-2026,228.76,229.9,234.99,225.0,226.17,22030,50.11,869,12955.0,58.81,2026-09-22
GREENLEAF,ST,22-Sep-2026,111.05,111.05,111.05,106.4,106.4,2000,2.17,2,2000.0,100.0,2026-09-22
GREENPANEL,EQ,22-Sep-2026,165.45,168.27,176.54,168.27,170.18,857586,1478.75,18081,340307.0,39.68,2026-09-22
GREENPLY,EQ,22-Sep-2026,289.9,290.95,297.7,289.05,296.65,295075,862.12,4875,205214.0,69.55,2026-09-22
GREENPOWER,EQ,22-Sep-2026,9.04,9.09,9.18,8.97,9.0,1950021,176.56,3675,1228082.0,62.98,2026-09-22
GRINDWELL,EQ,22-Sep-2026,1966.8,1985.0,2018.0,1933.0,1941.9,57640,1141.31,14579,29046.0,50.39,2026-09-22
GRINFRA,EQ,22-Sep-2026,824.85,820.2,828.0,793.6,805.15,67733,550.03,8729,33502.0,49.46,2026-09-22
GRMOVER,EQ,22-Sep-2026,82.43,82.43,82.65,80.11,80.59,1070563,868.13,5628,258049.0,24.1,2026-09-22
GROBTEA,EQ,22-Sep-2026,910.0,919.8,919.8,850.0,904.2,711,6.29,107,506.0,71.17,2026-09-22
GROWW,EQ,22-Sep-2026,190.59,190.1,190.5,188.1,189.18,14342042,27131.76,96700,8102314.0,56.49,2026-09-22
GROWWCAPM,EQ,22-Sep-2026,11.14,11.14,11.19,11.11,11.16,252556,28.19,560,168220.0,66.61,2026-09-22
GROWWCHEM,EQ,22-Sep-2026,29.33,29.0,29.7,29.0,29.27,22198,6.54,318,10001.0,45.05,2026-09-22
GROWWDEFNC,EQ,22-Sep-2026,94.02,94.02,95.32,93.74,94.27,116798,110.39,1824,56126.0,48.05,2026-09-22
GROWWEV,EQ,22-Sep-2026,31.79,31.8,31.92,31.29,31.41,243425,76.76,1682,159893.0,65.68,2026-09-22
GROWWGOLD,EQ,22-Sep-2026,14.83,14.8,14.86,14.68,14.75,2180086,321.9,2570,465953.0,21.37,2026-09-22
GROWWHOSPI,EQ,22-Sep-2026,53.07,53.16,53.29,52.57,52.85,162188,85.78,1101,87591.0,54.01,2026-09-22
GROWWLIQID,EQ,22-Sep-2026,110.83,110.84,110.85,110.84,110.84,320946,355.75,146,182731.0,56.94,2026-09-22
GROWWLOVOL,EQ,22-Sep-2026,10.14,10.32,10.32,10.04,10.18,10850,1.1,86,5556.0,51.21,2026-09-22
GROWWMC150,EQ,22-Sep-2026,230.34,230.67,230.73,226.42,227.56,4199,9.66,31,3625.0,86.33,2026-09-22
GROWWMETAL,EQ,22-Sep-2026,12.4,12.6,12.6,12.27,12.36,127942,15.86,965,68996.0,53.93,2026-09-22
GROWWMOM50,EQ,22-Sep-2026,10.94,10.99,11.01,10.83,10.88,38960,4.25,365,30198.0,77.51,2026-09-22
GROWWN200,EQ,22-Sep-2026,11.15,11.2,11.2,11.01,11.05,44483,4.92,226,33615.0,75.57,2026-09-22
GROWWNET,EQ,22-Sep-2026,11.0,11.05,11.2,10.89,11.11,793359,87.71,672,512473.0,64.6,2026-09-22
GROWWNIFTY,EQ,22-Sep-2026,9.5,9.73,9.73,9.43,9.47,583316,55.25,4810,363490.0,62.31,2026-09-22
GROWWNXT50,EQ,22-Sep-2026,72.32,73.04,73.04,71.23,71.52,7901,5.71,107,5101.0,64.56,2026-09-22
GROWWPOWER,EQ,22-Sep-2026,11.22,11.44,11.44,11.12,11.17,1157658,130.2,1763,671046.0,57.97,2026-09-22
GROWWPSE,EQ,22-Sep-2026,97.31,98.0,98.0,96.37,96.99,1892,1.83,95,759.0,40.12,2026-09-22
GROWWPSUBK,EQ,22-Sep-2026,83.64,83.64,84.58,82.5,82.64,5789,4.8,117,1127.0,19.47,2026-09-22
GROWWRAIL,EQ,22-Sep-2026,27.32,27.46,27.46,27.05,27.16,278757,75.92,2123,150619.0,54.03,2026-09-22
GROWWRLTY,EQ,22-Sep-2026,9.55,9.69,9.7,9.36,9.56,215291,20.7,466,87735.0,40.75,2026-09-22
GROWWSC250,EQ,22-Sep-2026,10.56,10.63,10.63,10.51,10.54,68472,7.24,482,45840.0,66.95,2026-09-22
GROWWSLVR,EQ,22-Sep-2026,22.76,22.65,22.8,22.39,22.56,1392509,315.07,3148,309841.0,22.25,2026-09-22
GRPLTD,EQ,22-Sep-2026,1992.7,1970.7,2003.9,1969.0,2000.0,1422,28.38,211,1205.0,84.74,2026-09-22
GRSE,EQ,22-Sep-2026,2372.2,2390.2,2459.2,2386.9,2399.7,584333,14141.6,40606,108986.0,18.65,2026-09-22
GRWRHITECH,EQ,22-Sep-2026,6454.5,6450.0,6502.0,6302.0,6366.5,48819,3119.22,12985,23517.0,48.17,2026-09-22
GSEC10ABSL,EQ,22-Sep-2026,112.34,112.1,112.1,112.1,112.1,10,0.01,1,10.0,100.0,2026-09-22
GSEC10IETF,EQ,22-Sep-2026,264.57,263.57,264.6,261.46,264.6,71,0.19,9,64.0,90.14,2026-09-22
GSEC10YEAR,EQ,22-Sep-2026,30.11,30.26,30.37,30.11,30.12,450,0.14,18,338.0,75.11,2026-09-22
GSEC5IETF,EQ,22-Sep-2026,65.77,66.15,66.32,65.67,66.09,21662,14.28,38,12122.0,55.96,2026-09-22
GSFC,EQ,22-Sep-2026,150.75,151.36,153.8,151.0,152.19,626935,955.93,8256,211741.0,33.77,2026-09-22
GSLSU,EQ,22-Sep-2026,29.44,30.09,30.91,29.84,30.91,112033,34.35,494,90002.0,80.34,2026-09-22
GSMFOILS,SM,22-Sep-2026,82.0,82.0,84.25,80.0,81.1,185500,151.19,275,132500.0,71.43,2026-09-22
GSPCROP,EQ,22-Sep-2026,490.9,493.8,493.8,482.55,484.9,238074,1156.55,3593,9925.0,4.17,2026-09-22
GSS,EQ,22-Sep-2026,10.82,11.17,11.17,10.36,10.54,36992,4.0,379,26873.0,72.65,2026-09-22
GSTL,SM,22-Sep-2026,11.9,12.45,12.45,12.45,12.45,11000,1.37,9,11000.0,100.0,2026-09-22
GTECJAINX,EQ,22-Sep-2026,26.39,26.39,29.02,26.39,28.43,9492,2.71,106,5185.0,54.62,2026-09-22
GTL,EQ,22-Sep-2026,7.04,7.04,7.09,6.81,6.99,191858,13.4,542,158225.0,82.47,2026-09-22
GTLINFRA,EQ,22-Sep-2026,1.13,1.13,1.14,1.11,1.12,30228187,339.39,10817,12275069.0,40.61,2026-09-22
GTPL,EQ,22-Sep-2026,55.06,55.88,55.88,54.6,55.06,23773,13.14,712,14361.0,60.41,2026-09-22
GUFICBIO,EQ,22-Sep-2026,435.65,440.4,449.0,434.55,442.15,61868,273.96,2514,41422.0,66.95,2026-09-22
GUJALKALI,EQ,22-Sep-2026,629.5,628.0,635.95,617.05,626.55,78981,493.4,3741,33275.0,42.13,2026-09-22
GUJAPOLLO,EQ,22-Sep-2026,344.2,346.9,349.0,336.1,337.4,7101,24.37,296,4937.0,69.53,2026-09-22
GUJENERGY,EQ,22-Sep-2026,238.52,239.89,239.89,229.5,230.4,2054302,4772.91,46337,1222374.0,59.5,2026-09-22
GUJRAFFIA,EQ,22-Sep-2026,40.33,40.01,40.98,39.05,39.21,1636,0.65,39,1243.0,75.98,2026-09-22
GUJTHEM,EQ,22-Sep-2026,413.7,414.95,416.95,408.0,411.65,245616,1012.6,11051,138299.0,56.31,2026-09-22
GULFOILLUB,EQ,22-Sep-2026,1058.4,1058.6,1065.3,1046.0,1050.9,23913,251.43,3210,13123.0,54.88,2026-09-22
GULFPETRO,BE,22-Sep-2026,61.66,62.75,64.1,60.0,63.45,116083,72.35,334,,,2026-09-22
GULPOLY,EQ,22-Sep-2026,169.52,169.52,173.99,169.52,173.1,131794,227.24,3245,73607.0,55.85,2026-09-22
GURUNANAK,SM,22-Sep-2026,36.9,36.0,38.0,35.1,38.0,16000,5.84,9,11200.0,70.0,2026-09-22
GVKPIL,BE,22-Sep-2026,2.45,2.49,2.49,2.49,2.49,370675,9.23,298,,,2026-09-22
GVPIL,EQ,22-Sep-2026,688.9,698.0,711.9,670.1,673.1,312168,2158.46,14326,145820.0,46.71,2026-09-22
GVPTECH,BE,22-Sep-2026,7.26,7.2,7.41,7.2,7.39,34739,2.56,219,,,2026-09-22
GVT&D,EQ,22-Sep-2026,4366.1,4420.0,4513.5,4348.0,4348.0,545018,24138.41,58110,190261.0,34.91,2026-09-22
GYFTR,EQ,22-Sep-2026,169.95,171.58,171.58,167.0,168.5,33108,56.06,525,26086.0,78.79,2026-09-22
HAL,EQ,22-Sep-2026,4826.0,4834.8,4879.5,4776.2,4800.0,548249,26366.96,42184,247140.0,45.08,2026-09-22
HALDER,EQ,22-Sep-2026,283.5,296.9,296.9,273.7,277.3,26279,74.91,149,5856.0,22.28,2026-09-22
HALDYNGL,BE,22-Sep-2026,142.78,141.35,145.85,141.35,143.05,32133,46.24,180,,,2026-09-22
HALEOSLABS,EQ,22-Sep-2026,1487.6,1485.0,1539.4,1485.0,1500.0,339,5.09,47,263.0,77.58,2026-09-22
HAMPTON,EQ,22-Sep-2026,8.04,8.22,8.22,7.9,8.17,8908,0.72,74,8024.0,90.08,2026-09-22
HAPPSTMNDS,EQ,22-Sep-2026,317.8,319.0,320.15,311.6,313.4,879998,2775.61,20690,359885.0,40.9,2026-09-22
HAPPY,SM,22-Sep-2026,76.2,77.9,77.9,68.65,74.75,148000,109.54,47,98000.0,66.22,2026-09-22
HAPPYFORGE,EQ,22-Sep-2026,2109.1,2109.1,2124.4,2076.1,2108.5,99354,2091.54,18645,62404.0,62.81,2026-09-22
HARDWYN,EQ,22-Sep-2026,9.15,9.2,9.24,9.03,9.09,289352,26.48,593,158080.0,54.63,2026-09-22
HARIOMPIPE,EQ,22-Sep-2026,358.85,363.8,374.0,358.5,361.85,127395,464.64,5053,52072.0,40.87,2026-09-22
HARRMALAYA,EQ,22-Sep-2026,178.18,181.87,181.87,176.1,176.66,4078,7.26,259,3009.0,73.79,2026-09-22
HARSHA,EQ,22-Sep-2026,467.9,472.55,475.0,461.35,465.1,187169,875.89,7638,81435.0,43.51,2026-09-22
HATHWAY,EQ,22-Sep-2026,9.97,9.95,10.08,9.95,9.99,1017873,101.93,1584,455744.0,44.77,2026-09-22
HATSUN,EQ,22-Sep-2026,1130.7,1130.0,1180.9,1128.0,1168.0,47379,547.84,7031,18936.0,39.97,2026-09-22
HAVELLS,EQ,22-Sep-2026,1103.1,1103.6,1109.4,1086.0,1088.9,252772,2774.18,16656,127769.0,50.55,2026-09-22
HAVISHA,EQ,22-Sep-2026,1.34,1.34,1.37,1.31,1.36,33997,0.46,62,28184.0,82.9,2026-09-22
HAWKINCOOK,EQ,22-Sep-2026,8166.0,8200.0,8259.5,7951.0,8009.5,4227,339.66,1468,2649.0,62.67,2026-09-22
HAZOOR,EQ,22-Sep-2026,19.11,19.0,19.94,18.81,19.11,430931,83.43,1237,109362.0,25.38,2026-09-22
HBESD,EQ,22-Sep-2026,73.0,71.51,74.9,66.5,70.52,720,0.5,69,511.0,70.97,2026-09-22
HBLENGINE,EQ,22-Sep-2026,749.85,751.0,778.0,746.0,767.15,1613557,12400.61,48385,653768.0,40.52,2026-09-22
HBPOR,EQ,22-Sep-2026,61.79,61.5,62.1,55.01,61.99,204,0.12,14,202.0,99.02,2026-09-22
HBSL,EQ,22-Sep-2026,53.25,53.0,54.5,53.0,54.45,6255,3.35,43,5922.0,94.68,2026-09-22
HCC,EQ,22-Sep-2026,21.83,21.84,22.31,21.61,21.67,14710707,3226.02,24150,3918889.0,26.64,2026-09-22
HCG,EQ,22-Sep-2026,701.35,701.35,715.7,696.85,713.1,99348,705.95,6935,60011.0,60.4,2026-09-22
HCL-INSYS,EQ,22-Sep-2026,10.7,10.69,11.24,10.69,10.79,531935,58.28,1514,295441.0,55.54,2026-09-22
HCLTECH,EQ,22-Sep-2026,1281.0,1280.0,1286.1,1240.3,1270.4,2680986,33891.38,81922,914584.0,34.11,2026-09-22
HDBFS,EQ,22-Sep-2026,680.95,680.95,684.1,672.75,674.55,153222,1037.3,10105,84068.0,54.87,2026-09-22
HDFCAMC,EQ,22-Sep-2026,2440.0,2438.2,2451.8,2414.1,2430.0,481994,11714.43,39910,305960.0,63.48,2026-09-22
HDFCBANK,EQ,22-Sep-2026,739.5,738.85,749.3,738.6,738.6,35483669,264187.91,307695,24362291.0,68.66,2026-09-22
HDFCBSE500,EQ,22-Sep-2026,36.93,37.08,37.09,36.63,36.79,1159363,426.38,229,1131413.0,97.59,2026-09-22
HDFCGOLD,EQ,22-Sep-2026,129.83,129.53,129.92,128.47,129.26,3410806,4405.95,7923,1697482.0,49.77,2026-09-22
HDFCGROWTH,EQ,22-Sep-2026,114.73,114.81,114.82,114.01,114.34,14004,16.01,120,7382.0,52.71,2026-09-22
HDFCLIFE,EQ,22-Sep-2026,559.4,560.55,567.4,559.05,559.2,1788405,10073.04,47912,829455.0,46.38,2026-09-22
HDFCLIQUID,EQ,22-Sep-2026,1078.77,1078.9,1078.92,1078.9,1078.92,27281,294.34,41,26286.0,96.35,2026-09-22
HDFCLOWVOL,EQ,22-Sep-2026,20.04,20.29,20.29,19.91,19.96,3253,0.65,63,1416.0,43.53,2026-09-22
HDFCMID150,EQ,22-Sep-2026,23.11,23.25,23.25,23.05,23.16,498977,115.56,1119,175874.0,35.25,2026-09-22
HDFCMOMENT,EQ,22-Sep-2026,30.64,30.79,30.83,30.5,30.69,198472,60.93,488,126600.0,63.79,2026-09-22
HDFCNEXT50,EQ,22-Sep-2026,73.84,73.99,74.07,73.54,73.66,99490,73.43,379,22685.0,22.8,2026-09-22
HDFCNIF100,EQ,22-Sep-2026,25.41,25.53,25.53,25.21,25.31,66513,16.85,244,54498.0,81.94,2026-09-22
HDFCNIFBAN,EQ,22-Sep-2026,58.17,58.4,58.4,57.84,58.03,45977,26.71,319,38676.0,84.12,2026-09-22
HDFCNIFIT,EQ,22-Sep-2026,30.93,31.55,31.55,30.35,30.49,1173850,358.24,754,803440.0,68.44,2026-09-22
HDFCNIFTY,EQ,22-Sep-2026,264.79,271.4,271.4,263.1,263.97,131748,347.75,864,110479.0,83.86,2026-09-22
HDFCNIMEG,EQ,22-Sep-2026,129.91,130.17,130.46,129.12,129.68,2207,2.86,63,1374.0,62.26,2026-09-22
HDFCPSUBK,EQ,22-Sep-2026,84.02,84.28,84.29,83.19,83.44,15620,13.06,197,7114.0,45.54,2026-09-22
HDFCPVTBAN,EQ,22-Sep-2026,27.87,27.87,28.06,27.82,27.88,46295,12.92,549,34104.0,73.67,2026-09-22
HDFCQUAL,EQ,22-Sep-2026,57.26,55.82,57.1,55.82,56.82,15973,9.08,222,8792.0,55.04,2026-09-22
HDFCSENSEX,EQ,22-Sep-2026,85.05,87.17,87.17,84.51,84.8,33409,28.37,554,17451.0,52.23,2026-09-22
HDFCSILVER,EQ,22-Sep-2026,222.04,222.05,222.22,218.18,220.07,3187602,7018.85,13042,834288.0,26.17,2026-09-22
HDFCSML250,EQ,22-Sep-2026,184.23,183.0,186.43,182.2,183.98,981864,1810.46,13489,667289.0,67.96,2026-09-22
HDFCVALUE,EQ,22-Sep-2026,122.33,122.4,122.5,121.14,121.26,8667,10.57,119,7469.0,86.18,2026-09-22
HDIL,BZ,22-Sep-2026,1.47,1.46,1.48,1.45,1.45,78369,1.14,154,,,2026-09-22
HEADSUP,EQ,22-Sep-2026,6.91,6.89,6.91,6.66,6.77,3446,0.23,117,3290.0,95.47,2026-09-22
HEALTHADD,EQ,22-Sep-2026,16.99,17.07,17.32,16.88,16.9,9214,1.56,85,4740.0,51.44,2026-09-22
HEALTHAXIS,EQ,22-Sep-2026,171.79,171.35,171.35,170.1,171.22,639,1.09,54,417.0,65.26,2026-09-22
HEALTHCARE,EQ,22-Sep-2026,22.06,22.5,22.5,21.83,21.9,38218,8.4,260,30191.0,79.0,2026-09-22
HEALTHIETF,EQ,22-Sep-2026,172.96,173.01,173.8,171.0,171.77,125259,215.67,4609,75342.0,60.15,2026-09-22
HEALTHX,EQ,22-Sep-2026,297.0,297.0,303.0,287.0,289.4,8261,24.19,177,7039.0,85.21,2026-09-22
HEALTHY,EQ,22-Sep-2026,17.33,17.33,17.45,17.2,17.24,412294,71.19,897,337690.0,81.91,2026-09-22
HECPROJECT,EQ,22-Sep-2026,118.1,117.26,118.95,114.1,115.68,11252,13.06,253,9036.0,80.31,2026-09-22
HEGAM,EQ,22-Sep-2026,248.5,247.0,248.0,229.5,232.9,1096045,2617.73,18499,740627.0,67.57,2026-09-22
HEIDELBERG,EQ,22-Sep-2026,141.67,141.7,142.98,140.44,141.13,69280,98.11,1615,40397.0,58.31,2026-09-22
HEMIPROP,EQ,22-Sep-2026,120.02,120.02,121.54,118.55,119.16,326039,390.58,3350,223038.0,68.41,2026-09-22
HERANBA,EQ,22-Sep-2026,167.08,169.75,169.85,165.0,166.47,19818,33.03,856,10172.0,51.33,2026-09-22
HERITGFOOD,EQ,22-Sep-2026,421.5,422.4,426.2,412.8,414.7,234231,981.0,8354,99648.0,42.54,2026-09-22
HEROMOTOCO,EQ,22-Sep-2026,5419.0,5424.0,5443.0,5368.0,5373.0,542248,29266.76,69793,336853.0,62.12,2026-09-22
HESTERBIO,EQ,22-Sep-2026,2188.8,2184.8,2235.9,2166.1,2178.7,1267,27.87,309,855.0,67.48,2026-09-22
HEXAGON,BE,22-Sep-2026,66.36,65.35,67.0,64.55,65.07,203283,133.61,921,,,2026-09-22
HEXATRADEX,EQ,22-Sep-2026,159.84,160.9,160.9,157.1,158.81,601,0.95,33,426.0,70.88,2026-09-22
HEXT,EQ,22-Sep-2026,515.25,513.1,515.6,503.0,504.2,274878,1402.73,7091,206922.0,75.28,2026-09-22
HFCL,BE,22-Sep-2026,214.31,218.1,224.81,218.1,221.06,6521319,14527.24,49915,,,2026-09-22
HGINFRA,EQ,22-Sep-2026,442.65,442.65,452.4,440.05,444.45,70448,313.62,4418,28965.0,41.12,2026-09-22
HGM,EQ,22-Sep-2026,46.46,47.5,48.5,40.0,42.66,66926,28.5,981,42341.0,63.27,2026-09-22
HGS,EQ,22-Sep-2026,377.8,376.1,386.15,376.1,379.65,11133,42.23,554,5980.0,53.71,2026-09-22
HIGREEN,SM,22-Sep-2026,107.35,109.3,112.0,107.0,108.9,23200,25.36,29,16000.0,68.97,2026-09-22
HIKAL,EQ,22-Sep-2026,229.15,229.5,234.0,225.2,227.0,736129,1690.74,17133,186262.0,25.3,2026-09-22
HILINFRA,EQ,22-Sep-2026,43.37,44.3,44.3,43.02,43.26,33250,14.5,584,21466.0,64.56,2026-09-22
HILTON,EQ,22-Sep-2026,16.44,17.0,17.0,16.46,16.59,157941,26.38,554,102058.0,64.62,2026-09-22
HIMATSEIDE,EQ,22-Sep-2026,62.76,63.25,64.0,61.09,63.21,1370385,853.5,8213,763389.0,55.71,2026-09-22
HINDADH,EQ,22-Sep-2026,383.9,391.9,391.9,375.25,384.45,2862,10.97,105,2629.0,91.86,2026-09-22
HINDALCO,EQ,22-Sep-2026,981.2,987.0,987.5,967.1,973.0,3336085,32461.97,71483,2195051.0,65.8,2026-09-22
HINDALUMI,EQ,22-Sep-2026,93.26,94.0,96.5,91.25,94.08,1945,1.83,211,1249.0,64.22,2026-09-22
HINDCOMPOS,EQ,22-Sep-2026,379.25,380.5,383.75,371.5,376.55,2234,8.45,200,1352.0,60.52,2026-09-22
HINDCON,EQ,22-Sep-2026,24.44,24.37,25.5,24.37,24.73,59407,14.82,323,38033.0,64.02,2026-09-22
HINDCOPPER,EQ,22-Sep-2026,503.95,510.05,521.7,507.1,508.2,7778716,40019.0,94009,2201350.0,28.3,2026-09-22
HINDOILEXP,EQ,22-Sep-2026,176.63,176.5,177.48,174.0,174.83,370465,649.98,6139,183029.0,49.41,2026-09-22
HINDPETRO,EQ,22-Sep-2026,357.6,359.2,365.2,354.7,360.7,5830757,21026.54,42113,2947469.0,50.55,2026-09-22
HINDUNILVR,EQ,22-Sep-2026,1947.0,1952.0,1956.8,1933.8,1933.8,1023040,19856.2,39331,587156.0,57.39,2026-09-22
HINDWAREAP,EQ,22-Sep-2026,176.57,175.0,178.69,174.0,174.77,41766,73.59,1634,25456.0,60.95,2026-09-22
HINDZINC,EQ,22-Sep-2026,591.8,591.8,599.95,590.15,590.5,3894528,23126.21,54375,2151793.0,55.25,2026-09-22
HIRECT,EQ,22-Sep-2026,1241.2,1249.9,1295.9,1235.0,1242.2,51959,660.35,5150,20909.0,40.24,2026-09-22
HISARMETAL,EQ,22-Sep-2026,159.02,158.0,162.69,155.35,156.05,1158,1.82,63,616.0,53.2,2026-09-22
HITECH,EQ,22-Sep-2026,74.96,74.96,75.85,74.0,74.62,499235,372.04,4663,335553.0,67.21,2026-09-22
HITECHCORP,BE,22-Sep-2026,325.2,328.0,333.0,327.4,329.75,10653,35.09,72,,,2026-09-22
HITECHGEAR,BE,22-Sep-2026,540.05,531.05,546.0,531.05,534.25,901,4.83,26,,,2026-09-22
HLEGLAS,EQ,22-Sep-2026,469.2,479.9,483.4,445.75,445.75,431598,1989.46,11079,212139.0,49.15,2026-09-22
HLVLTD,EQ,22-Sep-2026,6.73,6.7,6.74,6.29,6.4,546868,35.21,1682,363808.0,66.53,2026-09-22
HMAAGRO,EQ,22-Sep-2026,23.95,24.41,24.41,23.36,23.72,2088829,495.78,5947,1064915.0,50.98,2026-09-22
HMT,BZ,22-Sep-2026,64.1,63.9,65.5,63.13,64.35,6857,4.43,82,,,2026-09-22
HMVL,BE,22-Sep-2026,82.67,82.67,83.5,80.8,82.21,7506,6.17,70,,,2026-09-22
HNDFDS,EQ,22-Sep-2026,617.75,617.75,625.9,613.05,622.15,41151,255.05,4973,25185.0,61.2,2026-09-22
HNGSNGBEES,EQ,22-Sep-2026,463.13,465.4,466.98,462.16,462.58,46908,217.61,2698,28934.0,61.68,2026-09-22
HOACFOODS,ST,22-Sep-2026,825.65,809.15,809.15,809.15,809.15,3000,24.27,7,3000.0,100.0,2026-09-22
HOLMARC,SM,22-Sep-2026,115.5,115.5,120.8,115.5,120.0,6750,8.03,8,5250.0,77.78,2026-09-22
HOMEFIRST,EQ,22-Sep-2026,1257.7,1255.0,1255.0,1190.0,1212.5,308917,3746.97,17436,158859.0,51.42,2026-09-22
HONASA,EQ,22-Sep-2026,473.6,474.0,476.6,472.0,473.65,463681,2201.34,16587,227097.0,48.98,2026-09-22
HONAUT,EQ,22-Sep-2026,34685.0,34685.0,34890.0,33950.0,34025.0,2713,932.69,2052,1597.0,58.86,2026-09-22
HONDAPOWER,EQ,22-Sep-2026,1920.6,1920.6,1938.0,1910.0,1916.5,1669,32.07,380,953.0,57.1,2026-09-22
HORIZONIND,EQ,22-Sep-2026,52.74,52.74,53.5,52.02,52.76,4274349,2252.97,23017,2523151.0,59.03,2026-09-22
HPAL,EQ,22-Sep-2026,35.93,36.65,36.65,35.26,35.39,27400,9.74,325,20409.0,74.49,2026-09-22
HPIL,EQ,22-Sep-2026,119.1,120.0,120.01,115.01,118.71,397,0.47,35,200.0,50.38,2026-09-22
HPL,EQ,22-Sep-2026,283.15,283.3,291.45,278.2,279.85,102152,289.77,3720,49686.0,48.64,2026-09-22
HPTL,SM,22-Sep-2026,424.85,444.3,446.0,444.3,446.0,3600,16.05,6,3600.0,100.0,2026-09-22
HRHNEXT,SM,22-Sep-2026,25.25,24.0,24.0,24.0,24.0,9000,2.16,6,9000.0,100.0,2026-09-22
HRYNSHP,EQ,22-Sep-2026,99.99,92.01,100.95,92.01,99.85,332,0.33,24,319.0,96.08,2026-09-22
HSBCGOLD,EQ,22-Sep-2026,131.63,131.74,133.0,130.51,131.14,4741,6.24,55,4155.0,87.64,2026-09-22
HSCL,EQ,22-Sep-2026,676.45,676.35,678.7,668.05,669.45,2081157,14007.96,26443,967504.0,46.49,2026-09-22
HTEL,EQ,22-Sep-2026,72.52,73.39,74.48,70.15,70.96,1699824,1227.31,19087,819255.0,48.2,2026-09-22
HTMEDIA,EQ,22-Sep-2026,24.04,24.05,24.75,23.77,24.45,77379,18.81,273,66678.0,86.17,2026-09-22
HUBTOWN,EQ,22-Sep-2026,175.73,175.73,179.25,175.06,175.61,225987,400.04,2682,142257.0,62.95,2026-09-22
HUDCO,EQ,22-Sep-2026,173.23,173.5,174.49,171.99,172.4,970859,1677.86,15257,541776.0,55.8,2026-09-22
HUHTAMAKI,EQ,22-Sep-2026,243.75,243.95,249.05,242.0,246.55,92529,228.15,5160,49731.0,53.75,2026-09-22
HVAX,SM,22-Sep-2026,659.25,665.0,692.2,665.0,692.2,600,4.11,4,600.0,100.0,2026-09-22
HYBRIDETF,EQ,22-Sep-2026,9.98,10.02,10.02,9.92,9.98,3286,0.33,45,3193.0,97.17,2026-09-22
HYBRIDFIN,BE,22-Sep-2026,16.6,16.6,16.79,16.42,16.69,3787,0.63,16,,,2026-09-22
HYUNDAI,EQ,22-Sep-2026,2144.0,2145.0,2152.8,2097.6,2101.0,462118,9797.68,30984,201703.0,43.65,2026-09-22
IBLFL,SM,22-Sep-2026,61.0,61.0,61.0,61.0,61.0,4000,2.44,2,4000.0,100.0,2026-09-22
IBULLSLTD,EQ,22-Sep-2026,29.09,29.0,29.9,28.66,29.51,7641378,2246.26,15929,4011588.0,52.5,2026-09-22
ICDSLTD,BE,22-Sep-2026,58.96,61.85,61.9,59.0,61.9,9062,5.53,57,,,2026-09-22
ICELCO,SM,22-Sep-2026,124.95,126.9,126.9,125.0,125.1,55200,69.21,38,52800.0,95.65,2026-09-22
ICEMAKE,EQ,22-Sep-2026,693.7,693.0,709.0,689.9,702.1,14608,102.14,1196,8899.0,60.92,2026-09-22
ICICIAMC,EQ,22-Sep-2026,3207.8,3207.0,3216.1,3141.0,3151.2,335076,10621.1,21096,196477.0,58.64,2026-09-22
ICICIB22,EQ,22-Sep-2026,112.66,109.84,113.61,109.84,112.46,267853,301.55,1876,226625.0,84.61,2026-09-22
ICICIBANK,EQ,22-Sep-2026,1345.0,1343.0,1347.2,1333.8,1339.6,6433249,86230.52,168586,3196333.0,49.68,2026-09-22
ICICIGI,EQ,22-Sep-2026,1509.1,1511.0,1513.8,1480.0,1480.0,690497,10334.88,25490,441110.0,63.88,2026-09-22
ICICIPRULI,EQ,22-Sep-2026,493.0,495.9,497.9,486.05,486.65,517509,2542.85,18019,228505.0,44.15,2026-09-22
ICIL,EQ,22-Sep-2026,436.15,436.25,453.15,436.25,448.9,400281,1790.8,17936,170336.0,42.55,2026-09-22
ICRA,EQ,22-Sep-2026,4545.7,4558.0,4607.9,4552.0,4579.8,64757,2966.34,3370,56298.0,86.94,2026-09-22
IDBI,EQ,22-Sep-2026,83.06,83.25,84.0,82.7,82.88,4998773,4160.02,24262,2015596.0,40.32,2026-09-22
IDEA,EQ,22-Sep-2026,13.84,13.89,14.36,13.71,14.27,527812273,74526.36,835162,141090480.0,26.73,2026-09-22
IDEAFORGE,EQ,22-Sep-2026,766.05,765.0,775.95,727.75,741.4,216245,1630.18,12156,141018.0,65.21,2026-09-22
IDEALTECHO,SM,22-Sep-2026,95.0,110.0,110.0,96.0,96.0,8000,8.15,8,4000.0,50.0,2026-09-22
IDENTICAL,SM,22-Sep-2026,17.3,17.95,17.95,17.95,17.95,2000,0.36,1,2000.0,100.0,2026-09-22
IDFCFIRSTB,EQ,22-Sep-2026,85.8,85.64,86.1,84.9,85.37,7198920,6142.36,58529,3905611.0,54.25,2026-09-22
IDFNIFTYET,EQ,22-Sep-2026,259.6,259.85,259.97,257.59,259.13,791,2.05,30,761.0,96.21,2026-09-22
IEML,ST,22-Sep-2026,42.05,41.0,44.15,40.5,44.15,101000,44.47,81,98500.0,97.52,2026-09-22
IEX,EQ,22-Sep-2026,113.82,113.82,114.12,112.12,112.9,4454976,5023.01,31977,2494950.0,56.0,2026-09-22
IFBAGRO,EQ,22-Sep-2026,870.0,874.05,880.0,860.0,865.7,1783,15.56,214,1293.0,72.52,2026-09-22
IFBIND,EQ,22-Sep-2026,1222.3,1220.0,1238.0,1210.5,1213.1,16131,197.49,1654,9937.0,61.6,2026-09-22
IFCI,EQ,22-Sep-2026,74.25,74.45,77.08,73.91,75.94,67877909,51454.71,152520,7957555.0,11.72,2026-09-22
IFGLEXPOR,EQ,22-Sep-2026,197.9,197.15,200.0,193.2,194.65,38262,75.32,1082,19377.0,50.64,2026-09-22
IGARASHI,EQ,22-Sep-2026,424.25,426.0,432.15,421.2,424.0,43387,185.03,2061,18994.0,43.78,2026-09-22
IGCL,EQ,22-Sep-2026,65.55,65.0,67.08,64.11,64.85,102898,67.59,1969,56740.0,55.14,2026-09-22
IGIL,EQ,22-Sep-2026,323.8,324.0,332.25,323.2,326.95,1036006,3397.24,25145,549846.0,53.07,2026-09-22
IGL,EQ,22-Sep-2026,148.85,148.71,148.99,145.5,146.68,2535771,3718.84,38359,1403653.0,55.35,2026-09-22
IGPL,EQ,22-Sep-2026,576.75,585.0,585.0,558.7,563.4,65381,371.54,2425,40651.0,62.18,2026-09-22
IIFL,EQ,22-Sep-2026,608.1,608.0,620.0,604.0,617.55,1734500,10667.2,48279,878378.0,50.64,2026-09-22
IIFLCAPS,EQ,22-Sep-2026,344.4,344.5,345.9,342.0,345.05,284144,977.85,5496,166674.0,58.66,2026-09-22
IITL,EQ,22-Sep-2026,143.02,142.78,163.0,140.16,143.4,93108,133.54,855,10410.0,11.18,2026-09-22
IKIO,EQ,22-Sep-2026,211.68,213.68,216.8,203.83,205.98,266100,552.71,5678,103921.0,39.05,2026-09-22
IKS,EQ,22-Sep-2026,1782.8,1771.7,1886.0,1771.3,1869.2,486580,9006.34,31383,226085.0,46.46,2026-09-22
IL&FSENGG,BZ,22-Sep-2026,42.08,43.8,43.8,41.01,42.41,38786,16.49,100,,,2026-09-22
IL&FSTRANS,BZ,22-Sep-2026,1.95,1.95,2.0,1.86,1.86,108343,2.06,105,,,2026-09-22
IMAGICAA,EQ,22-Sep-2026,52.87,53.05,54.1,52.03,52.4,462703,245.78,2723,211973.0,45.81,2026-09-22
IMFA,EQ,22-Sep-2026,1238.0,1240.0,1270.0,1238.0,1252.8,76934,966.29,6552,33653.0,43.74,2026-09-22
IMPAL,EQ,22-Sep-2026,1077.2,1084.0,1129.0,1071.0,1075.0,1353,14.66,191,890.0,65.78,2026-09-22
IMPEXFERRO,BZ,22-Sep-2026,5.69,5.75,5.8,5.75,5.8,23462,1.36,38,,,2026-09-22
INA,EQ,22-Sep-2026,90.72,91.05,95.9,91.05,92.56,755835,708.66,5665,364094.0,48.17,2026-09-22
INCREDIBLE,EQ,22-Sep-2026,33.11,33.01,33.01,32.32,32.51,786,0.26,23,779.0,99.11,2026-09-22
INDBANK,EQ,22-Sep-2026,25.47,25.7,25.95,25.5,25.65,14492,3.72,175,11590.0,79.98,2026-09-22
INDGN,EQ,22-Sep-2026,595.95,596.0,600.35,588.0,592.1,192223,1142.0,10119,89534.0,46.58,2026-09-22
INDHOTEL,EQ,22-Sep-2026,745.0,749.4,749.4,735.75,736.25,1255870,9308.77,38782,609609.0,48.54,2026-09-22
INDIACEM,EQ,22-Sep-2026,345.0,348.6,348.6,339.6,340.65,97438,334.43,5734,43740.0,44.89,2026-09-22
INDIAGLYCO,EQ,22-Sep-2026,255.8,257.8,258.5,252.0,253.6,284894,724.32,6084,148007.0,51.95,2026-09-22
INDIAMART,EQ,22-Sep-2026,1631.4,1635.0,1645.0,1630.0,1635.2,39293,642.15,6534,21397.0,54.45,2026-09-22
INDIANB,EQ,22-Sep-2026,841.0,844.95,850.8,835.5,840.8,498899,4193.23,35893,254098.0,50.93,2026-09-22
INDIANCARD,EQ,22-Sep-2026,206.05,207.11,213.0,207.08,212.95,641,1.36,28,623.0,97.19,2026-09-22
INDIANHUME,EQ,22-Sep-2026,362.95,364.0,377.0,359.0,367.9,61624,226.83,2983,28909.0,46.91,2026-09-22
INDIASHLTR,EQ,22-Sep-2026,674.6,680.0,681.15,660.7,662.15,48202,320.43,2910,25550.0,53.01,2026-09-22
INDIGO,EQ,22-Sep-2026,4941.0,5000.0,5064.0,4943.0,5030.0,873833,43654.24,50865,490119.0,56.09,2026-09-22
INDIGOPNTS,EQ,22-Sep-2026,1130.5,1131.0,1149.9,1117.0,1142.0,48417,552.06,7094,23561.0,48.66,2026-09-22
INDIGRID,IV,22-Sep-2026,173.49,173.6,173.75,171.6,172.82,1203841,2076.51,9776,1028034.0,85.4,2026-09-22
INDIQUBE,EQ,22-Sep-2026,188.34,190.81,192.29,183.85,187.96,67403,126.01,2075,39846.0,59.12,2026-09-22
INDNIPPON,EQ,22-Sep-2026,1238.6,1254.0,1276.0,1226.8,1237.0,38127,475.04,4238,15221.0,39.92,2026-09-22
INDOAMIN,BE,22-Sep-2026,132.87,135.8,138.65,132.87,134.8,96970,132.38,810,,,2026-09-22
INDOBORAX,EQ,22-Sep-2026,463.85,467.0,473.95,461.0,463.55,32044,149.23,2380,16820.0,52.49,2026-09-22
INDOCO,EQ,22-Sep-2026,257.59,259.25,262.99,253.1,254.51,149543,386.19,4282,69503.0,46.48,2026-09-22
INDOFARM,EQ,22-Sep-2026,143.36,142.0,144.29,139.0,139.9,84078,118.84,1807,40979.0,48.74,2026-09-22
INDOKEM,EQ,22-Sep-2026,614.6,625.0,640.0,601.65,607.2,3087,18.89,332,1865.0,60.41,2026-09-22
INDOMIM,EQ,22-Sep-2026,1161.45,1155.0,1248.0,1146.65,1233.3,8175941,99030.42,316396,1939035.0,23.72,2026-09-22
INDORAMA,EQ,22-Sep-2026,106.55,106.18,112.3,102.26,103.57,4610713,4947.6,48143,1223841.0,26.54,2026-09-22
INDOSTAR,EQ,22-Sep-2026,235.45,234.55,237.37,230.0,231.58,35719,82.93,1149,24773.0,69.36,2026-09-22
INDOTECH,EQ,22-Sep-2026,3313.5,3313.5,3359.9,3249.1,3279.0,11936,392.73,2869,7086.0,59.37,2026-09-22
INDOTHAI,EQ,22-Sep-2026,34.08,34.0,34.79,32.38,32.38,1578498,519.55,4435,1108234.0,70.21,2026-09-22
INDOUS,EQ,22-Sep-2026,78.5,79.7,79.7,78.0,78.99,4002,3.14,41,2400.0,59.97,2026-09-22
INDOWIND,EQ,22-Sep-2026,8.92,9.06,9.14,8.85,9.0,84149,7.58,439,41814.0,49.69,2026-09-22
INDPRUD,EQ,22-Sep-2026,6295.5,6273.0,6273.0,6271.0,6273.0,21,1.32,6,21.0,100.0,2026-09-22
INDRAMEDCO,EQ,22-Sep-2026,365.95,369.5,369.65,357.0,360.95,148051,540.33,5566,82154.0,55.49,2026-09-22
INDSWFTLAB,EQ,22-Sep-2026,379.4,388.0,417.0,386.2,405.55,2018474,8163.51,42027,627537.0,31.09,2026-09-22
INDTERRAIN,EQ,22-Sep-2026,29.02,29.02,29.52,28.63,29.2,13764,3.99,304,7925.0,57.58,2026-09-22
INDUSINDBK,EQ,22-Sep-2026,956.0,959.0,963.5,949.3,955.0,971946,9290.47,36189,587699.0,60.47,2026-09-22
INDUSINVIT,IV,22-Sep-2026,133.79,133.79,134.1,132.25,133.97,176634,235.64,7725,141487.0,80.1,2026-09-22
INDUSTOWER,EQ,22-Sep-2026,377.65,377.65,382.1,373.65,382.1,3537704,13378.17,35947,1968278.0,55.64,2026-09-22
INFINIUM,SM,22-Sep-2026,274.5,278.95,278.95,262.2,262.2,1500,4.08,3,1000.0,66.67,2026-09-22
INFLUX,SM,22-Sep-2026,276.05,275.0,280.4,275.0,275.45,18600,51.3,22,14400.0,77.42,2026-09-22
INFOBEAN,EQ,22-Sep-2026,152.45,153.88,153.88,150.45,151.05,115367,174.97,1952,63087.0,54.68,2026-09-22
INFOLLION,SM,22-Sep-2026,153.5,157.8,158.0,151.05,152.5,8000,12.39,14,4800.0,60.0,2026-09-22
INFOMEDIA,EQ,22-Sep-2026,5.48,5.65,5.65,5.16,5.34,10392,0.55,154,8343.0,80.28,2026-09-22
INFRA,EQ,22-Sep-2026,11.85,11.92,11.92,11.78,11.78,12256,1.45,167,7595.0,61.97,2026-09-22
INFRABEES,EQ,22-Sep-2026,936.29,940.97,944.47,929.88,931.64,7995,74.74,531,3871.0,48.42,2026-09-22
INFRAIETF,EQ,22-Sep-2026,93.16,93.4,93.78,92.65,93.09,67131,62.49,7544,41953.0,62.49,2026-09-22
INFY,EQ,22-Sep-2026,1038.5,1037.7,1041.0,1019.2,1029.4,9341109,95960.77,167463,5187113.0,55.53,2026-09-22
INGERRAND,EQ,22-Sep-2026,4206.4,4210.0,4249.0,4140.0,4146.7,14361,599.37,3187,8702.0,60.59,2026-09-22
INNOMET,ST,22-Sep-2026,286.65,291.9,292.35,291.0,292.35,30600,89.36,38,26400.0,86.27,2026-09-22
INNOVACAP,EQ,22-Sep-2026,1198.3,1207.6,1237.9,1204.2,1226.7,56049,685.61,7889,27466.0,49.0,2026-09-22
INNOVANA,EQ,22-Sep-2026,304.5,307.0,307.9,291.05,295.3,44589,132.63,1043,20252.0,45.42,2026-09-22
INNOVISION,EQ,22-Sep-2026,253.3,253.6,255.95,250.85,254.45,5564,14.16,363,3784.0,68.01,2026-09-22
INOXGREEN,EQ,22-Sep-2026,172.34,172.34,175.9,169.26,171.41,1945949,3350.33,19065,885996.0,45.53,2026-09-22
INOXINDIA,EQ,22-Sep-2026,2089.2,2130.7,2175.5,2097.7,2133.7,376256,8060.99,45806,159834.0,42.48,2026-09-22
INOXWIND,EQ,22-Sep-2026,77.5,78.03,78.89,77.4,77.9,10089416,7893.35,29487,5177207.0,51.31,2026-09-22
INSECTICID,EQ,22-Sep-2026,598.95,598.95,616.85,596.5,611.6,37873,230.71,9225,20253.0,53.48,2026-09-22
INSPIRISYS,EQ,22-Sep-2026,87.15,89.79,89.79,87.0,88.99,1156,1.02,33,715.0,61.85,2026-09-22
INSUREIETF,EQ,22-Sep-2026,15.22,15.44,16.0,15.09,15.17,427861,65.24,359,281544.0,65.8,2026-09-22
INTELLECT,EQ,22-Sep-2026,659.1,660.5,664.65,644.95,647.75,466891,3038.76,29263,258788.0,55.43,2026-09-22
INTENTECH,EQ,22-Sep-2026,81.26,81.0,85.88,79.0,81.35,38938,31.56,557,32190.0,82.67,2026-09-22
INTERARCH,EQ,22-Sep-2026,1709.4,1715.0,1733.7,1692.0,1701.6,32052,549.02,2837,19201.0,59.91,2026-09-22
INTERNET,EQ,22-Sep-2026,14.8,14.86,15.0,14.8,14.97,321002,47.99,386,270976.0,84.42,2026-09-22
INTLCONV,EQ,22-Sep-2026,75.35,75.22,78.3,75.22,77.86,41166,31.82,982,33881.0,82.3,2026-09-22
INVENTURE,EQ,22-Sep-2026,0.89,0.89,0.91,0.89,0.89,1112088,10.01,292,372493.0,33.49,2026-09-22
INVICTA,SM,22-Sep-2026,68.1,65.0,67.0,65.0,67.0,3200,2.11,2,1600.0,50.0,2026-09-22
INVPRECQ,BE,22-Sep-2026,1368.0,1395.3,1395.3,1395.3,1395.3,4183,58.37,45,,,2026-09-22
IOB,EQ,22-Sep-2026,32.06,32.06,32.2,31.85,31.92,1483150,474.77,6980,846622.0,57.08,2026-09-22
IOC,EQ,22-Sep-2026,136.53,137.53,139.3,136.8,137.8,11156453,15387.6,59911,5092768.0,45.65,2026-09-22
IOLCP,EQ,22-Sep-2026,202.91,203.05,206.19,193.46,200.39,2518148,5078.46,30136,878304.0,34.88,2026-09-22
IONEXCHANG,EQ,22-Sep-2026,432.25,432.25,442.95,422.9,429.8,197060,854.55,10774,102519.0,52.02,2026-09-22
IPCALAB,EQ,22-Sep-2026,2008.2,2015.5,2037.0,1980.0,1992.4,122345,2455.27,23534,77905.0,63.68,2026-09-22
IPHL,SM,22-Sep-2026,72.95,72.0,72.0,71.0,71.0,8400,5.99,7,7200.0,85.71,2026-09-22
IPL,EQ,22-Sep-2026,134.43,135.8,135.9,133.2,133.47,173144,232.06,1806,71980.0,41.57,2026-09-22
IPRINGLTD,EQ,22-Sep-2026,140.42,137.0,138.99,132.0,135.95,2867,3.89,72,2313.0,80.68,2026-09-22
IRB,EQ,22-Sep-2026,18.1,18.1,18.27,17.93,17.98,16358591,2949.7,29348,8716057.0,53.28,2026-09-22
IRBINVIT,IV,22-Sep-2026,64.96,64.93,64.96,64.52,64.6,239019,154.71,3162,212971.0,89.1,2026-09-22
IRCON,EQ,22-Sep-2026,108.85,109.0,110.9,108.66,109.09,1704761,1872.48,21642,532346.0,31.23,2026-09-22
IRCTC,EQ,22-Sep-2026,470.7,472.0,474.6,466.35,469.65,431674,2034.57,18049,174894.0,40.52,2026-09-22
IREDA,EQ,22-Sep-2026,111.0,111.25,112.19,110.0,110.25,2673698,2966.8,22381,983222.0,36.77,2026-09-22
IRFC,EQ,22-Sep-2026,80.22,80.51,80.8,79.8,80.0,4813566,3859.35,35133,1822632.0,37.86,2026-09-22
IRIS,EQ,22-Sep-2026,245.37,246.5,248.99,232.5,236.43,25387,60.3,1114,13413.0,52.83,2026-09-22
IRISDOREME,EQ,22-Sep-2026,64.81,64.81,68.0,63.2,66.24,2598455,1719.1,12655,430983.0,16.59,2026-09-22
IRMENERGY,EQ,22-Sep-2026,271.75,269.0,273.0,267.6,268.35,39213,105.83,1794,20599.0,52.53,2026-09-22
ISFT,EQ,22-Sep-2026,92.09,93.98,108.24,91.65,104.02,385240,387.88,6214,107058.0,27.79,2026-09-22
ISGEC,EQ,22-Sep-2026,852.85,851.4,859.4,835.0,840.75,64283,545.72,6724,32802.0,51.03,2026-09-22
ISHAN,SM,22-Sep-2026,0.5,0.5,0.5,0.5,0.5,48000,0.24,1,48000.0,100.0,2026-09-22
ISHANCH,EQ,22-Sep-2026,49.7,53.35,53.39,50.0,50.78,73746,37.28,321,62024.0,84.1,2026-09-22
ISTLTD,EQ,22-Sep-2026,652.0,652.0,680.0,642.5,675.75,1091,7.25,156,831.0,76.17,2026-09-22
IT,EQ,22-Sep-2026,32.14,32.1,32.11,31.55,31.78,588058,186.76,1829,308076.0,52.39,2026-09-22
ITADD,EQ,22-Sep-2026,30.63,30.55,30.55,30.12,30.45,22170,6.73,170,8458.0,38.15,2026-09-22
ITAXIS,EQ,22-Sep-2026,321.5,325.48,325.48,313.0,315.69,2172,6.84,75,1682.0,77.44,2026-09-22
ITBEES,EQ,22-Sep-2026,32.12,32.34,32.34,31.55,31.77,11585503,3679.07,20465,4607327.0,39.77,2026-09-22
ITBETA,EQ,22-Sep-2026,304.29,301.33,309.0,299.3,309.0,540,1.62,27,450.0,83.33,2026-09-22
ITC,EQ,22-Sep-2026,267.0,267.9,268.25,264.75,265.8,7177847,19111.24,81112,4327862.0,60.29,2026-09-22
ITCHOTELS,EQ,22-Sep-2026,155.86,157.0,159.78,157.0,158.6,1872495,2975.05,29019,840821.0,44.9,2026-09-22
ITDC,EQ,22-Sep-2026,651.95,651.95,723.7,651.0,705.75,3480946,24664.61,128814,201836.0,5.8,2026-09-22
ITETF,EQ,22-Sep-2026,30.59,30.6,30.6,30.09,30.33,531253,160.87,924,167575.0,31.54,2026-09-22
ITI,EQ,22-Sep-2026,255.25,255.35,257.8,252.8,253.25,182578,466.12,5025,83653.0,45.82,2026-09-22
ITIETF,EQ,22-Sep-2026,32.13,32.13,32.19,31.58,31.82,583650,185.29,1603,255232.0,43.73,2026-09-22
ITL,EQ,22-Sep-2026,363.9,367.35,369.9,361.1,365.75,1430,5.24,76,1108.0,77.48,2026-09-22
IVALUE,EQ,22-Sep-2026,221.33,224.79,229.8,221.22,225.48,165371,373.4,4436,87581.0,52.96,2026-09-22
IVC,EQ,22-Sep-2026,7.83,7.83,7.99,7.72,7.78,153235,11.96,810,103413.0,67.49,2026-09-22
IVP,BE,22-Sep-2026,223.66,224.9,232.0,221.3,230.81,21798,49.88,261,,,2026-09-22
IVZBANKNF,EQ,22-Sep-2026,56.39,56.54,56.57,56.15,56.24,35,0.02,7,35.0,100.0,2026-09-22
IVZINGOLD,EQ,22-Sep-2026,132.05,132.0,132.1,130.65,131.55,47281,62.14,420,34592.0,73.16,2026-09-22
IVZINNIFTY,EQ,22-Sep-2026,268.95,269.7,269.7,267.61,268.0,102,0.27,20,101.0,99.02,2026-09-22
IVZSENSEX,EQ,22-Sep-2026,75.13,77.0,77.0,74.6,74.6,2559,1.92,19,1540.0,60.18,2026-09-22
IWARE,ST,22-Sep-2026,389.0,382.45,392.0,376.5,389.2,14400,55.01,23,12000.0,83.33,2026-09-22
IWP,EQ,22-Sep-2026,33.84,34.18,34.5,33.66,34.47,2747,0.94,46,2705.0,98.47,2026-09-22
IXIGO,EQ,22-Sep-2026,160.98,161.85,165.26,160.65,163.28,892824,1454.83,15535,371186.0,41.57,2026-09-22
IZMO,EQ,22-Sep-2026,930.1,934.0,979.9,929.2,931.55,189787,1812.14,12096,70553.0,37.17,2026-09-22
J&KBANK,EQ,22-Sep-2026,145.95,146.11,147.9,145.26,145.94,832954,1218.39,17531,399875.0,48.01,2026-09-22
JAGRAN,EQ,22-Sep-2026,62.53,62.9,62.94,62.01,62.44,109716,68.51,1461,65491.0,59.69,2026-09-22
JAGSNPHARM,EQ,22-Sep-2026,226.81,226.81,230.09,224.1,225.68,29107,65.98,1270,15554.0,53.44,2026-09-22
JAIBALAJI,EQ,22-Sep-2026,63.56,64.01,65.63,64.01,64.33,233054,150.69,5562,130053.0,55.8,2026-09-22
JAICORPLTD,EQ,22-Sep-2026,95.02,95.05,96.39,92.9,94.25,287511,272.04,4046,115485.0,40.17,2026-09-22
JAINAM,SM,22-Sep-2026,205.25,198.0,198.0,197.0,197.0,1000,1.98,2,1000.0,100.0,2026-09-22
JAINIK,ST,22-Sep-2026,189.05,182.0,185.0,179.6,185.0,26400,47.51,19,24000.0,90.91,2026-09-22
JAINREC,EQ,22-Sep-2026,272.75,274.95,299.8,274.85,291.25,15629652,45537.43,225855,1392758.0,8.91,2026-09-22
JAIPURKURT,EQ,22-Sep-2026,24.9,25.3,25.3,24.1,24.79,9986,2.45,141,7854.0,78.65,2026-09-22
JALAN,ST,22-Sep-2026,1.65,1.6,1.7,1.6,1.7,117000,1.88,10,117000.0,100.0,2026-09-22
JAMNAAUTO,EQ,22-Sep-2026,129.24,129.4,131.4,127.27,127.99,1646548,2133.27,25513,605944.0,36.8,2026-09-22
JARO,EQ,22-Sep-2026,474.85,474.85,483.2,457.3,460.4,80130,375.04,3001,27080.0,33.8,2026-09-22
JASH,EQ,22-Sep-2026,575.9,583.0,603.0,576.35,584.75,2189614,12861.17,69142,332335.0,15.18,2026-09-22
JAYAGROGN,EQ,22-Sep-2026,235.12,232.0,238.0,227.67,233.47,12637,29.65,519,5867.0,46.43,2026-09-22
JAYBARMARU,EQ,22-Sep-2026,109.85,109.01,112.7,108.45,110.58,244474,269.9,8038,113140.0,46.28,2026-09-22
JAYBEE,SM,22-Sep-2026,83.8,84.8,86.0,83.55,84.0,15500,13.15,28,11000.0,70.97,2026-09-22
JAYESH,SM,22-Sep-2026,128.0,128.0,128.0,124.05,125.3,24000,30.16,13,19000.0,79.17,2026-09-22
JAYKAY,EQ,22-Sep-2026,187.56,189.0,194.99,186.46,189.5,1302037,2482.78,22796,388132.0,29.81,2026-09-22
JAYNECOIND,EQ,22-Sep-2026,91.6,91.74,92.1,89.81,90.28,1316788,1197.29,10900,590525.0,44.85,2026-09-22
JAYSREETEA,EQ,22-Sep-2026,90.26,90.3,90.81,88.5,88.75,19817,17.72,326,14907.0,75.22,2026-09-22
JBMA,EQ,22-Sep-2026,592.05,592.0,606.95,591.0,593.15,324713,1943.49,16558,88197.0,27.16,2026-09-22
JENBURPH,EQ,22-Sep-2026,979.6,997.5,997.7,949.8,957.2,2235,21.8,303,1575.0,70.47,2026-09-22
JETFREIGHT,EQ,22-Sep-2026,21.47,22.3,22.82,21.11,22.15,571916,126.99,3834,295564.0,51.68,2026-09-22
JEYYAM,SM,22-Sep-2026,23.0,23.05,23.45,21.0,21.6,80000,17.58,37,58000.0,72.5,2026-09-22
JGCHEM,EQ,22-Sep-2026,618.0,622.0,644.4,606.1,610.35,314170,1952.52,15309,105762.0,33.66,2026-09-22
JHS,EQ,22-Sep-2026,8.54,8.54,8.88,8.2,8.34,83247,6.99,264,69562.0,83.56,2026-09-22
JINDALPHOT,EQ,22-Sep-2026,1111.8,1129.9,1129.9,1088.0,1097.2,925,10.18,126,632.0,68.32,2026-09-22
JINDALPOLY,EQ,22-Sep-2026,741.5,743.95,748.0,712.1,721.9,18243,132.36,1552,10465.0,57.36,2026-09-22
JINDALSAW,EQ,22-Sep-2026,293.05,293.35,296.55,285.7,286.45,873761,2530.07,25904,435738.0,49.87,2026-09-22
JINDALSTEL,EQ,22-Sep-2026,1130.6,1135.0,1147.5,1131.0,1141.0,891592,10180.11,25913,497352.0,55.78,2026-09-22
JINDRILL,EQ,22-Sep-2026,576.5,576.0,592.4,576.0,587.65,178381,1044.03,7798,62885.0,35.25,2026-09-22
JINDWORLD,EQ,22-Sep-2026,49.81,50.46,53.5,49.7,52.22,15568112,8119.35,45270,2672388.0,17.17,2026-09-22
JIOFIN,EQ,22-Sep-2026,229.97,231.3,234.0,229.34,230.7,8586144,19851.91,56712,3265660.0,38.03,2026-09-22
JISLDVREQS,EQ,22-Sep-2026,21.0,21.49,21.49,20.4,20.53,37989,7.85,203,24899.0,65.54,2026-09-22
JISLJALEQS,EQ,22-Sep-2026,30.96,31.09,31.34,28.85,28.93,7791317,2306.49,20614,3944155.0,50.62,2026-09-22
JITFINFRA,EQ,22-Sep-2026,282.25,280.3,289.4,280.3,282.7,12947,36.83,865,7140.0,55.15,2026-09-22
JKCEMENT,EQ,22-Sep-2026,5087.0,5090.5,5175.0,5050.0,5104.0,19306,988.21,5913,7299.0,37.81,2026-09-22
JKIL,EQ,22-Sep-2026,479.5,484.3,486.0,472.8,478.0,71045,339.6,2974,49333.0,69.44,2026-09-22
JKIPL,EQ,22-Sep-2026,101.9,101.9,102.79,97.55,99.24,6931,6.98,248,4757.0,68.63,2026-09-22
JKLAKSHMI,EQ,22-Sep-2026,515.75,515.75,523.0,507.0,507.8,62075,317.78,10390,34246.0,55.17,2026-09-22
JKPAPER,EQ,22-Sep-2026,422.9,423.45,425.85,415.0,416.4,245359,1025.78,7106,114976.0,46.86,2026-09-22
JKTYRE,EQ,22-Sep-2026,346.9,348.75,352.55,345.15,346.5,478597,1667.44,15667,210042.0,43.89,2026-09-22
JLHL,EQ,22-Sep-2026,275.55,276.0,278.95,273.4,274.8,54029,149.24,4014,31012.0,57.4,2026-09-22
JMA,EQ,22-Sep-2026,88.3,90.79,91.6,89.29,90.82,11615,10.52,170,6832.0,58.82,2026-09-22
JMFINANCIL,EQ,22-Sep-2026,126.26,126.26,128.5,126.0,126.31,1411675,1793.08,21703,795601.0,56.36,2026-09-22
JNKINDIA,EQ,22-Sep-2026,409.0,409.9,420.0,405.0,413.95,83207,343.15,3663,44012.0,52.89,2026-09-22
JNPR,EQ,22-Sep-2026,270.9,270.5,275.7,266.4,268.7,423701,1142.29,28554,236372.0,55.79,2026-09-22
JOCIL,EQ,22-Sep-2026,143.28,146.0,157.76,143.02,146.4,3829,5.64,129,2915.0,76.13,2026-09-22
JPOLYINVST,EQ,22-Sep-2026,974.75,984.35,989.95,970.3,972.75,1503,14.71,305,809.0,53.83,2026-09-22
JPPOWER,EQ,22-Sep-2026,16.48,16.55,16.57,16.02,16.17,107197215,17410.06,1100500,22356031.0,20.86,2026-09-22
JSFB,EQ,22-Sep-2026,531.3,535.0,549.85,532.0,533.7,1228918,6648.93,29160,626845.0,51.01,2026-09-22
JSL,EQ,22-Sep-2026,751.45,749.0,750.1,738.5,743.45,890183,6610.34,42293,562548.0,63.19,2026-09-22
JSLL,EQ,22-Sep-2026,508.1,507.1,530.75,507.1,515.4,504867,2629.61,19553,183164.0,36.28,2026-09-22
JSWCEMENT,EQ,22-Sep-2026,116.36,117.0,118.1,115.91,116.7,3073613,3587.69,58025,1742098.0,56.68,2026-09-22
JSWDULUX,EQ,22-Sep-2026,3159.5,3173.8,3192.0,3122.5,3137.1,26982,847.42,4003,19229.0,71.27,2026-09-22
JSWENERGY,EQ,22-Sep-2026,517.0,517.0,522.05,515.35,518.0,1108603,5758.64,32018,581538.0,52.46,2026-09-22
JSWHL,EQ,22-Sep-2026,11205.0,11151.0,11424.0,11038.0,11219.0,2737,306.95,1249,435.0,15.89,2026-09-22
JSWINFRA,EQ,22-Sep-2026,349.6,351.45,375.5,351.3,367.6,17124150,62864.41,210208,6094793.0,35.59,2026-09-22
JSWSTEEL,EQ,22-Sep-2026,1268.6,1274.7,1277.5,1264.4,1267.0,874592,11110.07,61802,481399.0,55.04,2026-09-22
JTEKTINDIA,EQ,22-Sep-2026,115.37,115.67,117.32,115.6,116.49,64920,75.7,1384,39533.0,60.89,2026-09-22
JTLIND,EQ,22-Sep-2026,88.92,89.05,91.52,88.6,89.21,1285481,1154.67,11590,581246.0,45.22,2026-09-22
JUBLCPL,EQ,22-Sep-2026,2111.4,2129.4,2132.9,2053.3,2099.1,5028,105.61,730,3055.0,60.76,2026-09-22
JUBLFOOD,EQ,22-Sep-2026,487.05,487.65,495.9,487.0,491.1,1745967,8595.75,35006,1029006.0,58.94,2026-09-22
JUBLINGREA,EQ,22-Sep-2026,627.25,631.0,637.8,613.35,617.6,216018,1349.33,11673,114036.0,52.79,2026-09-22
JUBLPHARMA,EQ,22-Sep-2026,1049.25,1052.6,1079.05,1045.4,1070.85,192545,2047.27,15349,78218.0,40.62,2026-09-22
JUNIORBEES,EQ,22-Sep-2026,782.31,786.06,786.07,777.0,778.55,232951,1819.89,8092,185945.0,79.82,2026-09-22
JUNIPER,EQ,22-Sep-2026,222.92,225.0,229.0,220.84,222.8,118013,263.59,3341,49905.0,42.29,2026-09-22
JUSTDIAL,EQ,22-Sep-2026,682.7,682.95,694.0,675.05,682.6,124991,856.23,6362,52218.0,41.78,2026-09-22
JWL,EQ,22-Sep-2026,228.06,230.0,232.9,227.51,228.63,657865,1513.36,13603,239819.0,36.45,2026-09-22
JYOTHYLAB,EQ,22-Sep-2026,194.67,195.17,196.0,193.55,193.97,168293,327.07,4500,89063.0,52.92,2026-09-22
JYOTICNC,EQ,22-Sep-2026,1113.85,1110.05,1114.0,1072.25,1084.3,1090012,11958.99,47927,337535.0,30.97,2026-09-22
JYOTIGLOBL,SM,22-Sep-2026,46.0,43.7,43.8,43.7,43.7,24000,10.49,12,24000.0,100.0,2026-09-22
JYOTIRES,EQ,22-Sep-2026,842.45,842.5,859.25,832.8,840.0,5238,44.09,847,2997.0,57.22,2026-09-22
JYOTISTRUC,EQ,22-Sep-2026,9.08,9.08,9.33,9.08,9.19,2694027,248.29,2863,1123924.0,41.72,2026-09-22
K2INFRA,SM,22-Sep-2026,43.85,45.0,46.0,42.7,42.8,33600,14.67,40,30000.0,89.29,2026-09-22
KABRAEXTRU,EQ,22-Sep-2026,676.1,676.1,683.3,662.0,666.25,96279,642.61,4643,45837.0,47.61,2026-09-22
KAJARIACER,EQ,22-Sep-2026,1200.5,1203.9,1205.3,1176.6,1183.6,126005,1494.96,11011,74157.0,58.85,2026-09-22
KAKATCEM,EQ,22-Sep-2026,108.85,110.4,110.4,105.1,109.75,2050,2.21,112,1300.0,63.41,2026-09-22
KALAMANDIR,EQ,22-Sep-2026,79.14,79.53,79.96,77.51,78.08,352318,277.08,4908,221864.0,62.97,2026-09-22
KALANA,SM,22-Sep-2026,19.1,18.6,18.6,18.6,18.6,2000,0.37,1,2000.0,100.0,2026-09-22
KALPATARU,EQ,22-Sep-2026,269.9,271.0,273.95,267.0,268.4,19444,52.46,593,9353.0,48.1,2026-09-22
KALYANIFRG,BE,22-Sep-2026,941.85,938.95,939.0,910.0,927.25,3340,30.86,185,,,2026-09-22
KALYANKJIL,EQ,22-Sep-2026,581.5,583.85,590.95,578.9,583.1,3440026,20083.12,45890,549902.0,15.99,2026-09-22
KAMAHOLD,EQ,22-Sep-2026,2250.0,2280.0,2280.0,2230.0,2236.4,2484,55.65,418,1485.0,59.78,2026-09-22
KAMANWALA,EQ,22-Sep-2026,17.4,16.52,17.3,16.52,16.56,250,0.04,3,240.0,96.0,2026-09-22
KAMATHOTEL,EQ,22-Sep-2026,236.44,238.91,242.49,233.43,237.05,68823,163.63,2607,37149.0,53.98,2026-09-22
KAMDHENU,EQ,22-Sep-2026,42.48,43.19,43.7,41.0,41.51,1778308,752.14,5486,937848.0,52.74,2026-09-22
KAMOPAINTS,EQ,22-Sep-2026,4.34,4.3,4.41,4.12,4.26,412431,17.43,917,303201.0,73.52,2026-09-22
KANANIIND,EQ,22-Sep-2026,1.42,1.41,1.43,1.4,1.42,97331,1.37,199,66679.0,68.51,2026-09-22
KANCHI,EQ,22-Sep-2026,384.95,382.0,404.15,381.25,395.45,816,3.18,111,668.0,81.86,2026-09-22
KANCOTEA,EQ,22-Sep-2026,54.59,54.59,56.85,54.59,56.85,151,0.08,2,151.0,100.0,2026-09-22
KANOHAR,EQ,22-Sep-2026,866.95,880.15,904.6,847.1,870.5,5305723,46094.61,168845,760730.0,14.34,2026-09-22
KANORICHEM,BE,22-Sep-2026,180.03,180.8,180.98,171.2,173.57,42689,74.49,424,,,2026-09-22
KANPRPLA,EQ,22-Sep-2026,254.8,256.75,268.8,252.1,266.75,33973,90.06,1546,19375.0,57.03,2026-09-22
KANSAINER,EQ,22-Sep-2026,182.27,183.0,183.83,180.06,180.98,129858,236.28,4369,84732.0,65.25,2026-09-22
KAPSTON,EQ,22-Sep-2026,577.95,578.0,591.0,565.3,570.55,93628,542.7,3705,50529.0,53.97,2026-09-22
KARAMTARA,EQ,22-Sep-2026,356.95,360.0,382.15,360.0,365.1,5727743,21103.12,87598,1445129.0,25.23,2026-09-22
KARMAENG,EQ,22-Sep-2026,41.02,41.6,41.6,40.05,40.1,4026,1.63,72,2129.0,52.88,2026-09-22
KARNIKA,SM,22-Sep-2026,117.0,119.0,119.5,118.8,119.45,9000,10.72,9,6000.0,66.67,2026-09-22
KARURVYSYA,EQ,22-Sep-2026,326.15,328.35,328.95,318.0,320.15,2085010,6689.45,40906,1092300.0,52.39,2026-09-22
KATARIA,SM,22-Sep-2026,146.0,147.0,151.0,147.0,149.1,15600,23.29,19,15600.0,100.0,2026-09-22
KAUSHALYA,BE,22-Sep-2026,854.0,854.0,878.8,830.1,868.75,201,1.72,25,,,2026-09-22
KAVDEFENCE,BE,22-Sep-2026,75.91,75.7,79.5,75.7,78.67,379524,297.42,1844,,,2026-09-22
KAYA,BE,22-Sep-2026,332.9,330.1,340.85,329.0,338.35,4143,13.83,80,,,2026-09-22
KAYNES,EQ,22-Sep-2026,3650.0,3599.0,3599.0,3425.0,3455.0,3022938,105945.69,169458,674295.0,22.31,2026-09-22
KAYTEX,SM,22-Sep-2026,57.7,55.0,58.0,55.0,58.0,4000,2.29,5,3200.0,80.0,2026-09-22
KCEIL,SM,22-Sep-2026,79.9,78.0,79.0,76.55,77.65,26000,20.13,38,22500.0,86.54,2026-09-22
KCK,ST,22-Sep-2026,14.0,13.85,13.85,13.3,13.65,75000,10.04,27,67500.0,90.0,2026-09-22
KCP,EQ,22-Sep-2026,159.42,159.42,161.4,155.42,157.4,121658,191.69,1900,73908.0,60.75,2026-09-22
KCPSUGIND,BE,22-Sep-2026,28.69,29.45,29.45,28.52,28.95,47820,13.89,259,,,2026-09-22
KDDL,EQ,22-Sep-2026,4006.8,4052.5,4104.0,3940.1,3973.1,35491,1421.97,7273,14180.0,39.95,2026-09-22
KDGREEN,EQ,22-Sep-2026,51.41,50.08,51.99,50.0,50.01,90966,45.95,372,41971.0,46.14,2026-09-22
KDL,SM,22-Sep-2026,70.9,67.4,67.4,67.4,67.4,7500,5.06,30,7500.0,100.0,2026-09-22
KEC,EQ,22-Sep-2026,403.3,405.1,408.7,390.5,391.55,1574562,6237.98,52638,841873.0,53.47,2026-09-22
KECL,EQ,22-Sep-2026,118.43,120.8,126.0,118.97,121.21,162499,198.63,3776,65257.0,40.16,2026-09-22
KEEPLEARN,EQ,22-Sep-2026,1.88,1.94,1.94,1.84,1.84,9184,0.17,58,8019.0,87.31,2026-09-22
KEI,EQ,22-Sep-2026,4596.0,4648.0,4657.0,4548.0,4575.0,182004,8356.85,19099,86963.0,47.78,2026-09-22
KELLTONTEC,EQ,22-Sep-2026,13.69,13.71,13.88,13.65,13.7,1040960,143.11,2488,523668.0,50.31,2026-09-22
KEN,SM,22-Sep-2026,44.15,45.0,45.0,42.0,43.0,19200,8.35,15,15600.0,81.25,2026-09-22
KENNAMET,EQ,22-Sep-2026,4348.3,4400.0,4499.9,4323.5,4379.4,35892,1587.67,7684,10562.0,29.43,2026-09-22
KERNEX,EQ,22-Sep-2026,1779.7,1787.0,1789.0,1732.0,1744.7,119313,2094.33,12716,51585.0,43.24,2026-09-22
KESORAMIND,BE,22-Sep-2026,11.66,11.5,11.66,11.25,11.35,344506,39.5,608,,,2026-09-22
KEYFINSERV,EQ,22-Sep-2026,241.45,250.0,250.0,238.3,240.05,276,0.67,45,144.0,52.17,2026-09-22
KFINTECH,EQ,22-Sep-2026,896.7,896.9,905.75,891.6,898.0,569715,5119.04,23461,252698.0,44.36,2026-09-22
KHADIM,BE,22-Sep-2026,128.0,125.44,125.44,125.44,125.44,6661,8.36,53,,,2026-09-22
KHAICHEM,EQ,22-Sep-2026,49.55,49.55,50.32,49.26,50.02,85997,42.92,1042,56299.0,65.47,2026-09-22
KHAITANLTD,EQ,22-Sep-2026,149.65,150.39,152.2,149.1,151.82,824,1.24,56,595.0,72.21,2026-09-22
KHANDSE,EQ,22-Sep-2026,17.15,17.76,17.93,17.0,17.91,1004,0.18,55,922.0,91.83,2026-09-22
KHFM,SM,22-Sep-2026,40.45,41.5,45.0,40.0,44.5,7750,3.29,5,6200.0,80.0,2026-09-22
KICL,EQ,22-Sep-2026,4954.0,4951.0,5048.0,4900.0,5005.5,1575,78.26,238,1186.0,75.3,2026-09-22
KILITCH,BE,22-Sep-2026,201.02,211.07,211.07,211.07,211.07,25499,53.82,178,,,2026-09-22
KIMS,EQ,22-Sep-2026,788.85,789.7,801.95,788.0,789.8,158613,1260.11,9934,49272.0,31.06,2026-09-22
KINGFA,EQ,22-Sep-2026,6062.0,6062.0,6300.0,6056.0,6168.5,21396,1323.07,6028,11533.0,53.9,2026-09-22
KIOCL,EQ,22-Sep-2026,341.0,342.0,351.0,338.0,342.55,76799,265.09,3787,22366.0,29.12,2026-09-22
KIRANVYPAR,EQ,22-Sep-2026,207.89,221.78,221.78,207.38,218.79,7877,17.2,516,4073.0,51.71,2026-09-22
KIRIINDUS,EQ,22-Sep-2026,537.5,541.0,555.0,538.5,540.5,507200,2771.99,12336,235424.0,46.42,2026-09-22
KIRLFER,EQ,22-Sep-2026,480.5,484.75,487.7,473.3,479.85,86299,414.9,6295,50034.0,57.98,2026-09-22
KIRLOSBROS,EQ,22-Sep-2026,1797.0,1790.1,1824.9,1772.0,1775.3,22481,402.63,4623,13163.0,58.55,2026-09-22
KIRLOSENG,EQ,22-Sep-2026,2132.4,2132.0,2178.0,2130.5,2165.0,236947,5122.85,34574,128550.0,54.25,2026-09-22
KIRLOSIND,EQ,22-Sep-2026,3722.2,3722.2,3743.9,3650.0,3667.2,8029,295.93,1446,4175.0,52.0,2026-09-22
KIRLPNU,EQ,22-Sep-2026,714.45,711.8,728.2,705.3,706.8,71425,512.58,7291,34991.0,48.99,2026-09-22
KISSHT,EQ,22-Sep-2026,362.5,362.5,372.0,350.5,352.55,1816221,6548.21,65751,787338.0,43.35,2026-09-22
KITEX,EQ,22-Sep-2026,116.12,116.13,123.73,116.13,119.48,814091,981.35,10103,184345.0,22.64,2026-09-22
KJMCFIN,EQ,22-Sep-2026,64.97,61.73,64.0,61.73,61.8,352,0.22,21,316.0,89.77,2026-09-22
KKCL,EQ,22-Sep-2026,486.0,490.45,491.0,476.05,484.8,29062,140.36,1663,19405.0,66.77,2026-09-22
KKJEWELS,SM,22-Sep-2026,98.6,98.6,98.6,97.5,97.5,3000,2.94,3,3000.0,100.0,2026-09-22
KKVAPOW,SM,22-Sep-2026,355.0,344.0,344.0,344.0,344.0,171,0.59,1,171.0,100.0,2026-09-22
KLBRENG-B,EQ,22-Sep-2026,460.0,461.15,525.0,461.15,519.5,1923203,9816.67,46002,624521.0,32.47,2026-09-22
KLL,SM,22-Sep-2026,36.8,37.75,40.45,36.55,38.1,248000,97.14,222,159200.0,64.19,2026-09-22
KMCSHIL,EQ,22-Sep-2026,160.45,162.95,166.3,157.52,159.61,735446,1193.72,11725,232605.0,31.63,2026-09-22
KMEW,EQ,22-Sep-2026,2878.9,2898.0,3029.9,2895.0,2976.7,186241,5567.38,29196,52451.0,28.16,2026-09-22
KMSUGAR,EQ,22-Sep-2026,28.69,28.69,29.45,28.66,28.85,114356,33.11,1176,46693.0,40.83,2026-09-22
KNACK,EQ,22-Sep-2026,182.66,183.0,186.48,183.0,185.55,348907,646.37,3236,182910.0,52.42,2026-09-22
KNAGRI,EQ,22-Sep-2026,202.63,207.0,208.0,201.23,203.95,2275,4.67,133,1317.0,57.89,2026-09-22
KNRCON,EQ,22-Sep-2026,121.93,122.5,123.23,119.8,120.04,1303513,1576.84,12259,688572.0,52.82,2026-09-22
KODYTECH,ST,22-Sep-2026,1516.05,1502.1,1523.9,1457.0,1509.7,7100,106.67,55,6200.0,87.32,2026-09-22
KOHINOOR,EQ,22-Sep-2026,30.76,30.77,31.36,30.53,31.06,120015,37.23,2737,28867.0,24.05,2026-09-22
KOKUYOCMLN,EQ,22-Sep-2026,76.25,77.7,77.8,75.0,75.71,37342,28.46,769,27918.0,74.76,2026-09-22
KOLTEPATIL,EQ,22-Sep-2026,426.4,426.9,440.95,426.4,435.55,99378,434.38,4855,37508.0,37.74,2026-09-22
KONSTELEC,ST,22-Sep-2026,60.8,59.0,60.2,59.0,59.15,4000,2.38,4,4000.0,100.0,2026-09-22
KONTOR,SM,22-Sep-2026,53.85,51.05,52.25,51.05,51.6,3000,1.54,5,1800.0,60.0,2026-09-22
KOPRAN,EQ,22-Sep-2026,282.98,282.9,285.49,270.0,276.44,603842,1669.46,11693,198089.0,32.8,2026-09-22
KORE,ST,22-Sep-2026,171.45,164.3,179.0,163.1,164.1,33750,58.22,40,33250.0,98.52,2026-09-22
KOTAKBANK,EQ,22-Sep-2026,414.8,416.5,417.8,412.55,412.65,3795161,15736.01,61637,2042061.0,53.81,2026-09-22
KOTARISUG,BE,22-Sep-2026,26.65,26.55,27.5,26.4,26.65,19248,5.17,191,,,2026-09-22
KOTHARIPET,EQ,22-Sep-2026,136.05,135.5,137.77,134.0,134.16,49825,67.35,1016,34854.0,69.95,2026-09-22
KOTHARIPRO,EQ,22-Sep-2026,63.23,65.0,65.0,63.0,63.67,9366,5.97,93,8570.0,91.5,2026-09-22
KOTIC,EQ,22-Sep-2026,145.25,147.89,163.0,145.2,146.89,321420,499.5,5710,68957.0,21.45,2026-09-22
KOTYARK,BE,22-Sep-2026,31.55,31.7,31.99,31.1,31.84,72482,22.99,216,,,2026-09-22
KOVAI,EQ,22-Sep-2026,6179.0,6221.0,6221.0,6085.5,6153.5,1546,94.74,574,877.0,56.73,2026-09-22
KPEL,EQ,22-Sep-2026,232.32,233.8,239.8,228.1,230.94,464862,1089.92,12488,193827.0,41.7,2026-09-22
KPIGREEN,EQ,22-Sep-2026,321.4,321.4,350.0,321.4,346.45,10752256,36450.63,146261,1913821.0,17.8,2026-09-22
KPIL,EQ,22-Sep-2026,1439.1,1440.6,1443.7,1392.1,1400.1,117910,1661.73,13688,67519.0,57.26,2026-09-22
KPITTECH,EQ,22-Sep-2026,536.8,539.9,539.9,524.0,529.05,1583599,8420.3,28852,493973.0,31.19,2026-09-22
KPL,EQ,22-Sep-2026,3844.9,3819.9,3819.9,3682.0,3752.8,58050,2169.92,10208,21455.0,36.96,2026-09-22
KPRMILL,EQ,22-Sep-2026,1119.3,1121.0,1131.9,1105.5,1120.8,109610,1229.29,11994,39456.0,36.0,2026-09-22
KRBL,EQ,22-Sep-2026,393.15,391.0,394.95,386.55,389.9,247235,965.33,6916,122138.0,49.4,2026-09-22
KREBSBIO,EQ,22-Sep-2026,56.22,56.08,59.5,56.08,56.86,5820,3.34,175,4269.0,73.35,2026-09-22
KRIDHANINF,EQ,22-Sep-2026,1.86,1.86,1.86,1.81,1.85,23202,0.43,82,22822.0,98.36,2026-09-22
KRISHANA,EQ,22-Sep-2026,182.4,185.0,189.99,185.0,189.55,829723,1562.61,9540,441243.0,53.18,2026-09-22
KRISHCA,SM,22-Sep-2026,163.0,163.0,163.0,159.0,160.3,6000,9.61,12,4000.0,66.67,2026-09-22
KRISHIVAL,EQ,22-Sep-2026,417.1,418.0,418.9,413.0,415.7,6275,26.1,249,4063.0,64.75,2026-09-22
KRISHNADEF,EQ,22-Sep-2026,1037.6,1040.0,1074.2,1018.1,1025.6,69961,723.62,6568,32933.0,47.07,2026-09-22
KRITI,EQ,22-Sep-2026,59.01,58.52,59.99,58.0,59.75,22034,12.96,347,14053.0,63.78,2026-09-22
KRITIKA,EQ,22-Sep-2026,5.1,5.1,5.17,4.9,5.04,113844,5.74,533,102177.0,89.75,2026-09-22
KRITINUT,EQ,22-Sep-2026,81.29,80.55,82.45,80.1,80.66,6993,5.63,106,6267.0,89.62,2026-09-22
KRMAYURVED,SM,22-Sep-2026,309.05,309.05,310.0,301.0,301.6,66000,201.8,62,48000.0,72.73,2026-09-22
KRN,EQ,22-Sep-2026,1416.5,1437.0,1448.0,1406.1,1420.1,159708,2273.41,14274,97463.0,61.03,2026-09-22
KRONOX,BE,22-Sep-2026,176.65,176.0,185.0,170.15,182.27,77869,140.03,717,,,2026-09-22
KROSS,EQ,22-Sep-2026,256.93,260.0,262.58,254.51,256.13,1039237,2681.02,22910,362657.0,34.9,2026-09-22
KRSNAA,EQ,22-Sep-2026,554.65,554.0,573.9,551.05,557.85,185318,1043.96,10320,81306.0,43.87,2026-09-22
KRT,RR,22-Sep-2026,113.71,113.89,114.05,113.25,113.9,1217543,1386.34,4035,1142804.0,93.86,2026-09-22
KRYSTAL,EQ,22-Sep-2026,652.2,649.65,654.9,637.6,638.8,12729,81.87,655,7074.0,55.57,2026-09-22
KSB,EQ,22-Sep-2026,802.6,802.6,822.0,802.6,820.15,145461,1188.25,10128,90351.0,62.11,2026-09-22
KSCL,EQ,22-Sep-2026,710.65,715.0,715.75,698.0,699.7,41522,292.48,2454,28119.0,67.72,2026-09-22
KSE,EQ,22-Sep-2026,180.32,181.02,182.0,178.81,179.96,5068,9.15,260,3332.0,65.75,2026-09-22
KSHINTL,EQ,22-Sep-2026,1032.15,1035.0,1068.95,1032.0,1040.95,166419,1742.57,16153,80455.0,48.34,2026-09-22
KSHITIJPOL,EQ,22-Sep-2026,4.4,4.61,4.62,4.61,4.61,8716105,402.48,3725,4550945.0,52.21,2026-09-22
KSL,EQ,22-Sep-2026,944.45,944.45,962.0,943.6,959.15,46816,446.99,3213,26994.0,57.66,2026-09-22
KSOLVES,EQ,22-Sep-2026,252.15,253.25,254.45,250.0,250.75,17191,43.24,995,10380.0,60.38,2026-09-22
KSR,BE,22-Sep-2026,41.11,40.5,40.5,39.06,39.06,20088,7.9,131,,,2026-09-22
KTKBANK,EQ,22-Sep-2026,314.55,315.95,334.0,315.0,331.5,3195855,10444.16,41790,1560295.0,48.82,2026-09-22
KUANTUM,EQ,22-Sep-2026,80.74,80.46,87.0,78.0,84.95,356156,294.13,3410,222705.0,62.53,2026-09-22
KUSUMGAR,EQ,22-Sep-2026,610.35,609.35,634.0,606.05,616.15,600887,3748.48,31363,282642.0,47.04,2026-09-22
KWIL,EQ,22-Sep-2026,42.09,42.39,42.98,41.71,41.99,11145561,4708.62,31416,4182292.0,37.52,2026-09-22
LADDERUP,BE,22-Sep-2026,59.01,61.48,61.5,56.06,57.89,4700,2.67,66,,,2026-09-22
LAGNAM,EQ,22-Sep-2026,75.5,75.5,76.0,72.5,74.01,6107,4.53,152,4159.0,68.1,2026-09-22
LAHOTIOV,EQ,22-Sep-2026,39.89,39.98,40.97,39.56,40.68,1423,0.57,45,1365.0,95.92,2026-09-22
LAKPRE,BZ,22-Sep-2026,4.66,4.57,4.89,4.44,4.88,1102,0.05,13,,,2026-09-22
LAKSHMIMIL,EQ,22-Sep-2026,7750.0,7755.0,7755.0,7700.0,7700.0,7,0.54,5,7.0,100.0,2026-09-22
LAKSHYA,SM,22-Sep-2026,92.1,91.9,91.9,89.1,89.1,6400,5.77,8,4800.0,75.0,2026-09-22
LAL,EQ,22-Sep-2026,8.61,8.85,8.92,8.28,8.66,320607,27.4,157,313071.0,97.65,2026-09-22
LALITHAA,EQ,22-Sep-2026,320.1,325.0,336.1,324.9,336.1,4493449,15083.13,12668,2467620.0,54.92,2026-09-22
LALPATHLAB,EQ,22-Sep-2026,1920.4,1920.4,1944.0,1903.1,1909.8,262090,5035.37,31519,168803.0,64.41,2026-09-22
LAMBODHARA,EQ,22-Sep-2026,120.61,120.01,122.0,115.57,116.08,11958,14.07,366,7953.0,66.51,2026-09-22
LAMOSAIC,ST,22-Sep-2026,51.8,51.55,53.9,50.05,51.8,22800,11.84,23,20400.0,89.47,2026-09-22
LANCER,EQ,22-Sep-2026,11.8,11.82,11.99,11.55,11.69,253663,29.95,872,180911.0,71.32,2026-09-22
LANCORHOL,BE,22-Sep-2026,34.33,34.79,35.45,33.8,34.5,75936,26.51,227,,,2026-09-22
LANDMARK,EQ,22-Sep-2026,502.1,500.0,514.2,496.85,510.5,64035,324.73,3635,29153.0,45.53,2026-09-22
LANDSMILL,EQ,22-Sep-2026,0.55,0.56,0.56,0.54,0.54,4275266,23.4,1045,2143259.0,50.13,2026-09-22
LAOPALA,EQ,22-Sep-2026,161.59,161.8,163.36,159.3,160.61,77552,124.93,3132,42192.0,54.4,2026-09-22
LARGEMID50,EQ,22-Sep-2026,35.63,35.67,35.67,35.39,35.46,92,0.03,9,92.0,100.0,2026-09-22
LASERPOWER,EQ,22-Sep-2026,275.95,276.15,280.0,272.9,275.05,379905,1050.45,6328,172332.0,45.36,2026-09-22
LATENTVIEW,EQ,22-Sep-2026,252.45,254.8,254.8,249.65,250.55,306722,770.67,8392,158327.0,51.62,2026-09-22
LATTEYS,EQ,22-Sep-2026,20.19,20.04,20.94,20.04,20.48,46555,9.54,181,37008.0,79.49,2026-09-22
LAURUSLABS,EQ,22-Sep-2026,2017.5,2018.0,2032.8,2002.2,2006.5,1487044,29971.56,42334,834690.0,56.13,2026-09-22
LAXMICOT,EQ,22-Sep-2026,12.94,12.94,13.3,12.56,13.05,7690,0.99,101,5565.0,72.37,2026-09-22
LAXMIDENTL,EQ,22-Sep-2026,194.9,194.42,196.35,192.6,193.18,62927,121.79,1993,43415.0,68.99,2026-09-22
LAXMIINDIA,EQ,22-Sep-2026,125.32,124.82,128.97,123.0,123.73,159542,199.27,1779,124571.0,78.08,2026-09-22
LCCINFOTEC,EQ,22-Sep-2026,3.53,3.6,3.7,3.4,3.66,373518,13.52,326,184468.0,49.39,2026-09-22
LCCPROJECT,EQ,22-Sep-2026,141.33,145.0,155.12,142.25,147.56,6263543,9315.25,59502,978265.0,15.62,2026-09-22
LCL,EQ,22-Sep-2026,560.35,560.35,590.0,558.45,580.3,711729,4103.85,43697,423113.0,59.45,2026-09-22
LEAPIND,EQ,22-Sep-2026,145.9,146.5,149.98,145.63,148.44,2591990,3841.13,33363,1089160.0,42.02,2026-09-22
LEENEE,BE,22-Sep-2026,7.5,7.87,7.87,7.3,7.74,6490,0.51,38,,,2026-09-22
LEMERITE,EQ,22-Sep-2026,18.35,18.99,19.19,17.94,18.94,499276,91.2,685,187338.0,37.52,2026-09-22
LEMONTREE,EQ,22-Sep-2026,105.99,106.49,108.7,105.91,107.51,2586160,2784.44,22971,1384205.0,53.52,2026-09-22
LENSKART,EQ,22-Sep-2026,683.85,685.0,697.0,669.3,691.45,6868715,47315.21,115855,3464943.0,50.45,2026-09-22
LEXUS,EQ,22-Sep-2026,13.24,13.67,13.67,12.3,12.47,96413,12.18,482,76555.0,79.4,2026-09-22
LFIC,EQ,22-Sep-2026,132.52,135.4,138.98,133.66,135.3,122,0.17,16,56.0,45.9,2026-09-22
LGBBROSLTD,EQ,22-Sep-2026,1731.4,1735.0,1745.9,1723.3,1730.2,19648,340.34,2611,12612.0,64.19,2026-09-22
LGEINDIA,EQ,22-Sep-2026,1656.3,1661.1,1684.8,1657.0,1663.7,427916,7121.07,22427,278222.0,65.02,2026-09-22
LGHL,EQ,22-Sep-2026,177.2,190.0,190.0,177.0,177.38,6393,11.48,121,1030.0,16.11,2026-09-22
LIBAS,EQ,22-Sep-2026,12.79,13.19,13.19,12.5,12.58,138738,17.62,313,105959.0,76.37,2026-09-22
LIBERTSHOE,EQ,22-Sep-2026,220.75,220.75,223.95,217.1,218.54,9624,21.16,449,5660.0,58.81,2026-09-22
LICHSGFIN,EQ,22-Sep-2026,568.0,569.0,573.95,563.2,565.0,2772548,15787.65,36938,1404255.0,50.65,2026-09-22
LICI,EQ,22-Sep-2026,400.0,400.85,406.8,399.55,404.55,5528988,22305.63,54621,3482358.0,62.98,2026-09-22
LICMFGOLD,EQ,22-Sep-2026,136.45,136.85,136.9,135.2,135.8,48124,65.41,764,20935.0,43.5,2026-09-22
LICNETFGSC,EQ,22-Sep-2026,29.27,29.36,29.72,29.21,29.21,103950,30.37,74,101075.0,97.23,2026-09-22
LICNETFN50,EQ,22-Sep-2026,264.18,262.55,264.42,261.47,263.27,2332,6.1,19,2113.0,90.61,2026-09-22
LICNETFSEN,EQ,22-Sep-2026,843.34,843.34,843.34,843.34,843.34,4,0.03,3,4.0,100.0,2026-09-22
LICNFNHGP,EQ,22-Sep-2026,270.2,276.95,276.95,268.19,272.55,240,0.65,21,117.0,48.75,2026-09-22
LICNMID100,EQ,22-Sep-2026,62.5,63.18,63.18,61.58,61.89,10260,6.39,121,7061.0,68.82,2026-09-22
LIKHITHA,EQ,22-Sep-2026,218.6,220.85,229.95,220.85,227.96,62359,141.29,1701,35397.0,56.76,2026-09-22
LINC,EQ,22-Sep-2026,91.57,93.89,93.89,90.35,92.37,9400,8.65,578,5542.0,58.96,2026-09-22
LINCOLN,EQ,22-Sep-2026,601.55,610.0,612.0,590.35,594.35,21211,127.1,1181,11939.0,56.29,2026-09-22
LINDEINDIA,EQ,22-Sep-2026,6276.5,6287.0,6479.5,6276.5,6320.0,30577,1949.25,7984,11891.0,38.89,2026-09-22
LIQGRWBEES,EQ,22-Sep-2026,1056.31,1056.44,1056.46,1056.44,1056.45,54659,577.44,347,35710.0,65.33,2026-09-22
LIQUID,EQ,22-Sep-2026,999.99,999.99,1000.0,999.99,999.99,175256,1752.55,147,100574.0,57.39,2026-09-22
LIQUID1,EQ,22-Sep-2026,1123.51,1124.7,1124.7,1123.66,1123.66,630809,7088.19,504,292743.0,46.41,2026-09-22
LIQUIDADD,EQ,22-Sep-2026,1145.63,1145.77,1145.79,1145.77,1145.78,786773,9014.76,635,770846.0,97.98,2026-09-22
LIQUIDBEES,EQ,22-Sep-2026,1000.0,1000.0,1000.01,999.22,1000.0,2523773,25237.78,3559,1707317.0,67.65,2026-09-22
LIQUIDBETF,EQ,22-Sep-2026,1099.64,1099.77,1099.78,1099.76,1099.77,132373,1455.8,163,91318.0,68.99,2026-09-22
LIQUIDCASE,EQ,22-Sep-2026,116.01,116.02,116.04,116.02,116.03,14665202,17016.32,21242,13825955.0,94.28,2026-09-22
LIQUIDETF,EQ,22-Sep-2026,1000.0,1000.0,1000.01,999.99,999.99,66236,662.36,143,50035.0,75.54,2026-09-22
LIQUIDIETF,EQ,22-Sep-2026,999.99,1000.0,1000.01,999.99,999.99,663727,6637.27,222,586804.0,88.41,2026-09-22
LIQUIDPLUS,EQ,22-Sep-2026,1104.06,1104.06,1104.22,1104.06,1104.21,563717,6224.65,281,436852.0,77.49,2026-09-22
LIQUIDSBI,EQ,22-Sep-2026,999.99,1000.0,1000.01,999.99,1000.01,3916,39.16,25,2587.0,66.06,2026-09-22
LIQUIDSHRI,EQ,22-Sep-2026,1122.28,1122.42,1122.44,1122.42,1122.43,11842,132.92,14,10045.0,84.83,2026-09-22
LKPSEC,EQ,22-Sep-2026,15.06,15.45,16.55,15.15,15.31,5275,0.82,60,3812.0,72.27,2026-09-22
LLOYDS,SM,22-Sep-2026,58.9,59.75,60.5,59.75,60.5,4000,2.4,4,4000.0,100.0,2026-09-22
LLOYDSENGG,EQ,22-Sep-2026,85.01,85.86,88.9,85.5,85.73,8563009,7458.98,50108,3245451.0,37.9,2026-09-22
LLOYDSENT,EQ,22-Sep-2026,70.49,70.5,72.84,69.81,70.41,3151980,2237.02,14755,1461143.0,46.36,2026-09-22
LLOYDSME,EQ,22-Sep-2026,1824.6,1830.9,1884.0,1828.1,1857.4,498981,9270.1,26971,248226.0,49.75,2026-09-22
LMW,EQ,22-Sep-2026,17313.0,17440.0,17470.0,17025.0,17077.0,3430,588.48,1612,2041.0,59.5,2026-09-22
LODHA,EQ,22-Sep-2026,1138.0,1150.0,1159.6,1135.1,1144.0,647829,7433.31,19804,191056.0,29.49,2026-09-22
LOKESHMACH,EQ,22-Sep-2026,336.15,338.0,348.75,335.0,337.15,29943,101.89,1000,17106.0,57.13,2026-09-22
LORDSCHLO,EQ,22-Sep-2026,138.3,138.6,140.0,135.21,138.3,5742,7.94,250,4355.0,75.84,2026-09-22
LOTUSCHO,EQ,22-Sep-2026,577.8,590.0,590.0,574.4,586.4,469,2.75,99,362.0,77.19,2026-09-22
LOTUSDEV,BE,22-Sep-2026,214.42,215.0,216.98,212.6,213.84,396339,853.98,3492,,,2026-09-22
LOTUSEYE,EQ,22-Sep-2026,114.68,114.68,115.02,113.0,114.97,6701,7.69,68,6121.0,91.34,2026-09-22
LOVABLE,EQ,22-Sep-2026,70.44,70.44,72.0,69.4,71.27,14944,10.5,178,9275.0,62.07,2026-09-22
LOWVOL,EQ,22-Sep-2026,200.33,200.45,200.45,199.0,199.77,545,1.09,14,269.0,49.36,2026-09-22
LOWVOL1,EQ,22-Sep-2026,20.48,20.48,20.6,20.29,20.48,209096,42.76,12266,162320.0,77.63,2026-09-22
LOWVOLIETF,EQ,22-Sep-2026,21.5,21.63,21.63,21.28,21.39,1337740,286.01,13339,1099596.0,82.2,2026-09-22
LOYALTEX,EQ,22-Sep-2026,202.54,202.72,214.95,202.72,214.95,31,0.07,5,23.0,74.19,2026-09-22
LPDC,EQ,22-Sep-2026,6.87,6.87,6.95,6.32,6.58,162076,10.58,514,92577.0,57.12,2026-09-22
LRRPL,SM,22-Sep-2026,94.5,96.0,96.0,91.0,91.0,10500,9.83,5,10500.0,100.0,2026-09-22
LT,EQ,22-Sep-2026,3904.8,3919.6,3930.5,3866.0,3866.4,1355288,52707.88,81225,707733.0,52.22,2026-09-22
LTF,EQ,22-Sep-2026,307.8,308.15,309.25,302.05,304.9,2577248,7851.94,46888,1240822.0,48.15,2026-09-22
LTFOODS,EQ,22-Sep-2026,430.8,430.8,430.8,420.15,421.35,336273,1429.32,11933,139610.0,41.52,2026-09-22
LTGILTBEES,EQ,22-Sep-2026,29.75,29.83,29.84,29.7,29.74,3072917,913.11,705,2987022.0,97.2,2026-09-22
LTGILTCASE,EQ,22-Sep-2026,30.3,30.37,30.39,30.27,30.35,154472,46.85,224,153017.0,99.06,2026-09-22
LTM,EQ,22-Sep-2026,4280.0,4187.1,4187.1,4094.0,4158.3,995608,41177.64,60857,286602.0,28.79,2026-09-22
LTTS,EQ,22-Sep-2026,3307.0,3317.1,3330.5,3271.0,3293.6,40975,1346.96,10391,17251.0,42.1,2026-09-22
LUMAXIND,EQ,22-Sep-2026,5778.0,5778.0,5900.0,5778.0,5846.0,4530,265.15,1909,2078.0,45.87,2026-09-22
LUMAXTECH,EQ,22-Sep-2026,2068.8,2085.0,2129.9,2067.3,2116.4,137061,2884.43,20124,62297.0,45.45,2026-09-22
LUMINO,EQ,22-Sep-2026,113.36,112.98,116.64,106.56,108.27,22815313,25159.79,153899,5280213.0,23.14,2026-09-22
LUPIN,EQ,22-Sep-2026,2124.5,2123.6,2135.0,2109.0,2135.0,597568,12669.58,41216,396300.0,66.32,2026-09-22
LUXIND,EQ,22-Sep-2026,1192.4,1203.5,1210.3,1150.0,1157.5,42998,507.64,3741,20613.0,47.94,2026-09-22
LXCHEM,EQ,22-Sep-2026,177.62,178.5,182.64,177.1,178.01,736074,1318.77,11176,318996.0,43.34,2026-09-22
LYKALABS,BE,22-Sep-2026,85.0,86.7,86.7,86.7,86.7,57416,49.78,90,,,2026-09-22
M&M,EQ,22-Sep-2026,3055.3,3066.0,3093.7,3035.0,3044.5,1708090,52195.24,85238,1040414.0,60.91,2026-09-22
M&MFIN,EQ,22-Sep-2026,354.7,355.65,356.85,349.8,352.4,1732378,6115.54,30984,1137071.0,65.64,2026-09-22
MAANALU,EQ,22-Sep-2026,105.12,108.37,108.37,100.2,104.81,63465,65.93,1900,31197.0,49.16,2026-09-22
MACOBSTECH,SM,22-Sep-2026,194.05,194.0,194.0,193.0,193.0,2400,4.64,3,2400.0,100.0,2026-09-22
MACPOWER,EQ,22-Sep-2026,1955.3,1956.6,2124.0,1945.2,2096.5,83048,1696.55,9313,38199.0,46.0,2026-09-22
MADHAV,EQ,22-Sep-2026,35.25,35.01,36.0,34.05,34.46,1060,0.37,63,1041.0,98.21,2026-09-22
MADHAVBAUG,ST,22-Sep-2026,159.95,160.0,167.9,160.0,167.9,11600,19.05,15,11600.0,100.0,2026-09-22
MADHAVIPL,EQ,22-Sep-2026,7.74,7.65,8.08,7.21,7.39,200477,15.25,551,158703.0,79.16,2026-09-22
MADHUCON,EQ,22-Sep-2026,4.02,4.2,4.2,3.97,4.07,9701,0.39,65,6253.0,64.46,2026-09-22
MADHURKNIT,SM,22-Sep-2026,49.1,47.2,48.25,46.1,47.35,57600,27.21,46,38400.0,66.67,2026-09-22
MADHUSUDAN,ST,22-Sep-2026,231.5,231.5,231.95,224.5,229.3,19000,43.46,18,16000.0,84.21,2026-09-22
MADRASFERT,EQ,22-Sep-2026,61.43,62.6,62.6,61.2,61.35,33641,20.69,592,21168.0,62.92,2026-09-22
MAFANG,EQ,22-Sep-2026,243.36,245.79,248.96,237.0,238.18,736357,1767.07,16365,402376.0,54.64,2026-09-22
MAFATIND,EQ,22-Sep-2026,122.59,122.59,122.59,120.05,120.32,31498,38.13,664,21399.0,67.94,2026-09-22
MAGADSUGAR,EQ,22-Sep-2026,488.8,494.8,510.6,490.0,500.75,30380,152.36,2183,8824.0,29.05,2026-09-22
MAGNUM,EQ,22-Sep-2026,19.27,19.27,19.27,18.81,19.02,24116,4.58,76,22336.0,92.62,2026-09-22
MAGSON,SM,22-Sep-2026,177.0,180.0,180.0,180.0,180.0,125000,225.0,43,125000.0,100.0,2026-09-22
MAHABANK,EQ,22-Sep-2026,82.2,82.52,83.3,82.29,82.4,6615014,5466.46,28540,3370225.0,50.95,2026-09-22
MAHAPEXLTD,EQ,22-Sep-2026,54.36,55.95,55.98,53.3,53.79,3234,1.75,82,2897.0,89.58,2026-09-22
MAHASTEEL,BE,22-Sep-2026,1123.3,1128.9,1147.8,1080.3,1101.8,2539,27.8,233,,,2026-09-22
MAHEPC,EQ,22-Sep-2026,99.27,100.39,100.6,97.1,98.75,29129,28.75,829,16979.0,58.29,2026-09-22
MAHESHWARI,EQ,22-Sep-2026,72.0,73.0,73.4,71.5,71.53,12444,9.02,100,11059.0,88.87,2026-09-22
MAHKTECH,EQ,22-Sep-2026,21.77,22.31,22.31,21.8,22.01,556489,122.63,3866,346542.0,62.27,2026-09-22
MAHLIFE,EQ,22-Sep-2026,362.65,360.85,363.6,356.25,359.05,68310,244.96,6530,36480.0,53.4,2026-09-22
MAHLOG,EQ,22-Sep-2026,399.3,397.0,406.95,397.0,400.3,69426,278.52,2969,37929.0,54.63,2026-09-22
MAHSCOOTER,EQ,22-Sep-2026,13609.0,13600.0,13658.0,13251.0,13313.0,3629,489.13,1683,1720.0,47.4,2026-09-22
MAHSEAMLES,EQ,22-Sep-2026,706.95,707.0,712.85,695.0,697.35,112372,788.39,7129,54207.0,48.24,2026-09-22
MAITHANALL,EQ,22-Sep-2026,998.25,1005.0,1005.0,986.0,994.95,41393,412.7,2682,22680.0,54.79,2026-09-22
MAITREYA,SM,22-Sep-2026,107.75,123.0,123.0,112.6,112.6,2000,2.35,5,1600.0,80.0,2026-09-22
MAJESAUT,BE,22-Sep-2026,364.85,368.45,370.0,355.0,362.25,915,3.3,103,,,2026-09-22
MAKEINDIA,EQ,22-Sep-2026,162.68,162.76,163.26,161.43,161.65,17768,28.83,368,7661.0,43.12,2026-09-22
MAKERSL,EQ,22-Sep-2026,190.37,189.0,191.49,180.0,181.26,3883,7.19,153,2830.0,72.88,2026-09-22
MAL,ST,22-Sep-2026,43.7,43.7,43.7,42.55,42.55,4800,2.06,3,3200.0,66.67,2026-09-22
MALLCOM,EQ,22-Sep-2026,967.8,974.0,978.95,950.1,951.7,2723,26.04,275,1821.0,66.87,2026-09-22
MALUPAPER,EQ,22-Sep-2026,32.12,32.12,32.15,31.9,31.98,8576,2.75,147,5780.0,67.4,2026-09-22
MAMATA,EQ,22-Sep-2026,404.3,402.0,414.0,400.0,403.55,40816,166.2,2011,25029.0,61.32,2026-09-22
MANAKALUCO,EQ,22-Sep-2026,35.43,35.0,36.5,35.0,35.36,39820,14.21,450,21580.0,54.19,2026-09-22
MANAKCOAT,EQ,22-Sep-2026,135.19,136.27,136.27,132.01,132.67,235115,315.33,4122,143311.0,60.95,2026-09-22
MANAKSIA,EQ,22-Sep-2026,63.27,63.98,66.7,63.7,65.34,57853,37.78,1011,33206.0,57.4,2026-09-22
MANAKSTEEL,BE,22-Sep-2026,108.29,108.29,108.7,105.3,107.25,19206,20.48,159,,,2026-09-22
MANALIPETC,EQ,22-Sep-2026,86.71,87.0,87.0,84.35,84.87,927627,791.56,9035,333763.0,35.98,2026-09-22
MANAPPURAM,EQ,22-Sep-2026,315.1,315.9,320.2,315.9,319.3,2282054,7276.45,25948,1146501.0,50.24,2026-09-22
MANBA,EQ,22-Sep-2026,136.73,136.38,139.67,135.2,136.41,390344,537.01,3515,174186.0,44.62,2026-09-22
MANCREDIT,EQ,22-Sep-2026,226.68,228.0,229.0,221.22,222.53,102916,231.99,2142,6228.0,6.05,2026-09-22
MANDEEP,SM,22-Sep-2026,17.85,17.5,18.35,17.1,18.35,12000,2.14,6,6000.0,50.0,2026-09-22
MANGALAM,EQ,22-Sep-2026,32.66,33.19,33.59,31.67,32.24,48764,15.94,594,30716.0,62.99,2026-09-22
MANGLMCEM,EQ,22-Sep-2026,1010.1,1010.1,1020.6,998.0,1006.3,56199,566.48,3308,32062.0,57.05,2026-09-22
MANIKA,BE,22-Sep-2026,43.14,42.25,42.95,41.25,41.79,914028,383.44,4340,,,2026-09-22
MANILAM,SM,22-Sep-2026,40.0,40.0,40.0,40.0,40.0,2000,0.8,1,2000.0,100.0,2026-09-22
MANINDS,EQ,22-Sep-2026,859.75,870.5,880.0,840.15,849.9,625173,5351.0,23474,354518.0,56.71,2026-09-22
MANINFRA,EQ,22-Sep-2026,123.22,123.5,124.98,122.75,124.04,1053458,1304.01,3834,515262.0,48.91,2026-09-22
MANIPALHOS,EQ,22-Sep-2026,747.15,756.0,769.75,743.0,746.1,1312945,9934.01,43041,596162.0,45.41,2026-09-22
MANKIND,EQ,22-Sep-2026,2437.8,2450.0,2490.0,2438.7,2480.0,667075,16479.26,45327,288028.0,43.18,2026-09-22
MANOMAY,EQ,22-Sep-2026,224.96,226.35,228.58,223.5,227.35,124259,281.86,2961,24567.0,19.77,2026-09-22
MANORAMA,EQ,22-Sep-2026,1923.0,1923.0,1945.3,1905.0,1911.0,88545,1705.07,13196,46234.0,52.22,2026-09-22
MANORG,EQ,22-Sep-2026,464.15,475.0,480.0,457.5,459.5,2762,12.91,365,1701.0,61.59,2026-09-22
MANUFGBEES,EQ,22-Sep-2026,160.43,162.03,162.03,159.71,160.44,5380,8.62,87,4352.0,80.89,2026-09-22
MANUGRAPH,EQ,22-Sep-2026,18.85,18.85,21.38,18.1,20.22,293270,60.41,1668,118764.0,40.5,2026-09-22
MANYAVAR,EQ,22-Sep-2026,536.7,539.95,540.05,526.0,535.35,286758,1526.32,17812,165489.0,57.71,2026-09-22
MAPMYINDIA,EQ,22-Sep-2026,900.5,900.5,969.8,900.5,922.0,1688962,15841.69,62611,221154.0,13.09,2026-09-22
MARALOVER,EQ,22-Sep-2026,56.87,58.0,63.4,57.5,61.11,36191,22.09,534,20094.0,55.52,2026-09-22
MARATHON,EQ,22-Sep-2026,417.65,419.95,424.75,415.3,417.8,46245,193.77,1484,26715.0,57.77,2026-09-22
MARC,ST,22-Sep-2026,150.0,142.55,157.5,142.5,150.45,31200,47.22,22,30000.0,96.15,2026-09-22
MARCO,SM,22-Sep-2026,27.85,29.5,29.5,28.45,28.5,19500,5.67,11,13500.0,69.23,2026-09-22
MARICO,EQ,22-Sep-2026,824.4,824.55,830.5,824.55,830.0,1090303,9033.94,38059,704788.0,64.64,2026-09-22
MARINE,EQ,22-Sep-2026,415.8,422.0,423.8,404.0,411.45,1021060,4215.44,38242,342584.0,33.55,2026-09-22
MARKOLINES,EQ,22-Sep-2026,169.76,170.7,171.75,167.27,169.24,249643,423.54,1523,83833.0,33.58,2026-09-22
MARKSANS,EQ,22-Sep-2026,338.1,340.05,340.95,328.65,332.95,1560912,5209.08,37297,666495.0,42.7,2026-09-22
MARSONS,EQ,22-Sep-2026,127.33,127.99,132.37,126.33,127.88,859909,1111.16,10945,298590.0,34.72,2026-09-22
MARUTI,EQ,22-Sep-2026,12153.0,12155.0,12275.0,12142.0,12190.0,246724,30084.57,30047,113920.0,46.17,2026-09-22
MASFIN,EQ,22-Sep-2026,292.15,295.0,295.0,286.1,289.35,220651,639.53,10046,125693.0,56.96,2026-09-22
MASKINVEST,EQ,22-Sep-2026,145.0,146.1,146.1,138.0,144.31,361,0.52,17,352.0,97.51,2026-09-22
MASON,SM,22-Sep-2026,110.05,111.05,111.2,110.0,110.75,13500,14.98,13,13500.0,100.0,2026-09-22
MASPTOP50,EQ,22-Sep-2026,113.25,116.08,118.83,96.27,98.01,4467822,4688.43,41033,1679186.0,37.58,2026-09-22
MASTEK,EQ,22-Sep-2026,1589.2,1590.0,1591.8,1561.5,1567.9,47680,750.88,5601,25944.0,54.41,2026-09-22
MASTER,SM,22-Sep-2026,395.0,400.0,400.0,400.0,400.0,500,2.0,1,500.0,100.0,2026-09-22
MASTERTR,EQ,22-Sep-2026,87.68,88.67,88.67,86.2,86.46,135711,118.17,872,53931.0,39.74,2026-09-22
MATRIMONY,EQ,22-Sep-2026,549.8,555.0,555.45,544.7,550.75,13550,74.71,764,9434.0,69.62,2026-09-22
MAWANASUG,EQ,22-Sep-2026,125.45,126.35,134.0,124.57,131.43,303537,396.89,5901,96246.0,31.71,2026-09-22
MAXESTATES,EQ,22-Sep-2026,597.9,595.85,602.3,586.35,595.05,124021,737.11,4855,77235.0,62.28,2026-09-22
MAXHEALTH,EQ,22-Sep-2026,1066.6,1060.1,1069.0,1049.7,1056.5,1132196,12021.91,33393,468148.0,41.35,2026-09-22
MAXIND,EQ,22-Sep-2026,152.0,153.52,154.4,148.21,151.86,45282,68.07,1203,28663.0,63.3,2026-09-22
MAXPOSURE,SM,22-Sep-2026,40.1,41.05,42.25,39.0,39.0,23000,9.27,21,19000.0,82.61,2026-09-22
MAXVOLT,SM,22-Sep-2026,393.0,399.0,399.0,385.0,392.25,41600,163.99,101,28000.0,67.31,2026-09-22
MAYURUNIQ,EQ,22-Sep-2026,751.25,755.0,758.7,724.2,726.15,117662,866.5,6793,69894.0,59.4,2026-09-22
MAZDA,BE,22-Sep-2026,253.9,253.9,256.45,241.8,242.75,260665,636.11,575,,,2026-09-22
MAZDOCK,EQ,22-Sep-2026,2232.0,2241.2,2250.5,2196.0,2204.0,611823,13570.57,30655,254689.0,41.63,2026-09-22
MBAPL,EQ,22-Sep-2026,160.76,162.0,166.36,162.0,165.68,810859,1335.2,6427,434135.0,53.54,2026-09-22
MBECL,BE,22-Sep-2026,421.66,430.09,430.09,430.0,430.09,11498,49.45,189,,,2026-09-22
MBEL,EQ,22-Sep-2026,255.05,255.9,262.65,254.85,259.25,145564,377.79,5607,67816.0,46.59,2026-09-22
MBLINFRA,EQ,22-Sep-2026,21.76,22.0,22.55,21.24,21.76,14782,3.23,85,12258.0,82.93,2026-09-22
MCCHRLS-B,EQ,22-Sep-2026,664.65,679.9,679.9,650.0,654.8,4108,26.9,128,4102.0,99.85,2026-09-22
MCL,EQ,22-Sep-2026,55.75,55.75,57.25,55.48,56.35,43960,24.88,760,22361.0,50.87,2026-09-22
MCLEODRUSS,EQ,22-Sep-2026,46.54,48.0,48.29,44.3,44.96,479493,223.2,2375,265784.0,55.43,2026-09-22
MCLOUD,EQ,22-Sep-2026,25.0,25.15,25.45,24.98,25.18,657233,165.85,2256,328950.0,50.05,2026-09-22
MCON,SM,22-Sep-2026,39.05,40.0,41.0,40.0,41.0,7000,2.84,7,7000.0,100.0,2026-09-22
MCX,EQ,22-Sep-2026,3209.0,3220.0,3289.8,3212.8,3262.6,1069125,34818.17,56112,381659.0,35.7,2026-09-22
MDL,SM,22-Sep-2026,60.0,60.0,60.0,60.0,60.0,10000,6.0,1,10000.0,100.0,2026-09-22
MEDANTA,EQ,22-Sep-2026,1508.1,1508.1,1516.0,1483.6,1487.8,144659,2162.62,23953,79419.0,54.9,2026-09-22
MEDIASSIST,EQ,22-Sep-2026,336.6,340.4,342.9,327.0,328.6,740848,2464.65,10394,575366.0,77.66,2026-09-22
MEDICAMEQ,BE,22-Sep-2026,318.2,317.9,326.85,314.0,319.5,20311,64.93,314,,,2026-09-22
MEDICAPQ,BE,22-Sep-2026,25.92,25.37,25.87,24.8,25.34,4022,1.02,33,,,2026-09-22
MEDICO,EQ,22-Sep-2026,34.06,34.5,34.65,33.75,33.96,141351,48.11,1169,98965.0,70.01,2026-09-22
MEDISTEP,SM,22-Sep-2026,21.5,19.45,19.5,19.45,19.5,6000,1.17,2,6000.0,100.0,2026-09-22
MEDPLUS,EQ,22-Sep-2026,660.7,660.0,663.05,655.0,655.55,22088,145.06,2326,13607.0,61.6,2026-09-22
MEESHO,EQ,22-Sep-2026,219.15,221.88,244.74,218.6,240.19,108359244,256477.45,569367,16381640.0,15.12,2026-09-22
MEGAFLEX,SM,22-Sep-2026,94.55,99.0,99.0,99.0,99.0,1000,0.99,1,1000.0,100.0,2026-09-22
MEGASTAR,EQ,22-Sep-2026,275.95,284.0,284.0,272.05,276.1,4264,11.82,160,3322.0,77.91,2026-09-22
MEGATHERM,SM,22-Sep-2026,253.0,253.0,260.5,248.2,259.9,15600,39.85,37,12400.0,79.49,2026-09-22
MEIL,EQ,22-Sep-2026,267.25,271.25,273.95,265.55,271.75,21109,56.84,894,12876.0,61.0,2026-09-22
MENNPIS,BE,22-Sep-2026,73.4,73.04,74.39,73.01,73.35,11711,8.6,152,,,2026-09-22
MENONBE,BE,22-Sep-2026,304.95,303.85,314.5,291.6,306.7,58106,177.02,728,,,2026-09-22
MEP,BZ,22-Sep-2026,0.64,0.65,0.65,0.63,0.63,153506,0.98,84,,,2026-09-22
MERCANTILE,EQ,22-Sep-2026,22.82,23.48,23.48,21.6,22.1,4899,1.08,55,4384.0,89.49,2026-09-22
MERCURYEV,EQ,22-Sep-2026,39.81,39.97,41.48,39.7,39.93,644774,260.11,4009,339380.0,52.64,2026-09-22
METAL,EQ,22-Sep-2026,13.12,13.34,13.34,13.06,13.11,5819561,763.56,4515,3217348.0,55.29,2026-09-22
METALIC,ST,22-Sep-2026,148.4,149.7,155.8,149.7,155.8,105600,162.71,64,104000.0,98.48,2026-09-22
METALIETF,EQ,22-Sep-2026,13.05,13.18,13.18,13.01,13.05,3502799,457.66,6763,2205858.0,62.97,2026-09-22
METROBRAND,EQ,22-Sep-2026,939.05,931.2,937.4,904.5,920.3,64975,596.07,9673,31236.0,48.07,2026-09-22
METROGLOBL,EQ,22-Sep-2026,132.01,133.3,133.5,129.0,132.97,1154,1.5,45,1045.0,90.55,2026-09-22
METROPOLIS,EQ,22-Sep-2026,593.4,593.5,599.0,590.35,592.4,107949,641.91,9422,59772.0,55.37,2026-09-22
MFML,EQ,22-Sep-2026,18.82,19.78,19.78,18.7,19.26,471,0.09,30,318.0,67.52,2026-09-22
MFSL,EQ,22-Sep-2026,1569.0,1574.9,1581.1,1549.2,1554.2,279864,4365.28,23935,155873.0,55.7,2026-09-22
MGEL,EQ,22-Sep-2026,15.78,15.94,15.94,15.31,15.52,5412606,839.19,1057,5173773.0,95.59,2026-09-22
MGL,EQ,22-Sep-2026,1077.8,1075.5,1079.8,1059.0,1067.3,236016,2523.23,13364,165049.0,69.93,2026-09-22
MGSL,SM,22-Sep-2026,64.05,65.95,68.95,65.85,68.95,6000,4.0,5,4800.0,80.0,2026-09-22
MHHL,SM,22-Sep-2026,30.5,31.5,32.0,31.5,32.0,3000,0.95,2,3000.0,100.0,2026-09-22
MHLXMIRU,BE,22-Sep-2026,155.55,155.4,163.32,155.4,163.26,15858,25.83,136,,,2026-09-22
MHRIL,EQ,22-Sep-2026,201.37,201.37,202.0,198.1,199.07,44579,88.98,2195,27353.0,61.36,2026-09-22
MICEL,BE,22-Sep-2026,33.37,34.03,34.03,34.03,34.03,129272,43.99,201,,,2026-09-22
MICROPRO,SM,22-Sep-2026,18.35,17.25,18.3,17.25,17.45,8000,1.42,5,8000.0,100.0,2026-09-22
MID150,EQ,22-Sep-2026,23.2,23.25,23.35,23.0,23.17,24126,5.61,149,24087.0,99.84,2026-09-22
MID150BEES,EQ,22-Sep-2026,236.51,237.59,237.59,235.5,236.21,312262,738.45,5698,224007.0,71.74,2026-09-22
MID150CASE,EQ,22-Sep-2026,11.52,11.31,11.8,11.31,11.47,1366142,157.22,3111,914205.0,66.92,2026-09-22
MIDBANKADD,EQ,22-Sep-2026,17.12,17.14,17.15,17.0,17.06,308564,52.67,50,302664.0,98.09,2026-09-22
MIDCAP,EQ,22-Sep-2026,18.26,18.26,18.48,18.06,18.22,260998,47.65,685,172199.0,65.98,2026-09-22
MIDCAPADD,EQ,22-Sep-2026,22.96,22.96,23.0,22.86,22.89,16028,3.68,203,14614.0,91.18,2026-09-22
MIDCAPBETA,EQ,22-Sep-2026,230.76,231.91,232.1,230.05,232.0,2505,5.77,25,2485.0,99.2,2026-09-22
MIDCAPETF,EQ,22-Sep-2026,23.34,23.34,23.47,23.27,23.32,1440561,336.71,4613,1032115.0,71.65,2026-09-22
MIDCAPIETF,EQ,22-Sep-2026,23.63,23.66,23.85,23.48,23.54,714577,169.16,2085,330736.0,46.28,2026-09-22
MIDHANI,EQ,22-Sep-2026,418.55,419.95,423.95,413.35,415.2,496164,2069.41,15462,204154.0,41.15,2026-09-22
MIDQ50ADD,EQ,22-Sep-2026,24.39,24.99,24.99,24.3,24.35,10218,2.49,82,8980.0,87.88,2026-09-22
MIDSELIETF,EQ,22-Sep-2026,19.7,19.78,19.78,19.6,19.65,430796,84.76,661,281847.0,65.42,2026-09-22
MIDSMALL,EQ,22-Sep-2026,51.37,51.63,51.63,51.09,51.14,116835,59.94,1337,58994.0,50.49,2026-09-22
MIDWESTLTD,EQ,22-Sep-2026,988.3,998.1,1029.0,986.6,1018.3,17524,177.77,2013,6908.0,39.42,2026-09-22
MIIL,EQ,22-Sep-2026,703.6,714.5,716.0,699.0,710.45,88266,623.35,1799,38980.0,44.16,2026-09-22
MILKYMIST,EQ,22-Sep-2026,287.77,293.2,302.15,291.2,302.15,11275606,33751.37,63118,2729939.0,24.21,2026-09-22
MINALIND,BE,22-Sep-2026,5.05,4.95,4.95,4.95,4.95,1919,0.09,28,,,2026-09-22
MINDACORP,EQ,22-Sep-2026,679.6,680.3,687.95,676.7,685.4,101472,694.67,10623,54804.0,54.01,2026-09-22
MINDSPACE,RR,22-Sep-2026,505.14,506.2,507.99,501.35,504.76,713419,3602.68,4772,683073.0,95.75,2026-09-22
MINDTECK,EQ,22-Sep-2026,155.72,155.37,160.0,155.37,157.94,14331,22.57,644,7402.0,51.65,2026-09-22
MIRZAINT,EQ,22-Sep-2026,29.16,29.11,29.49,29.0,29.12,54503,15.89,666,31635.0,58.04,2026-09-22
MITCON,EQ,22-Sep-2026,79.86,79.8,82.5,79.8,80.12,79499,64.4,64,78857.0,99.19,2026-09-22
MITTAL,EQ,22-Sep-2026,0.76,0.78,0.78,0.76,0.76,1010483,7.75,289,581657.0,57.56,2026-09-22
MKEXIM,EQ,22-Sep-2026,65.87,64.1,68.9,64.1,68.04,15103,10.14,173,13902.0,92.05,2026-09-22
MKPL,EQ,22-Sep-2026,3.98,4.04,4.11,3.98,4.03,64158,2.59,281,47763.0,74.45,2026-09-22
MLKFOOD,EQ,22-Sep-2026,81.62,83.0,83.0,80.26,82.45,4497,3.68,92,1681.0,37.38,2026-09-22
MMEL,SM,22-Sep-2026,27.05,27.15,27.15,26.7,26.7,10000,2.69,5,10000.0,100.0,2026-09-22
MMFL,EQ,22-Sep-2026,612.85,613.0,616.95,597.5,603.4,86119,521.84,6044,40675.0,47.23,2026-09-22
MMP,EQ,22-Sep-2026,477.7,489.9,497.0,455.35,461.3,157727,746.57,5676,82675.0,52.42,2026-09-22
MMTC,EQ,22-Sep-2026,59.79,60.47,60.8,59.56,59.67,718269,431.39,5208,318712.0,44.37,2026-09-22
MMWL,EQ,22-Sep-2026,13.19,13.19,13.39,12.77,13.29,9664,1.27,97,7079.0,73.25,2026-09-22
MNC,EQ,22-Sep-2026,32.58,32.5,32.78,32.18,32.28,40231,13.05,392,34973.0,86.93,2026-09-22
MOALPHA50,EQ,22-Sep-2026,55.69,55.69,56.98,55.0,55.44,18003,10.01,74,16399.0,91.09,2026-09-22
MOBANK10,EQ,22-Sep-2026,16.73,16.89,16.89,16.65,16.77,3877,0.65,45,3307.0,85.3,2026-09-22
MOBIKWIK,EQ,22-Sep-2026,209.57,209.5,214.2,207.7,209.02,1446487,3057.16,20359,419023.0,28.97,2026-09-22
MOBILISE,SM,22-Sep-2026,106.75,104.35,112.0,103.45,103.45,9600,10.14,6,6400.0,66.67,2026-09-22
MOCAPITAL,EQ,22-Sep-2026,52.93,53.01,53.69,52.91,52.94,338511,179.74,1946,161248.0,47.63,2026-09-22
MODEFENCE,EQ,22-Sep-2026,103.27,103.99,104.48,102.3,103.81,915413,951.79,5822,582780.0,63.66,2026-09-22
MODINATUR,EQ,22-Sep-2026,349.75,345.1,359.0,345.1,355.75,3282,11.59,329,2008.0,61.18,2026-09-22
MODIRUBBER,EQ,22-Sep-2026,123.51,122.0,126.0,121.51,122.04,1014,1.25,33,810.0,79.88,2026-09-22
MODIS,EQ,22-Sep-2026,346.6,346.6,350.75,344.85,347.3,10261,35.63,565,5428.0,52.9,2026-09-22
MODISONLTD,BE,22-Sep-2026,456.3,455.0,479.0,451.75,468.25,84256,396.81,915,,,2026-09-22
MODTHREAD,EQ,22-Sep-2026,47.05,46.4,47.66,45.22,46.37,6243,2.88,204,4242.0,67.95,2026-09-22
MOENERGY,EQ,22-Sep-2026,37.99,38.0,38.37,37.77,37.91,57907,22.08,456,45222.0,78.09,2026-09-22
MOGOLD,EQ,22-Sep-2026,150.05,150.4,150.4,148.8,149.7,257739,385.49,682,236989.0,91.95,2026-09-22
MOGSEC,EQ,22-Sep-2026,65.3,63.66,65.49,63.66,65.03,9575,6.19,60,8824.0,92.16,2026-09-22
MOHEALTH,EQ,22-Sep-2026,53.06,53.85,53.85,52.58,52.65,55690,29.44,543,31985.0,57.43,2026-09-22
MOHITE,EQ,22-Sep-2026,2.47,2.48,2.54,2.43,2.47,11716,0.29,95,11384.0,97.17,2026-09-22
MOHITIND,EQ,22-Sep-2026,23.75,23.9,23.9,22.56,22.87,12579,2.9,114,10855.0,86.29,2026-09-22
MOIL,EQ,22-Sep-2026,241.35,241.5,245.59,241.5,243.2,338539,823.61,6018,134742.0,39.8,2026-09-22
MOINFRA,EQ,22-Sep-2026,58.41,58.57,58.57,57.06,57.56,2967,1.72,49,1526.0,51.43,2026-09-22
MOIPO,EQ,22-Sep-2026,48.42,48.87,49.64,48.73,48.98,6695,3.28,43,6399.0,95.58,2026-09-22
MOKSH,EQ,22-Sep-2026,9.94,9.97,10.1,9.95,10.06,49760,4.98,125,34224.0,68.78,2026-09-22
MOL,EQ,22-Sep-2026,62.18,62.25,62.94,61.02,61.45,480743,297.27,3558,189898.0,39.5,2026-09-22
MOLBIO,EQ,22-Sep-2026,1218.8,1230.0,1283.5,1227.6,1263.8,1579734,19817.5,66318,216762.0,13.72,2026-09-22
MOLDTECH,BE,22-Sep-2026,195.66,192.0,198.95,191.1,194.44,23122,44.82,254,,,2026-09-22
MOLDTKPAC,EQ,22-Sep-2026,644.85,644.85,651.25,638.0,639.95,25115,161.8,1893,14702.0,58.54,2026-09-22
MOLOWVOL,EQ,22-Sep-2026,35.4,36.1,36.1,35.09,35.25,84026,29.53,50,78582.0,93.52,2026-09-22
MOM100,EQ,22-Sep-2026,67.1,67.25,67.4,66.66,66.87,137012,91.9,1987,81582.0,59.54,2026-09-22
MOM30IETF,EQ,22-Sep-2026,30.91,31.09,31.14,30.77,30.83,448767,139.05,1471,267888.0,59.69,2026-09-22
MOM50,EQ,22-Sep-2026,244.97,243.55,246.51,243.52,243.74,3737,9.15,128,2325.0,62.22,2026-09-22
MOMENTUM,EQ,22-Sep-2026,30.76,29.99,31.0,29.99,30.75,91264,28.03,143,86525.0,94.81,2026-09-22
MOMENTUM30,EQ,22-Sep-2026,30.3,30.48,31.8,30.3,30.93,21103,6.49,103,15074.0,71.43,2026-09-22
MOMENTUM50,EQ,22-Sep-2026,53.81,54.07,54.37,53.36,53.53,435747,234.91,13901,236296.0,54.23,2026-09-22
MOMETAL,EQ,22-Sep-2026,12.95,13.07,13.07,12.97,13.02,2155,0.28,30,1090.0,50.58,2026-09-22
MOMGF,EQ,22-Sep-2026,162.18,162.8,162.81,159.05,159.42,1497,2.4,47,1165.0,77.82,2026-09-22
MOMIDMTM,EQ,22-Sep-2026,64.03,62.42,64.68,62.42,63.64,77472,49.55,281,54886.0,70.85,2026-09-22
MOMMIDCAP,EQ,22-Sep-2026,12.85,12.9,12.92,12.81,12.82,2474779,317.81,664,2430456.0,98.21,2026-09-22
MOMNC,EQ,22-Sep-2026,31.65,31.72,31.73,31.3,31.41,2870,0.9,14,2230.0,77.7,2026-09-22
MOMOMENTUM,EQ,22-Sep-2026,61.32,62.27,62.27,60.83,61.32,51028,31.36,330,24764.0,48.53,2026-09-22
MOMSBELIEF,BE,22-Sep-2026,223.89,223.89,230.0,221.02,228.33,46009,104.7,562,,,2026-09-22
MON100,EQ,22-Sep-2026,330.24,338.49,339.7,320.42,324.95,1056991,3488.45,20988,558347.0,52.82,2026-09-22
MON50EQUAL,EQ,22-Sep-2026,32.66,33.0,33.49,32.34,32.63,6702,2.17,76,4614.0,68.85,2026-09-22
MONARCH,EQ,22-Sep-2026,361.7,362.0,369.05,361.95,366.9,68954,251.76,1389,41420.0,60.07,2026-09-22
MONEXT50,EQ,22-Sep-2026,72.25,72.2,72.99,71.26,71.54,4634,3.35,69,4304.0,92.88,2026-09-22
MONEYBOXX,EQ,22-Sep-2026,57.21,60.07,60.07,54.55,57.4,514607,298.84,1266,301532.0,58.59,2026-09-22
MONIFTY100,EQ,22-Sep-2026,24.82,24.75,24.84,24.57,24.72,5958,1.47,72,5858.0,98.32,2026-09-22
MONIFTY500,EQ,22-Sep-2026,23.47,23.47,23.59,23.34,23.44,213318,50.0,1075,140815.0,66.01,2026-09-22
MONOLITH,SM,22-Sep-2026,1243.45,1240.0,1299.0,1240.0,1282.55,20750,263.25,81,13750.0,66.27,2026-09-22
MONQ50,EQ,22-Sep-2026,317.04,317.04,317.04,253.64,253.64,942885,2501.13,9157,479986.0,50.91,2026-09-22
MONTECARLO,EQ,22-Sep-2026,534.65,534.1,539.0,521.0,524.35,68944,362.93,2726,37689.0,54.67,2026-09-22
MOOILGAS,EQ,22-Sep-2026,11.05,11.27,12.15,10.9,11.51,14110,1.55,69,13540.0,95.96,2026-09-22
MOPSE,EQ,22-Sep-2026,101.3,99.26,100.3,98.03,98.42,4721,4.67,69,3508.0,74.31,2026-09-22
MOQUALITY,EQ,22-Sep-2026,193.74,194.43,194.9,193.11,193.97,704,1.36,40,311.0,44.18,2026-09-22
MOREALTY,EQ,22-Sep-2026,85.65,87.79,87.79,85.15,86.08,335647,289.38,1227,201150.0,59.93,2026-09-22
MOREPENLAB,EQ,22-Sep-2026,122.35,122.35,123.8,118.12,119.04,10361426,12487.51,41212,3346873.0,32.3,2026-09-22
MOS,SM,22-Sep-2026,6.05,6.65,6.65,6.15,6.65,15828000,1052.17,560,15192000.0,95.98,2026-09-22
MOSCHIP,EQ,22-Sep-2026,206.05,208.0,211.7,206.51,207.37,938006,1952.91,14158,313226.0,33.39,2026-09-22
MOSERVICE,EQ,22-Sep-2026,30.43,30.37,30.37,30.1,30.2,17172,5.18,48,14030.0,81.7,2026-09-22
MOSILVER,EQ,22-Sep-2026,229.59,230.2,230.2,226.0,227.71,22873,52.26,1392,7819.0,34.18,2026-09-22
MOSMALL250,EQ,22-Sep-2026,18.36,18.37,18.48,18.2,18.3,395721,72.72,1741,273259.0,69.05,2026-09-22
MOTHERSON,EQ,22-Sep-2026,162.91,162.75,163.9,161.21,161.77,8031394,13076.42,63431,4417945.0,55.01,2026-09-22
MOTILALOFS,EQ,22-Sep-2026,995.0,995.6,1025.0,995.6,1007.0,813525,8243.74,32027,288554.0,35.47,2026-09-22
MOTISONS,EQ,22-Sep-2026,17.94,18.0,18.71,17.88,18.04,70245799,12756.92,83397,11714996.0,16.68,2026-09-22
MOTOGENFIN,EQ,22-Sep-2026,26.45,27.4,27.5,26.0,26.28,110559,29.73,223,87440.0,79.09,2026-09-22
MOTOUR,EQ,22-Sep-2026,78.01,78.01,78.71,78.01,78.52,9292,7.28,117,8191.0,88.15,2026-09-22
MOVALUE,EQ,22-Sep-2026,110.66,110.66,111.48,110.13,110.44,384762,424.48,629,345614.0,89.83,2026-09-22
MPDL,BE,22-Sep-2026,30.0,30.0,30.0,30.0,30.0,201,0.06,3,,,2026-09-22
MPEL,SM,22-Sep-2026,22.55,23.5,23.5,21.45,22.0,33600,7.5,15,27200.0,80.95,2026-09-22
MPHASIS,EQ,22-Sep-2026,2296.2,2298.4,2306.5,2254.5,2265.0,506297,11497.72,23503,296327.0,58.53,2026-09-22
MPIMANIPAL,EQ,22-Sep-2026,336.6,335.0,342.6,330.35,338.6,616288,2074.57,17646,247090.0,40.09,2026-09-22
MPSLTD,EQ,22-Sep-2026,2617.2,2605.0,2650.0,2591.8,2603.2,4754,124.61,1105,3340.0,70.26,2026-09-22
MRF,EQ,22-Sep-2026,124855.0,125490.0,125755.0,124635.0,124770.0,1591,1990.29,1373,639.0,40.16,2026-09-22
MRIL,ST,22-Sep-2026,83.75,80.05,80.1,79.65,79.9,8000,6.39,5,8000.0,100.0,2026-09-22
MRPL,EQ,22-Sep-2026,167.03,167.65,168.06,164.0,164.44,4279978,7072.44,34017,1295738.0,30.27,2026-09-22
MSCI360,EQ,22-Sep-2026,9.86,9.86,9.94,9.83,9.91,316,0.03,18,302.0,95.57,2026-09-22
MSCIADD,EQ,22-Sep-2026,28.96,28.93,28.94,28.8,28.91,333,0.1,9,141.0,42.34,2026-09-22
MSCIINDIA,EQ,22-Sep-2026,29.22,29.2,29.32,29.09,29.19,6221,1.82,161,4300.0,69.12,2026-09-22
MSL,EQ,22-Sep-2026,136.0,136.1,138.0,136.1,138.0,41,0.06,2,41.0,100.0,2026-09-22
MSPL,EQ,22-Sep-2026,33.28,33.4,33.8,32.8,33.39,1337071,444.83,4157,885577.0,66.23,2026-09-22
MSTCLTD,EQ,22-Sep-2026,729.85,729.1,755.0,728.0,746.95,255933,1901.02,12413,122914.0,48.03,2026-09-22
MSUMI,EQ,22-Sep-2026,35.6,35.63,35.74,35.1,35.15,5632984,1989.89,22914,3510073.0,62.31,2026-09-22
MTARTECH,BE,22-Sep-2026,7015.5,7100.0,7209.0,6925.0,7176.0,64031,4583.41,8965,,,2026-09-22
MTEDUCARE,BE,22-Sep-2026,1.7,1.74,1.74,1.62,1.67,58555,0.98,59,,,2026-09-22
MTNL,EQ,22-Sep-2026,23.65,23.75,24.26,23.5,23.67,734073,174.96,3167,277816.0,37.85,2026-09-22
MUFIN,EQ,22-Sep-2026,132.17,132.84,135.47,131.01,132.69,610502,814.54,3721,223006.0,36.53,2026-09-22
MUFTI,EQ,22-Sep-2026,72.73,72.25,73.92,72.12,73.34,36520,26.65,635,20386.0,55.82,2026-09-22
MUKANDLTD,EQ,22-Sep-2026,136.03,136.1,143.0,136.03,141.41,207157,291.49,3598,111791.0,53.96,2026-09-22
MUKESHB,EQ,22-Sep-2026,126.42,132.7,132.7,127.0,130.5,51,0.07,3,50.0,98.04,2026-09-22
MUKKA,BE,22-Sep-2026,28.25,28.28,28.28,27.01,27.37,265123,73.35,1208,,,2026-09-22
MUKTAARTS,BE,22-Sep-2026,56.1,56.12,56.17,55.06,56.0,8740,4.9,49,,,2026-09-22
MULTICAP,EQ,22-Sep-2026,16.49,16.53,16.57,16.43,16.45,151841,25.05,481,71773.0,47.27,2026-09-22
MUNISH,SM,22-Sep-2026,95.45,94.5,94.5,94.5,94.5,1200,1.13,1,1200.0,100.0,2026-09-22
MUNJALAU,EQ,22-Sep-2026,105.71,105.71,107.49,104.15,104.8,239397,252.61,9338,94515.0,39.48,2026-09-22
MUNJALSHOW,EQ,22-Sep-2026,128.53,129.3,138.8,126.02,133.32,173266,232.11,2122,70464.0,40.67,2026-09-22
MURUDCERA,EQ,22-Sep-2026,28.3,28.5,30.2,28.5,29.23,27522,8.07,312,22161.0,80.52,2026-09-22
MUTHOOTCAP,EQ,22-Sep-2026,228.87,228.95,233.18,226.02,229.85,4638,10.65,265,3171.0,68.37,2026-09-22
MUTHOOTFIN,EQ,22-Sep-2026,2854.2,2855.0,2874.0,2822.0,2831.5,484238,13777.78,73988,268498.0,55.45,2026-09-22
MUTHOOTMF,EQ,22-Sep-2026,188.75,189.3,194.44,187.45,188.32,218153,414.67,4716,120375.0,55.18,2026-09-22
MVELECTRO,EQ,22-Sep-2026,882.2,884.9,895.0,851.0,877.35,1534723,13454.38,46657,245233.0,15.98,2026-09-22
MVGJL,EQ,22-Sep-2026,214.51,214.5,217.09,205.82,213.26,407774,863.28,11039,163244.0,40.03,2026-09-22
MVKAGRO,SM,22-Sep-2026,232.1,220.5,220.5,220.5,220.5,23100,50.94,43,23100.0,100.0,2026-09-22
MWL,EQ,22-Sep-2026,42.56,43.15,43.25,41.87,42.03,378882,160.47,2705,181225.0,47.83,2026-09-22
MYMUDRA,SM,22-Sep-2026,61.3,60.2,70.0,60.2,64.65,24000,16.04,20,14400.0,60.0,2026-09-22
MYSORPETRO,BE,22-Sep-2026,129.32,128.99,129.32,126.0,127.13,2457,3.12,37,,,2026-09-22
NACLIND,EQ,22-Sep-2026,143.9,144.6,145.44,137.97,138.62,1558909,2179.27,22775,819262.0,52.55,2026-09-22
NAGREEKCAP,EQ,22-Sep-2026,29.06,30.0,30.0,28.15,28.46,17052,4.92,184,13773.0,80.77,2026-09-22
NAGREEKEXP,EQ,22-Sep-2026,21.65,21.06,22.5,21.06,21.66,18998,4.19,181,17226.0,90.67,2026-09-22
NAHARCAP,EQ,22-Sep-2026,255.75,256.5,256.5,247.9,249.95,1357,3.39,52,1257.0,92.63,2026-09-22
NAHARINDUS,EQ,22-Sep-2026,131.7,131.17,133.9,130.0,131.71,38768,51.09,1220,26696.0,68.86,2026-09-22
NAHARPOLY,EQ,22-Sep-2026,223.41,223.01,238.09,223.01,232.84,6546,15.26,255,4710.0,71.95,2026-09-22
NAHARSPING,EQ,22-Sep-2026,279.9,280.0,281.9,277.0,277.85,18714,52.24,837,13771.0,73.59,2026-09-22
NAM-INDIA,EQ,22-Sep-2026,1146.7,1149.0,1164.9,1139.2,1159.0,699444,8045.95,31626,372264.0,53.22,2026-09-22
NAMAN,SM,22-Sep-2026,40.0,42.0,42.0,42.0,42.0,17600,7.39,21,17600.0,100.0,2026-09-22
NAMOEWASTE,SM,22-Sep-2026,263.8,264.45,316.55,262.2,316.55,240000,732.06,245,172000.0,71.67,2026-09-22
NARMADA,EQ,22-Sep-2026,13.47,13.47,13.75,13.3,13.42,434476,58.37,498,270056.0,62.16,2026-09-22
NATCAPSUQ,BE,22-Sep-2026,167.16,167.0,172.35,163.5,169.0,20174,34.02,139,,,2026-09-22
NATCOPHARM,EQ,22-Sep-2026,816.3,819.3,820.0,806.1,815.05,619357,5039.91,34001,341829.0,55.19,2026-09-22
NATHBIOGEN,EQ,22-Sep-2026,151.8,153.0,153.76,148.0,148.38,99665,147.58,424,97465.0,97.79,2026-09-22
NATIONALUM,EQ,22-Sep-2026,352.5,352.95,353.2,348.1,352.2,2687468,9417.39,43940,1358644.0,50.55,2026-09-22
NATIONSTD,EQ,22-Sep-2026,114.76,116.5,116.85,113.02,114.98,9396,10.79,451,6778.0,72.14,2026-09-22
NAUKRI,EQ,22-Sep-2026,1296.4,1296.0,1316.9,1291.9,1304.0,1322215,17264.21,47771,585545.0,44.29,2026-09-22
NAVA,EQ,22-Sep-2026,554.65,558.9,562.35,550.0,550.9,183108,1013.82,11442,111966.0,61.15,2026-09-22
NAVINFLUOR,EQ,22-Sep-2026,8486.5,8500.0,8650.0,8411.0,8438.0,72911,6207.31,14964,39042.0,53.55,2026-09-22
NAVKARCORP,EQ,22-Sep-2026,88.58,88.58,90.36,88.58,89.38,214447,191.54,2792,113606.0,52.98,2026-09-22
NAVKARURB,EQ,22-Sep-2026,0.87,0.9,0.91,0.88,0.91,284743,2.59,114,249806.0,87.73,2026-09-22
NAVNETEDUL,EQ,22-Sep-2026,126.82,125.55,127.05,121.65,123.12,202463,249.94,3529,140740.0,69.51,2026-09-22
NAZARA,EQ,22-Sep-2026,367.25,369.0,372.45,366.0,370.45,548510,2027.01,9552,290681.0,52.99,2026-09-22
NBCC,EQ,22-Sep-2026,83.15,83.18,83.64,81.5,81.9,4367203,3596.17,24133,1865003.0,42.7,2026-09-22
NBIFIN,EQ,22-Sep-2026,1945.0,1998.9,1998.9,1927.0,1948.0,6323,122.05,82,6180.0,97.74,2026-09-22
NCC,EQ,22-Sep-2026,136.03,136.05,137.62,133.75,134.41,1592824,2153.83,17660,867651.0,54.47,2026-09-22
NCLIND,EQ,22-Sep-2026,175.68,176.5,177.4,175.1,175.51,26986,47.5,1063,19904.0,73.76,2026-09-22
NDGL,EQ,22-Sep-2026,2580.6,2670.0,2698.9,2521.0,2590.0,175,4.56,73,99.0,56.57,2026-09-22
NDL,EQ,22-Sep-2026,2.79,2.79,2.79,2.74,2.76,649914,17.95,904,388436.0,59.77,2026-09-22
NDLVENTURE,EQ,22-Sep-2026,124.64,123.4,126.13,122.5,124.01,3522,4.36,120,2991.0,84.92,2026-09-22
NDRAUTO,EQ,22-Sep-2026,732.2,732.2,767.65,732.2,753.2,39462,297.7,2584,21265.0,53.89,2026-09-22
NDRINVIT,IV,22-Sep-2026,145.0,145.0,145.0,145.0,145.0,25000,36.25,1,25000.0,100.0,2026-09-22
NDTV,EQ,22-Sep-2026,71.57,71.97,73.5,71.0,72.31,42101,30.23,583,29071.0,69.05,2026-09-22
NEAGI,EQ,22-Sep-2026,3470.0,3452.7,3470.0,3452.7,3468.8,15,0.52,4,15.0,100.0,2026-09-22
NECCLTD,BE,22-Sep-2026,19.43,19.62,19.8,19.0,19.66,114401,22.24,253,,,2026-09-22
NECLIFE,EQ,22-Sep-2026,10.93,11.05,11.14,10.75,10.83,130968,14.27,430,94561.0,72.2,2026-09-22
NEELAM,SM,22-Sep-2026,7.35,7.7,7.7,7.35,7.35,12000,0.9,2,12000.0,100.0,2026-09-22
NELCAST,EQ,22-Sep-2026,107.57,109.49,110.0,108.08,108.9,58414,63.76,1226,30302.0,51.87,2026-09-22
NELCO,EQ,22-Sep-2026,986.35,989.0,1030.0,989.0,1011.75,421377,4279.42,16180,179028.0,42.49,2026-09-22
NEOGEN,EQ,22-Sep-2026,2359.8,2371.6,2397.7,2363.7,2379.2,122496,2917.31,12538,45073.0,36.8,2026-09-22
NEPHROCARE,SM,22-Sep-2026,93.25,97.4,97.4,96.0,96.15,18000,17.42,37,12800.0,71.11,2026-09-22
NEPHROPLUS,EQ,22-Sep-2026,751.6,753.0,762.1,739.2,749.45,205974,1545.35,17013,117264.0,56.93,2026-09-22
NEPTUNE,SM,22-Sep-2026,177.95,177.95,179.0,177.0,179.0,3000,5.34,6,2500.0,83.33,2026-09-22
NESCO,EQ,22-Sep-2026,1081.9,1080.0,1085.0,1063.5,1069.0,39039,418.34,4559,27658.0,70.85,2026-09-22
NESTLEIND,EQ,22-Sep-2026,1385.0,1382.2,1392.9,1363.9,1363.9,865008,11870.52,36869,570121.0,65.91,2026-09-22
NETF,EQ,22-Sep-2026,254.72,256.0,256.0,254.01,254.99,421,1.07,90,209.0,49.64,2026-09-22
NETWEB,EQ,22-Sep-2026,4718.0,4768.0,4835.0,4742.0,4817.0,927925,44456.46,69928,207494.0,22.36,2026-09-22
NETWORK18,EQ,22-Sep-2026,26.79,26.8,27.37,26.71,26.91,3752909,1015.44,7918,1787582.0,47.63,2026-09-22
NEUEON,BE,22-Sep-2026,11.85,12.08,12.44,12.08,12.44,6656,0.83,15,,,2026-09-22
NEULANDLAB,EQ,22-Sep-2026,22610.0,22730.0,23040.0,22435.0,22550.0,26441,6015.64,11187,14966.0,56.6,2026-09-22
NEWGEN,EQ,22-Sep-2026,494.1,497.0,500.75,492.3,495.7,352708,1750.36,13909,96784.0,27.44,2026-09-22
NEWJAISA,ST,22-Sep-2026,17.55,18.15,18.2,18.0,18.0,4500,0.82,3,4500.0,100.0,2026-09-22
NEXT30ADD,EQ,22-Sep-2026,42.21,42.24,42.37,41.85,42.1,1600,0.67,53,1054.0,65.88,2026-09-22
NEXT50,EQ,22-Sep-2026,745.51,746.51,748.72,741.06,742.39,22526,167.79,2494,9211.0,40.89,2026-09-22
NEXT50ADD,EQ,22-Sep-2026,72.68,72.87,72.87,72.35,72.57,16335,11.86,31,7858.0,48.11,2026-09-22
NEXT50BETA,EQ,22-Sep-2026,78.02,78.02,78.39,77.03,77.27,936981,727.59,863,894557.0,95.47,2026-09-22
NEXT50ETF,EQ,22-Sep-2026,72.89,72.82,74.5,72.01,72.61,16434,11.95,222,10817.0,65.82,2026-09-22
NEXT50IETF,EQ,22-Sep-2026,76.35,76.35,76.6,75.71,75.87,364547,277.68,4052,214163.0,58.75,2026-09-22
NEXTMEDIA,EQ,22-Sep-2026,3.82,3.88,3.89,3.64,3.74,12492,0.47,102,11151.0,89.27,2026-09-22
NFL,EQ,22-Sep-2026,66.83,66.99,67.29,66.57,66.71,357620,238.94,2692,158373.0,44.29,2026-09-22
NGIL,EQ,22-Sep-2026,38.16,38.2,40.49,38.16,39.04,214313,83.6,335,211336.0,98.61,2026-09-22
NGLFINE,EQ,22-Sep-2026,2731.6,2761.4,2875.0,2695.0,2859.4,16029,450.58,2572,8925.0,55.68,2026-09-22
NH,EQ,22-Sep-2026,1896.9,1896.9,1913.8,1878.0,1883.3,86014,1626.48,11860,41491.0,48.24,2026-09-22
NHIT,IV,22-Sep-2026,171.0,171.0,171.0,170.0,170.0,300000,512.75,5,300000.0,100.0,2026-09-22
NHPC,EQ,22-Sep-2026,75.8,75.89,76.49,75.6,76.01,9874034,7506.6,47370,5404896.0,54.74,2026-09-22
NIACL,EQ,22-Sep-2026,186.56,187.0,191.54,186.56,187.41,2272794,4291.05,23296,451369.0,19.86,2026-09-22
NIBE,EQ,22-Sep-2026,1371.1,1399.0,1405.0,1358.9,1369.9,65055,899.54,5970,35794.0,55.02,2026-09-22
NIBL,EQ,22-Sep-2026,30.62,30.62,34.99,30.62,33.08,105959,35.53,1588,57116.0,53.9,2026-09-22
NICCOPAR,EQ,22-Sep-2026,82.1,82.1,84.9,81.5,81.5,596,0.49,24,517.0,86.74,2026-09-22
NIDAN,SM,22-Sep-2026,13.4,13.65,13.7,13.65,13.7,2000,0.27,2,2000.0,100.0,2026-09-22
NIF100BEES,EQ,22-Sep-2026,260.86,261.32,261.61,258.7,259.98,12858,33.47,664,6446.0,50.13,2026-09-22
NIF100IETF,EQ,22-Sep-2026,27.5,27.39,27.59,26.95,27.25,81203,22.21,1557,42938.0,52.88,2026-09-22
NIF500BETA,EQ,22-Sep-2026,36.76,37.7,37.7,36.23,36.72,6061,2.22,14,6020.0,99.32,2026-09-22
NIFTY1,EQ,22-Sep-2026,260.41,261.87,263.01,258.93,259.86,45764,118.95,1095,21212.0,46.35,2026-09-22
NIFTY100EW,EQ,22-Sep-2026,34.36,34.54,34.84,34.3,34.53,50714,17.46,253,29349.0,57.87,2026-09-22
NIFTYADD,EQ,22-Sep-2026,247.27,247.72,247.77,245.88,246.38,2959,7.3,92,1382.0,46.7,2026-09-22
NIFTYAXIS,EQ,22-Sep-2026,260.51,267.02,267.02,258.53,259.35,5836,15.13,153,3625.0,62.11,2026-09-22
NIFTYBEES,EQ,22-Sep-2026,267.76,267.85,268.89,266.01,266.64,5397108,14409.83,41866,3744207.0,69.37,2026-09-22
NIFTYBETA,EQ,22-Sep-2026,260.56,267.07,267.07,258.3,259.33,16304,42.34,349,13756.0,84.37,2026-09-22
NIFTYBETF,EQ,22-Sep-2026,241.37,242.24,242.35,240.01,240.6,931,2.25,54,847.0,90.98,2026-09-22
NIFTYCASE,EQ,22-Sep-2026,9.41,9.64,9.64,9.25,9.39,694769,65.26,1638,523374.0,75.33,2026-09-22
NIFTYETF,EQ,22-Sep-2026,255.39,255.39,255.85,253.75,254.53,112153,285.56,739,46968.0,41.88,2026-09-22
NIFTYIETF,EQ,22-Sep-2026,266.09,266.6,266.6,262.5,265.42,315625,838.5,11197,223147.0,70.7,2026-09-22
NIFTYJBLK,EQ,22-Sep-2026,11.99,12.28,12.28,11.95,11.99,50272,6.04,611,39595.0,78.76,2026-09-22
NIFTYQLITY,EQ,22-Sep-2026,20.64,20.54,20.88,20.28,20.39,173635,35.61,225,99997.0,57.59,2026-09-22
NIITLTD,EQ,22-Sep-2026,90.56,90.57,91.37,88.82,89.52,132756,119.33,2453,63083.0,47.52,2026-09-22
NIITMTS,EQ,22-Sep-2026,215.26,215.3,219.9,213.37,217.81,111441,241.83,5945,48522.0,43.54,2026-09-22
NIKITA,SM,22-Sep-2026,64.0,65.5,68.95,65.0,65.0,18000,11.89,15,12000.0,66.67,2026-09-22
NILAINFRA,EQ,22-Sep-2026,6.62,6.7,6.74,6.56,6.66,76534,5.1,376,65132.0,85.1,2026-09-22
NILASPACES,EQ,22-Sep-2026,12.12,12.1,12.38,11.97,12.02,1263682,153.04,2133,858783.0,67.96,2026-09-22
NILE,EQ,22-Sep-2026,1458.6,1461.0,1468.9,1441.5,1444.9,1778,25.77,290,1286.0,72.33,2026-09-22
NILKAMAL,EQ,22-Sep-2026,1888.6,1899.0,1915.0,1845.4,1864.8,16543,309.4,3414,9124.0,55.15,2026-09-22
NIMBSPROJ,EQ,22-Sep-2026,186.85,194.8,194.8,180.54,188.54,29424,54.21,603,2050.0,6.97,2026-09-22
NINSYS,EQ,22-Sep-2026,713.9,725.0,725.0,705.25,711.05,6565,46.68,239,6014.0,91.61,2026-09-22
NIPPOBATRY,EQ,22-Sep-2026,318.15,319.05,335.0,319.05,325.55,7961,25.92,350,6997.0,87.89,2026-09-22
NIRAJ,EQ,22-Sep-2026,28.75,29.89,29.89,27.66,28.16,65381,18.46,187,58383.0,89.3,2026-09-22
NIRAJISPAT,BE,22-Sep-2026,275.85,272.0,272.0,262.1,262.1,69,0.18,15,,,2026-09-22
NIRLON,EQ,22-Sep-2026,594.15,591.5,605.0,580.0,601.35,5883,34.93,679,3823.0,64.98,2026-09-22
NIRMAN,SM,22-Sep-2026,26.6,26.6,27.25,26.5,27.0,3600,0.97,12,2700.0,75.0,2026-09-22
NITCO,EQ,22-Sep-2026,89.47,89.9,93.38,89.45,91.89,1072518,982.66,7221,564501.0,52.63,2026-09-22
NITINSPIN,EQ,22-Sep-2026,610.8,613.0,618.0,606.3,608.4,49283,301.47,4061,25918.0,52.59,2026-09-22
NITIRAJ,EQ,22-Sep-2026,227.85,230.95,230.95,224.0,229.33,1681,3.8,46,1192.0,70.91,2026-09-22
NITTAGELA,EQ,22-Sep-2026,1725.8,1770.0,1770.0,1691.3,1700.1,2217,37.92,319,1501.0,67.7,2026-09-22
NIVABUPA,EQ,22-Sep-2026,80.48,80.48,81.5,79.93,80.83,804858,649.65,13985,367222.0,45.63,2026-09-22
NKIND,EQ,22-Sep-2026,57.82,56.66,59.77,56.4,56.55,590,0.34,15,553.0,93.73,2026-09-22
NLCINDIA,EQ,22-Sep-2026,266.65,266.0,269.8,265.4,267.0,1009013,2696.12,20213,595817.0,59.05,2026-09-22
NMDC,EQ,22-Sep-2026,79.8,80.09,80.31,79.34,80.2,8885406,7095.17,37104,4694653.0,52.84,2026-09-22
NMSTEEL,SM,22-Sep-2026,22.5,22.1,22.1,21.6,22.0,8000,1.76,5,6400.0,80.0,2026-09-22
NOCIL,EQ,22-Sep-2026,194.57,196.3,197.79,191.23,193.89,789706,1528.54,8559,298569.0,37.81,2026-09-22
NOIDATOLL,EQ,22-Sep-2026,3.97,4.0,4.04,3.93,4.0,40221,1.6,467,31597.0,78.56,2026-09-22
NORBTEAEXP,EQ,22-Sep-2026,66.2,66.4,68.8,66.0,66.26,1057,0.71,38,1055.0,99.81,2026-09-22
NORTHARC,EQ,22-Sep-2026,319.15,319.0,320.9,314.1,315.9,649137,2055.84,17938,335572.0,51.7,2026-09-22
NOVAAGRI,EQ,22-Sep-2026,23.28,23.25,23.31,23.0,23.08,39425,9.12,267,33809.0,85.76,2026-09-22
NOVARTIND,EQ,22-Sep-2026,2004.1,2037.0,2042.0,1960.0,1973.3,46906,939.98,4594,17162.0,36.59,2026-09-22
NPBET,EQ,22-Sep-2026,283.81,285.3,285.3,283.41,284.26,116,0.33,12,103.0,88.79,2026-09-22
NPST,EQ,22-Sep-2026,1789.6,1792.5,1930.0,1792.5,1888.8,163372,3088.14,18514,50153.0,30.7,2026-09-22
NRAIL,EQ,22-Sep-2026,627.15,638.5,678.3,621.05,652.1,35475,232.17,2776,17120.0,48.26,2026-09-22
NRBBEARING,EQ,22-Sep-2026,528.5,525.8,529.0,518.0,520.5,327766,1713.04,17262,129916.0,39.64,2026-09-22
NRL,BE,22-Sep-2026,150.81,155.0,158.35,152.0,158.35,290325,458.81,673,,,2026-09-22
NRVANDANA,SM,22-Sep-2026,71.25,71.0,71.9,70.0,71.6,84000,59.71,8,18000.0,21.43,2026-09-22
NSIL,EQ,22-Sep-2026,5527.0,5527.0,5564.0,5490.0,5524.0,712,39.27,193,505.0,70.93,2026-09-22
NSLNISP,EQ,22-Sep-2026,42.44,42.8,43.08,42.4,42.51,2214252,944.18,10485,852351.0,38.49,2026-09-22
NTCIND,EQ,22-Sep-2026,130.68,134.45,134.99,131.0,133.81,973,1.3,57,735.0,75.54,2026-09-22
NTPC,EQ,22-Sep-2026,326.4,326.5,329.0,325.55,327.8,6219007,20366.23,66245,3972336.0,63.87,2026-09-22
NTPCGREEN,EQ,22-Sep-2026,91.26,91.8,95.3,91.8,93.31,10827047,10151.57,73067,4069366.0,37.59,2026-09-22
NUCLEUS,EQ,22-Sep-2026,683.95,682.0,689.95,681.05,685.95,8452,57.89,890,5070.0,59.99,2026-09-22
NURECA,BE,22-Sep-2026,338.8,338.8,346.0,334.0,336.0,2693,9.09,123,,,2026-09-22
NUVAMA,EQ,22-Sep-2026,1687.1,1689.4,1710.0,1669.5,1675.7,160021,2696.64,20722,93486.0,58.42,2026-09-22
NUVOCO,EQ,22-Sep-2026,330.55,330.55,340.6,330.55,338.85,292607,989.18,11285,151427.0,51.75,2026-09-22
NV20,EQ,22-Sep-2026,13.57,13.57,13.61,13.43,13.58,50769,6.88,204,28244.0,55.63,2026-09-22
NV20BEES,EQ,22-Sep-2026,136.18,136.18,138.89,135.01,135.7,10399,14.11,197,5752.0,55.31,2026-09-22
NV20IETF,EQ,22-Sep-2026,13.27,13.32,13.34,13.13,13.23,330687,43.68,1584,210835.0,63.76,2026-09-22
NXST,RR,22-Sep-2026,166.18,166.44,167.29,165.9,166.38,518906,864.43,5886,485411.0,93.55,2026-09-22
NXT-INFRA,IV,22-Sep-2026,99.9,99.8,99.8,99.8,99.8,25000,24.95,1,25000.0,100.0,2026-09-22
NYKAA,EQ,22-Sep-2026,336.0,335.0,337.65,330.3,333.55,1885771,6293.75,27324,984646.0,52.21,2026-09-22
OAL,EQ,22-Sep-2026,548.85,554.8,570.0,550.05,556.9,64317,361.19,3449,34028.0,52.91,2026-09-22
OBCL,EQ,22-Sep-2026,58.77,58.77,58.77,58.0,58.16,5112,2.97,45,4728.0,92.49,2026-09-22
OBEROIRLTY,EQ,22-Sep-2026,1821.0,1823.9,1853.0,1802.6,1845.6,470585,8634.71,24987,258129.0,54.85,2026-09-22
OBSCP,SM,22-Sep-2026,894.8,890.0,923.95,885.4,916.75,32000,291.0,80,16400.0,51.25,2026-09-22
OCCLLTD,BE,22-Sep-2026,154.2,155.0,155.4,150.25,151.34,78317,118.5,475,,,2026-09-22
ODIGMA,EQ,22-Sep-2026,20.95,21.05,21.65,20.9,20.92,13535,2.85,886,10860.0,80.24,2026-09-22
ODYCORP,EQ,22-Sep-2026,6.92,6.9,7.29,6.62,7.02,310960,21.76,115,308254.0,99.13,2026-09-22
OFSS,EQ,22-Sep-2026,10911.0,10962.0,11111.0,10835.0,10989.0,232724,25555.9,46237,83376.0,35.83,2026-09-22
OIL,EQ,22-Sep-2026,478.35,476.6,479.15,463.25,467.0,2648023,12400.12,35209,1035430.0,39.1,2026-09-22
OILCOUNTUB,BE,22-Sep-2026,66.85,68.18,68.18,68.18,68.18,69535,47.41,110,,,2026-09-22
OILIETF,EQ,22-Sep-2026,11.19,11.19,11.23,11.0,11.12,880678,98.05,1986,364403.0,41.38,2026-09-22
OLAELEC,EQ,22-Sep-2026,37.0,37.15,38.9,37.14,37.78,73804321,28214.41,163330,16643431.0,22.55,2026-09-22
OLECTRA,EQ,22-Sep-2026,1205.8,1212.0,1256.0,1210.5,1217.2,561988,6934.62,36034,170575.0,30.35,2026-09-22
OLIL,SM,22-Sep-2026,427.55,446.5,446.5,430.0,435.85,10000,43.52,12,6000.0,60.0,2026-09-22
OMAXAUTO,EQ,22-Sep-2026,191.43,191.43,197.22,187.21,190.86,58433,111.97,1157,31980.0,54.73,2026-09-22
OMAXE,EQ,22-Sep-2026,114.0,114.0,119.34,114.0,116.5,773045,904.11,9369,168899.0,21.85,2026-09-22
OMFREIGHT,BE,22-Sep-2026,88.07,88.95,90.87,87.1,90.29,10900,9.7,107,,,2026-09-22
OMFURN,SM,22-Sep-2026,54.05,52.2,56.75,51.35,56.75,27600,14.9,14,18000.0,65.22,2026-09-22
OMINFRAL,EQ,22-Sep-2026,79.11,80.6,80.69,78.42,78.93,33594,26.58,798,19282.0,57.4,2026-09-22
OMNI,EQ,22-Sep-2026,551.35,553.4,571.4,546.05,562.5,1018160,5736.5,33046,404854.0,39.76,2026-09-22
OMPOWER,EQ,22-Sep-2026,170.5,169.37,171.99,167.0,170.34,50245,85.31,1032,30077.0,59.86,2026-09-22
ONDOOR,SM,22-Sep-2026,280.15,283.7,283.7,270.0,271.75,7800,21.55,20,4200.0,53.85,2026-09-22
ONEGLOBAL,EQ,22-Sep-2026,538.8,537.3,552.0,519.95,547.9,10380,56.13,646,7063.0,68.04,2026-09-22
ONELIFECAP,BE,22-Sep-2026,34.94,35.99,35.99,33.59,35.19,24489,8.55,80,,,2026-09-22
ONEPOINT,EQ,22-Sep-2026,60.03,60.3,65.2,60.05,63.2,6891301,4393.73,41159,2179067.0,31.62,2026-09-22
ONESOURCE,EQ,22-Sep-2026,1599.2,1601.3,1618.9,1585.0,1587.9,155059,2479.32,10207,86875.0,56.03,2026-09-22
ONGC,EQ,22-Sep-2026,235.63,235.51,236.37,233.75,236.13,8097173,19048.52,77186,4596833.0,56.77,2026-09-22
ONIDA,EQ,22-Sep-2026,34.31,34.3,35.49,34.0,34.73,628277,218.54,2616,420288.0,66.9,2026-09-22
ONIXSOLAR,EQ,22-Sep-2026,339.55,328.0,338.0,322.6,322.6,249185,812.68,2425,108832.0,43.68,2026-09-22
ONMOBILE,BE,22-Sep-2026,51.25,51.41,53.8,51.4,53.29,80312,42.48,522,,,2026-09-22
ONWARDTEC,EQ,22-Sep-2026,290.05,293.9,297.0,284.95,286.6,26976,77.99,715,18039.0,66.87,2026-09-22
OPTIEMUS,EQ,22-Sep-2026,590.75,590.0,708.9,590.0,708.9,8046819,54131.33,173080,1433612.0,17.82,2026-09-22
OPTIFIN,EQ,22-Sep-2026,13.93,13.99,16.71,13.99,16.7,1436544,237.41,7979,611802.0,42.59,2026-09-22
OPTIMYSTIX,SM,22-Sep-2026,138.1,135.1,138.0,135.0,137.6,4000,5.47,5,3200.0,80.0,2026-09-22
OPTIVALUE,ST,22-Sep-2026,202.75,212.85,212.85,212.85,212.85,14400,30.65,9,14400.0,100.0,2026-09-22
ORBTEXP,BE,22-Sep-2026,229.98,226.85,233.0,226.85,228.32,327,0.75,16,,,2026-09-22
ORCHASP,EQ,22-Sep-2026,1.43,1.43,1.46,1.31,1.37,175541,2.46,558,135483.0,77.18,2026-09-22
ORCHPHARMA,EQ,22-Sep-2026,1081.8,1089.9,1143.5,1075.1,1107.2,493833,5543.83,37564,149310.0,30.23,2026-09-22
ORIANA,SM,22-Sep-2026,271.3,273.7,294.6,270.25,275.9,659625,1866.78,1500,349125.0,52.93,2026-09-22
ORICONENT,EQ,22-Sep-2026,54.84,54.15,56.0,54.15,55.78,27420,15.21,391,17582.0,64.12,2026-09-22
ORIENTALTL,EQ,22-Sep-2026,5.08,5.08,5.1,4.95,4.98,53067,2.65,220,36720.0,69.2,2026-09-22
ORIENTBELL,EQ,22-Sep-2026,392.55,394.9,406.8,391.0,392.8,14460,57.24,848,9475.0,65.53,2026-09-22
ORIENTCEM,EQ,22-Sep-2026,125.07,125.07,125.5,122.57,123.19,361493,447.4,3929,186467.0,51.58,2026-09-22
ORIENTCER,EQ,22-Sep-2026,47.53,48.29,49.43,47.53,48.08,207701,100.9,1856,113060.0,54.43,2026-09-22
ORIENTELEC,EQ,22-Sep-2026,168.01,168.01,168.75,165.8,166.54,82979,138.58,2813,55109.0,66.41,2026-09-22
ORIENTHOT,EQ,22-Sep-2026,144.06,145.19,145.19,142.15,142.88,292194,419.17,3412,116726.0,39.95,2026-09-22
ORIENTLTD,BE,22-Sep-2026,78.79,78.77,82.0,78.77,81.89,5132,4.07,17,,,2026-09-22
ORIENTPPR,EQ,22-Sep-2026,17.15,17.25,17.5,16.93,16.99,114990,19.72,986,74042.0,64.39,2026-09-22
ORIENTTECH,EQ,22-Sep-2026,235.04,235.77,237.39,233.01,235.08,86146,202.32,2605,40123.0,46.58,2026-09-22
ORIRAIL,EQ,22-Sep-2026,116.41,128.75,128.75,122.21,126.96,244531,307.01,4534,98460.0,40.26,2026-09-22
ORISSAMINE,EQ,22-Sep-2026,3820.8,3819.0,3894.6,3819.0,3879.7,5140,198.36,1378,2540.0,49.42,2026-09-22
ORKLAINDIA,EQ,22-Sep-2026,579.05,579.05,585.4,567.4,569.25,49707,286.23,4291,26219.0,52.75,2026-09-22
ORTINGLOBE,EQ,22-Sep-2026,15.36,15.35,15.64,14.6,14.74,52473,7.73,92,40546.0,77.27,2026-09-22
OSELDEVICE,SM,22-Sep-2026,350.75,356.95,368.8,353.55,361.25,15400,55.55,71,11400.0,74.03,2026-09-22
OSIAHYPER,BE,22-Sep-2026,2.25,2.32,2.32,2.2,2.25,135581,3.04,258,,,2026-09-22
OSWALAGRO,EQ,22-Sep-2026,34.76,35.0,35.45,34.61,35.12,9299,3.26,125,7214.0,77.58,2026-09-22
OSWALGREEN,EQ,22-Sep-2026,19.75,19.75,20.15,19.57,20.06,65670,13.04,626,42086.0,64.09,2026-09-22
OSWALPUMPS,EQ,22-Sep-2026,276.2,277.4,282.45,273.0,273.6,292752,809.61,6089,157477.0,53.79,2026-09-22
OSWALSEEDS,EQ,22-Sep-2026,13.58,13.75,14.45,13.58,13.81,56475,7.77,231,40752.0,72.16,2026-09-22
OWAIS,ST,22-Sep-2026,75.7,74.2,77.2,74.2,77.1,13000,9.84,58,11900.0,91.54,2026-09-22
PACEDIGITK,EQ,22-Sep-2026,154.86,165.5,175.37,165.4,167.74,26735640,45671.34,195800,1549267.0,5.79,2026-09-22
PACIFICI,EQ,22-Sep-2026,143.6,144.0,144.0,140.0,140.0,204,0.29,7,202.0,99.02,2026-09-22
PAGEIND,EQ,22-Sep-2026,35950.0,36130.0,37345.0,36075.0,37150.0,38196,14142.83,17374,9901.0,25.92,2026-09-22
PAISALO,EQ,22-Sep-2026,92.85,93.0,94.05,92.51,93.43,19182757,17971.82,40256,6514052.0,33.96,2026-09-22
PAKKA,EQ,22-Sep-2026,78.67,78.67,79.67,76.35,77.02,37438,29.09,805,22604.0,60.38,2026-09-22
PALASHSECU,EQ,22-Sep-2026,86.89,86.5,87.0,86.5,86.7,727,0.63,8,712.0,97.94,2026-09-22
PALREDTEC,EQ,22-Sep-2026,48.25,48.2,48.5,46.62,46.95,316,0.15,17,311.0,98.42,2026-09-22
PANACEABIO,EQ,22-Sep-2026,376.15,381.95,393.95,377.0,382.65,149585,579.02,5715,62638.0,41.87,2026-09-22
PANACHE,BE,22-Sep-2026,520.0,520.1,520.6,509.6,509.6,18891,96.3,59,,,2026-09-22
PANAMAPET,EQ,22-Sep-2026,475.15,475.9,485.5,472.3,481.25,138492,665.3,5296,63642.0,45.95,2026-09-22
PANORAMA,EQ,22-Sep-2026,54.89,56.29,56.5,54.12,55.32,319717,177.45,2944,167305.0,52.33,2026-09-22
PANSARI,EQ,22-Sep-2026,279.6,281.0,281.05,275.2,278.1,461,1.29,26,432.0,93.71,2026-09-22
PAR,BE,22-Sep-2026,132.26,130.0,138.0,128.0,137.82,19588,26.06,276,,,2026-09-22
PARACABLES,EQ,22-Sep-2026,61.03,61.29,62.74,60.9,61.75,1049848,647.93,5770,458126.0,43.64,2026-09-22
PARADEEP,EQ,22-Sep-2026,155.73,155.6,157.79,153.51,154.17,1162417,1811.54,20845,425635.0,36.62,2026-09-22
PARAGMILK,EQ,22-Sep-2026,272.4,278.0,283.0,270.25,279.4,3909827,10843.84,70641,1512355.0,38.68,2026-09-22
PARAGON,SM,22-Sep-2026,53.0,52.55,55.0,52.55,54.5,3600,1.94,3,2400.0,66.67,2026-09-22
PARAMOUNT,SM,22-Sep-2026,40.3,38.35,38.35,38.3,38.3,4800,1.84,4,1200.0,25.0,2026-09-22
PARAS,EQ,22-Sep-2026,1406.5,1413.5,1444.9,1364.4,1375.5,723945,10159.07,38664,210461.0,29.07,2026-09-22
PARASPETRO,EQ,22-Sep-2026,2.14,2.18,2.18,2.07,2.09,77231,1.64,208,54818.0,70.98,2026-09-22
PARIN,SM,22-Sep-2026,699.5,690.05,705.0,690.0,697.7,12000,83.59,33,6000.0,50.0,2026-09-22
PARKHOSPS,EQ,22-Sep-2026,284.7,285.0,288.5,281.0,285.1,364039,1036.45,6594,181330.0,49.81,2026-09-22
PARKHOTELS,EQ,22-Sep-2026,106.19,106.25,109.7,105.2,107.75,231164,246.14,6060,109261.0,47.27,2026-09-22
PARNAXLAB,EQ,22-Sep-2026,118.42,118.42,139.8,118.42,129.22,6455,8.24,131,6000.0,92.95,2026-09-22
PARSVNATH,BE,22-Sep-2026,1.87,1.9,1.9,1.9,1.9,11386,0.22,78,,,2026-09-22
PARTH,SM,22-Sep-2026,515.0,524.95,555.0,524.95,542.0,20000,107.4,36,13600.0,68.0,2026-09-22
PARTYCRUS,SM,22-Sep-2026,97.75,99.05,103.0,97.1,97.1,15000,14.88,14,12000.0,80.0,2026-09-22
PASHUPATI,EQ,22-Sep-2026,80.19,80.8,81.19,79.55,80.2,127639,102.52,1374,60401.0,47.32,2026-09-22
PASUPTAC,EQ,22-Sep-2026,71.17,72.5,78.0,71.75,76.37,967519,726.71,8657,496172.0,51.28,2026-09-22
PATANJALI,EQ,22-Sep-2026,396.2,394.0,412.8,394.0,404.0,15560500,63070.36,128257,2090639.0,13.44,2026-09-22
PATELENG,EQ,22-Sep-2026,25.75,25.85,27.87,25.85,26.85,8482601,2304.89,22892,3251910.0,38.34,2026-09-22
PATELRMART,EQ,22-Sep-2026,203.41,204.6,207.69,203.41,205.36,38760,79.6,998,24204.0,62.45,2026-09-22
PATILAUTOM,SM,22-Sep-2026,330.1,331.15,364.35,329.0,359.8,217800,767.93,322,147000.0,67.49,2026-09-22
PATINTLOG,EQ,22-Sep-2026,14.64,14.66,15.19,14.1,14.19,80249,11.56,535,55166.0,68.74,2026-09-22
PAUSHAKLTD,EQ,22-Sep-2026,705.25,713.05,723.65,696.0,700.95,28680,203.09,1775,20289.0,70.74,2026-09-22
PAVNAIND,EQ,22-Sep-2026,15.7,16.09,16.56,15.3,15.46,192402,30.42,677,112853.0,58.65,2026-09-22
PAYTM,EQ,22-Sep-2026,1810.0,1808.7,1828.1,1802.6,1814.4,1208769,21931.91,39223,408065.0,33.76,2026-09-22
PBMPOLY,EQ,22-Sep-2026,65.0,65.0,68.0,65.0,65.01,1938,1.26,27,1936.0,99.9,2026-09-22
PCBL,EQ,22-Sep-2026,344.35,346.2,354.15,345.7,347.75,1739256,6078.99,37965,647513.0,37.23,2026-09-22
PCCL,SM,22-Sep-2026,451.8,451.8,452.0,420.5,450.9,22000,98.01,40,12800.0,58.18,2026-09-22
PCJEWELLER,EQ,22-Sep-2026,12.79,12.79,13.72,12.71,13.58,638501220,85042.82,288152,136497845.0,21.38,2026-09-22
PDMJEPAPER,EQ,22-Sep-2026,98.18,99.42,101.42,97.0,97.36,118631,116.92,2134,50093.0,42.23,2026-09-22
PDSL,EQ,22-Sep-2026,353.85,353.85,367.9,352.65,361.45,106649,386.24,5969,62935.0,59.01,2026-09-22
PEARLPOLY,EQ,22-Sep-2026,17.94,18.82,18.83,18.15,18.83,26641,5.01,70,24027.0,90.19,2026-09-22
PELATRO,SM,22-Sep-2026,382.4,388.0,395.0,380.0,394.2,17700,68.86,50,13800.0,77.97,2026-09-22
PENIND,EQ,22-Sep-2026,171.07,172.9,176.7,171.72,174.14,375240,655.14,6032,180711.0,48.16,2026-09-22
PENINLAND,EQ,22-Sep-2026,16.19,16.35,17.7,15.8,17.03,657910,112.12,1774,338956.0,51.52,2026-09-22
PENTAGON,ST,22-Sep-2026,95.9,100.0,100.5,91.2,91.2,13000,12.96,11,13000.0,100.0,2026-09-22
PERMAGN,EQ,22-Sep-2026,836.65,850.0,850.0,827.7,837.85,3008,25.16,257,2433.0,80.88,2026-09-22
PERNIASPOP,EQ,22-Sep-2026,533.35,533.7,549.75,533.5,545.75,92753,503.5,4491,40803.0,43.99,2026-09-22
PERSISTENT,EQ,22-Sep-2026,5449.0,5454.5,5463.0,5359.0,5366.0,350423,18865.25,31298,148284.0,42.32,2026-09-22
PETRONET,EQ,22-Sep-2026,287.5,287.6,288.25,280.3,281.75,1996961,5639.11,40714,1277259.0,63.96,2026-09-22
PFC,EQ,22-Sep-2026,344.75,345.2,346.5,343.1,345.8,7604431,26217.96,49517,4733419.0,62.25,2026-09-22
PFIZER,EQ,22-Sep-2026,4035.7,4050.0,4050.0,3990.5,3998.9,10508,421.88,2532,5881.0,55.97,2026-09-22
PFOCUS,EQ,22-Sep-2026,352.65,352.6,362.0,346.1,357.45,4255646,15036.57,44658,533491.0,12.54,2026-09-22
PFS,EQ,22-Sep-2026,26.73,27.03,27.09,26.31,26.43,261099,69.64,1714,190444.0,72.94,2026-09-22
PGEL,EQ,22-Sep-2026,536.55,540.0,541.45,519.0,520.2,855489,4499.26,19393,345410.0,40.38,2026-09-22
PGHH,EQ,22-Sep-2026,7426.0,7426.0,7454.0,7200.0,7282.0,52867,3848.14,13524,29131.0,55.1,2026-09-22
PGHL,EQ,22-Sep-2026,5503.5,5480.0,5544.5,5406.0,5459.0,5659,309.05,1831,1812.0,32.02,2026-09-22
PGIL,EQ,22-Sep-2026,1138.4,1139.6,1228.0,1139.5,1194.9,230499,2761.02,23755,64377.0,27.93,2026-09-22
PGINVIT,IV,22-Sep-2026,101.0,101.29,101.38,100.91,101.01,842331,851.03,4893,723682.0,85.91,2026-09-22
PHANTOMFX,SM,22-Sep-2026,92.4,92.1,94.0,91.0,92.95,10200,9.39,23,8100.0,79.41,2026-09-22
PHARMABEES,EQ,22-Sep-2026,27.76,28.4,28.4,27.15,27.68,2961932,821.23,8081,2248591.0,75.92,2026-09-22
PHOENIXLTD,EQ,22-Sep-2026,1929.0,1948.9,1958.0,1930.3,1953.4,421114,8191.29,22875,255797.0,60.74,2026-09-22
PHOENXINTL,EQ,22-Sep-2026,27.95,28.9,28.9,27.8,28.35,810,0.23,18,710.0,87.65,2026-09-22
PICCADIL,EQ,22-Sep-2026,591.2,594.7,624.35,591.3,614.8,255580,1566.52,16465,103837.0,40.63,2026-09-22
PIDILITIND,EQ,22-Sep-2026,1573.2,1576.3,1587.0,1562.7,1572.7,482511,7592.09,19585,291001.0,60.31,2026-09-22
PIGL,EQ,22-Sep-2026,101.05,101.9,102.0,99.9,101.06,19598,19.75,322,13714.0,69.98,2026-09-22
PIIND,EQ,22-Sep-2026,2321.8,2364.9,2428.7,2350.0,2410.0,837735,20087.97,58880,144799.0,17.28,2026-09-22
PILANIINVS,EQ,22-Sep-2026,4027.1,4060.0,4072.8,4006.0,4008.3,1454,58.47,250,1153.0,79.3,2026-09-22
PILITA,EQ,22-Sep-2026,7.3,7.3,7.52,7.3,7.38,19689,1.46,246,12977.0,65.91,2026-09-22
PINELABS,EQ,22-Sep-2026,193.7,195.25,204.95,191.63,197.58,82008849,162841.09,424255,13640795.0,16.63,2026-09-22
PIONEEREMB,EQ,22-Sep-2026,22.32,22.5,22.5,22.0,22.28,8614,1.92,103,5965.0,69.25,2026-09-22
PIONRINV,BE,22-Sep-2026,78.05,78.1,80.0,78.0,78.51,605,0.47,8,,,2026-09-22
PIRAMALFIN,EQ,22-Sep-2026,2220.4,2220.4,2231.9,2176.3,2206.7,265963,5876.94,26515,155145.0,58.33,2026-09-22
PITTIENG,EQ,22-Sep-2026,1134.4,1140.0,1142.4,1113.4,1121.9,41005,461.07,4249,22324.0,54.44,2026-09-22
PIXTRANS,EQ,22-Sep-2026,1730.7,1730.7,1754.1,1724.1,1733.0,8411,146.16,1289,5351.0,63.62,2026-09-22
PKTEA,BE,22-Sep-2026,950.4,997.9,997.9,997.9,997.9,1408,14.05,69,,,2026-09-22
PLASTIBLEN,EQ,22-Sep-2026,185.67,186.79,189.5,185.0,185.94,7913,14.81,364,5517.0,69.72,2026-09-22
PLATIND,EQ,22-Sep-2026,211.08,212.75,217.49,210.25,216.07,67727,145.23,1485,49412.0,72.96,2026-09-22
PLAZACABLE,EQ,22-Sep-2026,61.7,61.7,63.54,60.45,62.27,92063,57.25,1355,53709.0,58.34,2026-09-22
PML,EQ,22-Sep-2026,490.85,474.05,498.85,474.05,498.85,425,2.05,22,424.0,99.76,2026-09-22
PNB,EQ,22-Sep-2026,118.0,118.45,118.74,116.7,117.0,8967547,10531.06,27839,4139221.0,46.16,2026-09-22
PNBGILTS,EQ,22-Sep-2026,76.88,76.61,80.0,76.02,76.23,402524,311.51,4441,110181.0,27.37,2026-09-22
PNBHOUSING,EQ,22-Sep-2026,1141.1,1139.8,1147.7,1121.0,1125.6,217294,2457.31,16292,99092.0,45.6,2026-09-22
PNC,EQ,22-Sep-2026,16.66,16.5,16.8,16.15,16.42,4378,0.72,109,3459.0,79.01,2026-09-22
PNCINFRA,EQ,22-Sep-2026,140.47,140.47,143.9,138.34,139.62,1611269,2262.32,21182,851372.0,52.84,2026-09-22
PNGJL,EQ,22-Sep-2026,601.55,601.05,606.4,596.7,598.4,131220,788.7,7530,63369.0,48.29,2026-09-22
PNGSREVA,EQ,22-Sep-2026,511.05,511.9,529.0,508.0,511.7,167836,873.2,8135,63523.0,37.85,2026-09-22
POCL,EQ,22-Sep-2026,472.85,476.0,482.5,470.05,472.95,349421,1667.27,13803,128040.0,36.64,2026-09-22
PODDARMENT,EQ,22-Sep-2026,289.15,290.0,290.0,282.0,288.7,2054,5.87,57,1749.0,85.15,2026-09-22
POEL,EQ,22-Sep-2026,137.31,137.35,141.0,137.35,138.05,20838,28.84,614,14322.0,68.73,2026-09-22
POKARNA,EQ,22-Sep-2026,732.9,739.7,747.45,730.0,732.55,47211,349.16,3423,20960.0,44.4,2026-09-22
POLICYBZR,EQ,22-Sep-2026,1793.0,1794.4,1806.4,1773.7,1805.0,793833,14216.49,43680,478058.0,60.22,2026-09-22
POLYCAB,EQ,22-Sep-2026,8369.5,8400.0,8442.0,8345.0,8350.0,231281,19410.36,39430,129308.0,55.91,2026-09-22
POLYMED,EQ,22-Sep-2026,1706.2,1715.4,1728.0,1695.5,1699.0,59651,1017.11,7927,29789.0,49.94,2026-09-22
POLYPLEX,EQ,22-Sep-2026,1107.7,1108.0,1118.9,1082.4,1091.6,33912,371.13,2487,20546.0,60.59,2026-09-22
POLYSIL,SM,22-Sep-2026,62.85,59.75,59.75,59.75,59.75,17000,10.16,15,17000.0,100.0,2026-09-22
POLYSPIN,EQ,22-Sep-2026,30.0,30.6,30.6,28.0,28.51,2465,0.72,51,1558.0,63.2,2026-09-22
PONNIERODE,EQ,22-Sep-2026,354.1,359.4,369.45,359.0,362.8,14405,52.37,1011,8151.0,56.58,2026-09-22
POONAWALLA,EQ,22-Sep-2026,471.0,468.2,478.45,468.2,471.9,787982,3725.77,25407,491425.0,62.37,2026-09-22
POSITRON,SM,22-Sep-2026,211.45,213.55,230.6,213.55,223.45,24900,56.54,73,21000.0,84.34,2026-09-22
POWERGRID,EQ,22-Sep-2026,266.1,267.0,268.3,265.95,265.95,7314792,19536.27,56787,4737489.0,64.77,2026-09-22
POWERICA,EQ,22-Sep-2026,568.1,579.95,579.95,549.8,559.3,113348,640.96,5696,42914.0,37.86,2026-09-22
POWERINDIA,EQ,22-Sep-2026,31870.0,32170.0,32550.0,31195.0,31415.0,89147,28415.13,29383,36361.0,40.79,2026-09-22
POWERMECH,EQ,22-Sep-2026,2444.2,2455.0,2491.3,2410.0,2443.1,32584,800.28,6153,12080.0,37.07,2026-09-22
PPAP,BE,22-Sep-2026,235.55,237.0,237.0,232.15,232.6,5366,12.59,96,,,2026-09-22
PPL,BE,22-Sep-2026,270.35,267.0,281.0,267.0,273.4,23688,65.29,282,,,2026-09-22
PPLPHARMA,EQ,22-Sep-2026,214.66,215.5,215.97,209.5,210.12,2470090,5241.98,32381,1106174.0,44.78,2026-09-22
PPSL,SM,22-Sep-2026,3.0,2.95,2.95,2.9,2.9,9000,0.26,3,9000.0,100.0,2026-09-22
PRABHA,EQ,22-Sep-2026,230.12,230.23,241.73,230.23,235.72,249425,590.51,3511,134189.0,53.8,2026-09-22
PRADPME,BE,22-Sep-2026,475.1,487.0,498.85,480.0,498.85,31261,155.28,174,,,2026-09-22
PRAENG,EQ,22-Sep-2026,22.26,22.49,22.8,21.35,21.56,25926,5.66,272,18500.0,71.36,2026-09-22
PRAJIND,EQ,22-Sep-2026,312.15,312.5,323.2,312.5,317.55,502874,1606.27,13128,205435.0,40.85,2026-09-22
PRAKASH,EQ,22-Sep-2026,120.09,121.0,125.73,118.3,119.12,564037,684.53,7132,205433.0,36.42,2026-09-22
PRAKASHSTL,EQ,22-Sep-2026,3.69,3.81,3.82,3.66,3.72,65227,2.44,345,51080.0,78.31,2026-09-22
PRAMARA,SM,22-Sep-2026,84.5,84.55,88.7,84.0,88.7,95500,81.97,63,45000.0,47.12,2026-09-22
PRAMODINI,SM,22-Sep-2026,114.85,116.95,117.1,114.25,115.1,67200,77.57,52,49200.0,73.21,2026-09-22
PRANAV,EQ,22-Sep-2026,105.25,105.98,106.07,101.89,102.87,2894567,3006.75,34872,977619.0,33.77,2026-09-22
PRANIK,SM,22-Sep-2026,42.15,42.15,42.15,42.15,42.15,8000,3.37,4,8000.0,100.0,2026-09-22
PRASOLCHEM,EQ,22-Sep-2026,681.4,685.05,710.4,676.0,704.75,413042,2873.59,24189,186660.0,45.19,2026-09-22
PRATHAM,SM,22-Sep-2026,120.05,120.0,123.0,120.0,120.15,3200,3.85,6,3200.0,100.0,2026-09-22
PRAVEG,EQ,22-Sep-2026,252.3,253.9,263.95,252.05,255.85,26918,69.01,1284,15654.0,58.15,2026-09-22
PRAXIS,EQ,22-Sep-2026,4.22,4.32,4.35,4.2,4.35,39242,1.69,122,33527.0,85.44,2026-09-22
PRECAM,EQ,22-Sep-2026,117.42,117.42,120.9,116.81,118.87,110105,130.83,3001,48863.0,44.38,2026-09-22
PRECISION,ST,22-Sep-2026,6.3,6.0,6.55,6.0,6.55,8000,0.51,4,8000.0,100.0,2026-09-22
PRECOT,EQ,22-Sep-2026,689.85,709.0,709.0,668.85,674.6,2741,18.7,213,1352.0,49.33,2026-09-22
PRECWIRE,EQ,22-Sep-2026,473.7,471.0,499.65,471.0,491.1,960152,4725.14,39568,287947.0,29.99,2026-09-22
PREMCO,EQ,22-Sep-2026,397.0,400.0,403.85,390.5,402.0,354,1.42,42,331.0,93.5,2026-09-22
PREMEXPLN,EQ,22-Sep-2026,675.15,677.9,677.9,671.0,674.25,109557,739.02,1675,86124.0,78.61,2026-09-22
PREMIER,BE,22-Sep-2026,2.78,2.84,2.88,2.65,2.83,35580,0.98,141,,,2026-09-22
PREMIERENE,EQ,22-Sep-2026,919.9,914.6,920.0,896.2,907.2,1202025,10874.84,20190,676386.0,56.27,2026-09-22
PREMIERPOL,EQ,22-Sep-2026,79.3,79.96,82.0,79.18,81.02,94173,75.9,2703,46516.0,49.39,2026-09-22
PREMIUM,SM,22-Sep-2026,40.5,41.0,43.8,40.0,42.0,126000,52.35,39,87000.0,69.05,2026-09-22
PRESSTONIC,SM,22-Sep-2026,35.9,39.5,41.85,37.0,41.05,303200,120.64,277,158400.0,52.24,2026-09-22
PRESTIGE,EQ,22-Sep-2026,1474.0,1483.0,1495.1,1454.0,1479.6,512562,7548.36,13686,364298.0,71.07,2026-09-22
PRICOLLTD,EQ,22-Sep-2026,756.5,756.5,776.0,752.4,768.1,210797,1619.2,15590,88538.0,42.0,2026-09-22
PRIMECAB,ST,22-Sep-2026,171.6,171.55,171.55,166.0,166.2,20800,35.1,13,20800.0,100.0,2026-09-22
PRIMESECU,EQ,22-Sep-2026,298.7,300.0,300.0,287.3,290.2,8958,26.19,576,5407.0,60.36,2026-09-22
PRIMO,EQ,22-Sep-2026,22.31,22.31,23.3,21.26,22.69,174515,39.44,993,97998.0,56.15,2026-09-22
PRINCEPIPE,EQ,22-Sep-2026,266.1,266.3,269.25,264.1,265.25,99974,266.53,3506,52812.0,52.83,2026-09-22
PRIORITY,EQ,22-Sep-2026,231.88,232.0,236.0,221.41,223.5,124239,283.17,1840,71361.0,57.44,2026-09-22
PRISMX,EQ,22-Sep-2026,0.55,0.56,0.56,0.54,0.55,88701,0.49,74,68774.0,77.53,2026-09-22
PRITI,EQ,22-Sep-2026,32.93,33.59,33.88,32.0,32.9,6371,2.08,182,5955.0,93.47,2026-09-22
PRITIKA,SM,22-Sep-2026,65.0,65.0,65.0,63.0,63.0,4000,2.56,2,4000.0,100.0,2026-09-22
PRITIKAUTO,BE,22-Sep-2026,15.27,15.49,15.65,15.06,15.6,89488,13.79,243,,,2026-09-22
PRIVISCL,EQ,22-Sep-2026,3525.6,3535.3,3571.2,3493.3,3515.2,41202,1453.92,9773,21536.0,52.27,2026-09-22
PRIZOR,ST,22-Sep-2026,1084.8,1064.15,1106.45,1064.15,1106.45,29200,315.47,53,29200.0,100.0,2026-09-22
PRLIND,SM,22-Sep-2026,45.05,44.6,47.9,43.35,46.0,34000,15.86,24,27000.0,79.41,2026-09-22
PROFX,SM,22-Sep-2026,70.95,70.0,70.5,70.0,70.5,8000,5.62,5,8000.0,100.0,2026-09-22
PROPSHOP,SM,22-Sep-2026,72.05,71.75,71.75,70.1,70.25,16000,11.32,8,14000.0,87.5,2026-09-22
PROSTARM,EQ,22-Sep-2026,128.4,128.03,130.0,127.09,127.84,66825,85.61,1473,34327.0,51.37,2026-09-22
PROTEAN,EQ,22-Sep-2026,588.35,575.0,656.9,568.35,620.65,14817622,92863.33,347824,1718533.0,11.6,2026-09-22
PROV,SM,22-Sep-2026,1852.0,1900.0,1900.0,1852.1,1887.7,240,4.51,3,160.0,66.67,2026-09-22
PROZONER,EQ,22-Sep-2026,52.9,53.39,53.39,51.5,52.23,432191,225.57,1870,373197.0,86.35,2026-09-22
PRSMJOHNSN,EQ,22-Sep-2026,116.44,117.65,117.65,115.5,116.08,173322,201.09,3223,98374.0,56.76,2026-09-22
PRUDENT,EQ,22-Sep-2026,3426.8,3426.8,3468.8,3393.0,3403.7,9530,325.95,4410,4563.0,47.88,2026-09-22
PRUDMOULI,EQ,22-Sep-2026,14.19,14.0,14.69,13.61,13.71,25129,3.48,130,22069.0,87.82,2026-09-22
PSB,EQ,22-Sep-2026,21.95,21.95,22.06,21.81,21.93,468789,102.79,2168,235916.0,50.32,2026-09-22
PSFL,SM,22-Sep-2026,31.1,32.0,32.35,32.0,32.35,8000,2.57,4,8000.0,100.0,2026-09-22
PSPPROJECT,EQ,22-Sep-2026,820.15,828.95,855.6,821.25,828.7,54861,460.91,3303,26721.0,48.71,2026-09-22
PSRAJ,SM,22-Sep-2026,103.35,101.0,103.9,101.0,103.9,70000,71.22,10,70000.0,100.0,2026-09-22
PSUBANK,EQ,22-Sep-2026,83.07,83.09,83.69,82.51,82.66,29570,24.54,320,15166.0,51.29,2026-09-22
PSUBANKADD,EQ,22-Sep-2026,83.97,84.46,84.46,83.16,83.2,14924,12.46,209,7606.0,50.96,2026-09-22
PSUBNKBEES,EQ,22-Sep-2026,92.76,93.9,93.9,92.0,92.15,686677,634.51,4915,357523.0,52.07,2026-09-22
PSUBNKIETF,EQ,22-Sep-2026,84.2,84.5,84.69,83.55,83.66,30018,25.19,576,17309.0,57.66,2026-09-22
PTC,EQ,22-Sep-2026,156.28,156.78,157.95,155.08,155.63,1053065,1646.61,9629,672025.0,63.82,2026-09-22
PTCIL,EQ,22-Sep-2026,22300.0,22320.0,22455.0,22005.0,22130.0,15358,3408.43,5136,5411.0,35.23,2026-09-22
PTL,EQ,22-Sep-2026,38.3,38.44,38.59,38.05,38.35,16578,6.35,475,11274.0,68.01,2026-09-22
PULZ,SM,22-Sep-2026,21.75,21.3,21.5,20.75,21.5,50000,10.54,13,48000.0,96.0,2026-09-22
PUNJABCHEM,EQ,22-Sep-2026,1064.8,1072.0,1085.9,1052.5,1066.2,6041,64.5,680,3065.0,50.74,2026-09-22
PURPLEUTED,ST,22-Sep-2026,440.75,440.0,462.75,436.6,462.75,24500,112.24,55,24500.0,100.0,2026-09-22
PURVA,EQ,22-Sep-2026,214.94,214.94,223.7,214.0,216.69,395080,863.94,7753,74424.0,18.84,2026-09-22
PURVFLEXI,SM,22-Sep-2026,46.6,48.0,48.0,48.0,48.0,800,0.38,1,800.0,100.0,2026-09-22
PUSHPA,SM,22-Sep-2026,104.6,100.6,106.0,100.6,106.0,64000,66.84,59,13000.0,20.31,2026-09-22
PVP,EQ,22-Sep-2026,62.24,65.35,65.35,63.7,65.35,789426,513.26,1887,360385.0,45.65,2026-09-22
PVRINOX,EQ,22-Sep-2026,1349.3,1350.0,1352.8,1306.0,1334.8,388638,5151.71,30852,198949.0,51.19,2026-09-22
PVSL,EQ,22-Sep-2026,99.38,99.75,100.99,99.0,99.92,11215,11.19,519,7104.0,63.34,2026-09-22
PVTBANIETF,EQ,22-Sep-2026,27.68,28.37,28.37,27.58,27.7,755688,209.36,1639,474902.0,62.84,2026-09-22
PVTBANK,EQ,22-Sep-2026,27.54,28.0,28.0,27.29,27.3,3207,0.88,23,2625.0,81.85,2026-09-22
PVTBANKADD,EQ,22-Sep-2026,27.9,27.9,27.98,27.74,27.91,54566,15.21,111,34884.0,63.93,2026-09-22
PVTBKGROWW,EQ,22-Sep-2026,27.6,27.95,27.95,27.3,27.39,14442,3.98,79,10203.0,70.65,2026-09-22
PWL,EQ,22-Sep-2026,134.76,135.01,136.84,132.5,136.35,6126383,8271.81,42712,2303162.0,37.59,2026-09-22
PYRAMID,EQ,22-Sep-2026,157.67,157.67,159.05,155.43,157.79,16861,26.53,500,10481.0,62.16,2026-09-22
QGOLDHALF,EQ,22-Sep-2026,125.82,125.82,125.9,124.6,125.2,142236,178.2,944,65687.0,46.18,2026-09-22
QLINE,SM,22-Sep-2026,698.2,707.0,710.0,682.0,683.25,36000,250.61,80,24800.0,68.89,2026-09-22
QMSMEDI,BE,22-Sep-2026,186.22,190.0,195.52,183.21,192.8,72067,137.03,681,,,2026-09-22
QNIFTY,EQ,22-Sep-2026,258.5,257.62,261.9,257.0,257.6,5541,14.28,142,3994.0,72.08,2026-09-22
QPOWER,EQ,22-Sep-2026,1486.4,1500.0,1539.1,1487.5,1491.6,215820,3260.99,14869,115242.0,53.4,2026-09-22
QUADFUTURE,EQ,22-Sep-2026,536.0,538.0,551.45,516.9,522.4,701484,3741.62,22289,217721.0,31.04,2026-09-22
QUADPRO,ST,22-Sep-2026,3.4,3.55,3.55,3.55,3.55,12000,0.43,1,12000.0,100.0,2026-09-22
QUAL30IETF,EQ,22-Sep-2026,20.51,20.42,20.43,20.28,20.37,41414,8.42,280,32523.0,78.53,2026-09-22
QUALIANCE,ST,22-Sep-2026,182.75,173.65,185.0,173.65,173.85,605000,1056.23,239,585000.0,96.69,2026-09-22
QUALITY30,EQ,22-Sep-2026,20.14,20.14,20.14,19.96,19.96,4581,0.92,109,3571.0,77.95,2026-09-22
QUESS,EQ,22-Sep-2026,363.1,359.65,372.25,357.8,360.45,403546,1470.99,20418,161899.0,40.12,2026-09-22
QUESTLAB,SM,22-Sep-2026,74.1,74.0,76.5,74.0,75.0,9600,7.23,7,7200.0,75.0,2026-09-22
QUICKHEAL,EQ,22-Sep-2026,151.79,151.84,156.0,151.4,152.32,114004,174.78,2377,53559.0,46.98,2026-09-22
QUICKTOUCH,SM,22-Sep-2026,17.85,17.85,17.85,17.0,17.0,3500,0.6,7,2500.0,71.43,2026-09-22
QUINT,BE,22-Sep-2026,76.73,76.73,80.56,74.1,80.56,193585,153.72,377,,,2026-09-22
QVCEL,SM,22-Sep-2026,22.15,23.25,23.25,23.25,23.25,4800,1.12,3,3200.0,66.67,2026-09-22
RACE,EQ,22-Sep-2026,99.99,102.0,119.98,99.94,119.98,682329,732.42,1482,531285.0,77.86,2026-09-22
RACLGEAR,EQ,22-Sep-2026,1716.7,1717.0,1813.0,1713.1,1758.0,64952,1147.55,9053,22154.0,34.11,2026-09-22
RADAAN,EQ,22-Sep-2026,2.82,2.88,2.88,2.81,2.87,14744,0.42,56,13115.0,88.95,2026-09-22
RADHIKAJWE,BE,22-Sep-2026,74.1,71.55,74.85,71.0,72.15,293333,212.5,1797,,,2026-09-22
RADIANTCMS,EQ,22-Sep-2026,35.24,35.39,35.99,35.13,35.24,263083,93.02,1585,142911.0,54.32,2026-09-22
RADICO,EQ,22-Sep-2026,4480.0,4493.0,4512.3,4436.0,4448.8,160829,7177.14,18127,92250.0,57.36,2026-09-22
RADIOCITY,EQ,22-Sep-2026,6.02,6.1,6.14,5.98,6.09,59997,3.61,238,56960.0,94.94,2026-09-22
RAILTEL,EQ,22-Sep-2026,260.25,260.2,266.15,258.3,263.9,469926,1237.8,11880,115140.0,24.5,2026-09-22
RAIN,EQ,22-Sep-2026,212.18,212.98,221.0,212.6,219.54,4482583,9772.85,34460,2149187.0,47.95,2026-09-22
RAINBOW,EQ,22-Sep-2026,1439.6,1442.0,1454.6,1411.2,1430.9,95288,1363.35,9794,64216.0,67.39,2026-09-22
RAJESHEXPO,BZ,22-Sep-2026,70.62,70.99,71.98,68.5,68.74,743032,519.38,2823,,,2026-09-22
RAJINDLTD,SM,22-Sep-2026,62.95,64.4,65.4,64.0,64.3,10500,6.77,7,9000.0,85.71,2026-09-22
RAJMET,EQ,22-Sep-2026,3.12,3.16,3.19,3.12,3.14,283086,8.9,789,187666.0,66.29,2026-09-22
RAJOOENG,BE,22-Sep-2026,55.23,54.63,55.5,53.57,54.31,133368,72.76,560,,,2026-09-22
RAJPALAYAM,EQ,22-Sep-2026,768.55,772.35,778.5,757.0,758.5,367,2.81,35,349.0,95.1,2026-09-22
RAJPUTANA,SM,22-Sep-2026,199.5,196.5,196.5,191.2,194.55,3000,5.86,5,3000.0,100.0,2026-09-22
RAJRATAN,EQ,22-Sep-2026,452.75,452.0,461.0,445.0,450.2,86400,391.09,4658,47636.0,55.13,2026-09-22
RAJRILTD,BE,22-Sep-2026,20.49,20.79,20.79,20.09,20.15,14148,2.85,87,,,2026-09-22
RAJSREESUG,EQ,22-Sep-2026,32.32,32.48,32.9,31.4,32.16,24067,7.75,431,13186.0,54.79,2026-09-22
RAJTV,EQ,22-Sep-2026,8.87,9.09,9.31,8.84,9.31,128187,11.87,252,96146.0,75.0,2026-09-22
RALLIS,EQ,22-Sep-2026,202.15,202.0,203.44,199.23,201.95,559902,1125.96,16124,263042.0,46.98,2026-09-22
RAMANEWS,EQ,22-Sep-2026,32.14,32.39,32.54,31.51,32.11,17709,5.69,180,15880.0,89.67,2026-09-22
RAMAPHO,EQ,22-Sep-2026,120.98,121.21,123.5,120.05,120.16,12642,15.42,367,8469.0,66.99,2026-09-22
RAMASTEEL,BE,22-Sep-2026,4.38,4.51,4.58,4.26,4.54,6376739,284.66,4178,,,2026-09-22
RAMBHAJO,EQ,22-Sep-2026,304.03,306.0,306.0,282.1,284.1,754506,2202.69,12919,337714.0,44.76,2026-09-22
RAMCOCEM,EQ,22-Sep-2026,885.1,880.0,889.9,872.5,883.5,292303,2564.07,7188,215885.0,73.86,2026-09-22
RAMCOIND,EQ,22-Sep-2026,326.15,323.8,328.65,319.5,320.85,46173,149.1,2337,25277.0,54.74,2026-09-22
RAMCOSYS,EQ,22-Sep-2026,564.2,564.0,592.4,564.0,592.4,92608,545.71,1960,58976.0,63.68,2026-09-22
RAMKY,EQ,22-Sep-2026,317.0,320.05,323.95,314.3,316.55,33762,107.28,1222,20289.0,60.09,2026-09-22
RAMRAT,EQ,22-Sep-2026,550.1,550.1,571.8,545.85,562.75,812222,4560.32,15117,655168.0,80.66,2026-09-22
RANASUG,EQ,22-Sep-2026,14.18,14.11,14.39,14.04,14.11,237048,33.65,810,90903.0,38.35,2026-09-22
RANEHOLDIN,EQ,22-Sep-2026,1570.8,1584.3,1600.0,1571.5,1585.6,5656,89.7,744,3491.0,61.72,2026-09-22
RAPIDFLEET,SM,22-Sep-2026,199.6,209.5,211.0,209.5,211.0,9000,18.92,14,3000.0,33.33,2026-09-22
RAPPID,SM,22-Sep-2026,351.3,346.1,365.0,346.05,346.1,5400,19.06,9,3600.0,66.67,2026-09-22
RATEGAIN,EQ,22-Sep-2026,842.3,844.9,858.0,834.0,837.5,277542,2339.92,17501,147766.0,53.24,2026-09-22
RATNAMANI,EQ,22-Sep-2026,2776.9,2777.0,2802.0,2765.0,2781.7,27421,764.12,6327,12042.0,43.92,2026-09-22
RATNAVEER,EQ,22-Sep-2026,334.55,336.2,341.1,327.0,332.3,6199353,20682.9,61744,1296332.0,20.91,2026-09-22
RAYMOND,EQ,22-Sep-2026,1084.95,1090.0,1193.4,1089.95,1116.95,4950372,57010.88,165295,827245.0,16.71,2026-09-22
RAYMONDLSL,EQ,22-Sep-2026,646.15,652.4,667.15,647.55,652.8,312338,2046.42,12332,149387.0,47.83,2026-09-22
RAYMONDREL,EQ,22-Sep-2026,585.45,587.0,612.4,586.0,589.5,765481,4605.54,22578,323120.0,42.21,2026-09-22
RBA,EQ,22-Sep-2026,95.22,95.7,95.7,92.14,93.64,3566634,3333.32,32222,1802487.0,50.54,2026-09-22
RBLBANK,EQ,22-Sep-2026,402.4,404.3,424.4,402.85,423.2,7366610,30507.34,60635,2106717.0,28.6,2026-09-22
RBMINFRA,SM,22-Sep-2026,278.55,278.55,284.95,270.0,271.1,13200,36.4,49,9400.0,71.21,2026-09-22
RBS,SM,22-Sep-2026,79.75,81.5,84.0,81.5,83.8,12800,10.64,14,4800.0,37.5,2026-09-22
RBZJEWEL,BE,22-Sep-2026,171.75,176.0,179.55,170.0,177.78,82958,146.91,699,,,2026-09-22
RCDL,SM,22-Sep-2026,14.1,14.75,14.8,14.2,14.8,66000,9.68,16,42000.0,63.64,2026-09-22
RCDL-RE,ST,22-Sep-2026,2.85,2.9,3.4,2.9,3.4,66000,2.18,17,66000.0,100.0,2026-09-22
RCF,EQ,22-Sep-2026,108.74,109.24,109.5,107.45,107.63,957267,1037.11,10091,433007.0,45.23,2026-09-22
RCOM,BE,22-Sep-2026,0.91,0.91,0.92,0.89,0.89,3105011,28.03,2008,,,2026-09-22
READYMIX,SM,22-Sep-2026,70.0,70.0,70.0,67.0,69.95,11000,7.52,11,8000.0,72.73,2026-09-22
RECLTD,EQ,22-Sep-2026,310.2,310.3,311.0,307.1,307.1,4641953,14338.37,36300,2937282.0,63.28,2026-09-22
REDINGTON,EQ,22-Sep-2026,392.05,394.0,412.2,392.6,410.35,5662870,22960.55,76308,2240478.0,39.56,2026-09-22
REDTAPE,EQ,22-Sep-2026,116.41,116.41,120.0,115.9,118.8,543970,643.62,8555,151549.0,27.86,2026-09-22
REFEX,EQ,22-Sep-2026,293.2,293.2,296.9,289.05,291.0,525817,1538.03,13271,166819.0,31.73,2026-09-22
REFRACTORY,SM,22-Sep-2026,33.2,34.85,34.85,34.85,34.85,3000,1.05,3,3000.0,100.0,2026-09-22
REGAAL,EQ,22-Sep-2026,83.44,83.44,100.12,82.6,97.21,8177219,7708.12,47011,1414088.0,17.29,2026-09-22
REGENCERAM,EQ,22-Sep-2026,31.02,32.0,33.55,31.99,33.3,2947,0.95,41,2190.0,74.31,2026-09-22
RELAXO,EQ,22-Sep-2026,293.55,295.95,298.0,291.5,292.65,209982,617.54,8839,71860.0,34.22,2026-09-22
RELCHEMQ,EQ,22-Sep-2026,118.72,118.0,119.8,116.0,117.61,2469,2.9,105,1387.0,56.18,2026-09-22
RELIABLE,EQ,22-Sep-2026,141.01,142.1,147.98,141.15,142.05,20777,29.95,1135,13097.0,63.04,2026-09-22
RELIANCE,EQ,22-Sep-2026,1247.4,1247.6,1251.9,1237.4,1240.4,10684376,133037.25,137145,6109518.0,57.18,2026-09-22
RELIGARE,EQ,22-Sep-2026,253.21,252.01,253.09,248.4,249.17,903971,2268.06,13142,433411.0,47.95,2026-09-22
RELINFRA,BE,22-Sep-2026,49.0,48.02,48.02,48.02,48.02,71113,34.15,475,,,2026-09-22
RELTD,EQ,22-Sep-2026,143.93,143.99,153.58,143.99,151.26,195108,293.62,3730,97389.0,49.92,2026-09-22
REMSONSIND,EQ,22-Sep-2026,96.02,97.99,99.85,96.1,97.82,111502,109.17,1546,54885.0,49.22,2026-09-22
REMUS,SM,22-Sep-2026,988.8,1002.0,1002.0,942.0,951.15,6100,58.51,52,5000.0,81.97,2026-09-22
RENTOMOJO,EQ,22-Sep-2026,539.75,542.0,546.0,520.0,524.9,3415248,18119.93,75282,723820.0,21.19,2026-09-22
RENUKA,EQ,22-Sep-2026,22.98,22.92,23.35,22.72,22.82,6690805,1541.43,10755,1757009.0,26.26,2026-09-22
REPCOHOME,EQ,22-Sep-2026,362.15,362.15,362.15,355.0,357.25,62778,224.25,2048,39181.0,62.41,2026-09-22
REPL,EQ,22-Sep-2026,59.25,59.5,59.5,56.0,57.67,3370,1.95,86,2003.0,59.44,2026-09-22
REPRO,EQ,22-Sep-2026,299.4,299.85,300.0,295.3,298.2,10077,30.02,462,7371.0,73.15,2026-09-22
RESPONIND,EQ,22-Sep-2026,160.26,160.0,162.47,156.48,157.38,83796,133.38,2280,34508.0,41.18,2026-09-22
RETAIL,EQ,22-Sep-2026,17.89,18.89,18.89,17.05,17.11,1490,0.26,59,1283.0,86.11,2026-09-22
REXPRO,SM,22-Sep-2026,38.0,36.2,36.25,36.1,36.1,10000,3.61,9,9000.0,90.0,2026-09-22
RFBL,ST,22-Sep-2026,88.5,92.9,92.9,92.9,92.9,9000,8.36,3,9000.0,100.0,2026-09-22
RGL,EQ,22-Sep-2026,161.55,162.24,162.96,155.51,156.78,467283,739.01,7375,214181.0,45.84,2026-09-22
RHETAN,EQ,22-Sep-2026,18.6,17.67,18.8,17.67,17.67,5520962,986.6,9988,3370198.0,61.04,2026-09-22
RHFL,BZ,22-Sep-2026,1.73,1.71,1.76,1.68,1.7,1124648,19.26,1033,,,2026-09-22
RHIM,EQ,22-Sep-2026,368.0,392.6,397.85,372.2,379.2,11882563,45787.41,158172,1297292.0,10.92,2026-09-22
RHL,EQ,22-Sep-2026,176.5,176.0,179.99,173.0,174.82,4903,8.64,35,4348.0,88.68,2026-09-22
RICHA,SM,22-Sep-2026,75.5,82.5,82.5,82.5,82.5,1000,0.83,1,1000.0,100.0,2026-09-22
RICOAUTO,EQ,22-Sep-2026,128.43,128.9,130.9,127.31,128.14,457519,589.36,5294,153478.0,33.55,2026-09-22
RIIL,EQ,22-Sep-2026,705.35,712.0,719.95,703.8,709.7,36666,260.99,2247,7486.0,20.42,2026-09-22
RIIT,IV,22-Sep-2026,119.91,119.12,120.45,118.5,119.38,128107,152.88,5361,108195.0,84.46,2026-09-22
RILINFRA,SM,22-Sep-2026,32.85,32.85,33.5,32.85,33.35,5100,1.7,31,3900.0,76.47,2026-09-22
RIR,EQ,22-Sep-2026,194.45,196.0,199.75,188.87,191.56,1078839,2087.06,16764,389474.0,36.1,2026-09-22
RISHABH,EQ,22-Sep-2026,748.05,750.0,765.95,731.15,736.55,108922,815.09,7188,56621.0,51.98,2026-09-22
RITCO,EQ,22-Sep-2026,283.6,285.0,290.2,280.9,287.2,67260,191.65,2116,40309.0,59.93,2026-09-22
RITES,EQ,22-Sep-2026,203.23,203.98,208.34,203.0,203.6,578211,1182.28,14149,134435.0,23.25,2026-09-22
RITEZONE,SM,22-Sep-2026,20.4,19.4,19.4,19.4,19.4,1600,0.31,1,1600.0,100.0,2026-09-22
RKDL,EQ,22-Sep-2026,18.66,18.76,19.16,18.21,18.85,86335,16.26,437,51507.0,59.66,2026-09-22
RKEC,EQ,22-Sep-2026,18.36,18.61,18.61,17.4,18.43,19316,3.53,227,9237.0,47.82,2026-09-22
RKFORGE,EQ,22-Sep-2026,716.5,719.4,741.0,712.1,716.25,660677,4812.22,23253,247670.0,37.49,2026-09-22
RKSWAMY,EQ,22-Sep-2026,88.79,91.05,91.5,87.25,87.8,20496,18.12,486,16174.0,78.91,2026-09-22
RMC,EQ,22-Sep-2026,216.64,217.51,228.16,217.51,225.2,28244,63.37,1549,13157.0,46.58,2026-09-22
RMDRIP,BE,22-Sep-2026,23.08,22.75,24.0,22.75,23.72,168812,39.78,535,,,2026-09-22
RML,EQ,22-Sep-2026,1345.6,1345.6,1384.4,1341.1,1347.9,37741,512.67,4146,15395.0,40.79,2026-09-22
RNBDENIMS,BE,22-Sep-2026,8.97,9.01,9.18,8.8,8.96,107785,9.67,288,,,2026-09-22
RNFI,SM,22-Sep-2026,326.85,320.05,322.0,316.0,316.5,13200,42.12,21,10800.0,81.82,2026-09-22
RNPL,SM,22-Sep-2026,55.35,57.9,57.9,52.6,52.6,22800,12.06,18,21600.0,94.74,2026-09-22
ROCKINGDCE,SM,22-Sep-2026,223.95,214.15,228.8,214.15,218.75,1250,2.72,5,1000.0,80.0,2026-09-22
ROHLTD,EQ,22-Sep-2026,308.5,314.0,314.0,305.15,306.0,8254,25.4,681,4022.0,48.73,2026-09-22
ROLEXRINGS,EQ,22-Sep-2026,172.68,172.7,175.85,172.06,172.5,534690,929.22,7519,284884.0,53.28,2026-09-22
ROLLT,BE,22-Sep-2026,5.97,6.1,6.26,5.9,6.26,1239003,76.58,933,,,2026-09-22
ROML,EQ,22-Sep-2026,40.71,40.55,41.68,40.29,41.14,3417,1.4,46,3207.0,93.85,2026-09-22
ROSSARI,EQ,22-Sep-2026,441.0,441.65,445.9,435.0,442.25,88725,389.86,4745,52425.0,59.09,2026-09-22
ROSSELLIND,EQ,22-Sep-2026,51.96,52.27,52.5,51.3,51.92,37290,19.45,604,26255.0,70.41,2026-09-22
ROSSTECH,EQ,22-Sep-2026,1359.7,1363.8,1505.0,1363.7,1494.1,1051024,15429.03,73245,181935.0,17.31,2026-09-22
ROTO,EQ,22-Sep-2026,62.75,63.24,63.8,62.5,62.8,234959,148.19,2550,105331.0,44.83,2026-09-22
ROUTE,EQ,22-Sep-2026,469.2,468.9,471.3,462.2,463.95,187200,872.09,7227,112883.0,60.3,2026-09-22
ROXHITECH,SM,22-Sep-2026,45.1,44.05,44.25,44.05,44.05,4800,2.12,3,3200.0,66.67,2026-09-22
ROYALARC,SM,22-Sep-2026,152.0,160.0,160.0,160.0,160.0,1200,1.92,1,1200.0,100.0,2026-09-22
RPEL,EQ,22-Sep-2026,1692.2,1714.9,1760.0,1713.8,1742.3,70679,1230.88,9628,31032.0,43.91,2026-09-22
RPGLIFE,EQ,22-Sep-2026,2760.2,2760.3,2819.9,2722.1,2746.9,7450,205.83,1855,2623.0,35.21,2026-09-22
RPOWER,EQ,22-Sep-2026,21.0,21.02,21.32,20.82,20.89,15218039,3194.82,30338,5667453.0,37.24,2026-09-22
RPPINFRA,EQ,22-Sep-2026,53.56,53.05,55.49,53.05,54.98,27867,15.15,398,17569.0,63.05,2026-09-22
RPPL,BE,22-Sep-2026,19.83,19.84,20.2,19.3,19.54,57203,11.24,140,,,2026-09-22
RPSGVENT,EQ,22-Sep-2026,843.4,855.65,857.0,831.5,841.65,23708,200.36,1476,14297.0,60.3,2026-09-22
RPTECH,EQ,22-Sep-2026,811.9,812.0,900.0,812.0,883.55,726954,6291.33,32363,357737.0,49.21,2026-09-22
RRECL,EQ,22-Sep-2026,138.8,138.8,138.8,137.0,137.0,156,0.22,6,154.0,98.72,2026-09-22
RRIL,EQ,22-Sep-2026,16.38,16.3,16.5,15.51,16.11,28596,4.61,230,18420.0,64.41,2026-09-22
RRKABEL,EQ,22-Sep-2026,2411.7,2416.0,2491.0,2414.5,2472.5,317242,7812.27,29499,173753.0,54.77,2026-09-22
RSDFIN,BE,22-Sep-2026,92.49,90.0,92.0,88.0,91.0,110,0.1,10,,,2026-09-22
RSL,EQ,22-Sep-2026,197.88,199.9,202.22,186.05,187.27,483336,928.45,10309,196122.0,40.58,2026-09-22
RSSOFTWARE,EQ,22-Sep-2026,30.23,30.3,31.74,29.7,31.6,48181,15.07,269,35558.0,73.8,2026-09-22
RSWM,EQ,22-Sep-2026,231.4,234.4,234.9,225.55,227.01,95632,219.38,2084,52429.0,54.82,2026-09-22
RSYSTEMS,EQ,22-Sep-2026,243.08,242.31,244.89,238.15,239.45,93080,224.22,2641,44633.0,47.95,2026-09-22
RTNINDIA,EQ,22-Sep-2026,27.08,27.17,28.39,27.06,27.22,1363637,375.98,8622,415473.0,30.47,2026-09-22
RTNPOWER,EQ,22-Sep-2026,7.11,7.11,7.21,7.05,7.06,13563610,964.17,11037,5923225.0,43.67,2026-09-22
RTSPOWR,EQ,22-Sep-2026,87.96,90.0,91.5,85.3,90.06,6801,6.16,78,6614.0,97.25,2026-09-22
RUBFILA,EQ,22-Sep-2026,67.88,67.8,67.88,66.02,66.97,40794,27.22,663,16786.0,41.15,2026-09-22
RUBICON,EQ,22-Sep-2026,1732.6,1720.0,1730.8,1662.0,1671.2,344602,5834.63,33920,186704.0,54.18,2026-09-22
RUBYMILLS,EQ,22-Sep-2026,462.3,479.75,479.75,450.05,459.95,6782,31.14,530,3951.0,58.26,2026-09-22
RUCHINFRA,EQ,22-Sep-2026,4.98,5.07,5.2,4.96,5.01,70765,3.59,277,34299.0,48.47,2026-09-22
RUCHIRA,EQ,22-Sep-2026,109.13,108.0,108.0,105.6,105.93,14598,15.6,383,9419.0,64.52,2026-09-22
RUDRA,EQ,22-Sep-2026,20.23,20.43,20.5,20.0,20.1,15293,3.08,110,12659.0,82.78,2026-09-22
RULKA,SM,22-Sep-2026,108.3,109.5,111.1,106.5,106.5,11100,12.07,23,6600.0,59.46,2026-09-22
RUPA,EQ,22-Sep-2026,137.22,137.1,138.8,136.8,138.52,75272,103.63,2897,40722.0,54.1,2026-09-22
RUSHIL,EQ,22-Sep-2026,16.28,16.2,17.5,16.2,16.7,592262,99.54,1116,334802.0,56.53,2026-09-22
RUSTOMJEE,EQ,22-Sep-2026,354.45,358.35,367.45,353.95,363.55,38395,138.59,1484,16838.0,43.85,2026-09-22
RVHL,EQ,22-Sep-2026,40.01,39.8,40.5,39.2,39.65,5919,2.38,60,5544.0,93.66,2026-09-22
RVNL,EQ,22-Sep-2026,209.71,211.0,213.3,209.63,211.15,4049857,8559.33,35467,970500.0,23.96,2026-09-22
RVTH,EQ,22-Sep-2026,679.35,685.0,685.35,670.05,671.55,132,0.89,15,129.0,97.73,2026-09-22
S&SPOWER,EQ,22-Sep-2026,322.5,323.1,330.05,318.6,325.45,4106,13.36,115,3519.0,85.7,2026-09-22
SAAKSHI,ST,22-Sep-2026,368.0,360.2,380.0,360.2,372.0,42600,158.06,35,38400.0,90.14,2026-09-22
SAATVIKGL,EQ,22-Sep-2026,431.6,434.2,451.0,428.8,446.75,345259,1532.26,12133,146046.0,42.3,2026-09-22
SAB,EQ,22-Sep-2026,174.15,174.15,174.15,170.0,174.15,5,0.01,3,5.0,100.0,2026-09-22
SACHEEROME,SM,22-Sep-2026,520.9,520.9,537.35,505.05,508.4,18300,94.55,51,9900.0,54.1,2026-09-22
SADBHAV,EQ,22-Sep-2026,7.5,7.5,7.73,7.46,7.68,115553,8.72,319,98831.0,85.53,2026-09-22
SADBHIN,EQ,22-Sep-2026,2.49,2.52,2.59,2.46,2.58,117847,2.98,228,105807.0,89.78,2026-09-22
SADHAV,SM,22-Sep-2026,107.35,107.35,107.35,106.15,107.1,5400,5.75,5,4200.0,77.78,2026-09-22
SADHNANIQ,BE,22-Sep-2026,2.88,2.87,3.0,2.77,2.85,3184795,92.82,1286,,,2026-09-22
SAFARI,EQ,22-Sep-2026,1485.7,1494.0,1517.4,1480.5,1498.5,29262,439.15,5278,14319.0,48.93,2026-09-22
SAFEENTP,SM,22-Sep-2026,250.0,250.0,255.0,248.0,248.1,49000,122.33,73,42000.0,85.71,2026-09-22
SAGARDEEP,EQ,22-Sep-2026,23.39,23.03,23.87,23.03,23.39,4115,0.96,71,2943.0,71.52,2026-09-22
SAGCEM,EQ,22-Sep-2026,152.7,152.6,154.72,151.0,151.32,45894,69.98,1039,30749.0,67.0,2026-09-22
SAGILITY,EQ,22-Sep-2026,45.95,46.0,46.24,45.51,45.61,7493649,3436.1,18943,3563720.0,47.56,2026-09-22
SAHAJSOLAR,SM,22-Sep-2026,92.55,91.4,92.65,90.0,90.2,17600,16.01,42,14000.0,79.55,2026-09-22
SAHANA,SM,22-Sep-2026,841.1,843.0,859.0,834.0,841.7,24000,202.22,101,15600.0,65.0,2026-09-22
SAHASRA,SM,22-Sep-2026,352.9,370.5,370.5,370.5,370.5,13200,48.91,29,13200.0,100.0,2026-09-22
SAHLIBHFI,EQ,22-Sep-2026,76.56,77.4,77.8,74.5,77.36,28755,21.78,709,14271.0,49.63,2026-09-22
SAHYADRI,EQ,22-Sep-2026,370.95,367.6,380.0,358.55,360.25,6899,25.27,645,4527.0,65.62,2026-09-22
SAICAPI,EQ,22-Sep-2026,156.99,159.99,159.99,142.5,152.52,55,0.09,9,35.0,63.64,2026-09-22
SAIFL,SM,22-Sep-2026,4.4,4.3,4.35,4.15,4.3,272000,11.58,57,192000.0,70.59,2026-09-22
SAIL,EQ,22-Sep-2026,177.3,177.1,178.29,174.0,174.01,7065250,12394.11,50110,2873670.0,40.67,2026-09-22
SAILIFE,EQ,22-Sep-2026,1608.0,1608.1,1615.0,1592.5,1600.5,274572,4404.28,25937,137888.0,50.22,2026-09-22
SAIPARENT,EQ,22-Sep-2026,510.85,513.15,517.35,505.0,506.65,27104,137.91,1709,15832.0,58.41,2026-09-22
SAKAR,EQ,22-Sep-2026,1158.45,1168.0,1196.9,1145.0,1188.4,107278,1263.41,8649,50524.0,47.1,2026-09-22
SAKHTISUG,EQ,22-Sep-2026,18.21,18.55,18.8,18.21,18.3,86231,15.89,394,52228.0,60.57,2026-09-22
SAKSOFT,EQ,22-Sep-2026,146.62,147.0,147.0,143.74,144.36,221274,321.41,3724,90882.0,41.07,2026-09-22
SAKUMA,EQ,22-Sep-2026,1.53,1.52,1.53,1.51,1.52,822511,12.49,699,605788.0,73.65,2026-09-22
SALASAR,EQ,22-Sep-2026,4.86,4.86,5.0,4.86,4.96,3500589,172.1,2471,1905497.0,54.43,2026-09-22
SALONA,EQ,22-Sep-2026,261.05,261.1,280.0,261.05,271.5,5038,13.95,149,3293.0,65.36,2026-09-22
SALSTEEL,EQ,22-Sep-2026,82.26,82.36,84.8,79.49,80.98,715814,587.71,4879,166534.0,23.26,2026-09-22
SALZERELEC,EQ,22-Sep-2026,546.65,548.95,563.1,542.35,545.95,39062,215.95,2153,18634.0,47.7,2026-09-22
SAMAY,ST,22-Sep-2026,46.0,47.75,47.9,47.75,47.8,8000,3.83,2,8000.0,100.0,2026-09-22
SAMBHAAV,EQ,22-Sep-2026,6.06,6.0,6.29,5.9,5.96,36588,2.19,133,24878.0,67.99,2026-09-22
SAMBHV,EQ,22-Sep-2026,155.13,155.9,156.0,150.8,151.94,5785775,8860.47,43578,1429713.0,24.71,2026-09-22
SAMHI,EQ,22-Sep-2026,160.26,159.59,161.69,159.0,159.52,527288,843.75,10305,262170.0,49.72,2026-09-22
SAMMAANCAP,EQ,22-Sep-2026,142.88,143.5,144.95,141.75,142.36,2980044,4276.24,14536,1640566.0,55.05,2026-09-22
SAMPANN,EQ,22-Sep-2026,24.07,24.89,24.89,23.76,24.1,14344,3.46,168,12648.0,88.18,2026-09-22
SANATHAN,EQ,22-Sep-2026,479.9,479.9,482.45,466.8,471.3,34433,163.71,2868,23311.0,67.7,2026-09-22
SANDESH,EQ,22-Sep-2026,1048.3,1055.0,1055.0,1032.0,1038.7,412,4.31,66,316.0,76.7,2026-09-22
SANDHAR,EQ,22-Sep-2026,591.45,594.0,599.8,583.4,586.3,76254,449.75,4750,45547.0,59.73,2026-09-22
SANDUMA,EQ,22-Sep-2026,183.15,183.15,186.47,182.21,183.24,386959,711.83,7162,173605.0,44.86,2026-09-22
SANGAMIND,EQ,22-Sep-2026,578.8,582.85,582.85,556.8,569.3,10602,60.52,1085,6149.0,58.0,2026-09-22
SANGANI,SM,22-Sep-2026,49.75,47.3,49.5,47.3,49.5,15000,7.18,10,9000.0,60.0,2026-09-22
SANGHVIMOV,EQ,22-Sep-2026,436.65,437.0,444.9,433.1,438.8,154791,680.5,6643,79963.0,51.66,2026-09-22
SANGINITA,BE,22-Sep-2026,72.48,73.92,73.92,73.92,73.92,21841,16.14,56,,,2026-09-22
SANOFI,EQ,22-Sep-2026,3077.3,3077.8,3091.1,3053.0,3058.8,13451,412.32,2886,8443.0,62.77,2026-09-22
SANOFICONR,EQ,22-Sep-2026,3997.6,3997.6,4024.8,3960.0,3993.0,3410,135.81,1040,1822.0,53.43,2026-09-22
SANSERA,EQ,22-Sep-2026,4297.0,4489.9,4630.0,4393.3,4586.5,914987,41365.6,124629,284006.0,31.04,2026-09-22
SANSTAR,EQ,22-Sep-2026,112.34,113.46,114.85,112.1,112.61,164181,185.91,3199,60464.0,36.83,2026-09-22
SANWARIA,BZ,22-Sep-2026,0.19,0.2,0.2,0.19,0.19,571650,1.13,137,,,2026-09-22
SAPPHIRE,EQ,22-Sep-2026,238.37,239.6,239.6,232.56,237.24,675367,1595.87,15787,313082.0,46.36,2026-09-22
SAPPL,EQ,22-Sep-2026,282.4,272.3,272.3,272.0,272.15,270,0.73,7,260.0,96.3,2026-09-22
SARDAEN,EQ,22-Sep-2026,503.25,505.95,510.0,500.55,503.35,219099,1105.15,9020,110840.0,50.59,2026-09-22
SAREGAMA,EQ,22-Sep-2026,488.2,488.2,508.85,486.45,503.35,406636,2043.11,17642,131569.0,32.36,2026-09-22
SARLAPOLY,EQ,22-Sep-2026,98.68,98.15,100.5,97.09,99.26,65467,64.94,1110,34782.0,53.13,2026-09-22
SARTELE,SM,22-Sep-2026,73.4,73.0,76.95,73.0,75.85,61000,45.45,83,42000.0,68.85,2026-09-22
SARVESHWAR,EQ,22-Sep-2026,3.69,3.74,3.74,3.66,3.67,801580,29.51,1202,574963.0,71.73,2026-09-22
SASKEN,EQ,22-Sep-2026,1710.0,1738.0,1795.5,1700.0,1755.6,62363,1091.59,5239,36467.0,58.48,2026-09-22
SATECH,SM,22-Sep-2026,37.05,36.9,38.0,36.9,38.0,2000,0.75,2,2000.0,100.0,2026-09-22
SATIA,EQ,22-Sep-2026,67.68,67.69,68.95,66.11,67.41,70149,47.3,1337,39474.0,56.27,2026-09-22
SATIN,EQ,22-Sep-2026,221.12,223.4,225.1,218.51,223.2,156325,347.07,2313,106215.0,67.94,2026-09-22
SATIPOLY,SM,22-Sep-2026,34.5,33.0,33.0,32.8,32.8,2000,0.66,4,2000.0,100.0,2026-09-22
SATKARTAR,SM,22-Sep-2026,154.9,161.95,168.8,160.0,160.2,124000,204.74,116,90400.0,72.9,2026-09-22
SATTVAENGG,SM,22-Sep-2026,57.4,62.85,62.85,58.05,59.0,12800,7.59,8,11200.0,87.5,2026-09-22
SAURASHCEM,EQ,22-Sep-2026,53.22,53.14,54.0,52.71,53.15,44355,23.59,736,29302.0,66.06,2026-09-22
SAVY,SM,22-Sep-2026,138.4,143.0,143.0,134.0,136.9,86400,116.44,8,85200.0,98.61,2026-09-22
SAWALIYA,SM,22-Sep-2026,159.9,160.05,160.05,155.0,155.0,25200,39.7,15,22800.0,90.48,2026-09-22
SAYAJIHOTL,EQ,22-Sep-2026,319.35,329.9,329.9,309.15,309.15,266,0.84,20,261.0,98.12,2026-09-22
SAYAJIIND,EQ,22-Sep-2026,120.42,120.42,121.0,119.79,121.0,1013,1.23,6,1010.0,99.7,2026-09-22
SBC,EQ,22-Sep-2026,49.2,49.19,49.49,49.19,49.23,7180385,3542.52,4901,1902363.0,26.49,2026-09-22
SBCL,EQ,22-Sep-2026,1144.1,1140.0,1168.5,1117.7,1126.9,193534,2215.16,14248,94338.0,48.74,2026-09-22
SBFC,EQ,22-Sep-2026,91.28,91.01,91.44,90.27,90.41,623342,565.96,7701,338412.0,54.29,2026-09-22
SBGLP,EQ,22-Sep-2026,23.22,23.62,24.1,22.65,23.34,92156,21.73,452,70527.0,76.53,2026-09-22
SBIBPB,EQ,22-Sep-2026,48.14,48.55,48.55,47.78,47.86,22749,10.96,277,12686.0,55.77,2026-09-22
SBICARD,EQ,22-Sep-2026,637.0,637.1,642.65,630.65,634.95,676501,4297.95,21625,336185.0,49.69,2026-09-22
SBIETFCON,EQ,22-Sep-2026,118.85,118.85,120.28,118.33,118.93,2601,3.1,64,1562.0,60.05,2026-09-22
SBIETFIT,EQ,22-Sep-2026,321.44,321.44,324.55,314.3,317.37,14353,45.41,305,6554.0,45.66,2026-09-22
SBIETFPB,EQ,22-Sep-2026,279.37,279.37,284.9,278.96,279.18,24239,67.64,82,24016.0,99.08,2026-09-22
SBIETFQLTY,EQ,22-Sep-2026,215.52,215.17,215.17,213.46,214.19,1235,2.64,41,1235.0,100.0,2026-09-22
SBIFUNDS,EQ,22-Sep-2026,552.6,552.5,554.9,544.0,546.0,526991,2891.96,21971,286789.0,54.42,2026-09-22
SBILIFE,EQ,22-Sep-2026,1756.0,1761.1,1772.7,1740.0,1756.3,329671,5797.74,25357,190831.0,57.89,2026-09-22
SBILIQETF,EQ,22-Sep-2026,1056.76,1056.9,1056.92,1056.9,1056.9,621027,6563.64,307,542041.0,87.28,2026-09-22
SBIMIDMOM,EQ,22-Sep-2026,63.26,63.86,65.04,62.57,63.01,61859,39.04,183,52002.0,84.07,2026-09-22
SBIN,EQ,22-Sep-2026,996.0,999.1,1000.1,981.3,987.0,6126235,60513.43,125775,3052014.0,49.82,2026-09-22
SBINEQWETF,EQ,22-Sep-2026,32.73,33.14,33.38,32.28,32.43,29413,9.58,279,13477.0,45.82,2026-09-22
SBINMID150,EQ,22-Sep-2026,22.96,23.39,23.7,22.83,22.93,41838,9.62,129,38240.0,91.4,2026-09-22
SBISILVER,EQ,22-Sep-2026,227.75,227.11,227.92,223.81,225.6,1305691,2949.8,6086,304280.0,23.3,2026-09-22
SBISMLETF,EQ,22-Sep-2026,18.32,18.32,18.43,18.24,18.28,33143,6.07,220,26425.0,79.73,2026-09-22
SBIVALETF,EQ,22-Sep-2026,14.5,14.51,14.51,14.4,14.46,4168,0.6,46,4168.0,100.0,2026-09-22
SCANSTL,BE,22-Sep-2026,50.75,50.5,52.99,50.0,52.82,26262,13.46,176,,,2026-09-22
SCHAEFFLER,EQ,22-Sep-2026,4118.2,4112.0,4124.5,4035.0,4054.2,27601,1124.81,12520,16749.0,60.68,2026-09-22
SCHAND,EQ,22-Sep-2026,134.28,135.25,135.97,131.1,133.75,30117,40.32,1423,14725.0,48.89,2026-09-22
SCHNEIDER,EQ,22-Sep-2026,1235.2,1235.0,1254.1,1210.0,1214.2,136911,1678.28,12572,62242.0,45.46,2026-09-22
SCI,EQ,22-Sep-2026,280.55,282.0,283.9,279.0,281.1,1193262,3357.11,19930,381991.0,32.01,2026-09-22
SCILAL,EQ,22-Sep-2026,38.23,38.19,39.29,37.72,38.27,298183,114.27,1876,192570.0,64.58,2026-09-22
SCML,SM,22-Sep-2026,79.0,77.3,79.0,76.0,79.0,28000,21.71,25,10000.0,35.71,2026-09-22
SCODATUBES,EQ,22-Sep-2026,129.28,128.95,130.26,128.5,128.85,184669,238.34,2017,145814.0,78.96,2026-09-22
SCPL,BE,22-Sep-2026,653.2,658.0,665.0,636.1,659.5,12743,84.23,228,,,2026-09-22
SDBL,EQ,22-Sep-2026,68.11,68.85,69.15,67.21,67.45,289834,197.04,3827,142463.0,49.15,2026-09-22
SDREAMS,SM,22-Sep-2026,78.4,82.65,82.7,81.0,81.0,4000,3.29,4,4000.0,100.0,2026-09-22
SEAMECLTD,EQ,22-Sep-2026,1698.8,1695.0,1754.0,1690.1,1734.7,35821,617.64,4548,18365.0,51.27,2026-09-22
SECLEDBETA,EQ,22-Sep-2026,14.38,14.96,14.96,14.29,14.31,11225,1.61,27,11184.0,99.63,2026-09-22
SECMARK,EQ,22-Sep-2026,140.21,140.21,142.38,135.05,136.11,1337,1.85,87,1048.0,78.38,2026-09-22
SECURKLOUD,EQ,22-Sep-2026,16.85,17.0,17.0,16.57,16.85,4936,0.83,68,3334.0,67.54,2026-09-22
SEDEMAC,EQ,22-Sep-2026,3088.0,3100.0,3108.0,2985.6,3034.3,95017,2885.7,11976,42658.0,44.9,2026-09-22
SEIL,EQ,22-Sep-2026,184.79,186.23,192.73,184.91,191.74,257983,490.02,2961,153343.0,59.44,2026-09-22
SEJALLTD,EQ,22-Sep-2026,678.9,688.35,688.35,659.6,666.3,3526,23.55,435,2109.0,59.81,2026-09-22
SEKURITIND,EQ,22-Sep-2026,113.6,113.21,115.79,112.41,114.35,26965,30.8,536,19135.0,70.96,2026-09-22
SEL,SM,22-Sep-2026,359.0,342.05,376.0,342.0,372.15,5000,18.2,18,2800.0,56.0,2026-09-22
SELECTIPO,EQ,22-Sep-2026,48.48,48.72,48.93,48.57,48.84,70034,34.21,119,64614.0,92.26,2026-09-22
SELLOWRAP,SM,22-Sep-2026,67.5,67.5,67.5,67.5,67.5,1600,1.08,1,1600.0,100.0,2026-09-22
SEMAC,EQ,22-Sep-2026,284.2,272.25,281.95,272.25,279.0,24,0.07,8,16.0,66.67,2026-09-22
SENCO,EQ,22-Sep-2026,341.9,341.9,344.7,336.0,337.35,343192,1165.16,13766,152025.0,44.3,2026-09-22
SENORES,EQ,22-Sep-2026,1395.1,1396.0,1409.8,1372.1,1379.9,229036,3159.36,15760,111999.0,48.9,2026-09-22
SENSEXADD,EQ,22-Sep-2026,77.08,77.54,77.55,76.83,77.06,729,0.56,21,329.0,45.13,2026-09-22
SENSEXAXIS,EQ,22-Sep-2026,77.68,77.8,78.09,77.28,77.69,2580,2.01,38,1287.0,49.88,2026-09-22
SENSEXBETA,EQ,22-Sep-2026,829.42,829.45,833.68,826.0,828.37,1707,14.14,77,1440.0,84.36,2026-09-22
SENSEXETF,EQ,22-Sep-2026,77.27,77.5,77.61,76.88,77.12,14793,11.42,225,4549.0,30.75,2026-09-22
SENSEXIETF,EQ,22-Sep-2026,863.3,875.0,875.0,856.51,860.49,4680,40.29,333,2938.0,62.78,2026-09-22
SEPC,EQ,22-Sep-2026,5.09,5.09,5.2,5.09,5.16,6308331,325.63,3622,3030199.0,48.03,2026-09-22
SERVICE,SM,22-Sep-2026,66.05,67.7,69.25,66.35,66.35,8000,5.45,4,6000.0,75.0,2026-09-22
SERVOTECH,EQ,22-Sep-2026,71.8,71.45,72.7,70.11,70.64,551402,392.83,5609,303017.0,54.95,2026-09-22
SESHAPAPER,EQ,22-Sep-2026,247.61,247.16,250.0,245.0,246.94,28688,70.78,979,19287.0,67.23,2026-09-22
SETCO,BE,22-Sep-2026,17.28,17.0,17.6,16.9,17.04,36933,6.36,189,,,2026-09-22
SETF10GILT,EQ,22-Sep-2026,262.08,262.85,263.89,261.78,262.53,1544,4.05,20,1338.0,86.66,2026-09-22
SETFGOLD,EQ,22-Sep-2026,129.53,129.5,129.58,128.12,128.91,5500775,7089.07,9827,2542780.0,46.23,2026-09-22
SETFNIF50,EQ,22-Sep-2026,252.78,259.09,259.09,251.03,251.73,534174,1344.11,5829,349275.0,65.39,2026-09-22
SETFNIFBK,EQ,22-Sep-2026,580.4,581.09,582.32,576.61,578.21,34953,201.94,1299,29294.0,83.81,2026-09-22
SETFNN50,EQ,22-Sep-2026,776.38,776.75,777.9,770.24,772.86,14862,115.07,1102,9072.0,61.04,2026-09-22
SETL,EQ,22-Sep-2026,408.65,410.0,412.2,393.15,402.55,721740,2897.67,13553,304205.0,42.15,2026-09-22
SETUINFRA,BZ,22-Sep-2026,0.59,0.6,0.6,0.58,0.58,11884,0.07,23,,,2026-09-22
SEYAIND,BE,22-Sep-2026,13.38,13.64,13.64,13.17,13.64,14897,2.02,58,,,2026-09-22
SFL,EQ,22-Sep-2026,643.5,655.0,676.3,644.95,648.25,223486,1475.27,14822,82516.0,36.92,2026-09-22
SGBAPR28I,GB,22-Sep-2026,15279.76,15225.0,15275.0,15180.0,15199.25,859,130.59,49,789.0,91.85,2026-09-22
SGBAUG27,GB,22-Sep-2026,15106.0,15106.01,15117.0,14979.99,15031.68,128,19.28,29,81.0,63.28,2026-09-22
SGBAUG28V,GB,22-Sep-2026,15131.04,15131.04,15175.0,15020.0,15042.33,667,100.67,96,495.0,74.21,2026-09-22
SGBAUG29V,GB,22-Sep-2026,15174.69,15174.6,15215.0,15100.0,15125.0,98,14.82,32,65.0,66.33,2026-09-22
SGBAUG30,GB,22-Sep-2026,15270.68,15180.01,15349.99,15180.01,15196.0,187,28.5,50,177.0,94.65,2026-09-22
SGBD29VIII,GB,22-Sep-2026,15252.85,15102.0,15244.0,15102.0,15200.0,64,9.71,24,38.0,59.38,2026-09-22
SGBDC27VII,GB,22-Sep-2026,15200.0,15100.0,15100.0,15100.0,15100.0,1,0.15,1,1.0,100.0,2026-09-22
SGBDE30III,GB,22-Sep-2026,15299.99,15210.01,15299.0,15210.01,15249.99,212,32.35,58,155.0,73.11,2026-09-22
SGBDE31III,GB,22-Sep-2026,15529.97,15564.0,15564.0,15420.0,15524.18,1308,202.82,210,1004.0,76.76,2026-09-22
SGBDEC26,GB,22-Sep-2026,15001.0,15101.0,15101.0,15101.0,15101.0,5,0.76,2,5.0,100.0,2026-09-22
SGBFEB27,GB,22-Sep-2026,15000.0,15150.0,15150.0,15000.0,15145.35,35,5.3,6,34.0,97.14,2026-09-22
SGBFEB29XI,GB,22-Sep-2026,15104.2,15105.0,15159.0,15055.0,15055.58,31,4.67,9,19.0,61.29,2026-09-22
SGBFEB32IV,GB,22-Sep-2026,15766.79,15766.79,15849.98,15701.0,15741.18,736,115.94,164,432.0,58.7,2026-09-22
SGBJ28VIII,GB,22-Sep-2026,15110.0,15110.0,15110.0,15000.0,15078.99,7,1.05,4,7.0,100.0,2026-09-22
SGBJAN27,GB,22-Sep-2026,15100.0,15099.99,15099.99,14964.0,15089.99,37,5.58,8,35.0,94.59,2026-09-22
SGBJAN29IX,GB,22-Sep-2026,15136.0,15120.0,15135.0,15011.01,15060.0,156,23.58,28,131.0,83.97,2026-09-22
SGBJAN29X,GB,22-Sep-2026,15110.05,15110.05,15150.0,15000.0,15097.47,96,14.46,18,43.0,44.79,2026-09-22
SGBJAN30IX,GB,22-Sep-2026,15202.0,15150.0,15300.0,15111.0,15142.55,357,54.27,56,316.0,88.52,2026-09-22
SGBJU29III,GB,22-Sep-2026,15133.5,15133.0,15133.0,15055.55,15065.0,77,11.63,20,50.0,64.94,2026-09-22
SGBJUL28IV,GB,22-Sep-2026,15101.13,15101.13,15165.0,15005.01,15047.8,828,124.82,59,705.0,85.14,2026-09-22
SGBJUL29IV,GB,22-Sep-2026,15127.0,15126.0,15200.0,15025.0,15025.51,176,26.6,30,131.0,74.43,2026-09-22
SGBJUN27,GB,22-Sep-2026,15110.01,15110.01,15150.0,14980.0,14980.0,17,2.57,7,15.0,88.24,2026-09-22
SGBJUN28,GB,22-Sep-2026,15120.0,15150.0,15150.0,15021.01,15033.57,161,24.21,20,153.0,95.03,2026-09-22
SGBJUN29II,GB,22-Sep-2026,15130.0,15054.35,15150.0,15054.35,15139.99,536,81.11,36,386.0,72.01,2026-09-22
SGBJUN30,GB,22-Sep-2026,15268.96,15270.0,15299.0,15180.0,15222.43,93,14.17,27,80.0,86.02,2026-09-22
SGBJUN31I,GB,22-Sep-2026,15389.04,15449.99,15449.99,15323.99,15379.51,401,61.65,93,333.0,83.04,2026-09-22
SGBMAR30X,GB,22-Sep-2026,15228.33,15230.0,15246.0,15140.0,15142.92,77,11.67,29,68.0,88.31,2026-09-22
SGBMAR31IV,GB,22-Sep-2026,15352.48,15341.85,15341.85,15250.0,15279.51,131,20.02,30,127.0,96.95,2026-09-22
SGBMAY28,GB,22-Sep-2026,15144.0,15100.01,15199.9,15070.01,15077.5,16,2.42,12,6.0,37.5,2026-09-22
SGBMAY29I,GB,22-Sep-2026,15216.37,15216.37,15216.37,15074.99,15101.0,423,63.98,88,320.0,75.65,2026-09-22
SGBMR29XII,GB,22-Sep-2026,15112.0,15112.0,15149.0,15025.0,15066.8,184,27.73,57,140.0,76.09,2026-09-22
SGBN28VIII,GB,22-Sep-2026,15165.85,15165.85,15170.0,15075.0,15078.57,17,2.57,7,10.0,58.82,2026-09-22
SGBNV29VII,GB,22-Sep-2026,15225.72,15226.0,15249.0,15061.01,15125.01,326,49.41,45,247.0,75.77,2026-09-22
SGBOC28VII,GB,22-Sep-2026,15280.0,15350.0,15350.0,15110.0,15180.0,188,28.53,10,175.0,93.09,2026-09-22
SGBOCT26,GB,22-Sep-2026,15251.0,15150.0,15200.0,15150.0,15166.33,101,15.32,9,101.0,100.0,2026-09-22
SGBOCT27,GB,22-Sep-2026,15202.0,15152.0,15200.0,15152.0,15200.0,111,16.86,6,101.0,90.99,2026-09-22
SGBOCT27VI,GB,22-Sep-2026,15172.76,15172.76,15172.76,15172.76,15172.76,2,0.3,1,2.0,100.0,2026-09-22
SGBSEP27,GB,22-Sep-2026,15503.98,15050.01,15055.0,15000.0,15055.0,10,1.5,5,8.0,80.0,2026-09-22
SGBSEP28VI,GB,22-Sep-2026,15114.85,15110.0,15120.0,15005.03,15032.12,193,29.07,32,171.0,88.6,2026-09-22
SGBSEP29VI,GB,22-Sep-2026,15102.45,15102.45,15175.0,15035.0,15035.93,331,49.94,98,165.0,49.85,2026-09-22
SGBSEP31II,GB,22-Sep-2026,15444.25,15425.0,15445.99,15310.0,15342.99,849,130.54,159,681.0,80.21,2026-09-22
SGFIN,EQ,22-Sep-2026,623.25,632.0,646.75,618.1,624.6,174549,1099.56,9328,72222.0,41.38,2026-09-22
SGIL,EQ,22-Sep-2026,598.1,606.0,650.0,600.05,636.8,39063,247.72,1099,18957.0,48.53,2026-09-22
SGL,EQ,22-Sep-2026,9.43,9.67,9.74,9.0,9.07,6143,0.57,191,5681.0,92.48,2026-09-22
SGLRES,EQ,22-Sep-2026,2.48,2.53,2.55,2.36,2.4,42415,1.02,147,28359.0,66.86,2026-09-22
SGMART,EQ,22-Sep-2026,730.4,728.1,737.05,718.1,721.8,57564,418.71,5363,31141.0,54.1,2026-09-22
SGRL,EQ,22-Sep-2026,720.75,735.0,736.95,675.05,704.8,33078,233.55,2638,15276.0,46.18,2026-09-22
SHADOWFAX,EQ,22-Sep-2026,272.75,272.75,288.25,272.5,283.05,10724382,30333.17,193703,5659793.0,52.78,2026-09-22
SHAH,EQ,22-Sep-2026,3.29,3.32,3.32,3.23,3.25,843480,27.54,629,586900.0,69.58,2026-09-22
SHAHALLOYS,BE,22-Sep-2026,87.88,84.05,90.0,83.5,89.98,23286,20.34,183,,,2026-09-22
SHAILY,EQ,22-Sep-2026,3265.1,3281.5,3281.5,3150.0,3168.8,152551,4879.47,20773,70221.0,46.03,2026-09-22
SHAKTIPUMP,EQ,22-Sep-2026,470.95,471.0,482.25,467.5,469.1,446914,2121.25,19349,168535.0,37.71,2026-09-22
SHALBY,EQ,22-Sep-2026,138.32,138.75,144.13,136.1,136.7,196871,273.89,2653,117822.0,59.85,2026-09-22
SHALPAINTS,BE,22-Sep-2026,80.16,82.36,82.36,76.55,77.64,42713,33.64,286,,,2026-09-22
SHANKARA,EQ,22-Sep-2026,147.46,147.46,147.99,138.15,141.39,115988,164.94,1445,47657.0,41.09,2026-09-22
SHANKESH,EQ,22-Sep-2026,91.54,91.99,93.0,90.66,91.09,1338379,1229.71,11491,475453.0,35.52,2026-09-22
SHANTI,EQ,22-Sep-2026,5.61,5.7,5.88,5.45,5.56,49440,2.76,149,32811.0,66.37,2026-09-22
SHANTIGEAR,EQ,22-Sep-2026,691.3,700.0,723.0,670.5,673.7,84984,590.14,4019,32155.0,37.84,2026-09-22
SHANTIGOLD,EQ,22-Sep-2026,258.69,259.8,268.4,256.15,258.04,1083004,2826.67,17797,453627.0,41.89,2026-09-22
SHANTIINOR,SM,22-Sep-2026,188.8,188.8,189.8,170.95,173.95,368000,659.11,215,254400.0,69.13,2026-09-22
SHARDACROP,EQ,22-Sep-2026,745.75,746.0,756.15,743.25,747.35,82060,614.46,6420,35962.0,43.82,2026-09-22
SHARDAMOTR,EQ,22-Sep-2026,957.75,957.7,988.9,955.8,985.75,141934,1389.96,11511,64478.0,45.43,2026-09-22
SHARDUL,BE,22-Sep-2026,54.4,54.6,55.7,54.45,55.2,11612,6.38,35,,,2026-09-22
SHAREINDIA,EQ,22-Sep-2026,227.11,223.95,229.59,221.34,223.32,2064061,4625.45,22365,734272.0,35.57,2026-09-22
SHARIABEES,EQ,22-Sep-2026,440.74,451.75,451.75,434.0,435.76,17144,74.84,580,14255.0,83.15,2026-09-22
SHBAJRG,EQ,22-Sep-2026,152.27,153.79,153.99,151.0,153.79,2551,3.9,38,2195.0,86.04,2026-09-22
SHEEL,ST,22-Sep-2026,60.0,60.0,60.0,57.35,58.0,8000,4.71,3,8000.0,100.0,2026-09-22
SHEETAL,SM,22-Sep-2026,357.3,357.0,357.0,355.0,355.0,1000,3.56,2,500.0,50.0,2026-09-22
SHEKHAWATI,BE,22-Sep-2026,22.55,23.67,23.67,22.55,23.67,78935,18.64,179,,,2026-09-22
SHEMAROO,BE,22-Sep-2026,118.95,118.0,122.99,118.0,121.25,5923,7.14,57,,,2026-09-22
SHERA,SM,22-Sep-2026,186.95,186.95,188.55,181.05,182.05,30000,55.62,29,21000.0,70.0,2026-09-22
SHERVANI,EQ,22-Sep-2026,343.0,343.0,343.0,343.0,343.0,27,0.09,4,27.0,100.0,2026-09-22
SHETHJI,SM,22-Sep-2026,185.4,191.0,191.0,182.5,184.4,17000,31.54,15,14000.0,82.35,2026-09-22
SHIGAN,SM,22-Sep-2026,62.0,60.0,65.0,60.0,65.0,3000,1.88,2,3000.0,100.0,2026-09-22
SHILCTECH,EQ,22-Sep-2026,3976.7,3975.0,4025.0,3965.5,3989.0,9161,365.64,3467,6071.0,66.27,2026-09-22
SHILGRAVQ,EQ,22-Sep-2026,156.52,157.0,159.54,152.0,154.57,2724,4.18,56,2264.0,83.11,2026-09-22
SHILPAMED,EQ,22-Sep-2026,1070.8,1060.0,1073.0,1023.3,1033.15,675143,7085.5,31921,258024.0,38.22,2026-09-22
SHINDL,EQ,22-Sep-2026,163.0,164.83,164.83,160.0,162.53,247030,400.92,1256,104942.0,42.48,2026-09-22
SHIPROCKET,EQ,22-Sep-2026,122.49,122.99,130.15,122.55,126.19,4643439,5895.07,39572,1162060.0,25.03,2026-09-22
SHIVAAGRO,EQ,22-Sep-2026,41.75,42.44,42.44,39.0,40.03,2056,0.82,61,1551.0,75.44,2026-09-22
SHIVACEM,EQ,22-Sep-2026,15.67,15.88,15.88,15.31,15.5,33780,5.27,426,27006.0,79.95,2026-09-22
SHIVALIK,EQ,22-Sep-2026,398.95,404.5,436.9,395.8,416.9,297963,1253.26,14315,129407.0,43.43,2026-09-22
SHIVAMAUTO,EQ,22-Sep-2026,18.23,17.9,18.23,17.55,17.75,87411,15.56,389,67008.0,76.66,2026-09-22
SHIVAMILLS,EQ,22-Sep-2026,60.15,61.35,61.35,59.22,61.24,110,0.07,10,57.0,51.82,2026-09-22
SHIVASHRIT,SM,22-Sep-2026,114.35,118.45,118.45,112.25,113.65,53000,60.71,38,25000.0,47.17,2026-09-22
SHIVATEX,EQ,22-Sep-2026,172.35,174.08,177.98,168.11,172.07,3694,6.31,139,2903.0,78.59,2026-09-22
SHIVAUM,EQ,22-Sep-2026,472.55,460.35,519.0,460.0,515.05,682178,3196.07,2269,514746.0,75.46,2026-09-22
SHK,EQ,22-Sep-2026,136.26,136.27,141.02,136.27,138.28,210414,293.7,3564,109294.0,51.94,2026-09-22
SHKSIL,SM,22-Sep-2026,35.5,33.25,33.25,31.0,32.85,24000,7.76,11,14000.0,58.33,2026-09-22
SHOPERSTOP,EQ,22-Sep-2026,394.95,394.95,400.0,389.8,392.5,28442,111.96,2372,10952.0,38.51,2026-09-22
SHRADDHA,EQ,22-Sep-2026,148.11,152.9,152.9,144.2,144.78,5638,8.35,137,4473.0,79.34,2026-09-22
SHRADHA,EQ,22-Sep-2026,29.99,30.94,30.94,29.9,30.78,5324,1.61,26,4032.0,75.73,2026-09-22
SHREDIGCEM,EQ,22-Sep-2026,67.08,67.7,67.94,66.13,66.92,60844,40.71,1142,44148.0,72.56,2026-09-22
SHREECEM,EQ,22-Sep-2026,22550.0,22540.0,22650.0,22165.0,22200.0,9585,2138.06,5784,3960.0,41.31,2026-09-22
SHREEDHAR,ST,22-Sep-2026,169.05,174.2,177.5,174.2,177.5,34000,60.05,15,32000.0,94.12,2026-09-22
SHREEJISPG,EQ,22-Sep-2026,709.5,713.55,723.65,695.6,719.35,1156580,8234.98,10232,436196.0,37.71,2026-09-22
SHREEKARNI,SM,22-Sep-2026,355.0,368.0,378.0,367.95,377.7,4200,15.79,17,4200.0,100.0,2026-09-22
SHREEOSFM,SM,22-Sep-2026,49.05,49.95,50.1,49.95,49.95,3000,1.5,3,3000.0,100.0,2026-09-22
SHREEPUSHK,EQ,22-Sep-2026,513.25,519.6,519.6,501.35,505.85,33737,170.89,2509,18683.0,55.38,2026-09-22
SHREERAMA,EQ,22-Sep-2026,43.24,44.0,44.46,43.11,43.69,41912,18.41,434,22644.0,54.03,2026-09-22
SHREMINVIT,IV,22-Sep-2026,101.0,102.0,102.0,102.0,102.0,200000,204.0,6,200000.0,100.0,2026-09-22
SHRENIK,BZ,22-Sep-2026,0.29,0.29,0.3,0.28,0.28,680395,1.93,166,,,2026-09-22
SHREYANIND,EQ,22-Sep-2026,132.29,133.61,133.61,126.8,127.31,13105,16.8,292,10885.0,83.06,2026-09-22
SHRIAHIMSA,SM,22-Sep-2026,474.5,470.05,473.95,465.45,473.95,7200,33.69,12,6000.0,83.33,2026-09-22
SHRIKANHA,SM,22-Sep-2026,22.5,21.5,21.5,21.5,21.5,1600,0.34,1,1600.0,100.0,2026-09-22
SHRIKRISH,EQ,22-Sep-2026,37.26,35.61,35.61,34.75,34.75,104,0.04,7,65.0,62.5,2026-09-22
SHRINGARMS,EQ,22-Sep-2026,207.9,208.99,211.0,207.0,208.56,192061,401.61,2047,89316.0,46.5,2026-09-22
SHRIPISTON,EQ,22-Sep-2026,4508.7,4523.5,4587.9,4491.0,4512.6,52033,2354.42,11576,26904.0,51.71,2026-09-22
SHRIRAMFIN,EQ,22-Sep-2026,1011.8,1011.8,1016.6,995.5,1006.0,3773069,37953.48,76643,2411799.0,63.92,2026-09-22
SHRIRAMPPS,EQ,22-Sep-2026,71.76,72.03,72.83,70.52,71.03,248568,177.68,2165,132850.0,53.45,2026-09-22
SHRJAGP,EQ,22-Sep-2026,639.0,638.95,640.0,625.05,630.5,614,3.9,56,472.0,76.87,2026-09-22
SHUBHSHREE,SM,22-Sep-2026,340.0,340.0,352.0,340.0,352.0,900,3.1,3,900.0,100.0,2026-09-22
SHUKRAPHAR,EQ,22-Sep-2026,55.33,55.33,59.4,55.33,58.59,5114278,2974.5,18173,1641240.0,32.09,2026-09-22
SHYAMCENT,BE,22-Sep-2026,5.09,5.02,5.1,5.01,5.04,46119,2.32,73,,,2026-09-22
SHYAMDHANI,SM,22-Sep-2026,53.5,55.5,55.5,51.0,54.0,48000,25.07,23,32000.0,66.67,2026-09-22
SHYAMMETL,EQ,22-Sep-2026,1097.5,1105.2,1105.2,1085.9,1094.1,383963,4200.44,13862,268390.0,69.9,2026-09-22
SHYAMTEL,EQ,22-Sep-2026,11.18,11.13,11.39,10.81,11.05,5020,0.56,15,4343.0,86.51,2026-09-22
SICAGEN,EQ,22-Sep-2026,52.22,53.57,53.57,51.7,52.05,12795,6.7,186,10476.0,81.88,2026-09-22
SICALLOG,BE,22-Sep-2026,94.31,93.2,96.9,92.5,93.76,33561,31.79,112,,,2026-09-22
SIDDHICOTS,SM,22-Sep-2026,27.0,27.5,27.55,27.0,27.55,18000,4.95,13,16800.0,93.33,2026-09-22
SIDDHIKA,SM,22-Sep-2026,212.5,205.0,219.0,202.8,219.0,6500,13.72,12,4500.0,69.23,2026-09-22
SIEL,EQ,22-Sep-2026,29.03,28.9,30.48,28.9,30.48,14,0.0,4,14.0,100.0,2026-09-22
SIEMENS,EQ,22-Sep-2026,3887.0,3890.0,3954.3,3850.1,3858.0,257553,10018.35,40720,107753.0,41.84,2026-09-22
SIGACHI,EQ,22-Sep-2026,31.12,31.3,31.64,30.41,30.61,3127491,969.09,11516,1211816.0,38.75,2026-09-22
SIGIND,BE,22-Sep-2026,71.39,71.39,71.98,70.0,71.3,31901,22.74,364,,,2026-09-22
SIGMA,EQ,22-Sep-2026,46.76,46.8,47.4,46.0,46.46,69532,32.59,974,48574.0,69.86,2026-09-22
SIGMAADV,BE,22-Sep-2026,908.95,914.95,950.0,905.0,948.0,369254,3460.19,6688,,,2026-09-22
SIGNATURE,EQ,22-Sep-2026,761.9,767.15,787.55,760.0,763.1,308020,2377.44,13563,25227.0,8.19,2026-09-22
SIGNPOST,EQ,22-Sep-2026,269.15,269.95,272.65,266.3,267.05,17124,46.21,697,10904.0,63.68,2026-09-22
SIKA,EQ,22-Sep-2026,1085.25,1097.4,1103.0,1052.45,1062.8,38121,411.07,4440,11434.0,29.99,2026-09-22
SIKKO,BE,22-Sep-2026,6.03,5.92,6.18,5.78,5.99,679968,40.31,636,,,2026-09-22
SIL,EQ,22-Sep-2026,15.7,15.7,16.5,15.7,16.01,72593,11.69,813,51063.0,70.34,2026-09-22
SILGO,EQ,22-Sep-2026,70.02,70.6,71.26,68.18,70.92,16891,11.88,349,7228.0,42.79,2026-09-22
SILINV,EQ,22-Sep-2026,443.0,443.0,452.35,433.1,440.8,149,0.66,28,126.0,84.56,2026-09-22
SILKFLEX,SM,22-Sep-2026,294.35,309.05,309.05,294.5,301.4,63000,192.69,43,30000.0,47.62,2026-09-22
SILVER,EQ,22-Sep-2026,232.01,232.04,232.3,228.2,230.01,391777,902.28,6152,125069.0,31.92,2026-09-22
SILVER001,EQ,22-Sep-2026,23.55,23.93,24.15,23.11,23.34,74232,17.44,168,49942.0,67.28,2026-09-22
SILVER1,EQ,22-Sep-2026,22.54,22.53,22.62,22.15,22.35,10450572,2338.42,5878,4143541.0,39.65,2026-09-22
SILVER360,EQ,22-Sep-2026,228.25,228.58,228.66,224.89,226.34,11650,26.41,381,6613.0,56.76,2026-09-22
SILVERADD,EQ,22-Sep-2026,22.39,22.54,22.54,22.0,22.18,6357708,1412.52,10875,3129080.0,49.22,2026-09-22
SILVERAG,EQ,22-Sep-2026,226.13,225.0,226.66,222.32,224.07,387711,868.42,3007,221406.0,57.11,2026-09-22
SILVERAXIS,EQ,22-Sep-2026,230.95,230.95,231.22,227.2,229.33,886110,2034.99,4015,357845.0,40.38,2026-09-22
SILVERBEES,EQ,22-Sep-2026,222.21,222.25,222.49,218.42,220.27,17443388,38457.06,58384,6407608.0,36.73,2026-09-22
SILVERBETA,EQ,22-Sep-2026,224.32,223.0,224.53,220.46,222.29,593224,1319.37,4028,166554.0,28.08,2026-09-22
SILVERBND,EQ,22-Sep-2026,233.58,232.52,233.24,229.19,231.26,10288,23.76,115,9880.0,96.03,2026-09-22
SILVERCASE,EQ,22-Sep-2026,23.56,23.52,23.58,23.17,23.36,4537007,1063.25,5962,1999471.0,44.07,2026-09-22
SILVERIETF,EQ,22-Sep-2026,232.0,232.25,232.29,228.11,230.18,3508319,8077.83,14120,1049684.0,29.92,2026-09-22
SILVERTUC,EQ,22-Sep-2026,160.7,162.5,164.71,155.15,155.89,655906,1053.77,9170,269324.0,41.06,2026-09-22
SIMBHALS,BZ,22-Sep-2026,6.54,6.54,6.67,6.41,6.41,9236,0.6,44,,,2026-09-22
SIMCA,ST,22-Sep-2026,268.65,270.0,271.0,267.0,271.0,15600,41.9,13,15600.0,100.0,2026-09-22
SIMPLEXINF,EQ,22-Sep-2026,250.7,252.1,260.5,252.1,256.3,149503,383.55,2417,104698.0,70.03,2026-09-22
SINCLAIR,EQ,22-Sep-2026,83.71,83.15,84.07,81.05,81.79,8447,6.95,224,6195.0,73.34,2026-09-22
SINDHUTRAD,EQ,22-Sep-2026,23.99,24.0,24.3,23.8,24.11,337022,80.9,1079,165513.0,49.11,2026-09-22
SINGERIND,EQ,22-Sep-2026,75.98,76.8,78.9,76.48,77.26,26645,20.75,409,19769.0,74.19,2026-09-22
SINTERCOM,EQ,22-Sep-2026,73.91,75.15,80.94,75.0,80.49,38291,29.89,131,37557.0,98.08,2026-09-22
SIRCA,EQ,22-Sep-2026,404.55,406.0,411.6,402.25,404.6,139519,568.02,2955,55607.0,39.86,2026-09-22
SIS,EQ,22-Sep-2026,420.55,420.55,433.0,420.35,424.05,254932,1090.26,11404,147450.0,57.84,2026-09-22
SITINET,BZ,22-Sep-2026,0.28,0.28,0.29,0.28,0.28,275612,0.79,191,,,2026-09-22
SIYSIL,EQ,22-Sep-2026,530.0,535.8,538.4,527.1,535.75,20446,109.19,2317,8612.0,42.12,2026-09-22
SJLOGISTIC,SM,22-Sep-2026,313.1,314.9,321.5,313.25,313.95,25250,79.84,92,13750.0,54.46,2026-09-22
SJS,EQ,22-Sep-2026,2329.6,2335.0,2359.9,2304.5,2310.8,56227,1305.91,7996,29065.0,51.69,2026-09-22
SJVN,EQ,22-Sep-2026,63.35,63.4,63.91,62.85,63.11,2784240,1761.19,18585,1449709.0,52.07,2026-09-22
SKFINDIA,EQ,22-Sep-2026,1532.5,1537.9,1539.8,1504.0,1507.2,37128,563.15,4883,22515.0,60.64,2026-09-22
SKFINDUS,EQ,22-Sep-2026,2880.0,2894.4,2917.6,2781.6,2790.8,21855,616.39,5195,9826.0,44.96,2026-09-22
SKIPPER,EQ,22-Sep-2026,560.35,563.2,577.5,555.45,561.55,666777,3782.41,25140,241864.0,36.27,2026-09-22
SKMEGGPROD,EQ,22-Sep-2026,229.05,229.0,231.1,218.3,221.25,237366,529.78,3978,148459.0,62.54,2026-09-22
SKP,SM,22-Sep-2026,163.0,161.25,162.6,160.05,160.05,20500,33.14,36,2000.0,9.76,2026-09-22
SKYGOLD,EQ,22-Sep-2026,794.75,796.0,806.0,788.55,802.55,490824,3916.01,18149,287566.0,58.59,2026-09-22
SKYTECH,SM,22-Sep-2026,26.45,27.75,27.75,27.75,27.75,8000,2.22,3,8000.0,100.0,2026-09-22
SKYWAYS,EQ,22-Sep-2026,126.03,128.54,133.0,124.63,130.32,13853831,17848.3,90404,1540915.0,11.12,2026-09-22
SLONE,ST,22-Sep-2026,166.6,169.0,174.5,164.0,169.25,2000,3.41,5,1600.0,80.0,2026-09-22
SMALL250,EQ,22-Sep-2026,18.36,18.73,18.73,18.29,18.35,597786,109.68,525,160477.0,26.85,2026-09-22
SMALLADD,EQ,22-Sep-2026,18.35,18.49,18.52,18.35,18.43,23859,4.39,113,18234.0,76.42,2026-09-22
SMALLCAP,EQ,22-Sep-2026,48.98,50.2,50.2,48.66,48.74,1707236,834.53,2753,706442.0,41.38,2026-09-22
SMALLGROWW,EQ,22-Sep-2026,48.91,49.1,49.38,48.62,48.84,8360,4.09,68,3927.0,46.97,2026-09-22
SMALLIETF,EQ,22-Sep-2026,18.38,18.47,18.47,18.25,18.34,43651,8.02,125,23525.0,53.89,2026-09-22
SMARTEN,SM,22-Sep-2026,56.7,56.7,59.5,56.7,59.3,56400,33.18,41,44400.0,78.72,2026-09-22
SMARTLINK,BE,22-Sep-2026,213.57,212.51,224.0,212.51,223.97,3657,8.16,52,,,2026-09-22
SMARTWORKS,EQ,22-Sep-2026,540.25,545.7,557.9,536.65,543.9,75216,412.44,5154,33392.0,44.39,2026-09-22
SMCGLOBAL,EQ,22-Sep-2026,81.53,81.99,82.88,80.76,82.43,641242,526.59,4566,452554.0,70.57,2026-09-22
SML100CASE,EQ,22-Sep-2026,11.28,11.56,11.56,11.25,11.29,1248407,141.14,1140,1012654.0,81.12,2026-09-22
SMLMAH,EQ,22-Sep-2026,6464.0,6490.0,6787.0,6451.5,6719.5,73551,4882.65,11340,31345.0,42.62,2026-09-22
SMLT,EQ,22-Sep-2026,59.98,61.5,61.5,58.5,60.77,3830,2.31,263,3102.0,80.99,2026-09-22
SMSPHARMA,EQ,22-Sep-2026,466.5,467.85,494.45,467.85,483.35,1908207,9214.34,41751,637354.0,33.4,2026-09-22
SNEHAA,SM,22-Sep-2026,44.2,43.7,44.0,43.7,44.0,3000,1.32,3,3000.0,100.0,2026-09-22
SNOWMAN,EQ,22-Sep-2026,35.21,35.79,35.79,34.75,34.85,115991,40.67,1094,67731.0,58.39,2026-09-22
SNXT30BEES,EQ,22-Sep-2026,42.14,42.14,42.33,41.93,42.06,5894,2.48,56,3760.0,63.79,2026-09-22
SNXT50BETA,EQ,22-Sep-2026,94.34,95.2,95.44,92.05,92.66,4011,3.75,79,3742.0,93.29,2026-09-22
SOBHA,EQ,22-Sep-2026,1214.0,1223.3,1260.0,1217.9,1230.9,133744,1655.35,14986,34446.0,25.76,2026-09-22
SOCL,SM,22-Sep-2026,28.7,28.7,28.7,27.4,27.4,9600,2.73,5,9600.0,100.0,2026-09-22
SOFTTECH,EQ,22-Sep-2026,521.0,535.0,535.0,494.95,498.25,9390,47.35,281,7047.0,75.05,2026-09-22
SOLARA,EQ,22-Sep-2026,753.25,753.4,763.0,739.55,744.55,260825,1951.25,13650,128662.0,49.33,2026-09-22
SOLARINDS,EQ,22-Sep-2026,19265.0,19395.0,20225.0,19315.0,19890.0,396641,78801.11,70251,159257.0,40.15,2026-09-22
SOLARWORLD,EQ,22-Sep-2026,140.82,141.0,142.93,138.24,139.46,581345,811.66,4488,395250.0,67.99,2026-09-22
SOLEX,EQ,22-Sep-2026,692.05,699.8,712.9,671.4,678.95,42358,292.65,4253,17747.0,41.9,2026-09-22
SOMANYCERA,EQ,22-Sep-2026,589.45,589.5,601.75,589.45,594.75,97579,581.38,4828,61247.0,62.77,2026-09-22
SOMATEX,EQ,22-Sep-2026,80.11,80.0,81.44,78.51,80.02,5262,4.21,108,2500.0,47.51,2026-09-22
SOMICONVEY,EQ,22-Sep-2026,92.46,93.0,93.98,90.98,92.66,1916,1.77,87,1496.0,78.08,2026-09-22
SONACOMS,EQ,22-Sep-2026,795.25,800.0,809.0,794.05,809.0,1560055,12509.0,34790,677032.0,43.4,2026-09-22
SONAL,EQ,22-Sep-2026,84.01,84.01,84.01,84.01,84.01,50,0.04,4,50.0,100.0,2026-09-22
SONAMAC,SM,22-Sep-2026,32.45,32.9,32.9,32.9,32.9,1000,0.33,1,1000.0,100.0,2026-09-22
SONAMLTD,BE,22-Sep-2026,68.43,70.0,70.0,67.0,67.21,33405,22.75,149,,,2026-09-22
SONATSOFTW,EQ,22-Sep-2026,278.8,279.9,285.0,276.0,284.45,954532,2693.08,13443,398455.0,41.74,2026-09-22
SONUINFRA,ST,22-Sep-2026,45.1,47.3,47.3,47.3,47.3,1500,0.71,1,1500.0,100.0,2026-09-22
SOTL,EQ,22-Sep-2026,724.7,728.6,733.35,714.55,724.35,190337,1379.79,10417,70417.0,37.0,2026-09-22
SOUTHBANK,EQ,22-Sep-2026,45.52,45.89,45.95,45.11,45.23,4437444,2018.98,17672,1939866.0,43.72,2026-09-22
SOUTHWEST,EQ,22-Sep-2026,189.49,189.0,194.51,189.0,190.79,95266,182.59,2527,49538.0,52.0,2026-09-22
SPAL,EQ,22-Sep-2026,973.1,977.7,991.0,972.5,979.7,20612,202.17,2062,9797.0,47.53,2026-09-22
SPANDANA,EQ,22-Sep-2026,228.63,229.2,231.41,226.0,227.38,51888,118.61,2262,22769.0,43.88,2026-09-22
SPARC,EQ,22-Sep-2026,196.1,195.9,203.5,195.9,197.96,884640,1773.76,16213,369408.0,41.76,2026-09-22
SPCENET,EQ,22-Sep-2026,3.17,3.22,3.38,3.19,3.29,909337,30.02,633,623962.0,68.62,2026-09-22
SPCL,SM,22-Sep-2026,66.8,66.8,68.5,66.15,66.7,18000,12.13,26,11400.0,63.33,2026-09-22
SPCON,SM,22-Sep-2026,186.9,182.25,207.5,165.0,165.0,39600,68.0,21,28800.0,72.73,2026-09-22
SPECIALITY,BE,22-Sep-2026,144.0,144.0,150.0,144.0,149.53,29566,43.98,307,,,2026-09-22
SPECTRUM,BE,22-Sep-2026,3191.5,3285.0,3351.0,3090.0,3344.5,14682,483.84,936,,,2026-09-22
SPENCERS,EQ,22-Sep-2026,28.03,28.39,28.99,27.85,28.47,19506,5.54,203,14435.0,74.0,2026-09-22
SPIC,EQ,22-Sep-2026,66.74,66.8,67.15,65.86,66.09,205502,136.48,2115,120235.0,58.51,2026-09-22
SPLIL,EQ,22-Sep-2026,30.26,30.26,31.5,29.65,30.52,7934,2.46,68,6423.0,80.96,2026-09-22
SPLPETRO,EQ,22-Sep-2026,865.6,870.75,871.0,852.35,864.75,126025,1090.09,10349,67136.0,53.27,2026-09-22
SPMLINFRA,EQ,22-Sep-2026,167.99,169.83,171.0,165.49,166.44,121670,204.62,1666,68021.0,55.91,2026-09-22
SPORTKING,EQ,22-Sep-2026,206.87,206.87,219.79,205.97,214.49,455954,981.21,12051,206442.0,45.28,2026-09-22
SPPPOLY,SM,22-Sep-2026,12.2,11.8,11.8,11.8,11.8,2000,0.24,1,2000.0,100.0,2026-09-22
SPRL,SM,22-Sep-2026,104.0,109.2,109.2,109.2,109.2,4000,4.37,5,4000.0,100.0,2026-09-22
SPUNWEB,SM,22-Sep-2026,102.9,100.75,100.75,99.0,100.0,18000,18.01,13,16800.0,93.33,2026-09-22
SRD,EQ,22-Sep-2026,40.47,40.99,41.0,39.65,40.32,15162,6.07,141,13731.0,90.56,2026-09-22
SREEL,BE,22-Sep-2026,278.7,276.3,281.79,276.3,279.9,8245,23.02,210,,,2026-09-22
SRF,EQ,22-Sep-2026,2540.0,2540.0,2554.3,2526.4,2538.3,69512,1765.86,8039,37825.0,54.42,2026-09-22
SRGHFL,EQ,22-Sep-2026,132.5,133.0,145.0,130.2,143.75,74850,104.84,809,63472.0,84.8,2026-09-22
SRHHYPOLTD,EQ,22-Sep-2026,627.7,664.7,670.0,591.25,599.25,336785,2118.19,21893,105214.0,31.24,2026-09-22
SRIKPRIND,BE,22-Sep-2026,28.54,28.64,29.74,28.0,28.78,18113,5.23,101,,,2026-09-22
SRIVASAVI,ST,22-Sep-2026,74.0,76.1,77.7,76.1,77.7,10000,7.72,8,10000.0,100.0,2026-09-22
SRM,EQ,22-Sep-2026,421.0,420.25,428.0,415.3,419.8,43479,183.08,2438,22767.0,52.36,2026-09-22
SRTL,EQ,22-Sep-2026,38.36,38.36,39.03,37.4,38.84,55248,21.28,377,49999.0,90.5,2026-09-22
SSDL,EQ,22-Sep-2026,60.28,62.78,70.99,62.77,65.71,490278,332.61,9331,119221.0,24.32,2026-09-22
SSEGL,SM,22-Sep-2026,398.45,401.0,402.95,386.0,386.85,44600,174.4,192,31400.0,70.4,2026-09-22
SSFL,ST,22-Sep-2026,295.0,296.0,296.0,285.0,289.95,5500,15.98,11,4500.0,81.82,2026-09-22
SSWL,EQ,22-Sep-2026,361.75,361.75,389.85,358.0,364.8,2427282,9120.45,52228,755335.0,31.12,2026-09-22
STALLION,BE,22-Sep-2026,231.5,230.9,237.7,221.6,226.23,479856,1105.79,3299,,,2026-09-22
STANLEY,EQ,22-Sep-2026,135.11,136.15,136.99,134.7,135.43,35397,48.09,898,18010.0,50.88,2026-09-22
STAR,EQ,22-Sep-2026,1235.1,1234.2,1246.7,1195.5,1217.4,285056,3483.99,25638,121631.0,42.67,2026-09-22
STARCEMENT,EQ,22-Sep-2026,193.5,194.0,195.0,189.1,189.51,147576,282.73,3757,85678.0,58.06,2026-09-22
STARHEALTH,EQ,22-Sep-2026,542.9,543.0,547.0,539.2,544.6,355636,1934.97,21620,223832.0,62.94,2026-09-22
STARPAPER,EQ,22-Sep-2026,159.13,158.5,160.0,155.22,156.79,3168,4.98,109,2369.0,74.78,2026-09-22
STARTECK,EQ,22-Sep-2026,251.85,253.15,253.15,240.3,242.0,19,0.05,10,10.0,52.63,2026-09-22
STCINDIA,EQ,22-Sep-2026,111.04,111.9,112.15,110.9,111.06,14626,16.3,522,10337.0,70.68,2026-09-22
STEAMHOUSE,EQ,22-Sep-2026,105.05,107.75,113.04,106.65,112.02,21132380,23196.09,104306,4642832.0,21.97,2026-09-22
STEELCAS,EQ,22-Sep-2026,317.45,365.0,365.0,340.0,350.15,1480419,5159.53,35922,309224.0,20.89,2026-09-22
STEELCITY,EQ,22-Sep-2026,86.07,87.56,87.56,84.87,85.59,3722,3.19,110,2892.0,77.7,2026-09-22
STEELXIND,EQ,22-Sep-2026,11.22,11.22,11.45,11.1,11.18,3289141,368.9,3045,1697448.0,51.61,2026-09-22
STEL,EQ,22-Sep-2026,662.75,662.0,674.0,656.05,663.55,3924,26.09,423,2348.0,59.84,2026-09-22
STERTOOLS,BE,22-Sep-2026,218.8,219.0,229.7,218.0,223.02,34254,76.64,504,,,2026-09-22
STLNETWORK,EQ,22-Sep-2026,45.09,45.09,47.34,44.01,47.34,13000814,5981.06,24415,8089031.0,62.22,2026-09-22
STLSTRINF,EQ,22-Sep-2026,24.04,24.99,24.99,23.0,23.16,10145,2.38,84,6741.0,66.45,2026-09-22
STLTECH,BE,22-Sep-2026,813.65,819.95,851.0,818.0,839.55,1444247,12117.26,23826,,,2026-09-22
STOVEKRAFT,EQ,22-Sep-2026,815.1,817.9,835.95,816.05,827.8,107974,895.73,10803,37617.0,34.84,2026-09-22
STRIDERS,SM,22-Sep-2026,52.3,56.0,62.75,53.0,53.25,203200,119.67,54,156800.0,77.17,2026-09-22
STUDDS,EQ,22-Sep-2026,430.5,429.0,434.4,419.55,421.45,44386,188.41,2320,25110.0,56.57,2026-09-22
STUDIOLSD,SM,22-Sep-2026,9.2,9.2,9.2,8.85,8.85,8000,0.72,4,8000.0,100.0,2026-09-22
STYL,EQ,22-Sep-2026,350.15,350.15,364.0,345.25,361.25,84140,301.78,3498,38010.0,45.17,2026-09-22
STYLAMIND,EQ,22-Sep-2026,3195.5,3194.9,3360.5,3153.4,3309.4,109057,3551.79,18982,44159.0,40.49,2026-09-22
STYLEBAAZA,EQ,22-Sep-2026,394.75,398.95,399.05,375.05,375.05,4125890,15636.13,21337,2308319.0,55.95,2026-09-22
STYRENIX,EQ,22-Sep-2026,2096.1,2096.0,2110.4,2070.0,2078.3,16283,340.15,2533,9261.0,56.88,2026-09-22
SUBAHOTELS,SM,22-Sep-2026,89.45,89.5,93.3,89.5,90.05,26400,23.96,19,10800.0,40.91,2026-09-22
SUBEXLTD,EQ,22-Sep-2026,19.61,19.7,19.83,19.1,19.37,4951473,959.05,9790,1752843.0,35.4,2026-09-22
SUBROS,EQ,22-Sep-2026,714.9,715.0,724.35,715.0,720.65,18563,133.42,1685,10227.0,55.09,2026-09-22
SUDARCOLOR,EQ,22-Sep-2026,402.0,410.0,410.0,388.15,390.2,4738,18.63,274,3282.0,69.27,2026-09-22
SUDARSCHEM,EQ,22-Sep-2026,1257.9,1274.1,1274.1,1222.4,1230.3,122386,1517.9,8141,69057.0,56.43,2026-09-22
SUDEEPPHRM,EQ,22-Sep-2026,1144.0,1141.1,1201.2,1133.8,1197.1,307848,3666.08,15432,161041.0,52.31,2026-09-22
SUKHJITS,EQ,22-Sep-2026,163.31,163.0,164.5,160.03,161.0,11140,18.04,383,6833.0,61.34,2026-09-22
SULA,EQ,22-Sep-2026,134.46,134.9,136.89,134.46,135.48,259852,352.3,3994,125067.0,48.13,2026-09-22
SUMAX,SM,22-Sep-2026,108.35,108.0,112.7,107.3,108.0,49200,53.8,41,36000.0,73.17,2026-09-22
SUMEDHA,EQ,22-Sep-2026,43.9,48.1,48.1,44.0,44.04,2902,1.31,95,2523.0,86.94,2026-09-22
SUMEETINDS,EQ,22-Sep-2026,10.03,10.44,10.53,10.44,10.53,624237,65.66,200,535833.0,85.84,2026-09-22
SUMICHEM,EQ,22-Sep-2026,454.55,453.55,462.7,450.65,457.5,466298,2134.0,15034,305160.0,65.44,2026-09-22
SUMIT,EQ,22-Sep-2026,49.54,50.99,50.99,48.5,50.06,13814,6.84,110,12662.0,91.66,2026-09-22
SUMMITSEC,EQ,22-Sep-2026,1388.5,1404.8,1410.0,1395.3,1404.0,650,9.11,174,393.0,60.46,2026-09-22
SUNCLAY,EQ,22-Sep-2026,1251.8,1252.5,1266.6,1221.0,1252.5,6249,77.51,615,3973.0,63.58,2026-09-22
SUNDARAM,EQ,22-Sep-2026,1.17,1.19,1.19,1.16,1.17,232872,2.73,277,172272.0,73.98,2026-09-22
SUNDARMFIN,EQ,22-Sep-2026,4679.5,4665.6,4873.7,4650.0,4751.9,90693,4364.47,20770,36003.0,39.7,2026-09-22
SUNDRMBRAK,BE,22-Sep-2026,699.0,705.0,709.0,665.0,690.85,4033,27.39,94,,,2026-09-22
SUNDRMFAST,EQ,22-Sep-2026,1207.4,1205.6,1218.9,1176.6,1190.9,190200,2266.69,22083,94535.0,49.7,2026-09-22
SUNDROP,EQ,22-Sep-2026,707.95,719.0,773.0,711.5,742.35,291500,2175.36,13355,117421.0,40.28,2026-09-22
SUNFLAG,EQ,22-Sep-2026,352.85,355.45,362.2,352.7,355.05,199128,713.03,6277,92779.0,46.59,2026-09-22
SUNLITE,SM,22-Sep-2026,657.5,669.0,669.0,630.0,634.15,46500,300.41,126,28500.0,61.29,2026-09-22
SUNLOC,EQ,22-Sep-2026,73.0,73.0,75.8,73.0,75.8,122,0.09,4,64.0,52.46,2026-09-22
SUNPHARMA,EQ,22-Sep-2026,1868.9,1869.0,1876.4,1842.3,1846.4,1062235,19669.54,80108,676260.0,63.66,2026-09-22
SUNRAKSHAK,EQ,22-Sep-2026,365.0,365.5,368.9,363.0,364.85,4543,16.63,173,3315.0,72.97,2026-09-22
SUNREST,SM,22-Sep-2026,36.75,36.95,38.45,36.95,38.45,11200,4.26,6,11200.0,100.0,2026-09-22
SUNSHIEL,EQ,22-Sep-2026,1208.4,1227.0,1235.0,1184.8,1192.0,6652,80.25,731,3278.0,49.28,2026-09-22
SUNSHINE,EQ,22-Sep-2026,430.1,432.8,444.0,427.2,440.4,705974,3071.2,8683,371751.0,52.66,2026-09-22
SUNTECH,SM,22-Sep-2026,38.6,39.9,40.0,37.6,37.6,9600,3.74,6,8000.0,83.33,2026-09-22
SUNTECK,EQ,22-Sep-2026,290.0,290.3,292.7,286.1,287.9,54482,157.78,2211,23282.0,42.73,2026-09-22
SUNTV,EQ,22-Sep-2026,457.55,458.0,494.2,454.0,490.1,3413835,16528.26,73354,774213.0,22.68,2026-09-22
SUPERHOUSE,EQ,22-Sep-2026,169.49,170.31,171.0,168.0,169.17,4819,8.17,97,3829.0,79.46,2026-09-22
SUPERSPIN,BE,22-Sep-2026,7.07,6.93,7.42,6.76,7.4,55578,4.01,43,,,2026-09-22
SUPRAJIT,EQ,22-Sep-2026,480.85,484.0,487.7,482.2,483.45,37481,181.72,3816,20111.0,53.66,2026-09-22
SUPREME,EQ,22-Sep-2026,31.96,33.7,33.7,31.1,32.19,14062,4.47,200,10384.0,73.84,2026-09-22
SUPREMEENG,BZ,22-Sep-2026,3.65,3.72,3.72,3.72,3.72,190781,7.1,88,,,2026-09-22
SUPREMEIND,EQ,22-Sep-2026,3500.0,3495.0,3511.2,3435.9,3460.5,194956,6767.27,13921,127408.0,65.35,2026-09-22
SUPREMEINF,EQ,22-Sep-2026,80.95,82.92,83.0,80.2,80.5,6278,5.11,127,3703.0,58.98,2026-09-22
SUPREMEPWR,SM,22-Sep-2026,210.5,207.05,209.95,200.0,203.45,109000,222.98,163,69500.0,63.76,2026-09-22
SUPRIYA,EQ,22-Sep-2026,957.7,963.0,971.65,933.1,939.1,333549,3176.01,23441,118684.0,35.58,2026-09-22
SUPTANERY,BE,22-Sep-2026,9.67,10.15,10.15,10.15,10.15,72173,7.33,112,,,2026-09-22
SURAJEST,EQ,22-Sep-2026,216.41,213.0,226.61,213.0,217.0,622792,1379.51,12871,216544.0,34.77,2026-09-22
SURAJLTD,EQ,22-Sep-2026,198.0,198.0,204.99,190.3,202.41,920,1.85,57,829.0,90.11,2026-09-22
SURAKSHA,EQ,22-Sep-2026,349.1,351.9,358.05,341.0,353.4,177064,623.26,5909,87026.0,49.15,2026-09-22
SURANASOL,EQ,22-Sep-2026,26.03,25.82,26.35,25.41,25.53,17108,4.42,352,14520.0,84.87,2026-09-22
SURANAT&P,EQ,22-Sep-2026,16.1,16.11,16.5,16.11,16.19,22965,3.74,318,15076.0,65.65,2026-09-22
SURANI,SM,22-Sep-2026,100.0,95.0,100.0,95.0,100.0,2400,2.38,5,2400.0,100.0,2026-09-22
SURYALA,EQ,22-Sep-2026,382.0,392.9,392.95,380.2,390.8,421,1.64,19,266.0,63.18,2026-09-22
SURYALAXMI,EQ,22-Sep-2026,57.74,57.6,58.89,57.01,57.4,3951,2.3,79,3361.0,85.07,2026-09-22
SURYAROSNI,EQ,22-Sep-2026,211.18,211.18,215.8,211.01,212.05,391334,831.93,8180,202498.0,51.75,2026-09-22
SURYODAY,EQ,22-Sep-2026,146.94,148.55,148.97,145.79,146.4,125159,184.46,2279,68271.0,54.55,2026-09-22
SUTLEJTEX,BE,22-Sep-2026,38.34,39.45,40.0,38.37,38.92,20552,8.05,67,,,2026-09-22
SUVEN,EQ,22-Sep-2026,337.9,337.9,345.2,334.3,335.45,271490,917.64,8716,127241.0,46.87,2026-09-22
SUVIDHAA,EQ,22-Sep-2026,2.22,2.25,2.39,2.19,2.22,1482871,33.18,518,1457389.0,98.28,2026-09-22
SUYOG,EQ,22-Sep-2026,648.2,654.9,658.5,641.5,644.65,15031,97.42,1035,8145.0,54.19,2026-09-22
SUZLON,EQ,22-Sep-2026,43.34,43.5,44.22,42.91,43.0,41578320,18082.48,88357,17964295.0,43.21,2026-09-22
SVGLOBAL,EQ,22-Sep-2026,160.65,159.0,159.5,150.2,155.6,7057,10.99,213,3833.0,54.31,2026-09-22
SVLL,EQ,22-Sep-2026,816.0,814.0,885.0,814.0,867.65,7371,62.46,215,6476.0,87.86,2026-09-22
SVPGLOB,EQ,22-Sep-2026,3.35,3.44,3.44,3.19,3.34,31926,1.05,64,20723.0,64.91,2026-09-22
SWANCORP,EQ,22-Sep-2026,302.2,303.0,311.0,301.0,302.75,1116225,3416.08,24775,314437.0,28.17,2026-09-22
SWANDEF,BE,22-Sep-2026,2713.4,2646.0,2769.9,2645.6,2722.0,26576,728.91,1080,,,2026-09-22
SWARAJ,BE,22-Sep-2026,286.7,279.0,301.0,278.95,292.55,345708,1028.18,1748,,,2026-09-22
SWARAJENG,EQ,22-Sep-2026,3572.4,3572.4,3594.7,3542.0,3556.0,5088,180.86,1142,3340.0,65.64,2026-09-22
SWARNSAR,EQ,22-Sep-2026,37.07,37.81,40.4,36.55,39.69,54675,21.51,339,43674.0,79.88,2026-09-22
SWASTIK,ST,22-Sep-2026,16.95,17.75,17.75,17.75,17.75,2400,0.43,2,2400.0,100.0,2026-09-22
SWELECTES,EQ,22-Sep-2026,572.6,573.8,574.0,559.8,564.95,4248,24.03,450,2875.0,67.68,2026-09-22
SWIGGY,EQ,22-Sep-2026,272.7,273.0,284.25,272.8,284.05,32604564,91231.74,143178,19531318.0,59.9,2026-09-22
SWISSMLTRY,BE,22-Sep-2026,14.34,14.34,14.69,13.93,14.39,107210,15.24,293,,,2026-09-22
SWSOLAR,EQ,22-Sep-2026,173.27,178.89,186.66,176.1,178.42,5752741,10461.48,65534,826629.0,14.37,2026-09-22
SYMBIOTEC,EQ,22-Sep-2026,1156.05,1099.0,1188.0,1095.0,1120.9,2182137,25054.82,119944,622320.0,28.52,2026-09-22
SYMPHONY,EQ,22-Sep-2026,597.8,597.8,598.05,589.1,590.55,22943,136.11,1540,13224.0,57.64,2026-09-22
SYNCOMF,EQ,22-Sep-2026,19.85,19.87,21.0,19.87,20.4,9828587,2028.62,16105,3913035.0,39.81,2026-09-22
SYNGENE,EQ,22-Sep-2026,385.15,385.15,385.85,373.6,377.5,422362,1598.11,19766,200116.0,47.38,2026-09-22
SYNOPTICS,ST,22-Sep-2026,45.0,45.0,47.25,45.0,47.25,4800,2.25,8,4800.0,100.0,2026-09-22
SYRMA,EQ,22-Sep-2026,1713.3,1720.0,1803.9,1714.5,1741.8,4023734,71303.9,133696,868531.0,21.59,2026-09-22
SYSTANGO,SM,22-Sep-2026,220.7,221.45,226.7,221.4,226.0,19200,43.0,47,12000.0,62.5,2026-09-22
SYSTMTXC,BE,22-Sep-2026,75.6,75.0,76.3,74.9,76.3,15671,11.79,48,,,2026-09-22
TAALTECH,EQ,22-Sep-2026,5714.6,1163.0,1234.0,1158.0,1185.4,145451,1749.63,15313,63938.0,43.96,2026-09-22
TAC,ST,22-Sep-2026,476.45,480.0,500.25,475.7,500.25,41600,203.89,140,40600.0,97.6,2026-09-22
TAINWALCHM,EQ,22-Sep-2026,219.54,219.54,228.0,216.0,219.29,1736,3.84,94,1320.0,76.04,2026-09-22
TAJGVK,EQ,22-Sep-2026,328.8,328.8,332.95,326.05,328.85,38081,125.41,1744,19078.0,50.1,2026-09-22
TAKE,EQ,22-Sep-2026,16.47,16.6,16.6,15.75,15.84,254803,41.26,1695,197956.0,77.69,2026-09-22
TALBROAUTO,EQ,22-Sep-2026,467.3,466.0,485.8,464.55,475.3,342284,1627.72,12040,134150.0,39.19,2026-09-22
TAMBOLIIN,BE,22-Sep-2026,292.2,305.9,305.9,280.0,289.95,3180,9.3,88,,,2026-09-22
TANAA,EQ,22-Sep-2026,319.6,334.5,378.95,332.5,367.05,965676,3510.71,30526,225724.0,23.37,2026-09-22
TANKUP,ST,22-Sep-2026,1613.05,1643.5,1643.5,1638.0,1638.0,2250,36.89,6,2250.0,100.0,2026-09-22
TANLA,EQ,22-Sep-2026,493.4,493.0,496.35,483.75,485.35,387958,1892.45,11826,201010.0,51.81,2026-09-22
TARACHAND,EQ,22-Sep-2026,47.2,47.25,47.99,46.6,47.08,41820,19.78,478,25722.0,61.51,2026-09-22
TARAPUR,EQ,22-Sep-2026,12.31,12.0,12.53,11.45,12.08,39790,4.8,280,30771.0,77.33,2026-09-22
TARC,EQ,22-Sep-2026,129.97,129.97,132.19,129.05,130.66,312935,408.71,4287,181169.0,57.89,2026-09-22
TARIL,EQ,22-Sep-2026,278.25,279.15,285.75,279.15,280.75,810752,2288.35,16288,397837.0,49.07,2026-09-22
TARMAT,EQ,22-Sep-2026,54.76,55.87,55.9,54.13,54.22,9899,5.43,258,7430.0,75.06,2026-09-22
TARSONS,EQ,22-Sep-2026,341.3,342.0,344.9,330.2,331.5,262560,882.96,8951,70892.0,27.0,2026-09-22
TASTYBITE,EQ,22-Sep-2026,9798.0,9801.0,9941.0,9784.0,9829.0,3087,303.22,662,2229.0,72.21,2026-09-22
TATACAP,EQ,22-Sep-2026,343.7,343.0,345.6,340.25,341.1,934131,3194.95,30757,546354.0,58.49,2026-09-22
TATACHEM,EQ,22-Sep-2026,694.7,695.0,697.05,673.0,674.0,1586207,10802.79,34670,576929.0,36.37,2026-09-22
TATACOMM,EQ,22-Sep-2026,1732.7,1733.0,1741.0,1682.1,1692.4,136660,2325.64,16128,58531.0,42.83,2026-09-22
TATACONSUM,EQ,22-Sep-2026,1000.6,1002.9,1006.0,984.1,984.1,683063,6782.04,41429,388106.0,56.82,2026-09-22
TATAELXSI,EQ,22-Sep-2026,3287.0,3295.0,3295.0,3200.0,3220.0,523177,16850.3,45786,160303.0,30.64,2026-09-22
TATAGOLD,EQ,22-Sep-2026,14.76,14.78,14.78,14.61,14.69,45022739,6619.63,54172,25222247.0,56.02,2026-09-22
TATAINVEST,EQ,22-Sep-2026,680.5,686.0,697.15,677.1,682.25,729720,5013.97,24576,230522.0,31.59,2026-09-22
TATAPOWER,EQ,22-Sep-2026,367.15,367.0,370.0,365.9,367.0,2521297,9276.27,34026,1277910.0,50.68,2026-09-22
TATASTEEL,EQ,22-Sep-2026,183.4,183.6,185.49,183.1,184.97,17525509,32276.13,92588,7417657.0,42.32,2026-09-22
TATATECH,EQ,22-Sep-2026,724.9,724.9,724.9,712.0,715.55,476836,3423.17,26683,208783.0,43.79,2026-09-22
TATSILV,EQ,22-Sep-2026,22.55,22.52,22.59,22.17,22.36,31043387,6948.44,37045,10101501.0,32.54,2026-09-22
TATVA,EQ,22-Sep-2026,1761.2,1775.0,1817.0,1731.5,1744.2,53674,953.82,5959,20859.0,38.86,2026-09-22
TAURIAN,ST,22-Sep-2026,535.25,521.1,562.0,521.1,559.65,36800,204.98,45,30400.0,82.61,2026-09-22
TBI,SM,22-Sep-2026,79.2,79.95,80.0,76.3,77.05,28800,22.39,34,23400.0,81.25,2026-09-22
TBOTEK,EQ,22-Sep-2026,1704.9,1705.0,1748.0,1682.1,1703.7,596139,10237.65,31975,312343.0,52.39,2026-09-22
TBZ,EQ,22-Sep-2026,633.7,650.0,665.35,636.95,665.35,881481,5815.8,7168,426890.0,48.43,2026-09-22
TCC,EQ,22-Sep-2026,45.99,46.22,55.18,45.2,52.62,4284942,2185.1,21015,559174.0,13.05,2026-09-22
TCI,EQ,22-Sep-2026,807.25,809.8,825.0,797.0,813.45,70223,567.91,11748,36140.0,51.46,2026-09-22
TCIEXP,EQ,22-Sep-2026,482.6,482.6,489.95,482.6,486.15,8484,41.22,983,5151.0,60.71,2026-09-22
TCIFINANCE,EQ,22-Sep-2026,15.41,15.15,15.68,14.81,15.26,4943,0.76,100,3850.0,77.89,2026-09-22
TCL,SM,22-Sep-2026,138.75,139.0,139.0,130.0,131.55,43200,57.01,53,33600.0,77.78,2026-09-22
TCPLPACK,EQ,22-Sep-2026,3881.1,3914.0,3919.8,3813.5,3833.8,2746,105.53,920,1496.0,54.48,2026-09-22
TCS,EQ,22-Sep-2026,2128.7,2135.1,2135.2,2098.2,2105.0,3641623,76777.94,108224,2002739.0,55.0,2026-09-22
TDPOWERSYS,EQ,22-Sep-2026,747.3,754.0,763.25,743.35,756.4,1714771,12925.06,59991,751849.0,43.85,2026-09-22
TEAMGTY,EQ,22-Sep-2026,241.9,242.99,242.99,235.2,240.77,359,0.86,25,311.0,86.63,2026-09-22
TEAMLEASE,EQ,22-Sep-2026,1217.0,1230.2,1230.2,1195.4,1201.0,16127,195.18,5037,9571.0,59.35,2026-09-22
TEAMTECH,ST,22-Sep-2026,130.0,132.9,134.0,130.0,130.0,20000,26.36,9,16000.0,80.0,2026-09-22
TECH,EQ,22-Sep-2026,31.71,31.55,32.23,31.1,31.37,33252,10.41,263,18803.0,56.55,2026-09-22
TECHD,SM,22-Sep-2026,539.0,550.0,565.0,549.95,556.8,26100,145.2,77,15600.0,59.77,2026-09-22
TECHERA,SM,22-Sep-2026,152.65,152.0,154.95,150.4,151.15,36800,56.31,45,28800.0,78.26,2026-09-22
TECHLABS,SM,22-Sep-2026,126.65,132.0,132.0,120.35,120.5,47375,58.43,146,42250.0,89.18,2026-09-22
TECHM,EQ,22-Sep-2026,1558.5,1553.7,1558.7,1530.9,1551.6,1013719,15647.19,61901,565537.0,55.79,2026-09-22
TECHNOCRAF,EQ,22-Sep-2026,437.65,439.0,463.0,438.3,457.5,1492761,6737.05,27649,721521.0,48.33,2026-09-22
TECHNOE,EQ,22-Sep-2026,1012.25,1017.7,1041.4,1000.0,1005.65,112644,1145.5,11932,48898.0,43.41,2026-09-22
TECHNVISN,EQ,22-Sep-2026,4154.5,4154.5,4290.0,3947.0,3982.5,773,31.07,200,609.0,78.78,2026-09-22
TECILCHEM,EQ,22-Sep-2026,9.46,9.31,9.46,9.0,9.31,6433,0.6,68,6264.0,97.37,2026-09-22
TEGA,EQ,22-Sep-2026,2129.0,2130.0,2175.0,2060.0,2069.0,1295775,27512.38,59519,242639.0,18.73,2026-09-22
TEJA,SM,22-Sep-2026,236.55,230.85,233.7,215.0,218.8,45600,100.74,50,19800.0,43.42,2026-09-22
TEJASNET,EQ,22-Sep-2026,516.85,518.0,527.0,515.0,516.3,963970,5010.18,25942,243677.0,25.28,2026-09-22
TEMBO,EQ,22-Sep-2026,57.8,57.99,58.86,57.01,57.36,1028129,592.41,3917,435467.0,42.36,2026-09-22
TEMPSENS,EQ,22-Sep-2026,526.85,528.0,551.55,528.0,537.1,1620809,8742.56,39354,425742.0,26.27,2026-09-22
TENNIND,EQ,22-Sep-2026,514.1,513.0,535.1,513.0,532.75,1047619,5532.91,34617,619454.0,59.13,2026-09-22
TERASOFT,EQ,22-Sep-2026,248.65,251.1,252.8,238.25,240.8,15569,37.64,1116,7979.0,51.25,2026-09-22
TEXINFRA,EQ,22-Sep-2026,114.06,115.31,115.9,108.95,115.02,130228,149.74,867,100425.0,77.11,2026-09-22
TEXMOPIPES,EQ,22-Sep-2026,60.67,61.0,62.0,59.15,59.38,270473,163.26,2568,80062.0,29.6,2026-09-22
TEXRAIL,EQ,22-Sep-2026,114.43,114.43,119.95,114.43,119.2,4041975,4787.68,32672,1862075.0,46.07,2026-09-22
TFCILTD,EQ,22-Sep-2026,140.06,140.49,144.48,139.79,140.8,9890686,14065.25,28244,5457577.0,55.18,2026-09-22
TFL,EQ,22-Sep-2026,12.08,11.84,12.08,11.67,11.75,1810,0.21,27,1020.0,56.35,2026-09-22
TGBHOTELS,EQ,22-Sep-2026,9.54,9.9,9.9,9.34,9.64,18593,1.8,134,13999.0,75.29,2026-09-22
TGL,ST,22-Sep-2026,14.95,14.7,14.7,14.7,14.7,3400,0.5,11,3400.0,100.0,2026-09-22
TGVSL,EQ,22-Sep-2026,107.0,106.12,109.0,106.12,107.45,126979,136.77,2770,66294.0,52.21,2026-09-22
THACKER,EQ,22-Sep-2026,1077.9,1077.9,1077.9,1000.0,1008.75,16,0.17,9,16.0,100.0,2026-09-22
THAKDEV,EQ,22-Sep-2026,118.42,125.0,128.9,115.6,126.36,622,0.78,24,419.0,67.36,2026-09-22
THANGAMAYL,EQ,22-Sep-2026,4930.5,4965.0,5164.5,4955.0,5119.5,65238,3324.13,9383,32908.0,50.44,2026-09-22
THEINVEST,EQ,22-Sep-2026,95.39,95.99,95.99,93.5,95.25,1491,1.41,150,1107.0,74.25,2026-09-22
THEJO,EQ,22-Sep-2026,2141.8,2141.8,2199.0,2140.0,2167.9,9018,194.95,1554,6788.0,75.27,2026-09-22
THELEELA,EQ,22-Sep-2026,537.45,540.0,548.75,531.05,537.05,518559,2795.4,24272,324280.0,62.53,2026-09-22
THEMISMED,EQ,22-Sep-2026,123.92,123.2,126.19,122.0,122.6,57664,71.37,1021,30972.0,53.71,2026-09-22
THERMAX,EQ,22-Sep-2026,3578.2,3580.0,3615.0,3459.0,3472.2,183238,6449.87,40953,115179.0,62.86,2026-09-22
THESL,ST,22-Sep-2026,13.25,13.9,13.9,13.9,13.9,3000,0.42,1,3000.0,100.0,2026-09-22
THOMASCOOK,EQ,22-Sep-2026,105.03,105.05,106.0,103.81,104.85,359934,378.15,5470,148327.0,41.21,2026-09-22
THOMASCOTT,EQ,22-Sep-2026,236.7,239.85,245.0,235.1,236.9,91068,218.49,2354,53280.0,58.51,2026-09-22
THYROCARE,EQ,22-Sep-2026,571.45,573.4,594.0,573.0,577.5,397695,2317.87,21666,196731.0,49.47,2026-09-22
TI,EQ,22-Sep-2026,579.55,581.2,585.7,572.1,574.65,1596488,9255.74,22404,1121657.0,70.26,2026-09-22
TICL,BE,22-Sep-2026,5.78,5.85,5.87,5.5,5.56,328364,18.29,360,,,2026-09-22
TIGERLOGS,EQ,22-Sep-2026,25.66,25.66,26.75,25.66,26.57,94527,24.77,543,80144.0,84.78,2026-09-22
TIIL,EQ,22-Sep-2026,3043.4,3050.0,3065.7,2936.0,2983.0,57681,1721.73,9144,31361.0,54.37,2026-09-22
TIINDIA,EQ,22-Sep-2026,2588.0,2602.0,2617.4,2558.4,2574.0,81195,2100.8,10718,37976.0,46.77,2026-09-22
TIJARIA,BE,22-Sep-2026,7.23,7.2,7.47,6.87,6.87,42120,2.97,130,,,2026-09-22
TIL,BE,22-Sep-2026,256.69,259.55,260.0,243.86,248.07,62532,157.34,459,,,2026-09-22
TIMETECHNO,EQ,22-Sep-2026,180.23,178.52,181.9,176.9,180.59,2674483,4796.54,24724,675975.0,25.27,2026-09-22
TIMEX,EQ,22-Sep-2026,709.65,708.5,718.45,701.65,703.8,236271,1673.98,14080,92039.0,38.95,2026-09-22
TIMKEN,EQ,22-Sep-2026,3136.8,3156.6,3194.9,3115.0,3178.5,38073,1203.44,8543,20845.0,54.75,2026-09-22
TINNARUBR,EQ,22-Sep-2026,1029.35,1029.35,1047.0,1002.75,1008.1,40473,411.91,3358,19048.0,47.06,2026-09-22
TIPSFILMS,EQ,22-Sep-2026,320.7,317.0,328.45,314.25,316.35,2578,8.19,331,2225.0,86.31,2026-09-22
TIPSMUSIC,EQ,22-Sep-2026,660.0,658.1,672.0,658.1,661.8,165069,1098.43,9764,91152.0,55.22,2026-09-22
TIRUMALCHM,EQ,22-Sep-2026,156.75,157.75,159.76,156.2,157.32,146008,230.46,2659,75285.0,51.56,2026-09-22
TIRUPATIFL,BE,22-Sep-2026,71.06,74.61,74.61,74.61,74.61,347410,259.2,557,,,2026-09-22
TITAGARH,EQ,22-Sep-2026,841.05,841.9,854.6,831.3,834.85,341550,2872.87,20453,136602.0,39.99,2026-09-22
TITAN,EQ,22-Sep-2026,4875.0,4876.0,4982.0,4862.5,4928.5,1238174,61144.9,105317,649354.0,52.44,2026-09-22
TMB,EQ,22-Sep-2026,886.35,895.0,897.8,870.6,883.75,140878,1237.23,14927,64599.0,45.85,2026-09-22
TMCV,EQ,22-Sep-2026,444.5,444.5,452.0,437.2,440.1,4761149,21178.35,79064,2216086.0,46.55,2026-09-22
TMPV,EQ,22-Sep-2026,301.65,302.1,302.8,298.5,300.05,6935097,20845.6,81438,3405624.0,49.11,2026-09-22
TNIDETF,EQ,22-Sep-2026,88.77,88.06,88.99,88.06,88.6,20531,18.16,287,14266.0,69.49,2026-09-22
TNPETRO,EQ,22-Sep-2026,130.35,131.7,132.0,128.15,129.0,559727,727.83,7828,204212.0,36.48,2026-09-22
TNPL,EQ,22-Sep-2026,145.48,146.01,146.23,141.22,142.56,241006,343.78,5261,126236.0,52.38,2026-09-22
TNTELE,EQ,22-Sep-2026,9.24,9.89,9.89,8.95,9.11,22551,2.07,193,9809.0,43.5,2026-09-22
TOKYOPLAST,EQ,22-Sep-2026,77.0,77.0,78.98,75.02,78.4,4504,3.46,32,3387.0,75.2,2026-09-22
TOLINS,EQ,22-Sep-2026,89.39,90.77,92.77,89.02,89.6,26635,24.11,703,19614.0,73.64,2026-09-22
TOP100CASE,EQ,22-Sep-2026,10.35,10.43,10.45,10.26,10.3,903235,93.13,1118,544287.0,60.26,2026-09-22
TOP10ADD,EQ,22-Sep-2026,85.39,85.39,85.39,84.49,84.53,590727,501.2,923,347864.0,58.89,2026-09-22
TOP15IETF,EQ,22-Sep-2026,9.52,9.55,9.57,9.43,9.45,284359,26.9,384,149474.0,52.57,2026-09-22
TOP20,EQ,22-Sep-2026,8.67,8.69,8.69,8.62,8.64,44627,3.86,127,43100.0,96.58,2026-09-22
TORNTPHARM,EQ,22-Sep-2026,4970.0,4984.0,4984.0,4910.0,4935.0,244345,12075.67,26105,158061.0,64.69,2026-09-22
TORNTPOWER,EQ,22-Sep-2026,1262.0,1261.0,1268.4,1242.0,1246.3,126940,1590.28,13877,66445.0,52.34,2026-09-22
TOTAL,BE,22-Sep-2026,70.3,71.0,72.55,70.0,72.19,6008,4.31,36,,,2026-09-22
TOUCHWOOD,EQ,22-Sep-2026,61.78,61.79,62.78,59.08,61.67,903,0.55,77,498.0,55.15,2026-09-22
TOYAMSL,EQ,22-Sep-2026,0.8,0.84,0.84,0.84,0.84,170180,1.43,63,170168.0,99.99,2026-09-22
TPHQ,BE,22-Sep-2026,0.55,0.54,0.56,0.53,0.53,1127715,6.03,392,,,2026-09-22
TPLPLASTEH,EQ,22-Sep-2026,65.03,65.72,66.25,64.47,65.09,118214,77.05,1150,33620.0,28.44,2026-09-22
TRACXN,EQ,22-Sep-2026,31.98,31.98,32.85,31.5,32.69,265268,85.75,4087,203510.0,76.72,2026-09-22
TRANSCOR,EQ,22-Sep-2026,24.97,29.0,29.0,24.2,24.92,12276,3.33,93,6391.0,52.06,2026-09-22
TRANSPEK,BE,22-Sep-2026,1374.6,1349.9,1372.0,1315.0,1338.6,575,7.72,53,,,2026-09-22
TRANSRAILL,EQ,22-Sep-2026,414.2,420.0,488.0,420.0,477.15,23971640,112589.18,357503,2045812.0,8.53,2026-09-22
TRANSTEEL,SM,22-Sep-2026,84.25,86.95,88.2,83.0,86.3,52000,44.89,43,30000.0,57.69,2026-09-22
TRANSWORLD,BE,22-Sep-2026,166.51,166.51,168.94,166.51,166.51,8159,13.65,29,,,2026-09-22
TRAVELFOOD,EQ,22-Sep-2026,1228.5,1228.5,1240.7,1223.3,1230.3,15552,191.29,3167,8711.0,56.01,2026-09-22
TREEHOUSE,EQ,22-Sep-2026,5.84,5.84,6.1,5.76,6.05,21627,1.29,130,18735.0,86.63,2026-09-22
TREJHARA,EQ,22-Sep-2026,132.25,136.0,145.0,132.0,136.21,46087,63.88,1112,26589.0,57.69,2026-09-22
TREL,EQ,22-Sep-2026,26.68,26.51,27.89,26.51,27.31,181088,49.5,5200,107689.0,59.47,2026-09-22
TRENT,EQ,22-Sep-2026,2815.5,2838.7,2847.9,2754.2,2782.9,764083,21328.91,50339,357513.0,46.79,2026-09-22
TRF,EQ,22-Sep-2026,216.43,217.0,219.01,215.15,216.06,4526,9.78,170,3372.0,74.5,2026-09-22
TRIDENT,EQ,22-Sep-2026,23.02,23.09,23.19,22.82,22.93,2129961,489.96,9597,1048043.0,49.2,2026-09-22
TRIDHYA,SM,22-Sep-2026,7.3,6.95,6.95,6.95,6.95,3000,0.21,1,3000.0,100.0,2026-09-22
TRIGYN,EQ,22-Sep-2026,56.02,56.0,56.45,55.2,55.76,16792,9.37,308,10983.0,65.41,2026-09-22
TRITONV,EQ,22-Sep-2026,1063.9,1085.0,1091.6,1063.9,1080.1,981,10.63,256,629.0,64.12,2026-09-22
TRITURBINE,EQ,22-Sep-2026,555.65,555.65,564.85,546.8,550.3,374231,2078.36,50742,174879.0,46.73,2026-09-22
TRIVENI,EQ,22-Sep-2026,238.75,239.95,244.05,238.55,239.55,311291,751.7,7846,162432.0,52.18,2026-09-22
TROM,SM,22-Sep-2026,54.95,55.0,55.0,54.9,54.9,1800,0.99,2,1800.0,100.0,2026-09-22
TRU,EQ,22-Sep-2026,4.12,4.03,4.28,4.03,4.17,36808,1.51,160,24684.0,67.06,2026-09-22
TRUALT,EQ,22-Sep-2026,415.05,415.55,428.9,411.0,414.45,371407,1557.46,10276,221469.0,59.63,2026-09-22
TRUST,SM,22-Sep-2026,26.15,27.0,27.15,26.2,26.2,7200,1.91,7,7200.0,100.0,2026-09-22
TSC,ST,22-Sep-2026,51.45,54.0,54.0,54.0,54.0,20000,10.8,6,20000.0,100.0,2026-09-22
TSFINV,EQ,22-Sep-2026,460.35,464.95,467.35,459.0,461.35,47069,217.81,2569,26735.0,56.8,2026-09-22
TTKHLTCARE,EQ,22-Sep-2026,1073.3,1079.8,1084.8,1040.0,1050.2,29824,315.61,2961,17727.0,59.44,2026-09-22
TTKPRESTIG,EQ,22-Sep-2026,524.9,529.45,530.0,516.0,517.15,41161,214.51,4306,25063.0,60.89,2026-09-22
TTL,EQ,22-Sep-2026,7.42,7.32,7.48,7.01,7.29,574914,41.68,541,361021.0,62.8,2026-09-22
TTML,EQ,22-Sep-2026,35.36,35.25,35.99,35.25,35.62,1182880,421.15,6118,448962.0,37.95,2026-09-22
TUNWAL,SM,22-Sep-2026,25.3,25.4,25.6,25.15,25.2,34000,8.62,17,24000.0,70.59,2026-09-22
TURTLEMINT,EQ,22-Sep-2026,131.17,132.46,143.0,130.51,140.23,3713889,5179.53,49108,1213687.0,32.68,2026-09-22
TUTIALKA,EQ,22-Sep-2026,56.56,57.5,57.5,54.05,55.34,3470,1.92,148,2384.0,68.7,2026-09-22
TVSELECT,EQ,22-Sep-2026,396.0,401.2,401.2,388.0,391.15,26743,105.3,1645,14578.0,54.51,2026-09-22
TVSHLTD,EQ,22-Sep-2026,12729.0,12671.0,12798.0,12501.0,12543.0,3500,441.01,1151,1844.0,52.69,2026-09-22
TVSMOTOR,EQ,22-Sep-2026,4155.0,4155.0,4188.1,4134.0,4140.0,544904,22666.16,39675,362245.0,66.48,2026-09-22
TVSSCS,EQ,22-Sep-2026,132.85,133.1,135.63,131.58,132.31,510639,680.69,9587,188230.0,36.86,2026-09-22
TVSSRICHAK,EQ,22-Sep-2026,4592.0,4658.0,4690.0,4610.0,4650.0,7781,361.64,1642,2550.0,32.77,2026-09-22
TVTODAY,EQ,22-Sep-2026,107.64,107.15,109.81,107.0,107.67,40045,43.24,684,33201.0,82.91,2026-09-22
TVVISION,BE,22-Sep-2026,2.65,2.68,2.78,2.68,2.78,54667,1.52,74,,,2026-09-22
TWCGOLDETF,EQ,22-Sep-2026,151.46,151.2,151.2,149.46,150.57,51682,77.59,515,51583.0,99.81,2026-09-22
UBL,EQ,22-Sep-2026,1227.8,1234.0,1234.9,1210.4,1215.2,88734,1079.89,11498,48794.0,54.99,2026-09-22
UCAL,BE,22-Sep-2026,145.05,146.0,149.7,142.0,145.12,7010,10.16,83,,,2026-09-22
UCOBANK,EQ,22-Sep-2026,23.62,23.62,23.78,23.62,23.72,2058479,487.9,8902,776916.0,37.74,2026-09-22
UDAYJEW,EQ,22-Sep-2026,151.08,151.83,152.11,147.0,148.87,11047,16.51,439,7406.0,67.04,2026-09-22
UDS,EQ,22-Sep-2026,198.48,198.0,207.8,196.0,198.14,138849,280.03,4295,56322.0,40.56,2026-09-22
UEL,EQ,22-Sep-2026,198.29,202.99,202.99,190.0,191.3,19352,37.41,932,9728.0,50.27,2026-09-22
UFBL,BE,22-Sep-2026,716.15,704.5,738.65,704.5,720.3,30557,220.97,1201,,,2026-09-22
UFLEX,EQ,22-Sep-2026,656.15,669.0,679.7,640.0,648.15,251203,1651.6,7370,91418.0,36.39,2026-09-22
UFO,EQ,22-Sep-2026,60.87,61.0,61.95,60.3,60.64,33271,20.3,379,24133.0,72.53,2026-09-22
UGARSUGAR,EQ,22-Sep-2026,55.8,56.01,56.85,55.0,55.35,452353,252.87,3911,99236.0,21.94,2026-09-22
UGROCAP,EQ,22-Sep-2026,82.29,82.01,83.31,82.01,82.74,78300,64.69,1033,55472.0,70.85,2026-09-22
UHTL,ST,22-Sep-2026,192.0,195.8,195.8,195.8,195.8,6000,11.75,3,6000.0,100.0,2026-09-22
UJJIVANSFB,EQ,22-Sep-2026,64.79,64.99,65.8,64.46,64.74,5992425,3899.3,29768,2804356.0,46.8,2026-09-22
ULTRACEMCO,EQ,22-Sep-2026,11100.0,11100.0,11142.0,11000.0,11000.0,320797,35566.4,35467,195660.0,60.99,2026-09-22
ULTRAMAR,EQ,22-Sep-2026,435.0,438.0,438.0,422.05,423.9,20679,88.43,978,12264.0,59.31,2026-09-22
UMA,SM,22-Sep-2026,17.5,17.5,17.5,17.5,17.5,4000,0.7,1,4000.0,100.0,2026-09-22
UMAEXPORTS,BE,22-Sep-2026,19.62,19.53,20.01,19.28,20.01,16517,3.22,42,,,2026-09-22
UMESLTD,EQ,22-Sep-2026,4.25,4.34,4.64,4.27,4.57,45624,2.04,142,36355.0,79.68,2026-09-22
UMIYA-MRO,EQ,22-Sep-2026,98.33,98.06,99.49,96.21,97.29,7773,7.6,147,5596.0,71.99,2026-09-22
UNICHEMLAB,EQ,22-Sep-2026,540.65,538.0,566.0,534.7,538.75,114861,631.36,5821,42396.0,36.91,2026-09-22
UNIDT,EQ,22-Sep-2026,222.44,222.0,223.35,210.72,212.42,12203,26.44,685,7785.0,63.8,2026-09-22
UNIECOM,EQ,22-Sep-2026,81.11,81.55,90.5,80.96,86.32,13825616,12164.57,71309,675103.0,4.88,2026-09-22
UNIENTER,EQ,22-Sep-2026,91.82,92.0,92.0,89.67,91.15,3572,3.24,71,2560.0,71.67,2026-09-22
UNIHEALTH,SM,22-Sep-2026,668.0,655.0,668.0,650.0,651.85,16500,108.28,29,13000.0,78.79,2026-09-22
UNIINFO,EQ,22-Sep-2026,11.33,11.0,11.48,11.0,11.45,1335,0.15,31,1319.0,98.8,2026-09-22
UNILEX,SM,22-Sep-2026,28.0,25.0,27.0,25.0,27.0,3200,0.83,2,3200.0,100.0,2026-09-22
UNIMECH,EQ,22-Sep-2026,1698.4,1719.9,1868.2,1715.0,1732.5,1014230,17980.05,68692,308544.0,30.42,2026-09-22
UNIONBANK,EQ,22-Sep-2026,178.09,178.0,178.8,175.86,178.0,5275793,9341.87,44836,2522108.0,47.81,2026-09-22
UNIONGOLD,EQ,22-Sep-2026,148.3,149.0,150.5,147.25,147.9,400811,592.88,61,400627.0,99.95,2026-09-22
UNIPARTS,EQ,22-Sep-2026,854.85,859.0,860.95,841.65,851.7,68579,582.77,5986,32815.0,47.85,2026-09-22
UNITDSPR,EQ,22-Sep-2026,1397.0,1402.9,1405.3,1390.2,1398.0,387186,5412.88,21851,224342.0,57.94,2026-09-22
UNITECH,EQ,22-Sep-2026,4.13,4.17,4.17,4.08,4.09,2193592,90.26,1874,1447122.0,65.97,2026-09-22
UNITEDPOLY,EQ,22-Sep-2026,46.05,46.0,46.75,44.95,45.57,212897,98.48,679,148518.0,69.76,2026-09-22
UNITEDTEA,EQ,22-Sep-2026,430.05,430.05,437.45,423.2,427.35,3724,16.02,64,3444.0,92.48,2026-09-22
UNIVASTU,BE,22-Sep-2026,150.82,151.99,151.99,147.0,148.17,24598,36.75,234,,,2026-09-22
UNIVCABLES,EQ,22-Sep-2026,1477.5,1488.0,1548.6,1462.0,1478.2,145762,2192.57,16327,51151.0,35.09,2026-09-22
UNIVPHOTO,BE,22-Sep-2026,599.15,602.1,615.0,581.0,589.65,2770,16.48,100,,,2026-09-22
UNOMINDA,EQ,22-Sep-2026,1227.5,1227.5,1240.1,1220.7,1226.0,316922,3897.95,21344,129933.0,41.0,2026-09-22
UPHOT,EQ,22-Sep-2026,1450.0,1449.0,1522.5,1449.0,1507.8,34,0.51,6,34.0,100.0,2026-09-22
UPL,EQ,22-Sep-2026,559.9,559.25,562.55,555.0,559.9,2741227,15305.55,38293,1799721.0,65.65,2026-09-22
URAVIDEF,BE,22-Sep-2026,105.9,105.5,105.5,104.9,104.9,1071,1.13,23,,,2026-09-22
URBAN,SM,22-Sep-2026,120.0,119.15,119.7,116.6,116.6,12000,14.15,15,9600.0,80.0,2026-09-22
URBANCO,EQ,22-Sep-2026,173.4,173.4,175.95,171.67,174.21,6235889,10838.11,56134,2790743.0,44.75,2026-09-22
URJA,EQ,22-Sep-2026,9.06,9.06,9.14,8.96,9.04,413283,37.33,2033,247098.0,59.79,2026-09-22
USHAFIN,SM,22-Sep-2026,51.0,51.0,51.0,48.5,51.0,25600,12.75,16,14400.0,56.25,2026-09-22
USHAMART,EQ,22-Sep-2026,533.9,541.0,541.0,525.7,531.3,2758062,14667.08,60176,1334053.0,48.37,2026-09-22
USK,EQ,22-Sep-2026,20.12,19.65,20.49,19.65,19.97,18360,3.69,194,16228.0,88.39,2026-09-22
UTIAMC,EQ,22-Sep-2026,924.8,921.35,935.95,911.05,919.95,129398,1197.98,11892,71207.0,55.03,2026-09-22
UTKAL,SM,22-Sep-2026,48.0,48.95,49.95,48.0,49.95,16000,7.83,8,16000.0,100.0,2026-09-22
UTKARSHBNK,EQ,22-Sep-2026,14.0,14.0,14.3,13.85,13.88,6307706,881.43,6024,3204878.0,50.81,2026-09-22
UTLSOLAR,EQ,22-Sep-2026,422.05,418.05,435.9,418.05,434.6,217304,933.32,12017,120880.0,55.63,2026-09-22
UTSSAV,SM,22-Sep-2026,653.0,646.5,656.85,646.0,652.35,36600,238.85,31,31200.0,85.25,2026-09-22
UTTAMSUGAR,EQ,22-Sep-2026,256.05,259.0,264.25,255.25,258.25,120563,314.33,3192,35905.0,29.78,2026-09-22
UYFINCORP,BE,22-Sep-2026,19.38,19.69,19.69,19.0,19.15,107768,20.71,188,,,2026-09-22
V2RETAIL,EQ,22-Sep-2026,210.85,210.68,213.6,210.0,213.18,459607,976.49,9617,220569.0,47.99,2026-09-22
VADILALIND,EQ,22-Sep-2026,7415.0,7520.0,7937.5,7520.0,7598.0,48713,3772.99,12799,13447.0,27.6,2026-09-22
VADILENT,EQ,22-Sep-2026,10500.0,10400.0,10400.0,10300.0,10350.0,79,8.18,24,78.0,98.73,2026-09-22
VAIBHAVGBL,EQ,22-Sep-2026,208.01,209.1,211.32,206.9,208.18,223734,467.18,5598,119250.0,53.3,2026-09-22
VAISHALI,EQ,22-Sep-2026,8.24,8.17,8.75,8.17,8.58,124367,10.62,417,79610.0,64.01,2026-09-22
VAKRANGEE,EQ,22-Sep-2026,5.16,5.2,5.3,5.16,5.26,1307740,68.37,1910,750047.0,57.35,2026-09-22
VAL30IETF,EQ,22-Sep-2026,14.84,14.96,14.96,14.8,14.84,161495,23.99,405,58130.0,35.99,2026-09-22
VALIANTLAB,BE,22-Sep-2026,127.08,127.1,132.25,125.88,126.56,65482,83.83,483,,,2026-09-22
VALIANTORG,EQ,22-Sep-2026,422.95,421.0,425.0,391.15,418.35,123062,503.82,2637,70648.0,57.41,2026-09-22
VALUE,EQ,22-Sep-2026,15.8,15.84,15.85,15.75,15.79,16648,2.63,65,12708.0,76.33,2026-09-22
VALUE360,SM,22-Sep-2026,65.3,67.0,67.0,57.0,61.25,43200,25.83,32,27600.0,63.89,2026-09-22
VALUEAXIS,EQ,22-Sep-2026,32.16,32.43,32.43,32.0,32.04,116290,37.31,262,99992.0,85.99,2026-09-22
VAML,EQ,22-Sep-2026,413.05,415.8,430.75,415.15,425.35,8507810,36195.84,157380,4924344.0,57.88,2026-09-22
VARDHACRLC,BE,22-Sep-2026,44.56,45.0,45.0,44.0,44.38,16881,7.47,120,,,2026-09-22
VARDMNPOLY,EQ,22-Sep-2026,5.79,5.89,5.95,5.75,5.8,87970,5.12,370,72769.0,82.72,2026-09-22
VARROC,EQ,22-Sep-2026,872.55,877.9,912.2,860.25,864.5,721004,6372.42,46020,217267.0,30.13,2026-09-22
VASCONEQ,EQ,22-Sep-2026,32.18,32.25,32.49,31.2,31.44,391428,124.53,1746,253659.0,64.8,2026-09-22
VASUPRADA,EQ,22-Sep-2026,98.0,93.1,100.0,93.1,100.0,462,0.45,5,462.0,100.0,2026-09-22
VASWANI,EQ,22-Sep-2026,46.1,46.99,46.99,45.28,45.61,13382,6.14,334,8443.0,63.09,2026-09-22
VBL,EQ,22-Sep-2026,425.0,427.2,433.8,424.2,430.0,5138730,22129.93,58541,2665698.0,51.87,2026-09-22
VCL,BE,22-Sep-2026,1.6,1.58,1.68,1.57,1.6,4742713,76.43,396,,,2026-09-22
VDEAL,SM,22-Sep-2026,124.85,125.0,128.0,120.5,122.6,9600,11.89,15,6600.0,68.75,2026-09-22
VEDAVAAG,EQ,22-Sep-2026,22.85,23.21,23.21,20.5,21.8,109600,24.03,504,75723.0,69.09,2026-09-22
VEDL,EQ,22-Sep-2026,260.5,261.0,263.85,260.2,263.0,5419840,14211.97,56507,2760167.0,50.93,2026-09-22
VEDPOWER,EQ,22-Sep-2026,30.78,30.86,31.61,30.77,31.07,18011957,5615.44,44664,7457873.0,41.41,2026-09-22
VEEDOL,EQ,22-Sep-2026,1357.0,1362.0,1372.7,1357.3,1369.9,8152,111.51,869,4077.0,50.01,2026-09-22
VEEGALAND,BE,22-Sep-2026,141.84,138.99,140.95,135.2,139.84,548154,758.7,4474,,,2026-09-22
VEEKAYEM,SM,22-Sep-2026,97.1,95.0,100.85,92.25,100.85,2500,2.38,3,2500.0,100.0,2026-09-22
VELJAN,BE,22-Sep-2026,1987.4,1951.1,2005.0,1945.0,1996.7,379,7.51,49,,,2026-09-22
VENKEYS,EQ,22-Sep-2026,1640.3,1641.0,1698.0,1641.0,1675.9,58766,981.46,6697,30020.0,51.08,2026-09-22
VENTIVE,EQ,22-Sep-2026,556.75,560.0,583.5,555.35,579.6,97386,552.48,1691,78359.0,80.46,2026-09-22
VENUSPIPES,EQ,22-Sep-2026,2231.2,2242.0,2258.8,2182.0,2223.3,149878,3316.26,15013,64567.0,43.08,2026-09-22
VENUSREM,EQ,22-Sep-2026,1593.2,1599.0,1644.0,1582.8,1611.5,21162,342.95,1532,12211.0,57.7,2026-09-22
VERANDA,EQ,22-Sep-2026,229.17,231.97,232.61,225.16,230.13,627174,1446.7,4203,532452.0,84.9,2026-09-22
VERITAAS,SM,22-Sep-2026,25.2,24.6,24.6,24.0,24.25,3600,0.87,3,3600.0,100.0,2026-09-22
VERTIS,IV,22-Sep-2026,113.9,115.0,115.0,113.57,114.5,325000,371.19,11,300000.0,92.31,2026-09-22
VERTOZ,EQ,22-Sep-2026,36.93,37.99,37.99,36.5,36.89,20979,7.73,349,18150.0,86.52,2026-09-22
VESUVIUS,EQ,22-Sep-2026,397.75,399.95,405.0,392.0,392.75,84558,334.9,5138,48248.0,57.06,2026-09-22
VETO,EQ,22-Sep-2026,143.78,145.95,145.95,139.0,139.57,101878,144.31,1592,62928.0,61.77,2026-09-22
VGCL,EQ,22-Sep-2026,47.14,48.49,48.49,45.0,46.9,5454,2.49,49,4752.0,87.13,2026-09-22
VGINFOTECH,SM,22-Sep-2026,137.5,136.55,139.4,136.55,138.7,23000,31.86,18,16000.0,69.57,2026-09-22
VGL,EQ,22-Sep-2026,69.03,69.05,70.6,68.07,68.34,167860,115.5,2480,80282.0,47.83,2026-09-22
VGUARD,EQ,22-Sep-2026,324.95,327.95,328.0,318.55,320.5,275290,886.36,12355,173646.0,63.08,2026-09-22
VHL,EQ,22-Sep-2026,3339.1,3348.3,3396.7,3331.0,3342.8,306,10.25,77,225.0,73.53,2026-09-22
VHLTD,BE,22-Sep-2026,128.32,131.0,131.0,125.5,126.18,26659,34.3,175,,,2026-09-22
VIAZ,SM,22-Sep-2026,76.4,74.4,80.0,73.25,76.5,20000,15.25,10,18000.0,90.0,2026-09-22
VICTORYEV,SM,22-Sep-2026,14.2,13.8,14.15,13.75,14.15,12000,1.66,4,9000.0,75.0,2026-09-22
VIDHIING,EQ,22-Sep-2026,354.45,358.35,364.0,351.7,359.95,72419,259.94,2308,54315.0,75.0,2026-09-22
VIDYAWIRES,EQ,22-Sep-2026,85.45,85.97,86.5,84.34,84.77,526875,450.33,4787,315693.0,59.92,2026-09-22
VIESL,SM,22-Sep-2026,373.0,382.05,382.05,373.0,374.8,11200,42.21,13,9600.0,85.71,2026-09-22
VIGOR,SM,22-Sep-2026,102.05,104.0,105.95,101.0,101.2,16000,16.44,10,16000.0,100.0,2026-09-22
VIJAYA,EQ,22-Sep-2026,1556.1,1548.3,1571.8,1505.9,1516.0,147335,2270.95,19667,74209.0,50.37,2026-09-22
VIJAYPD,SM,22-Sep-2026,63.0,66.0,66.0,63.2,65.0,12000,7.73,6,10000.0,83.33,2026-09-22
VIJIFIN,BE,22-Sep-2026,15.3,15.6,15.6,15.6,15.6,218651,34.11,103,,,2026-09-22
VIJSOLX,EQ,22-Sep-2026,634.95,664.4,664.5,621.2,638.0,330,2.12,44,252.0,76.36,2026-09-22
VIKASECO,EQ,22-Sep-2026,1.04,1.05,1.07,1.04,1.04,1737447,18.31,930,957976.0,55.14,2026-09-22
VIKASLIFE,EQ,22-Sep-2026,1.23,1.24,1.27,1.23,1.26,1613858,20.12,7485,1007666.0,62.44,2026-09-22
VIKRAMSOLR,EQ,22-Sep-2026,163.75,164.73,165.6,161.7,162.35,1586320,2582.9,11903,955405.0,60.23,2026-09-22
VIKRAN,EQ,22-Sep-2026,56.16,56.48,57.07,55.06,55.38,851048,476.25,5010,438643.0,51.54,2026-09-22
VILAS,SM,22-Sep-2026,368.4,369.9,427.0,366.0,419.95,243250,975.76,660,139000.0,57.14,2026-09-22
VILINBIO,ST,22-Sep-2026,55.1,55.1,55.1,55.0,55.0,12000,6.6,3,12000.0,100.0,2026-09-22
VIMTALABS,EQ,22-Sep-2026,616.05,622.6,626.5,607.1,610.15,154392,950.81,11593,65732.0,42.57,2026-09-22
VINATIORGA,EQ,22-Sep-2026,1222.1,1226.5,1232.7,1199.5,1202.7,89448,1080.64,14297,57119.0,63.86,2026-09-22
VINCOFE,EQ,22-Sep-2026,176.33,176.5,181.0,173.32,174.2,1555865,2751.52,19439,399577.0,25.68,2026-09-22
VINDHYATEL,EQ,22-Sep-2026,2853.2,2881.0,2947.7,2822.0,2865.4,100801,2915.42,14232,30961.0,30.71,2026-09-22
VINEETLAB,EQ,22-Sep-2026,35.54,36.23,36.23,34.3,34.81,63313,22.35,483,40006.0,63.19,2026-09-22
VINNY,EQ,22-Sep-2026,0.93,0.94,0.94,0.92,0.92,483748,4.5,205,467635.0,96.67,2026-09-22
VINOD,ST,22-Sep-2026,80.65,76.65,76.65,76.65,76.65,2400,1.84,2,2400.0,100.0,2026-09-22
VINSYS,ST,22-Sep-2026,589.7,588.0,590.0,580.9,582.9,6500,37.97,19,6500.0,100.0,2026-09-22
VINYAS,SM,22-Sep-2026,1503.4,1520.0,1597.45,1520.0,1589.0,10100,158.52,82,8400.0,83.17,2026-09-22
VINYLINDIA,EQ,22-Sep-2026,216.69,219.0,222.72,219.0,220.2,3368,7.44,198,2449.0,72.71,2026-09-22
VIPCLOTHNG,EQ,22-Sep-2026,21.25,21.3,22.2,20.61,21.66,84807,18.32,300,67977.0,80.15,2026-09-22
VIPIND,EQ,22-Sep-2026,295.9,299.0,305.0,295.6,297.2,297936,897.91,7218,144530.0,48.51,2026-09-22
VIPULLTD,BE,22-Sep-2026,12.05,11.99,12.0,11.45,11.45,235569,27.23,309,,,2026-09-22
VIRAT,EQ,22-Sep-2026,371.95,376.0,384.8,355.3,376.55,3472,12.89,348,1744.0,50.23,2026-09-22
VIRINCHI,EQ,22-Sep-2026,13.98,14.27,14.27,13.85,14.0,26065,3.65,182,18876.0,72.42,2026-09-22
VIRTUALG,BE,22-Sep-2026,0.45,0.45,0.47,0.43,0.46,729173,3.24,194,,,2026-09-22
VISACHROME,EQ,22-Sep-2026,31.59,32.0,33.16,31.51,33.16,15870,5.24,63,15755.0,99.28,2026-09-22
VISAKAIND,EQ,22-Sep-2026,95.42,95.57,96.19,94.0,94.47,120212,114.26,1886,72374.0,60.21,2026-09-22
VISAMAN,SM,22-Sep-2026,36.95,35.15,35.15,35.15,35.15,28000,9.84,25,26000.0,92.86,2026-09-22
VISDEM,SM,22-Sep-2026,82.7,84.45,85.0,84.45,85.0,4800,4.07,4,4800.0,100.0,2026-09-22
VISHAL,EQ,22-Sep-2026,18.17,18.35,18.43,18.0,18.19,36313,6.58,234,25692.0,70.75,2026-09-22
VISHNU,EQ,22-Sep-2026,716.5,714.5,732.8,714.5,720.9,69771,504.68,4284,31970.0,45.82,2026-09-22
VISHNUINFR,SM,22-Sep-2026,153.95,153.5,153.5,148.55,150.5,8500,12.74,15,5000.0,58.82,2026-09-22
VISHWARAJ,EQ,22-Sep-2026,5.27,5.35,5.39,5.28,5.32,204980,10.93,453,101091.0,49.32,2026-09-22
VISHWAS,ST,22-Sep-2026,39.8,39.0,39.0,37.85,38.45,9600,3.71,6,8000.0,83.33,2026-09-22
VISL,EQ,22-Sep-2026,30.68,31.0,32.21,30.68,32.21,16918818,5388.41,20042,8768551.0,51.83,2026-09-22
VITAL,EQ,22-Sep-2026,54.9,56.9,56.9,53.0,53.02,510,0.28,15,502.0,98.43,2026-09-22
VIVIANA,EQ,22-Sep-2026,732.6,747.0,790.0,721.25,734.0,38813,293.75,3119,15587.0,40.16,2026-09-22
VIVIDEL,SM,22-Sep-2026,1838.75,1838.75,1859.95,1750.15,1763.5,11520,207.56,44,8160.0,70.83,2026-09-22
VIVIDHA,EQ,22-Sep-2026,0.52,0.52,0.55,0.51,0.52,285268,1.51,185,222479.0,77.99,2026-09-22
VIVIMEDLAB,BE,22-Sep-2026,5.47,5.37,5.5,5.37,5.38,47716,2.57,59,,,2026-09-22
VIVOBIOT,EQ,22-Sep-2026,16.21,16.58,16.98,16.22,16.71,7298,1.22,136,6378.0,87.39,2026-09-22
VIYASH,EQ,22-Sep-2026,251.65,252.0,262.65,250.25,251.5,4520764,11584.69,70841,2174750.0,48.11,2026-09-22
VLEGOV,EQ,22-Sep-2026,10.09,10.1,10.39,9.95,10.29,90978,9.31,451,71734.0,78.85,2026-09-22
VLINFRA,SM,22-Sep-2026,25.65,25.65,25.65,25.45,25.45,7500,1.92,5,6000.0,80.0,2026-09-22
VLSFINANCE,EQ,22-Sep-2026,238.14,238.14,241.0,235.57,236.46,4007,9.55,128,3198.0,79.81,2026-09-22
VMARCIND,SM,22-Sep-2026,322.1,318.85,336.9,318.85,331.7,220500,724.76,136,145500.0,65.99,2026-09-22
VMART,EQ,22-Sep-2026,808.8,815.0,815.0,792.1,795.6,51319,411.8,3158,24898.0,48.52,2026-09-22
VMM,EQ,22-Sep-2026,101.65,102.0,104.03,101.34,104.03,12806676,13157.34,32715,7670464.0,59.89,2026-09-22
VMOBILE,SM,22-Sep-2026,57.2,57.2,57.2,57.2,57.2,1600,0.92,2,1600.0,100.0,2026-09-22
VMSTMT,EQ,22-Sep-2026,48.62,48.5,49.0,47.02,47.23,54927,26.31,476,37358.0,68.01,2026-09-22
VOEPL,EQ,22-Sep-2026,494.4,496.8,512.85,488.2,493.05,52839,264.98,3120,28053.0,53.09,2026-09-22
VOGL,EQ,22-Sep-2026,33.87,34.33,35.95,33.95,35.01,46962562,16400.33,89188,15145978.0,32.25,2026-09-22
VOITHPAPR,EQ,22-Sep-2026,1432.4,1454.0,1470.0,1432.1,1440.0,745,10.75,96,604.0,81.07,2026-09-22
VOLERCAR,SM,22-Sep-2026,231.95,227.0,227.0,220.0,220.05,19200,42.48,21,11200.0,58.33,2026-09-22
VOLTAMP,EQ,22-Sep-2026,10802.0,10802.0,11094.0,10665.0,10747.0,14738,1606.22,6859,6144.0,41.69,2026-09-22
VOLTAS,EQ,22-Sep-2026,1142.1,1143.0,1143.1,1100.0,1100.8,1090998,12166.78,40415,539270.0,49.43,2026-09-22
VPRPL,EQ,22-Sep-2026,33.96,34.0,34.43,33.34,33.56,230707,77.7,1405,128086.0,55.52,2026-09-22
VR,SM,22-Sep-2026,105.8,101.0,101.0,101.0,101.0,400,0.4,1,400.0,100.0,2026-09-22
VRAJ,EQ,22-Sep-2026,128.65,129.2,130.9,125.2,125.88,20043,25.82,698,11179.0,55.78,2026-09-22
VRLLOG,EQ,22-Sep-2026,292.25,291.2,297.0,290.7,291.75,99556,292.27,5922,44778.0,44.98,2026-09-22
VSCL,SM,22-Sep-2026,20.75,20.25,20.25,20.25,20.25,3000,0.61,1,3000.0,100.0,2026-09-22
VSSL,EQ,22-Sep-2026,410.8,410.15,416.6,406.45,407.8,91342,375.39,3764,53554.0,58.63,2026-09-22
VSTIND,EQ,22-Sep-2026,206.76,206.5,208.01,204.2,205.69,94917,195.3,3044,57679.0,60.77,2026-09-22
VSTL,EQ,22-Sep-2026,114.48,113.9,115.45,113.0,114.19,5081,5.81,315,2370.0,46.64,2026-09-22
VSTTILLERS,EQ,22-Sep-2026,4290.7,4312.2,4398.9,4238.0,4305.4,13939,602.21,2707,6425.0,46.09,2026-09-22
VTL,EQ,22-Sep-2026,554.15,554.0,559.85,549.05,551.2,196638,1089.65,12947,87087.0,44.29,2026-09-22
VTMLTD,EQ,22-Sep-2026,46.26,46.2,47.0,45.1,45.4,74894,34.13,333,68616.0,91.62,2026-09-22
WAAREEENER,EQ,22-Sep-2026,2499.0,2529.0,2547.0,2480.2,2494.8,1148630,28876.4,48368,445451.0,38.78,2026-09-22
WAAREEINDO,EQ,22-Sep-2026,255.1,256.95,267.25,251.0,254.45,366936,958.51,3551,83120.0,22.65,2026-09-22
WAAREERTL,EQ,22-Sep-2026,813.9,818.0,841.4,811.6,816.95,173634,1434.79,14495,67943.0,39.13,2026-09-22
WABAG,EQ,22-Sep-2026,2099.5,2105.0,2123.2,2063.1,2072.1,230608,4811.45,19592,104138.0,45.16,2026-09-22
WAKEFIT,EQ,22-Sep-2026,146.66,147.41,151.64,142.6,146.86,567656,831.88,8180,239576.0,42.2,2026-09-22
WALCHANNAG,EQ,22-Sep-2026,201.18,201.98,205.0,197.5,199.05,371862,744.58,6334,212813.0,57.23,2026-09-22
WALPAR,SM,22-Sep-2026,23.1,23.15,24.2,23.15,24.2,6000,1.41,3,4000.0,66.67,2026-09-22
WANBURY,EQ,22-Sep-2026,227.55,228.05,230.0,221.0,222.7,104097,234.52,2588,57903.0,55.62,2026-09-22
WARDINMOBI,EQ,22-Sep-2026,5.61,5.75,6.18,5.57,5.63,318418,18.02,749,213602.0,67.08,2026-09-22
WATERBASE,EQ,22-Sep-2026,44.99,44.99,45.89,44.99,45.52,24632,11.21,637,17167.0,69.69,2026-09-22
WCIL,EQ,22-Sep-2026,95.59,96.5,96.5,94.01,95.14,164399,157.25,1230,135765.0,82.58,2026-09-22
WEALTH,EQ,22-Sep-2026,822.55,824.45,844.5,824.0,836.4,1276,10.64,106,1159.0,90.83,2026-09-22
WEBELSOLAR,EQ,22-Sep-2026,72.03,72.0,73.78,71.35,71.8,1722203,1249.35,11622,880902.0,51.15,2026-09-22
WEIZMANIND,EQ,22-Sep-2026,71.76,73.0,73.01,71.02,72.8,1007,0.73,40,772.0,76.66,2026-09-22
WEL,EQ,22-Sep-2026,76.58,77.9,80.4,77.73,80.4,462050,367.96,2376,268766.0,58.17,2026-09-22
WELCORP,EQ,22-Sep-2026,2762.7,2762.7,2829.0,2706.7,2731.5,1437944,39748.9,104426,405317.0,28.19,2026-09-22
WELENT,EQ,22-Sep-2026,784.7,788.65,800.0,778.0,783.75,519523,4092.16,11707,305150.0,58.74,2026-09-22
WELINV,BE,22-Sep-2026,2366.4,2413.7,2413.7,2408.9,2408.9,227,5.48,19,,,2026-09-22
WELSPLSOL,EQ,22-Sep-2026,55.74,55.8,56.25,53.0,53.06,912274,492.85,7651,450062.0,49.33,2026-09-22
WELSPUNLIV,EQ,22-Sep-2026,215.87,215.4,224.0,215.32,221.51,5107266,11261.01,46847,1891033.0,37.03,2026-09-22
WENDT,EQ,22-Sep-2026,8640.5,8718.0,8945.0,8570.5,8627.0,16023,1406.35,4359,5882.0,36.71,2026-09-22
WESTLIFE,EQ,22-Sep-2026,564.1,564.1,585.4,555.2,574.0,139627,800.39,10162,60131.0,43.07,2026-09-22
WEWIN,EQ,22-Sep-2026,42.4,42.4,43.02,41.5,43.0,3623,1.54,39,3417.0,94.31,2026-09-22
WEWORK,EQ,22-Sep-2026,672.35,670.05,680.85,668.3,671.15,31492,212.63,3208,14755.0,46.85,2026-09-22
WHBRADY,EQ,22-Sep-2026,472.55,484.0,485.0,458.3,464.4,445,2.08,138,432.0,97.08,2026-09-22
WHEELS,EQ,22-Sep-2026,2174.9,2174.9,2255.9,2141.1,2174.0,125029,2744.4,11231,37630.0,30.1,2026-09-22
WHIRLPOOL,EQ,22-Sep-2026,723.65,728.0,730.75,718.7,721.05,104472,756.12,7471,56154.0,53.75,2026-09-22
WHITEFORCE,SM,22-Sep-2026,40.0,41.1,41.1,41.1,41.1,1600,0.66,1,1600.0,100.0,2026-09-22
WILLAMAGOR,EQ,22-Sep-2026,23.67,24.15,24.15,23.08,23.6,408,0.1,17,370.0,90.69,2026-09-22
WINDLAS,EQ,22-Sep-2026,1129.4,1138.5,1148.0,1092.3,1102.3,51621,576.24,5180,26966.0,52.24,2026-09-22
WINDMACHIN,EQ,22-Sep-2026,295.85,296.0,303.0,293.25,300.0,183702,550.74,1414,148669.0,80.93,2026-09-22
WINSOL,SM,22-Sep-2026,111.9,110.9,110.9,110.9,110.9,400,0.44,1,400.0,100.0,2026-09-22
WIPL,EQ,22-Sep-2026,165.44,165.0,165.0,158.5,159.4,2901,4.69,86,2682.0,92.45,2026-09-22
WIPRO,EQ,22-Sep-2026,164.55,164.81,166.0,163.21,166.0,14726893,24215.75,80702,7779204.0,52.82,2026-09-22
WOCKPHARMA,EQ,22-Sep-2026,2187.3,2205.9,2247.0,2176.8,2185.4,1006397,22223.59,54417,330035.0,32.79,2026-09-22
WOL3D,SM,22-Sep-2026,135.0,139.0,139.0,138.9,138.9,5000,6.95,5,5000.0,100.0,2026-09-22
WOMANCART,ST,22-Sep-2026,105.2,105.0,105.0,101.15,104.35,13200,13.49,29,7200.0,54.55,2026-09-22
WONDERLA,EQ,22-Sep-2026,511.95,512.3,517.0,510.0,511.15,46738,239.07,3688,28566.0,61.12,2026-09-22
WORTHPERI,EQ,22-Sep-2026,148.33,145.41,149.96,145.1,148.82,4773,6.98,59,4356.0,91.26,2026-09-22
WPIL,EQ,22-Sep-2026,446.95,446.95,452.9,434.15,439.35,76916,339.37,5216,31867.0,41.43,2026-09-22
WSI,EQ,22-Sep-2026,57.32,57.4,58.99,56.0,58.32,11479,6.63,332,7918.0,68.98,2026-09-22
WSTCSTPAPR,EQ,22-Sep-2026,760.25,761.25,764.95,737.35,749.75,223516,1674.14,13950,119392.0,53.42,2026-09-22
WTICAB,SM,22-Sep-2026,102.5,101.95,102.0,99.0,99.7,10000,10.03,18,7500.0,75.0,2026-09-22
XCHANGING,EQ,22-Sep-2026,61.31,61.95,61.95,60.1,60.32,67795,41.13,1128,49146.0,72.49,2026-09-22
XELPMOC,EQ,22-Sep-2026,73.88,75.4,75.7,71.1,73.32,21198,15.55,657,11400.0,53.78,2026-09-22
XPROINDIA,EQ,22-Sep-2026,1195.1,1200.0,1212.4,1164.6,1201.0,51808,613.88,4560,31180.0,60.18,2026-09-22
XTGLOBAL,EQ,22-Sep-2026,30.01,30.34,30.85,29.9,30.14,16700,5.07,241,10220.0,61.2,2026-09-22
XTRANET,EQ,22-Sep-2026,341.43,352.0,358.5,326.3,334.36,2041149,7052.19,26491,729239.0,35.73,2026-09-22
YAAP,SM,22-Sep-2026,123.0,123.0,123.0,121.0,121.15,3000,3.65,3,2000.0,66.67,2026-09-22
YASHO,EQ,22-Sep-2026,3945.8,3965.5,4011.9,3850.0,3959.4,37966,1492.9,6889,19481.0,51.31,2026-09-22
YASHOPTICS,SM,22-Sep-2026,131.05,131.05,132.9,130.0,130.0,5600,7.37,7,5600.0,100.0,2026-09-22
YATHARTH,EQ,22-Sep-2026,1125.3,1125.3,1136.0,1102.4,1129.1,578412,6489.72,28828,190246.0,32.89,2026-09-22
YATRA,EQ,22-Sep-2026,103.69,104.8,110.73,104.5,108.82,1814749,1968.75,16083,675273.0,37.21,2026-09-22
YCCL,SM,22-Sep-2026,8.55,8.5,8.55,8.3,8.3,9000,0.76,3,9000.0,100.0,2026-09-22
YESBANK,EQ,22-Sep-2026,23.17,23.17,23.29,23.04,23.2,36775729,8514.53,91823,21554569.0,58.61,2026-09-22
YOGI,EQ,22-Sep-2026,162.0,163.9,163.9,155.01,161.0,401,0.63,32,366.0,91.27,2026-09-22
YUDIZ,SM,22-Sep-2026,23.0,23.0,23.0,23.0,23.0,1600,0.37,2,1600.0,100.0,2026-09-22
YUKEN,EQ,22-Sep-2026,1125.8,1138.45,1149.0,1071.7,1137.95,32762,362.85,3774,17550.0,53.57,2026-09-22
ZAGGLE,EQ,22-Sep-2026,180.01,182.0,182.7,178.55,179.95,652387,1176.78,10002,329279.0,50.47,2026-09-22
ZEAL,SM,22-Sep-2026,77.6,78.2,78.2,73.2,73.55,3000,2.26,4,2400.0,80.0,2026-09-22
ZEEL,EQ,22-Sep-2026,77.68,78.22,79.2,77.77,78.21,8389460,6579.1,33365,1769208.0,21.09,2026-09-22
ZEELEARN,EQ,22-Sep-2026,6.77,6.95,6.99,6.7,6.81,167275,11.41,464,134656.0,80.5,2026-09-22
ZEEMEDIA,EQ,22-Sep-2026,7.31,7.4,7.99,7.39,7.56,2865132,220.9,3712,1402234.0,48.94,2026-09-22
ZENITHDRUG,SM,22-Sep-2026,42.0,42.35,42.35,40.0,41.35,23200,9.5,21,19200.0,82.76,2026-09-22
ZENITHEXPO,EQ,22-Sep-2026,197.0,197.0,198.97,197.0,197.62,280,0.55,7,280.0,100.0,2026-09-22
ZENITHSTL,EQ,22-Sep-2026,5.31,5.58,5.58,5.27,5.31,61929,3.3,263,53152.0,85.83,2026-09-22
ZENSARTECH,EQ,22-Sep-2026,436.4,432.55,439.3,431.7,432.6,578686,2509.39,16701,220758.0,38.15,2026-09-22
ZENTEC,EQ,22-Sep-2026,1687.2,1696.5,1729.9,1666.0,1673.8,252218,4267.74,21517,85382.0,33.85,2026-09-22
ZFCVINDIA,EQ,22-Sep-2026,2362.6,2362.6,2385.9,2312.9,2362.2,264362,6221.25,44914,154851.0,58.58,2026-09-22
ZFSTEERING,EQ,22-Sep-2026,693.65,695.0,703.95,686.1,689.7,1643,11.41,154,1132.0,68.9,2026-09-22
ZIMLAB,EQ,22-Sep-2026,133.65,131.25,134.96,130.5,133.8,56716,75.57,779,38659.0,68.16,2026-09-22
ZODIAC,EQ,22-Sep-2026,230.26,235.8,235.8,225.0,227.72,10456,24.16,759,6209.0,59.38,2026-09-22
ZODIACLOTH,EQ,22-Sep-2026,69.51,69.4,70.89,69.12,69.89,3940,2.75,60,3063.0,77.74,2026-09-22
ZOTA,EQ,22-Sep-2026,1287.8,1317.0,1438.0,1295.0,1356.0,1031885,14278.03,63900,214850.0,20.82,2026-09-22
ZSARACOM,EQ,22-Sep-2026,10282.0,10282.0,10535.0,10282.0,10485.0,9,0.94,7,8.0,88.89,2026-09-22
ZTECH,SM,22-Sep-2026,397.0,397.0,434.0,393.25,429.5,40500,171.66,98,28200.0,69.63,2026-09-22
ZUARI,EQ,22-Sep-2026,222.84,222.84,226.76,222.21,225.72,57519,129.53,1661,25979.0,45.17,2026-09-22
ZUARIIND,EQ,22-Sep-2026,272.6,273.25,279.95,273.0,275.1,77212,213.39,2482,41337.0,53.54,2026-09-22
ZYDUSLIFE,EQ,22-Sep-2026,1161.0,1161.0,1178.0,1160.0,1162.3,1243696,14541.7,22915,698350.0,56.15,2026-09-22
ZYDUSWELL,EQ,22-Sep-2026,530.45,534.5,537.0,514.0,520.55,193863,1011.0,12808,50534.0,26.07,2026-09-22
