SYMBOL,SERIES,DATE1,PREV_CLOSE,OPEN_PRICE,HIGH_PRICE,LOW_PRICE,CLOSE_PRICE,TTL_TRD_QNTY,TURNOVER_LACS,NO_OF_TRADES,DELIV_QTY,DELIV_PER,DATE
1018GS2026,GS,18-Aug-2026,104.35,104.74,104.74,104.74,104.74,190,0.2,3,190.0,100.0,2026-08-18
20MICRONS,EQ,18-Aug-2026,197.26,197.26,198.4,195.2,197.16,72434,142.41,1693,40065.0,55.31,2026-08-18
21STCENMGM,EQ,18-Aug-2026,44.93,45.82,45.82,45.11,45.64,6929,3.17,117,5319.0,76.76,2026-08-18
360ONE,EQ,18-Aug-2026,1173.0,1169.0,1185.0,1154.0,1163.6,683646,8001.57,29376,400223.0,58.54,2026-08-18
3BBLACKBIO,EQ,18-Aug-2026,1148.4,1154.2,1167.8,1142.0,1148.4,7528,86.71,507,5500.0,73.06,2026-08-18
3IINFOLTD,BE,18-Aug-2026,25.64,25.0,25.25,24.36,24.36,253855,62.14,1140,,,2026-08-18
3MINDIA,EQ,18-Aug-2026,34910.0,35085.0,35290.0,34900.0,34945.0,1635,573.59,1040,783.0,47.89,2026-08-18
3PLAND,EQ,18-Aug-2026,32.35,32.4,32.5,31.75,32.03,1902,0.61,64,1471.0,77.34,2026-08-18
5PAISA,EQ,18-Aug-2026,380.8,380.8,403.8,380.8,388.3,191663,757.48,6273,54999.0,28.7,2026-08-18
601GS2030,GS,18-Aug-2026,100.1,99.9,100.1,97.93,98.0,1597,1.57,9,1596.0,99.94,2026-08-18
610GS2031,GS,18-Aug-2026,99.35,99.2,99.2,99.2,99.2,1,0.0,1,1.0,100.0,2026-08-18
633GS2035,GS,18-Aug-2026,101.0,97.31,97.31,97.31,97.31,4600,4.48,1,4600.0,100.0,2026-08-18
63MOONS,EQ,18-Aug-2026,780.25,778.05,780.2,753.0,757.65,274671,2099.26,10381,126904.0,46.2,2026-08-18
654GS2032,GS,18-Aug-2026,100.0,100.2,100.2,99.4,99.5,9807,9.76,3,9807.0,100.0,2026-08-18
667GS2050,GS,18-Aug-2026,92.1,92.65,92.65,92.44,92.44,3987,3.69,14,3987.0,100.0,2026-08-18
668GS2033,GS,18-Aug-2026,100.0,99.9,99.9,99.9,99.9,100,0.1,1,100.0,100.0,2026-08-18
668GS2040,GS,18-Aug-2026,97.55,97.55,99.45,97.25,97.25,13051,12.96,11,12300.0,94.25,2026-08-18
676GS2061,GS,18-Aug-2026,94.05,94.48,95.0,94.48,94.77,35608,33.76,23,32114.0,90.19,2026-08-18
679GS2031,GS,18-Aug-2026,102.0,102.0,102.0,102.0,102.0,50,0.05,1,50.0,100.0,2026-08-18
68GS2060,GS,18-Aug-2026,93.3,93.3,93.3,93.1,93.29,262,0.24,4,262.0,100.0,2026-08-18
690GS2065,GS,18-Aug-2026,94.54,95.0,95.0,94.8,94.8,14597,13.86,6,14597.0,100.0,2026-08-18
692GS2039,GS,18-Aug-2026,100.5,101.0,101.0,101.0,101.0,500,0.51,1,500.0,100.0,2026-08-18
694GS2036,GS,18-Aug-2026,101.86,103.1,103.1,102.25,102.5,10045,10.33,8,9945.0,99.0,2026-08-18
695GS2061,GS,18-Aug-2026,94.01,94.8,94.8,94.8,94.8,4879,4.63,2,4879.0,100.0,2026-08-18
699GS2051,GS,18-Aug-2026,96.0,95.71,95.71,95.71,95.71,1,0.0,1,1.0,100.0,2026-08-18
702GS2027,GS,18-Aug-2026,103.98,104.0,104.0,103.4,103.4,2,0.0,2,2.0,100.0,2026-08-18
704GS2029,GS,18-Aug-2026,102.5,102.5,102.5,102.5,102.5,25,0.03,1,25.0,100.0,2026-08-18
706GS2041,GS,18-Aug-2026,101.99,102.5,102.5,102.5,102.5,1,0.0,1,1.0,100.0,2026-08-18
709GS2054,GS,18-Aug-2026,97.55,97.8,97.8,97.0,97.0,38970,37.8,14,38920.0,99.87,2026-08-18
709GS2074,GS,18-Aug-2026,96.6,96.6,96.8,96.2,96.45,19955,19.25,31,18955.0,94.99,2026-08-18
710GS2029,GS,18-Aug-2026,103.42,103.11,103.52,103.11,103.51,1491,1.54,4,1446.0,96.98,2026-08-18
717GS2030,GS,18-Aug-2026,104.7,103.7,103.7,103.26,103.26,2001,2.08,2,2001.0,100.0,2026-08-18
718GS2033,GS,18-Aug-2026,102.5,102.55,103.1,102.5,103.1,11500,11.84,7,11198.0,97.37,2026-08-18
718GS2037,GS,18-Aug-2026,102.66,103.2,103.2,102.6,102.6,2161,2.22,3,2161.0,100.0,2026-08-18
724GS2055,GS,18-Aug-2026,98.97,98.8,98.84,98.0,98.38,80103,78.73,83,79391.0,99.11,2026-08-18
725GS2063,GS,18-Aug-2026,98.44,98.5,98.6,98.0,98.43,118658,116.77,55,87009.0,73.33,2026-08-18
726GS2032,GS,18-Aug-2026,106.5,105.51,106.25,105.51,106.25,3790,4.01,3,3790.0,100.0,2026-08-18
732GS2030,GS,18-Aug-2026,104.0,104.11,108.2,103.87,103.89,23631,24.55,6,23631.0,100.0,2026-08-18
733GS2026,GS,18-Aug-2026,101.7,102.31,102.31,102.31,102.31,1798,1.84,3,1798.0,100.0,2026-08-18
734GS2064,GS,18-Aug-2026,100.49,100.5,100.5,100.4,100.49,47616,47.85,34,47616.0,100.0,2026-08-18
735NABAR31,N1,18-Aug-2026,1115.0,1115.0,1115.0,1115.0,1115.0,100,1.12,1,100.0,100.0,2026-08-18
736GS2052,GS,18-Aug-2026,103.75,101.46,101.5,101.4,101.5,9518,9.66,6,4759.0,50.0,2026-08-18
737GS2028,GS,18-Aug-2026,105.0,104.1,104.98,104.1,104.98,19601,20.41,9,19600.0,99.99,2026-08-18
738GS2027,GS,18-Aug-2026,102.35,102.26,102.35,102.0,102.21,110858,113.33,120,110858.0,100.0,2026-08-18
73GS2053,GS,18-Aug-2026,100.24,100.55,100.55,100.0,100.47,12592,12.62,12,12578.0,99.89,2026-08-18
741GS2036,GS,18-Aug-2026,104.91,105.5,105.8,105.43,105.6,20255,21.37,23,20250.0,99.98,2026-08-18
743GS2076,GS,18-Aug-2026,100.66,100.66,101.25,100.05,101.11,3167,3.18,23,2285.0,72.15,2026-08-18
746GS2073,GS,18-Aug-2026,100.75,101.35,101.55,100.56,100.99,18794,19.0,30,18794.0,100.0,2026-08-18
74GS2062,GS,18-Aug-2026,101.01,101.9,101.9,101.26,101.3,1401,1.43,5,1201.0,85.72,2026-08-18
750GS2056,GS,18-Aug-2026,103.0,103.0,103.0,101.1,101.82,1179,1.2,19,1090.0,92.45,2026-08-18
754GS2036,GS,18-Aug-2026,106.9,106.91,107.15,106.76,106.91,319854,341.91,134,315956.0,98.78,2026-08-18
771GS2066,GS,18-Aug-2026,104.81,104.78,104.78,104.3,104.36,4421,4.62,12,4421.0,100.0,2026-08-18
824GS2027,GS,18-Aug-2026,106.0,105.9,105.9,105.9,105.9,10,0.01,1,10.0,100.0,2026-08-18
92GS2030,GS,18-Aug-2026,114.0,113.0,115.2,113.0,115.16,40330,46.09,36,39730.0,98.51,2026-08-18
A2ZINFRA,EQ,18-Aug-2026,14.49,14.21,14.64,14.21,14.26,101272,14.5,313,73449.0,72.53,2026-08-18
AAATECH,EQ,18-Aug-2026,91.98,92.18,94.0,91.0,92.81,14270,13.2,309,6645.0,46.57,2026-08-18
AADHARHFC,EQ,18-Aug-2026,487.65,487.65,493.85,482.0,487.4,286979,1400.3,19334,142788.0,49.76,2026-08-18
AAKAAR,SM,18-Aug-2026,50.55,50.6,53.05,50.6,53.05,14400,7.53,8,14400.0,100.0,2026-08-18
AAKASH,EQ,18-Aug-2026,8.77,8.71,9.59,8.71,9.13,400049,36.74,924,252869.0,63.21,2026-08-18
AAREYDRUGS,EQ,18-Aug-2026,85.58,83.01,85.46,81.31,82.16,668238,554.81,459,149230.0,22.33,2026-08-18
AARNAV,EQ,18-Aug-2026,31.23,31.35,36.04,30.7,35.37,220800,75.31,2863,121647.0,55.09,2026-08-18
AARON,EQ,18-Aug-2026,138.85,142.2,146.0,141.63,143.78,35017,50.48,1192,14721.0,42.04,2026-08-18
AARTECH,BE,18-Aug-2026,50.82,50.0,53.36,49.0,51.38,261953,135.18,478,,,2026-08-18
AARTIDRUGS,EQ,18-Aug-2026,410.75,410.75,415.2,404.5,412.8,98898,407.69,4057,59172.0,59.83,2026-08-18
AARTIIND,EQ,18-Aug-2026,526.7,526.0,533.8,520.85,530.1,830422,4375.97,23267,314223.0,37.84,2026-08-18
AARTIPHARM,EQ,18-Aug-2026,861.95,861.95,892.0,850.0,874.55,316783,2777.67,17793,108371.0,34.21,2026-08-18
AARTISURF,BE,18-Aug-2026,625.65,594.4,594.4,594.4,594.4,6862,40.79,257,,,2026-08-18
AARVI,EQ,18-Aug-2026,152.6,152.0,157.0,150.1,151.93,42604,64.77,826,35146.0,82.49,2026-08-18
AASTHA,EQ,18-Aug-2026,73.21,74.0,74.2,73.0,73.03,433445,317.5,2090,206327.0,47.6,2026-08-18
AATMAJ,SM,18-Aug-2026,18.1,20.5,20.5,19.0,19.0,10000,1.97,5,8000.0,80.0,2026-08-18
AAVAS,EQ,18-Aug-2026,1389.8,1375.0,1393.9,1375.0,1388.3,49386,684.58,8366,28599.0,57.91,2026-08-18
ABAN,BE,18-Aug-2026,18.1,17.74,17.74,17.74,17.74,2547,0.45,26,,,2026-08-18
ABANSENT,EQ,18-Aug-2026,31.89,32.79,32.79,30.3,30.3,28145,8.62,241,25174.0,89.44,2026-08-18
ABB,EQ,18-Aug-2026,7660.0,7660.0,7734.0,7528.5,7546.0,126259,9614.08,17246,46090.0,36.5,2026-08-18
ABBOTINDIA,EQ,18-Aug-2026,26905.0,26900.0,26900.0,26510.0,26580.0,4509,1200.13,2161,2348.0,52.07,2026-08-18
ABCAPITAL,EQ,18-Aug-2026,398.7,399.0,402.8,393.8,402.0,4314550,17193.8,44687,2656485.0,61.57,2026-08-18
ABCOTS,EQ,18-Aug-2026,199.66,202.48,225.0,201.88,217.4,152579,328.82,4222,54330.0,35.61,2026-08-18
ABDL,EQ,18-Aug-2026,610.65,612.95,617.9,607.8,612.6,266137,1631.24,10013,114354.0,42.97,2026-08-18
ABFRL,EQ,18-Aug-2026,55.29,55.29,55.86,54.82,54.97,2804136,1543.31,16754,1689166.0,60.24,2026-08-18
ABGSEC,EQ,18-Aug-2026,115.07,115.63,115.63,114.64,115.3,213,0.25,11,149.0,69.95,2026-08-18
ABHAPOWER,SM,18-Aug-2026,25.2,25.0,25.5,25.0,25.5,3200,0.81,2,1600.0,50.0,2026-08-18
ABINFRA,EQ,18-Aug-2026,11.36,11.33,12.99,10.98,12.57,25170295,2997.64,134759,3393989.0,13.48,2026-08-18
ABLBL,EQ,18-Aug-2026,89.92,90.01,90.65,88.6,88.72,427800,381.43,6291,247089.0,57.76,2026-08-18
ABMINTLLTD,BE,18-Aug-2026,56.2,53.39,53.39,53.39,53.39,906,0.48,20,,,2026-08-18
ABMKNO,EQ,18-Aug-2026,197.0,195.0,200.0,190.0,192.1,2037,3.96,37,1958.0,96.12,2026-08-18
ABREL,EQ,18-Aug-2026,1402.1,1400.0,1401.6,1378.7,1390.8,89905,1247.17,7295,47304.0,52.62,2026-08-18
ABSL10BANK,EQ,18-Aug-2026,169.69,168.73,169.75,168.48,169.23,1546,2.61,23,1283.0,82.99,2026-08-18
ABSLAMC,EQ,18-Aug-2026,1019.0,1011.0,1022.6,1005.0,1013.3,108162,1093.66,17137,55045.0,50.89,2026-08-18
ABSLBANETF,EQ,18-Aug-2026,59.27,59.65,59.65,58.77,59.1,41503,24.46,236,24414.0,58.82,2026-08-18
ABSLLIQUID,EQ,18-Aug-2026,1000.0,1000.0,1000.01,999.99,999.99,1037,10.37,12,698.0,67.31,2026-08-18
ABSLMSCIN,EQ,18-Aug-2026,29.89,29.7,29.87,29.7,29.76,858,0.26,6,843.0,98.25,2026-08-18
ABSLNN50ET,EQ,18-Aug-2026,78.38,78.38,78.67,78.31,78.32,7571,5.94,169,6023.0,79.55,2026-08-18
ABSLPSE,EQ,18-Aug-2026,10.28,10.41,10.41,10.13,10.21,128769,13.22,333,95410.0,74.09,2026-08-18
ABSMARINE,ST,18-Aug-2026,246.05,240.1,247.95,236.9,238.05,43000,103.51,73,40500.0,94.19,2026-08-18
ACC,EQ,18-Aug-2026,1316.6,1317.0,1319.2,1301.1,1303.8,116554,1527.09,8357,67648.0,58.04,2026-08-18
ACCELYA,EQ,18-Aug-2026,1134.3,1139.9,1140.0,1126.0,1130.8,4118,46.61,578,2753.0,66.85,2026-08-18
ACCENTMIC,SM,18-Aug-2026,587.6,588.5,602.0,587.15,594.55,55000,327.14,99,37500.0,68.18,2026-08-18
ACCPL,ST,18-Aug-2026,195.0,195.0,200.05,195.0,200.0,16800,33.41,13,16800.0,100.0,2026-08-18
ACCURACY,BE,18-Aug-2026,4.75,4.77,4.79,4.63,4.65,38884,1.82,166,,,2026-08-18
ACE,EQ,18-Aug-2026,1113.7,1117.1,1188.0,1117.0,1184.8,1694531,19823.6,68991,565936.0,33.4,2026-08-18
ACEINTEG,EQ,18-Aug-2026,17.78,17.5,18.75,17.5,18.27,4121,0.76,80,3415.0,82.87,2026-08-18
ACGL,EQ,18-Aug-2026,1766.7,1784.3,1814.9,1715.5,1755.0,628,11.08,140,449.0,71.5,2026-08-18
ACI,EQ,18-Aug-2026,515.35,517.35,517.35,508.55,512.9,82390,422.39,6748,43973.0,53.37,2026-08-18
ACL,EQ,18-Aug-2026,45.94,45.16,46.85,45.16,46.37,4303,1.99,89,3428.0,79.67,2026-08-18
ACMESOLAR,EQ,18-Aug-2026,364.9,363.7,372.95,361.8,371.75,609731,2243.27,17914,280282.0,45.97,2026-08-18
ACSTECH,EQ,18-Aug-2026,50.92,52.0,52.2,49.61,49.92,343255,173.86,1765,196419.0,57.22,2026-08-18
ACTIVEINFR,SM,18-Aug-2026,170.0,170.0,170.0,170.0,170.0,600,1.02,1,600.0,100.0,2026-08-18
ACUTAAS,EQ,18-Aug-2026,3198.2,3190.0,3399.8,3189.9,3391.4,423370,14051.52,45584,186807.0,44.12,2026-08-18
ADANIENSOL,EQ,18-Aug-2026,1589.1,1589.0,1630.0,1583.1,1603.0,2294009,36880.47,43684,1137655.0,49.59,2026-08-18
ADANIENT,EQ,18-Aug-2026,3007.3,3014.0,3036.0,3002.5,3002.5,721988,21830.07,31926,311399.0,43.13,2026-08-18
ADANIGREEN,EQ,18-Aug-2026,1327.6,1327.6,1336.4,1308.0,1308.0,925260,12237.98,24553,271974.0,29.39,2026-08-18
ADANIPORTS,EQ,18-Aug-2026,1691.0,1691.6,1693.7,1667.0,1682.4,1298165,21818.18,48597,644260.0,49.63,2026-08-18
ADANIPOWER,EQ,18-Aug-2026,203.56,203.8,208.67,203.57,205.58,19181716,39659.82,94945,6996410.0,36.47,2026-08-18
ADDICTIVE,SM,18-Aug-2026,43.25,43.25,45.4,43.25,44.4,31500,14.17,33,29500.0,93.65,2026-08-18
ADDIND,EQ,18-Aug-2026,86.0,86.0,89.9,86.0,89.5,103,0.09,6,103.0,100.0,2026-08-18
ADFFOODS,EQ,18-Aug-2026,262.85,261.9,270.0,260.35,269.6,143285,380.4,5015,78079.0,54.49,2026-08-18
ADISOFT,SM,18-Aug-2026,181.0,180.0,182.95,175.05,176.45,28000,49.78,32,20000.0,71.43,2026-08-18
ADL,EQ,18-Aug-2026,68.65,69.0,73.0,68.99,69.07,365,0.25,15,330.0,90.41,2026-08-18
ADOR,EQ,18-Aug-2026,1525.3,1525.3,1574.0,1520.6,1562.3,35829,555.74,3657,19710.0,55.01,2026-08-18
ADROITINFO,EQ,18-Aug-2026,9.99,10.3,10.5,9.83,10.36,45723,4.66,275,32996.0,72.16,2026-08-18
ADSL,EQ,18-Aug-2026,111.06,111.2,112.48,110.0,110.38,82917,91.87,1633,38669.0,46.64,2026-08-18
ADVAIT,EQ,18-Aug-2026,2079.2,2077.0,2140.0,2070.0,2126.1,52562,1111.42,7479,16480.0,31.35,2026-08-18
ADVANCE,EQ,18-Aug-2026,117.06,117.06,120.06,115.81,117.96,194213,229.21,2370,98724.0,50.83,2026-08-18
ADVANIHOTR,EQ,18-Aug-2026,49.91,50.0,51.4,49.61,50.06,26513,13.27,416,21130.0,79.7,2026-08-18
ADVENTHTL,EQ,18-Aug-2026,134.9,135.56,136.83,135.0,135.64,104247,141.31,1694,72356.0,69.41,2026-08-18
ADVENZYMES,EQ,18-Aug-2026,305.6,303.0,307.2,302.0,303.0,212986,649.43,3683,156797.0,73.62,2026-08-18
ADVIKCA,EQ,18-Aug-2026,1.21,1.24,1.26,1.18,1.23,179534,2.21,244,153984.0,85.77,2026-08-18
AEGISLOG,EQ,18-Aug-2026,1287.2,1305.0,1378.0,1303.1,1367.7,3097867,41804.37,115529,409564.0,13.22,2026-08-18
AEGISVOPAK,EQ,18-Aug-2026,269.5,267.1,280.0,267.1,274.8,883444,2431.32,17096,280748.0,31.78,2026-08-18
AEPL,EQ,18-Aug-2026,14.93,14.8,15.41,14.63,14.9,20978,3.11,169,15995.0,76.25,2026-08-18
AEQUS,EQ,18-Aug-2026,249.58,249.4,263.45,248.23,259.85,6595637,16986.85,69191,2993983.0,45.39,2026-08-18
AEROENTER,EQ,18-Aug-2026,125.73,125.75,133.4,122.0,130.89,1139049,1476.45,12678,416995.0,36.61,2026-08-18
AEROFLEX,EQ,18-Aug-2026,455.85,454.0,488.0,449.4,485.85,3213334,15340.08,62931,1200812.0,37.37,2026-08-18
AERON,SM,18-Aug-2026,75.0,75.0,75.0,75.0,75.0,2000,1.5,2,2000.0,100.0,2026-08-18
AERONEU,EQ,18-Aug-2026,84.49,86.26,86.26,80.01,81.57,17969,14.96,1235,3263.0,18.16,2026-08-18
AEROPLANE,EQ,18-Aug-2026,182.85,181.9,187.0,173.72,181.19,699230,1273.13,3584,447826.0,64.05,2026-08-18
AESTHETIK,SM,18-Aug-2026,74.0,72.0,72.0,71.6,71.6,4000,2.87,4,4000.0,100.0,2026-08-18
AETHER,EQ,18-Aug-2026,1605.7,1606.0,1692.0,1604.3,1633.6,308349,5103.5,28150,92171.0,29.89,2026-08-18
AFCONS,EQ,18-Aug-2026,271.7,269.85,281.45,269.85,280.25,1053486,2924.05,16454,511446.0,48.55,2026-08-18
AFFLE,EQ,18-Aug-2026,1703.9,1715.0,1717.0,1692.8,1711.3,124757,2130.7,13154,64869.0,52.0,2026-08-18
AFFORDABLE,BE,18-Aug-2026,172.8,172.5,172.5,164.16,164.16,52609,86.64,657,,,2026-08-18
AFIL,EQ,18-Aug-2026,9.4,9.2,9.5,9.2,9.36,361615,33.81,382,294594.0,81.47,2026-08-18
AFSL,EQ,18-Aug-2026,201.2,202.95,206.7,201.12,205.55,6846,13.88,219,3825.0,55.87,2026-08-18
AGARIND,EQ,18-Aug-2026,499.6,496.55,502.4,493.3,501.1,19464,96.76,1206,10458.0,53.73,2026-08-18
AGARWALEYE,EQ,18-Aug-2026,501.6,501.0,508.35,495.0,502.6,628634,3156.3,25840,408584.0,65.0,2026-08-18
AGARWALFT,SM,18-Aug-2026,35.95,36.8,36.8,36.8,36.8,3000,1.1,2,3000.0,100.0,2026-08-18
AGARWALTUF,SM,18-Aug-2026,144.35,144.8,144.8,143.0,143.5,16800,24.12,7,2400.0,14.29,2026-08-18
AGI,EQ,18-Aug-2026,716.5,710.55,720.0,707.0,711.7,42716,303.78,2597,24144.0,56.52,2026-08-18
AGIIL,EQ,18-Aug-2026,301.5,299.0,299.95,291.15,292.85,400576,1184.99,6349,207137.0,51.71,2026-08-18
AGL,EQ,18-Aug-2026,14.01,14.0,14.01,13.03,13.25,3444947,464.7,7750,2016775.0,58.54,2026-08-18
AGNI,SM,18-Aug-2026,15.9,16.45,16.45,15.15,15.25,27500,4.23,10,20000.0,72.73,2026-08-18
AGRITECH,EQ,18-Aug-2026,103.49,103.5,103.5,100.99,101.84,3463,3.54,137,2870.0,82.88,2026-08-18
AGROPHOS,EQ,18-Aug-2026,26.39,27.35,27.35,26.0,26.07,30499,8.0,214,25502.0,83.62,2026-08-18
AGSTRA,BZ,18-Aug-2026,2.02,2.0,2.07,2.0,2.02,105301,2.13,276,,,2026-08-18
AHCL,EQ,18-Aug-2026,14.51,14.5,14.72,14.35,14.63,1995227,291.0,3689,984409.0,49.34,2026-08-18
AHLADA,EQ,18-Aug-2026,37.0,37.4,37.99,36.0,36.43,7675,2.84,214,6072.0,79.11,2026-08-18
AHLEAST,EQ,18-Aug-2026,140.95,140.95,144.0,139.05,139.54,1675,2.37,59,368.0,21.97,2026-08-18
AHLUCONT,EQ,18-Aug-2026,793.85,776.0,782.4,702.5,707.7,545925,3958.3,34981,163567.0,29.96,2026-08-18
AHLWEST,BE,18-Aug-2026,563.95,535.8,571.05,535.8,536.0,460,2.52,19,,,2026-08-18
AIAENG,EQ,18-Aug-2026,4383.6,4383.6,4479.0,4326.1,4447.6,52134,2292.1,10576,26053.0,49.97,2026-08-18
AIIL,EQ,18-Aug-2026,551.5,552.5,561.0,550.0,553.25,107054,593.1,8055,39095.0,36.52,2026-08-18
AIMTRON,SM,18-Aug-2026,1662.7,1644.5,1780.0,1642.35,1742.6,54600,947.52,246,33200.0,60.81,2026-08-18
AIRAN,EQ,18-Aug-2026,15.23,15.21,15.23,15.04,15.12,33026,5.0,235,24938.0,75.51,2026-08-18
AIROLAM,EQ,18-Aug-2026,87.42,89.99,91.25,87.18,87.91,15448,13.82,89,13900.0,89.98,2026-08-18
AJANTPHARM,EQ,18-Aug-2026,3718.2,3736.0,3796.0,3694.0,3706.4,145440,5443.49,20225,73196.0,50.33,2026-08-18
AJAXENGG,EQ,18-Aug-2026,567.25,565.0,570.0,552.0,558.4,53577,298.93,4992,34256.0,63.94,2026-08-18
AJMERA,EQ,18-Aug-2026,118.7,117.1,120.8,116.0,116.58,208462,245.69,2819,113338.0,54.37,2026-08-18
AJOONI,EQ,18-Aug-2026,3.81,3.65,3.85,3.65,3.82,264805,9.92,448,191952.0,72.49,2026-08-18
AKANKSHA,SM,18-Aug-2026,123.7,124.0,127.45,119.3,119.65,18000,22.3,16,16000.0,88.89,2026-08-18
AKASH,EQ,18-Aug-2026,25.43,25.0,25.77,24.71,25.08,377,0.09,32,207.0,54.91,2026-08-18
AKCAPIT,EQ,18-Aug-2026,1747.9,1750.7,1800.0,1740.1,1762.7,1966,34.53,436,1516.0,77.11,2026-08-18
AKG,EQ,18-Aug-2026,8.98,9.15,9.3,8.81,8.99,44658,4.02,137,33356.0,74.69,2026-08-18
AKI,EQ,18-Aug-2026,4.13,4.13,4.38,4.05,4.19,241941,10.2,462,172349.0,71.24,2026-08-18
AKIKO,SM,18-Aug-2026,361.85,369.0,382.45,362.0,378.7,47200,175.37,59,35200.0,74.58,2026-08-18
AKSHAR,EQ,18-Aug-2026,0.41,0.41,0.42,0.41,0.41,475644,1.97,192,379501.0,79.79,2026-08-18
AKSHARCHEM,BE,18-Aug-2026,303.07,302.9,305.0,293.0,301.07,5107,15.28,87,,,2026-08-18
AKSHOPTFBR,BE,18-Aug-2026,6.98,7.32,7.32,7.32,7.32,173111,12.67,107,,,2026-08-18
AKUMS,EQ,18-Aug-2026,744.0,753.85,766.85,740.9,744.15,263636,1980.32,18374,116984.0,44.37,2026-08-18
ALANKIT,EQ,18-Aug-2026,8.17,8.1,8.4,8.1,8.13,120928,9.93,420,78938.0,65.28,2026-08-18
ALBERTDAVD,EQ,18-Aug-2026,806.1,805.0,839.0,791.2,833.05,17562,144.1,1250,12574.0,71.6,2026-08-18
ALCODIS,SM,18-Aug-2026,63.5,63.5,63.5,63.5,63.5,1250,0.79,2,1250.0,100.0,2026-08-18
ALEMBICLTD,EQ,18-Aug-2026,90.15,90.31,90.4,87.8,89.87,276330,246.62,3134,142757.0,51.66,2026-08-18
ALFREDHE,EQ,18-Aug-2026,3151.2,3151.0,3151.0,2980.0,2985.6,22,0.66,10,19.0,86.36,2026-08-18
ALGOQUANT,EQ,18-Aug-2026,66.29,66.2,67.49,65.26,66.27,1039258,684.46,1352,208190.0,20.03,2026-08-18
ALICON,EQ,18-Aug-2026,726.1,729.7,764.0,718.05,756.95,171517,1284.74,11004,53417.0,31.14,2026-08-18
ALIVUS,EQ,18-Aug-2026,1394.4,1392.2,1413.0,1373.2,1398.7,141640,1975.86,20389,87513.0,61.79,2026-08-18
ALKALI,BE,18-Aug-2026,67.71,67.71,69.79,65.6,67.22,2884,1.94,32,,,2026-08-18
ALKEM,EQ,18-Aug-2026,5374.0,5374.0,5510.0,5374.0,5475.0,127028,6950.48,19675,35682.0,28.09,2026-08-18
ALKYLAMINE,EQ,18-Aug-2026,1920.1,1920.1,1928.8,1885.1,1894.6,33643,639.91,6676,16473.0,48.96,2026-08-18
ALLCARGO,EQ,18-Aug-2026,10.06,10.05,10.12,9.85,9.97,11044531,1101.27,9178,3756971.0,34.02,2026-08-18
ALLDIGI,EQ,18-Aug-2026,809.25,809.25,817.3,801.0,814.75,8265,67.03,803,6108.0,73.9,2026-08-18
ALLETEC,ST,18-Aug-2026,132.65,128.0,130.0,126.05,127.55,36400,46.45,73,35600.0,97.8,2026-08-18
ALLTIME,EQ,18-Aug-2026,213.14,210.98,216.43,208.0,213.99,217555,465.3,3129,176497.0,81.13,2026-08-18
ALMONDZ,EQ,18-Aug-2026,14.2,14.22,14.4,14.01,14.08,17474,2.48,122,14637.0,83.76,2026-08-18
ALOKINDS,EQ,18-Aug-2026,11.53,11.53,11.57,11.42,11.48,2920830,335.42,4660,1876143.0,64.23,2026-08-18
ALPA,EQ,18-Aug-2026,63.72,65.2,65.2,62.24,62.56,8310,5.23,195,6148.0,73.98,2026-08-18
ALPEXSOLAR,SM,18-Aug-2026,772.95,788.95,900.0,781.15,871.35,270500,2296.71,1744,183800.0,67.95,2026-08-18
ALPHA,EQ,18-Aug-2026,54.18,54.18,54.29,53.81,54.06,706087,381.33,2065,431327.0,61.09,2026-08-18
ALPHAETF,EQ,18-Aug-2026,26.82,26.83,26.84,26.61,26.79,495578,132.58,691,384244.0,77.53,2026-08-18
ALPHAGEO,EQ,18-Aug-2026,338.36,344.0,368.0,329.0,352.26,199945,703.93,6240,87633.0,43.83,2026-08-18
ALPINETEX,EQ,18-Aug-2026,57.14,56.55,63.56,56.55,60.46,561798,340.02,7797,152770.0,27.19,2026-08-18
ALPL30IETF,EQ,18-Aug-2026,28.33,28.33,28.33,28.19,28.27,677321,191.39,938,502446.0,74.18,2026-08-18
ALUFLUOR,EQ,18-Aug-2026,434.05,442.0,455.0,438.05,440.3,5718,25.47,397,5347.0,93.51,2026-08-18
ALUWIND,SM,18-Aug-2026,48.9,48.3,48.5,48.2,48.4,7500,3.62,5,7500.0,100.0,2026-08-18
AMAGI,EQ,18-Aug-2026,581.0,580.0,592.2,566.4,579.15,1013729,5874.37,23989,433344.0,42.75,2026-08-18
AMAL,EQ,18-Aug-2026,751.25,751.25,770.0,730.3,740.45,2234,16.6,155,1716.0,76.81,2026-08-18
AMANTA,BE,18-Aug-2026,164.13,162.3,172.33,159.5,172.29,307363,522.58,971,,,2026-08-18
AMARJOTHI,EQ,18-Aug-2026,162.0,162.3,162.3,157.05,157.57,2196,3.52,35,2185.0,99.5,2026-08-18
AMBAAUTO,SM,18-Aug-2026,105.45,106.0,106.0,102.0,106.0,21000,22.1,16,17000.0,80.95,2026-08-18
AMBALALSA,EQ,18-Aug-2026,45.7,45.93,49.5,45.75,47.61,549703,265.66,3368,274888.0,50.01,2026-08-18
AMBANIORGO,SM,18-Aug-2026,115.0,115.0,115.0,115.0,115.0,1000,1.15,1,1000.0,100.0,2026-08-18
AMBER,EQ,18-Aug-2026,7259.0,7265.0,7408.0,7252.0,7350.0,578175,42317.24,33962,270507.0,46.79,2026-08-18
AMBICAAGAR,EQ,18-Aug-2026,23.78,23.81,24.73,23.81,24.29,6006,1.47,65,5707.0,95.02,2026-08-18
AMBIKCO,EQ,18-Aug-2026,1615.9,1603.0,1622.9,1593.2,1610.7,5742,92.43,742,3333.0,58.05,2026-08-18
AMBUJACEM,EQ,18-Aug-2026,415.25,414.0,416.9,409.9,412.4,2377631,9809.1,24941,1491315.0,62.72,2026-08-18
AMCL,SM,18-Aug-2026,379.9,386.0,386.0,386.0,386.0,800,3.09,1,800.0,100.0,2026-08-18
AMDIND,EQ,18-Aug-2026,51.41,51.41,54.99,51.41,53.35,37894,20.43,607,24625.0,64.98,2026-08-18
AMJLAND,EQ,18-Aug-2026,38.62,39.39,39.4,38.07,38.73,1419,0.55,89,1017.0,71.67,2026-08-18
AMNPLST,EQ,18-Aug-2026,185.55,185.35,188.85,184.75,185.83,3663,6.81,215,2401.0,65.55,2026-08-18
AMRUTANJAN,EQ,18-Aug-2026,491.85,491.1,500.8,487.25,488.25,61907,306.2,2446,38791.0,62.66,2026-08-18
ANANDRATHI,EQ,18-Aug-2026,2176.0,2174.0,2199.0,2172.7,2194.8,132277,2896.68,13601,85179.0,64.39,2026-08-18
ANANTAM,IV,18-Aug-2026,104.98,105.64,105.64,104.75,105.21,185893,195.2,131,184895.0,99.46,2026-08-18
ANANTRAJ,EQ,18-Aug-2026,627.55,623.0,633.0,621.95,627.05,1119254,7031.49,23068,524543.0,46.87,2026-08-18
ANAWIL,ST,18-Aug-2026,423.45,419.9,444.6,407.0,444.15,273200,1186.2,432,246800.0,90.34,2026-08-18
ANDHRAPAP,EQ,18-Aug-2026,59.96,59.96,62.1,59.76,61.93,252494,155.21,1998,142152.0,56.3,2026-08-18
ANDHRSUGAR,EQ,18-Aug-2026,101.98,102.59,103.96,99.52,100.46,730940,745.09,7389,330253.0,45.18,2026-08-18
ANDREWYU,EQ,18-Aug-2026,26.23,27.28,27.28,25.35,25.98,36629,9.57,450,25517.0,69.66,2026-08-18
ANGELONE,EQ,18-Aug-2026,293.5,293.4,293.4,281.6,291.75,7260733,20908.97,55990,2673332.0,36.82,2026-08-18
ANIKINDS,EQ,18-Aug-2026,42.76,44.04,44.04,41.0,43.07,11453,4.88,230,9007.0,78.64,2026-08-18
ANKITMETAL,BZ,18-Aug-2026,1.53,1.53,1.57,1.5,1.51,32035,0.49,46,,,2026-08-18
ANLON,SM,18-Aug-2026,676.35,676.35,676.35,669.9,669.9,2800,18.9,5,2400.0,85.71,2026-08-18
ANMOL,EQ,18-Aug-2026,10.02,10.02,10.24,10.01,10.17,24876,2.52,150,20813.0,83.67,2026-08-18
ANNAPURNA,EQ,18-Aug-2026,163.0,165.4,165.4,155.35,157.6,63430,101.2,1276,38516.0,60.72,2026-08-18
ANONDITA,SM,18-Aug-2026,1086.65,1082.0,1089.95,1064.05,1074.6,5400,58.18,25,4400.0,81.48,2026-08-18
ANSALAPI,BZ,18-Aug-2026,3.39,3.34,3.45,3.33,3.39,34059,1.15,54,,,2026-08-18
ANSALBU,EQ,18-Aug-2026,72.8,76.0,76.0,73.0,73.0,145,0.11,8,145.0,100.0,2026-08-18
ANTELOPUS,EQ,18-Aug-2026,800.9,813.9,866.85,802.5,856.55,386388,3263.21,17089,156573.0,40.52,2026-08-18
ANTGRAPHIC,EQ,18-Aug-2026,0.74,0.74,0.75,0.72,0.73,163088,1.2,161,118994.0,72.96,2026-08-18
ANTHEM,EQ,18-Aug-2026,898.0,899.0,899.0,883.85,891.05,477452,4251.87,22300,287522.0,60.22,2026-08-18
ANUHPHR,EQ,18-Aug-2026,75.72,75.72,76.83,75.5,75.8,39872,30.28,829,30204.0,75.75,2026-08-18
ANUP,EQ,18-Aug-2026,1834.5,1832.0,1852.8,1811.9,1825.2,17978,328.04,2647,9889.0,55.01,2026-08-18
ANURAS,EQ,18-Aug-2026,1196.9,1197.5,1219.0,1196.0,1210.5,500190,6031.24,6498,407777.0,81.52,2026-08-18
ANZEN,IV,18-Aug-2026,132.4,130.0,132.9,130.0,132.9,150000,198.08,6,150000.0,100.0,2026-08-18
AONEGOLD,EQ,18-Aug-2026,14.25,14.25,14.3,14.22,14.28,172094,24.57,1138,134561.0,78.19,2026-08-18
AONELIQUID,EQ,18-Aug-2026,1072.91,1073.07,1073.07,1073.05,1073.05,10870,116.64,103,7021.0,64.59,2026-08-18
AONENIFTY,EQ,18-Aug-2026,10.05,10.18,10.18,10.0,10.01,154170,15.45,1103,112363.0,72.88,2026-08-18
AONESILVER,EQ,18-Aug-2026,8.93,9.15,9.15,8.84,8.85,424906,37.68,1204,273523.0,64.37,2026-08-18
AONETMMQ50,EQ,18-Aug-2026,10.44,10.49,10.49,10.38,10.43,39185,4.08,221,29164.0,74.43,2026-08-18
AONETOTAL,EQ,18-Aug-2026,12.04,12.04,12.15,11.8,12.0,113322,13.61,1093,36710.0,32.39,2026-08-18
APARINDS,EQ,18-Aug-2026,16524.0,16650.0,17295.0,16199.0,17214.0,338500,56972.48,73303,135446.0,40.01,2026-08-18
APCL,EQ,18-Aug-2026,106.87,106.87,107.95,103.1,106.23,4528,4.8,215,2994.0,66.12,2026-08-18
APCOTEXIND,EQ,18-Aug-2026,605.45,605.45,634.5,605.45,632.55,404224,2519.76,13928,166304.0,41.14,2026-08-18
APEX,EQ,18-Aug-2026,422.55,424.0,427.8,395.4,398.5,944431,3881.95,24059,325057.0,34.42,2026-08-18
APEXECO,ST,18-Aug-2026,290.2,276.05,286.95,276.05,285.0,13600,38.23,11,13600.0,100.0,2026-08-18
APLAPOLLO,EQ,18-Aug-2026,2081.3,2082.0,2122.0,2075.1,2115.0,418384,8803.77,22987,201013.0,48.05,2026-08-18
APLLTD,EQ,18-Aug-2026,822.45,820.0,838.0,820.0,824.55,51271,425.49,7691,25710.0,50.15,2026-08-18
APOLLO,EQ,18-Aug-2026,387.05,387.5,390.5,384.0,387.85,2866177,11074.49,31736,1044637.0,36.45,2026-08-18
APOLLOHOSP,EQ,18-Aug-2026,8825.5,8825.5,8907.0,8786.5,8817.0,474997,41997.84,53645,271123.0,57.08,2026-08-18
APOLLOPIPE,EQ,18-Aug-2026,545.3,545.3,560.0,544.95,551.3,368105,2034.84,11026,156585.0,42.54,2026-08-18
APOLLOTYRE,EQ,18-Aug-2026,436.7,435.5,438.95,434.25,436.0,236230,1031.94,10063,118673.0,50.24,2026-08-18
APOLSINHOT,EQ,18-Aug-2026,1205.8,1201.0,1223.3,1153.5,1190.0,1071,12.79,110,947.0,88.42,2026-08-18
APRAMEYA,SM,18-Aug-2026,130.7,130.5,131.0,114.25,118.6,24000,29.87,42,18000.0,75.0,2026-08-18
APS,SM,18-Aug-2026,237.5,237.5,238.0,228.0,233.75,30000,70.04,86,25250.0,84.17,2026-08-18
APSISAERO,ST,18-Aug-2026,499.8,509.4,509.75,509.4,509.75,4800,24.46,4,3600.0,75.0,2026-08-18
APTECHT,BE,18-Aug-2026,94.78,95.0,95.89,93.53,94.48,24960,23.63,335,,,2026-08-18
APTUS,EQ,18-Aug-2026,255.2,256.6,261.7,255.2,257.0,706252,1821.21,45169,398547.0,56.43,2026-08-18
AQYLON,EQ,18-Aug-2026,21.79,21.5,22.87,20.87,22.86,3402192,770.21,4356,1855441.0,54.54,2026-08-18
ARABIAN,SM,18-Aug-2026,86.55,86.0,86.0,86.0,86.0,2000,1.72,1,2000.0,100.0,2026-08-18
ARCHIDPLY,EQ,18-Aug-2026,95.91,97.89,97.89,93.8,95.32,14039,13.34,219,11061.0,78.79,2026-08-18
ARCHIES,EQ,18-Aug-2026,13.49,13.26,13.56,13.26,13.52,10691,1.44,69,9176.0,85.83,2026-08-18
ARCIIL,SM,18-Aug-2026,38.2,38.2,38.2,38.2,38.2,1000,0.38,1,1000.0,100.0,2026-08-18
ARCL,EQ,18-Aug-2026,236.4,236.4,236.4,224.58,233.75,667,1.54,20,667.0,100.0,2026-08-18
ARDEE,EQ,18-Aug-2026,62.34,62.15,64.86,60.61,63.89,12405716,7793.24,45705,3675409.0,29.63,2026-08-18
ARE&M,EQ,18-Aug-2026,945.7,945.7,952.8,929.1,935.8,415621,3891.2,21470,186772.0,44.94,2026-08-18
ARENTERP,EQ,18-Aug-2026,38.36,39.44,39.44,36.76,38.42,1431,0.55,55,1087.0,75.96,2026-08-18
ARFIN,EQ,18-Aug-2026,83.69,83.0,83.45,82.0,82.5,982288,814.3,1858,68242.0,6.95,2026-08-18
ARHAM,SM,18-Aug-2026,185.85,183.0,187.0,180.0,185.05,78000,143.25,46,40000.0,51.28,2026-08-18
ARIES,EQ,18-Aug-2026,434.65,429.3,450.0,421.0,442.7,173328,763.97,6420,75370.0,43.48,2026-08-18
ARIHANT,EQ,18-Aug-2026,1031.6,1030.0,1046.8,975.2,1021.5,3544,35.94,550,1953.0,55.11,2026-08-18
ARIHANTCAP,EQ,18-Aug-2026,73.47,73.47,74.8,73.1,73.77,104567,76.94,898,52910.0,50.6,2026-08-18
ARIHANTSUP,EQ,18-Aug-2026,257.6,259.05,259.2,248.3,251.45,7697,19.58,307,5482.0,71.22,2026-08-18
ARIS,EQ,18-Aug-2026,136.25,136.0,136.5,134.32,135.97,390567,529.87,3602,157748.0,40.39,2026-08-18
ARKADE,EQ,18-Aug-2026,129.99,130.94,131.97,129.24,130.02,191083,248.68,2003,77709.0,40.67,2026-08-18
ARMANFIN,EQ,18-Aug-2026,1962.9,1976.8,1978.0,1932.0,1936.8,33991,661.52,3467,18365.0,54.03,2026-08-18
ARMOUR,ST,18-Aug-2026,18.5,18.45,18.45,18.45,18.45,4000,0.74,2,4000.0,100.0,2026-08-18
AROGRANITE,EQ,18-Aug-2026,24.57,24.75,24.95,24.21,24.68,3848,0.95,61,2643.0,68.69,2026-08-18
ARROWGREEN,BE,18-Aug-2026,768.65,730.25,730.25,730.25,730.25,8357,61.03,372,,,2026-08-18
ARSHIYA,BZ,18-Aug-2026,0.93,0.94,0.96,0.9,0.92,99163,0.91,76,,,2026-08-18
ARSSBL,EQ,18-Aug-2026,509.2,511.0,517.0,505.5,512.0,165394,844.06,4425,55473.0,33.54,2026-08-18
ARTEMISMED,EQ,18-Aug-2026,314.4,314.4,315.4,309.4,312.15,224408,700.08,5227,121748.0,54.25,2026-08-18
ARTNIRMAN,EQ,18-Aug-2026,42.23,42.44,43.68,41.0,43.02,1154,0.49,29,843.0,73.05,2026-08-18
ARUNAYA,SM,18-Aug-2026,14.55,14.5,14.85,14.5,14.85,4000,0.59,2,2000.0,50.0,2026-08-18
ARVEE,EQ,18-Aug-2026,165.55,165.55,171.89,165.55,170.55,962,1.64,53,773.0,80.35,2026-08-18
ARVIND,EQ,18-Aug-2026,552.3,554.45,555.2,522.6,526.5,928757,4959.99,32927,457115.0,49.22,2026-08-18
ARVINDFASN,EQ,18-Aug-2026,444.15,441.0,443.6,434.0,438.05,289683,1271.51,23186,167704.0,57.89,2026-08-18
ARVINDPORT,SM,18-Aug-2026,31.95,31.5,33.5,30.55,33.5,36000,11.78,14,34500.0,95.83,2026-08-18
ARVSMART,EQ,18-Aug-2026,670.35,667.95,676.95,651.1,665.55,84696,561.72,4352,35687.0,42.14,2026-08-18
ARYAMAN,EQ,18-Aug-2026,599.9,599.9,599.9,570.0,599.9,12,0.07,3,12.0,100.0,2026-08-18
ASAHIINDIA,EQ,18-Aug-2026,931.2,938.0,970.85,934.85,962.8,736543,7046.69,33109,307677.0,41.77,2026-08-18
ASAHISONG,BE,18-Aug-2026,357.0,348.1,351.5,340.0,345.2,23392,80.78,331,,,2026-08-18
ASAL,EQ,18-Aug-2026,505.95,505.95,514.5,496.95,499.55,15737,79.18,1073,9160.0,58.21,2026-08-18
ASALCBR,EQ,18-Aug-2026,733.25,731.5,731.5,719.0,721.9,24739,179.34,1708,15252.0,61.65,2026-08-18
ASHALOG,SM,18-Aug-2026,61.25,61.05,61.05,60.5,60.5,11000,6.67,5,11000.0,100.0,2026-08-18
ASHAPURMIN,EQ,18-Aug-2026,612.2,615.8,616.4,594.0,596.3,344374,2069.97,12860,197563.0,57.37,2026-08-18
ASHIANA,EQ,18-Aug-2026,365.0,365.0,367.2,362.0,365.75,23957,87.56,810,14509.0,60.56,2026-08-18
ASHIKAG,BE,18-Aug-2026,444.1,440.0,440.0,428.05,432.45,23028,100.04,226,,,2026-08-18
ASHIMASYN,EQ,18-Aug-2026,17.51,17.51,17.94,16.95,17.38,82670,14.34,333,51093.0,61.8,2026-08-18
ASHOKA,EQ,18-Aug-2026,113.27,113.0,113.0,111.5,111.83,355486,398.84,3668,192104.0,54.04,2026-08-18
ASHOKAMET,EQ,18-Aug-2026,13.77,13.63,13.7,13.37,13.4,10576,1.43,106,10160.0,96.07,2026-08-18
ASHOKLEY,EQ,18-Aug-2026,177.1,177.0,177.59,174.5,176.35,14208948,25046.52,56877,6771479.0,47.66,2026-08-18
ASHWINI,SM,18-Aug-2026,190.5,190.05,190.8,190.0,190.8,4000,7.61,4,3000.0,75.0,2026-08-18
ASIANENE,EQ,18-Aug-2026,425.25,426.9,465.1,419.8,463.05,3647876,16499.04,84007,865930.0,23.74,2026-08-18
ASIANHOTNR,EQ,18-Aug-2026,300.0,296.95,303.5,296.3,302.0,5841,17.53,737,2818.0,48.25,2026-08-18
ASIANPAINT,EQ,18-Aug-2026,2687.5,2663.1,2670.1,2610.1,2628.4,1017022,26830.42,54425,538523.0,52.95,2026-08-18
ASIANTILES,EQ,18-Aug-2026,47.97,47.97,47.97,45.5,45.81,9346225,4332.9,15247,3100806.0,33.18,2026-08-18
ASIANTNE,EQ,18-Aug-2026,9.73,9.5,9.69,9.11,9.46,3285,0.31,48,2474.0,75.31,2026-08-18
ASKAUTOLTD,EQ,18-Aug-2026,649.2,651.0,654.95,633.0,638.25,260634,1676.64,12496,128450.0,49.28,2026-08-18
ASMS,BE,18-Aug-2026,6.96,6.96,7.16,6.93,7.04,146100,10.24,283,,,2026-08-18
ASPINWALL,EQ,18-Aug-2026,236.24,236.24,239.0,232.22,234.93,734,1.73,44,489.0,66.62,2026-08-18
ASPIRE,SM,18-Aug-2026,14.35,14.25,14.25,13.65,13.7,122000,17.08,11,122000.0,100.0,2026-08-18
ASSAMENT,EQ,18-Aug-2026,850.0,807.5,807.5,807.5,807.5,7,0.06,4,7.0,100.0,2026-08-18
ASTAR,EQ,18-Aug-2026,585.05,619.5,619.5,590.3,590.6,268,1.6,152,230.0,85.82,2026-08-18
ASTEC,EQ,18-Aug-2026,580.8,580.8,606.05,564.3,585.55,61911,366.45,4237,17483.0,28.24,2026-08-18
ASTERDM,EQ,18-Aug-2026,819.75,824.7,828.8,815.95,818.0,605701,4964.22,26787,346922.0,57.28,2026-08-18
ASTRAL,EQ,18-Aug-2026,1538.3,1538.4,1545.0,1517.1,1520.0,176344,2689.02,13612,79084.0,44.85,2026-08-18
ASTRAMICRO,EQ,18-Aug-2026,1707.1,1707.0,1800.0,1706.5,1767.4,312448,5476.82,18844,144418.0,46.22,2026-08-18
ASTRAZEN,EQ,18-Aug-2026,7640.5,7640.5,7759.5,7595.0,7645.0,7588,581.27,2250,3046.0,40.14,2026-08-18
ASTRON,BZ,18-Aug-2026,3.38,3.36,3.39,3.32,3.34,8350,0.28,46,,,2026-08-18
ATALREAL,EQ,18-Aug-2026,35.85,36.1,36.33,31.42,33.93,20814653,7198.79,22420,4383840.0,21.06,2026-08-18
ATAM,EQ,18-Aug-2026,60.67,60.06,61.89,57.57,59.75,6078,3.63,231,3752.0,61.73,2026-08-18
ATCENERGY,ST,18-Aug-2026,24.0,23.55,23.55,23.55,23.55,1200,0.28,1,1200.0,100.0,2026-08-18
ATGL,EQ,18-Aug-2026,646.9,646.9,655.0,645.8,647.3,343489,2232.14,12888,120002.0,34.94,2026-08-18
ATHERENERG,EQ,18-Aug-2026,1485.2,1484.7,1504.0,1455.0,1465.8,2760706,40725.24,135850,1233803.0,44.69,2026-08-18
ATL,EQ,18-Aug-2026,23.91,23.91,24.48,23.36,23.68,246036,58.48,1962,147887.0,60.11,2026-08-18
ATLANTAA,EQ,18-Aug-2026,39.64,39.51,40.7,37.71,38.68,49094,19.07,722,38049.0,77.5,2026-08-18
ATLANTAELE,EQ,18-Aug-2026,1788.2,1828.9,1849.8,1759.0,1774.4,224377,4039.21,25746,117205.0,52.24,2026-08-18
ATLASCYCLE,EQ,18-Aug-2026,97.61,97.6,98.0,96.01,97.19,916,0.89,68,622.0,67.9,2026-08-18
ATLPP,E1,18-Aug-2026,8.67,8.5,8.51,8.0,8.48,10042,0.83,34,9242.0,92.03,2026-08-18
ATMASTCO,SM,18-Aug-2026,147.0,151.0,151.0,141.0,145.55,16000,23.11,38,12400.0,77.5,2026-08-18
ATUL,EQ,18-Aug-2026,6721.0,6769.5,6770.5,6585.0,6608.5,23328,1550.66,5899,13298.0,57.0,2026-08-18
ATULAUTO,EQ,18-Aug-2026,498.0,494.25,501.05,491.0,493.3,74007,365.86,2795,34325.0,46.38,2026-08-18
AUBANK,EQ,18-Aug-2026,1072.2,1071.0,1079.6,1064.5,1075.7,450491,4837.96,16787,231172.0,51.32,2026-08-18
AURIONPRO,EQ,18-Aug-2026,722.75,726.4,727.6,711.0,712.55,136690,980.37,7255,85830.0,62.79,2026-08-18
AUROIMPEX,SM,18-Aug-2026,26.1,25.05,25.1,25.05,25.1,3200,0.8,2,3200.0,100.0,2026-08-18
AUROPHARMA,EQ,18-Aug-2026,1627.2,1631.0,1645.9,1626.3,1645.0,573961,9402.07,32887,331581.0,57.77,2026-08-18
AURUM,EQ,18-Aug-2026,229.12,230.08,230.09,222.8,226.64,77941,175.78,2083,45463.0,58.33,2026-08-18
AURUS,EQ,18-Aug-2026,4.71,4.71,4.8,4.5,4.72,13470,0.63,246,10790.0,80.1,2026-08-18
AUSOMENT,EQ,18-Aug-2026,144.39,145.0,147.0,141.0,146.47,3851,5.61,91,3161.0,82.08,2026-08-18
AUSTENG,EQ,18-Aug-2026,122.87,122.87,126.75,110.0,114.3,776,0.92,55,671.0,86.47,2026-08-18
AUTOAXLES,EQ,18-Aug-2026,1787.0,1784.0,1817.7,1758.2,1789.0,8851,159.21,1092,5371.0,60.68,2026-08-18
AUTOBEES,EQ,18-Aug-2026,303.12,306.21,306.56,302.9,303.77,141414,429.36,1956,79596.0,56.29,2026-08-18
AUTOIETF,EQ,18-Aug-2026,30.4,30.4,30.5,30.29,30.4,542346,164.8,1802,322785.0,59.52,2026-08-18
AUTOIND,BE,18-Aug-2026,93.36,88.7,88.7,88.7,88.7,33892,30.06,146,,,2026-08-18
AVADHSUGAR,EQ,18-Aug-2026,725.25,738.0,740.05,701.55,711.3,287536,2079.95,9747,93279.0,32.44,2026-08-18
AVALON,EQ,18-Aug-2026,2059.4,2059.4,2258.0,2055.9,2197.3,1136151,24314.51,81089,467814.0,41.18,2026-08-18
AVANA,ST,18-Aug-2026,144.0,137.55,137.55,137.2,137.4,10000,13.74,5,10000.0,100.0,2026-08-18
AVANCE,EQ,18-Aug-2026,0.9,0.9,0.94,0.9,0.9,4124773,37.86,1181,1512060.0,36.66,2026-08-18
AVANTEL,EQ,18-Aug-2026,157.51,156.9,163.8,156.63,162.27,1319374,2131.04,14311,468252.0,35.49,2026-08-18
AVANTIFEED,EQ,18-Aug-2026,875.6,879.95,883.5,862.1,866.15,188859,1647.87,11286,77516.0,41.04,2026-08-18
AVATAR,ST,18-Aug-2026,237.0,239.0,248.7,239.0,248.7,14000,33.67,3,14000.0,100.0,2026-08-18
AVG,BE,18-Aug-2026,199.02,199.02,203.97,197.0,198.42,5239,10.44,96,,,2026-08-18
AVIANSH,SM,18-Aug-2026,105.0,105.5,106.0,105.0,106.0,4000,4.22,4,4000.0,100.0,2026-08-18
AVIENCE,SM,18-Aug-2026,237.0,238.0,244.55,238.0,238.0,10800,25.89,15,10200.0,94.44,2026-08-18
AVL,EQ,18-Aug-2026,608.65,608.65,616.95,600.0,614.15,182795,1119.94,11722,119267.0,65.25,2026-08-18
AVONMORE,EQ,18-Aug-2026,13.01,13.49,13.64,13.0,13.18,404631,54.04,900,329087.0,81.33,2026-08-18
AVPINFRA,SM,18-Aug-2026,60.3,59.0,59.95,57.85,58.5,35200,20.68,36,26400.0,75.0,2026-08-18
AVROIND,EQ,18-Aug-2026,8.5,8.7,8.99,8.41,8.8,443107,38.8,909,187283.0,42.27,2026-08-18
AVTNPL,EQ,18-Aug-2026,88.1,87.0,92.45,87.0,87.45,1325259,1194.16,13232,637083.0,48.07,2026-08-18
AWFIS,EQ,18-Aug-2026,268.95,268.0,268.95,265.0,265.6,101104,269.75,3594,57043.0,56.42,2026-08-18
AWHCL,EQ,18-Aug-2026,385.9,385.9,388.85,377.0,378.4,97976,371.24,5154,56425.0,57.59,2026-08-18
AWL,EQ,18-Aug-2026,193.34,193.9,193.9,189.26,190.04,1028865,1967.47,18445,629939.0,61.23,2026-08-18
AXISBANK,EQ,18-Aug-2026,1227.3,1223.9,1250.5,1223.4,1243.0,5064697,62823.0,75431,3039370.0,60.01,2026-08-18
AXISCADES,EQ,18-Aug-2026,1553.4,1557.1,1630.0,1555.9,1607.1,235649,3784.33,15842,129539.0,54.97,2026-08-18
AXITA,EQ,18-Aug-2026,7.25,7.34,7.39,7.25,7.29,320267,23.47,818,98347.0,30.71,2026-08-18
AXTEL,EQ,18-Aug-2026,418.0,413.15,419.95,410.0,415.3,899,3.71,162,615.0,68.41,2026-08-18
AYE,EQ,18-Aug-2026,169.77,170.0,172.89,166.55,171.8,616285,1040.98,6009,289748.0,47.02,2026-08-18
AYMSYNTEX,EQ,18-Aug-2026,271.9,272.25,277.45,269.05,270.9,26598,72.55,1067,16375.0,61.56,2026-08-18
AZAD,EQ,18-Aug-2026,2899.9,2885.0,2889.0,2787.4,2858.9,773291,21992.86,44698,268148.0,34.68,2026-08-18
AZADIND,EQ,18-Aug-2026,91.48,96.0,96.0,90.05,90.93,44603,40.95,580,14735.0,33.04,2026-08-18
BABAFP,SM,18-Aug-2026,22.2,22.5,22.5,21.6,22.1,8000,1.76,5,8000.0,100.0,2026-08-18
BAFNAPH,BE,18-Aug-2026,252.55,247.5,248.0,247.5,247.5,5177,12.83,59,,,2026-08-18
BAGFILMS,EQ,18-Aug-2026,4.46,4.52,4.52,4.4,4.43,71607,3.18,160,48996.0,68.42,2026-08-18
BAGMANE,RR,18-Aug-2026,107.45,108.2,108.2,106.15,106.65,321382,342.71,12078,257143.0,80.01,2026-08-18
BAHETI,SM,18-Aug-2026,789.0,794.0,794.9,780.0,780.0,25125,198.43,36,16500.0,65.67,2026-08-18
BAIDFIN,EQ,18-Aug-2026,9.6,9.6,9.8,9.46,9.74,40417,3.9,248,28412.0,70.3,2026-08-18
BAJAJ-AUTO,EQ,18-Aug-2026,11663.0,11700.0,11768.0,11581.0,11607.0,237816,27762.94,29772,138751.0,58.34,2026-08-18
BAJAJCON,EQ,18-Aug-2026,481.4,480.0,495.0,476.2,484.05,690508,3342.14,23999,302187.0,43.76,2026-08-18
BAJAJELEC,EQ,18-Aug-2026,357.45,357.0,369.7,354.65,355.55,329572,1185.18,10070,131055.0,39.77,2026-08-18
BAJAJFINSV,EQ,18-Aug-2026,2005.0,1998.4,2018.8,1998.0,2011.2,413236,8306.85,34985,215796.0,52.22,2026-08-18
BAJAJHCARE,EQ,18-Aug-2026,323.05,325.65,325.65,320.95,322.25,59116,190.97,2089,27462.0,46.45,2026-08-18
BAJAJHFL,EQ,18-Aug-2026,84.0,84.58,84.9,84.07,84.36,1890650,1596.57,18337,999717.0,52.88,2026-08-18
BAJAJHIND,EQ,18-Aug-2026,17.93,18.05,19.27,17.93,18.6,35179356,6594.93,96830,10494763.0,29.83,2026-08-18
BAJAJHLDNG,EQ,18-Aug-2026,11379.0,11379.0,11435.0,11211.0,11254.0,21569,2436.19,4950,7999.0,37.09,2026-08-18
BAJAJINDEF,EQ,18-Aug-2026,215.32,216.04,218.99,212.66,213.13,11903,25.53,486,8784.0,73.8,2026-08-18
BAJAJST,EQ,18-Aug-2026,358.3,369.9,369.9,354.4,359.5,10924,39.19,769,7701.0,70.5,2026-08-18
BAJEL,EQ,18-Aug-2026,185.87,186.0,187.19,182.9,183.22,95319,175.78,2287,51977.0,54.53,2026-08-18
BAJFINANCE,EQ,18-Aug-2026,1089.3,1088.6,1100.0,1087.6,1094.3,3374018,36940.43,94399,2095607.0,62.11,2026-08-18
BALAJEE,EQ,18-Aug-2026,27.25,27.97,27.97,26.1,26.85,63681,16.96,488,37399.0,58.73,2026-08-18
BALAJITELE,EQ,18-Aug-2026,92.72,92.2,93.35,91.21,92.79,108093,99.67,1028,68465.0,63.34,2026-08-18
BALAMINES,EQ,18-Aug-2026,2125.2,2137.5,2146.8,2084.8,2103.7,71077,1502.4,9075,29829.0,41.97,2026-08-18
BALAXI,EQ,18-Aug-2026,24.21,24.21,24.25,23.7,23.72,27297,6.55,122,26221.0,96.06,2026-08-18
BALKRISHNA,EQ,18-Aug-2026,17.45,17.31,18.0,17.27,17.56,14136,2.53,45,12172.0,86.11,2026-08-18
BALKRISIND,EQ,18-Aug-2026,2407.2,2400.0,2413.0,2372.0,2376.7,54929,1310.45,9088,28767.0,52.37,2026-08-18
BALMLAWRIE,EQ,18-Aug-2026,174.59,174.5,176.4,174.0,174.72,81494,142.69,2110,46950.0,57.61,2026-08-18
BALPHARMA,EQ,18-Aug-2026,85.0,85.0,85.95,84.96,85.29,7564,6.45,367,4802.0,63.48,2026-08-18
BALRAMCHIN,EQ,18-Aug-2026,655.75,657.7,669.4,650.5,653.25,1122218,7399.86,34788,315368.0,28.1,2026-08-18
BALUFORGE,EQ,18-Aug-2026,513.35,512.35,549.7,508.0,542.55,4047514,21762.86,76472,1018347.0,25.16,2026-08-18
BANARBEADS,EQ,18-Aug-2026,111.74,111.75,114.5,111.75,113.4,3899,4.42,178,3019.0,77.43,2026-08-18
BANARISUG,EQ,18-Aug-2026,3469.8,3469.8,3565.0,3469.8,3543.9,1129,39.71,118,874.0,77.41,2026-08-18
BANCOINDIA,EQ,18-Aug-2026,611.15,611.95,633.8,611.95,628.55,219443,1373.0,11898,75648.0,34.47,2026-08-18
BANDHANBNK,EQ,18-Aug-2026,173.25,173.25,174.0,170.21,170.5,4548748,7802.4,51999,2355422.0,51.78,2026-08-18
BANG,EQ,18-Aug-2026,28.8,28.41,29.74,28.22,28.86,12588,3.62,67,6709.0,53.3,2026-08-18
BANK10ADD,EQ,18-Aug-2026,16.99,16.89,16.94,16.81,16.9,17562,2.97,69,10706.0,60.96,2026-08-18
BANK10BETF,EQ,18-Aug-2026,20.97,20.97,20.99,20.75,20.79,898,0.19,10,896.0,99.78,2026-08-18
BANKA,EQ,18-Aug-2026,78.66,75.25,82.59,74.73,80.59,10584,8.45,101,7525.0,71.1,2026-08-18
BANKADD,EQ,18-Aug-2026,59.26,59.05,59.05,58.63,58.69,10678,6.27,108,6361.0,59.57,2026-08-18
BANKBARODA,EQ,18-Aug-2026,246.55,245.42,247.28,243.9,244.0,3521816,8633.45,41775,1809789.0,51.39,2026-08-18
BANKBEES,EQ,18-Aug-2026,598.42,597.03,597.48,593.24,594.86,535231,3181.21,6564,292074.0,54.57,2026-08-18
BANKBETA,EQ,18-Aug-2026,59.77,59.63,59.72,59.25,59.33,1801535,1067.57,581,1757118.0,97.53,2026-08-18
BANKBETF,EQ,18-Aug-2026,58.76,58.72,58.72,58.16,58.39,41255,24.12,173,40357.0,97.82,2026-08-18
BANKETF,EQ,18-Aug-2026,587.66,587.38,587.38,583.73,584.69,20265,118.48,389,18371.0,90.65,2026-08-18
BANKIETF,EQ,18-Aug-2026,59.38,59.19,59.32,58.83,58.98,191986,113.25,1325,142099.0,74.02,2026-08-18
BANKINDIA,EQ,18-Aug-2026,143.75,143.0,144.42,142.1,142.1,2382166,3403.97,23620,1099329.0,46.15,2026-08-18
BANKNIFTY1,EQ,18-Aug-2026,59.89,61.38,61.38,59.45,59.63,730567,434.66,740,607539.0,83.16,2026-08-18
BANKPSU,EQ,18-Aug-2026,88.09,88.09,88.09,87.1,87.2,7756,6.78,156,5556.0,71.63,2026-08-18
BANSALWIRE,EQ,18-Aug-2026,323.75,326.75,326.75,317.65,321.0,83094,266.31,3819,48857.0,58.8,2026-08-18
BANSWRAS,EQ,18-Aug-2026,115.47,116.4,118.0,114.34,116.01,20758,24.1,677,10284.0,49.54,2026-08-18
BARFLEX,SM,18-Aug-2026,60.0,60.0,60.0,57.25,59.1,10000,5.89,5,8000.0,80.0,2026-08-18
BASF,EQ,18-Aug-2026,4041.2,4049.3,4086.1,3968.9,3979.8,30791,1231.82,6247,17968.0,58.35,2026-08-18
BASILIC,SM,18-Aug-2026,171.45,165.0,187.85,165.0,183.1,49800,89.41,129,35100.0,70.48,2026-08-18
BASML,BE,18-Aug-2026,24.38,24.4,25.57,24.15,25.12,65514,16.37,170,,,2026-08-18
BATAINDIA,EQ,18-Aug-2026,758.1,755.0,758.0,747.8,753.1,592566,4463.03,15596,332110.0,56.05,2026-08-18
BATLIBOI,EQ,18-Aug-2026,87.85,88.05,88.49,85.41,85.85,28615,24.77,1280,16600.0,58.01,2026-08-18
BAWEJA,ST,18-Aug-2026,24.5,24.5,25.0,23.3,23.3,24000,5.72,21,21600.0,90.0,2026-08-18
BAYERCROP,EQ,18-Aug-2026,4099.2,4128.0,4128.0,4060.0,4105.7,22696,928.96,4607,13008.0,57.31,2026-08-18
BBETF0432,EQ,18-Aug-2026,1358.46,1359.36,1359.36,1352.51,1353.63,314,4.25,47,156.0,49.68,2026-08-18
BBL,EQ,18-Aug-2026,2298.5,2309.9,2360.0,2282.5,2339.8,29027,672.95,3804,16777.0,57.8,2026-08-18
BBNPNBETF,EQ,18-Aug-2026,58.07,58.07,58.07,57.65,57.78,537,0.31,14,537.0,100.0,2026-08-18
BBNPPGOLD,EQ,18-Aug-2026,147.8,147.8,148.35,147.55,147.65,1334,1.98,50,852.0,63.87,2026-08-18
BBOX,EQ,18-Aug-2026,774.1,774.1,784.3,753.35,777.4,372305,2854.54,15854,177726.0,47.74,2026-08-18
BBTC,EQ,18-Aug-2026,1463.6,1465.0,1481.8,1465.0,1473.2,25932,381.77,4592,12783.0,49.29,2026-08-18
BBTCL,EQ,18-Aug-2026,233.35,242.99,242.99,235.49,238.82,8402,20.01,300,6704.0,79.79,2026-08-18
BCG,EQ,18-Aug-2026,9.67,9.67,9.72,9.18,9.29,6675094,627.16,7514,3925792.0,58.81,2026-08-18
BCLIND,EQ,18-Aug-2026,36.36,36.38,37.25,36.11,36.27,569274,208.36,3449,218543.0,38.39,2026-08-18
BCONCEPTS,EQ,18-Aug-2026,157.11,158.0,161.2,156.32,159.8,7503,11.92,511,4905.0,65.37,2026-08-18
BCPL,EQ,18-Aug-2026,73.35,74.5,74.5,69.0,70.79,19626,13.79,456,13332.0,67.93,2026-08-18
BDL,EQ,18-Aug-2026,1380.0,1380.0,1401.5,1354.5,1393.0,2608024,35995.09,71638,679910.0,26.07,2026-08-18
BEACON,SM,18-Aug-2026,88.0,88.95,88.95,85.0,86.95,32000,27.4,32,20000.0,62.5,2026-08-18
BEARDSELL,EQ,18-Aug-2026,24.87,24.41,25.98,24.4,24.6,16682,4.15,172,13071.0,78.35,2026-08-18
BECTORFOOD,EQ,18-Aug-2026,255.3,255.79,263.96,251.5,260.92,2984335,7692.47,39650,1005355.0,33.69,2026-08-18
BEDMUTHA,EQ,18-Aug-2026,109.11,109.9,115.7,109.84,114.72,1711,1.94,44,1058.0,61.84,2026-08-18
BEEKAY,EQ,18-Aug-2026,431.15,433.95,433.95,422.05,424.05,1239,5.27,46,551.0,44.47,2026-08-18
BEL,EQ,18-Aug-2026,412.45,412.7,416.35,410.95,412.0,9120934,37678.28,98469,4492081.0,49.25,2026-08-18
BELLACASA,EQ,18-Aug-2026,222.69,226.73,231.5,222.1,223.29,23494,53.25,1406,8716.0,37.1,2026-08-18
BELRISE,EQ,18-Aug-2026,236.09,237.0,238.7,232.25,236.73,5153065,12119.48,54790,1700146.0,32.99,2026-08-18
BEML,EQ,18-Aug-2026,1908.5,1904.0,1975.0,1895.3,1965.5,723941,14119.0,38082,283901.0,39.22,2026-08-18
BENARAS,EQ,18-Aug-2026,10178.0,10190.0,10300.0,10100.0,10205.0,50,5.1,13,48.0,96.0,2026-08-18
BENGALASM,EQ,18-Aug-2026,6234.5,6234.5,6333.5,6234.5,6246.0,91,5.69,23,80.0,87.91,2026-08-18
BEPL,EQ,18-Aug-2026,122.89,123.0,124.48,121.2,122.17,586505,718.18,5871,270222.0,46.07,2026-08-18
BERGEPAINT,EQ,18-Aug-2026,549.35,549.0,549.6,537.3,541.2,243429,1323.69,28067,122276.0,50.23,2026-08-18
BESTAGRO,EQ,18-Aug-2026,18.88,19.0,19.08,18.1,18.47,657252,122.43,1996,247816.0,37.7,2026-08-18
BETA,EQ,18-Aug-2026,2432.9,2435.0,2519.9,2326.2,2355.0,51810,1241.15,7404,25583.0,49.38,2026-08-18
BEWLTD,SM,18-Aug-2026,51.4,51.0,53.0,50.5,50.95,11000,5.65,21,9500.0,86.36,2026-08-18
BFINVEST,EQ,18-Aug-2026,464.3,462.8,466.95,455.7,460.7,21544,99.15,1344,8844.0,41.05,2026-08-18
BFSI,EQ,18-Aug-2026,27.31,27.44,27.45,27.15,27.22,71924,19.58,664,47079.0,65.46,2026-08-18
BFUTILITIE,EQ,18-Aug-2026,545.65,542.15,552.7,531.2,533.2,26107,140.25,1551,15124.0,57.93,2026-08-18
BGRENERGY,BE,18-Aug-2026,251.2,251.2,255.0,239.9,244.15,43964,107.34,876,,,2026-08-18
BHADORA,ST,18-Aug-2026,102.0,106.0,107.1,104.0,107.1,48000,51.08,32,48000.0,100.0,2026-08-18
BHAGCHEM,EQ,18-Aug-2026,288.75,284.9,299.0,284.9,287.35,275498,798.64,3654,185497.0,67.33,2026-08-18
BHAGERIA,BE,18-Aug-2026,202.08,205.5,205.5,201.0,203.26,9489,19.27,136,,,2026-08-18
BHAGYANGR,EQ,18-Aug-2026,382.5,388.0,401.6,376.05,401.05,553306,2200.71,7149,240456.0,43.46,2026-08-18
BHANDARI,EQ,18-Aug-2026,3.03,3.03,3.13,3.02,3.05,247615,7.59,357,194057.0,78.37,2026-08-18
BHARATCOAL,EQ,18-Aug-2026,33.33,33.49,33.79,33.11,33.24,3522388,1175.73,11514,1762546.0,50.04,2026-08-18
BHARATFORG,EQ,18-Aug-2026,2093.0,2089.9,2098.9,2064.0,2098.9,771575,16099.07,19570,458006.0,59.36,2026-08-18
BHARATGEAR,BE,18-Aug-2026,102.03,102.0,102.49,101.0,102.0,7269,7.39,96,,,2026-08-18
BHARATRAS,EQ,18-Aug-2026,1301.0,1307.0,1307.0,1252.1,1277.8,11204,143.44,1766,5989.0,53.45,2026-08-18
BHARATSE,EQ,18-Aug-2026,238.44,240.35,248.7,239.03,240.91,309618,755.34,8348,92155.0,29.76,2026-08-18
BHARATWIRE,EQ,18-Aug-2026,192.92,192.9,194.79,186.4,189.26,129081,244.38,4474,62574.0,48.48,2026-08-18
BHARTIARTL,EQ,18-Aug-2026,1969.3,1956.7,1959.7,1923.2,1934.2,6710275,130463.6,242801,4309421.0,64.22,2026-08-18
BHARTIHEXA,EQ,18-Aug-2026,1641.0,1634.0,1634.0,1595.0,1600.4,104526,1680.95,13675,48394.0,46.3,2026-08-18
BHEL,EQ,18-Aug-2026,435.95,434.0,434.15,423.5,425.0,7418846,31765.48,67764,2818962.0,38.0,2026-08-18
BI,EQ,18-Aug-2026,92.17,94.0,101.38,92.17,101.38,523283,522.58,3117,270512.0,51.7,2026-08-18
BIGBLOC,EQ,18-Aug-2026,44.33,45.5,45.5,43.8,44.02,37465,16.57,530,28726.0,76.67,2026-08-18
BIKAJI,EQ,18-Aug-2026,613.65,613.0,615.8,608.0,608.65,36824,224.91,4467,22503.0,61.11,2026-08-18
BIKEWO,ST,18-Aug-2026,105.05,110.3,110.3,110.3,110.3,58000,63.97,25,58000.0,100.0,2026-08-18
BIL,EQ,18-Aug-2026,854.9,860.0,860.0,830.1,831.25,11046,92.14,306,8775.0,79.44,2026-08-18
BILVYAPAR,BE,18-Aug-2026,4.09,4.1,4.28,4.1,4.1,2294,0.1,23,,,2026-08-18
BIMETAL,EQ,18-Aug-2026,620.0,613.5,640.0,613.0,632.85,108,0.67,22,101.0,93.52,2026-08-18
BIOCON,EQ,18-Aug-2026,412.0,413.5,421.6,412.2,417.5,2691030,11267.48,52525,1185755.0,44.06,2026-08-18
BIOFILCHEM,EQ,18-Aug-2026,31.73,31.73,32.3,31.55,31.64,1870,0.59,54,1676.0,89.63,2026-08-18
BIOPOL,SM,18-Aug-2026,90.45,91.0,99.95,91.0,99.7,84000,81.5,49,75600.0,90.0,2026-08-18
BIRET,RR,18-Aug-2026,344.52,346.0,346.95,341.0,341.86,263225,904.16,7368,225658.0,85.73,2026-08-18
BIRLACABLE,BE,18-Aug-2026,279.14,278.0,293.09,267.05,293.09,162560,465.01,1795,,,2026-08-18
BIRLACORPN,EQ,18-Aug-2026,901.8,893.0,904.75,893.0,895.55,27219,244.01,3067,10308.0,37.87,2026-08-18
BIRLAMONEY,EQ,18-Aug-2026,129.87,128.6,131.0,128.6,129.42,42360,54.93,532,32938.0,77.76,2026-08-18
BIRLANU,EQ,18-Aug-2026,1551.8,1550.0,1600.0,1540.0,1588.8,11753,184.88,1915,6110.0,51.99,2026-08-18
BIRLAPREC,EQ,18-Aug-2026,35.91,37.67,37.67,35.92,36.49,10673,3.89,92,9596.0,89.91,2026-08-18
BLACKBUCK,EQ,18-Aug-2026,569.5,567.5,591.6,564.0,588.8,602531,3513.66,27674,268052.0,44.49,2026-08-18
BLACKROSE,BE,18-Aug-2026,105.13,106.9,109.49,103.0,108.9,13281,14.1,146,,,2026-08-18
BLAL,EQ,18-Aug-2026,169.43,170.91,171.48,169.1,170.71,13496,22.97,250,10286.0,76.22,2026-08-18
BLBLIMITED,EQ,18-Aug-2026,16.03,16.0,16.4,15.81,16.12,102044,16.36,151,95369.0,93.46,2026-08-18
BLIL,EQ,18-Aug-2026,70.59,71.2,71.38,70.72,71.3,45096,32.09,779,33709.0,74.75,2026-08-18
BLISSGVS,BE,18-Aug-2026,520.5,519.0,546.5,501.25,546.5,957967,5180.42,5034,,,2026-08-18
BLKASHYAP,EQ,18-Aug-2026,53.73,53.47,53.47,52.1,52.36,188183,98.74,1177,122370.0,65.03,2026-08-18
BLS,EQ,18-Aug-2026,272.56,272.01,277.76,264.82,267.74,1545928,4189.3,23712,712178.0,46.07,2026-08-18
BLSE,EQ,18-Aug-2026,310.8,310.95,313.3,310.0,310.6,119023,370.21,2794,65233.0,54.81,2026-08-18
BLUECHIP,EQ,18-Aug-2026,1.84,1.87,1.87,1.87,1.87,3337,0.06,18,3337.0,100.0,2026-08-18
BLUECLOUDS,EQ,18-Aug-2026,21.83,21.98,23.55,21.5,22.85,4225295,963.34,7960,1731002.0,40.97,2026-08-18
BLUECOAST,BE,18-Aug-2026,24.0,24.0,24.99,22.82,23.19,4350,1.02,37,,,2026-08-18
BLUEDART,EQ,18-Aug-2026,5125.0,5100.0,5125.0,5070.0,5085.5,6205,315.91,1395,3918.0,63.14,2026-08-18
BLUEJET,EQ,18-Aug-2026,593.2,589.95,612.95,589.15,607.25,1660898,10068.19,37077,898592.0,54.1,2026-08-18
BLUESTARCO,EQ,18-Aug-2026,1508.1,1520.5,1535.4,1490.0,1493.0,576843,8663.61,27436,300555.0,52.1,2026-08-18
BLUESTONE,EQ,18-Aug-2026,834.65,839.0,852.4,816.0,820.4,1645777,13685.36,39445,267517.0,16.25,2026-08-18
BLUEWATER,ST,18-Aug-2026,409.35,409.75,409.75,388.9,389.15,17000,67.02,17,13000.0,76.47,2026-08-18
BLUSPRING,EQ,18-Aug-2026,109.0,109.0,112.0,107.26,111.21,328749,360.05,3177,164630.0,50.08,2026-08-18
BMETRICS,SM,18-Aug-2026,36.7,34.25,34.25,34.25,34.25,800,0.27,1,800.0,100.0,2026-08-18
BMLL,SM,18-Aug-2026,147.0,149.15,163.05,149.15,154.9,292000,453.77,106,202000.0,69.18,2026-08-18
BMWVENTLTD,EQ,18-Aug-2026,57.62,57.5,58.34,57.0,57.25,47589,27.25,1235,25441.0,53.46,2026-08-18
BNAGROCHEM,EQ,18-Aug-2026,232.75,235.3,239.0,221.15,231.7,14186,32.78,154,11958.0,84.29,2026-08-18
BNALTD,BE,18-Aug-2026,382.0,401.1,401.1,385.3,401.0,469,1.84,8,,,2026-08-18
BNKETFAXIS,EQ,18-Aug-2026,596.67,593.4,593.48,590.21,592.79,439,2.6,30,337.0,76.77,2026-08-18
BODALCHEM,BE,18-Aug-2026,69.41,69.96,69.96,67.06,68.8,317748,216.19,747,,,2026-08-18
BOHRAIND,EQ,18-Aug-2026,14.01,13.6,15.41,13.6,14.99,21453,3.22,94,11670.0,54.4,2026-08-18
BOMDYEING,EQ,18-Aug-2026,113.89,113.9,116.8,113.9,114.83,509320,588.3,4900,218898.0,42.98,2026-08-18
BONLON,EQ,18-Aug-2026,42.02,42.87,43.75,41.15,41.86,4314,1.82,117,3333.0,77.26,2026-08-18
BORANA,EQ,18-Aug-2026,321.1,320.95,323.55,312.5,315.2,28381,89.77,984,18050.0,63.6,2026-08-18
BOROLTD,EQ,18-Aug-2026,244.81,242.02,252.32,239.7,250.34,116674,289.47,4177,62194.0,53.31,2026-08-18
BORORENEW,EQ,18-Aug-2026,569.9,570.9,576.5,562.0,563.65,271615,1539.17,6917,120661.0,44.42,2026-08-18
BOROSCI,EQ,18-Aug-2026,132.69,132.34,134.09,130.0,130.46,36364,47.92,1210,23459.0,64.51,2026-08-18
BOSCH-HCIL,EQ,18-Aug-2026,1700.4,1695.0,1742.6,1683.1,1732.1,77451,1333.04,6622,48460.0,62.57,2026-08-18
BOSCHLTD,EQ,18-Aug-2026,46970.0,47010.0,48940.0,46775.0,48730.0,93891,45284.2,31640,36627.0,39.01,2026-08-18
BOSS,SM,18-Aug-2026,47.45,49.6,49.6,49.6,49.6,8000,3.97,2,8000.0,100.0,2026-08-18
BPCL,EQ,18-Aug-2026,316.65,315.3,317.15,310.3,310.3,5279469,16602.55,39765,2948944.0,55.86,2026-08-18
BPL,EQ,18-Aug-2026,50.15,50.15,50.6,49.9,49.95,50252,25.14,449,41988.0,83.55,2026-08-18
BPLPHARMA,EQ,18-Aug-2026,1307.0,1553.9,1553.9,1201.1,1264.8,290,3.82,69,168.0,57.93,2026-08-18
BRACEPORT,SM,18-Aug-2026,75.0,75.0,75.0,66.5,66.75,25600,17.73,14,22400.0,87.5,2026-08-18
BRAHMINFRA,EQ,18-Aug-2026,170.77,178.4,180.0,167.1,176.78,22379,39.09,171,18582.0,83.03,2026-08-18
BRANDMAN,SM,18-Aug-2026,182.5,182.5,188.9,180.4,181.6,24000,43.99,23,22400.0,93.33,2026-08-18
BRIGADE,EQ,18-Aug-2026,593.7,598.9,600.0,585.0,588.9,358457,2119.42,13735,197099.0,54.99,2026-08-18
BRIGHOTEL,EQ,18-Aug-2026,61.07,61.5,61.8,60.35,60.71,70205,42.94,2465,46973.0,66.91,2026-08-18
BRIGHTBR,EQ,18-Aug-2026,231.6,238.0,260.0,231.0,255.13,3986,10.0,191,2656.0,66.63,2026-08-18
BRITANNIA,EQ,18-Aug-2026,5521.0,5543.5,5561.0,5490.0,5495.0,281420,15551.79,17692,189783.0,67.44,2026-08-18
BRNL,EQ,18-Aug-2026,17.45,17.96,17.96,17.29,17.33,19355,3.37,367,16315.0,84.29,2026-08-18
BROOKS,BE,18-Aug-2026,60.66,58.8,61.0,58.5,58.94,22575,13.33,134,,,2026-08-18
BSE,EQ,18-Aug-2026,3332.0,3298.7,3315.4,3235.0,3308.0,5806922,190544.67,245847,1973641.0,33.99,2026-08-18
BSE500IETF,EQ,18-Aug-2026,40.01,40.01,40.01,39.85,39.9,179861,71.78,1044,139978.0,77.83,2026-08-18
BSHSL,EQ,18-Aug-2026,88.65,86.5,89.99,86.5,87.95,3585,3.15,103,2145.0,59.83,2026-08-18
BSL,EQ,18-Aug-2026,123.72,123.72,124.33,121.7,122.85,836,1.03,47,527.0,63.04,2026-08-18
BSLGOLDETF,EQ,18-Aug-2026,134.49,137.85,137.85,134.25,134.68,2453893,3303.22,1840,2297301.0,93.62,2026-08-18
BSLNIFTY,EQ,18-Aug-2026,28.62,28.2,28.64,28.2,28.44,865957,246.27,3792,737737.0,85.19,2026-08-18
BSLSENETFG,EQ,18-Aug-2026,78.38,78.41,78.41,77.6,78.06,12436,9.73,63,6467.0,52.0,2026-08-18
BSOFT,EQ,18-Aug-2026,310.8,310.85,311.2,304.5,305.55,565208,1732.54,14652,322337.0,57.03,2026-08-18
BTML,EQ,18-Aug-2026,8.95,8.95,9.05,8.89,8.93,1257251,112.39,267,1215111.0,96.65,2026-08-18
BTTL,BE,18-Aug-2026,43.97,43.06,44.69,43.06,44.36,1614,0.71,23,,,2026-08-18
BUILDPRO,EQ,18-Aug-2026,1244.2,1240.0,1276.6,1232.0,1270.1,50106,631.96,4834,30128.0,60.13,2026-08-18
BULKCORP,SM,18-Aug-2026,65.0,67.0,68.25,67.0,68.2,9600,6.51,8,9600.0,100.0,2026-08-18
BURNPUR,BE,18-Aug-2026,17.41,16.54,16.54,16.54,16.54,3596,0.59,97,,,2026-08-18
BUTTERFLY,EQ,18-Aug-2026,655.9,648.4,658.8,648.4,656.4,8784,57.42,776,6502.0,74.02,2026-08-18
BVCL,EQ,18-Aug-2026,40.53,40.5,40.88,40.1,40.34,15824,6.39,107,13140.0,83.04,2026-08-18
BYKE,BE,18-Aug-2026,31.49,31.48,32.3,30.9,31.81,16836,5.35,68,,,2026-08-18
C2C,SM,18-Aug-2026,245.3,242.55,243.95,226.5,229.45,301950,697.35,1268,216900.0,71.83,2026-08-18
CALSOFT,EQ,18-Aug-2026,25.83,26.2,27.12,26.19,27.12,248678,67.24,537,211734.0,85.14,2026-08-18
CAMLINFINE,EQ,18-Aug-2026,114.11,113.54,115.59,108.7,109.6,1256349,1407.13,10984,549661.0,43.75,2026-08-18
CAMPUS,EQ,18-Aug-2026,217.92,217.93,219.91,216.2,216.63,502519,1092.72,11621,258516.0,51.44,2026-08-18
CAMS,EQ,18-Aug-2026,776.25,772.1,773.9,757.55,762.0,1270110,9670.28,37537,704879.0,55.5,2026-08-18
CANARYS,SM,18-Aug-2026,21.2,22.0,23.0,21.45,22.75,72000,16.13,17,48000.0,66.67,2026-08-18
CANBK,EQ,18-Aug-2026,131.1,130.0,131.0,129.1,129.1,6622726,8586.57,46065,2837307.0,42.84,2026-08-18
CANFINHOME,EQ,18-Aug-2026,814.35,814.35,825.0,810.05,824.15,151032,1238.37,8825,102894.0,68.13,2026-08-18
CANHLIFE,EQ,18-Aug-2026,148.9,148.15,150.49,148.15,149.27,248175,370.98,8687,129173.0,52.05,2026-08-18
CANTABIL,EQ,18-Aug-2026,236.3,236.3,238.0,227.07,228.58,150920,346.99,4891,89324.0,59.19,2026-08-18
CAPACITE,EQ,18-Aug-2026,211.89,210.99,212.39,208.1,209.11,178674,374.97,2432,109062.0,61.04,2026-08-18
CAPILLARY,EQ,18-Aug-2026,525.55,524.4,527.5,509.3,513.45,122967,635.53,3733,64892.0,52.77,2026-08-18
CAPINVIT,IV,18-Aug-2026,76.95,77.5,77.5,76.1,76.64,397553,304.94,7589,312020.0,78.49,2026-08-18
CAPITALSFB,EQ,18-Aug-2026,281.55,280.15,290.9,280.15,287.75,18772,53.76,834,11526.0,61.4,2026-08-18
CAPLIPOINT,EQ,18-Aug-2026,2522.0,2540.0,2558.0,2506.1,2529.7,70633,1790.68,11992,32093.0,45.44,2026-08-18
CAPTRUST,BE,18-Aug-2026,21.37,21.3,21.9,21.06,21.41,19632,4.19,90,,,2026-08-18
CARBORUNIV,EQ,18-Aug-2026,1122.7,1122.7,1148.8,1118.9,1126.0,526641,5952.22,17165,353086.0,67.04,2026-08-18
CARERATING,EQ,18-Aug-2026,1707.0,1707.0,1735.7,1695.0,1725.1,46633,801.56,6338,26541.0,56.91,2026-08-18
CARRARO,EQ,18-Aug-2026,513.45,513.0,518.75,499.05,512.8,132532,672.62,6341,73407.0,55.39,2026-08-18
CARTRADE,EQ,18-Aug-2026,2796.9,2787.0,2855.0,2780.1,2802.6,258422,7277.76,29963,124621.0,48.22,2026-08-18
CARYSIL,EQ,18-Aug-2026,1155.8,1146.0,1189.8,1146.0,1181.1,84309,989.59,6982,36777.0,43.62,2026-08-18
CASHIETF,EQ,18-Aug-2026,1075.6,1075.75,1075.75,1075.73,1075.74,327549,3523.61,105,326832.0,99.78,2026-08-18
CASTROLIND,EQ,18-Aug-2026,187.55,186.71,187.9,186.1,186.85,1104007,2065.74,29287,732328.0,66.33,2026-08-18
CCAVENUE,EQ,18-Aug-2026,15.21,15.19,15.21,15.04,15.08,6119978,923.11,10662,3680844.0,60.14,2026-08-18
CCCL,EQ,18-Aug-2026,15.59,15.66,15.66,15.37,15.52,169800,26.31,470,96177.0,56.64,2026-08-18
CCHHL,EQ,18-Aug-2026,12.55,12.9,12.9,12.18,12.33,4200,0.52,72,2236.0,53.24,2026-08-18
CCL,EQ,18-Aug-2026,1130.4,1134.0,1142.9,1130.1,1132.1,78918,895.63,9762,47959.0,60.77,2026-08-18
CDSL,EQ,18-Aug-2026,1356.8,1356.8,1361.5,1336.0,1340.6,759440,10206.12,29252,280656.0,36.96,2026-08-18
CEATLTD,EQ,18-Aug-2026,3608.5,3608.5,3643.9,3600.0,3605.4,38041,1373.45,5937,17310.0,45.5,2026-08-18
CEDAAR,ST,18-Aug-2026,15.25,15.05,15.05,14.5,14.5,17000,2.48,17,16000.0,94.12,2026-08-18
CEIGALL,EQ,18-Aug-2026,315.95,310.0,312.0,302.3,309.15,1111657,3423.33,25370,347459.0,31.26,2026-08-18
CEINSYS,EQ,18-Aug-2026,782.65,786.5,791.95,780.0,784.3,23346,183.26,1782,13398.0,57.39,2026-08-18
CELEBRITY,EQ,18-Aug-2026,6.8,6.99,6.99,6.64,6.77,10342,0.7,91,6899.0,66.71,2026-08-18
CELLECOR,SM,18-Aug-2026,31.5,31.5,33.2,30.75,32.55,441000,142.42,79,381000.0,86.39,2026-08-18
CELLO,EQ,18-Aug-2026,369.6,371.45,371.45,362.0,362.6,236015,861.05,9250,128557.0,54.47,2026-08-18
CELLPOINT,SM,18-Aug-2026,17.05,16.05,16.05,16.0,16.0,4800,0.77,4,3600.0,75.0,2026-08-18
CEMNTGROWW,EQ,18-Aug-2026,15.09,15.28,15.28,14.85,14.96,66472,9.98,470,59021.0,88.79,2026-08-18
CEMPRO,EQ,18-Aug-2026,1321.8,1340.0,1351.3,1305.9,1324.0,404401,5375.58,23046,185918.0,45.97,2026-08-18
CENTENKA,EQ,18-Aug-2026,572.6,578.5,585.6,573.3,576.55,32771,189.47,1843,15451.0,47.15,2026-08-18
CENTEXT,EQ,18-Aug-2026,21.93,22.0,22.4,21.5,21.93,1011698,222.62,4527,182146.0,18.0,2026-08-18
CENTRALBK,EQ,18-Aug-2026,31.27,31.26,31.36,31.0,31.02,3762242,1169.97,11288,2648701.0,70.4,2026-08-18
CENTRUM,EQ,18-Aug-2026,24.3,24.48,25.25,23.98,24.2,366515,89.75,978,207281.0,56.55,2026-08-18
CENTUM,EQ,18-Aug-2026,3362.6,3381.0,3485.3,3313.8,3430.2,121628,4169.12,21847,59589.0,48.99,2026-08-18
CENTURYPLY,EQ,18-Aug-2026,750.7,751.0,762.0,744.05,748.25,38782,290.55,4067,21032.0,54.23,2026-08-18
CERA,EQ,18-Aug-2026,5787.0,5775.0,5830.0,5717.5,5792.0,5308,305.29,1704,2947.0,55.52,2026-08-18
CEREBRAINT,BZ,18-Aug-2026,2.58,2.63,2.63,2.51,2.58,54562,1.4,109,,,2026-08-18
CESC,EQ,18-Aug-2026,170.22,170.22,171.75,167.9,167.98,2555495,4310.27,20214,1766958.0,69.14,2026-08-18
CEWATER,EQ,18-Aug-2026,275.0,273.5,281.5,270.3,274.75,212600,588.01,8470,129245.0,60.79,2026-08-18
CFEL,EQ,18-Aug-2026,30.16,31.85,31.85,24.36,29.08,11548,3.33,317,7168.0,62.07,2026-08-18
CGCL,EQ,18-Aug-2026,226.24,225.78,229.78,224.28,225.54,2703979,6125.43,26204,862738.0,31.91,2026-08-18
CGPOWER,EQ,18-Aug-2026,898.8,898.8,900.0,889.0,894.2,1568655,14018.4,26764,798541.0,50.91,2026-08-18
CGRAPHICS,SM,18-Aug-2026,144.0,144.0,144.0,140.1,141.4,24800,35.05,26,24000.0,96.77,2026-08-18
CGVAK,EQ,18-Aug-2026,152.0,157.0,157.0,151.24,151.24,334,0.51,15,324.0,97.01,2026-08-18
CHALET,EQ,18-Aug-2026,844.7,847.75,848.75,826.0,834.45,57779,481.76,6473,24001.0,41.54,2026-08-18
CHAMBLFERT,EQ,18-Aug-2026,439.05,438.95,438.95,433.1,434.4,357355,1551.98,18541,245371.0,68.66,2026-08-18
CHANDAN,SM,18-Aug-2026,245.8,241.55,250.0,232.7,246.2,71200,172.49,83,34400.0,48.31,2026-08-18
CHAVDA,SM,18-Aug-2026,135.05,141.7,141.7,135.0,135.0,62000,83.89,40,40000.0,64.52,2026-08-18
CHEMBOND,EQ,18-Aug-2026,172.41,171.0,176.97,167.05,172.69,3264,5.57,82,2789.0,85.45,2026-08-18
CHEMBONDCH,BE,18-Aug-2026,263.69,263.69,269.0,260.1,266.23,10494,27.77,210,,,2026-08-18
CHEMCON,BE,18-Aug-2026,189.0,188.0,190.6,185.51,189.36,10193,19.2,152,,,2026-08-18
CHEMCRUX,EQ,18-Aug-2026,86.63,88.5,89.29,86.5,87.0,2039,1.78,59,1442.0,70.72,2026-08-18
CHEMFAB,EQ,18-Aug-2026,366.95,374.45,374.45,361.4,363.45,1371,4.98,89,1189.0,86.73,2026-08-18
CHEMICAL,EQ,18-Aug-2026,30.81,30.41,31.18,30.41,30.85,2215646,683.99,871,2071454.0,93.49,2026-08-18
CHEMPLASTS,EQ,18-Aug-2026,181.73,179.01,184.0,174.91,177.69,274157,487.8,3554,190209.0,69.38,2026-08-18
CHENNPETRO,EQ,18-Aug-2026,1382.4,1400.0,1454.5,1384.9,1404.0,3584947,51155.7,122361,598519.0,16.7,2026-08-18
CHETANA,SM,18-Aug-2026,43.5,43.0,44.95,43.0,44.95,6400,2.79,3,6400.0,100.0,2026-08-18
CHEVIOT,EQ,18-Aug-2026,1161.5,1170.0,1175.0,1160.0,1165.6,394,4.6,113,214.0,54.31,2026-08-18
CHOICEGOLD,EQ,18-Aug-2026,152.08,152.08,152.95,150.26,151.59,4745,7.2,122,3561.0,75.05,2026-08-18
CHOICEIN,EQ,18-Aug-2026,803.8,803.2,809.5,802.0,803.6,260260,2097.76,5243,88734.0,34.09,2026-08-18
CHOLAFIN,EQ,18-Aug-2026,1884.7,1873.2,1889.7,1866.6,1868.0,523303,9824.31,53795,323951.0,61.91,2026-08-18
CHOLAHLDNG,EQ,18-Aug-2026,1576.4,1570.0,1587.3,1557.0,1563.3,67053,1051.38,8842,43942.0,65.53,2026-08-18
CIEINDIA,EQ,18-Aug-2026,411.3,408.1,412.0,406.2,409.7,249282,1019.03,8175,131586.0,52.79,2026-08-18
CIFL,EQ,18-Aug-2026,20.94,21.36,21.36,20.8,20.93,15869,3.31,122,13333.0,84.02,2026-08-18
CINELINE,EQ,18-Aug-2026,88.49,88.95,89.1,85.35,87.07,11389,9.98,182,10573.0,92.84,2026-08-18
CINEVISTA,EQ,18-Aug-2026,14.8,14.57,14.86,14.01,14.36,21389,3.09,168,18961.0,88.65,2026-08-18
CIPLA,EQ,18-Aug-2026,1431.5,1431.5,1437.6,1428.4,1431.1,589396,8446.84,27511,293861.0,49.86,2026-08-18
CITIUSINVT,IV,18-Aug-2026,113.88,113.05,115.0,112.2,114.0,111536,126.62,1697,101455.0,90.96,2026-08-18
CKKRETAIL,SM,18-Aug-2026,145.0,145.0,145.0,145.0,145.0,1600,2.32,2,1600.0,100.0,2026-08-18
CLASSICEIL,SM,18-Aug-2026,47.45,47.5,47.55,45.15,46.8,27200,12.82,16,19200.0,70.59,2026-08-18
CLAYCRAFT,SM,18-Aug-2026,158.9,158.9,159.9,157.15,158.4,7800,12.32,9,7200.0,92.31,2026-08-18
CLCIND,BE,18-Aug-2026,50.11,52.61,52.61,47.61,49.97,2862,1.45,14,,,2026-08-18
CLEAN,EQ,18-Aug-2026,840.0,839.0,840.55,819.3,831.9,265290,2203.21,15769,108847.0,41.03,2026-08-18
CLEANMAX,EQ,18-Aug-2026,1239.9,1239.9,1251.0,1229.0,1244.7,54458,676.37,5687,24925.0,45.77,2026-08-18
CLEDUCATE,BE,18-Aug-2026,59.0,59.49,61.0,59.4,60.36,15824,9.51,120,,,2026-08-18
CLSEL,EQ,18-Aug-2026,281.6,280.2,283.2,277.75,279.05,25275,70.81,809,12887.0,50.99,2026-08-18
CLSL,ST,18-Aug-2026,73.15,74.35,76.75,74.35,75.65,28000,21.08,14,28000.0,100.0,2026-08-18
CMLL,EQ,18-Aug-2026,515.35,515.35,539.0,506.0,532.65,1043983,5453.01,17578,402400.0,38.54,2026-08-18
CMNL,SM,18-Aug-2026,105.05,106.0,106.0,104.6,105.95,5250,5.54,5,5250.0,100.0,2026-08-18
CMPDI,EQ,18-Aug-2026,235.18,234.49,236.55,232.25,233.11,575383,1346.57,10696,262038.0,45.54,2026-08-18
CMRGREEN,EQ,18-Aug-2026,214.92,218.33,220.0,211.59,211.99,971911,2081.49,12443,475139.0,48.89,2026-08-18
CMRSL,SM,18-Aug-2026,66.55,69.5,69.85,69.5,69.85,8800,6.14,11,8000.0,90.91,2026-08-18
CMSINFO,EQ,18-Aug-2026,254.35,254.35,254.4,248.25,249.5,989324,2473.04,26504,583011.0,58.93,2026-08-18
CNL,EQ,18-Aug-2026,1252.1,1252.0,1275.0,1241.0,1264.15,41736,525.8,3763,22785.0,54.59,2026-08-18
COALINDIA,EQ,18-Aug-2026,408.45,408.95,412.7,406.75,406.9,7352659,30112.59,80134,4385992.0,59.65,2026-08-18
COASTCORP,EQ,18-Aug-2026,41.75,41.75,42.74,41.46,41.92,52949,22.11,532,38130.0,72.01,2026-08-18
COCHINSHIP,EQ,18-Aug-2026,1457.8,1460.9,1501.6,1457.0,1485.1,1360896,20256.54,41448,306299.0,22.51,2026-08-18
COCKERILL,EQ,18-Aug-2026,8419.0,8419.0,8550.0,8260.0,8361.5,12747,1065.86,2855,6075.0,47.66,2026-08-18
COFFEEDAY,BE,18-Aug-2026,29.67,29.7,30.5,29.52,29.64,189733,56.47,612,,,2026-08-18
COFORGE,EQ,18-Aug-2026,1806.0,1795.0,1795.0,1762.2,1773.0,1572547,27894.82,55776,822876.0,52.33,2026-08-18
COHANCE,EQ,18-Aug-2026,444.75,444.95,466.9,444.75,455.2,1507812,6913.26,46008,431553.0,28.62,2026-08-18
COLPAL,EQ,18-Aug-2026,1964.0,1954.5,1958.9,1901.7,1903.0,721820,13822.73,40110,217439.0,30.12,2026-08-18
COMFINTE,EQ,18-Aug-2026,6.53,6.4,6.68,6.31,6.38,114866,7.4,341,93317.0,81.24,2026-08-18
COMMITTED,SM,18-Aug-2026,347.8,346.25,347.6,346.25,347.6,2400,8.32,3,1600.0,66.67,2026-08-18
COMMOIETF,EQ,18-Aug-2026,100.24,101.24,101.24,99.5,99.83,32633,32.66,516,21655.0,66.36,2026-08-18
COMPEAU,EQ,18-Aug-2026,351.1,400.0,400.0,336.0,355.05,2017,7.25,43,1913.0,94.84,2026-08-18
COMPINFO,BZ,18-Aug-2026,1.12,1.12,1.17,1.07,1.07,13851,0.15,31,,,2026-08-18
COMPUSOFT,EQ,18-Aug-2026,13.29,13.29,13.3,13.11,13.22,6820,0.9,82,5761.0,84.47,2026-08-18
COMSYN,EQ,18-Aug-2026,281.69,280.0,284.0,277.15,279.8,48974,137.65,1705,18651.0,38.08,2026-08-18
CONCOR,EQ,18-Aug-2026,524.5,524.5,524.85,517.55,518.25,419489,2183.66,16474,216066.0,51.51,2026-08-18
CONCORDBIO,EQ,18-Aug-2026,1515.0,1532.5,1598.0,1524.0,1565.7,489172,7661.9,35283,167748.0,34.29,2026-08-18
CONFIPET,EQ,18-Aug-2026,72.55,72.7,73.25,69.0,69.9,1806579,1281.97,11344,736001.0,40.74,2026-08-18
CONNPLEX,SM,18-Aug-2026,209.0,206.0,212.0,206.0,210.6,23200,48.46,28,17600.0,75.86,2026-08-18
CONS,EQ,18-Aug-2026,12.51,12.45,12.47,12.32,12.37,654805,81.12,197,415484.0,63.45,2026-08-18
CONSOFINVT,BE,18-Aug-2026,271.95,271.95,277.95,271.95,272.0,1158,3.16,25,,,2026-08-18
CONSUMAXIS,EQ,18-Aug-2026,124.73,124.49,124.49,123.54,123.8,879,1.09,18,719.0,81.8,2026-08-18
CONSUMBEES,EQ,18-Aug-2026,135.23,135.61,135.61,134.02,134.2,51122,68.68,880,27103.0,53.02,2026-08-18
CONSUMER,EQ,18-Aug-2026,12.28,12.28,12.29,12.2,12.2,343641,41.96,297,273782.0,79.67,2026-08-18
CONSUMIETF,EQ,18-Aug-2026,125.44,124.97,125.32,124.0,124.44,7620,9.5,158,5182.0,68.01,2026-08-18
CONTI,SM,18-Aug-2026,11.6,11.05,11.05,11.05,11.05,6666,0.74,2,6666.0,100.0,2026-08-18
CONTROLPR,EQ,18-Aug-2026,569.7,569.3,579.65,566.6,575.3,14060,80.66,1339,8461.0,60.18,2026-08-18
COOLCAPS,ST,18-Aug-2026,19.75,20.4,20.65,19.5,20.2,40000,8.01,23,36250.0,90.63,2026-08-18
CORALFINAC,EQ,18-Aug-2026,34.28,35.45,35.5,33.31,34.69,290273,101.1,1724,70357.0,24.24,2026-08-18
CORDELIA,EQ,18-Aug-2026,823.2,823.7,833.95,820.5,830.0,73939,613.44,3527,37336.0,50.5,2026-08-18
CORDSCABLE,BE,18-Aug-2026,214.05,213.9,224.75,213.9,224.75,30808,68.44,317,,,2026-08-18
COROMANDEL,EQ,18-Aug-2026,2097.9,2100.0,2104.8,2051.2,2062.7,58848,1219.29,8906,30106.0,51.16,2026-08-18
CORONA,EQ,18-Aug-2026,2113.1,2129.0,2150.0,2105.7,2119.4,16600,352.25,3965,10487.0,63.17,2026-08-18
COSMOFIRST,EQ,18-Aug-2026,964.85,962.2,981.0,957.0,961.2,94828,918.78,5504,55011.0,58.01,2026-08-18
COUNCODOS,BE,18-Aug-2026,6.72,6.85,6.94,6.7,6.88,169709,11.67,307,,,2026-08-18
CPCAP,EQ,18-Aug-2026,130.32,130.71,130.71,125.5,126.94,16150,20.59,289,9763.0,60.45,2026-08-18
CPEDU,EQ,18-Aug-2026,208.11,207.82,208.8,201.06,203.99,6510,13.37,191,4405.0,67.67,2026-08-18
CPL,EQ,18-Aug-2026,68.46,68.9,69.97,68.0,68.36,118794,81.66,593,8997.0,7.57,2026-08-18
CPPLUS,EQ,18-Aug-2026,3343.1,3260.1,3388.0,3260.0,3342.0,412214,13710.42,39832,190589.0,46.24,2026-08-18
CPS,SM,18-Aug-2026,1066.45,1060.0,1060.0,1060.0,1060.0,750,7.95,2,750.0,100.0,2026-08-18
CPSEETF,EQ,18-Aug-2026,93.76,94.0,94.3,93.7,93.99,969195,910.89,5240,758894.0,78.3,2026-08-18
CRAFTSMAN,EQ,18-Aug-2026,10480.0,10548.5,10960.0,10490.5,10890.5,58181,6289.2,18174,20366.0,35.0,2026-08-18
CRAMC,EQ,18-Aug-2026,253.95,253.95,256.9,251.0,254.4,196677,498.84,6526,106364.0,54.08,2026-08-18
CRAVATEX,EQ,18-Aug-2026,350.0,347.9,347.9,346.8,347.9,59,0.2,21,59.0,100.0,2026-08-18
CRAYONS,SM,18-Aug-2026,25.65,26.9,26.9,26.9,26.9,3000,0.81,3,3000.0,100.0,2026-08-18
CREATIVEYE,EQ,18-Aug-2026,6.21,6.32,6.33,6.12,6.19,469,0.03,43,371.0,79.1,2026-08-18
CREDITACC,EQ,18-Aug-2026,1538.6,1543.3,1545.0,1513.9,1524.6,89923,1371.05,12141,48043.0,53.43,2026-08-18
CREST,EQ,18-Aug-2026,355.3,354.95,364.0,349.3,352.05,3891,13.81,156,3636.0,93.45,2026-08-18
CRISIL,EQ,18-Aug-2026,4488.3,4500.0,4500.0,4401.2,4442.5,37708,1672.27,6347,22301.0,59.14,2026-08-18
CRIZAC,EQ,18-Aug-2026,176.19,176.99,177.0,174.0,174.58,189453,331.49,3760,106325.0,56.12,2026-08-18
CROMPTON,EQ,18-Aug-2026,246.5,245.3,245.75,242.95,244.8,1305455,3185.69,15792,512530.0,39.26,2026-08-18
CROWN,EQ,18-Aug-2026,107.04,107.9,110.0,107.52,107.63,9445,10.26,157,7601.0,80.48,2026-08-18
CRSL,EQ,18-Aug-2026,2.11,2.14,2.19,2.01,2.15,408564,8.78,577,323163.0,79.1,2026-08-18
CSBBANK,EQ,18-Aug-2026,319.95,313.0,320.2,312.95,317.45,340793,1081.44,9252,209242.0,61.4,2026-08-18
CSLFINANCE,EQ,18-Aug-2026,219.55,222.93,222.93,221.0,221.0,35048,77.5,341,32810.0,93.61,2026-08-18
CSM,EQ,18-Aug-2026,100.37,100.88,100.89,99.66,100.19,75667,75.75,1295,47254.0,62.45,2026-08-18
CTE,EQ,18-Aug-2026,40.77,42.8,42.8,42.8,42.8,12043,5.15,47,12043.0,100.0,2026-08-18
CUB,EQ,18-Aug-2026,215.2,215.0,223.0,214.85,222.18,3912107,8642.07,105789,2003970.0,51.22,2026-08-18
CUBEINVIT,IV,18-Aug-2026,160.99,162.26,162.26,159.5,159.99,975592,1562.22,7141,937415.0,96.09,2026-08-18
CUBEXTUB,EQ,18-Aug-2026,83.22,82.23,83.58,79.81,80.54,59744,48.69,1110,39571.0,66.23,2026-08-18
CUDML,ST,18-Aug-2026,107.7,105.05,105.9,102.35,104.1,64000,67.1,23,64000.0,100.0,2026-08-18
CUMMINSIND,EQ,18-Aug-2026,5450.0,5478.5,5484.0,5350.0,5350.0,177068,9584.58,23003,110733.0,62.54,2026-08-18
CUPID,EQ,18-Aug-2026,267.32,273.0,285.7,257.21,284.03,68917290,187686.02,635844,14031400.0,20.36,2026-08-18
CURAA,EQ,18-Aug-2026,71.0,70.8,72.0,69.5,69.74,282,0.2,16,281.0,99.65,2026-08-18
CURIS,SM,18-Aug-2026,111.5,110.3,110.3,110.2,110.2,3000,3.31,3,3000.0,100.0,2026-08-18
CURRENT,SM,18-Aug-2026,101.05,100.0,100.0,98.0,98.0,3200,3.17,2,3200.0,100.0,2026-08-18
CYBERMEDIA,EQ,18-Aug-2026,16.62,16.89,16.89,16.16,16.23,34703,5.66,89,24465.0,70.5,2026-08-18
CYBERTECH,BE,18-Aug-2026,133.64,135.0,135.99,133.05,133.92,8492,11.44,128,,,2026-08-18
CYIENT,EQ,18-Aug-2026,868.0,861.4,869.55,850.1,858.55,1226576,10503.09,22760,1017756.0,82.98,2026-08-18
CYIENTDLM,EQ,18-Aug-2026,737.45,736.2,764.8,733.4,736.1,937835,7000.48,38454,401985.0,42.86,2026-08-18
DABUR,EQ,18-Aug-2026,406.8,406.8,406.8,402.1,403.5,1853755,7485.2,20801,812897.0,43.85,2026-08-18
DAICHI,EQ,18-Aug-2026,329.9,337.95,337.95,317.05,323.95,13853,44.99,185,9545.0,68.9,2026-08-18
DALBHARAT,EQ,18-Aug-2026,1844.0,1850.0,1858.4,1831.6,1837.1,246659,4547.28,18198,131766.0,53.42,2026-08-18
DALMIASUG,EQ,18-Aug-2026,459.6,458.9,467.7,445.0,452.7,587471,2695.51,14029,180539.0,30.73,2026-08-18
DAMCAPITAL,EQ,18-Aug-2026,146.39,145.8,148.0,145.11,147.05,255482,374.64,5237,118178.0,46.26,2026-08-18
DAMODARIND,BE,18-Aug-2026,27.58,27.58,27.6,27.21,27.6,1909,0.53,9,,,2026-08-18
DANGEE,EQ,18-Aug-2026,2.94,2.95,3.02,2.9,2.9,92626,2.69,128,73705.0,79.57,2026-08-18
DANISH,SM,18-Aug-2026,788.8,795.0,808.95,786.0,791.15,20850,165.31,116,16350.0,78.42,2026-08-18
DATAMATICS,EQ,18-Aug-2026,852.35,852.35,852.35,827.75,833.95,68621,572.8,5183,36467.0,53.14,2026-08-18
DATAPATTNS,EQ,18-Aug-2026,4528.7,4530.0,4750.0,4525.0,4737.2,1385637,64681.0,104145,419638.0,30.28,2026-08-18
DAVANGERE,EQ,18-Aug-2026,3.2,3.29,3.29,3.16,3.19,3198031,102.58,1704,2511703.0,78.54,2026-08-18
DBCORP,EQ,18-Aug-2026,212.13,212.98,212.98,209.37,209.85,53733,113.23,2529,35755.0,66.54,2026-08-18
DBEIL,BE,18-Aug-2026,6.84,6.84,6.96,6.62,6.68,142759,9.62,386,,,2026-08-18
DBL,EQ,18-Aug-2026,419.6,419.35,422.95,416.55,421.2,69086,290.9,3277,38052.0,55.08,2026-08-18
DBOL,EQ,18-Aug-2026,121.08,122.0,133.5,120.0,121.99,1117878,1415.61,15412,509147.0,45.55,2026-08-18
DBREALTY,EQ,18-Aug-2026,108.51,109.0,109.05,105.56,106.48,562777,601.5,5716,421949.0,74.98,2026-08-18
DBSTOCKBRO,BE,18-Aug-2026,32.51,32.0,33.49,31.51,32.52,5294,1.7,33,,,2026-08-18
DCAL,EQ,18-Aug-2026,175.83,175.25,180.63,168.01,169.14,551160,949.54,8993,301214.0,54.65,2026-08-18
DCBBANK,EQ,18-Aug-2026,184.09,182.8,183.64,180.5,183.08,695982,1268.08,14554,400062.0,57.48,2026-08-18
DCG,SM,18-Aug-2026,53.05,51.3,55.6,51.3,54.5,30000,16.26,25,25200.0,84.0,2026-08-18
DCI,EQ,18-Aug-2026,382.35,380.0,382.7,365.1,373.0,20081,74.51,1324,10183.0,50.71,2026-08-18
DCM,BE,18-Aug-2026,82.08,81.08,84.2,80.44,82.5,5432,4.49,46,,,2026-08-18
DCMFINSERV,EQ,18-Aug-2026,5.55,5.55,5.79,5.4,5.62,7835,0.44,302,5810.0,74.15,2026-08-18
DCMNVL,EQ,18-Aug-2026,173.83,174.31,180.71,173.33,178.29,40956,73.37,578,36427.0,88.94,2026-08-18
DCMSHRIRAM,EQ,18-Aug-2026,1018.4,1039.9,1049.8,1013.2,1026.4,173224,1782.94,14539,40208.0,23.21,2026-08-18
DCMSIL,EQ,18-Aug-2026,74.26,74.0,75.49,67.16,68.94,208275,146.81,1519,142240.0,68.29,2026-08-18
DCMSRIND,EQ,18-Aug-2026,45.73,46.0,47.8,45.9,46.94,467380,219.01,4031,293843.0,62.87,2026-08-18
DCW,EQ,18-Aug-2026,44.26,44.26,44.89,43.54,43.69,1204783,531.12,5194,677229.0,56.21,2026-08-18
DCXINDIA,EQ,18-Aug-2026,173.32,175.87,183.15,175.11,179.12,1199771,2151.71,17587,284341.0,23.7,2026-08-18
DDEVPLSTIK,EQ,18-Aug-2026,269.3,270.0,274.3,268.55,272.75,105618,286.52,2674,58703.0,55.58,2026-08-18
DECCANCE,EQ,18-Aug-2026,544.0,548.0,552.0,541.05,545.55,2786,15.2,188,1602.0,57.5,2026-08-18
DECCANTRAN,SM,18-Aug-2026,23.0,22.5,23.0,22.5,22.75,2400,0.55,2,2400.0,100.0,2026-08-18
DECNGOLD,EQ,18-Aug-2026,239.9,243.03,249.0,240.4,244.05,4205721,10294.86,38753,1434740.0,34.11,2026-08-18
DEEDEV,EQ,18-Aug-2026,650.55,642.05,669.25,641.0,657.25,149577,978.81,5589,70620.0,47.21,2026-08-18
DEEM,ST,18-Aug-2026,40.7,40.0,40.45,38.7,40.45,6000,2.36,6,5000.0,83.33,2026-08-18
DEEP,EQ,18-Aug-2026,36.01,37.9,37.9,34.5,36.96,10406,3.81,67,9045.0,86.92,2026-08-18
DEEPAKFERT,EQ,18-Aug-2026,1502.7,1504.8,1522.0,1466.2,1472.0,150625,2242.41,12561,72635.0,48.22,2026-08-18
DEEPAKNTR,EQ,18-Aug-2026,1780.5,1780.0,1787.0,1753.5,1771.0,229368,4070.12,18075,128076.0,55.84,2026-08-18
DEEPINDS,EQ,18-Aug-2026,680.7,683.45,720.0,677.9,717.95,721008,5090.48,21586,307262.0,42.62,2026-08-18
DEFENCE,EQ,18-Aug-2026,82.69,83.49,83.99,82.53,83.52,238146,198.69,855,197783.0,83.05,2026-08-18
DELAPLEX,SM,18-Aug-2026,90.0,90.0,90.0,88.0,88.0,2400,2.13,4,1800.0,75.0,2026-08-18
DELHIVERY,EQ,18-Aug-2026,456.0,451.65,456.95,448.8,451.8,1460519,6601.22,19674,739992.0,50.67,2026-08-18
DELPHIFX,BE,18-Aug-2026,6.66,6.72,6.76,6.5,6.59,73094,4.82,154,,,2026-08-18
DELTACORP,EQ,18-Aug-2026,60.18,59.7,61.08,59.5,60.71,1074956,646.93,6474,461332.0,42.92,2026-08-18
DELTAMAGNT,EQ,18-Aug-2026,59.08,59.0,59.48,57.0,57.5,3590,2.08,144,2870.0,79.94,2026-08-18
DELTIC,SM,18-Aug-2026,34.5,33.3,33.5,33.15,33.3,7000,2.33,7,4000.0,57.14,2026-08-18
DEN,EQ,18-Aug-2026,27.78,27.9,27.9,27.31,27.41,171835,47.21,1208,107492.0,62.56,2026-08-18
DENEERS,SM,18-Aug-2026,180.5,175.05,179.8,168.65,172.3,13800,23.81,23,7200.0,52.17,2026-08-18
DENORA,EQ,18-Aug-2026,830.55,826.4,858.8,824.3,851.05,2284,19.22,348,1692.0,74.08,2026-08-18
DENTA,EQ,18-Aug-2026,287.05,285.3,293.35,281.35,286.0,246172,701.61,7070,89968.0,36.55,2026-08-18
DENTALKART,SM,18-Aug-2026,409.9,400.35,401.0,397.0,399.0,12750,50.95,39,11750.0,92.16,2026-08-18
DEVIT,EQ,18-Aug-2026,26.02,25.8,26.3,25.21,25.25,54428,13.85,549,44308.0,81.41,2026-08-18
DEVX,EQ,18-Aug-2026,32.88,33.9,33.9,33.0,33.31,31485,10.5,587,16375.0,52.01,2026-08-18
DEVYANI,EQ,18-Aug-2026,143.65,143.61,144.56,140.42,142.09,1844675,2619.89,13752,670551.0,36.35,2026-08-18
DGCONTENT,EQ,18-Aug-2026,24.33,24.33,24.49,23.73,24.34,5715,1.39,53,4538.0,79.41,2026-08-18
DHABRIYA,EQ,18-Aug-2026,504.35,509.0,586.9,499.2,558.05,122906,677.51,3792,51071.0,41.55,2026-08-18
DHAMPURSUG,EQ,18-Aug-2026,170.87,173.9,177.45,166.5,168.65,1604098,2760.71,21703,590171.0,36.79,2026-08-18
DHANBANK,EQ,18-Aug-2026,32.39,32.3,32.49,31.8,32.24,559449,179.81,2903,226870.0,40.55,2026-08-18
DHANSA,SM,18-Aug-2026,20.85,21.55,21.55,21.3,21.3,6000,1.29,3,6000.0,100.0,2026-08-18
DHANUKA,EQ,18-Aug-2026,997.0,1011.6,1011.6,990.0,996.4,20287,202.37,1797,9109.0,44.9,2026-08-18
DHARAN,BZ,18-Aug-2026,0.16,0.16,0.17,0.15,0.16,12035589,19.27,1613,,,2026-08-18
DHARIWAL,SM,18-Aug-2026,19.1,18.55,18.75,18.15,18.15,81000,14.85,26,63000.0,77.78,2026-08-18
DHARMAJ,EQ,18-Aug-2026,269.25,268.5,271.0,267.95,270.0,29791,80.37,1716,22141.0,74.32,2026-08-18
DHATRE,EQ,18-Aug-2026,4.26,5.02,5.02,4.33,4.58,104322,4.74,348,73561.0,70.51,2026-08-18
DHOOTTRANS,EQ,18-Aug-2026,1187.05,1170.0,1305.75,1165.0,1305.75,9337722,115895.27,339993,2211352.0,23.68,2026-08-18
DHRUV,EQ,18-Aug-2026,25.14,26.31,26.31,24.31,24.9,2892,0.72,48,2146.0,74.2,2026-08-18
DHUNINV,EQ,18-Aug-2026,1014.65,1019.7,1022.45,957.5,976.95,2115,20.74,257,1213.0,57.35,2026-08-18
DIACABS,BE,18-Aug-2026,359.9,361.0,372.7,353.1,367.95,1174622,4277.7,13034,,,2026-08-18
DIAMINESQ,EQ,18-Aug-2026,235.85,235.85,241.11,234.0,236.71,2943,6.96,127,1691.0,57.46,2026-08-18
DIAMONDYD,EQ,18-Aug-2026,1190.4,1193.8,1203.8,1180.9,1193.8,11074,132.13,1363,5863.0,52.94,2026-08-18
DICIND,EQ,18-Aug-2026,591.95,594.8,595.95,582.05,584.35,2947,17.31,242,1912.0,64.88,2026-08-18
DIFFNKG,EQ,18-Aug-2026,398.4,398.55,410.85,398.55,408.5,108267,440.14,4999,56485.0,52.17,2026-08-18
DIGIDRIVE,EQ,18-Aug-2026,17.52,17.1,18.0,17.05,17.8,16597,2.95,129,13979.0,84.23,2026-08-18
DIGIKORE,SM,18-Aug-2026,37.15,37.15,42.5,36.0,37.0,72000,27.72,146,40800.0,56.67,2026-08-18
DIGISPICE,EQ,18-Aug-2026,16.62,16.98,17.42,16.08,16.77,91590,15.47,302,49480.0,54.02,2026-08-18
DIGITIDE,EQ,18-Aug-2026,96.49,96.99,98.62,94.6,98.08,254802,246.37,3351,102888.0,40.38,2026-08-18
DIGJAMLMTD,EQ,18-Aug-2026,50.52,51.02,52.0,50.06,51.74,10235,5.28,106,10039.0,98.09,2026-08-18
DISAQ,EQ,18-Aug-2026,11641.0,11664.0,11954.0,11650.0,11696.0,761,89.54,463,371.0,48.75,2026-08-18
DISHTV,EQ,18-Aug-2026,2.81,2.81,2.84,2.76,2.82,884017,24.76,846,679072.0,76.82,2026-08-18
DIVGIITTS,EQ,18-Aug-2026,1284.45,1284.0,1311.9,1245.1,1259.0,310830,3985.31,18782,149254.0,48.02,2026-08-18
DIVIDEND,EQ,18-Aug-2026,35.91,35.9,35.9,35.59,35.62,12300,4.4,88,12048.0,97.95,2026-08-18
DIVINEHIRA,ST,18-Aug-2026,110.9,109.7,111.0,107.1,111.0,30000,32.43,16,26400.0,88.0,2026-08-18
DIVISLAB,EQ,18-Aug-2026,8481.5,8510.0,8630.0,8504.0,8588.0,404163,34683.74,43159,226660.0,56.08,2026-08-18
DIVOPPBEES,EQ,18-Aug-2026,78.5,78.98,78.98,77.65,77.77,112680,87.7,797,72403.0,64.26,2026-08-18
DIXON,EQ,18-Aug-2026,14025.0,14100.0,14420.0,14066.0,14150.0,387416,55049.01,49842,134893.0,34.82,2026-08-18
DJML,EQ,18-Aug-2026,107.44,103.55,106.67,103.55,105.46,166705,175.6,2174,30200.0,18.12,2026-08-18
DKEGL,SM,18-Aug-2026,66.0,69.95,69.95,69.95,69.95,1500,1.05,1,1500.0,100.0,2026-08-18
DLF,EQ,18-Aug-2026,671.0,672.0,682.5,658.25,665.75,6099954,40928.65,63488,2621601.0,42.98,2026-08-18
DLINKINDIA,EQ,18-Aug-2026,418.7,421.05,422.0,413.1,418.85,72487,301.54,2925,36536.0,50.4,2026-08-18
DMART,EQ,18-Aug-2026,3995.0,3989.6,4019.1,3946.7,3981.0,339330,13542.2,24428,153490.0,45.23,2026-08-18
DMCC,EQ,18-Aug-2026,293.65,293.4,299.9,285.95,287.75,60692,177.08,1959,33441.0,55.1,2026-08-18
DNAMEDIA,EQ,18-Aug-2026,2.69,2.68,2.68,2.51,2.55,93831,2.42,163,83632.0,89.13,2026-08-18
DODLA,EQ,18-Aug-2026,1099.5,1100.0,1105.9,1090.1,1094.7,27797,304.78,5017,19836.0,71.36,2026-08-18
DOLATALGO,EQ,18-Aug-2026,71.18,71.19,71.59,70.62,71.14,66139,47.01,840,48926.0,73.97,2026-08-18
DOLLAR,EQ,18-Aug-2026,268.35,268.9,270.7,264.05,268.55,82886,221.4,2112,44315.0,53.47,2026-08-18
DOLLEX,SM,18-Aug-2026,32.05,32.45,32.45,31.6,32.0,16000,5.14,4,16000.0,100.0,2026-08-18
DOLPHIN,EQ,18-Aug-2026,576.85,575.0,639.0,560.7,619.4,553474,3405.51,25822,94260.0,17.03,2026-08-18
DOMS,EQ,18-Aug-2026,2218.1,2215.0,2225.7,2207.3,2218.6,16908,374.62,2858,10134.0,59.94,2026-08-18
DONEAR,EQ,18-Aug-2026,87.64,86.51,91.0,86.51,89.18,25660,23.03,512,16994.0,66.23,2026-08-18
DPABHUSHAN,EQ,18-Aug-2026,1403.8,1385.6,1470.2,1385.6,1457.2,30351,438.19,2117,15540.0,51.2,2026-08-18
DPEL,SM,18-Aug-2026,589.55,591.0,591.0,578.0,584.5,35000,204.39,64,19000.0,54.29,2026-08-18
DPSCLTD,BE,18-Aug-2026,7.21,7.35,7.35,6.85,7.05,259892,18.33,684,,,2026-08-18
DPWIRES,BE,18-Aug-2026,162.66,164.29,164.29,160.0,161.04,3727,6.0,97,,,2026-08-18
DRAGARWQ,EQ,18-Aug-2026,5294.0,5238.0,5400.0,5225.0,5321.0,612,32.72,211,395.0,64.54,2026-08-18
DRCSYSTEMS,EQ,18-Aug-2026,13.07,13.3,13.3,12.71,13.0,25838,3.33,230,21110.0,81.7,2026-08-18
DREAMFOLKS,EQ,18-Aug-2026,65.85,65.4,68.1,65.4,66.65,59119,39.56,1546,30037.0,50.81,2026-08-18
DREDGECORP,EQ,18-Aug-2026,1160.5,1150.3,1170.0,1148.9,1160.8,98365,1140.17,6639,34965.0,35.55,2026-08-18
DRONE,SM,18-Aug-2026,37.6,38.65,39.35,38.3,38.9,16000,6.21,30,11500.0,71.88,2026-08-18
DRREDDY,EQ,18-Aug-2026,1192.0,1185.0,1189.3,1176.1,1178.8,805633,9540.44,27255,466296.0,57.88,2026-08-18
DRSDILIP,SM,18-Aug-2026,109.9,108.0,108.0,108.0,108.0,800,0.86,1,800.0,100.0,2026-08-18
DSFCL,BE,18-Aug-2026,25.5,26.01,26.01,26.01,26.01,8756,2.28,21,,,2026-08-18
DSKULKARNI,BE,18-Aug-2026,13.96,14.65,14.65,14.65,14.65,1777,0.26,9,,,2026-08-18
DSSL,EQ,18-Aug-2026,1158.1,1184.4,1189.9,1135.0,1147.2,32102,369.24,2812,19545.0,60.88,2026-08-18
DTIL,EQ,18-Aug-2026,133.13,134.0,136.8,132.55,134.02,2551,3.45,60,1694.0,66.41,2026-08-18
DUCOL,SM,18-Aug-2026,103.0,103.5,104.75,103.5,103.55,3200,3.32,4,3200.0,100.0,2026-08-18
DUCON,EQ,18-Aug-2026,3.24,3.24,3.4,3.22,3.29,379325,12.59,470,291209.0,76.77,2026-08-18
DUGLOBAL,SM,18-Aug-2026,24.0,24.0,24.0,23.5,23.5,7500,1.78,3,5000.0,66.67,2026-08-18
DURLAX,SM,18-Aug-2026,64.1,62.5,63.5,60.0,60.55,100000,61.35,49,72000.0,72.0,2026-08-18
DVL,EQ,18-Aug-2026,265.92,264.49,267.55,263.24,265.81,10527,27.99,410,7101.0,67.46,2026-08-18
DWARKESH,EQ,18-Aug-2026,44.94,45.24,46.95,44.21,44.64,3757036,1721.12,15973,1527959.0,40.67,2026-08-18
DYCL,EQ,18-Aug-2026,465.35,464.0,468.3,450.0,452.9,396713,1817.29,11583,184215.0,46.44,2026-08-18
DYNAMATECH,EQ,18-Aug-2026,11123.0,11123.0,11950.0,11112.0,11770.0,33740,3921.92,10061,16644.0,49.33,2026-08-18
DYNAMIC,ST,18-Aug-2026,140.45,139.9,145.0,136.65,141.75,10500,14.8,14,8000.0,76.19,2026-08-18
DYNPRO,EQ,18-Aug-2026,232.05,227.0,233.0,226.6,228.4,9360,21.52,346,6715.0,71.74,2026-08-18
E2E,BE,18-Aug-2026,686.15,672.0,686.95,656.0,664.55,890449,5963.19,22586,,,2026-08-18
E2ERAIL,SM,18-Aug-2026,262.1,269.0,314.35,269.0,303.3,643200,1924.0,562,226400.0,35.2,2026-08-18
EASEMYTRIP,EQ,18-Aug-2026,6.13,6.21,6.29,6.12,6.16,10633745,658.36,7671,4036868.0,37.96,2026-08-18
EASTSILK,BE,18-Aug-2026,56.59,59.4,59.41,59.0,59.0,360,0.21,9,,,2026-08-18
EASTWEST,EQ,18-Aug-2026,2.45,2.5,2.5,2.31,2.32,11822,0.28,70,11146.0,94.28,2026-08-18
EBANK10,EQ,18-Aug-2026,16.74,16.74,17.75,16.74,16.98,314,0.05,7,312.0,99.36,2026-08-18
EBANKNIFTY,EQ,18-Aug-2026,58.11,58.31,58.31,57.76,58.06,1941,1.12,26,1764.0,90.88,2026-08-18
EBBETF0430,EQ,18-Aug-2026,1611.52,1617.87,1617.88,1610.11,1612.87,45396,731.37,266,44631.0,98.31,2026-08-18
EBBETF0431,EQ,18-Aug-2026,1443.19,1443.19,1443.96,1441.1,1441.15,1346,19.41,51,1112.0,82.62,2026-08-18
EBBETF0433,EQ,18-Aug-2026,1316.39,1316.55,1318.0,1311.27,1317.35,3703,48.71,90,2116.0,57.14,2026-08-18
EBGNG,EQ,18-Aug-2026,593.0,595.0,595.0,568.0,570.7,306764,1768.11,12332,168378.0,54.89,2026-08-18
EBIX,EQ,18-Aug-2026,16.25,17.06,17.06,16.03,17.06,229126,38.61,386,185482.0,80.95,2026-08-18
ECAPINSURE,EQ,18-Aug-2026,23.89,23.89,23.89,23.65,23.85,83425,19.83,259,80483.0,96.47,2026-08-18
ECLERX,EQ,18-Aug-2026,1848.9,1850.1,1854.0,1773.9,1805.2,141785,2554.24,17495,58077.0,40.96,2026-08-18
ECOLINE,ST,18-Aug-2026,184.05,181.05,183.9,180.0,182.0,10000,18.15,10,10000.0,100.0,2026-08-18
ECORECO,EQ,18-Aug-2026,479.0,493.55,493.6,460.0,467.75,5959,27.95,546,4873.0,81.78,2026-08-18
ECOSMOBLTY,BE,18-Aug-2026,116.99,116.99,117.7,112.4,112.58,140992,160.9,1808,,,2026-08-18
EDELWEISS,EQ,18-Aug-2026,122.67,122.0,123.68,120.5,121.4,1545184,1887.83,13685,764174.0,49.46,2026-08-18
EEPL,SM,18-Aug-2026,133.85,132.1,139.95,132.0,138.5,36000,49.31,33,23000.0,63.89,2026-08-18
EFACTOR,SM,18-Aug-2026,199.35,222.0,222.0,200.0,202.65,11200,22.98,20,10000.0,89.29,2026-08-18
EFCIL,EQ,18-Aug-2026,174.1,174.0,187.75,171.42,184.64,513483,922.76,6720,207084.0,40.33,2026-08-18
EFFWA,ST,18-Aug-2026,345.75,344.9,347.0,344.9,346.0,11600,40.04,19,11600.0,100.0,2026-08-18
EFORCE,SM,18-Aug-2026,21.0,21.55,21.55,21.0,21.0,2400,0.51,2,2400.0,100.0,2026-08-18
EGOLD,EQ,18-Aug-2026,152.85,152.05,153.15,152.0,152.95,19939,30.48,535,13102.0,65.71,2026-08-18
EICHERMOT,EQ,18-Aug-2026,8050.0,8040.0,8107.0,8016.5,8018.5,262500,21190.27,34278,164763.0,62.77,2026-08-18
EIDPARRY,EQ,18-Aug-2026,792.05,794.45,795.0,772.2,780.6,697047,5449.56,43985,359291.0,51.54,2026-08-18
EIEL,EQ,18-Aug-2026,200.16,200.24,201.89,196.5,197.18,439150,868.31,7215,235501.0,53.63,2026-08-18
EIFFL,BE,18-Aug-2026,261.0,260.95,260.95,251.1,259.55,11795,29.88,102,,,2026-08-18
EIHAHOTELS,EQ,18-Aug-2026,292.2,294.45,296.75,289.45,293.5,18024,52.69,934,9497.0,52.69,2026-08-18
EIHOTEL,EQ,18-Aug-2026,296.0,296.0,297.45,294.05,296.7,111718,330.66,4889,48556.0,43.46,2026-08-18
EIMCOELECO,EQ,18-Aug-2026,2189.1,2125.0,2197.9,2125.0,2153.7,41008,887.47,4674,15925.0,38.83,2026-08-18
EKC,EQ,18-Aug-2026,109.53,109.53,109.9,108.11,108.59,130325,141.79,1932,80231.0,61.56,2026-08-18
EKI,EQ,18-Aug-2026,80.84,80.84,80.88,79.01,79.58,5934,4.72,286,5393.0,90.88,2026-08-18
ELANTAS,EQ,18-Aug-2026,11705.5,11893.0,11893.0,11460.0,11701.5,2723,319.27,1431,860.0,31.58,2026-08-18
ELCIDIN,EQ,18-Aug-2026,110895.0,110895.0,110995.0,110000.0,110000.0,5,5.53,5,4.0,80.0,2026-08-18
ELDEHSG,EQ,18-Aug-2026,765.35,768.0,822.0,745.0,817.5,11501,92.32,412,9066.0,78.83,2026-08-18
ELECON,EQ,18-Aug-2026,438.25,440.5,444.75,431.65,433.95,309070,1356.2,12116,143889.0,46.56,2026-08-18
ELECTCAST,EQ,18-Aug-2026,71.95,71.6,72.35,71.0,71.25,570745,407.8,7713,265948.0,46.6,2026-08-18
ELECTHERM,EQ,18-Aug-2026,974.8,986.7,1059.0,959.9,1024.1,82284,839.1,2950,58745.0,71.39,2026-08-18
ELGIEQUIP,EQ,18-Aug-2026,624.2,622.0,628.0,612.0,614.2,609442,3781.65,19189,273974.0,44.95,2026-08-18
ELGIRUBCO,EQ,18-Aug-2026,59.11,58.6,59.88,57.15,57.87,43421,25.37,1093,24224.0,55.79,2026-08-18
ELGNZ,SM,18-Aug-2026,86.5,85.9,94.5,85.9,91.45,56000,50.6,30,37000.0,66.07,2026-08-18
ELIN,EQ,18-Aug-2026,102.28,101.53,103.5,100.78,101.41,189743,194.04,2175,111253.0,58.63,2026-08-18
ELIQUID,EQ,18-Aug-2026,1043.95,1044.07,1044.09,1044.07,1044.08,25752,268.87,18,25156.0,97.69,2026-08-18
ELITECON,EQ,18-Aug-2026,16.73,16.73,17.25,16.73,17.13,649218,110.28,3087,353037.0,54.38,2026-08-18
ELLEN,EQ,18-Aug-2026,328.3,329.0,336.9,322.0,324.75,309877,1021.03,7032,139298.0,44.95,2026-08-18
ELM250,EQ,18-Aug-2026,17.16,17.58,17.58,16.77,16.91,154976,26.19,598,133014.0,85.83,2026-08-18
ELMDIV,EQ,18-Aug-2026,36.88,36.88,36.9,36.6,36.72,2132,0.78,28,640.0,30.02,2026-08-18
ELPROINTL,EQ,18-Aug-2026,175.32,179.75,179.75,175.1,175.58,13682,24.01,190,10545.0,77.07,2026-08-18
EMAMILTD,EQ,18-Aug-2026,404.5,403.5,404.25,397.5,400.1,360203,1442.93,14185,176267.0,48.94,2026-08-18
EMAMIPAP,BE,18-Aug-2026,113.91,115.0,119.59,114.0,114.99,58957,68.36,597,,,2026-08-18
EMAMIREAL,EQ,18-Aug-2026,74.89,74.01,76.19,73.0,73.47,7601,5.6,69,6990.0,91.96,2026-08-18
EMAPARTNER,SM,18-Aug-2026,79.1,79.1,79.1,78.6,78.6,3000,2.37,3,2000.0,66.67,2026-08-18
EMBASSY,RR,18-Aug-2026,440.29,440.29,441.25,438.5,440.0,1466185,6457.07,12706,1352292.0,92.23,2026-08-18
EMBDL,EQ,18-Aug-2026,63.11,62.5,64.2,62.5,63.04,1876178,1189.05,9205,779322.0,41.54,2026-08-18
EMCURE,EQ,18-Aug-2026,1873.9,1879.0,1889.0,1861.1,1874.5,136782,2567.99,14936,82020.0,59.96,2026-08-18
EMETAL,EQ,18-Aug-2026,13.15,13.14,13.14,13.05,13.06,6848,0.9,23,6823.0,99.63,2026-08-18
EMIL,EQ,18-Aug-2026,192.42,191.0,195.4,190.25,191.35,2203251,4239.34,29516,908935.0,41.25,2026-08-18
EMKAY,EQ,18-Aug-2026,235.29,235.29,242.89,232.51,236.8,6354,14.98,444,3605.0,56.74,2026-08-18
EMMBI,BE,18-Aug-2026,83.03,83.44,83.44,81.8,82.12,4014,3.3,53,,,2026-08-18
EMMIL,SM,18-Aug-2026,127.65,122.0,128.0,120.8,126.45,7500,9.19,17,6250.0,83.33,2026-08-18
EMMVEE,EQ,18-Aug-2026,320.75,319.25,325.0,316.4,317.7,1134683,3631.42,21084,557722.0,49.15,2026-08-18
EMPIND,EQ,18-Aug-2026,1102.5,1107.0,1146.0,1107.0,1116.2,1035,11.64,140,915.0,88.41,2026-08-18
EMPOWER,EQ,18-Aug-2026,2.16,2.18,2.24,2.16,2.22,3515579,77.9,1972,2660347.0,75.67,2026-08-18
EMSLIMITED,EQ,18-Aug-2026,369.1,369.1,380.6,365.95,375.75,196725,736.44,5763,75847.0,38.55,2026-08-18
EMUDHRA,EQ,18-Aug-2026,518.75,517.7,565.0,509.0,562.05,705436,3831.64,22466,207146.0,29.36,2026-08-18
EMULTIMQ,EQ,18-Aug-2026,42.24,42.39,42.39,42.02,42.15,27539,11.62,112,26307.0,95.53,2026-08-18
ENCOMPAS,SM,18-Aug-2026,245.6,245.0,254.7,235.0,237.65,82000,195.72,68,66800.0,81.46,2026-08-18
ENDURANCE,EQ,18-Aug-2026,2978.2,2987.3,3036.3,2969.0,3018.3,130419,3924.75,18268,73020.0,55.99,2026-08-18
ENERGY,EQ,18-Aug-2026,38.95,38.9,39.1,38.7,38.82,216978,84.44,957,130855.0,60.31,2026-08-18
ENERGYDEV,EQ,18-Aug-2026,16.51,16.49,16.96,16.22,16.53,31018,5.08,200,27932.0,90.05,2026-08-18
ENEXT50,EQ,18-Aug-2026,74.37,74.5,74.55,74.13,74.5,1687,1.25,16,1447.0,85.77,2026-08-18
ENFUSE,SM,18-Aug-2026,159.7,177.0,177.0,161.5,161.5,1200,2.03,2,1200.0,100.0,2026-08-18
ENGINERSIN,EQ,18-Aug-2026,240.18,239.25,249.0,239.25,244.78,2435107,5974.92,26314,744605.0,30.58,2026-08-18
ENIFTY,EQ,18-Aug-2026,24.58,25.19,25.19,24.34,24.44,5189,1.27,49,5153.0,99.31,2026-08-18
ENIL,EQ,18-Aug-2026,101.02,102.97,102.97,100.5,100.86,72965,73.65,650,60235.0,82.55,2026-08-18
ENKEIWHEL,EQ,18-Aug-2026,400.85,410.0,410.0,400.0,408.9,2398,9.67,49,2360.0,98.42,2026-08-18
ENRIN,EQ,18-Aug-2026,3605.7,3600.0,3639.0,3580.0,3593.2,182373,6574.14,17851,98515.0,54.02,2026-08-18
ENSER,SM,18-Aug-2026,14.35,14.75,15.9,14.75,15.25,70000,10.64,13,70000.0,100.0,2026-08-18
ENTERO,EQ,18-Aug-2026,1401.6,1400.0,1433.4,1384.0,1408.2,113687,1599.86,13241,54105.0,47.59,2026-08-18
ENVIRO,SM,18-Aug-2026,73.5,73.5,73.9,73.15,73.4,17000,12.48,13,16000.0,94.12,2026-08-18
EPACK,EQ,18-Aug-2026,210.7,211.0,212.75,208.26,209.57,267478,563.19,4491,135261.0,50.57,2026-08-18
EPACKPEB,EQ,18-Aug-2026,221.55,222.0,225.3,218.3,223.85,532737,1182.05,9441,223081.0,41.87,2026-08-18
EPIGRAL,EQ,18-Aug-2026,1097.1,1097.0,1103.7,1075.0,1079.6,38584,417.74,2357,27076.0,70.17,2026-08-18
EPL,EQ,18-Aug-2026,242.99,242.95,246.53,242.6,245.15,823068,2018.15,14312,510795.0,62.06,2026-08-18
EPWINDIA,ST,18-Aug-2026,215.0,215.0,225.75,215.0,225.75,20400,44.75,10,20400.0,100.0,2026-08-18
EQUAL200,EQ,18-Aug-2026,14.05,14.02,14.03,13.97,13.97,30389,4.26,48,24359.0,80.16,2026-08-18
EQUAL50,EQ,18-Aug-2026,336.8,335.37,335.42,333.88,334.59,13628,45.62,32,10967.0,80.47,2026-08-18
EQUAL50ADD,EQ,18-Aug-2026,347.99,347.0,347.0,345.58,346.12,160489,555.45,278,157624.0,98.21,2026-08-18
EQUIPPP,BE,18-Aug-2026,21.75,21.99,22.83,21.5,22.8,41194,9.35,56,,,2026-08-18
EQUITASBNK,EQ,18-Aug-2026,74.92,74.5,76.4,74.26,76.12,3573116,2690.26,20553,2674195.0,74.84,2026-08-18
ERIS,EQ,18-Aug-2026,1348.9,1348.9,1357.0,1335.0,1350.1,125273,1689.48,14556,94879.0,75.74,2026-08-18
ESABINDIA,EQ,18-Aug-2026,6289.0,6289.0,6323.5,6151.0,6177.5,2894,180.26,1206,1404.0,48.51,2026-08-18
ESAFSFB,BE,18-Aug-2026,39.26,39.8,40.55,38.06,40.41,1072722,424.33,2689,,,2026-08-18
ESCONET,SM,18-Aug-2026,192.0,188.0,188.0,172.8,177.95,243600,429.29,470,143200.0,58.78,2026-08-18
ESCORTS,EQ,18-Aug-2026,3133.6,3149.3,3149.3,3052.0,3062.1,51759,1595.61,7545,29418.0,56.84,2026-08-18
ESENSEX,EQ,18-Aug-2026,78.66,77.9,80.65,77.9,79.4,544,0.43,12,392.0,72.06,2026-08-18
ESFL,SM,18-Aug-2026,133.8,133.15,133.15,129.0,130.6,12960,17.01,32,10800.0,83.33,2026-08-18
ESG,EQ,18-Aug-2026,41.95,42.79,42.79,41.75,41.82,4455,1.87,60,3400.0,76.32,2026-08-18
ESILVER,EQ,18-Aug-2026,233.54,233.38,233.38,230.64,231.04,67057,155.24,4950,20922.0,31.2,2026-08-18
ESPRIT,SM,18-Aug-2026,67.0,66.0,66.9,64.25,66.2,40000,26.37,23,16000.0,40.0,2026-08-18
ESSARSHPNG,EQ,18-Aug-2026,15.99,16.29,16.38,15.86,15.96,283821,45.49,1236,209497.0,73.81,2026-08-18
ESSENTIA,EQ,18-Aug-2026,1.32,1.26,1.26,1.26,1.26,783375,9.87,495,783373.0,100.0,2026-08-18
ESTER,EQ,18-Aug-2026,98.96,99.42,100.62,96.6,97.55,105357,103.7,1948,71204.0,67.58,2026-08-18
ETERNAL,EQ,18-Aug-2026,318.0,318.0,321.2,315.55,315.9,18387007,58457.57,128657,10456101.0,56.87,2026-08-18
ETHOSLTD,EQ,18-Aug-2026,2788.6,2956.5,3062.7,2850.1,2892.2,961244,28102.8,84966,261226.0,27.18,2026-08-18
ETML,SM,18-Aug-2026,82.35,82.0,82.35,82.0,82.35,15600,12.84,13,12000.0,76.92,2026-08-18
EUREKAFORB,EQ,18-Aug-2026,432.0,432.05,436.15,429.2,431.95,149714,646.88,6688,86460.0,57.75,2026-08-18
EUROBOND,EQ,18-Aug-2026,155.0,155.0,157.99,153.25,157.68,3689,5.77,191,2910.0,78.88,2026-08-18
EUROPRATIK,EQ,18-Aug-2026,283.75,281.0,283.4,272.4,274.3,149710,414.16,2314,65768.0,43.93,2026-08-18
EUROTEXIND,BE,18-Aug-2026,13.92,14.0,14.0,14.0,14.0,89,0.01,3,,,2026-08-18
EVEREADY,EQ,18-Aug-2026,352.9,354.7,354.9,351.5,354.3,28010,98.87,982,15607.0,55.72,2026-08-18
EVERESTIND,BE,18-Aug-2026,449.65,450.0,456.0,436.15,442.4,3084,13.74,113,,,2026-08-18
EVIETF,EQ,18-Aug-2026,34.17,34.85,34.85,34.1,34.17,231371,79.09,649,181575.0,78.48,2026-08-18
EVINDIA,EQ,18-Aug-2026,34.12,34.23,34.29,34.11,34.18,242503,82.94,1393,182888.0,75.42,2026-08-18
EXCELINDUS,EQ,18-Aug-2026,990.55,995.65,997.45,981.05,985.2,2480,24.48,311,1584.0,63.87,2026-08-18
EXCELLENT,ST,18-Aug-2026,206.0,197.0,197.0,195.7,195.7,8000,15.69,5,8000.0,100.0,2026-08-18
EXCELSOFT,EQ,18-Aug-2026,73.07,73.5,74.82,72.01,72.59,450489,330.85,2881,200040.0,44.41,2026-08-18
EXICOM,EQ,18-Aug-2026,148.32,148.8,159.65,146.0,158.05,3723146,5784.49,33802,811284.0,21.79,2026-08-18
EXIDEIND,EQ,18-Aug-2026,475.7,474.0,477.6,463.75,465.25,1543959,7228.12,30689,793458.0,51.39,2026-08-18
EXIMROUTES,SM,18-Aug-2026,107.1,108.0,108.0,108.0,108.0,800,0.86,1,800.0,100.0,2026-08-18
EXPLEOSOL,EQ,18-Aug-2026,923.05,918.0,932.45,891.1,897.7,409143,3738.79,14215,63722.0,15.57,2026-08-18
EXXARO,EQ,18-Aug-2026,6.0,6.15,6.24,6.0,6.13,628072,38.58,300,544653.0,86.72,2026-08-18
FABTECH,EQ,18-Aug-2026,145.91,145.9,146.99,143.56,145.73,158425,230.07,1428,128609.0,81.18,2026-08-18
FACT,EQ,18-Aug-2026,793.25,790.0,799.85,789.0,794.85,54378,431.25,4178,22047.0,40.54,2026-08-18
FAIRCHEMOR,BE,18-Aug-2026,687.4,673.7,673.7,673.7,673.7,22221,149.7,160,,,2026-08-18
FALCONTECH,SM,18-Aug-2026,12.45,12.65,12.75,12.65,12.75,10800,1.37,9,10800.0,100.0,2026-08-18
FAZE3Q,EQ,18-Aug-2026,484.45,487.85,491.55,480.6,483.7,13043,63.23,703,8576.0,65.75,2026-08-18
FCL,EQ,18-Aug-2026,43.41,43.36,44.6,42.2,43.81,9734413,4215.87,28541,3608807.0,37.07,2026-08-18
FCSSOFT,EQ,18-Aug-2026,1.51,1.52,1.52,1.49,1.49,1107587,16.69,989,715813.0,64.63,2026-08-18
FDC,EQ,18-Aug-2026,354.3,354.3,355.75,350.9,351.55,67249,237.49,4662,36933.0,54.92,2026-08-18
FEDDERSHOL,EQ,18-Aug-2026,40.1,40.1,41.8,40.07,41.0,123208,50.06,1204,41235.0,33.47,2026-08-18
FEDERALBNK,EQ,18-Aug-2026,354.1,354.2,358.6,352.5,357.8,2828360,10060.94,40451,1663691.0,58.82,2026-08-18
FEDFINA,EQ,18-Aug-2026,152.0,151.25,152.0,150.35,150.86,507069,765.55,9524,314086.0,61.94,2026-08-18
FEL,BZ,18-Aug-2026,0.39,0.39,0.4,0.39,0.4,122378,0.48,150,,,2026-08-18
FELDVR,BZ,18-Aug-2026,2.42,2.48,2.54,2.3,2.42,1018,0.02,22,,,2026-08-18
FELIX,SM,18-Aug-2026,182.9,183.9,189.0,183.9,185.6,66500,124.13,102,43000.0,64.66,2026-08-18
FERMENTA,EQ,18-Aug-2026,457.05,460.15,465.7,442.05,454.2,118947,537.11,5627,52336.0,44.0,2026-08-18
FIBERWEB,EQ,18-Aug-2026,26.96,27.0,27.54,25.31,26.48,70942,18.92,482,41956.0,59.14,2026-08-18
FIDEL,SM,18-Aug-2026,135.9,134.0,139.0,134.0,135.25,5000,6.77,5,4000.0,80.0,2026-08-18
FIEMIND,EQ,18-Aug-2026,2281.7,2281.7,2293.9,2214.1,2219.1,131958,2957.8,16380,74273.0,56.29,2026-08-18
FILATEX,EQ,18-Aug-2026,82.72,82.5,87.27,82.49,86.75,5428534,4649.22,24668,2186079.0,40.27,2026-08-18
FILATFASH,EQ,18-Aug-2026,0.18,0.18,0.19,0.18,0.18,22162574,40.59,1660,13445310.0,60.67,2026-08-18
FINBUD,SM,18-Aug-2026,139.4,140.4,141.9,138.6,140.45,12000,16.86,12,8000.0,66.67,2026-08-18
FINCABLES,EQ,18-Aug-2026,1320.85,1320.85,1339.3,1300.3,1329.35,884780,11694.29,31200,300670.0,33.98,2026-08-18
FINEORG,EQ,18-Aug-2026,5110.4,5147.0,5172.0,5070.2,5093.1,19759,1008.29,6624,11107.0,56.21,2026-08-18
FINIETF,EQ,18-Aug-2026,33.25,33.25,33.29,33.0,33.13,220406,73.01,1260,135814.0,61.62,2026-08-18
FINKURVE,EQ,18-Aug-2026,72.93,71.7,79.0,70.39,78.19,466773,359.49,4469,179830.0,38.53,2026-08-18
FINOPB,EQ,18-Aug-2026,146.95,147.49,153.0,147.0,151.74,508594,763.81,7193,113252.0,22.27,2026-08-18
FINPIPE,EQ,18-Aug-2026,159.36,159.9,160.3,157.0,158.34,461428,731.49,16438,194812.0,42.22,2026-08-18
FIRSTCRY,EQ,18-Aug-2026,208.41,208.42,214.35,203.82,204.65,1516049,3143.87,22678,602905.0,39.77,2026-08-18
FISCHER,EQ,18-Aug-2026,37.27,37.95,38.41,36.9,38.13,3418002,1287.51,3480,3145704.0,92.03,2026-08-18
FIVESTAR,EQ,18-Aug-2026,537.75,533.1,537.2,531.5,535.35,156612,836.37,10384,68116.0,43.49,2026-08-18
FLAIR,EQ,18-Aug-2026,255.1,252.0,253.4,248.7,252.05,181752,456.99,3718,100329.0,55.2,2026-08-18
FLEXIADD,EQ,18-Aug-2026,10.3,10.3,10.3,10.2,10.24,36130,3.7,270,32308.0,89.42,2026-08-18
FLEXITUFF,BE,18-Aug-2026,3.04,3.05,3.1,2.89,2.89,170685,5.0,188,,,2026-08-18
FLFL,BZ,18-Aug-2026,1.2,1.2,1.21,1.14,1.16,45344,0.53,67,,,2026-08-18
FLUOROCHEM,EQ,18-Aug-2026,4707.5,4700.0,4775.0,4651.0,4674.8,123083,5786.57,14506,62317.0,50.63,2026-08-18
FLYSBS,SM,18-Aug-2026,527.0,520.1,539.0,511.1,520.95,157400,823.63,400,103400.0,65.69,2026-08-18
FMCGADD,EQ,18-Aug-2026,48.57,49.54,49.54,48.04,48.14,33472,16.12,158,14982.0,44.76,2026-08-18
FMCGIETF,EQ,18-Aug-2026,51.98,52.94,52.94,51.26,51.35,3930217,2020.63,14110,3400892.0,86.53,2026-08-18
FMGOETZE,EQ,18-Aug-2026,453.95,454.25,469.75,451.05,462.65,38297,177.2,1824,21814.0,56.96,2026-08-18
FMNL,BE,18-Aug-2026,8.73,8.87,8.87,8.55,8.67,23886,2.06,129,,,2026-08-18
FOCUS,BE,18-Aug-2026,68.93,72.37,72.37,67.9,69.08,49091,35.16,282,,,2026-08-18
FOODSIN,EQ,18-Aug-2026,53.75,54.63,56.25,52.94,55.0,425803,234.5,2700,331453.0,77.84,2026-08-18
FORCAS,ST,18-Aug-2026,207.5,215.0,217.5,210.0,210.0,17600,37.66,9,17600.0,100.0,2026-08-18
FORCEMOT,EQ,18-Aug-2026,18605.0,18549.0,18726.0,18081.0,18200.0,77240,14128.94,21540,31022.0,40.16,2026-08-18
FORGEAUTO,SM,18-Aug-2026,108.0,106.0,106.0,106.0,106.0,1200,1.27,1,1200.0,100.0,2026-08-18
FORTIS,EQ,18-Aug-2026,908.75,912.4,918.25,905.35,916.7,1108225,10124.52,29643,464159.0,41.88,2026-08-18
FOSECOIND,EQ,18-Aug-2026,5641.0,5550.0,5800.0,5480.0,5511.5,4538,252.58,1120,2376.0,52.36,2026-08-18
FRACTAL,EQ,18-Aug-2026,818.0,817.9,834.0,804.0,825.5,467766,3837.21,22298,240082.0,51.33,2026-08-18
FREDUN,EQ,18-Aug-2026,1474.0,1450.1,1499.8,1400.0,1436.7,28535,413.18,2288,14119.0,49.48,2026-08-18
FRESHARA,ST,18-Aug-2026,341.65,340.0,358.7,338.0,352.95,19200,66.7,28,18000.0,93.75,2026-08-18
FROG,ST,18-Aug-2026,211.2,211.2,215.4,211.2,215.4,10800,23.07,15,10800.0,100.0,2026-08-18
FRONTSP,EQ,18-Aug-2026,1287.0,1310.9,1310.9,1260.0,1284.7,37490,479.18,4377,14487.0,38.64,2026-08-18
FSL,EQ,18-Aug-2026,267.75,267.6,268.45,263.15,263.85,767189,2030.42,13482,359126.0,46.81,2026-08-18
FUSION,EQ,18-Aug-2026,195.58,195.38,196.01,188.13,189.87,834013,1589.86,14834,453850.0,54.42,2026-08-18
FWSTC,SM,18-Aug-2026,190.0,190.0,191.25,190.0,190.0,33000,62.95,6,33000.0,100.0,2026-08-18
GABRIEL,EQ,18-Aug-2026,1442.5,1440.0,1484.4,1432.6,1467.6,203545,2991.97,21343,93235.0,45.81,2026-08-18
GAEL,EQ,18-Aug-2026,172.75,172.0,178.8,171.7,177.76,1908212,3364.01,21109,789752.0,41.39,2026-08-18
GAIL,EQ,18-Aug-2026,172.1,172.2,173.55,171.62,173.5,6079875,10493.87,68278,4356408.0,71.65,2026-08-18
GAJANAND,SM,18-Aug-2026,7.95,8.0,8.0,8.0,8.0,3000,0.24,1,3000.0,100.0,2026-08-18
GALAPREC,EQ,18-Aug-2026,1018.0,1018.0,1067.9,1010.1,1059.6,50441,525.73,3872,23191.0,45.98,2026-08-18
GALAXYSURF,EQ,18-Aug-2026,2403.7,2403.0,2459.9,2360.4,2438.4,131965,3200.99,18514,51432.0,38.97,2026-08-18
GALLANTT,EQ,18-Aug-2026,582.95,585.2,588.1,575.05,576.3,18807,108.75,2015,11629.0,61.83,2026-08-18
GANDHAR,EQ,18-Aug-2026,246.69,247.4,256.9,247.4,255.1,2220605,5640.34,28256,903022.0,40.67,2026-08-18
GANDHITUBE,EQ,18-Aug-2026,877.25,877.25,891.0,875.2,887.3,5791,51.23,427,4680.0,80.82,2026-08-18
GANECOS,EQ,18-Aug-2026,1101.2,1101.9,1114.9,1079.0,1101.7,58466,640.26,6542,21897.0,37.45,2026-08-18
GANESHBE,BE,18-Aug-2026,118.13,119.8,120.0,112.24,115.46,169253,194.57,700,,,2026-08-18
GANESHCP,EQ,18-Aug-2026,163.96,164.9,167.38,162.5,165.38,198021,325.34,2678,110865.0,55.99,2026-08-18
GANESHHOU,EQ,18-Aug-2026,838.0,837.95,853.5,828.95,847.0,38087,320.53,2023,21625.0,56.78,2026-08-18
GANESHIN,ST,18-Aug-2026,111.75,110.0,117.3,108.0,117.3,120000,138.99,110,113600.0,94.67,2026-08-18
GANGABATH,SM,18-Aug-2026,22.15,22.6,22.6,22.4,22.4,6000,1.35,2,6000.0,100.0,2026-08-18
GANGAFORGE,EQ,18-Aug-2026,2.49,2.37,2.37,2.37,2.37,668638,15.85,912,668633.0,100.0,2026-08-18
GANGESSECU,EQ,18-Aug-2026,120.31,120.85,123.4,119.0,120.0,4251,5.18,128,2568.0,60.41,2026-08-18
GARFIBRES,EQ,18-Aug-2026,748.45,750.0,783.0,743.05,775.7,119840,921.22,10594,39914.0,33.31,2026-08-18
GARUDA,EQ,18-Aug-2026,182.48,182.4,184.5,180.72,182.88,357871,653.33,5263,170415.0,47.62,2026-08-18
GATECH,BE,18-Aug-2026,0.78,0.81,0.81,0.8,0.8,30110999,243.78,6853,,,2026-08-18
GATECHDVR,BE,18-Aug-2026,0.5,0.52,0.52,0.5,0.51,462301,2.4,214,,,2026-08-18
GATEWAY,EQ,18-Aug-2026,55.15,55.22,55.22,54.4,54.51,867751,474.96,10568,640100.0,73.77,2026-08-18
GAUDIUMIVF,BE,18-Aug-2026,120.77,118.36,118.36,118.36,118.36,13552,16.04,238,,,2026-08-18
GAYAHWS,EQ,18-Aug-2026,1.89,1.93,1.94,1.87,1.91,152362,2.91,267,137338.0,90.14,2026-08-18
GAYAPROJ,BE,18-Aug-2026,22.2,21.8,22.17,21.09,21.75,705058,153.7,1501,,,2026-08-18
GCHOTELS,ST,18-Aug-2026,97.7,100.85,102.55,100.5,102.0,76200,77.93,73,68400.0,89.76,2026-08-18
GCSL,EQ,18-Aug-2026,492.4,490.35,531.0,481.25,512.3,826194,4230.38,10291,258339.0,31.27,2026-08-18
GEECEE,BE,18-Aug-2026,368.8,363.7,373.9,360.05,365.05,174,0.64,14,,,2026-08-18
GEEKAYWIRE,EQ,18-Aug-2026,23.26,23.05,23.64,23.05,23.14,82454,19.17,913,41992.0,50.93,2026-08-18
GEMAROMA,EQ,18-Aug-2026,169.66,170.0,172.0,167.74,170.1,58590,99.68,1231,34202.0,58.38,2026-08-18
GENCON,EQ,18-Aug-2026,39.16,39.94,39.94,38.2,38.81,348180,136.07,783,113347.0,32.55,2026-08-18
GENESYS,EQ,18-Aug-2026,170.85,173.65,185.65,168.5,182.3,1145549,2024.65,18209,421700.0,36.81,2026-08-18
GENESYS-RE,BE,18-Aug-2026,108.5,109.0,128.0,108.0,123.6,335699,387.56,2474,,,2026-08-18
GENSOL,BZ,18-Aug-2026,17.45,17.9,18.32,17.45,18.32,30008,5.48,256,,,2026-08-18
GENUSPAPER,EQ,18-Aug-2026,11.3,11.3,11.85,11.25,11.65,117137,13.6,642,94112.0,80.34,2026-08-18
GENUSPOWER,EQ,18-Aug-2026,318.25,316.0,318.45,311.0,314.55,1107124,3483.93,17842,538940.0,48.68,2026-08-18
GENXAI,SM,18-Aug-2026,78.65,78.05,79.5,78.05,79.0,8400,6.63,7,7200.0,85.71,2026-08-18
GEOJITFSL,EQ,18-Aug-2026,79.31,79.31,81.61,79.31,80.24,250678,201.89,3960,141160.0,56.31,2026-08-18
GESHIP,EQ,18-Aug-2026,1274.9,1274.0,1326.0,1269.1,1302.9,1019929,13353.37,53559,372368.0,36.51,2026-08-18
GFLLIMITED,EQ,18-Aug-2026,49.49,49.97,51.5,49.21,51.22,81157,40.89,1543,53640.0,66.09,2026-08-18
GGBL,SM,18-Aug-2026,233.8,233.8,240.0,231.15,239.2,18000,42.71,46,12600.0,70.0,2026-08-18
GHCL,EQ,18-Aug-2026,432.4,432.55,443.95,430.4,439.55,136235,598.8,5385,81696.0,59.97,2026-08-18
GHCLTEXTIL,EQ,18-Aug-2026,120.08,119.23,128.55,119.04,127.94,2134661,2670.31,19173,1042895.0,48.86,2026-08-18
GICHSGFIN,EQ,18-Aug-2026,139.39,139.3,139.9,138.01,138.16,77729,107.76,1695,41327.0,53.17,2026-08-18
GICL,EQ,18-Aug-2026,23.38,23.75,23.9,23.09,23.68,383201,90.5,497,303786.0,79.28,2026-08-18
GICRE,EQ,18-Aug-2026,355.5,356.5,360.4,354.55,359.9,744475,2670.24,14669,453122.0,60.86,2026-08-18
GILLANDERS,EQ,18-Aug-2026,88.49,90.5,92.03,87.54,91.54,3600,3.25,65,2617.0,72.69,2026-08-18
GILLETTE,EQ,18-Aug-2026,7569.5,7569.5,7583.5,7506.0,7517.5,12673,954.15,3500,8062.0,63.62,2026-08-18
GILT10BETA,EQ,18-Aug-2026,26.91,26.97,26.97,26.44,26.84,622,0.17,14,403.0,64.79,2026-08-18
GILT5BETA,EQ,18-Aug-2026,66.43,66.76,67.13,65.81,66.4,25765,16.99,16,20764.0,80.59,2026-08-18
GILT5YBEES,EQ,18-Aug-2026,66.26,66.25,66.37,66.11,66.23,91103,60.32,410,62271.0,68.35,2026-08-18
GINNIFILA,BE,18-Aug-2026,44.66,45.38,45.7,44.2,45.02,15057,6.76,101,,,2026-08-18
GIPCL,EQ,18-Aug-2026,174.44,174.35,176.52,171.15,171.63,439397,764.41,4498,260655.0,59.32,2026-08-18
GIRIRAJ,SM,18-Aug-2026,68.8,72.2,72.2,72.2,72.2,10500,7.58,15,10500.0,100.0,2026-08-18
GJL,ST,18-Aug-2026,220.0,209.0,226.8,209.0,225.1,4000,8.88,3,4000.0,100.0,2026-08-18
GKB,EQ,18-Aug-2026,65.0,69.0,69.0,60.46,63.03,1217,0.79,24,1017.0,83.57,2026-08-18
GKENERGY,EQ,18-Aug-2026,124.43,124.0,126.72,123.3,123.72,282023,350.75,4334,156684.0,55.56,2026-08-18
GKSL,EQ,18-Aug-2026,151.36,152.0,154.97,145.0,153.46,3024980,4615.91,22229,1156863.0,38.24,2026-08-18
GKWLIMITED,EQ,18-Aug-2026,1607.9,1619.0,1619.0,1602.0,1609.2,134,2.17,9,133.0,99.25,2026-08-18
GLAND,EQ,18-Aug-2026,2910.2,2904.0,2925.0,2850.0,2858.6,488656,14074.92,30951,346597.0,70.93,2026-08-18
GLAXO,EQ,18-Aug-2026,2702.9,2700.0,2919.0,2691.1,2877.4,477841,13368.49,47614,267165.0,55.91,2026-08-18
GLENMARK,EQ,18-Aug-2026,2329.0,2317.4,2332.9,2305.0,2305.0,379551,8787.33,20714,259994.0,68.5,2026-08-18
GLFL,EQ,18-Aug-2026,5.64,5.9,5.9,5.6,5.71,8104,0.47,36,6793.0,83.82,2026-08-18
GLOBAL,EQ,18-Aug-2026,107.47,107.45,111.4,105.3,109.13,160551,174.28,1558,106572.0,66.38,2026-08-18
GLOBALE,EQ,18-Aug-2026,10.87,11.0,11.29,10.9,11.11,4785,0.52,39,4780.0,99.9,2026-08-18
GLOBALVECT,EQ,18-Aug-2026,149.0,150.0,153.0,148.12,150.05,8307,12.48,309,5648.0,67.99,2026-08-18
GLOBE,EQ,18-Aug-2026,2.0,2.03,2.03,1.94,1.95,425706,8.43,275,365447.0,85.84,2026-08-18
GLOBECIVIL,EQ,18-Aug-2026,44.86,45.38,45.5,44.03,44.62,34332,15.44,206,26801.0,78.06,2026-08-18
GLOBUSSPR,EQ,18-Aug-2026,881.75,882.0,914.0,881.75,899.5,374512,3363.17,13244,254968.0,68.08,2026-08-18
GLOSTERLTD,EQ,18-Aug-2026,619.75,629.55,629.55,600.1,604.7,1992,12.11,258,1569.0,78.77,2026-08-18
GLOTTIS,BE,18-Aug-2026,66.1,65.07,65.9,64.81,64.99,30097,19.57,195,,,2026-08-18
GMBREW,EQ,18-Aug-2026,891.35,891.35,906.45,875.0,880.3,83951,745.6,3534,39415.0,46.95,2026-08-18
GMDCLTD,EQ,18-Aug-2026,574.0,574.05,585.65,568.1,570.7,787437,4543.3,24523,313376.0,39.8,2026-08-18
GML,SM,18-Aug-2026,19.5,19.2,19.2,18.6,18.6,18000,3.41,7,16000.0,88.89,2026-08-18
GMMPFAUDLR,EQ,18-Aug-2026,1056.55,1053.0,1059.0,1020.0,1031.25,183397,1904.28,13107,99821.0,54.43,2026-08-18
GMRAIRPORT,EQ,18-Aug-2026,101.31,102.02,102.56,101.05,101.39,6639327,6762.98,21476,3719855.0,56.03,2026-08-18
GMRP&UI,EQ,18-Aug-2026,96.7,96.7,98.61,96.03,96.3,849279,820.75,11193,445382.0,52.44,2026-08-18
GNA,EQ,18-Aug-2026,561.55,563.0,592.0,561.55,581.5,692414,3994.22,15300,334155.0,48.26,2026-08-18
GNFC,EQ,18-Aug-2026,600.65,600.9,619.0,599.0,609.75,1477642,9023.63,40453,632676.0,42.82,2026-08-18
GNRL,EQ,18-Aug-2026,103.69,103.5,105.56,103.5,104.34,41822,43.55,1212,19553.0,46.75,2026-08-18
GOACARBON,EQ,18-Aug-2026,355.95,360.0,361.9,351.0,353.3,20971,74.48,961,9686.0,46.19,2026-08-18
GOCLCORP,EQ,18-Aug-2026,408.0,408.0,413.0,401.0,401.65,42815,172.93,2282,23966.0,55.98,2026-08-18
GOCOLORS,EQ,18-Aug-2026,344.05,344.0,349.6,340.35,346.85,178442,615.31,3194,83876.0,47.0,2026-08-18
GODAVARIB,EQ,18-Aug-2026,245.6,245.1,256.45,245.1,250.3,248159,622.31,5342,100055.0,40.32,2026-08-18
GODFRYPHLP,EQ,18-Aug-2026,2131.0,2130.0,2141.7,2102.3,2102.3,145007,3065.4,11751,54501.0,37.59,2026-08-18
GODIGIT,EQ,18-Aug-2026,254.85,254.8,256.9,254.05,255.75,58616,149.48,3864,25721.0,43.88,2026-08-18
GODREJAGRO,EQ,18-Aug-2026,597.0,599.0,599.0,585.2,588.7,196758,1164.18,9848,103379.0,52.54,2026-08-18
GODREJCP,EQ,18-Aug-2026,928.0,935.0,936.4,920.0,931.0,1452987,13507.52,29283,769983.0,52.99,2026-08-18
GODREJIND,EQ,18-Aug-2026,1223.0,1225.0,1245.1,1189.7,1229.9,197223,2401.45,14051,87302.0,44.27,2026-08-18
GODREJPROP,EQ,18-Aug-2026,2054.0,2045.1,2055.2,1990.1,1997.4,687150,13822.69,29261,201463.0,29.32,2026-08-18
GOKEX,EQ,18-Aug-2026,804.1,807.9,823.45,799.15,812.4,596734,4858.55,23640,275417.0,46.15,2026-08-18
GOKUL,EQ,18-Aug-2026,38.68,38.5,39.4,38.4,39.01,133664,51.85,367,23668.0,17.71,2026-08-18
GOKULAGRO,EQ,18-Aug-2026,231.66,229.5,240.2,229.5,236.92,319417,755.3,7178,173135.0,54.2,2026-08-18
GOLD1,EQ,18-Aug-2026,127.7,130.89,130.95,127.19,127.67,2096227,2675.99,6874,1166539.0,55.65,2026-08-18
GOLD360,EQ,18-Aug-2026,148.9,148.9,149.4,148.9,149.0,11623,17.33,394,8240.0,70.89,2026-08-18
GOLDADD,EQ,18-Aug-2026,148.65,148.65,148.92,148.23,148.59,413599,614.43,5786,346373.0,83.75,2026-08-18
GOLDAXIS,EQ,18-Aug-2026,127.41,127.41,127.66,127.11,127.38,1061987,1353.14,2665,813166.0,76.57,2026-08-18
GOLDBEES,EQ,18-Aug-2026,126.42,126.85,126.85,126.17,126.43,13766507,17403.56,54576,6387045.0,46.4,2026-08-18
GOLDBETA,EQ,18-Aug-2026,128.75,128.55,129.1,128.45,128.7,308476,397.14,1648,238489.0,77.31,2026-08-18
GOLDBND,EQ,18-Aug-2026,152.83,152.21,153.9,151.81,152.8,36440,55.66,218,26465.0,72.63,2026-08-18
GOLDCASE,EQ,18-Aug-2026,24.06,23.96,24.54,23.96,24.07,5556353,1337.53,6814,2986229.0,53.74,2026-08-18
GOLDENTOBC,BZ,18-Aug-2026,24.99,26.15,26.15,24.0,24.51,249,0.06,20,,,2026-08-18
GOLDETF,EQ,18-Aug-2026,148.56,148.84,148.91,148.37,148.68,867843,1290.22,7979,453735.0,52.28,2026-08-18
GOLDIAM,EQ,18-Aug-2026,374.4,372.0,372.0,360.05,361.75,1088172,3958.78,18003,580604.0,53.36,2026-08-18
GOLDIETF,EQ,18-Aug-2026,131.02,127.74,133.0,127.73,130.95,5613015,7355.39,23566,3694822.0,65.83,2026-08-18
GOLDKART,SM,18-Aug-2026,90.25,94.0,94.0,85.75,85.75,2500,2.25,4,2500.0,100.0,2026-08-18
GOLDSTAR,SM,18-Aug-2026,8.05,8.45,8.45,8.1,8.35,315000,26.45,26,270000.0,85.71,2026-08-18
GOLDTECH,BE,18-Aug-2026,48.04,48.5,48.7,46.67,47.12,30510,14.54,214,,,2026-08-18
GOODLUCK,EQ,18-Aug-2026,1311.1,1319.0,1346.3,1310.0,1330.0,224634,2982.38,11010,132653.0,59.05,2026-08-18
GOODYEAR,EQ,18-Aug-2026,765.35,769.75,773.6,759.7,763.5,4124,31.51,420,2570.0,62.32,2026-08-18
GOPAL,EQ,18-Aug-2026,270.75,272.0,276.5,270.75,274.15,182670,500.06,8218,74020.0,40.52,2026-08-18
GOYALALUM,EQ,18-Aug-2026,6.4,6.45,6.45,6.29,6.33,56851,3.63,334,41038.0,72.19,2026-08-18
GOYALSALT,SM,18-Aug-2026,107.0,107.0,107.0,105.0,105.85,12000,12.71,6,12000.0,100.0,2026-08-18
GPECO,ST,18-Aug-2026,378.65,377.9,379.85,366.9,371.1,16800,62.53,64,15800.0,94.05,2026-08-18
GPIL,EQ,18-Aug-2026,250.82,251.01,256.0,248.07,255.22,2695925,6834.02,47440,1168812.0,43.35,2026-08-18
GPPL,EQ,18-Aug-2026,159.57,160.2,163.64,160.0,160.48,1891002,3054.26,21974,940244.0,49.72,2026-08-18
GPTHEALTH,EQ,18-Aug-2026,153.32,153.32,154.54,151.48,153.13,76600,116.88,3685,44613.0,58.24,2026-08-18
GPTINFRA,EQ,18-Aug-2026,115.06,114.4,116.59,114.06,115.12,35571,40.88,1000,19229.0,54.06,2026-08-18
GRADIENTE,EQ,18-Aug-2026,2.77,2.84,2.86,2.78,2.8,1902436,53.52,272,634897.0,33.37,2026-08-18
GRANDOAK,EQ,18-Aug-2026,38.15,38.53,40.05,38.1,39.55,5451,2.16,108,3810.0,69.9,2026-08-18
GRANULES,EQ,18-Aug-2026,861.55,863.0,868.5,848.45,851.2,407105,3475.79,19420,237170.0,58.26,2026-08-18
GRAPHISAD,SM,18-Aug-2026,26.0,26.65,27.3,26.0,26.5,8400,2.22,7,4800.0,57.14,2026-08-18
GRAPHITE,EQ,18-Aug-2026,729.5,728.0,741.8,724.1,737.15,943780,6941.76,25302,283820.0,30.07,2026-08-18
GRASIM,EQ,18-Aug-2026,3250.5,3257.0,3297.7,3250.5,3278.7,1498859,49156.75,69326,940075.0,62.72,2026-08-18
GRAUWEIL,EQ,18-Aug-2026,67.96,67.96,68.39,66.2,66.43,110940,74.17,2605,74938.0,67.55,2026-08-18
GRAVISSHO,EQ,18-Aug-2026,28.53,28.7,30.87,28.7,28.86,63,0.02,7,59.0,93.65,2026-08-18
GRAVITA,EQ,18-Aug-2026,1821.7,1821.7,1834.4,1802.0,1814.1,138790,2521.49,17559,68595.0,49.42,2026-08-18
GREAVESCOT,EQ,18-Aug-2026,195.01,194.2,200.95,194.01,198.59,1164415,2305.75,14624,408635.0,35.09,2026-08-18
GREENCHEF,SM,18-Aug-2026,52.4,52.4,53.75,52.0,52.85,3200,1.68,4,3200.0,100.0,2026-08-18
GREENLAM,EQ,18-Aug-2026,252.8,250.95,258.4,250.8,255.65,144651,368.61,3857,83719.0,57.88,2026-08-18
GREENLEAF,ST,18-Aug-2026,126.85,129.0,129.0,120.55,120.55,3000,3.7,3,3000.0,100.0,2026-08-18
GREENPANEL,EQ,18-Aug-2026,169.59,170.52,172.06,164.9,166.15,266864,445.27,6801,164828.0,61.76,2026-08-18
GREENPLY,EQ,18-Aug-2026,286.3,285.8,288.75,281.6,287.55,176270,502.58,2185,149616.0,84.88,2026-08-18
GREENPOWER,EQ,18-Aug-2026,9.55,9.52,9.56,9.39,9.42,1444950,136.57,3561,898026.0,62.15,2026-08-18
GRINDWELL,EQ,18-Aug-2026,2163.5,2159.0,2168.8,2094.5,2101.3,24964,530.49,7238,13317.0,53.34,2026-08-18
GRINFRA,EQ,18-Aug-2026,871.6,871.6,874.35,866.55,868.8,7702,67.01,1156,4021.0,52.21,2026-08-18
GRMOVER,EQ,18-Aug-2026,88.28,88.87,90.3,87.21,87.51,1117753,990.91,9316,292699.0,26.19,2026-08-18
GROBTEA,EQ,18-Aug-2026,953.8,953.8,953.8,935.4,944.0,45,0.42,10,29.0,64.44,2026-08-18
GROWW,EQ,18-Aug-2026,198.69,198.11,198.25,190.86,193.81,57106951,110525.74,179565,28754687.0,50.35,2026-08-18
GROWWCAPM,EQ,18-Aug-2026,11.25,11.2,11.26,11.08,11.23,256075,28.62,783,91961.0,35.91,2026-08-18
GROWWCHEM,EQ,18-Aug-2026,30.74,30.58,30.84,30.4,30.56,43819,13.45,215,26558.0,60.61,2026-08-18
GROWWDEFNC,EQ,18-Aug-2026,98.82,98.82,99.99,97.94,99.59,228994,227.45,3281,136776.0,59.73,2026-08-18
GROWWEV,EQ,18-Aug-2026,34.18,34.18,34.29,33.86,33.93,953644,325.18,1825,867174.0,90.93,2026-08-18
GROWWGOLD,EQ,18-Aug-2026,14.93,14.91,14.97,14.9,14.94,1752345,261.75,3626,1003765.0,57.28,2026-08-18
GROWWHOSPI,EQ,18-Aug-2026,52.67,53.28,53.28,52.3,52.55,286510,150.47,1233,172371.0,60.16,2026-08-18
GROWWLIQID,EQ,18-Aug-2026,110.37,110.37,110.39,110.37,110.38,507022,559.66,195,377698.0,74.49,2026-08-18
GROWWLOVOL,EQ,18-Aug-2026,10.55,10.59,10.59,10.35,10.48,5709,0.6,104,3337.0,58.45,2026-08-18
GROWWMC150,EQ,18-Aug-2026,237.43,239.8,239.8,233.52,236.0,3324,7.82,59,2769.0,83.3,2026-08-18
GROWWMETAL,EQ,18-Aug-2026,12.42,12.5,12.51,12.3,12.36,192173,23.9,1015,99542.0,51.8,2026-08-18
GROWWMOM50,EQ,18-Aug-2026,11.04,11.47,11.47,10.98,11.04,44426,4.9,372,22292.0,50.18,2026-08-18
GROWWN200,EQ,18-Aug-2026,11.55,11.55,11.55,11.38,11.39,132945,15.17,261,118607.0,89.22,2026-08-18
GROWWNET,EQ,18-Aug-2026,10.65,10.84,10.84,10.5,10.56,273605,28.89,659,173399.0,63.38,2026-08-18
GROWWNIFTY,EQ,18-Aug-2026,9.82,9.94,9.94,9.71,9.84,627312,61.46,3139,399784.0,63.73,2026-08-18
GROWWNXT50,EQ,18-Aug-2026,75.27,75.27,75.27,74.65,74.84,2649,1.98,77,1107.0,41.79,2026-08-18
GROWWPOWER,EQ,18-Aug-2026,11.52,11.73,11.73,11.42,11.44,1978128,227.11,2452,952244.0,48.14,2026-08-18
GROWWPSE,EQ,18-Aug-2026,99.32,99.0,99.56,98.59,98.77,2644,2.61,43,1312.0,49.62,2026-08-18
GROWWPSUBK,EQ,18-Aug-2026,87.63,86.4,87.73,86.4,86.99,1670,1.45,54,1235.0,73.95,2026-08-18
GROWWRAIL,EQ,18-Aug-2026,29.05,29.34,29.34,28.8,28.87,534897,154.73,2113,294281.0,55.02,2026-08-18
GROWWRLTY,EQ,18-Aug-2026,10.2,10.4,10.48,9.77,10.08,459069,46.33,598,339692.0,74.0,2026-08-18
GROWWSC250,EQ,18-Aug-2026,10.59,10.59,10.62,10.54,10.57,135667,14.33,517,107622.0,79.33,2026-08-18
GROWWSLVR,EQ,18-Aug-2026,22.91,22.63,22.84,22.63,22.71,600546,136.56,1728,209165.0,34.83,2026-08-18
GRPLTD,EQ,18-Aug-2026,2049.2,2049.2,2055.8,1989.9,2001.8,1352,27.21,196,879.0,65.01,2026-08-18
GRSE,EQ,18-Aug-2026,2600.1,2600.0,2688.0,2592.9,2677.0,1265997,33755.71,70492,438964.0,34.67,2026-08-18
GRWRHITECH,EQ,18-Aug-2026,7030.0,7000.0,7138.0,6951.0,7101.0,32049,2257.99,8996,14806.0,46.2,2026-08-18
GSEC10IETF,EQ,18-Aug-2026,267.0,266.6,267.14,264.49,265.49,1076,2.85,8,1028.0,95.54,2026-08-18
GSEC10YEAR,EQ,18-Aug-2026,30.61,30.71,30.71,30.49,30.49,1875,0.57,10,1773.0,94.56,2026-08-18
GSEC5IETF,EQ,18-Aug-2026,66.33,66.66,66.86,66.15,66.15,793,0.53,23,652.0,82.22,2026-08-18
GSFC,EQ,18-Aug-2026,159.87,159.4,161.11,159.4,160.43,667193,1068.77,14350,427249.0,64.04,2026-08-18
GSLSU,EQ,18-Aug-2026,33.71,35.38,35.39,33.74,35.18,253370,88.95,949,207386.0,81.85,2026-08-18
GSMFOILS,SM,18-Aug-2026,92.85,88.25,88.25,88.25,88.25,26000,22.95,29,26000.0,100.0,2026-08-18
GSPCROP,EQ,18-Aug-2026,589.75,589.65,600.0,589.55,590.9,207126,1234.89,3167,27351.0,13.21,2026-08-18
GSS,EQ,18-Aug-2026,13.01,13.34,13.34,12.89,13.08,15957,2.08,116,13515.0,84.7,2026-08-18
GSTL,SM,18-Aug-2026,15.0,15.3,15.3,14.25,14.95,8000,1.17,8,7000.0,87.5,2026-08-18
GTECJAINX,BE,18-Aug-2026,29.98,29.98,30.5,28.55,30.5,6427,1.93,55,,,2026-08-18
GTL,EQ,18-Aug-2026,7.41,7.5,7.74,7.24,7.47,193898,14.53,610,135599.0,69.93,2026-08-18
GTLINFRA,EQ,18-Aug-2026,1.21,1.21,1.22,1.2,1.21,11833145,143.59,10907,5930746.0,50.12,2026-08-18
GTPL,EQ,18-Aug-2026,54.04,54.04,54.5,53.0,53.5,14308,7.65,549,6958.0,48.63,2026-08-18
GUFICBIO,EQ,18-Aug-2026,418.2,421.5,429.95,413.1,421.4,120133,506.18,5569,54876.0,45.68,2026-08-18
GUJALKALI,EQ,18-Aug-2026,680.45,690.0,692.95,675.1,678.55,48455,330.46,3226,21348.0,44.06,2026-08-18
GUJAPOLLO,EQ,18-Aug-2026,349.15,350.3,350.3,342.6,348.4,5057,17.51,221,3886.0,76.84,2026-08-18
GUJENERGY,EQ,18-Aug-2026,276.5,276.0,278.0,267.3,269.4,2873077,7777.2,34942,1726084.0,60.08,2026-08-18
GUJRAFFIA,EQ,18-Aug-2026,41.32,41.32,42.45,41.19,42.41,1781,0.75,50,1416.0,79.51,2026-08-18
GUJTHEM,EQ,18-Aug-2026,351.25,350.0,377.0,349.0,371.3,260880,959.04,6455,120719.0,46.27,2026-08-18
GULFOILLUB,EQ,18-Aug-2026,1174.6,1174.6,1184.3,1167.2,1173.2,48680,572.13,4362,27563.0,56.62,2026-08-18
GULFPETRO,BE,18-Aug-2026,61.57,61.27,63.0,59.27,62.81,288388,175.55,1036,,,2026-08-18
GULPOLY,EQ,18-Aug-2026,192.06,193.45,194.38,187.2,187.75,286706,545.19,5546,142672.0,49.76,2026-08-18
GURUNANAK,SM,18-Aug-2026,39.0,39.0,39.0,37.05,37.05,14400,5.5,7,14400.0,100.0,2026-08-18
GVKPIL,BE,18-Aug-2026,2.34,2.35,2.38,2.31,2.33,945506,22.22,647,,,2026-08-18
GVPIL,EQ,18-Aug-2026,731.15,724.2,724.7,696.65,705.05,531432,3756.12,14466,271877.0,51.16,2026-08-18
GVPTECH,EQ,18-Aug-2026,7.02,7.02,7.1,6.91,6.98,28330,1.99,162,22669.0,80.02,2026-08-18
GVT&D,EQ,18-Aug-2026,4290.0,4290.0,4306.0,4190.0,4195.0,512550,21651.23,50193,275073.0,53.67,2026-08-18
GYFTR,EQ,18-Aug-2026,162.22,162.23,162.61,155.21,157.94,47780,75.92,776,14237.0,29.8,2026-08-18
HAL,EQ,18-Aug-2026,5059.0,5067.4,5120.0,5039.0,5099.0,1238546,63099.34,87650,611093.0,49.34,2026-08-18
HALDER,EQ,18-Aug-2026,294.92,294.92,299.5,286.0,290.66,29702,87.59,472,7102.0,23.91,2026-08-18
HALDYNGL,BE,18-Aug-2026,126.36,126.99,127.5,124.0,125.74,54261,68.49,172,,,2026-08-18
HALEOSLABS,EQ,18-Aug-2026,1437.5,1448.1,1489.4,1448.1,1478.9,404,5.97,67,308.0,76.24,2026-08-18
HAMPTON,EQ,18-Aug-2026,7.95,7.2,8.4,7.2,8.12,26801,2.13,113,17565.0,65.54,2026-08-18
HAPPSTMNDS,EQ,18-Aug-2026,426.8,425.0,427.4,416.3,419.95,1179012,4966.71,26635,537793.0,45.61,2026-08-18
HAPPY,SM,18-Aug-2026,66.0,65.0,67.65,64.5,66.75,46000,30.54,19,38000.0,82.61,2026-08-18
HAPPYFORGE,EQ,18-Aug-2026,2198.1,2209.2,2296.7,2209.2,2260.6,175740,3976.29,22523,82023.0,46.67,2026-08-18
HARDWYN,EQ,18-Aug-2026,10.95,10.95,11.11,8.8,9.42,9633380,929.14,12319,3182099.0,33.03,2026-08-18
HARIOMPIPE,EQ,18-Aug-2026,346.45,347.0,357.0,346.05,352.95,140777,496.55,4055,50499.0,35.87,2026-08-18
HARRMALAYA,EQ,18-Aug-2026,193.47,194.99,194.99,188.05,189.03,25832,49.22,735,20147.0,77.99,2026-08-18
HARSHA,EQ,18-Aug-2026,425.6,427.95,439.9,421.75,436.4,224480,972.98,8121,130675.0,58.21,2026-08-18
HATHWAY,EQ,18-Aug-2026,10.59,10.54,10.61,10.5,10.51,825113,87.02,1678,495418.0,60.04,2026-08-18
HATSUN,EQ,18-Aug-2026,968.8,974.05,993.65,969.55,985.35,59772,588.89,9732,29731.0,49.74,2026-08-18
HAVELLS,EQ,18-Aug-2026,1299.0,1299.0,1311.8,1286.1,1299.7,1021226,13227.72,35307,697888.0,68.34,2026-08-18
HAVISHA,EQ,18-Aug-2026,1.4,1.42,1.49,1.33,1.39,148970,2.1,173,88171.0,59.19,2026-08-18
HAWKINCOOK,EQ,18-Aug-2026,8340.0,8342.5,8410.0,8116.0,8235.0,2401,197.77,465,1927.0,80.26,2026-08-18
HAZOOR,EQ,18-Aug-2026,21.49,21.49,22.0,20.5,21.34,36400,7.75,284,25380.0,69.73,2026-08-18
HBESD,EQ,18-Aug-2026,75.41,74.5,76.5,74.5,75.0,390,0.29,14,389.0,99.74,2026-08-18
HBLENGINE,EQ,18-Aug-2026,674.6,675.0,677.55,667.15,670.05,635709,4263.74,21741,333852.0,52.52,2026-08-18
HBPOR,EQ,18-Aug-2026,62.99,59.0,62.99,58.0,60.94,2387,1.45,34,1653.0,69.25,2026-08-18
HBSL,EQ,18-Aug-2026,56.9,56.9,57.2,54.6,56.13,2327,1.31,46,2302.0,98.93,2026-08-18
HCC,EQ,18-Aug-2026,20.33,20.33,20.56,19.9,20.04,11759100,2366.72,15931,5326094.0,45.29,2026-08-18
HCG,EQ,18-Aug-2026,712.35,717.0,721.9,707.0,713.65,101694,725.69,9208,61827.0,60.8,2026-08-18
HCL-INSYS,EQ,18-Aug-2026,11.24,11.66,11.66,11.26,11.32,77067,8.76,414,44851.0,58.2,2026-08-18
HCLTECH,EQ,18-Aug-2026,1325.0,1318.0,1320.0,1292.5,1298.0,3056990,39760.28,74688,1928909.0,63.1,2026-08-18
HDBFS,EQ,18-Aug-2026,683.9,683.0,701.0,674.85,698.15,513419,3547.61,15149,327107.0,63.71,2026-08-18
HDFCAMC,EQ,18-Aug-2026,2523.0,2525.9,2536.9,2491.3,2525.0,672054,16890.93,39750,440813.0,65.59,2026-08-18
HDFCBANK,EQ,18-Aug-2026,729.0,726.3,729.0,723.0,723.0,17916507,129840.34,256567,10569314.0,58.99,2026-08-18
HDFCBSE500,EQ,18-Aug-2026,38.12,38.75,38.75,37.58,37.75,643658,244.04,240,570558.0,88.64,2026-08-18
HDFCGOLD,EQ,18-Aug-2026,130.62,133.88,133.88,130.23,130.71,1936116,2530.05,6867,1252421.0,64.69,2026-08-18
HDFCGROWTH,EQ,18-Aug-2026,121.37,121.37,123.04,120.6,120.98,72788,88.05,168,54599.0,75.01,2026-08-18
HDFCLIFE,EQ,18-Aug-2026,543.0,541.95,542.9,537.55,538.25,1271552,6869.87,32893,749424.0,58.94,2026-08-18
HDFCLIQUID,EQ,18-Aug-2026,1074.03,1079.4,1079.4,1074.16,1074.18,18536,199.11,41,16799.0,90.63,2026-08-18
HDFCLOWVOL,EQ,18-Aug-2026,21.0,20.9,21.0,20.84,20.85,2537,0.53,47,2042.0,80.49,2026-08-18
HDFCMID150,EQ,18-Aug-2026,23.71,23.75,23.81,23.57,23.65,568827,134.84,1352,349747.0,61.49,2026-08-18
HDFCMOMENT,EQ,18-Aug-2026,31.47,31.53,31.56,31.26,31.42,108742,34.18,730,55134.0,50.7,2026-08-18
HDFCNEXT50,EQ,18-Aug-2026,76.35,76.35,76.4,75.71,75.83,101344,77.13,629,74828.0,73.84,2026-08-18
HDFCNIF100,EQ,18-Aug-2026,26.31,26.44,26.44,26.2,26.22,43431,11.4,217,28356.0,65.29,2026-08-18
HDFCNIFBAN,EQ,18-Aug-2026,59.54,59.51,59.51,58.97,59.23,279639,165.56,431,240412.0,85.97,2026-08-18
HDFCNIFIT,EQ,18-Aug-2026,32.99,32.99,33.26,32.31,32.34,261717,85.04,488,146202.0,55.86,2026-08-18
HDFCNIFTY,EQ,18-Aug-2026,274.89,281.76,281.76,272.9,273.21,102395,279.77,695,93685.0,91.49,2026-08-18
HDFCNIMEG,EQ,18-Aug-2026,131.79,131.18,131.18,130.14,130.47,44618,58.28,55,43552.0,97.61,2026-08-18
HDFCPSUBK,EQ,18-Aug-2026,87.93,87.0,88.51,86.98,87.17,46940,41.18,220,33494.0,71.35,2026-08-18
HDFCPVTBAN,EQ,18-Aug-2026,28.06,28.76,28.76,27.78,27.84,147629,41.1,499,79831.0,54.08,2026-08-18
HDFCQUAL,EQ,18-Aug-2026,59.72,59.7,59.7,58.97,59.2,24197,14.35,114,19557.0,80.82,2026-08-18
HDFCSENSEX,EQ,18-Aug-2026,88.25,87.55,88.24,87.55,87.77,13547,11.9,506,9875.0,72.89,2026-08-18
HDFCSILVER,EQ,18-Aug-2026,223.64,225.88,225.88,220.68,221.55,1592562,3532.37,8450,585359.0,36.76,2026-08-18
HDFCSML250,EQ,18-Aug-2026,185.2,189.83,189.83,184.5,184.78,1107563,2047.24,6865,908051.0,81.99,2026-08-18
HDFCVALUE,EQ,18-Aug-2026,126.6,126.26,126.4,125.63,126.0,7620,9.6,98,4134.0,54.25,2026-08-18
HDIL,BZ,18-Aug-2026,1.53,1.49,1.55,1.49,1.53,91493,1.4,153,,,2026-08-18
HEADSUP,EQ,18-Aug-2026,6.69,6.69,6.82,6.32,6.67,24061,1.58,190,15588.0,64.79,2026-08-18
HEALTHADD,EQ,18-Aug-2026,16.65,16.65,16.73,16.56,16.6,101615,16.88,85,98530.0,96.96,2026-08-18
HEALTHAXIS,EQ,18-Aug-2026,167.93,167.93,168.46,167.31,167.34,4609,7.73,69,2336.0,50.68,2026-08-18
HEALTHCARE,EQ,18-Aug-2026,21.55,21.55,21.67,21.53,21.58,14059,3.04,129,10682.0,75.98,2026-08-18
HEALTHIETF,EQ,18-Aug-2026,168.59,168.59,169.79,167.47,168.95,54971,92.93,1063,38872.0,70.71,2026-08-18
HEALTHX,EQ,18-Aug-2026,291.5,287.55,295.9,287.5,288.5,3922,11.36,114,2895.0,73.81,2026-08-18
HEALTHY,EQ,18-Aug-2026,16.99,17.19,17.19,16.9,16.95,193066,32.72,915,131437.0,68.08,2026-08-18
HECPROJECT,EQ,18-Aug-2026,119.89,118.05,124.74,118.05,119.3,15932,19.33,332,9410.0,59.06,2026-08-18
HEG,EQ,18-Aug-2026,698.3,697.5,749.0,696.0,739.25,5430733,39805.01,90350,1131082.0,20.83,2026-08-18
HEIDELBERG,EQ,18-Aug-2026,160.22,161.0,161.79,159.81,160.06,82281,132.16,1264,57257.0,69.59,2026-08-18
HEMIPROP,EQ,18-Aug-2026,134.27,134.0,134.5,132.0,132.33,235829,313.43,1865,126143.0,53.49,2026-08-18
HERANBA,EQ,18-Aug-2026,166.23,167.0,167.55,161.0,161.83,56731,92.27,1630,34902.0,61.52,2026-08-18
HERITGFOOD,EQ,18-Aug-2026,363.65,364.3,366.4,356.25,359.6,164947,593.76,5120,93507.0,56.69,2026-08-18
HEROMOTOCO,EQ,18-Aug-2026,5745.0,5745.0,5778.0,5694.5,5745.5,485939,27844.23,43032,302625.0,62.28,2026-08-18
HESTERBIO,EQ,18-Aug-2026,2417.6,2418.8,2496.0,2408.6,2451.2,5947,146.66,1274,2247.0,37.78,2026-08-18
HEXAGON,BE,18-Aug-2026,63.25,63.25,66.41,63.02,66.41,468436,304.56,1335,,,2026-08-18
HEXATRADEX,EQ,18-Aug-2026,157.31,157.7,160.65,157.0,158.68,2060,3.26,47,1805.0,87.62,2026-08-18
HEXT,EQ,18-Aug-2026,561.0,562.0,568.75,550.2,552.75,84816,471.14,5592,41985.0,49.5,2026-08-18
HFCL,EQ,18-Aug-2026,219.5,218.01,230.47,218.01,230.03,35739264,81593.63,104543,18922749.0,52.95,2026-08-18
HGINFRA,EQ,18-Aug-2026,514.5,514.5,517.3,505.0,507.7,71433,365.01,3704,40096.0,56.13,2026-08-18
HGM,EQ,18-Aug-2026,45.06,45.95,45.95,43.03,44.66,2458,1.09,78,1573.0,64.0,2026-08-18
HGS,EQ,18-Aug-2026,413.05,410.0,413.8,403.5,406.95,12685,51.67,817,8092.0,63.79,2026-08-18
HIGREEN,SM,18-Aug-2026,134.2,132.95,133.0,130.0,131.85,32800,43.31,38,28800.0,87.8,2026-08-18
HIKAL,EQ,18-Aug-2026,212.81,213.0,217.5,212.12,217.18,138405,297.95,3262,74058.0,53.51,2026-08-18
HILINFRA,EQ,18-Aug-2026,44.46,45.5,46.9,45.41,46.3,292136,134.94,2228,139243.0,47.66,2026-08-18
HILTON,BE,18-Aug-2026,20.14,20.14,20.42,19.98,20.26,75863,15.29,219,,,2026-08-18
HIMATSEIDE,EQ,18-Aug-2026,70.5,70.64,72.61,70.64,71.17,689377,493.93,5980,379014.0,54.98,2026-08-18
HINDADH,EQ,18-Aug-2026,335.55,372.9,402.65,361.0,385.45,246790,968.18,6139,59862.0,24.26,2026-08-18
HINDALCO,EQ,18-Aug-2026,1049.9,1048.95,1050.6,1038.0,1041.6,2525385,26330.05,65786,1542112.0,61.06,2026-08-18
HINDALUMI,EQ,18-Aug-2026,99.17,107.5,107.5,98.0,98.95,3908,3.93,114,3291.0,84.21,2026-08-18
HINDCOMPOS,EQ,18-Aug-2026,409.55,411.65,412.1,408.0,409.05,2054,8.42,165,1572.0,76.53,2026-08-18
HINDCON,EQ,18-Aug-2026,22.13,22.13,22.7,22.13,22.61,21792,4.92,138,18967.0,87.04,2026-08-18
HINDCOPPER,EQ,18-Aug-2026,572.65,568.6,576.7,555.55,566.35,15501582,87937.02,176523,3577970.0,23.08,2026-08-18
HINDOILEXP,EQ,18-Aug-2026,154.89,155.99,159.5,154.84,156.49,613233,964.52,7316,236477.0,38.56,2026-08-18
HINDPETRO,EQ,18-Aug-2026,371.0,368.9,373.75,365.95,366.0,5320731,19653.22,90232,2780083.0,52.25,2026-08-18
HINDUNILVR,EQ,18-Aug-2026,2055.0,2055.0,2060.0,2034.9,2035.0,1234596,25200.08,66985,735267.0,59.56,2026-08-18
HINDWAREAP,EQ,18-Aug-2026,197.63,197.63,200.7,196.25,199.89,84276,167.43,1575,50906.0,60.4,2026-08-18
HINDZINC,EQ,18-Aug-2026,567.5,569.1,569.1,558.0,558.0,2256802,12700.58,32306,1149927.0,50.95,2026-08-18
HIRECT,EQ,18-Aug-2026,1258.6,1250.0,1266.0,1245.1,1261.0,33411,420.39,2003,19398.0,58.06,2026-08-18
HISARMETAL,EQ,18-Aug-2026,152.44,154.9,156.0,148.0,153.4,1846,2.82,83,917.0,49.67,2026-08-18
HITECH,EQ,18-Aug-2026,78.43,78.48,78.98,77.5,77.98,359333,280.13,3307,237844.0,66.19,2026-08-18
HITECHCORP,BE,18-Aug-2026,330.15,329.95,335.0,327.1,331.0,7979,26.42,89,,,2026-08-18
HITECHGEAR,BE,18-Aug-2026,544.3,541.6,549.0,523.0,534.55,4798,25.55,190,,,2026-08-18
HLEGLAS,EQ,18-Aug-2026,314.6,306.1,314.6,303.5,306.2,459971,1406.48,13260,254318.0,55.29,2026-08-18
HLVLTD,EQ,18-Aug-2026,6.73,6.72,6.72,6.65,6.7,138213,9.26,418,106923.0,77.36,2026-08-18
HMAAGRO,EQ,18-Aug-2026,22.95,22.9,24.0,21.93,22.02,9306605,2091.56,13183,3459525.0,37.17,2026-08-18
HMT,BZ,18-Aug-2026,60.28,61.5,61.99,60.55,60.96,7385,4.53,133,,,2026-08-18
HMVL,BE,18-Aug-2026,90.97,91.5,94.8,88.01,94.49,36380,33.73,234,,,2026-08-18
HNDFDS,EQ,18-Aug-2026,608.45,615.0,640.9,608.0,635.6,265619,1665.3,17303,142719.0,53.73,2026-08-18
HNGSNGBEES,EQ,18-Aug-2026,484.53,484.53,485.5,480.0,481.22,138674,669.08,4178,86404.0,62.31,2026-08-18
HOACFOODS,ST,18-Aug-2026,810.0,810.0,815.0,810.0,810.0,3000,24.41,8,3000.0,100.0,2026-08-18
HOMEFIRST,EQ,18-Aug-2026,1179.9,1181.0,1184.2,1170.0,1177.1,280836,3303.98,6829,223431.0,79.56,2026-08-18
HONASA,EQ,18-Aug-2026,481.65,480.0,485.7,470.05,474.6,1909931,9078.94,41667,757962.0,39.69,2026-08-18
HONAUT,EQ,18-Aug-2026,36400.0,36970.0,36970.0,36105.0,36400.0,3269,1191.09,2188,1346.0,41.17,2026-08-18
HONDAPOWER,EQ,18-Aug-2026,2138.1,2145.0,2149.0,2092.2,2111.2,5719,121.15,859,3288.0,57.49,2026-08-18
HPAL,EQ,18-Aug-2026,35.64,35.79,35.79,34.51,34.67,43228,15.13,495,31512.0,72.9,2026-08-18
HPIL,EQ,18-Aug-2026,127.35,127.0,130.85,127.0,130.06,3025,3.92,47,2391.0,79.04,2026-08-18
HPL,EQ,18-Aug-2026,312.35,310.0,318.9,310.0,314.4,86613,272.8,2563,42899.0,49.53,2026-08-18
HPTL,SM,18-Aug-2026,309.75,325.0,325.2,325.0,325.2,6000,19.51,6,6000.0,100.0,2026-08-18
HRHNEXT,SM,18-Aug-2026,24.95,26.05,26.1,26.05,26.1,4500,1.17,3,3000.0,66.67,2026-08-18
HRYNSHP,EQ,18-Aug-2026,101.0,101.0,104.0,100.9,101.78,1931,1.96,37,1688.0,87.42,2026-08-18
HSBCGOLD,EQ,18-Aug-2026,133.16,133.16,133.3,132.66,133.21,2175,2.89,99,1152.0,52.97,2026-08-18
HSCL,EQ,18-Aug-2026,787.4,786.95,789.8,768.5,781.8,3303592,25713.92,36373,539490.0,16.33,2026-08-18
HTMEDIA,EQ,18-Aug-2026,25.77,26.0,27.0,25.89,26.78,124006,33.09,999,72891.0,58.78,2026-08-18
HUBTOWN,EQ,18-Aug-2026,182.91,182.91,183.59,179.57,180.52,231892,420.0,2536,133334.0,57.5,2026-08-18
HUDCO,EQ,18-Aug-2026,189.01,187.9,189.4,186.4,188.01,1134421,2124.7,20559,512481.0,45.18,2026-08-18
HUHTAMAKI,EQ,18-Aug-2026,279.1,279.9,279.9,275.1,276.0,80485,223.02,1952,45425.0,56.44,2026-08-18
HVAX,SM,18-Aug-2026,609.0,600.0,600.0,600.0,600.0,3000,18.0,15,3000.0,100.0,2026-08-18
HYBRIDETF,EQ,18-Aug-2026,10.17,10.22,10.22,10.13,10.13,15329,1.55,49,15329.0,100.0,2026-08-18
HYBRIDFIN,BE,18-Aug-2026,17.41,17.0,18.0,17.0,17.68,4400,0.75,29,,,2026-08-18
HYUNDAI,EQ,18-Aug-2026,2190.0,2179.1,2221.9,2179.0,2186.0,474077,10447.29,27319,225881.0,47.65,2026-08-18
IBLFL,SM,18-Aug-2026,61.0,58.55,58.55,58.55,58.55,2000,1.17,1,2000.0,100.0,2026-08-18
IBULLSLTD,EQ,18-Aug-2026,27.83,27.85,29.22,26.67,26.98,26107565,7421.71,27218,13043249.0,49.96,2026-08-18
ICDSLTD,EQ,18-Aug-2026,40.47,42.0,42.0,38.81,40.38,1288,0.51,34,677.0,52.56,2026-08-18
ICELCO,SM,18-Aug-2026,140.1,135.1,145.0,135.0,143.35,62400,87.57,42,40800.0,65.38,2026-08-18
ICEMAKE,EQ,18-Aug-2026,722.45,716.0,758.8,711.0,728.25,100040,733.46,6561,35628.0,35.61,2026-08-18
ICICIAMC,EQ,18-Aug-2026,3136.0,3148.9,3148.9,3088.0,3106.0,215913,6725.29,24670,150362.0,69.64,2026-08-18
ICICIB22,EQ,18-Aug-2026,115.71,116.65,116.65,115.41,115.49,285944,330.4,2631,239818.0,83.87,2026-08-18
ICICIBANK,EQ,18-Aug-2026,1415.3,1410.0,1416.6,1406.3,1412.0,8345198,117732.83,116562,4667622.0,55.93,2026-08-18
ICICIGI,EQ,18-Aug-2026,1626.3,1626.3,1637.5,1615.2,1623.8,625804,10164.23,31688,424848.0,67.89,2026-08-18
ICICIPRULI,EQ,18-Aug-2026,507.0,503.85,510.6,498.2,498.2,1584467,8007.47,17243,725496.0,45.79,2026-08-18
ICIL,EQ,18-Aug-2026,388.7,388.7,462.0,387.05,437.7,25217573,111626.3,284081,1976027.0,7.84,2026-08-18
ICRA,EQ,18-Aug-2026,5052.7,5050.0,5082.0,4954.0,4975.6,21643,1084.34,3196,15284.0,70.62,2026-08-18
IDBI,EQ,18-Aug-2026,82.18,82.0,82.54,81.0,81.11,1964380,1602.21,14575,1081561.0,55.06,2026-08-18
IDEA,EQ,18-Aug-2026,13.71,13.65,14.31,13.5,14.12,820797167,114109.47,764194,118013331.0,14.38,2026-08-18
IDEAFORGE,EQ,18-Aug-2026,795.1,780.0,834.85,780.0,834.85,858864,7114.55,19035,342424.0,39.87,2026-08-18
IDEALTECHO,SM,18-Aug-2026,186.95,189.0,189.0,189.0,189.0,500,0.95,1,500.0,100.0,2026-08-18
IDENTICAL,SM,18-Aug-2026,15.8,15.6,15.6,15.25,15.4,4000,0.62,2,4000.0,100.0,2026-08-18
IDFCFIRSTB,EQ,18-Aug-2026,85.05,85.0,85.47,84.6,84.76,8806133,7478.25,43609,5739017.0,65.17,2026-08-18
IDFNIFTYET,EQ,18-Aug-2026,271.61,272.0,273.9,266.0,267.14,1658,4.45,96,1297.0,78.23,2026-08-18
IEML,SM,18-Aug-2026,40.45,41.9,41.9,40.0,40.35,39500,16.07,58,28000.0,70.89,2026-08-18
IEX,EQ,18-Aug-2026,125.3,124.6,125.49,123.75,124.4,1978111,2461.53,25659,1110515.0,56.14,2026-08-18
IFBAGRO,EQ,18-Aug-2026,1038.15,1038.15,1052.95,1015.1,1027.45,5571,57.49,380,4223.0,75.8,2026-08-18
IFBIND,EQ,18-Aug-2026,1386.0,1389.0,1424.0,1371.2,1416.4,75848,1067.65,8302,42492.0,56.02,2026-08-18
IFCI,EQ,18-Aug-2026,78.93,78.97,81.8,78.36,81.36,49975029,40354.64,125617,12696604.0,25.41,2026-08-18
IFGLEXPOR,EQ,18-Aug-2026,218.97,219.89,229.0,215.01,222.83,25164,55.36,1175,11497.0,45.69,2026-08-18
IGARASHI,EQ,18-Aug-2026,454.9,456.0,460.8,441.3,450.4,106671,478.92,3982,46926.0,43.99,2026-08-18
IGCL,EQ,18-Aug-2026,71.38,71.6,72.79,71.31,72.09,62330,44.97,554,33902.0,54.39,2026-08-18
IGIL,EQ,18-Aug-2026,355.15,353.05,355.1,346.5,349.7,608062,2129.32,15199,295079.0,48.53,2026-08-18
IGL,EQ,18-Aug-2026,151.0,151.0,151.58,149.1,149.39,755290,1135.03,17478,420398.0,55.66,2026-08-18
IGPL,EQ,18-Aug-2026,472.8,474.8,488.4,472.8,479.95,134261,647.38,4032,90862.0,67.68,2026-08-18
IIFL,EQ,18-Aug-2026,630.05,630.0,640.4,620.0,622.35,1373767,8638.7,23520,738902.0,53.79,2026-08-18
IIFLCAPS,EQ,18-Aug-2026,334.55,334.4,336.4,333.7,335.05,157511,527.31,4051,130111.0,82.6,2026-08-18
IITL,EQ,18-Aug-2026,150.35,149.9,150.3,147.02,148.09,91829,136.91,546,8473.0,9.23,2026-08-18
IKIO,EQ,18-Aug-2026,201.74,200.25,202.71,196.36,196.99,127812,253.43,2830,68949.0,53.95,2026-08-18
IKS,EQ,18-Aug-2026,1830.2,1830.2,1875.0,1823.0,1861.6,129336,2384.34,16556,79857.0,61.74,2026-08-18
IL&FSENGG,BZ,18-Aug-2026,35.79,36.55,37.57,36.55,37.57,25615,9.6,54,,,2026-08-18
IL&FSTRANS,BZ,18-Aug-2026,2.08,2.03,2.13,2.03,2.09,17035,0.35,63,,,2026-08-18
IMAGICAA,EQ,18-Aug-2026,47.06,47.06,47.19,46.01,46.14,230513,107.28,1531,161515.0,70.07,2026-08-18
IMFA,EQ,18-Aug-2026,1398.7,1405.6,1423.0,1384.0,1418.4,78872,1110.61,9562,40778.0,51.7,2026-08-18
IMPAL,EQ,18-Aug-2026,1083.1,1083.1,1115.8,1069.4,1109.4,2623,28.84,298,2091.0,79.72,2026-08-18
IMPEXFERRO,BZ,18-Aug-2026,3.64,3.71,3.71,3.71,3.71,14487,0.54,9,,,2026-08-18
INA,EQ,18-Aug-2026,98.41,98.68,99.15,93.85,94.86,697214,667.9,6420,365694.0,52.45,2026-08-18
INCREDIBLE,EQ,18-Aug-2026,31.84,31.5,32.74,31.28,31.37,1078,0.35,21,1056.0,97.96,2026-08-18
INDBANK,EQ,18-Aug-2026,32.38,32.8,32.8,32.0,32.15,44694,14.45,238,36620.0,81.93,2026-08-18
INDGN,EQ,18-Aug-2026,561.75,556.3,569.5,556.3,567.7,161896,914.65,10251,104193.0,64.36,2026-08-18
INDHOTEL,EQ,18-Aug-2026,720.0,717.0,721.8,712.5,719.0,1151586,8261.12,16219,814307.0,70.71,2026-08-18
INDIACEM,EQ,18-Aug-2026,376.15,376.15,377.95,372.05,374.5,73424,274.67,6014,33994.0,46.3,2026-08-18
INDIAGLYCO,EQ,18-Aug-2026,1070.9,1070.9,1164.3,1070.9,1139.2,2053627,23489.48,75918,296479.0,14.44,2026-08-18
INDIAMART,EQ,18-Aug-2026,1770.0,1767.2,1785.9,1737.4,1753.1,104847,1838.6,26395,58359.0,55.66,2026-08-18
INDIANB,EQ,18-Aug-2026,881.2,874.0,887.0,874.0,875.0,467243,4111.96,16941,208057.0,44.53,2026-08-18
INDIANCARD,EQ,18-Aug-2026,216.07,216.1,220.78,210.7,219.43,3822,8.31,67,2778.0,72.68,2026-08-18
INDIANHUME,EQ,18-Aug-2026,362.55,363.6,367.7,355.7,360.15,26224,94.72,1462,14056.0,53.6,2026-08-18
INDIASHLTR,EQ,18-Aug-2026,674.75,674.0,674.0,661.2,669.05,80555,537.52,8106,48084.0,59.69,2026-08-18
INDIGO,EQ,18-Aug-2026,5275.5,5220.0,5238.0,5138.0,5220.0,554778,28921.01,56263,293704.0,52.94,2026-08-18
INDIGOPNTS,EQ,18-Aug-2026,1161.0,1161.0,1169.5,1134.3,1150.8,121042,1392.1,10005,52314.0,43.22,2026-08-18
INDIGRID,IV,18-Aug-2026,176.98,176.0,177.0,175.65,176.97,485647,858.83,9650,423123.0,87.13,2026-08-18
INDIQUBE,EQ,18-Aug-2026,178.63,179.51,190.0,178.58,187.12,118008,218.18,2490,70156.0,59.45,2026-08-18
INDNIPPON,EQ,18-Aug-2026,1138.5,1138.6,1142.9,1108.3,1120.3,15685,175.91,1928,9404.0,59.96,2026-08-18
INDOAMIN,BE,18-Aug-2026,123.79,125.0,125.89,120.0,121.11,73191,90.02,765,,,2026-08-18
INDOBORAX,EQ,18-Aug-2026,420.25,421.9,436.45,417.0,433.15,146390,629.64,6458,52999.0,36.2,2026-08-18
INDOCO,EQ,18-Aug-2026,218.74,218.74,223.48,217.41,221.16,55379,122.42,1540,19000.0,34.31,2026-08-18
INDOFARM,EQ,18-Aug-2026,144.1,144.15,148.48,141.82,143.33,100822,145.46,1840,46656.0,46.28,2026-08-18
INDOKEM,EQ,18-Aug-2026,590.55,640.0,640.0,572.0,585.5,3563,20.76,201,2624.0,73.65,2026-08-18
INDOMIM,EQ,18-Aug-2026,866.15,910.0,952.75,905.0,952.75,10246021,96602.95,143239,3555515.0,34.7,2026-08-18
INDORAMA,EQ,18-Aug-2026,54.76,54.2,59.29,54.1,56.81,1115047,641.57,7175,216901.0,19.45,2026-08-18
INDOSTAR,EQ,18-Aug-2026,247.15,247.0,257.4,246.55,251.4,150009,379.8,3385,84592.0,56.39,2026-08-18
INDOTECH,EQ,18-Aug-2026,3608.4,3634.9,3788.8,3617.0,3788.8,25073,943.89,1885,17467.0,69.66,2026-08-18
INDOTHAI,EQ,18-Aug-2026,73.23,69.57,69.57,69.57,69.57,20979,14.6,391,20979.0,100.0,2026-08-18
INDOUS,EQ,18-Aug-2026,84.75,89.99,89.99,84.8,87.0,17991,15.79,743,10755.0,59.78,2026-08-18
INDOWIND,EQ,18-Aug-2026,8.74,8.87,8.87,7.9,8.39,330267,27.67,1194,248568.0,75.26,2026-08-18
INDPRUD,EQ,18-Aug-2026,6203.0,6200.5,6250.0,6141.0,6198.0,51,3.16,15,50.0,98.04,2026-08-18
INDRAMEDCO,EQ,18-Aug-2026,369.75,370.0,370.95,364.95,368.95,135013,495.81,3813,91625.0,67.86,2026-08-18
INDSWFTLAB,EQ,18-Aug-2026,313.02,317.95,351.3,316.9,346.87,5070310,17124.83,77497,1095899.0,21.61,2026-08-18
INDTERRAIN,EQ,18-Aug-2026,31.06,32.34,32.34,30.5,30.55,17009,5.25,261,10294.0,60.52,2026-08-18
INDUSINDBK,EQ,18-Aug-2026,1010.6,1007.0,1019.5,1007.0,1015.0,539358,5469.46,20140,235949.0,43.75,2026-08-18
INDUSINVIT,IV,18-Aug-2026,133.97,134.85,134.85,132.05,133.23,319412,426.83,7488,244863.0,76.66,2026-08-18
INDUSTOWER,EQ,18-Aug-2026,380.0,378.8,379.8,371.5,372.4,4522943,16904.59,48146,2654416.0,58.69,2026-08-18
INFINIUM,SM,18-Aug-2026,239.4,247.5,247.5,241.0,243.1,3500,8.5,6,3000.0,85.71,2026-08-18
INFLUX,SM,18-Aug-2026,297.9,295.0,301.0,295.0,298.7,44400,132.3,40,38400.0,86.49,2026-08-18
INFOBEAN,EQ,18-Aug-2026,160.15,158.67,159.89,157.0,158.03,151945,240.26,2688,84951.0,55.91,2026-08-18
INFOLLION,SM,18-Aug-2026,156.25,159.9,160.1,153.05,154.75,15200,24.15,28,13600.0,89.47,2026-08-18
INFOMEDIA,EQ,18-Aug-2026,5.26,5.48,5.49,4.88,5.17,25231,1.3,65,15834.0,62.76,2026-08-18
INFRA,EQ,18-Aug-2026,12.28,12.26,12.27,12.22,12.24,25904,3.17,119,17485.0,67.5,2026-08-18
INFRABEES,EQ,18-Aug-2026,977.79,977.8,977.8,970.36,973.68,4375,42.58,316,2317.0,52.96,2026-08-18
INFRAIETF,EQ,18-Aug-2026,96.95,97.92,97.92,96.01,96.53,52752,50.95,953,31876.0,60.43,2026-08-18
INFY,EQ,18-Aug-2026,1139.9,1124.5,1131.9,1112.5,1115.0,8851110,98847.51,197181,5321015.0,60.12,2026-08-18
INGERRAND,EQ,18-Aug-2026,4477.2,4477.3,4725.0,4477.3,4691.0,47469,2206.61,8574,24134.0,50.84,2026-08-18
INM,SM,18-Aug-2026,164.05,164.05,164.05,164.05,164.05,600,0.98,1,600.0,100.0,2026-08-18
INNOMET,ST,18-Aug-2026,214.4,218.65,218.65,218.65,218.65,51000,111.51,50,49200.0,96.47,2026-08-18
INNOVACAP,EQ,18-Aug-2026,1038.45,1030.1,1059.7,1030.1,1043.0,27162,284.94,5377,13738.0,50.58,2026-08-18
INNOVANA,EQ,18-Aug-2026,307.15,306.05,315.0,290.0,305.25,29791,89.96,408,25694.0,86.25,2026-08-18
INNOVISION,EQ,18-Aug-2026,276.9,275.05,280.45,273.5,274.1,13425,37.02,648,9419.0,70.16,2026-08-18
INOXGREEN,EQ,18-Aug-2026,181.54,182.0,182.19,177.41,179.66,1588891,2844.96,7386,820350.0,51.63,2026-08-18
INOXINDIA,EQ,18-Aug-2026,1950.8,1949.9,1978.0,1920.0,1958.1,139702,2725.17,21839,69021.0,49.41,2026-08-18
INOXWIND,EQ,18-Aug-2026,78.13,78.0,78.19,74.69,74.95,18198825,13779.2,57561,6411161.0,35.23,2026-08-18
INSECTICID,EQ,18-Aug-2026,618.7,618.7,625.0,612.0,619.5,9791,60.67,775,6433.0,65.7,2026-08-18
INSPIRISYS,BE,18-Aug-2026,91.6,90.0,91.97,88.01,91.49,2317,2.09,47,,,2026-08-18
INSUREIETF,EQ,18-Aug-2026,15.52,15.48,15.59,15.4,15.51,34980,5.41,92,27970.0,79.96,2026-08-18
INTELLECT,EQ,18-Aug-2026,695.45,695.45,702.6,685.65,695.95,334407,2321.48,16485,180899.0,54.1,2026-08-18
INTENTECH,EQ,18-Aug-2026,79.81,79.0,82.0,79.0,80.34,34413,27.86,1397,16994.0,49.38,2026-08-18
INTERARCH,EQ,18-Aug-2026,1738.8,1738.8,1739.3,1715.8,1725.1,32697,564.99,2331,22062.0,67.47,2026-08-18
INTERNET,EQ,18-Aug-2026,14.35,14.28,14.3,14.2,14.22,161334,22.96,207,149743.0,92.82,2026-08-18
INTLCONV,EQ,18-Aug-2026,79.06,78.9,79.03,75.81,76.79,59790,46.23,993,38657.0,64.65,2026-08-18
INVENTURE,EQ,18-Aug-2026,0.9,0.91,0.91,0.9,0.9,475512,4.29,271,359848.0,75.68,2026-08-18
INVICTA,SM,18-Aug-2026,73.0,71.0,71.0,66.5,67.05,67200,45.46,31,56000.0,83.33,2026-08-18
INVPRECQ,BE,18-Aug-2026,1196.7,1220.0,1256.5,1166.0,1256.5,17094,212.52,436,,,2026-08-18
IOB,EQ,18-Aug-2026,33.66,33.7,33.76,33.16,33.27,2089649,697.88,9339,1184280.0,56.67,2026-08-18
IOC,EQ,18-Aug-2026,138.61,138.12,139.2,137.75,137.8,8312830,11510.5,60357,5098321.0,61.33,2026-08-18
IOLCP,EQ,18-Aug-2026,161.28,161.28,162.25,157.8,159.19,1213444,1939.51,11521,631463.0,52.04,2026-08-18
IONEXCHANG,EQ,18-Aug-2026,374.45,374.0,378.7,369.0,370.3,218689,814.33,8850,137979.0,63.09,2026-08-18
IPCALAB,EQ,18-Aug-2026,1884.6,1877.1,1919.0,1862.3,1882.1,804532,15220.41,45680,227329.0,28.26,2026-08-18
IPHL,SM,18-Aug-2026,68.7,70.1,72.5,70.0,71.9,42000,29.95,33,33600.0,80.0,2026-08-18
IPL,EQ,18-Aug-2026,141.05,140.0,141.52,138.0,138.19,129973,180.85,2452,70615.0,54.33,2026-08-18
IPRINGLTD,EQ,18-Aug-2026,134.0,138.5,153.0,138.0,143.07,2174,3.14,140,1629.0,74.93,2026-08-18
IRB,EQ,18-Aug-2026,19.17,19.16,19.17,19.02,19.03,6032637,1150.28,16358,3837994.0,63.62,2026-08-18
IRBINVIT,IV,18-Aug-2026,64.49,64.81,65.0,63.91,64.08,671668,433.33,5181,512727.0,76.34,2026-08-18
IRCON,EQ,18-Aug-2026,124.57,124.2,124.7,123.1,123.62,946997,1173.19,11906,471554.0,49.79,2026-08-18
IRCTC,EQ,18-Aug-2026,499.95,499.95,501.0,492.0,493.05,592203,2931.71,24988,377107.0,63.68,2026-08-18
IREDA,EQ,18-Aug-2026,116.85,116.85,117.11,115.27,115.27,2772666,3210.06,21528,1226398.0,44.23,2026-08-18
IRFC,EQ,18-Aug-2026,87.05,86.76,87.56,86.05,86.11,5607787,4847.01,39323,2668621.0,47.59,2026-08-18
IRIS,EQ,18-Aug-2026,246.76,250.0,257.74,240.1,250.17,70425,176.32,1258,48253.0,68.52,2026-08-18
IRISDOREME,EQ,18-Aug-2026,58.3,58.89,59.3,57.66,59.0,1095844,641.91,2620,390103.0,35.6,2026-08-18
IRMENERGY,EQ,18-Aug-2026,292.1,288.0,293.7,288.0,290.25,46575,134.97,1824,23380.0,50.2,2026-08-18
ISFT,EQ,18-Aug-2026,82.25,82.25,83.47,80.25,80.31,110158,89.45,494,8909.0,8.09,2026-08-18
ISGEC,EQ,18-Aug-2026,746.85,746.05,794.7,740.5,782.2,134385,1046.86,11624,52347.0,38.95,2026-08-18
ISHANCH,EQ,18-Aug-2026,47.33,47.9,49.56,46.55,47.04,142217,68.57,667,37328.0,26.25,2026-08-18
ISTLTD,EQ,18-Aug-2026,666.9,660.0,660.0,650.0,652.2,51,0.33,14,51.0,100.0,2026-08-18
IT,EQ,18-Aug-2026,34.26,34.95,34.95,33.6,33.69,247367,83.52,1265,135605.0,54.82,2026-08-18
ITADD,EQ,18-Aug-2026,32.77,32.77,33.0,32.01,32.23,76465,24.65,281,50072.0,65.48,2026-08-18
ITAXIS,EQ,18-Aug-2026,341.65,340.0,340.0,332.48,333.91,5403,18.06,160,2430.0,44.98,2026-08-18
ITBEES,EQ,18-Aug-2026,34.24,34.24,34.5,33.55,33.58,9883643,3331.79,25401,5715735.0,57.83,2026-08-18
ITBETA,EQ,18-Aug-2026,327.67,325.0,327.62,312.2,320.99,3536,11.32,166,2389.0,67.56,2026-08-18
ITC,EQ,18-Aug-2026,273.05,273.05,273.65,269.15,270.0,14561572,39463.39,216235,8617471.0,59.18,2026-08-18
ITCHOTELS,EQ,18-Aug-2026,166.36,166.0,166.15,164.0,164.43,817909,1350.1,14976,524682.0,64.15,2026-08-18
ITDC,EQ,18-Aug-2026,698.3,698.3,703.55,688.0,692.95,85619,593.65,5558,29389.0,34.33,2026-08-18
ITETF,EQ,18-Aug-2026,32.66,32.62,32.62,32.03,32.08,363874,117.34,990,185567.0,51.0,2026-08-18
ITI,EQ,18-Aug-2026,277.25,276.1,282.0,274.25,280.35,233923,651.93,6525,105209.0,44.98,2026-08-18
ITIETF,EQ,18-Aug-2026,34.27,34.37,34.37,33.6,33.66,556975,188.03,1760,410883.0,73.77,2026-08-18
ITL,EQ,18-Aug-2026,318.4,327.0,327.0,312.85,320.05,1147,3.68,42,1136.0,99.04,2026-08-18
ITTL,ST,18-Aug-2026,66.6,65.5,65.5,65.5,65.5,105,0.07,1,105.0,100.0,2026-08-18
IVALUE,EQ,18-Aug-2026,279.1,275.6,284.35,275.6,280.3,231932,648.81,6225,149332.0,64.39,2026-08-18
IVC,EQ,18-Aug-2026,8.32,8.42,8.42,8.15,8.21,229288,18.84,758,190297.0,82.99,2026-08-18
IVP,BE,18-Aug-2026,177.98,174.0,177.7,174.0,175.84,4686,8.24,52,,,2026-08-18
IVZINGOLD,EQ,18-Aug-2026,133.25,133.25,133.45,132.5,132.8,9093,12.09,140,5849.0,64.32,2026-08-18
IVZINNIFTY,EQ,18-Aug-2026,279.22,278.92,278.92,277.41,277.59,726,2.02,33,541.0,74.52,2026-08-18
IWARE,ST,18-Aug-2026,435.4,436.7,443.8,436.7,441.9,6000,26.44,9,5400.0,90.0,2026-08-18
IWP,EQ,18-Aug-2026,34.48,34.0,34.05,33.81,33.81,2872,0.97,26,2144.0,74.65,2026-08-18
IXIGO,EQ,18-Aug-2026,172.51,171.2,174.8,170.25,172.26,348709,600.11,10546,143180.0,41.06,2026-08-18
IZMO,EQ,18-Aug-2026,916.25,912.0,929.0,885.0,903.9,112287,1009.37,8442,66039.0,58.81,2026-08-18
J&KBANK,EQ,18-Aug-2026,147.97,148.1,151.75,147.68,150.24,2545070,3815.76,29494,1125345.0,44.22,2026-08-18
JAGRAN,EQ,18-Aug-2026,61.92,61.92,62.28,61.4,61.56,184646,114.12,2078,119367.0,64.65,2026-08-18
JAGSNPHARM,EQ,18-Aug-2026,233.53,233.53,241.3,229.15,230.89,245501,577.25,6181,96949.0,39.49,2026-08-18
JAIBALAJI,EQ,18-Aug-2026,69.96,69.5,70.79,66.47,67.82,1512483,1028.59,3650,1078746.0,71.32,2026-08-18
JAICORPLTD,EQ,18-Aug-2026,101.2,101.4,101.79,99.8,100.08,246778,248.12,2306,120433.0,48.8,2026-08-18
JAINIK,SM,18-Aug-2026,210.95,204.0,210.8,204.0,208.0,6000,12.47,5,4800.0,80.0,2026-08-18
JAINREC,EQ,18-Aug-2026,301.9,303.0,303.3,295.8,296.2,543084,1617.89,14572,230091.0,42.37,2026-08-18
JAIPURKURT,EQ,18-Aug-2026,27.43,27.43,27.89,27.05,27.69,958,0.26,38,931.0,97.18,2026-08-18
JALAN,ST,18-Aug-2026,1.7,1.75,1.75,1.75,1.75,45000,0.79,5,45000.0,100.0,2026-08-18
JAMNAAUTO,EQ,18-Aug-2026,123.33,123.0,124.3,122.0,122.58,965973,1186.11,7534,502238.0,51.99,2026-08-18
JARO,EQ,18-Aug-2026,449.1,451.2,461.7,443.0,445.5,136549,614.24,3924,34866.0,25.53,2026-08-18
JASH,EQ,18-Aug-2026,480.5,480.0,485.75,475.0,476.6,64171,307.37,2812,40855.0,63.67,2026-08-18
JAYAGROGN,EQ,18-Aug-2026,217.68,218.0,221.0,217.3,220.41,2797,6.14,117,1686.0,60.28,2026-08-18
JAYBARMARU,EQ,18-Aug-2026,127.72,129.25,132.0,127.1,130.42,265179,346.03,3234,157376.0,59.35,2026-08-18
JAYBEE,SM,18-Aug-2026,82.7,82.9,84.95,81.35,82.3,16500,13.67,27,13500.0,81.82,2026-08-18
JAYESH,SM,18-Aug-2026,144.9,144.9,148.0,133.25,136.9,109000,153.29,28,47000.0,43.12,2026-08-18
JAYKAY,EQ,18-Aug-2026,150.5,151.95,156.52,150.01,154.53,221637,341.71,4461,107077.0,48.31,2026-08-18
JAYNECOIND,EQ,18-Aug-2026,88.31,88.69,91.2,88.05,90.23,2964260,2666.01,21917,1320469.0,44.55,2026-08-18
JAYSREETEA,EQ,18-Aug-2026,88.32,88.33,89.7,87.1,87.85,43708,38.89,910,23777.0,54.4,2026-08-18
JBMA,EQ,18-Aug-2026,621.35,621.45,626.55,617.0,619.85,138248,857.48,7016,66310.0,47.96,2026-08-18
JENBURPH,EQ,18-Aug-2026,1045.1,1065.0,1073.9,1040.2,1047.3,327,3.45,45,268.0,81.96,2026-08-18
JETFREIGHT,EQ,18-Aug-2026,22.73,22.5,22.72,22.4,22.43,59999,13.49,235,43279.0,72.13,2026-08-18
JETKNIT,ST,18-Aug-2026,59.35,56.4,56.4,56.4,56.4,750,0.42,1,750.0,100.0,2026-08-18
JEYYAM,ST,18-Aug-2026,22.85,23.35,23.35,22.95,23.0,10000,2.31,4,8000.0,80.0,2026-08-18
JFLLIFE,SM,18-Aug-2026,12.55,12.6,12.75,11.95,11.95,42000,5.12,7,24000.0,57.14,2026-08-18
JGCHEM,EQ,18-Aug-2026,600.8,605.0,652.4,602.15,645.85,873029,5541.41,28342,268700.0,30.78,2026-08-18
JHS,EQ,18-Aug-2026,8.45,8.35,8.73,8.16,8.4,32343,2.73,227,26771.0,82.77,2026-08-18
JINDALPHOT,EQ,18-Aug-2026,1057.6,1057.3,1098.0,1051.1,1065.9,2874,30.87,312,1580.0,54.98,2026-08-18
JINDALPOLY,EQ,18-Aug-2026,665.65,665.0,668.05,644.05,646.65,15581,102.11,1184,7197.0,46.19,2026-08-18
JINDALSAW,EQ,18-Aug-2026,270.4,270.65,270.9,266.0,268.65,546329,1465.22,15032,241282.0,44.16,2026-08-18
JINDALSTEL,EQ,18-Aug-2026,1116.1,1119.0,1119.7,1100.0,1101.5,561974,6227.41,27596,281427.0,50.08,2026-08-18
JINDRILL,EQ,18-Aug-2026,586.2,587.1,673.55,587.1,651.15,17885822,117227.77,318792,1169518.0,6.54,2026-08-18
JINDWORLD,EQ,18-Aug-2026,35.63,35.98,36.74,35.51,36.19,3082346,1112.8,9845,446423.0,14.48,2026-08-18
JIOFIN,EQ,18-Aug-2026,249.75,248.9,248.9,245.8,245.8,9238709,22782.74,60961,4306827.0,46.62,2026-08-18
JISLDVREQS,EQ,18-Aug-2026,21.28,21.0,21.75,20.82,21.01,1341,0.28,33,1175.0,87.62,2026-08-18
JISLJALEQS,EQ,18-Aug-2026,27.73,27.66,27.82,27.41,27.53,1122421,309.14,4617,744485.0,66.33,2026-08-18
JITFINFRA,EQ,18-Aug-2026,306.2,306.0,314.95,300.0,305.05,23697,72.99,1430,14518.0,61.27,2026-08-18
JKCEMENT,EQ,18-Aug-2026,5340.0,5338.0,5399.0,5322.0,5375.5,21124,1134.05,5884,7555.0,35.77,2026-08-18
JKIL,EQ,18-Aug-2026,509.65,509.0,514.9,500.1,502.9,82171,416.83,2961,39330.0,47.86,2026-08-18
JKIPL,EQ,18-Aug-2026,97.1,98.99,99.89,94.05,97.28,167738,162.4,806,133571.0,79.63,2026-08-18
JKLAKSHMI,EQ,18-Aug-2026,557.25,557.0,561.9,553.0,556.0,130440,727.18,12917,72202.0,55.35,2026-08-18
JKPAPER,EQ,18-Aug-2026,380.75,381.4,394.9,375.0,385.45,560909,2171.4,19578,227818.0,40.62,2026-08-18
JKTYRE,EQ,18-Aug-2026,382.0,381.0,384.45,381.0,383.15,262707,1005.01,7428,136245.0,51.86,2026-08-18
JLHL,EQ,18-Aug-2026,315.15,314.0,320.55,310.15,318.2,229946,727.65,7638,145455.0,63.26,2026-08-18
JMA,EQ,18-Aug-2026,89.2,89.0,89.5,86.5,87.56,20311,17.9,345,13416.0,66.05,2026-08-18
JMFINANCIL,EQ,18-Aug-2026,127.91,127.08,128.21,124.72,125.4,1377973,1737.66,13950,748734.0,54.34,2026-08-18
JNKINDIA,EQ,18-Aug-2026,476.35,472.7,473.7,461.0,463.95,166370,773.59,4475,75277.0,45.25,2026-08-18
JNPR,EQ,18-Aug-2026,241.68,242.18,245.95,238.84,240.59,823202,1991.32,19455,306385.0,37.22,2026-08-18
JOCIL,BE,18-Aug-2026,148.5,148.5,152.0,146.35,149.96,1867,2.79,30,,,2026-08-18
JPOLYINVST,EQ,18-Aug-2026,1006.6,1012.2,1021.4,1001.1,1004.6,4365,44.2,433,2465.0,56.47,2026-08-18
JPPOWER,EQ,18-Aug-2026,17.39,17.3,17.4,17.27,17.32,17435781,3019.72,29556,7185751.0,41.21,2026-08-18
JSFB,EQ,18-Aug-2026,548.85,548.55,579.0,542.0,575.0,899345,5093.32,21293,464002.0,51.59,2026-08-18
JSL,EQ,18-Aug-2026,744.0,744.0,756.0,728.2,732.4,658364,4888.14,26017,333017.0,50.58,2026-08-18
JSLL,EQ,18-Aug-2026,517.3,510.05,518.0,505.5,507.95,426512,2179.71,14609,227194.0,53.27,2026-08-18
JSWCEMENT,EQ,18-Aug-2026,127.6,127.0,127.69,126.76,127.31,471590,600.28,8019,252261.0,53.49,2026-08-18
JSWDULUX,EQ,18-Aug-2026,3139.8,3156.4,3165.0,3088.0,3110.4,10435,325.4,3552,3324.0,31.85,2026-08-18
JSWENERGY,EQ,18-Aug-2026,555.5,554.0,556.6,547.7,548.1,1195546,6582.09,25798,595945.0,49.85,2026-08-18
JSWHL,EQ,18-Aug-2026,11798.0,11800.0,11918.0,11445.0,11489.0,2559,296.45,1092,1133.0,44.28,2026-08-18
JSWINFRA,EQ,18-Aug-2026,335.4,334.45,336.9,327.5,328.65,1863660,6178.77,44211,1206519.0,64.74,2026-08-18
JSWSTEEL,EQ,18-Aug-2026,1277.8,1275.0,1285.8,1265.0,1267.6,719017,9163.82,29042,386689.0,53.78,2026-08-18
JTEKTINDIA,EQ,18-Aug-2026,130.18,130.1,133.3,129.4,130.04,133707,175.33,1882,65385.0,48.9,2026-08-18
JTLIND,EQ,18-Aug-2026,75.33,75.5,76.03,74.52,74.8,858810,647.41,7104,442974.0,51.58,2026-08-18
JUBLCPL,EQ,18-Aug-2026,2342.4,2362.4,2397.9,2142.0,2199.1,16482,371.58,1437,11002.0,66.75,2026-08-18
JUBLFOOD,EQ,18-Aug-2026,511.5,509.85,510.6,496.4,500.55,2285057,11503.83,27526,970146.0,42.46,2026-08-18
JUBLINGREA,EQ,18-Aug-2026,732.8,733.7,737.85,722.75,726.7,135283,984.36,9217,70857.0,52.38,2026-08-18
JUBLPHARMA,EQ,18-Aug-2026,866.95,863.95,873.9,860.0,866.0,174172,1513.02,15280,101695.0,58.39,2026-08-18
JUNIORBEES,EQ,18-Aug-2026,808.27,815.0,815.0,805.01,805.9,262809,2120.29,6418,180105.0,68.53,2026-08-18
JUNIPER,EQ,18-Aug-2026,192.09,196.4,198.5,192.62,197.29,185085,363.39,4589,85969.0,46.45,2026-08-18
JUSTDIAL,EQ,18-Aug-2026,680.3,680.3,683.35,658.0,661.3,174469,1160.82,8715,84513.0,48.44,2026-08-18
JWL,EQ,18-Aug-2026,252.65,250.2,253.6,250.0,250.7,295272,741.37,7874,125758.0,42.59,2026-08-18
JYOTHYLAB,EQ,18-Aug-2026,213.93,214.25,216.9,206.54,210.68,1642025,3454.26,27838,616996.0,37.58,2026-08-18
JYOTICNC,EQ,18-Aug-2026,857.95,870.0,947.9,860.05,929.2,5438972,49118.72,149767,1422698.0,26.16,2026-08-18
JYOTIGLOBL,SM,18-Aug-2026,39.1,37.55,41.0,37.55,41.0,14000,5.45,7,12000.0,85.71,2026-08-18
JYOTIRES,EQ,18-Aug-2026,855.5,855.3,869.95,850.0,859.85,3299,28.36,421,2074.0,62.87,2026-08-18
JYOTISTRUC,EQ,18-Aug-2026,10.65,10.65,10.9,10.6,10.73,2337627,250.85,2960,1071705.0,45.85,2026-08-18
K2INFRA,ST,18-Aug-2026,50.0,50.15,50.25,49.65,49.9,7800,3.9,12,7800.0,100.0,2026-08-18
KABRAEXTRU,EQ,18-Aug-2026,520.5,522.95,522.95,504.25,512.6,124007,635.4,3974,53644.0,43.26,2026-08-18
KAJARIACER,EQ,18-Aug-2026,1251.6,1243.9,1249.3,1219.0,1225.8,120873,1487.58,8462,65132.0,53.88,2026-08-18
KAKATCEM,EQ,18-Aug-2026,109.49,109.5,113.75,109.0,112.75,3643,4.05,84,2915.0,80.02,2026-08-18
KALAMANDIR,EQ,18-Aug-2026,86.16,87.0,87.0,85.5,85.72,199617,171.71,1878,105766.0,52.98,2026-08-18
KALANA,SM,18-Aug-2026,20.0,20.8,21.0,20.8,21.0,16000,3.35,8,16000.0,100.0,2026-08-18
KALPATARU,EQ,18-Aug-2026,283.1,286.0,286.0,279.0,280.65,34751,97.84,1180,13240.0,38.1,2026-08-18
KALYANIFRG,EQ,18-Aug-2026,651.7,654.75,665.95,634.95,639.2,2604,16.78,274,1571.0,60.33,2026-08-18
KALYANKJIL,EQ,18-Aug-2026,610.0,610.0,612.4,601.2,601.6,6089064,36862.43,69026,2001302.0,32.87,2026-08-18
KAMAHOLD,EQ,18-Aug-2026,2456.4,2462.6,2474.8,2440.0,2448.5,5044,123.67,443,3930.0,77.91,2026-08-18
KAMANWALA,EQ,18-Aug-2026,13.55,16.25,16.26,16.25,16.26,4545,0.74,32,3472.0,76.39,2026-08-18
KAMATHOTEL,EQ,18-Aug-2026,194.64,195.78,195.78,191.22,194.1,32808,63.47,996,21272.0,64.84,2026-08-18
KAMDHENU,BE,18-Aug-2026,33.85,33.51,33.9,32.99,33.37,218408,72.72,739,,,2026-08-18
KAMOPAINTS,EQ,18-Aug-2026,4.43,4.57,4.57,4.3,4.38,308547,13.57,735,208282.0,67.5,2026-08-18
KANANIIND,EQ,18-Aug-2026,1.5,1.51,1.52,1.35,1.49,347845,5.02,353,135471.0,38.95,2026-08-18
KANCHI,EQ,18-Aug-2026,377.65,372.0,376.0,364.0,374.0,3174,11.79,40,2935.0,92.47,2026-08-18
KANCOTEA,EQ,18-Aug-2026,49.65,49.6,55.0,46.2,48.48,2063,1.05,63,1434.0,69.51,2026-08-18
KANDARP,SM,18-Aug-2026,97.1,99.0,101.0,98.2,100.0,108000,107.17,60,58000.0,53.7,2026-08-18
KANORICHEM,BE,18-Aug-2026,151.3,151.0,153.45,145.65,149.51,22922,33.96,140,,,2026-08-18
KANPRPLA,EQ,18-Aug-2026,262.85,263.0,266.39,240.5,244.25,54440,135.68,1574,22628.0,41.57,2026-08-18
KANSAINER,EQ,18-Aug-2026,205.8,205.8,207.63,200.11,201.05,177961,359.74,5378,106872.0,60.05,2026-08-18
KAPSTON,EQ,18-Aug-2026,522.7,528.0,549.85,525.0,528.4,93251,495.68,3590,45569.0,48.87,2026-08-18
KARMAENG,EQ,18-Aug-2026,40.52,39.61,40.6,39.0,39.31,1117,0.44,32,1053.0,94.27,2026-08-18
KARNIKA,SM,18-Aug-2026,113.55,113.55,115.0,112.0,114.85,29000,32.81,11,28000.0,96.55,2026-08-18
KARURVYSYA,EQ,18-Aug-2026,334.0,333.5,336.15,330.95,333.9,1036685,3455.14,33052,615739.0,59.39,2026-08-18
KATARIA,SM,18-Aug-2026,95.85,97.0,106.0,97.0,102.9,25200,25.62,39,21000.0,83.33,2026-08-18
KAUSHALYA,BE,18-Aug-2026,884.4,889.95,912.0,881.0,895.45,50,0.45,18,,,2026-08-18
KAVDEFENCE,EQ,18-Aug-2026,56.61,55.6,60.0,54.89,57.53,227616,129.97,3112,96040.0,42.19,2026-08-18
KAYA,EQ,18-Aug-2026,336.65,333.0,345.8,326.25,338.75,52088,173.79,2385,22911.0,43.99,2026-08-18
KAYNES,EQ,18-Aug-2026,3651.0,3664.8,3714.2,3640.0,3644.1,514083,18873.62,37736,129504.0,25.19,2026-08-18
KAYTEX,SM,18-Aug-2026,56.3,58.0,58.0,51.2,54.3,24000,12.97,30,21600.0,90.0,2026-08-18
KCEIL,SM,18-Aug-2026,76.8,79.95,79.95,76.2,77.65,36500,28.36,44,29000.0,79.45,2026-08-18
KCK,ST,18-Aug-2026,14.9,15.5,15.5,15.0,15.0,82500,12.4,8,82500.0,100.0,2026-08-18
KCP,EQ,18-Aug-2026,155.28,156.2,157.16,150.0,151.22,238462,362.12,4481,149413.0,62.66,2026-08-18
KCPSUGIND,BE,18-Aug-2026,31.12,31.47,32.0,30.5,31.44,223001,69.66,400,,,2026-08-18
KDDL,EQ,18-Aug-2026,4084.6,4081.9,4128.5,4010.1,4093.5,26917,1103.71,7164,10300.0,38.27,2026-08-18
KDL,SM,18-Aug-2026,91.8,89.2,92.55,84.95,87.55,28050,24.48,128,20100.0,71.66,2026-08-18
KEC,EQ,18-Aug-2026,436.35,436.35,438.0,427.0,428.6,1404817,6031.15,30436,815040.0,58.02,2026-08-18
KECL,EQ,18-Aug-2026,137.5,137.5,139.82,133.35,135.36,163373,222.13,2823,86443.0,52.91,2026-08-18
KEEPLEARN,EQ,18-Aug-2026,1.92,1.86,2.07,1.86,2.01,192433,3.86,244,159327.0,82.8,2026-08-18
KEI,EQ,18-Aug-2026,5873.0,5881.7,5899.0,5722.7,5790.0,311725,18083.87,26590,139434.0,44.73,2026-08-18
KELLTONTEC,EQ,18-Aug-2026,13.54,13.54,13.89,13.45,13.68,1591673,217.25,3875,529027.0,33.24,2026-08-18
KEN,SM,18-Aug-2026,42.0,42.3,42.3,42.0,42.0,4800,2.02,4,4800.0,100.0,2026-08-18
KENNAMET,EQ,18-Aug-2026,3551.7,3550.0,3569.0,3480.0,3502.2,14828,523.21,3087,9511.0,64.14,2026-08-18
KERNEX,EQ,18-Aug-2026,1751.7,1820.0,1920.0,1756.1,1901.8,1425187,26332.22,86725,328406.0,23.04,2026-08-18
KESORAMIND,BE,18-Aug-2026,11.72,11.95,11.95,11.95,11.95,190942,22.82,186,,,2026-08-18
KEYFINSERV,EQ,18-Aug-2026,257.95,257.9,261.0,254.95,257.45,1145,2.95,43,795.0,69.43,2026-08-18
KFINTECH,EQ,18-Aug-2026,973.0,976.55,979.0,946.0,957.6,1298792,12405.61,30243,474896.0,36.56,2026-08-18
KHADIM,BE,18-Aug-2026,97.07,97.4,98.4,96.0,96.32,43442,42.15,203,,,2026-08-18
KHAICHEM,EQ,18-Aug-2026,59.75,60.34,63.3,56.11,56.72,1453854,870.92,10146,652816.0,44.9,2026-08-18
KHAITANLTD,EQ,18-Aug-2026,147.04,147.04,149.38,141.01,148.19,5052,7.42,90,3212.0,63.58,2026-08-18
KHANDSE,EQ,18-Aug-2026,17.25,17.47,17.47,17.47,17.47,1,0.0,1,1.0,100.0,2026-08-18
KHFM,SM,18-Aug-2026,48.6,45.25,47.9,45.0,45.9,10850,4.98,6,9300.0,85.71,2026-08-18
KICL,EQ,18-Aug-2026,5292.5,5252.5,5369.5,5252.5,5309.5,446,23.66,182,316.0,70.85,2026-08-18
KILITCH,BE,18-Aug-2026,172.58,169.0,172.4,163.96,163.96,96347,159.94,529,,,2026-08-18
KIMS,EQ,18-Aug-2026,800.4,800.0,808.9,800.0,805.5,217609,1746.67,13301,120564.0,55.4,2026-08-18
KINGFA,EQ,18-Aug-2026,6087.5,6087.5,6087.5,5905.5,5974.5,21586,1288.36,5966,12322.0,57.08,2026-08-18
KIOCL,EQ,18-Aug-2026,388.15,387.3,391.85,382.1,384.0,63816,245.86,3376,24627.0,38.59,2026-08-18
KIRANVYPAR,EQ,18-Aug-2026,201.75,200.0,200.0,196.25,196.31,303,0.6,14,250.0,82.51,2026-08-18
KIRIINDUS,EQ,18-Aug-2026,410.45,413.5,413.5,403.8,408.95,191225,780.38,4192,89170.0,46.63,2026-08-18
KIRLFER,EQ,18-Aug-2026,433.2,434.0,437.7,429.0,435.85,50317,218.05,3425,30919.0,61.45,2026-08-18
KIRLOSBROS,EQ,18-Aug-2026,1942.9,1942.9,1951.0,1900.7,1910.0,34824,668.35,5680,15295.0,43.92,2026-08-18
KIRLOSENG,EQ,18-Aug-2026,2101.6,2101.5,2130.0,2076.5,2125.7,200593,4233.79,22093,114523.0,57.09,2026-08-18
KIRLOSIND,EQ,18-Aug-2026,3842.9,3842.9,3844.8,3740.0,3753.3,4203,158.73,652,3024.0,71.95,2026-08-18
KIRLPNU,EQ,18-Aug-2026,1534.3,768.8,776.9,745.7,760.2,186912,1418.76,12008,98368.0,52.63,2026-08-18
KISSHT,EQ,18-Aug-2026,304.6,301.05,306.95,299.9,302.55,452909,1369.68,8174,197031.0,43.5,2026-08-18
KITEX,EQ,18-Aug-2026,128.81,128.51,134.07,128.1,128.98,700612,917.38,8302,282416.0,40.31,2026-08-18
KJMCFIN,EQ,18-Aug-2026,58.85,62.85,62.85,56.21,61.99,3500,2.17,30,3499.0,99.97,2026-08-18
KKCL,EQ,18-Aug-2026,521.0,523.65,525.0,513.2,515.05,50339,261.24,2141,20094.0,39.92,2026-08-18
KLBRENG-B,EQ,18-Aug-2026,346.9,346.0,374.4,346.0,362.75,383012,1392.73,9410,210321.0,54.91,2026-08-18
KLL,SM,18-Aug-2026,22.5,23.2,23.25,22.3,22.4,6400,1.45,7,4000.0,62.5,2026-08-18
KMCSHIL,EQ,18-Aug-2026,143.13,143.49,146.0,141.0,141.97,217294,310.79,2659,117220.0,53.95,2026-08-18
KMEW,EQ,18-Aug-2026,2756.5,2740.0,2745.0,2632.0,2706.2,163110,4367.31,21603,73929.0,45.32,2026-08-18
KMSUGAR,EQ,18-Aug-2026,29.79,30.19,32.2,30.0,31.38,973691,304.61,4750,602130.0,61.84,2026-08-18
KNACK,EQ,18-Aug-2026,207.56,207.0,208.74,203.05,204.19,535863,1100.74,7016,274570.0,51.24,2026-08-18
KNAGRI,EQ,18-Aug-2026,216.19,217.5,228.0,208.79,212.8,58047,124.14,711,46342.0,79.84,2026-08-18
KNRCON,EQ,18-Aug-2026,134.6,134.0,135.22,129.8,130.36,691247,909.73,11188,348678.0,50.44,2026-08-18
KODYTECH,ST,18-Aug-2026,1396.65,1389.7,1424.0,1382.0,1413.85,16500,232.4,77,16200.0,98.18,2026-08-18
KOHINOOR,EQ,18-Aug-2026,27.78,27.8,28.47,26.3,27.42,135394,36.96,2227,64308.0,47.5,2026-08-18
KOKUYOCMLN,EQ,18-Aug-2026,84.73,84.89,85.0,83.62,84.77,18755,15.87,423,11046.0,58.9,2026-08-18
KOLTEPATIL,EQ,18-Aug-2026,471.65,471.65,478.8,466.25,473.95,89987,425.09,3651,39030.0,43.37,2026-08-18
KONSTELEC,ST,18-Aug-2026,61.25,58.3,62.0,58.3,62.0,77000,47.39,42,75000.0,97.4,2026-08-18
KONTOR,SM,18-Aug-2026,62.0,60.0,60.0,60.0,60.0,600,0.36,1,600.0,100.0,2026-08-18
KOPRAN,BE,18-Aug-2026,199.71,201.69,208.5,199.51,201.51,220320,447.29,1768,,,2026-08-18
KORE,SM,18-Aug-2026,151.4,130.05,164.95,130.0,160.0,2250,3.39,7,1000.0,44.44,2026-08-18
KOTAKBANK,EQ,18-Aug-2026,392.7,391.0,392.9,387.65,387.65,5653147,22070.52,58035,3298856.0,58.35,2026-08-18
KOTARISUG,EQ,18-Aug-2026,26.29,26.4,27.3,26.4,26.89,181199,48.87,845,107903.0,59.55,2026-08-18
KOTHARIPET,EQ,18-Aug-2026,133.91,133.5,137.53,133.5,134.99,73090,99.0,1415,37928.0,51.89,2026-08-18
KOTHARIPRO,EQ,18-Aug-2026,68.58,68.58,69.43,67.5,67.95,6465,4.39,266,5583.0,86.36,2026-08-18
KOTIC,EQ,18-Aug-2026,143.36,145.95,156.36,143.35,145.08,11873,17.5,455,6982.0,58.81,2026-08-18
KOTYARK,BE,18-Aug-2026,38.27,36.36,36.36,36.36,36.36,27777,10.1,263,,,2026-08-18
KOVAI,EQ,18-Aug-2026,6122.0,6181.5,6181.5,5990.0,6013.0,3161,191.17,774,1993.0,63.05,2026-08-18
KPEL,EQ,18-Aug-2026,243.75,243.7,264.95,240.0,262.3,859476,2191.75,17783,292928.0,34.08,2026-08-18
KPIGREEN,EQ,18-Aug-2026,303.1,302.5,316.3,302.45,308.9,2232623,6878.78,45336,724902.0,32.47,2026-08-18
KPIL,EQ,18-Aug-2026,1404.2,1404.0,1413.4,1392.1,1403.5,132037,1848.36,10413,62263.0,47.16,2026-08-18
KPITTECH,EQ,18-Aug-2026,609.0,609.0,609.05,596.0,596.65,1619307,9727.13,30901,473704.0,29.25,2026-08-18
KPL,EQ,18-Aug-2026,3598.1,3648.0,3654.8,3499.8,3532.6,35819,1271.66,4956,17251.0,48.16,2026-08-18
KPRMILL,EQ,18-Aug-2026,1135.6,1135.6,1140.0,1118.3,1123.5,110490,1248.14,11176,47497.0,42.99,2026-08-18
KRBL,EQ,18-Aug-2026,395.7,394.65,403.8,390.5,393.6,715530,2845.86,22388,301645.0,42.16,2026-08-18
KREBSBIO,EQ,18-Aug-2026,54.66,56.77,56.78,55.08,55.79,5203,2.91,27,5070.0,97.44,2026-08-18
KRIDHANINF,BE,18-Aug-2026,2.19,2.19,2.27,2.15,2.19,58497,1.27,55,,,2026-08-18
KRISHANA,EQ,18-Aug-2026,187.27,188.0,190.98,184.1,190.04,695996,1311.26,10287,315433.0,45.32,2026-08-18
KRISHCA,SM,18-Aug-2026,166.25,166.0,167.9,165.0,167.4,8000,13.35,11,5000.0,62.5,2026-08-18
KRISHIVAL,EQ,18-Aug-2026,408.3,403.0,403.0,350.6,355.75,170859,629.64,5074,116973.0,68.46,2026-08-18
KRISHNADEF,EQ,18-Aug-2026,1062.5,1067.9,1129.0,1067.9,1125.0,137042,1512.7,12015,66164.0,48.28,2026-08-18
KRITI,EQ,18-Aug-2026,66.73,66.73,68.94,65.2,65.81,7131,4.7,94,5737.0,80.45,2026-08-18
KRITIKA,EQ,18-Aug-2026,5.54,5.54,5.6,5.5,5.52,56033,3.1,316,44550.0,79.51,2026-08-18
KRITINUT,EQ,18-Aug-2026,85.15,86.99,87.5,84.51,85.79,4162,3.57,111,2730.0,65.59,2026-08-18
KRMAYURVED,SM,18-Aug-2026,272.85,274.85,285.0,274.85,281.7,84000,235.55,71,44000.0,52.38,2026-08-18
KRN,EQ,18-Aug-2026,1539.7,1517.7,1560.0,1475.0,1522.1,425448,6427.06,27219,176416.0,41.47,2026-08-18
KRONOX,EQ,18-Aug-2026,151.52,150.1,154.55,144.41,151.7,225530,335.51,3932,113401.0,50.28,2026-08-18
KROSS,EQ,18-Aug-2026,205.2,203.5,208.01,201.35,202.5,329794,674.72,6545,149483.0,45.33,2026-08-18
KRSNAA,EQ,18-Aug-2026,558.45,560.0,563.0,537.1,540.2,85637,468.71,5205,49130.0,57.37,2026-08-18
KRT,RR,18-Aug-2026,115.48,115.8,116.0,112.0,115.27,817372,940.03,8289,656279.0,80.29,2026-08-18
KRYSTAL,EQ,18-Aug-2026,620.4,620.2,623.7,620.0,620.0,5861,36.37,261,3275.0,55.88,2026-08-18
KSB,EQ,18-Aug-2026,795.25,797.05,801.45,789.65,794.5,38365,304.79,4636,19315.0,50.35,2026-08-18
KSCL,EQ,18-Aug-2026,772.3,758.7,779.0,755.8,772.75,251401,1934.17,15971,133414.0,53.07,2026-08-18
KSE,EQ,18-Aug-2026,194.47,197.9,199.99,196.0,198.82,25704,50.98,572,19043.0,74.09,2026-08-18
KSHINTL,EQ,18-Aug-2026,1022.35,1024.3,1030.4,985.25,999.45,225378,2250.37,15549,105735.0,46.91,2026-08-18
KSHITIJPOL,EQ,18-Aug-2026,3.03,3.04,3.09,2.88,2.91,2109693,61.56,1578,1387869.0,65.79,2026-08-18
KSL,EQ,18-Aug-2026,829.8,829.8,842.95,818.85,821.35,25115,207.69,1657,15617.0,62.18,2026-08-18
KSOLVES,EQ,18-Aug-2026,274.1,271.0,273.8,268.0,270.35,26890,72.8,1337,17679.0,65.75,2026-08-18
KSR,EQ,18-Aug-2026,29.3,29.16,29.8,28.36,28.47,2070,0.6,53,2051.0,99.08,2026-08-18
KTKBANK,EQ,18-Aug-2026,306.5,304.2,313.2,304.2,310.75,2278077,7067.85,55008,1412715.0,62.01,2026-08-18
KUANTUM,EQ,18-Aug-2026,80.33,80.74,81.28,79.2,79.79,153618,122.93,1490,87732.0,57.11,2026-08-18
KUSUMGAR,EQ,18-Aug-2026,592.25,590.0,601.0,589.0,595.0,231690,1382.75,8059,86298.0,37.25,2026-08-18
KWIL,EQ,18-Aug-2026,38.79,38.93,39.35,37.83,38.1,21856056,8451.51,47363,8342774.0,38.17,2026-08-18
LADDERUP,EQ,18-Aug-2026,49.11,50.9,50.9,50.33,50.33,43,0.02,4,42.0,97.67,2026-08-18
LAGNAM,EQ,18-Aug-2026,77.94,77.6,79.95,77.4,77.81,40464,31.77,385,20957.0,51.79,2026-08-18
LAHOTIOV,EQ,18-Aug-2026,42.98,42.98,43.5,42.11,42.28,885,0.38,15,748.0,84.52,2026-08-18
LAKPRE,BZ,18-Aug-2026,4.56,4.56,4.56,4.56,4.56,25,0.0,1,,,2026-08-18
LAKSHMIMIL,EQ,18-Aug-2026,8067.0,8505.0,8505.0,7900.0,8001.5,69,5.66,34,46.0,66.67,2026-08-18
LAKSHYA,SM,18-Aug-2026,81.5,83.85,84.65,82.4,84.3,4000,3.36,5,4000.0,100.0,2026-08-18
LAL,EQ,18-Aug-2026,8.72,8.72,8.76,8.6,8.63,7127,0.62,69,6891.0,96.69,2026-08-18
LALPATHLAB,EQ,18-Aug-2026,1877.3,1885.0,1912.0,1874.0,1901.4,211640,4013.76,23604,114212.0,53.97,2026-08-18
LAMBODHARA,EQ,18-Aug-2026,110.1,113.64,113.64,110.35,110.59,4907,5.46,168,4005.0,81.62,2026-08-18
LAMOSAIC,ST,18-Aug-2026,55.8,54.25,56.95,54.0,56.95,49200,27.52,38,46200.0,93.9,2026-08-18
LANCER,EQ,18-Aug-2026,11.07,11.12,11.24,10.58,10.92,148016,16.21,404,112017.0,75.68,2026-08-18
LANCORHOL,EQ,18-Aug-2026,29.29,30.25,30.25,27.8,28.18,134243,38.66,1925,84565.0,62.99,2026-08-18
LANDMARK,EQ,18-Aug-2026,511.0,513.4,519.65,504.25,513.3,118817,607.22,4562,49024.0,41.26,2026-08-18
LANDSMILL,EQ,18-Aug-2026,0.75,0.75,0.78,0.75,0.76,2802194,21.42,843,1502149.0,53.61,2026-08-18
LAOPALA,EQ,18-Aug-2026,191.22,191.0,192.42,188.6,189.31,213293,404.68,4486,111109.0,52.09,2026-08-18
LASA,EQ,18-Aug-2026,7.14,7.14,7.44,6.75,7.19,25232,1.79,216,20494.0,81.22,2026-08-18
LASERPOWER,EQ,18-Aug-2026,324.35,321.5,331.5,320.4,327.6,2181158,7126.06,25983,745498.0,34.18,2026-08-18
LATENTVIEW,EQ,18-Aug-2026,285.5,287.2,289.95,280.4,281.6,510178,1445.51,11277,263485.0,51.65,2026-08-18
LATTEYS,EQ,18-Aug-2026,23.29,23.29,23.85,22.34,23.03,169405,39.0,785,116111.0,68.54,2026-08-18
LAURUSLABS,EQ,18-Aug-2026,1809.7,1810.0,1824.6,1802.1,1814.0,1291914,23483.31,35171,839918.0,65.01,2026-08-18
LAXMICOT,EQ,18-Aug-2026,13.41,13.41,13.69,13.22,13.46,5759,0.77,64,5188.0,90.09,2026-08-18
LAXMIDENTL,EQ,18-Aug-2026,200.64,200.0,202.39,197.38,198.39,144665,288.55,3264,79018.0,54.62,2026-08-18
LAXMIINDIA,EQ,18-Aug-2026,136.56,135.85,135.9,130.02,131.38,155482,204.71,1519,96423.0,62.02,2026-08-18
LCCINFOTEC,EQ,18-Aug-2026,3.82,3.81,3.99,3.44,3.84,115295,4.22,196,79770.0,69.19,2026-08-18
LCL,EQ,18-Aug-2026,546.2,546.2,577.7,543.45,573.0,1385067,7816.28,44743,623968.0,45.05,2026-08-18
LEAPIND,EQ,18-Aug-2026,155.49,160.0,164.7,158.3,160.3,29119032,47062.65,199474,10992987.0,37.75,2026-08-18
LEENEE,EQ,18-Aug-2026,7.06,7.06,7.97,6.81,7.58,18361,1.4,146,10874.0,59.22,2026-08-18
LEMERITE,EQ,18-Aug-2026,23.25,23.49,23.49,22.5,23.01,355691,81.43,916,140940.0,39.62,2026-08-18
LEMONTREE,EQ,18-Aug-2026,109.55,109.2,110.13,107.88,109.02,3034796,3302.37,38055,1707158.0,56.25,2026-08-18
LENSKART,EQ,18-Aug-2026,607.6,609.85,640.0,606.85,628.4,10855580,67855.49,171490,5424598.0,49.97,2026-08-18
LEXUS,EQ,18-Aug-2026,13.58,13.91,14.79,13.07,13.55,12787,1.72,120,8269.0,64.67,2026-08-18
LFIC,EQ,18-Aug-2026,140.7,138.21,145.0,138.21,140.88,470,0.66,38,385.0,81.91,2026-08-18
LGBBROSLTD,EQ,18-Aug-2026,1602.8,1602.0,1623.9,1600.0,1603.1,14844,238.56,2149,8574.0,57.76,2026-08-18
LGEINDIA,EQ,18-Aug-2026,1667.6,1651.0,1675.0,1640.1,1649.4,812372,13478.75,38140,469211.0,57.76,2026-08-18
LGHL,EQ,18-Aug-2026,177.62,177.62,184.78,175.93,180.84,4502,8.08,281,3035.0,67.41,2026-08-18
LIBAS,EQ,18-Aug-2026,9.52,9.95,9.95,9.36,9.77,43087,4.15,104,22462.0,52.13,2026-08-18
LIBERTSHOE,EQ,18-Aug-2026,248.05,248.95,248.95,242.6,245.15,29617,72.54,628,21666.0,73.15,2026-08-18
LICHSGFIN,EQ,18-Aug-2026,498.25,500.0,501.8,495.9,498.8,1854138,9249.12,30771,1013199.0,54.65,2026-08-18
LICI,EQ,18-Aug-2026,410.0,410.1,413.95,407.0,410.0,5374472,22068.78,46706,2668190.0,49.65,2026-08-18
LICMFGOLD,EQ,18-Aug-2026,137.5,139.25,139.25,137.15,137.35,46672,64.25,414,24465.0,52.42,2026-08-18
LICNETFGSC,EQ,18-Aug-2026,29.51,29.47,29.6,29.4,29.51,17390,5.14,74,16415.0,94.39,2026-08-18
LICNETFN50,EQ,18-Aug-2026,273.74,272.38,272.74,271.06,271.06,176,0.48,24,159.0,90.34,2026-08-18
LICNETFSEN,EQ,18-Aug-2026,880.61,883.95,883.95,872.12,879.2,35,0.31,4,20.0,57.14,2026-08-18
LICNFNHGP,EQ,18-Aug-2026,281.16,283.97,283.97,277.76,277.86,36,0.1,14,25.0,69.44,2026-08-18
LICNMID100,EQ,18-Aug-2026,64.17,63.81,64.48,63.53,63.9,2032,1.3,67,1670.0,82.19,2026-08-18
LIKHITHA,EQ,18-Aug-2026,206.67,207.7,216.9,207.2,208.57,48039,101.63,1159,25961.0,54.04,2026-08-18
LINC,EQ,18-Aug-2026,97.28,99.0,99.0,94.63,95.45,32789,31.42,778,23152.0,70.61,2026-08-18
LINCOLN,EQ,18-Aug-2026,623.35,623.35,627.2,612.35,619.1,28701,177.92,1631,18276.0,63.68,2026-08-18
LINDEINDIA,EQ,18-Aug-2026,6732.0,6720.0,6870.5,6701.5,6725.5,33874,2302.2,6906,18042.0,53.26,2026-08-18
LIQGRWBEES,EQ,18-Aug-2026,1051.95,1052.07,1052.09,1052.07,1052.07,68851,724.37,184,48770.0,70.83,2026-08-18
LIQUID,EQ,18-Aug-2026,999.99,999.99,1000.0,999.99,999.99,67728,677.28,133,48380.0,71.43,2026-08-18
LIQUID1,EQ,18-Aug-2026,1118.52,1119.65,1119.65,1118.66,1118.66,1362113,15237.55,520,754582.0,55.4,2026-08-18
LIQUIDADD,EQ,18-Aug-2026,1140.64,1140.78,1140.79,1140.77,1140.77,365999,4175.25,491,210637.0,57.55,2026-08-18
LIQUIDBEES,EQ,18-Aug-2026,999.99,999.99,1000.01,999.99,1000.0,2862680,28626.88,4076,2193910.0,76.64,2026-08-18
LIQUIDBETA,EQ,18-Aug-2026,1004.49,1004.65,1004.65,1004.63,1004.63,118,1.19,3,50.0,42.37,2026-08-18
LIQUIDBETF,EQ,18-Aug-2026,1094.92,1095.04,1095.06,1095.04,1095.05,142007,1555.05,182,114612.0,80.71,2026-08-18
LIQUIDCASE,EQ,18-Aug-2026,115.49,115.51,115.53,115.51,115.51,13077255,15106.38,10123,10668975.0,81.58,2026-08-18
LIQUIDETF,EQ,18-Aug-2026,1000.0,1000.0,1000.01,999.99,1000.0,249333,2493.33,236,172341.0,69.12,2026-08-18
LIQUIDIETF,EQ,18-Aug-2026,999.99,1000.0,1000.01,999.99,999.99,409155,4091.55,238,244175.0,59.68,2026-08-18
LIQUIDPLUS,EQ,18-Aug-2026,1099.21,1099.35,1099.37,1099.35,1099.36,271338,2982.99,261,183931.0,67.79,2026-08-18
LIQUIDSBI,EQ,18-Aug-2026,999.99,1000.0,1000.01,999.99,1000.01,1495,14.95,18,1269.0,84.88,2026-08-18
LIQUIDSHRI,EQ,18-Aug-2026,1117.64,1117.76,1117.78,1117.76,1117.76,20480,228.92,14,19171.0,93.61,2026-08-18
LKPSEC,EQ,18-Aug-2026,16.44,16.44,17.7,16.44,16.76,26512,4.49,654,23091.0,87.1,2026-08-18
LLOYDS,SM,18-Aug-2026,62.9,61.5,61.5,61.5,61.5,1000,0.62,1,1000.0,100.0,2026-08-18
LLOYDSENGG,EQ,18-Aug-2026,91.21,91.77,94.5,91.6,93.66,10766214,10035.7,41382,3780128.0,35.11,2026-08-18
LLOYDSENT,EQ,18-Aug-2026,75.65,75.6,80.9,75.6,79.03,6839394,5418.19,29576,2265803.0,33.13,2026-08-18
LLOYDSME,EQ,18-Aug-2026,1942.0,1938.2,1943.9,1909.0,1938.6,347859,6713.18,13085,213109.0,61.26,2026-08-18
LMW,EQ,18-Aug-2026,20047.0,19976.0,20130.0,19689.0,19748.0,6432,1281.4,2622,3347.0,52.04,2026-08-18
LODHA,EQ,18-Aug-2026,1254.0,1254.0,1260.0,1211.1,1211.1,1547121,19007.69,33407,630911.0,40.78,2026-08-18
LOKESHMACH,BE,18-Aug-2026,329.8,329.8,339.5,329.8,331.35,22250,73.87,197,,,2026-08-18
LORDSCHLO,EQ,18-Aug-2026,139.98,140.03,142.45,133.0,133.42,29362,39.73,1008,20860.0,71.04,2026-08-18
LOTUSCHO,EQ,18-Aug-2026,622.05,621.0,633.95,601.0,616.8,2315,14.28,200,1488.0,64.28,2026-08-18
LOTUSDEV,BE,18-Aug-2026,169.97,167.02,172.44,165.0,169.84,512916,872.01,1205,,,2026-08-18
LOTUSEYE,EQ,18-Aug-2026,115.83,116.0,118.47,115.06,116.07,6888,7.99,116,5623.0,81.63,2026-08-18
LOVABLE,EQ,18-Aug-2026,72.04,71.82,73.72,71.53,72.09,2942,2.12,111,1730.0,58.8,2026-08-18
LOWVOL,EQ,18-Aug-2026,209.6,209.18,209.18,208.5,208.5,160,0.33,9,94.0,58.75,2026-08-18
LOWVOL1,EQ,18-Aug-2026,21.46,21.43,21.51,21.18,21.27,495408,105.68,192,354813.0,71.62,2026-08-18
LOWVOLIETF,EQ,18-Aug-2026,22.51,22.76,22.76,22.31,22.36,874266,195.49,1054,769551.0,88.02,2026-08-18
LOYALTEX,EQ,18-Aug-2026,221.0,219.0,234.88,214.0,216.9,1091,2.44,93,913.0,83.68,2026-08-18
LPDC,EQ,18-Aug-2026,7.87,7.86,7.86,7.25,7.38,96777,7.29,352,78802.0,81.43,2026-08-18
LRRPL,SM,18-Aug-2026,83.5,83.5,83.5,83.5,83.5,1500,1.25,1,1500.0,100.0,2026-08-18
LT,EQ,18-Aug-2026,4086.7,4068.0,4085.0,4050.0,4064.3,1355575,55183.24,68981,817973.0,60.34,2026-08-18
LTF,EQ,18-Aug-2026,315.0,314.0,325.8,307.55,325.1,10165537,32541.73,71272,3753981.0,36.93,2026-08-18
LTFOODS,EQ,18-Aug-2026,417.15,416.2,429.4,416.2,426.3,512273,2174.44,20772,275353.0,53.75,2026-08-18
LTGILTBEES,EQ,18-Aug-2026,30.05,30.07,30.08,29.97,30.02,727798,218.55,619,594531.0,81.69,2026-08-18
LTGILTCASE,EQ,18-Aug-2026,30.62,31.23,31.23,30.54,30.59,74756,22.87,125,73047.0,97.71,2026-08-18
LTM,EQ,18-Aug-2026,4700.0,4630.0,4684.0,4562.2,4562.2,258689,11965.38,17511,118166.0,45.68,2026-08-18
LTTS,EQ,18-Aug-2026,3528.5,3525.2,3562.0,3495.0,3509.9,47263,1669.06,10450,23294.0,49.29,2026-08-18
LUMAXIND,EQ,18-Aug-2026,5792.0,5792.0,5849.0,5710.0,5726.0,5666,326.62,1933,2611.0,46.08,2026-08-18
LUMAXTECH,EQ,18-Aug-2026,2049.0,2050.4,2055.0,2000.0,2014.7,101150,2044.75,14592,55127.0,54.5,2026-08-18
LUPIN,EQ,18-Aug-2026,2259.0,2255.0,2255.0,2220.5,2232.0,694324,15482.35,42714,450201.0,64.84,2026-08-18
LUXIND,EQ,18-Aug-2026,1209.0,1203.7,1234.9,1198.4,1228.9,39889,486.49,3687,17877.0,44.82,2026-08-18
LXCHEM,EQ,18-Aug-2026,179.66,179.05,181.09,173.31,174.19,746694,1315.89,8925,356157.0,47.7,2026-08-18
LYKALABS,BE,18-Aug-2026,68.03,69.39,69.39,69.39,69.39,4570,3.17,33,,,2026-08-18
M&M,EQ,18-Aug-2026,3390.4,3390.4,3435.0,3390.2,3421.5,1371664,46933.38,76990,838329.0,61.12,2026-08-18
M&MFIN,EQ,18-Aug-2026,388.9,390.0,391.0,382.25,386.2,1441684,5562.82,43131,764146.0,53.0,2026-08-18
MAANALU,EQ,18-Aug-2026,119.33,122.79,122.79,118.0,119.35,44463,53.01,773,27603.0,62.08,2026-08-18
MACOBSTECH,SM,18-Aug-2026,207.4,217.0,217.0,205.0,205.7,40000,85.76,14,38400.0,96.0,2026-08-18
MACPOWER,EQ,18-Aug-2026,1781.4,1782.5,2000.0,1782.5,1983.6,190829,3717.61,21959,53677.0,28.13,2026-08-18
MADHAV,EQ,18-Aug-2026,35.87,35.87,37.24,35.87,37.1,4469,1.62,24,3210.0,71.83,2026-08-18
MADHAVBAUG,ST,18-Aug-2026,173.0,165.0,172.0,165.0,165.45,12000,19.86,16,10800.0,90.0,2026-08-18
MADHAVIPL,EQ,18-Aug-2026,7.04,7.21,7.48,6.95,7.24,110854,7.83,297,90608.0,81.74,2026-08-18
MADHUCON,BE,18-Aug-2026,5.47,5.47,5.48,5.22,5.28,14682,0.8,64,,,2026-08-18
MADHUSUDAN,ST,18-Aug-2026,224.8,227.25,229.95,225.0,227.0,7000,15.92,7,7000.0,100.0,2026-08-18
MADRASFERT,EQ,18-Aug-2026,65.03,65.0,65.02,64.25,64.36,23590,15.22,355,19094.0,80.94,2026-08-18
MAFANG,EQ,18-Aug-2026,211.42,209.43,209.43,209.43,209.43,141506,296.36,4519,141477.0,99.98,2026-08-18
MAFATIND,EQ,18-Aug-2026,124.21,122.3,124.44,122.2,122.53,18806,23.17,514,14988.0,79.7,2026-08-18
MAGADSUGAR,EQ,18-Aug-2026,570.65,576.0,591.0,560.15,565.5,64874,376.46,3328,35427.0,54.61,2026-08-18
MAGNUM,EQ,18-Aug-2026,19.28,19.27,19.47,19.01,19.1,65718,12.63,58,64560.0,98.24,2026-08-18
MAHABANK,EQ,18-Aug-2026,81.1,81.1,82.13,80.21,80.49,8400426,6800.62,37214,4090849.0,48.7,2026-08-18
MAHAPEXLTD,EQ,18-Aug-2026,54.09,53.49,58.01,52.61,56.95,64885,36.91,548,44637.0,68.79,2026-08-18
MAHASTEEL,BE,18-Aug-2026,1099.1,1107.6,1135.0,1080.5,1123.7,41209,459.69,329,,,2026-08-18
MAHEPC,EQ,18-Aug-2026,107.31,108.0,108.17,106.5,107.37,15286,16.42,424,8480.0,55.48,2026-08-18
MAHESHWARI,BE,18-Aug-2026,72.0,72.72,72.99,70.79,72.5,17674,12.74,32,,,2026-08-18
MAHICKRA,SM,18-Aug-2026,295.0,294.0,294.0,294.0,294.0,750,2.21,1,750.0,100.0,2026-08-18
MAHKTECH,EQ,18-Aug-2026,23.26,23.1,23.1,23.1,23.1,333488,77.04,327,333488.0,100.0,2026-08-18
MAHLIFE,EQ,18-Aug-2026,386.65,391.0,391.0,381.1,384.15,92716,355.88,3398,43621.0,47.05,2026-08-18
MAHLOG,EQ,18-Aug-2026,404.95,402.5,406.35,397.3,404.55,98395,395.35,3528,48053.0,48.84,2026-08-18
MAHSCOOTER,EQ,18-Aug-2026,13449.0,13448.0,13688.0,13121.0,13226.0,2959,392.43,1144,1510.0,51.03,2026-08-18
MAHSEAMLES,EQ,18-Aug-2026,622.0,622.0,627.95,616.1,620.9,127306,790.76,9660,72194.0,56.71,2026-08-18
MAITHANALL,EQ,18-Aug-2026,980.0,977.5,992.9,974.15,987.65,26302,259.23,1745,16068.0,61.09,2026-08-18
MAITREYA,SM,18-Aug-2026,115.5,116.0,117.2,110.0,110.5,10400,11.65,25,8400.0,80.77,2026-08-18
MAJESAUT,BE,18-Aug-2026,362.4,353.05,359.8,349.0,352.55,5325,18.84,320,,,2026-08-18
MAKEINDIA,EQ,18-Aug-2026,169.29,169.3,169.58,168.66,168.94,85436,144.37,905,71910.0,84.17,2026-08-18
MAKERSL,EQ,18-Aug-2026,152.59,160.0,162.0,158.0,159.83,717,1.15,42,682.0,95.12,2026-08-18
MALLCOM,EQ,18-Aug-2026,956.0,955.45,977.95,950.05,958.65,2352,22.52,172,2125.0,90.35,2026-08-18
MALUPAPER,EQ,18-Aug-2026,31.85,32.25,32.89,32.13,32.58,5904,1.92,73,2282.0,38.65,2026-08-18
MAMATA,EQ,18-Aug-2026,405.6,407.3,417.0,400.0,411.15,68286,279.17,3293,20863.0,30.55,2026-08-18
MANAKALUCO,EQ,18-Aug-2026,38.11,37.65,38.43,37.25,37.63,48115,18.2,821,33259.0,69.12,2026-08-18
MANAKCOAT,EQ,18-Aug-2026,121.88,121.35,129.5,121.0,125.36,1563125,1984.63,17625,522632.0,33.44,2026-08-18
MANAKSIA,EQ,18-Aug-2026,58.87,59.85,60.7,58.52,59.46,27660,16.54,299,19616.0,70.92,2026-08-18
MANAKSTEEL,EQ,18-Aug-2026,85.03,87.0,88.88,85.0,86.25,51522,45.06,666,25793.0,50.06,2026-08-18
MANALIPETC,EQ,18-Aug-2026,67.64,68.0,71.45,66.81,71.06,1999257,1408.0,11141,719244.0,35.98,2026-08-18
MANAPPURAM,EQ,18-Aug-2026,348.6,348.25,351.95,342.75,346.6,2534288,8764.76,23479,988032.0,38.99,2026-08-18
MANAV,SM,18-Aug-2026,26.9,28.1,28.1,28.1,28.1,8000,2.25,2,8000.0,100.0,2026-08-18
MANBA,EQ,18-Aug-2026,130.52,130.1,132.06,129.5,130.11,66862,87.07,746,19688.0,29.45,2026-08-18
MANBRO,EQ,18-Aug-2026,54.0,54.2,56.0,52.8,53.1,22983,12.33,389,16066.0,69.9,2026-08-18
MANCREDIT,EQ,18-Aug-2026,236.73,242.5,243.7,225.0,227.21,169721,390.43,1961,41808.0,24.63,2026-08-18
MANDEEP,SM,18-Aug-2026,19.7,19.7,19.7,19.7,19.7,2000,0.39,1,2000.0,100.0,2026-08-18
MANGALAM,EQ,18-Aug-2026,27.84,28.79,28.79,27.55,27.99,23324,6.54,141,17111.0,73.36,2026-08-18
MANGLMCEM,EQ,18-Aug-2026,872.55,875.05,884.0,863.05,870.05,26851,234.78,1003,18831.0,70.13,2026-08-18
MANILAM,SM,18-Aug-2026,46.1,46.0,48.0,46.0,47.0,6000,2.82,3,6000.0,100.0,2026-08-18
MANINDS,EQ,18-Aug-2026,630.35,630.95,649.95,624.85,645.15,768630,4918.46,22067,294854.0,38.36,2026-08-18
MANINFRA,EQ,18-Aug-2026,104.12,103.21,108.98,101.7,106.02,5583898,5881.67,36038,2241922.0,40.15,2026-08-18
MANIPALHOS,EQ,18-Aug-2026,722.9,723.05,738.35,712.95,724.8,1226590,8906.16,33560,450050.0,36.69,2026-08-18
MANKIND,EQ,18-Aug-2026,2380.9,2370.0,2395.0,2363.3,2380.0,366118,8695.84,17545,212110.0,57.93,2026-08-18
MANOMAY,EQ,18-Aug-2026,215.35,216.8,217.7,208.1,216.55,84379,182.94,1038,21144.0,25.06,2026-08-18
MANORAMA,EQ,18-Aug-2026,1943.4,1953.0,1968.0,1885.0,1901.0,1522653,29254.6,78003,253694.0,16.66,2026-08-18
MANORG,EQ,18-Aug-2026,447.65,449.65,450.95,429.1,443.8,19913,88.24,797,11596.0,58.23,2026-08-18
MANUFGBEES,EQ,18-Aug-2026,167.28,168.79,168.79,166.51,166.85,6858,11.45,96,6303.0,91.91,2026-08-18
MANUGRAPH,BE,18-Aug-2026,16.1,16.58,16.84,15.33,16.54,22782,3.75,108,,,2026-08-18
MANYAVAR,EQ,18-Aug-2026,541.85,541.85,543.3,530.0,536.9,260410,1393.68,9063,124382.0,47.76,2026-08-18
MAPMYINDIA,EQ,18-Aug-2026,991.7,991.9,1019.0,985.2,1012.6,188680,1902.2,16590,62699.0,33.23,2026-08-18
MARALOVER,EQ,18-Aug-2026,53.15,54.4,54.4,52.26,52.7,5407,2.87,74,4818.0,89.11,2026-08-18
MARATHON,EQ,18-Aug-2026,358.8,358.8,363.9,344.05,346.85,141211,492.73,4100,92381.0,65.42,2026-08-18
MARC,SM,18-Aug-2026,120.8,123.25,123.25,121.0,121.1,6000,7.29,5,6000.0,100.0,2026-08-18
MARCO,SM,18-Aug-2026,31.95,31.9,31.9,31.9,31.9,1500,0.48,1,1500.0,100.0,2026-08-18
MARICO,EQ,18-Aug-2026,852.05,851.2,855.6,841.55,841.55,537548,4556.29,24486,285658.0,53.14,2026-08-18
MARINE,EQ,18-Aug-2026,367.1,367.95,382.0,365.25,376.8,813572,3037.96,20583,380636.0,46.79,2026-08-18
MARINETRAN,SM,18-Aug-2026,17.1,16.45,16.9,16.25,16.9,16000,2.63,4,8000.0,50.0,2026-08-18
MARKOLINES,EQ,18-Aug-2026,171.65,171.8,173.25,170.21,171.62,143236,246.09,1036,43711.0,30.52,2026-08-18
MARKSANS,EQ,18-Aug-2026,331.45,331.8,336.35,325.2,326.5,3307672,10929.3,39756,905801.0,27.38,2026-08-18
MARSONS,EQ,18-Aug-2026,104.8,104.9,105.65,102.0,102.31,1330099,1367.45,7020,224228.0,16.86,2026-08-18
MARUSHIKA,SM,18-Aug-2026,111.0,111.0,111.0,110.95,111.0,6000,6.66,3,6000.0,100.0,2026-08-18
MARUTI,EQ,18-Aug-2026,13760.0,13762.0,13890.0,13691.0,13691.0,267433,36873.98,46076,140515.0,52.54,2026-08-18
MASFIN,EQ,18-Aug-2026,305.3,305.4,306.75,302.2,302.95,139122,421.57,6779,102890.0,73.96,2026-08-18
MASKINVEST,EQ,18-Aug-2026,148.13,148.13,148.87,148.13,148.13,167,0.25,5,167.0,100.0,2026-08-18
MASON,SM,18-Aug-2026,121.0,119.2,122.0,116.5,119.0,152000,182.97,35,147000.0,96.71,2026-08-18
MASPTOP50,EQ,18-Aug-2026,81.26,81.02,81.02,81.0,81.02,111841,90.61,1162,111785.0,99.95,2026-08-18
MASTEK,EQ,18-Aug-2026,1811.8,1811.0,1811.0,1702.0,1717.5,103567,1819.84,18727,56327.0,54.39,2026-08-18
MASTERTR,EQ,18-Aug-2026,78.48,78.48,78.85,76.99,77.42,174379,135.8,1384,44992.0,25.8,2026-08-18
MATRIMONY,EQ,18-Aug-2026,543.05,546.0,546.0,534.55,538.45,10712,57.8,474,7744.0,72.29,2026-08-18
MAWANASUG,EQ,18-Aug-2026,124.06,126.0,130.5,124.15,125.74,813767,1039.26,8567,404239.0,49.68,2026-08-18
MAXESTATES,EQ,18-Aug-2026,474.35,472.8,501.45,468.2,477.85,324306,1579.16,12787,134212.0,41.38,2026-08-18
MAXHEALTH,EQ,18-Aug-2026,1003.7,1000.7,1017.0,982.1,1014.4,2219107,22321.61,48267,1011891.0,45.6,2026-08-18
MAXIND,EQ,18-Aug-2026,150.33,149.27,151.93,147.66,151.13,126167,189.45,1736,88876.0,70.44,2026-08-18
MAXPOSURE,SM,18-Aug-2026,32.95,31.6,32.0,31.0,32.0,31000,9.71,23,26000.0,83.87,2026-08-18
MAXVOLT,SM,18-Aug-2026,350.15,360.0,363.0,345.0,350.95,37200,130.54,84,26800.0,72.04,2026-08-18
MAYASHEEL,SM,18-Aug-2026,38.75,36.0,38.65,36.0,37.3,6000,2.24,2,3000.0,50.0,2026-08-18
MAYURUNIQ,EQ,18-Aug-2026,732.2,737.2,759.8,724.0,726.1,74332,545.76,5157,39849.0,53.61,2026-08-18
MAZDA,BE,18-Aug-2026,230.9,236.87,239.0,231.11,236.41,5597,13.11,146,,,2026-08-18
MAZDOCK,EQ,18-Aug-2026,2569.7,2569.7,2618.2,2556.1,2587.0,1229574,31888.01,48945,334478.0,27.2,2026-08-18
MBAPL,EQ,18-Aug-2026,164.73,165.0,165.99,161.99,162.47,378114,618.15,6108,211470.0,55.93,2026-08-18
MBEL,EQ,18-Aug-2026,283.3,285.3,285.3,278.8,284.35,147787,417.56,21823,89807.0,60.77,2026-08-18
MBLINFRA,EQ,18-Aug-2026,24.38,24.26,24.78,24.04,24.06,27192,6.58,94,19609.0,72.11,2026-08-18
MCCHRLS-B,EQ,18-Aug-2026,677.1,690.0,690.0,659.95,660.0,240,1.59,30,238.0,99.17,2026-08-18
MCL,EQ,18-Aug-2026,60.47,60.99,60.99,58.6,59.24,88186,52.35,2849,41195.0,46.71,2026-08-18
MCLEODRUSS,EQ,18-Aug-2026,44.85,44.85,46.99,43.91,45.32,245234,109.64,2172,152748.0,62.29,2026-08-18
MCLOUD,EQ,18-Aug-2026,26.77,26.98,29.1,26.84,28.85,9815518,2797.41,23044,2717921.0,27.69,2026-08-18
MCON,SM,18-Aug-2026,46.2,47.95,48.5,47.95,48.5,13000,6.29,10,13000.0,100.0,2026-08-18
MCX,EQ,18-Aug-2026,2933.1,2949.9,3058.0,2916.0,3040.0,3187586,96160.68,148599,1257872.0,39.46,2026-08-18
MDL,ST,18-Aug-2026,56.0,55.0,56.5,53.2,56.5,10000,5.45,9,10000.0,100.0,2026-08-18
MEDANTA,EQ,18-Aug-2026,1415.1,1415.7,1447.0,1410.9,1442.7,309148,4413.13,16921,219779.0,71.09,2026-08-18
MEDIASSIST,EQ,18-Aug-2026,343.5,345.05,348.0,343.0,346.8,54087,187.07,2870,34509.0,63.8,2026-08-18
MEDICAMEQ,EQ,18-Aug-2026,219.88,219.87,228.0,218.4,225.73,22641,50.45,927,15210.0,67.18,2026-08-18
MEDICAPQ,EQ,18-Aug-2026,25.26,20.33,27.68,20.33,25.05,1451,0.38,41,770.0,53.07,2026-08-18
MEDICO,EQ,18-Aug-2026,44.27,44.78,44.78,42.51,42.66,132048,56.85,1120,92066.0,69.72,2026-08-18
MEDIORG,SM,18-Aug-2026,23.15,24.3,24.3,24.3,24.3,24000,5.83,5,22000.0,91.67,2026-08-18
MEDISTEP,SM,18-Aug-2026,18.75,18.85,18.85,18.85,18.85,3000,0.57,1,3000.0,100.0,2026-08-18
MEDPLUS,EQ,18-Aug-2026,656.5,657.05,670.0,653.1,664.85,199554,1326.46,9146,126449.0,63.37,2026-08-18
MEESHO,EQ,18-Aug-2026,193.82,192.01,193.82,190.61,192.95,5326690,10261.37,56796,3336125.0,62.63,2026-08-18
MEGAFLEX,SM,18-Aug-2026,95.0,95.0,99.75,95.0,99.75,3000,2.95,3,3000.0,100.0,2026-08-18
MEGASTAR,EQ,18-Aug-2026,311.75,317.95,317.95,308.7,308.9,4306,13.33,93,3884.0,90.2,2026-08-18
MEGATHERM,SM,18-Aug-2026,193.9,193.5,196.45,188.0,189.35,36400,69.64,81,29600.0,81.32,2026-08-18
MEIL,EQ,18-Aug-2026,269.45,274.9,274.9,265.95,268.7,25897,69.82,673,17501.0,67.58,2026-08-18
MENNPIS,EQ,18-Aug-2026,71.81,72.16,73.69,71.12,71.53,51081,36.97,896,27902.0,54.62,2026-08-18
MENONBE,BE,18-Aug-2026,241.16,253.21,253.21,253.21,253.21,29561,74.85,190,,,2026-08-18
MEP,BZ,18-Aug-2026,0.63,0.64,0.64,0.64,0.64,97103,0.62,20,,,2026-08-18
MERCANTILE,EQ,18-Aug-2026,24.5,24.9,25.35,23.65,23.97,761,0.18,21,585.0,76.87,2026-08-18
MERCURYEV,EQ,18-Aug-2026,35.59,35.2,36.35,34.77,35.13,111246,39.48,770,85358.0,76.73,2026-08-18
METAL,EQ,18-Aug-2026,13.26,13.35,13.44,13.15,13.17,1583334,208.92,3566,885718.0,55.94,2026-08-18
METALIC,SM,18-Aug-2026,126.75,127.05,133.0,127.05,129.8,124800,163.19,76,83200.0,66.67,2026-08-18
METALIETF,EQ,18-Aug-2026,13.24,13.3,13.3,13.04,13.08,8628498,1131.96,9423,5598541.0,64.88,2026-08-18
METROBRAND,EQ,18-Aug-2026,942.8,942.0,949.1,927.0,928.6,44445,414.29,13148,29700.0,66.82,2026-08-18
METROGLOBL,EQ,18-Aug-2026,154.74,157.0,157.0,141.81,149.94,13174,19.54,619,7342.0,55.73,2026-08-18
METROPOLIS,EQ,18-Aug-2026,550.75,553.0,555.75,545.2,551.95,118593,653.57,5892,58675.0,49.48,2026-08-18
MFML,EQ,18-Aug-2026,18.67,18.61,19.84,18.58,18.95,6762,1.3,76,2475.0,36.6,2026-08-18
MFSL,EQ,18-Aug-2026,1571.7,1570.0,1587.9,1547.0,1584.5,1054795,16610.46,36540,692816.0,65.68,2026-08-18
MGEL,BE,18-Aug-2026,14.68,14.5,15.0,14.5,14.98,46435,6.92,145,,,2026-08-18
MGL,EQ,18-Aug-2026,1129.1,1106.0,1118.4,1100.0,1111.4,277306,3077.44,20219,155192.0,55.96,2026-08-18
MGSL,SM,18-Aug-2026,91.0,90.95,91.0,86.0,86.0,8400,7.54,6,7200.0,85.71,2026-08-18
MHLXMIRU,BE,18-Aug-2026,186.27,185.2,190.0,180.0,186.0,17254,32.35,121,,,2026-08-18
MHRIL,EQ,18-Aug-2026,224.89,222.65,224.86,220.8,221.39,49704,110.55,2131,28429.0,57.2,2026-08-18
MICEL,BE,18-Aug-2026,36.38,36.38,36.98,36.0,36.26,103027,37.33,854,,,2026-08-18
MICROPRO,SM,18-Aug-2026,19.25,19.3,19.3,18.35,18.9,6400,1.2,4,4800.0,75.0,2026-08-18
MID150,EQ,18-Aug-2026,23.87,23.82,23.84,23.7,23.81,54661,13.01,168,30140.0,55.14,2026-08-18
MID150BEES,EQ,18-Aug-2026,242.89,244.99,244.99,241.89,242.35,611444,1481.19,20823,451238.0,73.8,2026-08-18
MID150CASE,EQ,18-Aug-2026,11.84,11.84,12.13,11.75,11.78,892340,105.14,3217,694364.0,77.81,2026-08-18
MIDBANKADD,EQ,18-Aug-2026,17.34,17.3,17.37,17.25,17.35,728,0.13,19,626.0,85.99,2026-08-18
MIDCAP,EQ,18-Aug-2026,18.71,18.71,18.88,18.58,18.64,234519,43.72,814,186700.0,79.61,2026-08-18
MIDCAPADD,EQ,18-Aug-2026,23.55,23.51,23.53,23.4,23.5,382163,89.8,55,260314.0,68.12,2026-08-18
MIDCAPBETA,EQ,18-Aug-2026,237.8,237.84,238.07,235.8,236.0,717,1.7,30,707.0,98.61,2026-08-18
MIDCAPETF,EQ,18-Aug-2026,23.98,23.98,24.06,23.85,23.93,1408980,337.36,4172,1094460.0,77.68,2026-08-18
MIDCAPIETF,EQ,18-Aug-2026,24.33,24.33,24.37,24.2,24.26,633384,153.62,2400,352495.0,55.65,2026-08-18
MIDHANI,EQ,18-Aug-2026,428.6,429.0,439.0,429.0,437.5,1545191,6722.76,25662,611323.0,39.56,2026-08-18
MIDQ50ADD,EQ,18-Aug-2026,25.65,25.61,25.61,25.43,25.56,88954,22.66,95,74238.0,83.46,2026-08-18
MIDSELIETF,EQ,18-Aug-2026,19.95,19.95,19.98,19.82,19.88,189458,37.66,531,119848.0,63.26,2026-08-18
MIDSMALL,EQ,18-Aug-2026,52.41,52.35,52.41,52.06,52.33,275362,143.76,3777,185327.0,67.3,2026-08-18
MIDWESTLTD,EQ,18-Aug-2026,1110.0,1127.0,1174.9,1075.3,1159.4,76197,868.04,4378,24420.0,32.05,2026-08-18
MIEL,SM,18-Aug-2026,12.6,12.1,12.95,12.1,12.95,4000,0.5,2,4000.0,100.0,2026-08-18
MIIL,EQ,18-Aug-2026,682.55,714.95,721.0,693.0,707.9,76476,541.78,1314,30363.0,39.7,2026-08-18
MILKYMIST,EQ,18-Aug-2026,140.0,165.0,181.5,165.0,181.5,92269979,159990.2,351646,62075610.0,67.28,2026-08-18
MINALIND,EQ,18-Aug-2026,2.06,2.14,2.18,1.71,2.08,113814,2.2,90,75194.0,66.07,2026-08-18
MINDACORP,EQ,18-Aug-2026,725.15,729.5,765.35,727.8,745.25,1637223,12321.52,48723,413276.0,25.24,2026-08-18
MINDSPACE,RR,18-Aug-2026,497.29,498.99,503.7,494.96,496.41,297881,1481.54,12812,251010.0,84.27,2026-08-18
MINDTECK,EQ,18-Aug-2026,175.45,174.0,176.53,174.0,174.82,15650,27.46,578,8588.0,54.88,2026-08-18
MIRZAINT,EQ,18-Aug-2026,31.44,31.43,31.84,31.2,31.43,110841,34.8,2321,37806.0,34.11,2026-08-18
MITCON,BE,18-Aug-2026,78.69,78.0,80.0,76.06,80.0,3498,2.76,36,,,2026-08-18
MITTAL,EQ,18-Aug-2026,0.9,0.91,0.91,0.89,0.9,630114,5.69,271,543983.0,86.33,2026-08-18
MKEXIM,EQ,18-Aug-2026,53.91,56.75,56.75,52.0,53.91,1976,1.06,52,1801.0,91.14,2026-08-18
MKPL,EQ,18-Aug-2026,4.11,4.18,4.19,4.11,4.16,39931,1.66,277,31030.0,77.71,2026-08-18
MLKFOOD,EQ,18-Aug-2026,81.44,85.9,85.9,75.25,77.61,23394,19.08,343,9604.0,41.05,2026-08-18
MMEL,SM,18-Aug-2026,24.6,24.75,24.85,24.75,24.75,12000,2.97,6,12000.0,100.0,2026-08-18
MMFL,EQ,18-Aug-2026,632.3,639.7,687.95,632.8,680.2,935497,6277.34,34787,392190.0,41.92,2026-08-18
MMP,EQ,18-Aug-2026,350.0,353.85,383.0,345.0,377.05,191009,702.24,6009,111750.0,58.51,2026-08-18
MMTC,EQ,18-Aug-2026,63.81,63.45,64.12,62.9,63.54,1193339,756.28,6746,405995.0,34.02,2026-08-18
MMWL,EQ,18-Aug-2026,15.21,15.1,15.9,14.65,14.91,50362,7.73,149,35504.0,70.5,2026-08-18
MNC,EQ,18-Aug-2026,34.76,34.74,34.74,34.48,34.5,52636,18.2,343,33047.0,62.78,2026-08-18
MOALPHA50,EQ,18-Aug-2026,56.24,56.24,56.62,55.79,55.99,9206,5.16,56,3052.0,33.15,2026-08-18
MOBANK10,EQ,18-Aug-2026,17.04,16.94,16.94,16.85,16.9,2780,0.47,61,2487.0,89.46,2026-08-18
MOBIKWIK,EQ,18-Aug-2026,202.83,202.0,204.38,198.5,198.99,798511,1597.25,8604,380339.0,47.63,2026-08-18
MOBILISE,SM,18-Aug-2026,107.05,101.7,101.7,101.7,101.7,12800,13.02,5,12800.0,100.0,2026-08-18
MOCAPITAL,EQ,18-Aug-2026,53.6,53.2,53.83,52.75,53.36,932185,495.55,2641,454453.0,48.75,2026-08-18
MODEFENCE,EQ,18-Aug-2026,108.22,109.2,110.25,108.01,109.7,1999813,2182.56,9675,1141521.0,57.08,2026-08-18
MODINATUR,BE,18-Aug-2026,380.65,383.5,383.5,361.65,361.65,30166,110.13,287,,,2026-08-18
MODIRUBBER,EQ,18-Aug-2026,117.1,115.1,119.8,114.01,114.98,3255,3.79,132,2434.0,74.78,2026-08-18
MODIS,EQ,18-Aug-2026,415.6,415.55,420.0,408.0,408.8,27304,112.47,1244,15850.0,58.05,2026-08-18
MODISONLTD,BE,18-Aug-2026,356.1,373.9,373.9,357.9,373.9,439834,1640.02,1816,,,2026-08-18
MODTHREAD,EQ,18-Aug-2026,57.64,59.9,65.65,56.53,57.47,245705,150.31,2277,81645.0,33.23,2026-08-18
MOENERGY,EQ,18-Aug-2026,38.88,39.19,39.19,38.66,38.78,85552,33.25,557,70149.0,82.0,2026-08-18
MOGOLD,EQ,18-Aug-2026,150.85,151.5,151.55,150.85,151.0,26884,40.64,566,14587.0,54.26,2026-08-18
MOGSEC,EQ,18-Aug-2026,65.5,65.82,65.9,65.28,65.74,35586,23.25,19,35586.0,100.0,2026-08-18
MOHEALTH,EQ,18-Aug-2026,51.41,51.41,51.82,51.2,51.46,34988,18.03,436,22827.0,65.24,2026-08-18
MOHITE,EQ,18-Aug-2026,2.49,2.71,2.71,2.32,2.45,17417,0.43,72,14759.0,84.74,2026-08-18
MOHITIND,EQ,18-Aug-2026,23.22,22.51,23.63,22.51,23.14,9609,2.23,123,6610.0,68.79,2026-08-18
MOIL,EQ,18-Aug-2026,272.8,271.2,271.8,255.6,257.25,2820394,7360.72,48041,1533467.0,54.37,2026-08-18
MOINFRA,EQ,18-Aug-2026,59.79,60.0,60.0,59.59,59.75,758,0.45,51,758.0,100.0,2026-08-18
MOIPO,EQ,18-Aug-2026,48.43,48.61,48.61,48.29,48.5,6834,3.31,26,6805.0,99.58,2026-08-18
MOKSH,EQ,18-Aug-2026,10.73,10.89,10.9,10.4,10.53,119588,12.77,285,78303.0,65.48,2026-08-18
MOL,EQ,18-Aug-2026,62.97,63.25,63.96,61.38,61.94,1332706,829.99,8209,604419.0,45.35,2026-08-18
MOLBIO,EQ,18-Aug-2026,1041.7,1037.0,1177.0,1022.65,1110.9,11279774,125219.7,332869,844763.0,7.49,2026-08-18
MOLDTECH,BE,18-Aug-2026,179.6,178.29,178.99,171.0,171.5,49769,86.55,648,,,2026-08-18
MOLDTKPAC,EQ,18-Aug-2026,680.15,684.2,685.45,674.65,678.65,30321,205.72,2021,15878.0,52.37,2026-08-18
MOLOWVOL,EQ,18-Aug-2026,37.22,36.28,37.1,36.28,36.89,50377,18.55,86,47540.0,94.37,2026-08-18
MOM100,EQ,18-Aug-2026,68.78,69.19,69.19,68.32,68.61,245979,168.74,2045,141301.0,57.44,2026-08-18
MOM30IETF,EQ,18-Aug-2026,31.72,32.03,32.03,31.61,31.66,435775,138.03,1582,263135.0,60.38,2026-08-18
MOM50,EQ,18-Aug-2026,254.28,254.3,254.51,253.17,254.18,5002,12.7,85,4539.0,90.74,2026-08-18
MOMENTUM,EQ,18-Aug-2026,31.57,31.57,31.59,31.42,31.47,18991,5.98,160,14987.0,78.92,2026-08-18
MOMENTUM30,EQ,18-Aug-2026,31.27,31.27,31.28,31.07,31.19,80449,25.1,68,40072.0,49.81,2026-08-18
MOMENTUM50,EQ,18-Aug-2026,54.38,54.37,54.62,54.16,54.39,900722,490.96,1435,728943.0,80.93,2026-08-18
MOMETAL,EQ,18-Aug-2026,13.15,13.41,13.41,13.04,13.06,8882,1.16,30,5380.0,60.57,2026-08-18
MOMGF,EQ,18-Aug-2026,166.21,166.52,166.53,165.15,166.09,258,0.43,20,257.0,99.61,2026-08-18
MOMIDMTM,EQ,18-Aug-2026,65.28,65.28,65.8,64.8,65.19,59319,38.58,242,54032.0,91.09,2026-08-18
MOMMIDCAP,EQ,18-Aug-2026,13.11,13.1,13.17,13.02,13.1,2303300,301.47,1002,2085588.0,90.55,2026-08-18
MOMNC,EQ,18-Aug-2026,33.68,33.5,33.66,33.4,33.49,1697,0.57,17,1008.0,59.4,2026-08-18
MOMOMENTUM,EQ,18-Aug-2026,63.11,64.0,64.0,62.83,63.04,40332,25.39,305,20815.0,51.61,2026-08-18
MON100,EQ,18-Aug-2026,336.81,336.33,336.33,336.33,336.33,399022,1342.03,1117,399022.0,100.0,2026-08-18
MON50EQUAL,EQ,18-Aug-2026,33.82,33.82,33.82,33.6,33.63,1321,0.44,53,1321.0,100.0,2026-08-18
MONARCH,EQ,18-Aug-2026,389.05,389.9,389.9,382.75,387.1,118299,457.52,1797,53621.0,45.33,2026-08-18
MONEXT50,EQ,18-Aug-2026,74.99,74.93,75.0,74.3,74.6,11380,8.47,67,8049.0,70.73,2026-08-18
MONEYBOXX,EQ,18-Aug-2026,57.19,58.8,58.8,55.0,56.15,15292,8.54,455,10341.0,67.62,2026-08-18
MONIFTY100,EQ,18-Aug-2026,25.74,25.74,25.74,25.5,25.51,38504,9.84,65,5698.0,14.8,2026-08-18
MONIFTY500,EQ,18-Aug-2026,24.27,23.66,24.37,23.66,24.16,1363280,328.87,1522,1231876.0,90.36,2026-08-18
MONOLITH,SM,18-Aug-2026,1007.55,1028.05,1044.0,995.0,999.35,42000,430.4,150,26750.0,63.69,2026-08-18
MONQ50,EQ,18-Aug-2026,151.4,151.2,151.2,151.2,151.2,19945,30.16,127,19945.0,100.0,2026-08-18
MONTECARLO,EQ,18-Aug-2026,524.3,524.3,547.0,521.0,544.05,118030,630.41,4430,71477.0,60.56,2026-08-18
MOOILGAS,EQ,18-Aug-2026,11.27,11.38,11.38,11.22,11.28,4144,0.47,48,2131.0,51.42,2026-08-18
MOPSE,EQ,18-Aug-2026,100.61,100.61,100.79,100.02,100.53,1279,1.28,15,1056.0,82.56,2026-08-18
MOQUALITY,EQ,18-Aug-2026,204.9,204.77,204.77,202.0,202.49,11534,23.44,36,11307.0,98.03,2026-08-18
MOREALTY,EQ,18-Aug-2026,91.45,92.27,92.27,89.65,90.43,832436,752.6,2483,359310.0,43.16,2026-08-18
MOREPENLAB,EQ,18-Aug-2026,89.82,89.82,92.5,86.0,88.44,34387594,30834.96,105067,8722216.0,25.36,2026-08-18
MOS,ST,18-Aug-2026,10.65,11.1,11.15,10.85,11.15,92000,10.22,21,92000.0,100.0,2026-08-18
MOSCHIP,EQ,18-Aug-2026,211.72,209.3,211.0,208.34,209.0,835828,1749.09,10394,349262.0,41.79,2026-08-18
MOSERVICE,EQ,18-Aug-2026,31.3,31.08,31.1,31.0,31.06,3522,1.09,57,3522.0,100.0,2026-08-18
MOSILVER,EQ,18-Aug-2026,230.87,230.74,230.74,228.23,229.19,39134,89.73,1010,15887.0,40.6,2026-08-18
MOSMALL250,EQ,18-Aug-2026,18.39,18.41,18.45,18.35,18.39,659947,121.44,1751,308576.0,46.76,2026-08-18
MOTHERSON,EQ,18-Aug-2026,168.06,168.1,170.9,168.1,170.4,12696084,21573.74,63330,5549813.0,43.71,2026-08-18
MOTILALOFS,EQ,18-Aug-2026,955.0,951.0,961.35,933.1,938.0,1041748,9811.09,29572,345081.0,33.13,2026-08-18
MOTISONS,EQ,18-Aug-2026,16.54,16.71,17.22,16.29,16.78,134374269,22398.22,102698,19696169.0,14.66,2026-08-18
MOTOGENFIN,BE,18-Aug-2026,26.07,26.08,26.92,26.08,26.3,1557,0.41,19,,,2026-08-18
MOTOUR,EQ,18-Aug-2026,80.29,79.75,80.08,79.43,79.81,9230,7.35,177,7670.0,83.1,2026-08-18
MOVALUE,EQ,18-Aug-2026,114.48,114.65,114.65,113.5,113.68,37679,42.96,553,25579.0,67.89,2026-08-18
MPDL,EQ,18-Aug-2026,26.63,28.6,28.6,28.6,28.6,53,0.02,4,53.0,100.0,2026-08-18
MPHASIS,EQ,18-Aug-2026,2510.0,2504.4,2504.4,2432.0,2432.0,504720,12408.06,37328,271236.0,53.74,2026-08-18
MPSLTD,EQ,18-Aug-2026,2814.8,2830.0,2849.0,2786.3,2830.3,21475,605.82,2796,12506.0,58.24,2026-08-18
MRF,EQ,18-Aug-2026,133015.0,133015.0,133900.0,132650.0,133505.0,2637,3519.41,1808,1433.0,54.34,2026-08-18
MRIL,ST,18-Aug-2026,63.0,63.5,63.5,60.0,60.0,3200,1.98,2,3200.0,100.0,2026-08-18
MRPL,EQ,18-Aug-2026,177.15,177.0,189.0,176.2,177.44,48280540,88681.3,258128,7424623.0,15.38,2026-08-18
MSCI360,EQ,18-Aug-2026,10.3,10.24,10.39,10.16,10.35,6139,0.63,14,5140.0,83.73,2026-08-18
MSCIADD,EQ,18-Aug-2026,30.03,29.83,29.91,29.77,29.82,989,0.3,16,555.0,56.12,2026-08-18
MSCIINDIA,EQ,18-Aug-2026,30.27,30.27,30.27,30.1,30.16,4053,1.22,64,2988.0,73.72,2026-08-18
MSL,EQ,18-Aug-2026,139.0,152.0,152.0,135.0,145.0,471,0.68,29,261.0,55.41,2026-08-18
MSPL,EQ,18-Aug-2026,34.47,34.37,34.74,33.81,34.51,414575,141.94,2336,250501.0,60.42,2026-08-18
MSTCLTD,EQ,18-Aug-2026,653.2,658.15,709.0,655.0,701.55,1266456,8673.99,30649,690119.0,54.49,2026-08-18
MSUMI,EQ,18-Aug-2026,40.33,40.25,40.7,40.2,40.32,5783732,2336.73,37957,2784383.0,48.14,2026-08-18
MTARTECH,BE,18-Aug-2026,7057.0,7051.0,7195.0,6930.0,7132.0,116896,8349.07,23651,,,2026-08-18
MTEDUCARE,BE,18-Aug-2026,1.9,1.98,1.99,1.82,1.85,20360,0.39,51,,,2026-08-18
MTNL,EQ,18-Aug-2026,27.08,27.15,27.59,26.9,27.08,870655,237.21,3898,271080.0,31.14,2026-08-18
MUFIN,EQ,18-Aug-2026,135.87,135.4,136.8,135.1,135.82,715955,973.33,2704,255035.0,35.62,2026-08-18
MUFTI,EQ,18-Aug-2026,77.21,77.0,78.59,76.97,78.28,46696,36.34,1100,26826.0,57.45,2026-08-18
MUKANDLTD,EQ,18-Aug-2026,135.27,135.99,136.88,134.17,135.69,63185,85.79,1134,37319.0,59.06,2026-08-18
MUKESHB,EQ,18-Aug-2026,147.0,147.0,147.0,145.0,145.0,1503,2.18,7,1503.0,100.0,2026-08-18
MUKKA,EQ,18-Aug-2026,27.53,27.77,28.1,26.55,27.04,568960,156.2,2287,355876.0,62.55,2026-08-18
MUKTAARTS,BE,18-Aug-2026,56.55,56.55,56.55,55.23,55.26,1150,0.64,3,,,2026-08-18
MULTICAP,EQ,18-Aug-2026,16.94,16.9,17.22,16.85,16.95,1952155,330.84,533,1920997.0,98.4,2026-08-18
MUNISH,SM,18-Aug-2026,84.0,82.1,82.1,81.0,81.05,26400,21.43,18,26400.0,100.0,2026-08-18
MUNJALAU,EQ,18-Aug-2026,119.72,121.9,123.9,116.65,118.39,2916371,3491.73,18259,541904.0,18.58,2026-08-18
MUNJALSHOW,EQ,18-Aug-2026,136.62,137.31,139.0,135.0,135.38,26890,36.61,505,16554.0,61.56,2026-08-18
MURUDCERA,EQ,18-Aug-2026,30.49,31.0,31.0,30.12,30.5,12809,3.92,201,10883.0,84.96,2026-08-18
MUTHOOTCAP,EQ,18-Aug-2026,258.69,258.69,259.78,251.0,254.27,8161,20.82,312,5259.0,64.44,2026-08-18
MUTHOOTFIN,EQ,18-Aug-2026,2888.5,2890.0,2929.1,2875.0,2894.1,499431,14484.45,32274,244589.0,48.97,2026-08-18
MUTHOOTMF,EQ,18-Aug-2026,208.12,208.12,212.98,206.5,210.29,395203,831.74,6380,207540.0,52.51,2026-08-18
MVELECTRO,EQ,18-Aug-2026,570.1,574.0,583.85,556.15,574.1,777088,4429.96,18331,215328.0,27.71,2026-08-18
MVGJL,EQ,18-Aug-2026,152.64,151.12,153.99,149.4,150.48,50305,75.96,1331,29405.0,58.45,2026-08-18
MVKAGRO,SM,18-Aug-2026,217.55,206.7,206.7,206.7,206.7,9900,20.46,19,9900.0,100.0,2026-08-18
MWL,EQ,18-Aug-2026,40.91,41.08,41.49,40.25,40.72,157349,64.02,776,83147.0,52.84,2026-08-18
MYMUDRA,SM,18-Aug-2026,74.05,74.3,74.35,74.3,74.35,4800,3.57,4,3600.0,75.0,2026-08-18
MYSORPETRO,EQ,18-Aug-2026,11.25,111.0,127.52,111.0,114.93,86196,106.25,1685,39603.0,45.95,2026-08-18
NACLIND,EQ,18-Aug-2026,173.45,173.97,175.1,170.6,172.4,358338,618.75,6967,158180.0,44.14,2026-08-18
NAGREEKCAP,EQ,18-Aug-2026,23.5,24.5,24.5,23.5,23.52,1445,0.34,30,1440.0,99.65,2026-08-18
NAGREEKEXP,EQ,18-Aug-2026,24.26,24.95,24.95,23.25,23.6,379031,91.54,973,61933.0,16.34,2026-08-18
NAHARCAP,EQ,18-Aug-2026,255.62,255.95,261.05,251.7,257.75,3554,9.18,92,2086.0,58.69,2026-08-18
NAHARINDUS,EQ,18-Aug-2026,117.38,120.99,122.0,117.61,119.86,60728,73.21,912,33370.0,54.95,2026-08-18
NAHARPOLY,EQ,18-Aug-2026,237.65,240.8,243.6,235.0,236.3,10550,25.16,487,6490.0,61.52,2026-08-18
NAHARSPING,EQ,18-Aug-2026,296.7,298.35,307.45,294.0,303.4,83164,248.38,2062,46188.0,55.54,2026-08-18
NAM-INDIA,EQ,18-Aug-2026,1202.7,1199.9,1205.0,1161.3,1170.6,1023188,12032.87,43548,466463.0,45.59,2026-08-18
NAMAN,SM,18-Aug-2026,40.9,40.9,42.65,40.9,42.65,3200,1.34,4,3200.0,100.0,2026-08-18
NAMOEWASTE,ST,18-Aug-2026,282.75,282.55,287.95,275.3,280.0,16800,47.12,20,16000.0,95.24,2026-08-18
NARMADA,EQ,18-Aug-2026,14.45,14.38,14.99,14.12,14.88,892148,130.51,2353,288269.0,32.31,2026-08-18
NATCAPSUQ,EQ,18-Aug-2026,148.75,148.69,149.35,146.0,146.59,7540,11.11,457,4206.0,55.78,2026-08-18
NATCOPHARM,EQ,18-Aug-2026,889.8,890.6,901.0,890.0,898.35,281134,2518.27,21128,119000.0,42.33,2026-08-18
NATHBIOGEN,EQ,18-Aug-2026,154.43,154.47,155.5,154.0,155.17,10341,16.01,188,8204.0,79.33,2026-08-18
NATIONALUM,EQ,18-Aug-2026,387.55,386.8,390.85,385.8,388.0,2824411,10975.01,32751,1207019.0,42.74,2026-08-18
NATIONSTD,EQ,18-Aug-2026,141.05,134.0,148.1,134.0,134.0,335324,477.35,1866,191782.0,57.19,2026-08-18
NAUKRI,EQ,18-Aug-2026,1355.8,1345.0,1368.8,1331.1,1354.9,1540395,20918.72,45154,964329.0,62.6,2026-08-18
NAVA,EQ,18-Aug-2026,559.65,559.65,571.0,557.0,558.9,276543,1556.04,12413,150123.0,54.29,2026-08-18
NAVINFLUOR,EQ,18-Aug-2026,8151.0,8155.0,8300.0,8151.0,8255.0,107257,8846.35,18800,60891.0,56.77,2026-08-18
NAVKARCORP,EQ,18-Aug-2026,98.89,99.5,100.0,97.5,97.92,289440,284.58,2823,179974.0,62.18,2026-08-18
NAVKARURB,BE,18-Aug-2026,0.98,0.98,1.01,0.96,0.98,274448,2.71,256,,,2026-08-18
NAVNETEDUL,EQ,18-Aug-2026,134.54,135.0,135.0,131.78,134.09,78549,105.03,1471,49003.0,62.39,2026-08-18
NAZARA,EQ,18-Aug-2026,350.1,349.95,356.65,348.75,355.55,1287389,4556.01,11266,617243.0,47.95,2026-08-18
NBCC,EQ,18-Aug-2026,89.75,89.35,89.93,87.7,88.0,6718438,5937.06,33479,3689271.0,54.91,2026-08-18
NBIFIN,EQ,18-Aug-2026,2064.0,2099.0,2100.0,2000.0,2010.4,402,8.16,54,328.0,81.59,2026-08-18
NCC,EQ,18-Aug-2026,139.4,138.83,141.0,138.24,140.38,925504,1291.8,14996,456775.0,49.35,2026-08-18
NCLIND,EQ,18-Aug-2026,172.02,173.0,173.9,169.21,171.78,85022,146.16,2611,67233.0,79.08,2026-08-18
NDGL,EQ,18-Aug-2026,2878.7,2875.0,2875.0,2669.0,2727.9,558,15.29,119,414.0,74.19,2026-08-18
NDL,EQ,18-Aug-2026,2.33,2.34,2.34,2.25,2.27,1383832,31.54,1182,1063279.0,76.84,2026-08-18
NDLVENTURE,EQ,18-Aug-2026,123.56,122.15,122.74,113.95,116.17,57215,67.47,671,40897.0,71.48,2026-08-18
NDRAUTO,EQ,18-Aug-2026,803.55,803.55,809.95,789.3,794.25,15998,127.92,1142,10237.0,63.99,2026-08-18
NDTV,EQ,18-Aug-2026,76.34,75.28,76.99,75.28,75.7,41217,31.21,701,29478.0,71.52,2026-08-18
NEAGI,EQ,18-Aug-2026,3295.9,3312.4,3440.0,3312.4,3325.2,102,3.47,42,101.0,99.02,2026-08-18
NECCLTD,BE,18-Aug-2026,14.97,14.55,14.9,14.23,14.52,49301,7.12,307,,,2026-08-18
NECLIFE,EQ,18-Aug-2026,11.23,11.3,11.5,10.63,10.76,341767,37.36,800,254807.0,74.56,2026-08-18
NELCAST,EQ,18-Aug-2026,116.94,116.94,120.15,116.94,118.35,81362,96.45,2526,41960.0,51.57,2026-08-18
NELCO,EQ,18-Aug-2026,1081.5,1092.3,1098.0,938.6,948.8,2131064,20723.78,67972,570303.0,26.76,2026-08-18
NEOCHEM,ST,18-Aug-2026,94.7,95.0,96.05,95.0,95.65,12000,11.46,7,12000.0,100.0,2026-08-18
NEOGEN,EQ,18-Aug-2026,2270.1,2251.1,2483.9,2241.0,2328.5,1415053,33822.9,137383,369844.0,26.14,2026-08-18
NEPHROCARE,ST,18-Aug-2026,83.05,78.9,78.9,78.9,78.9,7200,5.68,13,7200.0,100.0,2026-08-18
NEPHROPLUS,EQ,18-Aug-2026,694.65,694.9,713.65,691.0,699.1,175409,1234.56,10449,106018.0,60.44,2026-08-18
NEPTUNE,SM,18-Aug-2026,180.0,180.0,180.0,177.5,178.95,24000,42.8,31,23000.0,95.83,2026-08-18
NESCO,EQ,18-Aug-2026,1046.3,1041.4,1049.3,1030.6,1034.7,20418,212.06,2277,11542.0,56.53,2026-08-18
NESTLEIND,EQ,18-Aug-2026,1470.0,1478.0,1479.8,1453.0,1462.5,1815216,26642.36,64461,1081961.0,59.61,2026-08-18
NETF,EQ,18-Aug-2026,265.2,264.66,264.66,263.0,263.21,860,2.27,114,767.0,89.19,2026-08-18
NETWEB,EQ,18-Aug-2026,5212.4,5110.0,5396.4,5092.8,5354.5,2395703,127126.17,178003,369774.0,15.43,2026-08-18
NETWORK18,EQ,18-Aug-2026,28.95,29.0,29.0,28.34,28.51,2751991,786.54,11859,1567670.0,56.96,2026-08-18
NEUEON,BE,18-Aug-2026,17.55,18.33,18.35,16.7,16.8,57179,9.89,162,,,2026-08-18
NEULANDLAB,EQ,18-Aug-2026,23661.0,23670.0,23881.0,23264.0,23370.0,55362,13004.77,18077,23827.0,43.04,2026-08-18
NEWGEN,EQ,18-Aug-2026,534.85,533.1,534.5,526.4,528.45,290297,1536.78,8929,128134.0,44.14,2026-08-18
NEWJAISA,ST,18-Aug-2026,17.85,18.0,18.0,17.5,17.5,21000,3.72,8,13500.0,64.29,2026-08-18
NEXT30ADD,EQ,18-Aug-2026,43.75,43.71,43.75,43.55,43.58,3677,1.6,64,2872.0,78.11,2026-08-18
NEXT50,EQ,18-Aug-2026,770.26,771.86,771.86,767.44,769.6,16185,124.49,478,12251.0,75.69,2026-08-18
NEXT50ADD,EQ,18-Aug-2026,75.17,75.17,75.17,74.8,74.96,2341,1.76,33,1097.0,46.86,2026-08-18
NEXT50BETA,EQ,18-Aug-2026,80.47,80.03,80.68,80.02,80.2,117114,94.13,527,99192.0,84.7,2026-08-18
NEXT50ETF,EQ,18-Aug-2026,75.97,76.34,76.34,74.45,75.12,23367,17.58,136,22791.0,97.53,2026-08-18
NEXT50IETF,EQ,18-Aug-2026,78.92,78.92,79.0,78.26,78.69,390566,307.67,3813,299321.0,76.64,2026-08-18
NEXTMEDIA,EQ,18-Aug-2026,3.91,3.98,3.98,3.7,3.71,38951,1.46,42,35359.0,90.78,2026-08-18
NFL,EQ,18-Aug-2026,71.54,71.22,71.69,70.05,70.23,958299,675.9,5351,580503.0,60.58,2026-08-18
NFPSAMPOOR,SM,18-Aug-2026,23.0,23.0,23.0,22.2,22.2,12000,2.72,6,12000.0,100.0,2026-08-18
NGIL,BE,18-Aug-2026,40.73,41.54,42.4,39.5,40.0,9950,4.04,38,,,2026-08-18
NGLFINE,EQ,18-Aug-2026,2908.4,2940.0,3265.0,2923.2,3023.5,110560,3481.54,18434,14663.0,13.26,2026-08-18
NH,EQ,18-Aug-2026,1828.5,1823.9,1834.9,1799.1,1803.0,233127,4220.41,21325,151214.0,64.86,2026-08-18
NHPC,EQ,18-Aug-2026,76.6,76.59,76.99,76.2,76.73,5338983,4086.67,21449,3277566.0,61.39,2026-08-18
NIACL,EQ,18-Aug-2026,183.64,183.6,185.9,182.73,184.08,1033947,1903.57,13920,315851.0,30.55,2026-08-18
NIBE,EQ,18-Aug-2026,1439.0,1469.0,1480.0,1420.0,1444.4,68883,1004.1,5244,33129.0,48.09,2026-08-18
NIBL,EQ,18-Aug-2026,32.72,32.21,32.95,31.0,31.43,18101,5.73,330,13947.0,77.05,2026-08-18
NICCOPAR,EQ,18-Aug-2026,73.0,77.0,77.0,72.0,75.25,268,0.2,28,209.0,77.99,2026-08-18
NIDAN,SM,18-Aug-2026,12.75,13.95,13.95,13.5,13.5,8000,1.11,8,8000.0,100.0,2026-08-18
NIF100BEES,EQ,18-Aug-2026,270.68,270.68,273.38,267.68,269.25,104961,282.79,699,84066.0,80.09,2026-08-18
NIF100IETF,EQ,18-Aug-2026,28.55,28.55,28.55,28.28,28.38,57690,16.37,1239,27293.0,47.31,2026-08-18
NIFTY1,EQ,18-Aug-2026,270.52,277.28,277.28,268.01,269.09,59872,161.19,1120,26774.0,44.72,2026-08-18
NIFTY100EW,EQ,18-Aug-2026,35.74,36.77,36.77,35.51,35.64,27419,9.78,207,21939.0,80.01,2026-08-18
NIFTYADD,EQ,18-Aug-2026,256.83,256.58,256.67,255.0,255.42,3035,7.76,114,2102.0,69.26,2026-08-18
NIFTYAXIS,EQ,18-Aug-2026,269.85,269.85,269.85,268.0,268.21,3456,9.27,135,2449.0,70.86,2026-08-18
NIFTYBEES,EQ,18-Aug-2026,277.91,278.99,278.99,275.81,276.1,4677291,12922.0,41043,3105308.0,66.39,2026-08-18
NIFTYBETA,EQ,18-Aug-2026,270.55,273.26,273.26,267.97,268.59,49986,134.37,511,37477.0,74.97,2026-08-18
NIFTYBETF,EQ,18-Aug-2026,250.75,250.75,250.75,249.0,249.58,778,1.94,69,741.0,95.24,2026-08-18
NIFTYCASE,EQ,18-Aug-2026,9.78,10.02,10.02,9.71,9.74,616924,60.06,1690,377826.0,61.24,2026-08-18
NIFTYETF,EQ,18-Aug-2026,265.37,265.37,265.37,263.0,263.65,564123,1487.85,1369,388486.0,68.87,2026-08-18
NIFTYIETF,EQ,18-Aug-2026,276.5,269.58,276.56,269.58,274.6,317489,872.72,13215,191472.0,60.31,2026-08-18
NIFTYQLITY,EQ,18-Aug-2026,21.86,21.86,21.86,21.6,21.68,22776,4.93,219,20118.0,88.33,2026-08-18
NIITLTD,EQ,18-Aug-2026,95.63,95.25,95.7,92.89,93.08,407309,382.23,3583,273344.0,67.11,2026-08-18
NIITMTS,EQ,18-Aug-2026,239.01,240.0,241.0,234.0,235.53,108219,254.89,4838,63304.0,58.5,2026-08-18
NILAINFRA,EQ,18-Aug-2026,7.02,7.03,7.13,7.01,7.02,95278,6.71,282,72544.0,76.14,2026-08-18
NILASPACES,EQ,18-Aug-2026,12.87,13.05,13.45,12.5,12.74,1158760,150.04,1848,666282.0,57.5,2026-08-18
NILE,EQ,18-Aug-2026,1477.6,1463.1,1549.9,1463.1,1525.9,6611,100.34,813,3243.0,49.05,2026-08-18
NILKAMAL,EQ,18-Aug-2026,1810.0,1810.0,1880.0,1776.1,1846.7,37336,680.86,4176,18037.0,48.31,2026-08-18
NIMBSPROJ,EQ,18-Aug-2026,184.0,184.0,186.0,176.6,179.44,29851,55.15,56,4198.0,14.06,2026-08-18
NINSYS,EQ,18-Aug-2026,735.4,735.0,749.3,712.6,729.0,3635,26.48,344,2354.0,64.76,2026-08-18
NIPPOBATRY,EQ,18-Aug-2026,331.3,331.3,333.3,328.0,329.1,1475,4.87,106,1183.0,80.2,2026-08-18
NIRAJ,EQ,18-Aug-2026,28.61,28.8,28.97,27.8,28.92,58369,16.71,234,43793.0,75.03,2026-08-18
NIRAJISPAT,EQ,18-Aug-2026,211.0,225.0,230.0,200.0,212.0,223,0.5,13,206.0,92.38,2026-08-18
NIRLON,EQ,18-Aug-2026,621.5,625.4,626.0,620.15,621.9,4271,26.57,341,2912.0,68.18,2026-08-18
NIRMAN,SM,18-Aug-2026,31.35,32.8,32.9,31.4,31.6,11400,3.64,33,7200.0,63.16,2026-08-18
NITCO,EQ,18-Aug-2026,92.54,92.01,93.0,90.8,91.81,487557,448.16,2782,364997.0,74.86,2026-08-18
NITINSPIN,EQ,18-Aug-2026,553.75,556.75,610.0,554.5,606.9,3703991,22155.55,88265,418407.0,11.3,2026-08-18
NITIRAJ,EQ,18-Aug-2026,203.23,201.19,208.99,201.19,202.46,553,1.13,38,446.0,80.65,2026-08-18
NITTAGELA,EQ,18-Aug-2026,1589.1,1597.1,1631.0,1591.5,1599.8,6641,106.9,884,4620.0,69.57,2026-08-18
NIVABUPA,EQ,18-Aug-2026,82.71,82.11,84.25,82.11,83.74,644696,539.35,9060,328768.0,51.0,2026-08-18
NKIND,EQ,18-Aug-2026,60.49,61.85,61.85,59.9,60.02,112,0.07,8,111.0,99.11,2026-08-18
NLCINDIA,EQ,18-Aug-2026,277.65,277.2,278.7,274.3,276.65,866666,2395.87,16771,396261.0,45.72,2026-08-18
NMDC,EQ,18-Aug-2026,85.5,85.03,85.41,83.1,84.19,18390025,15470.02,52009,8621251.0,46.88,2026-08-18
NMSTEEL,SM,18-Aug-2026,23.0,23.0,23.0,23.0,23.0,3200,0.74,2,3200.0,100.0,2026-08-18
NOCIL,EQ,18-Aug-2026,163.71,162.6,167.33,162.51,162.93,226911,372.47,3778,122478.0,53.98,2026-08-18
NOIDATOLL,BE,18-Aug-2026,4.03,4.04,4.15,3.98,4.07,27494,1.11,140,,,2026-08-18
NORBTEAEXP,EQ,18-Aug-2026,66.17,66.5,67.6,64.3,66.72,1506,1.0,35,1219.0,80.94,2026-08-18
NORTHARC,EQ,18-Aug-2026,278.7,278.4,295.0,276.5,289.2,974974,2777.84,15922,600356.0,61.58,2026-08-18
NOVAAGRI,BE,18-Aug-2026,25.71,25.4,26.99,24.6,25.52,67636,17.38,323,,,2026-08-18
NOVARTIND,EQ,18-Aug-2026,1589.1,1589.1,1601.9,1579.0,1596.5,3787,60.23,850,2037.0,53.79,2026-08-18
NPBET,EQ,18-Aug-2026,283.33,283.28,285.5,281.54,285.04,4184,11.83,14,4060.0,97.04,2026-08-18
NPST,EQ,18-Aug-2026,1622.8,1638.0,1638.0,1540.8,1591.0,39454,623.34,4306,18730.0,47.47,2026-08-18
NRAIL,EQ,18-Aug-2026,509.9,519.0,519.0,499.15,503.95,12055,61.05,844,6982.0,57.92,2026-08-18
NRBBEARING,EQ,18-Aug-2026,484.05,484.0,491.35,478.45,485.6,506917,2457.94,14355,207351.0,40.9,2026-08-18
NRL,BE,18-Aug-2026,116.0,116.0,116.0,115.0,115.0,63961,73.76,128,,,2026-08-18
NRVANDANA,ST,18-Aug-2026,66.25,67.9,67.9,67.8,67.85,18000,12.22,6,9000.0,50.0,2026-08-18
NSIL,EQ,18-Aug-2026,5555.0,5515.0,5598.5,5515.0,5558.5,1628,90.4,328,1206.0,74.08,2026-08-18
NSLNISP,EQ,18-Aug-2026,41.76,41.0,41.91,40.25,40.49,8519973,3474.98,27991,4092978.0,48.04,2026-08-18
NTCIND,EQ,18-Aug-2026,144.45,146.0,146.0,140.0,142.17,241,0.34,28,239.0,99.17,2026-08-18
NTPC,EQ,18-Aug-2026,337.0,337.0,339.3,333.9,337.1,9943991,33623.75,115642,6295642.0,63.31,2026-08-18
NTPCGREEN,EQ,18-Aug-2026,92.14,92.09,92.79,91.9,92.17,1292982,1192.53,11341,673115.0,52.06,2026-08-18
NUCLEUS,EQ,18-Aug-2026,713.8,713.5,720.65,707.05,711.85,10551,75.24,1209,5552.0,52.62,2026-08-18
NURECA,BE,18-Aug-2026,340.3,349.3,349.3,327.0,329.9,6463,21.42,214,,,2026-08-18
NUVAMA,EQ,18-Aug-2026,1731.2,1727.4,1750.0,1696.4,1746.8,342098,5909.17,24444,213802.0,62.5,2026-08-18
NUVOCO,EQ,18-Aug-2026,331.1,331.1,331.45,325.1,326.45,193929,635.2,9584,92232.0,47.56,2026-08-18
NV20,EQ,18-Aug-2026,14.07,14.04,14.06,13.94,14.01,43408,6.07,169,41761.0,96.21,2026-08-18
NV20BEES,EQ,18-Aug-2026,140.96,140.58,140.7,139.59,139.9,6658,9.31,193,3554.0,53.38,2026-08-18
NV20IETF,EQ,18-Aug-2026,13.73,13.85,13.85,13.6,13.65,305133,41.68,1664,176522.0,57.85,2026-08-18
NXST,RR,18-Aug-2026,168.01,169.0,169.45,167.75,167.81,406833,684.69,9653,368474.0,90.57,2026-08-18
NXT-INFRA,IV,18-Aug-2026,95.5,96.0,97.0,95.33,97.0,23400000,22313.67,66,23375000.0,99.89,2026-08-18
NYKAA,EQ,18-Aug-2026,327.05,325.4,328.45,320.6,320.6,1681742,5439.99,14809,1146038.0,68.15,2026-08-18
OAL,EQ,18-Aug-2026,349.45,349.5,358.0,339.5,341.95,15287,52.79,554,8628.0,56.44,2026-08-18
OBCL,EQ,18-Aug-2026,53.99,54.0,54.6,53.16,54.0,20269,10.95,24,19847.0,97.92,2026-08-18
OBEROIRLTY,EQ,18-Aug-2026,1931.0,1950.4,1960.7,1858.0,1858.0,1642587,31262.13,69395,341241.0,20.77,2026-08-18
OBSCP,SM,18-Aug-2026,860.15,888.0,888.0,841.0,850.7,47600,408.84,114,28800.0,60.5,2026-08-18
OCCLLTD,BE,18-Aug-2026,156.97,158.9,164.81,156.95,164.81,78853,127.67,415,,,2026-08-18
ODIGMA,EQ,18-Aug-2026,22.64,22.21,22.99,22.21,22.88,10518,2.37,306,9066.0,86.2,2026-08-18
ODYCORP,EQ,18-Aug-2026,7.15,7.49,7.49,6.36,6.78,12996,0.88,91,12786.0,98.38,2026-08-18
OFSS,EQ,18-Aug-2026,11789.0,11751.0,11840.0,11614.0,11623.0,111496,13098.75,16128,57836.0,51.87,2026-08-18
OIL,EQ,18-Aug-2026,474.65,480.0,487.2,478.7,480.5,5000847,24148.41,57053,1985933.0,39.71,2026-08-18
OILCOUNTUB,BE,18-Aug-2026,59.6,59.8,59.8,57.8,59.6,12076,7.14,70,,,2026-08-18
OILIETF,EQ,18-Aug-2026,11.42,11.43,11.47,11.38,11.39,883307,100.94,1869,627936.0,71.09,2026-08-18
OLAELEC,EQ,18-Aug-2026,39.22,39.22,39.65,38.5,38.61,18175012,7054.3,52570,5784585.0,31.83,2026-08-18
OLECTRA,EQ,18-Aug-2026,1320.1,1329.0,1337.0,1316.7,1324.1,189197,2510.11,12841,76349.0,40.35,2026-08-18
OLIL,SM,18-Aug-2026,415.0,410.0,414.95,405.0,414.0,6000,24.64,13,5200.0,86.67,2026-08-18
OMAXAUTO,EQ,18-Aug-2026,195.24,196.28,199.9,195.41,198.69,27371,54.12,883,15239.0,55.68,2026-08-18
OMAXE,EQ,18-Aug-2026,100.83,100.57,104.8,99.75,101.93,2278564,2334.38,16527,484027.0,21.24,2026-08-18
OMFREIGHT,BE,18-Aug-2026,95.31,95.3,95.3,92.15,94.2,2997,2.8,61,,,2026-08-18
OMFURN,SM,18-Aug-2026,54.45,55.0,57.15,54.9,57.1,159600,88.32,14,159600.0,100.0,2026-08-18
OMINFRAL,EQ,18-Aug-2026,86.87,87.0,87.99,85.85,86.75,94141,82.03,2115,31856.0,33.84,2026-08-18
OMNI,EQ,18-Aug-2026,564.45,564.0,587.5,564.0,581.6,442473,2558.53,15980,128272.0,28.99,2026-08-18
OMPOWER,EQ,18-Aug-2026,167.96,167.13,168.0,164.6,167.64,44477,73.94,879,27161.0,61.07,2026-08-18
ONDOOR,SM,18-Aug-2026,244.0,244.0,244.0,236.0,236.0,2400,5.75,7,1500.0,62.5,2026-08-18
ONEGLOBAL,EQ,18-Aug-2026,565.3,537.05,543.0,537.05,537.05,17961,96.55,624,12726.0,70.85,2026-08-18
ONELIFECAP,BE,18-Aug-2026,35.41,34.52,35.28,33.64,33.79,77480,26.22,112,,,2026-08-18
ONEPOINT,EQ,18-Aug-2026,57.21,56.93,57.28,55.76,56.25,767856,433.69,12553,353527.0,46.04,2026-08-18
ONESOURCE,EQ,18-Aug-2026,1558.2,1554.0,1570.2,1531.2,1542.3,231526,3584.3,19615,156119.0,67.43,2026-08-18
ONGC,EQ,18-Aug-2026,238.49,239.5,241.3,238.02,239.5,14903605,35734.89,138575,7819029.0,52.46,2026-08-18
ONIDA,EQ,18-Aug-2026,36.02,35.76,36.88,35.52,35.68,150788,54.24,1518,89497.0,59.35,2026-08-18
ONIXSOLAR,EQ,18-Aug-2026,375.4,357.0,357.0,356.65,356.65,1217,4.34,47,1217.0,100.0,2026-08-18
ONMOBILE,BE,18-Aug-2026,61.77,60.54,60.54,60.54,60.54,9684,5.86,115,,,2026-08-18
ONWARDTEC,EQ,18-Aug-2026,286.75,286.75,286.8,282.0,283.65,14701,41.75,615,8505.0,57.85,2026-08-18
ONYX,ST,18-Aug-2026,41.8,39.75,41.0,39.75,41.0,18000,7.28,9,14000.0,77.78,2026-08-18
OPTIEMUS,EQ,18-Aug-2026,554.35,554.35,557.95,543.2,551.15,118199,649.16,5388,60990.0,51.6,2026-08-18
OPTIFIN,EQ,18-Aug-2026,11.45,11.41,13.74,11.41,11.76,5730,0.72,98,5356.0,93.47,2026-08-18
OPTIMYSTIX,ST,18-Aug-2026,182.0,178.0,181.4,173.9,179.15,229600,405.44,154,226400.0,98.61,2026-08-18
OPTIVALUE,ST,18-Aug-2026,185.25,177.05,194.5,177.05,192.5,172800,332.54,70,161600.0,93.52,2026-08-18
ORBTEXP,BE,18-Aug-2026,230.73,230.73,239.2,227.55,235.47,4109,9.6,64,,,2026-08-18
ORCHASP,EQ,18-Aug-2026,1.4,1.42,1.43,1.38,1.42,141220,1.98,199,114614.0,81.16,2026-08-18
ORCHPHARMA,EQ,18-Aug-2026,998.35,999.0,1000.0,951.0,969.2,103600,1002.31,9684,50357.0,48.61,2026-08-18
ORIANA,SM,18-Aug-2026,1246.0,1246.0,1267.95,1180.1,1212.45,145425,1772.65,1368,102225.0,70.29,2026-08-18
ORICONENT,EQ,18-Aug-2026,53.38,53.11,57.81,52.31,56.03,832809,459.52,1726,791421.0,95.03,2026-08-18
ORIENTALTL,EQ,18-Aug-2026,5.05,5.1,5.12,5.0,5.01,94568,4.76,275,80316.0,84.93,2026-08-18
ORIENTBELL,EQ,18-Aug-2026,349.05,349.1,361.9,348.0,349.95,31200,109.83,824,24339.0,78.01,2026-08-18
ORIENTCEM,EQ,18-Aug-2026,131.89,131.89,132.0,130.12,130.54,100991,132.25,1414,59457.0,58.87,2026-08-18
ORIENTCER,EQ,18-Aug-2026,44.08,43.8,44.69,42.8,43.8,79766,34.88,1629,37948.0,47.57,2026-08-18
ORIENTELEC,EQ,18-Aug-2026,187.42,187.6,188.31,183.75,184.22,102644,189.83,1803,60211.0,58.66,2026-08-18
ORIENTHOT,EQ,18-Aug-2026,122.35,122.0,124.04,119.12,121.21,192296,232.9,3296,99690.0,51.84,2026-08-18
ORIENTLTD,BE,18-Aug-2026,76.01,76.01,78.98,74.49,76.11,1146,0.89,39,,,2026-08-18
ORIENTPPR,EQ,18-Aug-2026,17.1,17.25,17.64,17.02,17.34,283563,49.11,899,168737.0,59.51,2026-08-18
ORIENTTECH,EQ,18-Aug-2026,254.85,253.95,255.65,247.35,249.6,141869,355.88,3209,81382.0,57.36,2026-08-18
ORIRAIL,EQ,18-Aug-2026,109.4,110.2,110.5,105.0,107.73,19425,20.95,348,15789.0,81.28,2026-08-18
ORISSAMINE,EQ,18-Aug-2026,4871.1,4825.1,4916.8,4725.0,4747.5,11722,560.04,2759,4815.0,41.08,2026-08-18
ORKLAINDIA,EQ,18-Aug-2026,544.3,544.3,551.45,542.3,545.55,43632,238.14,4723,25152.0,57.65,2026-08-18
ORTINGLOBE,EQ,18-Aug-2026,15.89,15.1,16.5,15.1,15.79,18953,3.01,41,15581.0,82.21,2026-08-18
OSELDEVICE,SM,18-Aug-2026,374.85,373.0,375.95,362.25,365.95,36400,133.97,137,26600.0,73.08,2026-08-18
OSIAHYPER,BE,18-Aug-2026,2.58,2.7,2.7,2.68,2.7,408435,11.02,327,,,2026-08-18
OSWALAGRO,EQ,18-Aug-2026,37.82,38.4,38.5,36.36,36.77,56877,21.27,506,39672.0,69.75,2026-08-18
OSWALGREEN,EQ,18-Aug-2026,21.08,21.08,21.4,20.85,20.92,52882,11.08,381,35867.0,67.82,2026-08-18
OSWALPUMPS,EQ,18-Aug-2026,304.0,302.45,303.55,293.8,297.95,793507,2355.81,11803,455069.0,57.35,2026-08-18
OSWALSEEDS,EQ,18-Aug-2026,13.59,13.45,13.56,12.88,12.92,400753,52.11,1114,272308.0,67.95,2026-08-18
OWAIS,ST,18-Aug-2026,74.95,71.85,72.6,71.25,71.25,14400,10.27,86,14100.0,97.92,2026-08-18
PACEDIGITK,EQ,18-Aug-2026,176.46,176.46,178.05,176.0,176.66,402007,711.96,4613,173683.0,43.2,2026-08-18
PACIFICI,EQ,18-Aug-2026,139.77,141.16,141.16,138.99,138.99,34,0.05,12,23.0,67.65,2026-08-18
PAGEIND,EQ,18-Aug-2026,37360.0,37370.0,37495.0,36425.0,36425.0,46266,17014.88,18879,25039.0,54.12,2026-08-18
PAISALO,EQ,18-Aug-2026,67.59,67.9,69.1,67.2,67.57,6916449,4702.71,14295,3250726.0,47.0,2026-08-18
PAKKA,EQ,18-Aug-2026,89.28,92.51,100.63,88.41,95.49,2369403,2249.5,26356,581062.0,24.52,2026-08-18
PALASHSECU,EQ,18-Aug-2026,89.78,86.51,88.98,84.5,86.46,11363,9.87,121,9985.0,87.87,2026-08-18
PALREDTEC,BE,18-Aug-2026,53.09,51.0,55.74,51.0,55.6,9300,5.13,60,,,2026-08-18
PANACEABIO,EQ,18-Aug-2026,413.15,411.45,424.5,401.2,405.85,159241,653.59,4485,83823.0,52.64,2026-08-18
PANACHE,BE,18-Aug-2026,540.65,540.65,559.4,525.0,538.15,8916,48.14,210,,,2026-08-18
PANAMAPET,EQ,18-Aug-2026,487.1,491.7,512.2,489.0,502.65,850415,4285.48,20868,284802.0,33.49,2026-08-18
PANCHMAHQ,EQ,18-Aug-2026,315.0,331.0,331.0,275.0,286.85,81,0.24,18,41.0,50.62,2026-08-18
PANORAMA,EQ,18-Aug-2026,47.16,47.85,48.03,45.86,46.41,591390,281.14,886,538259.0,91.02,2026-08-18
PANSARI,EQ,18-Aug-2026,318.65,318.0,318.0,302.0,314.85,125,0.39,42,87.0,69.6,2026-08-18
PAR,EQ,18-Aug-2026,100.91,100.91,102.5,98.3,101.24,17995,18.09,158,13171.0,73.19,2026-08-18
PARACABLES,EQ,18-Aug-2026,63.55,63.11,66.0,63.11,63.64,1520266,979.43,9766,705085.0,46.38,2026-08-18
PARADEEP,EQ,18-Aug-2026,146.66,146.66,149.65,145.07,147.82,2052905,3024.04,21397,681172.0,33.18,2026-08-18
PARAGMILK,EQ,18-Aug-2026,207.29,208.0,219.98,208.0,211.03,1852610,3978.77,23200,730927.0,39.45,2026-08-18
PARAGON,SM,18-Aug-2026,49.0,48.05,49.8,48.05,49.65,27600,13.5,21,18000.0,65.22,2026-08-18
PARAS,EQ,18-Aug-2026,1388.5,1385.0,1527.3,1384.7,1527.3,5405217,79958.73,179035,1452399.0,26.87,2026-08-18
PARASPETRO,EQ,18-Aug-2026,2.3,2.3,2.36,2.24,2.26,259668,5.92,303,185031.0,71.26,2026-08-18
PARIN,SM,18-Aug-2026,713.0,725.0,725.0,725.0,725.0,250,1.81,1,250.0,100.0,2026-08-18
PARKHOSPS,EQ,18-Aug-2026,276.65,276.0,278.85,273.55,276.85,253850,700.55,10819,145848.0,57.45,2026-08-18
PARKHOTELS,EQ,18-Aug-2026,116.48,116.48,117.79,115.5,116.4,102246,119.04,1506,67541.0,66.06,2026-08-18
PARNAXLAB,EQ,18-Aug-2026,119.65,120.99,123.0,116.0,122.0,1881,2.28,59,1670.0,88.78,2026-08-18
PARSVNATH,BE,18-Aug-2026,1.47,1.45,1.45,1.45,1.45,488299,7.08,157,,,2026-08-18
PARTH,SM,18-Aug-2026,459.2,460.0,465.0,455.0,462.8,26000,119.63,56,22800.0,87.69,2026-08-18
PARTYCRUS,SM,18-Aug-2026,83.5,81.0,83.0,81.0,81.0,4000,3.26,4,3000.0,75.0,2026-08-18
PASHUPATI,EQ,18-Aug-2026,84.79,85.7,85.7,84.71,85.32,10109,8.62,1743,4898.0,48.45,2026-08-18
PASUPTAC,BE,18-Aug-2026,61.08,62.75,64.0,61.1,61.54,77265,48.24,376,,,2026-08-18
PATANJALI,EQ,18-Aug-2026,353.9,352.5,353.9,345.8,351.65,3890440,13648.32,26539,1164198.0,29.92,2026-08-18
PATELENG,EQ,18-Aug-2026,28.48,28.4,28.58,27.72,27.84,2937500,823.73,8021,2004967.0,68.25,2026-08-18
PATELRMART,EQ,18-Aug-2026,229.1,228.0,235.99,222.44,228.5,203946,471.09,4581,64781.0,31.76,2026-08-18
PATILAUTOM,SM,18-Aug-2026,237.95,242.5,247.75,228.0,235.45,127800,302.5,162,100800.0,78.87,2026-08-18
PATINTLOG,BE,18-Aug-2026,13.7,14.05,14.05,13.35,13.65,75798,10.4,177,,,2026-08-18
PAUSHAKLTD,EQ,18-Aug-2026,734.2,734.25,759.0,723.05,752.35,43118,320.87,3119,21329.0,49.47,2026-08-18
PAVNAIND,EQ,18-Aug-2026,18.92,18.92,18.92,17.67,18.15,65817,11.94,332,47364.0,71.96,2026-08-18
PAYTM,EQ,18-Aug-2026,1580.2,1580.2,1599.0,1546.3,1546.3,3848121,60239.66,148816,1023268.0,26.59,2026-08-18
PBMPOLY,EQ,18-Aug-2026,63.5,64.8,64.8,58.8,60.42,405,0.25,27,403.0,99.51,2026-08-18
PCBL,EQ,18-Aug-2026,315.45,321.0,329.9,317.35,326.55,4673600,15119.02,58267,879986.0,18.83,2026-08-18
PCCL,SM,18-Aug-2026,308.45,310.0,320.0,310.0,319.45,25200,79.65,52,23600.0,93.65,2026-08-18
PCJEWELLER,EQ,18-Aug-2026,9.79,9.78,9.79,9.56,9.62,66270759,6412.43,26782,22218509.0,33.53,2026-08-18
PDMJEPAPER,EQ,18-Aug-2026,87.82,87.82,89.9,87.26,88.94,82180,72.82,1810,32739.0,39.84,2026-08-18
PDSL,EQ,18-Aug-2026,376.35,375.0,375.4,361.75,363.0,86518,317.46,5044,44274.0,51.17,2026-08-18
PEARLPOLY,EQ,18-Aug-2026,16.3,16.31,16.5,16.11,16.12,1496,0.24,23,1315.0,87.9,2026-08-18
PELATRO,SM,18-Aug-2026,283.5,281.0,287.0,281.0,286.5,1800,5.13,6,1200.0,66.67,2026-08-18
PENIND,EQ,18-Aug-2026,151.45,151.5,153.45,150.06,152.49,202503,307.76,3461,108311.0,53.49,2026-08-18
PENINLAND,BE,18-Aug-2026,15.22,14.93,15.15,14.93,15.1,30981,4.64,60,,,2026-08-18
PENTAGON,SM,18-Aug-2026,50.25,50.25,50.25,50.25,50.25,2000,1.01,2,2000.0,100.0,2026-08-18
PERMAGN,EQ,18-Aug-2026,813.6,821.0,821.0,784.05,804.75,3492,27.95,390,2680.0,76.75,2026-08-18
PERSISTENT,EQ,18-Aug-2026,5570.0,5571.5,5571.5,5442.5,5442.5,353161,19442.72,22043,167644.0,47.47,2026-08-18
PETRONET,EQ,18-Aug-2026,281.8,281.8,286.95,281.8,286.25,2933102,8369.64,38094,1988821.0,67.81,2026-08-18
PFC,EQ,18-Aug-2026,374.4,375.0,376.55,373.6,374.45,7433916,27862.79,96275,4961430.0,66.74,2026-08-18
PFIZER,EQ,18-Aug-2026,4829.1,4818.0,4825.0,4751.2,4799.3,76326,3647.89,8611,54820.0,71.82,2026-08-18
PFOCUS,EQ,18-Aug-2026,266.4,266.05,289.0,264.0,286.25,2789751,7919.76,48250,364053.0,13.05,2026-08-18
PFS,EQ,18-Aug-2026,28.14,28.14,29.6,27.95,28.2,492747,138.76,2966,280311.0,56.89,2026-08-18
PGEL,EQ,18-Aug-2026,614.0,609.0,614.3,594.5,597.0,2081510,12509.6,29866,702019.0,33.73,2026-08-18
PGHH,EQ,18-Aug-2026,8365.0,8400.0,8410.0,8300.0,8317.0,11764,980.43,3108,5148.0,43.76,2026-08-18
PGHL,EQ,18-Aug-2026,5836.5,5836.5,5853.0,5746.5,5838.0,13004,754.64,3142,8143.0,62.62,2026-08-18
PGIL,EQ,18-Aug-2026,2378.0,2390.0,2390.5,2351.0,2360.8,37637,891.54,8882,18762.0,49.85,2026-08-18
PGINVIT,IV,18-Aug-2026,100.3,100.45,100.48,99.89,99.94,1237846,1238.95,6360,1106003.0,89.35,2026-08-18
PHANTOMFX,SM,18-Aug-2026,122.4,123.8,133.95,122.85,124.1,39000,49.42,90,33300.0,85.38,2026-08-18
PHARMABEES,EQ,18-Aug-2026,27.18,27.85,27.85,26.5,27.18,3531468,960.32,8690,2141057.0,60.63,2026-08-18
PHOENIXLTD,EQ,18-Aug-2026,1929.8,1938.1,1940.0,1905.1,1940.0,456494,8784.9,26134,289233.0,63.36,2026-08-18
PHOENXINTL,EQ,18-Aug-2026,32.58,34.8,34.8,29.05,30.17,10208,3.25,181,8683.0,85.06,2026-08-18
PHOGLOBAL,SM,18-Aug-2026,15.8,15.5,15.6,15.05,15.5,16000,2.47,8,14000.0,87.5,2026-08-18
PICCADIL,EQ,18-Aug-2026,695.45,699.8,709.95,688.5,692.85,401956,2806.39,16632,148669.0,36.99,2026-08-18
PIDILITIND,EQ,18-Aug-2026,1669.0,1665.0,1674.0,1657.3,1674.0,655495,10918.61,21882,463743.0,70.75,2026-08-18
PIGL,EQ,18-Aug-2026,104.62,105.17,109.38,105.14,106.21,81795,87.51,1001,38724.0,47.34,2026-08-18
PIIND,EQ,18-Aug-2026,2472.0,2490.0,2545.0,2458.6,2515.0,623898,15518.7,25472,408274.0,65.44,2026-08-18
PILANIINVS,EQ,18-Aug-2026,4445.1,4444.8,4464.0,4380.0,4385.7,1861,82.06,341,1235.0,66.36,2026-08-18
PILITA,EQ,18-Aug-2026,8.18,8.52,8.52,8.01,8.06,62549,5.08,166,54790.0,87.6,2026-08-18
PINELABS,EQ,18-Aug-2026,162.63,163.35,165.41,159.25,160.32,13598806,22006.45,104559,5812441.0,42.74,2026-08-18
PIONEEREMB,EQ,18-Aug-2026,22.78,22.61,22.79,22.56,22.65,6217,1.41,52,5541.0,89.13,2026-08-18
PIONRINV,BE,18-Aug-2026,84.7,84.5,84.5,80.47,80.47,512,0.42,12,,,2026-08-18
PIRAMALFIN,EQ,18-Aug-2026,2066.1,2052.0,2079.8,2038.0,2060.5,176263,3634.39,16996,113212.0,64.23,2026-08-18
PITTIENG,EQ,18-Aug-2026,1046.55,1046.55,1059.9,1028.15,1035.8,171313,1787.06,8405,106772.0,62.33,2026-08-18
PIXTRANS,EQ,18-Aug-2026,1938.8,1940.1,1953.4,1876.6,1884.8,17367,330.63,2793,9288.0,53.48,2026-08-18
PKTEA,EQ,18-Aug-2026,704.5,704.5,733.0,675.25,723.75,77,0.54,12,66.0,85.71,2026-08-18
PLASTIBLEN,EQ,18-Aug-2026,191.8,191.3,193.0,188.8,190.71,22233,42.35,754,13746.0,61.83,2026-08-18
PLATIND,EQ,18-Aug-2026,214.2,216.05,217.83,206.2,209.69,83394,175.59,2454,45615.0,54.7,2026-08-18
PLAZACABLE,EQ,18-Aug-2026,53.57,51.6,53.7,51.05,52.38,121729,63.7,1088,53747.0,44.15,2026-08-18
PML,EQ,18-Aug-2026,503.45,500.0,504.9,490.4,504.9,459,2.28,21,459.0,100.0,2026-08-18
PNB,EQ,18-Aug-2026,117.32,117.0,117.99,116.5,116.5,7856627,9197.03,41897,3507568.0,44.64,2026-08-18
PNBGILTS,EQ,18-Aug-2026,80.34,80.84,80.9,79.02,79.5,103481,82.73,1232,53305.0,51.51,2026-08-18
PNBHOUSING,EQ,18-Aug-2026,1150.8,1145.9,1153.9,1128.9,1145.8,739039,8451.21,27453,496526.0,67.19,2026-08-18
PNC,EQ,18-Aug-2026,18.1,18.1,18.7,17.9,18.15,8843,1.61,159,7125.0,80.57,2026-08-18
PNCINFRA,EQ,18-Aug-2026,215.17,215.15,215.19,210.82,213.96,454469,966.29,17894,222784.0,49.02,2026-08-18
PNGJL,EQ,18-Aug-2026,610.4,614.85,619.4,604.25,607.85,166334,1012.43,7116,96218.0,57.85,2026-08-18
PNGSREVA,EQ,18-Aug-2026,576.45,567.2,616.0,566.55,574.2,383388,2264.42,14314,124350.0,32.43,2026-08-18
POCL,EQ,18-Aug-2026,486.75,486.85,503.1,486.0,500.85,437989,2186.37,9200,229331.0,52.36,2026-08-18
PODDARMENT,EQ,18-Aug-2026,253.45,256.8,256.8,251.0,252.4,638,1.62,72,482.0,75.55,2026-08-18
POEL,EQ,18-Aug-2026,148.41,148.41,165.31,148.41,161.65,43701,69.21,1000,26968.0,61.71,2026-08-18
POKARNA,EQ,18-Aug-2026,937.8,940.0,950.15,917.0,923.7,43179,401.71,2551,23380.0,54.15,2026-08-18
POLICYBZR,EQ,18-Aug-2026,1728.1,1728.0,1767.5,1721.1,1747.0,1267107,22230.18,35731,812258.0,64.1,2026-08-18
POLYCAB,EQ,18-Aug-2026,9370.0,9349.5,9349.5,9049.0,9139.0,256413,23528.52,28589,120407.0,46.96,2026-08-18
POLYMED,EQ,18-Aug-2026,1733.6,1733.6,1788.4,1722.7,1784.7,224876,3985.09,23495,123485.0,54.91,2026-08-18
POLYPLEX,EQ,18-Aug-2026,1210.8,1217.1,1220.9,1177.9,1182.0,90057,1079.47,4485,60037.0,66.67,2026-08-18
POLYSIL,SM,18-Aug-2026,67.45,64.1,64.1,64.1,64.1,14000,8.97,12,14000.0,100.0,2026-08-18
POLYSPIN,EQ,18-Aug-2026,31.53,34.79,34.79,28.36,30.65,2118,0.67,47,1933.0,91.27,2026-08-18
PONNIERODE,EQ,18-Aug-2026,350.75,370.6,377.6,354.0,357.65,185152,679.35,6462,112130.0,60.56,2026-08-18
POONAWALLA,EQ,18-Aug-2026,497.45,498.0,503.25,494.55,497.9,600068,2992.94,14614,304389.0,50.73,2026-08-18
POSITRON,SM,18-Aug-2026,169.95,169.0,169.0,163.5,166.0,5400,8.93,16,4200.0,77.78,2026-08-18
POWERGRID,EQ,18-Aug-2026,266.15,266.2,268.95,266.05,268.0,6792173,18169.91,55386,4657816.0,68.58,2026-08-18
POWERICA,EQ,18-Aug-2026,560.35,570.0,574.0,553.2,560.65,131838,746.56,5123,78597.0,59.62,2026-08-18
POWERINDIA,EQ,18-Aug-2026,35450.0,35580.0,35580.0,35200.0,35275.0,47426,16763.78,15785,18808.0,39.66,2026-08-18
POWERMECH,EQ,18-Aug-2026,2452.3,2452.3,2494.0,2425.3,2443.8,53837,1322.46,8982,23752.0,44.12,2026-08-18
PPAP,BE,18-Aug-2026,280.0,274.4,280.9,272.15,275.5,21301,58.68,342,,,2026-08-18
PPL,BE,18-Aug-2026,272.65,269.5,273.0,267.0,271.3,16147,43.47,354,,,2026-08-18
PPLPHARMA,EQ,18-Aug-2026,204.73,200.1,211.6,200.1,210.53,5337954,11136.72,55816,1757194.0,32.92,2026-08-18
PPSL,SM,18-Aug-2026,2.85,2.75,2.95,2.75,2.95,111000,3.13,33,84000.0,75.68,2026-08-18
PRABHA,EQ,18-Aug-2026,163.38,164.31,196.05,163.0,192.2,5359104,10171.76,40505,726201.0,13.55,2026-08-18
PRADPME,BE,18-Aug-2026,499.1,506.8,524.05,501.55,524.0,15087,78.39,130,,,2026-08-18
PRAENG,EQ,18-Aug-2026,19.8,19.98,19.98,18.8,19.12,61920,11.96,241,44689.0,72.17,2026-08-18
PRAJIND,EQ,18-Aug-2026,334.05,333.15,346.95,332.7,336.5,1435246,4890.72,30917,396901.0,27.65,2026-08-18
PRAKASH,EQ,18-Aug-2026,134.43,135.0,136.89,132.7,134.97,606010,817.53,8498,319387.0,52.7,2026-08-18
PRAKASHSTL,EQ,18-Aug-2026,3.98,3.98,3.99,3.91,3.92,178977,7.02,287,132666.0,74.12,2026-08-18
PRAMARA,SM,18-Aug-2026,106.1,106.5,116.7,104.5,116.7,56000,61.77,75,34000.0,60.71,2026-08-18
PRANIK,SM,18-Aug-2026,40.9,41.55,42.55,41.55,42.55,3200,1.35,2,3200.0,100.0,2026-08-18
PRATHAM,SM,18-Aug-2026,120.9,124.0,124.0,118.0,120.65,10400,12.77,8,9600.0,92.31,2026-08-18
PRAVEG,EQ,18-Aug-2026,258.9,257.65,264.0,246.4,252.95,147168,369.69,4672,76875.0,52.24,2026-08-18
PRAXIS,EQ,18-Aug-2026,5.87,6.04,6.04,5.35,5.4,554400,30.51,660,435885.0,78.62,2026-08-18
PRECAM,EQ,18-Aug-2026,134.65,133.75,136.04,132.25,133.16,57774,77.5,1726,25741.0,44.55,2026-08-18
PRECISION,ST,18-Aug-2026,8.25,7.9,7.9,7.85,7.85,4000,0.32,2,4000.0,100.0,2026-08-18
PRECOT,EQ,18-Aug-2026,698.45,698.45,758.0,690.0,741.15,4837,35.16,440,2797.0,57.83,2026-08-18
PRECWIRE,EQ,18-Aug-2026,457.75,454.2,462.45,450.65,458.2,383093,1750.35,15202,133110.0,34.75,2026-08-18
PREMCO,EQ,18-Aug-2026,378.35,385.0,385.0,372.5,375.65,472,1.77,55,346.0,73.31,2026-08-18
PREMEXPLN,EQ,18-Aug-2026,672.65,674.9,676.0,667.5,668.25,352325,2361.44,3714,275347.0,78.15,2026-08-18
PREMIER,BE,18-Aug-2026,2.72,2.7,2.83,2.7,2.77,1826,0.05,10,,,2026-08-18
PREMIERENE,EQ,18-Aug-2026,1015.5,1020.0,1029.9,1010.6,1014.7,538817,5486.21,29556,227583.0,42.24,2026-08-18
PREMIERPOL,EQ,18-Aug-2026,83.59,85.0,88.0,82.32,86.37,2453055,2105.28,26508,528231.0,21.53,2026-08-18
PREMIUM,SM,18-Aug-2026,36.25,37.95,37.95,37.95,37.95,3000,1.14,1,3000.0,100.0,2026-08-18
PRESSTONIC,SM,18-Aug-2026,29.25,29.5,30.5,28.4,28.85,42400,12.27,30,39200.0,92.45,2026-08-18
PRESTIGE,EQ,18-Aug-2026,1591.9,1588.0,1612.6,1563.1,1590.0,681676,10841.7,26883,339719.0,49.84,2026-08-18
PRICOLLTD,EQ,18-Aug-2026,806.55,808.0,813.05,795.35,800.05,323362,2591.88,20743,169753.0,52.5,2026-08-18
PRIMECAB,ST,18-Aug-2026,185.0,185.0,192.9,183.0,191.45,24000,45.44,15,22400.0,93.33,2026-08-18
PRIMESECU,EQ,18-Aug-2026,283.3,285.4,285.7,280.0,282.2,10289,29.05,346,8807.0,85.6,2026-08-18
PRIMO,EQ,18-Aug-2026,23.28,23.7,23.7,22.75,22.98,116805,26.95,1096,86801.0,74.31,2026-08-18
PRINCEPIPE,EQ,18-Aug-2026,284.25,285.6,291.45,283.35,289.75,278635,802.9,6339,149663.0,53.71,2026-08-18
PRISMX,EQ,18-Aug-2026,0.52,0.55,0.55,0.53,0.54,94707,0.51,108,92607.0,97.78,2026-08-18
PRITI,BE,18-Aug-2026,34.56,34.5,34.5,34.0,34.18,8307,2.84,143,,,2026-08-18
PRITIKAUTO,BE,18-Aug-2026,17.49,17.41,17.79,17.4,17.65,83001,14.62,269,,,2026-08-18
PRIVISCL,EQ,18-Aug-2026,3449.0,3444.0,3484.2,3409.0,3454.6,88946,3065.27,12805,64627.0,72.66,2026-08-18
PRIZOR,ST,18-Aug-2026,840.15,832.0,870.0,832.0,839.5,11200,94.98,28,10400.0,92.86,2026-08-18
PRLIND,SM,18-Aug-2026,43.05,43.0,43.6,42.4,43.55,18000,7.73,13,15000.0,83.33,2026-08-18
PROFX,SM,18-Aug-2026,77.0,79.95,82.0,79.95,82.0,4800,3.87,3,3200.0,66.67,2026-08-18
PROPSHOP,SM,18-Aug-2026,66.2,65.85,70.0,59.95,69.85,368000,250.6,126,316000.0,85.87,2026-08-18
PROSTARM,EQ,18-Aug-2026,135.96,136.6,140.98,131.27,132.22,217948,294.87,3263,101533.0,46.59,2026-08-18
PROTEAN,EQ,18-Aug-2026,548.5,550.0,554.0,543.2,551.75,153670,844.43,6782,83110.0,54.08,2026-08-18
PROV,SM,18-Aug-2026,1905.0,1900.0,1940.0,1900.0,1925.0,1120,21.61,13,1040.0,92.86,2026-08-18
PROZONER,EQ,18-Aug-2026,43.5,43.9,43.9,42.1,42.32,67445,28.82,408,39162.0,58.07,2026-08-18
PRSMJOHNSN,EQ,18-Aug-2026,105.33,105.71,106.19,104.1,104.99,279191,293.67,3190,151465.0,54.25,2026-08-18
PRUDENT,EQ,18-Aug-2026,3338.0,3352.0,3410.0,3311.1,3354.1,16403,550.84,5837,8765.0,53.44,2026-08-18
PRUDMOULI,BE,18-Aug-2026,13.81,13.81,14.27,13.51,13.57,18888,2.63,59,,,2026-08-18
PSB,EQ,18-Aug-2026,23.68,23.8,23.8,23.11,23.22,1165360,272.04,3939,700301.0,60.09,2026-08-18
PSPPROJECT,EQ,18-Aug-2026,947.0,946.0,960.3,937.7,942.35,50924,483.1,3381,24770.0,48.64,2026-08-18
PSRAJ,ST,18-Aug-2026,83.6,80.3,81.0,79.45,81.0,17500,14.0,7,12500.0,71.43,2026-08-18
PSUBANK,EQ,18-Aug-2026,87.38,87.49,87.59,86.1,86.65,85921,74.56,778,42306.0,49.24,2026-08-18
PSUBANKADD,EQ,18-Aug-2026,88.37,88.09,88.36,87.25,87.37,41288,36.19,243,25013.0,60.58,2026-08-18
PSUBNKBEES,EQ,18-Aug-2026,97.65,97.64,97.97,96.3,96.52,1507802,1459.14,6743,997047.0,66.13,2026-08-18
PSUBNKIETF,EQ,18-Aug-2026,88.58,88.47,88.79,87.21,87.45,59958,52.64,791,32896.0,54.87,2026-08-18
PTC,EQ,18-Aug-2026,160.62,160.99,162.5,158.57,158.89,1401008,2229.97,15696,849357.0,60.62,2026-08-18
PTCIL,EQ,18-Aug-2026,20584.0,20451.0,20453.0,19549.0,19791.0,64760,12871.91,18737,18073.0,27.91,2026-08-18
PTL,EQ,18-Aug-2026,38.65,38.85,38.85,38.48,38.51,37055,14.29,470,32574.0,87.91,2026-08-18
PULZ,SM,18-Aug-2026,21.9,21.9,21.9,21.35,21.35,6000,1.29,3,6000.0,100.0,2026-08-18
PUNJABCHEM,EQ,18-Aug-2026,1127.3,1125.3,1165.0,1116.7,1133.6,9057,103.53,1145,4742.0,52.36,2026-08-18
PURPLEUTED,ST,18-Aug-2026,370.45,388.95,388.95,385.0,388.95,45000,174.84,98,45000.0,100.0,2026-08-18
PURVA,EQ,18-Aug-2026,226.6,227.5,231.8,220.13,224.36,1104429,2467.88,15440,146381.0,13.25,2026-08-18
PURVFLEXI,SM,18-Aug-2026,49.8,48.0,48.5,47.35,48.5,16000,7.59,19,10400.0,65.0,2026-08-18
PUSHPA,SM,18-Aug-2026,115.0,114.0,115.0,114.0,114.0,8000,9.16,7,8000.0,100.0,2026-08-18
PVP,EQ,18-Aug-2026,37.01,36.8,40.9,36.4,40.2,3330020,1305.47,10409,1575984.0,47.33,2026-08-18
PVRINOX,EQ,18-Aug-2026,1192.0,1194.2,1228.8,1188.5,1198.1,463266,5593.46,29191,213183.0,46.02,2026-08-18
PVSL,EQ,18-Aug-2026,115.9,114.94,119.8,114.94,118.25,32959,39.06,916,19840.0,60.2,2026-08-18
PVTBANIETF,EQ,18-Aug-2026,27.74,27.66,27.71,27.55,27.67,1325673,366.16,1172,952132.0,71.82,2026-08-18
PVTBANK,EQ,18-Aug-2026,27.5,27.41,27.5,27.33,27.5,1747,0.48,9,1607.0,91.99,2026-08-18
PVTBANKADD,EQ,18-Aug-2026,27.84,27.81,27.83,27.68,27.82,38770,10.76,109,29445.0,75.95,2026-08-18
PVTBKGROWW,EQ,18-Aug-2026,27.5,27.83,27.83,27.3,27.31,3200,0.88,66,1601.0,50.03,2026-08-18
PWL,EQ,18-Aug-2026,119.97,119.65,125.0,115.65,122.05,52106492,63524.78,195513,6730510.0,12.92,2026-08-18
PYRAMID,EQ,18-Aug-2026,166.69,169.0,169.3,162.02,163.55,73757,121.31,1362,41138.0,55.78,2026-08-18
QGOLDHALF,EQ,18-Aug-2026,126.73,126.74,128.0,126.51,126.74,158725,201.11,772,63773.0,40.18,2026-08-18
QLINE,SM,18-Aug-2026,529.15,531.7,534.0,522.0,524.05,35600,188.11,68,30400.0,85.39,2026-08-18
QMSMEDI,BE,18-Aug-2026,138.13,139.89,140.89,132.5,135.24,44572,61.02,187,,,2026-08-18
QNIFTY,EQ,18-Aug-2026,268.45,275.16,275.16,266.1,266.74,4134,11.04,103,3450.0,83.45,2026-08-18
QPOWER,EQ,18-Aug-2026,1302.6,1302.9,1357.0,1290.0,1325.1,369801,4880.76,15133,212684.0,57.51,2026-08-18
QUADFUTURE,EQ,18-Aug-2026,349.35,350.0,353.1,338.75,341.0,214357,733.46,6142,102796.0,47.96,2026-08-18
QUAL30IETF,EQ,18-Aug-2026,21.65,22.19,22.19,21.34,21.38,63621,13.63,418,52625.0,82.72,2026-08-18
QUALITY30,EQ,18-Aug-2026,21.23,21.23,21.35,20.99,21.01,18032,3.8,65,15585.0,86.43,2026-08-18
QUESS,EQ,18-Aug-2026,343.9,346.6,350.75,333.35,336.9,935370,3208.8,31915,431679.0,46.15,2026-08-18
QUESTLAB,SM,18-Aug-2026,88.05,88.05,88.05,88.0,88.05,7200,6.34,6,6000.0,83.33,2026-08-18
QUICKHEAL,BE,18-Aug-2026,149.41,151.3,151.3,143.0,143.89,91964,134.03,1074,,,2026-08-18
QUICKTOUCH,SM,18-Aug-2026,18.15,17.25,17.25,17.25,17.25,4000,0.69,7,4000.0,100.0,2026-08-18
QUINT,EQ,18-Aug-2026,37.36,37.06,38.5,36.0,37.36,16736,6.24,70,12099.0,72.29,2026-08-18
QVCEL,SM,18-Aug-2026,25.15,24.6,26.1,24.5,26.1,9600,2.38,4,9600.0,100.0,2026-08-18
RACE,EQ,18-Aug-2026,102.73,102.73,104.48,101.15,103.86,1769,1.82,56,1378.0,77.9,2026-08-18
RACLGEAR,EQ,18-Aug-2026,1343.4,1350.7,1411.0,1348.9,1399.1,18531,256.42,2382,9596.0,51.78,2026-08-18
RADAAN,EQ,18-Aug-2026,2.97,3.1,3.1,2.97,3.02,9545,0.29,57,4507.0,47.22,2026-08-18
RADHIKAJWE,EQ,18-Aug-2026,67.9,68.23,68.61,65.46,66.39,588642,391.58,4490,257559.0,43.75,2026-08-18
RADIANTCMS,EQ,18-Aug-2026,34.86,35.0,36.23,34.35,34.45,321650,112.88,3364,196929.0,61.22,2026-08-18
RADICO,EQ,18-Aug-2026,4693.4,4695.0,4732.9,4625.5,4732.9,413785,19385.49,37953,208561.0,50.4,2026-08-18
RADIOCITY,EQ,18-Aug-2026,6.66,6.8,6.82,6.6,6.63,87095,5.84,152,63394.0,72.79,2026-08-18
RAILTEL,EQ,18-Aug-2026,279.95,278.7,279.6,275.0,277.15,325210,901.0,9842,164571.0,50.6,2026-08-18
RAIN,EQ,18-Aug-2026,205.91,205.5,208.5,200.9,203.74,3467534,7109.65,22608,1731383.0,49.93,2026-08-18
RAINBOW,EQ,18-Aug-2026,1478.5,1475.0,1477.1,1453.0,1458.7,52308,765.96,8316,32302.0,61.75,2026-08-18
RAJESHEXPO,BZ,18-Aug-2026,82.59,82.8,83.0,81.01,81.99,59277,48.5,889,,,2026-08-18
RAJINDLTD,SM,18-Aug-2026,66.5,67.95,70.7,67.8,69.4,10500,7.2,7,9000.0,85.71,2026-08-18
RAJMET,EQ,18-Aug-2026,3.23,3.29,3.32,3.23,3.3,151216,4.97,532,114811.0,75.93,2026-08-18
RAJOOENG,BE,18-Aug-2026,50.17,50.5,51.48,49.0,50.87,175251,88.1,735,,,2026-08-18
RAJPALAYAM,EQ,18-Aug-2026,827.8,836.0,849.55,836.0,843.4,447,3.77,51,293.0,65.55,2026-08-18
RAJPUTANA,SM,18-Aug-2026,215.0,210.0,210.0,208.0,208.0,1000,2.09,2,1000.0,100.0,2026-08-18
RAJRATAN,EQ,18-Aug-2026,516.8,516.0,519.0,504.25,512.0,53372,272.57,2719,26389.0,49.44,2026-08-18
RAJRILTD,BE,18-Aug-2026,21.93,22.36,22.36,21.67,22.02,10186,2.27,70,,,2026-08-18
RAJSREESUG,EQ,18-Aug-2026,34.49,34.65,36.39,34.45,34.96,153455,54.58,995,95843.0,62.46,2026-08-18
RAJTV,EQ,18-Aug-2026,10.26,10.43,10.43,10.13,10.29,11719,1.2,78,9149.0,78.07,2026-08-18
RALLIS,EQ,18-Aug-2026,213.08,212.81,214.17,211.2,213.27,556665,1186.07,19127,280557.0,50.4,2026-08-18
RAMANEWS,EQ,18-Aug-2026,32.78,32.87,33.9,31.95,33.54,22579,7.48,212,17553.0,77.74,2026-08-18
RAMAPHO,EQ,18-Aug-2026,121.52,120.61,122.9,120.61,121.16,6382,7.75,277,3710.0,58.13,2026-08-18
RAMASTEEL,BE,18-Aug-2026,4.33,4.25,4.25,4.25,4.25,524201,22.28,1350,,,2026-08-18
RAMBHAJO,EQ,18-Aug-2026,180.97,181.5,183.5,178.0,179.25,95052,171.16,1425,57357.0,60.34,2026-08-18
RAMCOCEM,EQ,18-Aug-2026,922.6,922.6,924.25,897.15,909.8,232980,2116.99,10218,139246.0,59.77,2026-08-18
RAMCOIND,EQ,18-Aug-2026,353.45,354.35,356.25,342.1,344.75,178495,620.56,4806,71713.0,40.18,2026-08-18
RAMCOSYS,EQ,18-Aug-2026,594.2,593.1,598.0,564.5,564.5,245543,1405.23,7063,141992.0,57.83,2026-08-18
RAMKY,EQ,18-Aug-2026,390.05,391.2,392.95,388.0,391.6,25799,100.73,774,19705.0,76.38,2026-08-18
RAMRAT,EQ,18-Aug-2026,467.5,467.5,478.55,451.8,472.65,158012,737.34,5083,87927.0,55.65,2026-08-18
RANASUG,EQ,18-Aug-2026,12.9,12.97,13.62,12.9,13.3,1043110,139.17,2542,585219.0,56.1,2026-08-18
RANEHOLDIN,EQ,18-Aug-2026,1600.9,1620.0,1631.8,1558.1,1567.9,21338,339.05,2642,12543.0,58.78,2026-08-18
RAPPID,SM,18-Aug-2026,306.0,305.0,305.9,305.0,305.9,1800,5.5,3,1800.0,100.0,2026-08-18
RATEGAIN,EQ,18-Aug-2026,949.5,955.0,955.35,926.55,935.95,308664,2892.16,14916,133463.0,43.24,2026-08-18
RATNAMANI,EQ,18-Aug-2026,2353.6,2355.0,2425.0,2352.9,2368.6,62154,1485.51,16739,29745.0,47.86,2026-08-18
RATNAVEER,EQ,18-Aug-2026,244.87,246.08,257.5,242.65,252.19,11984087,30164.95,86546,2089658.0,17.44,2026-08-18
RAYMOND,EQ,18-Aug-2026,647.85,649.75,658.0,621.0,625.0,733844,4700.77,21801,354071.0,48.25,2026-08-18
RAYMONDLSL,EQ,18-Aug-2026,762.1,754.65,762.85,745.0,748.4,109781,829.41,8992,65832.0,59.97,2026-08-18
RAYMONDREL,EQ,18-Aug-2026,581.05,575.8,583.8,574.9,578.0,117902,681.84,4032,46960.0,39.83,2026-08-18
RBA,EQ,18-Aug-2026,99.59,99.8,108.41,99.5,106.34,17134006,17840.42,66117,6235624.0,36.39,2026-08-18
RBLBANK,EQ,18-Aug-2026,381.5,380.5,384.9,376.4,383.0,2330589,8882.23,26754,974287.0,41.8,2026-08-18
RBMINFRA,SM,18-Aug-2026,240.85,242.05,242.9,223.0,229.2,27800,65.01,114,24200.0,87.05,2026-08-18
RBS,SM,18-Aug-2026,91.4,90.0,94.9,89.0,91.0,12800,11.71,14,7200.0,56.25,2026-08-18
RBZJEWEL,EQ,18-Aug-2026,136.19,136.19,138.84,133.5,134.58,47543,64.35,1264,24987.0,52.56,2026-08-18
RCDL,SM,18-Aug-2026,27.0,26.5,26.5,24.3,26.15,30000,7.5,7,27000.0,90.0,2026-08-18
RCF,EQ,18-Aug-2026,123.26,123.0,123.1,121.0,121.19,576015,701.98,7020,329020.0,57.12,2026-08-18
RCOM,BE,18-Aug-2026,0.81,0.81,0.81,0.8,0.8,3203697,25.75,1839,,,2026-08-18
READYMIX,SM,18-Aug-2026,103.1,102.95,102.95,99.35,100.55,11000,11.09,10,9000.0,81.82,2026-08-18
RECLTD,EQ,18-Aug-2026,340.0,340.0,341.85,338.5,338.5,5976016,20339.14,43338,3872369.0,64.8,2026-08-18
REDINGTON,EQ,18-Aug-2026,332.8,334.0,337.2,324.0,326.3,2030364,6663.0,41072,949711.0,46.78,2026-08-18
REDTAPE,EQ,18-Aug-2026,121.66,121.35,125.3,120.84,124.71,399087,493.86,4940,210013.0,52.62,2026-08-18
REFEX,EQ,18-Aug-2026,302.75,301.0,302.95,297.0,299.45,259732,778.18,5049,114548.0,44.1,2026-08-18
REFRACTORY,SM,18-Aug-2026,24.8,25.8,25.8,24.25,24.95,7000,1.74,6,6000.0,85.71,2026-08-18
REGAAL,EQ,18-Aug-2026,90.46,90.28,101.5,88.65,99.53,2975990,2921.27,21335,1447040.0,48.62,2026-08-18
REGENCERAM,EQ,18-Aug-2026,35.43,35.8,37.03,35.2,36.8,3751,1.35,75,2642.0,70.43,2026-08-18
RELAXO,EQ,18-Aug-2026,391.2,394.8,397.0,378.15,383.95,345402,1325.34,12956,165535.0,47.93,2026-08-18
RELCHEMQ,EQ,18-Aug-2026,115.6,118.8,118.9,114.03,115.51,3010,3.5,166,1548.0,51.43,2026-08-18
RELIABLE,EQ,18-Aug-2026,138.74,140.0,142.0,138.0,140.77,208670,291.18,612,53796.0,25.78,2026-08-18
RELIANCE,EQ,18-Aug-2026,1316.0,1314.0,1328.6,1311.2,1322.0,10180567,134664.67,198021,5641717.0,55.42,2026-08-18
RELIGARE,EQ,18-Aug-2026,231.1,230.0,235.25,229.0,231.55,1967477,4551.98,13372,962479.0,48.92,2026-08-18
RELINFRA,BE,18-Aug-2026,65.78,64.47,64.47,64.47,64.47,139005,89.62,334,,,2026-08-18
RELTD,EQ,18-Aug-2026,159.87,160.67,163.9,158.01,158.85,128827,207.98,2331,70293.0,54.56,2026-08-18
REMSONSIND,EQ,18-Aug-2026,81.89,81.49,83.39,80.96,82.4,112716,92.32,1698,68869.0,61.1,2026-08-18
REMUS,SM,18-Aug-2026,907.3,904.0,904.0,883.5,893.8,2800,24.99,27,2300.0,82.14,2026-08-18
RENUKA,EQ,18-Aug-2026,23.0,23.0,23.92,23.0,23.3,14002263,3300.02,22072,5160617.0,36.86,2026-08-18
REPCOHOME,EQ,18-Aug-2026,349.6,349.6,352.0,346.45,350.1,101784,355.76,4185,73516.0,72.23,2026-08-18
REPL,BE,18-Aug-2026,64.0,64.0,65.0,61.75,61.75,5133,3.22,67,,,2026-08-18
REPRO,EQ,18-Aug-2026,325.15,334.75,343.95,326.5,330.25,15316,51.26,1005,10937.0,71.41,2026-08-18
RESPONIND,EQ,18-Aug-2026,159.01,159.68,160.22,156.41,158.09,79679,125.95,2070,26786.0,33.62,2026-08-18
RETAIL,EQ,18-Aug-2026,18.23,18.29,18.3,17.5,18.13,2004,0.36,43,1825.0,91.07,2026-08-18
RGL,EQ,18-Aug-2026,121.9,121.9,125.85,120.2,124.9,434403,533.58,4698,163013.0,37.53,2026-08-18
RHETAN,EQ,18-Aug-2026,21.28,21.41,21.54,21.41,21.43,7421414,1590.2,2436,1102650.0,14.86,2026-08-18
RHFL,BZ,18-Aug-2026,1.78,1.77,1.78,1.73,1.74,435640,7.64,807,,,2026-08-18
RHIM,EQ,18-Aug-2026,374.25,375.7,381.45,372.25,380.0,434035,1643.46,9773,241106.0,55.55,2026-08-18
RHL,EQ,18-Aug-2026,166.35,168.0,170.0,167.0,169.47,3822,6.42,38,3663.0,95.84,2026-08-18
RICOAUTO,EQ,18-Aug-2026,132.9,132.45,137.5,132.0,133.32,2049113,2757.32,17296,728252.0,35.54,2026-08-18
RIIL,EQ,18-Aug-2026,747.05,749.95,751.85,735.9,738.65,25399,188.28,1619,10319.0,40.63,2026-08-18
RIIT,IV,18-Aug-2026,119.73,120.05,127.0,118.75,123.16,386144,468.94,2907,335820.0,86.97,2026-08-18
RILINFRA,SM,18-Aug-2026,37.55,37.65,37.7,36.8,36.95,11000,4.08,44,10000.0,90.91,2026-08-18
RIR,EQ,18-Aug-2026,173.94,176.8,176.8,168.0,170.35,139576,239.16,3397,50381.0,36.1,2026-08-18
RISHABH,EQ,18-Aug-2026,694.6,700.0,703.8,651.75,665.75,711835,4764.99,25854,355009.0,49.87,2026-08-18
RITCO,EQ,18-Aug-2026,292.5,288.05,318.4,288.05,313.0,381642,1191.06,8264,173835.0,45.55,2026-08-18
RITES,EQ,18-Aug-2026,221.72,221.74,222.87,218.0,218.49,242345,531.72,7312,132404.0,54.63,2026-08-18
RKDL,EQ,18-Aug-2026,18.36,18.4,18.97,18.36,18.54,1418,0.26,38,1183.0,83.43,2026-08-18
RKEC,EQ,18-Aug-2026,23.41,24.3,24.3,22.52,22.81,59826,13.8,370,48210.0,80.58,2026-08-18
RKFORGE,EQ,18-Aug-2026,755.0,756.35,759.0,745.05,754.35,858508,6465.86,26707,447344.0,52.11,2026-08-18
RKSWAMY,EQ,18-Aug-2026,97.47,99.8,101.18,97.01,98.25,46662,46.47,924,25972.0,55.66,2026-08-18
RMC,EQ,18-Aug-2026,259.7,260.05,265.85,246.9,253.85,89354,225.85,2909,52539.0,58.8,2026-08-18
RMDRIP,BE,18-Aug-2026,17.87,17.26,17.65,17.19,17.27,147248,25.52,605,,,2026-08-18
RML,EQ,18-Aug-2026,1084.7,1094.9,1112.9,1085.0,1100.1,10805,118.39,1209,5536.0,51.24,2026-08-18
RNBDENIMS,EQ,18-Aug-2026,8.58,8.5,8.8,8.4,8.46,216536,18.53,1031,149858.0,69.21,2026-08-18
RNFI,SM,18-Aug-2026,272.4,275.0,275.0,268.15,269.95,35400,95.89,53,27000.0,76.27,2026-08-18
RNPL,SM,18-Aug-2026,78.85,80.75,80.75,80.5,80.5,3600,2.9,3,0.0,0.0,2026-08-18
ROCKINGDCE,SM,18-Aug-2026,167.45,163.0,168.0,160.0,161.7,7500,12.19,28,5750.0,76.67,2026-08-18
ROHLTD,EQ,18-Aug-2026,307.7,307.4,312.8,300.65,304.55,46156,140.29,1343,33951.0,73.56,2026-08-18
ROLEXRINGS,EQ,18-Aug-2026,179.46,180.19,182.5,175.68,177.06,2031379,3644.51,18621,1057524.0,52.06,2026-08-18
ROLLT,BE,18-Aug-2026,3.17,3.21,3.31,3.11,3.16,385304,12.31,242,,,2026-08-18
ROML,EQ,18-Aug-2026,44.09,44.06,45.0,44.06,44.17,2043,0.9,23,1608.0,78.71,2026-08-18
ROSSARI,EQ,18-Aug-2026,496.15,498.6,498.9,490.8,495.9,37955,187.51,1906,23006.0,60.61,2026-08-18
ROSSELLIND,EQ,18-Aug-2026,56.17,55.53,57.5,55.04,56.9,50191,28.44,528,38938.0,77.58,2026-08-18
ROSSTECH,EQ,18-Aug-2026,1108.9,1116.05,1172.0,1092.5,1103.55,899502,10149.82,59043,305084.0,33.92,2026-08-18
ROTO,EQ,18-Aug-2026,65.68,65.99,66.7,65.49,66.34,226640,149.59,1478,96718.0,42.67,2026-08-18
ROUTE,EQ,18-Aug-2026,508.6,507.3,507.5,497.2,499.45,159772,802.53,5767,73187.0,45.81,2026-08-18
ROXHITECH,SM,18-Aug-2026,56.45,54.4,55.8,53.6,55.45,20800,11.4,13,16000.0,76.92,2026-08-18
ROYALARC,SM,18-Aug-2026,176.35,177.0,177.0,177.0,177.0,8400,14.87,5,8400.0,100.0,2026-08-18
RPEL,EQ,18-Aug-2026,1430.1,1440.0,1518.0,1416.3,1495.2,116005,1718.61,11813,59455.0,51.25,2026-08-18
RPGLIFE,EQ,18-Aug-2026,2741.3,2741.3,2770.0,2663.0,2702.7,11456,312.01,1465,4686.0,40.9,2026-08-18
RPOWER,EQ,18-Aug-2026,22.72,22.53,22.74,22.37,22.45,13059635,2933.18,25482,5631525.0,43.12,2026-08-18
RPPINFRA,EQ,18-Aug-2026,58.35,58.35,58.9,57.31,57.51,95574,55.44,1425,55661.0,58.24,2026-08-18
RPPL,BE,18-Aug-2026,22.98,23.78,23.8,22.56,22.74,30216,6.97,125,,,2026-08-18
RPSGVENT,EQ,18-Aug-2026,887.25,888.75,890.0,873.0,875.25,22399,197.07,750,17967.0,80.21,2026-08-18
RPTECH,EQ,18-Aug-2026,871.85,867.05,871.45,850.0,861.1,238708,2047.84,16684,133223.0,55.81,2026-08-18
RRECL,EQ,18-Aug-2026,145.0,146.45,146.45,136.3,136.35,894,1.22,15,894.0,100.0,2026-08-18
RRIL,EQ,18-Aug-2026,17.54,17.12,18.29,17.12,17.94,16173,2.89,164,11963.0,73.97,2026-08-18
RRKABEL,EQ,18-Aug-2026,2748.6,2748.6,2870.0,2740.5,2784.9,698009,19650.33,50779,245201.0,35.13,2026-08-18
RSDFIN,BE,18-Aug-2026,106.49,101.2,101.2,101.17,101.17,324,0.33,18,,,2026-08-18
RSL,EQ,18-Aug-2026,164.9,165.0,165.2,163.74,164.95,325012,535.78,3480,223605.0,68.8,2026-08-18
RSSOFTWARE,EQ,18-Aug-2026,31.59,32.4,32.5,30.44,31.79,12261,3.89,160,10399.0,84.81,2026-08-18
RSWM,BE,18-Aug-2026,194.52,196.0,203.05,192.0,200.25,28026,55.87,258,,,2026-08-18
RSYSTEMS,EQ,18-Aug-2026,240.2,240.1,244.95,240.0,242.3,141529,342.86,2967,81727.0,57.75,2026-08-18
RTL,SM,18-Aug-2026,83.05,78.0,80.1,78.0,80.05,6000,4.76,3,6000.0,100.0,2026-08-18
RTNINDIA,EQ,18-Aug-2026,30.48,30.47,31.45,30.2,30.67,3065043,942.79,11204,1056628.0,34.47,2026-08-18
RTNPOWER,EQ,18-Aug-2026,8.35,8.31,8.33,8.09,8.12,17010536,1390.37,16804,9123028.0,53.63,2026-08-18
RTSPOWR,EQ,18-Aug-2026,94.73,105.0,113.0,96.0,96.72,1720,1.71,67,1400.0,81.4,2026-08-18
RUBFILA,EQ,18-Aug-2026,67.36,67.5,70.0,67.5,68.84,14395,9.91,318,12445.0,86.45,2026-08-18
RUBICON,EQ,18-Aug-2026,1798.7,1789.3,1819.0,1750.0,1804.1,687518,12306.16,44812,274622.0,39.94,2026-08-18
RUBYMILLS,BE,18-Aug-2026,382.45,397.95,401.55,384.7,401.55,15176,60.37,219,,,2026-08-18
RUCHINFRA,EQ,18-Aug-2026,5.81,5.81,5.97,5.72,5.75,23152,1.35,90,16519.0,71.35,2026-08-18
RUCHIRA,EQ,18-Aug-2026,102.05,102.05,105.26,102.05,104.62,37592,39.24,667,21902.0,58.26,2026-08-18
RUDRA,EQ,18-Aug-2026,23.8,24.45,24.45,22.7,22.97,133806,31.3,601,84489.0,63.14,2026-08-18
RULKA,SM,18-Aug-2026,109.1,109.0,112.0,104.0,109.7,9900,10.74,25,8400.0,84.85,2026-08-18
RUPA,EQ,18-Aug-2026,149.1,148.0,151.68,148.0,149.97,87669,131.42,2722,48320.0,55.12,2026-08-18
RUSHIL,EQ,18-Aug-2026,16.78,16.8,17.06,16.5,16.72,293246,49.12,786,178838.0,60.99,2026-08-18
RUSTOMJEE,EQ,18-Aug-2026,375.1,375.1,378.25,370.2,371.9,31546,118.26,1778,20353.0,64.52,2026-08-18
RVHL,EQ,18-Aug-2026,43.05,43.25,44.04,42.25,42.75,9554,4.11,103,8587.0,89.88,2026-08-18
RVNL,EQ,18-Aug-2026,228.5,226.2,227.88,225.0,225.0,2172981,4909.53,23897,930660.0,42.83,2026-08-18
RVTH,EQ,18-Aug-2026,747.7,747.75,762.95,717.0,730.0,1613,11.88,74,1215.0,75.33,2026-08-18
S&SPOWER,EQ,18-Aug-2026,297.7,296.0,296.0,270.0,277.7,10586,29.26,459,7238.0,68.37,2026-08-18
SAAKSHI,ST,18-Aug-2026,297.65,299.7,299.7,295.2,297.0,10800,32.08,13,10200.0,94.44,2026-08-18
SAATVIKGL,EQ,18-Aug-2026,402.65,405.65,417.95,399.45,401.45,133321,542.87,3870,43142.0,32.36,2026-08-18
SACHEEROME,SM,18-Aug-2026,466.45,469.0,503.95,465.0,488.65,51600,251.36,135,36000.0,69.77,2026-08-18
SADBHAV,EQ,18-Aug-2026,8.26,8.26,8.44,7.85,7.95,326564,26.33,731,234909.0,71.93,2026-08-18
SADBHIN,BE,18-Aug-2026,2.81,2.75,2.9,2.72,2.84,176606,4.94,210,,,2026-08-18
SADHAV,SM,18-Aug-2026,116.25,116.25,120.0,114.5,118.05,21600,25.23,34,13800.0,63.89,2026-08-18
SADHNANIQ,BE,18-Aug-2026,3.09,3.08,3.08,3.03,3.03,1273284,38.72,436,,,2026-08-18
SAFARI,EQ,18-Aug-2026,1497.3,1497.3,1511.9,1477.0,1482.8,16308,242.77,3567,9216.0,56.51,2026-08-18
SAFEENTP,SM,18-Aug-2026,254.75,260.0,260.0,253.2,256.1,17500,45.05,33,11000.0,62.86,2026-08-18
SAGARDEEP,EQ,18-Aug-2026,24.02,24.4,24.4,23.63,23.7,1693,0.4,59,1501.0,88.66,2026-08-18
SAGCEM,EQ,18-Aug-2026,169.01,169.0,172.78,167.9,168.29,20803,35.11,672,12070.0,58.02,2026-08-18
SAGILITY,EQ,18-Aug-2026,42.4,42.41,42.77,41.92,42.16,11644898,4919.73,36893,5814347.0,49.93,2026-08-18
SAHAJSOLAR,SM,18-Aug-2026,105.25,105.0,107.8,105.0,105.3,12000,12.69,27,8000.0,66.67,2026-08-18
SAHANA,SM,18-Aug-2026,785.85,785.85,815.0,782.0,814.05,22800,182.3,129,16050.0,70.39,2026-08-18
SAHASRA,ST,18-Aug-2026,319.95,319.8,320.0,313.1,313.25,21600,68.35,50,20800.0,96.3,2026-08-18
SAHLIBHFI,EQ,18-Aug-2026,72.0,72.5,72.5,69.3,70.0,12590,8.89,165,10724.0,85.18,2026-08-18
SAHYADRI,EQ,18-Aug-2026,388.15,388.0,393.95,374.0,375.55,20137,76.66,1357,10989.0,54.57,2026-08-18
SAICAPI,EQ,18-Aug-2026,149.95,149.0,154.95,148.0,151.33,247,0.37,25,231.0,93.52,2026-08-18
SAIFL,SM,18-Aug-2026,5.0,4.95,5.05,4.95,5.0,60000,3.0,14,60000.0,100.0,2026-08-18
SAIL,EQ,18-Aug-2026,173.6,173.5,174.67,169.86,170.2,11053548,18970.26,64553,5047916.0,45.67,2026-08-18
SAILIFE,EQ,18-Aug-2026,1416.4,1428.8,1473.0,1423.5,1440.1,450784,6519.68,34508,196432.0,43.58,2026-08-18
SAIPARENT,EQ,18-Aug-2026,551.95,558.95,558.95,540.6,542.05,60708,330.73,2666,38075.0,62.72,2026-08-18
SAJHOTELS,ST,18-Aug-2026,42.55,42.0,42.0,42.0,42.0,2000,0.84,1,2000.0,100.0,2026-08-18
SAKAR,EQ,18-Aug-2026,905.35,902.45,902.8,878.0,893.7,61515,546.82,3960,34592.0,56.23,2026-08-18
SAKHTISUG,EQ,18-Aug-2026,17.63,17.75,18.75,17.65,18.39,482690,88.51,1670,292613.0,60.62,2026-08-18
SAKSOFT,EQ,18-Aug-2026,164.95,165.0,167.78,162.21,166.36,440873,725.51,7473,149860.0,33.99,2026-08-18
SAKUMA,EQ,18-Aug-2026,1.6,1.6,1.62,1.54,1.57,1115173,17.57,1008,865339.0,77.6,2026-08-18
SALASAR,EQ,18-Aug-2026,6.07,6.04,6.17,5.99,6.07,5174251,314.29,4362,2403398.0,46.45,2026-08-18
SALONA,EQ,18-Aug-2026,261.21,259.91,274.99,259.91,269.49,1477,3.95,80,1136.0,76.91,2026-08-18
SALSTEEL,EQ,18-Aug-2026,71.87,74.0,75.9,71.1,72.02,1744512,1283.22,12181,387251.0,22.2,2026-08-18
SALZERELEC,EQ,18-Aug-2026,570.3,573.45,578.5,566.0,568.1,31402,178.73,1600,18473.0,58.83,2026-08-18
SAMBHAAV,EQ,18-Aug-2026,6.35,6.48,6.5,6.25,6.36,26679,1.71,100,10681.0,40.04,2026-08-18
SAMBHV,EQ,18-Aug-2026,119.88,120.0,124.9,119.52,124.34,1781158,2194.04,12351,977715.0,54.89,2026-08-18
SAMHI,EQ,18-Aug-2026,159.41,159.0,161.24,158.6,160.03,438145,700.65,5658,244155.0,55.72,2026-08-18
SAMMAANCAP,EQ,18-Aug-2026,153.33,153.33,153.95,145.0,150.23,23129231,34553.73,93547,6829096.0,29.53,2026-08-18
SAMPANN,EQ,18-Aug-2026,26.3,26.8,26.8,25.97,26.42,14006,3.69,110,10806.0,77.15,2026-08-18
SANATHAN,EQ,18-Aug-2026,463.5,461.05,463.45,449.75,454.6,48969,223.53,4898,24474.0,49.98,2026-08-18
SANDESH,EQ,18-Aug-2026,1081.85,1080.9,1094.95,1060.0,1060.5,1700,18.17,185,1355.0,79.71,2026-08-18
SANDHAR,EQ,18-Aug-2026,632.55,633.0,639.8,625.0,631.8,91956,580.24,4626,43301.0,47.09,2026-08-18
SANDUMA,EQ,18-Aug-2026,200.89,201.0,203.4,199.21,200.0,287962,578.23,5046,121945.0,42.35,2026-08-18
SANGAMIND,EQ,18-Aug-2026,592.45,586.2,600.8,584.0,588.75,15927,93.9,900,8314.0,52.2,2026-08-18
SANGHVIMOV,EQ,18-Aug-2026,506.95,508.0,522.9,504.05,520.75,312166,1608.56,12913,163048.0,52.23,2026-08-18
SANGINITA,BE,18-Aug-2026,56.7,59.53,59.53,59.53,59.53,31343,18.66,113,,,2026-08-18
SANOFI,EQ,18-Aug-2026,3197.4,3197.4,3258.0,3178.1,3242.1,13116,422.49,3183,7840.0,59.77,2026-08-18
SANOFICONR,EQ,18-Aug-2026,4363.0,4384.8,4384.8,4311.0,4336.6,2260,98.07,748,1260.0,55.75,2026-08-18
SANSERA,EQ,18-Aug-2026,4002.0,4000.0,4040.4,3942.5,4003.2,172483,6900.85,25166,89757.0,52.04,2026-08-18
SANSTAR,EQ,18-Aug-2026,109.19,109.03,110.19,106.91,107.29,136937,148.18,2258,75519.0,55.15,2026-08-18
SANWARIA,BZ,18-Aug-2026,0.19,0.2,0.2,0.19,0.19,992931,1.97,214,,,2026-08-18
SAPPHIRE,EQ,18-Aug-2026,234.68,234.5,234.9,229.05,231.99,890093,2062.83,24356,399407.0,44.87,2026-08-18
SAPPL,EQ,18-Aug-2026,289.5,304.95,309.0,286.75,288.1,1405,4.15,77,939.0,66.83,2026-08-18
SARDAEN,EQ,18-Aug-2026,521.15,522.7,524.0,516.2,518.15,215053,1118.75,7567,86602.0,40.27,2026-08-18
SAREGAMA,EQ,18-Aug-2026,523.4,520.1,524.8,512.0,513.95,332669,1716.13,14343,164596.0,49.48,2026-08-18
SARLAPOLY,EQ,18-Aug-2026,101.61,101.8,102.88,100.0,101.22,65712,66.5,775,47799.0,72.74,2026-08-18
SARTELE,SM,18-Aug-2026,100.9,102.5,102.5,98.8,99.55,101000,101.47,163,77000.0,76.24,2026-08-18
SARVESHWAR,EQ,18-Aug-2026,3.5,3.5,3.5,3.42,3.43,690456,23.8,1169,540005.0,78.21,2026-08-18
SASKEN,EQ,18-Aug-2026,1919.5,1919.5,1960.0,1910.4,1943.0,11305,218.33,1800,6887.0,60.92,2026-08-18
SATECH,SM,18-Aug-2026,35.6,33.3,33.8,32.6,32.85,13000,4.31,12,10000.0,76.92,2026-08-18
SATIA,EQ,18-Aug-2026,59.24,59.99,60.47,58.0,58.56,102820,60.75,1737,44956.0,43.72,2026-08-18
SATIN,EQ,18-Aug-2026,228.73,228.73,230.6,223.91,228.79,318091,724.79,5400,184520.0,58.01,2026-08-18
SATKARTAR,SM,18-Aug-2026,122.0,122.0,122.0,118.0,121.05,10400,12.46,12,8000.0,76.92,2026-08-18
SATTVAENGG,SM,18-Aug-2026,73.95,75.0,75.0,74.95,74.95,4800,3.6,3,4800.0,100.0,2026-08-18
SAURASHCEM,EQ,18-Aug-2026,58.72,59.06,59.5,58.0,58.72,76942,45.16,1006,53999.0,70.18,2026-08-18
SAVY,SM,18-Aug-2026,132.0,135.0,135.0,125.0,126.0,6000,7.76,5,6000.0,100.0,2026-08-18
SAWALIYA,SM,18-Aug-2026,281.7,285.0,287.0,279.05,279.05,61800,174.12,56,49200.0,79.61,2026-08-18
SAYAJIHOTL,EQ,18-Aug-2026,310.3,315.0,315.4,310.0,315.4,93,0.29,12,93.0,100.0,2026-08-18
SAYAJIIND,EQ,18-Aug-2026,114.8,114.8,115.36,109.7,109.7,1038,1.16,198,1038.0,100.0,2026-08-18
SBC,EQ,18-Aug-2026,38.75,38.65,39.0,38.56,38.66,6977822,2701.62,5171,2894314.0,41.48,2026-08-18
SBCL,EQ,18-Aug-2026,1024.6,1029.65,1049.0,1015.9,1026.85,215379,2227.0,16571,108446.0,50.35,2026-08-18
SBFC,EQ,18-Aug-2026,93.95,93.17,94.53,93.17,93.67,582128,546.25,8991,369724.0,63.51,2026-08-18
SBGLP,EQ,18-Aug-2026,24.95,24.95,25.77,24.9,25.25,27925,7.02,127,25713.0,92.08,2026-08-18
SBIBPB,EQ,18-Aug-2026,50.65,51.65,51.65,49.55,50.26,73923,37.1,365,41754.0,56.48,2026-08-18
SBICARD,EQ,18-Aug-2026,641.75,642.0,643.15,613.9,615.0,2769735,17249.66,58441,1632326.0,58.93,2026-08-18
SBIETFCON,EQ,18-Aug-2026,125.45,123.46,125.01,123.46,124.78,1382,1.72,93,1077.0,77.93,2026-08-18
SBIETFIT,EQ,18-Aug-2026,341.85,339.85,340.15,335.31,336.34,11036,37.17,309,9540.0,86.44,2026-08-18
SBIETFPB,EQ,18-Aug-2026,279.02,279.84,282.0,277.57,278.01,25021,69.69,87,24360.0,97.36,2026-08-18
SBIETFQLTY,EQ,18-Aug-2026,227.61,227.6,227.6,224.75,225.4,2405,5.43,57,1404.0,58.38,2026-08-18
SBIFUNDS,EQ,18-Aug-2026,557.25,556.5,562.35,552.0,554.85,1616546,8975.32,42268,974291.0,60.27,2026-08-18
SBILIFE,EQ,18-Aug-2026,1790.4,1789.0,1796.5,1762.5,1778.0,584461,10416.04,32001,373949.0,63.98,2026-08-18
SBILIQETF,EQ,18-Aug-2026,1052.12,1052.12,1052.26,1052.12,1052.25,73786,776.42,88,66097.0,89.58,2026-08-18
SBIMIDMOM,EQ,18-Aug-2026,64.38,64.3,64.34,63.89,64.28,263065,168.9,181,258309.0,98.19,2026-08-18
SBIN,EQ,18-Aug-2026,1061.2,1059.6,1067.7,1053.0,1053.0,5583771,59010.49,152004,2755769.0,49.35,2026-08-18
SBINEQWETF,EQ,18-Aug-2026,33.94,34.1,34.25,33.5,33.69,25251,8.51,215,22066.0,87.39,2026-08-18
SBINMID150,EQ,18-Aug-2026,23.47,23.47,23.56,23.39,23.55,7216,1.69,99,6245.0,86.54,2026-08-18
SBISILVER,EQ,18-Aug-2026,229.2,231.49,231.49,226.56,227.17,595004,1352.11,4487,373418.0,62.76,2026-08-18
SBISMLETF,EQ,18-Aug-2026,18.36,18.67,18.67,18.32,18.37,49591,9.13,217,35426.0,71.44,2026-08-18
SBIVALETF,EQ,18-Aug-2026,14.91,14.98,14.98,14.8,14.81,5779,0.86,41,5770.0,99.84,2026-08-18
SCANSTL,BE,18-Aug-2026,62.23,60.52,65.25,59.53,62.69,141316,89.31,355,,,2026-08-18
SCHAEFFLER,EQ,18-Aug-2026,4028.9,4013.2,4099.9,4012.6,4073.3,107257,4357.29,26614,65835.0,61.38,2026-08-18
SCHAND,EQ,18-Aug-2026,137.86,138.9,138.9,134.9,137.1,47191,64.49,1271,33132.0,70.21,2026-08-18
SCHNEIDER,EQ,18-Aug-2026,1212.2,1212.2,1279.9,1212.2,1274.4,1205149,15212.72,47025,440048.0,36.51,2026-08-18
SCI,EQ,18-Aug-2026,286.4,285.0,297.45,284.1,295.75,2739647,8005.54,38031,877519.0,32.03,2026-08-18
SCILAL,EQ,18-Aug-2026,40.19,40.0,40.79,39.62,40.52,261924,105.28,1385,158401.0,60.48,2026-08-18
SCML,SM,18-Aug-2026,84.25,82.5,85.0,82.5,83.5,56000,46.64,41,6000.0,10.71,2026-08-18
SCODATUBES,EQ,18-Aug-2026,129.68,129.15,132.0,128.0,128.91,165867,215.52,2303,107188.0,64.62,2026-08-18
SCPL,EQ,18-Aug-2026,657.95,654.55,672.65,640.0,662.65,63625,415.61,2506,40040.0,62.93,2026-08-18
SDBL,EQ,18-Aug-2026,73.43,73.28,74.99,72.9,74.0,534803,395.59,4072,223152.0,41.73,2026-08-18
SDREAMS,SM,18-Aug-2026,83.0,85.0,85.0,81.0,81.6,7000,5.75,6,6000.0,85.71,2026-08-18
SEAMECLTD,EQ,18-Aug-2026,1561.1,1561.2,1599.0,1560.4,1574.7,59689,942.67,5010,32557.0,54.54,2026-08-18
SECMARK,EQ,18-Aug-2026,127.66,125.0,126.5,124.5,124.97,261,0.33,10,200.0,76.63,2026-08-18
SECURKLOUD,EQ,18-Aug-2026,17.92,18.2,18.58,17.36,18.08,11289,2.02,169,9337.0,82.71,2026-08-18
SEDEMAC,EQ,18-Aug-2026,3240.2,3268.0,3319.9,3215.7,3244.7,116045,3785.13,20500,56758.0,48.91,2026-08-18
SEIL,EQ,18-Aug-2026,211.03,211.03,211.36,204.51,205.69,136463,281.96,1832,85213.0,62.44,2026-08-18
SEJALLTD,EQ,18-Aug-2026,682.2,684.0,700.0,671.95,679.25,5304,36.13,583,3181.0,59.97,2026-08-18
SEKURITIND,EQ,18-Aug-2026,117.61,118.2,124.65,117.1,121.66,43443,52.72,540,21725.0,50.01,2026-08-18
SEL,SM,18-Aug-2026,314.0,314.0,314.0,298.3,304.75,9800,29.45,38,6600.0,67.35,2026-08-18
SELECTIPO,EQ,18-Aug-2026,48.42,48.44,48.47,48.24,48.38,34245,16.57,123,26060.0,76.1,2026-08-18
SELLOWRAP,SM,18-Aug-2026,68.0,68.0,69.0,66.0,69.0,4800,3.25,3,4800.0,100.0,2026-08-18
SELMC,EQ,18-Aug-2026,27.21,29.97,29.97,27.37,27.74,18881,5.42,209,9019.0,47.77,2026-08-18
SEMAC,EQ,18-Aug-2026,310.95,307.05,308.4,296.1,299.35,714,2.15,72,458.0,64.15,2026-08-18
SENCO,EQ,18-Aug-2026,341.55,341.9,343.9,335.75,336.75,622417,2106.91,13697,289936.0,46.58,2026-08-18
SENORES,EQ,18-Aug-2026,1545.7,1549.7,1562.9,1525.5,1537.5,238950,3689.12,24041,102617.0,42.94,2026-08-18
SENSEXADD,EQ,18-Aug-2026,80.32,80.9,80.9,79.72,79.77,911,0.73,21,889.0,97.59,2026-08-18
SENSEXAXIS,EQ,18-Aug-2026,81.1,79.07,81.5,78.83,79.72,3511,2.83,105,1896.0,54.0,2026-08-18
SENSEXBETA,EQ,18-Aug-2026,857.51,858.0,862.0,856.0,858.23,462,3.97,123,355.0,76.84,2026-08-18
SENSEXETF,EQ,18-Aug-2026,80.32,80.31,80.31,79.74,80.05,32090,25.69,233,29892.0,93.15,2026-08-18
SENSEXIETF,EQ,18-Aug-2026,896.91,892.37,893.6,890.0,891.09,7037,62.72,352,4707.0,66.89,2026-08-18
SEPC,EQ,18-Aug-2026,5.85,5.85,5.89,5.75,5.77,6799535,394.09,5282,3200794.0,47.07,2026-08-18
SERVOTECH,EQ,18-Aug-2026,82.55,82.55,84.9,81.96,82.19,538948,447.43,5027,257861.0,47.85,2026-08-18
SESHAPAPER,EQ,18-Aug-2026,227.28,230.0,232.24,225.23,228.87,41361,94.83,1313,19941.0,48.21,2026-08-18
SETCO,BE,18-Aug-2026,17.5,17.5,17.5,17.15,17.16,121251,20.83,111,,,2026-08-18
SETF10GILT,EQ,18-Aug-2026,266.01,265.22,266.72,265.01,265.39,1990,5.28,33,1797.0,90.3,2026-08-18
SETFGOLD,EQ,18-Aug-2026,130.47,127.2,131.4,127.2,130.38,2779431,3623.49,7836,1715305.0,61.71,2026-08-18
SETFNIF50,EQ,18-Aug-2026,262.72,269.28,269.28,260.6,260.94,421677,1101.19,8275,306327.0,72.64,2026-08-18
SETFNIFBK,EQ,18-Aug-2026,593.59,592.55,593.74,588.46,589.97,43554,257.25,672,36529.0,83.87,2026-08-18
SETFNN50,EQ,18-Aug-2026,801.0,821.02,821.02,796.44,798.66,44912,358.54,2353,33154.0,73.82,2026-08-18
SETL,EQ,18-Aug-2026,308.7,310.0,313.8,298.55,308.85,871096,2676.93,11640,540503.0,62.05,2026-08-18
SETUINFRA,BZ,18-Aug-2026,0.41,0.43,0.43,0.41,0.43,120406,0.52,81,,,2026-08-18
SEYAIND,BE,18-Aug-2026,12.48,12.72,12.72,12.28,12.44,5392,0.68,36,,,2026-08-18
SFL,EQ,18-Aug-2026,675.1,675.1,680.0,661.9,668.8,154723,1033.5,12910,71876.0,46.45,2026-08-18
SFML,SM,18-Aug-2026,21.5,21.5,21.5,21.5,21.5,1600,0.34,1,1600.0,100.0,2026-08-18
SGBAPR28I,GB,18-Aug-2026,15239.09,15239.09,15300.0,15239.09,15259.27,152,23.19,38,112.0,73.68,2026-08-18
SGBAUG27,GB,18-Aug-2026,15168.26,15165.0,15250.0,15165.0,15200.0,44,6.7,17,43.0,97.73,2026-08-18
SGBAUG28V,GB,18-Aug-2026,15161.04,15131.0,15235.0,15121.0,15207.1,1161,176.24,136,939.0,80.88,2026-08-18
SGBAUG29V,GB,18-Aug-2026,15148.26,15148.26,15276.0,15113.01,15230.0,106,16.12,34,78.0,73.58,2026-08-18
SGBAUG30,GB,18-Aug-2026,15224.0,15224.0,15299.99,15216.0,15286.37,198,30.21,63,157.0,79.29,2026-08-18
SGBD29VIII,GB,18-Aug-2026,15177.54,15177.0,15255.0,15177.0,15218.75,162,24.66,35,100.0,61.73,2026-08-18
SGBDE30III,GB,18-Aug-2026,15232.77,15232.77,15294.0,15111.0,15250.5,232,35.35,50,142.0,61.21,2026-08-18
SGBDE31III,GB,18-Aug-2026,15397.12,15474.11,15474.11,15350.0,15431.58,1399,215.74,178,1020.0,72.91,2026-08-18
SGBFEB27,GB,18-Aug-2026,15169.55,15149.0,15149.0,15149.0,15149.0,3,0.45,2,3.0,100.0,2026-08-18
SGBFEB28IX,GB,18-Aug-2026,15148.0,15148.0,15200.0,15148.0,15199.0,5,0.76,4,5.0,100.0,2026-08-18
SGBFEB29XI,GB,18-Aug-2026,15142.34,15105.01,15202.66,15105.01,15202.66,79,11.97,20,77.0,97.47,2026-08-18
SGBFEB32IV,GB,18-Aug-2026,15463.64,15386.32,15554.0,15386.32,15551.35,1687,261.37,267,1241.0,73.56,2026-08-18
SGBJAN27,GB,18-Aug-2026,15074.5,15196.9,15196.9,15196.9,15196.9,3,0.46,2,3.0,100.0,2026-08-18
SGBJAN29IX,GB,18-Aug-2026,15141.84,15199.0,15250.0,15126.0,15242.79,153,23.25,24,137.0,89.54,2026-08-18
SGBJAN29X,GB,18-Aug-2026,15135.0,15135.0,15259.0,15135.0,15248.63,64,9.73,17,49.0,76.56,2026-08-18
SGBJAN30IX,GB,18-Aug-2026,15187.88,15188.0,15263.94,15120.99,15200.55,194,29.48,44,151.0,77.84,2026-08-18
SGBJU29III,GB,18-Aug-2026,15154.5,15111.0,15270.0,15111.0,15233.51,144,21.93,25,112.0,77.78,2026-08-18
SGBJUL27,GB,18-Aug-2026,15189.99,15020.0,15170.0,15020.0,15170.0,2,0.3,2,1.0,50.0,2026-08-18
SGBJUL28IV,GB,18-Aug-2026,15137.98,15137.98,15239.0,15101.0,15222.75,235,35.65,42,209.0,88.94,2026-08-18
SGBJUL29IV,GB,18-Aug-2026,15149.68,15149.68,15240.0,15149.68,15187.55,175,26.6,32,158.0,90.29,2026-08-18
SGBJUN27,GB,18-Aug-2026,15148.68,15221.0,15221.0,15221.0,15221.0,1,0.15,1,1.0,100.0,2026-08-18
SGBJUN28,GB,18-Aug-2026,15145.98,15145.0,15250.0,15101.0,15222.45,91,13.83,29,70.0,76.92,2026-08-18
SGBJUN29II,GB,18-Aug-2026,15168.89,15168.9,15249.0,15153.0,15241.5,118,17.95,14,116.0,98.31,2026-08-18
SGBJUN30,GB,18-Aug-2026,15201.0,15201.0,15296.0,15165.0,15285.12,222,33.84,53,198.0,89.19,2026-08-18
SGBJUN31I,GB,18-Aug-2026,15281.84,15171.0,15350.0,15171.0,15337.48,340,51.97,98,252.0,74.12,2026-08-18
SGBMAR28X,GB,18-Aug-2026,15335.0,15379.99,15397.0,15350.0,15397.0,162,24.92,6,104.0,64.2,2026-08-18
SGBMAR30X,GB,18-Aug-2026,15225.0,15225.0,15300.0,15165.0,15241.48,481,73.24,46,462.0,96.05,2026-08-18
SGBMAR31IV,GB,18-Aug-2026,15283.42,15289.0,15360.0,15260.0,15345.06,117,17.94,27,80.0,68.38,2026-08-18
SGBMAY28,GB,18-Aug-2026,15187.78,15101.0,15270.0,15101.0,15256.99,956,145.67,55,890.0,93.1,2026-08-18
SGBMAY29I,GB,18-Aug-2026,15170.88,15171.8,15259.98,15166.0,15244.54,534,81.28,94,465.0,87.08,2026-08-18
SGBMR29XII,GB,18-Aug-2026,15362.85,15310.0,15400.0,15310.0,15393.21,284,43.69,31,252.0,88.73,2026-08-18
SGBN28VIII,GB,18-Aug-2026,15157.0,15150.0,15269.85,15150.0,15232.99,91,13.86,29,84.0,92.31,2026-08-18
SGBNOV26,GB,18-Aug-2026,15150.0,15150.0,15270.0,15125.0,15270.0,13,1.98,6,8.0,61.54,2026-08-18
SGBNV29VII,GB,18-Aug-2026,15186.83,15175.0,15272.4,15151.0,15259.9,360,54.8,30,336.0,93.33,2026-08-18
SGBOC28VII,GB,18-Aug-2026,15260.0,15250.0,15300.0,15201.0,15250.01,605,92.22,50,570.0,94.21,2026-08-18
SGBOCT26,GB,18-Aug-2026,15200.0,15200.0,15225.0,15200.0,15225.0,17,2.58,6,17.0,100.0,2026-08-18
SGBOCT27,GB,18-Aug-2026,15250.0,15250.01,15300.0,15250.01,15300.0,3,0.46,3,3.0,100.0,2026-08-18
SGBSEP27,GB,18-Aug-2026,15360.0,15398.99,15399.0,15398.99,15399.0,42,6.47,2,42.0,100.0,2026-08-18
SGBSEP28VI,GB,18-Aug-2026,15367.63,15367.0,15480.0,15350.0,15369.0,426,65.45,59,402.0,94.37,2026-08-18
SGBSEP29VI,GB,18-Aug-2026,15342.27,15305.02,15398.0,15305.02,15384.33,278,42.68,32,169.0,60.79,2026-08-18
SGBSEP31II,GB,18-Aug-2026,15336.62,15330.0,15445.0,15301.01,15414.46,959,147.22,186,587.0,61.21,2026-08-18
SGFIN,EQ,18-Aug-2026,660.25,658.2,675.0,658.2,668.45,194499,1302.07,7075,111593.0,57.37,2026-08-18
SGIL,EQ,18-Aug-2026,549.65,550.2,559.8,550.0,551.2,14203,78.46,456,12078.0,85.04,2026-08-18
SGL,EQ,18-Aug-2026,9.91,9.65,9.95,9.6,9.81,2558,0.25,45,1608.0,62.86,2026-08-18
SGLRES,EQ,18-Aug-2026,2.59,2.59,2.65,2.47,2.47,17830,0.45,77,16471.0,92.38,2026-08-18
SGMART,EQ,18-Aug-2026,752.3,750.65,809.0,744.0,804.95,907346,7088.84,26848,440647.0,48.56,2026-08-18
SGRL,EQ,18-Aug-2026,537.0,512.0,542.0,512.0,524.2,7976,42.12,337,5380.0,67.45,2026-08-18
SHADOWFAX,EQ,18-Aug-2026,258.6,259.3,262.7,252.48,257.38,5282600,13659.41,39235,3104698.0,58.77,2026-08-18
SHAH,EQ,18-Aug-2026,4.03,4.02,4.1,3.93,3.96,2802292,111.87,2376,922407.0,32.92,2026-08-18
SHAHALLOYS,EQ,18-Aug-2026,74.89,77.26,88.37,74.1,78.58,666283,554.29,5208,214709.0,32.22,2026-08-18
SHAILY,EQ,18-Aug-2026,3396.3,3395.0,3450.0,3350.0,3373.7,67126,2270.22,12388,29315.0,43.67,2026-08-18
SHAKTIPUMP,EQ,18-Aug-2026,503.2,502.0,504.15,497.0,498.35,214342,1069.45,9787,137764.0,64.27,2026-08-18
SHALBY,EQ,18-Aug-2026,153.16,152.26,156.2,151.25,152.7,31754,48.6,732,18071.0,56.91,2026-08-18
SHALPAINTS,BE,18-Aug-2026,91.45,86.88,89.9,86.88,86.88,360052,314.24,910,,,2026-08-18
SHANKARA,EQ,18-Aug-2026,141.1,141.11,142.0,141.01,141.52,57697,81.55,338,51365.0,89.03,2026-08-18
SHANTI,EQ,18-Aug-2026,6.33,6.55,6.55,6.2,6.49,81520,5.22,101,72119.0,88.47,2026-08-18
SHANTI-RE,BE,18-Aug-2026,32.92,44.0,44.0,25.65,28.49,178506,56.86,1865,,,2026-08-18
SHANTIGEAR,EQ,18-Aug-2026,393.35,391.2,396.3,384.0,388.95,17195,66.94,1079,9493.0,55.21,2026-08-18
SHANTIGOLD,EQ,18-Aug-2026,266.84,269.0,269.97,251.21,253.85,2594669,6682.1,33428,1012612.0,39.03,2026-08-18
SHARDACROP,EQ,18-Aug-2026,787.1,789.9,794.7,770.05,771.1,168472,1306.19,9139,109820.0,65.19,2026-08-18
SHARDAMOTR,EQ,18-Aug-2026,909.5,909.0,938.45,903.55,936.2,90044,836.04,7523,56702.0,62.97,2026-08-18
SHARDUL,BE,18-Aug-2026,54.9,55.99,55.99,53.51,53.93,32560,17.89,188,,,2026-08-18
SHAREINDIA,EQ,18-Aug-2026,174.96,173.74,178.79,171.21,178.08,753662,1325.09,6775,455812.0,60.48,2026-08-18
SHARIABEES,EQ,18-Aug-2026,466.26,470.92,470.92,459.03,460.1,10637,48.96,627,5377.0,50.55,2026-08-18
SHBAJRG,EQ,18-Aug-2026,181.14,184.0,184.0,175.99,177.13,1640,2.89,39,1493.0,91.04,2026-08-18
SHEEL,ST,18-Aug-2026,64.0,63.95,63.95,63.85,63.9,10000,6.39,5,10000.0,100.0,2026-08-18
SHEETAL,SM,18-Aug-2026,323.75,323.0,323.0,315.0,315.25,2000,6.38,4,1000.0,50.0,2026-08-18
SHEKHAWATI,BE,18-Aug-2026,18.38,17.51,19.19,17.47,18.71,26367,4.89,133,,,2026-08-18
SHEMAROO,BE,18-Aug-2026,129.1,128.9,131.45,125.32,127.02,4619,5.9,41,,,2026-08-18
SHERA,ST,18-Aug-2026,177.0,181.95,185.85,177.55,179.9,85000,155.74,84,78000.0,91.76,2026-08-18
SHERVANI,EQ,18-Aug-2026,348.1,302.3,336.95,302.3,307.55,229,0.7,35,207.0,90.39,2026-08-18
SHETHJI,ST,18-Aug-2026,167.3,167.0,169.4,164.15,165.9,13000,21.6,12,13000.0,100.0,2026-08-18
SHIGAN,SM,18-Aug-2026,62.0,60.2,64.9,60.2,64.9,4500,2.85,3,3000.0,66.67,2026-08-18
SHILCTECH,EQ,18-Aug-2026,3871.0,3861.0,3970.0,3861.0,3944.0,29079,1142.27,5918,14782.0,50.83,2026-08-18
SHILGRAVQ,EQ,18-Aug-2026,158.0,164.0,164.0,158.12,161.89,1506,2.45,16,1306.0,86.72,2026-08-18
SHILPAMED,EQ,18-Aug-2026,809.3,808.0,823.0,807.8,809.8,606331,4941.78,24481,330051.0,54.43,2026-08-18
SHINDL,EQ,18-Aug-2026,161.84,162.29,162.29,159.05,159.21,4367,7.0,93,3743.0,85.71,2026-08-18
SHIVAAGRO,EQ,18-Aug-2026,38.3,45.9,45.9,37.01,40.18,6782,2.7,240,4814.0,70.98,2026-08-18
SHIVACEM,EQ,18-Aug-2026,17.21,17.15,17.15,16.55,16.8,34643,5.83,106,31610.0,91.24,2026-08-18
SHIVALIK,BE,18-Aug-2026,254.6,241.9,251.0,241.87,243.96,38788,94.15,496,,,2026-08-18
SHIVAMAUTO,BE,18-Aug-2026,16.23,16.25,16.25,15.55,15.67,37443,5.95,162,,,2026-08-18
SHIVAMILLS,EQ,18-Aug-2026,60.28,63.2,63.2,60.25,60.7,536,0.33,27,331.0,61.75,2026-08-18
SHIVASHRIT,SM,18-Aug-2026,125.0,125.0,125.0,119.9,121.95,33000,39.81,16,30000.0,90.91,2026-08-18
SHIVATEX,EQ,18-Aug-2026,161.88,163.6,169.98,162.18,165.86,3052,5.04,59,2736.0,89.65,2026-08-18
SHIVAUM,EQ,18-Aug-2026,445.1,446.0,448.95,442.0,442.0,1075,4.78,40,813.0,75.63,2026-08-18
SHK,EQ,18-Aug-2026,164.25,163.99,165.0,158.12,159.48,591761,950.48,8892,349696.0,59.09,2026-08-18
SHKSIL,SM,18-Aug-2026,37.5,37.5,37.5,35.95,36.05,22000,7.96,10,20000.0,90.91,2026-08-18
SHOPERSTOP,EQ,18-Aug-2026,432.05,437.2,437.2,428.0,429.55,16934,73.01,1545,7641.0,45.12,2026-08-18
SHRADDHA,EQ,18-Aug-2026,150.71,164.95,165.0,153.5,155.0,3737,5.88,96,3028.0,81.03,2026-08-18
SHRADHA,EQ,18-Aug-2026,34.14,34.94,34.94,33.45,33.78,14679,4.97,80,13919.0,94.82,2026-08-18
SHREDIGCEM,EQ,18-Aug-2026,70.47,70.1,71.9,70.0,70.3,87311,61.83,865,38834.0,44.48,2026-08-18
SHREECEM,EQ,18-Aug-2026,24535.0,24625.0,24935.0,24545.0,24725.0,39655,9790.61,10716,24428.0,61.6,2026-08-18
SHREEDHAR,ST,18-Aug-2026,117.5,117.5,117.5,115.0,115.0,4000,4.65,2,4000.0,100.0,2026-08-18
SHREEJISPG,EQ,18-Aug-2026,601.8,608.0,633.85,595.45,625.85,1716015,10647.3,17366,539037.0,31.41,2026-08-18
SHREEKARNI,SM,18-Aug-2026,322.05,329.0,358.0,329.0,355.25,20850,72.8,52,20400.0,97.84,2026-08-18
SHREEOSFM,SM,18-Aug-2026,59.0,58.0,58.0,58.0,58.0,3000,1.74,3,3000.0,100.0,2026-08-18
SHREEPUSHK,EQ,18-Aug-2026,376.35,376.35,380.1,375.15,376.9,15558,58.7,567,9520.0,61.19,2026-08-18
SHREERAMA,EQ,18-Aug-2026,46.28,47.1,48.92,45.49,46.34,192506,91.07,2186,99436.0,51.65,2026-08-18
SHREMINVIT,IV,18-Aug-2026,101.0,102.0,102.01,102.0,102.01,75000,76.5,3,75000.0,100.0,2026-08-18
SHRENIK,BZ,18-Aug-2026,0.31,0.32,0.32,0.3,0.3,603913,1.83,204,,,2026-08-18
SHREYANIND,EQ,18-Aug-2026,130.22,133.0,134.89,130.12,131.39,4857,6.38,97,3817.0,78.59,2026-08-18
SHRIAHIMSA,ST,18-Aug-2026,399.9,401.0,404.75,401.0,401.0,9000,36.22,13,9000.0,100.0,2026-08-18
SHRIKANHA,SM,18-Aug-2026,21.7,21.7,21.7,21.55,21.55,3200,0.69,2,3200.0,100.0,2026-08-18
SHRIKRISH,EQ,18-Aug-2026,40.3,38.55,38.97,38.0,38.46,709,0.27,12,707.0,99.72,2026-08-18
SHRINGARMS,EQ,18-Aug-2026,227.24,227.0,229.69,224.0,224.93,289461,657.67,2209,85518.0,29.54,2026-08-18
SHRIPISTON,EQ,18-Aug-2026,4436.6,4500.0,4589.0,4410.2,4509.1,130497,5866.94,23747,58688.0,44.97,2026-08-18
SHRIRAMFIN,EQ,18-Aug-2026,1122.0,1114.0,1124.9,1098.6,1108.4,2672734,29678.73,99962,1391032.0,52.05,2026-08-18
SHRIRAMPPS,EQ,18-Aug-2026,76.27,76.5,79.49,76.5,77.98,341416,264.59,3134,183497.0,53.75,2026-08-18
SHRITECH,SM,18-Aug-2026,61.9,58.5,58.5,58.5,58.5,4000,2.34,2,4000.0,100.0,2026-08-18
SHRJAGP,EQ,18-Aug-2026,728.5,701.05,751.95,686.0,700.8,589,4.25,77,404.0,68.59,2026-08-18
SHUBHLAXMI,SM,18-Aug-2026,19.2,19.2,19.2,19.2,19.2,1000,0.19,1,1000.0,100.0,2026-08-18
SHUBHSHREE,SM,18-Aug-2026,328.0,320.0,330.0,320.0,330.0,600,1.95,2,600.0,100.0,2026-08-18
SHUKRAPHAR,EQ,18-Aug-2026,41.44,42.48,42.78,41.51,41.55,1250990,521.84,2294,784281.0,62.69,2026-08-18
SHYAMCENT,BE,18-Aug-2026,4.83,4.83,5.07,4.76,5.05,55125,2.74,123,,,2026-08-18
SHYAMDHANI,ST,18-Aug-2026,56.0,56.0,57.55,55.1,55.1,26000,14.62,12,18000.0,69.23,2026-08-18
SHYAMMETL,EQ,18-Aug-2026,986.9,996.2,1003.0,985.5,990.6,423011,4218.55,8074,55910.0,13.22,2026-08-18
SHYAMTEL,EQ,18-Aug-2026,15.14,14.5,14.95,13.91,13.94,7220,1.02,109,6216.0,86.09,2026-08-18
SICAGEN,EQ,18-Aug-2026,56.46,56.95,56.95,53.66,54.84,51664,28.44,564,32361.0,62.64,2026-08-18
SICALLOG,BE,18-Aug-2026,109.95,109.95,114.0,105.35,111.65,20009,22.39,111,,,2026-08-18
SIDDHICOTS,SM,18-Aug-2026,28.0,27.1,28.4,27.0,28.4,8400,2.33,7,4800.0,57.14,2026-08-18
SIDDHIKA,SM,18-Aug-2026,215.05,225.8,225.8,224.0,224.0,3000,6.75,6,3000.0,100.0,2026-08-18
SIEL,EQ,18-Aug-2026,35.07,38.57,38.57,38.57,38.57,4840,1.87,93,4747.0,98.08,2026-08-18
SIEMENS,EQ,18-Aug-2026,3943.0,3940.2,3988.5,3936.4,3957.0,120386,4763.38,14309,43003.0,35.72,2026-08-18
SIGACHI,EQ,18-Aug-2026,26.35,25.91,30.09,25.91,29.61,10361044,3021.17,30211,4487206.0,43.31,2026-08-18
SIGIND,EQ,18-Aug-2026,71.15,70.85,71.5,65.32,66.85,95414,64.73,868,51731.0,54.22,2026-08-18
SIGMA,EQ,18-Aug-2026,45.15,45.41,46.3,45.1,45.62,45133,20.57,1013,22302.0,49.41,2026-08-18
SIGMAADV,EQ,18-Aug-2026,627.1,627.1,658.45,622.0,658.45,190567,1240.2,2253,138006.0,72.42,2026-08-18
SIGNATURE,EQ,18-Aug-2026,805.05,806.0,810.2,792.2,800.95,173951,1398.96,3855,9687.0,5.57,2026-08-18
SIGNPOST,EQ,18-Aug-2026,267.55,266.6,277.05,265.4,273.4,78931,214.67,2731,44573.0,56.47,2026-08-18
SIKA,EQ,18-Aug-2026,1052.9,1078.9,1078.9,1025.2,1030.1,26842,279.89,3190,13590.0,50.63,2026-08-18
SIKKO,BE,18-Aug-2026,5.45,5.29,5.45,5.28,5.34,497551,26.76,543,,,2026-08-18
SIL,EQ,18-Aug-2026,20.29,20.63,20.98,19.38,19.83,91235,18.2,727,55926.0,61.3,2026-08-18
SILGO,EQ,18-Aug-2026,68.79,69.97,69.97,68.5,69.14,178641,123.42,1319,16674.0,9.33,2026-08-18
SILINV,EQ,18-Aug-2026,449.65,447.0,454.75,441.0,450.65,1450,6.52,106,937.0,64.62,2026-08-18
SILKFLEX,SM,18-Aug-2026,207.0,207.4,207.4,200.5,200.5,6000,12.17,6,6000.0,100.0,2026-08-18
SILLYMONKS,EQ,18-Aug-2026,15.59,16.28,16.28,15.45,15.45,7877,1.23,56,6027.0,76.51,2026-08-18
SILVER,EQ,18-Aug-2026,233.39,235.0,235.0,231.0,231.48,508908,1179.08,5263,214078.0,42.07,2026-08-18
SILVER1,EQ,18-Aug-2026,22.69,22.12,22.9,22.12,22.47,4107007,923.82,4351,1641442.0,39.97,2026-08-18
SILVER360,EQ,18-Aug-2026,229.72,229.47,229.47,227.21,228.08,7406,16.9,390,3720.0,50.23,2026-08-18
SILVERADD,EQ,18-Aug-2026,225.65,225.65,229.4,223.0,223.5,124606,278.63,2375,79333.0,63.67,2026-08-18
SILVERAG,EQ,18-Aug-2026,227.28,226.34,226.54,225.05,225.68,174759,394.47,1997,104629.0,59.87,2026-08-18
SILVERAXIS,EQ,18-Aug-2026,232.33,231.94,231.94,229.9,230.25,345855,797.13,5445,284522.0,82.27,2026-08-18
SILVERBEES,EQ,18-Aug-2026,223.61,221.56,222.58,221.16,221.62,11785788,26149.01,46830,3576471.0,30.35,2026-08-18
SILVERBETA,EQ,18-Aug-2026,225.93,225.78,225.78,223.27,223.9,386169,864.52,2689,271354.0,70.27,2026-08-18
SILVERBND,EQ,18-Aug-2026,234.8,237.15,237.15,232.0,232.51,12906,30.02,153,11538.0,89.4,2026-08-18
SILVERCASE,EQ,18-Aug-2026,23.71,24.3,24.3,23.45,23.51,3495428,822.58,4802,1075692.0,30.77,2026-08-18
SILVERIETF,EQ,18-Aug-2026,233.36,227.52,235.9,227.51,231.49,2327134,5391.47,13760,1408173.0,60.51,2026-08-18
SILVERTUC,EQ,18-Aug-2026,197.27,194.33,197.0,192.1,195.47,328326,640.26,4814,132087.0,40.23,2026-08-18
SIMBHALS,BZ,18-Aug-2026,6.83,7.05,7.17,6.85,7.17,59892,4.25,124,,,2026-08-18
SIMCA,SM,18-Aug-2026,244.0,243.0,244.4,238.0,242.55,32400,78.53,30,21600.0,66.67,2026-08-18
SIMPLEXINF,EQ,18-Aug-2026,251.31,248.31,261.0,248.31,259.65,85223,218.44,1235,48657.0,57.09,2026-08-18
SIMPLXREA,EQ,18-Aug-2026,130.11,123.61,136.0,123.61,130.0,10,0.01,3,10.0,100.0,2026-08-18
SINCLAIR,EQ,18-Aug-2026,74.64,74.72,75.87,74.5,74.98,11794,8.84,130,11153.0,94.57,2026-08-18
SINDHUTRAD,EQ,18-Aug-2026,23.79,23.6,25.25,23.6,24.99,2323109,577.49,2399,1493754.0,64.3,2026-08-18
SINGERIND,EQ,18-Aug-2026,80.97,81.0,81.49,78.0,78.7,66886,53.2,717,52788.0,78.92,2026-08-18
SINTERCOM,EQ,18-Aug-2026,82.64,83.5,85.0,78.11,83.64,3108,2.62,39,2244.0,72.2,2026-08-18
SIRCA,EQ,18-Aug-2026,439.45,440.45,448.45,435.3,442.7,920331,4067.26,9043,406378.0,44.16,2026-08-18
SIS,EQ,18-Aug-2026,416.45,416.1,420.7,412.45,413.6,117106,488.26,8259,71847.0,61.35,2026-08-18
SITINET,BZ,18-Aug-2026,0.29,0.29,0.3,0.28,0.29,377019,1.11,233,,,2026-08-18
SIYSIL,EQ,18-Aug-2026,632.6,634.45,651.85,632.0,643.75,93139,598.76,4153,51267.0,55.04,2026-08-18
SJLOGISTIC,SM,18-Aug-2026,326.0,326.0,346.9,323.0,344.25,183250,621.03,455,143500.0,78.31,2026-08-18
SJS,EQ,18-Aug-2026,2534.5,2446.9,2516.7,2410.2,2500.2,222731,5476.85,31103,102658.0,46.09,2026-08-18
SJVN,EQ,18-Aug-2026,66.56,66.49,66.85,66.11,66.29,1069394,710.13,11239,592021.0,55.36,2026-08-18
SKFINDIA,EQ,18-Aug-2026,1652.8,1660.5,1678.0,1616.0,1621.4,135424,2229.44,13540,70343.0,51.94,2026-08-18
SKFINDUS,EQ,18-Aug-2026,2724.6,2745.0,2745.0,2656.0,2667.6,24273,652.07,4614,16969.0,69.91,2026-08-18
SKIPPER,EQ,18-Aug-2026,530.7,528.05,542.5,525.95,538.95,303278,1624.18,12297,137538.0,45.35,2026-08-18
SKMEGGPROD,EQ,18-Aug-2026,259.42,259.42,266.0,257.35,258.6,232092,606.87,5126,84166.0,36.26,2026-08-18
SKP,SM,18-Aug-2026,154.0,154.95,159.5,151.4,158.2,15500,24.2,26,11000.0,70.97,2026-08-18
SKYGOLD,EQ,18-Aug-2026,776.4,778.0,800.0,775.0,795.05,703295,5532.93,16136,394692.0,56.12,2026-08-18
SLONE,ST,18-Aug-2026,143.3,141.0,147.0,141.0,146.8,3200,4.66,8,2400.0,75.0,2026-08-18
SMALL250,EQ,18-Aug-2026,18.41,18.48,18.48,18.35,18.41,125842,23.16,640,99142.0,78.78,2026-08-18
SMALLADD,EQ,18-Aug-2026,18.44,18.47,18.48,18.32,18.46,25113,4.64,82,24268.0,96.64,2026-08-18
SMALLCAP,EQ,18-Aug-2026,48.5,48.5,48.83,48.33,48.77,862900,420.41,2136,655138.0,75.92,2026-08-18
SMALLGROWW,EQ,18-Aug-2026,48.64,47.94,49.14,47.89,48.86,7056,3.45,84,4140.0,58.67,2026-08-18
SMALLIETF,EQ,18-Aug-2026,18.38,18.16,18.58,18.16,18.41,26559,4.88,119,16711.0,62.92,2026-08-18
SMARTEN,ST,18-Aug-2026,50.45,52.9,52.95,51.1,52.95,26400,13.88,20,24000.0,90.91,2026-08-18
SMARTLINK,BE,18-Aug-2026,223.76,227.45,227.45,221.25,222.5,3756,8.36,38,,,2026-08-18
SMARTWORKS,EQ,18-Aug-2026,494.95,495.0,515.7,491.6,508.5,140039,705.92,6718,83837.0,59.87,2026-08-18
SMCGLOBAL,EQ,18-Aug-2026,80.41,80.0,81.34,79.82,80.69,433148,349.61,2252,254057.0,58.65,2026-08-18
SML100CASE,EQ,18-Aug-2026,11.28,11.3,11.3,11.21,11.25,806253,90.71,1458,503326.0,62.43,2026-08-18
SMLMAH,EQ,18-Aug-2026,5321.0,5264.5,5398.0,5200.0,5309.5,90518,4794.89,12584,30026.0,33.17,2026-08-18
SMLT,EQ,18-Aug-2026,70.29,69.0,71.98,69.0,69.28,4098,2.88,92,2912.0,71.06,2026-08-18
SMSPHARMA,EQ,18-Aug-2026,358.1,358.1,363.0,352.75,359.35,126543,451.9,3209,75392.0,59.58,2026-08-18
SMVD,SM,18-Aug-2026,15.3,15.5,15.5,15.5,15.5,4040,0.63,1,4040.0,100.0,2026-08-18
SNEHAA,SM,18-Aug-2026,47.0,43.35,45.85,43.35,45.85,2000,0.89,2,1000.0,50.0,2026-08-18
SNOWMAN,EQ,18-Aug-2026,38.63,38.25,38.9,38.0,38.14,110597,42.28,1031,60469.0,54.68,2026-08-18
SNXT30BEES,EQ,18-Aug-2026,43.73,43.7,43.7,43.11,43.33,21687,9.43,75,15102.0,69.64,2026-08-18
SNXT50BETA,EQ,18-Aug-2026,96.62,96.62,97.29,96.14,96.79,484,0.47,72,475.0,98.14,2026-08-18
SOBHA,EQ,18-Aug-2026,1321.0,1328.6,1329.9,1301.5,1308.3,42674,561.4,4753,21537.0,50.47,2026-08-18
SOCL,SM,18-Aug-2026,29.0,29.0,29.0,28.9,28.9,9600,2.78,5,9600.0,100.0,2026-08-18
SOFTTECH,EQ,18-Aug-2026,427.05,429.0,434.0,405.7,413.4,25770,109.48,398,24542.0,95.23,2026-08-18
SOLARA,EQ,18-Aug-2026,509.1,509.1,559.8,509.1,549.05,673349,3646.07,20590,212520.0,31.56,2026-08-18
SOLARINDS,EQ,18-Aug-2026,20000.0,20100.0,20422.0,20030.0,20280.0,178203,35991.49,35635,61412.0,34.46,2026-08-18
SOLARWORLD,EQ,18-Aug-2026,153.71,154.25,160.0,154.25,157.66,641371,1016.36,7311,331401.0,51.67,2026-08-18
SOLEX,EQ,18-Aug-2026,789.0,792.0,840.0,789.95,809.05,77682,628.96,7145,26469.0,34.07,2026-08-18
SOMANYCERA,EQ,18-Aug-2026,518.9,521.5,522.6,511.0,512.35,195402,1011.29,6288,116970.0,59.86,2026-08-18
SOMATEX,EQ,18-Aug-2026,91.0,90.01,90.44,86.5,88.38,15353,13.57,245,10018.0,65.25,2026-08-18
SOMICONVEY,EQ,18-Aug-2026,83.09,83.09,87.0,80.16,85.28,29198,24.14,1016,18847.0,64.55,2026-08-18
SONACOMS,EQ,18-Aug-2026,805.1,806.5,827.35,806.0,824.0,2864893,23439.14,80244,1315647.0,45.92,2026-08-18
SONAL,EQ,18-Aug-2026,89.62,87.0,90.8,86.01,90.8,176,0.15,17,175.0,99.43,2026-08-18
SONAMLTD,EQ,18-Aug-2026,57.39,58.4,61.94,57.22,60.31,428610,258.06,1593,316337.0,73.81,2026-08-18
SONATSOFTW,EQ,18-Aug-2026,320.4,322.45,322.45,308.0,309.45,1256335,3946.86,16359,786716.0,62.62,2026-08-18
SONUINFRA,ST,18-Aug-2026,36.5,36.6,36.6,36.5,36.5,4500,1.64,3,4500.0,100.0,2026-08-18
SOTL,EQ,18-Aug-2026,692.65,690.85,725.0,688.6,718.4,353723,2518.39,14905,149241.0,42.19,2026-08-18
SOUTHBANK,EQ,18-Aug-2026,45.22,45.21,45.5,44.9,45.09,5224750,2355.33,15783,2772147.0,53.06,2026-08-18
SOUTHWEST,EQ,18-Aug-2026,226.28,226.96,248.49,218.52,221.35,2433833,5631.78,31493,695345.0,28.57,2026-08-18
SPAL,EQ,18-Aug-2026,932.45,940.7,961.65,934.6,952.45,51059,485.31,4892,17786.0,34.83,2026-08-18
SPANDANA,EQ,18-Aug-2026,247.5,247.5,247.5,240.0,240.35,154385,373.87,4628,88482.0,57.31,2026-08-18
SPARC,EQ,18-Aug-2026,197.36,197.36,199.08,191.88,192.93,710149,1381.15,11368,397061.0,55.91,2026-08-18
SPCENET,EQ,18-Aug-2026,3.59,3.64,3.64,3.36,3.43,997803,34.84,813,839959.0,84.18,2026-08-18
SPCL,SM,18-Aug-2026,62.0,63.0,63.0,59.65,61.7,21000,12.87,34,14400.0,68.57,2026-08-18
SPCON,SM,18-Aug-2026,135.0,139.0,150.0,139.0,145.85,3600,5.17,3,2400.0,66.67,2026-08-18
SPEB,ST,18-Aug-2026,90.9,90.9,90.9,87.65,87.65,4000,3.57,2,4000.0,100.0,2026-08-18
SPECIALITY,BE,18-Aug-2026,135.98,135.8,142.0,131.5,140.94,30070,41.16,293,,,2026-08-18
SPECTRUM,BE,18-Aug-2026,2125.1,2051.2,2231.3,2051.2,2231.3,5337,117.07,225,,,2026-08-18
SPELS,EQ,18-Aug-2026,150.68,152.3,152.3,148.01,148.87,21431,32.04,792,15709.0,73.3,2026-08-18
SPENCERS,EQ,18-Aug-2026,31.27,31.89,31.89,31.0,31.16,29193,9.12,653,14754.0,50.54,2026-08-18
SPIC,EQ,18-Aug-2026,67.09,67.25,67.77,66.26,66.73,245920,164.28,1988,124279.0,50.54,2026-08-18
SPLIL,EQ,18-Aug-2026,31.07,30.98,31.8,29.8,30.14,13899,4.21,120,11230.0,80.8,2026-08-18
SPLPETRO,EQ,18-Aug-2026,723.45,727.95,727.95,705.0,707.0,45433,323.25,4455,24440.0,53.79,2026-08-18
SPMLINFRA,EQ,18-Aug-2026,197.0,195.7,198.78,192.99,194.47,145589,284.84,2593,79137.0,54.36,2026-08-18
SPORTKING,EQ,18-Aug-2026,206.41,207.0,216.0,205.0,214.34,599126,1266.69,11356,266155.0,44.42,2026-08-18
SPPPOLY,SM,18-Aug-2026,11.9,11.35,12.35,11.35,12.35,12000,1.38,6,8000.0,66.67,2026-08-18
SPUNWEB,SM,18-Aug-2026,100.0,99.0,100.05,99.0,100.05,4800,4.78,4,3600.0,75.0,2026-08-18
SRD,EQ,18-Aug-2026,41.05,41.49,41.85,40.0,40.43,93989,38.32,230,63337.0,67.39,2026-08-18
SREEL,EQ,18-Aug-2026,260.75,261.0,262.0,250.4,254.43,23641,60.31,1014,17124.0,72.43,2026-08-18
SRF,EQ,18-Aug-2026,2616.0,2603.4,2644.7,2603.4,2630.0,238565,6272.97,21227,119609.0,50.14,2026-08-18
SRGHFL,EQ,18-Aug-2026,266.35,266.0,268.6,255.05,259.1,4714,12.45,145,3711.0,78.72,2026-08-18
SRHHYPOLTD,EQ,18-Aug-2026,496.05,496.05,498.6,486.0,487.15,8821,43.23,476,7077.0,80.23,2026-08-18
SRIKPRIND,EQ,18-Aug-2026,20.21,20.5,21.48,19.4,20.69,1756,0.35,34,1745.0,99.37,2026-08-18
SRIVASAVI,ST,18-Aug-2026,84.0,81.0,83.5,81.0,83.0,5000,4.12,5,5000.0,100.0,2026-08-18
SRM,EQ,18-Aug-2026,471.5,474.8,491.15,473.25,485.45,76445,368.9,3761,36737.0,48.06,2026-08-18
SRTL,EQ,18-Aug-2026,39.12,39.05,39.7,39.0,39.59,13322,5.26,190,10462.0,78.53,2026-08-18
SSDL,EQ,18-Aug-2026,61.38,60.35,62.37,60.35,60.84,26977,16.5,603,15977.0,59.22,2026-08-18
SSEGL,SM,18-Aug-2026,353.3,353.1,364.9,350.0,350.1,92800,328.78,240,63000.0,67.89,2026-08-18
SSFL,ST,18-Aug-2026,226.0,229.0,229.5,215.65,223.35,8000,17.88,15,6500.0,81.25,2026-08-18
SSFLPP,E1,18-Aug-2026,120.2,122.75,123.5,113.0,114.1,35972,41.84,445,34917.0,97.07,2026-08-18
SSWL,EQ,18-Aug-2026,309.5,309.5,319.0,309.0,315.25,504291,1590.15,9843,256390.0,50.84,2026-08-18
STALLION,BE,18-Aug-2026,240.9,233.05,243.9,231.9,234.0,343404,813.76,3578,,,2026-08-18
STANLEY,EQ,18-Aug-2026,136.65,135.02,137.9,134.5,135.0,92645,125.84,2299,52751.0,56.94,2026-08-18
STAR,EQ,18-Aug-2026,987.1,984.8,984.8,944.1,949.1,242012,2319.05,14337,119342.0,49.31,2026-08-18
STARCEMENT,EQ,18-Aug-2026,199.06,197.1,202.04,195.75,199.02,375299,744.95,8772,184865.0,49.26,2026-08-18
STARHEALTH,EQ,18-Aug-2026,584.25,578.85,585.8,578.85,583.9,182916,1066.63,11030,120531.0,65.89,2026-08-18
STARPAPER,EQ,18-Aug-2026,145.47,145.4,147.99,145.0,146.93,4331,6.36,188,2114.0,48.81,2026-08-18
STARTECK,EQ,18-Aug-2026,259.95,264.7,264.9,255.05,257.3,8611,22.15,65,70.0,0.81,2026-08-18
STCINDIA,EQ,18-Aug-2026,116.81,116.95,117.69,116.02,116.68,15827,18.48,311,8467.0,53.5,2026-08-18
STEELCAS,EQ,18-Aug-2026,352.1,352.95,359.0,348.6,357.75,105385,372.43,2665,66557.0,63.16,2026-08-18
STEELCITY,EQ,18-Aug-2026,81.77,81.98,82.55,81.06,81.23,4041,3.3,78,2707.0,66.99,2026-08-18
STEELXIND,EQ,18-Aug-2026,10.92,10.85,10.89,10.7,10.71,565175,60.73,1282,411702.0,72.85,2026-08-18
STEL,EQ,18-Aug-2026,591.4,591.4,595.0,570.0,586.1,6585,38.29,328,4428.0,67.24,2026-08-18
STERTOOLS,BE,18-Aug-2026,221.9,220.1,224.9,215.0,217.5,18598,40.82,381,,,2026-08-18
STLNETWORK,EQ,18-Aug-2026,25.37,25.25,26.0,25.0,25.68,773042,198.25,1963,459964.0,59.5,2026-08-18
STLSTRINF,EQ,18-Aug-2026,18.99,22.78,22.78,17.35,19.1,6166,1.28,103,5034.0,81.64,2026-08-18
STLTECH,BE,18-Aug-2026,642.45,649.9,670.0,642.55,646.0,1569147,10259.45,29032,,,2026-08-18
STOVEKRAFT,EQ,18-Aug-2026,748.5,748.5,776.6,740.3,774.25,105788,814.88,6590,58013.0,54.84,2026-08-18
STRIDERS,SM,18-Aug-2026,62.4,58.05,62.8,58.05,62.8,8000,4.81,5,3200.0,40.0,2026-08-18
STUDDS,EQ,18-Aug-2026,448.05,450.0,451.45,443.6,449.0,56142,251.43,1997,39724.0,70.76,2026-08-18
STUDIOLSD,SM,18-Aug-2026,8.85,8.95,9.0,8.95,8.95,10000,0.9,5,10000.0,100.0,2026-08-18
STYL,EQ,18-Aug-2026,398.3,399.7,401.55,388.15,393.95,83694,330.17,3371,40647.0,48.57,2026-08-18
STYLAMIND,EQ,18-Aug-2026,3582.4,3555.0,3753.0,3545.0,3736.4,97361,3571.45,19994,49316.0,50.65,2026-08-18
STYLEBAAZA,EQ,18-Aug-2026,383.5,402.65,402.65,400.0,402.65,4855079,19522.76,11026,3205085.0,66.02,2026-08-18
STYRENIX,EQ,18-Aug-2026,2181.6,2178.0,2200.0,2147.7,2157.3,28395,614.59,3828,12288.0,43.28,2026-08-18
SUBAHOTELS,SM,18-Aug-2026,112.1,111.0,114.4,110.75,114.4,16800,18.77,11,15600.0,92.86,2026-08-18
SUBEXLTD,EQ,18-Aug-2026,14.11,14.11,16.93,14.08,16.49,44677415,7313.91,181561,13238225.0,29.63,2026-08-18
SUBROS,EQ,18-Aug-2026,762.2,760.0,768.95,740.0,746.25,67002,501.13,3782,37887.0,56.55,2026-08-18
SUDARCOLOR,EQ,18-Aug-2026,409.1,409.1,409.35,396.0,400.3,8255,33.21,242,6518.0,78.96,2026-08-18
SUDARSCHEM,EQ,18-Aug-2026,1092.9,1092.9,1145.0,1092.9,1130.6,636441,7172.58,29032,253729.0,39.87,2026-08-18
SUDEEPPHRM,EQ,18-Aug-2026,1101.55,1101.05,1112.4,1085.0,1104.1,68410,749.34,4670,37672.0,55.07,2026-08-18
SUKHJITS,EQ,18-Aug-2026,157.84,158.54,161.5,158.34,159.09,6456,10.3,235,3832.0,59.36,2026-08-18
SULA,EQ,18-Aug-2026,149.13,149.15,152.49,145.95,146.85,566729,845.59,11239,241091.0,42.54,2026-08-18
SUMEDHA,EQ,18-Aug-2026,45.01,36.6,45.0,36.6,39.45,6656,2.57,106,3915.0,58.82,2026-08-18
SUMEETINDS,EQ,18-Aug-2026,14.08,14.14,14.28,13.38,13.42,4474212,610.71,5993,3286335.0,73.45,2026-08-18
SUMICHEM,EQ,18-Aug-2026,559.8,559.8,566.95,552.0,563.1,359927,2021.45,12059,151807.0,42.18,2026-08-18
SUMIT,EQ,18-Aug-2026,53.51,54.7,56.24,51.61,54.67,23195,12.57,486,15682.0,67.61,2026-08-18
SUMMITSEC,EQ,18-Aug-2026,1445.7,1430.0,1460.0,1420.9,1428.8,2063,29.51,461,1204.0,58.36,2026-08-18
SUN-RE,ST,18-Aug-2026,9.65,5.8,5.8,5.8,5.8,8000,0.46,5,8000.0,100.0,2026-08-18
SUNCLAY,EQ,18-Aug-2026,1289.8,1288.0,1297.1,1270.1,1292.1,1984,25.58,350,1039.0,52.37,2026-08-18
SUNDARAM,EQ,18-Aug-2026,1.13,1.16,1.24,1.15,1.23,1399675,16.98,750,1037778.0,74.14,2026-08-18
SUNDARMFIN,EQ,18-Aug-2026,4523.9,4525.0,4658.0,4510.0,4619.6,81086,3734.54,13088,54156.0,66.79,2026-08-18
SUNDRMBRAK,BE,18-Aug-2026,899.8,909.9,909.9,860.0,862.5,1369,11.95,99,,,2026-08-18
SUNDRMFAST,EQ,18-Aug-2026,1214.75,1210.0,1244.8,1208.7,1228.3,334446,4111.54,35584,218915.0,65.46,2026-08-18
SUNDROP,EQ,18-Aug-2026,651.4,665.05,665.05,648.0,649.55,21332,139.07,526,12992.0,60.9,2026-08-18
SUNFLAG,EQ,18-Aug-2026,360.75,362.9,363.9,355.75,357.4,84805,305.05,2229,42709.0,50.36,2026-08-18
SUNLITE,SM,18-Aug-2026,463.85,458.1,545.0,457.05,490.2,45000,225.3,107,35100.0,78.0,2026-08-18
SUNLOC,EQ,18-Aug-2026,68.3,75.0,75.0,67.5,68.38,366,0.27,12,169.0,46.17,2026-08-18
SUNPHARMA,EQ,18-Aug-2026,1882.0,1890.0,1899.0,1868.3,1875.1,1819169,34209.24,76048,1051823.0,57.82,2026-08-18
SUNRAKSHAK,EQ,18-Aug-2026,378.4,379.9,380.5,370.05,376.95,6621,24.9,183,4998.0,75.49,2026-08-18
SUNREST,SM,18-Aug-2026,44.65,44.0,44.0,39.0,39.05,8000,3.26,5,4800.0,60.0,2026-08-18
SUNSHIEL,EQ,18-Aug-2026,1228.0,1260.0,1274.8,1225.0,1262.4,1312,16.45,124,1270.0,96.8,2026-08-18
SUNTECH,ST,18-Aug-2026,34.8,35.65,35.65,35.65,35.65,1600,0.57,1,1600.0,100.0,2026-08-18
SUNTECK,EQ,18-Aug-2026,299.55,297.3,300.95,296.1,298.8,102965,307.72,4311,71326.0,69.27,2026-08-18
SUNTV,EQ,18-Aug-2026,488.25,485.0,486.95,482.15,482.8,162286,784.85,6430,95813.0,59.04,2026-08-18
SUPERHOUSE,EQ,18-Aug-2026,169.12,167.43,168.2,167.4,168.2,1529,2.57,24,1404.0,91.82,2026-08-18
SUPERSPIN,BE,18-Aug-2026,5.88,5.93,5.95,5.9,5.93,10598,0.63,12,,,2026-08-18
SUPRAJIT,EQ,18-Aug-2026,520.75,517.1,530.85,516.2,527.8,69957,365.88,4539,43138.0,61.66,2026-08-18
SUPREME,EQ,18-Aug-2026,40.71,42.22,42.22,40.92,41.01,6328,2.61,143,5015.0,79.25,2026-08-18
SUPREMEENG,BZ,18-Aug-2026,2.37,2.41,2.41,2.41,2.41,197315,4.76,98,,,2026-08-18
SUPREMEIND,EQ,18-Aug-2026,3590.0,3590.0,3622.8,3580.0,3604.0,105998,3822.61,12263,56293.0,53.11,2026-08-18
SUPREMEINF,EQ,18-Aug-2026,90.66,89.3,92.4,86.0,87.06,51896,46.14,408,38482.0,74.15,2026-08-18
SUPREMEPWR,SM,18-Aug-2026,192.45,195.9,230.9,195.9,230.9,318000,701.74,484,242000.0,76.1,2026-08-18
SUPRIYA,EQ,18-Aug-2026,784.0,784.0,824.0,781.6,801.65,388406,3133.99,17665,156650.0,40.33,2026-08-18
SUPTANERY,EQ,18-Aug-2026,6.83,7.2,8.19,7.15,8.19,578158,46.1,1840,280167.0,48.46,2026-08-18
SURAJEST,EQ,18-Aug-2026,211.37,213.06,213.06,208.0,208.19,108902,228.25,1069,87135.0,80.01,2026-08-18
SURAJLTD,EQ,18-Aug-2026,218.0,218.01,222.98,207.0,209.45,8703,18.34,162,5659.0,65.02,2026-08-18
SURAKSHA,EQ,18-Aug-2026,308.45,309.5,323.45,309.5,318.3,239783,762.93,6404,91237.0,38.05,2026-08-18
SURANASOL,EQ,18-Aug-2026,25.49,25.7,26.5,25.1,25.43,71147,18.41,771,40195.0,56.5,2026-08-18
SURANAT&P,EQ,18-Aug-2026,16.19,16.2,16.65,15.6,16.23,47156,7.59,419,31756.0,67.34,2026-08-18
SURANI,SM,18-Aug-2026,94.2,90.15,90.15,90.15,90.15,200,0.18,1,200.0,100.0,2026-08-18
SURYALA,EQ,18-Aug-2026,371.35,379.0,385.0,375.0,382.95,313,1.18,22,295.0,94.25,2026-08-18
SURYALAXMI,EQ,18-Aug-2026,57.66,57.94,59.99,56.31,58.64,3245,1.89,106,2374.0,73.16,2026-08-18
SURYAROSNI,EQ,18-Aug-2026,221.27,221.27,226.84,221.27,223.44,445729,997.16,8086,179008.0,40.16,2026-08-18
SURYODAY,EQ,18-Aug-2026,154.01,154.01,154.01,151.15,151.92,215534,327.61,2981,120292.0,55.81,2026-08-18
SUTLEJTEX,BE,18-Aug-2026,38.06,38.5,39.0,37.72,38.05,23313,8.96,49,,,2026-08-18
SUVEN,EQ,18-Aug-2026,333.05,333.0,344.2,321.15,339.9,572993,1904.97,13796,176271.0,30.76,2026-08-18
SUVIDHAA,EQ,18-Aug-2026,2.49,2.49,2.53,2.43,2.46,115177,2.86,202,102537.0,89.03,2026-08-18
SUYOG,EQ,18-Aug-2026,813.85,820.05,834.4,787.3,801.2,25281,205.65,1852,12155.0,48.08,2026-08-18
SUZLON,EQ,18-Aug-2026,49.0,48.95,48.95,47.47,47.78,62318243,30004.71,87115,26460747.0,42.46,2026-08-18
SVGLOBAL,EQ,18-Aug-2026,143.61,143.5,143.5,115.55,133.0,21,0.03,8,19.0,90.48,2026-08-18
SVLL,BE,18-Aug-2026,756.05,769.0,771.0,758.15,771.0,1832,14.07,31,,,2026-08-18
SVPGLOB,EQ,18-Aug-2026,3.87,3.87,3.89,3.75,3.77,17219,0.65,58,11909.0,69.16,2026-08-18
SWANCORP,EQ,18-Aug-2026,305.2,305.5,307.35,303.95,304.55,798097,2437.06,6559,410158.0,51.39,2026-08-18
SWANDEF,BE,18-Aug-2026,2390.5,2422.0,2422.0,2300.0,2379.2,15930,374.33,813,,,2026-08-18
SWARAJ,EQ,18-Aug-2026,369.3,370.0,386.75,368.5,376.15,388900,1461.18,3304,160652.0,41.31,2026-08-18
SWARAJENG,EQ,18-Aug-2026,3628.6,3635.0,3635.0,3580.0,3594.0,5045,181.44,1148,2917.0,57.82,2026-08-18
SWARNSAR,EQ,18-Aug-2026,36.06,33.4,36.85,33.1,33.98,9179,3.15,55,8916.0,97.13,2026-08-18
SWELECTES,EQ,18-Aug-2026,629.7,626.85,645.45,617.5,623.85,38843,245.03,2691,21095.0,54.31,2026-08-18
SWIGGY,EQ,18-Aug-2026,278.8,277.8,277.8,272.0,274.0,8346867,22894.68,48772,2929059.0,35.09,2026-08-18
SWISSMLTRY,EQ,18-Aug-2026,13.36,13.7,14.64,13.11,14.01,115984,16.45,494,83623.0,72.1,2026-08-18
SWSOLAR,EQ,18-Aug-2026,203.62,203.62,204.0,199.1,199.59,563510,1132.18,7941,336296.0,59.68,2026-08-18
SYMPHONY,EQ,18-Aug-2026,620.55,621.5,623.95,615.0,615.65,46932,290.07,3919,25665.0,54.69,2026-08-18
SYNCOMF,EQ,18-Aug-2026,15.22,15.3,15.95,15.23,15.57,5350174,834.18,10105,2211129.0,41.33,2026-08-18
SYNGENE,EQ,18-Aug-2026,403.0,404.55,408.9,402.3,404.1,335081,1360.98,11485,203435.0,60.71,2026-08-18
SYNOPTICS,ST,18-Aug-2026,67.1,63.75,63.8,63.75,63.75,3000,1.91,5,3000.0,100.0,2026-08-18
SYRMA,EQ,18-Aug-2026,1467.9,1489.9,1521.0,1488.9,1500.1,2323890,34923.74,90131,689338.0,29.66,2026-08-18
SYSTANGO,SM,18-Aug-2026,218.1,221.9,221.9,212.0,214.6,26000,55.64,61,18400.0,70.77,2026-08-18
SYSTMTXC,BE,18-Aug-2026,59.25,59.25,59.89,58.0,58.1,8991,5.24,49,,,2026-08-18
TAALTECH,EQ,18-Aug-2026,4238.8,4248.2,4270.0,4169.4,4196.2,2392,100.84,383,1780.0,74.41,2026-08-18
TAC,ST,18-Aug-2026,439.55,420.05,448.75,420.05,429.25,51600,223.03,210,42600.0,82.56,2026-08-18
TAINWALCHM,EQ,18-Aug-2026,208.5,210.58,217.18,207.2,214.72,5834,12.4,150,5071.0,86.92,2026-08-18
TAJGVK,EQ,18-Aug-2026,337.5,334.95,347.0,332.5,345.15,142023,482.41,3618,63785.0,44.91,2026-08-18
TAKE,EQ,18-Aug-2026,23.43,23.8,23.8,22.8,23.31,1387761,323.79,2082,1279680.0,92.21,2026-08-18
TALBROAUTO,EQ,18-Aug-2026,423.45,423.5,430.6,420.5,426.95,77394,329.72,3455,39656.0,51.24,2026-08-18
TAMBOLIIN,BE,18-Aug-2026,250.81,254.0,262.5,244.0,259.34,40178,99.84,187,,,2026-08-18
TANAA,EQ,18-Aug-2026,300.95,308.5,317.0,298.1,313.85,8980,27.93,393,6562.0,73.07,2026-08-18
TANKUP,ST,18-Aug-2026,1240.0,1190.1,1225.0,1190.1,1225.0,500,6.04,2,500.0,100.0,2026-08-18
TANLA,EQ,18-Aug-2026,573.5,571.0,578.5,555.5,576.75,773554,4381.47,24437,309758.0,40.04,2026-08-18
TAPIFRUIT,SM,18-Aug-2026,50.0,52.0,52.0,52.0,52.0,750,0.39,1,750.0,100.0,2026-08-18
TARACHAND,EQ,18-Aug-2026,47.12,47.12,47.44,46.01,46.96,80945,37.73,925,57106.0,70.55,2026-08-18
TARAPUR,EQ,18-Aug-2026,14.33,14.33,15.68,14.04,15.16,64238,9.78,527,32175.0,50.09,2026-08-18
TARC,EQ,18-Aug-2026,124.36,124.05,124.05,120.1,120.81,377025,459.22,3255,233177.0,61.85,2026-08-18
TARIL,EQ,18-Aug-2026,296.3,296.1,299.3,295.15,297.5,603889,1796.71,10779,291100.0,48.2,2026-08-18
TARMAT,EQ,18-Aug-2026,55.98,56.99,56.99,53.3,53.83,32411,17.72,335,22586.0,69.69,2026-08-18
TARSONS,EQ,18-Aug-2026,361.5,365.0,365.0,332.0,336.65,1199370,4095.71,22130,242064.0,20.18,2026-08-18
TASTYBITE,EQ,18-Aug-2026,10014.5,10098.5,10399.0,9903.5,10142.5,24438,2495.15,7675,6039.0,24.71,2026-08-18
TATACAP,EQ,18-Aug-2026,359.25,357.5,363.9,355.1,363.15,854053,3078.34,18729,443764.0,51.96,2026-08-18
TATACHEM,EQ,18-Aug-2026,662.9,663.0,667.05,651.0,653.0,325477,2138.4,13687,164003.0,50.39,2026-08-18
TATACOMM,EQ,18-Aug-2026,1711.9,1700.1,1709.2,1682.0,1689.8,357284,6049.41,35020,227841.0,63.77,2026-08-18
TATACONSUM,EQ,18-Aug-2026,1072.6,1075.5,1079.1,1061.6,1061.6,939925,10038.97,37897,574563.0,61.13,2026-08-18
TATAELXSI,EQ,18-Aug-2026,3760.0,3759.0,3759.0,3656.0,3662.0,192129,7078.94,17007,93758.0,48.8,2026-08-18
TATAGOLD,EQ,18-Aug-2026,14.85,14.47,15.22,14.47,14.85,31734829,4713.14,61613,13727399.0,43.26,2026-08-18
TATAINVEST,EQ,18-Aug-2026,654.55,654.55,659.35,645.3,647.2,175566,1143.59,11059,87629.0,49.91,2026-08-18
TATAPOWER,EQ,18-Aug-2026,381.5,378.4,382.05,378.4,381.0,2827459,10759.6,30671,1435622.0,50.77,2026-08-18
TATASTEEL,EQ,18-Aug-2026,186.0,186.34,187.11,184.33,185.5,13393441,24819.39,102914,7346685.0,54.85,2026-08-18
TATATECH,EQ,18-Aug-2026,841.65,840.0,844.7,815.2,835.8,1516377,12593.6,56798,471220.0,31.08,2026-08-18
TATSILV,EQ,18-Aug-2026,22.7,22.13,22.9,22.13,22.49,24258207,5464.5,34988,9419626.0,38.83,2026-08-18
TATVA,EQ,18-Aug-2026,1685.8,1686.0,1700.8,1639.7,1669.6,83030,1379.52,8648,39363.0,47.41,2026-08-18
TAURIAN,SM,18-Aug-2026,434.95,445.0,463.0,440.0,461.1,55200,248.79,55,44000.0,79.71,2026-08-18
TBI,SM,18-Aug-2026,61.6,62.0,62.0,58.65,60.95,25800,15.69,36,23400.0,90.7,2026-08-18
TBOTEK,EQ,18-Aug-2026,1700.0,1720.0,1725.5,1671.5,1708.2,371186,6307.55,22886,187966.0,50.64,2026-08-18
TBZ,EQ,18-Aug-2026,243.7,241.5,252.1,241.45,251.05,437112,1080.79,6922,192449.0,44.03,2026-08-18
TCC,EQ,18-Aug-2026,256.3,252.25,255.45,250.1,253.05,13533,34.19,544,8561.0,63.26,2026-08-18
TCI,EQ,18-Aug-2026,907.65,905.6,913.45,901.0,910.3,13317,120.73,1758,7253.0,54.46,2026-08-18
TCIEXP,EQ,18-Aug-2026,566.75,566.75,573.45,551.5,555.2,36942,206.77,2198,17826.0,48.25,2026-08-18
TCIFINANCE,BE,18-Aug-2026,15.46,15.46,15.74,15.0,15.32,17529,2.72,83,,,2026-08-18
TCL,SM,18-Aug-2026,141.55,141.1,143.0,132.5,138.35,54400,74.64,61,36800.0,67.65,2026-08-18
TCPLPACK,EQ,18-Aug-2026,4037.6,4037.9,4264.0,4016.9,4234.8,42484,1770.58,4902,16791.0,39.52,2026-08-18
TCS,EQ,18-Aug-2026,2313.2,2300.0,2307.0,2280.0,2280.0,1797822,41146.78,83531,799420.0,44.47,2026-08-18
TDPOWERSYS,EQ,18-Aug-2026,1548.8,1549.0,1597.7,1529.2,1586.6,1797894,28288.99,84428,785921.0,43.71,2026-08-18
TEAMGTY,EQ,18-Aug-2026,224.2,230.0,238.0,226.24,234.97,25080,58.93,47,25035.0,99.82,2026-08-18
TEAMLEASE,EQ,18-Aug-2026,1239.6,1228.1,1261.4,1228.1,1246.5,16967,212.27,3754,9236.0,54.44,2026-08-18
TEAMTECH,ST,18-Aug-2026,118.85,113.0,117.7,113.0,117.0,28000,32.25,12,28000.0,100.0,2026-08-18
TECH,EQ,18-Aug-2026,33.75,33.75,33.78,33.1,33.24,31996,10.64,377,18793.0,58.74,2026-08-18
TECHD,ST,18-Aug-2026,579.3,583.8,583.8,565.0,575.0,10500,59.92,33,9900.0,94.29,2026-08-18
TECHERA,SM,18-Aug-2026,170.95,172.1,178.5,168.55,176.6,43200,75.53,46,33600.0,77.78,2026-08-18
TECHLABS,SM,18-Aug-2026,120.0,120.0,122.0,118.0,119.45,13000,15.59,41,12625.0,97.12,2026-08-18
TECHM,EQ,18-Aug-2026,1610.0,1605.0,1608.0,1579.9,1592.0,1904893,30235.67,49074,1264952.0,66.41,2026-08-18
TECHNOCRAF,EQ,18-Aug-2026,299.94,296.0,306.9,292.0,304.79,2132502,6390.48,27228,473114.0,22.19,2026-08-18
TECHNOE,EQ,18-Aug-2026,959.15,965.0,1018.0,957.55,1002.45,444335,4444.16,29268,179059.0,40.3,2026-08-18
TECHNVISN,EQ,18-Aug-2026,5045.1,5122.2,5122.2,4792.9,5014.4,688,33.94,179,307.0,44.62,2026-08-18
TECILCHEM,EQ,18-Aug-2026,8.39,8.78,8.78,8.1,8.54,5093,0.43,47,3583.0,70.35,2026-08-18
TEGA,EQ,18-Aug-2026,1744.0,1744.0,1744.0,1702.1,1733.9,68894,1189.77,6437,41841.0,60.73,2026-08-18
TEJA,SM,18-Aug-2026,433.5,390.15,390.15,390.15,390.15,3600,14.05,6,3600.0,100.0,2026-08-18
TEJASCARGO,SM,18-Aug-2026,406.0,400.5,400.75,400.25,400.25,40400,161.78,3,40400.0,100.0,2026-08-18
TEJASNET,EQ,18-Aug-2026,522.85,522.0,529.6,517.3,519.3,757795,3957.01,19829,237287.0,31.31,2026-08-18
TEMBO,EQ,18-Aug-2026,60.35,60.35,61.75,59.05,59.75,1565063,943.46,4055,569569.0,36.39,2026-08-18
TENNIND,EQ,18-Aug-2026,548.45,548.7,560.0,548.0,550.3,1493025,8276.32,32323,836300.0,56.01,2026-08-18
TERAI,EQ,18-Aug-2026,124.6,124.0,124.0,124.0,124.0,7,0.01,4,7.0,100.0,2026-08-18
TERASOFT,EQ,18-Aug-2026,336.7,337.0,357.7,327.0,344.15,24791,85.86,1550,14731.0,59.42,2026-08-18
TEXINFRA,EQ,18-Aug-2026,107.85,109.47,109.48,103.5,107.05,120182,128.03,1165,71220.0,59.26,2026-08-18
TEXMOPIPES,EQ,18-Aug-2026,45.62,45.73,45.99,44.26,45.11,27739,12.54,253,21326.0,76.88,2026-08-18
TEXRAIL,EQ,18-Aug-2026,106.89,106.9,106.94,104.2,104.72,601008,632.7,6542,381313.0,63.45,2026-08-18
TFCILTD,EQ,18-Aug-2026,120.28,121.4,125.99,121.38,123.7,17194399,21266.91,47983,6612207.0,38.46,2026-08-18
TFL,EQ,18-Aug-2026,11.34,11.5,11.55,11.05,11.07,7008,0.79,60,6252.0,89.21,2026-08-18
TGBHOTELS,EQ,18-Aug-2026,9.2,9.5,9.5,9.07,9.2,7361,0.68,36,4753.0,64.57,2026-08-18
TGL,ST,18-Aug-2026,19.05,18.1,18.1,18.1,18.1,5400,0.98,17,5400.0,100.0,2026-08-18
TGVSL,EQ,18-Aug-2026,106.54,106.02,107.99,104.75,105.17,81178,86.19,987,58319.0,71.84,2026-08-18
THACKER,BE,18-Aug-2026,1060.0,1028.0,1054.7,1008.0,1054.7,42,0.44,5,,,2026-08-18
THAKDEV,EQ,18-Aug-2026,154.18,152.0,160.0,140.0,154.79,1102,1.66,49,948.0,86.03,2026-08-18
THANGAMAYL,EQ,18-Aug-2026,5336.5,5328.0,5499.0,5321.0,5481.5,92660,5030.57,14036,51503.0,55.58,2026-08-18
THEINVEST,EQ,18-Aug-2026,98.68,98.0,101.69,97.01,99.09,4700,4.67,95,3942.0,83.87,2026-08-18
THEJO,EQ,18-Aug-2026,2118.1,2129.0,2142.6,2044.0,2051.4,5961,124.47,971,3439.0,57.69,2026-08-18
THELEELA,EQ,18-Aug-2026,503.0,508.95,521.95,503.3,519.15,412429,2112.78,19601,253953.0,61.57,2026-08-18
THEMISMED,EQ,18-Aug-2026,104.09,104.44,107.5,104.09,106.82,83550,88.22,1248,52335.0,62.64,2026-08-18
THERMAX,EQ,18-Aug-2026,4141.4,4170.0,4188.2,4055.4,4079.9,126453,5187.85,20870,60239.0,47.64,2026-08-18
THESL,ST,18-Aug-2026,18.3,19.0,19.0,19.0,19.0,3000,0.57,1,3000.0,100.0,2026-08-18
THOMASCOOK,EQ,18-Aug-2026,103.68,103.75,104.43,102.0,102.4,444214,457.44,4511,215809.0,48.58,2026-08-18
THOMASCOTT,EQ,18-Aug-2026,301.1,293.0,297.15,276.0,278.8,360674,1015.17,9999,171303.0,47.5,2026-08-18
THYROCARE,EQ,18-Aug-2026,618.6,623.4,623.4,603.4,608.25,281037,1714.2,17341,125300.0,44.58,2026-08-18
TI,EQ,18-Aug-2026,580.55,583.0,593.0,579.2,582.8,917349,5369.6,27910,458435.0,49.97,2026-08-18
TICL,BE,18-Aug-2026,9.61,9.61,9.85,9.35,9.54,16495,1.56,73,,,2026-08-18
TIGERLOGS,EQ,18-Aug-2026,27.08,26.8,28.0,26.31,27.98,1144954,315.48,3467,595620.0,52.02,2026-08-18
TIIL,EQ,18-Aug-2026,3097.2,3090.0,3359.9,3090.0,3280.2,190168,6222.03,22684,57768.0,30.38,2026-08-18
TIINDIA,EQ,18-Aug-2026,2741.4,2755.8,2989.0,2755.8,2959.0,4188005,122843.83,195092,658688.0,15.73,2026-08-18
TIJARIA,EQ,18-Aug-2026,5.55,5.67,5.85,5.53,5.68,95181,5.44,210,68600.0,72.07,2026-08-18
TIL,BE,18-Aug-2026,229.85,231.0,232.8,225.15,226.9,172337,393.22,680,,,2026-08-18
TIMETECHNO,EQ,18-Aug-2026,189.61,189.0,191.7,185.02,185.67,1402919,2628.46,20947,756280.0,53.91,2026-08-18
TIMEX,EQ,18-Aug-2026,541.3,548.0,569.4,545.15,549.2,542921,3031.03,34071,177221.0,32.64,2026-08-18
TIMKEN,EQ,18-Aug-2026,3290.5,3300.0,3324.7,3289.1,3299.5,10814,357.39,4717,6660.0,61.59,2026-08-18
TINNARUBR,EQ,18-Aug-2026,1030.3,1049.0,1080.0,1032.0,1065.1,51796,543.51,4959,21557.0,41.62,2026-08-18
TIPSFILMS,EQ,18-Aug-2026,341.55,339.85,345.45,332.05,335.85,5512,18.64,367,2952.0,53.56,2026-08-18
TIPSMUSIC,EQ,18-Aug-2026,656.25,656.25,662.4,650.0,655.7,195220,1277.82,13983,105217.0,53.9,2026-08-18
TIRUMALCHM,EQ,18-Aug-2026,154.73,155.0,157.39,150.4,151.34,361181,551.0,5364,215967.0,59.79,2026-08-18
TIRUPATIFL,BE,18-Aug-2026,64.24,64.5,67.4,63.24,64.08,379949,247.78,1405,,,2026-08-18
TITAGARH,EQ,18-Aug-2026,820.95,820.45,848.0,813.5,841.4,435134,3606.3,20375,159530.0,36.66,2026-08-18
TITAN,EQ,18-Aug-2026,5068.5,5060.0,5094.9,5042.5,5048.6,354873,17944.9,44359,212390.0,59.85,2026-08-18
TMB,EQ,18-Aug-2026,843.7,839.0,850.9,836.45,847.1,73206,617.84,5173,43294.0,59.14,2026-08-18
TMCV,EQ,18-Aug-2026,470.4,467.0,474.9,463.5,471.65,6376666,29920.83,92383,3238608.0,50.79,2026-08-18
TMPV,EQ,18-Aug-2026,330.2,330.5,331.7,322.8,322.8,9865820,32104.49,110618,5017707.0,50.86,2026-08-18
TNIDETF,EQ,18-Aug-2026,90.85,93.12,93.12,89.43,89.72,152705,137.03,820,91812.0,60.12,2026-08-18
TNPETRO,EQ,18-Aug-2026,114.16,115.0,118.19,111.78,112.45,834956,963.27,10632,411014.0,49.23,2026-08-18
TNPL,EQ,18-Aug-2026,140.88,141.0,142.95,136.52,138.07,248504,347.92,3327,134421.0,54.09,2026-08-18
TNTELE,EQ,18-Aug-2026,8.96,9.0,9.14,8.91,9.06,16035,1.44,56,11654.0,72.68,2026-08-18
TOKYOPLAST,EQ,18-Aug-2026,79.9,79.9,79.9,77.02,77.2,67,0.05,5,67.0,100.0,2026-08-18
TOLINS,EQ,18-Aug-2026,97.08,96.4,97.64,95.0,95.55,32207,30.96,804,22337.0,69.35,2026-08-18
TOP100CASE,EQ,18-Aug-2026,10.73,10.73,10.81,10.6,10.69,640952,68.52,955,586415.0,91.49,2026-08-18
TOP10ADD,EQ,18-Aug-2026,88.37,87.85,87.98,87.55,87.77,145435,127.57,634,82961.0,57.04,2026-08-18
TOP15IETF,EQ,18-Aug-2026,10.02,9.97,9.98,9.94,9.97,61410,6.12,172,32296.0,52.59,2026-08-18
TOP20,EQ,18-Aug-2026,9.03,9.03,9.03,8.96,8.96,44196,3.97,1136,34894.0,78.95,2026-08-18
TORNTPHARM,EQ,18-Aug-2026,4900.0,4900.0,5009.0,4876.0,4971.0,426573,21233.7,38582,226193.0,53.03,2026-08-18
TORNTPOWER,EQ,18-Aug-2026,1312.8,1313.0,1319.0,1259.0,1264.1,356402,4543.92,36166,176858.0,49.62,2026-08-18
TOTAL,EQ,18-Aug-2026,65.07,66.99,70.99,64.1,68.56,54145,37.08,332,46780.0,86.4,2026-08-18
TOUCHWOOD,EQ,18-Aug-2026,62.68,62.99,63.95,61.11,61.85,1386,0.87,48,928.0,66.96,2026-08-18
TOYAMSL,EQ,18-Aug-2026,0.67,0.69,0.69,0.66,0.67,417557,2.8,145,385043.0,92.21,2026-08-18
TPHQ,EQ,18-Aug-2026,0.58,0.61,0.63,0.54,0.63,33421785,199.25,2409,11156304.0,33.38,2026-08-18
TPLPLASTEH,EQ,18-Aug-2026,77.25,77.02,79.0,76.31,78.76,115355,89.62,1072,34625.0,30.02,2026-08-18
TRACXN,EQ,18-Aug-2026,29.07,29.25,29.72,28.57,29.04,71590,20.82,521,56859.0,79.42,2026-08-18
TRANSCOR,EQ,18-Aug-2026,24.26,23.66,24.73,23.65,24.61,357,0.09,36,312.0,87.39,2026-08-18
TRANSPEK,BE,18-Aug-2026,1138.6,1163.9,1163.9,1112.5,1132.8,4536,51.15,236,,,2026-08-18
TRANSRAILL,EQ,18-Aug-2026,464.85,463.2,465.6,457.7,459.0,290403,1339.26,9059,187009.0,64.4,2026-08-18
TRANSTEEL,SM,18-Aug-2026,80.05,79.6,86.5,79.4,82.5,51000,42.58,43,36000.0,70.59,2026-08-18
TRANSWORLD,BE,18-Aug-2026,159.34,159.0,160.0,157.1,157.12,7324,11.58,39,,,2026-08-18
TRAVELFOOD,EQ,18-Aug-2026,1358.2,1363.0,1389.3,1315.2,1346.4,131141,1763.07,12455,83171.0,63.42,2026-08-18
TREEHOUSE,EQ,18-Aug-2026,5.93,6.31,6.31,6.01,6.29,4664,0.29,88,3705.0,79.44,2026-08-18
TREJHARA,EQ,18-Aug-2026,163.76,170.99,170.99,162.01,166.95,18380,30.47,414,15567.0,84.7,2026-08-18
TREL,EQ,18-Aug-2026,26.05,26.05,27.19,26.04,26.79,191146,51.23,929,142785.0,74.7,2026-08-18
TRENT,EQ,18-Aug-2026,2946.0,2946.1,2980.4,2932.1,2942.1,718320,21238.56,45780,323691.0,45.06,2026-08-18
TRF,EQ,18-Aug-2026,230.57,230.58,233.27,228.01,231.11,11809,27.24,358,8909.0,75.44,2026-08-18
TRIDENT,EQ,18-Aug-2026,24.57,24.59,25.09,24.4,24.47,3695179,913.97,13991,1429197.0,38.68,2026-08-18
TRIGYN,EQ,18-Aug-2026,55.3,55.3,56.43,54.5,55.51,27389,15.19,885,11359.0,41.47,2026-08-18
TRITONV,EQ,18-Aug-2026,1148.6,1174.9,1190.0,1120.1,1146.1,3434,39.85,342,1725.0,50.23,2026-08-18
TRITURBINE,EQ,18-Aug-2026,597.9,597.65,601.9,579.0,581.9,1323165,7703.5,22445,960767.0,72.61,2026-08-18
TRIVENI,EQ,18-Aug-2026,279.64,280.0,284.39,273.75,276.52,1009099,2808.21,14369,412026.0,40.83,2026-08-18
TROM,SM,18-Aug-2026,56.1,56.1,56.1,53.9,55.45,8400,4.59,14,7200.0,85.71,2026-08-18
TRU,EQ,18-Aug-2026,4.48,4.87,4.9,4.35,4.41,222326,10.38,636,143492.0,64.54,2026-08-18
TRUALT,EQ,18-Aug-2026,479.25,483.9,483.9,469.9,474.5,309251,1476.6,8048,146516.0,47.38,2026-08-18
TRUST,SM,18-Aug-2026,26.2,26.7,26.7,25.0,25.0,19800,4.99,20,19800.0,100.0,2026-08-18
TSC,ST,18-Aug-2026,50.75,50.75,50.75,50.7,50.75,18000,9.13,9,18000.0,100.0,2026-08-18
TSFINV,EQ,18-Aug-2026,420.4,420.6,421.4,415.0,416.2,21032,87.65,908,15252.0,72.52,2026-08-18
TTKHLTCARE,EQ,18-Aug-2026,1138.4,1134.0,1155.0,1101.3,1114.1,21545,241.65,3052,11419.0,53.0,2026-08-18
TTKPRESTIG,EQ,18-Aug-2026,592.1,590.05,599.0,589.05,594.6,32667,193.74,2997,16353.0,50.06,2026-08-18
TTL,EQ,18-Aug-2026,6.15,6.1,6.8,6.02,6.48,240578,15.34,485,185012.0,76.9,2026-08-18
TTML,EQ,18-Aug-2026,38.15,38.0,38.35,37.6,37.85,914895,347.5,5187,476125.0,52.04,2026-08-18
TUNWAL,SM,18-Aug-2026,26.2,26.4,26.4,26.1,26.1,24000,6.31,8,18000.0,75.0,2026-08-18
TURTLEMINT,EQ,18-Aug-2026,150.15,147.15,158.5,144.11,145.75,9091389,13865.8,73157,1648142.0,18.13,2026-08-18
TUTIALKA,EQ,18-Aug-2026,56.71,59.79,59.79,56.17,56.33,2905,1.68,84,2738.0,94.25,2026-08-18
TVSELECT,EQ,18-Aug-2026,450.35,450.05,459.45,445.9,450.45,31392,141.68,1817,9373.0,29.86,2026-08-18
TVSHLTD,EQ,18-Aug-2026,14072.0,14136.0,14201.0,13870.0,14096.0,3210,451.02,1508,1732.0,53.96,2026-08-18
TVSMOTOR,EQ,18-Aug-2026,4385.9,4373.9,4407.1,4341.2,4356.8,444890,19428.18,45943,263704.0,59.27,2026-08-18
TVSSCS,EQ,18-Aug-2026,121.48,122.4,123.48,121.25,122.17,278268,340.73,6264,147577.0,53.03,2026-08-18
TVSSRICHAK,EQ,18-Aug-2026,4868.9,4839.8,4930.0,4681.0,4746.8,65248,3130.82,9684,13678.0,20.96,2026-08-18
TVTODAY,EQ,18-Aug-2026,110.93,110.93,114.05,110.93,113.46,31820,36.07,427,21004.0,66.01,2026-08-18
TVVISION,BE,18-Aug-2026,3.95,4.09,4.09,3.76,3.77,46117,1.75,100,,,2026-08-18
TWCGOLDETF,EQ,18-Aug-2026,152.33,152.18,152.62,151.93,152.23,16170,24.67,404,16034.0,99.16,2026-08-18
UBL,EQ,18-Aug-2026,1367.9,1365.0,1381.2,1349.1,1355.5,61635,841.51,7386,29500.0,47.86,2026-08-18
UCAL,EQ,18-Aug-2026,151.87,154.4,156.99,147.02,152.31,131245,201.2,1433,70514.0,53.73,2026-08-18
UCOBANK,EQ,18-Aug-2026,26.11,25.98,26.13,25.85,25.9,1487265,386.19,8808,756441.0,50.86,2026-08-18
UDAYJEW,EQ,18-Aug-2026,145.36,145.65,149.0,144.8,144.97,11329,16.61,221,9079.0,80.14,2026-08-18
UDS,EQ,18-Aug-2026,211.72,211.97,212.79,203.12,210.79,266717,557.99,5792,127024.0,47.63,2026-08-18
UEL,EQ,18-Aug-2026,222.48,211.36,211.36,211.36,211.36,3059,6.47,192,3055.0,99.87,2026-08-18
UFBL,BE,18-Aug-2026,762.6,788.9,790.45,768.05,780.35,34438,268.2,2103,,,2026-08-18
UFLEX,EQ,18-Aug-2026,586.05,615.0,630.45,585.55,613.3,6025632,36656.15,113333,571411.0,9.48,2026-08-18
UFO,EQ,18-Aug-2026,66.47,67.88,67.88,65.78,66.08,28917,19.22,750,14495.0,50.13,2026-08-18
UGARSUGAR,EQ,18-Aug-2026,52.18,53.49,55.14,50.16,50.77,1577009,837.05,11163,756810.0,47.99,2026-08-18
UGROCAP,EQ,18-Aug-2026,92.75,92.8,93.39,90.5,90.8,364000,332.61,1773,312299.0,85.8,2026-08-18
UHTL,ST,18-Aug-2026,107.1,112.45,112.45,112.45,112.45,70000,78.72,32,58000.0,82.86,2026-08-18
UJJIVANSFB,EQ,18-Aug-2026,72.21,71.98,72.64,71.13,72.33,11368755,8179.68,48011,5325633.0,46.84,2026-08-18
ULTRACEMCO,EQ,18-Aug-2026,11681.0,11626.0,11674.0,11499.0,11499.0,210406,24328.73,25955,136050.0,64.66,2026-08-18
ULTRAMAR,EQ,18-Aug-2026,394.2,396.2,405.0,392.8,401.0,28858,115.64,2951,19248.0,66.7,2026-08-18
UMA,SM,18-Aug-2026,15.55,14.8,14.85,14.8,14.8,28000,4.15,4,28000.0,100.0,2026-08-18
UMAEXPORTS,BE,18-Aug-2026,21.73,22.0,22.3,21.7,22.22,80860,17.74,125,,,2026-08-18
UMESLTD,EQ,18-Aug-2026,6.02,6.02,6.02,5.66,5.88,11809,0.69,57,9897.0,83.81,2026-08-18
UMIYA-MRO,EQ,18-Aug-2026,89.01,90.0,90.45,88.26,88.43,9062,8.03,71,8594.0,94.84,2026-08-18
UNICHEMLAB,EQ,18-Aug-2026,543.3,548.8,552.9,521.6,529.6,120244,647.49,4299,54647.0,45.45,2026-08-18
UNIDT,BE,18-Aug-2026,228.95,228.95,231.4,219.0,227.49,9579,21.31,120,,,2026-08-18
UNIECOM,EQ,18-Aug-2026,84.95,84.94,89.18,84.1,87.9,504725,435.68,4739,232771.0,46.12,2026-08-18
UNIENTER,EQ,18-Aug-2026,95.59,97.5,99.0,96.0,97.85,8142,7.92,129,4592.0,56.4,2026-08-18
UNIHEALTH,SM,18-Aug-2026,714.4,735.0,738.0,700.0,719.6,21000,149.39,41,14500.0,69.05,2026-08-18
UNIINFO,EQ,18-Aug-2026,11.69,11.4,12.25,11.25,11.37,6626,0.75,45,3834.0,57.86,2026-08-18
UNIMECH,EQ,18-Aug-2026,1511.3,1512.4,1552.9,1498.0,1517.4,194130,2948.2,15926,88662.0,45.67,2026-08-18
UNIONBANK,EQ,18-Aug-2026,188.9,187.99,190.58,185.5,185.5,6684017,12490.32,41047,3157553.0,47.24,2026-08-18
UNIONGOLD,EQ,18-Aug-2026,149.25,149.95,151.4,149.15,149.35,3203,4.79,101,2060.0,64.31,2026-08-18
UNIPARTS,EQ,18-Aug-2026,801.15,801.15,837.7,801.15,825.85,223637,1849.11,12060,110592.0,49.45,2026-08-18
UNITDSPR,EQ,18-Aug-2026,1545.0,1550.0,1550.0,1520.0,1520.9,328688,5034.75,23864,205100.0,62.4,2026-08-18
UNITECH,EQ,18-Aug-2026,3.95,3.98,4.15,3.94,4.01,7059952,282.94,9048,4167360.0,59.03,2026-08-18
UNITEDPOLY,BE,18-Aug-2026,33.82,34.99,34.99,33.5,34.53,146376,50.06,186,,,2026-08-18
UNITEDTEA,EQ,18-Aug-2026,455.65,455.25,464.9,451.0,452.05,10119,45.85,188,9474.0,93.63,2026-08-18
UNIVASTU,BE,18-Aug-2026,168.7,176.0,177.13,175.05,176.89,222585,393.69,1602,,,2026-08-18
UNIVCABLES,EQ,18-Aug-2026,1724.6,1725.9,1771.2,1701.0,1745.0,125726,2188.32,11530,51678.0,41.1,2026-08-18
UNIVPHOTO,BE,18-Aug-2026,478.0,460.0,480.0,457.7,468.9,1286,6.09,44,,,2026-08-18
UNOMINDA,EQ,18-Aug-2026,1269.9,1272.5,1281.2,1263.0,1273.0,452660,5763.08,25015,196030.0,43.31,2026-08-18
UPHOT,EQ,18-Aug-2026,1400.0,1448.0,1448.0,1448.0,1448.0,2,0.03,2,2.0,100.0,2026-08-18
UPL,EQ,18-Aug-2026,567.1,570.0,570.05,560.0,560.05,1746720,9871.65,24705,1182616.0,67.7,2026-08-18
URAVIDEF,BE,18-Aug-2026,106.0,106.5,106.5,103.2,105.09,3280,3.42,124,,,2026-08-18
URBAN,SM,18-Aug-2026,147.05,145.55,148.0,142.0,143.2,24800,35.89,30,16800.0,67.74,2026-08-18
URBANCO,EQ,18-Aug-2026,144.6,144.56,146.7,143.01,144.97,11131114,16114.9,30900,8955676.0,80.46,2026-08-18
URJA,EQ,18-Aug-2026,9.46,9.4,9.47,9.36,9.41,508788,47.83,1938,276119.0,54.27,2026-08-18
USHAFIN,SM,18-Aug-2026,42.0,42.0,42.0,42.0,42.0,1600,0.67,1,1600.0,100.0,2026-08-18
USHAMART,EQ,18-Aug-2026,498.05,498.1,504.9,494.0,498.8,500681,2507.84,18776,261865.0,52.3,2026-08-18
USK,EQ,18-Aug-2026,21.83,21.2,22.85,21.2,22.43,36934,8.17,233,30279.0,81.98,2026-08-18
UTIAMC,EQ,18-Aug-2026,907.3,910.0,910.0,893.15,894.6,75764,680.56,5674,52144.0,68.82,2026-08-18
UTKAL,SM,18-Aug-2026,51.8,52.65,54.35,50.9,52.95,64000,34.07,29,48000.0,75.0,2026-08-18
UTKARSHBNK,EQ,18-Aug-2026,14.04,13.91,14.18,13.91,14.05,1567677,219.46,3940,1048821.0,66.9,2026-08-18
UTLSOLAR,EQ,18-Aug-2026,464.4,468.8,475.0,450.0,468.3,702439,3226.5,20228,266496.0,37.94,2026-08-18
UTSSAV,ST,18-Aug-2026,505.0,506.0,508.0,500.0,503.2,15000,75.83,21,13800.0,92.0,2026-08-18
UTTAMSUGAR,EQ,18-Aug-2026,283.0,283.59,296.55,282.08,290.32,559821,1631.21,12699,224977.0,40.19,2026-08-18
UYFINCORP,BE,18-Aug-2026,21.39,21.79,22.28,20.33,20.37,287353,59.81,394,,,2026-08-18
V2RETAIL,EQ,18-Aug-2026,218.85,219.25,220.8,217.72,219.58,662694,1454.49,9522,331084.0,49.96,2026-08-18
VADILALIND,EQ,18-Aug-2026,7411.0,7448.5,7575.0,7311.0,7429.5,23467,1748.58,6488,7611.0,32.43,2026-08-18
VAIBHAVGBL,EQ,18-Aug-2026,226.45,226.85,229.75,222.55,223.5,289169,648.37,8416,181983.0,62.93,2026-08-18
VAISHALI,EQ,18-Aug-2026,8.34,8.6,8.6,8.32,8.41,58949,4.98,255,40595.0,68.86,2026-08-18
VAKRANGEE,EQ,18-Aug-2026,5.85,5.84,5.87,5.7,5.78,816973,47.33,1817,518143.0,63.42,2026-08-18
VAL30IETF,EQ,18-Aug-2026,15.39,15.77,15.77,15.25,15.29,143803,22.01,571,81185.0,56.46,2026-08-18
VALIANTLAB,EQ,18-Aug-2026,86.53,90.85,90.85,88.27,90.85,405249,367.43,966,357284.0,88.16,2026-08-18
VALIANTORG,BE,18-Aug-2026,308.3,292.9,319.0,292.9,309.4,88150,264.88,800,,,2026-08-18
VALUE,EQ,18-Aug-2026,16.24,16.24,16.6,15.93,16.12,168596,27.36,274,33389.0,19.8,2026-08-18
VALUE360,SM,18-Aug-2026,76.0,79.8,79.85,75.0,75.0,39600,30.04,16,33600.0,84.85,2026-08-18
VALUEAXIS,EQ,18-Aug-2026,32.99,33.15,33.24,32.9,33.1,26765,8.83,260,13882.0,51.87,2026-08-18
VAML,EQ,18-Aug-2026,441.5,441.5,451.3,438.8,445.95,9182365,40953.25,95111,6253307.0,68.1,2026-08-18
VARDHACRLC,BE,18-Aug-2026,44.47,44.7,44.7,43.9,44.13,13291,5.87,130,,,2026-08-18
VARDMNPOLY,EQ,18-Aug-2026,6.19,6.4,6.49,6.14,6.23,228744,14.53,389,112039.0,48.98,2026-08-18
VARROC,EQ,18-Aug-2026,847.75,845.0,862.3,837.0,843.9,314883,2666.41,17247,151275.0,48.04,2026-08-18
VASA,SM,18-Aug-2026,4.45,4.25,4.25,4.25,4.25,4000,0.17,1,4000.0,100.0,2026-08-18
VASCONEQ,EQ,18-Aug-2026,31.13,31.29,31.35,30.5,30.67,408114,125.59,1485,281650.0,69.01,2026-08-18
VASUPRADA,EQ,18-Aug-2026,96.0,99.0,99.0,96.06,96.06,522,0.52,3,522.0,100.0,2026-08-18
VASWANI,EQ,18-Aug-2026,47.96,48.49,48.49,46.78,47.69,23950,11.38,224,18398.0,76.82,2026-08-18
VBL,EQ,18-Aug-2026,433.85,434.9,443.3,434.6,439.3,4034092,17730.67,40755,2213848.0,54.88,2026-08-18
VCL,EQ,18-Aug-2026,1.77,1.85,1.85,1.85,1.85,223453,4.13,100,223453.0,100.0,2026-08-18
VDEAL,SM,18-Aug-2026,158.0,158.5,158.5,158.1,158.3,1200,1.9,2,1200.0,100.0,2026-08-18
VEDAVAAG,EQ,18-Aug-2026,19.15,19.16,19.43,18.5,18.98,23007,4.32,148,15566.0,67.66,2026-08-18
VEDL,EQ,18-Aug-2026,269.7,268.9,270.5,264.0,264.0,9772133,26024.09,63949,5167918.0,52.88,2026-08-18
VEDPOWER,EQ,18-Aug-2026,36.59,36.49,37.14,36.13,36.18,17816221,6496.16,38117,8834273.0,49.59,2026-08-18
VEEDOL,EQ,18-Aug-2026,1521.6,1521.6,1525.9,1504.0,1511.3,6403,96.81,820,4176.0,65.22,2026-08-18
VELJAN,BE,18-Aug-2026,1785.2,1844.9,1845.0,1766.0,1773.7,295,5.31,58,,,2026-08-18
VENKEYS,EQ,18-Aug-2026,1531.0,1534.9,1546.8,1509.1,1514.8,22957,350.38,2353,11636.0,50.69,2026-08-18
VENTIVE,EQ,18-Aug-2026,592.2,590.0,595.45,580.2,585.7,11577,68.16,1102,7175.0,61.98,2026-08-18
VENUSPIPES,EQ,18-Aug-2026,1596.5,1603.7,1603.7,1560.0,1572.2,39349,621.9,3032,20925.0,53.18,2026-08-18
VENUSREM,BE,18-Aug-2026,1803.4,1797.0,1831.9,1761.0,1819.5,26969,488.81,1223,,,2026-08-18
VERA,SM,18-Aug-2026,82.15,86.25,86.25,86.25,86.25,1500,1.29,1,1500.0,100.0,2026-08-18
VERANDA,EQ,18-Aug-2026,235.1,238.0,242.8,233.8,240.0,165468,393.6,2458,92110.0,55.67,2026-08-18
VERTEXPLUS,SM,18-Aug-2026,48.3,48.0,48.0,48.0,48.0,600,0.29,1,600.0,100.0,2026-08-18
VERTOZ,BE,18-Aug-2026,35.97,35.8,36.1,35.1,35.66,29064,10.41,233,,,2026-08-18
VESUVIUS,EQ,18-Aug-2026,440.65,442.4,442.4,430.0,434.9,44335,193.53,2046,27590.0,62.23,2026-08-18
VETO,BE,18-Aug-2026,120.21,119.98,124.95,119.0,123.08,15847,19.24,224,,,2026-08-18
VGCL,EQ,18-Aug-2026,60.5,57.48,61.5,57.48,58.21,726,0.43,25,620.0,85.4,2026-08-18
VGINFOTECH,SM,18-Aug-2026,151.8,150.0,152.5,149.0,150.8,37000,55.72,35,30000.0,81.08,2026-08-18
VGL,EQ,18-Aug-2026,59.3,59.3,59.3,56.0,58.44,30601,17.48,448,22024.0,71.97,2026-08-18
VGUARD,EQ,18-Aug-2026,343.95,347.0,350.0,332.5,333.4,868328,2942.53,17337,463631.0,53.39,2026-08-18
VHL,EQ,18-Aug-2026,3473.8,3430.0,3519.4,3420.0,3439.5,435,15.02,147,272.0,62.53,2026-08-18
VHLTD,BE,18-Aug-2026,123.63,123.77,129.81,122.65,129.74,288778,359.99,372,,,2026-08-18
VICTORYEV,ST,18-Aug-2026,16.45,16.45,16.65,16.45,16.65,6000,0.99,2,6000.0,100.0,2026-08-18
VIDHIING,EQ,18-Aug-2026,319.2,322.7,329.9,313.55,325.9,52151,168.12,1442,41119.0,78.85,2026-08-18
VIDYAWIRES,EQ,18-Aug-2026,89.4,89.0,89.51,88.0,88.07,462465,408.81,4779,304262.0,65.79,2026-08-18
VIESL,SM,18-Aug-2026,300.35,300.5,309.5,300.15,304.35,16800,51.16,19,12000.0,71.43,2026-08-18
VIGOR,ST,18-Aug-2026,87.85,85.7,92.2,85.7,91.75,28800,25.76,17,20800.0,72.22,2026-08-18
VIJAYA,EQ,18-Aug-2026,1506.6,1505.0,1521.3,1491.0,1497.3,92774,1397.56,10931,40741.0,43.91,2026-08-18
VIJAYPD,SM,18-Aug-2026,59.85,57.65,60.0,57.65,60.0,6000,3.52,3,6000.0,100.0,2026-08-18
VIJIFIN,BE,18-Aug-2026,12.63,12.88,12.88,12.88,12.88,51486,6.63,40,,,2026-08-18
VIJSOLX,EQ,18-Aug-2026,692.5,675.0,714.9,675.0,700.0,251,1.76,25,245.0,97.61,2026-08-18
VIKASECO,EQ,18-Aug-2026,1.09,1.1,1.1,1.07,1.08,2549314,27.62,1276,1427221.0,55.98,2026-08-18
VIKASLIFE,EQ,18-Aug-2026,1.23,1.24,1.24,1.22,1.22,1767391,21.63,8478,943482.0,53.38,2026-08-18
VIKRAMSOLR,EQ,18-Aug-2026,183.1,185.0,186.75,175.5,177.11,22684269,41034.56,142943,3185803.0,14.04,2026-08-18
VIKRAN,EQ,18-Aug-2026,62.54,62.48,62.84,60.8,61.09,962402,593.88,5764,574826.0,59.73,2026-08-18
VILAS,SM,18-Aug-2026,354.9,357.95,360.0,355.85,356.05,10000,35.78,31,9500.0,95.0,2026-08-18
VILINBIO,SM,18-Aug-2026,43.0,42.5,42.5,42.5,42.5,4000,1.7,1,4000.0,100.0,2026-08-18
VIMTALABS,EQ,18-Aug-2026,623.45,624.0,627.8,617.0,621.2,92845,576.27,4572,41770.0,44.99,2026-08-18
VINATIORGA,EQ,18-Aug-2026,1344.2,1344.2,1370.8,1333.3,1338.5,26064,351.92,3587,13617.0,52.24,2026-08-18
VINCOFE,EQ,18-Aug-2026,146.28,146.15,148.7,143.85,148.16,2360756,3447.03,16499,911651.0,38.62,2026-08-18
VINDHYATEL,EQ,18-Aug-2026,2486.6,2494.0,2540.0,2440.0,2485.7,36075,898.88,4317,16654.0,46.16,2026-08-18
VINEETLAB,EQ,18-Aug-2026,37.36,37.36,37.79,36.0,36.33,152932,56.03,635,55489.0,36.28,2026-08-18
VINNY,EQ,18-Aug-2026,1.06,1.07,1.07,1.05,1.05,172261,1.82,134,128200.0,74.42,2026-08-18
VINSYS,ST,18-Aug-2026,580.0,580.0,583.0,579.0,579.0,2250,13.06,8,2250.0,100.0,2026-08-18
VINYAS,SM,18-Aug-2026,1330.55,1414.95,1494.0,1350.0,1462.1,31200,443.35,260,22400.0,71.79,2026-08-18
VINYLINDIA,EQ,18-Aug-2026,236.57,236.57,243.3,234.94,239.73,7553,17.98,437,3958.0,52.4,2026-08-18
VIPCLOTHNG,EQ,18-Aug-2026,20.59,20.58,20.9,20.0,20.17,22881,4.63,163,17544.0,76.67,2026-08-18
VIPIND,EQ,18-Aug-2026,300.5,300.0,311.7,299.8,309.4,293364,899.08,6179,140158.0,47.78,2026-08-18
VIPULLTD,BE,18-Aug-2026,14.58,14.87,14.87,14.87,14.87,76589,11.39,46,,,2026-08-18
VIRAT,EQ,18-Aug-2026,335.0,350.4,350.4,268.05,343.0,330,1.11,14,326.0,98.79,2026-08-18
VIRINCHI,EQ,18-Aug-2026,15.03,15.57,15.57,14.75,15.04,53428,8.07,207,35074.0,65.65,2026-08-18
VIRTUALG,EQ,18-Aug-2026,0.41,0.41,0.42,0.4,0.42,197952,0.8,192,165695.0,83.7,2026-08-18
VISACHROME,EQ,18-Aug-2026,38.41,38.41,38.79,37.65,37.89,13045,4.97,61,12467.0,95.57,2026-08-18
VISAKAIND,EQ,18-Aug-2026,92.0,92.4,98.89,92.39,95.5,592817,567.13,7155,320878.0,54.13,2026-08-18
VISDEM,SM,18-Aug-2026,85.85,85.85,86.0,85.85,86.0,9600,8.24,7,9600.0,100.0,2026-08-18
VISHAL,EQ,18-Aug-2026,18.12,18.48,18.56,17.9,17.98,35825,6.55,199,28144.0,78.56,2026-08-18
VISHNU,EQ,18-Aug-2026,618.25,618.5,662.0,615.15,637.5,577546,3723.12,18680,247264.0,42.81,2026-08-18
VISHNUINFR,SM,18-Aug-2026,148.0,145.8,145.8,145.8,145.8,1000,1.46,2,1000.0,100.0,2026-08-18
VISHWARAJ,EQ,18-Aug-2026,5.37,5.37,5.62,5.37,5.45,596863,32.77,779,345592.0,57.9,2026-08-18
VISL,EQ,18-Aug-2026,37.97,37.9,38.48,37.02,37.41,17356679,6547.4,39162,8478469.0,48.85,2026-08-18
VITAL,BE,18-Aug-2026,54.0,52.15,53.48,51.3,51.33,13481,6.97,46,,,2026-08-18
VIVIANA,BE,18-Aug-2026,696.05,699.5,716.0,687.1,700.0,16764,118.21,299,,,2026-08-18
VIVIDEL,ST,18-Aug-2026,1635.05,1619.2,1679.0,1553.3,1622.35,24720,398.19,95,22560.0,91.26,2026-08-18
VIVIDHA,EQ,18-Aug-2026,0.53,0.54,0.54,0.51,0.53,424742,2.24,241,353267.0,83.17,2026-08-18
VIVIMEDLAB,BE,18-Aug-2026,5.15,5.3,5.4,5.0,5.4,98838,5.29,120,,,2026-08-18
VIVO,ST,18-Aug-2026,152.65,160.2,160.2,146.1,146.5,8000,11.92,5,8000.0,100.0,2026-08-18
VIVOBIOT,EQ,18-Aug-2026,19.68,19.66,19.94,19.0,19.1,21477,4.11,154,20861.0,97.13,2026-08-18
VIYASH,EQ,18-Aug-2026,252.15,253.1,257.7,252.2,254.95,1369758,3494.54,21475,760489.0,55.52,2026-08-18
VLEGOV,BE,18-Aug-2026,9.73,9.54,9.54,9.54,9.54,38145,3.64,150,,,2026-08-18
VLINFRA,SM,18-Aug-2026,25.85,25.5,26.5,25.45,25.95,30000,7.76,18,19500.0,65.0,2026-08-18
VLSFINANCE,EQ,18-Aug-2026,256.6,256.65,259.5,251.5,252.75,17367,44.16,685,12936.0,74.49,2026-08-18
VMARCIND,SM,18-Aug-2026,360.2,358.4,368.5,356.7,363.2,198000,717.73,109,118500.0,59.85,2026-08-18
VMART,EQ,18-Aug-2026,792.3,793.9,812.6,788.25,809.4,70947,569.78,5605,39776.0,56.06,2026-08-18
VMM,EQ,18-Aug-2026,105.5,105.8,106.17,103.67,103.71,5298866,5545.43,47096,2582201.0,48.73,2026-08-18
VMOBILE,SM,18-Aug-2026,68.1,68.1,68.2,65.9,65.9,6400,4.31,8,6400.0,100.0,2026-08-18
VMSTMT,EQ,18-Aug-2026,49.85,49.0,49.95,47.1,48.63,38362,18.57,705,16987.0,44.28,2026-08-18
VOEPL,EQ,18-Aug-2026,490.4,495.0,499.5,471.95,477.85,54797,266.22,2043,34264.0,62.53,2026-08-18
VOGL,EQ,18-Aug-2026,37.66,37.66,37.97,37.0,37.14,18906816,7089.3,41277,7008099.0,37.07,2026-08-18
VOITHPAPR,EQ,18-Aug-2026,1414.1,1696.0,1696.0,1460.0,1492.3,372,5.61,39,182.0,48.92,2026-08-18
VOLERCAR,SM,18-Aug-2026,218.0,216.25,216.25,216.0,216.1,3200,6.92,4,2400.0,75.0,2026-08-18
VOLTAMP,EQ,18-Aug-2026,10001.0,9989.0,10138.5,9965.0,10093.5,12530,1262.78,4753,6085.0,48.56,2026-08-18
VOLTAS,EQ,18-Aug-2026,1267.0,1262.0,1272.0,1247.0,1252.9,995520,12498.58,32504,354915.0,35.65,2026-08-18
VPRPL,EQ,18-Aug-2026,34.92,34.91,36.24,34.05,34.76,397938,138.99,2171,208190.0,52.32,2026-08-18
VRAJ,EQ,18-Aug-2026,121.5,121.51,125.5,121.01,121.48,10130,12.37,708,4990.0,49.26,2026-08-18
VRLLOG,EQ,18-Aug-2026,296.2,295.0,302.95,295.0,297.5,128724,384.45,7139,63777.0,49.55,2026-08-18
VSSL,EQ,18-Aug-2026,361.55,362.85,364.45,351.0,359.2,150777,537.64,5400,72487.0,48.08,2026-08-18
VSTIND,EQ,18-Aug-2026,214.5,215.57,216.07,213.93,214.88,113621,243.96,2007,74268.0,65.36,2026-08-18
VSTL,EQ,18-Aug-2026,106.87,106.87,108.0,105.11,106.44,6346,6.74,213,5393.0,84.98,2026-08-18
VSTTILLERS,EQ,18-Aug-2026,4527.4,4530.0,4559.8,4444.0,4473.3,6611,296.97,2205,4084.0,61.78,2026-08-18
VTL,EQ,18-Aug-2026,605.25,606.2,611.0,587.65,598.9,253029,1509.71,15191,101248.0,40.01,2026-08-18
VTMLTD,EQ,18-Aug-2026,46.94,47.99,48.5,46.58,46.79,10316,4.87,86,7010.0,67.95,2026-08-18
WAAREEENER,EQ,18-Aug-2026,2707.0,2706.9,2719.5,2693.0,2709.1,396655,10751.1,21665,213634.0,53.86,2026-08-18
WAAREEINDO,EQ,18-Aug-2026,300.35,300.65,302.4,296.0,297.55,30065,89.77,1168,19257.0,64.05,2026-08-18
WAAREERTL,EQ,18-Aug-2026,896.95,897.0,899.35,888.0,890.1,66394,591.61,5540,36239.0,54.58,2026-08-18
WABAG,EQ,18-Aug-2026,1897.6,1890.0,1995.0,1890.0,1980.6,649541,12603.1,40538,301763.0,46.46,2026-08-18
WAKEFIT,EQ,18-Aug-2026,124.63,124.01,134.79,124.01,131.52,6325818,8256.26,49384,898131.0,14.2,2026-08-18
WALCHANNAG,EQ,18-Aug-2026,223.91,223.2,225.63,221.82,222.6,472284,1052.5,6666,233258.0,49.39,2026-08-18
WANBURY,EQ,18-Aug-2026,250.7,252.95,259.6,250.0,254.25,198618,507.03,4912,78156.0,39.35,2026-08-18
WARDINMOBI,EQ,18-Aug-2026,6.25,6.16,6.8,6.16,6.28,256613,16.13,886,199511.0,77.75,2026-08-18
WATERBASE,EQ,18-Aug-2026,47.11,47.9,47.9,45.5,46.32,8458,3.98,129,6883.0,81.38,2026-08-18
WCIL,EQ,18-Aug-2026,87.99,87.9,88.09,85.8,86.27,31346,27.16,884,19403.0,61.9,2026-08-18
WEALTH,EQ,18-Aug-2026,876.75,876.0,876.0,852.3,862.45,2871,24.83,349,2336.0,81.37,2026-08-18
WEBELSOLAR,EQ,18-Aug-2026,82.8,81.14,86.94,81.14,86.93,4243102,3642.1,17026,2150759.0,50.69,2026-08-18
WEIZMANIND,EQ,18-Aug-2026,77.29,77.37,78.99,77.1,77.56,383,0.3,16,350.0,91.38,2026-08-18
WEL,EQ,18-Aug-2026,145.74,143.71,147.9,140.51,146.24,824447,1199.7,6826,138388.0,16.79,2026-08-18
WELCORP,EQ,18-Aug-2026,1882.0,1886.6,1934.9,1882.0,1917.1,712593,13604.6,35788,427971.0,60.06,2026-08-18
WELENT,EQ,18-Aug-2026,569.4,569.35,578.0,566.0,575.85,208397,1192.1,6657,114038.0,54.72,2026-08-18
WELINV,BE,18-Aug-2026,1857.5,1795.1,1885.0,1790.0,1843.2,98196,1757.85,74,,,2026-08-18
WELSPLSOL,EQ,18-Aug-2026,48.47,48.0,48.93,47.25,47.96,175909,84.35,1474,101524.0,57.71,2026-08-18
WELSPUNLIV,EQ,18-Aug-2026,168.15,168.3,182.9,167.8,177.79,53708881,96263.9,264121,6267251.0,11.67,2026-08-18
WENDT,EQ,18-Aug-2026,8110.0,8115.0,8253.5,7985.0,8055.0,5231,421.85,1516,2909.0,55.61,2026-08-18
WESTLIFE,EQ,18-Aug-2026,579.6,583.1,592.95,578.0,587.75,36576,214.89,4454,18703.0,51.13,2026-08-18
WEWIN,EQ,18-Aug-2026,46.0,46.0,46.0,46.0,46.0,127,0.06,6,127.0,100.0,2026-08-18
WEWORK,EQ,18-Aug-2026,707.8,707.0,707.0,690.0,696.05,123453,860.72,11928,63529.0,51.46,2026-08-18
WHBRADY,EQ,18-Aug-2026,506.95,505.8,507.0,495.3,507.0,5,0.03,5,4.0,80.0,2026-08-18
WHEELS,EQ,18-Aug-2026,1417.5,1415.0,1452.0,1407.0,1442.6,54296,777.22,5218,27382.0,50.43,2026-08-18
WHIRLPOOL,EQ,18-Aug-2026,777.35,778.0,785.15,765.15,769.0,158057,1220.22,8594,92443.0,58.49,2026-08-18
WHITEFORCE,SM,18-Aug-2026,34.65,34.7,34.7,34.7,34.7,1600,0.56,1,1600.0,100.0,2026-08-18
WILLAMAGOR,EQ,18-Aug-2026,24.93,26.0,26.0,24.99,25.15,2813,0.72,27,1669.0,59.33,2026-08-18
WINDLAS,EQ,18-Aug-2026,933.4,939.0,939.0,911.95,917.95,36703,338.05,3463,18801.0,51.22,2026-08-18
WINDMACHIN,EQ,18-Aug-2026,300.4,302.1,322.0,300.0,318.9,1516405,4701.49,26094,671097.0,44.26,2026-08-18
WINSOL,SM,18-Aug-2026,111.9,110.0,117.8,110.0,114.0,19200,21.82,30,14400.0,75.0,2026-08-18
WIPL,EQ,18-Aug-2026,165.97,165.97,168.39,161.25,162.18,9774,15.95,59,9672.0,98.96,2026-08-18
WIPRO,EQ,18-Aug-2026,181.9,181.9,181.99,178.06,178.06,7074731,12691.2,62610,3015718.0,42.63,2026-08-18
WOCKPHARMA,EQ,18-Aug-2026,1898.8,1898.8,1900.4,1855.1,1859.9,476558,8901.38,46520,264454.0,55.49,2026-08-18
WOMANCART,SM,18-Aug-2026,103.45,105.0,109.0,100.35,108.45,46800,49.92,102,30400.0,64.96,2026-08-18
WONDERLA,EQ,18-Aug-2026,468.7,468.7,486.0,468.05,476.0,149025,711.13,7020,99095.0,66.5,2026-08-18
WORTHPERI,EQ,18-Aug-2026,155.29,157.88,159.0,152.81,154.54,6710,10.49,132,4425.0,65.95,2026-08-18
WPIL,EQ,18-Aug-2026,433.9,433.85,439.4,418.65,426.35,36814,157.78,2044,21241.0,57.7,2026-08-18
WSI,EQ,18-Aug-2026,60.83,60.85,61.11,58.2,60.18,52928,31.9,1258,32582.0,61.56,2026-08-18
WSTCSTPAPR,EQ,18-Aug-2026,605.5,601.1,644.0,601.1,619.2,365686,2286.7,13824,170893.0,46.73,2026-08-18
WTICAB,SM,18-Aug-2026,105.15,102.25,105.95,102.15,105.0,16000,16.71,17,12500.0,78.13,2026-08-18
XCHANGING,EQ,18-Aug-2026,61.72,62.18,62.55,61.65,62.24,43955,27.24,645,29083.0,66.17,2026-08-18
XELPMOC,EQ,18-Aug-2026,79.48,79.5,80.18,78.94,79.85,6393,5.09,245,6019.0,94.15,2026-08-18
XPROINDIA,EQ,18-Aug-2026,1103.7,1094.0,1120.0,1080.1,1088.6,53091,579.73,2520,35965.0,67.74,2026-08-18
XTGLOBAL,EQ,18-Aug-2026,29.68,30.45,30.45,29.5,29.74,36734,10.9,244,4407.0,12.0,2026-08-18
XTRANET,EQ,18-Aug-2026,158.7,159.95,172.5,155.41,168.97,867676,1434.82,13850,283347.0,32.66,2026-08-18
YAAP,SM,18-Aug-2026,138.0,138.0,140.0,138.0,139.1,5000,6.92,5,5000.0,100.0,2026-08-18
YASHO,EQ,18-Aug-2026,4362.3,4400.0,4994.0,4399.9,4915.8,240192,11438.15,40510,54663.0,22.76,2026-08-18
YASHOPTICS,SM,18-Aug-2026,114.0,112.5,112.5,112.5,112.5,1600,1.8,2,1600.0,100.0,2026-08-18
YATHARTH,EQ,18-Aug-2026,842.85,838.7,859.8,838.0,854.0,218447,1862.57,13481,108660.0,49.74,2026-08-18
YATRA,EQ,18-Aug-2026,113.95,114.5,117.2,112.86,115.5,942576,1085.12,10910,287133.0,30.46,2026-08-18
YESBANK,EQ,18-Aug-2026,22.92,22.9,22.97,22.45,22.46,49817232,11263.01,64577,20302578.0,40.75,2026-08-18
YOGI,EQ,18-Aug-2026,160.9,157.45,174.0,155.0,155.82,1224,1.91,31,1224.0,100.0,2026-08-18
YUDIZ,SM,18-Aug-2026,24.6,23.4,23.5,23.4,23.4,7200,1.69,8,7200.0,100.0,2026-08-18
YUKEN,EQ,18-Aug-2026,821.95,836.1,892.3,814.1,881.95,23830,207.34,1884,16429.0,68.94,2026-08-18
ZAGGLE,EQ,18-Aug-2026,160.48,160.61,169.9,154.36,165.88,19851829,32770.49,157146,5019413.0,25.28,2026-08-18
ZEAL,SM,18-Aug-2026,63.5,63.5,65.9,63.5,64.05,4200,2.71,7,3000.0,71.43,2026-08-18
ZEEL,EQ,18-Aug-2026,104.87,104.87,106.95,103.5,105.32,24564113,25857.86,68302,7111839.0,28.95,2026-08-18
ZEELEARN,BE,18-Aug-2026,7.98,8.08,8.08,7.8,7.85,148876,11.7,324,,,2026-08-18
ZEEMEDIA,EQ,18-Aug-2026,9.7,9.72,9.85,9.3,9.38,9984323,954.5,11898,3419316.0,34.25,2026-08-18
ZENITHEXPO,EQ,18-Aug-2026,204.51,195.55,204.19,194.29,197.45,1132,2.25,60,691.0,61.04,2026-08-18
ZENITHSTL,EQ,18-Aug-2026,5.48,5.37,5.58,5.37,5.51,28389,1.57,121,25755.0,90.72,2026-08-18
ZENSARTECH,EQ,18-Aug-2026,490.75,490.5,493.2,483.0,484.9,477870,2321.26,15008,237864.0,49.78,2026-08-18
ZENTEC,EQ,18-Aug-2026,1864.5,1860.1,2012.4,1855.2,1982.4,2742695,54035.67,139099,798025.0,29.1,2026-08-18
ZFCVINDIA,EQ,18-Aug-2026,2623.7,2612.0,2691.0,2601.0,2672.7,142083,3769.48,15710,91760.0,64.58,2026-08-18
ZFSTEERING,EQ,18-Aug-2026,673.6,674.6,695.0,663.45,679.8,3477,23.69,149,2733.0,78.6,2026-08-18
ZIMLAB,EQ,18-Aug-2026,115.2,115.0,115.4,110.22,114.51,56724,64.08,2511,36018.0,63.5,2026-08-18
ZODIAC,EQ,18-Aug-2026,256.25,260.0,262.8,251.05,256.05,20013,51.27,1220,9408.0,47.01,2026-08-18
ZODIACLOTH,EQ,18-Aug-2026,75.6,74.02,75.0,74.02,74.86,2596,1.93,78,1990.0,76.66,2026-08-18
ZOTA,EQ,18-Aug-2026,1111.4,1116.9,1127.2,1076.4,1085.4,100892,1111.78,5161,50033.0,49.59,2026-08-18
ZSARACOM,EQ,18-Aug-2026,12841.0,13414.0,13418.0,12660.0,13076.0,123,16.03,77,95.0,77.24,2026-08-18
ZTECH,SM,18-Aug-2026,499.4,501.05,510.0,497.0,502.7,22800,115.18,43,18900.0,82.89,2026-08-18
ZUARI,EQ,18-Aug-2026,222.71,222.6,227.62,220.97,225.7,77311,173.8,2325,28078.0,36.32,2026-08-18
ZUARIIND,EQ,18-Aug-2026,256.45,259.95,269.0,257.05,260.45,100921,265.68,2884,50725.0,50.26,2026-08-18
ZYDUSLIFE,EQ,18-Aug-2026,1131.5,1131.9,1144.1,1115.6,1115.6,810133,9127.23,23793,460941.0,56.9,2026-08-18
ZYDUSWELL,EQ,18-Aug-2026,510.15,507.6,509.95,492.1,496.65,201281,1008.11,10513,99408.0,49.39,2026-08-18
