SYMBOL,SERIES,DATE1,PREV_CLOSE,OPEN_PRICE,HIGH_PRICE,LOW_PRICE,CLOSE_PRICE,TTL_TRD_QNTY,TURNOVER_LACS,NO_OF_TRADES,DELIV_QTY,DELIV_PER,DATE
20MICRONS,EQ,23-Sep-2026,216.45,220.8,223.95,215.8,219.21,104573,230.13,3299,43130.0,41.24,2026-09-23
21STCENMGM,EQ,23-Sep-2026,39.62,39.94,39.95,39.01,39.92,6072,2.42,118,4049.0,66.68,2026-09-23
360ONE,EQ,23-Sep-2026,1073.5,1093.7,1122.0,1082.4,1108.0,3642452,40492.7,95307,2031238.0,55.77,2026-09-23
3BBLACKBIO,EQ,23-Sep-2026,1369.3,1400.0,1440.0,1391.1,1431.6,6553,92.43,1115,3337.0,50.92,2026-09-23
3IINFOLTD,BE,23-Sep-2026,26.03,26.03,26.27,25.7,25.74,181329,47.1,577,,,2026-09-23
3MINDIA,EQ,23-Sep-2026,34220.0,34225.0,35000.0,34225.0,34615.0,4992,1733.98,2592,1926.0,38.58,2026-09-23
3PLAND,EQ,23-Sep-2026,30.74,30.75,31.05,30.35,30.91,2691,0.83,63,2246.0,83.46,2026-09-23
574GS2026,GS,23-Sep-2026,102.05,99.49,102.05,99.49,101.2,4,0.0,3,3.0,75.0,2026-09-23
591GS2028,GS,23-Sep-2026,100.0,99.32,99.55,99.32,99.55,200,0.2,2,100.0,50.0,2026-09-23
5PAISA,EQ,23-Sep-2026,315.3,317.25,321.7,315.0,318.15,30838,97.75,1069,21740.0,70.5,2026-09-23
601GS2030,GS,23-Sep-2026,97.75,97.75,97.75,97.74,97.74,100,0.1,2,100.0,100.0,2026-09-23
603GS2029,GS,23-Sep-2026,99.03,98.83,99.25,98.83,99.25,200,0.2,2,100.0,50.0,2026-09-23
610GS2031,GS,23-Sep-2026,99.99,99.8,99.99,99.8,99.99,16,0.02,2,16.0,100.0,2026-09-23
620GS2029,GS,23-Sep-2026,99.0,99.0,99.0,99.0,99.0,100,0.1,1,100.0,100.0,2026-09-23
622GS2035,GS,23-Sep-2026,95.07,95.0,95.0,93.43,93.43,7,0.01,2,7.0,100.0,2026-09-23
633GS2035,GS,23-Sep-2026,98.0,101.0,101.0,101.0,101.0,1,0.0,1,1.0,100.0,2026-09-23
636GS2031,GS,23-Sep-2026,99.5,99.0,99.0,99.0,99.0,100,0.1,1,100.0,100.0,2026-09-23
63MOONS,EQ,23-Sep-2026,841.75,849.8,873.2,831.65,852.95,510000,4353.03,24250,170273.0,33.39,2026-09-23
653GS2031,GS,23-Sep-2026,97.83,99.8,99.8,98.0,98.01,7578,7.43,6,7578.0,100.0,2026-09-23
654GS2032,GS,23-Sep-2026,99.8,99.8,99.8,99.5,99.5,28,0.03,2,28.0,100.0,2026-09-23
657GS2033A,GS,23-Sep-2026,98.5,100.0,100.0,97.01,99.9,2801,2.74,5,2801.0,100.0,2026-09-23
664GS2027,GS,23-Sep-2026,101.55,101.24,101.5,101.24,101.5,301,0.31,3,301.0,100.0,2026-09-23
667GS2050,GS,23-Sep-2026,92.7,93.0,93.0,93.0,93.0,349,0.32,1,349.0,100.0,2026-09-23
668GS2033,GS,23-Sep-2026,100.0,98.5,98.5,98.5,98.5,2,0.0,1,2.0,100.0,2026-09-23
668GS2040,GS,23-Sep-2026,97.1,97.9,97.9,96.51,97.4,13216,12.77,6,13000.0,98.37,2026-09-23
676GS2061,GS,23-Sep-2026,89.58,90.25,90.25,89.54,89.54,30617,27.46,57,25187.0,82.26,2026-09-23
679GS2034,GS,23-Sep-2026,101.0,101.1,101.5,101.1,101.5,991,1.0,2,991.0,100.0,2026-09-23
68GS2060,GS,23-Sep-2026,91.7,92.2,92.2,91.8,91.8,215,0.2,15,213.0,99.07,2026-09-23
690GS2065,GS,23-Sep-2026,93.31,94.1,94.1,92.85,93.97,8692,8.17,12,8689.0,99.97,2026-09-23
692GS2039,GS,23-Sep-2026,100.39,100.39,100.39,99.0,99.0,180,0.18,6,180.0,100.0,2026-09-23
694GS2036,GS,23-Sep-2026,102.88,101.6,102.75,101.01,102.71,3555,3.62,11,3385.0,95.22,2026-09-23
695GS2061,GS,23-Sep-2026,92.99,93.49,93.49,92.02,93.0,5211,4.85,14,5001.0,95.97,2026-09-23
699GS2051,GS,23-Sep-2026,95.6,93.21,95.8,93.21,95.5,5193,4.96,29,5193.0,100.0,2026-09-23
702GS2031,GS,23-Sep-2026,103.65,101.39,101.39,101.39,101.39,100,0.1,1,100.0,100.0,2026-09-23
706GS2028,GS,23-Sep-2026,104.45,104.3,104.3,104.3,104.3,2400,2.5,2,2400.0,100.0,2026-09-23
706GS2041,GS,23-Sep-2026,99.0,99.1,99.1,99.1,99.1,209,0.21,3,209.0,100.0,2026-09-23
709GS2054,GS,23-Sep-2026,95.75,100.5,100.5,95.55,95.66,11434,10.94,13,11329.0,99.08,2026-09-23
709GS2074,GS,23-Sep-2026,95.47,95.25,95.25,95.0,95.25,3292,3.13,14,3291.0,99.97,2026-09-23
710GS2029,GS,23-Sep-2026,104.19,103.55,104.9,103.55,104.84,2026,2.12,7,1411.0,69.64,2026-09-23
717GS2030,GS,23-Sep-2026,103.22,103.26,103.26,103.26,103.26,2400,2.48,1,2400.0,100.0,2026-09-23
718GS2033,GS,23-Sep-2026,101.6,102.5,102.5,102.5,102.5,1000,1.03,3,1000.0,100.0,2026-09-23
718GS2037,GS,23-Sep-2026,102.2,102.71,103.23,102.71,103.2,3,0.0,3,3.0,100.0,2026-09-23
719GS2060,GS,23-Sep-2026,95.2,95.2,95.2,95.2,95.2,404,0.38,3,404.0,100.0,2026-09-23
71GS2034,GS,23-Sep-2026,104.25,103.5,103.78,103.0,103.75,37703,38.83,18,37701.0,99.99,2026-09-23
723GS2039,GS,23-Sep-2026,104.58,101.22,104.0,101.0,103.5,45100,45.96,24,44100.0,97.78,2026-09-23
724GS2055,GS,23-Sep-2026,96.5,97.25,97.7,97.15,97.7,5982,5.82,9,5982.0,100.0,2026-09-23
725GS2063,GS,23-Sep-2026,96.89,96.92,97.2,96.91,97.14,75322,73.06,58,75012.0,99.59,2026-09-23
726GS2033,GS,23-Sep-2026,102.4,101.51,102.5,101.5,102.0,113150,115.22,9,113150.0,100.0,2026-09-23
732GS2030,GS,23-Sep-2026,103.55,103.55,103.55,103.55,103.55,200,0.21,2,200.0,100.0,2026-09-23
733GS2026,GS,23-Sep-2026,102.5,102.05,103.3,102.05,102.5,410,0.42,5,310.0,75.61,2026-09-23
734GS2064,GS,23-Sep-2026,99.19,99.44,99.45,99.3,99.4,22667,22.54,25,22667.0,100.0,2026-09-23
736GS2052,GS,23-Sep-2026,99.0,99.25,99.25,99.25,99.25,30,0.03,1,30.0,100.0,2026-09-23
737GS2028,GS,23-Sep-2026,104.5,103.46,105.1,103.46,105.1,1000,1.05,5,900.0,90.0,2026-09-23
738GS2027,GS,23-Sep-2026,102.75,102.76,102.8,102.6,102.7,1025110,1053.29,30,1025110.0,100.0,2026-09-23
73GS2053,GS,23-Sep-2026,98.24,98.5,98.75,98.3,98.74,14014,13.84,15,13915.0,99.29,2026-09-23
740IIFCL33,N1,23-Sep-2026,1151.37,1148.05,1160.0,1148.05,1160.0,2214,25.58,7,1710.0,77.24,2026-09-23
741GS2036,GS,23-Sep-2026,104.4,104.5,104.5,103.01,103.15,5242,5.41,10,5239.0,99.94,2026-09-23
743GS2076,GS,23-Sep-2026,99.24,99.47,99.47,98.4,98.9,8779,8.68,44,8757.0,99.75,2026-09-23
74GS2062,GS,23-Sep-2026,99.35,99.25,99.9,98.1,99.5,7932,7.84,17,6940.0,87.49,2026-09-23
750GS2056,GS,23-Sep-2026,102.8,101.77,102.0,101.77,101.92,4747,4.84,9,4747.0,100.0,2026-09-23
754GS2036,GS,23-Sep-2026,105.64,105.5,105.79,105.5,105.68,251854,266.13,123,249298.0,98.99,2026-09-23
763GS2056,GS,23-Sep-2026,101.15,100.0,100.0,100.0,100.0,500,0.5,1,500.0,100.0,2026-09-23
771GS2066,GS,23-Sep-2026,104.24,104.84,104.84,104.1,104.4,6402,6.67,11,6402.0,100.0,2026-09-23
824GS2027,GS,23-Sep-2026,101.41,101.7,101.7,101.7,101.7,50,0.05,1,50.0,100.0,2026-09-23
883GS2041,GS,23-Sep-2026,117.0,117.0,117.0,111.35,117.0,210,0.25,4,210.0,100.0,2026-09-23
897GS2030,GS,23-Sep-2026,113.0,112.0,113.0,110.02,113.0,12314,13.78,21,11699.0,95.01,2026-09-23
92GS2030,GS,23-Sep-2026,114.8,114.75,115.0,114.5,114.5,19000,21.82,10,19000.0,100.0,2026-09-23
A2ZINFRA,EQ,23-Sep-2026,14.73,14.73,15.19,14.65,14.79,192304,28.51,756,112427.0,58.46,2026-09-23
AAATECH,EQ,23-Sep-2026,93.73,94.0,94.9,90.2,93.56,116561,109.09,464,10156.0,8.71,2026-09-23
AADHARHFC,EQ,23-Sep-2026,457.85,457.8,462.4,451.0,454.55,222625,1013.68,8710,153063.0,68.75,2026-09-23
AAKAAR,SM,23-Sep-2026,67.5,70.0,70.85,68.5,70.0,16000,11.18,9,16000.0,100.0,2026-09-23
AAKASH,EQ,23-Sep-2026,8.96,9.0,9.18,8.95,9.13,102979,9.33,297,97962.0,95.13,2026-09-23
AARADHYA,ST,23-Sep-2026,141.95,141.0,141.0,138.05,138.05,9600,13.44,7,9600.0,100.0,2026-09-23
AAREYDRUGS,EQ,23-Sep-2026,102.52,102.37,103.9,100.85,102.63,352115,363.17,1184,166413.0,47.26,2026-09-23
AARNAV,BE,23-Sep-2026,31.83,31.98,33.42,30.75,33.42,27416,9.12,89,,,2026-09-23
AARON,EQ,23-Sep-2026,120.48,121.0,124.0,119.63,122.6,7785,9.49,266,4951.0,63.6,2026-09-23
AARTECH,BE,23-Sep-2026,51.58,52.2,52.2,50.0,50.7,38558,19.41,139,,,2026-09-23
AARTIDRUGS,EQ,23-Sep-2026,425.75,428.95,443.5,428.0,436.25,198653,868.74,10861,80261.0,40.4,2026-09-23
AARTIIND,EQ,23-Sep-2026,496.0,493.0,504.25,489.2,491.35,402389,1995.91,14299,228341.0,56.75,2026-09-23
AARTIPHARM,EQ,23-Sep-2026,883.75,885.0,957.3,885.0,940.1,2945650,27601.39,117728,651868.0,22.13,2026-09-23
AARTISURF,BE,23-Sep-2026,514.75,514.75,537.0,513.2,530.95,6340,33.39,224,,,2026-09-23
AARVI,EQ,23-Sep-2026,138.18,138.21,140.4,136.0,136.48,8363,11.51,191,6412.0,76.67,2026-09-23
AASTHA,EQ,23-Sep-2026,81.62,83.0,89.78,83.0,89.77,2984740,2628.96,14820,1055550.0,35.36,2026-09-23
AATMAJ,SM,23-Sep-2026,19.25,19.9,19.95,19.9,19.9,6000,1.2,2,4000.0,66.67,2026-09-23
AAVAS,EQ,23-Sep-2026,1313.1,1313.2,1339.8,1280.3,1285.8,77904,1015.75,11609,38536.0,49.47,2026-09-23
ABAN,BE,23-Sep-2026,14.13,14.4,14.4,13.85,14.02,21988,3.09,116,,,2026-09-23
ABANSENT,EQ,23-Sep-2026,27.29,27.7,28.38,26.5,26.86,6771,1.85,101,4810.0,71.04,2026-09-23
ABB,EQ,23-Sep-2026,7120.5,7141.5,7185.0,7077.0,7120.0,91561,6523.95,14446,39553.0,43.2,2026-09-23
ABBOTINDIA,EQ,23-Sep-2026,27225.0,27225.0,27490.0,26905.0,26935.0,4547,1233.9,2501,2421.0,53.24,2026-09-23
ABCAPITAL,EQ,23-Sep-2026,397.0,398.85,402.75,397.6,402.45,1960710,7861.14,45714,1136489.0,57.96,2026-09-23
ABCOTS,EQ,23-Sep-2026,205.25,209.0,209.0,202.13,203.57,755,1.54,81,489.0,64.77,2026-09-23
ABDL,EQ,23-Sep-2026,647.9,651.75,664.35,647.4,656.4,2319309,15151.03,48128,1084000.0,46.74,2026-09-23
ABFRL,EQ,23-Sep-2026,49.22,49.29,49.59,48.9,49.09,2699462,1327.47,14896,1440863.0,53.38,2026-09-23
ABGSEC,EQ,23-Sep-2026,114.15,114.15,114.4,114.02,114.39,464,0.53,9,453.0,97.63,2026-09-23
ABH,SM,23-Sep-2026,52.85,54.4,55.45,50.25,50.25,158400,82.35,117,80400.0,50.76,2026-09-23
ABHAPOWER,SM,23-Sep-2026,24.0,24.0,24.85,24.0,24.3,4800,1.17,3,3200.0,66.67,2026-09-23
ABINFRA,BE,23-Sep-2026,12.25,12.25,12.7,12.12,12.57,246378,30.75,259,,,2026-09-23
ABLBL,EQ,23-Sep-2026,80.74,80.74,82.33,79.65,79.81,1021258,820.61,8998,601579.0,58.91,2026-09-23
ABMINTLLTD,BE,23-Sep-2026,48.02,47.06,47.06,47.06,47.06,547,0.26,7,,,2026-09-23
ABMKNO,EQ,23-Sep-2026,173.34,173.34,177.9,171.1,171.41,293,0.5,12,275.0,93.86,2026-09-23
ABREL,EQ,23-Sep-2026,1201.1,1197.3,1223.0,1197.3,1206.4,186515,2258.87,21278,102231.0,54.81,2026-09-23
ABSL10BANK,EQ,23-Sep-2026,164.29,166.48,166.8,166.09,166.32,546,0.91,17,406.0,74.36,2026-09-23
ABSLAMC,EQ,23-Sep-2026,1027.0,1027.0,1041.0,1022.5,1026.6,65947,680.64,10450,28665.0,43.47,2026-09-23
ABSLBANETF,EQ,23-Sep-2026,57.75,57.93,58.1,57.79,57.95,270869,157.07,204,238250.0,87.96,2026-09-23
ABSLLIQUID,EQ,23-Sep-2026,1000.0,1000.0,1000.01,999.99,1000.0,3042,30.42,24,1668.0,54.83,2026-09-23
ABSLMSCIN,EQ,23-Sep-2026,28.8,28.94,29.03,28.83,29.03,77,0.02,5,71.0,92.21,2026-09-23
ABSLNN50ET,EQ,23-Sep-2026,75.97,76.0,76.39,75.88,76.24,5408,4.12,158,2810.0,51.96,2026-09-23
ABSLPSE,EQ,23-Sep-2026,10.0,9.95,10.09,9.95,10.02,86429,8.69,270,52132.0,60.32,2026-09-23
ABSMARINE,SM,23-Sep-2026,301.05,295.0,306.95,295.0,302.25,35000,106.23,66,24000.0,68.57,2026-09-23
ACC,EQ,23-Sep-2026,1238.2,1242.6,1254.6,1240.5,1251.4,53120,664.03,6590,20806.0,39.17,2026-09-23
ACCELYA,EQ,23-Sep-2026,1118.8,1124.4,1125.0,1114.1,1124.6,4790,53.68,465,3789.0,79.1,2026-09-23
ACCENTMIC,SM,23-Sep-2026,676.55,685.0,685.0,669.1,670.35,21500,144.94,39,15500.0,72.09,2026-09-23
ACCPL,ST,23-Sep-2026,214.95,214.95,214.95,204.25,204.95,13200,27.17,10,12000.0,90.91,2026-09-23
ACCURACY,BE,23-Sep-2026,4.37,4.34,4.4,4.2,4.3,91538,3.91,185,,,2026-09-23
ACE,EQ,23-Sep-2026,1241.9,1242.1,1259.1,1225.0,1253.9,259422,3239.59,22176,127553.0,49.17,2026-09-23
ACEINTEG,EQ,23-Sep-2026,17.31,17.9,18.0,17.41,17.43,834,0.15,49,599.0,71.82,2026-09-23
ACETEC,SM,23-Sep-2026,153.0,152.0,153.0,152.0,153.0,3600,5.5,3,3600.0,100.0,2026-09-23
ACGL,EQ,23-Sep-2026,1728.5,1728.5,1746.0,1725.0,1731.8,379,6.58,70,346.0,91.29,2026-09-23
ACI,EQ,23-Sep-2026,463.05,466.9,478.0,463.05,474.6,262279,1239.78,10056,131739.0,50.23,2026-09-23
ACL,EQ,23-Sep-2026,42.92,42.49,43.2,42.1,42.58,9773,4.17,190,7745.0,79.25,2026-09-23
ACMESOLAR,EQ,23-Sep-2026,458.65,461.6,476.4,445.6,452.3,2719156,12393.65,95699,1211939.0,44.57,2026-09-23
ACSTECH,BE,23-Sep-2026,72.92,76.56,76.56,76.56,76.56,226566,173.46,106,,,2026-09-23
ACUTAAS,EQ,23-Sep-2026,3213.7,3209.1,3276.0,3167.0,3265.2,448482,14496.73,58372,192470.0,42.92,2026-09-23
ADANIENSOL,EQ,23-Sep-2026,1381.7,1386.0,1389.9,1372.6,1380.0,933961,12891.08,35382,489476.0,52.41,2026-09-23
ADANIENT,EQ,23-Sep-2026,2997.0,3015.5,3023.9,2978.2,2993.2,855435,25659.63,35686,338968.0,39.63,2026-09-23
ADANIGREEN,EQ,23-Sep-2026,1304.0,1316.9,1317.0,1289.6,1300.9,639643,8318.65,23815,198090.0,30.97,2026-09-23
ADANIPORTS,EQ,23-Sep-2026,1795.0,1799.0,1810.1,1790.5,1807.3,1185484,21371.0,48881,766791.0,64.68,2026-09-23
ADANIPOWER,EQ,23-Sep-2026,206.96,207.99,208.4,203.5,204.8,20269523,41551.2,78841,10884676.0,53.7,2026-09-23
ADDICTIVE,SM,23-Sep-2026,46.0,44.75,45.55,44.4,45.55,4000,1.8,6,2500.0,62.5,2026-09-23
ADDIND,EQ,23-Sep-2026,76.7,76.0,79.9,72.0,74.05,467,0.36,30,428.0,91.65,2026-09-23
ADFFOODS,EQ,23-Sep-2026,263.15,263.2,269.35,262.75,268.05,62842,167.81,2828,32159.0,51.17,2026-09-23
ADISOFT,SM,23-Sep-2026,271.45,278.0,292.0,257.0,258.35,219200,598.59,249,147200.0,67.15,2026-09-23
ADL,EQ,23-Sep-2026,69.0,69.41,72.0,69.05,69.87,1168,0.81,66,830.0,71.06,2026-09-23
ADOR,EQ,23-Sep-2026,1594.8,1602.0,1622.0,1588.4,1598.0,26565,426.07,2612,11992.0,45.14,2026-09-23
ADROITINFO,EQ,23-Sep-2026,12.17,12.54,14.29,12.41,13.53,428270,57.44,1521,251572.0,58.74,2026-09-23
ADSL,EQ,23-Sep-2026,96.44,96.63,98.5,96.12,97.78,76698,74.82,1577,48627.0,63.4,2026-09-23
ADVAIT,EQ,23-Sep-2026,2005.6,1992.4,2013.5,1965.0,1976.8,35052,696.21,4645,21579.0,61.56,2026-09-23
ADVANCE,EQ,23-Sep-2026,108.14,107.59,121.3,107.59,119.37,531664,616.81,6039,237532.0,44.68,2026-09-23
ADVANIHOTR,EQ,23-Sep-2026,47.78,47.79,48.7,47.13,47.57,22499,10.78,445,14916.0,66.3,2026-09-23
ADVENTHTL,EQ,23-Sep-2026,126.76,126.7,131.5,126.4,130.36,162425,209.44,2459,90107.0,55.48,2026-09-23
ADVENZYMES,EQ,23-Sep-2026,296.6,297.0,300.8,295.0,297.0,216525,644.23,5579,118344.0,54.66,2026-09-23
ADVIKCA,EQ,23-Sep-2026,0.95,0.95,1.14,0.92,1.01,682962,6.92,495,404935.0,59.29,2026-09-23
AEGISLOG,EQ,23-Sep-2026,1424.5,1416.0,1423.8,1388.1,1404.5,447832,6298.17,23997,170630.0,38.1,2026-09-23
AEGISVOPAK,EQ,23-Sep-2026,301.4,300.2,308.0,299.2,302.8,1254083,3814.99,32072,467132.0,37.25,2026-09-23
AEPL,EQ,23-Sep-2026,16.35,16.02,16.76,16.02,16.49,17404,2.87,178,12206.0,70.13,2026-09-23
AEQUS,EQ,23-Sep-2026,242.87,243.5,245.8,236.17,243.94,3564314,8657.48,53590,2382477.0,66.84,2026-09-23
AEROENTER,EQ,23-Sep-2026,123.6,124.75,127.99,123.32,126.51,436225,550.44,7356,187589.0,43.0,2026-09-23
AEROFLEX,EQ,23-Sep-2026,516.7,516.7,539.4,514.25,520.8,939383,4957.59,28111,347317.0,36.97,2026-09-23
AERONEU,EQ,23-Sep-2026,66.06,66.55,67.5,66.02,67.2,27894,18.6,228,9490.0,34.02,2026-09-23
AEROPLANE,EQ,23-Sep-2026,204.8,204.0,211.39,203.25,205.74,661546,1372.15,9267,305878.0,46.24,2026-09-23
AESTHETIK,SM,23-Sep-2026,69.75,69.25,69.25,68.75,68.75,2000,1.38,2,2000.0,100.0,2026-09-23
AETHER,EQ,23-Sep-2026,1643.5,1643.5,1662.0,1633.1,1648.2,103556,1703.97,15862,53071.0,51.25,2026-09-23
AFCONS,EQ,23-Sep-2026,260.35,262.0,262.7,257.2,258.3,862881,2240.84,14031,437790.0,50.74,2026-09-23
AFFLE,EQ,23-Sep-2026,1592.3,1585.1,1595.0,1568.1,1584.3,121001,1915.45,13884,66512.0,54.97,2026-09-23
AFFORDABLE,EQ,23-Sep-2026,170.77,173.0,179.3,166.5,174.65,33674,58.91,728,20170.0,59.9,2026-09-23
AFIL,EQ,23-Sep-2026,8.32,8.32,8.55,8.12,8.22,752891,62.38,849,658172.0,87.42,2026-09-23
AFSL,EQ,23-Sep-2026,201.0,201.0,205.97,201.0,204.56,7352,14.85,173,6026.0,81.96,2026-09-23
AGARIND,EQ,23-Sep-2026,405.8,404.1,425.0,403.4,408.65,86387,355.7,3928,36998.0,42.83,2026-09-23
AGARWALEYE,EQ,23-Sep-2026,493.05,494.45,498.7,484.8,494.8,329131,1616.64,13880,133635.0,40.6,2026-09-23
AGARWALFT,SM,23-Sep-2026,27.3,27.3,28.65,25.95,28.65,12000,3.27,8,7500.0,62.5,2026-09-23
AGARWALTUF,SM,23-Sep-2026,162.5,158.05,158.05,158.0,158.05,3600,5.69,3,2400.0,66.67,2026-09-23
AGI,EQ,23-Sep-2026,845.7,847.0,850.4,825.0,837.2,188739,1581.66,12996,87220.0,46.21,2026-09-23
AGIIL,EQ,23-Sep-2026,269.3,279.15,279.15,267.65,268.8,7001540,19024.46,18873,2128340.0,30.4,2026-09-23
AGL,EQ,23-Sep-2026,13.94,14.05,14.39,13.84,14.22,1464781,206.52,3307,749529.0,51.17,2026-09-23
AGNI,SM,23-Sep-2026,16.0,15.35,15.35,15.35,15.35,2500,0.38,1,2500.0,100.0,2026-09-23
AGRITECH,EQ,23-Sep-2026,97.38,96.9,98.79,96.0,97.83,1258,1.23,72,651.0,51.75,2026-09-23
AGROPHOS,EQ,23-Sep-2026,23.97,23.99,24.3,23.65,24.25,18600,4.5,150,14100.0,75.81,2026-09-23
AGSTRA,BZ,23-Sep-2026,2.1,2.19,2.2,2.14,2.19,372843,8.2,347,,,2026-09-23
AHCL,EQ,23-Sep-2026,28.86,30.3,31.29,26.55,29.68,113090092,32836.35,333842,18630186.0,16.47,2026-09-23
AHLADA,EQ,23-Sep-2026,37.28,38.0,42.0,36.25,39.15,17116,6.78,202,12645.0,73.88,2026-09-23
AHLEAST,EQ,23-Sep-2026,135.13,137.85,138.98,135.35,136.36,1584,2.18,35,516.0,32.58,2026-09-23
AHLUCONT,EQ,23-Sep-2026,582.4,582.4,591.85,575.4,580.6,49246,286.13,4515,31427.0,63.82,2026-09-23
AHLWEST,BE,23-Sep-2026,545.0,522.25,551.0,522.2,530.0,1952,10.62,20,,,2026-09-23
AIAENG,EQ,23-Sep-2026,3923.4,3930.0,3976.4,3890.3,3970.0,31467,1241.88,10027,15195.0,48.29,2026-09-23
AIIL,EQ,23-Sep-2026,546.9,545.5,564.8,544.15,561.45,139672,776.79,8279,60890.0,43.59,2026-09-23
AILIMITED,SM,23-Sep-2026,15.6,15.6,15.6,15.6,15.6,6000,0.94,2,6000.0,100.0,2026-09-23
AIMTRON,SM,23-Sep-2026,1818.1,1840.0,1865.0,1770.0,1813.6,37600,682.84,153,24400.0,64.89,2026-09-23
AIRAN,EQ,23-Sep-2026,17.02,17.1,17.47,16.7,16.78,48993,8.26,440,38879.0,79.36,2026-09-23
AIROLAM,EQ,23-Sep-2026,87.69,87.4,91.66,86.97,90.79,3338,3.01,57,3022.0,90.53,2026-09-23
AISL,SM,23-Sep-2026,56.9,56.0,56.0,56.0,56.0,600,0.34,1,600.0,100.0,2026-09-23
AJANTPHARM,EQ,23-Sep-2026,3519.3,3519.6,3575.1,3518.7,3568.1,30430,1081.81,6497,15071.0,49.53,2026-09-23
AJAXENGG,EQ,23-Sep-2026,564.6,560.25,572.45,560.25,569.15,36816,208.93,6663,20189.0,54.84,2026-09-23
AJMERA,EQ,23-Sep-2026,119.87,118.99,122.99,118.65,120.63,235230,286.15,2773,107873.0,45.86,2026-09-23
AJOONI,EQ,23-Sep-2026,3.16,3.17,3.29,3.17,3.28,286000,9.27,409,233721.0,81.72,2026-09-23
AKANKSHA,SM,23-Sep-2026,143.95,143.95,151.1,143.95,151.1,65000,97.72,40,65000.0,100.0,2026-09-23
AKASH,EQ,23-Sep-2026,24.99,24.75,25.4,24.64,24.76,1427,0.35,23,1135.0,79.54,2026-09-23
AKCAPIT,EQ,23-Sep-2026,1766.8,1751.3,1760.0,1733.9,1753.9,1197,20.95,109,956.0,79.87,2026-09-23
AKG,EQ,23-Sep-2026,10.2,10.48,10.48,9.83,9.97,25308,2.53,169,15061.0,59.51,2026-09-23
AKI,BE,23-Sep-2026,6.42,6.65,6.74,6.15,6.74,175649,11.69,260,,,2026-09-23
AKIKO,SM,23-Sep-2026,430.0,430.0,445.0,422.0,438.0,19200,82.88,16,17600.0,91.67,2026-09-23
AKSHAR,EQ,23-Sep-2026,0.41,0.41,0.42,0.41,0.41,733762,3.04,192,478176.0,65.17,2026-09-23
AKSHARCHEM,BE,23-Sep-2026,395.9,395.9,400.0,382.1,389.95,5641,22.1,160,,,2026-09-23
AKSHOPTFBR,BE,23-Sep-2026,7.13,7.04,7.4,6.78,6.98,733792,50.88,846,,,2026-09-23
AKUMS,EQ,23-Sep-2026,807.9,810.0,838.8,810.0,823.3,434249,3595.19,27853,224946.0,51.8,2026-09-23
ALANKIT,EQ,23-Sep-2026,7.94,7.8,8.16,7.8,8.04,53018,4.25,367,38153.0,71.96,2026-09-23
ALBERTDAVD,EQ,23-Sep-2026,848.9,847.6,885.95,842.0,878.55,5385,46.46,373,3967.0,73.67,2026-09-23
ALEMBICLTD,EQ,23-Sep-2026,104.79,105.9,108.0,105.2,106.04,694993,739.56,6670,310008.0,44.61,2026-09-23
ALFREDHE,EQ,23-Sep-2026,2811.0,2830.0,2830.0,2796.9,2796.9,13,0.37,13,13.0,100.0,2026-09-23
ALGOQUANT,EQ,23-Sep-2026,72.24,72.27,74.8,71.0,72.1,1356453,980.46,6056,509168.0,37.54,2026-09-23
ALICON,EQ,23-Sep-2026,744.5,742.55,749.8,734.3,739.05,50192,372.05,2648,34501.0,68.74,2026-09-23
ALIVUS,EQ,23-Sep-2026,1374.2,1381.0,1422.1,1370.0,1383.1,96644,1343.48,14369,45686.0,47.27,2026-09-23
ALKALI,EQ,23-Sep-2026,103.2,103.8,103.9,98.12,101.63,169113,171.82,2060,70333.0,41.59,2026-09-23
ALKEM,EQ,23-Sep-2026,5331.5,5344.0,5445.0,5316.0,5417.5,140012,7555.83,17334,68356.0,48.82,2026-09-23
ALKYLAMINE,EQ,23-Sep-2026,1863.8,1872.6,1900.0,1864.5,1883.0,36583,690.77,5967,11665.0,31.89,2026-09-23
ALLCARGO,EQ,23-Sep-2026,10.93,10.93,11.45,10.93,11.38,7049122,795.43,9402,2611602.0,37.05,2026-09-23
ALLDIGI,EQ,23-Sep-2026,784.6,771.0,791.95,771.0,780.25,3923,30.59,442,2134.0,54.4,2026-09-23
ALLETEC,SM,23-Sep-2026,128.5,130.0,132.25,127.5,129.1,6000,7.79,15,5600.0,93.33,2026-09-23
ALLTIME,EQ,23-Sep-2026,203.73,204.9,206.92,203.71,205.36,34329,70.47,1419,19332.0,56.31,2026-09-23
ALMONDZ,EQ,23-Sep-2026,18.65,19.24,20.0,18.7,19.55,407792,79.08,951,296880.0,72.8,2026-09-23
ALOKINDS,EQ,23-Sep-2026,7.34,7.44,7.7,7.35,7.64,22445047,1689.34,13111,10409593.0,46.38,2026-09-23
ALPA,EQ,23-Sep-2026,61.36,61.5,62.35,59.55,60.39,64455,39.09,789,24908.0,38.64,2026-09-23
ALPEXSOLAR,SM,23-Sep-2026,864.3,864.6,864.6,815.65,846.0,61100,514.82,445,41400.0,67.76,2026-09-23
ALPHA,EQ,23-Sep-2026,53.16,54.48,54.48,53.05,53.42,1014532,540.44,1973,766187.0,75.52,2026-09-23
ALPHAETF,EQ,23-Sep-2026,26.13,26.42,26.52,26.22,26.5,140875,37.25,490,112315.0,79.73,2026-09-23
ALPHAGEO,BE,23-Sep-2026,296.1,296.1,299.95,292.0,292.5,5589,16.42,160,,,2026-09-23
ALPINETEX,EQ,23-Sep-2026,52.36,52.36,53.69,51.45,52.44,229195,119.68,2194,129337.0,56.43,2026-09-23
ALPL30IETF,EQ,23-Sep-2026,27.03,27.57,27.57,27.01,27.23,1058368,287.19,767,668447.0,63.16,2026-09-23
ALUFLUOR,EQ,23-Sep-2026,543.35,538.0,581.75,537.9,577.55,27329,155.06,1345,17337.0,63.44,2026-09-23
ALUWIND,SM,23-Sep-2026,50.95,52.45,53.0,48.6,52.4,180000,94.08,67,160500.0,89.17,2026-09-23
AMAGI,EQ,23-Sep-2026,581.1,583.0,591.0,569.75,578.7,388203,2266.38,15942,167928.0,43.26,2026-09-23
AMAL,EQ,23-Sep-2026,711.9,712.45,719.65,701.05,704.3,6891,48.92,510,5442.0,78.97,2026-09-23
AMANTA,BE,23-Sep-2026,185.5,182.0,189.21,182.0,189.21,39042,72.6,141,,,2026-09-23
AMARJOTHI,EQ,23-Sep-2026,148.91,149.0,149.74,147.5,148.12,1820,2.7,27,1719.0,94.45,2026-09-23
AMBAAUTO,SM,23-Sep-2026,91.55,95.9,96.1,93.5,95.9,19000,18.14,13,12000.0,63.16,2026-09-23
AMBALALSA,BE,23-Sep-2026,38.65,39.24,40.58,38.8,40.47,55998,22.37,193,,,2026-09-23
AMBANIORGO,SM,23-Sep-2026,112.0,112.0,117.0,112.0,112.25,86000,96.51,5,85000.0,98.84,2026-09-23
AMBER,EQ,23-Sep-2026,7000.0,7020.0,7107.0,7020.0,7064.5,63504,4485.43,10950,21765.0,34.27,2026-09-23
AMBICAAGAR,EQ,23-Sep-2026,24.83,24.84,25.95,24.6,25.45,14272,3.62,185,11616.0,81.39,2026-09-23
AMBIKCO,EQ,23-Sep-2026,1577.7,1571.8,1593.5,1567.2,1582.7,4291,67.75,684,2268.0,52.85,2026-09-23
AMBUJACEM,EQ,23-Sep-2026,386.9,387.3,392.85,387.3,392.75,697717,2728.75,12743,290352.0,41.61,2026-09-23
AMCL,SM,23-Sep-2026,358.9,358.25,365.0,354.5,355.75,21200,76.0,48,14000.0,66.04,2026-09-23
AMDIND,BE,23-Sep-2026,59.84,59.0,59.0,57.12,57.58,57497,33.2,351,,,2026-09-23
AMEYA,SM,23-Sep-2026,157.1,164.95,164.95,159.75,161.9,45000,73.97,38,41000.0,91.11,2026-09-23
AMJLAND,EQ,23-Sep-2026,37.75,39.75,39.75,37.65,37.97,16007,6.18,188,13323.0,83.23,2026-09-23
AMNPLST,EQ,23-Sep-2026,169.65,168.81,175.7,167.0,169.0,2132,3.6,119,1547.0,72.56,2026-09-23
AMRUTANJAN,EQ,23-Sep-2026,500.05,500.05,513.35,498.0,510.05,34784,175.97,2032,20135.0,57.89,2026-09-23
ANANDRATHI,EQ,23-Sep-2026,2179.0,2179.0,2190.0,2160.0,2169.2,336940,7307.03,35266,197574.0,58.64,2026-09-23
ANANTAM,IV,23-Sep-2026,105.92,105.66,106.29,105.3,105.49,1528476,1612.55,722,1526060.0,99.84,2026-09-23
ANANTRAJ,EQ,23-Sep-2026,610.1,609.9,633.85,607.75,631.8,3329387,20829.91,71987,1170852.0,35.17,2026-09-23
ANAWIL,SM,23-Sep-2026,445.6,449.25,449.75,431.3,440.3,104000,457.17,247,82400.0,79.23,2026-09-23
ANDHRAPAP,EQ,23-Sep-2026,71.43,72.92,73.3,71.0,71.19,286782,205.59,3661,104578.0,36.47,2026-09-23
ANDHRSUGAR,EQ,23-Sep-2026,95.35,95.73,97.3,94.92,95.2,213868,205.0,6420,84231.0,39.38,2026-09-23
ANDREWYU,EQ,23-Sep-2026,26.49,26.75,28.99,26.13,28.09,506185,142.62,3812,238072.0,47.03,2026-09-23
ANGELONE,EQ,23-Sep-2026,295.1,295.25,301.1,295.25,300.0,2026293,6048.94,20676,844882.0,41.7,2026-09-23
ANIKINDS,EQ,23-Sep-2026,42.99,43.41,46.0,42.6,44.98,8864,3.95,58,8688.0,98.01,2026-09-23
ANKITMETAL,BZ,23-Sep-2026,1.79,1.82,1.82,1.82,1.82,12663,0.23,18,,,2026-09-23
ANLON,SM,23-Sep-2026,818.0,858.1,858.1,768.05,769.95,18400,148.4,45,14400.0,78.26,2026-09-23
ANMOL,BE,23-Sep-2026,14.03,14.03,14.3,13.33,13.85,87630,12.01,425,,,2026-09-23
ANNAPURNA,EQ,23-Sep-2026,131.71,132.9,135.15,130.2,130.68,38808,51.21,811,27779.0,71.58,2026-09-23
ANNU,EQ,23-Sep-2026,54.17,54.4,56.49,52.2,53.04,1682230,906.45,13355,606463.0,36.05,2026-09-23
ANONDITA,SM,23-Sep-2026,1084.6,1100.0,1110.0,1080.0,1094.6,65600,720.22,248,40600.0,61.89,2026-09-23
ANSALAPI,BZ,23-Sep-2026,3.73,3.8,3.8,3.7,3.79,73176,2.78,57,,,2026-09-23
ANSALBU,EQ,23-Sep-2026,90.12,97.75,107.5,95.6,100.14,179538,184.94,2600,52428.0,29.2,2026-09-23
ANTELOPUS,EQ,23-Sep-2026,1110.4,1115.0,1189.2,1110.4,1161.2,1138872,13245.1,54937,244862.0,21.5,2026-09-23
ANTGRAPHIC,EQ,23-Sep-2026,0.71,0.72,0.73,0.71,0.73,254770,1.84,139,247748.0,97.24,2026-09-23
ANTHEM,EQ,23-Sep-2026,891.7,891.7,902.0,879.0,881.9,452800,4014.8,23695,210169.0,46.42,2026-09-23
ANUHPHR,EQ,23-Sep-2026,93.48,94.26,96.38,93.02,93.39,134416,126.51,2321,65462.0,48.7,2026-09-23
ANUP,EQ,23-Sep-2026,1663.0,1673.0,1728.0,1664.4,1698.4,56184,954.05,7109,26953.0,47.97,2026-09-23
ANURAS,EQ,23-Sep-2026,1197.9,1200.1,1214.8,1188.1,1193.4,313061,3760.41,29655,163246.0,52.15,2026-09-23
ANYA,SM,23-Sep-2026,17.0,16.9,17.6,16.9,17.6,30000,5.15,6,30000.0,100.0,2026-09-23
ANZEN,IV,23-Sep-2026,129.0,129.0,130.6,129.0,130.0,750000,972.28,16,575000.0,76.67,2026-09-23
AONEGOLD,EQ,23-Sep-2026,14.11,14.25,14.27,14.06,14.09,234977,33.2,1518,121108.0,51.54,2026-09-23
AONELIQUID,EQ,23-Sep-2026,1077.87,1078.0,1078.02,1078.0,1078.01,26834,289.27,126,17427.0,64.94,2026-09-23
AONENIFTY,EQ,23-Sep-2026,9.67,9.71,9.73,9.63,9.69,86750,8.4,971,61286.0,70.65,2026-09-23
AONESILVER,EQ,23-Sep-2026,8.8,8.93,8.98,8.78,8.8,396315,35.21,928,216569.0,54.65,2026-09-23
AONETMMQ50,EQ,23-Sep-2026,10.16,10.3,10.3,10.13,10.21,194288,19.81,223,174149.0,89.63,2026-09-23
AONETOTAL,EQ,23-Sep-2026,11.68,11.73,11.76,11.63,11.72,124629,14.61,810,76024.0,61.0,2026-09-23
APARINDS,EQ,23-Sep-2026,18233.0,18300.0,18740.0,17799.0,17876.0,129819,23538.97,42882,47615.0,36.68,2026-09-23
APCL,EQ,23-Sep-2026,94.8,98.0,99.0,94.0,95.93,2451,2.37,136,1562.0,63.73,2026-09-23
APCOTEXIND,EQ,23-Sep-2026,609.45,612.0,614.0,593.5,609.8,78328,475.8,4017,39756.0,50.76,2026-09-23
APEX,EQ,23-Sep-2026,356.9,356.9,364.1,355.55,362.5,77992,282.05,3925,31888.0,40.89,2026-09-23
APEXECO,ST,23-Sep-2026,268.0,261.0,277.8,257.2,268.8,13600,36.79,17,11200.0,82.35,2026-09-23
APLAPOLLO,EQ,23-Sep-2026,2195.0,2199.0,2204.0,2178.0,2195.0,357496,7829.02,23344,180978.0,50.62,2026-09-23
APLLTD,EQ,23-Sep-2026,840.15,837.0,860.0,837.0,844.4,146755,1245.88,13052,76993.0,52.46,2026-09-23
APOLLO,EQ,23-Sep-2026,406.75,410.0,412.4,402.25,404.6,4669049,19015.34,56185,1597405.0,34.21,2026-09-23
APOLLOHOSP,EQ,23-Sep-2026,8835.5,8875.0,9070.5,8865.0,9069.0,419571,37688.03,43935,265276.0,63.23,2026-09-23
APOLLOPIPE,EQ,23-Sep-2026,526.1,526.2,532.45,517.6,522.45,69429,364.85,2987,23835.0,34.33,2026-09-23
APOLLOTYRE,EQ,23-Sep-2026,402.55,403.1,406.8,401.35,405.7,751954,3035.3,30753,401515.0,53.4,2026-09-23
APOLSINHOT,EQ,23-Sep-2026,1223.3,1223.0,1230.9,1212.0,1214.0,269,3.27,48,217.0,80.67,2026-09-23
APOORVA,EQ,23-Sep-2026,33.89,35.58,35.58,32.25,34.32,1539,0.51,33,1160.0,75.37,2026-09-23
APRAMEYA,SM,23-Sep-2026,104.95,107.0,110.0,99.95,101.85,19500,20.64,32,16500.0,84.62,2026-09-23
APS,SM,23-Sep-2026,235.85,235.85,243.0,232.1,235.7,11250,26.86,39,9250.0,82.22,2026-09-23
APSISAERO,ST,23-Sep-2026,577.3,588.0,588.0,588.0,588.0,1200,7.06,1,1200.0,100.0,2026-09-23
APTECHT,EQ,23-Sep-2026,91.78,92.48,94.0,91.4,92.06,72405,66.96,1001,41904.0,57.87,2026-09-23
APTUS,EQ,23-Sep-2026,242.08,243.89,253.23,241.01,251.33,3164338,7918.46,45880,1717881.0,54.29,2026-09-23
AQYLON,EQ,23-Sep-2026,19.8,20.39,20.74,18.81,18.81,654709,127.08,2163,386768.0,59.07,2026-09-23
ARABIAN,SM,23-Sep-2026,88.0,88.5,88.5,88.5,88.5,2000,1.77,1,2000.0,100.0,2026-09-23
ARCHIDPLY,EQ,23-Sep-2026,107.68,109.02,110.97,107.65,109.77,13856,15.13,381,9544.0,68.88,2026-09-23
ARCHIES,EQ,23-Sep-2026,12.75,12.96,13.19,12.78,12.93,22162,2.87,94,18401.0,83.03,2026-09-23
ARCIIL,SM,23-Sep-2026,33.9,33.5,34.8,33.5,34.65,8000,2.73,7,8000.0,100.0,2026-09-23
ARCIL,EQ,23-Sep-2026,138.91,139.95,152.8,138.74,149.76,14251234,20958.89,137875,5780105.0,40.56,2026-09-23
ARCL,EQ,23-Sep-2026,262.06,274.95,274.95,251.0,255.79,3088,8.2,62,2631.0,85.2,2026-09-23
ARDEE,EQ,23-Sep-2026,52.08,52.5,53.19,51.6,52.25,3110150,1634.64,19664,1125850.0,36.2,2026-09-23
ARE&M,EQ,23-Sep-2026,793.2,794.0,815.0,794.0,812.85,600363,4848.55,24125,364349.0,60.69,2026-09-23
ARENTERP,EQ,23-Sep-2026,34.77,34.77,35.75,34.0,34.98,1317,0.45,56,989.0,75.09,2026-09-23
ARFIN,EQ,23-Sep-2026,89.28,89.3,92.0,89.0,91.42,1313201,1188.27,5961,320122.0,24.38,2026-09-23
ARHAM,SM,23-Sep-2026,212.0,212.0,215.0,208.15,214.35,28000,59.62,24,17000.0,60.71,2026-09-23
ARIES,BE,23-Sep-2026,469.95,469.95,473.0,456.15,466.95,10055,46.91,155,,,2026-09-23
ARIHANT,EQ,23-Sep-2026,923.9,929.05,929.05,890.0,900.8,1682,15.21,205,985.0,58.56,2026-09-23
ARIHANTACA,SM,23-Sep-2026,494.0,490.0,500.0,490.0,500.0,9600,47.96,7,9600.0,100.0,2026-09-23
ARIHANTCAP,EQ,23-Sep-2026,90.99,93.0,98.8,93.0,94.06,10557223,10153.99,74884,1360744.0,12.89,2026-09-23
ARIHANTSUP,EQ,23-Sep-2026,234.9,236.95,245.95,233.05,239.95,9298,22.29,232,5472.0,58.85,2026-09-23
ARIS,EQ,23-Sep-2026,140.1,141.0,147.39,139.48,143.72,2711866,3911.8,23184,732870.0,27.02,2026-09-23
ARISTO,SM,23-Sep-2026,112.0,105.85,105.85,105.85,105.85,1600,1.69,1,1600.0,100.0,2026-09-23
ARKADE,EQ,23-Sep-2026,128.4,128.99,131.0,127.0,127.73,151561,195.04,2389,71583.0,47.23,2026-09-23
ARMANFIN,EQ,23-Sep-2026,1974.9,1950.1,2004.9,1946.2,1968.9,12730,250.89,2144,5573.0,43.78,2026-09-23
ARMOUR,ST,23-Sep-2026,17.4,18.25,18.25,18.25,18.25,4000,0.73,2,4000.0,100.0,2026-09-23
AROGRANITE,EQ,23-Sep-2026,23.09,23.88,24.7,22.11,24.23,9021,2.12,180,6829.0,75.7,2026-09-23
ARROWGREEN,EQ,23-Sep-2026,913.05,940.05,948.9,888.6,900.0,89479,824.31,7499,47726.0,53.34,2026-09-23
ARSHIYA,BZ,23-Sep-2026,0.7,0.71,0.72,0.7,0.71,73079,0.52,61,,,2026-09-23
ARSSBL,EQ,23-Sep-2026,496.25,502.0,521.8,497.7,510.8,413000,2110.85,9757,254896.0,61.72,2026-09-23
ARTEMISMED,EQ,23-Sep-2026,340.85,342.8,343.8,338.5,341.9,155838,531.2,6500,85445.0,54.83,2026-09-23
ARTNIRMAN,EQ,23-Sep-2026,40.49,41.4,41.4,39.05,40.01,1071,0.42,16,950.0,88.7,2026-09-23
ARUNAYA,SM,23-Sep-2026,14.4,14.4,14.4,14.15,14.15,4000,0.57,2,4000.0,100.0,2026-09-23
ARVEE,EQ,23-Sep-2026,236.07,232.5,255.0,231.2,242.18,52699,128.58,1286,20425.0,38.76,2026-09-23
ARVIND,EQ,23-Sep-2026,533.55,533.55,550.5,533.0,548.25,639484,3486.79,30555,341296.0,53.37,2026-09-23
ARVINDFASN,EQ,23-Sep-2026,419.4,420.95,427.7,417.0,425.45,364577,1536.43,14027,179851.0,49.33,2026-09-23
ARVINDPORT,SM,23-Sep-2026,39.0,37.35,37.35,36.05,36.05,9000,3.33,6,9000.0,100.0,2026-09-23
ARVSMART,EQ,23-Sep-2026,588.2,625.0,668.8,606.05,634.05,6650986,43072.82,142730,445662.0,6.7,2026-09-23
ARYAMAN,EQ,23-Sep-2026,633.95,633.75,633.75,611.05,611.05,4,0.02,2,4.0,100.0,2026-09-23
ASAHIINDIA,EQ,23-Sep-2026,965.15,962.0,985.15,957.25,971.3,262585,2542.85,9522,147680.0,56.24,2026-09-23
ASAHISONG,BE,23-Sep-2026,371.2,371.95,385.0,365.15,382.9,13292,50.38,251,,,2026-09-23
ASAL,EQ,23-Sep-2026,449.15,449.15,456.55,446.1,452.0,13874,62.56,852,5626.0,40.55,2026-09-23
ASALCBR,EQ,23-Sep-2026,651.8,651.8,662.85,650.0,657.9,26870,176.58,2457,15544.0,57.85,2026-09-23
ASHALOG,SM,23-Sep-2026,60.05,58.05,60.0,58.0,60.0,6000,3.54,6,3000.0,50.0,2026-09-23
ASHAPURMIN,EQ,23-Sep-2026,537.35,538.0,545.0,531.1,532.85,199250,1070.78,7916,86531.0,43.43,2026-09-23
ASHIANA,EQ,23-Sep-2026,385.0,392.7,393.95,383.1,391.05,67327,261.61,2225,18237.0,27.09,2026-09-23
ASHIKAG,BE,23-Sep-2026,397.05,397.05,409.95,395.1,403.85,11362,45.51,86,,,2026-09-23
ASHIMASYN,EQ,23-Sep-2026,15.68,16.0,16.32,15.55,15.81,89060,14.15,341,58510.0,65.7,2026-09-23
ASHOKA,EQ,23-Sep-2026,111.96,111.5,113.09,111.3,112.8,424088,477.07,4522,213787.0,50.41,2026-09-23
ASHOKAMET,EQ,23-Sep-2026,14.3,14.3,16.5,14.3,15.54,325089,51.61,1103,133633.0,41.11,2026-09-23
ASHOKLEY,EQ,23-Sep-2026,160.75,160.99,163.13,160.85,162.89,4011012,6514.42,34940,1902188.0,47.42,2026-09-23
ASHUTOSH,SM,23-Sep-2026,150.1,153.35,168.35,152.75,161.45,376800,607.97,283,201600.0,53.5,2026-09-23
ASHWINI,SM,23-Sep-2026,160.0,158.0,160.95,158.0,160.95,8000,12.81,6,7000.0,87.5,2026-09-23
ASIANENE,EQ,23-Sep-2026,489.6,493.6,513.0,488.0,489.7,308700,1544.35,11158,123724.0,40.08,2026-09-23
ASIANHOTNR,EQ,23-Sep-2026,385.1,381.9,394.7,378.05,390.45,28435,110.73,575,23660.0,83.21,2026-09-23
ASIANPAINT,EQ,23-Sep-2026,2448.5,2469.0,2471.9,2448.2,2455.0,398823,9805.67,33351,238086.0,59.7,2026-09-23
ASIANTILES,EQ,23-Sep-2026,50.09,50.15,52.22,49.61,51.16,2932333,1490.88,8341,1075802.0,36.69,2026-09-23
ASIANTNE,EQ,23-Sep-2026,9.38,10.08,10.08,9.21,9.24,10680,1.0,61,8025.0,75.14,2026-09-23
ASKAUTOLTD,EQ,23-Sep-2026,663.4,663.5,678.75,648.0,651.25,327609,2166.7,17444,116185.0,35.46,2026-09-23
ASMS,EQ,23-Sep-2026,6.61,6.68,6.68,6.42,6.47,388816,25.33,961,343434.0,88.33,2026-09-23
ASPINWALL,EQ,23-Sep-2026,252.35,253.3,262.0,248.75,255.55,2515,6.47,76,2202.0,87.55,2026-09-23
ASPIRE,SM,23-Sep-2026,13.25,13.5,13.9,13.25,13.3,22000,3.02,11,14000.0,63.64,2026-09-23
ASSAMENT,EQ,23-Sep-2026,788.0,780.0,780.0,780.0,780.0,2,0.02,2,2.0,100.0,2026-09-23
ASTAR,EQ,23-Sep-2026,702.45,702.45,733.95,692.1,708.95,987,7.03,163,498.0,50.46,2026-09-23
ASTEC,EQ,23-Sep-2026,794.5,772.5,788.4,750.1,757.45,335710,2586.65,17438,110578.0,32.94,2026-09-23
ASTERDM,EQ,23-Sep-2026,750.7,734.35,762.0,734.35,760.05,882021,6641.18,55326,533873.0,60.53,2026-09-23
ASTRAL,EQ,23-Sep-2026,1381.6,1388.9,1404.0,1383.0,1394.8,271088,3788.73,19598,159677.0,58.9,2026-09-23
ASTRAMICRO,EQ,23-Sep-2026,1616.3,1612.1,1638.2,1591.8,1602.1,206138,3319.13,25015,111916.0,54.29,2026-09-23
ASTRAZEN,EQ,23-Sep-2026,6711.5,6708.0,6745.0,6656.0,6706.0,3764,252.11,1105,2051.0,54.49,2026-09-23
ASTRON,BZ,23-Sep-2026,2.84,2.85,2.98,2.85,2.97,18215,0.54,59,,,2026-09-23
ATALREAL,EQ,23-Sep-2026,13.07,13.3,14.37,13.01,14.36,8867970,1234.27,4160,2747977.0,30.99,2026-09-23
ATAM,EQ,23-Sep-2026,58.27,58.27,59.4,58.27,59.24,8442,4.99,215,6244.0,73.96,2026-09-23
ATCENERGY,ST,23-Sep-2026,21.75,21.4,21.8,20.7,21.8,8400,1.79,7,7200.0,85.71,2026-09-23
ATGL,EQ,23-Sep-2026,626.25,630.0,633.25,623.05,625.25,944768,5919.28,27043,206791.0,21.89,2026-09-23
ATHERENERG,EQ,23-Sep-2026,1543.8,1544.0,1545.0,1483.7,1499.4,6687076,100199.7,198980,2384073.0,35.65,2026-09-23
ATL,EQ,23-Sep-2026,24.35,25.0,26.3,24.86,25.93,796192,204.14,5172,405196.0,50.89,2026-09-23
ATLANTAA,EQ,23-Sep-2026,35.64,35.8,36.48,35.02,35.83,23261,8.25,447,14650.0,62.98,2026-09-23
ATLANTAELE,EQ,23-Sep-2026,1664.9,1680.0,1707.0,1640.0,1656.3,78945,1313.25,10588,41140.0,52.11,2026-09-23
ATLASCYCLE,EQ,23-Sep-2026,93.55,97.15,108.0,97.15,100.46,239595,246.65,5011,58129.0,24.26,2026-09-23
ATLPP,E1,23-Sep-2026,8.86,9.01,9.49,9.01,9.1,4277,0.39,25,3722.0,87.02,2026-09-23
ATMASTCO,SM,23-Sep-2026,127.5,126.1,126.5,121.15,121.6,67200,82.34,118,55600.0,82.74,2026-09-23
ATUL,EQ,23-Sep-2026,6176.5,6199.0,6199.0,6095.0,6118.0,13834,847.29,4178,7028.0,50.8,2026-09-23
ATULAUTO,EQ,23-Sep-2026,446.6,445.7,461.8,445.5,457.75,96934,441.87,4010,48229.0,49.75,2026-09-23
AUBANK,EQ,23-Sep-2026,1036.4,1034.0,1055.8,1032.6,1053.0,1565213,16435.66,51068,915558.0,58.49,2026-09-23
AUGMONT,EQ,23-Sep-2026,853.35,853.0,893.7,846.65,886.3,631751,5528.63,27926,228118.0,36.11,2026-09-23
AURIONPRO,EQ,23-Sep-2026,681.9,685.05,709.9,685.05,689.4,126195,880.83,7087,67840.0,53.76,2026-09-23
AUROIMPEX,SM,23-Sep-2026,37.15,39.0,39.0,39.0,39.0,6400,2.5,4,6400.0,100.0,2026-09-23
AUROPHARMA,EQ,23-Sep-2026,1700.0,1700.0,1724.7,1692.6,1721.5,951081,16252.34,50665,581530.0,61.14,2026-09-23
AURUM,EQ,23-Sep-2026,222.04,223.8,225.0,220.0,223.19,73019,162.4,2380,35870.0,49.12,2026-09-23
AURUS,EQ,23-Sep-2026,4.89,4.91,5.0,4.5,4.67,124303,5.82,276,111275.0,89.52,2026-09-23
AUSOMENT,EQ,23-Sep-2026,147.23,147.23,150.0,145.01,147.63,3667,5.38,147,3247.0,88.55,2026-09-23
AUSTENG,EQ,23-Sep-2026,162.85,174.8,178.0,163.15,164.19,234205,402.96,3987,70721.0,30.2,2026-09-23
AUTOAXLES,EQ,23-Sep-2026,1664.4,1670.0,1687.9,1664.6,1682.0,2485,41.74,343,1870.0,75.25,2026-09-23
AUTOBEES,EQ,23-Sep-2026,280.12,280.69,281.26,279.3,280.54,88750,248.84,1542,47365.0,53.37,2026-09-23
AUTOIETF,EQ,23-Sep-2026,28.19,28.89,28.89,28.02,28.2,284070,80.04,1498,191391.0,67.37,2026-09-23
AUTOIND,EQ,23-Sep-2026,84.82,84.84,88.8,84.35,87.79,296038,257.23,3587,142914.0,48.28,2026-09-23
AVADHSUGAR,EQ,23-Sep-2026,732.8,732.0,751.0,725.1,730.8,87245,644.76,4710,30238.0,34.66,2026-09-23
AVALON,EQ,23-Sep-2026,2468.5,2477.1,2488.8,2426.5,2445.6,165657,4065.77,16878,65430.0,39.5,2026-09-23
AVANA,ST,23-Sep-2026,140.0,140.0,140.0,135.05,138.0,12000,16.53,6,12000.0,100.0,2026-09-23
AVANCE,EQ,23-Sep-2026,0.86,0.87,0.88,0.82,0.83,7204800,60.62,1607,4754169.0,65.99,2026-09-23
AVANTEL,EQ,23-Sep-2026,146.71,146.89,149.08,143.94,146.17,729108,1067.96,9067,318640.0,43.7,2026-09-23
AVANTIFEED,EQ,23-Sep-2026,753.15,756.9,768.75,753.4,767.2,214188,1636.93,14115,88566.0,41.35,2026-09-23
AVG,BE,23-Sep-2026,169.55,172.9,172.9,165.0,167.05,6830,11.33,110,,,2026-09-23
AVIANSH,SM,23-Sep-2026,100.5,102.0,102.0,100.0,100.0,3000,3.02,3,3000.0,100.0,2026-09-23
AVIENCE,SM,23-Sep-2026,345.85,369.5,379.5,351.6,354.45,102600,375.74,169,76200.0,74.27,2026-09-23
AVL,EQ,23-Sep-2026,627.1,626.3,629.4,620.6,624.4,52482,327.97,3439,18893.0,36.0,2026-09-23
AVONMORE,EQ,23-Sep-2026,12.87,12.87,13.88,12.81,13.48,375571,50.6,870,290884.0,77.45,2026-09-23
AVPINFRA,SM,23-Sep-2026,55.6,55.3,59.15,55.3,57.4,116800,66.79,92,68800.0,58.9,2026-09-23
AVROIND,EQ,23-Sep-2026,7.24,7.29,7.39,7.02,7.13,205089,14.67,824,154721.0,75.44,2026-09-23
AVTNPL,EQ,23-Sep-2026,98.26,100.0,102.0,95.8,96.88,1064371,1051.43,14084,416014.0,39.09,2026-09-23
AWFIS,EQ,23-Sep-2026,266.55,268.0,271.95,264.3,269.05,505043,1352.49,11670,191522.0,37.92,2026-09-23
AWHCL,EQ,23-Sep-2026,364.3,365.05,404.0,364.3,387.95,1277403,5011.5,37362,180830.0,14.16,2026-09-23
AWL,EQ,23-Sep-2026,183.1,183.45,186.9,183.23,186.18,1339573,2487.2,19822,602828.0,45.0,2026-09-23
AXISBANK,EQ,23-Sep-2026,1242.7,1242.2,1252.0,1238.9,1243.2,2287837,28507.27,64055,1255454.0,54.88,2026-09-23
AXISCADES,EQ,23-Sep-2026,1891.1,1905.0,1985.0,1900.0,1940.2,291136,5672.53,26300,143186.0,49.18,2026-09-23
AXITA,EQ,23-Sep-2026,7.99,8.01,8.06,7.99,8.0,264291,21.16,405,161746.0,61.2,2026-09-23
AXTEL,EQ,23-Sep-2026,439.15,434.2,457.7,434.0,450.35,23425,104.46,443,21300.0,90.93,2026-09-23
AYE,EQ,23-Sep-2026,183.43,184.7,188.9,179.29,180.66,674407,1240.47,11557,268557.0,39.82,2026-09-23
AYMSYNTEX,EQ,23-Sep-2026,295.4,290.0,308.0,288.05,292.8,65117,195.27,2215,31607.0,48.54,2026-09-23
AZAD,EQ,23-Sep-2026,2776.2,2776.2,2804.1,2700.1,2713.2,225494,6173.43,22087,110795.0,49.13,2026-09-23
AZADIND,EQ,23-Sep-2026,78.44,80.98,81.0,79.29,80.93,29970,23.99,361,3573.0,11.92,2026-09-23
BABAFP,SM,23-Sep-2026,21.65,21.05,23.7,21.0,23.7,11200,2.54,7,11200.0,100.0,2026-09-23
BAFNAPH,BE,23-Sep-2026,329.95,336.5,336.5,336.5,336.5,579,1.95,10,,,2026-09-23
BAGDIGITAL,SM,23-Sep-2026,105.8,101.8,105.0,101.75,105.0,17600,18.19,11,8000.0,45.45,2026-09-23
BAGFILMS,EQ,23-Sep-2026,4.31,4.43,4.43,4.25,4.34,102573,4.43,272,84761.0,82.63,2026-09-23
BAGMANE,RR,23-Sep-2026,110.39,110.94,110.94,110.05,110.29,525465,580.06,6794,464495.0,88.4,2026-09-23
BAHETI,SM,23-Sep-2026,765.0,765.0,775.0,760.0,761.25,18375,140.74,39,9375.0,51.02,2026-09-23
BAIDFIN,EQ,23-Sep-2026,10.55,10.44,10.83,10.41,10.55,45319,4.78,239,37968.0,83.78,2026-09-23
BAJAJ-AUTO,EQ,23-Sep-2026,11363.0,11363.0,11425.0,11293.0,11400.0,158704,18026.09,16705,108345.0,68.27,2026-09-23
BAJAJCON,EQ,23-Sep-2026,513.75,514.0,516.0,502.6,505.85,599193,3036.35,25871,317499.0,52.99,2026-09-23
BAJAJELEC,EQ,23-Sep-2026,323.45,323.05,331.5,323.0,329.4,91278,299.41,3097,45494.0,49.84,2026-09-23
BAJAJFINSV,EQ,23-Sep-2026,1823.4,1825.0,1864.8,1825.0,1846.5,746622,13815.91,37659,318515.0,42.66,2026-09-23
BAJAJHCARE,EQ,23-Sep-2026,336.1,337.0,357.0,337.0,352.7,438116,1537.33,14032,171417.0,39.13,2026-09-23
BAJAJHFL,EQ,23-Sep-2026,83.12,83.12,84.28,83.12,83.52,2176881,1821.42,16622,1087541.0,49.96,2026-09-23
BAJAJHIND,EQ,23-Sep-2026,20.29,20.21,20.92,20.0,20.52,12484841,2571.13,17704,2865514.0,22.95,2026-09-23
BAJAJHLDNG,EQ,23-Sep-2026,11185.0,11267.0,11449.0,11195.0,11449.0,23489,2664.34,7563,11416.0,48.6,2026-09-23
BAJAJINDEF,EQ,23-Sep-2026,219.02,223.0,228.0,217.12,221.9,34631,77.61,741,19812.0,57.21,2026-09-23
BAJAJST,EQ,23-Sep-2026,348.05,354.6,354.6,347.1,349.8,3742,13.1,290,2438.0,65.15,2026-09-23
BAJEL,EQ,23-Sep-2026,172.47,172.5,174.98,171.0,174.06,68789,119.16,2125,33591.0,48.83,2026-09-23
BAJFINANCE,EQ,23-Sep-2026,1008.8,1034.7,1043.2,1022.0,1043.2,8618523,89102.4,189164,4586465.0,53.22,2026-09-23
BALAJEE,EQ,23-Sep-2026,25.19,25.01,25.9,24.9,25.68,26960,6.88,252,17953.0,66.59,2026-09-23
BALAJIPHOS,SM,23-Sep-2026,112.05,112.6,112.6,112.6,112.6,1000,1.13,1,1000.0,100.0,2026-09-23
BALAJITELE,EQ,23-Sep-2026,93.71,94.45,96.72,93.65,94.18,74370,70.44,1697,28898.0,38.86,2026-09-23
BALAMINES,EQ,23-Sep-2026,2138.9,2154.8,2280.2,2145.0,2271.2,252681,5647.37,25533,73292.0,29.01,2026-09-23
BALAXI,EQ,23-Sep-2026,23.12,23.12,23.58,22.42,22.94,81169,18.57,494,66091.0,81.42,2026-09-23
BALCO,SM,23-Sep-2026,20.9,19.9,19.9,19.9,19.9,2400,0.48,2,2400.0,100.0,2026-09-23
BALKRISHNA,EQ,23-Sep-2026,16.41,16.41,16.55,16.01,16.15,4520,0.73,64,2915.0,64.49,2026-09-23
BALKRISIND,EQ,23-Sep-2026,2216.9,2205.0,2225.9,2190.0,2199.6,93043,2054.19,12519,50855.0,54.66,2026-09-23
BALMLAWRIE,EQ,23-Sep-2026,167.43,167.2,168.0,166.61,167.43,46338,77.53,976,30097.0,64.95,2026-09-23
BALPHARMA,EQ,23-Sep-2026,108.16,108.52,111.58,107.1,108.28,36829,40.21,815,16865.0,45.79,2026-09-23
BALRAMCHIN,EQ,23-Sep-2026,661.05,661.05,682.9,658.85,676.4,1023714,6932.39,27064,214675.0,20.97,2026-09-23
BALUFORGE,EQ,23-Sep-2026,505.25,509.6,512.4,502.0,506.25,631352,3202.66,11112,151476.0,23.99,2026-09-23
BANARBEADS,EQ,23-Sep-2026,111.28,113.5,118.0,112.8,113.28,1110,1.26,40,1074.0,96.76,2026-09-23
BANARISUG,EQ,23-Sep-2026,3322.8,3333.0,3400.0,3331.6,3342.8,263,8.87,119,119.0,45.25,2026-09-23
BANCOINDIA,EQ,23-Sep-2026,605.65,612.0,618.2,607.3,611.75,59280,363.52,5700,29842.0,50.34,2026-09-23
BANDHANBNK,EQ,23-Sep-2026,184.7,185.95,193.0,185.7,191.38,41844761,79651.25,140391,15219177.0,36.37,2026-09-23
BANG,EQ,23-Sep-2026,32.46,32.6,32.8,31.57,31.78,37947,12.11,376,22123.0,58.3,2026-09-23
BANK10ADD,EQ,23-Sep-2026,16.56,16.63,16.72,16.57,16.59,18817,3.13,89,5769.0,30.66,2026-09-23
BANK10BETF,EQ,23-Sep-2026,20.5,20.52,20.55,20.45,20.46,12037,2.47,25,1191.0,9.89,2026-09-23
BANKA,EQ,23-Sep-2026,76.14,76.5,76.5,76.2,76.5,695,0.53,9,635.0,91.37,2026-09-23
BANKADD,EQ,23-Sep-2026,57.68,57.82,58.08,57.78,58.01,85517,49.63,63,84493.0,98.8,2026-09-23
BANKBARODA,EQ,23-Sep-2026,234.35,233.2,237.7,233.2,236.87,5657358,13365.01,41680,3221066.0,56.94,2026-09-23
BANKBEES,EQ,23-Sep-2026,583.52,583.52,586.7,581.01,585.57,251472,1473.09,4262,149839.0,59.58,2026-09-23
BANKBETA,EQ,23-Sep-2026,58.21,58.39,58.59,58.23,58.42,197155,115.27,208,189325.0,96.03,2026-09-23
BANKBETF,EQ,23-Sep-2026,57.2,57.27,57.71,57.23,57.64,5950,3.43,490,3740.0,62.86,2026-09-23
BANKETF,EQ,23-Sep-2026,573.85,574.91,578.08,574.13,576.92,56995,328.39,1745,46752.0,82.03,2026-09-23
BANKIETF,EQ,23-Sep-2026,57.86,59.02,59.02,57.5,58.02,322306,187.06,915,244061.0,75.72,2026-09-23
BANKINDIA,EQ,23-Sep-2026,137.01,137.74,139.74,137.5,139.65,3463585,4813.49,26752,1895866.0,54.74,2026-09-23
BANKNIFTY1,EQ,23-Sep-2026,58.4,58.66,58.89,58.5,58.68,600339,352.75,594,454227.0,75.66,2026-09-23
BANKPSU,EQ,23-Sep-2026,83.55,83.59,84.45,83.59,84.16,10850,9.14,59,5226.0,48.17,2026-09-23
BANSALWIRE,EQ,23-Sep-2026,315.25,315.25,324.0,312.5,315.9,203102,642.22,3907,156733.0,77.17,2026-09-23
BANSWRAS,EQ,23-Sep-2026,113.33,115.21,115.21,110.62,111.28,35341,39.57,578,28299.0,80.07,2026-09-23
BARFLEX,SM,23-Sep-2026,60.0,60.0,60.0,59.95,60.0,10000,6.0,4,8000.0,80.0,2026-09-23
BASF,EQ,23-Sep-2026,3572.2,3581.0,3626.4,3570.0,3580.4,12952,465.49,2509,5534.0,42.73,2026-09-23
BASILIC,SM,23-Sep-2026,172.3,175.0,175.0,168.1,172.5,17700,30.24,55,13800.0,77.97,2026-09-23
BASML,BE,23-Sep-2026,24.73,24.97,25.45,24.5,25.04,24956,6.22,90,,,2026-09-23
BATAINDIA,EQ,23-Sep-2026,631.75,631.75,644.0,631.75,637.2,117043,746.25,6398,59060.0,50.46,2026-09-23
BATLIBOI,EQ,23-Sep-2026,82.96,83.06,85.95,82.41,84.28,17309,14.49,484,12434.0,71.84,2026-09-23
BAWEJA,SM,23-Sep-2026,24.3,24.9,26.25,24.0,25.9,28000,6.84,13,24800.0,88.57,2026-09-23
BAYERCROP,EQ,23-Sep-2026,3765.8,3775.0,3787.1,3733.0,3762.6,92860,3504.95,9600,73897.0,79.58,2026-09-23
BBETF0432,EQ,23-Sep-2026,1343.32,1341.1,1346.0,1332.0,1340.66,537,7.2,21,431.0,80.26,2026-09-23
BBL,EQ,23-Sep-2026,2220.4,2224.9,2258.8,2215.2,2231.1,16265,363.56,3222,8692.0,53.44,2026-09-23
BBNPNBETF,EQ,23-Sep-2026,56.52,57.08,57.26,56.9,57.19,2734,1.56,16,2609.0,95.43,2026-09-23
BBNPPGOLD,EQ,23-Sep-2026,146.6,147.3,149.3,146.0,146.4,670,0.98,45,498.0,74.33,2026-09-23
BBOX,EQ,23-Sep-2026,810.05,815.0,834.5,803.0,809.85,393313,3211.57,24092,149482.0,38.01,2026-09-23
BBTC,EQ,23-Sep-2026,1460.4,1466.0,1480.9,1442.1,1450.2,48883,712.41,4055,22254.0,45.53,2026-09-23
BBTCL,EQ,23-Sep-2026,234.0,234.7,236.77,227.7,231.3,3777,8.73,243,2570.0,68.04,2026-09-23
BCG,EQ,23-Sep-2026,9.6,9.6,9.77,9.54,9.59,4593817,441.86,5213,2385020.0,51.92,2026-09-23
BCLIND,EQ,23-Sep-2026,33.48,33.58,34.84,32.7,34.14,1248255,425.86,5846,433916.0,34.76,2026-09-23
BCONCEPTS,EQ,23-Sep-2026,152.58,150.71,156.6,150.7,153.06,2512,3.85,277,1951.0,77.67,2026-09-23
BCPL,EQ,23-Sep-2026,69.31,68.97,70.58,68.97,69.47,5970,4.14,161,4731.0,79.25,2026-09-23
BDL,EQ,23-Sep-2026,1168.0,1167.5,1183.0,1157.3,1161.0,648782,7570.54,21892,266761.0,41.12,2026-09-23
BEACON,SM,23-Sep-2026,83.75,86.0,87.9,86.0,87.15,14000,12.23,13,14000.0,100.0,2026-09-23
BEARDSELL,EQ,23-Sep-2026,24.41,24.99,24.99,24.21,24.75,11349,2.81,110,9293.0,81.88,2026-09-23
BECTORFOOD,EQ,23-Sep-2026,217.81,218.62,222.5,217.05,219.3,649769,1428.35,15273,222763.0,34.28,2026-09-23
BEDMUTHA,EQ,23-Sep-2026,102.57,102.0,105.0,100.5,104.89,5964,6.09,73,5032.0,84.37,2026-09-23
BEEKAY,EQ,23-Sep-2026,420.8,422.3,430.45,417.0,423.25,1077,4.52,118,815.0,75.67,2026-09-23
BEL,EQ,23-Sep-2026,397.9,397.9,399.5,395.6,396.05,6731863,26786.99,68383,4110817.0,61.07,2026-09-23
BELLACASA,EQ,23-Sep-2026,279.3,280.69,285.0,273.99,284.12,25599,72.06,1470,16938.0,66.17,2026-09-23
BELRISE,EQ,23-Sep-2026,244.74,246.9,250.9,246.75,249.78,2848133,7089.95,40067,1444862.0,50.73,2026-09-23
BEML,EQ,23-Sep-2026,2096.8,2105.1,2134.0,2086.0,2095.4,204095,4303.08,15980,66691.0,32.68,2026-09-23
BENARAS,EQ,23-Sep-2026,10254.0,10300.0,10625.0,10300.0,10470.0,59,6.19,22,58.0,98.31,2026-09-23
BENGALASM,EQ,23-Sep-2026,6173.5,6142.0,6224.5,6140.0,6182.5,138,8.54,87,58.0,42.03,2026-09-23
BEPL,EQ,23-Sep-2026,130.23,130.78,132.15,129.5,130.49,778846,1017.13,9560,355722.0,45.67,2026-09-23
BERGEPAINT,EQ,23-Sep-2026,452.6,459.7,462.0,455.3,459.75,320195,1471.73,18094,139667.0,43.62,2026-09-23
BESTAGRO,EQ,23-Sep-2026,18.34,18.35,18.93,18.35,18.59,530764,98.72,1683,198120.0,37.33,2026-09-23
BETA,EQ,23-Sep-2026,2105.0,2121.0,2233.9,2105.0,2187.8,29966,655.31,4141,16409.0,54.76,2026-09-23
BEWLTD,SM,23-Sep-2026,61.35,65.35,73.6,64.85,72.9,172000,119.44,234,137000.0,79.65,2026-09-23
BFINVEST,EQ,23-Sep-2026,443.75,447.45,449.5,442.2,446.7,10556,47.06,842,6700.0,63.47,2026-09-23
BFSI,EQ,23-Sep-2026,26.46,26.99,26.99,26.46,26.58,89631,23.83,456,36854.0,41.12,2026-09-23
BFUTILITIE,EQ,23-Sep-2026,527.45,528.0,537.45,521.85,530.5,34192,181.81,1636,19767.0,57.81,2026-09-23
BGRENERGY,BE,23-Sep-2026,271.56,272.0,272.0,257.99,260.6,54104,141.43,601,,,2026-09-23
BHADORA,ST,23-Sep-2026,127.2,129.0,131.9,125.5,127.0,43200,55.89,33,43200.0,100.0,2026-09-23
BHAGCHEM,EQ,23-Sep-2026,243.85,243.5,249.65,242.55,247.0,91103,225.13,1308,59828.0,65.67,2026-09-23
BHAGERIA,EQ,23-Sep-2026,345.25,352.0,356.0,341.4,351.75,147240,515.37,2428,80137.0,54.43,2026-09-23
BHAGYANGR,EQ,23-Sep-2026,426.05,430.05,447.35,426.05,444.65,147276,645.81,5773,76937.0,52.24,2026-09-23
BHANDARI,EQ,23-Sep-2026,2.96,2.93,2.99,2.93,2.95,90463,2.68,236,76132.0,84.16,2026-09-23
BHARATCOAL,EQ,23-Sep-2026,32.24,32.34,32.8,32.31,32.62,3495396,1139.04,12487,1729570.0,49.48,2026-09-23
BHARATFORG,EQ,23-Sep-2026,2009.0,2010.0,2016.0,1982.5,2004.0,759299,15189.72,34319,404253.0,53.24,2026-09-23
BHARATGEAR,BE,23-Sep-2026,100.4,100.4,101.65,99.67,101.42,11417,11.51,114,,,2026-09-23
BHARATRAS,EQ,23-Sep-2026,1129.4,1129.4,1147.9,1125.8,1134.0,7663,87.08,1111,4175.0,54.48,2026-09-23
BHARATSE,EQ,23-Sep-2026,219.86,219.86,222.59,218.6,220.05,78657,173.33,3288,32723.0,41.6,2026-09-23
BHARATWIRE,EQ,23-Sep-2026,167.89,167.89,173.2,167.89,170.1,109975,188.08,2426,54746.0,49.78,2026-09-23
BHARTIARTL,EQ,23-Sep-2026,1817.2,1818.1,1836.7,1818.0,1833.2,3698253,67612.79,101538,2725316.0,73.69,2026-09-23
BHARTIHEXA,EQ,23-Sep-2026,1534.3,1527.8,1549.0,1521.6,1525.2,69109,1058.3,17641,42844.0,61.99,2026-09-23
BHEL,EQ,23-Sep-2026,425.8,427.25,430.0,419.05,423.1,5244031,22135.82,58370,2718895.0,51.85,2026-09-23
BI,BE,23-Sep-2026,107.0,107.0,107.01,104.86,104.86,5725,6.04,45,,,2026-09-23
BIGBLOC,EQ,23-Sep-2026,40.4,40.75,40.96,39.45,39.97,62239,24.84,630,38741.0,62.25,2026-09-23
BIKAJI,EQ,23-Sep-2026,553.65,554.05,607.5,553.5,591.1,4379438,26092.21,118896,214441.0,4.9,2026-09-23
BIKEWO,ST,23-Sep-2026,127.85,125.3,125.3,125.3,125.3,44000,55.13,17,44000.0,100.0,2026-09-23
BIL,EQ,23-Sep-2026,1050.5,1055.9,1060.0,1031.0,1034.95,4569,47.61,527,3297.0,72.16,2026-09-23
BILVYAPAR,BE,23-Sep-2026,4.23,4.29,4.34,4.13,4.29,4423,0.19,16,,,2026-09-23
BIMETAL,EQ,23-Sep-2026,661.45,661.0,665.0,645.2,660.65,228,1.51,29,219.0,96.05,2026-09-23
BIOCON,EQ,23-Sep-2026,390.0,389.0,397.2,388.6,395.0,2665586,10517.64,34056,1449342.0,54.37,2026-09-23
BIOFILCHEM,EQ,23-Sep-2026,32.88,32.5,33.0,32.01,32.29,12512,4.06,194,6362.0,50.85,2026-09-23
BIOPOL,SM,23-Sep-2026,47.45,46.95,49.0,46.75,48.65,42000,20.15,32,31200.0,74.29,2026-09-23
BIRET,RR,23-Sep-2026,338.98,339.4,339.4,336.11,338.89,232894,789.03,10035,190446.0,81.77,2026-09-23
BIRLACABLE,EQ,23-Sep-2026,375.25,375.2,385.25,358.05,361.9,519169,1899.72,13691,253379.0,48.8,2026-09-23
BIRLACORPN,EQ,23-Sep-2026,817.6,819.5,842.0,819.5,839.95,35065,292.79,4203,15602.0,44.49,2026-09-23
BIRLAMONEY,EQ,23-Sep-2026,118.44,118.63,121.51,118.63,120.34,63124,75.81,1047,47728.0,75.61,2026-09-23
BIRLANU,EQ,23-Sep-2026,1385.6,1397.2,1416.7,1373.5,1407.3,5607,78.08,1094,3447.0,61.48,2026-09-23
BIRLAPREC,BE,23-Sep-2026,53.98,53.36,56.67,53.31,56.67,94467,52.55,402,,,2026-09-23
BLACKBUCK,EQ,23-Sep-2026,620.35,628.75,630.25,614.1,616.05,548088,3400.9,22762,231639.0,42.26,2026-09-23
BLACKROSE,BE,23-Sep-2026,113.25,114.38,115.99,110.0,114.91,34753,39.43,304,,,2026-09-23
BLAL,EQ,23-Sep-2026,164.24,164.24,166.7,163.05,165.33,11378,18.7,338,7991.0,70.23,2026-09-23
BLBLIMITED,EQ,23-Sep-2026,16.22,16.5,17.44,16.15,17.33,310344,52.81,1266,193752.0,62.43,2026-09-23
BLEL,EQ,23-Sep-2026,469.05,473.8,476.0,463.55,469.6,625105,2940.19,20151,231689.0,37.06,2026-09-23
BLIL,EQ,23-Sep-2026,67.35,67.48,67.48,67.01,67.28,37398,25.14,1234,29910.0,79.98,2026-09-23
BLISSGVS,BE,23-Sep-2026,694.6,684.0,717.0,681.05,699.2,152263,1072.08,2010,,,2026-09-23
BLKASHYAP,EQ,23-Sep-2026,51.53,51.9,54.68,51.85,53.97,716221,385.5,3552,353507.0,49.36,2026-09-23
BLS,EQ,23-Sep-2026,228.71,229.4,231.2,228.05,230.07,477976,1097.38,11698,224351.0,46.94,2026-09-23
BLSE,EQ,23-Sep-2026,328.1,329.0,331.15,319.2,322.45,430157,1394.43,11192,191167.0,44.44,2026-09-23
BLUECLOUDS,EQ,23-Sep-2026,19.17,19.18,20.15,19.1,19.73,1660415,325.49,4736,867231.0,52.23,2026-09-23
BLUECOAST,EQ,23-Sep-2026,19.83,20.82,20.82,19.83,20.82,41,0.01,12,41.0,100.0,2026-09-23
BLUEDART,EQ,23-Sep-2026,4786.6,4786.6,4835.0,4780.0,4799.5,4902,235.31,1800,2320.0,47.33,2026-09-23
BLUEJET,EQ,23-Sep-2026,587.3,589.95,594.75,578.3,585.75,535536,3129.82,27868,304098.0,56.78,2026-09-23
BLUEPEBBLE,ST,23-Sep-2026,76.0,75.0,75.0,75.0,75.0,1200,0.9,3,1200.0,100.0,2026-09-23
BLUESTARCO,EQ,23-Sep-2026,1525.0,1533.0,1547.9,1526.2,1532.6,110416,1696.78,8391,25043.0,22.68,2026-09-23
BLUESTONE,EQ,23-Sep-2026,930.4,941.95,969.9,824.0,855.5,9219890,79921.98,267836,1717859.0,18.63,2026-09-23
BLUEWATER,ST,23-Sep-2026,482.0,489.95,500.0,485.0,500.0,11000,53.9,10,10000.0,90.91,2026-09-23
BLUSPRING,EQ,23-Sep-2026,125.47,127.0,138.01,127.0,132.59,675699,911.0,3653,345494.0,51.13,2026-09-23
BMETRICS,SM,23-Sep-2026,33.0,33.0,34.9,33.0,34.9,1600,0.54,2,800.0,50.0,2026-09-23
BMLL,SM,23-Sep-2026,160.5,162.9,166.0,162.9,165.95,6000,9.87,6,6000.0,100.0,2026-09-23
BMWVENTLTD,EQ,23-Sep-2026,51.92,52.49,52.83,50.55,51.2,178615,92.74,1172,140125.0,78.45,2026-09-23
BNAGROCHEM,EQ,23-Sep-2026,200.85,204.46,208.0,200.85,206.88,1181,2.44,26,1101.0,93.23,2026-09-23
BNKETFAXIS,EQ,23-Sep-2026,580.18,581.68,584.85,581.67,584.85,7242,42.3,68,6810.0,94.03,2026-09-23
BODALCHEM,EQ,23-Sep-2026,192.9,193.9,202.54,193.9,199.53,2073889,4147.25,12728,853867.0,41.17,2026-09-23
BOHRAIND,EQ,23-Sep-2026,13.26,13.26,13.87,13.26,13.64,2758,0.38,19,2758.0,100.0,2026-09-23
BOMDYEING,EQ,23-Sep-2026,109.58,109.99,113.72,109.71,111.52,471331,524.95,4934,168721.0,35.8,2026-09-23
BONLON,EQ,23-Sep-2026,40.07,41.0,41.81,40.19,40.93,9103,3.72,138,7324.0,80.46,2026-09-23
BORANA,EQ,23-Sep-2026,292.4,298.0,304.95,293.55,295.5,32247,96.35,505,24323.0,75.43,2026-09-23
BOROLTD,EQ,23-Sep-2026,263.57,264.4,269.99,262.0,267.5,128862,343.58,3254,57543.0,44.65,2026-09-23
BORORENEW,EQ,23-Sep-2026,474.7,476.9,482.75,472.8,475.0,244086,1163.83,11814,112332.0,46.02,2026-09-23
BOROSCI,EQ,23-Sep-2026,119.81,119.5,121.01,117.0,117.74,257217,305.3,2419,155851.0,60.59,2026-09-23
BOSCH-HCIL,EQ,23-Sep-2026,1720.8,1739.9,1776.8,1723.6,1769.8,23705,417.13,3163,13694.0,57.77,2026-09-23
BOSCHLTD,EQ,23-Sep-2026,48290.0,48290.0,48330.0,47585.0,47955.0,11137,5333.68,5774,4371.0,39.25,2026-09-23
BOSS,ST,23-Sep-2026,57.1,56.65,56.65,56.65,56.65,4000,2.27,2,4000.0,100.0,2026-09-23
BPCL,EQ,23-Sep-2026,313.6,314.65,315.9,312.55,315.75,2065484,6501.74,19394,1173614.0,56.82,2026-09-23
BPL,EQ,23-Sep-2026,45.2,45.78,46.4,44.25,45.09,44133,19.96,685,33156.0,75.13,2026-09-23
BPLPHARMA,EQ,23-Sep-2026,1531.7,1549.8,1560.3,1511.0,1545.5,2199,34.03,167,1553.0,70.62,2026-09-23
BRACEPORT,SM,23-Sep-2026,64.8,65.4,72.85,64.0,70.5,80000,54.13,45,51200.0,64.0,2026-09-23
BRAHMINFRA,EQ,23-Sep-2026,156.51,162.5,162.5,154.0,154.55,13444,21.25,566,12490.0,92.9,2026-09-23
BRANDMAN,SM,23-Sep-2026,160.0,163.95,164.0,163.9,164.0,3200,5.25,3,3200.0,100.0,2026-09-23
BRIGADE,EQ,23-Sep-2026,616.55,616.55,624.9,614.15,616.45,175436,1085.37,11832,77944.0,44.43,2026-09-23
BRIGHOTEL,EQ,23-Sep-2026,56.48,56.95,57.35,56.48,57.05,60089,34.23,1806,43866.0,73.0,2026-09-23
BRIGHTBR,EQ,23-Sep-2026,252.95,253.0,253.0,249.2,251.1,515,1.29,29,371.0,72.04,2026-09-23
BRITANNIA,EQ,23-Sep-2026,4918.0,4927.5,4965.0,4905.0,4929.0,207441,10262.56,22494,124691.0,60.11,2026-09-23
BRNL,EQ,23-Sep-2026,16.67,16.67,17.41,16.13,16.66,61714,10.27,363,24520.0,39.73,2026-09-23
BROOKS,EQ,23-Sep-2026,59.09,60.74,62.49,59.09,61.0,78607,48.15,657,39151.0,49.81,2026-09-23
BSE,EQ,23-Sep-2026,3235.0,3249.0,3280.0,3214.2,3270.7,2796681,90882.13,118373,1169676.0,41.82,2026-09-23
BSE500IETF,EQ,23-Sep-2026,38.7,37.73,39.08,37.73,38.72,67086,26.01,778,40100.0,59.77,2026-09-23
BSHSL,EQ,23-Sep-2026,85.64,87.7,87.7,84.9,85.57,5188,4.48,88,4496.0,86.66,2026-09-23
BSL,EQ,23-Sep-2026,125.54,124.28,125.9,123.01,124.24,2400,2.99,164,2074.0,86.42,2026-09-23
BSLGOLDETF,EQ,23-Sep-2026,133.06,133.7,133.7,132.76,132.9,188051,250.04,1557,142981.0,76.03,2026-09-23
BSLNIFTY,EQ,23-Sep-2026,27.48,28.16,28.16,27.25,27.56,724016,199.48,3187,644271.0,88.99,2026-09-23
BSLSENETFG,EQ,23-Sep-2026,75.16,75.66,75.83,75.17,75.32,931,0.7,66,457.0,49.09,2026-09-23
BSOFT,EQ,23-Sep-2026,281.15,281.1,282.8,280.0,281.1,572371,1609.22,10538,273893.0,47.85,2026-09-23
BTML,EQ,23-Sep-2026,7.15,7.2,7.32,6.9,7.15,844976,60.78,405,786167.0,93.04,2026-09-23
BTTL,BE,23-Sep-2026,39.5,39.31,40.44,39.31,40.0,4609,1.84,15,,,2026-09-23
BUILDPRO,EQ,23-Sep-2026,1310.8,1314.8,1332.8,1280.6,1292.3,27400,356.0,3142,13997.0,51.08,2026-09-23
BURNPUR,BE,23-Sep-2026,16.12,15.9,16.5,15.33,15.77,61750,9.78,284,,,2026-09-23
BUTTERFLY,EQ,23-Sep-2026,562.3,566.7,577.95,564.3,566.0,9270,52.66,541,5237.0,56.49,2026-09-23
BVCL,EQ,23-Sep-2026,41.57,41.97,42.43,41.6,42.12,10537,4.43,174,8250.0,78.3,2026-09-23
BYKE,EQ,23-Sep-2026,30.31,30.3,30.85,28.75,30.35,75426,22.51,500,57753.0,76.57,2026-09-23
C2C,SM,23-Sep-2026,187.6,186.0,187.05,181.0,181.35,127350,232.89,567,89700.0,70.44,2026-09-23
CALSOFT,BE,23-Sep-2026,39.64,38.22,41.0,38.22,40.02,138307,54.69,640,,,2026-09-23
CAMLINFINE,EQ,23-Sep-2026,96.45,97.9,102.0,96.97,98.69,1115122,1107.04,11311,445268.0,39.93,2026-09-23
CAMPUS,EQ,23-Sep-2026,211.35,212.0,213.19,210.9,211.05,212531,449.64,6904,97812.0,46.02,2026-09-23
CAMS,EQ,23-Sep-2026,704.0,706.9,725.05,706.0,723.9,1333519,9599.04,62552,710555.0,53.28,2026-09-23
CANARYS,SM,23-Sep-2026,30.5,30.95,32.6,30.95,31.95,408000,129.88,90,212000.0,51.96,2026-09-23
CANBK,EQ,23-Sep-2026,122.9,123.2,126.3,123.17,126.0,15597011,19540.12,72806,7804932.0,50.04,2026-09-23
CANFINHOME,EQ,23-Sep-2026,759.55,761.0,767.4,753.75,757.95,216630,1650.03,7812,111592.0,51.51,2026-09-23
CANHLIFE,EQ,23-Sep-2026,153.4,152.98,154.24,150.5,151.63,262543,399.3,6246,127229.0,48.46,2026-09-23
CANTABIL,EQ,23-Sep-2026,238.85,239.9,241.0,235.81,238.55,169647,404.62,2695,84051.0,49.54,2026-09-23
CAPACITE,EQ,23-Sep-2026,194.73,195.49,199.74,194.6,198.25,242003,476.58,3632,129201.0,53.39,2026-09-23
CAPILLARY,EQ,23-Sep-2026,547.1,550.95,563.5,541.15,545.55,607870,3348.77,19277,304771.0,50.14,2026-09-23
CAPINVIT,IV,23-Sep-2026,76.93,76.95,77.29,76.95,77.04,643846,496.29,1217,634515.0,98.55,2026-09-23
CAPITALSFB,EQ,23-Sep-2026,281.3,281.3,286.7,279.05,284.6,33387,94.77,665,24829.0,74.37,2026-09-23
CAPLIPOINT,EQ,23-Sep-2026,2777.3,2777.3,2834.9,2777.2,2793.8,64325,1801.61,12295,30404.0,47.27,2026-09-23
CAPTRUST,BE,23-Sep-2026,19.5,19.6,19.6,19.01,19.35,23953,4.63,43,,,2026-09-23
CARBORUNIV,EQ,23-Sep-2026,1211.3,1217.5,1272.9,1212.5,1264.5,597871,7436.0,38043,252898.0,42.3,2026-09-23
CARERATING,EQ,23-Sep-2026,1627.8,1633.9,1650.0,1623.1,1639.6,18775,307.72,4476,12300.0,65.51,2026-09-23
CARRARO,EQ,23-Sep-2026,542.3,543.0,556.9,538.0,554.6,156054,858.74,8784,80372.0,51.5,2026-09-23
CARTRADE,EQ,23-Sep-2026,2907.9,2910.0,3016.0,2910.0,3001.8,183741,5477.81,26576,60746.0,33.06,2026-09-23
CARYSIL,EQ,23-Sep-2026,1065.3,1067.9,1089.7,1059.1,1085.1,67696,730.69,5788,31245.0,46.15,2026-09-23
CASHIETF,EQ,23-Sep-2026,1080.54,1080.68,1080.7,1080.68,1080.68,158917,1717.41,108,130712.0,82.25,2026-09-23
CASTROLIND,EQ,23-Sep-2026,195.61,195.95,195.95,190.1,193.23,3637883,7023.23,32976,1926908.0,52.97,2026-09-23
CBAZAAR,SM,23-Sep-2026,4.8,5.0,5.0,5.0,5.0,16000,0.8,2,16000.0,100.0,2026-09-23
CCAVENUE,EQ,23-Sep-2026,16.11,16.15,16.34,16.05,16.09,8049310,1299.81,10572,3559660.0,44.22,2026-09-23
CCCL,EQ,23-Sep-2026,13.6,13.89,13.89,13.06,13.26,411657,54.64,1044,242859.0,59.0,2026-09-23
CCHHL,EQ,23-Sep-2026,12.94,13.09,13.89,12.9,13.42,120817,16.14,461,93711.0,77.56,2026-09-23
CCL,EQ,23-Sep-2026,1050.0,1047.1,1053.9,1028.7,1043.2,235839,2447.66,18290,124550.0,52.81,2026-09-23
CDSL,EQ,23-Sep-2026,1348.0,1348.0,1359.5,1347.2,1351.1,400345,5423.25,18318,152763.0,38.16,2026-09-23
CEATLTD,EQ,23-Sep-2026,3401.4,3403.0,3474.0,3393.0,3432.2,28791,989.67,6029,10602.0,36.82,2026-09-23
CEDAAR,ST,23-Sep-2026,11.0,11.5,11.5,11.5,11.5,1000,0.12,1,1000.0,100.0,2026-09-23
CEIGALL,EQ,23-Sep-2026,377.2,379.05,396.0,377.0,388.85,610450,2380.28,13155,288055.0,47.19,2026-09-23
CEINSYS,EQ,23-Sep-2026,701.5,707.7,715.0,701.05,712.05,36833,261.06,2246,22839.0,62.01,2026-09-23
CELEBRITY,EQ,23-Sep-2026,6.79,6.72,6.8,6.32,6.65,25774,1.69,174,15106.0,58.61,2026-09-23
CELLECOR,SM,23-Sep-2026,30.4,30.1,30.3,29.85,30.0,51000,15.32,17,45000.0,88.24,2026-09-23
CELLO,EQ,23-Sep-2026,320.3,320.3,326.55,319.8,324.1,121087,392.48,5161,61859.0,51.09,2026-09-23
CELLPOINT,SM,23-Sep-2026,14.1,14.3,16.0,14.3,14.65,9600,1.41,6,8400.0,87.5,2026-09-23
CEMNTGROWW,EQ,23-Sep-2026,14.3,14.3,14.38,14.08,14.28,44323,6.3,290,38254.0,86.31,2026-09-23
CEMPRO,EQ,23-Sep-2026,1319.3,1327.0,1344.6,1305.1,1311.2,196274,2591.28,16157,99194.0,50.54,2026-09-23
CENTENKA,EQ,23-Sep-2026,567.4,565.65,584.0,565.65,580.55,33020,190.43,2237,18124.0,54.89,2026-09-23
CENTEXT,EQ,23-Sep-2026,18.63,18.63,18.9,18.25,18.79,252857,47.21,826,171740.0,67.92,2026-09-23
CENTEXT-RE,BE,23-Sep-2026,3.63,2.18,2.25,2.18,2.19,522570,11.42,1198,,,2026-09-23
CENTRALBK,EQ,23-Sep-2026,31.37,31.32,31.8,31.26,31.63,4418230,1397.7,17388,2414984.0,54.66,2026-09-23
CENTRUM,EQ,23-Sep-2026,21.43,21.85,21.85,20.91,21.21,431850,91.53,793,338161.0,78.31,2026-09-23
CENTUM,EQ,23-Sep-2026,4858.7,4887.0,4999.5,4760.1,4826.1,196068,9563.8,36346,63661.0,32.47,2026-09-23
CENTURYPLY,EQ,23-Sep-2026,695.6,695.0,716.8,695.0,711.9,61115,433.19,5539,38164.0,62.45,2026-09-23
CERA,EQ,23-Sep-2026,5501.0,5520.0,5544.0,5501.0,5520.0,3192,176.35,990,1710.0,53.57,2026-09-23
CESC,EQ,23-Sep-2026,142.52,142.55,143.15,142.0,142.56,699865,998.93,11204,470005.0,67.16,2026-09-23
CEWATER,EQ,23-Sep-2026,278.75,278.2,280.0,270.6,274.4,47694,131.88,2503,26476.0,55.51,2026-09-23
CFEL,BE,23-Sep-2026,47.32,48.5,48.5,46.0,47.51,8283,3.86,72,,,2026-09-23
CGCL,EQ,23-Sep-2026,267.05,268.0,276.6,268.0,268.6,3923518,10647.67,28437,2003513.0,51.06,2026-09-23
CGPOWER,EQ,23-Sep-2026,896.1,904.45,906.8,890.5,895.0,1329293,11939.14,26093,663711.0,49.93,2026-09-23
CGRAPHICS,SM,23-Sep-2026,137.4,136.1,136.8,133.0,135.15,46400,62.62,48,38400.0,82.76,2026-09-23
CGVAK,EQ,23-Sep-2026,145.41,145.0,149.0,145.0,148.67,526,0.78,48,440.0,83.65,2026-09-23
CHALET,EQ,23-Sep-2026,872.35,875.0,904.4,871.2,884.05,188427,1681.56,18429,60210.0,31.95,2026-09-23
CHAMBLFERT,EQ,23-Sep-2026,418.5,418.5,421.65,417.75,419.6,394631,1656.61,17483,245647.0,62.25,2026-09-23
CHANDAN,SM,23-Sep-2026,226.25,222.05,226.0,221.0,222.55,35200,78.79,44,24800.0,70.45,2026-09-23
CHAVDA,SM,23-Sep-2026,140.0,142.2,142.5,140.0,140.0,131000,183.92,84,94000.0,71.76,2026-09-23
CHEMBOND,EQ,23-Sep-2026,192.77,197.44,197.44,190.02,193.68,8790,17.09,597,4853.0,55.21,2026-09-23
CHEMBONDCH,BE,23-Sep-2026,260.4,266.1,267.95,257.25,259.5,2935,7.65,81,,,2026-09-23
CHEMCON,BE,23-Sep-2026,227.4,225.0,230.99,225.0,228.66,24935,56.75,483,,,2026-09-23
CHEMCRUX,EQ,23-Sep-2026,78.57,78.57,79.9,77.5,78.16,11227,8.78,183,10536.0,93.85,2026-09-23
CHEMFAB,EQ,23-Sep-2026,354.0,359.45,360.45,346.4,351.6,9224,32.45,243,7845.0,85.05,2026-09-23
CHEMICAL,EQ,23-Sep-2026,29.45,29.66,29.79,29.48,29.56,260675,77.18,816,171160.0,65.66,2026-09-23
CHEMPLASTS,EQ,23-Sep-2026,198.67,198.95,202.39,195.0,199.4,804982,1599.43,14735,242979.0,30.18,2026-09-23
CHENNPETRO,EQ,23-Sep-2026,1392.0,1398.5,1423.0,1380.8,1388.6,1081696,15128.36,44010,414576.0,38.33,2026-09-23
CHETANA,SM,23-Sep-2026,41.9,41.85,41.85,41.85,41.85,1600,0.67,1,1600.0,100.0,2026-09-23
CHEVIOT,EQ,23-Sep-2026,1170.4,1171.7,1189.8,1170.7,1176.7,676,7.98,105,564.0,83.43,2026-09-23
CHOICEGOLD,EQ,23-Sep-2026,149.56,151.0,151.0,149.43,149.87,8181,12.3,75,6293.0,76.92,2026-09-23
CHOICEIN,EQ,23-Sep-2026,760.9,757.85,757.85,750.5,751.85,258470,1945.33,6152,132877.0,51.41,2026-09-23
CHOLAFIN,EQ,23-Sep-2026,1759.1,1760.0,1784.0,1758.7,1774.0,1227152,21744.42,44980,807865.0,65.83,2026-09-23
CHOLAHLDNG,EQ,23-Sep-2026,1459.6,1460.1,1478.0,1446.0,1472.4,233988,3428.92,21437,158645.0,67.8,2026-09-23
CIEINDIA,EQ,23-Sep-2026,390.6,392.6,394.65,382.55,384.2,676768,2614.36,26123,468839.0,69.28,2026-09-23
CIFL,EQ,23-Sep-2026,21.27,20.65,24.29,20.65,21.34,516089,110.93,1994,375485.0,72.76,2026-09-23
CINELINE,EQ,23-Sep-2026,89.16,89.25,92.68,89.0,90.01,14051,12.66,278,8754.0,62.3,2026-09-23
CINEVISTA,EQ,23-Sep-2026,14.51,14.98,14.98,14.05,14.1,24093,3.43,175,22053.0,91.53,2026-09-23
CIPLA,EQ,23-Sep-2026,1384.1,1382.4,1387.0,1371.8,1383.0,651221,8970.21,22885,361866.0,55.57,2026-09-23
CITIUSINVT,IV,23-Sep-2026,118.56,119.0,119.3,117.55,118.0,60270,71.57,1037,55771.0,92.54,2026-09-23
CKKRETAIL,SM,23-Sep-2026,174.75,178.0,178.0,173.0,173.0,1600,2.81,2,1600.0,100.0,2026-09-23
CLASSICEIL,SM,23-Sep-2026,52.45,51.8,52.15,51.8,52.15,3200,1.66,2,3200.0,100.0,2026-09-23
CLAYCRAFT,SM,23-Sep-2026,164.75,164.75,167.0,164.5,164.95,25200,41.89,35,20400.0,80.95,2026-09-23
CLEAN,EQ,23-Sep-2026,833.2,838.0,850.0,830.0,836.6,224043,1882.38,14849,94057.0,41.98,2026-09-23
CLEANMAX,EQ,23-Sep-2026,1367.5,1439.0,1481.0,1373.3,1457.5,1550273,22281.98,114893,259596.0,16.75,2026-09-23
CLEDUCATE,EQ,23-Sep-2026,55.38,55.25,56.49,55.01,56.31,2635,1.47,65,1753.0,66.53,2026-09-23
CLSEL,EQ,23-Sep-2026,293.4,293.45,298.6,293.0,296.25,35431,104.94,1259,23961.0,67.63,2026-09-23
CLSL,ST,23-Sep-2026,70.05,70.0,70.0,70.0,70.0,2000,1.4,1,2000.0,100.0,2026-09-23
CMLL,EQ,23-Sep-2026,490.9,495.0,513.3,483.95,504.65,514379,2586.62,18090,243699.0,47.38,2026-09-23
CMNL,SM,23-Sep-2026,116.0,115.0,116.0,112.5,113.45,36000,41.47,16,35250.0,97.92,2026-09-23
CMPDI,EQ,23-Sep-2026,209.34,209.29,218.76,208.51,213.53,1555190,3343.69,25057,655933.0,42.18,2026-09-23
CMRGREEN,EQ,23-Sep-2026,229.49,230.6,233.66,226.84,227.73,287593,659.81,11669,157322.0,54.7,2026-09-23
CMRSL,SM,23-Sep-2026,67.5,70.85,70.85,70.85,70.85,800,0.57,1,800.0,100.0,2026-09-23
CMSINFO,EQ,23-Sep-2026,234.62,234.62,237.5,233.0,234.12,482023,1131.85,12838,219655.0,45.57,2026-09-23
CNL,EQ,23-Sep-2026,1108.1,1101.0,1151.6,1101.0,1146.1,7197,81.81,928,4302.0,59.77,2026-09-23
COALINDIA,EQ,23-Sep-2026,428.0,428.25,429.4,421.55,424.55,7956161,33764.32,70350,5116311.0,64.31,2026-09-23
COASTCORP,EQ,23-Sep-2026,38.19,38.97,38.97,37.8,38.04,30799,11.82,408,23877.0,77.53,2026-09-23
COCHINSHIP,EQ,23-Sep-2026,1388.9,1388.0,1393.2,1369.1,1370.0,402906,5544.71,17056,163247.0,40.52,2026-09-23
COCKERILL,EQ,23-Sep-2026,8178.0,8125.0,8201.0,8068.0,8144.0,3308,268.96,986,1862.0,56.29,2026-09-23
COFFEEDAY,EQ,23-Sep-2026,30.59,30.59,32.0,29.88,31.0,793052,244.36,2767,356731.0,44.98,2026-09-23
COFORGE,EQ,23-Sep-2026,1803.0,1812.0,1817.4,1774.1,1782.4,1473720,26421.56,70801,836527.0,56.76,2026-09-23
COHANCE,EQ,23-Sep-2026,452.75,458.95,465.55,451.2,461.45,1107159,5061.5,42024,440012.0,39.74,2026-09-23
COLPAL,EQ,23-Sep-2026,1869.0,1869.0,1901.3,1863.3,1886.7,271591,5130.02,14606,148889.0,54.82,2026-09-23
COMFINTE,EQ,23-Sep-2026,5.8,5.85,5.9,5.71,5.73,150694,8.69,412,124469.0,82.6,2026-09-23
COMMITTED,SM,23-Sep-2026,322.7,329.85,329.85,305.0,322.8,11200,35.02,6,11200.0,100.0,2026-09-23
COMMOIETF,EQ,23-Sep-2026,97.67,97.67,98.49,97.6,98.01,15576,15.28,333,7961.0,51.11,2026-09-23
COMPEAU,EQ,23-Sep-2026,364.0,364.0,375.0,364.0,364.4,1049,3.84,36,943.0,89.9,2026-09-23
COMPINFO,BZ,23-Sep-2026,1.08,1.1,1.12,1.03,1.1,13948,0.15,14,,,2026-09-23
COMPUSOFT,EQ,23-Sep-2026,13.24,13.49,13.5,13.1,13.35,10773,1.43,137,7457.0,69.22,2026-09-23
COMSYN,EQ,23-Sep-2026,301.25,305.95,310.05,298.75,299.3,1010524,3051.67,7552,392170.0,38.81,2026-09-23
CONCOR,EQ,23-Sep-2026,467.0,469.0,473.65,463.15,464.65,1369351,6394.85,22951,744513.0,54.37,2026-09-23
CONCORDBIO,EQ,23-Sep-2026,1532.4,1540.2,1568.0,1518.9,1560.3,147508,2282.05,14978,61434.0,41.65,2026-09-23
CONFIPET,EQ,23-Sep-2026,86.76,87.39,92.75,86.77,89.12,5623265,5095.1,41318,1906159.0,33.9,2026-09-23
CONNPLEX,SM,23-Sep-2026,261.0,264.7,265.7,259.1,264.1,74400,195.08,61,56000.0,75.27,2026-09-23
CONS,EQ,23-Sep-2026,11.85,11.85,11.93,11.85,11.86,9806,1.16,81,8824.0,89.99,2026-09-23
CONSOFINVT,BE,23-Sep-2026,300.25,300.4,309.95,300.0,302.5,5195,15.67,29,,,2026-09-23
CONSUMAXIS,EQ,23-Sep-2026,118.47,118.49,119.1,118.35,118.44,145,0.17,20,70.0,48.28,2026-09-23
CONSUMBEES,EQ,23-Sep-2026,128.23,128.92,128.96,128.18,128.81,44163,56.82,665,27341.0,61.91,2026-09-23
CONSUMER,EQ,23-Sep-2026,11.84,12.37,12.37,11.83,11.91,116323,13.84,244,84798.0,72.9,2026-09-23
CONSUMIETF,EQ,23-Sep-2026,119.04,118.86,119.89,118.86,119.51,6558,7.85,122,4391.0,66.96,2026-09-23
CONTROLPR,EQ,23-Sep-2026,589.15,585.05,591.85,580.0,584.55,24800,144.73,1038,16639.0,67.09,2026-09-23
COOLCAPS,SM,23-Sep-2026,25.55,25.95,26.9,24.55,24.95,147500,37.61,86,100000.0,67.8,2026-09-23
CORALFINAC,EQ,23-Sep-2026,32.14,31.82,32.7,31.52,31.9,3482,1.11,123,2929.0,84.12,2026-09-23
CORDELIA,EQ,23-Sep-2026,112.18,112.5,115.08,110.26,112.97,1248838,1409.5,11639,517505.0,41.44,2026-09-23
CORDSCABLE,EQ,23-Sep-2026,382.9,398.0,406.95,342.35,369.65,545284,2073.19,18103,204920.0,37.58,2026-09-23
COROMANDEL,EQ,23-Sep-2026,1944.9,1944.2,1989.0,1936.2,1956.0,144853,2846.78,17653,83014.0,57.31,2026-09-23
CORONA,EQ,23-Sep-2026,2181.5,2186.0,2197.3,2152.0,2163.4,16520,358.57,2556,9835.0,59.53,2026-09-23
COSMOFIRST,EQ,23-Sep-2026,862.75,861.55,883.3,860.0,867.2,39315,341.49,3101,20325.0,51.7,2026-09-23
COUNCODOS,BE,23-Sep-2026,6.33,6.39,6.5,6.16,6.38,20935,1.33,130,,,2026-09-23
CPCAP,EQ,23-Sep-2026,151.7,156.79,156.79,150.9,152.95,24373,37.46,980,14505.0,59.51,2026-09-23
CPEDU,EQ,23-Sep-2026,177.35,173.0,181.0,173.0,179.52,4137,7.38,106,3734.0,90.26,2026-09-23
CPL,EQ,23-Sep-2026,62.7,63.3,63.3,62.05,62.46,25157,15.76,334,18068.0,71.82,2026-09-23
CPPLUS,EQ,23-Sep-2026,3649.5,3679.0,3831.9,3679.0,3831.9,305859,11676.22,7254,266427.0,87.11,2026-09-23
CPS,SM,23-Sep-2026,1185.0,1190.0,1190.0,1150.0,1150.0,8850,105.14,3,8850.0,100.0,2026-09-23
CPSEETF,EQ,23-Sep-2026,92.94,92.94,93.61,92.77,93.2,413128,385.05,9330,236740.0,57.3,2026-09-23
CRAFTSMAN,EQ,23-Sep-2026,10602.0,10600.0,10990.0,10509.0,10904.0,51402,5543.56,18212,24320.0,47.31,2026-09-23
CRAMC,EQ,23-Sep-2026,227.9,230.2,232.0,226.75,230.35,925674,2119.09,17923,567652.0,61.32,2026-09-23
CRAVATEX,EQ,23-Sep-2026,326.15,326.1,349.7,323.0,341.7,5646,19.27,57,5278.0,93.48,2026-09-23
CRAYONS,SM,23-Sep-2026,24.5,24.5,24.5,24.5,24.5,1000,0.25,1,1000.0,100.0,2026-09-23
CREATIVEYE,EQ,23-Sep-2026,6.25,6.68,6.68,5.6,6.19,59489,3.57,299,34247.0,57.57,2026-09-23
CREDENT,SM,23-Sep-2026,376.05,384.9,405.0,371.0,401.7,190200,748.91,291,127200.0,66.88,2026-09-23
CREDITACC,EQ,23-Sep-2026,1357.9,1353.0,1359.8,1343.5,1349.6,145556,1965.79,16216,71157.0,48.89,2026-09-23
CREST,EQ,23-Sep-2026,363.7,369.95,370.0,357.55,366.0,2311,8.4,103,1350.0,58.42,2026-09-23
CRESTO,EQ,23-Sep-2026,19.21,20.0,20.9,16.17,20.14,270186,50.85,1189,145358.0,53.8,2026-09-23
CRISIL,EQ,23-Sep-2026,4559.8,4525.0,4635.0,4510.5,4605.8,32752,1501.12,6483,14327.0,43.74,2026-09-23
CRIZAC,EQ,23-Sep-2026,177.03,178.56,180.85,175.8,176.5,226048,402.72,4863,124823.0,55.22,2026-09-23
CROMPTON,EQ,23-Sep-2026,222.0,223.3,226.76,222.6,223.43,2224190,4986.64,22306,968258.0,43.53,2026-09-23
CROWN,EQ,23-Sep-2026,124.96,130.0,130.32,120.57,122.53,45823,57.54,519,30790.0,67.19,2026-09-23
CRSL,BE,23-Sep-2026,2.61,2.62,2.67,2.52,2.53,430257,11.02,517,,,2026-09-23
CSBBANK,EQ,23-Sep-2026,334.95,334.4,337.5,332.75,336.4,447626,1500.29,19168,221318.0,49.44,2026-09-23
CSLFINANCE,EQ,23-Sep-2026,220.24,222.0,223.0,213.95,216.95,40117,87.01,1000,23895.0,59.56,2026-09-23
CSM,EQ,23-Sep-2026,105.15,105.15,108.27,102.8,103.93,288893,302.06,3636,128709.0,44.55,2026-09-23
CSSL,SM,23-Sep-2026,86.75,87.0,89.0,87.0,88.0,10000,8.79,8,9000.0,90.0,2026-09-23
CTE,BE,23-Sep-2026,43.81,43.81,44.8,42.49,43.95,7435,3.25,51,,,2026-09-23
CUB,EQ,23-Sep-2026,227.21,227.0,230.79,224.71,225.34,1269250,2889.24,18320,595324.0,46.9,2026-09-23
CUBEINVIT,IV,23-Sep-2026,156.33,156.89,156.89,155.99,156.01,2363764,3690.52,1706,2228618.0,94.28,2026-09-23
CUBEXTUB,EQ,23-Sep-2026,104.85,125.82,125.82,117.0,125.82,1061637,1328.82,3936,738642.0,69.58,2026-09-23
CUDML,SM,23-Sep-2026,102.35,103.05,103.95,100.0,100.55,30000,30.48,21,27000.0,90.0,2026-09-23
CUMMINSIND,EQ,23-Sep-2026,4962.5,5000.0,5053.5,4928.0,5010.0,235682,11804.63,32822,132468.0,56.21,2026-09-23
CUPID,EQ,23-Sep-2026,258.2,259.45,276.4,255.2,273.85,52637525,141325.45,274580,11341518.0,21.55,2026-09-23
CURAA,BE,23-Sep-2026,72.0,73.0,73.0,70.0,72.0,172,0.12,9,,,2026-09-23
CURIS,ST,23-Sep-2026,212.35,213.1,222.95,213.1,222.95,12000,26.53,12,10000.0,83.33,2026-09-23
CURRENT,SM,23-Sep-2026,87.95,92.0,92.0,89.0,91.0,11200,10.21,6,11200.0,100.0,2026-09-23
CYBERMEDIA,BE,23-Sep-2026,20.04,19.64,20.79,19.51,20.67,34334,6.92,112,,,2026-09-23
CYBERTECH,BE,23-Sep-2026,138.36,139.79,139.79,137.0,137.33,7167,9.85,102,,,2026-09-23
CYIENT,EQ,23-Sep-2026,1079.0,1076.3,1087.7,1052.0,1072.2,310466,3338.17,28595,128316.0,41.33,2026-09-23
CYIENTDLM,EQ,23-Sep-2026,917.2,917.7,968.0,915.0,963.5,523966,4976.08,28024,235697.0,44.98,2026-09-23
DABUR,EQ,23-Sep-2026,388.1,388.3,395.45,387.4,387.4,1480659,5795.36,26981,728862.0,49.23,2026-09-23
DAICHI,BE,23-Sep-2026,325.0,325.0,332.0,325.0,328.0,111,0.36,7,,,2026-09-23
DALBHARAT,EQ,23-Sep-2026,1741.6,1741.1,1749.9,1729.1,1744.0,28368,494.47,4543,17775.0,62.66,2026-09-23
DALMIASUG,EQ,23-Sep-2026,388.1,389.0,411.6,388.15,407.75,236658,960.04,9920,67267.0,28.42,2026-09-23
DAMCAPITAL,EQ,23-Sep-2026,137.7,137.4,142.45,137.4,140.39,218160,305.77,3721,88763.0,40.69,2026-09-23
DAMODARIND,BE,23-Sep-2026,28.87,28.95,29.75,28.95,29.49,7594,2.24,57,,,2026-09-23
DANGEE,EQ,23-Sep-2026,2.7,2.7,2.83,2.67,2.7,35687,0.97,89,27038.0,75.76,2026-09-23
DANISH,SM,23-Sep-2026,986.25,986.25,1010.0,963.0,1003.2,38700,380.62,181,26250.0,67.83,2026-09-23
DATAMATICS,EQ,23-Sep-2026,765.3,766.8,814.9,766.8,789.85,215120,1717.79,10032,54064.0,25.13,2026-09-23
DATAPATTNS,EQ,23-Sep-2026,4484.9,4504.6,4516.0,4383.0,4422.4,361812,16060.58,34864,115905.0,32.03,2026-09-23
DAVANGERE,EQ,23-Sep-2026,2.26,2.31,2.31,2.16,2.2,12500992,277.36,3755,7859170.0,62.87,2026-09-23
DBCORP,EQ,23-Sep-2026,183.04,184.56,184.56,181.87,182.22,61966,113.24,2725,37235.0,60.09,2026-09-23
DBEIL,EQ,23-Sep-2026,7.0,7.0,7.14,6.31,6.8,368295,25.17,1038,256694.0,69.7,2026-09-23
DBL,EQ,23-Sep-2026,423.1,424.0,424.4,412.45,413.55,149163,622.13,5382,85006.0,56.99,2026-09-23
DBOL,EQ,23-Sep-2026,114.81,114.24,117.55,114.24,115.63,101634,118.1,2774,56114.0,55.21,2026-09-23
DBREALTY,EQ,23-Sep-2026,96.65,96.65,101.48,96.4,101.48,1033102,1035.44,7465,631915.0,61.17,2026-09-23
DBSTOCKBRO,BE,23-Sep-2026,29.21,29.0,30.59,28.75,30.0,10180,3.05,37,,,2026-09-23
DCAL,EQ,23-Sep-2026,169.88,170.65,174.46,169.51,173.33,134136,231.05,3014,75767.0,56.49,2026-09-23
DCBBANK,EQ,23-Sep-2026,218.58,218.89,224.71,218.11,223.69,812051,1810.18,19467,384129.0,47.3,2026-09-23
DCG,ST,23-Sep-2026,70.9,70.55,74.35,68.05,74.1,33600,24.32,27,33600.0,100.0,2026-09-23
DCI,EQ,23-Sep-2026,275.85,275.85,277.25,266.4,268.6,41762,113.46,1964,22051.0,52.8,2026-09-23
DCM,EQ,23-Sep-2026,76.37,76.42,77.79,74.81,75.34,9428,7.14,263,8800.0,93.34,2026-09-23
DCMFINSERV,EQ,23-Sep-2026,5.09,4.8,5.16,4.8,5.01,7680,0.38,93,4573.0,59.54,2026-09-23
DCMNVL,EQ,23-Sep-2026,178.04,179.99,185.0,178.0,179.43,24354,43.96,285,21666.0,88.96,2026-09-23
DCMSHRIRAM,EQ,23-Sep-2026,979.3,980.0,986.9,975.2,980.0,25367,249.17,4359,15052.0,59.34,2026-09-23
DCMSIL,EQ,23-Sep-2026,70.42,70.78,77.46,70.01,77.46,281648,209.07,1393,217415.0,77.19,2026-09-23
DCMSRIND,EQ,23-Sep-2026,37.87,37.6,38.43,37.6,38.01,184417,70.2,1644,120321.0,65.24,2026-09-23
DCW,EQ,23-Sep-2026,48.02,48.5,51.44,48.16,50.02,8719090,4383.82,37565,2961209.0,33.96,2026-09-23
DCXINDIA,EQ,23-Sep-2026,163.5,163.5,166.37,163.5,164.73,187156,308.54,3476,88952.0,47.53,2026-09-23
DDEVPLSTIK,EQ,23-Sep-2026,260.45,262.65,263.55,260.5,262.6,67705,177.56,2079,38392.0,56.7,2026-09-23
DECCANCE,EQ,23-Sep-2026,562.25,567.25,570.5,557.65,560.45,49757,280.96,1230,31400.0,63.11,2026-09-23
DECCANTRAN,SM,23-Sep-2026,21.3,21.3,22.35,21.0,21.5,78000,16.44,15,76800.0,98.46,2026-09-23
DECNGOLD,EQ,23-Sep-2026,225.17,226.51,231.68,220.93,222.44,1035225,2335.69,15856,439445.0,42.45,2026-09-23
DEEDEV,EQ,23-Sep-2026,691.8,690.0,721.9,690.0,711.15,250940,1784.18,13180,136530.0,54.41,2026-09-23
DEEM,ST,23-Sep-2026,45.05,47.3,47.3,47.3,47.3,3000,1.42,3,3000.0,100.0,2026-09-23
DEEP,BE,23-Sep-2026,45.56,45.35,47.5,44.52,46.1,8123,3.73,51,,,2026-09-23
DEEPA,EQ,23-Sep-2026,188.43,189.49,197.99,189.0,196.4,3305468,6442.0,39501,957511.0,28.97,2026-09-23
DEEPAKFERT,EQ,23-Sep-2026,1340.4,1349.9,1389.0,1349.8,1386.2,330051,4527.13,16492,165287.0,50.08,2026-09-23
DEEPAKNTR,EQ,23-Sep-2026,1613.2,1614.0,1639.0,1605.2,1635.8,109445,1777.86,10474,59412.0,54.28,2026-09-23
DEEPINDS,EQ,23-Sep-2026,761.6,763.6,785.0,755.4,772.9,335966,2597.47,18064,134031.0,39.89,2026-09-23
DEFENCE,EQ,23-Sep-2026,79.24,79.51,79.57,78.87,79.1,188347,148.98,714,104903.0,55.7,2026-09-23
DELAPLEX,SM,23-Sep-2026,91.0,91.0,91.0,89.9,90.0,4800,4.32,5,4800.0,100.0,2026-09-23
DELHIVERY,EQ,23-Sep-2026,430.75,430.75,436.8,429.0,435.0,3087778,13401.19,59772,2069396.0,67.02,2026-09-23
DELPHIFX,BE,23-Sep-2026,5.37,5.63,5.63,5.63,5.63,186505,10.5,156,,,2026-09-23
DELTACORP,EQ,23-Sep-2026,61.77,62.3,69.0,61.77,68.65,17802335,11916.31,78734,5521618.0,31.02,2026-09-23
DELTAMAGNT,EQ,23-Sep-2026,55.0,55.0,56.65,54.45,56.57,695,0.39,42,636.0,91.51,2026-09-23
DELTIC,SM,23-Sep-2026,33.0,33.0,34.6,33.0,34.6,3000,1.02,3,3000.0,100.0,2026-09-23
DEN,EQ,23-Sep-2026,26.26,26.26,26.96,26.26,26.84,319639,85.39,1356,213986.0,66.95,2026-09-23
DENEERS,SM,23-Sep-2026,170.6,170.6,175.45,170.0,175.45,20400,34.99,28,12600.0,61.76,2026-09-23
DENORA,EQ,23-Sep-2026,798.4,800.3,817.4,790.0,795.65,4096,32.87,586,2384.0,58.2,2026-09-23
DENTA,EQ,23-Sep-2026,272.65,273.9,278.4,272.75,274.8,74195,204.06,1651,31370.0,42.28,2026-09-23
DENTALKART,SM,23-Sep-2026,404.5,401.15,415.3,401.1,413.8,79750,326.34,112,68250.0,85.58,2026-09-23
DEVIT,EQ,23-Sep-2026,23.12,23.12,23.99,22.79,23.24,24914,5.83,504,16157.0,64.85,2026-09-23
DEVX,EQ,23-Sep-2026,35.06,34.81,35.46,34.81,35.0,56997,19.98,471,44620.0,78.28,2026-09-23
DEVYANI,EQ,23-Sep-2026,144.51,144.31,144.39,139.2,140.11,1344367,1904.76,18036,586289.0,43.61,2026-09-23
DGCONTENT,EQ,23-Sep-2026,23.92,24.1,25.6,23.86,24.9,1040,0.25,18,529.0,50.87,2026-09-23
DHABRIYA,BE,23-Sep-2026,505.25,508.0,508.0,485.5,494.7,3914,19.49,108,,,2026-09-23
DHAMPURSUG,EQ,23-Sep-2026,164.13,165.0,172.09,164.81,168.39,581058,983.01,12133,229077.0,39.42,2026-09-23
DHANBANK,EQ,23-Sep-2026,29.18,29.16,30.1,29.16,30.01,385760,114.55,1996,240711.0,62.4,2026-09-23
DHANSA,ST,23-Sep-2026,29.0,29.0,29.0,29.0,29.0,4000,1.16,2,4000.0,100.0,2026-09-23
DHANUKA,EQ,23-Sep-2026,966.4,979.9,991.95,965.5,982.65,30647,300.43,2987,14807.0,48.31,2026-09-23
DHARAN,BZ,23-Sep-2026,0.14,0.14,0.15,0.14,0.14,5521492,7.99,1142,,,2026-09-23
DHARARAIL,ST,23-Sep-2026,141.0,140.25,143.0,137.0,142.35,33000,46.26,26,32000.0,96.97,2026-09-23
DHARIWAL,SM,23-Sep-2026,24.9,25.0,25.35,23.75,25.0,585000,141.9,43,537000.0,91.79,2026-09-23
DHARMAJ,EQ,23-Sep-2026,281.6,283.95,302.0,282.0,299.1,108051,317.12,4093,58194.0,53.86,2026-09-23
DHATRE,EQ,23-Sep-2026,4.27,4.3,4.39,4.12,4.15,33591,1.41,180,26461.0,78.77,2026-09-23
DHOOTTRANS,EQ,23-Sep-2026,1653.2,1674.0,1685.0,1602.1,1615.4,1167338,19264.86,60917,282139.0,24.17,2026-09-23
DHRUV,EQ,23-Sep-2026,21.57,21.99,22.55,20.75,21.07,12966,2.73,173,12138.0,93.61,2026-09-23
DHTL,SM,23-Sep-2026,27.5,26.15,27.0,26.15,27.0,41600,10.9,15,28800.0,69.23,2026-09-23
DHUNINV,EQ,23-Sep-2026,983.6,997.0,1017.0,985.0,1001.75,423,4.21,56,314.0,74.23,2026-09-23
DIACABS,BE,23-Sep-2026,370.85,371.8,379.7,365.05,377.85,1102551,4104.93,9591,,,2026-09-23
DIAMINESQ,EQ,23-Sep-2026,254.85,260.0,260.0,246.6,249.38,5025,12.57,162,4093.0,81.45,2026-09-23
DIAMONDYD,EQ,23-Sep-2026,1090.3,1113.3,1114.3,1080.3,1088.0,4080,44.65,559,1745.0,42.77,2026-09-23
DICIND,EQ,23-Sep-2026,654.25,669.0,674.0,658.7,665.65,5033,33.53,602,3162.0,62.83,2026-09-23
DIFFNKG,EQ,23-Sep-2026,441.6,442.1,454.8,438.0,439.3,112607,500.85,5056,44985.0,39.95,2026-09-23
DIGIDRIVE,EQ,23-Sep-2026,17.76,17.5,18.0,17.32,17.9,14700,2.63,148,10744.0,73.09,2026-09-23
DIGIKORE,SM,23-Sep-2026,35.6,35.7,38.5,34.0,37.5,88400,31.76,121,51600.0,58.37,2026-09-23
DIGISPICE,EQ,23-Sep-2026,16.4,16.59,16.8,16.11,16.5,89439,14.68,282,76092.0,85.08,2026-09-23
DIGITIDE,EQ,23-Sep-2026,81.82,81.2,83.5,80.13,81.13,403826,328.43,5381,216743.0,53.67,2026-09-23
DIGJAMLMTD,BE,23-Sep-2026,56.83,56.83,56.83,53.99,53.99,13226,7.21,118,,,2026-09-23
DISAQ,EQ,23-Sep-2026,12185.0,12168.0,12200.0,11940.0,12088.0,134,16.18,99,67.0,50.0,2026-09-23
DISHTV,EQ,23-Sep-2026,2.5,2.5,2.54,2.42,2.46,2361940,58.47,1728,1884658.0,79.79,2026-09-23
DIVGIITTS,EQ,23-Sep-2026,1118.9,1118.8,1186.0,1108.2,1177.1,144698,1670.74,13054,74431.0,51.44,2026-09-23
DIVIDEND,EQ,23-Sep-2026,34.86,35.0,35.07,34.92,35.0,1526,0.53,21,1183.0,77.52,2026-09-23
DIVINEHIRA,ST,23-Sep-2026,101.25,103.8,103.8,96.2,100.0,42000,40.97,29,37200.0,88.57,2026-09-23
DIVISLAB,EQ,23-Sep-2026,9352.0,9330.0,9624.0,9312.5,9624.0,489382,46533.61,50350,299059.0,61.11,2026-09-23
DIVOPPBEES,EQ,23-Sep-2026,74.58,74.83,74.98,74.48,74.86,16726,12.51,438,9824.0,58.73,2026-09-23
DIVYADHAN,ST,23-Sep-2026,42.25,44.05,44.35,44.05,44.35,12000,5.32,3,12000.0,100.0,2026-09-23
DIXON,EQ,23-Sep-2026,13084.0,13084.0,13250.0,13055.0,13200.0,191704,25252.29,28890,57820.0,30.16,2026-09-23
DJML,EQ,23-Sep-2026,74.45,74.3,74.9,71.25,72.7,112048,81.99,1096,52071.0,46.47,2026-09-23
DLF,EQ,23-Sep-2026,669.5,669.0,681.0,668.0,675.0,2425745,16384.85,50627,1244733.0,51.31,2026-09-23
DLINKINDIA,EQ,23-Sep-2026,423.55,427.0,431.0,422.5,426.1,61110,260.38,2293,31547.0,51.62,2026-09-23
DMART,EQ,23-Sep-2026,3777.0,3776.8,3868.1,3755.1,3834.8,426919,16358.24,30937,239425.0,56.08,2026-09-23
DMCC,EQ,23-Sep-2026,290.65,290.7,301.4,288.0,296.3,107730,320.85,4071,55378.0,51.4,2026-09-23
DNAMEDIA,EQ,23-Sep-2026,2.55,2.55,2.75,2.45,2.5,99123,2.52,128,86213.0,86.98,2026-09-23
DODLA,EQ,23-Sep-2026,1047.6,1047.6,1064.8,1045.0,1048.6,19425,204.32,1761,14126.0,72.72,2026-09-23
DOLATALGO,EQ,23-Sep-2026,68.16,68.3,69.9,67.3,68.72,100410,68.6,871,74234.0,73.93,2026-09-23
DOLLAR,EQ,23-Sep-2026,272.8,272.8,276.0,269.0,274.45,44194,120.38,1784,23362.0,52.86,2026-09-23
DOLLEX,EQ,23-Sep-2026,36.6,38.0,38.25,36.5,37.75,86114,32.64,229,70932.0,82.37,2026-09-23
DOLPHIN,EQ,23-Sep-2026,724.3,722.0,749.5,702.65,723.55,105950,769.95,7009,45611.0,43.05,2026-09-23
DOMS,EQ,23-Sep-2026,2098.8,2098.8,2147.0,2091.6,2141.5,32015,679.92,5898,19522.0,60.98,2026-09-23
DONEAR,EQ,23-Sep-2026,82.5,82.6,83.75,82.16,83.13,13479,11.18,139,11636.0,86.33,2026-09-23
DPABHUSHAN,EQ,23-Sep-2026,1469.4,1462.1,1497.0,1449.0,1455.9,23394,343.49,2085,11520.0,49.24,2026-09-23
DPEL,SM,23-Sep-2026,640.15,643.45,650.0,639.0,640.15,18500,119.18,32,13500.0,72.97,2026-09-23
DPSCLTD,BE,23-Sep-2026,7.12,7.15,7.15,7.01,7.09,42486,3.01,328,,,2026-09-23
DPWIRES,BE,23-Sep-2026,154.23,159.8,161.94,155.5,161.94,16771,26.87,187,,,2026-09-23
DRAGARWQ,EQ,23-Sep-2026,5200.0,5206.5,5253.0,5194.0,5202.0,910,47.36,176,811.0,89.12,2026-09-23
DRCSYSTEMS,EQ,23-Sep-2026,12.29,12.76,12.88,12.31,12.67,31414,3.94,299,24339.0,77.48,2026-09-23
DREAMFOLKS,EQ,23-Sep-2026,63.04,63.88,64.25,62.1,63.91,47951,30.28,1221,25994.0,54.21,2026-09-23
DREDGECORP,EQ,23-Sep-2026,993.8,993.8,1022.1,992.7,1017.5,53819,544.3,4025,26405.0,49.06,2026-09-23
DRONE,SM,23-Sep-2026,33.15,33.95,33.95,33.5,33.5,8000,2.69,16,7500.0,93.75,2026-09-23
DRREDDY,EQ,23-Sep-2026,1211.0,1210.0,1220.5,1205.9,1211.2,987420,11983.82,52294,614597.0,62.24,2026-09-23
DSFCL,EQ,23-Sep-2026,28.81,29.7,30.25,28.02,30.25,93917,27.88,506,62330.0,66.37,2026-09-23
DSSL,EQ,23-Sep-2026,1022.2,1055.0,1055.0,1018.0,1030.4,16469,169.41,1707,8254.0,50.12,2026-09-23
DTIL,BE,23-Sep-2026,142.9,142.9,142.9,140.5,141.22,719,1.02,29,,,2026-09-23
DTL,SM,23-Sep-2026,124.15,124.15,124.15,124.15,124.15,1200,1.49,1,1200.0,100.0,2026-09-23
DUCOL,SM,23-Sep-2026,124.0,126.0,126.0,124.0,124.0,16000,20.14,2,16000.0,100.0,2026-09-23
DUCON,EQ,23-Sep-2026,1.46,1.57,1.6,1.54,1.6,1509806,23.99,273,1217461.0,80.64,2026-09-23
DUGLOBAL,SM,23-Sep-2026,19.4,20.45,21.2,18.5,19.0,1317500,252.04,311,980000.0,74.38,2026-09-23
DURLAX,SM,23-Sep-2026,60.0,62.8,62.8,58.0,60.05,60000,35.89,29,34000.0,56.67,2026-09-23
DVL,EQ,23-Sep-2026,283.25,281.9,294.95,281.9,292.2,9043,26.18,350,6311.0,69.79,2026-09-23
DWARKESH,EQ,23-Sep-2026,41.68,41.68,42.84,41.58,41.86,1468253,619.15,7637,429293.0,29.24,2026-09-23
DYCL,EQ,23-Sep-2026,453.75,455.0,482.1,446.05,476.9,762315,3578.8,20530,341261.0,44.77,2026-09-23
DYNAMATECH,EQ,23-Sep-2026,12516.0,12659.0,12966.0,12463.0,12561.0,37310,4729.06,12351,17160.0,45.99,2026-09-23
DYNAMIC,SM,23-Sep-2026,142.85,145.0,169.0,145.0,147.65,40500,62.75,21,37000.0,91.36,2026-09-23
DYNPRO,EQ,23-Sep-2026,231.51,231.08,235.0,227.71,234.58,10982,25.43,393,7704.0,70.15,2026-09-23
E2E,BE,23-Sep-2026,604.95,612.3,635.15,609.0,635.15,1183557,7455.27,15990,,,2026-09-23
E2ERAIL,SM,23-Sep-2026,325.6,328.8,335.0,315.6,320.75,201600,659.66,185,66400.0,32.94,2026-09-23
EASEMYTRIP,EQ,23-Sep-2026,5.99,5.99,6.03,5.85,5.87,9224928,544.87,7606,4821852.0,52.27,2026-09-23
EASTSILK,BE,23-Sep-2026,65.25,63.95,68.51,63.8,68.51,2717,1.83,32,,,2026-09-23
EASTWEST,EQ,23-Sep-2026,2.3,2.41,2.42,2.3,2.39,22527,0.54,68,18901.0,83.9,2026-09-23
EBANK10,EQ,23-Sep-2026,16.4,16.45,16.64,16.41,16.64,763,0.13,9,652.0,85.45,2026-09-23
EBANKNIFTY,EQ,23-Sep-2026,56.95,57.2,57.23,56.99,57.21,261,0.15,12,259.0,99.23,2026-09-23
EBBETF0430,EQ,23-Sep-2026,1608.23,1611.25,1611.25,1607.15,1609.69,2994,48.19,201,2427.0,81.06,2026-09-23
EBBETF0431,EQ,23-Sep-2026,1432.9,1431.0,1435.23,1430.01,1431.06,586,8.39,58,328.0,55.97,2026-09-23
EBBETF0433,EQ,23-Sep-2026,1302.8,1305.0,1312.0,1303.0,1309.84,4211,55.06,116,3333.0,79.15,2026-09-23
EBGNG,EQ,23-Sep-2026,692.3,698.8,730.0,697.3,715.15,1292762,9291.09,52443,483496.0,37.4,2026-09-23
EBIX,BE,23-Sep-2026,18.43,18.85,19.25,18.5,18.64,20888,3.93,84,,,2026-09-23
ECAPINSURE,EQ,23-Sep-2026,23.57,23.77,23.84,23.52,23.71,22469,5.32,151,19167.0,85.3,2026-09-23
ECLERX,EQ,23-Sep-2026,1924.1,1924.1,1940.0,1909.6,1924.2,60071,1154.84,8321,24957.0,41.55,2026-09-23
ECOLINE,SM,23-Sep-2026,187.45,192.0,199.0,191.2,195.5,62000,120.77,53,47000.0,75.81,2026-09-23
ECORECO,EQ,23-Sep-2026,422.9,425.9,431.8,416.05,419.55,9062,38.51,770,5796.0,63.96,2026-09-23
ECOSMOBLTY,EQ,23-Sep-2026,108.62,108.8,112.0,108.0,109.11,41289,45.14,1049,25069.0,60.72,2026-09-23
EDELWEISS,EQ,23-Sep-2026,141.16,142.2,146.0,140.05,142.03,15211696,21730.13,71262,6375082.0,41.91,2026-09-23
EEPL,ST,23-Sep-2026,129.55,129.6,134.9,129.6,134.9,6000,7.98,6,6000.0,100.0,2026-09-23
EFACTOR,SM,23-Sep-2026,156.4,160.0,160.0,150.0,151.05,32800,50.98,39,28000.0,85.37,2026-09-23
EFCIL,EQ,23-Sep-2026,177.99,179.47,184.0,176.5,183.08,258227,466.33,5140,131911.0,51.08,2026-09-23
EFFWA,SM,23-Sep-2026,363.9,364.0,375.0,363.05,365.7,10000,36.85,18,8800.0,88.0,2026-09-23
EFORCE,SM,23-Sep-2026,19.15,18.75,19.1,18.7,19.1,4800,0.9,4,4800.0,100.0,2026-09-23
EGOLD,EQ,23-Sep-2026,151.1,151.5,151.75,150.45,150.9,36665,55.38,408,29938.0,81.65,2026-09-23
EICHERMOT,EQ,23-Sep-2026,7427.0,7468.5,7485.0,7414.0,7470.0,215015,16024.04,29281,133269.0,61.98,2026-09-23
EIDPARRY,EQ,23-Sep-2026,695.55,695.7,708.2,692.55,701.4,231077,1621.42,14587,103895.0,44.96,2026-09-23
EIEL,EQ,23-Sep-2026,201.07,201.55,206.19,201.34,203.32,442187,899.34,8450,175690.0,39.73,2026-09-23
EIFFL,BE,23-Sep-2026,256.15,257.45,261.25,257.45,261.25,710,1.85,11,,,2026-09-23
EIHAHOTELS,EQ,23-Sep-2026,298.8,296.1,300.35,294.4,296.85,8693,25.81,583,5518.0,63.48,2026-09-23
EIHOTEL,EQ,23-Sep-2026,303.9,303.0,304.7,300.15,301.15,98871,298.37,4698,51757.0,52.35,2026-09-23
EIMCOELECO,EQ,23-Sep-2026,2256.1,2260.0,2328.8,2250.4,2297.8,17385,398.53,2811,7877.0,45.31,2026-09-23
EKC,EQ,23-Sep-2026,100.81,100.9,119.33,100.9,113.66,23855254,27230.01,148749,1086175.0,4.55,2026-09-23
EKI,EQ,23-Sep-2026,68.79,69.95,82.54,68.03,82.54,106374,84.52,1593,65218.0,61.31,2026-09-23
ELANTAS,EQ,23-Sep-2026,14410.0,14481.0,14510.0,14000.0,14308.0,3349,477.15,1445,1013.0,30.25,2026-09-23
ELCIDIN,EQ,23-Sep-2026,105000.0,105000.0,105900.0,103220.0,105800.0,11,11.55,11,9.0,81.82,2026-09-23
ELDEHSG,EQ,23-Sep-2026,780.0,773.8,789.9,771.0,779.75,423,3.29,39,317.0,74.94,2026-09-23
ELECON,EQ,23-Sep-2026,420.55,420.55,476.9,420.1,466.6,30987016,143356.72,428425,1481063.0,4.78,2026-09-23
ELECTCAST,EQ,23-Sep-2026,72.88,72.8,74.52,72.55,74.22,1390274,1025.69,12015,779826.0,56.09,2026-09-23
ELECTHERM,EQ,23-Sep-2026,903.85,907.0,942.95,898.65,904.65,14486,132.71,785,9827.0,67.84,2026-09-23
ELGIEQUIP,EQ,23-Sep-2026,608.95,608.9,619.8,606.1,614.7,252822,1553.47,17277,96713.0,38.25,2026-09-23
ELGIRUBCO,EQ,23-Sep-2026,59.77,58.05,59.88,58.05,59.35,15662,9.28,303,9377.0,59.87,2026-09-23
ELGNZ,SM,23-Sep-2026,85.5,85.5,86.7,85.5,85.85,9000,7.73,9,7000.0,77.78,2026-09-23
ELIN,EQ,23-Sep-2026,90.71,90.65,91.58,89.2,89.95,89944,80.94,1421,44410.0,49.38,2026-09-23
ELIQUID,EQ,23-Sep-2026,1048.7,1048.82,1048.84,1048.82,1048.83,25715,269.71,21,25713.0,99.99,2026-09-23
ELITECON,EQ,23-Sep-2026,8.74,9.09,9.17,8.61,9.13,24189173,2201.16,23366,12729219.0,52.62,2026-09-23
ELLEN,EQ,23-Sep-2026,357.1,359.6,375.9,357.0,371.3,714065,2631.06,20262,325228.0,45.55,2026-09-23
ELM250,EQ,23-Sep-2026,16.26,16.36,16.4,16.14,16.2,43871,7.14,188,30808.0,70.22,2026-09-23
ELMDIV,EQ,23-Sep-2026,35.52,35.7,36.7,35.46,35.76,1472,0.53,26,804.0,54.62,2026-09-23
ELPROINTL,EQ,23-Sep-2026,172.24,171.46,172.89,171.08,171.5,3459,5.93,119,3391.0,98.03,2026-09-23
EMAMILTD,EQ,23-Sep-2026,390.0,392.05,407.65,389.1,391.45,4467324,17881.18,75817,2008556.0,44.96,2026-09-23
EMAMIPAP,BE,23-Sep-2026,113.81,114.9,117.9,113.85,115.6,15632,17.99,126,,,2026-09-23
EMAMIREAL,EQ,23-Sep-2026,68.0,69.0,71.4,69.0,69.58,38442,26.96,349,32396.0,84.27,2026-09-23
EMAPARTNER,SM,23-Sep-2026,82.0,82.0,83.9,82.0,82.1,17000,13.98,10,17000.0,100.0,2026-09-23
EMBASSY,RR,23-Sep-2026,440.97,440.97,440.98,436.22,437.44,373146,1637.2,14792,305345.0,81.83,2026-09-23
EMBDL,EQ,23-Sep-2026,58.43,58.78,61.84,57.72,61.22,4137653,2479.25,24078,1532400.0,37.04,2026-09-23
EMCURE,EQ,23-Sep-2026,1975.0,1955.0,1992.3,1955.0,1981.7,37562,742.44,5893,17721.0,47.18,2026-09-23
EMETAL,EQ,23-Sep-2026,12.92,12.99,13.31,12.99,13.23,12959,1.71,36,7681.0,59.27,2026-09-23
EMIL,EQ,23-Sep-2026,192.61,194.35,195.89,186.32,191.32,3823676,7350.52,47070,1482837.0,38.78,2026-09-23
EMKAY,EQ,23-Sep-2026,264.55,266.75,277.0,262.15,270.6,45325,123.32,1140,24485.0,54.02,2026-09-23
EMKAYTOOLS,SM,23-Sep-2026,94.1,94.15,97.8,94.15,95.0,1050,1.0,6,750.0,71.43,2026-09-23
EMMBI,BE,23-Sep-2026,90.89,90.7,90.8,88.51,88.71,5599,4.98,60,,,2026-09-23
EMMIL,SM,23-Sep-2026,119.8,120.0,129.95,115.75,127.65,30000,36.19,76,25750.0,85.83,2026-09-23
EMMVEE,EQ,23-Sep-2026,339.75,340.8,341.9,327.1,333.1,2792865,9272.99,59565,1169366.0,41.87,2026-09-23
EMPIND,EQ,23-Sep-2026,1038.1,1049.9,1080.0,1044.5,1074.8,1503,15.98,209,921.0,61.28,2026-09-23
EMPOWER,EQ,23-Sep-2026,2.16,2.06,2.06,2.06,2.06,1644283,33.87,1162,1644283.0,100.0,2026-09-23
EMSLIMITED,EQ,23-Sep-2026,365.25,367.2,369.85,363.35,366.35,125060,458.26,3890,65684.0,52.52,2026-09-23
EMUDHRA,EQ,23-Sep-2026,649.25,647.0,676.0,630.1,637.8,966799,6319.89,32772,180044.0,18.62,2026-09-23
EMULTIMQ,EQ,23-Sep-2026,41.52,41.38,41.76,41.11,41.32,9962,4.14,114,9618.0,96.55,2026-09-23
ENCOMPAS,SM,23-Sep-2026,255.0,255.0,255.0,255.0,255.0,400,1.02,1,400.0,100.0,2026-09-23
ENDURANCE,EQ,23-Sep-2026,2693.7,2698.0,2745.6,2656.9,2669.6,57593,1554.61,17193,30533.0,53.02,2026-09-23
ENERGY,EQ,23-Sep-2026,38.02,39.16,39.16,37.88,38.13,432395,164.66,791,202882.0,46.92,2026-09-23
ENERGYAXIS,EQ,23-Sep-2026,18.89,19.37,19.37,18.88,18.92,19447,3.68,72,10229.0,52.6,2026-09-23
ENERGYDEV,EQ,23-Sep-2026,14.54,14.55,15.14,14.55,14.71,22249,3.29,313,18339.0,82.43,2026-09-23
ENEXT50,EQ,23-Sep-2026,71.9,72.25,72.25,71.81,72.16,18,0.01,3,11.0,61.11,2026-09-23
ENFUSE,SM,23-Sep-2026,150.0,150.0,150.0,150.0,150.0,1200,1.8,2,1200.0,100.0,2026-09-23
ENGINERSIN,EQ,23-Sep-2026,302.55,301.4,309.5,292.85,306.2,11229270,34043.97,116974,2839344.0,25.29,2026-09-23
ENIFTY,EQ,23-Sep-2026,23.64,23.04,23.73,23.04,23.65,1107,0.26,51,1073.0,96.93,2026-09-23
ENIL,EQ,23-Sep-2026,99.64,99.5,100.8,99.15,100.17,2106,2.11,88,1755.0,83.33,2026-09-23
ENKEIWHEL,EQ,23-Sep-2026,395.2,393.0,402.0,390.0,399.45,444,1.76,32,358.0,80.63,2026-09-23
ENRIN,EQ,23-Sep-2026,3235.0,3235.0,3276.7,3206.0,3214.4,170478,5516.73,25945,91026.0,53.39,2026-09-23
ENSER,SM,23-Sep-2026,15.45,15.45,15.45,15.0,15.25,80000,12.22,16,80000.0,100.0,2026-09-23
ENTERO,EQ,23-Sep-2026,1841.8,1853.9,1867.0,1821.9,1842.5,164838,3036.06,17075,92286.0,55.99,2026-09-23
ENVIRO,SM,23-Sep-2026,66.4,67.5,76.0,67.05,73.55,35000,24.82,32,29000.0,82.86,2026-09-23
EPACK,EQ,23-Sep-2026,181.55,182.0,186.9,181.51,184.82,348177,643.63,6074,141256.0,40.57,2026-09-23
EPACKPEB,EQ,23-Sep-2026,250.34,251.99,257.38,249.85,253.95,891746,2260.88,20139,421522.0,47.27,2026-09-23
EPIGRAL,EQ,23-Sep-2026,1100.9,1105.9,1114.9,1084.2,1093.6,27575,303.31,2578,13594.0,49.3,2026-09-23
EPL,EQ,23-Sep-2026,236.65,238.5,240.85,234.2,239.1,1215471,2887.47,21442,577421.0,47.51,2026-09-23
EPWINDIA,ST,23-Sep-2026,240.0,235.05,240.5,235.0,240.5,8400,19.99,6,8400.0,100.0,2026-09-23
EQUAL200,EQ,23-Sep-2026,13.57,13.58,13.65,13.58,13.64,6344,0.87,28,5739.0,90.46,2026-09-23
EQUAL50,EQ,23-Sep-2026,323.49,323.66,325.17,323.63,325.16,757,2.46,21,454.0,59.97,2026-09-23
EQUAL50ADD,EQ,23-Sep-2026,334.34,333.0,335.92,333.0,334.44,28426,95.15,237,24904.0,87.61,2026-09-23
EQUIPPP,BE,23-Sep-2026,22.78,23.0,23.0,22.4,22.63,6248,1.41,52,,,2026-09-23
EQUITASBNK,EQ,23-Sep-2026,72.91,72.91,74.06,72.05,72.27,1571676,1145.64,12305,694706.0,44.2,2026-09-23
ERIS,EQ,23-Sep-2026,1271.2,1271.2,1285.7,1265.1,1269.9,45891,583.33,3204,30978.0,67.5,2026-09-23
ESABINDIA,EQ,23-Sep-2026,5654.5,5650.0,5699.0,5590.0,5604.5,2657,149.59,1059,1654.0,62.25,2026-09-23
ESAFSFB,BE,23-Sep-2026,39.46,39.8,41.22,38.7,40.69,566845,228.64,1758,,,2026-09-23
ESCONET,ST,23-Sep-2026,205.95,200.1,216.2,195.7,216.2,38400,79.83,83,34800.0,90.63,2026-09-23
ESCORTS,EQ,23-Sep-2026,2793.6,2803.9,2829.0,2784.9,2796.9,95760,2687.45,12625,46457.0,48.51,2026-09-23
ESDS,EQ,23-Sep-2026,1724.85,1724.85,1811.05,1706.45,1770.7,3048927,54463.88,70370,1089435.0,35.73,2026-09-23
ESENSEX,EQ,23-Sep-2026,75.4,75.58,75.68,75.28,75.54,872,0.66,17,851.0,97.59,2026-09-23
ESFL,SM,23-Sep-2026,125.85,123.25,123.4,122.0,123.2,10800,13.25,23,7560.0,70.0,2026-09-23
ESG,EQ,23-Sep-2026,40.09,40.22,40.36,40.11,40.29,3312,1.33,30,2039.0,61.56,2026-09-23
ESILVER,EQ,23-Sep-2026,229.6,230.1,233.55,229.25,229.58,23457,54.18,1074,11825.0,50.41,2026-09-23
ESPRIT,SM,23-Sep-2026,66.0,65.0,65.0,65.0,65.0,1600,1.04,1,1600.0,100.0,2026-09-23
ESSARSHPNG,EQ,23-Sep-2026,15.63,15.61,16.5,15.61,16.38,214690,34.99,790,137772.0,64.17,2026-09-23
ESSENTIA,EQ,23-Sep-2026,1.04,1.04,1.05,1.03,1.03,2710049,28.23,762,1530163.0,56.46,2026-09-23
ESTER,EQ,23-Sep-2026,87.11,86.51,88.59,86.5,88.32,25566,22.52,645,14510.0,56.76,2026-09-23
ETERNAL,EQ,23-Sep-2026,342.0,344.4,344.4,340.55,342.65,18360484,62882.48,170827,12281955.0,66.89,2026-09-23
ETHOSLTD,EQ,23-Sep-2026,2613.3,2657.3,2749.0,2617.6,2660.2,84295,2275.02,17542,22124.0,26.25,2026-09-23
ETL,SM,23-Sep-2026,1070.0,1091.4,1125.0,1065.0,1118.0,1800,19.81,7,1350.0,75.0,2026-09-23
EUREKAFORB,EQ,23-Sep-2026,377.3,377.4,383.0,376.35,378.45,125260,475.72,7694,71318.0,56.94,2026-09-23
EUROBOND,EQ,23-Sep-2026,153.1,153.11,157.9,146.34,152.22,8543,12.95,126,5576.0,65.27,2026-09-23
EUROPRATIK,EQ,23-Sep-2026,218.45,219.8,229.0,218.45,220.15,330401,737.07,8519,106137.0,32.12,2026-09-23
EUROTEXIND,BE,23-Sep-2026,12.26,12.26,12.84,11.65,11.65,1092,0.13,10,,,2026-09-23
EVEREADY,EQ,23-Sep-2026,329.05,329.05,332.0,325.5,328.5,50486,166.05,1979,22957.0,45.47,2026-09-23
EVERESTIND,BE,23-Sep-2026,432.45,432.0,452.85,432.0,445.65,8466,37.65,211,,,2026-09-23
EVIETF,EQ,23-Sep-2026,31.69,31.75,31.97,31.6,31.76,109988,34.92,515,59128.0,53.76,2026-09-23
EVINDIA,EQ,23-Sep-2026,31.64,31.69,31.83,31.65,31.72,68944,21.89,1019,38260.0,55.49,2026-09-23
EXCELINDUS,EQ,23-Sep-2026,952.6,957.3,973.3,952.1,963.3,8868,85.21,1374,1955.0,22.05,2026-09-23
EXCELSOFT,EQ,23-Sep-2026,82.85,83.96,83.96,80.22,80.94,457531,373.77,4166,232313.0,50.78,2026-09-23
EXICOM,EQ,23-Sep-2026,161.44,162.35,171.2,162.35,168.09,1676574,2830.69,16595,615796.0,36.73,2026-09-23
EXIDEIND,EQ,23-Sep-2026,429.7,430.05,432.2,423.65,425.95,1111617,4752.48,27126,507555.0,45.66,2026-09-23
EXIMROUTES,SM,23-Sep-2026,89.2,87.0,91.45,87.0,90.6,14400,12.88,12,14400.0,100.0,2026-09-23
EXPLEOSOL,EQ,23-Sep-2026,877.2,881.4,883.95,866.75,872.45,11577,101.38,1051,8145.0,70.36,2026-09-23
EXXARO,EQ,23-Sep-2026,6.23,6.27,6.32,6.15,6.27,67787,4.24,250,52720.0,77.77,2026-09-23
FABTECH,EQ,23-Sep-2026,147.02,148.25,149.8,147.01,148.64,83406,124.12,1327,42533.0,51.0,2026-09-23
FACT,EQ,23-Sep-2026,798.45,794.75,804.85,792.7,796.7,133669,1067.07,8100,21403.0,16.01,2026-09-23
FAIRCHEMOR,BE,23-Sep-2026,636.6,639.8,639.8,625.0,626.65,3960,24.98,306,,,2026-09-23
FALCONTECH,SM,23-Sep-2026,13.05,13.4,13.6,12.4,13.0,9600,1.25,8,7200.0,75.0,2026-09-23
FASCINATE,SM,23-Sep-2026,52.7,55.25,55.3,55.25,55.3,70400,38.93,42,70400.0,100.0,2026-09-23
FAZE3Q,EQ,23-Sep-2026,422.85,424.0,442.8,424.0,438.05,13944,60.44,834,7620.0,54.65,2026-09-23
FCL,EQ,23-Sep-2026,57.39,57.2,58.09,56.2,56.81,12216676,6971.71,47438,4580597.0,37.49,2026-09-23
FCSSOFT,EQ,23-Sep-2026,1.38,1.38,1.39,1.36,1.36,1939753,26.66,1011,1343036.0,69.24,2026-09-23
FDC,EQ,23-Sep-2026,356.5,356.5,357.8,349.0,349.95,128884,454.58,5888,79983.0,62.06,2026-09-23
FEDDERSHOL,EQ,23-Sep-2026,64.8,65.11,69.75,60.71,67.22,32953487,21770.31,95216,3673628.0,11.15,2026-09-23
FEDERALBNK,EQ,23-Sep-2026,327.0,328.45,331.3,325.25,331.3,5137220,16838.13,60925,3378696.0,65.77,2026-09-23
FEDFINA,EQ,23-Sep-2026,152.14,153.4,156.0,151.14,153.42,1046301,1611.37,12730,524742.0,50.15,2026-09-23
FEL,BZ,23-Sep-2026,0.36,0.37,0.37,0.36,0.36,100127,0.37,68,,,2026-09-23
FELDVR,BZ,23-Sep-2026,2.07,2.09,2.14,1.97,2.09,17430,0.35,38,,,2026-09-23
FELIX,SM,23-Sep-2026,209.4,207.5,208.0,200.6,204.3,33000,67.38,52,26500.0,80.3,2026-09-23
FERMENTA,EQ,23-Sep-2026,470.6,470.3,490.0,470.3,475.5,69810,335.78,3655,29074.0,41.65,2026-09-23
FIBERWEB,EQ,23-Sep-2026,26.14,26.0,26.89,26.0,26.48,5470,1.44,95,4247.0,77.64,2026-09-23
FIDEL,SM,23-Sep-2026,168.0,168.0,177.0,168.0,175.25,30000,51.82,26,19000.0,63.33,2026-09-23
FIEMIND,EQ,23-Sep-2026,1906.7,1907.1,1938.0,1897.0,1924.5,67467,1296.82,11026,32423.0,48.06,2026-09-23
FILATEX,EQ,23-Sep-2026,101.07,101.24,111.5,100.61,108.72,19496415,21208.22,97681,4941604.0,25.35,2026-09-23
FILATFASH,EQ,23-Sep-2026,0.17,0.18,0.18,0.17,0.18,12407028,22.33,637,12201490.0,98.34,2026-09-23
FINBUD,SM,23-Sep-2026,116.05,118.8,118.8,113.45,114.5,16000,18.44,16,13000.0,81.25,2026-09-23
FINCABLES,EQ,23-Sep-2026,1468.1,1475.0,1488.4,1441.0,1470.2,594101,8710.37,31177,179014.0,30.13,2026-09-23
FINEORG,EQ,23-Sep-2026,5159.5,5175.0,5189.0,5063.0,5096.5,15254,781.55,4710,8306.0,54.45,2026-09-23
FINIETF,EQ,23-Sep-2026,32.0,32.25,32.42,32.16,32.37,173757,56.14,651,116999.0,67.33,2026-09-23
FINKURVE,EQ,23-Sep-2026,70.39,71.69,71.7,69.5,70.12,35900,25.27,805,23316.0,64.95,2026-09-23
FINOPB,EQ,23-Sep-2026,133.02,132.0,134.29,132.0,132.68,272069,361.11,3400,141012.0,51.83,2026-09-23
FINPIPE,EQ,23-Sep-2026,152.94,152.95,155.95,152.05,154.16,604745,930.44,9952,149790.0,24.77,2026-09-23
FIRSTCRY,EQ,23-Sep-2026,175.08,176.8,183.2,175.63,180.41,3586209,6431.98,36722,1364904.0,38.06,2026-09-23
FISCHER,EQ,23-Sep-2026,32.95,33.2,36.15,33.13,35.03,2948354,1031.45,13693,1564703.0,53.07,2026-09-23
FIVESTAR,EQ,23-Sep-2026,524.85,524.5,552.0,524.5,549.7,871098,4723.08,43199,394491.0,45.29,2026-09-23
FLAIR,EQ,23-Sep-2026,241.29,241.5,246.2,232.5,240.79,94056,225.52,2745,39719.0,42.23,2026-09-23
FLEXIADD,EQ,23-Sep-2026,9.76,9.89,9.94,9.71,9.74,103672,10.11,497,46200.0,44.56,2026-09-23
FLEXITUFF,BE,23-Sep-2026,2.68,2.73,2.73,2.73,2.73,6852,0.19,24,,,2026-09-23
FLFL,BZ,23-Sep-2026,1.17,1.13,1.2,1.12,1.13,55159,0.63,77,,,2026-09-23
FLUOROCHEM,EQ,23-Sep-2026,4487.2,4487.2,4529.0,4460.0,4476.4,28976,1302.28,8440,16400.0,56.6,2026-09-23
FLYSBS,SM,23-Sep-2026,673.2,674.25,680.0,651.05,667.2,62000,412.01,200,39200.0,63.23,2026-09-23
FMCGADD,EQ,23-Sep-2026,45.84,45.84,46.65,45.43,45.86,5975,2.76,58,2656.0,44.45,2026-09-23
FMCGIETF,EQ,23-Sep-2026,49.19,49.2,49.79,49.16,49.71,646494,320.85,2269,480527.0,74.33,2026-09-23
FMGOETZE,EQ,23-Sep-2026,446.75,448.5,459.5,445.1,453.55,200283,909.41,5640,89897.0,44.88,2026-09-23
FMNL,EQ,23-Sep-2026,8.43,8.49,8.64,8.01,8.1,492846,39.78,685,279517.0,56.71,2026-09-23
FOCUS,BE,23-Sep-2026,59.97,60.73,60.9,59.51,60.1,35641,21.47,155,,,2026-09-23
FONEBOX,ST,23-Sep-2026,144.9,152.1,152.1,152.1,152.1,22000,33.46,15,22000.0,100.0,2026-09-23
FOODSIN,EQ,23-Sep-2026,53.83,53.03,54.19,53.03,53.41,207867,111.3,1066,180465.0,86.82,2026-09-23
FORCAS,ST,23-Sep-2026,218.95,226.85,228.0,215.0,220.0,22400,49.2,13,19200.0,85.71,2026-09-23
FORCEMOT,EQ,23-Sep-2026,17275.0,17395.0,17469.0,17304.0,17352.0,31775,5520.84,9956,13249.0,41.7,2026-09-23
FORGEAUTO,SM,23-Sep-2026,106.5,103.0,103.0,103.0,103.0,2400,2.47,2,2400.0,100.0,2026-09-23
FORTIS,EQ,23-Sep-2026,896.55,895.0,898.4,887.4,894.0,989288,8823.27,37362,612690.0,61.93,2026-09-23
FOSECOIND,EQ,23-Sep-2026,6562.0,6630.0,6704.5,6531.5,6555.0,11166,738.14,3973,5851.0,52.4,2026-09-23
FRACTAL,EQ,23-Sep-2026,761.4,763.0,768.8,756.5,761.65,256784,1957.45,13742,181397.0,70.64,2026-09-23
FREDUN,EQ,23-Sep-2026,1382.6,1409.0,1410.0,1385.1,1394.0,52582,735.88,4515,29324.0,55.77,2026-09-23
FRESHARA,ST,23-Sep-2026,408.85,403.0,418.2,398.0,406.0,43800,177.13,70,41400.0,94.52,2026-09-23
FROG,SM,23-Sep-2026,272.35,263.3,275.0,263.3,267.1,22400,60.35,49,15200.0,67.86,2026-09-23
FRONTSP,EQ,23-Sep-2026,1162.2,1175.4,1394.6,1175.4,1394.6,353549,4734.12,21247,77241.0,21.85,2026-09-23
FSL,EQ,23-Sep-2026,269.5,267.0,271.75,267.0,267.85,443067,1191.21,10802,157155.0,35.47,2026-09-23
FUSION,EQ,23-Sep-2026,183.6,184.6,186.9,183.03,184.2,157826,291.49,3256,84635.0,53.63,2026-09-23
FWSTC,SM,23-Sep-2026,170.0,170.0,170.0,170.0,170.0,600,1.02,1,600.0,100.0,2026-09-23
GABRIEL,EQ,23-Sep-2026,1471.4,1475.5,1494.9,1417.3,1428.1,1533195,22310.3,73855,178879.0,11.67,2026-09-23
GAEL,EQ,23-Sep-2026,157.08,157.5,165.0,157.41,163.19,947394,1541.43,20427,393255.0,41.51,2026-09-23
GAIL,EQ,23-Sep-2026,171.84,172.48,173.79,172.0,172.95,3320082,5744.34,42844,2052099.0,61.81,2026-09-23
GAJA,EQ,23-Sep-2026,159.34,158.6,158.6,148.41,150.04,1964327,2978.93,27271,692872.0,35.27,2026-09-23
GAJANAND,SM,23-Sep-2026,7.8,7.85,7.85,7.85,7.85,3000,0.24,1,3000.0,100.0,2026-09-23
GALAPREC,EQ,23-Sep-2026,1058.0,1066.5,1175.0,1064.0,1164.2,143631,1630.68,11969,54134.0,37.69,2026-09-23
GALAXYSURF,EQ,23-Sep-2026,2188.0,2210.6,2241.0,2182.6,2222.0,17378,385.98,5392,9412.0,54.16,2026-09-23
GALLANTT,EQ,23-Sep-2026,545.7,541.1,562.7,541.1,556.45,71669,397.71,4479,27024.0,37.71,2026-09-23
GANDHAR,EQ,23-Sep-2026,269.05,269.0,274.0,266.5,268.4,365423,986.38,6156,183559.0,50.23,2026-09-23
GANDHITUBE,EQ,23-Sep-2026,1003.2,1014.0,1024.0,990.0,995.05,27224,274.2,2626,15458.0,56.78,2026-09-23
GANECOS,EQ,23-Sep-2026,998.4,998.4,1040.0,998.4,1036.6,48904,501.75,4807,21046.0,43.04,2026-09-23
GANESHBE,BE,23-Sep-2026,125.22,125.22,131.48,125.0,131.08,435311,569.32,853,,,2026-09-23
GANESHCP,EQ,23-Sep-2026,166.59,167.43,168.07,163.75,164.48,120311,198.88,2035,74404.0,61.84,2026-09-23
GANESHHOU,EQ,23-Sep-2026,736.8,736.95,751.0,736.8,746.1,12216,91.01,968,6426.0,52.6,2026-09-23
GANESHIN,SM,23-Sep-2026,93.15,94.8,94.9,91.35,92.65,31200,29.23,30,24000.0,76.92,2026-09-23
GANGAFORGE,EQ,23-Sep-2026,1.57,1.57,1.58,1.54,1.55,2172488,33.75,1221,1804015.0,83.04,2026-09-23
GANGESSECU,EQ,23-Sep-2026,115.04,114.32,117.0,114.3,115.63,344,0.4,31,208.0,60.47,2026-09-23
GARFIBRES,EQ,23-Sep-2026,800.45,800.45,806.45,783.0,787.15,19548,154.99,2342,9757.0,49.91,2026-09-23
GARUDA,EQ,23-Sep-2026,181.56,183.45,187.6,181.5,184.48,811718,1502.57,12446,315673.0,38.89,2026-09-23
GATECH,BE,23-Sep-2026,0.79,0.82,0.82,0.76,0.76,18118023,144.35,4947,,,2026-09-23
GATECHDVR,BE,23-Sep-2026,0.48,0.48,0.49,0.47,0.48,424402,2.03,185,,,2026-09-23
GATEWAY,EQ,23-Sep-2026,52.28,52.28,52.94,52.1,52.67,372655,196.03,2335,188006.0,50.45,2026-09-23
GAUDIUMIVF,EQ,23-Sep-2026,111.35,109.12,119.4,109.12,117.69,430439,497.3,4842,235132.0,54.63,2026-09-23
GAYAHWS,EQ,23-Sep-2026,1.9,1.92,1.92,1.87,1.88,156707,2.96,270,140268.0,89.51,2026-09-23
GAYAPROJ,EQ,23-Sep-2026,23.68,23.9,24.36,23.0,24.17,858564,204.04,2891,495564.0,57.72,2026-09-23
GCHOTELS,ST,23-Sep-2026,126.8,127.0,133.1,125.95,130.0,29400,38.23,47,25200.0,85.71,2026-09-23
GCSL,EQ,23-Sep-2026,639.2,643.0,649.0,638.55,642.7,431390,2780.82,4293,147299.0,34.15,2026-09-23
GEECEE,BE,23-Sep-2026,373.85,376.6,387.3,368.75,377.95,510,1.91,21,,,2026-09-23
GEEKAYWIRE,EQ,23-Sep-2026,32.73,32.85,33.98,31.1,33.25,471955,154.5,1725,266774.0,56.53,2026-09-23
GEMAROMA,EQ,23-Sep-2026,153.72,153.62,157.0,152.86,154.94,54609,84.85,1302,27675.0,50.68,2026-09-23
GENCON,EQ,23-Sep-2026,39.84,39.16,40.29,39.11,39.31,237708,94.9,627,23525.0,9.9,2026-09-23
GENESYS,EQ,23-Sep-2026,280.1,280.1,283.8,274.61,281.62,396510,1106.05,6911,167451.0,42.23,2026-09-23
GENSOL,BZ,23-Sep-2026,16.93,16.56,17.14,16.56,16.77,50327,8.44,488,,,2026-09-23
GENUSPAPER,EQ,23-Sep-2026,11.28,11.2,11.57,11.2,11.34,60793,6.89,336,37590.0,61.83,2026-09-23
GENUSPOWER,EQ,23-Sep-2026,309.45,310.0,312.4,306.1,308.35,967695,2983.91,14637,509100.0,52.61,2026-09-23
GENXAI,SM,23-Sep-2026,73.0,74.5,75.5,73.0,75.4,25200,18.82,16,16800.0,66.67,2026-09-23
GEOJITFSL,EQ,23-Sep-2026,80.64,80.8,83.12,80.8,81.98,263464,216.23,2693,140433.0,53.3,2026-09-23
GESHIP,EQ,23-Sep-2026,1462.0,1462.9,1489.1,1459.0,1483.8,411769,6086.28,36278,232276.0,56.41,2026-09-23
GFLLIMITED,EQ,23-Sep-2026,56.95,56.0,58.49,56.0,56.74,36697,20.8,728,19053.0,51.92,2026-09-23
GFSTEELS,BE,23-Sep-2026,28.04,29.44,29.44,29.44,29.44,2454,0.72,14,,,2026-09-23
GGBL,SM,23-Sep-2026,216.1,218.0,226.1,215.0,224.7,34500,76.42,105,27300.0,79.13,2026-09-23
GHCL,EQ,23-Sep-2026,420.3,426.9,432.45,422.15,424.0,108262,460.95,6004,45139.0,41.69,2026-09-23
GHCLTEXTIL,EQ,23-Sep-2026,133.92,134.89,137.0,134.25,134.61,479396,649.43,9971,248471.0,51.83,2026-09-23
GICHSGFIN,EQ,23-Sep-2026,138.86,139.0,139.79,138.16,139.48,55197,76.84,612,38462.0,69.68,2026-09-23
GICL,BE,23-Sep-2026,23.33,23.18,24.0,22.3,23.33,276380,63.21,271,,,2026-09-23
GICRE,EQ,23-Sep-2026,341.2,341.7,345.75,341.5,344.15,284469,978.83,10143,124978.0,43.93,2026-09-23
GILLANDERS,EQ,23-Sep-2026,105.0,105.0,106.0,103.02,104.91,4202,4.4,40,4016.0,95.57,2026-09-23
GILLETTE,EQ,23-Sep-2026,7009.0,7009.0,7113.0,6970.0,7094.0,29337,2071.93,8492,17222.0,58.7,2026-09-23
GILT10BETA,EQ,23-Sep-2026,26.6,26.5,26.75,26.36,26.58,183,0.05,15,96.0,52.46,2026-09-23
GILT5BETA,EQ,23-Sep-2026,66.59,65.55,66.59,65.55,66.25,603,0.4,13,168.0,27.86,2026-09-23
GILT5YBEES,EQ,23-Sep-2026,65.92,65.9,66.31,65.9,66.05,107350,70.93,319,77981.0,72.64,2026-09-23
GINNIFILA,BE,23-Sep-2026,41.6,42.45,43.0,41.32,42.95,35575,15.13,85,,,2026-09-23
GIPCL,EQ,23-Sep-2026,186.92,187.36,195.08,185.69,191.64,488506,932.17,8166,244804.0,50.11,2026-09-23
GIRIRAJ,SM,23-Sep-2026,76.45,73.45,80.25,72.65,74.45,12500,9.41,30,8250.0,66.0,2026-09-23
GJL,ST,23-Sep-2026,334.45,351.15,351.15,351.0,351.0,4800,16.85,4,4800.0,100.0,2026-09-23
GKB,EQ,23-Sep-2026,68.37,66.38,70.52,66.38,69.73,10666,7.32,190,6199.0,58.12,2026-09-23
GKENERGY,EQ,23-Sep-2026,127.77,129.0,129.46,126.41,127.14,264474,337.1,3447,119306.0,45.11,2026-09-23
GKSL,EQ,23-Sep-2026,175.17,176.03,180.45,175.0,177.71,561223,1001.9,8120,264947.0,47.21,2026-09-23
GKWLIMITED,EQ,23-Sep-2026,1565.4,1608.0,1608.8,1599.0,1605.0,238,3.81,23,236.0,99.16,2026-09-23
GLAND,EQ,23-Sep-2026,2916.6,2913.0,2938.8,2888.1,2910.2,160041,4668.11,25282,73868.0,46.16,2026-09-23
GLASSWALL,EQ,23-Sep-2026,309.29,309.99,314.29,278.37,286.41,35196312,104514.08,291324,3471469.0,9.86,2026-09-23
GLAXO,EQ,23-Sep-2026,2873.6,2859.6,2922.0,2839.9,2876.9,167009,4831.68,11844,120718.0,72.28,2026-09-23
GLENMARK,EQ,23-Sep-2026,2461.4,2472.0,2482.6,2453.6,2475.0,597118,14765.66,37704,401194.0,67.19,2026-09-23
GLFL,EQ,23-Sep-2026,5.09,4.85,5.25,4.85,5.09,3499,0.18,23,2815.0,80.45,2026-09-23
GLOBAL,EQ,23-Sep-2026,132.23,134.2,135.6,131.0,134.45,318189,425.82,3331,222976.0,70.08,2026-09-23
GLOBALE,EQ,23-Sep-2026,11.15,11.13,11.41,10.61,11.34,4225,0.45,28,3920.0,92.78,2026-09-23
GLOBALPET,SM,23-Sep-2026,165.0,160.0,160.0,160.0,160.0,750,1.2,1,750.0,100.0,2026-09-23
GLOBALVECT,EQ,23-Sep-2026,133.41,137.41,139.0,134.25,137.46,6493,8.91,210,4176.0,64.32,2026-09-23
GLOBE,EQ,23-Sep-2026,2.22,2.27,2.44,2.17,2.24,1630865,37.26,753,1016013.0,62.3,2026-09-23
GLOBECIVIL,EQ,23-Sep-2026,43.66,44.0,45.0,43.0,44.18,24584,10.9,413,15092.0,61.39,2026-09-23
GLOBUSSPR,EQ,23-Sep-2026,821.3,821.3,835.0,821.3,829.1,60628,502.98,6698,32600.0,53.77,2026-09-23
GLOSTERLTD,EQ,23-Sep-2026,572.15,562.0,580.0,562.0,578.0,847,4.84,67,624.0,73.67,2026-09-23
GLOTTIS,EQ,23-Sep-2026,57.41,57.25,58.5,57.25,58.1,52488,30.46,580,45830.0,87.32,2026-09-23
GMBREW,EQ,23-Sep-2026,948.05,948.05,973.0,945.1,968.3,49050,472.59,3591,26537.0,54.1,2026-09-23
GMDCLTD,EQ,23-Sep-2026,563.65,557.0,561.85,554.7,556.7,588607,3283.42,16439,204221.0,34.7,2026-09-23
GMMPFAUDLR,EQ,23-Sep-2026,1462.3,1470.9,1486.0,1425.6,1432.6,245810,3560.16,21123,139956.0,56.94,2026-09-23
GMRAIRPORT,EQ,23-Sep-2026,98.35,98.58,99.14,97.98,99.14,12088650,11919.06,35579,8214432.0,67.95,2026-09-23
GMRP&UI,EQ,23-Sep-2026,95.26,94.6,100.12,94.5,98.13,3658751,3607.94,21701,1803230.0,49.29,2026-09-23
GNA,EQ,23-Sep-2026,561.65,561.7,601.0,550.6,596.65,3594624,20917.65,73641,1147948.0,31.94,2026-09-23
GNFC,EQ,23-Sep-2026,598.7,601.0,628.1,594.55,623.05,1894770,11712.25,44169,830404.0,43.83,2026-09-23
GNRL,EQ,23-Sep-2026,98.42,98.6,99.6,95.0,98.07,1665342,1604.72,8858,1321342.0,79.34,2026-09-23
GOACARBON,EQ,23-Sep-2026,386.9,381.2,409.0,381.2,402.35,35405,141.8,1415,21043.0,59.44,2026-09-23
GOCLCORP,EQ,23-Sep-2026,411.05,407.75,413.8,389.15,392.75,281400,1114.85,10711,127848.0,45.43,2026-09-23
GOCOLORS,EQ,23-Sep-2026,307.9,308.0,323.95,308.0,317.55,89102,282.53,3224,32533.0,36.51,2026-09-23
GODAVARIB,EQ,23-Sep-2026,243.4,244.3,244.9,238.05,239.43,49964,120.52,1336,31979.0,64.0,2026-09-23
GODFRYPHLP,EQ,23-Sep-2026,1970.0,1979.9,2019.1,1977.8,2003.0,144961,2904.18,10284,46703.0,32.22,2026-09-23
GODIGIT,EQ,23-Sep-2026,241.85,240.2,245.6,239.3,245.0,267080,650.05,10152,136918.0,51.26,2026-09-23
GODREJAGRO,EQ,23-Sep-2026,653.9,654.0,674.95,653.9,670.05,175495,1171.02,10341,84441.0,48.12,2026-09-23
GODREJCP,EQ,23-Sep-2026,873.6,871.5,883.65,871.5,879.75,515092,4535.87,12425,285008.0,55.33,2026-09-23
GODREJIND,EQ,23-Sep-2026,1099.6,1099.6,1117.0,1094.7,1106.0,35933,397.69,4092,13769.0,38.32,2026-09-23
GODREJPROP,EQ,23-Sep-2026,1699.5,1700.9,1720.0,1700.9,1707.6,307495,5262.62,17971,131883.0,42.89,2026-09-23
GOKEX,EQ,23-Sep-2026,695.05,698.0,717.2,698.0,710.25,255593,1819.22,18604,95913.0,37.53,2026-09-23
GOKUL,EQ,23-Sep-2026,40.4,40.59,41.39,39.62,40.42,163693,67.13,534,41456.0,25.33,2026-09-23
GOKULAGRO,EQ,23-Sep-2026,221.15,220.12,229.0,220.12,225.81,260169,587.13,8719,101804.0,39.13,2026-09-23
GOLD1,EQ,23-Sep-2026,125.99,126.5,126.66,125.81,125.96,1728462,2181.53,5448,1000497.0,57.88,2026-09-23
GOLD360,EQ,23-Sep-2026,147.45,147.45,148.05,147.05,147.35,3856,5.69,144,2064.0,53.53,2026-09-23
GOLDADD,EQ,23-Sep-2026,14.69,14.71,14.75,14.64,14.65,9154776,1343.84,3812,6125416.0,66.91,2026-09-23
GOLDAXIS,EQ,23-Sep-2026,125.84,125.85,126.35,125.51,125.69,544295,685.62,1860,213914.0,39.3,2026-09-23
GOLDBEES,EQ,23-Sep-2026,125.0,125.29,125.51,124.59,124.73,14210476,17768.71,68827,8101974.0,57.01,2026-09-23
GOLDBETA,EQ,23-Sep-2026,127.25,126.4,127.75,126.4,127.1,606078,771.07,2193,407806.0,67.29,2026-09-23
GOLDBND,EQ,23-Sep-2026,151.21,151.05,152.37,150.67,150.95,7955,12.02,93,6638.0,83.44,2026-09-23
GOLDCASE,EQ,23-Sep-2026,23.79,23.87,23.9,23.74,23.76,10005755,2381.58,6919,6477106.0,64.73,2026-09-23
GOLDENTOBC,BZ,23-Sep-2026,23.65,23.18,24.5,23.0,23.5,1672,0.4,47,,,2026-09-23
GOLDETF,EQ,23-Sep-2026,146.96,147.37,147.48,146.59,146.79,1184368,1741.94,3330,618026.0,52.18,2026-09-23
GOLDIAM,EQ,23-Sep-2026,319.8,322.0,333.5,321.45,332.6,477829,1572.13,10052,223547.0,46.78,2026-09-23
GOLDIETF,EQ,23-Sep-2026,129.42,129.5,129.99,129.07,129.21,2501126,3239.94,19911,1289912.0,51.57,2026-09-23
GOLDSTAR,SM,23-Sep-2026,9.45,9.45,9.85,9.2,9.7,596250,57.02,48,393750.0,66.04,2026-09-23
GOLDTECH,BE,23-Sep-2026,41.99,41.99,44.08,41.99,44.08,17332,7.54,91,,,2026-09-23
GOODLUCK,EQ,23-Sep-2026,538.05,546.1,552.0,533.75,537.1,928120,5041.06,33847,366727.0,39.51,2026-09-23
GOODYEAR,EQ,23-Sep-2026,706.25,707.05,719.6,705.05,709.7,5945,42.2,523,4236.0,71.25,2026-09-23
GOPAL,EQ,23-Sep-2026,258.35,260.0,274.75,257.0,262.45,345990,911.53,18177,126671.0,36.61,2026-09-23
GOYALALUM,EQ,23-Sep-2026,5.97,6.09,6.49,5.52,5.92,230349,13.61,994,89164.0,38.71,2026-09-23
GOYALSALT,SM,23-Sep-2026,107.65,109.0,109.2,105.65,108.9,10200,10.92,9,10200.0,100.0,2026-09-23
GPECO,SM,23-Sep-2026,403.5,409.8,409.8,400.0,401.7,8800,35.44,40,6000.0,68.18,2026-09-23
GPIL,EQ,23-Sep-2026,232.89,232.89,236.8,232.89,234.68,1428181,3356.84,19698,754109.0,52.8,2026-09-23
GPPL,EQ,23-Sep-2026,164.41,165.23,166.35,163.7,164.12,658410,1082.52,17318,383973.0,58.32,2026-09-23
GPTHEALTH,EQ,23-Sep-2026,162.79,162.79,166.0,160.35,161.5,65970,107.16,2101,28908.0,43.82,2026-09-23
GPTINFRA,EQ,23-Sep-2026,118.16,118.99,119.94,115.45,116.29,148368,172.94,1999,86615.0,58.38,2026-09-23
GRADIENTE,BE,23-Sep-2026,2.37,2.36,2.4,2.26,2.26,375585,8.59,251,,,2026-09-23
GRANDOAK,EQ,23-Sep-2026,33.6,34.7,35.18,34.0,35.06,4167,1.45,220,2828.0,67.87,2026-09-23
GRANULES,EQ,23-Sep-2026,864.05,861.95,873.95,857.35,860.25,394983,3408.07,18114,210498.0,53.29,2026-09-23
GRAPHISAD,SM,23-Sep-2026,24.65,24.5,25.0,24.5,24.5,7200,1.79,6,7200.0,100.0,2026-09-23
GRAPHITE,EQ,23-Sep-2026,827.75,832.0,853.2,815.0,821.0,2358335,19729.18,67398,735097.0,31.17,2026-09-23
GRASIM,EQ,23-Sep-2026,3128.2,3138.0,3190.0,3127.1,3188.5,411551,13029.61,32915,214650.0,52.16,2026-09-23
GRAUWEIL,EQ,23-Sep-2026,83.24,83.48,87.6,82.6,86.18,1342329,1153.99,13985,521344.0,38.84,2026-09-23
GRAVISSHO,BE,23-Sep-2026,34.53,33.2,33.2,32.81,32.81,5544,1.82,50,,,2026-09-23
GRAVITA,EQ,23-Sep-2026,1564.9,1571.0,1583.0,1554.5,1561.1,358210,5599.99,31944,224002.0,62.53,2026-09-23
GRCL,SM,23-Sep-2026,570.0,570.0,570.0,546.0,546.0,10250,57.35,12,9250.0,90.24,2026-09-23
GREAVESCOT,EQ,23-Sep-2026,199.67,198.75,209.2,197.51,206.01,2224825,4572.09,31676,1148853.0,51.64,2026-09-23
GREENCHEF,SM,23-Sep-2026,74.0,75.95,76.5,73.75,74.35,23200,17.46,27,20000.0,86.21,2026-09-23
GREENLAM,EQ,23-Sep-2026,226.17,225.07,229.19,223.08,227.83,41627,94.52,1402,21702.0,52.13,2026-09-23
GREENLEAF,ST,23-Sep-2026,106.4,103.0,105.0,103.0,104.95,3000,3.13,3,2000.0,66.67,2026-09-23
GREENPANEL,EQ,23-Sep-2026,170.18,171.0,171.54,167.69,169.08,112565,190.82,3387,62006.0,55.08,2026-09-23
GREENPLY,EQ,23-Sep-2026,296.65,296.95,306.8,296.1,298.4,423550,1272.41,14878,225667.0,53.28,2026-09-23
GREENPOWER,EQ,23-Sep-2026,9.0,9.18,9.18,9.03,9.08,2257309,205.0,3049,1077760.0,47.75,2026-09-23
GRINDWELL,EQ,23-Sep-2026,1941.9,1942.2,1999.4,1942.0,1977.6,22292,441.71,4454,10847.0,48.66,2026-09-23
GRINFRA,EQ,23-Sep-2026,805.15,808.2,827.8,808.2,825.65,28505,233.78,2536,12403.0,43.51,2026-09-23
GRMOVER,EQ,23-Sep-2026,80.59,80.25,82.2,80.25,81.54,917723,747.81,4837,198142.0,21.59,2026-09-23
GROBTEA,EQ,23-Sep-2026,904.2,920.0,920.0,900.0,919.35,65,0.59,12,46.0,70.77,2026-09-23
GROWW,EQ,23-Sep-2026,189.18,189.18,190.44,188.0,188.63,12891618,24347.35,68822,6432188.0,49.89,2026-09-23
GROWWCAPM,EQ,23-Sep-2026,11.16,11.19,11.39,11.07,11.29,311014,35.05,740,204301.0,65.69,2026-09-23
GROWWCHEM,EQ,23-Sep-2026,29.27,28.53,29.9,28.53,29.6,29661,8.77,156,16244.0,54.77,2026-09-23
GROWWDEFNC,EQ,23-Sep-2026,94.27,95.21,95.21,93.77,94.32,134196,126.98,1781,68145.0,50.78,2026-09-23
GROWWEV,EQ,23-Sep-2026,31.41,31.41,31.75,31.3,31.5,202614,63.91,1284,92689.0,45.75,2026-09-23
GROWWGOLD,EQ,23-Sep-2026,14.75,14.75,14.85,14.72,14.74,1202515,177.7,2277,525038.0,43.66,2026-09-23
GROWWHOSPI,EQ,23-Sep-2026,52.85,52.85,53.5,52.44,53.2,121823,64.6,552,74693.0,61.31,2026-09-23
GROWWLIQID,EQ,23-Sep-2026,110.84,110.86,110.87,110.86,110.86,212148,235.19,167,186651.0,87.98,2026-09-23
GROWWLOVOL,EQ,23-Sep-2026,10.18,10.32,10.32,10.1,10.19,7317,0.74,87,4265.0,58.29,2026-09-23
GROWWMC150,EQ,23-Sep-2026,227.56,227.0,230.65,227.0,230.65,3762,8.6,24,3713.0,98.7,2026-09-23
GROWWMETAL,EQ,23-Sep-2026,12.36,12.36,12.67,12.36,12.6,542690,68.22,1074,347972.0,64.12,2026-09-23
GROWWMOM50,EQ,23-Sep-2026,10.88,10.88,10.94,10.83,10.92,41322,4.51,302,30236.0,73.17,2026-09-23
GROWWN200,EQ,23-Sep-2026,11.05,11.27,11.27,11.04,11.15,29199,3.25,235,22328.0,76.47,2026-09-23
GROWWNET,EQ,23-Sep-2026,11.11,11.21,11.57,11.05,11.15,402523,44.82,661,237883.0,59.1,2026-09-23
GROWWNIFTY,EQ,23-Sep-2026,9.47,9.47,9.58,9.41,9.51,521396,49.44,4304,318314.0,61.05,2026-09-23
GROWWNXT50,EQ,23-Sep-2026,71.52,72.28,73.25,70.52,72.02,26606,19.24,402,6167.0,23.18,2026-09-23
GROWWPOWER,EQ,23-Sep-2026,11.17,11.18,11.23,11.11,11.16,937400,104.67,1662,483983.0,51.63,2026-09-23
GROWWPSE,EQ,23-Sep-2026,96.99,96.99,98.0,95.97,96.84,10511,10.2,125,5202.0,49.49,2026-09-23
GROWWPSUBK,EQ,23-Sep-2026,82.64,80.57,84.5,80.57,83.6,5332,4.46,130,1562.0,29.29,2026-09-23
GROWWRAIL,EQ,23-Sep-2026,27.16,27.2,27.27,27.0,27.07,297097,80.59,2017,160404.0,53.99,2026-09-23
GROWWRLTY,EQ,23-Sep-2026,9.56,9.76,9.82,9.64,9.74,255255,24.91,460,195528.0,76.6,2026-09-23
GROWWSC250,EQ,23-Sep-2026,10.54,10.54,10.63,10.51,10.62,121793,12.91,373,119366.0,98.01,2026-09-23
GROWWSLVR,EQ,23-Sep-2026,22.56,22.84,22.92,22.53,22.57,1279570,290.62,1682,547672.0,42.8,2026-09-23
GRPLTD,EQ,23-Sep-2026,2000.0,2000.0,2009.9,1985.1,2001.2,244,4.88,88,176.0,72.13,2026-09-23
GRSE,EQ,23-Sep-2026,2399.7,2407.0,2415.3,2376.0,2380.6,190681,4553.4,14862,76889.0,40.32,2026-09-23
GRWRHITECH,EQ,23-Sep-2026,6366.5,6366.5,6666.0,6240.0,6537.5,105577,6850.15,25727,29950.0,28.37,2026-09-23
GSEC10ABSL,EQ,23-Sep-2026,112.1,112.0,112.0,112.0,112.0,1,0.0,1,1.0,100.0,2026-09-23
GSEC10IETF,EQ,23-Sep-2026,264.6,261.77,264.48,261.77,261.97,12,0.03,6,8.0,66.67,2026-09-23
GSEC10YEAR,EQ,23-Sep-2026,30.12,30.13,30.5,30.13,30.44,727,0.22,12,725.0,99.72,2026-09-23
GSEC5IETF,EQ,23-Sep-2026,66.09,66.15,66.55,65.98,66.1,18607,12.33,42,10282.0,55.26,2026-09-23
GSFC,EQ,23-Sep-2026,152.19,152.79,157.79,151.81,155.34,1011816,1569.87,14167,374472.0,37.01,2026-09-23
GSLSU,EQ,23-Sep-2026,30.91,32.0,32.45,31.51,32.43,82751,26.8,541,68801.0,83.14,2026-09-23
GSMFOILS,SM,23-Sep-2026,81.1,81.9,81.9,77.05,77.6,570000,445.83,686,235000.0,41.23,2026-09-23
GSPCROP,EQ,23-Sep-2026,484.9,487.95,498.8,486.35,488.85,242198,1193.67,3037,16488.0,6.81,2026-09-23
GSS,EQ,23-Sep-2026,10.54,10.17,10.89,10.17,10.51,12957,1.37,226,8613.0,66.47,2026-09-23
GSTL,SM,23-Sep-2026,12.45,12.45,12.45,12.05,12.05,5000,0.61,5,4000.0,80.0,2026-09-23
GTECJAINX,EQ,23-Sep-2026,28.43,29.3,29.3,26.55,28.07,7134,1.98,102,3147.0,44.11,2026-09-23
GTL,EQ,23-Sep-2026,6.99,7.05,7.09,6.98,7.03,121517,8.55,496,77335.0,63.64,2026-09-23
GTLINFRA,EQ,23-Sep-2026,1.12,1.12,1.15,1.12,1.14,17742687,201.75,9265,11597410.0,65.36,2026-09-23
GTPL,EQ,23-Sep-2026,55.06,55.61,56.7,54.86,56.07,28237,15.7,623,14112.0,49.98,2026-09-23
GUFICBIO,EQ,23-Sep-2026,442.15,443.05,446.8,431.45,437.45,87869,386.98,2843,55587.0,63.26,2026-09-23
GUJALKALI,EQ,23-Sep-2026,626.55,626.9,634.9,625.0,633.0,44404,280.71,2747,19043.0,42.89,2026-09-23
GUJAPOLLO,EQ,23-Sep-2026,337.4,344.95,344.95,336.5,336.95,3229,10.94,175,1740.0,53.89,2026-09-23
GUJENERGY,EQ,23-Sep-2026,230.4,231.0,238.74,229.78,237.32,1653518,3889.12,37494,926569.0,56.04,2026-09-23
GUJRAFFIA,EQ,23-Sep-2026,39.21,39.21,41.38,39.2,40.0,5157,2.05,193,4240.0,82.22,2026-09-23
GUJTHEM,EQ,23-Sep-2026,411.65,411.75,418.0,408.0,410.75,865520,3556.89,7966,776144.0,89.67,2026-09-23
GULFOILLUB,EQ,23-Sep-2026,1050.9,1048.0,1104.3,1048.0,1098.7,68465,740.24,4502,45610.0,66.62,2026-09-23
GULFPETRO,BE,23-Sep-2026,63.45,63.27,66.62,62.15,66.38,121748,78.92,491,,,2026-09-23
GULPOLY,EQ,23-Sep-2026,173.1,174.54,177.01,173.03,174.22,63175,110.33,2216,33074.0,52.35,2026-09-23
GURUNANAK,SM,23-Sep-2026,38.0,36.5,36.5,36.5,36.5,1600,0.58,1,1600.0,100.0,2026-09-23
GVKPIL,BE,23-Sep-2026,2.49,2.53,2.53,2.53,2.53,282179,7.14,150,,,2026-09-23
GVPIL,EQ,23-Sep-2026,673.1,685.0,694.05,666.0,686.3,180685,1232.12,8218,77869.0,43.1,2026-09-23
GVPTECH,BE,23-Sep-2026,7.39,7.69,7.74,7.2,7.55,40970,3.07,234,,,2026-09-23
GVT&D,EQ,23-Sep-2026,4348.0,4381.0,4433.0,4335.2,4417.0,566900,24936.84,87820,384629.0,67.85,2026-09-23
GYFTR,EQ,23-Sep-2026,168.5,169.8,170.48,166.46,168.03,48837,82.38,2136,26830.0,54.94,2026-09-23
HAL,EQ,23-Sep-2026,4800.0,4810.0,4849.0,4802.0,4836.0,432866,20909.62,27087,218941.0,50.58,2026-09-23
HALDER,EQ,23-Sep-2026,277.3,278.65,283.75,260.0,266.15,60410,163.55,1219,25831.0,42.76,2026-09-23
HALDYNGL,BE,23-Sep-2026,143.05,144.3,148.89,141.5,147.83,28450,41.36,217,,,2026-09-23
HALEOSLABS,EQ,23-Sep-2026,1500.0,1533.0,1554.0,1488.4,1510.7,1188,18.16,213,827.0,69.61,2026-09-23
HAMPTON,EQ,23-Sep-2026,8.17,8.17,8.45,8.0,8.09,10823,0.89,73,6800.0,62.83,2026-09-23
HAPPSTMNDS,EQ,23-Sep-2026,313.4,316.2,320.8,313.85,317.7,632423,2002.98,17336,280492.0,44.35,2026-09-23
HAPPY,SM,23-Sep-2026,74.75,77.35,77.35,75.4,75.4,22000,16.83,11,20000.0,90.91,2026-09-23
HAPPYFORGE,EQ,23-Sep-2026,2108.5,2108.5,2138.9,2091.1,2099.8,82497,1744.73,13325,55723.0,67.55,2026-09-23
HARDWYN,EQ,23-Sep-2026,9.09,9.1,9.28,9.05,9.22,619192,56.64,677,402418.0,64.99,2026-09-23
HARIOMPIPE,EQ,23-Sep-2026,361.85,361.85,367.45,355.8,357.2,113058,408.27,4702,57935.0,51.24,2026-09-23
HARRMALAYA,EQ,23-Sep-2026,176.66,180.0,182.68,176.1,178.03,13996,25.03,426,10581.0,75.6,2026-09-23
HARSHA,EQ,23-Sep-2026,465.1,469.55,474.0,461.55,464.5,97147,453.49,4204,47286.0,48.67,2026-09-23
HATHWAY,EQ,23-Sep-2026,9.99,9.95,10.15,9.95,10.1,1433477,144.19,1839,804012.0,56.09,2026-09-23
HATSUN,EQ,23-Sep-2026,1168.0,1169.2,1184.3,1148.1,1155.7,23574,273.7,2872,12732.0,54.01,2026-09-23
HAVELLS,EQ,23-Sep-2026,1088.9,1091.1,1098.0,1086.1,1096.5,492115,5383.16,29928,269418.0,54.75,2026-09-23
HAVISHA,EQ,23-Sep-2026,1.36,1.34,1.4,1.34,1.38,25254,0.35,69,22055.0,87.33,2026-09-23
HAWKINCOOK,EQ,23-Sep-2026,8009.5,7971.5,8130.0,7971.5,7992.0,1600,128.07,451,1224.0,76.5,2026-09-23
HAZOOR,EQ,23-Sep-2026,19.11,19.27,19.3,19.05,19.05,113893,21.79,336,56716.0,49.8,2026-09-23
HBESD,EQ,23-Sep-2026,70.52,71.0,71.0,70.55,70.65,246,0.17,12,238.0,96.75,2026-09-23
HBLENGINE,EQ,23-Sep-2026,767.15,769.8,786.4,758.6,764.35,1528909,11832.87,45038,542089.0,35.46,2026-09-23
HBPOR,EQ,23-Sep-2026,61.99,61.99,62.0,61.99,62.0,37,0.02,6,36.0,97.3,2026-09-23
HBSL,EQ,23-Sep-2026,54.45,55.26,56.5,54.99,55.68,3738,2.07,58,3611.0,96.6,2026-09-23
HCC,EQ,23-Sep-2026,21.67,21.75,22.29,21.66,22.17,11996406,2639.1,19866,5291773.0,44.11,2026-09-23
HCG,EQ,23-Sep-2026,713.1,713.1,723.25,706.2,712.7,81683,584.55,11869,47796.0,58.51,2026-09-23
HCL-INSYS,EQ,23-Sep-2026,10.79,10.94,11.1,10.73,10.93,306094,33.53,801,223208.0,72.92,2026-09-23
HCLTECH,EQ,23-Sep-2026,1270.4,1270.0,1279.8,1250.0,1256.7,2724431,34393.35,65117,1589774.0,58.35,2026-09-23
HDBFS,EQ,23-Sep-2026,674.55,674.0,678.15,669.8,670.8,233723,1571.19,11311,147525.0,63.12,2026-09-23
HDFCAMC,EQ,23-Sep-2026,2430.0,2426.4,2454.0,2426.0,2448.3,266881,6528.54,23068,174356.0,65.33,2026-09-23
HDFCBANK,EQ,23-Sep-2026,738.6,735.65,742.8,734.0,737.25,23197231,171547.7,225520,15746596.0,67.88,2026-09-23
HDFCBSE500,EQ,23-Sep-2026,36.79,36.96,36.97,36.75,36.92,1349938,497.0,259,1028773.0,76.21,2026-09-23
HDFCGOLD,EQ,23-Sep-2026,129.26,129.26,129.65,128.81,128.94,2356873,3042.92,5903,1567481.0,66.51,2026-09-23
HDFCGROWTH,EQ,23-Sep-2026,114.34,114.04,114.75,113.67,114.12,6815,7.77,152,3084.0,45.25,2026-09-23
HDFCLIFE,EQ,23-Sep-2026,559.2,561.9,565.5,556.4,561.5,2018805,11363.09,35379,1222580.0,60.56,2026-09-23
HDFCLIQUID,EQ,23-Sep-2026,1078.92,1079.06,1079.06,1079.04,1079.06,13088,141.23,39,9553.0,72.99,2026-09-23
HDFCLOWVOL,EQ,23-Sep-2026,19.96,20.05,20.05,19.93,19.93,836,0.17,44,473.0,56.58,2026-09-23
HDFCMID150,EQ,23-Sep-2026,23.16,23.2,23.29,23.14,23.25,250079,58.05,957,155298.0,62.1,2026-09-23
HDFCMOMENT,EQ,23-Sep-2026,30.69,30.68,30.97,30.6,30.87,65064,20.02,399,35990.0,55.31,2026-09-23
HDFCNEXT50,EQ,23-Sep-2026,73.66,73.67,74.2,73.66,74.12,32428,23.99,360,24441.0,75.37,2026-09-23
HDFCNIF100,EQ,23-Sep-2026,25.31,25.42,25.51,25.36,25.45,70609,17.99,198,67405.0,95.46,2026-09-23
HDFCNIFBAN,EQ,23-Sep-2026,58.03,58.03,58.32,58.02,58.14,277775,161.7,344,258215.0,92.96,2026-09-23
HDFCNIFIT,EQ,23-Sep-2026,30.49,30.97,30.97,30.1,30.26,145162,44.05,510,76928.0,52.99,2026-09-23
HDFCNIFTY,EQ,23-Sep-2026,263.97,270.56,270.56,263.62,264.65,109200,288.88,829,79801.0,73.08,2026-09-23
HDFCNIMEG,EQ,23-Sep-2026,129.68,131.28,132.99,131.05,132.45,13650,18.01,87,12301.0,90.12,2026-09-23
HDFCPSUBK,EQ,23-Sep-2026,83.44,83.03,84.7,83.03,84.34,30982,26.15,170,20738.0,66.94,2026-09-23
HDFCPVTBAN,EQ,23-Sep-2026,27.88,28.01,28.05,27.86,27.95,111094,31.05,304,65332.0,58.81,2026-09-23
HDFCQUAL,EQ,23-Sep-2026,56.82,57.09,57.19,56.9,56.93,4383,2.5,51,2212.0,50.47,2026-09-23
HDFCSENSEX,EQ,23-Sep-2026,84.8,85.18,85.23,84.54,85.0,31734,26.94,431,20578.0,64.85,2026-09-23
HDFCSILVER,EQ,23-Sep-2026,220.07,222.35,223.45,219.74,220.13,1789966,3969.63,7697,617724.0,34.51,2026-09-23
HDFCSML250,EQ,23-Sep-2026,183.98,184.91,186.39,183.98,185.99,1260149,2337.7,7549,915882.0,72.68,2026-09-23
HDFCVALUE,EQ,23-Sep-2026,121.26,121.26,122.39,121.26,122.17,6856,8.38,50,2305.0,33.62,2026-09-23
HDIL,BZ,23-Sep-2026,1.45,1.47,1.5,1.44,1.47,112012,1.63,163,,,2026-09-23
HEADSUP,EQ,23-Sep-2026,6.77,6.75,6.88,6.61,6.77,5722,0.38,85,3519.0,61.5,2026-09-23
HEALTHADD,EQ,23-Sep-2026,16.9,16.9,17.05,16.88,16.9,121051,20.57,62,61124.0,50.49,2026-09-23
HEALTHAXIS,EQ,23-Sep-2026,171.22,170.32,175.0,170.32,173.88,1915,3.29,71,1202.0,62.77,2026-09-23
HEALTHCARE,EQ,23-Sep-2026,21.9,21.35,23.8,21.35,22.09,31580,6.95,170,13733.0,43.49,2026-09-23
HEALTHIETF,EQ,23-Sep-2026,171.77,172.0,173.33,170.83,172.89,72206,124.53,1569,39993.0,55.39,2026-09-23
HEALTHX,EQ,23-Sep-2026,289.4,290.0,299.8,290.0,293.3,3099,9.13,129,2527.0,81.54,2026-09-23
HEALTHY,EQ,23-Sep-2026,17.24,17.08,17.54,17.08,17.36,636884,110.43,815,504955.0,79.29,2026-09-23
HECPROJECT,EQ,23-Sep-2026,115.68,115.69,117.5,114.0,115.42,6902,7.99,162,4424.0,64.1,2026-09-23
HEGAM,EQ,23-Sep-2026,232.9,233.0,240.95,232.2,237.3,1038595,2456.91,23144,573994.0,55.27,2026-09-23
HEIDELBERG,EQ,23-Sep-2026,141.13,142.1,142.1,140.94,141.58,82223,116.35,1983,45205.0,54.98,2026-09-23
HEMIPROP,EQ,23-Sep-2026,119.16,119.5,122.28,119.31,120.91,162616,197.22,2414,84546.0,51.99,2026-09-23
HERANBA,EQ,23-Sep-2026,166.47,167.68,172.96,167.46,171.49,23980,40.95,1253,12124.0,50.56,2026-09-23
HERITGFOOD,EQ,23-Sep-2026,414.7,414.4,427.0,411.15,424.05,338968,1420.42,9408,149636.0,44.14,2026-09-23
HEROMOTOCO,EQ,23-Sep-2026,5373.0,5395.0,5448.5,5365.0,5394.0,304703,16461.69,27642,164008.0,53.83,2026-09-23
HEROMOTORS,EQ,23-Sep-2026,84.0,82.0,98.4,80.5,98.4,139842838,127633.17,446645,37154411.0,26.57,2026-09-23
HESTERBIO,EQ,23-Sep-2026,2178.7,2178.0,2261.2,2177.4,2241.8,1601,35.7,410,794.0,49.59,2026-09-23
HEXAGON,BE,23-Sep-2026,65.07,65.05,67.0,64.69,65.68,129098,84.53,523,,,2026-09-23
HEXATRADEX,EQ,23-Sep-2026,158.81,158.81,160.0,158.35,158.95,682,1.09,29,570.0,83.58,2026-09-23
HEXT,EQ,23-Sep-2026,504.2,504.8,509.3,498.25,500.0,124075,623.62,6638,55300.0,44.57,2026-09-23
HFCL,BE,23-Sep-2026,221.06,221.45,221.45,215.1,217.37,4418862,9638.07,35613,,,2026-09-23
HGINFRA,EQ,23-Sep-2026,444.45,444.0,452.8,444.0,450.7,46742,209.79,3932,23301.0,49.85,2026-09-23
HGM,EQ,23-Sep-2026,42.66,42.66,43.45,42.0,42.64,7787,3.33,128,4342.0,55.76,2026-09-23
HGS,EQ,23-Sep-2026,379.65,379.65,384.0,376.1,378.5,20489,77.69,910,13797.0,67.34,2026-09-23
HIGREEN,SM,23-Sep-2026,108.9,113.9,113.9,107.05,107.75,31200,33.92,39,21600.0,69.23,2026-09-23
HIKAL,EQ,23-Sep-2026,227.0,229.0,240.88,227.1,232.43,1322731,3113.19,27346,402225.0,30.41,2026-09-23
HILINFRA,EQ,23-Sep-2026,43.26,43.7,43.88,43.2,43.56,59582,25.97,596,46455.0,77.97,2026-09-23
HILTON,EQ,23-Sep-2026,16.59,16.59,17.05,16.5,16.73,104278,17.48,539,78938.0,75.7,2026-09-23
HIMATSEIDE,EQ,23-Sep-2026,63.21,63.6,68.38,63.41,67.87,1480818,988.25,15429,706002.0,47.68,2026-09-23
HINDADH,EQ,23-Sep-2026,384.45,386.7,387.95,377.3,380.4,5308,20.2,139,5106.0,96.19,2026-09-23
HINDALCO,EQ,23-Sep-2026,973.0,979.5,1003.8,978.2,1003.8,5158521,51155.54,97602,2908638.0,56.39,2026-09-23
HINDALUMI,EQ,23-Sep-2026,94.08,94.5,95.0,92.0,93.78,3123,2.92,101,2638.0,84.47,2026-09-23
HINDCOMPOS,EQ,23-Sep-2026,376.55,376.55,393.8,376.55,389.1,5952,23.19,327,4458.0,74.9,2026-09-23
HINDCON,EQ,23-Sep-2026,24.73,24.56,25.4,24.56,25.21,28851,7.21,291,19838.0,68.76,2026-09-23
HINDCOPPER,EQ,23-Sep-2026,508.2,513.0,521.3,509.4,513.0,6140632,31647.12,90388,1911702.0,31.13,2026-09-23
HINDOILEXP,EQ,23-Sep-2026,174.83,174.43,178.63,173.0,173.58,350306,613.56,6840,135304.0,38.62,2026-09-23
HINDPETRO,EQ,23-Sep-2026,360.7,362.5,364.65,358.0,360.0,1968247,7114.04,25468,886841.0,45.06,2026-09-23
HINDUNILVR,EQ,23-Sep-2026,1933.8,1938.0,1954.0,1936.0,1950.0,870342,16953.22,38393,558716.0,64.19,2026-09-23
HINDWAREAP,EQ,23-Sep-2026,174.77,174.77,181.9,174.77,177.02,132825,237.04,5633,63539.0,47.84,2026-09-23
HINDZINC,EQ,23-Sep-2026,590.5,596.0,602.8,592.55,595.45,4064936,24260.99,57752,1958765.0,48.19,2026-09-23
HIRECT,EQ,23-Sep-2026,1242.2,1245.0,1259.0,1230.1,1239.9,19164,238.44,2329,9656.0,50.39,2026-09-23
HISARMETAL,EQ,23-Sep-2026,156.05,156.0,157.85,155.85,156.13,226,0.35,12,195.0,86.28,2026-09-23
HITECH,EQ,23-Sep-2026,74.62,74.57,76.49,74.57,75.86,331801,250.89,3461,183782.0,55.39,2026-09-23
HITECHCORP,BE,23-Sep-2026,329.75,328.0,335.0,328.0,334.0,8707,29.07,39,,,2026-09-23
HITECHGEAR,BE,23-Sep-2026,534.25,540.0,560.95,540.0,560.95,2423,13.48,43,,,2026-09-23
HLEGLAS,EQ,23-Sep-2026,445.75,433.0,459.95,422.45,446.85,611311,2680.55,18899,235246.0,38.48,2026-09-23
HLVLTD,EQ,23-Sep-2026,6.4,6.44,6.71,6.33,6.59,217455,14.4,659,163115.0,75.01,2026-09-23
HMAAGRO,EQ,23-Sep-2026,23.72,23.91,23.96,23.48,23.61,1717160,406.29,2710,915845.0,53.33,2026-09-23
HMT,BZ,23-Sep-2026,64.35,63.02,65.0,63.02,63.73,5492,3.52,60,,,2026-09-23
HMVL,BE,23-Sep-2026,82.21,83.0,83.0,78.1,78.57,59435,47.14,221,,,2026-09-23
HNDFDS,EQ,23-Sep-2026,622.15,622.0,625.0,612.15,621.1,44647,276.82,3880,22774.0,51.01,2026-09-23
HNGSNGBEES,EQ,23-Sep-2026,462.58,462.58,464.2,460.33,461.52,51605,238.42,3150,31659.0,61.35,2026-09-23
HOACFOODS,ST,23-Sep-2026,809.15,812.0,825.3,812.0,825.3,4500,36.74,10,4500.0,100.0,2026-09-23
HOLMARC,SM,23-Sep-2026,120.0,120.0,124.0,120.0,120.0,8250,10.0,11,8250.0,100.0,2026-09-23
HOMEFIRST,EQ,23-Sep-2026,1212.5,1200.4,1217.3,1198.0,1205.8,41253,496.89,4947,17492.0,42.4,2026-09-23
HONASA,EQ,23-Sep-2026,473.65,476.0,488.0,474.0,484.9,712921,3434.32,22470,396135.0,55.57,2026-09-23
HONAUT,EQ,23-Sep-2026,34025.0,34050.0,34500.0,33700.0,34275.0,3275,1113.41,1752,1339.0,40.89,2026-09-23
HONDAPOWER,EQ,23-Sep-2026,1916.5,1910.4,1935.0,1910.0,1931.7,1632,31.42,360,1074.0,65.81,2026-09-23
HORIZONIND,EQ,23-Sep-2026,52.76,52.8,53.65,52.7,53.28,2893202,1539.4,14764,1910027.0,66.02,2026-09-23
HPAL,EQ,23-Sep-2026,35.39,35.26,36.85,35.05,35.65,35795,12.77,576,28383.0,79.29,2026-09-23
HPIL,EQ,23-Sep-2026,118.71,116.6,121.5,115.11,116.49,2443,2.86,119,1118.0,45.76,2026-09-23
HPL,EQ,23-Sep-2026,279.85,280.0,286.0,279.0,280.55,116184,327.93,4573,64723.0,55.71,2026-09-23
HPTL,SM,23-Sep-2026,446.0,468.0,468.3,461.95,468.3,4800,22.32,8,4200.0,87.5,2026-09-23
HRYNSHP,EQ,23-Sep-2026,99.85,99.85,101.9,98.15,99.52,332,0.33,34,325.0,97.89,2026-09-23
HSBCGOLD,EQ,23-Sep-2026,131.14,132.0,132.68,131.0,131.04,3303,4.34,59,878.0,26.58,2026-09-23
HSCL,EQ,23-Sep-2026,669.45,672.0,674.45,666.4,667.75,1372793,9209.53,18145,587703.0,42.81,2026-09-23
HTEL,EQ,23-Sep-2026,70.96,72.5,72.79,70.7,71.27,1149415,822.4,9812,537499.0,46.76,2026-09-23
HTMEDIA,EQ,23-Sep-2026,24.45,23.85,25.4,23.69,24.86,74352,18.22,543,53617.0,72.11,2026-09-23
HUBTOWN,EQ,23-Sep-2026,175.61,175.0,180.39,175.0,177.35,242204,431.4,3731,121975.0,50.36,2026-09-23
HUDCO,EQ,23-Sep-2026,172.4,172.4,179.2,172.4,177.92,2918388,5158.45,34413,1314668.0,45.05,2026-09-23
HUHTAMAKI,EQ,23-Sep-2026,246.55,244.1,251.9,242.85,250.0,102814,256.46,3441,51011.0,49.61,2026-09-23
HVAX,SM,23-Sep-2026,692.2,725.0,726.8,705.0,715.15,4650,33.74,19,4500.0,96.77,2026-09-23
HYBRIDETF,EQ,23-Sep-2026,9.98,9.98,10.08,9.97,10.02,50404,5.04,35,50127.0,99.45,2026-09-23
HYBRIDFIN,BE,23-Sep-2026,16.69,16.69,17.19,16.2,16.79,6988,1.17,30,,,2026-09-23
HYUNDAI,EQ,23-Sep-2026,2101.0,2110.8,2110.8,2077.0,2095.0,358724,7502.12,29474,163556.0,45.59,2026-09-23
IBLFL,SM,23-Sep-2026,61.0,61.0,61.0,61.0,61.0,2000,1.22,1,2000.0,100.0,2026-09-23
IBULLSLTD,EQ,23-Sep-2026,29.51,29.69,29.99,29.0,29.12,6131763,1801.57,11989,4070005.0,66.38,2026-09-23
ICDSLTD,BE,23-Sep-2026,61.9,64.5,64.5,59.2,59.58,4178,2.55,57,,,2026-09-23
ICELCO,SM,23-Sep-2026,125.1,125.0,136.9,125.0,134.75,169200,222.89,116,115200.0,68.09,2026-09-23
ICEMAKE,EQ,23-Sep-2026,702.1,700.0,710.95,696.0,699.45,17987,126.53,1358,11701.0,65.05,2026-09-23
ICICIAMC,EQ,23-Sep-2026,3151.2,3151.9,3189.8,3150.4,3179.0,171584,5447.42,20393,99805.0,58.17,2026-09-23
ICICIB22,EQ,23-Sep-2026,112.46,113.23,113.62,112.46,113.36,326462,369.86,1792,270799.0,82.95,2026-09-23
ICICIBANK,EQ,23-Sep-2026,1339.6,1339.9,1344.5,1333.5,1340.0,4758314,63704.94,120264,2813317.0,59.12,2026-09-23
ICICIGI,EQ,23-Sep-2026,1480.0,1482.6,1505.0,1482.3,1500.6,708998,10564.33,18852,573264.0,80.86,2026-09-23
ICICIPRULI,EQ,23-Sep-2026,486.65,491.55,491.55,481.5,484.5,750732,3641.41,20909,419501.0,55.88,2026-09-23
ICIL,EQ,23-Sep-2026,448.9,448.85,485.95,446.05,476.55,1924680,9117.83,56267,500292.0,25.99,2026-09-23
ICRA,EQ,23-Sep-2026,4579.8,4579.8,4601.9,4515.0,4533.3,13598,618.56,2941,9058.0,66.61,2026-09-23
IDBI,EQ,23-Sep-2026,82.88,83.05,83.97,82.9,83.39,4228479,3527.33,21710,1666347.0,39.41,2026-09-23
IDEA,EQ,23-Sep-2026,14.27,14.26,14.55,14.17,14.52,272140999,39169.32,463863,79550020.0,29.23,2026-09-23
IDEAFORGE,EQ,23-Sep-2026,741.4,730.0,738.0,718.0,720.45,337370,2447.96,24170,198734.0,58.91,2026-09-23
IDEALTECHO,SM,23-Sep-2026,96.0,95.0,95.0,95.0,95.0,1000,0.95,1,1000.0,100.0,2026-09-23
IDENTICAL,SM,23-Sep-2026,17.95,17.2,17.5,17.2,17.5,4000,0.69,2,4000.0,100.0,2026-09-23
IDFCFIRSTB,EQ,23-Sep-2026,85.37,85.98,89.61,85.9,87.9,64518343,56935.14,132127,30497881.0,47.27,2026-09-23
IDFNIFTYET,EQ,23-Sep-2026,259.13,258.98,259.94,258.07,259.52,2669,6.91,29,2599.0,97.38,2026-09-23
IEML,ST,23-Sep-2026,44.15,46.35,46.35,46.35,46.35,51000,23.64,61,50500.0,99.02,2026-09-23
IEX,EQ,23-Sep-2026,112.9,112.9,113.9,112.75,113.16,1437722,1630.51,20091,636173.0,44.25,2026-09-23
IFBAGRO,EQ,23-Sep-2026,865.7,865.9,880.0,861.25,864.8,1763,15.29,279,1248.0,70.79,2026-09-23
IFBIND,EQ,23-Sep-2026,1213.1,1213.2,1269.6,1205.0,1258.7,74193,922.03,5603,24545.0,33.08,2026-09-23
IFCI,EQ,23-Sep-2026,75.94,76.3,80.07,75.6,79.49,77513063,60797.03,177255,13035227.0,16.82,2026-09-23
IFGLEXPOR,EQ,23-Sep-2026,194.65,195.0,199.51,195.0,197.16,20059,39.52,733,9709.0,48.4,2026-09-23
IGARASHI,EQ,23-Sep-2026,424.0,425.0,439.65,423.3,431.8,92008,397.83,4471,36850.0,40.05,2026-09-23
IGCL,EQ,23-Sep-2026,64.85,65.17,65.75,63.07,63.55,79146,50.52,2265,45065.0,56.94,2026-09-23
IGIL,EQ,23-Sep-2026,326.95,328.9,333.8,324.0,331.65,525286,1723.87,22547,293709.0,55.91,2026-09-23
IGL,EQ,23-Sep-2026,146.68,147.41,148.65,146.23,147.09,1211876,1786.54,31235,582132.0,48.04,2026-09-23
IGPL,EQ,23-Sep-2026,563.4,560.0,591.9,557.0,588.95,237014,1384.92,7410,124853.0,52.68,2026-09-23
IIFL,EQ,23-Sep-2026,617.55,616.75,638.25,613.6,633.3,3608407,22791.27,66633,1756007.0,48.66,2026-09-23
IIFLCAPS,EQ,23-Sep-2026,345.05,345.9,356.4,344.1,353.05,2410124,8481.93,36937,1532137.0,63.57,2026-09-23
IITL,EQ,23-Sep-2026,143.4,144.24,145.9,138.48,140.39,122009,175.45,2635,33650.0,27.58,2026-09-23
IKIO,EQ,23-Sep-2026,205.98,206.8,212.0,205.42,207.89,188483,393.53,4735,83961.0,44.55,2026-09-23
IKS,EQ,23-Sep-2026,1869.2,1881.2,1970.0,1871.0,1937.8,1011998,19677.45,70677,322947.0,31.91,2026-09-23
IL&FSENGG,BZ,23-Sep-2026,42.41,42.29,43.5,42.0,42.0,19869,8.38,54,,,2026-09-23
IL&FSTRANS,BZ,23-Sep-2026,1.86,1.9,1.9,1.77,1.83,222346,3.99,153,,,2026-09-23
IMAGICAA,EQ,23-Sep-2026,52.4,52.87,53.5,52.05,52.84,536551,283.3,2525,274974.0,51.25,2026-09-23
IMFA,EQ,23-Sep-2026,1252.8,1261.8,1279.0,1249.9,1266.1,75849,960.03,8410,36328.0,47.9,2026-09-23
IMPAL,EQ,23-Sep-2026,1075.0,1088.0,1088.0,1050.0,1059.5,8050,85.53,654,6581.0,81.75,2026-09-23
IMPEXFERRO,BZ,23-Sep-2026,5.8,5.9,5.91,5.9,5.91,37514,2.22,32,,,2026-09-23
INA,EQ,23-Sep-2026,92.56,94.0,94.01,90.95,91.47,509267,468.0,4268,243103.0,47.74,2026-09-23
INCREDIBLE,EQ,23-Sep-2026,32.51,32.51,33.18,31.8,32.08,3898,1.26,86,3413.0,87.56,2026-09-23
INDBANK,EQ,23-Sep-2026,25.65,25.65,26.39,25.65,26.14,41698,10.86,655,22885.0,54.88,2026-09-23
INDGN,EQ,23-Sep-2026,592.1,594.8,602.2,587.25,598.4,279828,1664.73,13723,152962.0,54.66,2026-09-23
INDHOTEL,EQ,23-Sep-2026,736.25,738.25,744.0,736.15,743.7,1295095,9598.31,35781,793604.0,61.28,2026-09-23
INDIACEM,EQ,23-Sep-2026,340.65,345.0,347.2,339.0,340.05,112453,384.38,5574,50765.0,45.14,2026-09-23
INDIAGLYCO,EQ,23-Sep-2026,253.6,255.6,262.7,253.0,257.7,615316,1589.89,10211,360568.0,58.6,2026-09-23
INDIAMART,EQ,23-Sep-2026,1635.2,1644.7,1657.0,1636.0,1652.4,71004,1170.79,8218,38852.0,54.72,2026-09-23
INDIANB,EQ,23-Sep-2026,840.8,841.0,851.7,838.85,842.0,975762,8232.96,27901,578212.0,59.26,2026-09-23
INDIANCARD,EQ,23-Sep-2026,212.95,208.03,214.84,206.53,208.64,1719,3.6,118,1130.0,65.74,2026-09-23
INDIANHUME,EQ,23-Sep-2026,367.9,368.2,375.75,359.3,366.25,139861,513.11,4692,79669.0,56.96,2026-09-23
INDIASHLTR,EQ,23-Sep-2026,662.15,660.0,675.0,652.05,667.15,85267,566.01,5993,26380.0,30.94,2026-09-23
INDIFRA,SM,23-Sep-2026,12.25,12.85,12.85,12.85,12.85,2000,0.26,1,2000.0,100.0,2026-09-23
INDIGO,EQ,23-Sep-2026,5030.0,5026.0,5061.0,5000.0,5028.5,581998,29311.15,49996,405251.0,69.63,2026-09-23
INDIGOPNTS,EQ,23-Sep-2026,1142.0,1142.0,1148.0,1132.1,1140.0,33681,383.74,5012,18750.0,55.67,2026-09-23
INDIGRID,IV,23-Sep-2026,172.82,172.82,173.65,172.05,173.47,347075,600.3,3950,287431.0,82.82,2026-09-23
INDIQUBE,EQ,23-Sep-2026,187.96,190.13,193.0,187.0,192.46,40955,78.26,2850,23570.0,57.55,2026-09-23
INDNIPPON,EQ,23-Sep-2026,1237.0,1241.9,1310.0,1241.9,1260.7,109262,1398.93,11705,44913.0,41.11,2026-09-23
INDOAMIN,BE,23-Sep-2026,134.8,135.8,139.0,134.1,137.07,69250,94.98,532,,,2026-09-23
INDOBORAX,EQ,23-Sep-2026,463.55,463.0,471.9,460.0,462.55,40341,187.14,2284,21199.0,52.55,2026-09-23
INDOCO,EQ,23-Sep-2026,254.51,252.6,259.51,249.5,251.16,118278,300.24,3486,49218.0,41.61,2026-09-23
INDOFARM,EQ,23-Sep-2026,139.9,140.79,146.0,140.01,144.03,364454,524.71,5316,110028.0,30.19,2026-09-23
INDOKEM,EQ,23-Sep-2026,607.2,610.35,622.4,605.25,614.9,2170,13.27,163,1719.0,79.22,2026-09-23
INDOMIM,EQ,23-Sep-2026,1233.3,1226.0,1294.95,1225.0,1251.9,2863505,36293.76,97943,841745.0,29.4,2026-09-23
INDORAMA,EQ,23-Sep-2026,103.57,104.29,105.54,97.62,100.0,1969705,1985.48,23336,658039.0,33.41,2026-09-23
INDOSTAR,EQ,23-Sep-2026,231.58,231.58,233.9,225.25,227.26,65443,150.41,1943,35513.0,54.27,2026-09-23
INDOTECH,EQ,23-Sep-2026,3279.0,3292.9,3343.9,3279.1,3286.8,6695,221.5,1822,4431.0,66.18,2026-09-23
INDOTHAI,EQ,23-Sep-2026,32.38,30.9,31.8,30.77,30.77,2927782,904.16,5090,1280494.0,43.74,2026-09-23
INDOUS,EQ,23-Sep-2026,78.99,82.8,82.8,78.05,78.1,3148,2.48,157,1359.0,43.17,2026-09-23
INDOWIND,EQ,23-Sep-2026,9.0,9.09,9.09,8.82,8.94,74042,6.6,456,59818.0,80.79,2026-09-23
INDPRUD,EQ,23-Sep-2026,6273.0,6350.0,6350.0,6202.0,6225.0,4,0.25,4,3.0,75.0,2026-09-23
INDRAMEDCO,EQ,23-Sep-2026,360.95,359.5,379.95,358.95,374.6,272880,1011.06,7030,179321.0,65.71,2026-09-23
INDSWFTLAB,EQ,23-Sep-2026,405.55,409.0,412.0,391.95,405.05,807681,3253.09,18802,319808.0,39.6,2026-09-23
INDTERRAIN,EQ,23-Sep-2026,29.2,29.4,29.69,28.55,29.37,18208,5.34,383,11808.0,64.85,2026-09-23
INDUSINDBK,EQ,23-Sep-2026,955.0,951.8,970.8,951.8,959.3,2626452,25264.33,54624,1817894.0,69.21,2026-09-23
INDUSINVIT,IV,23-Sep-2026,133.97,133.07,135.79,133.07,133.69,148568,198.88,5944,116491.0,78.41,2026-09-23
INDUSTOWER,EQ,23-Sep-2026,382.1,382.15,388.55,381.2,384.8,4979379,19206.61,51384,3461981.0,69.53,2026-09-23
INFINIUM,SM,23-Sep-2026,262.2,268.5,272.0,260.0,266.9,9000,23.88,18,7000.0,77.78,2026-09-23
INFLUX,SM,23-Sep-2026,275.45,278.75,283.0,275.6,283.0,10200,28.61,17,7200.0,70.59,2026-09-23
INFOBEAN,EQ,23-Sep-2026,151.05,151.49,153.5,150.01,151.81,88517,133.6,1923,38362.0,43.34,2026-09-23
INFOLLION,SM,23-Sep-2026,152.5,154.0,155.55,152.0,152.15,5600,8.56,14,4400.0,78.57,2026-09-23
INFOMEDIA,EQ,23-Sep-2026,5.34,5.5,5.5,5.3,5.48,2413,0.13,22,2402.0,99.54,2026-09-23
INFRA,EQ,23-Sep-2026,11.78,11.82,11.89,11.81,11.87,8414,1.0,102,7068.0,84.0,2026-09-23
INFRABEES,EQ,23-Sep-2026,931.64,933.17,940.0,933.15,937.79,10040,94.27,345,5117.0,50.97,2026-09-23
INFRAIETF,EQ,23-Sep-2026,93.09,93.11,93.64,92.66,93.36,592082,553.07,3665,558951.0,94.4,2026-09-23
INFY,EQ,23-Sep-2026,1029.4,1021.8,1029.4,1015.1,1020.5,5108734,52126.81,124303,3043550.0,59.58,2026-09-23
INGERRAND,EQ,23-Sep-2026,4146.7,4146.7,4299.0,4121.2,4228.4,54585,2309.24,6472,34094.0,62.46,2026-09-23
INM,SM,23-Sep-2026,151.05,154.0,154.0,140.0,143.0,15000,21.74,24,11400.0,76.0,2026-09-23
INNOMET,ST,23-Sep-2026,292.35,292.35,292.35,286.55,286.55,16200,46.92,25,16200.0,100.0,2026-09-23
INNOVACAP,EQ,23-Sep-2026,1226.7,1230.0,1353.5,1226.4,1297.6,454203,5897.88,39083,113777.0,25.05,2026-09-23
INNOVANA,EQ,23-Sep-2026,295.3,304.0,304.0,295.3,299.1,35551,106.22,532,13241.0,37.25,2026-09-23
INNOVISION,EQ,23-Sep-2026,254.45,254.0,260.5,249.1,257.05,31843,80.86,977,13653.0,42.88,2026-09-23
INOXGREEN,EQ,23-Sep-2026,171.41,171.41,177.75,169.79,174.81,2391071,4162.18,24860,1042164.0,43.59,2026-09-23
INOXINDIA,EQ,23-Sep-2026,2133.7,2154.8,2189.0,2144.0,2168.9,144053,3123.21,21135,51327.0,35.63,2026-09-23
INOXWIND,EQ,23-Sep-2026,77.9,78.25,78.25,74.8,75.02,17183824,13081.6,53299,7222293.0,42.03,2026-09-23
INSECTICID,EQ,23-Sep-2026,611.6,613.2,617.0,606.0,608.9,6894,42.17,629,4056.0,58.83,2026-09-23
INSPIRISYS,EQ,23-Sep-2026,88.99,88.11,92.0,88.0,91.69,4405,3.96,88,4078.0,92.58,2026-09-23
INSUREIETF,EQ,23-Sep-2026,15.17,15.18,15.28,15.08,15.21,75994,11.52,100,62265.0,81.93,2026-09-23
INTEGRITY,SM,23-Sep-2026,171.05,174.5,174.5,170.7,170.7,2400,4.14,2,1200.0,50.0,2026-09-23
INTELLECT,EQ,23-Sep-2026,647.75,648.2,674.35,642.9,668.05,549685,3631.49,28879,177678.0,32.32,2026-09-23
INTENTECH,EQ,23-Sep-2026,81.35,82.0,84.5,79.15,83.69,26912,22.17,283,16396.0,60.92,2026-09-23
INTERARCH,EQ,23-Sep-2026,1701.6,1716.6,1733.0,1687.2,1693.1,51512,879.43,4051,32848.0,63.77,2026-09-23
INTERNET,EQ,23-Sep-2026,14.97,15.34,15.34,14.94,15.03,155530,23.33,209,95742.0,61.56,2026-09-23
INTLCONV,EQ,23-Sep-2026,77.86,77.1,81.51,77.1,80.99,89727,71.65,1467,57826.0,64.45,2026-09-23
INVENTURE,EQ,23-Sep-2026,0.89,0.89,0.92,0.89,0.9,1291066,11.71,341,493166.0,38.2,2026-09-23
INVICTA,SM,23-Sep-2026,67.0,68.0,69.0,68.0,69.0,8000,5.48,4,8000.0,100.0,2026-09-23
INVPRECQ,BE,23-Sep-2026,1395.3,1423.2,1423.2,1423.2,1423.2,3678,52.35,44,,,2026-09-23
IOB,EQ,23-Sep-2026,31.92,31.83,32.25,31.83,32.13,1360796,436.99,8751,731628.0,53.76,2026-09-23
IOC,EQ,23-Sep-2026,137.8,138.5,138.75,137.1,138.15,6601919,9107.45,44735,4309689.0,65.28,2026-09-23
IOLCP,EQ,23-Sep-2026,200.39,200.26,211.35,200.01,206.6,3474298,7208.47,44569,1182349.0,34.03,2026-09-23
IONEXCHANG,EQ,23-Sep-2026,429.8,430.05,438.9,428.65,430.1,117980,510.79,8808,58627.0,49.69,2026-09-23
IPCALAB,EQ,23-Sep-2026,1992.4,1993.0,1999.4,1948.5,1962.6,159445,3135.61,18623,82133.0,51.51,2026-09-23
IPHL,SM,23-Sep-2026,71.0,70.5,71.4,70.5,71.4,4800,3.41,4,4800.0,100.0,2026-09-23
IPL,EQ,23-Sep-2026,133.47,133.9,134.85,133.0,133.52,166962,223.07,2423,99443.0,59.56,2026-09-23
IPRINGLTD,EQ,23-Sep-2026,135.95,136.22,138.0,133.24,136.89,891,1.21,52,711.0,79.8,2026-09-23
IRB,EQ,23-Sep-2026,17.98,18.4,18.66,17.51,18.03,36892063,6739.36,43059,10505135.0,28.48,2026-09-23
IRBINVIT,IV,23-Sep-2026,64.6,64.7,64.8,64.2,64.43,294338,189.84,2636,276497.0,93.94,2026-09-23
IRCON,EQ,23-Sep-2026,109.09,108.8,111.4,108.62,110.13,1837678,2024.52,21033,557526.0,30.34,2026-09-23
IRCTC,EQ,23-Sep-2026,469.65,469.5,472.1,461.0,463.8,920265,4283.88,28854,405712.0,44.09,2026-09-23
IREDA,EQ,23-Sep-2026,110.25,110.6,111.39,110.29,111.0,2079281,2306.67,15462,868380.0,41.76,2026-09-23
IRFC,EQ,23-Sep-2026,80.0,80.05,81.15,80.05,81.0,5999917,4847.67,33423,2303475.0,38.39,2026-09-23
IRIS,EQ,23-Sep-2026,236.43,239.96,240.0,233.0,234.87,17600,41.4,424,12715.0,72.24,2026-09-23
IRISDOREME,EQ,23-Sep-2026,66.24,66.86,67.0,65.51,66.26,392682,260.95,4725,125505.0,31.96,2026-09-23
IRMENERGY,EQ,23-Sep-2026,268.35,268.0,274.0,268.0,272.9,30224,82.07,1506,16864.0,55.8,2026-09-23
ISFT,EQ,23-Sep-2026,104.02,104.9,114.95,104.02,107.63,410493,451.92,8546,94447.0,23.01,2026-09-23
ISGEC,EQ,23-Sep-2026,840.75,843.6,871.1,837.55,867.85,91136,784.33,8218,50260.0,55.15,2026-09-23
ISHAN,SM,23-Sep-2026,0.5,0.5,0.5,0.5,0.5,144000,0.72,3,144000.0,100.0,2026-09-23
ISHANCH,EQ,23-Sep-2026,50.78,51.15,51.98,48.45,49.87,20744,10.38,593,14631.0,70.53,2026-09-23
ISTLTD,EQ,23-Sep-2026,675.75,650.2,666.0,648.95,655.0,335,2.19,58,234.0,69.85,2026-09-23
IT,EQ,23-Sep-2026,31.78,31.75,31.76,31.27,31.43,472169,148.94,1285,314721.0,66.65,2026-09-23
ITADD,EQ,23-Sep-2026,30.45,30.37,30.49,30.01,30.17,14942,4.5,226,7794.0,52.16,2026-09-23
ITALIANE,SM,23-Sep-2026,29.75,30.0,31.2,30.0,31.2,8000,2.46,4,8000.0,100.0,2026-09-23
ITAXIS,EQ,23-Sep-2026,315.69,318.85,322.0,311.37,313.65,6530,20.45,92,5242.0,80.28,2026-09-23
ITBEES,EQ,23-Sep-2026,31.77,31.86,31.9,31.43,31.47,13779436,4353.94,25098,8826302.0,64.05,2026-09-23
ITBETA,EQ,23-Sep-2026,309.0,300.0,304.9,297.83,299.0,2466,7.37,107,2459.0,99.72,2026-09-23
ITC,EQ,23-Sep-2026,265.8,265.85,271.05,265.15,270.15,13142058,35349.46,86367,7798913.0,59.34,2026-09-23
ITCHOTELS,EQ,23-Sep-2026,158.6,159.09,162.25,158.6,161.23,1371792,2211.04,33906,690722.0,50.35,2026-09-23
ITDC,EQ,23-Sep-2026,705.75,705.2,714.75,690.35,702.65,204985,1433.58,15645,42309.0,20.64,2026-09-23
ITETF,EQ,23-Sep-2026,30.33,30.34,30.34,29.97,30.0,405623,121.96,1280,254015.0,62.62,2026-09-23
ITI,EQ,23-Sep-2026,253.25,254.0,259.9,252.75,257.2,247138,634.52,6546,73550.0,29.76,2026-09-23
ITIETF,EQ,23-Sep-2026,31.82,32.61,32.61,31.45,31.48,1278622,404.12,1576,993950.0,77.74,2026-09-23
ITL,EQ,23-Sep-2026,365.75,370.0,370.0,363.0,364.75,760,2.78,34,723.0,95.13,2026-09-23
ITTL,ST,23-Sep-2026,65.45,64.15,64.15,64.15,64.15,420,0.27,1,420.0,100.0,2026-09-23
IVALUE,EQ,23-Sep-2026,225.48,227.12,235.0,223.85,233.07,303178,702.85,5696,184060.0,60.71,2026-09-23
IVC,EQ,23-Sep-2026,7.78,7.9,7.9,7.66,7.83,95399,7.46,806,66792.0,70.01,2026-09-23
IVP,BE,23-Sep-2026,230.81,228.6,231.9,224.81,227.96,12669,28.83,159,,,2026-09-23
IVZBANKNF,EQ,23-Sep-2026,56.24,56.46,56.53,56.38,56.53,216,0.12,5,216.0,100.0,2026-09-23
IVZINGOLD,EQ,23-Sep-2026,131.55,132.4,132.4,131.05,131.25,8520,11.21,139,5374.0,63.08,2026-09-23
IVZINNIFTY,EQ,23-Sep-2026,268.0,274.7,274.7,267.97,269.47,711,1.91,36,423.0,59.49,2026-09-23
IVZSENSEX,EQ,23-Sep-2026,74.6,74.6,75.11,73.8,75.11,620,0.46,13,382.0,61.61,2026-09-23
IWARE,ST,23-Sep-2026,389.2,381.05,408.65,381.05,400.25,25200,100.55,39,21000.0,83.33,2026-09-23
IWP,EQ,23-Sep-2026,34.47,34.47,35.5,34.46,35.34,3719,1.3,87,3158.0,84.92,2026-09-23
IXIGO,EQ,23-Sep-2026,163.28,163.25,169.4,162.44,163.9,2055136,3378.75,42380,1138719.0,55.41,2026-09-23
IZMO,EQ,23-Sep-2026,931.55,935.55,944.75,915.15,931.15,64061,595.61,4750,31471.0,49.13,2026-09-23
J&KBANK,EQ,23-Sep-2026,145.94,145.5,149.6,145.5,149.25,1272524,1888.15,20305,590183.0,46.38,2026-09-23
JAGRAN,EQ,23-Sep-2026,62.44,62.89,64.0,62.11,63.41,259841,163.83,1976,161852.0,62.29,2026-09-23
JAGSNPHARM,EQ,23-Sep-2026,225.68,227.0,228.4,221.44,225.63,54990,123.79,3061,29482.0,53.61,2026-09-23
JAIBALAJI,EQ,23-Sep-2026,64.33,64.5,67.54,63.6,66.78,1003915,668.38,4128,480308.0,47.84,2026-09-23
JAICORPLTD,EQ,23-Sep-2026,94.25,94.4,97.8,94.4,96.73,498373,479.15,6528,207630.0,41.66,2026-09-23
JAINAM,SM,23-Sep-2026,197.0,197.0,197.0,197.0,197.0,1000,1.97,1,1000.0,100.0,2026-09-23
JAINIK,ST,23-Sep-2026,185.0,188.65,193.2,185.0,193.2,12000,22.75,9,12000.0,100.0,2026-09-23
JAINREC,EQ,23-Sep-2026,291.25,293.6,308.3,293.1,302.95,5175026,15708.82,79492,1047415.0,20.24,2026-09-23
JAIPURKURT,EQ,23-Sep-2026,24.79,24.79,25.01,24.23,24.95,2305,0.57,82,1914.0,83.04,2026-09-23
JALAN,ST,23-Sep-2026,1.7,1.65,1.65,1.65,1.65,504000,8.32,6,504000.0,100.0,2026-09-23
JAMNAAUTO,EQ,23-Sep-2026,127.99,128.13,134.2,127.95,129.55,2732676,3577.71,32929,973618.0,35.63,2026-09-23
JARO,EQ,23-Sep-2026,460.4,460.45,466.4,460.45,462.5,113920,528.1,1667,9646.0,8.47,2026-09-23
JASH,EQ,23-Sep-2026,584.75,585.5,594.4,575.25,588.95,492872,2896.7,17573,165949.0,33.67,2026-09-23
JAYAGROGN,EQ,23-Sep-2026,233.47,233.92,238.98,232.0,237.12,21040,49.71,655,10991.0,52.24,2026-09-23
JAYBARMARU,EQ,23-Sep-2026,110.58,110.0,116.1,108.12,116.1,407073,452.62,5550,263444.0,64.72,2026-09-23
JAYBEE,SM,23-Sep-2026,84.0,87.0,98.0,87.0,95.05,149000,139.34,263,124000.0,83.22,2026-09-23
JAYESH,SM,23-Sep-2026,125.3,125.4,129.7,125.4,129.5,3000,3.85,3,2000.0,66.67,2026-09-23
JAYKAY,EQ,23-Sep-2026,189.5,192.4,219.35,191.47,212.76,9950063,21122.75,140238,1213777.0,12.2,2026-09-23
JAYNECOIND,EQ,23-Sep-2026,90.28,90.5,92.07,90.5,91.36,1604836,1466.25,9616,939777.0,58.56,2026-09-23
JAYSREETEA,EQ,23-Sep-2026,88.75,89.95,91.0,89.12,89.55,37234,33.48,489,21389.0,57.44,2026-09-23
JBMA,EQ,23-Sep-2026,593.15,593.5,610.35,593.5,601.8,559877,3376.0,23838,126811.0,22.65,2026-09-23
JENBURPH,EQ,23-Sep-2026,957.2,961.3,979.8,930.0,952.0,2772,26.59,327,2208.0,79.65,2026-09-23
JETFREIGHT,EQ,23-Sep-2026,22.15,21.8,22.59,21.35,21.67,215128,47.22,1449,117807.0,54.76,2026-09-23
JEYYAM,SM,23-Sep-2026,21.6,21.7,21.7,20.9,21.05,78000,16.48,35,68000.0,87.18,2026-09-23
JFLLIFE,SM,23-Sep-2026,10.45,10.0,10.0,9.95,9.95,18000,1.79,2,18000.0,100.0,2026-09-23
JGCHEM,EQ,23-Sep-2026,610.35,615.0,637.0,612.75,621.55,380279,2388.06,16553,151191.0,39.76,2026-09-23
JHS,EQ,23-Sep-2026,8.34,8.15,8.6,8.15,8.47,78452,6.62,370,57567.0,73.38,2026-09-23
JINDALPHOT,EQ,23-Sep-2026,1097.2,1116.0,1116.0,1082.0,1084.8,1986,21.66,197,1575.0,79.31,2026-09-23
JINDALPOLY,EQ,23-Sep-2026,721.9,721.95,729.5,705.0,715.2,13978,99.76,1035,8012.0,57.32,2026-09-23
JINDALSAW,EQ,23-Sep-2026,286.45,286.85,295.1,286.85,292.6,1218110,3566.75,25707,616343.0,50.6,2026-09-23
JINDALSTEL,EQ,23-Sep-2026,1141.0,1138.2,1187.4,1138.2,1175.3,994851,11663.59,30797,214486.0,21.56,2026-09-23
JINDRILL,EQ,23-Sep-2026,587.65,588.9,609.0,584.0,606.8,247992,1482.42,10513,77127.0,31.1,2026-09-23
JINDWORLD,EQ,23-Sep-2026,52.22,52.5,54.34,51.51,52.2,8712868,4612.69,25564,1919140.0,22.03,2026-09-23
JIOFIN,EQ,23-Sep-2026,230.7,230.7,232.4,230.55,232.15,6949246,16111.77,47174,3891362.0,56.0,2026-09-23
JISLDVREQS,EQ,23-Sep-2026,20.53,20.58,21.0,20.15,20.36,55586,11.33,196,50491.0,90.83,2026-09-23
JISLJALEQS,EQ,23-Sep-2026,28.93,28.93,29.29,28.75,28.9,2400307,695.23,7040,1229936.0,51.24,2026-09-23
JITFINFRA,EQ,23-Sep-2026,282.7,283.15,289.7,278.1,280.45,23637,66.7,853,17499.0,74.03,2026-09-23
JIWANRAM,SM,23-Sep-2026,4.0,4.0,4.8,4.0,4.4,48000,2.09,8,42000.0,87.5,2026-09-23
JKCEMENT,EQ,23-Sep-2026,5104.0,5104.0,5160.0,5005.0,5085.0,61858,3172.66,7156,44096.0,71.29,2026-09-23
JKIL,EQ,23-Sep-2026,478.0,478.0,484.95,476.25,479.6,27434,132.02,1973,15920.0,58.03,2026-09-23
JKIPL,EQ,23-Sep-2026,99.24,99.96,101.55,99.26,100.25,3606,3.61,125,2422.0,67.17,2026-09-23
JKLAKSHMI,EQ,23-Sep-2026,507.8,505.6,514.45,505.6,511.2,46467,237.88,4109,27068.0,58.25,2026-09-23
JKPAPER,EQ,23-Sep-2026,416.4,417.4,422.0,413.95,415.25,268928,1123.44,12856,122827.0,45.67,2026-09-23
JKTYRE,EQ,23-Sep-2026,346.5,349.85,358.3,348.6,355.35,764630,2708.21,21926,282111.0,36.9,2026-09-23
JLHL,EQ,23-Sep-2026,274.8,274.05,278.65,271.85,274.05,83065,227.76,6113,47034.0,56.62,2026-09-23
JMA,EQ,23-Sep-2026,90.82,90.75,90.75,88.52,89.89,8068,7.25,153,5988.0,74.22,2026-09-23
JMFINANCIL,EQ,23-Sep-2026,126.31,126.0,127.74,126.0,127.51,1131723,1438.21,19588,592345.0,52.34,2026-09-23
JNKINDIA,EQ,23-Sep-2026,413.95,410.2,427.0,410.2,418.4,103325,432.74,4412,52694.0,51.0,2026-09-23
JNPR,EQ,23-Sep-2026,268.7,270.0,277.75,261.7,267.3,743855,2016.25,52561,377481.0,50.75,2026-09-23
JOCIL,EQ,23-Sep-2026,146.4,148.5,151.5,145.41,148.71,1970,2.91,42,1304.0,66.19,2026-09-23
JPOLYINVST,EQ,23-Sep-2026,972.75,975.45,984.0,972.25,978.95,1063,10.37,218,705.0,66.32,2026-09-23
JPPOWER,EQ,23-Sep-2026,16.17,16.2,16.35,16.0,16.04,58181761,9400.05,1059555,19413801.0,33.37,2026-09-23
JSFB,EQ,23-Sep-2026,533.7,533.95,551.0,533.95,546.6,1082667,5914.76,21791,628522.0,58.05,2026-09-23
JSIPL,BE,23-Sep-2026,93.0,120.0,126.0,120.0,126.0,3981495,4830.19,11892,,,2026-09-23
JSL,EQ,23-Sep-2026,743.45,748.95,766.85,744.1,758.55,906824,6855.13,42992,546273.0,60.24,2026-09-23
JSLL,EQ,23-Sep-2026,515.4,517.4,528.9,516.2,524.3,426083,2231.82,17445,195581.0,45.9,2026-09-23
JSWCEMENT,EQ,23-Sep-2026,116.7,117.5,119.02,116.71,118.18,2422590,2862.18,55461,1523480.0,62.89,2026-09-23
JSWDULUX,EQ,23-Sep-2026,3137.1,3186.0,3268.0,3135.0,3160.9,86927,2771.49,14748,32317.0,37.18,2026-09-23
JSWENERGY,EQ,23-Sep-2026,518.0,517.2,525.85,516.0,521.0,1923195,10049.37,43932,1116661.0,58.06,2026-09-23
JSWHL,EQ,23-Sep-2026,11219.0,11307.0,11404.0,11180.0,11333.0,1430,161.25,696,653.0,45.66,2026-09-23
JSWINFRA,EQ,23-Sep-2026,367.6,369.0,370.2,362.2,363.6,3338113,12195.7,68287,1501206.0,44.97,2026-09-23
JSWSTEEL,EQ,23-Sep-2026,1267.0,1273.0,1304.0,1270.8,1297.8,1356042,17516.45,69654,590748.0,43.56,2026-09-23
JTEKTINDIA,EQ,23-Sep-2026,116.49,117.8,122.06,117.8,119.99,262966,316.41,3488,114966.0,43.72,2026-09-23
JTLIND,EQ,23-Sep-2026,89.21,89.77,92.85,89.5,91.31,5908069,5429.87,22811,1593991.0,26.98,2026-09-23
JUBLCPL,EQ,23-Sep-2026,2099.1,2119.7,2244.6,2109.7,2202.4,24809,545.52,2903,10205.0,41.13,2026-09-23
JUBLFOOD,EQ,23-Sep-2026,491.1,491.65,493.7,483.3,483.3,625258,3053.57,24404,294665.0,47.13,2026-09-23
JUBLINGREA,EQ,23-Sep-2026,617.6,625.2,643.9,625.0,640.95,414480,2647.19,19056,142733.0,34.44,2026-09-23
JUBLPHARMA,EQ,23-Sep-2026,1070.85,1076.2,1088.1,1052.9,1058.0,135144,1444.24,15589,62158.0,45.99,2026-09-23
JUNIORBEES,EQ,23-Sep-2026,778.55,782.44,785.0,778.21,784.54,258317,2025.28,5289,204399.0,79.13,2026-09-23
JUNIPER,EQ,23-Sep-2026,222.8,224.65,224.95,221.01,221.77,82050,182.7,2199,42825.0,52.19,2026-09-23
JUSTDIAL,EQ,23-Sep-2026,682.6,682.6,698.0,680.25,693.55,124710,862.92,6197,43947.0,35.24,2026-09-23
JWL,EQ,23-Sep-2026,228.63,228.95,234.63,228.95,233.16,858020,1994.94,15976,260309.0,30.34,2026-09-23
JYOTHYLAB,EQ,23-Sep-2026,193.97,193.97,195.61,193.32,194.11,215274,418.21,7525,116926.0,54.31,2026-09-23
JYOTICNC,EQ,23-Sep-2026,1084.3,1098.9,1117.6,1077.0,1100.8,1338131,14677.52,58512,462657.0,34.57,2026-09-23
JYOTIGLOBL,SM,23-Sep-2026,43.7,41.6,43.5,41.6,43.5,8000,3.43,4,6000.0,75.0,2026-09-23
JYOTIRES,EQ,23-Sep-2026,840.0,840.0,854.6,839.7,848.45,4485,38.02,350,3271.0,72.93,2026-09-23
JYOTISTRUC,EQ,23-Sep-2026,9.19,9.2,9.56,9.2,9.33,4684974,439.46,4653,2119284.0,45.24,2026-09-23
K2INFRA,SM,23-Sep-2026,42.8,42.0,43.8,40.2,42.7,40200,16.87,64,28200.0,70.15,2026-09-23
KABRAEXTRU,EQ,23-Sep-2026,666.25,693.95,732.85,678.55,732.85,402751,2878.75,15490,207176.0,51.44,2026-09-23
KAJARIACER,EQ,23-Sep-2026,1183.6,1186.1,1224.0,1175.7,1216.4,163666,1974.91,17854,81979.0,50.09,2026-09-23
KAKATCEM,EQ,23-Sep-2026,109.75,109.7,109.75,107.05,107.97,964,1.04,35,600.0,62.24,2026-09-23
KALAMANDIR,EQ,23-Sep-2026,78.08,78.0,81.9,78.0,79.99,913575,735.52,9328,336254.0,36.81,2026-09-23
KALANA,SM,23-Sep-2026,18.6,18.1,18.1,17.7,17.9,34000,6.09,14,32000.0,94.12,2026-09-23
KALPATARU,EQ,23-Sep-2026,268.4,265.1,281.0,262.4,272.55,132733,357.83,2175,21356.0,16.09,2026-09-23
KALYANIFRG,BE,23-Sep-2026,927.25,927.25,960.0,911.0,957.6,2244,21.17,155,,,2026-09-23
KALYANKJIL,EQ,23-Sep-2026,583.1,585.0,589.35,582.55,584.25,2741044,16049.28,33896,601745.0,21.95,2026-09-23
KAMAHOLD,EQ,23-Sep-2026,2236.4,2257.7,2257.7,2230.1,2239.2,1734,38.85,256,1143.0,65.92,2026-09-23
KAMANWALA,EQ,23-Sep-2026,16.56,17.1,17.1,16.5,16.5,255,0.04,5,255.0,100.0,2026-09-23
KAMATHOTEL,EQ,23-Sep-2026,237.05,238.0,246.0,237.1,240.35,112995,273.87,4524,55640.0,49.24,2026-09-23
KAMDHENU,EQ,23-Sep-2026,41.51,41.17,42.04,39.65,40.77,1666669,678.95,6261,972451.0,58.35,2026-09-23
KAMOPAINTS,EQ,23-Sep-2026,4.26,4.26,4.36,4.16,4.27,194143,8.27,675,140670.0,72.46,2026-09-23
KANANIIND,EQ,23-Sep-2026,1.42,1.41,1.43,1.41,1.42,65112,0.92,139,52441.0,80.54,2026-09-23
KANCHI,EQ,23-Sep-2026,395.45,394.0,394.0,390.0,390.3,530,2.07,31,523.0,98.68,2026-09-23
KANCOTEA,EQ,23-Sep-2026,56.85,56.97,56.97,51.0,54.72,375,0.2,19,342.0,91.2,2026-09-23
KANDARP,SM,23-Sep-2026,73.9,76.2,76.2,70.7,74.4,10000,7.36,10,8000.0,80.0,2026-09-23
KANOHAR,EQ,23-Sep-2026,870.5,888.7,937.7,870.45,907.0,10796574,97310.74,303566,978978.0,9.07,2026-09-23
KANORICHEM,BE,23-Sep-2026,173.57,176.6,182.24,168.55,182.24,71109,125.92,484,,,2026-09-23
KANPRPLA,EQ,23-Sep-2026,266.75,268.9,276.6,252.85,257.05,28977,76.01,1115,15735.0,54.3,2026-09-23
KANSAINER,EQ,23-Sep-2026,180.98,181.99,185.0,181.3,182.58,147219,270.01,3959,71713.0,48.71,2026-09-23
KAPSTON,EQ,23-Sep-2026,570.55,570.75,588.5,570.75,585.9,39643,231.0,1445,24856.0,62.7,2026-09-23
KARAMTARA,EQ,23-Sep-2026,365.1,368.2,371.25,354.15,361.95,2896481,10514.91,50975,1068389.0,36.89,2026-09-23
KARMAENG,EQ,23-Sep-2026,40.1,40.2,40.99,39.72,40.18,1654,0.67,68,1548.0,93.59,2026-09-23
KARNIKA,SM,23-Sep-2026,119.45,121.0,123.4,120.5,120.9,32000,38.86,30,18000.0,56.25,2026-09-23
KARURVYSYA,EQ,23-Sep-2026,320.15,322.05,326.0,320.65,324.45,1465001,4741.07,33689,728499.0,49.73,2026-09-23
KATARIA,SM,23-Sep-2026,149.1,150.0,150.0,149.05,149.9,27000,40.44,32,27000.0,100.0,2026-09-23
KAUSHALYA,BE,23-Sep-2026,868.75,828.0,862.4,826.0,862.4,205,1.7,12,,,2026-09-23
KAVDEFENCE,BE,23-Sep-2026,78.67,79.7,82.6,79.7,82.35,434401,357.21,1506,,,2026-09-23
KAYA,BE,23-Sep-2026,338.35,347.0,347.0,323.05,327.2,7621,25.25,141,,,2026-09-23
KAYNES,EQ,23-Sep-2026,3455.0,3460.0,3499.0,3428.5,3458.0,804616,27873.16,51187,167575.0,20.83,2026-09-23
KAYTEX,SM,23-Sep-2026,58.0,56.8,57.95,56.0,57.95,5600,3.18,7,4800.0,85.71,2026-09-23
KCEIL,SM,23-Sep-2026,77.65,78.85,80.6,78.85,80.45,3000,2.38,6,3000.0,100.0,2026-09-23
KCK,ST,23-Sep-2026,13.65,13.3,13.6,13.0,13.0,55000,7.21,17,47500.0,86.36,2026-09-23
KCP,EQ,23-Sep-2026,157.4,157.0,158.5,155.41,157.05,96770,151.64,1829,60306.0,62.32,2026-09-23
KCPSUGIND,BE,23-Sep-2026,28.95,29.65,29.9,28.82,29.56,37457,11.06,157,,,2026-09-23
KDDL,EQ,23-Sep-2026,3973.1,3974.0,4270.0,3973.9,4251.9,153006,6393.93,20567,64188.0,41.95,2026-09-23
KDGREEN,EQ,23-Sep-2026,50.01,50.26,52.0,49.97,50.03,59171,29.86,566,23798.0,40.22,2026-09-23
KDL,SM,23-Sep-2026,67.4,64.05,64.05,64.05,64.05,8550,5.48,26,8550.0,100.0,2026-09-23
KEC,EQ,23-Sep-2026,391.55,393.9,403.65,393.9,402.4,891865,3569.16,21741,422935.0,47.42,2026-09-23
KECL,EQ,23-Sep-2026,121.21,122.05,122.05,119.0,120.24,68644,82.83,1462,41155.0,59.95,2026-09-23
KEEPLEARN,EQ,23-Sep-2026,1.84,1.88,1.89,1.81,1.84,11868,0.22,74,8708.0,73.37,2026-09-23
KEI,EQ,23-Sep-2026,4575.0,4575.0,4760.0,4574.0,4722.5,808984,38016.74,57038,444873.0,54.99,2026-09-23
KELLTONTEC,EQ,23-Sep-2026,13.7,13.73,13.85,13.6,13.76,1761639,242.07,3078,913825.0,51.87,2026-09-23
KEN,SM,23-Sep-2026,43.0,44.3,44.45,43.15,43.95,8400,3.69,7,6000.0,71.43,2026-09-23
KENNAMET,EQ,23-Sep-2026,4379.4,4370.0,4394.7,4261.1,4316.7,27181,1173.8,5902,11164.0,41.07,2026-09-23
KERNEX,EQ,23-Sep-2026,1744.7,1756.0,1756.0,1708.5,1731.0,99303,1716.51,11192,44544.0,44.86,2026-09-23
KESORAMIND,BE,23-Sep-2026,11.35,11.35,11.79,11.0,11.57,362685,41.56,535,,,2026-09-23
KEYFINSERV,EQ,23-Sep-2026,240.05,240.05,246.8,239.1,244.05,497,1.22,23,309.0,62.17,2026-09-23
KFINTECH,EQ,23-Sep-2026,898.0,897.0,917.35,895.5,911.95,467472,4242.78,16003,210914.0,45.12,2026-09-23
KHADIM,BE,23-Sep-2026,125.44,123.9,123.9,122.94,122.94,9157,11.27,45,,,2026-09-23
KHAICHEM,EQ,23-Sep-2026,50.02,50.02,52.0,49.82,50.13,281525,142.41,2196,151406.0,53.78,2026-09-23
KHAITANLTD,EQ,23-Sep-2026,151.82,151.0,154.39,145.21,153.14,3281,4.97,157,2364.0,72.05,2026-09-23
KHANDSE,EQ,23-Sep-2026,17.91,18.29,18.29,17.15,18.0,1007,0.18,28,776.0,77.06,2026-09-23
KHFM,SM,23-Sep-2026,44.5,42.9,43.45,42.8,43.45,23250,9.98,6,23250.0,100.0,2026-09-23
KICL,EQ,23-Sep-2026,5005.5,4920.5,5048.0,4920.5,5000.0,386,19.31,161,222.0,57.51,2026-09-23
KILITCH,BE,23-Sep-2026,211.07,221.62,221.62,221.62,221.62,27667,61.32,160,,,2026-09-23
KIMS,EQ,23-Sep-2026,789.8,791.7,802.45,791.25,798.05,323371,2579.18,15548,215070.0,66.51,2026-09-23
KINGFA,EQ,23-Sep-2026,6168.5,6219.5,6300.0,6201.0,6240.5,7818,489.07,2771,4399.0,56.27,2026-09-23
KIOCL,EQ,23-Sep-2026,342.55,344.7,351.0,342.75,349.35,49267,171.49,2648,23178.0,47.05,2026-09-23
KIRANVYPAR,EQ,23-Sep-2026,218.79,218.9,218.9,211.0,215.1,972,2.1,106,705.0,72.53,2026-09-23
KIRIINDUS,EQ,23-Sep-2026,540.5,546.0,577.0,543.6,572.75,1184732,6680.91,22939,635605.0,53.65,2026-09-23
KIRLFER,EQ,23-Sep-2026,479.85,475.95,486.4,470.0,478.1,126883,610.81,7032,66199.0,52.17,2026-09-23
KIRLOSBROS,EQ,23-Sep-2026,1775.3,1770.3,1816.0,1769.3,1794.3,29352,524.25,5249,13367.0,45.54,2026-09-23
KIRLOSENG,EQ,23-Sep-2026,2165.0,2165.0,2240.0,2120.2,2219.5,395759,8608.82,35479,225757.0,57.04,2026-09-23
KIRLOSIND,EQ,23-Sep-2026,3667.2,3667.0,3696.5,3655.0,3681.0,4319,158.77,578,1676.0,38.81,2026-09-23
KIRLPNU,EQ,23-Sep-2026,706.8,706.8,717.0,705.0,711.95,62999,448.81,5523,33156.0,52.63,2026-09-23
KISSHT,EQ,23-Sep-2026,352.55,352.7,357.8,347.2,355.15,925450,3265.13,41041,387525.0,41.87,2026-09-23
KITEX,EQ,23-Sep-2026,119.48,120.0,124.16,119.99,121.33,475593,579.51,5751,171640.0,36.09,2026-09-23
KJMCFIN,EQ,23-Sep-2026,61.8,61.8,61.8,58.71,61.5,2220,1.33,78,2028.0,91.35,2026-09-23
KKCL,EQ,23-Sep-2026,484.8,484.8,487.5,475.1,477.55,15632,75.0,918,9998.0,63.96,2026-09-23
KKJEWELS,SM,23-Sep-2026,97.5,97.5,99.9,94.1,99.55,9000,8.82,9,8000.0,88.89,2026-09-23
KLBRENG-B,EQ,23-Sep-2026,519.5,519.5,535.0,512.8,518.6,500546,2618.89,16926,253187.0,50.58,2026-09-23
KLL,SM,23-Sep-2026,38.1,38.95,41.9,38.95,41.9,417600,172.53,227,364800.0,87.36,2026-09-23
KMCSHIL,EQ,23-Sep-2026,159.61,160.6,165.0,159.91,162.2,244025,394.82,4552,87025.0,35.66,2026-09-23
KMEW,EQ,23-Sep-2026,2976.7,3000.2,3020.0,2925.3,2996.6,80182,2390.89,13033,33929.0,42.31,2026-09-23
KMSUGAR,EQ,23-Sep-2026,28.85,29.08,29.77,28.85,29.5,116949,34.39,1206,79795.0,68.23,2026-09-23
KNACK,EQ,23-Sep-2026,185.55,185.9,188.78,184.0,184.25,370798,689.2,4601,187510.0,50.57,2026-09-23
KNAGRI,EQ,23-Sep-2026,203.95,205.0,213.15,202.3,211.63,10750,22.45,283,7635.0,71.02,2026-09-23
KNRCON,EQ,23-Sep-2026,120.04,120.25,122.3,120.2,121.77,581131,705.48,5931,240479.0,41.38,2026-09-23
KODYTECH,ST,23-Sep-2026,1509.7,1500.0,1550.0,1500.0,1533.0,5400,82.82,40,5300.0,98.15,2026-09-23
KOHINOOR,EQ,23-Sep-2026,31.06,31.45,32.24,30.67,31.75,215225,67.84,3495,33124.0,15.39,2026-09-23
KOKUYOCMLN,EQ,23-Sep-2026,75.71,75.5,76.8,75.12,76.35,36023,27.53,464,25909.0,71.92,2026-09-23
KOLTEPATIL,EQ,23-Sep-2026,435.55,437.5,442.6,435.4,440.05,47783,210.01,2557,30945.0,64.76,2026-09-23
KONSTELEC,ST,23-Sep-2026,59.15,61.0,62.0,58.4,61.9,4000,2.43,4,4000.0,100.0,2026-09-23
KOPRAN,EQ,23-Sep-2026,276.44,275.4,287.2,275.0,279.42,573639,1617.47,9899,228917.0,39.91,2026-09-23
KORE,ST,23-Sep-2026,164.1,168.0,172.3,167.0,172.3,16250,27.75,36,16250.0,100.0,2026-09-23
KOTAKBANK,EQ,23-Sep-2026,412.65,414.65,417.25,411.35,413.25,8628172,35725.85,83373,5620215.0,65.14,2026-09-23
KOTARISUG,BE,23-Sep-2026,26.65,26.06,27.5,26.06,27.35,39993,10.75,212,,,2026-09-23
KOTHARIPET,EQ,23-Sep-2026,134.16,134.16,139.0,134.06,136.81,76642,104.91,1432,28707.0,37.46,2026-09-23
KOTHARIPRO,EQ,23-Sep-2026,63.67,65.6,76.4,65.6,69.64,132714,94.96,1997,47379.0,35.7,2026-09-23
KOTIC,EQ,23-Sep-2026,146.89,147.78,152.67,147.0,147.11,31010,46.3,1239,13732.0,44.28,2026-09-23
KOTYARK,BE,23-Sep-2026,31.84,31.27,32.89,31.27,32.05,110776,35.63,219,,,2026-09-23
KOVAI,EQ,23-Sep-2026,6153.5,6182.5,6197.0,6102.0,6160.5,1680,103.29,649,902.0,53.69,2026-09-23
KPEL,EQ,23-Sep-2026,230.94,230.31,231.8,225.46,228.8,225215,514.54,6085,87149.0,38.7,2026-09-23
KPIGREEN,EQ,23-Sep-2026,346.45,346.45,355.0,335.55,350.05,3884369,13462.64,68295,834023.0,21.47,2026-09-23
KPIL,EQ,23-Sep-2026,1400.1,1400.1,1422.0,1389.8,1411.8,105907,1488.32,12982,52193.0,49.28,2026-09-23
KPITTECH,EQ,23-Sep-2026,529.05,532.0,533.35,525.0,527.0,1154889,6101.08,25229,491656.0,42.57,2026-09-23
KPL,EQ,23-Sep-2026,3752.8,3773.0,3840.0,3705.0,3724.5,40372,1518.09,6969,16484.0,40.83,2026-09-23
KPRMILL,EQ,23-Sep-2026,1120.8,1120.8,1145.5,1117.0,1136.7,130890,1488.54,11505,52837.0,40.37,2026-09-23
KRBL,EQ,23-Sep-2026,389.9,388.0,409.6,387.85,404.85,597218,2413.04,17920,206642.0,34.6,2026-09-23
KREBSBIO,EQ,23-Sep-2026,56.86,56.3,59.6,56.3,57.54,3816,2.18,85,1212.0,31.76,2026-09-23
KRIDHANINF,EQ,23-Sep-2026,1.85,1.86,1.86,1.83,1.84,19835,0.37,44,17835.0,89.92,2026-09-23
KRISHANA,EQ,23-Sep-2026,189.55,192.0,193.0,186.21,188.15,526685,994.11,7318,266590.0,50.62,2026-09-23
KRISHCA,SM,23-Sep-2026,160.3,167.0,192.35,162.0,192.35,147000,267.27,200,119500.0,81.29,2026-09-23
KRISHIVAL,EQ,23-Sep-2026,415.7,416.8,417.5,413.05,417.35,7240,30.11,266,5824.0,80.44,2026-09-23
KRISHNADEF,EQ,23-Sep-2026,1025.6,1027.6,1048.3,1025.6,1032.9,66368,687.61,5885,38785.0,58.44,2026-09-23
KRITI,EQ,23-Sep-2026,59.75,62.89,66.0,60.11,63.19,45222,28.4,304,38659.0,85.49,2026-09-23
KRITIKA,EQ,23-Sep-2026,5.04,5.15,5.15,4.9,5.0,110757,5.6,481,88465.0,79.87,2026-09-23
KRITINUT,EQ,23-Sep-2026,80.66,81.99,81.99,79.53,80.21,10008,8.02,194,8402.0,83.95,2026-09-23
KRMAYURVED,SM,23-Sep-2026,301.6,307.0,307.0,299.55,302.95,64000,194.07,58,33000.0,51.56,2026-09-23
KRN,EQ,23-Sep-2026,1420.1,1440.0,1458.0,1407.0,1412.6,159649,2280.05,19340,89951.0,56.34,2026-09-23
KRONOX,BE,23-Sep-2026,182.27,180.0,189.0,176.1,187.39,87597,161.97,650,,,2026-09-23
KROSS,EQ,23-Sep-2026,256.13,260.85,283.0,257.5,278.56,6104799,16767.38,113352,1345891.0,22.05,2026-09-23
KRSNAA,EQ,23-Sep-2026,557.85,558.0,567.9,557.1,560.05,67117,377.89,3194,31602.0,47.08,2026-09-23
KRT,RR,23-Sep-2026,113.9,113.85,113.95,113.1,113.7,1378544,1563.21,6827,1255255.0,91.06,2026-09-23
KRYSTAL,EQ,23-Sep-2026,638.8,638.0,652.4,628.3,643.65,13836,88.54,682,6705.0,48.46,2026-09-23
KSB,EQ,23-Sep-2026,820.15,820.0,825.05,808.05,823.2,111806,916.6,10825,68007.0,60.83,2026-09-23
KSCL,EQ,23-Sep-2026,699.7,705.85,715.0,699.95,710.7,49831,352.25,2556,29137.0,58.47,2026-09-23
KSE,EQ,23-Sep-2026,179.96,180.02,180.82,175.81,178.79,6217,11.13,277,4100.0,65.95,2026-09-23
KSHINTL,EQ,23-Sep-2026,1040.95,1044.95,1083.0,1040.0,1046.8,224075,2369.19,17672,91979.0,41.05,2026-09-23
KSHITIJPOL,EQ,23-Sep-2026,4.61,4.83,4.84,4.83,4.83,9790833,473.73,5248,6267026.0,64.01,2026-09-23
KSL,EQ,23-Sep-2026,959.15,968.1,1032.9,956.05,998.25,646949,6548.23,29967,278200.0,43.0,2026-09-23
KSOLVES,EQ,23-Sep-2026,250.75,251.95,260.0,250.75,259.05,28863,73.58,1254,17320.0,60.01,2026-09-23
KSR,BE,23-Sep-2026,39.06,37.12,39.5,37.11,39.28,70916,26.59,170,,,2026-09-23
KTKBANK,EQ,23-Sep-2026,331.5,331.5,344.0,330.1,343.05,3566531,12117.84,39199,1685443.0,47.26,2026-09-23
KUANTUM,EQ,23-Sep-2026,84.95,85.0,86.5,81.65,82.87,160358,134.66,3024,83448.0,52.04,2026-09-23
KUSUMGAR,EQ,23-Sep-2026,616.15,616.25,652.0,616.25,635.1,1299181,8289.41,60360,457306.0,35.2,2026-09-23
KWIL,EQ,23-Sep-2026,41.99,42.1,43.33,41.78,41.92,8406785,3569.31,26053,3008273.0,35.78,2026-09-23
LADDERUP,BE,23-Sep-2026,57.89,55.01,56.73,55.01,55.95,1452,0.81,52,,,2026-09-23
LAGNAM,EQ,23-Sep-2026,74.01,74.5,75.0,73.34,75.0,2578,1.93,41,2563.0,99.42,2026-09-23
LAHOTIOV,EQ,23-Sep-2026,40.68,40.67,42.0,40.67,40.77,2957,1.22,44,2919.0,98.71,2026-09-23
LAKPRE,BZ,23-Sep-2026,4.88,4.88,5.05,4.64,5.05,1567,0.08,12,,,2026-09-23
LAKSHMIMIL,EQ,23-Sep-2026,7700.0,7943.0,7943.0,7716.0,7716.5,19,1.48,10,16.0,84.21,2026-09-23
LAKSHYA,SM,23-Sep-2026,89.1,91.0,98.0,90.0,98.0,26400,25.19,31,22400.0,84.85,2026-09-23
LAL,EQ,23-Sep-2026,8.66,8.74,8.89,8.52,8.57,17230,1.49,151,12158.0,70.56,2026-09-23
LALITHAA,EQ,23-Sep-2026,336.1,340.0,352.9,340.0,352.9,9509619,33392.6,26949,4370762.0,45.96,2026-09-23
LALPATHLAB,EQ,23-Sep-2026,1909.8,1903.0,1930.0,1890.0,1924.3,230347,4395.88,42768,129695.0,56.3,2026-09-23
LAMBODHARA,EQ,23-Sep-2026,116.08,117.24,121.0,116.86,119.93,10636,12.71,333,6110.0,57.45,2026-09-23
LAMOSAIC,ST,23-Sep-2026,51.8,52.05,52.05,49.5,50.15,201600,102.19,72,191400.0,94.94,2026-09-23
LANCER,EQ,23-Sep-2026,11.69,11.9,11.95,11.7,11.78,237499,28.03,807,183235.0,77.15,2026-09-23
LANCORHOL,BE,23-Sep-2026,34.5,33.5,35.99,33.5,34.97,108327,38.18,263,,,2026-09-23
LANDMARK,EQ,23-Sep-2026,510.5,514.8,518.0,500.65,506.4,57410,291.12,3355,27926.0,48.64,2026-09-23
LANDSMILL,EQ,23-Sep-2026,0.54,0.55,0.55,0.54,0.54,1546188,8.42,678,1087787.0,70.35,2026-09-23
LAOPALA,EQ,23-Sep-2026,160.61,160.0,163.83,160.0,163.06,76706,124.53,1862,39819.0,51.91,2026-09-23
LARGEMID50,EQ,23-Sep-2026,35.46,35.48,35.62,35.48,35.61,584,0.21,9,277.0,47.43,2026-09-23
LASERPOWER,EQ,23-Sep-2026,275.05,277.0,291.75,275.65,287.4,1452647,4142.79,20768,563321.0,38.78,2026-09-23
LATENTVIEW,EQ,23-Sep-2026,250.55,250.55,255.0,250.3,253.4,235148,595.04,6695,114296.0,48.61,2026-09-23
LATTEYS,EQ,23-Sep-2026,20.48,20.8,20.9,19.7,20.35,53669,10.8,315,40085.0,74.69,2026-09-23
LAURUSLABS,EQ,23-Sep-2026,2006.5,2009.5,2037.2,1999.7,2034.0,1363988,27614.27,38551,809944.0,59.38,2026-09-23
LAXMICOT,EQ,23-Sep-2026,13.05,13.5,13.5,12.36,13.4,22247,2.9,214,12354.0,55.53,2026-09-23
LAXMIDENTL,EQ,23-Sep-2026,193.18,194.76,196.6,192.03,195.09,128908,251.2,4785,102385.0,79.42,2026-09-23
LAXMIINDIA,EQ,23-Sep-2026,123.73,124.57,126.45,123.42,126.12,97062,121.83,1576,65693.0,67.68,2026-09-23
LCCINFOTEC,EQ,23-Sep-2026,3.66,3.84,3.84,3.66,3.84,67198,2.57,134,58653.0,87.28,2026-09-23
LCCPROJECT,EQ,23-Sep-2026,147.56,146.9,148.25,142.11,146.59,2358279,3428.15,29285,630432.0,26.73,2026-09-23
LCL,EQ,23-Sep-2026,580.3,586.05,598.0,571.3,577.55,359664,2096.1,23349,147146.0,40.91,2026-09-23
LEAPIND,EQ,23-Sep-2026,148.44,147.8,150.86,146.25,148.62,1571060,2330.94,22046,531542.0,33.83,2026-09-23
LEENEE,BE,23-Sep-2026,7.74,7.59,8.05,7.46,7.9,7529,0.58,40,,,2026-09-23
LEMERITE,EQ,23-Sep-2026,18.94,19.26,19.88,19.02,19.88,198181,38.9,418,75873.0,38.28,2026-09-23
LEMONTREE,EQ,23-Sep-2026,107.51,108.2,108.49,107.5,107.92,1411299,1522.84,17816,755379.0,53.52,2026-09-23
LENSKART,EQ,23-Sep-2026,691.45,691.2,692.4,681.25,686.7,4785213,32838.02,108244,2987631.0,62.43,2026-09-23
LEXUS,EQ,23-Sep-2026,12.47,12.89,13.38,12.4,12.5,52072,6.58,416,35223.0,67.64,2026-09-23
LFIC,EQ,23-Sep-2026,135.3,138.5,138.69,133.12,136.14,881,1.2,55,548.0,62.2,2026-09-23
LGBBROSLTD,EQ,23-Sep-2026,1730.2,1745.5,1745.5,1719.1,1734.5,14459,250.39,2237,7702.0,53.27,2026-09-23
LGEINDIA,EQ,23-Sep-2026,1663.7,1673.9,1715.0,1664.4,1694.2,786043,13328.44,56590,365774.0,46.53,2026-09-23
LGHL,EQ,23-Sep-2026,177.38,180.93,182.94,174.1,176.62,7259,13.06,290,933.0,12.85,2026-09-23
LIBAS,EQ,23-Sep-2026,12.58,12.85,12.85,12.01,12.09,222387,27.14,291,194268.0,87.36,2026-09-23
LIBERTSHOE,EQ,23-Sep-2026,218.54,221.54,239.4,218.7,235.48,132090,307.72,4314,46170.0,34.95,2026-09-23
LICHSGFIN,EQ,23-Sep-2026,565.0,565.1,576.7,564.05,572.5,3008551,17255.44,38561,1602817.0,53.28,2026-09-23
LICI,EQ,23-Sep-2026,404.55,404.4,407.5,401.65,407.5,3944345,15957.25,49033,2296089.0,58.21,2026-09-23
LICMFGOLD,EQ,23-Sep-2026,135.8,136.55,136.9,135.6,135.9,39754,54.18,629,19978.0,50.25,2026-09-23
LICNETFGSC,EQ,23-Sep-2026,29.21,29.18,29.4,29.18,29.27,3719,1.09,51,2804.0,75.4,2026-09-23
LICNETFN50,EQ,23-Sep-2026,263.27,263.72,264.37,262.79,263.9,131,0.35,18,130.0,99.24,2026-09-23
LICNETFSEN,EQ,23-Sep-2026,843.34,844.27,844.27,844.27,844.27,1,0.01,1,1.0,100.0,2026-09-23
LICNFNHGP,EQ,23-Sep-2026,272.55,270.71,275.0,269.66,274.19,276,0.75,35,214.0,77.54,2026-09-23
LICNMID100,EQ,23-Sep-2026,61.89,62.49,63.32,62.03,62.75,14881,9.34,140,3662.0,24.61,2026-09-23
LIKHITHA,EQ,23-Sep-2026,227.96,229.9,245.99,226.52,229.21,184606,434.98,3065,95814.0,51.9,2026-09-23
LINC,EQ,23-Sep-2026,92.37,92.37,95.0,90.5,93.85,19605,18.08,444,13521.0,68.97,2026-09-23
LINCOLN,EQ,23-Sep-2026,594.35,595.8,608.25,595.8,603.55,15739,94.91,1204,9445.0,60.01,2026-09-23
LINDEINDIA,EQ,23-Sep-2026,6320.0,6327.0,6390.0,6250.5,6286.0,13113,827.01,3297,5228.0,39.87,2026-09-23
LIQGRWBEES,EQ,23-Sep-2026,1056.45,1056.45,1056.59,1056.45,1056.58,181780,1920.66,274,157409.0,86.59,2026-09-23
LIQUID,EQ,23-Sep-2026,999.99,1000.0,1000.0,999.99,999.99,409623,4096.22,182,321864.0,78.58,2026-09-23
LIQUID1,EQ,23-Sep-2026,1123.66,1123.66,1123.82,1122.62,1123.81,402177,4519.71,673,285808.0,71.07,2026-09-23
LIQUIDADD,EQ,23-Sep-2026,1145.78,1145.92,1145.94,1145.92,1145.93,441516,5059.48,285,326489.0,73.95,2026-09-23
LIQUIDBEES,EQ,23-Sep-2026,1000.0,1000.0,1000.01,999.99,1000.0,3252975,32529.74,3709,1931728.0,59.38,2026-09-23
LIQUIDBETA,EQ,23-Sep-2026,1008.83,1004.0,1009.1,1003.79,1009.1,61,0.62,7,52.0,85.25,2026-09-23
LIQUIDBETF,EQ,23-Sep-2026,1099.77,1099.92,1099.92,1099.9,1099.9,198382,2182.04,84,173052.0,87.23,2026-09-23
LIQUIDCASE,EQ,23-Sep-2026,116.03,116.03,116.05,116.03,116.04,16887025,19596.11,10150,16350015.0,96.82,2026-09-23
LIQUIDETF,EQ,23-Sep-2026,999.99,1000.0,1000.01,999.99,999.99,165175,1651.75,169,131841.0,79.82,2026-09-23
LIQUIDIETF,EQ,23-Sep-2026,999.99,1000.0,1000.01,997.11,999.95,683340,6833.29,296,622238.0,91.06,2026-09-23
LIQUIDPLUS,EQ,23-Sep-2026,1104.21,1104.21,1104.37,1104.21,1104.36,136057,1502.56,305,91880.0,67.53,2026-09-23
LIQUIDSBI,EQ,23-Sep-2026,1000.01,999.99,1000.01,999.99,999.99,5571,55.71,44,5126.0,92.01,2026-09-23
LIQUIDSHRI,EQ,23-Sep-2026,1122.43,1122.56,1122.58,1122.56,1122.57,11401,127.98,25,10602.0,92.99,2026-09-23
LKPSEC,EQ,23-Sep-2026,15.31,15.16,15.66,15.0,15.27,2723,0.41,65,2142.0,78.66,2026-09-23
LLOYDS,SM,23-Sep-2026,60.5,62.0,62.0,62.0,62.0,1000,0.62,1,1000.0,100.0,2026-09-23
LLOYDSENGG,EQ,23-Sep-2026,85.73,86.01,92.75,85.85,91.52,20150065,18203.48,80281,8619440.0,42.78,2026-09-23
LLOYDSENT,EQ,23-Sep-2026,70.41,70.7,74.5,70.44,74.15,4441245,3255.31,23232,2354543.0,53.02,2026-09-23
LLOYDSME,EQ,23-Sep-2026,1857.4,1861.1,1911.0,1861.1,1890.9,739451,14009.86,43609,335981.0,45.44,2026-09-23
LMW,EQ,23-Sep-2026,17077.0,17077.0,17318.0,17010.0,17126.0,1936,332.17,1062,1005.0,51.91,2026-09-23
LODHA,EQ,23-Sep-2026,1144.0,1143.3,1177.5,1143.0,1162.5,1327880,15462.83,28472,678851.0,51.12,2026-09-23
LOKESHMACH,EQ,23-Sep-2026,337.15,335.05,364.0,335.05,359.25,76824,273.6,2850,43425.0,56.53,2026-09-23
LORDSCHLO,EQ,23-Sep-2026,138.3,138.61,142.58,136.0,137.38,11249,15.46,344,8558.0,76.08,2026-09-23
LOTUSCHO,EQ,23-Sep-2026,586.4,589.95,589.95,533.7,562.4,6277,35.2,611,3298.0,52.54,2026-09-23
LOTUSDEV,BE,23-Sep-2026,213.84,213.84,224.53,213.5,224.46,1269546,2817.82,6503,,,2026-09-23
LOTUSEYE,EQ,23-Sep-2026,114.97,113.11,116.59,113.11,115.24,5314,6.12,147,4166.0,78.4,2026-09-23
LOVABLE,EQ,23-Sep-2026,71.27,72.0,72.4,70.81,71.38,8273,5.91,260,5656.0,68.37,2026-09-23
LOWVOL,EQ,23-Sep-2026,199.77,199.91,200.17,199.67,200.09,1760,3.52,14,1119.0,63.58,2026-09-23
LOWVOL1,EQ,23-Sep-2026,20.48,20.55,20.57,20.36,20.39,699280,143.23,4712,667899.0,95.51,2026-09-23
LOWVOLIETF,EQ,23-Sep-2026,21.39,21.22,21.63,21.22,21.4,4847235,1038.2,9419,4401235.0,90.8,2026-09-23
LOYALTEX,EQ,23-Sep-2026,214.95,222.55,257.94,219.25,231.23,52037,126.77,1475,11955.0,22.97,2026-09-23
LPDC,EQ,23-Sep-2026,6.58,6.55,6.8,6.35,6.66,19317,1.28,278,12629.0,65.38,2026-09-23
LRRPL,SM,23-Sep-2026,91.0,95.55,95.55,95.5,95.55,9000,8.6,6,9000.0,100.0,2026-09-23
LT,EQ,23-Sep-2026,3866.4,3870.0,3945.0,3870.0,3929.9,945462,37055.49,63470,562252.0,59.47,2026-09-23
LTF,EQ,23-Sep-2026,304.9,308.9,312.7,307.75,310.0,5926308,18364.51,52706,2173791.0,36.68,2026-09-23
LTFOODS,EQ,23-Sep-2026,421.35,421.05,431.75,421.05,430.0,440150,1885.73,18332,217094.0,49.32,2026-09-23
LTGILTBEES,EQ,23-Sep-2026,29.74,29.78,29.82,29.77,29.79,969453,288.91,483,618242.0,63.77,2026-09-23
LTGILTCASE,EQ,23-Sep-2026,30.35,30.5,30.5,30.3,30.37,146167,44.42,129,144722.0,99.01,2026-09-23
LTM,EQ,23-Sep-2026,4158.3,4160.0,4190.6,4057.8,4085.0,305311,12538.44,26662,123278.0,40.38,2026-09-23
LTTS,EQ,23-Sep-2026,3293.6,3285.0,3300.0,3198.2,3231.3,48247,1569.09,9557,22289.0,46.2,2026-09-23
LUMAXIND,EQ,23-Sep-2026,5846.0,5920.0,5964.0,5748.0,5788.0,11965,701.33,3462,5290.0,44.21,2026-09-23
LUMAXTECH,EQ,23-Sep-2026,2116.4,2135.0,2190.0,2040.0,2044.9,280450,5915.28,33794,111611.0,39.8,2026-09-23
LUMINO,EQ,23-Sep-2026,108.27,109.1,111.96,106.6,109.9,13801506,15097.11,63166,2436403.0,17.65,2026-09-23
LUPIN,EQ,23-Sep-2026,2135.0,2125.0,2125.0,2090.1,2102.8,648814,13631.11,41407,434218.0,66.92,2026-09-23
LUXIND,EQ,23-Sep-2026,1157.5,1167.0,1202.0,1161.2,1186.5,55135,652.22,4083,28367.0,51.45,2026-09-23
LXCHEM,EQ,23-Sep-2026,178.01,178.0,189.0,177.6,188.44,3615692,6743.16,36027,1405578.0,38.87,2026-09-23
LYKALABS,BE,23-Sep-2026,86.7,85.99,87.1,85.99,87.1,13706,11.89,58,,,2026-09-23
M&M,EQ,23-Sep-2026,3044.5,3048.4,3052.0,3022.4,3035.0,2600352,78952.5,101519,1829712.0,70.36,2026-09-23
M&MFIN,EQ,23-Sep-2026,352.4,351.85,357.0,347.85,348.6,672466,2366.61,31421,350733.0,52.16,2026-09-23
MAANALU,EQ,23-Sep-2026,104.81,105.0,108.45,101.9,103.93,177522,185.51,2258,108751.0,61.26,2026-09-23
MACOBSTECH,SM,23-Sep-2026,193.0,202.0,202.0,202.0,202.0,40000,80.8,2,40000.0,100.0,2026-09-23
MACPOWER,EQ,23-Sep-2026,2096.5,2139.0,2141.9,2030.6,2059.5,43775,909.87,5886,19442.0,44.41,2026-09-23
MADHAV,EQ,23-Sep-2026,34.46,36.4,36.4,34.17,34.57,2394,0.83,48,2376.0,99.25,2026-09-23
MADHAVBAUG,ST,23-Sep-2026,167.9,173.2,176.25,170.0,171.5,6800,11.76,14,6800.0,100.0,2026-09-23
MADHAVIPL,EQ,23-Sep-2026,7.39,7.65,7.78,7.5,7.67,56608,4.33,248,42902.0,75.79,2026-09-23
MADHUCON,EQ,23-Sep-2026,4.07,4.15,4.2,4.05,4.14,13373,0.56,48,12427.0,92.93,2026-09-23
MADHURKNIT,SM,23-Sep-2026,47.35,44.5,47.9,43.35,45.55,165600,75.63,70,138000.0,83.33,2026-09-23
MADHUSUDAN,ST,23-Sep-2026,229.3,226.15,226.15,225.5,225.55,11000,24.84,11,11000.0,100.0,2026-09-23
MADRASFERT,EQ,23-Sep-2026,61.35,61.35,62.49,60.0,61.47,49965,30.79,1062,23399.0,46.83,2026-09-23
MAFANG,EQ,23-Sep-2026,238.18,242.95,242.95,233.0,234.14,597087,1405.93,13999,317801.0,53.23,2026-09-23
MAFATIND,EQ,23-Sep-2026,120.32,120.8,121.85,120.08,121.05,24203,29.25,510,14696.0,60.72,2026-09-23
MAGADSUGAR,EQ,23-Sep-2026,500.75,500.0,518.0,500.0,509.2,16374,83.78,1555,6461.0,39.46,2026-09-23
MAGNUM,EQ,23-Sep-2026,19.02,19.21,19.29,18.55,19.0,21394,4.07,153,13534.0,63.26,2026-09-23
MAGSON,SM,23-Sep-2026,180.0,180.0,184.0,177.05,180.0,296000,532.91,108,294000.0,99.32,2026-09-23
MAHABANK,EQ,23-Sep-2026,82.4,82.65,84.7,82.32,84.11,12282011,10298.22,51047,5376406.0,43.77,2026-09-23
MAHAPEXLTD,EQ,23-Sep-2026,53.79,53.35,54.98,52.67,53.0,9557,5.1,124,8807.0,92.15,2026-09-23
MAHASTEEL,BE,23-Sep-2026,1101.8,1100.9,1156.8,1065.3,1156.8,4078,45.79,361,,,2026-09-23
MAHEPC,EQ,23-Sep-2026,98.75,99.0,101.98,98.0,100.45,18962,18.98,648,10508.0,55.42,2026-09-23
MAHESHWARI,EQ,23-Sep-2026,71.53,71.7,73.0,71.7,72.83,6431,4.67,78,5953.0,92.57,2026-09-23
MAHICKRA,SM,23-Sep-2026,314.5,301.0,301.0,297.0,297.0,2250,6.71,3,1500.0,66.67,2026-09-23
MAHKTECH,EQ,23-Sep-2026,22.01,22.35,22.35,21.45,21.86,777289,170.14,4674,551467.0,70.95,2026-09-23
MAHLIFE,EQ,23-Sep-2026,359.05,358.1,361.65,352.15,356.6,86955,309.39,8705,39050.0,44.91,2026-09-23
MAHLOG,EQ,23-Sep-2026,400.3,401.9,425.0,400.15,416.55,418086,1741.25,14582,215020.0,51.43,2026-09-23
MAHSCOOTER,EQ,23-Sep-2026,13313.0,13313.0,13485.0,13200.0,13269.0,2712,359.97,705,1429.0,52.69,2026-09-23
MAHSEAMLES,EQ,23-Sep-2026,697.35,700.0,729.35,696.65,702.75,439951,3112.65,19092,208204.0,47.32,2026-09-23
MAITHANALL,EQ,23-Sep-2026,994.95,1000.4,1020.85,995.05,1009.9,111790,1126.87,5450,58226.0,52.09,2026-09-23
MAITREYA,SM,23-Sep-2026,112.6,113.15,116.6,110.6,116.6,2000,2.27,3,1600.0,80.0,2026-09-23
MAJESAUT,BE,23-Sep-2026,362.25,365.0,373.3,365.0,371.5,1683,6.21,92,,,2026-09-23
MAKEINDIA,EQ,23-Sep-2026,161.65,161.92,163.13,161.75,163.01,19962,32.49,264,14314.0,71.71,2026-09-23
MAKERSL,EQ,23-Sep-2026,181.26,182.0,187.89,180.1,182.88,1736,3.17,40,1081.0,62.27,2026-09-23
MAL,ST,23-Sep-2026,42.55,42.25,43.55,42.25,43.55,9600,4.11,6,9600.0,100.0,2026-09-23
MALLCOM,EQ,23-Sep-2026,951.7,951.4,980.0,950.5,975.35,3973,38.35,407,2894.0,72.84,2026-09-23
MALUPAPER,EQ,23-Sep-2026,31.98,32.15,32.48,31.9,31.99,9660,3.1,224,5519.0,57.13,2026-09-23
MAMATA,EQ,23-Sep-2026,403.55,403.55,427.0,403.55,423.35,178742,753.09,6929,52741.0,29.51,2026-09-23
MANAKALUCO,EQ,23-Sep-2026,35.36,35.99,36.39,35.31,35.96,42954,15.46,430,27367.0,63.71,2026-09-23
MANAKCOAT,EQ,23-Sep-2026,132.67,132.5,134.99,131.01,131.99,181350,241.01,2871,109079.0,60.15,2026-09-23
MANAKSIA,EQ,23-Sep-2026,65.34,65.34,67.9,64.51,66.8,71359,47.54,811,46521.0,65.19,2026-09-23
MANAKSTEEL,BE,23-Sep-2026,107.25,105.11,108.98,105.1,106.62,17828,18.94,148,,,2026-09-23
MANALIPETC,EQ,23-Sep-2026,84.87,85.69,88.8,84.94,87.69,2077751,1818.54,14013,759890.0,36.57,2026-09-23
MANAPPURAM,EQ,23-Sep-2026,319.3,320.0,323.0,317.5,320.4,3801599,12176.35,48118,2096323.0,55.14,2026-09-23
MANBA,EQ,23-Sep-2026,136.41,139.48,151.0,137.03,139.19,789795,1126.34,11060,242993.0,30.77,2026-09-23
MANCREDIT,EQ,23-Sep-2026,222.53,219.3,227.48,219.3,225.17,143066,323.27,1594,11373.0,7.95,2026-09-23
MANDEEP,SM,23-Sep-2026,18.35,18.4,18.4,18.4,18.4,4000,0.74,2,4000.0,100.0,2026-09-23
MANGALAM,EQ,23-Sep-2026,32.24,32.95,34.3,32.06,32.32,39080,12.85,405,22425.0,57.38,2026-09-23
MANGLMCEM,EQ,23-Sep-2026,1006.3,1014.6,1052.4,1014.6,1033.3,69168,717.99,3263,39259.0,56.76,2026-09-23
MANIKA,BE,23-Sep-2026,41.79,40.2,42.97,39.71,42.58,2991728,1244.05,6716,,,2026-09-23
MANILAM,SM,23-Sep-2026,40.0,40.0,40.0,39.0,39.0,12000,4.7,5,10000.0,83.33,2026-09-23
MANINDS,EQ,23-Sep-2026,849.9,875.0,1005.0,866.25,986.7,10691371,101867.58,314119,1204370.0,11.26,2026-09-23
MANINFRA,EQ,23-Sep-2026,124.04,123.9,125.47,122.9,124.75,1822660,2270.42,9400,635380.0,34.86,2026-09-23
MANIPALHOS,EQ,23-Sep-2026,746.1,751.7,767.0,746.0,760.95,1201772,9096.86,34868,680455.0,56.62,2026-09-23
MANKIND,EQ,23-Sep-2026,2480.0,2475.1,2493.0,2458.1,2465.0,352575,8714.48,25765,195280.0,55.39,2026-09-23
MANOMAY,EQ,23-Sep-2026,227.35,229.95,229.95,221.43,224.48,146401,330.49,5608,19320.0,13.2,2026-09-23
MANORAMA,EQ,23-Sep-2026,1911.0,1925.3,1955.0,1914.3,1929.4,141711,2741.59,23747,78014.0,55.05,2026-09-23
MANORG,EQ,23-Sep-2026,459.5,457.4,460.0,456.0,458.15,1281,5.87,116,896.0,69.95,2026-09-23
MANUFGBEES,EQ,23-Sep-2026,160.44,158.84,161.22,158.84,160.41,6899,11.07,71,6021.0,87.27,2026-09-23
MANUGRAPH,EQ,23-Sep-2026,20.22,20.99,24.26,20.99,23.52,1740711,413.39,4082,866391.0,49.77,2026-09-23
MANYAVAR,EQ,23-Sep-2026,535.35,532.0,542.95,529.05,531.15,87124,467.02,5653,35610.0,40.87,2026-09-23
MAPMYINDIA,EQ,23-Sep-2026,922.0,923.9,935.8,894.8,906.8,184879,1692.78,9989,80652.0,43.62,2026-09-23
MARALOVER,EQ,23-Sep-2026,61.11,62.5,62.5,60.3,61.11,10749,6.64,153,8010.0,74.52,2026-09-23
MARATHON,EQ,23-Sep-2026,417.8,416.0,422.2,416.0,419.4,23856,100.14,1471,11780.0,49.38,2026-09-23
MARC,ST,23-Sep-2026,150.45,156.95,156.95,148.05,148.05,4800,7.32,3,3600.0,75.0,2026-09-23
MARCO,SM,23-Sep-2026,28.5,28.0,29.35,28.0,29.35,9000,2.62,6,6000.0,66.67,2026-09-23
MARICO,EQ,23-Sep-2026,830.0,830.5,833.2,828.0,832.3,836702,6951.62,37543,517331.0,61.83,2026-09-23
MARINE,EQ,23-Sep-2026,411.45,404.0,446.9,382.55,425.8,19063839,77880.54,186671,4714197.0,24.73,2026-09-23
MARKOLINES,EQ,23-Sep-2026,169.24,169.5,171.85,169.27,169.9,92158,157.32,715,35826.0,38.87,2026-09-23
MARKSANS,EQ,23-Sep-2026,332.95,332.95,348.95,331.0,347.6,3317178,11349.55,58912,1440882.0,43.44,2026-09-23
MARSONS,EQ,23-Sep-2026,127.88,128.7,132.1,127.1,128.05,906853,1172.66,9263,214372.0,23.64,2026-09-23
MARUSHIKA,SM,23-Sep-2026,115.0,116.0,117.0,115.0,116.65,14400,16.8,4,14400.0,100.0,2026-09-23
MARUTI,EQ,23-Sep-2026,12190.0,12240.0,12255.0,12106.0,12230.0,220483,26879.14,34559,106075.0,48.11,2026-09-23
MASFIN,EQ,23-Sep-2026,289.35,289.5,290.05,283.1,284.5,188916,538.58,6623,145324.0,76.93,2026-09-23
MASKINVEST,EQ,23-Sep-2026,144.31,148.0,148.0,137.22,146.67,23,0.03,8,21.0,91.3,2026-09-23
MASON,SM,23-Sep-2026,110.75,111.0,111.15,109.0,111.0,18000,19.9,23,17000.0,94.44,2026-09-23
MASPTOP50,EQ,23-Sep-2026,98.01,102.0,102.94,93.02,97.56,2051032,2019.99,22622,639994.0,31.2,2026-09-23
MASTEK,EQ,23-Sep-2026,1567.9,1573.0,1585.0,1557.0,1573.3,54954,861.89,6117,24519.0,44.62,2026-09-23
MASTERTR,EQ,23-Sep-2026,86.46,86.46,88.94,86.46,88.14,128635,113.12,1346,32756.0,25.46,2026-09-23
MATRIMONY,EQ,23-Sep-2026,550.75,555.0,555.0,535.1,544.95,15296,83.21,969,8713.0,56.96,2026-09-23
MAWANASUG,EQ,23-Sep-2026,131.43,132.53,137.66,131.33,133.07,134159,180.31,2832,67146.0,50.05,2026-09-23
MAXESTATES,EQ,23-Sep-2026,595.05,597.0,605.75,593.0,603.2,56043,336.5,3128,28701.0,51.21,2026-09-23
MAXHEALTH,EQ,23-Sep-2026,1056.5,1056.5,1067.3,1053.2,1059.9,1122755,11905.06,30582,692698.0,61.7,2026-09-23
MAXIND,EQ,23-Sep-2026,151.86,151.86,152.94,148.53,149.82,28760,43.19,652,20625.0,71.71,2026-09-23
MAXPOSURE,SM,23-Sep-2026,39.0,39.0,39.0,37.0,37.05,6000,2.27,6,6000.0,100.0,2026-09-23
MAXVOLT,SM,23-Sep-2026,392.25,397.7,411.85,397.7,411.85,67200,274.8,141,50800.0,75.6,2026-09-23
MAYASHEEL,SM,23-Sep-2026,35.35,39.8,39.8,33.4,34.5,18000,6.35,6,15000.0,83.33,2026-09-23
MAYURUNIQ,EQ,23-Sep-2026,726.15,730.45,734.1,711.4,722.9,95827,692.03,5634,55534.0,57.95,2026-09-23
MAZDA,BE,23-Sep-2026,242.75,243.9,254.85,243.9,254.85,153749,389.51,316,,,2026-09-23
MAZDOCK,EQ,23-Sep-2026,2204.0,2210.6,2225.0,2203.5,2211.5,373859,8271.33,18409,145121.0,38.82,2026-09-23
MBAPL,EQ,23-Sep-2026,165.68,169.0,170.5,165.09,167.51,806244,1357.45,8158,391721.0,48.59,2026-09-23
MBECL,BE,23-Sep-2026,430.09,438.69,438.69,438.69,438.69,2485,10.9,62,,,2026-09-23
MBEL,EQ,23-Sep-2026,259.25,261.7,266.6,258.1,261.0,118607,311.36,4179,40290.0,33.97,2026-09-23
MBLINFRA,EQ,23-Sep-2026,21.76,22.2,22.49,21.31,21.72,58613,12.77,418,42701.0,72.85,2026-09-23
MCCHRLS-B,EQ,23-Sep-2026,654.8,679.65,679.65,610.5,657.1,3649,23.61,212,3177.0,87.06,2026-09-23
MCL,EQ,23-Sep-2026,56.35,57.21,63.73,56.51,60.75,247844,150.53,3420,146826.0,59.24,2026-09-23
MCLEODRUSS,EQ,23-Sep-2026,44.96,45.69,47.2,44.96,47.2,128566,59.16,735,92771.0,72.16,2026-09-23
MCLOUD,EQ,23-Sep-2026,25.18,25.8,25.8,25.0,25.41,930478,235.85,2916,441807.0,47.48,2026-09-23
MCX,EQ,23-Sep-2026,3262.6,3269.0,3374.0,3237.5,3374.0,2249890,74546.87,125537,935611.0,41.58,2026-09-23
MEDANTA,EQ,23-Sep-2026,1487.8,1495.3,1499.0,1475.5,1496.1,78256,1165.82,10636,32129.0,41.06,2026-09-23
MEDIASSIST,EQ,23-Sep-2026,328.6,331.25,337.4,324.5,334.6,516290,1690.64,9642,362700.0,70.25,2026-09-23
MEDICAMEQ,BE,23-Sep-2026,319.5,320.95,327.4,315.4,319.95,9512,30.67,169,,,2026-09-23
MEDICAPQ,BE,23-Sep-2026,25.34,25.34,25.34,24.36,25.09,1800,0.45,25,,,2026-09-23
MEDICO,EQ,23-Sep-2026,33.96,34.15,34.74,31.82,32.65,586464,192.72,4274,371928.0,63.42,2026-09-23
MEDIORG,SM,23-Sep-2026,22.0,23.0,23.0,23.0,23.0,2000,0.46,1,2000.0,100.0,2026-09-23
MEDISTEP,SM,23-Sep-2026,19.5,19.0,19.0,18.3,18.3,15000,2.83,5,15000.0,100.0,2026-09-23
MEDPLUS,EQ,23-Sep-2026,655.55,659.3,677.25,655.2,662.0,113333,755.57,9757,52527.0,46.35,2026-09-23
MEESHO,EQ,23-Sep-2026,240.19,243.0,244.37,230.94,236.37,29256339,69052.15,209262,6260521.0,21.4,2026-09-23
MEGASTAR,EQ,23-Sep-2026,276.1,265.65,281.9,265.65,277.6,1586,4.41,132,1218.0,76.8,2026-09-23
MEGATHERM,SM,23-Sep-2026,259.9,254.45,266.0,246.0,263.05,26800,68.57,58,18400.0,68.66,2026-09-23
MEIL,EQ,23-Sep-2026,271.75,274.45,284.0,266.0,274.25,56811,157.1,2050,23179.0,40.8,2026-09-23
MENNPIS,BE,23-Sep-2026,73.35,74.18,74.25,72.85,73.99,18142,13.35,128,,,2026-09-23
MENONBE,BE,23-Sep-2026,306.7,308.8,310.9,293.7,301.25,43163,131.1,592,,,2026-09-23
MEP,BZ,23-Sep-2026,0.63,0.64,0.64,0.64,0.64,19912,0.13,10,,,2026-09-23
MERCANTILE,EQ,23-Sep-2026,22.1,21.9,24.5,21.9,22.01,8946,1.99,81,7696.0,86.03,2026-09-23
MERCURYEV,EQ,23-Sep-2026,39.93,40.22,40.24,38.01,38.72,664358,262.16,2864,357045.0,53.74,2026-09-23
METAL,EQ,23-Sep-2026,13.11,13.43,13.43,12.78,13.4,2189340,291.97,4251,1422647.0,64.98,2026-09-23
METALIC,ST,23-Sep-2026,155.8,163.0,163.55,161.1,163.55,44800,73.1,27,41600.0,92.86,2026-09-23
METALIETF,EQ,23-Sep-2026,13.05,13.1,13.38,13.07,13.34,9100169,1208.6,7749,5199025.0,57.13,2026-09-23
METROBRAND,EQ,23-Sep-2026,920.3,920.0,920.8,906.0,911.1,27326,249.43,5719,13735.0,50.26,2026-09-23
METROGLOBL,EQ,23-Sep-2026,132.97,129.07,132.9,129.07,130.38,247,0.32,16,237.0,95.95,2026-09-23
METROPOLIS,EQ,23-Sep-2026,592.4,591.3,595.45,581.0,585.5,218722,1282.32,14186,131145.0,59.96,2026-09-23
MFML,EQ,23-Sep-2026,19.26,19.0,19.87,18.0,18.22,22464,4.14,218,16906.0,75.26,2026-09-23
MFSL,EQ,23-Sep-2026,1554.2,1562.4,1563.5,1548.1,1562.9,324133,5049.08,17491,225018.0,69.42,2026-09-23
MGEL,EQ,23-Sep-2026,15.52,15.41,15.76,15.33,15.49,2068588,320.41,635,1826650.0,88.3,2026-09-23
MGL,EQ,23-Sep-2026,1067.3,1068.0,1112.0,1068.0,1092.8,289762,3183.04,27195,83893.0,28.95,2026-09-23
MGSL,SM,23-Sep-2026,68.95,70.0,72.0,66.3,69.45,9600,6.74,7,9600.0,100.0,2026-09-23
MHLXMIRU,BE,23-Sep-2026,163.26,164.0,168.0,155.1,156.97,19609,31.2,168,,,2026-09-23
MHRIL,EQ,23-Sep-2026,199.07,198.9,204.89,198.9,201.39,137743,278.35,3314,62108.0,45.09,2026-09-23
MICEL,BE,23-Sep-2026,34.03,34.71,34.71,34.71,34.71,30107,10.45,81,,,2026-09-23
MID150,EQ,23-Sep-2026,23.17,23.48,23.48,23.17,23.33,24216,5.64,140,23938.0,98.85,2026-09-23
MID150BEES,EQ,23-Sep-2026,236.21,237.19,237.68,236.25,237.36,309171,732.85,4223,197906.0,64.01,2026-09-23
MID150CASE,EQ,23-Sep-2026,11.47,11.75,11.75,11.31,11.56,796587,91.88,2626,471664.0,59.21,2026-09-23
MIDBANKADD,EQ,23-Sep-2026,17.06,17.19,17.31,17.19,17.25,5644,0.97,18,4791.0,84.89,2026-09-23
MIDCAP,EQ,23-Sep-2026,18.22,18.39,18.49,18.26,18.31,166823,30.53,594,114036.0,68.36,2026-09-23
MIDCAPADD,EQ,23-Sep-2026,22.89,22.89,22.96,22.86,22.86,4503,1.03,21,2974.0,66.04,2026-09-23
MIDCAPBETA,EQ,23-Sep-2026,232.0,232.0,232.0,230.67,230.8,480,1.11,19,447.0,93.13,2026-09-23
MIDCAPETF,EQ,23-Sep-2026,23.32,23.43,23.49,23.28,23.43,1114590,261.14,3364,758030.0,68.01,2026-09-23
MIDCAPIETF,EQ,23-Sep-2026,23.54,22.95,23.8,22.95,23.74,437990,103.83,1554,318910.0,72.81,2026-09-23
MIDHANI,EQ,23-Sep-2026,415.2,415.0,421.9,414.5,416.2,337218,1408.5,11749,143692.0,42.61,2026-09-23
MIDQ50ADD,EQ,23-Sep-2026,24.35,24.44,24.47,24.28,24.28,29716,7.24,90,23289.0,78.37,2026-09-23
MIDSELIETF,EQ,23-Sep-2026,19.65,19.78,19.9,19.61,19.79,186250,36.74,833,139569.0,74.94,2026-09-23
MIDSMALL,EQ,23-Sep-2026,51.14,51.15,51.6,51.15,51.56,69229,35.63,445,43810.0,63.28,2026-09-23
MIDWESTLTD,EQ,23-Sep-2026,1018.3,1020.0,1085.0,982.8,993.4,29595,297.17,3035,12499.0,42.23,2026-09-23
MIEL,SM,23-Sep-2026,12.3,12.3,12.3,12.3,12.3,2000,0.25,1,2000.0,100.0,2026-09-23
MIIL,EQ,23-Sep-2026,710.45,716.75,717.8,686.5,698.1,118649,832.83,2580,66026.0,55.65,2026-09-23
MILKYMIST,EQ,23-Sep-2026,302.15,307.0,317.25,306.15,317.25,4163501,13142.69,20627,1712177.0,41.12,2026-09-23
MINALIND,BE,23-Sep-2026,4.95,4.86,4.86,4.86,4.86,7003,0.34,45,,,2026-09-23
MINDACORP,EQ,23-Sep-2026,685.4,687.05,695.55,682.8,689.05,152854,1054.74,11419,83621.0,54.71,2026-09-23
MINDSPACE,RR,23-Sep-2026,504.76,506.4,507.0,501.5,502.25,2321405,11721.99,10673,2224870.0,95.84,2026-09-23
MINDTECK,EQ,23-Sep-2026,157.94,160.4,161.6,158.11,159.65,14739,23.59,795,10049.0,68.18,2026-09-23
MIRZAINT,EQ,23-Sep-2026,29.12,29.0,29.7,29.0,29.35,148475,43.61,1353,77203.0,52.0,2026-09-23
MITCON,EQ,23-Sep-2026,80.12,80.12,92.84,79.1,82.62,102341,84.37,181,93990.0,91.84,2026-09-23
MITTAL,EQ,23-Sep-2026,0.76,0.77,0.77,0.74,0.74,2465145,18.56,476,1132925.0,45.96,2026-09-23
MKEXIM,EQ,23-Sep-2026,68.04,70.0,70.38,66.02,68.13,8695,5.91,165,6914.0,79.52,2026-09-23
MKPL,EQ,23-Sep-2026,4.03,4.1,4.1,3.98,4.04,45612,1.84,242,38674.0,84.79,2026-09-23
MLKFOOD,EQ,23-Sep-2026,82.45,83.5,87.0,82.0,82.88,2130,1.77,95,1377.0,64.65,2026-09-23
MMEL,SM,23-Sep-2026,26.7,28.25,29.35,28.25,29.35,20000,5.85,9,16000.0,80.0,2026-09-23
MMFL,EQ,23-Sep-2026,603.4,599.5,624.5,599.5,614.65,52247,321.28,4295,27667.0,52.95,2026-09-23
MMP,EQ,23-Sep-2026,461.3,463.0,483.95,460.0,464.8,96752,455.91,4166,45633.0,47.16,2026-09-23
MMTC,EQ,23-Sep-2026,59.67,59.75,60.99,59.75,60.47,861890,521.49,6406,325349.0,37.75,2026-09-23
MMWL,EQ,23-Sep-2026,13.29,13.35,13.85,13.28,13.7,35980,4.87,127,34331.0,95.42,2026-09-23
MNC,EQ,23-Sep-2026,32.28,32.44,32.64,32.36,32.49,26562,8.64,293,16761.0,63.1,2026-09-23
MOALPHA50,EQ,23-Sep-2026,55.44,56.5,56.83,54.89,55.69,39162,21.83,149,12783.0,32.64,2026-09-23
MOBANK10,EQ,23-Sep-2026,16.77,16.93,16.93,16.59,16.7,2791,0.46,52,1552.0,55.61,2026-09-23
MOBIKWIK,EQ,23-Sep-2026,209.02,208.48,209.69,202.0,202.93,1411387,2885.25,18961,649714.0,46.03,2026-09-23
MOCAPITAL,EQ,23-Sep-2026,52.94,53.18,53.99,52.85,53.88,575974,308.76,2127,333284.0,57.86,2026-09-23
MODEFENCE,EQ,23-Sep-2026,103.81,104.4,104.46,103.5,103.76,1076465,1120.46,5346,727701.0,67.6,2026-09-23
MODINATUR,EQ,23-Sep-2026,355.75,354.25,360.0,351.25,352.65,1006,3.58,111,676.0,67.2,2026-09-23
MODIRUBBER,EQ,23-Sep-2026,122.04,121.81,124.0,118.4,121.51,870,1.06,62,757.0,87.01,2026-09-23
MODIS,EQ,23-Sep-2026,347.3,347.0,370.0,341.0,356.35,39231,141.51,1278,13518.0,34.46,2026-09-23
MODISONLTD,BE,23-Sep-2026,468.25,471.6,476.5,465.0,472.8,51232,241.73,958,,,2026-09-23
MODTHREAD,EQ,23-Sep-2026,46.37,46.1,47.9,45.0,45.92,17661,8.06,194,10264.0,58.12,2026-09-23
MOENERGY,EQ,23-Sep-2026,37.91,38.1,38.29,37.86,38.02,136700,51.87,424,112939.0,82.62,2026-09-23
MOGOLD,EQ,23-Sep-2026,149.7,150.7,150.7,148.9,149.1,10597,15.85,281,4375.0,41.29,2026-09-23
MOGSEC,EQ,23-Sep-2026,65.03,65.25,65.49,64.95,65.44,1851,1.21,41,1473.0,79.58,2026-09-23
MOHEALTH,EQ,23-Sep-2026,52.65,53.17,53.17,52.6,52.8,54326,28.75,413,41921.0,77.17,2026-09-23
MOHITE,EQ,23-Sep-2026,2.47,2.52,2.53,2.42,2.45,31356,0.77,84,26392.0,84.17,2026-09-23
MOHITIND,EQ,23-Sep-2026,22.87,23.0,23.9,22.9,23.5,18667,4.38,119,15867.0,85.0,2026-09-23
MOIL,EQ,23-Sep-2026,243.2,243.0,251.79,242.55,248.7,633513,1573.85,9933,245186.0,38.7,2026-09-23
MOINFRA,EQ,23-Sep-2026,57.56,58.14,59.0,58.14,58.32,2057,1.2,44,1378.0,66.99,2026-09-23
MOIPO,EQ,23-Sep-2026,48.98,49.23,49.84,48.7,48.97,1650,0.81,45,942.0,57.09,2026-09-23
MOKSH,EQ,23-Sep-2026,10.06,10.19,10.25,9.95,10.13,55566,5.6,188,47573.0,85.62,2026-09-23
MOL,EQ,23-Sep-2026,61.45,61.53,62.45,61.31,61.63,430151,265.77,3574,194958.0,45.32,2026-09-23
MOLBIO,EQ,23-Sep-2026,1263.8,1274.7,1338.3,1260.2,1313.2,2192517,28788.31,104608,341712.0,15.59,2026-09-23
MOLDTECH,BE,23-Sep-2026,194.44,194.44,201.03,191.6,199.88,49478,97.33,392,,,2026-09-23
MOLDTKPAC,EQ,23-Sep-2026,639.95,641.5,685.8,641.5,679.95,78593,528.59,5961,38227.0,48.64,2026-09-23
MOLOWVOL,EQ,23-Sep-2026,35.25,34.55,37.0,34.55,35.25,736337,258.04,84,439200.0,59.65,2026-09-23
MOM100,EQ,23-Sep-2026,66.87,68.54,68.54,65.19,67.29,183430,123.29,1758,124789.0,68.03,2026-09-23
MOM30IETF,EQ,23-Sep-2026,30.83,30.86,31.2,30.86,31.12,1189643,369.1,1237,994623.0,83.61,2026-09-23
MOM50,EQ,23-Sep-2026,243.74,245.63,246.06,244.5,244.51,8638,21.19,114,7802.0,90.32,2026-09-23
MOMENTUM,EQ,23-Sep-2026,30.75,29.98,30.98,29.98,30.94,48982,15.14,127,27671.0,56.49,2026-09-23
MOMENTUM30,EQ,23-Sep-2026,30.93,30.87,30.87,30.14,30.53,215721,65.83,928,53404.0,24.76,2026-09-23
MOMENTUM50,EQ,23-Sep-2026,53.53,53.89,54.07,53.65,54.0,290112,156.25,8483,172062.0,59.31,2026-09-23
MOMETAL,EQ,23-Sep-2026,13.02,13.28,13.36,12.82,13.36,15114,1.98,40,9623.0,63.67,2026-09-23
MOMGF,EQ,23-Sep-2026,159.42,159.4,160.04,158.49,159.93,673,1.07,22,438.0,65.08,2026-09-23
MOMIDMTM,EQ,23-Sep-2026,63.64,63.64,64.4,63.62,64.22,29211,18.7,189,22801.0,78.06,2026-09-23
MOMMIDCAP,EQ,23-Sep-2026,12.82,12.89,13.0,12.85,12.98,747696,96.87,522,619783.0,82.89,2026-09-23
MOMNC,EQ,23-Sep-2026,31.41,31.53,31.63,31.38,31.61,247,0.08,10,244.0,98.79,2026-09-23
MOMOMENTUM,EQ,23-Sep-2026,61.32,60.09,61.97,60.09,61.77,74495,45.97,248,62439.0,83.82,2026-09-23
MOMSBELIEF,EQ,23-Sep-2026,228.33,228.85,239.0,224.02,227.7,252520,589.97,3654,111837.0,44.29,2026-09-23
MON100,EQ,23-Sep-2026,324.95,333.07,333.07,320.55,327.37,780598,2543.33,15346,461973.0,59.18,2026-09-23
MON50EQUAL,EQ,23-Sep-2026,32.63,32.95,34.0,32.4,33.9,6530,2.13,61,4986.0,76.36,2026-09-23
MONARCH,EQ,23-Sep-2026,366.9,370.55,370.6,361.0,363.45,42773,156.1,1147,23694.0,55.39,2026-09-23
MONEXT50,EQ,23-Sep-2026,71.54,71.0,72.7,70.54,72.69,4257,3.08,48,2931.0,68.85,2026-09-23
MONEYBOXX,EQ,23-Sep-2026,57.4,57.4,58.4,54.53,54.96,70488,39.55,471,47065.0,66.77,2026-09-23
MONIFTY100,EQ,23-Sep-2026,24.72,24.74,24.9,24.66,24.67,5815,1.44,52,4495.0,77.3,2026-09-23
MONIFTY500,EQ,23-Sep-2026,23.44,24.02,24.02,23.38,23.52,342348,80.49,841,286889.0,83.8,2026-09-23
MONOLITH,SM,23-Sep-2026,1282.55,1261.1,1270.0,1196.0,1208.2,44000,541.81,172,29250.0,66.48,2026-09-23
MONOPHARMA,SM,23-Sep-2026,8.25,8.2,8.2,8.2,8.2,4000,0.33,2,4000.0,100.0,2026-09-23
MONQ50,EQ,23-Sep-2026,253.64,228.28,228.28,202.92,202.92,2862484,6020.77,27786,926798.0,32.38,2026-09-23
MONTECARLO,EQ,23-Sep-2026,524.35,528.2,529.9,523.0,527.6,27432,144.31,1256,9300.0,33.9,2026-09-23
MOOILGAS,EQ,23-Sep-2026,11.51,11.37,11.37,10.95,11.06,444509,49.21,276,56777.0,12.77,2026-09-23
MOPSE,EQ,23-Sep-2026,98.42,98.42,98.42,98.12,98.42,38,0.04,11,37.0,97.37,2026-09-23
MOQUALITY,EQ,23-Sep-2026,193.97,193.46,195.28,193.46,195.28,396,0.77,17,333.0,84.09,2026-09-23
MOREALTY,EQ,23-Sep-2026,86.08,86.54,87.85,86.41,87.24,568354,496.14,1414,412728.0,72.62,2026-09-23
MOREPENLAB,EQ,23-Sep-2026,119.04,119.48,124.47,118.01,122.35,11266057,13784.33,45449,3609817.0,32.04,2026-09-23
MOS,SM,23-Sep-2026,6.65,7.2,7.3,6.5,7.3,7456000,542.46,334,6852000.0,91.9,2026-09-23
MOSCHIP,EQ,23-Sep-2026,207.37,207.61,210.25,207.0,207.32,808871,1685.84,11412,302273.0,37.37,2026-09-23
MOSERVICE,EQ,23-Sep-2026,30.2,30.32,30.38,30.15,30.38,1424,0.43,26,1403.0,98.53,2026-09-23
MOSILVER,EQ,23-Sep-2026,227.71,231.2,231.2,227.32,227.74,21615,49.63,516,4956.0,22.93,2026-09-23
MOSMALL250,EQ,23-Sep-2026,18.3,18.35,18.53,18.31,18.48,1739141,321.03,1720,1501924.0,86.36,2026-09-23
MOTHERSON,EQ,23-Sep-2026,161.77,162.99,165.2,162.33,164.4,7287266,11958.11,53501,3558796.0,48.84,2026-09-23
MOTILALOFS,EQ,23-Sep-2026,1007.0,1016.0,1058.0,1009.2,1042.5,2096581,21933.4,56550,495380.0,23.63,2026-09-23
MOTISONS,EQ,23-Sep-2026,18.04,18.4,19.15,17.4,18.89,144251390,26688.63,158019,29534808.0,20.47,2026-09-23
MOTOGENFIN,EQ,23-Sep-2026,26.28,26.3,26.9,25.72,26.09,16794,4.4,128,13178.0,78.47,2026-09-23
MOTOUR,EQ,23-Sep-2026,78.52,78.45,79.98,78.15,78.33,13409,10.52,102,10022.0,74.74,2026-09-23
MOVALUE,EQ,23-Sep-2026,110.44,110.44,112.23,110.4,111.73,45664,50.89,501,34707.0,76.01,2026-09-23
MOXSH,SM,23-Sep-2026,93.5,90.0,94.0,89.1,94.0,4800,4.37,3,4800.0,100.0,2026-09-23
MPDL,BE,23-Sep-2026,30.0,29.24,29.3,28.51,28.51,777,0.23,10,,,2026-09-23
MPEL,SM,23-Sep-2026,22.0,21.5,23.1,20.9,23.1,32000,6.98,17,19200.0,60.0,2026-09-23
MPHASIS,EQ,23-Sep-2026,2265.0,2265.0,2274.3,2229.9,2259.0,219169,4927.86,16849,91334.0,41.67,2026-09-23
MPIMANIPAL,EQ,23-Sep-2026,338.6,338.65,406.3,338.05,372.6,8835559,33691.24,142988,1677099.0,18.98,2026-09-23
MPSLTD,EQ,23-Sep-2026,2603.2,2619.0,2710.0,2606.0,2691.2,8951,239.42,1898,5611.0,62.69,2026-09-23
MRF,EQ,23-Sep-2026,124770.0,124940.0,125250.0,124415.0,124580.0,2354,2933.98,1980,1438.0,61.09,2026-09-23
MRIL,ST,23-Sep-2026,79.9,76.05,82.0,75.95,80.85,43200,33.75,24,41600.0,96.3,2026-09-23
MRPL,EQ,23-Sep-2026,164.44,164.4,169.95,164.3,166.32,5593160,9373.09,44960,1130206.0,20.21,2026-09-23
MSCI360,EQ,23-Sep-2026,9.91,9.91,10.29,9.9,10.25,2370,0.24,18,2370.0,100.0,2026-09-23
MSCIADD,EQ,23-Sep-2026,28.91,28.91,28.91,28.88,28.88,258,0.07,6,158.0,61.24,2026-09-23
MSCIINDIA,EQ,23-Sep-2026,29.19,29.23,29.31,29.13,29.29,1386,0.4,66,1223.0,88.24,2026-09-23
MSL,EQ,23-Sep-2026,138.0,137.0,143.0,131.3,136.0,633,0.86,30,622.0,98.26,2026-09-23
MSPL,EQ,23-Sep-2026,33.39,33.61,36.23,33.61,35.57,1132883,397.52,4469,584446.0,51.59,2026-09-23
MSTCLTD,EQ,23-Sep-2026,746.95,745.65,760.9,743.55,752.25,143600,1080.18,5697,66535.0,46.33,2026-09-23
MSUMI,EQ,23-Sep-2026,35.15,35.35,35.51,34.88,34.98,15183566,5325.96,40826,8566063.0,56.42,2026-09-23
MTARTECH,BE,23-Sep-2026,7176.0,7173.0,7350.0,7146.0,7286.5,73700,5343.13,12120,,,2026-09-23
MTEDUCARE,BE,23-Sep-2026,1.67,1.7,1.73,1.6,1.66,34836,0.58,40,,,2026-09-23
MTNL,EQ,23-Sep-2026,23.67,23.89,24.63,23.76,24.36,828289,200.92,3569,296088.0,35.75,2026-09-23
MUFIN,EQ,23-Sep-2026,132.69,132.6,135.32,132.12,133.11,928541,1242.91,4883,142323.0,15.33,2026-09-23
MUFTI,EQ,23-Sep-2026,73.34,73.34,73.89,72.31,73.2,46267,33.91,587,34798.0,75.21,2026-09-23
MUKANDLTD,EQ,23-Sep-2026,141.41,141.41,158.8,141.41,157.11,2525436,3870.71,17901,894344.0,35.41,2026-09-23
MUKESHB,EQ,23-Sep-2026,130.5,130.5,133.0,125.0,132.98,217,0.28,6,216.0,99.54,2026-09-23
MUKKA,BE,23-Sep-2026,27.37,27.41,28.15,26.51,27.1,384790,104.97,1238,,,2026-09-23
MUKTAARTS,BE,23-Sep-2026,56.0,58.65,58.8,55.0,57.89,27193,15.59,104,,,2026-09-23
MULTICAP,EQ,23-Sep-2026,16.45,16.52,16.57,16.47,16.53,50466,8.34,332,36369.0,72.07,2026-09-23
MUNISH,SM,23-Sep-2026,94.5,94.5,94.95,90.0,94.95,19200,17.65,16,15600.0,81.25,2026-09-23
MUNJALAU,EQ,23-Sep-2026,104.8,104.8,108.97,104.66,107.27,361795,388.01,8883,121638.0,33.62,2026-09-23
MUNJALSHOW,EQ,23-Sep-2026,133.32,133.65,135.87,132.0,133.44,54209,72.8,845,33482.0,61.76,2026-09-23
MURUDCERA,EQ,23-Sep-2026,29.23,29.0,29.97,28.95,29.06,14709,4.29,335,11557.0,78.57,2026-09-23
MUTHOOTCAP,EQ,23-Sep-2026,229.85,225.51,231.12,225.01,227.71,4428,10.13,257,2773.0,62.62,2026-09-23
MUTHOOTFIN,EQ,23-Sep-2026,2831.5,2831.0,2856.5,2814.1,2856.5,711064,20198.39,91069,422149.0,59.37,2026-09-23
MUTHOOTMF,EQ,23-Sep-2026,188.32,188.6,190.87,187.5,189.19,102096,193.48,2779,58142.0,56.95,2026-09-23
MVELECTRO,EQ,23-Sep-2026,877.35,875.0,903.75,855.5,871.6,1374608,12025.32,37105,190243.0,13.84,2026-09-23
MVGJL,EQ,23-Sep-2026,213.26,213.26,225.0,212.4,221.29,764238,1673.57,16638,323908.0,42.38,2026-09-23
MVKAGRO,SM,23-Sep-2026,220.5,209.5,209.5,209.5,209.5,16200,33.94,28,16200.0,100.0,2026-09-23
MWL,EQ,23-Sep-2026,42.03,42.4,45.0,41.58,44.63,3370765,1493.26,11859,721903.0,21.42,2026-09-23
MYMUDRA,SM,23-Sep-2026,64.65,66.95,71.95,66.95,71.3,12000,8.3,9,10800.0,90.0,2026-09-23
MYSORPETRO,BE,23-Sep-2026,127.13,127.76,131.95,126.0,129.89,4335,5.6,40,,,2026-09-23
NACLIND,EQ,23-Sep-2026,138.62,139.91,145.58,138.13,139.23,1336755,1881.08,20510,718550.0,53.75,2026-09-23
NAGREEKCAP,EQ,23-Sep-2026,28.46,29.04,31.0,28.21,30.2,74186,22.02,540,58606.0,79.0,2026-09-23
NAGREEKEXP,EQ,23-Sep-2026,21.66,22.25,25.4,21.0,24.21,97332,23.0,610,78856.0,81.02,2026-09-23
NAHARCAP,EQ,23-Sep-2026,249.95,248.1,256.2,248.1,252.3,2275,5.72,72,1936.0,85.1,2026-09-23
NAHARINDUS,EQ,23-Sep-2026,131.71,132.93,133.3,130.55,131.86,8358,11.03,396,4882.0,58.41,2026-09-23
NAHARPOLY,EQ,23-Sep-2026,232.84,235.99,236.0,228.0,228.81,3369,7.78,156,2470.0,73.32,2026-09-23
NAHARSPING,EQ,23-Sep-2026,277.85,278.95,283.0,271.7,277.45,15456,42.89,271,11678.0,75.56,2026-09-23
NAM-INDIA,EQ,23-Sep-2026,1159.0,1153.3,1175.8,1153.3,1165.0,494842,5780.64,17539,286037.0,57.8,2026-09-23
NAMAN,SM,23-Sep-2026,42.0,44.1,44.1,44.05,44.1,8000,3.53,8,7200.0,90.0,2026-09-23
NAMOEWASTE,SM,23-Sep-2026,316.55,320.1,330.4,307.25,311.75,124800,395.64,140,72000.0,57.69,2026-09-23
NARMADA,EQ,23-Sep-2026,13.42,13.46,13.52,13.27,13.34,505348,67.67,658,232812.0,46.07,2026-09-23
NATCAPSUQ,BE,23-Sep-2026,169.0,173.2,173.86,170.31,172.67,3392,5.84,55,,,2026-09-23
NATCOPHARM,EQ,23-Sep-2026,815.05,815.15,840.0,811.0,837.6,650820,5417.16,40793,329873.0,50.69,2026-09-23
NATHBIOGEN,EQ,23-Sep-2026,148.38,148.38,151.9,147.13,148.02,97539,144.51,156,94928.0,97.32,2026-09-23
NATIONALUM,EQ,23-Sep-2026,352.2,352.5,363.95,352.5,363.45,6249209,22480.3,82761,3594224.0,57.51,2026-09-23
NATIONSTD,EQ,23-Sep-2026,114.98,114.0,115.49,112.0,113.38,6340,7.21,299,5101.0,80.46,2026-09-23
NAUKRI,EQ,23-Sep-2026,1304.0,1295.6,1322.7,1291.1,1297.0,1549637,20236.1,69175,882439.0,56.94,2026-09-23
NAVA,EQ,23-Sep-2026,550.9,551.1,555.25,548.7,553.65,210862,1164.63,20318,125988.0,59.75,2026-09-23
NAVINFLUOR,EQ,23-Sep-2026,8438.0,8490.0,8495.0,8360.0,8457.5,173778,14614.1,22657,120441.0,69.31,2026-09-23
NAVKARCORP,EQ,23-Sep-2026,89.38,89.38,96.06,87.3,87.94,2483269,2235.96,15071,1153590.0,46.45,2026-09-23
NAVKARURB,EQ,23-Sep-2026,0.91,0.94,0.95,0.92,0.93,1070470,10.1,409,777421.0,72.62,2026-09-23
NAVNETEDUL,EQ,23-Sep-2026,123.12,123.0,125.9,123.0,123.75,78660,97.76,2415,57490.0,73.09,2026-09-23
NAZARA,EQ,23-Sep-2026,370.45,370.45,376.15,368.9,372.7,1327663,4959.08,12973,955777.0,71.99,2026-09-23
NBCC,EQ,23-Sep-2026,81.9,81.75,84.28,81.65,83.99,5625306,4684.31,31851,2469209.0,43.89,2026-09-23
NBIFIN,EQ,23-Sep-2026,1948.0,1941.3,1982.3,1937.0,1948.9,5488,106.44,81,5100.0,92.93,2026-09-23
NCC,EQ,23-Sep-2026,134.41,134.55,136.5,134.0,136.05,2256139,3053.08,24316,1003976.0,44.5,2026-09-23
NCLIND,EQ,23-Sep-2026,175.51,175.2,178.0,175.2,176.22,24946,44.08,562,17116.0,68.61,2026-09-23
NDGL,EQ,23-Sep-2026,2590.0,2590.0,2625.0,2565.0,2579.0,56,1.45,19,53.0,94.64,2026-09-23
NDL,EQ,23-Sep-2026,2.76,2.79,2.82,2.75,2.76,666203,18.52,820,372300.0,55.88,2026-09-23
NDLVENTURE,EQ,23-Sep-2026,124.01,125.25,125.25,121.17,124.06,7042,8.67,217,4586.0,65.12,2026-09-23
NDRAUTO,EQ,23-Sep-2026,753.2,769.4,769.4,746.1,763.15,17294,130.97,1310,7654.0,44.26,2026-09-23
NDTV,EQ,23-Sep-2026,72.31,72.3,72.31,70.1,71.11,142777,101.7,1308,73567.0,51.53,2026-09-23
NEAGI,EQ,23-Sep-2026,3468.8,3468.8,3468.8,3468.8,3468.8,1,0.03,1,1.0,100.0,2026-09-23
NECCLTD,BE,23-Sep-2026,19.66,19.74,19.99,18.71,19.54,72855,14.09,187,,,2026-09-23
NECLIFE,EQ,23-Sep-2026,10.83,10.98,11.2,10.83,11.06,92820,10.23,319,66262.0,71.39,2026-09-23
NELCAST,EQ,23-Sep-2026,108.9,108.81,110.66,106.8,106.98,85930,92.87,1754,58372.0,67.93,2026-09-23
NELCO,EQ,23-Sep-2026,1011.75,1012.1,1058.8,1012.1,1020.75,511625,5301.83,20300,218552.0,42.72,2026-09-23
NEOCHEM,SM,23-Sep-2026,105.0,107.7,107.7,102.95,105.85,10800,11.38,9,6000.0,55.56,2026-09-23
NEOGEN,EQ,23-Sep-2026,2379.2,2405.0,2423.9,2356.0,2392.1,171733,4113.43,27292,73544.0,42.82,2026-09-23
NEPHROCARE,SM,23-Sep-2026,96.15,97.6,99.6,96.35,98.45,18400,18.12,43,13200.0,71.74,2026-09-23
NEPHROPLUS,EQ,23-Sep-2026,749.45,755.1,758.4,740.0,741.9,122493,913.96,16721,62359.0,50.91,2026-09-23
NEPTUNE,SM,23-Sep-2026,179.0,181.0,184.9,180.0,184.9,7000,12.81,14,6500.0,92.86,2026-09-23
NESCO,EQ,23-Sep-2026,1069.0,1069.0,1094.0,1069.0,1078.5,47959,517.68,6316,28735.0,59.92,2026-09-23
NESTLEIND,EQ,23-Sep-2026,1363.9,1370.0,1387.2,1361.6,1387.2,685984,9467.46,47104,426287.0,62.14,2026-09-23
NETF,EQ,23-Sep-2026,254.99,255.9,256.0,254.01,255.17,1481,3.77,98,1326.0,89.53,2026-09-23
NETWEB,EQ,23-Sep-2026,4817.0,4839.5,4845.0,4700.0,4736.0,549732,26218.98,43870,180023.0,32.75,2026-09-23
NETWORK18,EQ,23-Sep-2026,26.91,26.91,27.28,26.82,27.14,2785721,754.43,6226,1551277.0,55.69,2026-09-23
NEUEON,BE,23-Sep-2026,12.44,13.06,13.06,13.06,13.06,15468,2.02,19,,,2026-09-23
NEULANDLAB,EQ,23-Sep-2026,22550.0,22605.0,22945.0,22285.0,22490.0,27009,6077.72,11958,11082.0,41.03,2026-09-23
NEWGEN,EQ,23-Sep-2026,495.7,496.0,514.05,494.45,504.15,688103,3477.91,21896,198419.0,28.84,2026-09-23
NEWJAISA,ST,23-Sep-2026,18.0,18.1,18.1,17.1,17.15,42000,7.24,23,39000.0,92.86,2026-09-23
NEXT30ADD,EQ,23-Sep-2026,42.1,42.1,42.33,42.05,42.25,910,0.38,38,523.0,57.47,2026-09-23
NEXT50,EQ,23-Sep-2026,742.39,745.98,749.15,744.44,748.46,21450,160.36,3037,9960.0,46.43,2026-09-23
NEXT50ADD,EQ,23-Sep-2026,72.57,72.7,72.88,72.61,72.88,1066,0.77,28,882.0,82.74,2026-09-23
NEXT50BETA,EQ,23-Sep-2026,77.27,77.65,78.41,77.3,78.1,54728,42.71,399,44200.0,80.76,2026-09-23
NEXT50ETF,EQ,23-Sep-2026,72.61,72.87,73.33,72.52,73.2,8198,5.97,64,5559.0,67.81,2026-09-23
NEXT50IETF,EQ,23-Sep-2026,75.87,77.76,77.76,75.33,76.47,850097,650.09,3213,705403.0,82.98,2026-09-23
NEXTMEDIA,EQ,23-Sep-2026,3.74,3.72,3.84,3.65,3.79,22067,0.83,106,19225.0,87.12,2026-09-23
NFL,EQ,23-Sep-2026,66.71,66.51,68.0,66.5,67.84,671132,452.89,4449,228655.0,34.07,2026-09-23
NFPSAMPOOR,SM,23-Sep-2026,22.55,21.05,22.95,21.05,22.75,12000,2.69,6,10000.0,83.33,2026-09-23
NGIL,EQ,23-Sep-2026,39.04,40.9,40.9,38.65,39.78,1886,0.74,50,1467.0,77.78,2026-09-23
NGLFINE,EQ,23-Sep-2026,2859.4,2838.1,2858.5,2788.1,2830.4,3251,92.14,879,1524.0,46.88,2026-09-23
NH,EQ,23-Sep-2026,1883.3,1892.8,1927.2,1872.0,1919.3,104223,1985.22,14840,55107.0,52.87,2026-09-23
NHIT,IV,23-Sep-2026,170.0,170.0,170.0,170.0,170.0,25000,42.5,1,25000.0,100.0,2026-09-23
NHPC,EQ,23-Sep-2026,76.01,76.02,76.85,76.02,76.74,6985170,5349.12,28664,3822170.0,54.72,2026-09-23
NIACL,EQ,23-Sep-2026,187.41,188.34,193.2,187.5,191.16,2811596,5367.97,27210,661293.0,23.52,2026-09-23
NIBE,EQ,23-Sep-2026,1369.9,1360.0,1383.3,1333.1,1346.9,70122,952.8,4823,33607.0,47.93,2026-09-23
NIBL,EQ,23-Sep-2026,33.08,34.0,34.3,33.0,33.52,37193,12.59,419,27768.0,74.66,2026-09-23
NICCOPAR,EQ,23-Sep-2026,81.5,80.0,83.99,80.0,80.0,485,0.4,42,371.0,76.49,2026-09-23
NIF100BEES,EQ,23-Sep-2026,259.98,261.31,261.34,260.03,261.0,5826,15.19,413,3214.0,55.17,2026-09-23
NIF100IETF,EQ,23-Sep-2026,27.25,26.56,27.48,26.56,27.43,126599,34.72,931,64160.0,50.68,2026-09-23
NIF500BETA,EQ,23-Sep-2026,36.72,37.63,37.67,36.78,36.78,24328,8.96,17,24222.0,99.56,2026-09-23
NIFTY1,EQ,23-Sep-2026,259.86,259.86,260.93,258.94,260.14,37795,98.34,1075,28319.0,74.93,2026-09-23
NIFTY100EW,EQ,23-Sep-2026,34.53,34.53,34.55,34.4,34.48,25323,8.73,173,11819.0,46.67,2026-09-23
NIFTYADD,EQ,23-Sep-2026,246.38,243.92,247.78,243.92,246.62,6083,15.02,97,5260.0,86.47,2026-09-23
NIFTYAXIS,EQ,23-Sep-2026,259.35,252.86,260.5,252.86,260.08,221852,576.23,248,205362.0,92.57,2026-09-23
NIFTYBEES,EQ,23-Sep-2026,266.64,266.64,267.9,265.88,267.59,3169237,8477.13,25197,2093798.0,66.07,2026-09-23
NIFTYBETA,EQ,23-Sep-2026,259.33,260.23,260.8,259.21,259.97,23982,62.42,299,18670.0,77.85,2026-09-23
NIFTYBETF,EQ,23-Sep-2026,240.6,241.57,242.0,240.37,241.75,3850,9.29,87,1801.0,46.78,2026-09-23
NIFTYCASE,EQ,23-Sep-2026,9.39,9.62,9.62,9.3,9.4,412050,38.79,1352,349802.0,84.89,2026-09-23
NIFTYETF,EQ,23-Sep-2026,254.53,254.53,255.8,254.27,255.42,69341,176.95,716,29865.0,43.07,2026-09-23
NIFTYIETF,EQ,23-Sep-2026,265.42,265.78,266.65,265.0,266.29,320959,853.65,7948,179652.0,55.97,2026-09-23
NIFTYJBLK,EQ,23-Sep-2026,11.99,12.28,12.28,11.95,12.02,210215,25.26,477,103102.0,49.05,2026-09-23
NIFTYQLITY,EQ,23-Sep-2026,20.39,20.39,20.63,20.39,20.56,14102,2.9,112,11709.0,83.03,2026-09-23
NIITLTD,EQ,23-Sep-2026,89.52,89.99,92.8,89.75,91.67,166415,152.37,2329,70915.0,42.61,2026-09-23
NIITMTS,EQ,23-Sep-2026,217.81,219.45,221.5,216.81,220.27,81817,179.45,4535,43189.0,52.79,2026-09-23
NILAINFRA,EQ,23-Sep-2026,6.66,6.66,6.88,6.66,6.82,173728,11.83,509,132985.0,76.55,2026-09-23
NILASPACES,EQ,23-Sep-2026,12.02,12.27,12.27,11.67,11.81,1683147,199.4,3221,1038573.0,61.7,2026-09-23
NILE,EQ,23-Sep-2026,1444.9,1444.0,1464.6,1424.2,1436.6,1589,22.89,291,1049.0,66.02,2026-09-23
NILKAMAL,EQ,23-Sep-2026,1864.8,1859.6,1915.0,1859.6,1880.2,11814,223.63,2586,5559.0,47.05,2026-09-23
NIMBSPROJ,EQ,23-Sep-2026,188.54,188.01,197.0,186.0,194.79,30579,58.71,480,2551.0,8.34,2026-09-23
NINSYS,EQ,23-Sep-2026,711.05,711.05,714.55,705.25,710.3,1759,12.52,248,1337.0,76.01,2026-09-23
NIPPOBATRY,EQ,23-Sep-2026,325.55,318.1,334.0,318.1,329.6,3772,12.4,226,2975.0,78.87,2026-09-23
NIRAJ,EQ,23-Sep-2026,28.16,28.16,28.87,27.98,27.99,15392,4.31,55,10845.0,70.46,2026-09-23
NIRAJISPAT,BE,23-Sep-2026,262.1,264.7,275.0,249.0,274.8,1230,3.1,31,,,2026-09-23
NIRLON,EQ,23-Sep-2026,601.35,604.3,615.0,597.0,610.05,5520,33.4,627,4235.0,76.72,2026-09-23
NIRMAN,SM,23-Sep-2026,27.0,27.0,27.4,26.75,27.1,4200,1.14,10,3900.0,92.86,2026-09-23
NITCO,EQ,23-Sep-2026,91.89,91.9,93.0,91.44,92.38,561111,515.85,2944,285100.0,50.81,2026-09-23
NITINSPIN,EQ,23-Sep-2026,608.4,613.75,619.9,610.7,617.8,46585,286.95,2906,26647.0,57.2,2026-09-23
NITIRAJ,EQ,23-Sep-2026,229.33,225.05,230.95,225.05,228.34,827,1.88,36,373.0,45.1,2026-09-23
NITTAGELA,EQ,23-Sep-2026,1700.1,1691.6,1737.7,1691.6,1730.2,2246,38.49,311,1448.0,64.47,2026-09-23
NIVABUPA,EQ,23-Sep-2026,80.83,80.83,80.83,79.92,80.23,390877,313.9,7339,225583.0,57.71,2026-09-23
NKIND,EQ,23-Sep-2026,56.55,56.56,57.99,56.51,56.78,485,0.27,28,456.0,94.02,2026-09-23
NLCINDIA,EQ,23-Sep-2026,267.0,267.0,269.15,265.3,267.1,758960,2027.67,21151,383217.0,50.49,2026-09-23
NMDC,EQ,23-Sep-2026,80.2,80.07,82.32,80.07,82.0,11699092,9534.27,45844,5422127.0,46.35,2026-09-23
NOCIL,EQ,23-Sep-2026,193.89,194.4,211.2,194.0,206.3,7384798,15190.63,58153,2416305.0,32.72,2026-09-23
NOIDATOLL,EQ,23-Sep-2026,4.0,4.0,4.01,3.92,3.93,120653,4.79,269,95079.0,78.8,2026-09-23
NORBTEAEXP,EQ,23-Sep-2026,66.26,65.93,67.39,64.0,65.55,996,0.65,32,692.0,69.48,2026-09-23
NORTHARC,EQ,23-Sep-2026,315.9,317.7,317.75,311.4,313.8,587471,1847.03,14867,310571.0,52.87,2026-09-23
NOVAAGRI,EQ,23-Sep-2026,23.08,22.9,23.4,22.9,23.11,29754,6.89,239,17720.0,59.56,2026-09-23
NOVARTIND,EQ,23-Sep-2026,1973.3,1998.0,2099.0,1959.9,2027.4,77712,1575.81,10817,21740.0,27.98,2026-09-23
NPBET,EQ,23-Sep-2026,284.26,285.11,285.64,284.0,284.0,14232,40.42,17,14228.0,99.97,2026-09-23
NPST,EQ,23-Sep-2026,1888.8,1905.3,1905.3,1837.6,1844.7,46146,858.79,5937,22543.0,48.85,2026-09-23
NRAIL,EQ,23-Sep-2026,652.1,669.85,677.0,650.2,657.9,19435,129.33,1778,11145.0,57.34,2026-09-23
NRBBEARING,EQ,23-Sep-2026,520.5,519.85,548.8,518.1,541.05,1530829,8300.16,45852,436504.0,28.51,2026-09-23
NRL,BE,23-Sep-2026,158.35,163.9,166.26,163.69,166.26,78481,129.99,599,,,2026-09-23
NSIL,EQ,23-Sep-2026,5524.0,5515.0,5648.0,5476.0,5624.0,3677,205.3,549,2740.0,74.52,2026-09-23
NSLNISP,EQ,23-Sep-2026,42.51,42.61,44.62,42.41,43.95,8502115,3733.85,26715,2412231.0,28.37,2026-09-23
NTCIND,EQ,23-Sep-2026,133.81,133.81,143.0,131.49,141.63,4487,6.23,64,3818.0,85.09,2026-09-23
NTPC,EQ,23-Sep-2026,327.8,326.5,329.4,325.0,326.0,10525477,34391.23,88503,6514954.0,61.9,2026-09-23
NTPCGREEN,EQ,23-Sep-2026,93.31,93.78,95.8,93.77,95.42,5223366,4974.87,41016,2929640.0,56.09,2026-09-23
NUCLEUS,EQ,23-Sep-2026,685.95,685.95,695.1,681.05,685.0,9840,67.36,1006,4360.0,44.31,2026-09-23
NURECA,BE,23-Sep-2026,336.0,342.4,345.0,333.2,335.6,3503,11.78,118,,,2026-09-23
NUVAMA,EQ,23-Sep-2026,1675.7,1669.7,1696.8,1669.6,1688.2,82852,1400.78,11882,46506.0,56.13,2026-09-23
NUVOCO,EQ,23-Sep-2026,338.85,338.4,348.75,337.0,344.75,312009,1074.82,12094,135556.0,43.45,2026-09-23
NV20,EQ,23-Sep-2026,13.58,13.67,13.67,13.5,13.56,72893,9.88,272,54992.0,75.44,2026-09-23
NV20BEES,EQ,23-Sep-2026,135.7,135.99,136.04,135.08,135.55,7939,10.75,189,3980.0,50.13,2026-09-23
NV20IETF,EQ,23-Sep-2026,13.23,13.26,13.28,13.18,13.21,175820,23.25,1317,91384.0,51.98,2026-09-23
NXST,RR,23-Sep-2026,166.38,166.78,167.2,165.6,166.21,193889,322.62,4327,175393.0,90.46,2026-09-23
NXT-INFRA,IV,23-Sep-2026,99.8,99.8,99.8,99.8,99.8,50000,49.9,1,50000.0,100.0,2026-09-23
NYKAA,EQ,23-Sep-2026,333.55,333.55,340.85,332.05,340.85,2246914,7599.6,29276,1475274.0,65.66,2026-09-23
OAL,EQ,23-Sep-2026,556.9,562.0,568.35,548.0,558.35,23735,133.28,1299,12109.0,51.02,2026-09-23
OBCL,EQ,23-Sep-2026,58.16,59.6,61.0,59.6,60.27,45135,27.16,251,32953.0,73.01,2026-09-23
OBEROIRLTY,EQ,23-Sep-2026,1845.6,1842.1,1878.1,1831.0,1850.0,389012,7215.37,41428,193414.0,49.72,2026-09-23
OBSCP,SM,23-Sep-2026,916.75,923.0,958.95,921.0,952.6,53600,504.7,128,30400.0,56.72,2026-09-23
OCCLLTD,BE,23-Sep-2026,151.34,153.85,157.98,150.0,155.17,50473,77.61,274,,,2026-09-23
ODIGMA,EQ,23-Sep-2026,20.92,21.0,21.41,20.7,21.1,29650,6.28,1000,21211.0,71.54,2026-09-23
ODYCORP,EQ,23-Sep-2026,7.02,7.39,7.39,6.99,7.13,9889,0.7,178,5738.0,58.02,2026-09-23
OFSS,EQ,23-Sep-2026,10989.0,10989.0,11072.0,10801.0,10849.0,174209,18976.46,34574,70940.0,40.72,2026-09-23
OIL,EQ,23-Sep-2026,467.0,467.0,471.45,466.6,470.0,711993,3343.18,16091,372443.0,52.31,2026-09-23
OILCOUNTUB,BE,23-Sep-2026,68.18,69.54,69.54,69.45,69.5,48531,33.74,83,,,2026-09-23
OILIETF,EQ,23-Sep-2026,11.12,11.13,11.2,11.12,11.15,621242,69.34,1354,336629.0,54.19,2026-09-23
OLAELEC,EQ,23-Sep-2026,37.78,38.25,42.49,38.25,41.87,390177989,161799.7,572669,70893374.0,18.17,2026-09-23
OLECTRA,EQ,23-Sep-2026,1217.2,1229.0,1295.2,1226.5,1275.9,1782067,22719.25,76890,426227.0,23.92,2026-09-23
OLIL,SM,23-Sep-2026,435.85,435.0,439.0,430.0,434.6,4000,17.29,10,1200.0,30.0,2026-09-23
OMAXAUTO,EQ,23-Sep-2026,190.86,193.8,209.94,192.21,209.94,199826,406.68,1942,140106.0,70.11,2026-09-23
OMAXE,EQ,23-Sep-2026,116.5,117.0,124.9,114.3,123.13,873922,1062.11,12111,281352.0,32.19,2026-09-23
OMFREIGHT,BE,23-Sep-2026,90.29,89.9,94.0,86.5,92.26,18987,17.37,161,,,2026-09-23
OMFURN,SM,23-Sep-2026,56.75,54.1,54.1,53.95,53.95,3600,1.94,3,2400.0,66.67,2026-09-23
OMINFRAL,EQ,23-Sep-2026,78.93,80.58,81.4,77.25,78.34,99989,79.25,1527,48247.0,48.25,2026-09-23
OMNI,EQ,23-Sep-2026,562.5,556.0,570.45,551.15,553.7,487489,2723.26,20213,219178.0,44.96,2026-09-23
OMPOWER,EQ,23-Sep-2026,170.34,170.24,171.53,168.67,170.39,18985,32.36,686,11173.0,58.85,2026-09-23
ONDOOR,SM,23-Sep-2026,271.75,267.0,268.0,265.1,268.0,5700,15.25,10,4800.0,84.21,2026-09-23
ONEGLOBAL,EQ,23-Sep-2026,547.9,547.9,556.95,534.05,543.35,9969,53.96,362,8837.0,88.64,2026-09-23
ONELIFECAP,BE,23-Sep-2026,35.19,34.98,36.0,33.51,35.09,114937,40.2,114,,,2026-09-23
ONEPOINT,EQ,23-Sep-2026,63.2,63.9,70.5,63.6,68.41,21831475,14956.5,116383,7300102.0,33.44,2026-09-23
ONESOURCE,EQ,23-Sep-2026,1587.9,1595.0,1609.5,1587.9,1596.7,158650,2538.14,12741,101062.0,63.7,2026-09-23
ONGC,EQ,23-Sep-2026,236.13,235.5,236.9,234.2,236.9,8913385,21028.99,77058,6380774.0,71.59,2026-09-23
ONIDA,EQ,23-Sep-2026,34.73,35.09,35.75,34.15,34.3,965764,335.93,2756,631860.0,65.43,2026-09-23
ONIXSOLAR,EQ,23-Sep-2026,322.6,306.5,306.5,306.5,306.5,17334,53.13,147,17334.0,100.0,2026-09-23
ONMOBILE,BE,23-Sep-2026,53.29,53.8,54.7,51.4,52.09,52548,27.75,438,,,2026-09-23
ONWARDTEC,EQ,23-Sep-2026,286.6,287.2,296.0,287.0,294.0,33949,99.41,1187,22240.0,65.51,2026-09-23
ONYX,ST,23-Sep-2026,37.0,35.5,36.5,35.5,36.1,22000,7.93,7,22000.0,100.0,2026-09-23
OPTIEMUS,EQ,23-Sep-2026,708.9,800.0,850.65,781.2,828.35,10628491,86993.77,203601,2495169.0,23.48,2026-09-23
OPTIFIN,EQ,23-Sep-2026,16.7,15.88,17.0,14.69,15.46,1281812,203.41,3030,406629.0,31.72,2026-09-23
OPTIMYSTIX,SM,23-Sep-2026,137.6,137.6,137.6,133.0,136.65,8000,10.88,8,6400.0,80.0,2026-09-23
OPTIVALUE,ST,23-Sep-2026,212.85,223.45,223.45,223.45,223.45,38400,85.8,17,38400.0,100.0,2026-09-23
ORBTEXP,BE,23-Sep-2026,228.32,227.1,234.8,225.1,228.36,3671,8.35,48,,,2026-09-23
ORCHASP,EQ,23-Sep-2026,1.37,1.38,1.43,1.34,1.37,279036,3.83,374,160987.0,57.69,2026-09-23
ORCHPHARMA,EQ,23-Sep-2026,1107.2,1105.0,1129.2,1090.0,1102.05,134909,1493.84,11866,48035.0,35.61,2026-09-23
ORIANA,SM,23-Sep-2026,275.9,281.0,314.9,275.9,308.3,1024875,3060.6,2045,597750.0,58.32,2026-09-23
ORICONENT,EQ,23-Sep-2026,55.78,55.78,55.8,52.31,53.84,37842,20.46,701,26582.0,70.24,2026-09-23
ORIENTALTL,EQ,23-Sep-2026,4.98,5.07,5.1,4.9,4.96,140278,6.96,356,111904.0,79.77,2026-09-23
ORIENTBELL,EQ,23-Sep-2026,392.8,386.9,397.95,382.4,391.5,28548,111.14,1985,14927.0,52.29,2026-09-23
ORIENTCEM,EQ,23-Sep-2026,123.19,124.43,125.5,123.31,124.89,144462,180.16,1578,79169.0,54.8,2026-09-23
ORIENTCER,EQ,23-Sep-2026,48.08,48.6,48.84,47.69,47.7,42804,20.49,575,32301.0,75.46,2026-09-23
ORIENTELEC,EQ,23-Sep-2026,166.54,165.81,171.9,165.8,168.08,197695,332.36,6761,107505.0,54.38,2026-09-23
ORIENTHOT,EQ,23-Sep-2026,142.88,144.12,144.38,142.46,143.58,295043,423.23,2237,174891.0,59.28,2026-09-23
ORIENTLTD,BE,23-Sep-2026,81.89,80.0,81.19,80.0,80.19,3366,2.7,16,,,2026-09-23
ORIENTPPR,EQ,23-Sep-2026,16.99,17.01,17.1,16.75,16.9,185833,31.47,987,134527.0,72.39,2026-09-23
ORIENTTECH,EQ,23-Sep-2026,235.08,235.08,239.8,233.5,238.06,76929,181.79,2239,39726.0,51.64,2026-09-23
ORIRAIL,EQ,23-Sep-2026,126.96,127.0,128.22,124.37,126.81,72334,91.55,1964,24999.0,34.56,2026-09-23
ORISSAMINE,EQ,23-Sep-2026,3879.7,3880.6,3932.8,3825.3,3841.2,8069,312.79,1528,4252.0,52.7,2026-09-23
ORKLAINDIA,EQ,23-Sep-2026,569.25,573.0,578.55,556.0,557.45,164395,932.23,10962,107360.0,65.31,2026-09-23
ORTINGLOBE,EQ,23-Sep-2026,14.74,14.7,15.19,14.7,15.1,7046,1.06,65,5505.0,78.13,2026-09-23
OSELDEVICE,SM,23-Sep-2026,361.25,364.95,411.0,364.0,404.65,83800,324.99,295,69800.0,83.29,2026-09-23
OSIAHYPER,BE,23-Sep-2026,2.25,2.25,2.3,2.18,2.2,195590,4.33,317,,,2026-09-23
OSWALAGRO,EQ,23-Sep-2026,35.12,35.2,35.2,34.21,34.96,13284,4.62,326,8856.0,66.67,2026-09-23
OSWALGREEN,EQ,23-Sep-2026,20.06,19.75,20.3,19.75,20.2,70616,14.18,658,47994.0,67.96,2026-09-23
OSWALPUMPS,EQ,23-Sep-2026,273.6,290.1,296.35,282.3,284.25,2158898,6254.99,32058,532667.0,24.67,2026-09-23
OSWALSEEDS,EQ,23-Sep-2026,13.81,14.0,14.3,13.47,13.57,121958,16.85,575,78614.0,64.46,2026-09-23
OWAIS,ST,23-Sep-2026,77.1,77.05,78.6,75.6,75.6,7300,5.71,38,7200.0,98.63,2026-09-23
PACEDIGITK,EQ,23-Sep-2026,167.74,168.57,172.35,167.54,169.39,1797594,3052.9,20430,430061.0,23.92,2026-09-23
PACIFICI,EQ,23-Sep-2026,140.0,140.0,144.79,138.6,142.34,225,0.31,15,194.0,86.22,2026-09-23
PAGEIND,EQ,23-Sep-2026,37150.0,37480.0,37545.0,37055.0,37340.0,17565,6553.22,7672,3612.0,20.56,2026-09-23
PAISALO,EQ,23-Sep-2026,93.43,93.88,93.89,89.1,90.39,16379793,15011.66,37775,6439148.0,39.31,2026-09-23
PAKKA,EQ,23-Sep-2026,77.02,77.02,79.0,76.5,77.15,58981,45.86,722,38987.0,66.1,2026-09-23
PALASHSECU,EQ,23-Sep-2026,86.7,87.11,88.9,85.0,85.69,2003,1.72,169,1309.0,65.35,2026-09-23
PALREDTEC,EQ,23-Sep-2026,46.95,45.0,49.29,45.0,46.73,1460,0.72,40,1420.0,97.26,2026-09-23
PANACEABIO,EQ,23-Sep-2026,382.65,382.6,386.7,378.0,381.75,34025,130.19,1698,18590.0,54.64,2026-09-23
PANACHE,BE,23-Sep-2026,509.6,502.0,519.75,502.0,519.75,6678,34.13,53,,,2026-09-23
PANAMAPET,EQ,23-Sep-2026,481.25,481.1,490.9,474.05,480.7,164568,797.17,5329,94345.0,57.33,2026-09-23
PANCHMAHQ,EQ,23-Sep-2026,301.0,291.0,291.0,290.95,290.95,40,0.12,4,40.0,100.0,2026-09-23
PANORAMA,EQ,23-Sep-2026,55.32,56.48,56.99,55.34,56.87,371956,210.71,2788,235564.0,63.33,2026-09-23
PANSARI,EQ,23-Sep-2026,278.1,271.65,289.05,271.65,277.0,201,0.55,12,196.0,97.51,2026-09-23
PAR,BE,23-Sep-2026,137.82,136.79,136.79,131.3,131.92,15475,20.53,265,,,2026-09-23
PARACABLES,EQ,23-Sep-2026,61.75,61.49,63.35,61.49,62.29,1209778,755.95,7097,582824.0,48.18,2026-09-23
PARADEEP,EQ,23-Sep-2026,154.17,154.5,156.34,153.33,154.26,1182398,1830.38,16160,376680.0,31.86,2026-09-23
PARAGMILK,EQ,23-Sep-2026,279.4,281.95,286.2,263.2,268.9,2858071,7846.57,47549,1458898.0,51.04,2026-09-23
PARAGON,SM,23-Sep-2026,54.5,55.0,55.5,53.2,53.2,12000,6.51,10,10800.0,90.0,2026-09-23
PARAMATRIX,SM,23-Sep-2026,55.1,57.2,63.0,57.2,60.0,20400,12.47,10,19200.0,94.12,2026-09-23
PARAS,EQ,23-Sep-2026,1375.5,1383.8,1411.0,1362.1,1381.2,526157,7276.18,28546,109471.0,20.81,2026-09-23
PARASPETRO,EQ,23-Sep-2026,2.09,2.07,2.12,2.05,2.08,103163,2.15,260,74626.0,72.34,2026-09-23
PARIN,SM,23-Sep-2026,697.7,712.0,712.0,685.25,701.2,26500,184.07,60,12500.0,47.17,2026-09-23
PARKHOSPS,EQ,23-Sep-2026,285.1,286.4,291.45,284.9,286.55,582522,1675.01,11144,309415.0,53.12,2026-09-23
PARKHOTELS,EQ,23-Sep-2026,107.75,108.0,108.67,105.51,106.29,186387,198.48,2785,107632.0,57.75,2026-09-23
PARNAXLAB,EQ,23-Sep-2026,129.22,134.98,134.98,125.0,128.73,44059,55.12,83,43504.0,98.74,2026-09-23
PARSVNATH,BE,23-Sep-2026,1.9,1.93,1.93,1.93,1.93,79427,1.53,41,,,2026-09-23
PARTH,SM,23-Sep-2026,542.0,530.05,547.0,520.05,524.0,10800,57.04,27,8400.0,77.78,2026-09-23
PARTYCRUS,SM,23-Sep-2026,97.1,99.0,99.0,98.0,98.9,16000,15.82,16,12000.0,75.0,2026-09-23
PASHUPATI,EQ,23-Sep-2026,80.2,80.76,82.21,80.2,80.39,198559,159.94,4333,89456.0,45.05,2026-09-23
PASUPTAC,EQ,23-Sep-2026,76.37,77.0,81.29,75.02,79.82,1040321,820.47,8039,477252.0,45.88,2026-09-23
PATANJALI,EQ,23-Sep-2026,404.0,404.0,412.9,402.05,409.45,4117507,16837.63,48169,827853.0,20.11,2026-09-23
PATELENG,EQ,23-Sep-2026,26.85,27.0,27.64,26.95,27.27,3111930,849.8,9203,1677986.0,53.92,2026-09-23
PATELRMART,EQ,23-Sep-2026,205.36,204.34,211.28,204.05,210.33,55309,115.42,1295,35839.0,64.8,2026-09-23
PATILAUTOM,SM,23-Sep-2026,359.8,361.0,370.0,345.1,350.15,64800,230.48,104,43200.0,66.67,2026-09-23
PATINTLOG,EQ,23-Sep-2026,14.19,14.29,14.53,14.06,14.42,75782,10.94,233,50712.0,66.92,2026-09-23
PAUSHAKLTD,EQ,23-Sep-2026,700.95,700.95,711.6,680.0,687.2,46827,324.87,3100,26033.0,55.59,2026-09-23
PAVNAIND,EQ,23-Sep-2026,15.46,15.33,15.83,15.02,15.5,23798,3.68,239,17346.0,72.89,2026-09-23
PAYTM,EQ,23-Sep-2026,1814.4,1814.4,1819.9,1763.3,1775.0,2410487,42859.97,96696,1078140.0,44.73,2026-09-23
PBMPOLY,EQ,23-Sep-2026,65.01,64.0,64.0,63.68,63.68,134,0.09,7,134.0,100.0,2026-09-23
PCBL,EQ,23-Sep-2026,347.75,346.55,356.0,344.05,345.45,1432331,5018.51,27688,553766.0,38.66,2026-09-23
PCCL,SM,23-Sep-2026,450.9,449.95,454.0,442.0,453.05,19600,88.4,30,14000.0,71.43,2026-09-23
PCJEWELLER,EQ,23-Sep-2026,13.58,13.8,14.86,13.64,14.47,867441415,124833.13,328550,177674483.0,20.48,2026-09-23
PDMJEPAPER,EQ,23-Sep-2026,97.36,99.25,101.45,98.0,98.27,130398,129.11,2549,53359.0,40.92,2026-09-23
PDSL,EQ,23-Sep-2026,361.45,362.4,364.0,359.05,361.4,67691,245.12,3337,40168.0,59.34,2026-09-23
PEARLPOLY,EQ,23-Sep-2026,18.83,19.06,19.77,19.06,19.7,47273,9.27,192,38568.0,81.59,2026-09-23
PELATRO,SM,23-Sep-2026,394.2,404.5,404.5,392.0,394.5,11400,45.34,29,8700.0,76.32,2026-09-23
PENIND,EQ,23-Sep-2026,174.14,174.87,185.4,174.15,183.31,1703156,3104.27,20833,765291.0,44.93,2026-09-23
PENINLAND,EQ,23-Sep-2026,17.03,17.36,17.7,16.47,17.38,304151,52.26,797,199091.0,65.46,2026-09-23
PENTAGON,ST,23-Sep-2026,91.2,92.3,95.75,92.3,95.0,7000,6.64,5,7000.0,100.0,2026-09-23
PERFECT,SZ,23-Sep-2026,1.6,1.6,1.6,1.6,1.6,18000,0.29,6,18000.0,100.0,2026-09-23
PERMAGN,EQ,23-Sep-2026,837.85,837.85,839.85,827.2,832.5,3174,26.45,235,2486.0,78.32,2026-09-23
PERNIASPOP,EQ,23-Sep-2026,545.75,545.0,559.85,538.05,549.05,129229,711.73,5180,75742.0,58.61,2026-09-23
PERSISTENT,EQ,23-Sep-2026,5366.0,5400.0,5413.0,5213.5,5240.0,388889,20492.37,33273,135154.0,34.75,2026-09-23
PETRONET,EQ,23-Sep-2026,281.75,282.05,286.9,282.05,285.85,1300396,3713.84,27193,812554.0,62.49,2026-09-23
PFC,EQ,23-Sep-2026,345.8,345.55,349.95,344.55,346.0,11150266,38749.31,119040,7476330.0,67.05,2026-09-23
PFIZER,EQ,23-Sep-2026,3998.9,4021.0,4050.0,3991.0,4025.5,17586,707.78,4299,7538.0,42.86,2026-09-23
PFOCUS,EQ,23-Sep-2026,357.45,362.55,362.8,333.15,337.15,6885605,23597.2,95266,1323490.0,19.22,2026-09-23
PFS,EQ,23-Sep-2026,26.43,26.5,27.14,26.43,26.72,485229,130.65,4322,345335.0,71.17,2026-09-23
PGEL,EQ,23-Sep-2026,520.2,522.85,527.5,519.0,521.15,546381,2859.22,10696,207221.0,37.93,2026-09-23
PGHH,EQ,23-Sep-2026,7282.0,7325.0,7325.0,7170.0,7193.5,31383,2266.46,10293,14963.0,47.68,2026-09-23
PGHL,EQ,23-Sep-2026,5459.0,5480.0,5515.5,5410.0,5452.0,17583,958.44,3618,10455.0,59.46,2026-09-23
PGIL,EQ,23-Sep-2026,1194.9,1195.0,1309.8,1190.0,1300.8,767765,9831.96,54667,165848.0,21.6,2026-09-23
PGINVIT,IV,23-Sep-2026,101.01,101.15,101.6,101.01,101.47,1003749,1017.44,4206,817834.0,81.48,2026-09-23
PHANTOMFX,SM,23-Sep-2026,92.95,91.0,96.4,91.0,91.65,28200,26.38,58,21300.0,75.53,2026-09-23
PHARMABEES,EQ,23-Sep-2026,27.68,28.37,28.37,27.61,27.89,3305177,918.91,7883,1955261.0,59.16,2026-09-23
PHOENIXLTD,EQ,23-Sep-2026,1953.4,1960.0,2015.3,1954.2,1993.2,639296,12742.88,36185,356283.0,55.73,2026-09-23
PHOENXINTL,EQ,23-Sep-2026,28.35,29.0,29.0,27.8,28.16,1955,0.55,38,1728.0,88.39,2026-09-23
PHOGLOBAL,SM,23-Sep-2026,14.9,15.3,17.7,15.3,16.3,58000,9.67,24,34000.0,58.62,2026-09-23
PICCADIL,EQ,23-Sep-2026,614.8,618.8,628.4,611.85,621.6,110953,690.06,8741,54705.0,49.3,2026-09-23
PIDILITIND,EQ,23-Sep-2026,1572.7,1575.1,1591.7,1575.1,1588.1,536262,8487.87,25089,315769.0,58.88,2026-09-23
PIGL,EQ,23-Sep-2026,101.06,100.05,101.75,99.32,99.92,19603,19.64,494,14578.0,74.37,2026-09-23
PIIND,EQ,23-Sep-2026,2410.0,2407.2,2417.1,2381.0,2386.0,102874,2464.55,13718,38758.0,37.68,2026-09-23
PILANIINVS,EQ,23-Sep-2026,4008.3,4008.3,4070.0,4000.0,4041.8,736,29.77,190,547.0,74.32,2026-09-23
PILITA,EQ,23-Sep-2026,7.38,7.38,7.73,7.31,7.43,31307,2.36,154,20110.0,64.23,2026-09-23
PINELABS,EQ,23-Sep-2026,197.58,196.99,200.7,187.11,188.3,37096342,71572.28,212669,12570111.0,33.89,2026-09-23
PIONEEREMB,EQ,23-Sep-2026,22.28,22.06,23.4,21.71,22.24,8501,1.9,118,6663.0,78.38,2026-09-23
PIRAMALFIN,EQ,23-Sep-2026,2206.7,2200.0,2250.3,2199.9,2226.5,387676,8591.66,34297,242874.0,62.65,2026-09-23
PITTIENG,EQ,23-Sep-2026,1121.9,1121.9,1175.0,1121.9,1167.1,162348,1875.83,17388,89943.0,55.4,2026-09-23
PIXTRANS,EQ,23-Sep-2026,1733.0,1736.0,1818.0,1736.0,1758.7,19427,345.71,3179,6725.0,34.62,2026-09-23
PKTEA,BE,23-Sep-2026,997.9,1046.8,1046.8,956.0,988.15,1354,13.55,130,,,2026-09-23
PLASTIBLEN,EQ,23-Sep-2026,185.94,183.7,189.5,183.7,187.5,11036,20.69,521,7856.0,71.19,2026-09-23
PLATIND,EQ,23-Sep-2026,216.07,216.07,218.17,214.82,216.58,35738,77.31,1240,21272.0,59.52,2026-09-23
PLAZACABLE,EQ,23-Sep-2026,62.27,62.35,63.99,61.55,62.84,103082,64.77,1358,56694.0,55.0,2026-09-23
PML,EQ,23-Sep-2026,498.85,498.85,498.85,474.1,486.0,1239,6.01,43,1225.0,98.87,2026-09-23
PNB,EQ,23-Sep-2026,117.0,116.61,118.9,116.61,118.3,12840968,15174.48,36389,6864635.0,53.46,2026-09-23
PNBGILTS,EQ,23-Sep-2026,76.23,76.26,77.79,76.0,76.33,165650,126.89,2239,80125.0,48.37,2026-09-23
PNBHOUSING,EQ,23-Sep-2026,1125.6,1125.1,1149.0,1125.1,1138.5,896182,10196.12,33077,540105.0,60.27,2026-09-23
PNC,EQ,23-Sep-2026,16.42,16.1,17.5,16.1,17.33,24978,4.26,225,22981.0,92.0,2026-09-23
PNCINFRA,EQ,23-Sep-2026,139.62,138.81,142.24,138.01,139.17,1243417,1738.43,27261,653500.0,52.56,2026-09-23
PNGJL,EQ,23-Sep-2026,598.4,598.4,611.0,593.7,605.0,438608,2647.52,21379,192410.0,43.87,2026-09-23
PNGSREVA,EQ,23-Sep-2026,511.7,515.5,527.8,510.65,525.95,91990,479.01,4717,45029.0,48.95,2026-09-23
POCL,EQ,23-Sep-2026,472.95,476.45,489.0,476.4,487.4,365156,1770.43,12465,170980.0,46.82,2026-09-23
PODDARMENT,EQ,23-Sep-2026,288.7,288.7,291.0,277.7,281.8,7794,21.97,397,3477.0,44.61,2026-09-23
POEL,EQ,23-Sep-2026,138.05,138.05,143.99,137.41,140.57,17106,23.84,446,11215.0,65.56,2026-09-23
POKARNA,EQ,23-Sep-2026,732.55,737.0,750.0,736.05,741.05,57910,430.12,3635,30728.0,53.06,2026-09-23
POLICYBZR,EQ,23-Sep-2026,1805.0,1800.0,1904.9,1793.0,1886.3,2477939,46359.26,83218,1342329.0,54.17,2026-09-23
POLYCAB,EQ,23-Sep-2026,8350.0,8398.5,8454.0,8367.0,8417.0,226275,19061.56,26269,141269.0,62.43,2026-09-23
POLYMED,EQ,23-Sep-2026,1699.0,1699.9,1734.0,1699.9,1726.6,66841,1149.22,8210,36919.0,55.23,2026-09-23
POLYPLEX,EQ,23-Sep-2026,1091.6,1090.0,1128.6,1090.0,1117.1,27586,308.03,3815,14983.0,54.31,2026-09-23
POLYSIL,SM,23-Sep-2026,59.75,56.8,56.8,56.8,56.8,6000,3.41,7,6000.0,100.0,2026-09-23
POLYSPIN,EQ,23-Sep-2026,28.51,28.65,32.0,28.65,30.78,1253,0.39,30,1110.0,88.59,2026-09-23
PONNIERODE,EQ,23-Sep-2026,362.8,362.8,392.8,362.0,375.25,109319,413.62,3595,39182.0,35.84,2026-09-23
POONAWALLA,EQ,23-Sep-2026,471.9,473.1,483.95,469.0,478.85,1880797,8959.45,52831,1074646.0,57.14,2026-09-23
POSITRON,SM,23-Sep-2026,223.45,228.45,234.0,225.0,233.1,19500,45.08,64,13200.0,67.69,2026-09-23
POWERGRID,EQ,23-Sep-2026,265.95,265.95,270.85,265.95,270.2,6114433,16461.82,59995,4108460.0,67.19,2026-09-23
POWERICA,EQ,23-Sep-2026,559.3,553.0,576.2,553.0,570.85,82043,464.02,3479,39796.0,48.51,2026-09-23
POWERINDIA,EQ,23-Sep-2026,31415.0,31565.0,31660.0,31050.0,31150.0,67887,21213.02,21384,33463.0,49.29,2026-09-23
POWERMECH,EQ,23-Sep-2026,2443.1,2430.0,2465.0,2414.2,2453.5,21384,523.54,4215,11045.0,51.65,2026-09-23
PPAP,BE,23-Sep-2026,232.6,236.8,244.2,231.0,244.2,12484,30.04,193,,,2026-09-23
PPL,BE,23-Sep-2026,273.4,269.05,278.5,269.05,272.25,13404,36.69,176,,,2026-09-23
PPLPHARMA,EQ,23-Sep-2026,210.12,210.6,214.47,209.0,210.74,2879998,6085.84,46852,1178693.0,40.93,2026-09-23
PRABHA,EQ,23-Sep-2026,235.72,235.8,238.83,233.02,234.8,84663,199.54,1542,42219.0,49.87,2026-09-23
PRADPME,BE,23-Sep-2026,498.85,517.0,523.75,499.0,509.3,38994,200.26,216,,,2026-09-23
PRAENG,EQ,23-Sep-2026,21.56,21.55,22.0,20.99,21.38,29712,6.35,228,24670.0,83.03,2026-09-23
PRAJIND,EQ,23-Sep-2026,317.55,318.0,324.8,318.0,320.15,289121,930.21,9034,119393.0,41.3,2026-09-23
PRAKASH,EQ,23-Sep-2026,119.12,119.3,120.4,118.51,119.79,429269,513.39,5285,237560.0,55.34,2026-09-23
PRAKASHSTL,EQ,23-Sep-2026,3.72,3.72,3.82,3.7,3.72,65249,2.43,399,58865.0,90.22,2026-09-23
PRAMARA,SM,23-Sep-2026,88.7,91.8,93.1,89.5,93.1,23000,21.13,35,20000.0,86.96,2026-09-23
PRAMODINI,SM,23-Sep-2026,115.1,114.85,117.0,114.0,116.2,56400,65.34,47,45600.0,80.85,2026-09-23
PRANAV,EQ,23-Sep-2026,102.87,104.0,109.39,103.13,105.85,5998749,6389.92,48490,1058668.0,17.65,2026-09-23
PRANIK,SM,23-Sep-2026,42.15,41.65,41.65,41.65,41.65,1600,0.67,1,1600.0,100.0,2026-09-23
PRASOLCHEM,EQ,23-Sep-2026,704.75,710.0,747.5,707.25,740.9,713648,5235.42,48926,280468.0,39.3,2026-09-23
PRATHAM,SM,23-Sep-2026,120.15,121.0,126.0,121.0,125.1,6400,7.85,9,6400.0,100.0,2026-09-23
PRAVEG,EQ,23-Sep-2026,255.85,253.1,263.7,253.1,261.05,18266,47.62,1002,11521.0,63.07,2026-09-23
PRAXIS,EQ,23-Sep-2026,4.35,4.44,4.44,4.2,4.28,30589,1.32,139,25320.0,82.77,2026-09-23
PRECAM,EQ,23-Sep-2026,118.87,117.6,127.88,117.6,122.11,1402615,1739.73,16508,302801.0,21.59,2026-09-23
PRECISION,ST,23-Sep-2026,6.55,6.8,6.8,6.8,6.8,2000,0.14,1,2000.0,100.0,2026-09-23
PRECOT,EQ,23-Sep-2026,674.6,659.0,697.95,640.0,646.9,14779,97.44,359,12950.0,87.62,2026-09-23
PRECWIRE,EQ,23-Sep-2026,491.1,495.0,505.0,488.25,498.85,715914,3572.38,30566,245369.0,34.27,2026-09-23
PREMCO,EQ,23-Sep-2026,402.0,402.05,409.0,400.05,400.75,672,2.71,93,627.0,93.3,2026-09-23
PREMEXPLN,EQ,23-Sep-2026,674.25,675.9,676.85,668.6,675.15,180909,1217.85,3355,126168.0,69.74,2026-09-23
PREMIER,BE,23-Sep-2026,2.83,2.89,2.95,2.69,2.85,70271,1.96,139,,,2026-09-23
PREMIERENE,EQ,23-Sep-2026,907.2,909.8,919.7,903.5,915.0,930143,8501.62,18967,445509.0,47.9,2026-09-23
PREMIERPOL,EQ,23-Sep-2026,81.02,81.7,97.22,81.14,96.72,6517058,6139.64,41084,980832.0,15.05,2026-09-23
PREMIUM,SM,23-Sep-2026,42.0,42.0,42.0,41.15,41.95,24000,10.04,8,18000.0,75.0,2026-09-23
PRESSTONIC,SM,23-Sep-2026,41.05,41.95,42.45,39.7,39.85,66400,26.96,63,37600.0,56.63,2026-09-23
PRESTIGE,EQ,23-Sep-2026,1479.6,1479.6,1507.4,1479.1,1490.0,141420,2110.84,10592,53986.0,38.17,2026-09-23
PRICOLLTD,EQ,23-Sep-2026,768.1,776.3,786.0,760.05,763.65,240689,1852.6,13316,114759.0,47.68,2026-09-23
PRIMECAB,ST,23-Sep-2026,166.2,168.0,173.7,168.0,169.1,48000,82.16,30,48000.0,100.0,2026-09-23
PRIMESECU,EQ,23-Sep-2026,290.2,287.05,300.0,286.55,296.35,41199,121.3,837,13592.0,32.99,2026-09-23
PRIMO,EQ,23-Sep-2026,22.69,23.15,23.27,22.6,22.92,45589,10.45,423,34132.0,74.87,2026-09-23
PRINCEPIPE,EQ,23-Sep-2026,265.25,265.5,268.15,264.55,265.75,67525,179.69,2741,32719.0,48.45,2026-09-23
PRIORITY,EQ,23-Sep-2026,223.5,224.0,268.2,223.8,263.35,1265732,3208.88,15632,550488.0,43.49,2026-09-23
PRISMX,EQ,23-Sep-2026,0.55,0.55,0.55,0.53,0.53,233005,1.25,116,213638.0,91.69,2026-09-23
PRITI,EQ,23-Sep-2026,32.9,33.8,33.8,32.6,33.17,4115,1.37,119,3489.0,84.79,2026-09-23
PRITIKA,SM,23-Sep-2026,63.0,63.0,63.0,63.0,63.0,4000,2.52,2,4000.0,100.0,2026-09-23
PRITIKAUTO,BE,23-Sep-2026,15.6,15.6,16.37,15.05,16.33,212879,33.91,466,,,2026-09-23
PRIVISCL,EQ,23-Sep-2026,3515.2,3485.0,3497.0,3402.6,3483.8,235188,8120.26,44282,118538.0,50.4,2026-09-23
PRIZOR,ST,23-Sep-2026,1106.45,1123.8,1128.55,1123.8,1128.55,9600,108.08,22,6400.0,66.67,2026-09-23
PRLIND,SM,23-Sep-2026,46.0,46.15,47.95,44.6,47.9,26000,12.35,11,25000.0,96.15,2026-09-23
PROFX,SM,23-Sep-2026,70.5,70.0,70.0,70.0,70.0,1600,1.12,1,1600.0,100.0,2026-09-23
PROLIFE,SM,23-Sep-2026,80.0,79.0,79.0,79.0,79.0,500,0.4,1,500.0,100.0,2026-09-23
PROPSHOP,SM,23-Sep-2026,70.25,72.4,73.9,71.05,73.0,34000,24.73,12,30000.0,88.24,2026-09-23
PROSTARM,EQ,23-Sep-2026,127.84,139.4,141.6,131.42,138.08,1923182,2643.79,19995,470423.0,24.46,2026-09-23
PROTEAN,EQ,23-Sep-2026,620.65,629.2,645.0,605.2,636.2,1881519,11711.75,52949,402174.0,21.37,2026-09-23
PROV,SM,23-Sep-2026,1887.7,2050.0,2050.0,1890.0,1940.0,1600,31.2,20,1280.0,80.0,2026-09-23
PROZONER,EQ,23-Sep-2026,52.23,51.5,52.99,50.76,52.19,291649,149.98,2483,213718.0,73.28,2026-09-23
PRSMJOHNSN,EQ,23-Sep-2026,116.08,116.05,116.9,115.65,116.43,181974,211.71,2674,90463.0,49.71,2026-09-23
PRUDENT,EQ,23-Sep-2026,3403.7,3400.0,3498.0,3338.3,3352.7,24467,832.04,4159,15459.0,63.18,2026-09-23
PRUDMOULI,EQ,23-Sep-2026,13.71,14.0,14.0,13.7,13.8,2692,0.38,28,2650.0,98.44,2026-09-23
PSB,EQ,23-Sep-2026,21.93,21.92,22.24,21.92,22.1,807656,178.28,3801,406620.0,50.35,2026-09-23
PSFL,SM,23-Sep-2026,32.35,32.95,33.5,32.5,32.5,12000,3.96,4,10000.0,83.33,2026-09-23
PSPPROJECT,EQ,23-Sep-2026,828.7,834.0,848.25,827.1,832.55,139703,1170.24,4079,72299.0,51.75,2026-09-23
PSUBANK,EQ,23-Sep-2026,82.66,82.57,83.82,82.57,83.41,63408,52.93,315,30852.0,48.66,2026-09-23
PSUBANKADD,EQ,23-Sep-2026,83.2,83.84,84.65,83.84,84.44,37270,31.45,112,21296.0,57.14,2026-09-23
PSUBNKBEES,EQ,23-Sep-2026,92.15,92.15,93.4,92.01,93.19,1081518,1006.38,3186,579313.0,53.56,2026-09-23
PSUBNKIETF,EQ,23-Sep-2026,83.66,83.66,84.85,83.56,84.54,70415,59.55,485,35557.0,50.5,2026-09-23
PTC,EQ,23-Sep-2026,155.63,156.05,157.4,155.68,157.08,724814,1136.32,11934,453308.0,62.54,2026-09-23
PTCIL,EQ,23-Sep-2026,22130.0,22130.0,22500.0,22130.0,22355.0,7635,1709.11,3137,1870.0,24.49,2026-09-23
PTL,EQ,23-Sep-2026,38.35,38.35,38.5,38.11,38.18,37612,14.43,385,35180.0,93.53,2026-09-23
PULZ,SM,23-Sep-2026,21.5,22.5,22.5,20.45,20.45,18000,3.74,9,18000.0,100.0,2026-09-23
PUNJABCHEM,EQ,23-Sep-2026,1066.2,1051.0,1087.0,1051.0,1064.9,4369,46.79,631,2876.0,65.83,2026-09-23
PURPLEUTED,ST,23-Sep-2026,462.75,472.1,485.85,471.5,483.5,29250,141.42,97,28000.0,95.73,2026-09-23
PURVA,EQ,23-Sep-2026,216.69,218.79,218.79,215.92,216.82,94686,205.34,2677,40660.0,42.94,2026-09-23
PUSHPA,SM,23-Sep-2026,106.0,101.2,106.9,92.8,103.0,236000,235.74,199,95000.0,40.25,2026-09-23
PVP,EQ,23-Sep-2026,65.35,66.99,68.61,66.5,68.61,709084,482.72,2407,484888.0,68.38,2026-09-23
PVRINOX,EQ,23-Sep-2026,1334.8,1329.3,1329.3,1292.4,1317.5,481134,6323.09,33903,182260.0,37.88,2026-09-23
PVSL,EQ,23-Sep-2026,99.92,98.92,100.37,97.6,98.71,56036,55.3,800,48365.0,86.31,2026-09-23
PVTBANIETF,EQ,23-Sep-2026,27.7,27.69,27.78,27.6,27.65,1302707,360.85,1116,965490.0,74.11,2026-09-23
PVTBANK,EQ,23-Sep-2026,27.3,27.47,27.58,27.39,27.39,6185,1.69,6,6008.0,97.14,2026-09-23
PVTBANKADD,EQ,23-Sep-2026,27.91,27.82,27.93,27.76,27.77,49593,13.81,93,35319.0,71.22,2026-09-23
PVTBKGROWW,EQ,23-Sep-2026,27.39,27.14,28.32,27.14,28.03,11550,3.21,56,6635.0,57.45,2026-09-23
PWL,EQ,23-Sep-2026,136.35,137.0,140.0,134.33,136.11,8529874,11680.12,57643,3055244.0,35.82,2026-09-23
PYRAMID,EQ,23-Sep-2026,157.79,159.6,160.88,155.11,159.33,50286,80.28,815,32867.0,65.36,2026-09-23
QFIL,SM,23-Sep-2026,60.0,57.0,58.0,57.0,58.0,2000,1.15,2,2000.0,100.0,2026-09-23
QGOLDHALF,EQ,23-Sep-2026,125.2,125.39,125.72,124.95,124.98,61667,77.21,524,26093.0,42.31,2026-09-23
QLINE,SM,23-Sep-2026,683.25,685.0,710.0,665.0,699.55,72400,499.72,172,44000.0,60.77,2026-09-23
QMSMEDI,BE,23-Sep-2026,192.8,192.8,197.0,184.0,195.1,107134,207.48,535,,,2026-09-23
QNIFTY,EQ,23-Sep-2026,257.6,257.8,259.0,257.4,258.62,3050,7.87,117,2140.0,70.16,2026-09-23
QPOWER,EQ,23-Sep-2026,1491.6,1509.0,1566.0,1509.0,1555.6,326604,5060.47,19343,184483.0,56.49,2026-09-23
QUADFUTURE,EQ,23-Sep-2026,522.4,525.0,537.05,524.8,526.55,298871,1583.15,10538,102430.0,34.27,2026-09-23
QUADPRO,ST,23-Sep-2026,3.55,3.7,3.7,3.7,3.7,24000,0.89,2,24000.0,100.0,2026-09-23
QUAL30IETF,EQ,23-Sep-2026,20.37,20.37,20.49,20.27,20.33,32933,6.71,194,21969.0,66.71,2026-09-23
QUALIANCE,ST,23-Sep-2026,173.85,177.0,182.5,177.0,182.5,97000,176.69,74,93000.0,95.88,2026-09-23
QUALITY30,EQ,23-Sep-2026,19.96,20.05,20.05,19.9,19.95,10142,2.02,24,9942.0,98.03,2026-09-23
QUESS,EQ,23-Sep-2026,360.45,361.0,364.55,356.55,359.0,220486,795.14,14936,107335.0,48.68,2026-09-23
QUESTLAB,SM,23-Sep-2026,75.0,72.3,75.9,72.3,75.1,8400,6.19,7,7200.0,85.71,2026-09-23
QUICKHEAL,EQ,23-Sep-2026,152.32,152.48,154.0,150.25,151.57,82002,124.6,2330,33506.0,40.86,2026-09-23
QUICKTOUCH,SM,23-Sep-2026,17.0,16.35,16.7,16.15,16.25,6500,1.06,11,6500.0,100.0,2026-09-23
QUINT,BE,23-Sep-2026,80.56,82.0,84.58,78.0,84.58,108560,90.61,448,,,2026-09-23
QVCEL,SM,23-Sep-2026,23.25,24.4,24.4,22.45,24.4,14400,3.45,9,9600.0,66.67,2026-09-23
RACE,EQ,23-Sep-2026,119.98,143.97,143.97,122.0,122.91,685875,922.33,8038,288722.0,42.1,2026-09-23
RACLGEAR,EQ,23-Sep-2026,1758.0,1758.0,1795.0,1640.0,1689.6,68163,1159.07,9768,27207.0,39.91,2026-09-23
RADAAN,EQ,23-Sep-2026,2.87,2.87,3.44,2.52,3.13,566770,17.96,613,202210.0,35.68,2026-09-23
RADHIKAJWE,BE,23-Sep-2026,72.15,71.9,73.0,69.21,71.92,222369,158.53,1506,,,2026-09-23
RADIANTCMS,EQ,23-Sep-2026,35.24,35.24,35.99,33.62,35.54,455125,159.58,1944,297899.0,65.45,2026-09-23
RADICO,EQ,23-Sep-2026,4448.8,4450.4,4614.1,4450.4,4601.9,528324,24247.86,63981,201385.0,38.12,2026-09-23
RADIOCITY,EQ,23-Sep-2026,6.09,6.12,6.17,5.9,6.04,138537,8.34,154,129080.0,93.17,2026-09-23
RADIOWALLA,ST,23-Sep-2026,26.45,27.75,27.75,27.75,27.75,20800,5.77,5,20800.0,100.0,2026-09-23
RAILTEL,EQ,23-Sep-2026,263.9,264.1,270.0,263.3,268.75,570785,1523.48,13275,211975.0,37.14,2026-09-23
RAIN,EQ,23-Sep-2026,219.54,219.8,224.7,218.15,221.86,2970299,6577.66,26373,1354069.0,45.59,2026-09-23
RAINBOW,EQ,23-Sep-2026,1430.9,1429.8,1443.4,1400.6,1406.5,93353,1321.51,12653,57888.0,62.01,2026-09-23
RAJESHEXPO,BZ,23-Sep-2026,68.74,69.0,69.7,66.61,68.53,258109,176.31,3452,,,2026-09-23
RAJINDLTD,SM,23-Sep-2026,64.3,66.0,67.0,66.0,67.0,6000,4.0,4,6000.0,100.0,2026-09-23
RAJMET,EQ,23-Sep-2026,3.14,3.17,3.17,3.11,3.12,293642,9.21,634,201932.0,68.77,2026-09-23
RAJOOENG,BE,23-Sep-2026,54.31,55.3,55.8,54.2,55.25,236357,130.49,811,,,2026-09-23
RAJPALAYAM,EQ,23-Sep-2026,758.5,769.0,794.95,769.0,790.45,1133,8.84,30,1081.0,95.41,2026-09-23
RAJPUTANA,SM,23-Sep-2026,194.55,198.0,198.0,192.1,198.0,7000,13.76,13,5500.0,78.57,2026-09-23
RAJRATAN,EQ,23-Sep-2026,450.2,452.0,500.0,452.0,483.2,618194,3003.06,26203,106823.0,17.28,2026-09-23
RAJRILTD,BE,23-Sep-2026,20.15,20.15,20.55,19.75,20.17,22653,4.55,145,,,2026-09-23
RAJSREESUG,EQ,23-Sep-2026,32.16,32.49,32.88,31.55,32.0,18445,5.93,303,11298.0,61.25,2026-09-23
RAJTV,EQ,23-Sep-2026,9.31,9.55,9.77,9.35,9.77,82629,8.01,118,76223.0,92.25,2026-09-23
RALLIS,EQ,23-Sep-2026,201.95,201.52,203.53,201.49,202.62,285026,577.13,11890,142690.0,50.06,2026-09-23
RAMANEWS,EQ,23-Sep-2026,32.11,31.47,32.75,31.3,31.81,32276,10.3,280,26312.0,81.52,2026-09-23
RAMAPHO,EQ,23-Sep-2026,120.16,121.2,124.99,120.0,123.21,22878,28.06,621,14820.0,64.78,2026-09-23
RAMASTEEL,BE,23-Sep-2026,4.54,4.6,4.72,4.48,4.66,4512972,208.25,4350,,,2026-09-23
RAMBHAJO,EQ,23-Sep-2026,284.1,283.68,294.89,281.77,286.1,564484,1626.54,9158,243666.0,43.17,2026-09-23
RAMCOCEM,EQ,23-Sep-2026,883.5,883.75,889.65,878.0,885.05,237490,2101.02,7545,173870.0,73.21,2026-09-23
RAMCOIND,EQ,23-Sep-2026,320.85,319.15,326.9,319.15,325.95,78432,253.84,3778,43940.0,56.02,2026-09-23
RAMCOSYS,EQ,23-Sep-2026,592.4,598.0,612.0,592.4,598.0,99924,603.06,3937,56804.0,56.85,2026-09-23
RAMKY,EQ,23-Sep-2026,316.55,319.2,327.7,317.4,325.15,35578,114.66,1447,21707.0,61.01,2026-09-23
RAMRAT,EQ,23-Sep-2026,562.75,569.8,578.2,550.65,558.65,243033,1365.21,13149,109941.0,45.24,2026-09-23
RANASUG,EQ,23-Sep-2026,14.11,14.11,14.39,14.01,14.06,358493,50.83,1155,128504.0,35.85,2026-09-23
RANEHOLDIN,EQ,23-Sep-2026,1585.6,1575.1,1600.0,1570.0,1591.9,5363,85.13,653,3982.0,74.25,2026-09-23
RAPIDFLEET,SM,23-Sep-2026,211.0,195.35,205.2,195.35,200.0,9000,18.26,15,1200.0,13.33,2026-09-23
RAPPID,SM,23-Sep-2026,346.1,358.95,362.0,352.55,361.7,38400,138.23,60,31200.0,81.25,2026-09-23
RATEGAIN,EQ,23-Sep-2026,837.5,841.3,853.95,828.3,851.8,259610,2189.73,20181,131923.0,50.82,2026-09-23
RATNAMANI,EQ,23-Sep-2026,2781.7,2771.0,2841.0,2771.0,2800.8,28051,790.17,7549,12203.0,43.5,2026-09-23
RATNAVEER,EQ,23-Sep-2026,332.3,334.0,343.75,322.1,331.4,7495098,24812.04,46856,1787002.0,23.84,2026-09-23
RAYMOND,EQ,23-Sep-2026,1116.95,1130.05,1137.0,1074.4,1114.65,4461009,49454.21,145537,445238.0,9.98,2026-09-23
RAYMONDLSL,EQ,23-Sep-2026,652.8,657.7,685.0,653.1,677.45,513403,3465.56,25108,239364.0,46.62,2026-09-23
RAYMONDREL,EQ,23-Sep-2026,589.5,591.0,679.0,591.0,671.45,12802316,84754.02,290981,1262217.0,9.86,2026-09-23
RBA,EQ,23-Sep-2026,93.64,94.11,95.86,93.12,94.86,1931704,1826.39,16228,959530.0,49.67,2026-09-23
RBLBANK,EQ,23-Sep-2026,423.2,423.2,429.6,422.05,428.0,3651779,15584.94,62406,1243168.0,34.04,2026-09-23
RBMINFRA,SM,23-Sep-2026,271.1,269.0,273.35,268.0,270.9,11800,32.03,47,8800.0,74.58,2026-09-23
RBZJEWEL,BE,23-Sep-2026,177.78,177.8,183.62,171.3,178.05,106045,189.33,891,,,2026-09-23
RCDL,SM,23-Sep-2026,14.8,15.35,15.5,15.0,15.5,168000,25.94,31,96000.0,57.14,2026-09-23
RCDL-RE,ST,23-Sep-2026,3.4,3.6,4.05,3.6,4.05,486000,19.64,59,486000.0,100.0,2026-09-23
RCF,EQ,23-Sep-2026,107.63,107.95,109.98,107.6,109.63,1218290,1330.18,10373,466888.0,38.32,2026-09-23
RCOM,BE,23-Sep-2026,0.89,0.9,0.93,0.89,0.93,2901999,26.68,1913,,,2026-09-23
READYMIX,SM,23-Sep-2026,69.95,70.0,70.0,66.5,67.9,19000,13.08,17,16000.0,84.21,2026-09-23
RECLTD,EQ,23-Sep-2026,307.1,308.0,313.4,307.65,311.5,5448840,16945.69,38232,2890461.0,53.05,2026-09-23
REDINGTON,EQ,23-Sep-2026,410.35,412.95,419.5,397.1,400.75,4661529,19055.04,81549,1900124.0,40.76,2026-09-23
REDTAPE,EQ,23-Sep-2026,118.8,119.3,123.75,117.51,121.1,932477,1125.74,15429,251716.0,26.99,2026-09-23
REFEX,EQ,23-Sep-2026,291.0,291.95,292.8,285.05,286.65,232580,671.35,4005,123208.0,52.97,2026-09-23
REFRACTORY,SM,23-Sep-2026,34.85,36.55,36.55,36.55,36.55,37000,13.52,20,37000.0,100.0,2026-09-23
REGAAL,EQ,23-Sep-2026,97.21,100.0,103.0,93.3,94.56,3705161,3674.92,34190,681688.0,18.4,2026-09-23
REGENCERAM,EQ,23-Sep-2026,33.3,36.75,36.75,30.4,34.89,5232,1.77,203,4094.0,78.25,2026-09-23
RELAXO,EQ,23-Sep-2026,292.65,293.7,300.95,293.6,298.3,258882,772.0,10613,102073.0,39.43,2026-09-23
RELCHEMQ,EQ,23-Sep-2026,117.61,117.03,120.0,117.03,117.71,2158,2.56,90,1474.0,68.3,2026-09-23
RELIABLE,EQ,23-Sep-2026,142.05,143.98,147.0,142.02,145.7,10930,15.74,314,8575.0,78.45,2026-09-23
RELIANCE,EQ,23-Sep-2026,1240.4,1242.0,1252.8,1238.9,1248.0,8352048,104175.22,147001,5575020.0,66.75,2026-09-23
RELIGARE,EQ,23-Sep-2026,249.17,248.55,254.02,248.0,251.77,447019,1122.48,5460,330785.0,74.0,2026-09-23
RELINFRA,BE,23-Sep-2026,48.02,47.06,47.06,47.06,47.06,46344,21.81,439,,,2026-09-23
RELTD,EQ,23-Sep-2026,151.26,150.51,151.39,147.4,149.36,76395,113.84,1791,46175.0,60.44,2026-09-23
REMSONSIND,EQ,23-Sep-2026,97.82,98.2,103.5,96.28,99.87,332855,331.93,4515,149027.0,44.77,2026-09-23
REMUS,SM,23-Sep-2026,951.15,955.0,989.9,955.0,977.25,13300,128.83,54,12700.0,95.49,2026-09-23
RENTOMOJO,EQ,23-Sep-2026,524.9,527.9,563.0,515.2,521.35,7882264,42565.06,150570,1561604.0,19.81,2026-09-23
RENUKA,EQ,23-Sep-2026,22.82,22.75,23.74,22.75,23.04,8743486,2036.57,14071,2482161.0,28.39,2026-09-23
REPCOHOME,EQ,23-Sep-2026,357.25,356.0,361.2,354.2,355.85,47082,167.74,2061,28643.0,60.84,2026-09-23
REPL,EQ,23-Sep-2026,57.67,57.1,59.2,57.1,58.23,1861,1.08,57,1045.0,56.15,2026-09-23
REPRO,EQ,23-Sep-2026,298.2,295.0,323.95,295.0,301.35,15927,49.21,842,8822.0,55.39,2026-09-23
RESPONIND,EQ,23-Sep-2026,157.38,157.38,167.7,157.38,162.24,1012730,1649.77,8336,349262.0,34.49,2026-09-23
RETAIL,EQ,23-Sep-2026,17.11,17.13,17.3,16.5,17.25,3320,0.57,70,3159.0,95.15,2026-09-23
REXPRO,SM,23-Sep-2026,36.1,34.7,36.6,34.7,36.0,5000,1.77,5,4000.0,80.0,2026-09-23
RFBL,ST,23-Sep-2026,92.9,97.5,97.5,97.45,97.5,252000,245.7,21,249000.0,98.81,2026-09-23
RGL,EQ,23-Sep-2026,156.78,156.78,173.8,155.99,170.48,4184608,7032.6,42898,991768.0,23.7,2026-09-23
RHETAN,EQ,23-Sep-2026,17.67,16.79,16.79,16.79,16.79,828372,139.08,1415,828372.0,100.0,2026-09-23
RHFL,BZ,23-Sep-2026,1.7,1.73,1.73,1.67,1.69,845626,14.25,985,,,2026-09-23
RHIM,EQ,23-Sep-2026,379.2,386.8,401.0,384.05,388.85,4858870,19098.42,77573,797684.0,16.42,2026-09-23
RHL,EQ,23-Sep-2026,174.82,174.0,179.69,173.1,173.1,467,0.81,19,320.0,68.52,2026-09-23
RICOAUTO,EQ,23-Sep-2026,128.14,128.14,131.24,128.14,129.23,654611,849.36,8596,268602.0,41.03,2026-09-23
RIIL,EQ,23-Sep-2026,709.7,711.95,731.0,707.05,719.95,86618,625.28,3976,15016.0,17.34,2026-09-23
RIIT,IV,23-Sep-2026,119.38,119.38,120.45,119.0,119.62,349331,417.51,1191,343240.0,98.26,2026-09-23
RILINFRA,SM,23-Sep-2026,33.35,34.45,34.45,33.0,33.05,5100,1.71,29,3800.0,74.51,2026-09-23
RIR,EQ,23-Sep-2026,191.56,191.37,193.0,188.0,189.75,501113,952.27,10222,201400.0,40.19,2026-09-23
RISHABH,EQ,23-Sep-2026,736.55,734.4,752.0,725.75,738.95,96353,707.96,5511,46613.0,48.38,2026-09-23
RITCO,EQ,23-Sep-2026,287.2,287.2,293.4,284.0,289.75,112853,325.75,2811,77471.0,68.65,2026-09-23
RITES,EQ,23-Sep-2026,203.6,205.9,206.18,202.4,204.05,433416,883.6,16349,150132.0,34.64,2026-09-23
RKDL,EQ,23-Sep-2026,18.85,19.0,19.0,18.25,18.49,5843,1.09,94,4557.0,77.99,2026-09-23
RKEC,EQ,23-Sep-2026,18.43,18.97,19.19,18.5,19.04,36623,6.94,201,27104.0,74.01,2026-09-23
RKFORGE,EQ,23-Sep-2026,716.25,714.0,723.05,705.5,710.2,373182,2663.08,13176,162382.0,43.51,2026-09-23
RKSWAMY,EQ,23-Sep-2026,87.8,89.94,94.0,88.0,92.45,39564,35.95,514,32780.0,82.85,2026-09-23
RMC,EQ,23-Sep-2026,225.2,226.0,229.85,219.24,221.94,25030,56.17,1149,13133.0,52.47,2026-09-23
RMDRIP,BE,23-Sep-2026,23.72,24.0,24.19,23.5,23.61,298267,70.61,529,,,2026-09-23
RML,EQ,23-Sep-2026,1347.9,1338.1,1380.0,1338.1,1356.7,25789,349.83,3508,11779.0,45.67,2026-09-23
RNBDENIMS,BE,23-Sep-2026,8.96,9.01,9.17,8.97,9.13,118204,10.7,362,,,2026-09-23
RNFI,SM,23-Sep-2026,316.5,311.25,317.8,309.35,311.0,31800,99.19,46,23400.0,73.58,2026-09-23
RNPL,SM,23-Sep-2026,52.6,54.0,55.1,54.0,54.15,7200,3.93,6,6000.0,83.33,2026-09-23
ROCKINGDCE,SM,23-Sep-2026,218.75,216.2,224.0,213.35,217.0,2250,4.89,9,1250.0,55.56,2026-09-23
ROHLTD,EQ,23-Sep-2026,306.0,313.0,313.0,302.35,309.75,25196,77.36,769,16125.0,64.0,2026-09-23
ROLEXRINGS,EQ,23-Sep-2026,172.5,173.5,187.65,173.42,183.58,7085323,12922.43,72741,2395285.0,33.81,2026-09-23
ROLLT,BE,23-Sep-2026,6.26,6.55,6.57,6.02,6.41,874650,56.36,1150,,,2026-09-23
ROML,EQ,23-Sep-2026,41.14,42.0,42.25,41.14,41.87,2617,1.1,26,2309.0,88.23,2026-09-23
ROSSARI,EQ,23-Sep-2026,442.25,442.25,474.2,440.95,454.8,128013,579.27,5324,59094.0,46.16,2026-09-23
ROSSELLIND,EQ,23-Sep-2026,51.92,52.0,52.45,51.68,52.03,27087,14.12,511,19430.0,71.73,2026-09-23
ROSSTECH,EQ,23-Sep-2026,1494.1,1494.5,1499.8,1425.0,1449.8,276498,4021.2,24268,83157.0,30.08,2026-09-23
ROTO,EQ,23-Sep-2026,62.8,62.85,63.63,62.5,63.13,177737,112.13,1844,75567.0,42.52,2026-09-23
ROUTE,EQ,23-Sep-2026,463.95,467.3,497.25,467.3,473.25,1039348,5016.15,27642,190812.0,18.36,2026-09-23
ROXHITECH,SM,23-Sep-2026,44.05,44.25,47.0,44.25,46.65,9600,4.4,6,9600.0,100.0,2026-09-23
RPEL,EQ,23-Sep-2026,1742.3,1742.0,1783.3,1701.0,1711.7,57548,1001.27,8525,25657.0,44.58,2026-09-23
RPGLIFE,EQ,23-Sep-2026,2746.9,2771.6,3047.2,2727.1,3025.4,143445,4242.36,14001,40301.0,28.1,2026-09-23
RPOWER,EQ,23-Sep-2026,20.89,20.81,21.3,20.81,21.03,18429284,3876.31,29088,6593544.0,35.78,2026-09-23
RPPINFRA,EQ,23-Sep-2026,54.98,53.94,55.6,53.94,55.05,25033,13.79,496,13794.0,55.1,2026-09-23
RPPL,BE,23-Sep-2026,19.54,19.54,20.51,19.32,20.46,31463,6.36,92,,,2026-09-23
RPSGVENT,EQ,23-Sep-2026,841.65,840.0,859.95,828.3,851.75,15423,130.63,944,9138.0,59.25,2026-09-23
RPTECH,EQ,23-Sep-2026,883.55,900.0,900.95,877.6,898.7,382200,3418.49,19884,185646.0,48.57,2026-09-23
RRECL,EQ,23-Sep-2026,137.0,133.0,137.0,133.0,137.0,1120,1.49,14,1012.0,90.36,2026-09-23
RRIL,EQ,23-Sep-2026,16.11,16.19,16.24,15.8,16.04,28739,4.57,138,23856.0,83.01,2026-09-23
RRKABEL,EQ,23-Sep-2026,2472.5,2475.0,2519.6,2460.0,2476.7,268514,6681.39,28557,119623.0,44.55,2026-09-23
RSDFIN,BE,23-Sep-2026,91.0,95.0,95.0,87.51,88.07,724,0.66,21,,,2026-09-23
RSL,EQ,23-Sep-2026,187.27,187.0,192.65,183.33,184.02,251660,469.1,7482,99851.0,39.68,2026-09-23
RSSOFTWARE,EQ,23-Sep-2026,31.6,31.05,32.9,31.05,32.39,22923,7.39,349,17844.0,77.84,2026-09-23
RSWM,EQ,23-Sep-2026,227.01,228.99,229.0,222.0,225.28,71503,160.87,1501,42499.0,59.44,2026-09-23
RSYSTEMS,EQ,23-Sep-2026,239.45,242.04,246.79,239.12,239.6,320943,775.18,4814,184859.0,57.6,2026-09-23
RTNINDIA,EQ,23-Sep-2026,27.22,27.47,27.94,27.25,27.45,900767,248.76,4626,321654.0,35.71,2026-09-23
RTNPOWER,EQ,23-Sep-2026,7.06,7.09,7.16,7.03,7.11,11771033,836.8,9088,5563766.0,47.27,2026-09-23
RTSPOWR,EQ,23-Sep-2026,90.06,85.51,90.89,85.51,89.0,8753,7.8,49,8601.0,98.26,2026-09-23
RUBFILA,EQ,23-Sep-2026,66.97,66.53,67.19,65.76,66.04,46712,31.12,909,25560.0,54.72,2026-09-23
RUBICON,EQ,23-Sep-2026,1671.2,1670.0,1682.5,1632.2,1674.8,600567,9992.51,45681,372432.0,62.01,2026-09-23
RUBYMILLS,EQ,23-Sep-2026,459.95,432.0,515.0,432.0,490.2,111992,555.39,6017,33376.0,29.8,2026-09-23
RUCHINFRA,EQ,23-Sep-2026,5.01,5.2,5.38,5.06,5.25,117662,6.19,280,59661.0,50.71,2026-09-23
RUCHIRA,EQ,23-Sep-2026,105.93,105.1,106.5,105.1,105.77,20838,22.0,629,14384.0,69.03,2026-09-23
RUDRA,EQ,23-Sep-2026,20.1,20.47,20.47,19.74,19.81,39703,7.91,167,32770.0,82.54,2026-09-23
RULKA,SM,23-Sep-2026,106.5,106.6,107.5,103.95,105.2,6900,7.33,18,5700.0,82.61,2026-09-23
RUPA,EQ,23-Sep-2026,138.52,140.0,141.37,137.97,140.63,127805,178.91,3529,62939.0,49.25,2026-09-23
RUSHIL,EQ,23-Sep-2026,16.7,16.67,17.28,16.67,16.78,180245,30.53,545,117038.0,64.93,2026-09-23
RUSTOMJEE,EQ,23-Sep-2026,363.55,361.0,372.3,359.95,365.75,61398,225.24,5155,39336.0,64.07,2026-09-23
RVHL,EQ,23-Sep-2026,39.65,40.79,40.79,39.07,39.48,5411,2.15,128,5246.0,96.95,2026-09-23
RVNL,EQ,23-Sep-2026,211.15,211.8,213.86,210.45,211.77,2894169,6138.57,26498,944921.0,32.65,2026-09-23
RVTH,EQ,23-Sep-2026,671.55,718.75,719.0,620.0,641.15,1230,8.21,96,834.0,67.8,2026-09-23
S&SPOWER,EQ,23-Sep-2026,325.45,338.0,338.0,314.1,318.05,1967,6.29,193,1422.0,72.29,2026-09-23
SAAKSHI,ST,23-Sep-2026,372.0,372.0,381.45,372.0,380.75,7200,27.25,11,6600.0,91.67,2026-09-23
SAATVIKGL,EQ,23-Sep-2026,446.75,451.7,457.45,445.0,447.6,130510,588.36,5582,61102.0,46.82,2026-09-23
SAB,EQ,23-Sep-2026,174.15,174.15,174.15,170.0,170.0,2001,3.4,3,2001.0,100.0,2026-09-23
SACHEEROME,SM,23-Sep-2026,508.4,508.4,513.5,491.0,498.55,15900,80.45,46,8100.0,50.94,2026-09-23
SADBHAV,EQ,23-Sep-2026,7.68,7.68,7.8,7.55,7.71,84305,6.45,230,71853.0,85.23,2026-09-23
SADBHIN,EQ,23-Sep-2026,2.58,2.59,2.61,2.55,2.59,110108,2.84,181,94790.0,86.09,2026-09-23
SADHAV,SM,23-Sep-2026,107.1,107.1,107.1,104.4,105.0,7200,7.62,11,5400.0,75.0,2026-09-23
SADHNANIQ,BE,23-Sep-2026,2.85,2.85,2.92,2.71,2.75,2339394,64.69,1281,,,2026-09-23
SAFARI,EQ,23-Sep-2026,1498.5,1498.0,1506.4,1472.1,1491.6,42901,638.84,6066,25125.0,58.57,2026-09-23
SAFEENTP,SM,23-Sep-2026,248.1,254.0,255.0,248.4,250.05,87500,219.12,159,68500.0,78.29,2026-09-23
SAGARDEEP,EQ,23-Sep-2026,23.39,23.1,24.39,23.1,24.36,8632,2.06,143,6777.0,78.51,2026-09-23
SAGCEM,EQ,23-Sep-2026,151.32,153.98,154.88,150.55,152.68,67000,102.19,1180,36827.0,54.97,2026-09-23
SAGILITY,EQ,23-Sep-2026,45.61,45.7,46.09,45.64,45.99,5919241,2718.04,12984,3105538.0,52.47,2026-09-23
SAHAJSOLAR,SM,23-Sep-2026,90.2,93.8,93.8,88.0,89.85,28000,25.18,53,21200.0,75.71,2026-09-23
SAHANA,SM,23-Sep-2026,841.7,840.0,889.0,824.05,863.05,17700,151.49,91,12750.0,72.03,2026-09-23
SAHASRA,SM,23-Sep-2026,370.5,389.0,389.0,389.0,389.0,9600,37.34,19,9600.0,100.0,2026-09-23
SAHLIBHFI,EQ,23-Sep-2026,77.36,78.5,78.5,75.5,76.03,29319,22.43,631,17993.0,61.37,2026-09-23
SAHYADRI,EQ,23-Sep-2026,360.25,360.25,371.0,354.1,369.6,6499,23.59,642,4063.0,62.52,2026-09-23
SAICAPI,EQ,23-Sep-2026,152.52,153.0,159.8,152.0,155.69,578,0.91,38,412.0,71.28,2026-09-23
SAIFL,SM,23-Sep-2026,4.3,4.3,4.35,4.25,4.25,144000,6.14,30,136000.0,94.44,2026-09-23
SAIL,EQ,23-Sep-2026,174.01,174.5,185.7,174.5,185.44,41615771,75917.96,146880,18184041.0,43.7,2026-09-23
SAILIFE,EQ,23-Sep-2026,1600.5,1606.9,1633.4,1600.2,1609.6,265789,4290.0,21694,103756.0,39.04,2026-09-23
SAIPARENT,EQ,23-Sep-2026,506.65,509.2,514.2,501.65,509.3,62456,318.33,2620,35134.0,56.25,2026-09-23
SAKAR,EQ,23-Sep-2026,1188.4,1198.0,1229.85,1151.0,1162.65,228348,2716.8,16465,102839.0,45.04,2026-09-23
SAKHTISUG,EQ,23-Sep-2026,18.3,18.3,18.95,18.1,18.23,228906,42.18,687,127543.0,55.72,2026-09-23
SAKSOFT,EQ,23-Sep-2026,144.36,145.0,149.01,144.36,147.79,212364,312.43,3771,91280.0,42.98,2026-09-23
SAKUMA,EQ,23-Sep-2026,1.52,1.53,1.67,1.52,1.67,2655959,43.67,1128,1913271.0,72.04,2026-09-23
SALASAR,EQ,23-Sep-2026,4.96,4.96,5.03,4.91,4.94,2776406,137.58,3189,1764319.0,63.55,2026-09-23
SALONA,EQ,23-Sep-2026,271.5,271.55,278.9,260.1,270.65,807,2.15,69,450.0,55.76,2026-09-23
SALSTEEL,EQ,23-Sep-2026,80.98,82.95,85.02,81.72,85.02,359860,302.48,2037,227863.0,63.32,2026-09-23
SALZERELEC,EQ,23-Sep-2026,545.95,551.45,555.0,545.05,549.05,29178,160.39,1382,12365.0,42.38,2026-09-23
SAMAY,ST,23-Sep-2026,47.8,47.8,47.8,47.8,47.8,8000,3.82,2,8000.0,100.0,2026-09-23
SAMBANDAM,EQ,23-Sep-2026,101.0,102.5,102.5,102.5,102.5,1229,1.26,3,1229.0,100.0,2026-09-23
SAMBHAAV,EQ,23-Sep-2026,5.96,5.96,6.15,5.92,5.98,21203,1.27,128,19390.0,91.45,2026-09-23
SAMBHV,EQ,23-Sep-2026,151.94,152.8,161.0,151.02,158.22,7438082,11672.5,65323,2264069.0,30.44,2026-09-23
SAMHI,EQ,23-Sep-2026,159.52,159.63,161.71,159.4,160.01,402854,645.82,7195,202396.0,50.24,2026-09-23
SAMMAANCAP,EQ,23-Sep-2026,142.36,142.25,145.94,142.25,144.48,3230314,4674.58,19793,1500878.0,46.46,2026-09-23
SAMPANN,EQ,23-Sep-2026,24.1,24.8,24.8,23.87,24.34,21633,5.22,214,13730.0,63.47,2026-09-23
SANATHAN,EQ,23-Sep-2026,471.3,474.7,510.0,472.45,506.35,484976,2440.64,14137,286741.0,59.12,2026-09-23
SANDESH,EQ,23-Sep-2026,1038.7,1021.5,1050.0,1021.4,1027.0,644,6.68,186,494.0,76.71,2026-09-23
SANDHAR,EQ,23-Sep-2026,586.3,589.2,595.0,584.6,591.75,78228,462.58,3871,41330.0,52.83,2026-09-23
SANDUMA,EQ,23-Sep-2026,183.24,183.99,190.09,183.24,188.06,548326,1029.08,10758,245962.0,44.86,2026-09-23
SANGAMIND,EQ,23-Sep-2026,569.3,574.3,576.75,563.1,570.85,8865,50.5,665,5617.0,63.36,2026-09-23
SANGANI,SM,23-Sep-2026,49.5,49.5,51.95,49.5,51.1,4500,2.3,3,4500.0,100.0,2026-09-23
SANGHVIMOV,EQ,23-Sep-2026,438.8,438.2,444.2,435.0,441.75,154318,677.76,5943,82517.0,53.47,2026-09-23
SANGINITA,BE,23-Sep-2026,73.92,75.39,75.39,75.39,75.39,46946,35.39,59,,,2026-09-23
SANOFI,EQ,23-Sep-2026,3058.8,3061.0,3076.9,3049.0,3052.4,11216,342.94,2154,7615.0,67.89,2026-09-23
SANOFICONR,EQ,23-Sep-2026,3993.0,3994.0,4035.2,3955.0,4005.4,2377,94.86,893,1262.0,53.09,2026-09-23
SANSERA,EQ,23-Sep-2026,4586.5,4589.1,4743.5,4530.0,4621.4,546223,25351.71,95001,257336.0,47.11,2026-09-23
SANSTAR,EQ,23-Sep-2026,112.61,111.5,114.76,110.91,111.15,184575,207.33,2657,67441.0,36.54,2026-09-23
SANWARIA,BZ,23-Sep-2026,0.19,0.19,0.2,0.19,0.19,419407,0.82,152,,,2026-09-23
SAPPHIRE,EQ,23-Sep-2026,237.24,235.19,237.24,230.41,231.48,716679,1671.01,14311,257644.0,35.95,2026-09-23
SAPPL,EQ,23-Sep-2026,272.15,298.7,298.7,271.0,273.1,524,1.49,48,457.0,87.21,2026-09-23
SARDAEN,EQ,23-Sep-2026,503.35,507.85,511.0,504.05,505.95,159141,807.65,8618,80511.0,50.59,2026-09-23
SAREGAMA,EQ,23-Sep-2026,503.35,505.0,517.2,500.0,507.0,438443,2240.18,18860,138331.0,31.55,2026-09-23
SARLAPOLY,EQ,23-Sep-2026,99.26,98.4,101.7,97.6,100.03,66846,66.5,673,47945.0,71.72,2026-09-23
SARTELE,SM,23-Sep-2026,75.85,75.85,84.0,75.85,83.05,79000,63.37,132,45000.0,56.96,2026-09-23
SARVESHWAR,EQ,23-Sep-2026,3.67,3.7,3.72,3.64,3.66,1124278,41.28,1481,734324.0,65.32,2026-09-23
SASKEN,EQ,23-Sep-2026,1755.6,1789.0,1810.0,1764.1,1780.6,15461,276.84,2060,8448.0,54.64,2026-09-23
SATECH,SM,23-Sep-2026,38.0,37.5,37.5,37.5,37.5,1000,0.38,1,1000.0,100.0,2026-09-23
SATIA,EQ,23-Sep-2026,67.41,67.6,68.38,66.81,67.24,37855,25.57,712,25370.0,67.02,2026-09-23
SATIN,EQ,23-Sep-2026,223.2,222.64,226.7,221.87,225.3,90821,203.78,1995,59086.0,65.06,2026-09-23
SATIPOLY,SM,23-Sep-2026,32.8,33.85,34.4,33.85,34.4,2500,0.86,5,2500.0,100.0,2026-09-23
SATKARTAR,SM,23-Sep-2026,160.2,161.05,168.95,157.1,164.55,80000,132.48,92,57600.0,72.0,2026-09-23
SATTVAENGG,SM,23-Sep-2026,59.0,61.7,61.7,57.0,58.0,22400,13.3,14,16000.0,71.43,2026-09-23
SAURASHCEM,EQ,23-Sep-2026,53.15,52.98,54.0,52.9,53.86,78627,42.33,706,60107.0,76.45,2026-09-23
SAVY,SM,23-Sep-2026,136.9,136.05,136.05,136.05,136.05,3600,4.9,3,3600.0,100.0,2026-09-23
SAWALIYA,SM,23-Sep-2026,155.0,158.2,160.0,158.2,159.6,52800,84.26,21,50400.0,95.45,2026-09-23
SAYAJIHOTL,EQ,23-Sep-2026,309.15,311.0,327.0,311.0,327.0,2,0.01,2,1.0,50.0,2026-09-23
SAYAJIIND,EQ,23-Sep-2026,121.0,121.0,124.0,115.5,122.0,4423,5.3,35,2731.0,61.75,2026-09-23
SBC,EQ,23-Sep-2026,49.23,49.39,49.72,48.62,48.78,9405721,4625.55,5746,4737043.0,50.36,2026-09-23
SBCL,EQ,23-Sep-2026,1126.9,1143.3,1177.8,1130.1,1156.0,358667,4137.56,22165,185765.0,51.79,2026-09-23
SBFC,EQ,23-Sep-2026,90.41,90.84,92.4,90.56,91.21,1300327,1188.22,11606,639818.0,49.2,2026-09-23
SBGLP,EQ,23-Sep-2026,23.34,23.81,28.0,23.34,24.31,1163972,304.22,8273,388560.0,33.38,2026-09-23
SBIBPB,EQ,23-Sep-2026,47.86,48.24,48.66,48.14,48.41,23829,11.55,200,14796.0,62.09,2026-09-23
SBICARD,EQ,23-Sep-2026,634.95,636.0,639.85,633.35,635.0,461549,2935.28,28416,255452.0,55.35,2026-09-23
SBIETFCON,EQ,23-Sep-2026,118.93,120.47,120.47,118.81,119.33,1411,1.68,61,761.0,53.93,2026-09-23
SBIETFIT,EQ,23-Sep-2026,317.37,317.37,319.9,313.75,314.58,5373,16.91,250,4379.0,81.5,2026-09-23
SBIETFPB,EQ,23-Sep-2026,279.18,276.39,284.19,276.39,280.47,1540989,4332.23,696,1534258.0,99.56,2026-09-23
SBIETFQLTY,EQ,23-Sep-2026,214.19,214.45,214.94,213.86,214.2,41166,88.25,77,38261.0,92.94,2026-09-23
SBIFUNDS,EQ,23-Sep-2026,546.0,546.2,556.15,544.6,551.35,674153,3701.35,25375,349842.0,51.89,2026-09-23
SBILIFE,EQ,23-Sep-2026,1756.3,1758.0,1770.1,1744.4,1760.0,513341,9029.94,21435,342729.0,66.76,2026-09-23
SBILIQETF,EQ,23-Sep-2026,1056.9,1057.04,1057.06,1057.04,1057.04,140951,1489.91,92,33098.0,23.48,2026-09-23
SBIMIDMOM,EQ,23-Sep-2026,63.01,63.64,63.69,63.04,63.65,45297,28.77,109,42446.0,93.71,2026-09-23
SBIN,EQ,23-Sep-2026,987.0,987.0,996.4,986.4,994.1,4522248,44869.27,90482,2643995.0,58.47,2026-09-23
SBINEQWETF,EQ,23-Sep-2026,32.43,32.04,32.84,32.04,32.64,15611,5.1,182,12092.0,77.46,2026-09-23
SBINMID150,EQ,23-Sep-2026,22.93,23.39,23.39,22.51,23.01,14740,3.38,110,12180.0,82.63,2026-09-23
SBISILVER,EQ,23-Sep-2026,225.6,227.5,229.11,225.29,225.79,736321,1674.5,4314,212024.0,28.8,2026-09-23
SBISMLETF,EQ,23-Sep-2026,18.28,18.19,18.48,18.19,18.4,54877,10.11,182,44540.0,81.16,2026-09-23
SBIVALETF,EQ,23-Sep-2026,14.46,14.46,14.58,14.46,14.58,2471,0.36,33,1548.0,62.65,2026-09-23
SCANSTL,BE,23-Sep-2026,52.82,54.2,54.2,50.75,51.79,40519,20.95,163,,,2026-09-23
SCHAEFFLER,EQ,23-Sep-2026,4054.2,4054.2,4098.7,4035.3,4085.7,45556,1858.17,17468,28131.0,61.75,2026-09-23
SCHAND,EQ,23-Sep-2026,133.75,135.37,142.78,133.92,137.86,58188,79.99,1870,34767.0,59.75,2026-09-23
SCHNEIDER,EQ,23-Sep-2026,1214.2,1220.0,1253.6,1205.1,1243.4,298693,3675.87,19484,144790.0,48.47,2026-09-23
SCI,EQ,23-Sep-2026,281.1,281.65,282.2,278.7,279.05,888953,2487.88,11733,393353.0,44.25,2026-09-23
SCILAL,EQ,23-Sep-2026,38.27,38.06,38.79,37.92,38.2,353501,135.13,1673,195222.0,55.23,2026-09-23
SCML,SM,23-Sep-2026,79.0,77.0,77.0,75.0,77.0,5000,3.82,4,5000.0,100.0,2026-09-23
SCODATUBES,EQ,23-Sep-2026,128.85,139.95,145.76,130.72,137.74,2930843,4092.14,31715,979606.0,33.42,2026-09-23
SCPL,BE,23-Sep-2026,659.5,658.0,663.0,645.0,650.0,2320,15.27,88,,,2026-09-23
SDBL,EQ,23-Sep-2026,67.45,67.31,68.25,67.31,67.89,158194,107.46,1952,98311.0,62.15,2026-09-23
SDREAMS,SM,23-Sep-2026,81.0,83.95,83.95,81.0,81.5,7000,5.71,7,5000.0,71.43,2026-09-23
SEAMECLTD,EQ,23-Sep-2026,1734.7,1745.0,1764.7,1722.2,1752.7,26431,461.07,3527,12763.0,48.29,2026-09-23
SECLEDBETA,EQ,23-Sep-2026,14.31,14.92,14.92,14.3,14.36,21005,3.02,18,16003.0,76.19,2026-09-23
SECMARK,EQ,23-Sep-2026,136.11,143.8,143.8,137.47,141.03,1930,2.72,48,1711.0,88.65,2026-09-23
SECURKLOUD,EQ,23-Sep-2026,16.85,16.9,17.29,16.51,16.61,10593,1.77,125,9335.0,88.12,2026-09-23
SEDEMAC,EQ,23-Sep-2026,3034.3,3028.2,3080.0,2980.0,3035.2,63985,1937.06,9647,28326.0,44.27,2026-09-23
SEIL,EQ,23-Sep-2026,191.74,194.54,198.88,192.0,197.86,309195,606.58,3012,200486.0,64.84,2026-09-23
SEJALLTD,EQ,23-Sep-2026,666.3,666.3,699.6,651.0,699.6,7610,52.18,465,4743.0,62.33,2026-09-23
SEKURITIND,EQ,23-Sep-2026,114.35,114.2,117.35,113.65,113.82,21432,24.57,425,14481.0,67.57,2026-09-23
SEL,SM,23-Sep-2026,372.15,385.4,385.4,353.55,353.75,3000,10.92,12,2600.0,86.67,2026-09-23
SELECTIPO,EQ,23-Sep-2026,48.84,48.85,49.11,48.72,48.93,141493,69.22,157,93766.0,66.27,2026-09-23
SELLOWRAP,SM,23-Sep-2026,67.5,67.5,67.5,67.5,67.5,1600,1.08,1,1600.0,100.0,2026-09-23
SEMAC,EQ,23-Sep-2026,279.0,288.4,288.4,265.05,265.65,970,2.61,78,695.0,71.65,2026-09-23
SENCO,EQ,23-Sep-2026,337.35,338.35,346.35,337.1,342.25,1218885,4149.17,27960,581905.0,47.74,2026-09-23
SENORES,EQ,23-Sep-2026,1379.9,1377.1,1417.9,1377.0,1383.4,134952,1883.45,11858,62083.0,46.0,2026-09-23
SENSEXADD,EQ,23-Sep-2026,77.06,77.22,77.53,77.0,77.06,1463,1.13,31,1007.0,68.83,2026-09-23
SENSEXAXIS,EQ,23-Sep-2026,77.69,75.74,77.92,75.74,77.86,3174,2.46,50,1513.0,47.67,2026-09-23
SENSEXBETA,EQ,23-Sep-2026,828.37,828.01,836.0,824.23,828.72,1606,13.3,103,802.0,49.94,2026-09-23
SENSEXETF,EQ,23-Sep-2026,77.12,77.4,77.45,77.04,77.37,9610,7.43,140,3643.0,37.91,2026-09-23
SENSEXIETF,EQ,23-Sep-2026,860.49,869.49,869.49,859.11,861.59,4511,38.85,215,3310.0,73.38,2026-09-23
SEPC,EQ,23-Sep-2026,5.16,5.18,5.35,5.15,5.22,12308628,643.24,5840,5798467.0,47.11,2026-09-23
SERVOTECH,EQ,23-Sep-2026,70.64,70.65,71.9,70.5,71.67,406657,290.34,4343,206965.0,50.89,2026-09-23
SESHAPAPER,EQ,23-Sep-2026,246.94,246.69,250.99,246.69,247.95,20258,50.32,608,13792.0,68.08,2026-09-23
SETCO,BE,23-Sep-2026,17.04,17.12,17.79,16.75,17.04,33370,5.72,178,,,2026-09-23
SETF10GILT,EQ,23-Sep-2026,262.53,263.1,263.89,263.01,263.59,1501,3.96,29,671.0,44.7,2026-09-23
SETFGOLD,EQ,23-Sep-2026,128.91,129.21,129.41,128.3,128.64,3518011,4531.94,7565,2000125.0,56.85,2026-09-23
SETFNIF50,EQ,23-Sep-2026,251.73,252.53,254.25,250.96,252.66,565701,1430.18,2775,391864.0,69.27,2026-09-23
SETFNIFBK,EQ,23-Sep-2026,578.21,579.08,581.75,578.63,580.67,67220,390.46,1447,62521.0,93.01,2026-09-23
SETFNN50,EQ,23-Sep-2026,772.86,771.51,777.5,771.5,776.31,15326,118.91,814,8749.0,57.09,2026-09-23
SETL,EQ,23-Sep-2026,402.55,402.5,415.55,402.0,407.0,437953,1788.97,8742,260465.0,59.47,2026-09-23
SETUINFRA,BZ,23-Sep-2026,0.58,0.57,0.57,0.57,0.57,10596,0.06,19,,,2026-09-23
SEYAIND,BE,23-Sep-2026,13.64,13.91,13.91,13.66,13.9,16218,2.25,131,,,2026-09-23
SFL,EQ,23-Sep-2026,648.25,654.9,654.9,638.0,643.1,164118,1054.68,12918,76116.0,46.38,2026-09-23
SFML,SM,23-Sep-2026,20.7,20.6,20.8,20.2,20.8,24000,4.92,13,17600.0,73.33,2026-09-23
SGBAPR28I,GB,23-Sep-2026,15199.25,15200.0,15250.0,15135.0,15150.04,632,95.84,30,615.0,97.31,2026-09-23
SGBAUG27,GB,23-Sep-2026,15031.68,15055.01,15089.9,15021.0,15070.0,48,7.23,23,32.0,66.67,2026-09-23
SGBAUG28V,GB,23-Sep-2026,15042.33,15100.0,15169.94,15020.0,15044.13,451,67.93,94,297.0,65.85,2026-09-23
SGBAUG29V,GB,23-Sep-2026,15125.0,15065.5,15200.0,15052.0,15107.06,51,7.71,22,28.0,54.9,2026-09-23
SGBAUG30,GB,23-Sep-2026,15196.0,15235.0,15450.0,15156.0,15380.0,132,20.21,45,103.0,78.03,2026-09-23
SGBD29VIII,GB,23-Sep-2026,15200.0,15100.0,15245.0,15097.38,15138.49,270,40.85,52,198.0,73.33,2026-09-23
SGBDC27VII,GB,23-Sep-2026,15100.0,15099.99,15100.0,15090.0,15090.0,15,2.26,3,15.0,100.0,2026-09-23
SGBDE30III,GB,23-Sep-2026,15249.99,15249.99,15298.99,15200.0,15298.0,173,26.39,37,115.0,66.47,2026-09-23
SGBDE31III,GB,23-Sep-2026,15524.18,15480.0,15554.0,15446.41,15481.36,849,131.65,241,648.0,76.33,2026-09-23
SGBDEC26,GB,23-Sep-2026,15101.0,15100.0,15100.0,15100.0,15100.0,10,1.51,2,10.0,100.0,2026-09-23
SGBFEB29XI,GB,23-Sep-2026,15055.58,15057.0,15132.77,15056.01,15100.0,34,5.13,12,25.0,73.53,2026-09-23
SGBFEB32IV,GB,23-Sep-2026,15741.18,15741.19,15785.0,15701.05,15713.26,441,69.38,147,282.0,63.95,2026-09-23
SGBJ28VIII,GB,23-Sep-2026,15078.99,15078.99,15078.99,15078.99,15078.99,10,1.51,2,10.0,100.0,2026-09-23
SGBJAN27,GB,23-Sep-2026,15089.99,15150.0,15150.0,15150.0,15150.0,4,0.61,1,4.0,100.0,2026-09-23
SGBJAN29IX,GB,23-Sep-2026,15060.0,15059.0,15139.49,15059.0,15070.0,122,18.41,17,104.0,85.25,2026-09-23
SGBJAN29X,GB,23-Sep-2026,15097.47,15243.98,15243.98,15070.0,15076.25,126,19.04,34,91.0,72.22,2026-09-23
SGBJAN30IX,GB,23-Sep-2026,15142.55,15100.0,15295.0,15100.0,15190.1,124,18.91,35,102.0,82.26,2026-09-23
SGBJU29III,GB,23-Sep-2026,15065.0,15198.0,15198.0,15066.02,15125.0,52,7.85,17,44.0,84.62,2026-09-23
SGBJUL27,GB,23-Sep-2026,15399.95,15150.0,15150.0,15001.0,15050.0,14,2.11,6,12.0,85.71,2026-09-23
SGBJUL28IV,GB,23-Sep-2026,15047.8,15050.01,15116.99,15025.0,15035.88,221,33.32,37,157.0,71.04,2026-09-23
SGBJUL29IV,GB,23-Sep-2026,15025.51,15186.0,15186.0,15106.19,15133.09,16,2.43,13,14.0,87.5,2026-09-23
SGBJUN27,GB,23-Sep-2026,14980.0,15090.0,15124.99,15030.0,15030.0,72,10.87,13,72.0,100.0,2026-09-23
SGBJUN28,GB,23-Sep-2026,15033.57,15034.01,15195.0,15034.01,15059.0,23,3.47,10,14.0,60.87,2026-09-23
SGBJUN29II,GB,23-Sep-2026,15139.99,15150.0,15150.0,15090.0,15097.5,207,31.29,38,170.0,82.13,2026-09-23
SGBJUN30,GB,23-Sep-2026,15222.43,15136.0,15351.37,15136.0,15292.17,144,22.04,37,85.0,59.03,2026-09-23
SGBJUN31I,GB,23-Sep-2026,15379.51,15379.0,15480.0,15321.0,15376.18,477,73.29,123,312.0,65.41,2026-09-23
SGBMAR28X,GB,23-Sep-2026,16000.0,15990.0,15990.0,15990.0,15990.0,1,0.16,1,1.0,100.0,2026-09-23
SGBMAR30X,GB,23-Sep-2026,15142.92,15101.0,15269.98,15101.0,15136.0,38,5.76,12,23.0,60.53,2026-09-23
SGBMAR31IV,GB,23-Sep-2026,15279.51,15355.91,15365.0,15279.51,15350.0,96,14.72,31,73.0,76.04,2026-09-23
SGBMAY28,GB,23-Sep-2026,15077.5,15150.0,15180.0,15070.0,15091.14,71,10.75,19,29.0,40.85,2026-09-23
SGBMAY29I,GB,23-Sep-2026,15101.0,15101.0,15188.0,15099.99,15099.99,326,49.31,47,265.0,81.29,2026-09-23
SGBMR29XII,GB,23-Sep-2026,15066.8,15069.0,15150.01,15055.01,15098.36,130,19.64,36,106.0,81.54,2026-09-23
SGBN28VIII,GB,23-Sep-2026,15078.57,15112.0,15165.0,15112.0,15120.0,53,8.02,12,33.0,62.26,2026-09-23
SGBNV29VII,GB,23-Sep-2026,15125.01,15105.0,15200.0,15105.0,15106.63,158,23.92,28,128.0,81.01,2026-09-23
SGBOC28VII,GB,23-Sep-2026,15180.0,15180.0,15180.01,15111.0,15180.0,137,20.79,8,96.0,70.07,2026-09-23
SGBOCT26,GB,23-Sep-2026,15166.33,15150.0,15150.0,15105.0,15105.0,20,3.03,3,20.0,100.0,2026-09-23
SGBOCT27,GB,23-Sep-2026,15200.0,15150.0,15150.0,15105.0,15105.0,18,2.72,2,18.0,100.0,2026-09-23
SGBOCT27VI,GB,23-Sep-2026,15172.76,15150.0,15150.0,15115.0,15115.0,4,0.61,2,4.0,100.0,2026-09-23
SGBSEP27,GB,23-Sep-2026,15055.0,14979.73,15049.9,14979.73,15049.9,16,2.4,4,13.0,81.25,2026-09-23
SGBSEP28VI,GB,23-Sep-2026,15032.12,15107.28,15120.0,15024.0,15051.66,207,31.21,53,157.0,75.85,2026-09-23
SGBSEP29VI,GB,23-Sep-2026,15035.93,15050.0,15165.0,15050.0,15094.54,214,32.33,55,178.0,83.18,2026-09-23
SGBSEP31II,GB,23-Sep-2026,15342.99,15316.0,15389.98,15301.01,15356.78,506,77.72,162,371.0,73.32,2026-09-23
SGFIN,EQ,23-Sep-2026,624.6,629.0,637.65,620.0,622.15,128081,802.6,6208,67587.0,52.77,2026-09-23
SGIL,EQ,23-Sep-2026,636.8,660.0,697.95,632.05,668.5,84520,564.68,4128,30347.0,35.91,2026-09-23
SGL,EQ,23-Sep-2026,9.07,9.07,9.64,8.56,8.93,16455,1.47,158,11320.0,68.79,2026-09-23
SGLRES,EQ,23-Sep-2026,2.4,2.46,2.52,2.28,2.44,93094,2.25,238,59405.0,63.81,2026-09-23
SGMART,EQ,23-Sep-2026,721.8,721.0,742.95,720.15,731.45,166323,1217.41,9908,90808.0,54.6,2026-09-23
SGRL,EQ,23-Sep-2026,704.8,705.1,749.85,705.1,735.55,26491,193.71,1259,18107.0,68.35,2026-09-23
SHADOWFAX,EQ,23-Sep-2026,283.05,285.0,290.45,282.5,285.75,5096655,14575.85,105413,2765857.0,54.27,2026-09-23
SHAH,EQ,23-Sep-2026,3.25,3.24,3.29,3.22,3.25,1707745,55.64,660,1200438.0,70.29,2026-09-23
SHAHALLOYS,BE,23-Sep-2026,89.98,89.98,92.9,89.98,91.45,35746,32.8,166,,,2026-09-23
SHAILY,EQ,23-Sep-2026,3168.8,3172.2,3229.0,3151.0,3211.0,181675,5801.64,18971,59707.0,32.86,2026-09-23
SHAKTIPUMP,EQ,23-Sep-2026,469.1,470.0,479.75,470.0,476.8,331661,1579.9,14792,128727.0,38.81,2026-09-23
SHALBY,EQ,23-Sep-2026,136.7,136.35,150.62,136.0,145.67,224182,322.29,4584,116313.0,51.88,2026-09-23
SHALPAINTS,BE,23-Sep-2026,77.64,77.78,81.0,77.78,79.09,34505,27.42,243,,,2026-09-23
SHANKARA,EQ,23-Sep-2026,141.39,141.39,144.38,141.39,143.39,32951,47.14,497,19853.0,60.25,2026-09-23
SHANKESH,EQ,23-Sep-2026,91.09,91.46,96.9,91.42,94.32,4538664,4308.21,29803,1256875.0,27.69,2026-09-23
SHANTI,EQ,23-Sep-2026,5.56,5.84,5.84,5.4,5.7,15934,0.9,80,13625.0,85.51,2026-09-23
SHANTIGEAR,EQ,23-Sep-2026,673.7,664.3,680.55,655.5,668.05,42582,284.46,2309,19171.0,45.02,2026-09-23
SHANTIGOLD,EQ,23-Sep-2026,258.04,258.95,293.7,256.0,288.07,12582362,35549.33,178570,2685980.0,21.35,2026-09-23
SHANTIINOR,SM,23-Sep-2026,173.95,174.9,188.0,174.9,181.1,225600,410.93,128,168000.0,74.47,2026-09-23
SHARDACROP,EQ,23-Sep-2026,747.35,750.5,765.7,748.05,758.05,82837,628.49,6020,40546.0,48.95,2026-09-23
SHARDAMOTR,EQ,23-Sep-2026,985.75,990.0,1024.95,968.2,971.85,161127,1600.65,14923,59643.0,37.02,2026-09-23
SHARDUL,BE,23-Sep-2026,55.2,54.8,55.2,54.2,54.8,11430,6.26,49,,,2026-09-23
SHAREINDIA,EQ,23-Sep-2026,223.32,223.32,223.67,217.0,219.98,1845463,4054.35,20963,591990.0,32.08,2026-09-23
SHARIABEES,EQ,23-Sep-2026,435.76,435.94,438.46,435.94,437.41,4657,20.36,290,2807.0,60.27,2026-09-23
SHBAJRG,EQ,23-Sep-2026,153.79,154.0,162.84,150.0,161.24,2653,4.17,128,2124.0,80.06,2026-09-23
SHEETAL,SM,23-Sep-2026,355.0,347.0,355.0,340.0,354.95,4500,15.76,8,2000.0,44.44,2026-09-23
SHEKHAWATI,BE,23-Sep-2026,23.67,24.82,24.85,24.82,24.85,45108,11.21,119,,,2026-09-23
SHEMAROO,BE,23-Sep-2026,121.25,120.66,123.95,119.56,123.79,18085,22.31,47,,,2026-09-23
SHERA,SM,23-Sep-2026,182.05,180.0,184.9,180.0,181.65,29000,52.91,29,17000.0,58.62,2026-09-23
SHERVANI,EQ,23-Sep-2026,343.0,340.0,340.0,308.1,320.1,389,1.24,30,215.0,55.27,2026-09-23
SHETHJI,SM,23-Sep-2026,184.4,189.9,190.2,187.0,189.25,39000,73.8,9,34000.0,87.18,2026-09-23
SHIGAN,SM,23-Sep-2026,65.0,62.0,62.0,62.0,62.0,1500,0.93,1,1500.0,100.0,2026-09-23
SHILCTECH,EQ,23-Sep-2026,3989.0,4009.0,4200.0,3984.1,4147.6,19084,782.45,5397,8777.0,45.99,2026-09-23
SHILGRAVQ,EQ,23-Sep-2026,154.57,154.57,160.0,144.0,147.67,32843,49.15,493,28209.0,85.89,2026-09-23
SHILPAMED,EQ,23-Sep-2026,1033.15,1040.0,1054.0,1010.0,1037.7,613628,6349.08,37996,228313.0,37.21,2026-09-23
SHINDL,EQ,23-Sep-2026,162.53,163.42,166.0,160.68,164.13,129807,211.41,820,20067.0,15.46,2026-09-23
SHIPROCKET,EQ,23-Sep-2026,126.19,127.0,128.28,123.97,127.23,3066223,3867.99,34328,1098431.0,35.82,2026-09-23
SHIVAAGRO,EQ,23-Sep-2026,40.03,41.2,42.78,38.12,39.74,5592,2.28,137,2934.0,52.47,2026-09-23
SHIVACEM,EQ,23-Sep-2026,15.5,15.79,15.82,15.5,15.6,20634,3.24,149,17169.0,83.21,2026-09-23
SHIVALIK,EQ,23-Sep-2026,416.9,425.0,436.9,423.35,431.65,143393,618.64,5541,76851.0,53.59,2026-09-23
SHIVAMAUTO,EQ,23-Sep-2026,17.75,17.8,18.5,17.6,18.21,94746,17.04,503,60966.0,64.35,2026-09-23
SHIVAMILLS,EQ,23-Sep-2026,61.24,61.24,61.24,59.3,59.92,876,0.53,24,803.0,91.67,2026-09-23
SHIVASHRIT,SM,23-Sep-2026,113.65,114.0,116.9,112.6,113.65,51000,58.27,29,44000.0,86.27,2026-09-23
SHIVATEX,EQ,23-Sep-2026,172.07,172.52,173.28,170.75,172.0,436,0.75,26,406.0,93.12,2026-09-23
SHIVAUM,EQ,23-Sep-2026,515.05,519.0,519.0,512.0,513.2,9201,47.29,330,5681.0,61.74,2026-09-23
SHK,EQ,23-Sep-2026,138.28,138.88,146.65,138.88,144.45,536940,768.77,8886,227902.0,42.44,2026-09-23
SHKSIL,SM,23-Sep-2026,32.85,32.7,33.9,32.0,33.9,10000,3.3,5,8000.0,80.0,2026-09-23
SHOPERSTOP,EQ,23-Sep-2026,392.5,391.35,400.0,388.65,391.1,20604,81.13,1947,6457.0,31.34,2026-09-23
SHRADDHA,EQ,23-Sep-2026,144.78,142.1,153.3,142.1,149.58,4858,7.23,102,4505.0,92.73,2026-09-23
SHRADHA,EQ,23-Sep-2026,30.78,30.5,30.96,30.01,30.45,2406,0.73,48,1921.0,79.84,2026-09-23
SHREDIGCEM,EQ,23-Sep-2026,66.92,66.19,69.15,66.19,68.8,133898,90.64,1413,86114.0,64.31,2026-09-23
SHREECEM,EQ,23-Sep-2026,22200.0,22210.0,22500.0,22210.0,22500.0,10207,2281.88,5645,5014.0,49.12,2026-09-23
SHREEDHAR,ST,23-Sep-2026,177.5,184.9,185.9,169.55,172.1,38000,67.22,18,34000.0,89.47,2026-09-23
SHREEJISPG,EQ,23-Sep-2026,719.35,721.25,728.9,720.05,723.75,321372,2330.08,5292,117666.0,36.61,2026-09-23
SHREEKARNI,SM,23-Sep-2026,377.7,373.0,387.9,373.0,387.9,1350,5.19,6,1200.0,88.89,2026-09-23
SHREEOSFM,SM,23-Sep-2026,49.95,51.8,51.95,50.1,51.8,9000,4.64,8,8000.0,88.89,2026-09-23
SHREEPUSHK,EQ,23-Sep-2026,505.85,503.05,517.0,492.2,495.8,50695,255.02,2532,25175.0,49.66,2026-09-23
SHREERAMA,EQ,23-Sep-2026,43.69,43.75,46.29,43.72,45.79,86110,38.79,1056,55061.0,63.94,2026-09-23
SHREMINVIT,IV,23-Sep-2026,102.0,102.0,102.0,102.0,102.0,200000,204.0,5,200000.0,100.0,2026-09-23
SHRENIK,BZ,23-Sep-2026,0.28,0.28,0.29,0.28,0.28,145003,0.41,132,,,2026-09-23
SHREYANIND,EQ,23-Sep-2026,127.31,128.0,130.8,127.02,129.1,15638,20.19,122,14531.0,92.92,2026-09-23
SHRIAHIMSA,SM,23-Sep-2026,473.95,485.0,485.0,465.5,466.1,7800,36.76,13,5400.0,69.23,2026-09-23
SHRIKANHA,SM,23-Sep-2026,21.5,20.5,21.1,20.45,21.05,8000,1.66,5,8000.0,100.0,2026-09-23
SHRIKRISH,EQ,23-Sep-2026,34.75,35.45,37.71,35.45,35.45,157,0.06,7,100.0,63.69,2026-09-23
SHRINGARMS,EQ,23-Sep-2026,208.56,211.43,212.85,209.6,210.22,381776,803.72,1869,129630.0,33.95,2026-09-23
SHRIPISTON,EQ,23-Sep-2026,4512.6,4512.6,4550.6,4469.3,4489.8,22138,995.12,5866,12662.0,57.2,2026-09-23
SHRIRAMFIN,EQ,23-Sep-2026,1006.0,1012.0,1018.0,1005.5,1010.8,2916356,29447.23,72500,1903240.0,65.26,2026-09-23
SHRIRAMPPS,EQ,23-Sep-2026,71.03,71.0,73.48,71.0,72.69,285463,205.95,2634,181509.0,63.58,2026-09-23
SHRITECH,SM,23-Sep-2026,60.7,61.0,61.2,60.85,61.1,12000,7.33,6,12000.0,100.0,2026-09-23
SHRJAGP,EQ,23-Sep-2026,630.5,634.0,639.95,625.0,632.25,231,1.46,30,153.0,66.23,2026-09-23
SHUBHLAXMI,SM,23-Sep-2026,18.4,17.5,19.2,17.5,19.2,20000,3.81,6,19000.0,95.0,2026-09-23
SHUBHSHREE,SM,23-Sep-2026,352.0,350.0,350.0,350.0,350.0,600,2.1,2,600.0,100.0,2026-09-23
SHUKRAPHAR,EQ,23-Sep-2026,58.59,59.0,59.8,56.0,56.79,3431554,1986.57,18761,1062404.0,30.96,2026-09-23
SHYAMCENT,BE,23-Sep-2026,5.04,5.02,5.1,5.0,5.02,84647,4.25,110,,,2026-09-23
SHYAMDHANI,SM,23-Sep-2026,54.0,54.0,55.0,54.0,54.5,12000,6.5,5,12000.0,100.0,2026-09-23
SHYAMMETL,EQ,23-Sep-2026,1094.1,1099.5,1124.8,1095.6,1105.8,418859,4653.36,22017,174853.0,41.75,2026-09-23
SHYAMTEL,EQ,23-Sep-2026,11.05,10.3,11.25,10.3,11.14,1339,0.15,27,1228.0,91.71,2026-09-23
SICAGEN,EQ,23-Sep-2026,52.05,53.0,53.45,51.25,52.98,22378,11.73,134,19580.0,87.5,2026-09-23
SICALLOG,BE,23-Sep-2026,93.76,94.0,96.0,91.52,94.36,51458,48.58,148,,,2026-09-23
SIDDHICOTS,SM,23-Sep-2026,27.55,27.95,28.0,26.5,26.5,4800,1.32,4,3600.0,75.0,2026-09-23
SIEL,EQ,23-Sep-2026,30.48,30.48,30.48,30.0,30.48,194,0.06,8,194.0,100.0,2026-09-23
SIEMENS,EQ,23-Sep-2026,3858.0,3878.3,3903.0,3828.0,3886.0,133100,5163.48,16216,53668.0,40.32,2026-09-23
SIGACHI,EQ,23-Sep-2026,30.61,30.51,31.94,30.51,31.34,2943639,918.96,8754,1066797.0,36.24,2026-09-23
SIGIND,BE,23-Sep-2026,71.3,71.0,72.2,70.5,71.8,32161,23.02,338,,,2026-09-23
SIGMA,EQ,23-Sep-2026,46.46,46.46,46.5,45.85,46.04,78069,36.02,591,57940.0,74.22,2026-09-23
SIGMAADV,BE,23-Sep-2026,948.0,959.0,966.6,924.1,936.7,252649,2390.51,4650,,,2026-09-23
SIGNATURE,EQ,23-Sep-2026,763.1,767.3,780.95,766.0,768.75,183486,1419.5,5580,6952.0,3.79,2026-09-23
SIGNPOST,EQ,23-Sep-2026,267.05,268.85,275.6,267.25,273.9,21965,59.63,896,14587.0,66.41,2026-09-23
SIKA,EQ,23-Sep-2026,1062.8,1089.9,1089.9,1044.2,1059.75,33001,350.4,2941,18346.0,55.59,2026-09-23
SIKKO,BE,23-Sep-2026,5.99,5.98,6.21,5.88,6.12,735192,44.6,640,,,2026-09-23
SIL,EQ,23-Sep-2026,16.01,16.25,17.48,16.25,17.13,136655,23.17,1398,88306.0,64.62,2026-09-23
SILGO,EQ,23-Sep-2026,70.92,71.0,71.3,69.64,70.43,20664,14.54,276,17456.0,84.48,2026-09-23
SILINV,EQ,23-Sep-2026,440.8,440.8,460.0,440.8,452.8,2531,11.29,71,2270.0,89.69,2026-09-23
SILKFLEX,SM,23-Sep-2026,301.4,298.0,298.0,286.35,286.35,19000,54.65,19,17000.0,89.47,2026-09-23
SILKY,SM,23-Sep-2026,71.35,67.3,69.9,66.1,67.85,4800,3.27,6,3200.0,66.67,2026-09-23
SILVER,EQ,23-Sep-2026,230.01,231.86,233.5,229.68,230.26,635480,1474.44,5286,205548.0,32.35,2026-09-23
SILVER001,EQ,23-Sep-2026,23.34,23.7,23.94,23.06,23.19,550189,127.99,113,421521.0,76.61,2026-09-23
SILVER1,EQ,23-Sep-2026,22.35,22.63,22.7,22.3,22.36,5230346,1176.19,4471,2671867.0,51.08,2026-09-23
SILVER360,EQ,23-Sep-2026,226.34,227.1,229.5,226.25,226.75,14263,32.55,305,8043.0,56.39,2026-09-23
SILVERADD,EQ,23-Sep-2026,22.18,22.46,22.56,22.17,22.2,6978831,1556.04,5501,3822958.0,54.78,2026-09-23
SILVERAG,EQ,23-Sep-2026,224.07,225.0,227.63,223.87,224.4,165251,372.36,1915,80754.0,48.87,2026-09-23
SILVERAXIS,EQ,23-Sep-2026,229.33,231.91,232.42,228.7,229.19,293036,675.04,2357,103539.0,35.33,2026-09-23
SILVERBEES,EQ,23-Sep-2026,220.27,222.62,223.63,219.86,220.26,16219218,35988.62,45400,7662888.0,47.25,2026-09-23
SILVERBETA,EQ,23-Sep-2026,222.29,223.66,225.7,222.01,222.41,522179,1170.04,2667,135057.0,25.86,2026-09-23
SILVERBND,EQ,23-Sep-2026,231.26,234.54,234.54,230.42,231.23,11083,25.7,136,9951.0,89.79,2026-09-23
SILVERCASE,EQ,23-Sep-2026,23.36,23.62,23.7,23.32,23.37,3994735,940.88,4515,1407948.0,35.25,2026-09-23
SILVERIETF,EQ,23-Sep-2026,230.18,232.06,233.42,229.6,230.09,2047735,4742.29,10287,793469.0,38.75,2026-09-23
SILVERTUC,EQ,23-Sep-2026,155.89,158.0,158.61,151.0,152.99,260207,403.72,4690,69508.0,26.71,2026-09-23
SIMBHALS,BZ,23-Sep-2026,6.41,6.52,6.52,6.31,6.31,12824,0.81,40,,,2026-09-23
SIMCA,ST,23-Sep-2026,271.0,268.6,277.5,268.5,277.25,84000,229.96,27,84000.0,100.0,2026-09-23
SIMPLEXINF,EQ,23-Sep-2026,256.3,256.8,265.0,255.0,256.4,161513,417.77,2956,90889.0,56.27,2026-09-23
SIMPLXREA,EQ,23-Sep-2026,120.17,120.15,126.0,114.17,126.0,423,0.49,11,423.0,100.0,2026-09-23
SINCLAIR,EQ,23-Sep-2026,81.79,81.79,83.97,81.3,82.04,26798,21.93,313,19323.0,72.11,2026-09-23
SINDHUTRAD,EQ,23-Sep-2026,24.11,24.01,24.27,23.77,23.96,211935,50.85,790,101593.0,47.94,2026-09-23
SINGERIND,EQ,23-Sep-2026,77.26,76.38,79.85,76.38,79.13,45095,35.5,621,32115.0,71.22,2026-09-23
SINTERCOM,EQ,23-Sep-2026,80.49,84.98,84.98,77.52,78.75,9120,7.4,170,7558.0,82.87,2026-09-23
SIRCA,EQ,23-Sep-2026,404.6,405.9,416.3,405.0,414.4,289848,1195.48,4416,87885.0,30.32,2026-09-23
SIS,EQ,23-Sep-2026,424.05,423.95,430.5,419.0,421.45,98041,417.24,5465,61815.0,63.05,2026-09-23
SITINET,BZ,23-Sep-2026,0.28,0.28,0.29,0.27,0.28,1132958,3.17,233,,,2026-09-23
SIYSIL,EQ,23-Sep-2026,535.75,539.0,543.4,532.65,540.55,18844,101.61,2035,11478.0,60.91,2026-09-23
SJLOGISTIC,SM,23-Sep-2026,313.95,313.0,323.3,313.0,321.9,14750,46.98,51,12000.0,81.36,2026-09-23
SJS,EQ,23-Sep-2026,2310.8,2310.8,2347.0,2310.4,2334.1,43229,1008.59,9587,23924.0,55.34,2026-09-23
SJVN,EQ,23-Sep-2026,63.11,63.59,63.59,63.06,63.25,1763204,1115.08,18492,858641.0,48.7,2026-09-23
SKFINDIA,EQ,23-Sep-2026,1507.2,1507.2,1534.7,1502.1,1519.8,36312,551.42,6831,19638.0,54.08,2026-09-23
SKFINDUS,EQ,23-Sep-2026,2790.8,2813.1,2928.0,2782.0,2885.9,38160,1086.68,12399,18785.0,49.23,2026-09-23
SKIPPER,EQ,23-Sep-2026,561.55,568.0,580.0,562.55,567.5,1071979,6131.44,38417,290873.0,27.13,2026-09-23
SKMEGGPROD,EQ,23-Sep-2026,221.25,220.95,229.9,220.5,229.75,176443,402.21,2882,107052.0,60.67,2026-09-23
SKP,SM,23-Sep-2026,160.05,163.5,164.9,157.2,163.9,14500,23.47,23,3000.0,20.69,2026-09-23
SKYGOLD,EQ,23-Sep-2026,802.55,814.0,834.45,782.55,794.1,1325607,10685.57,55959,490800.0,37.02,2026-09-23
SKYTECH,SM,23-Sep-2026,27.75,29.1,29.1,29.1,29.1,24000,6.98,13,22400.0,93.33,2026-09-23
SKYWAYS,EQ,23-Sep-2026,130.32,132.0,132.0,126.81,129.57,4900366,6309.31,33566,1050367.0,21.43,2026-09-23
SLONE,ST,23-Sep-2026,169.25,173.25,173.25,161.0,169.65,6800,11.4,16,5200.0,76.47,2026-09-23
SMALL250,EQ,23-Sep-2026,18.35,18.35,18.7,18.34,18.5,145765,26.92,502,86521.0,59.36,2026-09-23
SMALLADD,EQ,23-Sep-2026,18.43,18.45,18.62,18.43,18.56,31383,5.81,101,23401.0,74.57,2026-09-23
SMALLCAP,EQ,23-Sep-2026,48.74,48.8,49.27,48.76,49.12,1366686,671.46,2530,730713.0,53.47,2026-09-23
SMALLGROWW,EQ,23-Sep-2026,48.84,48.84,49.5,48.84,49.47,5404,2.65,68,4014.0,74.28,2026-09-23
SMALLIETF,EQ,23-Sep-2026,18.34,18.28,18.55,18.22,18.49,14497,2.67,88,9150.0,63.12,2026-09-23
SMARTEN,SM,23-Sep-2026,59.3,62.25,62.25,60.0,62.25,96000,59.58,45,94800.0,98.75,2026-09-23
SMARTLINK,BE,23-Sep-2026,223.97,225.1,225.1,217.05,218.48,2587,5.7,53,,,2026-09-23
SMARTWORKS,EQ,23-Sep-2026,543.9,540.8,554.1,539.2,541.05,27592,150.3,1195,17409.0,63.09,2026-09-23
SMCGLOBAL,EQ,23-Sep-2026,82.43,82.43,89.8,82.35,87.14,2330867,2032.68,20311,888167.0,38.1,2026-09-23
SML100CASE,EQ,23-Sep-2026,11.29,11.3,11.43,11.29,11.38,1159997,131.83,1050,845864.0,72.92,2026-09-23
SMLMAH,EQ,23-Sep-2026,6719.5,6790.0,6898.5,6720.0,6794.0,53537,3632.54,12367,21729.0,40.59,2026-09-23
SMLT,EQ,23-Sep-2026,60.77,60.16,62.0,59.5,60.61,6155,3.78,196,3942.0,64.05,2026-09-23
SMSPHARMA,EQ,23-Sep-2026,483.35,485.8,491.9,477.3,482.95,801318,3885.89,21604,328379.0,40.98,2026-09-23
SMVD,SM,23-Sep-2026,15.35,14.6,14.6,14.6,14.6,8080,1.18,2,8080.0,100.0,2026-09-23
SNEHAA,SM,23-Sep-2026,44.0,44.1,44.1,41.75,43.5,4000,1.72,4,4000.0,100.0,2026-09-23
SNOWMAN,EQ,23-Sep-2026,34.85,34.76,35.5,34.62,35.18,154134,53.99,1406,92239.0,59.84,2026-09-23
SNXT30BEES,EQ,23-Sep-2026,42.06,41.0,42.28,41.0,42.28,1972,0.83,50,1269.0,64.35,2026-09-23
SNXT50BETA,EQ,23-Sep-2026,92.66,92.66,94.35,92.52,93.45,731,0.69,80,598.0,81.81,2026-09-23
SOBHA,EQ,23-Sep-2026,1230.9,1230.0,1251.0,1222.1,1243.8,43906,543.59,7162,19027.0,43.34,2026-09-23
SOCL,SM,23-Sep-2026,27.4,26.3,28.2,26.3,28.2,8000,2.23,3,8000.0,100.0,2026-09-23
SOFTTECH,EQ,23-Sep-2026,498.25,475.0,503.35,475.0,491.85,3096,15.23,179,1991.0,64.31,2026-09-23
SOLARA,EQ,23-Sep-2026,744.55,744.55,759.5,715.0,722.9,491844,3609.71,20826,212545.0,43.21,2026-09-23
SOLARINDS,EQ,23-Sep-2026,19890.0,20050.0,20370.0,19625.0,19730.0,316329,63345.58,54574,137099.0,43.34,2026-09-23
SOLARWORLD,EQ,23-Sep-2026,139.46,139.39,142.55,137.8,138.52,278134,388.37,3850,164494.0,59.14,2026-09-23
SOLEX,EQ,23-Sep-2026,678.95,698.95,770.0,694.25,735.2,1119045,8327.12,53324,157252.0,14.05,2026-09-23
SOMANYCERA,EQ,23-Sep-2026,594.75,595.0,602.0,581.2,596.3,108719,643.72,5255,49946.0,45.94,2026-09-23
SOMATEX,EQ,23-Sep-2026,80.02,81.62,83.7,80.02,82.35,6703,5.47,130,4554.0,67.94,2026-09-23
SOMICONVEY,EQ,23-Sep-2026,92.66,92.01,93.12,91.0,91.51,11638,10.7,156,10255.0,88.12,2026-09-23
SONACOMS,EQ,23-Sep-2026,809.0,808.55,833.0,804.75,833.0,3183807,26209.27,81203,1398749.0,43.93,2026-09-23
SONAL,EQ,23-Sep-2026,84.01,83.5,83.55,83.5,83.55,201,0.17,6,201.0,100.0,2026-09-23
SONAMAC,SM,23-Sep-2026,32.9,32.0,32.0,31.5,31.5,2000,0.64,2,2000.0,100.0,2026-09-23
SONAMLTD,BE,23-Sep-2026,67.21,70.0,70.0,66.5,68.02,26033,17.59,149,,,2026-09-23
SONATSOFTW,EQ,23-Sep-2026,284.45,284.25,286.7,281.5,282.0,317370,898.51,7709,121129.0,38.17,2026-09-23
SONUINFRA,ST,23-Sep-2026,47.3,47.3,47.3,45.0,45.0,7500,3.42,5,7500.0,100.0,2026-09-23
SOTL,EQ,23-Sep-2026,724.35,720.0,748.9,713.1,715.6,247265,1809.09,10937,85723.0,34.67,2026-09-23
SOUTHBANK,EQ,23-Sep-2026,45.23,45.26,47.2,45.26,47.08,14551891,6775.24,43144,6626848.0,45.54,2026-09-23
SOUTHWEST,EQ,23-Sep-2026,190.79,190.0,198.0,190.0,194.64,87484,170.62,2418,46700.0,53.38,2026-09-23
SPAL,EQ,23-Sep-2026,979.7,984.5,999.0,976.6,989.5,26317,260.94,2687,13611.0,51.72,2026-09-23
SPANDANA,EQ,23-Sep-2026,227.38,227.25,233.32,227.2,232.18,78579,181.91,1983,30124.0,38.34,2026-09-23
SPARC,EQ,23-Sep-2026,197.96,197.96,208.7,197.07,205.65,1935408,3968.73,27962,666756.0,34.45,2026-09-23
SPCENET,EQ,23-Sep-2026,3.29,3.35,3.44,3.28,3.39,460845,15.55,548,326584.0,70.87,2026-09-23
SPCL,SM,23-Sep-2026,66.7,68.95,68.95,67.0,67.6,13800,9.36,20,9000.0,65.22,2026-09-23
SPCON,SM,23-Sep-2026,165.0,170.0,185.0,165.0,165.0,37200,62.44,9,33600.0,90.32,2026-09-23
SPECIALITY,BE,23-Sep-2026,149.53,150.0,155.8,148.01,152.45,36639,56.03,227,,,2026-09-23
SPECTRUM,BE,23-Sep-2026,3344.5,3398.9,3398.9,3177.3,3241.6,11852,381.04,943,,,2026-09-23
SPENCERS,EQ,23-Sep-2026,28.47,28.35,29.86,28.01,29.44,32720,9.56,515,21322.0,65.17,2026-09-23
SPIC,EQ,23-Sep-2026,66.09,66.01,67.6,65.75,67.0,356978,237.61,2975,127295.0,35.66,2026-09-23
SPLIL,EQ,23-Sep-2026,30.52,30.22,31.4,29.62,30.19,9157,2.78,118,3678.0,40.17,2026-09-23
SPLPETRO,EQ,23-Sep-2026,864.75,868.25,899.0,860.55,882.2,387021,3428.41,27420,117352.0,30.32,2026-09-23
SPMLINFRA,EQ,23-Sep-2026,166.44,166.9,171.0,166.6,168.58,133400,225.73,2035,56155.0,42.1,2026-09-23
SPORTKING,EQ,23-Sep-2026,214.49,215.01,221.5,210.0,211.26,203482,439.78,5807,100751.0,49.51,2026-09-23
SPRL,SM,23-Sep-2026,109.2,114.65,114.65,114.65,114.65,800,0.92,1,800.0,100.0,2026-09-23
SPUNWEB,SM,23-Sep-2026,100.0,100.05,101.05,100.0,101.05,15600,15.63,7,15600.0,100.0,2026-09-23
SRD,EQ,23-Sep-2026,40.32,40.5,40.9,39.4,40.88,99577,40.04,353,76292.0,76.62,2026-09-23
SREEL,BE,23-Sep-2026,279.9,279.9,293.89,276.25,293.89,23728,69.33,255,,,2026-09-23
SRF,EQ,23-Sep-2026,2538.3,2545.0,2562.0,2540.0,2550.0,73197,1869.0,9414,38220.0,52.22,2026-09-23
SRGHFL,EQ,23-Sep-2026,143.75,150.0,158.1,147.85,158.1,46174,71.2,603,38404.0,83.17,2026-09-23
SRHHYPOLTD,EQ,23-Sep-2026,599.25,603.8,620.9,585.05,587.5,48715,292.44,3372,20803.0,42.7,2026-09-23
SRIKPRIND,BE,23-Sep-2026,28.78,27.4,28.95,27.4,28.58,4125,1.14,53,,,2026-09-23
SRIVASAVI,ST,23-Sep-2026,77.7,81.5,81.55,79.9,81.55,16000,13.03,9,16000.0,100.0,2026-09-23
SRM,EQ,23-Sep-2026,419.8,423.3,425.4,418.95,422.45,33857,143.07,1986,18765.0,55.42,2026-09-23
SRTL,EQ,23-Sep-2026,38.84,38.5,39.61,38.5,38.9,54296,21.16,643,47363.0,87.23,2026-09-23
SSDL,EQ,23-Sep-2026,65.71,65.95,67.95,65.0,65.62,125706,83.39,1569,78395.0,62.36,2026-09-23
SSEGL,SM,23-Sep-2026,386.85,388.2,401.95,380.0,386.05,28400,111.35,135,19000.0,66.9,2026-09-23
SSFL,ST,23-Sep-2026,289.95,279.0,280.2,279.0,280.2,1000,2.8,2,1000.0,100.0,2026-09-23
SSRETAIL,EQ,23-Sep-2026,424.0,624.0,748.8,603.05,748.8,45735525,307457.2,729664,8679267.0,18.98,2026-09-23
SSWL,EQ,23-Sep-2026,364.8,369.5,380.0,367.8,371.95,1061277,3966.74,33894,407433.0,38.39,2026-09-23
STALLION,BE,23-Sep-2026,226.23,226.9,227.0,220.0,224.26,215192,480.45,1952,,,2026-09-23
STANLEY,EQ,23-Sep-2026,135.43,136.43,137.95,135.0,137.43,34505,47.28,850,20263.0,58.72,2026-09-23
STAR,EQ,23-Sep-2026,1217.4,1217.0,1242.2,1217.0,1223.3,153250,1884.54,12742,70552.0,46.04,2026-09-23
STARCEMENT,EQ,23-Sep-2026,189.51,189.35,190.99,187.71,189.23,84627,160.31,2114,39790.0,47.02,2026-09-23
STARHEALTH,EQ,23-Sep-2026,544.6,544.6,551.9,542.0,549.2,664468,3644.35,42077,444694.0,66.92,2026-09-23
STARPAPER,EQ,23-Sep-2026,156.79,157.71,158.0,155.3,156.27,2666,4.18,79,1655.0,62.08,2026-09-23
STARTECK,EQ,23-Sep-2026,242.0,268.0,268.0,250.1,253.85,621,1.6,53,489.0,78.74,2026-09-23
STCINDIA,EQ,23-Sep-2026,111.06,111.85,113.0,111.25,111.98,15098,16.93,296,8498.0,56.29,2026-09-23
STEAMHOUSE,EQ,23-Sep-2026,112.02,112.31,113.55,109.55,110.73,7268558,8118.63,44953,2122281.0,29.2,2026-09-23
STEELCAS,EQ,23-Sep-2026,350.15,350.85,361.0,346.55,359.7,268681,954.14,11312,139557.0,51.94,2026-09-23
STEELCITY,EQ,23-Sep-2026,85.59,84.23,86.0,83.1,84.82,8558,7.23,211,5864.0,68.52,2026-09-23
STEELXIND,EQ,23-Sep-2026,11.18,11.21,12.84,11.21,12.01,43409817,5331.69,54619,9577821.0,22.06,2026-09-23
STEL,EQ,23-Sep-2026,663.55,684.0,684.0,617.95,640.6,11945,77.65,864,5608.0,46.95,2026-09-23
STERTOOLS,BE,23-Sep-2026,223.02,225.0,228.88,220.1,221.96,16156,35.97,214,,,2026-09-23
STLNETWORK,EQ,23-Sep-2026,47.34,49.65,49.7,48.5,49.7,3086717,1530.54,2131,2283887.0,73.99,2026-09-23
STLSTRINF,EQ,23-Sep-2026,23.16,25.4,25.4,23.65,24.01,14638,3.5,115,10588.0,72.33,2026-09-23
STLTECH,BE,23-Sep-2026,839.55,839.5,870.95,821.25,867.1,1292464,11022.09,38987,,,2026-09-23
STOVEKRAFT,EQ,23-Sep-2026,827.8,834.85,842.9,818.4,829.1,130160,1080.65,10773,69719.0,53.56,2026-09-23
STRIDERS,SM,23-Sep-2026,53.25,54.9,62.75,50.0,51.35,212800,116.44,102,92800.0,43.61,2026-09-23
STUDDS,EQ,23-Sep-2026,421.45,422.0,424.8,412.7,415.75,54012,225.11,4191,37586.0,69.59,2026-09-23
STUDIOLSD,SM,23-Sep-2026,8.85,9.1,9.1,8.7,8.8,48000,4.25,24,46000.0,95.83,2026-09-23
STYL,EQ,23-Sep-2026,361.25,360.05,366.2,358.05,359.8,39184,141.68,2134,22870.0,58.37,2026-09-23
STYLAMIND,EQ,23-Sep-2026,3309.4,3400.0,3423.3,3325.1,3355.6,88259,2979.55,15697,39129.0,44.33,2026-09-23
STYLEBAAZA,EQ,23-Sep-2026,375.05,367.3,385.2,363.1,378.05,1367688,5100.48,17041,714119.0,52.21,2026-09-23
STYRENIX,EQ,23-Sep-2026,2078.3,2078.3,2154.1,2077.6,2130.1,28464,605.69,4536,13290.0,46.69,2026-09-23
SUBAHOTELS,SM,23-Sep-2026,90.05,91.0,92.0,90.25,92.0,9600,8.75,8,7200.0,75.0,2026-09-23
SUBEXLTD,EQ,23-Sep-2026,19.37,19.5,22.8,19.48,22.08,70960363,15449.38,258222,11590796.0,16.33,2026-09-23
SUBROS,EQ,23-Sep-2026,720.65,725.0,742.0,721.6,731.5,52234,383.05,3810,19664.0,37.65,2026-09-23
SUDARCOLOR,EQ,23-Sep-2026,390.2,392.05,394.95,386.7,390.7,2976,11.65,192,1703.0,57.22,2026-09-23
SUDARSCHEM,EQ,23-Sep-2026,1230.3,1234.2,1257.5,1229.1,1236.9,71876,894.87,6017,33889.0,47.15,2026-09-23
SUDEEPPHRM,EQ,23-Sep-2026,1197.1,1197.0,1210.0,1172.3,1199.6,209732,2499.36,13259,139411.0,66.47,2026-09-23
SUKHJITS,EQ,23-Sep-2026,161.0,163.3,163.98,160.69,162.58,9597,15.57,471,6659.0,69.39,2026-09-23
SULA,EQ,23-Sep-2026,135.48,135.48,138.38,135.48,137.76,171641,235.63,3669,80688.0,47.01,2026-09-23
SUMAX,SM,23-Sep-2026,108.0,109.85,111.0,105.3,106.6,93600,100.49,69,72000.0,76.92,2026-09-23
SUMEDHA,EQ,23-Sep-2026,44.04,44.85,45.0,44.0,44.08,2063,0.91,19,2061.0,99.9,2026-09-23
SUMEETINDS,EQ,23-Sep-2026,10.53,11.05,11.05,11.05,11.05,175844,19.43,75,175844.0,100.0,2026-09-23
SUMICHEM,EQ,23-Sep-2026,457.5,459.95,468.0,455.4,464.2,370058,1713.7,17778,218414.0,59.02,2026-09-23
SUMIT,EQ,23-Sep-2026,50.06,51.8,51.8,48.25,49.91,9795,4.88,217,7372.0,75.26,2026-09-23
SUMMITSEC,EQ,23-Sep-2026,1404.0,1410.0,1410.0,1385.0,1403.7,1357,18.99,290,997.0,73.47,2026-09-23
SUNCLAY,EQ,23-Sep-2026,1252.5,1276.7,1276.7,1250.1,1253.9,1684,21.19,180,1087.0,64.55,2026-09-23
SUNDARAM,EQ,23-Sep-2026,1.17,1.19,1.19,1.17,1.17,203956,2.4,252,184054.0,90.24,2026-09-23
SUNDARMFIN,EQ,23-Sep-2026,4751.9,4729.2,4741.5,4640.0,4654.9,52156,2439.75,13913,35078.0,67.26,2026-09-23
SUNDRMBRAK,BE,23-Sep-2026,690.85,676.9,686.5,672.0,676.55,2007,13.59,77,,,2026-09-23
SUNDRMFAST,EQ,23-Sep-2026,1190.9,1190.9,1199.8,1179.8,1185.4,277085,3286.26,11183,245335.0,88.54,2026-09-23
SUNDROP,EQ,23-Sep-2026,742.35,748.9,756.65,725.0,744.3,36238,268.62,1751,18368.0,50.69,2026-09-23
SUNFLAG,EQ,23-Sep-2026,355.05,356.9,390.55,356.55,390.55,912957,3473.54,13926,517001.0,56.63,2026-09-23
SUNLITE,SM,23-Sep-2026,634.15,635.0,649.45,600.0,613.95,37800,237.23,95,30000.0,79.37,2026-09-23
SUNPHARMA,EQ,23-Sep-2026,1846.4,1846.4,1869.6,1844.0,1865.0,902514,16775.14,66824,655205.0,72.6,2026-09-23
SUNRAKSHAK,EQ,23-Sep-2026,364.85,363.1,370.0,362.5,366.6,9864,36.11,230,7829.0,79.37,2026-09-23
SUNREST,SM,23-Sep-2026,38.45,38.45,38.45,38.45,38.45,1600,0.62,1,1600.0,100.0,2026-09-23
SUNSHIEL,EQ,23-Sep-2026,1192.0,1191.8,1215.0,1160.0,1164.3,2201,25.94,328,1373.0,62.38,2026-09-23
SUNSHINE,EQ,23-Sep-2026,440.4,441.0,456.0,437.35,441.45,585436,2600.09,7992,247251.0,42.23,2026-09-23
SUNTECH,SM,23-Sep-2026,37.6,38.0,38.0,37.9,37.9,12800,4.86,7,8000.0,62.5,2026-09-23
SUNTECK,EQ,23-Sep-2026,287.9,289.2,294.85,288.0,290.1,90649,264.07,3525,42406.0,46.78,2026-09-23
SUNTV,EQ,23-Sep-2026,490.1,490.1,503.3,485.6,490.2,1771617,8716.77,42628,1003242.0,56.63,2026-09-23
SUPERHOUSE,EQ,23-Sep-2026,169.17,172.0,173.0,167.5,168.47,7485,12.71,209,5051.0,67.48,2026-09-23
SUPERSPIN,BE,23-Sep-2026,7.4,7.42,7.71,7.16,7.57,8199,0.61,44,,,2026-09-23
SUPRAJIT,EQ,23-Sep-2026,483.45,483.45,491.55,481.6,485.05,28891,140.7,2722,15869.0,54.93,2026-09-23
SUPREME,EQ,23-Sep-2026,32.19,32.6,33.53,31.21,31.97,71938,23.58,443,64002.0,88.97,2026-09-23
SUPREMEENG,BZ,23-Sep-2026,3.72,3.79,3.79,3.79,3.79,257823,9.77,112,,,2026-09-23
SUPREMEIND,EQ,23-Sep-2026,3460.5,3477.8,3513.0,3465.1,3497.1,78063,2722.09,12744,42768.0,54.79,2026-09-23
SUPREMEINF,EQ,23-Sep-2026,80.5,84.89,84.89,80.61,81.0,12781,10.43,221,8875.0,69.44,2026-09-23
SUPREMEPWR,SM,23-Sep-2026,203.45,203.0,207.55,201.05,205.35,47500,97.04,94,28000.0,58.95,2026-09-23
SUPRIYA,EQ,23-Sep-2026,939.1,945.05,1005.0,945.05,1000.9,1007970,9992.49,55390,282057.0,27.98,2026-09-23
SUPTANERY,BE,23-Sep-2026,10.15,10.3,10.65,10.2,10.65,334986,35.36,658,,,2026-09-23
SURAJEST,EQ,23-Sep-2026,217.0,216.5,222.2,213.9,220.41,208291,455.94,3809,91304.0,43.83,2026-09-23
SURAJLTD,EQ,23-Sep-2026,202.41,203.43,203.43,197.01,197.01,430,0.86,30,271.0,63.02,2026-09-23
SURAKSHA,EQ,23-Sep-2026,353.4,359.0,359.0,346.0,355.35,72845,257.4,3142,36923.0,50.69,2026-09-23
SURANASOL,EQ,23-Sep-2026,25.53,25.74,25.9,25.11,25.86,25081,6.4,344,18756.0,74.78,2026-09-23
SURANAT&P,EQ,23-Sep-2026,16.19,16.05,16.4,15.9,16.04,67954,10.88,676,53640.0,78.94,2026-09-23
SURANI,SM,23-Sep-2026,100.0,100.0,100.0,96.05,96.05,5000,4.87,15,5000.0,100.0,2026-09-23
SURYALA,EQ,23-Sep-2026,390.8,394.75,409.9,382.15,400.05,933,3.72,34,923.0,98.93,2026-09-23
SURYALAXMI,EQ,23-Sep-2026,57.4,57.22,60.0,57.22,58.82,5497,3.24,113,4411.0,80.24,2026-09-23
SURYAROSNI,EQ,23-Sep-2026,212.05,212.7,215.5,212.05,214.64,307551,658.69,7698,167882.0,54.59,2026-09-23
SURYODAY,EQ,23-Sep-2026,146.4,146.95,149.9,146.6,149.3,157818,234.48,2629,90014.0,57.04,2026-09-23
SUTLEJTEX,BE,23-Sep-2026,38.92,38.86,39.0,38.12,38.95,9324,3.61,46,,,2026-09-23
SUVEN,EQ,23-Sep-2026,335.45,337.0,343.95,336.8,341.85,276928,946.55,7196,166399.0,60.09,2026-09-23
SUVIDHAA,EQ,23-Sep-2026,2.22,2.24,2.4,2.16,2.19,155367,3.49,233,81374.0,52.38,2026-09-23
SUYOG,EQ,23-Sep-2026,644.65,650.6,676.0,649.05,671.55,15611,104.36,1133,10025.0,64.22,2026-09-23
SUZLON,EQ,23-Sep-2026,43.0,43.0,43.21,41.62,42.39,99322778,41876.85,146954,46225856.0,46.54,2026-09-23
SVGLOBAL,EQ,23-Sep-2026,155.6,161.9,163.0,146.55,151.93,4466,6.92,143,3291.0,73.69,2026-09-23
SVLL,EQ,23-Sep-2026,867.65,895.0,895.0,840.0,861.3,4492,38.52,144,4058.0,90.34,2026-09-23
SVPGLOB,EQ,23-Sep-2026,3.34,3.35,3.47,3.21,3.35,40480,1.34,69,36392.0,89.9,2026-09-23
SWANCORP,EQ,23-Sep-2026,302.75,302.15,304.95,299.1,300.05,775263,2337.57,14508,209532.0,27.03,2026-09-23
SWANDEF,BE,23-Sep-2026,2722.0,2769.9,2804.9,2720.0,2776.2,36316,1008.15,1170,,,2026-09-23
SWARAJ,BE,23-Sep-2026,292.55,290.05,307.15,290.05,307.15,102638,313.66,549,,,2026-09-23
SWARAJENG,EQ,23-Sep-2026,3556.0,3557.0,3581.9,3550.0,3559.3,4678,166.43,864,2804.0,59.94,2026-09-23
SWARNSAR,EQ,23-Sep-2026,39.69,38.21,44.5,38.21,42.04,36942,15.37,194,33628.0,91.03,2026-09-23
SWELECTES,EQ,23-Sep-2026,564.95,560.05,589.0,560.0,581.85,10914,63.16,887,5921.0,54.25,2026-09-23
SWIGGY,EQ,23-Sep-2026,284.05,284.3,289.65,276.65,278.5,18748823,52645.2,152490,8732451.0,46.58,2026-09-23
SWISSMLTRY,BE,23-Sep-2026,14.39,14.5,14.6,13.9,14.03,120242,16.96,388,,,2026-09-23
SWSOLAR,EQ,23-Sep-2026,178.42,179.26,181.8,178.22,180.76,1333410,2407.49,13979,581852.0,43.64,2026-09-23
SYMBIOTEC,EQ,23-Sep-2026,1120.9,1127.0,1128.2,1051.65,1062.0,1444410,15574.86,72182,484714.0,33.56,2026-09-23
SYMPHONY,EQ,23-Sep-2026,590.55,594.0,596.0,586.0,592.6,39027,230.67,2150,20210.0,51.78,2026-09-23
SYNCOMF,EQ,23-Sep-2026,20.4,20.57,20.67,19.8,20.01,5293142,1066.7,9863,2250725.0,42.52,2026-09-23
SYNGENE,EQ,23-Sep-2026,377.5,379.4,386.85,375.15,381.85,369046,1411.13,12673,144607.0,39.18,2026-09-23
SYNOPTICS,ST,23-Sep-2026,47.25,44.9,44.9,44.9,44.9,600,0.27,1,600.0,100.0,2026-09-23
SYRMA,EQ,23-Sep-2026,1741.8,1750.3,1750.3,1702.1,1719.4,1400218,24162.94,88776,430598.0,30.75,2026-09-23
SYSTANGO,SM,23-Sep-2026,226.0,224.1,224.1,221.0,221.1,15200,33.74,35,9200.0,60.53,2026-09-23
SYSTMTXC,BE,23-Sep-2026,76.3,77.0,77.79,77.0,77.5,2857,2.21,52,,,2026-09-23
TAALTECH,EQ,23-Sep-2026,1185.4,1151.4,1174.7,1080.3,1094.8,101517,1139.06,10298,43257.0,42.61,2026-09-23
TAC,ST,23-Sep-2026,500.25,513.0,513.0,491.05,494.2,23800,118.05,83,22000.0,92.44,2026-09-23
TAINWALCHM,EQ,23-Sep-2026,219.29,218.02,222.0,212.29,214.31,2583,5.61,83,2181.0,84.44,2026-09-23
TAJGVK,EQ,23-Sep-2026,328.85,327.65,333.0,327.3,329.9,47479,156.81,2051,25420.0,53.54,2026-09-23
TAKE,EQ,23-Sep-2026,15.84,16.11,16.39,15.75,15.86,271857,43.41,649,237552.0,87.38,2026-09-23
TALBROAUTO,EQ,23-Sep-2026,475.3,474.7,482.6,465.15,466.9,206297,973.33,8726,89256.0,43.27,2026-09-23
TAMBOLIIN,BE,23-Sep-2026,289.95,284.2,304.4,284.2,296.6,4428,13.29,35,,,2026-09-23
TANAA,EQ,23-Sep-2026,367.05,366.7,375.0,347.1,352.45,183283,664.12,8466,67605.0,36.89,2026-09-23
TANKUP,ST,23-Sep-2026,1638.0,1629.0,1629.0,1614.0,1614.0,2500,40.54,9,2500.0,100.0,2026-09-23
TANLA,EQ,23-Sep-2026,485.35,489.45,502.7,487.3,500.4,473046,2354.69,16573,158530.0,33.51,2026-09-23
TARACHAND,EQ,23-Sep-2026,47.08,47.9,47.9,45.16,45.97,78744,36.55,731,58987.0,74.91,2026-09-23
TARAPUR,EQ,23-Sep-2026,12.08,12.08,12.22,11.88,12.16,25949,3.16,197,21958.0,84.62,2026-09-23
TARC,EQ,23-Sep-2026,130.66,130.66,131.0,128.7,129.65,322713,418.47,3024,212721.0,65.92,2026-09-23
TARIL,EQ,23-Sep-2026,280.75,280.95,289.95,280.95,289.0,1257349,3607.0,25962,544165.0,43.28,2026-09-23
TARMAT,EQ,23-Sep-2026,54.22,54.27,55.96,54.25,54.73,5172,2.84,180,3543.0,68.5,2026-09-23
TARSONS,EQ,23-Sep-2026,331.5,326.1,339.25,326.1,335.45,123431,413.47,4243,56151.0,45.49,2026-09-23
TASTYBITE,EQ,23-Sep-2026,9829.0,9823.0,10229.0,9791.0,10180.0,3654,368.6,1233,2112.0,57.8,2026-09-23
TATACAP,EQ,23-Sep-2026,341.1,349.35,352.0,343.0,350.05,3331010,11544.89,69021,1357265.0,40.75,2026-09-23
TATACHEM,EQ,23-Sep-2026,674.0,677.0,677.9,667.1,669.9,1179765,7914.49,22552,397183.0,33.67,2026-09-23
TATACOMM,EQ,23-Sep-2026,1692.4,1692.9,1708.7,1681.2,1700.6,157911,2678.26,19438,101696.0,64.4,2026-09-23
TATACONSUM,EQ,23-Sep-2026,984.1,988.4,997.1,985.0,994.3,850774,8449.33,34856,579363.0,68.1,2026-09-23
TATAELXSI,EQ,23-Sep-2026,3220.0,3220.0,3253.0,3210.0,3212.0,159930,5162.63,14498,61011.0,38.15,2026-09-23
TATAGOLD,EQ,23-Sep-2026,14.69,14.71,14.75,14.65,14.67,35154842,5169.68,50412,18185545.0,51.73,2026-09-23
TATAINVEST,EQ,23-Sep-2026,682.25,681.05,685.95,672.0,674.3,375242,2539.9,13432,128342.0,34.2,2026-09-23
TATAPOWER,EQ,23-Sep-2026,367.0,367.0,369.9,367.0,369.0,1418458,5229.25,30207,690118.0,48.65,2026-09-23
TATASTEEL,EQ,23-Sep-2026,184.97,184.88,191.5,184.87,190.82,39798327,75441.2,179963,18533584.0,46.57,2026-09-23
TATATECH,EQ,23-Sep-2026,715.55,715.55,721.25,709.0,716.45,625279,4478.17,42263,278869.0,44.6,2026-09-23
TATSILV,EQ,23-Sep-2026,22.36,22.6,22.7,22.32,22.37,33492729,7544.26,34703,11788886.0,35.2,2026-09-23
TATVA,EQ,23-Sep-2026,1744.2,1742.9,1822.0,1713.0,1778.1,100979,1814.32,10583,42525.0,42.11,2026-09-23
TAURIAN,ST,23-Sep-2026,559.65,582.0,587.6,572.0,582.0,40000,234.18,48,31200.0,78.0,2026-09-23
TBI,SM,23-Sep-2026,77.05,77.0,77.0,74.0,74.0,36000,26.95,50,31800.0,88.33,2026-09-23
TBOTEK,EQ,23-Sep-2026,1703.7,1700.0,1721.8,1700.0,1704.5,137694,2352.09,10362,80139.0,58.2,2026-09-23
TBZ,BE,23-Sep-2026,665.35,685.0,698.6,641.5,692.45,835442,5746.48,11006,,,2026-09-23
TCC,EQ,23-Sep-2026,52.62,53.55,55.0,52.5,53.89,1667565,899.42,10420,342440.0,20.54,2026-09-23
TCI,EQ,23-Sep-2026,813.45,813.45,834.95,813.45,829.75,42256,350.28,6432,27001.0,63.9,2026-09-23
TCIEXP,EQ,23-Sep-2026,486.15,488.55,512.45,488.55,505.6,22609,113.64,1888,11035.0,48.81,2026-09-23
TCIFINANCE,EQ,23-Sep-2026,15.26,15.6,15.6,14.85,15.19,9089,1.38,127,6400.0,70.41,2026-09-23
TCL,SM,23-Sep-2026,131.55,131.0,131.0,125.55,130.1,28800,37.03,36,15200.0,52.78,2026-09-23
TCPLPACK,EQ,23-Sep-2026,3833.8,3814.0,4079.1,3814.0,4003.0,13166,525.64,3732,4845.0,36.8,2026-09-23
TCS,EQ,23-Sep-2026,2105.0,2099.0,2104.2,2077.6,2089.6,2228402,46524.83,112320,1212713.0,54.42,2026-09-23
TDPOWERSYS,EQ,23-Sep-2026,756.4,760.0,783.35,752.15,765.5,1842284,14086.65,71833,727213.0,39.47,2026-09-23
TEAMGTY,EQ,23-Sep-2026,240.77,240.99,241.0,235.0,239.95,186,0.44,67,135.0,72.58,2026-09-23
TEAMLEASE,EQ,23-Sep-2026,1201.0,1210.5,1211.0,1186.6,1196.0,7971,95.23,2185,5139.0,64.47,2026-09-23
TEAMTECH,ST,23-Sep-2026,130.0,129.0,136.5,123.5,136.0,94000,123.41,40,82000.0,87.23,2026-09-23
TECH,EQ,23-Sep-2026,31.37,31.37,31.5,31.0,31.05,59892,18.61,300,45882.0,76.61,2026-09-23
TECHD,SM,23-Sep-2026,556.8,570.0,574.9,561.0,565.0,11700,66.51,38,8400.0,71.79,2026-09-23
TECHERA,SM,23-Sep-2026,151.15,153.0,158.7,153.0,158.7,43200,68.2,48,32000.0,74.07,2026-09-23
TECHLABS,SM,23-Sep-2026,120.5,117.95,121.0,115.0,115.95,40125,46.89,179,30625.0,76.32,2026-09-23
TECHM,EQ,23-Sep-2026,1551.6,1540.0,1558.0,1539.3,1557.0,851068,13203.43,49591,466585.0,54.82,2026-09-23
TECHNOCRAF,EQ,23-Sep-2026,457.5,464.0,482.55,463.05,475.65,2956605,14029.21,64973,610857.0,20.66,2026-09-23
TECHNOE,EQ,23-Sep-2026,1005.65,1005.65,1021.8,1005.65,1012.05,71021,720.46,7276,34907.0,49.15,2026-09-23
TECHNVISN,EQ,23-Sep-2026,3982.5,3982.5,4181.5,3982.5,4181.5,550,22.76,125,442.0,80.36,2026-09-23
TECILCHEM,EQ,23-Sep-2026,9.31,9.48,9.6,8.9,9.5,11556,1.08,100,7002.0,60.59,2026-09-23
TEGA,EQ,23-Sep-2026,2069.0,2067.0,2125.0,2061.5,2078.8,671454,14064.97,38882,179698.0,26.76,2026-09-23
TEJA,SM,23-Sep-2026,218.8,225.0,225.0,206.05,208.15,22800,48.46,34,10200.0,44.74,2026-09-23
TEJASNET,EQ,23-Sep-2026,516.3,517.9,525.4,511.95,521.55,890300,4629.25,23141,264454.0,29.7,2026-09-23
TEMBO,EQ,23-Sep-2026,57.36,57.63,61.48,57.3,59.31,1389438,812.1,4377,845893.0,60.88,2026-09-23
TEMPSENS,EQ,23-Sep-2026,537.1,538.0,574.45,538.0,565.65,3639393,20544.92,80978,847828.0,23.3,2026-09-23
TENNIND,EQ,23-Sep-2026,532.75,531.0,541.7,516.3,518.6,986500,5193.52,39546,466375.0,47.28,2026-09-23
TERAI,EQ,23-Sep-2026,118.0,115.0,115.0,110.7,111.36,10,0.01,3,9.0,90.0,2026-09-23
TERASOFT,EQ,23-Sep-2026,240.8,240.3,246.95,228.6,230.8,37055,87.21,1778,24240.0,65.42,2026-09-23
TEXINFRA,EQ,23-Sep-2026,115.02,118.05,126.59,117.69,123.47,2791859,3422.17,21573,734858.0,26.32,2026-09-23
TEXMOPIPES,EQ,23-Sep-2026,59.38,59.25,61.29,59.15,59.63,126916,75.87,1390,63408.0,49.96,2026-09-23
TEXRAIL,EQ,23-Sep-2026,119.2,119.75,126.7,118.0,124.75,6899587,8494.51,51627,3188616.0,46.21,2026-09-23
TFCILTD,EQ,23-Sep-2026,140.8,141.8,142.99,140.86,141.55,11104195,15712.73,32258,5713951.0,51.46,2026-09-23
TFL,EQ,23-Sep-2026,11.75,11.75,12.19,11.65,11.77,1112,0.13,37,823.0,74.01,2026-09-23
TGBHOTELS,EQ,23-Sep-2026,9.64,9.84,10.15,9.36,9.43,72038,7.09,183,43338.0,60.16,2026-09-23
TGL,ST,23-Sep-2026,14.7,14.7,14.8,14.45,14.7,26200,3.8,66,26000.0,99.24,2026-09-23
TGVSL,EQ,23-Sep-2026,107.45,106.92,109.35,106.1,108.55,171548,185.42,2684,91225.0,53.18,2026-09-23
THACKER,EQ,23-Sep-2026,1008.75,1000.0,1050.0,980.0,1008.0,18,0.18,8,18.0,100.0,2026-09-23
THAKDEV,EQ,23-Sep-2026,126.36,129.15,137.9,129.15,133.78,1517,2.04,63,637.0,41.99,2026-09-23
THANGAMAYL,EQ,23-Sep-2026,5119.5,5174.0,5349.5,5173.5,5317.0,85826,4545.62,17190,40627.0,47.34,2026-09-23
THEINVEST,EQ,23-Sep-2026,95.25,95.0,95.04,93.0,94.06,10403,9.76,282,6871.0,66.05,2026-09-23
THEJO,EQ,23-Sep-2026,2167.9,2194.3,2194.3,2151.2,2173.5,3114,67.68,399,1767.0,56.74,2026-09-23
THELEELA,EQ,23-Sep-2026,537.05,540.0,547.0,537.3,544.95,114049,620.33,11965,76252.0,66.86,2026-09-23
THEMISMED,EQ,23-Sep-2026,122.6,125.85,125.85,121.5,121.97,35037,43.13,1022,15034.0,42.91,2026-09-23
THERMAX,EQ,23-Sep-2026,3472.2,3460.1,3507.9,3445.1,3464.9,153000,5323.19,34598,85615.0,55.96,2026-09-23
THESL,ST,23-Sep-2026,13.9,14.55,14.55,14.55,14.55,6000,0.87,2,3000.0,50.0,2026-09-23
THOMASCOOK,EQ,23-Sep-2026,104.85,104.6,106.16,104.6,105.12,237088,249.63,2985,108619.0,45.81,2026-09-23
THOMASCOTT,EQ,23-Sep-2026,236.9,236.0,239.4,232.55,235.15,38180,89.98,1010,26393.0,69.13,2026-09-23
THYROCARE,EQ,23-Sep-2026,577.5,580.0,584.75,572.35,573.75,146553,845.57,9605,78640.0,53.66,2026-09-23
TI,EQ,23-Sep-2026,574.65,573.5,607.8,572.1,601.5,1593921,9470.28,41974,756434.0,47.46,2026-09-23
TICL,BE,23-Sep-2026,5.56,5.56,5.83,5.33,5.83,12226780,691.8,923,,,2026-09-23
TIGERLOGS,EQ,23-Sep-2026,26.57,26.95,27.5,26.12,26.87,123476,32.92,973,78077.0,63.23,2026-09-23
TIIL,EQ,23-Sep-2026,2983.0,3004.6,3155.3,3000.0,3019.9,47403,1452.83,9122,21203.0,44.73,2026-09-23
TIINDIA,EQ,23-Sep-2026,2574.0,2574.0,2603.0,2565.0,2578.6,135053,3494.63,10701,80149.0,59.35,2026-09-23
TIJARIA,BE,23-Sep-2026,6.87,7.15,7.15,6.53,6.53,51070,3.35,154,,,2026-09-23
TIL,BE,23-Sep-2026,248.07,245.5,260.05,245.5,259.09,96021,247.38,583,,,2026-09-23
TIMETECHNO,EQ,23-Sep-2026,180.59,181.25,183.25,180.01,181.96,3467558,6316.69,21330,467324.0,13.48,2026-09-23
TIMEX,EQ,23-Sep-2026,703.8,705.0,748.0,705.0,725.75,1193305,8727.14,61723,307115.0,25.74,2026-09-23
TIMKEN,EQ,23-Sep-2026,3178.5,3152.0,3299.0,3133.6,3287.9,55180,1786.71,10700,27201.0,49.3,2026-09-23
TINNARUBR,EQ,23-Sep-2026,1008.1,1016.5,1026.55,1000.0,1007.25,27984,282.67,2994,14218.0,50.81,2026-09-23
TIPSFILMS,EQ,23-Sep-2026,316.35,327.0,327.0,313.0,314.75,2164,6.84,207,1805.0,83.41,2026-09-23
TIPSMUSIC,EQ,23-Sep-2026,661.8,665.0,682.5,660.0,670.5,326612,2198.7,14381,149420.0,45.75,2026-09-23
TIRUMALCHM,EQ,23-Sep-2026,157.32,159.2,171.43,157.37,165.22,2671402,4439.45,30145,1133673.0,42.44,2026-09-23
TIRUPATI,SM,23-Sep-2026,293.0,307.0,307.0,307.0,307.0,125,0.38,1,125.0,100.0,2026-09-23
TIRUPATIFL,BE,23-Sep-2026,74.61,78.34,78.34,76.0,78.34,1107996,866.65,1217,,,2026-09-23
TITAGARH,EQ,23-Sep-2026,834.85,834.95,845.7,827.1,842.05,367272,3072.8,15707,97294.0,26.49,2026-09-23
TITAN,EQ,23-Sep-2026,4928.5,4928.5,4951.0,4852.5,4880.0,769737,37621.26,68371,506955.0,65.86,2026-09-23
TMB,EQ,23-Sep-2026,883.75,893.0,931.1,886.0,921.4,237718,2165.67,15922,116284.0,48.92,2026-09-23
TMCV,EQ,23-Sep-2026,440.1,442.7,452.0,438.5,450.2,11532732,51248.45,134651,7998461.0,69.35,2026-09-23
TMPV,EQ,23-Sep-2026,300.05,300.1,302.65,298.7,300.5,4683895,14107.75,56675,2007000.0,42.85,2026-09-23
TNIDETF,EQ,23-Sep-2026,88.6,88.58,88.98,88.0,88.8,67844,60.15,317,40061.0,59.05,2026-09-23
TNPETRO,EQ,23-Sep-2026,129.0,129.0,130.39,127.83,128.98,486120,628.22,11139,187090.0,38.49,2026-09-23
TNPL,EQ,23-Sep-2026,142.56,142.05,147.7,142.05,144.37,310131,449.41,3775,164952.0,53.19,2026-09-23
TNTELE,EQ,23-Sep-2026,9.11,9.15,9.6,8.42,9.06,44578,3.99,259,32859.0,73.71,2026-09-23
TOKYOPLAST,EQ,23-Sep-2026,78.4,79.0,79.5,78.0,79.4,2420,1.9,37,2162.0,89.34,2026-09-23
TOLINS,EQ,23-Sep-2026,89.6,89.7,93.0,89.48,91.58,34684,31.68,739,22914.0,66.07,2026-09-23
TOP100CASE,EQ,23-Sep-2026,10.3,10.55,10.55,10.23,10.35,794199,82.19,874,722185.0,90.93,2026-09-23
TOP10ADD,EQ,23-Sep-2026,84.53,84.69,85.09,84.44,84.58,149597,126.7,431,126619.0,84.64,2026-09-23
TOP15IETF,EQ,23-Sep-2026,9.45,9.48,9.55,9.45,9.48,134798,12.78,274,82070.0,60.88,2026-09-23
TOP20,EQ,23-Sep-2026,8.64,8.64,8.67,8.62,8.65,29905,2.59,125,17038.0,56.97,2026-09-23
TORNTPHARM,EQ,23-Sep-2026,4935.0,4924.0,4992.0,4884.0,4985.0,309574,15338.31,23927,207506.0,67.03,2026-09-23
TORNTPOWER,EQ,23-Sep-2026,1246.3,1247.1,1268.0,1247.1,1259.4,156538,1973.43,14623,98092.0,62.66,2026-09-23
TOTAL,BE,23-Sep-2026,72.19,71.99,72.0,69.01,71.5,5650,3.98,31,,,2026-09-23
TOUCHWOOD,EQ,23-Sep-2026,61.67,61.97,61.97,61.07,61.85,245,0.15,9,193.0,78.78,2026-09-23
TOYAMSL,EQ,23-Sep-2026,0.84,0.88,0.88,0.86,0.88,1227535,10.8,291,755731.0,61.56,2026-09-23
TPHQ,BE,23-Sep-2026,0.53,0.54,0.54,0.51,0.52,1868199,9.67,395,,,2026-09-23
TPLPLASTEH,EQ,23-Sep-2026,65.09,65.48,67.38,65.42,67.15,108318,71.99,1067,33388.0,30.82,2026-09-23
TRACXN,EQ,23-Sep-2026,32.69,32.8,33.32,32.69,32.95,164668,54.3,3869,106267.0,64.53,2026-09-23
TRANSCOR,EQ,23-Sep-2026,24.92,25.0,25.7,24.2,24.28,3261,0.81,91,2563.0,78.6,2026-09-23
TRANSPEK,BE,23-Sep-2026,1338.6,1315.0,1397.0,1301.0,1350.9,1174,15.86,108,,,2026-09-23
TRANSRAILL,EQ,23-Sep-2026,477.15,478.0,496.0,468.65,488.9,10396978,50353.32,171198,1189115.0,11.44,2026-09-23
TRANSTEEL,SM,23-Sep-2026,86.3,87.95,89.0,85.15,86.65,21000,18.31,21,12000.0,57.14,2026-09-23
TRANSWORLD,BE,23-Sep-2026,166.51,166.51,166.7,166.51,166.7,6992,11.65,22,,,2026-09-23
TRAVELFOOD,EQ,23-Sep-2026,1230.3,1230.0,1233.9,1204.6,1214.5,22319,271.72,4385,10821.0,48.48,2026-09-23
TREEHOUSE,EQ,23-Sep-2026,6.05,6.05,6.14,5.84,5.93,10437,0.62,72,7951.0,76.18,2026-09-23
TREJHARA,EQ,23-Sep-2026,136.21,136.97,138.97,132.1,135.22,12151,16.35,484,8340.0,68.64,2026-09-23
TREL,EQ,23-Sep-2026,27.31,27.31,28.39,27.11,27.78,137169,38.25,3670,90160.0,65.73,2026-09-23
TRENT,EQ,23-Sep-2026,2782.9,2782.9,2794.4,2764.5,2774.0,839769,23323.33,36016,523154.0,62.3,2026-09-23
TRF,EQ,23-Sep-2026,216.06,215.0,221.4,214.0,216.31,9874,21.49,612,5475.0,55.45,2026-09-23
TRIDENT,EQ,23-Sep-2026,22.93,22.93,23.54,22.92,23.42,5005602,1167.03,14034,1896625.0,37.89,2026-09-23
TRIDHYA,SM,23-Sep-2026,6.95,6.75,7.05,6.75,7.05,6000,0.41,2,3000.0,50.0,2026-09-23
TRIGYN,EQ,23-Sep-2026,55.76,55.98,58.1,55.51,56.14,14943,8.43,346,7794.0,52.16,2026-09-23
TRITONV,EQ,23-Sep-2026,1080.1,1062.1,1160.0,1062.1,1133.8,4857,54.85,667,2984.0,61.44,2026-09-23
TRITURBINE,EQ,23-Sep-2026,550.3,553.9,563.85,552.85,562.1,304911,1703.2,41226,147343.0,48.32,2026-09-23
TRIVENI,EQ,23-Sep-2026,239.55,239.5,246.9,238.8,242.35,289387,704.03,6540,131427.0,45.42,2026-09-23
TROM,SM,23-Sep-2026,54.9,56.95,56.95,53.75,54.1,4800,2.61,8,3600.0,75.0,2026-09-23
TRU,EQ,23-Sep-2026,4.17,4.17,4.26,4.15,4.23,26307,1.1,142,17906.0,68.07,2026-09-23
TRUALT,EQ,23-Sep-2026,414.45,418.7,445.0,415.2,438.9,864019,3670.02,11442,618281.0,71.56,2026-09-23
TRUST,SM,23-Sep-2026,26.2,27.0,27.3,26.2,26.5,6600,1.76,10,5400.0,81.82,2026-09-23
TSC,ST,23-Sep-2026,54.0,51.3,52.05,51.3,52.05,12000,6.17,6,12000.0,100.0,2026-09-23
TSFINV,EQ,23-Sep-2026,461.35,465.0,465.7,458.0,462.05,66149,305.36,6364,43375.0,65.57,2026-09-23
TTKHLTCARE,EQ,23-Sep-2026,1050.2,1054.1,1070.3,1046.7,1051.2,24101,254.73,2397,12491.0,51.83,2026-09-23
TTKPRESTIG,EQ,23-Sep-2026,517.15,519.15,528.0,517.15,525.8,43374,226.97,4762,27078.0,62.43,2026-09-23
TTL,EQ,23-Sep-2026,7.29,7.02,7.5,7.02,7.26,413643,29.96,458,262199.0,63.39,2026-09-23
TTML,EQ,23-Sep-2026,35.62,35.64,36.09,35.5,35.63,1081213,386.35,6041,396778.0,36.7,2026-09-23
TUNWAL,SM,23-Sep-2026,25.2,25.35,25.9,25.35,25.65,70000,17.93,27,46000.0,65.71,2026-09-23
TURTLEMINT,EQ,23-Sep-2026,140.23,141.36,143.37,135.0,136.3,1014985,1414.9,14169,467718.0,46.08,2026-09-23
TUTIALKA,EQ,23-Sep-2026,55.34,55.34,57.49,55.0,55.64,5587,3.14,106,4102.0,73.42,2026-09-23
TVSELECT,EQ,23-Sep-2026,391.15,390.0,400.0,390.0,391.8,46174,182.67,2239,24294.0,52.61,2026-09-23
TVSHLTD,EQ,23-Sep-2026,12543.0,12545.0,12668.0,12361.0,12591.0,4611,577.96,2066,2317.0,50.25,2026-09-23
TVSMOTOR,EQ,23-Sep-2026,4140.0,4130.2,4164.8,4100.4,4135.0,862827,35652.43,48904,584907.0,67.79,2026-09-23
TVSSCS,EQ,23-Sep-2026,132.31,132.02,134.45,131.72,132.48,614308,815.8,8695,286978.0,46.72,2026-09-23
TVSSRICHAK,EQ,23-Sep-2026,4650.0,4651.5,4730.0,4620.5,4651.0,5138,240.73,1243,2374.0,46.2,2026-09-23
TVTODAY,EQ,23-Sep-2026,107.67,109.85,110.7,107.15,107.7,57092,61.67,584,46984.0,82.3,2026-09-23
TVVISION,BE,23-Sep-2026,2.78,2.91,2.91,2.84,2.91,92299,2.68,93,,,2026-09-23
TWCGOLDETF,EQ,23-Sep-2026,150.57,151.0,151.68,149.82,150.51,32309,48.63,312,32052.0,99.2,2026-09-23
UBL,EQ,23-Sep-2026,1215.2,1215.0,1248.1,1215.0,1242.3,61203,756.46,6502,29905.0,48.86,2026-09-23
UCAL,BE,23-Sep-2026,145.12,144.0,145.9,141.2,143.56,9052,12.89,111,,,2026-09-23
UCL,ST,23-Sep-2026,225.9,221.4,221.4,221.4,221.4,44000,97.42,6,44000.0,100.0,2026-09-23
UCOBANK,EQ,23-Sep-2026,23.72,23.7,24.12,23.7,24.04,3219016,771.26,13572,1496580.0,46.49,2026-09-23
UDAYJEW,EQ,23-Sep-2026,148.87,148.87,156.5,148.87,153.87,102864,158.43,886,48606.0,47.25,2026-09-23
UDS,EQ,23-Sep-2026,198.14,198.1,208.7,198.1,205.27,135877,278.56,3161,74093.0,54.53,2026-09-23
UEL,EQ,23-Sep-2026,191.3,190.1,198.0,186.4,191.86,24169,46.39,912,9643.0,39.9,2026-09-23
UFBL,BE,23-Sep-2026,720.3,711.0,730.0,711.0,722.1,12015,86.52,874,,,2026-09-23
UFLEX,EQ,23-Sep-2026,648.15,651.4,675.0,650.0,670.45,150879,1007.62,5920,76030.0,50.39,2026-09-23
UFO,EQ,23-Sep-2026,60.64,61.2,61.5,60.11,60.64,36229,22.08,356,25106.0,69.3,2026-09-23
UGARSUGAR,EQ,23-Sep-2026,55.35,55.36,58.64,55.36,57.22,915900,526.09,9712,378435.0,41.32,2026-09-23
UGROCAP,EQ,23-Sep-2026,82.74,82.64,85.7,82.64,84.29,156479,132.07,2142,77625.0,49.61,2026-09-23
UHTL,ST,23-Sep-2026,195.8,199.7,199.7,199.7,199.7,12000,23.96,6,12000.0,100.0,2026-09-23
UJJIVANSFB,EQ,23-Sep-2026,64.74,64.5,66.34,64.5,66.01,6091985,4002.92,30239,3113420.0,51.11,2026-09-23
ULTRACEMCO,EQ,23-Sep-2026,11000.0,11050.0,11198.0,11044.0,11155.0,218031,24279.23,22558,151470.0,69.47,2026-09-23
ULTRAMAR,EQ,23-Sep-2026,423.9,427.4,441.3,422.6,439.15,52370,227.77,2634,35672.0,68.12,2026-09-23
UMAEXPORTS,BE,23-Sep-2026,20.01,20.41,20.41,20.41,20.41,1774,0.36,9,,,2026-09-23
UMESLTD,EQ,23-Sep-2026,4.57,4.3,4.67,4.3,4.6,40679,1.86,129,33944.0,83.44,2026-09-23
UMIYA-MRO,EQ,23-Sep-2026,97.29,97.5,97.5,94.5,95.1,11302,10.84,386,8468.0,74.92,2026-09-23
UNICHEMLAB,EQ,23-Sep-2026,538.75,539.0,576.0,539.0,573.2,294887,1671.58,12643,98251.0,33.32,2026-09-23
UNIDT,EQ,23-Sep-2026,212.42,211.0,254.9,211.0,235.24,330560,790.65,4432,205835.0,62.27,2026-09-23
UNIECOM,EQ,23-Sep-2026,86.32,85.24,86.3,82.97,83.26,516602,434.33,6381,254977.0,49.36,2026-09-23
UNIENTER,EQ,23-Sep-2026,91.15,91.1,91.15,89.5,91.09,5224,4.73,71,3037.0,58.14,2026-09-23
UNIHEALTH,SM,23-Sep-2026,651.85,649.0,649.0,612.0,626.85,30500,191.83,55,22500.0,73.77,2026-09-23
UNIINFO,EQ,23-Sep-2026,11.45,11.4,11.4,11.4,11.4,1,0.0,1,1.0,100.0,2026-09-23
UNILEX,SM,23-Sep-2026,27.0,28.0,30.5,28.0,30.3,22400,6.64,14,17600.0,78.57,2026-09-23
UNIMECH,EQ,23-Sep-2026,1732.5,1765.4,1777.0,1710.2,1716.1,221674,3858.34,23318,95816.0,43.22,2026-09-23
UNIONBANK,EQ,23-Sep-2026,178.0,178.0,180.55,178.0,180.0,5681838,10193.77,37745,2709656.0,47.69,2026-09-23
UNIONGOLD,EQ,23-Sep-2026,147.9,147.9,150.0,147.4,147.4,1434,2.12,46,608.0,42.4,2026-09-23
UNIPARTS,EQ,23-Sep-2026,851.7,860.1,872.65,849.55,861.2,120514,1037.6,8708,67907.0,56.35,2026-09-23
UNITDSPR,EQ,23-Sep-2026,1398.0,1398.0,1442.0,1397.1,1441.0,767514,10972.0,34554,281153.0,36.63,2026-09-23
UNITECH,EQ,23-Sep-2026,4.09,4.1,4.23,4.09,4.17,2708184,112.94,1636,1731983.0,63.95,2026-09-23
UNITEDPOLY,EQ,23-Sep-2026,45.57,46.74,46.75,45.05,45.94,112261,51.65,670,94020.0,83.75,2026-09-23
UNITEDTEA,EQ,23-Sep-2026,427.35,427.4,432.35,424.05,428.0,840,3.59,53,813.0,96.79,2026-09-23
UNIVASTU,BE,23-Sep-2026,148.17,148.17,152.0,145.0,145.71,36599,54.13,311,,,2026-09-23
UNIVCABLES,EQ,23-Sep-2026,1478.2,1482.0,1519.9,1470.4,1508.8,62316,932.83,5404,29336.0,47.08,2026-09-23
UNIVPHOTO,BE,23-Sep-2026,589.65,585.0,595.0,575.05,577.05,1036,6.07,60,,,2026-09-23
UNOMINDA,EQ,23-Sep-2026,1226.0,1235.0,1244.9,1220.3,1223.1,742953,9185.25,28216,489718.0,65.92,2026-09-23
UPHOT,EQ,23-Sep-2026,1507.8,1475.0,1500.0,1475.0,1500.0,29,0.43,4,29.0,100.0,2026-09-23
UPL,EQ,23-Sep-2026,559.9,557.6,560.45,550.1,553.15,3211815,17801.11,40208,2214905.0,68.96,2026-09-23
URAVIDEF,BE,23-Sep-2026,104.9,104.9,104.9,104.15,104.15,1912,1.99,33,,,2026-09-23
URBAN,SM,23-Sep-2026,116.6,117.2,119.0,117.05,117.05,14400,16.97,18,11200.0,77.78,2026-09-23
URBANCO,EQ,23-Sep-2026,174.21,174.35,177.77,171.9,172.73,5282197,9198.76,42602,2258955.0,42.77,2026-09-23
URJA,EQ,23-Sep-2026,9.04,9.05,9.15,9.0,9.05,485177,43.94,1892,306663.0,63.21,2026-09-23
USHAFIN,SM,23-Sep-2026,51.0,51.0,54.5,51.0,54.15,43200,23.25,21,30400.0,70.37,2026-09-23
USHAMART,EQ,23-Sep-2026,531.3,533.1,536.5,523.65,535.05,1681147,8935.82,28494,1041251.0,61.94,2026-09-23
USK,EQ,23-Sep-2026,19.97,19.97,20.5,19.7,19.85,26310,5.25,1857,24388.0,92.69,2026-09-23
UTIAMC,EQ,23-Sep-2026,919.95,921.55,926.35,907.5,909.95,46356,423.59,5460,23476.0,50.64,2026-09-23
UTKAL,SM,23-Sep-2026,49.95,50.0,50.5,50.0,50.25,10000,5.02,4,10000.0,100.0,2026-09-23
UTKARSHBNK,EQ,23-Sep-2026,13.88,13.81,14.17,13.81,14.07,4419587,618.26,4439,2215923.0,50.14,2026-09-23
UTLSOLAR,EQ,23-Sep-2026,434.6,438.0,461.0,431.0,446.1,253333,1114.64,14447,109433.0,43.2,2026-09-23
UTSSAV,SM,23-Sep-2026,652.35,650.5,659.5,640.0,653.25,58200,378.5,71,34800.0,59.79,2026-09-23
UTTAMSUGAR,EQ,23-Sep-2026,258.25,260.0,272.35,256.35,266.35,222196,592.46,5183,109787.0,49.41,2026-09-23
UYFINCORP,BE,23-Sep-2026,19.15,19.15,19.75,19.15,19.51,74519,14.5,165,,,2026-09-23
V2RETAIL,EQ,23-Sep-2026,213.18,213.18,216.9,212.49,215.63,622820,1337.99,11931,417020.0,66.96,2026-09-23
VADILALIND,EQ,23-Sep-2026,7598.0,7680.0,7680.0,7452.5,7492.0,12252,922.41,4471,4069.0,33.21,2026-09-23
VADILENT,EQ,23-Sep-2026,10350.0,10380.0,10380.0,10370.0,10370.0,76,7.88,2,76.0,100.0,2026-09-23
VAIBHAVGBL,EQ,23-Sep-2026,208.18,208.05,212.0,208.0,209.49,196618,412.81,5476,104684.0,53.24,2026-09-23
VAISHALI,EQ,23-Sep-2026,8.58,8.41,8.97,8.35,8.45,200416,16.91,415,140087.0,69.9,2026-09-23
VAKRANGEE,EQ,23-Sep-2026,5.26,5.32,5.37,5.25,5.35,809142,43.1,1425,544268.0,67.26,2026-09-23
VAL30IETF,EQ,23-Sep-2026,14.84,14.81,15.04,14.81,15.0,86708,12.98,450,53518.0,61.72,2026-09-23
VALIANTLAB,BE,23-Sep-2026,126.56,128.65,129.0,120.24,121.24,100822,125.99,603,,,2026-09-23
VALIANTORG,EQ,23-Sep-2026,418.35,410.1,428.0,410.1,420.8,71996,303.09,2063,53545.0,74.37,2026-09-23
VALUE,EQ,23-Sep-2026,15.79,15.83,15.95,15.82,15.94,5761,0.92,51,3380.0,58.67,2026-09-23
VALUE360,SM,23-Sep-2026,61.25,62.0,62.1,61.95,62.05,9600,5.95,8,8400.0,87.5,2026-09-23
VALUEAXIS,EQ,23-Sep-2026,32.04,32.36,32.64,32.2,32.48,34078,11.05,216,26471.0,77.68,2026-09-23
VAML,EQ,23-Sep-2026,425.35,425.75,440.95,425.75,436.3,11194115,48896.23,128985,6929186.0,61.9,2026-09-23
VARDHACRLC,BE,23-Sep-2026,44.38,44.0,44.94,43.55,44.48,13023,5.76,104,,,2026-09-23
VARDMNPOLY,EQ,23-Sep-2026,5.8,5.93,5.95,5.77,5.91,142333,8.34,353,109386.0,76.85,2026-09-23
VARROC,EQ,23-Sep-2026,864.5,866.55,877.85,832.25,836.5,317228,2692.99,21530,139461.0,43.96,2026-09-23
VASCONEQ,EQ,23-Sep-2026,31.44,31.44,33.46,31.4,32.99,942948,308.17,3874,570597.0,60.51,2026-09-23
VASUPRADA,EQ,23-Sep-2026,100.0,100.0,100.0,95.05,95.05,31,0.03,2,31.0,100.0,2026-09-23
VASWANI,EQ,23-Sep-2026,45.61,46.39,49.5,44.6,45.68,300339,141.1,3517,80789.0,26.9,2026-09-23
VBL,EQ,23-Sep-2026,430.0,430.1,438.6,429.75,436.15,4205329,18329.5,44329,2443766.0,58.11,2026-09-23
VCL,BE,23-Sep-2026,1.6,1.6,1.64,1.52,1.52,770755,11.82,362,,,2026-09-23
VDEAL,SM,23-Sep-2026,122.6,122.6,125.0,118.7,121.6,13800,16.73,23,12000.0,86.96,2026-09-23
VEDAVAAG,EQ,23-Sep-2026,21.8,22.75,22.75,21.23,22.16,14206,3.13,123,11110.0,78.21,2026-09-23
VEDL,EQ,23-Sep-2026,263.0,262.8,271.35,262.2,271.0,11735115,31540.83,79925,5817386.0,49.57,2026-09-23
VEDPOWER,EQ,23-Sep-2026,31.07,31.29,33.44,31.28,32.98,28255830,9271.33,79057,9711088.0,34.37,2026-09-23
VEEDOL,EQ,23-Sep-2026,1369.9,1376.4,1384.0,1360.0,1365.8,11106,152.14,1636,6842.0,61.61,2026-09-23
VEEGALAND,BE,23-Sep-2026,139.84,139.99,144.0,139.99,142.87,939901,1338.53,4641,,,2026-09-23
VEEKAYEM,SM,23-Sep-2026,100.85,102.5,102.55,102.0,102.25,2500,2.56,4,2500.0,100.0,2026-09-23
VELJAN,BE,23-Sep-2026,1996.7,2055.0,2065.3,2005.0,2051.2,608,12.44,83,,,2026-09-23
VENKEYS,EQ,23-Sep-2026,1675.9,1675.1,1741.9,1672.1,1692.2,64935,1111.43,7419,24224.0,37.3,2026-09-23
VENTIVE,EQ,23-Sep-2026,579.6,579.6,582.0,572.1,578.35,11148,64.23,880,5520.0,49.52,2026-09-23
VENUSPIPES,EQ,23-Sep-2026,2223.3,2224.0,2297.8,2204.0,2235.5,156866,3522.88,17260,55026.0,35.08,2026-09-23
VENUSREM,EQ,23-Sep-2026,1611.5,1603.4,1679.3,1603.4,1643.7,33367,549.25,2409,19304.0,57.85,2026-09-23
VERANDA,EQ,23-Sep-2026,230.13,230.0,237.0,227.04,231.5,333658,778.07,6095,205279.0,61.52,2026-09-23
VERTIS,IV,23-Sep-2026,114.5,115.75,115.75,115.75,115.75,375000,434.06,15,375000.0,100.0,2026-09-23
VERTOZ,EQ,23-Sep-2026,36.89,36.5,37.95,36.5,36.84,20416,7.56,259,18515.0,90.69,2026-09-23
VESUVIUS,EQ,23-Sep-2026,392.75,391.0,399.45,391.0,396.1,91924,364.45,7564,56921.0,61.92,2026-09-23
VETO,EQ,23-Sep-2026,139.57,141.44,150.0,137.05,145.57,239302,345.75,3428,125764.0,52.55,2026-09-23
VGCL,EQ,23-Sep-2026,46.9,47.0,48.99,46.25,47.18,3369,1.6,223,3325.0,98.69,2026-09-23
VGINFOTECH,SM,23-Sep-2026,138.7,140.95,140.95,139.0,140.05,17000,23.83,16,13000.0,76.47,2026-09-23
VGL,EQ,23-Sep-2026,68.34,69.6,72.5,69.17,70.63,345260,242.94,1636,131242.0,38.01,2026-09-23
VGUARD,EQ,23-Sep-2026,320.5,320.5,320.5,314.3,316.4,338894,1071.93,14775,205584.0,60.66,2026-09-23
VHL,EQ,23-Sep-2026,3342.8,3340.0,3438.0,3336.0,3383.8,409,13.83,99,201.0,49.14,2026-09-23
VHLTD,BE,23-Sep-2026,126.18,127.94,127.94,125.0,126.49,53448,67.09,145,,,2026-09-23
VIAZ,SM,23-Sep-2026,76.5,76.0,79.0,74.0,79.0,30000,23.1,11,30000.0,100.0,2026-09-23
VICTORYEV,SM,23-Sep-2026,14.15,13.75,13.8,13.75,13.75,18000,2.48,6,15000.0,83.33,2026-09-23
VIDHIING,EQ,23-Sep-2026,359.95,362.95,364.0,354.85,359.85,48059,172.44,2453,32622.0,67.88,2026-09-23
VIDYAWIRES,EQ,23-Sep-2026,84.77,84.9,89.0,84.9,88.71,1131104,988.63,8501,641873.0,56.75,2026-09-23
VIESL,SM,23-Sep-2026,374.8,375.8,378.7,368.05,370.4,39200,146.42,38,33600.0,85.71,2026-09-23
VIGOR,SM,23-Sep-2026,101.2,101.4,103.7,100.0,102.85,20800,21.11,13,19200.0,92.31,2026-09-23
VIJAYA,EQ,23-Sep-2026,1516.0,1510.0,1593.6,1505.7,1570.7,209302,3271.42,24150,78162.0,37.34,2026-09-23
VIJAYPD,SM,23-Sep-2026,65.0,63.0,65.0,63.0,65.0,16000,10.25,8,14000.0,87.5,2026-09-23
VIJIFIN,BE,23-Sep-2026,15.6,15.91,15.91,15.91,15.91,95183,15.14,64,,,2026-09-23
VIJSOLX,EQ,23-Sep-2026,638.0,638.0,638.0,632.0,632.3,52,0.33,17,48.0,92.31,2026-09-23
VIKASECO,EQ,23-Sep-2026,1.04,1.04,1.06,1.04,1.04,2459356,25.77,933,1244224.0,50.59,2026-09-23
VIKASLIFE,EQ,23-Sep-2026,1.26,1.27,1.29,1.26,1.28,1508572,19.22,7721,779228.0,51.65,2026-09-23
VIKRAMSOLR,EQ,23-Sep-2026,162.35,163.96,164.45,162.61,163.34,1102920,1802.8,11642,490897.0,44.51,2026-09-23
VIKRAN,EQ,23-Sep-2026,55.38,55.95,56.43,55.51,56.14,1212167,678.38,4729,665448.0,54.9,2026-09-23
VILAS,SM,23-Sep-2026,419.95,419.95,422.05,401.5,403.85,38750,159.44,132,27250.0,70.32,2026-09-23
VILINBIO,ST,23-Sep-2026,55.0,52.3,52.3,52.3,52.3,12000,6.28,3,12000.0,100.0,2026-09-23
VIMTALABS,EQ,23-Sep-2026,610.15,612.5,619.0,605.15,610.7,134851,824.9,7129,57084.0,42.33,2026-09-23
VINATIORGA,EQ,23-Sep-2026,1202.7,1202.0,1241.3,1199.8,1222.8,111759,1364.72,15566,52490.0,46.97,2026-09-23
VINCOFE,EQ,23-Sep-2026,174.2,174.2,185.0,171.7,183.79,2596563,4693.99,33539,1218970.0,46.95,2026-09-23
VINDHYATEL,EQ,23-Sep-2026,2865.4,2865.0,2917.0,2850.0,2864.6,39450,1136.68,5168,15645.0,39.66,2026-09-23
VINEETLAB,EQ,23-Sep-2026,34.81,35.6,35.89,34.25,34.82,48043,16.81,561,32364.0,67.36,2026-09-23
VINNY,EQ,23-Sep-2026,0.92,0.93,0.93,0.91,0.92,238328,2.2,213,225317.0,94.54,2026-09-23
VINOD,ST,23-Sep-2026,76.65,72.85,72.85,72.85,72.85,1200,0.87,1,1200.0,100.0,2026-09-23
VINSYS,ST,23-Sep-2026,582.9,585.0,600.0,580.0,587.65,7500,43.85,27,7500.0,100.0,2026-09-23
VINYAS,SM,23-Sep-2026,1589.0,1605.0,1624.0,1588.0,1599.3,17400,277.6,53,16400.0,94.25,2026-09-23
VINYLINDIA,EQ,23-Sep-2026,220.2,221.88,223.0,219.0,221.54,4415,9.76,378,3490.0,79.05,2026-09-23
VIPCLOTHNG,EQ,23-Sep-2026,21.66,21.79,21.98,21.27,21.72,52932,11.49,184,50439.0,95.29,2026-09-23
VIPIND,EQ,23-Sep-2026,297.2,297.3,300.0,296.85,298.9,158141,472.12,6688,80289.0,50.77,2026-09-23
VIPULLTD,BE,23-Sep-2026,11.45,11.22,11.36,10.96,11.09,177740,19.69,292,,,2026-09-23
VIRAT,EQ,23-Sep-2026,376.55,365.0,387.45,364.0,371.2,4658,17.44,306,1572.0,33.75,2026-09-23
VIRINCHI,EQ,23-Sep-2026,14.0,14.0,14.19,13.81,14.03,59083,8.26,281,50644.0,85.72,2026-09-23
VIRTUALG,BE,23-Sep-2026,0.46,0.47,0.47,0.44,0.45,359982,1.62,155,,,2026-09-23
VISACHROME,EQ,23-Sep-2026,33.16,34.81,34.81,34.81,34.81,15590,5.43,42,15590.0,100.0,2026-09-23
VISAKAIND,EQ,23-Sep-2026,94.47,95.0,97.55,94.38,96.08,149545,143.48,2129,78362.0,52.4,2026-09-23
VISAMAN,SM,23-Sep-2026,35.15,33.4,33.4,33.4,33.4,4000,1.34,4,4000.0,100.0,2026-09-23
VISDEM,SM,23-Sep-2026,85.0,85.0,88.4,85.0,88.4,2400,2.08,2,2400.0,100.0,2026-09-23
VISHAL,EQ,23-Sep-2026,18.19,18.08,18.4,18.05,18.18,175136,31.85,391,161410.0,92.16,2026-09-23
VISHNU,EQ,23-Sep-2026,720.9,721.9,730.0,716.15,723.95,33418,241.96,2491,18060.0,54.04,2026-09-23
VISHNUINFR,SM,23-Sep-2026,150.5,150.5,150.5,150.5,150.5,1000,1.51,2,1000.0,100.0,2026-09-23
VISHWARAJ,EQ,23-Sep-2026,5.32,5.36,5.46,5.31,5.35,244083,13.16,699,70458.0,28.87,2026-09-23
VISHWAS,ST,23-Sep-2026,38.45,37.05,38.5,36.55,38.5,4800,1.79,3,3200.0,66.67,2026-09-23
VISL,EQ,23-Sep-2026,32.21,32.55,33.82,32.47,33.82,10439050,3481.62,15226,5840776.0,55.95,2026-09-23
VITAL,EQ,23-Sep-2026,53.02,55.49,55.67,53.09,55.66,13392,7.33,81,13354.0,99.72,2026-09-23
VIVIANA,EQ,23-Sep-2026,734.0,747.0,747.0,720.0,724.55,17172,124.74,1486,11612.0,67.62,2026-09-23
VIVIDEL,SM,23-Sep-2026,1763.5,1753.0,1825.0,1744.25,1763.0,13200,234.48,55,9360.0,70.91,2026-09-23
VIVIDHA,EQ,23-Sep-2026,0.52,0.52,0.54,0.52,0.52,139801,0.74,149,108852.0,77.86,2026-09-23
VIVIMEDLAB,BE,23-Sep-2026,5.38,5.48,5.48,5.28,5.36,23979,1.28,76,,,2026-09-23
VIVOBIOT,EQ,23-Sep-2026,16.71,16.07,16.95,16.07,16.67,8460,1.4,77,6095.0,72.04,2026-09-23
VIYASH,EQ,23-Sep-2026,251.5,252.9,257.45,251.5,253.75,1936724,4930.64,31967,1006217.0,51.95,2026-09-23
VLEGOV,EQ,23-Sep-2026,10.29,10.35,10.79,9.88,10.42,137354,14.32,471,62232.0,45.31,2026-09-23
VLSFINANCE,EQ,23-Sep-2026,236.46,240.75,242.4,235.35,241.15,1965,4.71,97,1288.0,65.55,2026-09-23
VMARCIND,SM,23-Sep-2026,331.7,333.0,342.0,333.0,338.4,100500,340.57,66,55500.0,55.22,2026-09-23
VMART,EQ,23-Sep-2026,795.6,790.3,797.5,781.35,786.6,56513,446.68,5159,23725.0,41.98,2026-09-23
VMM,EQ,23-Sep-2026,104.03,105.0,107.45,104.04,106.0,19978362,21222.25,96170,10016215.0,50.14,2026-09-23
VMOBILE,SM,23-Sep-2026,57.2,57.0,59.1,56.6,56.6,7200,4.21,9,5600.0,77.78,2026-09-23
VMSTMT,EQ,23-Sep-2026,47.23,47.27,47.51,45.5,45.92,67791,31.54,823,44019.0,64.93,2026-09-23
VOEPL,EQ,23-Sep-2026,493.05,494.95,521.0,494.95,515.1,79459,406.86,3146,38717.0,48.73,2026-09-23
VOGL,EQ,23-Sep-2026,35.01,35.29,36.39,34.92,35.86,33407800,11991.03,60659,9858669.0,29.51,2026-09-23
VOITHPAPR,EQ,23-Sep-2026,1440.0,1458.9,1458.9,1430.4,1440.0,619,8.91,57,595.0,96.12,2026-09-23
VOLERCAR,SM,23-Sep-2026,220.05,222.1,235.0,216.0,226.9,17600,39.48,17,12800.0,72.73,2026-09-23
VOLTAMP,EQ,23-Sep-2026,10747.0,10797.0,10860.0,10730.0,10799.0,8987,969.71,3988,4302.0,47.87,2026-09-23
VOLTAS,EQ,23-Sep-2026,1100.8,1092.9,1131.4,1090.8,1130.0,791314,8819.93,27964,192197.0,24.29,2026-09-23
VPRPL,EQ,23-Sep-2026,33.56,33.9,33.93,32.2,32.83,356561,118.2,1907,217178.0,60.91,2026-09-23
VR,SM,23-Sep-2026,101.0,100.0,100.5,100.0,100.5,800,0.8,2,800.0,100.0,2026-09-23
VRAJ,EQ,23-Sep-2026,125.88,126.7,128.99,125.1,127.9,16413,20.86,529,9829.0,59.89,2026-09-23
VRLLOG,EQ,23-Sep-2026,291.75,291.75,295.2,291.45,291.75,69734,204.12,2423,42559.0,61.03,2026-09-23
VSSL,EQ,23-Sep-2026,407.8,413.75,416.65,406.85,413.6,103560,427.01,4076,47100.0,45.48,2026-09-23
VSTIND,EQ,23-Sep-2026,205.69,205.69,210.44,205.0,208.8,162276,336.63,3708,85076.0,52.43,2026-09-23
VSTL,EQ,23-Sep-2026,114.19,114.95,115.08,112.5,113.48,4457,5.05,320,2965.0,66.52,2026-09-23
VSTTILLERS,EQ,23-Sep-2026,4305.4,4326.9,4432.9,4320.0,4425.0,8792,385.81,1778,4798.0,54.57,2026-09-23
VTL,EQ,23-Sep-2026,551.2,554.9,565.0,554.9,561.45,125583,705.69,7860,50073.0,39.87,2026-09-23
VTMLTD,EQ,23-Sep-2026,45.4,45.89,46.75,41.35,44.5,45862,20.9,1135,21993.0,47.95,2026-09-23
WAAREEENER,EQ,23-Sep-2026,2494.8,2505.1,2534.4,2500.0,2512.0,364884,9169.98,23367,132971.0,36.44,2026-09-23
WAAREEINDO,EQ,23-Sep-2026,254.45,261.2,261.2,253.0,255.7,46439,118.85,975,19766.0,42.56,2026-09-23
WAAREERTL,EQ,23-Sep-2026,816.95,815.0,860.15,810.0,848.0,453569,3836.03,24262,111231.0,24.52,2026-09-23
WABAG,EQ,23-Sep-2026,2072.1,2075.0,2075.3,2027.0,2048.7,380343,7771.47,24327,152931.0,40.21,2026-09-23
WAKEFIT,EQ,23-Sep-2026,146.86,148.0,150.8,146.0,146.78,148579,219.88,2715,49567.0,33.36,2026-09-23
WALCHANNAG,EQ,23-Sep-2026,199.05,199.95,216.0,199.95,212.63,1487437,3150.66,21672,494849.0,33.27,2026-09-23
WALPAR,SM,23-Sep-2026,24.2,25.4,25.4,25.4,25.4,2000,0.51,1,2000.0,100.0,2026-09-23
WANBURY,EQ,23-Sep-2026,222.7,222.7,241.75,222.65,233.1,256087,596.89,5920,104698.0,40.88,2026-09-23
WARDINMOBI,EQ,23-Sep-2026,5.63,5.73,5.73,5.6,5.66,311648,17.61,806,177485.0,56.95,2026-09-23
WATERBASE,EQ,23-Sep-2026,45.52,45.06,47.5,45.06,46.66,21745,10.05,276,17524.0,80.59,2026-09-23
WCIL,EQ,23-Sep-2026,95.14,95.98,98.18,94.54,97.33,183868,178.8,2372,71891.0,39.1,2026-09-23
WEALTH,EQ,23-Sep-2026,836.4,826.45,844.95,826.45,840.45,582,4.89,117,378.0,64.95,2026-09-23
WEBELSOLAR,EQ,23-Sep-2026,71.8,72.5,74.32,72.2,73.93,1555207,1143.21,9962,830828.0,53.42,2026-09-23
WEIZMANIND,EQ,23-Sep-2026,72.8,72.85,73.0,71.1,71.57,171,0.12,22,148.0,86.55,2026-09-23
WEL,EQ,23-Sep-2026,80.4,81.0,81.79,76.38,76.93,1221695,956.71,6867,579346.0,47.42,2026-09-23
WELCORP,EQ,23-Sep-2026,2731.5,2740.5,2836.0,2736.0,2796.8,1740034,48926.77,93912,370632.0,21.3,2026-09-23
WELENT,EQ,23-Sep-2026,783.75,783.4,789.85,770.4,774.0,310123,2416.5,8495,191392.0,61.71,2026-09-23
WELINV,BE,23-Sep-2026,2408.9,2454.8,2457.0,2408.7,2457.0,128,3.13,22,,,2026-09-23
WELSPLSOL,EQ,23-Sep-2026,53.06,53.18,54.28,53.0,53.59,468338,251.25,3903,247697.0,52.89,2026-09-23
WELSPUNLIV,EQ,23-Sep-2026,221.51,229.2,233.0,221.01,223.77,12078998,27359.56,95811,2976582.0,24.64,2026-09-23
WENDT,EQ,23-Sep-2026,8627.0,8680.0,8815.0,8588.0,8678.5,8377,727.81,2450,2962.0,35.36,2026-09-23
WESTLIFE,EQ,23-Sep-2026,574.0,572.05,612.0,559.0,598.7,991841,5923.33,6811,922441.0,93.0,2026-09-23
WEWIN,EQ,23-Sep-2026,43.0,43.99,47.3,43.05,46.76,8968,4.1,154,7973.0,88.9,2026-09-23
WEWORK,EQ,23-Sep-2026,671.15,671.15,679.9,664.85,668.5,104857,702.09,5063,61868.0,59.0,2026-09-23
WHBRADY,EQ,23-Sep-2026,464.4,462.0,503.6,451.3,502.6,232,1.13,43,194.0,83.62,2026-09-23
WHEELS,EQ,23-Sep-2026,2174.0,2185.3,2320.5,2185.3,2240.3,510095,11508.11,27725,269855.0,52.9,2026-09-23
WHIRLPOOL,EQ,23-Sep-2026,721.05,723.45,865.25,722.2,865.25,10753329,87951.84,216194,1589323.0,14.78,2026-09-23
WILLAMAGOR,EQ,23-Sep-2026,23.6,24.0,24.0,22.5,22.78,10733,2.47,143,8080.0,75.28,2026-09-23
WINDLAS,EQ,23-Sep-2026,1102.3,1105.0,1107.65,1070.0,1077.45,95358,1030.84,9256,53488.0,56.09,2026-09-23
WINDMACHIN,EQ,23-Sep-2026,300.0,300.0,300.5,293.6,295.4,27943,82.85,880,16357.0,58.54,2026-09-23
WINSOL,SM,23-Sep-2026,110.9,107.55,111.8,105.2,111.7,5600,6.06,13,2800.0,50.0,2026-09-23
WIPL,EQ,23-Sep-2026,159.4,164.9,164.9,160.02,160.91,1666,2.7,37,1121.0,67.29,2026-09-23
WIPRO,EQ,23-Sep-2026,166.0,164.7,165.7,164.1,164.9,10856986,17897.15,75493,6155653.0,56.7,2026-09-23
WOCKPHARMA,EQ,23-Sep-2026,2185.4,2199.0,2360.0,2182.1,2329.7,3834525,88672.77,171824,862474.0,22.49,2026-09-23
WOL3D,SM,23-Sep-2026,138.9,133.05,133.05,132.0,132.0,15000,19.82,7,13000.0,86.67,2026-09-23
WOMANCART,ST,23-Sep-2026,104.35,101.4,105.7,99.2,102.5,28000,28.56,62,20400.0,72.86,2026-09-23
WONDERLA,EQ,23-Sep-2026,511.15,515.4,515.4,510.0,510.75,26910,137.74,2622,16935.0,62.93,2026-09-23
WORTHPERI,EQ,23-Sep-2026,148.82,149.99,149.99,144.71,149.21,1746,2.59,61,938.0,53.72,2026-09-23
WPIL,EQ,23-Sep-2026,439.35,439.35,444.05,434.1,440.0,23281,102.0,1370,14516.0,62.35,2026-09-23
WSI,EQ,23-Sep-2026,58.32,58.0,59.75,57.45,58.13,34947,20.39,400,27562.0,78.87,2026-09-23
WSTCSTPAPR,EQ,23-Sep-2026,749.75,751.0,757.75,742.0,747.25,83716,626.55,6437,44602.0,53.28,2026-09-23
WTICAB,SM,23-Sep-2026,99.7,99.7,102.15,98.0,98.0,7500,7.49,15,6500.0,86.67,2026-09-23
XCHANGING,EQ,23-Sep-2026,60.32,60.1,61.88,60.1,61.79,60220,36.8,1053,35731.0,59.33,2026-09-23
XELPMOC,EQ,23-Sep-2026,73.32,73.02,75.29,73.0,74.03,10523,7.83,141,7874.0,74.83,2026-09-23
XPROINDIA,EQ,23-Sep-2026,1201.0,1205.0,1244.0,1202.4,1223.5,80425,983.75,10031,44948.0,55.89,2026-09-23
XTGLOBAL,EQ,23-Sep-2026,30.14,30.77,30.99,29.14,29.93,23704,7.1,275,6066.0,25.59,2026-09-23
XTRANET,EQ,23-Sep-2026,334.36,336.35,337.7,317.65,317.65,1030477,3348.45,15830,507683.0,49.27,2026-09-23
YAAP,SM,23-Sep-2026,121.15,124.0,130.0,124.0,126.6,37000,47.14,33,24000.0,64.86,2026-09-23
YASHO,EQ,23-Sep-2026,3959.4,3993.5,4180.0,3902.0,4144.7,59622,2444.66,13270,22680.0,38.04,2026-09-23
YASHOPTICS,SM,23-Sep-2026,130.0,133.95,137.0,132.0,134.65,43200,58.34,44,39200.0,90.74,2026-09-23
YATHARTH,EQ,23-Sep-2026,1129.1,1132.0,1170.0,1123.9,1162.2,551293,6330.23,31501,240950.0,43.71,2026-09-23
YATRA,EQ,23-Sep-2026,108.82,110.01,111.45,107.35,108.74,774397,846.1,7660,326246.0,42.13,2026-09-23
YCCL,SM,23-Sep-2026,8.3,8.25,8.25,8.25,8.25,9000,0.74,3,9000.0,100.0,2026-09-23
YESBANK,EQ,23-Sep-2026,23.2,23.2,23.38,23.17,23.24,46135166,10726.9,91522,26876142.0,58.26,2026-09-23
YOGI,EQ,23-Sep-2026,161.0,163.1,163.1,156.0,161.95,2971,4.76,26,2918.0,98.22,2026-09-23
YUKEN,EQ,23-Sep-2026,1137.95,1141.9,1148.0,1110.05,1138.9,11505,130.03,1315,5172.0,44.95,2026-09-23
ZAGGLE,EQ,23-Sep-2026,179.95,180.87,185.02,178.97,179.86,907401,1645.6,11610,434511.0,47.89,2026-09-23
ZEAL,SM,23-Sep-2026,73.55,75.95,76.0,75.9,76.0,3000,2.28,5,3000.0,100.0,2026-09-23
ZEEL,EQ,23-Sep-2026,78.21,78.3,79.04,76.8,77.28,13400743,10410.58,40654,3405295.0,25.41,2026-09-23
ZEELEARN,EQ,23-Sep-2026,6.81,6.94,6.99,6.11,6.84,308015,20.63,690,194810.0,63.25,2026-09-23
ZEEMEDIA,EQ,23-Sep-2026,7.56,7.65,7.84,7.42,7.51,1052962,79.69,1488,618814.0,58.77,2026-09-23
ZENITHDRUG,SM,23-Sep-2026,41.35,41.5,49.5,41.0,48.95,28800,13.18,31,25600.0,88.89,2026-09-23
ZENITHEXPO,EQ,23-Sep-2026,197.62,197.0,197.0,197.0,197.0,51,0.1,1,51.0,100.0,2026-09-23
ZENITHSTL,EQ,23-Sep-2026,5.31,5.33,5.44,5.2,5.34,65372,3.5,213,54589.0,83.51,2026-09-23
ZENSARTECH,EQ,23-Sep-2026,432.6,435.6,435.6,426.6,430.75,1009826,4341.99,23001,395443.0,39.16,2026-09-23
ZENTEC,EQ,23-Sep-2026,1673.8,1673.0,1685.0,1661.1,1672.3,136927,2287.82,13124,60468.0,44.16,2026-09-23
ZFCVINDIA,EQ,23-Sep-2026,2362.2,2355.1,2365.0,2320.1,2357.2,114999,2689.92,23302,59040.0,51.34,2026-09-23
ZFSTEERING,EQ,23-Sep-2026,689.7,700.0,709.9,691.0,703.65,3509,24.61,279,2328.0,66.34,2026-09-23
ZIMLAB,EQ,23-Sep-2026,133.8,133.7,135.8,130.75,133.56,118261,157.74,1634,54311.0,45.92,2026-09-23
ZODIAC,EQ,23-Sep-2026,227.72,227.72,231.21,226.0,229.94,8604,19.69,548,4929.0,57.29,2026-09-23
ZODIACLOTH,EQ,23-Sep-2026,69.89,70.9,70.9,69.59,69.71,5230,3.66,96,4137.0,79.1,2026-09-23
ZOTA,EQ,23-Sep-2026,1356.0,1365.0,1396.0,1334.5,1390.6,109803,1506.48,11088,38883.0,35.41,2026-09-23
ZSARACOM,EQ,23-Sep-2026,10485.0,10400.0,10400.0,10186.0,10294.0,13,1.34,12,13.0,100.0,2026-09-23
ZTECH,SM,23-Sep-2026,429.5,426.9,445.0,426.9,429.55,40200,174.8,92,23400.0,58.21,2026-09-23
ZUARI,EQ,23-Sep-2026,225.72,227.8,227.8,222.61,224.09,77398,173.73,2438,38109.0,49.24,2026-09-23
ZUARIIND,EQ,23-Sep-2026,275.1,274.95,280.55,271.2,278.9,40853,113.43,1246,25629.0,62.73,2026-09-23
ZYDUSLIFE,EQ,23-Sep-2026,1162.3,1156.0,1175.0,1156.0,1170.1,1088359,12693.26,24324,632978.0,58.16,2026-09-23
ZYDUSWELL,EQ,23-Sep-2026,520.55,519.0,533.15,519.0,531.0,120286,633.79,6827,54837.0,45.59,2026-09-23
