SYMBOL,SERIES,DATE1,PREV_CLOSE,OPEN_PRICE,HIGH_PRICE,LOW_PRICE,CLOSE_PRICE,TTL_TRD_QNTY,TURNOVER_LACS,NO_OF_TRADES,DELIV_QTY,DELIV_PER,DATE
20MICRONS,EQ,24-Sep-2026,219.21,217.7,217.8,212.16,213.87,65908,141.69,2566,33449.0,50.75,2026-09-24
21STCENMGM,EQ,24-Sep-2026,39.92,40.0,40.0,39.16,39.77,3133,1.25,37,1560.0,49.79,2026-09-24
360ONE,EQ,24-Sep-2026,1108.0,1099.5,1103.0,1066.9,1080.8,1356395,14639.16,42931,723029.0,53.31,2026-09-24
3BBLACKBIO,EQ,24-Sep-2026,1431.6,1425.0,1425.0,1391.0,1406.0,6962,98.03,776,4692.0,67.39,2026-09-24
3IINFOLTD,BE,24-Sep-2026,25.74,26.03,26.03,24.8,24.96,270182,67.83,678,,,2026-09-24
3MINDIA,EQ,24-Sep-2026,34615.0,34600.0,34790.0,34285.0,34590.0,1608,556.14,984,615.0,38.25,2026-09-24
3PLAND,EQ,24-Sep-2026,30.91,31.5,31.5,30.51,30.52,302,0.09,22,302.0,100.0,2026-09-24
574GS2026,GS,24-Sep-2026,101.2,102.05,102.05,102.05,102.05,472,0.48,5,472.0,100.0,2026-09-24
5PAISA,EQ,24-Sep-2026,318.15,318.15,318.15,305.15,308.4,26049,80.92,1150,15570.0,59.77,2026-09-24
610GS2031,GS,24-Sep-2026,99.99,99.99,99.99,99.99,99.99,1,0.0,1,1.0,100.0,2026-09-24
620GS2029,GS,24-Sep-2026,99.0,99.01,99.01,99.01,99.01,100,0.1,1,100.0,100.0,2026-09-24
622GS2035,GS,24-Sep-2026,93.43,93.63,93.63,93.63,93.63,4,0.0,1,4.0,100.0,2026-09-24
636GS2031,GS,24-Sep-2026,99.0,99.5,99.5,98.0,99.2,1658,1.64,8,1657.0,99.94,2026-09-24
63MOONS,EQ,24-Sep-2026,852.95,849.15,891.9,840.2,862.9,561321,4890.73,25983,183497.0,32.69,2026-09-24
648GS2035,GS,24-Sep-2026,98.0,98.0,98.0,97.9,97.9,550,0.54,2,550.0,100.0,2026-09-24
654GS2032,GS,24-Sep-2026,99.5,99.0,99.0,99.0,99.0,1,0.0,1,1.0,100.0,2026-09-24
664GS2027,GS,24-Sep-2026,101.5,101.6,101.6,101.6,101.6,100,0.1,1,100.0,100.0,2026-09-24
664GS2035,GS,24-Sep-2026,98.0,99.2,99.2,99.2,99.2,1,0.0,1,1.0,100.0,2026-09-24
667GS2050,GS,24-Sep-2026,93.0,93.51,93.51,93.51,93.51,100,0.09,1,100.0,100.0,2026-09-24
668GS2040,GS,24-Sep-2026,97.4,97.95,97.95,97.1,97.1,70,0.07,8,45.0,64.29,2026-09-24
676GS2061,GS,24-Sep-2026,89.54,89.75,89.75,89.55,89.74,18410,16.51,34,18410.0,100.0,2026-09-24
679GS2034A,GS,24-Sep-2026,100.02,99.7,99.7,98.0,99.01,498,0.49,3,498.0,100.0,2026-09-24
68GS2060,GS,24-Sep-2026,91.8,92.2,92.2,91.3,91.5,305,0.28,20,304.0,99.67,2026-09-24
690GS2065,GS,24-Sep-2026,93.97,93.95,93.95,93.32,93.33,8829,8.26,18,8479.0,96.04,2026-09-24
692GS2039,GS,24-Sep-2026,99.0,99.0,99.0,99.0,99.0,100,0.1,1,100.0,100.0,2026-09-24
694GS2036,GS,24-Sep-2026,102.71,101.09,101.09,101.09,101.09,100,0.1,1,100.0,100.0,2026-09-24
695GS2061,GS,24-Sep-2026,93.0,93.3,93.3,93.24,93.25,9,0.01,6,5.0,55.56,2026-09-24
699GS2051,GS,24-Sep-2026,95.5,95.6,95.6,93.87,93.87,502,0.48,2,502.0,100.0,2026-09-24
702GS2027,GS,24-Sep-2026,102.21,102.21,102.21,102.21,102.21,1000,1.02,1,1000.0,100.0,2026-09-24
704GS2029,GS,24-Sep-2026,102.23,102.66,102.66,102.66,102.66,1000,1.03,1,1000.0,100.0,2026-09-24
706GS2028,GS,24-Sep-2026,104.3,103.75,103.75,103.75,103.75,700,0.73,1,700.0,100.0,2026-09-24
709GS2054,GS,24-Sep-2026,95.66,93.5,96.25,93.5,95.5,26305,25.16,21,26205.0,99.62,2026-09-24
709GS2074,GS,24-Sep-2026,95.25,95.5,95.5,94.75,94.95,7010,6.67,21,6410.0,91.44,2026-09-24
710GS2029,GS,24-Sep-2026,104.84,102.21,103.5,102.21,103.5,100,0.1,3,50.0,50.0,2026-09-24
718GS2033,GS,24-Sep-2026,102.5,104.0,104.0,103.4,103.4,300,0.31,2,300.0,100.0,2026-09-24
718GS2037,GS,24-Sep-2026,103.2,101.7,102.78,101.7,101.72,17100,17.42,17,14999.0,87.71,2026-09-24
719GS2060,GS,24-Sep-2026,95.2,95.2,95.2,95.2,95.2,5000,4.76,8,5000.0,100.0,2026-09-24
724GS2055,GS,24-Sep-2026,97.7,97.1,97.1,96.75,96.75,10688,10.37,15,10688.0,100.0,2026-09-24
725GS2063,GS,24-Sep-2026,97.14,97.3,97.3,96.75,96.82,25576,24.78,64,23221.0,90.79,2026-09-24
726GS2032,GS,24-Sep-2026,102.0,107.1,107.1,107.1,107.1,1,0.0,1,1.0,100.0,2026-09-24
726GS2033,GS,24-Sep-2026,102.0,102.5,102.5,101.48,101.99,3211,3.26,6,2711.0,84.43,2026-09-24
732GS2030,GS,24-Sep-2026,103.55,103.55,103.55,103.55,103.55,1050,1.09,2,1050.0,100.0,2026-09-24
733GS2026,GS,24-Sep-2026,102.5,102.4,102.4,102.04,102.4,700,0.72,4,600.0,85.71,2026-09-24
734GS2064,GS,24-Sep-2026,99.4,99.24,99.24,98.91,98.95,69141,68.47,36,69141.0,100.0,2026-09-24
736GS2052,GS,24-Sep-2026,99.25,95.51,99.25,95.51,96.6,5121,4.89,4,5060.0,98.81,2026-09-24
737GS2028,GS,24-Sep-2026,105.1,103.75,105.98,103.75,104.1,1752,1.83,10,1265.0,72.2,2026-09-24
738GS2027,GS,24-Sep-2026,102.7,102.9,102.9,102.41,102.6,48793,50.06,24,48792.0,100.0,2026-09-24
73GS2053,GS,24-Sep-2026,98.74,98.6,98.69,98.0,98.6,22649,22.34,14,22535.0,99.5,2026-09-24
741GS2036,GS,24-Sep-2026,103.15,104.43,104.43,103.35,103.5,12323,12.76,17,12323.0,100.0,2026-09-24
743GS2076,GS,24-Sep-2026,98.9,98.2,99.39,98.11,98.25,45029,44.41,61,39678.0,88.12,2026-09-24
746GS2073,GS,24-Sep-2026,102.99,103.99,103.99,103.99,103.99,1,0.0,1,1.0,100.0,2026-09-24
74GS2035,GS,24-Sep-2026,102.5,101.01,103.0,101.01,103.0,200,0.2,2,100.0,50.0,2026-09-24
74GS2062,GS,24-Sep-2026,99.5,99.9,99.9,97.1,98.0,1336,1.32,19,1336.0,100.0,2026-09-24
750GS2056,GS,24-Sep-2026,101.92,101.93,102.0,101.93,102.0,600,0.61,2,600.0,100.0,2026-09-24
754GS2036,GS,24-Sep-2026,105.68,105.75,105.75,104.8,105.1,243971,256.95,253,242170.0,99.26,2026-09-24
757GS2033,GS,24-Sep-2026,105.45,103.7,103.7,103.7,103.7,1000,1.04,2,1000.0,100.0,2026-09-24
763GS2056,GS,24-Sep-2026,100.0,98.32,100.0,98.32,100.0,1600,1.58,3,1600.0,100.0,2026-09-24
771GS2066,GS,24-Sep-2026,104.4,104.75,104.8,104.75,104.8,1100,1.15,3,1100.0,100.0,2026-09-24
772GS2055,GS,24-Sep-2026,103.5,103.5,103.5,103.5,103.5,100,0.1,1,100.0,100.0,2026-09-24
795GS2032,GS,24-Sep-2026,104.14,105.7,105.7,104.17,105.0,2000,2.1,9,1900.0,95.0,2026-09-24
824GS2027,GS,24-Sep-2026,101.7,101.65,101.65,101.65,101.65,500,0.51,3,500.0,100.0,2026-09-24
92GS2030,GS,24-Sep-2026,114.5,115.1,115.1,113.01,113.19,10657,12.16,12,10500.0,98.53,2026-09-24
A2ZINFRA,EQ,24-Sep-2026,14.79,14.9,15.15,14.71,14.74,236843,35.19,821,168527.0,71.16,2026-09-24
AAATECH,EQ,24-Sep-2026,93.56,94.16,95.98,90.25,91.84,128773,121.03,893,10314.0,8.01,2026-09-24
AADHARHFC,EQ,24-Sep-2026,454.55,454.2,454.2,444.3,446.7,183120,819.38,9756,97212.0,53.09,2026-09-24
AAKAAR,SM,24-Sep-2026,70.0,73.4,73.4,68.15,68.15,3200,2.26,2,3200.0,100.0,2026-09-24
AAKASH,EQ,24-Sep-2026,9.13,9.12,9.5,8.91,9.09,288598,26.59,590,150677.0,52.21,2026-09-24
AARADHYA,ST,24-Sep-2026,138.05,138.0,138.0,135.05,138.0,7200,9.83,6,7200.0,100.0,2026-09-24
AAREYDRUGS,EQ,24-Sep-2026,102.63,101.75,101.78,99.5,100.26,350999,352.24,1015,124706.0,35.53,2026-09-24
AARNAV,BE,24-Sep-2026,33.42,33.0,35.09,32.35,35.0,63958,22.31,188,,,2026-09-24
AARON,EQ,24-Sep-2026,122.6,122.6,125.0,115.5,116.68,48639,57.64,959,32562.0,66.95,2026-09-24
AARTECH,BE,24-Sep-2026,50.7,50.98,51.0,49.15,50.41,36408,18.24,170,,,2026-09-24
AARTIDRUGS,EQ,24-Sep-2026,436.25,436.35,450.2,434.6,437.25,387992,1720.27,13267,151805.0,39.13,2026-09-24
AARTIIND,EQ,24-Sep-2026,491.35,487.65,492.2,484.05,489.45,291316,1421.1,11580,138381.0,47.5,2026-09-24
AARTIPHARM,EQ,24-Sep-2026,940.1,934.5,957.0,923.35,934.25,800441,7546.21,41353,314068.0,39.24,2026-09-24
AARTISURF,BE,24-Sep-2026,530.95,530.95,540.95,511.0,516.75,10403,54.18,293,,,2026-09-24
AARVI,EQ,24-Sep-2026,136.48,137.16,138.48,135.25,135.85,8657,11.81,97,7811.0,90.23,2026-09-24
AASTHA,EQ,24-Sep-2026,89.77,96.0,96.0,80.8,80.8,3696534,3048.94,14159,1534561.0,41.51,2026-09-24
AAVAS,EQ,24-Sep-2026,1285.8,1270.0,1270.0,1243.0,1256.4,88763,1115.68,13280,44518.0,50.15,2026-09-24
ABAN,BE,24-Sep-2026,14.02,14.0,14.3,13.75,13.95,19590,2.75,115,,,2026-09-24
ABANSENT,EQ,24-Sep-2026,26.86,27.34,27.34,26.35,27.25,2166,0.58,92,1811.0,83.61,2026-09-24
ABB,EQ,24-Sep-2026,7120.0,7080.0,7144.5,7062.5,7129.0,141360,10059.58,17896,64136.0,45.37,2026-09-24
ABBOTINDIA,EQ,24-Sep-2026,26935.0,26910.0,27225.0,26780.0,26860.0,4496,1213.17,2467,1858.0,41.33,2026-09-24
ABCAPITAL,EQ,24-Sep-2026,402.45,394.6,401.7,388.5,390.1,4053381,15958.85,38319,2290126.0,56.5,2026-09-24
ABCOTS,EQ,24-Sep-2026,203.57,202.0,207.9,200.98,201.58,5289,10.65,130,4732.0,89.47,2026-09-24
ABDL,EQ,24-Sep-2026,656.4,660.0,722.0,650.0,712.15,6590774,45708.41,154282,1602964.0,24.32,2026-09-24
ABFRL,EQ,24-Sep-2026,49.09,49.0,49.0,47.94,48.06,5072424,2447.52,22393,2557825.0,50.43,2026-09-24
ABGSEC,EQ,24-Sep-2026,114.39,113.62,114.1,113.56,113.95,1465,1.67,8,1019.0,69.56,2026-09-24
ABH,SM,24-Sep-2026,50.25,47.75,47.75,47.75,47.75,10800,5.16,9,10800.0,100.0,2026-09-24
ABHAPOWER,SM,24-Sep-2026,24.3,24.3,24.3,23.45,23.45,3200,0.76,2,3200.0,100.0,2026-09-24
ABINFRA,BE,24-Sep-2026,12.57,12.32,12.8,12.06,12.31,202741,25.06,290,,,2026-09-24
ABLBL,EQ,24-Sep-2026,79.81,80.0,80.08,77.78,78.59,942973,742.56,9704,516825.0,54.81,2026-09-24
ABMINTLLTD,BE,24-Sep-2026,47.06,46.83,46.83,46.12,46.12,1083,0.5,5,,,2026-09-24
ABMKNO,EQ,24-Sep-2026,171.41,172.01,174.99,167.2,170.8,1253,2.11,54,1091.0,87.07,2026-09-24
ABREL,EQ,24-Sep-2026,1206.4,1200.0,1262.9,1189.6,1211.8,500792,6181.35,36941,122928.0,24.55,2026-09-24
ABSL10BANK,EQ,24-Sep-2026,166.32,162.16,164.51,162.16,164.16,292,0.48,28,287.0,98.29,2026-09-24
ABSLAMC,EQ,24-Sep-2026,1026.6,1020.0,1030.3,1013.7,1024.2,67545,689.74,9326,35086.0,51.94,2026-09-24
ABSLBANETF,EQ,24-Sep-2026,57.95,59.11,59.11,56.81,57.26,153368,87.61,403,69211.0,45.13,2026-09-24
ABSLLIQUID,EQ,24-Sep-2026,1000.0,1000.0,1000.01,999.99,1000.01,5882,58.82,58,5849.0,99.44,2026-09-24
ABSLMSCIN,EQ,24-Sep-2026,29.03,28.81,28.81,28.45,28.51,539,0.15,19,539.0,100.0,2026-09-24
ABSLNN50ET,EQ,24-Sep-2026,76.24,75.0,76.13,75.0,75.26,4562,3.45,185,3615.0,79.24,2026-09-24
ABSLPSE,EQ,24-Sep-2026,10.02,10.02,10.22,9.89,9.97,123310,12.32,438,80569.0,65.34,2026-09-24
ABSMARINE,SM,24-Sep-2026,302.25,302.25,328.0,295.5,309.6,76500,239.38,139,50500.0,66.01,2026-09-24
ACC,EQ,24-Sep-2026,1251.4,1247.0,1247.1,1230.5,1236.1,89640,1108.96,6694,58886.0,65.69,2026-09-24
ACCELYA,EQ,24-Sep-2026,1124.6,1124.6,1124.6,1115.0,1120.9,5200,58.25,364,3500.0,67.31,2026-09-24
ACCENTMIC,SM,24-Sep-2026,670.35,665.0,688.5,665.0,674.25,94500,639.73,143,62000.0,65.61,2026-09-24
ACCPL,ST,24-Sep-2026,204.95,205.0,206.4,201.2,205.0,12000,24.5,8,12000.0,100.0,2026-09-24
ACCURACY,BE,24-Sep-2026,4.3,4.2,4.51,4.2,4.3,105093,4.59,198,,,2026-09-24
ACE,EQ,24-Sep-2026,1253.9,1250.0,1254.4,1234.0,1241.0,270648,3364.38,19867,127913.0,47.26,2026-09-24
ACEINTEG,EQ,24-Sep-2026,17.43,17.78,17.87,17.49,17.71,920,0.16,16,920.0,100.0,2026-09-24
ACETEC,SM,24-Sep-2026,153.0,157.5,157.5,148.0,148.0,4800,7.37,4,3600.0,75.0,2026-09-24
ACGL,EQ,24-Sep-2026,1731.8,1731.8,1760.0,1700.0,1716.5,781,13.47,115,692.0,88.6,2026-09-24
ACI,EQ,24-Sep-2026,474.6,470.0,496.0,470.0,491.4,435141,2109.3,19172,180358.0,41.45,2026-09-24
ACL,EQ,24-Sep-2026,42.58,42.58,42.79,42.1,42.56,4530,1.92,169,3753.0,82.85,2026-09-24
ACMESOLAR,EQ,24-Sep-2026,452.3,454.8,459.45,444.15,446.65,1545806,6981.25,40898,801897.0,51.88,2026-09-24
ACSTECH,BE,24-Sep-2026,76.56,75.49,80.38,72.8,80.37,875467,677.64,1534,,,2026-09-24
ACUTAAS,EQ,24-Sep-2026,3265.2,3232.0,3366.6,3232.0,3283.7,321801,10666.07,39072,131045.0,40.72,2026-09-24
ADANIENSOL,EQ,24-Sep-2026,1380.0,1367.0,1371.4,1335.1,1340.5,1837547,24798.79,61657,971564.0,52.87,2026-09-24
ADANIENT,EQ,24-Sep-2026,2993.2,2978.0,2978.0,2898.2,2900.0,1082462,31726.2,53908,466774.0,43.12,2026-09-24
ADANIGREEN,EQ,24-Sep-2026,1300.9,1295.0,1309.8,1277.8,1280.1,2379526,30810.27,44329,1358234.0,57.08,2026-09-24
ADANIPORTS,EQ,24-Sep-2026,1807.3,1802.4,1802.4,1775.0,1785.3,1589739,28407.34,76347,1028458.0,64.69,2026-09-24
ADANIPOWER,EQ,24-Sep-2026,204.8,203.8,203.8,198.8,199.48,20283670,40843.46,96066,9955882.0,49.08,2026-09-24
ADDICTIVE,SM,24-Sep-2026,45.55,44.4,44.55,44.0,44.1,14500,6.42,7,9500.0,65.52,2026-09-24
ADDIND,EQ,24-Sep-2026,74.05,74.05,80.0,73.55,76.99,128,0.1,22,109.0,85.16,2026-09-24
ADFFOODS,EQ,24-Sep-2026,268.05,266.8,273.9,264.2,271.65,85764,232.26,4028,53493.0,62.37,2026-09-24
ADISOFT,SM,24-Sep-2026,258.35,255.0,262.4,246.0,251.05,157600,399.53,171,118400.0,75.13,2026-09-24
ADL,EQ,24-Sep-2026,69.87,78.9,78.9,68.0,69.82,1669,1.2,66,589.0,35.29,2026-09-24
ADOR,EQ,24-Sep-2026,1598.0,1597.0,1655.0,1590.0,1612.9,33616,548.58,4444,14782.0,43.97,2026-09-24
ADROITINFO,EQ,24-Sep-2026,13.53,13.88,13.91,12.61,12.73,170767,22.61,1225,114038.0,66.78,2026-09-24
ADSL,EQ,24-Sep-2026,97.78,97.1,98.69,95.62,96.27,123273,119.16,2521,60641.0,49.19,2026-09-24
ADVAIT,EQ,24-Sep-2026,1976.8,1975.0,1980.9,1915.3,1922.4,34484,670.56,5154,19974.0,57.92,2026-09-24
ADVANCE,EQ,24-Sep-2026,119.37,118.0,122.49,118.0,118.67,197531,237.03,3233,82940.0,41.99,2026-09-24
ADVANIHOTR,EQ,24-Sep-2026,47.57,47.57,48.48,47.55,47.75,15922,7.6,292,14728.0,92.5,2026-09-24
ADVENTHTL,EQ,24-Sep-2026,130.36,128.57,128.78,126.0,127.04,133111,169.23,1728,75978.0,57.08,2026-09-24
ADVENZYMES,EQ,24-Sep-2026,297.0,295.0,300.05,291.85,292.75,205547,609.7,5960,105797.0,51.47,2026-09-24
ADVIKCA,EQ,24-Sep-2026,1.01,1.01,1.03,0.96,0.99,177622,1.78,250,141141.0,79.46,2026-09-24
AEGISLOG,EQ,24-Sep-2026,1404.5,1405.8,1405.8,1348.4,1369.7,547668,7492.2,32659,187517.0,34.24,2026-09-24
AEGISVOPAK,EQ,24-Sep-2026,302.8,300.8,300.8,283.6,289.1,2451978,7090.69,48438,962907.0,39.27,2026-09-24
AEPL,EQ,24-Sep-2026,16.49,16.49,16.56,16.0,16.13,12427,2.0,147,10552.0,84.91,2026-09-24
AEQUS,EQ,24-Sep-2026,243.94,241.51,247.0,239.52,242.79,1907443,4641.39,41212,872069.0,45.72,2026-09-24
AEROENTER,EQ,24-Sep-2026,126.51,125.9,129.67,120.0,126.86,501763,636.54,5875,176471.0,35.17,2026-09-24
AEROFLEX,EQ,24-Sep-2026,520.8,515.0,546.0,515.0,527.2,1258585,6716.6,32267,386368.0,30.7,2026-09-24
AERON,SM,24-Sep-2026,81.0,81.25,85.0,81.0,82.0,17000,14.09,17,16000.0,94.12,2026-09-24
AERONEU,EQ,24-Sep-2026,67.2,68.2,80.64,68.0,80.64,88367,68.33,482,71058.0,80.41,2026-09-24
AEROPLANE,EQ,24-Sep-2026,205.74,202.8,207.47,201.34,201.98,177483,361.34,3895,100524.0,56.64,2026-09-24
AETHER,EQ,24-Sep-2026,1648.2,1648.0,1659.0,1629.0,1646.2,112531,1849.06,16340,50018.0,44.45,2026-09-24
AFCONS,EQ,24-Sep-2026,258.3,254.0,262.5,252.95,253.75,845057,2171.61,18241,367375.0,43.47,2026-09-24
AFFLE,EQ,24-Sep-2026,1584.3,1574.3,1598.5,1555.7,1588.1,99024,1557.78,13610,48140.0,48.61,2026-09-24
AFFORDABLE,EQ,24-Sep-2026,174.65,174.65,183.38,169.47,177.35,60546,108.35,2236,42524.0,70.23,2026-09-24
AFIL,EQ,24-Sep-2026,8.22,8.45,8.45,8.0,8.04,510964,41.3,758,409707.0,80.18,2026-09-24
AFSL,EQ,24-Sep-2026,204.56,207.4,207.4,201.2,203.47,1319,2.68,88,535.0,40.56,2026-09-24
AGARIND,EQ,24-Sep-2026,408.65,408.7,410.0,396.1,400.05,28830,115.75,1684,17743.0,61.54,2026-09-24
AGARWALEYE,EQ,24-Sep-2026,494.8,492.15,506.25,491.0,502.1,355015,1780.32,20414,178455.0,50.27,2026-09-24
AGARWALFT,SM,24-Sep-2026,28.65,27.3,27.3,27.3,27.3,1500,0.41,1,1500.0,100.0,2026-09-24
AGARWALTUF,SM,24-Sep-2026,158.05,156.3,157.05,154.8,155.1,8400,13.06,7,7200.0,85.71,2026-09-24
AGI,EQ,24-Sep-2026,837.2,837.0,837.0,819.0,821.35,93291,771.74,7750,46665.0,50.02,2026-09-24
AGIIL,EQ,24-Sep-2026,268.8,268.0,273.3,267.05,271.45,1792301,4828.04,7298,813035.0,45.36,2026-09-24
AGL,EQ,24-Sep-2026,14.22,14.49,14.6,13.61,13.68,1874610,260.73,3614,993577.0,53.0,2026-09-24
AGNI,SM,24-Sep-2026,15.35,15.1,15.95,15.1,15.95,25000,3.85,10,17500.0,70.0,2026-09-24
AGRITECH,EQ,24-Sep-2026,97.83,93.0,98.5,93.0,95.76,2897,2.79,135,1825.0,63.0,2026-09-24
AGROPHOS,EQ,24-Sep-2026,24.25,24.25,24.3,23.1,24.27,13144,3.1,152,8576.0,65.25,2026-09-24
AGSTRA,BZ,24-Sep-2026,2.19,2.29,2.29,2.28,2.29,64312,1.47,107,,,2026-09-24
AHCL,EQ,24-Sep-2026,29.68,29.68,30.68,28.18,28.65,49040894,14342.22,88604,9218352.0,18.8,2026-09-24
AHLADA,EQ,24-Sep-2026,39.15,39.15,39.89,37.2,38.76,4123,1.6,113,2477.0,60.08,2026-09-24
AHLEAST,EQ,24-Sep-2026,136.36,135.57,143.0,135.55,136.41,3028,4.21,79,2060.0,68.03,2026-09-24
AHLUCONT,EQ,24-Sep-2026,580.6,578.0,590.0,571.3,582.75,46626,271.79,2999,23985.0,51.44,2026-09-24
AHLWEST,BE,24-Sep-2026,530.0,534.0,534.0,521.05,521.05,185,0.98,3,,,2026-09-24
AIAENG,EQ,24-Sep-2026,3970.0,3955.0,4033.6,3912.4,3953.4,311377,12333.67,12175,288181.0,92.55,2026-09-24
AIIL,EQ,24-Sep-2026,561.45,562.6,562.6,548.75,551.6,147739,817.74,12583,79865.0,54.06,2026-09-24
AIMTRON,SM,24-Sep-2026,1813.6,1800.6,1868.95,1775.0,1797.55,49800,904.28,227,25800.0,51.81,2026-09-24
AIRAN,EQ,24-Sep-2026,16.78,16.45,17.5,16.38,16.58,30585,5.12,432,20876.0,68.26,2026-09-24
AIROLAM,EQ,24-Sep-2026,90.79,91.24,91.24,87.01,88.34,2630,2.38,79,2199.0,83.61,2026-09-24
AISL,SM,24-Sep-2026,56.0,54.0,54.1,53.35,54.0,11400,6.15,6,10800.0,94.74,2026-09-24
AJANTPHARM,EQ,24-Sep-2026,3568.1,3521.1,3594.0,3521.1,3539.5,37012,1316.0,8872,16753.0,45.26,2026-09-24
AJAXENGG,EQ,24-Sep-2026,569.15,555.0,588.0,555.0,575.2,1346962,7750.53,26160,120247.0,8.93,2026-09-24
AJMERA,EQ,24-Sep-2026,120.63,119.01,121.78,116.82,120.51,338485,405.73,4122,154367.0,45.61,2026-09-24
AJOONI,EQ,24-Sep-2026,3.28,3.3,3.32,3.18,3.18,340761,11.01,512,283525.0,83.2,2026-09-24
AKANKSHA,SM,24-Sep-2026,151.1,158.65,158.65,156.0,158.65,45000,71.34,39,43000.0,95.56,2026-09-24
AKASH,EQ,24-Sep-2026,24.76,24.65,25.4,24.5,24.51,589,0.15,28,487.0,82.68,2026-09-24
AKCAPIT,EQ,24-Sep-2026,1753.9,1746.2,1760.0,1698.2,1729.2,1647,28.63,248,1187.0,72.07,2026-09-24
AKG,EQ,24-Sep-2026,9.97,10.0,10.33,9.6,9.76,36898,3.65,116,33051.0,89.57,2026-09-24
AKI,BE,24-Sep-2026,6.74,7.0,7.0,6.7,6.85,200378,13.69,519,,,2026-09-24
AKIKO,SM,24-Sep-2026,438.0,441.95,441.95,420.0,420.05,12000,51.51,14,9600.0,80.0,2026-09-24
AKSHAR,EQ,24-Sep-2026,0.41,0.41,0.42,0.4,0.41,1589240,6.52,270,922622.0,58.05,2026-09-24
AKSHARCHEM,BE,24-Sep-2026,389.95,389.95,390.0,375.0,379.3,12423,47.39,176,,,2026-09-24
AKSHOPTFBR,BE,24-Sep-2026,6.98,6.86,7.32,6.82,7.21,509773,36.73,648,,,2026-09-24
AKUMS,EQ,24-Sep-2026,823.3,824.0,836.8,813.3,817.6,218858,1804.8,14484,127049.0,58.05,2026-09-24
ALANKIT,EQ,24-Sep-2026,8.04,8.04,8.1,7.8,7.91,80891,6.43,447,61341.0,75.83,2026-09-24
ALBERTDAVD,EQ,24-Sep-2026,878.55,863.6,886.0,863.6,871.1,2557,22.41,337,1448.0,56.63,2026-09-24
ALEMBICLTD,EQ,24-Sep-2026,106.04,105.0,107.85,104.5,107.18,1227728,1305.2,10655,563730.0,45.92,2026-09-24
ALFREDHE,EQ,24-Sep-2026,2796.9,2796.9,2830.0,2780.0,2786.8,20,0.56,7,20.0,100.0,2026-09-24
ALGOQUANT,EQ,24-Sep-2026,72.1,72.0,75.35,71.72,73.37,1563012,1148.46,8877,349156.0,22.34,2026-09-24
ALICON,EQ,24-Sep-2026,739.05,735.65,741.85,714.45,737.8,46506,339.72,2838,27105.0,58.28,2026-09-24
ALIVUS,EQ,24-Sep-2026,1383.1,1390.0,1396.7,1357.3,1370.0,39065,537.32,5802,19347.0,49.53,2026-09-24
ALKALI,EQ,24-Sep-2026,101.63,99.96,99.96,96.0,96.37,55361,54.33,975,31002.0,56.0,2026-09-24
ALKEM,EQ,24-Sep-2026,5417.5,5372.0,5447.0,5261.5,5326.0,165474,8844.73,33662,51953.0,31.4,2026-09-24
ALKYLAMINE,EQ,24-Sep-2026,1883.0,1879.0,1895.7,1841.1,1862.5,25203,470.31,5274,11730.0,46.54,2026-09-24
ALLCARGO,EQ,24-Sep-2026,11.38,11.4,11.42,10.88,10.95,6441937,711.86,8285,2955420.0,45.88,2026-09-24
ALLDIGI,EQ,24-Sep-2026,780.25,780.25,784.1,762.0,771.65,4525,35.05,602,2749.0,60.75,2026-09-24
ALLETEC,SM,24-Sep-2026,129.1,127.0,130.0,125.05,128.25,8800,11.21,21,6800.0,77.27,2026-09-24
ALLTIME,EQ,24-Sep-2026,205.36,205.25,207.1,198.25,201.03,150765,302.3,2874,63650.0,42.22,2026-09-24
ALMONDZ,EQ,24-Sep-2026,19.55,19.24,20.35,19.24,19.86,448919,89.47,1223,299906.0,66.81,2026-09-24
ALOKINDS,EQ,24-Sep-2026,7.64,7.6,7.6,7.4,7.48,13073959,978.97,9987,5832778.0,44.61,2026-09-24
ALPA,EQ,24-Sep-2026,60.39,60.69,61.6,58.61,59.07,87569,52.57,986,39275.0,44.85,2026-09-24
ALPEXSOLAR,SM,24-Sep-2026,846.0,846.0,858.8,828.0,847.0,35000,293.69,232,25000.0,71.43,2026-09-24
ALPHA,EQ,24-Sep-2026,53.42,53.35,53.4,52.52,52.82,870366,461.8,3406,551868.0,63.41,2026-09-24
ALPHAETF,EQ,24-Sep-2026,26.5,26.56,26.56,26.0,26.03,573387,150.26,1478,348251.0,60.74,2026-09-24
ALPHAGEO,BE,24-Sep-2026,292.5,298.8,298.8,283.2,285.45,5339,15.45,148,,,2026-09-24
ALPINETEX,EQ,24-Sep-2026,52.44,52.46,52.46,50.0,50.65,290128,148.36,3323,151762.0,52.31,2026-09-24
ALPL30IETF,EQ,24-Sep-2026,27.23,27.13,27.13,26.69,26.8,154939,41.7,905,88107.0,56.87,2026-09-24
ALUFLUOR,EQ,24-Sep-2026,577.55,577.55,577.55,562.55,565.8,4903,27.76,410,3906.0,79.67,2026-09-24
ALUWIND,SM,24-Sep-2026,52.4,52.6,52.6,49.8,50.6,34500,17.71,19,28500.0,82.61,2026-09-24
AMAGI,EQ,24-Sep-2026,578.7,576.5,581.45,560.15,562.15,155822,882.71,8230,85145.0,54.64,2026-09-24
AMAL,EQ,24-Sep-2026,704.3,700.05,714.35,685.0,687.65,14729,102.26,1106,8741.0,59.35,2026-09-24
AMANTA,BE,24-Sep-2026,189.21,192.0,192.0,189.21,189.21,21865,41.7,134,,,2026-09-24
AMARJOTHI,EQ,24-Sep-2026,148.12,148.12,148.55,147.0,147.0,1266,1.86,17,1256.0,99.21,2026-09-24
AMBAAUTO,SM,24-Sep-2026,95.9,96.0,100.0,96.0,98.0,11000,10.72,11,10000.0,90.91,2026-09-24
AMBALALSA,BE,24-Sep-2026,40.47,41.94,42.49,40.1,41.27,55275,23.12,224,,,2026-09-24
AMBANIORGO,SM,24-Sep-2026,112.25,117.0,117.85,112.0,115.25,100000,115.24,13,96000.0,96.0,2026-09-24
AMBER,EQ,24-Sep-2026,7064.5,7025.5,7050.0,6911.0,6911.0,86469,6038.07,13748,34572.0,39.98,2026-09-24
AMBICAAGAR,EQ,24-Sep-2026,25.45,25.57,25.87,24.32,25.39,140237,35.18,518,24579.0,17.53,2026-09-24
AMBIKCO,EQ,24-Sep-2026,1582.7,1569.9,1578.0,1551.6,1556.5,3932,61.42,663,2369.0,60.25,2026-09-24
AMBUJACEM,EQ,24-Sep-2026,392.75,390.0,390.9,382.65,384.1,912389,3523.74,22069,388122.0,42.54,2026-09-24
AMCL,SM,24-Sep-2026,355.75,354.25,365.0,349.0,349.7,20800,73.51,32,14000.0,67.31,2026-09-24
AMDIND,BE,24-Sep-2026,57.58,57.53,57.53,55.5,56.09,28678,16.12,258,,,2026-09-24
AMEYA,SM,24-Sep-2026,161.9,164.5,164.5,153.85,153.85,16000,25.37,16,11000.0,68.75,2026-09-24
AMJLAND,EQ,24-Sep-2026,37.97,37.6,38.5,37.23,37.32,1615,0.61,92,1147.0,71.02,2026-09-24
AMNPLST,EQ,24-Sep-2026,169.0,170.0,171.0,160.8,164.09,7235,11.85,288,4203.0,58.09,2026-09-24
AMRUTANJAN,EQ,24-Sep-2026,510.05,507.25,525.6,505.0,510.2,75103,387.98,3679,38194.0,50.86,2026-09-24
ANANDRATHI,EQ,24-Sep-2026,2169.2,2168.0,2185.0,2161.5,2167.4,212941,4620.46,15034,91176.0,42.82,2026-09-24
ANANTAM,IV,24-Sep-2026,105.49,105.99,106.0,104.9,105.3,383665,404.1,132,380593.0,99.2,2026-09-24
ANANTRAJ,EQ,24-Sep-2026,631.8,625.0,636.0,621.05,624.1,1717068,10786.34,31257,592554.0,34.51,2026-09-24
ANAWIL,SM,24-Sep-2026,440.3,438.0,445.3,420.2,428.9,95200,412.58,222,59600.0,62.61,2026-09-24
ANDHRAPAP,EQ,24-Sep-2026,71.19,70.53,74.48,70.16,73.62,812860,591.59,9070,252778.0,31.1,2026-09-24
ANDHRSUGAR,EQ,24-Sep-2026,95.2,95.0,95.14,92.51,92.98,192709,180.57,7130,104650.0,54.3,2026-09-24
ANDREWYU,EQ,24-Sep-2026,28.09,28.25,28.28,26.3,26.85,181022,49.1,1384,114014.0,62.98,2026-09-24
ANGELONE,EQ,24-Sep-2026,300.0,296.0,297.75,289.8,290.7,3663688,10737.79,34905,1448136.0,39.53,2026-09-24
ANIKINDS,EQ,24-Sep-2026,44.98,44.98,44.98,42.91,43.0,4476,1.95,128,4365.0,97.52,2026-09-24
ANKITMETAL,BZ,24-Sep-2026,1.82,1.82,1.85,1.82,1.85,3511,0.06,13,,,2026-09-24
ANLON,SM,24-Sep-2026,769.95,755.0,817.95,755.0,809.0,10800,86.28,25,7600.0,70.37,2026-09-24
ANMOL,BE,24-Sep-2026,13.85,14.0,14.0,13.2,13.45,53722,7.22,433,,,2026-09-24
ANNAPURNA,EQ,24-Sep-2026,130.68,132.4,132.4,128.42,131.17,34805,45.24,829,25488.0,73.23,2026-09-24
ANNU,EQ,24-Sep-2026,53.04,51.8,52.35,49.52,49.8,1047458,529.4,10223,468640.0,44.74,2026-09-24
ANONDITA,SM,24-Sep-2026,1094.6,1090.0,1116.0,1056.05,1089.7,92000,997.99,349,62400.0,67.83,2026-09-24
ANSALAPI,BZ,24-Sep-2026,3.79,3.86,3.86,3.72,3.86,36067,1.39,50,,,2026-09-24
ANSALBU,EQ,24-Sep-2026,100.14,103.3,103.3,93.0,94.9,12729,12.18,489,8251.0,64.82,2026-09-24
ANTELOPUS,EQ,24-Sep-2026,1161.2,1161.2,1177.0,1119.1,1130.95,379382,4320.58,15403,98803.0,26.04,2026-09-24
ANTGRAPHIC,EQ,24-Sep-2026,0.73,0.72,0.73,0.71,0.71,107802,0.77,146,77159.0,71.57,2026-09-24
ANTHEM,EQ,24-Sep-2026,881.9,877.0,898.55,876.2,885.6,404794,3600.49,26714,222482.0,54.96,2026-09-24
ANUHPHR,EQ,24-Sep-2026,93.39,92.11,93.6,90.2,90.78,72865,66.65,1241,48830.0,67.01,2026-09-24
ANUP,EQ,24-Sep-2026,1698.4,1695.5,1715.0,1665.0,1670.1,29114,491.34,3332,13868.0,47.63,2026-09-24
ANURAS,EQ,24-Sep-2026,1193.4,1189.5,1199.0,1172.0,1177.2,215684,2556.44,14458,107540.0,49.86,2026-09-24
ANYA,SM,24-Sep-2026,17.6,17.55,20.7,17.55,18.3,25000,4.57,5,25000.0,100.0,2026-09-24
AONEGOLD,EQ,24-Sep-2026,14.09,14.15,14.15,13.95,13.95,363524,50.92,1710,229990.0,63.27,2026-09-24
AONELIQUID,EQ,24-Sep-2026,1078.01,1078.15,1078.17,1078.14,1078.16,50840,548.13,101,31019.0,61.01,2026-09-24
AONENIFTY,EQ,24-Sep-2026,9.69,9.44,9.79,9.44,9.59,159547,15.3,1386,129777.0,81.34,2026-09-24
AONESILVER,EQ,24-Sep-2026,8.8,8.8,8.9,8.63,8.64,455481,39.54,1328,385731.0,84.69,2026-09-24
AONETMMQ50,EQ,24-Sep-2026,10.21,10.26,10.26,10.07,10.11,133465,13.59,230,121951.0,91.37,2026-09-24
AONETOTAL,EQ,24-Sep-2026,11.72,11.98,11.98,11.54,11.57,182637,21.2,1070,128659.0,70.45,2026-09-24
APARINDS,EQ,24-Sep-2026,17876.0,17876.0,18143.0,17705.0,17804.0,78141,13988.46,24886,20530.0,26.27,2026-09-24
APCL,EQ,24-Sep-2026,95.93,96.99,96.99,93.63,95.27,6625,6.25,167,5152.0,77.77,2026-09-24
APCOTEXIND,EQ,24-Sep-2026,609.8,610.0,626.0,600.35,602.85,107799,661.16,5748,46709.0,43.33,2026-09-24
APEX,EQ,24-Sep-2026,362.5,361.0,361.05,347.25,348.9,64058,226.0,4032,33806.0,52.77,2026-09-24
APEXECO,ST,24-Sep-2026,268.8,268.0,268.0,255.4,255.4,15200,39.43,19,15200.0,100.0,2026-09-24
APLAPOLLO,EQ,24-Sep-2026,2195.0,2177.0,2204.9,2158.2,2184.8,469774,10259.49,28227,255047.0,54.29,2026-09-24
APLLTD,EQ,24-Sep-2026,844.4,840.0,858.4,834.95,850.0,354230,3013.97,30166,243579.0,68.76,2026-09-24
APOLLO,EQ,24-Sep-2026,404.6,401.0,407.8,396.8,399.05,5160852,20731.89,53814,1337922.0,25.92,2026-09-24
APOLLOHOSP,EQ,24-Sep-2026,9069.0,9069.0,9069.0,8888.5,8888.5,383106,34384.89,38984,242630.0,63.33,2026-09-24
APOLLOPIPE,EQ,24-Sep-2026,522.45,519.85,524.35,503.25,510.5,71129,363.47,3063,29224.0,41.09,2026-09-24
APOLLOTYRE,EQ,24-Sep-2026,405.7,405.5,405.5,396.2,397.95,432811,1731.94,16297,203275.0,46.97,2026-09-24
APOLSINHOT,EQ,24-Sep-2026,1214.0,1214.0,1233.9,1214.0,1217.1,406,4.96,34,357.0,87.93,2026-09-24
APOORVA,EQ,24-Sep-2026,34.32,35.58,35.58,32.61,33.7,2496,0.83,40,1987.0,79.61,2026-09-24
APRAMEYA,SM,24-Sep-2026,101.85,100.0,103.5,98.0,99.2,8500,8.5,14,7500.0,88.24,2026-09-24
APS,SM,24-Sep-2026,235.7,236.0,239.9,235.0,237.0,6500,15.41,23,5500.0,84.62,2026-09-24
APSISAERO,ST,24-Sep-2026,588.0,599.75,599.75,599.75,599.75,7200,43.18,6,7200.0,100.0,2026-09-24
APTECHT,EQ,24-Sep-2026,92.06,92.49,93.8,91.15,92.1,109778,101.56,1295,61400.0,55.93,2026-09-24
APTUS,EQ,24-Sep-2026,251.33,248.0,248.0,238.81,240.92,2030314,4902.31,39006,1083917.0,53.39,2026-09-24
AQYLON,EQ,24-Sep-2026,18.81,18.3,19.5,18.05,18.99,489420,92.27,2123,257044.0,52.52,2026-09-24
ARABIAN,SM,24-Sep-2026,88.5,88.5,88.5,86.0,87.0,8000,6.97,4,6000.0,75.0,2026-09-24
ARCHIDPLY,EQ,24-Sep-2026,109.77,109.96,109.96,106.21,106.47,5897,6.35,223,4527.0,76.77,2026-09-24
ARCHIES,EQ,24-Sep-2026,12.93,12.99,13.15,12.6,12.66,3236,0.42,111,2626.0,81.15,2026-09-24
ARCIIL,SM,24-Sep-2026,34.65,35.0,35.0,31.6,33.2,30000,9.89,18,13000.0,43.33,2026-09-24
ARCIL,EQ,24-Sep-2026,149.76,145.0,157.0,145.0,148.62,9331667,14203.91,103055,2701451.0,28.95,2026-09-24
ARCL,EQ,24-Sep-2026,255.79,268.5,268.5,245.45,256.85,5963,15.08,169,4538.0,76.1,2026-09-24
ARDEE,EQ,24-Sep-2026,52.25,51.3,51.35,49.11,49.62,3091839,1552.86,15564,1346759.0,43.56,2026-09-24
ARE&M,EQ,24-Sep-2026,812.85,809.0,809.05,793.0,795.4,302626,2421.23,20478,159337.0,52.65,2026-09-24
ARENTERP,EQ,24-Sep-2026,34.98,34.5,34.8,33.1,34.77,282,0.1,17,178.0,63.12,2026-09-24
ARFIN,EQ,24-Sep-2026,91.42,88.71,92.0,88.51,89.42,1135122,1022.14,4210,137939.0,12.15,2026-09-24
ARHAM,SM,24-Sep-2026,214.35,213.0,213.8,210.7,213.2,7000,14.89,7,5000.0,71.43,2026-09-24
ARIES,BE,24-Sep-2026,466.95,470.0,472.0,465.0,466.9,26734,125.54,167,,,2026-09-24
ARIHANT,EQ,24-Sep-2026,900.8,889.4,895.0,871.4,890.4,5086,45.05,251,4096.0,80.53,2026-09-24
ARIHANTACA,SM,24-Sep-2026,500.0,499.95,499.95,470.05,470.05,1600,7.8,4,1200.0,75.0,2026-09-24
ARIHANTCAP,EQ,24-Sep-2026,94.06,95.0,95.39,91.22,91.95,779218,724.91,7822,291822.0,37.45,2026-09-24
ARIHANTSUP,EQ,24-Sep-2026,239.95,239.85,247.85,239.85,243.1,6222,15.11,126,5407.0,86.9,2026-09-24
ARIS,EQ,24-Sep-2026,143.72,143.9,143.9,139.0,141.92,767528,1084.44,12439,353564.0,46.07,2026-09-24
ARKADE,EQ,24-Sep-2026,127.73,127.47,128.89,123.2,124.73,186335,234.21,2682,58944.0,31.63,2026-09-24
ARMANFIN,EQ,24-Sep-2026,1968.9,1958.0,1959.9,1869.0,1897.5,39659,754.07,6959,21238.0,53.55,2026-09-24
ARMOUR,ST,24-Sep-2026,18.25,19.15,19.15,19.0,19.15,12000,2.29,6,12000.0,100.0,2026-09-24
AROGRANITE,EQ,24-Sep-2026,24.23,24.13,24.13,23.7,23.97,1397,0.33,36,999.0,71.51,2026-09-24
ARROWGREEN,EQ,24-Sep-2026,900.0,900.0,915.05,886.0,895.95,30653,276.02,2962,15861.0,51.74,2026-09-24
ARSHIYA,BZ,24-Sep-2026,0.71,0.73,0.74,0.7,0.72,196619,1.42,75,,,2026-09-24
ARSSBL,EQ,24-Sep-2026,510.8,508.8,509.0,495.0,497.45,139770,698.51,4185,79690.0,57.02,2026-09-24
ARTEMISMED,EQ,24-Sep-2026,341.9,339.0,342.65,331.1,332.7,212640,714.59,7759,107355.0,50.49,2026-09-24
ARTNIRMAN,EQ,24-Sep-2026,40.01,40.21,40.21,38.6,39.97,316,0.12,15,209.0,66.14,2026-09-24
ARUNAYA,SM,24-Sep-2026,14.15,14.15,14.15,14.0,14.0,4000,0.56,2,4000.0,100.0,2026-09-24
ARVEE,EQ,24-Sep-2026,242.18,237.8,237.8,219.27,224.25,27441,61.94,804,12547.0,45.72,2026-09-24
ARVIND,EQ,24-Sep-2026,548.25,541.1,571.9,541.1,565.7,1035806,5831.09,38554,407686.0,39.36,2026-09-24
ARVINDFASN,EQ,24-Sep-2026,425.45,422.0,422.05,413.2,414.25,112586,469.63,9710,58945.0,52.36,2026-09-24
ARVINDPORT,SM,24-Sep-2026,36.05,36.05,36.05,34.5,34.5,9000,3.16,6,9000.0,100.0,2026-09-24
ARVSMART,EQ,24-Sep-2026,634.05,630.0,637.9,618.55,622.75,168728,1058.29,6906,48660.0,28.84,2026-09-24
ARYAMAN,EQ,24-Sep-2026,611.05,611.05,615.0,610.0,615.0,885,5.44,4,885.0,100.0,2026-09-24
ASAHIINDIA,EQ,24-Sep-2026,971.3,965.0,994.9,960.0,965.4,181631,1780.8,15649,59621.0,32.83,2026-09-24
ASAHISONG,BE,24-Sep-2026,382.9,382.9,393.0,376.0,388.0,12997,49.88,211,,,2026-09-24
ASAL,EQ,24-Sep-2026,452.0,451.0,454.8,439.0,441.7,8394,37.32,545,5770.0,68.74,2026-09-24
ASALCBR,EQ,24-Sep-2026,657.9,657.9,664.4,647.1,651.0,20912,136.51,2967,11067.0,52.92,2026-09-24
ASHALOG,SM,24-Sep-2026,60.0,61.5,61.5,60.0,60.5,4000,2.42,3,4000.0,100.0,2026-09-24
ASHAPURMIN,EQ,24-Sep-2026,532.85,530.85,531.65,509.0,510.75,441922,2279.63,16178,225387.0,51.0,2026-09-24
ASHIANA,EQ,24-Sep-2026,391.05,387.0,395.9,386.0,388.5,30140,117.83,1603,12946.0,42.95,2026-09-24
ASHIKAG,BE,24-Sep-2026,403.85,407.6,408.9,398.05,402.45,5424,21.77,136,,,2026-09-24
ASHIMASYN,EQ,24-Sep-2026,15.81,15.99,16.25,15.7,15.8,52805,8.4,250,39179.0,74.2,2026-09-24
ASHOKA,EQ,24-Sep-2026,112.8,112.1,115.0,111.1,113.05,391179,438.68,4753,188994.0,48.31,2026-09-24
ASHOKAMET,EQ,24-Sep-2026,15.54,15.75,16.1,14.71,15.68,143518,22.25,696,89165.0,62.13,2026-09-24
ASHOKLEY,EQ,24-Sep-2026,162.89,160.0,160.6,157.0,157.3,8138134,12934.25,102700,3893684.0,47.84,2026-09-24
ASHUTOSH,SM,24-Sep-2026,161.45,160.55,164.85,156.3,161.1,99600,160.53,82,64800.0,65.06,2026-09-24
ASHWINI,SM,24-Sep-2026,160.95,160.0,160.0,160.0,160.0,1000,1.6,1,1000.0,100.0,2026-09-24
ASIANENE,EQ,24-Sep-2026,489.7,490.0,496.0,470.05,474.65,252857,1213.82,9357,127838.0,50.56,2026-09-24
ASIANHOTNR,EQ,24-Sep-2026,390.45,392.65,398.25,381.05,389.5,5722,22.08,323,3353.0,58.6,2026-09-24
ASIANPAINT,EQ,24-Sep-2026,2455.0,2430.0,2437.8,2391.0,2392.7,259577,6264.16,35870,136443.0,52.56,2026-09-24
ASIANTILES,EQ,24-Sep-2026,51.16,50.9,50.9,49.32,50.35,2851492,1427.55,6261,1257679.0,44.11,2026-09-24
ASIANTNE,EQ,24-Sep-2026,9.24,9.75,9.75,9.02,9.19,3593,0.33,59,3180.0,88.51,2026-09-24
ASKAUTOLTD,EQ,24-Sep-2026,651.25,650.5,654.95,637.7,642.75,201541,1301.19,12671,102387.0,50.8,2026-09-24
ASMS,EQ,24-Sep-2026,6.47,6.45,6.55,6.34,6.41,201114,12.98,703,153334.0,76.24,2026-09-24
ASPINWALL,EQ,24-Sep-2026,255.55,257.0,260.05,252.15,258.95,6938,17.77,73,6505.0,93.76,2026-09-24
ASTAR,EQ,24-Sep-2026,708.95,695.0,726.25,663.0,679.25,713,4.95,103,506.0,70.97,2026-09-24
ASTEC,EQ,24-Sep-2026,757.45,747.7,756.8,721.0,728.8,67021,493.7,4232,20393.0,30.43,2026-09-24
ASTERDM,EQ,24-Sep-2026,760.05,752.0,780.0,752.0,768.65,1555012,11987.69,58922,881656.0,56.7,2026-09-24
ASTRAL,EQ,24-Sep-2026,1394.8,1387.8,1402.3,1384.0,1392.0,539189,7520.92,35939,334731.0,62.08,2026-09-24
ASTRAMICRO,EQ,24-Sep-2026,1602.1,1604.1,1609.0,1591.0,1596.2,225496,3608.13,11263,113148.0,50.18,2026-09-24
ASTRAZEN,EQ,24-Sep-2026,6706.0,6706.0,6706.0,6543.0,6591.0,4758,314.82,1399,2113.0,44.41,2026-09-24
ASTRON,BZ,24-Sep-2026,2.97,2.97,3.04,2.84,2.95,23515,0.69,93,,,2026-09-24
ATALREAL,EQ,24-Sep-2026,14.36,14.3,14.83,14.3,14.6,5678874,828.22,3008,2081237.0,36.65,2026-09-24
ATAM,EQ,24-Sep-2026,59.24,59.24,60.42,57.0,58.08,7448,4.32,308,3971.0,53.32,2026-09-24
ATGL,EQ,24-Sep-2026,625.25,623.9,623.9,611.1,612.4,634187,3915.14,18041,183647.0,28.96,2026-09-24
ATHERENERG,EQ,24-Sep-2026,1499.4,1489.0,1524.5,1481.0,1499.0,3276318,49324.25,83694,843587.0,25.75,2026-09-24
ATL,EQ,24-Sep-2026,25.93,25.99,26.17,24.91,25.18,294106,74.48,1741,174062.0,59.18,2026-09-24
ATLANTAA,EQ,24-Sep-2026,35.83,35.65,35.83,35.06,35.65,6973,2.48,201,5695.0,81.67,2026-09-24
ATLANTAELE,EQ,24-Sep-2026,1656.3,1676.0,1676.0,1577.0,1587.2,107385,1722.68,8831,68572.0,63.86,2026-09-24
ATLASCYCLE,EQ,24-Sep-2026,100.46,100.0,101.55,96.32,97.89,8923,8.81,256,5381.0,60.3,2026-09-24
ATLPP,E1,24-Sep-2026,9.1,9.21,9.21,8.82,8.82,569,0.05,10,501.0,88.05,2026-09-24
ATMASTCO,SM,24-Sep-2026,121.6,123.65,127.65,115.55,115.6,173600,203.55,234,99600.0,57.37,2026-09-24
ATUL,EQ,24-Sep-2026,6118.0,6100.0,6208.5,6098.5,6135.5,22896,1407.63,7084,13893.0,60.68,2026-09-24
ATULAUTO,EQ,24-Sep-2026,457.75,457.75,457.75,445.0,447.55,48768,219.82,3004,26244.0,53.81,2026-09-24
AUBANK,EQ,24-Sep-2026,1053.0,1034.1,1034.1,999.2,1000.1,3448868,34789.6,85022,1737714.0,50.39,2026-09-24
AUGMONT,EQ,24-Sep-2026,886.3,879.95,895.0,858.6,864.1,448654,3926.99,21756,138459.0,30.86,2026-09-24
AURIONPRO,EQ,24-Sep-2026,689.4,680.0,704.0,675.25,682.55,115289,796.01,6713,56436.0,48.95,2026-09-24
AUROIMPEX,SM,24-Sep-2026,39.0,40.95,40.95,39.0,40.95,152000,61.99,81,128000.0,84.21,2026-09-24
AUROPHARMA,EQ,24-Sep-2026,1721.5,1719.7,1740.0,1710.0,1716.0,819753,14156.97,37170,370956.0,45.25,2026-09-24
AURUM,EQ,24-Sep-2026,223.19,223.0,223.0,219.9,220.22,67430,148.77,1263,41158.0,61.04,2026-09-24
AURUS,EQ,24-Sep-2026,4.67,4.85,4.85,4.51,4.63,17035,0.79,117,11171.0,65.58,2026-09-24
AUSL,SM,24-Sep-2026,23.0,21.9,24.15,21.85,24.15,18000,4.12,8,16000.0,88.89,2026-09-24
AUSOMENT,EQ,24-Sep-2026,147.63,147.63,149.0,140.3,145.66,8104,11.74,352,6974.0,86.06,2026-09-24
AUSTENG,EQ,24-Sep-2026,164.19,164.4,171.97,164.19,169.04,33265,55.91,607,23510.0,70.67,2026-09-24
AUTOAXLES,EQ,24-Sep-2026,1682.0,1687.8,1700.0,1668.6,1683.6,4622,77.99,513,2430.0,52.57,2026-09-24
AUTOBEES,EQ,24-Sep-2026,280.54,280.0,281.29,277.0,277.2,179921,500.83,3203,128234.0,71.27,2026-09-24
AUTOIETF,EQ,24-Sep-2026,28.2,28.06,28.2,27.61,27.7,1031747,286.76,2648,823258.0,79.79,2026-09-24
AUTOIND,EQ,24-Sep-2026,87.79,87.5,89.54,84.0,84.32,768484,661.97,5127,500319.0,65.1,2026-09-24
AVADHSUGAR,EQ,24-Sep-2026,730.8,731.05,737.0,719.95,724.1,33701,245.27,2879,17625.0,52.3,2026-09-24
AVALON,EQ,24-Sep-2026,2445.6,2427.9,2470.0,2280.0,2316.1,373474,8818.42,37572,157827.0,42.26,2026-09-24
AVANA,ST,24-Sep-2026,138.0,139.0,139.0,134.2,135.9,18000,24.51,9,18000.0,100.0,2026-09-24
AVANCE,EQ,24-Sep-2026,0.83,0.84,0.84,0.8,0.8,4330582,35.45,1295,2248347.0,51.92,2026-09-24
AVANTEL,EQ,24-Sep-2026,146.17,153.0,160.0,151.38,155.34,19469119,30482.26,149839,1759159.0,9.04,2026-09-24
AVANTIFEED,EQ,24-Sep-2026,767.2,762.0,764.15,747.2,749.75,161012,1214.02,11162,83109.0,51.62,2026-09-24
AVATAR,ST,24-Sep-2026,187.9,197.2,197.2,178.55,178.55,8000,14.66,4,8000.0,100.0,2026-09-24
AVG,BE,24-Sep-2026,167.05,168.0,168.0,162.3,162.99,6982,11.44,89,,,2026-09-24
AVIANSH,SM,24-Sep-2026,100.0,101.0,101.5,101.0,101.5,2000,2.03,2,2000.0,100.0,2026-09-24
AVIENCE,SM,24-Sep-2026,354.45,350.0,350.0,334.4,338.2,79800,272.84,122,53400.0,66.92,2026-09-24
AVL,EQ,24-Sep-2026,624.4,624.1,630.0,617.0,628.05,83082,519.4,6917,34861.0,41.96,2026-09-24
AVONMORE,EQ,24-Sep-2026,13.48,13.64,13.64,13.01,13.1,174612,23.13,575,135947.0,77.86,2026-09-24
AVPINFRA,SM,24-Sep-2026,57.4,57.0,57.5,56.45,56.45,9600,5.48,11,8000.0,83.33,2026-09-24
AVROIND,EQ,24-Sep-2026,7.13,7.24,7.24,6.99,7.08,132690,9.41,559,98150.0,73.97,2026-09-24
AVTNPL,EQ,24-Sep-2026,96.88,95.3,96.7,91.91,92.93,418880,393.29,4752,210269.0,50.2,2026-09-24
AWFIS,EQ,24-Sep-2026,269.05,269.25,269.9,257.8,262.4,717703,1880.1,13843,347357.0,48.4,2026-09-24
AWHCL,EQ,24-Sep-2026,387.95,383.05,387.8,377.95,381.05,96746,370.62,5220,36017.0,37.23,2026-09-24
AWL,EQ,24-Sep-2026,186.18,188.49,189.33,183.7,184.69,3163547,5872.75,36792,1042305.0,32.95,2026-09-24
AXISBANK,EQ,24-Sep-2026,1243.2,1225.2,1225.2,1175.0,1186.5,10890660,129781.14,206284,5862610.0,53.83,2026-09-24
AXISCADES,EQ,24-Sep-2026,1940.2,1930.0,1959.0,1905.2,1923.1,118651,2291.08,12283,62144.0,52.38,2026-09-24
AXITA,EQ,24-Sep-2026,8.0,8.11,8.12,7.95,8.0,1313832,105.27,1022,206699.0,15.73,2026-09-24
AXTEL,EQ,24-Sep-2026,450.35,449.5,459.9,435.0,442.3,1962,8.77,239,1414.0,72.07,2026-09-24
AYE,EQ,24-Sep-2026,180.66,181.99,181.99,170.6,171.99,1306567,2275.1,22831,698770.0,53.48,2026-09-24
AYMSYNTEX,EQ,24-Sep-2026,292.8,296.95,296.95,283.15,285.4,47064,134.67,3242,27385.0,58.19,2026-09-24
AZAD,EQ,24-Sep-2026,2713.2,2705.0,2739.3,2667.9,2678.3,194120,5251.28,19434,74815.0,38.54,2026-09-24
AZADIND,EQ,24-Sep-2026,80.93,84.0,88.9,81.06,83.77,39928,33.57,1630,7411.0,18.56,2026-09-24
BAFNAPH,BE,24-Sep-2026,336.5,343.2,343.2,343.2,343.2,740,2.54,15,,,2026-09-24
BAGDIGITAL,SM,24-Sep-2026,105.0,102.9,104.5,100.0,103.75,40000,41.24,21,20800.0,52.0,2026-09-24
BAGFILMS,EQ,24-Sep-2026,4.34,4.35,4.38,4.25,4.29,43213,1.85,129,35060.0,81.13,2026-09-24
BAGMANE,RR,24-Sep-2026,110.29,110.29,110.89,109.12,109.72,494732,545.24,7078,415306.0,83.95,2026-09-24
BAHETI,SM,24-Sep-2026,761.25,783.0,783.0,740.0,750.2,13125,100.06,25,7875.0,60.0,2026-09-24
BAIDFIN,EQ,24-Sep-2026,10.55,10.55,10.63,10.29,10.45,40141,4.17,322,32859.0,81.86,2026-09-24
BAJAJ-AUTO,EQ,24-Sep-2026,11400.0,11341.0,11383.0,11201.0,11208.0,106766,12025.13,18532,42018.0,39.36,2026-09-24
BAJAJCON,EQ,24-Sep-2026,505.85,504.0,514.1,499.5,501.7,542706,2736.44,19304,288365.0,53.13,2026-09-24
BAJAJELEC,EQ,24-Sep-2026,329.4,326.15,328.0,320.15,321.45,85820,277.56,3521,54380.0,63.37,2026-09-24
BAJAJFINSV,EQ,24-Sep-2026,1846.5,1818.0,1818.0,1760.9,1762.3,1520045,27042.54,87450,817714.0,53.8,2026-09-24
BAJAJHCARE,EQ,24-Sep-2026,352.7,354.0,364.4,348.3,350.15,310385,1107.65,10570,136101.0,43.85,2026-09-24
BAJAJHFL,EQ,24-Sep-2026,83.52,83.28,83.39,82.08,82.96,4579123,3784.22,28771,2455459.0,53.62,2026-09-24
BAJAJHIND,EQ,24-Sep-2026,20.52,20.48,20.48,19.7,19.9,9500176,1902.02,13849,3206262.0,33.75,2026-09-24
BAJAJHLDNG,EQ,24-Sep-2026,11449.0,11390.0,11390.0,10898.0,10917.0,43678,4863.11,11998,26513.0,60.7,2026-09-24
BAJAJINDEF,EQ,24-Sep-2026,221.9,220.05,223.59,217.83,218.37,11131,24.44,392,7466.0,67.07,2026-09-24
BAJAJST,EQ,24-Sep-2026,349.8,347.0,349.1,345.0,347.0,3155,10.93,234,2204.0,69.86,2026-09-24
BAJEL,EQ,24-Sep-2026,174.06,174.02,174.02,168.0,172.11,114747,196.01,2868,57344.0,49.97,2026-09-24
BAJFINANCE,EQ,24-Sep-2026,1043.2,1005.0,1015.0,974.0,982.0,13385656,132373.03,226906,7008277.0,52.36,2026-09-24
BALAJEE,EQ,24-Sep-2026,25.68,24.95,26.4,24.95,25.38,38348,9.77,269,26018.0,67.85,2026-09-24
BALAJIPHOS,SM,24-Sep-2026,112.6,116.5,116.5,110.05,110.05,6000,6.73,3,4000.0,66.67,2026-09-24
BALAJITELE,EQ,24-Sep-2026,94.18,93.0,97.3,92.76,93.82,173922,165.46,2515,80478.0,46.27,2026-09-24
BALAMINES,EQ,24-Sep-2026,2271.2,2259.1,2308.4,2209.1,2226.0,182755,4114.84,19094,58006.0,31.74,2026-09-24
BALAXI,EQ,24-Sep-2026,22.94,22.5,23.25,22.5,22.73,20375,4.64,183,18391.0,90.26,2026-09-24
BALCO,SM,24-Sep-2026,19.9,20.85,20.85,20.85,20.85,1200,0.25,1,1200.0,100.0,2026-09-24
BALKRISHNA,EQ,24-Sep-2026,16.15,16.15,16.4,15.5,15.9,4835,0.77,153,2864.0,59.23,2026-09-24
BALKRISIND,EQ,24-Sep-2026,2199.6,2185.0,2201.7,2161.1,2167.8,49847,1087.66,9483,27532.0,55.23,2026-09-24
BALMLAWRIE,EQ,24-Sep-2026,167.43,167.0,167.0,161.05,164.25,123861,203.65,2480,64678.0,52.22,2026-09-24
BALPHARMA,EQ,24-Sep-2026,108.28,106.25,108.99,103.0,105.02,37460,39.9,959,20296.0,54.18,2026-09-24
BALRAMCHIN,EQ,24-Sep-2026,676.4,674.8,677.5,657.0,659.4,578395,3845.46,15573,182830.0,31.61,2026-09-24
BALUFORGE,EQ,24-Sep-2026,506.25,502.55,506.95,495.15,498.1,319506,1599.48,11038,134651.0,42.14,2026-09-24
BANARBEADS,EQ,24-Sep-2026,113.28,116.99,119.64,113.1,115.86,7965,9.29,197,4645.0,58.32,2026-09-24
BANARISUG,EQ,24-Sep-2026,3342.8,3334.6,3334.6,3300.0,3306.5,550,18.2,106,448.0,81.45,2026-09-24
BANCOINDIA,EQ,24-Sep-2026,611.75,608.0,612.35,600.2,602.35,54525,330.48,6621,27538.0,50.51,2026-09-24
BANDHANBNK,EQ,24-Sep-2026,191.38,186.0,189.28,182.62,182.9,19300035,35871.72,81476,7583944.0,39.29,2026-09-24
BANG,EQ,24-Sep-2026,31.78,32.38,32.4,31.45,31.61,10834,3.43,146,8507.0,78.52,2026-09-24
BANK10ADD,EQ,24-Sep-2026,16.59,16.54,16.89,16.36,16.53,116459,19.14,296,42227.0,36.26,2026-09-24
BANK10BETF,EQ,24-Sep-2026,20.46,20.32,20.32,20.05,20.17,6777,1.37,47,4191.0,61.84,2026-09-24
BANKA,EQ,24-Sep-2026,76.5,76.5,76.5,76.5,76.5,51,0.04,5,51.0,100.0,2026-09-24
BANKADD,EQ,24-Sep-2026,58.01,57.78,57.78,56.78,56.9,33277,18.96,186,22488.0,67.58,2026-09-24
BANKBARODA,EQ,24-Sep-2026,236.87,234.5,236.22,233.77,234.3,3751372,8806.11,30881,1621954.0,43.24,2026-09-24
BANKBEES,EQ,24-Sep-2026,585.57,586.0,586.0,570.93,575.88,806404,4651.17,15203,504947.0,62.62,2026-09-24
BANKBETA,EQ,24-Sep-2026,58.42,59.88,59.88,57.36,57.5,151910,87.56,706,84948.0,55.92,2026-09-24
BANKBETF,EQ,24-Sep-2026,57.64,57.64,57.64,56.31,56.52,22513,12.75,320,14454.0,64.2,2026-09-24
BANKETF,EQ,24-Sep-2026,576.92,570.73,570.96,565.21,566.53,36849,209.2,564,20182.0,54.77,2026-09-24
BANKIETF,EQ,24-Sep-2026,58.02,57.41,57.65,56.97,57.06,463705,265.3,2758,283088.0,61.05,2026-09-24
BANKINDIA,EQ,24-Sep-2026,139.65,138.26,138.75,137.11,137.76,3672188,5055.42,22847,1699588.0,46.28,2026-09-24
BANKNIFTY1,EQ,24-Sep-2026,58.68,60.14,60.14,57.21,57.55,1004664,579.31,2126,786383.0,78.27,2026-09-24
BANKPSU,EQ,24-Sep-2026,84.16,84.0,84.14,83.25,83.44,4131,3.45,98,1907.0,46.16,2026-09-24
BANSALWIRE,EQ,24-Sep-2026,315.9,316.1,330.0,316.1,323.35,223728,725.3,6301,117879.0,52.69,2026-09-24
BANSWRAS,EQ,24-Sep-2026,111.28,111.85,114.62,108.62,109.34,102020,113.1,1547,41257.0,40.44,2026-09-24
BARFLEX,SM,24-Sep-2026,60.0,59.5,60.0,59.5,60.0,22000,13.18,8,18000.0,81.82,2026-09-24
BASF,EQ,24-Sep-2026,3580.4,3570.0,3579.9,3509.7,3523.9,13349,471.4,3045,7006.0,52.48,2026-09-24
BASILIC,SM,24-Sep-2026,172.5,172.25,172.25,164.2,165.9,36600,61.08,113,30300.0,82.79,2026-09-24
BASML,BE,24-Sep-2026,25.04,24.6,25.4,24.25,24.26,69285,16.96,126,,,2026-09-24
BATAINDIA,EQ,24-Sep-2026,637.2,637.2,638.95,626.0,627.0,89666,564.79,8087,54407.0,60.68,2026-09-24
BATLIBOI,EQ,24-Sep-2026,84.28,82.5,84.5,81.5,83.77,18593,15.52,713,11767.0,63.29,2026-09-24
BAWEJA,SM,24-Sep-2026,25.9,25.65,25.9,25.65,25.85,7200,1.86,7,7200.0,100.0,2026-09-24
BAYERCROP,EQ,24-Sep-2026,3762.6,3762.6,3764.9,3725.0,3736.3,20014,748.67,5980,10052.0,50.22,2026-09-24
BBETF0432,EQ,24-Sep-2026,1340.66,1335.36,1342.94,1335.0,1335.53,621,8.31,38,527.0,84.86,2026-09-24
BBL,EQ,24-Sep-2026,2231.1,2215.0,2242.0,2185.0,2203.1,14261,314.12,2487,7879.0,55.25,2026-09-24
BBNPNBETF,EQ,24-Sep-2026,57.19,56.46,57.04,55.87,55.87,1140,0.64,32,941.0,82.54,2026-09-24
BBNPPGOLD,EQ,24-Sep-2026,146.4,147.1,147.2,143.15,144.9,19352,28.11,73,1937.0,10.01,2026-09-24
BBOX,EQ,24-Sep-2026,809.85,803.0,809.7,791.75,795.4,282103,2256.46,17746,133003.0,47.15,2026-09-24
BBTC,EQ,24-Sep-2026,1450.2,1450.2,1450.2,1429.1,1437.4,36159,520.42,3726,13790.0,38.14,2026-09-24
BBTCL,EQ,24-Sep-2026,231.3,232.69,234.02,223.52,229.17,5451,12.49,372,3485.0,63.93,2026-09-24
BCG,EQ,24-Sep-2026,9.59,9.54,9.61,9.4,9.46,4054174,385.11,6024,2239382.0,55.24,2026-09-24
BCLIND,EQ,24-Sep-2026,34.14,33.99,34.09,33.14,33.48,428082,143.86,2399,182264.0,42.58,2026-09-24
BCONCEPTS,EQ,24-Sep-2026,153.06,153.99,154.0,150.05,151.32,5900,8.99,230,4460.0,75.59,2026-09-24
BCPL,EQ,24-Sep-2026,69.47,70.8,72.99,67.71,68.4,26282,18.25,470,10902.0,41.48,2026-09-24
BDL,EQ,24-Sep-2026,1161.0,1170.0,1183.0,1152.1,1155.0,2015425,23596.65,52373,400911.0,19.89,2026-09-24
BEACON,SM,24-Sep-2026,87.15,87.3,87.3,83.5,85.9,4000,3.4,4,3000.0,75.0,2026-09-24
BEARDSELL,EQ,24-Sep-2026,24.75,25.25,25.25,23.89,24.11,18314,4.43,222,14527.0,79.32,2026-09-24
BECTORFOOD,EQ,24-Sep-2026,219.3,220.77,221.0,215.0,215.68,540566,1175.15,15327,252179.0,46.65,2026-09-24
BEDMUTHA,EQ,24-Sep-2026,104.89,104.96,108.0,102.1,103.05,527,0.55,29,377.0,71.54,2026-09-24
BEEKAY,EQ,24-Sep-2026,423.25,427.5,427.5,423.0,426.4,745,3.17,64,717.0,96.24,2026-09-24
BEL,EQ,24-Sep-2026,396.05,394.0,398.05,392.0,392.0,5841116,23116.21,81361,2933274.0,50.22,2026-09-24
BELLACASA,EQ,24-Sep-2026,284.12,284.0,284.0,268.02,272.34,14031,38.92,1151,6103.0,43.5,2026-09-24
BELRISE,EQ,24-Sep-2026,249.78,246.0,250.61,242.21,243.63,2808239,6948.37,38629,1469762.0,52.34,2026-09-24
BEML,EQ,24-Sep-2026,2095.4,2078.2,2089.0,2030.0,2044.4,193556,3983.02,15937,78104.0,40.35,2026-09-24
BENARAS,EQ,24-Sep-2026,10470.0,10470.0,10550.0,10215.0,10299.0,83,8.58,26,73.0,87.95,2026-09-24
BENGALASM,EQ,24-Sep-2026,6182.5,6153.0,6179.5,6120.5,6126.0,142,8.72,31,120.0,84.51,2026-09-24
BEPL,EQ,24-Sep-2026,130.49,130.2,131.04,126.0,127.09,995288,1273.91,8858,398274.0,40.02,2026-09-24
BERGEPAINT,EQ,24-Sep-2026,459.75,457.85,457.85,444.35,449.4,671583,3011.76,19615,429819.0,64.0,2026-09-24
BESTAGRO,EQ,24-Sep-2026,18.59,18.48,18.75,18.01,18.19,400243,73.26,1422,203973.0,50.96,2026-09-24
BETA,EQ,24-Sep-2026,2187.8,2190.5,2197.9,2080.0,2093.4,16148,341.26,2701,9372.0,58.04,2026-09-24
BEWLTD,SM,24-Sep-2026,72.9,72.0,78.0,70.0,74.3,131000,98.35,155,82500.0,62.98,2026-09-24
BFINVEST,EQ,24-Sep-2026,446.7,446.7,447.4,436.2,439.55,13440,59.44,750,8037.0,59.8,2026-09-24
BFSI,EQ,24-Sep-2026,26.58,26.58,26.75,25.94,26.04,682471,177.94,1707,654554.0,95.91,2026-09-24
BFUTILITIE,EQ,24-Sep-2026,530.5,525.0,529.0,518.0,525.45,32590,170.81,1473,14812.0,45.45,2026-09-24
BGRENERGY,BE,24-Sep-2026,260.6,259.99,265.0,247.57,251.53,63121,158.78,631,,,2026-09-24
BHADORA,ST,24-Sep-2026,127.0,127.0,129.55,126.0,126.5,12000,15.31,10,10800.0,90.0,2026-09-24
BHAGCHEM,EQ,24-Sep-2026,247.0,244.5,247.4,243.25,244.85,104144,254.5,1448,69910.0,67.13,2026-09-24
BHAGERIA,EQ,24-Sep-2026,351.75,340.0,361.95,335.25,359.65,243343,854.7,4949,126343.0,51.92,2026-09-24
BHAGYANGR,EQ,24-Sep-2026,444.65,448.9,453.4,429.35,432.3,137809,608.9,6007,68506.0,49.71,2026-09-24
BHANDARI,EQ,24-Sep-2026,2.95,2.97,2.97,2.91,2.93,61014,1.79,187,47243.0,77.43,2026-09-24
BHARATCOAL,EQ,24-Sep-2026,32.62,32.49,32.49,32.0,32.13,3636614,1171.61,13702,1954147.0,53.74,2026-09-24
BHARATFORG,EQ,24-Sep-2026,2004.0,1965.0,2023.2,1965.0,1998.9,1248669,24983.91,57656,729458.0,58.42,2026-09-24
BHARATGEAR,BE,24-Sep-2026,101.42,101.25,101.3,100.02,100.33,5711,5.73,87,,,2026-09-24
BHARATRAS,EQ,24-Sep-2026,1134.0,1136.4,1136.4,1105.0,1114.0,11034,123.59,1271,6287.0,56.98,2026-09-24
BHARATSE,EQ,24-Sep-2026,220.05,220.05,220.06,214.44,217.55,75195,163.19,3886,29298.0,38.96,2026-09-24
BHARATWIRE,EQ,24-Sep-2026,170.1,170.1,170.11,164.1,165.34,119874,200.45,3039,72372.0,60.37,2026-09-24
BHARTIARTL,EQ,24-Sep-2026,1833.2,1829.7,1829.9,1795.8,1795.8,4567379,82559.32,113401,3225848.0,70.63,2026-09-24
BHARTIHEXA,EQ,24-Sep-2026,1525.2,1511.0,1519.9,1496.8,1507.2,27837,419.08,6153,14301.0,51.37,2026-09-24
BHEL,EQ,24-Sep-2026,423.1,421.4,422.65,415.35,415.35,5474876,22930.55,54114,2423131.0,44.26,2026-09-24
BI,BE,24-Sep-2026,104.86,103.0,103.0,102.77,102.77,10765,11.07,29,,,2026-09-24
BIGBLOC,EQ,24-Sep-2026,39.97,40.4,40.95,39.52,40.56,22890,9.23,390,18619.0,81.34,2026-09-24
BIKAJI,EQ,24-Sep-2026,591.1,591.1,591.9,570.95,575.2,146636,853.1,9250,49495.0,33.75,2026-09-24
BIKEWO,ST,24-Sep-2026,125.3,122.9,122.9,122.8,122.8,56000,68.8,23,56000.0,100.0,2026-09-24
BIL,EQ,24-Sep-2026,1034.95,1036.55,1043.95,1001.0,1010.25,8544,87.29,600,6141.0,71.88,2026-09-24
BILVYAPAR,BE,24-Sep-2026,4.29,4.29,4.44,4.29,4.29,4175,0.18,20,,,2026-09-24
BIMETAL,EQ,24-Sep-2026,660.65,661.0,661.0,645.0,659.1,137,0.9,18,124.0,90.51,2026-09-24
BIOCON,EQ,24-Sep-2026,395.0,390.9,394.8,384.9,387.0,1708424,6658.42,32800,886323.0,51.88,2026-09-24
BIOFILCHEM,EQ,24-Sep-2026,32.29,32.05,32.63,32.05,32.33,9891,3.2,165,7751.0,78.36,2026-09-24
BIOPOL,SM,24-Sep-2026,48.65,47.5,48.35,47.5,47.6,15600,7.45,13,13200.0,84.62,2026-09-24
BIRET,RR,24-Sep-2026,338.89,338.5,339.0,334.56,336.98,316319,1067.34,10481,240579.0,76.06,2026-09-24
BIRLACABLE,EQ,24-Sep-2026,361.9,361.05,364.75,343.95,345.2,371183,1300.67,7719,203999.0,54.96,2026-09-24
BIRLACORPN,EQ,24-Sep-2026,839.95,831.0,849.75,828.85,840.9,60283,507.45,5490,27519.0,45.65,2026-09-24
BIRLAMONEY,EQ,24-Sep-2026,120.34,120.34,120.5,117.6,118.66,16031,19.02,646,8265.0,51.56,2026-09-24
BIRLANU,EQ,24-Sep-2026,1407.3,1407.3,1445.9,1385.2,1421.3,9067,127.26,1264,5092.0,56.16,2026-09-24
BIRLAPREC,BE,24-Sep-2026,56.67,58.0,58.95,55.32,56.47,128209,73.75,528,,,2026-09-24
BLACKBUCK,EQ,24-Sep-2026,616.05,610.0,610.0,588.0,592.95,482807,2883.01,24675,265496.0,54.99,2026-09-24
BLACKROSE,BE,24-Sep-2026,114.91,112.61,115.0,110.2,112.86,13522,15.29,191,,,2026-09-24
BLAL,EQ,24-Sep-2026,165.33,165.33,167.8,162.05,162.83,16847,27.52,651,10608.0,62.97,2026-09-24
BLBLIMITED,EQ,24-Sep-2026,17.33,17.26,17.5,16.84,17.12,159672,27.5,610,123781.0,77.52,2026-09-24
BLEL,EQ,24-Sep-2026,469.6,464.0,464.35,442.2,447.3,611687,2753.97,17736,241177.0,39.43,2026-09-24
BLIL,EQ,24-Sep-2026,67.28,67.3,67.3,66.66,66.73,49766,33.27,1739,43871.0,88.15,2026-09-24
BLISSGVS,BE,24-Sep-2026,699.2,707.75,707.75,680.0,687.05,159514,1094.71,1670,,,2026-09-24
BLKASHYAP,EQ,24-Sep-2026,53.97,53.21,53.39,52.4,52.85,162477,85.89,1468,89298.0,54.96,2026-09-24
BLS,EQ,24-Sep-2026,230.07,229.8,229.8,220.96,223.9,979443,2202.9,16752,531134.0,54.23,2026-09-24
BLSE,EQ,24-Sep-2026,322.45,321.75,328.0,320.35,326.7,346574,1125.87,7879,120514.0,34.77,2026-09-24
BLUECLOUDS,EQ,24-Sep-2026,19.73,19.66,20.41,19.5,20.06,2344649,470.91,6131,976729.0,41.66,2026-09-24
BLUECOAST,EQ,24-Sep-2026,20.82,20.82,21.79,20.69,20.72,724,0.15,28,603.0,83.29,2026-09-24
BLUEDART,EQ,24-Sep-2026,4799.5,4785.0,4839.0,4740.0,4793.0,4436,211.54,1630,1879.0,42.36,2026-09-24
BLUEJET,EQ,24-Sep-2026,585.75,582.0,592.0,571.85,573.45,392347,2285.9,16804,207980.0,53.01,2026-09-24
BLUEPEBBLE,ST,24-Sep-2026,75.0,72.0,72.0,71.25,71.25,1600,1.14,4,1600.0,100.0,2026-09-24
BLUESTARCO,EQ,24-Sep-2026,1532.6,1522.6,1545.6,1514.1,1525.0,204703,3131.54,18001,61003.0,29.8,2026-09-24
BLUESTONE,EQ,24-Sep-2026,855.5,862.45,862.55,790.05,807.15,6798097,56092.77,87771,2177894.0,32.04,2026-09-24
BLUEWATER,ST,24-Sep-2026,500.0,500.0,515.0,480.3,509.35,161000,813.55,65,113000.0,70.19,2026-09-24
BLUSPRING,EQ,24-Sep-2026,132.59,132.59,142.75,131.32,140.56,1598336,2222.65,18985,542062.0,33.91,2026-09-24
BMETRICS,SM,24-Sep-2026,34.9,34.8,34.85,34.5,34.5,5600,1.95,6,5600.0,100.0,2026-09-24
BMLL,SM,24-Sep-2026,165.95,165.0,168.65,165.0,168.5,22000,36.81,11,21000.0,95.45,2026-09-24
BMWVENTLTD,EQ,24-Sep-2026,51.2,51.49,52.9,50.01,52.23,112493,57.92,1593,65423.0,58.16,2026-09-24
BNAGROCHEM,EQ,24-Sep-2026,206.88,207.0,215.0,200.0,207.99,646,1.31,48,576.0,89.16,2026-09-24
BNKETFAXIS,EQ,24-Sep-2026,584.85,575.6,575.6,572.01,573.8,1115,6.4,55,747.0,67.0,2026-09-24
BODALCHEM,EQ,24-Sep-2026,199.53,197.53,202.79,189.56,195.08,2298596,4471.58,15566,951010.0,41.37,2026-09-24
BOHRAIND,EQ,24-Sep-2026,13.64,13.11,15.0,13.11,14.93,36086,5.24,112,27872.0,77.24,2026-09-24
BOMDYEING,EQ,24-Sep-2026,111.52,111.04,111.97,109.0,109.63,395572,435.84,3914,155695.0,39.36,2026-09-24
BONLON,EQ,24-Sep-2026,40.93,40.91,42.49,39.5,41.32,43963,18.19,355,18720.0,42.58,2026-09-24
BORANA,EQ,24-Sep-2026,295.5,296.0,298.95,289.35,291.0,53011,154.75,1147,34146.0,64.41,2026-09-24
BOROLTD,EQ,24-Sep-2026,267.5,263.0,267.9,258.0,259.31,268071,703.57,4941,137887.0,51.44,2026-09-24
BORORENEW,EQ,24-Sep-2026,475.0,472.95,472.95,458.0,459.75,247809,1152.5,10951,120230.0,48.52,2026-09-24
BOROSCI,EQ,24-Sep-2026,117.74,116.3,118.0,114.08,115.77,136780,158.62,1640,76790.0,56.14,2026-09-24
BOSCH-HCIL,EQ,24-Sep-2026,1769.8,1755.0,1795.0,1725.0,1730.0,18011,316.27,2184,10247.0,56.89,2026-09-24
BOSCHLTD,EQ,24-Sep-2026,47955.0,47890.0,48080.0,47145.0,47750.0,14604,6979.14,7038,5105.0,34.96,2026-09-24
BOSS,ST,24-Sep-2026,56.65,57.2,57.2,57.2,57.2,2000,1.14,1,2000.0,100.0,2026-09-24
BPCL,EQ,24-Sep-2026,315.75,312.4,313.95,306.7,307.1,3225066,9986.8,25125,1717816.0,53.26,2026-09-24
BPL,EQ,24-Sep-2026,45.09,45.9,45.9,44.11,44.85,39207,17.51,683,25411.0,64.81,2026-09-24
BPLPHARMA,EQ,24-Sep-2026,1545.5,1539.9,1590.2,1539.9,1581.7,2856,44.74,307,2242.0,78.5,2026-09-24
BRAHMINFRA,EQ,24-Sep-2026,154.55,157.0,157.0,151.5,153.13,18627,28.6,171,16757.0,89.96,2026-09-24
BRANDMAN,SM,24-Sep-2026,164.0,160.0,163.15,159.5,160.6,8000,12.87,10,7200.0,90.0,2026-09-24
BRIGADE,EQ,24-Sep-2026,616.45,616.0,616.0,598.8,606.2,181473,1100.98,11673,90125.0,49.66,2026-09-24
BRIGHOTEL,EQ,24-Sep-2026,57.05,57.0,57.44,55.49,56.11,159327,90.03,3408,104734.0,65.74,2026-09-24
BRIGHTBR,EQ,24-Sep-2026,251.1,249.85,249.85,235.1,240.5,6586,15.84,124,5193.0,78.85,2026-09-24
BRITANNIA,EQ,24-Sep-2026,4929.0,4935.0,4959.5,4885.0,4895.0,184523,9094.94,15766,107204.0,58.1,2026-09-24
BRNL,EQ,24-Sep-2026,16.66,16.66,16.92,16.12,16.71,10532,1.74,174,8190.0,77.76,2026-09-24
BROOKS,EQ,24-Sep-2026,61.0,61.0,61.35,58.67,59.4,26893,16.2,400,14453.0,53.74,2026-09-24
BSE,EQ,24-Sep-2026,3270.7,3235.0,3308.0,3175.0,3183.8,5659943,183503.87,217553,2137238.0,37.76,2026-09-24
BSE500IETF,EQ,24-Sep-2026,38.72,38.72,38.72,38.13,38.29,1552777,592.81,1086,1390161.0,89.53,2026-09-24
BSHSL,EQ,24-Sep-2026,85.57,86.64,87.8,85.21,87.16,2701,2.35,128,1507.0,55.79,2026-09-24
BSL,EQ,24-Sep-2026,124.24,123.62,124.24,120.55,120.9,3988,4.87,114,3052.0,76.53,2026-09-24
BSLGOLDETF,EQ,24-Sep-2026,132.9,131.6,132.41,131.36,131.48,2075169,2732.74,2250,2010307.0,96.87,2026-09-24
BSLNIFTY,EQ,24-Sep-2026,27.56,28.24,28.24,26.9,27.15,909838,247.47,5239,607856.0,66.81,2026-09-24
BSLSENETFG,EQ,24-Sep-2026,75.32,75.32,75.75,74.36,74.42,9258,6.91,118,7690.0,83.06,2026-09-24
BSOFT,EQ,24-Sep-2026,281.1,280.0,280.35,276.0,277.7,673742,1872.62,18108,310211.0,46.04,2026-09-24
BTML,EQ,24-Sep-2026,7.15,7.3,7.3,6.95,6.97,123057,8.69,478,95937.0,77.96,2026-09-24
BTTL,BE,24-Sep-2026,40.0,40.0,40.0,38.41,39.0,542,0.21,8,,,2026-09-24
BUILDPRO,EQ,24-Sep-2026,1292.3,1292.3,1300.5,1255.0,1272.6,194395,2489.48,5509,164067.0,84.4,2026-09-24
BURNPUR,BE,24-Sep-2026,15.77,15.05,16.39,15.05,15.62,36574,5.78,318,,,2026-09-24
BUTTERFLY,EQ,24-Sep-2026,566.0,566.0,573.1,562.5,568.3,13853,78.68,783,7631.0,55.09,2026-09-24
BVCL,EQ,24-Sep-2026,42.12,41.75,42.14,41.0,41.18,3050,1.26,100,2597.0,85.15,2026-09-24
BYKE,EQ,24-Sep-2026,30.35,30.92,30.92,29.6,30.05,17342,5.23,204,12753.0,73.54,2026-09-24
C2C,SM,24-Sep-2026,181.35,182.4,184.4,170.0,173.3,229350,407.55,1098,144600.0,63.05,2026-09-24
CADSYS,SM,24-Sep-2026,46.05,46.0,46.0,46.0,46.0,500,0.23,1,500.0,100.0,2026-09-24
CALSOFT,BE,24-Sep-2026,40.02,39.6,39.99,38.02,38.02,139801,53.64,1109,,,2026-09-24
CAMLINFINE,EQ,24-Sep-2026,98.69,98.1,98.34,96.6,97.25,330848,322.78,4071,202112.0,61.09,2026-09-24
CAMPUS,EQ,24-Sep-2026,211.05,211.0,211.4,207.78,210.95,372182,781.05,12292,202612.0,54.44,2026-09-24
CAMS,EQ,24-Sep-2026,723.9,718.45,725.0,705.0,710.6,989945,7093.78,57003,493479.0,49.85,2026-09-24
CANARYS,SM,24-Sep-2026,31.95,31.7,31.95,29.25,30.8,268000,83.0,62,140000.0,52.24,2026-09-24
CANBK,EQ,24-Sep-2026,126.0,124.95,126.2,124.57,125.9,9112129,11422.8,46491,3384210.0,37.14,2026-09-24
CANFINHOME,EQ,24-Sep-2026,757.95,757.95,759.9,740.05,743.15,224170,1673.51,15269,131387.0,58.61,2026-09-24
CANHLIFE,EQ,24-Sep-2026,151.63,143.0,154.88,135.68,151.51,4556970,6680.43,65833,1818884.0,39.91,2026-09-24
CANTABIL,EQ,24-Sep-2026,238.55,238.73,239.8,236.2,238.52,104044,247.89,1392,63280.0,60.82,2026-09-24
CAPACITE,EQ,24-Sep-2026,198.25,195.3,196.88,191.3,192.57,202408,392.96,3450,109645.0,54.17,2026-09-24
CAPILLARY,EQ,24-Sep-2026,545.55,544.45,574.9,523.15,567.55,780150,4406.35,25440,276457.0,35.44,2026-09-24
CAPINVIT,IV,24-Sep-2026,77.04,77.22,77.22,76.11,76.48,252751,193.98,3528,217540.0,86.07,2026-09-24
CAPITALSFB,EQ,24-Sep-2026,284.6,284.6,287.4,279.6,280.55,47408,134.31,1171,31786.0,67.05,2026-09-24
CAPLIPOINT,EQ,24-Sep-2026,2793.8,2775.0,2990.0,2770.0,2867.4,1241321,36321.95,111301,133002.0,10.71,2026-09-24
CAPTRUST,BE,24-Sep-2026,19.35,19.5,19.7,18.6,19.0,27351,5.21,78,,,2026-09-24
CARBORUNIV,EQ,24-Sep-2026,1264.5,1264.0,1368.9,1257.1,1296.5,3529279,46820.66,166670,450686.0,12.77,2026-09-24
CARERATING,EQ,24-Sep-2026,1639.6,1638.3,1638.3,1610.0,1616.8,22146,358.47,4556,15941.0,71.98,2026-09-24
CARRARO,EQ,24-Sep-2026,554.6,549.85,554.0,541.2,550.05,82085,450.02,5205,43542.0,53.05,2026-09-24
CARTRADE,EQ,24-Sep-2026,3001.8,2989.1,3099.0,2963.6,3004.8,374113,11374.55,39363,99841.0,26.69,2026-09-24
CARYSIL,EQ,24-Sep-2026,1085.1,1083.7,1084.4,1040.1,1047.9,78532,829.86,6092,43281.0,55.11,2026-09-24
CASHIETF,EQ,24-Sep-2026,1080.68,1080.83,1080.85,1080.83,1080.84,272120,2941.2,128,235379.0,86.5,2026-09-24
CASTROLIND,EQ,24-Sep-2026,193.23,193.2,195.9,192.11,194.8,2326661,4530.6,31416,1427383.0,61.35,2026-09-24
CCAVENUE,EQ,24-Sep-2026,16.09,16.0,16.26,15.82,15.99,9133232,1463.85,12187,3585535.0,39.26,2026-09-24
CCCL,EQ,24-Sep-2026,13.26,13.26,13.48,13.03,13.31,125757,16.59,580,98695.0,78.48,2026-09-24
CCHHL,EQ,24-Sep-2026,13.42,13.39,13.85,13.1,13.49,57882,7.83,483,43022.0,74.33,2026-09-24
CCL,EQ,24-Sep-2026,1043.2,1045.0,1050.1,1029.8,1039.5,114687,1188.79,16234,53427.0,46.59,2026-09-24
CDSL,EQ,24-Sep-2026,1351.1,1339.0,1347.3,1318.1,1320.0,1232299,16426.46,41854,568349.0,46.12,2026-09-24
CEATLTD,EQ,24-Sep-2026,3432.2,3408.9,3429.8,3335.0,3353.8,30034,1015.14,6340,12309.0,40.98,2026-09-24
CEDAAR,ST,24-Sep-2026,11.5,11.3,12.05,11.0,11.1,37000,4.28,25,31000.0,83.78,2026-09-24
CEIGALL,EQ,24-Sep-2026,388.85,387.0,390.0,379.65,382.55,154717,594.44,4726,75864.0,49.03,2026-09-24
CEINSYS,EQ,24-Sep-2026,712.05,701.4,713.65,688.35,695.5,49272,345.96,3136,24258.0,49.23,2026-09-24
CELEBRITY,EQ,24-Sep-2026,6.65,6.36,6.85,6.21,6.56,61846,4.01,312,38860.0,62.83,2026-09-24
CELLECOR,SM,24-Sep-2026,30.0,30.0,30.75,29.75,30.5,405000,123.4,44,363000.0,89.63,2026-09-24
CELLO,EQ,24-Sep-2026,324.1,324.0,344.0,320.15,339.8,2264566,7653.28,58143,512500.0,22.63,2026-09-24
CEMNTGROWW,EQ,24-Sep-2026,14.28,14.39,14.39,14.1,14.14,55125,7.83,320,38723.0,70.25,2026-09-24
CEMPRO,EQ,24-Sep-2026,1311.2,1305.0,1305.0,1254.5,1268.5,173946,2217.83,11555,104690.0,60.19,2026-09-24
CENTENKA,EQ,24-Sep-2026,580.55,581.95,581.95,565.0,567.55,18962,108.23,1666,11111.0,58.6,2026-09-24
CENTEXT,EQ,24-Sep-2026,18.79,19.0,19.1,18.61,18.82,95536,18.0,464,62643.0,65.57,2026-09-24
CENTEXT-RE,BE,24-Sep-2026,2.19,2.0,3.06,1.35,1.92,317229,6.34,590,,,2026-09-24
CENTRALBK,EQ,24-Sep-2026,31.63,31.5,31.52,31.08,31.19,2898783,905.71,10418,1819848.0,62.78,2026-09-24
CENTRUM,EQ,24-Sep-2026,21.21,21.35,21.5,21.0,21.06,257403,54.43,508,210432.0,81.75,2026-09-24
CENTUM,EQ,24-Sep-2026,4826.1,4822.3,4959.0,4766.8,4837.6,91384,4427.47,17695,25482.0,27.88,2026-09-24
CENTURYPLY,EQ,24-Sep-2026,711.9,711.9,722.15,689.55,694.25,132522,923.32,9357,89387.0,67.45,2026-09-24
CERA,EQ,24-Sep-2026,5520.0,5480.0,5521.5,5475.0,5492.5,2719,149.56,978,1457.0,53.59,2026-09-24
CESC,EQ,24-Sep-2026,142.56,142.44,142.44,139.6,139.89,1219300,1716.74,21126,799119.0,65.54,2026-09-24
CEWATER,EQ,24-Sep-2026,274.4,273.0,275.8,266.25,268.75,44723,121.54,2126,17970.0,40.18,2026-09-24
CFEL,BE,24-Sep-2026,47.51,47.51,47.9,46.0,46.53,16686,7.79,103,,,2026-09-24
CGCL,EQ,24-Sep-2026,268.6,268.0,269.5,256.25,259.4,1779349,4636.06,23059,613797.0,34.5,2026-09-24
CGPOWER,EQ,24-Sep-2026,895.0,877.1,896.4,877.1,886.7,1340393,11911.13,33370,649925.0,48.49,2026-09-24
CGRAPHICS,SM,24-Sep-2026,135.15,133.6,136.5,133.0,134.5,23200,31.21,29,15200.0,65.52,2026-09-24
CGVAK,EQ,24-Sep-2026,148.67,151.0,151.0,141.81,148.11,2570,3.74,121,1892.0,73.62,2026-09-24
CHALET,EQ,24-Sep-2026,884.05,884.0,897.0,866.6,894.9,129562,1147.49,15734,40124.0,30.97,2026-09-24
CHAMBLFERT,EQ,24-Sep-2026,419.6,419.6,421.5,415.45,418.2,269494,1127.92,11248,133117.0,49.4,2026-09-24
CHAMUNDA,SM,24-Sep-2026,41.45,41.15,41.15,40.55,40.55,12000,4.91,4,9000.0,75.0,2026-09-24
CHANDAN,SM,24-Sep-2026,222.55,222.55,248.0,222.55,231.3,144000,342.57,169,84000.0,58.33,2026-09-24
CHAVDA,SM,24-Sep-2026,140.0,74.0,84.0,70.0,70.3,654000,499.61,245,198000.0,30.28,2026-09-24
CHEMBOND,EQ,24-Sep-2026,193.68,197.83,197.83,191.0,191.59,6927,13.35,371,5159.0,74.48,2026-09-24
CHEMBONDCH,BE,24-Sep-2026,259.5,252.0,260.0,248.1,249.6,6764,17.0,152,,,2026-09-24
CHEMCON,BE,24-Sep-2026,228.66,225.1,235.0,225.1,228.08,38636,88.7,535,,,2026-09-24
CHEMCRUX,EQ,24-Sep-2026,78.16,78.0,79.9,77.77,78.61,3216,2.54,107,2818.0,87.62,2026-09-24
CHEMFAB,EQ,24-Sep-2026,351.6,352.0,375.0,350.0,358.2,5232,18.87,278,3324.0,63.53,2026-09-24
CHEMICAL,EQ,24-Sep-2026,29.56,29.56,29.68,29.1,29.13,153885,45.07,1256,109787.0,71.34,2026-09-24
CHEMPLASTS,EQ,24-Sep-2026,199.4,198.0,198.0,187.93,192.65,231387,447.15,5292,94943.0,41.03,2026-09-24
CHENNPETRO,EQ,24-Sep-2026,1388.6,1385.7,1398.2,1360.8,1372.7,873065,12006.96,41730,328467.0,37.62,2026-09-24
CHEVIOT,EQ,24-Sep-2026,1176.7,1190.0,1194.0,1165.0,1166.6,588,6.94,99,425.0,72.28,2026-09-24
CHOICEGOLD,EQ,24-Sep-2026,149.87,149.9,149.98,147.23,148.1,32937,49.05,241,1132.0,3.44,2026-09-24
CHOICEIN,EQ,24-Sep-2026,751.85,749.0,759.0,745.75,749.5,178798,1344.43,5460,42600.0,23.83,2026-09-24
CHOLAFIN,EQ,24-Sep-2026,1774.0,1630.0,1712.0,1629.9,1681.7,4152387,69777.71,95022,1893180.0,45.59,2026-09-24
CHOLAHLDNG,EQ,24-Sep-2026,1472.4,1451.0,1456.4,1405.4,1432.6,415789,5931.23,35328,258223.0,62.1,2026-09-24
CIEINDIA,EQ,24-Sep-2026,384.2,384.35,391.95,382.1,388.95,203748,792.87,12837,92808.0,45.55,2026-09-24
CIFL,EQ,24-Sep-2026,21.34,21.9,22.5,21.16,21.76,224279,48.96,1674,152428.0,67.96,2026-09-24
CINELINE,EQ,24-Sep-2026,90.01,88.23,90.25,88.23,89.17,17998,16.07,441,11373.0,63.19,2026-09-24
CINEVISTA,EQ,24-Sep-2026,14.1,14.21,14.4,14.0,14.11,21066,2.97,95,12768.0,60.61,2026-09-24
CIPLA,EQ,24-Sep-2026,1383.0,1375.0,1419.0,1364.6,1399.0,1580784,22105.81,52856,499273.0,31.58,2026-09-24
CITIUSINVT,IV,24-Sep-2026,118.0,119.0,119.18,116.31,117.04,34993,41.12,131,33552.0,95.88,2026-09-24
CKKRETAIL,SM,24-Sep-2026,173.0,184.0,184.0,174.1,178.35,7200,12.82,8,4800.0,66.67,2026-09-24
CLASSICEIL,SM,24-Sep-2026,52.15,53.0,53.95,53.0,53.0,20800,11.04,10,17600.0,84.62,2026-09-24
CLAYCRAFT,SM,24-Sep-2026,164.95,161.2,162.0,158.0,159.8,40200,64.58,56,33600.0,83.58,2026-09-24
CLEAN,EQ,24-Sep-2026,836.6,831.3,831.3,811.35,815.45,221209,1813.26,11637,118274.0,53.47,2026-09-24
CLEANMAX,EQ,24-Sep-2026,1457.5,1453.0,1453.0,1373.8,1385.2,285889,4031.97,25232,111261.0,38.92,2026-09-24
CLEDUCATE,EQ,24-Sep-2026,56.31,56.28,56.28,54.5,55.07,5647,3.1,77,5077.0,89.91,2026-09-24
CLSEL,EQ,24-Sep-2026,296.25,292.8,298.85,290.3,292.4,34504,101.48,1466,14482.0,41.97,2026-09-24
CMLL,EQ,24-Sep-2026,504.65,509.0,523.0,502.5,506.25,600592,3073.17,24034,251139.0,41.82,2026-09-24
CMNL,SM,24-Sep-2026,113.45,110.0,113.95,110.0,111.5,8250,9.23,11,5250.0,63.64,2026-09-24
CMPDI,EQ,24-Sep-2026,213.53,210.0,211.76,205.1,206.71,927444,1930.59,12229,468276.0,50.49,2026-09-24
CMRGREEN,EQ,24-Sep-2026,227.73,227.73,227.73,219.91,220.72,411849,919.92,12952,219323.0,53.25,2026-09-24
CMRSL,SM,24-Sep-2026,70.85,74.2,74.35,74.2,74.35,4800,3.57,6,4800.0,100.0,2026-09-24
CMSINFO,EQ,24-Sep-2026,234.12,234.0,234.0,230.1,232.32,516478,1194.97,9131,333618.0,64.59,2026-09-24
CNL,EQ,24-Sep-2026,1146.1,1156.9,1156.9,1101.0,1106.9,10193,114.6,1405,5742.0,56.33,2026-09-24
COALINDIA,EQ,24-Sep-2026,424.55,422.0,423.85,418.8,422.0,3565762,15021.16,51623,2197015.0,61.61,2026-09-24
COASTCORP,EQ,24-Sep-2026,38.04,38.0,38.48,37.2,37.68,26291,9.94,365,18894.0,71.86,2026-09-24
COCHINSHIP,EQ,24-Sep-2026,1370.0,1365.0,1385.0,1358.1,1370.0,557426,7661.6,21904,152368.0,27.33,2026-09-24
COCKERILL,EQ,24-Sep-2026,8144.0,8176.0,8176.0,7922.0,7955.5,4221,336.86,1167,2316.0,54.87,2026-09-24
COFFEEDAY,EQ,24-Sep-2026,31.0,30.99,31.35,30.6,30.7,401197,123.76,1478,245625.0,61.22,2026-09-24
COFORGE,EQ,24-Sep-2026,1782.4,1762.0,1803.4,1758.1,1785.9,1123720,20056.62,52686,464584.0,41.34,2026-09-24
COHANCE,EQ,24-Sep-2026,461.45,459.0,464.45,451.1,454.15,349978,1598.97,14504,124496.0,35.57,2026-09-24
COLPAL,EQ,24-Sep-2026,1886.7,1875.0,1885.7,1852.2,1854.8,374034,6976.4,20862,239512.0,64.03,2026-09-24
COMFINTE,EQ,24-Sep-2026,5.73,5.75,5.83,5.6,5.69,139714,7.94,364,111020.0,79.46,2026-09-24
COMMOIETF,EQ,24-Sep-2026,98.01,98.01,98.88,96.8,96.98,49039,47.68,1801,38547.0,78.6,2026-09-24
COMPEAU,EQ,24-Sep-2026,364.4,373.0,375.0,365.0,365.0,276,1.03,12,243.0,88.04,2026-09-24
COMPINFO,BZ,24-Sep-2026,1.1,1.1,1.13,1.05,1.07,27408,0.29,32,,,2026-09-24
COMPUSOFT,EQ,24-Sep-2026,13.35,13.48,13.59,13.2,13.3,29910,4.02,186,20254.0,67.72,2026-09-24
COMSYN,EQ,24-Sep-2026,299.3,299.7,308.0,290.0,292.5,326769,978.97,6272,122219.0,37.4,2026-09-24
CONCOR,EQ,24-Sep-2026,464.65,462.9,472.9,457.55,466.3,2952951,13784.23,30509,1386980.0,46.97,2026-09-24
CONCORDBIO,EQ,24-Sep-2026,1560.3,1548.5,1548.5,1472.7,1478.8,317814,4754.87,38984,139543.0,43.91,2026-09-24
CONFIPET,EQ,24-Sep-2026,89.12,88.8,90.43,85.41,86.29,2532139,2223.66,27428,1097356.0,43.34,2026-09-24
CONNPLEX,SM,24-Sep-2026,264.1,262.75,267.25,258.55,260.25,37600,98.94,45,27200.0,72.34,2026-09-24
CONS,EQ,24-Sep-2026,11.86,11.71,11.98,11.62,11.73,13268,1.56,166,12990.0,97.9,2026-09-24
CONSOFINVT,BE,24-Sep-2026,302.5,300.4,300.4,288.1,289.7,23155,68.4,109,,,2026-09-24
CONSUMAXIS,EQ,24-Sep-2026,118.44,118.5,118.5,116.96,117.33,829,0.97,25,173.0,20.87,2026-09-24
CONSUMBEES,EQ,24-Sep-2026,128.81,129.78,129.78,126.67,127.1,40878,52.09,1112,24411.0,59.72,2026-09-24
CONSUMER,EQ,24-Sep-2026,11.91,12.07,12.11,11.58,11.63,167936,19.65,705,139055.0,82.8,2026-09-24
CONSUMIETF,EQ,24-Sep-2026,119.51,119.25,119.25,117.85,118.21,9801,11.63,272,3109.0,31.72,2026-09-24
CONTROLPR,EQ,24-Sep-2026,584.55,585.05,588.2,578.35,584.65,14635,85.34,1017,7485.0,51.14,2026-09-24
COOLCAPS,SM,24-Sep-2026,24.95,25.7,25.7,23.8,24.45,72500,17.7,43,56250.0,77.59,2026-09-24
CORALFINAC,EQ,24-Sep-2026,31.9,32.25,32.25,31.2,31.29,15514,4.88,104,8819.0,56.85,2026-09-24
CORDELIA,EQ,24-Sep-2026,112.97,112.0,112.5,107.33,107.97,945738,1034.15,8991,524660.0,55.48,2026-09-24
CORDSCABLE,EQ,24-Sep-2026,369.65,365.0,373.9,360.95,366.75,92945,340.77,5488,46865.0,50.42,2026-09-24
COROMANDEL,EQ,24-Sep-2026,1956.0,1943.0,1957.4,1922.2,1942.5,368429,7147.15,9865,330837.0,89.8,2026-09-24
CORONA,EQ,24-Sep-2026,2163.4,2163.4,2163.4,2101.0,2111.0,45427,973.68,2747,36949.0,81.34,2026-09-24
COSMOFIRST,EQ,24-Sep-2026,867.2,867.2,871.65,850.0,857.25,29882,257.36,2267,13610.0,45.55,2026-09-24
COUNCODOS,BE,24-Sep-2026,6.38,6.52,6.52,6.23,6.38,16220,1.04,92,,,2026-09-24
CPCAP,EQ,24-Sep-2026,152.95,153.5,157.78,152.5,154.6,24807,38.33,1276,14365.0,57.91,2026-09-24
CPEDU,EQ,24-Sep-2026,179.52,180.0,182.89,175.0,179.17,1697,3.0,46,1453.0,85.62,2026-09-24
CPL,EQ,24-Sep-2026,62.46,62.8,62.99,61.96,62.54,23312,14.61,232,19397.0,83.21,2026-09-24
CPPLUS,EQ,24-Sep-2026,3831.9,3819.8,3874.6,3752.0,3800.1,318527,12143.95,29371,189984.0,59.64,2026-09-24
CPSEETF,EQ,24-Sep-2026,93.2,95.53,95.53,91.9,92.72,766534,711.64,5459,539485.0,70.38,2026-09-24
CRAFTSMAN,EQ,24-Sep-2026,10904.0,10720.0,11005.0,10640.0,10710.0,50498,5468.4,19003,27132.0,53.73,2026-09-24
CRAMC,EQ,24-Sep-2026,230.35,230.0,232.3,227.45,228.8,322477,740.14,6332,178248.0,55.27,2026-09-24
CRAVATEX,EQ,24-Sep-2026,341.7,341.7,410.0,340.95,361.45,14410,56.24,637,8560.0,59.4,2026-09-24
CREATIVEYE,EQ,24-Sep-2026,6.19,6.25,6.35,5.66,6.26,37615,2.18,242,25532.0,67.88,2026-09-24
CREDENT,SM,24-Sep-2026,401.7,401.0,402.0,374.0,385.05,59400,231.33,84,39000.0,65.66,2026-09-24
CREDITACC,EQ,24-Sep-2026,1349.6,1345.8,1345.9,1311.2,1315.1,153580,2029.25,13538,58201.0,37.9,2026-09-24
CREST,EQ,24-Sep-2026,366.0,362.6,364.95,360.0,364.15,1486,5.36,48,1308.0,88.02,2026-09-24
CRESTO,EQ,24-Sep-2026,20.14,21.8,24.16,20.5,24.13,495249,116.88,1759,290629.0,58.68,2026-09-24
CRISIL,EQ,24-Sep-2026,4605.8,4588.9,4599.0,4489.0,4503.5,14052,637.41,4380,8342.0,59.37,2026-09-24
CRIZAC,EQ,24-Sep-2026,176.5,176.5,192.89,174.35,186.1,1104991,2056.05,14988,286262.0,25.91,2026-09-24
CROMPTON,EQ,24-Sep-2026,223.43,222.78,223.3,218.65,219.8,1694754,3743.58,21276,638329.0,37.66,2026-09-24
CROWN,EQ,24-Sep-2026,122.53,124.5,125.99,113.6,117.94,49383,58.38,1128,26329.0,53.32,2026-09-24
CRSL,BE,24-Sep-2026,2.53,2.53,2.58,2.45,2.5,224860,5.62,720,,,2026-09-24
CSBBANK,EQ,24-Sep-2026,336.4,336.0,336.0,325.3,333.75,347821,1152.01,14321,127718.0,36.72,2026-09-24
CSLFINANCE,EQ,24-Sep-2026,216.95,216.95,220.18,210.99,211.73,66295,141.2,1368,44399.0,66.97,2026-09-24
CSM,EQ,24-Sep-2026,103.93,103.0,104.4,101.0,101.57,242909,249.6,2419,113294.0,46.64,2026-09-24
CSSL,SM,24-Sep-2026,88.0,88.0,88.0,75.5,77.2,121000,95.83,89,95000.0,78.51,2026-09-24
CTE,BE,24-Sep-2026,43.95,42.15,44.7,42.15,43.79,6322,2.73,53,,,2026-09-24
CUB,EQ,24-Sep-2026,225.34,225.0,228.37,218.95,220.52,3679351,8219.58,45327,2014975.0,54.76,2026-09-24
CUBEINVIT,IV,24-Sep-2026,156.01,155.4,156.55,155.11,155.99,1415339,2209.55,10657,1335468.0,94.36,2026-09-24
CUBEXTUB,EQ,24-Sep-2026,125.82,138.4,138.4,125.82,138.4,807577,1112.02,2801,510656.0,63.23,2026-09-24
CUDML,SM,24-Sep-2026,100.55,100.1,101.2,100.1,101.15,17000,17.13,7,17000.0,100.0,2026-09-24
CUMMINSIND,EQ,24-Sep-2026,5010.0,5003.5,5011.5,4958.0,4973.0,164357,8189.48,18224,94115.0,57.26,2026-09-24
CUPID,EQ,24-Sep-2026,273.85,274.9,276.95,263.5,266.3,30961528,83060.5,178082,8691978.0,28.07,2026-09-24
CURAA,BE,24-Sep-2026,72.0,68.4,75.4,68.4,74.4,462,0.32,16,,,2026-09-24
CURIS,ST,24-Sep-2026,222.95,222.95,222.95,213.0,213.0,12000,26.11,11,12000.0,100.0,2026-09-24
CURRENT,SM,24-Sep-2026,91.0,88.3,92.65,88.3,92.65,6400,5.82,4,4800.0,75.0,2026-09-24
CYBERMEDIA,BE,24-Sep-2026,20.67,21.16,21.16,20.09,20.64,13460,2.75,103,,,2026-09-24
CYBERTECH,BE,24-Sep-2026,137.33,135.5,139.0,135.5,137.01,10109,13.91,107,,,2026-09-24
CYIENT,EQ,24-Sep-2026,1072.2,1064.1,1085.0,1044.0,1057.8,225594,2400.3,23956,76856.0,34.07,2026-09-24
CYIENTDLM,EQ,24-Sep-2026,963.5,952.1,968.0,905.6,912.7,311196,2899.57,23257,132001.0,42.42,2026-09-24
DABUR,EQ,24-Sep-2026,387.4,387.2,388.9,383.45,385.7,836163,3226.79,25185,492987.0,58.96,2026-09-24
DAICHI,BE,24-Sep-2026,328.0,328.0,328.0,315.0,326.3,1333,4.26,20,,,2026-09-24
DALBHARAT,EQ,24-Sep-2026,1744.0,1748.0,1750.0,1711.2,1721.2,18355,316.9,3884,9848.0,53.65,2026-09-24
DALMIASUG,EQ,24-Sep-2026,407.75,402.75,409.35,396.95,399.5,110048,442.92,4885,38087.0,34.61,2026-09-24
DAMCAPITAL,EQ,24-Sep-2026,140.39,140.11,140.3,136.75,137.2,157626,217.63,2966,79899.0,50.69,2026-09-24
DAMODARIND,BE,24-Sep-2026,29.49,29.7,29.7,28.1,28.61,1863,0.55,23,,,2026-09-24
DANGEE,EQ,24-Sep-2026,2.7,2.75,2.97,2.74,2.97,7561092,213.51,305,7473934.0,98.85,2026-09-24
DANISH,SM,24-Sep-2026,1003.2,1025.0,1037.0,945.0,950.45,55800,554.04,270,37950.0,68.01,2026-09-24
DATAMATICS,EQ,24-Sep-2026,789.85,784.9,788.5,772.55,783.95,47138,368.67,1922,30326.0,64.33,2026-09-24
DATAPATTNS,EQ,24-Sep-2026,4422.4,4390.0,4464.0,4370.8,4395.5,291150,12837.24,31422,72817.0,25.01,2026-09-24
DAVANGERE,EQ,24-Sep-2026,2.2,2.18,2.23,2.16,2.19,5520097,120.57,1899,3363395.0,60.93,2026-09-24
DBCORP,EQ,24-Sep-2026,182.22,182.0,182.79,179.2,180.31,51129,92.42,2168,32063.0,62.71,2026-09-24
DBEIL,EQ,24-Sep-2026,6.8,6.78,6.81,6.43,6.64,203483,13.51,949,143510.0,70.53,2026-09-24
DBL,EQ,24-Sep-2026,413.55,412.4,416.3,411.25,412.6,80854,333.64,3569,38455.0,47.56,2026-09-24
DBOL,EQ,24-Sep-2026,115.63,116.0,116.05,112.0,113.2,103725,118.47,2029,61630.0,59.42,2026-09-24
DBREALTY,EQ,24-Sep-2026,101.48,100.3,104.27,97.4,100.22,2505139,2529.54,13894,1438157.0,57.41,2026-09-24
DBSTOCKBRO,BE,24-Sep-2026,30.0,29.6,30.29,29.6,30.28,618,0.18,36,,,2026-09-24
DCAL,EQ,24-Sep-2026,173.33,172.2,174.0,167.22,168.19,120226,204.36,2942,69242.0,57.59,2026-09-24
DCBBANK,EQ,24-Sep-2026,223.69,218.4,218.99,206.69,213.35,2863570,6091.42,34466,1442325.0,50.37,2026-09-24
DCG,ST,24-Sep-2026,74.1,72.0,76.0,70.4,71.05,24000,17.27,20,21600.0,90.0,2026-09-24
DCI,EQ,24-Sep-2026,268.6,265.0,318.9,264.3,302.4,1477566,4490.32,32547,261098.0,17.67,2026-09-24
DCM,EQ,24-Sep-2026,75.34,76.85,76.85,74.3,75.07,14020,10.53,102,13405.0,95.61,2026-09-24
DCMFINSERV,EQ,24-Sep-2026,5.01,5.01,5.16,4.91,4.99,2209,0.11,57,1958.0,88.64,2026-09-24
DCMNVL,EQ,24-Sep-2026,179.43,177.94,179.0,176.27,178.64,2461,4.39,85,2042.0,82.97,2026-09-24
DCMSHRIRAM,EQ,24-Sep-2026,980.0,978.0,982.5,969.0,975.6,30872,301.09,5267,18286.0,59.23,2026-09-24
DCMSIL,EQ,24-Sep-2026,77.46,79.45,85.2,74.1,85.2,396594,319.96,2510,201972.0,50.93,2026-09-24
DCMSRIND,EQ,24-Sep-2026,38.01,38.0,38.2,37.55,37.88,63506,24.02,812,43160.0,67.96,2026-09-24
DCW,EQ,24-Sep-2026,50.02,50.02,50.47,48.11,48.36,1887262,930.48,12053,853985.0,45.25,2026-09-24
DCXINDIA,EQ,24-Sep-2026,164.73,164.0,165.0,161.1,162.28,254929,415.63,5114,128862.0,50.55,2026-09-24
DDEVPLSTIK,EQ,24-Sep-2026,262.6,264.0,264.0,255.15,257.75,45580,117.97,1939,26935.0,59.09,2026-09-24
DECCANCE,EQ,24-Sep-2026,560.45,560.0,569.45,555.1,555.95,9295,51.98,796,5288.0,56.89,2026-09-24
DECNGOLD,EQ,24-Sep-2026,222.44,220.35,220.75,213.0,214.51,1062301,2294.28,16657,582134.0,54.8,2026-09-24
DEEDEV,EQ,24-Sep-2026,711.15,714.6,719.8,675.6,675.6,126760,873.79,6814,74879.0,59.07,2026-09-24
DEEM,ST,24-Sep-2026,47.3,49.65,49.65,47.4,47.4,11000,5.42,11,11000.0,100.0,2026-09-24
DEEP,BE,24-Sep-2026,46.1,46.0,46.0,43.8,45.1,6933,3.08,98,,,2026-09-24
DEEPA,EQ,24-Sep-2026,196.4,193.95,198.3,190.1,194.18,2050357,3973.94,22399,605107.0,29.51,2026-09-24
DEEPAKFERT,EQ,24-Sep-2026,1386.2,1385.0,1393.8,1351.9,1361.4,150002,2055.94,13758,69705.0,46.47,2026-09-24
DEEPAKNTR,EQ,24-Sep-2026,1635.8,1634.0,1634.0,1596.1,1600.9,90646,1460.19,12049,47278.0,52.16,2026-09-24
DEEPINDS,EQ,24-Sep-2026,772.9,772.9,784.9,746.5,766.0,320720,2442.75,15850,141278.0,44.05,2026-09-24
DEFENCE,EQ,24-Sep-2026,79.1,80.68,80.68,78.1,78.32,136239,106.94,986,92932.0,68.21,2026-09-24
DELAPLEX,SM,24-Sep-2026,90.0,92.0,95.7,90.35,91.9,15000,13.94,25,7800.0,52.0,2026-09-24
DELHIVERY,EQ,24-Sep-2026,435.0,430.0,432.15,424.15,426.3,4190544,17907.19,34042,2558356.0,61.05,2026-09-24
DELPHIFX,BE,24-Sep-2026,5.63,5.91,5.91,5.91,5.91,34332,2.03,30,,,2026-09-24
DELTACORP,EQ,24-Sep-2026,68.65,68.85,74.8,68.85,72.68,28302261,20650.33,112720,5759870.0,20.35,2026-09-24
DELTAMAGNT,EQ,24-Sep-2026,56.57,54.4,56.37,53.4,54.45,3290,1.79,93,1975.0,60.03,2026-09-24
DELTIC,SM,24-Sep-2026,34.6,34.95,34.95,33.5,34.45,8000,2.73,8,4000.0,50.0,2026-09-24
DEN,EQ,24-Sep-2026,26.84,26.99,26.99,26.4,26.52,269872,71.81,1312,182998.0,67.81,2026-09-24
DENEERS,SM,24-Sep-2026,175.45,172.0,173.6,170.0,172.95,7200,12.38,11,4200.0,58.33,2026-09-24
DENORA,EQ,24-Sep-2026,795.65,791.0,800.0,782.0,783.9,1375,10.87,293,981.0,71.35,2026-09-24
DENTA,EQ,24-Sep-2026,274.8,275.8,276.4,268.85,270.1,83961,228.17,2176,41860.0,49.86,2026-09-24
DENTALKART,SM,24-Sep-2026,413.8,410.05,415.0,410.0,413.25,4250,17.48,14,3500.0,82.35,2026-09-24
DEVIT,EQ,24-Sep-2026,23.24,23.71,23.71,22.25,22.59,101583,23.03,677,84341.0,83.03,2026-09-24
DEVX,EQ,24-Sep-2026,35.0,34.1,36.6,34.1,36.13,160466,56.97,759,128807.0,80.27,2026-09-24
DEVYANI,EQ,24-Sep-2026,140.11,137.66,139.32,135.81,137.5,963555,1326.92,11195,330288.0,34.28,2026-09-24
DGCONTENT,EQ,24-Sep-2026,24.9,25.0,25.15,22.55,23.77,23265,5.5,228,18641.0,80.12,2026-09-24
DHABRIYA,BE,24-Sep-2026,494.7,494.7,500.0,482.15,486.3,2511,12.35,140,,,2026-09-24
DHAMPURSUG,EQ,24-Sep-2026,168.39,166.5,167.81,163.37,164.64,278678,460.34,6719,134512.0,48.27,2026-09-24
DHANBANK,EQ,24-Sep-2026,30.01,30.0,30.0,29.22,29.68,361353,106.78,1678,185955.0,51.46,2026-09-24
DHANSA,ST,24-Sep-2026,29.0,27.75,27.75,27.75,27.75,4000,1.11,2,4000.0,100.0,2026-09-24
DHANUKA,EQ,24-Sep-2026,982.65,985.5,985.5,960.0,967.6,14336,139.05,1399,8382.0,58.47,2026-09-24
DHARAN,BZ,24-Sep-2026,0.14,0.14,0.15,0.14,0.14,7503654,10.83,1150,,,2026-09-24
DHARARAIL,ST,24-Sep-2026,142.35,142.9,143.0,142.9,143.0,9000,12.87,9,9000.0,100.0,2026-09-24
DHARIWAL,SM,24-Sep-2026,25.0,25.3,26.25,24.4,25.85,219000,56.57,59,165000.0,75.34,2026-09-24
DHARMAJ,EQ,24-Sep-2026,299.1,299.5,304.0,292.0,300.55,51334,153.4,1838,33451.0,65.16,2026-09-24
DHATRE,EQ,24-Sep-2026,4.15,4.12,4.39,4.1,4.23,23807,1.0,116,19675.0,82.64,2026-09-24
DHOOTTRANS,EQ,24-Sep-2026,1615.4,1608.0,1629.6,1553.0,1587.6,1317047,20953.26,60780,299085.0,22.71,2026-09-24
DHRUV,EQ,24-Sep-2026,21.07,21.4,22.0,20.87,20.94,4787,1.01,64,4604.0,96.18,2026-09-24
DHUNINV,EQ,24-Sep-2026,1001.75,1014.4,1014.4,975.3,991.2,710,6.99,89,514.0,72.39,2026-09-24
DIACABS,BE,24-Sep-2026,377.85,374.0,374.0,359.0,360.45,744191,2714.58,6034,,,2026-09-24
DIAMINESQ,EQ,24-Sep-2026,249.38,253.65,253.65,243.49,246.84,2830,7.01,141,2057.0,72.69,2026-09-24
DIAMONDYD,EQ,24-Sep-2026,1088.0,1100.6,1100.6,1053.1,1065.3,8496,91.28,798,4737.0,55.76,2026-09-24
DICIND,EQ,24-Sep-2026,665.65,660.0,675.0,642.0,647.75,4423,29.19,263,3335.0,75.4,2026-09-24
DIFFNKG,EQ,24-Sep-2026,439.3,437.0,440.95,425.1,427.25,87483,377.92,4161,44198.0,50.52,2026-09-24
DIGIDRIVE,EQ,24-Sep-2026,17.9,17.9,18.3,17.81,17.88,12856,2.31,145,10725.0,83.42,2026-09-24
DIGIKORE,SM,24-Sep-2026,37.5,38.0,38.0,35.05,35.7,33600,12.08,58,26400.0,78.57,2026-09-24
DIGISPICE,EQ,24-Sep-2026,16.5,16.25,16.94,16.1,16.21,65448,10.66,259,38785.0,59.26,2026-09-24
DIGITIDE,EQ,24-Sep-2026,81.13,81.5,81.5,79.04,79.76,152820,122.47,2305,91166.0,59.66,2026-09-24
DIGJAMLMTD,BE,24-Sep-2026,53.99,53.5,55.0,51.9,54.28,4690,2.53,45,,,2026-09-24
DISAQ,EQ,24-Sep-2026,12088.0,11999.0,12100.0,11846.0,12008.0,67,8.0,41,33.0,49.25,2026-09-24
DISHTV,EQ,24-Sep-2026,2.46,2.47,2.47,2.42,2.43,1510220,36.86,1415,1341816.0,88.85,2026-09-24
DIVGIITTS,EQ,24-Sep-2026,1177.1,1175.0,1185.0,1148.9,1156.6,58655,683.47,6193,29155.0,49.71,2026-09-24
DIVIDEND,EQ,24-Sep-2026,35.0,35.0,35.0,34.67,34.71,6313,2.2,68,5365.0,84.98,2026-09-24
DIVINEHIRA,ST,24-Sep-2026,100.0,96.05,98.95,95.0,98.5,44400,42.61,35,38400.0,86.49,2026-09-24
DIVISLAB,EQ,24-Sep-2026,9624.0,9540.5,9740.0,9540.0,9602.0,666667,64257.71,70605,392486.0,58.87,2026-09-24
DIVOPPBEES,EQ,24-Sep-2026,74.86,75.48,75.48,74.0,74.43,38679,28.74,772,23644.0,61.13,2026-09-24
DIXON,EQ,24-Sep-2026,13200.0,13100.0,13315.0,13091.0,13299.0,185172,24498.29,31814,67061.0,36.22,2026-09-24
DJML,EQ,24-Sep-2026,72.7,70.7,76.19,70.7,74.44,85690,63.5,937,29112.0,33.97,2026-09-24
DLF,EQ,24-Sep-2026,675.0,666.75,681.0,666.55,670.4,5074007,34285.8,51326,2822910.0,55.63,2026-09-24
DLINKINDIA,EQ,24-Sep-2026,426.1,424.0,426.7,414.45,418.9,52544,220.64,2579,29875.0,56.86,2026-09-24
DMART,EQ,24-Sep-2026,3834.8,3818.0,3832.1,3780.1,3787.5,429727,16349.69,21457,275476.0,64.1,2026-09-24
DMCC,EQ,24-Sep-2026,296.3,299.0,306.9,289.9,295.05,246754,741.76,6653,77573.0,31.44,2026-09-24
DNAMEDIA,EQ,24-Sep-2026,2.5,2.5,2.51,2.46,2.48,23613,0.59,70,21615.0,91.54,2026-09-24
DODLA,EQ,24-Sep-2026,1048.6,1049.5,1058.0,1038.7,1045.7,12559,131.63,1847,7184.0,57.2,2026-09-24
DOLATALGO,EQ,24-Sep-2026,68.72,68.76,69.0,66.42,66.7,120296,81.03,1698,76368.0,63.48,2026-09-24
DOLLAR,EQ,24-Sep-2026,274.45,273.2,274.7,265.35,269.5,50023,135.19,2092,24447.0,48.87,2026-09-24
DOLLEX,EQ,24-Sep-2026,37.75,38.0,38.0,35.5,37.0,37243,13.56,198,30448.0,81.75,2026-09-24
DOLPHIN,EQ,24-Sep-2026,723.55,729.9,729.9,680.4,685.3,60219,419.18,4237,25770.0,42.79,2026-09-24
DOMS,EQ,24-Sep-2026,2141.5,2130.0,2133.9,2100.0,2109.0,13316,281.67,3132,6458.0,48.5,2026-09-24
DONEAR,EQ,24-Sep-2026,83.13,83.79,83.79,81.9,82.22,15332,12.65,256,13763.0,89.77,2026-09-24
DPABHUSHAN,EQ,24-Sep-2026,1455.9,1450.0,1461.4,1395.0,1405.6,22814,325.63,1866,12924.0,56.65,2026-09-24
DPEL,SM,24-Sep-2026,640.15,640.0,646.85,628.0,633.8,29000,183.95,49,15500.0,53.45,2026-09-24
DPSCLTD,BE,24-Sep-2026,7.09,7.19,7.19,6.74,7.06,121370,8.48,473,,,2026-09-24
DPWIRES,BE,24-Sep-2026,161.94,163.56,170.03,163.56,170.02,25119,42.59,419,,,2026-09-24
DRAGARWQ,EQ,24-Sep-2026,5202.0,5180.0,5300.0,5115.0,5159.0,5598,291.49,681,4598.0,82.14,2026-09-24
DRCSYSTEMS,EQ,24-Sep-2026,12.67,12.8,12.8,12.18,12.55,61393,7.68,478,30396.0,49.51,2026-09-24
DREAMFOLKS,EQ,24-Sep-2026,63.91,63.9,64.5,62.94,64.13,39635,25.41,980,26143.0,65.96,2026-09-24
DREDGECORP,EQ,24-Sep-2026,1017.5,1015.0,1016.4,989.2,996.5,44839,448.08,3331,25232.0,56.27,2026-09-24
DRONE,SM,24-Sep-2026,33.5,33.5,34.3,33.4,33.6,19500,6.61,33,15500.0,79.49,2026-09-24
DRREDDY,EQ,24-Sep-2026,1211.2,1210.9,1213.9,1197.0,1200.4,1667696,20096.34,48822,1084475.0,65.03,2026-09-24
DSFCL,EQ,24-Sep-2026,30.25,31.25,31.76,30.25,31.58,164659,51.58,1024,121049.0,73.51,2026-09-24
DSKULKARNI,BE,24-Sep-2026,23.16,23.62,23.62,23.62,23.62,73,0.02,1,,,2026-09-24
DSSL,EQ,24-Sep-2026,1030.4,1038.0,1046.7,1011.9,1022.1,22654,232.92,1808,15487.0,68.36,2026-09-24
DTIL,BE,24-Sep-2026,141.22,141.22,144.22,138.43,142.0,2767,3.89,53,,,2026-09-24
DUCOL,SM,24-Sep-2026,124.0,123.5,128.8,123.5,128.75,16800,20.92,8,16000.0,95.24,2026-09-24
DUCON,EQ,24-Sep-2026,1.6,1.64,1.68,1.54,1.64,9358405,154.89,1944,5271454.0,56.33,2026-09-24
DUGLOBAL,SM,24-Sep-2026,19.0,19.25,20.2,19.25,20.05,35000,6.92,14,32500.0,92.86,2026-09-24
DURLAX,SM,24-Sep-2026,60.05,60.0,60.95,59.55,60.55,98000,59.46,45,6000.0,6.12,2026-09-24
DVL,EQ,24-Sep-2026,292.2,292.2,299.95,284.3,293.8,17896,52.72,634,13625.0,76.13,2026-09-24
DWARKESH,EQ,24-Sep-2026,41.86,41.65,41.8,40.47,40.74,929163,380.17,5144,344867.0,37.12,2026-09-24
DYCL,EQ,24-Sep-2026,476.9,476.5,483.7,465.0,473.2,626764,2975.48,21170,237045.0,37.82,2026-09-24
DYNAMATECH,EQ,24-Sep-2026,12561.0,12516.0,12630.0,12350.0,12551.0,23951,2989.24,9990,10770.0,44.97,2026-09-24
DYNAMIC,SM,24-Sep-2026,147.65,153.25,167.4,144.0,149.0,29000,46.03,30,24000.0,82.76,2026-09-24
DYNPRO,EQ,24-Sep-2026,234.58,235.13,236.93,232.0,232.85,7401,17.23,205,6085.0,82.22,2026-09-24
E2E,BE,24-Sep-2026,635.15,620.0,666.9,615.0,646.7,1060105,6852.3,17198,,,2026-09-24
E2ERAIL,SM,24-Sep-2026,320.75,319.95,344.8,313.2,331.55,261600,857.04,208,63200.0,24.16,2026-09-24
EASEMYTRIP,EQ,24-Sep-2026,5.87,5.84,5.86,5.77,5.8,9371481,543.37,5910,4751512.0,50.7,2026-09-24
EASTSILK,BE,24-Sep-2026,68.51,71.25,71.93,68.0,71.8,4679,3.35,46,,,2026-09-24
EASTWEST,EQ,24-Sep-2026,2.39,2.41,2.42,2.34,2.36,32844,0.78,130,20012.0,60.93,2026-09-24
EBANK10,EQ,24-Sep-2026,16.64,16.64,16.64,16.3,16.58,583,0.1,24,478.0,81.99,2026-09-24
EBANKNIFTY,EQ,24-Sep-2026,57.21,56.64,56.64,55.89,55.89,10879,6.11,61,5271.0,48.45,2026-09-24
EBBETF0430,EQ,24-Sep-2026,1609.69,1612.97,1612.97,1602.26,1603.95,14910,239.29,249,13615.0,91.31,2026-09-24
EBBETF0431,EQ,24-Sep-2026,1431.06,1428.0,1433.58,1427.48,1430.1,3485,49.86,61,2550.0,73.17,2026-09-24
EBBETF0433,EQ,24-Sep-2026,1309.84,1306.92,1311.69,1300.0,1301.38,3112,40.65,133,1846.0,59.32,2026-09-24
EBGNG,EQ,24-Sep-2026,715.15,711.6,712.05,674.1,676.65,778533,5353.37,35510,361705.0,46.46,2026-09-24
EBIX,BE,24-Sep-2026,18.64,19.2,19.2,17.8,17.89,110608,19.92,187,,,2026-09-24
ECAPINSURE,EQ,24-Sep-2026,23.71,23.54,23.6,23.24,23.43,123588,28.85,403,111202.0,89.98,2026-09-24
ECLERX,EQ,24-Sep-2026,1924.2,1910.0,1920.8,1880.0,1890.1,63177,1199.23,9952,30242.0,47.87,2026-09-24
ECOLINE,SM,24-Sep-2026,195.5,195.0,195.0,185.05,190.4,8000,15.12,8,5000.0,62.5,2026-09-24
ECORECO,EQ,24-Sep-2026,419.55,425.0,425.0,417.0,419.25,7233,30.44,766,4008.0,55.41,2026-09-24
ECOSMOBLTY,EQ,24-Sep-2026,109.11,109.0,110.74,107.0,108.04,33055,35.73,957,20905.0,63.24,2026-09-24
EDELWEISS,EQ,24-Sep-2026,142.03,140.6,142.8,138.0,139.01,5585348,7836.32,33723,2382907.0,42.66,2026-09-24
EEPL,ST,24-Sep-2026,134.9,138.0,138.0,131.0,131.05,4000,5.35,4,3000.0,75.0,2026-09-24
EFACTOR,SM,24-Sep-2026,151.05,155.0,161.95,155.0,161.95,27200,43.48,26,26400.0,97.06,2026-09-24
EFCIL,EQ,24-Sep-2026,183.08,182.8,184.0,178.0,181.2,167623,302.53,3694,97871.0,58.39,2026-09-24
EFFWA,SM,24-Sep-2026,365.7,374.95,375.0,355.0,361.75,17200,62.66,26,14800.0,86.05,2026-09-24
EFORCE,SM,24-Sep-2026,19.1,17.85,18.85,17.85,18.8,4800,0.88,4,4800.0,100.0,2026-09-24
EGOLD,EQ,24-Sep-2026,150.9,150.5,150.5,149.1,149.3,32162,48.06,750,23708.0,73.71,2026-09-24
EICHERMOT,EQ,24-Sep-2026,7470.0,7437.0,7460.0,7333.0,7338.5,258170,19049.07,29096,150320.0,58.23,2026-09-24
EIDPARRY,EQ,24-Sep-2026,701.4,701.05,703.15,687.65,689.55,184152,1278.92,13998,101924.0,55.35,2026-09-24
EIEL,EQ,24-Sep-2026,203.32,202.49,202.49,199.41,201.63,353347,710.57,7240,155841.0,44.1,2026-09-24
EIFFL,BE,24-Sep-2026,261.25,266.45,266.45,266.4,266.4,660,1.76,13,,,2026-09-24
EIHAHOTELS,EQ,24-Sep-2026,296.85,296.85,296.85,285.6,288.6,16256,47.54,574,12692.0,78.08,2026-09-24
EIHOTEL,EQ,24-Sep-2026,301.15,299.0,301.15,295.25,296.9,85796,255.81,6840,41076.0,47.88,2026-09-24
EIMCOELECO,EQ,24-Sep-2026,2297.8,2270.0,2329.8,2250.5,2304.4,29400,675.84,3187,14504.0,49.33,2026-09-24
EKC,EQ,24-Sep-2026,113.66,111.0,115.0,110.37,111.5,1474664,1659.94,16329,264562.0,17.94,2026-09-24
EKI,EQ,24-Sep-2026,82.54,83.98,99.04,83.5,99.04,665973,642.67,4442,238786.0,35.86,2026-09-24
ELANTAS,EQ,24-Sep-2026,14308.0,14499.0,14499.0,13623.0,13849.0,2753,383.52,1428,1246.0,45.26,2026-09-24
ELCIDIN,EQ,24-Sep-2026,105800.0,104850.0,104850.0,104810.0,104830.0,3,3.15,3,3.0,100.0,2026-09-24
ELDEHSG,EQ,24-Sep-2026,779.75,789.25,789.25,733.0,760.0,873,6.61,120,639.0,73.2,2026-09-24
ELECON,EQ,24-Sep-2026,466.6,463.0,468.5,450.15,459.1,1947203,8960.07,47298,385499.0,19.8,2026-09-24
ELECTCAST,EQ,24-Sep-2026,74.22,73.3,73.31,71.44,72.56,1426253,1034.11,10889,854079.0,59.88,2026-09-24
ELECTHERM,EQ,24-Sep-2026,904.65,909.2,920.0,875.0,887.7,5994,53.59,364,3764.0,62.8,2026-09-24
ELGIEQUIP,EQ,24-Sep-2026,614.7,608.55,617.5,604.45,608.8,188186,1150.96,16834,70847.0,37.65,2026-09-24
ELGIRUBCO,EQ,24-Sep-2026,59.35,59.9,59.94,57.0,57.15,39799,23.09,983,26919.0,67.64,2026-09-24
ELGNZ,SM,24-Sep-2026,85.85,87.0,88.5,83.5,84.8,20000,17.26,11,16000.0,80.0,2026-09-24
ELIN,EQ,24-Sep-2026,89.95,89.96,89.99,88.2,89.5,58154,51.69,1126,31892.0,54.84,2026-09-24
ELIQUID,EQ,24-Sep-2026,1048.83,1044.65,1048.98,1044.6,1048.98,51098,535.79,25,43938.0,85.99,2026-09-24
ELITECON,EQ,24-Sep-2026,9.13,9.2,9.58,9.2,9.55,14696070,1402.36,10034,8258071.0,56.19,2026-09-24
ELLEN,EQ,24-Sep-2026,371.3,368.0,370.0,353.1,357.7,1000879,3616.17,15280,600610.0,60.01,2026-09-24
ELM250,EQ,24-Sep-2026,16.2,15.88,16.3,15.88,16.11,292300,47.35,240,277092.0,94.8,2026-09-24
ELMDIV,EQ,24-Sep-2026,35.76,35.48,35.49,35.19,35.25,870,0.31,38,731.0,84.02,2026-09-24
ELPROINTL,EQ,24-Sep-2026,171.5,171.5,174.4,170.45,172.01,3141,5.4,161,2857.0,90.96,2026-09-24
EMAMILTD,EQ,24-Sep-2026,391.45,390.0,397.3,388.0,390.5,1756668,6889.63,37125,1054530.0,60.03,2026-09-24
EMAMIPAP,BE,24-Sep-2026,115.6,115.99,117.0,112.9,115.54,15572,17.92,129,,,2026-09-24
EMAMIREAL,EQ,24-Sep-2026,69.58,69.75,69.9,68.0,69.03,6575,4.53,109,5635.0,85.7,2026-09-24
EMAPARTNER,SM,24-Sep-2026,82.1,84.8,84.8,80.45,82.0,10000,8.22,10,8000.0,80.0,2026-09-24
EMBASSY,RR,24-Sep-2026,437.44,437.8,440.0,436.4,439.77,594992,2611.85,16488,499426.0,83.94,2026-09-24
EMBDL,EQ,24-Sep-2026,61.22,60.4,60.99,58.2,58.81,2396537,1426.59,15723,1015206.0,42.36,2026-09-24
EMCURE,EQ,24-Sep-2026,1981.7,1980.0,1991.4,1943.5,1952.1,47459,931.64,7623,23158.0,48.8,2026-09-24
EMETAL,EQ,24-Sep-2026,13.23,12.89,13.99,12.83,12.92,7559,0.98,50,4559.0,60.31,2026-09-24
EMIL,EQ,24-Sep-2026,191.32,191.62,194.4,188.11,189.16,2792300,5344.79,40314,1401126.0,50.18,2026-09-24
EMKAY,EQ,24-Sep-2026,270.6,267.15,276.0,266.05,272.55,39396,106.87,1062,25250.0,64.09,2026-09-24
EMKAYTOOLS,SM,24-Sep-2026,95.0,96.0,96.0,93.5,93.5,1050,0.99,6,900.0,85.71,2026-09-24
EMMBI,BE,24-Sep-2026,88.71,90.19,90.45,88.1,88.49,5432,4.85,53,,,2026-09-24
EMMIL,SM,24-Sep-2026,127.65,124.0,127.5,122.0,123.3,2750,3.43,9,2500.0,90.91,2026-09-24
EMMVEE,EQ,24-Sep-2026,333.1,329.55,331.15,316.05,317.6,3608599,11604.24,61011,2147706.0,59.52,2026-09-24
EMPIND,EQ,24-Sep-2026,1074.8,1046.0,1063.9,1046.0,1051.6,1192,12.52,219,741.0,62.16,2026-09-24
EMPOWER,EQ,24-Sep-2026,2.06,1.96,2.13,1.96,1.96,20949300,412.04,2604,18571014.0,88.65,2026-09-24
EMSLIMITED,EQ,24-Sep-2026,366.35,366.7,366.7,357.2,358.6,98178,353.61,3001,50995.0,51.94,2026-09-24
EMUDHRA,EQ,24-Sep-2026,637.8,640.1,667.0,638.75,659.4,1009718,6597.63,38881,238406.0,23.61,2026-09-24
EMULTIMQ,EQ,24-Sep-2026,41.32,41.12,41.58,41.02,41.3,71774,29.67,145,56883.0,79.25,2026-09-24
ENCOMPAS,SM,24-Sep-2026,255.0,255.25,255.25,239.95,240.0,7200,17.69,14,6800.0,94.44,2026-09-24
ENDURANCE,EQ,24-Sep-2026,2669.6,2645.0,2698.9,2636.0,2663.2,92156,2464.39,19807,58551.0,63.53,2026-09-24
ENERGY,EQ,24-Sep-2026,38.13,38.89,38.89,37.59,37.64,142872,53.92,1382,103022.0,72.11,2026-09-24
ENERGYAXIS,EQ,24-Sep-2026,18.92,18.84,19.0,18.72,18.77,13067,2.45,86,8861.0,67.81,2026-09-24
ENERGYDEV,EQ,24-Sep-2026,14.71,14.69,14.95,14.64,14.91,17824,2.64,188,13984.0,78.46,2026-09-24
ENEXT50,EQ,24-Sep-2026,72.16,72.16,72.52,70.77,71.53,1833,1.31,31,476.0,25.97,2026-09-24
ENGINERSIN,EQ,24-Sep-2026,306.2,303.5,305.65,295.0,296.65,4627761,13869.19,64293,1490701.0,32.21,2026-09-24
ENIFTY,EQ,24-Sep-2026,23.65,24.24,24.24,23.28,23.37,7421,1.73,69,7051.0,95.01,2026-09-24
ENIL,EQ,24-Sep-2026,100.17,100.02,101.46,99.65,99.66,4809,4.82,109,4206.0,87.46,2026-09-24
ENKEIWHEL,EQ,24-Sep-2026,399.45,399.0,405.35,381.5,385.75,2549,9.98,105,1735.0,68.07,2026-09-24
ENRIN,EQ,24-Sep-2026,3214.4,3191.7,3281.7,3158.5,3215.4,372166,12019.61,37688,174206.0,46.81,2026-09-24
ENSER,SM,24-Sep-2026,15.25,15.45,15.45,14.3,14.7,40000,6.02,8,40000.0,100.0,2026-09-24
ENTERO,EQ,24-Sep-2026,1842.5,1835.0,1875.0,1780.0,1852.2,247589,4582.68,18737,134168.0,54.19,2026-09-24
ENVIRO,SM,24-Sep-2026,73.55,75.0,75.0,69.2,70.1,32000,22.61,28,21000.0,65.63,2026-09-24
EPACK,EQ,24-Sep-2026,184.82,184.0,185.88,179.1,180.12,287195,521.15,5265,147246.0,51.27,2026-09-24
EPACKPEB,EQ,24-Sep-2026,253.95,253.01,258.97,241.3,246.29,815923,2051.48,17266,405103.0,49.65,2026-09-24
EPIGRAL,EQ,24-Sep-2026,1093.6,1091.0,1099.0,1065.0,1071.0,32669,353.01,3141,14566.0,44.59,2026-09-24
EPL,EQ,24-Sep-2026,239.1,238.0,240.25,234.3,238.05,1071636,2545.91,20951,539643.0,50.36,2026-09-24
EQUAL200,EQ,24-Sep-2026,13.64,13.98,13.98,13.42,13.42,37157,5.01,97,28986.0,78.01,2026-09-24
EQUAL50,EQ,24-Sep-2026,325.16,317.03,331.66,317.03,320.14,4296,13.79,78,2408.0,56.05,2026-09-24
EQUAL50ADD,EQ,24-Sep-2026,334.44,333.0,334.29,330.54,331.12,19683,65.4,387,16159.0,82.1,2026-09-24
EQUIPPP,BE,24-Sep-2026,22.63,21.8,22.97,21.8,22.88,318,0.07,7,,,2026-09-24
EQUITASBNK,EQ,24-Sep-2026,72.27,69.0,70.77,68.52,70.21,2416236,1689.27,15746,1050019.0,43.46,2026-09-24
ERIS,EQ,24-Sep-2026,1269.9,1266.0,1284.1,1264.5,1274.6,47023,598.76,6140,23971.0,50.98,2026-09-24
ESABINDIA,EQ,24-Sep-2026,5604.5,5604.5,5656.5,5476.0,5528.0,3824,211.67,1316,2001.0,52.33,2026-09-24
ESAFSFB,BE,24-Sep-2026,40.69,40.51,42.4,39.57,40.82,1751479,724.93,2641,,,2026-09-24
ESCONET,ST,24-Sep-2026,216.2,216.15,216.15,208.0,209.95,10000,20.99,24,8800.0,88.0,2026-09-24
ESCORTS,EQ,24-Sep-2026,2796.9,2804.0,2861.9,2789.1,2822.9,321127,9066.99,38822,161271.0,50.22,2026-09-24
ESDS,EQ,24-Sep-2026,1770.7,1724.0,1859.2,1704.05,1853.15,2468558,45030.63,98848,974937.0,39.49,2026-09-24
ESENSEX,EQ,24-Sep-2026,75.54,75.21,75.21,74.33,74.47,318,0.24,39,318.0,100.0,2026-09-24
ESFL,SM,24-Sep-2026,123.2,121.1,121.1,118.1,119.05,8640,10.36,16,7200.0,83.33,2026-09-24
ESG,EQ,24-Sep-2026,40.29,39.93,40.02,39.6,39.67,7060,2.81,97,4232.0,59.94,2026-09-24
ESILVER,EQ,24-Sep-2026,229.58,225.9,228.52,225.42,225.69,16246,36.82,855,7472.0,45.99,2026-09-24
ESSARSHPNG,EQ,24-Sep-2026,16.38,16.37,16.43,16.08,16.18,82898,13.46,444,56890.0,68.63,2026-09-24
ESSENTIA,EQ,24-Sep-2026,1.03,1.04,1.05,1.02,1.03,1416593,14.68,782,807063.0,56.97,2026-09-24
ESTER,EQ,24-Sep-2026,88.32,88.0,88.51,84.91,86.89,100440,87.21,1378,57443.0,57.19,2026-09-24
ETERNAL,EQ,24-Sep-2026,342.65,338.7,343.6,333.55,335.5,14989187,50808.26,217489,8865928.0,59.15,2026-09-24
ETHOSLTD,EQ,24-Sep-2026,2660.2,2675.2,2697.0,2575.0,2605.7,91793,2400.84,13170,54144.0,58.98,2026-09-24
ETL,SM,24-Sep-2026,1118.0,1130.0,1145.0,1130.0,1145.0,1500,17.06,9,1350.0,90.0,2026-09-24
ETML,SM,24-Sep-2026,80.1,80.0,80.0,78.4,79.85,7200,5.69,6,6000.0,83.33,2026-09-24
EUREKAFORB,EQ,24-Sep-2026,378.45,379.9,379.9,368.6,375.1,223143,833.43,10877,139160.0,62.36,2026-09-24
EUROBOND,EQ,24-Sep-2026,152.22,151.0,152.9,148.5,148.57,704,1.06,35,559.0,79.4,2026-09-24
EUROPRATIK,EQ,24-Sep-2026,220.15,220.0,220.45,211.0,211.65,192201,413.94,4969,70394.0,36.63,2026-09-24
EUROTEXIND,BE,24-Sep-2026,11.65,11.2,12.23,11.07,12.21,10861,1.26,69,,,2026-09-24
EVEREADY,EQ,24-Sep-2026,328.5,325.0,328.1,324.5,326.05,25369,82.67,1195,16697.0,65.82,2026-09-24
EVERESTIND,BE,24-Sep-2026,445.65,449.9,449.9,425.6,431.75,5495,23.86,121,,,2026-09-24
EVIETF,EQ,24-Sep-2026,31.76,31.75,32.47,31.19,31.42,625125,196.25,874,528666.0,84.57,2026-09-24
EVINDIA,EQ,24-Sep-2026,31.72,32.35,32.35,31.3,31.35,849271,266.63,1580,751087.0,88.44,2026-09-24
EXCELINDUS,EQ,24-Sep-2026,963.3,968.0,969.9,943.0,950.0,8092,77.25,984,2836.0,35.05,2026-09-24
EXCELLENT,ST,24-Sep-2026,195.0,194.0,203.0,190.55,190.55,16000,32.03,10,12800.0,80.0,2026-09-24
EXCELSOFT,EQ,24-Sep-2026,80.94,80.2,85.0,80.18,81.69,1877150,1564.54,17021,522856.0,27.85,2026-09-24
EXICOM,EQ,24-Sep-2026,168.09,166.95,166.95,163.0,164.64,700884,1153.31,8473,309573.0,44.17,2026-09-24
EXIDEIND,EQ,24-Sep-2026,425.95,426.0,436.8,421.9,426.55,3273879,14066.63,59403,853081.0,26.06,2026-09-24
EXIMROUTES,SM,24-Sep-2026,90.6,88.0,97.1,88.0,90.1,217600,198.18,23,189600.0,87.13,2026-09-24
EXPLEOSOL,EQ,24-Sep-2026,872.45,872.45,884.7,862.0,871.55,10007,87.43,1241,5002.0,49.99,2026-09-24
EXXARO,EQ,24-Sep-2026,6.27,6.3,6.3,6.16,6.24,102930,6.42,267,93880.0,91.21,2026-09-24
FABTECH,EQ,24-Sep-2026,148.64,146.64,148.5,145.02,146.47,41003,60.07,609,29078.0,70.92,2026-09-24
FACT,EQ,24-Sep-2026,796.7,795.0,795.0,775.85,777.8,86883,680.53,5627,25955.0,29.87,2026-09-24
FAIRCHEMOR,BE,24-Sep-2026,626.65,630.0,657.95,630.0,657.95,11704,76.44,666,,,2026-09-24
FASCINATE,SM,24-Sep-2026,55.3,57.95,58.05,54.15,58.05,423200,244.38,328,319200.0,75.43,2026-09-24
FAZE3Q,EQ,24-Sep-2026,438.05,444.0,444.0,421.0,422.0,16274,69.77,754,10889.0,66.91,2026-09-24
FCL,EQ,24-Sep-2026,56.81,56.55,58.42,55.13,56.07,19880015,11273.4,64395,6026595.0,30.31,2026-09-24
FCSSOFT,EQ,24-Sep-2026,1.36,1.36,1.37,1.33,1.33,2041112,27.54,1228,1134469.0,55.58,2026-09-24
FDC,EQ,24-Sep-2026,349.95,348.9,353.15,343.5,345.7,159649,552.63,6716,100832.0,63.16,2026-09-24
FEDDERSHOL,EQ,24-Sep-2026,67.22,68.01,69.75,63.5,64.71,9579140,6326.97,37792,1864319.0,19.46,2026-09-24
FEDERALBNK,EQ,24-Sep-2026,331.3,328.0,332.7,325.95,329.5,6031916,19864.05,78222,3243704.0,53.78,2026-09-24
FEDFINA,EQ,24-Sep-2026,153.42,151.01,154.48,150.25,152.71,956440,1458.36,14086,540144.0,56.47,2026-09-24
FEL,BZ,24-Sep-2026,0.36,0.36,0.37,0.36,0.36,119323,0.43,100,,,2026-09-24
FELDVR,BZ,24-Sep-2026,2.09,2.13,2.13,1.99,2.07,3806,0.08,15,,,2026-09-24
FELIX,SM,24-Sep-2026,204.3,208.5,208.5,201.6,202.15,47500,97.31,43,23000.0,48.42,2026-09-24
FERMENTA,EQ,24-Sep-2026,475.5,482.2,511.65,460.0,478.05,580390,2862.39,19638,174001.0,29.98,2026-09-24
FIBERWEB,EQ,24-Sep-2026,26.48,26.69,28.68,25.9,26.57,40274,10.86,406,24987.0,62.04,2026-09-24
FIDEL,SM,24-Sep-2026,175.25,175.0,175.25,175.0,175.0,3000,5.25,3,2000.0,66.67,2026-09-24
FIEMIND,EQ,24-Sep-2026,1924.5,1929.7,1935.0,1903.5,1917.2,53114,1018.16,9327,29945.0,56.38,2026-09-24
FILATEX,EQ,24-Sep-2026,108.72,107.42,108.75,104.41,105.32,4644101,4932.79,25559,2123375.0,45.72,2026-09-24
FILATFASH,EQ,24-Sep-2026,0.18,0.19,0.19,0.18,0.18,47083777,89.45,1454,40337768.0,85.67,2026-09-24
FINBUD,SM,24-Sep-2026,114.5,113.0,123.45,113.0,121.7,35000,42.26,31,26000.0,74.29,2026-09-24
FINCABLES,EQ,24-Sep-2026,1470.2,1465.0,1490.9,1450.1,1480.0,791508,11704.77,41256,324806.0,41.04,2026-09-24
FINEORG,EQ,24-Sep-2026,5096.5,5059.0,5124.0,4968.0,5062.5,21083,1067.42,6597,12846.0,60.93,2026-09-24
FINIETF,EQ,24-Sep-2026,32.37,33.17,33.17,31.08,31.25,969293,304.43,4167,843858.0,87.06,2026-09-24
FINKURVE,EQ,24-Sep-2026,70.12,69.2,71.0,69.1,70.18,15875,11.09,407,9598.0,60.46,2026-09-24
FINOPB,EQ,24-Sep-2026,132.68,132.1,132.68,129.0,129.28,213176,277.37,2720,113706.0,53.34,2026-09-24
FINPIPE,EQ,24-Sep-2026,154.16,154.0,155.2,151.88,154.04,343672,526.86,6770,144761.0,42.12,2026-09-24
FIRSTCRY,EQ,24-Sep-2026,180.41,180.05,190.8,173.3,179.63,31265673,56340.92,173097,13309157.0,42.57,2026-09-24
FISCHER,EQ,24-Sep-2026,35.03,34.98,35.01,33.86,34.23,505113,173.54,3210,306086.0,60.6,2026-09-24
FIVESTAR,EQ,24-Sep-2026,549.7,540.0,540.0,516.35,524.85,1610174,8488.31,56388,652980.0,40.55,2026-09-24
FLAIR,EQ,24-Sep-2026,240.79,238.99,248.0,237.26,242.96,132147,321.27,4239,62756.0,47.49,2026-09-24
FLEXIADD,EQ,24-Sep-2026,9.74,9.73,9.89,9.63,9.68,61962,6.01,491,54896.0,88.6,2026-09-24
FLEXITUFF,BE,24-Sep-2026,2.73,2.73,2.78,2.73,2.77,10204,0.28,13,,,2026-09-24
FLFL,BZ,24-Sep-2026,1.13,1.13,1.16,1.12,1.14,5239,0.06,46,,,2026-09-24
FLUOROCHEM,EQ,24-Sep-2026,4476.4,4476.4,4532.8,4430.3,4475.9,66948,3003.8,10217,36118.0,53.95,2026-09-24
FLYSBS,SM,24-Sep-2026,667.2,669.0,669.0,650.1,654.4,30000,196.53,99,24800.0,82.67,2026-09-24
FMCGADD,EQ,24-Sep-2026,45.86,46.23,46.47,45.92,46.0,20150,9.31,191,13845.0,68.71,2026-09-24
FMCGIETF,EQ,24-Sep-2026,49.71,49.71,49.71,49.03,49.2,1127021,556.36,4130,751253.0,66.66,2026-09-24
FMGOETZE,EQ,24-Sep-2026,453.55,452.95,472.2,448.25,468.45,295065,1359.46,8183,137742.0,46.68,2026-09-24
FMNL,EQ,24-Sep-2026,8.1,8.12,8.36,7.7,8.09,76249,6.09,176,50988.0,66.87,2026-09-24
FOCUS,BE,24-Sep-2026,60.1,59.61,60.74,57.9,58.24,54024,31.83,373,,,2026-09-24
FONEBOX,ST,24-Sep-2026,152.1,159.7,159.7,152.1,159.7,69000,110.01,50,66000.0,95.65,2026-09-24
FOODSIN,EQ,24-Sep-2026,53.41,53.15,53.5,52.6,52.98,69602,36.96,391,53856.0,77.38,2026-09-24
FORCAS,ST,24-Sep-2026,220.0,220.0,228.0,218.0,220.05,38400,85.74,24,33600.0,87.5,2026-09-24
FORCEMOT,EQ,24-Sep-2026,17352.0,17300.0,17456.0,17112.0,17142.0,56971,9822.29,14688,23254.0,40.82,2026-09-24
FORGEAUTO,SM,24-Sep-2026,103.0,101.95,102.0,101.0,101.0,4800,4.88,4,4800.0,100.0,2026-09-24
FORTIS,EQ,24-Sep-2026,894.0,891.6,897.15,877.35,877.35,906861,8054.8,34122,502892.0,55.45,2026-09-24
FOSECOIND,EQ,24-Sep-2026,6555.0,6555.0,6648.0,6440.0,6477.0,9084,593.1,3009,4096.0,45.09,2026-09-24
FRACTAL,EQ,24-Sep-2026,761.65,758.0,758.95,745.4,749.25,173105,1301.44,14659,102669.0,59.31,2026-09-24
FREDUN,EQ,24-Sep-2026,1394.0,1394.0,1400.8,1352.7,1360.3,30132,413.96,3277,18095.0,60.05,2026-09-24
FRESHARA,ST,24-Sep-2026,406.0,405.0,409.0,398.0,404.35,13200,53.25,20,11400.0,86.36,2026-09-24
FROG,SM,24-Sep-2026,267.1,266.95,277.95,261.1,268.95,29200,78.85,67,18800.0,64.38,2026-09-24
FRONTSP,EQ,24-Sep-2026,1394.6,1451.8,1569.8,1451.8,1510.4,1615746,24539.9,110705,139689.0,8.65,2026-09-24
FSL,EQ,24-Sep-2026,267.85,267.85,267.95,261.0,262.15,468349,1235.08,14192,195036.0,41.64,2026-09-24
FUSION,EQ,24-Sep-2026,184.2,184.0,184.0,176.01,176.8,456966,816.46,8262,258741.0,56.62,2026-09-24
FWSTC,SM,24-Sep-2026,170.0,162.0,170.0,161.0,162.0,51000,82.26,11,49800.0,97.65,2026-09-24
GABRIEL,EQ,24-Sep-2026,1428.1,1415.0,1436.6,1389.2,1397.3,329569,4653.91,17834,110226.0,33.45,2026-09-24
GAEL,EQ,24-Sep-2026,163.19,163.0,164.8,159.48,162.59,652362,1063.48,17649,326107.0,49.99,2026-09-24
GAIL,EQ,24-Sep-2026,172.95,172.1,173.85,171.84,173.85,6183667,10686.71,37105,3820170.0,61.78,2026-09-24
GAJA,EQ,24-Sep-2026,150.04,148.8,148.8,145.15,145.94,448375,658.93,7790,165415.0,36.89,2026-09-24
GALAPREC,EQ,24-Sep-2026,1164.2,1164.2,1179.5,1111.0,1117.1,74133,846.32,7573,34347.0,46.33,2026-09-24
GALAXYSURF,EQ,24-Sep-2026,2222.0,2205.0,2267.7,2194.7,2246.6,35010,785.3,7313,17276.0,49.35,2026-09-24
GALLANTT,EQ,24-Sep-2026,556.45,550.0,556.4,542.55,545.25,40560,222.76,2876,19171.0,47.27,2026-09-24
GANDHAR,EQ,24-Sep-2026,268.4,266.0,267.85,261.7,262.7,311752,824.3,4784,153938.0,49.38,2026-09-24
GANDHITUBE,EQ,24-Sep-2026,995.05,994.75,994.75,967.4,979.1,14867,145.68,1433,7269.0,48.89,2026-09-24
GANECOS,EQ,24-Sep-2026,1036.6,1035.0,1048.4,1000.0,1014.0,83366,854.92,5507,40313.0,48.36,2026-09-24
GANESHBE,BE,24-Sep-2026,131.08,128.5,132.0,125.0,126.49,196757,250.06,692,,,2026-09-24
GANESHCP,EQ,24-Sep-2026,164.48,164.97,166.13,161.49,161.92,179057,291.56,2702,117799.0,65.79,2026-09-24
GANESHHOU,EQ,24-Sep-2026,746.1,746.1,746.1,725.0,736.85,50131,369.44,1688,33988.0,67.8,2026-09-24
GANESHIN,SM,24-Sep-2026,92.65,91.0,93.85,90.85,91.0,57600,52.88,56,40000.0,69.44,2026-09-24
GANGAFORGE,EQ,24-Sep-2026,1.55,1.56,1.57,1.51,1.52,2658153,40.91,1304,1784598.0,67.14,2026-09-24
GANGESSECU,EQ,24-Sep-2026,115.63,114.5,116.98,112.0,112.1,2357,2.67,61,2200.0,93.34,2026-09-24
GARFIBRES,EQ,24-Sep-2026,787.15,783.0,799.9,764.05,781.95,36667,286.48,5837,15557.0,42.43,2026-09-24
GARUDA,EQ,24-Sep-2026,184.48,183.39,183.9,176.97,178.21,333762,599.62,6321,176973.0,53.02,2026-09-24
GATECH,BE,24-Sep-2026,0.76,0.73,0.73,0.73,0.73,5313371,38.79,3429,,,2026-09-24
GATECHDVR,BE,24-Sep-2026,0.48,0.49,0.49,0.47,0.47,156220,0.75,151,,,2026-09-24
GATEWAY,EQ,24-Sep-2026,52.67,52.5,52.98,52.2,52.37,421697,221.43,3846,238955.0,56.67,2026-09-24
GAUDIUMIVF,EQ,24-Sep-2026,117.69,119.7,123.0,114.61,115.85,292066,343.56,4697,125904.0,43.11,2026-09-24
GAYAHWS,EQ,24-Sep-2026,1.88,1.87,1.9,1.85,1.85,188295,3.52,267,151235.0,80.32,2026-09-24
GAYAPROJ,EQ,24-Sep-2026,24.17,24.0,24.47,22.97,23.01,1415515,334.22,3322,759310.0,53.64,2026-09-24
GCHOTELS,ST,24-Sep-2026,130.0,129.8,135.5,129.8,130.0,52200,68.08,58,50400.0,96.55,2026-09-24
GCSL,EQ,24-Sep-2026,642.7,640.0,648.0,631.1,633.3,336550,2145.46,3437,112877.0,33.54,2026-09-24
GEECEE,BE,24-Sep-2026,377.95,375.5,377.75,360.0,371.95,3987,14.44,78,,,2026-09-24
GEEKAYWIRE,EQ,24-Sep-2026,33.25,33.41,33.66,33.2,33.41,152650,50.93,877,102129.0,66.9,2026-09-24
GEMAROMA,EQ,24-Sep-2026,154.94,154.2,157.6,150.25,155.18,47069,72.27,1312,28948.0,61.5,2026-09-24
GENCON,EQ,24-Sep-2026,39.31,39.65,40.1,38.15,38.65,408402,160.25,1002,92672.0,22.69,2026-09-24
GENESYS,EQ,24-Sep-2026,281.62,280.79,302.0,276.26,283.18,1214456,3532.92,24246,324076.0,26.68,2026-09-24
GENSOL,BZ,24-Sep-2026,16.77,16.95,17.2,16.4,17.04,48447,8.12,384,,,2026-09-24
GENUSPAPER,EQ,24-Sep-2026,11.34,11.21,11.48,11.07,11.2,50058,5.62,228,35024.0,69.97,2026-09-24
GENUSPOWER,EQ,24-Sep-2026,308.35,308.0,321.3,304.75,306.6,2744915,8578.31,41748,906935.0,33.04,2026-09-24
GENXAI,SM,24-Sep-2026,75.4,75.0,75.7,72.0,72.15,20400,15.08,13,10800.0,52.94,2026-09-24
GEOJITFSL,EQ,24-Sep-2026,81.98,80.8,80.8,78.5,79.17,478340,378.56,5433,300207.0,62.76,2026-09-24
GESHIP,EQ,24-Sep-2026,1483.8,1478.0,1498.5,1466.0,1482.6,606281,9003.54,34353,324130.0,53.46,2026-09-24
GFLLIMITED,EQ,24-Sep-2026,56.74,56.74,57.0,53.57,54.93,70943,38.96,1017,48994.0,69.06,2026-09-24
GFSTEELS,BE,24-Sep-2026,29.44,30.91,30.91,30.91,30.91,12229,3.78,31,,,2026-09-24
GGBL,SM,24-Sep-2026,224.7,220.0,224.0,215.6,218.3,17400,37.99,51,13800.0,79.31,2026-09-24
GHCL,EQ,24-Sep-2026,424.0,430.0,430.0,419.0,421.3,167377,710.32,4779,54488.0,32.55,2026-09-24
GHCLTEXTIL,EQ,24-Sep-2026,134.61,134.49,138.82,132.21,135.34,563475,766.88,13487,243168.0,43.16,2026-09-24
GICHSGFIN,EQ,24-Sep-2026,139.48,138.98,139.9,137.02,137.96,76031,104.98,997,49853.0,65.57,2026-09-24
GICL,BE,24-Sep-2026,23.33,22.5,23.99,22.35,23.5,160774,36.65,168,,,2026-09-24
GICRE,EQ,24-Sep-2026,344.15,341.95,344.05,338.05,339.25,334321,1138.12,9349,150571.0,45.04,2026-09-24
GILLANDERS,EQ,24-Sep-2026,104.91,105.96,106.49,101.0,103.76,2856,2.95,93,2605.0,91.21,2026-09-24
GILLETTE,EQ,24-Sep-2026,7094.0,7094.0,7145.0,7032.5,7118.5,16115,1145.23,4636,9154.0,56.8,2026-09-24
GILT10BETA,EQ,24-Sep-2026,26.58,26.58,26.63,26.33,26.63,18,0.0,12,11.0,61.11,2026-09-24
GILT5BETA,EQ,24-Sep-2026,66.25,66.6,66.6,65.76,66.49,962,0.64,15,663.0,68.92,2026-09-24
GILT5YBEES,EQ,24-Sep-2026,66.05,66.05,66.05,65.65,65.84,383916,252.97,557,331384.0,86.32,2026-09-24
GINNIFILA,BE,24-Sep-2026,42.95,42.6,43.4,41.75,42.39,2644,1.13,32,,,2026-09-24
GIPCL,EQ,24-Sep-2026,191.64,190.0,192.28,185.05,186.42,245732,461.16,6200,163788.0,66.65,2026-09-24
GIRIRAJ,SM,24-Sep-2026,74.45,78.0,78.1,70.75,70.75,5000,3.69,15,3000.0,60.0,2026-09-24
GJL,ST,24-Sep-2026,351.0,368.0,368.55,367.0,368.55,6400,23.57,8,6400.0,100.0,2026-09-24
GKB,EQ,24-Sep-2026,69.73,74.0,74.0,66.71,67.68,2440,1.66,93,2141.0,87.75,2026-09-24
GKENERGY,EQ,24-Sep-2026,127.14,126.5,126.9,124.0,124.69,211202,263.86,2585,109010.0,51.61,2026-09-24
GKSL,EQ,24-Sep-2026,177.71,177.71,179.95,170.0,170.85,352319,610.88,5020,217375.0,61.7,2026-09-24
GKWLIMITED,EQ,24-Sep-2026,1605.0,1602.9,1605.0,1561.4,1561.4,224,3.59,11,223.0,99.55,2026-09-24
GLAND,EQ,24-Sep-2026,2910.2,2896.0,2933.2,2875.1,2897.4,327302,9533.71,28363,221319.0,67.62,2026-09-24
GLASSWALL,EQ,24-Sep-2026,286.41,287.0,287.0,260.27,272.07,12703984,34737.41,115717,1884840.0,14.84,2026-09-24
GLAXO,EQ,24-Sep-2026,2876.9,2874.0,2880.0,2815.0,2829.2,17953,511.23,3561,8656.0,48.21,2026-09-24
GLENMARK,EQ,24-Sep-2026,2475.0,2460.0,2470.0,2422.0,2430.4,453221,11089.3,29669,244668.0,53.98,2026-09-24
GLFL,EQ,24-Sep-2026,5.09,5.09,5.33,4.85,5.02,6547,0.33,26,4404.0,67.27,2026-09-24
GLOBAL,EQ,24-Sep-2026,134.45,134.45,143.0,134.01,141.0,873103,1217.53,9573,433385.0,49.64,2026-09-24
GLOBALE,EQ,24-Sep-2026,11.34,11.39,11.64,10.78,10.8,4654,0.51,24,4428.0,95.14,2026-09-24
GLOBALVECT,EQ,24-Sep-2026,137.46,139.5,139.5,133.3,135.89,6163,8.46,200,4542.0,73.7,2026-09-24
GLOBE,EQ,24-Sep-2026,2.24,2.28,2.33,2.21,2.26,764992,17.37,394,669097.0,87.46,2026-09-24
GLOBECIVIL,EQ,24-Sep-2026,44.18,44.0,44.99,42.62,43.18,9764,4.26,248,6158.0,63.07,2026-09-24
GLOBUSSPR,EQ,24-Sep-2026,829.1,828.0,856.8,824.05,836.5,99347,836.15,6564,48413.0,48.73,2026-09-24
GLOSTERLTD,EQ,24-Sep-2026,578.0,578.0,579.8,570.1,572.0,420,2.41,56,326.0,77.62,2026-09-24
GLOTTIS,EQ,24-Sep-2026,58.1,58.48,69.72,57.51,63.36,791242,515.04,7344,313614.0,39.64,2026-09-24
GMBREW,EQ,24-Sep-2026,968.3,968.0,978.3,952.0,967.25,51293,496.08,4024,23103.0,45.04,2026-09-24
GMDCLTD,EQ,24-Sep-2026,556.7,551.0,552.7,541.0,542.5,461347,2520.67,13033,232428.0,50.38,2026-09-24
GML,SM,24-Sep-2026,17.8,17.8,17.8,16.95,16.95,8000,1.39,4,8000.0,100.0,2026-09-24
GMMPFAUDLR,EQ,24-Sep-2026,1432.6,1415.0,1491.1,1415.0,1475.4,403019,5934.28,29003,177167.0,43.96,2026-09-24
GMRAIRPORT,EQ,24-Sep-2026,99.14,98.58,99.59,97.11,97.35,10723487,10570.03,30361,6206033.0,57.87,2026-09-24
GMRP&UI,EQ,24-Sep-2026,98.13,97.0,103.0,96.34,101.41,3555672,3552.19,23457,1825590.0,51.34,2026-09-24
GNA,EQ,24-Sep-2026,596.65,601.5,648.0,590.0,620.45,7316206,45858.62,165697,1133638.0,15.49,2026-09-24
GNFC,EQ,24-Sep-2026,623.05,620.0,635.0,616.0,625.1,1155725,7228.85,33959,434557.0,37.6,2026-09-24
GNRL,EQ,24-Sep-2026,98.07,98.6,100.7,97.75,98.11,338664,332.61,4315,272103.0,80.35,2026-09-24
GOACARBON,EQ,24-Sep-2026,402.35,399.05,409.8,399.0,404.75,18901,76.48,1133,12434.0,65.78,2026-09-24
GOCLCORP,EQ,24-Sep-2026,392.75,385.95,398.2,377.0,380.25,198301,765.07,6921,85578.0,43.16,2026-09-24
GOCOLORS,EQ,24-Sep-2026,317.55,315.05,323.9,311.6,318.35,85831,272.66,3247,25189.0,29.35,2026-09-24
GODAVARIB,EQ,24-Sep-2026,239.43,238.9,242.0,234.5,238.65,69191,164.07,1778,33657.0,48.64,2026-09-24
GODFRYPHLP,EQ,24-Sep-2026,2003.0,1999.9,1999.9,1965.5,1974.0,91758,1819.4,7872,33655.0,36.68,2026-09-24
GODIGIT,EQ,24-Sep-2026,245.0,240.0,253.45,236.15,250.3,4077269,10047.6,64822,2151494.0,52.77,2026-09-24
GODREJAGRO,EQ,24-Sep-2026,670.05,671.0,698.4,666.55,676.05,851491,5840.67,38022,261184.0,30.67,2026-09-24
GODREJCP,EQ,24-Sep-2026,879.75,875.5,884.7,871.2,875.0,692739,6075.79,14960,356275.0,51.43,2026-09-24
GODREJIND,EQ,24-Sep-2026,1106.0,1102.0,1109.1,1085.3,1099.0,38073,418.51,4465,18235.0,47.89,2026-09-24
GODREJPROP,EQ,24-Sep-2026,1707.6,1680.0,1707.9,1665.7,1671.2,481036,8100.69,27738,234539.0,48.76,2026-09-24
GOKEX,EQ,24-Sep-2026,710.25,701.1,726.0,688.0,692.85,240932,1687.14,14170,105393.0,43.74,2026-09-24
GOKUL,EQ,24-Sep-2026,40.42,40.42,40.6,39.4,39.92,137327,55.51,436,31275.0,22.77,2026-09-24
GOKULAGRO,EQ,24-Sep-2026,225.81,226.77,236.5,222.7,224.98,1505364,3417.59,20478,296921.0,19.72,2026-09-24
GOLD1,EQ,24-Sep-2026,125.96,125.01,125.48,124.58,124.65,1257237,1571.16,6766,634581.0,50.47,2026-09-24
GOLD360,EQ,24-Sep-2026,147.35,147.0,147.0,145.35,145.85,8851,12.93,277,6085.0,68.75,2026-09-24
GOLDADD,EQ,24-Sep-2026,14.65,14.6,14.61,14.48,14.5,6431488,936.07,5361,4084263.0,63.5,2026-09-24
GOLDAXIS,EQ,24-Sep-2026,125.69,124.6,125.14,124.17,124.24,2469888,3079.55,3091,2022635.0,81.89,2026-09-24
GOLDBEES,EQ,24-Sep-2026,124.73,124.0,124.28,123.22,123.43,20039975,24813.53,93111,10742833.0,53.61,2026-09-24
GOLDBETA,EQ,24-Sep-2026,127.1,126.6,126.6,125.7,125.8,346933,437.38,2502,252381.0,72.75,2026-09-24
GOLDBND,EQ,24-Sep-2026,150.95,149.47,150.7,148.96,149.24,13781,20.61,116,11610.0,84.25,2026-09-24
GOLDCASE,EQ,24-Sep-2026,23.76,23.7,23.7,23.47,23.5,7324812,1727.08,11560,3411990.0,46.58,2026-09-24
GOLDENTOBC,BZ,24-Sep-2026,23.5,23.26,24.24,22.42,24.24,1146,0.27,59,,,2026-09-24
GOLDETF,EQ,24-Sep-2026,146.79,145.82,146.14,145.16,145.32,675967,984.25,5598,415413.0,61.45,2026-09-24
GOLDIAM,EQ,24-Sep-2026,332.6,328.95,328.95,320.0,321.7,306994,994.35,6433,164895.0,53.71,2026-09-24
GOLDIETF,EQ,24-Sep-2026,129.21,128.72,128.72,127.79,127.88,5216625,6691.6,27734,3287939.0,63.03,2026-09-24
GOLDSTAR,SM,24-Sep-2026,9.7,10.15,10.15,9.5,10.15,911250,91.65,77,596250.0,65.43,2026-09-24
GOLDTECH,BE,24-Sep-2026,44.08,45.44,46.28,44.9,46.28,9493,4.34,45,,,2026-09-24
GOODLUCK,EQ,24-Sep-2026,537.1,534.9,541.6,528.0,530.45,378269,2019.02,17477,178289.0,47.13,2026-09-24
GOODYEAR,EQ,24-Sep-2026,709.7,709.7,722.0,704.05,707.15,3213,22.9,580,1676.0,52.16,2026-09-24
GOPAL,EQ,24-Sep-2026,262.45,263.15,265.0,254.1,262.55,225147,584.23,9527,139901.0,62.14,2026-09-24
GOYALALUM,EQ,24-Sep-2026,5.92,6.08,6.08,5.84,5.93,30595,1.81,337,25939.0,84.78,2026-09-24
GPECO,SM,24-Sep-2026,401.7,398.1,398.1,385.55,389.65,34600,135.34,128,28800.0,83.24,2026-09-24
GPIL,EQ,24-Sep-2026,234.68,234.0,234.88,228.1,229.78,836832,1938.32,10626,519664.0,62.1,2026-09-24
GPPL,EQ,24-Sep-2026,164.12,163.5,165.89,162.0,163.27,1245571,2040.03,16829,691624.0,55.53,2026-09-24
GPTHEALTH,EQ,24-Sep-2026,161.5,159.25,166.8,159.25,161.73,115656,189.44,3744,54801.0,47.38,2026-09-24
GPTINFRA,EQ,24-Sep-2026,116.29,116.15,116.41,113.0,113.52,109085,124.89,2059,61859.0,56.71,2026-09-24
GRADIENTE,BE,24-Sep-2026,2.26,2.26,2.26,2.15,2.15,757135,16.45,300,,,2026-09-24
GRANDOAK,EQ,24-Sep-2026,35.06,35.19,36.0,33.6,33.82,4199,1.44,135,2514.0,59.87,2026-09-24
GRANULES,EQ,24-Sep-2026,860.25,857.0,867.0,850.55,853.0,327434,2804.54,15281,159996.0,48.86,2026-09-24
GRAPHISAD,SM,24-Sep-2026,24.5,24.0,24.0,24.0,24.0,1200,0.29,1,1200.0,100.0,2026-09-24
GRAPHITE,EQ,24-Sep-2026,821.0,817.25,824.55,803.5,814.7,1120162,9135.01,45187,443888.0,39.63,2026-09-24
GRASIM,EQ,24-Sep-2026,3188.5,3151.0,3203.7,3150.6,3166.5,471338,14980.88,22588,251649.0,53.39,2026-09-24
GRAUWEIL,EQ,24-Sep-2026,86.18,84.95,87.18,84.0,86.69,725531,621.58,6514,355366.0,48.98,2026-09-24
GRAVISSHO,BE,24-Sep-2026,32.81,32.4,32.4,31.17,32.35,11821,3.69,70,,,2026-09-24
GRAVITA,EQ,24-Sep-2026,1561.1,1558.0,1560.8,1510.0,1515.4,229386,3518.76,19988,114942.0,50.11,2026-09-24
GRCL,SM,24-Sep-2026,546.0,572.0,572.1,572.0,572.0,1000,5.72,4,1000.0,100.0,2026-09-24
GREAVESCOT,EQ,24-Sep-2026,206.01,206.17,223.5,202.22,221.83,15910393,34767.08,161835,3240028.0,20.36,2026-09-24
GREENCHEF,SM,24-Sep-2026,74.35,74.0,74.0,72.0,73.4,7200,5.26,9,6400.0,88.89,2026-09-24
GREENLAM,EQ,24-Sep-2026,227.83,227.83,228.88,225.02,227.0,14418,32.78,833,9996.0,69.33,2026-09-24
GREENLEAF,ST,24-Sep-2026,104.95,106.0,106.0,106.0,106.0,1000,1.06,1,1000.0,100.0,2026-09-24
GREENPANEL,EQ,24-Sep-2026,169.08,168.0,170.04,165.48,166.61,216447,363.49,5340,128918.0,59.56,2026-09-24
GREENPLY,EQ,24-Sep-2026,298.4,296.35,302.0,294.0,294.3,219169,651.83,8841,165517.0,75.52,2026-09-24
GREENPOWER,EQ,24-Sep-2026,9.08,9.1,9.11,8.98,9.0,1935904,174.56,2991,1129091.0,58.32,2026-09-24
GRINDWELL,EQ,24-Sep-2026,1977.6,1966.0,2038.0,1957.0,1981.0,31249,626.54,7339,11570.0,37.03,2026-09-24
GRINFRA,EQ,24-Sep-2026,825.65,820.05,822.95,798.3,810.3,26306,212.95,3942,14381.0,54.67,2026-09-24
GRMOVER,EQ,24-Sep-2026,81.54,81.91,81.91,78.74,79.87,1104269,878.94,20377,261003.0,23.64,2026-09-24
GROBTEA,EQ,24-Sep-2026,919.35,900.0,900.0,873.3,895.0,409,3.61,65,325.0,79.46,2026-09-24
GROWW,EQ,24-Sep-2026,188.63,188.88,189.87,184.25,186.55,20205654,37655.05,134247,9920237.0,49.1,2026-09-24
GROWWCAPM,EQ,24-Sep-2026,11.29,11.34,11.34,11.13,11.2,561389,62.99,1184,297822.0,53.05,2026-09-24
GROWWCHEM,EQ,24-Sep-2026,29.6,29.46,29.58,29.01,29.26,53263,15.59,265,22985.0,43.15,2026-09-24
GROWWDEFNC,EQ,24-Sep-2026,94.32,94.33,94.6,92.66,93.65,169368,159.09,2032,113717.0,67.14,2026-09-24
GROWWEV,EQ,24-Sep-2026,31.5,31.88,31.88,31.0,31.17,381693,119.89,1738,265312.0,69.51,2026-09-24
GROWWGOLD,EQ,24-Sep-2026,14.74,14.7,14.7,14.58,14.6,1393465,203.9,3058,526453.0,37.78,2026-09-24
GROWWHOSPI,EQ,24-Sep-2026,53.2,53.0,53.2,52.46,52.8,178478,94.34,910,134830.0,75.54,2026-09-24
GROWWLIQID,EQ,24-Sep-2026,110.86,110.88,110.88,110.51,110.87,886909,983.31,246,795355.0,89.68,2026-09-24
GROWWLOVOL,EQ,24-Sep-2026,10.19,10.19,10.29,9.94,10.18,5013,0.51,122,3796.0,75.72,2026-09-24
GROWWMC150,EQ,24-Sep-2026,230.65,229.24,231.99,225.3,225.99,1334,3.05,41,1215.0,91.08,2026-09-24
GROWWMETAL,EQ,24-Sep-2026,12.6,12.91,12.91,12.27,12.37,434696,54.31,1254,180008.0,41.41,2026-09-24
GROWWMOM50,EQ,24-Sep-2026,10.92,10.95,10.97,10.81,10.83,618257,67.21,584,531170.0,85.91,2026-09-24
GROWWN200,EQ,24-Sep-2026,11.15,11.15,11.25,10.92,10.97,91298,10.04,354,48387.0,53.0,2026-09-24
GROWWNET,EQ,24-Sep-2026,11.15,10.95,11.15,10.43,10.47,1693767,179.91,2446,1364659.0,80.57,2026-09-24
GROWWNIFTY,EQ,24-Sep-2026,9.51,9.74,9.74,9.34,9.38,1867295,175.34,5147,1667352.0,89.29,2026-09-24
GROWWNXT50,EQ,24-Sep-2026,72.02,71.0,72.5,71.0,71.76,10276,7.4,165,6666.0,64.87,2026-09-24
GROWWPOWER,EQ,24-Sep-2026,11.16,11.13,11.19,11.0,11.05,1471791,162.91,2657,872857.0,59.31,2026-09-24
GROWWPSE,EQ,24-Sep-2026,96.84,98.0,98.0,95.85,96.61,4157,4.01,168,2223.0,53.48,2026-09-24
GROWWPSUBK,EQ,24-Sep-2026,83.6,83.6,84.29,81.93,82.72,6178,5.14,114,3223.0,52.17,2026-09-24
GROWWRAIL,EQ,24-Sep-2026,27.07,27.06,27.11,26.81,26.88,330298,88.88,2345,191936.0,58.11,2026-09-24
GROWWRLTY,EQ,24-Sep-2026,9.74,9.68,9.86,9.52,9.59,211017,20.51,531,110877.0,52.54,2026-09-24
GROWWSC250,EQ,24-Sep-2026,10.62,10.66,10.66,10.45,10.5,129244,13.63,560,92405.0,71.5,2026-09-24
GROWWSLVR,EQ,24-Sep-2026,22.57,22.38,22.38,22.11,22.14,1491233,332.01,2248,642816.0,43.11,2026-09-24
GRPLTD,EQ,24-Sep-2026,2001.2,1951.0,2019.0,1951.0,1987.8,1031,20.56,244,730.0,70.81,2026-09-24
GRSE,EQ,24-Sep-2026,2380.6,2365.0,2369.3,2333.5,2344.0,197066,4635.5,16281,77458.0,39.31,2026-09-24
GRWRHITECH,EQ,24-Sep-2026,6537.5,6484.5,6484.5,6260.0,6342.5,58487,3710.47,13233,28649.0,48.98,2026-09-24
GSEC10ADD,EQ,24-Sep-2026,26.35,26.71,26.77,26.7,26.73,75,0.02,10,73.0,97.33,2026-09-24
GSEC10IETF,EQ,24-Sep-2026,261.97,264.41,264.69,260.49,264.69,13,0.03,6,11.0,84.62,2026-09-24
GSEC10YEAR,EQ,24-Sep-2026,30.44,30.47,30.47,29.91,29.99,12692,3.82,46,9429.0,74.29,2026-09-24
GSEC5IETF,EQ,24-Sep-2026,66.1,65.95,66.33,65.65,65.69,49706,32.83,59,26894.0,54.11,2026-09-24
GSFC,EQ,24-Sep-2026,155.34,154.4,155.92,153.62,155.35,657583,1018.9,8298,289787.0,44.07,2026-09-24
GSLSU,EQ,24-Sep-2026,32.43,32.5,33.0,30.81,31.98,138130,44.07,1252,71768.0,51.96,2026-09-24
GSMFOILS,SM,24-Sep-2026,77.6,76.0,77.85,73.75,73.9,367500,275.86,416,239500.0,65.17,2026-09-24
GSPCROP,EQ,24-Sep-2026,488.85,485.75,493.95,482.05,490.4,234623,1146.88,2331,18519.0,7.89,2026-09-24
GSS,EQ,24-Sep-2026,10.51,10.52,10.86,10.06,10.48,34851,3.65,309,24869.0,71.36,2026-09-24
GSTL,SM,24-Sep-2026,12.05,11.45,11.95,11.45,11.95,8000,0.92,7,7000.0,87.5,2026-09-24
GTECJAINX,EQ,24-Sep-2026,28.07,27.18,27.99,26.11,26.48,5666,1.53,109,2226.0,39.29,2026-09-24
GTL,EQ,24-Sep-2026,7.03,7.03,7.19,6.95,6.99,130935,9.21,559,87027.0,66.47,2026-09-24
GTLINFRA,EQ,24-Sep-2026,1.14,1.15,1.15,1.1,1.11,56159609,628.71,12374,17089161.0,30.43,2026-09-24
GTPL,EQ,24-Sep-2026,56.07,56.07,56.88,54.6,55.07,20897,11.58,414,14888.0,71.24,2026-09-24
GUFICBIO,EQ,24-Sep-2026,437.45,437.45,441.95,417.6,422.0,70169,300.07,3206,39671.0,56.54,2026-09-24
GUJALKALI,EQ,24-Sep-2026,633.0,630.1,633.9,617.0,620.8,31043,193.94,2462,17117.0,55.14,2026-09-24
GUJAPOLLO,EQ,24-Sep-2026,336.95,336.2,341.0,326.1,327.4,7272,24.04,460,5302.0,72.91,2026-09-24
GUJENERGY,EQ,24-Sep-2026,237.32,236.6,236.88,234.0,235.72,539851,1271.66,17073,310187.0,57.46,2026-09-24
GUJRAFFIA,EQ,24-Sep-2026,40.0,39.6,40.99,39.0,39.75,5693,2.26,106,3865.0,67.89,2026-09-24
GUJTHEM,EQ,24-Sep-2026,410.75,413.4,423.9,406.05,410.45,232115,962.36,7586,117873.0,50.78,2026-09-24
GULFOILLUB,EQ,24-Sep-2026,1098.7,1093.9,1100.0,1074.4,1090.8,38837,421.59,4380,18608.0,47.91,2026-09-24
GULFPETRO,BE,24-Sep-2026,66.38,64.0,65.45,63.07,63.55,54277,34.6,350,,,2026-09-24
GULPOLY,EQ,24-Sep-2026,174.22,174.8,174.8,168.9,169.4,72219,123.03,1919,49207.0,68.14,2026-09-24
GVKPIL,BE,24-Sep-2026,2.53,2.58,2.58,2.58,2.58,988960,25.52,291,,,2026-09-24
GVPIL,EQ,24-Sep-2026,686.3,685.0,688.0,653.0,659.4,156642,1042.53,6771,76885.0,49.08,2026-09-24
GVPTECH,BE,24-Sep-2026,7.55,7.5,7.89,7.5,7.81,108819,8.49,262,,,2026-09-24
GVT&D,EQ,24-Sep-2026,4417.0,4372.1,4405.0,4286.3,4286.3,337791,14702.39,49389,171032.0,50.63,2026-09-24
GYFTR,EQ,24-Sep-2026,168.03,172.41,172.41,166.78,169.67,46047,77.92,3255,17800.0,38.66,2026-09-24
HAL,EQ,24-Sep-2026,4836.0,4810.0,4846.7,4770.0,4774.2,357585,17210.34,25827,152459.0,42.64,2026-09-24
HALDER,EQ,24-Sep-2026,266.15,263.9,285.0,244.0,248.75,51353,134.52,2983,22577.0,43.96,2026-09-24
HALDYNGL,BE,24-Sep-2026,147.83,149.7,151.5,144.0,144.68,68600,101.89,871,,,2026-09-24
HALEOSLABS,EQ,24-Sep-2026,1510.7,1510.0,1530.0,1490.0,1503.4,1264,18.9,70,1163.0,92.01,2026-09-24
HAMPTON,EQ,24-Sep-2026,8.09,8.09,8.16,7.02,7.87,17570,1.4,92,13689.0,77.91,2026-09-24
HAPPSTMNDS,EQ,24-Sep-2026,317.7,316.65,316.65,310.5,311.6,452183,1415.99,14303,210532.0,46.56,2026-09-24
HAPPY,SM,24-Sep-2026,75.4,76.0,79.0,74.0,78.85,60000,46.36,29,42000.0,70.0,2026-09-24
HAPPYFORGE,EQ,24-Sep-2026,2099.8,2089.3,2114.2,2045.4,2084.8,49345,1033.2,10670,30452.0,61.71,2026-09-24
HARDWYN,EQ,24-Sep-2026,9.22,9.26,9.4,9.18,9.25,562340,52.17,891,385820.0,68.61,2026-09-24
HARIOMPIPE,EQ,24-Sep-2026,357.2,356.0,357.0,350.0,350.7,74089,261.13,2179,46080.0,62.2,2026-09-24
HARRMALAYA,EQ,24-Sep-2026,178.03,178.78,178.78,174.1,174.88,7716,13.62,374,6175.0,80.03,2026-09-24
HARSHA,EQ,24-Sep-2026,464.5,461.95,473.6,454.4,457.55,311042,1448.54,12841,119493.0,38.42,2026-09-24
HATHWAY,EQ,24-Sep-2026,10.1,10.1,10.1,9.92,9.96,1724774,172.34,2526,727612.0,42.19,2026-09-24
HATSUN,EQ,24-Sep-2026,1155.7,1147.1,1159.1,1131.0,1134.4,13360,152.56,1812,6785.0,50.79,2026-09-24
HAVELLS,EQ,24-Sep-2026,1096.5,1092.0,1102.9,1087.0,1090.0,374085,4097.88,23056,148573.0,39.72,2026-09-24
HAVISHA,EQ,24-Sep-2026,1.38,1.34,1.39,1.33,1.36,63845,0.87,82,51148.0,80.11,2026-09-24
HAWKINCOOK,EQ,24-Sep-2026,7992.0,8098.0,8135.0,7996.0,8063.5,1556,125.1,453,943.0,60.6,2026-09-24
HAZOOR,EQ,24-Sep-2026,19.05,18.99,19.4,18.14,18.53,294880,55.05,1215,151134.0,51.25,2026-09-24
HBESD,EQ,24-Sep-2026,70.65,71.0,71.0,70.5,70.51,72,0.05,5,71.0,98.61,2026-09-24
HBLENGINE,EQ,24-Sep-2026,764.35,758.0,777.85,747.5,775.3,1559409,11975.71,41297,624277.0,40.03,2026-09-24
HBPOR,EQ,24-Sep-2026,62.0,61.5,61.5,60.0,61.39,98,0.06,17,61.0,62.24,2026-09-24
HBSL,EQ,24-Sep-2026,55.68,57.0,57.0,55.0,55.02,2513,1.39,76,2256.0,89.77,2026-09-24
HCC,EQ,24-Sep-2026,22.17,21.93,21.93,21.5,21.62,9196586,1994.87,16639,4078404.0,44.35,2026-09-24
HCG,EQ,24-Sep-2026,712.7,714.4,714.4,698.0,701.05,28731,202.65,3131,13937.0,48.51,2026-09-24
HCL-INSYS,EQ,24-Sep-2026,10.93,10.93,10.95,10.17,10.42,299474,31.69,1156,183998.0,61.44,2026-09-24
HCLTECH,EQ,24-Sep-2026,1256.7,1251.0,1263.3,1242.8,1243.6,822109,10283.88,34362,350113.0,42.59,2026-09-24
HDBFS,EQ,24-Sep-2026,670.8,669.0,670.75,658.0,661.0,344057,2277.33,18792,217415.0,63.19,2026-09-24
HDFCAMC,EQ,24-Sep-2026,2448.3,2427.8,2432.0,2380.3,2380.3,680651,16355.53,37742,430685.0,63.28,2026-09-24
HDFCBANK,EQ,24-Sep-2026,737.25,725.0,734.85,722.7,728.9,29575194,215886.98,281991,16649331.0,56.29,2026-09-24
HDFCBSE500,EQ,24-Sep-2026,36.92,36.96,36.96,36.31,36.46,1143323,416.77,298,1101260.0,96.32,2026-09-24
HDFCGOLD,EQ,24-Sep-2026,128.94,128.45,128.45,127.59,127.64,11149352,14275.4,11371,8292907.0,74.38,2026-09-24
HDFCGROWTH,EQ,24-Sep-2026,114.12,113.01,114.15,111.26,113.14,8501,9.65,216,5089.0,59.86,2026-09-24
HDFCLIFE,EQ,24-Sep-2026,561.5,531.0,535.35,514.0,526.9,17905953,94449.99,172153,6650472.0,37.14,2026-09-24
HDFCLIQUID,EQ,24-Sep-2026,1079.06,1079.21,1079.21,1079.19,1079.2,69142,746.19,67,57619.0,83.33,2026-09-24
HDFCLOWVOL,EQ,24-Sep-2026,19.93,19.92,19.94,19.71,19.81,255306,50.59,68,222873.0,87.3,2026-09-24
HDFCMID150,EQ,24-Sep-2026,23.25,23.25,23.25,22.75,22.83,712472,163.3,2233,444281.0,62.36,2026-09-24
HDFCMOMENT,EQ,24-Sep-2026,30.87,30.87,30.87,30.56,30.62,902796,278.3,718,855702.0,94.78,2026-09-24
HDFCNEXT50,EQ,24-Sep-2026,74.12,73.63,73.81,73.0,73.2,176717,129.84,777,111052.0,62.84,2026-09-24
HDFCNIF100,EQ,24-Sep-2026,25.45,25.45,25.45,25.05,25.15,81685,20.6,375,30131.0,36.89,2026-09-24
HDFCNIFBAN,EQ,24-Sep-2026,58.14,59.59,59.59,57.03,57.22,180088,103.11,639,128886.0,71.57,2026-09-24
HDFCNIFIT,EQ,24-Sep-2026,30.26,30.27,30.44,30.05,30.14,70506,21.32,397,40221.0,57.05,2026-09-24
HDFCNIFTY,EQ,24-Sep-2026,264.65,263.61,263.61,260.5,261.05,371359,973.12,1509,335522.0,90.35,2026-09-24
HDFCNIMEG,EQ,24-Sep-2026,132.45,132.45,132.45,130.16,130.38,4647,6.09,97,2076.0,44.67,2026-09-24
HDFCPSUBK,EQ,24-Sep-2026,84.34,84.05,84.31,83.2,83.47,21540,18.05,216,6747.0,31.32,2026-09-24
HDFCPVTBAN,EQ,24-Sep-2026,27.95,27.88,27.88,27.31,27.43,209055,57.35,1023,162497.0,77.73,2026-09-24
HDFCQUAL,EQ,24-Sep-2026,56.93,55.79,57.43,55.79,56.43,4239,2.39,98,2389.0,56.36,2026-09-24
HDFCSENSEX,EQ,24-Sep-2026,85.0,87.12,87.12,83.61,83.93,105623,88.66,1030,66951.0,63.39,2026-09-24
HDFCSILVER,EQ,24-Sep-2026,220.13,217.9,218.24,215.52,215.69,3155092,6843.65,11581,1739555.0,55.13,2026-09-24
HDFCSML250,EQ,24-Sep-2026,185.99,185.99,186.03,182.82,183.3,1751528,3217.25,15612,1188727.0,67.87,2026-09-24
HDFCVALUE,EQ,24-Sep-2026,122.17,121.24,121.51,119.86,120.01,22769,27.5,215,10832.0,47.57,2026-09-24
HDIL,BZ,24-Sep-2026,1.47,1.47,1.49,1.45,1.47,58528,0.86,161,,,2026-09-24
HEADSUP,EQ,24-Sep-2026,6.77,6.77,6.88,6.61,6.85,6559,0.44,84,4229.0,64.48,2026-09-24
HEALTHADD,EQ,24-Sep-2026,16.9,16.96,17.09,16.9,16.96,60251,10.21,224,33772.0,56.05,2026-09-24
HEALTHAXIS,EQ,24-Sep-2026,173.88,173.6,173.6,170.5,172.51,15664,26.88,139,12780.0,81.59,2026-09-24
HEALTHCARE,EQ,24-Sep-2026,22.09,22.53,22.53,21.75,21.99,41755,9.22,227,38307.0,91.74,2026-09-24
HEALTHIETF,EQ,24-Sep-2026,172.89,172.89,173.5,170.33,172.12,81276,140.47,1542,45900.0,56.47,2026-09-24
HEALTHX,EQ,24-Sep-2026,293.3,296.35,296.35,287.9,290.65,1859,5.4,110,1614.0,86.82,2026-09-24
HEALTHY,EQ,24-Sep-2026,17.36,17.79,17.79,17.1,17.22,734744,127.7,1110,552988.0,75.26,2026-09-24
HECPROJECT,EQ,24-Sep-2026,115.42,115.35,117.25,114.3,115.66,3768,4.35,110,3293.0,87.39,2026-09-24
HEGAM,EQ,24-Sep-2026,237.3,239.9,243.45,231.7,235.25,1352882,3207.94,24522,603854.0,44.63,2026-09-24
HEIDELBERG,EQ,24-Sep-2026,141.58,140.98,141.5,139.0,139.49,141046,197.77,2346,82673.0,58.61,2026-09-24
HEMIPROP,EQ,24-Sep-2026,120.91,120.0,120.37,118.41,118.83,157275,187.7,2526,90266.0,57.39,2026-09-24
HERANBA,EQ,24-Sep-2026,171.49,171.0,174.99,168.4,172.27,38960,66.82,1426,18592.0,47.72,2026-09-24
HERITGFOOD,EQ,24-Sep-2026,424.05,425.45,425.45,412.0,414.1,191411,800.21,7834,77987.0,40.74,2026-09-24
HEROMOTOCO,EQ,24-Sep-2026,5394.0,5331.5,5368.0,5294.0,5296.0,360294,19195.07,33972,176067.0,48.87,2026-09-24
HEROMOTORS,EQ,24-Sep-2026,98.4,103.0,118.08,103.0,118.08,147638382,168282.01,581966,27213704.0,18.43,2026-09-24
HESTERBIO,EQ,24-Sep-2026,2241.8,2237.8,2237.9,2187.1,2201.2,1381,30.49,245,815.0,59.02,2026-09-24
HEXAGON,BE,24-Sep-2026,65.68,64.7,66.7,64.7,64.8,93318,60.8,412,,,2026-09-24
HEXATRADEX,EQ,24-Sep-2026,158.95,159.99,159.99,155.6,156.98,2011,3.16,73,1833.0,91.15,2026-09-24
HEXT,EQ,24-Sep-2026,500.0,500.0,503.4,490.05,499.35,129020,640.4,9944,51580.0,39.98,2026-09-24
HFCL,BE,24-Sep-2026,217.37,214.5,218.88,209.1,210.69,4152139,8831.81,30009,,,2026-09-24
HGINFRA,EQ,24-Sep-2026,450.7,448.85,513.5,445.45,468.05,13068436,63556.0,239020,643147.0,4.92,2026-09-24
HGM,EQ,24-Sep-2026,42.64,42.7,43.97,42.2,42.74,9113,3.95,112,7341.0,80.56,2026-09-24
HGS,EQ,24-Sep-2026,378.5,380.0,380.95,373.0,374.55,7542,28.42,623,5594.0,74.17,2026-09-24
HIGREEN,SM,24-Sep-2026,107.75,108.1,129.0,108.1,127.9,66400,80.75,78,54400.0,81.93,2026-09-24
HIKAL,EQ,24-Sep-2026,232.43,230.45,233.1,212.41,214.15,1623096,3554.44,34169,659704.0,40.64,2026-09-24
HILINFRA,EQ,24-Sep-2026,43.56,43.56,43.79,43.0,43.17,44392,19.18,487,32134.0,72.39,2026-09-24
HILTON,EQ,24-Sep-2026,16.73,16.57,17.09,16.57,16.99,111251,18.8,439,86634.0,77.87,2026-09-24
HIMATSEIDE,EQ,24-Sep-2026,67.87,68.28,70.5,67.36,69.47,1816349,1254.06,15979,717215.0,39.49,2026-09-24
HINDADH,EQ,24-Sep-2026,380.4,387.9,393.5,365.1,389.3,2664,10.23,89,1970.0,73.95,2026-09-24
HINDALCO,EQ,24-Sep-2026,1003.8,983.5,991.9,976.5,982.0,4331000,42561.28,68623,2562796.0,59.17,2026-09-24
HINDALUMI,EQ,24-Sep-2026,93.78,94.44,95.0,92.5,93.15,807,0.76,64,391.0,48.45,2026-09-24
HINDCOMPOS,EQ,24-Sep-2026,389.1,394.5,394.5,378.5,381.8,673,2.58,169,412.0,61.22,2026-09-24
HINDCON,EQ,24-Sep-2026,25.21,24.65,25.85,24.55,25.12,36583,9.25,340,22256.0,60.84,2026-09-24
HINDCOPPER,EQ,24-Sep-2026,513.0,504.1,507.4,493.6,495.7,5874882,29440.89,83924,2475898.0,42.14,2026-09-24
HINDOILEXP,EQ,24-Sep-2026,173.58,174.78,175.86,170.01,172.81,462300,796.84,6165,187538.0,40.57,2026-09-24
HINDPETRO,EQ,24-Sep-2026,360.0,356.05,358.0,349.3,350.4,3088358,10904.15,31695,1726065.0,55.89,2026-09-24
HINDUNILVR,EQ,24-Sep-2026,1950.0,1940.0,1953.0,1925.5,1933.5,1257687,24311.97,49784,619760.0,49.28,2026-09-24
HINDWAREAP,EQ,24-Sep-2026,177.02,174.0,179.5,169.05,170.31,200038,344.17,5678,121620.0,60.8,2026-09-24
HINDZINC,EQ,24-Sep-2026,595.45,585.85,594.9,581.0,587.15,3299611,19463.13,38013,1582840.0,47.97,2026-09-24
HIRECT,EQ,24-Sep-2026,1239.9,1239.0,1239.9,1210.1,1219.0,25662,313.89,2671,14374.0,56.01,2026-09-24
HISARMETAL,EQ,24-Sep-2026,156.13,155.0,158.8,151.5,152.75,1621,2.5,65,1119.0,69.03,2026-09-24
HITECH,EQ,24-Sep-2026,75.86,75.01,75.79,74.4,74.84,384829,288.53,3094,254280.0,66.08,2026-09-24
HITECHCORP,BE,24-Sep-2026,334.0,328.45,334.9,328.45,331.55,2563,8.49,32,,,2026-09-24
HITECHGEAR,BE,24-Sep-2026,560.95,584.0,588.95,570.0,588.95,6416,37.6,109,,,2026-09-24
HLEGLAS,EQ,24-Sep-2026,446.85,446.75,448.2,425.0,428.75,138846,603.99,6264,73149.0,52.68,2026-09-24
HLVLTD,EQ,24-Sep-2026,6.59,6.69,6.69,6.45,6.5,118080,7.72,493,96047.0,81.34,2026-09-24
HMAAGRO,EQ,24-Sep-2026,23.61,23.5,23.58,23.05,23.22,1239989,287.65,3058,817318.0,65.91,2026-09-24
HMT,BZ,24-Sep-2026,63.73,64.25,64.25,61.53,61.72,6007,3.74,67,,,2026-09-24
HMVL,BE,24-Sep-2026,78.57,78.15,78.15,74.65,75.1,34806,26.16,296,,,2026-09-24
HNDFDS,EQ,24-Sep-2026,621.1,616.0,622.95,608.0,618.25,38201,236.4,2779,20062.0,52.52,2026-09-24
HNGSNGBEES,EQ,24-Sep-2026,461.52,461.52,462.0,458.05,460.02,105194,483.85,3667,84080.0,79.93,2026-09-24
HOACFOODS,ST,24-Sep-2026,825.3,841.8,841.8,841.8,841.8,750,6.31,2,750.0,100.0,2026-09-24
HOLMARC,SM,24-Sep-2026,120.0,116.6,116.6,116.6,116.6,750,0.87,1,750.0,100.0,2026-09-24
HOMEFIRST,EQ,24-Sep-2026,1205.8,1207.2,1207.2,1153.3,1157.5,89649,1048.6,8793,45944.0,51.25,2026-09-24
HONASA,EQ,24-Sep-2026,484.9,483.6,492.0,470.1,472.95,677532,3250.76,22208,304733.0,44.98,2026-09-24
HONAUT,EQ,24-Sep-2026,34275.0,34275.0,34275.0,33200.0,33625.0,2109,712.78,1252,1001.0,47.46,2026-09-24
HONDAPOWER,EQ,24-Sep-2026,1931.7,1930.0,1947.5,1900.2,1905.6,2468,47.23,573,1352.0,54.78,2026-09-24
HORIZONIND,EQ,24-Sep-2026,53.28,52.32,53.54,51.52,51.81,3423391,1790.59,16126,2257564.0,65.95,2026-09-24
HPAL,EQ,24-Sep-2026,35.65,36.19,36.58,35.02,35.6,27216,9.69,330,20856.0,76.63,2026-09-24
HPIL,EQ,24-Sep-2026,116.49,115.1,118.02,115.1,115.38,1947,2.28,96,1311.0,67.33,2026-09-24
HPL,EQ,24-Sep-2026,280.55,283.9,283.9,271.05,274.35,141655,390.39,4266,70662.0,49.88,2026-09-24
HPTL,SM,24-Sep-2026,468.3,490.0,491.7,456.0,456.25,12000,57.47,19,8400.0,70.0,2026-09-24
HRHNEXT,SM,24-Sep-2026,24.0,22.85,23.95,22.8,23.2,22500,5.16,12,16500.0,73.33,2026-09-24
HRYNSHP,EQ,24-Sep-2026,99.52,99.5,99.5,98.01,98.02,199,0.2,24,133.0,66.83,2026-09-24
HSBCGOLD,EQ,24-Sep-2026,131.04,131.0,131.56,129.37,130.3,34977,45.68,56,33045.0,94.48,2026-09-24
HSCL,EQ,24-Sep-2026,667.75,664.45,682.5,660.0,674.9,1849598,12495.98,32132,686324.0,37.11,2026-09-24
HTEL,EQ,24-Sep-2026,71.27,70.1,71.32,69.0,69.37,1153090,803.95,9987,593813.0,51.5,2026-09-24
HTMEDIA,EQ,24-Sep-2026,24.86,24.8,25.0,24.01,24.36,76333,18.62,434,55721.0,73.0,2026-09-24
HUBTOWN,EQ,24-Sep-2026,177.35,175.5,176.89,172.2,173.38,90456,157.72,1997,55026.0,60.83,2026-09-24
HUDCO,EQ,24-Sep-2026,177.92,176.0,176.4,171.15,174.32,2632690,4570.84,26032,1057338.0,40.16,2026-09-24
HUHTAMAKI,EQ,24-Sep-2026,250.0,249.6,251.9,241.15,242.45,159453,389.76,4683,107992.0,67.73,2026-09-24
HVAX,SM,24-Sep-2026,715.15,747.7,747.7,679.4,683.9,2100,14.84,12,1950.0,92.86,2026-09-24
HYBRIDETF,EQ,24-Sep-2026,10.02,10.02,10.02,9.94,9.94,23475,2.34,86,15221.0,64.84,2026-09-24
HYBRIDFIN,BE,24-Sep-2026,16.79,16.79,17.17,16.4,17.07,4777,0.8,22,,,2026-09-24
HYUNDAI,EQ,24-Sep-2026,2095.0,2077.2,2109.5,2060.0,2060.6,388850,8106.06,27686,162178.0,41.71,2026-09-24
IBLFL,SM,24-Sep-2026,61.0,61.0,62.0,61.0,62.0,4000,2.46,2,4000.0,100.0,2026-09-24
IBULLSLTD,EQ,24-Sep-2026,29.12,29.0,29.05,28.12,28.41,17487540,4984.13,17198,12254965.0,70.08,2026-09-24
ICDSLTD,BE,24-Sep-2026,59.58,61.4,61.4,58.75,59.01,1057,0.63,29,,,2026-09-24
ICELCO,SM,24-Sep-2026,134.75,131.1,134.55,128.65,129.35,21600,28.32,18,14400.0,66.67,2026-09-24
ICEMAKE,EQ,24-Sep-2026,699.45,695.2,704.65,674.0,677.2,45798,314.61,4127,34242.0,74.77,2026-09-24
ICICIAMC,EQ,24-Sep-2026,3179.0,3145.0,3189.5,3132.4,3169.2,160187,5070.68,18302,95717.0,59.75,2026-09-24
ICICIB22,EQ,24-Sep-2026,113.36,111.1,113.55,111.1,112.03,272514,305.28,3002,200101.0,73.43,2026-09-24
ICICIBANK,EQ,24-Sep-2026,1340.0,1333.1,1347.8,1330.1,1334.5,8653920,115583.91,156949,4860876.0,56.17,2026-09-24
ICICIGI,EQ,24-Sep-2026,1500.6,1471.9,1583.9,1465.6,1577.0,2743847,42834.25,101880,884799.0,32.25,2026-09-24
ICICIPRULI,EQ,24-Sep-2026,484.5,452.0,472.85,445.35,464.5,7763087,35797.26,164302,3800027.0,48.95,2026-09-24
ICIL,EQ,24-Sep-2026,476.55,474.5,474.5,446.5,450.95,486239,2228.35,18721,216010.0,44.42,2026-09-24
ICRA,EQ,24-Sep-2026,4533.3,4529.0,4568.7,4421.0,4442.7,42485,1907.57,5257,29954.0,70.5,2026-09-24
IDBI,EQ,24-Sep-2026,83.39,83.0,83.25,81.35,82.6,9378785,7713.43,27683,4286540.0,45.7,2026-09-24
IDEA,EQ,24-Sep-2026,14.52,14.42,14.5,14.04,14.12,364050771,51884.39,507473,105872945.0,29.08,2026-09-24
IDEAFORGE,EQ,24-Sep-2026,720.45,713.0,732.05,704.0,726.35,304604,2188.99,17331,151148.0,49.62,2026-09-24
IDEALTECHO,SM,24-Sep-2026,95.0,85.05,92.0,85.05,92.0,2000,1.77,2,1000.0,50.0,2026-09-24
IDENTICAL,SM,24-Sep-2026,17.5,17.15,17.15,17.15,17.15,2000,0.34,1,2000.0,100.0,2026-09-24
IDFCFIRSTB,EQ,24-Sep-2026,87.9,84.5,85.49,83.3,83.76,40583451,34248.59,114158,22251266.0,54.83,2026-09-24
IDFNIFTYET,EQ,24-Sep-2026,259.52,257.7,262.9,255.05,262.64,934,2.4,56,920.0,98.5,2026-09-24
IEML,ST,24-Sep-2026,46.35,48.65,48.65,48.25,48.65,97500,47.4,99,97500.0,100.0,2026-09-24
IEX,EQ,24-Sep-2026,113.16,112.32,112.5,111.04,111.2,2660046,2972.19,24504,1486814.0,55.89,2026-09-24
IFBAGRO,EQ,24-Sep-2026,864.8,874.95,874.95,852.6,857.7,1923,16.58,201,1450.0,75.4,2026-09-24
IFBIND,EQ,24-Sep-2026,1258.7,1251.0,1251.0,1215.0,1222.3,26050,320.59,3530,11684.0,44.85,2026-09-24
IFCI,EQ,24-Sep-2026,79.49,78.39,78.86,74.67,75.19,70782804,53949.55,150634,12990679.0,18.35,2026-09-24
IFGLEXPOR,EQ,24-Sep-2026,197.16,197.74,199.55,192.0,194.27,15647,30.52,656,9449.0,60.39,2026-09-24
IGARASHI,EQ,24-Sep-2026,431.8,431.0,431.0,415.1,418.35,42460,178.89,1763,19197.0,45.21,2026-09-24
IGCL,EQ,24-Sep-2026,63.55,63.0,63.27,61.52,62.1,68708,42.9,750,48061.0,69.95,2026-09-24
IGIL,EQ,24-Sep-2026,331.65,327.0,332.45,324.1,325.25,375940,1229.65,13109,187596.0,49.9,2026-09-24
IGL,EQ,24-Sep-2026,147.09,146.5,146.62,145.1,145.74,1180776,1722.3,23340,746139.0,63.19,2026-09-24
IGPL,EQ,24-Sep-2026,588.95,590.0,604.7,577.5,586.4,186698,1108.67,6872,108267.0,57.99,2026-09-24
IIFL,EQ,24-Sep-2026,633.3,624.2,631.45,615.3,617.55,929076,5794.23,26102,436331.0,46.96,2026-09-24
IIFLCAPS,EQ,24-Sep-2026,353.05,352.4,356.0,347.1,347.7,660308,2309.98,11996,372749.0,56.45,2026-09-24
IITL,EQ,24-Sep-2026,140.39,138.5,145.94,136.99,143.27,121783,170.5,2036,18320.0,15.04,2026-09-24
IKIO,EQ,24-Sep-2026,207.89,207.89,208.0,202.75,205.03,115942,237.42,3192,58446.0,50.41,2026-09-24
IKS,EQ,24-Sep-2026,1937.8,1920.0,1940.0,1849.0,1868.3,366105,6961.41,30541,180227.0,49.23,2026-09-24
IL&FSENGG,BZ,24-Sep-2026,42.0,42.0,42.4,41.5,41.52,6502,2.72,32,,,2026-09-24
IL&FSTRANS,BZ,24-Sep-2026,1.83,1.88,1.89,1.84,1.87,24875,0.46,58,,,2026-09-24
IMAGICAA,EQ,24-Sep-2026,52.84,52.84,52.84,50.7,51.48,595864,307.07,2648,279279.0,46.87,2026-09-24
IMFA,EQ,24-Sep-2026,1266.1,1260.0,1267.5,1229.6,1241.0,64545,806.2,8010,31558.0,48.89,2026-09-24
IMPAL,EQ,24-Sep-2026,1059.5,1063.0,1086.0,1041.0,1056.0,2370,25.05,349,1725.0,72.78,2026-09-24
IMPEXFERRO,BZ,24-Sep-2026,5.91,6.02,6.02,6.02,6.02,279672,16.84,271,,,2026-09-24
INA,EQ,24-Sep-2026,91.47,91.4,93.8,90.16,92.33,422040,389.3,3489,233988.0,55.44,2026-09-24
INCREDIBLE,EQ,24-Sep-2026,32.08,32.11,32.91,30.53,32.38,3055,0.98,54,2931.0,95.94,2026-09-24
INDBANK,EQ,24-Sep-2026,26.14,26.15,27.2,25.86,26.23,55645,14.62,750,25968.0,46.67,2026-09-24
INDGN,EQ,24-Sep-2026,598.4,597.4,609.9,591.2,594.1,434449,2616.03,21649,162280.0,37.35,2026-09-24
INDHOTEL,EQ,24-Sep-2026,743.7,739.0,740.1,727.4,728.8,1140542,8373.01,27006,652705.0,57.23,2026-09-24
INDIACEM,EQ,24-Sep-2026,340.05,337.2,339.7,329.0,330.1,144709,482.03,11098,75523.0,52.19,2026-09-24
INDIAGLYCO,EQ,24-Sep-2026,257.7,256.9,309.2,255.4,306.0,4841031,14453.0,81593,831153.0,17.17,2026-09-24
INDIAMART,EQ,24-Sep-2026,1652.4,1657.5,1657.5,1619.0,1635.9,92462,1510.4,9909,45007.0,48.68,2026-09-24
INDIANB,EQ,24-Sep-2026,842.0,836.25,840.2,824.1,830.0,693067,5751.06,24388,280677.0,40.5,2026-09-24
INDIANCARD,EQ,24-Sep-2026,208.64,210.0,213.94,206.21,209.21,212,0.44,38,124.0,58.49,2026-09-24
INDIANHUME,EQ,24-Sep-2026,366.25,366.25,372.5,359.0,361.5,218801,797.83,2675,107073.0,48.94,2026-09-24
INDIASHLTR,EQ,24-Sep-2026,667.15,661.4,662.0,642.7,653.05,98186,639.69,6519,54104.0,55.1,2026-09-24
INDIGO,EQ,24-Sep-2026,5028.5,4975.0,4975.0,4874.5,4890.0,570454,28081.43,63168,354097.0,62.07,2026-09-24
INDIGOPNTS,EQ,24-Sep-2026,1140.0,1128.0,1145.0,1109.0,1117.8,40553,458.26,5937,20578.0,50.74,2026-09-24
INDIGRID,IV,24-Sep-2026,173.47,173.8,173.8,171.3,171.98,1014345,1748.74,9836,963630.0,95.0,2026-09-24
INDIQUBE,EQ,24-Sep-2026,192.46,192.06,201.0,183.01,194.06,55539,107.45,1962,26478.0,47.67,2026-09-24
INDNIPPON,EQ,24-Sep-2026,1260.7,1250.0,1329.0,1250.0,1315.9,98115,1267.52,9528,41093.0,41.88,2026-09-24
INDOAMIN,BE,24-Sep-2026,137.07,137.0,137.0,132.55,134.48,40745,55.01,336,,,2026-09-24
INDOBORAX,EQ,24-Sep-2026,462.55,457.0,466.5,447.5,452.45,53425,243.81,3258,28107.0,52.61,2026-09-24
INDOCO,EQ,24-Sep-2026,251.16,250.99,256.79,247.0,250.29,119939,301.73,3980,54007.0,45.03,2026-09-24
INDOFARM,EQ,24-Sep-2026,144.03,142.6,142.6,137.42,139.17,94234,131.98,1950,52467.0,55.68,2026-09-24
INDOKEM,EQ,24-Sep-2026,614.9,619.85,634.8,565.25,614.0,13353,79.22,841,6894.0,51.63,2026-09-24
INDOMIM,EQ,24-Sep-2026,1251.9,1245.0,1314.45,1233.85,1311.15,1984666,25647.98,87868,880961.0,44.39,2026-09-24
INDORAMA,EQ,24-Sep-2026,100.0,99.19,107.44,98.0,101.72,2652171,2755.39,30172,731546.0,27.58,2026-09-24
INDOSTAR,EQ,24-Sep-2026,227.26,227.09,227.19,216.72,217.95,101952,225.76,2478,57743.0,56.64,2026-09-24
INDOTECH,EQ,24-Sep-2026,3286.8,3200.0,3316.6,3180.0,3190.1,12871,416.45,2871,8226.0,63.91,2026-09-24
INDOTHAI,EQ,24-Sep-2026,30.77,30.8,32.3,30.11,32.29,2149890,685.14,5590,1106181.0,51.45,2026-09-24
INDOUS,EQ,24-Sep-2026,78.1,81.68,81.68,77.57,78.06,2897,2.27,153,2413.0,83.29,2026-09-24
INDOWIND,EQ,24-Sep-2026,8.94,8.94,9.07,8.8,8.82,87052,7.74,343,52066.0,59.81,2026-09-24
INDPRUD,EQ,24-Sep-2026,6225.0,6348.0,6348.0,6180.0,6200.0,62,3.84,10,61.0,98.39,2026-09-24
INDRAMEDCO,EQ,24-Sep-2026,374.6,374.9,378.8,368.05,370.5,318831,1189.94,9610,186662.0,58.55,2026-09-24
INDSWFTLAB,EQ,24-Sep-2026,405.05,403.0,419.8,393.6,401.25,641089,2610.29,15307,233118.0,36.36,2026-09-24
INDTERRAIN,EQ,24-Sep-2026,29.37,29.1,30.74,28.6,29.89,21209,6.36,249,13509.0,63.69,2026-09-24
INDUSINDBK,EQ,24-Sep-2026,959.3,918.0,928.9,909.3,919.5,5861520,53886.83,105228,2868352.0,48.94,2026-09-24
INDUSINVIT,IV,24-Sep-2026,133.69,133.65,133.69,131.61,131.95,149019,197.46,6554,119011.0,79.86,2026-09-24
INDUSTOWER,EQ,24-Sep-2026,384.8,382.0,384.85,376.55,379.85,3016883,11471.74,37135,1833221.0,60.77,2026-09-24
INFINIUM,SM,24-Sep-2026,266.9,274.5,274.5,255.0,256.6,2500,6.51,5,2500.0,100.0,2026-09-24
INFLUX,SM,24-Sep-2026,283.0,280.0,285.0,280.0,280.5,18600,52.22,23,18000.0,96.77,2026-09-24
INFOBEAN,EQ,24-Sep-2026,151.81,151.0,151.9,150.0,150.24,83242,125.26,1323,44011.0,52.87,2026-09-24
INFOLLION,SM,24-Sep-2026,152.15,152.35,155.05,148.5,154.85,10800,16.35,25,8800.0,81.48,2026-09-24
INFOMEDIA,EQ,24-Sep-2026,5.48,5.47,5.48,5.14,5.44,24243,1.32,76,22314.0,92.04,2026-09-24
INFRA,EQ,24-Sep-2026,11.87,11.87,11.87,11.7,11.71,23762,2.8,275,19780.0,83.24,2026-09-24
INFRABEES,EQ,24-Sep-2026,937.79,937.79,938.81,924.0,926.98,12622,117.23,608,5925.0,46.94,2026-09-24
INFRAIETF,EQ,24-Sep-2026,93.36,92.33,93.12,91.77,92.08,102501,94.72,3555,67095.0,65.46,2026-09-24
INFY,EQ,24-Sep-2026,1020.5,1015.0,1022.8,1005.2,1014.5,6891893,69789.52,168191,3913347.0,56.78,2026-09-24
INGERRAND,EQ,24-Sep-2026,4228.4,4227.1,4248.8,4199.7,4234.4,13267,560.79,3005,7138.0,53.8,2026-09-24
INM,SM,24-Sep-2026,143.0,143.0,143.0,143.0,143.0,600,0.86,1,600.0,100.0,2026-09-24
INNOMET,ST,24-Sep-2026,286.55,280.85,280.85,280.85,280.85,18000,50.55,12,18000.0,100.0,2026-09-24
INNOVACAP,EQ,24-Sep-2026,1297.6,1297.6,1322.9,1272.2,1295.3,100699,1312.65,13814,40779.0,40.5,2026-09-24
INNOVANA,EQ,24-Sep-2026,299.1,301.0,301.0,295.1,298.85,63451,189.09,1036,32393.0,51.05,2026-09-24
INNOVISION,EQ,24-Sep-2026,257.05,254.4,257.9,254.0,254.2,7569,19.32,386,5108.0,67.49,2026-09-24
INOXGREEN,EQ,24-Sep-2026,174.81,172.0,175.39,172.0,174.64,883157,1538.08,6704,384438.0,43.53,2026-09-24
INOXINDIA,EQ,24-Sep-2026,2168.9,2160.0,2165.9,2055.0,2064.8,166493,3498.14,21533,84508.0,50.76,2026-09-24
INOXWIND,EQ,24-Sep-2026,75.02,74.36,75.06,72.81,73.09,9666599,7141.03,33560,4071906.0,42.12,2026-09-24
INSECTICID,EQ,24-Sep-2026,608.9,604.7,608.0,592.45,603.65,17869,107.62,1093,11321.0,63.36,2026-09-24
INSPIRISYS,EQ,24-Sep-2026,91.69,92.0,92.0,88.0,89.0,4198,3.75,116,2820.0,67.17,2026-09-24
INSUREIETF,EQ,24-Sep-2026,15.21,14.58,14.94,14.57,14.89,1142256,169.17,683,634704.0,55.57,2026-09-24
INTEGRITY,SM,24-Sep-2026,170.7,170.0,170.0,170.0,170.0,27600,46.92,1,27600.0,100.0,2026-09-24
INTELLECT,EQ,24-Sep-2026,668.05,664.0,664.0,635.0,638.7,266408,1720.35,15718,137872.0,51.75,2026-09-24
INTENTECH,EQ,24-Sep-2026,83.69,83.69,85.4,80.8,82.86,21951,18.12,275,12556.0,57.2,2026-09-24
INTERARCH,EQ,24-Sep-2026,1693.1,1696.0,1696.0,1668.9,1678.6,36634,616.31,4190,19649.0,53.64,2026-09-24
INTERNET,EQ,24-Sep-2026,15.03,15.25,15.25,13.93,14.14,1864942,265.39,1425,932743.0,50.01,2026-09-24
INTLCONV,EQ,24-Sep-2026,80.99,81.26,84.0,80.0,80.04,97825,79.96,1182,59412.0,60.73,2026-09-24
INVENTURE,EQ,24-Sep-2026,0.9,0.91,0.91,0.87,0.87,1164211,10.3,409,870532.0,74.77,2026-09-24
INVICTA,SM,24-Sep-2026,69.0,70.0,70.0,70.0,70.0,1600,1.12,1,1600.0,100.0,2026-09-24
INVPRECQ,BE,24-Sep-2026,1423.2,1451.6,1451.6,1451.6,1451.6,8247,119.71,64,,,2026-09-24
IOB,EQ,24-Sep-2026,32.13,32.09,32.13,31.81,31.92,1870230,597.14,10044,1055088.0,56.41,2026-09-24
IOC,EQ,24-Sep-2026,138.15,136.5,137.5,135.51,136.27,7245913,9891.0,45982,4642281.0,64.07,2026-09-24
IOLCP,EQ,24-Sep-2026,206.6,205.0,212.99,201.32,203.22,3583698,7421.57,39375,979388.0,27.33,2026-09-24
IONEXCHANG,EQ,24-Sep-2026,430.1,427.1,427.45,417.25,420.55,141310,596.2,10311,74398.0,52.65,2026-09-24
IPCALAB,EQ,24-Sep-2026,1962.6,1968.9,2006.9,1962.6,1997.1,272964,5449.9,35765,101094.0,37.04,2026-09-24
IPHL,SM,24-Sep-2026,71.4,72.4,72.4,72.35,72.35,2400,1.74,2,2400.0,100.0,2026-09-24
IPL,EQ,24-Sep-2026,133.52,133.52,133.74,131.6,132.09,124508,165.07,1715,71245.0,57.22,2026-09-24
IPRINGLTD,EQ,24-Sep-2026,136.89,133.01,149.0,133.0,144.31,7350,10.43,213,5874.0,79.92,2026-09-24
IRB,EQ,24-Sep-2026,18.03,17.8,17.95,17.74,17.88,9762664,1743.17,19854,4581026.0,46.92,2026-09-24
IRBINVIT,IV,24-Sep-2026,64.43,64.4,65.25,64.2,65.04,585063,379.11,3632,445677.0,76.18,2026-09-24
IRCON,EQ,24-Sep-2026,110.13,109.0,109.0,106.06,106.6,2596498,2777.58,32007,1101976.0,42.44,2026-09-24
IRCTC,EQ,24-Sep-2026,463.8,463.8,464.55,460.05,461.2,467961,2159.73,17897,218694.0,46.73,2026-09-24
IREDA,EQ,24-Sep-2026,111.0,110.0,110.6,109.06,110.11,2509085,2760.16,21238,839792.0,33.47,2026-09-24
IRFC,EQ,24-Sep-2026,81.0,80.5,80.5,79.41,79.86,5332621,4257.93,34982,2270453.0,42.58,2026-09-24
IRIS,EQ,24-Sep-2026,234.87,235.21,238.5,230.01,231.58,16400,38.2,613,11356.0,69.24,2026-09-24
IRISDOREME,EQ,24-Sep-2026,66.26,66.2,67.5,65.1,65.85,194217,128.07,2559,66854.0,34.42,2026-09-24
IRMENERGY,EQ,24-Sep-2026,272.9,266.65,271.4,262.0,267.6,42249,113.07,1800,17960.0,42.51,2026-09-24
ISFT,EQ,24-Sep-2026,107.63,105.32,106.7,98.0,102.14,195972,202.2,2351,38969.0,19.88,2026-09-24
ISGEC,EQ,24-Sep-2026,867.85,856.1,879.85,826.95,850.1,129248,1092.06,8689,73671.0,57.0,2026-09-24
ISHAN,SM,24-Sep-2026,0.5,0.5,0.5,0.5,0.5,48000,0.24,1,48000.0,100.0,2026-09-24
ISHANCH,EQ,24-Sep-2026,49.87,49.87,50.9,48.8,49.9,6350,3.15,163,5351.0,84.27,2026-09-24
ISTLTD,EQ,24-Sep-2026,655.0,656.0,668.0,650.0,657.95,242,1.6,23,209.0,86.36,2026-09-24
IT,EQ,24-Sep-2026,31.43,30.64,31.61,30.64,31.42,322846,101.41,953,183769.0,56.92,2026-09-24
ITADD,EQ,24-Sep-2026,30.17,30.32,30.32,29.85,29.95,36337,10.9,99,19562.0,53.83,2026-09-24
ITAXIS,EQ,24-Sep-2026,313.65,316.48,316.48,308.0,308.61,2557,7.96,97,1695.0,66.29,2026-09-24
ITBEES,EQ,24-Sep-2026,31.47,32.25,32.25,31.2,31.32,6899204,2169.52,15482,2928464.0,42.45,2026-09-24
ITBETA,EQ,24-Sep-2026,299.0,299.52,303.8,296.0,300.34,609,1.81,35,487.0,79.97,2026-09-24
ITC,EQ,24-Sep-2026,270.15,268.7,270.3,266.7,268.0,7398276,19851.43,90922,4027148.0,54.43,2026-09-24
ITCHOTELS,EQ,24-Sep-2026,161.23,160.0,165.4,158.84,164.01,3509055,5745.55,50048,1701154.0,48.48,2026-09-24
ITDC,EQ,24-Sep-2026,702.65,697.5,697.5,681.0,685.75,82927,570.42,5703,23691.0,28.57,2026-09-24
ITETF,EQ,24-Sep-2026,30.0,30.6,30.6,29.81,29.87,364066,108.99,848,110438.0,30.33,2026-09-24
ITI,EQ,24-Sep-2026,257.2,256.55,256.55,250.4,251.05,148833,375.24,4528,81283.0,54.61,2026-09-24
ITIETF,EQ,24-Sep-2026,31.48,32.26,32.26,30.85,31.37,500721,157.67,1383,264065.0,52.74,2026-09-24
ITL,EQ,24-Sep-2026,364.75,369.0,369.0,356.1,361.0,896,3.24,129,451.0,50.33,2026-09-24
IVALUE,EQ,24-Sep-2026,233.07,230.29,242.5,230.29,234.43,310427,737.08,6680,153842.0,49.56,2026-09-24
IVC,EQ,24-Sep-2026,7.83,7.87,7.87,7.64,7.7,209287,16.26,1046,135146.0,64.57,2026-09-24
IVP,BE,24-Sep-2026,227.96,227.96,230.0,222.0,228.57,12881,29.2,155,,,2026-09-24
IVZBANKNF,EQ,24-Sep-2026,56.53,55.71,55.8,55.35,55.43,4530,2.52,41,4529.0,99.98,2026-09-24
IVZINGOLD,EQ,24-Sep-2026,131.25,131.0,131.0,129.5,130.05,37867,49.3,415,33568.0,88.65,2026-09-24
IVZINNIFTY,EQ,24-Sep-2026,269.47,276.2,276.2,262.73,265.8,1986,5.3,38,1738.0,87.51,2026-09-24
IVZSENSEX,EQ,24-Sep-2026,75.11,76.51,76.51,73.83,73.96,586,0.43,37,547.0,93.34,2026-09-24
IWARE,ST,24-Sep-2026,400.25,399.7,400.0,385.0,391.95,16800,65.56,26,14400.0,85.71,2026-09-24
IWP,EQ,24-Sep-2026,35.34,35.51,36.0,34.2,34.29,4088,1.41,53,3811.0,93.22,2026-09-24
IXIGO,EQ,24-Sep-2026,163.9,163.9,163.91,158.8,159.31,576315,923.56,7814,309063.0,53.63,2026-09-24
IZMO,EQ,24-Sep-2026,931.15,930.1,930.1,902.0,904.45,54182,493.93,3587,30449.0,56.2,2026-09-24
J&KBANK,EQ,24-Sep-2026,149.25,148.7,149.0,146.7,147.07,897539,1326.59,15385,409888.0,45.67,2026-09-24
JAGRAN,EQ,24-Sep-2026,63.41,63.0,63.4,62.5,62.89,133071,83.74,1679,78085.0,58.68,2026-09-24
JAGSNPHARM,EQ,24-Sep-2026,225.63,227.9,249.84,226.76,243.97,9252736,22338.57,101843,594396.0,6.42,2026-09-24
JAIBALAJI,EQ,24-Sep-2026,66.78,65.2,67.9,65.2,65.5,538884,357.88,3886,356571.0,66.17,2026-09-24
JAICORPLTD,EQ,24-Sep-2026,96.73,96.1,96.1,93.63,94.46,322845,306.39,4870,143374.0,44.41,2026-09-24
JAINAM,SM,24-Sep-2026,197.0,200.0,200.0,200.0,200.0,500,1.0,1,500.0,100.0,2026-09-24
JAINIK,ST,24-Sep-2026,193.2,201.8,202.85,198.05,201.3,32400,65.47,24,31200.0,96.3,2026-09-24
JAINREC,EQ,24-Sep-2026,302.95,300.0,300.0,290.1,291.35,1114138,3272.25,20087,471245.0,42.3,2026-09-24
JAIPURKURT,EQ,24-Sep-2026,24.95,24.95,25.3,24.31,25.26,7243,1.82,58,6932.0,95.71,2026-09-24
JALAN,ST,24-Sep-2026,1.65,1.7,1.7,1.7,1.7,3000,0.05,1,3000.0,100.0,2026-09-24
JAMNAAUTO,EQ,24-Sep-2026,129.55,129.0,140.08,128.32,138.39,14203329,19523.48,115344,3062372.0,21.56,2026-09-24
JARO,EQ,24-Sep-2026,462.5,462.5,462.95,455.1,457.7,71823,330.51,1829,8298.0,11.55,2026-09-24
JASH,EQ,24-Sep-2026,588.95,592.0,592.0,572.15,577.15,232284,1352.38,10717,98067.0,42.22,2026-09-24
JAYAGROGN,EQ,24-Sep-2026,237.12,235.4,236.0,228.1,230.91,35664,82.36,993,26723.0,74.93,2026-09-24
JAYBARMARU,EQ,24-Sep-2026,116.1,119.0,121.9,117.69,121.9,262106,315.93,1142,185222.0,70.67,2026-09-24
JAYBEE,SM,24-Sep-2026,95.05,96.4,103.8,92.5,98.05,143500,141.16,231,87000.0,60.63,2026-09-24
JAYKAY,EQ,24-Sep-2026,212.76,210.0,213.8,200.78,202.53,1010193,2087.3,16571,399927.0,39.59,2026-09-24
JAYNECOIND,EQ,24-Sep-2026,91.36,91.77,91.77,89.1,89.53,1528484,1376.54,12568,765107.0,50.06,2026-09-24
JAYSREETEA,EQ,24-Sep-2026,89.55,89.2,90.01,86.0,87.92,52622,46.02,824,27849.0,52.92,2026-09-24
JBMA,EQ,24-Sep-2026,601.8,599.7,599.7,590.4,593.05,133875,795.48,6481,61134.0,45.66,2026-09-24
JENBURPH,EQ,24-Sep-2026,952.0,950.2,959.9,946.4,954.0,1281,12.22,101,1143.0,89.23,2026-09-24
JETFREIGHT,EQ,24-Sep-2026,21.67,21.28,21.94,21.1,21.21,125891,27.0,1704,49515.0,39.33,2026-09-24
JEYYAM,SM,24-Sep-2026,21.05,21.0,21.0,20.6,21.0,58000,12.07,27,40000.0,68.97,2026-09-24
JFLLIFE,SM,24-Sep-2026,9.95,9.9,9.9,9.9,9.9,6000,0.59,1,6000.0,100.0,2026-09-24
JGCHEM,EQ,24-Sep-2026,621.55,622.75,644.85,595.95,601.75,504302,3128.12,23237,159233.0,31.57,2026-09-24
JHS,EQ,24-Sep-2026,8.47,8.4,8.79,8.02,8.18,100866,8.35,344,61491.0,60.96,2026-09-24
JINDALPHOT,EQ,24-Sep-2026,1084.8,1084.8,1085.0,1060.0,1063.2,1196,12.76,218,867.0,72.49,2026-09-24
JINDALPOLY,EQ,24-Sep-2026,715.2,705.0,713.95,695.0,699.8,12636,88.86,954,7848.0,62.11,2026-09-24
JINDALSAW,EQ,24-Sep-2026,292.6,290.95,294.55,281.95,283.1,860596,2468.46,26766,462102.0,53.7,2026-09-24
JINDALSTEL,EQ,24-Sep-2026,1175.3,1157.3,1174.7,1152.3,1157.8,598786,6949.56,18860,230041.0,38.42,2026-09-24
JINDRILL,EQ,24-Sep-2026,606.8,606.7,606.7,588.6,591.95,134469,799.32,5298,44897.0,33.39,2026-09-24
JINDWORLD,EQ,24-Sep-2026,52.2,51.78,51.78,48.41,49.17,5928392,2933.21,19139,1787903.0,30.16,2026-09-24
JIOFIN,EQ,24-Sep-2026,232.15,229.83,230.6,226.7,227.2,11460271,26193.13,90064,6866170.0,59.91,2026-09-24
JISLDVREQS,EQ,24-Sep-2026,20.36,21.0,21.0,20.02,20.14,22456,4.53,226,19867.0,88.47,2026-09-24
JISLJALEQS,EQ,24-Sep-2026,28.9,28.79,28.79,28.41,28.58,1294531,370.03,4385,667278.0,51.55,2026-09-24
JITFINFRA,EQ,24-Sep-2026,280.45,284.0,284.95,275.1,278.3,20767,58.14,673,12287.0,59.17,2026-09-24
JIWANRAM,SM,24-Sep-2026,4.4,4.2,4.2,4.0,4.0,12000,0.49,2,12000.0,100.0,2026-09-24
JKCEMENT,EQ,24-Sep-2026,5085.0,5025.0,5229.0,4981.0,5184.5,42384,2177.03,12383,19000.0,44.83,2026-09-24
JKIL,EQ,24-Sep-2026,479.6,479.35,481.9,473.0,478.1,37906,180.21,1482,30918.0,81.56,2026-09-24
JKIPL,EQ,24-Sep-2026,100.25,102.0,102.0,96.15,98.15,4895,4.83,160,3648.0,74.53,2026-09-24
JKLAKSHMI,EQ,24-Sep-2026,511.2,512.8,513.95,507.0,509.45,66329,338.51,4457,30632.0,46.18,2026-09-24
JKPAPER,EQ,24-Sep-2026,415.25,414.7,414.85,408.1,411.15,222048,912.46,7794,113000.0,50.89,2026-09-24
JKTYRE,EQ,24-Sep-2026,355.35,350.0,353.35,346.0,347.2,408047,1424.03,14926,188972.0,46.31,2026-09-24
JLHL,EQ,24-Sep-2026,274.05,274.0,275.0,266.1,267.8,197581,532.12,8444,139319.0,70.51,2026-09-24
JMA,EQ,24-Sep-2026,89.89,90.4,90.4,86.5,87.92,15096,13.33,391,10273.0,68.05,2026-09-24
JMFINANCIL,EQ,24-Sep-2026,127.51,127.65,127.65,125.34,127.03,3399939,4298.31,23391,2270037.0,66.77,2026-09-24
JNKINDIA,EQ,24-Sep-2026,418.4,418.4,435.0,413.5,422.45,255676,1091.12,11215,104120.0,40.72,2026-09-24
JNPR,EQ,24-Sep-2026,267.3,265.75,265.75,254.3,257.7,807227,2083.11,50374,439006.0,54.38,2026-09-24
JOCIL,EQ,24-Sep-2026,148.71,148.72,149.0,144.01,146.75,1650,2.43,50,1353.0,82.0,2026-09-24
JPOLYINVST,EQ,24-Sep-2026,978.95,971.0,978.95,955.0,964.8,2769,26.79,364,2055.0,74.21,2026-09-24
JPPOWER,EQ,24-Sep-2026,16.04,15.97,15.99,15.78,15.84,33648899,5338.77,1038399,11935768.0,35.47,2026-09-24
JSFB,EQ,24-Sep-2026,546.6,543.0,544.25,519.65,522.7,631956,3341.69,17700,356969.0,56.49,2026-09-24
JSIPL,BE,24-Sep-2026,126.0,132.3,132.3,132.3,132.3,158039,209.09,1503,,,2026-09-24
JSL,EQ,24-Sep-2026,758.55,752.0,763.85,737.0,738.95,741423,5551.45,37688,439101.0,59.22,2026-09-24
JSLL,EQ,24-Sep-2026,524.3,522.0,529.55,510.0,511.15,212822,1100.75,11769,111488.0,52.39,2026-09-24
JSWCEMENT,EQ,24-Sep-2026,118.18,118.0,118.0,115.25,115.71,1180047,1372.79,35455,717428.0,60.8,2026-09-24
JSWDULUX,EQ,24-Sep-2026,3160.9,3164.6,3165.8,3106.0,3132.3,27787,868.95,6067,17681.0,63.63,2026-09-24
JSWENERGY,EQ,24-Sep-2026,521.0,520.0,520.0,508.1,510.0,1303485,6672.12,30426,634775.0,48.7,2026-09-24
JSWHL,EQ,24-Sep-2026,11333.0,11300.0,11300.0,11051.0,11116.0,1304,145.47,625,658.0,50.46,2026-09-24
JSWINFRA,EQ,24-Sep-2026,363.6,361.95,369.95,358.0,360.7,4464796,16255.89,73218,2181649.0,48.86,2026-09-24
JSWSTEEL,EQ,24-Sep-2026,1297.8,1289.0,1298.4,1272.2,1273.2,836579,10718.47,53182,430907.0,51.51,2026-09-24
JTEKTINDIA,EQ,24-Sep-2026,119.99,119.89,119.89,117.65,118.28,72743,86.24,1268,46269.0,63.61,2026-09-24
JTLIND,EQ,24-Sep-2026,91.31,90.35,92.2,89.24,90.1,1853584,1680.5,15014,818435.0,44.15,2026-09-24
JUBLCPL,EQ,24-Sep-2026,2202.4,2225.0,2245.0,2130.2,2160.3,6373,138.2,969,2895.0,45.43,2026-09-24
JUBLFOOD,EQ,24-Sep-2026,483.3,484.65,484.75,476.05,478.9,339592,1633.4,13547,107089.0,31.53,2026-09-24
JUBLINGREA,EQ,24-Sep-2026,640.95,640.95,649.0,631.8,635.35,284101,1821.51,18135,119162.0,41.94,2026-09-24
JUBLPHARMA,EQ,24-Sep-2026,1058.0,1059.0,1066.25,1038.1,1063.85,114741,1211.39,8994,43269.0,37.71,2026-09-24
JUNIORBEES,EQ,24-Sep-2026,784.54,780.62,781.54,772.08,773.76,322504,2505.73,10800,221772.0,68.77,2026-09-24
JUNIPER,EQ,24-Sep-2026,221.77,221.0,221.99,217.51,218.41,69636,152.61,1613,39092.0,56.14,2026-09-24
JUSTDIAL,EQ,24-Sep-2026,693.55,693.55,697.55,666.0,672.35,80570,546.73,4077,36898.0,45.8,2026-09-24
JWL,EQ,24-Sep-2026,233.16,230.0,230.59,226.81,228.07,616463,1406.39,15109,320580.0,52.0,2026-09-24
JYOTHYLAB,EQ,24-Sep-2026,194.11,194.3,194.44,191.8,192.86,207081,399.92,8432,108135.0,52.22,2026-09-24
JYOTICNC,EQ,24-Sep-2026,1100.8,1098.0,1100.0,1067.0,1072.55,504405,5469.74,22343,244681.0,48.51,2026-09-24
JYOTIGLOBL,SM,24-Sep-2026,43.5,43.7,45.65,42.15,42.7,62000,26.99,30,58000.0,93.55,2026-09-24
JYOTIRES,EQ,24-Sep-2026,848.45,852.3,861.95,830.05,833.0,5158,43.22,571,3572.0,69.25,2026-09-24
JYOTISTRUC,EQ,24-Sep-2026,9.33,9.28,9.28,9.03,9.08,2781040,253.87,3078,1556268.0,55.96,2026-09-24
K2INFRA,SM,24-Sep-2026,42.7,43.0,43.0,41.1,41.75,10200,4.31,17,8400.0,82.35,2026-09-24
KABRAEXTRU,EQ,24-Sep-2026,732.85,739.8,806.1,737.0,806.1,520858,4145.21,9920,260109.0,49.94,2026-09-24
KAJARIACER,EQ,24-Sep-2026,1216.4,1214.0,1239.1,1204.0,1221.8,282539,3451.75,30078,178258.0,63.09,2026-09-24
KAKATCEM,EQ,24-Sep-2026,107.97,107.99,109.59,105.9,105.99,656,0.7,24,420.0,64.02,2026-09-24
KALAMANDIR,EQ,24-Sep-2026,79.99,78.79,79.8,78.01,78.47,255927,202.01,3354,139628.0,54.56,2026-09-24
KALPATARU,EQ,24-Sep-2026,272.55,278.0,289.45,270.6,277.8,282261,791.19,5033,56453.0,20.0,2026-09-24
KALYANIFRG,BE,24-Sep-2026,957.6,950.0,968.9,921.55,936.95,1042,9.88,95,,,2026-09-24
KALYANKJIL,EQ,24-Sep-2026,584.25,583.1,588.6,570.35,573.6,3630749,21024.55,44349,1123857.0,30.95,2026-09-24
KAMAHOLD,EQ,24-Sep-2026,2239.2,2230.1,2348.7,2172.3,2199.6,20376,456.76,3851,6010.0,29.5,2026-09-24
KAMANWALA,EQ,24-Sep-2026,16.5,16.02,17.4,16.02,16.99,2709,0.45,30,2345.0,86.56,2026-09-24
KAMATHOTEL,EQ,24-Sep-2026,240.35,238.6,240.3,231.25,235.69,38921,91.83,1659,21471.0,55.17,2026-09-24
KAMDHENU,EQ,24-Sep-2026,40.77,41.3,41.3,39.0,40.34,748522,301.19,3803,418773.0,55.95,2026-09-24
KAMOPAINTS,EQ,24-Sep-2026,4.27,4.24,4.34,4.17,4.21,268131,11.31,687,199350.0,74.35,2026-09-24
KANANIIND,EQ,24-Sep-2026,1.42,1.42,1.44,1.4,1.41,108081,1.54,129,71064.0,65.75,2026-09-24
KANCHI,EQ,24-Sep-2026,390.3,382.7,395.05,382.5,393.85,1215,4.72,46,1073.0,88.31,2026-09-24
KANCOTEA,EQ,24-Sep-2026,54.72,52.5,54.9,52.5,52.66,104,0.05,24,102.0,98.08,2026-09-24
KANDARP,SM,24-Sep-2026,74.4,77.95,78.1,71.0,76.95,46000,34.95,39,32000.0,69.57,2026-09-24
KANOHAR,EQ,24-Sep-2026,907.0,873.9,908.4,852.45,863.3,2625443,23111.73,80889,477603.0,18.19,2026-09-24
KANORICHEM,BE,24-Sep-2026,182.24,182.5,191.35,178.59,191.33,100474,191.2,679,,,2026-09-24
KANPRPLA,EQ,24-Sep-2026,257.05,256.45,274.95,256.3,262.5,63305,168.29,1817,42328.0,66.86,2026-09-24
KANSAINER,EQ,24-Sep-2026,182.58,182.58,182.91,179.01,179.41,146681,264.64,4620,91269.0,62.22,2026-09-24
KAPSTON,EQ,24-Sep-2026,585.9,585.9,586.95,575.05,578.1,34980,202.84,1561,19003.0,54.33,2026-09-24
KARAMTARA,EQ,24-Sep-2026,361.95,361.0,382.95,355.6,369.05,6731277,24955.44,104808,1388637.0,20.63,2026-09-24
KARMAENG,EQ,24-Sep-2026,40.18,39.71,40.8,39.02,39.43,7821,3.12,201,3466.0,44.32,2026-09-24
KARNIKA,SM,24-Sep-2026,120.9,121.0,123.0,121.0,122.55,22000,26.75,12,18000.0,81.82,2026-09-24
KARURVYSYA,EQ,24-Sep-2026,324.45,323.15,327.55,321.0,325.0,1136510,3690.39,37733,694727.0,61.13,2026-09-24
KATARIA,SM,24-Sep-2026,149.9,150.75,150.75,148.0,149.0,3000,4.47,5,3000.0,100.0,2026-09-24
KAUSHALYA,BE,24-Sep-2026,862.4,831.0,859.9,831.0,859.9,62,0.52,15,,,2026-09-24
KAVDEFENCE,BE,24-Sep-2026,82.35,81.9,86.46,79.0,83.0,572713,485.03,2708,,,2026-09-24
KAYA,BE,24-Sep-2026,327.2,325.0,325.0,311.0,313.05,9571,30.18,145,,,2026-09-24
KAYNES,EQ,24-Sep-2026,3458.0,3430.0,3576.0,3415.3,3509.5,1525539,53692.13,95023,446748.0,29.28,2026-09-24
KAYTEX,SM,24-Sep-2026,57.95,57.5,57.5,55.5,57.05,5600,3.17,6,4800.0,85.71,2026-09-24
KCEIL,SM,24-Sep-2026,80.45,78.4,82.65,78.4,82.4,20500,16.73,37,17500.0,85.37,2026-09-24
KCK,ST,24-Sep-2026,13.0,13.45,13.65,13.3,13.65,105000,14.27,28,87500.0,83.33,2026-09-24
KCP,EQ,24-Sep-2026,157.05,157.05,160.98,156.0,159.18,111803,177.28,2044,58530.0,52.35,2026-09-24
KCPSUGIND,BE,24-Sep-2026,29.56,28.81,29.85,28.81,29.01,35694,10.48,178,,,2026-09-24
KDDL,EQ,24-Sep-2026,4251.9,4237.2,4237.2,4066.5,4119.8,67371,2784.76,12760,30297.0,44.97,2026-09-24
KDGREEN,EQ,24-Sep-2026,50.03,51.69,51.69,49.61,50.22,16908,8.45,226,8542.0,50.52,2026-09-24
KDL,SM,24-Sep-2026,64.05,60.85,60.85,60.85,60.85,7500,4.56,33,7500.0,100.0,2026-09-24
KEC,EQ,24-Sep-2026,402.4,398.0,399.5,394.0,395.4,378577,1501.19,13665,184332.0,48.69,2026-09-24
KECL,EQ,24-Sep-2026,120.24,121.0,126.8,120.24,122.75,261030,324.03,5586,87286.0,33.44,2026-09-24
KEEPLEARN,EQ,24-Sep-2026,1.84,1.88,1.94,1.81,1.82,32956,0.61,96,27670.0,83.96,2026-09-24
KEI,EQ,24-Sep-2026,4722.5,4700.0,4706.5,4627.0,4636.5,224864,10497.56,19838,95257.0,42.36,2026-09-24
KELLTONTEC,EQ,24-Sep-2026,13.76,13.8,13.8,13.4,13.48,1468588,198.61,2739,900535.0,61.32,2026-09-24
KEN,SM,24-Sep-2026,43.95,43.75,43.75,43.75,43.75,1200,0.53,1,1200.0,100.0,2026-09-24
KENNAMET,EQ,24-Sep-2026,4316.7,4254.0,4355.1,4250.0,4266.4,11487,491.55,2573,6810.0,59.28,2026-09-24
KERNEX,EQ,24-Sep-2026,1731.0,1727.3,1749.9,1692.5,1700.8,83450,1432.95,10139,37545.0,44.99,2026-09-24
KESORAMIND,BE,24-Sep-2026,11.57,11.7,11.89,11.21,11.39,232726,26.97,474,,,2026-09-24
KEYFINSERV,EQ,24-Sep-2026,244.05,243.9,243.9,226.35,231.65,1614,3.78,81,1485.0,92.01,2026-09-24
KFINTECH,EQ,24-Sep-2026,911.95,902.2,911.0,893.05,897.95,432496,3896.13,22827,189005.0,43.7,2026-09-24
KHADIM,BE,24-Sep-2026,122.94,125.39,125.39,120.49,120.49,42491,53.08,66,,,2026-09-24
KHAICHEM,EQ,24-Sep-2026,50.13,50.29,50.65,49.0,49.41,113281,56.29,1342,65177.0,57.54,2026-09-24
KHAITANLTD,EQ,24-Sep-2026,153.14,153.14,153.14,148.1,150.34,774,1.17,41,554.0,71.58,2026-09-24
KHANDSE,EQ,24-Sep-2026,18.0,18.32,18.48,17.5,18.07,729,0.13,43,570.0,78.19,2026-09-24
KHERIAAUTO,ST,24-Sep-2026,101.0,104.9,106.5,101.1,103.05,1188000,1238.88,659,1143600.0,96.26,2026-09-24
KICL,EQ,24-Sep-2026,5000.0,4950.0,5018.5,4920.5,4940.5,831,41.24,198,673.0,80.99,2026-09-24
KILITCH,BE,24-Sep-2026,221.62,232.5,232.5,211.0,217.23,85945,192.35,805,,,2026-09-24
KIMS,EQ,24-Sep-2026,798.05,795.0,811.2,795.0,800.45,260151,2089.49,16988,110922.0,42.64,2026-09-24
KINGFA,EQ,24-Sep-2026,6240.5,6239.0,6435.0,6185.5,6228.5,14512,913.53,4126,5742.0,39.57,2026-09-24
KIOCL,EQ,24-Sep-2026,349.35,349.35,353.0,339.3,340.65,42480,145.88,1902,25385.0,59.76,2026-09-24
KIRANVYPAR,EQ,24-Sep-2026,215.1,218.65,218.65,196.04,203.41,1329,2.73,164,1024.0,77.05,2026-09-24
KIRIINDUS,EQ,24-Sep-2026,572.75,564.0,583.95,552.0,559.9,1422251,8091.88,27596,627417.0,44.11,2026-09-24
KIRLFER,EQ,24-Sep-2026,478.1,475.1,485.85,473.2,478.2,109335,524.94,6051,55145.0,50.44,2026-09-24
KIRLOSBROS,EQ,24-Sep-2026,1794.3,1790.0,1793.6,1752.1,1768.4,16227,287.85,3136,7213.0,44.45,2026-09-24
KIRLOSENG,EQ,24-Sep-2026,2219.5,2195.0,2254.0,2156.8,2164.5,278809,6134.46,25441,108215.0,38.81,2026-09-24
KIRLOSIND,EQ,24-Sep-2026,3681.0,3681.0,3681.0,3616.1,3635.0,4437,161.6,1055,1978.0,44.58,2026-09-24
KIRLPNU,EQ,24-Sep-2026,711.95,705.0,710.1,692.1,697.75,71227,499.45,6728,43746.0,61.42,2026-09-24
KISSHT,EQ,24-Sep-2026,355.15,351.0,351.0,335.1,337.3,1679730,5742.27,37085,862852.0,51.37,2026-09-24
KITEX,EQ,24-Sep-2026,121.33,120.99,121.9,117.75,118.65,265979,317.1,3499,127907.0,48.09,2026-09-24
KJMCFIN,EQ,24-Sep-2026,61.5,62.11,62.11,58.45,59.84,304,0.18,14,276.0,90.79,2026-09-24
KKCL,EQ,24-Sep-2026,477.55,478.0,478.65,465.05,469.3,13783,65.03,971,7696.0,55.84,2026-09-24
KKJEWELS,SM,24-Sep-2026,99.55,100.0,100.0,96.15,96.15,7000,6.84,7,5000.0,71.43,2026-09-24
KKVAPOW,SM,24-Sep-2026,344.0,326.8,326.8,326.8,326.8,171,0.56,1,171.0,100.0,2026-09-24
KLBRENG-B,EQ,24-Sep-2026,518.6,513.5,524.45,508.45,517.9,189495,979.47,5118,105989.0,55.93,2026-09-24
KLL,SM,24-Sep-2026,41.9,44.9,46.05,42.2,46.0,353600,160.66,257,228800.0,64.71,2026-09-24
KMCSHIL,EQ,24-Sep-2026,162.2,162.0,162.16,155.11,157.92,211733,334.99,4284,76631.0,36.19,2026-09-24
KMEW,EQ,24-Sep-2026,2996.6,2950.0,3009.9,2876.0,2890.6,62583,1831.94,11339,30047.0,48.01,2026-09-24
KMSUGAR,EQ,24-Sep-2026,29.5,29.4,29.4,28.78,29.06,84745,24.7,941,62590.0,73.86,2026-09-24
KNACK,EQ,24-Sep-2026,184.25,182.9,184.77,179.25,182.25,805858,1467.02,9983,411334.0,51.04,2026-09-24
KNAGRI,EQ,24-Sep-2026,211.63,214.9,215.0,208.04,213.63,8248,17.55,229,7041.0,85.37,2026-09-24
KNRCON,EQ,24-Sep-2026,121.77,120.49,123.1,119.5,120.03,1488078,1805.52,15704,630541.0,42.37,2026-09-24
KODYTECH,ST,24-Sep-2026,1533.0,1533.0,1555.0,1525.0,1527.25,5500,84.57,46,5500.0,100.0,2026-09-24
KOHINOOR,EQ,24-Sep-2026,31.75,31.74,32.59,30.6,30.82,127383,39.87,2175,28003.0,21.98,2026-09-24
KOKUYOCMLN,EQ,24-Sep-2026,76.35,76.35,77.81,76.15,76.64,35121,27.02,381,31652.0,90.12,2026-09-24
KOLTEPATIL,EQ,24-Sep-2026,440.05,441.45,441.45,429.95,432.05,35712,155.34,2501,17540.0,49.12,2026-09-24
KONSTELEC,ST,24-Sep-2026,61.9,61.0,61.0,58.85,58.85,9000,5.33,9,9000.0,100.0,2026-09-24
KOPRAN,EQ,24-Sep-2026,279.42,279.42,284.84,267.3,270.81,379629,1051.1,6933,151178.0,39.82,2026-09-24
KORE,ST,24-Sep-2026,172.3,180.3,180.9,164.1,171.6,21750,38.51,47,21250.0,97.7,2026-09-24
KOTAKBANK,EQ,24-Sep-2026,413.25,407.0,410.0,404.3,405.0,12799846,52047.93,153559,8346079.0,65.2,2026-09-24
KOTARISUG,BE,24-Sep-2026,27.35,26.53,27.3,26.53,26.83,15202,4.09,142,,,2026-09-24
KOTHARIPET,EQ,24-Sep-2026,136.81,137.58,137.58,132.76,134.01,28073,37.77,696,20604.0,73.39,2026-09-24
KOTHARIPRO,EQ,24-Sep-2026,69.64,68.02,69.86,66.3,67.13,15513,10.59,371,9699.0,62.52,2026-09-24
KOTIC,EQ,24-Sep-2026,147.11,147.82,154.78,141.3,143.82,29000,42.61,718,15082.0,52.01,2026-09-24
KOTYARK,BE,24-Sep-2026,32.05,32.05,32.05,31.0,31.3,106225,33.29,309,,,2026-09-24
KOVAI,EQ,24-Sep-2026,6160.5,6199.0,6199.0,6036.5,6101.0,3104,189.35,813,1818.0,58.57,2026-09-24
KPEL,EQ,24-Sep-2026,228.8,226.0,227.24,218.0,221.55,329639,732.06,8173,127558.0,38.7,2026-09-24
KPIGREEN,EQ,24-Sep-2026,350.05,344.9,344.9,330.1,333.2,2039670,6854.44,39848,707442.0,34.68,2026-09-24
KPIL,EQ,24-Sep-2026,1411.8,1414.9,1427.0,1381.2,1399.6,157152,2209.89,15937,61874.0,39.37,2026-09-24
KPITTECH,EQ,24-Sep-2026,527.0,526.0,527.8,514.0,516.85,1561197,8137.8,33497,592767.0,37.97,2026-09-24
KPL,EQ,24-Sep-2026,3724.5,3743.0,3777.4,3602.0,3642.1,34399,1268.79,6710,12452.0,36.2,2026-09-24
KPRMILL,EQ,24-Sep-2026,1136.7,1130.0,1141.9,1109.9,1113.8,158616,1783.29,18661,85974.0,54.2,2026-09-24
KRBL,EQ,24-Sep-2026,404.85,404.75,410.95,396.2,398.2,360627,1453.32,15393,126453.0,35.06,2026-09-24
KREBSBIO,EQ,24-Sep-2026,57.54,57.54,57.89,55.51,57.66,3409,1.95,63,1917.0,56.23,2026-09-24
KRIDHANINF,EQ,24-Sep-2026,1.84,1.86,1.87,1.81,1.85,16428,0.3,65,14469.0,88.08,2026-09-24
KRISHANA,EQ,24-Sep-2026,188.15,190.98,191.8,183.2,184.51,631052,1181.16,6937,313092.0,49.61,2026-09-24
KRISHCA,SM,24-Sep-2026,192.35,192.5,230.8,191.0,216.7,451000,982.14,629,282000.0,62.53,2026-09-24
KRISHIVAL,EQ,24-Sep-2026,417.35,418.15,419.0,410.0,411.3,8216,33.99,330,7207.0,87.72,2026-09-24
KRISHNADEF,EQ,24-Sep-2026,1032.9,1034.9,1038.0,1012.0,1015.5,45530,465.16,3777,25038.0,54.99,2026-09-24
KRITI,EQ,24-Sep-2026,63.19,61.35,64.0,61.35,61.65,8298,5.14,213,4894.0,58.98,2026-09-24
KRITIKA,EQ,24-Sep-2026,5.0,5.0,5.1,4.99,5.02,99913,5.04,443,57754.0,57.8,2026-09-24
KRITINUT,EQ,24-Sep-2026,80.21,81.0,81.0,77.6,77.81,15010,11.89,214,11423.0,76.1,2026-09-24
KRMAYURVED,SM,24-Sep-2026,302.95,306.45,307.9,300.0,300.3,57000,172.59,47,37000.0,64.91,2026-09-24
KRN,EQ,24-Sep-2026,1412.6,1411.8,1424.9,1394.2,1401.6,107810,1520.62,12651,62472.0,57.95,2026-09-24
KRONOX,BE,24-Sep-2026,187.39,191.0,196.75,191.0,196.75,174809,342.72,716,,,2026-09-24
KROSS,EQ,24-Sep-2026,278.56,276.0,279.34,268.11,272.9,1470381,4021.55,31661,450030.0,30.61,2026-09-24
KRSNAA,EQ,24-Sep-2026,560.05,565.0,565.0,549.3,551.25,43526,241.19,2035,23739.0,54.54,2026-09-24
KRT,RR,24-Sep-2026,113.7,113.9,114.05,113.4,113.87,1962445,2234.23,7524,1845039.0,94.02,2026-09-24
KRYSTAL,EQ,24-Sep-2026,643.65,635.05,646.95,631.0,637.5,3949,25.29,316,1765.0,44.69,2026-09-24
KSB,EQ,24-Sep-2026,823.2,822.95,822.95,797.3,802.15,90671,728.92,7952,46729.0,51.54,2026-09-24
KSCL,EQ,24-Sep-2026,710.7,712.85,819.95,704.4,783.85,19332004,153986.16,398896,753292.0,3.9,2026-09-24
KSE,EQ,24-Sep-2026,178.79,184.0,184.0,178.81,181.11,6832,12.36,313,5134.0,75.15,2026-09-24
KSHINTL,EQ,24-Sep-2026,1046.8,1048.0,1069.0,1023.0,1036.0,248567,2595.86,16225,116676.0,46.94,2026-09-24
KSHITIJPOL,EQ,24-Sep-2026,4.83,5.06,5.07,5.06,5.06,12906313,653.91,5818,7604782.0,58.92,2026-09-24
KSL,EQ,24-Sep-2026,998.25,995.15,997.65,972.5,974.2,110396,1085.03,4907,66655.0,60.38,2026-09-24
KSOLVES,EQ,24-Sep-2026,259.05,257.55,258.35,247.35,249.15,54728,137.66,2214,31888.0,58.27,2026-09-24
KSR,BE,24-Sep-2026,39.28,39.28,40.5,37.6,37.8,24003,9.13,98,,,2026-09-24
KTKBANK,EQ,24-Sep-2026,343.05,339.0,345.4,336.55,338.15,2049219,6985.62,34634,1001808.0,48.89,2026-09-24
KUANTUM,EQ,24-Sep-2026,82.87,83.0,83.99,79.1,80.17,87226,70.63,1453,52768.0,60.5,2026-09-24
KUSUMGAR,EQ,24-Sep-2026,635.1,634.9,634.9,610.55,620.1,261170,1616.03,13781,111507.0,42.7,2026-09-24
KWIL,EQ,24-Sep-2026,41.92,41.88,41.88,40.54,40.81,5527010,2272.93,20593,2767655.0,50.08,2026-09-24
LADDERUP,BE,24-Sep-2026,55.95,55.99,56.89,53.19,53.63,3407,1.86,48,,,2026-09-24
LAGNAM,EQ,24-Sep-2026,75.0,74.0,75.0,72.81,74.99,2832,2.11,76,2614.0,92.3,2026-09-24
LAHOTIOV,EQ,24-Sep-2026,40.77,41.0,41.0,37.0,38.28,14264,5.53,109,10354.0,72.59,2026-09-24
LAKPRE,BZ,24-Sep-2026,5.05,5.3,5.3,5.0,5.09,45,0.0,5,,,2026-09-24
LAKSHMIMIL,EQ,24-Sep-2026,7716.5,8066.0,8066.0,7721.0,7780.5,20,1.6,8,14.0,70.0,2026-09-24
LAKSHYA,SM,24-Sep-2026,98.0,102.0,107.8,101.9,107.8,40800,42.94,50,24800.0,60.78,2026-09-24
LAL,EQ,24-Sep-2026,8.57,8.72,9.49,8.47,9.07,163991,14.87,383,120790.0,73.66,2026-09-24
LALITHAA,EQ,24-Sep-2026,352.9,359.0,370.5,356.4,370.5,10872334,39913.5,58417,5361297.0,49.31,2026-09-24
LALPATHLAB,EQ,24-Sep-2026,1924.3,1940.0,1976.2,1911.7,1961.3,430163,8402.96,57589,176614.0,41.06,2026-09-24
LAMBODHARA,EQ,24-Sep-2026,119.93,120.9,141.5,119.42,139.46,393605,537.53,7361,69439.0,17.64,2026-09-24
LAMOSAIC,ST,24-Sep-2026,50.15,50.0,51.2,47.65,51.0,322800,161.38,154,298200.0,92.38,2026-09-24
LANCER,EQ,24-Sep-2026,11.78,11.85,11.85,11.11,11.59,340911,39.52,965,236921.0,69.5,2026-09-24
LANCORHOL,BE,24-Sep-2026,34.97,35.48,36.7,33.56,34.03,104968,37.46,267,,,2026-09-24
LANDMARK,EQ,24-Sep-2026,506.4,500.9,511.15,485.25,489.05,51104,252.16,2446,23095.0,45.19,2026-09-24
LANDSMILL,EQ,24-Sep-2026,0.54,0.55,0.55,0.52,0.52,3840492,20.46,1105,2060201.0,53.64,2026-09-24
LAOPALA,EQ,24-Sep-2026,163.06,162.3,163.0,159.45,160.21,98696,159.23,2463,57135.0,57.89,2026-09-24
LARGEMID50,EQ,24-Sep-2026,35.61,35.33,35.35,35.05,35.1,889,0.31,29,889.0,100.0,2026-09-24
LASERPOWER,EQ,24-Sep-2026,287.4,284.75,285.4,270.4,274.5,834811,2304.04,15542,475616.0,56.97,2026-09-24
LATENTVIEW,EQ,24-Sep-2026,253.4,252.9,252.9,245.0,245.4,335304,830.87,11554,201593.0,60.12,2026-09-24
LATTEYS,EQ,24-Sep-2026,20.35,20.0,20.75,20.0,20.08,42119,8.47,232,32490.0,77.14,2026-09-24
LAURUSLABS,EQ,24-Sep-2026,2034.0,2021.1,2055.3,2020.0,2026.2,1388039,28328.55,56843,706124.0,50.87,2026-09-24
LAXMICOT,EQ,24-Sep-2026,13.4,13.2,14.18,13.01,13.23,3757,0.5,82,2661.0,70.83,2026-09-24
LAXMIDENTL,EQ,24-Sep-2026,195.09,193.99,201.59,193.56,197.05,95949,189.65,2638,50199.0,52.32,2026-09-24
LAXMIINDIA,EQ,24-Sep-2026,126.12,126.4,126.4,119.4,120.66,152816,186.12,2811,104386.0,68.31,2026-09-24
LCCINFOTEC,EQ,24-Sep-2026,3.84,4.03,4.03,3.99,4.03,120873,4.87,85,92789.0,76.77,2026-09-24
LCCPROJECT,EQ,24-Sep-2026,146.59,146.35,146.35,141.87,144.22,1209866,1737.05,18258,414428.0,34.25,2026-09-24
LCL,EQ,24-Sep-2026,577.55,572.6,589.0,571.8,575.55,218144,1265.82,15519,100305.0,45.98,2026-09-24
LEAPIND,EQ,24-Sep-2026,148.62,146.45,148.16,142.11,143.09,1423067,2064.98,16418,644895.0,45.32,2026-09-24
LEENEE,BE,24-Sep-2026,7.9,7.89,8.21,7.51,7.8,16954,1.32,44,,,2026-09-24
LEMERITE,EQ,24-Sep-2026,19.88,20.45,20.85,19.5,20.59,220522,44.93,637,61429.0,27.86,2026-09-24
LEMONTREE,EQ,24-Sep-2026,107.92,107.0,107.7,106.2,106.72,1819035,1941.41,21486,1031227.0,56.69,2026-09-24
LENSKART,EQ,24-Sep-2026,686.7,681.5,691.9,673.55,676.0,3191467,21826.14,101558,1867990.0,58.53,2026-09-24
LEXUS,EQ,24-Sep-2026,12.5,12.9,12.9,12.12,12.19,14276,1.79,149,9727.0,68.14,2026-09-24
LFIC,EQ,24-Sep-2026,136.14,136.5,136.99,131.0,136.36,1564,2.07,61,1311.0,83.82,2026-09-24
LGBBROSLTD,EQ,24-Sep-2026,1734.5,1720.0,1764.9,1710.1,1745.3,25762,447.84,3647,18165.0,70.51,2026-09-24
LGEINDIA,EQ,24-Sep-2026,1694.2,1685.0,1719.9,1669.9,1697.7,527914,8982.74,58428,286272.0,54.23,2026-09-24
LGHL,EQ,24-Sep-2026,176.62,171.3,192.0,171.3,181.48,38541,71.16,390,14568.0,37.8,2026-09-24
LIBAS,EQ,24-Sep-2026,12.09,12.0,12.56,11.15,12.02,241544,28.02,752,92210.0,38.18,2026-09-24
LIBERTSHOE,EQ,24-Sep-2026,235.48,241.4,242.34,235.0,237.84,45513,108.42,2073,24260.0,53.3,2026-09-24
LICHSGFIN,EQ,24-Sep-2026,572.5,569.8,571.9,563.8,564.25,1297709,7366.1,17530,556000.0,42.84,2026-09-24
LICI,EQ,24-Sep-2026,407.5,400.9,417.8,398.5,406.0,14741490,60211.73,132216,7185005.0,48.74,2026-09-24
LICMFGOLD,EQ,24-Sep-2026,135.9,135.7,135.7,134.2,134.5,24030,32.41,487,13916.0,57.91,2026-09-24
LICNETFGSC,EQ,24-Sep-2026,29.27,29.48,29.48,29.07,29.16,7011,2.04,61,4731.0,67.48,2026-09-24
LICNETFN50,EQ,24-Sep-2026,263.9,262.23,262.42,259.94,260.13,806,2.11,29,797.0,98.88,2026-09-24
LICNETFSEN,EQ,24-Sep-2026,844.27,840.54,840.54,834.79,835.18,9,0.08,5,7.0,77.78,2026-09-24
LICNFNHGP,EQ,24-Sep-2026,274.19,274.19,276.93,267.2,275.99,85,0.23,28,54.0,63.53,2026-09-24
LICNMID100,EQ,24-Sep-2026,62.75,62.98,62.98,61.22,61.29,6888,4.25,144,6032.0,87.57,2026-09-24
LIKHITHA,EQ,24-Sep-2026,229.21,230.35,236.5,227.0,227.38,34331,78.63,842,21167.0,61.66,2026-09-24
LINC,EQ,24-Sep-2026,93.85,94.89,94.89,91.62,92.24,39577,36.45,432,36562.0,92.38,2026-09-24
LINCOLN,EQ,24-Sep-2026,603.55,603.0,604.35,590.1,594.65,16062,95.8,1361,8554.0,53.26,2026-09-24
LINDEINDIA,EQ,24-Sep-2026,6286.0,6270.0,6333.5,6166.5,6196.5,11679,726.7,3252,5516.0,47.23,2026-09-24
LIQGRWBEES,EQ,24-Sep-2026,1056.58,1056.7,1056.72,1056.7,1056.71,45129,476.88,185,36162.0,80.13,2026-09-24
LIQUID,EQ,24-Sep-2026,999.99,999.99,1000.0,999.99,999.99,297034,2970.31,174,276870.0,93.21,2026-09-24
LIQUID1,EQ,24-Sep-2026,1123.81,1118.19,1130.0,1118.19,1123.96,700510,7873.46,576,449404.0,64.15,2026-09-24
LIQUIDADD,EQ,24-Sep-2026,1145.93,1146.07,1146.37,1146.07,1146.08,658390,7545.7,272,447499.0,67.97,2026-09-24
LIQUIDBEES,EQ,24-Sep-2026,1000.0,999.99,1000.01,999.99,999.99,2147668,21476.63,4055,1446727.0,67.36,2026-09-24
LIQUIDBETA,EQ,24-Sep-2026,1009.1,1009.22,1009.22,1009.22,1009.22,99,1.0,1,99.0,100.0,2026-09-24
LIQUIDBETF,EQ,24-Sep-2026,1099.9,1100.04,1100.06,1100.04,1100.05,232382,2556.32,70,162836.0,70.07,2026-09-24
LIQUIDCASE,EQ,24-Sep-2026,116.04,116.05,116.07,116.05,116.06,17169903,19927.1,11436,15683434.0,91.34,2026-09-24
LIQUIDETF,EQ,24-Sep-2026,999.99,1000.0,1000.01,999.99,1000.0,152036,1520.36,218,87104.0,57.29,2026-09-24
LIQUIDIETF,EQ,24-Sep-2026,999.95,994.95,1000.01,994.95,999.99,298668,2986.53,183,256565.0,85.9,2026-09-24
LIQUIDPLUS,EQ,24-Sep-2026,1104.36,1104.36,1104.51,1104.36,1104.49,1037533,11459.46,258,979310.0,94.39,2026-09-24
LIQUIDSBI,EQ,24-Sep-2026,999.99,1000.0,1000.01,999.99,1000.01,2977,29.77,28,2766.0,92.91,2026-09-24
LIQUIDSHRI,EQ,24-Sep-2026,1122.57,1122.7,1122.72,1122.7,1122.71,24624,276.46,45,21790.0,88.49,2026-09-24
LKPSEC,EQ,24-Sep-2026,15.27,15.58,15.58,15.0,15.02,2398,0.36,43,2188.0,91.24,2026-09-24
LLOYDS,SM,24-Sep-2026,62.0,61.7,61.7,61.7,61.7,1000,0.62,1,1000.0,100.0,2026-09-24
LLOYDSENGG,EQ,24-Sep-2026,91.52,90.25,93.0,90.1,90.91,10861920,9946.57,50470,4011212.0,36.93,2026-09-24
LLOYDSENT,EQ,24-Sep-2026,74.15,72.71,77.15,72.71,75.58,4465318,3382.61,25651,1877525.0,42.05,2026-09-24
LLOYDSME,EQ,24-Sep-2026,1890.9,1870.0,1881.5,1816.0,1821.9,278524,5148.9,22881,151442.0,54.37,2026-09-24
LMW,EQ,24-Sep-2026,17126.0,17145.0,17339.0,17049.0,17136.0,2245,385.77,1026,1101.0,49.04,2026-09-24
LODHA,EQ,24-Sep-2026,1162.5,1153.0,1177.0,1148.9,1158.0,1243527,14484.27,33598,564276.0,45.38,2026-09-24
LOKESHMACH,EQ,24-Sep-2026,359.25,360.15,362.75,342.0,342.9,43467,152.25,2140,20442.0,47.03,2026-09-24
LORDSCHLO,EQ,24-Sep-2026,137.38,140.0,140.0,132.2,134.5,12002,16.18,406,8211.0,68.41,2026-09-24
LOTUSCHO,EQ,24-Sep-2026,562.4,578.7,578.7,560.0,566.15,1318,7.48,188,828.0,62.82,2026-09-24
LOTUSDEV,BE,24-Sep-2026,224.46,220.9,226.0,215.85,219.05,450172,990.88,2917,,,2026-09-24
LOTUSEYE,EQ,24-Sep-2026,115.24,115.0,115.86,112.5,113.23,3217,3.66,84,2258.0,70.19,2026-09-24
LOVABLE,EQ,24-Sep-2026,71.38,71.0,71.5,69.0,69.7,8216,5.73,341,5651.0,68.78,2026-09-24
LOWVOL,EQ,24-Sep-2026,200.09,204.09,204.09,197.73,198.01,1661,3.31,20,1263.0,76.04,2026-09-24
LOWVOL1,EQ,24-Sep-2026,20.39,20.49,20.49,20.12,20.16,302634,61.27,11090,185271.0,61.22,2026-09-24
LOWVOLIETF,EQ,24-Sep-2026,21.4,21.58,21.58,21.1,21.2,628332,133.53,11925,373476.0,59.44,2026-09-24
LOYALTEX,EQ,24-Sep-2026,231.23,240.9,240.9,221.27,223.98,6531,15.32,245,2645.0,40.5,2026-09-24
LPDC,EQ,24-Sep-2026,6.66,6.77,6.77,6.43,6.63,17312,1.15,132,13850.0,80.0,2026-09-24
LRRPL,SM,24-Sep-2026,95.55,97.0,98.0,97.0,98.0,4500,4.38,3,4500.0,100.0,2026-09-24
LT,EQ,24-Sep-2026,3929.9,3887.3,3907.0,3849.0,3858.4,1649308,63850.85,78162,1014421.0,61.51,2026-09-24
LTF,EQ,24-Sep-2026,310.0,279.0,290.6,279.0,282.0,36077849,102756.17,218575,13861081.0,38.42,2026-09-24
LTFOODS,EQ,24-Sep-2026,430.0,426.95,433.85,423.0,424.5,257102,1100.87,15707,105481.0,41.03,2026-09-24
LTGILTBEES,EQ,24-Sep-2026,29.79,30.0,30.0,29.61,29.62,1537754,456.26,850,812259.0,52.82,2026-09-24
LTGILTCASE,EQ,24-Sep-2026,30.37,30.38,30.38,30.22,30.22,275925,83.47,192,270023.0,97.86,2026-09-24
LTM,EQ,24-Sep-2026,4085.0,4031.0,4089.0,4011.0,4038.0,350005,14199.13,28623,154445.0,44.13,2026-09-24
LTTS,EQ,24-Sep-2026,3231.3,3233.7,3238.8,3190.0,3209.1,27363,879.5,7036,11761.0,42.98,2026-09-24
LUMAXIND,EQ,24-Sep-2026,5788.0,5808.0,5808.0,5710.0,5732.5,5160,296.93,1867,2433.0,47.15,2026-09-24
LUMAXTECH,EQ,24-Sep-2026,2044.9,2049.4,2099.8,2026.9,2068.8,122712,2548.52,23425,44370.0,36.16,2026-09-24
LUMINO,EQ,24-Sep-2026,109.9,108.53,110.44,106.5,107.22,5968222,6449.89,28405,1611385.0,27.0,2026-09-24
LUPIN,EQ,24-Sep-2026,2102.8,2099.9,2114.8,2084.5,2100.7,533164,11185.27,37101,355182.0,66.62,2026-09-24
LUXIND,EQ,24-Sep-2026,1186.5,1180.0,1190.0,1155.4,1167.8,18229,214.06,1545,10131.0,55.58,2026-09-24
LXCHEM,EQ,24-Sep-2026,188.44,186.05,187.0,179.92,180.61,1098678,2013.52,17477,517361.0,47.09,2026-09-24
LYKALABS,BE,24-Sep-2026,87.1,88.0,88.0,87.0,87.0,65274,57.09,95,,,2026-09-24
M&M,EQ,24-Sep-2026,3035.0,3028.8,3039.0,2982.7,2982.7,1903721,57235.2,87552,1170992.0,61.51,2026-09-24
M&MFIN,EQ,24-Sep-2026,348.6,343.35,343.35,334.45,339.9,1834421,6232.76,59986,1008484.0,54.98,2026-09-24
MAANALU,EQ,24-Sep-2026,103.93,105.0,105.0,102.25,102.62,37559,38.87,957,26963.0,71.79,2026-09-24
MACOBSTECH,SM,24-Sep-2026,202.0,204.0,206.0,204.0,206.0,34400,70.19,3,34400.0,100.0,2026-09-24
MACPOWER,EQ,24-Sep-2026,2059.5,2059.5,2170.0,2018.1,2061.1,57329,1201.85,8450,23204.0,40.48,2026-09-24
MADHAV,EQ,24-Sep-2026,34.57,35.45,35.82,33.72,34.46,2431,0.84,95,1872.0,77.01,2026-09-24
MADHAVBAUG,ST,24-Sep-2026,171.5,164.2,168.0,163.0,168.0,2400,3.94,6,2400.0,100.0,2026-09-24
MADHAVIPL,EQ,24-Sep-2026,7.67,7.84,7.9,7.18,7.59,189234,14.21,589,126417.0,66.8,2026-09-24
MADHUCON,EQ,24-Sep-2026,4.14,4.06,4.3,3.94,4.25,21341,0.88,70,18430.0,86.36,2026-09-24
MADHURKNIT,SM,24-Sep-2026,45.55,46.0,46.8,44.6,45.9,43200,19.71,31,27600.0,63.89,2026-09-24
MADHUSUDAN,ST,24-Sep-2026,225.55,225.0,225.0,217.8,224.3,12000,26.7,12,11000.0,91.67,2026-09-24
MADRASFERT,EQ,24-Sep-2026,61.47,61.89,61.89,60.5,60.72,19924,12.17,482,13766.0,69.09,2026-09-24
MAFANG,EQ,24-Sep-2026,234.14,238.88,238.88,228.28,231.32,515916,1194.22,13322,244319.0,47.36,2026-09-24
MAFATIND,EQ,24-Sep-2026,121.05,120.5,122.0,119.41,119.81,23718,28.56,918,16827.0,70.95,2026-09-24
MAGADSUGAR,EQ,24-Sep-2026,509.2,502.2,506.45,499.9,503.0,9365,47.18,647,6511.0,69.52,2026-09-24
MAGNUM,EQ,24-Sep-2026,19.0,19.0,19.1,18.56,18.65,12019,2.27,82,9941.0,82.71,2026-09-24
MAGSON,SM,24-Sep-2026,180.0,180.0,180.0,179.6,180.0,215000,387.0,67,215000.0,100.0,2026-09-24
MAHABANK,EQ,24-Sep-2026,84.11,83.7,83.9,81.8,82.38,7964442,6588.95,36069,4056340.0,50.93,2026-09-24
MAHAPEXLTD,EQ,24-Sep-2026,53.0,53.0,54.8,51.0,51.74,16177,8.4,282,11690.0,72.26,2026-09-24
MAHASTEEL,BE,24-Sep-2026,1156.8,1179.8,1214.6,1164.0,1211.9,5126,61.74,518,,,2026-09-24
MAHEPC,EQ,24-Sep-2026,100.45,99.02,100.98,98.0,98.19,18772,18.56,630,12257.0,65.29,2026-09-24
MAHESHWARI,EQ,24-Sep-2026,72.83,72.75,73.2,72.7,72.7,7920,5.76,22,7820.0,98.74,2026-09-24
MAHICKRA,SM,24-Sep-2026,297.0,297.0,297.0,297.0,297.0,750,2.23,1,750.0,100.0,2026-09-24
MAHKTECH,EQ,24-Sep-2026,21.86,22.22,22.22,21.6,21.78,396306,86.8,4104,284516.0,71.79,2026-09-24
MAHLIFE,EQ,24-Sep-2026,356.6,356.6,360.55,347.85,353.9,68743,242.08,4868,31581.0,45.94,2026-09-24
MAHLOG,EQ,24-Sep-2026,416.55,415.9,429.2,411.55,420.05,499911,2116.6,16553,183302.0,36.67,2026-09-24
MAHSCOOTER,EQ,24-Sep-2026,13269.0,13121.0,13300.0,13080.0,13255.0,3227,426.82,1183,1821.0,56.43,2026-09-24
MAHSEAMLES,EQ,24-Sep-2026,702.75,698.7,723.9,696.05,708.55,232935,1658.5,16866,97406.0,41.82,2026-09-24
MAITHANALL,EQ,24-Sep-2026,1009.9,996.05,1004.85,975.0,977.1,65584,647.26,4518,39234.0,59.82,2026-09-24
MAITREYA,SM,24-Sep-2026,116.6,116.45,116.5,116.45,116.5,800,0.93,2,800.0,100.0,2026-09-24
MAJESAUT,BE,24-Sep-2026,371.5,372.8,372.8,366.0,369.55,1516,5.6,82,,,2026-09-24
MAKEINDIA,EQ,24-Sep-2026,163.01,167.08,167.08,160.68,160.93,19729,31.92,515,7416.0,37.59,2026-09-24
MAKERSL,EQ,24-Sep-2026,182.88,184.5,191.0,184.0,189.42,2038,3.79,48,1970.0,96.66,2026-09-24
MAKS,SM,24-Sep-2026,14.35,15.0,15.0,15.0,15.0,1500,0.23,1,1500.0,100.0,2026-09-24
MAL,ST,24-Sep-2026,43.55,42.0,42.5,41.5,41.75,14400,6.05,8,14400.0,100.0,2026-09-24
MALLCOM,EQ,24-Sep-2026,975.35,970.1,972.0,950.0,950.8,6604,63.54,234,5809.0,87.96,2026-09-24
MALUPAPER,EQ,24-Sep-2026,31.99,32.63,33.39,31.71,31.79,3983,1.27,71,3308.0,83.05,2026-09-24
MAMATA,EQ,24-Sep-2026,423.35,422.7,422.7,397.35,403.8,144579,584.98,7014,72723.0,50.3,2026-09-24
MANAKALUCO,EQ,24-Sep-2026,35.96,36.48,36.48,35.0,35.31,30719,10.87,543,19190.0,62.47,2026-09-24
MANAKCOAT,EQ,24-Sep-2026,131.99,131.99,134.16,130.0,131.16,224387,295.72,2924,104686.0,46.65,2026-09-24
MANAKSIA,EQ,24-Sep-2026,66.8,65.98,66.45,63.71,64.03,73292,47.28,992,48132.0,65.67,2026-09-24
MANAKSTEEL,BE,24-Sep-2026,106.62,106.05,107.25,101.29,102.14,63951,65.54,235,,,2026-09-24
MANALIPETC,EQ,24-Sep-2026,87.69,87.1,87.1,82.62,83.28,1080286,914.12,7148,488609.0,45.23,2026-09-24
MANAPPURAM,EQ,24-Sep-2026,320.4,314.4,327.0,313.15,324.95,4674648,14987.51,37107,1837816.0,39.31,2026-09-24
MANBA,EQ,24-Sep-2026,139.19,139.0,145.4,138.88,140.35,243633,346.15,3840,104616.0,42.94,2026-09-24
MANCREDIT,EQ,24-Sep-2026,225.17,222.02,227.5,221.0,222.52,118659,267.17,1776,6865.0,5.79,2026-09-24
MANDEEP,SM,24-Sep-2026,18.4,18.3,18.3,17.75,17.75,18000,3.23,6,18000.0,100.0,2026-09-24
MANGALAM,EQ,24-Sep-2026,32.32,32.64,32.64,31.42,31.65,33768,10.72,394,25038.0,74.15,2026-09-24
MANGLMCEM,EQ,24-Sep-2026,1033.3,1029.0,1049.0,1014.8,1031.5,57124,589.48,2971,37795.0,66.16,2026-09-24
MANIKA,BE,24-Sep-2026,42.58,42.0,42.57,41.1,41.46,559031,234.76,2544,,,2026-09-24
MANINDS,EQ,24-Sep-2026,986.7,990.75,990.9,956.55,962.85,1416561,13746.78,49669,370647.0,26.17,2026-09-24
MANINFRA,EQ,24-Sep-2026,124.75,123.9,125.45,123.45,124.17,1221376,1519.99,8363,491945.0,40.28,2026-09-24
MANIPALHOS,EQ,24-Sep-2026,760.95,760.6,763.2,736.25,742.5,952691,7143.36,36505,562797.0,59.07,2026-09-24
MANKIND,EQ,24-Sep-2026,2465.0,2442.6,2504.3,2442.6,2500.0,447288,11121.64,38596,235255.0,52.6,2026-09-24
MANOMAY,EQ,24-Sep-2026,224.48,228.48,235.35,224.5,233.21,382971,885.33,11933,68390.0,17.86,2026-09-24
MANORAMA,EQ,24-Sep-2026,1929.4,1921.7,1931.4,1868.2,1882.7,133580,2530.44,20600,78813.0,59.0,2026-09-24
MANORG,EQ,24-Sep-2026,458.15,457.9,462.7,452.0,453.15,2268,10.34,177,1570.0,69.22,2026-09-24
MANUFGBEES,EQ,24-Sep-2026,160.41,157.2,160.77,157.2,159.0,39814,63.81,131,39015.0,97.99,2026-09-24
MANUGRAPH,EQ,24-Sep-2026,23.52,24.26,24.26,21.56,22.02,466712,106.95,2800,224778.0,48.16,2026-09-24
MANYAVAR,EQ,24-Sep-2026,531.15,530.1,530.1,511.6,524.45,178569,930.96,10416,74713.0,41.84,2026-09-24
MAPMYINDIA,EQ,24-Sep-2026,906.8,900.0,910.0,878.6,882.8,114146,1015.46,7462,59769.0,52.36,2026-09-24
MARALOVER,EQ,24-Sep-2026,61.11,60.5,61.0,58.0,58.93,19526,11.59,236,14344.0,73.46,2026-09-24
MARATHON,EQ,24-Sep-2026,419.4,421.9,421.9,406.65,410.8,35268,145.94,1511,19186.0,54.4,2026-09-24
MARC,ST,24-Sep-2026,148.05,155.4,155.4,143.05,150.95,4800,7.16,4,2400.0,50.0,2026-09-24
MARCO,SM,24-Sep-2026,29.35,29.45,29.7,29.4,29.7,4500,1.33,3,3000.0,66.67,2026-09-24
MARICO,EQ,24-Sep-2026,832.3,830.0,831.65,820.05,824.55,919851,7599.45,33901,582893.0,63.37,2026-09-24
MARINE,EQ,24-Sep-2026,425.8,415.0,421.1,396.0,401.5,2132733,8673.66,51936,934067.0,43.8,2026-09-24
MARKOLINES,EQ,24-Sep-2026,169.9,170.01,170.01,165.95,167.42,62571,104.68,994,19454.0,31.09,2026-09-24
MARKSANS,EQ,24-Sep-2026,347.6,345.8,350.95,336.15,337.4,2858544,9810.84,56948,1043092.0,36.49,2026-09-24
MARSONS,EQ,24-Sep-2026,128.05,127.36,129.99,124.0,124.37,4536331,5801.19,10930,1785712.0,39.36,2026-09-24
MARUSHIKA,SM,24-Sep-2026,116.65,114.25,117.0,114.25,117.0,2400,2.78,2,2400.0,100.0,2026-09-24
MARUTI,EQ,24-Sep-2026,12230.0,12180.0,12184.0,11975.0,11990.0,393665,47542.06,48739,189841.0,48.22,2026-09-24
MASFIN,EQ,24-Sep-2026,284.5,284.5,285.9,276.0,280.35,134842,377.85,4435,81734.0,60.61,2026-09-24
MASKINVEST,EQ,24-Sep-2026,146.67,145.94,152.0,139.5,140.81,125,0.18,17,110.0,88.0,2026-09-24
MASON,SM,24-Sep-2026,111.0,111.5,111.5,110.0,110.0,1500,1.67,3,1500.0,100.0,2026-09-24
MASPTOP50,EQ,24-Sep-2026,97.56,99.99,107.31,93.01,96.78,3529466,3554.0,27623,946698.0,26.82,2026-09-24
MASTEK,EQ,24-Sep-2026,1573.3,1570.0,1579.0,1538.0,1543.6,64792,1007.3,9819,32845.0,50.69,2026-09-24
MASTER,SM,24-Sep-2026,400.0,392.0,395.1,392.0,395.05,1500,5.91,3,1500.0,100.0,2026-09-24
MASTERTR,EQ,24-Sep-2026,88.14,87.7,87.72,84.35,85.21,134087,115.18,1328,59642.0,44.48,2026-09-24
MATRIMONY,EQ,24-Sep-2026,544.95,535.0,541.3,525.0,538.55,7656,41.07,412,4970.0,64.92,2026-09-24
MAWANASUG,EQ,24-Sep-2026,133.07,133.07,135.38,130.0,130.7,138444,183.1,2233,68608.0,49.56,2026-09-24
MAXESTATES,EQ,24-Sep-2026,603.2,620.35,652.8,605.3,616.8,1371303,8688.6,59524,274576.0,20.02,2026-09-24
MAXHEALTH,EQ,24-Sep-2026,1059.9,1035.0,1055.8,1029.0,1046.0,2505137,26169.52,48388,1243500.0,49.64,2026-09-24
MAXIND,EQ,24-Sep-2026,149.82,151.0,151.0,148.02,149.22,18417,27.5,685,11431.0,62.07,2026-09-24
MAXVOLT,SM,24-Sep-2026,411.85,429.0,432.4,418.0,432.4,134000,577.26,260,88800.0,66.27,2026-09-24
MAYASHEEL,SM,24-Sep-2026,34.5,35.0,35.0,33.3,33.35,18000,6.14,6,18000.0,100.0,2026-09-24
MAYURUNIQ,EQ,24-Sep-2026,722.9,722.9,738.15,718.0,733.1,71013,518.25,4258,40225.0,56.64,2026-09-24
MAZDA,BE,24-Sep-2026,254.85,262.8,267.55,261.0,267.55,15619,41.66,150,,,2026-09-24
MAZDOCK,EQ,24-Sep-2026,2211.5,2205.0,2221.8,2189.2,2202.0,463672,10212.96,26398,148385.0,32.0,2026-09-24
MBAPL,EQ,24-Sep-2026,167.51,169.0,169.0,162.91,164.07,459173,757.8,5092,233513.0,50.86,2026-09-24
MBECL,BE,24-Sep-2026,438.69,447.46,447.46,447.46,447.46,4906,21.95,76,,,2026-09-24
MBEL,EQ,24-Sep-2026,261.0,259.9,270.4,256.0,263.95,109451,288.61,6321,46792.0,42.75,2026-09-24
MBLINFRA,EQ,24-Sep-2026,21.72,22.3,22.3,20.64,20.9,91520,19.39,308,65460.0,71.53,2026-09-24
MCCHRLS-B,EQ,24-Sep-2026,657.1,679.8,679.8,645.0,677.85,297,1.98,51,180.0,60.61,2026-09-24
MCL,EQ,24-Sep-2026,60.75,61.0,63.0,60.0,61.61,143738,88.41,2016,86330.0,60.06,2026-09-24
MCLEODRUSS,EQ,24-Sep-2026,47.2,46.1,47.8,44.84,44.84,445980,203.8,1918,291536.0,65.37,2026-09-24
MCLOUD,EQ,24-Sep-2026,25.41,25.3,25.3,24.56,24.9,710919,178.09,2623,382503.0,53.8,2026-09-24
MCON,SM,24-Sep-2026,41.0,41.0,41.0,41.0,41.0,1000,0.41,1,1000.0,100.0,2026-09-24
MCX,EQ,24-Sep-2026,3374.0,3365.0,3477.0,3351.1,3427.7,4133428,141768.44,167893,1323930.0,32.03,2026-09-24
MDL,SM,24-Sep-2026,60.0,69.95,69.95,64.95,64.95,2000,1.35,2,2000.0,100.0,2026-09-24
MEDANTA,EQ,24-Sep-2026,1496.1,1490.0,1513.0,1479.1,1506.2,171482,2573.75,12148,96819.0,56.46,2026-09-24
MEDIASSIST,EQ,24-Sep-2026,334.6,330.0,332.65,318.1,320.3,424095,1379.64,15609,251720.0,59.35,2026-09-24
MEDICAMEQ,BE,24-Sep-2026,319.95,320.0,326.75,304.0,306.5,16732,52.37,323,,,2026-09-24
MEDICAPQ,BE,24-Sep-2026,25.09,25.05,25.09,24.39,24.99,460,0.11,10,,,2026-09-24
MEDICO,EQ,24-Sep-2026,32.65,32.9,33.25,32.2,32.5,133117,43.32,1313,93083.0,69.93,2026-09-24
MEDIORG,SM,24-Sep-2026,23.0,24.15,24.15,24.15,24.15,10000,2.42,3,10000.0,100.0,2026-09-24
MEDISTEP,SM,24-Sep-2026,18.3,18.45,19.0,18.45,19.0,12000,2.25,4,6000.0,50.0,2026-09-24
MEDPLUS,EQ,24-Sep-2026,662.0,661.75,661.75,653.0,654.25,52368,343.15,5271,34637.0,66.14,2026-09-24
MEESHO,EQ,24-Sep-2026,236.37,235.01,239.66,232.0,232.84,13461160,31699.1,95313,4153822.0,30.86,2026-09-24
MEGASTAR,EQ,24-Sep-2026,277.6,277.5,277.5,254.55,260.9,8559,22.58,405,5426.0,63.4,2026-09-24
MEGATHERM,SM,24-Sep-2026,263.05,263.05,269.25,249.0,251.6,13200,33.98,31,9600.0,72.73,2026-09-24
MEIL,EQ,24-Sep-2026,274.25,270.45,275.0,269.0,272.7,27992,76.32,1516,17489.0,62.48,2026-09-24
MENNPIS,BE,24-Sep-2026,73.99,73.69,74.1,72.5,72.88,15961,11.69,134,,,2026-09-24
MENONBE,BE,24-Sep-2026,301.25,303.0,305.0,288.1,293.25,41494,123.07,683,,,2026-09-24
MEP,BZ,24-Sep-2026,0.64,0.65,0.65,0.63,0.65,5070,0.03,20,,,2026-09-24
MERCANTILE,EQ,24-Sep-2026,22.01,22.98,22.98,21.95,22.59,1336,0.3,35,1161.0,86.9,2026-09-24
MERCURYEV,EQ,24-Sep-2026,38.72,38.24,39.13,37.82,38.87,345992,133.46,2142,165226.0,47.75,2026-09-24
METAL,EQ,24-Sep-2026,13.4,13.57,13.57,13.15,13.18,1750256,231.73,4653,1144291.0,65.38,2026-09-24
METALIC,ST,24-Sep-2026,163.55,171.7,171.7,171.7,171.7,32000,54.94,13,32000.0,100.0,2026-09-24
METALIETF,EQ,24-Sep-2026,13.34,13.67,13.67,13.1,13.11,4539278,599.46,9059,2633840.0,58.02,2026-09-24
METROBRAND,EQ,24-Sep-2026,911.1,911.1,911.15,878.0,884.55,63891,569.85,10519,38328.0,59.99,2026-09-24
METROGLOBL,EQ,24-Sep-2026,130.38,128.4,128.4,128.4,128.4,200,0.26,12,200.0,100.0,2026-09-24
METROPOLIS,EQ,24-Sep-2026,585.5,583.95,589.9,578.45,582.95,143495,836.4,11618,80345.0,55.99,2026-09-24
MFML,EQ,24-Sep-2026,18.22,18.84,19.48,17.05,19.16,21958,4.11,234,15213.0,69.28,2026-09-24
MFSL,EQ,24-Sep-2026,1562.9,1406.7,1429.8,1360.1,1410.0,11421840,159247.85,284662,5752789.0,50.37,2026-09-24
MGEL,EQ,24-Sep-2026,15.49,15.7,15.9,15.3,15.63,3566425,553.05,1214,3434328.0,96.3,2026-09-24
MGL,EQ,24-Sep-2026,1092.8,1083.7,1092.0,1077.4,1079.6,51860,562.31,6783,29478.0,56.84,2026-09-24
MGSL,SM,24-Sep-2026,69.45,68.0,70.7,66.0,66.65,15600,10.64,13,10800.0,69.23,2026-09-24
MHLXMIRU,BE,24-Sep-2026,156.97,156.45,164.81,150.0,162.68,16516,26.25,175,,,2026-09-24
MHRIL,EQ,24-Sep-2026,201.39,201.39,201.99,198.0,199.71,54816,109.53,2820,38459.0,70.16,2026-09-24
MICEL,BE,24-Sep-2026,34.71,35.4,35.4,35.4,35.4,53721,19.02,88,,,2026-09-24
MICROPRO,SM,24-Sep-2026,17.45,17.1,18.25,17.1,18.25,3200,0.57,2,1600.0,50.0,2026-09-24
MID150,EQ,24-Sep-2026,23.33,23.47,23.47,22.82,22.9,102632,23.63,403,75622.0,73.68,2026-09-24
MID150BEES,EQ,24-Sep-2026,237.36,236.9,236.9,232.42,233.02,856091,2004.77,15511,625883.0,73.11,2026-09-24
MID150CASE,EQ,24-Sep-2026,11.56,11.6,11.66,11.3,11.33,2268030,258.26,4581,1438410.0,63.42,2026-09-24
MIDBANKADD,EQ,24-Sep-2026,17.25,17.0,17.0,16.84,16.86,253272,42.82,123,214236.0,84.59,2026-09-24
MIDCAP,EQ,24-Sep-2026,18.31,18.21,18.5,17.89,17.93,602076,108.44,1695,409059.0,67.94,2026-09-24
MIDCAPADD,EQ,24-Sep-2026,22.86,22.86,22.86,22.52,22.59,32287,7.3,150,21631.0,67.0,2026-09-24
MIDCAPBETA,EQ,24-Sep-2026,230.8,229.65,235.08,227.17,232.81,2128,4.87,44,1905.0,89.52,2026-09-24
MIDCAPETF,EQ,24-Sep-2026,23.43,23.42,23.42,22.98,23.0,4666905,1080.54,10639,3655836.0,78.34,2026-09-24
MIDCAPIETF,EQ,24-Sep-2026,23.74,23.49,23.71,23.29,23.35,891504,208.77,2824,459817.0,51.58,2026-09-24
MIDHANI,EQ,24-Sep-2026,416.2,415.0,415.7,403.7,406.9,437136,1788.37,13802,191296.0,43.76,2026-09-24
MIDQ50ADD,EQ,24-Sep-2026,24.28,24.39,24.41,24.09,24.22,28869,7.01,175,17734.0,61.43,2026-09-24
MIDSELIETF,EQ,24-Sep-2026,19.79,19.7,19.99,19.11,19.19,672031,129.72,1552,603437.0,89.79,2026-09-24
MIDSMALL,EQ,24-Sep-2026,51.56,51.31,51.53,50.9,50.98,719033,368.52,1196,551054.0,76.64,2026-09-24
MIDWESTLTD,EQ,24-Sep-2026,993.4,1004.7,1004.7,931.2,942.6,57422,549.93,4519,39104.0,68.1,2026-09-24
MIEL,SM,24-Sep-2026,12.3,12.65,12.9,12.65,12.9,6000,0.77,3,4000.0,66.67,2026-09-24
MIIL,EQ,24-Sep-2026,698.1,699.0,706.85,694.1,703.9,47887,336.01,1166,22486.0,46.96,2026-09-24
MILKYMIST,EQ,24-Sep-2026,317.25,323.0,333.11,305.1,309.16,9525794,30869.94,95751,3258131.0,34.2,2026-09-24
MILTON,SM,24-Sep-2026,36.2,37.0,38.0,34.4,34.4,8800,3.22,3,6600.0,75.0,2026-09-24
MINALIND,BE,24-Sep-2026,4.86,4.77,4.77,4.77,4.77,3261,0.16,19,,,2026-09-24
MINDACORP,EQ,24-Sep-2026,689.05,683.9,687.9,675.05,680.3,91801,626.58,10400,52399.0,57.08,2026-09-24
MINDSPACE,RR,24-Sep-2026,502.25,503.9,506.98,500.22,504.59,291548,1472.07,4377,273061.0,93.66,2026-09-24
MINDTECK,EQ,24-Sep-2026,159.65,159.65,159.99,154.95,155.37,17903,28.06,746,10422.0,58.21,2026-09-24
MIRZAINT,EQ,24-Sep-2026,29.35,29.05,29.69,28.8,28.9,124507,36.26,1145,85083.0,68.34,2026-09-24
MITCON,EQ,24-Sep-2026,82.62,88.5,91.98,84.17,89.25,106676,94.56,1092,46158.0,43.27,2026-09-24
MITTAL,EQ,24-Sep-2026,0.74,0.75,0.75,0.74,0.74,653559,4.88,290,483093.0,73.92,2026-09-24
MKEXIM,EQ,24-Sep-2026,68.13,68.9,68.9,67.5,68.64,20858,14.19,207,19113.0,91.63,2026-09-24
MKPL,EQ,24-Sep-2026,4.04,4.04,4.07,4.0,4.01,45022,1.81,216,36912.0,81.99,2026-09-24
MLKFOOD,EQ,24-Sep-2026,82.88,83.29,84.0,80.54,83.12,5173,4.29,99,4673.0,90.33,2026-09-24
MMEL,SM,24-Sep-2026,29.35,29.35,29.8,29.35,29.8,6000,1.78,3,6000.0,100.0,2026-09-24
MMFL,EQ,24-Sep-2026,614.65,610.8,623.2,609.1,612.75,36723,225.79,3206,16577.0,45.14,2026-09-24
MMP,EQ,24-Sep-2026,464.8,465.0,470.4,446.0,453.95,55173,250.85,2927,26031.0,47.18,2026-09-24
MMTC,EQ,24-Sep-2026,60.47,60.54,60.6,57.45,57.97,2102337,1234.74,11334,1040374.0,49.49,2026-09-24
MMWL,EQ,24-Sep-2026,13.7,13.7,14.38,13.35,14.38,82026,11.66,195,77230.0,94.15,2026-09-24
MNC,EQ,24-Sep-2026,32.49,32.48,32.53,32.22,32.27,24812,8.02,391,19084.0,76.91,2026-09-24
MOALPHA50,EQ,24-Sep-2026,55.69,55.69,56.49,54.57,55.01,7125,3.93,131,4460.0,62.6,2026-09-24
MOBANK10,EQ,24-Sep-2026,16.7,16.28,16.7,16.25,16.35,30346,4.99,126,16007.0,52.75,2026-09-24
MOBIKWIK,EQ,24-Sep-2026,202.93,202.0,206.6,198.26,203.8,1821686,3704.97,21676,589988.0,32.39,2026-09-24
MOCAPITAL,EQ,24-Sep-2026,53.88,53.98,54.0,52.88,53.18,791936,423.76,3468,469849.0,59.33,2026-09-24
MODEFENCE,EQ,24-Sep-2026,103.76,103.5,105.0,102.6,102.77,1300097,1343.61,6721,907661.0,69.81,2026-09-24
MODINATUR,EQ,24-Sep-2026,352.65,356.2,359.0,331.3,338.5,8750,30.05,422,5720.0,65.37,2026-09-24
MODIRUBBER,EQ,24-Sep-2026,121.51,121.51,122.8,119.1,119.99,2354,2.83,58,2162.0,91.84,2026-09-24
MODIS,EQ,24-Sep-2026,356.35,356.05,368.0,355.55,363.2,40714,147.7,1383,19738.0,48.48,2026-09-24
MODISONLTD,BE,24-Sep-2026,472.8,477.0,477.0,455.2,457.35,73843,341.77,1049,,,2026-09-24
MODTHREAD,EQ,24-Sep-2026,45.92,47.0,47.98,46.21,47.24,5968,2.81,59,5559.0,93.15,2026-09-24
MOENERGY,EQ,24-Sep-2026,38.02,38.03,38.03,37.16,37.5,155453,58.35,767,93107.0,59.89,2026-09-24
MOGOLD,EQ,24-Sep-2026,149.1,148.85,148.85,147.3,147.6,13760,20.4,397,6589.0,47.89,2026-09-24
MOGSEC,EQ,24-Sep-2026,65.44,65.3,65.4,64.51,64.72,3023,1.96,698,2113.0,69.9,2026-09-24
MOHEALTH,EQ,24-Sep-2026,52.8,53.5,53.5,52.23,52.55,73646,38.77,545,47207.0,64.1,2026-09-24
MOHITE,EQ,24-Sep-2026,2.45,2.42,2.51,2.36,2.41,88251,2.13,122,64336.0,72.9,2026-09-24
MOHITIND,EQ,24-Sep-2026,23.5,23.9,23.9,23.21,23.67,6977,1.65,84,6293.0,90.2,2026-09-24
MOIL,EQ,24-Sep-2026,248.7,246.0,250.9,243.75,245.38,423535,1046.11,12252,177411.0,41.89,2026-09-24
MOINFRA,EQ,24-Sep-2026,58.32,58.14,58.2,57.47,58.0,1408,0.81,75,964.0,68.47,2026-09-24
MOIPO,EQ,24-Sep-2026,48.97,48.74,48.76,47.37,47.62,14716,7.04,80,5215.0,35.44,2026-09-24
MOKSH,EQ,24-Sep-2026,10.13,10.06,10.18,9.9,9.92,52068,5.2,244,43619.0,83.77,2026-09-24
MOL,EQ,24-Sep-2026,61.63,61.3,61.31,58.9,59.56,643537,385.78,4851,320948.0,49.87,2026-09-24
MOLBIO,EQ,24-Sep-2026,1313.2,1304.2,1321.6,1230.0,1246.2,727312,9289.98,31581,170285.0,23.41,2026-09-24
MOLDTECH,BE,24-Sep-2026,199.88,204.9,205.0,195.2,199.2,32494,65.22,328,,,2026-09-24
MOLDTKPAC,EQ,24-Sep-2026,679.95,681.0,686.0,668.1,672.95,41100,278.06,3409,18696.0,45.49,2026-09-24
MOLOWVOL,EQ,24-Sep-2026,35.25,35.35,35.35,34.89,35.13,5203,1.83,42,5025.0,96.58,2026-09-24
MOM100,EQ,24-Sep-2026,67.29,68.97,68.97,65.5,65.89,395664,262.16,3889,260287.0,65.78,2026-09-24
MOM30IETF,EQ,24-Sep-2026,31.12,31.02,31.19,30.75,30.8,406652,125.7,1831,272187.0,66.93,2026-09-24
MOM50,EQ,24-Sep-2026,244.51,245.0,245.0,240.77,242.03,3609,8.77,144,3108.0,86.12,2026-09-24
MOMENTUM,EQ,24-Sep-2026,30.94,30.94,30.96,30.5,30.67,33664,10.37,187,26313.0,78.16,2026-09-24
MOMENTUM30,EQ,24-Sep-2026,30.53,31.14,31.14,30.07,30.26,11940,3.63,151,7765.0,65.03,2026-09-24
MOMENTUM50,EQ,24-Sep-2026,54.0,54.0,54.0,53.26,53.46,354763,190.57,12891,171587.0,48.37,2026-09-24
MOMETAL,EQ,24-Sep-2026,13.36,13.34,14.55,13.07,13.95,15247,2.01,54,12178.0,79.87,2026-09-24
MOMGF,EQ,24-Sep-2026,159.93,160.8,160.85,158.14,159.4,310,0.49,31,305.0,98.39,2026-09-24
MOMIDMTM,EQ,24-Sep-2026,64.22,64.25,64.25,63.04,63.67,55321,35.22,303,36154.0,65.35,2026-09-24
MOMMIDCAP,EQ,24-Sep-2026,12.98,12.98,12.98,12.76,12.79,2176041,279.22,688,2051578.0,94.28,2026-09-24
MOMNC,EQ,24-Sep-2026,31.61,31.0,31.61,31.0,31.05,1346,0.42,31,879.0,65.3,2026-09-24
MOMOMENTUM,EQ,24-Sep-2026,61.77,61.52,61.9,60.9,61.13,105178,64.73,416,79875.0,75.94,2026-09-24
MOMSBELIEF,EQ,24-Sep-2026,227.7,224.0,234.98,221.0,222.44,114208,260.74,2580,43694.0,38.26,2026-09-24
MON100,EQ,24-Sep-2026,327.37,328.0,328.39,320.0,322.8,729468,2358.29,20788,408620.0,56.02,2026-09-24
MON50EQUAL,EQ,24-Sep-2026,33.9,33.05,33.7,32.05,32.28,322366,104.02,386,318707.0,98.86,2026-09-24
MONARCH,EQ,24-Sep-2026,363.45,358.35,369.9,358.35,365.6,55606,203.64,1270,39556.0,71.14,2026-09-24
MONEXT50,EQ,24-Sep-2026,72.69,74.14,74.14,71.34,71.55,23374,16.83,112,23062.0,98.67,2026-09-24
MONEYBOXX,EQ,24-Sep-2026,54.96,54.96,55.84,52.31,53.9,35634,19.05,233,26766.0,75.11,2026-09-24
MONIFTY100,EQ,24-Sep-2026,24.67,24.67,24.67,24.4,24.45,20188,4.95,87,14638.0,72.51,2026-09-24
MONIFTY500,EQ,24-Sep-2026,23.52,24.1,24.1,23.04,23.18,891865,207.34,2343,607345.0,68.1,2026-09-24
MONOLITH,SM,24-Sep-2026,1208.2,1200.0,1227.9,1160.1,1179.55,62750,748.33,219,36000.0,57.37,2026-09-24
MONQ50,EQ,24-Sep-2026,202.92,182.63,241.52,164.01,209.44,5727244,12024.78,89662,1043491.0,18.22,2026-09-24
MONTECARLO,EQ,24-Sep-2026,527.6,528.8,528.8,515.15,516.5,61524,320.02,2152,38640.0,62.8,2026-09-24
MOOILGAS,EQ,24-Sep-2026,11.06,11.17,11.17,10.87,10.89,34446,3.77,88,34444.0,99.99,2026-09-24
MOPSE,EQ,24-Sep-2026,98.42,98.0,98.18,97.56,97.57,1016,1.0,17,1015.0,99.9,2026-09-24
MOQUALITY,EQ,24-Sep-2026,195.28,194.0,194.26,192.5,193.41,1308,2.53,36,1115.0,85.24,2026-09-24
MOREALTY,EQ,24-Sep-2026,87.24,87.14,88.06,86.21,86.57,376495,328.1,1750,202975.0,53.91,2026-09-24
MOREPENLAB,EQ,24-Sep-2026,122.35,121.94,122.57,115.56,116.6,9209711,10933.73,37844,3952776.0,42.92,2026-09-24
MOS,SM,24-Sep-2026,7.3,7.35,7.65,7.35,7.65,328000,24.96,57,252000.0,76.83,2026-09-24
MOSCHIP,EQ,24-Sep-2026,207.32,204.9,206.28,202.05,203.24,855867,1748.44,13779,410356.0,47.95,2026-09-24
MOSERVICE,EQ,24-Sep-2026,30.38,29.82,30.01,29.65,29.72,7848,2.33,112,6940.0,88.43,2026-09-24
MOSILVER,EQ,24-Sep-2026,227.74,224.99,225.75,223.15,223.45,29471,66.03,602,8587.0,29.14,2026-09-24
MOSMALL250,EQ,24-Sep-2026,18.48,18.38,18.48,18.2,18.25,2054119,376.73,2858,1618934.0,78.81,2026-09-24
MOTHERSON,EQ,24-Sep-2026,164.4,163.75,164.8,162.5,162.5,22050862,36194.69,41215,15071278.0,68.35,2026-09-24
MOTILALOFS,EQ,24-Sep-2026,1042.5,1039.1,1044.9,1014.0,1022.0,869276,8951.33,29687,366822.0,42.2,2026-09-24
MOTISONS,EQ,24-Sep-2026,18.89,18.89,19.78,18.6,18.79,150224923,28724.0,268394,31370924.0,20.88,2026-09-24
MOTOGENFIN,EQ,24-Sep-2026,26.09,26.0,26.39,25.65,25.7,13416,3.47,54,12318.0,91.82,2026-09-24
MOTOUR,EQ,24-Sep-2026,78.33,77.91,78.25,77.04,77.14,11220,8.7,170,7551.0,67.3,2026-09-24
MOVALUE,EQ,24-Sep-2026,111.73,112.28,112.28,110.41,110.69,61307,68.11,851,44718.0,72.94,2026-09-24
MOXSH,SM,24-Sep-2026,94.0,90.15,95.0,90.15,95.0,3200,2.96,2,1600.0,50.0,2026-09-24
MPDL,BE,24-Sep-2026,28.51,27.11,28.05,27.11,28.05,264,0.07,3,,,2026-09-24
MPEL,SM,24-Sep-2026,23.1,24.25,24.25,23.25,24.25,30400,7.35,18,27200.0,89.47,2026-09-24
MPHASIS,EQ,24-Sep-2026,2259.0,2230.0,2277.0,2230.0,2248.2,151071,3413.58,15046,63148.0,41.8,2026-09-24
MPIMANIPAL,EQ,24-Sep-2026,372.6,364.0,375.8,357.1,359.95,1210487,4434.21,34757,350168.0,28.93,2026-09-24
MPSLTD,EQ,24-Sep-2026,2691.2,2694.0,2700.1,2610.1,2617.0,8543,225.9,1878,4969.0,58.16,2026-09-24
MRF,EQ,24-Sep-2026,124580.0,124300.0,124480.0,123520.0,123985.0,3125,3876.24,2130,1678.0,53.7,2026-09-24
MRIL,ST,24-Sep-2026,80.85,79.95,83.0,79.95,81.15,16000,12.98,6,16000.0,100.0,2026-09-24
MRPL,EQ,24-Sep-2026,166.32,165.7,166.9,163.61,164.49,2717313,4471.07,22791,850973.0,31.32,2026-09-24
MSCI360,EQ,24-Sep-2026,10.25,10.17,10.19,9.74,9.88,55811,5.49,1033,53717.0,96.25,2026-09-24
MSCIADD,EQ,24-Sep-2026,28.88,28.75,28.75,28.5,28.55,368,0.11,106,224.0,60.87,2026-09-24
MSCIINDIA,EQ,24-Sep-2026,29.29,29.15,29.15,28.63,28.83,8334,2.41,228,7168.0,86.01,2026-09-24
MSPL,EQ,24-Sep-2026,35.57,35.1,35.29,34.6,34.92,413570,144.33,2343,236262.0,57.13,2026-09-24
MSTCLTD,EQ,24-Sep-2026,752.25,742.05,757.95,735.0,738.05,292006,2179.83,11381,164840.0,56.45,2026-09-24
MSUMI,EQ,24-Sep-2026,34.98,34.75,35.35,34.63,34.7,13661765,4767.1,45922,7035989.0,51.5,2026-09-24
MTARTECH,BE,24-Sep-2026,7286.5,7164.5,7260.0,6960.0,7050.0,77908,5551.37,14578,,,2026-09-24
MTEDUCARE,BE,24-Sep-2026,1.66,1.66,1.74,1.58,1.69,53463,0.91,35,,,2026-09-24
MTNL,EQ,24-Sep-2026,24.36,24.3,24.3,23.67,23.81,588746,140.5,2903,259406.0,44.06,2026-09-24
MUFIN,EQ,24-Sep-2026,133.11,132.75,132.97,130.4,131.82,515045,678.59,3527,220522.0,42.82,2026-09-24
MUFTI,EQ,24-Sep-2026,73.2,73.2,73.72,72.0,72.54,29602,21.48,553,19180.0,64.79,2026-09-24
MUKANDLTD,EQ,24-Sep-2026,157.11,157.0,161.4,154.1,155.26,1025053,1614.73,14329,403464.0,39.36,2026-09-24
MUKESHB,EQ,24-Sep-2026,132.98,126.5,127.0,126.5,127.0,40,0.05,3,20.0,50.0,2026-09-24
MUKKA,BE,24-Sep-2026,27.1,26.7,27.65,26.11,27.04,202056,54.71,915,,,2026-09-24
MUKTAARTS,BE,24-Sep-2026,57.89,57.89,57.89,57.4,57.4,17,0.01,2,,,2026-09-24
MULTICAP,EQ,24-Sep-2026,16.53,16.86,16.86,16.29,16.31,598600,98.34,670,438712.0,73.29,2026-09-24
MUNISH,SM,24-Sep-2026,94.95,94.95,94.95,89.7,89.95,21600,19.72,17,16800.0,77.78,2026-09-24
MUNJALAU,EQ,24-Sep-2026,107.27,106.45,106.99,104.32,105.34,237491,250.38,7929,74596.0,31.41,2026-09-24
MUNJALSHOW,EQ,24-Sep-2026,133.44,132.5,132.9,128.3,128.9,39135,51.03,540,30934.0,79.04,2026-09-24
MURUDCERA,EQ,24-Sep-2026,29.06,29.9,29.9,28.5,28.57,8117,2.33,161,7378.0,90.9,2026-09-24
MUTHOOTCAP,EQ,24-Sep-2026,227.71,228.37,233.49,225.0,231.03,12323,28.25,483,6977.0,56.62,2026-09-24
MUTHOOTFIN,EQ,24-Sep-2026,2856.5,2825.0,2855.0,2808.1,2825.3,460320,13027.06,58890,236673.0,51.41,2026-09-24
MUTHOOTMF,EQ,24-Sep-2026,189.19,189.0,189.0,182.5,183.4,137330,253.84,3487,82353.0,59.97,2026-09-24
MVELECTRO,EQ,24-Sep-2026,871.6,867.0,867.0,811.55,818.5,903917,7562.62,22312,248978.0,27.54,2026-09-24
MVGJL,EQ,24-Sep-2026,221.29,219.46,220.55,213.36,214.8,228762,495.88,4665,120030.0,52.47,2026-09-24
MVKAGRO,SM,24-Sep-2026,209.5,199.05,219.95,199.05,219.95,195600,406.36,163,133800.0,68.4,2026-09-24
MWL,EQ,24-Sep-2026,44.63,44.6,44.86,43.5,43.86,391087,172.33,2695,224400.0,57.38,2026-09-24
MYSORPETRO,BE,24-Sep-2026,129.89,131.49,131.49,125.25,127.2,435,0.56,15,,,2026-09-24
NACLIND,EQ,24-Sep-2026,139.23,139.0,143.2,137.5,139.33,488457,684.23,9955,213937.0,43.8,2026-09-24
NAGREEKCAP,EQ,24-Sep-2026,30.2,29.8,30.0,28.21,29.55,25722,7.53,402,16851.0,65.51,2026-09-24
NAGREEKEXP,EQ,24-Sep-2026,24.21,25.35,27.0,23.9,24.02,381260,97.32,1555,207614.0,54.45,2026-09-24
NAHARCAP,EQ,24-Sep-2026,252.3,253.55,253.55,242.55,248.0,10097,25.22,70,7880.0,78.04,2026-09-24
NAHARINDUS,EQ,24-Sep-2026,131.86,130.09,132.1,128.1,128.71,17158,22.22,331,13668.0,79.66,2026-09-24
NAHARPOLY,EQ,24-Sep-2026,228.81,231.0,235.35,225.0,226.47,5141,11.73,291,3447.0,67.05,2026-09-24
NAHARSPING,EQ,24-Sep-2026,277.45,282.0,283.8,267.8,270.6,21449,58.46,584,14391.0,67.09,2026-09-24
NAM-INDIA,EQ,24-Sep-2026,1165.0,1159.0,1170.6,1130.9,1144.9,985413,11321.56,33111,647672.0,65.73,2026-09-24
NAMAN,SM,24-Sep-2026,44.1,44.5,46.3,44.5,46.3,72000,33.31,25,69600.0,96.67,2026-09-24
NAMOEWASTE,SM,24-Sep-2026,311.75,305.0,305.0,288.8,295.25,68800,205.32,86,44800.0,65.12,2026-09-24
NARMADA,EQ,24-Sep-2026,13.34,13.25,13.45,13.06,13.24,582800,76.79,483,366638.0,62.91,2026-09-24
NATCAPSUQ,BE,24-Sep-2026,172.67,174.73,174.73,167.0,168.9,4726,8.04,63,,,2026-09-24
NATCOPHARM,EQ,24-Sep-2026,837.6,835.0,855.0,832.25,842.0,524314,4438.91,28502,206959.0,39.47,2026-09-24
NATHBIOGEN,EQ,24-Sep-2026,148.02,149.5,151.49,148.3,150.21,8860,13.27,389,7248.0,81.81,2026-09-24
NATIONALUM,EQ,24-Sep-2026,363.45,355.95,361.65,354.4,358.4,3247810,11649.69,42838,1396720.0,43.0,2026-09-24
NATIONSTD,EQ,24-Sep-2026,113.38,116.0,116.0,109.57,115.11,20720,23.52,572,14300.0,69.02,2026-09-24
NAUKRI,EQ,24-Sep-2026,1297.0,1232.0,1257.6,1202.3,1224.0,3155710,38742.39,116226,1605785.0,50.89,2026-09-24
NAVA,EQ,24-Sep-2026,553.65,547.05,561.0,546.55,557.0,276326,1532.7,15629,126880.0,45.92,2026-09-24
NAVINFLUOR,EQ,24-Sep-2026,8457.5,8400.0,8559.5,8400.0,8461.0,58189,4929.12,13946,30357.0,52.17,2026-09-24
NAVKARCORP,EQ,24-Sep-2026,87.94,87.95,88.94,86.93,87.82,434942,383.03,5707,218879.0,50.32,2026-09-24
NAVKARURB,EQ,24-Sep-2026,0.93,0.94,0.94,0.91,0.91,461734,4.22,231,335794.0,72.72,2026-09-24
NAVNETEDUL,EQ,24-Sep-2026,123.75,123.5,124.71,121.91,123.4,137001,168.95,1418,96400.0,70.36,2026-09-24
NAZARA,EQ,24-Sep-2026,372.7,367.0,380.0,367.0,374.55,1869672,7024.16,27375,817413.0,43.72,2026-09-24
NBCC,EQ,24-Sep-2026,83.99,83.3,83.68,81.83,82.34,4925562,4077.98,27966,2143227.0,43.51,2026-09-24
NBIFIN,EQ,24-Sep-2026,1948.9,1959.3,1959.3,1920.1,1923.7,166,3.2,69,80.0,48.19,2026-09-24
NCC,EQ,24-Sep-2026,136.05,135.1,135.89,133.0,133.42,1311315,1756.68,16896,767994.0,58.57,2026-09-24
NCLIND,EQ,24-Sep-2026,176.22,176.96,178.0,171.9,176.07,22175,39.06,750,13126.0,59.19,2026-09-24
NDGL,EQ,24-Sep-2026,2579.0,2639.9,2645.0,2572.0,2576.0,100,2.63,22,89.0,89.0,2026-09-24
NDL,EQ,24-Sep-2026,2.76,2.77,2.8,2.68,2.69,1208977,33.02,1192,947828.0,78.4,2026-09-24
NDLVENTURE,EQ,24-Sep-2026,124.06,124.06,124.06,121.16,122.25,1217,1.49,64,1094.0,89.89,2026-09-24
NDRAUTO,EQ,24-Sep-2026,763.15,752.5,780.0,748.5,754.2,35359,271.62,1762,17327.0,49.0,2026-09-24
NDTV,EQ,24-Sep-2026,71.11,71.96,72.08,69.12,69.93,65162,45.88,1441,41285.0,63.36,2026-09-24
NECCLTD,BE,24-Sep-2026,19.54,19.31,19.59,18.61,19.39,65054,12.43,164,,,2026-09-24
NECLIFE,EQ,24-Sep-2026,11.06,11.18,11.18,10.85,10.88,94617,10.4,423,66031.0,69.79,2026-09-24
NELCAST,EQ,24-Sep-2026,106.98,105.39,110.75,105.39,108.89,67799,73.32,1417,33050.0,48.75,2026-09-24
NELCO,EQ,24-Sep-2026,1020.75,1020.0,1030.4,986.5,993.05,180049,1818.6,7596,85744.0,47.62,2026-09-24
NEOCHEM,SM,24-Sep-2026,105.85,101.05,104.95,101.05,104.75,12000,12.38,10,6000.0,50.0,2026-09-24
NEOGEN,EQ,24-Sep-2026,2392.1,2390.2,2411.5,2296.7,2326.1,231587,5451.5,31329,100158.0,43.25,2026-09-24
NEPHROCARE,SM,24-Sep-2026,98.45,98.4,101.0,92.65,96.45,41600,40.34,85,21600.0,51.92,2026-09-24
NEPHROPLUS,EQ,24-Sep-2026,741.9,718.4,718.4,701.0,709.5,9381845,66378.18,65879,5762926.0,61.43,2026-09-24
NEPTUNE,SM,24-Sep-2026,184.9,185.0,185.0,183.1,183.1,2000,3.68,4,1500.0,75.0,2026-09-24
NESCO,EQ,24-Sep-2026,1078.5,1062.0,1088.2,1062.0,1073.5,23461,252.94,3900,11813.0,50.35,2026-09-24
NESTLEIND,EQ,24-Sep-2026,1387.2,1355.7,1386.0,1350.2,1351.0,800885,10908.6,38759,533379.0,66.6,2026-09-24
NETF,EQ,24-Sep-2026,255.17,248.79,255.99,248.79,255.1,3310,8.41,153,2343.0,70.79,2026-09-24
NETWEB,EQ,24-Sep-2026,4736.0,4685.0,4719.5,4633.0,4661.5,501756,23483.88,40765,121670.0,24.25,2026-09-24
NETWORK18,EQ,24-Sep-2026,27.14,26.9,27.29,26.62,26.97,2143083,577.85,5510,885175.0,41.3,2026-09-24
NEUEON,BE,24-Sep-2026,13.06,13.71,13.71,13.71,13.71,4288,0.59,12,,,2026-09-24
NEULANDLAB,EQ,24-Sep-2026,22490.0,22450.0,22595.0,21800.0,21905.0,81922,18101.05,22180,54041.0,65.97,2026-09-24
NEWGEN,EQ,24-Sep-2026,504.15,498.1,505.1,490.05,493.6,338272,1683.74,13123,111658.0,33.01,2026-09-24
NEWJAISA,ST,24-Sep-2026,17.15,16.4,17.6,16.35,17.45,40500,6.78,13,37500.0,92.59,2026-09-24
NEXT30ADD,EQ,24-Sep-2026,42.25,42.13,42.18,41.74,41.85,2175,0.91,106,1406.0,64.64,2026-09-24
NEXT50,EQ,24-Sep-2026,748.46,742.72,746.08,737.76,738.93,30769,228.09,2903,18948.0,61.58,2026-09-24
NEXT50ADD,EQ,24-Sep-2026,72.88,72.48,72.62,71.85,71.86,2314,1.67,44,1194.0,51.6,2026-09-24
NEXT50BETA,EQ,24-Sep-2026,78.1,78.0,78.06,77.01,77.47,135563,105.1,624,81323.0,59.99,2026-09-24
NEXT50ETF,EQ,24-Sep-2026,73.2,73.56,73.56,72.11,72.12,20324,14.73,248,20178.0,99.28,2026-09-24
NEXT50IETF,EQ,24-Sep-2026,76.47,76.48,76.48,75.5,75.59,706871,535.84,6413,423224.0,59.87,2026-09-24
NEXTMEDIA,EQ,24-Sep-2026,3.79,3.79,3.79,3.61,3.62,45315,1.66,81,35404.0,78.13,2026-09-24
NFL,EQ,24-Sep-2026,67.84,67.4,67.4,66.52,66.72,317524,212.42,2400,166610.0,52.47,2026-09-24
NFPSAMPOOR,SM,24-Sep-2026,22.75,22.95,22.95,22.5,22.5,8000,1.81,4,8000.0,100.0,2026-09-24
NGIL,EQ,24-Sep-2026,39.78,40.17,40.5,39.0,39.33,1694,0.67,32,1627.0,96.04,2026-09-24
NGLFINE,EQ,24-Sep-2026,2830.4,2801.0,2965.0,2760.1,2894.9,24655,715.03,3779,8579.0,34.8,2026-09-24
NH,EQ,24-Sep-2026,1919.3,1908.9,1909.9,1870.0,1877.7,68468,1294.9,11316,36822.0,53.78,2026-09-24
NHPC,EQ,24-Sep-2026,76.74,76.17,76.77,75.77,76.25,8150246,6217.92,34289,4370709.0,53.63,2026-09-24
NIACL,EQ,24-Sep-2026,191.16,187.0,188.45,179.5,180.4,4044014,7403.16,41582,1085765.0,26.85,2026-09-24
NIBE,EQ,24-Sep-2026,1346.9,1348.7,1348.7,1290.0,1297.2,47737,624.53,4223,23000.0,48.18,2026-09-24
NIBL,EQ,24-Sep-2026,33.52,33.98,34.2,32.1,32.61,47316,15.67,281,39120.0,82.68,2026-09-24
NICCOPAR,EQ,24-Sep-2026,80.0,77.1,80.89,77.1,80.49,363,0.29,30,233.0,64.19,2026-09-24
NIDAN,SM,24-Sep-2026,13.7,13.5,13.95,12.9,13.15,19000,2.54,15,9000.0,47.37,2026-09-24
NIF100BEES,EQ,24-Sep-2026,261.0,261.0,261.0,256.01,257.89,29815,77.06,761,23023.0,77.22,2026-09-24
NIF100IETF,EQ,24-Sep-2026,27.43,27.35,27.35,27.08,27.15,79317,21.56,1267,42315.0,53.35,2026-09-24
NIF500BETA,EQ,24-Sep-2026,36.78,37.69,37.69,36.24,36.24,5561,2.02,18,5428.0,97.61,2026-09-24
NIFTY1,EQ,24-Sep-2026,260.14,266.64,266.64,256.12,257.16,119958,308.99,1732,90907.0,75.78,2026-09-24
NIFTY100EW,EQ,24-Sep-2026,34.48,34.35,34.42,34.07,34.19,57305,19.61,267,40450.0,70.59,2026-09-24
NIFTYADD,EQ,24-Sep-2026,246.62,245.73,245.83,243.2,243.8,5276,12.89,174,4134.0,78.35,2026-09-24
NIFTYAXIS,EQ,24-Sep-2026,260.08,260.08,261.5,255.84,257.37,17929,46.1,260,16960.0,94.6,2026-09-24
NIFTYBEES,EQ,24-Sep-2026,267.59,274.0,274.0,263.3,263.99,8101315,21430.59,131054,6102575.0,75.33,2026-09-24
NIFTYBETA,EQ,24-Sep-2026,259.97,259.97,259.97,256.22,256.77,234676,603.18,617,230340.0,98.15,2026-09-24
NIFTYBETF,EQ,24-Sep-2026,241.75,241.85,241.85,237.12,238.03,3781,9.03,124,1966.0,52.0,2026-09-24
NIFTYCASE,EQ,24-Sep-2026,9.4,9.63,9.63,9.27,9.31,1329048,123.82,3239,1126828.0,84.78,2026-09-24
NIFTYETF,EQ,24-Sep-2026,255.42,253.94,253.94,251.27,251.57,330384,834.59,1483,288369.0,87.28,2026-09-24
NIFTYIETF,EQ,24-Sep-2026,266.29,266.65,266.65,261.98,262.34,896997,2360.56,12791,660575.0,73.64,2026-09-24
NIFTYJBLK,EQ,24-Sep-2026,12.02,11.71,12.47,11.71,11.84,158750,18.87,818,121983.0,76.84,2026-09-24
NIFTYQLITY,EQ,24-Sep-2026,20.56,20.56,20.59,20.31,20.34,9794,2.0,212,7214.0,73.66,2026-09-24
NIITLTD,EQ,24-Sep-2026,91.67,90.41,91.23,89.17,89.9,115883,104.44,1936,54362.0,46.91,2026-09-24
NIITMTS,EQ,24-Sep-2026,220.27,217.7,221.5,215.0,217.57,85624,185.88,6581,46868.0,54.74,2026-09-24
NIKITA,SM,24-Sep-2026,65.0,67.0,67.95,66.1,66.1,16800,11.28,14,7200.0,42.86,2026-09-24
NILAINFRA,EQ,24-Sep-2026,6.82,7.0,7.39,6.83,7.06,528500,37.86,1200,349222.0,66.08,2026-09-24
NILASPACES,EQ,24-Sep-2026,11.81,11.81,11.81,11.38,11.43,867119,100.24,2022,617097.0,71.17,2026-09-24
NILE,EQ,24-Sep-2026,1436.6,1430.0,1445.9,1360.0,1388.0,6441,90.14,994,4606.0,71.51,2026-09-24
NILKAMAL,EQ,24-Sep-2026,1880.2,1865.0,1918.4,1865.0,1883.7,25578,483.71,3490,15820.0,61.85,2026-09-24
NIMBSPROJ,EQ,24-Sep-2026,194.79,193.96,203.6,187.73,199.44,36190,70.07,600,5389.0,14.89,2026-09-24
NINSYS,EQ,24-Sep-2026,710.3,710.0,714.8,703.95,713.05,1685,11.98,216,1266.0,75.13,2026-09-24
NIPPOBATRY,EQ,24-Sep-2026,329.6,332.9,332.9,323.45,324.55,1010,3.29,95,796.0,78.81,2026-09-24
NIRAJ,EQ,24-Sep-2026,27.99,28.55,29.51,27.8,29.13,58167,16.8,202,37853.0,65.08,2026-09-24
NIRAJISPAT,BE,24-Sep-2026,274.8,273.0,285.6,273.0,278.0,300,0.83,19,,,2026-09-24
NIRLON,EQ,24-Sep-2026,610.05,612.8,615.0,605.0,607.15,6139,37.43,255,5541.0,90.26,2026-09-24
NIRMAN,SM,24-Sep-2026,27.1,27.1,27.25,26.25,26.6,9600,2.57,30,6000.0,62.5,2026-09-24
NITCO,EQ,24-Sep-2026,92.38,91.1,92.38,89.3,90.03,228235,207.43,2548,120656.0,52.86,2026-09-24
NITINSPIN,EQ,24-Sep-2026,617.8,613.0,621.5,599.5,605.55,59443,361.42,3668,33037.0,55.58,2026-09-24
NITIRAJ,EQ,24-Sep-2026,228.34,224.27,228.38,216.02,226.25,1530,3.44,81,810.0,52.94,2026-09-24
NITTAGELA,EQ,24-Sep-2026,1730.2,1729.5,1739.9,1691.2,1699.5,1116,19.04,198,847.0,75.9,2026-09-24
NIVABUPA,EQ,24-Sep-2026,80.23,78.0,78.69,75.97,76.13,1747075,1344.71,31384,981272.0,56.17,2026-09-24
NKIND,EQ,24-Sep-2026,56.78,56.78,60.0,56.78,59.34,297,0.17,15,272.0,91.58,2026-09-24
NLCINDIA,EQ,24-Sep-2026,267.1,267.0,267.05,261.75,263.25,1007201,2655.25,20100,561823.0,55.78,2026-09-24
NMDC,EQ,24-Sep-2026,82.0,81.1,82.09,80.8,80.82,5166455,4203.36,35442,2615120.0,50.62,2026-09-24
NMSTEEL,SM,24-Sep-2026,22.0,23.45,23.45,20.0,21.45,27200,5.81,16,17600.0,64.71,2026-09-24
NOCIL,EQ,24-Sep-2026,206.3,204.91,204.91,187.0,191.4,4920382,9492.87,53847,1458710.0,29.65,2026-09-24
NOIDATOLL,EQ,24-Sep-2026,3.93,3.98,4.01,3.87,3.92,67357,2.67,252,45782.0,67.97,2026-09-24
NORBTEAEXP,EQ,24-Sep-2026,65.55,65.55,68.6,65.55,67.88,989,0.66,27,970.0,98.08,2026-09-24
NORTHARC,EQ,24-Sep-2026,313.8,307.0,309.95,301.5,303.0,825722,2513.3,20532,416439.0,50.43,2026-09-24
NOVAAGRI,EQ,24-Sep-2026,23.11,23.4,23.4,22.85,23.01,45976,10.59,365,28582.0,62.17,2026-09-24
NOVARTIND,EQ,24-Sep-2026,2027.4,2027.4,2034.8,1955.0,1971.4,30262,603.76,3122,13311.0,43.99,2026-09-24
NPBET,EQ,24-Sep-2026,284.0,276.9,280.37,276.9,278.7,1961,5.47,45,1936.0,98.73,2026-09-24
NPST,EQ,24-Sep-2026,1844.7,1835.4,1852.2,1775.0,1782.3,54106,977.51,6262,31029.0,57.35,2026-09-24
NRAIL,EQ,24-Sep-2026,657.9,659.25,674.95,630.15,637.75,13942,91.51,1362,7477.0,53.63,2026-09-24
NRBBEARING,EQ,24-Sep-2026,541.05,538.0,540.6,526.2,528.9,342989,1833.12,15821,142405.0,41.52,2026-09-24
NRL,BE,24-Sep-2026,166.26,167.26,167.26,165.0,165.0,147046,244.86,400,,,2026-09-24
NRVANDANA,SM,24-Sep-2026,71.6,71.7,71.7,71.7,71.7,9000,6.45,1,9000.0,100.0,2026-09-24
NSIL,EQ,24-Sep-2026,5624.0,5575.0,5621.5,5480.0,5502.0,1918,106.43,432,1092.0,56.93,2026-09-24
NSLNISP,EQ,24-Sep-2026,43.95,43.8,44.18,42.43,42.54,3626151,1564.86,18248,1814806.0,50.05,2026-09-24
NTCIND,EQ,24-Sep-2026,141.63,140.0,144.1,137.0,139.02,193,0.27,27,192.0,99.48,2026-09-24
NTPC,EQ,24-Sep-2026,326.0,326.95,327.7,324.4,326.6,7662580,25003.7,86371,4818261.0,62.88,2026-09-24
NTPCGREEN,EQ,24-Sep-2026,95.42,94.6,95.98,93.36,95.43,5272785,5023.07,41775,2643445.0,50.13,2026-09-24
NUCLEUS,EQ,24-Sep-2026,685.0,681.05,687.95,673.2,675.15,9954,67.74,1020,6727.0,67.58,2026-09-24
NURECA,BE,24-Sep-2026,335.6,341.0,346.0,336.0,342.35,8362,28.59,138,,,2026-09-24
NUVAMA,EQ,24-Sep-2026,1688.2,1685.0,1719.9,1671.1,1695.4,256618,4361.17,23565,156457.0,60.97,2026-09-24
NUVOCO,EQ,24-Sep-2026,344.75,342.95,343.4,333.6,335.0,259668,876.29,14434,142495.0,54.88,2026-09-24
NV20,EQ,24-Sep-2026,13.56,13.55,13.55,13.36,13.43,45583,6.12,354,41890.0,91.9,2026-09-24
NV20BEES,EQ,24-Sep-2026,135.55,135.0,135.18,133.73,134.21,31301,42.05,414,23058.0,73.67,2026-09-24
NV20IETF,EQ,24-Sep-2026,13.21,13.2,13.2,13.04,13.09,694370,90.92,2099,417975.0,60.19,2026-09-24
NXST,RR,24-Sep-2026,166.21,166.49,166.9,164.4,166.42,2402560,3993.45,9873,2353927.0,97.98,2026-09-24
NXT-INFRA,IV,24-Sep-2026,99.8,99.8,99.8,97.5,97.5,575000,561.2,4,550000.0,95.65,2026-09-24
NYKAA,EQ,24-Sep-2026,340.85,337.35,343.9,333.05,335.3,3775285,12810.56,37978,1976174.0,52.35,2026-09-24
OAL,EQ,24-Sep-2026,558.35,555.6,555.6,531.0,532.3,26526,143.65,1489,12158.0,45.83,2026-09-24
OBCL,EQ,24-Sep-2026,60.27,60.27,60.49,58.1,59.42,16912,10.17,138,10624.0,62.82,2026-09-24
OBEROIRLTY,EQ,24-Sep-2026,1850.0,1815.0,1874.7,1815.0,1837.5,468799,8697.12,31416,241769.0,51.57,2026-09-24
OBSCP,SM,24-Sep-2026,952.6,955.0,972.0,920.0,931.25,42000,399.43,102,20400.0,48.57,2026-09-24
OCCLLTD,BE,24-Sep-2026,155.17,156.5,160.3,152.4,159.69,59420,94.38,346,,,2026-09-24
ODIGMA,EQ,24-Sep-2026,21.1,21.1,21.11,20.75,20.96,6093,1.27,207,5849.0,96.0,2026-09-24
ODYCORP,EQ,24-Sep-2026,7.13,7.27,7.27,6.9,7.02,11794,0.82,85,10165.0,86.19,2026-09-24
OFSS,EQ,24-Sep-2026,10849.0,10600.0,10995.0,10600.0,10925.0,142508,15533.86,27793,48421.0,33.98,2026-09-24
OIL,EQ,24-Sep-2026,470.0,470.55,479.0,469.15,479.0,1490649,7057.26,26606,412024.0,27.64,2026-09-24
OILCOUNTUB,BE,24-Sep-2026,69.5,69.5,70.89,69.1,70.89,39504,27.94,103,,,2026-09-24
OILIETF,EQ,24-Sep-2026,11.15,11.15,11.15,11.01,11.02,481405,53.25,2592,377472.0,78.41,2026-09-24
OLAELEC,EQ,24-Sep-2026,41.87,41.05,44.55,40.91,42.52,376053325,160536.29,547117,56424579.0,15.0,2026-09-24
OLECTRA,EQ,24-Sep-2026,1275.9,1270.3,1272.7,1240.0,1244.0,349647,4379.43,20628,173951.0,49.75,2026-09-24
OLIL,SM,24-Sep-2026,434.6,429.3,433.9,421.0,422.75,75200,320.65,55,66800.0,88.83,2026-09-24
OMAXAUTO,EQ,24-Sep-2026,209.94,214.69,217.2,196.34,201.62,279300,573.8,4787,129888.0,46.5,2026-09-24
OMAXE,EQ,24-Sep-2026,123.13,122.7,123.77,116.91,117.67,596007,711.29,7235,251076.0,42.13,2026-09-24
OMFREIGHT,BE,24-Sep-2026,92.26,90.65,92.95,88.26,91.83,13595,12.41,86,,,2026-09-24
OMFURN,SM,24-Sep-2026,53.95,52.95,53.0,52.95,52.95,2400,1.27,2,2400.0,100.0,2026-09-24
OMINFRAL,EQ,24-Sep-2026,78.34,78.5,79.59,78.05,78.45,33406,26.24,678,18612.0,55.71,2026-09-24
OMNI,EQ,24-Sep-2026,553.7,550.0,556.15,545.1,547.85,356073,1960.24,12220,176392.0,49.54,2026-09-24
OMPOWER,EQ,24-Sep-2026,170.39,171.01,171.01,165.05,166.03,28076,46.96,808,15106.0,53.8,2026-09-24
ONDOOR,SM,24-Sep-2026,268.0,269.95,272.0,265.4,271.0,3000,8.1,7,1800.0,60.0,2026-09-24
ONEGLOBAL,EQ,24-Sep-2026,543.35,552.0,552.0,528.05,530.9,8979,48.34,637,6362.0,70.85,2026-09-24
ONELIFECAP,BE,24-Sep-2026,35.09,35.69,36.0,34.5,35.81,87253,30.79,150,,,2026-09-24
ONEPOINT,EQ,24-Sep-2026,68.41,70.5,72.4,68.41,69.31,5430134,3799.02,37671,1770600.0,32.61,2026-09-24
ONESOURCE,EQ,24-Sep-2026,1596.7,1596.5,1605.0,1579.2,1594.6,104912,1669.25,12715,62841.0,59.9,2026-09-24
ONGC,EQ,24-Sep-2026,236.9,235.5,239.0,235.23,239.0,8493746,20082.33,76677,5301642.0,62.42,2026-09-24
ONIDA,EQ,24-Sep-2026,34.3,34.0,34.63,33.16,33.28,209547,70.47,804,144765.0,69.08,2026-09-24
ONIXSOLAR,EQ,24-Sep-2026,306.5,291.2,321.8,291.2,321.8,455503,1414.58,4845,227283.0,49.9,2026-09-24
ONMOBILE,BE,24-Sep-2026,52.09,52.8,53.8,50.5,52.42,47576,25.01,363,,,2026-09-24
ONWARDTEC,EQ,24-Sep-2026,294.0,288.1,291.35,284.9,287.25,15168,43.71,394,9291.0,61.25,2026-09-24
ONYX,ST,24-Sep-2026,36.1,36.0,36.0,36.0,36.0,4000,1.44,1,4000.0,100.0,2026-09-24
OPTIEMUS,EQ,24-Sep-2026,828.35,820.0,820.0,771.0,781.5,1597081,12797.22,50012,414202.0,25.93,2026-09-24
OPTIFIN,EQ,24-Sep-2026,15.46,15.41,15.98,14.51,14.98,166891,25.03,431,122001.0,73.1,2026-09-24
OPTIMYSTIX,SM,24-Sep-2026,136.65,137.5,137.5,130.0,133.15,136800,180.78,76,62400.0,45.61,2026-09-24
OPTIVALUE,ST,24-Sep-2026,223.45,230.0,234.6,224.6,229.55,416000,969.16,141,401600.0,96.54,2026-09-24
ORBTEXP,BE,24-Sep-2026,228.36,228.0,234.9,225.5,227.0,234,0.53,10,,,2026-09-24
ORCHASP,EQ,24-Sep-2026,1.37,1.39,1.4,1.35,1.35,80865,1.11,180,67900.0,83.97,2026-09-24
ORCHPHARMA,EQ,24-Sep-2026,1102.05,1100.0,1141.0,1088.05,1096.15,139255,1554.17,12603,43385.0,31.16,2026-09-24
ORIANA,SM,24-Sep-2026,308.3,315.0,315.0,301.0,303.7,329625,1009.12,759,185625.0,56.31,2026-09-24
ORICONENT,EQ,24-Sep-2026,53.84,54.37,54.37,51.2,51.77,21083,11.06,593,12179.0,57.77,2026-09-24
ORIENTALTL,EQ,24-Sep-2026,4.96,4.94,5.04,4.92,4.96,56769,2.82,212,49021.0,86.35,2026-09-24
ORIENTBELL,EQ,24-Sep-2026,391.5,393.7,393.7,387.55,391.05,8776,34.23,576,6000.0,68.37,2026-09-24
ORIENTCEM,EQ,24-Sep-2026,124.89,124.7,124.7,122.02,122.32,330197,406.25,2345,243175.0,73.65,2026-09-24
ORIENTCER,EQ,24-Sep-2026,47.7,47.7,47.99,45.5,46.83,81986,38.43,1146,52314.0,63.81,2026-09-24
ORIENTELEC,EQ,24-Sep-2026,168.08,168.0,168.0,163.3,163.98,132569,218.6,3046,83486.0,62.98,2026-09-24
ORIENTHOT,EQ,24-Sep-2026,143.58,144.3,144.3,139.15,140.41,422911,600.56,2709,242587.0,57.36,2026-09-24
ORIENTLTD,BE,24-Sep-2026,80.19,79.1,79.5,79.1,79.5,152,0.12,3,,,2026-09-24
ORIENTPPR,EQ,24-Sep-2026,16.9,16.94,17.04,16.7,16.8,136291,22.9,1239,90875.0,66.68,2026-09-24
ORIENTTECH,EQ,24-Sep-2026,238.06,241.95,243.97,234.1,235.2,130674,308.37,2676,58735.0,44.95,2026-09-24
ORIRAIL,EQ,24-Sep-2026,126.81,127.8,127.95,124.04,125.17,52651,66.16,1336,26818.0,50.94,2026-09-24
ORISSAMINE,EQ,24-Sep-2026,3841.2,3780.5,3830.0,3701.1,3716.9,9457,354.48,1948,5288.0,55.92,2026-09-24
ORKLAINDIA,EQ,24-Sep-2026,557.45,562.8,562.8,543.0,545.95,91120,500.84,9455,62134.0,68.19,2026-09-24
ORTINGLOBE,EQ,24-Sep-2026,15.1,15.29,15.3,14.63,14.75,6081,0.92,24,4762.0,78.31,2026-09-24
OSELDEVICE,SM,24-Sep-2026,404.65,410.95,411.0,386.0,390.85,36200,142.82,127,30200.0,83.43,2026-09-24
OSIAHYPER,BE,24-Sep-2026,2.2,2.22,2.24,2.15,2.21,178849,3.95,306,,,2026-09-24
OSWALAGRO,EQ,24-Sep-2026,34.96,34.55,34.99,33.81,33.88,21272,7.26,244,15598.0,73.33,2026-09-24
OSWALGREEN,EQ,24-Sep-2026,20.2,20.08,20.26,19.86,19.9,37809,7.55,438,29929.0,79.16,2026-09-24
OSWALPUMPS,EQ,24-Sep-2026,284.25,285.95,285.95,278.0,280.25,384808,1077.63,8261,200134.0,52.01,2026-09-24
OSWALSEEDS,EQ,24-Sep-2026,13.57,13.4,13.75,12.55,12.68,445150,57.34,1374,260173.0,58.45,2026-09-24
OWAIS,ST,24-Sep-2026,75.6,75.7,77.1,74.1,74.1,5700,4.32,34,5400.0,94.74,2026-09-24
PACEDIGITK,EQ,24-Sep-2026,169.39,167.0,169.0,164.0,167.36,673951,1118.0,10108,254361.0,37.74,2026-09-24
PACIFICI,EQ,24-Sep-2026,142.34,136.0,140.0,129.99,136.14,963,1.28,70,614.0,63.76,2026-09-24
PAGEIND,EQ,24-Sep-2026,37340.0,37015.0,37705.0,37010.0,37500.0,16407,6147.5,8521,5120.0,31.21,2026-09-24
PAISALO,EQ,24-Sep-2026,90.39,89.94,92.9,87.8,89.45,11349620,10218.75,32965,3686018.0,32.48,2026-09-24
PAKKA,EQ,24-Sep-2026,77.15,77.0,77.49,75.26,76.25,90009,68.67,1897,54425.0,60.47,2026-09-24
PALASHSECU,EQ,24-Sep-2026,85.69,87.99,87.99,84.05,84.11,2652,2.26,60,2428.0,91.55,2026-09-24
PALREDTEC,EQ,24-Sep-2026,46.73,45.2,49.0,45.2,46.09,1880,0.88,31,1656.0,88.09,2026-09-24
PANACEABIO,EQ,24-Sep-2026,381.75,380.0,383.2,372.25,374.75,42969,162.52,1446,29477.0,68.6,2026-09-24
PANACHE,BE,24-Sep-2026,519.75,518.0,518.0,514.9,514.9,1558,8.05,22,,,2026-09-24
PANAMAPET,EQ,24-Sep-2026,480.7,478.0,485.35,475.2,480.6,110951,532.49,4072,57453.0,51.78,2026-09-24
PANCHMAHQ,EQ,24-Sep-2026,290.95,324.4,324.4,290.0,305.0,510,1.58,69,495.0,97.06,2026-09-24
PANORAMA,EQ,24-Sep-2026,56.87,56.8,59.9,55.81,59.15,759790,445.58,4672,441592.0,58.12,2026-09-24
PANSARI,EQ,24-Sep-2026,277.0,276.0,288.0,276.0,286.9,23,0.07,5,23.0,100.0,2026-09-24
PAR,BE,24-Sep-2026,131.92,127.65,134.9,127.65,131.31,11310,14.89,198,,,2026-09-24
PARACABLES,EQ,24-Sep-2026,62.29,61.1,62.77,59.6,60.15,1840758,1117.02,9490,945856.0,51.38,2026-09-24
PARADEEP,EQ,24-Sep-2026,154.26,153.26,156.08,152.52,154.5,1395578,2159.55,27212,492296.0,35.28,2026-09-24
PARAGMILK,EQ,24-Sep-2026,268.9,267.9,267.9,256.55,258.4,1619666,4206.45,25511,786569.0,48.56,2026-09-24
PARAGON,SM,24-Sep-2026,53.2,51.1,53.0,51.1,53.0,7200,3.76,6,7200.0,100.0,2026-09-24
PARAMATRIX,SM,24-Sep-2026,60.0,59.0,59.0,59.0,59.0,1200,0.71,1,1200.0,100.0,2026-09-24
PARAS,EQ,24-Sep-2026,1381.2,1370.0,1378.4,1331.0,1343.4,451551,6117.01,27462,130590.0,28.92,2026-09-24
PARASPETRO,EQ,24-Sep-2026,2.08,2.08,2.13,2.07,2.08,67041,1.41,216,47374.0,70.66,2026-09-24
PARIN,SM,24-Sep-2026,701.2,710.0,719.8,701.15,715.0,22000,156.26,77,11250.0,51.14,2026-09-24
PARKHOSPS,EQ,24-Sep-2026,286.55,286.55,287.75,284.2,285.0,300078,856.33,6142,176937.0,58.96,2026-09-24
PARKHOTELS,EQ,24-Sep-2026,106.29,106.29,107.11,104.7,105.23,105567,111.55,1565,67335.0,63.78,2026-09-24
PARNAXLAB,EQ,24-Sep-2026,128.73,121.23,125.22,119.4,123.86,1984,2.41,49,1671.0,84.22,2026-09-24
PARSVNATH,BE,24-Sep-2026,1.93,1.96,1.96,1.93,1.95,4202471,82.36,432,,,2026-09-24
PARTH,SM,24-Sep-2026,524.0,515.0,532.95,515.0,520.0,4800,25.02,10,2800.0,58.33,2026-09-24
PARTYCRUS,SM,24-Sep-2026,98.9,92.0,98.95,92.0,98.95,7000,6.76,7,4000.0,57.14,2026-09-24
PASHUPATI,EQ,24-Sep-2026,80.39,80.69,80.75,78.56,78.94,78056,62.04,1629,26162.0,33.52,2026-09-24
PASUPTAC,EQ,24-Sep-2026,79.82,80.49,80.49,75.25,76.25,435657,335.87,5351,195353.0,44.84,2026-09-24
PATANJALI,EQ,24-Sep-2026,409.45,405.0,409.9,402.6,404.85,3161150,12838.4,53373,866704.0,27.42,2026-09-24
PATELENG,EQ,24-Sep-2026,27.27,27.15,28.07,26.82,27.68,4700126,1297.03,14213,2096344.0,44.6,2026-09-24
PATELRMART,EQ,24-Sep-2026,210.33,210.1,210.1,203.12,207.03,117165,242.07,2395,26409.0,22.54,2026-09-24
PATILAUTOM,SM,24-Sep-2026,350.15,343.1,354.9,332.5,335.65,87000,295.36,119,71400.0,82.07,2026-09-24
PATINTLOG,EQ,24-Sep-2026,14.42,14.42,14.47,13.8,14.01,80517,11.31,415,53701.0,66.7,2026-09-24
PAUSHAKLTD,EQ,24-Sep-2026,687.2,688.0,695.0,661.65,669.85,51906,348.38,2453,33633.0,64.8,2026-09-24
PAVNAIND,EQ,24-Sep-2026,15.5,15.12,15.79,15.0,15.29,54956,8.47,280,45118.0,82.1,2026-09-24
PAYTM,EQ,24-Sep-2026,1775.0,1768.0,1784.7,1730.3,1735.5,3538274,62174.38,93411,1919072.0,54.24,2026-09-24
PBMPOLY,EQ,24-Sep-2026,63.68,63.68,63.68,63.68,63.68,151,0.1,6,151.0,100.0,2026-09-24
PCBL,EQ,24-Sep-2026,345.45,341.0,346.7,337.0,338.6,957134,3267.54,24271,366200.0,38.26,2026-09-24
PCCL,SM,24-Sep-2026,453.05,441.0,450.0,430.1,445.0,22400,99.73,35,14000.0,62.5,2026-09-24
PCJEWELLER,EQ,24-Sep-2026,14.47,14.61,14.65,14.01,14.25,473639166,67719.65,244293,113156288.0,23.89,2026-09-24
PDMJEPAPER,EQ,24-Sep-2026,98.27,98.0,98.0,94.76,95.45,184459,176.94,3145,97487.0,52.85,2026-09-24
PDSL,EQ,24-Sep-2026,361.4,358.55,361.25,354.9,359.65,54408,195.21,4694,29982.0,55.11,2026-09-24
PEARLPOLY,EQ,24-Sep-2026,19.7,19.31,19.31,18.72,18.72,8216,1.55,89,7622.0,92.77,2026-09-24
PELATRO,SM,24-Sep-2026,394.5,394.5,395.0,375.0,375.1,4500,17.32,14,3900.0,86.67,2026-09-24
PENIND,EQ,24-Sep-2026,183.31,183.31,184.9,177.4,178.75,606333,1097.93,10216,282185.0,46.54,2026-09-24
PENINLAND,EQ,24-Sep-2026,17.38,17.45,17.45,16.51,16.58,230786,39.06,810,165031.0,71.51,2026-09-24
PENTAGON,ST,24-Sep-2026,95.0,90.25,90.25,90.25,90.25,1000,0.9,1,1000.0,100.0,2026-09-24
PERFECT,SZ,24-Sep-2026,1.6,1.65,1.65,1.65,1.65,3000,0.05,1,3000.0,100.0,2026-09-24
PERMAGN,EQ,24-Sep-2026,832.5,840.85,849.15,829.85,847.7,2167,18.22,275,1383.0,63.82,2026-09-24
PERNIASPOP,EQ,24-Sep-2026,549.05,543.0,545.25,527.1,530.4,28951,155.55,2361,14228.0,49.15,2026-09-24
PERSISTENT,EQ,24-Sep-2026,5240.0,5188.0,5345.0,5188.0,5277.0,411640,21831.41,30886,138780.0,33.71,2026-09-24
PETRONET,EQ,24-Sep-2026,285.85,285.0,288.1,283.3,286.6,1049770,3007.01,22246,524671.0,49.98,2026-09-24
PFC,EQ,24-Sep-2026,346.0,343.85,345.1,338.0,339.35,7953489,27135.74,61372,5096790.0,64.08,2026-09-24
PFIZER,EQ,24-Sep-2026,4025.5,4029.9,4060.0,3998.9,4046.2,18668,754.78,4296,10022.0,53.69,2026-09-24
PFOCUS,EQ,24-Sep-2026,337.15,329.0,335.0,315.0,318.75,4097678,13514.19,34422,699058.0,17.06,2026-09-24
PFS,EQ,24-Sep-2026,26.72,26.7,27.09,26.37,26.93,857717,231.35,3718,691057.0,80.57,2026-09-24
PGEL,EQ,24-Sep-2026,521.15,519.7,524.75,512.0,514.45,732431,3792.68,14808,183752.0,25.09,2026-09-24
PGHH,EQ,24-Sep-2026,7193.5,7193.5,7199.0,7068.5,7093.0,17683,1259.08,5164,10352.0,58.54,2026-09-24
PGHL,EQ,24-Sep-2026,5452.0,5434.5,5514.0,5405.0,5416.5,7525,409.98,2093,3839.0,51.02,2026-09-24
PGIL,EQ,24-Sep-2026,1300.8,1294.9,1328.7,1264.9,1273.6,292394,3803.59,25482,77038.0,26.35,2026-09-24
PGINVIT,IV,24-Sep-2026,101.47,101.1,102.0,101.1,101.94,1093115,1109.97,5073,905775.0,82.86,2026-09-24
PHANTOMFX,SM,24-Sep-2026,91.65,90.7,95.45,89.25,90.6,7500,6.81,24,5700.0,76.0,2026-09-24
PHARMABEES,EQ,24-Sep-2026,27.89,28.58,28.58,27.71,27.8,4033114,1125.5,9397,2348460.0,58.23,2026-09-24
PHOENIXLTD,EQ,24-Sep-2026,1993.2,1985.3,2035.6,1948.0,1955.0,558988,11151.17,33905,269681.0,48.24,2026-09-24
PHOENXINTL,EQ,24-Sep-2026,28.16,28.5,28.9,27.81,28.33,3567,1.01,68,3503.0,98.21,2026-09-24
PHOGLOBAL,SM,24-Sep-2026,16.3,16.0,16.0,16.0,16.0,2000,0.32,1,2000.0,100.0,2026-09-24
PICCADIL,EQ,24-Sep-2026,621.6,621.5,621.5,599.0,601.55,128361,780.71,6850,61032.0,47.55,2026-09-24
PIDILITIND,EQ,24-Sep-2026,1588.1,1561.0,1579.0,1517.5,1522.0,1259222,19328.56,41926,715581.0,56.83,2026-09-24
PIGL,EQ,24-Sep-2026,99.92,99.7,104.5,98.01,102.63,99510,101.27,892,72691.0,73.05,2026-09-24
PIIND,EQ,24-Sep-2026,2386.0,2386.0,2410.0,2365.3,2393.5,115568,2760.06,15638,46646.0,40.36,2026-09-24
PILANIINVS,EQ,24-Sep-2026,4041.8,4007.3,4065.0,3992.1,4007.1,1420,57.01,283,1108.0,78.03,2026-09-24
PILITA,EQ,24-Sep-2026,7.43,7.53,7.79,7.35,7.47,19377,1.46,134,16492.0,85.11,2026-09-24
PINELABS,EQ,24-Sep-2026,188.3,187.05,187.3,177.65,179.31,32802728,59473.37,170426,12467476.0,38.01,2026-09-24
PIONEEREMB,EQ,24-Sep-2026,22.24,21.85,22.9,21.6,21.7,3471,0.77,82,2361.0,68.02,2026-09-24
PIONRINV,BE,24-Sep-2026,78.51,81.69,81.69,78.57,78.57,6,0.0,3,,,2026-09-24
PIRAMALFIN,EQ,24-Sep-2026,2226.5,1781.2,2200.8,1781.2,2104.3,879880,18513.59,62560,312890.0,35.56,2026-09-24
PITTIENG,EQ,24-Sep-2026,1167.1,1168.0,1179.0,1140.0,1161.0,101695,1181.01,9970,47912.0,47.11,2026-09-24
PIXTRANS,EQ,24-Sep-2026,1758.7,1737.0,1768.0,1721.6,1745.8,8779,152.81,1322,4142.0,47.18,2026-09-24
PKTEA,BE,24-Sep-2026,988.15,990.0,1020.0,959.0,998.35,1326,13.22,117,,,2026-09-24
PLASTIBLEN,EQ,24-Sep-2026,187.5,187.0,194.27,187.0,189.71,29339,56.24,942,19045.0,64.91,2026-09-24
PLATIND,EQ,24-Sep-2026,216.58,217.0,217.0,211.0,213.33,54033,115.14,4156,30937.0,57.26,2026-09-24
PLAZACABLE,EQ,24-Sep-2026,62.84,63.0,63.0,60.5,60.69,63063,38.72,998,45863.0,72.73,2026-09-24
PML,EQ,24-Sep-2026,486.0,490.85,490.85,471.1,483.85,753,3.58,75,605.0,80.35,2026-09-24
PNB,EQ,24-Sep-2026,118.3,117.25,118.67,117.06,117.12,10755825,12662.36,32225,4470569.0,41.56,2026-09-24
PNBGILTS,EQ,24-Sep-2026,76.33,76.2,76.49,75.01,75.35,249579,188.78,2719,146813.0,58.82,2026-09-24
PNBHOUSING,EQ,24-Sep-2026,1138.5,1130.0,1135.1,1085.7,1094.5,598730,6592.33,23865,227410.0,37.98,2026-09-24
PNC,EQ,24-Sep-2026,17.33,17.05,17.33,16.4,16.62,6240,1.04,161,5595.0,89.66,2026-09-24
PNCINFRA,EQ,24-Sep-2026,139.17,139.0,139.17,135.25,136.72,1211443,1664.94,13837,762509.0,62.94,2026-09-24
PNGJL,EQ,24-Sep-2026,605.0,604.95,604.95,586.55,591.2,317687,1893.16,16697,184145.0,57.96,2026-09-24
PNGSREVA,EQ,24-Sep-2026,525.95,525.0,527.1,511.0,523.85,80424,417.06,3627,33523.0,41.68,2026-09-24
POCL,EQ,24-Sep-2026,487.4,487.0,487.0,463.5,468.85,459994,2189.36,14400,232720.0,50.59,2026-09-24
PODDARMENT,EQ,24-Sep-2026,281.8,278.6,288.95,274.0,275.15,4006,11.1,146,2866.0,71.54,2026-09-24
POEL,EQ,24-Sep-2026,140.57,140.56,153.0,138.61,146.7,53141,78.21,1700,30728.0,57.82,2026-09-24
POKARNA,EQ,24-Sep-2026,741.05,736.0,739.95,724.6,729.05,39133,286.27,2516,22099.0,56.47,2026-09-24
POLICYBZR,EQ,24-Sep-2026,1886.3,1697.7,1697.7,1207.2,1207.2,27348784,350973.76,182400,16222680.0,59.32,2026-09-24
POLYCAB,EQ,24-Sep-2026,8417.0,8371.0,8420.0,8324.0,8366.5,237772,19915.02,24092,114187.0,48.02,2026-09-24
POLYMED,EQ,24-Sep-2026,1726.6,1720.1,1772.0,1710.1,1716.0,114079,1979.47,16376,37684.0,33.03,2026-09-24
POLYPLEX,EQ,24-Sep-2026,1117.1,1117.1,1117.1,1092.7,1097.4,17239,189.78,2314,9220.0,53.48,2026-09-24
POLYSIL,SM,24-Sep-2026,56.8,54.0,59.6,54.0,59.6,175000,99.45,206,92000.0,52.57,2026-09-24
POLYSPIN,EQ,24-Sep-2026,30.78,36.49,36.49,29.33,30.35,13108,4.28,276,5257.0,40.11,2026-09-24
PONNIERODE,EQ,24-Sep-2026,375.25,375.0,390.45,374.0,380.6,46615,177.67,2166,21849.0,46.87,2026-09-24
POONAWALLA,EQ,24-Sep-2026,478.85,470.1,474.3,463.45,466.8,1114308,5213.59,44112,586506.0,52.63,2026-09-24
POSITRON,SM,24-Sep-2026,233.1,238.45,239.85,230.5,238.25,22800,53.7,69,17700.0,77.63,2026-09-24
POWERGRID,EQ,24-Sep-2026,270.2,270.4,270.9,265.75,266.4,8968993,23999.84,59103,5709613.0,63.66,2026-09-24
POWERICA,EQ,24-Sep-2026,570.85,565.25,580.0,554.95,562.85,121712,690.73,5657,56949.0,46.79,2026-09-24
POWERINDIA,EQ,24-Sep-2026,31150.0,31110.0,31245.0,30625.0,30715.0,65076,20111.28,21004,32804.0,50.41,2026-09-24
POWERMECH,EQ,24-Sep-2026,2453.5,2440.0,2460.0,2415.1,2429.5,22575,550.38,4571,11445.0,50.7,2026-09-24
PPAP,BE,24-Sep-2026,244.2,244.2,256.4,244.2,253.5,19283,48.62,300,,,2026-09-24
PPL,BE,24-Sep-2026,272.25,277.95,277.95,265.2,265.95,21551,58.2,263,,,2026-09-24
PPLPHARMA,EQ,24-Sep-2026,210.74,210.65,214.89,207.1,208.12,4373651,9226.74,63637,1576181.0,36.04,2026-09-24
PPSL,SM,24-Sep-2026,2.9,2.9,2.9,2.85,2.85,27000,0.78,7,27000.0,100.0,2026-09-24
PRABHA,EQ,24-Sep-2026,234.8,234.71,234.71,223.4,225.76,63514,145.24,1569,32723.0,51.52,2026-09-24
PRADPME,BE,24-Sep-2026,509.3,507.5,522.9,504.0,505.5,5440,27.64,123,,,2026-09-24
PRAENG,EQ,24-Sep-2026,21.38,21.0,24.13,20.7,22.86,127589,29.11,535,100211.0,78.54,2026-09-24
PRAJIND,EQ,24-Sep-2026,320.15,316.0,319.9,314.55,316.1,328703,1039.42,9997,168294.0,51.2,2026-09-24
PRAKASH,EQ,24-Sep-2026,119.79,118.52,119.59,116.0,117.68,1135105,1334.97,7687,718119.0,63.26,2026-09-24
PRAKASHSTL,EQ,24-Sep-2026,3.72,3.79,3.8,3.65,3.68,50041,1.85,301,43308.0,86.55,2026-09-24
PRAMARA,SM,24-Sep-2026,93.1,96.9,97.75,96.9,97.75,18500,18.05,22,17500.0,94.59,2026-09-24
PRAMODINI,SM,24-Sep-2026,116.2,115.0,117.0,112.15,114.55,88800,101.88,72,58800.0,66.22,2026-09-24
PRANAV,EQ,24-Sep-2026,105.85,104.0,105.0,99.55,100.19,2925323,2975.66,29536,1144378.0,39.12,2026-09-24
PRANIK,SM,24-Sep-2026,41.65,40.0,40.0,37.15,39.4,8000,3.11,5,4800.0,60.0,2026-09-24
PRASOLCHEM,EQ,24-Sep-2026,740.9,737.0,750.9,713.1,720.7,250318,1831.03,18224,80650.0,32.22,2026-09-24
PRATHAM,SM,24-Sep-2026,125.1,121.05,122.3,121.05,121.7,4800,5.83,12,4800.0,100.0,2026-09-24
PRAVEG,EQ,24-Sep-2026,261.05,259.15,263.4,255.05,259.3,33460,86.56,627,27001.0,80.7,2026-09-24
PRAXIS,EQ,24-Sep-2026,4.28,4.42,4.49,4.1,4.45,64541,2.86,189,59946.0,92.88,2026-09-24
PRECAM,EQ,24-Sep-2026,122.11,121.6,125.0,119.01,119.99,146953,177.19,2575,67557.0,45.97,2026-09-24
PRECOT,EQ,24-Sep-2026,646.9,647.85,647.85,632.05,634.45,3735,23.77,188,3429.0,91.81,2026-09-24
PRECWIRE,EQ,24-Sep-2026,498.85,494.0,503.0,485.1,488.9,316420,1565.9,20328,109121.0,34.49,2026-09-24
PREMCO,EQ,24-Sep-2026,400.75,400.75,409.9,400.05,402.3,528,2.13,77,451.0,85.42,2026-09-24
PREMEXPLN,EQ,24-Sep-2026,675.15,675.0,686.0,675.0,680.5,405163,2755.53,6661,276031.0,68.13,2026-09-24
PREMIER,BE,24-Sep-2026,2.85,2.98,2.98,2.71,2.93,72701,2.05,73,,,2026-09-24
PREMIERENE,EQ,24-Sep-2026,915.0,901.5,910.0,885.0,898.0,1038026,9282.41,21452,461736.0,44.48,2026-09-24
PREMIERPOL,EQ,24-Sep-2026,96.72,98.0,106.0,93.2,100.51,6670334,6758.12,74672,801374.0,12.01,2026-09-24
PREMIUM,SM,24-Sep-2026,41.95,43.0,43.0,42.0,42.45,12000,5.1,4,12000.0,100.0,2026-09-24
PRESSTONIC,SM,24-Sep-2026,39.85,39.2,47.8,35.5,47.75,295200,134.0,243,224000.0,75.88,2026-09-24
PRESTIGE,EQ,24-Sep-2026,1490.0,1469.1,1495.8,1463.1,1475.0,286757,4227.96,9866,182628.0,63.69,2026-09-24
PRICOLLTD,EQ,24-Sep-2026,763.65,762.0,772.75,748.05,763.8,322125,2456.87,15724,163415.0,50.73,2026-09-24
PRIMECAB,ST,24-Sep-2026,169.1,172.0,172.0,167.0,168.5,25600,43.58,16,24000.0,93.75,2026-09-24
PRIMESECU,EQ,24-Sep-2026,296.35,294.5,300.1,294.5,299.7,50758,151.95,658,29654.0,58.42,2026-09-24
PRIMO,EQ,24-Sep-2026,22.92,23.05,23.05,22.1,22.29,85789,19.11,437,76067.0,88.67,2026-09-24
PRINCEPIPE,EQ,24-Sep-2026,265.75,263.5,266.05,258.75,259.8,81141,212.2,3272,49458.0,60.95,2026-09-24
PRIORITY,EQ,24-Sep-2026,263.35,270.6,312.9,265.05,303.99,2319891,6896.36,53354,619319.0,26.7,2026-09-24
PRISMX,EQ,24-Sep-2026,0.53,0.53,0.53,0.51,0.51,187552,0.97,132,155473.0,82.9,2026-09-24
PRITI,EQ,24-Sep-2026,33.17,33.99,33.99,32.27,32.61,2736,0.9,108,2374.0,86.77,2026-09-24
PRITIKA,SM,24-Sep-2026,63.0,63.0,63.0,62.5,63.0,20000,12.55,9,18000.0,90.0,2026-09-24
PRITIKAUTO,BE,24-Sep-2026,16.33,16.5,17.14,16.5,17.13,297255,50.64,587,,,2026-09-24
PRIVISCL,EQ,24-Sep-2026,3483.8,3476.9,3553.0,3461.9,3537.9,125259,4416.82,20091,62522.0,49.91,2026-09-24
PRIZOR,ST,24-Sep-2026,1128.55,1128.55,1128.55,1106.0,1106.0,14800,164.66,35,14000.0,94.59,2026-09-24
PRLIND,SM,24-Sep-2026,47.9,47.9,48.9,45.0,48.45,30000,14.09,25,21000.0,70.0,2026-09-24
PROLIFE,SM,24-Sep-2026,79.0,80.0,80.05,79.0,80.0,2500,2.0,5,2500.0,100.0,2026-09-24
PROPSHOP,SM,24-Sep-2026,73.0,73.0,73.0,71.65,71.65,22000,15.99,6,18000.0,81.82,2026-09-24
PROSTARM,EQ,24-Sep-2026,138.08,134.6,144.8,134.6,139.26,1007492,1424.09,15634,363961.0,36.13,2026-09-24
PROTEAN,EQ,24-Sep-2026,636.2,634.75,670.35,622.2,641.95,2739934,17882.4,68706,654340.0,23.88,2026-09-24
PROV,SM,24-Sep-2026,1940.0,1940.0,1940.0,1920.0,1920.5,400,7.73,5,400.0,100.0,2026-09-24
PROZONER,EQ,24-Sep-2026,52.19,51.47,55.87,51.47,54.16,667907,360.27,5470,385928.0,57.78,2026-09-24
PRSMJOHNSN,EQ,24-Sep-2026,116.43,115.5,116.43,114.75,115.24,186625,215.21,2885,96385.0,51.65,2026-09-24
PRUDENT,EQ,24-Sep-2026,3352.7,3290.0,3292.5,3211.0,3219.6,27031,878.21,5086,11363.0,42.04,2026-09-24
PRUDMOULI,EQ,24-Sep-2026,13.8,14.4,14.4,13.21,13.67,1726,0.23,45,1233.0,71.44,2026-09-24
PSB,EQ,24-Sep-2026,22.1,22.0,22.0,21.7,21.78,748966,163.48,2683,486410.0,64.94,2026-09-24
PSPPROJECT,EQ,24-Sep-2026,832.55,829.9,829.9,800.0,802.6,85398,691.81,4663,42610.0,49.9,2026-09-24
PSUBANK,EQ,24-Sep-2026,83.41,83.39,83.82,82.51,82.92,87881,72.87,700,27587.0,31.39,2026-09-24
PSUBANKADD,EQ,24-Sep-2026,84.44,84.44,84.44,83.4,83.81,23742,19.9,299,11630.0,48.98,2026-09-24
PSUBNKBEES,EQ,24-Sep-2026,93.19,95.51,95.51,92.1,92.45,1171527,1083.67,5272,600753.0,51.28,2026-09-24
PSUBNKIETF,EQ,24-Sep-2026,84.54,84.41,84.42,83.41,83.77,66563,55.89,844,33043.0,49.64,2026-09-24
PTC,EQ,24-Sep-2026,157.08,156.9,157.79,155.26,155.89,1398404,2193.12,16767,848748.0,60.69,2026-09-24
PTCIL,EQ,24-Sep-2026,22355.0,22300.0,22375.0,21630.0,21820.0,11033,2420.77,4531,4677.0,42.39,2026-09-24
PTL,EQ,24-Sep-2026,38.18,38.24,38.4,38.05,38.19,22131,8.46,530,17314.0,78.23,2026-09-24
PULZ,SM,24-Sep-2026,20.45,20.45,20.45,20.45,20.45,4000,0.82,2,4000.0,100.0,2026-09-24
PUNJABCHEM,EQ,24-Sep-2026,1064.9,1065.0,1065.0,1043.8,1054.1,1979,20.89,310,1146.0,57.91,2026-09-24
PURPLEUTED,ST,24-Sep-2026,483.5,465.2,507.0,459.35,482.05,36500,175.36,116,32500.0,89.04,2026-09-24
PURVA,EQ,24-Sep-2026,216.82,213.52,217.34,211.7,215.06,149647,319.92,3232,77753.0,51.96,2026-09-24
PURVFLEXI,SM,24-Sep-2026,48.0,45.6,45.6,45.6,45.6,800,0.36,1,800.0,100.0,2026-09-24
PUSHPA,SM,24-Sep-2026,103.0,104.0,107.0,103.0,106.35,81000,84.98,71,29000.0,35.8,2026-09-24
PVP,EQ,24-Sep-2026,68.61,68.21,72.04,65.18,65.2,4027491,2789.35,13531,2021807.0,50.2,2026-09-24
PVRINOX,EQ,24-Sep-2026,1317.5,1295.1,1310.0,1251.0,1256.7,673506,8622.12,32155,385302.0,57.21,2026-09-24
PVSL,EQ,24-Sep-2026,98.71,98.0,99.7,98.0,98.62,15179,14.99,362,12683.0,83.56,2026-09-24
PVTBANIETF,EQ,24-Sep-2026,27.65,27.65,27.65,27.07,27.25,5328625,1449.42,2990,3629446.0,68.11,2026-09-24
PVTBANK,EQ,24-Sep-2026,27.39,27.31,27.31,26.85,26.96,450586,121.85,105,410544.0,91.11,2026-09-24
PVTBANKADD,EQ,24-Sep-2026,27.77,27.6,27.6,27.22,27.33,92971,25.39,309,42597.0,45.82,2026-09-24
PVTBKGROWW,EQ,24-Sep-2026,28.03,27.89,27.89,26.9,27.01,76198,20.62,246,68469.0,89.86,2026-09-24
PWL,EQ,24-Sep-2026,136.11,135.0,135.5,131.64,132.64,3851869,5122.8,41447,1536818.0,39.9,2026-09-24
PYRAMID,EQ,24-Sep-2026,159.33,160.5,165.0,156.92,161.52,66073,106.17,1636,30371.0,45.97,2026-09-24
QFIL,SM,24-Sep-2026,58.0,55.1,55.1,55.1,55.1,1000,0.55,1,1000.0,100.0,2026-09-24
QGOLDHALF,EQ,24-Sep-2026,124.98,124.89,124.89,123.57,123.65,90015,111.9,945,36997.0,41.1,2026-09-24
QLINE,SM,24-Sep-2026,699.55,699.6,707.0,662.0,674.85,39200,267.25,93,25600.0,65.31,2026-09-24
QMSMEDI,BE,24-Sep-2026,195.1,195.1,195.9,188.3,192.54,55427,105.83,304,,,2026-09-24
QNIFTY,EQ,24-Sep-2026,258.62,256.4,257.03,254.4,254.69,3315,8.47,148,2118.0,63.89,2026-09-24
QPOWER,EQ,24-Sep-2026,1555.6,1548.2,1560.0,1492.0,1500.1,304777,4614.54,20518,166032.0,54.48,2026-09-24
QUADFUTURE,EQ,24-Sep-2026,526.55,521.0,521.95,497.05,500.4,327499,1663.47,10072,132760.0,40.54,2026-09-24
QUADPRO,ST,24-Sep-2026,3.7,3.85,3.85,3.85,3.85,48000,1.85,4,48000.0,100.0,2026-09-24
QUAL30IETF,EQ,24-Sep-2026,20.33,20.31,20.33,20.11,20.17,45071,9.1,291,40360.0,89.55,2026-09-24
QUALIANCE,ST,24-Sep-2026,182.5,185.0,191.6,181.1,191.6,169000,321.62,117,159000.0,94.08,2026-09-24
QUALITY30,EQ,24-Sep-2026,19.95,20.14,20.14,19.77,19.8,5657,1.12,155,4503.0,79.6,2026-09-24
QUESS,EQ,24-Sep-2026,359.0,355.0,361.0,345.05,353.4,330356,1171.69,17858,154126.0,46.65,2026-09-24
QUESTLAB,SM,24-Sep-2026,75.1,74.05,90.1,73.0,90.1,212400,181.45,142,169200.0,79.66,2026-09-24
QUICKHEAL,EQ,24-Sep-2026,151.57,151.8,152.49,146.01,147.9,149055,221.52,3124,63435.0,42.56,2026-09-24
QUICKTOUCH,SM,24-Sep-2026,16.25,15.45,16.0,15.45,16.0,1500,0.23,3,1000.0,66.67,2026-09-24
QUINT,BE,24-Sep-2026,84.58,88.8,88.8,88.01,88.8,242233,215.09,313,,,2026-09-24
RACE,EQ,24-Sep-2026,122.91,120.2,122.89,114.0,115.98,76549,91.16,1801,20441.0,26.7,2026-09-24
RACLGEAR,EQ,24-Sep-2026,1689.6,1683.0,1710.0,1651.2,1679.8,29143,489.34,4089,12149.0,41.69,2026-09-24
RADAAN,EQ,24-Sep-2026,3.13,3.13,3.49,3.02,3.1,317163,10.33,458,202348.0,63.8,2026-09-24
RADHIKAJWE,BE,24-Sep-2026,71.92,71.99,72.7,69.0,70.64,148191,104.55,1020,,,2026-09-24
RADIANTCMS,EQ,24-Sep-2026,35.54,35.5,35.9,35.0,35.61,139012,49.29,1119,86536.0,62.25,2026-09-24
RADICO,EQ,24-Sep-2026,4601.9,4589.1,4598.1,4475.0,4481.3,227909,10365.48,37717,131162.0,57.55,2026-09-24
RADIOCITY,EQ,24-Sep-2026,6.04,6.14,6.14,5.92,5.98,40424,2.43,155,36122.0,89.36,2026-09-24
RADIOWALLA,ST,24-Sep-2026,27.75,29.1,29.1,29.1,29.1,3200,0.93,2,3200.0,100.0,2026-09-24
RAILTEL,EQ,24-Sep-2026,268.75,265.0,266.55,260.1,261.55,365253,959.86,9029,152147.0,41.66,2026-09-24
RAIN,EQ,24-Sep-2026,221.86,218.25,224.09,216.42,218.23,4226826,9313.14,31910,2024008.0,47.88,2026-09-24
RAINBOW,EQ,24-Sep-2026,1406.5,1401.0,1415.0,1372.3,1412.6,239564,3335.6,36576,134585.0,56.18,2026-09-24
RAJESHEXPO,BZ,24-Sep-2026,68.53,68.5,70.0,67.0,68.07,138444,94.31,1632,,,2026-09-24
RAJINDLTD,SM,24-Sep-2026,67.0,66.5,66.5,66.5,66.5,1500,1.0,1,1500.0,100.0,2026-09-24
RAJMET,EQ,24-Sep-2026,3.12,3.13,3.18,3.09,3.12,235422,7.38,589,174625.0,74.18,2026-09-24
RAJOOENG,BE,24-Sep-2026,55.25,55.7,55.7,53.2,54.81,214508,116.76,733,,,2026-09-24
RAJPALAYAM,EQ,24-Sep-2026,790.45,760.0,777.95,758.0,767.9,508,3.88,48,437.0,86.02,2026-09-24
RAJRATAN,EQ,24-Sep-2026,483.2,478.0,480.5,469.05,472.05,65143,309.29,3678,39252.0,60.26,2026-09-24
RAJRILTD,BE,24-Sep-2026,20.17,20.39,20.57,20.2,20.57,5648,1.16,79,,,2026-09-24
RAJSREESUG,EQ,24-Sep-2026,32.0,32.0,33.25,31.3,31.57,20368,6.46,224,14859.0,72.95,2026-09-24
RAJTV,EQ,24-Sep-2026,9.77,9.77,10.25,9.77,10.25,137056,13.91,549,118810.0,86.69,2026-09-24
RALLIS,EQ,24-Sep-2026,202.62,202.0,202.0,199.6,200.36,548828,1099.73,12792,299389.0,54.55,2026-09-24
RAMANEWS,EQ,24-Sep-2026,31.81,31.66,32.6,30.81,31.21,15382,4.82,196,12288.0,79.89,2026-09-24
RAMAPHO,EQ,24-Sep-2026,123.21,124.9,124.9,121.1,122.49,11509,14.21,299,8480.0,73.68,2026-09-24
RAMASTEEL,BE,24-Sep-2026,4.66,4.57,4.57,4.57,4.57,403947,18.46,1009,,,2026-09-24
RAMBHAJO,EQ,24-Sep-2026,286.1,284.9,285.45,275.0,275.76,240258,669.2,3978,118944.0,49.51,2026-09-24
RAMCOCEM,EQ,24-Sep-2026,885.05,884.9,888.8,866.95,872.1,91368,802.61,6723,42575.0,46.6,2026-09-24
RAMCOIND,EQ,24-Sep-2026,325.95,326.0,326.0,317.55,321.8,36329,116.52,1480,18484.0,50.88,2026-09-24
RAMCOSYS,EQ,24-Sep-2026,598.0,594.0,597.45,575.55,581.35,48525,283.51,2649,29757.0,61.32,2026-09-24
RAMKY,EQ,24-Sep-2026,325.15,324.05,324.05,308.85,310.15,90295,283.76,2284,56591.0,62.67,2026-09-24
RAMRAT,EQ,24-Sep-2026,558.65,559.75,559.75,538.3,548.4,133797,731.87,7737,68673.0,51.33,2026-09-24
RANASUG,EQ,24-Sep-2026,14.06,14.14,14.14,13.77,13.86,644335,89.68,594,576469.0,89.47,2026-09-24
RANEHOLDIN,EQ,24-Sep-2026,1591.9,1596.0,1596.0,1560.6,1590.7,6742,106.49,1005,3910.0,57.99,2026-09-24
RAPIDFLEET,SM,24-Sep-2026,200.0,198.0,202.0,198.0,202.0,6600,13.11,10,0.0,0.0,2026-09-24
RAPPID,SM,24-Sep-2026,361.7,353.0,357.95,342.2,352.0,7200,25.28,12,6000.0,83.33,2026-09-24
RATEGAIN,EQ,24-Sep-2026,851.8,848.0,853.0,820.0,824.0,229457,1914.79,14840,113474.0,49.45,2026-09-24
RATNAMANI,EQ,24-Sep-2026,2800.8,2798.0,2838.0,2771.0,2824.2,25738,724.28,6512,12567.0,48.83,2026-09-24
RATNAVEER,EQ,24-Sep-2026,331.4,333.6,335.95,322.35,323.95,2762101,9036.53,22156,1171284.0,42.41,2026-09-24
RAYMOND,EQ,24-Sep-2026,1114.65,1114.65,1221.0,1100.0,1203.85,7466499,87448.33,225905,868867.0,11.64,2026-09-24
RAYMONDLSL,EQ,24-Sep-2026,677.45,674.05,720.0,670.75,688.85,832796,5826.14,40271,214025.0,25.7,2026-09-24
RAYMONDREL,EQ,24-Sep-2026,671.45,664.6,717.0,662.5,708.3,18194912,127910.15,311422,1631979.0,8.97,2026-09-24
RBA,EQ,24-Sep-2026,94.86,94.5,94.74,89.73,90.65,2714662,2484.86,15959,1611126.0,59.35,2026-09-24
RBLBANK,EQ,24-Sep-2026,428.0,416.5,423.2,409.1,412.75,7315903,30335.74,90061,2647703.0,36.19,2026-09-24
RBMINFRA,SM,24-Sep-2026,270.9,270.0,270.0,265.0,267.9,11400,30.42,53,8400.0,73.68,2026-09-24
RBS,SM,24-Sep-2026,83.8,83.0,83.0,83.0,83.0,800,0.66,1,800.0,100.0,2026-09-24
RBZJEWEL,BE,24-Sep-2026,178.05,177.8,178.0,171.0,172.26,52127,90.49,611,,,2026-09-24
RCDL,SM,24-Sep-2026,15.5,16.25,16.25,16.25,16.25,18000,2.93,5,18000.0,100.0,2026-09-24
RCF,EQ,24-Sep-2026,109.63,108.9,109.15,108.0,108.4,649262,705.43,6019,245061.0,37.74,2026-09-24
RCOM,BE,24-Sep-2026,0.93,0.93,0.97,0.93,0.93,2828600,26.77,2381,,,2026-09-24
READYMIX,SM,24-Sep-2026,67.9,67.9,67.95,63.0,63.0,14000,9.23,13,12000.0,85.71,2026-09-24
RECLTD,EQ,24-Sep-2026,311.5,309.85,310.85,307.2,308.25,5871620,18147.64,36869,3158321.0,53.79,2026-09-24
REDINGTON,EQ,24-Sep-2026,400.75,396.9,409.8,395.6,406.4,4726104,19092.09,76384,2130730.0,45.08,2026-09-24
REDTAPE,EQ,24-Sep-2026,121.1,120.0,122.99,118.33,122.13,829244,1007.1,15274,336701.0,40.6,2026-09-24
REFEX,EQ,24-Sep-2026,286.65,285.0,287.7,282.0,283.35,192387,546.32,3273,105703.0,54.94,2026-09-24
REFRACTORY,SM,24-Sep-2026,36.55,38.0,38.35,38.0,38.35,8000,3.06,8,8000.0,100.0,2026-09-24
REGAAL,EQ,24-Sep-2026,94.56,94.56,96.5,89.02,90.61,1558224,1449.74,12409,667662.0,42.85,2026-09-24
REGENCERAM,EQ,24-Sep-2026,34.89,35.0,35.0,33.22,34.78,1189,0.41,51,626.0,52.65,2026-09-24
RELAXO,EQ,24-Sep-2026,298.3,298.3,298.3,290.5,291.7,142551,418.97,8359,75904.0,53.25,2026-09-24
RELCHEMQ,EQ,24-Sep-2026,117.71,117.71,119.0,115.1,118.41,1306,1.53,83,1074.0,82.24,2026-09-24
RELIABLE,EQ,24-Sep-2026,145.7,147.5,149.5,144.01,147.95,15260,22.52,559,12496.0,81.89,2026-09-24
RELIANCE,EQ,24-Sep-2026,1248.0,1236.6,1241.6,1219.2,1219.2,13923795,171176.77,238449,8532985.0,61.28,2026-09-24
RELIGARE,EQ,24-Sep-2026,251.77,246.75,251.0,240.1,240.32,861682,2098.36,19977,477192.0,55.38,2026-09-24
RELINFRA,BE,24-Sep-2026,47.06,46.12,46.12,46.12,46.12,133336,61.49,418,,,2026-09-24
RELTD,EQ,24-Sep-2026,149.36,155.4,158.9,145.8,146.32,417879,631.29,6618,88418.0,21.16,2026-09-24
REMSONSIND,EQ,24-Sep-2026,99.87,102.5,113.39,101.52,111.12,1520482,1660.81,17784,465382.0,30.61,2026-09-24
REMUS,SM,24-Sep-2026,977.25,951.0,969.95,935.0,942.2,4200,40.23,37,3300.0,78.57,2026-09-24
RENTOMOJO,EQ,24-Sep-2026,521.35,517.6,523.15,496.0,501.9,2577386,13098.04,55462,705130.0,27.36,2026-09-24
RENUKA,EQ,24-Sep-2026,23.04,22.89,23.13,22.45,22.92,8155853,1860.3,13711,3074096.0,37.69,2026-09-24
REPCOHOME,EQ,24-Sep-2026,355.85,354.3,357.75,350.0,352.45,44419,156.57,1332,26073.0,58.7,2026-09-24
REPL,EQ,24-Sep-2026,58.23,57.7,64.05,57.0,60.62,4259,2.52,109,3324.0,78.05,2026-09-24
REPRO,EQ,24-Sep-2026,301.35,302.85,306.0,299.0,302.2,3630,10.99,596,2253.0,62.07,2026-09-24
RESPONIND,EQ,24-Sep-2026,162.24,162.0,163.8,156.35,158.02,176568,281.48,2851,89100.0,50.46,2026-09-24
RETAIL,EQ,24-Sep-2026,17.25,17.0,17.0,16.66,16.72,1209,0.2,37,1107.0,91.56,2026-09-24
REXPRO,SM,24-Sep-2026,36.0,34.85,34.85,34.85,34.85,2000,0.7,2,2000.0,100.0,2026-09-24
RFBL,ST,24-Sep-2026,97.5,102.3,102.35,98.0,101.0,225000,226.42,16,222000.0,98.67,2026-09-24
RGL,EQ,24-Sep-2026,170.48,170.49,173.0,164.12,166.3,1450286,2425.97,17236,554981.0,38.27,2026-09-24
RHETAN,EQ,24-Sep-2026,16.79,15.96,15.96,15.96,15.96,738428,117.85,1138,738428.0,100.0,2026-09-24
RHFL,BZ,24-Sep-2026,1.69,1.69,1.73,1.65,1.68,552488,9.27,876,,,2026-09-24
RHIM,EQ,24-Sep-2026,388.85,385.0,386.75,380.0,383.8,551183,2114.02,19313,275555.0,49.99,2026-09-24
RHL,EQ,24-Sep-2026,173.1,173.0,179.0,170.25,177.76,462,0.8,21,413.0,89.39,2026-09-24
RICOAUTO,EQ,24-Sep-2026,129.23,129.0,133.74,127.29,130.67,1542883,2021.44,15989,410695.0,26.62,2026-09-24
RIIL,EQ,24-Sep-2026,719.95,719.0,719.0,700.6,703.45,41538,293.41,2043,15865.0,38.19,2026-09-24
RIIT,IV,24-Sep-2026,119.62,119.1,119.62,118.9,118.91,154686,184.13,4784,148851.0,96.23,2026-09-24
RILINFRA,SM,24-Sep-2026,33.05,33.05,33.55,32.55,33.2,4800,1.59,27,3200.0,66.67,2026-09-24
RIR,EQ,24-Sep-2026,189.75,187.99,191.21,182.22,184.03,636443,1186.37,10471,172075.0,27.04,2026-09-24
RISHABH,EQ,24-Sep-2026,738.95,735.0,746.9,697.1,704.55,128028,917.78,5296,78514.0,61.33,2026-09-24
RITCO,EQ,24-Sep-2026,289.75,292.5,298.7,285.0,286.1,114579,332.8,3108,55917.0,48.8,2026-09-24
RITES,EQ,24-Sep-2026,204.05,203.03,203.69,201.0,201.74,329723,666.29,9069,166403.0,50.47,2026-09-24
RITEZONE,SM,24-Sep-2026,19.4,18.5,18.5,18.5,18.5,1600,0.3,1,1600.0,100.0,2026-09-24
RKDL,EQ,24-Sep-2026,18.49,18.77,18.77,18.26,18.66,7008,1.29,58,5735.0,81.84,2026-09-24
RKEC,EQ,24-Sep-2026,19.04,19.67,22.84,18.8,22.84,234560,50.93,694,157547.0,67.17,2026-09-24
RKFORGE,EQ,24-Sep-2026,710.2,705.5,720.85,701.0,709.55,397737,2826.2,14587,198991.0,50.03,2026-09-24
RKSWAMY,EQ,24-Sep-2026,92.45,93.95,94.39,91.01,91.72,46656,43.3,574,31363.0,67.22,2026-09-24
RMC,EQ,24-Sep-2026,221.94,221.93,223.15,215.0,216.75,13798,30.07,706,8148.0,59.05,2026-09-24
RMDRIP,BE,24-Sep-2026,23.61,23.61,24.05,23.5,23.5,371800,87.8,461,,,2026-09-24
RML,EQ,24-Sep-2026,1356.7,1356.7,1395.0,1337.1,1362.8,112125,1542.49,9910,33962.0,30.29,2026-09-24
RNBDENIMS,BE,24-Sep-2026,9.13,9.37,9.37,9.1,9.14,100887,9.3,365,,,2026-09-24
RNFI,SM,24-Sep-2026,311.0,311.0,322.2,309.05,318.3,19800,62.73,30,14400.0,72.73,2026-09-24
RNPL,SM,24-Sep-2026,54.15,55.0,56.85,55.0,56.85,4800,2.69,4,4800.0,100.0,2026-09-24
ROCKINGDCE,SM,24-Sep-2026,217.0,210.0,226.0,210.0,218.5,16000,34.73,41,9750.0,60.94,2026-09-24
ROHLTD,EQ,24-Sep-2026,309.75,309.75,309.75,302.0,304.0,11622,35.46,855,6537.0,56.25,2026-09-24
ROLEXRINGS,EQ,24-Sep-2026,183.58,183.58,184.34,178.91,181.41,1604576,2917.84,22266,770775.0,48.04,2026-09-24
ROLLT,BE,24-Sep-2026,6.41,6.39,6.39,6.09,6.09,174023,10.66,318,,,2026-09-24
ROML,EQ,24-Sep-2026,41.87,41.55,42.0,41.21,41.87,1600,0.67,47,1213.0,75.81,2026-09-24
ROSSARI,EQ,24-Sep-2026,454.8,451.3,451.4,441.5,446.5,46736,208.63,4013,22798.0,48.78,2026-09-24
ROSSELLIND,EQ,24-Sep-2026,52.03,51.25,52.29,51.07,51.73,21996,11.39,400,15208.0,69.14,2026-09-24
ROSSTECH,EQ,24-Sep-2026,1449.8,1440.1,1473.5,1409.3,1418.9,111226,1594.04,14502,43449.0,39.06,2026-09-24
ROTO,EQ,24-Sep-2026,63.13,62.98,66.23,62.32,63.77,1667390,1080.93,10537,238109.0,14.28,2026-09-24
ROUTE,EQ,24-Sep-2026,473.25,470.9,471.45,463.0,464.3,110981,517.93,5201,49892.0,44.96,2026-09-24
ROXHITECH,SM,24-Sep-2026,46.65,48.0,48.0,47.0,47.35,17600,8.38,11,17600.0,100.0,2026-09-24
ROYALARC,SM,24-Sep-2026,160.0,156.0,156.0,156.0,156.0,1200,1.87,1,1200.0,100.0,2026-09-24
RPEL,EQ,24-Sep-2026,1711.7,1694.5,1745.9,1669.6,1698.4,49456,842.47,7580,20294.0,41.03,2026-09-24
RPGLIFE,EQ,24-Sep-2026,3025.4,3040.0,3040.6,2880.6,2899.9,62443,1838.06,10587,26207.0,41.97,2026-09-24
RPOWER,EQ,24-Sep-2026,21.03,21.0,21.01,20.58,20.67,12599620,2612.43,24379,5024522.0,39.88,2026-09-24
RPPINFRA,EQ,24-Sep-2026,55.05,54.3,55.0,54.0,54.41,22062,11.99,411,13824.0,62.66,2026-09-24
RPPL,BE,24-Sep-2026,20.46,20.46,20.46,19.5,19.7,82758,16.38,89,,,2026-09-24
RPSGVENT,EQ,24-Sep-2026,851.75,869.0,869.0,839.2,844.45,22823,193.33,1241,12462.0,54.6,2026-09-24
RPTECH,EQ,24-Sep-2026,898.7,881.8,896.7,873.0,883.5,177454,1572.24,11366,87406.0,49.26,2026-09-24
RRECL,EQ,24-Sep-2026,137.0,130.0,136.9,124.0,133.12,298,0.39,27,249.0,83.56,2026-09-24
RRIL,EQ,24-Sep-2026,16.04,16.1,16.26,15.75,16.17,10313,1.65,102,7546.0,73.17,2026-09-24
RRKABEL,EQ,24-Sep-2026,2476.7,2462.7,2545.1,2460.0,2529.8,356342,8951.26,38821,165090.0,46.33,2026-09-24
RSDFIN,BE,24-Sep-2026,88.07,90.0,90.0,90.0,90.0,1,0.0,1,,,2026-09-24
RSL,EQ,24-Sep-2026,184.02,184.0,187.5,180.72,181.92,228791,420.81,6375,90728.0,39.66,2026-09-24
RSSOFTWARE,EQ,24-Sep-2026,32.39,32.39,33.5,31.05,31.24,27801,9.04,175,18674.0,67.17,2026-09-24
RSWM,EQ,24-Sep-2026,225.28,224.16,225.62,216.1,220.51,85731,188.46,1670,56113.0,65.45,2026-09-24
RSYSTEMS,EQ,24-Sep-2026,239.6,239.17,241.51,236.13,237.43,145166,346.75,2818,90886.0,62.61,2026-09-24
RTNINDIA,EQ,24-Sep-2026,27.45,27.5,27.51,26.24,26.57,1099558,294.61,6010,481402.0,43.78,2026-09-24
RTNPOWER,EQ,24-Sep-2026,7.11,7.11,7.12,7.0,7.02,13603465,956.85,11936,6998705.0,51.45,2026-09-24
RTSPOWR,EQ,24-Sep-2026,89.0,85.05,91.85,85.05,87.16,757,0.66,36,431.0,56.94,2026-09-24
RUBFILA,EQ,24-Sep-2026,66.04,66.04,66.99,63.25,63.79,67396,43.71,832,39446.0,58.53,2026-09-24
RUBICON,EQ,24-Sep-2026,1674.8,1665.0,1693.2,1641.0,1676.1,265569,4423.82,33682,139331.0,52.47,2026-09-24
RUBYMILLS,EQ,24-Sep-2026,490.2,490.2,510.0,465.65,494.6,31875,158.7,2009,15956.0,50.06,2026-09-24
RUCHINFRA,EQ,24-Sep-2026,5.25,5.46,5.46,5.01,5.13,45578,2.34,252,27687.0,60.75,2026-09-24
RUCHIRA,EQ,24-Sep-2026,105.77,105.0,105.4,103.92,104.53,21423,22.42,483,13587.0,63.42,2026-09-24
RUDRA,EQ,24-Sep-2026,19.81,19.55,19.9,18.86,19.26,42631,8.25,197,30160.0,70.75,2026-09-24
RULKA,SM,24-Sep-2026,105.2,105.2,106.95,105.2,106.95,900,0.96,3,600.0,66.67,2026-09-24
RUPA,EQ,24-Sep-2026,140.63,140.0,140.0,135.4,136.0,211159,289.09,4279,127215.0,60.25,2026-09-24
RUSHIL,EQ,24-Sep-2026,16.78,16.86,17.1,16.42,16.63,179384,29.97,449,127122.0,70.87,2026-09-24
RUSTOMJEE,EQ,24-Sep-2026,365.75,365.75,367.65,355.2,364.0,43140,156.92,1107,25594.0,59.33,2026-09-24
RVHL,EQ,24-Sep-2026,39.48,39.69,39.69,37.53,38.83,27826,10.74,191,25185.0,90.51,2026-09-24
RVNL,EQ,24-Sep-2026,211.77,209.75,210.1,205.26,206.0,2862163,5948.18,31087,996892.0,34.83,2026-09-24
RVTH,EQ,24-Sep-2026,641.15,642.05,696.8,641.95,661.0,754,5.0,58,582.0,77.19,2026-09-24
S&SPOWER,EQ,24-Sep-2026,318.05,319.6,326.4,310.0,315.35,1797,5.69,134,1381.0,76.85,2026-09-24
SAAKSHI,ST,24-Sep-2026,380.75,380.0,380.0,373.15,373.15,4200,15.82,6,4200.0,100.0,2026-09-24
SAATVIKGL,EQ,24-Sep-2026,447.6,446.8,449.9,435.5,437.95,114648,506.88,3443,50500.0,44.05,2026-09-24
SAB,EQ,24-Sep-2026,170.0,170.0,170.0,170.0,170.0,46,0.08,2,46.0,100.0,2026-09-24
SACHEEROME,SM,24-Sep-2026,498.55,499.0,504.95,477.2,480.85,16500,80.67,54,12900.0,78.18,2026-09-24
SADBHAV,EQ,24-Sep-2026,7.71,7.72,7.72,7.5,7.54,174570,13.2,291,112753.0,64.59,2026-09-24
SADBHIN,EQ,24-Sep-2026,2.59,2.59,2.63,2.56,2.59,65283,1.7,132,50842.0,77.88,2026-09-24
SADHAV,SM,24-Sep-2026,105.0,103.0,105.0,103.0,105.0,3000,3.11,5,1800.0,60.0,2026-09-24
SADHNANIQ,BE,24-Sep-2026,2.75,2.75,2.88,2.63,2.82,2972259,81.54,1099,,,2026-09-24
SAFARI,EQ,24-Sep-2026,1491.6,1482.1,1495.0,1475.9,1481.2,14060,208.39,3554,7232.0,51.44,2026-09-24
SAFEENTP,SM,24-Sep-2026,250.05,247.65,249.7,242.5,244.65,22000,54.25,41,15500.0,70.45,2026-09-24
SAGARDEEP,EQ,24-Sep-2026,24.36,24.38,24.38,23.52,23.7,3152,0.75,89,2122.0,67.32,2026-09-24
SAGCEM,EQ,24-Sep-2026,152.68,152.99,153.49,151.0,151.76,26975,41.04,626,18826.0,69.79,2026-09-24
SAGILITY,EQ,24-Sep-2026,45.99,45.5,45.71,44.82,45.0,10874146,4913.62,21931,6156687.0,56.62,2026-09-24
SAHAJSOLAR,SM,24-Sep-2026,89.85,89.5,89.95,88.05,89.35,7200,6.4,18,6400.0,88.89,2026-09-24
SAHANA,SM,24-Sep-2026,863.05,840.0,870.0,840.0,851.15,15150,129.39,78,11700.0,77.23,2026-09-24
SAHASRA,SM,24-Sep-2026,389.0,408.45,408.45,408.45,408.45,32000,130.7,39,32000.0,100.0,2026-09-24
SAHLIBHFI,EQ,24-Sep-2026,76.03,77.0,81.78,76.5,78.24,15818,12.52,637,7541.0,47.67,2026-09-24
SAHYADRI,EQ,24-Sep-2026,369.6,360.0,383.0,356.6,366.85,14940,55.84,870,9143.0,61.2,2026-09-24
SAICAPI,EQ,24-Sep-2026,155.69,157.25,157.25,142.15,146.03,488,0.72,27,452.0,92.62,2026-09-24
SAIFL,SM,24-Sep-2026,4.25,4.3,4.3,4.2,4.3,68000,2.9,16,52000.0,76.47,2026-09-24
SAIL,EQ,24-Sep-2026,185.44,182.7,191.36,182.15,184.0,24815644,46583.15,101689,7493765.0,30.2,2026-09-24
SAILIFE,EQ,24-Sep-2026,1609.6,1601.0,1649.8,1589.0,1594.9,518814,8404.05,32097,159562.0,30.76,2026-09-24
SAIPARENT,EQ,24-Sep-2026,509.3,509.3,524.0,501.25,506.4,84888,436.0,3300,33420.0,39.37,2026-09-24
SAJHOTELS,ST,24-Sep-2026,34.4,32.8,32.8,32.7,32.7,14000,4.58,7,12000.0,85.71,2026-09-24
SAKAR,EQ,24-Sep-2026,1162.65,1158.0,1189.9,1109.95,1128.55,121571,1395.73,11009,53526.0,44.03,2026-09-24
SAKHTISUG,EQ,24-Sep-2026,18.23,18.2,18.23,17.86,17.96,79745,14.39,518,49299.0,61.82,2026-09-24
SAKSOFT,EQ,24-Sep-2026,147.79,145.61,148.55,142.9,143.53,188469,272.05,3092,85524.0,45.38,2026-09-24
SAKUMA,EQ,24-Sep-2026,1.67,1.67,1.75,1.6,1.66,2472729,40.86,1693,1312880.0,53.09,2026-09-24
SALASAR,EQ,24-Sep-2026,4.94,4.92,4.94,4.86,4.91,2533913,123.94,2818,1765447.0,69.67,2026-09-24
SALONA,EQ,24-Sep-2026,270.65,266.0,279.95,256.6,274.25,3076,8.22,242,2165.0,70.38,2026-09-24
SALSTEEL,EQ,24-Sep-2026,85.02,86.8,89.27,85.21,89.27,974201,862.78,2588,490828.0,50.38,2026-09-24
SALZERELEC,EQ,24-Sep-2026,549.05,551.1,551.1,532.0,538.65,22627,122.22,1916,13762.0,60.82,2026-09-24
SAMBANDAM,EQ,24-Sep-2026,102.5,103.0,107.0,103.0,107.0,11,0.01,3,11.0,100.0,2026-09-24
SAMBHAAV,EQ,24-Sep-2026,5.98,6.1,6.1,5.64,5.89,5858,0.35,81,3523.0,60.14,2026-09-24
SAMBHV,EQ,24-Sep-2026,158.22,157.0,157.14,151.53,152.36,2398819,3698.43,25057,1049173.0,43.74,2026-09-24
SAMHI,EQ,24-Sep-2026,160.01,160.64,161.7,157.76,158.94,618453,985.65,10249,318456.0,51.49,2026-09-24
SAMMAANCAP,EQ,24-Sep-2026,144.48,143.55,144.42,140.0,140.55,3981880,5636.94,23102,2322705.0,58.33,2026-09-24
SAMPANN,EQ,24-Sep-2026,24.34,24.34,24.45,23.81,24.08,8544,2.06,143,6143.0,71.9,2026-09-24
SANATHAN,EQ,24-Sep-2026,506.35,504.35,544.3,504.35,529.25,786460,4166.08,31440,281721.0,35.82,2026-09-24
SANDESH,EQ,24-Sep-2026,1027.0,1027.0,1038.0,1006.0,1014.3,216,2.2,63,157.0,72.69,2026-09-24
SANDHAR,EQ,24-Sep-2026,591.75,580.8,585.9,561.35,575.65,179293,1034.85,11662,92215.0,51.43,2026-09-24
SANDUMA,EQ,24-Sep-2026,188.06,186.4,186.4,182.66,183.11,365304,671.84,7285,201937.0,55.28,2026-09-24
SANGAMIND,EQ,24-Sep-2026,570.85,565.0,594.55,563.1,579.7,38862,226.4,2254,17747.0,45.67,2026-09-24
SANGHVIMOV,EQ,24-Sep-2026,441.75,439.4,460.65,430.55,446.45,406457,1827.88,14863,159268.0,39.18,2026-09-24
SANGINITA,BE,24-Sep-2026,75.39,76.89,76.89,73.89,73.89,296633,226.53,306,,,2026-09-24
SANOFI,EQ,24-Sep-2026,3052.4,3075.0,3220.9,3075.0,3132.7,112839,3560.26,16500,30690.0,27.2,2026-09-24
SANOFICONR,EQ,24-Sep-2026,4005.4,3999.0,4068.4,3955.0,3971.3,4134,165.2,1631,2321.0,56.14,2026-09-24
SANSERA,EQ,24-Sep-2026,4621.4,4600.0,4725.0,4535.8,4605.6,268650,12488.82,41919,128013.0,47.65,2026-09-24
SANSTAR,EQ,24-Sep-2026,111.15,110.5,110.85,108.7,109.4,138568,152.09,7357,62925.0,45.41,2026-09-24
SANWARIA,BZ,24-Sep-2026,0.19,0.19,0.2,0.19,0.19,380152,0.74,134,,,2026-09-24
SAPPHIRE,EQ,24-Sep-2026,231.48,229.69,231.0,222.68,225.7,411301,929.3,11407,149493.0,36.35,2026-09-24
SAPPL,EQ,24-Sep-2026,273.1,271.45,284.3,270.0,278.15,794,2.19,35,625.0,78.72,2026-09-24
SARDAEN,EQ,24-Sep-2026,505.95,505.0,508.35,496.8,499.45,204170,1026.44,10748,107972.0,52.88,2026-09-24
SAREGAMA,EQ,24-Sep-2026,507.0,502.0,507.0,495.2,498.45,202297,1011.58,10633,90781.0,44.88,2026-09-24
SARLAPOLY,EQ,24-Sep-2026,100.03,101.59,101.59,99.0,99.99,27669,27.6,569,21947.0,79.32,2026-09-24
SARTELE,SM,24-Sep-2026,83.05,82.0,99.4,82.0,98.4,287500,271.39,443,189000.0,65.74,2026-09-24
SARVESHWAR,EQ,24-Sep-2026,3.66,3.7,3.7,3.63,3.63,798944,29.16,1513,640784.0,80.2,2026-09-24
SASKEN,EQ,24-Sep-2026,1780.6,1809.9,1809.9,1730.5,1736.8,13119,230.48,2049,7918.0,60.36,2026-09-24
SATECH,SM,24-Sep-2026,37.5,37.5,37.5,36.1,36.1,13000,4.76,13,9000.0,69.23,2026-09-24
SATIA,EQ,24-Sep-2026,67.24,66.85,68.18,66.45,67.67,68295,45.96,1060,43096.0,63.1,2026-09-24
SATIN,EQ,24-Sep-2026,225.3,224.95,227.38,220.04,226.15,243175,546.53,3905,129484.0,53.25,2026-09-24
SATIPOLY,SM,24-Sep-2026,34.4,36.1,36.1,33.5,33.5,3000,1.02,3,3000.0,100.0,2026-09-24
SATKARTAR,SM,24-Sep-2026,164.55,168.0,182.5,167.0,179.45,199200,352.6,208,135200.0,67.87,2026-09-24
SATTVAENGG,SM,24-Sep-2026,58.0,59.9,59.9,52.95,57.3,57600,31.99,32,38400.0,66.67,2026-09-24
SAURASHCEM,EQ,24-Sep-2026,53.86,53.8,54.2,52.5,52.76,47022,25.12,856,27134.0,57.7,2026-09-24
SAWALIYA,SM,24-Sep-2026,159.6,161.0,162.0,158.5,158.95,11400,18.19,13,6600.0,57.89,2026-09-24
SAYAJIHOTL,EQ,24-Sep-2026,327.0,325.0,329.0,325.0,327.0,17,0.06,4,17.0,100.0,2026-09-24
SAYAJIIND,EQ,24-Sep-2026,122.0,116.0,122.0,116.0,122.0,641,0.77,54,590.0,92.04,2026-09-24
SBC,EQ,24-Sep-2026,48.78,49.03,49.65,47.9,48.01,8735953,4253.44,6643,3524824.0,40.35,2026-09-24
SBCL,EQ,24-Sep-2026,1156.0,1153.2,1184.9,1137.0,1143.2,198267,2297.41,13802,80288.0,40.49,2026-09-24
SBFC,EQ,24-Sep-2026,91.21,90.99,91.35,88.74,89.14,962702,863.04,9637,631391.0,65.59,2026-09-24
SBGLP,EQ,24-Sep-2026,24.31,23.64,25.45,22.1,22.89,202878,47.73,1163,123305.0,60.78,2026-09-24
SBIBPB,EQ,24-Sep-2026,48.41,48.75,48.75,47.82,48.03,26580,12.8,324,17600.0,66.22,2026-09-24
SBICARD,EQ,24-Sep-2026,635.0,632.0,642.3,616.2,618.4,1184379,7417.53,33735,524886.0,44.32,2026-09-24
SBIETFCON,EQ,24-Sep-2026,119.33,120.53,120.53,117.28,117.45,3128,3.7,102,1575.0,50.35,2026-09-24
SBIETFIT,EQ,24-Sep-2026,314.58,316.99,316.99,312.06,312.82,5296,16.61,217,3294.0,62.2,2026-09-24
SBIETFPB,EQ,24-Sep-2026,280.47,274.86,280.01,273.19,275.05,1329913,3657.19,812,1315133.0,98.89,2026-09-24
SBIETFQLTY,EQ,24-Sep-2026,214.2,214.01,214.01,211.18,211.29,1544,3.28,69,1461.0,94.62,2026-09-24
SBIFUNDS,EQ,24-Sep-2026,551.35,548.0,548.35,536.0,537.6,852645,4605.23,40059,529551.0,62.11,2026-09-24
SBILIFE,EQ,24-Sep-2026,1760.0,1710.0,1791.4,1699.9,1755.0,3449627,60821.15,127769,1782128.0,51.66,2026-09-24
SBILIQETF,EQ,24-Sep-2026,1057.04,1057.18,1057.2,1057.18,1057.19,70404,744.31,53,67910.0,96.46,2026-09-24
SBIMIDMOM,EQ,24-Sep-2026,63.65,63.5,63.5,62.4,62.44,31346,19.66,183,28584.0,91.19,2026-09-24
SBIN,EQ,24-Sep-2026,994.1,982.3,992.0,975.8,978.5,13724672,134684.9,123600,9938065.0,72.41,2026-09-24
SBINEQWETF,EQ,24-Sep-2026,32.64,32.59,32.59,32.12,32.17,66640,21.49,321,46381.0,69.6,2026-09-24
SBINMID150,EQ,24-Sep-2026,23.01,23.01,23.01,22.49,22.61,45366,10.22,185,25679.0,56.6,2026-09-24
SBISILVER,EQ,24-Sep-2026,225.79,223.81,223.82,221.04,221.28,1118425,2489.57,6380,597515.0,53.42,2026-09-24
SBISMLETF,EQ,24-Sep-2026,18.4,18.49,18.57,18.1,18.2,47840,8.74,242,36556.0,76.41,2026-09-24
SBIVALETF,EQ,24-Sep-2026,14.58,14.65,14.65,14.3,14.43,31178,4.5,65,21755.0,69.78,2026-09-24
SCANSTL,BE,24-Sep-2026,51.79,51.38,52.0,50.0,50.99,48547,24.81,155,,,2026-09-24
SCHAEFFLER,EQ,24-Sep-2026,4085.7,4062.0,4093.0,4000.0,4024.2,47083,1911.0,5551,36233.0,76.96,2026-09-24
SCHAND,EQ,24-Sep-2026,137.86,136.01,138.4,135.1,137.13,22847,31.33,816,13455.0,58.89,2026-09-24
SCHNEIDER,EQ,24-Sep-2026,1243.4,1243.4,1243.4,1215.0,1218.8,84376,1033.1,9389,48742.0,57.77,2026-09-24
SCI,EQ,24-Sep-2026,279.05,276.0,280.3,274.1,276.6,1057549,2921.65,20693,394570.0,37.31,2026-09-24
SCILAL,EQ,24-Sep-2026,38.2,38.38,38.38,37.0,37.29,375079,140.69,1693,225906.0,60.23,2026-09-24
SCML,SM,24-Sep-2026,77.0,76.0,76.0,75.0,75.0,2000,1.51,2,2000.0,100.0,2026-09-24
SCODATUBES,EQ,24-Sep-2026,137.74,137.74,138.14,131.01,133.79,556368,745.9,5806,341198.0,61.33,2026-09-24
SCPL,BE,24-Sep-2026,650.0,663.95,663.95,624.0,630.55,7631,48.5,240,,,2026-09-24
SDBL,EQ,24-Sep-2026,67.89,67.89,67.89,66.8,67.24,207968,139.94,2488,131307.0,63.14,2026-09-24
SEAMECLTD,EQ,24-Sep-2026,1752.7,1730.2,1764.5,1719.6,1730.1,27330,474.86,3908,14146.0,51.76,2026-09-24
SECLEDBETA,EQ,24-Sep-2026,14.36,14.36,14.8,14.2,14.25,222461,32.02,95,198878.0,89.4,2026-09-24
SECMARK,EQ,24-Sep-2026,141.03,143.35,143.35,140.0,142.5,3193,4.48,22,3135.0,98.18,2026-09-24
SECURKLOUD,EQ,24-Sep-2026,16.61,16.69,17.08,16.43,16.72,28849,4.82,171,24085.0,83.49,2026-09-24
SEDEMAC,EQ,24-Sep-2026,3035.2,2998.0,3350.0,2998.0,3313.6,1058936,34087.62,96711,309706.0,29.25,2026-09-24
SEIL,EQ,24-Sep-2026,197.86,199.0,200.0,192.78,194.69,217128,425.0,2354,161894.0,74.56,2026-09-24
SEJALLTD,EQ,24-Sep-2026,699.6,702.0,724.5,669.3,683.05,13503,93.68,795,7934.0,58.76,2026-09-24
SEKURITIND,EQ,24-Sep-2026,113.82,114.8,114.8,111.05,111.52,12064,13.58,281,8537.0,70.76,2026-09-24
SEL,SM,24-Sep-2026,353.75,336.25,371.3,336.2,356.35,1800,6.33,9,1800.0,100.0,2026-09-24
SELECTIPO,EQ,24-Sep-2026,48.93,48.49,48.65,47.46,47.51,67314,32.33,222,41043.0,60.97,2026-09-24
SELLOWRAP,SM,24-Sep-2026,67.5,64.35,65.35,64.35,64.7,4800,3.1,3,3200.0,66.67,2026-09-24
SEMAC,EQ,24-Sep-2026,265.65,260.05,271.8,260.05,268.4,170,0.45,40,114.0,67.06,2026-09-24
SENCO,EQ,24-Sep-2026,342.25,338.5,339.6,333.65,336.0,507270,1705.38,17023,251872.0,49.65,2026-09-24
SENORES,EQ,24-Sep-2026,1383.4,1384.5,1398.0,1341.0,1344.3,217301,2955.47,16740,111057.0,51.11,2026-09-24
SENSEXADD,EQ,24-Sep-2026,77.06,76.74,76.85,76.11,76.33,19345,14.75,265,18541.0,95.84,2026-09-24
SENSEXAXIS,EQ,24-Sep-2026,77.86,78.28,78.28,76.5,76.71,6723,5.18,100,5546.0,82.49,2026-09-24
SENSEXBETA,EQ,24-Sep-2026,828.72,830.89,830.89,817.1,821.01,1992,16.34,162,1781.0,89.41,2026-09-24
SENSEXETF,EQ,24-Sep-2026,77.37,77.4,77.4,76.0,76.18,200011,153.18,630,181429.0,90.71,2026-09-24
SENSEXIETF,EQ,24-Sep-2026,861.59,855.01,856.68,847.88,850.2,16831,143.39,733,13566.0,80.6,2026-09-24
SEPC,EQ,24-Sep-2026,5.22,5.06,5.18,5.06,5.12,5340821,273.45,3745,3295025.0,61.7,2026-09-24
SERVOTECH,EQ,24-Sep-2026,71.67,71.0,71.19,70.2,70.29,329681,232.4,3745,180662.0,54.8,2026-09-24
SESHAPAPER,EQ,24-Sep-2026,247.95,245.73,250.0,244.0,244.74,23085,56.96,570,15890.0,68.83,2026-09-24
SETCO,BE,24-Sep-2026,17.04,16.51,17.89,16.51,17.89,135183,23.88,186,,,2026-09-24
SETF10GILT,EQ,24-Sep-2026,263.59,263.0,263.8,261.85,263.36,4119,10.85,56,3965.0,96.26,2026-09-24
SETFGOLD,EQ,24-Sep-2026,128.64,128.22,128.22,127.25,127.35,4102003,5233.18,10243,2524894.0,61.55,2026-09-24
SETFNIF50,EQ,24-Sep-2026,252.66,258.97,258.97,248.7,249.39,1650846,4126.83,7783,1389598.0,84.17,2026-09-24
SETFNIFBK,EQ,24-Sep-2026,580.67,578.47,578.47,569.6,571.57,96046,549.54,1515,54463.0,56.71,2026-09-24
SETFNN50,EQ,24-Sep-2026,776.31,774.99,775.0,766.42,769.51,31794,244.77,1056,25509.0,80.23,2026-09-24
SETL,EQ,24-Sep-2026,407.0,406.95,420.0,398.05,402.8,589754,2413.42,10019,314948.0,53.4,2026-09-24
SETUINFRA,BZ,24-Sep-2026,0.57,0.56,0.56,0.56,0.56,1498,0.01,10,,,2026-09-24
SEYAIND,BE,24-Sep-2026,13.9,13.91,14.16,13.63,14.05,11376,1.6,52,,,2026-09-24
SFL,EQ,24-Sep-2026,643.1,644.6,651.3,638.1,642.4,124707,802.99,11397,61762.0,49.53,2026-09-24
SFML,SM,24-Sep-2026,20.8,20.75,21.0,20.55,20.9,6400,1.33,4,6400.0,100.0,2026-09-24
SGBAPR28I,GB,24-Sep-2026,15150.04,15030.0,15130.0,14995.01,15010.9,808,121.4,41,519.0,64.23,2026-09-24
SGBAUG27,GB,24-Sep-2026,15070.0,15070.0,15070.0,14861.0,14928.0,33,4.93,16,17.0,51.52,2026-09-24
SGBAUG28V,GB,24-Sep-2026,15044.13,15100.0,15100.0,14915.0,14938.06,386,57.77,95,277.0,71.76,2026-09-24
SGBAUG29V,GB,24-Sep-2026,15107.06,15138.0,15144.99,14961.01,15020.05,64,9.62,23,51.0,79.69,2026-09-24
SGBAUG30,GB,24-Sep-2026,15380.0,15206.0,15375.0,15200.0,15210.0,150,22.94,60,116.0,77.33,2026-09-24
SGBD29VIII,GB,24-Sep-2026,15138.49,15140.0,15250.0,15000.0,15000.0,141,21.25,43,99.0,70.21,2026-09-24
SGBDC27VII,GB,24-Sep-2026,15090.0,14901.0,15150.0,14901.0,14990.0,25,3.75,13,17.0,68.0,2026-09-24
SGBDE30III,GB,24-Sep-2026,15298.0,15200.0,15350.0,15180.03,15204.11,150,22.86,57,94.0,62.67,2026-09-24
SGBDE31III,GB,24-Sep-2026,15481.36,15429.0,15470.0,15386.0,15400.56,438,67.55,147,347.0,79.22,2026-09-24
SGBDEC26,GB,24-Sep-2026,15100.0,15099.98,15100.0,15099.98,15100.0,6,0.91,4,6.0,100.0,2026-09-24
SGBFEB27,GB,24-Sep-2026,15145.35,14842.0,14930.0,14842.0,14899.9,17,2.53,8,8.0,47.06,2026-09-24
SGBFEB29XI,GB,24-Sep-2026,15100.0,14911.0,14936.4,14910.01,14935.17,16,2.39,6,8.0,50.0,2026-09-24
SGBFEB32IV,GB,24-Sep-2026,15713.26,15511.0,15723.99,15511.0,15592.55,735,115.02,169,505.0,68.71,2026-09-24
SGBJ28VIII,GB,24-Sep-2026,15078.99,15000.01,15049.98,15000.01,15049.98,6,0.9,2,6.0,100.0,2026-09-24
SGBJAN29IX,GB,24-Sep-2026,15070.0,15070.0,15070.0,14915.0,14915.6,71,10.62,21,62.0,87.32,2026-09-24
SGBJAN29X,GB,24-Sep-2026,15076.25,14975.0,14980.0,14916.0,14916.8,31,4.64,14,31.0,100.0,2026-09-24
SGBJAN30IX,GB,24-Sep-2026,15190.1,15100.0,15170.0,15001.01,15145.0,48,7.24,23,47.0,97.92,2026-09-24
SGBJU29III,GB,24-Sep-2026,15125.0,15045.0,15045.0,14920.0,14922.32,61,9.11,22,38.0,62.3,2026-09-24
SGBJUL27,GB,24-Sep-2026,15050.0,15050.0,15050.0,15050.0,15050.0,5,0.75,3,5.0,100.0,2026-09-24
SGBJUL28IV,GB,24-Sep-2026,15035.88,14910.01,14985.0,14831.0,14895.9,205,30.61,46,170.0,82.93,2026-09-24
SGBJUL29IV,GB,24-Sep-2026,15133.09,15000.0,15000.01,14942.0,14999.89,73,10.93,19,42.0,57.53,2026-09-24
SGBJUN28,GB,24-Sep-2026,15059.0,15298.0,15298.0,14900.0,14925.83,210,31.48,58,127.0,60.48,2026-09-24
SGBJUN29II,GB,24-Sep-2026,15097.5,15090.0,15090.0,14965.0,14965.0,54,8.13,15,42.0,77.78,2026-09-24
SGBJUN30,GB,24-Sep-2026,15292.17,15299.0,15299.0,15045.0,15200.0,83,12.62,23,61.0,73.49,2026-09-24
SGBJUN31I,GB,24-Sep-2026,15376.18,15325.0,15374.99,15285.1,15325.92,323,49.5,70,280.0,86.69,2026-09-24
SGBMAR28X,GB,24-Sep-2026,15990.0,15500.0,15500.0,14836.11,14899.9,19,2.83,4,11.0,57.89,2026-09-24
SGBMAR30X,GB,24-Sep-2026,15136.0,15100.0,15298.0,14970.0,15003.93,29,4.38,18,21.0,72.41,2026-09-24
SGBMAR31IV,GB,24-Sep-2026,15350.0,15240.01,15379.88,15156.36,15229.35,173,26.43,61,109.0,63.01,2026-09-24
SGBMAY28,GB,24-Sep-2026,15091.14,14925.61,15085.0,14910.0,14920.0,8,1.2,5,8.0,100.0,2026-09-24
SGBMAY29I,GB,24-Sep-2026,15099.99,15050.0,15050.0,14921.0,14936.0,508,76.19,72,390.0,76.77,2026-09-24
SGBMR29XII,GB,24-Sep-2026,15098.36,15099.0,15099.0,14921.0,14995.48,308,46.17,90,237.0,76.95,2026-09-24
SGBN28VIII,GB,24-Sep-2026,15120.0,15002.0,15003.0,14941.0,14949.98,90,13.47,15,70.0,77.78,2026-09-24
SGBNV29VII,GB,24-Sep-2026,15106.63,15105.0,15105.0,14951.0,14961.48,58,8.7,23,37.0,63.79,2026-09-24
SGBOC28VII,GB,24-Sep-2026,15180.0,15040.2,15050.0,14951.0,14951.0,145,21.74,14,132.0,91.03,2026-09-24
SGBOCT27,GB,24-Sep-2026,15105.0,15000.0,15000.0,14901.0,14950.5,2,0.3,2,2.0,100.0,2026-09-24
SGBOCT27VI,GB,24-Sep-2026,15115.0,14963.85,14963.85,14963.85,14963.85,1,0.15,1,1.0,100.0,2026-09-24
SGBSEP27,GB,24-Sep-2026,15049.9,15000.0,15000.0,15000.0,15000.0,1,0.15,1,1.0,100.0,2026-09-24
SGBSEP28VI,GB,24-Sep-2026,15051.66,14990.0,14998.99,14855.01,14899.06,58,8.67,37,48.0,82.76,2026-09-24
SGBSEP29VI,GB,24-Sep-2026,15094.54,15074.0,15094.54,14926.0,14942.72,331,49.63,121,229.0,69.18,2026-09-24
SGBSEP31II,GB,24-Sep-2026,15356.78,15350.0,15369.0,15287.53,15292.88,598,91.72,115,501.0,83.78,2026-09-24
SGFIN,EQ,24-Sep-2026,622.15,622.75,622.75,591.95,601.55,266998,1618.15,10967,142628.0,53.42,2026-09-24
SGIL,EQ,24-Sep-2026,668.5,664.4,666.35,633.35,646.6,11360,73.86,891,5093.0,44.83,2026-09-24
SGL,EQ,24-Sep-2026,8.93,8.93,9.82,8.88,9.81,54123,5.23,256,31056.0,57.38,2026-09-24
SGLRES,EQ,24-Sep-2026,2.44,2.54,2.54,2.32,2.32,64861,1.53,140,45066.0,69.48,2026-09-24
SGMART,EQ,24-Sep-2026,731.45,731.0,732.3,710.05,717.15,157780,1135.7,8564,91073.0,57.72,2026-09-24
SGRL,EQ,24-Sep-2026,735.55,731.5,739.45,654.0,677.15,45846,321.48,2529,24784.0,54.06,2026-09-24
SHADOWFAX,EQ,24-Sep-2026,285.75,285.0,292.2,278.8,285.8,5612297,16108.02,98798,2950644.0,52.57,2026-09-24
SHAH,EQ,24-Sep-2026,3.25,3.22,3.26,3.19,3.2,1595392,51.57,626,1360240.0,85.26,2026-09-24
SHAHALLOYS,BE,24-Sep-2026,91.45,91.45,92.99,90.0,92.01,93988,86.43,151,,,2026-09-24
SHAILY,EQ,24-Sep-2026,3211.0,3210.3,3210.3,3100.0,3112.1,101352,3195.02,15652,41324.0,40.77,2026-09-24
SHAKTIPUMP,EQ,24-Sep-2026,476.8,471.9,475.05,463.65,472.15,302418,1419.77,13180,139781.0,46.22,2026-09-24
SHALBY,EQ,24-Sep-2026,145.67,145.5,149.29,142.81,143.77,118942,173.88,3088,50723.0,42.65,2026-09-24
SHALPAINTS,BE,24-Sep-2026,79.09,78.8,80.7,76.3,76.65,69597,54.07,360,,,2026-09-24
SHANKARA,EQ,24-Sep-2026,143.39,142.9,142.9,137.01,137.18,45295,63.06,1108,29306.0,64.7,2026-09-24
SHANKESH,EQ,24-Sep-2026,94.32,93.6,94.06,90.6,91.51,1871422,1721.96,13856,692680.0,37.01,2026-09-24
SHANTI,EQ,24-Sep-2026,5.7,5.9,5.9,5.5,5.62,12131,0.69,73,8886.0,73.25,2026-09-24
SHANTIGEAR,EQ,24-Sep-2026,668.05,660.0,701.45,659.25,666.25,151787,1035.32,4302,81041.0,53.39,2026-09-24
SHANTIGOLD,EQ,24-Sep-2026,288.07,287.34,291.25,281.1,283.62,4189312,11992.45,48749,1145994.0,27.36,2026-09-24
SHANTIINOR,SM,24-Sep-2026,181.1,180.05,184.45,170.25,175.95,152000,271.49,90,100800.0,66.32,2026-09-24
SHARDACROP,EQ,24-Sep-2026,758.05,760.25,760.25,738.6,740.9,101457,755.56,8701,54175.0,53.4,2026-09-24
SHARDAMOTR,EQ,24-Sep-2026,971.85,970.8,976.9,955.2,961.85,52212,504.86,5390,24427.0,46.78,2026-09-24
SHARDUL,BE,24-Sep-2026,54.8,54.45,55.59,54.45,55.28,23283,12.81,75,,,2026-09-24
SHAREINDIA,EQ,24-Sep-2026,219.98,215.57,219.88,209.09,211.85,1855459,3949.1,21494,628538.0,33.88,2026-09-24
SHARIABEES,EQ,24-Sep-2026,437.41,437.41,441.8,432.23,433.87,6880,29.89,466,5105.0,74.2,2026-09-24
SHBAJRG,EQ,24-Sep-2026,161.24,163.75,163.75,157.01,161.0,1921,3.08,77,1524.0,79.33,2026-09-24
SHEEL,ST,24-Sep-2026,58.0,58.0,60.9,58.0,60.6,10000,6.01,5,8000.0,80.0,2026-09-24
SHEETAL,SM,24-Sep-2026,354.95,354.95,357.9,354.95,357.9,1000,3.56,2,500.0,50.0,2026-09-24
SHEKHAWATI,BE,24-Sep-2026,24.85,25.6,26.09,23.65,26.09,114960,28.99,287,,,2026-09-24
SHEMAROO,BE,24-Sep-2026,123.79,123.75,124.0,121.51,122.91,8590,10.58,44,,,2026-09-24
SHERA,SM,24-Sep-2026,181.65,180.0,181.0,176.0,176.0,25000,44.43,24,18000.0,72.0,2026-09-24
SHERVANI,EQ,24-Sep-2026,320.1,325.0,325.0,325.0,325.0,3,0.01,1,3.0,100.0,2026-09-24
SHETHJI,SM,24-Sep-2026,189.25,183.15,187.8,182.1,185.5,25000,46.56,11,24000.0,96.0,2026-09-24
SHIGAN,SM,24-Sep-2026,62.0,54.25,60.0,54.0,58.55,31500,17.87,15,19500.0,61.9,2026-09-24
SHILCTECH,EQ,24-Sep-2026,4147.6,4147.0,4170.0,4046.0,4079.1,20213,831.76,4915,10555.0,52.22,2026-09-24
SHILGRAVQ,EQ,24-Sep-2026,147.67,144.2,152.0,142.0,144.95,23252,33.69,406,13251.0,56.99,2026-09-24
SHILPAMED,EQ,24-Sep-2026,1037.7,1035.8,1055.0,992.0,1007.3,622161,6379.47,34408,263490.0,42.35,2026-09-24
SHINDL,EQ,24-Sep-2026,164.13,165.73,165.73,159.0,162.78,392824,633.41,3413,134136.0,34.15,2026-09-24
SHIPROCKET,EQ,24-Sep-2026,127.23,126.0,126.8,119.52,120.46,2928780,3586.17,28624,1447595.0,49.43,2026-09-24
SHIVAAGRO,EQ,24-Sep-2026,39.74,39.74,42.58,37.24,38.99,3883,1.54,57,1951.0,50.24,2026-09-24
SHIVACEM,EQ,24-Sep-2026,15.6,15.61,15.8,15.3,15.65,28331,4.41,156,16593.0,58.57,2026-09-24
SHIVALIK,EQ,24-Sep-2026,431.65,435.0,435.1,407.55,410.7,94146,394.95,5024,45925.0,48.78,2026-09-24
SHIVAMAUTO,EQ,24-Sep-2026,18.21,18.21,18.21,17.12,17.44,95578,16.79,405,72026.0,75.36,2026-09-24
SHIVAMILLS,EQ,24-Sep-2026,59.92,62.91,62.91,60.0,60.93,816,0.49,29,661.0,81.0,2026-09-24
SHIVASHRIT,SM,24-Sep-2026,113.65,116.25,119.0,111.0,112.6,81000,92.13,70,57000.0,70.37,2026-09-24
SHIVATEX,EQ,24-Sep-2026,172.0,170.05,172.0,170.01,170.93,548,0.93,29,518.0,94.53,2026-09-24
SHIVAUM,EQ,24-Sep-2026,513.2,513.0,519.5,513.0,513.2,2864,14.71,97,2323.0,81.11,2026-09-24
SHK,EQ,24-Sep-2026,144.45,144.44,144.44,140.4,140.96,167596,237.34,2736,87874.0,52.43,2026-09-24
SHKSIL,SM,24-Sep-2026,33.9,34.8,34.95,34.8,34.85,4000,1.4,2,4000.0,100.0,2026-09-24
SHOPERSTOP,EQ,24-Sep-2026,391.1,386.2,390.2,379.05,385.05,38955,150.02,2519,25192.0,64.67,2026-09-24
SHRADDHA,EQ,24-Sep-2026,149.58,148.84,151.8,144.05,150.49,1357,2.03,87,1004.0,73.99,2026-09-24
SHRADHA,EQ,24-Sep-2026,30.45,30.3,31.4,29.36,30.51,16232,4.87,148,12477.0,76.87,2026-09-24
SHREDIGCEM,EQ,24-Sep-2026,68.8,69.25,69.25,65.5,67.52,90814,61.21,1264,33646.0,37.05,2026-09-24
SHREECEM,EQ,24-Sep-2026,22500.0,22300.0,22725.0,22170.0,22350.0,17131,3855.47,8645,5772.0,33.69,2026-09-24
SHREEDHAR,ST,24-Sep-2026,172.1,173.9,180.7,163.5,170.05,30000,51.44,15,18000.0,60.0,2026-09-24
SHREEJISPG,EQ,24-Sep-2026,723.75,719.8,729.0,714.35,724.85,344972,2488.36,4970,111620.0,32.36,2026-09-24
SHREEKARNI,SM,24-Sep-2026,387.9,385.0,385.0,380.0,380.85,900,3.43,3,900.0,100.0,2026-09-24
SHREEOSFM,SM,24-Sep-2026,51.8,51.9,52.8,51.9,51.9,6000,3.14,6,5000.0,83.33,2026-09-24
SHREEPUSHK,EQ,24-Sep-2026,495.8,490.0,498.75,476.55,492.15,93203,453.71,3645,43597.0,46.78,2026-09-24
SHREERAMA,EQ,24-Sep-2026,45.79,45.0,46.27,43.49,43.87,69801,31.49,843,48014.0,68.79,2026-09-24
SHREMINVIT,IV,24-Sep-2026,102.0,102.0,102.0,102.0,102.0,125000,127.5,2,125000.0,100.0,2026-09-24
SHRENIK,BZ,24-Sep-2026,0.28,0.28,0.29,0.28,0.28,451768,1.29,172,,,2026-09-24
SHREYANIND,EQ,24-Sep-2026,129.1,129.74,131.5,129.0,130.41,1573,2.04,31,1514.0,96.25,2026-09-24
SHRIAHIMSA,SM,24-Sep-2026,466.1,468.95,468.95,449.5,453.55,30000,137.46,43,19200.0,64.0,2026-09-24
SHRIKANHA,SM,24-Sep-2026,21.05,22.1,22.1,22.1,22.1,30400,6.72,13,25600.0,84.21,2026-09-24
SHRIKRISH,EQ,24-Sep-2026,35.45,37.0,37.0,37.0,37.0,19,0.01,5,14.0,73.68,2026-09-24
SHRINGARMS,EQ,24-Sep-2026,210.22,210.5,215.8,208.71,210.25,344700,730.73,2604,97110.0,28.17,2026-09-24
SHRIPISTON,EQ,24-Sep-2026,4489.8,4481.5,4678.9,4458.2,4526.7,116305,5341.36,27580,48226.0,41.47,2026-09-24
SHRIRAMFIN,EQ,24-Sep-2026,1010.8,999.0,1008.6,983.4,990.0,4096126,40779.47,105452,2684380.0,65.53,2026-09-24
SHRIRAMPPS,EQ,24-Sep-2026,72.69,72.05,72.84,70.52,70.85,327512,233.94,2843,189441.0,57.84,2026-09-24
SHRITECH,SM,24-Sep-2026,61.1,60.05,60.05,60.05,60.05,2000,1.2,1,2000.0,100.0,2026-09-24
SHRJAGP,EQ,24-Sep-2026,632.25,625.5,690.0,615.2,654.7,875,5.58,79,673.0,76.91,2026-09-24
SHUBHLAXMI,SM,24-Sep-2026,19.2,19.85,20.1,18.25,19.7,29000,5.72,11,24000.0,82.76,2026-09-24
SHUBHSHREE,SM,24-Sep-2026,350.0,350.0,350.0,350.0,350.0,300,1.05,1,300.0,100.0,2026-09-24
SHUKRAPHAR,EQ,24-Sep-2026,56.79,56.4,57.28,55.13,55.76,1524285,853.63,7419,635217.0,41.67,2026-09-24
SHYAMCENT,BE,24-Sep-2026,5.02,5.09,5.1,4.92,5.0,26951,1.36,73,,,2026-09-24
SHYAMDHANI,SM,24-Sep-2026,54.5,55.55,55.6,55.5,55.55,8000,4.44,4,8000.0,100.0,2026-09-24
SHYAMMETL,EQ,24-Sep-2026,1105.8,1103.5,1148.0,1086.8,1097.9,1377316,15382.74,54967,645597.0,46.87,2026-09-24
SHYAMTEL,EQ,24-Sep-2026,11.14,11.5,11.5,10.85,10.91,5847,0.64,39,4741.0,81.08,2026-09-24
SICAGEN,EQ,24-Sep-2026,52.98,53.0,53.0,52.11,52.36,10193,5.35,123,7996.0,78.45,2026-09-24
SICALLOG,BE,24-Sep-2026,94.36,94.0,95.99,92.81,93.44,13486,12.7,58,,,2026-09-24
SIDDHICOTS,SM,24-Sep-2026,26.5,26.55,26.6,26.55,26.6,2400,0.64,2,2400.0,100.0,2026-09-24
SIDDHIKA,SM,24-Sep-2026,219.0,211.2,220.0,209.0,213.2,6000,12.79,12,4500.0,75.0,2026-09-24
SIEL,EQ,24-Sep-2026,30.48,30.48,30.48,29.05,29.05,54,0.02,3,54.0,100.0,2026-09-24
SIEMENS,EQ,24-Sep-2026,3886.0,3852.0,3878.3,3825.0,3841.8,199507,7689.14,21091,95549.0,47.89,2026-09-24
SIGACHI,EQ,24-Sep-2026,31.34,31.34,31.49,30.11,30.3,2313647,705.5,6696,1177489.0,50.89,2026-09-24
SIGIND,BE,24-Sep-2026,71.8,71.4,74.95,69.7,70.56,21254,15.31,198,,,2026-09-24
SIGMA,EQ,24-Sep-2026,46.04,46.05,46.05,44.06,44.53,78932,35.52,1153,46767.0,59.25,2026-09-24
SIGMAADV,BE,24-Sep-2026,936.7,930.0,980.0,897.0,949.65,279428,2667.69,6149,,,2026-09-24
SIGNATURE,EQ,24-Sep-2026,768.75,765.0,801.85,763.0,784.6,575895,4524.94,27777,39336.0,6.83,2026-09-24
SIGNPOST,EQ,24-Sep-2026,273.9,278.2,281.35,272.0,272.8,86371,238.74,2596,43351.0,50.19,2026-09-24
SIKA,EQ,24-Sep-2026,1059.75,1057.05,1073.85,1031.65,1038.7,29215,306.16,2928,14973.0,51.25,2026-09-24
SIKKO,BE,24-Sep-2026,6.12,6.11,6.42,5.94,6.42,1886697,119.63,782,,,2026-09-24
SIL,EQ,24-Sep-2026,17.13,17.35,17.43,16.62,16.89,61696,10.46,497,45828.0,74.28,2026-09-24
SILGO,EQ,24-Sep-2026,70.43,69.02,71.0,69.0,70.47,20318,14.19,279,6040.0,29.73,2026-09-24
SILINV,EQ,24-Sep-2026,452.8,444.55,459.0,441.0,451.6,1317,5.89,78,1183.0,89.83,2026-09-24
SILKFLEX,SM,24-Sep-2026,286.35,281.15,281.15,272.05,272.05,10000,27.42,10,10000.0,100.0,2026-09-24
SILKY,SM,24-Sep-2026,67.85,80.9,80.9,66.0,68.85,8800,6.07,11,4800.0,54.55,2026-09-24
SILVER,EQ,24-Sep-2026,230.26,226.63,228.17,225.34,225.73,967902,2193.23,7174,434738.0,44.92,2026-09-24
SILVER001,EQ,24-Sep-2026,23.19,23.55,23.55,22.76,22.82,80732,18.46,136,43879.0,54.35,2026-09-24
SILVER1,EQ,24-Sep-2026,22.36,22.13,22.17,21.9,21.91,4869469,1073.43,6004,2376806.0,48.81,2026-09-24
SILVER360,EQ,24-Sep-2026,226.75,225.99,225.99,222.0,222.4,17624,39.31,407,12966.0,73.57,2026-09-24
SILVERADD,EQ,24-Sep-2026,22.2,22.0,22.03,21.73,21.74,2739872,598.8,4091,1574684.0,57.47,2026-09-24
SILVERAG,EQ,24-Sep-2026,224.4,220.85,222.34,219.63,219.94,287976,635.75,2707,171005.0,59.38,2026-09-24
SILVERAXIS,EQ,24-Sep-2026,229.19,227.0,227.0,224.3,224.63,978031,2201.74,2554,547441.0,55.97,2026-09-24
SILVERBEES,EQ,24-Sep-2026,220.26,217.89,218.43,215.75,215.95,17227623,37395.69,74817,9557176.0,55.48,2026-09-24
SILVERBETA,EQ,24-Sep-2026,222.41,221.41,221.41,217.75,217.96,535801,1175.77,3693,255814.0,47.74,2026-09-24
SILVERBND,EQ,24-Sep-2026,231.23,227.9,230.09,226.11,226.46,7790,17.71,133,6662.0,85.52,2026-09-24
SILVERCASE,EQ,24-Sep-2026,23.37,23.01,23.15,22.88,22.91,5000866,1151.26,7359,2480988.0,49.61,2026-09-24
SILVERIETF,EQ,24-Sep-2026,230.09,226.57,228.1,225.38,225.62,2445772,5546.95,14483,1391475.0,56.89,2026-09-24
SILVERTUC,EQ,24-Sep-2026,152.99,153.0,154.4,146.0,147.51,700732,1037.66,6470,258749.0,36.93,2026-09-24
SIMBHALS,BZ,24-Sep-2026,6.31,6.29,6.29,6.19,6.19,7319,0.46,30,,,2026-09-24
SIMCA,ST,24-Sep-2026,277.25,272.0,287.95,272.0,279.8,30600,83.57,18,30000.0,98.04,2026-09-24
SIMPLEXINF,EQ,24-Sep-2026,256.4,254.05,255.2,251.1,251.75,67543,170.92,1048,55304.0,81.88,2026-09-24
SIMPLXREA,EQ,24-Sep-2026,126.0,132.0,132.0,126.0,131.99,303,0.39,8,302.0,99.67,2026-09-24
SINCLAIR,EQ,24-Sep-2026,82.04,82.06,83.64,78.03,79.61,44862,35.83,1030,24534.0,54.69,2026-09-24
SINDHUTRAD,EQ,24-Sep-2026,23.96,24.01,24.48,23.53,23.66,279264,66.43,823,97612.0,34.95,2026-09-24
SINGERIND,EQ,24-Sep-2026,79.13,79.12,82.6,77.5,77.95,113651,90.97,1179,67140.0,59.08,2026-09-24
SINTERCOM,EQ,24-Sep-2026,78.75,78.75,81.34,76.1,77.01,1195,0.93,111,878.0,73.47,2026-09-24
SIRCA,EQ,24-Sep-2026,414.4,415.8,424.55,406.2,410.7,306940,1279.83,5164,79901.0,26.03,2026-09-24
SIS,EQ,24-Sep-2026,421.45,420.0,426.65,415.2,418.45,118643,502.0,7964,65109.0,54.88,2026-09-24
SITINET,BZ,24-Sep-2026,0.28,0.29,0.29,0.27,0.28,392771,1.11,252,,,2026-09-24
SIYSIL,EQ,24-Sep-2026,540.55,540.55,544.8,532.2,539.6,21521,116.15,1720,12175.0,56.57,2026-09-24
SJLOGISTIC,SM,24-Sep-2026,321.9,318.7,320.0,317.0,319.25,7750,24.7,29,5500.0,70.97,2026-09-24
SJS,EQ,24-Sep-2026,2334.1,2290.1,2328.0,2255.0,2261.4,101698,2319.17,12861,59818.0,58.82,2026-09-24
SJVN,EQ,24-Sep-2026,63.25,63.2,63.2,62.01,62.24,2315850,1443.08,28606,1229327.0,53.08,2026-09-24
SKFINDIA,EQ,24-Sep-2026,1519.8,1526.2,1549.7,1508.0,1542.0,54183,833.75,7227,30873.0,56.98,2026-09-24
SKFINDUS,EQ,24-Sep-2026,2885.9,2900.0,2981.2,2836.1,2939.7,45151,1316.85,10240,20534.0,45.48,2026-09-24
SKIPPER,EQ,24-Sep-2026,567.5,568.1,574.0,546.75,552.35,688572,3857.61,23489,290219.0,42.15,2026-09-24
SKMEGGPROD,EQ,24-Sep-2026,229.75,228.0,229.5,221.95,223.2,152496,342.47,2365,84798.0,55.61,2026-09-24
SKP,SM,24-Sep-2026,163.9,163.0,174.0,163.0,167.5,21000,35.79,35,3500.0,16.67,2026-09-24
SKYGOLD,EQ,24-Sep-2026,794.1,791.0,801.9,775.1,782.7,537578,4255.59,24366,270625.0,50.34,2026-09-24
SKYTECH,SM,24-Sep-2026,29.1,30.55,30.55,30.55,30.55,11200,3.42,6,11200.0,100.0,2026-09-24
SKYWAYS,EQ,24-Sep-2026,129.57,130.0,135.53,128.07,131.0,11545591,15204.56,75674,1642434.0,14.23,2026-09-24
SLONE,ST,24-Sep-2026,169.65,169.65,176.95,161.5,173.2,6400,10.9,16,5200.0,81.25,2026-09-24
SMALL250,EQ,24-Sep-2026,18.5,18.7,18.7,18.2,18.23,466744,85.26,1083,230935.0,49.48,2026-09-24
SMALLADD,EQ,24-Sep-2026,18.56,18.62,18.62,18.23,18.27,11221,2.06,196,10041.0,89.48,2026-09-24
SMALLCAP,EQ,24-Sep-2026,49.12,49.02,49.13,48.36,48.51,2008823,978.4,4667,1240954.0,61.78,2026-09-24
SMALLGROWW,EQ,24-Sep-2026,49.47,48.99,49.19,48.02,48.32,7761,3.78,142,5118.0,65.95,2026-09-24
SMALLIETF,EQ,24-Sep-2026,18.49,18.95,18.95,18.13,18.2,101315,18.58,219,86792.0,85.67,2026-09-24
SMARTEN,SM,24-Sep-2026,62.25,64.9,64.9,61.0,62.95,27600,17.09,20,24000.0,86.96,2026-09-24
SMARTLINK,BE,24-Sep-2026,218.48,216.0,224.4,214.05,217.82,680,1.47,19,,,2026-09-24
SMARTWORKS,EQ,24-Sep-2026,541.05,532.65,548.6,532.15,538.95,25763,138.92,1084,17265.0,67.01,2026-09-24
SMCGLOBAL,EQ,24-Sep-2026,87.14,87.0,87.4,83.35,85.07,820006,701.02,8815,372418.0,45.42,2026-09-24
SML100CASE,EQ,24-Sep-2026,11.38,11.28,11.53,11.17,11.2,1896869,213.63,2117,1294649.0,68.25,2026-09-24
SMLMAH,EQ,24-Sep-2026,6794.0,6703.0,6849.5,6555.0,6603.0,33865,2265.98,5980,14137.0,41.75,2026-09-24
SMLT,EQ,24-Sep-2026,60.61,62.62,62.62,60.0,60.74,2408,1.46,80,1475.0,61.25,2026-09-24
SMSPHARMA,EQ,24-Sep-2026,482.95,474.55,491.0,471.0,474.05,510891,2453.33,15200,197155.0,38.59,2026-09-24
SNOWMAN,EQ,24-Sep-2026,35.18,35.2,35.35,34.25,34.39,123221,42.63,934,85823.0,69.65,2026-09-24
SNXT30BEES,EQ,24-Sep-2026,42.28,41.98,42.05,41.7,41.75,3757,1.57,86,3306.0,88.0,2026-09-24
SNXT50BETA,EQ,24-Sep-2026,93.45,93.45,94.27,91.51,92.27,5851,5.45,99,3222.0,55.07,2026-09-24
SOBHA,EQ,24-Sep-2026,1243.8,1248.4,1248.4,1221.8,1227.7,46367,573.47,5223,19587.0,42.24,2026-09-24
SOCL,SM,24-Sep-2026,28.2,26.8,28.9,26.8,28.6,75200,21.36,11,73600.0,97.87,2026-09-24
SOFTTECH,EQ,24-Sep-2026,491.85,513.0,513.0,484.35,486.2,2497,12.29,153,1418.0,56.79,2026-09-24
SOLARA,EQ,24-Sep-2026,722.9,726.0,752.9,715.0,727.35,322402,2380.84,16698,121687.0,37.74,2026-09-24
SOLARINDS,EQ,24-Sep-2026,19730.0,19600.0,19860.0,19450.0,19480.0,120513,23724.52,26795,32463.0,26.94,2026-09-24
SOLARWORLD,EQ,24-Sep-2026,138.52,137.0,137.97,132.2,133.89,176321,236.49,3073,91658.0,51.98,2026-09-24
SOLEX,EQ,24-Sep-2026,735.2,739.45,755.0,713.15,731.5,65750,477.58,4689,23920.0,36.38,2026-09-24
SOMANYCERA,EQ,24-Sep-2026,596.3,597.95,608.45,590.5,601.85,122260,736.55,6272,63658.0,52.07,2026-09-24
SOMATEX,EQ,24-Sep-2026,82.35,82.0,82.69,79.0,79.94,4922,3.95,142,4449.0,90.39,2026-09-24
SOMICONVEY,EQ,24-Sep-2026,91.51,91.02,91.98,89.0,89.6,19824,17.84,504,11226.0,56.63,2026-09-24
SONA,BE,24-Sep-2026,99.0,102.31,107.42,102.31,107.42,2223139,2355.98,16741,,,2026-09-24
SONACOMS,EQ,24-Sep-2026,833.0,828.55,837.0,814.7,816.3,2572412,21257.0,86962,1282673.0,49.86,2026-09-24
SONAL,EQ,24-Sep-2026,83.55,87.5,87.7,87.5,87.7,203,0.18,8,203.0,100.0,2026-09-24
SONAMAC,SM,24-Sep-2026,31.5,31.5,31.5,30.5,30.5,4000,1.24,4,4000.0,100.0,2026-09-24
SONAMLTD,BE,24-Sep-2026,68.02,69.99,69.99,66.0,66.5,21146,14.26,187,,,2026-09-24
SONATSOFTW,EQ,24-Sep-2026,282.0,280.1,280.95,274.0,274.7,380843,1055.17,8513,156227.0,41.02,2026-09-24
SONUINFRA,ST,24-Sep-2026,45.0,43.0,43.0,42.75,42.75,22500,9.62,11,22500.0,100.0,2026-09-24
SOTL,EQ,24-Sep-2026,715.6,715.0,737.0,707.7,726.5,358641,2601.87,12763,159578.0,44.5,2026-09-24
SOUTHBANK,EQ,24-Sep-2026,47.08,47.0,50.17,46.72,49.9,57683718,28408.62,148611,25319409.0,43.89,2026-09-24
SOUTHWEST,EQ,24-Sep-2026,194.64,190.2,194.2,187.47,188.76,80269,152.72,1901,47416.0,59.07,2026-09-24
SPAL,EQ,24-Sep-2026,989.5,980.0,993.2,960.2,979.0,28092,273.55,2572,13403.0,47.71,2026-09-24
SPANDANA,EQ,24-Sep-2026,232.18,230.0,231.44,224.31,225.61,95230,216.1,3848,61682.0,64.77,2026-09-24
SPARC,EQ,24-Sep-2026,205.65,205.28,206.78,200.32,203.98,907336,1844.88,18375,347829.0,38.34,2026-09-24
SPCENET,EQ,24-Sep-2026,3.39,3.44,3.44,3.35,3.36,229800,7.78,378,193722.0,84.3,2026-09-24
SPCL,SM,24-Sep-2026,67.6,67.5,67.5,65.1,65.1,13800,9.15,22,10200.0,73.91,2026-09-24
SPCON,SM,24-Sep-2026,165.0,182.5,183.0,165.0,166.6,26400,43.99,5,25200.0,95.45,2026-09-24
SPEB,SM,24-Sep-2026,91.0,91.0,93.0,91.0,93.0,6000,5.52,3,6000.0,100.0,2026-09-24
SPECIALITY,BE,24-Sep-2026,152.45,151.69,155.0,147.0,151.37,42007,63.5,245,,,2026-09-24
SPECTRAA,ST,24-Sep-2026,118.0,224.2,235.4,224.2,235.4,1680000,3861.84,868,1678800.0,99.93,2026-09-24
SPECTRUM,BE,24-Sep-2026,3241.6,3150.0,3379.0,3080.0,3356.3,17675,573.81,966,,,2026-09-24
SPECTSTM,SM,24-Sep-2026,56.55,56.55,56.55,56.55,56.55,800,0.45,1,800.0,100.0,2026-09-24
SPENCERS,EQ,24-Sep-2026,29.44,29.73,29.73,28.56,28.92,30208,8.74,200,21730.0,71.93,2026-09-24
SPIC,EQ,24-Sep-2026,67.0,66.7,67.39,65.1,65.86,263877,174.52,2681,133099.0,50.44,2026-09-24
SPLIL,EQ,24-Sep-2026,30.19,30.21,30.59,29.6,29.61,1459,0.44,31,1321.0,90.54,2026-09-24
SPLPETRO,EQ,24-Sep-2026,882.2,880.0,887.95,870.1,879.9,148875,1309.39,14130,71424.0,47.98,2026-09-24
SPMLINFRA,EQ,24-Sep-2026,168.58,167.3,167.89,164.0,165.36,130233,216.22,2101,84349.0,64.77,2026-09-24
SPORTKING,EQ,24-Sep-2026,211.26,210.0,213.4,208.0,210.85,135379,285.23,5146,78424.0,57.93,2026-09-24
SPPPOLY,SM,24-Sep-2026,11.8,11.75,12.0,11.75,12.0,6000,0.71,3,6000.0,100.0,2026-09-24
SPRL,SM,24-Sep-2026,114.65,120.35,120.35,120.35,120.35,2400,2.89,3,2400.0,100.0,2026-09-24
SPUNWEB,SM,24-Sep-2026,101.05,102.0,103.0,100.0,100.0,8400,8.57,7,8400.0,100.0,2026-09-24
SRD,EQ,24-Sep-2026,40.88,40.49,40.49,39.15,39.45,42571,16.94,237,34191.0,80.32,2026-09-24
SREEL,BE,24-Sep-2026,293.89,293.89,308.5,290.0,299.57,22108,67.0,569,,,2026-09-24
SRF,EQ,24-Sep-2026,2550.0,2540.0,2558.8,2515.2,2533.8,110060,2792.9,11680,43861.0,39.85,2026-09-24
SRGHFL,EQ,24-Sep-2026,158.1,158.1,159.65,150.2,154.5,30079,46.16,410,22902.0,76.14,2026-09-24
SRHHYPOLTD,EQ,24-Sep-2026,587.5,587.5,631.4,580.55,605.75,72755,442.83,5337,31523.0,43.33,2026-09-24
SRIKPRIND,BE,24-Sep-2026,28.58,27.2,28.4,27.16,27.84,5987,1.65,50,,,2026-09-24
SRIVASAVI,ST,24-Sep-2026,81.55,81.55,85.6,81.55,82.4,8000,6.74,7,8000.0,100.0,2026-09-24
SRM,EQ,24-Sep-2026,422.45,420.5,423.95,414.45,419.0,22818,95.69,1125,12708.0,55.69,2026-09-24
SRTL,EQ,24-Sep-2026,38.9,38.62,39.29,38.0,38.38,16603,6.42,284,11307.0,68.1,2026-09-24
SSDL,EQ,24-Sep-2026,65.62,65.62,68.43,64.1,66.3,58214,38.94,1350,31789.0,54.61,2026-09-24
SSEGL,SM,24-Sep-2026,386.05,384.0,404.0,384.0,400.2,112000,446.02,228,66400.0,59.29,2026-09-24
SSFL,ST,24-Sep-2026,280.2,280.2,281.0,269.0,274.4,3000,8.24,6,3000.0,100.0,2026-09-24
SSRETAIL,EQ,24-Sep-2026,748.8,771.95,888.0,767.55,811.8,30540990,257207.2,755533,3130211.0,10.25,2026-09-24
SSWL,EQ,24-Sep-2026,371.95,368.0,386.55,365.5,376.1,1355247,5142.87,43310,416105.0,30.7,2026-09-24
STALLION,BE,24-Sep-2026,224.26,224.0,224.0,217.35,219.5,174531,385.04,1652,,,2026-09-24
STANLEY,EQ,24-Sep-2026,137.43,137.0,137.43,134.7,135.22,36775,49.9,785,22297.0,60.63,2026-09-24
STAR,EQ,24-Sep-2026,1223.3,1222.2,1233.1,1199.3,1202.8,126615,1537.87,13429,63819.0,50.4,2026-09-24
STARCEMENT,EQ,24-Sep-2026,189.23,188.0,189.0,186.05,187.24,63388,118.84,1881,37676.0,59.44,2026-09-24
STARHEALTH,EQ,24-Sep-2026,549.2,513.0,555.0,513.0,550.4,9649635,53012.13,63366,8790683.0,91.1,2026-09-24
STARPAPER,EQ,24-Sep-2026,156.27,156.0,161.99,155.0,155.27,12814,20.18,282,7774.0,60.67,2026-09-24
STARTECK,EQ,24-Sep-2026,253.85,256.0,256.0,240.4,240.4,227,0.55,19,22.0,9.69,2026-09-24
STCINDIA,EQ,24-Sep-2026,111.98,112.3,112.3,109.0,109.85,18503,20.43,544,13713.0,74.11,2026-09-24
STEAMHOUSE,EQ,24-Sep-2026,110.73,108.75,115.63,106.89,113.71,9348134,10424.76,61221,2359053.0,25.24,2026-09-24
STEELCAS,EQ,24-Sep-2026,359.7,352.0,359.8,346.95,357.8,173791,617.42,4642,88379.0,50.85,2026-09-24
STEELCITY,EQ,24-Sep-2026,84.82,84.94,85.89,82.3,83.19,7921,6.6,176,6938.0,87.59,2026-09-24
STEELXIND,EQ,24-Sep-2026,12.01,12.25,12.45,11.3,11.43,13813428,1644.87,14367,4483393.0,32.46,2026-09-24
STEL,EQ,24-Sep-2026,640.6,667.0,669.0,622.05,625.85,7774,50.23,928,3954.0,50.86,2026-09-24
STERTOOLS,BE,24-Sep-2026,221.96,224.98,233.05,224.98,233.05,79881,184.12,754,,,2026-09-24
STLNETWORK,EQ,24-Sep-2026,49.7,52.18,52.18,49.0,52.01,27090526,13985.68,46790,9694198.0,35.78,2026-09-24
STLSTRINF,EQ,24-Sep-2026,24.01,24.05,24.05,22.59,23.15,14778,3.42,114,10796.0,73.05,2026-09-24
STLTECH,BE,24-Sep-2026,867.1,856.6,862.0,823.75,823.75,1029835,8585.26,29917,,,2026-09-24
STOVEKRAFT,EQ,24-Sep-2026,829.1,829.1,834.5,812.5,818.35,82310,675.73,4899,50373.0,61.2,2026-09-24
STRIDERS,SM,24-Sep-2026,51.35,52.8,52.8,51.2,51.2,11200,5.85,6,11200.0,100.0,2026-09-24
STUDDS,EQ,24-Sep-2026,415.75,414.2,418.7,406.05,412.25,42948,176.63,2668,29284.0,68.18,2026-09-24
STUDIOLSD,SM,24-Sep-2026,8.8,8.8,9.05,8.8,9.05,18000,1.61,8,14000.0,77.78,2026-09-24
STYL,EQ,24-Sep-2026,359.8,356.5,391.0,351.45,370.35,113636,414.69,3594,69890.0,61.5,2026-09-24
STYLAMIND,EQ,24-Sep-2026,3355.6,3355.0,3425.0,3290.9,3319.2,61387,2056.37,17434,28563.0,46.53,2026-09-24
STYLEBAAZA,EQ,24-Sep-2026,378.05,379.0,381.3,367.0,370.4,554142,2068.73,8629,302159.0,54.53,2026-09-24
STYRENIX,EQ,24-Sep-2026,2130.1,2115.6,2128.7,2080.1,2088.2,12894,270.86,2008,7318.0,56.76,2026-09-24
SUBAHOTELS,SM,24-Sep-2026,92.0,92.0,92.0,90.0,90.5,9600,8.73,8,6000.0,62.5,2026-09-24
SUBEXLTD,EQ,24-Sep-2026,22.08,21.9,22.22,20.31,20.71,19515256,4130.2,47426,5912519.0,30.3,2026-09-24
SUBROS,EQ,24-Sep-2026,731.5,725.0,729.95,708.05,720.1,27699,199.25,2220,13777.0,49.74,2026-09-24
SUDARCOLOR,EQ,24-Sep-2026,390.7,399.0,399.0,381.1,382.2,4473,17.34,367,3000.0,67.07,2026-09-24
SUDARSCHEM,EQ,24-Sep-2026,1236.9,1225.0,1248.9,1206.6,1218.0,114610,1409.62,10075,54434.0,47.49,2026-09-24
SUDEEPPHRM,EQ,24-Sep-2026,1199.6,1180.1,1193.0,1139.7,1143.4,144322,1667.75,9129,87666.0,60.74,2026-09-24
SUKHJITS,EQ,24-Sep-2026,162.58,162.55,163.41,159.0,161.13,16679,26.83,358,9960.0,59.72,2026-09-24
SULA,EQ,24-Sep-2026,137.76,137.73,137.73,135.0,135.78,147857,200.84,3685,73593.0,49.77,2026-09-24
SUMAX,SM,24-Sep-2026,106.6,107.6,118.0,107.6,108.5,178800,200.81,140,99600.0,55.7,2026-09-24
SUMEDHA,EQ,24-Sep-2026,44.08,43.5,43.5,43.5,43.5,602,0.26,5,602.0,100.0,2026-09-24
SUMEETINDS,EQ,24-Sep-2026,11.05,11.6,11.6,11.6,11.6,332514,38.57,116,332367.0,99.96,2026-09-24
SUMICHEM,EQ,24-Sep-2026,464.2,458.0,462.2,447.1,449.7,200137,907.61,9417,107135.0,53.53,2026-09-24
SUMIT,EQ,24-Sep-2026,49.91,50.26,50.26,48.36,49.59,4190,2.07,81,4037.0,96.35,2026-09-24
SUMMITSEC,EQ,24-Sep-2026,1403.7,1395.0,1395.0,1380.0,1383.2,2653,36.77,346,2103.0,79.27,2026-09-24
SUNCLAY,EQ,24-Sep-2026,1253.9,1254.0,1269.8,1231.0,1249.4,4263,53.08,380,2568.0,60.24,2026-09-24
SUNDARAM,EQ,24-Sep-2026,1.17,1.19,1.19,1.02,1.16,872800,10.08,366,556081.0,63.71,2026-09-24
SUNDARMFIN,EQ,24-Sep-2026,4654.9,4664.9,4674.0,4550.0,4592.0,40423,1852.3,8229,26073.0,64.5,2026-09-24
SUNDRMBRAK,BE,24-Sep-2026,676.55,679.9,695.85,671.6,693.55,782,5.35,45,,,2026-09-24
SUNDRMFAST,EQ,24-Sep-2026,1185.4,1170.0,1203.7,1166.0,1172.3,153739,1819.38,17238,82777.0,53.84,2026-09-24
SUNDROP,EQ,24-Sep-2026,744.3,746.55,765.0,740.0,756.2,27010,203.37,1273,20288.0,75.11,2026-09-24
SUNFLAG,EQ,24-Sep-2026,390.55,395.0,408.9,390.2,396.8,1545083,6167.15,34913,564460.0,36.53,2026-09-24
SUNLITE,SM,24-Sep-2026,613.95,618.0,625.0,596.05,608.75,28200,173.09,76,21600.0,76.6,2026-09-24
SUNLOC,EQ,24-Sep-2026,75.8,75.7,75.7,71.64,72.0,290,0.21,25,289.0,99.66,2026-09-24
SUNPHARMA,EQ,24-Sep-2026,1865.0,1859.0,1880.0,1848.4,1849.9,1742885,32391.27,79309,1090701.0,62.58,2026-09-24
SUNRAKSHAK,EQ,24-Sep-2026,366.6,367.5,371.7,357.05,367.75,7604,27.68,303,4863.0,63.95,2026-09-24
SUNREST,SM,24-Sep-2026,38.45,38.4,39.9,38.4,39.9,12800,5.02,7,12800.0,100.0,2026-09-24
SUNSHIEL,EQ,24-Sep-2026,1164.3,1160.0,1188.9,1145.0,1149.8,2612,30.23,340,1967.0,75.31,2026-09-24
SUNSHINE,EQ,24-Sep-2026,441.45,442.0,446.45,432.6,436.9,382361,1678.99,4791,152422.0,39.86,2026-09-24
SUNTECH,SM,24-Sep-2026,37.9,37.9,38.75,37.4,38.5,11200,4.27,7,9600.0,85.71,2026-09-24
SUNTECK,EQ,24-Sep-2026,290.1,288.95,289.8,283.05,284.05,79719,228.08,2874,40738.0,51.1,2026-09-24
SUNTV,EQ,24-Sep-2026,490.2,485.0,522.0,483.0,512.7,3364719,17281.26,79456,574910.0,17.09,2026-09-24
SUPERHOUSE,EQ,24-Sep-2026,168.47,170.0,170.0,164.0,165.45,3063,5.09,118,2226.0,72.67,2026-09-24
SUPERSPIN,BE,24-Sep-2026,7.57,7.72,7.72,7.32,7.65,4558,0.35,23,,,2026-09-24
SUPRAJIT,EQ,24-Sep-2026,485.05,480.0,494.4,480.0,486.65,61664,299.24,4383,36889.0,59.82,2026-09-24
SUPREME,EQ,24-Sep-2026,31.97,32.12,32.39,30.9,31.29,11722,3.7,164,7858.0,67.04,2026-09-24
SUPREMEENG,BZ,24-Sep-2026,3.79,3.86,3.86,3.86,3.86,190666,7.36,101,,,2026-09-24
SUPREMEIND,EQ,24-Sep-2026,3497.1,3472.6,3495.3,3429.0,3434.0,64745,2239.54,11683,23827.0,36.8,2026-09-24
SUPREMEINF,EQ,24-Sep-2026,81.0,81.0,82.79,79.8,80.39,11926,9.59,184,9437.0,79.13,2026-09-24
SUPREMEPWR,SM,24-Sep-2026,205.35,205.35,208.0,201.4,202.6,53000,108.01,95,34000.0,64.15,2026-09-24
SUPRIYA,EQ,24-Sep-2026,1000.9,998.6,1009.7,955.05,961.75,246987,2420.84,14963,109975.0,44.53,2026-09-24
SUPTANERY,BE,24-Sep-2026,10.65,11.14,11.18,10.12,10.12,258938,26.93,644,,,2026-09-24
SURAJEST,EQ,24-Sep-2026,220.41,220.41,228.6,214.1,219.42,345285,769.56,5914,170350.0,49.34,2026-09-24
SURAJLTD,EQ,24-Sep-2026,197.01,204.89,204.89,199.0,200.5,154,0.32,11,150.0,97.4,2026-09-24
SURAKSHA,EQ,24-Sep-2026,355.35,350.0,357.95,348.0,356.0,61147,216.84,2562,32437.0,53.05,2026-09-24
SURANASOL,EQ,24-Sep-2026,25.86,25.51,25.85,25.43,25.65,13041,3.34,290,9681.0,74.24,2026-09-24
SURANAT&P,EQ,24-Sep-2026,16.04,16.29,16.29,15.86,15.89,86919,13.81,429,69385.0,79.83,2026-09-24
SURANI,SM,24-Sep-2026,96.05,92.0,99.8,90.15,93.0,8000,7.44,25,6600.0,82.5,2026-09-24
SURYALA,EQ,24-Sep-2026,400.05,390.05,390.05,385.15,390.05,2631,10.24,26,2631.0,100.0,2026-09-24
SURYALAXMI,EQ,24-Sep-2026,58.82,58.0,59.39,56.5,57.5,4529,2.62,128,3434.0,75.82,2026-09-24
SURYAROSNI,EQ,24-Sep-2026,214.64,212.2,219.9,212.2,217.5,386944,834.01,6860,233958.0,60.46,2026-09-24
SURYODAY,EQ,24-Sep-2026,149.3,149.64,149.64,143.09,145.34,398726,578.44,5972,231918.0,58.16,2026-09-24
SUTLEJTEX,BE,24-Sep-2026,38.95,38.5,38.79,37.52,38.0,14630,5.58,76,,,2026-09-24
SUVEN,EQ,24-Sep-2026,341.85,338.5,339.15,333.0,335.05,211218,709.63,5596,115201.0,54.54,2026-09-24
SUVIDHAA,EQ,24-Sep-2026,2.19,2.18,2.25,2.16,2.21,116093,2.58,187,94879.0,81.73,2026-09-24
SUYOG,EQ,24-Sep-2026,671.55,680.0,680.05,656.0,660.15,9010,59.98,804,6076.0,67.44,2026-09-24
SUZLON,EQ,24-Sep-2026,42.39,42.12,42.24,40.55,40.74,131241030,53891.19,192643,61069454.0,46.53,2026-09-24
SVGLOBAL,EQ,24-Sep-2026,151.93,155.0,155.82,148.0,148.32,1964,2.94,72,1292.0,65.78,2026-09-24
SVLL,EQ,24-Sep-2026,861.3,860.3,865.6,801.1,820.4,3176,26.41,149,2437.0,76.73,2026-09-24
SVPGLOB,EQ,24-Sep-2026,3.35,3.48,3.48,3.26,3.28,9421,0.31,71,7049.0,74.82,2026-09-24
SWANCORP,EQ,24-Sep-2026,300.05,297.7,299.65,293.4,294.7,628548,1858.62,11072,211508.0,33.65,2026-09-24
SWANDEF,BE,24-Sep-2026,2776.2,2763.5,2790.0,2637.4,2716.6,15105,415.65,1350,,,2026-09-24
SWARAJ,BE,24-Sep-2026,307.15,322.5,322.5,308.1,322.5,115951,373.58,122,,,2026-09-24
SWARAJENG,EQ,24-Sep-2026,3559.3,3558.7,3565.6,3528.0,3548.6,7958,282.18,2335,4797.0,60.28,2026-09-24
SWARNSAR,EQ,24-Sep-2026,42.04,42.04,44.15,41.0,42.04,45191,19.18,290,35746.0,79.1,2026-09-24
SWELECTES,EQ,24-Sep-2026,581.85,575.9,587.0,555.0,561.65,15162,86.62,846,4564.0,30.1,2026-09-24
SWIGGY,EQ,24-Sep-2026,278.5,275.7,276.6,265.6,267.45,15664085,42556.6,103638,7274098.0,46.44,2026-09-24
SWISSMLTRY,BE,24-Sep-2026,14.03,14.4,14.45,13.9,14.06,90007,12.73,336,,,2026-09-24
SWSOLAR,EQ,24-Sep-2026,180.76,179.01,179.21,176.51,177.34,656330,1167.13,8521,297292.0,45.3,2026-09-24
SYMBIOTEC,EQ,24-Sep-2026,1062.0,1061.05,1078.2,1015.1,1024.05,546818,5682.36,33632,255460.0,46.72,2026-09-24
SYMPHONY,EQ,24-Sep-2026,592.6,584.25,589.1,570.0,576.7,57959,336.62,3196,34862.0,60.15,2026-09-24
SYNCOMF,EQ,24-Sep-2026,20.01,20.01,20.75,19.8,20.03,12034163,2432.53,25964,2698856.0,22.43,2026-09-24
SYNGENE,EQ,24-Sep-2026,381.85,380.0,384.9,378.1,380.35,230354,878.36,11706,104881.0,45.53,2026-09-24
SYNOPTICS,ST,24-Sep-2026,44.9,47.0,47.1,47.0,47.1,1800,0.85,3,1800.0,100.0,2026-09-24
SYRMA,EQ,24-Sep-2026,1719.4,1699.9,1737.2,1686.1,1698.6,841054,14379.12,41796,213862.0,25.43,2026-09-24
SYSTANGO,SM,24-Sep-2026,221.1,223.7,230.0,223.7,224.65,22000,49.77,54,14000.0,63.64,2026-09-24
SYSTMTXC,BE,24-Sep-2026,77.5,78.0,79.05,78.0,79.05,10602,8.31,60,,,2026-09-24
TAALTECH,EQ,24-Sep-2026,1094.8,1082.1,1122.8,1022.5,1050.5,60717,653.54,6459,29057.0,47.86,2026-09-24
TAC,ST,24-Sep-2026,494.2,484.0,488.0,469.5,469.5,28200,134.49,119,27600.0,97.87,2026-09-24
TAINWALCHM,EQ,24-Sep-2026,214.31,217.0,219.7,212.15,216.79,3740,8.1,74,3141.0,83.98,2026-09-24
TAJGVK,EQ,24-Sep-2026,329.9,329.0,329.05,321.65,323.2,48019,155.99,1990,32107.0,66.86,2026-09-24
TAKE,EQ,24-Sep-2026,15.86,15.98,15.98,15.15,15.4,136493,21.11,516,94781.0,69.44,2026-09-24
TALBROAUTO,EQ,24-Sep-2026,466.9,460.0,483.2,456.3,466.0,265580,1241.81,9849,109418.0,41.2,2026-09-24
TAMBOLIIN,BE,24-Sep-2026,296.6,282.1,300.0,282.1,294.95,4551,13.2,42,,,2026-09-24
TANAA,EQ,24-Sep-2026,352.45,349.5,349.6,314.25,331.8,97808,326.49,3430,42195.0,43.14,2026-09-24
TANKUP,ST,24-Sep-2026,1614.0,1620.0,1620.0,1619.95,1619.95,1000,16.2,3,1000.0,100.0,2026-09-24
TANLA,EQ,24-Sep-2026,500.4,496.55,496.55,486.5,489.6,213003,1045.32,8718,105747.0,49.65,2026-09-24
TAPIFRUIT,SM,24-Sep-2026,44.25,43.35,43.5,43.35,43.5,2250,0.98,3,2250.0,100.0,2026-09-24
TARACHAND,EQ,24-Sep-2026,45.97,45.5,47.15,45.43,46.11,65029,29.88,542,49321.0,75.84,2026-09-24
TARAPUR,EQ,24-Sep-2026,12.16,12.14,12.24,11.85,12.22,21986,2.68,138,17448.0,79.36,2026-09-24
TARC,EQ,24-Sep-2026,129.65,128.0,129.9,127.01,129.35,300094,386.03,4427,149591.0,49.85,2026-09-24
TARIL,EQ,24-Sep-2026,289.0,287.0,287.45,279.75,280.4,673240,1904.04,15366,352380.0,52.34,2026-09-24
TARMAT,EQ,24-Sep-2026,54.73,54.11,54.99,53.89,54.05,6404,3.48,242,4590.0,71.67,2026-09-24
TARSONS,EQ,24-Sep-2026,335.45,336.85,339.85,330.35,335.45,102908,345.94,3224,57281.0,55.66,2026-09-24
TASTYBITE,EQ,24-Sep-2026,10180.0,10161.0,10324.0,9866.0,9903.0,2802,284.24,1003,1359.0,48.5,2026-09-24
TATACAP,EQ,24-Sep-2026,350.05,347.8,347.8,333.0,336.25,2156796,7293.21,49775,1178195.0,54.63,2026-09-24
TATACHEM,EQ,24-Sep-2026,669.9,669.9,670.0,649.95,652.2,765531,5051.42,21748,292096.0,38.16,2026-09-24
TATACOMM,EQ,24-Sep-2026,1700.6,1696.0,1701.0,1666.6,1670.0,111964,1890.5,8714,76317.0,68.16,2026-09-24
TATACONSUM,EQ,24-Sep-2026,994.3,989.0,992.0,983.0,986.3,1002889,9894.84,47254,684817.0,68.28,2026-09-24
TATAELXSI,EQ,24-Sep-2026,3212.0,3212.0,3235.0,3169.0,3183.8,220867,7064.15,26471,76294.0,34.54,2026-09-24
TATAGOLD,EQ,24-Sep-2026,14.67,14.61,14.61,14.51,14.52,35682468,5195.77,60859,17944379.0,50.29,2026-09-24
TATAINVEST,EQ,24-Sep-2026,674.3,671.0,672.15,655.7,658.35,325712,2159.23,14729,106531.0,32.71,2026-09-24
TATAPOWER,EQ,24-Sep-2026,369.0,366.5,367.5,362.95,363.45,2708315,9903.68,31290,1219508.0,45.03,2026-09-24
TATASTEEL,EQ,24-Sep-2026,190.82,188.21,191.8,187.72,188.02,15701549,29733.55,105599,6718012.0,42.79,2026-09-24
TATATECH,EQ,24-Sep-2026,716.45,716.45,732.65,712.25,717.75,1085643,7866.15,53714,384439.0,35.41,2026-09-24
TATSILV,EQ,24-Sep-2026,22.37,22.1,22.18,21.89,21.92,42029593,9260.7,49706,23743930.0,56.49,2026-09-24
TATVA,EQ,24-Sep-2026,1778.1,1778.0,1798.8,1717.3,1728.6,51972,910.85,6540,21797.0,41.94,2026-09-24
TAURIAN,ST,24-Sep-2026,582.0,597.85,611.1,578.05,608.4,54400,326.92,65,41600.0,76.47,2026-09-24
TBI,SM,24-Sep-2026,74.0,74.0,75.75,71.25,74.7,14400,10.57,24,11400.0,79.17,2026-09-24
TBOTEK,EQ,24-Sep-2026,1704.5,1704.5,1715.5,1681.1,1687.2,189060,3215.37,10682,132027.0,69.83,2026-09-24
TBZ,BE,24-Sep-2026,692.45,687.7,695.0,657.85,674.85,626801,4296.02,5284,,,2026-09-24
TCC,EQ,24-Sep-2026,53.89,53.3,53.79,51.0,51.63,569671,298.51,4750,133706.0,23.47,2026-09-24
TCI,EQ,24-Sep-2026,829.75,830.65,844.8,815.05,833.45,27766,231.93,4530,16125.0,58.07,2026-09-24
TCIEXP,EQ,24-Sep-2026,505.6,505.75,513.6,490.0,492.75,13017,64.75,1350,5749.0,44.17,2026-09-24
TCIFINANCE,EQ,24-Sep-2026,15.19,15.12,15.29,14.73,14.86,8216,1.22,96,7097.0,86.38,2026-09-24
TCL,SM,24-Sep-2026,130.1,130.0,131.0,127.5,130.95,37600,48.69,20,33600.0,89.36,2026-09-24
TCPLPACK,EQ,24-Sep-2026,4003.0,4009.9,4138.8,3951.3,4058.8,11836,482.92,2636,6107.0,51.6,2026-09-24
TCS,EQ,24-Sep-2026,2089.6,2076.0,2096.9,2067.1,2087.0,1760662,36677.6,82859,770410.0,43.76,2026-09-24
TDPOWERSYS,EQ,24-Sep-2026,765.5,758.0,765.4,738.15,742.0,1289189,9681.77,44265,660359.0,51.22,2026-09-24
TEAMGTY,EQ,24-Sep-2026,239.95,239.96,242.95,235.01,241.71,75,0.18,12,36.0,48.0,2026-09-24
TEAMLEASE,EQ,24-Sep-2026,1196.0,1201.9,1215.9,1183.1,1192.0,11262,134.8,4361,6350.0,56.38,2026-09-24
TEAMTECH,ST,24-Sep-2026,136.0,137.9,139.45,136.75,138.35,26000,35.84,13,26000.0,100.0,2026-09-24
TECH,EQ,24-Sep-2026,31.05,32.45,32.45,30.8,30.95,38691,11.98,301,22740.0,58.77,2026-09-24
TECHD,SM,24-Sep-2026,565.0,562.0,571.7,550.4,558.0,15600,87.78,47,8700.0,55.77,2026-09-24
TECHERA,SM,24-Sep-2026,158.7,158.5,158.5,150.8,152.35,80800,123.14,95,49600.0,61.39,2026-09-24
TECHLABS,SM,24-Sep-2026,115.95,115.95,117.1,112.55,114.9,23500,27.12,121,17375.0,73.94,2026-09-24
TECHM,EQ,24-Sep-2026,1557.0,1549.9,1576.2,1543.0,1543.0,1707105,26578.33,48979,926971.0,54.3,2026-09-24
TECHNOCRAF,EQ,24-Sep-2026,475.65,472.0,482.0,462.4,475.05,1197482,5677.01,22493,355176.0,29.66,2026-09-24
TECHNOE,EQ,24-Sep-2026,1012.05,1002.95,1006.4,984.6,991.65,59392,590.33,8358,27916.0,47.0,2026-09-24
TECHNVISN,EQ,24-Sep-2026,4181.5,4300.0,4388.0,4071.0,4130.0,659,27.8,135,481.0,72.99,2026-09-24
TECILCHEM,EQ,24-Sep-2026,9.5,9.6,9.61,9.16,9.25,10562,0.98,77,9616.0,91.04,2026-09-24
TEGA,EQ,24-Sep-2026,2078.8,2070.0,2106.1,2040.0,2062.0,382732,7941.0,24976,131078.0,34.25,2026-09-24
TEJA,SM,24-Sep-2026,208.15,210.05,217.5,210.05,215.75,3600,7.7,6,3000.0,83.33,2026-09-24
TEJASCARGO,SM,24-Sep-2026,420.0,425.0,425.0,419.0,419.0,800,3.38,2,800.0,100.0,2026-09-24
TEJASNET,EQ,24-Sep-2026,521.55,517.1,519.6,507.2,511.3,1162117,5946.99,27635,362758.0,31.22,2026-09-24
TEMBO,EQ,24-Sep-2026,59.31,59.0,63.0,58.55,59.26,4699220,2849.19,22512,2020772.0,43.0,2026-09-24
TEMPSENS,EQ,24-Sep-2026,565.65,561.1,563.45,540.0,543.4,1781856,9812.03,41960,620546.0,34.83,2026-09-24
TENNIND,EQ,24-Sep-2026,518.6,514.2,522.25,509.6,511.25,332762,1712.25,17149,166511.0,50.04,2026-09-24
TERAI,EQ,24-Sep-2026,111.36,113.0,115.0,110.0,111.55,258,0.29,16,227.0,87.98,2026-09-24
TERASOFT,EQ,24-Sep-2026,230.8,230.8,234.25,211.05,220.65,69488,152.21,1998,45474.0,65.44,2026-09-24
TEXINFRA,EQ,24-Sep-2026,123.47,125.0,125.0,118.11,118.9,328844,398.21,5500,148469.0,45.15,2026-09-24
TEXMOPIPES,EQ,24-Sep-2026,59.63,59.7,59.7,57.9,58.05,116010,67.92,1292,77032.0,66.4,2026-09-24
TEXRAIL,EQ,24-Sep-2026,124.75,124.75,127.14,121.55,126.77,7694285,9624.22,65848,2561843.0,33.3,2026-09-24
TFCILTD,EQ,24-Sep-2026,141.55,140.9,144.39,140.5,143.46,18259746,26051.41,42135,10991554.0,60.2,2026-09-24
TFL,EQ,24-Sep-2026,11.77,11.17,12.0,11.17,11.73,20237,2.37,93,17439.0,86.17,2026-09-24
TGBHOTELS,EQ,24-Sep-2026,9.43,10.14,10.14,9.23,9.5,20766,1.96,101,17111.0,82.4,2026-09-24
TGL,ST,24-Sep-2026,14.7,14.5,14.5,14.45,14.45,3600,0.52,11,3600.0,100.0,2026-09-24
TGVSL,EQ,24-Sep-2026,108.55,108.55,111.9,107.54,109.31,488751,538.54,4601,218015.0,44.61,2026-09-24
THAKDEV,EQ,24-Sep-2026,133.78,143.9,143.9,127.61,131.44,256,0.34,93,134.0,52.34,2026-09-24
THANGAMAYL,EQ,24-Sep-2026,5317.0,5317.0,5333.5,5080.0,5097.0,50396,2606.28,10855,29658.0,58.85,2026-09-24
THEINVEST,EQ,24-Sep-2026,94.06,94.0,95.45,92.25,92.63,7483,6.97,145,6670.0,89.14,2026-09-24
THEJO,EQ,24-Sep-2026,2173.5,2179.9,2200.0,2132.4,2168.8,3841,82.94,502,2336.0,60.82,2026-09-24
THELEELA,EQ,24-Sep-2026,544.95,540.05,545.65,530.5,533.2,137918,741.83,11079,97280.0,70.53,2026-09-24
THEMISMED,EQ,24-Sep-2026,121.97,121.98,122.99,117.21,118.1,32113,38.36,947,17273.0,53.79,2026-09-24
THERMAX,EQ,24-Sep-2026,3464.9,3468.0,3470.0,3400.0,3406.1,84227,2894.86,17191,51985.0,61.72,2026-09-24
THESL,ST,24-Sep-2026,14.55,15.25,15.25,13.85,13.85,15000,2.25,5,12000.0,80.0,2026-09-24
THOMASCOOK,EQ,24-Sep-2026,105.12,104.0,104.5,103.25,103.97,403771,419.34,4006,205650.0,50.93,2026-09-24
THOMASCOTT,EQ,24-Sep-2026,235.15,235.0,236.5,228.6,235.0,29547,69.01,726,17356.0,58.74,2026-09-24
THYROCARE,EQ,24-Sep-2026,573.75,571.5,576.75,565.0,566.75,87557,499.27,8543,42888.0,48.98,2026-09-24
TI,EQ,24-Sep-2026,601.5,595.0,603.25,583.8,587.55,506431,2989.96,20030,239866.0,47.36,2026-09-24
TICL,BE,24-Sep-2026,5.83,6.12,6.12,6.12,6.12,1221318,74.74,322,,,2026-09-24
TIGERLOGS,EQ,24-Sep-2026,26.87,27.65,27.65,26.0,26.36,170542,45.13,1217,130688.0,76.63,2026-09-24
TIIL,EQ,24-Sep-2026,3019.9,3040.0,3112.7,2990.1,3033.1,26986,823.78,6316,9159.0,33.94,2026-09-24
TIINDIA,EQ,24-Sep-2026,2578.6,2558.0,2585.5,2540.5,2540.5,70640,1810.09,9935,32437.0,45.92,2026-09-24
TIJARIA,BE,24-Sep-2026,6.53,6.59,6.85,6.27,6.72,72897,4.88,140,,,2026-09-24
TIL,BE,24-Sep-2026,259.09,255.0,260.0,250.02,256.16,60699,154.97,352,,,2026-09-24
TIMETECHNO,EQ,24-Sep-2026,181.96,181.7,181.7,178.01,179.31,1714746,3082.18,17423,735462.0,42.89,2026-09-24
TIMEX,EQ,24-Sep-2026,725.75,724.0,734.05,705.0,710.8,288835,2079.89,18639,130798.0,45.28,2026-09-24
TIMKEN,EQ,24-Sep-2026,3287.9,3285.1,3315.0,3242.9,3256.9,42287,1386.53,9123,20393.0,48.23,2026-09-24
TINNARUBR,EQ,24-Sep-2026,1007.25,1007.15,1007.2,970.0,982.8,33002,326.75,2703,16402.0,49.7,2026-09-24
TIPSFILMS,EQ,24-Sep-2026,314.75,320.5,320.5,310.05,311.5,1398,4.38,111,1137.0,81.33,2026-09-24
TIPSMUSIC,EQ,24-Sep-2026,670.5,668.0,676.75,657.0,662.05,266188,1777.62,11312,141656.0,53.22,2026-09-24
TIRUMALCHM,EQ,24-Sep-2026,165.22,164.15,166.54,161.26,162.95,488664,800.35,10811,228621.0,46.78,2026-09-24
TIRUPATIFL,BE,24-Sep-2026,78.34,81.5,82.25,76.65,79.87,1212481,968.58,2963,,,2026-09-24
TITAGARH,EQ,24-Sep-2026,842.05,830.0,837.4,818.0,819.25,326786,2697.46,22225,165281.0,50.58,2026-09-24
TITAN,EQ,24-Sep-2026,4880.0,4868.0,4912.0,4830.0,4832.5,504126,24510.12,40952,271588.0,53.87,2026-09-24
TMB,EQ,24-Sep-2026,921.4,920.0,920.0,891.5,893.55,167289,1508.74,13849,67062.0,40.09,2026-09-24
TMCV,EQ,24-Sep-2026,450.2,447.35,456.05,431.55,437.15,4805833,21305.8,98415,2381633.0,49.56,2026-09-24
TMPV,EQ,24-Sep-2026,300.5,299.8,300.95,295.0,295.0,9126313,27237.49,108949,5161596.0,56.56,2026-09-24
TNIDETF,EQ,24-Sep-2026,88.8,89.79,89.79,85.71,86.3,110546,95.52,1079,88178.0,79.77,2026-09-24
TNPETRO,EQ,24-Sep-2026,128.98,129.0,133.49,125.5,126.98,863308,1118.39,12293,277154.0,32.1,2026-09-24
TNPL,EQ,24-Sep-2026,144.37,142.7,151.4,142.5,148.94,403094,591.77,5258,194102.0,48.15,2026-09-24
TNTELE,EQ,24-Sep-2026,9.06,9.15,9.48,8.52,9.31,75331,6.85,347,53728.0,71.32,2026-09-24
TOKYOPLAST,EQ,24-Sep-2026,79.4,76.05,78.8,75.5,75.62,1039,0.8,61,860.0,82.77,2026-09-24
TOLINS,EQ,24-Sep-2026,91.58,91.55,92.9,89.78,90.14,31227,28.56,1063,18948.0,60.68,2026-09-24
TOP100CASE,EQ,24-Sep-2026,10.35,10.32,10.36,10.19,10.21,848441,86.84,1832,672560.0,79.27,2026-09-24
TOP10ADD,EQ,24-Sep-2026,84.58,86.69,86.69,83.47,83.79,414184,347.73,1012,351092.0,84.77,2026-09-24
TOP15IETF,EQ,24-Sep-2026,9.48,9.43,9.5,9.29,9.34,559755,52.32,657,436984.0,78.07,2026-09-24
TOP20,EQ,24-Sep-2026,8.65,8.85,8.85,8.5,8.5,99666,8.51,422,97155.0,97.48,2026-09-24
TORNTPHARM,EQ,24-Sep-2026,4985.0,4976.0,5010.0,4902.0,4928.5,255716,12658.71,23692,140297.0,54.86,2026-09-24
TORNTPOWER,EQ,24-Sep-2026,1259.4,1238.0,1254.0,1235.1,1244.2,67834,844.82,9026,34553.0,50.94,2026-09-24
TOTAL,BE,24-Sep-2026,71.5,71.0,72.0,69.5,71.93,2371,1.68,31,,,2026-09-24
TOUCHWOOD,EQ,24-Sep-2026,61.85,61.78,61.78,61.78,61.78,62,0.04,3,62.0,100.0,2026-09-24
TOYAMSL,EQ,24-Sep-2026,0.88,0.92,0.92,0.84,0.84,4080574,34.98,639,2514228.0,61.61,2026-09-24
TPHQ,BE,24-Sep-2026,0.52,0.52,0.53,0.5,0.51,1834710,9.41,332,,,2026-09-24
TPLPLASTEH,EQ,24-Sep-2026,67.15,67.17,67.69,64.8,65.06,98176,64.88,976,35556.0,36.22,2026-09-24
TRACXN,EQ,24-Sep-2026,32.95,32.99,33.04,31.62,31.83,113250,36.71,999,78328.0,69.16,2026-09-24
TRANSCOR,EQ,24-Sep-2026,24.28,24.28,25.25,24.28,24.41,4604,1.14,51,4232.0,91.92,2026-09-24
TRANSPEK,BE,24-Sep-2026,1350.9,1344.1,1375.0,1331.0,1358.6,699,9.41,46,,,2026-09-24
TRANSRAILL,EQ,24-Sep-2026,488.9,487.0,487.9,463.0,464.0,1282611,6058.87,35968,456608.0,35.6,2026-09-24
TRANSTEEL,SM,24-Sep-2026,86.65,84.3,88.0,84.2,85.95,37000,31.61,25,16000.0,43.24,2026-09-24
TRANSWORLD,BE,24-Sep-2026,166.7,166.0,166.0,165.97,165.97,5124,8.51,22,,,2026-09-24
TRAVELFOOD,EQ,24-Sep-2026,1214.5,1214.0,1224.0,1199.9,1214.2,12316,148.56,3015,6280.0,50.99,2026-09-24
TREEHOUSE,EQ,24-Sep-2026,5.93,5.94,6.13,5.84,6.07,14428,0.87,59,8530.0,59.12,2026-09-24
TREJHARA,EQ,24-Sep-2026,135.22,135.22,137.0,131.0,135.31,7294,9.79,295,5430.0,74.44,2026-09-24
TREL,EQ,24-Sep-2026,27.78,28.2,28.58,27.0,27.8,108843,30.21,4234,54354.0,49.94,2026-09-24
TRENT,EQ,24-Sep-2026,2774.0,2765.0,2767.5,2699.9,2700.0,556839,15227.04,43924,286223.0,51.4,2026-09-24
TRF,EQ,24-Sep-2026,216.31,217.4,219.0,212.3,215.13,11662,25.06,257,9526.0,81.68,2026-09-24
TRIDENT,EQ,24-Sep-2026,23.42,23.3,23.4,23.02,23.15,2398291,555.49,11403,1171604.0,48.85,2026-09-24
TRIGYN,EQ,24-Sep-2026,56.14,56.25,56.39,54.21,54.95,15610,8.65,305,10810.0,69.25,2026-09-24
TRITONV,EQ,24-Sep-2026,1133.8,1154.0,1154.0,1101.1,1109.4,1610,17.98,286,1251.0,77.7,2026-09-24
TRITURBINE,EQ,24-Sep-2026,562.1,559.5,561.45,549.4,551.8,219693,1218.88,30308,108780.0,49.51,2026-09-24
TRIVENI,EQ,24-Sep-2026,242.35,244.0,244.0,239.45,240.2,380043,913.06,7698,258730.0,68.08,2026-09-24
TROM,SM,24-Sep-2026,54.1,53.0,54.9,53.0,53.4,7800,4.19,13,6000.0,76.92,2026-09-24
TRU,EQ,24-Sep-2026,4.23,4.04,4.4,4.04,4.21,47849,2.03,144,42068.0,87.92,2026-09-24
TRUALT,EQ,24-Sep-2026,438.9,435.0,441.8,420.35,429.0,389804,1676.77,9748,256055.0,65.69,2026-09-24
TRUST,SM,24-Sep-2026,26.5,26.5,26.9,26.15,26.15,7800,2.06,13,7200.0,92.31,2026-09-24
TSC,ST,24-Sep-2026,52.05,50.0,51.0,50.0,51.0,16000,8.1,6,16000.0,100.0,2026-09-24
TSFINV,EQ,24-Sep-2026,462.05,456.5,459.75,451.55,456.9,88605,404.58,6806,48888.0,55.18,2026-09-24
TTKHLTCARE,EQ,24-Sep-2026,1051.2,1053.6,1066.8,1040.0,1045.4,11744,123.59,1515,6868.0,58.48,2026-09-24
TTKPRESTIG,EQ,24-Sep-2026,525.8,524.0,527.3,509.5,515.3,38754,201.99,2721,16883.0,43.56,2026-09-24
TTL,EQ,24-Sep-2026,7.26,7.2,7.5,7.11,7.25,591416,43.0,606,310129.0,52.44,2026-09-24
TTML,EQ,24-Sep-2026,35.63,35.48,35.5,34.9,35.02,976514,342.88,5470,410094.0,42.0,2026-09-24
TUNWAL,SM,24-Sep-2026,25.65,25.1,25.7,25.1,25.45,42000,10.7,21,18000.0,42.86,2026-09-24
TURTLEMINT,EQ,24-Sep-2026,136.3,109.04,109.04,109.04,109.04,1011837,1103.31,6104,1010699.0,99.89,2026-09-24
TUTIALKA,EQ,24-Sep-2026,55.64,56.25,56.89,53.25,55.53,11871,6.6,158,6866.0,57.84,2026-09-24
TVSELECT,EQ,24-Sep-2026,391.8,394.7,394.7,380.3,381.7,34653,133.26,1848,18881.0,54.49,2026-09-24
TVSHLTD,EQ,24-Sep-2026,12591.0,12452.0,12549.0,12185.0,12501.0,7441,922.26,2928,3887.0,52.24,2026-09-24
TVSMOTOR,EQ,24-Sep-2026,4135.0,4093.4,4123.0,4057.0,4091.0,933899,38185.72,43886,608128.0,65.12,2026-09-24
TVSSCS,EQ,24-Sep-2026,132.48,131.0,133.46,130.0,130.47,524473,687.97,11763,251182.0,47.89,2026-09-24
TVSSRICHAK,EQ,24-Sep-2026,4651.0,4650.5,4684.5,4386.0,4412.0,16193,725.93,3109,9636.0,59.51,2026-09-24
TVTODAY,EQ,24-Sep-2026,107.7,107.7,109.4,106.0,107.77,8880,9.55,310,5293.0,59.61,2026-09-24
TVVISION,BE,24-Sep-2026,2.91,3.05,3.05,2.96,3.05,125043,3.8,174,,,2026-09-24
TWCGOLDETF,EQ,24-Sep-2026,150.51,150.6,150.6,147.65,149.01,22184,33.11,144,22075.0,99.51,2026-09-24
UBL,EQ,24-Sep-2026,1242.3,1240.0,1289.7,1227.1,1270.2,133103,1671.28,12874,70820.0,53.21,2026-09-24
UCAL,BE,24-Sep-2026,143.56,142.0,143.2,140.2,141.45,2413,3.41,36,,,2026-09-24
UCOBANK,EQ,24-Sep-2026,24.04,23.99,23.99,23.65,23.74,2411463,573.36,9967,1264449.0,52.43,2026-09-24
UDAYJEW,EQ,24-Sep-2026,153.87,153.87,162.95,152.06,162.33,71597,114.07,2127,19014.0,26.56,2026-09-24
UDS,EQ,24-Sep-2026,205.27,203.91,203.91,200.11,201.9,56075,113.42,1644,32613.0,58.16,2026-09-24
UEL,EQ,24-Sep-2026,191.86,195.0,197.9,184.67,188.09,18430,34.7,834,9667.0,52.45,2026-09-24
UFBL,BE,24-Sep-2026,722.1,722.1,740.0,710.05,723.0,32428,236.74,1694,,,2026-09-24
UFLEX,EQ,24-Sep-2026,670.45,669.65,685.0,657.85,661.55,119810,806.33,5430,51086.0,42.64,2026-09-24
UFO,EQ,24-Sep-2026,60.64,61.7,61.7,59.25,59.53,19495,11.72,309,14563.0,74.7,2026-09-24
UGARSUGAR,EQ,24-Sep-2026,57.22,56.42,57.11,55.51,55.77,262893,147.22,2361,148398.0,56.45,2026-09-24
UGROCAP,EQ,24-Sep-2026,84.29,83.89,84.89,81.2,82.23,155699,128.34,3109,87705.0,56.33,2026-09-24
UHTL,ST,24-Sep-2026,199.7,203.65,203.65,195.75,195.75,368000,737.05,65,336000.0,91.3,2026-09-24
UJJIVANSFB,EQ,24-Sep-2026,66.01,64.52,64.7,61.25,62.69,33045929,20749.65,148970,16489275.0,49.9,2026-09-24
ULTRACEMCO,EQ,24-Sep-2026,11155.0,11098.0,11192.0,11056.0,11056.0,304695,33916.05,36403,162131.0,53.21,2026-09-24
ULTRAMAR,EQ,24-Sep-2026,439.15,438.0,442.0,426.95,429.05,42929,187.26,1840,26305.0,61.28,2026-09-24
UMA,SM,24-Sep-2026,17.5,17.5,17.5,17.5,17.5,4000,0.7,1,4000.0,100.0,2026-09-24
UMAEXPORTS,BE,24-Sep-2026,20.41,20.81,20.81,20.81,20.81,488,0.1,7,,,2026-09-24
UMESLTD,EQ,24-Sep-2026,4.6,4.51,4.85,4.49,4.51,39599,1.82,119,35302.0,89.15,2026-09-24
UMIYA-MRO,EQ,24-Sep-2026,95.1,95.0,106.0,93.5,96.42,74800,75.62,1372,36843.0,49.26,2026-09-24
UNICHEMLAB,EQ,24-Sep-2026,573.2,573.0,582.0,549.8,552.65,156065,883.17,7266,62834.0,40.26,2026-09-24
UNIDT,EQ,24-Sep-2026,235.24,231.0,272.0,231.0,259.76,645371,1662.87,14331,281634.0,43.64,2026-09-24
UNIECOM,EQ,24-Sep-2026,83.26,83.0,83.8,82.3,82.76,191326,158.69,2269,99588.0,52.05,2026-09-24
UNIENTER,EQ,24-Sep-2026,91.09,91.05,92.57,89.57,90.5,1617,1.47,34,972.0,60.11,2026-09-24
UNIHEALTH,SM,24-Sep-2026,626.85,626.85,660.0,626.85,656.0,7500,48.27,15,5500.0,73.33,2026-09-24
UNIINFO,EQ,24-Sep-2026,11.4,11.02,11.4,11.02,11.29,183,0.02,11,137.0,74.86,2026-09-24
UNILEX,SM,24-Sep-2026,30.3,30.3,31.0,29.0,31.0,8000,2.4,5,6400.0,80.0,2026-09-24
UNIMECH,EQ,24-Sep-2026,1716.1,1712.0,1758.8,1673.2,1692.3,179298,3081.44,22411,71753.0,40.02,2026-09-24
UNIONBANK,EQ,24-Sep-2026,180.0,178.9,180.2,175.86,179.45,4484417,8010.2,37474,1810939.0,40.38,2026-09-24
UNIONGOLD,EQ,24-Sep-2026,147.4,147.45,147.6,146.0,146.45,2328,3.42,273,1475.0,63.36,2026-09-24
UNIPARTS,EQ,24-Sep-2026,861.2,861.0,865.6,840.15,850.35,54719,468.08,7055,25962.0,47.45,2026-09-24
UNITDSPR,EQ,24-Sep-2026,1441.0,1434.0,1442.0,1421.2,1423.3,219089,3136.5,18007,116325.0,53.09,2026-09-24
UNITECH,EQ,24-Sep-2026,4.17,4.11,4.16,4.03,4.05,4096221,167.26,2254,2623348.0,64.04,2026-09-24
UNITEDPOLY,EQ,24-Sep-2026,45.94,46.5,46.75,45.0,45.27,170870,77.55,505,150743.0,88.22,2026-09-24
UNITEDTEA,EQ,24-Sep-2026,428.0,428.0,435.0,425.35,428.25,1821,7.83,104,1584.0,86.99,2026-09-24
UNIVASTU,BE,24-Sep-2026,145.71,142.0,144.96,139.0,140.54,44569,62.75,471,,,2026-09-24
UNIVCABLES,EQ,24-Sep-2026,1508.8,1508.8,1539.8,1490.0,1517.0,128146,1943.22,10584,49045.0,38.27,2026-09-24
UNIVPHOTO,BE,24-Sep-2026,577.05,565.2,565.2,548.2,549.85,1245,6.9,81,,,2026-09-24
UNOMINDA,EQ,24-Sep-2026,1223.1,1216.3,1252.9,1212.3,1224.4,445754,5517.8,28796,160541.0,36.02,2026-09-24
UPL,EQ,24-Sep-2026,553.15,550.7,553.65,546.5,549.6,1278779,7046.36,28987,735778.0,57.54,2026-09-24
URAVIDEF,BE,24-Sep-2026,104.15,104.0,104.0,103.0,103.0,1274,1.32,36,,,2026-09-24
URBAN,SM,24-Sep-2026,117.05,118.95,119.9,118.0,119.0,8000,9.5,10,7200.0,90.0,2026-09-24
URBANCO,EQ,24-Sep-2026,172.73,172.21,174.26,168.5,171.26,4162727,7152.0,37079,1651151.0,39.67,2026-09-24
URJA,EQ,24-Sep-2026,9.05,9.06,9.1,8.95,9.0,403236,36.29,1986,259703.0,64.4,2026-09-24
USASEEDS,SM,24-Sep-2026,90.0,85.5,89.5,85.5,89.5,2140,1.86,5,1284.0,60.0,2026-09-24
USHAFIN,SM,24-Sep-2026,54.15,55.9,56.0,55.8,55.8,9600,5.37,4,9600.0,100.0,2026-09-24
USHAMART,EQ,24-Sep-2026,535.05,534.0,534.15,515.0,523.2,607143,3181.66,19360,242082.0,39.87,2026-09-24
USK,EQ,24-Sep-2026,19.85,19.6,20.3,19.51,19.61,21157,4.18,207,17787.0,84.07,2026-09-24
UTIAMC,EQ,24-Sep-2026,909.95,905.3,914.4,903.2,907.9,47119,427.53,5233,29396.0,62.39,2026-09-24
UTKAL,SM,24-Sep-2026,50.25,51.0,51.0,50.5,50.8,8000,4.06,4,8000.0,100.0,2026-09-24
UTKARSHBNK,EQ,24-Sep-2026,14.07,13.94,14.0,13.7,13.86,4749458,657.09,9886,2259906.0,47.58,2026-09-24
UTLSOLAR,EQ,24-Sep-2026,446.1,443.85,443.85,428.3,433.4,205916,893.62,10713,113807.0,55.27,2026-09-24
UTSSAV,SM,24-Sep-2026,653.25,640.0,659.0,640.0,652.2,51000,330.69,56,36000.0,70.59,2026-09-24
UTTAMSUGAR,EQ,24-Sep-2026,266.35,265.5,266.2,258.45,260.0,64541,169.03,1861,34760.0,53.86,2026-09-24
UYFINCORP,BE,24-Sep-2026,19.51,19.12,19.6,19.11,19.26,85744,16.57,183,,,2026-09-24
V2RETAIL,EQ,24-Sep-2026,215.63,213.11,216.0,211.21,214.47,556422,1192.6,10889,317500.0,57.06,2026-09-24
VADILALIND,EQ,24-Sep-2026,7492.0,7450.0,7529.0,7322.0,7413.5,9796,727.6,3192,4577.0,46.72,2026-09-24
VADILENT,EQ,24-Sep-2026,10370.0,10310.0,10310.0,10250.0,10303.0,11,1.13,8,10.0,90.91,2026-09-24
VAIBHAVGBL,EQ,24-Sep-2026,209.49,208.81,209.93,204.0,205.25,153843,317.54,4275,98291.0,63.89,2026-09-24
VAISHALI,EQ,24-Sep-2026,8.45,8.32,8.79,8.32,8.53,171784,14.71,346,90497.0,52.68,2026-09-24
VAKRANGEE,EQ,24-Sep-2026,5.35,5.37,5.45,5.2,5.3,1008105,53.18,1738,497933.0,49.39,2026-09-24
VAL30IETF,EQ,24-Sep-2026,15.0,14.91,14.96,14.81,14.87,128483,19.11,657,76636.0,59.65,2026-09-24
VALIANTLAB,BE,24-Sep-2026,121.24,121.24,125.99,117.3,123.15,77365,94.03,522,,,2026-09-24
VALIANTORG,EQ,24-Sep-2026,420.8,420.0,420.0,406.5,411.35,59473,244.65,1514,40793.0,68.59,2026-09-24
VALUE,EQ,24-Sep-2026,15.94,16.14,16.14,15.75,15.78,15227,2.41,103,15139.0,99.42,2026-09-24
VALUE360,SM,24-Sep-2026,62.05,60.0,60.0,56.0,56.35,20400,11.71,16,19200.0,94.12,2026-09-24
VALUEAXIS,EQ,24-Sep-2026,32.48,32.48,32.64,32.04,32.18,42653,13.74,370,23526.0,55.16,2026-09-24
VAML,EQ,24-Sep-2026,436.3,430.9,438.9,428.25,429.4,4520000,19573.0,73128,2563052.0,56.7,2026-09-24
VARDHACRLC,BE,24-Sep-2026,44.48,44.6,44.6,43.0,43.95,34631,15.14,156,,,2026-09-24
VARDMNPOLY,EQ,24-Sep-2026,5.91,5.96,6.0,5.78,5.81,128283,7.52,281,114255.0,89.06,2026-09-24
VARROC,EQ,24-Sep-2026,836.5,837.0,844.6,825.0,833.4,129764,1084.66,10454,52481.0,40.44,2026-09-24
VASCONEQ,EQ,24-Sep-2026,32.99,32.5,34.9,32.25,33.29,1975613,668.59,7865,920791.0,46.61,2026-09-24
VASUPRADA,EQ,24-Sep-2026,95.05,99.0,99.0,95.3,95.3,212,0.21,3,212.0,100.0,2026-09-24
VASWANI,EQ,24-Sep-2026,45.68,45.5,45.92,44.57,45.08,26319,11.96,222,20617.0,78.34,2026-09-24
VBL,EQ,24-Sep-2026,436.15,432.15,436.85,428.3,431.25,5016972,21709.13,50013,2965734.0,59.11,2026-09-24
VCL,BE,24-Sep-2026,1.52,1.45,1.45,1.45,1.45,227569,3.3,170,,,2026-09-24
VDEAL,SM,24-Sep-2026,121.6,122.0,122.0,118.25,118.25,6000,7.24,9,4200.0,70.0,2026-09-24
VEDAVAAG,EQ,24-Sep-2026,22.16,22.27,22.3,21.13,21.31,20903,4.53,182,12489.0,59.75,2026-09-24
VEDL,EQ,24-Sep-2026,271.0,267.9,269.4,264.2,267.5,5685750,15150.62,62020,3145012.0,55.31,2026-09-24
VEDPOWER,EQ,24-Sep-2026,32.98,32.85,32.85,31.9,32.1,9200935,2966.55,38103,5100717.0,55.44,2026-09-24
VEEDOL,EQ,24-Sep-2026,1365.8,1358.0,1374.8,1354.5,1364.3,5343,72.9,836,2788.0,52.18,2026-09-24
VEEGALAND,BE,24-Sep-2026,142.87,141.5,145.8,140.9,142.38,866388,1240.51,3161,,,2026-09-24
VEEKAYEM,SM,24-Sep-2026,102.25,97.2,97.2,97.15,97.15,1500,1.46,2,1500.0,100.0,2026-09-24
VELJAN,BE,24-Sep-2026,2051.2,2051.2,2081.5,1991.1,2067.9,436,8.86,43,,,2026-09-24
VENKEYS,EQ,24-Sep-2026,1692.2,1697.9,1703.6,1645.0,1664.1,34737,580.07,3667,16323.0,46.99,2026-09-24
VENTIVE,EQ,24-Sep-2026,578.35,586.9,586.9,565.55,572.75,10555,60.44,891,4361.0,41.32,2026-09-24
VENUSPIPES,EQ,24-Sep-2026,2235.5,2230.0,2258.2,2190.0,2206.3,95848,2136.74,9544,42216.0,44.04,2026-09-24
VENUSREM,EQ,24-Sep-2026,1643.7,1628.9,1674.8,1582.2,1624.8,31456,513.78,3122,15391.0,48.93,2026-09-24
VERANDA,EQ,24-Sep-2026,231.5,230.5,237.5,226.16,232.46,466617,1079.53,7467,201196.0,43.12,2026-09-24
VERITAAS,SM,24-Sep-2026,24.25,25.35,25.45,25.35,25.45,2400,0.61,2,2400.0,100.0,2026-09-24
VERTIS,IV,24-Sep-2026,115.75,115.75,115.75,115.75,115.75,75000,86.81,3,75000.0,100.0,2026-09-24
VERTOZ,EQ,24-Sep-2026,36.84,35.6,38.24,35.6,36.73,41283,15.23,393,36113.0,87.48,2026-09-24
VESUVIUS,EQ,24-Sep-2026,396.1,395.0,396.0,391.0,391.85,45504,178.79,2808,31152.0,68.46,2026-09-24
VETO,EQ,24-Sep-2026,145.57,147.0,147.02,142.51,143.04,81284,116.82,2086,52088.0,64.08,2026-09-24
VGCL,EQ,24-Sep-2026,47.18,48.89,48.89,45.12,47.2,3116,1.43,34,3094.0,99.29,2026-09-24
VGINFOTECH,SM,24-Sep-2026,140.05,140.0,142.0,138.0,141.1,64000,89.89,33,57000.0,89.06,2026-09-24
VGL,EQ,24-Sep-2026,70.63,69.0,70.06,66.22,66.52,117211,79.95,896,68106.0,58.11,2026-09-24
VGUARD,EQ,24-Sep-2026,316.4,315.5,315.6,307.6,308.6,198837,618.27,10492,109925.0,55.28,2026-09-24
VHL,EQ,24-Sep-2026,3383.8,3341.0,3409.4,3341.0,3368.1,416,14.06,42,389.0,93.51,2026-09-24
VHLTD,BE,24-Sep-2026,126.49,129.9,129.9,125.5,129.16,23968,30.81,136,,,2026-09-24
VIAZ,SM,24-Sep-2026,79.0,82.9,82.9,75.05,78.85,22000,17.22,10,14000.0,63.64,2026-09-24
VICTORYEV,SM,24-Sep-2026,13.75,13.6,13.95,13.55,13.85,15000,2.06,5,12000.0,80.0,2026-09-24
VIDHIING,EQ,24-Sep-2026,359.85,355.15,362.45,345.1,352.45,37289,131.48,1162,25432.0,68.2,2026-09-24
VIDYAWIRES,EQ,24-Sep-2026,88.71,86.57,87.33,84.4,86.23,1387256,1188.07,8849,686620.0,49.49,2026-09-24
VIESL,SM,24-Sep-2026,370.4,371.1,371.1,365.1,369.05,5600,20.68,7,4000.0,71.43,2026-09-24
VIGOR,SM,24-Sep-2026,102.85,102.7,102.7,100.0,101.0,20800,21.0,9,20800.0,100.0,2026-09-24
VIJAYA,EQ,24-Sep-2026,1570.7,1571.4,1571.4,1520.5,1526.5,101780,1571.21,13559,51726.0,50.82,2026-09-24
VIJAYPD,SM,24-Sep-2026,65.0,66.6,73.9,64.75,71.15,40000,28.01,20,34000.0,85.0,2026-09-24
VIJIFIN,BE,24-Sep-2026,15.91,16.21,16.22,15.6,16.22,2422961,386.73,531,,,2026-09-24
VIJSOLX,EQ,24-Sep-2026,632.3,634.0,636.05,634.0,636.05,7,0.04,2,7.0,100.0,2026-09-24
VIKASECO,EQ,24-Sep-2026,1.04,1.04,1.05,1.03,1.03,1701614,17.67,1045,1071255.0,62.96,2026-09-24
VIKASLIFE,EQ,24-Sep-2026,1.28,1.28,1.28,1.24,1.24,2276172,28.6,8454,1146304.0,50.36,2026-09-24
VIKRAMSOLR,EQ,24-Sep-2026,163.34,163.34,163.55,160.3,160.42,974428,1570.42,11057,545348.0,55.97,2026-09-24
VIKRAN,EQ,24-Sep-2026,56.14,58.5,62.62,57.53,60.99,34848858,21308.09,142260,2496228.0,7.16,2026-09-24
VILAS,SM,24-Sep-2026,403.85,402.6,419.5,361.0,399.35,61000,247.46,193,44500.0,72.95,2026-09-24
VILINBIO,ST,24-Sep-2026,52.3,52.3,52.3,52.3,52.3,4000,2.09,1,4000.0,100.0,2026-09-24
VIMTALABS,EQ,24-Sep-2026,610.7,606.0,616.0,595.0,597.5,140540,848.27,9592,69389.0,49.37,2026-09-24
VINATIORGA,EQ,24-Sep-2026,1222.8,1220.1,1225.6,1190.0,1195.0,68223,820.76,9194,40005.0,58.64,2026-09-24
VINCOFE,EQ,24-Sep-2026,183.79,184.37,191.35,182.69,183.75,3693467,6931.52,46470,1242287.0,33.63,2026-09-24
VINDHYATEL,EQ,24-Sep-2026,2864.6,2830.0,2874.0,2748.9,2767.5,52006,1450.25,6289,27185.0,52.27,2026-09-24
VINEETLAB,EQ,24-Sep-2026,34.82,35.75,35.75,34.1,34.93,52687,18.37,571,38294.0,72.68,2026-09-24
VINNY,EQ,24-Sep-2026,0.92,0.92,0.93,0.92,0.92,309005,2.87,179,294984.0,95.46,2026-09-24
VINOD,ST,24-Sep-2026,72.85,69.25,69.25,69.25,69.25,2400,1.66,2,2400.0,100.0,2026-09-24
VINSYS,ST,24-Sep-2026,587.65,587.0,587.0,560.0,573.8,7750,44.92,22,7750.0,100.0,2026-09-24
VINYAS,SM,24-Sep-2026,1599.3,1582.0,1582.0,1543.0,1543.5,3000,46.73,28,2300.0,76.67,2026-09-24
VINYLINDIA,EQ,24-Sep-2026,221.54,221.54,224.2,218.1,220.32,7702,17.03,741,5061.0,65.71,2026-09-24
VIPCLOTHNG,EQ,24-Sep-2026,21.72,21.99,22.0,21.5,21.7,39989,8.67,208,30596.0,76.51,2026-09-24
VIPIND,EQ,24-Sep-2026,298.9,298.0,303.95,295.1,300.95,321535,964.19,4259,222888.0,69.32,2026-09-24
VIPULLTD,BE,24-Sep-2026,11.09,10.99,11.08,10.54,10.56,834651,88.36,356,,,2026-09-24
VIRAT,EQ,24-Sep-2026,371.2,377.0,389.9,356.1,361.55,7756,28.67,589,2256.0,29.09,2026-09-24
VIRINCHI,EQ,24-Sep-2026,14.03,14.17,14.17,13.8,13.81,39412,5.48,214,33688.0,85.48,2026-09-24
VIRTUALG,BE,24-Sep-2026,0.45,0.46,0.47,0.45,0.45,102248,0.46,110,,,2026-09-24
VISACHROME,EQ,24-Sep-2026,34.81,36.48,36.55,33.4,36.34,47827,17.09,383,33552.0,70.15,2026-09-24
VISAKAIND,EQ,24-Sep-2026,96.08,96.08,102.4,94.01,94.79,1406348,1375.87,13025,587928.0,41.81,2026-09-24
VISAMAN,SM,24-Sep-2026,33.4,31.75,31.75,31.75,31.75,12000,3.81,5,12000.0,100.0,2026-09-24
VISHAL,EQ,24-Sep-2026,18.18,18.1,18.25,17.55,18.06,27608,4.96,256,18200.0,65.92,2026-09-24
VISHNU,EQ,24-Sep-2026,723.95,723.9,725.85,701.05,703.25,59548,424.85,4581,35877.0,60.25,2026-09-24
VISHNUINFR,SM,24-Sep-2026,150.5,150.0,150.0,150.0,150.0,500,0.75,1,500.0,100.0,2026-09-24
VISHWARAJ,EQ,24-Sep-2026,5.35,5.34,5.43,5.25,5.28,162085,8.65,570,110873.0,68.4,2026-09-24
VISHWAS,ST,24-Sep-2026,38.5,37.1,40.4,37.1,40.4,4800,1.89,3,4800.0,100.0,2026-09-24
VISL,EQ,24-Sep-2026,33.82,33.92,34.25,32.13,32.13,31103791,10200.43,53737,13988473.0,44.97,2026-09-24
VITAL,EQ,24-Sep-2026,55.66,55.67,57.33,53.6,54.37,6134,3.41,153,5506.0,89.76,2026-09-24
VIVIANA,EQ,24-Sep-2026,724.55,728.0,728.0,700.0,706.25,13420,95.79,749,9145.0,68.14,2026-09-24
VIVIDEL,SM,24-Sep-2026,1763.0,1784.95,1847.45,1750.0,1790.0,19680,352.2,72,13920.0,70.73,2026-09-24
VIVIDHA,EQ,24-Sep-2026,0.52,0.52,0.55,0.52,0.53,395032,2.12,168,266370.0,67.43,2026-09-24
VIVIMEDLAB,BE,24-Sep-2026,5.36,5.34,5.46,5.34,5.45,44391,2.42,38,,,2026-09-24
VIVOBIOT,EQ,24-Sep-2026,16.67,16.58,16.98,15.51,16.08,16987,2.76,181,14519.0,85.47,2026-09-24
VIYASH,EQ,24-Sep-2026,253.75,252.95,252.95,244.85,246.0,1767338,4393.24,28580,994539.0,56.27,2026-09-24
VLEGOV,EQ,24-Sep-2026,10.42,10.63,10.63,10.05,10.25,44465,4.59,328,29612.0,66.6,2026-09-24
VLINFRA,SM,24-Sep-2026,25.45,25.0,25.0,25.0,25.0,1500,0.38,1,1500.0,100.0,2026-09-24
VLSFINANCE,EQ,24-Sep-2026,241.15,241.15,242.16,236.35,239.58,6473,15.53,260,4564.0,70.51,2026-09-24
VMARCIND,SM,24-Sep-2026,338.4,337.0,337.0,325.0,329.2,132000,433.99,82,76500.0,57.95,2026-09-24
VMART,EQ,24-Sep-2026,786.6,782.0,784.45,760.15,773.7,142108,1095.6,10453,74350.0,52.32,2026-09-24
VMM,EQ,24-Sep-2026,106.0,106.45,108.23,104.84,105.46,17613951,18749.6,72865,8135402.0,46.19,2026-09-24
VMOBILE,SM,24-Sep-2026,56.6,58.9,58.9,57.2,57.2,3200,1.86,4,3200.0,100.0,2026-09-24
VMSTMT,EQ,24-Sep-2026,45.92,45.6,47.09,45.6,46.13,32492,15.07,474,17125.0,52.71,2026-09-24
VOEPL,EQ,24-Sep-2026,515.1,525.0,527.95,495.0,497.65,66741,339.28,3430,26293.0,39.4,2026-09-24
VOGL,EQ,24-Sep-2026,35.86,35.5,35.68,34.41,34.53,14402274,5024.18,36925,7067753.0,49.07,2026-09-24
VOITHPAPR,EQ,24-Sep-2026,1440.0,1445.0,1454.9,1400.3,1416.7,876,12.53,47,844.0,96.35,2026-09-24
VOLERCAR,SM,24-Sep-2026,226.9,229.5,237.0,220.0,229.5,8800,20.11,11,6400.0,72.73,2026-09-24
VOLTAMP,EQ,24-Sep-2026,10799.0,10723.0,10729.0,10550.0,10587.0,9565,1017.26,3609,4951.0,51.76,2026-09-24
VOLTAS,EQ,24-Sep-2026,1130.0,1119.1,1126.4,1106.9,1113.4,530213,5922.07,20385,219522.0,41.4,2026-09-24
VPRPL,EQ,24-Sep-2026,32.83,32.64,33.15,32.26,32.9,252747,82.6,1267,115825.0,45.83,2026-09-24
VRAJ,EQ,24-Sep-2026,127.9,128.86,128.97,125.21,126.19,8792,11.15,516,4439.0,50.49,2026-09-24
VRLLOG,EQ,24-Sep-2026,291.75,291.3,293.45,289.5,291.65,121565,354.38,4472,76355.0,62.81,2026-09-24
VSSL,EQ,24-Sep-2026,413.6,410.7,418.35,390.05,405.0,115559,474.08,5149,54073.0,46.79,2026-09-24
VSTIND,EQ,24-Sep-2026,208.8,209.35,209.35,205.4,206.69,100738,208.42,3197,58538.0,58.11,2026-09-24
VSTL,EQ,24-Sep-2026,113.48,113.0,114.83,111.55,112.87,5459,6.19,254,4093.0,74.98,2026-09-24
VSTTILLERS,EQ,24-Sep-2026,4425.0,4400.2,4631.8,4371.3,4516.7,17167,769.19,3094,7635.0,44.47,2026-09-24
VTL,EQ,24-Sep-2026,561.45,559.1,596.6,556.65,563.6,2304091,13229.98,66153,217879.0,9.46,2026-09-24
VTMLTD,EQ,24-Sep-2026,44.5,45.68,45.68,41.5,42.13,91863,38.81,1332,55085.0,59.96,2026-09-24
WAAREEENER,EQ,24-Sep-2026,2512.0,2502.0,2511.9,2470.0,2482.0,389057,9683.43,39334,182755.0,46.97,2026-09-24
WAAREEINDO,EQ,24-Sep-2026,255.7,242.95,242.95,242.95,242.95,32007,77.76,548,32007.0,100.0,2026-09-24
WAAREERTL,EQ,24-Sep-2026,848.0,838.0,848.0,827.25,832.3,133525,1117.2,12445,55170.0,41.32,2026-09-24
WABAG,EQ,24-Sep-2026,2048.7,2038.0,2073.0,2019.7,2029.2,690358,14069.47,31144,295494.0,42.8,2026-09-24
WAKEFIT,EQ,24-Sep-2026,146.78,146.78,148.0,142.4,142.83,161388,232.66,2529,97151.0,60.2,2026-09-24
WALCHANNAG,EQ,24-Sep-2026,212.63,211.09,212.0,207.0,208.07,434910,910.06,6809,217425.0,49.99,2026-09-24
WALPAR,SM,24-Sep-2026,25.4,26.65,26.65,26.65,26.65,2000,0.53,1,2000.0,100.0,2026-09-24
WANBURY,EQ,24-Sep-2026,233.1,230.0,238.4,223.65,225.15,190580,436.38,4898,97624.0,51.22,2026-09-24
WARDINMOBI,EQ,24-Sep-2026,5.66,5.7,5.74,5.6,5.62,248149,13.98,759,179641.0,72.39,2026-09-24
WATERBASE,EQ,24-Sep-2026,46.66,46.66,46.66,45.0,45.36,17346,7.88,311,11417.0,65.82,2026-09-24
WCIL,EQ,24-Sep-2026,97.33,99.99,99.99,95.1,95.78,165817,160.96,1786,45994.0,27.74,2026-09-24
WEALTH,EQ,24-Sep-2026,840.45,833.0,850.9,827.0,839.25,1405,11.74,118,1247.0,88.75,2026-09-24
WEBELSOLAR,EQ,24-Sep-2026,73.93,74.52,76.78,72.2,74.07,2342303,1745.28,17193,1028306.0,43.9,2026-09-24
WEIZMANIND,EQ,24-Sep-2026,71.57,71.75,73.69,71.6,71.67,158,0.11,13,79.0,50.0,2026-09-24
WEL,EQ,24-Sep-2026,76.93,77.25,77.5,74.01,74.18,434603,326.47,2929,209913.0,48.3,2026-09-24
WELCORP,EQ,24-Sep-2026,2796.8,2786.0,2800.0,2675.0,2692.2,1002471,27514.19,59183,408228.0,40.72,2026-09-24
WELENT,EQ,24-Sep-2026,774.0,773.4,775.0,744.5,749.15,226253,1718.99,10806,97344.0,43.02,2026-09-24
WELINV,BE,24-Sep-2026,2457.0,2457.0,2457.0,2457.0,2457.0,16,0.39,9,,,2026-09-24
WELSPLSOL,EQ,24-Sep-2026,53.59,52.91,55.59,52.9,53.46,524720,284.8,4558,249296.0,47.51,2026-09-24
WELSPUNLIV,EQ,24-Sep-2026,223.77,221.56,228.8,217.19,222.32,4797903,10740.18,46500,1688284.0,35.19,2026-09-24
WENDT,EQ,24-Sep-2026,8678.5,8625.0,8654.5,8478.0,8525.5,6775,580.31,1864,3804.0,56.15,2026-09-24
WESTLIFE,EQ,24-Sep-2026,598.7,585.0,593.0,564.45,569.25,132688,765.62,8210,71247.0,53.7,2026-09-24
WEWIN,EQ,24-Sep-2026,46.76,46.85,50.0,46.85,49.01,15434,7.42,120,13768.0,89.21,2026-09-24
WEWORK,EQ,24-Sep-2026,668.5,665.0,665.2,648.15,651.7,73586,480.83,4911,45117.0,61.31,2026-09-24
WHBRADY,EQ,24-Sep-2026,502.6,421.0,498.95,421.0,498.95,40,0.18,17,30.0,75.0,2026-09-24
WHEELS,EQ,24-Sep-2026,2240.3,2210.0,2300.0,2161.1,2180.8,188804,4234.8,14504,57909.0,30.67,2026-09-24
WHIRLPOOL,EQ,24-Sep-2026,865.25,810.0,878.0,810.0,853.45,7497954,62383.17,205329,838701.0,11.19,2026-09-24
WILLAMAGOR,EQ,24-Sep-2026,22.78,24.0,24.0,22.5,23.4,2759,0.65,46,2585.0,93.69,2026-09-24
WINDLAS,EQ,24-Sep-2026,1077.45,1070.2,1099.0,1065.45,1093.8,53563,583.08,5094,29748.0,55.54,2026-09-24
WINDMACHIN,EQ,24-Sep-2026,295.4,294.0,304.9,293.0,300.9,120512,361.88,1670,87731.0,72.8,2026-09-24
WINSOL,SM,24-Sep-2026,111.7,108.0,108.0,107.65,107.65,1200,1.29,3,1200.0,100.0,2026-09-24
WIPL,EQ,24-Sep-2026,160.91,160.91,173.85,160.01,166.6,1451,2.41,65,711.0,49.0,2026-09-24
WIPRO,EQ,24-Sep-2026,164.9,164.16,165.67,163.36,163.64,7033397,11560.39,65135,2595901.0,36.91,2026-09-24
WOCKPHARMA,EQ,24-Sep-2026,2329.7,2310.0,2334.5,2265.0,2287.7,824745,18966.48,44365,273541.0,33.17,2026-09-24
WOMANCART,ST,24-Sep-2026,102.5,101.0,104.0,98.15,100.65,17200,17.26,39,12400.0,72.09,2026-09-24
WONDERLA,EQ,24-Sep-2026,510.75,508.0,511.7,506.05,509.95,62008,315.95,1822,46614.0,75.17,2026-09-24
WORTHPERI,EQ,24-Sep-2026,149.21,146.98,149.99,145.03,147.26,2003,2.94,62,1940.0,96.85,2026-09-24
WPIL,EQ,24-Sep-2026,440.0,440.0,446.0,431.55,435.8,31249,137.07,1839,15670.0,50.15,2026-09-24
WSI,EQ,24-Sep-2026,58.13,58.13,58.13,56.5,56.96,9922,5.69,255,6845.0,68.99,2026-09-24
WSTCSTPAPR,EQ,24-Sep-2026,747.25,746.0,753.8,734.1,737.95,164772,1226.66,10457,82045.0,49.79,2026-09-24
WTICAB,SM,24-Sep-2026,98.0,98.0,98.0,96.0,96.45,18500,17.89,30,17500.0,94.59,2026-09-24
XCHANGING,EQ,24-Sep-2026,61.79,61.6,61.6,59.81,60.35,56011,33.93,1020,33959.0,60.63,2026-09-24
XELPMOC,EQ,24-Sep-2026,74.03,74.4,74.78,72.63,74.59,3454,2.55,147,3098.0,89.69,2026-09-24
XPROINDIA,EQ,24-Sep-2026,1223.5,1219.0,1263.5,1184.3,1207.0,68439,837.08,5300,37508.0,54.81,2026-09-24
XTGLOBAL,EQ,24-Sep-2026,29.93,31.0,31.0,28.93,29.26,51819,15.51,552,21467.0,41.43,2026-09-24
XTRANET,EQ,24-Sep-2026,317.65,312.99,317.97,301.77,313.71,1073441,3297.45,14185,411374.0,38.32,2026-09-24
YAAP,SM,24-Sep-2026,126.6,132.0,132.0,122.5,122.5,7000,8.96,7,4000.0,57.14,2026-09-24
YASHO,EQ,24-Sep-2026,4144.7,4100.0,4249.0,4012.7,4043.7,41712,1726.52,9113,17162.0,41.14,2026-09-24
YASHOPTICS,SM,24-Sep-2026,134.65,134.0,136.0,131.0,131.35,18400,24.45,19,16800.0,91.3,2026-09-24
YATHARTH,EQ,24-Sep-2026,1162.2,1163.0,1172.5,1145.0,1157.0,489737,5677.3,25331,197512.0,40.33,2026-09-24
YATRA,EQ,24-Sep-2026,108.74,109.15,109.21,104.31,105.2,575540,611.57,5462,279889.0,48.63,2026-09-24
YCCL,SM,24-Sep-2026,8.25,8.25,8.25,8.25,8.25,3000,0.25,1,3000.0,100.0,2026-09-24
YESBANK,EQ,24-Sep-2026,23.24,23.08,23.08,22.38,22.44,102237435,23044.8,160857,45926036.0,44.92,2026-09-24
YOGI,EQ,24-Sep-2026,161.95,162.9,164.0,158.0,164.0,596,0.96,8,596.0,100.0,2026-09-24
YUDIZ,SM,24-Sep-2026,23.0,23.0,24.0,23.0,24.0,3200,0.74,4,3200.0,100.0,2026-09-24
YUKEN,EQ,24-Sep-2026,1138.9,1146.0,1146.0,1109.7,1127.75,7863,88.63,941,4179.0,53.15,2026-09-24
ZAGGLE,EQ,24-Sep-2026,179.86,178.9,179.3,176.62,178.22,676984,1206.1,8266,334718.0,49.44,2026-09-24
ZEAL,SM,24-Sep-2026,76.0,78.5,83.0,78.5,82.3,7200,5.82,11,6600.0,91.67,2026-09-24
ZEEL,EQ,24-Sep-2026,77.28,77.18,79.45,76.85,78.17,14869768,11662.32,53583,4685490.0,31.51,2026-09-24
ZEELEARN,EQ,24-Sep-2026,6.84,6.84,6.89,6.7,6.77,107560,7.3,338,91446.0,85.02,2026-09-24
ZEEMEDIA,EQ,24-Sep-2026,7.51,7.51,7.59,7.37,7.4,848644,63.2,1408,426832.0,50.3,2026-09-24
ZENITHDRUG,SM,24-Sep-2026,48.95,46.55,46.55,44.4,44.4,5600,2.54,7,5600.0,100.0,2026-09-24
ZENITHEXPO,EQ,24-Sep-2026,197.0,196.02,199.0,194.2,195.53,231,0.45,62,226.0,97.84,2026-09-24
ZENITHSTL,EQ,24-Sep-2026,5.34,5.47,5.47,5.22,5.27,41752,2.22,286,29382.0,70.37,2026-09-24
ZENSARTECH,EQ,24-Sep-2026,430.75,430.0,430.0,418.5,422.55,1163001,4919.93,32582,490623.0,42.19,2026-09-24
ZENTEC,EQ,24-Sep-2026,1672.3,1664.6,1681.6,1640.7,1645.7,168806,2799.8,14784,76807.0,45.5,2026-09-24
ZFCVINDIA,EQ,24-Sep-2026,2357.2,2356.9,2375.8,2325.2,2345.5,164020,3846.96,23874,91319.0,55.68,2026-09-24
ZFSTEERING,EQ,24-Sep-2026,703.65,710.0,760.0,709.85,746.1,11028,81.67,1044,5710.0,51.78,2026-09-24
ZIMLAB,EQ,24-Sep-2026,133.56,132.09,143.88,131.5,137.82,90235,122.94,830,55643.0,61.66,2026-09-24
ZODIAC,EQ,24-Sep-2026,229.94,229.94,229.94,220.0,227.44,9943,22.48,536,6989.0,70.29,2026-09-24
ZODIACLOTH,EQ,24-Sep-2026,69.71,70.09,70.09,69.23,69.23,1807,1.26,28,1545.0,85.5,2026-09-24
ZOTA,EQ,24-Sep-2026,1390.6,1370.3,1405.8,1325.5,1345.7,92659,1264.52,7601,35890.0,38.73,2026-09-24
ZSARACOM,EQ,24-Sep-2026,10294.0,10188.0,10188.0,9906.0,9948.0,51,5.1,42,39.0,76.47,2026-09-24
ZTECH,SM,24-Sep-2026,429.55,427.05,435.0,419.0,429.15,16500,70.98,46,12600.0,76.36,2026-09-24
ZUARI,EQ,24-Sep-2026,224.09,222.55,225.75,217.06,218.41,85550,189.46,2783,33505.0,39.16,2026-09-24
ZUARIIND,EQ,24-Sep-2026,278.9,283.65,289.0,278.2,282.85,133311,378.93,4036,63745.0,47.82,2026-09-24
ZYDUSLIFE,EQ,24-Sep-2026,1170.1,1169.8,1190.6,1161.6,1180.3,1965875,23225.58,39301,1057657.0,53.8,2026-09-24
ZYDUSWELL,EQ,24-Sep-2026,531.0,529.0,529.45,518.6,520.15,66218,346.31,5302,27017.0,40.8,2026-09-24
