SYMBOL,SERIES,DATE1,PREV_CLOSE,OPEN_PRICE,HIGH_PRICE,LOW_PRICE,CLOSE_PRICE,TTL_TRD_QNTY,TURNOVER_LACS,NO_OF_TRADES,DELIV_QTY,DELIV_PER,DATE
1018GS2026,GS,29-Jul-2026,104.05,104.35,104.4,103.35,103.4,3223,3.36,9,3223.0,100.0,2026-07-29
20MICRONS,EQ,29-Jul-2026,201.63,202.5,206.79,200.3,201.16,132775,269.81,3392,65663.0,49.45,2026-07-29
21STCENMGM,EQ,29-Jul-2026,38.6,39.25,39.37,37.92,38.88,26243,10.23,182,21397.0,81.53,2026-07-29
360ONE,EQ,29-Jul-2026,1128.3,1128.3,1170.0,1113.5,1161.3,1135914,13026.61,30998,717383.0,63.15,2026-07-29
3BBLACKBIO,EQ,29-Jul-2026,1298.8,1292.2,1303.4,1269.0,1270.9,5357,68.45,842,3107.0,58.0,2026-07-29
3IINFOLTD,EQ,29-Jul-2026,21.97,21.95,22.47,21.13,22.11,1664588,364.48,4187,1095786.0,65.83,2026-07-29
3MINDIA,EQ,29-Jul-2026,35090.0,35400.0,35700.0,35100.0,35425.0,1650,586.32,1026,725.0,43.94,2026-07-29
3PLAND,EQ,29-Jul-2026,32.28,32.5,32.5,31.35,32.28,1042,0.34,38,975.0,93.57,2026-07-29
574GS2026,GS,29-Jul-2026,101.08,101.45,101.45,101.45,101.45,5,0.01,1,5.0,100.0,2026-07-29
585GS2030,GS,29-Jul-2026,96.48,96.48,96.48,96.48,96.48,100,0.1,1,100.0,100.0,2026-07-29
5PAISA,EQ,29-Jul-2026,353.0,358.0,358.0,345.05,348.4,54846,191.99,2355,23015.0,41.96,2026-07-29
601GS2030,GS,29-Jul-2026,98.0,98.0,99.0,98.0,99.0,1001,0.98,2,1001.0,100.0,2026-07-29
603GS2029,GS,29-Jul-2026,100.3,99.1,100.4,99.1,100.36,400,0.4,3,400.0,100.0,2026-07-29
610GS2031,GS,29-Jul-2026,103.75,101.15,104.5,101.15,103.16,5,0.01,2,5.0,100.0,2026-07-29
622GS2035,GS,29-Jul-2026,96.36,93.95,96.36,93.95,96.36,2,0.0,2,2.0,100.0,2026-07-29
636GS2031,GS,29-Jul-2026,102.3,101.9,102.3,101.9,102.3,199875,203.87,3,199875.0,100.0,2026-07-29
63MOONS,EQ,29-Jul-2026,755.65,765.9,782.0,757.6,778.45,375416,2892.45,11965,179342.0,47.77,2026-07-29
648GS2035,GS,29-Jul-2026,98.5,98.9,101.0,98.9,98.9,469,0.47,5,469.0,100.0,2026-07-29
654GS2032,GS,29-Jul-2026,99.8,99.5,99.5,99.5,99.5,202,0.2,2,202.0,100.0,2026-07-29
664GS2035,GS,29-Jul-2026,97.46,95.02,97.46,95.02,97.46,100,0.1,2,100.0,100.0,2026-07-29
667GS2035,GS,29-Jul-2026,98.5,99.0,99.0,99.0,99.0,3,0.0,1,3.0,100.0,2026-07-29
667GS2050,GS,29-Jul-2026,92.75,94.15,94.15,93.5,93.5,13027,12.18,3,13027.0,100.0,2026-07-29
668GS2040,GS,29-Jul-2026,97.96,98.0,98.0,97.5,97.8,11160,10.91,16,11160.0,100.0,2026-07-29
676GS2061,GS,29-Jul-2026,93.15,93.5,93.5,92.76,93.2,5386,5.02,19,3672.0,68.18,2026-07-29
679GS2031,GS,29-Jul-2026,99.31,99.4,99.4,99.4,99.4,100,0.1,1,100.0,100.0,2026-07-29
679GS2034,GS,29-Jul-2026,100.4,100.4,100.5,100.2,100.2,1321,1.33,4,1321.0,100.0,2026-07-29
690GS2065,GS,29-Jul-2026,93.81,94.28,94.28,93.68,94.13,33706,31.67,34,32706.0,97.03,2026-07-29
692GS2039,GS,29-Jul-2026,99.4,99.4,99.4,99.16,99.16,750,0.74,2,750.0,100.0,2026-07-29
695GS2061,GS,29-Jul-2026,95.15,92.8,92.81,92.8,92.81,2,0.0,2,2.0,100.0,2026-07-29
699GS2051,GS,29-Jul-2026,96.5,95.5,96.5,95.5,95.7,202,0.19,4,202.0,100.0,2026-07-29
702GS2027,GS,29-Jul-2026,100.81,101.2,104.1,101.2,104.1,104,0.11,2,104.0,100.0,2026-07-29
704GS2029,GS,29-Jul-2026,101.6,101.6,101.66,101.6,101.66,300,0.3,2,300.0,100.0,2026-07-29
706GS2028,GS,29-Jul-2026,103.02,102.55,102.55,102.55,102.55,2000,2.05,1,2000.0,100.0,2026-07-29
706GS2041,GS,29-Jul-2026,100.0,100.0,101.75,100.0,100.69,6400,6.41,7,6000.0,93.75,2026-07-29
709GS2054,GS,29-Jul-2026,99.43,99.13,99.43,99.13,99.3,8047,8.0,16,8047.0,100.0,2026-07-29
709GS2074,GS,29-Jul-2026,95.47,95.7,95.7,95.36,95.5,53071,50.69,50,47572.0,89.64,2026-07-29
710GS2029,GS,29-Jul-2026,104.19,103.05,103.05,103.05,103.05,1,0.0,1,1.0,100.0,2026-07-29
716GS2050,GS,29-Jul-2026,102.0,100.01,100.01,100.01,100.01,1,0.0,1,1.0,100.0,2026-07-29
717GS2030,GS,29-Jul-2026,103.1,104.3,104.3,103.3,104.0,3002,3.12,4,2051.0,68.32,2026-07-29
718GS2037,GS,29-Jul-2026,102.33,102.16,102.2,101.95,102.08,106000,108.26,100,106000.0,100.0,2026-07-29
719GS2060,GS,29-Jul-2026,99.9,97.51,97.51,97.51,97.51,2,0.0,2,2.0,100.0,2026-07-29
71GS2034,GS,29-Jul-2026,102.35,103.2,103.2,103.2,103.2,3500,3.61,2,3500.0,100.0,2026-07-29
723GS2039,GS,29-Jul-2026,104.4,105.0,105.0,105.0,105.0,500,0.53,4,500.0,100.0,2026-07-29
724GS2055,GS,29-Jul-2026,101.43,101.8,101.8,100.24,100.79,69741,70.16,48,65200.0,93.49,2026-07-29
725GS2063,GS,29-Jul-2026,97.39,97.5,97.75,97.35,97.48,472019,459.82,152,468019.0,99.15,2026-07-29
726GS2029,GS,29-Jul-2026,100.55,100.31,100.8,100.31,100.8,2,0.0,2,1.0,50.0,2026-07-29
726GS2032,GS,29-Jul-2026,105.5,102.86,106.45,102.86,106.39,3033,3.22,6,3033.0,100.0,2026-07-29
726GS2033,GS,29-Jul-2026,105.5,104.71,104.71,104.71,104.71,1,0.0,1,1.0,100.0,2026-07-29
732GS2030,GS,29-Jul-2026,103.05,103.0,104.0,103.0,104.0,1000,1.04,2,1000.0,100.0,2026-07-29
733GS2026,GS,29-Jul-2026,100.91,101.49,101.51,101.49,101.51,200,0.2,2,200.0,100.0,2026-07-29
734GS2064,GS,29-Jul-2026,99.59,99.5,99.8,99.5,99.77,18593,18.51,17,18593.0,100.0,2026-07-29
736GS2052,GS,29-Jul-2026,101.3,101.1,101.1,101.1,101.1,1,0.0,1,1.0,100.0,2026-07-29
737GS2028,GS,29-Jul-2026,105.5,104.0,104.0,104.0,104.0,200,0.21,2,200.0,100.0,2026-07-29
738GS2027,GS,29-Jul-2026,101.73,101.73,102.29,101.73,101.8,71314,72.58,21,71312.0,100.0,2026-07-29
73GS2053,GS,29-Jul-2026,100.09,100.09,100.1,100.0,100.09,65850,65.85,22,65850.0,100.0,2026-07-29
741GS2036,GS,29-Jul-2026,104.65,105.15,105.15,104.5,104.53,10507,11.0,11,9000.0,85.66,2026-07-29
743GS2076,GS,29-Jul-2026,99.46,99.46,100.0,99.4,99.56,201213,200.2,115,199513.0,99.16,2026-07-29
746GS2073,GS,29-Jul-2026,100.8,100.8,100.8,100.0,100.6,11267,11.31,16,10867.0,96.45,2026-07-29
74GS2062,GS,29-Jul-2026,101.39,100.3,101.39,100.3,101.39,62,0.06,3,62.0,100.0,2026-07-29
754GS2036,GS,29-Jul-2026,106.5,106.54,106.72,106.5,106.64,488275,520.58,224,487897.0,99.92,2026-07-29
771GS2066,GS,29-Jul-2026,104.5,104.7,104.7,104.3,104.35,5322,5.55,4,5322.0,100.0,2026-07-29
772GS2055,GS,29-Jul-2026,103.6,101.0,101.0,101.0,101.0,1,0.0,1,1.0,100.0,2026-07-29
795GS2032,GS,29-Jul-2026,109.0,108.0,108.0,108.0,108.0,100,0.11,1,100.0,100.0,2026-07-29
824GS2027,GS,29-Jul-2026,106.0,105.5,105.5,105.48,105.48,6000,6.33,4,6000.0,100.0,2026-07-29
883GS2041,GS,29-Jul-2026,110.0,110.0,110.0,110.0,110.0,400,0.44,2,400.0,100.0,2026-07-29
897GS2030,GS,29-Jul-2026,110.82,110.5,111.0,110.5,111.0,5401,6.0,20,5401.0,100.0,2026-07-29
92GS2030,GS,29-Jul-2026,112.68,111.6,114.9,111.6,114.02,15306,17.57,13,15304.0,99.99,2026-07-29
A2ZINFRA,EQ,29-Jul-2026,12.06,12.5,13.26,12.32,13.26,304867,39.56,443,208771.0,68.48,2026-07-29
AAATECH,EQ,29-Jul-2026,90.47,91.01,92.0,87.26,89.32,10744,9.66,254,5661.0,52.69,2026-07-29
AADHARHFC,EQ,29-Jul-2026,497.85,497.9,503.0,492.5,494.55,304806,1511.27,11914,176843.0,58.02,2026-07-29
AAKASH,EQ,29-Jul-2026,8.94,8.8,9.13,8.71,8.86,221021,19.74,363,123747.0,55.99,2026-07-29
AARADHYA,SM,29-Jul-2026,78.9,80.0,80.0,75.0,75.0,6000,4.74,4,6000.0,100.0,2026-07-29
AAREYDRUGS,BE,29-Jul-2026,77.15,76.01,76.01,75.61,75.61,7240,5.5,27,,,2026-07-29
AARNAV,EQ,29-Jul-2026,31.3,31.0,31.0,28.66,29.15,132764,38.98,1075,95104.0,71.63,2026-07-29
AARON,EQ,29-Jul-2026,141.84,141.35,141.43,133.0,134.78,39637,54.5,1058,17534.0,44.24,2026-07-29
AARTECH,BE,29-Jul-2026,45.82,45.8,47.49,45.25,46.11,3501,1.62,59,,,2026-07-29
AARTIDRUGS,EQ,29-Jul-2026,408.3,408.6,415.0,406.4,411.25,128947,528.55,3952,65860.0,51.08,2026-07-29
AARTIIND,EQ,29-Jul-2026,476.75,477.75,489.5,477.75,485.5,265222,1287.57,10985,127014.0,47.89,2026-07-29
AARTIPHARM,EQ,29-Jul-2026,675.65,676.1,692.0,675.05,682.95,157246,1074.78,11694,93040.0,59.17,2026-07-29
AARTISURF,EQ,29-Jul-2026,379.65,384.0,392.45,383.05,390.5,4670,18.15,281,3342.0,71.56,2026-07-29
AARVI,EQ,29-Jul-2026,150.67,153.8,156.96,150.0,152.31,31241,47.99,1069,11819.0,37.83,2026-07-29
AASTHA,EQ,29-Jul-2026,81.9,77.99,80.8,74.4,76.09,4227632,3243.38,26682,935606.0,22.13,2026-07-29
AAVAS,EQ,29-Jul-2026,1376.1,1369.4,1393.9,1369.4,1387.3,28681,397.04,4870,13703.0,47.78,2026-07-29
ABAN,BE,29-Jul-2026,14.82,15.0,15.49,14.94,15.3,40996,6.2,239,,,2026-07-29
ABANSENT,BE,29-Jul-2026,26.45,26.45,27.48,25.15,26.66,7162,1.85,47,,,2026-07-29
ABB,EQ,29-Jul-2026,7243.5,7247.0,7458.0,7085.0,7310.5,570622,41472.81,59737,178642.0,31.31,2026-07-29
ABBOTINDIA,EQ,29-Jul-2026,27905.0,27950.0,28090.0,27600.0,27745.0,9930,2762.42,4441,6098.0,61.41,2026-07-29
ABCAPITAL,EQ,29-Jul-2026,391.35,393.8,398.5,389.75,397.6,2985489,11767.01,37996,1473991.0,49.37,2026-07-29
ABCOTS,EQ,29-Jul-2026,200.23,204.0,204.0,199.0,200.65,15312,30.81,339,13248.0,86.52,2026-07-29
ABDL,EQ,29-Jul-2026,620.3,620.95,648.0,619.0,644.8,451157,2886.45,20242,225455.0,49.97,2026-07-29
ABFRL,EQ,29-Jul-2026,56.7,57.35,58.4,56.9,58.06,3323129,1923.83,13886,1802664.0,54.25,2026-07-29
ABGSEC,EQ,29-Jul-2026,113.98,113.98,114.97,113.62,113.9,278,0.32,12,277.0,99.64,2026-07-29
ABHAPOWER,SM,29-Jul-2026,25.3,25.0,25.0,24.3,24.3,8000,1.97,5,8000.0,100.0,2026-07-29
ABINFRA,EQ,29-Jul-2026,10.08,10.08,10.3,10.0,10.06,221577,22.36,669,115050.0,51.92,2026-07-29
ABLBL,EQ,29-Jul-2026,93.87,94.14,95.7,93.6,95.43,2839292,2672.81,10097,2110664.0,74.34,2026-07-29
ABMINTLLTD,EQ,29-Jul-2026,43.99,41.7,48.0,41.7,42.98,12004,5.32,91,2378.0,19.81,2026-07-29
ABMKNO,EQ,29-Jul-2026,193.62,199.0,199.0,193.0,194.6,212,0.41,16,201.0,94.81,2026-07-29
ABREL,EQ,29-Jul-2026,1391.7,1398.6,1413.8,1395.5,1405.6,56974,801.0,4985,30420.0,53.39,2026-07-29
ABSL10BANK,EQ,29-Jul-2026,166.1,167.52,179.99,167.42,170.14,17485,29.74,130,16655.0,95.25,2026-07-29
ABSLAMC,EQ,29-Jul-2026,999.2,1004.2,1029.3,1001.5,1017.5,187421,1903.61,17535,90455.0,48.26,2026-07-29
ABSLBANETF,EQ,29-Jul-2026,58.18,58.33,58.7,58.33,58.6,8552,5.01,174,4274.0,49.98,2026-07-29
ABSLLIQUID,EQ,29-Jul-2026,1000.0,1000.0,1000.01,999.99,999.99,802,8.02,14,783.0,97.63,2026-07-29
ABSLMSCIN,EQ,29-Jul-2026,29.28,29.53,29.65,29.53,29.59,455,0.13,8,455.0,100.0,2026-07-29
ABSLNN50ET,EQ,29-Jul-2026,75.74,75.52,76.64,75.52,76.2,24805,18.92,148,13347.0,53.81,2026-07-29
ABSLPSE,EQ,29-Jul-2026,10.25,10.17,10.3,10.17,10.25,141404,14.47,364,108517.0,76.74,2026-07-29
ABSMARINE,ST,29-Jul-2026,218.25,221.25,221.25,213.8,218.05,25000,54.37,45,22000.0,88.0,2026-07-29
ACC,EQ,29-Jul-2026,1341.8,1332.4,1387.7,1331.8,1370.8,300540,4115.67,19379,133959.0,44.57,2026-07-29
ACCELYA,EQ,29-Jul-2026,1159.9,1166.1,1175.0,1150.0,1164.8,6856,79.53,973,4720.0,68.84,2026-07-29
ACCENTMIC,SM,29-Jul-2026,500.55,500.0,510.0,489.0,492.05,44000,219.28,73,32000.0,72.73,2026-07-29
ACCPL,ST,29-Jul-2026,168.0,165.0,165.0,165.0,165.0,1200,1.98,1,1200.0,100.0,2026-07-29
ACCURACY,BE,29-Jul-2026,4.88,4.89,5.02,4.73,4.91,58200,2.86,131,,,2026-07-29
ACE,EQ,29-Jul-2026,1077.6,1080.1,1081.7,1032.6,1051.3,369050,3874.55,19817,156145.0,42.31,2026-07-29
ACEINTEG,EQ,29-Jul-2026,19.2,19.28,19.94,19.25,19.87,2513,0.49,28,2099.0,83.53,2026-07-29
ACI,EQ,29-Jul-2026,556.45,558.7,569.1,556.5,565.75,116128,654.97,8030,66647.0,57.39,2026-07-29
ACL,EQ,29-Jul-2026,48.35,48.59,49.0,46.4,48.24,7466,3.58,163,5015.0,67.17,2026-07-29
ACMESOLAR,EQ,29-Jul-2026,355.5,358.0,368.7,350.0,366.65,1880822,6822.95,35481,723946.0,38.49,2026-07-29
ACSTECH,EQ,29-Jul-2026,40.32,41.5,41.5,39.15,39.53,63720,25.29,374,34628.0,54.34,2026-07-29
ACTIVEINFR,SM,29-Jul-2026,180.0,171.0,171.0,171.0,171.0,600,1.03,1,600.0,100.0,2026-07-29
ACUTAAS,EQ,29-Jul-2026,3297.7,3329.0,3390.0,3265.0,3306.2,353257,11727.15,36185,131062.0,37.1,2026-07-29
ADANIENSOL,EQ,29-Jul-2026,1649.5,1651.0,1682.0,1642.0,1667.8,2202376,36540.89,64556,1041114.0,47.27,2026-07-29
ADANIENT,EQ,29-Jul-2026,3002.3,3017.8,3048.3,2972.7,3024.5,1547208,46627.85,74751,323523.0,20.91,2026-07-29
ADANIGREEN,EQ,29-Jul-2026,1377.8,1383.1,1396.6,1354.0,1373.1,1700509,23361.84,45498,414004.0,24.35,2026-07-29
ADANIPORTS,EQ,29-Jul-2026,1774.7,1785.0,1792.0,1705.1,1719.7,5088460,88089.84,161884,1887341.0,37.09,2026-07-29
ADANIPOWER,EQ,29-Jul-2026,208.25,209.27,211.15,207.8,209.52,12560925,26292.38,76468,3252687.0,25.9,2026-07-29
ADDICTIVE,SM,29-Jul-2026,41.0,40.05,42.3,40.0,42.0,2500,1.03,5,2000.0,80.0,2026-07-29
ADFFOODS,EQ,29-Jul-2026,299.65,300.95,307.95,299.2,301.8,99686,302.45,3607,45234.0,45.38,2026-07-29
ADISOFT,SM,29-Jul-2026,172.9,173.1,178.9,172.4,176.65,37600,66.47,34,32800.0,87.23,2026-07-29
ADL,EQ,29-Jul-2026,70.21,70.28,70.28,69.91,69.92,156,0.11,7,122.0,78.21,2026-07-29
ADOR,EQ,29-Jul-2026,1456.0,1462.9,1469.1,1402.5,1423.4,38110,547.31,4903,20395.0,53.52,2026-07-29
ADROITINFO,EQ,29-Jul-2026,9.46,9.72,9.72,9.21,9.55,10561,1.0,103,6501.0,61.56,2026-07-29
ADSL,EQ,29-Jul-2026,113.57,113.5,115.84,112.0,114.46,114663,131.66,2220,49686.0,43.33,2026-07-29
ADVAIT,EQ,29-Jul-2026,2277.5,2270.0,2322.0,2251.3,2258.6,20727,473.59,3123,9004.0,43.44,2026-07-29
ADVANCE,EQ,29-Jul-2026,118.17,120.6,120.6,117.75,118.2,300498,358.22,3900,151481.0,50.41,2026-07-29
ADVANIHOTR,EQ,29-Jul-2026,51.33,52.1,52.64,51.01,51.19,44310,22.73,462,34989.0,78.96,2026-07-29
ADVENTHTL,EQ,29-Jul-2026,152.48,151.0,152.5,146.7,149.55,252426,374.7,2801,120372.0,47.69,2026-07-29
ADVENZYMES,EQ,29-Jul-2026,310.85,315.5,320.0,305.8,310.8,161050,498.97,4599,94066.0,58.41,2026-07-29
AEGISLOG,EQ,29-Jul-2026,1270.4,1270.4,1302.0,1253.5,1282.6,434792,5576.83,22179,136095.0,31.3,2026-07-29
AEGISVOPAK,EQ,29-Jul-2026,292.46,292.5,298.58,285.53,295.41,1625268,4775.58,23108,557739.0,34.32,2026-07-29
AEPL,EQ,29-Jul-2026,14.5,14.5,15.07,14.5,14.55,15862,2.33,126,14409.0,90.84,2026-07-29
AEQUS,EQ,29-Jul-2026,228.28,229.39,232.2,227.61,229.12,2423015,5565.81,19178,1195358.0,49.33,2026-07-29
AEROENTER,EQ,29-Jul-2026,121.01,122.83,125.5,121.24,122.14,393496,485.72,4961,188668.0,47.95,2026-07-29
AEROFLEX,EQ,29-Jul-2026,446.3,449.95,469.0,444.1,450.6,2465863,11310.43,42150,828801.0,33.61,2026-07-29
AERONEU,EQ,29-Jul-2026,85.43,85.43,89.63,84.4,85.64,89074,77.1,4120,9998.0,11.22,2026-07-29
AEROPLANE,EQ,29-Jul-2026,185.28,185.28,188.56,178.0,182.53,155723,287.87,2135,82366.0,52.89,2026-07-29
AESTHETIK,SM,29-Jul-2026,70.05,72.0,72.0,72.0,72.0,3000,2.16,2,3000.0,100.0,2026-07-29
AETHER,EQ,29-Jul-2026,1464.7,1465.1,1504.7,1452.0,1490.7,296015,4370.23,22279,169331.0,57.2,2026-07-29
AFCONS,EQ,29-Jul-2026,280.25,280.5,284.45,279.45,282.75,271344,765.98,6315,134110.0,49.42,2026-07-29
AFFLE,EQ,29-Jul-2026,1631.8,1635.0,1669.6,1606.2,1654.3,646435,10622.38,43265,196051.0,30.33,2026-07-29
AFFORDABLE,BE,29-Jul-2026,183.08,185.85,185.85,177.61,178.77,6881,12.37,237,,,2026-07-29
AFIL,EQ,29-Jul-2026,9.28,9.22,9.44,9.22,9.38,294638,27.56,462,191160.0,64.88,2026-07-29
AFSL,EQ,29-Jul-2026,201.0,201.95,201.95,201.0,201.0,32377,65.08,56,31573.0,97.52,2026-07-29
AGARIND,EQ,29-Jul-2026,517.85,523.2,533.8,505.2,506.75,162437,839.0,6396,41613.0,25.62,2026-07-29
AGARWALEYE,EQ,29-Jul-2026,493.1,497.2,502.8,485.2,488.8,82135,404.56,10547,50585.0,61.59,2026-07-29
AGARWALFT,SM,29-Jul-2026,39.45,37.5,37.5,37.5,37.5,1500,0.56,1,1500.0,100.0,2026-07-29
AGARWALTUF,SM,29-Jul-2026,132.35,133.55,133.55,131.3,132.35,28800,38.18,24,24000.0,83.33,2026-07-29
AGI,EQ,29-Jul-2026,698.15,722.0,743.95,708.0,710.95,797747,5794.99,24138,263020.0,32.97,2026-07-29
AGIIL,EQ,29-Jul-2026,307.75,310.9,320.0,304.0,305.35,859448,2687.49,14056,122880.0,14.3,2026-07-29
AGL,EQ,29-Jul-2026,12.43,12.4,12.53,12.25,12.48,912373,112.91,2211,693331.0,75.99,2026-07-29
AGNI,SM,29-Jul-2026,17.5,17.5,17.5,17.5,17.5,2500,0.44,1,2500.0,100.0,2026-07-29
AGRITECH,BE,29-Jul-2026,110.0,115.4,115.4,110.01,110.47,6911,7.78,52,,,2026-07-29
AGROPHOS,EQ,29-Jul-2026,29.44,29.99,29.99,28.0,28.63,15292,4.42,141,10633.0,69.53,2026-07-29
AHCL,EQ,29-Jul-2026,15.63,15.79,16.19,15.6,15.88,5560683,886.89,4655,2703180.0,48.61,2026-07-29
AHLADA,EQ,29-Jul-2026,37.22,37.25,37.3,36.61,36.82,5360,1.98,104,4631.0,86.4,2026-07-29
AHLEAST,EQ,29-Jul-2026,142.05,141.01,144.68,141.01,141.79,1107,1.58,93,480.0,43.36,2026-07-29
AHLUCONT,EQ,29-Jul-2026,832.75,832.75,832.75,813.0,817.4,27038,221.93,3616,17191.0,63.58,2026-07-29
AHLWEST,BE,29-Jul-2026,543.95,539.0,570.25,539.0,570.0,968,5.45,28,,,2026-07-29
AIAENG,EQ,29-Jul-2026,4603.0,4603.0,4675.0,4594.5,4643.5,46596,2155.16,8656,28906.0,62.04,2026-07-29
AIIL,EQ,29-Jul-2026,557.7,557.7,567.65,547.0,550.95,119309,661.03,7685,45638.0,38.25,2026-07-29
AILIMITED,ST,29-Jul-2026,39.5,37.55,37.55,37.55,37.55,1500,0.56,1,1500.0,100.0,2026-07-29
AIMTRON,SM,29-Jul-2026,1390.35,1405.0,1420.0,1350.0,1361.0,40800,567.34,180,25600.0,62.75,2026-07-29
AIRAN,EQ,29-Jul-2026,14.97,15.0,15.33,14.82,15.04,29078,4.38,248,21194.0,72.89,2026-07-29
AIROLAM,EQ,29-Jul-2026,87.54,88.0,88.0,86.01,86.15,212,0.19,20,210.0,99.06,2026-07-29
AJANTPHARM,EQ,29-Jul-2026,3342.4,3365.0,3414.0,3325.2,3396.5,103607,3506.32,18796,63134.0,60.94,2026-07-29
AJAXENGG,EQ,29-Jul-2026,570.75,575.95,578.0,569.1,576.65,19224,110.58,2171,10681.0,55.56,2026-07-29
AJMERA,EQ,29-Jul-2026,126.97,127.5,129.93,127.5,128.17,245702,316.33,3584,120363.0,48.99,2026-07-29
AJOONI,EQ,29-Jul-2026,3.94,3.92,4.05,3.9,3.96,169242,6.75,394,134047.0,79.2,2026-07-29
AKANKSHA,ST,29-Jul-2026,86.1,84.0,84.0,83.0,83.0,7000,5.85,6,7000.0,100.0,2026-07-29
AKASH,EQ,29-Jul-2026,26.47,26.37,28.0,26.36,27.24,13228,3.57,109,9963.0,75.32,2026-07-29
AKCAPIT,EQ,29-Jul-2026,1691.8,1717.2,1759.2,1699.9,1708.4,3203,55.74,262,2796.0,87.29,2026-07-29
AKG,EQ,29-Jul-2026,9.91,10.84,10.84,9.67,10.0,7369,0.74,119,4497.0,61.03,2026-07-29
AKI,EQ,29-Jul-2026,4.24,4.48,4.48,4.16,4.18,72919,3.09,211,47472.0,65.1,2026-07-29
AKIKO,ST,29-Jul-2026,351.75,340.0,368.0,334.2,352.0,60000,207.44,66,56800.0,94.67,2026-07-29
AKSHAR,EQ,29-Jul-2026,0.4,0.41,0.41,0.4,0.4,363860,1.48,182,244902.0,67.31,2026-07-29
AKSHARCHEM,BE,29-Jul-2026,240.82,240.0,250.0,232.21,246.87,5054,12.31,146,,,2026-07-29
AKSHOPTFBR,BE,29-Jul-2026,5.55,5.44,5.44,5.44,5.44,81125,4.41,86,,,2026-07-29
AKUMS,EQ,29-Jul-2026,662.15,662.0,668.3,656.75,664.55,149573,992.13,7577,98155.0,65.62,2026-07-29
ALANKIT,EQ,29-Jul-2026,7.86,7.86,7.94,7.82,7.89,59111,4.67,318,46740.0,79.07,2026-07-29
ALBERTDAVD,EQ,29-Jul-2026,686.65,694.45,700.0,683.0,688.75,2407,16.64,210,1675.0,69.59,2026-07-29
ALCODIS,SM,29-Jul-2026,74.9,65.55,75.95,65.55,75.95,3750,2.68,3,0.0,0.0,2026-07-29
ALEMBICLTD,EQ,29-Jul-2026,89.23,89.32,90.75,89.32,90.28,166165,149.64,1591,92552.0,55.7,2026-07-29
ALGOQUANT,EQ,29-Jul-2026,67.67,67.75,68.9,66.11,67.57,1049387,702.56,4223,205829.0,19.61,2026-07-29
ALICON,EQ,29-Jul-2026,674.3,683.75,689.0,664.85,681.35,22399,152.57,1182,15104.0,67.43,2026-07-29
ALIVUS,EQ,29-Jul-2026,1104.7,1119.0,1130.0,1104.4,1119.6,24416,272.97,3791,12973.0,53.13,2026-07-29
ALKALI,BE,29-Jul-2026,69.25,70.0,71.9,69.4,70.76,3127,2.18,28,,,2026-07-29
ALKEM,EQ,29-Jul-2026,5651.5,5699.0,5711.5,5654.0,5672.5,57547,3266.97,8844,32061.0,55.71,2026-07-29
ALKYLAMINE,EQ,29-Jul-2026,1811.1,1819.0,1835.8,1804.0,1817.3,27385,497.76,5279,11441.0,41.78,2026-07-29
ALLCARGO,EQ,29-Jul-2026,8.0,8.03,8.14,7.98,8.01,2407017,193.41,4200,1285454.0,53.4,2026-07-29
ALLDIGI,EQ,29-Jul-2026,873.6,893.9,893.9,865.0,869.55,35900,312.53,1451,30012.0,83.6,2026-07-29
ALLETEC,ST,29-Jul-2026,134.95,135.0,137.5,135.0,137.25,5600,7.63,14,5200.0,92.86,2026-07-29
ALLTIME,EQ,29-Jul-2026,224.18,224.0,231.0,224.0,229.15,32630,74.52,883,21462.0,65.77,2026-07-29
ALMONDZ,EQ,29-Jul-2026,12.56,13.0,15.07,13.0,15.07,2763547,412.32,3818,1036189.0,37.49,2026-07-29
ALOKINDS,EQ,29-Jul-2026,11.92,12.0,12.08,11.81,12.0,3095678,370.72,4922,1844916.0,59.6,2026-07-29
ALPA,EQ,29-Jul-2026,66.39,69.79,69.79,65.15,67.82,8101,5.47,181,4668.0,57.62,2026-07-29
ALPEXSOLAR,SM,29-Jul-2026,816.6,816.75,844.9,810.0,828.85,36100,299.95,254,24600.0,68.14,2026-07-29
ALPHA,EQ,29-Jul-2026,51.03,51.03,51.65,50.89,51.58,860789,442.16,1674,450428.0,52.33,2026-07-29
ALPHAETF,EQ,29-Jul-2026,25.7,25.55,25.95,25.55,25.87,310635,80.22,567,263029.0,84.67,2026-07-29
ALPHAGEO,EQ,29-Jul-2026,207.89,208.5,213.69,204.09,205.87,1316,2.73,97,1040.0,79.03,2026-07-29
ALPINETEX,BE,29-Jul-2026,77.21,73.35,73.35,73.35,73.35,84594,62.05,967,,,2026-07-29
ALPL30IETF,EQ,29-Jul-2026,27.97,28.66,28.66,27.68,28.13,421651,118.64,636,259774.0,61.61,2026-07-29
ALUWIND,SM,29-Jul-2026,51.0,51.0,52.7,50.0,50.0,13500,6.88,9,12000.0,88.89,2026-07-29
AMAGI,EQ,29-Jul-2026,622.7,626.6,658.9,618.5,650.9,590364,3800.42,25628,270088.0,45.75,2026-07-29
AMANTA,BE,29-Jul-2026,159.0,159.0,162.18,159.0,162.18,20913,33.84,112,,,2026-07-29
AMBAAUTO,SM,29-Jul-2026,78.6,80.0,81.95,78.5,79.9,47000,37.58,32,42000.0,89.36,2026-07-29
AMBALALSA,EQ,29-Jul-2026,31.05,31.23,31.68,30.77,30.96,11166,3.46,135,9332.0,83.58,2026-07-29
AMBANIORGO,SM,29-Jul-2026,112.0,106.5,106.5,106.5,106.5,2000,2.13,1,2000.0,100.0,2026-07-29
AMBER,EQ,29-Jul-2026,7209.0,7256.0,7469.0,7235.0,7411.5,241556,17828.92,28509,54197.0,22.44,2026-07-29
AMBICAAGAR,EQ,29-Jul-2026,24.7,24.7,24.7,24.19,24.69,744,0.18,35,436.0,58.6,2026-07-29
AMBIKCO,EQ,29-Jul-2026,1677.4,1670.3,1719.0,1665.0,1703.0,5888,99.57,877,3584.0,60.87,2026-07-29
AMBUJACEM,EQ,29-Jul-2026,426.0,424.3,443.0,423.15,435.3,5054536,21999.56,51189,2012312.0,39.81,2026-07-29
AMCL,SM,29-Jul-2026,411.15,410.0,410.0,410.0,410.0,6000,24.6,3,6000.0,100.0,2026-07-29
AMDIND,EQ,29-Jul-2026,47.19,47.05,48.42,46.3,47.48,2812,1.33,155,1456.0,51.78,2026-07-29
AMEYA,SM,29-Jul-2026,106.75,105.0,110.45,105.0,109.0,7000,7.62,7,4000.0,57.14,2026-07-29
AMJLAND,EQ,29-Jul-2026,37.81,37.75,38.49,37.56,38.0,7341,2.79,87,6320.0,86.09,2026-07-29
AMNPLST,EQ,29-Jul-2026,193.14,192.67,215.12,192.05,201.28,96793,201.49,3190,18438.0,19.05,2026-07-29
AMRUTANJAN,EQ,29-Jul-2026,510.8,512.0,524.0,511.05,516.8,15537,80.28,1532,8479.0,54.57,2026-07-29
ANANDRATHI,EQ,29-Jul-2026,2037.9,2047.1,2048.7,2003.1,2035.0,165362,3351.33,13407,85342.0,51.61,2026-07-29
ANANTAM,IV,29-Jul-2026,105.3,105.5,105.5,105.0,105.31,9012,9.47,128,7315.0,81.17,2026-07-29
ANANTRAJ,EQ,29-Jul-2026,609.95,611.95,620.95,607.45,613.4,1555849,9543.65,25113,554549.0,35.64,2026-07-29
ANDHRAPAP,EQ,29-Jul-2026,62.89,63.4,63.54,61.74,62.23,96040,60.05,1069,61869.0,64.42,2026-07-29
ANDHRSUGAR,EQ,29-Jul-2026,83.69,84.1,84.68,83.17,83.87,129487,108.67,1935,63376.0,48.94,2026-07-29
ANGELONE,EQ,29-Jul-2026,302.6,303.0,305.5,299.0,302.5,3944323,11895.03,33975,1291899.0,32.75,2026-07-29
ANIKINDS,EQ,29-Jul-2026,42.5,42.0,43.59,41.19,42.77,5123,2.19,316,4324.0,84.4,2026-07-29
ANKITMETAL,BZ,29-Jul-2026,1.5,1.55,1.57,1.5,1.52,15075,0.23,44,,,2026-07-29
ANLON,ST,29-Jul-2026,605.0,602.0,605.0,600.0,602.55,5600,33.73,14,5600.0,100.0,2026-07-29
ANMOL,EQ,29-Jul-2026,10.12,10.3,10.3,9.95,10.04,41272,4.14,189,34930.0,84.63,2026-07-29
ANNAPURNA,SM,29-Jul-2026,123.4,123.1,127.3,120.75,125.55,105750,129.24,172,56250.0,53.19,2026-07-29
ANONDITA,SM,29-Jul-2026,1115.95,1105.05,1119.95,1080.1,1086.8,21000,231.17,81,14600.0,69.52,2026-07-29
ANSALAPI,BZ,29-Jul-2026,3.15,3.21,3.21,3.21,3.21,1925,0.06,5,,,2026-07-29
ANTELOPUS,EQ,29-Jul-2026,831.8,833.0,839.2,790.25,791.15,215215,1731.85,9182,115891.0,53.85,2026-07-29
ANTGRAPHIC,EQ,29-Jul-2026,0.75,0.76,0.79,0.74,0.75,101783,0.78,178,72814.0,71.54,2026-07-29
ANTHEM,EQ,29-Jul-2026,783.9,790.0,795.0,780.8,790.0,276379,2185.49,21098,184821.0,66.87,2026-07-29
ANUHPHR,EQ,29-Jul-2026,79.82,81.0,81.0,79.0,79.14,29903,23.79,532,21123.0,70.64,2026-07-29
ANUP,EQ,29-Jul-2026,2117.6,2149.4,2152.4,2085.5,2090.6,18067,381.42,2692,9645.0,53.38,2026-07-29
ANURAS,EQ,29-Jul-2026,1218.4,1225.0,1225.1,1207.5,1214.4,145573,1767.76,6640,89968.0,61.8,2026-07-29
ANYA,SM,29-Jul-2026,15.35,15.7,15.7,15.1,15.35,65000,9.95,11,40000.0,61.54,2026-07-29
ANZEN,IV,29-Jul-2026,127.0,127.0,127.0,127.0,127.0,25000,31.75,1,25000.0,100.0,2026-07-29
AONEGOLD,EQ,29-Jul-2026,13.21,13.32,13.32,13.17,13.18,206123,27.23,1014,132150.0,64.11,2026-07-29
AONELIQUID,EQ,29-Jul-2026,1070.06,1070.23,1070.23,1070.21,1070.22,7641,81.78,80,6162.0,80.64,2026-07-29
AONENIFTY,EQ,29-Jul-2026,9.91,9.99,10.01,9.83,9.99,278321,27.8,894,269180.0,96.72,2026-07-29
AONESILVER,EQ,29-Jul-2026,8.28,8.39,8.39,8.25,8.27,276981,22.95,897,182675.0,65.95,2026-07-29
AONETMMQ50,EQ,29-Jul-2026,9.91,9.95,10.04,9.87,9.93,63728,6.31,312,48117.0,75.5,2026-07-29
AONETOTAL,EQ,29-Jul-2026,11.77,12.0,12.01,11.77,11.89,222610,26.47,1198,183016.0,82.21,2026-07-29
APARINDS,EQ,29-Jul-2026,13480.0,13547.0,13981.0,13374.0,13835.0,185520,25378.92,48416,81759.0,44.07,2026-07-29
APCL,EQ,29-Jul-2026,103.48,104.02,105.0,101.75,102.37,3296,3.4,97,1685.0,51.12,2026-07-29
APCOTEXIND,EQ,29-Jul-2026,591.1,600.15,709.3,600.15,681.6,5645793,38389.48,130821,1009782.0,17.89,2026-07-29
APEX,EQ,29-Jul-2026,376.25,375.25,379.7,374.6,378.45,46352,175.22,2506,20886.0,45.06,2026-07-29
APEXECO,ST,29-Jul-2026,255.3,255.3,255.9,255.0,255.0,4000,10.22,5,4000.0,100.0,2026-07-29
APLAPOLLO,EQ,29-Jul-2026,1846.7,1860.0,1872.3,1852.2,1869.8,349697,6521.5,20260,230280.0,65.85,2026-07-29
APLLTD,EQ,29-Jul-2026,818.85,815.0,818.25,802.6,811.95,81697,662.38,6856,35436.0,43.37,2026-07-29
APOLLO,EQ,29-Jul-2026,378.75,378.8,385.65,374.0,383.1,5709811,21777.76,49382,1333329.0,23.35,2026-07-29
APOLLOHOSP,EQ,29-Jul-2026,8903.0,8932.0,8970.0,8903.5,8935.0,164862,14737.79,37069,96638.0,58.62,2026-07-29
APOLLOPIPE,EQ,29-Jul-2026,491.75,493.0,508.25,491.35,500.25,102693,514.1,3695,51355.0,50.01,2026-07-29
APOLLOTYRE,EQ,29-Jul-2026,423.85,425.95,431.4,423.1,424.1,426938,1820.81,16239,189046.0,44.28,2026-07-29
APOLSINHOT,EQ,29-Jul-2026,1205.5,1205.0,1217.9,1195.0,1201.9,128,1.54,32,107.0,83.59,2026-07-29
APRAMEYA,SM,29-Jul-2026,149.2,150.0,152.5,146.25,147.15,4000,6.01,5,4000.0,100.0,2026-07-29
APS,SM,29-Jul-2026,279.25,279.0,280.5,274.9,277.7,22250,61.6,73,15500.0,69.66,2026-07-29
APSISAERO,ST,29-Jul-2026,443.1,434.3,435.0,434.25,434.25,26400,114.68,19,26400.0,100.0,2026-07-29
APTECHT,BE,29-Jul-2026,91.31,92.99,93.0,89.0,91.6,30492,28.04,415,,,2026-07-29
APTUS,EQ,29-Jul-2026,281.3,281.5,283.05,279.55,281.85,333173,937.71,10913,169426.0,50.85,2026-07-29
AQYLON,EQ,29-Jul-2026,25.16,25.79,26.05,23.91,24.1,1222651,303.15,3744,473980.0,38.77,2026-07-29
ARCHIDPLY,EQ,29-Jul-2026,83.06,83.93,83.95,82.02,83.49,3149,2.63,82,2702.0,85.81,2026-07-29
ARCHIES,EQ,29-Jul-2026,13.88,14.54,14.54,13.82,13.86,7927,1.11,69,5028.0,63.43,2026-07-29
ARCIIL,ST,29-Jul-2026,36.5,36.6,37.8,36.6,37.8,4000,1.49,4,4000.0,100.0,2026-07-29
ARE&M,EQ,29-Jul-2026,861.85,868.95,886.55,864.6,882.9,362920,3187.53,18065,167495.0,46.15,2026-07-29
ARENTERP,EQ,29-Jul-2026,41.27,42.97,42.97,39.8,40.89,8318,3.4,88,5483.0,65.92,2026-07-29
ARFIN,EQ,29-Jul-2026,89.14,89.2,89.89,86.2,87.17,777980,681.57,2173,74834.0,9.62,2026-07-29
ARHAM,SM,29-Jul-2026,170.0,174.5,178.0,171.9,172.1,50000,87.43,44,38000.0,76.0,2026-07-29
ARIES,EQ,29-Jul-2026,340.1,340.05,345.2,340.0,343.65,9371,32.13,356,7088.0,75.64,2026-07-29
ARIHANT,EQ,29-Jul-2026,1088.4,1088.4,1225.0,1088.4,1144.9,46928,559.27,3225,13197.0,28.12,2026-07-29
ARIHANTACA,SM,29-Jul-2026,465.0,450.0,450.0,450.0,450.0,400,1.8,1,400.0,100.0,2026-07-29
ARIHANTCAP,EQ,29-Jul-2026,77.24,77.67,77.72,75.52,76.6,166654,127.14,2070,83985.0,50.39,2026-07-29
ARIHANTSUP,EQ,29-Jul-2026,261.0,260.95,262.3,259.0,259.35,7004,18.23,196,5639.0,80.51,2026-07-29
ARIS,EQ,29-Jul-2026,128.24,129.52,133.0,126.1,128.57,1622512,2088.38,12014,578859.0,35.68,2026-07-29
ARKADE,EQ,29-Jul-2026,132.65,133.5,140.0,133.5,138.54,684303,943.17,5210,311799.0,45.56,2026-07-29
ARMANFIN,EQ,29-Jul-2026,1928.2,1927.9,1941.7,1906.0,1912.0,16748,321.64,1968,10418.0,62.2,2026-07-29
ARMOUR,ST,29-Jul-2026,18.0,17.5,18.7,17.5,18.6,6000,1.1,3,6000.0,100.0,2026-07-29
AROGRANITE,EQ,29-Jul-2026,25.45,25.45,25.89,24.61,25.32,7891,1.99,77,5254.0,66.58,2026-07-29
ARROWGREEN,BE,29-Jul-2026,706.1,710.0,722.0,694.0,714.75,10124,72.39,287,,,2026-07-29
ARSHIYA,BZ,29-Jul-2026,0.99,0.99,1.0,0.95,0.95,107074,1.03,69,,,2026-07-29
ARSSBL,EQ,29-Jul-2026,509.9,514.0,517.5,510.0,512.4,85862,441.88,2714,38671.0,45.04,2026-07-29
ARTEMISMED,EQ,29-Jul-2026,277.2,277.95,305.0,277.0,298.6,2259691,6695.72,34785,727141.0,32.18,2026-07-29
ARTNIRMAN,EQ,29-Jul-2026,39.42,39.61,39.61,38.0,38.5,141,0.05,7,141.0,100.0,2026-07-29
ARVEE,EQ,29-Jul-2026,159.84,164.0,164.6,151.9,157.78,2346,3.6,77,1904.0,81.16,2026-07-29
ARVIND,EQ,29-Jul-2026,511.35,515.7,519.25,511.05,517.35,170776,881.48,12801,75775.0,44.37,2026-07-29
ARVINDFASN,EQ,29-Jul-2026,456.0,458.2,458.25,446.0,448.9,184222,829.0,8103,116034.0,62.99,2026-07-29
ARVINDPORT,ST,29-Jul-2026,30.25,29.05,30.2,29.05,30.0,7500,2.21,5,7500.0,100.0,2026-07-29
ARVSMART,EQ,29-Jul-2026,593.0,593.6,603.9,593.5,599.5,17733,106.27,1024,10379.0,58.53,2026-07-29
ASAHIINDIA,EQ,29-Jul-2026,870.6,873.1,880.2,862.5,878.75,97717,851.55,6942,64524.0,66.03,2026-07-29
ASAHISONG,EQ,29-Jul-2026,352.9,352.95,386.95,345.0,356.35,538492,1988.76,12901,194532.0,36.13,2026-07-29
ASAL,EQ,29-Jul-2026,497.2,500.2,509.05,500.2,505.35,11395,57.53,873,6631.0,58.19,2026-07-29
ASALCBR,EQ,29-Jul-2026,757.7,765.0,772.5,756.25,765.1,22864,174.85,2545,11980.0,52.4,2026-07-29
ASHALOG,SM,29-Jul-2026,55.85,55.15,55.85,55.15,55.85,3000,1.67,2,3000.0,100.0,2026-07-29
ASHAPURMIN,EQ,29-Jul-2026,681.4,687.0,712.2,683.4,707.7,923696,6459.68,22690,559823.0,60.61,2026-07-29
ASHIANA,EQ,29-Jul-2026,385.85,388.95,388.95,381.1,383.65,27103,104.31,1550,15240.0,56.23,2026-07-29
ASHIKAG,EQ,29-Jul-2026,490.3,481.85,498.0,479.4,486.0,1096959,5346.87,11861,745090.0,67.92,2026-07-29
ASHIMASYN,EQ,29-Jul-2026,17.52,18.38,18.38,17.46,18.19,221987,40.22,671,163923.0,73.84,2026-07-29
ASHOKA,EQ,29-Jul-2026,122.73,123.0,124.35,122.28,123.67,345725,426.36,5549,192786.0,55.76,2026-07-29
ASHOKAMET,EQ,29-Jul-2026,14.11,14.36,14.48,14.13,14.2,5862,0.84,65,4781.0,81.56,2026-07-29
ASHOKLEY,EQ,29-Jul-2026,157.5,157.97,159.49,156.61,157.96,13880649,21988.0,75763,4941866.0,35.6,2026-07-29
ASHWINI,SM,29-Jul-2026,192.0,194.95,199.0,194.0,194.4,28000,54.86,24,17000.0,60.71,2026-07-29
ASIANENE,EQ,29-Jul-2026,385.9,389.0,393.15,377.85,388.85,380469,1472.46,8774,170943.0,44.93,2026-07-29
ASIANHOTNR,EQ,29-Jul-2026,315.05,317.6,317.6,310.0,312.95,6050,18.9,692,2086.0,34.48,2026-07-29
ASIANPAINT,EQ,29-Jul-2026,2736.2,2746.2,2864.0,2718.5,2758.4,3803474,106027.81,182062,1075972.0,28.29,2026-07-29
ASIANTILES,EQ,29-Jul-2026,57.62,60.95,68.43,57.26,60.71,104213935,65783.76,235765,7008505.0,6.73,2026-07-29
ASKAUTOLTD,EQ,29-Jul-2026,524.15,524.9,529.95,514.0,518.95,185223,971.04,9252,110500.0,59.66,2026-07-29
ASMS,BE,29-Jul-2026,7.01,7.1,7.14,7.01,7.06,101023,7.17,213,,,2026-07-29
ASPINWALL,EQ,29-Jul-2026,243.13,243.13,252.0,237.4,245.07,1732,4.19,49,875.0,50.52,2026-07-29
ASPIRE,SM,29-Jul-2026,15.1,15.05,15.85,15.05,15.85,36000,5.66,15,30000.0,83.33,2026-07-29
ASTEC,EQ,29-Jul-2026,649.45,646.1,663.9,638.0,642.65,20924,135.5,1956,10179.0,48.65,2026-07-29
ASTERDM,EQ,29-Jul-2026,813.5,815.8,827.45,809.8,818.35,593366,4866.27,28135,380642.0,64.15,2026-07-29
ASTRAL,EQ,29-Jul-2026,1471.4,1471.8,1480.0,1460.0,1476.3,187215,2752.83,17258,63579.0,33.96,2026-07-29
ASTRAMICRO,EQ,29-Jul-2026,1704.1,1710.0,1793.6,1691.2,1773.8,408031,7188.89,29007,213468.0,52.32,2026-07-29
ASTRAZEN,EQ,29-Jul-2026,8071.5,8099.5,8229.5,8060.0,8185.0,6734,547.33,1407,4303.0,63.9,2026-07-29
ASTRON,BE,29-Jul-2026,3.92,3.95,3.96,3.8,3.85,39397,1.51,104,,,2026-07-29
ATALREAL,EQ,29-Jul-2026,31.34,31.41,32.99,31.3,32.46,9873525,3174.66,8702,1808512.0,18.32,2026-07-29
ATAM,EQ,29-Jul-2026,65.7,66.5,66.5,64.5,65.6,2590,1.7,78,1696.0,65.48,2026-07-29
ATCENERGY,ST,29-Jul-2026,22.25,22.25,22.45,21.3,21.85,6000,1.33,5,6000.0,100.0,2026-07-29
ATGL,EQ,29-Jul-2026,645.55,648.05,661.2,646.0,655.9,770640,5037.62,21948,216921.0,28.15,2026-07-29
ATHERENERG,EQ,29-Jul-2026,1202.0,1207.2,1252.0,1191.1,1246.1,3306087,40880.22,169527,1218469.0,36.86,2026-07-29
ATL,EQ,29-Jul-2026,23.23,23.31,23.72,23.16,23.39,56028,13.12,835,30424.0,54.3,2026-07-29
ATLANTAA,EQ,29-Jul-2026,35.21,35.23,35.99,34.81,35.59,11807,4.17,506,7927.0,67.14,2026-07-29
ATLANTAELE,EQ,29-Jul-2026,1533.6,1534.0,1563.8,1493.0,1548.1,112783,1720.17,11376,56201.0,49.83,2026-07-29
ATLASCYCLE,EQ,29-Jul-2026,98.01,100.5,100.5,97.24,98.01,1440,1.42,46,1053.0,73.13,2026-07-29
ATLPP,E1,29-Jul-2026,8.8,8.9,8.9,8.65,8.8,220,0.02,7,220.0,100.0,2026-07-29
ATMASTCO,ST,29-Jul-2026,152.1,152.25,152.25,150.0,151.05,14000,21.02,16,14000.0,100.0,2026-07-29
ATUL,EQ,29-Jul-2026,6650.0,6748.0,6872.5,6640.5,6798.5,115335,7834.94,15688,71817.0,62.27,2026-07-29
ATULAUTO,EQ,29-Jul-2026,475.9,478.85,498.0,476.6,495.2,130622,639.63,4559,69467.0,53.18,2026-07-29
AUBANK,EQ,29-Jul-2026,1047.7,1067.9,1068.8,1040.0,1042.3,1383599,14495.01,41372,898576.0,64.94,2026-07-29
AURIONPRO,EQ,29-Jul-2026,735.4,740.0,745.0,729.3,731.7,286518,2114.37,12235,163373.0,57.02,2026-07-29
AUROIMPEX,SM,29-Jul-2026,25.5,25.5,25.9,25.5,25.9,3200,0.82,2,3200.0,100.0,2026-07-29
AUROPHARMA,EQ,29-Jul-2026,1549.2,1556.7,1598.7,1554.4,1590.7,1031789,16361.06,39184,372195.0,36.07,2026-07-29
AURUM,EQ,29-Jul-2026,222.82,222.82,224.86,216.4,217.2,140357,307.28,3062,78362.0,55.83,2026-07-29
AURUS,EQ,29-Jul-2026,4.85,4.72,4.85,4.72,4.74,16600,0.79,175,15036.0,90.58,2026-07-29
AUSOMENT,BE,29-Jul-2026,138.27,132.0,142.95,132.0,136.66,1940,2.66,39,,,2026-07-29
AUTOAXLES,EQ,29-Jul-2026,1799.1,1793.3,1819.4,1791.3,1805.2,5958,107.3,623,4342.0,72.88,2026-07-29
AUTOBEES,EQ,29-Jul-2026,287.37,281.62,290.4,281.62,287.38,267654,770.14,2548,126952.0,47.43,2026-07-29
AUTOIETF,EQ,29-Jul-2026,28.8,29.1,29.1,28.72,28.83,821574,237.12,1805,413136.0,50.29,2026-07-29
AUTOIND,BE,29-Jul-2026,87.02,88.3,88.3,87.0,87.41,21045,18.43,161,,,2026-07-29
AVADHSUGAR,EQ,29-Jul-2026,527.85,525.0,528.35,515.2,517.8,19354,100.89,470,15099.0,78.01,2026-07-29
AVALON,EQ,29-Jul-2026,1640.0,1649.6,1697.2,1639.8,1677.3,211537,3549.91,18950,94504.0,44.67,2026-07-29
AVANA,ST,29-Jul-2026,159.7,159.7,159.7,153.7,155.0,16000,24.88,8,16000.0,100.0,2026-07-29
AVANTEL,EQ,29-Jul-2026,159.92,160.52,162.98,159.81,161.43,722663,1169.34,8277,290782.0,40.24,2026-07-29
AVANTIFEED,EQ,29-Jul-2026,958.05,968.05,974.5,940.1,946.7,359495,3429.51,20400,196391.0,54.63,2026-07-29
AVG,BE,29-Jul-2026,201.13,200.5,208.0,200.0,206.68,12959,26.48,101,,,2026-07-29
AVIANSH,SM,29-Jul-2026,100.0,100.5,100.5,100.0,100.0,2000,2.01,2,2000.0,100.0,2026-07-29
AVIENCE,SM,29-Jul-2026,259.65,260.0,263.5,256.0,257.95,29400,76.37,40,24000.0,81.63,2026-07-29
AVL,EQ,29-Jul-2026,622.3,622.0,632.0,617.5,626.3,122718,767.89,9603,47578.0,38.77,2026-07-29
AVONMORE,EQ,29-Jul-2026,9.15,9.14,10.98,9.14,10.98,937993,101.05,1389,496578.0,52.94,2026-07-29
AVPINFRA,SM,29-Jul-2026,69.25,70.3,71.75,68.6,71.35,34400,24.25,35,20800.0,60.47,2026-07-29
AVROIND,EQ,29-Jul-2026,8.95,8.72,9.0,8.42,8.63,483908,41.57,1306,314192.0,64.93,2026-07-29
AVTNPL,EQ,29-Jul-2026,70.55,70.78,70.78,69.32,69.98,30623,21.47,571,21263.0,69.43,2026-07-29
AWFIS,EQ,29-Jul-2026,281.85,282.2,285.6,280.5,281.3,114781,324.49,3369,53144.0,46.3,2026-07-29
AWHCL,EQ,29-Jul-2026,432.45,434.35,443.95,428.0,432.55,109871,480.31,5356,40957.0,37.28,2026-07-29
AWL,EQ,29-Jul-2026,186.17,187.59,191.1,186.65,189.91,2126346,4022.3,20380,1315995.0,61.89,2026-07-29
AXISBANK,EQ,29-Jul-2026,1223.5,1229.5,1237.1,1214.4,1235.4,10110233,123810.22,200117,6142410.0,60.75,2026-07-29
AXISCADES,EQ,29-Jul-2026,1491.2,1499.9,1565.7,1489.1,1565.7,115347,1780.78,4966,84459.0,73.22,2026-07-29
AXITA,EQ,29-Jul-2026,7.39,7.46,7.46,7.35,7.37,887034,65.68,659,760326.0,85.72,2026-07-29
AYE,EQ,29-Jul-2026,162.92,164.9,167.19,163.07,166.06,299735,496.04,5090,93404.0,31.16,2026-07-29
AYMSYNTEX,EQ,29-Jul-2026,240.64,243.04,244.61,234.11,239.94,25232,60.47,1087,14940.0,59.21,2026-07-29
AZAD,EQ,29-Jul-2026,2401.1,2418.0,2444.0,2380.0,2395.2,338556,8146.77,24394,125287.0,37.01,2026-07-29
BAFNAPH,BE,29-Jul-2026,247.76,252.71,252.71,252.71,252.71,3090,7.81,25,,,2026-07-29
BAGDIGITAL,SM,29-Jul-2026,108.5,114.6,114.6,108.0,108.0,3200,3.56,2,3200.0,100.0,2026-07-29
BAGFILMS,EQ,29-Jul-2026,4.55,4.58,4.72,4.43,4.47,120280,5.46,204,88214.0,73.34,2026-07-29
BAGMANE,RR,29-Jul-2026,104.97,105.09,105.09,104.71,104.94,917360,962.88,39351,764004.0,83.28,2026-07-29
BAHETI,SM,29-Jul-2026,708.0,799.95,799.95,713.0,716.5,23625,170.47,55,12750.0,53.97,2026-07-29
BAIDFIN,EQ,29-Jul-2026,10.03,10.0,10.09,9.85,9.9,23768,2.36,148,19118.0,80.44,2026-07-29
BAJAJ-AUTO,EQ,29-Jul-2026,11374.0,11440.0,11532.0,11290.0,11338.0,455484,52058.76,63442,245514.0,53.9,2026-07-29
BAJAJCON,EQ,29-Jul-2026,530.95,535.0,539.95,528.75,536.5,206275,1103.42,9139,97299.0,47.17,2026-07-29
BAJAJELEC,EQ,29-Jul-2026,327.05,328.0,331.45,327.1,330.55,69185,228.32,2400,40152.0,58.04,2026-07-29
BAJAJFINSV,EQ,29-Jul-2026,1927.9,1940.0,1945.0,1908.9,1924.4,1066741,20512.37,42768,672849.0,63.08,2026-07-29
BAJAJHCARE,EQ,29-Jul-2026,321.75,320.0,331.0,319.5,326.0,170729,557.7,5305,87283.0,51.12,2026-07-29
BAJAJHFL,EQ,29-Jul-2026,85.66,86.0,87.95,85.42,87.63,5057621,4391.89,27539,2480830.0,49.05,2026-07-29
BAJAJHIND,EQ,29-Jul-2026,16.8,16.8,17.01,16.73,16.92,2839839,479.0,5117,1322619.0,46.57,2026-07-29
BAJAJHLDNG,EQ,29-Jul-2026,10831.0,10875.0,10968.0,10810.0,10949.0,25720,2805.74,7255,14650.0,56.96,2026-07-29
BAJAJINDEF,EQ,29-Jul-2026,229.2,229.2,236.0,229.2,234.8,17283,40.41,562,10219.0,59.13,2026-07-29
BAJAJST,EQ,29-Jul-2026,405.7,408.6,416.8,377.05,383.45,66457,259.83,3413,35355.0,53.2,2026-07-29
BAJEL,EQ,29-Jul-2026,175.49,175.49,178.0,175.49,177.62,76816,135.93,1171,40674.0,52.95,2026-07-29
BAJFINANCE,EQ,29-Jul-2026,1048.4,1056.0,1065.9,1048.4,1054.4,6444368,68092.68,117856,4196260.0,65.12,2026-07-29
BALAJEE,EQ,29-Jul-2026,26.65,26.98,27.28,26.66,26.91,10671,2.87,118,8667.0,81.22,2026-07-29
BALAJIPHOS,SM,29-Jul-2026,89.0,90.0,90.0,90.0,90.0,1000,0.9,1,1000.0,100.0,2026-07-29
BALAJITELE,EQ,29-Jul-2026,82.6,82.6,84.47,81.51,84.1,103163,85.36,2127,38236.0,37.06,2026-07-29
BALAMINES,EQ,29-Jul-2026,2241.5,2271.0,2351.0,2252.5,2271.4,284327,6529.3,22335,82025.0,28.85,2026-07-29
BALAXI,EQ,29-Jul-2026,24.44,24.2,24.75,24.0,24.14,11774,2.85,107,9463.0,80.37,2026-07-29
BALKRISHNA,EQ,29-Jul-2026,17.95,17.61,18.0,17.35,17.66,10685,1.89,85,5677.0,53.13,2026-07-29
BALKRISIND,EQ,29-Jul-2026,2013.2,2023.0,2090.1,2023.0,2081.7,143039,2966.74,18479,68428.0,47.84,2026-07-29
BALMLAWRIE,EQ,29-Jul-2026,175.98,176.74,180.5,175.81,179.12,119319,213.29,1820,74795.0,62.68,2026-07-29
BALPHARMA,EQ,29-Jul-2026,87.49,87.05,89.49,87.05,88.1,14755,13.07,302,7525.0,51.0,2026-07-29
BALRAMCHIN,EQ,29-Jul-2026,605.25,605.0,608.95,601.3,606.3,138960,842.6,6159,52780.0,37.98,2026-07-29
BALUFORGE,EQ,29-Jul-2026,445.9,446.0,450.75,440.15,441.3,259636,1156.72,8125,153511.0,59.13,2026-07-29
BANARBEADS,EQ,29-Jul-2026,117.98,116.03,121.0,116.0,116.56,1773,2.1,75,1164.0,65.65,2026-07-29
BANARISUG,EQ,29-Jul-2026,3482.7,3445.0,3500.0,3445.0,3475.7,342,11.91,73,227.0,66.37,2026-07-29
BANCOINDIA,EQ,29-Jul-2026,622.35,622.0,635.5,622.0,627.85,85709,539.13,5317,46530.0,54.29,2026-07-29
BANDHANBNK,EQ,29-Jul-2026,168.84,169.0,174.06,168.05,173.58,19391311,33313.41,85580,9016132.0,46.5,2026-07-29
BANG,EQ,29-Jul-2026,29.19,28.98,29.4,28.55,29.26,8498,2.48,123,6726.0,79.15,2026-07-29
BANK10ADD,EQ,29-Jul-2026,16.75,16.89,17.02,16.76,17.0,190106,32.32,256,166388.0,87.52,2026-07-29
BANK10BETF,EQ,29-Jul-2026,20.73,20.81,20.98,20.79,20.92,5786,1.21,20,4810.0,83.13,2026-07-29
BANKA,BE,29-Jul-2026,93.0,94.0,94.0,90.0,90.5,1304,1.21,9,,,2026-07-29
BANKADD,EQ,29-Jul-2026,58.16,58.32,58.62,58.31,58.43,8105,4.74,92,5888.0,72.65,2026-07-29
BANKBARODA,EQ,29-Jul-2026,239.2,239.9,244.9,239.35,243.35,10011406,24348.4,46529,5872597.0,58.66,2026-07-29
BANKBEES,EQ,29-Jul-2026,587.54,589.3,592.7,589.25,591.74,398246,2354.68,6366,236390.0,59.36,2026-07-29
BANKBETA,EQ,29-Jul-2026,58.78,58.93,59.37,58.9,59.26,103131,61.15,369,85104.0,82.52,2026-07-29
BANKBETF,EQ,29-Jul-2026,57.77,57.77,58.29,57.77,58.02,20079,11.67,131,10963.0,54.6,2026-07-29
BANKETF,EQ,29-Jul-2026,579.27,580.11,583.92,579.96,582.58,8587,49.96,2119,5762.0,67.1,2026-07-29
BANKIETF,EQ,29-Jul-2026,58.29,58.89,58.89,58.45,58.69,170495,100.04,1169,123267.0,72.3,2026-07-29
BANKINDIA,EQ,29-Jul-2026,136.32,137.0,138.3,136.44,137.65,8293430,11389.94,41407,3718360.0,44.84,2026-07-29
BANKNIFTY1,EQ,29-Jul-2026,58.96,59.23,59.54,59.11,59.38,219236,130.07,567,125053.0,57.04,2026-07-29
BANKPSU,EQ,29-Jul-2026,83.69,83.96,84.48,83.8,84.02,2917,2.46,52,1857.0,63.66,2026-07-29
BANSALWIRE,EQ,29-Jul-2026,309.15,310.1,320.95,309.2,318.35,105140,331.56,3323,50563.0,48.09,2026-07-29
BANSWRAS,EQ,29-Jul-2026,128.97,129.05,130.49,125.0,126.23,29046,36.92,640,18197.0,62.65,2026-07-29
BARFLEX,SM,29-Jul-2026,55.0,55.0,55.0,54.9,54.9,4000,2.2,2,4000.0,100.0,2026-07-29
BASF,EQ,29-Jul-2026,3700.2,3716.2,3764.8,3709.5,3740.7,12912,483.54,2658,6957.0,53.88,2026-07-29
BASILIC,SM,29-Jul-2026,194.65,195.0,200.0,195.0,198.75,13800,27.18,35,10800.0,78.26,2026-07-29
BASML,BE,29-Jul-2026,26.9,27.0,27.49,27.0,27.0,64141,17.41,118,,,2026-07-29
BATAINDIA,EQ,29-Jul-2026,694.95,696.95,704.75,696.3,698.35,168128,1175.99,11905,103574.0,61.6,2026-07-29
BATLIBOI,EQ,29-Jul-2026,83.4,85.51,85.51,82.25,84.33,21402,17.87,535,14758.0,68.96,2026-07-29
BAWEJA,ST,29-Jul-2026,26.95,26.5,26.8,25.65,26.65,26400,6.85,29,24000.0,90.91,2026-07-29
BAYERCROP,EQ,29-Jul-2026,4219.4,4240.4,4279.8,4225.4,4248.3,32475,1381.79,6036,21037.0,64.78,2026-07-29
BBETF0432,EQ,29-Jul-2026,1352.94,1355.44,1355.44,1348.0,1349.68,4334,58.5,55,4174.0,96.31,2026-07-29
BBL,EQ,29-Jul-2026,2523.4,2543.6,2590.0,2520.0,2572.2,17103,437.58,3081,8662.0,50.65,2026-07-29
BBNPNBETF,EQ,29-Jul-2026,57.28,57.27,57.84,57.27,57.56,178,0.1,17,102.0,57.3,2026-07-29
BBNPPGOLD,EQ,29-Jul-2026,136.25,135.85,139.65,135.85,137.15,3499,4.79,49,2481.0,70.91,2026-07-29
BBOX,EQ,29-Jul-2026,732.45,744.95,766.6,732.45,740.65,457671,3415.48,21068,216783.0,47.37,2026-07-29
BBTC,EQ,29-Jul-2026,1491.7,1500.1,1501.0,1489.2,1498.1,31733,474.89,4399,19997.0,63.02,2026-07-29
BBTCL,EQ,29-Jul-2026,217.03,216.9,220.45,216.06,217.74,1320,2.89,54,1028.0,77.88,2026-07-29
BCG,EQ,29-Jul-2026,9.3,9.31,9.43,9.26,9.39,2290898,214.37,2572,1353224.0,59.07,2026-07-29
BCLIND,EQ,29-Jul-2026,34.56,34.62,34.88,34.41,34.66,252112,87.24,1460,129664.0,51.43,2026-07-29
BCONCEPTS,EQ,29-Jul-2026,187.18,197.99,197.99,186.4,188.99,3722,7.01,247,2246.0,60.34,2026-07-29
BCPL,EQ,29-Jul-2026,70.47,71.7,71.7,70.1,70.43,2512,1.77,100,1897.0,75.52,2026-07-29
BDL,EQ,29-Jul-2026,1271.0,1268.7,1271.0,1254.6,1261.8,412387,5202.64,17753,103990.0,25.22,2026-07-29
BEACON,ST,29-Jul-2026,87.65,87.0,89.85,86.1,89.15,12000,10.53,12,12000.0,100.0,2026-07-29
BEARDSELL,EQ,29-Jul-2026,27.17,27.71,27.71,26.92,26.94,8896,2.42,124,7225.0,81.22,2026-07-29
BECTORFOOD,EQ,29-Jul-2026,210.16,210.16,217.81,208.5,216.29,2761799,5906.18,24982,1055022.0,38.2,2026-07-29
BEDMUTHA,EQ,29-Jul-2026,108.34,110.5,110.5,107.0,107.87,7988,8.59,67,6853.0,85.79,2026-07-29
BEEKAY,EQ,29-Jul-2026,408.55,407.95,407.95,395.05,399.9,380,1.52,30,89.0,23.42,2026-07-29
BEL,EQ,29-Jul-2026,389.0,390.9,390.95,382.2,387.55,32630643,125810.08,413219,20582382.0,63.08,2026-07-29
BELLACASA,EQ,29-Jul-2026,241.8,241.95,241.95,235.0,236.25,12727,30.25,874,5773.0,45.36,2026-07-29
BELRISE,EQ,29-Jul-2026,229.03,229.59,232.95,228.7,230.47,2726476,6295.82,36594,1512587.0,55.48,2026-07-29
BEML,EQ,29-Jul-2026,1759.2,1755.0,1793.4,1751.8,1781.4,225384,4002.78,15808,137928.0,61.2,2026-07-29
BENGALASM,EQ,29-Jul-2026,6315.0,6397.5,6397.5,6211.0,6232.5,216,13.49,58,171.0,79.17,2026-07-29
BEPL,EQ,29-Jul-2026,113.41,113.6,115.66,113.1,114.53,1415362,1622.02,9905,387617.0,27.39,2026-07-29
BERGEPAINT,EQ,29-Jul-2026,499.35,499.35,528.1,497.25,520.05,746012,3859.08,25222,271798.0,36.43,2026-07-29
BESTAGRO,EQ,29-Jul-2026,15.26,15.26,16.94,15.26,16.74,1799964,294.42,4123,660591.0,36.7,2026-07-29
BETA,EQ,29-Jul-2026,2109.8,2145.0,2243.9,2109.0,2233.2,34121,752.06,5739,14706.0,43.1,2026-07-29
BEWLTD,SM,29-Jul-2026,58.35,58.7,60.0,56.5,58.5,20500,11.92,32,14500.0,70.73,2026-07-29
BFINVEST,EQ,29-Jul-2026,450.5,454.9,456.3,446.55,451.5,27708,125.14,865,13007.0,46.94,2026-07-29
BFSI,EQ,29-Jul-2026,27.04,27.15,27.34,27.12,27.32,244623,66.7,766,133312.0,54.5,2026-07-29
BFUTILITIE,EQ,29-Jul-2026,569.3,574.65,579.15,568.7,575.1,44110,253.12,1738,18581.0,42.12,2026-07-29
BGRENERGY,BE,29-Jul-2026,287.05,292.2,295.0,281.5,287.55,36837,105.63,510,,,2026-07-29
BHADORA,ST,29-Jul-2026,88.3,88.1,90.0,86.0,89.5,7200,6.3,6,6000.0,83.33,2026-07-29
BHAGCHEM,EQ,29-Jul-2026,263.4,263.4,268.95,261.05,267.05,52983,140.58,1554,18623.0,35.15,2026-07-29
BHAGERIA,BE,29-Jul-2026,207.99,208.0,208.9,203.1,206.25,18380,37.84,325,,,2026-07-29
BHAGYANGR,BE,29-Jul-2026,407.05,386.7,386.7,386.7,386.7,34780,134.49,630,,,2026-07-29
BHANDARI,BE,29-Jul-2026,2.85,2.85,2.9,2.82,2.88,38609,1.11,144,,,2026-07-29
BHARATCOAL,EQ,29-Jul-2026,34.27,34.5,34.68,34.22,34.27,5316672,1829.99,12488,2146828.0,40.38,2026-07-29
BHARATFORG,EQ,29-Jul-2026,2162.7,2173.5,2185.0,2151.2,2171.5,686018,14852.15,23260,370974.0,54.08,2026-07-29
BHARATGEAR,BE,29-Jul-2026,123.96,124.9,127.0,122.31,126.39,12281,15.4,192,,,2026-07-29
BHARATRAS,EQ,29-Jul-2026,1275.7,1281.5,1290.6,1270.0,1275.9,8031,102.74,994,5150.0,64.13,2026-07-29
BHARATSE,EQ,29-Jul-2026,210.54,211.9,216.27,208.4,209.75,231496,490.91,5759,87296.0,37.71,2026-07-29
BHARATWIRE,EQ,29-Jul-2026,197.53,197.61,204.1,197.61,201.55,128762,259.26,2614,50793.0,39.45,2026-07-29
BHARTIARTL,EQ,29-Jul-2026,1901.8,1915.2,1957.0,1913.1,1950.2,6315728,122819.8,144382,4180240.0,66.19,2026-07-29
BHARTIHEXA,EQ,29-Jul-2026,1604.6,1610.0,1658.8,1595.7,1654.5,103460,1702.52,11593,51793.0,50.06,2026-07-29
BHEL,EQ,29-Jul-2026,405.75,408.0,408.45,395.5,405.15,10523689,42376.47,95909,3235734.0,30.75,2026-07-29
BI,EQ,29-Jul-2026,59.25,60.88,60.88,58.0,58.2,3449,2.02,64,2938.0,85.18,2026-07-29
BIGBLOC,EQ,29-Jul-2026,45.97,45.98,46.95,45.5,45.91,30913,14.24,278,23043.0,74.54,2026-07-29
BIKAJI,EQ,29-Jul-2026,633.95,634.0,647.0,631.8,641.85,72704,466.14,9370,40980.0,56.37,2026-07-29
BIKEWO,ST,29-Jul-2026,64.7,62.1,65.0,62.1,63.95,82000,52.3,40,70000.0,85.37,2026-07-29
BIL,EQ,29-Jul-2026,778.85,749.6,758.8,741.9,749.75,15658,117.39,292,13952.0,89.1,2026-07-29
BILVYAPAR,BE,29-Jul-2026,4.1,3.93,4.17,3.93,4.0,4915,0.19,25,,,2026-07-29
BIMETAL,EQ,29-Jul-2026,638.15,640.2,667.6,638.15,643.8,264,1.71,32,241.0,91.29,2026-07-29
BIOCON,EQ,29-Jul-2026,432.45,434.95,435.5,427.1,431.1,3351508,14435.1,52274,1673422.0,49.93,2026-07-29
BIOFILCHEM,EQ,29-Jul-2026,32.64,32.89,32.89,32.15,32.67,3430,1.11,78,2497.0,72.8,2026-07-29
BIOPOL,SM,29-Jul-2026,107.15,106.75,107.05,101.05,104.7,103200,108.45,80,48000.0,46.51,2026-07-29
BIRET,RR,29-Jul-2026,343.04,343.49,344.6,341.22,342.58,208748,716.37,6913,151826.0,72.73,2026-07-29
BIRLACABLE,BE,29-Jul-2026,194.98,194.98,199.0,194.01,198.28,22874,45.22,346,,,2026-07-29
BIRLACORPN,EQ,29-Jul-2026,875.75,880.9,904.8,872.05,889.15,137754,1226.45,12424,70789.0,51.39,2026-07-29
BIRLAMONEY,EQ,29-Jul-2026,130.47,130.6,135.88,130.47,131.8,73388,97.37,1590,29298.0,39.92,2026-07-29
BIRLANU,EQ,29-Jul-2026,1351.7,1361.0,1399.9,1359.0,1379.8,12999,179.18,1503,6664.0,51.27,2026-07-29
BIRLAPREC,EQ,29-Jul-2026,34.37,34.25,34.84,33.51,33.94,10126,3.46,143,8295.0,81.92,2026-07-29
BLACKBUCK,EQ,29-Jul-2026,543.3,543.7,561.0,516.6,523.55,940192,5005.83,45192,351432.0,37.38,2026-07-29
BLACKROSE,BE,29-Jul-2026,105.79,111.06,111.07,106.85,110.85,47050,52.02,362,,,2026-07-29
BLAL,EQ,29-Jul-2026,177.23,178.89,178.9,176.0,176.78,9786,17.36,209,8080.0,82.57,2026-07-29
BLBLIMITED,EQ,29-Jul-2026,15.85,16.35,16.35,15.6,15.82,27100,4.29,126,21743.0,80.23,2026-07-29
BLIL,EQ,29-Jul-2026,70.06,70.1,70.31,68.46,70.02,55824,38.98,615,41605.0,74.53,2026-07-29
BLISSGVS,BE,29-Jul-2026,450.1,443.0,469.95,443.0,456.0,174456,800.29,2135,,,2026-07-29
BLKASHYAP,EQ,29-Jul-2026,54.14,54.55,54.82,53.7,54.01,290752,157.82,1272,206343.0,70.97,2026-07-29
BLS,EQ,29-Jul-2026,235.7,237.95,245.45,236.4,241.9,1404200,3400.54,21846,589160.0,41.96,2026-07-29
BLSE,EQ,29-Jul-2026,282.63,284.1,302.32,280.41,298.81,1211513,3556.38,16615,541769.0,44.72,2026-07-29
BLUECHIP,BE,29-Jul-2026,1.85,1.82,1.82,1.82,1.82,1101,0.02,4,,,2026-07-29
BLUECOAST,BE,29-Jul-2026,24.41,23.19,25.5,23.19,23.97,3747,0.89,39,,,2026-07-29
BLUEDART,EQ,29-Jul-2026,5103.5,5080.0,5125.2,5046.6,5069.6,8120,411.79,2437,3635.0,44.77,2026-07-29
BLUEJET,EQ,29-Jul-2026,571.95,572.95,605.0,572.95,602.75,1395442,8239.58,31346,801395.0,57.43,2026-07-29
BLUEPEBBLE,SM,29-Jul-2026,70.0,66.0,67.0,66.0,66.75,2000,1.33,4,1600.0,80.0,2026-07-29
BLUESTARCO,EQ,29-Jul-2026,1645.2,1640.0,1687.0,1639.8,1680.8,156603,2609.18,13389,62727.0,40.05,2026-07-29
BLUESTONE,EQ,29-Jul-2026,757.25,780.0,807.9,761.25,770.25,13952569,109477.93,258328,1097561.0,7.87,2026-07-29
BLUEWATER,ST,29-Jul-2026,467.15,490.5,490.5,445.05,462.45,183000,880.44,142,169000.0,92.35,2026-07-29
BLUSPRING,EQ,29-Jul-2026,107.08,108.0,117.78,104.93,114.11,619309,692.51,5590,209073.0,33.76,2026-07-29
BMLL,SM,29-Jul-2026,141.05,140.0,161.7,140.0,158.55,236000,366.49,154,104000.0,44.07,2026-07-29
BMWVENTLTD,EQ,29-Jul-2026,57.71,57.5,58.88,56.8,57.51,61071,35.17,1246,35450.0,58.05,2026-07-29
BNAGROCHEM,BE,29-Jul-2026,274.0,265.05,275.0,265.0,274.7,666,1.81,14,,,2026-07-29
BNALTD,BE,29-Jul-2026,444.0,440.0,440.0,422.0,422.0,69,0.29,7,,,2026-07-29
BNKETFAXIS,EQ,29-Jul-2026,585.75,588.85,590.15,586.18,589.34,70,0.41,15,59.0,84.29,2026-07-29
BODALCHEM,BE,29-Jul-2026,68.13,68.5,71.53,66.15,71.53,306835,213.83,900,,,2026-07-29
BOHRAIND,EQ,29-Jul-2026,13.81,14.5,14.5,14.5,14.5,9345,1.36,19,9345.0,100.0,2026-07-29
BOMDYEING,EQ,29-Jul-2026,120.42,120.7,121.99,120.7,121.03,227352,275.79,2540,123743.0,54.43,2026-07-29
BONLON,EQ,29-Jul-2026,39.9,39.9,41.39,39.5,40.66,3520,1.42,70,2079.0,59.06,2026-07-29
BORANA,EQ,29-Jul-2026,322.25,327.1,342.0,325.25,327.6,56003,186.73,1741,24792.0,44.27,2026-07-29
BOROLTD,EQ,29-Jul-2026,228.9,229.6,235.0,229.6,231.88,31562,73.35,1647,16798.0,53.22,2026-07-29
BORORENEW,EQ,29-Jul-2026,572.4,572.5,579.15,571.0,573.95,282833,1626.18,11345,149555.0,52.88,2026-07-29
BOROSCI,EQ,29-Jul-2026,153.95,153.39,159.98,153.39,157.14,46335,72.94,1078,27328.0,58.98,2026-07-29
BOSCH-HCIL,EQ,29-Jul-2026,1333.8,1334.3,1337.4,1308.1,1317.6,20449,268.98,1212,11080.0,54.18,2026-07-29
BOSCHLTD,EQ,29-Jul-2026,41310.0,41355.0,41630.0,39705.0,41065.0,46738,19090.97,19726,17861.0,38.22,2026-07-29
BPCL,EQ,29-Jul-2026,320.05,320.0,320.05,315.8,317.4,5132678,16320.58,41290,2982874.0,58.12,2026-07-29
BPL,EQ,29-Jul-2026,52.74,53.13,53.68,52.2,52.57,38645,20.4,792,22361.0,57.86,2026-07-29
BRACEPORT,SM,29-Jul-2026,63.0,63.0,63.0,63.0,63.0,1600,1.01,1,1600.0,100.0,2026-07-29
BRANDMAN,SM,29-Jul-2026,182.0,179.0,184.0,173.2,176.85,52800,94.19,33,37600.0,71.21,2026-07-29
BRIGADE,EQ,29-Jul-2026,560.2,562.3,565.9,557.15,564.25,213417,1199.22,10333,75145.0,35.21,2026-07-29
BRIGHOTEL,EQ,29-Jul-2026,59.86,59.6,60.61,59.59,59.98,61290,36.8,848,50891.0,83.03,2026-07-29
BRITANNIA,EQ,29-Jul-2026,5478.5,5499.5,5582.0,5488.5,5517.5,356551,19776.14,33530,183021.0,51.33,2026-07-29
BRNL,EQ,29-Jul-2026,17.51,17.51,17.87,17.32,17.48,31870,5.6,250,23045.0,72.31,2026-07-29
BROOKS,BE,29-Jul-2026,62.75,62.75,62.9,59.65,59.88,55756,33.85,303,,,2026-07-29
BSE,EQ,29-Jul-2026,3457.8,3475.0,3555.0,3467.9,3541.4,2058479,72642.18,108677,753317.0,36.6,2026-07-29
BSE500IETF,EQ,29-Jul-2026,39.06,39.0,39.48,39.0,39.36,110247,43.39,564,100924.0,91.54,2026-07-29
BSHSL,BE,29-Jul-2026,86.45,86.45,88.0,85.6,86.65,3793,3.26,36,,,2026-07-29
BSL,EQ,29-Jul-2026,126.18,126.81,127.0,125.01,125.35,1305,1.64,33,1169.0,89.58,2026-07-29
BSLGOLDETF,EQ,29-Jul-2026,124.4,123.82,124.62,123.82,124.29,170492,211.91,1499,107246.0,62.9,2026-07-29
BSLNIFTY,EQ,29-Jul-2026,28.15,28.85,28.85,28.04,28.41,1164287,330.5,3457,749747.0,64.4,2026-07-29
BSLSENETFG,EQ,29-Jul-2026,77.35,76.63,78.45,76.63,78.01,4981,3.89,92,2463.0,49.45,2026-07-29
BSOFT,EQ,29-Jul-2026,299.9,304.0,322.65,296.65,311.15,7974181,24797.09,107746,1725267.0,21.64,2026-07-29
BTML,EQ,29-Jul-2026,6.33,6.16,6.5,6.16,6.24,204189,12.99,374,133470.0,65.37,2026-07-29
BTTL,BE,29-Jul-2026,47.7,48.0,48.49,45.32,46.87,8546,4.0,56,,,2026-07-29
BUILDPRO,EQ,29-Jul-2026,1192.5,1208.0,1257.0,1194.7,1230.2,40478,498.57,3299,17068.0,42.17,2026-07-29
BUTTERFLY,EQ,29-Jul-2026,756.7,755.0,760.0,721.1,729.15,58679,431.89,3109,34585.0,58.94,2026-07-29
BVCL,EQ,29-Jul-2026,40.7,40.6,43.88,40.02,41.6,24224,9.99,140,18679.0,77.11,2026-07-29
BYKE,BE,29-Jul-2026,32.5,32.2,33.5,32.2,33.5,8110,2.66,27,,,2026-07-29
C2C,SM,29-Jul-2026,261.5,263.0,268.4,253.6,258.7,97650,255.69,522,66450.0,68.05,2026-07-29
CALSOFT,BE,29-Jul-2026,21.64,21.64,21.95,21.1,21.2,29267,6.27,172,,,2026-07-29
CAMLINFINE,EQ,29-Jul-2026,126.59,126.1,131.72,126.05,130.15,701790,909.32,8953,392780.0,55.97,2026-07-29
CAMPUS,EQ,29-Jul-2026,216.36,218.0,226.8,216.36,223.37,1224856,2723.66,23775,432331.0,35.3,2026-07-29
CAMS,EQ,29-Jul-2026,800.3,804.3,805.55,789.1,792.4,541450,4296.92,21785,241458.0,44.59,2026-07-29
CANARYS,SM,29-Jul-2026,19.3,19.7,20.7,19.5,19.85,348000,69.74,72,224000.0,64.37,2026-07-29
CANBK,EQ,29-Jul-2026,124.24,124.6,125.55,124.0,124.72,17108935,21358.3,61379,8058738.0,47.1,2026-07-29
CANFINHOME,EQ,29-Jul-2026,817.05,821.0,828.95,810.3,822.15,280514,2294.62,16824,197448.0,70.39,2026-07-29
CANHLIFE,EQ,29-Jul-2026,141.67,141.7,151.18,140.0,147.08,1832625,2717.21,26801,552796.0,30.16,2026-07-29
CANTABIL,EQ,29-Jul-2026,238.48,239.9,241.6,236.05,238.11,90049,214.62,5117,43840.0,48.68,2026-07-29
CAPACITE,EQ,29-Jul-2026,216.25,217.45,219.75,216.5,219.2,206776,450.96,4091,90297.0,43.67,2026-07-29
CAPILLARY,EQ,29-Jul-2026,511.4,514.7,534.9,505.7,527.45,360589,1887.65,11191,103388.0,28.67,2026-07-29
CAPINVIT,IV,29-Jul-2026,73.41,73.05,74.74,73.05,74.3,891380,659.1,7612,748205.0,83.94,2026-07-29
CAPITALSFB,EQ,29-Jul-2026,296.3,298.45,300.1,295.0,298.3,15543,46.36,540,7390.0,47.55,2026-07-29
CAPLIPOINT,EQ,29-Jul-2026,2588.3,2590.9,2642.4,2588.1,2613.2,86491,2256.86,14578,47870.0,55.35,2026-07-29
CAPTRUST,EQ,29-Jul-2026,15.74,15.98,16.52,14.97,16.49,132477,21.48,229,119394.0,90.12,2026-07-29
CARBORUNIV,EQ,29-Jul-2026,1061.5,1063.6,1083.8,1052.0,1056.0,81553,865.0,12011,45098.0,55.3,2026-07-29
CARERATING,EQ,29-Jul-2026,1673.2,1680.0,1712.5,1664.0,1689.6,71476,1205.99,9930,51311.0,71.79,2026-07-29
CARRARO,EQ,29-Jul-2026,529.15,538.0,538.0,527.0,530.05,53833,286.02,3416,32467.0,60.31,2026-07-29
CARTRADE,EQ,29-Jul-2026,2962.7,2989.8,3068.9,2740.0,2855.7,2518786,72221.0,177213,516732.0,20.52,2026-07-29
CARYSIL,EQ,29-Jul-2026,1152.2,1150.3,1185.0,1150.0,1178.4,76578,900.69,5490,41328.0,53.97,2026-07-29
CASHIETF,EQ,29-Jul-2026,1072.75,1072.88,1072.9,1072.88,1072.89,393715,4224.15,225,316172.0,80.3,2026-07-29
CASTROLIND,EQ,29-Jul-2026,184.06,184.1,185.2,184.0,184.95,782644,1444.63,13937,549447.0,70.2,2026-07-29
CCAVENUE,EQ,29-Jul-2026,16.55,16.76,16.76,16.49,16.68,4871719,811.51,8174,2599757.0,53.36,2026-07-29
CCCL,EQ,29-Jul-2026,15.72,15.7,16.27,14.4,15.7,774340,121.12,2803,386192.0,49.87,2026-07-29
CCHHL,EQ,29-Jul-2026,12.61,13.25,13.25,12.62,12.69,15264,1.95,110,9284.0,60.82,2026-07-29
CCL,EQ,29-Jul-2026,1188.2,1205.0,1213.9,1195.0,1198.6,235994,2836.73,28746,151064.0,64.01,2026-07-29
CDSL,EQ,29-Jul-2026,1345.1,1349.9,1361.3,1344.2,1350.0,1018335,13767.29,33017,387558.0,38.06,2026-07-29
CEATLTD,EQ,29-Jul-2026,3401.4,3417.0,3460.0,3405.3,3433.8,116214,3984.44,16423,60067.0,51.69,2026-07-29
CEDAAR,ST,29-Jul-2026,17.0,16.9,17.0,16.35,16.35,12000,2.0,12,11000.0,91.67,2026-07-29
CEIGALL,EQ,29-Jul-2026,324.75,327.0,334.85,321.0,333.55,349612,1154.49,10048,190077.0,54.37,2026-07-29
CEINSYS,EQ,29-Jul-2026,844.25,846.95,858.45,842.0,852.0,34966,297.56,2191,17624.0,50.4,2026-07-29
CELEBRITY,EQ,29-Jul-2026,6.93,6.93,7.34,6.93,7.01,12392,0.87,107,8705.0,70.25,2026-07-29
CELLECOR,ST,29-Jul-2026,32.4,32.65,32.65,31.0,32.35,297000,95.87,38,279000.0,93.94,2026-07-29
CELLO,EQ,29-Jul-2026,344.45,345.0,347.6,342.2,345.1,138283,476.82,8733,82997.0,60.02,2026-07-29
CELLPOINT,SM,29-Jul-2026,19.5,19.95,19.95,19.95,19.95,2400,0.48,2,2400.0,100.0,2026-07-29
CEMNTGROWW,EQ,29-Jul-2026,15.36,15.43,15.87,15.05,15.41,87237,13.46,588,70578.0,80.9,2026-07-29
CEMPRO,EQ,29-Jul-2026,1340.8,1352.0,1356.6,1283.8,1341.6,737059,9754.29,36209,326742.0,44.33,2026-07-29
CENTENKA,EQ,29-Jul-2026,600.2,606.8,671.65,606.8,611.25,2830320,18129.59,77226,411771.0,14.55,2026-07-29
CENTEXT,EQ,29-Jul-2026,18.64,18.55,18.87,18.3,18.47,69003,12.79,347,54313.0,78.71,2026-07-29
CENTRALBK,EQ,29-Jul-2026,30.89,31.2,31.27,30.96,31.19,4099225,1277.44,8946,2097039.0,51.16,2026-07-29
CENTRUM,EQ,29-Jul-2026,23.18,23.28,24.15,22.6,23.26,768658,176.98,2113,445221.0,57.92,2026-07-29
CENTUM,EQ,29-Jul-2026,3455.9,3445.0,3588.0,3445.0,3578.5,40710,1426.66,8982,20569.0,50.53,2026-07-29
CENTURYPLY,EQ,29-Jul-2026,791.15,791.15,805.0,777.55,782.8,80230,629.45,8404,52621.0,65.59,2026-07-29
CERA,EQ,29-Jul-2026,6263.5,6256.5,6297.5,6107.0,6143.0,4372,270.5,1499,2310.0,52.84,2026-07-29
CEREBRAINT,BZ,29-Jul-2026,2.98,3.08,3.08,2.92,2.98,50799,1.52,94,,,2026-07-29
CESC,EQ,29-Jul-2026,163.88,163.71,164.95,162.5,164.12,549777,901.47,9851,307013.0,55.84,2026-07-29
CEWATER,EQ,29-Jul-2026,286.25,288.4,293.9,284.9,291.25,36365,105.96,2545,17818.0,49.0,2026-07-29
CGCL,EQ,29-Jul-2026,228.22,229.95,232.39,219.57,226.55,5648034,12749.09,58616,2214783.0,39.21,2026-07-29
CGPOWER,EQ,29-Jul-2026,844.1,844.1,845.2,825.5,829.5,5215606,43345.08,180999,2941463.0,56.4,2026-07-29
CGRAPHICS,SM,29-Jul-2026,128.9,123.15,133.0,123.15,128.5,24800,32.05,29,19200.0,77.42,2026-07-29
CHALET,EQ,29-Jul-2026,844.15,851.0,858.0,821.55,836.7,99579,831.81,12029,49515.0,49.72,2026-07-29
CHAMBLFERT,EQ,29-Jul-2026,438.4,440.05,453.0,440.05,451.45,687613,3090.5,15637,352210.0,51.22,2026-07-29
CHAMUNDA,SM,29-Jul-2026,43.0,43.0,43.0,43.0,43.0,6000,2.58,2,6000.0,100.0,2026-07-29
CHANDAN,SM,29-Jul-2026,230.4,234.45,244.05,234.45,243.0,38400,92.19,44,27200.0,70.83,2026-07-29
CHAVDA,SM,29-Jul-2026,125.1,128.0,128.0,125.0,125.0,23000,28.89,21,16000.0,69.57,2026-07-29
CHEMBOND,BE,29-Jul-2026,176.45,170.05,175.99,170.0,174.98,2230,3.86,68,,,2026-07-29
CHEMBONDCH,BE,29-Jul-2026,230.78,234.99,238.95,219.25,228.77,15500,34.71,178,,,2026-07-29
CHEMCON,BE,29-Jul-2026,175.91,179.98,179.98,171.0,176.05,8817,15.47,216,,,2026-07-29
CHEMFAB,BE,29-Jul-2026,376.8,375.6,384.45,375.0,378.95,2781,10.52,52,,,2026-07-29
CHEMICAL,EQ,29-Jul-2026,30.16,30.54,30.74,30.16,30.37,212596,64.56,794,155803.0,73.29,2026-07-29
CHEMPLASTS,EQ,29-Jul-2026,202.14,201.25,208.31,201.25,203.35,310797,636.17,7056,176922.0,56.93,2026-07-29
CHENNPETRO,EQ,29-Jul-2026,1180.5,1200.0,1219.9,1176.1,1212.3,908359,10941.52,26468,286535.0,31.54,2026-07-29
CHEVIOT,EQ,29-Jul-2026,1156.9,1159.9,1175.0,1159.9,1166.9,11502,134.03,555,9694.0,84.28,2026-07-29
CHOICEGOLD,EQ,29-Jul-2026,139.92,139.92,140.95,139.8,140.51,1920,2.7,110,853.0,44.43,2026-07-29
CHOICEIN,EQ,29-Jul-2026,796.55,799.95,803.6,792.5,800.1,543689,4343.72,6196,181758.0,33.43,2026-07-29
CHOLAFIN,EQ,29-Jul-2026,1753.0,1805.0,1839.6,1776.2,1802.9,2713486,48976.54,98923,1260218.0,46.44,2026-07-29
CHOLAHLDNG,EQ,29-Jul-2026,1515.0,1528.0,1577.8,1512.9,1517.7,388287,5912.72,25326,284199.0,73.19,2026-07-29
CIEINDIA,EQ,29-Jul-2026,408.3,410.0,417.0,407.55,414.75,205776,848.09,9135,116054.0,56.4,2026-07-29
CIFL,EQ,29-Jul-2026,20.18,20.18,20.69,20.04,20.4,75556,15.29,766,49105.0,64.99,2026-07-29
CINELINE,EQ,29-Jul-2026,80.99,80.99,81.13,80.0,80.51,9926,7.99,187,7024.0,70.76,2026-07-29
CINEVISTA,EQ,29-Jul-2026,15.33,15.45,15.45,14.99,15.12,29356,4.42,115,23762.0,80.94,2026-07-29
CIPLA,EQ,29-Jul-2026,1444.6,1451.0,1491.2,1442.0,1474.3,2192262,32307.77,71746,1209150.0,55.16,2026-07-29
CITIUSINVT,IV,29-Jul-2026,109.28,109.95,110.0,108.86,109.28,60121,66.02,830,50453.0,83.92,2026-07-29
CKKRETAIL,SM,29-Jul-2026,142.95,152.0,156.0,145.2,145.95,96800,144.38,74,39200.0,40.5,2026-07-29
CLASSICEIL,ST,29-Jul-2026,59.7,59.1,59.1,59.1,59.1,1600,0.95,1,1600.0,100.0,2026-07-29
CLAYCRAFT,SM,29-Jul-2026,159.15,159.2,167.75,159.2,165.15,36000,59.19,47,29400.0,81.67,2026-07-29
CLEAN,EQ,29-Jul-2026,730.1,736.45,743.5,726.0,737.3,170309,1257.1,18753,90608.0,53.2,2026-07-29
CLEANMAX,EQ,29-Jul-2026,1317.1,1336.9,1336.9,1292.0,1328.2,134563,1771.86,13887,52964.0,39.36,2026-07-29
CLEDUCATE,BE,29-Jul-2026,56.2,56.21,58.99,55.56,56.3,16530,9.34,132,,,2026-07-29
CLSEL,EQ,29-Jul-2026,277.1,276.25,279.0,275.8,278.7,17223,47.8,620,10670.0,61.95,2026-07-29
CLSL,SM,29-Jul-2026,65.0,65.0,65.0,61.0,62.0,18000,11.57,8,16000.0,88.89,2026-07-29
CMLL,EQ,29-Jul-2026,566.35,584.0,591.75,542.1,561.3,5972962,33650.0,88447,569369.0,9.53,2026-07-29
CMNL,SM,29-Jul-2026,98.5,100.0,101.0,99.0,99.0,3750,3.74,5,2250.0,60.0,2026-07-29
CMPDI,EQ,29-Jul-2026,242.96,244.9,246.36,239.92,244.61,2054599,5008.35,26925,929777.0,45.25,2026-07-29
CMRGREEN,EQ,29-Jul-2026,215.1,215.6,221.0,214.5,215.15,615655,1340.44,8302,332889.0,54.07,2026-07-29
CMRSL,SM,29-Jul-2026,68.2,71.6,71.6,70.0,71.0,12800,9.1,12,11200.0,87.5,2026-07-29
CMSINFO,EQ,29-Jul-2026,271.55,271.75,278.35,271.75,277.65,289596,800.64,8478,172809.0,59.67,2026-07-29
CNL,EQ,29-Jul-2026,1033.4,1033.4,1048.0,981.0,990.85,219865,2200.91,10187,70718.0,32.16,2026-07-29
COALINDIA,EQ,29-Jul-2026,410.15,413.05,413.5,406.25,410.05,9914444,40667.83,95728,6359369.0,64.14,2026-07-29
COASTCORP,EQ,29-Jul-2026,50.04,50.05,51.5,49.61,50.17,74037,37.38,1054,41528.0,56.09,2026-07-29
COCHINSHIP,EQ,29-Jul-2026,1382.6,1389.5,1408.0,1385.5,1403.6,742837,10380.4,26386,363209.0,48.89,2026-07-29
COCKERILL,EQ,29-Jul-2026,8759.5,8802.0,8840.0,8531.5,8678.0,4562,396.04,1527,2444.0,53.57,2026-07-29
COFFEEDAY,BE,29-Jul-2026,30.25,30.25,30.99,30.05,30.62,231892,71.05,720,,,2026-07-29
COFORGE,EQ,29-Jul-2026,1686.0,1720.0,1764.9,1705.2,1714.9,8196676,142337.74,266939,2414012.0,29.45,2026-07-29
COHANCE,EQ,29-Jul-2026,425.75,427.0,433.7,425.25,431.3,245022,1054.61,9161,121671.0,49.66,2026-07-29
COLPAL,EQ,29-Jul-2026,2138.1,2145.9,2213.4,2097.6,2166.4,1771147,38218.48,103650,405134.0,22.87,2026-07-29
COMFINTE,EQ,29-Jul-2026,5.35,5.46,6.3,5.27,6.14,1634160,95.72,1341,812702.0,49.73,2026-07-29
COMMITTED,ST,29-Jul-2026,330.0,335.0,345.0,335.0,344.95,43200,148.63,26,43200.0,100.0,2026-07-29
COMMOIETF,EQ,29-Jul-2026,98.87,99.36,100.08,98.85,99.99,65223,65.06,1426,41682.0,63.91,2026-07-29
COMPINFO,BZ,29-Jul-2026,1.14,1.14,1.18,1.09,1.17,5677,0.07,19,,,2026-07-29
COMPUSOFT,EQ,29-Jul-2026,13.22,13.32,13.41,13.12,13.19,27980,3.69,122,21041.0,75.2,2026-07-29
COMSYN,EQ,29-Jul-2026,179.25,180.3,209.9,179.09,207.92,5499559,10936.61,49809,1274285.0,23.17,2026-07-29
CONCOR,EQ,29-Jul-2026,522.4,525.0,530.5,523.05,525.85,1843068,9705.2,38653,800194.0,43.42,2026-07-29
CONCORDBIO,EQ,29-Jul-2026,1256.1,1263.0,1337.0,1252.3,1330.4,179878,2361.64,19153,94144.0,52.34,2026-07-29
CONFIPET,EQ,29-Jul-2026,77.49,77.9,79.7,77.09,78.28,1713119,1341.23,13963,604158.0,35.27,2026-07-29
CONNPLEX,SM,29-Jul-2026,203.45,204.0,207.0,203.25,203.6,6400,13.14,7,6400.0,100.0,2026-07-29
CONS,EQ,29-Jul-2026,12.23,12.36,12.38,12.34,12.36,42067,5.2,102,42007.0,99.86,2026-07-29
CONSOFINVT,BE,29-Jul-2026,287.54,287.0,290.0,276.0,288.84,24851,71.29,158,,,2026-07-29
CONSUMAXIS,EQ,29-Jul-2026,122.51,122.78,124.0,121.0,122.04,9171,11.3,41,5550.0,60.52,2026-07-29
CONSUMBEES,EQ,29-Jul-2026,132.83,133.65,133.97,133.03,133.71,160890,215.14,1086,113022.0,70.25,2026-07-29
CONSUMER,EQ,29-Jul-2026,11.9,11.95,12.03,11.94,12.01,378670,45.37,313,339580.0,89.68,2026-07-29
CONSUMIETF,EQ,29-Jul-2026,123.27,123.7,124.7,123.05,124.32,19624,24.41,210,15546.0,79.22,2026-07-29
CONTI,SM,29-Jul-2026,10.55,11.05,11.05,11.05,11.05,3333,0.37,1,3333.0,100.0,2026-07-29
CONTROLPR,EQ,29-Jul-2026,589.85,590.45,594.95,583.1,587.55,17920,105.31,1109,10451.0,58.32,2026-07-29
COOLCAPS,ST,29-Jul-2026,20.8,20.0,21.2,20.0,21.05,61250,12.61,40,57500.0,93.88,2026-07-29
CORALFINAC,EQ,29-Jul-2026,33.67,33.79,35.11,32.38,33.6,190841,64.17,777,51441.0,26.95,2026-07-29
CORDELIA,EQ,29-Jul-2026,804.2,804.0,817.9,797.15,806.2,109234,882.73,5421,37357.0,34.2,2026-07-29
CORDSCABLE,BE,29-Jul-2026,204.92,204.92,206.0,202.16,202.48,8254,16.74,128,,,2026-07-29
COROMANDEL,EQ,29-Jul-2026,2026.8,2036.9,2074.0,2029.6,2037.6,116341,2379.99,27805,46345.0,39.84,2026-07-29
CORONA,EQ,29-Jul-2026,2069.7,2090.0,2128.9,2063.4,2107.4,48201,1015.05,11418,27508.0,57.07,2026-07-29
COSMOFIRST,EQ,29-Jul-2026,890.3,900.15,905.7,872.0,889.1,84224,745.41,10281,43955.0,52.19,2026-07-29
COUNCODOS,EQ,29-Jul-2026,6.3,6.36,6.55,6.12,6.2,62890,3.95,179,52058.0,82.78,2026-07-29
CPCAP,BE,29-Jul-2026,108.31,107.77,113.55,107.77,113.41,64389,71.87,140,,,2026-07-29
CPEDU,EQ,29-Jul-2026,194.2,195.8,225.88,195.8,212.52,253592,551.49,4773,88911.0,35.06,2026-07-29
CPL,EQ,29-Jul-2026,70.67,70.1,74.0,70.1,71.02,69527,49.97,962,32645.0,46.95,2026-07-29
CPPLUS,EQ,29-Jul-2026,3431.2,3457.0,3468.0,3287.1,3425.0,205557,6960.73,25800,92733.0,45.11,2026-07-29
CPSEETF,EQ,29-Jul-2026,94.27,94.27,95.26,93.7,94.03,1019834,958.12,8793,586761.0,57.53,2026-07-29
CRAFTSMAN,EQ,29-Jul-2026,9290.0,9300.5,10037.0,9282.5,9913.0,429854,42059.07,96476,148667.0,34.59,2026-07-29
CRAMC,EQ,29-Jul-2026,262.41,262.55,264.48,260.0,261.54,271745,712.04,7481,123264.0,45.36,2026-07-29
CRAYONS,SM,29-Jul-2026,25.25,26.1,26.1,26.0,26.0,3000,0.78,3,3000.0,100.0,2026-07-29
CREATIVEYE,EQ,29-Jul-2026,5.98,5.98,6.5,5.98,6.02,8851,0.53,106,7444.0,84.1,2026-07-29
CREDITACC,EQ,29-Jul-2026,1576.6,1590.0,1596.0,1562.1,1590.4,170179,2699.76,20796,89025.0,52.31,2026-07-29
CREST,EQ,29-Jul-2026,377.7,374.95,381.9,371.0,373.2,1667,6.25,218,432.0,25.91,2026-07-29
CRISIL,EQ,29-Jul-2026,4489.9,4499.0,4540.0,4388.6,4448.7,50403,2241.28,11095,23565.0,46.75,2026-07-29
CRIZAC,EQ,29-Jul-2026,190.33,190.9,193.8,190.41,191.9,153987,295.58,6604,84067.0,54.59,2026-07-29
CROMPTON,EQ,29-Jul-2026,247.4,247.7,266.5,247.7,264.25,6188364,16130.71,56798,1917280.0,30.98,2026-07-29
CROWN,EQ,29-Jul-2026,112.58,114.06,114.06,108.0,111.18,22061,24.31,514,14648.0,66.4,2026-07-29
CSBBANK,EQ,29-Jul-2026,339.2,339.9,341.1,332.5,333.0,420485,1411.89,11081,221505.0,52.68,2026-07-29
CSLFINANCE,EQ,29-Jul-2026,214.4,214.03,216.91,210.0,211.0,19682,41.88,715,14039.0,71.33,2026-07-29
CSM,EQ,29-Jul-2026,100.6,100.0,101.88,94.27,96.14,713856,693.83,4928,430410.0,60.29,2026-07-29
CSSL,SM,29-Jul-2026,101.25,101.0,101.0,100.0,100.0,5000,5.02,5,5000.0,100.0,2026-07-29
CTE,EQ,29-Jul-2026,31.61,31.61,32.49,30.8,30.88,49328,15.44,245,44771.0,90.76,2026-07-29
CUB,EQ,29-Jul-2026,238.14,236.0,236.0,224.69,228.86,7988538,18278.75,94948,3476312.0,43.52,2026-07-29
CUBEINVIT,IV,29-Jul-2026,155.0,156.0,156.01,156.0,156.01,875000,1365.09,5,875000.0,100.0,2026-07-29
CUBEXTUB,EQ,29-Jul-2026,76.72,78.0,79.19,76.14,76.99,45539,35.24,606,24992.0,54.88,2026-07-29
CUMMINSIND,EQ,29-Jul-2026,5455.5,5452.5,5477.5,5371.5,5383.0,453704,24523.93,31362,250070.0,55.12,2026-07-29
CUPID,EQ,29-Jul-2026,231.83,233.8,234.25,226.04,233.77,35604405,82666.61,163342,7824820.0,21.98,2026-07-29
CURAA,EQ,29-Jul-2026,72.35,72.35,77.0,70.6,77.0,445,0.32,7,445.0,100.0,2026-07-29
CYBERMEDIA,BE,29-Jul-2026,15.5,15.81,16.27,15.42,15.65,33850,5.28,45,,,2026-07-29
CYBERTECH,BE,29-Jul-2026,139.99,138.01,141.29,138.01,138.95,10026,13.97,192,,,2026-07-29
CYIENT,EQ,29-Jul-2026,838.0,848.8,879.7,845.0,867.45,1337269,11599.46,45915,757194.0,56.62,2026-07-29
CYIENTDLM,EQ,29-Jul-2026,681.95,685.0,690.1,670.6,681.75,263311,1791.33,14455,121320.0,46.07,2026-07-29
DABUR,EQ,29-Jul-2026,424.6,427.4,435.3,427.0,433.7,2039461,8821.19,26328,809273.0,39.68,2026-07-29
DAICHI,BE,29-Jul-2026,304.75,309.95,314.5,289.55,299.0,4877,14.86,90,,,2026-07-29
DALBHARAT,EQ,29-Jul-2026,1811.2,1814.0,1840.3,1813.8,1823.0,126193,2302.99,16812,53270.0,42.21,2026-07-29
DALMIASUG,EQ,29-Jul-2026,352.4,352.25,366.35,352.0,357.6,102140,366.89,1967,48599.0,47.58,2026-07-29
DAMCAPITAL,EQ,29-Jul-2026,154.39,157.6,157.6,153.55,154.59,271696,422.11,4022,170210.0,62.65,2026-07-29
DAMODARIND,BE,29-Jul-2026,27.98,27.8,28.5,27.8,28.48,4279,1.2,12,,,2026-07-29
DANGEE,EQ,29-Jul-2026,2.93,2.96,2.99,2.82,2.97,169367,4.95,250,98390.0,58.09,2026-07-29
DANISH,SM,29-Jul-2026,806.9,801.0,839.95,801.0,821.7,27900,228.73,124,22500.0,80.65,2026-07-29
DATAMATICS,EQ,29-Jul-2026,840.0,840.0,856.45,836.1,839.25,48729,412.57,3720,20686.0,42.45,2026-07-29
DATAPATTNS,EQ,29-Jul-2026,4381.7,4401.0,4450.0,4330.1,4436.6,691607,30455.1,57101,124043.0,17.94,2026-07-29
DAVANGERE,EQ,29-Jul-2026,3.17,3.18,3.2,3.15,3.19,6372696,202.72,2676,5436727.0,85.31,2026-07-29
DBCORP,EQ,29-Jul-2026,208.51,208.7,213.2,208.0,210.57,146062,307.94,2736,94170.0,64.47,2026-07-29
DBEIL,BE,29-Jul-2026,7.52,7.37,7.89,7.15,7.61,177682,13.1,364,,,2026-07-29
DBL,EQ,29-Jul-2026,437.55,434.2,435.3,429.5,431.15,201585,870.01,6197,63683.0,31.59,2026-07-29
DBOL,EQ,29-Jul-2026,98.75,99.0,102.4,99.0,100.39,107842,108.55,1108,73896.0,68.52,2026-07-29
DBREALTY,BE,29-Jul-2026,113.09,115.0,115.5,113.2,113.72,288086,330.09,901,,,2026-07-29
DBSTOCKBRO,BE,29-Jul-2026,34.94,34.59,34.59,33.26,34.5,366,0.13,22,,,2026-07-29
DCAL,EQ,29-Jul-2026,182.07,183.9,188.99,182.18,187.99,238723,442.39,3541,128687.0,53.91,2026-07-29
DCBBANK,EQ,29-Jul-2026,195.1,195.1,195.35,190.64,192.56,1048964,2022.41,18598,514069.0,49.01,2026-07-29
DCCL,SM,29-Jul-2026,49.0,49.0,49.0,49.0,49.0,2000,0.98,1,2000.0,100.0,2026-07-29
DCG,SM,29-Jul-2026,53.75,54.0,55.0,51.75,54.0,13200,7.08,11,12000.0,90.91,2026-07-29
DCI,EQ,29-Jul-2026,286.85,296.85,296.85,270.3,272.75,12058,33.63,688,6557.0,54.38,2026-07-29
DCM,BE,29-Jul-2026,89.9,90.0,90.0,88.0,89.7,474,0.42,10,,,2026-07-29
DCMFINSERV,EQ,29-Jul-2026,5.26,5.27,5.5,5.07,5.16,4838,0.25,41,4707.0,97.29,2026-07-29
DCMNVL,BE,29-Jul-2026,140.56,140.55,142.89,135.0,139.45,11828,16.31,82,,,2026-07-29
DCMSHRIRAM,EQ,29-Jul-2026,1049.9,1121.1,1187.5,1033.4,1051.2,2643662,29112.21,114321,358188.0,13.55,2026-07-29
DCMSIL,BE,29-Jul-2026,77.03,76.0,76.99,75.5,76.38,17028,12.93,79,,,2026-07-29
DCMSRIND,EQ,29-Jul-2026,39.41,40.0,41.69,39.3,39.68,152348,61.45,1814,51608.0,33.88,2026-07-29
DCW,EQ,29-Jul-2026,46.0,46.27,47.58,46.0,47.06,935992,439.33,4291,445668.0,47.61,2026-07-29
DCXINDIA,EQ,29-Jul-2026,178.71,180.1,181.5,178.25,179.89,709621,1278.67,7618,366468.0,51.64,2026-07-29
DDEVPLSTIK,EQ,29-Jul-2026,272.25,271.95,275.65,271.95,273.4,45351,124.21,3827,24337.0,53.66,2026-07-29
DECCANCE,EQ,29-Jul-2026,545.2,546.1,554.0,545.85,550.35,4642,25.45,261,2968.0,63.94,2026-07-29
DECCANTRAN,SM,29-Jul-2026,24.0,24.0,24.0,22.85,23.25,8400,1.96,7,6000.0,71.43,2026-07-29
DECNGOLD,EQ,29-Jul-2026,194.83,194.7,195.21,190.0,192.03,822377,1579.36,8453,306983.0,37.33,2026-07-29
DEEDEV,BE,29-Jul-2026,669.75,661.0,684.0,649.0,660.0,70181,463.54,1199,,,2026-07-29
DEEPAKFERT,EQ,29-Jul-2026,1647.4,1659.0,1668.0,1613.6,1626.3,370340,6088.0,30851,153652.0,41.49,2026-07-29
DEEPAKNTR,EQ,29-Jul-2026,1651.3,1654.6,1686.3,1652.2,1674.6,54921,920.54,7396,26106.0,47.53,2026-07-29
DEEPINDS,EQ,29-Jul-2026,506.95,512.7,559.0,512.7,542.95,2851084,15532.29,63475,744767.0,26.12,2026-07-29
DEFENCE,EQ,29-Jul-2026,77.11,77.5,77.58,76.94,77.47,74355,57.52,427,57748.0,77.67,2026-07-29
DELAPLEX,SM,29-Jul-2026,96.0,95.0,97.9,94.0,97.9,7200,6.87,11,5400.0,75.0,2026-07-29
DELHIVERY,EQ,29-Jul-2026,472.2,476.0,476.5,465.2,470.0,4042367,19009.2,44195,2507239.0,62.02,2026-07-29
DELPHIFX,BE,29-Jul-2026,6.77,6.99,6.99,6.52,6.83,90591,6.19,262,,,2026-07-29
DELTACORP,EQ,29-Jul-2026,62.68,62.81,63.72,62.68,62.87,634965,400.72,3055,350737.0,55.24,2026-07-29
DELTAMAGNT,EQ,29-Jul-2026,61.22,59.9,59.9,57.25,58.9,37615,22.09,474,23538.0,62.58,2026-07-29
DELTIC,SM,29-Jul-2026,36.15,36.15,37.25,35.2,37.25,11000,4.04,10,10000.0,90.91,2026-07-29
DEN,EQ,29-Jul-2026,27.23,27.6,27.66,27.21,27.58,203466,55.8,1152,111545.0,54.82,2026-07-29
DENEERS,SM,29-Jul-2026,191.95,187.5,190.95,185.05,186.25,16800,31.54,22,10200.0,60.71,2026-07-29
DENORA,EQ,29-Jul-2026,862.5,856.2,871.6,851.05,863.55,2701,23.31,415,1742.0,64.49,2026-07-29
DENTA,EQ,29-Jul-2026,335.2,338.9,338.9,331.15,337.75,83372,279.09,2945,37372.0,44.83,2026-07-29
DENTALKART,SM,29-Jul-2026,424.95,427.05,427.05,413.0,413.05,18750,77.61,47,13500.0,72.0,2026-07-29
DEVIT,EQ,29-Jul-2026,27.77,27.69,28.6,27.0,27.39,64854,17.85,466,40430.0,62.34,2026-07-29
DEVX,EQ,29-Jul-2026,34.45,34.28,34.7,33.5,34.19,77026,26.39,1871,63709.0,82.71,2026-07-29
DEVYANI,EQ,29-Jul-2026,113.72,115.0,124.0,114.25,118.36,30591539,36820.61,177227,3547059.0,11.59,2026-07-29
DGCONTENT,EQ,29-Jul-2026,24.62,25.5,25.76,24.11,25.33,15002,3.8,66,13737.0,91.57,2026-07-29
DHAMPURSUG,EQ,29-Jul-2026,141.33,141.47,141.71,137.11,137.44,223942,311.46,6344,148357.0,66.25,2026-07-29
DHANBANK,EQ,29-Jul-2026,34.13,34.8,35.97,31.11,31.98,11854112,3935.71,36851,2051331.0,17.3,2026-07-29
DHANLAXMI,SM,29-Jul-2026,25.4,28.45,28.9,26.05,27.0,16000,4.4,8,12000.0,75.0,2026-07-29
DHANSA,SM,29-Jul-2026,18.6,19.5,19.5,18.5,18.6,30000,5.66,14,24000.0,80.0,2026-07-29
DHANUKA,EQ,29-Jul-2026,999.8,999.8,1022.0,994.6,1018.0,55299,557.02,3632,40775.0,73.74,2026-07-29
DHARAN,BZ,29-Jul-2026,0.15,0.16,0.16,0.15,0.15,11212548,17.09,931,,,2026-07-29
DHARARAIL,ST,29-Jul-2026,131.95,131.95,131.95,126.5,126.5,2000,2.58,2,2000.0,100.0,2026-07-29
DHARIWAL,SM,29-Jul-2026,32.1,32.0,33.0,31.5,31.5,33000,10.65,9,30000.0,90.91,2026-07-29
DHARMAJ,EQ,29-Jul-2026,258.25,258.75,276.65,255.4,265.35,50070,133.89,2149,23524.0,46.98,2026-07-29
DHRUV,BE,29-Jul-2026,23.77,24.0,24.8,23.8,24.68,1197,0.29,18,,,2026-07-29
DHUNINV,EQ,29-Jul-2026,862.8,870.0,870.0,860.05,863.25,452,3.92,74,402.0,88.94,2026-07-29
DIACABS,EQ,29-Jul-2026,321.39,312.01,337.45,312.01,337.45,9126492,29610.85,68296,4217082.0,46.21,2026-07-29
DIAMINESQ,EQ,29-Jul-2026,240.67,246.6,247.19,241.49,241.96,4518,11.04,237,3300.0,73.04,2026-07-29
DIAMONDYD,EQ,29-Jul-2026,1073.5,1092.0,1133.9,1070.0,1126.6,27901,309.53,2408,13178.0,47.23,2026-07-29
DICIND,EQ,29-Jul-2026,498.05,513.0,527.55,505.6,513.65,3417,17.66,115,2403.0,70.32,2026-07-29
DIFFNKG,EQ,29-Jul-2026,395.35,395.35,397.1,386.9,388.15,23505,91.77,1410,13157.0,55.98,2026-07-29
DIGIDRIVE,EQ,29-Jul-2026,17.91,17.91,17.91,17.6,17.67,14462,2.56,134,11423.0,78.99,2026-07-29
DIGIKORE,SM,29-Jul-2026,46.7,47.15,47.75,45.2,46.1,228800,107.75,191,180000.0,78.67,2026-07-29
DIGISPICE,BE,29-Jul-2026,17.86,17.65,18.44,17.65,18.18,53688,9.73,163,,,2026-07-29
DIGITIDE,EQ,29-Jul-2026,97.44,98.18,101.5,97.32,100.19,174192,172.23,2123,66849.0,38.38,2026-07-29
DIGJAMLMTD,EQ,29-Jul-2026,42.79,43.3,48.99,43.3,46.51,70610,32.5,508,50238.0,71.15,2026-07-29
DISAQ,EQ,29-Jul-2026,12296.0,12346.0,12346.0,12160.0,12263.0,443,54.29,360,90.0,20.32,2026-07-29
DISHTV,BE,29-Jul-2026,2.82,2.82,2.86,2.8,2.83,745622,21.07,809,,,2026-07-29
DIVGIITTS,EQ,29-Jul-2026,959.1,954.9,974.0,950.3,960.35,22306,214.8,1915,11936.0,53.51,2026-07-29
DIVIDEND,EQ,29-Jul-2026,35.66,35.8,36.02,35.8,35.88,46395,16.69,52,29751.0,64.13,2026-07-29
DIVINEHIRA,ST,29-Jul-2026,107.45,107.5,109.0,107.0,109.0,3600,3.88,3,2400.0,66.67,2026-07-29
DIVISLAB,EQ,29-Jul-2026,7425.0,7428.5,7818.5,7428.5,7784.5,1158131,89190.97,85959,695323.0,60.04,2026-07-29
DIVOPPBEES,EQ,29-Jul-2026,76.99,78.0,78.44,76.54,78.26,86002,67.32,665,51228.0,59.57,2026-07-29
DIVYADHAN,ST,29-Jul-2026,53.75,53.75,53.75,53.75,53.75,2000,1.08,1,2000.0,100.0,2026-07-29
DIXON,EQ,29-Jul-2026,13903.0,13950.0,14325.0,13877.0,14275.0,423218,59941.44,51693,161317.0,38.12,2026-07-29
DJML,EQ,29-Jul-2026,117.14,116.95,117.9,112.26,115.47,346441,402.61,4196,69115.0,19.95,2026-07-29
DKEGL,SM,29-Jul-2026,65.95,62.35,70.75,62.35,70.75,4500,2.99,3,1500.0,33.33,2026-07-29
DLF,EQ,29-Jul-2026,663.05,668.0,672.0,662.45,670.25,4053062,27106.69,48074,2127695.0,52.5,2026-07-29
DLINKINDIA,EQ,29-Jul-2026,450.75,450.5,453.3,445.0,448.3,52935,237.34,2868,26959.0,50.93,2026-07-29
DMART,EQ,29-Jul-2026,3846.6,3859.3,3879.8,3826.0,3848.1,629784,24253.03,60635,307262.0,48.79,2026-07-29
DMCC,EQ,29-Jul-2026,266.7,264.0,269.8,260.5,266.95,13642,36.28,721,8505.0,62.34,2026-07-29
DNAMEDIA,EQ,29-Jul-2026,2.84,2.78,3.18,2.72,2.95,240488,7.05,209,108959.0,45.31,2026-07-29
DODLA,EQ,29-Jul-2026,1043.2,1137.0,1137.0,1041.0,1060.4,69387,743.64,9298,19100.0,27.53,2026-07-29
DOLATALGO,EQ,29-Jul-2026,68.49,68.51,69.11,68.1,68.84,47654,32.78,853,32818.0,68.87,2026-07-29
DOLLAR,EQ,29-Jul-2026,253.8,255.2,258.05,252.6,256.45,215053,549.96,4715,159826.0,74.32,2026-07-29
DOLPHIN,EQ,29-Jul-2026,374.75,374.75,382.0,374.0,375.15,3260,12.26,218,2753.0,84.45,2026-07-29
DOMS,EQ,29-Jul-2026,2273.7,2273.2,2310.0,2268.3,2280.4,54391,1242.3,6623,33479.0,61.55,2026-07-29
DONEAR,EQ,29-Jul-2026,84.34,84.36,85.45,83.52,83.94,7174,6.04,146,6080.0,84.75,2026-07-29
DPABHUSHAN,EQ,29-Jul-2026,1384.0,1376.85,1428.95,1376.85,1402.65,39402,554.23,3316,13818.0,35.07,2026-07-29
DPEL,SM,29-Jul-2026,570.95,570.0,572.95,561.0,563.6,38000,214.86,71,22000.0,57.89,2026-07-29
DPSCLTD,BE,29-Jul-2026,7.33,7.47,7.47,7.2,7.32,55875,4.09,303,,,2026-07-29
DPWIRES,BE,29-Jul-2026,165.73,165.0,167.0,162.9,164.62,4999,8.27,126,,,2026-07-29
DRAGARWQ,EQ,29-Jul-2026,5052.0,5070.0,5070.0,5005.0,5006.5,515,25.89,114,418.0,81.17,2026-07-29
DRCSYSTEMS,EQ,29-Jul-2026,13.29,13.63,13.74,13.36,13.58,17689,2.41,146,13665.0,77.25,2026-07-29
DREAMFOLKS,EQ,29-Jul-2026,66.95,66.95,68.48,66.5,67.46,43592,29.45,925,23494.0,53.9,2026-07-29
DREDGECORP,EQ,29-Jul-2026,1064.4,1072.0,1110.0,1060.6,1102.4,195638,2136.24,12842,107182.0,54.79,2026-07-29
DRONE,ST,29-Jul-2026,39.8,39.4,40.0,39.3,40.0,8500,3.36,14,7500.0,88.24,2026-07-29
DRREDDY,EQ,29-Jul-2026,1135.6,1144.0,1147.8,1131.1,1142.3,1280586,14602.76,49186,532744.0,41.6,2026-07-29
DSFCL,BE,29-Jul-2026,27.0,26.98,26.98,26.53,26.55,7773,2.07,44,,,2026-07-29
DSSL,EQ,29-Jul-2026,1195.3,1248.9,1255.0,1216.7,1241.1,91434,1139.53,4249,34420.0,37.64,2026-07-29
DTIL,EQ,29-Jul-2026,128.58,131.0,131.0,129.0,129.07,1705,2.21,50,1574.0,92.32,2026-07-29
DUCOL,SM,29-Jul-2026,106.0,105.0,105.5,104.5,104.55,12800,13.39,11,11200.0,87.5,2026-07-29
DUCON,EQ,29-Jul-2026,3.01,3.13,3.13,2.81,2.97,213122,6.42,333,145824.0,68.42,2026-07-29
DUGLOBAL,SM,29-Jul-2026,26.0,25.0,25.8,25.0,25.8,7500,1.92,3,7500.0,100.0,2026-07-29
DURLAX,SM,29-Jul-2026,52.65,51.05,57.0,51.05,55.25,194000,108.35,65,116000.0,59.79,2026-07-29
DVL,EQ,29-Jul-2026,238.18,239.0,244.83,236.0,237.5,98274,234.76,724,87745.0,89.29,2026-07-29
DWARKESH,EQ,29-Jul-2026,41.42,41.0,41.0,37.85,38.0,2093942,818.2,24383,1164618.0,55.62,2026-07-29
DYCL,EQ,29-Jul-2026,394.65,397.0,399.4,391.0,393.9,306914,1211.43,7897,94584.0,30.82,2026-07-29
DYNAMATECH,EQ,29-Jul-2026,10343.0,10373.0,10605.0,10289.0,10331.0,5786,604.52,2243,2177.0,37.63,2026-07-29
DYNAMIC,ST,29-Jul-2026,135.8,135.8,142.4,135.8,138.05,5500,7.73,11,4500.0,81.82,2026-07-29
DYNPRO,EQ,29-Jul-2026,238.22,238.22,255.0,238.22,251.37,41161,102.92,1022,30573.0,74.28,2026-07-29
E2E,EQ,29-Jul-2026,515.4,507.0,529.9,489.65,491.45,5202149,25891.36,55954,1793275.0,34.47,2026-07-29
E2ERAIL,ST,29-Jul-2026,275.75,278.5,285.0,271.05,274.35,15200,41.9,18,14400.0,94.74,2026-07-29
EASEMYTRIP,EQ,29-Jul-2026,6.59,6.59,6.75,6.56,6.73,10223676,682.36,5993,4432289.0,43.35,2026-07-29
EASTSILK,BE,29-Jul-2026,56.36,55.5,55.5,53.55,55.45,78,0.04,4,,,2026-07-29
EBANKNIFTY,EQ,29-Jul-2026,57.23,57.31,57.87,57.29,57.84,584,0.34,21,504.0,86.3,2026-07-29
EBBETF0430,EQ,29-Jul-2026,1611.3,1617.0,1617.0,1607.99,1611.95,29793,479.67,1707,19737.0,66.25,2026-07-29
EBBETF0431,EQ,29-Jul-2026,1442.74,1434.56,1443.75,1432.62,1442.31,3003,43.27,110,1971.0,65.63,2026-07-29
EBBETF0433,EQ,29-Jul-2026,1319.07,1319.07,1319.07,1314.02,1317.87,2058,27.11,100,1669.0,81.1,2026-07-29
EBGNG,EQ,29-Jul-2026,577.3,574.55,604.0,556.0,560.5,593512,3446.0,20887,298304.0,50.26,2026-07-29
ECAPINSURE,EQ,29-Jul-2026,23.89,24.0,24.1,23.72,23.83,18674,4.45,202,15459.0,82.78,2026-07-29
ECLERX,EQ,29-Jul-2026,1897.7,1914.5,1964.4,1864.6,1951.8,335707,6491.74,26740,126393.0,37.65,2026-07-29
ECOLINE,ST,29-Jul-2026,196.0,195.95,195.95,195.95,195.95,1000,1.96,1,1000.0,100.0,2026-07-29
ECOSMOBLTY,BE,29-Jul-2026,129.92,130.56,133.0,128.0,131.92,24215,31.71,264,,,2026-07-29
EDELWEISS,EQ,29-Jul-2026,114.08,115.5,116.75,113.41,116.1,4015932,4609.43,25763,1944426.0,48.42,2026-07-29
EEPL,SM,29-Jul-2026,103.95,103.05,103.05,102.05,102.15,6000,6.15,6,3000.0,50.0,2026-07-29
EFACTOR,SM,29-Jul-2026,176.0,176.0,176.0,167.0,169.3,15200,26.4,24,13600.0,89.47,2026-07-29
EFCIL,EQ,29-Jul-2026,197.89,199.86,203.0,198.0,201.0,149832,299.5,2777,84526.0,56.41,2026-07-29
EFFWA,ST,29-Jul-2026,375.0,381.85,381.85,362.0,375.1,11600,43.2,21,10000.0,86.21,2026-07-29
EFORCE,SM,29-Jul-2026,20.9,20.65,22.0,20.65,22.0,2400,0.51,2,1200.0,50.0,2026-07-29
EGOLD,EQ,29-Jul-2026,141.3,141.35,141.65,140.8,141.35,50362,71.2,306,38255.0,75.96,2026-07-29
EICHERMOT,EQ,29-Jul-2026,7836.0,7891.0,7915.0,7751.0,7779.0,522935,40853.7,46817,313975.0,60.04,2026-07-29
EIDPARRY,EQ,29-Jul-2026,768.05,764.05,784.0,761.45,778.9,208917,1618.71,14221,113278.0,54.22,2026-07-29
EIEL,EQ,29-Jul-2026,216.45,216.49,219.9,215.2,216.07,475163,1032.54,7172,188083.0,39.58,2026-07-29
EIFFL,BE,29-Jul-2026,314.95,316.5,324.5,311.0,322.7,4581,14.62,46,,,2026-07-29
EIHAHOTELS,EQ,29-Jul-2026,309.45,309.05,322.0,307.8,315.9,26125,82.36,1237,11017.0,42.17,2026-07-29
EIHOTEL,EQ,29-Jul-2026,325.5,326.05,337.9,326.05,335.75,285086,953.87,10297,89461.0,31.38,2026-07-29
EIMCOELECO,EQ,29-Jul-2026,1798.5,1806.1,1817.9,1783.0,1791.8,10969,197.82,1775,6103.0,55.64,2026-07-29
EKC,EQ,29-Jul-2026,107.25,107.25,109.39,106.0,107.22,301383,323.54,3524,164959.0,54.73,2026-07-29
ELANTAS,EQ,29-Jul-2026,9310.0,9397.0,9601.0,9309.0,9556.0,321,30.47,102,226.0,70.4,2026-07-29
ELCIDIN,EQ,29-Jul-2026,110900.0,109000.0,112000.0,109000.0,112000.0,12,13.22,12,10.0,83.33,2026-07-29
ELDEHSG,EQ,29-Jul-2026,778.1,782.5,792.45,780.0,788.7,804,6.32,46,681.0,84.7,2026-07-29
ELECON,EQ,29-Jul-2026,414.85,416.4,428.0,416.4,423.75,477598,2013.29,15988,273730.0,57.31,2026-07-29
ELECTCAST,EQ,29-Jul-2026,71.48,71.4,72.5,71.4,71.97,736508,530.29,6253,413753.0,56.18,2026-07-29
ELECTHERM,EQ,29-Jul-2026,1016.1,1027.9,1027.9,1001.0,1008.7,7401,75.07,632,4043.0,54.63,2026-07-29
ELGIEQUIP,EQ,29-Jul-2026,569.45,571.1,581.0,568.1,577.15,111425,640.51,10062,57899.0,51.96,2026-07-29
ELGIRUBCO,EQ,29-Jul-2026,55.12,54.8,59.49,54.8,58.05,37535,21.38,445,27399.0,73.0,2026-07-29
ELGNZ,SM,29-Jul-2026,101.75,105.0,106.0,103.0,104.5,22000,22.98,17,16000.0,72.73,2026-07-29
ELIN,EQ,29-Jul-2026,100.99,101.74,102.45,99.51,100.55,87538,88.0,1175,52504.0,59.98,2026-07-29
ELIQUID,EQ,29-Jul-2026,1041.19,1041.34,1041.36,1041.34,1041.35,33220,345.94,22,14043.0,42.27,2026-07-29
ELITECON,EQ,29-Jul-2026,15.81,16.05,16.09,15.63,15.81,949214,150.59,3217,573955.0,60.47,2026-07-29
ELLEN,EQ,29-Jul-2026,274.85,276.9,278.9,268.95,270.8,247072,677.43,4454,132884.0,53.78,2026-07-29
ELM250,EQ,29-Jul-2026,16.55,16.63,16.73,16.55,16.58,351872,58.81,166,314063.0,89.25,2026-07-29
ELPROINTL,EQ,29-Jul-2026,177.18,177.0,177.98,176.31,176.97,83896,148.49,377,76380.0,91.04,2026-07-29
EMAMILTD,EQ,29-Jul-2026,407.1,407.4,414.8,406.4,407.85,440494,1804.03,18600,263817.0,59.89,2026-07-29
EMAMIPAP,BE,29-Jul-2026,106.67,103.0,111.0,102.0,106.48,127672,136.02,881,,,2026-07-29
EMAMIREAL,BE,29-Jul-2026,78.19,81.0,81.0,76.3,78.55,6971,5.43,52,,,2026-07-29
EMAPARTNER,SM,29-Jul-2026,80.5,80.5,83.8,80.5,83.4,7000,5.78,7,6000.0,85.71,2026-07-29
EMBASSY,RR,29-Jul-2026,435.94,436.2,439.7,435.15,437.06,445889,1952.64,23209,413833.0,92.81,2026-07-29
EMBDL,EQ,29-Jul-2026,62.12,62.14,62.44,61.41,62.04,2606314,1613.61,9412,1319230.0,50.62,2026-07-29
EMCURE,EQ,29-Jul-2026,1892.2,1892.2,1918.0,1880.0,1903.7,87477,1657.77,17339,49041.0,56.06,2026-07-29
EMETAL,EQ,29-Jul-2026,12.41,12.9,12.9,12.51,12.74,1463,0.19,27,1198.0,81.89,2026-07-29
EMIL,EQ,29-Jul-2026,126.94,127.15,133.99,127.15,132.46,1195900,1572.97,16724,637494.0,53.31,2026-07-29
EMKAY,EQ,29-Jul-2026,230.8,234.0,241.85,233.85,240.85,20259,48.32,1192,11481.0,56.67,2026-07-29
EMKAYTOOLS,SM,29-Jul-2026,90.05,90.05,90.05,88.0,90.05,2400,2.13,10,2250.0,93.75,2026-07-29
EMMBI,BE,29-Jul-2026,87.87,88.3,89.0,85.31,86.75,5426,4.71,72,,,2026-07-29
EMMIL,SM,29-Jul-2026,117.3,117.0,119.8,113.25,115.6,16500,19.11,57,12500.0,75.76,2026-07-29
EMMVEE,EQ,29-Jul-2026,328.85,330.95,331.75,316.0,316.7,1950268,6256.97,33164,912057.0,46.77,2026-07-29
EMPOWER,BE,29-Jul-2026,2.42,2.45,2.45,2.43,2.44,1967180,47.94,1424,,,2026-07-29
EMSLIMITED,EQ,29-Jul-2026,388.95,389.0,398.55,388.9,396.1,155018,611.79,5021,50311.0,32.45,2026-07-29
EMUDHRA,EQ,29-Jul-2026,460.1,460.1,468.95,451.5,454.4,172681,795.33,6382,106631.0,61.75,2026-07-29
EMULTIMQ,EQ,29-Jul-2026,40.57,40.77,40.8,40.44,40.76,7361,3.0,127,6278.0,85.29,2026-07-29
ENCOMPAS,SM,29-Jul-2026,230.0,233.1,247.5,230.0,246.1,27600,65.43,36,22400.0,81.16,2026-07-29
ENDURANCE,EQ,29-Jul-2026,2707.1,2735.0,2794.0,2712.8,2783.3,113244,3132.27,16576,67832.0,59.9,2026-07-29
ENERGY,EQ,29-Jul-2026,38.35,38.5,38.54,38.12,38.36,963129,368.18,1427,745231.0,77.38,2026-07-29
ENERGYDEV,EQ,29-Jul-2026,16.98,16.66,17.39,16.66,16.94,10182,1.74,144,6314.0,62.01,2026-07-29
ENEXT50,EQ,29-Jul-2026,70.82,71.69,72.57,71.69,72.57,552,0.4,5,501.0,90.76,2026-07-29
ENFUSE,SM,29-Jul-2026,165.0,166.7,167.9,164.0,164.5,5400,8.99,9,4200.0,77.78,2026-07-29
ENGINERSIN,EQ,29-Jul-2026,222.59,223.0,226.5,222.91,225.56,614767,1383.32,10892,268144.0,43.62,2026-07-29
ENIFTY,EQ,29-Jul-2026,24.19,24.79,24.79,24.24,24.41,3134,0.77,59,2883.0,91.99,2026-07-29
ENIL,EQ,29-Jul-2026,105.89,106.41,108.0,105.51,107.82,7500,8.04,204,5591.0,74.55,2026-07-29
ENRIN,EQ,29-Jul-2026,3180.9,3165.0,3229.0,3143.5,3170.7,306479,9753.27,37283,153656.0,50.14,2026-07-29
ENSER,SM,29-Jul-2026,13.85,15.0,15.0,13.15,13.4,35000,4.85,7,25000.0,71.43,2026-07-29
ENTERO,EQ,29-Jul-2026,1235.8,1235.8,1255.5,1215.3,1222.2,41896,516.19,5089,20273.0,48.39,2026-07-29
ENVIRO,SM,29-Jul-2026,77.95,77.5,81.7,77.5,80.45,16000,12.74,14,14000.0,87.5,2026-07-29
EPACK,EQ,29-Jul-2026,231.83,232.0,235.54,230.21,233.36,295701,687.72,4515,153481.0,51.9,2026-07-29
EPACKPEB,EQ,29-Jul-2026,253.19,256.0,272.49,253.61,263.71,1637690,4351.91,26392,561633.0,34.29,2026-07-29
EPIGRAL,EQ,29-Jul-2026,1170.5,1190.0,1190.0,1122.3,1127.3,71353,814.97,8073,38096.0,53.39,2026-07-29
EPL,EQ,29-Jul-2026,235.07,238.0,239.15,234.0,234.44,263639,621.87,7025,139695.0,52.99,2026-07-29
EPWINDIA,ST,29-Jul-2026,256.7,251.6,251.6,243.9,243.9,3600,8.89,3,3600.0,100.0,2026-07-29
EQUAL200,EQ,29-Jul-2026,13.79,13.82,13.91,13.82,13.88,9742,1.35,46,7874.0,80.83,2026-07-29
EQUAL50,EQ,29-Jul-2026,332.9,335.0,336.19,335.0,335.11,454,1.52,16,354.0,77.97,2026-07-29
EQUAL50ADD,EQ,29-Jul-2026,343.95,345.39,346.93,345.23,346.38,8841,30.58,183,7346.0,83.09,2026-07-29
EQUIPPP,BE,29-Jul-2026,24.43,24.43,24.5,23.74,23.75,6990,1.68,38,,,2026-07-29
EQUITASBNK,EQ,29-Jul-2026,74.63,73.7,74.29,70.61,73.13,9385579,6805.13,69142,3731404.0,39.76,2026-07-29
ERIS,EQ,29-Jul-2026,1390.8,1397.0,1441.9,1383.9,1426.5,369152,5217.94,36845,108339.0,29.35,2026-07-29
ESABINDIA,EQ,29-Jul-2026,5567.0,5572.5,5600.0,5550.0,5582.0,1822,101.64,879,1068.0,58.62,2026-07-29
ESAFSFB,EQ,29-Jul-2026,37.25,37.1,38.5,35.7,37.43,2663369,990.62,12318,938211.0,35.23,2026-07-29
ESCONET,SM,29-Jul-2026,127.85,127.0,130.6,127.0,127.45,5600,7.16,11,4800.0,85.71,2026-07-29
ESCORTS,EQ,29-Jul-2026,3009.9,3031.0,3039.9,2986.1,3016.8,131827,3977.55,11337,89583.0,67.95,2026-07-29
ESENSEX,EQ,29-Jul-2026,77.59,77.54,78.31,77.54,78.27,58,0.05,4,58.0,100.0,2026-07-29
ESFL,SM,29-Jul-2026,123.85,123.0,125.9,122.4,123.6,5040,6.21,14,5040.0,100.0,2026-07-29
ESG,EQ,29-Jul-2026,41.25,41.55,41.85,41.55,41.73,21978,9.17,88,19130.0,87.04,2026-07-29
ESILVER,EQ,29-Jul-2026,215.12,215.44,217.43,215.14,216.0,70782,153.11,2349,53962.0,76.24,2026-07-29
ESPRIT,SM,29-Jul-2026,62.15,61.05,65.25,61.0,63.7,27200,17.1,15,11200.0,41.18,2026-07-29
ESSARSHPNG,EQ,29-Jul-2026,20.0,20.0,20.52,20.0,20.23,66889,13.52,389,41256.0,61.68,2026-07-29
ESSENTIA,BE,29-Jul-2026,1.06,1.06,1.07,1.04,1.05,1441638,15.25,712,,,2026-07-29
ESTER,EQ,29-Jul-2026,89.83,89.83,90.5,88.52,88.95,23368,20.85,724,15427.0,66.02,2026-07-29
ETERNAL,EQ,29-Jul-2026,308.35,309.9,316.35,308.5,311.8,49740797,155451.39,245354,24629220.0,49.52,2026-07-29
ETHOSLTD,EQ,29-Jul-2026,2550.7,2552.5,2621.9,2548.2,2560.6,22114,570.6,4079,11388.0,51.5,2026-07-29
ETML,SM,29-Jul-2026,81.6,81.6,83.0,81.6,83.0,14400,11.88,12,10800.0,75.0,2026-07-29
EUREKAFORB,EQ,29-Jul-2026,456.85,460.8,462.0,449.3,451.4,98921,448.3,12817,54183.0,54.77,2026-07-29
EUROBOND,EQ,29-Jul-2026,157.88,159.0,168.95,157.5,159.42,13688,22.15,365,5179.0,37.84,2026-07-29
EUROPRATIK,EQ,29-Jul-2026,306.75,309.25,314.75,306.55,312.7,145189,449.95,1860,31128.0,21.44,2026-07-29
EVEREADY,EQ,29-Jul-2026,348.8,349.15,352.0,344.5,346.55,93488,324.39,4886,53743.0,57.49,2026-07-29
EVERESTIND,BE,29-Jul-2026,518.45,504.0,515.0,492.55,497.9,40959,202.89,455,,,2026-07-29
EVIETF,EQ,29-Jul-2026,32.04,32.49,32.49,31.95,32.15,135857,43.66,459,71217.0,52.42,2026-07-29
EVINDIA,EQ,29-Jul-2026,32.01,32.01,32.49,32.0,32.13,263618,84.69,1237,204975.0,77.75,2026-07-29
EXCELINDUS,EQ,29-Jul-2026,984.65,987.0,999.75,979.0,991.35,13236,131.15,1108,8725.0,65.92,2026-07-29
EXCELSOFT,EQ,29-Jul-2026,76.8,76.99,79.0,76.51,77.81,350291,272.27,3081,142546.0,40.69,2026-07-29
EXICOM,EQ,29-Jul-2026,158.88,159.99,164.7,158.0,159.35,854513,1381.83,9616,337297.0,39.47,2026-07-29
EXIDEIND,EQ,29-Jul-2026,423.4,424.0,436.8,420.35,435.65,2846579,12315.37,43335,1334461.0,46.88,2026-07-29
EXPLEOSOL,EQ,29-Jul-2026,809.3,922.3,971.15,884.0,925.4,1662306,15352.38,51688,226353.0,13.62,2026-07-29
EXXARO,EQ,29-Jul-2026,6.36,6.49,6.49,6.26,6.36,176611,11.24,313,133053.0,75.34,2026-07-29
FABTECH,EQ,29-Jul-2026,149.07,147.23,151.05,147.23,149.57,69115,103.28,1285,35640.0,51.57,2026-07-29
FACT,EQ,29-Jul-2026,817.0,816.0,835.1,816.0,826.5,97790,809.63,7663,27637.0,28.26,2026-07-29
FAIRCHEMOR,BE,29-Jul-2026,846.8,829.9,829.9,829.9,829.9,4857,40.31,106,,,2026-07-29
FALCONTECH,SM,29-Jul-2026,11.25,11.65,11.65,11.5,11.5,3600,0.42,3,3600.0,100.0,2026-07-29
FAZE3Q,EQ,29-Jul-2026,538.5,538.0,554.0,538.0,539.8,3227,17.46,300,2037.0,63.12,2026-07-29
FCL,EQ,29-Jul-2026,40.74,40.99,41.19,39.0,39.35,6684024,2687.06,14744,2856805.0,42.74,2026-07-29
FCSSOFT,EQ,29-Jul-2026,1.5,1.5,1.53,1.5,1.51,837443,12.65,950,621839.0,74.25,2026-07-29
FDC,EQ,29-Jul-2026,407.45,409.0,416.0,408.5,414.3,55097,227.83,2909,36262.0,65.81,2026-07-29
FEDDERSHOL,EQ,29-Jul-2026,42.22,42.49,44.99,42.11,43.79,842941,365.26,4346,158744.0,18.83,2026-07-29
FEDERALBNK,EQ,29-Jul-2026,357.25,359.0,359.9,356.45,359.15,5713345,20483.75,84882,3803476.0,66.57,2026-07-29
FEDFINA,EQ,29-Jul-2026,151.1,152.0,156.5,150.5,155.06,900610,1387.58,11174,427579.0,47.48,2026-07-29
FEL,BZ,29-Jul-2026,0.38,0.39,0.39,0.38,0.38,162213,0.63,66,,,2026-07-29
FELDVR,BZ,29-Jul-2026,2.45,2.55,2.55,2.33,2.33,1178,0.03,11,,,2026-07-29
FELIX,SM,29-Jul-2026,179.6,180.5,181.0,177.0,178.15,12000,21.49,20,6500.0,54.17,2026-07-29
FERMENTA,EQ,29-Jul-2026,456.45,464.95,464.95,446.1,451.65,73788,334.82,3319,33730.0,45.71,2026-07-29
FIBERWEB,EQ,29-Jul-2026,30.04,30.04,30.48,29.31,29.91,15490,4.63,121,11346.0,73.25,2026-07-29
FIEMIND,EQ,29-Jul-2026,2330.1,2330.0,2350.8,2321.0,2331.3,16216,378.48,3601,9652.0,59.52,2026-07-29
FILATEX,EQ,29-Jul-2026,72.89,73.0,73.56,70.77,71.45,2885803,2078.82,14530,1387693.0,48.09,2026-07-29
FILATFASH,BE,29-Jul-2026,0.18,0.18,0.19,0.18,0.18,16467873,30.25,1452,,,2026-07-29
FINBUD,SM,29-Jul-2026,136.55,134.8,135.5,127.1,134.45,43000,56.61,41,28000.0,65.12,2026-07-29
FINCABLES,EQ,29-Jul-2026,973.1,978.9,989.4,973.9,984.9,137633,1352.29,10874,72878.0,52.95,2026-07-29
FINEORG,EQ,29-Jul-2026,4790.5,4825.5,4864.5,4783.0,4794.0,6077,292.44,1781,3252.0,53.51,2026-07-29
FINIETF,EQ,29-Jul-2026,32.43,32.57,32.79,32.53,32.77,218093,71.3,756,138996.0,63.73,2026-07-29
FINKURVE,EQ,29-Jul-2026,60.94,61.99,65.52,61.0,62.06,81187,49.85,393,70418.0,86.74,2026-07-29
FINOPB,EQ,29-Jul-2026,163.05,163.95,164.29,160.63,163.03,529965,859.7,4882,82371.0,15.54,2026-07-29
FINPIPE,EQ,29-Jul-2026,162.65,163.96,165.75,162.5,164.77,365445,600.95,9289,208368.0,57.02,2026-07-29
FIRSTCRY,EQ,29-Jul-2026,212.36,213.3,215.6,211.65,215.03,492831,1055.82,8618,293400.0,59.53,2026-07-29
FISCHER,EQ,29-Jul-2026,36.87,36.87,37.0,35.5,35.76,2312742,835.57,3388,535820.0,23.17,2026-07-29
FIVESTAR,EQ,29-Jul-2026,561.3,561.4,572.25,556.4,568.55,938761,5319.91,35997,444754.0,47.38,2026-07-29
FLAIR,EQ,29-Jul-2026,254.65,255.0,257.7,251.85,255.1,56740,144.83,1613,27798.0,48.99,2026-07-29
FLEXIADD,EQ,29-Jul-2026,10.09,10.14,10.23,10.13,10.21,95963,9.77,193,90281.0,94.08,2026-07-29
FLEXITUFF,BE,29-Jul-2026,4.52,4.52,4.55,4.34,4.52,43645,1.96,54,,,2026-07-29
FLFL,BZ,29-Jul-2026,1.28,1.28,1.3,1.26,1.27,13291,0.17,45,,,2026-07-29
FLUOROCHEM,EQ,29-Jul-2026,4487.5,4540.0,4637.9,4472.0,4582.1,85239,3891.82,13366,44149.0,51.79,2026-07-29
FLYSBS,SM,29-Jul-2026,458.8,464.9,473.0,457.9,470.45,25800,120.51,76,23200.0,89.92,2026-07-29
FMCGADD,EQ,29-Jul-2026,49.63,49.61,49.98,49.61,49.92,14980,7.46,22,9720.0,64.89,2026-07-29
FMCGIETF,EQ,29-Jul-2026,52.43,52.69,53.45,52.63,53.27,1384693,737.66,2399,1005063.0,72.58,2026-07-29
FMGOETZE,EQ,29-Jul-2026,483.8,487.4,489.45,469.55,474.85,79001,375.66,2402,53850.0,68.16,2026-07-29
FMNL,BE,29-Jul-2026,9.04,9.06,9.28,9.06,9.24,12172,1.12,50,,,2026-07-29
FOCE,SM,29-Jul-2026,569.05,540.6,540.6,540.6,540.6,83280,450.21,47,83280.0,100.0,2026-07-29
FOCUS,BE,29-Jul-2026,70.52,71.69,71.69,70.0,70.73,9569,6.74,108,,,2026-07-29
FONEBOX,SM,29-Jul-2026,79.8,77.0,83.75,77.0,83.75,7000,5.64,7,7000.0,100.0,2026-07-29
FOODSIN,EQ,29-Jul-2026,55.31,56.0,56.0,54.25,54.58,56586,31.04,3439,34807.0,61.51,2026-07-29
FORCAS,ST,29-Jul-2026,190.15,199.65,199.65,192.05,199.65,68800,137.12,39,67200.0,97.67,2026-07-29
FORCEMOT,EQ,29-Jul-2026,17197.0,17375.0,17375.0,17002.0,17334.0,74765,12893.09,21042,18707.0,25.02,2026-07-29
FORGEAUTO,SM,29-Jul-2026,85.0,85.25,88.25,85.25,88.25,13200,11.59,3,13200.0,100.0,2026-07-29
FORTIS,EQ,29-Jul-2026,945.45,946.9,958.5,944.75,952.05,986990,9390.46,33298,639858.0,64.83,2026-07-29
FOSECOIND,EQ,29-Jul-2026,4975.5,5011.0,5091.0,4967.0,4984.0,1177,58.89,306,749.0,63.64,2026-07-29
FRACTAL,EQ,29-Jul-2026,792.1,795.0,799.4,784.15,786.4,173436,1369.27,10383,76344.0,44.02,2026-07-29
FRESHARA,SM,29-Jul-2026,361.9,351.0,361.9,350.6,353.3,25200,89.87,36,16800.0,66.67,2026-07-29
FROG,ST,29-Jul-2026,209.25,205.1,205.15,205.1,205.1,3600,7.38,9,3600.0,100.0,2026-07-29
FRONTSP,EQ,29-Jul-2026,1354.6,1354.6,1388.4,1316.8,1326.5,22238,296.92,3411,13422.0,60.36,2026-07-29
FSL,EQ,29-Jul-2026,263.06,266.0,298.5,266.0,293.58,49403727,143641.75,449349,3444295.0,6.97,2026-07-29
FUSION,EQ,29-Jul-2026,210.21,210.5,212.39,204.5,205.6,460813,953.8,9605,286718.0,62.22,2026-07-29
FWSTC,SM,29-Jul-2026,200.0,203.95,203.95,200.05,200.05,1200,2.42,2,600.0,50.0,2026-07-29
GABRIEL,EQ,29-Jul-2026,1407.8,1418.9,1434.9,1404.9,1414.8,201077,2846.59,13425,62763.0,31.21,2026-07-29
GAEL,EQ,29-Jul-2026,156.46,157.0,167.8,156.31,164.31,3688190,6082.09,35970,1329753.0,36.05,2026-07-29
GAIL,EQ,29-Jul-2026,175.15,175.5,176.0,173.5,175.12,8274629,14497.07,44408,5780166.0,69.85,2026-07-29
GALAPREC,EQ,29-Jul-2026,1099.6,1098.0,1125.0,1065.0,1074.7,79019,862.35,6830,36344.0,45.99,2026-07-29
GALAXYSURF,EQ,29-Jul-2026,1958.9,1958.0,1970.6,1915.2,1960.6,25275,493.5,7206,15907.0,62.94,2026-07-29
GALLANTT,EQ,29-Jul-2026,574.6,593.0,603.3,592.85,603.3,49030,294.22,524,38132.0,77.77,2026-07-29
GANDHAR,EQ,29-Jul-2026,237.93,237.61,240.0,230.0,232.18,3607556,8479.15,33102,1289821.0,35.75,2026-07-29
GANDHITUBE,EQ,29-Jul-2026,873.35,873.9,883.0,870.65,874.8,6564,57.5,225,5435.0,82.8,2026-07-29
GANECOS,EQ,29-Jul-2026,1184.35,1180.0,1229.9,1170.0,1202.95,103391,1249.7,8412,49405.0,47.78,2026-07-29
GANESHBE,EQ,29-Jul-2026,124.93,126.13,128.78,121.1,122.16,1678475,2075.32,17514,358635.0,21.37,2026-07-29
GANESHCP,EQ,29-Jul-2026,168.96,169.2,173.69,166.56,167.19,120251,203.06,2178,79723.0,66.3,2026-07-29
GANESHHOU,EQ,29-Jul-2026,772.05,772.0,796.6,728.2,768.55,214674,1629.2,15823,78091.0,36.38,2026-07-29
GANESHIN,ST,29-Jul-2026,88.5,89.25,92.5,89.0,92.5,68000,62.36,64,67200.0,98.82,2026-07-29
GANGABATH,SM,29-Jul-2026,21.5,21.95,21.95,21.1,21.2,18000,3.88,6,9000.0,50.0,2026-07-29
GANGAFORGE,BE,29-Jul-2026,1.71,1.79,1.79,1.76,1.79,1687840,30.21,556,,,2026-07-29
GANGESSECU,EQ,29-Jul-2026,117.69,116.5,116.5,113.1,114.77,1422,1.64,97,1241.0,87.27,2026-07-29
GARFIBRES,EQ,29-Jul-2026,737.35,733.1,750.05,720.3,729.95,40144,293.02,3610,19090.0,47.55,2026-07-29
GARUDA,EQ,29-Jul-2026,170.98,172.8,172.8,170.1,170.93,156296,267.66,2954,67875.0,43.43,2026-07-29
GATECH,EQ,29-Jul-2026,0.48,0.5,0.52,0.48,0.49,6394838,31.93,1127,4378195.0,68.46,2026-07-29
GATECHDVR,EQ,29-Jul-2026,0.44,0.43,0.45,0.43,0.44,373093,1.64,98,227306.0,60.92,2026-07-29
GATEWAY,EQ,29-Jul-2026,58.46,58.4,58.8,58.0,58.2,497243,289.54,4570,312162.0,62.78,2026-07-29
GAUDIUMIVF,BE,29-Jul-2026,145.9,142.99,142.99,142.99,142.99,6760,9.67,141,,,2026-07-29
GAYAHWS,EQ,29-Jul-2026,1.91,2.1,2.1,1.88,2.0,278461,5.53,490,202186.0,72.61,2026-07-29
GAYAPROJ,BE,29-Jul-2026,20.29,20.39,20.7,19.9,20.12,162978,32.82,1009,,,2026-07-29
GCHOTELS,ST,29-Jul-2026,113.6,110.0,111.0,108.0,110.0,19200,21.04,24,15600.0,81.25,2026-07-29
GCSL,EQ,29-Jul-2026,519.6,522.0,526.9,515.2,517.9,499140,2601.21,4479,200264.0,40.12,2026-07-29
GEECEE,BE,29-Jul-2026,337.3,337.3,347.0,330.5,341.5,1550,5.27,32,,,2026-07-29
GEEKAYWIRE,EQ,29-Jul-2026,23.56,23.5,23.96,23.01,23.12,32234,7.53,391,22580.0,70.05,2026-07-29
GEMAROMA,EQ,29-Jul-2026,183.32,184.1,191.03,181.0,189.28,91309,169.71,1848,49110.0,53.78,2026-07-29
GENCON,EQ,29-Jul-2026,39.35,40.29,40.39,39.22,39.6,268914,107.16,1397,21406.0,7.96,2026-07-29
GENESYS,EQ,29-Jul-2026,286.35,282.0,283.5,272.25,277.0,512653,1415.28,13104,271398.0,52.94,2026-07-29
GENUSPAPER,EQ,29-Jul-2026,12.23,12.17,12.8,12.17,12.29,45394,5.58,284,30221.0,66.57,2026-07-29
GENUSPOWER,EQ,29-Jul-2026,313.15,315.0,316.65,312.5,313.6,1003160,3153.09,14586,483440.0,48.19,2026-07-29
GENXAI,SM,29-Jul-2026,70.55,71.5,72.5,71.0,72.0,7200,5.17,6,6000.0,83.33,2026-07-29
GEOJITFSL,EQ,29-Jul-2026,72.89,73.4,76.1,73.4,75.38,354201,265.95,4296,204351.0,57.69,2026-07-29
GESHIP,EQ,29-Jul-2026,1377.4,1388.1,1391.7,1356.1,1370.7,290715,3991.56,26386,158132.0,54.39,2026-07-29
GFLLIMITED,EQ,29-Jul-2026,46.8,47.5,47.5,46.8,46.93,14682,6.91,214,12143.0,82.71,2026-07-29
GGBL,SM,29-Jul-2026,257.75,261.0,261.0,256.1,256.9,29400,75.72,86,18900.0,64.29,2026-07-29
GHCL,EQ,29-Jul-2026,433.9,437.4,442.6,433.9,439.15,148172,651.47,3787,108519.0,73.24,2026-07-29
GHCLTEXTIL,EQ,29-Jul-2026,114.23,115.95,120.15,115.5,119.53,890788,1052.15,9013,464469.0,52.14,2026-07-29
GICHSGFIN,EQ,29-Jul-2026,147.6,147.65,149.29,147.25,148.35,62936,93.19,1159,41558.0,66.03,2026-07-29
GICL,EQ,29-Jul-2026,16.26,16.7,16.99,16.03,16.93,102513,17.17,291,75714.0,73.86,2026-07-29
GICRE,EQ,29-Jul-2026,357.7,359.9,361.35,357.05,358.95,315421,1130.49,9833,166180.0,52.69,2026-07-29
GILLANDERS,EQ,29-Jul-2026,88.25,88.99,91.0,87.15,87.92,3745,3.33,81,2869.0,76.61,2026-07-29
GILLETTE,EQ,29-Jul-2026,7790.0,7876.5,7929.5,7795.0,7892.0,12593,994.32,4713,6313.0,50.13,2026-07-29
GILT10BETA,EQ,29-Jul-2026,26.41,26.93,26.93,26.4,26.44,436,0.12,14,400.0,91.74,2026-07-29
GILT5BETA,EQ,29-Jul-2026,66.29,66.29,66.95,65.64,66.7,1199,0.8,10,1165.0,97.16,2026-07-29
GILT5YBEES,EQ,29-Jul-2026,66.06,66.39,66.69,66.01,66.05,80969,53.49,269,46737.0,57.72,2026-07-29
GINNIFILA,BE,29-Jul-2026,46.92,45.15,46.63,45.15,45.91,112018,51.34,279,,,2026-07-29
GIPCL,EQ,29-Jul-2026,161.68,162.0,163.72,161.42,162.65,129408,210.31,1892,66177.0,51.14,2026-07-29
GIRIRAJ,SM,29-Jul-2026,77.45,75.05,81.3,73.6,74.1,16000,12.2,57,10750.0,67.19,2026-07-29
GJL,ST,29-Jul-2026,155.0,161.75,162.0,155.0,156.6,68800,107.87,26,67200.0,97.67,2026-07-29
GKENERGY,EQ,29-Jul-2026,134.36,134.99,136.31,134.31,134.67,209813,283.71,2051,129406.0,61.68,2026-07-29
GKSL,EQ,29-Jul-2026,127.0,128.69,128.89,126.5,127.1,123385,156.9,1393,69894.0,56.65,2026-07-29
GKWLIMITED,EQ,29-Jul-2026,1625.8,1655.0,1655.0,1592.1,1632.8,132,2.15,43,91.0,68.94,2026-07-29
GLAND,EQ,29-Jul-2026,2428.3,2428.7,2550.0,2428.7,2543.7,841656,21039.72,48037,517003.0,61.43,2026-07-29
GLAXO,EQ,29-Jul-2026,2632.6,2645.9,2670.0,2609.0,2626.4,59537,1569.39,10976,29204.0,49.05,2026-07-29
GLENMARK,EQ,29-Jul-2026,2184.6,2196.4,2267.7,2186.2,2261.7,593720,13242.6,34510,284068.0,47.85,2026-07-29
GLFL,BE,29-Jul-2026,5.52,5.6,5.78,5.56,5.78,526,0.03,14,,,2026-07-29
GLOBAL,EQ,29-Jul-2026,104.99,105.5,105.86,101.7,102.19,24040,24.96,366,19388.0,80.65,2026-07-29
GLOBALE,BE,29-Jul-2026,10.98,10.97,10.97,10.63,10.94,335,0.04,13,,,2026-07-29
GLOBALPET,ST,29-Jul-2026,153.05,157.5,160.0,157.5,159.75,8250,13.18,9,8250.0,100.0,2026-07-29
GLOBALVECT,EQ,29-Jul-2026,166.98,169.8,172.45,165.0,166.35,17268,29.0,777,7075.0,40.97,2026-07-29
GLOBE,EQ,29-Jul-2026,2.15,2.19,2.2,2.13,2.16,138363,3.0,132,67822.0,49.02,2026-07-29
GLOBECIVIL,EQ,29-Jul-2026,40.21,40.5,40.89,39.32,40.13,10249,4.11,115,8293.0,80.92,2026-07-29
GLOBUSSPR,EQ,29-Jul-2026,874.25,882.0,894.95,871.65,876.95,74781,659.42,4874,39713.0,53.11,2026-07-29
GLOSTERLTD,EQ,29-Jul-2026,684.0,673.4,686.9,672.1,677.3,626,4.24,111,318.0,50.8,2026-07-29
GLOTTIS,BE,29-Jul-2026,66.49,66.0,68.0,66.0,67.0,28552,19.15,201,,,2026-07-29
GMBREW,EQ,29-Jul-2026,892.4,894.8,905.0,892.4,902.5,13636,122.86,1376,6781.0,49.73,2026-07-29
GMDCLTD,EQ,29-Jul-2026,553.8,554.7,576.9,554.7,574.25,1122256,6397.26,28660,284118.0,25.32,2026-07-29
GML,SM,29-Jul-2026,17.2,16.8,17.2,16.8,16.9,8000,1.36,4,8000.0,100.0,2026-07-29
GMMPFAUDLR,EQ,29-Jul-2026,805.8,814.45,818.4,802.5,803.65,33321,269.3,2395,22240.0,66.74,2026-07-29
GMRAIRPORT,EQ,29-Jul-2026,107.96,108.0,108.45,106.36,107.1,10241822,10988.0,43052,5362700.0,52.36,2026-07-29
GMRP&UI,EQ,29-Jul-2026,96.5,96.6,97.29,96.31,96.83,331814,320.84,2647,164800.0,49.67,2026-07-29
GNA,EQ,29-Jul-2026,510.95,514.0,537.5,507.85,532.15,374601,1964.39,9342,192321.0,51.34,2026-07-29
GNFC,EQ,29-Jul-2026,511.75,517.5,528.0,513.9,525.1,515182,2687.73,22468,270823.0,52.57,2026-07-29
GNRL,EQ,29-Jul-2026,91.39,91.39,95.7,90.9,94.78,65977,61.31,1408,25878.0,39.22,2026-07-29
GOACARBON,EQ,29-Jul-2026,372.35,374.1,396.9,370.1,391.0,68899,267.02,2218,18628.0,27.04,2026-07-29
GOCLCORP,EQ,29-Jul-2026,388.15,390.0,390.85,378.0,382.95,49489,189.59,2470,31323.0,63.29,2026-07-29
GOCOLORS,EQ,29-Jul-2026,313.65,316.75,324.95,311.9,323.0,197807,631.07,4871,73571.0,37.19,2026-07-29
GODAVARIB,EQ,29-Jul-2026,269.65,272.0,272.0,268.2,269.05,34212,92.32,1261,18112.0,52.94,2026-07-29
GODFRYPHLP,EQ,29-Jul-2026,2031.3,2021.3,2084.6,2013.0,2076.0,861418,17722.88,40987,185504.0,21.53,2026-07-29
GODIGIT,EQ,29-Jul-2026,245.65,248.0,254.6,245.0,253.15,965451,2422.52,18471,328417.0,34.02,2026-07-29
GODREJAGRO,EQ,29-Jul-2026,577.1,570.0,570.0,556.35,560.35,198771,1114.28,9381,103114.0,51.88,2026-07-29
GODREJCP,EQ,29-Jul-2026,1066.9,1071.7,1086.8,1069.0,1076.5,427345,4609.66,18462,214668.0,50.23,2026-07-29
GODREJIND,EQ,29-Jul-2026,1309.2,1309.2,1325.2,1290.0,1293.3,64640,840.66,8063,28208.0,43.64,2026-07-29
GODREJPROP,EQ,29-Jul-2026,2136.6,2159.7,2180.0,2139.4,2156.0,770545,16611.44,35059,373201.0,48.43,2026-07-29
GOKEX,EQ,29-Jul-2026,813.4,814.55,830.0,810.0,824.75,160147,1313.92,6440,62819.0,39.23,2026-07-29
GOKUL,EQ,29-Jul-2026,38.87,39.47,39.47,38.53,39.21,132901,51.94,629,20753.0,15.62,2026-07-29
GOKULAGRO,EQ,29-Jul-2026,210.79,213.0,224.0,211.08,223.2,908074,1995.86,12707,493860.0,54.39,2026-07-29
GOLD1,EQ,29-Jul-2026,117.89,117.01,118.13,117.01,117.83,1598949,1883.27,7737,822427.0,51.44,2026-07-29
GOLD360,EQ,29-Jul-2026,137.8,138.15,138.5,137.75,138.2,2871,3.97,108,1795.0,62.52,2026-07-29
GOLDADD,EQ,29-Jul-2026,137.31,137.34,137.66,136.97,137.35,65537,90.06,4936,47277.0,72.14,2026-07-29
GOLDAXIS,EQ,29-Jul-2026,117.63,114.68,118.06,114.68,117.74,631067,742.61,2611,357359.0,56.63,2026-07-29
GOLDBEES,EQ,29-Jul-2026,116.83,116.83,117.15,116.33,116.85,19147325,22373.16,61986,10208431.0,53.32,2026-07-29
GOLDBETA,EQ,29-Jul-2026,119.05,118.1,119.2,118.1,118.85,233295,277.37,2044,92531.0,39.66,2026-07-29
GOLDBND,EQ,29-Jul-2026,141.49,141.47,141.75,141.02,141.37,2217,3.14,58,1909.0,86.11,2026-07-29
GOLDCASE,EQ,29-Jul-2026,22.23,22.33,22.33,22.16,22.22,10568168,2350.1,7387,2847770.0,26.95,2026-07-29
GOLDENTOBC,BZ,29-Jul-2026,24.35,24.84,25.5,23.75,24.73,2975,0.74,31,,,2026-07-29
GOLDETF,EQ,29-Jul-2026,137.71,137.39,137.65,137.05,137.26,635283,872.25,7724,388760.0,61.19,2026-07-29
GOLDIAM,EQ,29-Jul-2026,358.7,358.7,364.4,350.45,352.8,607428,2164.91,11047,237610.0,39.12,2026-07-29
GOLDIETF,EQ,29-Jul-2026,120.99,121.21,121.35,120.6,121.1,3087152,3739.02,16852,2016377.0,65.32,2026-07-29
GOLDKART,SM,29-Jul-2026,121.85,115.8,115.8,115.8,115.8,625,0.72,1,625.0,100.0,2026-07-29
GOLDTECH,BE,29-Jul-2026,55.24,55.08,56.75,54.3,55.46,15010,8.29,129,,,2026-07-29
GOODLUCK,EQ,29-Jul-2026,1525.8,1541.0,1548.0,1526.3,1532.0,51034,783.05,5369,25987.0,50.92,2026-07-29
GOODYEAR,EQ,29-Jul-2026,816.45,817.0,824.9,816.0,823.3,10345,85.06,569,7093.0,68.56,2026-07-29
GOPAL,EQ,29-Jul-2026,262.35,265.0,266.7,261.4,264.3,114466,302.19,3212,56999.0,49.8,2026-07-29
GOYALALUM,EQ,29-Jul-2026,6.56,6.6,6.68,6.52,6.61,39472,2.6,210,27848.0,70.55,2026-07-29
GOYALSALT,SM,29-Jul-2026,114.0,114.0,116.0,114.0,114.25,3600,4.14,4,3600.0,100.0,2026-07-29
GPECO,ST,29-Jul-2026,441.9,441.9,444.0,427.0,433.35,6600,28.57,30,5000.0,75.76,2026-07-29
GPIL,EQ,29-Jul-2026,245.5,245.65,253.0,244.4,251.8,1509419,3779.43,22168,790122.0,52.35,2026-07-29
GPPL,EQ,29-Jul-2026,148.33,148.6,150.75,148.6,150.18,712597,1070.34,17516,393935.0,55.28,2026-07-29
GPTHEALTH,EQ,29-Jul-2026,167.32,166.8,167.8,163.1,167.19,164492,274.05,3758,96075.0,58.41,2026-07-29
GPTINFRA,EQ,29-Jul-2026,122.44,122.0,123.9,121.0,122.38,96229,117.86,1794,49819.0,51.77,2026-07-29
GRADIENTE,BE,29-Jul-2026,2.9,2.97,2.98,2.76,2.8,331999,9.52,243,,,2026-07-29
GRANDOAK,EQ,29-Jul-2026,37.22,37.0,37.0,35.36,35.36,16227,5.79,139,12896.0,79.47,2026-07-29
GRANULES,EQ,29-Jul-2026,845.4,855.0,868.8,837.75,841.85,916692,7827.05,30252,523697.0,57.13,2026-07-29
GRAPHISAD,SM,29-Jul-2026,27.8,28.0,29.15,27.6,29.15,16800,4.8,8,16800.0,100.0,2026-07-29
GRAPHITE,EQ,29-Jul-2026,648.55,645.0,668.3,638.0,666.65,734917,4845.18,19358,234167.0,31.86,2026-07-29
GRASIM,EQ,29-Jul-2026,3116.2,3131.8,3149.0,3105.1,3113.0,304356,9493.81,27093,166219.0,54.61,2026-07-29
GRAUWEIL,EQ,29-Jul-2026,73.54,73.54,77.5,73.54,76.45,162283,123.4,2424,84954.0,52.35,2026-07-29
GRAVISSHO,EQ,29-Jul-2026,29.15,29.03,30.9,29.03,30.84,1966,0.6,45,1922.0,97.76,2026-07-29
GRAVITA,EQ,29-Jul-2026,1638.5,1646.6,1663.0,1611.2,1615.2,426423,6943.27,31783,195284.0,45.8,2026-07-29
GRCL,ST,29-Jul-2026,585.0,585.0,585.0,573.3,573.3,750,4.33,3,750.0,100.0,2026-07-29
GREAVESCOT,EQ,29-Jul-2026,238.68,238.68,242.36,237.1,239.64,608912,1463.05,12547,219968.0,36.12,2026-07-29
GREENCHEF,SM,29-Jul-2026,47.35,47.35,48.5,47.35,48.5,6400,3.05,7,6400.0,100.0,2026-07-29
GREENLAM,EQ,29-Jul-2026,253.1,253.1,258.85,252.0,254.15,49331,125.83,1646,25213.0,51.11,2026-07-29
GREENLEAF,ST,29-Jul-2026,115.65,116.15,118.0,116.15,117.15,9000,10.54,8,9000.0,100.0,2026-07-29
GREENPANEL,EQ,29-Jul-2026,191.2,191.21,193.79,189.69,191.54,116606,222.83,2083,71230.0,61.09,2026-07-29
GREENPLY,EQ,29-Jul-2026,282.3,284.5,287.9,278.0,285.8,240938,680.46,5215,125552.0,52.11,2026-07-29
GREENPOWER,EQ,29-Jul-2026,9.9,9.94,10.0,9.83,9.89,1376851,136.85,3639,583405.0,42.37,2026-07-29
GRINDWELL,EQ,29-Jul-2026,2043.3,2043.0,2125.0,2040.0,2118.7,121921,2556.81,9753,88476.0,72.57,2026-07-29
GRINFRA,EQ,29-Jul-2026,868.2,866.9,888.15,859.55,884.9,15403,135.41,2153,9502.0,61.69,2026-07-29
GRMOVER,EQ,29-Jul-2026,89.57,89.57,90.16,88.3,88.91,317798,283.26,4794,168485.0,53.02,2026-07-29
GROBTEA,EQ,29-Jul-2026,905.0,905.0,928.0,890.0,917.2,94,0.86,14,87.0,92.55,2026-07-29
GROWW,EQ,29-Jul-2026,195.3,196.3,196.64,192.5,193.71,31903895,62007.96,175256,16769132.0,52.56,2026-07-29
GROWWCAPM,EQ,29-Jul-2026,11.09,11.09,11.25,11.04,11.12,316115,35.18,590,170142.0,53.82,2026-07-29
GROWWCHEM,EQ,29-Jul-2026,29.99,29.9,30.49,29.65,30.4,74730,22.6,200,66699.0,89.25,2026-07-29
GROWWDEFNC,EQ,29-Jul-2026,92.42,92.43,92.88,91.51,92.22,221822,204.01,2183,110964.0,50.02,2026-07-29
GROWWEV,EQ,29-Jul-2026,31.8,31.0,32.15,31.0,32.05,277306,88.8,1281,202452.0,73.01,2026-07-29
GROWWGOLD,EQ,29-Jul-2026,13.8,13.89,13.89,13.78,13.81,740800,102.32,1907,294302.0,39.73,2026-07-29
GROWWHOSPI,EQ,29-Jul-2026,54.29,54.0,54.61,54.0,54.54,499994,272.32,650,450059.0,90.01,2026-07-29
GROWWLIQID,EQ,29-Jul-2026,110.09,110.11,110.12,110.11,110.11,340067,374.46,206,200058.0,58.83,2026-07-29
GROWWLOVOL,EQ,29-Jul-2026,10.46,10.5,10.63,10.5,10.55,57278,6.05,92,35188.0,61.43,2026-07-29
GROWWMC150,EQ,29-Jul-2026,229.03,229.85,232.28,229.85,230.86,518,1.2,22,414.0,79.92,2026-07-29
GROWWMETAL,EQ,29-Jul-2026,11.79,11.49,12.15,11.49,12.12,772974,93.14,1369,536373.0,69.39,2026-07-29
GROWWMOM50,EQ,29-Jul-2026,10.44,10.75,10.75,10.44,10.54,29242,3.08,291,22852.0,78.15,2026-07-29
GROWWN200,EQ,29-Jul-2026,11.31,11.39,11.39,11.25,11.35,75731,8.6,160,43388.0,57.29,2026-07-29
GROWWNET,EQ,29-Jul-2026,10.02,10.27,10.27,9.82,10.14,391331,39.58,1805,304202.0,77.74,2026-07-29
GROWWNIFTY,EQ,29-Jul-2026,9.69,9.93,9.93,9.69,9.8,772138,75.53,5736,483000.0,62.55,2026-07-29
GROWWNXT50,EQ,29-Jul-2026,72.62,72.65,73.0,72.31,72.59,5673,4.12,60,3078.0,54.26,2026-07-29
GROWWPOWER,EQ,29-Jul-2026,11.46,11.49,11.5,11.32,11.41,6746168,769.44,3795,4881802.0,72.36,2026-07-29
GROWWPSE,EQ,29-Jul-2026,98.13,99.1,100.8,98.52,99.08,1580,1.56,31,832.0,52.66,2026-07-29
GROWWPSUBK,EQ,29-Jul-2026,83.32,82.22,83.88,82.22,83.59,3855,3.22,60,1187.0,30.79,2026-07-29
GROWWRAIL,EQ,29-Jul-2026,28.68,28.74,29.19,28.72,29.14,633675,184.45,2416,388113.0,61.25,2026-07-29
GROWWRLTY,EQ,29-Jul-2026,10.32,10.28,10.45,10.21,10.27,220541,22.68,470,91242.0,41.37,2026-07-29
GROWWSC250,EQ,29-Jul-2026,10.24,10.24,10.44,10.22,10.36,215430,22.25,438,144790.0,67.21,2026-07-29
GROWWSLVR,EQ,29-Jul-2026,21.15,21.24,21.34,21.11,21.19,1170779,248.39,1661,294421.0,25.15,2026-07-29
GRPLTD,EQ,29-Jul-2026,1999.9,2000.0,2016.7,1956.6,1974.7,2449,48.74,497,1864.0,76.11,2026-07-29
GRSE,EQ,29-Jul-2026,2610.7,2609.0,2665.0,2584.1,2626.1,856027,22433.7,63449,188167.0,21.98,2026-07-29
GRWRHITECH,EQ,29-Jul-2026,7120.5,7190.0,7190.0,6811.5,6967.5,56902,3962.83,12698,27303.0,47.98,2026-07-29
GSEC10IETF,EQ,29-Jul-2026,264.0,265.45,265.45,264.01,264.01,158,0.42,5,144.0,91.14,2026-07-29
GSEC10YEAR,EQ,29-Jul-2026,30.64,30.64,30.64,30.36,30.47,12337,3.76,17,11050.0,89.57,2026-07-29
GSEC5IETF,EQ,29-Jul-2026,65.66,65.82,66.5,65.82,66.23,9643,6.38,24,9643.0,100.0,2026-07-29
GSFC,EQ,29-Jul-2026,159.59,160.49,162.9,159.99,160.64,486881,786.39,10438,222974.0,45.8,2026-07-29
GSLSU,EQ,29-Jul-2026,28.14,27.59,28.56,27.01,27.98,74493,20.53,861,44985.0,60.39,2026-07-29
GSMFOILS,SM,29-Jul-2026,270.85,265.05,272.6,260.0,269.8,61500,163.59,96,42500.0,69.11,2026-07-29
GSPCROP,EQ,29-Jul-2026,546.4,548.0,591.75,547.1,582.65,701238,3963.29,20606,227649.0,32.46,2026-07-29
GSS,EQ,29-Jul-2026,11.96,12.29,13.05,11.96,12.44,80942,10.23,313,52083.0,64.35,2026-07-29
GSTL,SM,29-Jul-2026,16.55,17.0,17.0,15.75,15.75,11000,1.76,10,9000.0,81.82,2026-07-29
GTECJAINX,BE,29-Jul-2026,29.2,29.2,29.78,29.1,29.1,2601,0.77,13,,,2026-07-29
GTL,EQ,29-Jul-2026,7.24,7.36,7.36,7.21,7.29,107643,7.85,459,77361.0,71.87,2026-07-29
GTLINFRA,EQ,29-Jul-2026,1.2,1.21,1.22,1.2,1.21,24414946,295.52,10838,10536266.0,43.15,2026-07-29
GTPL,EQ,29-Jul-2026,60.77,60.03,60.84,59.57,59.76,34716,20.82,397,29112.0,83.86,2026-07-29
GUFICBIO,EQ,29-Jul-2026,387.75,387.95,388.8,380.3,382.35,35442,136.1,1582,21631.0,61.03,2026-07-29
GUJALKALI,EQ,29-Jul-2026,699.95,709.95,710.0,680.4,683.65,87328,603.1,3605,34136.0,39.09,2026-07-29
GUJAPOLLO,EQ,29-Jul-2026,351.9,350.05,357.9,346.6,349.3,3403,11.93,165,2348.0,69.0,2026-07-29
GUJENERGY,EQ,29-Jul-2026,268.3,269.3,276.0,269.05,273.05,787583,2148.62,23366,432522.0,54.92,2026-07-29
GUJRAFFIA,EQ,29-Jul-2026,39.5,39.51,40.99,39.05,39.08,897,0.36,21,831.0,92.64,2026-07-29
GUJTHEM,EQ,29-Jul-2026,355.9,355.3,359.95,355.0,356.9,23813,85.18,970,13647.0,57.31,2026-07-29
GULFOILLUB,EQ,29-Jul-2026,1035.6,1045.0,1069.3,1035.0,1060.7,66292,699.2,6296,35710.0,53.87,2026-07-29
GULFPETRO,BE,29-Jul-2026,47.71,47.87,47.87,45.33,45.33,153578,70.7,265,,,2026-07-29
GULPOLY,EQ,29-Jul-2026,189.09,190.61,199.4,188.45,198.15,341296,667.36,6440,149974.0,43.94,2026-07-29
GURUNANAK,ST,29-Jul-2026,38.9,38.9,38.9,38.9,38.9,3200,1.24,2,3200.0,100.0,2026-07-29
GVKPIL,BE,29-Jul-2026,2.4,2.43,2.44,2.37,2.39,421234,10.14,622,,,2026-07-29
GVPIL,EQ,29-Jul-2026,746.4,750.95,767.9,735.2,751.5,202620,1523.89,8572,101681.0,50.18,2026-07-29
GVPTECH,EQ,29-Jul-2026,6.87,6.99,7.14,6.77,6.94,65448,4.54,271,50100.0,76.55,2026-07-29
GVT&D,EQ,29-Jul-2026,4124.0,4115.0,4154.0,4041.2,4101.6,1506472,61623.26,98590,909543.0,60.38,2026-07-29
GYFTR,EQ,29-Jul-2026,145.38,150.01,172.5,145.15,152.82,431549,656.58,1306,397685.0,92.15,2026-07-29
HAL,EQ,29-Jul-2026,4600.1,4600.1,4621.0,4535.0,4592.0,495981,22693.68,41392,199919.0,40.31,2026-07-29
HALDER,EQ,29-Jul-2026,229.84,232.73,250.0,230.5,238.57,26754,62.47,222,5835.0,21.81,2026-07-29
HALDYNGL,BE,29-Jul-2026,120.16,121.96,124.0,120.0,120.58,27403,33.44,165,,,2026-07-29
HALEOSLABS,EQ,29-Jul-2026,1535.4,1535.5,1577.0,1500.0,1562.5,1317,20.17,294,476.0,36.14,2026-07-29
HAPPSTMNDS,EQ,29-Jul-2026,383.4,387.5,393.85,384.0,385.65,1284743,4996.54,34570,479563.0,37.33,2026-07-29
HAPPY,ST,29-Jul-2026,61.15,61.15,63.0,61.15,61.65,20000,12.43,10,20000.0,100.0,2026-07-29
HAPPYFORGE,EQ,29-Jul-2026,1614.6,1650.0,1670.7,1620.9,1659.1,40864,674.2,5361,23911.0,58.51,2026-07-29
HARDWYN,EQ,29-Jul-2026,11.49,11.4,11.62,11.4,11.51,1409088,162.27,1932,600274.0,42.6,2026-07-29
HARIOMPIPE,EQ,29-Jul-2026,387.25,389.95,394.2,388.0,391.25,80687,315.65,2246,33424.0,41.42,2026-07-29
HARRMALAYA,EQ,29-Jul-2026,208.99,212.86,219.25,210.64,218.47,7867,16.91,226,5623.0,71.48,2026-07-29
HARSHA,EQ,29-Jul-2026,404.45,407.7,413.4,404.0,410.6,61829,254.08,3365,36323.0,58.75,2026-07-29
HATHWAY,EQ,29-Jul-2026,10.81,10.81,10.89,10.75,10.8,957061,103.33,2095,540419.0,56.47,2026-07-29
HATSUN,EQ,29-Jul-2026,868.25,879.95,888.0,870.05,885.6,17173,151.05,2250,8369.0,48.73,2026-07-29
HAVELLS,EQ,29-Jul-2026,1227.1,1230.1,1244.4,1227.9,1237.0,584475,7235.09,25017,359975.0,61.59,2026-07-29
HAVISHA,EQ,29-Jul-2026,1.23,1.25,1.31,1.24,1.26,38714,0.49,99,33611.0,86.82,2026-07-29
HAWKINCOOK,EQ,29-Jul-2026,8765.5,8896.0,8938.0,8456.0,8520.5,8569,743.8,2854,1967.0,22.95,2026-07-29
HBESD,EQ,29-Jul-2026,75.5,75.5,76.98,73.5,76.77,771,0.59,12,761.0,98.7,2026-07-29
HBLENGINE,EQ,29-Jul-2026,694.95,701.9,714.45,698.15,708.05,617772,4377.65,21353,237983.0,38.52,2026-07-29
HBSL,BE,29-Jul-2026,47.22,46.99,49.4,46.99,49.27,3220,1.56,23,,,2026-07-29
HCC,EQ,29-Jul-2026,21.08,21.2,21.45,20.98,21.35,13182576,2810.67,15650,5372854.0,40.76,2026-07-29
HCG,EQ,29-Jul-2026,679.35,674.55,684.85,670.55,674.75,68321,460.93,5864,40573.0,59.39,2026-07-29
HCL-INSYS,EQ,29-Jul-2026,11.46,11.65,11.65,11.35,11.41,85677,9.84,431,79041.0,92.25,2026-07-29
HCLTECH,EQ,29-Jul-2026,1318.6,1344.0,1352.7,1323.2,1344.3,3061520,41109.95,106970,1356386.0,44.3,2026-07-29
HDBFS,EQ,29-Jul-2026,682.5,684.0,686.15,676.2,679.7,463889,3157.79,18138,292307.0,63.01,2026-07-29
HDFCAMC,EQ,29-Jul-2026,2531.2,2535.1,2557.2,2528.3,2541.9,470968,11989.35,28803,248251.0,52.71,2026-07-29
HDFCBANK,EQ,29-Jul-2026,735.4,743.0,751.25,740.8,748.2,20460659,153004.01,256480,13846743.0,67.67,2026-07-29
HDFCBSE500,EQ,29-Jul-2026,37.2,37.22,37.82,37.22,37.61,595127,222.9,248,342580.0,57.56,2026-07-29
HDFCGOLD,EQ,29-Jul-2026,120.78,120.78,121.05,120.14,120.73,1987730,2398.62,7279,1009772.0,50.8,2026-07-29
HDFCGROWTH,EQ,29-Jul-2026,119.27,119.8,121.5,119.73,121.35,190478,230.38,839,137868.0,72.38,2026-07-29
HDFCLIFE,EQ,29-Jul-2026,558.75,561.0,561.95,555.6,556.7,1180266,6584.77,32733,528736.0,44.8,2026-07-29
HDFCLIQUID,EQ,29-Jul-2026,1071.19,1071.36,1071.36,1071.34,1071.34,78455,840.52,77,43710.0,55.71,2026-07-29
HDFCLOWVOL,EQ,29-Jul-2026,20.82,20.99,21.2,20.95,21.05,28735,6.05,99,23022.0,80.12,2026-07-29
HDFCMID150,EQ,29-Jul-2026,23.27,23.85,23.85,23.03,23.39,278104,65.04,1117,153654.0,55.25,2026-07-29
HDFCMOMENT,EQ,29-Jul-2026,30.28,30.39,30.5,30.3,30.46,59678,18.14,437,32810.0,54.98,2026-07-29
HDFCNEXT50,EQ,29-Jul-2026,73.58,73.97,74.18,73.69,74.04,596255,441.21,761,530620.0,88.99,2026-07-29
HDFCNIF100,EQ,29-Jul-2026,25.82,26.07,26.19,25.9,26.06,12128,3.17,194,7338.0,60.5,2026-07-29
HDFCNIFBAN,EQ,29-Jul-2026,58.43,59.89,59.89,58.64,58.78,62191,36.59,371,34967.0,56.23,2026-07-29
HDFCNIFIT,EQ,29-Jul-2026,32.55,33.53,33.53,32.63,33.1,855391,284.83,1171,604921.0,70.72,2026-07-29
HDFCNIFTY,EQ,29-Jul-2026,270.51,277.27,277.27,271.36,272.91,109707,299.14,678,79370.0,72.35,2026-07-29
HDFCPSUBK,EQ,29-Jul-2026,83.97,84.34,84.72,83.99,84.16,52562,44.31,250,37942.0,72.19,2026-07-29
HDFCPVTBAN,EQ,29-Jul-2026,27.77,28.46,28.46,27.85,28.11,541624,151.71,644,348525.0,64.35,2026-07-29
HDFCQUAL,EQ,29-Jul-2026,58.04,57.75,58.91,57.75,58.78,43724,25.7,186,17830.0,40.78,2026-07-29
HDFCSENSEX,EQ,29-Jul-2026,86.93,87.5,88.09,87.33,87.85,45531,40.02,445,39136.0,85.95,2026-07-29
HDFCSILVER,EQ,29-Jul-2026,206.08,206.73,208.25,206.01,206.71,1628287,3372.58,9232,625671.0,38.43,2026-07-29
HDFCSML250,EQ,29-Jul-2026,179.06,181.0,181.48,179.07,181.22,2610013,4713.61,8417,1981787.0,75.93,2026-07-29
HDFCVALUE,EQ,29-Jul-2026,125.75,126.02,126.48,126.01,126.16,1333,1.68,54,742.0,55.66,2026-07-29
HDIL,BZ,29-Jul-2026,1.66,1.66,1.69,1.65,1.65,89420,1.49,148,,,2026-07-29
HEADSUP,EQ,29-Jul-2026,6.7,6.75,6.89,6.72,6.8,6841,0.47,41,6056.0,88.53,2026-07-29
HEALTHADD,EQ,29-Jul-2026,16.63,16.71,16.89,16.27,16.85,46986,7.9,118,26000.0,55.34,2026-07-29
HEALTHAXIS,EQ,29-Jul-2026,167.67,168.6,169.98,168.5,169.58,9868,16.71,110,5640.0,57.15,2026-07-29
HEALTHCARE,EQ,29-Jul-2026,21.35,21.39,21.65,21.39,21.62,67249,14.51,174,30473.0,45.31,2026-07-29
HEALTHIETF,EQ,29-Jul-2026,169.13,169.13,171.89,169.13,171.39,87586,149.57,1152,49546.0,56.57,2026-07-29
HEALTHX,EQ,29-Jul-2026,305.65,307.2,310.35,304.0,305.45,715,2.19,57,452.0,63.22,2026-07-29
HEALTHY,EQ,29-Jul-2026,16.99,17.41,17.41,16.79,17.17,325140,55.67,896,218497.0,67.2,2026-07-29
HECPROJECT,EQ,29-Jul-2026,136.43,136.55,137.99,133.0,134.35,10070,13.67,264,5975.0,59.33,2026-07-29
HEG,EQ,29-Jul-2026,651.05,650.05,675.0,636.15,672.65,2460817,16354.41,55082,955472.0,38.83,2026-07-29
HEIDELBERG,EQ,29-Jul-2026,156.85,156.3,159.36,151.9,155.27,343630,535.23,4770,108716.0,31.64,2026-07-29
HEMIPROP,EQ,29-Jul-2026,133.97,134.68,136.8,133.97,134.84,180370,243.72,2340,70004.0,38.81,2026-07-29
HERANBA,EQ,29-Jul-2026,175.45,180.0,180.29,176.0,178.04,23349,41.56,883,11084.0,47.47,2026-07-29
HERITGFOOD,EQ,29-Jul-2026,323.3,324.05,330.9,322.95,328.75,221069,723.86,5417,149268.0,67.52,2026-07-29
HEROMOTOCO,EQ,29-Jul-2026,5154.3,5185.0,5227.9,5127.7,5149.1,682570,35381.15,51926,370574.0,54.29,2026-07-29
HESTERBIO,EQ,29-Jul-2026,2520.4,2522.9,2547.9,2451.0,2496.9,8568,214.48,1823,4869.0,56.83,2026-07-29
HEXAGON,BE,29-Jul-2026,62.61,62.5,63.25,61.2,62.06,254298,157.77,1119,,,2026-07-29
HEXATRADEX,EQ,29-Jul-2026,158.88,159.0,159.11,155.15,157.04,11332,17.79,129,8841.0,78.02,2026-07-29
HEXT,EQ,29-Jul-2026,593.15,606.0,622.8,590.4,618.3,1588783,9720.15,42670,484630.0,30.5,2026-07-29
HFCL,EQ,29-Jul-2026,188.39,189.0,195.5,181.05,193.56,40104195,76036.81,151952,14582772.0,36.36,2026-07-29
HGINFRA,EQ,29-Jul-2026,536.15,544.2,544.2,530.6,533.65,66154,354.21,3942,39716.0,60.04,2026-07-29
HGM,EQ,29-Jul-2026,50.38,52.2,52.2,49.53,51.27,665,0.34,31,368.0,55.34,2026-07-29
HGS,EQ,29-Jul-2026,421.0,421.15,429.4,421.15,423.85,15231,64.6,775,11009.0,72.28,2026-07-29
HIGREEN,SM,29-Jul-2026,136.2,135.05,135.7,131.5,132.35,32000,42.88,40,26400.0,82.5,2026-07-29
HIKAL,EQ,29-Jul-2026,216.99,217.95,224.0,216.99,221.38,243580,538.65,4603,111595.0,45.81,2026-07-29
HILINFRA,EQ,29-Jul-2026,47.32,47.32,48.21,46.0,46.99,45388,21.38,387,33980.0,74.87,2026-07-29
HILTON,BE,29-Jul-2026,21.0,21.0,22.05,20.9,21.61,62651,13.53,171,,,2026-07-29
HIMATSEIDE,EQ,29-Jul-2026,79.54,80.72,81.09,79.92,80.62,303059,244.35,2488,170082.0,56.12,2026-07-29
HINDALCO,EQ,29-Jul-2026,936.4,940.0,964.8,938.15,962.45,2939377,28104.33,64273,1565877.0,53.27,2026-07-29
HINDCOMPOS,EQ,29-Jul-2026,426.65,426.65,434.9,423.05,428.05,2268,9.69,238,1153.0,50.84,2026-07-29
HINDCON,EQ,29-Jul-2026,21.8,22.81,22.89,21.41,22.75,42839,9.55,471,36558.0,85.34,2026-07-29
HINDCOPPER,EQ,29-Jul-2026,473.15,474.95,485.4,469.0,483.45,2384852,11438.79,40485,1138749.0,47.75,2026-07-29
HINDOILEXP,EQ,29-Jul-2026,157.08,157.4,159.0,156.15,157.01,205647,323.37,2934,95289.0,46.34,2026-07-29
HINDPETRO,EQ,29-Jul-2026,400.05,399.95,400.05,392.3,392.75,5674023,22388.53,69452,3133880.0,55.23,2026-07-29
HINDUNILVR,EQ,29-Jul-2026,2022.7,2050.5,2123.0,2047.0,2117.8,5183374,108756.5,132751,2685428.0,51.81,2026-07-29
HINDWAREAP,EQ,29-Jul-2026,217.0,218.05,222.1,216.55,219.4,65650,144.02,2307,29796.0,45.39,2026-07-29
HINDZINC,EQ,29-Jul-2026,526.9,529.8,541.1,527.3,536.7,2538802,13555.1,43268,1391740.0,54.82,2026-07-29
HIRECT,EQ,29-Jul-2026,1311.5,1311.0,1337.0,1275.9,1323.1,94354,1234.24,8803,38314.0,40.61,2026-07-29
HISARMETAL,EQ,29-Jul-2026,149.42,148.75,151.9,147.5,148.38,191,0.28,11,188.0,98.43,2026-07-29
HITECH,EQ,29-Jul-2026,84.93,85.3,86.7,85.07,86.21,243278,209.47,2340,133202.0,54.75,2026-07-29
HITECHCORP,BE,29-Jul-2026,320.65,320.65,324.3,317.05,320.0,5080,16.25,89,,,2026-07-29
HITECHGEAR,BE,29-Jul-2026,577.3,584.0,584.0,555.0,562.5,3496,19.89,124,,,2026-07-29
HLEGLAS,EQ,29-Jul-2026,419.95,419.0,432.9,418.1,428.0,143438,613.41,6834,80996.0,56.47,2026-07-29
HLVLTD,EQ,29-Jul-2026,7.26,7.03,7.22,7.03,7.12,248003,17.63,680,187717.0,75.69,2026-07-29
HMAAGRO,EQ,29-Jul-2026,21.22,21.49,22.2,21.22,21.95,621414,136.02,982,311564.0,50.14,2026-07-29
HMT,BZ,29-Jul-2026,59.88,60.99,60.99,58.51,59.4,8907,5.33,69,,,2026-07-29
HMVL,EQ,29-Jul-2026,93.52,91.6,95.3,91.6,94.99,69041,65.24,1073,55971.0,81.07,2026-07-29
HNDFDS,EQ,29-Jul-2026,574.25,578.25,580.0,566.1,568.0,111112,632.95,3541,75130.0,67.62,2026-07-29
HNGSNGBEES,EQ,29-Jul-2026,489.13,494.03,495.0,488.55,491.18,165334,815.02,6796,103037.0,62.32,2026-07-29
HOACFOODS,ST,29-Jul-2026,730.0,725.0,725.0,725.0,725.0,375,2.72,1,375.0,100.0,2026-07-29
HOLMARC,SM,29-Jul-2026,105.0,107.0,107.0,102.0,102.0,4500,4.73,6,4500.0,100.0,2026-07-29
HOMEFIRST,EQ,29-Jul-2026,1181.0,1188.2,1201.8,1150.0,1174.5,229658,2677.82,16285,117398.0,51.12,2026-07-29
HOMESFY,SM,29-Jul-2026,122.85,122.85,122.85,122.85,122.85,600,0.74,1,600.0,100.0,2026-07-29
HONASA,EQ,29-Jul-2026,452.1,454.0,460.6,446.4,449.35,1012824,4586.51,28926,577041.0,56.97,2026-07-29
HONAUT,EQ,29-Jul-2026,37510.0,37530.0,41495.0,37480.0,40105.0,55510,22393.29,23180,12466.0,22.46,2026-07-29
HONDAPOWER,EQ,29-Jul-2026,2090.8,2103.4,2124.9,2089.1,2119.7,2808,59.29,480,1622.0,57.76,2026-07-29
HPAL,EQ,29-Jul-2026,32.51,33.69,33.69,32.65,32.75,17700,5.8,329,12722.0,71.88,2026-07-29
HPIL,EQ,29-Jul-2026,121.48,122.08,127.0,121.5,126.07,5555,6.99,49,4916.0,88.5,2026-07-29
HPL,EQ,29-Jul-2026,334.25,334.0,338.95,334.0,336.25,63914,214.71,2215,28814.0,45.08,2026-07-29
HPTL,SM,29-Jul-2026,285.4,298.5,299.65,298.5,299.65,15600,46.68,14,15600.0,100.0,2026-07-29
HRHNEXT,SM,29-Jul-2026,27.05,27.05,27.05,27.05,27.05,1500,0.41,1,1500.0,100.0,2026-07-29
HSBCGOLD,EQ,29-Jul-2026,122.83,123.44,123.58,122.5,123.2,344,0.42,21,344.0,100.0,2026-07-29
HSCL,EQ,29-Jul-2026,749.65,753.0,771.8,750.25,769.9,5770526,43994.72,55089,1506391.0,26.1,2026-07-29
HTMEDIA,EQ,29-Jul-2026,24.88,25.0,25.19,24.5,24.8,57912,14.41,331,39419.0,68.07,2026-07-29
HUBTOWN,EQ,29-Jul-2026,189.62,191.0,193.09,189.45,191.52,336704,644.78,3693,245339.0,72.86,2026-07-29
HUDCO,EQ,29-Jul-2026,194.45,196.22,198.98,194.75,195.21,2302330,4527.82,25776,1041134.0,45.22,2026-07-29
HUHTAMAKI,EQ,29-Jul-2026,298.51,301.0,303.0,290.67,296.89,803338,2382.64,11985,220411.0,27.44,2026-07-29
HYBRIDFIN,BE,29-Jul-2026,18.03,18.12,18.54,18.03,18.54,4272,0.78,31,,,2026-07-29
HYUNDAI,EQ,29-Jul-2026,2001.9,2000.0,2011.9,1971.0,1992.9,327236,6505.65,15581,141714.0,43.31,2026-07-29
IBLFL,SM,29-Jul-2026,61.0,61.0,61.05,61.0,61.05,4000,2.44,2,4000.0,100.0,2026-07-29
IBULLSLTD,BE,29-Jul-2026,29.61,28.55,29.49,28.13,28.13,5757040,1633.2,7050,,,2026-07-29
ICDSLTD,EQ,29-Jul-2026,39.46,41.5,41.5,39.06,41.34,3466,1.41,24,2340.0,67.51,2026-07-29
ICELCO,SM,29-Jul-2026,149.8,150.0,157.5,145.55,156.0,75600,117.18,61,46800.0,61.9,2026-07-29
ICEMAKE,EQ,29-Jul-2026,855.8,852.55,860.15,804.05,807.95,49706,407.35,4033,33366.0,67.13,2026-07-29
ICICIAMC,EQ,29-Jul-2026,3113.7,3121.1,3140.0,3095.2,3110.7,173664,5414.58,16183,98823.0,56.9,2026-07-29
ICICIB22,EQ,29-Jul-2026,114.7,111.83,115.7,111.83,115.25,260991,301.06,2085,201235.0,77.1,2026-07-29
ICICIBANK,EQ,29-Jul-2026,1430.8,1442.5,1448.5,1428.5,1437.9,10856166,156146.05,155779,7381756.0,68.0,2026-07-29
ICICIGI,EQ,29-Jul-2026,1683.8,1699.0,1699.7,1643.0,1648.8,605476,10035.47,29462,333120.0,55.02,2026-07-29
ICICIPRULI,EQ,29-Jul-2026,510.1,510.1,513.4,507.55,511.65,475310,2429.31,11687,247520.0,52.08,2026-07-29
ICIL,EQ,29-Jul-2026,410.75,414.8,415.0,403.3,412.9,186143,765.71,7941,84202.0,45.24,2026-07-29
ICRA,EQ,29-Jul-2026,4712.5,4725.0,4840.0,4725.0,4775.5,29570,1416.75,4100,20670.0,69.9,2026-07-29
IDBI,EQ,29-Jul-2026,85.37,85.1,85.53,83.89,84.14,4781984,4048.33,17261,2316647.0,48.45,2026-07-29
IDEA,EQ,29-Jul-2026,12.95,13.02,13.19,12.95,13.05,275144292,35941.27,429840,91157774.0,33.13,2026-07-29
IDEAFORGE,BE,29-Jul-2026,847.95,847.95,858.9,846.0,848.5,83263,707.25,3970,,,2026-07-29
IDEALTECHO,SM,29-Jul-2026,185.0,168.4,199.0,168.4,184.0,4000,7.35,8,2500.0,62.5,2026-07-29
IDENTICAL,SM,29-Jul-2026,19.0,17.3,17.45,17.25,17.35,10000,1.73,5,10000.0,100.0,2026-07-29
IDFCFIRSTB,EQ,29-Jul-2026,85.75,85.75,86.1,84.57,85.02,19050886,16268.09,56654,9004509.0,47.27,2026-07-29
IDFNIFTYET,EQ,29-Jul-2026,264.23,266.45,268.0,266.45,267.33,1471,3.93,29,597.0,40.58,2026-07-29
IEML,SM,29-Jul-2026,42.2,43.5,43.5,42.25,42.85,8500,3.64,17,5000.0,58.82,2026-07-29
IEX,EQ,29-Jul-2026,132.11,132.96,134.76,131.8,134.19,8086757,10792.41,52445,3629517.0,44.88,2026-07-29
IFBAGRO,BE,29-Jul-2026,1026.35,990.1,1016.85,975.05,988.55,8260,82.1,304,,,2026-07-29
IFBIND,EQ,29-Jul-2026,1312.6,1315.7,1337.4,1313.0,1331.3,32619,432.08,4051,18101.0,55.49,2026-07-29
IFCI,EQ,29-Jul-2026,68.52,69.0,71.79,68.43,71.3,19026984,13467.62,54943,4945515.0,25.99,2026-07-29
IFGLEXPOR,EQ,29-Jul-2026,195.44,195.0,202.18,193.07,196.14,36525,72.1,1118,15595.0,42.7,2026-07-29
IGARASHI,EQ,29-Jul-2026,447.05,448.5,461.15,448.5,455.85,60191,273.66,2934,27786.0,46.16,2026-07-29
IGCL,EQ,29-Jul-2026,73.03,73.1,79.0,72.86,77.63,234409,180.0,1412,159839.0,68.19,2026-07-29
IGIL,EQ,29-Jul-2026,328.75,329.1,348.1,326.0,347.0,1409315,4784.85,28028,849423.0,60.27,2026-07-29
IGL,EQ,29-Jul-2026,150.7,150.01,153.39,150.01,152.91,898213,1366.91,13494,492838.0,54.87,2026-07-29
IGPL,EQ,29-Jul-2026,463.0,468.0,468.0,460.0,463.5,13386,62.06,1162,7148.0,53.4,2026-07-29
IIFL,EQ,29-Jul-2026,582.35,585.85,602.3,579.2,595.1,2448855,14580.26,52379,1214893.0,49.61,2026-07-29
IIFLCAPS,EQ,29-Jul-2026,336.3,336.4,337.9,334.8,335.85,476260,1600.04,7681,337455.0,70.86,2026-07-29
IITL,EQ,29-Jul-2026,131.33,134.99,137.0,132.0,136.02,92986,125.51,563,9842.0,10.58,2026-07-29
IKIO,EQ,29-Jul-2026,207.53,206.7,210.0,202.61,204.7,186351,382.52,2643,68583.0,36.8,2026-07-29
IKS,EQ,29-Jul-2026,1819.6,1819.0,1841.4,1809.9,1819.2,47133,861.69,6508,23237.0,49.3,2026-07-29
IL&FSENGG,BZ,29-Jul-2026,32.23,32.5,33.84,32.5,33.84,30910,10.4,65,,,2026-07-29
IL&FSTRANS,BZ,29-Jul-2026,2.2,2.2,2.22,2.09,2.2,17588,0.37,74,,,2026-07-29
IMAGICAA,EQ,29-Jul-2026,46.29,46.16,46.73,45.65,46.08,392358,181.23,1767,224839.0,57.3,2026-07-29
IMFA,EQ,29-Jul-2026,1344.6,1361.4,1391.9,1342.1,1372.7,108837,1485.02,9725,58172.0,53.45,2026-07-29
IMPAL,EQ,29-Jul-2026,1114.6,1097.9,1133.9,1080.0,1102.6,2392,26.33,434,1457.0,60.91,2026-07-29
INA,EQ,29-Jul-2026,110.94,111.94,112.44,110.95,111.73,279634,312.2,2826,123421.0,44.14,2026-07-29
INCREDIBLE,EQ,29-Jul-2026,33.44,33.03,33.94,32.55,33.01,1808,0.6,43,1161.0,64.21,2026-07-29
INDBANK,EQ,29-Jul-2026,32.6,33.15,33.15,32.3,32.55,23955,7.8,262,17469.0,72.92,2026-07-29
INDGN,EQ,29-Jul-2026,508.5,507.1,524.9,507.1,523.6,206225,1071.07,10380,128696.0,62.41,2026-07-29
INDHOTEL,EQ,29-Jul-2026,734.7,737.0,740.5,731.9,738.2,1155231,8513.5,30970,633451.0,54.83,2026-07-29
INDIACEM,EQ,29-Jul-2026,389.95,389.95,400.3,386.55,398.2,208689,825.79,13913,79427.0,38.06,2026-07-29
INDIAGLYCO,EQ,29-Jul-2026,1147.9,1147.9,1161.05,1140.6,1143.95,73111,839.92,5227,37563.0,51.38,2026-07-29
INDIAMART,EQ,29-Jul-2026,1743.0,1764.0,1764.0,1736.1,1751.0,137081,2400.51,24634,81842.0,59.7,2026-07-29
INDIANB,EQ,29-Jul-2026,834.25,834.25,839.15,826.05,827.7,772928,6434.13,27635,331334.0,42.87,2026-07-29
INDIANCARD,EQ,29-Jul-2026,223.04,223.04,227.98,220.0,222.59,25481,56.41,596,20162.0,79.13,2026-07-29
INDIANHUME,EQ,29-Jul-2026,375.0,377.0,395.9,372.4,393.85,177726,692.38,5118,32864.0,18.49,2026-07-29
INDIASHLTR,EQ,29-Jul-2026,728.5,732.7,736.85,720.0,724.7,319214,2311.19,12831,263989.0,82.7,2026-07-29
INDIFRA,SM,29-Jul-2026,11.95,11.45,11.45,11.45,11.45,4000,0.46,2,4000.0,100.0,2026-07-29
INDIGO,EQ,29-Jul-2026,5270.5,5280.0,5300.0,5205.0,5276.5,668162,35156.74,56642,397153.0,59.44,2026-07-29
INDIGOPNTS,EQ,29-Jul-2026,1066.6,1066.6,1109.9,1066.6,1102.3,73919,809.24,9574,36105.0,48.84,2026-07-29
INDIGRID,IV,29-Jul-2026,177.68,178.94,179.18,177.51,178.32,461409,822.26,9134,388270.0,84.15,2026-07-29
INDIQUBE,EQ,29-Jul-2026,177.52,178.75,185.48,176.01,179.79,44219,79.58,1228,23624.0,53.42,2026-07-29
INDNIPPON,EQ,29-Jul-2026,1163.1,1171.2,1186.7,1161.2,1171.9,14637,171.91,2109,7207.0,49.24,2026-07-29
INDOAMIN,BE,29-Jul-2026,127.72,125.61,129.65,125.61,128.37,14002,17.89,152,,,2026-07-29
INDOBORAX,EQ,29-Jul-2026,395.55,396.0,398.9,380.9,384.6,136177,528.07,4789,50261.0,36.91,2026-07-29
INDOCO,EQ,29-Jul-2026,228.05,231.0,235.7,223.0,225.05,357016,821.05,7961,96287.0,26.97,2026-07-29
INDOFARM,EQ,29-Jul-2026,152.11,153.11,156.73,153.1,155.06,145355,225.36,2357,52550.0,36.15,2026-07-29
INDORAMA,EQ,29-Jul-2026,49.42,49.5,54.24,49.5,53.24,632024,331.08,3417,346616.0,54.84,2026-07-29
INDOSTAR,EQ,29-Jul-2026,269.75,268.6,292.0,257.6,274.7,1205846,3312.51,35929,245699.0,20.38,2026-07-29
INDOTECH,BE,29-Jul-2026,3467.3,3475.0,3492.0,3339.1,3463.8,8787,300.62,758,,,2026-07-29
INDOTHAI,EQ,29-Jul-2026,220.51,223.0,234.89,217.0,217.94,6586147,14614.63,26393,1346218.0,20.44,2026-07-29
INDOUS,EQ,29-Jul-2026,84.1,84.8,85.9,82.27,84.76,34982,29.63,452,29223.0,83.54,2026-07-29
INDOWIND,BE,29-Jul-2026,9.22,9.22,9.34,9.01,9.23,48572,4.45,187,,,2026-07-29
INDPRUD,EQ,29-Jul-2026,6500.0,6420.0,6600.0,6420.0,6501.0,63,4.12,20,43.0,68.25,2026-07-29
INDRAMEDCO,EQ,29-Jul-2026,369.3,370.25,371.75,360.95,362.7,447874,1632.7,5666,329489.0,73.57,2026-07-29
INDSWFTLAB,EQ,29-Jul-2026,236.31,238.0,238.0,220.0,223.58,745058,1682.55,9304,456740.0,61.3,2026-07-29
INDTERRAIN,EQ,29-Jul-2026,28.3,29.0,29.0,28.02,28.51,37503,10.63,140,27505.0,73.34,2026-07-29
INDUSINDBK,EQ,29-Jul-2026,991.95,995.05,1015.0,993.55,1012.3,1232625,12412.86,41164,645719.0,52.39,2026-07-29
INDUSINVIT,IV,29-Jul-2026,130.8,131.75,131.75,129.94,131.15,73239,95.66,3945,57023.0,77.86,2026-07-29
INDUSTOWER,EQ,29-Jul-2026,381.6,385.35,389.4,380.6,386.15,3522014,13557.95,44538,1871770.0,53.14,2026-07-29
INFINIUM,SM,29-Jul-2026,206.05,209.7,209.7,206.0,206.0,1500,3.11,3,1500.0,100.0,2026-07-29
INFLUX,SM,29-Jul-2026,290.0,290.0,297.0,288.0,297.0,10800,31.68,18,9000.0,83.33,2026-07-29
INFOBEAN,EQ,29-Jul-2026,168.13,168.8,172.9,167.5,168.6,660676,1125.29,10747,214056.0,32.4,2026-07-29
INFOLLION,SM,29-Jul-2026,161.9,161.9,162.4,159.15,160.0,10000,16.12,17,8000.0,80.0,2026-07-29
INFOMEDIA,EQ,29-Jul-2026,5.42,5.16,5.58,5.16,5.41,6514,0.35,56,5381.0,82.61,2026-07-29
INFRA,EQ,29-Jul-2026,12.06,12.05,12.1,12.03,12.06,13375,1.61,157,7666.0,57.32,2026-07-29
INFRABEES,EQ,29-Jul-2026,960.01,953.3,968.1,953.3,964.86,4057,39.14,1097,1908.0,47.03,2026-07-29
INFRAIETF,EQ,29-Jul-2026,95.17,95.6,96.05,95.3,95.84,82069,78.67,1977,50193.0,61.16,2026-07-29
INFY,EQ,29-Jul-2026,1105.7,1147.0,1164.5,1128.4,1155.6,34400369,396421.72,459638,20131710.0,58.52,2026-07-29
INGERRAND,EQ,29-Jul-2026,4255.0,4230.4,4323.2,4230.4,4285.0,4114,176.48,1112,2395.0,58.22,2026-07-29
INM,SM,29-Jul-2026,187.0,187.0,192.95,180.0,180.0,9000,16.63,14,6000.0,66.67,2026-07-29
INNOMET,ST,29-Jul-2026,176.9,173.4,173.4,173.4,173.4,91800,159.18,71,90600.0,98.69,2026-07-29
INNOVACAP,EQ,29-Jul-2026,957.25,963.9,974.7,959.35,968.65,23306,225.21,2587,14725.0,63.18,2026-07-29
INNOVANA,EQ,29-Jul-2026,335.9,342.25,344.9,326.1,330.85,741,2.48,243,310.0,41.84,2026-07-29
INNOVISION,EQ,29-Jul-2026,283.25,283.25,284.9,281.0,282.15,9342,26.4,481,7215.0,77.23,2026-07-29
INOXGREEN,EQ,29-Jul-2026,194.68,194.68,195.53,180.12,182.55,3301425,6082.14,30732,1571732.0,47.61,2026-07-29
INOXINDIA,EQ,29-Jul-2026,1896.1,1914.4,1927.9,1866.0,1881.8,209899,3953.71,18903,114531.0,54.56,2026-07-29
INOXWIND,EQ,29-Jul-2026,75.94,76.94,78.88,76.1,76.6,24060517,18603.5,63146,7274975.0,30.24,2026-07-29
INSECTICID,EQ,29-Jul-2026,629.45,627.3,639.35,625.1,629.15,12743,80.69,2814,6947.0,54.52,2026-07-29
INSPIRISYS,BE,29-Jul-2026,101.47,104.97,104.97,98.0,98.32,3146,3.12,43,,,2026-07-29
INTEGRITY,ST,29-Jul-2026,160.5,160.0,160.5,160.0,160.5,37200,59.57,4,37200.0,100.0,2026-07-29
INTELLECT,EQ,29-Jul-2026,724.25,728.0,735.35,716.05,720.0,654980,4743.98,20587,339256.0,51.8,2026-07-29
INTENTECH,EQ,29-Jul-2026,87.71,89.72,90.0,87.01,88.71,246890,217.37,398,240103.0,97.25,2026-07-29
INTERARCH,EQ,29-Jul-2026,1816.7,1816.7,1836.2,1795.0,1799.9,19745,357.62,3102,12262.0,62.1,2026-07-29
INTERNET,EQ,29-Jul-2026,13.49,13.6,13.7,13.58,13.65,148424,20.26,160,115442.0,77.78,2026-07-29
INTLCONV,EQ,29-Jul-2026,74.78,74.78,76.59,73.5,74.57,37708,28.15,856,24408.0,64.73,2026-07-29
INVENTURE,EQ,29-Jul-2026,0.92,0.92,0.93,0.91,0.91,577383,5.3,281,454906.0,78.79,2026-07-29
INVICTA,ST,29-Jul-2026,66.0,66.0,67.0,66.0,66.75,14400,9.6,7,14400.0,100.0,2026-07-29
INVPRECQ,BE,29-Jul-2026,1015.0,1050.0,1062.0,1000.0,1012.4,7859,81.39,252,,,2026-07-29
IOB,EQ,29-Jul-2026,33.84,34.0,34.07,33.72,33.79,1478850,500.42,9470,811551.0,54.88,2026-07-29
IOC,EQ,29-Jul-2026,141.28,141.35,141.77,139.55,140.11,7526333,10549.35,50336,4596620.0,61.07,2026-07-29
IOLCP,EQ,29-Jul-2026,147.15,148.0,150.48,146.31,147.35,970921,1437.18,8549,382466.0,39.39,2026-07-29
IONEXCHANG,EQ,29-Jul-2026,418.75,418.75,426.85,418.5,423.9,239537,1016.04,10087,105730.0,44.14,2026-07-29
IPCALAB,EQ,29-Jul-2026,1789.0,1780.1,1808.0,1760.0,1774.5,155850,2770.96,17697,80032.0,51.35,2026-07-29
IPHL,SM,29-Jul-2026,78.1,82.8,84.25,70.0,72.25,192000,152.33,155,118800.0,61.88,2026-07-29
IPL,EQ,29-Jul-2026,151.11,151.45,153.9,150.9,152.73,139686,212.34,1962,68755.0,49.22,2026-07-29
IRB,EQ,29-Jul-2026,19.45,19.65,20.16,19.5,19.98,9542643,1898.96,21295,4717242.0,49.43,2026-07-29
IRBINVIT,IV,29-Jul-2026,62.1,62.1,62.17,61.51,62.06,1245214,770.92,5544,1133720.0,91.05,2026-07-29
IRCON,EQ,29-Jul-2026,124.52,125.0,128.27,125.0,126.67,1545863,1961.97,14915,428552.0,27.72,2026-07-29
IRCTC,EQ,29-Jul-2026,485.95,486.95,498.4,486.95,496.0,844855,4174.42,26256,437172.0,51.75,2026-07-29
IREDA,EQ,29-Jul-2026,120.49,120.48,121.47,120.0,120.82,3240985,3914.07,19491,1076207.0,33.21,2026-07-29
IRFC,EQ,29-Jul-2026,87.15,87.4,89.64,87.35,89.13,10298238,9152.4,44329,3593501.0,34.89,2026-07-29
IRIS,EQ,29-Jul-2026,237.9,241.45,250.0,240.75,248.4,35851,88.26,1010,24718.0,68.95,2026-07-29
IRISDOREME,EQ,29-Jul-2026,48.32,49.04,53.0,47.0,49.35,1649151,817.25,7739,493877.0,29.95,2026-07-29
IRMENERGY,EQ,29-Jul-2026,255.95,255.95,259.7,255.0,256.45,40543,104.31,1232,18219.0,44.94,2026-07-29
ISFT,EQ,29-Jul-2026,78.88,79.98,84.5,76.51,79.29,24976,19.59,310,19741.0,79.04,2026-07-29
ISGEC,EQ,29-Jul-2026,845.7,851.4,862.0,845.05,853.25,15933,135.6,1947,7878.0,49.44,2026-07-29
ISHANCH,EQ,29-Jul-2026,51.58,50.5,52.4,50.5,51.84,6190,3.2,74,4861.0,78.53,2026-07-29
IT,EQ,29-Jul-2026,33.79,34.1,34.87,33.79,34.56,1238440,428.58,2191,864367.0,69.79,2026-07-29
ITADD,EQ,29-Jul-2026,32.21,32.97,33.31,32.69,32.96,113777,37.65,356,61205.0,53.79,2026-07-29
ITALIANE,SM,29-Jul-2026,31.85,31.9,31.9,31.5,31.5,4000,1.27,2,4000.0,100.0,2026-07-29
ITAXIS,EQ,29-Jul-2026,335.15,336.07,345.32,336.07,342.66,14375,49.32,195,7439.0,51.75,2026-07-29
ITBEES,EQ,29-Jul-2026,33.77,34.0,34.8,34.0,34.54,49334071,17066.04,35297,27389455.0,55.52,2026-07-29
ITBETA,EQ,29-Jul-2026,320.65,324.33,329.0,324.33,327.84,1242,4.07,49,1120.0,90.18,2026-07-29
ITC,EQ,29-Jul-2026,284.65,285.6,289.05,284.15,286.25,19030590,54642.77,241335,10008026.0,52.59,2026-07-29
ITCHOTELS,EQ,29-Jul-2026,161.01,161.48,164.34,161.19,163.02,1769261,2880.41,32124,947842.0,53.57,2026-07-29
ITDC,EQ,29-Jul-2026,717.35,717.35,734.4,714.35,719.5,213617,1543.79,11174,38247.0,17.9,2026-07-29
ITETF,EQ,29-Jul-2026,32.27,32.5,33.25,32.5,32.97,1349677,446.04,1764,876879.0,64.97,2026-07-29
ITI,EQ,29-Jul-2026,273.4,273.4,278.5,271.5,277.15,177601,490.37,4372,62244.0,35.05,2026-07-29
ITIETF,EQ,29-Jul-2026,33.78,34.48,34.9,34.24,34.56,3682663,1275.24,3110,2583584.0,70.16,2026-07-29
ITTL,ST,29-Jul-2026,69.25,67.9,67.9,67.9,67.9,315,0.21,2,315.0,100.0,2026-07-29
IVALUE,EQ,29-Jul-2026,284.45,286.9,288.6,280.8,284.55,373123,1063.0,8030,235786.0,63.19,2026-07-29
IVC,EQ,29-Jul-2026,8.22,8.26,8.32,8.16,8.24,76273,6.29,516,46391.0,60.82,2026-07-29
IVP,BE,29-Jul-2026,152.51,154.5,158.5,149.85,151.29,9208,14.07,156,,,2026-07-29
IVZINGOLD,EQ,29-Jul-2026,122.2,122.75,123.3,122.05,122.95,34200,41.99,174,13415.0,39.23,2026-07-29
IVZINNIFTY,EQ,29-Jul-2026,2754.23,2768.0,2780.73,2760.58,2778.13,214,5.94,62,153.0,71.5,2026-07-29
IWARE,ST,29-Jul-2026,466.15,474.0,485.0,465.35,466.1,9000,42.88,15,7800.0,86.67,2026-07-29
IWP,EQ,29-Jul-2026,32.98,34.5,34.5,32.64,33.05,1417,0.47,25,562.0,39.66,2026-07-29
IXIGO,EQ,29-Jul-2026,191.93,192.04,195.0,189.61,194.03,353352,679.51,8762,146606.0,41.49,2026-07-29
IZMO,EQ,29-Jul-2026,1095.9,1095.9,1108.6,1051.0,1055.4,72997,780.77,5364,37829.0,51.82,2026-07-29
J&KBANK,EQ,29-Jul-2026,177.3,178.7,182.29,153.2,154.63,36982212,59458.71,239013,11295161.0,30.54,2026-07-29
JAGRAN,EQ,29-Jul-2026,62.17,62.23,63.16,62.0,62.55,224462,140.61,3040,131849.0,58.74,2026-07-29
JAGSNPHARM,EQ,29-Jul-2026,224.06,224.55,231.9,223.21,230.5,77095,176.0,2318,36885.0,47.84,2026-07-29
JAIBALAJI,BE,29-Jul-2026,60.54,60.35,61.5,59.5,61.13,261098,158.26,715,,,2026-07-29
JAICORPLTD,EQ,29-Jul-2026,100.37,101.4,102.49,100.7,101.76,189579,192.72,2706,83498.0,44.04,2026-07-29
JAINAM,SM,29-Jul-2026,246.75,240.0,240.0,240.0,240.0,8000,19.2,5,8000.0,100.0,2026-07-29
JAINIK,SM,29-Jul-2026,180.0,180.0,180.1,180.0,180.05,3600,6.48,3,3600.0,100.0,2026-07-29
JAINREC,EQ,29-Jul-2026,337.95,341.0,345.6,333.8,335.35,858463,2913.79,18793,266509.0,31.04,2026-07-29
JAIPURKURT,EQ,29-Jul-2026,26.56,27.89,27.89,26.52,27.25,13268,3.56,101,10545.0,79.48,2026-07-29
JALAN,ST,29-Jul-2026,1.6,1.6,1.6,1.6,1.6,6000,0.1,1,6000.0,100.0,2026-07-29
JAMNAAUTO,EQ,29-Jul-2026,131.9,131.98,133.51,131.55,131.97,602751,797.9,10519,308910.0,51.25,2026-07-29
JARO,EQ,29-Jul-2026,485.15,485.9,490.3,475.0,476.45,91471,440.6,2532,20069.0,21.94,2026-07-29
JASH,EQ,29-Jul-2026,507.5,509.7,509.7,492.5,494.55,99535,495.51,3591,60012.0,60.29,2026-07-29
JAYAGROGN,EQ,29-Jul-2026,230.1,226.37,231.59,221.66,224.29,13203,29.86,835,6360.0,48.17,2026-07-29
JAYBARMARU,EQ,29-Jul-2026,161.05,161.48,166.0,153.0,153.0,782043,1220.43,9072,416614.0,53.27,2026-07-29
JAYBEE,SM,29-Jul-2026,90.0,90.0,92.0,87.0,88.25,18500,16.47,31,14500.0,78.38,2026-07-29
JAYESH,SM,29-Jul-2026,130.0,130.1,134.95,130.1,134.0,8000,10.69,3,7000.0,87.5,2026-07-29
JAYKAY,EQ,29-Jul-2026,161.65,162.85,163.79,160.0,160.65,61534,99.31,1782,34622.0,56.26,2026-07-29
JAYNECOIND,EQ,29-Jul-2026,88.36,89.0,90.0,88.44,88.81,2702271,2408.07,17418,1202037.0,44.48,2026-07-29
JAYSREETEA,EQ,29-Jul-2026,80.95,81.01,82.7,80.8,82.56,31592,25.94,275,25267.0,79.98,2026-07-29
JBMA,EQ,29-Jul-2026,659.05,662.0,679.7,660.1,676.0,238674,1603.87,9056,99909.0,41.86,2026-07-29
JETFREIGHT,EQ,29-Jul-2026,23.88,24.34,24.34,19.56,21.22,751872,161.46,1538,423597.0,56.34,2026-07-29
JEYYAM,ST,29-Jul-2026,25.0,25.0,25.0,23.75,24.85,36000,8.74,18,28000.0,77.78,2026-07-29
JFLLIFE,SM,29-Jul-2026,11.8,12.25,12.35,12.25,12.35,18000,2.22,3,18000.0,100.0,2026-07-29
JGCHEM,EQ,29-Jul-2026,506.95,506.0,515.0,500.75,502.6,90334,458.13,4113,43544.0,48.2,2026-07-29
JHS,EQ,29-Jul-2026,7.57,7.35,7.86,7.31,7.47,39814,2.99,146,33530.0,84.22,2026-07-29
JINDALPHOT,EQ,29-Jul-2026,1057.1,1061.7,1094.9,1053.0,1063.1,2864,30.49,408,1726.0,60.27,2026-07-29
JINDALPOLY,EQ,29-Jul-2026,630.1,642.0,642.95,631.05,636.95,4723,30.0,462,2457.0,52.02,2026-07-29
JINDALSAW,EQ,29-Jul-2026,257.15,259.0,260.6,255.1,257.6,570314,1467.51,14002,232567.0,40.78,2026-07-29
JINDALSTEL,EQ,29-Jul-2026,1054.4,1054.4,1099.9,1054.2,1088.7,1960722,21344.53,45920,767281.0,39.13,2026-07-29
JINDRILL,EQ,29-Jul-2026,583.9,585.9,589.25,576.0,578.05,96028,558.78,4036,41048.0,42.75,2026-07-29
JINDWORLD,EQ,29-Jul-2026,39.03,38.91,39.0,37.15,38.16,6721023,2572.92,16198,1050209.0,15.63,2026-07-29
JIOFIN,EQ,29-Jul-2026,237.08,238.0,253.9,237.51,249.48,48984683,121188.43,196580,19760127.0,40.34,2026-07-29
JISLDVREQS,EQ,29-Jul-2026,22.0,21.7,23.0,21.51,22.0,20504,4.57,136,17756.0,86.6,2026-07-29
JISLJALEQS,EQ,29-Jul-2026,30.07,30.43,30.57,29.99,30.13,1202432,362.88,3514,722338.0,60.07,2026-07-29
JITFINFRA,EQ,29-Jul-2026,340.75,347.0,357.3,340.1,353.3,19296,67.22,874,11595.0,60.09,2026-07-29
JKCEMENT,EQ,29-Jul-2026,5642.5,5645.0,5748.0,5611.0,5642.0,52330,2970.09,13140,29109.0,55.63,2026-07-29
JKIL,EQ,29-Jul-2026,480.95,482.0,485.45,480.2,481.35,50930,245.41,1803,32475.0,63.76,2026-07-29
JKIPL,BE,29-Jul-2026,97.76,99.9,101.7,95.25,100.62,9714,9.68,149,,,2026-07-29
JKLAKSHMI,EQ,29-Jul-2026,562.95,568.7,568.7,561.1,564.85,81911,462.68,5597,50424.0,61.56,2026-07-29
JKPAPER,EQ,29-Jul-2026,394.7,393.85,396.65,386.4,388.55,442577,1733.72,12743,165286.0,37.35,2026-07-29
JKTYRE,EQ,29-Jul-2026,400.8,403.2,405.2,400.2,401.55,437482,1758.83,9677,218536.0,49.95,2026-07-29
JLHL,EQ,29-Jul-2026,328.3,329.9,335.0,322.8,327.1,185119,603.66,9966,90279.0,48.77,2026-07-29
JMA,EQ,29-Jul-2026,87.02,89.0,89.0,86.01,87.02,4102,3.6,102,2954.0,72.01,2026-07-29
JMFINANCIL,EQ,29-Jul-2026,122.7,123.9,124.92,123.0,123.26,1147050,1420.43,9256,634173.0,55.29,2026-07-29
JNKINDIA,EQ,29-Jul-2026,466.55,464.0,470.5,453.3,457.9,157770,727.07,3691,81585.0,51.71,2026-07-29
JOCIL,BE,29-Jul-2026,145.0,141.61,147.95,141.61,144.86,842,1.21,16,,,2026-07-29
JPOLYINVST,EQ,29-Jul-2026,1030.6,1026.8,1046.0,1026.8,1044.5,2081,21.62,261,1294.0,62.18,2026-07-29
JPPOWER,EQ,29-Jul-2026,16.92,16.93,17.16,16.89,17.04,25289247,4301.46,20442,8248739.0,32.62,2026-07-29
JSFB,EQ,29-Jul-2026,531.1,534.7,581.0,527.2,572.35,3307725,18343.7,63988,1511905.0,45.71,2026-07-29
JSL,EQ,29-Jul-2026,724.3,733.0,739.4,725.65,728.5,250436,1833.17,12898,132503.0,52.91,2026-07-29
JSLL,EQ,29-Jul-2026,564.45,569.0,582.95,562.0,564.9,621946,3539.45,14796,311747.0,50.12,2026-07-29
JSWCEMENT,EQ,29-Jul-2026,134.22,134.22,135.71,131.8,132.46,2998961,3978.79,44468,1793408.0,59.8,2026-07-29
JSWDULUX,EQ,29-Jul-2026,2929.2,2929.8,3009.8,2929.8,2973.5,10735,318.77,3131,5202.0,48.46,2026-07-29
JSWENERGY,EQ,29-Jul-2026,544.25,550.0,550.95,543.9,545.7,1361191,7436.67,33802,678413.0,49.84,2026-07-29
JSWHL,EQ,29-Jul-2026,10981.0,11050.0,11199.0,10961.0,11163.0,1892,210.05,968,1080.0,57.08,2026-07-29
JSWINFRA,EQ,29-Jul-2026,318.2,318.2,318.35,311.85,316.55,3228953,10174.23,37005,1831471.0,56.72,2026-07-29
JSWSTEEL,EQ,29-Jul-2026,1246.9,1255.7,1279.0,1243.2,1276.6,1516573,19278.6,39818,678506.0,44.74,2026-07-29
JTEKTINDIA,EQ,29-Jul-2026,135.17,135.89,136.0,133.32,134.29,123198,166.08,2265,64440.0,52.31,2026-07-29
JTLIND,EQ,29-Jul-2026,71.73,72.25,74.5,71.56,73.68,912175,669.78,5284,463241.0,50.78,2026-07-29
JUBLCPL,EQ,29-Jul-2026,1811.5,1820.0,1871.9,1819.2,1840.6,2982,54.97,339,1742.0,58.42,2026-07-29
JUBLFOOD,EQ,29-Jul-2026,432.2,434.0,441.6,432.8,440.1,2657255,11648.15,37502,1392699.0,52.41,2026-07-29
JUBLINGREA,EQ,29-Jul-2026,726.35,730.0,746.15,727.8,738.1,232339,1714.64,13360,124496.0,53.58,2026-07-29
JUBLPHARMA,EQ,29-Jul-2026,963.45,965.0,989.95,965.0,977.4,124630,1220.39,9946,81586.0,65.46,2026-07-29
JUNIORBEES,EQ,29-Jul-2026,779.58,783.8,784.15,781.0,783.51,249083,1950.68,5215,166533.0,66.86,2026-07-29
JUNIPER,EQ,29-Jul-2026,194.95,194.02,198.15,194.02,197.09,52942,104.15,1042,34236.0,64.67,2026-07-29
JUSTDIAL,EQ,29-Jul-2026,728.3,736.0,777.75,730.1,753.7,1344499,10133.08,34811,281305.0,20.92,2026-07-29
JWL,EQ,29-Jul-2026,245.65,246.0,270.0,246.0,259.3,11669277,30769.93,130494,1324413.0,11.35,2026-07-29
JYOTHYLAB,EQ,29-Jul-2026,203.72,204.25,208.82,203.89,206.19,739079,1526.96,17455,307599.0,41.62,2026-07-29
JYOTICNC,EQ,29-Jul-2026,806.45,810.3,824.6,801.1,822.8,620652,5059.64,19812,322654.0,51.99,2026-07-29
JYOTIGLOBL,SM,29-Jul-2026,35.3,34.7,34.7,34.65,34.65,4000,1.39,2,2000.0,50.0,2026-07-29
JYOTISTRUC,EQ,29-Jul-2026,10.74,10.87,11.05,10.75,10.95,2875463,314.21,3649,1536152.0,53.42,2026-07-29
K2INFRA,ST,29-Jul-2026,55.6,55.45,55.45,54.25,54.75,9600,5.27,15,7200.0,75.0,2026-07-29
KABRAEXTRU,EQ,29-Jul-2026,399.3,399.2,399.2,384.05,390.15,97830,380.12,3378,36598.0,37.41,2026-07-29
KAJARIACER,EQ,29-Jul-2026,1209.1,1213.0,1230.2,1200.2,1209.7,241578,2935.21,26979,143393.0,59.36,2026-07-29
KAKATCEM,BE,29-Jul-2026,117.17,117.52,122.88,117.0,120.18,1772,2.14,58,,,2026-07-29
KALAMANDIR,EQ,29-Jul-2026,87.87,88.8,89.65,87.91,88.77,429999,381.31,4254,186074.0,43.27,2026-07-29
KALANA,SM,29-Jul-2026,18.75,18.45,18.5,17.5,18.0,18000,3.25,9,16000.0,88.89,2026-07-29
KALPATARU,EQ,29-Jul-2026,270.4,274.15,297.4,274.15,297.4,575121,1677.79,9057,253668.0,44.11,2026-07-29
KALYANIFRG,EQ,29-Jul-2026,606.5,612.4,612.4,596.0,603.85,582,3.53,47,450.0,77.32,2026-07-29
KALYANKJIL,EQ,29-Jul-2026,608.35,612.0,634.7,609.35,628.6,44160878,275233.29,355035,9633399.0,21.81,2026-07-29
KAMAHOLD,EQ,29-Jul-2026,2521.2,2525.2,2577.0,2525.2,2538.0,1872,47.56,379,1434.0,76.6,2026-07-29
KAMATHOTEL,EQ,29-Jul-2026,167.22,167.39,172.36,167.39,170.37,13705,23.32,550,8534.0,62.27,2026-07-29
KAMDHENU,BE,29-Jul-2026,35.8,36.45,36.9,34.91,35.85,610815,217.98,1149,,,2026-07-29
KAMOPAINTS,EQ,29-Jul-2026,4.59,4.54,4.65,4.51,4.59,117276,5.38,398,89293.0,76.14,2026-07-29
KANANIIND,EQ,29-Jul-2026,1.49,1.49,1.5,1.47,1.48,57307,0.85,136,35618.0,62.15,2026-07-29
KANCHI,BE,29-Jul-2026,367.05,369.0,373.0,367.0,367.25,592,2.18,22,,,2026-07-29
KANDARP,SM,29-Jul-2026,92.5,90.0,91.0,87.0,90.0,21000,18.73,20,16000.0,76.19,2026-07-29
KANORICHEM,BE,29-Jul-2026,156.47,157.25,158.3,150.0,150.71,20928,31.95,221,,,2026-07-29
KANPRPLA,EQ,29-Jul-2026,217.52,217.6,223.58,210.96,215.33,29720,64.97,1352,13984.0,47.05,2026-07-29
KANSAINER,EQ,29-Jul-2026,198.26,198.5,204.05,198.16,200.06,342149,686.17,14544,157055.0,45.9,2026-07-29
KAPSTON,EQ,29-Jul-2026,449.85,456.6,466.0,450.05,461.25,33288,153.08,1515,14799.0,44.46,2026-07-29
KARMAENG,EQ,29-Jul-2026,38.03,38.11,38.89,37.26,37.47,1728,0.66,64,1019.0,58.97,2026-07-29
KARNIKA,SM,29-Jul-2026,114.9,114.0,114.9,111.0,113.2,20000,22.65,18,15000.0,75.0,2026-07-29
KARURVYSYA,EQ,29-Jul-2026,338.4,341.0,342.75,338.0,340.1,1528804,5208.25,33493,935325.0,61.18,2026-07-29
KAUSHALYA,BE,29-Jul-2026,910.0,900.0,910.0,882.0,909.25,147,1.33,23,,,2026-07-29
KAVDEFENCE,EQ,29-Jul-2026,56.41,57.33,57.5,56.0,56.42,51932,29.44,819,40289.0,77.58,2026-07-29
KAYA,EQ,29-Jul-2026,284.46,283.58,288.0,280.2,283.12,13150,37.27,353,9979.0,75.89,2026-07-29
KAYNES,EQ,29-Jul-2026,3227.7,3271.0,3685.0,3270.2,3638.6,6028689,214470.34,293233,1379186.0,22.88,2026-07-29
KAYTEX,SM,29-Jul-2026,57.5,57.8,59.05,57.1,57.1,7200,4.2,9,5600.0,77.78,2026-07-29
KCEIL,SM,29-Jul-2026,91.5,92.85,92.85,89.75,89.75,3500,3.18,7,3000.0,85.71,2026-07-29
KCK,SM,29-Jul-2026,17.45,18.85,19.15,18.0,18.9,1087500,200.94,200,702500.0,64.6,2026-07-29
KCP,EQ,29-Jul-2026,161.36,162.05,164.0,161.14,162.96,45763,74.54,1029,28000.0,61.18,2026-07-29
KCPSUGIND,EQ,29-Jul-2026,30.91,30.6,33.33,30.26,32.56,1099257,353.11,5204,590470.0,53.72,2026-07-29
KDDL,EQ,29-Jul-2026,3124.7,3141.4,3167.2,3095.7,3124.9,8614,269.91,1860,4701.0,54.57,2026-07-29
KDL,SM,29-Jul-2026,110.85,111.0,111.95,110.0,111.95,21000,23.26,78,16800.0,80.0,2026-07-29
KEC,EQ,29-Jul-2026,466.0,467.35,479.8,463.3,477.55,1267329,5994.23,32266,639563.0,50.47,2026-07-29
KECL,EQ,29-Jul-2026,142.93,144.0,146.79,135.2,143.48,291161,409.27,3117,172732.0,59.33,2026-07-29
KEEPLEARN,EQ,29-Jul-2026,1.91,1.91,1.95,1.91,1.93,16716,0.32,51,16215.0,97.0,2026-07-29
KEI,EQ,29-Jul-2026,4843.0,4850.0,4906.0,4815.5,4853.5,207369,10066.21,26308,99831.0,48.14,2026-07-29
KEL,SM,29-Jul-2026,78.0,79.0,79.0,79.0,79.0,4800,3.79,1,4800.0,100.0,2026-07-29
KELLTONTEC,EQ,29-Jul-2026,14.2,14.21,14.26,14.1,14.14,1121057,158.78,2357,585023.0,52.18,2026-07-29
KEN,SM,29-Jul-2026,35.6,39.8,40.95,38.0,39.5,100800,39.99,48,80400.0,79.76,2026-07-29
KENNAMET,EQ,29-Jul-2026,2886.3,2850.1,2896.8,2835.8,2875.8,10212,293.29,1708,7225.0,70.75,2026-07-29
KERNEX,EQ,29-Jul-2026,2282.4,2312.0,2312.0,2150.0,2196.0,167560,3702.39,14140,63870.0,38.12,2026-07-29
KESORAMIND,BE,29-Jul-2026,11.02,11.09,11.57,10.62,11.37,891997,99.76,1080,,,2026-07-29
KEYFINSERV,EQ,29-Jul-2026,258.49,255.0,267.95,255.0,258.78,1674,4.36,52,948.0,56.63,2026-07-29
KFINTECH,EQ,29-Jul-2026,973.75,974.0,974.0,945.9,948.8,1199473,11470.68,34798,393862.0,32.84,2026-07-29
KHADIM,BE,29-Jul-2026,94.86,94.86,97.0,92.0,95.42,19856,18.78,1952,,,2026-07-29
KHAICHEM,EQ,29-Jul-2026,48.08,48.89,49.31,47.72,48.15,112628,54.34,695,85981.0,76.34,2026-07-29
KHAITANLTD,BE,29-Jul-2026,130.0,132.0,132.0,128.5,130.0,132,0.17,8,,,2026-07-29
KHANDSE,EQ,29-Jul-2026,16.75,16.65,18.5,16.65,17.49,6943,1.25,36,6592.0,94.94,2026-07-29
KHFM,SM,29-Jul-2026,45.35,44.5,45.0,44.15,44.95,9300,4.15,6,9300.0,100.0,2026-07-29
KICL,EQ,29-Jul-2026,5396.5,5377.5,5479.5,5370.5,5400.5,659,35.7,194,393.0,59.64,2026-07-29
KILITCH,BE,29-Jul-2026,183.59,185.36,187.0,183.0,186.2,17713,32.77,152,,,2026-07-29
KIMS,EQ,29-Jul-2026,798.35,799.95,804.9,792.1,798.0,592073,4719.31,39744,364677.0,61.59,2026-07-29
KINGFA,EQ,29-Jul-2026,5016.0,4992.0,5084.5,4980.0,5050.5,3412,171.96,1196,2179.0,63.86,2026-07-29
KIOCL,EQ,29-Jul-2026,348.7,350.5,366.0,349.95,361.35,82148,294.8,4365,36562.0,44.51,2026-07-29
KIRANVYPAR,EQ,29-Jul-2026,201.52,200.95,203.88,195.31,196.19,1294,2.59,41,1069.0,82.61,2026-07-29
KIRIINDUS,EQ,29-Jul-2026,404.0,404.75,409.5,401.6,408.15,104365,424.97,2347,61590.0,59.01,2026-07-29
KIRLFER,EQ,29-Jul-2026,478.45,479.45,480.95,472.3,474.2,28785,136.79,2540,18324.0,63.66,2026-07-29
KIRLOSBROS,EQ,29-Jul-2026,1856.3,1861.6,1866.5,1840.0,1854.7,46508,862.21,6886,20356.0,43.77,2026-07-29
KIRLOSENG,EQ,29-Jul-2026,2192.2,2203.1,2219.4,2166.1,2180.9,198346,4330.17,18572,100318.0,50.58,2026-07-29
KIRLOSIND,EQ,29-Jul-2026,3761.5,3777.8,3810.0,3755.0,3760.2,3950,148.95,931,2289.0,57.95,2026-07-29
KIRLPNU,EQ,29-Jul-2026,1442.3,1448.8,1520.9,1448.8,1502.6,238245,3557.29,24682,119718.0,50.25,2026-07-29
KISSHT,EQ,29-Jul-2026,342.8,343.0,348.9,334.45,343.45,1091197,3737.06,23198,416713.0,38.19,2026-07-29
KITEX,EQ,29-Jul-2026,145.03,145.53,147.0,145.27,146.02,261166,381.36,3447,151306.0,57.93,2026-07-29
KKCL,EQ,29-Jul-2026,497.2,497.7,509.0,496.25,508.0,18788,94.67,831,11536.0,61.4,2026-07-29
KKJEWELS,SM,29-Jul-2026,112.0,107.05,107.05,107.0,107.0,2000,2.14,2,1000.0,50.0,2026-07-29
KLBRENG-B,EQ,29-Jul-2026,442.15,441.0,444.75,433.5,435.8,57187,250.77,1934,44165.0,77.23,2026-07-29
KLL,SM,29-Jul-2026,28.15,28.4,29.15,27.55,28.1,22400,6.29,22,13600.0,60.71,2026-07-29
KMEW,EQ,29-Jul-2026,2516.0,2534.0,2737.0,2534.0,2679.8,446405,11977.12,55203,150628.0,33.74,2026-07-29
KMSUGAR,EQ,29-Jul-2026,28.25,28.02,28.36,27.5,27.74,90263,25.26,766,63395.0,70.23,2026-07-29
KNACK,EQ,29-Jul-2026,191.0,191.0,193.19,188.0,189.51,820796,1561.03,6929,365145.0,44.49,2026-07-29
KNAGRI,EQ,29-Jul-2026,219.57,223.4,223.4,207.0,209.56,10499,22.54,380,7625.0,72.63,2026-07-29
KNRCON,EQ,29-Jul-2026,120.39,120.4,122.0,120.4,121.3,299131,363.2,5392,163859.0,54.78,2026-07-29
KODYTECH,SM,29-Jul-2026,1404.9,1410.2,1425.0,1376.95,1401.7,10200,142.9,95,7100.0,69.61,2026-07-29
KOHINOOR,EQ,29-Jul-2026,22.81,22.8,23.16,22.5,22.86,37946,8.66,1113,18601.0,49.02,2026-07-29
KOKUYOCMLN,EQ,29-Jul-2026,85.27,86.7,86.7,83.31,84.63,20390,17.35,666,13939.0,68.36,2026-07-29
KOLTEPATIL,EQ,29-Jul-2026,394.5,394.45,399.45,388.0,390.1,69752,275.52,2668,40937.0,58.69,2026-07-29
KONSTELEC,ST,29-Jul-2026,62.7,63.0,63.5,62.0,62.5,9000,5.66,8,9000.0,100.0,2026-07-29
KOPRAN,BE,29-Jul-2026,199.34,197.2,201.6,189.38,191.64,108742,209.61,995,,,2026-07-29
KORE,SM,29-Jul-2026,180.0,181.0,193.5,168.1,177.9,35500,62.95,81,28250.0,79.58,2026-07-29
KOTAKBANK,EQ,29-Jul-2026,385.3,387.0,392.25,385.15,390.2,9190194,35777.29,143697,6579861.0,71.6,2026-07-29
KOTARISUG,EQ,29-Jul-2026,25.24,25.24,25.8,25.06,25.27,34588,8.78,248,26535.0,76.72,2026-07-29
KOTHARIPET,EQ,29-Jul-2026,133.56,132.95,140.9,131.55,138.86,252597,349.15,3599,125200.0,49.57,2026-07-29
KOTHARIPRO,EQ,29-Jul-2026,67.17,67.17,68.84,65.1,65.83,13502,8.96,473,9465.0,70.1,2026-07-29
KOTIC,EQ,29-Jul-2026,158.2,159.53,165.0,158.35,159.69,11413,18.44,414,5981.0,52.41,2026-07-29
KOTYARK,BE,29-Jul-2026,33.55,33.3,35.22,32.6,33.76,91935,31.5,412,,,2026-07-29
KOVAI,EQ,29-Jul-2026,5862.0,5914.5,6015.0,5855.5,5945.0,2708,160.96,825,1625.0,60.01,2026-07-29
KPEL,EQ,29-Jul-2026,311.45,314.95,315.15,307.15,310.9,112466,350.27,3497,65102.0,57.89,2026-07-29
KPIGREEN,EQ,29-Jul-2026,387.0,388.0,391.95,387.0,390.35,248799,969.36,8594,127833.0,51.38,2026-07-29
KPIL,EQ,29-Jul-2026,1265.5,1265.5,1309.9,1262.3,1303.4,114021,1477.64,14541,67209.0,58.94,2026-07-29
KPITTECH,EQ,29-Jul-2026,602.45,610.0,662.65,606.65,638.75,28550031,181191.46,305307,5000970.0,17.52,2026-07-29
KPL,EQ,29-Jul-2026,2590.4,2610.0,2637.8,2535.6,2604.0,23878,615.89,4526,11011.0,46.11,2026-07-29
KPRMILL,EQ,29-Jul-2026,1043.3,1050.0,1064.0,1043.6,1060.5,115295,1219.29,10143,59737.0,51.81,2026-07-29
KRBL,EQ,29-Jul-2026,345.8,345.95,351.65,341.6,348.55,187366,653.39,5780,103989.0,55.5,2026-07-29
KREBSBIO,EQ,29-Jul-2026,53.35,53.35,54.64,53.35,54.04,5926,3.24,16,5911.0,99.75,2026-07-29
KRIDHANINF,BE,29-Jul-2026,2.32,2.37,2.43,2.3,2.34,56506,1.34,56,,,2026-07-29
KRISHANA,EQ,29-Jul-2026,164.8,165.8,174.0,162.7,164.55,1913117,3244.52,19243,764213.0,39.95,2026-07-29
KRISHCA,SM,29-Jul-2026,164.05,164.45,165.55,161.0,165.45,10500,17.12,16,7000.0,66.67,2026-07-29
KRISHIVAL,EQ,29-Jul-2026,389.35,392.0,399.4,386.5,395.4,2801,10.99,250,1701.0,60.73,2026-07-29
KRISHNADEF,EQ,29-Jul-2026,1207.3,1212.0,1239.4,1190.5,1218.7,108297,1310.28,8213,42266.0,39.03,2026-07-29
KRITI,BE,29-Jul-2026,65.51,65.94,68.78,65.2,68.78,9512,6.38,42,,,2026-07-29
KRITIKA,EQ,29-Jul-2026,5.44,5.37,5.59,5.37,5.46,51303,2.8,291,34990.0,68.2,2026-07-29
KRITINUT,EQ,29-Jul-2026,75.51,75.88,77.98,70.0,72.3,43146,31.42,437,30995.0,71.84,2026-07-29
KRMAYURVED,ST,29-Jul-2026,252.7,255.6,261.0,252.5,257.05,53000,136.84,35,51000.0,96.23,2026-07-29
KRN,BE,29-Jul-2026,1226.7,1248.9,1248.9,1200.0,1208.0,60943,737.09,3408,,,2026-07-29
KRONOX,EQ,29-Jul-2026,151.22,151.22,157.5,151.22,153.98,105948,164.06,2717,46564.0,43.95,2026-07-29
KROSS,EQ,29-Jul-2026,195.77,197.9,200.0,194.5,198.33,395327,782.38,6672,156566.0,39.6,2026-07-29
KRSNAA,EQ,29-Jul-2026,533.25,534.65,540.55,531.3,533.45,48095,257.25,2259,31433.0,65.36,2026-07-29
KRT,RR,29-Jul-2026,118.4,118.11,119.78,118.0,118.32,287630,341.29,2543,244114.0,84.87,2026-07-29
KRYSTAL,EQ,29-Jul-2026,600.15,601.95,602.6,600.0,600.15,9790,58.77,157,6712.0,68.56,2026-07-29
KSB,EQ,29-Jul-2026,846.75,849.95,856.9,832.6,842.6,115181,971.14,9536,67700.0,58.78,2026-07-29
KSCL,EQ,29-Jul-2026,825.55,825.0,835.6,799.65,806.75,106809,870.67,4794,61030.0,57.14,2026-07-29
KSHINTL,EQ,29-Jul-2026,844.05,849.7,858.7,819.75,825.4,192632,1597.77,13403,88613.0,46.0,2026-07-29
KSHITIJPOL,BE,29-Jul-2026,3.1,3.0,3.2,2.95,2.96,1489698,44.41,1949,,,2026-07-29
KSL,EQ,29-Jul-2026,906.45,906.45,921.95,887.35,890.95,34792,313.11,2829,16225.0,46.63,2026-07-29
KSOLVES,EQ,29-Jul-2026,279.45,279.35,286.2,278.5,281.9,40211,113.65,1953,23561.0,58.59,2026-07-29
KSR,EQ,29-Jul-2026,28.2,28.12,29.61,28.12,28.92,10527,3.06,1523,9202.0,87.41,2026-07-29
KTKBANK,EQ,29-Jul-2026,276.75,278.05,283.0,276.1,279.0,3157848,8833.51,26756,1984183.0,62.83,2026-07-29
KUANTUM,EQ,29-Jul-2026,77.59,79.0,80.8,76.91,77.53,93689,73.09,1120,59899.0,63.93,2026-07-29
KUSUMGAR,EQ,29-Jul-2026,566.55,569.7,600.0,565.35,592.1,772831,4547.85,19577,323885.0,41.91,2026-07-29
KWIL,EQ,29-Jul-2026,30.85,31.02,31.3,30.44,30.95,8029119,2469.56,19793,4871098.0,60.67,2026-07-29
LAGNAM,EQ,29-Jul-2026,89.51,87.49,89.7,86.1,87.43,4421,3.91,118,2879.0,65.12,2026-07-29
LAHOTIOV,EQ,29-Jul-2026,40.75,41.0,44.98,41.0,43.01,16388,6.88,108,14450.0,88.17,2026-07-29
LAKPRE,BZ,29-Jul-2026,5.0,5.1,5.19,5.0,5.18,613,0.03,5,,,2026-07-29
LAKSHYA,SM,29-Jul-2026,85.9,88.95,93.35,88.95,90.5,16800,15.39,20,13600.0,80.95,2026-07-29
LAL,EQ,29-Jul-2026,8.17,8.39,8.39,7.56,7.97,146955,11.78,272,122614.0,83.44,2026-07-29
LALPATHLAB,EQ,29-Jul-2026,1805.2,1805.1,1893.6,1802.0,1882.5,1040066,19456.92,65818,559396.0,53.78,2026-07-29
LAMBODHARA,EQ,29-Jul-2026,111.31,114.48,114.85,110.8,111.89,1965,2.22,74,1436.0,73.08,2026-07-29
LAMOSAIC,ST,29-Jul-2026,50.0,48.05,51.4,47.9,50.45,234000,114.83,100,228000.0,97.44,2026-07-29
LANCORHOL,EQ,29-Jul-2026,24.54,25.15,26.39,24.57,25.87,38431,9.81,189,34112.0,88.76,2026-07-29
LANDMARK,EQ,29-Jul-2026,528.05,522.0,554.0,518.25,537.8,549576,2954.6,15828,233075.0,42.41,2026-07-29
LANDSMILL,EQ,29-Jul-2026,0.83,0.85,0.87,0.82,0.83,1420989,11.89,647,851428.0,59.92,2026-07-29
LAOPALA,EQ,29-Jul-2026,187.15,187.66,191.0,186.0,186.54,114387,215.24,4354,56801.0,49.66,2026-07-29
LASA,EQ,29-Jul-2026,6.86,6.86,7.17,6.66,7.09,28893,2.03,117,19857.0,68.73,2026-07-29
LASERPOWER,EQ,29-Jul-2026,285.66,289.0,314.22,280.2,306.67,7735392,23480.21,80638,1832664.0,23.69,2026-07-29
LATENTVIEW,EQ,29-Jul-2026,312.05,314.1,322.8,313.4,317.6,1030682,3281.42,20177,395674.0,38.39,2026-07-29
LATTEYS,BE,29-Jul-2026,19.96,20.73,20.73,19.56,19.89,12387,2.46,105,,,2026-07-29
LAURUSLABS,EQ,29-Jul-2026,1758.9,1762.0,1797.9,1754.3,1781.3,3000811,53440.33,76548,1606456.0,53.53,2026-07-29
LAXMICOT,EQ,29-Jul-2026,13.85,14.08,14.24,14.0,14.1,6391,0.9,90,5822.0,91.1,2026-07-29
LAXMIDENTL,EQ,29-Jul-2026,214.56,217.78,218.45,214.04,217.55,52623,113.8,1418,28617.0,54.38,2026-07-29
LAXMIINDIA,BE,29-Jul-2026,125.44,126.5,128.9,123.1,123.83,36648,45.93,335,,,2026-07-29
LCCINFOTEC,EQ,29-Jul-2026,4.22,4.39,4.41,4.11,4.36,46445,2.03,105,30366.0,65.38,2026-07-29
LEMERITE,EQ,29-Jul-2026,22.35,22.2,23.46,22.18,23.41,576999,133.6,1617,225985.0,39.17,2026-07-29
LEMONTREE,EQ,29-Jul-2026,110.31,110.8,111.49,109.91,110.15,4118232,4544.27,43702,2630043.0,63.86,2026-07-29
LENSKART,EQ,29-Jul-2026,554.65,556.0,562.4,546.9,559.65,3909559,21676.18,101151,2334012.0,59.7,2026-07-29
LEXUS,EQ,29-Jul-2026,14.72,14.65,15.44,14.65,14.93,13805,2.08,60,9039.0,65.48,2026-07-29
LFIC,EQ,29-Jul-2026,140.61,140.4,141.8,140.4,140.95,460,0.65,21,444.0,96.52,2026-07-29
LGBBROSLTD,EQ,29-Jul-2026,1554.3,1555.9,1585.9,1545.0,1576.7,17153,268.39,3531,10760.0,62.73,2026-07-29
LGEINDIA,EQ,29-Jul-2026,1510.2,1514.8,1527.0,1511.1,1518.2,101886,1548.65,11273,60501.0,59.38,2026-07-29
LGHL,EQ,29-Jul-2026,204.72,210.03,211.0,203.0,204.5,45619,93.57,308,10766.0,23.6,2026-07-29
LIBAS,EQ,29-Jul-2026,10.1,10.53,10.53,10.0,10.01,13228,1.33,75,11819.0,89.35,2026-07-29
LIBERTSHOE,EQ,29-Jul-2026,262.85,262.05,269.0,262.0,263.75,44180,116.76,2132,7888.0,17.85,2026-07-29
LICHSGFIN,EQ,29-Jul-2026,545.7,550.0,556.9,546.6,553.45,1485850,8208.99,32690,907416.0,61.07,2026-07-29
LICI,EQ,29-Jul-2026,427.15,427.15,427.65,423.1,423.9,870191,3696.27,16507,454747.0,52.26,2026-07-29
LICMFGOLD,EQ,29-Jul-2026,127.7,127.75,128.15,127.05,127.2,45154,57.52,1265,24386.0,54.01,2026-07-29
LICNETFGSC,EQ,29-Jul-2026,29.43,29.67,29.67,29.38,29.48,25593,7.54,78,20440.0,79.87,2026-07-29
LICNETFN50,EQ,29-Jul-2026,268.88,271.56,272.22,271.17,272.03,3829,10.39,27,2142.0,55.94,2026-07-29
LICNMID100,EQ,29-Jul-2026,62.73,62.94,63.43,62.48,62.71,21338,13.41,90,10017.0,46.94,2026-07-29
LIKHITHA,EQ,29-Jul-2026,219.6,219.5,228.0,219.5,223.75,31706,70.61,1170,16578.0,52.29,2026-07-29
LINC,EQ,29-Jul-2026,101.5,103.96,104.19,101.31,101.97,11306,11.6,365,7086.0,62.67,2026-07-29
LINCOLN,EQ,29-Jul-2026,579.45,582.2,589.15,580.5,581.4,6624,38.58,647,3939.0,59.47,2026-07-29
LINDEINDIA,EQ,29-Jul-2026,6667.5,6700.0,6850.0,6671.0,6722.5,20782,1403.58,4738,10327.0,49.69,2026-07-29
LIQGRWBEES,EQ,29-Jul-2026,1049.33,1049.45,1049.47,1049.45,1049.46,107948,1132.87,164,69107.0,64.02,2026-07-29
LIQUID,EQ,29-Jul-2026,999.99,999.99,1000.0,999.99,999.99,130426,1304.25,178,55978.0,42.92,2026-07-29
LIQUID1,EQ,29-Jul-2026,1115.52,1116.0,1116.0,1115.66,1115.67,1212240,13524.6,603,547888.0,45.2,2026-07-29
LIQUIDADD,EQ,29-Jul-2026,1137.65,1137.79,1137.82,1137.79,1137.8,255410,2906.08,437,161382.0,63.19,2026-07-29
LIQUIDBEES,EQ,29-Jul-2026,1000.0,1000.01,1000.01,999.99,1000.0,2770512,27705.19,3748,2034401.0,73.43,2026-07-29
LIQUIDBETA,EQ,29-Jul-2026,1001.86,1001.98,1001.98,1001.98,1001.98,500,5.01,1,500.0,100.0,2026-07-29
LIQUIDBETF,EQ,29-Jul-2026,1092.11,1092.24,1092.26,1092.24,1092.25,279326,3050.94,109,149231.0,53.43,2026-07-29
LIQUIDCASE,EQ,29-Jul-2026,115.19,115.23,115.23,115.21,115.22,21938841,25277.59,8761,17646698.0,80.44,2026-07-29
LIQUIDETF,EQ,29-Jul-2026,1000.0,1000.01,1000.01,999.99,1000.0,226485,2264.85,231,115949.0,51.2,2026-07-29
LIQUIDIETF,EQ,29-Jul-2026,999.99,1000.0,1000.01,999.99,999.99,183274,1832.73,224,157920.0,86.17,2026-07-29
LIQUIDPLUS,EQ,29-Jul-2026,1096.31,1096.46,1096.48,1096.46,1096.47,2739165,30033.89,351,2549364.0,93.07,2026-07-29
LIQUIDSBI,EQ,29-Jul-2026,1000.0,999.99,1000.01,999.99,1000.0,11280,112.8,25,7880.0,69.86,2026-07-29
LIQUIDSHRI,EQ,29-Jul-2026,1114.84,1114.98,1115.0,1114.98,1114.99,1111,12.39,13,1106.0,99.55,2026-07-29
LLOYDS,ST,29-Jul-2026,70.15,67.4,70.0,67.4,69.9,4000,2.77,4,4000.0,100.0,2026-07-29
LLOYDSENGG,EQ,29-Jul-2026,91.18,91.73,92.1,89.2,89.99,7345295,6651.23,24962,2877835.0,39.18,2026-07-29
LLOYDSENT,EQ,29-Jul-2026,79.94,80.47,81.94,78.64,80.37,4032920,3249.65,14424,1897210.0,47.04,2026-07-29
LLOYDSME,EQ,29-Jul-2026,1979.1,1998.9,2066.0,1995.7,2051.3,851136,17399.97,30147,468490.0,55.04,2026-07-29
LMW,EQ,29-Jul-2026,15849.0,15900.0,16500.0,15803.0,16457.0,4265,690.41,1511,2287.0,53.62,2026-07-29
LODHA,EQ,29-Jul-2026,1301.4,1290.0,1344.95,1275.4,1316.35,4953761,64792.26,141586,1586581.0,32.03,2026-07-29
LOKESHMACH,BE,29-Jul-2026,336.5,330.0,334.85,330.0,331.95,10289,34.05,71,,,2026-07-29
LORDSCHLO,EQ,29-Jul-2026,150.97,151.56,155.06,140.35,142.47,51754,75.85,1156,27838.0,53.79,2026-07-29
LOTUSDEV,EQ,29-Jul-2026,188.88,190.0,191.7,188.65,189.75,4139547,7890.42,7510,1629942.0,39.37,2026-07-29
LOTUSEYE,EQ,29-Jul-2026,118.57,124.79,124.79,118.2,119.0,7446,8.91,235,3526.0,47.35,2026-07-29
LOVABLE,EQ,29-Jul-2026,71.32,71.9,71.95,69.27,70.48,10899,7.67,348,8298.0,76.14,2026-07-29
LOWVOL,EQ,29-Jul-2026,209.07,210.3,211.33,210.29,211.1,321,0.68,10,272.0,84.74,2026-07-29
LOWVOL1,EQ,29-Jul-2026,21.52,21.52,21.65,21.49,21.61,387537,83.68,174,302770.0,78.13,2026-07-29
LOWVOLIETF,EQ,29-Jul-2026,22.4,22.39,22.72,22.39,22.66,6103689,1383.96,1324,4817878.0,78.93,2026-07-29
LOYALTEX,EQ,29-Jul-2026,209.15,202.0,208.93,202.0,207.0,5,0.01,3,3.0,60.0,2026-07-29
LPDC,EQ,29-Jul-2026,6.01,5.85,6.42,5.81,6.3,76795,4.78,200,55588.0,72.38,2026-07-29
LT,EQ,29-Jul-2026,3832.0,3895.4,3978.2,3891.1,3931.4,3115802,122887.32,159622,1426048.0,45.77,2026-07-29
LTF,EQ,29-Jul-2026,311.0,313.0,313.05,301.05,309.15,14431153,44060.09,64307,7520010.0,52.11,2026-07-29
LTFOODS,EQ,29-Jul-2026,370.15,370.55,382.0,370.55,378.6,335413,1265.42,10100,127532.0,38.02,2026-07-29
LTGILTBEES,EQ,29-Jul-2026,29.97,30.17,30.17,29.95,29.96,703435,210.85,539,600705.0,85.4,2026-07-29
LTGILTCASE,EQ,29-Jul-2026,30.55,30.99,30.99,30.52,30.54,47208,14.42,99,47207.0,100.0,2026-07-29
LTM,EQ,29-Jul-2026,4309.2,4391.0,4488.0,4362.8,4422.7,579805,25653.73,51001,234327.0,40.41,2026-07-29
LTTS,EQ,29-Jul-2026,3599.3,3636.9,3680.0,3577.8,3585.0,121106,4396.38,20969,46966.0,38.78,2026-07-29
LUMAXIND,EQ,29-Jul-2026,5118.0,5120.0,5225.0,5118.0,5145.0,6790,350.76,1466,3597.0,52.97,2026-07-29
LUMAXTECH,EQ,29-Jul-2026,1489.3,1484.2,1514.0,1482.2,1501.6,76854,1152.44,9186,36176.0,47.07,2026-07-29
LUPIN,EQ,29-Jul-2026,2395.8,2405.0,2463.0,2402.0,2447.0,1139331,27832.23,64819,723823.0,63.53,2026-07-29
LUXIND,EQ,29-Jul-2026,1236.9,1240.0,1275.0,1237.5,1245.0,14567,181.9,1331,7040.0,48.33,2026-07-29
LXCHEM,EQ,29-Jul-2026,196.0,197.44,203.8,194.0,200.51,6271732,12482.62,55451,3052830.0,48.68,2026-07-29
LYKALABS,BE,29-Jul-2026,61.71,61.19,62.45,59.0,59.87,40717,24.39,265,,,2026-07-29
M&M,EQ,29-Jul-2026,3271.2,3280.1,3321.2,3211.8,3221.8,3693381,120029.93,146644,2439602.0,66.05,2026-07-29
M&MFIN,EQ,29-Jul-2026,373.5,375.0,396.0,370.15,393.75,8498054,32891.03,125146,5098791.0,60.0,2026-07-29
MAANALU,EQ,29-Jul-2026,110.92,114.48,123.5,113.22,119.53,306629,359.55,3643,150707.0,49.15,2026-07-29
MACOBSTECH,SM,29-Jul-2026,215.25,216.85,216.85,215.0,215.0,2400,5.17,2,2400.0,100.0,2026-07-29
MACPOWER,EQ,29-Jul-2026,1296.0,1315.4,1428.5,1270.0,1404.3,166797,2308.33,12769,60624.0,36.35,2026-07-29
MADHAV,EQ,29-Jul-2026,34.2,34.49,34.5,33.32,33.81,607,0.2,34,387.0,63.76,2026-07-29
MADHAVBAUG,ST,29-Jul-2026,191.9,191.9,191.9,191.9,191.9,400,0.77,1,400.0,100.0,2026-07-29
MADHAVIPL,EQ,29-Jul-2026,8.07,8.23,8.23,8.01,8.07,52559,4.27,205,39362.0,74.89,2026-07-29
MADHUCON,BE,29-Jul-2026,5.29,5.54,5.54,5.1,5.18,25881,1.32,70,,,2026-07-29
MADHUSUDAN,ST,29-Jul-2026,239.95,244.0,245.0,237.5,239.15,29000,70.15,23,25000.0,86.21,2026-07-29
MADRASFERT,EQ,29-Jul-2026,65.9,65.62,67.9,65.62,66.48,77221,51.63,904,24248.0,31.4,2026-07-29
MAFANG,EQ,29-Jul-2026,191.12,191.36,191.36,191.06,191.34,354789,678.88,7071,332282.0,93.66,2026-07-29
MAFATIND,EQ,29-Jul-2026,132.91,133.9,135.3,132.84,134.78,19362,26.02,393,14763.0,76.25,2026-07-29
MAGADSUGAR,EQ,29-Jul-2026,481.8,482.0,487.6,476.4,480.35,5053,24.34,430,2605.0,51.55,2026-07-29
MAGNUM,EQ,29-Jul-2026,19.98,19.55,20.3,19.55,19.74,36665,7.31,99,28974.0,79.02,2026-07-29
MAGSON,SM,29-Jul-2026,180.0,180.0,180.0,180.0,180.0,1000,1.8,1,1000.0,100.0,2026-07-29
MAHABANK,EQ,29-Jul-2026,80.2,80.2,81.23,80.05,80.73,9380013,7560.26,35990,5807466.0,61.91,2026-07-29
MAHAPEXLTD,EQ,29-Jul-2026,44.26,44.04,44.89,43.55,44.24,1320,0.59,52,1018.0,77.12,2026-07-29
MAHASTEEL,EQ,29-Jul-2026,820.6,799.1,912.0,799.1,905.65,16906,148.64,1280,8662.0,51.24,2026-07-29
MAHEPC,EQ,29-Jul-2026,107.11,106.6,108.99,106.41,108.19,19745,21.22,815,10157.0,51.44,2026-07-29
MAHESHWARI,BE,29-Jul-2026,73.01,72.6,73.01,72.6,73.0,21102,15.4,33,,,2026-07-29
MAHICKRA,SM,29-Jul-2026,265.0,266.6,266.6,266.6,266.6,750,2.0,1,750.0,100.0,2026-07-29
MAHKTECH,EQ,29-Jul-2026,22.96,23.16,23.16,23.16,23.16,513436,118.91,308,513436.0,100.0,2026-07-29
MAHLIFE,EQ,29-Jul-2026,380.25,384.05,389.8,380.05,387.35,169028,652.17,11320,94590.0,55.96,2026-07-29
MAHLOG,EQ,29-Jul-2026,410.4,408.2,414.85,406.4,409.45,148178,608.82,6125,71880.0,48.51,2026-07-29
MAHSCOOTER,EQ,29-Jul-2026,12733.0,12821.0,13209.0,12358.0,12774.0,21111,2695.31,8107,3679.0,17.43,2026-07-29
MAHSEAMLES,EQ,29-Jul-2026,574.1,576.85,585.0,575.0,581.95,34576,200.64,3485,19434.0,56.21,2026-07-29
MAITHANALL,EQ,29-Jul-2026,962.5,963.5,981.7,963.5,979.4,16919,165.25,1411,9705.0,57.36,2026-07-29
MAITREYA,SM,29-Jul-2026,119.05,115.2,124.7,115.2,121.3,10800,13.11,18,3200.0,29.63,2026-07-29
MAJESAUT,EQ,29-Jul-2026,427.8,436.75,436.75,428.1,430.1,9072,39.05,613,6279.0,69.21,2026-07-29
MAKEINDIA,EQ,29-Jul-2026,162.11,162.6,163.65,162.55,163.6,49559,80.89,282,30657.0,61.86,2026-07-29
MALLCOM,EQ,29-Jul-2026,1024.6,1034.8,1043.9,1024.7,1039.3,919,9.54,145,663.0,72.14,2026-07-29
MALUPAPER,EQ,29-Jul-2026,32.5,32.56,33.76,32.5,32.91,28080,9.26,283,13884.0,49.44,2026-07-29
MAMATA,EQ,29-Jul-2026,382.6,386.8,386.8,381.9,385.35,20992,80.7,907,13152.0,62.65,2026-07-29
MANAKALUCO,EQ,29-Jul-2026,34.87,35.2,36.74,34.8,36.12,63876,22.81,873,24690.0,38.65,2026-07-29
MANAKCOAT,EQ,29-Jul-2026,123.03,122.59,125.09,122.59,123.64,99782,123.61,1595,45331.0,45.43,2026-07-29
MANAKSIA,EQ,29-Jul-2026,55.29,55.44,56.28,55.01,55.75,10816,6.01,172,8315.0,76.88,2026-07-29
MANAKSTEEL,EQ,29-Jul-2026,66.94,66.66,69.5,65.11,69.0,88576,59.38,419,70636.0,79.75,2026-07-29
MANALIPETC,EQ,29-Jul-2026,66.14,66.32,66.34,64.8,65.21,197427,129.05,1718,114309.0,57.9,2026-07-29
MANAPPURAM,EQ,29-Jul-2026,361.25,361.25,372.15,360.7,370.15,5738347,21068.3,50270,2509489.0,43.73,2026-07-29
MANAV,SM,29-Jul-2026,27.0,25.65,25.65,25.65,25.65,20000,5.13,4,20000.0,100.0,2026-07-29
MANBA,EQ,29-Jul-2026,137.37,136.71,137.8,132.1,133.77,209255,282.79,2244,102503.0,48.98,2026-07-29
MANCREDIT,EQ,29-Jul-2026,219.8,220.39,221.83,217.0,217.53,127295,278.29,1327,21078.0,16.56,2026-07-29
MANGALAM,EQ,29-Jul-2026,27.46,27.5,27.77,26.7,27.14,25640,6.95,240,18711.0,72.98,2026-07-29
MANGLMCEM,EQ,29-Jul-2026,967.8,970.0,970.0,939.05,943.25,15995,152.21,1378,9961.0,62.28,2026-07-29
MANILAM,SM,29-Jul-2026,53.9,50.05,53.3,50.05,53.3,10000,5.13,5,6000.0,60.0,2026-07-29
MANINDS,EQ,29-Jul-2026,526.05,530.0,534.65,525.25,529.4,96058,509.19,5084,40312.0,41.97,2026-07-29
MANINFRA,EQ,29-Jul-2026,97.42,98.53,98.53,96.01,97.08,556330,541.72,3172,238786.0,42.92,2026-07-29
MANKIND,EQ,29-Jul-2026,2617.9,2627.9,2642.0,2583.0,2592.7,309498,8088.41,22683,151869.0,49.07,2026-07-29
MANOMAY,EQ,29-Jul-2026,209.9,211.5,211.5,205.0,208.76,205355,430.07,2327,73588.0,35.83,2026-07-29
MANORAMA,EQ,29-Jul-2026,1639.3,1640.5,1661.0,1640.0,1645.8,73480,1214.46,6759,41621.0,56.64,2026-07-29
MANORG,BE,29-Jul-2026,552.55,524.95,539.0,524.95,524.95,3635,19.08,116,,,2026-07-29
MANUFGBEES,EQ,29-Jul-2026,159.84,159.84,161.15,159.84,161.15,4490,7.21,45,4092.0,91.14,2026-07-29
MANUGRAPH,BE,29-Jul-2026,13.74,14.42,14.42,14.42,14.42,5096,0.73,14,,,2026-07-29
MANYAVAR,EQ,29-Jul-2026,409.45,411.5,413.2,402.0,402.85,156432,634.24,8103,108880.0,69.6,2026-07-29
MAPMYINDIA,EQ,29-Jul-2026,1136.15,1145.0,1222.35,1141.85,1163.1,859796,10212.74,49656,193756.0,22.54,2026-07-29
MARALOVER,BE,29-Jul-2026,57.64,56.55,59.8,56.55,59.64,15993,9.5,135,,,2026-07-29
MARATHON,EQ,29-Jul-2026,383.5,384.0,395.0,383.75,391.65,67955,265.27,1744,48494.0,71.36,2026-07-29
MARC,SM,29-Jul-2026,126.85,126.85,131.5,126.85,128.25,27600,35.54,22,18000.0,65.22,2026-07-29
MARICO,EQ,29-Jul-2026,883.25,884.9,884.9,871.5,878.7,2912454,25564.96,85045,1297824.0,44.56,2026-07-29
MARINE,EQ,29-Jul-2026,269.5,268.25,275.5,260.1,265.3,705596,1889.97,12427,341684.0,48.42,2026-07-29
MARKOLINES,EQ,29-Jul-2026,172.78,173.73,179.0,173.09,177.26,236765,420.39,1946,58485.0,24.7,2026-07-29
MARKSANS,EQ,29-Jul-2026,256.65,258.2,264.15,256.85,259.45,705694,1839.58,13788,313408.0,44.41,2026-07-29
MARSONS,EQ,29-Jul-2026,109.48,110.7,114.0,109.44,109.73,1522590,1708.05,7803,417629.0,27.43,2026-07-29
MARUSHIKA,SM,29-Jul-2026,94.25,100.0,101.9,100.0,101.9,7200,7.3,6,7200.0,100.0,2026-07-29
MARUTI,EQ,29-Jul-2026,13802.0,13780.0,13980.0,13720.0,13948.0,515674,71588.53,74727,346631.0,67.22,2026-07-29
MASFIN,EQ,29-Jul-2026,314.75,315.05,330.2,306.5,325.3,569069,1818.09,18879,112625.0,19.79,2026-07-29
MASKINVEST,BE,29-Jul-2026,151.0,151.0,153.0,151.0,153.0,364,0.55,6,,,2026-07-29
MASON,SM,29-Jul-2026,122.0,122.05,122.05,118.0,119.2,8000,9.52,14,5000.0,62.5,2026-07-29
MASPTOP50,EQ,29-Jul-2026,77.9,77.37,77.37,77.37,77.37,115811,89.6,2300,115787.0,99.98,2026-07-29
MASTEK,EQ,29-Jul-2026,1873.4,1886.9,1927.0,1873.4,1903.8,237282,4512.99,24884,80903.0,34.1,2026-07-29
MASTER,SM,29-Jul-2026,441.0,459.0,460.0,459.0,460.0,1000,4.6,2,1000.0,100.0,2026-07-29
MASTERTR,EQ,29-Jul-2026,82.09,82.01,82.8,81.3,82.11,165279,136.1,1033,43377.0,26.24,2026-07-29
MATRIMONY,EQ,29-Jul-2026,433.9,440.0,441.9,434.15,439.1,4583,20.12,269,3363.0,73.38,2026-07-29
MAWANASUG,BE,29-Jul-2026,108.15,107.52,109.54,107.0,108.02,67913,73.36,232,,,2026-07-29
MAXESTATES,EQ,29-Jul-2026,396.0,396.0,396.65,387.5,390.2,39389,154.11,2016,24657.0,62.6,2026-07-29
MAXHEALTH,EQ,29-Jul-2026,1104.8,1112.0,1120.9,1105.0,1111.4,1417989,15779.82,42382,915264.0,64.55,2026-07-29
MAXIND,EQ,29-Jul-2026,173.31,171.0,178.02,171.0,175.32,102117,179.52,1664,58862.0,57.64,2026-07-29
MAXVOLT,ST,29-Jul-2026,327.45,331.65,343.8,328.05,343.8,22000,74.44,53,19200.0,87.27,2026-07-29
MAYASHEEL,SM,29-Jul-2026,38.95,38.9,40.0,38.9,39.35,15000,5.91,4,15000.0,100.0,2026-07-29
MAYURUNIQ,EQ,29-Jul-2026,785.9,789.75,804.95,780.8,796.2,63034,499.4,6844,33707.0,53.47,2026-07-29
MAZDA,BE,29-Jul-2026,212.53,212.0,218.99,210.0,212.26,10705,22.79,109,,,2026-07-29
MAZDOCK,EQ,29-Jul-2026,2295.8,2303.0,2315.0,2296.2,2307.8,250953,5786.88,15595,76632.0,30.54,2026-07-29
MBAPL,EQ,29-Jul-2026,161.2,161.2,167.0,159.55,164.0,2114045,3478.05,15263,1080058.0,51.09,2026-07-29
MBEL,EQ,29-Jul-2026,297.85,301.95,304.45,297.0,299.95,136075,409.3,5470,73620.0,54.1,2026-07-29
MBLINFRA,BE,29-Jul-2026,24.34,24.82,25.27,24.35,25.06,44029,11.0,101,,,2026-07-29
MCCHRLS-B,EQ,29-Jul-2026,699.95,700.0,700.0,660.0,691.25,586,3.93,62,492.0,83.96,2026-07-29
MCL,EQ,29-Jul-2026,52.68,52.51,53.89,52.02,53.34,24239,12.81,636,11993.0,49.48,2026-07-29
MCLEODRUSS,BE,29-Jul-2026,51.67,51.57,52.95,51.05,51.64,99494,51.81,316,,,2026-07-29
MCLOUD,EQ,29-Jul-2026,28.64,29.14,29.7,28.25,29.57,10271865,3008.88,17420,2007398.0,19.54,2026-07-29
MCON,SM,29-Jul-2026,46.2,45.0,45.0,44.95,44.95,5000,2.25,5,4000.0,80.0,2026-07-29
MCX,EQ,29-Jul-2026,2713.4,2731.0,2777.9,2699.2,2717.5,1061461,29019.18,69154,508869.0,47.94,2026-07-29
MDL,ST,29-Jul-2026,67.8,64.55,64.55,64.5,64.5,2000,1.29,2,2000.0,100.0,2026-07-29
MEDANTA,EQ,29-Jul-2026,1401.3,1394.4,1438.0,1394.3,1432.9,245812,3500.57,20186,134034.0,54.53,2026-07-29
MEDIASSIST,EQ,29-Jul-2026,347.2,347.2,354.8,346.95,349.9,86555,303.57,5251,50630.0,58.49,2026-07-29
MEDICAMEQ,EQ,29-Jul-2026,239.1,239.65,244.0,235.0,238.2,9608,23.1,309,7531.0,78.38,2026-07-29
MEDICO,EQ,29-Jul-2026,43.54,43.54,48.0,42.11,46.26,519259,236.02,2117,256520.0,49.4,2026-07-29
MEDIORG,SM,29-Jul-2026,26.0,26.0,26.5,24.7,24.7,6000,1.54,3,4000.0,66.67,2026-07-29
MEDISTEP,SM,29-Jul-2026,18.0,19.45,19.45,19.25,19.25,6000,1.16,2,6000.0,100.0,2026-07-29
MEDPLUS,EQ,29-Jul-2026,700.65,707.5,725.0,697.6,721.0,210867,1500.04,12936,118595.0,56.24,2026-07-29
MEESHO,EQ,29-Jul-2026,181.48,181.63,182.94,178.0,179.47,7184492,12906.89,47690,3495460.0,48.65,2026-07-29
MEGASTAR,EQ,29-Jul-2026,333.05,335.05,335.35,326.05,329.25,4135,13.6,229,1961.0,47.42,2026-07-29
MEGATHERM,SM,29-Jul-2026,210.5,218.9,219.5,206.0,207.35,12400,26.52,26,6800.0,54.84,2026-07-29
MEIL,EQ,29-Jul-2026,295.45,297.0,305.0,289.0,295.1,42014,125.02,950,32102.0,76.41,2026-07-29
MENNPIS,EQ,29-Jul-2026,73.82,74.35,76.5,72.0,72.34,56773,41.78,1416,30669.0,54.02,2026-07-29
MENONBE,BE,29-Jul-2026,226.55,227.94,231.6,218.0,219.58,86587,193.54,853,,,2026-07-29
MEP,BZ,29-Jul-2026,0.53,0.53,0.54,0.52,0.52,256653,1.34,103,,,2026-07-29
MERCANTILE,EQ,29-Jul-2026,24.2,24.7,24.99,23.7,24.01,7024,1.7,30,6134.0,87.33,2026-07-29
MERCURYEV,EQ,29-Jul-2026,35.86,36.18,36.61,35.53,35.65,106419,38.14,633,69262.0,65.08,2026-07-29
METAL,EQ,29-Jul-2026,12.52,12.83,12.83,12.51,12.8,2288596,291.83,3181,1555730.0,67.98,2026-07-29
METALIC,ST,29-Jul-2026,83.05,85.0,87.2,81.4,87.2,339200,293.41,132,334400.0,98.58,2026-07-29
METALIETF,EQ,29-Jul-2026,12.46,12.46,12.79,12.46,12.75,7932541,1007.22,6982,4485882.0,56.55,2026-07-29
METROBRAND,EQ,29-Jul-2026,1026.0,1034.0,1042.0,1027.2,1032.6,13569,140.37,2246,8530.0,62.86,2026-07-29
METROGLOBL,EQ,29-Jul-2026,127.65,131.0,132.0,128.0,128.13,498,0.65,33,333.0,66.87,2026-07-29
METROPOLIS,EQ,29-Jul-2026,585.5,585.5,598.8,583.05,591.6,468565,2771.11,18856,290839.0,62.07,2026-07-29
MFML,EQ,29-Jul-2026,18.58,18.58,19.2,18.31,18.46,1955,0.36,78,1275.0,65.22,2026-07-29
MFSL,EQ,29-Jul-2026,1506.7,1514.0,1529.7,1488.2,1515.1,1146452,17332.16,88245,710519.0,61.98,2026-07-29
MGEL,BE,29-Jul-2026,16.39,16.55,16.55,16.0,16.03,78771,12.74,167,,,2026-07-29
MGL,EQ,29-Jul-2026,1078.7,1079.0,1112.5,1078.3,1105.0,186206,2048.18,14253,115315.0,61.93,2026-07-29
MGSL,SM,29-Jul-2026,66.5,67.95,74.0,65.65,67.15,36000,25.33,27,24000.0,66.67,2026-07-29
MHHL,SM,29-Jul-2026,35.5,37.0,37.0,36.8,36.8,4500,1.66,3,4500.0,100.0,2026-07-29
MHLXMIRU,EQ,29-Jul-2026,139.02,140.97,141.64,137.7,140.96,74328,104.17,336,67209.0,90.42,2026-07-29
MHRIL,EQ,29-Jul-2026,218.28,218.28,219.4,214.0,214.93,192083,414.07,5617,125734.0,65.46,2026-07-29
MICEL,BE,29-Jul-2026,36.81,36.99,36.99,36.0,36.38,150225,54.52,1109,,,2026-07-29
MID150,EQ,29-Jul-2026,23.3,23.41,23.5,23.4,23.47,32458,7.61,125,30809.0,94.92,2026-07-29
MID150BEES,EQ,29-Jul-2026,237.09,239.07,239.49,237.12,238.89,444079,1059.33,4206,259883.0,58.52,2026-07-29
MID150CASE,EQ,29-Jul-2026,11.52,11.75,11.75,11.52,11.62,779754,90.49,2374,434422.0,55.71,2026-07-29
MIDCAP,EQ,29-Jul-2026,18.35,18.4,18.52,18.36,18.47,300117,55.47,618,223389.0,74.43,2026-07-29
MIDCAPADD,EQ,29-Jul-2026,23.04,23.11,23.18,23.03,23.13,5511,1.27,39,4408.0,79.99,2026-07-29
MIDCAPBETA,EQ,29-Jul-2026,232.19,232.5,233.76,232.5,233.4,758,1.77,23,428.0,56.46,2026-07-29
MIDCAPETF,EQ,29-Jul-2026,23.41,23.41,23.66,23.41,23.62,3980002,939.55,4613,3158675.0,79.36,2026-07-29
MIDCAPIETF,EQ,29-Jul-2026,23.79,23.98,23.98,23.79,23.89,1674671,399.79,1598,1268735.0,75.76,2026-07-29
MIDHANI,EQ,29-Jul-2026,391.75,393.75,399.8,393.75,397.25,220151,874.59,10417,117256.0,53.26,2026-07-29
MIDQ50ADD,EQ,29-Jul-2026,24.92,24.29,25.26,24.29,25.22,37981,9.56,134,27614.0,72.7,2026-07-29
MIDSELIETF,EQ,29-Jul-2026,19.5,19.5,19.63,19.44,19.49,136822,26.68,505,103388.0,75.56,2026-07-29
MIDSMALL,EQ,29-Jul-2026,50.6,50.05,51.09,50.05,51.07,265164,135.23,1083,163045.0,61.49,2026-07-29
MIDWESTLTD,EQ,29-Jul-2026,1206.6,1216.2,1245.0,1205.0,1208.3,8295,100.78,868,4798.0,57.84,2026-07-29
MILTON,SM,29-Jul-2026,33.4,31.8,33.4,31.8,33.4,4400,1.43,2,4400.0,100.0,2026-07-29
MINDACORP,EQ,29-Jul-2026,683.6,682.75,696.6,676.05,692.25,203258,1405.1,11209,109286.0,53.77,2026-07-29
MINDSPACE,RR,29-Jul-2026,495.12,496.8,498.0,494.0,495.09,108622,537.83,3701,95002.0,87.46,2026-07-29
MINDTECK,EQ,29-Jul-2026,193.72,194.24,198.0,194.24,195.59,35294,69.26,781,14521.0,41.14,2026-07-29
MIRZAINT,EQ,29-Jul-2026,34.67,35.0,35.4,34.37,35.14,120183,42.03,1205,41126.0,34.22,2026-07-29
MITCON,BE,29-Jul-2026,72.0,73.44,75.0,73.44,75.0,1791,1.34,18,,,2026-07-29
MITTAL,EQ,29-Jul-2026,0.9,0.91,0.98,0.9,0.92,713903,6.61,335,510209.0,71.47,2026-07-29
MKPL,EQ,29-Jul-2026,4.26,4.34,4.34,4.16,4.2,96378,4.06,382,75488.0,78.32,2026-07-29
MMFL,EQ,29-Jul-2026,553.4,550.35,555.8,544.1,548.7,39758,218.26,1945,25076.0,63.07,2026-07-29
MMP,EQ,29-Jul-2026,280.55,280.85,284.0,278.6,279.95,20760,58.49,530,16010.0,77.12,2026-07-29
MMTC,EQ,29-Jul-2026,60.59,60.71,61.8,60.45,61.25,1415410,866.91,7763,712064.0,50.31,2026-07-29
MMWL,BE,29-Jul-2026,13.73,14.0,14.28,13.66,13.82,23128,3.19,58,,,2026-07-29
MNC,EQ,29-Jul-2026,33.44,33.46,33.83,33.46,33.75,60999,20.55,280,31718.0,52.0,2026-07-29
MOALPHA50,EQ,29-Jul-2026,53.0,53.28,53.5,53.2,53.46,630,0.34,27,591.0,93.81,2026-07-29
MOBANK10,EQ,29-Jul-2026,16.84,16.92,17.04,16.9,16.94,8215,1.4,31,7131.0,86.8,2026-07-29
MOBIKWIK,EQ,29-Jul-2026,199.24,201.8,203.76,199.47,202.03,659029,1331.42,7943,230145.0,34.92,2026-07-29
MOBILISE,ST,29-Jul-2026,114.0,111.5,111.5,111.5,111.5,1600,1.78,1,1600.0,100.0,2026-07-29
MOCAPITAL,EQ,29-Jul-2026,52.86,52.87,53.25,52.82,53.1,763490,404.75,1973,545988.0,71.51,2026-07-29
MODEFENCE,EQ,29-Jul-2026,101.3,101.99,102.4,100.7,101.16,1042943,1054.41,6968,519082.0,49.77,2026-07-29
MODINATUR,BE,29-Jul-2026,396.8,398.0,403.0,392.1,403.0,3205,12.78,54,,,2026-07-29
MODIRUBBER,EQ,29-Jul-2026,123.64,123.0,128.8,115.5,118.8,4728,5.68,198,3499.0,74.01,2026-07-29
MODIS,EQ,29-Jul-2026,390.15,394.4,402.8,392.05,398.4,41461,165.4,898,30336.0,73.17,2026-07-29
MODISONLTD,BE,29-Jul-2026,259.0,255.05,271.95,248.5,265.75,116861,308.35,1006,,,2026-07-29
MODTHREAD,EQ,29-Jul-2026,49.0,49.98,50.0,46.56,47.85,869,0.43,29,724.0,83.31,2026-07-29
MOENERGY,EQ,29-Jul-2026,38.28,38.47,38.75,38.01,38.23,231686,88.43,1004,184081.0,79.45,2026-07-29
MOGOLD,EQ,29-Jul-2026,139.9,139.85,140.2,139.3,139.6,11371,15.89,280,5120.0,45.03,2026-07-29
MOGSEC,EQ,29-Jul-2026,65.09,65.4,65.4,64.96,65.0,541,0.35,51,520.0,96.12,2026-07-29
MOHEALTH,EQ,29-Jul-2026,51.03,51.0,51.65,51.0,51.48,42768,22.0,394,33033.0,77.24,2026-07-29
MOHITIND,EQ,29-Jul-2026,22.71,22.7,22.95,22.36,22.53,1487,0.34,30,1285.0,86.42,2026-07-29
MOIL,EQ,29-Jul-2026,267.25,269.2,275.45,267.35,274.15,439209,1199.26,12160,161913.0,36.86,2026-07-29
MOINFRA,EQ,29-Jul-2026,60.21,60.66,60.78,60.51,60.63,3418,2.07,29,3416.0,99.94,2026-07-29
MOIPO,EQ,29-Jul-2026,46.21,46.88,47.39,46.59,47.29,13867,6.49,34,11605.0,83.69,2026-07-29
MOKSH,EQ,29-Jul-2026,10.24,10.41,10.41,10.08,10.1,61448,6.24,201,59467.0,96.78,2026-07-29
MOL,EQ,29-Jul-2026,55.75,56.42,60.29,56.11,56.32,12640005,7334.67,55294,3606799.0,28.53,2026-07-29
MOLDTECH,EQ,29-Jul-2026,134.75,136.0,148.27,134.61,143.77,246844,352.22,3595,129165.0,52.33,2026-07-29
MOLDTKPAC,EQ,29-Jul-2026,657.3,657.3,666.95,650.55,656.1,85244,562.75,4598,42538.0,49.9,2026-07-29
MOLOWVOL,EQ,29-Jul-2026,37.06,37.43,37.52,37.33,37.52,41776,15.61,24,41718.0,99.86,2026-07-29
MOM100,EQ,29-Jul-2026,67.34,69.0,69.0,67.34,67.85,380227,257.64,1852,220069.0,57.88,2026-07-29
MOM30IETF,EQ,29-Jul-2026,30.57,30.59,30.78,30.57,30.68,2105783,646.53,1901,1838800.0,87.32,2026-07-29
MOM50,EQ,29-Jul-2026,251.27,251.3,253.86,251.3,253.36,1522,3.85,81,1214.0,79.76,2026-07-29
MOMENTUM,EQ,29-Jul-2026,30.39,30.51,30.64,30.37,30.59,69683,21.26,178,42028.0,60.31,2026-07-29
MOMENTUM30,EQ,29-Jul-2026,30.02,30.45,30.46,30.02,30.1,382781,115.28,139,349885.0,91.41,2026-07-29
MOMENTUM50,EQ,29-Jul-2026,51.82,52.19,52.24,51.78,51.94,402303,209.3,1233,203135.0,50.49,2026-07-29
MOMGF,EQ,29-Jul-2026,160.0,160.18,160.24,159.4,159.69,1109,1.77,19,974.0,87.83,2026-07-29
MOMIDMTM,EQ,29-Jul-2026,63.08,63.08,63.47,62.42,63.11,33858,21.38,237,24952.0,73.7,2026-07-29
MOMMIDCAP,EQ,29-Jul-2026,12.45,12.51,12.56,12.47,12.55,657153,82.38,206,627816.0,95.54,2026-07-29
MOMNC,EQ,29-Jul-2026,32.45,32.8,32.85,32.68,32.68,942,0.31,6,906.0,96.18,2026-07-29
MOMOMENTUM,EQ,29-Jul-2026,60.8,60.98,62.0,60.62,61.0,46520,28.35,506,37019.0,79.58,2026-07-29
MON100,EQ,29-Jul-2026,318.46,315.36,315.36,315.36,315.36,573197,1807.63,11913,450540.0,78.6,2026-07-29
MON50EQUAL,EQ,29-Jul-2026,33.42,34.11,34.11,33.42,33.7,1157,0.39,49,782.0,67.59,2026-07-29
MONARCH,EQ,29-Jul-2026,391.65,389.9,400.0,387.2,388.45,231611,911.84,5576,123684.0,53.4,2026-07-29
MONEXT50,EQ,29-Jul-2026,73.24,73.56,74.6,71.78,72.34,9706,7.04,180,6780.0,69.85,2026-07-29
MONEYBOXX,EQ,29-Jul-2026,59.35,59.2,59.2,57.05,57.54,7584,4.37,100,4525.0,59.67,2026-07-29
MONIFTY100,EQ,29-Jul-2026,25.21,25.32,25.48,25.32,25.48,18618,4.74,39,17367.0,93.28,2026-07-29
MONIFTY500,EQ,29-Jul-2026,23.62,23.73,23.9,23.58,23.81,360626,85.92,1039,247956.0,68.76,2026-07-29
MONOLITH,SM,29-Jul-2026,823.95,840.95,840.95,805.0,817.3,49250,401.43,144,30750.0,62.44,2026-07-29
MONOPHARMA,SM,29-Jul-2026,10.5,10.05,10.05,10.0,10.0,28000,2.8,10,26000.0,92.86,2026-07-29
MONQ50,EQ,29-Jul-2026,140.88,140.71,140.71,140.26,140.71,49092,69.08,1486,47434.0,96.62,2026-07-29
MONTECARLO,EQ,29-Jul-2026,541.0,541.55,544.95,530.0,530.6,67920,362.28,5214,51839.0,76.32,2026-07-29
MOPSE,EQ,29-Jul-2026,100.44,100.31,100.52,100.0,100.18,438,0.44,19,438.0,100.0,2026-07-29
MOQUALITY,EQ,29-Jul-2026,201.08,201.86,202.88,201.86,202.02,179,0.36,15,172.0,96.09,2026-07-29
MOREALTY,EQ,29-Jul-2026,92.22,92.69,92.76,91.29,91.83,685556,630.31,2473,283610.0,41.37,2026-07-29
MOREPENLAB,EQ,29-Jul-2026,55.3,55.79,58.0,55.0,57.85,6074005,3452.22,16361,2291908.0,37.73,2026-07-29
MOS,ST,29-Jul-2026,11.45,11.3,11.75,11.3,11.45,48000,5.49,9,48000.0,100.0,2026-07-29
MOSCHIP,EQ,29-Jul-2026,202.62,203.63,213.15,201.4,211.03,4276136,8916.32,39885,1041037.0,24.35,2026-07-29
MOSERVICE,EQ,29-Jul-2026,31.01,31.12,31.45,31.1,31.45,5881,1.84,26,4671.0,79.43,2026-07-29
MOSILVER,EQ,29-Jul-2026,213.84,213.87,215.29,212.85,214.15,18132,38.79,1634,4039.0,22.28,2026-07-29
MOSMALL250,EQ,29-Jul-2026,17.87,18.0,18.1,17.86,18.07,3126929,563.03,1812,2315225.0,74.04,2026-07-29
MOTHERSON,EQ,29-Jul-2026,147.86,148.04,148.8,143.86,146.0,14481610,21082.72,87697,7309172.0,50.47,2026-07-29
MOTILALOFS,EQ,29-Jul-2026,856.15,858.0,868.35,850.0,855.25,802471,6877.01,24699,336621.0,41.95,2026-07-29
MOTISONS,EQ,29-Jul-2026,14.62,14.7,14.9,14.32,14.59,24035701,3505.58,22685,6625085.0,27.56,2026-07-29
MOTOGENFIN,BE,29-Jul-2026,26.71,26.52,27.54,26.52,26.92,12357,3.34,108,,,2026-07-29
MOTOUR,EQ,29-Jul-2026,78.7,78.92,81.0,78.6,79.35,9729,7.68,119,7959.0,81.81,2026-07-29
MOVALUE,EQ,29-Jul-2026,112.73,112.72,113.64,112.72,113.33,46177,52.33,528,27227.0,58.96,2026-07-29
MOXSH,ST,29-Jul-2026,101.5,104.0,104.0,104.0,104.0,1600,1.66,1,1600.0,100.0,2026-07-29
MPHASIS,EQ,29-Jul-2026,2413.5,2455.0,2472.0,2345.0,2361.3,847189,20400.18,70330,398665.0,47.06,2026-07-29
MPSLTD,EQ,29-Jul-2026,2609.9,2595.0,2750.0,2595.0,2683.4,123656,3333.9,12038,33751.0,27.29,2026-07-29
MRF,EQ,29-Jul-2026,133140.0,133500.0,134925.0,133495.0,134200.0,4642,6232.3,3055,1952.0,42.05,2026-07-29
MRIL,ST,29-Jul-2026,68.45,69.25,70.8,65.2,70.8,24000,16.56,8,24000.0,100.0,2026-07-29
MRPL,EQ,29-Jul-2026,160.03,161.63,164.55,159.0,163.41,5477040,8881.5,36256,1315523.0,24.02,2026-07-29
MSCI360,EQ,29-Jul-2026,10.0,10.06,10.17,10.06,10.16,1216,0.12,13,1095.0,90.05,2026-07-29
MSCIADD,EQ,29-Jul-2026,29.42,29.52,29.77,29.52,29.7,699,0.21,12,147.0,21.03,2026-07-29
MSCIINDIA,EQ,29-Jul-2026,29.72,29.72,29.99,29.54,29.83,8962,2.68,80,6968.0,77.75,2026-07-29
MSPL,EQ,29-Jul-2026,36.22,35.8,37.8,35.8,37.13,592633,218.23,3479,300431.0,50.69,2026-07-29
MSTCLTD,EQ,29-Jul-2026,596.55,605.9,620.0,594.1,614.0,200947,1217.64,6761,97616.0,48.58,2026-07-29
MSUMI,EQ,29-Jul-2026,41.52,41.8,41.8,40.75,41.22,6595487,2712.32,26806,3661454.0,55.51,2026-07-29
MTARTECH,BE,29-Jul-2026,5467.0,5270.0,5467.0,5194.0,5194.0,461474,24049.91,19283,,,2026-07-29
MTEDUCARE,BE,29-Jul-2026,1.92,1.92,2.01,1.85,1.9,61945,1.18,39,,,2026-07-29
MTNL,EQ,29-Jul-2026,26.75,26.78,27.3,26.78,27.2,418133,113.33,2003,153708.0,36.76,2026-07-29
MUFIN,EQ,29-Jul-2026,123.96,124.45,131.5,124.31,130.1,1645920,2116.55,8422,542835.0,32.98,2026-07-29
MUFTI,EQ,29-Jul-2026,81.24,83.0,83.23,81.11,82.19,26927,22.12,682,14682.0,54.53,2026-07-29
MUKANDLTD,EQ,29-Jul-2026,139.1,138.67,141.49,138.64,139.42,43502,60.86,1194,24328.0,55.92,2026-07-29
MUKKA,EQ,29-Jul-2026,22.91,22.91,23.24,22.8,23.04,208186,47.97,971,133021.0,63.9,2026-07-29
MUKTAARTS,BE,29-Jul-2026,58.19,58.19,59.98,56.5,59.98,736,0.43,12,,,2026-07-29
MULTICAP,EQ,29-Jul-2026,16.53,16.53,16.78,16.23,16.73,271165,45.29,395,238582.0,87.98,2026-07-29
MUNISH,ST,29-Jul-2026,77.7,81.45,81.45,81.0,81.0,7200,5.85,6,7200.0,100.0,2026-07-29
MUNJALAU,EQ,29-Jul-2026,102.32,102.0,103.59,101.05,101.83,235507,240.75,2239,93243.0,39.59,2026-07-29
MUNJALSHOW,EQ,29-Jul-2026,137.3,138.0,138.95,136.75,137.15,24028,32.99,630,14161.0,58.94,2026-07-29
MURUDCERA,EQ,29-Jul-2026,30.66,30.95,31.4,30.3,30.53,6983,2.15,131,5659.0,81.04,2026-07-29
MUTHOOTCAP,EQ,29-Jul-2026,218.62,219.67,224.01,215.1,221.66,15940,34.94,353,11843.0,74.3,2026-07-29
MUTHOOTFIN,EQ,29-Jul-2026,3014.4,3016.9,3046.6,2992.3,3017.9,569238,17143.88,41258,297990.0,52.35,2026-07-29
MUTHOOTMF,EQ,29-Jul-2026,255.81,255.0,258.0,249.35,255.58,366623,926.66,7217,137010.0,37.37,2026-07-29
MVGJL,EQ,29-Jul-2026,173.81,172.8,178.4,172.01,173.83,87255,152.38,2303,41047.0,47.04,2026-07-29
MVKAGRO,SM,29-Jul-2026,377.85,378.0,379.0,371.1,374.95,257700,966.84,47,255900.0,99.3,2026-07-29
MWL,EQ,29-Jul-2026,35.95,35.95,35.95,35.5,35.7,304977,108.95,530,164080.0,53.8,2026-07-29
MYMUDRA,SM,29-Jul-2026,77.0,77.0,77.0,77.0,77.0,1200,0.92,1,1200.0,100.0,2026-07-29
NACLIND,EQ,29-Jul-2026,185.37,186.27,196.9,185.0,195.14,717452,1376.51,9209,193901.0,27.03,2026-07-29
NAGREEKCAP,EQ,29-Jul-2026,22.98,22.11,23.73,22.11,23.02,1344,0.31,312,1112.0,82.74,2026-07-29
NAGREEKEXP,EQ,29-Jul-2026,21.28,20.55,22.46,20.55,22.0,11297,2.47,108,10098.0,89.39,2026-07-29
NAHARCAP,EQ,29-Jul-2026,247.39,249.0,252.45,245.0,245.81,1044,2.58,27,766.0,73.37,2026-07-29
NAHARINDUS,EQ,29-Jul-2026,115.56,119.89,119.89,114.55,114.91,8162,9.41,95,7431.0,91.04,2026-07-29
NAHARPOLY,EQ,29-Jul-2026,266.1,268.0,276.6,268.0,272.8,13901,37.76,682,5571.0,40.08,2026-07-29
NAHARSPING,BE,29-Jul-2026,280.1,281.05,282.9,275.25,281.2,11234,31.58,148,,,2026-07-29
NAM-INDIA,EQ,29-Jul-2026,1150.3,1156.0,1173.0,1149.0,1168.1,858982,10001.29,35737,372201.0,43.33,2026-07-29
NAMAN,SM,29-Jul-2026,45.15,47.4,47.4,45.0,45.0,3200,1.5,4,2400.0,75.0,2026-07-29
NAMOEWASTE,ST,29-Jul-2026,283.0,288.0,288.0,284.0,284.0,10400,29.81,11,10400.0,100.0,2026-07-29
NARMADA,EQ,29-Jul-2026,33.86,33.93,34.46,33.23,34.32,521336,176.99,3066,198710.0,38.12,2026-07-29
NATCAPSUQ,EQ,29-Jul-2026,146.81,143.4,147.25,143.0,144.52,8605,12.54,137,5854.0,68.03,2026-07-29
NATCOPHARM,EQ,29-Jul-2026,925.05,928.9,942.5,925.95,935.95,171943,1609.06,11709,85726.0,49.86,2026-07-29
NATHBIOGEN,EQ,29-Jul-2026,163.88,163.02,166.94,158.0,159.96,12071,19.57,491,9838.0,81.5,2026-07-29
NATIONALUM,EQ,29-Jul-2026,334.55,335.0,346.1,332.0,344.7,5431501,18543.25,58388,2054982.0,37.83,2026-07-29
NATIONSTD,EQ,29-Jul-2026,289.0,274.6,274.6,274.6,274.6,2310,6.34,183,2310.0,100.0,2026-07-29
NAUKRI,EQ,29-Jul-2026,1236.15,1249.9,1268.9,1237.15,1247.85,1977359,24771.4,88126,1108217.0,56.05,2026-07-29
NAVA,EQ,29-Jul-2026,552.3,555.0,563.85,551.5,561.6,143194,801.67,8296,70167.0,49.0,2026-07-29
NAVINFLUOR,EQ,29-Jul-2026,7512.5,7598.0,7634.5,7519.0,7594.5,104418,7921.78,13398,72325.0,69.26,2026-07-29
NAVKARCORP,EQ,29-Jul-2026,102.4,103.9,104.89,102.2,103.11,344374,356.36,3340,191374.0,55.57,2026-07-29
NAVKARURB,BE,29-Jul-2026,1.05,1.01,1.09,1.01,1.04,286249,3.0,193,,,2026-07-29
NAVNETEDUL,EQ,29-Jul-2026,142.7,143.8,143.8,137.2,139.83,394469,549.98,5077,231098.0,58.58,2026-07-29
NAZARA,EQ,29-Jul-2026,304.0,305.0,308.8,303.0,303.65,960222,2934.12,11592,381573.0,39.74,2026-07-29
NBCC,EQ,29-Jul-2026,94.51,95.5,95.5,94.2,94.6,4086454,3871.45,20966,1643200.0,40.21,2026-07-29
NBIFIN,EQ,29-Jul-2026,2170.0,2239.9,2291.0,2195.0,2204.0,14340,316.06,248,14170.0,98.81,2026-07-29
NCC,EQ,29-Jul-2026,137.7,139.47,142.5,138.51,142.15,1548308,2183.84,16237,885515.0,57.19,2026-07-29
NCLIND,EQ,29-Jul-2026,185.22,188.2,188.2,184.0,185.27,14647,27.18,666,6611.0,45.14,2026-07-29
NDGL,EQ,29-Jul-2026,2772.4,2772.0,2870.0,2728.0,2754.8,102,2.87,34,88.0,86.27,2026-07-29
NDL,EQ,29-Jul-2026,2.27,2.27,2.37,2.27,2.36,887497,20.78,860,618500.0,69.69,2026-07-29
NDLVENTURE,EQ,29-Jul-2026,122.2,123.83,129.59,122.0,127.99,33971,43.24,521,27521.0,81.01,2026-07-29
NDRAUTO,EQ,29-Jul-2026,806.2,812.2,820.0,801.0,803.05,10034,80.78,875,5282.0,52.64,2026-07-29
NDTV,EQ,29-Jul-2026,76.48,76.25,76.94,75.5,76.2,109543,83.29,1494,50957.0,46.52,2026-07-29
NEAGI,EQ,29-Jul-2026,3026.1,3143.0,3144.3,3143.0,3144.3,2,0.06,2,2.0,100.0,2026-07-29
NECCLTD,BE,29-Jul-2026,15.05,15.28,15.28,14.85,15.24,11772,1.77,78,,,2026-07-29
NECLIFE,BE,29-Jul-2026,10.18,10.39,10.39,10.01,10.22,102074,10.4,261,,,2026-07-29
NELCAST,EQ,29-Jul-2026,116.32,116.44,118.45,115.61,116.27,146031,170.28,2469,53220.0,36.44,2026-07-29
NELCO,EQ,29-Jul-2026,962.4,967.0,980.9,924.1,934.1,469803,4488.39,19384,161241.0,34.32,2026-07-29
NEOCHEM,ST,29-Jul-2026,91.35,90.5,92.0,87.05,92.0,12000,10.8,9,10800.0,90.0,2026-07-29
NEOGEN,EQ,29-Jul-2026,2024.3,2039.9,2079.9,2003.7,2048.3,128456,2641.84,18157,42856.0,33.36,2026-07-29
NEPHROCARE,ST,29-Jul-2026,62.0,62.0,63.0,60.5,62.95,13600,8.41,26,13600.0,100.0,2026-07-29
NEPHROPLUS,EQ,29-Jul-2026,689.8,699.0,711.9,682.55,706.05,232315,1622.44,16367,136004.0,58.54,2026-07-29
NEPTUNE,SM,29-Jul-2026,177.0,187.95,188.0,180.0,180.05,5500,9.98,11,5000.0,90.91,2026-07-29
NESCO,EQ,29-Jul-2026,1048.6,1050.0,1094.0,1044.9,1088.5,66987,716.76,7797,34925.0,52.14,2026-07-29
NESTLEIND,EQ,29-Jul-2026,1491.8,1499.0,1515.8,1487.6,1503.3,3055336,45980.25,89875,1912190.0,62.59,2026-07-29
NETF,EQ,29-Jul-2026,260.21,262.05,264.0,261.89,262.82,3142,8.26,125,2950.0,93.89,2026-07-29
NETWEB,EQ,29-Jul-2026,4395.7,4500.0,4544.0,4322.0,4364.1,1616021,71498.79,138340,347985.0,21.53,2026-07-29
NETWORK18,EQ,29-Jul-2026,28.86,29.01,29.5,28.77,29.24,2903038,843.34,6374,1309096.0,45.09,2026-07-29
NEULANDLAB,EQ,29-Jul-2026,18871.0,18960.0,19815.0,18882.0,19697.0,41310,8018.75,13932,20606.0,49.88,2026-07-29
NEWGEN,EQ,29-Jul-2026,525.45,534.45,585.5,532.6,560.5,10147091,56922.87,169952,1544966.0,15.23,2026-07-29
NEWJAISA,ST,29-Jul-2026,15.0,15.0,15.0,14.25,14.25,58500,8.39,32,58500.0,100.0,2026-07-29
NEXT30ADD,EQ,29-Jul-2026,42.27,42.55,42.77,42.55,42.66,8603,3.67,25,4349.0,50.55,2026-07-29
NEXT50,EQ,29-Jul-2026,742.57,745.4,749.0,745.0,748.06,49552,370.61,1207,46712.0,94.27,2026-07-29
NEXT50ADD,EQ,29-Jul-2026,72.45,72.8,72.99,72.59,72.82,1504,1.09,17,872.0,57.98,2026-07-29
NEXT50BETA,EQ,29-Jul-2026,77.91,77.9,78.48,77.35,77.89,183856,143.66,508,157578.0,85.71,2026-07-29
NEXT50ETF,EQ,29-Jul-2026,72.56,72.92,73.2,72.67,72.97,20519,14.94,54,16286.0,79.37,2026-07-29
NEXT50IETF,EQ,29-Jul-2026,76.08,77.35,77.35,76.1,76.44,634810,484.84,3198,482119.0,75.95,2026-07-29
NEXTMEDIA,EQ,29-Jul-2026,3.91,3.92,4.25,3.85,4.08,24563,1.0,61,18240.0,74.26,2026-07-29
NFL,EQ,29-Jul-2026,71.3,71.35,72.6,71.3,71.99,587140,423.21,4180,210390.0,35.83,2026-07-29
NFPSAMPOOR,SM,29-Jul-2026,23.2,24.0,24.3,23.7,23.75,26000,6.22,11,20000.0,76.92,2026-07-29
NGIL,BE,29-Jul-2026,37.54,37.54,39.41,35.71,39.41,112491,43.89,133,,,2026-07-29
NGLFINE,EQ,29-Jul-2026,3212.0,3212.4,3255.5,3100.0,3251.5,7170,228.56,1408,4422.0,61.67,2026-07-29
NH,EQ,29-Jul-2026,2072.8,2075.1,2092.9,2059.4,2070.6,152505,3172.59,17926,83371.0,54.67,2026-07-29
NHPC,EQ,29-Jul-2026,78.28,78.28,79.11,77.69,77.9,11231539,8774.96,28921,6384222.0,56.84,2026-07-29
NIACL,EQ,29-Jul-2026,163.07,164.0,165.2,161.76,164.13,613652,1004.47,9135,212614.0,34.65,2026-07-29
NIBE,EQ,29-Jul-2026,1449.5,1452.4,1469.9,1393.0,1405.6,69496,993.53,7438,42519.0,61.18,2026-07-29
NIBL,EQ,29-Jul-2026,37.0,37.5,37.85,36.63,37.56,54050,20.23,12583,27721.0,51.29,2026-07-29
NIF100BEES,EQ,29-Jul-2026,265.82,268.49,268.66,266.53,268.21,48596,130.24,1026,39198.0,80.66,2026-07-29
NIF100IETF,EQ,29-Jul-2026,27.85,28.54,28.54,28.08,28.17,116527,32.84,673,89722.0,77.0,2026-07-29
NIFTY1,EQ,29-Jul-2026,266.16,266.16,269.0,266.16,268.72,58256,156.39,925,41507.0,71.25,2026-07-29
NIFTY100EW,EQ,29-Jul-2026,35.0,35.08,35.29,35.08,35.19,15026,5.29,188,10361.0,68.95,2026-07-29
NIFTYADD,EQ,29-Jul-2026,252.7,254.25,255.48,254.25,255.07,6861,17.48,145,5686.0,82.87,2026-07-29
NIFTYAXIS,EQ,29-Jul-2026,265.85,268.85,268.85,267.01,267.83,12725,34.08,126,6647.0,52.24,2026-07-29
NIFTYBEES,EQ,29-Jul-2026,273.53,274.08,276.1,274.08,275.82,7110427,19595.21,28803,5208766.0,73.26,2026-07-29
NIFTYBETA,EQ,29-Jul-2026,266.1,267.41,269.17,267.23,268.65,37334,100.3,316,25712.0,68.87,2026-07-29
NIFTYBETF,EQ,29-Jul-2026,246.56,248.99,249.7,248.19,249.44,3566,8.87,39,3535.0,99.13,2026-07-29
NIFTYCASE,EQ,29-Jul-2026,9.63,9.87,9.87,9.38,9.72,1033750,100.48,1174,982216.0,95.01,2026-07-29
NIFTYETF,EQ,29-Jul-2026,260.75,262.5,264.15,262.01,263.84,146605,386.32,868,111739.0,76.22,2026-07-29
NIFTYIETF,EQ,29-Jul-2026,272.28,275.15,275.15,272.38,274.41,577808,1584.58,5535,389100.0,67.34,2026-07-29
NIFTYQLITY,EQ,29-Jul-2026,21.4,21.07,21.75,21.07,21.62,152586,33.0,231,104997.0,68.81,2026-07-29
NIITLTD,EQ,29-Jul-2026,95.15,95.4,99.69,95.36,97.98,996676,980.56,8833,270574.0,27.15,2026-07-29
NIITMTS,EQ,29-Jul-2026,231.08,233.85,242.66,232.23,241.14,201727,482.5,4417,119948.0,59.46,2026-07-29
NIKITA,SM,29-Jul-2026,73.6,73.65,75.1,73.6,75.1,4800,3.55,4,4800.0,100.0,2026-07-29
NILAINFRA,EQ,29-Jul-2026,7.42,7.36,7.54,7.33,7.39,197263,14.72,446,160308.0,81.27,2026-07-29
NILASPACES,EQ,29-Jul-2026,11.76,11.76,12.0,11.57,11.86,319717,37.88,865,218297.0,68.28,2026-07-29
NILE,EQ,29-Jul-2026,1861.7,1877.3,1913.8,1876.5,1900.2,1722,32.53,373,1180.0,68.52,2026-07-29
NILKAMAL,EQ,29-Jul-2026,1947.6,1954.0,1960.0,1814.7,1870.4,217447,4094.55,21855,48918.0,22.5,2026-07-29
NIMBSPROJ,BE,29-Jul-2026,187.0,189.0,196.35,183.0,184.35,1018,1.9,17,,,2026-07-29
NINSYS,BE,29-Jul-2026,846.7,846.0,859.95,804.4,821.45,6687,54.88,288,,,2026-07-29
NIPPOBATRY,EQ,29-Jul-2026,329.4,320.5,339.3,320.5,325.15,7123,23.43,324,5489.0,77.06,2026-07-29
NIRAJ,BE,29-Jul-2026,29.05,29.05,29.1,28.3,28.89,61327,17.64,74,,,2026-07-29
NIRAJISPAT,EQ,29-Jul-2026,190.0,208.8,208.8,205.0,205.0,50,0.1,7,39.0,78.0,2026-07-29
NIRLON,EQ,29-Jul-2026,620.0,620.3,623.85,620.0,620.0,2980,18.48,174,2220.0,74.5,2026-07-29
NIRMAN,SM,29-Jul-2026,39.6,41.5,41.5,38.2,39.25,16500,6.54,41,13800.0,83.64,2026-07-29
NITCO,EQ,29-Jul-2026,103.18,103.49,105.48,102.82,103.78,468078,486.97,3277,308394.0,65.89,2026-07-29
NITINSPIN,EQ,29-Jul-2026,532.9,535.0,542.0,532.55,537.6,27334,146.92,1338,17766.0,65.0,2026-07-29
NITIRAJ,EQ,29-Jul-2026,218.88,218.88,224.95,210.25,216.49,1703,3.66,103,1229.0,72.17,2026-07-29
NITTAGELA,EQ,29-Jul-2026,1838.9,1840.0,1879.4,1836.1,1852.6,2887,53.44,436,1673.0,57.95,2026-07-29
NIVABUPA,EQ,29-Jul-2026,86.58,86.99,87.0,84.88,85.74,1342050,1148.71,17291,896188.0,66.78,2026-07-29
NKIND,EQ,29-Jul-2026,57.99,63.0,63.0,58.6,59.65,399,0.24,18,166.0,41.6,2026-07-29
NLCINDIA,EQ,29-Jul-2026,299.05,302.0,304.2,296.2,296.9,2608479,7825.98,56231,1472350.0,56.44,2026-07-29
NMDC,EQ,29-Jul-2026,83.92,83.75,86.45,83.75,85.85,24493891,21028.22,55147,12247750.0,50.0,2026-07-29
NMSTEEL,SM,29-Jul-2026,24.5,24.5,24.75,24.5,24.6,3200,0.79,2,3200.0,100.0,2026-07-29
NOCIL,EQ,29-Jul-2026,160.96,161.7,167.99,160.33,166.35,470775,775.32,6157,202370.0,42.99,2026-07-29
NOIDATOLL,BE,29-Jul-2026,4.53,4.64,4.64,4.41,4.45,56434,2.52,159,,,2026-07-29
NORBTEAEXP,EQ,29-Jul-2026,69.23,68.89,69.01,66.14,67.57,590,0.4,21,556.0,94.24,2026-07-29
NORTHARC,EQ,29-Jul-2026,285.35,285.35,290.95,281.15,288.8,850030,2421.52,13985,454193.0,53.43,2026-07-29
NOVAAGRI,BE,29-Jul-2026,22.95,23.0,23.43,22.61,23.12,25394,5.84,173,,,2026-07-29
NOVARTIND,EQ,29-Jul-2026,1579.3,1610.0,1622.8,1590.4,1595.9,39670,635.38,4580,31244.0,78.76,2026-07-29
NPBET,EQ,29-Jul-2026,283.03,283.28,284.8,282.82,282.82,1300,3.69,16,1032.0,79.38,2026-07-29
NPST,EQ,29-Jul-2026,1550.7,1573.4,1573.9,1489.1,1545.4,20131,307.26,2181,9944.0,49.4,2026-07-29
NRAIL,EQ,29-Jul-2026,464.45,457.65,478.4,455.0,468.6,4048,18.82,311,2410.0,59.54,2026-07-29
NRBBEARING,EQ,29-Jul-2026,422.8,428.1,429.8,416.05,426.95,303252,1287.32,11117,173027.0,57.06,2026-07-29
NRL,BE,29-Jul-2026,102.0,102.0,103.3,102.0,103.3,68690,70.46,152,,,2026-07-29
NRVANDANA,ST,29-Jul-2026,68.5,69.9,69.95,66.15,66.25,48000,33.19,11,45000.0,93.75,2026-07-29
NSIL,EQ,29-Jul-2026,5434.5,5415.5,5687.0,5415.5,5524.5,5164,286.82,899,2915.0,56.45,2026-07-29
NSLNISP,EQ,29-Jul-2026,42.05,42.05,43.4,42.05,43.06,4524887,1947.11,16928,2101653.0,46.45,2026-07-29
NTPC,EQ,29-Jul-2026,343.75,343.7,345.35,341.15,343.5,8471125,29053.32,83384,5584275.0,65.92,2026-07-29
NTPCGREEN,EQ,29-Jul-2026,92.27,92.39,93.05,91.4,91.48,4351570,3998.42,23956,2557757.0,58.78,2026-07-29
NUCLEUS,EQ,29-Jul-2026,724.85,729.2,756.85,727.35,741.1,70208,520.63,3591,39454.0,56.2,2026-07-29
NURECA,EQ,29-Jul-2026,311.76,313.92,328.0,311.9,326.79,43634,140.45,1597,31538.0,72.28,2026-07-29
NUVAMA,EQ,29-Jul-2026,1808.8,1809.0,1847.1,1757.0,1827.2,315381,5676.88,22875,144460.0,45.8,2026-07-29
NUVOCO,EQ,29-Jul-2026,350.45,350.0,356.5,350.0,351.75,314935,1110.69,9270,138396.0,43.94,2026-07-29
NV20,EQ,29-Jul-2026,13.88,14.01,14.06,13.96,14.02,21690,3.04,127,11771.0,54.27,2026-07-29
NV20BEES,EQ,29-Jul-2026,138.88,140.26,140.99,139.0,140.44,8785,12.31,172,5466.0,62.22,2026-07-29
NV20IETF,EQ,29-Jul-2026,13.56,13.89,13.89,13.45,13.69,385592,52.72,1239,293273.0,76.06,2026-07-29
NXST,RR,29-Jul-2026,167.43,167.9,168.1,166.22,167.26,357296,598.24,7702,319134.0,89.32,2026-07-29
NYKAA,EQ,29-Jul-2026,329.6,331.0,332.6,326.1,327.5,2803127,9212.55,34764,1640087.0,58.51,2026-07-29
OAL,EQ,29-Jul-2026,371.1,365.6,400.0,365.6,398.45,91120,357.84,2475,62853.0,68.98,2026-07-29
OBCL,EQ,29-Jul-2026,52.65,52.72,53.5,52.15,52.41,3740,1.97,54,3536.0,94.55,2026-07-29
OBEROIRLTY,EQ,29-Jul-2026,1829.5,1847.4,1847.4,1816.4,1836.5,230937,4230.71,12214,106846.0,46.27,2026-07-29
OBSCP,SM,29-Jul-2026,597.9,615.95,616.5,589.1,604.0,18800,114.2,42,12400.0,65.96,2026-07-29
OCCLLTD,BE,29-Jul-2026,153.65,150.01,158.0,145.97,150.79,267970,414.11,609,,,2026-07-29
ODIGMA,BE,29-Jul-2026,22.66,22.66,23.04,22.55,22.86,9693,2.2,222,,,2026-07-29
OFSS,EQ,29-Jul-2026,11334.0,11401.0,11695.0,11368.0,11427.0,337103,38938.07,54319,92445.0,27.42,2026-07-29
OIL,EQ,29-Jul-2026,444.6,448.85,449.85,440.25,447.9,1787186,7955.43,26996,696443.0,38.97,2026-07-29
OILCOUNTUB,BE,29-Jul-2026,56.32,56.95,57.28,56.02,57.0,7567,4.31,77,,,2026-07-29
OILIETF,EQ,29-Jul-2026,11.24,10.95,11.29,10.95,11.24,1195369,134.36,2145,840640.0,70.32,2026-07-29
OLAELEC,EQ,29-Jul-2026,37.11,37.29,38.79,37.29,38.4,44492516,17058.27,83140,7864668.0,17.68,2026-07-29
OLECTRA,EQ,29-Jul-2026,1312.7,1320.0,1338.0,1320.0,1330.1,149756,1991.46,9515,60591.0,40.46,2026-07-29
OLIL,ST,29-Jul-2026,420.0,422.0,428.0,414.0,428.0,1600,6.77,3,1200.0,75.0,2026-07-29
OMAXAUTO,BE,29-Jul-2026,204.35,194.14,205.85,194.14,196.05,291411,571.15,1197,,,2026-07-29
OMAXE,EQ,29-Jul-2026,86.62,86.52,88.0,84.83,85.53,211957,182.97,2609,102822.0,48.51,2026-07-29
OMFREIGHT,BE,29-Jul-2026,89.51,89.51,92.0,89.05,91.35,7528,6.81,87,,,2026-07-29
OMFURN,ST,29-Jul-2026,59.4,59.95,62.35,59.95,62.35,13200,8.03,10,13200.0,100.0,2026-07-29
OMINFRAL,EQ,29-Jul-2026,90.34,93.0,95.0,89.31,89.91,166326,151.41,2517,47318.0,28.45,2026-07-29
OMNI,EQ,29-Jul-2026,595.75,596.1,607.3,591.0,597.8,149244,894.25,8430,52070.0,34.89,2026-07-29
OMPOWER,EQ,29-Jul-2026,167.74,167.26,168.24,161.55,164.07,163625,269.58,2169,84542.0,51.67,2026-07-29
ONDOOR,SM,29-Jul-2026,255.15,256.0,275.0,248.1,267.75,68700,181.54,91,43800.0,63.76,2026-07-29
ONELIFECAP,BE,29-Jul-2026,37.86,38.98,38.98,36.5,37.19,30572,11.42,72,,,2026-07-29
ONEPOINT,EQ,29-Jul-2026,55.65,56.04,57.0,55.11,56.57,656133,368.83,2947,371788.0,56.66,2026-07-29
ONESOURCE,EQ,29-Jul-2026,1731.3,1752.0,1755.2,1707.0,1749.7,204534,3557.83,20567,102655.0,50.19,2026-07-29
ONGC,EQ,29-Jul-2026,238.91,240.0,240.02,237.93,238.31,9139712,21835.5,72678,5602169.0,61.29,2026-07-29
ONIDA,BE,29-Jul-2026,37.61,37.27,37.79,37.0,37.48,146958,55.0,429,,,2026-07-29
ONMOBILE,BE,29-Jul-2026,62.83,62.98,62.98,61.32,62.1,46031,28.55,274,,,2026-07-29
ONWARDTEC,EQ,29-Jul-2026,296.3,296.0,305.8,294.0,297.85,248193,748.3,6020,91170.0,36.73,2026-07-29
ONYX,ST,29-Jul-2026,40.8,42.8,42.8,42.8,42.8,8000,3.42,4,8000.0,100.0,2026-07-29
OPTIEMUS,EQ,29-Jul-2026,619.2,619.2,630.4,615.6,624.8,202439,1266.54,7508,107739.0,53.22,2026-07-29
OPTIVALUE,SM,29-Jul-2026,142.7,151.8,156.95,148.0,156.7,396800,609.03,209,281600.0,70.97,2026-07-29
ORBTEXP,BE,29-Jul-2026,244.0,242.78,248.9,237.01,243.44,27641,67.71,169,,,2026-07-29
ORCHASP,EQ,29-Jul-2026,1.54,1.57,1.7,1.54,1.67,257586,4.23,436,181087.0,70.3,2026-07-29
ORCHPHARMA,EQ,29-Jul-2026,985.35,982.1,1022.0,982.1,1001.45,47133,473.79,6560,17556.0,37.25,2026-07-29
ORIANA,SM,29-Jul-2026,1403.1,1410.0,1414.9,1353.15,1359.5,82350,1127.73,809,49125.0,59.65,2026-07-29
ORICONENT,EQ,29-Jul-2026,52.79,54.5,54.57,52.11,53.95,47663,25.61,1141,33242.0,69.74,2026-07-29
ORIENTALTL,EQ,29-Jul-2026,5.3,5.3,5.39,5.21,5.27,66546,3.51,191,48943.0,73.55,2026-07-29
ORIENTBELL,EQ,29-Jul-2026,320.7,320.85,322.5,316.0,318.05,6103,19.47,285,3976.0,65.15,2026-07-29
ORIENTCEM,EQ,29-Jul-2026,134.73,135.01,139.9,133.0,137.55,402147,553.18,4054,159442.0,39.65,2026-07-29
ORIENTCER,EQ,29-Jul-2026,40.25,40.25,40.93,40.0,40.07,24551,9.85,175,16867.0,68.7,2026-07-29
ORIENTELEC,EQ,29-Jul-2026,170.51,171.98,175.5,171.0,173.66,294419,509.51,6432,142290.0,48.33,2026-07-29
ORIENTHOT,EQ,29-Jul-2026,136.6,137.0,137.59,134.6,134.98,133518,181.41,1980,74228.0,55.59,2026-07-29
ORIENTLTD,EQ,29-Jul-2026,89.85,90.3,90.3,82.16,83.59,72990,61.71,977,34254.0,46.93,2026-07-29
ORIENTPPR,EQ,29-Jul-2026,17.64,17.71,17.94,17.22,17.51,260528,46.06,841,187065.0,71.8,2026-07-29
ORIENTTECH,EQ,29-Jul-2026,272.5,272.5,272.5,266.45,267.65,239272,643.9,5282,69844.0,29.19,2026-07-29
ORISSAMINE,EQ,29-Jul-2026,3771.8,4100.0,4200.0,4001.0,4036.9,152433,6243.14,20003,24170.0,15.86,2026-07-29
ORKLAINDIA,EQ,29-Jul-2026,567.2,567.2,575.6,561.0,565.55,45294,257.25,5707,28857.0,63.71,2026-07-29
ORTEL,BZ,29-Jul-2026,1.79,1.86,1.86,1.71,1.79,2147,0.04,25,,,2026-07-29
ORTINGLOBE,BE,29-Jul-2026,14.43,14.12,14.99,14.12,14.9,2173,0.31,148,,,2026-07-29
OSELDEVICE,SM,29-Jul-2026,409.9,411.7,415.05,390.0,413.55,33400,134.14,129,23000.0,68.86,2026-07-29
OSIAHYPER,BE,29-Jul-2026,2.94,2.95,3.04,2.9,2.91,552951,16.33,343,,,2026-07-29
OSWALAGRO,EQ,29-Jul-2026,38.28,38.0,39.4,38.0,38.24,9262,3.58,128,5948.0,64.22,2026-07-29
OSWALGREEN,EQ,29-Jul-2026,20.76,20.7,21.26,19.8,20.13,393304,79.8,2378,255307.0,64.91,2026-07-29
OSWALPUMPS,EQ,29-Jul-2026,344.65,348.0,351.95,341.2,344.5,344703,1194.89,6996,196168.0,56.91,2026-07-29
OSWALSEEDS,EQ,29-Jul-2026,10.43,10.46,10.71,10.26,10.39,57020,5.92,203,39870.0,69.92,2026-07-29
OWAIS,ST,29-Jul-2026,97.2,95.05,102.0,95.05,99.45,13400,13.37,86,12100.0,90.3,2026-07-29
PACEDIGITK,EQ,29-Jul-2026,193.88,195.0,199.0,193.61,197.55,510518,1002.2,5828,221633.0,43.41,2026-07-29
PAGEIND,EQ,29-Jul-2026,40370.0,40565.0,40565.0,39800.0,40270.0,27423,11019.15,9229,16367.0,59.68,2026-07-29
PAISALO,EQ,29-Jul-2026,71.14,71.14,72.2,70.38,71.39,10849634,7742.04,24792,4666150.0,43.01,2026-07-29
PAKKA,EQ,29-Jul-2026,69.97,71.25,72.95,70.0,71.43,72894,51.87,1107,47843.0,65.63,2026-07-29
PALASHSECU,EQ,29-Jul-2026,86.59,86.0,89.99,85.0,87.54,3602,3.13,122,3161.0,87.76,2026-07-29
PALREDTEC,BE,29-Jul-2026,44.0,45.0,46.2,44.0,44.8,1660,0.76,32,,,2026-07-29
PANACEABIO,EQ,29-Jul-2026,414.4,422.0,426.0,415.1,423.85,132660,559.36,4511,61207.0,46.14,2026-07-29
PANACHE,BE,29-Jul-2026,410.55,406.0,422.9,405.0,420.0,6669,27.69,3776,,,2026-07-29
PANAMAPET,EQ,29-Jul-2026,451.35,451.35,461.2,439.45,447.75,125453,560.44,6792,53312.0,42.5,2026-07-29
PANSARI,EQ,29-Jul-2026,352.85,333.5,377.9,318.0,327.5,124144,443.29,1885,10407.0,8.38,2026-07-29
PAR,EQ,29-Jul-2026,95.37,95.3,98.99,95.3,95.84,6401,6.2,142,4058.0,63.4,2026-07-29
PARACABLES,EQ,29-Jul-2026,62.22,62.5,64.01,62.5,63.48,977523,620.51,4380,517704.0,52.96,2026-07-29
PARADEEP,EQ,29-Jul-2026,139.21,144.8,159.5,142.31,156.54,173193514,267971.99,726587,12599526.0,7.27,2026-07-29
PARAGMILK,EQ,29-Jul-2026,219.87,219.75,221.5,215.16,216.56,291083,634.55,4000,163452.0,56.15,2026-07-29
PARAGON,SM,29-Jul-2026,49.0,49.0,49.15,49.0,49.15,7200,3.53,4,6000.0,83.33,2026-07-29
PARAS,EQ,29-Jul-2026,1186.1,1189.0,1234.0,1187.1,1212.4,785713,9531.24,32427,229498.0,29.21,2026-07-29
PARASPETRO,EQ,29-Jul-2026,2.39,2.58,2.62,2.36,2.49,1267092,32.31,1283,498479.0,39.34,2026-07-29
PARIN,SM,29-Jul-2026,725.5,742.0,742.0,729.0,729.0,500,3.68,2,500.0,100.0,2026-07-29
PARKHOSPS,EQ,29-Jul-2026,277.65,278.0,281.85,277.7,279.25,130641,365.63,3171,63850.0,48.87,2026-07-29
PARKHOTELS,EQ,29-Jul-2026,119.95,120.84,122.5,120.46,121.64,63244,76.7,1008,39075.0,61.78,2026-07-29
PARSVNATH,BE,29-Jul-2026,1.89,1.86,1.86,1.86,1.86,293224,5.45,152,,,2026-07-29
PARTH,SM,29-Jul-2026,454.2,479.95,492.0,460.0,489.0,25600,123.24,56,20000.0,78.13,2026-07-29
PARTYCRUS,SM,29-Jul-2026,90.0,90.05,90.05,90.05,90.05,1000,0.9,1,1000.0,100.0,2026-07-29
PASHUPATI,EQ,29-Jul-2026,86.48,86.9,88.15,86.25,86.53,20957,18.21,1188,10931.0,52.16,2026-07-29
PASUPTAC,BE,29-Jul-2026,58.0,58.01,60.0,58.0,58.02,53296,31.22,300,,,2026-07-29
PATANJALI,EQ,29-Jul-2026,342.95,346.75,360.95,341.1,357.15,17753509,62407.7,80910,6410031.0,36.11,2026-07-29
PATELENG,EQ,29-Jul-2026,27.06,27.84,27.99,27.06,27.8,3382034,932.45,8371,1359411.0,40.2,2026-07-29
PATELRMART,EQ,29-Jul-2026,221.63,221.32,227.0,221.32,223.3,61908,138.7,1378,27012.0,43.63,2026-07-29
PATILAUTOM,ST,29-Jul-2026,179.3,182.0,188.25,181.0,188.0,42000,77.87,52,41400.0,98.57,2026-07-29
PATINTLOG,BE,29-Jul-2026,14.14,14.07,14.45,13.61,14.34,16596,2.36,109,,,2026-07-29
PAUSHAKLTD,EQ,29-Jul-2026,582.55,590.0,594.7,574.9,582.45,12309,71.93,977,6680.0,54.27,2026-07-29
PAVNAIND,EQ,29-Jul-2026,17.55,17.9,19.9,17.67,18.66,580679,110.06,2028,301970.0,52.0,2026-07-29
PAYTM,EQ,29-Jul-2026,1307.9,1300.0,1335.3,1293.1,1330.0,4123247,54382.8,85979,2320767.0,56.28,2026-07-29
PCBL,EQ,29-Jul-2026,318.4,321.0,374.0,320.8,365.7,26955359,95688.07,293840,4022486.0,14.92,2026-07-29
PCCL,SM,29-Jul-2026,269.3,282.9,282.9,269.0,277.15,14400,40.09,34,8800.0,61.11,2026-07-29
PCJEWELLER,EQ,29-Jul-2026,9.22,9.3,9.3,9.05,9.1,109472665,10018.45,41507,32913917.0,30.07,2026-07-29
PDMJEPAPER,EQ,29-Jul-2026,96.6,96.6,101.2,96.6,98.37,322236,317.76,3586,165946.0,51.5,2026-07-29
PDSL,EQ,29-Jul-2026,349.7,349.0,352.0,345.8,350.3,128572,448.67,2290,90315.0,70.24,2026-07-29
PEARLPOLY,BE,29-Jul-2026,17.5,17.5,17.5,17.01,17.13,1280,0.22,17,,,2026-07-29
PELATRO,SM,29-Jul-2026,269.6,266.9,266.9,260.5,260.5,2700,7.13,5,2700.0,100.0,2026-07-29
PENIND,EQ,29-Jul-2026,165.2,164.53,168.8,164.38,167.67,214563,358.31,3906,104866.0,48.87,2026-07-29
PENINLAND,BE,29-Jul-2026,16.41,16.5,16.5,16.09,16.09,29210,4.75,84,,,2026-07-29
PENTAGON,SM,29-Jul-2026,51.35,49.5,52.95,49.5,52.95,3000,1.55,3,2000.0,66.67,2026-07-29
PERSISTENT,EQ,29-Jul-2026,5428.4,5510.4,5589.0,5460.0,5483.3,563293,31121.34,58535,214722.0,38.12,2026-07-29
PETRONET,EQ,29-Jul-2026,277.8,278.2,278.5,275.05,277.1,1226262,3394.58,28189,695140.0,56.69,2026-07-29
PFC,EQ,29-Jul-2026,419.9,419.9,431.4,419.1,427.1,6586258,28041.23,57215,4127092.0,62.66,2026-07-29
PFIZER,EQ,29-Jul-2026,4710.7,4735.0,4839.5,4712.3,4755.1,41592,1991.02,8436,20599.0,49.53,2026-07-29
PFOCUS,EQ,29-Jul-2026,289.23,293.9,311.0,284.59,308.72,2566594,7742.46,49552,1051817.0,40.98,2026-07-29
PFS,EQ,29-Jul-2026,28.78,28.0,28.35,27.72,27.78,1927714,541.18,4614,1189693.0,61.72,2026-07-29
PGEL,EQ,29-Jul-2026,585.45,588.0,619.05,585.1,612.45,2208477,13372.81,35785,632571.0,28.64,2026-07-29
PGHH,EQ,29-Jul-2026,8973.0,9000.0,9070.0,8481.0,8598.5,113815,9869.44,23004,46199.0,40.59,2026-07-29
PGHL,EQ,29-Jul-2026,6675.5,6704.5,6730.0,6553.5,6615.5,24105,1597.05,6477,6536.0,27.11,2026-07-29
PGIL,EQ,29-Jul-2026,1993.4,1994.8,2070.0,1985.8,2060.6,94427,1923.91,12510,37116.0,39.31,2026-07-29
PGINVIT,IV,29-Jul-2026,101.66,101.97,101.99,101.61,101.67,2478072,2521.95,6816,2272015.0,91.68,2026-07-29
PHANTOMFX,SM,29-Jul-2026,179.95,176.0,177.0,173.0,173.15,4200,7.34,14,3900.0,92.86,2026-07-29
PHARMABEES,EQ,29-Jul-2026,26.73,26.06,27.12,26.06,27.08,6414684,1729.28,8690,4530510.0,70.63,2026-07-29
PHOENIXLTD,EQ,29-Jul-2026,2023.2,1989.9,1996.8,1896.0,1910.5,2509148,48142.14,104802,1005608.0,40.08,2026-07-29
PHOGLOBAL,SM,29-Jul-2026,16.5,16.9,17.0,16.9,17.0,4000,0.68,2,4000.0,100.0,2026-07-29
PICCADIL,EQ,29-Jul-2026,737.85,746.3,755.4,726.05,731.25,97920,724.51,6210,40946.0,41.82,2026-07-29
PIDILITIND,EQ,29-Jul-2026,1619.6,1619.9,1637.0,1608.9,1629.9,1117313,18115.55,42712,606650.0,54.3,2026-07-29
PIGL,EQ,29-Jul-2026,106.62,107.51,108.3,104.42,105.44,35751,38.04,2445,14812.0,41.43,2026-07-29
PIIND,EQ,29-Jul-2026,2706.6,2716.6,2761.0,2713.0,2753.9,260551,7135.07,15260,171490.0,65.82,2026-07-29
PILANIINVS,EQ,29-Jul-2026,4240.0,4278.4,4319.9,4270.0,4309.4,904,38.84,165,677.0,74.89,2026-07-29
PILITA,BE,29-Jul-2026,8.78,9.11,9.11,8.44,8.6,25231,2.18,92,,,2026-07-29
PINELABS,EQ,29-Jul-2026,152.94,154.0,154.77,143.37,144.64,32188389,47682.46,155493,13026806.0,40.47,2026-07-29
PIONEEREMB,EQ,29-Jul-2026,22.93,23.24,23.85,23.24,23.75,28720,6.74,69,27556.0,95.95,2026-07-29
PIONRINV,BE,29-Jul-2026,88.67,88.23,88.67,85.0,88.67,4701,4.08,37,,,2026-07-29
PIRAMALFIN,EQ,29-Jul-2026,2005.8,2015.7,2053.0,1970.5,2043.3,256754,5181.9,24358,138905.0,54.1,2026-07-29
PITTIENG,EQ,29-Jul-2026,914.45,915.4,962.95,908.5,951.2,36191,342.65,2757,16449.0,45.45,2026-07-29
PIXTRANS,EQ,29-Jul-2026,1748.4,1750.0,1769.8,1716.0,1722.4,9815,170.06,1199,5119.0,52.15,2026-07-29
PKTEA,EQ,29-Jul-2026,705.05,705.05,705.05,690.0,690.0,19,0.13,5,19.0,100.0,2026-07-29
PLASTIBLEN,EQ,29-Jul-2026,190.1,191.79,191.79,187.0,187.56,26093,49.25,761,15177.0,58.17,2026-07-29
PLATIND,EQ,29-Jul-2026,243.86,242.76,244.23,237.01,238.37,43246,104.01,1345,29159.0,67.43,2026-07-29
PLAZACABLE,BE,29-Jul-2026,41.98,42.95,43.1,41.98,42.57,6226,2.65,80,,,2026-07-29
PML,EQ,29-Jul-2026,472.0,486.65,497.4,461.0,486.25,1113,5.23,31,920.0,82.66,2026-07-29
PNB,EQ,29-Jul-2026,111.65,112.3,112.3,110.89,111.08,8304814,9251.06,39558,3838477.0,46.22,2026-07-29
PNBGILTS,EQ,29-Jul-2026,83.8,83.9,84.9,83.12,83.78,229039,192.52,2153,106018.0,46.29,2026-07-29
PNBHOUSING,EQ,29-Jul-2026,1069.4,1072.5,1083.9,1055.0,1056.3,497371,5275.4,18828,276873.0,55.67,2026-07-29
PNC,EQ,29-Jul-2026,19.81,20.21,20.6,19.41,19.92,9022,1.8,88,8713.0,96.58,2026-07-29
PNCINFRA,EQ,29-Jul-2026,233.98,235.1,241.5,233.0,240.52,364588,870.83,20965,169902.0,46.6,2026-07-29
PNGJL,EQ,29-Jul-2026,679.35,680.0,717.0,665.75,670.15,1582224,10936.83,43239,527992.0,33.37,2026-07-29
PNGSREVA,EQ,29-Jul-2026,423.95,440.0,478.9,415.55,447.5,3946097,17825.78,101466,702008.0,17.79,2026-07-29
POCL,EQ,29-Jul-2026,513.0,513.5,547.6,510.0,527.7,563744,3019.1,16791,202471.0,35.92,2026-07-29
PODDARMENT,EQ,29-Jul-2026,249.65,250.0,259.21,249.01,255.41,5841,14.83,191,3645.0,62.4,2026-07-29
POKARNA,EQ,29-Jul-2026,923.2,923.2,937.9,911.7,920.0,22712,209.27,2270,13430.0,59.13,2026-07-29
POLICYBZR,EQ,29-Jul-2026,1583.3,1591.6,1620.9,1591.6,1611.2,542622,8731.16,26876,254209.0,46.85,2026-07-29
POLYCAB,EQ,29-Jul-2026,9121.5,9155.0,9169.5,8975.0,9047.0,233061,21081.3,30900,105393.0,45.22,2026-07-29
POLYMED,EQ,29-Jul-2026,1647.7,1654.9,1693.0,1654.8,1678.5,36747,617.18,5198,16843.0,45.84,2026-07-29
POLYPLEX,EQ,29-Jul-2026,1141.35,1140.0,1142.0,1115.0,1121.1,46831,526.89,4183,29434.0,62.85,2026-07-29
PONNIERODE,EQ,29-Jul-2026,307.3,306.05,311.75,305.95,306.7,5047,15.5,311,2683.0,53.16,2026-07-29
POONAWALLA,EQ,29-Jul-2026,465.85,467.0,483.75,463.25,481.6,1143996,5448.85,60999,634866.0,55.5,2026-07-29
POSITRON,SM,29-Jul-2026,174.5,174.5,179.9,173.0,173.0,3300,5.78,8,3000.0,90.91,2026-07-29
POWERGRID,EQ,29-Jul-2026,285.3,284.0,284.75,281.05,282.85,12375693,34979.55,62707,8152778.0,65.88,2026-07-29
POWERICA,EQ,29-Jul-2026,548.15,550.75,558.0,524.0,533.7,238790,1288.47,17464,136536.0,57.18,2026-07-29
POWERINDIA,EQ,29-Jul-2026,31130.0,31350.0,31960.0,30625.0,31675.0,156699,49077.39,44864,49790.0,31.77,2026-07-29
POWERMECH,EQ,29-Jul-2026,2636.1,2649.4,2698.0,2618.0,2659.8,51736,1370.48,8395,25975.0,50.21,2026-07-29
PPAP,BE,29-Jul-2026,281.4,276.0,288.8,276.0,282.5,9671,27.44,230,,,2026-07-29
PPL,BE,29-Jul-2026,268.4,268.4,275.0,264.5,270.6,14021,37.62,278,,,2026-07-29
PPLPHARMA,EQ,29-Jul-2026,193.43,194.45,201.0,193.2,195.68,11848125,23320.1,125565,5443975.0,45.95,2026-07-29
PPSL,SM,29-Jul-2026,3.8,4.15,4.15,4.1,4.15,342000,14.19,49,258000.0,75.44,2026-07-29
PRABHA,EQ,29-Jul-2026,142.72,142.08,144.5,141.02,142.42,9140,13.04,178,7033.0,76.95,2026-07-29
PRADPME,BE,29-Jul-2026,514.9,530.0,530.0,505.0,515.6,5249,26.91,94,,,2026-07-29
PRAENG,EQ,29-Jul-2026,21.01,20.75,21.89,20.25,20.78,48641,10.26,168,31480.0,64.72,2026-07-29
PRAJIND,EQ,29-Jul-2026,302.45,302.45,311.95,302.45,310.15,638259,1974.0,16421,281465.0,44.1,2026-07-29
PRAKASH,EQ,29-Jul-2026,123.64,124.0,127.78,123.73,125.92,271035,342.61,3641,138970.0,51.27,2026-07-29
PRAKASHSTL,EQ,29-Jul-2026,4.02,4.0,4.12,4.0,4.01,81499,3.29,208,61076.0,74.94,2026-07-29
PRAMARA,SM,29-Jul-2026,124.25,124.25,126.25,120.75,122.3,35000,43.12,55,18000.0,51.43,2026-07-29
PRATHAM,SM,29-Jul-2026,114.85,115.05,115.05,114.0,114.0,9200,10.57,4,9200.0,100.0,2026-07-29
PRAVEG,EQ,29-Jul-2026,285.3,287.59,291.8,285.0,288.71,46652,134.44,1372,27816.0,59.62,2026-07-29
PRAXIS,BE,29-Jul-2026,6.96,7.15,7.15,6.62,6.62,278908,18.58,198,,,2026-07-29
PRECAM,EQ,29-Jul-2026,138.34,138.4,142.34,138.03,139.23,79435,111.12,1619,32985.0,41.52,2026-07-29
PRECISION,SM,29-Jul-2026,8.2,8.35,8.35,7.8,8.0,6000,0.48,3,4000.0,66.67,2026-07-29
PRECOT,EQ,29-Jul-2026,802.3,827.95,827.95,768.1,793.95,3344,26.43,295,2314.0,69.2,2026-07-29
PRECWIRE,EQ,29-Jul-2026,366.6,369.55,370.0,358.05,360.2,164512,595.02,6668,92199.0,56.04,2026-07-29
PREMCO,EQ,29-Jul-2026,371.7,371.7,375.0,363.0,366.05,446,1.63,69,404.0,90.58,2026-07-29
PREMEXPLN,EQ,29-Jul-2026,663.15,664.95,670.0,661.1,662.15,282973,1877.4,3684,170711.0,60.33,2026-07-29
PREMIER,BE,29-Jul-2026,2.8,2.84,2.85,2.77,2.77,3599,0.1,26,,,2026-07-29
PREMIERENE,EQ,29-Jul-2026,1016.9,1024.0,1042.0,1016.3,1036.2,640029,6592.01,24769,243514.0,38.05,2026-07-29
PREMIERPOL,EQ,29-Jul-2026,75.4,75.5,76.0,73.0,73.6,151379,112.56,2347,79748.0,52.68,2026-07-29
PREMIUM,SM,29-Jul-2026,38.25,40.65,40.65,40.65,40.65,3000,1.22,1,3000.0,100.0,2026-07-29
PRESSTONIC,SM,29-Jul-2026,26.35,26.6,27.0,25.95,26.05,42400,11.15,43,40800.0,96.23,2026-07-29
PRESTIGE,EQ,29-Jul-2026,1682.3,1696.0,1702.4,1657.4,1673.0,908875,15285.33,40137,478734.0,52.67,2026-07-29
PRICOLLTD,EQ,29-Jul-2026,665.1,664.0,672.95,656.95,660.55,380128,2523.96,16414,219739.0,57.81,2026-07-29
PRIMECAB,ST,29-Jul-2026,192.0,192.0,200.5,192.0,199.8,35200,69.29,22,28800.0,81.82,2026-07-29
PRIMESECU,EQ,29-Jul-2026,273.6,272.05,277.0,272.05,276.05,11768,32.32,251,6002.0,51.0,2026-07-29
PRIMO,EQ,29-Jul-2026,22.32,22.33,22.83,22.11,22.69,57405,12.93,863,27456.0,47.83,2026-07-29
PRINCEPIPE,EQ,29-Jul-2026,259.8,259.35,266.2,259.35,265.3,78845,207.83,2525,48376.0,61.36,2026-07-29
PRITI,BE,29-Jul-2026,36.19,36.19,37.18,35.0,36.89,4088,1.5,43,,,2026-07-29
PRITIKA,SM,29-Jul-2026,55.15,57.85,57.9,57.5,57.9,18000,10.39,5,18000.0,100.0,2026-07-29
PRITIKAUTO,BE,29-Jul-2026,17.58,17.42,17.95,17.25,17.65,53333,9.39,304,,,2026-07-29
PRIVISCL,EQ,29-Jul-2026,3629.2,3629.2,3723.8,3603.6,3707.3,82031,2998.0,11941,51615.0,62.92,2026-07-29
PRIZOR,ST,29-Jul-2026,851.9,852.1,859.0,852.1,859.0,5600,47.89,13,5600.0,100.0,2026-07-29
PRLIND,SM,29-Jul-2026,44.4,44.2,46.05,43.6,45.3,48000,21.53,35,34000.0,70.83,2026-07-29
PROFX,SM,29-Jul-2026,73.5,75.5,78.0,75.5,77.0,16000,12.39,9,14400.0,90.0,2026-07-29
PROPEQUITY,SM,29-Jul-2026,221.9,211.2,216.0,211.2,216.0,1200,2.56,2,600.0,50.0,2026-07-29
PROSTARM,EQ,29-Jul-2026,121.74,122.6,125.0,120.5,124.25,87031,107.41,1731,46699.0,53.66,2026-07-29
PROTEAN,EQ,29-Jul-2026,623.5,624.4,645.95,624.4,631.5,317195,2019.33,10409,146855.0,46.3,2026-07-29
PROV,SM,29-Jul-2026,1720.0,1650.0,1650.0,1650.0,1650.0,80,1.32,1,80.0,100.0,2026-07-29
PROZONER,EQ,29-Jul-2026,43.5,43.93,45.68,42.43,42.67,146735,63.33,1088,90579.0,61.73,2026-07-29
PRSMJOHNSN,EQ,29-Jul-2026,106.98,107.78,108.58,106.45,107.9,70955,76.64,1712,41410.0,58.36,2026-07-29
PRUDENT,EQ,29-Jul-2026,3089.5,3155.9,3239.9,3110.0,3158.5,107819,3417.24,18930,34449.0,31.95,2026-07-29
PRUDMOULI,BE,29-Jul-2026,12.54,12.5,12.95,12.5,12.77,657,0.08,12,,,2026-07-29
PSB,EQ,29-Jul-2026,23.71,23.85,23.91,23.63,23.67,1033148,245.23,3034,520488.0,50.38,2026-07-29
PSFL,SM,29-Jul-2026,31.5,31.1,31.1,31.1,31.1,6000,1.87,2,6000.0,100.0,2026-07-29
PSPPROJECT,EQ,29-Jul-2026,1022.0,1025.0,1040.0,1014.6,1023.7,86072,884.41,4166,44964.0,52.24,2026-07-29
PSRAJ,ST,29-Jul-2026,94.75,90.05,90.05,90.05,90.05,5000,4.5,2,5000.0,100.0,2026-07-29
PSUBANK,EQ,29-Jul-2026,83.18,83.8,83.8,83.11,83.24,180721,150.69,498,112585.0,62.3,2026-07-29
PSUBANKADD,EQ,29-Jul-2026,83.85,84.02,84.58,83.93,84.04,13531,11.4,198,6314.0,46.66,2026-07-29
PSUBNKBEES,EQ,29-Jul-2026,92.73,92.73,93.5,92.55,92.99,1896775,1765.03,3779,899618.0,47.43,2026-07-29
PSUBNKIETF,EQ,29-Jul-2026,84.19,84.31,84.88,84.1,84.27,65050,54.93,577,35678.0,54.85,2026-07-29
PTC,EQ,29-Jul-2026,165.91,166.39,169.0,165.41,167.81,835603,1393.97,12138,490370.0,58.68,2026-07-29
PTCIL,EQ,29-Jul-2026,17874.0,17874.0,18149.0,17841.0,17971.0,10735,1930.4,2891,3868.0,36.03,2026-07-29
PTL,EQ,29-Jul-2026,39.26,39.4,39.77,39.05,39.15,24284,9.55,377,20286.0,83.54,2026-07-29
PULZ,SM,29-Jul-2026,24.15,23.8,23.8,23.3,23.3,6000,1.42,3,6000.0,100.0,2026-07-29
PUNJABCHEM,EQ,29-Jul-2026,1158.2,1161.3,1161.3,1137.1,1150.8,4842,55.44,486,2845.0,58.76,2026-07-29
PURPLEUTED,ST,29-Jul-2026,318.7,318.7,334.6,314.0,334.6,12250,40.17,36,12250.0,100.0,2026-07-29
PURVA,EQ,29-Jul-2026,214.97,215.47,218.19,213.35,214.25,127109,273.53,3130,68017.0,53.51,2026-07-29
PURVFLEXI,SM,29-Jul-2026,45.75,46.0,46.0,46.0,46.0,800,0.37,1,800.0,100.0,2026-07-29
PUSHPA,SM,29-Jul-2026,105.5,105.85,108.65,105.85,108.65,4000,4.29,4,2000.0,50.0,2026-07-29
PVP,EQ,29-Jul-2026,27.22,27.31,28.0,27.15,27.27,220666,60.7,1228,128333.0,58.16,2026-07-29
PVRINOX,EQ,29-Jul-2026,1118.15,1118.1,1152.0,1118.05,1140.0,460909,5260.22,25383,235701.0,51.14,2026-07-29
PVSL,EQ,29-Jul-2026,108.44,110.0,111.0,108.0,110.25,35102,38.55,746,21453.0,61.12,2026-07-29
PVTBANIETF,EQ,29-Jul-2026,27.54,27.65,27.87,27.6,27.83,1743914,483.53,1310,1171131.0,67.16,2026-07-29
PVTBANK,EQ,29-Jul-2026,27.31,27.32,27.6,27.32,27.59,3838,1.06,13,2987.0,77.83,2026-07-29
PVTBANKADD,EQ,29-Jul-2026,27.75,27.84,28.2,27.77,28.0,27721,7.74,128,16772.0,60.5,2026-07-29
PVTBKGROWW,EQ,29-Jul-2026,27.42,27.36,27.69,27.35,27.53,12223,3.37,156,4602.0,37.65,2026-07-29
PWL,EQ,29-Jul-2026,124.2,124.8,130.5,123.02,126.55,6296045,8010.39,42206,1497382.0,23.78,2026-07-29
PYRAMID,EQ,29-Jul-2026,183.06,181.25,190.8,180.19,185.88,253304,470.36,5421,92604.0,36.56,2026-07-29
QGOLDHALF,EQ,29-Jul-2026,117.05,117.11,117.35,116.83,117.08,71750,84.02,561,30834.0,42.97,2026-07-29
QLINE,SM,29-Jul-2026,496.55,495.0,510.0,493.0,508.1,62000,311.99,131,43600.0,70.32,2026-07-29
QMSMEDI,EQ,29-Jul-2026,112.55,117.9,117.9,112.15,116.34,27341,31.62,1159,17940.0,65.62,2026-07-29
QNIFTY,EQ,29-Jul-2026,264.19,266.6,267.4,266.4,267.16,1013,2.7,48,763.0,75.32,2026-07-29
QPOWER,BE,29-Jul-2026,1096.6,1110.0,1119.4,1078.0,1105.0,76325,832.57,2404,,,2026-07-29
QUADFUTURE,EQ,29-Jul-2026,345.8,351.6,358.8,347.05,351.2,292693,1032.3,8437,103950.0,35.52,2026-07-29
QUAL30IETF,EQ,29-Jul-2026,21.19,21.36,21.46,21.3,21.4,157492,33.69,242,133829.0,84.98,2026-07-29
QUALITY30,EQ,29-Jul-2026,20.74,20.85,21.06,20.85,20.98,150338,31.53,37,120539.0,80.18,2026-07-29
QUESS,EQ,29-Jul-2026,303.25,307.75,309.7,303.15,307.4,363773,1116.63,8539,187344.0,51.5,2026-07-29
QUESTLAB,SM,29-Jul-2026,90.0,87.2,96.75,87.2,95.0,44400,41.8,28,28800.0,64.86,2026-07-29
QUICKHEAL,BE,29-Jul-2026,156.73,157.0,160.8,154.01,160.0,108426,173.23,684,,,2026-07-29
QUICKTOUCH,SM,29-Jul-2026,21.8,22.0,22.6,20.9,22.55,3500,0.77,7,2000.0,57.14,2026-07-29
QUINT,EQ,29-Jul-2026,37.14,38.0,38.89,37.0,38.7,481,0.18,15,397.0,82.54,2026-07-29
RACE,EQ,29-Jul-2026,108.01,108.01,109.99,107.0,108.05,608,0.66,44,362.0,59.54,2026-07-29
RACLGEAR,EQ,29-Jul-2026,1309.4,1310.4,1312.0,1280.0,1286.8,32917,425.52,2926,23064.0,70.07,2026-07-29
RADAAN,EQ,29-Jul-2026,3.16,3.55,3.73,2.92,3.31,701034,24.29,614,332990.0,47.5,2026-07-29
RADHIKAJWE,EQ,29-Jul-2026,68.87,68.67,70.23,66.25,67.11,934550,643.48,7383,273702.0,29.29,2026-07-29
RADIANTCMS,EQ,29-Jul-2026,36.66,36.2,37.95,36.2,37.49,103165,38.46,1013,77640.0,75.26,2026-07-29
RADICO,EQ,29-Jul-2026,4289.7,4338.6,4454.0,4270.0,4373.8,1449623,63359.52,107011,610216.0,42.09,2026-07-29
RADIOCITY,EQ,29-Jul-2026,6.66,6.93,7.1,6.53,6.94,228419,15.59,357,160451.0,70.24,2026-07-29
RADIOWALLA,ST,29-Jul-2026,27.7,27.15,28.15,27.15,28.15,4800,1.32,3,4800.0,100.0,2026-07-29
RAILTEL,EQ,29-Jul-2026,286.55,289.45,296.55,289.45,293.5,789494,2315.81,18154,203111.0,25.73,2026-07-29
RAIN,EQ,29-Jul-2026,220.28,221.36,227.45,220.41,224.57,3433323,7717.42,30611,1285708.0,37.45,2026-07-29
RAINBOW,EQ,29-Jul-2026,1469.5,1480.0,1500.0,1469.6,1496.7,58187,867.98,8955,40215.0,69.11,2026-07-29
RAJESHEXPO,BZ,29-Jul-2026,86.85,88.09,88.09,86.01,86.73,51479,44.71,791,,,2026-07-29
RAJINDLTD,SM,29-Jul-2026,71.85,70.0,71.5,70.0,70.05,9000,6.35,6,7500.0,83.33,2026-07-29
RAJMET,EQ,29-Jul-2026,3.3,3.26,3.36,3.26,3.31,117260,3.89,484,77420.0,66.02,2026-07-29
RAJOOENG,BE,29-Jul-2026,52.13,52.2,52.98,51.07,52.18,204350,106.02,752,,,2026-07-29
RAJPALAYAM,EQ,29-Jul-2026,810.55,825.0,825.0,810.0,819.9,524,4.3,25,404.0,77.1,2026-07-29
RAJPUTANA,SM,29-Jul-2026,195.2,195.2,195.2,195.2,195.2,500,0.98,1,500.0,100.0,2026-07-29
RAJRATAN,EQ,29-Jul-2026,486.45,491.0,510.95,491.0,498.9,169791,856.67,7431,68354.0,40.26,2026-07-29
RAJRILTD,BE,29-Jul-2026,20.28,20.67,20.67,19.92,20.52,7973,1.61,71,,,2026-07-29
RAJSREESUG,EQ,29-Jul-2026,29.34,29.2,31.49,29.06,30.01,91570,27.56,533,35083.0,38.31,2026-07-29
RAJTV,EQ,29-Jul-2026,11.93,11.76,12.0,11.72,11.95,6141,0.73,64,5455.0,88.83,2026-07-29
RALLIS,EQ,29-Jul-2026,215.61,216.51,220.29,215.41,218.73,924829,2018.91,21259,411285.0,44.47,2026-07-29
RAMANEWS,EQ,29-Jul-2026,28.77,28.51,29.48,28.5,28.68,8219,2.36,95,5703.0,69.39,2026-07-29
RAMAPHO,EQ,29-Jul-2026,128.62,128.01,130.78,126.03,127.13,36294,46.82,641,25548.0,70.39,2026-07-29
RAMASTEEL,BE,29-Jul-2026,4.21,4.24,4.24,4.1,4.17,2465880,102.4,4049,,,2026-07-29
RAMBHAJO,EQ,29-Jul-2026,187.26,188.76,189.6,182.34,185.93,281485,520.96,4250,144430.0,51.31,2026-07-29
RAMCOCEM,EQ,29-Jul-2026,908.5,912.0,927.8,912.0,921.5,51340,472.65,4262,29135.0,56.75,2026-07-29
RAMCOIND,EQ,29-Jul-2026,332.05,333.9,339.15,331.2,333.4,93956,313.61,2264,49937.0,53.15,2026-07-29
RAMCOSYS,EQ,29-Jul-2026,607.95,601.0,622.7,581.35,590.05,1071046,6440.72,27077,361562.0,33.76,2026-07-29
RAMKY,EQ,29-Jul-2026,371.45,372.45,376.7,368.0,370.05,33264,123.51,1158,23227.0,69.83,2026-07-29
RAMRAT,EQ,29-Jul-2026,436.05,437.95,462.95,430.55,456.5,709520,3213.29,14042,472801.0,66.64,2026-07-29
RANASUG,EQ,29-Jul-2026,11.94,12.0,12.07,11.83,11.91,82896,9.9,325,64196.0,77.44,2026-07-29
RANEHOLDIN,EQ,29-Jul-2026,1744.6,1751.0,1751.0,1724.1,1735.2,4877,84.6,794,3063.0,62.81,2026-07-29
RAPPID,SM,29-Jul-2026,336.0,337.05,337.05,335.0,335.0,1800,6.04,3,1800.0,100.0,2026-07-29
RATEGAIN,EQ,29-Jul-2026,908.25,911.6,935.35,905.55,923.15,354006,3264.01,20524,202293.0,57.14,2026-07-29
RATNAMANI,EQ,29-Jul-2026,2356.5,2357.0,2408.7,2357.0,2389.2,11153,265.68,3910,5378.0,48.22,2026-07-29
RATNAVEER,EQ,29-Jul-2026,186.17,186.0,191.29,175.15,186.0,9624866,17629.85,66766,1753957.0,18.22,2026-07-29
RAYMOND,EQ,29-Jul-2026,576.8,580.0,595.0,571.45,588.5,281164,1633.06,9697,108146.0,38.46,2026-07-29
RAYMONDLSL,EQ,29-Jul-2026,707.25,711.0,721.5,707.0,713.15,92341,659.09,3668,48098.0,52.09,2026-07-29
RAYMONDREL,EQ,29-Jul-2026,662.1,671.0,671.0,653.75,657.85,169169,1116.91,5010,74525.0,44.05,2026-07-29
RBA,EQ,29-Jul-2026,66.67,66.72,67.49,66.5,67.07,1614461,1080.89,5301,999065.0,61.88,2026-07-29
RBLBANK,EQ,29-Jul-2026,364.9,366.2,372.4,363.9,371.15,4168194,15321.03,56223,2501034.0,60.0,2026-07-29
RBMINFRA,SM,29-Jul-2026,276.6,279.25,285.4,272.1,273.45,8800,24.42,44,5800.0,65.91,2026-07-29
RBS,SM,29-Jul-2026,80.1,80.0,81.5,79.0,80.35,16000,12.82,19,12800.0,80.0,2026-07-29
RBZJEWEL,EQ,29-Jul-2026,144.86,144.86,146.99,140.2,141.08,49499,70.77,1335,24335.0,49.16,2026-07-29
RCDL,SM,29-Jul-2026,24.45,25.0,27.5,25.0,27.5,12000,3.1,4,12000.0,100.0,2026-07-29
RCF,EQ,29-Jul-2026,126.3,126.75,129.9,126.57,127.92,1231117,1579.38,11316,413754.0,33.61,2026-07-29
RCOM,BE,29-Jul-2026,0.83,0.83,0.84,0.82,0.83,1681727,13.97,1388,,,2026-07-29
READYMIX,SM,29-Jul-2026,104.15,99.05,104.95,98.05,101.1,13000,13.23,13,4000.0,30.77,2026-07-29
RECLTD,EQ,29-Jul-2026,368.45,370.0,378.7,369.05,374.25,6301213,23570.73,61813,3145103.0,49.91,2026-07-29
REDINGTON,EQ,29-Jul-2026,278.05,278.5,289.8,275.5,287.45,5142236,14630.47,78876,2570223.0,49.98,2026-07-29
REDTAPE,EQ,29-Jul-2026,127.22,127.3,132.4,127.3,131.78,384387,500.79,5442,191528.0,49.83,2026-07-29
REFEX,EQ,29-Jul-2026,328.1,331.3,344.85,310.15,314.95,3555871,11610.53,69683,681577.0,19.17,2026-07-29
REGAAL,BE,29-Jul-2026,79.76,80.1,83.0,80.0,82.54,126100,103.41,529,,,2026-07-29
REGENCERAM,EQ,29-Jul-2026,33.01,33.02,33.89,32.5,33.0,2786,0.92,50,2440.0,87.58,2026-07-29
RELAXO,EQ,29-Jul-2026,391.95,397.0,417.95,392.0,409.1,832036,3415.87,23127,183609.0,22.07,2026-07-29
RELCHEMQ,EQ,29-Jul-2026,124.76,124.95,127.46,123.0,123.34,6192,7.73,123,2868.0,46.32,2026-07-29
RELIABLE,EQ,29-Jul-2026,136.94,138.5,140.66,132.0,137.78,19485,26.55,432,11843.0,60.78,2026-07-29
RELIANCE,EQ,29-Jul-2026,1267.7,1275.0,1282.4,1268.7,1275.9,9448307,120518.06,193119,5843381.0,61.85,2026-07-29
RELIGARE,EQ,29-Jul-2026,250.3,251.0,253.35,249.2,250.3,228762,573.16,4866,127938.0,55.93,2026-07-29
RELTD,EQ,29-Jul-2026,174.79,174.7,175.44,170.39,172.68,77652,133.99,2328,33446.0,43.07,2026-07-29
REMSONSIND,EQ,29-Jul-2026,78.6,78.0,80.39,78.0,80.05,48718,38.78,734,31048.0,63.73,2026-07-29
REMUS,SM,29-Jul-2026,714.65,715.0,719.0,705.0,719.0,2300,16.43,9,2100.0,91.3,2026-07-29
RENUKA,EQ,29-Jul-2026,21.64,21.67,21.95,21.62,21.81,2017639,439.95,4535,1027844.0,50.94,2026-07-29
REPCOHOME,EQ,29-Jul-2026,384.75,385.8,399.7,384.5,394.75,97114,379.14,3925,54230.0,55.84,2026-07-29
REPL,BE,29-Jul-2026,63.55,65.14,65.14,62.0,64.79,3016,1.92,48,,,2026-07-29
REPRO,EQ,29-Jul-2026,369.9,362.0,380.75,360.6,362.2,26968,99.07,502,22159.0,82.17,2026-07-29
RESPONIND,EQ,29-Jul-2026,172.99,174.5,175.78,172.1,173.33,95636,166.44,1735,29858.0,31.22,2026-07-29
RETAIL,EQ,29-Jul-2026,16.79,16.79,17.13,16.36,16.62,1214,0.2,29,1183.0,97.45,2026-07-29
REXPRO,SM,29-Jul-2026,38.6,40.5,40.5,40.45,40.45,2000,0.81,2,2000.0,100.0,2026-07-29
RGL,EQ,29-Jul-2026,116.26,116.38,124.77,116.25,121.06,1279321,1554.85,11621,451556.0,35.3,2026-07-29
RHETAN,EQ,29-Jul-2026,29.52,30.14,30.37,29.86,29.87,9032341,2720.09,6538,823675.0,9.12,2026-07-29
RHFL,BZ,29-Jul-2026,1.93,1.94,1.96,1.92,1.93,284621,5.51,559,,,2026-07-29
RHIM,EQ,29-Jul-2026,391.85,392.0,398.0,392.0,395.65,178570,706.08,4917,95900.0,53.7,2026-07-29
RHL,EQ,29-Jul-2026,167.13,169.82,175.78,168.54,172.89,12071,20.83,251,7517.0,62.27,2026-07-29
RICHA,ST,29-Jul-2026,93.0,92.7,93.0,92.7,93.0,45000,41.85,3,45000.0,100.0,2026-07-29
RICOAUTO,EQ,29-Jul-2026,141.23,142.25,144.0,139.58,140.14,1014633,1437.24,8502,339813.0,33.49,2026-07-29
RIIL,EQ,29-Jul-2026,727.15,732.2,742.95,728.2,737.65,59169,435.25,3033,19474.0,32.91,2026-07-29
RIIT,IV,29-Jul-2026,116.66,115.21,117.4,115.21,117.13,69756,81.6,1646,60197.0,86.3,2026-07-29
RILINFRA,SM,29-Jul-2026,39.0,38.5,39.65,38.5,39.65,5800,2.27,27,5100.0,87.93,2026-07-29
RIR,EQ,29-Jul-2026,155.23,156.78,161.0,156.0,159.26,106807,169.6,1971,63988.0,59.91,2026-07-29
RISHABH,EQ,29-Jul-2026,602.95,608.9,620.0,603.55,608.25,75751,460.59,4262,35674.0,47.09,2026-07-29
RITCO,EQ,29-Jul-2026,290.5,292.0,302.7,290.55,299.5,203459,605.73,6231,113177.0,55.63,2026-07-29
RITES,EQ,29-Jul-2026,214.29,214.69,219.75,214.6,218.96,521673,1139.45,10587,189200.0,36.27,2026-07-29
RKDL,EQ,29-Jul-2026,19.14,19.02,19.65,19.02,19.14,6188,1.2,64,4340.0,70.14,2026-07-29
RKEC,EQ,29-Jul-2026,26.77,26.77,27.29,26.07,26.24,11502,3.05,137,7731.0,67.21,2026-07-29
RKFORGE,EQ,29-Jul-2026,630.65,631.6,645.0,626.15,642.25,1688630,10787.18,33377,812349.0,48.11,2026-07-29
RKSWAMY,EQ,29-Jul-2026,104.03,103.65,106.05,102.7,103.49,32344,33.77,693,24605.0,76.07,2026-07-29
RMC,EQ,29-Jul-2026,257.9,265.85,265.85,256.2,258.65,31538,81.9,1024,21714.0,68.85,2026-07-29
RMDRIP,BE,29-Jul-2026,18.02,18.11,18.75,17.5,18.44,273687,49.66,634,,,2026-07-29
RML,EQ,29-Jul-2026,1126.1,1101.0,1135.0,1080.1,1115.2,29768,331.17,3465,12941.0,43.47,2026-07-29
RNBDENIMS,EQ,29-Jul-2026,9.14,9.33,9.33,9.01,9.08,212785,19.42,712,144388.0,67.86,2026-07-29
RNFI,SM,29-Jul-2026,274.7,275.0,275.0,268.9,270.5,19800,53.77,25,17400.0,87.88,2026-07-29
RNPL,SM,29-Jul-2026,78.0,80.75,81.9,80.75,81.9,7200,5.85,6,6000.0,83.33,2026-07-29
ROCKINGDCE,SM,29-Jul-2026,177.65,179.0,200.0,179.0,191.0,7750,14.59,19,6750.0,87.1,2026-07-29
ROCKPP,E1,29-Jul-2026,60.0,70.0,70.0,70.0,70.0,3000,2.1,3,3000.0,100.0,2026-07-29
ROHLTD,EQ,29-Jul-2026,320.3,320.7,324.0,314.0,318.25,25843,82.32,754,14507.0,56.14,2026-07-29
ROLEXRINGS,EQ,29-Jul-2026,137.56,137.9,139.85,136.55,138.99,445616,617.25,5479,219938.0,49.36,2026-07-29
ROLLT,BE,29-Jul-2026,2.25,2.31,2.33,2.14,2.25,226747,5.03,114,,,2026-07-29
ROML,EQ,29-Jul-2026,44.62,45.4,45.4,43.61,44.85,9265,4.14,146,4712.0,50.86,2026-07-29
ROSSARI,EQ,29-Jul-2026,504.3,509.0,517.6,502.95,506.0,36814,186.92,2097,19077.0,51.82,2026-07-29
ROSSELLIND,EQ,29-Jul-2026,59.19,59.2,60.68,58.01,58.57,19020,11.21,400,13878.0,72.97,2026-07-29
ROSSTECH,EQ,29-Jul-2026,911.6,939.0,939.0,903.0,935.0,436882,4022.25,20709,202284.0,46.3,2026-07-29
ROTO,EQ,29-Jul-2026,66.0,66.24,69.6,66.24,69.07,875637,600.83,5910,202392.0,23.11,2026-07-29
ROUTE,EQ,29-Jul-2026,551.35,548.8,553.2,541.65,548.55,249595,1366.24,7887,65988.0,26.44,2026-07-29
ROXHITECH,SM,29-Jul-2026,50.25,52.95,53.0,48.0,49.45,51200,25.75,30,38400.0,75.0,2026-07-29
RPEL,EQ,29-Jul-2026,1264.4,1261.0,1310.9,1261.0,1299.2,50545,653.08,4668,27158.0,53.73,2026-07-29
RPGLIFE,EQ,29-Jul-2026,2888.7,2950.0,3019.7,2768.9,2850.2,53983,1549.33,8147,17649.0,32.69,2026-07-29
RPOWER,EQ,29-Jul-2026,23.46,23.46,23.97,23.45,23.56,12003595,2837.02,23101,4060344.0,33.83,2026-07-29
RPPINFRA,EQ,29-Jul-2026,62.58,63.1,63.6,61.8,61.97,30553,19.03,846,19259.0,63.03,2026-07-29
RPPL,EQ,29-Jul-2026,20.38,21.43,21.43,19.61,20.84,56350,11.49,683,22584.0,40.08,2026-07-29
RPSGVENT,EQ,29-Jul-2026,896.8,897.7,941.6,896.35,940.05,71136,664.46,2547,43768.0,61.53,2026-07-29
RPTECH,EQ,29-Jul-2026,785.3,784.8,795.0,755.55,773.55,243915,1900.09,12968,119572.0,49.02,2026-07-29
RRIL,EQ,29-Jul-2026,17.38,17.7,18.4,17.23,17.78,18797,3.32,85,4699.0,25.0,2026-07-29
RRKABEL,EQ,29-Jul-2026,2576.9,2599.9,2622.0,2535.0,2558.9,778732,20028.78,55116,353651.0,45.41,2026-07-29
RSDFIN,EQ,29-Jul-2026,77.69,75.11,83.0,75.11,76.91,426,0.33,29,338.0,79.34,2026-07-29
RSL,EQ,29-Jul-2026,139.45,141.89,145.8,140.0,140.53,762508,1084.75,4219,423382.0,55.52,2026-07-29
RSSOFTWARE,BE,29-Jul-2026,31.28,31.28,31.5,30.02,31.03,32583,9.99,127,,,2026-07-29
RSWM,BE,29-Jul-2026,215.43,212.01,217.75,212.01,215.71,29130,62.66,220,,,2026-07-29
RSYSTEMS,EQ,29-Jul-2026,254.2,254.7,268.0,254.7,264.19,779441,2061.5,22548,298820.0,38.34,2026-07-29
RTNINDIA,EQ,29-Jul-2026,31.58,32.1,32.15,31.41,31.51,767883,243.42,3499,384453.0,50.07,2026-07-29
RTNPOWER,EQ,29-Jul-2026,8.51,8.51,8.56,8.49,8.5,6672738,568.33,8093,3149295.0,47.2,2026-07-29
RUBFILA,EQ,29-Jul-2026,72.06,72.78,72.78,70.15,70.76,31381,22.31,349,29712.0,94.68,2026-07-29
RUBICON,EQ,29-Jul-2026,1535.6,1550.0,1550.0,1504.1,1527.6,150501,2292.91,13764,64946.0,43.15,2026-07-29
RUBYMILLS,BE,29-Jul-2026,390.1,395.0,400.95,384.8,394.2,6412,25.23,130,,,2026-07-29
RUCHINFRA,EQ,29-Jul-2026,5.88,5.93,6.08,5.86,5.87,17862,1.05,120,11763.0,65.85,2026-07-29
RUCHIRA,EQ,29-Jul-2026,109.92,111.8,111.8,107.8,108.3,45858,49.79,502,30355.0,66.19,2026-07-29
RUDRA,EQ,29-Jul-2026,17.62,17.79,18.0,17.0,17.69,45949,8.07,163,31227.0,67.96,2026-07-29
RULKA,SM,29-Jul-2026,109.5,109.5,109.5,102.15,106.0,9000,9.61,28,6000.0,66.67,2026-07-29
RUPA,EQ,29-Jul-2026,162.3,162.3,164.0,160.6,161.09,116910,189.01,2313,72093.0,61.67,2026-07-29
RUSHIL,EQ,29-Jul-2026,18.4,18.3,18.48,17.4,17.66,834459,149.95,2258,306530.0,36.73,2026-07-29
RUSTOMJEE,EQ,29-Jul-2026,409.45,412.85,412.85,403.0,406.05,23231,94.35,1607,13727.0,59.09,2026-07-29
RVHL,EQ,29-Jul-2026,45.25,45.25,45.25,43.31,44.42,2914,1.29,56,2171.0,74.5,2026-07-29
RVNL,EQ,29-Jul-2026,221.34,224.2,228.4,224.01,224.83,10091069,22773.98,51532,4190896.0,41.53,2026-07-29
RVTH,EQ,29-Jul-2026,718.6,718.55,750.0,709.0,718.7,321,2.33,43,226.0,70.4,2026-07-29
S&SPOWER,EQ,29-Jul-2026,324.85,334.0,334.0,315.0,317.85,4688,14.92,176,3533.0,75.36,2026-07-29
SAAKSHI,ST,29-Jul-2026,300.85,305.0,305.0,295.0,303.0,1800,5.42,3,1800.0,100.0,2026-07-29
SAATVIKGL,EQ,29-Jul-2026,437.85,440.0,450.0,434.5,438.0,61669,273.01,2435,35319.0,57.27,2026-07-29
SABAR,SM,29-Jul-2026,5.9,6.1,6.1,6.1,6.1,25000,1.53,4,25000.0,100.0,2026-07-29
SABEVENTS,EQ,29-Jul-2026,6.93,6.59,6.59,6.59,6.59,767,0.05,9,767.0,100.0,2026-07-29
SACHEEROME,SM,29-Jul-2026,402.3,410.5,419.0,410.0,417.45,7500,31.05,24,6600.0,88.0,2026-07-29
SADBHAV,EQ,29-Jul-2026,9.14,9.84,10.05,9.42,10.05,1481304,147.51,1714,874017.0,59.0,2026-07-29
SADBHIN,BE,29-Jul-2026,2.29,2.29,2.4,2.27,2.4,214902,5.05,174,,,2026-07-29
SADHAV,SM,29-Jul-2026,117.0,116.0,116.0,116.0,116.0,4200,4.87,2,4200.0,100.0,2026-07-29
SADHNANIQ,BE,29-Jul-2026,2.66,2.64,2.64,2.61,2.61,1574906,41.29,331,,,2026-07-29
SAFARI,EQ,29-Jul-2026,1559.6,1571.5,1622.8,1550.0,1600.6,36576,587.03,8143,21265.0,58.14,2026-07-29
SAFEENTP,SM,29-Jul-2026,248.2,249.7,250.0,246.05,249.95,24000,59.71,44,19000.0,79.17,2026-07-29
SAGARDEEP,EQ,29-Jul-2026,24.6,24.61,25.25,23.62,23.93,7675,1.85,82,5413.0,70.53,2026-07-29
SAGCEM,EQ,29-Jul-2026,178.27,177.93,178.74,174.5,175.39,44076,77.46,1251,26466.0,60.05,2026-07-29
SAGILITY,EQ,29-Jul-2026,43.16,43.35,45.15,42.63,44.87,56332184,25072.45,87772,22393550.0,39.75,2026-07-29
SAHAJSOLAR,SM,29-Jul-2026,117.5,113.25,117.15,113.25,115.45,16800,19.39,42,12000.0,71.43,2026-07-29
SAHANA,SM,29-Jul-2026,943.45,935.0,967.0,930.0,935.4,45000,427.1,162,30750.0,68.33,2026-07-29
SAHASRA,ST,29-Jul-2026,323.65,315.0,315.9,307.5,309.55,37600,116.63,84,34400.0,91.49,2026-07-29
SAHLIBHFI,EQ,29-Jul-2026,79.78,79.9,82.0,77.6,81.81,10932,8.88,48,9997.0,91.45,2026-07-29
SAHYADRI,EQ,29-Jul-2026,303.65,309.9,310.0,290.6,298.4,5512,16.42,354,3487.0,63.26,2026-07-29
SAIFL,SM,29-Jul-2026,5.1,5.15,5.15,5.05,5.05,176000,8.95,26,128000.0,72.73,2026-07-29
SAIL,EQ,29-Jul-2026,165.85,165.86,175.9,165.86,170.96,45760047,78799.82,180783,17921032.0,39.16,2026-07-29
SAILIFE,EQ,29-Jul-2026,1300.5,1298.7,1320.7,1291.5,1315.9,391365,5133.75,26173,206007.0,52.64,2026-07-29
SAIPARENT,EQ,29-Jul-2026,547.4,549.8,559.0,544.65,552.65,54559,300.54,2894,24730.0,45.33,2026-07-29
SAJHOTELS,ST,29-Jul-2026,35.1,35.55,36.8,35.55,36.8,8000,2.92,3,8000.0,100.0,2026-07-29
SAKAR,EQ,29-Jul-2026,846.9,854.95,874.0,844.0,850.0,84436,722.25,5758,39205.0,46.43,2026-07-29
SAKHTISUG,EQ,29-Jul-2026,16.86,16.86,17.18,16.71,16.78,37741,6.35,220,29610.0,78.46,2026-07-29
SAKSOFT,EQ,29-Jul-2026,162.47,164.9,172.43,164.01,169.48,1327755,2242.56,15059,305348.0,23.0,2026-07-29
SAKUMA,EQ,29-Jul-2026,1.66,1.67,1.68,1.61,1.63,656579,10.83,659,594516.0,90.55,2026-07-29
SALASAR,EQ,29-Jul-2026,5.89,5.9,5.94,5.85,5.87,2766900,163.22,2385,1384042.0,50.02,2026-07-29
SALONA,EQ,29-Jul-2026,245.7,266.0,266.0,241.05,244.05,396,0.97,62,303.0,76.52,2026-07-29
SALSTEEL,BE,29-Jul-2026,61.06,60.55,63.0,60.55,62.62,212402,131.57,643,,,2026-07-29
SALZERELEC,EQ,29-Jul-2026,562.45,563.0,583.2,561.7,570.6,43251,247.39,2477,27159.0,62.79,2026-07-29
SAMBHAAV,EQ,29-Jul-2026,6.29,6.2,6.43,6.2,6.25,6088,0.38,44,5052.0,82.98,2026-07-29
SAMBHV,EQ,29-Jul-2026,119.79,121.0,122.5,115.0,115.81,1975397,2330.0,12659,1182710.0,59.87,2026-07-29
SAMHI,EQ,29-Jul-2026,176.36,177.25,183.0,177.25,181.72,991556,1791.33,10065,674044.0,67.98,2026-07-29
SAMMAANCAP,EQ,29-Jul-2026,163.27,164.1,164.4,161.93,162.07,2562464,4163.48,10665,1558921.0,60.84,2026-07-29
SAMPANN,EQ,29-Jul-2026,27.25,27.0,27.9,27.0,27.71,14294,3.89,137,11272.0,78.86,2026-07-29
SANATHAN,EQ,29-Jul-2026,476.05,484.8,484.8,468.1,471.75,22641,107.4,1268,14044.0,62.03,2026-07-29
SANDESH,EQ,29-Jul-2026,973.0,980.0,980.0,967.0,973.0,223,2.17,42,132.0,59.19,2026-07-29
SANDHAR,EQ,29-Jul-2026,584.85,592.0,594.6,582.35,590.9,84960,501.59,6336,46830.0,55.12,2026-07-29
SANDUMA,EQ,29-Jul-2026,201.55,205.0,213.4,204.6,208.56,1993264,4167.64,34229,714483.0,35.84,2026-07-29
SANGAMIND,EQ,29-Jul-2026,602.35,597.8,608.7,595.3,598.75,19533,117.58,1125,10742.0,54.99,2026-07-29
SANGANI,SM,29-Jul-2026,44.8,43.0,43.0,43.0,43.0,1500,0.65,1,1500.0,100.0,2026-07-29
SANGHVIMOV,EQ,29-Jul-2026,436.45,438.0,442.75,432.0,438.1,220890,965.68,4608,104862.0,47.47,2026-07-29
SANGINITA,BE,29-Jul-2026,64.11,65.39,65.39,65.39,65.39,29686,19.41,85,,,2026-07-29
SANOFI,EQ,29-Jul-2026,3363.2,3450.0,3450.0,3378.1,3419.9,148369,5045.33,11543,108680.0,73.25,2026-07-29
SANOFICONR,EQ,29-Jul-2026,4707.2,4914.9,4927.0,4638.6,4745.3,103679,4928.22,6421,79941.0,77.1,2026-07-29
SANSERA,EQ,29-Jul-2026,3177.2,3194.8,3264.9,3175.1,3233.1,155670,5019.33,20814,80091.0,51.45,2026-07-29
SANSTAR,EQ,29-Jul-2026,111.24,110.7,112.9,109.41,111.53,124744,139.39,2763,53379.0,42.79,2026-07-29
SANWARIA,BZ,29-Jul-2026,0.2,0.21,0.21,0.2,0.2,244799,0.5,126,,,2026-07-29
SAPPHIRE,EQ,29-Jul-2026,184.23,184.0,199.0,182.9,193.67,2443747,4697.25,46264,807788.0,33.06,2026-07-29
SAPPL,EQ,29-Jul-2026,299.1,299.9,307.6,288.05,288.05,1044,3.14,12,1028.0,98.47,2026-07-29
SARDAEN,EQ,29-Jul-2026,510.2,511.65,529.0,511.65,523.6,511581,2676.59,19830,187218.0,36.6,2026-07-29
SAREGAMA,EQ,29-Jul-2026,524.25,522.0,535.5,517.05,530.45,628097,3323.26,19935,226851.0,36.12,2026-07-29
SARLAPOLY,EQ,29-Jul-2026,98.64,98.9,100.1,97.61,99.17,47038,46.7,1014,31351.0,66.65,2026-07-29
SARTELE,SM,29-Jul-2026,114.15,116.7,117.25,112.5,113.45,58500,66.5,107,33500.0,57.26,2026-07-29
SARVESHWAR,EQ,29-Jul-2026,3.35,3.43,3.43,3.16,3.33,1985288,65.17,2142,1343287.0,67.66,2026-07-29
SASKEN,EQ,29-Jul-2026,1742.2,1769.0,1829.3,1747.1,1793.8,57763,1036.58,4275,33679.0,58.31,2026-07-29
SATECH,SM,29-Jul-2026,35.0,35.0,35.0,33.25,33.4,16000,5.37,16,11000.0,68.75,2026-07-29
SATIA,EQ,29-Jul-2026,60.54,60.84,62.48,60.5,60.69,92177,56.37,883,52572.0,57.03,2026-07-29
SATIN,EQ,29-Jul-2026,259.6,260.3,268.99,257.05,258.46,403234,1056.55,6963,183434.0,45.49,2026-07-29
SATIPOLY,ST,29-Jul-2026,39.35,39.85,41.3,39.85,41.0,4500,1.82,8,4500.0,100.0,2026-07-29
SATKARTAR,ST,29-Jul-2026,126.85,125.1,132.0,125.1,128.95,16800,21.53,20,16000.0,95.24,2026-07-29
SATTVAENGG,SM,29-Jul-2026,76.0,76.0,77.0,76.0,77.0,12800,9.82,8,12800.0,100.0,2026-07-29
SAURASHCEM,EQ,29-Jul-2026,57.09,57.21,58.06,56.98,57.76,45453,26.12,639,31772.0,69.9,2026-07-29
SAVY,SM,29-Jul-2026,116.95,118.65,120.0,118.6,118.8,27600,33.05,15,26400.0,95.65,2026-07-29
SAWALIYA,SM,29-Jul-2026,291.4,293.0,293.3,285.0,291.0,146400,426.57,58,92400.0,63.11,2026-07-29
SAYAJIHOTL,EQ,29-Jul-2026,284.65,298.0,298.85,280.3,285.35,271,0.79,44,126.0,46.49,2026-07-29
SBC,EQ,29-Jul-2026,42.04,42.2,42.27,42.0,42.08,6751528,2845.52,3128,2292001.0,33.95,2026-07-29
SBCL,EQ,29-Jul-2026,729.7,738.0,745.4,727.0,739.1,93193,689.21,7272,47681.0,51.16,2026-07-29
SBFC,EQ,29-Jul-2026,90.26,91.09,91.4,89.95,90.19,471630,426.35,5366,254811.0,54.03,2026-07-29
SBGLP,EQ,29-Jul-2026,25.14,25.13,25.41,24.36,24.97,22629,5.64,73,20531.0,90.73,2026-07-29
SBIBPB,EQ,29-Jul-2026,48.0,46.8,48.5,46.8,48.28,42906,20.73,242,21558.0,50.24,2026-07-29
SBICARD,EQ,29-Jul-2026,654.9,662.75,663.45,652.25,660.5,779077,5129.56,16796,330960.0,42.48,2026-07-29
SBIETFCON,EQ,29-Jul-2026,122.81,124.97,124.97,121.0,123.95,7517,9.33,132,5270.0,70.11,2026-07-29
SBIETFIT,EQ,29-Jul-2026,337.64,338.0,348.0,338.0,344.61,43062,148.71,964,32367.0,75.16,2026-07-29
SBIETFPB,EQ,29-Jul-2026,278.52,282.55,282.55,279.02,281.45,2252,6.33,77,1225.0,54.4,2026-07-29
SBIETFQLTY,EQ,29-Jul-2026,223.06,223.06,225.96,220.27,225.95,5125,11.53,896,4771.0,93.09,2026-07-29
SBIFUNDS,EQ,29-Jul-2026,576.35,578.0,579.5,573.2,576.05,2872496,16530.51,76601,1626232.0,56.61,2026-07-29
SBILIFE,EQ,29-Jul-2026,1889.1,1895.0,1902.8,1880.4,1894.9,1365116,25846.31,51756,976790.0,71.55,2026-07-29
SBILIQETF,EQ,29-Jul-2026,1049.32,1049.49,1049.49,1049.47,1049.48,19393,203.52,43,19136.0,98.67,2026-07-29
SBIMIDMOM,EQ,29-Jul-2026,62.14,62.03,62.79,62.02,62.49,12881,8.03,111,4570.0,35.48,2026-07-29
SBIN,EQ,29-Jul-2026,1013.2,1020.0,1020.2,1012.0,1013.7,4792964,48648.18,98762,2593665.0,54.11,2026-07-29
SBINEQWETF,EQ,29-Jul-2026,33.44,33.44,34.0,33.06,33.78,114079,38.39,284,103508.0,90.73,2026-07-29
SBINMID150,EQ,29-Jul-2026,22.98,23.2,23.3,22.98,23.16,17062,3.95,99,14964.0,87.7,2026-07-29
SBISILVER,EQ,29-Jul-2026,211.43,211.43,213.25,211.0,211.87,519365,1101.18,4911,181416.0,34.93,2026-07-29
SBISMLETF,EQ,29-Jul-2026,17.83,17.91,18.05,17.78,18.02,95349,17.14,119,89411.0,93.77,2026-07-29
SBIVALETF,EQ,29-Jul-2026,14.85,14.89,14.9,14.73,14.74,18165,2.68,38,10276.0,56.57,2026-07-29
SCANSTL,EQ,29-Jul-2026,50.51,52.0,60.0,48.23,59.38,2525744,1421.94,17165,1030017.0,40.78,2026-07-29
SCHAEFFLER,EQ,29-Jul-2026,4144.6,4152.0,4198.5,4125.3,4159.8,26994,1125.19,6300,11595.0,42.95,2026-07-29
SCHAND,EQ,29-Jul-2026,146.74,148.68,148.68,144.01,146.01,27528,40.1,1064,19174.0,69.65,2026-07-29
SCHNEIDER,EQ,29-Jul-2026,1332.7,1350.0,1350.0,1276.0,1280.9,264639,3439.69,20577,141477.0,53.46,2026-07-29
SCI,EQ,29-Jul-2026,278.9,280.4,282.8,277.7,278.6,1056755,2955.08,18684,396322.0,37.5,2026-07-29
SCILAL,EQ,29-Jul-2026,41.47,41.47,41.89,41.21,41.34,159113,65.84,933,111470.0,70.06,2026-07-29
SCML,SM,29-Jul-2026,78.5,82.0,82.6,78.0,80.0,73000,58.31,37,51000.0,69.86,2026-07-29
SCODATUBES,EQ,29-Jul-2026,146.8,146.8,151.0,146.71,147.77,149697,222.87,2559,75003.0,50.1,2026-07-29
SCPL,EQ,29-Jul-2026,578.75,575.2,588.0,555.05,575.0,25151,143.87,1238,15347.0,61.02,2026-07-29
SDBL,EQ,29-Jul-2026,70.59,70.9,72.14,70.59,71.15,557711,398.05,5248,233854.0,41.93,2026-07-29
SDREAMS,SM,29-Jul-2026,89.0,88.0,89.0,88.0,89.0,3000,2.65,2,3000.0,100.0,2026-07-29
SEAMECLTD,EQ,29-Jul-2026,1438.8,1435.3,1465.0,1428.0,1439.8,30743,446.31,3418,18136.0,58.99,2026-07-29
SECMARK,EQ,29-Jul-2026,123.77,129.4,129.4,125.0,125.11,3979,5.02,41,3575.0,89.85,2026-07-29
SECURKLOUD,EQ,29-Jul-2026,17.92,18.2,18.2,17.41,17.88,3859,0.68,67,2106.0,54.57,2026-07-29
SEDEMAC,EQ,29-Jul-2026,2705.4,2560.0,2739.3,2560.0,2657.8,196224,5229.46,20422,102473.0,52.22,2026-07-29
SEIL,EQ,29-Jul-2026,200.76,202.51,212.0,200.41,208.03,183194,378.83,2355,122761.0,67.01,2026-07-29
SEJALLTD,BE,29-Jul-2026,762.35,778.5,778.5,743.9,745.85,8571,64.65,122,,,2026-07-29
SELECTIPO,EQ,29-Jul-2026,46.34,47.27,47.27,46.51,46.95,15189,7.09,70,12214.0,80.41,2026-07-29
SELLOWRAP,SM,29-Jul-2026,63.5,66.95,66.95,66.95,66.95,3200,2.14,2,3200.0,100.0,2026-07-29
SELMC,EQ,29-Jul-2026,27.41,29.1,29.1,27.13,27.33,6231,1.73,76,4246.0,68.14,2026-07-29
SEMAC,BE,29-Jul-2026,321.5,305.45,324.95,305.45,323.45,348,1.09,35,,,2026-07-29
SENCO,EQ,29-Jul-2026,418.65,421.9,422.0,409.0,413.4,1867704,7766.42,36713,652171.0,34.92,2026-07-29
SENORES,EQ,29-Jul-2026,1323.9,1339.0,1344.5,1310.0,1318.3,219694,2910.3,14771,80394.0,36.59,2026-07-29
SENSEXADD,EQ,29-Jul-2026,78.94,79.81,80.18,79.81,80.14,444,0.36,12,142.0,31.98,2026-07-29
SENSEXAXIS,EQ,29-Jul-2026,79.37,79.45,80.75,79.45,80.36,3481,2.8,51,2079.0,59.72,2026-07-29
SENSEXBETA,EQ,29-Jul-2026,846.8,853.95,861.15,846.05,852.3,2344,20.08,144,2086.0,88.99,2026-07-29
SENSEXETF,EQ,29-Jul-2026,79.3,79.5,80.2,79.5,80.0,23932,19.13,166,20021.0,83.66,2026-07-29
SENSEXIETF,EQ,29-Jul-2026,882.49,889.22,893.31,886.57,891.4,62680,557.94,416,59003.0,94.13,2026-07-29
SEPC,EQ,29-Jul-2026,5.87,5.92,6.1,5.9,6.02,11318321,677.76,5387,4865550.0,42.99,2026-07-29
SERVICE,SM,29-Jul-2026,60.9,61.8,61.85,60.0,60.0,16000,9.82,6,4000.0,25.0,2026-07-29
SERVOTECH,EQ,29-Jul-2026,93.05,93.1,94.4,92.0,92.25,475362,442.19,5008,255392.0,53.73,2026-07-29
SESHAPAPER,EQ,29-Jul-2026,235.28,238.4,238.9,231.0,233.36,76789,180.3,1867,30410.0,39.6,2026-07-29
SETCO,BE,29-Jul-2026,17.9,17.9,18.0,17.9,17.94,16598,2.98,66,,,2026-07-29
SETF10GILT,EQ,29-Jul-2026,266.55,266.49,266.49,264.26,265.79,673,1.78,34,388.0,57.65,2026-07-29
SETFGOLD,EQ,29-Jul-2026,120.52,120.62,120.8,120.09,120.53,1856369,2236.72,8262,1007960.0,54.3,2026-07-29
SETFNIF50,EQ,29-Jul-2026,258.51,262.5,262.5,258.7,260.58,501433,1305.97,2864,350440.0,69.89,2026-07-29
SETFNIFBK,EQ,29-Jul-2026,583.17,585.59,588.0,585.04,587.1,14769,86.68,363,8636.0,58.47,2026-07-29
SETFNN50,EQ,29-Jul-2026,773.24,773.65,781.0,773.65,779.76,45615,355.04,1200,31521.0,69.1,2026-07-29
SETL,EQ,29-Jul-2026,269.7,269.9,271.6,258.25,263.0,475759,1255.98,6824,231910.0,48.75,2026-07-29
SETUINFRA,BZ,29-Jul-2026,0.43,0.45,0.45,0.41,0.43,88347,0.37,41,,,2026-07-29
SEYAIND,BE,29-Jul-2026,12.42,12.5,12.54,12.18,12.42,3111,0.38,29,,,2026-07-29
SFL,EQ,29-Jul-2026,764.75,768.0,797.85,755.9,789.35,230679,1806.44,17238,111642.0,48.4,2026-07-29
SFML,SM,29-Jul-2026,23.25,23.2,23.2,23.2,23.2,3200,0.74,2,3200.0,100.0,2026-07-29
SGBAPR28I,GB,29-Jul-2026,14108.37,14147.11,14217.85,14127.11,14155.71,88,12.45,28,83.0,94.32,2026-07-29
SGBAUG27,GB,29-Jul-2026,14205.0,14180.0,14211.0,14180.0,14211.0,13,1.85,8,13.0,100.0,2026-07-29
SGBAUG28V,GB,29-Jul-2026,14203.2,14199.0,14223.99,14151.0,14164.9,381,54.09,57,258.0,67.72,2026-07-29
SGBAUG29V,GB,29-Jul-2026,14233.4,14150.0,14288.0,14111.0,14248.5,147,20.88,42,103.0,70.07,2026-07-29
SGBAUG30,GB,29-Jul-2026,14244.49,14250.0,14255.0,14206.0,14227.27,340,48.42,65,279.0,82.06,2026-07-29
SGBD29VIII,GB,29-Jul-2026,14152.64,14152.64,14345.0,14103.15,14131.04,100,14.18,33,55.0,55.0,2026-07-29
SGBDC27VII,GB,29-Jul-2026,14208.89,14137.85,14143.0,14025.0,14143.0,48,6.75,11,33.0,68.75,2026-07-29
SGBDE30III,GB,29-Jul-2026,14372.13,14272.14,14364.0,14227.84,14352.0,95,13.59,29,77.0,81.05,2026-07-29
SGBDE31III,GB,29-Jul-2026,14413.44,14367.0,14525.0,14350.0,14443.32,864,124.66,214,572.0,66.2,2026-07-29
SGBDEC26,GB,29-Jul-2026,14399.99,14200.0,14499.0,14010.01,14061.08,35,4.95,12,11.0,31.43,2026-07-29
SGBFEB27,GB,29-Jul-2026,14350.0,14421.75,14421.75,14260.0,14260.0,8,1.14,2,8.0,100.0,2026-07-29
SGBFEB28IX,GB,29-Jul-2026,14350.0,14224.0,14224.0,14150.0,14150.0,9,1.27,3,9.0,100.0,2026-07-29
SGBFEB29XI,GB,29-Jul-2026,14277.0,14199.99,14199.99,14102.8,14140.0,44,6.21,9,44.0,100.0,2026-07-29
SGBFEB32IV,GB,29-Jul-2026,14531.75,14531.75,14589.97,14517.02,14540.83,755,109.87,170,494.0,65.43,2026-07-29
SGBJ28VIII,GB,29-Jul-2026,14061.44,14100.0,14100.0,14100.0,14100.0,3,0.42,2,3.0,100.0,2026-07-29
SGBJAN27,GB,29-Jul-2026,14250.0,14199.97,14199.97,14199.97,14199.97,3,0.43,2,3.0,100.0,2026-07-29
SGBJAN29IX,GB,29-Jul-2026,14086.49,14016.06,14086.48,14016.06,14078.0,269,37.81,66,157.0,58.36,2026-07-29
SGBJAN29X,GB,29-Jul-2026,14124.88,14122.49,14122.49,14055.0,14063.4,48,6.76,12,29.0,60.42,2026-07-29
SGBJAN30IX,GB,29-Jul-2026,14124.5,14195.12,14195.12,14056.01,14149.0,102,14.42,22,92.0,90.2,2026-07-29
SGBJU29III,GB,29-Jul-2026,14100.0,14000.0,14199.99,14000.0,14110.14,114,16.08,23,107.0,93.86,2026-07-29
SGBJUL27,GB,29-Jul-2026,14078.18,14099.0,14099.0,14060.0,14060.0,3,0.42,2,2.0,66.67,2026-07-29
SGBJUL28IV,GB,29-Jul-2026,14070.76,14070.76,14070.76,14026.0,14060.0,242,34.04,39,238.0,98.35,2026-07-29
SGBJUL29IV,GB,29-Jul-2026,14108.3,14012.0,14136.0,14011.0,14100.0,173,24.35,40,132.0,76.3,2026-07-29
SGBJUN28,GB,29-Jul-2026,14063.15,14100.0,14349.0,14030.02,14090.0,36,5.08,12,30.0,83.33,2026-07-29
SGBJUN29II,GB,29-Jul-2026,14107.21,14100.0,14100.0,14020.01,14061.74,392,55.11,45,262.0,66.84,2026-07-29
SGBJUN30,GB,29-Jul-2026,14200.0,14271.0,14271.0,14134.0,14193.94,73,10.36,28,44.0,60.27,2026-07-29
SGBJUN31I,GB,29-Jul-2026,14426.16,14400.0,14500.0,14360.0,14454.88,621,89.46,123,408.0,65.7,2026-07-29
SGBMAR28X,GB,29-Jul-2026,14102.51,14105.0,14105.0,14050.02,14072.5,19,2.67,10,18.0,94.74,2026-07-29
SGBMAR30X,GB,29-Jul-2026,14197.69,14106.0,14197.0,14106.0,14130.6,47,6.65,15,29.0,61.7,2026-07-29
SGBMAR31IV,GB,29-Jul-2026,14350.0,14350.0,14486.0,14216.01,14477.5,114,16.36,37,82.0,71.93,2026-07-29
SGBMAY28,GB,29-Jul-2026,14081.32,14100.0,14100.0,14003.0,14054.41,32,4.5,25,22.0,68.75,2026-07-29
SGBMAY29I,GB,29-Jul-2026,14101.66,14125.0,14270.0,14125.0,14150.92,272,38.46,56,203.0,74.63,2026-07-29
SGBMR29XII,GB,29-Jul-2026,14120.38,14120.38,14124.0,14040.0,14102.07,588,82.78,52,453.0,77.04,2026-07-29
SGBN28VIII,GB,29-Jul-2026,14108.71,14100.0,14100.0,14037.0,14085.25,318,44.75,87,192.0,60.38,2026-07-29
SGBNV29VII,GB,29-Jul-2026,14120.06,14075.0,14158.0,14012.01,14100.0,348,49.01,39,281.0,80.75,2026-07-29
SGBOC28VII,GB,29-Jul-2026,14117.4,14097.99,14097.99,14040.1,14089.99,67,9.44,13,63.0,94.03,2026-07-29
SGBOCT26,GB,29-Jul-2026,14300.0,14300.0,14300.0,14300.0,14300.0,2,0.29,1,2.0,100.0,2026-07-29
SGBOCT27,GB,29-Jul-2026,14080.0,14080.0,14080.0,14080.0,14080.0,2,0.28,1,2.0,100.0,2026-07-29
SGBSEP27,GB,29-Jul-2026,14100.0,14100.0,14100.0,14100.0,14100.0,4,0.56,3,4.0,100.0,2026-07-29
SGBSEP28VI,GB,29-Jul-2026,14134.07,14021.0,14100.0,14021.0,14091.59,806,113.53,64,664.0,82.38,2026-07-29
SGBSEP29VI,GB,29-Jul-2026,14127.77,14120.0,14150.0,14061.01,14128.16,151,21.3,30,143.0,94.7,2026-07-29
SGBSEP31II,GB,29-Jul-2026,14392.52,14490.0,14490.0,14351.01,14420.82,676,97.33,139,447.0,66.12,2026-07-29
SGFIN,EQ,29-Jul-2026,673.55,680.0,686.95,671.3,679.6,204711,1390.32,7496,79448.0,38.81,2026-07-29
SGIL,EQ,29-Jul-2026,600.95,596.1,607.95,590.05,593.15,3947,23.67,216,3207.0,81.25,2026-07-29
SGL,EQ,29-Jul-2026,9.72,9.71,9.98,9.65,9.87,1908,0.19,25,1168.0,61.22,2026-07-29
SGMART,EQ,29-Jul-2026,711.55,718.0,718.15,703.0,708.15,98747,700.95,6260,45618.0,46.2,2026-07-29
SHADOWFAX,EQ,29-Jul-2026,207.52,208.1,220.0,205.43,216.19,9863736,21166.22,117956,5323397.0,53.97,2026-07-29
SHAH,EQ,29-Jul-2026,4.1,4.15,4.21,3.38,3.71,32343133,1198.38,12028,10981935.0,33.95,2026-07-29
SHAHALLOYS,EQ,29-Jul-2026,66.03,66.5,68.44,66.0,66.23,1882,1.25,37,1428.0,75.88,2026-07-29
SHAILY,EQ,29-Jul-2026,3051.8,3052.0,3077.7,2993.0,3044.2,133296,4042.59,16910,53780.0,40.35,2026-07-29
SHAKTIPUMP,EQ,29-Jul-2026,518.85,520.9,528.85,520.7,523.75,374563,1963.53,20067,170995.0,45.65,2026-07-29
SHALBY,EQ,29-Jul-2026,161.14,162.12,164.0,160.0,162.62,60176,97.85,1612,36163.0,60.1,2026-07-29
SHALPAINTS,EQ,29-Jul-2026,67.7,67.95,70.0,64.42,69.42,379454,257.31,2942,184252.0,48.56,2026-07-29
SHANKARA,EQ,29-Jul-2026,141.33,141.4,142.36,138.2,140.3,607983,855.14,1138,536167.0,88.19,2026-07-29
SHANTI,EQ,29-Jul-2026,6.89,6.89,7.1,6.67,6.73,20672,1.42,94,14501.0,70.15,2026-07-29
SHANTIGEAR,EQ,29-Jul-2026,419.95,419.6,421.0,388.45,418.85,254533,1033.03,7255,42232.0,16.59,2026-07-29
SHANTIGOLD,EQ,29-Jul-2026,216.09,218.5,228.0,216.1,223.32,2096353,4693.85,22826,800997.0,38.21,2026-07-29
SHARDACROP,EQ,29-Jul-2026,877.0,880.9,885.9,807.55,824.7,953674,7953.84,50216,331158.0,34.72,2026-07-29
SHARDAMOTR,EQ,29-Jul-2026,830.5,831.0,847.15,826.6,843.6,22740,190.68,2624,14274.0,62.77,2026-07-29
SHARDUL,BE,29-Jul-2026,48.39,45.98,46.56,45.98,45.98,11141,5.13,66,,,2026-07-29
SHAREINDIA,EQ,29-Jul-2026,179.21,181.53,181.88,173.71,174.81,690377,1220.21,5052,355014.0,51.42,2026-07-29
SHARIABEES,EQ,29-Jul-2026,462.52,466.0,472.91,462.52,472.02,20904,98.47,551,13695.0,65.51,2026-07-29
SHBAJRG,EQ,29-Jul-2026,184.4,189.45,189.45,179.0,183.75,1635,2.99,78,888.0,54.31,2026-07-29
SHEEL,ST,29-Jul-2026,69.95,69.95,69.95,69.95,69.95,4000,2.8,2,4000.0,100.0,2026-07-29
SHEETAL,SM,29-Jul-2026,298.7,290.0,295.0,285.0,289.65,8500,24.68,16,4500.0,52.94,2026-07-29
SHEKHAWATI,EQ,29-Jul-2026,12.6,12.6,12.95,11.76,12.31,18938,2.34,138,14131.0,74.62,2026-07-29
SHEMAROO,BE,29-Jul-2026,117.36,122.45,122.9,118.2,118.38,5715,6.89,36,,,2026-07-29
SHERA,ST,29-Jul-2026,165.7,166.5,166.5,164.1,164.3,14000,23.1,12,13000.0,92.86,2026-07-29
SHETHJI,ST,29-Jul-2026,151.55,152.5,156.4,151.55,156.4,7000,10.68,6,6000.0,85.71,2026-07-29
SHILCTECH,EQ,29-Jul-2026,4423.7,4448.9,4590.7,4423.0,4534.4,25265,1145.95,5255,13581.0,53.75,2026-07-29
SHILPAMED,EQ,29-Jul-2026,605.2,612.0,616.3,600.1,604.6,382782,2319.66,17851,176052.0,45.99,2026-07-29
SHINDL,EQ,29-Jul-2026,160.42,162.09,162.09,158.71,160.87,173457,277.49,671,112184.0,64.68,2026-07-29
SHIVALIK,BE,29-Jul-2026,257.48,266.0,266.0,251.5,257.88,26062,67.07,203,,,2026-07-29
SHIVAMAUTO,BE,29-Jul-2026,17.74,18.09,18.09,18.05,18.09,54298,9.81,37,,,2026-07-29
SHIVAMILLS,BE,29-Jul-2026,60.05,61.85,61.85,60.06,61.45,223,0.14,17,,,2026-07-29
SHIVASHRIT,SM,29-Jul-2026,123.45,120.05,122.85,120.0,121.0,7000,8.46,7,5000.0,71.43,2026-07-29
SHIVATEX,EQ,29-Jul-2026,152.63,151.2,175.5,151.2,161.05,37996,63.0,980,15900.0,41.85,2026-07-29
SHIVAUM,EQ,29-Jul-2026,427.15,459.8,459.8,430.0,442.2,38009,168.18,885,11772.0,30.97,2026-07-29
SHK,EQ,29-Jul-2026,143.97,154.49,168.48,153.03,163.44,16773714,27484.09,129423,1601541.0,9.55,2026-07-29
SHKSIL,SM,29-Jul-2026,40.25,40.0,40.0,40.0,40.0,4000,1.6,2,4000.0,100.0,2026-07-29
SHOPERSTOP,EQ,29-Jul-2026,384.15,386.95,394.0,381.8,392.25,32788,127.74,1162,23267.0,70.96,2026-07-29
SHRADHA,EQ,29-Jul-2026,34.47,34.15,34.8,33.8,34.01,30329,10.38,137,18861.0,62.19,2026-07-29
SHREDIGCEM,EQ,29-Jul-2026,73.33,73.5,73.89,71.6,72.21,69505,50.56,898,35887.0,51.63,2026-07-29
SHREECEM,EQ,29-Jul-2026,26875.0,26800.0,27125.0,26700.0,26825.0,11491,3082.07,4497,5415.0,47.12,2026-07-29
SHREEDHAR,SM,29-Jul-2026,89.0,87.0,88.95,85.5,87.0,218000,189.16,23,200000.0,91.74,2026-07-29
SHREEJISPG,EQ,29-Jul-2026,615.85,620.0,626.95,616.5,624.15,599328,3732.1,8804,240708.0,40.16,2026-07-29
SHREEKARNI,SM,29-Jul-2026,422.0,418.5,418.5,404.0,404.0,2550,10.44,5,2400.0,94.12,2026-07-29
SHREEOSFM,SM,29-Jul-2026,57.1,57.35,57.35,54.0,54.05,58000,32.23,41,53000.0,91.38,2026-07-29
SHREEPUSHK,EQ,29-Jul-2026,393.9,394.1,399.15,387.0,389.2,21928,85.85,1730,9075.0,41.39,2026-07-29
SHREERAMA,EQ,29-Jul-2026,38.05,38.42,39.5,38.05,38.96,88749,34.51,742,59127.0,66.62,2026-07-29
SHREMINVIT,IV,29-Jul-2026,102.0,102.0,102.0,101.0,101.0,50000,50.75,2,50000.0,100.0,2026-07-29
SHRENIK,BZ,29-Jul-2026,0.33,0.34,0.34,0.33,0.33,376792,1.28,134,,,2026-07-29
SHREYANIND,EQ,29-Jul-2026,141.53,145.5,145.5,140.01,140.8,2995,4.26,89,2380.0,79.47,2026-07-29
SHRIAHIMSA,ST,29-Jul-2026,377.1,380.0,387.0,368.0,369.4,30000,114.24,31,27600.0,92.0,2026-07-29
SHRIKANHA,SM,29-Jul-2026,23.0,22.15,22.15,22.0,22.1,6400,1.41,4,4800.0,75.0,2026-07-29
SHRIKRISH,EQ,29-Jul-2026,40.12,40.0,40.25,40.0,40.0,104,0.04,3,104.0,100.0,2026-07-29
SHRINGARMS,EQ,29-Jul-2026,219.7,221.01,221.25,218.5,219.49,203414,447.6,1885,86241.0,42.4,2026-07-29
SHRIPISTON,EQ,29-Jul-2026,4270.3,4280.0,4376.9,4250.6,4315.2,37897,1638.58,7690,17669.0,46.62,2026-07-29
SHRIRAMFIN,EQ,29-Jul-2026,1040.9,1050.0,1052.8,1034.1,1044.7,4160322,43336.39,67589,2659457.0,63.92,2026-07-29
SHRIRAMPPS,EQ,29-Jul-2026,86.96,87.49,87.49,86.01,86.23,221787,191.92,1834,120103.0,54.15,2026-07-29
SHRITECH,SM,29-Jul-2026,61.4,61.4,62.95,61.4,62.95,4000,2.49,2,2000.0,50.0,2026-07-29
SHUBHLAXMI,SM,29-Jul-2026,19.5,19.0,19.0,19.0,19.0,1000,0.19,1,1000.0,100.0,2026-07-29
SHUBHSHREE,SM,29-Jul-2026,342.0,342.0,342.0,342.0,342.0,300,1.03,1,300.0,100.0,2026-07-29
SHYAMCENT,BE,29-Jul-2026,5.07,5.26,5.26,4.9,5.1,26294,1.32,93,,,2026-07-29
SHYAMMETL,EQ,29-Jul-2026,1027.0,1035.5,1036.5,1021.2,1033.6,244121,2515.8,8581,94885.0,38.87,2026-07-29
SHYAMTEL,BE,29-Jul-2026,16.0,16.0,16.0,16.0,16.0,18,0.0,5,,,2026-07-29
SICAGEN,EQ,29-Jul-2026,49.31,49.9,50.84,49.01,49.84,1826,0.91,40,1169.0,64.02,2026-07-29
SICALLOG,EQ,29-Jul-2026,107.01,111.69,112.36,108.2,111.5,113019,124.92,1500,78807.0,69.73,2026-07-29
SIDDHICOTS,SM,29-Jul-2026,28.4,28.4,28.4,28.4,28.4,1200,0.34,1,1200.0,100.0,2026-07-29
SIDDHIKA,SM,29-Jul-2026,212.0,210.05,211.05,209.1,209.1,4000,8.42,8,4000.0,100.0,2026-07-29
SIEMENS,EQ,29-Jul-2026,3681.0,3660.0,3681.1,3576.1,3650.8,234026,8528.64,19137,69464.0,29.68,2026-07-29
SIGACHI,BE,29-Jul-2026,25.43,25.93,25.93,25.93,25.93,788503,204.46,603,,,2026-07-29
SIGIND,EQ,29-Jul-2026,45.78,46.75,50.4,45.22,49.43,55389,27.03,560,32183.0,58.1,2026-07-29
SIGMA,EQ,29-Jul-2026,37.55,38.4,45.06,37.67,45.04,1844132,737.97,2153,177991.0,9.65,2026-07-29
SIGMAADV,BE,29-Jul-2026,576.6,605.4,605.4,605.4,605.4,104246,631.11,962,,,2026-07-29
SIGNATURE,EQ,29-Jul-2026,800.3,801.0,829.5,796.5,819.6,272665,2217.84,9053,42175.0,15.47,2026-07-29
SIGNORIA,ST,29-Jul-2026,135.0,133.65,141.75,131.0,141.75,8000,10.98,6,8000.0,100.0,2026-07-29
SIGNPOST,EQ,29-Jul-2026,304.8,306.95,313.7,301.8,307.2,139844,428.15,3439,87264.0,62.4,2026-07-29
SIKA,EQ,29-Jul-2026,1120.8,1120.8,1120.8,1091.1,1105.2,20249,223.95,2514,11480.0,56.69,2026-07-29
SIKKO,EQ,29-Jul-2026,5.02,5.04,5.24,5.01,5.11,1794532,91.25,996,1267649.0,70.64,2026-07-29
SIL,EQ,29-Jul-2026,16.4,16.42,16.69,16.15,16.45,23296,3.83,166,20148.0,86.49,2026-07-29
SILGO,EQ,29-Jul-2026,71.93,71.94,72.93,70.1,70.72,41704,29.89,566,20620.0,49.44,2026-07-29
SILINV,EQ,29-Jul-2026,414.25,414.2,421.0,413.0,414.55,1718,7.14,84,1603.0,93.31,2026-07-29
SILKFLEX,ST,29-Jul-2026,205.15,215.4,215.4,207.0,215.4,21000,44.85,20,17000.0,80.95,2026-07-29
SILKY,SM,29-Jul-2026,75.0,69.15,73.9,69.0,70.5,8000,5.66,8,4800.0,60.0,2026-07-29
SILLYMONKS,EQ,29-Jul-2026,16.6,17.2,17.2,15.66,15.99,12644,2.02,98,10685.0,84.51,2026-07-29
SILVER,EQ,29-Jul-2026,215.49,215.49,217.2,215.0,215.83,608077,1312.63,6090,237534.0,39.06,2026-07-29
SILVER1,EQ,29-Jul-2026,20.94,21.09,21.1,20.76,20.95,7395387,1553.13,4303,3631545.0,49.11,2026-07-29
SILVER360,EQ,29-Jul-2026,212.99,213.78,213.78,212.0,212.6,34887,74.13,359,28743.0,82.39,2026-07-29
SILVERADD,EQ,29-Jul-2026,207.79,207.8,209.59,207.37,208.05,286668,597.05,2360,143283.0,49.98,2026-07-29
SILVERAG,EQ,29-Jul-2026,210.41,210.32,211.86,209.59,210.4,173428,365.18,2351,94534.0,54.51,2026-07-29
SILVERAXIS,EQ,29-Jul-2026,214.56,214.87,216.44,214.12,214.96,778048,1670.79,4273,606340.0,77.93,2026-07-29
SILVERBEES,EQ,29-Jul-2026,206.2,206.2,208.1,205.9,206.69,19353667,40060.96,51513,6556302.0,33.88,2026-07-29
SILVERBETA,EQ,29-Jul-2026,208.28,208.51,210.16,207.95,208.81,420796,879.02,2882,289902.0,68.89,2026-07-29
SILVERBND,EQ,29-Jul-2026,216.85,217.2,218.99,216.31,217.06,32636,70.92,135,31179.0,95.54,2026-07-29
SILVERCASE,EQ,29-Jul-2026,21.88,22.32,22.32,21.82,21.89,5636480,1235.9,5770,1574573.0,27.94,2026-07-29
SILVERIETF,EQ,29-Jul-2026,215.28,216.94,217.13,214.85,215.76,1828947,3951.5,12228,969941.0,53.03,2026-07-29
SILVERTUC,EQ,29-Jul-2026,204.66,208.5,211.5,199.33,209.99,713084,1474.43,8720,299633.0,42.02,2026-07-29
SIMBHALS,BZ,29-Jul-2026,6.61,6.71,6.79,6.47,6.71,8470,0.56,45,,,2026-07-29
SIMCA,SM,29-Jul-2026,217.95,215.0,219.9,214.35,216.1,15000,32.55,25,8400.0,56.0,2026-07-29
SIMPLEXINF,EQ,29-Jul-2026,235.9,235.8,239.4,227.85,234.2,132867,309.1,3957,64422.0,48.49,2026-07-29
SINCLAIR,EQ,29-Jul-2026,73.58,73.69,74.99,73.02,74.15,13498,9.99,300,10254.0,75.97,2026-07-29
SINDHUTRAD,EQ,29-Jul-2026,25.05,25.23,25.72,24.81,24.93,185681,46.55,588,95870.0,51.63,2026-07-29
SINGERIND,EQ,29-Jul-2026,65.31,65.55,66.4,65.05,65.22,15698,10.25,262,10746.0,68.45,2026-07-29
SINTERCOM,EQ,29-Jul-2026,84.5,84.5,87.0,83.07,85.51,4849,4.15,118,3147.0,64.9,2026-07-29
SIRCA,EQ,29-Jul-2026,391.3,392.0,404.45,389.0,402.5,586866,2347.86,8580,192044.0,32.72,2026-07-29
SIS,EQ,29-Jul-2026,430.5,428.55,431.95,428.55,430.45,65426,281.6,3837,50707.0,77.5,2026-07-29
SITINET,BZ,29-Jul-2026,0.31,0.32,0.32,0.3,0.3,802171,2.49,191,,,2026-07-29
SIYSIL,EQ,29-Jul-2026,619.6,622.3,628.85,615.0,617.05,17623,109.46,1661,9693.0,55.0,2026-07-29
SJLOGISTIC,SM,29-Jul-2026,304.0,303.2,309.95,299.2,305.25,20000,60.7,66,15250.0,76.25,2026-07-29
SJS,EQ,29-Jul-2026,2355.6,2385.0,2390.1,2333.9,2347.7,54242,1276.22,10182,29781.0,54.9,2026-07-29
SJVN,EQ,29-Jul-2026,67.65,67.98,69.26,67.86,69.02,1983997,1362.71,14262,1005630.0,50.69,2026-07-29
SKFINDIA,EQ,29-Jul-2026,1469.4,1488.6,1516.9,1470.1,1479.4,29436,436.88,4477,15620.0,53.06,2026-07-29
SKFINDUS,EQ,29-Jul-2026,2731.8,2730.0,2767.9,2642.9,2667.6,35802,971.31,12438,21078.0,58.87,2026-07-29
SKIPPER,EQ,29-Jul-2026,505.25,510.0,531.95,506.5,526.8,546924,2844.51,16344,229111.0,41.89,2026-07-29
SKMEGGPROD,EQ,29-Jul-2026,270.5,278.95,296.5,265.0,273.5,2750564,7711.0,56711,519527.0,18.89,2026-07-29
SKP,SM,29-Jul-2026,160.9,160.1,160.1,159.2,159.2,1500,2.4,2,1500.0,100.0,2026-07-29
SKYGOLD,EQ,29-Jul-2026,668.5,672.4,689.9,648.15,653.5,1038421,6961.99,30317,457010.0,44.01,2026-07-29
SLONE,ST,29-Jul-2026,126.0,131.2,132.3,130.9,132.1,7600,10.03,12,7200.0,94.74,2026-07-29
SMALL250,EQ,29-Jul-2026,17.81,17.45,18.08,17.45,18.04,502859,90.27,604,354034.0,70.4,2026-07-29
SMALLADD,EQ,29-Jul-2026,17.87,17.89,18.08,17.89,18.04,553067,99.75,117,529040.0,95.66,2026-07-29
SMALLCAP,EQ,29-Jul-2026,46.64,46.65,47.23,46.64,47.12,1284290,603.71,2667,795681.0,61.95,2026-07-29
SMALLGROWW,EQ,29-Jul-2026,46.8,46.8,47.5,46.67,47.16,4134,1.94,75,2576.0,62.31,2026-07-29
SMALLIETF,EQ,29-Jul-2026,17.81,17.89,18.03,17.86,17.98,22989,4.12,97,22944.0,99.8,2026-07-29
SMARTEN,ST,29-Jul-2026,57.6,58.0,58.0,55.3,55.3,3600,2.02,3,3600.0,100.0,2026-07-29
SMARTLINK,BE,29-Jul-2026,209.52,210.56,210.56,201.5,203.23,4668,9.49,62,,,2026-07-29
SMARTWORKS,EQ,29-Jul-2026,478.95,486.15,486.95,477.0,480.0,29925,144.72,4822,18157.0,60.68,2026-07-29
SMCGLOBAL,EQ,29-Jul-2026,79.87,80.47,81.2,78.37,80.03,1416310,1132.27,6243,944437.0,66.68,2026-07-29
SML100CASE,EQ,29-Jul-2026,10.85,10.85,11.02,10.75,10.99,1041974,114.07,1030,870855.0,83.58,2026-07-29
SMLMAH,EQ,29-Jul-2026,3805.0,3838.0,4566.0,3805.0,4566.0,475660,20737.28,45283,200989.0,42.25,2026-07-29
SMLT,EQ,29-Jul-2026,66.26,68.49,68.49,66.46,68.03,1731,1.17,62,1093.0,63.14,2026-07-29
SMSPHARMA,EQ,29-Jul-2026,380.75,382.3,398.75,380.35,396.65,228126,895.78,6825,107635.0,47.18,2026-07-29
SNEHAA,SM,29-Jul-2026,48.9,48.9,49.0,48.1,48.1,3000,1.46,3,3000.0,100.0,2026-07-29
SNOWMAN,EQ,29-Jul-2026,36.06,36.9,36.9,35.83,36.19,65952,23.89,893,34362.0,52.1,2026-07-29
SNXT30BEES,EQ,29-Jul-2026,42.21,42.42,42.66,42.32,42.6,3298,1.4,43,2539.0,76.99,2026-07-29
SNXT50BETA,EQ,29-Jul-2026,94.01,94.5,94.85,93.8,94.49,2587,2.44,66,1282.0,49.56,2026-07-29
SOBHA,EQ,29-Jul-2026,1344.4,1346.0,1373.2,1341.7,1363.7,83844,1139.43,7922,35322.0,42.13,2026-07-29
SOCL,ST,29-Jul-2026,26.35,25.05,25.05,25.05,25.05,11200,2.81,7,9600.0,85.71,2026-07-29
SOFTTECH,BE,29-Jul-2026,413.6,411.0,411.0,411.0,411.0,229,0.94,3,,,2026-07-29
SOLARA,EQ,29-Jul-2026,507.0,509.95,516.5,501.3,506.2,113955,576.83,4020,56666.0,49.73,2026-07-29
SOLARINDS,EQ,29-Jul-2026,18244.0,18254.0,18527.0,18023.0,18080.0,72096,13107.03,19722,31864.0,44.2,2026-07-29
SOLARWORLD,EQ,29-Jul-2026,198.12,198.12,201.89,194.0,196.14,220423,434.27,3551,131763.0,59.78,2026-07-29
SOLEX,EQ,29-Jul-2026,912.1,917.0,924.9,909.0,917.8,18786,172.03,1925,11645.0,61.99,2026-07-29
SOMANYCERA,EQ,29-Jul-2026,479.3,481.1,492.25,480.5,485.9,112839,546.87,6168,74735.0,66.23,2026-07-29
SOMATEX,EQ,29-Jul-2026,96.25,96.29,99.5,95.51,96.05,9724,9.42,289,6590.0,67.77,2026-07-29
SOMICONVEY,EQ,29-Jul-2026,96.96,98.0,98.01,95.52,95.94,2795,2.7,113,2138.0,76.49,2026-07-29
SONACOMS,EQ,29-Jul-2026,713.0,718.0,724.75,711.1,720.5,1817710,13075.35,32364,1111584.0,61.15,2026-07-29
SONAL,EQ,29-Jul-2026,88.28,92.69,92.69,92.69,92.69,1,0.0,1,1.0,100.0,2026-07-29
SONAMAC,SM,29-Jul-2026,35.25,35.3,35.3,35.25,35.25,6000,2.12,6,6000.0,100.0,2026-07-29
SONAMLTD,EQ,29-Jul-2026,55.67,55.2,56.99,54.55,55.1,22941,12.73,860,7016.0,30.58,2026-07-29
SONATSOFTW,EQ,29-Jul-2026,297.65,301.5,323.0,301.45,317.45,8134430,25746.27,108146,1590554.0,19.55,2026-07-29
SONUINFRA,ST,29-Jul-2026,40.85,40.85,40.85,40.85,40.85,1500,0.61,1,1500.0,100.0,2026-07-29
SOTAC,SM,29-Jul-2026,95.1,90.4,90.4,90.4,90.4,1200,1.08,1,1200.0,100.0,2026-07-29
SOTL,EQ,29-Jul-2026,619.65,634.7,634.7,602.05,609.3,265400,1622.09,9148,108973.0,41.06,2026-07-29
SOUTHBANK,EQ,29-Jul-2026,47.13,47.21,47.47,46.36,46.49,9021635,4209.84,24295,3709136.0,41.11,2026-07-29
SOUTHWEST,EQ,29-Jul-2026,226.61,226.72,231.45,225.0,229.76,71382,163.01,1994,34876.0,48.86,2026-07-29
SPAL,EQ,29-Jul-2026,986.2,999.0,1021.9,976.1,1009.0,84872,850.39,5154,45374.0,53.46,2026-07-29
SPANDANA,EQ,29-Jul-2026,266.95,266.95,270.2,261.55,266.65,254247,676.43,6970,106347.0,41.83,2026-07-29
SPARC,EQ,29-Jul-2026,208.96,210.16,216.88,209.76,213.17,981764,2098.96,13138,408653.0,41.62,2026-07-29
SPCENET,EQ,29-Jul-2026,3.33,3.39,3.39,3.26,3.34,385424,12.91,395,279144.0,72.43,2026-07-29
SPCL,SM,29-Jul-2026,68.15,68.5,68.5,67.75,67.9,6000,4.08,10,6000.0,100.0,2026-07-29
SPEB,ST,29-Jul-2026,83.1,83.1,83.1,83.1,83.1,2000,1.66,1,2000.0,100.0,2026-07-29
SPECIALITY,EQ,29-Jul-2026,133.81,133.14,134.09,131.28,132.05,21719,28.69,331,15672.0,72.16,2026-07-29
SPECTRUM,EQ,29-Jul-2026,2357.3,2370.0,2462.0,2332.1,2444.8,47198,1140.74,5054,17879.0,37.88,2026-07-29
SPECTSTM,SM,29-Jul-2026,68.0,70.5,70.8,67.4,69.0,4800,3.33,6,4800.0,100.0,2026-07-29
SPENCERS,EQ,29-Jul-2026,32.86,34.0,34.16,32.81,33.27,30103,10.06,725,9591.0,31.86,2026-07-29
SPIC,EQ,29-Jul-2026,65.55,66.0,67.86,65.71,66.83,247242,165.38,2781,108038.0,43.7,2026-07-29
SPLIL,EQ,29-Jul-2026,30.47,30.31,31.1,30.0,30.29,12099,3.65,82,9519.0,78.68,2026-07-29
SPLPETRO,EQ,29-Jul-2026,740.4,741.95,748.45,723.6,734.1,146167,1076.54,6696,42667.0,29.19,2026-07-29
SPMLINFRA,EQ,29-Jul-2026,194.0,195.1,198.0,194.75,196.19,80137,157.52,2140,36692.0,45.79,2026-07-29
SPORTKING,EQ,29-Jul-2026,214.98,215.9,218.9,212.31,213.93,214419,461.28,4634,109498.0,51.07,2026-07-29
SPUNWEB,SM,29-Jul-2026,100.0,99.25,99.25,99.25,99.25,2400,2.38,2,2400.0,100.0,2026-07-29
SRD,EQ,29-Jul-2026,37.23,37.96,37.97,37.0,37.92,22803,8.56,170,16665.0,73.08,2026-07-29
SREEL,EQ,29-Jul-2026,216.33,222.0,224.23,215.41,216.24,9356,20.41,571,3189.0,34.09,2026-07-29
SRF,EQ,29-Jul-2026,2633.4,2646.0,2659.0,2628.0,2643.8,168487,4452.15,12549,82624.0,49.04,2026-07-29
SRGHFL,EQ,29-Jul-2026,311.6,307.2,319.0,287.0,293.5,44087,130.13,512,36447.0,82.67,2026-07-29
SRHHYPOLTD,EQ,29-Jul-2026,483.0,483.2,496.75,480.0,481.45,3093,15.0,296,2083.0,67.35,2026-07-29
SRIVASAVI,ST,29-Jul-2026,86.25,89.0,89.2,85.0,86.0,5000,4.38,5,5000.0,100.0,2026-07-29
SRM,EQ,29-Jul-2026,506.15,508.1,514.0,501.0,505.2,55820,283.34,2040,28913.0,51.8,2026-07-29
SRTL,EQ,29-Jul-2026,40.07,39.65,41.5,39.65,40.8,46401,18.71,697,30494.0,65.72,2026-07-29
SSDL,EQ,29-Jul-2026,52.85,52.93,53.9,52.91,53.42,7665,4.08,217,5651.0,73.72,2026-07-29
SSEGL,SM,29-Jul-2026,318.65,320.0,328.9,319.0,327.5,28600,93.25,88,17200.0,60.14,2026-07-29
SSFL,ST,29-Jul-2026,254.9,252.0,254.75,245.0,253.5,11000,27.39,22,10000.0,90.91,2026-07-29
SSFLPP,E1,29-Jul-2026,141.45,141.5,142.0,141.0,141.45,2438,3.45,28,2308.0,94.67,2026-07-29
SSWL,EQ,29-Jul-2026,294.92,294.56,299.9,292.5,297.78,760966,2264.9,11488,360774.0,47.41,2026-07-29
STALLION,EQ,29-Jul-2026,249.69,249.03,249.03,239.4,244.34,2244067,5496.15,28873,719052.0,32.04,2026-07-29
STANLEY,EQ,29-Jul-2026,154.92,155.5,160.25,154.7,156.72,125161,197.07,3731,62203.0,49.7,2026-07-29
STAR,EQ,29-Jul-2026,1041.7,1041.0,1087.2,1041.0,1060.0,151300,1604.54,17996,66847.0,44.18,2026-07-29
STARCEMENT,EQ,29-Jul-2026,202.01,202.55,204.0,201.89,203.26,60150,121.95,1264,36117.0,60.04,2026-07-29
STARHEALTH,EQ,29-Jul-2026,584.0,587.95,603.2,580.3,598.85,993642,5886.37,22464,704184.0,70.87,2026-07-29
STARPAPER,EQ,29-Jul-2026,147.21,147.56,149.25,147.0,148.61,8124,12.05,207,5979.0,73.6,2026-07-29
STARTECK,EQ,29-Jul-2026,267.95,265.3,274.55,261.2,263.85,7402,19.73,119,144.0,1.95,2026-07-29
STCINDIA,EQ,29-Jul-2026,117.61,118.6,121.0,118.0,119.0,22318,26.68,477,14038.0,62.9,2026-07-29
STEELCAS,EQ,29-Jul-2026,300.25,305.0,307.0,300.3,305.4,32724,99.54,968,15417.0,47.11,2026-07-29
STEELCITY,EQ,29-Jul-2026,75.08,75.08,75.98,75.0,75.08,4520,3.39,96,3471.0,76.79,2026-07-29
STEELXIND,EQ,29-Jul-2026,11.2,11.25,11.35,11.11,11.23,884311,99.34,1570,590135.0,66.73,2026-07-29
STEL,EQ,29-Jul-2026,553.4,560.0,561.9,550.0,551.25,1761,9.79,146,1387.0,78.76,2026-07-29
STERTOOLS,BE,29-Jul-2026,238.51,237.0,242.87,235.1,239.27,10854,25.87,223,,,2026-07-29
STLNETWORK,BE,29-Jul-2026,24.43,24.0,24.3,23.21,23.6,1148718,269.33,2239,,,2026-07-29
STLTECH,BE,29-Jul-2026,530.05,511.0,529.0,503.55,519.95,3774287,19302.25,50493,,,2026-07-29
STOVEKRAFT,EQ,29-Jul-2026,796.7,796.7,818.0,796.7,807.2,139000,1125.11,5727,85309.0,61.37,2026-07-29
STRIDERS,SM,29-Jul-2026,67.45,63.7,65.85,62.3,65.7,16000,10.39,9,11200.0,70.0,2026-07-29
STUDDS,EQ,29-Jul-2026,440.95,441.0,448.35,441.0,443.0,22818,101.29,1290,10755.0,47.13,2026-07-29
STUDIOLSD,SM,29-Jul-2026,9.4,9.4,9.5,9.0,9.0,8000,0.74,4,8000.0,100.0,2026-07-29
STYL,EQ,29-Jul-2026,343.35,343.2,358.95,343.2,350.85,104880,370.2,4388,47102.0,44.91,2026-07-29
STYLAMIND,EQ,29-Jul-2026,3407.3,3435.0,3435.0,3350.0,3366.6,25768,869.47,6219,12245.0,47.52,2026-07-29
STYLEBAAZA,BE,29-Jul-2026,271.6,275.0,277.8,267.0,269.7,42179,114.17,720,,,2026-07-29
STYRENIX,EQ,29-Jul-2026,2441.6,2469.0,2499.7,2424.7,2482.5,38165,945.96,4568,24082.0,63.1,2026-07-29
SUBAHOTELS,SM,29-Jul-2026,107.85,109.9,109.9,107.0,109.2,9600,10.42,8,4800.0,50.0,2026-07-29
SUBEXLTD,BE,29-Jul-2026,12.15,12.15,12.25,11.96,12.03,658044,79.62,1025,,,2026-07-29
SUBROS,EQ,29-Jul-2026,777.15,777.95,790.95,777.95,786.55,19275,151.46,1985,8832.0,45.82,2026-07-29
SUDARCOLOR,EQ,29-Jul-2026,355.3,355.3,367.25,355.3,361.9,3059,11.1,202,1864.0,60.93,2026-07-29
SUDARSCHEM,EQ,29-Jul-2026,1032.35,1032.5,1045.8,1017.05,1030.8,62506,643.86,4936,28143.0,45.02,2026-07-29
SUDEEPPHRM,EQ,29-Jul-2026,861.8,870.0,908.0,849.0,879.15,350184,3104.19,18247,120848.0,34.51,2026-07-29
SUKHJITS,EQ,29-Jul-2026,170.13,173.0,176.9,153.7,157.9,184249,301.73,2795,85434.0,46.37,2026-07-29
SULA,EQ,29-Jul-2026,157.76,158.0,173.0,157.76,167.33,4610818,7735.41,50925,897934.0,19.47,2026-07-29
SUMEETINDS,EQ,29-Jul-2026,25.98,24.69,24.69,24.69,24.69,25037,6.18,160,25037.0,100.0,2026-07-29
SUMICHEM,EQ,29-Jul-2026,528.4,530.45,530.65,497.0,501.7,966569,4886.17,27605,342594.0,35.44,2026-07-29
SUMIT,BE,29-Jul-2026,52.15,51.62,53.5,50.21,51.9,3711,1.94,39,,,2026-07-29
SUMMITSEC,EQ,29-Jul-2026,1479.8,1485.0,1515.0,1480.8,1508.0,1367,20.52,246,772.0,56.47,2026-07-29
SUNCLAY,EQ,29-Jul-2026,1305.8,1308.0,1308.0,1251.0,1277.8,10295,132.2,1475,4458.0,43.3,2026-07-29
SUNDARAM,EQ,29-Jul-2026,1.28,1.28,1.31,1.27,1.28,189416,2.45,340,120247.0,63.48,2026-07-29
SUNDARMFIN,EQ,29-Jul-2026,4422.1,4422.1,4498.0,4422.1,4480.1,30337,1356.51,7507,14941.0,49.25,2026-07-29
SUNDRMBRAK,BE,29-Jul-2026,775.95,780.0,794.75,780.0,794.65,415,3.25,18,,,2026-07-29
SUNDRMFAST,EQ,29-Jul-2026,953.75,957.65,970.0,955.7,960.95,58963,567.03,4155,40058.0,67.94,2026-07-29
SUNDROP,EQ,29-Jul-2026,674.0,671.1,683.9,667.05,679.5,13907,93.88,531,8962.0,64.44,2026-07-29
SUNFLAG,EQ,29-Jul-2026,355.1,359.5,364.55,355.25,359.4,158599,572.81,3496,83393.0,52.58,2026-07-29
SUNLITE,ST,29-Jul-2026,443.75,425.05,460.0,425.05,446.2,14100,63.18,40,12600.0,89.36,2026-07-29
SUNPHARMA,EQ,29-Jul-2026,1976.7,1977.0,1992.7,1960.4,1989.9,2682295,53058.26,106408,1696689.0,63.26,2026-07-29
SUNTECH,ST,29-Jul-2026,30.5,30.1,31.8,30.1,31.8,11200,3.47,7,9600.0,85.71,2026-07-29
SUNTECK,EQ,29-Jul-2026,307.05,309.25,311.7,307.2,309.1,212633,657.59,3463,113626.0,53.44,2026-07-29
SUNTV,EQ,29-Jul-2026,490.45,494.0,517.0,494.0,512.85,1036019,5300.28,40717,468005.0,45.17,2026-07-29
SUPERHOUSE,EQ,29-Jul-2026,157.93,156.35,160.99,156.05,158.24,8617,13.64,362,3602.0,41.8,2026-07-29
SUPERSPIN,BE,29-Jul-2026,5.71,5.82,5.82,5.8,5.8,27904,1.62,20,,,2026-07-29
SUPRAJIT,EQ,29-Jul-2026,487.15,489.55,497.0,480.95,493.5,44810,220.88,2849,26462.0,59.05,2026-07-29
SUPREME,EQ,29-Jul-2026,43.72,44.05,45.1,43.5,44.84,25799,11.53,185,20016.0,77.58,2026-07-29
SUPREMEENG,BZ,29-Jul-2026,1.98,2.01,2.01,2.01,2.01,65405,1.31,23,,,2026-07-29
SUPREMEIND,EQ,29-Jul-2026,3395.4,3399.1,3507.3,3379.6,3479.3,296570,10248.41,28441,112658.0,37.99,2026-07-29
SUPREMEINF,EQ,29-Jul-2026,78.7,78.51,85.74,77.02,82.78,217911,182.87,3655,77252.0,35.45,2026-07-29
SUPREMEPWR,SM,29-Jul-2026,203.25,202.5,219.75,202.5,211.0,57000,122.03,106,36000.0,63.16,2026-07-29
SUPRIYA,EQ,29-Jul-2026,830.1,839.8,863.4,828.0,859.6,175356,1497.47,11717,91055.0,51.93,2026-07-29
SURAJEST,EQ,29-Jul-2026,193.78,194.06,197.57,194.06,195.32,13930,27.26,543,7620.0,54.7,2026-07-29
SURAJLTD,EQ,29-Jul-2026,223.43,219.0,227.0,219.0,224.15,795,1.76,39,555.0,69.81,2026-07-29
SURAKSHA,EQ,29-Jul-2026,248.85,251.55,251.55,246.75,248.85,13584,33.79,896,8635.0,63.57,2026-07-29
SURANASOL,EQ,29-Jul-2026,26.83,26.45,27.29,26.13,26.37,75744,20.04,1029,49445.0,65.28,2026-07-29
SURANAT&P,EQ,29-Jul-2026,18.07,17.66,18.0,17.66,17.77,70964,12.62,487,38468.0,54.21,2026-07-29
SURANI,SM,29-Jul-2026,95.0,95.0,101.0,95.0,100.5,1000,1.0,3,1000.0,100.0,2026-07-29
SURYALA,EQ,29-Jul-2026,422.2,422.5,449.9,422.45,429.6,1440,6.24,80,1000.0,69.44,2026-07-29
SURYALAXMI,EQ,29-Jul-2026,57.9,58.18,58.71,55.52,57.07,5594,3.26,67,4400.0,78.66,2026-07-29
SURYAROSNI,EQ,29-Jul-2026,239.35,242.0,243.85,238.1,239.35,232870,558.48,4807,128564.0,55.21,2026-07-29
SURYODAY,EQ,29-Jul-2026,165.68,169.0,172.3,161.15,162.33,4190252,6944.72,33524,936372.0,22.35,2026-07-29
SUTLEJTEX,BE,29-Jul-2026,38.0,36.52,39.49,36.52,38.09,40375,15.66,251,,,2026-07-29
SUVEN,EQ,29-Jul-2026,294.15,297.0,314.8,294.2,313.35,1098436,3364.45,24166,432249.0,39.35,2026-07-29
SUVIDHAA,EQ,29-Jul-2026,2.5,2.49,2.58,2.42,2.54,101724,2.55,299,88083.0,86.59,2026-07-29
SUYOG,EQ,29-Jul-2026,889.1,885.75,891.7,860.2,875.2,28926,254.25,1739,19075.0,65.94,2026-07-29
SUZLON,EQ,29-Jul-2026,48.02,48.0,48.7,45.93,47.45,221723792,104489.36,288041,72599011.0,32.74,2026-07-29
SVLL,BE,29-Jul-2026,760.0,759.0,759.0,746.55,746.55,353,2.67,11,,,2026-07-29
SVPGLOB,BE,29-Jul-2026,3.78,3.6,3.89,3.6,3.7,28109,1.04,58,,,2026-07-29
SWANCORP,EQ,29-Jul-2026,309.0,309.35,312.95,308.0,310.25,652397,2026.58,12597,186788.0,28.63,2026-07-29
SWANDEF,BE,29-Jul-2026,2408.3,2440.0,2459.8,2330.0,2334.1,12844,303.63,567,,,2026-07-29
SWARAJ,SM,29-Jul-2026,360.95,361.25,368.9,358.0,364.1,189500,690.7,198,82500.0,43.54,2026-07-29
SWARAJENG,EQ,29-Jul-2026,3558.4,3560.0,3574.4,3545.0,3567.8,6539,232.96,1259,4298.0,65.73,2026-07-29
SWASTIK,ST,29-Jul-2026,19.35,19.7,19.7,19.0,19.0,40800,7.98,8,40800.0,100.0,2026-07-29
SWELECTES,EQ,29-Jul-2026,601.9,609.75,614.1,602.5,608.85,12046,73.15,1145,6978.0,57.93,2026-07-29
SWIGGY,EQ,29-Jul-2026,268.47,272.0,290.88,271.99,287.34,73291848,209569.54,378810,27941950.0,38.12,2026-07-29
SWSOLAR,EQ,29-Jul-2026,206.39,208.8,210.09,207.51,209.27,605406,1265.81,7537,285490.0,47.16,2026-07-29
SYLVANPLY,SM,29-Jul-2026,53.7,53.7,53.7,53.7,53.7,2000,1.07,1,2000.0,100.0,2026-07-29
SYMPHONY,EQ,29-Jul-2026,688.55,688.6,698.0,685.95,693.95,54551,378.17,6771,30823.0,56.5,2026-07-29
SYNCOMF,EQ,29-Jul-2026,12.94,12.94,13.25,12.94,13.21,759647,99.88,3107,475325.0,62.57,2026-07-29
SYNGENE,EQ,29-Jul-2026,409.15,412.9,417.5,406.0,414.25,1219638,5040.02,35774,783518.0,64.24,2026-07-29
SYRMA,EQ,29-Jul-2026,1306.0,1319.9,1355.4,1308.0,1343.4,1287698,17232.76,50759,485895.0,37.73,2026-07-29
SYSTANGO,SM,29-Jul-2026,218.5,221.0,221.0,216.0,218.05,11200,24.45,26,8400.0,75.0,2026-07-29
SYSTMTXC,BE,29-Jul-2026,57.45,57.82,60.32,57.82,58.62,5637,3.33,81,,,2026-07-29
TAALTECH,EQ,29-Jul-2026,3925.1,3953.8,3980.0,3907.0,3970.2,631,24.88,188,366.0,58.0,2026-07-29
TAC,SM,29-Jul-2026,489.35,480.25,500.0,476.05,488.95,35200,172.54,161,23000.0,65.34,2026-07-29
TAINWALCHM,EQ,29-Jul-2026,199.81,203.6,203.6,194.99,196.2,4382,8.68,157,3405.0,77.7,2026-07-29
TAJGVK,EQ,29-Jul-2026,360.05,363.9,363.9,357.6,359.95,54540,196.44,2206,31095.0,57.01,2026-07-29
TAKE,EQ,29-Jul-2026,20.63,21.14,21.14,20.19,20.75,732306,151.58,2021,655399.0,89.5,2026-07-29
TALBROAUTO,EQ,29-Jul-2026,394.65,396.0,400.8,391.8,398.1,75481,300.06,2732,34322.0,45.47,2026-07-29
TAMBOLIIN,BE,29-Jul-2026,218.0,217.9,220.9,217.9,220.85,1222,2.7,16,,,2026-07-29
TANKUP,ST,29-Jul-2026,1145.0,1168.0,1168.0,1168.0,1168.0,750,8.76,2,750.0,100.0,2026-07-29
TANLA,EQ,29-Jul-2026,597.5,605.2,627.05,603.6,610.9,2136744,13146.51,45285,746445.0,34.93,2026-07-29
TARACHAND,EQ,29-Jul-2026,54.19,54.19,54.5,53.3,54.02,76137,40.89,643,56597.0,74.34,2026-07-29
TARAPUR,EQ,29-Jul-2026,17.12,17.12,17.86,16.27,16.34,57683,9.62,300,42695.0,74.02,2026-07-29
TARC,EQ,29-Jul-2026,130.88,131.5,140.28,130.75,134.16,1930170,2626.5,19496,563392.0,29.19,2026-07-29
TARIL,EQ,29-Jul-2026,295.6,300.0,300.7,296.3,298.0,802783,2390.7,12694,300981.0,37.49,2026-07-29
TARMAT,EQ,29-Jul-2026,50.42,51.99,51.99,50.3,50.33,7264,3.67,51,6313.0,86.91,2026-07-29
TARSONS,EQ,29-Jul-2026,310.95,313.45,334.9,310.0,320.0,122327,389.46,3283,59549.0,48.68,2026-07-29
TASTYBITE,EQ,29-Jul-2026,9018.0,8977.0,9465.0,8977.0,9300.0,3995,371.05,1239,1740.0,43.55,2026-07-29
TATACAP,EQ,29-Jul-2026,354.95,364.25,377.9,359.1,361.8,12164724,44677.08,193694,3303307.0,27.15,2026-07-29
TATACHEM,EQ,29-Jul-2026,674.3,680.0,685.3,673.15,679.05,553165,3760.05,19880,166808.0,30.16,2026-07-29
TATACOMM,EQ,29-Jul-2026,1764.5,1779.4,1799.1,1761.8,1780.7,210812,3753.17,17011,94555.0,44.85,2026-07-29
TATACONSUM,EQ,29-Jul-2026,1082.1,1092.5,1106.6,1085.7,1096.1,1130132,12406.66,46918,587764.0,52.01,2026-07-29
TATAELXSI,EQ,29-Jul-2026,3581.8,3610.0,3725.0,3603.3,3673.4,755828,27773.32,51248,306462.0,40.55,2026-07-29
TATAGOLD,EQ,29-Jul-2026,13.74,13.79,13.79,13.62,13.74,30275421,4159.19,47916,9549444.0,31.54,2026-07-29
TATAINVEST,EQ,29-Jul-2026,654.3,656.0,690.15,654.5,675.75,887392,6007.29,41775,254374.0,28.67,2026-07-29
TATAPOWER,EQ,29-Jul-2026,371.35,371.35,379.7,370.0,377.25,4420793,16605.62,50957,1820982.0,41.19,2026-07-29
TATASTEEL,EQ,29-Jul-2026,182.63,183.5,188.67,183.04,187.27,24872418,46493.6,138532,11932985.0,47.98,2026-07-29
TATATECH,EQ,29-Jul-2026,738.6,749.0,754.4,739.3,742.4,573923,4277.49,22802,247393.0,43.11,2026-07-29
TATSILV,EQ,29-Jul-2026,20.94,21.44,21.44,20.93,21.0,33468331,7037.79,36742,10683540.0,31.92,2026-07-29
TATVA,EQ,29-Jul-2026,1718.2,1740.3,1771.0,1710.1,1744.4,85006,1477.51,6834,25953.0,30.53,2026-07-29
TAURIAN,SM,29-Jul-2026,376.5,371.0,376.0,365.0,368.7,21600,79.76,26,9600.0,44.44,2026-07-29
TBI,SM,29-Jul-2026,61.8,62.95,62.95,60.05,61.35,22800,14.0,34,17400.0,76.32,2026-07-29
TBOTEK,EQ,29-Jul-2026,1508.6,1515.0,1531.0,1510.0,1522.6,177747,2709.24,13111,108329.0,60.95,2026-07-29
TBZ,EQ,29-Jul-2026,291.1,289.76,295.7,265.25,274.48,3605689,10078.85,58824,952816.0,26.43,2026-07-29
TCC,EQ,29-Jul-2026,262.3,264.45,278.75,264.45,275.5,97686,268.9,1380,83643.0,85.62,2026-07-29
TCI,EQ,29-Jul-2026,921.05,922.0,926.9,910.2,917.0,24140,222.3,2660,10008.0,41.46,2026-07-29
TCIEXP,EQ,29-Jul-2026,548.4,552.5,554.85,534.05,545.95,34029,185.26,2773,14321.0,42.08,2026-07-29
TCIFINANCE,BE,29-Jul-2026,14.79,15.44,15.44,14.11,15.15,20987,3.11,91,,,2026-07-29
TCL,SM,29-Jul-2026,110.0,110.0,118.8,108.0,110.0,51200,56.61,51,38400.0,75.0,2026-07-29
TCPLPACK,EQ,29-Jul-2026,3234.6,3240.0,3285.6,3175.0,3183.1,2330,74.93,617,1219.0,52.32,2026-07-29
TCS,EQ,29-Jul-2026,2398.0,2440.0,2475.5,2415.1,2446.6,7169419,175712.37,207914,3951178.0,55.11,2026-07-29
TDPOWERSYS,EQ,29-Jul-2026,1114.8,1120.0,1124.9,1029.7,1036.0,2186182,23065.56,88908,1248927.0,57.13,2026-07-29
TEAMGTY,EQ,29-Jul-2026,222.82,226.0,234.65,215.0,217.22,892,1.97,44,724.0,81.17,2026-07-29
TEAMLEASE,EQ,29-Jul-2026,1300.5,1291.3,1317.7,1290.0,1299.2,95150,1239.74,12744,69976.0,73.54,2026-07-29
TEAMTECH,ST,29-Jul-2026,119.25,113.3,118.9,113.3,116.1,58000,67.56,25,54000.0,93.1,2026-07-29
TECH,EQ,29-Jul-2026,33.25,33.81,34.29,33.65,33.91,301111,102.68,975,227480.0,75.55,2026-07-29
TECHD,ST,29-Jul-2026,603.95,610.0,625.0,605.05,606.0,8400,51.77,28,7200.0,85.71,2026-07-29
TECHERA,SM,29-Jul-2026,144.0,144.0,148.9,143.1,147.25,44800,65.33,50,32000.0,71.43,2026-07-29
TECHLABS,ST,29-Jul-2026,123.25,122.0,129.4,122.0,126.9,15500,19.86,74,14375.0,92.74,2026-07-29
TECHM,EQ,29-Jul-2026,1635.2,1661.0,1673.0,1640.1,1644.2,2189575,36188.19,101771,1005136.0,45.91,2026-07-29
TECHNOE,EQ,29-Jul-2026,991.9,999.1,1008.7,985.0,988.8,128138,1274.2,10192,79521.0,62.06,2026-07-29
TECHNVISN,EQ,29-Jul-2026,4793.6,4889.5,4889.5,4715.6,4798.3,737,35.29,147,470.0,63.77,2026-07-29
TECILCHEM,EQ,29-Jul-2026,10.09,9.6,10.2,9.4,9.84,15851,1.57,72,12682.0,80.01,2026-07-29
TEGA,EQ,29-Jul-2026,1501.0,1510.0,1535.0,1498.5,1504.4,109050,1648.9,7685,76905.0,70.52,2026-07-29
TEJA,SM,29-Jul-2026,665.25,673.5,673.5,630.0,658.1,39000,254.56,61,14400.0,36.92,2026-07-29
TEJASCARGO,SM,29-Jul-2026,356.0,356.0,356.0,350.0,350.0,4400,15.42,2,4400.0,100.0,2026-07-29
TEJASNET,EQ,29-Jul-2026,494.3,495.0,532.0,495.0,520.0,5394738,28101.77,98937,742571.0,13.76,2026-07-29
TEMBO,EQ,29-Jul-2026,561.2,567.95,567.95,555.05,559.9,62290,349.46,2226,30696.0,49.28,2026-07-29
TENNIND,EQ,29-Jul-2026,526.9,533.1,540.3,528.1,538.6,970524,5187.43,22383,716857.0,73.86,2026-07-29
TERASOFT,EQ,29-Jul-2026,387.7,392.45,392.45,380.7,383.55,2588,9.99,219,1678.0,64.84,2026-07-29
TEXINFRA,EQ,29-Jul-2026,114.41,114.21,115.0,113.72,114.89,94232,107.88,657,77832.0,82.6,2026-07-29
TEXMOPIPES,EQ,29-Jul-2026,43.19,43.19,43.87,42.25,43.23,7079,3.05,191,5838.0,82.47,2026-07-29
TEXRAIL,EQ,29-Jul-2026,109.71,111.0,113.0,110.12,112.36,1573439,1764.08,12620,630677.0,40.08,2026-07-29
TFCILTD,EQ,29-Jul-2026,97.04,98.25,101.8,96.93,100.57,42989801,43175.83,60975,14593400.0,33.95,2026-07-29
TFL,EQ,29-Jul-2026,11.04,11.09,11.45,10.8,11.22,28518,3.17,361,19378.0,67.95,2026-07-29
TGBHOTELS,EQ,29-Jul-2026,9.69,9.98,11.38,9.56,9.62,182381,18.14,395,147414.0,80.83,2026-07-29
TGL,ST,29-Jul-2026,19.85,20.6,20.6,19.1,19.35,11000,2.14,31,9000.0,81.82,2026-07-29
THACKER,BE,29-Jul-2026,1011.0,991.0,1057.9,961.4,1011.0,25,0.24,9,,,2026-07-29
THAKDEV,EQ,29-Jul-2026,152.95,158.49,158.49,145.5,145.5,3,0.0,3,1.0,33.33,2026-07-29
THANGAMAYL,EQ,29-Jul-2026,7168.5,7229.0,7229.0,6452.0,6452.0,755621,50448.67,90514,203692.0,26.96,2026-07-29
THEINVEST,EQ,29-Jul-2026,96.03,96.06,98.48,95.6,96.72,2027,1.96,67,1475.0,72.77,2026-07-29
THEJO,EQ,29-Jul-2026,1901.9,1890.2,1928.0,1860.6,1889.4,4918,92.19,434,2855.0,58.05,2026-07-29
THELEELA,EQ,29-Jul-2026,475.6,473.0,483.0,469.15,471.65,227091,1083.58,16777,145725.0,64.17,2026-07-29
THEMISMED,EQ,29-Jul-2026,105.78,109.14,109.14,106.34,107.28,34820,37.47,1297,14686.0,42.18,2026-07-29
THERMAX,EQ,29-Jul-2026,4416.5,4420.0,4444.5,4267.0,4378.0,133741,5803.65,26347,56624.0,42.34,2026-07-29
THOMASCOOK,EQ,29-Jul-2026,97.88,98.0,100.79,97.75,99.84,534097,530.41,4843,257312.0,48.18,2026-07-29
THOMASCOTT,EQ,29-Jul-2026,298.35,302.0,311.4,294.85,302.05,42148,127.26,1988,22008.0,52.22,2026-07-29
THYROCARE,EQ,29-Jul-2026,579.7,581.2,584.55,574.0,580.0,380650,2210.64,11744,173598.0,45.61,2026-07-29
TI,EQ,29-Jul-2026,444.1,446.3,469.6,443.55,465.4,2469337,11417.72,50198,1095482.0,44.36,2026-07-29
TICL,BE,29-Jul-2026,9.23,9.23,9.44,8.91,9.03,100751,9.23,231,,,2026-07-29
TIGERLOGS,BE,29-Jul-2026,31.13,31.12,31.9,29.75,30.01,138326,42.04,372,,,2026-07-29
TIIL,EQ,29-Jul-2026,2572.2,2574.8,2584.3,2532.0,2544.2,2760,70.48,517,2026.0,73.41,2026-07-29
TIINDIA,EQ,29-Jul-2026,2825.3,2831.9,2859.8,2778.5,2786.7,255465,7151.19,32205,140927.0,55.16,2026-07-29
TIJARIA,EQ,29-Jul-2026,4.59,4.57,4.88,4.5,4.74,113532,5.33,194,56519.0,49.78,2026-07-29
TIL,EQ,29-Jul-2026,232.75,231.0,271.4,215.5,262.48,38163735,95293.13,396794,3933736.0,10.31,2026-07-29
TIMETECHNO,EQ,29-Jul-2026,210.75,211.8,217.19,209.56,216.36,6861801,14690.7,44747,1507858.0,21.97,2026-07-29
TIMEX,EQ,29-Jul-2026,566.7,566.3,571.35,545.25,553.75,334535,1870.37,18422,123701.0,36.98,2026-07-29
TIMKEN,EQ,29-Jul-2026,3075.6,3100.0,3125.9,3075.0,3096.6,18667,578.21,5927,11276.0,60.41,2026-07-29
TINNARUBR,EQ,29-Jul-2026,1103.6,1115.0,1139.7,1086.5,1101.05,86928,968.09,7412,28556.0,32.85,2026-07-29
TIPSFILMS,EQ,29-Jul-2026,360.35,365.8,432.4,357.8,408.4,242528,1004.64,6778,55842.0,23.02,2026-07-29
TIPSMUSIC,EQ,29-Jul-2026,691.95,695.35,708.75,675.8,685.0,370392,2549.14,16597,85217.0,23.01,2026-07-29
TIRUMALCHM,EQ,29-Jul-2026,172.46,171.66,174.6,168.05,169.46,379931,646.13,4515,186713.0,49.14,2026-07-29
TIRUPATI,SM,29-Jul-2026,418.45,397.55,397.55,397.55,397.55,250,0.99,2,250.0,100.0,2026-07-29
TIRUPATIFL,BE,29-Jul-2026,73.34,73.99,75.5,72.0,72.67,208429,153.46,1271,,,2026-07-29
TITAGARH,EQ,29-Jul-2026,810.4,815.1,839.0,806.95,833.85,435078,3616.61,19124,117638.0,27.04,2026-07-29
TITAN,EQ,29-Jul-2026,4849.7,4849.7,4866.9,4823.2,4850.2,837059,40511.36,77934,567039.0,67.74,2026-07-29
TMB,EQ,29-Jul-2026,880.8,879.7,879.7,860.05,865.2,257127,2229.82,12711,102894.0,40.02,2026-07-29
TMCV,EQ,29-Jul-2026,416.7,418.55,423.35,410.15,411.4,4747795,19797.3,66464,1940455.0,40.87,2026-07-29
TMPV,EQ,29-Jul-2026,324.4,326.0,330.5,325.35,329.8,7220810,23741.01,72652,3837979.0,53.15,2026-07-29
TNIDETF,EQ,29-Jul-2026,87.62,85.87,89.34,85.87,89.2,278900,248.34,1148,207277.0,74.32,2026-07-29
TNPETRO,EQ,29-Jul-2026,93.88,94.13,95.75,93.5,94.12,38659,36.41,900,23329.0,60.35,2026-07-29
TNPL,EQ,29-Jul-2026,150.84,151.15,152.6,149.25,150.38,186120,280.1,2815,104029.0,55.89,2026-07-29
TNTELE,EQ,29-Jul-2026,9.2,9.75,9.75,8.61,8.88,35914,3.23,210,27169.0,75.65,2026-07-29
TOKYOPLAST,BE,29-Jul-2026,77.38,75.83,80.65,75.5,79.1,1348,1.04,31,,,2026-07-29
TOLINS,EQ,29-Jul-2026,102.3,102.71,103.82,102.27,103.02,12847,13.25,511,7350.0,57.21,2026-07-29
TOP100CASE,EQ,29-Jul-2026,10.51,10.72,10.72,10.51,10.61,528750,56.07,800,403034.0,76.22,2026-07-29
TOP10ADD,EQ,29-Jul-2026,87.31,87.98,89.13,87.98,88.88,237624,211.08,766,121651.0,51.19,2026-07-29
TOP15IETF,EQ,29-Jul-2026,9.82,9.92,9.98,9.92,9.95,148440,14.78,207,140656.0,94.76,2026-07-29
TOP20,EQ,29-Jul-2026,8.87,8.89,9.02,8.89,9.0,84524,7.59,121,71473.0,84.56,2026-07-29
TORNTPHARM,EQ,29-Jul-2026,4898.3,4881.5,4949.0,4857.2,4878.5,776537,37936.39,57810,504641.0,64.99,2026-07-29
TORNTPOWER,EQ,29-Jul-2026,1431.8,1438.0,1440.0,1428.0,1431.1,118024,1690.02,8576,72025.0,61.03,2026-07-29
TOTAL,EQ,29-Jul-2026,49.14,49.14,49.78,48.22,48.55,1945,0.95,50,1623.0,83.44,2026-07-29
TOUCHWOOD,EQ,29-Jul-2026,65.79,65.11,66.9,65.11,66.16,456,0.3,32,131.0,28.73,2026-07-29
TPHQ,EQ,29-Jul-2026,0.41,0.43,0.43,0.41,0.41,603816,2.51,262,422784.0,70.02,2026-07-29
TPLPLASTEH,EQ,29-Jul-2026,78.45,78.25,79.75,78.25,79.04,65252,51.54,1059,22003.0,33.72,2026-07-29
TRACXN,EQ,29-Jul-2026,29.6,29.58,30.2,29.55,29.95,118817,35.48,487,96336.0,81.08,2026-07-29
TRANSPEK,EQ,29-Jul-2026,1065.15,1093.05,1109.95,1040.0,1044.75,6440,69.21,1085,3862.0,59.97,2026-07-29
TRANSRAILL,EQ,29-Jul-2026,481.1,481.1,499.9,480.9,497.75,501741,2479.08,13351,247018.0,49.23,2026-07-29
TRANSTEEL,SM,29-Jul-2026,114.1,114.15,123.3,114.15,120.2,95000,113.26,58,87000.0,91.58,2026-07-29
TRANSWORLD,BE,29-Jul-2026,161.12,161.0,164.89,160.51,163.44,3177,5.18,57,,,2026-07-29
TRAVELFOOD,EQ,29-Jul-2026,1288.3,1300.4,1302.3,1282.6,1287.5,9626,124.18,1736,6402.0,66.51,2026-07-29
TREEHOUSE,EQ,29-Jul-2026,6.34,6.47,6.47,6.27,6.3,9364,0.6,63,8592.0,91.76,2026-07-29
TREJHARA,EQ,29-Jul-2026,137.26,140.99,140.99,135.23,136.82,12843,17.73,324,9155.0,71.28,2026-07-29
TREL,EQ,29-Jul-2026,23.96,24.0,24.65,23.83,24.41,97701,23.68,460,72531.0,74.24,2026-07-29
TRENT,EQ,29-Jul-2026,2930.7,2940.0,3010.1,2916.5,3005.2,1012733,30180.26,81426,516413.0,50.99,2026-07-29
TRF,EQ,29-Jul-2026,227.8,229.49,232.5,229.22,230.36,8624,19.88,321,5751.0,66.69,2026-07-29
TRIDENT,EQ,29-Jul-2026,24.78,24.85,25.03,24.78,24.86,2419654,602.86,8138,1203555.0,49.74,2026-07-29
TRIGYN,EQ,29-Jul-2026,53.89,52.92,54.99,52.92,53.5,41044,22.11,978,18903.0,46.06,2026-07-29
TRITURBINE,EQ,29-Jul-2026,609.35,612.3,621.2,606.0,615.9,764559,4705.75,14749,601443.0,78.67,2026-07-29
TRIVENI,BE,29-Jul-2026,228.75,229.0,239.0,229.0,233.85,319836,751.52,3555,,,2026-07-29
TROM,ST,29-Jul-2026,58.0,60.45,60.45,60.45,60.45,600,0.36,1,600.0,100.0,2026-07-29
TRU,EQ,29-Jul-2026,4.69,4.78,4.88,4.52,4.67,242347,11.35,459,171024.0,70.57,2026-07-29
TRUALT,EQ,29-Jul-2026,419.15,450.0,454.7,425.5,430.15,2996757,13172.24,68517,397921.0,13.28,2026-07-29
TRUST,SM,29-Jul-2026,28.25,28.55,29.25,27.35,27.55,10800,3.01,17,7800.0,72.22,2026-07-29
TSC,SM,29-Jul-2026,34.5,34.0,34.0,34.0,34.0,2000,0.68,1,2000.0,100.0,2026-07-29
TSFINV,EQ,29-Jul-2026,446.55,445.8,455.1,442.0,443.25,24788,110.57,2039,13119.0,52.92,2026-07-29
TTKHLTCARE,EQ,29-Jul-2026,1048.15,1045.25,1086.9,1036.15,1045.5,12912,137.07,1206,5389.0,41.74,2026-07-29
TTKPRESTIG,EQ,29-Jul-2026,702.25,693.75,704.2,673.55,677.15,1709371,11771.24,46225,230921.0,13.51,2026-07-29
TTL,EQ,29-Jul-2026,6.16,6.17,6.4,6.0,6.27,82742,5.11,205,57517.0,69.51,2026-07-29
TTML,EQ,29-Jul-2026,38.98,38.34,40.4,38.34,39.75,1686169,664.03,9981,609188.0,36.13,2026-07-29
TUNWAL,SM,29-Jul-2026,26.3,26.4,26.4,26.3,26.3,12000,3.16,6,10000.0,83.33,2026-07-29
TURTLEMINT,EQ,29-Jul-2026,121.84,123.51,123.51,116.86,117.73,810104,960.64,10850,371049.0,45.8,2026-07-29
TVSELECT,EQ,29-Jul-2026,484.25,484.35,496.45,484.35,490.1,16168,79.32,990,8835.0,54.64,2026-07-29
TVSHLTD,EQ,29-Jul-2026,14754.0,14890.0,15022.0,14657.0,14803.0,4722,699.54,1791,2715.0,57.5,2026-07-29
TVSMOTOR,EQ,29-Jul-2026,3993.5,4013.0,4085.0,3996.8,4075.6,1925276,78048.33,86197,1165751.0,60.55,2026-07-29
TVSSCS,EQ,29-Jul-2026,135.6,135.0,137.4,135.0,137.15,160174,218.94,3371,102056.0,63.72,2026-07-29
TVSSRICHAK,EQ,29-Jul-2026,3989.7,3975.3,4020.9,3922.1,3949.6,2648,104.78,644,1561.0,58.95,2026-07-29
TVTODAY,EQ,29-Jul-2026,115.97,115.32,117.27,115.32,115.98,14765,17.15,323,7891.0,53.44,2026-07-29
TVVISION,EQ,29-Jul-2026,4.69,4.7,4.76,4.46,4.75,11648,0.54,53,9890.0,84.91,2026-07-29
TWCGOLDETF,EQ,29-Jul-2026,140.88,141.58,141.58,140.5,141.16,6292,8.9,110,6022.0,95.71,2026-07-29
UBL,EQ,29-Jul-2026,1434.7,1440.7,1447.0,1428.0,1440.2,78738,1133.6,5152,39751.0,50.49,2026-07-29
UCAL,EQ,29-Jul-2026,116.47,116.47,117.59,116.31,117.01,3092,3.61,106,2058.0,66.56,2026-07-29
UCL,ST,29-Jul-2026,193.75,197.6,197.6,197.45,197.45,8000,15.8,4,8000.0,100.0,2026-07-29
UCOBANK,EQ,29-Jul-2026,26.67,26.7,26.8,26.45,26.51,4294029,1143.0,10340,1848047.0,43.04,2026-07-29
UDS,EQ,29-Jul-2026,207.97,209.37,209.37,198.16,200.21,298759,601.74,6453,144284.0,48.29,2026-07-29
UEL,EQ,29-Jul-2026,120.93,120.0,121.93,119.04,119.41,1466,1.76,103,888.0,60.57,2026-07-29
UFBL,EQ,29-Jul-2026,699.65,704.0,708.8,688.55,707.35,86644,610.78,2468,65845.0,75.99,2026-07-29
UFLEX,EQ,29-Jul-2026,472.0,479.35,483.1,468.15,478.75,78684,373.86,2667,31384.0,39.89,2026-07-29
UFO,EQ,29-Jul-2026,68.15,66.4,68.66,66.4,66.77,71624,48.22,1558,42014.0,58.66,2026-07-29
UGARSUGAR,EQ,29-Jul-2026,41.48,41.48,41.93,40.3,40.45,138951,56.57,1382,75281.0,54.18,2026-07-29
UGROCAP,EQ,29-Jul-2026,94.86,94.86,96.17,94.66,95.99,102036,97.71,912,74261.0,72.78,2026-07-29
UHTL,ST,29-Jul-2026,105.45,103.35,107.55,103.35,107.55,44000,46.52,16,44000.0,100.0,2026-07-29
UJJIVANSFB,EQ,29-Jul-2026,70.12,70.5,70.92,68.9,70.37,12337108,8633.95,37684,5141804.0,41.68,2026-07-29
ULTRACEMCO,EQ,29-Jul-2026,11956.0,12050.0,12090.0,11980.0,11998.0,282068,33876.81,27831,188935.0,66.98,2026-07-29
ULTRAMAR,EQ,29-Jul-2026,368.95,371.75,382.7,367.5,372.45,13741,51.5,715,8789.0,63.96,2026-07-29
UMAEXPORTS,BE,29-Jul-2026,19.59,19.96,20.17,19.59,20.07,7125,1.42,67,,,2026-07-29
UMESLTD,EQ,29-Jul-2026,5.52,5.75,5.75,5.5,5.62,4617,0.26,38,3362.0,72.82,2026-07-29
UMIYA-MRO,EQ,29-Jul-2026,90.06,90.06,90.06,87.5,90.05,2744,2.45,47,2568.0,93.59,2026-07-29
UNICHEMLAB,EQ,29-Jul-2026,533.55,533.55,544.0,530.0,533.25,38032,203.78,2609,12973.0,34.11,2026-07-29
UNIDT,BE,29-Jul-2026,220.92,228.0,228.0,220.0,221.88,6103,13.63,117,,,2026-07-29
UNIECOM,EQ,29-Jul-2026,85.06,85.1,85.94,84.0,85.0,178580,151.8,2264,99354.0,55.64,2026-07-29
UNIENTER,EQ,29-Jul-2026,96.62,96.62,97.9,94.25,95.08,17103,16.36,630,12543.0,73.34,2026-07-29
UNIHEALTH,SM,29-Jul-2026,721.8,722.0,755.0,667.0,734.95,60500,430.41,112,39500.0,65.29,2026-07-29
UNIINFO,BE,29-Jul-2026,12.35,12.35,12.35,11.74,12.3,3216,0.39,19,,,2026-07-29
UNILEX,SM,29-Jul-2026,25.5,26.8,26.8,26.0,26.0,9600,2.56,6,9600.0,100.0,2026-07-29
UNIMECH,EQ,29-Jul-2026,1180.8,1185.0,1200.0,1172.1,1191.2,40285,479.27,4037,20003.0,49.65,2026-07-29
UNIONBANK,EQ,29-Jul-2026,168.24,168.24,171.94,168.14,171.08,12582530,21487.89,50839,7174749.0,57.02,2026-07-29
UNIONGOLD,EQ,29-Jul-2026,138.15,138.55,138.55,137.95,137.95,2093,2.9,36,1105.0,52.8,2026-07-29
UNIPARTS,EQ,29-Jul-2026,689.3,694.1,731.45,688.0,725.05,399301,2873.93,14394,219394.0,54.94,2026-07-29
UNITDSPR,EQ,29-Jul-2026,1508.8,1511.2,1536.8,1493.9,1504.4,1826758,27587.35,49793,969557.0,53.08,2026-07-29
UNITECH,EQ,29-Jul-2026,4.21,4.2,4.31,4.18,4.28,3255901,138.13,1853,2256272.0,69.3,2026-07-29
UNITEDPOLY,BE,29-Jul-2026,30.24,30.84,30.84,29.2,30.49,53608,16.33,96,,,2026-07-29
UNITEDTEA,EQ,29-Jul-2026,472.9,483.0,483.0,467.6,472.45,967,4.56,84,758.0,78.39,2026-07-29
UNIVASTU,BE,29-Jul-2026,125.48,124.5,131.75,119.5,131.44,293340,373.74,1112,,,2026-07-29
UNIVCABLES,EQ,29-Jul-2026,1316.2,1316.2,1363.0,1307.8,1347.3,175736,2347.69,10614,93205.0,53.04,2026-07-29
UNIVPHOTO,BE,29-Jul-2026,471.6,479.95,479.95,454.0,468.35,682,3.17,26,,,2026-07-29
UNOMINDA,EQ,29-Jul-2026,1163.9,1165.0,1184.8,1156.6,1168.7,518536,6065.65,31957,178516.0,34.43,2026-07-29
UPL,EQ,29-Jul-2026,599.65,602.2,611.6,602.2,609.15,1140985,6938.5,23703,626639.0,54.92,2026-07-29
URAVIDEF,BE,29-Jul-2026,111.85,114.0,115.8,111.85,113.01,2415,2.76,91,,,2026-07-29
URBAN,SM,29-Jul-2026,132.75,135.0,135.95,131.6,132.45,24800,33.18,20,12800.0,51.61,2026-07-29
URBANCO,EQ,29-Jul-2026,130.3,130.5,132.0,129.35,131.25,1149290,1503.44,18100,569384.0,49.54,2026-07-29
URJA,EQ,29-Jul-2026,9.01,8.95,9.07,8.95,9.02,482776,43.59,1947,291884.0,60.46,2026-07-29
USHAFIN,SM,29-Jul-2026,35.1,35.1,35.1,33.65,33.65,3200,1.1,2,3200.0,100.0,2026-07-29
USHAMART,EQ,29-Jul-2026,512.3,515.0,520.0,508.35,511.35,650998,3348.67,16140,255141.0,39.19,2026-07-29
USK,EQ,29-Jul-2026,21.79,21.79,23.9,21.75,22.68,31207,7.08,203,24116.0,77.28,2026-07-29
UTIAMC,EQ,29-Jul-2026,900.25,902.05,918.5,900.0,915.05,107263,977.05,6217,56024.0,52.23,2026-07-29
UTKAL,SM,29-Jul-2026,42.25,44.35,44.35,44.35,44.35,30000,13.31,11,30000.0,100.0,2026-07-29
UTKARSHBNK,EQ,29-Jul-2026,14.27,14.27,14.51,14.23,14.45,2622194,376.06,6975,1358266.0,51.8,2026-07-29
UTLSOLAR,EQ,29-Jul-2026,382.55,382.6,384.4,360.65,368.6,320386,1177.99,14592,179616.0,56.06,2026-07-29
UTSSAV,ST,29-Jul-2026,514.95,506.0,531.0,490.0,510.0,34200,175.0,49,32400.0,94.74,2026-07-29
UTTAMSUGAR,EQ,29-Jul-2026,223.79,223.0,225.99,221.7,222.47,37037,82.94,938,22345.0,60.33,2026-07-29
UYFINCORP,EQ,29-Jul-2026,19.49,19.89,19.95,19.2,19.66,298245,58.43,1403,194180.0,65.11,2026-07-29
V2RETAIL,EQ,29-Jul-2026,221.87,222.0,223.59,220.0,222.05,420275,932.37,9601,201881.0,48.04,2026-07-29
VADILALIND,EQ,29-Jul-2026,6741.5,6745.0,7373.0,6745.0,7268.5,52041,3702.4,9377,25994.0,49.95,2026-07-29
VAIBHAVGBL,EQ,29-Jul-2026,271.2,270.7,274.86,265.1,266.6,378711,1019.03,9710,174996.0,46.21,2026-07-29
VAISHALI,EQ,29-Jul-2026,7.39,7.76,7.76,7.4,7.47,51985,3.88,165,45786.0,88.08,2026-07-29
VAKRANGEE,EQ,29-Jul-2026,6.05,6.1,6.16,5.97,6.09,758152,46.0,1414,369138.0,48.69,2026-07-29
VAL30IETF,EQ,29-Jul-2026,15.24,15.31,15.45,15.23,15.37,201136,30.87,338,143684.0,71.44,2026-07-29
VALIANTLAB,BE,29-Jul-2026,60.37,60.55,62.78,60.0,61.74,25556,15.45,105,,,2026-07-29
VALIANTORG,BE,29-Jul-2026,261.55,265.0,270.0,260.3,269.45,9882,26.42,151,,,2026-07-29
VALUE,EQ,29-Jul-2026,15.98,15.99,16.11,15.98,16.09,2812,0.45,42,1833.0,65.18,2026-07-29
VALUE360,SM,29-Jul-2026,79.45,79.5,79.5,74.05,75.6,13200,10.11,10,7200.0,54.55,2026-07-29
VALUEAXIS,EQ,29-Jul-2026,32.46,32.62,32.87,32.55,32.81,76060,24.87,253,38804.0,51.02,2026-07-29
VAML,EQ,29-Jul-2026,432.1,432.15,443.8,430.5,439.6,3493476,15324.75,47267,1880520.0,53.83,2026-07-29
VARDHACRLC,BE,29-Jul-2026,46.24,48.55,48.55,46.3,46.82,233176,111.17,694,,,2026-07-29
VARDMNPOLY,EQ,29-Jul-2026,6.09,6.05,6.23,5.95,5.99,259703,15.65,434,210722.0,81.14,2026-07-29
VARROC,EQ,29-Jul-2026,658.7,664.0,671.0,652.1,664.55,125863,833.44,10827,45634.0,36.26,2026-07-29
VASCONEQ,BE,29-Jul-2026,31.92,32.0,32.06,31.61,31.88,143904,45.86,688,,,2026-07-29
VASWANI,EQ,29-Jul-2026,52.51,51.7,53.47,51.42,52.09,12448,6.52,220,6930.0,55.67,2026-07-29
VBL,EQ,29-Jul-2026,430.0,439.05,448.8,433.5,447.2,13449496,59504.08,192018,6267358.0,46.6,2026-07-29
VCL,EQ,29-Jul-2026,0.99,1.02,1.02,0.97,0.98,303513,3.01,268,183015.0,60.3,2026-07-29
VDEAL,SM,29-Jul-2026,149.5,155.5,170.0,155.5,164.0,3000,4.88,5,2400.0,80.0,2026-07-29
VEDL,EQ,29-Jul-2026,259.35,260.15,265.5,260.1,264.5,4780075,12586.23,51164,2118901.0,44.33,2026-07-29
VEDPOWER,EQ,29-Jul-2026,35.66,36.0,36.26,34.7,35.32,16950302,5969.98,54231,7408977.0,43.71,2026-07-29
VEEDOL,EQ,29-Jul-2026,1391.0,1391.0,1400.0,1380.0,1385.3,9079,126.16,1442,5562.0,61.26,2026-07-29
VEEKAYEM,SM,29-Jul-2026,125.0,118.75,126.0,118.75,126.0,6000,7.16,9,4500.0,75.0,2026-07-29
VELJAN,BE,29-Jul-2026,1795.0,1878.9,1878.9,1781.0,1830.0,272,5.02,30,,,2026-07-29
VENKEYS,EQ,29-Jul-2026,1505.1,1509.1,1524.9,1501.0,1510.5,21867,330.83,2089,12428.0,56.83,2026-07-29
VENTIVE,EQ,29-Jul-2026,619.25,622.3,639.9,615.65,635.05,18222,114.67,903,11425.0,62.7,2026-07-29
VENUSPIPES,EQ,29-Jul-2026,1661.4,1680.0,1711.9,1675.3,1685.9,30996,524.51,3249,13479.0,43.49,2026-07-29
VENUSREM,BE,29-Jul-2026,1530.7,1528.0,1607.2,1471.1,1603.4,35889,557.85,1653,,,2026-07-29
VERANDA,EQ,29-Jul-2026,228.75,239.7,242.89,228.1,229.39,232550,545.96,4176,103168.0,44.36,2026-07-29
VERTEXPLUS,SM,29-Jul-2026,45.9,45.9,46.0,45.0,46.0,2400,1.1,3,2400.0,100.0,2026-07-29
VERTIS,IV,29-Jul-2026,113.0,112.0,113.0,112.0,112.8,450000,507.45,14,450000.0,100.0,2026-07-29
VERTOZ,BE,29-Jul-2026,35.06,35.0,36.0,34.2,35.79,30066,10.58,223,,,2026-07-29
VESUVIUS,EQ,29-Jul-2026,449.6,451.4,454.5,450.9,452.75,28610,129.51,1352,17094.0,59.75,2026-07-29
VETO,BE,29-Jul-2026,119.55,121.4,122.9,119.55,120.84,12444,15.14,151,,,2026-07-29
VGINFOTECH,SM,29-Jul-2026,148.2,148.4,155.0,148.05,154.45,23000,34.95,22,15000.0,65.22,2026-07-29
VGL,EQ,29-Jul-2026,61.11,62.0,62.0,60.61,61.07,10979,6.71,159,9196.0,83.76,2026-07-29
VGUARD,EQ,29-Jul-2026,292.25,293.95,316.8,292.6,301.95,8673721,26616.53,147288,2540231.0,29.29,2026-07-29
VHL,EQ,29-Jul-2026,3466.3,3466.5,3500.8,3454.2,3462.4,243,8.45,86,192.0,79.01,2026-07-29
VHLTD,BE,29-Jul-2026,132.01,134.89,134.89,127.05,133.28,2901,3.8,61,,,2026-07-29
VICTORYEV,ST,29-Jul-2026,16.5,16.5,16.5,16.5,16.5,3000,0.5,1,3000.0,100.0,2026-07-29
VIDHIING,EQ,29-Jul-2026,312.75,315.1,333.0,292.0,300.5,470287,1489.01,11087,134637.0,28.63,2026-07-29
VIDYAWIRES,EQ,29-Jul-2026,89.66,91.0,91.0,88.68,89.3,460900,413.47,4914,217329.0,47.15,2026-07-29
VIESL,SM,29-Jul-2026,305.2,306.4,313.5,300.0,301.65,34400,105.3,37,22400.0,65.12,2026-07-29
VIGOR,ST,29-Jul-2026,99.0,103.5,103.5,98.0,100.5,32000,31.92,19,32000.0,100.0,2026-07-29
VIJAYA,EQ,29-Jul-2026,1359.1,1354.0,1375.0,1351.1,1372.0,80746,1104.76,9529,44580.0,55.21,2026-07-29
VIJAYPD,SM,29-Jul-2026,63.5,64.25,65.0,64.25,65.0,4000,2.59,2,4000.0,100.0,2026-07-29
VIJIFIN,BE,29-Jul-2026,9.63,9.82,9.82,9.82,9.82,35489,3.49,37,,,2026-07-29
VIKASECO,EQ,29-Jul-2026,1.1,1.13,1.13,1.1,1.11,2054185,22.83,813,1144004.0,55.69,2026-07-29
VIKASLIFE,EQ,29-Jul-2026,1.28,1.28,1.31,1.28,1.29,1460375,18.9,7471,1055845.0,72.3,2026-07-29
VIKRAMSOLR,EQ,29-Jul-2026,177.31,178.05,183.0,178.0,181.62,2890644,5210.91,21860,1696263.0,58.68,2026-07-29
VIKRAN,EQ,29-Jul-2026,70.71,71.0,73.77,70.88,73.18,2346541,1706.21,10312,819399.0,34.92,2026-07-29
VILAS,SM,29-Jul-2026,347.85,345.0,363.5,345.0,357.0,12750,45.34,41,10750.0,84.31,2026-07-29
VIMTALABS,EQ,29-Jul-2026,601.95,603.0,611.8,595.5,599.05,198941,1198.63,8003,90756.0,45.62,2026-07-29
VINATIORGA,EQ,29-Jul-2026,1300.9,1308.7,1362.0,1270.5,1309.0,226678,2975.28,16651,63389.0,27.96,2026-07-29
VINCOFE,EQ,29-Jul-2026,164.02,166.4,166.4,150.33,155.13,5881289,9304.27,54370,1719395.0,29.24,2026-07-29
VINDHYATEL,EQ,29-Jul-2026,1868.0,1873.1,1898.0,1855.0,1885.2,9392,176.41,1349,4781.0,50.91,2026-07-29
VINEETLAB,BE,29-Jul-2026,38.92,38.92,40.0,37.46,39.21,74565,29.48,149,,,2026-07-29
VINNY,EQ,29-Jul-2026,1.07,1.07,1.08,1.05,1.06,483537,5.13,193,390364.0,80.73,2026-07-29
VINSYS,ST,29-Jul-2026,527.55,527.0,532.0,523.0,530.0,4250,22.45,16,4250.0,100.0,2026-07-29
VINYAS,SM,29-Jul-2026,1259.7,1284.9,1284.9,1203.1,1241.0,7300,90.32,62,4400.0,60.27,2026-07-29
VINYLINDIA,EQ,29-Jul-2026,241.95,242.9,248.0,242.0,246.05,8343,20.53,426,5276.0,63.24,2026-07-29
VIPCLOTHNG,BE,29-Jul-2026,21.91,21.99,21.99,21.12,21.21,67253,14.36,183,,,2026-07-29
VIPIND,EQ,29-Jul-2026,291.0,294.0,299.0,291.5,296.4,144131,425.29,3012,72970.0,50.63,2026-07-29
VIPULLTD,BE,29-Jul-2026,12.09,12.65,12.69,12.59,12.69,242183,30.7,259,,,2026-07-29
VIRINCHI,EQ,29-Jul-2026,15.48,15.41,15.82,15.32,15.57,63697,9.92,216,40425.0,63.46,2026-07-29
VISACHROME,BE,29-Jul-2026,37.85,37.5,38.05,37.0,37.99,6953,2.61,48,,,2026-07-29
VISAKAIND,EQ,29-Jul-2026,82.47,83.0,83.99,82.31,83.23,164129,136.36,1487,82640.0,50.35,2026-07-29
VISHNU,EQ,29-Jul-2026,620.3,620.5,625.0,616.1,617.45,62568,387.66,5034,37464.0,59.88,2026-07-29
VISHNUINFR,SM,29-Jul-2026,159.05,160.0,160.05,159.1,159.7,2500,4.0,4,2500.0,100.0,2026-07-29
VISHWARAJ,EQ,29-Jul-2026,5.21,5.21,5.33,5.21,5.26,100866,5.31,226,88645.0,87.88,2026-07-29
VISL,EQ,29-Jul-2026,29.51,29.89,30.98,29.25,30.78,24766856,7467.61,52815,10602360.0,42.81,2026-07-29
VITAL,BE,29-Jul-2026,46.0,46.0,46.0,46.0,46.0,1700,0.78,5,,,2026-07-29
VIVIANA,BE,29-Jul-2026,762.85,767.95,780.4,724.75,727.6,14643,108.22,398,,,2026-07-29
VIVIDEL,ST,29-Jul-2026,1254.0,1191.3,1191.3,1191.3,1191.3,23520,280.19,19,23520.0,100.0,2026-07-29
VIVIDHA,EQ,29-Jul-2026,0.51,0.51,0.52,0.51,0.51,123802,0.64,104,78788.0,63.64,2026-07-29
VIVIMEDLAB,BE,29-Jul-2026,5.2,5.2,5.4,4.94,5.29,105794,5.44,155,,,2026-07-29
VIVO,SM,29-Jul-2026,81.2,85.25,85.25,85.25,85.25,1600,1.36,1,1600.0,100.0,2026-07-29
VIYASH,EQ,29-Jul-2026,253.45,252.0,260.5,251.6,256.75,922575,2367.04,21358,471228.0,51.08,2026-07-29
VLEGOV,BE,29-Jul-2026,10.9,11.11,11.11,10.69,10.69,68818,7.45,173,,,2026-07-29
VLINFRA,ST,29-Jul-2026,26.2,27.5,27.5,26.05,27.4,6000,1.63,4,6000.0,100.0,2026-07-29
VLSFINANCE,EQ,29-Jul-2026,253.1,254.65,255.7,252.3,253.55,9592,24.37,233,6405.0,66.77,2026-07-29
VMARCIND,SM,29-Jul-2026,278.65,280.0,283.8,274.0,281.8,120000,333.99,70,79500.0,66.25,2026-07-29
VMART,EQ,29-Jul-2026,714.15,718.45,757.2,712.15,748.0,170102,1266.5,14899,68570.0,40.31,2026-07-29
VMM,EQ,29-Jul-2026,109.58,109.99,110.29,107.82,108.24,9891330,10734.51,40555,5831037.0,58.95,2026-07-29
VMOBILE,SM,29-Jul-2026,71.05,74.6,74.6,74.6,74.6,18400,13.73,18,18400.0,100.0,2026-07-29
VMSTMT,BE,29-Jul-2026,43.01,43.87,44.0,43.05,43.35,16566,7.24,135,,,2026-07-29
VOEPL,EQ,29-Jul-2026,479.0,485.0,503.55,480.95,491.2,90119,444.61,2794,43523.0,48.3,2026-07-29
VOGL,EQ,29-Jul-2026,34.18,34.21,35.48,33.71,35.07,23928089,8248.8,44269,9181423.0,38.37,2026-07-29
VOLERCAR,SM,29-Jul-2026,220.0,233.95,233.95,215.0,223.0,35200,78.37,29,14400.0,40.91,2026-07-29
VOLTAMP,EQ,29-Jul-2026,9290.0,9324.0,9385.0,9258.0,9319.0,40472,3777.36,14246,28667.0,70.83,2026-07-29
VOLTAS,EQ,29-Jul-2026,1311.1,1311.1,1321.7,1300.5,1313.3,322855,4236.21,15556,114266.0,35.39,2026-07-29
VPRPL,BE,29-Jul-2026,27.02,26.5,26.98,26.1,26.33,125918,33.31,826,,,2026-07-29
VR,SM,29-Jul-2026,113.4,119.05,119.05,119.05,119.05,800,0.95,2,800.0,100.0,2026-07-29
VRAJ,EQ,29-Jul-2026,125.98,125.55,128.0,125.55,126.76,10275,13.06,417,5249.0,51.09,2026-07-29
VRLLOG,EQ,29-Jul-2026,260.14,262.95,263.85,257.6,262.52,268051,700.84,4460,147806.0,55.14,2026-07-29
VSSL,EQ,29-Jul-2026,296.9,298.5,312.0,296.45,306.15,166083,504.53,3453,102251.0,61.57,2026-07-29
VSTIND,EQ,29-Jul-2026,229.25,218.0,225.0,215.0,220.0,1288670,2826.22,21186,388594.0,30.15,2026-07-29
VSTL,EQ,29-Jul-2026,111.26,111.26,112.6,109.26,110.45,6391,7.09,246,4465.0,69.86,2026-07-29
VSTTILLERS,EQ,29-Jul-2026,4389.2,4389.2,4443.3,4367.0,4378.8,5884,258.32,1362,4109.0,69.83,2026-07-29
VTL,EQ,29-Jul-2026,612.5,612.95,634.7,612.0,629.55,180184,1131.29,9725,99945.0,55.47,2026-07-29
WAAREEENER,EQ,29-Jul-2026,2694.3,2708.7,2751.2,2645.0,2736.2,1130793,30623.05,51399,307392.0,27.18,2026-07-29
WAAREEINDO,EQ,29-Jul-2026,318.9,315.05,324.5,307.0,310.95,119077,374.5,3655,74249.0,62.35,2026-07-29
WAAREERTL,EQ,29-Jul-2026,923.5,920.2,927.5,910.8,913.5,215091,1972.27,12751,103780.0,48.25,2026-07-29
WABAG,EQ,29-Jul-2026,1893.6,1904.7,1934.4,1869.2,1876.7,518756,9824.04,32380,222255.0,42.84,2026-07-29
WAKEFIT,EQ,29-Jul-2026,126.18,126.7,128.64,125.6,127.47,1329609,1693.06,9707,206116.0,15.5,2026-07-29
WALCHANNAG,EQ,29-Jul-2026,226.15,229.0,229.9,220.8,222.2,776589,1739.41,9040,373560.0,48.1,2026-07-29
WANBURY,EQ,29-Jul-2026,312.45,313.0,317.8,304.35,305.9,360716,1119.58,9545,199674.0,55.35,2026-07-29
WCIL,EQ,29-Jul-2026,89.43,89.6,90.48,89.2,89.71,33105,29.68,739,20568.0,62.13,2026-07-29
WEALTH,EQ,29-Jul-2026,969.1,993.5,993.5,941.1,946.15,2035,19.5,396,1224.0,60.15,2026-07-29
WEBELSOLAR,EQ,29-Jul-2026,99.46,100.0,100.35,97.98,98.65,1199682,1183.08,8795,771231.0,64.29,2026-07-29
WEIZMANIND,EQ,29-Jul-2026,77.37,77.5,79.8,77.0,77.19,2611,2.03,47,2507.0,96.02,2026-07-29
WEL,EQ,29-Jul-2026,110.6,110.4,117.0,109.3,116.29,456917,522.17,2547,173617.0,38.0,2026-07-29
WELCORP,EQ,29-Jul-2026,1643.1,1645.0,1700.0,1626.3,1697.0,1181435,19950.3,52535,635460.0,53.79,2026-07-29
WELENT,EQ,29-Jul-2026,594.35,596.85,601.35,590.0,593.15,69078,410.68,3141,42981.0,62.22,2026-07-29
WELINV,BE,29-Jul-2026,1895.2,1894.3,1894.3,1890.0,1890.0,23,0.44,3,,,2026-07-29
WELSPLSOL,EQ,29-Jul-2026,52.42,53.15,53.2,51.1,51.47,237059,123.2,1829,88276.0,37.24,2026-07-29
WELSPUNLIV,EQ,29-Jul-2026,160.23,160.69,163.0,159.8,162.3,729060,1180.17,10337,367735.0,50.44,2026-07-29
WENDT,EQ,29-Jul-2026,8299.5,8340.0,8379.5,8211.5,8229.0,6003,496.62,1734,3382.0,56.34,2026-07-29
WESTLIFE,EQ,29-Jul-2026,466.8,466.0,492.65,466.0,489.05,141425,685.94,13240,68051.0,48.12,2026-07-29
WEWIN,BE,29-Jul-2026,45.36,45.36,45.4,43.71,44.32,3245,1.44,47,,,2026-07-29
WEWORK,EQ,29-Jul-2026,710.1,709.0,715.0,693.55,705.55,133799,942.59,9609,57810.0,43.21,2026-07-29
WHEELS,EQ,29-Jul-2026,1417.1,1418.0,1445.6,1411.8,1434.5,68725,982.06,6453,31802.0,46.27,2026-07-29
WHIRLPOOL,EQ,29-Jul-2026,780.4,782.0,796.6,782.0,788.85,402362,3172.77,11442,317443.0,78.89,2026-07-29
WHITEFORCE,ST,29-Jul-2026,37.9,36.05,36.05,36.05,36.05,3200,1.15,2,3200.0,100.0,2026-07-29
WILLAMAGOR,EQ,29-Jul-2026,25.96,26.89,26.89,24.64,25.0,3182,0.84,46,2666.0,83.78,2026-07-29
WINDLAS,EQ,29-Jul-2026,849.0,847.0,870.0,841.15,858.55,26613,227.93,2139,13956.0,52.44,2026-07-29
WINDMACHIN,EQ,29-Jul-2026,276.85,277.6,285.0,275.45,282.9,145865,411.25,2127,103737.0,71.12,2026-07-29
WINSOL,SM,29-Jul-2026,109.4,113.0,114.0,112.0,113.3,4000,4.53,10,3200.0,80.0,2026-07-29
WINSOME,BZ,29-Jul-2026,2.43,2.47,2.47,2.47,2.47,19659,0.49,17,,,2026-07-29
WIPL,EQ,29-Jul-2026,169.0,171.0,171.0,166.7,167.0,5779,9.68,33,4382.0,75.83,2026-07-29
WIPRO,EQ,29-Jul-2026,181.12,183.0,185.76,181.45,183.61,26147867,48145.64,121817,13919409.0,53.23,2026-07-29
WOCKPHARMA,EQ,29-Jul-2026,1890.1,1901.8,1934.0,1893.1,1916.5,622248,11927.46,30302,241764.0,38.85,2026-07-29
WOL3D,ST,29-Jul-2026,131.0,131.0,131.25,126.55,126.55,8000,10.44,7,7000.0,87.5,2026-07-29
WOMANCART,SM,29-Jul-2026,101.55,101.0,102.55,101.0,102.0,2400,2.43,5,2000.0,83.33,2026-07-29
WONDERLA,EQ,29-Jul-2026,461.6,462.85,470.0,462.0,469.0,27440,127.99,2003,19413.0,70.75,2026-07-29
WORTHPERI,EQ,29-Jul-2026,142.94,144.99,148.0,144.5,145.16,12916,18.77,109,5082.0,39.35,2026-07-29
WPIL,EQ,29-Jul-2026,434.75,439.8,440.0,427.0,430.55,43451,188.32,3289,19283.0,44.38,2026-07-29
WSI,EQ,29-Jul-2026,62.68,62.95,63.9,60.25,61.2,164402,101.66,3497,50557.0,30.75,2026-07-29
WSTCSTPAPR,EQ,29-Jul-2026,570.3,570.0,582.0,566.3,570.3,96302,553.21,4343,53424.0,55.48,2026-07-29
WTICAB,SM,29-Jul-2026,113.0,115.5,116.0,112.0,112.25,17000,19.18,23,16000.0,94.12,2026-07-29
XCHANGING,EQ,29-Jul-2026,65.86,66.25,67.99,66.0,66.82,210548,141.5,2336,106422.0,50.55,2026-07-29
XELPMOC,EQ,29-Jul-2026,80.07,81.5,82.39,78.0,79.02,10692,8.46,344,8017.0,74.98,2026-07-29
XPROINDIA,EQ,29-Jul-2026,1378.0,1379.4,1392.0,1341.0,1365.0,9298,127.02,1318,4740.0,50.98,2026-07-29
XTGLOBAL,EQ,29-Jul-2026,31.28,31.28,32.35,31.0,31.45,286306,90.35,1018,100909.0,35.25,2026-07-29
YAAP,ST,29-Jul-2026,157.35,151.55,153.0,151.55,152.25,2000,3.05,2,2000.0,100.0,2026-07-29
YASHO,EQ,29-Jul-2026,3195.3,3273.0,3365.0,3092.3,3121.1,51030,1660.69,7462,20487.0,40.15,2026-07-29
YASHOPTICS,SM,29-Jul-2026,111.3,111.3,115.0,111.3,114.9,4800,5.47,6,4800.0,100.0,2026-07-29
YATHARTH,EQ,29-Jul-2026,833.95,838.05,844.8,830.2,832.9,105535,882.57,7413,57180.0,54.18,2026-07-29
YATRA,EQ,29-Jul-2026,107.34,107.95,109.48,107.31,108.15,366653,396.64,4764,153299.0,41.81,2026-07-29
YCCL,SM,29-Jul-2026,9.35,9.5,9.5,9.5,9.5,3000,0.29,1,3000.0,100.0,2026-07-29
YESBANK,EQ,29-Jul-2026,22.81,22.87,23.0,22.75,22.84,45390757,10379.49,54672,19603587.0,43.19,2026-07-29
YUDIZ,SM,29-Jul-2026,23.0,23.0,23.0,23.0,23.0,800,0.18,1,800.0,100.0,2026-07-29
YUKEN,EQ,29-Jul-2026,701.6,710.1,715.0,695.0,712.25,5402,37.94,365,3821.0,70.73,2026-07-29
ZAGGLE,EQ,29-Jul-2026,203.79,205.48,210.8,204.42,207.74,679216,1412.68,9389,322029.0,47.41,2026-07-29
ZEAL,SM,29-Jul-2026,61.0,61.0,63.0,60.5,61.0,4800,2.93,5,4200.0,87.5,2026-07-29
ZEEL,EQ,29-Jul-2026,107.57,108.01,108.58,106.26,108.13,10287458,11075.47,39176,3893797.0,37.85,2026-07-29
ZEELEARN,BE,29-Jul-2026,8.48,8.48,8.68,8.27,8.48,245242,21.01,293,,,2026-07-29
ZEEMEDIA,EQ,29-Jul-2026,7.92,7.86,7.99,7.58,7.65,1413437,109.63,1896,1081512.0,76.52,2026-07-29
ZENITHDRUG,SM,29-Jul-2026,49.25,48.35,48.35,47.25,47.9,7200,3.45,7,7200.0,100.0,2026-07-29
ZENITHEXPO,EQ,29-Jul-2026,199.86,197.01,208.87,196.46,196.46,8,0.02,6,3.0,37.5,2026-07-29
ZENITHSTL,EQ,29-Jul-2026,5.53,5.52,5.64,5.46,5.58,20886,1.16,144,17379.0,83.21,2026-07-29
ZENSARTECH,EQ,29-Jul-2026,524.65,529.9,553.1,529.0,534.95,4710563,25533.11,85313,1111922.0,23.6,2026-07-29
ZENTEC,EQ,29-Jul-2026,1640.6,1655.0,1658.4,1636.2,1646.1,219811,3619.29,13334,83776.0,38.11,2026-07-29
ZFCVINDIA,EQ,29-Jul-2026,2376.9,2400.0,2400.0,2350.5,2389.7,92133,2188.68,12770,46766.0,50.76,2026-07-29
ZFSTEERING,EQ,29-Jul-2026,673.7,688.0,696.95,676.3,679.0,1940,13.25,189,1089.0,56.13,2026-07-29
ZIMLAB,BE,29-Jul-2026,115.64,114.0,114.0,113.33,113.33,23197,26.3,62,,,2026-07-29
ZODIAC,BE,29-Jul-2026,244.65,245.85,248.9,242.0,242.1,7444,18.16,263,,,2026-07-29
ZODIACLOTH,EQ,29-Jul-2026,75.08,75.12,78.0,75.12,76.54,6776,5.18,153,4155.0,61.32,2026-07-29
ZOTA,EQ,29-Jul-2026,1274.9,1280.0,1283.9,1236.8,1242.6,27575,345.23,2202,16649.0,60.38,2026-07-29
ZSARACOM,EQ,29-Jul-2026,12180.0,12020.0,12300.0,12013.0,12238.5,9,1.09,8,6.0,66.67,2026-07-29
ZTECH,SM,29-Jul-2026,522.5,538.0,542.0,517.05,525.8,19800,104.24,48,15300.0,77.27,2026-07-29
ZUARI,EQ,29-Jul-2026,225.68,228.0,242.5,228.0,235.49,482720,1143.14,11120,145959.0,30.24,2026-07-29
ZUARIIND,EQ,29-Jul-2026,250.15,254.95,265.0,254.0,260.15,53699,139.74,1276,26798.0,49.9,2026-07-29
ZYDUSLIFE,EQ,29-Jul-2026,1099.2,1098.0,1130.0,1097.9,1122.7,1097337,12294.97,27811,571838.0,52.11,2026-07-29
ZYDUSWELL,EQ,29-Jul-2026,549.45,552.75,583.5,550.0,579.45,548547,3141.45,23926,176612.0,32.2,2026-07-29
